[{"id":"혼술아라","permalink":"","username":"asdfg","text":"양은 딱 혼술 하기 좋은 양이에요! 만족합니다 ㅎㅎ\n서비스로 받은 초밥도 맛있게 잘 먹었어요~!\n배달하시는 분이 엄청 친절하시더라구여 (배달이 엄청 쬐애끔 늦었어요 근데 땅이 얼어서 그런갑다 생각했슴다)","date":"Mon Dec 10 23:59:44 +0000 2018","retweets":"30","favorites":"20","mentions":[],"hashtags":[],"geo":"","raw":"양은 딱 혼술 하기 좋은 양이에요! 만족합니다 ㅎㅎ\n서비스로 받은 초밥도 맛있게 잘 먹었어요~!\n배달하시는 분이 엄청 친절하시더라구여 (배달이 엄청 쬐애끔 늦었어요 근데 땅이 얼어서 그런갑다 생각했슴다)","polarity":{"com":0.009977340188123582,"pos":0.5719778257857486,"neg":0.3311711586456981,"neut":0.021559968063847496,"none":0.06531370731658209},"intensity":{"high":0.0550654278784416,"low":0.1111807796319488,"meium":0.7681712679230107,"none":0.06558252456659891},"expressive":{"dir-action":0.0008064516248991936,"dir-explicit":0.290472271588691,"dir-speech":0.3507088881436614,"indirect":0.29191961971351005,"writing-device":0.0660927689292384}},{"id":"혼술아라","permalink":"","username":"asdfg","text":"딱 혼밥양, 맛은 굿","date":"Mon Dec 10 23:59:44 +0000 2018","retweets":"30","favorites":"20","mentions":[],"hashtags":[],"geo":"","raw":"딱 혼밥양, 맛은 굿","polarity":{"com":0,"pos":0.8333333333333334,"neg":0.16666666666666666,"neut":0,"none":0},"intensity":{"high":0,"low":0,"meium":1,"none":0},"expressive":{"dir-action":0,"dir-explicit":0.16666666666666666,"dir-speech":0.3333333333333333,"indirect":0.5,"writing-device":0}},{"id":"혼술아라","permalink":"","username":"asdfg","text":"처음에 배달 다와서 다른 번지수 찾아가셔서 전화주셔서 정정해드렸구요\n그리고 참이슬 클래식 주문했는데 후레쉬로와서... 전화드렸더니\n다른분이랑 헷갈린것 같기도 하고 요기요에서 전화를 잘못 받았다고도 하고\nㅎㅎㅠ 그래서 먹기 전 까지는 아쉬운 부분이 있어서 배달은 3점 드리구요\n회는 정말 맛있어요~~ 다른곳에서는 스끼다시로 못 받아본 국물도 오구요\n회 양은 한 종류당 8~9점 정도 다합해서 15~20점이니\n혼자 술한잔에 먹기 부족하지 않은 괜찮은 양인듯해요\n배달만 신경좀만써주시면 좋을듯해용^^ 번창하세요","date":"Mon Dec 10 23:59:44 +0000 2018","retweets":"30","favorites":"20","mentions":[],"hashtags":[],"geo":"","raw":"처음에 배달 다와서 다른 번지수 찾아가셔서 전화주셔서 정정해드렸구요\n그리고 참이슬 클래식 주문했는데 후레쉬로와서... 전화드렸더니\n다른분이랑 헷갈린것 같기도 하고 요기요에서 전화를 잘못 받았다고도 하고\nㅎㅎㅠ 그래서 먹기 전 까지는 아쉬운 부분이 있어서 배달은 3점 드리구요\n회는 정말 맛있어요~~ 다른곳에서는 스끼다시로 못 받아본 국물도 오구요\n회 양은 한 종류당 8~9점 정도 다합해서 15~20점이니\n혼자 술한잔에 먹기 부족하지 않은 괜찮은 양인듯해요\n배달만 신경좀만써주시면 좋을듯해용^^ 번창하세요","polarity":{"com":0.03560350729268293,"pos":0.49275273558536575,"neg":0.2854942709268293,"neut":0.10184786951219513,"none":0.08430161668292682},"intensity":{"high":0.07893692495699539,"low":0.08881089812844961,"meium":0.7478456559327691,"none":0.08440652098178586},"expressive":{"dir-action":0.00031471282925294087,"dir-explicit":0.2187415002332321,"dir-speech":0.48610209231775103,"indirect":0.20820550435569732,"writing-device":0.08663619026406653}},{"id":"혼술아라","permalink":"","username":"asdfg","text":"매운탕이랑 회랑 기본 반찬들 모두 정말 맛있어요! 양에 너무 많은 기대를 했었는지 처음 받아서 열어봤을때 조금 실망한 감이 없잖아 있지만 그래도 한 점 먹으니 다 잊을 수 있었습니다ㅎㅎ","date":"Mon Dec 10 23:59:44 +0000 2018","retweets":"30","favorites":"20","mentions":[],"hashtags":[],"geo":"","raw":"매운탕이랑 회랑 기본 반찬들 모두 정말 맛있어요! 양에 너무 많은 기대를 했었는지 처음 받아서 열어봤을때 조금 실망한 감이 없잖아 있지만 그래도 한 점 먹으니 다 잊을 수 있었습니다ㅎㅎ","polarity":{"com":0.014477981570394429,"pos":0.5261571963195601,"neg":0.25952308426717685,"neut":0.0616085914241708,"none":0.1382331464186976},"intensity":{"high":0.12216688276826189,"low":0.049384288850087964,"meium":0.6882058573302562,"none":0.14024297105139388},"expressive":{"dir-action":0.0012818475714285714,"dir-explicit":0.3424939267857142,"dir-speech":0.3492453583571428,"indirect":0.16628266671428574,"writing-device":0.14069620057142856}}]