[{"id":"연어앤이자카야","permalink":"","username":"asdfg","text":"잘먹었습니다. 배달치고 좋은편","date":"Mon Dec 10 23:59:44 +0000 2018","retweets":"30","favorites":"20","mentions":[],"hashtags":[],"geo":"","raw":"잘먹었습니다. 배달치고 좋은편","polarity":{"com":0,"pos":0.8252380954563096,"neg":0.06357142851589287,"neut":0.10119047602529764,"none":0.010000000002500002},"intensity":{"high":0.05,"low":0.14690476175,"meium":0.79309523825,"none":0.01},"expressive":{"dir-action":0,"dir-explicit":0.37023809525,"dir-speech":0.33571428575000006,"indirect":0.28404761900000003,"writing-device":0.010000000000000002}},{"id":"연어앤이자카야","permalink":"","username":"asdfg","text":"배달음식 기준으로 퀄리티가 좋았습니다 가격대비 양이 많지는 않았지만 만족합니다","date":"Mon Dec 10 23:59:44 +0000 2018","retweets":"30","favorites":"20","mentions":[],"hashtags":[],"geo":"","raw":"배달음식 기준으로 퀄리티가 좋았습니다 가격대비 양이 많지는 않았지만 만족합니다","polarity":{"com":0.0025510204289358597,"pos":0.46116780049445255,"neg":0.49603174607086165,"neut":0.02508503400358357,"none":0.01516439900216634},"intensity":{"high":0.027494331142857147,"low":0.15646258500000002,"meium":0.7996031745714286,"none":0.016439909285714285},"expressive":{"dir-action":0,"dir-explicit":0.4691043084285714,"dir-speech":0.318452381,"indirect":0.19501133785714284,"writing-device":0.017431972714285714}},{"id":"연어앤이자카야","permalink":"","username":"asdfg","text":"전화로 시켜보고 배달로 시켜보고 먹어봤지만\n한번도 이 집에 시키지않은 사람이 있다면,\n한번만 시켜본 사람은 없다 생각합니다.\n두툼하게 썰린 두께, 신선함. 환희에 찰 맛.\n기다리는게 오래걸릴수 있습니다. 그만큼 정성을 들이는것이고 맛보았을때 힘들었던 기다림도 잊어지는 맛이더군요.\n리뷰를 쓸까 고민했었으나 오랜만에 주문해 맛봤는데 변치않는 맛이라 꼭 마음속에 담아둔 개인적 리뷰를 남깁니다.\n번창하십시오.","date":"Mon Dec 10 23:59:44 +0000 2018","retweets":"30","favorites":"20","mentions":[],"hashtags":[],"geo":"","raw":"전화로 시켜보고 배달로 시켜보고 먹어봤지만\n한번도 이 집에 시키지않은 사람이 있다면,\n한번만 시켜본 사람은 없다 생각합니다.\n두툼하게 썰린 두께, 신선함. 환희에 찰 맛.\n기다리는게 오래걸릴수 있습니다. 그만큼 정성을 들이는것이고 맛보았을때 힘들었던 기다림도 잊어지는 맛이더군요.\n리뷰를 쓸까 고민했었으나 오랜만에 주문해 맛봤는데 변치않는 맛이라 꼭 마음속에 담아둔 개인적 리뷰를 남깁니다.\n번창하십시오.","polarity":{"com":0.011995051377405808,"pos":0.5385790638752502,"neg":0.30573500638061607,"neut":0.055503319292797025,"none":0.08818755907393075},"intensity":{"high":0.10390732464584033,"low":0.08603638586253956,"meium":0.7216713228723872,"none":0.08838496661923285},"expressive":{"dir-action":0.0011800026486805408,"dir-explicit":0.18126378330219634,"dir-speech":0.4157097066598841,"indirect":0.31110491279219205,"writing-device":0.0907415945970471}},{"id":"연어앤이자카야","permalink":"","username":"asdfg","text":"배달도 빠르고 연어도 너무 맛있어요!! 집에서 신선한 연어를 먹을 수 있어요 좋아요!! 다음에 또 시켜야겠어요","date":"Mon Dec 10 23:59:44 +0000 2018","retweets":"30","favorites":"20","mentions":[],"hashtags":[],"geo":"","raw":"배달도 빠르고 연어도 너무 맛있어요!! 집에서 신선한 연어를 먹을 수 있어요 좋아요!! 다음에 또 시켜야겠어요","polarity":{"com":0.006886624363636364,"pos":0.4744884821818181,"neg":0.360726608,"neut":0.009870127363636363,"none":0.14802815809090908},"intensity":{"high":0.05824811081818181,"low":0.07964141572727272,"meium":0.7138093150909091,"none":0.14830115836363633},"expressive":{"dir-action":0.0014310779087006152,"dir-explicit":0.15628377568464988,"dir-speech":0.48735839813981136,"indirect":0.1937088888562612,"writing-device":0.16121785941057695}},{"id":"연어앤이자카야","permalink":"","username":"asdfg","text":"너무맛있어서 삼일전부터 다시 주문하려했는데 서비스준비중이래료.. 무슨 일있으신가요........너무먹고싳어요","date":"Mon Dec 10 23:59:44 +0000 2018","retweets":"30","favorites":"20","mentions":[],"hashtags":[],"geo":"","raw":"너무맛있어서 삼일전부터 다시 주문하려했는데 서비스준비중이래료.. 무슨 일있으신가요........너무먹고싳어요","polarity":{"com":0.03616577211111111,"pos":0.4482662981111111,"neg":0.2922207803333333,"neut":0.13206119677777778,"none":0.09128595266666667},"intensity":{"high":0.08088241787990197,"low":0.32390942907512127,"meium":0.5024061124997327,"none":0.09280204054524424},"expressive":{"dir-action":0.001993985111332664,"dir-explicit":0.2915230620323914,"dir-speech":0.39253572459917063,"indirect":0.2188298580243144,"writing-device":0.09511737023279081}},{"id":"연어앤이자카야","permalink":"","username":"asdfg","text":"맛잇어욤~~~!!!","date":"Mon Dec 10 23:59:44 +0000 2018","retweets":"30","favorites":"20","mentions":[],"hashtags":[],"geo":"","raw":"맛잇어욤~~~!!!","polarity":{"com":0,"pos":1,"neg":0,"neut":0,"none":0},"intensity":{"high":0,"low":0,"meium":1,"none":0},"expressive":{"dir-action":0,"dir-explicit":0,"dir-speech":1,"indirect":0,"writing-device":0}},{"id":"연어앤이자카야","permalink":"","username":"asdfg","text":"맛 있 어 요 포장도좋음","date":"Mon Dec 10 23:59:44 +0000 2018","retweets":"30","favorites":"20","mentions":[],"hashtags":[],"geo":"","raw":"맛 있 어 요 포장도좋음","polarity":{"com":0,"pos":0.6816666666666666,"neg":0.305,"neut":0,"none":0.013333333333333334},"intensity":{"high":0.06666666666666667,"low":0.09666666666666666,"meium":0.8233333333333333,"none":0.013333333333333334},"expressive":{"dir-action":0,"dir-explicit":0.3666666666666667,"dir-speech":0.39999999999999997,"indirect":0.22,"writing-device":0.013333333333333334}},{"id":"연어앤이자카야","permalink":"","username":"asdfg","text":"예쁘게 포장되어 와서 기분이 좋아 더 맛있게 느껴져요 :) 잘 먹었습니다~!","date":"Mon Dec 10 23:59:44 +0000 2018","retweets":"30","favorites":"20","mentions":[],"hashtags":[],"geo":"","raw":"예쁘게 포장되어 와서 기분이 좋아 더 맛있게 느껴져요 :) 잘 먹었습니다~!","polarity":{"com":0,"pos":0.40698757768139754,"neg":0.35263975147052795,"neut":0.2316770186463354,"none":0.00869565220173913},"intensity":{"high":0.1347826086,"low":0.1102484472,"meium":0.746273292,"none":0.008695652199999999},"expressive":{"dir-action":0,"dir-explicit":0.33850931680000007,"dir-speech":0.28944099380000005,"indirect":0.36335403720000004,"writing-device":0.0086956522}},{"id":"연어앤이자카야","permalink":"","username":"asdfg","text":"정말 맛있습니다 추천각","date":"Mon Dec 10 23:59:44 +0000 2018","retweets":"30","favorites":"20","mentions":[],"hashtags":[],"geo":"","raw":"정말 맛있습니다 추천각","polarity":{"com":0,"pos":0.7083333334999999,"neg":0,"neut":0.1666666665,"none":0.125},"intensity":{"high":0.4166666665,"low":0,"meium":0.4583333335,"none":0.125},"expressive":{"dir-action":0,"dir-explicit":0.4166666665,"dir-speech":0.125,"indirect":0.3333333335,"writing-device":0.125}},{"id":"연어앤이자카야","permalink":"","username":"asdfg","text":"정말 맛있습니다 강츄","date":"Mon Dec 10 23:59:44 +0000 2018","retweets":"30","favorites":"20","mentions":[],"hashtags":[],"geo":"","raw":"정말 맛있습니다 강츄","polarity":{"com":0,"pos":0.75,"neg":0,"neut":0,"none":0.25},"intensity":{"high":0.5,"low":0,"meium":0.25,"none":0.25},"expressive":{"dir-action":0,"dir-explicit":0.5,"dir-speech":0.25,"indirect":0,"writing-device":0.25}},{"id":"연어앤이자카야","permalink":"","username":"asdfg","text":"맛있게 잘 먹었어요","date":"Mon Dec 10 23:59:44 +0000 2018","retweets":"30","favorites":"20","mentions":[],"hashtags":[],"geo":"","raw":"맛있게 잘 먹었어요","polarity":{"com":0,"pos":0.35714285717857136,"neg":0.6071428573035714,"neut":0.03571428551785714,"none":0},"intensity":{"high":0,"low":0.107142857,"meium":0.8928571430000001,"none":0},"expressive":{"dir-action":0,"dir-explicit":0.107142857,"dir-speech":0.5714285715,"indirect":0.3214285715,"writing-device":0}},{"id":"연어앤이자카야","permalink":"","username":"asdfg","text":"맛있게잘먹었습니다 ㅎㅎ","date":"Mon Dec 10 23:59:44 +0000 2018","retweets":"30","favorites":"20","mentions":[],"hashtags":[],"geo":"","raw":"맛있게잘먹었습니다 ㅎㅎ","polarity":{"com":0,"pos":0.35714285717857136,"neg":0.6071428573035714,"neut":0.03571428551785714,"none":0},"intensity":{"high":0,"low":0.107142857,"meium":0.8928571430000001,"none":0},"expressive":{"dir-action":0,"dir-explicit":0.107142857,"dir-speech":0.5714285715,"indirect":0.3214285715,"writing-device":0}},{"id":"연어앤이자카야","permalink":"","username":"asdfg","text":"맛나게 잘 먹었어여!","date":"Mon Dec 10 23:59:44 +0000 2018","retweets":"30","favorites":"20","mentions":[],"hashtags":[],"geo":"","raw":"맛나게 잘 먹었어여!","polarity":{"com":0,"pos":0.7142857147142857,"neg":0.21428571421428572,"neut":0.07142857107142857,"none":0},"intensity":{"high":0,"low":0.214285714,"meium":0.785714286,"none":0},"expressive":{"dir-action":0,"dir-explicit":0.214285714,"dir-speech":0.142857143,"indirect":0.642857143,"writing-device":0}},{"id":"연어앤이자카야","permalink":"","username":"asdfg","text":"맛있어요~~\n첫 구매라 사케동  먼저시켜봤는데\n다음엔 연어회로  먹어야겠어요~~///\n\n집에 사케있어서 오코노미랑 시켜서 잘먹었어요.","date":"Mon Dec 10 23:59:44 +0000 2018","retweets":"30","favorites":"20","mentions":[],"hashtags":[],"geo":"","raw":"맛있어요~~\n첫 구매라 사케동  먼저시켜봤는데\n다음엔 연어회로  먹어야겠어요~~///\n\n집에 사케있어서 오코노미랑 시켜서 잘먹었어요.","polarity":{"com":0,"pos":0.17019400348226532,"neg":0.8024691359561043,"neut":0.01851851844855967,"none":0.008818342113070744},"intensity":{"high":0.114638448,"low":0.06878306877777778,"meium":0.807760141111111,"none":0.008818342111111111},"expressive":{"dir-action":0,"dir-explicit":0.04144620811111112,"dir-speech":0.5343915344444444,"indirect":0.413580246888889,"writing-device":0.010582010555555557}},{"id":"연어앤이자카야","permalink":"","username":"asdfg","text":"맛 음식 다좋은데 시키기전에 리뷰에 이런 글이 보이더군요 이글땜에 시킬까 말까 망설였거든요\n사장님 속사정까진 알수없습니다만 그래도 고객인데 생각좀 하라니요..점주로써 좋은 태도같진 않습니다","date":"Mon Dec 10 23:59:44 +0000 2018","retweets":"30","favorites":"20","mentions":[],"hashtags":[],"geo":"","raw":"맛 음식 다좋은데 시키기전에 리뷰에 이런 글이 보이더군요 이글땜에 시킬까 말까 망설였거든요\n사장님 속사정까진 알수없습니다만 그래도 고객인데 생각좀 하라니요..점주로써 좋은 태도같진 않습니다","polarity":{"com":0.010505050533333334,"pos":0.49858167280000004,"neg":0.3156523555333334,"neut":0.0421819722,"none":0.13307894893333333},"intensity":{"high":0.25697181826666665,"low":0.06881689279999999,"meium":0.54113234,"none":0.13307894893333336},"expressive":{"dir-action":0.06666666665777778,"dir-explicit":0.2543707811660839,"dir-speech":0.3787687062828308,"indirect":0.1511503288465133,"writing-device":0.14904351704679422}},{"id":"연어앤이자카야","permalink":"","username":"asdfg","text":"배송도 빠르게 오고 굿굿 맛있어요\nㅎㅎㅎ","date":"Mon Dec 10 23:59:44 +0000 2018","retweets":"30","favorites":"20","mentions":[],"hashtags":[],"geo":"","raw":"배송도 빠르게 오고 굿굿 맛있어요\nㅎㅎㅎ","polarity":{"com":0.00178571425,"pos":0.42857142849999996,"neg":0.33214285725000003,"neut":0.1285714285,"none":0.1089285715},"intensity":{"high":0.03571428575,"low":0.0285714285,"meium":0.82678571425,"none":0.1089285715},"expressive":{"dir-action":0,"dir-explicit":0.046428571488392856,"dir-speech":0.4499999998875,"indirect":0.3964285714008928,"writing-device":0.10714285722321429}},{"id":"연어앤이자카야","permalink":"","username":"asdfg","text":"회사 퇴근하고 자기전에 영화보면서 한잔하는 그 맛 최고입니다!","date":"Mon Dec 10 23:59:44 +0000 2018","retweets":"30","favorites":"20","mentions":[],"hashtags":[],"geo":"","raw":"회사 퇴근하고 자기전에 영화보면서 한잔하는 그 맛 최고입니다!","polarity":{"com":0.02308364214285714,"pos":0.4311255684285714,"neg":0.24045058885714282,"neut":0.2656064577142857,"none":0.03973374285714285},"intensity":{"high":0.07243155315320451,"low":0.24485105860640724,"meium":0.64236920594891,"none":0.04034818229147832},"expressive":{"dir-action":0.001843318,"dir-explicit":0.14946537771428572,"dir-speech":0.5559802415714286,"indirect":0.25017619942857144,"writing-device":0.042534863285714285}},{"id":"연어앤이자카야","permalink":"","username":"asdfg","text":"언제시켜먹어도 신선하고 질좋은 연어회와 맛있는 음식 항상 맛있게먹습니다!!","date":"Mon Dec 10 23:59:44 +0000 2018","retweets":"30","favorites":"20","mentions":[],"hashtags":[],"geo":"","raw":"언제시켜먹어도 신선하고 질좋은 연어회와 맛있는 음식 항상 맛있게먹습니다!!","polarity":{"com":0.0032258064999999996,"pos":0.5304659496666667,"neg":0.44767025099999996,"neut":0.013978494666666667,"none":0.004659498166666667},"intensity":{"high":0.22700119466666668,"low":0.09342891266666666,"meium":0.6745519715,"none":0.005017921166666666},"expressive":{"dir-action":0.0010752688333333334,"dir-explicit":0.20973715650000002,"dir-speech":0.558363202,"indirect":0.2261648745,"writing-device":0.004659498166666667}},{"id":"연어앤이자카야","permalink":"","username":"asdfg","text":"맛있어요~ 집에서 연어회먹기는 좀 부담되서 사케동으로 주문했는데, 맛있네요\n예상보다 더 빨리 배달도착해서 놀랬어요","date":"Mon Dec 10 23:59:44 +0000 2018","retweets":"30","favorites":"20","mentions":[],"hashtags":[],"geo":"","raw":"맛있어요~ 집에서 연어회먹기는 좀 부담되서 사케동으로 주문했는데, 맛있네요\n예상보다 더 빨리 배달도착해서 놀랬어요","polarity":{"com":0.0005952380833829365,"pos":0.35542328036295195,"neg":0.5919312170493276,"neut":0.009126984084093917,"none":0.04292328042024361},"intensity":{"high":0.12797619050000003,"low":0.07843915341666668,"meium":0.7506613756666667,"none":0.04292328041666668},"expressive":{"dir-action":0,"dir-explicit":0.20972222223252315,"dir-speech":0.39537037038371914,"indirect":0.35125661372072864,"writing-device":0.043650793663029104}},{"id":"연어앤이자카야","permalink":"","username":"asdfg","text":"두번째 구매도 만족입니다^~\n오늘도 먹다가 사진 남겨요\n먹느라 정신없었거든요ㅋㅋ","date":"Mon Dec 10 23:59:44 +0000 2018","retweets":"30","favorites":"20","mentions":[],"hashtags":[],"geo":"","raw":"두번째 구매도 만족입니다^~\n오늘도 먹다가 사진 남겨요\n먹느라 정신없었거든요ㅋㅋ","polarity":{"com":0.0074323062,"pos":0.4295051352,"neg":0.3203174606,"neut":0.0240149392,"none":0.2187301588},"intensity":{"high":0.10485527542097105,"low":0.10649859922129971,"meium":0.5699159665139831,"none":0.21873015884374603},"expressive":{"dir-action":0,"dir-explicit":0.2023902895190439,"dir-speech":0.3160784312735686,"indirect":0.2617366946953053,"writing-device":0.21979458451208217}},{"id":"연어앤이자카야","permalink":"","username":"asdfg","text":"진짜 맛있네요~~~~~","date":"Mon Dec 10 23:59:44 +0000 2018","retweets":"30","favorites":"20","mentions":[],"hashtags":[],"geo":"","raw":"진짜 맛있네요~~~~~","polarity":{"com":0,"pos":0,"neg":1,"neut":0,"none":0},"intensity":{"high":0,"low":0,"meium":1,"none":0},"expressive":{"dir-action":0,"dir-explicit":0,"dir-speech":1,"indirect":0,"writing-device":0}},{"id":"연어앤이자카야","permalink":"","username":"asdfg","text":"애들이 다 잘 먹네요~","date":"Mon Dec 10 23:59:44 +0000 2018","retweets":"30","favorites":"20","mentions":[],"hashtags":[],"geo":"","raw":"애들이 다 잘 먹네요~","polarity":{"com":0,"pos":0.3333333333333333,"neg":0.5555555556666666,"neut":0,"none":0.111111111},"intensity":{"high":0.037037037,"low":0.074074074,"meium":0.7777777779999999,"none":0.111111111},"expressive":{"dir-action":0,"dir-explicit":0.18518518506172837,"dir-speech":0.3703703704567901,"indirect":0.3333333334444444,"writing-device":0.11111111103703702}},{"id":"연어앤이자카야","permalink":"","username":"asdfg","text":"초밥용 밥까지 오는 거 너무 좋아요! 오꼬노미야끼도 맛있고 연어도 질 좋네요ㅎㅎ","date":"Mon Dec 10 23:59:44 +0000 2018","retweets":"30","favorites":"20","mentions":[],"hashtags":[],"geo":"","raw":"초밥용 밥까지 오는 거 너무 좋아요! 오꼬노미야끼도 맛있고 연어도 질 좋네요ㅎㅎ","polarity":{"com":0.0020408162857142855,"pos":0.49291280142857136,"neg":0.26764378485714285,"neut":0.004081632571428571,"none":0.23332096485714285},"intensity":{"high":0.11743970315963426,"low":0.19343228188477604,"meium":0.4493135436356162,"none":0.23981447131997352},"expressive":{"dir-action":0,"dir-explicit":0.23747680896607476,"dir-speech":0.23376623368089053,"indirect":0.21955473096863498,"writing-device":0.30920222638439965}},{"id":"연어앤이자카야","permalink":"","username":"asdfg","text":"맛은 보통이었어요 포장이 무척좋았습니다","date":"Mon Dec 10 23:59:44 +0000 2018","retweets":"30","favorites":"20","mentions":[],"hashtags":[],"geo":"","raw":"맛은 보통이었어요 포장이 무척좋았습니다","polarity":{"com":0.00571895425,"pos":0.37765522875,"neg":0.5381944445,"neut":0.022875817,"none":0.0555555555},"intensity":{"high":0.15686274503921566,"low":0.08292483652073121,"meium":0.7046568629261643,"none":0.05555555551388888},"expressive":{"dir-action":0,"dir-explicit":0.2295751635,"dir-speech":0.30065359475,"indirect":0.4093137255,"writing-device":0.06045751625}},{"id":"연어앤이자카야","permalink":"","username":"asdfg","text":"배고파서 너무 허겁지겁 먹었는데\n포장도 맛도 매우 만족^^\n너무 여러모로 센스있으세요~\n먹다가 후기 꼭써야 생각들어 후기씁니다 매장 어딘지 궁금하네요 매장가서 먹고싶어요ㅋㅋ","date":"Mon Dec 10 23:59:44 +0000 2018","retweets":"30","favorites":"20","mentions":[],"hashtags":[],"geo":"","raw":"배고파서 너무 허겁지겁 먹었는데\n포장도 맛도 매우 만족^^\n너무 여러모로 센스있으세요~\n먹다가 후기 꼭써야 생각들어 후기씁니다 매장 어딘지 궁금하네요 매장가서 먹고싶어요ㅋㅋ","polarity":{"com":0.022124164999999998,"pos":0.49165538449999996,"neg":0.4115280632857143,"neut":0.039697164714285714,"none":0.0349952225},"intensity":{"high":0.1427366605714286,"low":0.12922802207142856,"meium":0.6928255946428573,"none":0.03520972271428571},"expressive":{"dir-action":0.006708006714764857,"dir-explicit":0.24436275316031164,"dir-speech":0.4392967875313784,"indirect":0.2744227298767445,"writing-device":0.035209722716800694}},{"id":"연어앤이자카야","permalink":"","username":"asdfg","text":"사장님 연어 마시써여 ㅠㅜ","date":"Mon Dec 10 23:59:44 +0000 2018","retweets":"30","favorites":"20","mentions":[],"hashtags":[],"geo":"","raw":"사장님 연어 마시써여 ㅠㅜ","polarity":{"com":0,"pos":0,"neg":0,"neut":1,"none":0},"intensity":{"high":0,"low":0,"meium":0,"none":1},"expressive":{"dir-action":0,"dir-explicit":1,"dir-speech":0,"indirect":0,"writing-device":0}},{"id":"연어앤이자카야","permalink":"","username":"asdfg","text":"처음 시켜보는데 정말 맛있어요♡♡\n양도 적당하고요ㅎㅎ\n다음에도 시켜먹을거에욧!!","date":"Mon Dec 10 23:59:44 +0000 2018","retweets":"30","favorites":"20","mentions":[],"hashtags":[],"geo":"","raw":"처음 시켜보는데 정말 맛있어요♡♡\n양도 적당하고요ㅎㅎ\n다음에도 시켜먹을거에욧!!","polarity":{"com":0.021428571425510207,"pos":0.38945578223007776,"neg":0.46870748307589893,"neut":0.0020408162854227405,"none":0.11836734698309039},"intensity":{"high":0.10770975057142858,"low":0.048072562285714285,"meium":0.7258503401428572,"none":0.11836734699999998},"expressive":{"dir-action":0,"dir-explicit":0.17052154195127955,"dir-speech":0.46519274372423064,"indirect":0.17551020409271137,"writing-device":0.1887755102317784}},{"id":"연어앤이자카야","permalink":"","username":"asdfg","text":"포장도 깔끔하게 오고 아주 짱짱맛이었습니다!","date":"Mon Dec 10 23:59:44 +0000 2018","retweets":"30","favorites":"20","mentions":[],"hashtags":[],"geo":"","raw":"포장도 깔끔하게 오고 아주 짱짱맛이었습니다!","polarity":{"com":0.0048048048000000005,"pos":0.5975225226,"neg":0.2862612612,"neut":0.10660660660000001,"none":0.0048048048000000005},"intensity":{"high":0.07282282279999999,"low":0.0668168168,"meium":0.854954955,"none":0.0054054053999999995},"expressive":{"dir-action":0.0006006006000000002,"dir-explicit":0.16246246240000004,"dir-speech":0.36801801800000006,"indirect":0.46351351360000004,"writing-device":0.0054054054}},{"id":"연어앤이자카야","permalink":"","username":"asdfg","text":"이곳은 늘 최고임👍 \n생각만 해도 먹고싶네요 츄릅~(^ㅠ^)\n\n연어회 중으로 주문했는데, \n세상에~ 양을 많이 주셔서 감동이었어요♥\n넘넘 맛있어서 그자리에서 혼자 뚝딱~ㅋㅋ\n\n이사를 해서 이젠 시간날때마다 직접 찾아가야겠네요^^ 배달하시는 분도 늘 참 친절하세요~ 감사히 잘 먹었습니다^^*","date":"Mon Dec 10 23:59:44 +0000 2018","retweets":"30","favorites":"20","mentions":[],"hashtags":[],"geo":"","raw":"이곳은 늘 최고임👍 \n생각만 해도 먹고싶네요 츄릅~(^ㅠ^)\n\n연어회 중으로 주문했는데, \n세상에~ 양을 많이 주셔서 감동이었어요♥\n넘넘 맛있어서 그자리에서 혼자 뚝딱~ㅋㅋ\n\n이사를 해서 이젠 시간날때마다 직접 찾아가야겠네요^^ 배달하시는 분도 늘 참 친절하세요~ 감사히 잘 먹었습니다^^*","polarity":{"com":0.003145228,"pos":0.5562154436086956,"neg":0.3819096981304349,"neut":0.036894912782608695,"none":0.021834717478260872},"intensity":{"high":0.17213370279009277,"low":0.11233675378749292,"meium":0.6931950758127476,"none":0.022334467609666717},"expressive":{"dir-action":0.0073637570003201635,"dir-explicit":0.29510083466500436,"dir-speech":0.384813987668905,"indirect":0.28827380722992496,"writing-device":0.02444761343584555}},{"id":"연어앤이자카야","permalink":"","username":"asdfg","text":"처음 시켰는대 괜찮내요~","date":"Mon Dec 10 23:59:44 +0000 2018","retweets":"30","favorites":"20","mentions":[],"hashtags":[],"geo":"","raw":"처음 시켰는대 괜찮내요~","polarity":{"com":0.14285714285714285,"pos":0.42857142857142855,"neg":0.2857142857142857,"neut":0,"none":0.14285714285714285},"intensity":{"high":0,"low":0,"meium":0.857142857,"none":0.142857143},"expressive":{"dir-action":0,"dir-explicit":0.28571428571428575,"dir-speech":0.42857142857142866,"indirect":0.14285714285714288,"writing-device":0.14285714285714288}},{"id":"연어앤이자카야","permalink":"","username":"asdfg","text":"맛있어요 잘먹었습니다~~","date":"Mon Dec 10 23:59:44 +0000 2018","retweets":"30","favorites":"20","mentions":[],"hashtags":[],"geo":"","raw":"맛있어요 잘먹었습니다~~","polarity":{"com":0,"pos":0.35714285717857136,"neg":0.6071428573035714,"neut":0.03571428551785714,"none":0},"intensity":{"high":0,"low":0.107142857,"meium":0.8928571430000001,"none":0},"expressive":{"dir-action":0,"dir-explicit":0.107142857,"dir-speech":0.5714285715,"indirect":0.3214285715,"writing-device":0}},{"id":"연어앤이자카야","permalink":"","username":"asdfg","text":"튀김도 크고 따뜻햇고 연어도 양,맛,두께 모두모두 좋았어요 내일이나 모레 또 시켜먹으려구요ㅎㅎ","date":"Mon Dec 10 23:59:44 +0000 2018","retweets":"30","favorites":"20","mentions":[],"hashtags":[],"geo":"","raw":"튀김도 크고 따뜻햇고 연어도 양,맛,두께 모두모두 좋았어요 내일이나 모레 또 시켜먹으려구요ㅎㅎ","polarity":{"com":0.0007936507776895945,"pos":0.5122751321653027,"neg":0.2737566138584715,"neut":0.11269841265414463,"none":0.10047619054439155},"intensity":{"high":0.0504409171111111,"low":0.1529453262222222,"meium":0.6961375661111111,"none":0.10047619055555554},"expressive":{"dir-action":0,"dir-explicit":0.35008818340554576,"dir-speech":0.39594356262267294,"indirect":0.13841269842906526,"writing-device":0.11555555554271606}},{"id":"연어앤이자카야","permalink":"","username":"asdfg","text":"간장 새우가 여름에는 판매 안한다는 전화를 받고 소고기 타다끼로 메뉴를 바꿔서 차이나는 금액은 배달 오시면 드리려고 했는데 잔돈이 없다니까 안받으셨어요ㅠㅠ 너무 감사드립니다! 그리고 음식도 정말 너무 맛있었어요~~ 특히 초밥처럼 간이 된 쌀밥!! 화룡점정이었습니다😍 또 시켜먹을게요❤️","date":"Mon Dec 10 23:59:44 +0000 2018","retweets":"30","favorites":"20","mentions":[],"hashtags":[],"geo":"","raw":"간장 새우가 여름에는 판매 안한다는 전화를 받고 소고기 타다끼로 메뉴를 바꿔서 차이나는 금액은 배달 오시면 드리려고 했는데 잔돈이 없다니까 안받으셨어요ㅠㅠ 너무 감사드립니다! 그리고 음식도 정말 너무 맛있었어요~~ 특히 초밥처럼 간이 된 쌀밥!! 화룡점정이었습니다😍 또 시켜먹을게요❤️","polarity":{"com":0.022058250952380957,"pos":0.30689645228571427,"neg":0.47026093900000004,"neut":0.08790682504761908,"none":0.11287753271428574},"intensity":{"high":0.10022768823809525,"low":0.16786523571428577,"meium":0.5917412383809525,"none":0.14016583766666668},"expressive":{"dir-action":0.001153957476025625,"dir-explicit":0.285872920959161,"dir-speech":0.3982192276573973,"indirect":0.18863082816352894,"writing-device":0.12612306574388718}},{"id":"연어앤이자카야","permalink":"","username":"asdfg","text":"진짜 짱이에요ㅋㅋㅋㅋㅋ양이 어마어마합니다...전보다 더많아졌어요 진짜 앞으로여기말고는 따른곳 안사먹을듯..진짜너무좋아요ㅠㅠ","date":"Mon Dec 10 23:59:44 +0000 2018","retweets":"30","favorites":"20","mentions":[],"hashtags":[],"geo":"","raw":"진짜 짱이에요ㅋㅋㅋㅋㅋ양이 어마어마합니다...전보다 더많아졌어요 진짜 앞으로여기말고는 따른곳 안사먹을듯..진짜너무좋아요ㅠㅠ","polarity":{"com":0.032271721249999996,"pos":0.3810673943333333,"neg":0.3856489434166667,"neut":0.14734979866666664,"none":0.05366214233333333},"intensity":{"high":0.11491983317624337,"low":0.18951104134912594,"meium":0.6412896257201075,"none":0.0542794997545233},"expressive":{"dir-action":0.0006173574167181133,"dir-explicit":0.24023376002001948,"dir-speech":0.5134895381261242,"indirect":0.17585696884798813,"writing-device":0.06980237558915021}},{"id":"연어앤이자카야","permalink":"","username":"asdfg","text":"솔직히 날씨가 너무너무너무 덥다보니 배달이라 좀 걱정했는데요 괜한걱정이였네요ㅠㅠ 정말 엄청엄청엄청 맛있습니다!!! 이번엔 사케동 시켰는데 정말ㅠㅠ 맛있어요ㅠㅠ 감사합니다ㅠㅠ♡♡♡ \n제가 카메라가 고장이라 초점이 안맞아서 사진은 또 없네요ㅠㅠ 흑..\n\n담에 또 시킬께요!!","date":"Mon Dec 10 23:59:44 +0000 2018","retweets":"30","favorites":"20","mentions":[],"hashtags":[],"geo":"","raw":"솔직히 날씨가 너무너무너무 덥다보니 배달이라 좀 걱정했는데요 괜한걱정이였네요ㅠㅠ 정말 엄청엄청엄청 맛있습니다!!! 이번엔 사케동 시켰는데 정말ㅠㅠ 맛있어요ㅠㅠ 감사합니다ㅠㅠ♡♡♡ \n제가 카메라가 고장이라 초점이 안맞아서 사진은 또 없네요ㅠㅠ 흑..\n\n담에 또 시킬께요!!","polarity":{"com":0.0025712191362467626,"pos":0.4452794069343055,"neg":0.41351097379938584,"neut":0.021288053362668726,"none":0.11735034676739318},"intensity":{"high":0.17202410045454544,"low":0.026249825409090908,"meium":0.6837743797272727,"none":0.1179516944090909},"expressive":{"dir-action":0.0005865102727272728,"dir-explicit":0.2970409743181818,"dir-speech":0.3603337523181818,"indirect":0.20813899359090907,"writing-device":0.1338997695}},{"id":"연어앤이자카야","permalink":"","username":"asdfg","text":"언제 시켜도 신선하고 맛있네요\n새벽까지 하는 일식집중에 제일맛있어요","date":"Mon Dec 10 23:59:44 +0000 2018","retweets":"30","favorites":"20","mentions":[],"hashtags":[],"geo":"","raw":"언제 시켜도 신선하고 맛있네요\n새벽까지 하는 일식집중에 제일맛있어요","polarity":{"com":0.003225806499999999,"pos":0.16935483866666665,"neg":0.808781362,"neut":0.013978494666666666,"none":0.004659498166666664},"intensity":{"high":0.3566308243333333,"low":0.019354838666666662,"meium":0.6189964158333333,"none":0.005017921166666661},"expressive":{"dir-action":0.0010752688333333334,"dir-explicit":0.21899641583333332,"dir-speech":0.7157706093333333,"indirect":0.05949820783333334,"writing-device":0.004659498166666665}},{"id":"연어앤이자카야","permalink":"","username":"asdfg","text":"많이 기다렸는데 기다린 만큼 맛있네요","date":"Mon Dec 10 23:59:44 +0000 2018","retweets":"30","favorites":"20","mentions":[],"hashtags":[],"geo":"","raw":"많이 기다렸는데 기다린 만큼 맛있네요","polarity":{"com":0.03333333333333333,"pos":0.5111111110000001,"neg":0.1851851853333333,"neut":0.037037037,"none":0.2333333333333333},"intensity":{"high":0.03333333333333333,"low":0.21851851866666663,"meium":0.5148148146666667,"none":0.2333333333333333},"expressive":{"dir-action":0,"dir-explicit":0.10740740733333333,"dir-speech":0.1851851853333333,"indirect":0.474074074,"writing-device":0.2333333333333333}},{"id":"연어앤이자카야","permalink":"","username":"asdfg","text":"저번에 시켰을때 만족스러워서 또 시켰는데 역시나네요\n연어 질도 좋고 양도 만족스럽네요 배달도 늦으면 늦는다고 연락주시고 친절하네요~","date":"Mon Dec 10 23:59:44 +0000 2018","retweets":"30","favorites":"20","mentions":[],"hashtags":[],"geo":"","raw":"저번에 시켰을때 만족스러워서 또 시켰는데 역시나네요\n연어 질도 좋고 양도 만족스럽네요 배달도 늦으면 늦는다고 연락주시고 친절하네요~","polarity":{"com":0.010105418497978916,"pos":0.47433695040513263,"neg":0.39887241622022546,"neut":0.044810150891037966,"none":0.07187506398562499},"intensity":{"high":0.11631870340000001,"low":0.07962699370000001,"meium":0.7319641851,"none":0.07209011779999999},"expressive":{"dir-action":0.0006451613000645162,"dir-explicit":0.37956099363795615,"dir-speech":0.21028148112102815,"indirect":0.32139080143213905,"writing-device":0.08812156250881216}},{"id":"연어앤이자카야","permalink":"","username":"asdfg","text":"맛있었어요~~~~","date":"Mon Dec 10 23:59:44 +0000 2018","retweets":"30","favorites":"20","mentions":[],"hashtags":[],"geo":"","raw":"맛있었어요~~~~","polarity":{"com":0,"pos":0,"neg":1,"neut":0,"none":0},"intensity":{"high":0,"low":0,"meium":1,"none":0},"expressive":{"dir-action":0,"dir-explicit":0,"dir-speech":1,"indirect":0,"writing-device":0}},{"id":"연어앤이자카야","permalink":"","username":"asdfg","text":"다 먹어서 사진이 없네요ㅎ..  사케동 양이 적은데..? 라고 생각했는데 오산이었습니다 엄청 맛있었어요! 앞으로 자주 시켜 먹을 것 같아요ㅎ","date":"Mon Dec 10 23:59:44 +0000 2018","retweets":"30","favorites":"20","mentions":[],"hashtags":[],"geo":"","raw":"다 먹어서 사진이 없네요ㅎ..  사케동 양이 적은데..? 라고 생각했는데 오산이었습니다 엄청 맛있었어요! 앞으로 자주 시켜 먹을 것 같아요ㅎ","polarity":{"com":0.003253330230268719,"pos":0.3788463264801774,"neg":0.4818423216951012,"neut":0.051565383684374556,"none":0.08449263791007804},"intensity":{"high":0.16065280298764206,"low":0.15438996560350846,"meium":0.5997177674923294,"none":0.08523946391652001},"expressive":{"dir-action":0,"dir-explicit":0.241555243482718,"dir-speech":0.37489523606733194,"indirect":0.2824875960886567,"writing-device":0.10106192436129341}},{"id":"연어앤이자카야","permalink":"","username":"asdfg","text":"연어가 맛도있고 큼직큼직하네요~ 생각보다 양도 많아요 포장도 엄청 성의있구요~ 강추합니다.","date":"Mon Dec 10 23:59:44 +0000 2018","retweets":"30","favorites":"20","mentions":[],"hashtags":[],"geo":"","raw":"연어가 맛도있고 큼직큼직하네요~ 생각보다 양도 많아요 포장도 엄청 성의있구요~ 강추합니다.","polarity":{"com":0.006088279249999998,"pos":0.42598048599999994,"neg":0.356245789875,"neut":0.06471791475,"none":0.14696753012499997},"intensity":{"high":0.086027010875,"low":0.13338749699999997,"meium":0.631912363125,"none":0.14867312899999996},"expressive":{"dir-action":0.002243233250560808,"dir-explicit":0.28306178844576546,"dir-speech":0.34935696033733926,"indirect":0.21406014305351506,"writing-device":0.15127787491281947}},{"id":"연어앤이자카야","permalink":"","username":"asdfg","text":"연어가 참 맛있네요","date":"Mon Dec 10 23:59:44 +0000 2018","retweets":"30","favorites":"20","mentions":[],"hashtags":[],"geo":"","raw":"연어가 참 맛있네요","polarity":{"com":0.0089285715,"pos":0.205357143,"neg":0.732142857,"neut":0.0401785715,"none":0.013392857},"intensity":{"high":0.080357143,"low":0.0535714285,"meium":0.8482142855,"none":0.017857143},"expressive":{"dir-action":0,"dir-explicit":0.1875,"dir-speech":0.65625,"indirect":0.142857143,"writing-device":0.013392857}},{"id":"연어앤이자카야","permalink":"","username":"asdfg","text":"진짜 맛있게잘먹었습니다ㅠㅠ 중짜리시켰는데양은잘모르겠지만 저혼자먹다가 조금남는양이었어요!  배달도 집앞에다가 놔주시라고 했는데 진짜집앞에 놔두고가셨ㅋㅋㅋㅋ진짜 온지도몰랐어요ㅋㅋㅋ감사합니다! 또시켜먹을게요😉😉","date":"Mon Dec 10 23:59:44 +0000 2018","retweets":"30","favorites":"20","mentions":[],"hashtags":[],"geo":"","raw":"진짜 맛있게잘먹었습니다ㅠㅠ 중짜리시켰는데양은잘모르겠지만 저혼자먹다가 조금남는양이었어요!  배달도 집앞에다가 놔주시라고 했는데 진짜집앞에 놔두고가셨ㅋㅋㅋㅋ진짜 온지도몰랐어요ㅋㅋㅋ감사합니다! 또시켜먹을게요😉😉","polarity":{"com":0.0021481293751342586,"pos":0.42368053533898004,"neg":0.43982621796498916,"neut":0.08145787044259112,"none":0.05288724687830546},"intensity":{"high":0.09153848318749999,"low":0.14048866668749999,"meium":0.7143672124375,"none":0.053605637687499985},"expressive":{"dir-action":0.0007183908125448994,"dir-explicit":0.1621933255726371,"dir-speech":0.577711975661107,"indirect":0.19417982713713625,"writing-device":0.06519648081657478}},{"id":"연어앤이자카야","permalink":"","username":"asdfg","text":"어머나 여러분 포장 좀 보세요 저 선물 받은 줄 알았어요♥ 넘나 정성스러운 포장과 쪽지편지까지 감동했습니다 ㅠㅠ\n아마 서비스로 밥도 주신것 같은데 초밥용밥인것같아요 연어 자체도 신선하고 맛있는데 초밥으로 만들어먹으니 더 꿀맛♥\n또 시켜먹을것 같아요 기분 좋으네요 감사합니당♥","date":"Mon Dec 10 23:59:44 +0000 2018","retweets":"30","favorites":"20","mentions":[],"hashtags":[],"geo":"","raw":"어머나 여러분 포장 좀 보세요 저 선물 받은 줄 알았어요♥ 넘나 정성스러운 포장과 쪽지편지까지 감동했습니다 ㅠㅠ\n아마 서비스로 밥도 주신것 같은데 초밥용밥인것같아요 연어 자체도 신선하고 맛있는데 초밥으로 만들어먹으니 더 꿀맛♥\n또 시켜먹을것 같아요 기분 좋으네요 감사합니당♥","polarity":{"com":0.006267353628469008,"pos":0.3588542023039159,"neg":0.4445850706213731,"neut":0.047906337880017344,"none":0.14238703556622462},"intensity":{"high":0.12598906100933255,"low":0.21600080416414819,"meium":0.4952617799255749,"none":0.1627483549009444},"expressive":{"dir-action":0.00047789725924155945,"dir-explicit":0.2529862497684079,"dir-speech":0.3390519674318869,"indirect":0.21908042999188596,"writing-device":0.18840345554857763}},{"id":"연어앤이자카야","permalink":"","username":"asdfg","text":"간장새우장과 소고기타다끼 순삭~ㅋㅋ \n오늘도 잘먹었습니당 :)","date":"Mon Dec 10 23:59:44 +0000 2018","retweets":"30","favorites":"20","mentions":[],"hashtags":[],"geo":"","raw":"간장새우장과 소고기타다끼 순삭~ㅋㅋ \n오늘도 잘먹었습니당 :)","polarity":{"com":0.007600732501266791,"pos":0.6040903541006818,"neg":0.2235653237039276,"neut":0.0921245420153541,"none":0.07261904767876985},"intensity":{"high":0.05514855516666667,"low":0.165059015,"meium":0.7071733821666667,"none":0.07261904766666667},"expressive":{"dir-action":0,"dir-explicit":0.19619454613396758,"dir-speech":0.21809116813031812,"indirect":0.514285714247619,"writing-device":0.07142857148809524}},{"id":"연어앤이자카야","permalink":"","username":"asdfg","text":"저번에 회에 이어 이번엔 고로케와 새우장 먹었는데 역시 맛있었어요!^^ \n담에 다른 메뉴 또 주문할께요~ 잘먹었습니당^^","date":"Mon Dec 10 23:59:44 +0000 2018","retweets":"30","favorites":"20","mentions":[],"hashtags":[],"geo":"","raw":"저번에 회에 이어 이번엔 고로케와 새우장 먹었는데 역시 맛있었어요!^^ \n담에 다른 메뉴 또 주문할께요~ 잘먹었습니당^^","polarity":{"com":0.0024193548756048385,"pos":0.45613319248903333,"neg":0.34418522796104634,"neut":0.08860887089715223,"none":0.10865335377716334},"intensity":{"high":0.04487887225560986,"low":0.1283554146410444,"meium":0.7178435420897304,"none":0.10892217101361527},"expressive":{"dir-action":0.0008064516251008064,"dir-explicit":0.3094606055386826,"dir-speech":0.32477438566559685,"indirect":0.236463933654558,"writing-device":0.12849462351606183}},{"id":"연어앤이자카야","permalink":"","username":"asdfg","text":"그냥 잘 모르겠어요. 연어 부위가 떨어져서 남은걸로 많이 주신다고 했는데 이게 많이 주신건가도 모르겠고 제가 좋아하는 부위는 정말 없는거 같아요. 솔직히 치킨이야 여긴 치킨 전문점은 아니니깐 연어는 29000원이라는 돈을 내고 먹진 않을 것 같아요. 역시 회는 배달 실패.. 노량진이 갑입니다.","date":"Mon Dec 10 23:59:44 +0000 2018","retweets":"30","favorites":"20","mentions":[],"hashtags":[],"geo":"","raw":"그냥 잘 모르겠어요. 연어 부위가 떨어져서 남은걸로 많이 주신다고 했는데 이게 많이 주신건가도 모르겠고 제가 좋아하는 부위는 정말 없는거 같아요. 솔직히 치킨이야 여긴 치킨 전문점은 아니니깐 연어는 29000원이라는 돈을 내고 먹진 않을 것 같아요. 역시 회는 배달 실패.. 노량진이 갑입니다.","polarity":{"com":0.00358831739311345,"pos":0.3843458220631676,"neg":0.4602123573543008,"neut":0.05581619296827258,"none":0.0960373102211455},"intensity":{"high":0.11832095464708288,"low":0.21091334450753255,"meium":0.5739711409490704,"none":0.0967945598963141},"expressive":{"dir-action":0.00041050903572894675,"dir-explicit":0.3073629552252629,"dir-speech":0.4277971845152785,"indirect":0.12645442568308768,"writing-device":0.13797492554064195}},{"id":"연어앤이자카야","permalink":"","username":"asdfg","text":"늘 맛있게 잘 먹고 있습니다^^\n메뉴 다 먹어보려고요ㅋ 도전!","date":"Mon Dec 10 23:59:44 +0000 2018","retweets":"30","favorites":"20","mentions":[],"hashtags":[],"geo":"","raw":"늘 맛있게 잘 먹고 있습니다^^\n메뉴 다 먹어보려고요ㅋ 도전!","polarity":{"com":0.0083333334,"pos":0.43571428560000003,"neg":0.4595238096,"neut":0.030952380800000002,"none":0.0654761906},"intensity":{"high":0.09047619058190477,"low":0.05952380938809524,"meium":0.7845238094430954,"none":0.06547619058690476},"expressive":{"dir-action":0,"dir-explicit":0.3285714286,"dir-speech":0.37738095239999997,"indirect":0.22023809519999998,"writing-device":0.0738095238}},{"id":"연어앤이자카야","permalink":"","username":"asdfg","text":"긴 말 안하고 사진으로 보여줄게요","date":"Mon Dec 10 23:59:44 +0000 2018","retweets":"30","favorites":"20","mentions":[],"hashtags":[],"geo":"","raw":"긴 말 안하고 사진으로 보여줄게요","polarity":{"com":0.00483870975,"pos":0.71236559125,"neg":0.20391278375,"neut":0.04874551975,"none":0.0301373955},"intensity":{"high":0.187724014203069,"low":0.07069892473232527,"meium":0.7109020310722746,"none":0.03067502999233124},"expressive":{"dir-action":0.0016129032495967742,"dir-explicit":0.2266427719433393,"dir-speech":0.2588410991852897,"indirect":0.4827658301293085,"writing-device":0.030137395492465652}},{"id":"연어앤이자카야","permalink":"","username":"asdfg","text":"다 맛있었어요~~~","date":"Mon Dec 10 23:59:44 +0000 2018","retweets":"30","favorites":"20","mentions":[],"hashtags":[],"geo":"","raw":"다 맛있었어요~~~","polarity":{"com":0,"pos":0.714285714,"neg":0,"neut":0,"none":0.285714286},"intensity":{"high":0.28571428571428575,"low":0,"meium":0.42857142857142866,"none":0.28571428571428575},"expressive":{"dir-action":0,"dir-explicit":0.42857142857142866,"dir-speech":0.28571428571428575,"indirect":0,"writing-device":0.28571428571428575}},{"id":"연어앤이자카야","permalink":"","username":"asdfg","text":"사진을 못찍어 이쉽네요ㅠㅠ 진짜 맛있게 먹었어요!!","date":"Mon Dec 10 23:59:44 +0000 2018","retweets":"30","favorites":"20","mentions":[],"hashtags":[],"geo":"","raw":"사진을 못찍어 이쉽네요ㅠㅠ 진짜 맛있게 먹었어요!!","polarity":{"com":0.03333333339333333,"pos":0.4416666665116667,"neg":0.4916666667016666,"neut":0,"none":0.03333333339333333},"intensity":{"high":0.09722222218055555,"low":0.07777777778444443,"meium":0.7916666666416666,"none":0.03333333339333333},"expressive":{"dir-action":0,"dir-explicit":0.12777777779999996,"dir-speech":0.47222222219999993,"indirect":0.36666666659999997,"writing-device":0.03333333339999999}},{"id":"연어앤이자카야","permalink":"","username":"asdfg","text":"2번째 시켜먹은 거였는데 이번에도 너무 맛있게 먹었어요!ㅎㅎ","date":"Mon Dec 10 23:59:44 +0000 2018","retweets":"30","favorites":"20","mentions":[],"hashtags":[],"geo":"","raw":"2번째 시켜먹은 거였는데 이번에도 너무 맛있게 먹었어요!ㅎㅎ","polarity":{"com":0.0011904761666666668,"pos":0.1468253966666667,"neg":0.7769841271666668,"neut":0.0023809523333333336,"none":0.07261904766666667},"intensity":{"high":0.060846560833333334,"low":0.093121693,"meium":0.7734126985,"none":0.07261904766666667},"expressive":{"dir-action":0,"dir-explicit":0.27169312162138454,"dir-speech":0.6425925925595678,"indirect":0.014285714330952382,"writing-device":0.07142857148809524}},{"id":"연어앤이자카야","permalink":"","username":"asdfg","text":"연어가 무척 부드럽고 맛있어서 정말 잘 먹었습니다","date":"Mon Dec 10 23:59:44 +0000 2018","retweets":"30","favorites":"20","mentions":[],"hashtags":[],"geo":"","raw":"연어가 무척 부드럽고 맛있어서 정말 잘 먹었습니다","polarity":{"com":0.0035714286,"pos":0.49880952380000004,"neg":0.42619047620000006,"neut":0.0160714286,"none":0.0553571428},"intensity":{"high":0.1543650794,"low":0.06587301579999999,"meium":0.7226190475999998,"none":0.05714285719999999},"expressive":{"dir-action":0,"dir-explicit":0.4194444444,"dir-speech":0.4680555556,"indirect":0.057142857199999994,"writing-device":0.0553571428}},{"id":"연어앤이자카야","permalink":"","username":"asdfg","text":"굿굿~~ 버터간장밥은 제취향이 아니였지만 연어는 완전 최고인듯!!!","date":"Mon Dec 10 23:59:44 +0000 2018","retweets":"30","favorites":"20","mentions":[],"hashtags":[],"geo":"","raw":"굿굿~~ 버터간장밥은 제취향이 아니였지만 연어는 완전 최고인듯!!!","polarity":{"com":0,"pos":0.4284683569999999,"neg":0.4448567305714286,"neut":0.026592455142857137,"none":0.10008245728571427},"intensity":{"high":0.17336631623618104,"low":0.14223871367364607,"meium":0.5128839414248902,"none":0.17151102866528253},"expressive":{"dir-action":0,"dir-explicit":0.1568748712633036,"dir-speech":0.3961038960862709,"indirect":0.344671201665047,"writing-device":0.10235003098537857}},{"id":"연어앤이자카야","permalink":"","username":"asdfg","text":"배달시간 45분 걸린다고 했는데 생각보다 빨리왔고요~  가라아게도 뜨끈뜨근 완전 만족합니다~~^^\n연어회는 역시 두툼하니 최고네요~~~\n담에도 또 시키고 싶어요♡♡","date":"Mon Dec 10 23:59:44 +0000 2018","retweets":"30","favorites":"20","mentions":[],"hashtags":[],"geo":"","raw":"배달시간 45분 걸린다고 했는데 생각보다 빨리왔고요~  가라아게도 뜨끈뜨근 완전 만족합니다~~^^\n연어회는 역시 두툼하니 최고네요~~~\n담에도 또 시키고 싶어요♡♡","polarity":{"com":0.005763235833813603,"pos":0.45504177995458683,"neg":0.3892347616157695,"neut":0.04663992008721998,"none":0.10332030250861},"intensity":{"high":0.12895108482258744,"low":0.08694304699275474,"meium":0.6793982495267168,"none":0.10470761865794104},"expressive":{"dir-action":0.0017457390831878549,"dir-explicit":0.22436408981463637,"dir-speech":0.29362557072553114,"indirect":0.37368820930219265,"writing-device":0.10657639107445198}},{"id":"연어앤이자카야","permalink":"","username":"asdfg","text":"맛있게 잘먹었습니다.\n배달좀 빨랐음 하는 바람이 있네요.^^","date":"Mon Dec 10 23:59:44 +0000 2018","retweets":"30","favorites":"20","mentions":[],"hashtags":[],"geo":"","raw":"맛있게 잘먹었습니다.\n배달좀 빨랐음 하는 바람이 있네요.^^","polarity":{"com":0,"pos":0.7023809524503968,"neg":0.28571428571428575,"neut":0.011904761835317459,"none":0},"intensity":{"high":0.08333333333333333,"low":0.17460317449999999,"meium":0.7420634921666668,"none":0},"expressive":{"dir-action":0,"dir-explicit":0.119047619,"dir-speech":0.44047619050000003,"indirect":0.44047619050000003,"writing-device":0}},{"id":"연어앤이자카야","permalink":"","username":"asdfg","text":"여기 진짜 연어가 엄청엄청 맛있어요!! 저번에 시켰을때도 넘 맛있어서 사진 찍는걸 깜박했는데 이번에도 깜박해버렸네요.. ㅎㅎ 대신 메세지 적어주신걸로 올려요 ㅎㅎ \n연어 진짜 맛있는 집!! 간장새우버터밥도 비리거나 느끼하지 않고 간도 심플해서 아주 좋습니다!!","date":"Mon Dec 10 23:59:44 +0000 2018","retweets":"30","favorites":"20","mentions":[],"hashtags":[],"geo":"","raw":"여기 진짜 연어가 엄청엄청 맛있어요!! 저번에 시켰을때도 넘 맛있어서 사진 찍는걸 깜박했는데 이번에도 깜박해버렸네요.. ㅎㅎ 대신 메세지 적어주신걸로 올려요 ㅎㅎ \n연어 진짜 맛있는 집!! 간장새우버터밥도 비리거나 느끼하지 않고 간도 심플해서 아주 좋습니다!!","polarity":{"com":0.005184748736842106,"pos":0.32605467647368414,"neg":0.561492320263158,"neut":0.03668931257894738,"none":0.07057894194736843},"intensity":{"high":0.06211645736188248,"low":0.138007068353894,"meium":0.7010306576630494,"none":0.09884581662117412},"expressive":{"dir-action":0.0017075327368421052,"dir-explicit":0.2032223750526316,"dir-speech":0.519726313263158,"indirect":0.20172889989473683,"writing-device":0.07361487905263159}},{"id":"연어앤이자카야","permalink":"","username":"asdfg","text":"혼자 먹기 좋은 사이즈에요! 배달빠르고 좋아요","date":"Mon Dec 10 23:59:44 +0000 2018","retweets":"30","favorites":"20","mentions":[],"hashtags":[],"geo":"","raw":"혼자 먹기 좋은 사이즈에요! 배달빠르고 좋아요","polarity":{"com":0,"pos":0.56146067425,"neg":0.29932584275,"neut":0.0168539325,"none":0.1223595505},"intensity":{"high":0.05842696626460674,"low":0.11018726577754681,"meium":0.7090262174272565,"none":0.12235955053058989},"expressive":{"dir-action":0,"dir-explicit":0.19494382020126405,"dir-speech":0.5003745318749064,"indirect":0.1514232209621442,"writing-device":0.1532584269616854}},{"id":"연어앤이자카야","permalink":"","username":"asdfg","text":"배달도 빠르고 너무 맛잇네요 또 시켜먹을게요","date":"Mon Dec 10 23:59:44 +0000 2018","retweets":"30","favorites":"20","mentions":[],"hashtags":[],"geo":"","raw":"배달도 빠르고 너무 맛잇네요 또 시켜먹을게요","polarity":{"com":0.028571428594285714,"pos":0.5238095236952381,"neg":0.36190476192761906,"neut":0,"none":0.08571428578285714},"intensity":{"high":0.05079365080000001,"low":0.13968253960000002,"meium":0.7238095238,"none":0.08571428580000001},"expressive":{"dir-action":0,"dir-explicit":0.18730158719999998,"dir-speech":0.46984127,"indirect":0.22857142860000002,"writing-device":0.1142857142}},{"id":"연어앤이자카야","permalink":"","username":"asdfg","text":"맛있게 잘먹었습니다","date":"Mon Dec 10 23:59:44 +0000 2018","retweets":"30","favorites":"20","mentions":[],"hashtags":[],"geo":"","raw":"맛있게 잘먹었습니다","polarity":{"com":0,"pos":0.35714285717857136,"neg":0.6071428573035714,"neut":0.03571428551785714,"none":0},"intensity":{"high":0,"low":0.107142857,"meium":0.8928571430000001,"none":0},"expressive":{"dir-action":0,"dir-explicit":0.107142857,"dir-speech":0.5714285715,"indirect":0.3214285715,"writing-device":0}},{"id":"연어앤이자카야","permalink":"","username":"asdfg","text":"여기 첫 리뷰 올리고 나서 다시 배달시켜서 먹었습니다\n(주변분들한테 추천합니다^^)\n참고로 저는 연어를 안먹어서ㅠ(와이프 딸만 먹음)\n연어는 두껍고 괜찮다고합니다(와이프 딸 의견)\n나가사키짬뽕은 국물맛이 진국이고 양은 많으나 내용물이 조금 부실하다는 느낌이 듭니다ㅠ(기대가 너무 컸기에^^)\n저는 처음 시켜먹었던 소고기타다끼를 너무 맛있게 먹어서요(지금껏 먹은 타다끼중에 제일 맛있었습니다)\n제 기준 추천 no1은 소고기타다끼 입니다","date":"Mon Dec 10 23:59:44 +0000 2018","retweets":"30","favorites":"20","mentions":[],"hashtags":[],"geo":"","raw":"여기 첫 리뷰 올리고 나서 다시 배달시켜서 먹었습니다\n(주변분들한테 추천합니다^^)\n참고로 저는 연어를 안먹어서ㅠ(와이프 딸만 먹음)\n연어는 두껍고 괜찮다고합니다(와이프 딸 의견)\n나가사키짬뽕은 국물맛이 진국이고 양은 많으나 내용물이 조금 부실하다는 느낌이 듭니다ㅠ(기대가 너무 컸기에^^)\n저는 처음 시켜먹었던 소고기타다끼를 너무 맛있게 먹어서요(지금껏 먹은 타다끼중에 제일 맛있었습니다)\n제 기준 추천 no1은 소고기타다끼 입니다","polarity":{"com":0.01610328483371674,"pos":0.5119899805836189,"neg":0.4132400380336486,"neut":0.027130060857788813,"none":0.03153663569122707},"intensity":{"high":0.09800438533566677,"low":0.14926883669403018,"meium":0.7205714040171566,"none":0.032155373953146556},"expressive":{"dir-action":0.0018997300713833394,"dir-explicit":0.25849721351765476,"dir-speech":0.47186459091733657,"indirect":0.23391752297062096,"writing-device":0.033820942523004265}},{"id":"연어앤이자카야","permalink":"","username":"asdfg","text":"오우 진짜 맛있어요! 새로 생겼길래 주문 해봤는데 기대이상이에요! 진짜 맛있어요 ㅎㅎ 간장새우도 짜지도않고 좋네요 연어도 맛있구요 ~ 다음번에 또 시킬께요 ㅎㅎ 믿고 주문하세요!","date":"Mon Dec 10 23:59:44 +0000 2018","retweets":"30","favorites":"20","mentions":[],"hashtags":[],"geo":"","raw":"오우 진짜 맛있어요! 새로 생겼길래 주문 해봤는데 기대이상이에요! 진짜 맛있어요 ㅎㅎ 간장새우도 짜지도않고 좋네요 연어도 맛있구요 ~ 다음번에 또 시킬께요 ㅎㅎ 믿고 주문하세요!","polarity":{"com":0.0034080298458916904,"pos":0.4429232204274674,"neg":0.3896459098161812,"neut":0.010335416153051124,"none":0.15368742375740868},"intensity":{"high":0.08059146738461538,"low":0.07419665292307692,"meium":0.6915244559230769,"none":0.15368742376923078},"expressive":{"dir-action":0,"dir-explicit":0.3821769733733438,"dir-speech":0.35294835876470415,"indirect":0.10033828920761424,"writing-device":0.16453637865433773}},{"id":"연어앤이자카야","permalink":"","username":"asdfg","text":"연어랑 타다끼 먹었는데 둘다 맛났습니다~ 타다끼가 좀 얇은게 아쉬웠지만 다음에 또 시켜먹을거예요~~!!","date":"Mon Dec 10 23:59:44 +0000 2018","retweets":"30","favorites":"20","mentions":[],"hashtags":[],"geo":"","raw":"연어랑 타다끼 먹었는데 둘다 맛났습니다~ 타다끼가 좀 얇은게 아쉬웠지만 다음에 또 시켜먹을거예요~~!!","polarity":{"com":0,"pos":0.532800532721309,"neg":0.32334332339575583,"neut":0.10489510489001909,"none":0.03896103899291618},"intensity":{"high":0.01709401709090909,"low":0.1320901320909091,"meium":0.8118548118181818,"none":0.038961039},"expressive":{"dir-action":0,"dir-explicit":0.09752469754545454,"dir-speech":0.4868908869090909,"indirect":0.3636363636363636,"writing-device":0.0519480519090909}},{"id":"연어앤이자카야","permalink":"","username":"asdfg","text":"야식으로 회가 먹고 싶어서 리뷰보고 소고기 타다끼도 추가 하였습니다.\n처음엔 양이 작다고 생각 했는데 막상 먹어보니 배부르더라구요 ㅎㅎ\n연어도 엄창 두껍고 싱싱 했어요~\n타다끼가 차가운 음식인건 몰랐어요 ㅎㅎ 특이 했어요~\n맛있네요~ 같이 주신 초밥에 얹여 먹으니 여러가지 맛을 느낄 수 있어서 좋았습니다","date":"Mon Dec 10 23:59:44 +0000 2018","retweets":"30","favorites":"20","mentions":[],"hashtags":[],"geo":"","raw":"야식으로 회가 먹고 싶어서 리뷰보고 소고기 타다끼도 추가 하였습니다.\n처음엔 양이 작다고 생각 했는데 막상 먹어보니 배부르더라구요 ㅎㅎ\n연어도 엄창 두껍고 싱싱 했어요~\n타다끼가 차가운 음식인건 몰랐어요 ㅎㅎ 특이 했어요~\n맛있네요~ 같이 주신 초밥에 얹여 먹으니 여러가지 맛을 느낄 수 있어서 좋았습니다","polarity":{"com":0.012512689136363631,"pos":0.5819857520454546,"neg":0.2946223996363636,"neut":0.024393602772727268,"none":0.08648555640909088},"intensity":{"high":0.08920232855356384,"low":0.25016124465910555,"meium":0.5736284043248754,"none":0.08700802246245529},"expressive":{"dir-action":0.0005224660454307969,"dir-explicit":0.191232099854944,"dir-speech":0.32246460616716066,"indirect":0.39643978243652545,"writing-device":0.08934104549593903}},{"id":"연어앤이자카야","permalink":"","username":"asdfg","text":"진짜!\n여기 어디예요?\n직접가서 먹고싶어요!!!\n문어초회 대봑!\n새우튀김 쵝오!","date":"Mon Dec 10 23:59:44 +0000 2018","retweets":"30","favorites":"20","mentions":[],"hashtags":[],"geo":"","raw":"진짜!\n여기 어디예요?\n직접가서 먹고싶어요!!!\n문어초회 대봑!\n새우튀김 쵝오!","polarity":{"com":0.00571895425,"pos":0.47140522875,"neg":0.4444444445,"neut":0.022875817,"none":0.0555555555},"intensity":{"high":0.05964052276491012,"low":0.15931372528982846,"meium":0.7254901964313726,"none":0.05555555551388889},"expressive":{"dir-action":0,"dir-explicit":0.16013071900000003,"dir-speech":0.49509803925,"indirect":0.28431372550000006,"writing-device":0.06045751625000001}},{"id":"연어앤이자카야","permalink":"","username":"asdfg","text":"소고기타다끼\n간장새우장\n맛있습니다\n배달비2천원\n시간은 조금걸려요\n(토요일 감안해서 40분 정도)\n다음에 또 시켜먹겠습니다","date":"Mon Dec 10 23:59:44 +0000 2018","retweets":"30","favorites":"20","mentions":[],"hashtags":[],"geo":"","raw":"소고기타다끼\n간장새우장\n맛있습니다\n배달비2천원\n시간은 조금걸려요\n(토요일 감안해서 40분 정도)\n다음에 또 시켜먹겠습니다","polarity":{"com":0.0016129032498655915,"pos":0.5826932922847756,"neg":0.3164938556402922,"neut":0.012544802915621269,"none":0.08665514590944542},"intensity":{"high":0.13896356033333332,"low":0.08652927116666667,"meium":0.6876728110833333,"none":0.08683435741666666},"expressive":{"dir-action":0.0005376344166666667,"dir-explicit":0.169088155,"dir-speech":0.3840096433333334,"indirect":0.3478046595,"writing-device":0.09855990775000001}}]