[{"id":"쿡앤밀107","permalink":"","username":"asdfg","text":"정말 너무 맛있게 먹었어요. 유명한 샌드위치 맛집들보다 더 괜찮은 것 같아요. 정말 숨은 동네맛집이네요!!\n치아바타샌드위치 너무 맛있어서 여기는 샌드위치가 최고네 했는데 돈까스 먹으니 또 돈까스가 최고고.. 결론은 다 맛있어요 다 최고~!!","date":"Mon Dec 10 23:59:44 +0000 2018","retweets":"30","favorites":"20","mentions":[],"hashtags":[],"geo":"","raw":"정말 너무 맛있게 먹었어요. 유명한 샌드위치 맛집들보다 더 괜찮은 것 같아요. 정말 숨은 동네맛집이네요!!\n치아바타샌드위치 너무 맛있어서 여기는 샌드위치가 최고네 했는데 돈까스 먹으니 또 돈까스가 최고고.. 결론은 다 맛있어요 다 최고~!!","polarity":{"com":0.012096999911991563,"pos":0.5082696772166722,"neg":0.33898769510095755,"neut":0.03059889038864357,"none":0.11004673738173505},"intensity":{"high":0.13672645342883802,"low":0.09599228230017427,"meium":0.6552347577975985,"none":0.1120465064733893},"expressive":{"dir-action":0.0007802550434443367,"dir-explicit":0.3110938839864742,"dir-speech":0.4280499682857369,"indirect":0.14146620995037107,"writing-device":0.1186096827339735}},{"id":"쿡앤밀107","permalink":"","username":"asdfg","text":"맛도 좋고 깔끔하고..배려 깊은 커피포장으로\n감동받았습니다","date":"Mon Dec 10 23:59:44 +0000 2018","retweets":"30","favorites":"20","mentions":[],"hashtags":[],"geo":"","raw":"맛도 좋고 깔끔하고..배려 깊은 커피포장으로\n감동받았습니다","polarity":{"com":0.004004004,"pos":0.6512687688333333,"neg":0.328551051,"neut":0.0055055055000000006,"none":0.010670670666666666},"intensity":{"high":0.13568568566666667,"low":0.06234734733333334,"meium":0.7907957958333333,"none":0.011171171166666667},"expressive":{"dir-action":0.0005005005,"dir-explicit":0.3187187186666667,"dir-speech":0.25668168166666666,"indirect":0.412927928,"writing-device":0.011171171166666667}},{"id":"쿡앤밀107","permalink":"","username":"asdfg","text":"그럭저럭 먹을만했어요^^ 코코넛 아몬드음료 맛있네요~","date":"Mon Dec 10 23:59:44 +0000 2018","retweets":"30","favorites":"20","mentions":[],"hashtags":[],"geo":"","raw":"그럭저럭 먹을만했어요^^ 코코넛 아몬드음료 맛있네요~","polarity":{"com":0,"pos":0.1666666665,"neg":0.8333333334999999,"neut":0,"none":0},"intensity":{"high":0.0555555555,"low":0.111111111,"meium":0.8333333334999999,"none":0},"expressive":{"dir-action":0,"dir-explicit":0.111111111,"dir-speech":0.888888889,"indirect":0,"writing-device":0}},{"id":"쿡앤밀107","permalink":"","username":"asdfg","text":"어머 샌드위치가 너무맛있었네요.","date":"Mon Dec 10 23:59:44 +0000 2018","retweets":"30","favorites":"20","mentions":[],"hashtags":[],"geo":"","raw":"어머 샌드위치가 너무맛있었네요.","polarity":{"com":0.0089285715,"pos":0.205357143,"neg":0.732142857,"neut":0.0401785715,"none":0.013392857},"intensity":{"high":0.080357143,"low":0.0535714285,"meium":0.8482142855,"none":0.017857143},"expressive":{"dir-action":0,"dir-explicit":0.1875,"dir-speech":0.65625,"indirect":0.142857143,"writing-device":0.013392857}},{"id":"쿡앤밀107","permalink":"","username":"asdfg","text":"맛은 있는데요... 양이 조금 아쉽네요.","date":"Mon Dec 10 23:59:44 +0000 2018","retweets":"30","favorites":"20","mentions":[],"hashtags":[],"geo":"","raw":"맛은 있는데요... 양이 조금 아쉽네요.","polarity":{"com":0.002976190333333333,"pos":0.4464285713333333,"neg":0.2202380953333333,"neut":0.17857142866666664,"none":0.15178571433333332},"intensity":{"high":0.014880952333333334,"low":0.18452380966666668,"meium":0.6488095236666667,"none":0.15178571433333335},"expressive":{"dir-action":0,"dir-explicit":0.39880952366666667,"dir-speech":0.4017857143333334,"indirect":0.047619047666666664,"writing-device":0.15178571433333335}},{"id":"쿡앤밀107","permalink":"","username":"asdfg","text":"음식이 너무 맛있어요","date":"Mon Dec 10 23:59:44 +0000 2018","retweets":"30","favorites":"20","mentions":[],"hashtags":[],"geo":"","raw":"음식이 너무 맛있어요","polarity":{"com":0,"pos":0,"neg":1,"neut":0,"none":0},"intensity":{"high":0,"low":0,"meium":1,"none":0},"expressive":{"dir-action":0,"dir-explicit":0,"dir-speech":1,"indirect":0,"writing-device":0}},{"id":"쿡앤밀107","permalink":"","username":"asdfg","text":"음식이 고급스럽습니다\n 비가 많이오는데도 따뜻하게 도착했습니다.\n셀러드 소스는 달지 않아서 매우 맘에 듭니다.\n배달음식 칭찬 잘안하는데 만족스럽습니다.\n번창하십쇼","date":"Mon Dec 10 23:59:44 +0000 2018","retweets":"30","favorites":"20","mentions":[],"hashtags":[],"geo":"","raw":"음식이 고급스럽습니다\n 비가 많이오는데도 따뜻하게 도착했습니다.\n셀러드 소스는 달지 않아서 매우 맘에 듭니다.\n배달음식 칭찬 잘안하는데 만족스럽습니다.\n번창하십쇼","polarity":{"com":0.012272084000944006,"pos":0.4208522975708348,"neg":0.4812338064216333,"neut":0.039193508926091816,"none":0.04644830308049602},"intensity":{"high":0.180806510860062,"low":0.10434132662341083,"meium":0.6675031390513464,"none":0.04734902346518069},"expressive":{"dir-action":0.0015624242308894176,"dir-explicit":0.27748518417519125,"dir-speech":0.31704743340900365,"indirect":0.3562152360274011,"writing-device":0.047689722157514595}},{"id":"쿡앤밀107","permalink":"","username":"asdfg","text":"샌드위치도 샐러드도 너무 맛있어요 번창하세요","date":"Mon Dec 10 23:59:44 +0000 2018","retweets":"30","favorites":"20","mentions":[],"hashtags":[],"geo":"","raw":"샌드위치도 샐러드도 너무 맛있어요 번창하세요","polarity":{"com":0.00841013825,"pos":0.236175115,"neg":0.5024577575,"neut":0.028110599,"none":0.22484639025},"intensity":{"high":0.106374808,"low":0.08617511500000001,"meium":0.5820660522500001,"none":0.22538402475000002},"expressive":{"dir-action":0.0016129032491935483,"dir-explicit":0.17135176666432414,"dir-speech":0.473655913763172,"indirect":0.13210445468394777,"writing-device":0.2212749616393625}},{"id":"쿡앤밀107","permalink":"","username":"asdfg","text":"예상시간보다 빨리배달왔구요 다이어트중이라 샐러드만시킬까했지만 치아바타가 맛있다길래 같이주문했는데 진짜맛있네요","date":"Mon Dec 10 23:59:44 +0000 2018","retweets":"30","favorites":"20","mentions":[],"hashtags":[],"geo":"","raw":"예상시간보다 빨리배달왔구요 다이어트중이라 샐러드만시킬까했지만 치아바타가 맛있다길래 같이주문했는데 진짜맛있네요","polarity":{"com":0.00308490920030849,"pos":0.4017455291401745,"neg":0.4588320356458832,"neut":0.07041185360704118,"none":0.06592567240659256},"intensity":{"high":0.1107291577889271,"low":0.07938478649206153,"meium":0.7425959042257404,"none":0.06729015149327099},"expressive":{"dir-action":0.0017945866001794584,"dir-explicit":0.2955667266295567,"dir-speech":0.3964827015396483,"indirect":0.23934613962393458,"writing-device":0.06680984560668099}},{"id":"쿡앤밀107","permalink":"","username":"asdfg","text":"정말 잘먹었습니다~","date":"Mon Dec 10 23:59:44 +0000 2018","retweets":"30","favorites":"20","mentions":[],"hashtags":[],"geo":"","raw":"정말 잘먹었습니다~","polarity":{"com":0,"pos":0.5416666665000001,"neg":0.3333333335,"neut":0,"none":0.125},"intensity":{"high":0.3055555555,"low":0.111111111,"meium":0.4583333335,"none":0.125},"expressive":{"dir-action":0,"dir-explicit":0.361111111,"dir-speech":0.513888889,"indirect":0,"writing-device":0.125}},{"id":"쿡앤밀107","permalink":"","username":"asdfg","text":"낙지볶음밥 샐러드 맛있습니다만족만족만족","date":"Mon Dec 10 23:59:44 +0000 2018","retweets":"30","favorites":"20","mentions":[],"hashtags":[],"geo":"","raw":"낙지볶음밥 샐러드 맛있습니다만족만족만족","polarity":{"com":0,"pos":0,"neg":1,"neut":0,"none":0},"intensity":{"high":0,"low":0,"meium":1,"none":0},"expressive":{"dir-action":0,"dir-explicit":0.5,"dir-speech":0.5,"indirect":0,"writing-device":0}},{"id":"쿡앤밀107","permalink":"","username":"asdfg","text":"맛있습니다만족만족만족","date":"Mon Dec 10 23:59:44 +0000 2018","retweets":"30","favorites":"20","mentions":[],"hashtags":[],"geo":"","raw":"맛있습니다만족만족만족","polarity":{"com":0,"pos":0,"neg":1,"neut":0,"none":0},"intensity":{"high":0,"low":0,"meium":1,"none":0},"expressive":{"dir-action":0,"dir-explicit":0.5,"dir-speech":0.5,"indirect":0,"writing-device":0}}]