[{"id":"미스터빠삭돈까스베이커리","permalink":"","username":"asdfg","text":"가성비가 참 좋은거 같습니다\n번창하세요~","date":"Mon Dec 10 23:59:44 +0000 2018","retweets":"30","favorites":"20","mentions":[],"hashtags":[],"geo":"","raw":"가성비가 참 좋은거 같습니다\n번창하세요~","polarity":{"com":0.00446428575,"pos":0.37813311699999996,"neg":0.51243506475,"neut":0.06554383125,"none":0.03942370125},"intensity":{"high":0.11290584425000001,"low":0.08224025974999999,"meium":0.76319805175,"none":0.04165584425},"expressive":{"dir-action":0,"dir-explicit":0.24375,"dir-speech":0.3326704545,"indirect":0.13415584425,"writing-device":0.28942370125}},{"id":"미스터빠삭돈까스베이커리","permalink":"","username":"asdfg","text":"맛은 그냥 그렇고 배달짱빠름","date":"Mon Dec 10 23:59:44 +0000 2018","retweets":"30","favorites":"20","mentions":[],"hashtags":[],"geo":"","raw":"맛은 그냥 그렇고 배달짱빠름","polarity":{"com":0,"pos":0.75,"neg":0.25,"neut":0,"none":0},"intensity":{"high":0,"low":0.08333333325,"meium":0.91666666675,"none":0},"expressive":{"dir-action":0,"dir-explicit":0,"dir-speech":0.75,"indirect":0.25,"writing-device":0}},{"id":"미스터빠삭돈까스베이커리","permalink":"","username":"asdfg","text":"맛이나 양은 괜찮더라구요. 배달이 완전 늦었는데 전화했더니 사장님 음식 식을일 없다고 장담 하시든데 치즈롤 보이시나요? 잘랐더니 치즈 뚝뚝 끈기네요. 라볶이 물론 뜨겁게 왔지만 라면과 당면 불은건 괜찮은건가요? 배달이 잘못되도 사장님 사과한마디 없으시고 무뚝뚝 대응. 또 시키진 않을것 같네요.","date":"Mon Dec 10 23:59:44 +0000 2018","retweets":"30","favorites":"20","mentions":[],"hashtags":[],"geo":"","raw":"맛이나 양은 괜찮더라구요. 배달이 완전 늦었는데 전화했더니 사장님 음식 식을일 없다고 장담 하시든데 치즈롤 보이시나요? 잘랐더니 치즈 뚝뚝 끈기네요. 라볶이 물론 뜨겁게 왔지만 라면과 당면 불은건 괜찮은건가요? 배달이 잘못되도 사장님 사과한마디 없으시고 무뚝뚝 대응. 또 시키진 않을것 같네요.","polarity":{"com":0.05064456391084153,"pos":0.4455711656762795,"neg":0.31554270472541107,"neut":0.028995908781347994,"none":0.15924565690611972},"intensity":{"high":0.18854292026906702,"low":0.058852264785167474,"meium":0.5933591580257982,"none":0.15924565691996717},"expressive":{"dir-action":0,"dir-explicit":0.19019634588823525,"dir-speech":0.33821189752110276,"indirect":0.30335003752565,"writing-device":0.16824171906501192}},{"id":"미스터빠삭돈까스베이커리","permalink":"","username":"asdfg","text":"오늘은 단품으로만 주문했습니다. 15000원 이상 주문해야해서 여러가지 시켰습니다. 다음엔 국물떡볶이 먹어볼려구요ㅎ","date":"Mon Dec 10 23:59:44 +0000 2018","retweets":"30","favorites":"20","mentions":[],"hashtags":[],"geo":"","raw":"오늘은 단품으로만 주문했습니다. 15000원 이상 주문해야해서 여러가지 시켰습니다. 다음엔 국물떡볶이 먹어볼려구요ㅎ","polarity":{"com":0.006715308401343061,"pos":0.2790310176558062,"neg":0.5799933738159987,"neut":0.05421259041084251,"none":0.08004770971600954},"intensity":{"high":0.11999619151199965,"low":0.1464220910146422,"meium":0.6519544748651955,"none":0.08162724260816273},"expressive":{"dir-action":0.0024397479002439748,"dir-explicit":0.19217845831921787,"dir-speech":0.4971550483497156,"indirect":0.22570756092257077,"writing-device":0.08251918450825192}},{"id":"미스터빠삭돈까스베이커리","permalink":"","username":"asdfg","text":"너무 맛있어요!\n소스는 제 취향이 아니었지만 케찹만 뿌려먹어도 너무 맛있었어요!\n모짜렐라가 품절이라 못 먹어서 아쉽네요ㅠㅠ 다음에 꼭 먹고 싶어요!!","date":"Mon Dec 10 23:59:44 +0000 2018","retweets":"30","favorites":"20","mentions":[],"hashtags":[],"geo":"","raw":"너무 맛있어요!\n소스는 제 취향이 아니었지만 케찹만 뿌려먹어도 너무 맛있었어요!\n모짜렐라가 품절이라 못 먹어서 아쉽네요ㅠㅠ 다음에 꼭 먹고 싶어요!!","polarity":{"com":0.029656372156127417,"pos":0.30520276533116947,"neg":0.5439833598879987,"neut":0.03561411223350878,"none":0.08554339039119564},"intensity":{"high":0.11086696985468208,"low":0.1003657898538743,"meium":0.7021981685155537,"none":0.08656907177588993},"expressive":{"dir-action":0.0003388681538982874,"dir-explicit":0.2648934417330605,"dir-speech":0.38963829221379054,"indirect":0.2584902291166908,"writing-device":0.08663916878255988}},{"id":"미스터빠삭돈까스베이커리","permalink":"","username":"asdfg","text":"저번에 먹었던게 생각나서 또 시켰습니다. 다시 먹어도 맛있네요. 치즈 돈까스는 항상 맛있습니다. 마늘 돈까스도 담백하니 손이 계속갔습니다. 금액 맞출려고 고구마 돈까스를 추가해서 먹었는데 여기 돈까스는 다 맛있군요. 게다가 양도 많아서 남겼습니다. 제가 원래 소스는 추가하지 않는데 매운 소스가 궁금해서 시켜봤습니다. 강추입니다. 맵기만 한게 아니라 약간 달달하고 매운 맛은 금방 사라집니다. 돈까스랑 궁합이 잘 맞습니다. 짱짱","date":"Mon Dec 10 23:59:44 +0000 2018","retweets":"30","favorites":"20","mentions":[],"hashtags":[],"geo":"","raw":"저번에 먹었던게 생각나서 또 시켰습니다. 다시 먹어도 맛있네요. 치즈 돈까스는 항상 맛있습니다. 마늘 돈까스도 담백하니 손이 계속갔습니다. 금액 맞출려고 고구마 돈까스를 추가해서 먹었는데 여기 돈까스는 다 맛있군요. 게다가 양도 많아서 남겼습니다. 제가 원래 소스는 추가하지 않는데 매운 소스가 궁금해서 시켜봤습니다. 강추입니다. 맵기만 한게 아니라 약간 달달하고 매운 맛은 금방 사라집니다. 돈까스랑 궁합이 잘 맞습니다. 짱짱","polarity":{"com":0.0067307470627103365,"pos":0.368191818511506,"neg":0.49660859251551903,"neut":0.040806885063775215,"none":0.08766195684648943},"intensity":{"high":0.10740948331921309,"low":0.13366314560210393,"meium":0.6699822654168739,"none":0.08894510566180905},"expressive":{"dir-action":0.0013920194375,"dir-explicit":0.19260105206250003,"dir-speech":0.5209100955625,"indirect":0.18958482453125,"writing-device":0.09551200840625002}},{"id":"미스터빠삭돈까스베이커리","permalink":"","username":"asdfg","text":"리뷰보고 주문햤는데 맛있네요.\n바삭한 돈까스와 김치롤 돈까스. 쫄깃한 라떡볶이. 굿굿굿.\n잘 먹고 있습니다.\n많이 파세요^^","date":"Mon Dec 10 23:59:44 +0000 2018","retweets":"30","favorites":"20","mentions":[],"hashtags":[],"geo":"","raw":"리뷰보고 주문햤는데 맛있네요.\n바삭한 돈까스와 김치롤 돈까스. 쫄깃한 라떡볶이. 굿굿굿.\n잘 먹고 있습니다.\n많이 파세요^^","polarity":{"com":0.002669336000296593,"pos":0.6761368511862375,"neg":0.28068306403118704,"neut":0.03784141278198238,"none":0.002669336000296593},"intensity":{"high":0.05573490155555554,"low":0.13099170599999999,"meium":0.8102703894444444,"none":0.0030030029999999993},"expressive":{"dir-action":0.00033366699999999995,"dir-explicit":0.2957022497777777,"dir-speech":0.26261142099999996,"indirect":0.43834965922222213,"writing-device":0.0030030029999999993}},{"id":"미스터빠삭돈까스베이커리","permalink":"","username":"asdfg","text":"고기가 아주 연해요. 3명이서 정식3개와 납작 돈까스 1개 주문 했는데 양이 딱 맞아요. 다음에는 돈까스 단품으로만 주문해도 좋을 것 같아요","date":"Mon Dec 10 23:59:44 +0000 2018","retweets":"30","favorites":"20","mentions":[],"hashtags":[],"geo":"","raw":"고기가 아주 연해요. 3명이서 정식3개와 납작 돈까스 1개 주문 했는데 양이 딱 맞아요. 다음에는 돈까스 단품으로만 주문해도 좋을 것 같아요","polarity":{"com":0.004562894818596626,"pos":0.432841748857531,"neg":0.33932431412175673,"neut":0.128127812011648,"none":0.09514323019046754},"intensity":{"high":0.09564037955414913,"low":0.052514991913864995,"meium":0.7561054143414642,"none":0.09573921419052177},"expressive":{"dir-action":0.0009869908181818182,"dir-explicit":0.32235069363636365,"dir-speech":0.3928966683636364,"indirect":0.18910993736363635,"writing-device":0.09465570981818182}},{"id":"미스터빠삭돈까스베이커리","permalink":"","username":"asdfg","text":"저렴한 가격으로 돈까스도 먹고 라볶이도 먹고 구성이 참 알찼습니다ㅎㅎㅎ특히 저 라볶이 담긴 용기는 타 떡볶이집에서 많이 보던 용기인데 거긴 가격이 비싼데 여긴 훨씬 싸고 맛도 얼큰하니 더 맛나서 좋았어요^^","date":"Mon Dec 10 23:59:44 +0000 2018","retweets":"30","favorites":"20","mentions":[],"hashtags":[],"geo":"","raw":"저렴한 가격으로 돈까스도 먹고 라볶이도 먹고 구성이 참 알찼습니다ㅎㅎㅎ특히 저 라볶이 담긴 용기는 타 떡볶이집에서 많이 보던 용기인데 거긴 가격이 비싼데 여긴 훨씬 싸고 맛도 얼큰하니 더 맛나서 좋았어요^^","polarity":{"com":0.007566844095598424,"pos":0.5772997972179666,"neg":0.2930267727282394,"neut":0.04459999219260001,"none":0.07750659376559557},"intensity":{"high":0.14888518882370336,"low":0.12144059367823244,"meium":0.6516718479192067,"none":0.07800236957885737},"expressive":{"dir-action":0.0004957758095238097,"dir-explicit":0.32231506657142855,"dir-speech":0.3229385332857143,"indirect":0.2772797784761905,"writing-device":0.07697084585714287}},{"id":"미스터빠삭돈까스베이커리","permalink":"","username":"asdfg","text":"세트 두개 랑 마늘돈까스랑 빠삭돈까스 두개 추가 했어요\n애들도 진짜 잘먹고 맛있어요","date":"Mon Dec 10 23:59:44 +0000 2018","retweets":"30","favorites":"20","mentions":[],"hashtags":[],"geo":"","raw":"세트 두개 랑 마늘돈까스랑 빠삭돈까스 두개 추가 했어요\n애들도 진짜 잘먹고 맛있어요","polarity":{"com":0.0037274220007454833,"pos":0.2500821016500164,"neg":0.5890311989178062,"neut":0.030935960406187187,"none":0.12622331702524464},"intensity":{"high":0.051559934389688006,"low":0.09100164198179968,"meium":0.7289162560542167,"none":0.12852216757429555},"expressive":{"dir-action":0.0022988506,"dir-explicit":0.112183908,"dir-speech":0.3713300492,"indirect":0.38249589500000003,"writing-device":0.1316912972}},{"id":"미스터빠삭돈까스베이커리","permalink":"","username":"asdfg","text":"새로운 전문돈까스 집이 생겨서 리뷰보고 시켜봤습니\n다^^ 이렇게 맛있는 돈까스를 집에서 그것도 눅눅\n하지않은 바삭한 돈까스를 먹을꺼라고는 생각도 못\n해봤습니다ㅋㅋㅋ 저희집이 좀 멀어서 걱정은 좀\n했는데요 절대 네버 이집은 정말 실력있는 맛있는\n돈까스집입니다! 완전강추합니다! 느끼하지않고 바삭담백 고기두께도완전만족합니다^^ 자르지않고\n통으로 다 넣어주셔서 너무 좋았습니당ㅎㅎ\n떡볶이도 진짜 기가막히게 맛있어용ㅠㅠ \n대파 양배추 야채도 짱 많이주시고 어묵도 완전 크고\n떡볶이 전문점에서 만든 맛있는 떡볶이입니당! ^^\n후회없으실꺼에용ㅎㅎ","date":"Mon Dec 10 23:59:44 +0000 2018","retweets":"30","favorites":"20","mentions":[],"hashtags":[],"geo":"","raw":"새로운 전문돈까스 집이 생겨서 리뷰보고 시켜봤습니\n다^^ 이렇게 맛있는 돈까스를 집에서 그것도 눅눅\n하지않은 바삭한 돈까스를 먹을꺼라고는 생각도 못\n해봤습니다ㅋㅋㅋ 저희집이 좀 멀어서 걱정은 좀\n했는데요 절대 네버 이집은 정말 실력있는 맛있는\n돈까스집입니다! 완전강추합니다! 느끼하지않고 바삭담백 고기두께도완전만족합니다^^ 자르지않고\n통으로 다 넣어주셔서 너무 좋았습니당ㅎㅎ\n떡볶이도 진짜 기가막히게 맛있어용ㅠㅠ \n대파 양배추 야채도 짱 많이주시고 어묵도 완전 크고\n떡볶이 전문점에서 만든 맛있는 떡볶이입니당! ^^\n후회없으실꺼에용ㅎㅎ","polarity":{"com":0.008943793293119208,"pos":0.4096952460443754,"neg":0.4112768301176232,"neut":0.07556777144271062,"none":0.09451635910217153},"intensity":{"high":0.09260431592005336,"low":0.10900383130909731,"meium":0.7023916085339713,"none":0.09600024423687804},"expressive":{"dir-action":0.0011323555362815632,"dir-explicit":0.2973783662128985,"dir-speech":0.4331445067130588,"indirect":0.17211165041723836,"writing-device":0.0962331211205228}},{"id":"미스터빠삭돈까스베이커리","permalink":"","username":"asdfg","text":"리뷰보고 주문햇는데 우아 ㅎㅎ 돈까스 엄청 맛잇어요 ㅎㅎ\n같이나오는 샐러드도 맛나네요 ㅎ 소스를 만드시는건가요?ㅎ \n암튼 넘넘 맛잇엇는데 가격보고 또 놀랫네요.\n리뷰에 싸다그래소 그래봣자 5000원은 넘겟지(사진보구요) 햇느넫 ㅋㅋㅋㅋㅋ\n남는데 잇으신가 오히려 걱정이 되네요. \n먹는 저희는 좋지만요 ㅎ 아 돈까스 소스는 좀 아쉽긴한데 그래도 다른곳에 비하면 중상인거같아요 ㅎ\n단점을 꼽으라면 최소주문금액이 15000원인데 음식이 넘 저렴해서 원래시키는거보다 더 시켜야하는?ㅎㅎ 단점아닌 단점임\n그래서 저희는 둘인데 세개시켯어요(다먹음)","date":"Mon Dec 10 23:59:44 +0000 2018","retweets":"30","favorites":"20","mentions":[],"hashtags":[],"geo":"","raw":"리뷰보고 주문햇는데 우아 ㅎㅎ 돈까스 엄청 맛잇어요 ㅎㅎ\n같이나오는 샐러드도 맛나네요 ㅎ 소스를 만드시는건가요?ㅎ \n암튼 넘넘 맛잇엇는데 가격보고 또 놀랫네요.\n리뷰에 싸다그래소 그래봣자 5000원은 넘겟지(사진보구요) 햇느넫 ㅋㅋㅋㅋㅋ\n남는데 잇으신가 오히려 걱정이 되네요. \n먹는 저희는 좋지만요 ㅎ 아 돈까스 소스는 좀 아쉽긴한데 그래도 다른곳에 비하면 중상인거같아요 ㅎ\n단점을 꼽으라면 최소주문금액이 15000원인데 음식이 넘 저렴해서 원래시키는거보다 더 시켜야하는?ㅎㅎ 단점아닌 단점임\n그래서 저희는 둘인데 세개시켯어요(다먹음)","polarity":{"com":0.014099451000352486,"pos":0.4684893724867122,"neg":0.3947490249348688,"neut":0.03168647137579217,"none":0.09097568020227441},"intensity":{"high":0.16010242177001274,"low":0.13876931184234612,"meium":0.6095698904761963,"none":0.09155837591144479},"expressive":{"dir-action":0.0005826957000291347,"dir-explicit":0.2598677633129933,"dir-speech":0.3216686843160834,"indirect":0.28081079336404063,"writing-device":0.1370700633068535}},{"id":"미스터빠삭돈까스베이커리","permalink":"","username":"asdfg","text":"돈까스를 좋아해서 여기저기서 시켜먹었는데 이 곳이 제일 맛있네요. 가격도 싸서 놀랐습니다. 떡볶이는 2인분이지만 3명이서 먹어도 될 정도로 양이 많고 맛도 정말 맛있습니다. 배달도 빠르게 와서 만족스럽습니다.","date":"Mon Dec 10 23:59:44 +0000 2018","retweets":"30","favorites":"20","mentions":[],"hashtags":[],"geo":"","raw":"돈까스를 좋아해서 여기저기서 시켜먹었는데 이 곳이 제일 맛있네요. 가격도 싸서 놀랐습니다. 떡볶이는 2인분이지만 3명이서 먹어도 될 정도로 양이 많고 맛도 정말 맛있습니다. 배달도 빠르게 와서 만족스럽습니다.","polarity":{"com":0.0077451290999999995,"pos":0.4741539983,"neg":0.36938824215,"neut":0.10119588140000002,"none":0.047516749049999994},"intensity":{"high":0.08135283260813528,"low":0.09312404930931241,"meium":0.7777861047277786,"none":0.047737013354773705},"expressive":{"dir-action":0.0008572069999571396,"dir-explicit":0.24108563088794568,"dir-speech":0.4455777682777211,"indirect":0.2607630737369618,"writing-device":0.05171632009741418}},{"id":"미스터빠삭돈까스베이커리","permalink":"","username":"asdfg","text":"여기 돈까스 진짜 맛있어요 바삭하고 양도 진짜 많아요 이가격이면 진짜 👍🏻👍🏻👍🏻👍🏻👍🏻👍🏻 치즈롤 돈까스도 넘 맛있고 전반적으로 다 맛있었어요 저희집 멀어서 배달 되려마 했는데 해주셔서 넘감서해요^_^","date":"Mon Dec 10 23:59:44 +0000 2018","retweets":"30","favorites":"20","mentions":[],"hashtags":[],"geo":"","raw":"여기 돈까스 진짜 맛있어요 바삭하고 양도 진짜 많아요 이가격이면 진짜 👍🏻👍🏻👍🏻👍🏻👍🏻👍🏻 치즈롤 돈까스도 넘 맛있고 전반적으로 다 맛있었어요 저희집 멀어서 배달 되려마 했는데 해주셔서 넘감서해요^_^","polarity":{"com":0.010287782857142855,"pos":0.44272437049999996,"neg":0.4125508212142857,"neut":0.023830431642857135,"none":0.11060659378571423},"intensity":{"high":0.08533326105314289,"low":0.08146103205397266,"meium":0.719315040845861,"none":0.11389066604702346},"expressive":{"dir-action":0.0032840722864180155,"dir-explicit":0.14660216274570048,"dir-speech":0.5392276496155488,"indirect":0.1909375090409152,"writing-device":0.11994860631141753}},{"id":"미스터빠삭돈까스베이커리","permalink":"","username":"asdfg","text":"맛있고 가격도 착합니다 배달이 심각하게 늦었네요..\n대행업체 잘못이니 ...","date":"Mon Dec 10 23:59:44 +0000 2018","retweets":"30","favorites":"20","mentions":[],"hashtags":[],"geo":"","raw":"맛있고 가격도 착합니다 배달이 심각하게 늦었네요..\n대행업체 잘못이니 ...","polarity":{"com":0,"pos":0.3265306122857143,"neg":0.6734693877142857,"neut":0,"none":0},"intensity":{"high":0.2040816326851312,"low":0.040816326565597666,"meium":0.7551020407492711,"none":0},"expressive":{"dir-action":0,"dir-explicit":0.04081632657142857,"dir-speech":0.16326530614285714,"indirect":0.7959183672857143,"writing-device":0}},{"id":"미스터빠삭돈까스베이커리","permalink":"","username":"asdfg","text":"제가 첫 리뷰네요! 떡볶이도 먹고싶고 돈가스도먹고싶어서 요기요를 딱 켰는데 돈가스 카테고리에 처음보는 집이 생겨서 엇 뭐지 새로생겼나? 하고 메뉴보니까 돈까쓰랑 떡볶이가 뙇!!! 그래서 당장시켰는데 결론: 너무맛있음 진짜 여기이름처럼 빠삭한 돈가스 그리고 솔직히 돈가스전문점이라 떡볶이는 기대안했는데 이게웬걸ㅋㅋㅋ존맛탱 너무맛있어요ㅠㅠ 그래서 떡볶이에 치즈롤찍어먹고있는데 너무 맛있어서 리뷰남깁니다.. 같이 시킨 추가메뉴 하나가 누락됐는데 이건 직접연락주셔서 환불해주신다고 하셨는데 너무 친절하셔서 기분이 너무 좋았습니다.자주시켜먹을듯","date":"Mon Dec 10 23:59:44 +0000 2018","retweets":"30","favorites":"20","mentions":[],"hashtags":[],"geo":"","raw":"제가 첫 리뷰네요! 떡볶이도 먹고싶고 돈가스도먹고싶어서 요기요를 딱 켰는데 돈가스 카테고리에 처음보는 집이 생겨서 엇 뭐지 새로생겼나? 하고 메뉴보니까 돈까쓰랑 떡볶이가 뙇!!! 그래서 당장시켰는데 결론: 너무맛있음 진짜 여기이름처럼 빠삭한 돈가스 그리고 솔직히 돈가스전문점이라 떡볶이는 기대안했는데 이게웬걸ㅋㅋㅋ존맛탱 너무맛있어요ㅠㅠ 그래서 떡볶이에 치즈롤찍어먹고있는데 너무 맛있어서 리뷰남깁니다.. 같이 시킨 추가메뉴 하나가 누락됐는데 이건 직접연락주셔서 환불해주신다고 하셨는데 너무 친절하셔서 기분이 너무 좋았습니다.자주시켜먹을듯","polarity":{"com":0.02337618711627906,"pos":0.4049725817906976,"neg":0.47670913604651166,"neut":0.037309022511627904,"none":0.057633072534883714},"intensity":{"high":0.09440047485607438,"low":0.12496948727325721,"meium":0.7218441602454956,"none":0.058785877625172754},"expressive":{"dir-action":0.0036347229764060723,"dir-explicit":0.25647194069707235,"dir-speech":0.45589524137619575,"indirect":0.22216931444444943,"writing-device":0.0618287805058764}}]