[{"id":"하늘돈까스-본점","permalink":"","username":"asdfg","text":"고기가 두껍고 맛있습니다","date":"Mon Dec 10 23:59:44 +0000 2018","retweets":"30","favorites":"20","mentions":[],"hashtags":[],"geo":"","raw":"고기가 두껍고 맛있습니다","polarity":{"com":0,"pos":0,"neg":0.5,"neut":0.5,"none":0},"intensity":{"high":0,"low":0,"meium":1,"none":0},"expressive":{"dir-action":0,"dir-explicit":0,"dir-speech":1,"indirect":0,"writing-device":0}},{"id":"하늘돈까스-본점","permalink":"","username":"asdfg","text":"맛있게잘먹었습니다\n담에 치즈돈까스먹어봐야쥥~!","date":"Mon Dec 10 23:59:44 +0000 2018","retweets":"30","favorites":"20","mentions":[],"hashtags":[],"geo":"","raw":"맛있게잘먹었습니다\n담에 치즈돈까스먹어봐야쥥~!","polarity":{"com":0,"pos":0.34920634911640214,"neg":0.6269841272089948,"neut":0.023809523674603175,"none":0},"intensity":{"high":0.037037037,"low":0.14550264533333332,"meium":0.8174603176666667,"none":0},"expressive":{"dir-action":0,"dir-explicit":0.14550264533333332,"dir-speech":0.6402116403333333,"indirect":0.21428571433333332,"writing-device":0}},{"id":"하늘돈까스-본점","permalink":"","username":"asdfg","text":"맛있게 잘먹었습니당","date":"Mon Dec 10 23:59:44 +0000 2018","retweets":"30","favorites":"20","mentions":[],"hashtags":[],"geo":"","raw":"맛있게 잘먹었습니당","polarity":{"com":0,"pos":0.35714285717857136,"neg":0.6071428573035714,"neut":0.03571428551785714,"none":0},"intensity":{"high":0,"low":0.107142857,"meium":0.8928571430000001,"none":0},"expressive":{"dir-action":0,"dir-explicit":0.107142857,"dir-speech":0.5714285715,"indirect":0.3214285715,"writing-device":0}},{"id":"하늘돈까스-본점","permalink":"","username":"asdfg","text":"배달 돈까스중에는 가장 낳았요~~","date":"Mon Dec 10 23:59:44 +0000 2018","retweets":"30","favorites":"20","mentions":[],"hashtags":[],"geo":"","raw":"배달 돈까스중에는 가장 낳았요~~","polarity":{"com":0,"pos":1,"neg":0,"neut":0,"none":0},"intensity":{"high":0,"low":0.111111111,"meium":0.888888889,"none":0},"expressive":{"dir-action":0,"dir-explicit":0.22222222233333333,"dir-speech":0.44444444433333335,"indirect":0.3333333333333333,"writing-device":0}},{"id":"하늘돈까스-본점","permalink":"","username":"asdfg","text":"맛있어요.다시 시켜먹을듯요~","date":"Mon Dec 10 23:59:44 +0000 2018","retweets":"30","favorites":"20","mentions":[],"hashtags":[],"geo":"","raw":"맛있어요.다시 시켜먹을듯요~","polarity":{"com":0,"pos":0.351190476,"neg":0.5714285715,"neut":0,"none":0.07738095249999999},"intensity":{"high":0.06349206348412699,"low":0.09722222222569443,"meium":0.7619047618095237,"none":0.07738095248065475},"expressive":{"dir-action":0,"dir-explicit":0.132936508,"dir-speech":0.70634920625,"indirect":0.08333333325,"writing-device":0.07738095249999999}},{"id":"하늘돈까스-본점","permalink":"","username":"asdfg","text":"맛있어요!! 치즈돈까스 추천!!","date":"Mon Dec 10 23:59:44 +0000 2018","retweets":"30","favorites":"20","mentions":[],"hashtags":[],"geo":"","raw":"맛있어요!! 치즈돈까스 추천!!","polarity":{"com":0,"pos":0.3333333335,"neg":0.5,"neut":0.1666666665,"none":0},"intensity":{"high":0.1666666665,"low":0,"meium":0.8333333334999999,"none":0},"expressive":{"dir-action":0,"dir-explicit":0.1666666665,"dir-speech":0.5,"indirect":0.3333333335,"writing-device":0}},{"id":"하늘돈까스-본점","permalink":"","username":"asdfg","text":"맛있어욜~~~~ㅋㅋㅋㅋ","date":"Mon Dec 10 23:59:44 +0000 2018","retweets":"30","favorites":"20","mentions":[],"hashtags":[],"geo":"","raw":"맛있어욜~~~~ㅋㅋㅋㅋ","polarity":{"com":null,"pos":null,"neg":null,"neut":null,"none":null},"intensity":{"high":null,"low":null,"meium":null,"none":null},"expressive":{"dir-action":null,"dir-explicit":null,"dir-speech":null,"indirect":null,"writing-device":null}},{"id":"하늘돈까스-본점","permalink":"","username":"asdfg","text":"맛도 괜찮고 음식도 괜찮게나와영 양도 많고해영 ㅎ","date":"Mon Dec 10 23:59:44 +0000 2018","retweets":"30","favorites":"20","mentions":[],"hashtags":[],"geo":"","raw":"맛도 괜찮고 음식도 괜찮게나와영 양도 많고해영 ㅎ","polarity":{"com":0.019642857,"pos":0.5263975155,"neg":0.33059006225,"neut":0.014440993749999999,"none":0.1089285715},"intensity":{"high":0.10093167702523291,"low":0.11863354027965838,"meium":0.6715062111678766,"none":0.10892857152723213},"expressive":{"dir-action":0.017857142754464286,"dir-explicit":0.248291925562073,"dir-speech":0.5222049688805512,"indirect":0.10450310552612578,"writing-device":0.10714285727678571}},{"id":"하늘돈까스-본점","permalink":"","username":"asdfg","text":"치즈돈까스1, 히레까스1\n양도 푸짐한데 맛도 있어서 좋았어요.\n배달도 늦는편도 아니였구요^^","date":"Mon Dec 10 23:59:44 +0000 2018","retweets":"30","favorites":"20","mentions":[],"hashtags":[],"geo":"","raw":"치즈돈까스1, 히레까스1\n양도 푸짐한데 맛도 있어서 좋았어요.\n배달도 늦는편도 아니였구요^^","polarity":{"com":0.004455050221727218,"pos":0.5451885401616458,"neg":0.2438407088617955,"neut":0.057658940993593456,"none":0.14885675976123816},"intensity":{"high":0.06713091299254101,"low":0.08656896821260346,"meium":0.6971096920336545,"none":0.1491904267612011},"expressive":{"dir-action":0.0003336669999629259,"dir-explicit":0.26063746897104023,"dir-speech":0.33339727085184473,"indirect":0.2600838200822129,"writing-device":0.14554777309493916}},{"id":"하늘돈까스-본점","permalink":"","username":"asdfg","text":"맛있게 잘 먹었습니다","date":"Mon Dec 10 23:59:44 +0000 2018","retweets":"30","favorites":"20","mentions":[],"hashtags":[],"geo":"","raw":"맛있게 잘 먹었습니다","polarity":{"com":0,"pos":0.35714285717857136,"neg":0.6071428573035714,"neut":0.03571428551785714,"none":0},"intensity":{"high":0,"low":0.107142857,"meium":0.8928571430000001,"none":0},"expressive":{"dir-action":0,"dir-explicit":0.107142857,"dir-speech":0.5714285715,"indirect":0.3214285715,"writing-device":0}},{"id":"하늘돈까스-본점","permalink":"","username":"asdfg","text":"배달원은 친절\n맛도 좋고 \n양도 좋음\n딱 한가지 맘에 안듬\n소스가 이집만의 특별한소스인데 \n내취향이 아님\n호불호갈릴듯 \n결론은 95프로 만족!","date":"Mon Dec 10 23:59:44 +0000 2018","retweets":"30","favorites":"20","mentions":[],"hashtags":[],"geo":"","raw":"배달원은 친절\n맛도 좋고 \n양도 좋음\n딱 한가지 맘에 안듬\n소스가 이집만의 특별한소스인데 \n내취향이 아님\n호불호갈릴듯 \n결론은 95프로 만족!","polarity":{"com":0.01860499327674417,"pos":0.5172103214712661,"neg":0.3612719922577071,"neut":0.06072949394107059,"none":0.04218319905321205},"intensity":{"high":0.10268808941170847,"low":0.08782319718618292,"meium":0.7664452701147656,"none":0.04304344328734299},"expressive":{"dir-action":0.0006031610555890644,"dir-explicit":0.2719449210151081,"dir-speech":0.37364446840964693,"indirect":0.30681796551704543,"writing-device":0.04698948400261053}},{"id":"하늘돈까스-본점","permalink":"","username":"asdfg","text":"양도많구 잘먹었습니다!!","date":"Mon Dec 10 23:59:44 +0000 2018","retweets":"30","favorites":"20","mentions":[],"hashtags":[],"geo":"","raw":"양도많구 잘먹었습니다!!","polarity":{"com":0,"pos":0.5527950312763976,"neg":0.38975155269487577,"neut":0.0574534160287267,"none":0},"intensity":{"high":0.1304347825652174,"low":0.21583850910791927,"meium":0.6537267083268634,"none":0},"expressive":{"dir-action":0,"dir-explicit":0.3680124221840062,"dir-speech":0.1801242235900621,"indirect":0.45186335422593166,"writing-device":0}},{"id":"하늘돈까스-본점","permalink":"","username":"asdfg","text":"짱마디또요❤️❤️❤️❤️✊🏻✊🏻","date":"Mon Dec 10 23:59:44 +0000 2018","retweets":"30","favorites":"20","mentions":[],"hashtags":[],"geo":"","raw":"짱마디또요❤️❤️❤️❤️✊🏻✊🏻","polarity":{"com":0,"pos":0.14285714285714285,"neg":0.42857142857142855,"neut":0,"none":0.42857142857142855},"intensity":{"high":0,"low":0,"meium":0.571428571,"none":0.428571429},"expressive":{"dir-action":0,"dir-explicit":0.142857143,"dir-speech":0.285714286,"indirect":0,"writing-device":0.571428571}},{"id":"하늘돈까스-본점","permalink":"","username":"asdfg","text":"엄청많아요 맛있구요","date":"Mon Dec 10 23:59:44 +0000 2018","retweets":"30","favorites":"20","mentions":[],"hashtags":[],"geo":"","raw":"엄청많아요 맛있구요","polarity":{"com":0,"pos":0.195652174,"neg":0.7826086955,"neut":0.0217391305,"none":0},"intensity":{"high":0.1304347825652174,"low":0.10869565205434782,"meium":0.7608695653804347,"none":0},"expressive":{"dir-action":0,"dir-explicit":0.2608695651304348,"dir-speech":0.6086956523043479,"indirect":0.1304347825652174,"writing-device":0}},{"id":"하늘돈까스-본점","permalink":"","username":"asdfg","text":"항상 맛있어용ㅎㅎ헤","date":"Mon Dec 10 23:59:44 +0000 2018","retweets":"30","favorites":"20","mentions":[],"hashtags":[],"geo":"","raw":"항상 맛있어용ㅎㅎ헤","polarity":{"com":0,"pos":1,"neg":0,"neut":0,"none":0},"intensity":{"high":0,"low":0,"meium":1,"none":0},"expressive":{"dir-action":0,"dir-explicit":0.5,"dir-speech":0.5,"indirect":0,"writing-device":0}},{"id":"하늘돈까스-본점","permalink":"","username":"asdfg","text":"맛있게 잘먹었습니다~감사합니다","date":"Mon Dec 10 23:59:44 +0000 2018","retweets":"30","favorites":"20","mentions":[],"hashtags":[],"geo":"","raw":"맛있게 잘먹었습니다~감사합니다","polarity":{"com":0,"pos":0.5714285715238094,"neg":0.40476190480158736,"neut":0.023809523674603175,"none":0},"intensity":{"high":0.3333333333333333,"low":0.07142857133333333,"meium":0.5952380953333334,"none":0},"expressive":{"dir-action":0,"dir-explicit":0.07142857133333333,"dir-speech":0.7142857143333333,"indirect":0.21428571433333332,"writing-device":0}},{"id":"하늘돈까스-본점","permalink":"","username":"asdfg","text":"굿","date":"Mon Dec 10 23:59:44 +0000 2018","retweets":"30","favorites":"20","mentions":[],"hashtags":[],"geo":"","raw":"굿","polarity":{"com":0,"pos":1,"neg":0,"neut":0,"none":0},"intensity":{"high":0,"low":0,"meium":1,"none":0},"expressive":{"dir-action":0,"dir-explicit":0,"dir-speech":0,"indirect":1,"writing-device":0}},{"id":"하늘돈까스-본점","permalink":"","username":"asdfg","text":"배달도 생각보다 빠르고 맛있네요","date":"Mon Dec 10 23:59:44 +0000 2018","retweets":"30","favorites":"20","mentions":[],"hashtags":[],"geo":"","raw":"배달도 생각보다 빠르고 맛있네요","polarity":{"com":0,"pos":0.59375,"neg":0.33333333325000003,"neut":0.0625,"none":0.01041666675},"intensity":{"high":0.020833333250000002,"low":0.14583333325000003,"meium":0.8229166667500001,"none":0.010416666750000001},"expressive":{"dir-action":0,"dir-explicit":0.09375,"dir-speech":0.61458333325,"indirect":0.28125,"writing-device":0.01041666675}},{"id":"하늘돈까스-본점","permalink":"","username":"asdfg","text":"함박스테이크는 그저그랬지만 제육은 맛있네요\n단 배달이 너무 늦었어요\n7시에 먹으려고 6시반에주문하고 8시 반에도착했네요 ㅜㅜ","date":"Mon Dec 10 23:59:44 +0000 2018","retweets":"30","favorites":"20","mentions":[],"hashtags":[],"geo":"","raw":"함박스테이크는 그저그랬지만 제육은 맛있네요\n단 배달이 너무 늦었어요\n7시에 먹으려고 6시반에주문하고 8시 반에도착했네요 ㅜㅜ","polarity":{"com":0.019906792779989642,"pos":0.6295235587366137,"neg":0.31121101059013456,"neut":0.02366748533596305,"none":0.01569115255729902},"intensity":{"high":0.05857712745095302,"low":0.3172107617019123,"meium":0.6082820096231425,"none":0.015930101223992233},"expressive":{"dir-action":0.000716845888888889,"dir-explicit":0.28194954311111114,"dir-speech":0.39823382455555556,"indirect":0.3016449654444444,"writing-device":0.017454820999999995}},{"id":"하늘돈까스-본점","permalink":"","username":"asdfg","text":"세젤맛돈까스 두개시키면 4끼해결","date":"Mon Dec 10 23:59:44 +0000 2018","retweets":"30","favorites":"20","mentions":[],"hashtags":[],"geo":"","raw":"세젤맛돈까스 두개시키면 4끼해결","polarity":{"com":0,"pos":0.8148148146666667,"neg":0.1851851853333333,"neut":0,"none":0},"intensity":{"high":0.055555555648148146,"low":0.018518518660493827,"meium":0.925925925691358,"none":0},"expressive":{"dir-action":0.018518518666666667,"dir-explicit":0.12962962966666666,"dir-speech":0.40740740733333336,"indirect":0.44444444433333335,"writing-device":0}},{"id":"하늘돈까스-본점","permalink":"","username":"asdfg","text":"돈까스는 진짜 배달이라고 믿을수 없을만큼 맛있었어요....! 와 고기 정말 촉촉 도톰한데 겉 튀김은 바삭하고 정말 맛있어요! 너무 맛있어서 허겁지겁 먹었네요!\n사이드로 나온 깍두기와 셀러드는 좀 맛없어요 ㅠㅡㅠ...\n제육볶음은 양 정말정말 푸짐, 거의 2인분 들어있는 것 같아요! 맛은 무난했아여~ 매콤달콤해요!\n반찬으로 온 멸치볶음 맛있어용!\n\n다음에는 치츠돈까스로 시켜봐야겠어요! 튀김류는 다 먹어보고싶내요!","date":"Mon Dec 10 23:59:44 +0000 2018","retweets":"30","favorites":"20","mentions":[],"hashtags":[],"geo":"","raw":"돈까스는 진짜 배달이라고 믿을수 없을만큼 맛있었어요....! 와 고기 정말 촉촉 도톰한데 겉 튀김은 바삭하고 정말 맛있어요! 너무 맛있어서 허겁지겁 먹었네요!\n사이드로 나온 깍두기와 셀러드는 좀 맛없어요 ㅠㅡㅠ...\n제육볶음은 양 정말정말 푸짐, 거의 2인분 들어있는 것 같아요! 맛은 무난했아여~ 매콤달콤해요!\n반찬으로 온 멸치볶음 맛있어용!\n\n다음에는 치츠돈까스로 시켜봐야겠어요! 튀김류는 다 먹어보고싶내요!","polarity":{"com":0.01539815634329709,"pos":0.4606389565274468,"neg":0.3407134192668774,"neut":0.086074900116745,"none":0.09717456774563354},"intensity":{"high":0.1034808294029566,"low":0.10857910037453086,"meium":0.6950273998484294,"none":0.09291267037408323},"expressive":{"dir-action":0.0025408237145760943,"dir-explicit":0.25121588814299606,"dir-speech":0.46313566648150123,"indirect":0.1835697495066937,"writing-device":0.0995378721542329}},{"id":"하늘돈까스-본점","permalink":"","username":"asdfg","text":"언제나 맛있어요~~","date":"Mon Dec 10 23:59:44 +0000 2018","retweets":"30","favorites":"20","mentions":[],"hashtags":[],"geo":"","raw":"언제나 맛있어요~~","polarity":{"com":0,"pos":0,"neg":1,"neut":0,"none":0},"intensity":{"high":0,"low":0,"meium":1,"none":0},"expressive":{"dir-action":0,"dir-explicit":0,"dir-speech":1,"indirect":0,"writing-device":0}},{"id":"하늘돈까스-본점","permalink":"","username":"asdfg","text":"돈까스가 너무 튀겨져서 너무 딱딱했다. 거의 과자보다 딱딱했다. 좋게말하몀 바삭한거지만 입천장 다 벗겨졌다. 그거 빼고는 다 괜찮았다. 그리고 돈부리는 뜨거운 상태로 빠르게 배달이 왔다.","date":"Mon Dec 10 23:59:44 +0000 2018","retweets":"30","favorites":"20","mentions":[],"hashtags":[],"geo":"","raw":"돈까스가 너무 튀겨져서 너무 딱딱했다. 거의 과자보다 딱딱했다. 좋게말하몀 바삭한거지만 입천장 다 벗겨졌다. 그거 빼고는 다 괜찮았다. 그리고 돈부리는 뜨거운 상태로 빠르게 배달이 왔다.","polarity":{"com":0.009453781529967868,"pos":0.4900958844994174,"neg":0.3685216308452071,"neut":0.06329903753313525,"none":0.06862966559227232},"intensity":{"high":0.11011814986292034,"low":0.1083107088632393,"meium":0.7124162655801619,"none":0.06915487569367856},"expressive":{"dir-action":0,"dir-explicit":0.1604078383834574,"dir-speech":0.3205957168846008,"indirect":0.42246331010191823,"writing-device":0.09653313463002355}},{"id":"하늘돈까스-본점","permalink":"","username":"asdfg","text":"항상 맛있어요 근데 이번에는 소스랑 수저랑 젓가락 하나도없더라고여 잘좀 챙겨주세요","date":"Mon Dec 10 23:59:44 +0000 2018","retweets":"30","favorites":"20","mentions":[],"hashtags":[],"geo":"","raw":"항상 맛있어요 근데 이번에는 소스랑 수저랑 젓가락 하나도없더라고여 잘좀 챙겨주세요","polarity":{"com":0.003236246001078749,"pos":0.4916525401638842,"neg":0.4095520626365174,"neut":0.05967791635322598,"none":0.03588123484529376},"intensity":{"high":0.042507833826248696,"low":0.11538757898076872,"meium":0.8046052293658992,"none":0.03749935782708344},"expressive":{"dir-action":0,"dir-explicit":0.43098577083333334,"dir-speech":0.3729002928333333,"indirect":0.15273282983333333,"writing-device":0.043381106499999995}},{"id":"하늘돈까스-본점","permalink":"","username":"asdfg","text":"돈까스가 바삭하고 너무 맛있어요","date":"Mon Dec 10 23:59:44 +0000 2018","retweets":"30","favorites":"20","mentions":[],"hashtags":[],"geo":"","raw":"돈까스가 바삭하고 너무 맛있어요","polarity":{"com":0.057402846333333334,"pos":0.29180350299999996,"neg":0.5269567596666667,"neut":0.04977422,"none":0.074062671},"intensity":{"high":0.13950465262016512,"low":0.125478927291507,"meium":0.6541461407819513,"none":0.08087027930637657},"expressive":{"dir-action":0.0038314176679438063,"dir-explicit":0.3691160371230387,"dir-speech":0.3373357964457786,"indirect":0.2041598250680533,"writing-device":0.08555692369518567}},{"id":"하늘돈까스-본점","permalink":"","username":"asdfg","text":"배달이 조금 느리긴 했는데 정말 맛있었어요!감사합니다~^^","date":"Mon Dec 10 23:59:44 +0000 2018","retweets":"30","favorites":"20","mentions":[],"hashtags":[],"geo":"","raw":"배달이 조금 느리긴 했는데 정말 맛있었어요!감사합니다~^^","polarity":{"com":0.0019157088333333332,"pos":0.5662802961666666,"neg":0.17660037033333334,"neut":0.10606354116666666,"none":0.1491400835},"intensity":{"high":0.2747750656666667,"low":0.11564208533333332,"meium":0.45852705666666665,"none":0.15105579233333333},"expressive":{"dir-action":0.0019157088333333332,"dir-explicit":0.30678247016666665,"dir-speech":0.4664374273333333,"indirect":0.04937793283333333,"writing-device":0.17548646083333333}},{"id":"하늘돈까스-본점","permalink":"","username":"asdfg","text":"맛있게 잘먹었어요~~","date":"Mon Dec 10 23:59:44 +0000 2018","retweets":"30","favorites":"20","mentions":[],"hashtags":[],"geo":"","raw":"맛있게 잘먹었어요~~","polarity":{"com":0,"pos":0.35714285717857136,"neg":0.6071428573035714,"neut":0.03571428551785714,"none":0},"intensity":{"high":0,"low":0.107142857,"meium":0.8928571430000001,"none":0},"expressive":{"dir-action":0,"dir-explicit":0.107142857,"dir-speech":0.5714285715,"indirect":0.3214285715,"writing-device":0}},{"id":"하늘돈까스-본점","permalink":"","username":"asdfg","text":"너무맛있거 요청사항까지 감사합니다","date":"Mon Dec 10 23:59:44 +0000 2018","retweets":"30","favorites":"20","mentions":[],"hashtags":[],"geo":"","raw":"너무맛있거 요청사항까지 감사합니다","polarity":{"com":0.040552995499999994,"pos":0.46020108925000003,"neg":0.3008343805,"neut":0.020967742,"none":0.17744379275},"intensity":{"high":0.3547514313386879,"low":0.07611018001902754,"meium":0.3797933250949483,"none":0.18934506354733627},"expressive":{"dir-action":0.0016129032504032257,"dir-explicit":0.4940790393735197,"dir-speech":0.17917539454479384,"indirect":0.1363252337840813,"writing-device":0.18880742904720185}},{"id":"하늘돈까스-본점","permalink":"","username":"asdfg","text":"돈까스 안에 고기가 참 두껍고 맛있습니다","date":"Mon Dec 10 23:59:44 +0000 2018","retweets":"30","favorites":"20","mentions":[],"hashtags":[],"geo":"","raw":"돈까스 안에 고기가 참 두껍고 맛있습니다","polarity":{"com":0,"pos":0.3333333333333333,"neg":0.3333333333333333,"neut":0.3333333333333333,"none":0},"intensity":{"high":0.25,"low":0.16666666675,"meium":0.58333333325,"none":0},"expressive":{"dir-action":0,"dir-explicit":0.25,"dir-speech":0.66666666675,"indirect":0.08333333325,"writing-device":0}},{"id":"하늘돈까스-본점","permalink":"","username":"asdfg","text":"함박스테이크 양도 많고 맛있어요 비싼게아니엿네요","date":"Mon Dec 10 23:59:44 +0000 2018","retweets":"30","favorites":"20","mentions":[],"hashtags":[],"geo":"","raw":"함박스테이크 양도 많고 맛있어요 비싼게아니엿네요","polarity":{"com":0.0045751633990849675,"pos":0.23230812955353838,"neg":0.594240059481152,"neut":0.12443220317511357,"none":0.04444444439111111},"intensity":{"high":0.0930487244372195,"low":0.17263864286905548,"meium":0.6898681882759473,"none":0.04444444441777778},"expressive":{"dir-action":0,"dir-explicit":0.382879751876576,"dir-speech":0.48912934169782585,"indirect":0.07962489341592499,"writing-device":0.048366013009673206}},{"id":"하늘돈까스-본점","permalink":"","username":"asdfg","text":"맨날먹어도 맛있어서 또시켰어요 점점 배달이 빨라지는것 같습니다 감사합니다","date":"Mon Dec 10 23:59:44 +0000 2018","retweets":"30","favorites":"20","mentions":[],"hashtags":[],"geo":"","raw":"맨날먹어도 맛있어서 또시켰어요 점점 배달이 빨라지는것 같습니다 감사합니다","polarity":{"com":0.004405286284455632,"pos":0.2855453754898442,"neg":0.5570575846979836,"neut":0.025573545421264703,"none":0.12741820810645194},"intensity":{"high":0.173833997596262,"low":0.050625830292946546,"meium":0.6474926373782132,"none":0.1280475347325782},"expressive":{"dir-action":0.0006293265714285714,"dir-explicit":0.15027193628571428,"dir-speech":0.6580776751428571,"indirect":0.042565364142857144,"writing-device":0.14845569785714283}},{"id":"하늘돈까스-본점","permalink":"","username":"asdfg","text":"짱짱짱맨 짱마디떠여진짜로","date":"Mon Dec 10 23:59:44 +0000 2018","retweets":"30","favorites":"20","mentions":[],"hashtags":[],"geo":"","raw":"짱짱짱맨 짱마디떠여진짜로","polarity":{"com":null,"pos":null,"neg":null,"neut":null,"none":null},"intensity":{"high":null,"low":null,"meium":null,"none":null},"expressive":{"dir-action":null,"dir-explicit":null,"dir-speech":null,"indirect":null,"writing-device":null}},{"id":"하늘돈까스-본점","permalink":"","username":"asdfg","text":"맛있어요~~~~~~","date":"Mon Dec 10 23:59:44 +0000 2018","retweets":"30","favorites":"20","mentions":[],"hashtags":[],"geo":"","raw":"맛있어요~~~~~~","polarity":{"com":0,"pos":0,"neg":1,"neut":0,"none":0},"intensity":{"high":0,"low":0,"meium":1,"none":0},"expressive":{"dir-action":0,"dir-explicit":0,"dir-speech":1,"indirect":0,"writing-device":0}},{"id":"하늘돈까스-본점","permalink":"","username":"asdfg","text":"양도 많고 음식이 따뜻한 채로 와서 맛있게 먹었습니다.\n치즈돈까스는 한조각 크기가 커서 좀 더 작게 썰으면 먹기 편할거같아요~","date":"Mon Dec 10 23:59:44 +0000 2018","retweets":"30","favorites":"20","mentions":[],"hashtags":[],"geo":"","raw":"양도 많고 음식이 따뜻한 채로 와서 맛있게 먹었습니다.\n치즈돈까스는 한조각 크기가 커서 좀 더 작게 썰으면 먹기 편할거같아요~","polarity":{"com":0.005552631786110903,"pos":0.42657497060189814,"neg":0.48317380603451243,"neut":0.060811313147200806,"none":0.023887278430277662},"intensity":{"high":0.1091997465948285,"low":0.08556235758976337,"meium":0.7570119300907883,"none":0.04822596572461985},"expressive":{"dir-action":0.0005291635000755948,"dir-explicit":0.25735406782247916,"dir-speech":0.3876346292696621,"indirect":0.25610277896515754,"writing-device":0.09837936044262563}},{"id":"하늘돈까스-본점","permalink":"","username":"asdfg","text":"맛있게 잘먹었습니다","date":"Mon Dec 10 23:59:44 +0000 2018","retweets":"30","favorites":"20","mentions":[],"hashtags":[],"geo":"","raw":"맛있게 잘먹었습니다","polarity":{"com":0,"pos":0.35714285717857136,"neg":0.6071428573035714,"neut":0.03571428551785714,"none":0},"intensity":{"high":0,"low":0.107142857,"meium":0.8928571430000001,"none":0},"expressive":{"dir-action":0,"dir-explicit":0.107142857,"dir-speech":0.5714285715,"indirect":0.3214285715,"writing-device":0}},{"id":"하늘돈까스-본점","permalink":"","username":"asdfg","text":"너무맛깃어요 퓨ㅠㅠㅠㅠ어어어어엉","date":"Mon Dec 10 23:59:44 +0000 2018","retweets":"30","favorites":"20","mentions":[],"hashtags":[],"geo":"","raw":"너무맛깃어요 퓨ㅠㅠㅠㅠ어어어어엉","polarity":{"com":0.142857143,"pos":0.142857143,"neg":0.714285714,"neut":0,"none":0},"intensity":{"high":0.142857143,"low":0.142857143,"meium":0.714285714,"none":0},"expressive":{"dir-action":0,"dir-explicit":0.5714285710000001,"dir-speech":0.28571428600000004,"indirect":0.14285714300000002,"writing-device":0}},{"id":"하늘돈까스-본점","permalink":"","username":"asdfg","text":"배달시간은 안내문자온거보다 훨씬 빨리 왔어요.\n오징어덮밥이 너무 매웠어요. 양은 적당했습니 다.","date":"Mon Dec 10 23:59:44 +0000 2018","retweets":"30","favorites":"20","mentions":[],"hashtags":[],"geo":"","raw":"배달시간은 안내문자온거보다 훨씬 빨리 왔어요.\n오징어덮밥이 너무 매웠어요. 양은 적당했습니 다.","polarity":{"com":0.003766478444444445,"pos":0.4547574207777778,"neg":0.38355304455555556,"neut":0.11864406777777778,"none":0.03927898844444444},"intensity":{"high":0.11607329690178593,"low":0.0424775056713864,"meium":0.8021702089780189,"none":0.03927898844880878},"expressive":{"dir-action":0,"dir-explicit":0.1943024543117442,"dir-speech":0.5449287059394524,"indirect":0.16593429575934063,"writing-device":0.09483454398946282}},{"id":"하늘돈까스-본점","permalink":"","username":"asdfg","text":"처음시켜보는곳 일단 양은 엄청많아요 다못먹을정도로..맛은 제육덮밥은 불맛이나서 잘먹었어요 근데 돈까스는 별로였어요..애들이 별로라고 ..ㅜㅜ 전 나름 괜찮았어요..아주 맛나는건아니고..","date":"Mon Dec 10 23:59:44 +0000 2018","retweets":"30","favorites":"20","mentions":[],"hashtags":[],"geo":"","raw":"처음시켜보는곳 일단 양은 엄청많아요 다못먹을정도로..맛은 제육덮밥은 불맛이나서 잘먹었어요 근데 돈까스는 별로였어요..애들이 별로라고 ..ㅜㅜ 전 나름 괜찮았어요..아주 맛나는건아니고..","polarity":{"com":0.02630205511764706,"pos":0.4331857955294119,"neg":0.4143198654705883,"neut":0.0955421881764706,"none":0.030650095705882358},"intensity":{"high":0.07688006219908237,"low":0.14276699145375502,"meium":0.749443716161601,"none":0.030909230185561538},"expressive":{"dir-action":0.00025913447060347855,"dir-explicit":0.19867423312933383,"dir-speech":0.5597503675623383,"indirect":0.20831992530637183,"writing-device":0.03299633953135273}},{"id":"하늘돈까스-본점","permalink":"","username":"asdfg","text":"빠르고 맛있어요~^^","date":"Mon Dec 10 23:59:44 +0000 2018","retweets":"30","favorites":"20","mentions":[],"hashtags":[],"geo":"","raw":"빠르고 맛있어요~^^","polarity":{"com":0,"pos":0.5,"neg":0.5,"neut":0,"none":0},"intensity":{"high":0,"low":0.1666666665,"meium":0.8333333334999999,"none":0},"expressive":{"dir-action":0,"dir-explicit":0,"dir-speech":0.5,"indirect":0.5,"writing-device":0}},{"id":"하늘돈까스-본점","permalink":"","username":"asdfg","text":"음식이 식지 않고 와서 좋은데 배달 너무 느려요ㅠㅠ \n양은 많아서 반이나 남겨버리기,,ㅎ 맛은 괜찮아용","date":"Mon Dec 10 23:59:44 +0000 2018","retweets":"30","favorites":"20","mentions":[],"hashtags":[],"geo":"","raw":"음식이 식지 않고 와서 좋은데 배달 너무 느려요ㅠㅠ \n양은 많아서 반이나 남겨버리기,,ㅎ 맛은 괜찮아용","polarity":{"com":0.0038546255,"pos":0.696108138375,"neg":0.1503811745,"neut":0.08737496474999999,"none":0.062281096875000004},"intensity":{"high":0.07503803777813928,"low":0.18212070306829525,"meium":0.6800095015050035,"none":0.06283175764856191},"expressive":{"dir-action":0.0005506607500688325,"dir-explicit":0.2144514159018064,"dir-speech":0.42668203067833527,"indirect":0.28003469678500437,"writing-device":0.07828119588478515}},{"id":"하늘돈까스-본점","permalink":"","username":"asdfg","text":"맛있게 잘먹었습니다","date":"Mon Dec 10 23:59:44 +0000 2018","retweets":"30","favorites":"20","mentions":[],"hashtags":[],"geo":"","raw":"맛있게 잘먹었습니다","polarity":{"com":0,"pos":0.35714285717857136,"neg":0.6071428573035714,"neut":0.03571428551785714,"none":0},"intensity":{"high":0,"low":0.107142857,"meium":0.8928571430000001,"none":0},"expressive":{"dir-action":0,"dir-explicit":0.107142857,"dir-speech":0.5714285715,"indirect":0.3214285715,"writing-device":0}},{"id":"하늘돈까스-본점","permalink":"","username":"asdfg","text":"정말 맛있음 배달 빠르고 바삭하게옴","date":"Mon Dec 10 23:59:44 +0000 2018","retweets":"30","favorites":"20","mentions":[],"hashtags":[],"geo":"","raw":"정말 맛있음 배달 빠르고 바삭하게옴","polarity":{"com":0.00287356325,"pos":0.64295977,"neg":0.10057471275,"neut":0.14224137925,"none":0.11135057475},"intensity":{"high":0.15373563221156608,"low":0.0316091954920977,"meium":0.7004310343248922,"none":0.11422413797144397},"expressive":{"dir-action":0.002873563250718391,"dir-explicit":0.16522988504130748,"dir-speech":0.540948275885237,"indirect":0.17097701154274425,"writing-device":0.11997126427999281}},{"id":"하늘돈까스-본점","permalink":"","username":"asdfg","text":"맛있어요 양도 많고\n튀김옷도 바삭하구요\n배달해주신분도 친절하심^\n또시킬께요","date":"Mon Dec 10 23:59:44 +0000 2018","retweets":"30","favorites":"20","mentions":[],"hashtags":[],"geo":"","raw":"맛있어요 양도 많고\n튀김옷도 바삭하구요\n배달해주신분도 친절하심^\n또시킬께요","polarity":{"com":0.0023809523329365078,"pos":0.4285714284285714,"neg":0.3476190477753968,"neut":0.0047619046658730155,"none":0.2166666667972222},"intensity":{"high":0.047619047666666664,"low":0.038095238,"meium":0.6976190475,"none":0.21666666683333333},"expressive":{"dir-action":0,"dir-explicit":0.25238095241587305,"dir-speech":0.4809523808396825,"indirect":0.028571428657142857,"writing-device":0.23809523808730157}},{"id":"하늘돈까스-본점","permalink":"","username":"asdfg","text":"매번 시켜먹어요 맛있네요 양도많아요 음식도 따뜻해서 좋아요 정성스럽게 담아주심니다 오자마자 뜨거워서 그릇에 옮겨담았어요 양이 많아 덜어놓았네요","date":"Mon Dec 10 23:59:44 +0000 2018","retweets":"30","favorites":"20","mentions":[],"hashtags":[],"geo":"","raw":"매번 시켜먹어요 맛있네요 양도많아요 음식도 따뜻해서 좋아요 정성스럽게 담아주심니다 오자마자 뜨거워서 그릇에 옮겨담았어요 양이 많아 덜어놓았네요","polarity":{"com":0.006427886428571429,"pos":0.5911650065714286,"neg":0.26809350771428575,"neut":0.09861800571428572,"none":0.035695593571428576},"intensity":{"high":0.08889663971428574,"low":0.08647085857142858,"meium":0.7887224079285714,"none":0.03591009378571429},"expressive":{"dir-action":0.00021450021428571435,"dir-explicit":0.3159421425714286,"dir-speech":0.39357319500000004,"indirect":0.2548702725,"writing-device":0.03539988971428572}},{"id":"하늘돈까스-본점","permalink":"","username":"asdfg","text":"매번 시켜먹어요 맛있네요 양도많아요 음식도 따뜻해서 좋아요 정성스럽게 담아주심니다 오자마자 뜨거워서 그릇에 옮겨담았어요 양이 많아 덜어놓았네요","date":"Mon Dec 10 23:59:44 +0000 2018","retweets":"30","favorites":"20","mentions":[],"hashtags":[],"geo":"","raw":"매번 시켜먹어요 맛있네요 양도많아요 음식도 따뜻해서 좋아요 정성스럽게 담아주심니다 오자마자 뜨거워서 그릇에 옮겨담았어요 양이 많아 덜어놓았네요","polarity":{"com":0.006427886428571429,"pos":0.5911650065714286,"neg":0.26809350771428575,"neut":0.09861800571428572,"none":0.035695593571428576},"intensity":{"high":0.08889663971428574,"low":0.08647085857142858,"meium":0.7887224079285714,"none":0.03591009378571429},"expressive":{"dir-action":0.00021450021428571435,"dir-explicit":0.3159421425714286,"dir-speech":0.39357319500000004,"indirect":0.2548702725,"writing-device":0.03539988971428572}},{"id":"하늘돈까스-본점","permalink":"","username":"asdfg","text":"정말  맛있어요 항상 잘 먹고 있어요","date":"Mon Dec 10 23:59:44 +0000 2018","retweets":"30","favorites":"20","mentions":[],"hashtags":[],"geo":"","raw":"정말  맛있어요 항상 잘 먹고 있어요","polarity":{"com":0.00223214275,"pos":0.60565476175,"neg":0.20684523825,"neut":0.0089285715,"none":0.17633928575000002},"intensity":{"high":0.16393849200000005,"low":0.06894841275000001,"meium":0.5907738095,"none":0.17633928575000005},"expressive":{"dir-action":0,"dir-explicit":0.35466269825,"dir-speech":0.43328373025,"indirect":0.03571428575,"writing-device":0.17633928575000002}},{"id":"하늘돈까스-본점","permalink":"","username":"asdfg","text":"아이들이 좋아하네요. 잘먹었습니다~^^","date":"Mon Dec 10 23:59:44 +0000 2018","retweets":"30","favorites":"20","mentions":[],"hashtags":[],"geo":"","raw":"아이들이 좋아하네요. 잘먹었습니다~^^","polarity":{"com":0,"pos":0.8571428574285714,"neg":0.10714285705357143,"neut":0.035714285517857144,"none":0},"intensity":{"high":0,"low":0.107142857,"meium":0.8928571430000001,"none":0},"expressive":{"dir-action":0,"dir-explicit":0.107142857,"dir-speech":0.3214285715,"indirect":0.5714285715,"writing-device":0}},{"id":"하늘돈까스-본점","permalink":"","username":"asdfg","text":"진짜 개애애애애애애애마디뚜 월급받자마자 또시킬껍다 짱굿 튀김이 진짜 비비큐튀김맛나요 개꿀맛","date":"Mon Dec 10 23:59:44 +0000 2018","retweets":"30","favorites":"20","mentions":[],"hashtags":[],"geo":"","raw":"진짜 개애애애애애애애마디뚜 월급받자마자 또시킬껍다 짱굿 튀김이 진짜 비비큐튀김맛나요 개꿀맛","polarity":{"com":0.0030837003996916305,"pos":0.509070423649093,"neg":0.4320712965567929,"neut":0.012036379198796365,"none":0.04373820019562619},"intensity":{"high":0.02347591300234759,"low":0.026119084802611908,"meium":0.9062262733906226,"none":0.044178728804417866},"expressive":{"dir-action":0.00044052860004405284,"dir-explicit":0.0944050833094405,"dir-speech":0.2775980024277598,"indirect":0.5690919426569092,"writing-device":0.058464443005846446}},{"id":"하늘돈까스-본점","permalink":"","username":"asdfg","text":"항상 깔끔하고 맛있어요","date":"Mon Dec 10 23:59:44 +0000 2018","retweets":"30","favorites":"20","mentions":[],"hashtags":[],"geo":"","raw":"항상 깔끔하고 맛있어요","polarity":{"com":0.008008007999999999,"pos":0.5375375376666666,"neg":0.4354354353333333,"neut":0.011011011,"none":0.008008007999999999},"intensity":{"high":0.038038038,"low":0.028028028,"meium":0.924924925,"none":0.009009009},"expressive":{"dir-action":0.0010010010000000003,"dir-explicit":0.2707707706666667,"dir-speech":0.53003003,"indirect":0.18918918933333334,"writing-device":0.009009009}},{"id":"하늘돈까스-본점","permalink":"","username":"asdfg","text":"치즈돈까스 이렇게 큰지몰랐는데  엄청 맛있게먹은거 같아요","date":"Mon Dec 10 23:59:44 +0000 2018","retweets":"30","favorites":"20","mentions":[],"hashtags":[],"geo":"","raw":"치즈돈까스 이렇게 큰지몰랐는데  엄청 맛있게먹은거 같아요","polarity":{"com":0,"pos":0.19540229875,"neg":0.7873563219999999,"neut":0.01724137925,"none":0},"intensity":{"high":0.12260536400000001,"low":0.07279693475000001,"meium":0.7959770115000001,"none":0.008620689750000002},"expressive":{"dir-action":0,"dir-explicit":0.19348658999999999,"dir-speech":0.478927203,"indirect":0.077586207,"writing-device":0.25}},{"id":"하늘돈까스-본점","permalink":"","username":"asdfg","text":"맛나요 정말 맛있어요 맛나요","date":"Mon Dec 10 23:59:44 +0000 2018","retweets":"30","favorites":"20","mentions":[],"hashtags":[],"geo":"","raw":"맛나요 정말 맛있어요 맛나요","polarity":{"com":0,"pos":0.9166666666666666,"neg":0,"neut":0,"none":0.08333333333333333},"intensity":{"high":0.16666666666666666,"low":0,"meium":0.75,"none":0.08333333333333333},"expressive":{"dir-action":0,"dir-explicit":0.16666666666666666,"dir-speech":0.75,"indirect":0,"writing-device":0.08333333333333333}},{"id":"하늘돈까스-본점","permalink":"","username":"asdfg","text":"가까운데 배달은 느리고 맛은 최고 양도 짱","date":"Mon Dec 10 23:59:44 +0000 2018","retweets":"30","favorites":"20","mentions":[],"hashtags":[],"geo":"","raw":"가까운데 배달은 느리고 맛은 최고 양도 짱","polarity":{"com":0,"pos":0.84722222225,"neg":0.15277777775,"neut":0,"none":0},"intensity":{"high":0.1944444445,"low":0.125,"meium":0.6805555555,"none":0},"expressive":{"dir-action":0,"dir-explicit":0.125,"dir-speech":0.5,"indirect":0.375,"writing-device":0}},{"id":"하늘돈까스-본점","permalink":"","username":"asdfg","text":"돈가스는 고기도 쫀득하고 먹을만 한데, 오징어덮밥 등 다른 메뉴는 맛이 심심한 듯 합니다.  그리고 배달 너무 오래 걸리네요...","date":"Mon Dec 10 23:59:44 +0000 2018","retweets":"30","favorites":"20","mentions":[],"hashtags":[],"geo":"","raw":"돈가스는 고기도 쫀득하고 먹을만 한데, 오징어덮밥 등 다른 메뉴는 맛이 심심한 듯 합니다.  그리고 배달 너무 오래 걸리네요...","polarity":{"com":0.006779893667231658,"pos":0.4400731813700061,"neg":0.3930579025327548,"neut":0.05687490875473958,"none":0.10321411367526788},"intensity":{"high":0.06336829858333333,"low":0.1320386715,"meium":0.7005823473333334,"none":0.10401068258333335},"expressive":{"dir-action":0.0011549918333333333,"dir-explicit":0.19639113666666666,"dir-speech":0.42722960891666667,"indirect":0.26934252691666666,"writing-device":0.10588173566666666}},{"id":"하늘돈까스-본점","permalink":"","username":"asdfg","text":"치즈도 꽉차있고 튀김도 두툼하고\n완벽합니다 ^^ 앞으로는 여기서만 먹으려구요","date":"Mon Dec 10 23:59:44 +0000 2018","retweets":"30","favorites":"20","mentions":[],"hashtags":[],"geo":"","raw":"치즈도 꽉차있고 튀김도 두툼하고\n완벽합니다 ^^ 앞으로는 여기서만 먹으려구요","polarity":{"com":0.0072080721259010095,"pos":0.35934667379491836,"neg":0.4571758971821471,"neut":0.05092252388136532,"none":0.12534683301566835},"intensity":{"high":0.154753255625,"low":0.125026639375,"meium":0.594229079375,"none":0.125991025625},"expressive":{"dir-action":0.0011818269997045433,"dir-explicit":0.20705619219823593,"dir-speech":0.4564225515108943,"indirect":0.18858547482785362,"writing-device":0.14675395446331152}},{"id":"하늘돈까스-본점","permalink":"","username":"asdfg","text":"ㄱㄷㅅㄴㅈㅇㅂㄷㄱㄴㄷㅇ","date":"Mon Dec 10 23:59:44 +0000 2018","retweets":"30","favorites":"20","mentions":[],"hashtags":[],"geo":"","raw":"ㄱㄷㅅㄴㅈㅇㅂㄷㄱㄴㄷㅇ","polarity":{"com":0.13636363613636365,"pos":0.3181818183181818,"neg":0.4090909094090909,"neut":0.04545454504545454,"none":0.09090909109090908},"intensity":{"high":0.090909091,"low":0.045454545,"meium":0.772727273,"none":0.090909091},"expressive":{"dir-action":0,"dir-explicit":0.045454545,"dir-speech":0.772727273,"indirect":0.090909091,"writing-device":0.090909091}},{"id":"하늘돈까스-본점","permalink":"","username":"asdfg","text":"돈가스 맛있어요^^\n덮밥은 쫌 ㅠㅠ","date":"Mon Dec 10 23:59:44 +0000 2018","retweets":"30","favorites":"20","mentions":[],"hashtags":[],"geo":"","raw":"돈가스 맛있어요^^\n덮밥은 쫌 ㅠㅠ","polarity":{"com":0.035952748,"pos":0.31561376466666663,"neg":0.6106831023333333,"neut":0.011299434999999998,"none":0.02645095},"intensity":{"high":0.049049820032699885,"low":0.09065228539376818,"meium":0.8338469445558979,"none":0.026450950017633968},"expressive":{"dir-action":0,"dir-explicit":0.18130457133333336,"dir-speech":0.5500770416666667,"indirect":0.242167437,"writing-device":0.026450950000000004}},{"id":"하늘돈까스-본점","permalink":"","username":"asdfg","text":"배달도 요금 추가에 \n주문 잘못받아서\n히레가쓰 시켯는데 치즈까스 왓어요 \n귀찬아서 그냥 먹어요 \n게다가 소스가 에러 완전 맛없음","date":"Mon Dec 10 23:59:44 +0000 2018","retweets":"30","favorites":"20","mentions":[],"hashtags":[],"geo":"","raw":"배달도 요금 추가에 \n주문 잘못받아서\n히레가쓰 시켯는데 치즈까스 왓어요 \n귀찬아서 그냥 먹어요 \n게다가 소스가 에러 완전 맛없음","polarity":{"com":0.0017857143000000002,"pos":0.5226843318000001,"neg":0.3282565284,"neut":0.011261520800000003,"none":0.13601190470000005},"intensity":{"high":0.06564132110000001,"low":0.0436175115,"meium":0.7538364055000001,"none":0.1369047619},"expressive":{"dir-action":0,"dir-explicit":0.2862096774,"dir-speech":0.3308198925,"indirect":0.24695852540000002,"writing-device":0.13601190470000002}},{"id":"하늘돈까스-본점","permalink":"","username":"asdfg","text":"굳","date":"Mon Dec 10 23:59:44 +0000 2018","retweets":"30","favorites":"20","mentions":[],"hashtags":[],"geo":"","raw":"굳","polarity":{"com":null,"pos":null,"neg":null,"neut":null,"none":null},"intensity":{"high":null,"low":null,"meium":null,"none":null},"expressive":{"dir-action":null,"dir-explicit":null,"dir-speech":null,"indirect":null,"writing-device":null}},{"id":"하늘돈까스-본점","permalink":"","username":"asdfg","text":"너무 맛있습니다.\n\n최고최고\n\n아쉬운거는 음 가끔은 하루종일 요기요에\n\n등판하지 읺는다는 점 정도죠 뭐.","date":"Mon Dec 10 23:59:44 +0000 2018","retweets":"30","favorites":"20","mentions":[],"hashtags":[],"geo":"","raw":"너무 맛있습니다.\n\n최고최고\n\n아쉬운거는 음 가끔은 하루종일 요기요에\n\n등판하지 읺는다는 점 정도죠 뭐.","polarity":{"com":0.019906792779989642,"pos":0.39301562226589065,"neg":0.4652674479405853,"neut":0.05012251178334695,"none":0.07168762523018751},"intensity":{"high":0.1513460869057051,"low":0.1216199327912911,"meium":0.655107406406123,"none":0.07192657389688073},"expressive":{"dir-action":0.000716845888888889,"dir-explicit":0.26925113044444443,"dir-speech":0.28773999733333333,"indirect":0.31504884555555557,"writing-device":0.12724318077777777}},{"id":"하늘돈까스-본점","permalink":"","username":"asdfg","text":"전 돈까스를참좋아해서 여기저기서 시켜먹어봤는데 이집처럼 음식맛있고 깔끔한 국,반찬에 배달까지 친절한곳 없어요. 나혼자는 대충먹더라도 내가족한테는 맛있는집,깨끗한집에서 안심할만하곳에서 시켜주고싶잖아요?그럴때 추천할만한 돈까스입니다.근데 덮밥은 개인적으로 무척좋아하긴하지만 가~~끔 좀짠경우가있어서 짠것 싫은분께는비추! 하지만 양이곱빼기도아닌데 2명잉석을만하고 맛도좋아요","date":"Mon Dec 10 23:59:44 +0000 2018","retweets":"30","favorites":"20","mentions":[],"hashtags":[],"geo":"","raw":"전 돈까스를참좋아해서 여기저기서 시켜먹어봤는데 이집처럼 음식맛있고 깔끔한 국,반찬에 배달까지 친절한곳 없어요. 나혼자는 대충먹더라도 내가족한테는 맛있는집,깨끗한집에서 안심할만하곳에서 시켜주고싶잖아요?그럴때 추천할만한 돈까스입니다.근데 덮밥은 개인적으로 무척좋아하긴하지만 가~~끔 좀짠경우가있어서 짠것 싫은분께는비추! 하지만 양이곱빼기도아닌데 2명잉석을만하고 맛도좋아요","polarity":{"com":0.01324389713549308,"pos":0.45026404274189913,"neg":0.40354741428117696,"neut":0.06438713921795641,"none":0.06855750662347454},"intensity":{"high":0.07022659460028864,"low":0.10890311960342457,"meium":0.7518047161420383,"none":0.06906556965424855},"expressive":{"dir-action":0.0010848469188602784,"dir-explicit":0.20489222279973557,"dir-speech":0.5029152612430856,"indirect":0.21599302479913554,"writing-device":0.07511464423918301}},{"id":"하늘돈까스-본점","permalink":"","username":"asdfg","text":"배달해주시는분도 친절하시고 음식도 맛나게 잘 먹었습니다","date":"Mon Dec 10 23:59:44 +0000 2018","retweets":"30","favorites":"20","mentions":[],"hashtags":[],"geo":"","raw":"배달해주시는분도 친절하시고 음식도 맛나게 잘 먹었습니다","polarity":{"com":0.005299539201059907,"pos":0.638940092127788,"neg":0.22910906304582185,"neut":0.03391705060678341,"none":0.09273425501854685},"intensity":{"high":0.056528417799999994,"low":0.088940092,"meium":0.7613671276,"none":0.09316436260000001},"expressive":{"dir-action":0.0012903225997419356,"dir-explicit":0.19279569896144086,"dir-speech":0.4474961597105008,"indirect":0.26711213514657756,"writing-device":0.09130568358173886}},{"id":"하늘돈까스-본점","permalink":"","username":"asdfg","text":"먹을만했어요 ~","date":"Mon Dec 10 23:59:44 +0000 2018","retweets":"30","favorites":"20","mentions":[],"hashtags":[],"geo":"","raw":"먹을만했어요 ~","polarity":{"com":0,"pos":0.333333333,"neg":0.666666667,"neut":0,"none":0},"intensity":{"high":0.111111111,"low":0.222222222,"meium":0.666666667,"none":0},"expressive":{"dir-action":0,"dir-explicit":0.222222222,"dir-speech":0.777777778,"indirect":0,"writing-device":0}},{"id":"하늘돈까스-본점","permalink":"","username":"asdfg","text":"시간이 조금 걸리긴했지만 리뷰 믿고 주문한만큼 맛좋고 푸짐하네요 ^^\n아이도 잘 먹고요. \n덮밥이 조금 짜긴하지만.. 맛있어요 ^^\n잘먹었습니다~\n다음에 또 주문할게요~^^","date":"Mon Dec 10 23:59:44 +0000 2018","retweets":"30","favorites":"20","mentions":[],"hashtags":[],"geo":"","raw":"시간이 조금 걸리긴했지만 리뷰 믿고 주문한만큼 맛좋고 푸짐하네요 ^^\n아이도 잘 먹고요. \n덮밥이 조금 짜긴하지만.. 맛있어요 ^^\n잘먹었습니다~\n다음에 또 주문할게요~^^","polarity":{"com":0.005301133357521509,"pos":0.5064444008218888,"neg":0.41059518831504244,"neut":0.0248476335732034,"none":0.05281164393234367},"intensity":{"high":0.09116375707142858,"low":0.07518641435714285,"meium":0.7801554112857144,"none":0.05349441728571429},"expressive":{"dir-action":0.0009899930001414277,"dir-explicit":0.2728678305389811,"dir-speech":0.42147922370306845,"indirect":0.24111806374873115,"writing-device":0.06354488900907783}},{"id":"하늘돈까스-본점","permalink":"","username":"asdfg","text":"로스돈까스 기름 냄새도 안나고 바삭하니 맛있었어요~~ 그런데, 참치김치덮밥은 너~~~무 짜요ㅜ 먹기 힘들 정도로 짜요ㅠ","date":"Mon Dec 10 23:59:44 +0000 2018","retweets":"30","favorites":"20","mentions":[],"hashtags":[],"geo":"","raw":"로스돈까스 기름 냄새도 안나고 바삭하니 맛있었어요~~ 그런데, 참치김치덮밥은 너~~~무 짜요ㅜ 먹기 힘들 정도로 짜요ㅠ","polarity":{"com":0.0031603784444444445,"pos":0.23271532766666667,"neg":0.634161579888889,"neut":0.03272560988888889,"none":0.09723710411111111},"intensity":{"high":0.21928687644444445,"low":0.150102099,"meium":0.5320967812222221,"none":0.09851424333333333},"expressive":{"dir-action":0.0012771392225060306,"dir-explicit":0.21575868927016856,"dir-speech":0.44685847209930185,"indirect":0.22809273327290946,"writing-device":0.10801296613511396}},{"id":"하늘돈까스-본점","permalink":"","username":"asdfg","text":"여기는 늘 맛있어요.별을 깎고싶어도 그럴이유가 단한번도없었네요. 안심도맛있지만 최근맛들인 치즈돈과김치참치덮밥 진짜 궁합 끝내주고 양도넘많고 배달도넘 친절하세요.돈까스좋아하시는분들,다른데 찾느라애쓰지말고여서주문하세요","date":"Mon Dec 10 23:59:44 +0000 2018","retweets":"30","favorites":"20","mentions":[],"hashtags":[],"geo":"","raw":"여기는 늘 맛있어요.별을 깎고싶어도 그럴이유가 단한번도없었네요. 안심도맛있지만 최근맛들인 치즈돈과김치참치덮밥 진짜 궁합 끝내주고 양도넘많고 배달도넘 친절하세요.돈까스좋아하시는분들,다른데 찾느라애쓰지말고여서주문하세요","polarity":{"com":0.002920168578947368,"pos":0.5356206082631578,"neg":0.35465397173684204,"neut":0.017879082947368417,"none":0.0889261684736842},"intensity":{"high":0.123698681,"low":0.09336278984210528,"meium":0.6931363979473684,"none":0.08980213121052634},"expressive":{"dir-action":0.00033955857896523985,"dir-explicit":0.29585636212083455,"dir-speech":0.38515647854658713,"indirect":0.23009737211737355,"writing-device":0.08855022863623947}},{"id":"하늘돈까스-본점","permalink":"","username":"asdfg","text":"잘먹었어요","date":"Mon Dec 10 23:59:44 +0000 2018","retweets":"30","favorites":"20","mentions":[],"hashtags":[],"geo":"","raw":"잘먹었어요","polarity":{"com":0,"pos":0.7142857147142857,"neg":0.21428571421428572,"neut":0.07142857107142857,"none":0},"intensity":{"high":0,"low":0.214285714,"meium":0.785714286,"none":0},"expressive":{"dir-action":0,"dir-explicit":0.214285714,"dir-speech":0.142857143,"indirect":0.642857143,"writing-device":0}},{"id":"하늘돈까스-본점","permalink":"","username":"asdfg","text":"너무 맛있어서 최근2주사이 3번이나 같은메뉴를시켜먹네요,배달도 너무친절하시고 늘 반찬도하나하나맛나요,남으면 보관했다 밥반찬할정도로 맛 깔끔합니다. 치즈돈까스는 바삭하고꼬소한데 두툼하고 맥주안주로도너무맛나고,참치김치덮밥은 생각만해도 입에침이고일정도로 맛있네요,양도푸짐해서두명이 배불러죽겠다할정도로 배부릅니다.완전추천합니다","date":"Mon Dec 10 23:59:44 +0000 2018","retweets":"30","favorites":"20","mentions":[],"hashtags":[],"geo":"","raw":"너무 맛있어서 최근2주사이 3번이나 같은메뉴를시켜먹네요,배달도 너무친절하시고 늘 반찬도하나하나맛나요,남으면 보관했다 밥반찬할정도로 맛 깔끔합니다. 치즈돈까스는 바삭하고꼬소한데 두툼하고 맥주안주로도너무맛나고,참치김치덮밥은 생각만해도 입에침이고일정도로 맛있네요,양도푸짐해서두명이 배불러죽겠다할정도로 배부릅니다.완전추천합니다","polarity":{"com":0.014390827872532866,"pos":0.38911666912251885,"neg":0.4837840147683991,"neut":0.03814506559169976,"none":0.07456342264484944},"intensity":{"high":0.10493710012282371,"low":0.10719031143040052,"meium":0.6991529114513255,"none":0.08871967699545029},"expressive":{"dir-action":0.0021035147179487177,"dir-explicit":0.23261297056410263,"dir-speech":0.38365680635897437,"indirect":0.2930334213076923,"writing-device":0.08859328705128205}},{"id":"하늘돈까스-본점","permalink":"","username":"asdfg","text":"배달하는분이 불친절하고 돈가스 소스통이 뚜껑이 열려서 비닐봉투.. 돈가스용기에 범벅이 되어왔습니다 \n배달하는분이 불친절해서 소스요청 다시 하기도 싫었고 또 먹을꺼같진 않네요...","date":"Mon Dec 10 23:59:44 +0000 2018","retweets":"30","favorites":"20","mentions":[],"hashtags":[],"geo":"","raw":"배달하는분이 불친절하고 돈가스 소스통이 뚜껑이 열려서 비닐봉투.. 돈가스용기에 범벅이 되어왔습니다 \n배달하는분이 불친절해서 소스요청 다시 하기도 싫었고 또 먹을꺼같진 않네요...","polarity":{"com":0.014570324352941174,"pos":0.5255953359411765,"neg":0.3727600025294117,"neut":0.03770792958823528,"none":0.04936640758823529},"intensity":{"high":0.1723884570791045,"low":0.04478815253468094,"meium":0.7328122116156248,"none":0.05001117877058954},"expressive":{"dir-action":0.0008977755882881045,"dir-explicit":0.21517913789501053,"dir-speech":0.61024902791825,"indirect":0.11165119353597949,"writing-device":0.06202286506247193}},{"id":"하늘돈까스-본점","permalink":"","username":"asdfg","text":"너무짜고 별루임","date":"Mon Dec 10 23:59:44 +0000 2018","retweets":"30","favorites":"20","mentions":[],"hashtags":[],"geo":"","raw":"너무짜고 별루임","polarity":{"com":0.142857143,"pos":0.142857143,"neg":0.714285714,"neut":0,"none":0},"intensity":{"high":0.142857143,"low":0.142857143,"meium":0.714285714,"none":0},"expressive":{"dir-action":0,"dir-explicit":0.5714285710000001,"dir-speech":0.28571428600000004,"indirect":0.14285714300000002,"writing-device":0}},{"id":"하늘돈까스-본점","permalink":"","username":"asdfg","text":"맛나요","date":"Mon Dec 10 23:59:44 +0000 2018","retweets":"30","favorites":"20","mentions":[],"hashtags":[],"geo":"","raw":"맛나요","polarity":{"com":0,"pos":1,"neg":0,"neut":0,"none":0},"intensity":{"high":0,"low":0,"meium":1,"none":0},"expressive":{"dir-action":0,"dir-explicit":0,"dir-speech":1,"indirect":0,"writing-device":0}},{"id":"하늘돈까스-본점","permalink":"","username":"asdfg","text":"고구마도 치즈도 너무 맛있었어요!","date":"Mon Dec 10 23:59:44 +0000 2018","retweets":"30","favorites":"20","mentions":[],"hashtags":[],"geo":"","raw":"고구마도 치즈도 너무 맛있었어요!","polarity":{"com":0.004761904666666666,"pos":0.14285714266666666,"neg":0.5523809526666666,"neut":0.009523809333333333,"none":0.2904761906666667},"intensity":{"high":0.09523809533333333,"low":0.076190476,"meium":0.538095238,"none":0.2904761906666667},"expressive":{"dir-action":0,"dir-explicit":0.12380952391746032,"dir-speech":0.5333333329777777,"indirect":0.05714285729523809,"writing-device":0.2857142858095238}},{"id":"하늘돈까스-본점","permalink":"","username":"asdfg","text":"음식이 너무 맛나네요. 참치도 한통 다넣음것처럼 야채도 너무풍성해요. 돈까스는 아주속이 꽉 찻어요. 이런거 처음 보네요 ㅋ 안심돈까스도 너무 맛잇어요 살 이.꽉 차잇어요.꼭 드셔보세요~~잘먹엇습니다. 아 배달도 빠르게왓어요 ㅋ","date":"Mon Dec 10 23:59:44 +0000 2018","retweets":"30","favorites":"20","mentions":[],"hashtags":[],"geo":"","raw":"음식이 너무 맛나네요. 참치도 한통 다넣음것처럼 야채도 너무풍성해요. 돈까스는 아주속이 꽉 찻어요. 이런거 처음 보네요 ㅋ 안심돈까스도 너무 맛잇어요 살 이.꽉 차잇어요.꼭 드셔보세요~~잘먹엇습니다. 아 배달도 빠르게왓어요 ㅋ","polarity":{"com":0.008638910117647058,"pos":0.5463670316470589,"neg":0.3284653255882353,"neut":0.021734148117647057,"none":0.09479458452941175},"intensity":{"high":0.14867158993243107,"low":0.050305576702923196,"meium":0.70622824884081,"none":0.0947945845238356},"expressive":{"dir-action":0,"dir-explicit":0.20714710129411767,"dir-speech":0.41188566335294113,"indirect":0.2542165350588235,"writing-device":0.12675070029411764}},{"id":"하늘돈까스-본점","permalink":"","username":"asdfg","text":"배달해주신분은 언제나 친절하시네요 ㅎㅎㅎ\n돈까스는 말할필요도 없이 맛있어요\n오므라이스도 맛있고 ~ \n돈까스 먹고싶을땐 항상 여기서 주문합니당","date":"Mon Dec 10 23:59:44 +0000 2018","retweets":"30","favorites":"20","mentions":[],"hashtags":[],"geo":"","raw":"배달해주신분은 언제나 친절하시네요 ㅎㅎㅎ\n돈까스는 말할필요도 없이 맛있어요\n오므라이스도 맛있고 ~ \n돈까스 먹고싶을땐 항상 여기서 주문합니당","polarity":{"com":0.0043446849008689364,"pos":0.5683432160136686,"neg":0.3146642610629328,"neut":0.04472419310894483,"none":0.06792364491358471},"intensity":{"high":0.083409951808341,"low":0.09286272160928626,"meium":0.7555886278755589,"none":0.06813869870681387},"expressive":{"dir-action":0.0006451612999354839,"dir-explicit":0.32912177916708785,"dir-speech":0.4346471976565353,"indirect":0.16678920108332107,"writing-device":0.06879666079312033}},{"id":"하늘돈까스-본점","permalink":"","username":"asdfg","text":"진짜 오늘 처음시켯는데요\n우와.. 진짜 먹으면서 우와 라는말밖에 안나왓어요\n엄청 맛잇네요\n곱배기도 아닌데 이렇게 많이 주시고 감사합니다","date":"Mon Dec 10 23:59:44 +0000 2018","retweets":"30","favorites":"20","mentions":[],"hashtags":[],"geo":"","raw":"진짜 오늘 처음시켯는데요\n우와.. 진짜 먹으면서 우와 라는말밖에 안나왓어요\n엄청 맛잇네요\n곱배기도 아닌데 이렇게 많이 주시고 감사합니다","polarity":{"com":0.0032679738571428567,"pos":0.5550887019999999,"neg":0.35185185199999996,"neut":0.044817927142857136,"none":0.04497354499999998},"intensity":{"high":0.19281045742857142,"low":0.14659197014285713,"meium":0.6156240274285715,"none":0.04497354499999999},"expressive":{"dir-action":0,"dir-explicit":0.20790538439887063,"dir-speech":0.6823840647596594,"indirect":0.06193588541972343,"writing-device":0.04777466542174647}},{"id":"하늘돈까스-본점","permalink":"","username":"asdfg","text":"제육덮밥 양은 많은데 고기가 별로없는건 둘째치고 간이  너무 쎄요 치즈돈까스는 그냥 먹을만함 또 시케먹고 싶진 않네요","date":"Mon Dec 10 23:59:44 +0000 2018","retweets":"30","favorites":"20","mentions":[],"hashtags":[],"geo":"","raw":"제육덮밥 양은 많은데 고기가 별로없는건 둘째치고 간이  너무 쎄요 치즈돈까스는 그냥 먹을만함 또 시케먹고 싶진 않네요","polarity":{"com":0.025312107305062413,"pos":0.25514825665102964,"neg":0.5188907510037781,"neut":0.12743471582548693,"none":0.07321416921464283},"intensity":{"high":0.061381092006138116,"low":0.13159847311315984,"meium":0.7335912118733592,"none":0.07342922300734292},"expressive":{"dir-action":0.0006451613,"dir-explicit":0.1920039101,"dir-speech":0.5060135923000001,"indirect":0.2249485639,"writing-device":0.0763887724}},{"id":"하늘돈까스-본점","permalink":"","username":"asdfg","text":"짱임...","date":"Mon Dec 10 23:59:44 +0000 2018","retweets":"30","favorites":"20","mentions":[],"hashtags":[],"geo":"","raw":"짱임...","polarity":{"com":null,"pos":null,"neg":null,"neut":null,"none":null},"intensity":{"high":null,"low":null,"meium":null,"none":null},"expressive":{"dir-action":null,"dir-explicit":null,"dir-speech":null,"indirect":null,"writing-device":null}},{"id":"하늘돈까스-본점","permalink":"","username":"asdfg","text":"고구마돈까스 맛있어요 ^^","date":"Mon Dec 10 23:59:44 +0000 2018","retweets":"30","favorites":"20","mentions":[],"hashtags":[],"geo":"","raw":"고구마돈까스 맛있어요 ^^","polarity":{"com":0,"pos":0,"neg":1,"neut":0,"none":0},"intensity":{"high":0,"low":0,"meium":1,"none":0},"expressive":{"dir-action":0,"dir-explicit":0,"dir-speech":1,"indirect":0,"writing-device":0}},{"id":"하늘돈까스-본점","permalink":"","username":"asdfg","text":"ㄴㄷㅎㄷㄴ","date":"Mon Dec 10 23:59:44 +0000 2018","retweets":"30","favorites":"20","mentions":[],"hashtags":[],"geo":"","raw":"ㄴㄷㅎㄷㄴ","polarity":{"com":null,"pos":null,"neg":null,"neut":null,"none":null},"intensity":{"high":null,"low":null,"meium":null,"none":null},"expressive":{"dir-action":null,"dir-explicit":null,"dir-speech":null,"indirect":null,"writing-device":null}},{"id":"하늘돈까스-본점","permalink":"","username":"asdfg","text":"맛있어요","date":"Mon Dec 10 23:59:44 +0000 2018","retweets":"30","favorites":"20","mentions":[],"hashtags":[],"geo":"","raw":"맛있어요","polarity":{"com":0,"pos":0,"neg":1,"neut":0,"none":0},"intensity":{"high":0,"low":0,"meium":1,"none":0},"expressive":{"dir-action":0,"dir-explicit":0,"dir-speech":1,"indirect":0,"writing-device":0}},{"id":"하늘돈까스-본점","permalink":"","username":"asdfg","text":"저  하늘 돈까스 좋아해서 자주 시켰는데요 오늘은 좀 실망이네요..  분명 다시다국은 맛없어서 된장국으로 보내달라고 적은데다가 요기요 남자 상담사분한테도(이민제? 신민제?)아무튼 그 상담사 분한테도 된장국으로 바꿔서 보내달고 전달좀 해달라고 했는데 다시마국이 왔네요. 실망이에요. 지난번에도 여자 상담사분에게는 전달해달라고 했는데 그때는 된장국으로 왔는데 이번에는 뭔가요? 제대로 전달된거 맞나요? 아니면 글로도 적어놨으니까 확인만 하면 되는데..","date":"Mon Dec 10 23:59:44 +0000 2018","retweets":"30","favorites":"20","mentions":[],"hashtags":[],"geo":"","raw":"저  하늘 돈까스 좋아해서 자주 시켰는데요 오늘은 좀 실망이네요..  분명 다시다국은 맛없어서 된장국으로 보내달라고 적은데다가 요기요 남자 상담사분한테도(이민제? 신민제?)아무튼 그 상담사 분한테도 된장국으로 바꿔서 보내달고 전달좀 해달라고 했는데 다시마국이 왔네요. 실망이에요. 지난번에도 여자 상담사분에게는 전달해달라고 했는데 그때는 된장국으로 왔는데 이번에는 뭔가요? 제대로 전달된거 맞나요? 아니면 글로도 적어놨으니까 확인만 하면 되는데..","polarity":{"com":0.007133272999614416,"pos":0.43681803640882055,"neg":0.3872727009250122,"neut":0.0757197340499611,"none":0.09305625561659153},"intensity":{"high":0.0941082289923696,"low":0.08138352734475267,"meium":0.7301240611029629,"none":0.09438418255991479},"expressive":{"dir-action":0.028133361404645046,"dir-explicit":0.22625349285874996,"dir-speech":0.4383598892854497,"indirect":0.19528889129201923,"writing-device":0.11196436515913609}},{"id":"하늘돈까스-본점","permalink":"","username":"asdfg","text":"치즈돈가스가 맛있어요. 오므라이스는 마요네즈를 너무 많이 뿌려서 좀 느끼했어요. 양이 진짜 많아요","date":"Mon Dec 10 23:59:44 +0000 2018","retweets":"30","favorites":"20","mentions":[],"hashtags":[],"geo":"","raw":"치즈돈가스가 맛있어요. 오므라이스는 마요네즈를 너무 많이 뿌려서 좀 느끼했어요. 양이 진짜 많아요","polarity":{"com":0.011685424146195835,"pos":0.5069370215734106,"neg":0.39669907611334265,"neut":0.06552022359014863,"none":0.01915825457690236},"intensity":{"high":0.10383897015769128,"low":0.1936190135990884,"meium":0.6818010316688288,"none":0.02074098457439157},"expressive":{"dir-action":0.002741495285322644,"dir-explicit":0.3409392092370087,"dir-speech":0.42360121722519983,"indirect":0.21038233182708824,"writing-device":0.02233574642538061}},{"id":"하늘돈까스-본점","permalink":"","username":"asdfg","text":"맛있어요","date":"Mon Dec 10 23:59:44 +0000 2018","retweets":"30","favorites":"20","mentions":[],"hashtags":[],"geo":"","raw":"맛있어요","polarity":{"com":0,"pos":0,"neg":1,"neut":0,"none":0},"intensity":{"high":0,"low":0,"meium":1,"none":0},"expressive":{"dir-action":0,"dir-explicit":0,"dir-speech":1,"indirect":0,"writing-device":0}},{"id":"하늘돈까스-본점","permalink":"","username":"asdfg","text":"맛있게먹었네요~","date":"Mon Dec 10 23:59:44 +0000 2018","retweets":"30","favorites":"20","mentions":[],"hashtags":[],"geo":"","raw":"맛있게먹었네요~","polarity":{"com":0,"pos":0.1666666665,"neg":0.8333333334999999,"neut":0,"none":0},"intensity":{"high":0.0555555555,"low":0.111111111,"meium":0.8333333334999999,"none":0},"expressive":{"dir-action":0,"dir-explicit":0.111111111,"dir-speech":0.888888889,"indirect":0,"writing-device":0}},{"id":"하늘돈까스-본점","permalink":"","username":"asdfg","text":"김치참치볶음밥 맛있어요~돈가스도 굿~","date":"Mon Dec 10 23:59:44 +0000 2018","retweets":"30","favorites":"20","mentions":[],"hashtags":[],"geo":"","raw":"김치참치볶음밥 맛있어요~돈가스도 굿~","polarity":{"com":0.002380952333333333,"pos":0.238095238,"neg":0.6095238096666667,"neut":0.004761904666666666,"none":0.14523809533333334},"intensity":{"high":0.047619047666666664,"low":0.038095238,"meium":0.7690476190000001,"none":0.14523809533333334},"expressive":{"dir-action":0,"dir-explicit":0.06190476197936508,"dir-speech":0.5999999998,"indirect":0.19523809526825395,"writing-device":0.14285714295238094}},{"id":"하늘돈까스-본점","permalink":"","username":"asdfg","text":"참치 김치덮밥곱빼기... 뚜껑이 안닫칠 정도로 양도 많고 맛있네요👍👍👍👍☝","date":"Mon Dec 10 23:59:44 +0000 2018","retweets":"30","favorites":"20","mentions":[],"hashtags":[],"geo":"","raw":"참치 김치덮밥곱빼기... 뚜껑이 안닫칠 정도로 양도 많고 맛있네요👍👍👍👍☝","polarity":{"com":0,"pos":0.30615942025,"neg":0.5829710145,"neut":0.027536232,"none":0.08333333325},"intensity":{"high":0.19021739129755433,"low":0.10434782602608696,"meium":0.6221014494055253,"none":0.08333333327083332},"expressive":{"dir-action":0,"dir-explicit":0.44710144936177537,"dir-speech":0.30434782607608696,"indirect":0.16521739129130436,"writing-device":0.08333333327083334}},{"id":"하늘돈까스-본점","permalink":"","username":"asdfg","text":"돈까스 진짜 맛있음 근데 공기밥만 개선되면 좋겠음","date":"Mon Dec 10 23:59:44 +0000 2018","retweets":"30","favorites":"20","mentions":[],"hashtags":[],"geo":"","raw":"돈까스 진짜 맛있음 근데 공기밥만 개선되면 좋겠음","polarity":{"com":0.006250000001041665,"pos":0.49574786324929127,"neg":0.39347222223224537,"neut":0.025213675170868942,"none":0.0793162393465527},"intensity":{"high":0.06501068383333333,"low":0.0297970085,"meium":0.823792735,"none":0.08139957266666667},"expressive":{"dir-action":0,"dir-explicit":0.22387820516666668,"dir-speech":0.5219017093333335,"indirect":0.1791773505,"writing-device":0.07504273500000001}},{"id":"하늘돈까스-본점","permalink":"","username":"asdfg","text":"돈까스에서 오래된 기름냄새도 나고 바삭한맛도 없고 음식이 섞여서 와서 그다지 기분 좋진않았네요 국물도 흐르고 깍두기도 밥에 다 섞여있고 음식도 배달도 좀 신경쓰셔야겠네요","date":"Mon Dec 10 23:59:44 +0000 2018","retweets":"30","favorites":"20","mentions":[],"hashtags":[],"geo":"","raw":"돈까스에서 오래된 기름냄새도 나고 바삭한맛도 없고 음식이 섞여서 와서 그다지 기분 좋진않았네요 국물도 흐르고 깍두기도 밥에 다 섞여있고 음식도 배달도 좀 신경쓰셔야겠네요","polarity":{"com":0.005630422000402174,"pos":0.3384840113098917,"neg":0.33147843959510565,"neut":0.16350216908310727,"none":0.1609049580114932},"intensity":{"high":0.199238950271483,"low":0.06603457592385469,"meium":0.5728133712447989,"none":0.16191310255986338},"expressive":{"dir-action":0.00031466328562438186,"dir-explicit":0.20612327336967906,"dir-speech":0.4192902719516313,"indirect":0.21187875572517748,"writing-device":0.1623930356678877}},{"id":"하늘돈까스-본점","permalink":"","username":"asdfg","text":"배달음식이지만 매우 만족스럽습니다 \n치즈돈까스가 치즈가 많이 들었고 맛도 매우좋구요\n같이 주문한 냉모밀도 포장도 깔끔하게 와서 굉장히 만족스럽네요\n반찬도 깔끔하게 있어서 좋네요\n이런곳은 오래오래 변하지 않고 있었으면 좋겠네요\n다음에 또 주문해야겠어요","date":"Mon Dec 10 23:59:44 +0000 2018","retweets":"30","favorites":"20","mentions":[],"hashtags":[],"geo":"","raw":"배달음식이지만 매우 만족스럽습니다 \n치즈돈까스가 치즈가 많이 들었고 맛도 매우좋구요\n같이 주문한 냉모밀도 포장도 깔끔하게 와서 굉장히 만족스럽네요\n반찬도 깔끔하게 있어서 좋네요\n이런곳은 오래오래 변하지 않고 있었으면 좋겠네요\n다음에 또 주문해야겠어요","polarity":{"com":0.015126598129119428,"pos":0.6077621649471512,"neg":0.2587613015427164,"neut":0.04421893651789401,"none":0.07413099886311907},"intensity":{"high":0.18195782526878077,"low":0.0992048187434437,"meium":0.6439635259845203,"none":0.07487383000325538},"expressive":{"dir-action":0.0005416356086721029,"dir-explicit":0.34633901433276787,"dir-speech":0.29715026216099355,"indirect":0.27513438133586376,"writing-device":0.08083470656170284}},{"id":"하늘돈까스-본점","permalink":"","username":"asdfg","text":"맛있어요","date":"Mon Dec 10 23:59:44 +0000 2018","retweets":"30","favorites":"20","mentions":[],"hashtags":[],"geo":"","raw":"맛있어요","polarity":{"com":0,"pos":0,"neg":1,"neut":0,"none":0},"intensity":{"high":0,"low":0,"meium":1,"none":0},"expressive":{"dir-action":0,"dir-explicit":0,"dir-speech":1,"indirect":0,"writing-device":0}},{"id":"하늘돈까스-본점","permalink":"","username":"asdfg","text":"여기서 또 시켜 먹었네여.. 알바 아니구여 관계자 아닙니닼ㅋㅋㅋㅋ\n근데 매번 리뷰 남길만큼 맛있어요 ㅠㅠ..\n거의 한달반?동안 세번은 시킨듯..\n치즈돈까스 세번 다 맛있었어요\n이번엔 치돈이랑 카레돈까스 시켰는데 카레도 맛있어요!\n여긴 짱이예요","date":"Mon Dec 10 23:59:44 +0000 2018","retweets":"30","favorites":"20","mentions":[],"hashtags":[],"geo":"","raw":"여기서 또 시켜 먹었네여.. 알바 아니구여 관계자 아닙니닼ㅋㅋㅋㅋ\n근데 매번 리뷰 남길만큼 맛있어요 ㅠㅠ..\n거의 한달반?동안 세번은 시킨듯..\n치즈돈까스 세번 다 맛있었어요\n이번엔 치돈이랑 카레돈까스 시켰는데 카레도 맛있어요!\n여긴 짱이예요","polarity":{"com":0.0065009336993499065,"pos":0.29153212797084677,"neg":0.45242784995475727,"neut":0.022334903647766507,"none":0.2272041847272796},"intensity":{"high":0.10111641625505582,"low":0.07000127320350005,"meium":0.6100114591305006,"none":0.21887085141094353},"expressive":{"dir-action":0,"dir-explicit":0.2737577455726242,"dir-speech":0.3506538069649346,"indirect":0.1444060351355594,"writing-device":0.23118241232688178}},{"id":"하늘돈까스-본점","permalink":"","username":"asdfg","text":"돈까스는 늘 여기서 시켜먹는데요. \n오늘은 배달에 문제가 있었던 듯 해요. \n55분 걸린다 그랬는데 그 뒤로 25분 더 걸렸구요. ㅠㅠ \n우동은 첨 시켜봤는데 면을 국물에 넣어 보내서 완전 다 퉁퉁 불어서 왔어요. 힝... \n그래서 국물은 거의 없고, 면은 완전 팅팅 불고.... \n우동은 이제 시켜먹지 말아야 되겠어요. ㅠㅠ","date":"Mon Dec 10 23:59:44 +0000 2018","retweets":"30","favorites":"20","mentions":[],"hashtags":[],"geo":"","raw":"돈까스는 늘 여기서 시켜먹는데요. \n오늘은 배달에 문제가 있었던 듯 해요. \n55분 걸린다 그랬는데 그 뒤로 25분 더 걸렸구요. ㅠㅠ \n우동은 첨 시켜봤는데 면을 국물에 넣어 보내서 완전 다 퉁퉁 불어서 왔어요. 힝... \n그래서 국물은 거의 없고, 면은 완전 팅팅 불고.... \n우동은 이제 시켜먹지 말아야 되겠어요. ㅠㅠ","polarity":{"com":0.051221304952217224,"pos":0.41754366402647536,"neg":0.46744589406966147,"neut":0.037255908498306546,"none":0.026533228453339407},"intensity":{"high":0.09033019627272726,"low":0.1898739398181818,"meium":0.6928213291818183,"none":0.026974534727272733},"expressive":{"dir-action":0,"dir-explicit":0.27819307029289153,"dir-speech":0.421347990325332,"indirect":0.270165025520894,"writing-device":0.03029391386088237}},{"id":"하늘돈까스-본점","permalink":"","username":"asdfg","text":"지금 8시에 시켯는데 안오세여?","date":"Mon Dec 10 23:59:44 +0000 2018","retweets":"30","favorites":"20","mentions":[],"hashtags":[],"geo":"","raw":"지금 8시에 시켯는데 안오세여?","polarity":{"com":0,"pos":0.65,"neg":0.1833333335,"neut":0,"none":0.1666666665},"intensity":{"high":0.1833333335,"low":0.1,"meium":0.55,"none":0.1666666665},"expressive":{"dir-action":0,"dir-explicit":0.3,"dir-speech":0.1833333335,"indirect":0.35,"writing-device":0.1666666665}},{"id":"하늘돈까스-본점","permalink":"","username":"asdfg","text":"고구마돈가스와김치볶음밥시켰어요. 고기도도톰하고고구마가엄청많이들었어요. 너무맛있네요.김치볶음밥은좀달고싱거운데먹을만했어요.\n돈가스는진짜강추","date":"Mon Dec 10 23:59:44 +0000 2018","retweets":"30","favorites":"20","mentions":[],"hashtags":[],"geo":"","raw":"고구마돈가스와김치볶음밥시켰어요. 고기도도톰하고고구마가엄청많이들었어요. 너무맛있네요.김치볶음밥은좀달고싱거운데먹을만했어요.\n돈가스는진짜강추","polarity":{"com":0.018473831001847383,"pos":0.4219755469421975,"neg":0.4020592021402059,"neut":0.1444739382144474,"none":0.013017481701301748},"intensity":{"high":0.0914709352908529,"low":0.15305126558469484,"meium":0.7412671599258732,"none":0.014210639198578933},"expressive":{"dir-action":0.005855855899999998,"dir-explicit":0.2563304375,"dir-speech":0.5285526599,"indirect":0.19435596309999997,"writing-device":0.014905083599999997}},{"id":"하늘돈까스-본점","permalink":"","username":"asdfg","text":"일주일뒤 또 시켜먹었어요 ㅋㅋ...\n치즈돈까스 너무 맛있어요 ㅠㅠ","date":"Mon Dec 10 23:59:44 +0000 2018","retweets":"30","favorites":"20","mentions":[],"hashtags":[],"geo":"","raw":"일주일뒤 또 시켜먹었어요 ㅋㅋ...\n치즈돈까스 너무 맛있어요 ㅠㅠ","polarity":{"com":0.047619047666666664,"pos":0.3253968253333333,"neg":0.5436507936666667,"neut":0.08333333333333333,"none":0},"intensity":{"high":0.08465608466666669,"low":0.28835978833333337,"meium":0.6269841270000001,"none":0},"expressive":{"dir-action":0,"dir-explicit":0.34788359766666666,"dir-speech":0.6044973546666667,"indirect":0.04761904766666667,"writing-device":0}},{"id":"하늘돈까스-본점","permalink":"","username":"asdfg","text":"돈까스 진짜 짱이네요 ㅠㅠ...\n오늘따라 돈까스가 너무 먹고싶어서 찾아보는디\n이 매장이 아래쪽에 있어서 위쪽만 보고 포기하고 나가먹을까 하던와중에\n후기보고 한번 시켜봤는데 진짜 후회안해요ㅋㅋㅋㅋ\n(다른 돈까스집들은 후기도 별점도 별로여서 믿음이 안감 + 한번씩 시켜봤는데 진짜 별로)\n앞으로 돈까스는 여기서 시켜 먹을거에용\n진짜 사랑합니다 ㅠㅠ..","date":"Mon Dec 10 23:59:44 +0000 2018","retweets":"30","favorites":"20","mentions":[],"hashtags":[],"geo":"","raw":"돈까스 진짜 짱이네요 ㅠㅠ...\n오늘따라 돈까스가 너무 먹고싶어서 찾아보는디\n이 매장이 아래쪽에 있어서 위쪽만 보고 포기하고 나가먹을까 하던와중에\n후기보고 한번 시켜봤는데 진짜 후회안해요ㅋㅋㅋㅋ\n(다른 돈까스집들은 후기도 별점도 별로여서 믿음이 안감 + 한번씩 시켜봤는데 진짜 별로)\n앞으로 돈까스는 여기서 시켜 먹을거에용\n진짜 사랑합니다 ㅠㅠ..","polarity":{"com":0.018901038191376247,"pos":0.28770988977560524,"neg":0.5396173271209342,"neut":0.03632573566839647,"none":0.11744600924368792},"intensity":{"high":0.09613503901373356,"low":0.1113242110635225,"meium":0.6737026741438622,"none":0.11883807577888161},"expressive":{"dir-action":0.000966896428617471,"dir-explicit":0.22513365791548254,"dir-speech":0.4825104898801195,"indirect":0.1387858989589898,"writing-device":0.1526030568167906}},{"id":"하늘돈까스-본점","permalink":"","username":"asdfg","text":"제육은 정말 맛있었는데 같이온 참치김치가 너무 짯어요\n그래서 제 룸매는 먹다 남겼네요 간을 좀 보시면서 하시면 좋을거 같아요 \n그래도 양 많이 주시는거 같습니다","date":"Mon Dec 10 23:59:44 +0000 2018","retweets":"30","favorites":"20","mentions":[],"hashtags":[],"geo":"","raw":"제육은 정말 맛있었는데 같이온 참치김치가 너무 짯어요\n그래서 제 룸매는 먹다 남겼네요 간을 좀 보시면서 하시면 좋을거 같아요 \n그래도 양 많이 주시는거 같습니다","polarity":{"com":0.004209140818564467,"pos":0.3781162926707379,"neg":0.5481271512316479,"neut":0.035415470094128675,"none":0.03413194518492108},"intensity":{"high":0.10082706927272728,"low":0.15480215027272726,"meium":0.7083822148181818,"none":0.035988565636363636},"expressive":{"dir-action":0.0010449320910040846,"dir-explicit":0.19891439656353768,"dir-speech":0.4370761236760978,"indirect":0.1424366230129488,"writing-device":0.2205279246564116}},{"id":"하늘돈까스-본점","permalink":"","username":"asdfg","text":"방금 음식받고 사진찍고 한입씩 먹고 바로 리뷰남겨요!\n볶음밥 천원추가해서 곱배기했는데 대박..\n밑반찬도맛나고 소스에 국물까지이 ..\n요기요에서 시켜먹으면서 리뷰 처음남겨요!\n대만족! 대박나세요!!!!!!","date":"Mon Dec 10 23:59:44 +0000 2018","retweets":"30","favorites":"20","mentions":[],"hashtags":[],"geo":"","raw":"방금 음식받고 사진찍고 한입씩 먹고 바로 리뷰남겨요!\n볶음밥 천원추가해서 곱배기했는데 대박..\n밑반찬도맛나고 소스에 국물까지이 ..\n요기요에서 시켜먹으면서 리뷰 처음남겨요!\n대만족! 대박나세요!!!!!!","polarity":{"com":0.017155425271167687,"pos":0.4624861939579558,"neg":0.3357593531512946,"neut":0.03463203472412436,"none":0.14996699289545753},"intensity":{"high":0.08922488382629318,"low":0.10292197200935654,"meium":0.6533629129684876,"none":0.15449023119586275},"expressive":{"dir-action":0.0011730205454545456,"dir-explicit":0.20328378045454548,"dir-speech":0.3286327879090909,"indirect":0.31346053745454544,"writing-device":0.15344987363636364}},{"id":"하늘돈까스-본점","permalink":"","username":"asdfg","text":"리뷰 안믿고 속는셈 치고 시켯는데\n진짜로 좋아요.. 돈까스 고기도 엄청두껍고\n냉모밀 추가한것도 이중포장에 하튼 엄청 맛있어요","date":"Mon Dec 10 23:59:44 +0000 2018","retweets":"30","favorites":"20","mentions":[],"hashtags":[],"geo":"","raw":"리뷰 안믿고 속는셈 치고 시켯는데\n진짜로 좋아요.. 돈까스 고기도 엄청두껍고\n냉모밀 추가한것도 이중포장에 하튼 엄청 맛있어요","polarity":{"com":0.0021505376666666664,"pos":0.3493847072222222,"neg":0.4033542413333333,"neut":0.15283751499999998,"none":0.09227299877777778},"intensity":{"high":0.13543906811111112,"low":0.06734767022222223,"meium":0.7047013142222222,"none":0.09251194744444444},"expressive":{"dir-action":0.0007168458888092393,"dir-explicit":0.31868279574236863,"dir-speech":0.4276433691747063,"indirect":0.13522102742941988,"writing-device":0.11773596176469601}},{"id":"하늘돈까스-본점","permalink":"","username":"asdfg","text":"배달이라 기대안했는데 음식이 깔끔하고 맛있습니다^^","date":"Mon Dec 10 23:59:44 +0000 2018","retweets":"30","favorites":"20","mentions":[],"hashtags":[],"geo":"","raw":"배달이라 기대안했는데 음식이 깔끔하고 맛있습니다^^","polarity":{"com":0.012369311166666667,"pos":0.5934099511666667,"neg":0.3499205186666667,"neut":0.034168288,"none":0.010131931000000002},"intensity":{"high":0.0807709886801285,"low":0.05539528434256588,"meium":0.8521086581420181,"none":0.011725068835287511},"expressive":{"dir-action":0.002309983667051664,"dir-explicit":0.2983979538830663,"dir-speech":0.45765787107627626,"indirect":0.23026754553837792,"writing-device":0.011366645835227774}},{"id":"하늘돈까스-본점","permalink":"","username":"asdfg","text":"맛있습니다 드셔보세요^^","date":"Mon Dec 10 23:59:44 +0000 2018","retweets":"30","favorites":"20","mentions":[],"hashtags":[],"geo":"","raw":"맛있습니다 드셔보세요^^","polarity":{"com":0,"pos":0,"neg":1,"neut":0,"none":0},"intensity":{"high":0,"low":0,"meium":1,"none":0},"expressive":{"dir-action":0,"dir-explicit":0,"dir-speech":1,"indirect":0,"writing-device":0}},{"id":"하늘돈까스-본점","permalink":"","username":"asdfg","text":"돈가스가 상당히 잘나오네요~배부를정도 괜찮네요","date":"Mon Dec 10 23:59:44 +0000 2018","retweets":"30","favorites":"20","mentions":[],"hashtags":[],"geo":"","raw":"돈가스가 상당히 잘나오네요~배부를정도 괜찮네요","polarity":{"com":0.017396496758698247,"pos":0.4797258872398629,"neg":0.33458826216729415,"neut":0.052664353776332176,"none":0.1156250000578125},"intensity":{"high":0.10933234775,"low":0.13918334825,"meium":0.633627161,"none":0.117857143},"expressive":{"dir-action":0.003184713497611465,"dir-explicit":0.2924761145306429,"dir-speech":0.2684571200486572,"indirect":0.3204504095096622,"writing-device":0.11543164241342627}},{"id":"하늘돈까스-본점","permalink":"","username":"asdfg","text":"제육볶음이 쬐금 맵기는 하지만,그래도 맛있네옹~","date":"Mon Dec 10 23:59:44 +0000 2018","retweets":"30","favorites":"20","mentions":[],"hashtags":[],"geo":"","raw":"제육볶음이 쬐금 맵기는 하지만,그래도 맛있네옹~","polarity":{"com":0.010279001333333334,"pos":0.14390602066666666,"neg":0.4801762113333334,"neut":0.02936857566666666,"none":0.33627019099999994},"intensity":{"high":0.0352422906784141,"low":0.04405286334801761,"meium":0.582966226194322,"none":0.33773861977924624},"expressive":{"dir-action":0.0014684286671561428,"dir-explicit":0.1380323053793441,"dir-speech":0.45374449348458157,"indirect":0.06901615268967205,"writing-device":0.33773861977924624}},{"id":"하늘돈까스-본점","permalink":"","username":"asdfg","text":"55분 걸리다는 문자에 시간좀 걸릴줄알았는데\n삼십분도 안대서  왔네요~^^히레랑 치즈돈까스\n시켰는데 고기가 정말 두툼해요 맛있네요'치즈강추'ㅋㅋ\n잘 먹겠습니다 배달해주신분 제가 집을 잠시 비워가지고 너무 죄송하고요ㅜ감사함니다^^","date":"Mon Dec 10 23:59:44 +0000 2018","retweets":"30","favorites":"20","mentions":[],"hashtags":[],"geo":"","raw":"55분 걸리다는 문자에 시간좀 걸릴줄알았는데\n삼십분도 안대서  왔네요~^^히레랑 치즈돈까스\n시켰는데 고기가 정말 두툼해요 맛있네요'치즈강추'ㅋㅋ\n잘 먹겠습니다 배달해주신분 제가 집을 잠시 비워가지고 너무 죄송하고요ㅜ감사함니다^^","polarity":{"com":0.011649885177841164,"pos":0.38906553616341943,"neg":0.44868776340572797,"neut":0.10276579095326656,"none":0.04783102429974483},"intensity":{"high":0.13504050270588236,"low":0.12025639082352943,"meium":0.6965187877058824,"none":0.04818431876470589},"expressive":{"dir-action":0.0003532944705674533,"dir-explicit":0.14734019728545059,"dir-speech":0.4603187220905695,"indirect":0.28446639921856076,"writing-device":0.10752138693485168}},{"id":"하늘돈까스-본점","permalink":"","username":"asdfg","text":"솔직히내가 돈가스랑 냉모밀이랑 오므라이스 시켯는데\n냉모밀 맛 그냥 아무맛도안나고 오므라이스 계란주르륵 후르고 돈까스만 맛잇네;","date":"Mon Dec 10 23:59:44 +0000 2018","retweets":"30","favorites":"20","mentions":[],"hashtags":[],"geo":"","raw":"솔직히내가 돈가스랑 냉모밀이랑 오므라이스 시켯는데\n냉모밀 맛 그냥 아무맛도안나고 오므라이스 계란주르륵 후르고 돈까스만 맛잇네;","polarity":{"com":0.0032679738576097106,"pos":0.5878725849411247,"neg":0.2676587301810941,"neut":0.03825504557689358,"none":0.10294566544327795},"intensity":{"high":0.10607358330086765,"low":0.04756877100679554,"meium":0.7434119802490587,"none":0.10294566544327795},"expressive":{"dir-action":0,"dir-explicit":0.3480814121428571,"dir-speech":0.47807494785714283,"indirect":0.06283128642857143,"writing-device":0.11101235357142857}},{"id":"하늘돈까스-본점","permalink":"","username":"asdfg","text":"돈까스제대로익혀오진않았네요 비쥬얼은 나쁘진않아요","date":"Mon Dec 10 23:59:44 +0000 2018","retweets":"30","favorites":"20","mentions":[],"hashtags":[],"geo":"","raw":"돈까스제대로익혀오진않았네요 비쥬얼은 나쁘진않아요","polarity":{"com":0.005649717668549906,"pos":0.22446417340815467,"neg":0.6890861808963621,"neut":0.043045466681015145,"none":0.037754461345918144},"intensity":{"high":0.37781364912593784,"low":0.12456281937485424,"meium":0.45986907015328965,"none":0.037754461345918144},"expressive":{"dir-action":0,"dir-explicit":0.14330553333333332,"dir-speech":0.4086629003333333,"indirect":0.4049860996666667,"writing-device":0.043045466666666664}},{"id":"하늘돈까스-본점","permalink":"","username":"asdfg","text":"여기 돈까스 맛있어요~^^ 치즈 돈까스는 치즈가 많고 고기가 부드러워서 특히 맛있었어요~!","date":"Mon Dec 10 23:59:44 +0000 2018","retweets":"30","favorites":"20","mentions":[],"hashtags":[],"geo":"","raw":"여기 돈까스 맛있어요~^^ 치즈 돈까스는 치즈가 많고 고기가 부드러워서 특히 맛있었어요~!","polarity":{"com":0,"pos":0.3147392290449628,"neg":0.40317460320045356,"neut":0.16360544216622935,"none":0.11848072558835439},"intensity":{"high":0.09433106584366699,"low":0.08197278913114675,"meium":0.7052154194706836,"none":0.11848072555450276},"expressive":{"dir-action":0,"dir-explicit":0.2614512471428571,"dir-speech":0.5513605442857142,"indirect":0.07358276642857142,"writing-device":0.11360544214285714}},{"id":"하늘돈까스-본점","permalink":"","username":"asdfg","text":"리뷰보고 치즈돈가스랑 김치참치덮밥 시켰는데 맛있게 잘 먹었어요!!!","date":"Mon Dec 10 23:59:44 +0000 2018","retweets":"30","favorites":"20","mentions":[],"hashtags":[],"geo":"","raw":"리뷰보고 치즈돈가스랑 김치참치덮밥 시켰는데 맛있게 잘 먹었어요!!!","polarity":{"com":0,"pos":0.35714285717857136,"neg":0.6071428573035714,"neut":0.03571428551785714,"none":0},"intensity":{"high":0,"low":0.107142857,"meium":0.8928571430000001,"none":0},"expressive":{"dir-action":0,"dir-explicit":0.107142857,"dir-speech":0.5714285715,"indirect":0.3214285715,"writing-device":0}},{"id":"하늘돈까스-본점","permalink":"","username":"asdfg","text":"동네 돈까스는별루라 맛집을찾다가 요기요를보게됨ㅋ 리뷰가 괸안은집을 찾던중 함시켜봤는데 역시 사람입맛은 다 비슷하다는 생각을하게됐네요 치즈돈까스정말 맛있어 담날 또시켰담니다 괸찮은동네맛집인듯ㅎ 이맛~~쭈욱 이어가세요","date":"Mon Dec 10 23:59:44 +0000 2018","retweets":"30","favorites":"20","mentions":[],"hashtags":[],"geo":"","raw":"동네 돈까스는별루라 맛집을찾다가 요기요를보게됨ㅋ 리뷰가 괸안은집을 찾던중 함시켜봤는데 역시 사람입맛은 다 비슷하다는 생각을하게됐네요 치즈돈까스정말 맛있어 담날 또시켰담니다 괸찮은동네맛집인듯ㅎ 이맛~~쭈욱 이어가세요","polarity":{"com":0.00751355256,"pos":0.55607221904,"neg":0.29858823056,"neut":0.06427630776,"none":0.07354969008000001},"intensity":{"high":0.10563405176,"low":0.14864672828000003,"meium":0.6718123869999999,"none":0.07390683296},"expressive":{"dir-action":0.0022222222399999997,"dir-explicit":0.25076446772,"dir-speech":0.49188522859999995,"indirect":0.17079108275999996,"writing-device":0.08433699867999998}},{"id":"하늘돈까스-본점","permalink":"","username":"asdfg","text":"넘 맛있네요~^^","date":"Mon Dec 10 23:59:44 +0000 2018","retweets":"30","favorites":"20","mentions":[],"hashtags":[],"geo":"","raw":"넘 맛있네요~^^","polarity":{"com":0,"pos":0,"neg":1,"neut":0,"none":0},"intensity":{"high":0,"low":0,"meium":1,"none":0},"expressive":{"dir-action":0,"dir-explicit":0,"dir-speech":1,"indirect":0,"writing-device":0}},{"id":"하늘돈까스-본점","permalink":"","username":"asdfg","text":"요기요시켜먹은곳중에 제일맛있어요 치즈돈까스 치즈가많이들어있고 곁들여온 반찬도 전부 깔끔하고맛있어요 가격도 다른곳보다 저렴한대 밥양도많고 돈까스도맛나요 그리고미니냉모밀 2000원주고추가시켜 기대안했는대 맛이좋아요 정성이 모든음식에서느껴집니다.참치김볶음밥도 맛있어요 진짜 짱짱맨 ㅋㅋ","date":"Mon Dec 10 23:59:44 +0000 2018","retweets":"30","favorites":"20","mentions":[],"hashtags":[],"geo":"","raw":"요기요시켜먹은곳중에 제일맛있어요 치즈돈까스 치즈가많이들어있고 곁들여온 반찬도 전부 깔끔하고맛있어요 가격도 다른곳보다 저렴한대 밥양도많고 돈까스도맛나요 그리고미니냉모밀 2000원주고추가시켜 기대안했는대 맛이좋아요 정성이 모든음식에서느껴집니다.참치김볶음밥도 맛있어요 진짜 짱짱맨 ㅋㅋ","polarity":{"com":0.035834357557133246,"pos":0.48940681264084746,"neg":0.34917203117206624,"neut":0.08573703135314101,"none":0.03984976727681202},"intensity":{"high":0.09492406704,"low":0.11143007424000001,"meium":0.7332936182400001,"none":0.06035224048},"expressive":{"dir-action":0.00511896068,"dir-explicit":0.28783470948,"dir-speech":0.38102603368000004,"indirect":0.2863255057600001,"writing-device":0.03969479040000001}},{"id":"하늘돈까스-본점","permalink":"","username":"asdfg","text":"치즈 돈가스 맛있긴한데 돈가스 소스가 없네요\n원래 않오는 건가 그래서 먹을때 좀 싱거웠어요","date":"Mon Dec 10 23:59:44 +0000 2018","retweets":"30","favorites":"20","mentions":[],"hashtags":[],"geo":"","raw":"치즈 돈가스 맛있긴한데 돈가스 소스가 없네요\n원래 않오는 건가 그래서 먹을때 좀 싱거웠어요","polarity":{"com":0.0025510204278425654,"pos":0.3637394350389316,"neg":0.3872655123179241,"neut":0.12342815925044909,"none":0.12301587296485261},"intensity":{"high":0.05522057313496849,"low":0.1656617192620483,"meium":0.6561018346205569,"none":0.1230158729824263},"expressive":{"dir-action":0,"dir-explicit":0.1472892186932444,"dir-speech":0.4839466089308648,"indirect":0.24064625853705054,"writing-device":0.1281179138388403}},{"id":"하늘돈까스-본점","permalink":"","username":"asdfg","text":"술안주로 제육볶음 시켜 먹었는데 주문후 40~50분 사이에 배달이 오더군요.\n좀 오래 걸려서 그렇지 매콤한게 먹기에 좋았읍니다.값(15,000원)에 비에  양도\n괞찬고요...잘 먹었읍니다. 번창하세요...","date":"Mon Dec 10 23:59:44 +0000 2018","retweets":"30","favorites":"20","mentions":[],"hashtags":[],"geo":"","raw":"술안주로 제육볶음 시켜 먹었는데 주문후 40~50분 사이에 배달이 오더군요.\n좀 오래 걸려서 그렇지 매콤한게 먹기에 좋았읍니다.값(15,000원)에 비에  양도\n괞찬고요...잘 먹었읍니다. 번창하세요...","polarity":{"com":0.0017160017142857145,"pos":0.5903462174999999,"neg":0.33134265350000003,"neut":0.05416483985714286,"none":0.02243028742857143},"intensity":{"high":0.09539154535714285,"low":0.08271627985714286,"meium":0.7992473871428571,"none":0.02264478764285713},"expressive":{"dir-action":0.00021450021430103578,"dir-explicit":0.24213184923158085,"dir-speech":0.3740261454552876,"indirect":0.3609827174543559,"writing-device":0.02264478764447463}},{"id":"하늘돈까스-본점","permalink":"","username":"asdfg","text":"리뷰작성 원래 않하는대요 요기요 다른 가게 에서 많이 시켜 먹어봤는대 다 형편없게 오는대 이집은 정말 돈까스 제일 잘하내요 치즈돈까스 희안하게 롤처럼 처음 먹어봅니다ㅎㅎ 돈까스에 정성이 담겨있내요 젓가락도 신경쓴 모습 감동이십니다 번창하세요","date":"Mon Dec 10 23:59:44 +0000 2018","retweets":"30","favorites":"20","mentions":[],"hashtags":[],"geo":"","raw":"리뷰작성 원래 않하는대요 요기요 다른 가게 에서 많이 시켜 먹어봤는대 다 형편없게 오는대 이집은 정말 돈까스 제일 잘하내요 치즈돈까스 희안하게 롤처럼 처음 먹어봅니다ㅎㅎ 돈까스에 정성이 담겨있내요 젓가락도 신경쓴 모습 감동이십니다 번창하세요","polarity":{"com":0.016927783465538148,"pos":0.5348056979643463,"neg":0.30679223231288055,"neut":0.05169863379655343,"none":0.08977565246068163},"intensity":{"high":0.10293307933333333,"low":0.17989216720000004,"meium":0.6260523933333333,"none":0.09112236013333333},"expressive":{"dir-action":0.007980790398935894,"dir-explicit":0.25456882649939083,"dir-speech":0.5036799975328426,"indirect":0.14057119778125718,"writing-device":0.09319918778757344}},{"id":"하늘돈까스-본점","permalink":"","username":"asdfg","text":"여기돈까스짱!ㅎ진짜간만에너무잘먹었어요.ㅎ치즈돈까스정말최고!ㅎ진짜돼지고기에치를돌돌말아서튀겨서.그냥파는돈까스넙적한거와는맛이너무틀렸어요\n~^^그냥로스돈까스도.두툼하고.정말다음에또시켜먹어야겠어요~^^","date":"Mon Dec 10 23:59:44 +0000 2018","retweets":"30","favorites":"20","mentions":[],"hashtags":[],"geo":"","raw":"여기돈까스짱!ㅎ진짜간만에너무잘먹었어요.ㅎ치즈돈까스정말최고!ㅎ진짜돼지고기에치를돌돌말아서튀겨서.그냥파는돈까스넙적한거와는맛이너무틀렸어요\n~^^그냥로스돈까스도.두툼하고.정말다음에또시켜먹어야겠어요~^^","polarity":{"com":0.014381516500898845,"pos":0.29155394858072214,"neg":0.511615443469476,"neut":0.07850677162990667,"none":0.1039423198189964},"intensity":{"high":0.11196162711800241,"low":0.06556251818340235,"meium":0.7176274563926485,"none":0.10484839830594697},"expressive":{"dir-action":0.0017022568747872178,"dir-explicit":0.19681804322539773,"dir-speech":0.5711392216786076,"indirect":0.08293300286463337,"writing-device":0.14740747535657406}},{"id":"하늘돈까스-본점","permalink":"","username":"asdfg","text":"맛있어서 또 시켜먹네요 다른곳하고 다르게 양도 많고 고기도 두껍고 배달이 좀 늦는 느낌이 있지만 그래도 감수할만 하네요","date":"Mon Dec 10 23:59:44 +0000 2018","retweets":"30","favorites":"20","mentions":[],"hashtags":[],"geo":"","raw":"맛있어서 또 시켜먹네요 다른곳하고 다르게 양도 많고 고기도 두껍고 배달이 좀 늦는 느낌이 있지만 그래도 감수할만 하네요","polarity":{"com":0.01499615976807722,"pos":0.4568904796571623,"neg":0.2979890726693855,"neut":0.1279279626824671,"none":0.10219632522290799},"intensity":{"high":0.08767244709041115,"low":0.10328056309281239,"meium":0.7066852385702593,"none":0.10236175124651718},"expressive":{"dir-action":0.0004962779231150983,"dir-explicit":0.2690173508668475,"dir-speech":0.5139126282703008,"indirect":0.10338840677718372,"writing-device":0.11318533616255272}},{"id":"하늘돈까스-본점","permalink":"","username":"asdfg","text":"히레돈까스랑 김치참치덮밥먹었는데  돈까스 너무맛있어요 고기도 두껍고 바삭하고 김치참지덮밥도 맛있게 잘 먹었어요","date":"Mon Dec 10 23:59:44 +0000 2018","retweets":"30","favorites":"20","mentions":[],"hashtags":[],"geo":"","raw":"히레돈까스랑 김치참치덮밥먹었는데  돈까스 너무맛있어요 고기도 두껍고 바삭하고 김치참지덮밥도 맛있게 잘 먹었어요","polarity":{"com":0.026338581432334085,"pos":0.44460312849208616,"neg":0.3719837361959977,"neut":0.03516901000502415,"none":0.12190554387455796},"intensity":{"high":0.23417412942857144,"low":0.128826703,"meium":0.5134515875714286,"none":0.12354758},"expressive":{"dir-action":0.001642036142857143,"dir-explicit":0.3961244267142857,"dir-speech":0.3032509555714286,"indirect":0.17037021714285716,"writing-device":0.12861236442857144}}]