[{"id":"어서옵쇼","permalink":"","username":"asdfg","text":"회도싱싱하고 또시켜먹을거에요!!!","date":"Mon Dec 10 23:59:44 +0000 2018","retweets":"30","favorites":"20","mentions":[],"hashtags":[],"geo":"","raw":"회도싱싱하고 또시켜먹을거에요!!!","polarity":{"com":0.00229885059954023,"pos":0.35960591112807877,"neg":0.4995073893000985,"neut":0.01379310339724138,"none":0.12479474557504104},"intensity":{"high":0.04521072799095786,"low":0.06973180078605364,"meium":0.7579638750484072,"none":0.12709359617458127},"expressive":{"dir-action":0.00229885060045977,"dir-explicit":0.10519978102103997,"dir-speech":0.3954570334790914,"indirect":0.23678160924735633,"writing-device":0.26026272565205255}},{"id":"어서옵쇼","permalink":"","username":"asdfg","text":"맛있어여~~! 스끼다시가 좀 부족하지만 !!","date":"Mon Dec 10 23:59:44 +0000 2018","retweets":"30","favorites":"20","mentions":[],"hashtags":[],"geo":"","raw":"맛있어여~~! 스끼다시가 좀 부족하지만 !!","polarity":{"com":0.0089285715,"pos":0.205357143,"neg":0.732142857,"neut":0.0401785715,"none":0.013392857},"intensity":{"high":0.080357143,"low":0.0535714285,"meium":0.8482142855,"none":0.017857143},"expressive":{"dir-action":0,"dir-explicit":0.3125,"dir-speech":0.28125,"indirect":0.39285714299999996,"writing-device":0.013392857}},{"id":"어서옵쇼","permalink":"","username":"asdfg","text":"음식은 좋은데 배달이 너무나도  느리네요","date":"Mon Dec 10 23:59:44 +0000 2018","retweets":"30","favorites":"20","mentions":[],"hashtags":[],"geo":"","raw":"음식은 좋은데 배달이 너무나도  느리네요","polarity":{"com":0.005649717666666667,"pos":0.45197740099999995,"neg":0.5197740113333332,"neut":0.011299435000000004,"none":0.011299434999999997},"intensity":{"high":0.36723163845574386,"low":0.04519774001506591,"meium":0.5762711865254238,"none":0.011299435003766477},"expressive":{"dir-action":0,"dir-explicit":0.4237288136666666,"dir-speech":0.5197740113333332,"indirect":0.04519773999999998,"writing-device":0.011299434999999997}},{"id":"어서옵쇼","permalink":"","username":"asdfg","text":"리뷰좋아 망설임없이 주문했는데\n역시 였습니다\n푸짐하게 맛있게 잘먹었습니다~^^","date":"Mon Dec 10 23:59:44 +0000 2018","retweets":"30","favorites":"20","mentions":[],"hashtags":[],"geo":"","raw":"리뷰좋아 망설임없이 주문했는데\n역시 였습니다\n푸짐하게 맛있게 잘먹었습니다~^^","polarity":{"com":0.009464954288418558,"pos":0.49182370314052104,"neg":0.3802351722514957,"neut":0.06518663259005333,"none":0.05328953772951129},"intensity":{"high":0.10826008974521718,"low":0.08500310073857231,"meium":0.7527110516436317,"none":0.05402575787257878},"expressive":{"dir-action":0.0013506594285714287,"dir-explicit":0.28236060485714287,"dir-speech":0.2925474752857143,"indirect":0.36722160185714287,"writing-device":0.05651965857142858}},{"id":"어서옵쇼","permalink":"","username":"asdfg","text":"3명이서 대짜먹었는데 맛있어여.물회가 있어서 양은 얼추맞음요 ㅋ 물회 너무맛있더라구여 또 주문할게여","date":"Mon Dec 10 23:59:44 +0000 2018","retweets":"30","favorites":"20","mentions":[],"hashtags":[],"geo":"","raw":"3명이서 대짜먹었는데 맛있어여.물회가 있어서 양은 얼추맞음요 ㅋ 물회 너무맛있더라구여 또 주문할게여","polarity":{"com":0.017499844913750024,"pos":0.3173710334471049,"neg":0.5783977356536003,"neut":0.037552520410407915,"none":0.04917886557513684},"intensity":{"high":0.10836002385139334,"low":0.1301289683550215,"meium":0.7117858235352976,"none":0.04972518425828753},"expressive":{"dir-action":0.0009047415833333332,"dir-explicit":0.2968878346666667,"dir-speech":0.4200442996666666,"indirect":0.22071238949999997,"writing-device":0.061450734583333326}},{"id":"어서옵쇼","permalink":"","username":"asdfg","text":"ㅠㅜ 와 양에 놀라고 맛에 놀라고..!\n회 퀄리티도 대박!!\n배달회인데 스끼도 쩔었어요!!\n나중에 또 시켜먹을게요~~!","date":"Mon Dec 10 23:59:44 +0000 2018","retweets":"30","favorites":"20","mentions":[],"hashtags":[],"geo":"","raw":"ㅠㅜ 와 양에 놀라고 맛에 놀라고..!\n회 퀄리티도 대박!!\n배달회인데 스끼도 쩔었어요!!\n나중에 또 시켜먹을게요~~!","polarity":{"com":0.003096794249741934,"pos":0.4825319015431223,"neg":0.16917989431923502,"neut":0.21833955798180507,"none":0.1268518519060957},"intensity":{"high":0.04368969808697414,"low":0.04437441633703121,"meium":0.785084033648757,"none":0.12685185192723766},"expressive":{"dir-action":0,"dir-explicit":0.09623404923396098,"dir-speech":0.4471755368421374,"indirect":0.3173902894471016,"writing-device":0.13920012447679997}},{"id":"어서옵쇼","permalink":"","username":"asdfg","text":"어제 우럭 맛있게먹어서 오늘 또먹었어욥 역시맛남ㅎㅎ 야채무침 짱!","date":"Mon Dec 10 23:59:44 +0000 2018","retweets":"30","favorites":"20","mentions":[],"hashtags":[],"geo":"","raw":"어제 우럭 맛있게먹어서 오늘 또먹었어욥 역시맛남ㅎㅎ 야채무침 짱!","polarity":{"com":0.018181818199999998,"pos":0.28008658,"neg":0.47359307380000004,"neut":0.06666666660000001,"none":0.1614718614},"intensity":{"high":0.031313131212525255,"low":0.13838383825535353,"meium":0.6688311690675325,"none":0.16147186146458875},"expressive":{"dir-action":0,"dir-explicit":0.19422799423884562,"dir-speech":0.4975468976995094,"indirect":0.11818181822363637,"writing-device":0.19004328983800867}},{"id":"어서옵쇼","permalink":"","username":"asdfg","text":"새로보이길래 주문해봤는뎅 넘마싯었어여! 야채무침 진짜 짱마싯구 생와사비라서 좋음ㅎㅅㅎ 회도마싯어여","date":"Mon Dec 10 23:59:44 +0000 2018","retweets":"30","favorites":"20","mentions":[],"hashtags":[],"geo":"","raw":"새로보이길래 주문해봤는뎅 넘마싯었어여! 야채무침 진짜 짱마싯구 생와사비라서 좋음ㅎㅅㅎ 회도마싯어여","polarity":{"com":0,"pos":0.8275,"neg":0.13833333333333334,"neut":0.020833333333333332,"none":0.013333333333333334},"intensity":{"high":0.08750000000000001,"low":0.1175,"meium":0.7816666666666666,"none":0.013333333333333334},"expressive":{"dir-action":0,"dir-explicit":0.7416666666666666,"dir-speech":0.12916666666666665,"indirect":0.11583333333333333,"writing-device":0.013333333333333332}},{"id":"어서옵쇼","permalink":"","username":"asdfg","text":"잘먹었습니다 ~!!","date":"Mon Dec 10 23:59:44 +0000 2018","retweets":"30","favorites":"20","mentions":[],"hashtags":[],"geo":"","raw":"잘먹었습니다 ~!!","polarity":{"com":0,"pos":0.7142857147142857,"neg":0.21428571421428572,"neut":0.07142857107142857,"none":0},"intensity":{"high":0,"low":0.214285714,"meium":0.785714286,"none":0},"expressive":{"dir-action":0,"dir-explicit":0.214285714,"dir-speech":0.142857143,"indirect":0.642857143,"writing-device":0}},{"id":"어서옵쇼","permalink":"","username":"asdfg","text":"어우 최곱니다.이렇게 밸런스 좋고 신선한 물회는 처음입니다. 그것도 서울에서, 자취방에서 배달 받아서 먹어볼 줄은 상상도 못했네요. 물회 들어간 해물 갯수도 많고 정말 신선합니다 감사합니다 많이 파세요!!","date":"Mon Dec 10 23:59:44 +0000 2018","retweets":"30","favorites":"20","mentions":[],"hashtags":[],"geo":"","raw":"어우 최곱니다.이렇게 밸런스 좋고 신선한 물회는 처음입니다. 그것도 서울에서, 자취방에서 배달 받아서 먹어볼 줄은 상상도 못했네요. 물회 들어간 해물 갯수도 많고 정말 신선합니다 감사합니다 많이 파세요!!","polarity":{"com":0.0050026782349998425,"pos":0.5165926457343181,"neg":0.34438529615621255,"neut":0.11145186928756165,"none":0.022567510586907792},"intensity":{"high":0.15480451988235297,"low":0.20596024864705884,"meium":0.6163645714117646,"none":0.02287066005882353},"expressive":{"dir-action":0.0005561538823856562,"dir-explicit":0.22965109318997948,"dir-speech":0.3986106125528594,"indirect":0.2871634727815979,"writing-device":0.08401866759317757}},{"id":"어서옵쇼","permalink":"","username":"asdfg","text":"맛있어요^^~~~  추천해요!","date":"Mon Dec 10 23:59:44 +0000 2018","retweets":"30","favorites":"20","mentions":[],"hashtags":[],"geo":"","raw":"맛있어요^^~~~  추천해요!","polarity":{"com":0,"pos":0.5,"neg":0.5,"neut":0,"none":0},"intensity":{"high":0.25,"low":0,"meium":0.75,"none":0},"expressive":{"dir-action":0,"dir-explicit":0,"dir-speech":0.5,"indirect":0.5,"writing-device":0}},{"id":"어서옵쇼","permalink":"","username":"asdfg","text":"맛있습니다. 특히 이 집엔 더~ 연어가 맛있어요. 늘 연어세트로 시키는 편입니다. 같이주는 콩고물-야채버무리(??)까지ㅎㅎ 너~무 맛있어요. 과일 후식 서비스도 감사히 잘 먹었습니다.","date":"Mon Dec 10 23:59:44 +0000 2018","retweets":"30","favorites":"20","mentions":[],"hashtags":[],"geo":"","raw":"맛있습니다. 특히 이 집엔 더~ 연어가 맛있어요. 늘 연어세트로 시키는 편입니다. 같이주는 콩고물-야채버무리(??)까지ㅎㅎ 너~무 맛있어요. 과일 후식 서비스도 감사히 잘 먹었습니다.","polarity":{"com":0.0016233766366587957,"pos":0.3840253181607318,"neg":0.4020792338912871,"neut":0.07245670992226486,"none":0.13981536138905734},"intensity":{"high":0.09352945037213904,"low":0.25651318375059207,"meium":0.5051980847731998,"none":0.14475928110406902},"expressive":{"dir-action":0,"dir-explicit":0.176265905834206,"dir-speech":0.43712613149428414,"indirect":0.2457628230223421,"writing-device":0.14084513964916773}},{"id":"어서옵쇼","permalink":"","username":"asdfg","text":"ㅎㅎ맛있어요 감사합니당\n처음시킨건데 맘에쏙~\n자주 애용할께요~~","date":"Mon Dec 10 23:59:44 +0000 2018","retweets":"30","favorites":"20","mentions":[],"hashtags":[],"geo":"","raw":"ㅎㅎ맛있어요 감사합니당\n처음시킨건데 맘에쏙~\n자주 애용할께요~~","polarity":{"com":0.030011520828331407,"pos":0.5026881719162186,"neg":0.2939004096176832,"neut":0.019930875663344852,"none":0.1534690219744218},"intensity":{"high":0.19294034813450994,"low":0.19495007680084164,"meium":0.45828213009028634,"none":0.15382744497436207},"expressive":{"dir-action":0.001075268833154122,"dir-explicit":0.1118535586480244,"dir-speech":0.6413658473931056,"indirect":0.08628392215228602,"writing-device":0.15942140297342977}},{"id":"어서옵쇼","permalink":"","username":"asdfg","text":"연어는 맛있었고 우럭은 쏘쏘. 물회야채에 기대를 많이했나봐요~ 서비스니까 감사히 먹었지만 물회라 하기에 익힌 오징어가 들어가있어 조금 실망했네요~~","date":"Mon Dec 10 23:59:44 +0000 2018","retweets":"30","favorites":"20","mentions":[],"hashtags":[],"geo":"","raw":"연어는 맛있었고 우럭은 쏘쏘. 물회야채에 기대를 많이했나봐요~ 서비스니까 감사히 먹었지만 물회라 하기에 익힌 오징어가 들어가있어 조금 실망했네요~~","polarity":{"com":0.010120866071428572,"pos":0.41282392235714294,"neg":0.4392815172857143,"neut":0.07900943900000001,"none":0.05876425528571429},"intensity":{"high":0.14064671392857145,"low":0.22407777228571432,"meium":0.5740778573571429,"none":0.06119765642857144},"expressive":{"dir-action":0.002102865643307757,"dir-explicit":0.3438993132165499,"dir-speech":0.3213874324260116,"indirect":0.2634094876278735,"writing-device":0.06920090108625734}},{"id":"어서옵쇼","permalink":"","username":"asdfg","text":"싱싱하고 맛있어요\n물회야채도 상큼하니 좋구요","date":"Mon Dec 10 23:59:44 +0000 2018","retweets":"30","favorites":"20","mentions":[],"hashtags":[],"geo":"","raw":"싱싱하고 맛있어요\n물회야채도 상큼하니 좋구요","polarity":{"com":0.007110189,"pos":0.3781229011666667,"neg":0.479529431,"neut":0.01938071066666667,"none":0.11585676816666668},"intensity":{"high":0.1286522976452246,"low":0.09413442998431092,"meium":0.6589402948901765,"none":0.11827297748028782},"expressive":{"dir-action":0.002416209333333333,"dir-explicit":0.24315768966666662,"dir-speech":0.3673138655,"indirect":0.2661983166666666,"writing-device":0.12091391883333331}},{"id":"어서옵쇼","permalink":"","username":"asdfg","text":"탱글탱글 하니 너무 맛있네요 ㅠㅠ 다만 중간에 머리카락이 나왔다는 점은 제외하구요 ㅎㅎ 진짜 맛있어요~ 무침야채도 진짜 맛있어요 중간중간 오징어도 들어가 있나봐요 새콤달콤 쫄깃하니 맛있네용 ~ 무엇보다 주문 한지 20분만에 배달왔더라구요 대박 ㅎㅎ 번창하세영","date":"Mon Dec 10 23:59:44 +0000 2018","retweets":"30","favorites":"20","mentions":[],"hashtags":[],"geo":"","raw":"탱글탱글 하니 너무 맛있네요 ㅠㅠ 다만 중간에 머리카락이 나왔다는 점은 제외하구요 ㅎㅎ 진짜 맛있어요~ 무침야채도 진짜 맛있어요 중간중간 오징어도 들어가 있나봐요 새콤달콤 쫄깃하니 맛있네용 ~ 무엇보다 주문 한지 20분만에 배달왔더라구요 대박 ㅎㅎ 번창하세영","polarity":{"com":0.015143998072510285,"pos":0.37061971159790136,"neg":0.3999563263142826,"neut":0.03912673421708048,"none":0.17515322979822523},"intensity":{"high":0.05695807271021728,"low":0.04986274778215266,"meium":0.7168368215916544,"none":0.17634235791597552},"expressive":{"dir-action":0.0014963477856074037,"dir-explicit":0.27833815405154727,"dir-speech":0.4417300810398764,"indirect":0.1016250411355982,"writing-device":0.17681037598737065}},{"id":"어서옵쇼","permalink":"","username":"asdfg","text":"갑자기 주문이밀려서 배달이늦는다햇지만 예정시간에맞게 와주셔서잘먹엇습니다!!!! 근데 물회야채는 제입맛이아니엿어요ㅜㅜㅜㅜ흑흑 무침으로먹을걸ㅠㅠ흑흑","date":"Mon Dec 10 23:59:44 +0000 2018","retweets":"30","favorites":"20","mentions":[],"hashtags":[],"geo":"","raw":"갑자기 주문이밀려서 배달이늦는다햇지만 예정시간에맞게 와주셔서잘먹엇습니다!!!! 근데 물회야채는 제입맛이아니엿어요ㅜㅜㅜㅜ흑흑 무침으로먹을걸ㅠㅠ흑흑","polarity":{"com":0.00588165375,"pos":0.5062633820833333,"neg":0.31996322666666666,"neut":0.12295609841666666,"none":0.04493563908333334},"intensity":{"high":0.07724930866022924,"low":0.13377945915551842,"meium":0.7427106315214408,"none":0.046260600662811624},"expressive":{"dir-action":0.00132496158355416,"dir-explicit":0.24526356762421064,"dir-speech":0.48865962274811,"indirect":0.21525278728587546,"writing-device":0.04949906075824984}},{"id":"어서옵쇼","permalink":"","username":"asdfg","text":"산낙지 멍게 해삼 싱싱한거같아요   맛있게먹었어요","date":"Mon Dec 10 23:59:44 +0000 2018","retweets":"30","favorites":"20","mentions":[],"hashtags":[],"geo":"","raw":"산낙지 멍게 해삼 싱싱한거같아요   맛있게먹었어요","polarity":{"com":0.0022988505999999996,"pos":0.25325670479999995,"neg":0.6804597701999998,"neut":0.0249042146,"none":0.039080459799999995},"intensity":{"high":0.06743295018651341,"low":0.10306513417938695,"meium":0.7881226052423754,"none":0.04137931039172414},"expressive":{"dir-action":0.00229885060091954,"dir-explicit":0.12107279684842913,"dir-speech":0.5049808430019924,"indirect":0.1256704980502682,"writing-device":0.2459770114983908}},{"id":"어서옵쇼","permalink":"","username":"asdfg","text":"제가먹어본회중에서 제일맛있었어요\n진짜너무맛있엇어요\n잘먹었습니다♡♡","date":"Mon Dec 10 23:59:44 +0000 2018","retweets":"30","favorites":"20","mentions":[],"hashtags":[],"geo":"","raw":"제가먹어본회중에서 제일맛있었어요\n진짜너무맛있엇어요\n잘먹었습니다♡♡","polarity":{"com":0.028571428605714284,"pos":0.4380952380876191,"neg":0.5190476191038095,"neut":0.014285714202857142,"none":0},"intensity":{"high":0.0507936508,"low":0.1825396824,"meium":0.7666666668,"none":0},"expressive":{"dir-action":0,"dir-explicit":0.33492063479999995,"dir-speech":0.507936508,"indirect":0.15714285719999996,"writing-device":0}},{"id":"어서옵쇼","permalink":"","username":"asdfg","text":"너무 만족해서 항상 시키는 곳인데\n.... 저는 우럭+연어였는데 연어 먹는데 뭔가 쿰쿰한 냄새가 나는것 같았어요.. 근데 접시째 들고 맡으면 아무 냄새가 안나고 그러더라그요.. 연어에서 사알짝 뭔가 쿰쿰.... 항상 너무 싱싱한 걸 보내 주셔서 맘에 들었던 곳인데 ..그래서 스키 없어도 맘에 들었던 곳인데요..오늘은 조금 이상느낌.. 물롬 다음에도 여기에서 시킬꺼에요\n 오늘만 실망 스러웠어요..","date":"Mon Dec 10 23:59:44 +0000 2018","retweets":"30","favorites":"20","mentions":[],"hashtags":[],"geo":"","raw":"너무 만족해서 항상 시키는 곳인데\n.... 저는 우럭+연어였는데 연어 먹는데 뭔가 쿰쿰한 냄새가 나는것 같았어요.. 근데 접시째 들고 맡으면 아무 냄새가 안나고 그러더라그요.. 연어에서 사알짝 뭔가 쿰쿰.... 항상 너무 싱싱한 걸 보내 주셔서 맘에 들었던 곳인데 ..그래서 스키 없어도 맘에 들었던 곳인데요..오늘은 조금 이상느낌.. 물롬 다음에도 여기에서 시킬꺼에요\n 오늘만 실망 스러웠어요..","polarity":{"com":0.029001093674612795,"pos":0.33343801119353833,"neg":0.49496211669403595,"neut":0.05344860809160175,"none":0.08915017034621125},"intensity":{"high":0.1764470843282725,"low":0.07372383861528142,"meium":0.659925567053546,"none":0.0899035100029001},"expressive":{"dir-action":0.0005788989032071321,"dir-explicit":0.25978615434645846,"dir-speech":0.4157551184059434,"indirect":0.23171917125058966,"writing-device":0.09216065709380127}},{"id":"어서옵쇼","permalink":"","username":"asdfg","text":"배달은 조금 늦었지만 맛있게 잘먹었습니다","date":"Mon Dec 10 23:59:44 +0000 2018","retweets":"30","favorites":"20","mentions":[],"hashtags":[],"geo":"","raw":"배달은 조금 늦었지만 맛있게 잘먹었습니다","polarity":{"com":0,"pos":0.4285714286071428,"neg":0.42857142860714287,"neut":0.1428571427857143,"none":0},"intensity":{"high":0,"low":0.1785714285,"meium":0.8214285715,"none":0},"expressive":{"dir-action":0,"dir-explicit":0.3035714285,"dir-speech":0.53571428575,"indirect":0.16071428575,"writing-device":0}},{"id":"어서옵쇼","permalink":"","username":"asdfg","text":"다른 동네 살 때부터 시켜먹었던 곳이에요~ 양은 지금까지 시켜먹은 곳 중에 제일 많다고 생각합니당ㅋㅋ\n물론 다른 곳에 비해 스키다시가 없지만 채소물회랑 과일이 같이 오고 저는 이게 별 맛 없는 스키다시보다 효율적이고 맛있어서 좋아용ㅋㅋㅋ","date":"Mon Dec 10 23:59:44 +0000 2018","retweets":"30","favorites":"20","mentions":[],"hashtags":[],"geo":"","raw":"다른 동네 살 때부터 시켜먹었던 곳이에요~ 양은 지금까지 시켜먹은 곳 중에 제일 많다고 생각합니당ㅋㅋ\n물론 다른 곳에 비해 스키다시가 없지만 채소물회랑 과일이 같이 오고 저는 이게 별 맛 없는 스키다시보다 효율적이고 맛있어서 좋아용ㅋㅋㅋ","polarity":{"com":0.024379877075124016,"pos":0.41110495599777896,"neg":0.3917617384016476,"neut":0.07598109942480377,"none":0.09677232910064552},"intensity":{"high":0.15607183737872865,"low":0.0917881634510146,"meium":0.6525965777583117,"none":0.09954342141194523},"expressive":{"dir-action":0.00017621144002114537,"dir-explicit":0.3081516079569782,"dir-speech":0.476408239217169,"indirect":0.11338280817360595,"writing-device":0.10188113321222575}},{"id":"어서옵쇼","permalink":"","username":"asdfg","text":"맛있어요 ~물회야채도좋구요","date":"Mon Dec 10 23:59:44 +0000 2018","retweets":"30","favorites":"20","mentions":[],"hashtags":[],"geo":"","raw":"맛있어요 ~물회야채도좋구요","polarity":{"com":0,"pos":0.39999999999999997,"neg":0.6,"neut":0,"none":0},"intensity":{"high":0.06666666666666668,"low":0.06666666666666667,"meium":0.8666666666666667,"none":0},"expressive":{"dir-action":0,"dir-explicit":0.39999999999999997,"dir-speech":0.39999999999999997,"indirect":0.19999999999999998,"writing-device":0}},{"id":"어서옵쇼","permalink":"","username":"asdfg","text":"123456789굿","date":"Mon Dec 10 23:59:44 +0000 2018","retweets":"30","favorites":"20","mentions":[],"hashtags":[],"geo":"","raw":"123456789굿","polarity":{"com":0,"pos":1,"neg":0,"neut":0,"none":0},"intensity":{"high":0,"low":0,"meium":1,"none":0},"expressive":{"dir-action":0,"dir-explicit":0,"dir-speech":0,"indirect":1,"writing-device":0}},{"id":"어서옵쇼","permalink":"","username":"asdfg","text":"바쁜곳이니 늘  50~60분 시간은 염두하고 시키시구영\n회 싱싱하구 재료없다구 바쁜와중에도 전화주시네욤\n회무침용야채 맛있어요. 그런데 어젠 그 소스 빠트리셔서 조금 아쉬웠습니다ㅎ","date":"Mon Dec 10 23:59:44 +0000 2018","retweets":"30","favorites":"20","mentions":[],"hashtags":[],"geo":"","raw":"바쁜곳이니 늘  50~60분 시간은 염두하고 시키시구영\n회 싱싱하구 재료없다구 바쁜와중에도 전화주시네욤\n회무침용야채 맛있어요. 그런데 어젠 그 소스 빠트리셔서 조금 아쉬웠습니다ㅎ","polarity":{"com":0.017046751460227175,"pos":0.4583220021955137,"neg":0.31740106305250765,"neut":0.06674516699486575,"none":0.14048501629688578},"intensity":{"high":0.0640471436153846,"low":0.15326498061538463,"meium":0.6411532601538461,"none":0.14153461561538463},"expressive":{"dir-action":0.0013804512307692305,"dir-explicit":0.24475375092307694,"dir-speech":0.31033888153846156,"indirect":0.3009388306923077,"writing-device":0.14258808561538464}},{"id":"어서옵쇼","permalink":"","username":"asdfg","text":"항상 만족을 주는 집입니다. 감사드려요^^","date":"Mon Dec 10 23:59:44 +0000 2018","retweets":"30","favorites":"20","mentions":[],"hashtags":[],"geo":"","raw":"항상 만족을 주는 집입니다. 감사드려요^^","polarity":{"com":0,"pos":0.875,"neg":0.125,"neut":0,"none":0},"intensity":{"high":0.25,"low":0,"meium":0.75,"none":0},"expressive":{"dir-action":0,"dir-explicit":0.25,"dir-speech":0.625,"indirect":0.125,"writing-device":0}},{"id":"어서옵쇼","permalink":"","username":"asdfg","text":"맛있어요♡♡♡♡\n매장에서 먹다가 배달은  처음시켜봤는데\n배달도 만족이예요♡","date":"Mon Dec 10 23:59:44 +0000 2018","retweets":"30","favorites":"20","mentions":[],"hashtags":[],"geo":"","raw":"맛있어요♡♡♡♡\n매장에서 먹다가 배달은  처음시켜봤는데\n배달도 만족이예요♡","polarity":{"com":0.020408163282798836,"pos":0.39455782308649184,"neg":0.5646258503479106,"neut":0,"none":0.020408163282798836},"intensity":{"high":0.015873015857142857,"low":0.031746031714285715,"meium":0.9319727891428572,"none":0.020408163285714286},"expressive":{"dir-action":0,"dir-explicit":0.21541950111208297,"dir-speech":0.7437641723223194,"indirect":0.020408163282798836,"writing-device":0.020408163282798836}},{"id":"어서옵쇼","permalink":"","username":"asdfg","text":"배달 속도도 괜찮고 맛있었습니다.","date":"Mon Dec 10 23:59:44 +0000 2018","retweets":"30","favorites":"20","mentions":[],"hashtags":[],"geo":"","raw":"배달 속도도 괜찮고 맛있었습니다.","polarity":{"com":0.002380952333333333,"pos":0.4047619046666666,"neg":0.44285714299999995,"neut":0.004761904666666666,"none":0.14523809533333332},"intensity":{"high":0.047619047666666664,"low":0.038095238,"meium":0.7690476190000001,"none":0.14523809533333334},"expressive":{"dir-action":0,"dir-explicit":0.06190476197936508,"dir-speech":0.766666666411111,"indirect":0.028571428657142857,"writing-device":0.14285714295238094}},{"id":"어서옵쇼","permalink":"","username":"asdfg","text":"두번째로 시켜먹었어요.\n야채무침이랑 먹으니 더 맛나요.","date":"Mon Dec 10 23:59:44 +0000 2018","retweets":"30","favorites":"20","mentions":[],"hashtags":[],"geo":"","raw":"두번째로 시켜먹었어요.\n야채무침이랑 먹으니 더 맛나요.","polarity":{"com":0.0125,"pos":0.44057970999999996,"neg":0.5143115942500001,"neut":0.0217391305,"none":0.01086956525},"intensity":{"high":0.11153381624999999,"low":0.1453502415,"meium":0.732246377,"none":0.01086956525},"expressive":{"dir-action":0,"dir-explicit":0.2556763285,"dir-speech":0.6774758455000001,"indirect":0.055978260749999995,"writing-device":0.01086956525}},{"id":"어서옵쇼","permalink":"","username":"asdfg","text":"맛은 그냥그냥 .쌍추랑깨잎은 씻은건지 ?궁금하다. 간장이랑 와사비는 뿌려먹은란건지..집에서 알아서 비벼먹은란건가?? 다른가게 알아바야그다.","date":"Mon Dec 10 23:59:44 +0000 2018","retweets":"30","favorites":"20","mentions":[],"hashtags":[],"geo":"","raw":"맛은 그냥그냥 .쌍추랑깨잎은 씻은건지 ?궁금하다. 간장이랑 와사비는 뿌려먹은란건지..집에서 알아서 비벼먹은란건가?? 다른가게 알아바야그다.","polarity":{"com":0.004806842749599431,"pos":0.3852388540512301,"neg":0.3844979762179585,"neut":0.036514344663623806,"none":0.1889419823175882},"intensity":{"high":0.06847319692237278,"low":0.10512370717542698,"meium":0.6374611135531217,"none":0.18894198234907852},"expressive":{"dir-action":0,"dir-explicit":0.16144354938975944,"dir-speech":0.5257211320790466,"indirect":0.10280889231619854,"writing-device":0.2100264262149956}},{"id":"어서옵쇼","permalink":"","username":"asdfg","text":"혼자먹기 좋은 양이네용! 야채무침도 맛있고 회도 탱글탱글맛있어여!","date":"Mon Dec 10 23:59:44 +0000 2018","retweets":"30","favorites":"20","mentions":[],"hashtags":[],"geo":"","raw":"혼자먹기 좋은 양이네용! 야채무침도 맛있고 회도 탱글탱글맛있어여!","polarity":{"com":0.0060037347999999996,"pos":0.18514986519999999,"neg":0.5527305156,"neut":0.0346409424,"none":0.221474942},"intensity":{"high":0.06080319762432127,"low":0.11934682464773874,"meium":0.59837503563935,"none":0.22147494208858998},"expressive":{"dir-action":0,"dir-explicit":0.1567580441372968,"dir-speech":0.46082250121567103,"indirect":0.13373241434650704,"writing-device":0.24868704030052521}},{"id":"어서옵쇼","permalink":"","username":"asdfg","text":"엄마가 회 좋아하셔서 시켜드렸어요.\n배송도 적절하고 회가 싱싱하고 맛있다며 칭찬들었어요. 또 주문할게요~^^감사해요.","date":"Mon Dec 10 23:59:44 +0000 2018","retweets":"30","favorites":"20","mentions":[],"hashtags":[],"geo":"","raw":"엄마가 회 좋아하셔서 시켜드렸어요.\n배송도 적절하고 회가 싱싱하고 맛있다며 칭찬들었어요. 또 주문할게요~^^감사해요.","polarity":{"com":0.00620159729937984,"pos":0.3807723581619228,"neg":0.4818436186518156,"neut":0.020015523197998448,"none":0.11116690268888331},"intensity":{"high":0.151169873184883,"low":0.04409356119559063,"meium":0.6919048835308095,"none":0.11283168208871681},"expressive":{"dir-action":0.0020948869,"dir-explicit":0.21157817760000003,"dir-speech":0.4884221135000001,"indirect":0.16941791469999998,"writing-device":0.1284869073}},{"id":"어서옵쇼","permalink":"","username":"asdfg","text":"항상 만족하고있습니다","date":"Mon Dec 10 23:59:44 +0000 2018","retweets":"30","favorites":"20","mentions":[],"hashtags":[],"geo":"","raw":"항상 만족하고있습니다","polarity":{"com":0.0096774195,"pos":0.758064516,"neg":0.176344086,"neut":0.041935484,"none":0.0139784945},"intensity":{"high":0.069892473,"low":0.058064516,"meium":0.8569892475,"none":0.0150537635},"expressive":{"dir-action":0.0032258065000000005,"dir-explicit":0.40698924750000004,"dir-speech":0.39731182800000003,"indirect":0.17849462350000003,"writing-device":0.013978494500000003}},{"id":"어서옵쇼","permalink":"","username":"asdfg","text":"신선하고 숙성회도 깔끔하고\n무침야채도 맛있고\n사진을 못찍어 아쉽네요.\n항상 오면 먹느라 바빠서..\n요즘 회먹고 싶으면 여기때문에 굳이 나갈 필요를 못느끼고 배달시켜 먹어요\n너무 좋아요\n양은 배달이라 많진않네요","date":"Mon Dec 10 23:59:44 +0000 2018","retweets":"30","favorites":"20","mentions":[],"hashtags":[],"geo":"","raw":"신선하고 숙성회도 깔끔하고\n무침야채도 맛있고\n사진을 못찍어 아쉽네요.\n항상 오면 먹느라 바빠서..\n요즘 회먹고 싶으면 여기때문에 굳이 나갈 필요를 못느끼고 배달시켜 먹어요\n너무 좋아요\n양은 배달이라 많진않네요","polarity":{"com":0.011660191650583008,"pos":0.44191880987209586,"neg":0.48114874492405746,"neut":0.021939295251096964,"none":0.043332958302166644},"intensity":{"high":0.1137571477113757,"low":0.14201400041420137,"meium":0.7006382165200639,"none":0.04359063535435906},"expressive":{"dir-action":0.00047273080000000004,"dir-explicit":0.24708979220000007,"dir-speech":0.40400952665,"indirect":0.3035279418,"writing-device":0.04490000855}},{"id":"어서옵쇼","permalink":"","username":"asdfg","text":"짱입니다😀회가 쫄깃하고 신선해서 회킬러인 중학생 딸램이 거의 혼자 흡입ㅋㅋ새우튀김은 크고 양도 푸짐한데다 바삭하고\n넘넘 맛있네요~~서비스로 주신 석화도 싱싱 ~~감사해요😊 집주변 어느횟집보다도 여러모로 쵝오인듯👍앞으로 단골될듯요~~오늘 놓친 방어회 꼭 재주문할겁니다ㅋㅋ예상소요시간50분이랬는데 30분도 안걸린 것같아요 킹!왕!짱~~!!감사합니다 맛있게 잘먹었어요~꾸벅~^^","date":"Mon Dec 10 23:59:44 +0000 2018","retweets":"30","favorites":"20","mentions":[],"hashtags":[],"geo":"","raw":"짱입니다😀회가 쫄깃하고 신선해서 회킬러인 중학생 딸램이 거의 혼자 흡입ㅋㅋ새우튀김은 크고 양도 푸짐한데다 바삭하고\n넘넘 맛있네요~~서비스로 주신 석화도 싱싱 ~~감사해요😊 집주변 어느횟집보다도 여러모로 쵝오인듯👍앞으로 단골될듯요~~오늘 놓친 방어회 꼭 재주문할겁니다ㅋㅋ예상소요시간50분이랬는데 30분도 안걸린 것같아요 킹!왕!짱~~!!감사합니다 맛있게 잘먹었어요~꾸벅~^^","polarity":{"com":0.005847345888888888,"pos":0.4335269152500001,"neg":0.3986535149722222,"neut":0.040966892361111104,"none":0.12100533152777777},"intensity":{"high":0.1474427855,"low":0.10604868097222221,"meium":0.6248349774722222,"none":0.12167355605555558},"expressive":{"dir-action":0.0007876988333114527,"dir-explicit":0.29995532410277903,"dir-speech":0.33909302446280287,"indirect":0.23105270946580403,"writing-device":0.12911124313530245}},{"id":"어서옵쇼","permalink":"","username":"asdfg","text":"이사오기전부터 시켜먹었는데 \n맛있어요\n양은 ㄷㅏ른데랑 비슷해요\n무침야채랑 같이 먹으니 더 맛나요","date":"Mon Dec 10 23:59:44 +0000 2018","retweets":"30","favorites":"20","mentions":[],"hashtags":[],"geo":"","raw":"이사오기전부터 시켜먹었는데 \n맛있어요\n양은 ㄷㅏ른데랑 비슷해요\n무침야채랑 같이 먹으니 더 맛나요","polarity":{"com":0.008368644125000003,"pos":0.34811471375,"neg":0.43123771800000005,"neut":0.202606853375,"none":0.009672070750000001},"intensity":{"high":0.11708988363963622,"low":0.2493464955311683,"meium":0.6238915500779865,"none":0.009672070751209008},"expressive":{"dir-action":0,"dir-explicit":0.13395869162500001,"dir-speech":0.6864309547499999,"indirect":0.169938282875,"writing-device":0.00967207075}},{"id":"어서옵쇼","permalink":"","username":"asdfg","text":"맛도 있고 양도 좋고~~완전 추천입니당~~회를 굉장히 좋아하는 저에겐 양은 더 많으면 더 좋아유~~~","date":"Mon Dec 10 23:59:44 +0000 2018","retweets":"30","favorites":"20","mentions":[],"hashtags":[],"geo":"","raw":"맛도 있고 양도 좋고~~완전 추천입니당~~회를 굉장히 좋아하는 저에겐 양은 더 많으면 더 좋아유~~~","polarity":{"com":0.01056503136459682,"pos":0.6181282649652843,"neg":0.2557698849323427,"neut":0.02701864672972897,"none":0.0885181720080471},"intensity":{"high":0.11227251766698342,"low":0.07699234383917973,"meium":0.7222169664696955,"none":0.08851817202414132},"expressive":{"dir-action":0.0011580776361530768,"dir-explicit":0.43628370710249376,"dir-speech":0.33530720657539864,"indirect":0.13458873552098388,"writing-device":0.09266227316497049}},{"id":"어서옵쇼","permalink":"","username":"asdfg","text":"요며칠 회가 너무 먹고 싶었는데 친구들은 회종류를 못먹어서ㅠㅠ 결국 혼자 배달 시켜먹었어요. 예상 시간보다 배달도 빨리오고 해서 좋았고 양도 푸짐하니 좋았오요~~~:)","date":"Mon Dec 10 23:59:44 +0000 2018","retweets":"30","favorites":"20","mentions":[],"hashtags":[],"geo":"","raw":"요며칠 회가 너무 먹고 싶었는데 친구들은 회종류를 못먹어서ㅠㅠ 결국 혼자 배달 시켜먹었어요. 예상 시간보다 배달도 빨리오고 해서 좋았고 양도 푸짐하니 좋았오요~~~:)","polarity":{"com":0.00381253,"pos":0.5219166175,"neg":0.33365887178571424,"neut":0.08445397807142858,"none":0.05615800264285715},"intensity":{"high":0.1026423679212398,"low":0.128722011919377,"meium":0.7108043440920854,"none":0.057831276067297765},"expressive":{"dir-action":0.0010355182857882514,"dir-explicit":0.24233402116016675,"dir-speech":0.4872813392490915,"indirect":0.210513564300751,"writing-device":0.058835557004202545}},{"id":"어서옵쇼","permalink":"","username":"asdfg","text":"신선도가 좋았습니다","date":"Mon Dec 10 23:59:44 +0000 2018","retweets":"30","favorites":"20","mentions":[],"hashtags":[],"geo":"","raw":"신선도가 좋았습니다","polarity":{"com":0.017857143,"pos":0.410714286,"neg":0.464285714,"neut":0.080357143,"none":0.026785714},"intensity":{"high":0.160714286,"low":0.107142857,"meium":0.696428571,"none":0.035714286},"expressive":{"dir-action":0,"dir-explicit":0.37500000000000006,"dir-speech":0.31250000000000006,"indirect":0.28571428600000004,"writing-device":0.026785714000000002}},{"id":"어서옵쇼","permalink":"","username":"asdfg","text":"항상 너무 맛있어서, 자주 시키는곳인데 오늘은 너무 실망스러웠어요.. 금욜이라 바빠서 그러셨는지 두께가 너무했어요.. 두꺼워서 먹기 불편할 정도였어요. 회의 두께는 맛에 너무 많은 영향을 줘요..ㅠ.ㅠ 오늘 정말 실망스러워요.","date":"Mon Dec 10 23:59:44 +0000 2018","retweets":"30","favorites":"20","mentions":[],"hashtags":[],"geo":"","raw":"항상 너무 맛있어서, 자주 시키는곳인데 오늘은 너무 실망스러웠어요.. 금욜이라 바빠서 그러셨는지 두께가 너무했어요.. 두꺼워서 먹기 불편할 정도였어요. 회의 두께는 맛에 너무 많은 영향을 줘요..ㅠ.ㅠ 오늘 정말 실망스러워요.","polarity":{"com":0.02007503761111111,"pos":0.4682229786666666,"neg":0.3454929417777778,"neut":0.04175191366666667,"none":0.12445712827777777},"intensity":{"high":0.09400611739933401,"low":0.10560455084506716,"meium":0.675316697352813,"none":0.12507263440278585},"expressive":{"dir-action":0.00035842294448426923,"dir-explicit":0.31473890686830436,"dir-speech":0.41561953182395767,"indirect":0.142854851238095,"writing-device":0.1264282871251587}},{"id":"어서옵쇼","permalink":"","username":"asdfg","text":"약간 비싼거 같기도 한데 항상 만족스럽네요","date":"Mon Dec 10 23:59:44 +0000 2018","retweets":"30","favorites":"20","mentions":[],"hashtags":[],"geo":"","raw":"약간 비싼거 같기도 한데 항상 만족스럽네요","polarity":{"com":0.0131932772,"pos":0.3487394958,"neg":0.4814005604,"neut":0.0695238094,"none":0.0871428572},"intensity":{"high":0.0638655462,"low":0.0895238094,"meium":0.7594677872,"none":0.0871428572},"expressive":{"dir-action":0,"dir-explicit":0.3410644258,"dir-speech":0.2384313724,"indirect":0.13478991599999998,"writing-device":0.2857142858}},{"id":"어서옵쇼","permalink":"","username":"asdfg","text":"항상 시켜먹는집.. 역시 맛있어요.~~","date":"Mon Dec 10 23:59:44 +0000 2018","retweets":"30","favorites":"20","mentions":[],"hashtags":[],"geo":"","raw":"항상 시켜먹는집.. 역시 맛있어요.~~","polarity":{"com":0,"pos":0.5416666666354166,"neg":0.2916666668229166,"neut":0.08333333327083332,"none":0.08333333327083332},"intensity":{"high":0.02777777775694444,"low":0.18055555554513886,"meium":0.7083333334270833,"none":0.08333333327083332},"expressive":{"dir-action":0,"dir-explicit":0.26388888881597217,"dir-speech":0.6527777779131944,"indirect":0,"writing-device":0.08333333327083332}},{"id":"어서옵쇼","permalink":"","username":"asdfg","text":"우럭+연어 넘 맛있었어요...생와사비가 와서 더욱 좋았어요.","date":"Mon Dec 10 23:59:44 +0000 2018","retweets":"30","favorites":"20","mentions":[],"hashtags":[],"geo":"","raw":"우럭+연어 넘 맛있었어요...생와사비가 와서 더욱 좋았어요.","polarity":{"com":0.004464285750000001,"pos":0.6026785714999999,"neg":0.36607142849999996,"neut":0.020089285749999998,"none":0.006696428499999998},"intensity":{"high":0.2901785715,"low":0.02678571425,"meium":0.67410714275,"none":0.0089285715},"expressive":{"dir-action":0,"dir-explicit":0.59375,"dir-speech":0.328125,"indirect":0.0714285715,"writing-device":0.0066964285}},{"id":"어서옵쇼","permalink":"","username":"asdfg","text":"맛있어요.","date":"Mon Dec 10 23:59:44 +0000 2018","retweets":"30","favorites":"20","mentions":[],"hashtags":[],"geo":"","raw":"맛있어요.","polarity":{"com":0,"pos":0,"neg":1,"neut":0,"none":0},"intensity":{"high":0,"low":0,"meium":1,"none":0},"expressive":{"dir-action":0,"dir-explicit":0,"dir-speech":1,"indirect":0,"writing-device":0}},{"id":"어서옵쇼","permalink":"","username":"asdfg","text":"진짜 왜 이제 알았을까\n회도 두툼하고 싱싱하고 물회야채도 \n하...  여름에 알았더라면 더 좋았을걸","date":"Mon Dec 10 23:59:44 +0000 2018","retweets":"30","favorites":"20","mentions":[],"hashtags":[],"geo":"","raw":"진짜 왜 이제 알았을까\n회도 두툼하고 싱싱하고 물회야채도 \n하...  여름에 알았더라면 더 좋았을걸","polarity":{"com":0.006094447713415078,"pos":0.4361832659376881,"neg":0.42154470708263647,"neut":0.02959905071005728,"none":0.10657852855620306},"intensity":{"high":0.20183183954259548,"low":0.10094639455700767,"meium":0.5885722007730612,"none":0.10864956512733578},"expressive":{"dir-action":0.0020710365711327093,"dir-explicit":0.3045247729564965,"dir-speech":0.3382170795231118,"indirect":0.23128686882410188,"writing-device":0.12390024212515711}},{"id":"어서옵쇼","permalink":"","username":"asdfg","text":"굿","date":"Mon Dec 10 23:59:44 +0000 2018","retweets":"30","favorites":"20","mentions":[],"hashtags":[],"geo":"","raw":"굿","polarity":{"com":0,"pos":1,"neg":0,"neut":0,"none":0},"intensity":{"high":0,"low":0,"meium":1,"none":0},"expressive":{"dir-action":0,"dir-explicit":0,"dir-speech":0,"indirect":1,"writing-device":0}},{"id":"어서옵쇼","permalink":"","username":"asdfg","text":"굿","date":"Mon Dec 10 23:59:44 +0000 2018","retweets":"30","favorites":"20","mentions":[],"hashtags":[],"geo":"","raw":"굿","polarity":{"com":0,"pos":1,"neg":0,"neut":0,"none":0},"intensity":{"high":0,"low":0,"meium":1,"none":0},"expressive":{"dir-action":0,"dir-explicit":0,"dir-speech":0,"indirect":1,"writing-device":0}},{"id":"어서옵쇼","permalink":"","username":"asdfg","text":"광어 플 연어 맛나용","date":"Mon Dec 10 23:59:44 +0000 2018","retweets":"30","favorites":"20","mentions":[],"hashtags":[],"geo":"","raw":"광어 플 연어 맛나용","polarity":{"com":0,"pos":1,"neg":0,"neut":0,"none":0},"intensity":{"high":0,"low":0,"meium":1,"none":0},"expressive":{"dir-action":0,"dir-explicit":0,"dir-speech":1,"indirect":0,"writing-device":0}},{"id":"어서옵쇼","permalink":"","username":"asdfg","text":"좋아요~~^^ 굿굿","date":"Mon Dec 10 23:59:44 +0000 2018","retweets":"30","favorites":"20","mentions":[],"hashtags":[],"geo":"","raw":"좋아요~~^^ 굿굿","polarity":{"com":0,"pos":0.96,"neg":0.02,"neut":0,"none":0.02},"intensity":{"high":0.1,"low":0.02,"meium":0.86,"none":0.02},"expressive":{"dir-action":0,"dir-explicit":0.3,"dir-speech":0.1,"indirect":0.58,"writing-device":0.02}},{"id":"어서옵쇼","permalink":"","username":"asdfg","text":"아ㅠㅠ 너무 맛있어요\n대학생에겐 큰 지출이라 망설였는데 받아보니 너무 좋아서 놀랐어요\n연어+산낙지 조합이 메뉴에 없어서 혹시나 하는 마음에 따로 부탁 드렸는데 정말 그렇게 해주시구\n낙지도 신선하고 야채도 연어도 많이 주시구 과일까지 챙겨주셨어요감동감동ㅠㅠ \n옆에서 친구가 숟가락도 핑크핑크해서 맘에 든다네요ㅋㅋ\n최고최고 덕분에 너무 잘먹었습니다~~","date":"Mon Dec 10 23:59:44 +0000 2018","retweets":"30","favorites":"20","mentions":[],"hashtags":[],"geo":"","raw":"아ㅠㅠ 너무 맛있어요\n대학생에겐 큰 지출이라 망설였는데 받아보니 너무 좋아서 놀랐어요\n연어+산낙지 조합이 메뉴에 없어서 혹시나 하는 마음에 따로 부탁 드렸는데 정말 그렇게 해주시구\n낙지도 신선하고 야채도 연어도 많이 주시구 과일까지 챙겨주셨어요감동감동ㅠㅠ \n옆에서 친구가 숟가락도 핑크핑크해서 맘에 든다네요ㅋㅋ\n최고최고 덕분에 너무 잘먹었습니다~~","polarity":{"com":0.024500339000907412,"pos":0.37268343456935865,"neg":0.38442705956979356,"neut":0.10433655741127172,"none":0.11405260944866859},"intensity":{"high":0.18800776199999997,"low":0.12066555451851853,"meium":0.5724492784074073,"none":0.11887740507407409},"expressive":{"dir-action":0.001492482148203425,"dir-explicit":0.25344640815753505,"dir-speech":0.3656108060135411,"indirect":0.2599854411577772,"writing-device":0.11946486252294314}},{"id":"어서옵쇼","permalink":"","username":"asdfg","text":"여태 한번도 실패한 적 없었어요 ㅎㅎ 짱짱","date":"Mon Dec 10 23:59:44 +0000 2018","retweets":"30","favorites":"20","mentions":[],"hashtags":[],"geo":"","raw":"여태 한번도 실패한 적 없었어요 ㅎㅎ 짱짱","polarity":{"com":0.008832565333333334,"pos":0.24347158200000005,"neg":0.5604198670000001,"neut":0.032718894000000005,"none":0.15455709166666667},"intensity":{"high":0.09421402966666666,"low":0.07680491533333333,"meium":0.6737071173333332,"none":0.15527393766666667},"expressive":{"dir-action":0.0021505376659498206,"dir-explicit":0.16656426027781193,"dir-speech":0.5315412184894862,"indirect":0.14756784428414405,"writing-device":0.15217613928260795}},{"id":"어서옵쇼","permalink":"","username":"asdfg","text":"굿","date":"Mon Dec 10 23:59:44 +0000 2018","retweets":"30","favorites":"20","mentions":[],"hashtags":[],"geo":"","raw":"굿","polarity":{"com":0,"pos":1,"neg":0,"neut":0,"none":0},"intensity":{"high":0,"low":0,"meium":1,"none":0},"expressive":{"dir-action":0,"dir-explicit":0,"dir-speech":0,"indirect":1,"writing-device":0}},{"id":"어서옵쇼","permalink":"","username":"asdfg","text":"만족","date":"Mon Dec 10 23:59:44 +0000 2018","retweets":"30","favorites":"20","mentions":[],"hashtags":[],"geo":"","raw":"만족","polarity":{"com":0,"pos":0,"neg":1,"neut":0,"none":0},"intensity":{"high":0,"low":0,"meium":1,"none":0},"expressive":{"dir-action":0,"dir-explicit":1,"dir-speech":0,"indirect":0,"writing-device":0}},{"id":"어서옵쇼","permalink":"","username":"asdfg","text":"갑자기 연어가 먹고 싶어서 시켰는데 진짜 ㅋㅋㅋㅋㅋ 다른 리뷰들에서 본 것처럼 진짜 두툼하고 양 많아서 진짜 맛있었어요 싱싱하고..! 담에 또 시킬게요 빠른 배달 감사해요 ㅎㅎ","date":"Mon Dec 10 23:59:44 +0000 2018","retweets":"30","favorites":"20","mentions":[],"hashtags":[],"geo":"","raw":"갑자기 연어가 먹고 싶어서 시켰는데 진짜 ㅋㅋㅋㅋㅋ 다른 리뷰들에서 본 것처럼 진짜 두툼하고 양 많아서 진짜 맛있었어요 싱싱하고..! 담에 또 시킬게요 빠른 배달 감사해요 ㅎㅎ","polarity":{"com":0.012860919767252166,"pos":0.42861211816482897,"neg":0.3694093557123986,"neut":0.0802682184491895,"none":0.10884938790633085},"intensity":{"high":0.08073612899999999,"low":0.13897200723076922,"meium":0.6683602358461539,"none":0.11193162792307691},"expressive":{"dir-action":0.0016114514620342928,"dir-explicit":0.1935840522903336,"dir-speech":0.42084588443718335,"indirect":0.25620006292498465,"writing-device":0.12775854888546417}},{"id":"어서옵쇼","permalink":"","username":"asdfg","text":"역시 어서옵쇼♡ 근데 전보다 연어의 싱싱함이 쪼꼼 떨어진 듯한 느낌이 있어요~ㅠ 담엔 더 신선한걸로 부탁해여^-^","date":"Mon Dec 10 23:59:44 +0000 2018","retweets":"30","favorites":"20","mentions":[],"hashtags":[],"geo":"","raw":"역시 어서옵쇼♡ 근데 전보다 연어의 싱싱함이 쪼꼼 떨어진 듯한 느낌이 있어요~ㅠ 담엔 더 신선한걸로 부탁해여^-^","polarity":{"com":0.007963556637811555,"pos":0.48386411617888436,"neg":0.19267763530775958,"neut":0.19535604885370114,"none":0.1201386430218434},"intensity":{"high":0.10088381256379707,"low":0.21096434122017535,"meium":0.5673397223758799,"none":0.12081212384014765},"expressive":{"dir-action":0.0006734808183042692,"dir-explicit":0.20885827040161056,"dir-speech":0.48091036790562014,"indirect":0.18513825348820695,"writing-device":0.12441962738625813}},{"id":"어서옵쇼","permalink":"","username":"asdfg","text":"맛있어요 원래 부터 계속 먹던집이라서 \n근데 연어 샤워크림 같이 찍어먹는것좀 주시면 더좋을꺼같네용ㅎ","date":"Mon Dec 10 23:59:44 +0000 2018","retweets":"30","favorites":"20","mentions":[],"hashtags":[],"geo":"","raw":"맛있어요 원래 부터 계속 먹던집이라서 \n근데 연어 샤워크림 같이 찍어먹는것좀 주시면 더좋을꺼같네용ㅎ","polarity":{"com":0.0023809523999999997,"pos":0.44095238089999994,"neg":0.46539682539999994,"neut":0.020634920600000002,"none":0.07063492069999999},"intensity":{"high":0.17698412689999998,"low":0.030158730099999993,"meium":0.7222222222999999,"none":0.07063492069999998},"expressive":{"dir-action":0,"dir-explicit":0.4190476191,"dir-speech":0.33539682540000004,"indirect":0.16777777780000003,"writing-device":0.07777777770000001}},{"id":"어서옵쇼","permalink":"","username":"asdfg","text":"물회아니고 야채물국수네용 멍게 1조각 생선 10조각...","date":"Mon Dec 10 23:59:44 +0000 2018","retweets":"30","favorites":"20","mentions":[],"hashtags":[],"geo":"","raw":"물회아니고 야채물국수네용 멍게 1조각 생선 10조각...","polarity":{"com":0,"pos":0.1,"neg":0.4,"neut":0.5,"none":0},"intensity":{"high":0.1,"low":0.1,"meium":0.8,"none":0},"expressive":{"dir-action":0,"dir-explicit":0.1,"dir-speech":0.6,"indirect":0.3,"writing-device":0}},{"id":"어서옵쇼","permalink":"","username":"asdfg","text":"네 갈게요 음식으로 장난치는거 제일 싫습니다 연어 본인 입에 넣어 보셨어요 ? ㅎㅎ","date":"Mon Dec 10 23:59:44 +0000 2018","retweets":"30","favorites":"20","mentions":[],"hashtags":[],"geo":"","raw":"네 갈게요 음식으로 장난치는거 제일 싫습니다 연어 본인 입에 넣어 보셨어요 ? ㅎㅎ","polarity":{"com":0,"pos":0.0625,"neg":0.9375,"neut":0,"none":0},"intensity":{"high":0.125,"low":0,"meium":0.875,"none":0},"expressive":{"dir-action":0,"dir-explicit":0,"dir-speech":0.8125,"indirect":0.0625,"writing-device":0.125}},{"id":"어서옵쇼","permalink":"","username":"asdfg","text":"맛있게 잘 먹었어요~싱싱하고 좋아요♡","date":"Mon Dec 10 23:59:44 +0000 2018","retweets":"30","favorites":"20","mentions":[],"hashtags":[],"geo":"","raw":"맛있게 잘 먹었어요~싱싱하고 좋아요♡","polarity":{"com":0.002873563250718391,"pos":0.4890311986222578,"neg":0.4141461413535366,"neut":0.035098522008774634,"none":0.05885057476471265},"intensity":{"high":0.0787356322303161,"low":0.09518062397620483,"meium":0.76435960580891,"none":0.061724137984568966},"expressive":{"dir-action":0.002873563250718391,"dir-explicit":0.24380131356095033,"dir-speech":0.43916256160979067,"indirect":0.24669129731167283,"writing-device":0.06747126426686781}},{"id":"어서옵쇼","permalink":"","username":"asdfg","text":"자주 시키는 곳입니다 양도 좋고 참 좋아요♡","date":"Mon Dec 10 23:59:44 +0000 2018","retweets":"30","favorites":"20","mentions":[],"hashtags":[],"geo":"","raw":"자주 시키는 곳입니다 양도 좋고 참 좋아요♡","polarity":{"com":0.04166666673958333,"pos":0.87499999978125,"neg":0.04166666673958333,"neut":0.04166666673958333,"none":0},"intensity":{"high":0.29166666674999997,"low":0.25,"meium":0.45833333325000003,"none":0},"expressive":{"dir-action":0,"dir-explicit":0.625,"dir-speech":0.375,"indirect":0,"writing-device":0}},{"id":"어서옵쇼","permalink":"","username":"asdfg","text":"잘먹겠습니다^^ 빨리왔네욥!!!","date":"Mon Dec 10 23:59:44 +0000 2018","retweets":"30","favorites":"20","mentions":[],"hashtags":[],"geo":"","raw":"잘먹겠습니다^^ 빨리왔네욥!!!","polarity":{"com":0,"pos":0.6071428573035714,"neg":0.35714285717857147,"neut":0.035714285517857144,"none":0},"intensity":{"high":0,"low":0.107142857,"meium":0.8928571430000001,"none":0},"expressive":{"dir-action":0,"dir-explicit":0.357142857,"dir-speech":0.0714285715,"indirect":0.5714285715,"writing-device":0}},{"id":"어서옵쇼","permalink":"","username":"asdfg","text":"서비스 석화 정말 감사합니다~^^ 매운탕 양이 정말ㅎㅎ 안시켰으면 후회할뻔했습니다.ㅍㅎㅎ 시키시는 분들은 매운탕 한번 꼭 같이 시켜보시길 ^^","date":"Mon Dec 10 23:59:44 +0000 2018","retweets":"30","favorites":"20","mentions":[],"hashtags":[],"geo":"","raw":"서비스 석화 정말 감사합니다~^^ 매운탕 양이 정말ㅎㅎ 안시켰으면 후회할뻔했습니다.ㅍㅎㅎ 시키시는 분들은 매운탕 한번 꼭 같이 시켜보시길 ^^","polarity":{"com":0.006273980375000001,"pos":0.6080642201249999,"neg":0.16946460075000003,"neut":0.16212208687500002,"none":0.054075111875000005},"intensity":{"high":0.19475147727434397,"low":0.32270261941533784,"meium":0.4276513134284564,"none":0.05489458988186182},"expressive":{"dir-action":0.0013571123753392778,"dir-explicit":0.2602802598150701,"dir-speech":0.4387529753596882,"indirect":0.23717137980929284,"writing-device":0.06243827264060956}},{"id":"어서옵쇼","permalink":"","username":"asdfg","text":"회에 서비스굴,연어 짱임.\n3번째 시켜 먹으면서 한결 같아서\n더 쵝오임.그 중에 회밑에 깔린 무우채...\n무우채가 쉬원하니 맛나고 깔끔하니 진짜 좋네요.","date":"Mon Dec 10 23:59:44 +0000 2018","retweets":"30","favorites":"20","mentions":[],"hashtags":[],"geo":"","raw":"회에 서비스굴,연어 짱임.\n3번째 시켜 먹으면서 한결 같아서\n더 쵝오임.그 중에 회밑에 깔린 무우채...\n무우채가 쉬원하니 맛나고 깔끔하니 진짜 좋네요.","polarity":{"com":0.003807378818181818,"pos":0.6793011278181819,"neg":0.2410156118181818,"neut":0.06366788163636364,"none":0.012207999909090909},"intensity":{"high":0.06907750490909091,"low":0.17033991072727275,"meium":0.7472898958181818,"none":0.013292688545454545},"expressive":{"dir-action":0.00027300027272727275,"dir-explicit":0.2867692791818182,"dir-speech":0.2289135479090909,"indirect":0.4715631724545455,"writing-device":0.012481000181818181}},{"id":"어서옵쇼","permalink":"","username":"asdfg","text":"속아픔","date":"Mon Dec 10 23:59:44 +0000 2018","retweets":"30","favorites":"20","mentions":[],"hashtags":[],"geo":"","raw":"속아픔","polarity":{"com":0.0909090909090909,"pos":0.3636363636363636,"neg":0.4545454545454545,"neut":0.0909090909090909,"none":0},"intensity":{"high":0.090909091,"low":0.090909091,"meium":0.818181818,"none":0},"expressive":{"dir-action":0,"dir-explicit":0.181818182,"dir-speech":0.181818182,"indirect":0.636363636,"writing-device":0}},{"id":"어서옵쇼","permalink":"","username":"asdfg","text":"기대안했는데 너무 괜찮네요ㅎㅎ앞으로자주애용할듯","date":"Mon Dec 10 23:59:44 +0000 2018","retweets":"30","favorites":"20","mentions":[],"hashtags":[],"geo":"","raw":"기대안했는데 너무 괜찮네요ㅎㅎ앞으로자주애용할듯","polarity":{"com":0.02593811728571429,"pos":0.5726355057142858,"neg":0.3218564844285715,"neut":0.047772657571428574,"none":0.031797235},"intensity":{"high":0.07820386213168516,"low":0.26787360096173235,"meium":0.6215108624826413,"none":0.03241167442394119},"expressive":{"dir-action":0.0018433179997366686,"dir-explicit":0.3261026992391281,"dir-speech":0.410708799655613,"indirect":0.20573842425632308,"writing-device":0.05560675884919902}},{"id":"어서옵쇼","permalink":"","username":"asdfg","text":"그럭저럭\n깔끔","date":"Mon Dec 10 23:59:44 +0000 2018","retweets":"30","favorites":"20","mentions":[],"hashtags":[],"geo":"","raw":"그럭저럭\n깔끔","polarity":{"com":null,"pos":null,"neg":null,"neut":null,"none":null},"intensity":{"high":null,"low":null,"meium":null,"none":null},"expressive":{"dir-action":null,"dir-explicit":null,"dir-speech":null,"indirect":null,"writing-device":null}},{"id":"어서옵쇼","permalink":"","username":"asdfg","text":"그럭저럭 괜찮았는데 쌈싸먹을게 없어서 너무 아쉬웠어요","date":"Mon Dec 10 23:59:44 +0000 2018","retweets":"30","favorites":"20","mentions":[],"hashtags":[],"geo":"","raw":"그럭저럭 괜찮았는데 쌈싸먹을게 없어서 너무 아쉬웠어요","polarity":{"com":0.04761904766666667,"pos":0.15873015866666668,"neg":0.7936507936666667,"neut":0,"none":0},"intensity":{"high":0.08465608466666669,"low":0.2328042326666667,"meium":0.6825396826666666,"none":0},"expressive":{"dir-action":0,"dir-explicit":0.48677248666666667,"dir-speech":0.46560846566666664,"indirect":0.047619047666666664,"writing-device":0}},{"id":"어서옵쇼","permalink":"","username":"asdfg","text":"..","date":"Mon Dec 10 23:59:44 +0000 2018","retweets":"30","favorites":"20","mentions":[],"hashtags":[],"geo":"","raw":"..","polarity":{"com":null,"pos":null,"neg":null,"neut":null,"none":null},"intensity":{"high":null,"low":null,"meium":null,"none":null},"expressive":{"dir-action":null,"dir-explicit":null,"dir-speech":null,"indirect":null,"writing-device":null}},{"id":"어서옵쇼","permalink":"","username":"asdfg","text":"깔끔한맛.깨끗한손질.비린맛이하나없는 싱싱함.훌륭했습니다~^^","date":"Mon Dec 10 23:59:44 +0000 2018","retweets":"30","favorites":"20","mentions":[],"hashtags":[],"geo":"","raw":"깔끔한맛.깨끗한손질.비린맛이하나없는 싱싱함.훌륭했습니다~^^","polarity":{"com":0.0048048048,"pos":0.8653796653999999,"neg":0.08983268979999998,"neut":0.03517803519999999,"none":0.0048048048},"intensity":{"high":0.0228228228,"low":0.0453882454,"meium":0.9263835264000001,"none":0.0054054053999999995},"expressive":{"dir-action":0.0006006006000000002,"dir-explicit":0.11960531960000001,"dir-speech":0.5608751608,"indirect":0.3135135136,"writing-device":0.0054054054}},{"id":"어서옵쇼","permalink":"","username":"asdfg","text":"사장님 친절하시고 \n배달도 빠르고 싱싱하고 맛있고 \n최고 최고예요!","date":"Mon Dec 10 23:59:44 +0000 2018","retweets":"30","favorites":"20","mentions":[],"hashtags":[],"geo":"","raw":"사장님 친절하시고 \n배달도 빠르고 싱싱하고 맛있고 \n최고 최고예요!","polarity":{"com":0.007674987,"pos":0.5874968451428572,"neg":0.3062679874285714,"neut":0.034905679,"none":0.06365450142857143},"intensity":{"high":0.1657080332857143,"low":0.09394264185714286,"meium":0.6747455675714286,"none":0.06560375728571428},"expressive":{"dir-action":0.002563695143223385,"dir-explicit":0.12759981273251428,"dir-speech":0.4158615912022659,"indirect":0.3825931707689419,"writing-device":0.07138173015305453}},{"id":"어서옵쇼","permalink":"","username":"asdfg","text":"배송빨랏던거같아용","date":"Mon Dec 10 23:59:44 +0000 2018","retweets":"30","favorites":"20","mentions":[],"hashtags":[],"geo":"","raw":"배송빨랏던거같아용","polarity":{"com":0,"pos":0.5,"neg":0.5,"neut":0,"none":0},"intensity":{"high":0,"low":0,"meium":1,"none":0},"expressive":{"dir-action":0,"dir-explicit":0.5,"dir-speech":0,"indirect":0,"writing-device":0.5}},{"id":"어서옵쇼","permalink":"","username":"asdfg","text":"야채무침이 나와서 느끼하지도 않고\n짱짱!오히려 야채 따로 오는것보다 좋네요^^","date":"Mon Dec 10 23:59:44 +0000 2018","retweets":"30","favorites":"20","mentions":[],"hashtags":[],"geo":"","raw":"야채무침이 나와서 느끼하지도 않고\n짱짱!오히려 야채 따로 오는것보다 좋네요^^","polarity":{"com":0.007853772142857141,"pos":0.47404669971428565,"neg":0.1922160937142857,"neut":0.15868725857142857,"none":0.16719617585714286},"intensity":{"high":0.11006618857142858,"low":0.045390696714285715,"meium":0.6769179384285714,"none":0.1676251762857143},"expressive":{"dir-action":0.0004290004285101428,"dir-explicit":0.32579518295345783,"dir-speech":0.38191763180258326,"indirect":0.12185205626830685,"writing-device":0.17000612854714198}},{"id":"어서옵쇼","permalink":"","username":"asdfg","text":"처음 시켰는데 회도 쫄깃하고 연어회도 아주싱싱ㅋ\n야채무침은 오는줄몰랐는데 ㅋ 콩가루가들어있어서 아주고소해요^^아쉽다면 따로 쌈야채가없어서 ㅋ그래두 야채무침양이많아 좋았어요 담에 또시켜먹을듯요~^^사업번창하세요~","date":"Mon Dec 10 23:59:44 +0000 2018","retweets":"30","favorites":"20","mentions":[],"hashtags":[],"geo":"","raw":"처음 시켰는데 회도 쫄깃하고 연어회도 아주싱싱ㅋ\n야채무침은 오는줄몰랐는데 ㅋ 콩가루가들어있어서 아주고소해요^^아쉽다면 따로 쌈야채가없어서 ㅋ그래두 야채무침양이많아 좋았어요 담에 또시켜먹을듯요~^^사업번창하세요~","polarity":{"com":0.014916451425375045,"pos":0.33543460699954974,"neg":0.4620233394724235,"neut":0.08693783933851333,"none":0.10068776276413832},"intensity":{"high":0.0712255882857143,"low":0.1593647053571429,"meium":0.6678696882142857,"none":0.10154001814285718},"expressive":{"dir-action":0.00021450021423975003,"dir-explicit":0.27623063658366487,"dir-speech":0.3359982582851433,"indirect":0.20553189302738603,"writing-device":0.18202471188956615}},{"id":"어서옵쇼","permalink":"","username":"asdfg","text":"역시  회는  가서먹어야  할듯\n산낙지가  신선해보이지  않앗음","date":"Mon Dec 10 23:59:44 +0000 2018","retweets":"30","favorites":"20","mentions":[],"hashtags":[],"geo":"","raw":"역시  회는  가서먹어야  할듯\n산낙지가  신선해보이지  않앗음","polarity":{"com":0.006088279375761035,"pos":0.3722311330465289,"neg":0.4492840921811605,"neut":0.07862837013482854,"none":0.09376812526172101},"intensity":{"high":0.07363160899079604,"low":0.2980538615877433,"meium":0.5317247338085344,"none":0.09658979561292627},"expressive":{"dir-action":0.0022432332505608076,"dir-explicit":0.27464003219365996,"dir-speech":0.4566076504891519,"indirect":0.16843061404210766,"writing-device":0.09807847002451961}},{"id":"어서옵쇼","permalink":"","username":"asdfg","text":"야채가없어서 아쉽...매운탕은 맛남","date":"Mon Dec 10 23:59:44 +0000 2018","retweets":"30","favorites":"20","mentions":[],"hashtags":[],"geo":"","raw":"야채가없어서 아쉽...매운탕은 맛남","polarity":{"com":0.004237288247881356,"pos":0.2973163841013418,"neg":0.6259416194370292,"neut":0.022363465238818266,"none":0.05014124297492937},"intensity":{"high":0.12959039550000004,"low":0.07556497175,"meium":0.74470338975,"none":0.050141243},"expressive":{"dir-action":0,"dir-explicit":0.5052966101236759,"dir-speech":0.2995527306751118,"indirect":0.14500941621374763,"writing-device":0.05014124298746468}},{"id":"어서옵쇼","permalink":"","username":"asdfg","text":"매운탕거리가 정말 넉넉합니다\n\n이번엔 배달이 밀렸는지 횟감이 다 쏠려오김 했지만 맛이좋으니 \n\n여튼 별5개!\n\n채소는 추가해서 꼭 드셔요\n천원인데 진짜 넉넉히 와요","date":"Mon Dec 10 23:59:44 +0000 2018","retweets":"30","favorites":"20","mentions":[],"hashtags":[],"geo":"","raw":"매운탕거리가 정말 넉넉합니다\n\n이번엔 배달이 밀렸는지 횟감이 다 쏠려오김 했지만 맛이좋으니 \n\n여튼 별5개!\n\n채소는 추가해서 꼭 드셔요\n천원인데 진짜 넉넉히 와요","polarity":{"com":0.006786621062924163,"pos":0.5784612512861538,"neg":0.29130434889320644,"neut":0.028794788001799673,"none":0.0946529907559158},"intensity":{"high":0.1250270087578142,"low":0.11366269200710394,"meium":0.6653414909790838,"none":0.09596880825599807},"expressive":{"dir-action":0.001584634687896159,"dir-explicit":0.34656279646164073,"dir-speech":0.3216055026429014,"indirect":0.23075833130768958,"writing-device":0.09948873489987219}},{"id":"어서옵쇼","permalink":"","username":"asdfg","text":"여기서 세번째 시킴 \n\n오징어물회 첨 시켜봣는데\n\n음 오징어가 질기고\n\n물회라기 보단 오징어무침 같네요 물이 너무 없음 시원하게 먹고 싶었는데 아쉽네요","date":"Mon Dec 10 23:59:44 +0000 2018","retweets":"30","favorites":"20","mentions":[],"hashtags":[],"geo":"","raw":"여기서 세번째 시킴 \n\n오징어물회 첨 시켜봣는데\n\n음 오징어가 질기고\n\n물회라기 보단 오징어무침 같네요 물이 너무 없음 시원하게 먹고 싶었는데 아쉽네요","polarity":{"com":0.02120364623076923,"pos":0.36373243876923084,"neg":0.565969615923077,"neut":0.01971133223076923,"none":0.02938296684615385},"intensity":{"high":0.11303763800869523,"low":0.11482076477806315,"meium":0.7418408169032186,"none":0.03030078031002314},"expressive":{"dir-action":0.00023100023076923074,"dir-explicit":0.2491849741538461,"dir-speech":0.3076806452307692,"indirect":0.4096264096923076,"writing-device":0.033276970692307686}},{"id":"어서옵쇼","permalink":"","username":"asdfg","text":"넘친절하시고 회도 이만하면 싱싱합니다 배달도 30분내로 해주셨구용 넘 친절하십니다 감사합니다 번창하십시용^^♡","date":"Mon Dec 10 23:59:44 +0000 2018","retweets":"30","favorites":"20","mentions":[],"hashtags":[],"geo":"","raw":"넘친절하시고 회도 이만하면 싱싱합니다 배달도 30분내로 해주셨구용 넘 친절하십니다 감사합니다 번창하십시용^^♡","polarity":{"com":0.009969013299999998,"pos":0.472819005,"neg":0.3307818212,"neut":0.04727951689999999,"none":0.13915064359999996},"intensity":{"high":0.26213252816893373,"low":0.11276974414361512,"meium":0.4818536468590732,"none":0.14324408082837797},"expressive":{"dir-action":0.005383759800538376,"dir-explicit":0.332469410633247,"dir-speech":0.2853821706285382,"indirect":0.22798347362279833,"writing-device":0.1487811853148781}},{"id":"어서옵쇼","permalink":"","username":"asdfg","text":"화이팅","date":"Mon Dec 10 23:59:44 +0000 2018","retweets":"30","favorites":"20","mentions":[],"hashtags":[],"geo":"","raw":"화이팅","polarity":{"com":null,"pos":null,"neg":null,"neut":null,"none":null},"intensity":{"high":null,"low":null,"meium":null,"none":null},"expressive":{"dir-action":null,"dir-explicit":null,"dir-speech":null,"indirect":null,"writing-device":null}},{"id":"어서옵쇼","permalink":"","username":"asdfg","text":"와 진짜 최고\n쌈야채 천원 추가해서 더 맛있게 즐기세요\n\n이사 잘왔다!","date":"Mon Dec 10 23:59:44 +0000 2018","retweets":"30","favorites":"20","mentions":[],"hashtags":[],"geo":"","raw":"와 진짜 최고\n쌈야채 천원 추가해서 더 맛있게 즐기세요\n\n이사 잘왔다!","polarity":{"com":0.0032258065005376342,"pos":0.7191593016198599,"neg":0.14199967335699992,"neut":0.12370934352061824,"none":0.011905875001984314},"intensity":{"high":0.20969040566666663,"low":0.06956187800000001,"meium":0.7084834183333334,"none":0.012264298},"expressive":{"dir-action":0.0010752688333333332,"dir-explicit":0.2510875131666666,"dir-speech":0.2069714375,"indirect":0.5289599054999999,"writing-device":0.011905875}},{"id":"어서옵쇼","permalink":"","username":"asdfg","text":"진작시키려고 했던곳인데 이제야 첫주문했네요.\n단골될꺼같아요.\n깔끔하니 배달왔네요","date":"Mon Dec 10 23:59:44 +0000 2018","retweets":"30","favorites":"20","mentions":[],"hashtags":[],"geo":"","raw":"진작시키려고 했던곳인데 이제야 첫주문했네요.\n단골될꺼같아요.\n깔끔하니 배달왔네요","polarity":{"com":0.02527311799684086,"pos":0.6396239217950469,"neg":0.220520089097435,"neut":0.05144029499356996,"none":0.06314257611710718},"intensity":{"high":0.08220350897944913,"low":0.033259552741685114,"meium":0.8195822051701045,"none":0.0649547331087613},"expressive":{"dir-action":0.008756601501094577,"dir-explicit":0.3309793784163724,"dir-speech":0.29612031978701503,"indirect":0.29036302316129536,"writing-device":0.0737806771342226}},{"id":"어서옵쇼","permalink":"","username":"asdfg","text":"두번째시킴 역시 맛있군","date":"Mon Dec 10 23:59:44 +0000 2018","retweets":"30","favorites":"20","mentions":[],"hashtags":[],"geo":"","raw":"두번째시킴 역시 맛있군","polarity":{"com":0.0454545455,"pos":0.2954545455,"neg":0.6363636365,"neut":0,"none":0.0227272725},"intensity":{"high":0.022727272511363635,"low":0.06818181803409092,"meium":0.8863636369431818,"none":0.022727272511363635},"expressive":{"dir-action":0,"dir-explicit":0.13636363650000002,"dir-speech":0.5454545455,"indirect":0.29545454550000005,"writing-device":0.022727272500000003}},{"id":"어서옵쇼","permalink":"","username":"asdfg","text":"연어먹었는데 매우맛이좋더군요","date":"Mon Dec 10 23:59:44 +0000 2018","retweets":"30","favorites":"20","mentions":[],"hashtags":[],"geo":"","raw":"연어먹었는데 매우맛이좋더군요","polarity":{"com":0,"pos":0.7777777776666667,"neg":0.22222222233333333,"neut":0,"none":0},"intensity":{"high":0.37037037033333337,"low":0.074074074,"meium":0.5555555556666667,"none":0},"expressive":{"dir-action":0,"dir-explicit":0.18518518500000003,"dir-speech":0.5925925926666668,"indirect":0.22222222233333333,"writing-device":0}},{"id":"어서옵쇼","permalink":"","username":"asdfg","text":"가격도  적당하고  맛도 좋고, 예상도착시간 살짝 넘기셔서 그런지 서비스도 주시고 ,아 회나 다른수산물도 맛났는데 매운탕 4000원에  아주아주 푸짐하고 맛난  재료로 포장되옵니다.강추","date":"Mon Dec 10 23:59:44 +0000 2018","retweets":"30","favorites":"20","mentions":[],"hashtags":[],"geo":"","raw":"가격도  적당하고  맛도 좋고, 예상도착시간 살짝 넘기셔서 그런지 서비스도 주시고 ,아 회나 다른수산물도 맛났는데 매운탕 4000원에  아주아주 푸짐하고 맛난  재료로 포장되옵니다.강추","polarity":{"com":0.0019479300624999996,"pos":0.6192257883124999,"neg":0.29329592987499997,"neut":0.002957421687499999,"none":0.0825729300625},"intensity":{"high":0.1051976083125,"low":0.10343977906249999,"meium":0.708601994875,"none":0.08276061775},"expressive":{"dir-action":0.00018768768750000004,"dir-explicit":0.17651356712500002,"dir-speech":0.35458896393750006,"indirect":0.38639559206250007,"writing-device":0.08231418918750001}},{"id":"어서옵쇼","permalink":"","username":"asdfg","text":"맛있네용 무침이 진짜 별미네용 강추!","date":"Mon Dec 10 23:59:44 +0000 2018","retweets":"30","favorites":"20","mentions":[],"hashtags":[],"geo":"","raw":"맛있네용 무침이 진짜 별미네용 강추!","polarity":{"com":0.015418502,"pos":0.215859031,"neg":0.720264317,"neut":0.0440528635,"none":0.0044052865},"intensity":{"high":0.05286343602643172,"low":0.06607929503303965,"meium":0.8744493394372247,"none":0.006607929503303965},"expressive":{"dir-action":0.002202643001101321,"dir-explicit":0.2070484581035242,"dir-speech":0.6806167403403084,"indirect":0.1035242290517621,"writing-device":0.006607929503303964}},{"id":"어서옵쇼","permalink":"","username":"asdfg","text":"광어랑 연어 먹었는데 맛있네요~\n쌈야채대신 무침야채 주시는데 그게 맛있었어요!\n양도 생각보다 푸짐하구~ 포장도 깔끔해서 좋네요","date":"Mon Dec 10 23:59:44 +0000 2018","retweets":"30","favorites":"20","mentions":[],"hashtags":[],"geo":"","raw":"광어랑 연어 먹었는데 맛있네요~\n쌈야채대신 무침야채 주시는데 그게 맛있었어요!\n양도 생각보다 푸짐하구~ 포장도 깔끔해서 좋네요","polarity":{"com":0.005338672,"pos":0.39761761766666665,"neg":0.5475125124444444,"neut":0.035118451777777775,"none":0.014412746111111112},"intensity":{"high":0.06918585244444445,"low":0.10337671,"meium":0.8123573574444444,"none":0.015080080111111109},"expressive":{"dir-action":0.0006673339999999999,"dir-explicit":0.3135385384444444,"dir-speech":0.4129212545555555,"indirect":0.25779279288888884,"writing-device":0.015080080111111107}},{"id":"어서옵쇼","permalink":"","username":"asdfg","text":"맛잇어요!!!대박!!!","date":"Mon Dec 10 23:59:44 +0000 2018","retweets":"30","favorites":"20","mentions":[],"hashtags":[],"geo":"","raw":"맛잇어요!!!대박!!!","polarity":{"com":0,"pos":1,"neg":0,"neut":0,"none":0},"intensity":{"high":0,"low":0,"meium":1,"none":0},"expressive":{"dir-action":0,"dir-explicit":0,"dir-speech":1,"indirect":0,"writing-device":0}}]