[{"id":"대마에스시","permalink":"","username":"asdfg","text":"재주문 리뷰입니다 이번엔 잘찍은사진으로 올려요ㅋㅋ 기분탓인지 모르겠지만 처음 시켰을때보다 좀 더 신경써 주신 느낌을 받았어요 우동면도 더 많이 넣어주시고 초밥위에 데코도 더 디테일해졌네요 초밥맛도 역시 최곱니다 서비스로 주신 월남쌈과 쪽지 감사합니다 덕분에 기분좋게 먹었어요 감사합니다^^","date":"Mon Dec 10 23:59:44 +0000 2018","retweets":"30","favorites":"20","mentions":[],"hashtags":[],"geo":"","raw":"재주문 리뷰입니다 이번엔 잘찍은사진으로 올려요ㅋㅋ 기분탓인지 모르겠지만 처음 시켰을때보다 좀 더 신경써 주신 느낌을 받았어요 우동면도 더 많이 넣어주시고 초밥위에 데코도 더 디테일해졌네요 초밥맛도 역시 최곱니다 서비스로 주신 월남쌈과 쪽지 감사합니다 덕분에 기분좋게 먹었어요 감사합니다^^","polarity":{"com":0.007246231821169778,"pos":0.45039929944820006,"neg":0.343164695094887,"neut":0.11256845846026539,"none":0.0866213151754778},"intensity":{"high":0.16533015944628532,"low":0.20699106620074903,"meium":0.5410574591651133,"none":0.08662131518785228},"expressive":{"dir-action":0.0032467532497680892,"dir-explicit":0.23802426155442685,"dir-speech":0.4426119812183849,"indirect":0.2286053326622425,"writing-device":0.08751167131517776}},{"id":"대마에스시","permalink":"","username":"asdfg","text":"포장이 꼼꼼하고 쪽지까지 남겨주셔서 감동했어요!\n초밥도 맛좋구요~  \n푸짐하게 한상 제대로 먹습니다!\n이벤트로 월남쌈까지 ><","date":"Mon Dec 10 23:59:44 +0000 2018","retweets":"30","favorites":"20","mentions":[],"hashtags":[],"geo":"","raw":"포장이 꼼꼼하고 쪽지까지 남겨주셔서 감동했어요!\n초밥도 맛좋구요~  \n푸짐하게 한상 제대로 먹습니다!\n이벤트로 월남쌈까지 ><","polarity":{"com":0.004512948916666667,"pos":0.517712182,"neg":0.27448911466666664,"neut":0.015437481750000003,"none":0.1878482726666667},"intensity":{"high":0.10589122483333334,"low":0.10453122283333333,"meium":0.5919875630833333,"none":0.19758998925000001},"expressive":{"dir-action":0.002165959083874823,"dir-explicit":0.28532550690466474,"dir-speech":0.20568177888475375,"indirect":0.3060005864098335,"writing-device":0.2008261687168732}},{"id":"대마에스시","permalink":"","username":"asdfg","text":"잘먹었습니당ㅎㅎㅎ 꽃등심 처음먹어봤는데 담엔 그걸로 먹으려구요 배달비가 조금만 덜했으면 좋을거같아요ㅜㅜ흑","date":"Mon Dec 10 23:59:44 +0000 2018","retweets":"30","favorites":"20","mentions":[],"hashtags":[],"geo":"","raw":"잘먹었습니당ㅎㅎㅎ 꽃등심 처음먹어봤는데 담엔 그걸로 먹으려구요 배달비가 조금만 덜했으면 좋을거같아요ㅜㅜ흑","polarity":{"com":0.0167748918212318,"pos":0.5038134088188753,"neg":0.3423809524258875,"neut":0.03289072027870741,"none":0.10414002665529822},"intensity":{"high":0.09117826619010713,"low":0.11688422673789858,"meium":0.6869857920624532,"none":0.10495171500954109},"expressive":{"dir-action":0,"dir-explicit":0.23659951161485457,"dir-speech":0.43498029750591094,"indirect":0.13209457216980958,"writing-device":0.19632561870942497}},{"id":"대마에스시","permalink":"","username":"asdfg","text":"배고파서 오자마자 허겁지겁 먹느라 먹다 정신차리고 사진찍었어요ㅋㅋ 배달스시 특유의 그 맛이 안나고 직접 스시집가서 먹는맛이나네요 넘 맛있어요 배달도 빨리왔어요 담에또주문할게요^^","date":"Mon Dec 10 23:59:44 +0000 2018","retweets":"30","favorites":"20","mentions":[],"hashtags":[],"geo":"","raw":"배고파서 오자마자 허겁지겁 먹느라 먹다 정신차리고 사진찍었어요ㅋㅋ 배달스시 특유의 그 맛이 안나고 직접 스시집가서 먹는맛이나네요 넘 맛있어요 배달도 빨리왔어요 담에또주문할게요^^","polarity":{"com":0.001075268833273596,"pos":0.559758491135569,"neg":0.37094960747939165,"neut":0.039381720442256574,"none":0.02883491210950917},"intensity":{"high":0.08068249699103529,"low":0.0871394435458734,"meium":0.803223673021864,"none":0.028954386441227293},"expressive":{"dir-action":0.0003584229444444445,"dir-explicit":0.1746853131666667,"dir-speech":0.4381603089999999,"indirect":0.34655231266666664,"writing-device":0.04024364222222222}},{"id":"대마에스시","permalink":"","username":"asdfg","text":"맛있게 잘 먹었습니다~","date":"Mon Dec 10 23:59:44 +0000 2018","retweets":"30","favorites":"20","mentions":[],"hashtags":[],"geo":"","raw":"맛있게 잘 먹었습니다~","polarity":{"com":0,"pos":0.35714285717857136,"neg":0.6071428573035714,"neut":0.03571428551785714,"none":0},"intensity":{"high":0,"low":0.107142857,"meium":0.8928571430000001,"none":0},"expressive":{"dir-action":0,"dir-explicit":0.107142857,"dir-speech":0.5714285715,"indirect":0.3214285715,"writing-device":0}},{"id":"대마에스시","permalink":"","username":"asdfg","text":"사장님도 정말 친절하시고 쪽지도 감동이었어요ㅠ 후기가 좋아서 믿고 시켰는데 역시 맛있더라구요!! 매장에서 먹는것 같은 느낌이었습니다 다음에는 연어로 시키려구요! 감사합니다:)","date":"Mon Dec 10 23:59:44 +0000 2018","retweets":"30","favorites":"20","mentions":[],"hashtags":[],"geo":"","raw":"사장님도 정말 친절하시고 쪽지도 감동이었어요ㅠ 후기가 좋아서 믿고 시켰는데 역시 맛있더라구요!! 매장에서 먹는것 같은 느낌이었습니다 다음에는 연어로 시키려구요! 감사합니다:)","polarity":{"com":0.005721039461978542,"pos":0.3807234667985172,"neg":0.3966769791074367,"neut":0.06182948662014074,"none":0.15504902801192683},"intensity":{"high":0.15562986985812538,"low":0.1456815479342832,"meium":0.5427873149648298,"none":0.15590126724276165},"expressive":{"dir-action":0.0004962779230387479,"dir-explicit":0.23069646467456187,"dir-speech":0.5002051790384457,"indirect":0.11192265460677515,"writing-device":0.1566794237571785}},{"id":"대마에스시","permalink":"","username":"asdfg","text":"진짜 여기 미쳤어요ㅠㅠㅠ이렇게 맛있는집을 이제 알다니.... 시간 맞춰달라고 전화드렸는데 사장님도 친절하시고!!! 연어가 진짜 엄청 크고 미니우동도 퀄리티가 장난아니에요 서비스로 오는건데 시킨건줄 알 정도...\n사진보면 답이나올거에오 꼭 드세요 꼭!","date":"Mon Dec 10 23:59:44 +0000 2018","retweets":"30","favorites":"20","mentions":[],"hashtags":[],"geo":"","raw":"진짜 여기 미쳤어요ㅠㅠㅠ이렇게 맛있는집을 이제 알다니.... 시간 맞춰달라고 전화드렸는데 사장님도 친절하시고!!! 연어가 진짜 엄청 크고 미니우동도 퀄리티가 장난아니에요 서비스로 오는건데 시킨건줄 알 정도...\n사진보면 답이나올거에오 꼭 드세요 꼭!","polarity":{"com":0.00301542778247759,"pos":0.4469115361979603,"neg":0.37496448076630584,"neut":0.04203087443295518,"none":0.13307768082030094},"intensity":{"high":0.07982370038436316,"low":0.1345605688578643,"meium":0.6505570991173428,"none":0.1350586316404297},"expressive":{"dir-action":0.0002805049130434783,"dir-explicit":0.14499312295652175,"dir-speech":0.3735586765652174,"indirect":0.28305577360869566,"writing-device":0.19811192195652172}},{"id":"대마에스시","permalink":"","username":"asdfg","text":"항상  기대이상으로  충족시켜 주는맛 \n쵝....오  에용","date":"Mon Dec 10 23:59:44 +0000 2018","retweets":"30","favorites":"20","mentions":[],"hashtags":[],"geo":"","raw":"항상  기대이상으로  충족시켜 주는맛 \n쵝....오  에용","polarity":{"com":0,"pos":0.8214285714,"neg":0.125,"neut":0.05357142859999999,"none":0},"intensity":{"high":0.0821428572,"low":0.05357142859999999,"meium":0.8642857142,"none":0},"expressive":{"dir-action":0,"dir-explicit":0.23571428575285713,"dir-speech":0.4607142857078571,"indirect":0.3035714285392857,"writing-device":0}},{"id":"대마에스시","permalink":"","username":"asdfg","text":"빠른배달에  깔끔하고  기대에 버금가는  이맛에  또시켜버리고 말았습니다.\n살빼야하는데...","date":"Mon Dec 10 23:59:44 +0000 2018","retweets":"30","favorites":"20","mentions":[],"hashtags":[],"geo":"","raw":"빠른배달에  깔끔하고  기대에 버금가는  이맛에  또시켜버리고 말았습니다.\n살빼야하는데...","polarity":{"com":0.005074039570703709,"pos":0.725329833610667,"neg":0.16245379797679232,"neut":0.014571221426489827,"none":0.09257110741534698},"intensity":{"high":0.05057952042134578,"low":0.07769345698890093,"meium":0.7770848786032737,"none":0.0946421439864797},"expressive":{"dir-action":0.002071036571724434,"dir-explicit":0.1951555707421651,"dir-speech":0.3985139256283592,"indirect":0.28592508775513215,"writing-device":0.11833437930261921}},{"id":"대마에스시","permalink":"","username":"asdfg","text":"몇년동안  살면서  여기저기  많은배달  시켜 보았는데  너무깔  끔하게  배달되어  맛도 보기전에  군침도내요 ...보기좋으면 맛도 좋은법   식당가서  바로 셋팅해주신  음식  먹는느낌이에요","date":"Mon Dec 10 23:59:44 +0000 2018","retweets":"30","favorites":"20","mentions":[],"hashtags":[],"geo":"","raw":"몇년동안  살면서  여기저기  많은배달  시켜 보았는데  너무깔  끔하게  배달되어  맛도 보기전에  군침도내요 ...보기좋으면 맛도 좋은법   식당가서  바로 셋팅해주신  음식  먹는느낌이에요","polarity":{"com":0.014156987350000002,"pos":0.5346714737500001,"neg":0.30498763025000003,"neut":0.08640438535,"none":0.059779523300000005},"intensity":{"high":0.09362028176404305,"low":0.1129413593169412,"meium":0.6835513087025327,"none":0.10988705021648308},"expressive":{"dir-action":0.000322580650032258,"dir-explicit":0.2059620972205962,"dir-speech":0.4940575852994058,"indirect":0.21425496422142548,"writing-device":0.08540277260854028}}]