[{"id":"와카바스시-묵동점","permalink":"","username":"asdfg","text":"솔직히 가격은 다른 스시집보다 부담스러운건 사실인데요\n정말 연어초밥 너무 맛있었어요❤️ 회덮밥도 너무 맛있고 확실히 비싼값을 하는 것 같아요ㅎㅎ 다른 곳에서 2번 먹을거 아껴서 여기서 또 한번 시켜먹고 이렇게라도 또 시켜먹을것 같네용!!","date":"Mon Dec 10 23:59:44 +0000 2018","retweets":"30","favorites":"20","mentions":[],"hashtags":[],"geo":"","raw":"솔직히 가격은 다른 스시집보다 부담스러운건 사실인데요\n정말 연어초밥 너무 맛있었어요❤️ 회덮밥도 너무 맛있고 확실히 비싼값을 하는 것 같아요ㅎㅎ 다른 곳에서 2번 먹을거 아껴서 여기서 또 한번 시켜먹고 이렇게라도 또 시켜먹을것 같네용!!","polarity":{"com":0.01599865654181849,"pos":0.3106640745657582,"neg":0.46970635602961225,"neut":0.033874006492301365,"none":0.16975690637050983},"intensity":{"high":0.06655222172424764,"low":0.06952779017865784,"meium":0.6936406156502892,"none":0.1702793724468055},"expressive":{"dir-action":0.0005224660454070485,"dir-explicit":0.25220170806798164,"dir-speech":0.3864199541466891,"indirect":0.1530597058951764,"writing-device":0.20779616584474578}},{"id":"와카바스시-묵동점","permalink":"","username":"asdfg","text":"맛있게먹었는데 참치회마다 까만게 있어요..회충인지 모르겠는데 뭔가요?","date":"Mon Dec 10 23:59:44 +0000 2018","retweets":"30","favorites":"20","mentions":[],"hashtags":[],"geo":"","raw":"맛있게먹었는데 참치회마다 까만게 있어요..회충인지 모르겠는데 뭔가요?","polarity":{"com":0.0038126361660312273,"pos":0.2672616054554564,"neg":0.5843304844026116,"neut":0.057558236990406964,"none":0.08703703698549382},"intensity":{"high":0.05258086134209681,"low":0.155781799859297,"meium":0.7046003017840999,"none":0.08703703701450617},"expressive":{"dir-action":0,"dir-explicit":0.27470253066666667,"dir-speech":0.5287833081666665,"indirect":0.10620915033333332,"writing-device":0.09030501083333331}},{"id":"와카바스시-묵동점","permalink":"","username":"asdfg","text":"스시를 배달로는 첨 시켜봤어요 배달이 55분뜨길래 그냥 포기하고 넋놓고 있었는데 아니 ? 30분만에 온 듯 ??! 너무 빨리 와서 놀랬구요 ~ 깔끔하게 잘 배달 해주었어요 !! 밥양은 제가 조금만 달라구 했는데 그래두 저한텐 많아서 나중엔 진짜 진짜 조금만 달라구 말해야겠어용 밥 반은 버렸네요 ㅎㅎ 첫배달이었눈데 만족했고 다음엠 연어만 주문해서 먹을라구요 재주문 의사 있어요 잘먹었습니다 ^^","date":"Mon Dec 10 23:59:44 +0000 2018","retweets":"30","favorites":"20","mentions":[],"hashtags":[],"geo":"","raw":"스시를 배달로는 첨 시켜봤어요 배달이 55분뜨길래 그냥 포기하고 넋놓고 있었는데 아니 ? 30분만에 온 듯 ??! 너무 빨리 와서 놀랬구요 ~ 깔끔하게 잘 배달 해주었어요 !! 밥양은 제가 조금만 달라구 했는데 그래두 저한텐 많아서 나중엔 진짜 진짜 조금만 달라구 말해야겠어용 밥 반은 버렸네요 ㅎㅎ 첫배달이었눈데 만족했고 다음엠 연어만 주문해서 먹을라구요 재주문 의사 있어요 잘먹었습니다 ^^","polarity":{"com":0.03588501224250817,"pos":0.39613748458886383,"neg":0.42292104293519805,"neut":0.05972295961469308,"none":0.08533350061873686},"intensity":{"high":0.08870016605029736,"low":0.11907415765476122,"meium":0.6794310642979098,"none":0.11279461199703175},"expressive":{"dir-action":0.014856231973684204,"dir-explicit":0.22237923868421047,"dir-speech":0.40171135086842097,"indirect":0.2717799142631579,"writing-device":0.08927326421052632}},{"id":"와카바스시-묵동점","permalink":"","username":"asdfg","text":"항상 맛있게 먹습니다~ 감사합니다~","date":"Mon Dec 10 23:59:44 +0000 2018","retweets":"30","favorites":"20","mentions":[],"hashtags":[],"geo":"","raw":"항상 맛있게 먹습니다~ 감사합니다~","polarity":{"com":0,"pos":0.7777777776666667,"neg":0.22222222233333333,"neut":0,"none":0},"intensity":{"high":0.37037037033333337,"low":0.074074074,"meium":0.5555555556666666,"none":0},"expressive":{"dir-action":0,"dir-explicit":0.24074074066666665,"dir-speech":0.7592592593333333,"indirect":0,"writing-device":0}},{"id":"와카바스시-묵동점","permalink":"","username":"asdfg","text":"너무 맛이 괜찮았습니다.","date":"Mon Dec 10 23:59:44 +0000 2018","retweets":"30","favorites":"20","mentions":[],"hashtags":[],"geo":"","raw":"너무 맛이 괜찮았습니다.","polarity":{"com":0.0868470735,"pos":0.2872876025,"neg":0.577407174,"neut":0.0440528635,"none":0.0044052865},"intensity":{"high":0.12429200756214599,"low":0.1375078665687539,"meium":0.7315921963657961,"none":0.006607929503303964},"expressive":{"dir-action":0.002202643001101321,"dir-explicit":0.49276274374638135,"dir-speech":0.3234738831617369,"indirect":0.1749528005874764,"writing-device":0.006607929503303964}},{"id":"와카바스시-묵동점","permalink":"","username":"asdfg","text":"잘먹었습니다~~^^","date":"Mon Dec 10 23:59:44 +0000 2018","retweets":"30","favorites":"20","mentions":[],"hashtags":[],"geo":"","raw":"잘먹었습니다~~^^","polarity":{"com":0,"pos":0.7142857147142857,"neg":0.21428571421428572,"neut":0.07142857107142857,"none":0},"intensity":{"high":0,"low":0.214285714,"meium":0.785714286,"none":0},"expressive":{"dir-action":0,"dir-explicit":0.214285714,"dir-speech":0.142857143,"indirect":0.642857143,"writing-device":0}},{"id":"와카바스시-묵동점","permalink":"","username":"asdfg","text":"배달 느릴 줄 알았는데 빨랐어요.\n그리고 비싸지만 사시미가 너무너무 맛있고 고급스러운 맛이요. 다음에는 직접 매장가서 먹어보고싶어요.\n와카바스시 팬입니다~~","date":"Mon Dec 10 23:59:44 +0000 2018","retweets":"30","favorites":"20","mentions":[],"hashtags":[],"geo":"","raw":"배달 느릴 줄 알았는데 빨랐어요.\n그리고 비싸지만 사시미가 너무너무 맛있고 고급스러운 맛이요. 다음에는 직접 매장가서 먹어보고싶어요.\n와카바스시 팬입니다~~","polarity":{"com":0.0043028322666666665,"pos":0.3423266276,"neg":0.5387445888000001,"neut":0.08568174740000001,"none":0.028944203933333332},"intensity":{"high":0.03519225873567948,"low":0.16492233247766155,"meium":0.7709412048513961,"none":0.028944203935262945},"expressive":{"dir-action":0,"dir-explicit":0.11995020234133003,"dir-speech":0.5837938205722529,"indirect":0.1955019381463668,"writing-device":0.10075403894005026}},{"id":"와카바스시-묵동점","permalink":"","username":"asdfg","text":"연어초밥, 회덮밥 다  맛있어요!","date":"Mon Dec 10 23:59:44 +0000 2018","retweets":"30","favorites":"20","mentions":[],"hashtags":[],"geo":"","raw":"연어초밥, 회덮밥 다  맛있어요!","polarity":{"com":0,"pos":0.714285714,"neg":0,"neut":0,"none":0.285714286},"intensity":{"high":0.28571428571428575,"low":0,"meium":0.42857142857142866,"none":0.28571428571428575},"expressive":{"dir-action":0,"dir-explicit":0.42857142857142866,"dir-speech":0.28571428571428575,"indirect":0,"writing-device":0.28571428571428575}},{"id":"와카바스시-묵동점","permalink":"","username":"asdfg","text":"배달 엄청 빠르고용","date":"Mon Dec 10 23:59:44 +0000 2018","retweets":"30","favorites":"20","mentions":[],"hashtags":[],"geo":"","raw":"배달 엄청 빠르고용","polarity":{"com":0,"pos":1,"neg":0,"neut":0,"none":0},"intensity":{"high":0,"low":0.1666666665,"meium":0.8333333334999999,"none":0},"expressive":{"dir-action":0,"dir-explicit":0,"dir-speech":0.5,"indirect":0.5,"writing-device":0}},{"id":"와카바스시-묵동점","permalink":"","username":"asdfg","text":"맛잇어요~~~~~~","date":"Mon Dec 10 23:59:44 +0000 2018","retweets":"30","favorites":"20","mentions":[],"hashtags":[],"geo":"","raw":"맛잇어요~~~~~~","polarity":{"com":0,"pos":1,"neg":0,"neut":0,"none":0},"intensity":{"high":0,"low":0,"meium":1,"none":0},"expressive":{"dir-action":0,"dir-explicit":0,"dir-speech":1,"indirect":0,"writing-device":0}},{"id":"와카바스시-묵동점","permalink":"","username":"asdfg","text":"양도 맛도 너무 괜찮아요","date":"Mon Dec 10 23:59:44 +0000 2018","retweets":"30","favorites":"20","mentions":[],"hashtags":[],"geo":"","raw":"양도 맛도 너무 괜찮아요","polarity":{"com":0.0714285715,"pos":0.5714285715,"neg":0.357142857,"neut":0,"none":0},"intensity":{"high":0.07142857150000001,"low":0.07142857150000001,"meium":0.857142857,"none":0},"expressive":{"dir-action":0,"dir-explicit":0.2857142855,"dir-speech":0.642857143,"indirect":0.0714285715,"writing-device":0}},{"id":"와카바스시-묵동점","permalink":"","username":"asdfg","text":"초밥먹고싶었는데 배달되어 맛있게 잘먹었습니다","date":"Mon Dec 10 23:59:44 +0000 2018","retweets":"30","favorites":"20","mentions":[],"hashtags":[],"geo":"","raw":"초밥먹고싶었는데 배달되어 맛있게 잘먹었습니다","polarity":{"com":0,"pos":0.5119047618779762,"neg":0.4702380953675595,"neut":0.017857142754464286,"none":0},"intensity":{"high":0.02777777775,"low":0.109126984,"meium":0.86309523825,"none":0},"expressive":{"dir-action":0,"dir-explicit":0.109126984,"dir-speech":0.73015873025,"indirect":0.16071428575,"writing-device":0}},{"id":"와카바스시-묵동점","permalink":"","username":"asdfg","text":"맛은무난하나 고추냉이를 많이넣네요","date":"Mon Dec 10 23:59:44 +0000 2018","retweets":"30","favorites":"20","mentions":[],"hashtags":[],"geo":"","raw":"맛은무난하나 고추냉이를 많이넣네요","polarity":{"com":0.011146496752786623,"pos":0.644904458661226,"neg":0.3328025478332006,"neut":0.011146496752786623,"none":0},"intensity":{"high":0.0334394905,"low":0.280254777,"meium":0.6863057324999999,"none":0},"expressive":{"dir-action":0.0031847134984076433,"dir-explicit":0.3487261145756369,"dir-speech":0.5796178342101911,"indirect":0.06687898096656052,"writing-device":0.0015923567492038217}},{"id":"와카바스시-묵동점","permalink":"","username":"asdfg","text":"맛잇어요!!!!!!","date":"Mon Dec 10 23:59:44 +0000 2018","retweets":"30","favorites":"20","mentions":[],"hashtags":[],"geo":"","raw":"맛잇어요!!!!!!","polarity":{"com":0,"pos":1,"neg":0,"neut":0,"none":0},"intensity":{"high":0,"low":0,"meium":1,"none":0},"expressive":{"dir-action":0,"dir-explicit":0,"dir-speech":1,"indirect":0,"writing-device":0}},{"id":"와카바스시-묵동점","permalink":"","username":"asdfg","text":"맛잇엇어요!!!!!","date":"Mon Dec 10 23:59:44 +0000 2018","retweets":"30","favorites":"20","mentions":[],"hashtags":[],"geo":"","raw":"맛잇엇어요!!!!!","polarity":{"com":0,"pos":1,"neg":0,"neut":0,"none":0},"intensity":{"high":0,"low":0,"meium":1,"none":0},"expressive":{"dir-action":0,"dir-explicit":0,"dir-speech":1,"indirect":0,"writing-device":0}},{"id":"와카바스시-묵동점","permalink":"","username":"asdfg","text":"초밥도 맛있고 친절한 배달도 감사합니다^^\n배달 초밥인데도 너무 맛있어서 ㅎㅎ\n직접 매장도 가 보고 싶네용^^\n감사합니다^^","date":"Mon Dec 10 23:59:44 +0000 2018","retweets":"30","favorites":"20","mentions":[],"hashtags":[],"geo":"","raw":"초밥도 맛있고 친절한 배달도 감사합니다^^\n배달 초밥인데도 너무 맛있어서 ㅎㅎ\n직접 매장도 가 보고 싶네용^^\n감사합니다^^","polarity":{"com":0.008777157832601903,"pos":0.49677281295860226,"neg":0.33607057530532747,"neut":0.025130392581239138,"none":0.13324906132222925},"intensity":{"high":0.23853950185321166,"low":0.05200157108766681,"meium":0.5760306542146693,"none":0.13342827284445238},"expressive":{"dir-action":0.000537634416577061,"dir-explicit":0.21856294496357287,"dir-speech":0.5712976139047837,"indirect":0.07303225057116129,"writing-device":0.13656955614390506}},{"id":"와카바스시-묵동점","permalink":"","username":"asdfg","text":"집 근처에 있어서 오다가다 봐서 배달시켰는데 진짜 너무 맛있네요~\n다음엔 가게 직접 가서 먹을게요 ㅎㅎ","date":"Mon Dec 10 23:59:44 +0000 2018","retweets":"30","favorites":"20","mentions":[],"hashtags":[],"geo":"","raw":"집 근처에 있어서 오다가다 봐서 배달시켰는데 진짜 너무 맛있네요~\n다음엔 가게 직접 가서 먹을게요 ㅎㅎ","polarity":{"com":0.021494708999999997,"pos":0.4129188712222222,"neg":0.477733686111111,"neut":0.023809523777777772,"none":0.06404320988888887},"intensity":{"high":0.05522486777777776,"low":0.1377865961111111,"meium":0.7429453262222222,"none":0.06404320988888887},"expressive":{"dir-action":0,"dir-explicit":0.16468253957385362,"dir-speech":0.5993165786221463,"indirect":0.1655643739072849,"writing-device":0.07043650789671516}},{"id":"와카바스시-묵동점","permalink":"","username":"asdfg","text":"배달도 빠르고 나쁘지는 않습니다","date":"Mon Dec 10 23:59:44 +0000 2018","retweets":"30","favorites":"20","mentions":[],"hashtags":[],"geo":"","raw":"배달도 빠르고 나쁘지는 않습니다","polarity":{"com":0,"pos":0.5793650793948413,"neg":0.376984127094246,"neut":0.023809523755952376,"none":0.019841269754960318},"intensity":{"high":0.09126984125000001,"low":0.14285714275000003,"meium":0.74603174625,"none":0.019841269750000005},"expressive":{"dir-action":0,"dir-explicit":0.123015873,"dir-speech":0.41666666674999997,"indirect":0.43650793649999997,"writing-device":0.02380952375}},{"id":"와카바스시-묵동점","permalink":"","username":"asdfg","text":"항상 맛있게 먹고있어요~","date":"Mon Dec 10 23:59:44 +0000 2018","retweets":"30","favorites":"20","mentions":[],"hashtags":[],"geo":"","raw":"항상 맛있게 먹고있어요~","polarity":{"com":0,"pos":0.6666666665000001,"neg":0.3333333335,"neut":0,"none":0},"intensity":{"high":0.0555555555,"low":0.111111111,"meium":0.8333333334999999,"none":0},"expressive":{"dir-action":0,"dir-explicit":0.361111111,"dir-speech":0.638888889,"indirect":0,"writing-device":0}},{"id":"와카바스시-묵동점","permalink":"","username":"asdfg","text":"완전 맛잇어요!!\n왕추천입니다!","date":"Mon Dec 10 23:59:44 +0000 2018","retweets":"30","favorites":"20","mentions":[],"hashtags":[],"geo":"","raw":"완전 맛잇어요!!\n왕추천입니다!","polarity":{"com":0,"pos":0.5833333334999999,"neg":0.25,"neut":0.1666666665,"none":0},"intensity":{"high":0.1666666665,"low":0,"meium":0.8333333334999999,"none":0},"expressive":{"dir-action":0,"dir-explicit":0.4166666665,"dir-speech":0,"indirect":0.5833333334999999,"writing-device":0}},{"id":"와카바스시-묵동점","permalink":"","username":"asdfg","text":"다음엔 생선초밥만 시켜먹어야겠어용 제 입맛엔 그게 더 맞네요^^*~","date":"Mon Dec 10 23:59:44 +0000 2018","retweets":"30","favorites":"20","mentions":[],"hashtags":[],"geo":"","raw":"다음엔 생선초밥만 시켜먹어야겠어용 제 입맛엔 그게 더 맞네요^^*~","polarity":{"com":0,"pos":0.30682016384578004,"neg":0.5736961453887268,"neut":0.03453689158623009,"none":0.08494679917926291},"intensity":{"high":0.03959532542857142,"low":0.10709924985714285,"meium":0.7683586255714285,"none":0.08494679914285716},"expressive":{"dir-action":0,"dir-explicit":0.2529216815714286,"dir-speech":0.623931624,"indirect":0.03732775157142858,"writing-device":0.08581894285714287}},{"id":"와카바스시-묵동점","permalink":"","username":"asdfg","text":"괜히 고급스시가 아니네요 정말 만족해요","date":"Mon Dec 10 23:59:44 +0000 2018","retweets":"30","favorites":"20","mentions":[],"hashtags":[],"geo":"","raw":"괜히 고급스시가 아니네요 정말 만족해요","polarity":{"com":0.012403994,"pos":0.5589477726666666,"neg":0.2723246286666667,"neut":0.05474270366666667,"none":0.101580901},"intensity":{"high":0.2668330773333334,"low":0.07442396300000001,"meium":0.553469022,"none":0.10527393766666668},"expressive":{"dir-action":0.002150537666666667,"dir-explicit":0.39632616500000006,"dir-speech":0.28570788533333336,"indirect":0.21423451100000002,"writing-device":0.10158090100000002}},{"id":"와카바스시-묵동점","permalink":"","username":"asdfg","text":"연어초밥이 맛있어요!","date":"Mon Dec 10 23:59:44 +0000 2018","retweets":"30","favorites":"20","mentions":[],"hashtags":[],"geo":"","raw":"연어초밥이 맛있어요!","polarity":{"com":0.030837004,"pos":0.431718062,"neg":0.440528634,"neut":0.088105727,"none":0.008810573},"intensity":{"high":0.10572687210572689,"low":0.13215859013215858,"meium":0.7488986787488987,"none":0.01321585901321586},"expressive":{"dir-action":0.004405286004405286,"dir-explicit":0.4140969164140969,"dir-speech":0.3612334803612335,"indirect":0.20704845820704845,"writing-device":0.01321585901321586}},{"id":"와카바스시-묵동점","permalink":"","username":"asdfg","text":"배달은 보통 한시간 잡아야겠네요\n배달분은 친절합니다 ㅎㅎ\n음식은 맛있어요","date":"Mon Dec 10 23:59:44 +0000 2018","retweets":"30","favorites":"20","mentions":[],"hashtags":[],"geo":"","raw":"배달은 보통 한시간 잡아야겠네요\n배달분은 친절합니다 ㅎㅎ\n음식은 맛있어요","polarity":{"com":0.008875524166666668,"pos":0.5796655730000001,"neg":0.37022204000000003,"neut":0.025277929666666667,"none":0.015958933166666665},"intensity":{"high":0.0988624626996208,"low":0.06455257868818419,"meium":0.8202676024400891,"none":0.016317356172105786},"expressive":{"dir-action":0.0010752688333333334,"dir-explicit":0.18439189616666665,"dir-speech":0.6522112873333333,"indirect":0.1463626145,"writing-device":0.015958933166666665}},{"id":"와카바스시-묵동점","permalink":"","username":"asdfg","text":"배달은빠른편은아니였지만\n\n확실히 초밥은 급이다른맛이었어요\n\n마싯다","date":"Mon Dec 10 23:59:44 +0000 2018","retweets":"30","favorites":"20","mentions":[],"hashtags":[],"geo":"","raw":"배달은빠른편은아니였지만\n\n확실히 초밥은 급이다른맛이었어요\n\n마싯다","polarity":{"com":0.005973269624253343,"pos":0.5760203856779975,"neg":0.2948531283381434,"neut":0.06973768349128281,"none":0.05341553286832307},"intensity":{"high":0.03874823625484353,"low":0.13603307876700416,"meium":0.7712524913464065,"none":0.053966193631745776},"expressive":{"dir-action":0.0005506607500688326,"dir-explicit":0.3420706761677588,"dir-speech":0.3907104649238388,"indirect":0.21590713277698842,"writing-device":0.05076106538134514}},{"id":"와카바스시-묵동점","permalink":"","username":"asdfg","text":"초밥은 맛있는데 ㅜㅜ 회덮밥은 쫌 그러네요 ㅎ","date":"Mon Dec 10 23:59:44 +0000 2018","retweets":"30","favorites":"20","mentions":[],"hashtags":[],"geo":"","raw":"초밥은 맛있는데 ㅜㅜ 회덮밥은 쫌 그러네요 ㅎ","polarity":{"com":0.011299435333333335,"pos":0.303954802,"neg":0.372881356,"neut":0.022598869999999997,"none":0.2892655366666667},"intensity":{"high":0.06779661004519774,"low":0.09039548006026366,"meium":0.5525423730350283,"none":0.2892655368595104},"expressive":{"dir-action":0,"dir-explicit":0.18079096066666667,"dir-speech":0.43954802266666665,"indirect":0.09039547999999999,"writing-device":0.2892655366666667}},{"id":"와카바스시-묵동점","permalink":"","username":"asdfg","text":"연어초밥이 비리지않고 맛있어서 연어는 항상 여기서만 시켜요ㅎㅎㅎ","date":"Mon Dec 10 23:59:44 +0000 2018","retweets":"30","favorites":"20","mentions":[],"hashtags":[],"geo":"","raw":"연어초밥이 비리지않고 맛있어서 연어는 항상 여기서만 시켜요ㅎㅎㅎ","polarity":{"com":0.006167400802466962,"pos":0.28573311171429333,"neg":0.556359695222544,"neut":0.04692517461877008,"none":0.10481461764192589},"intensity":{"high":0.04800740140960148,"low":0.08430717581686142,"meium":0.761989747952398,"none":0.10569567482113916},"expressive":{"dir-action":0.0008810572001762112,"dir-explicit":0.16071926123214383,"dir-speech":0.6568620807313723,"indirect":0.0777955280155591,"writing-device":0.1037420728207484}},{"id":"와카바스시-묵동점","permalink":"","username":"asdfg","text":"초밥배달 좋았습니다","date":"Mon Dec 10 23:59:44 +0000 2018","retweets":"30","favorites":"20","mentions":[],"hashtags":[],"geo":"","raw":"초밥배달 좋았습니다","polarity":{"com":0,"pos":1,"neg":0,"neut":0,"none":0},"intensity":{"high":0,"low":0,"meium":1,"none":0},"expressive":{"dir-action":0,"dir-explicit":0,"dir-speech":1,"indirect":0,"writing-device":0}},{"id":"와카바스시-묵동점","permalink":"","username":"asdfg","text":"배달이 오래걸렸지만 괜찮았음\n동네 회전초밥집 보다 퀄리티가 좋았음","date":"Mon Dec 10 23:59:44 +0000 2018","retweets":"30","favorites":"20","mentions":[],"hashtags":[],"geo":"","raw":"배달이 오래걸렸지만 괜찮았음\n동네 회전초밥집 보다 퀄리티가 좋았음","polarity":{"com":0.0029761905,"pos":0.5684523810000001,"neg":0.4107142856666666,"neut":0.013392857166666668,"none":0.0044642856666666664},"intensity":{"high":0.026785714333333335,"low":0.017857142833333332,"meium":0.9494047618333333,"none":0.005952381},"expressive":{"dir-action":0,"dir-explicit":0.0625,"dir-speech":0.3854166666666667,"indirect":0.5476190476666667,"writing-device":0.0044642856666666664}},{"id":"와카바스시-묵동점","permalink":"","username":"asdfg","text":"가격이 조금 비싸지만 그래두 🐶맛있습니당 👏👏👏","date":"Mon Dec 10 23:59:44 +0000 2018","retweets":"30","favorites":"20","mentions":[],"hashtags":[],"geo":"","raw":"가격이 조금 비싸지만 그래두 🐶맛있습니당 👏👏👏","polarity":{"com":0,"pos":0.3333333333333333,"neg":0.5,"neut":0.16666666666666666,"none":0},"intensity":{"high":0,"low":0.16666666666666666,"meium":0.8333333333333334,"none":0},"expressive":{"dir-action":0,"dir-explicit":0.3333333333333333,"dir-speech":0.3333333333333333,"indirect":0.3333333333333333,"writing-device":0}},{"id":"와카바스시-묵동점","permalink":"","username":"asdfg","text":"배달은 좀 너무 느렸지만 너무 맛있어서 또 먹을꺼 같네요 잘먹었습니다","date":"Mon Dec 10 23:59:44 +0000 2018","retweets":"30","favorites":"20","mentions":[],"hashtags":[],"geo":"","raw":"배달은 좀 너무 느렸지만 너무 맛있어서 또 먹을꺼 같네요 잘먹었습니다","polarity":{"com":0.023809523833333332,"pos":0.5396825396666667,"neg":0.28174603166666673,"neut":0.035714285666666665,"none":0.11904761916666666},"intensity":{"high":0.03968253966666666,"low":0.0595238095,"meium":0.7817460316666667,"none":0.11904761916666666},"expressive":{"dir-action":0,"dir-explicit":0.269047619,"dir-speech":0.4095238096666667,"indirect":0.17063492066666663,"writing-device":0.15079365066666667}},{"id":"와카바스시-묵동점","permalink":"","username":"asdfg","text":"두번째주문이에요. 어머니가 입이 까다로우신 편인데도 아주 만족스럽게 잘드셨어요. 양이 적은건 항상 아쉽지만 그만큼 두껍고 질이 좋아서 더 아쉬운것같아요.","date":"Mon Dec 10 23:59:44 +0000 2018","retweets":"30","favorites":"20","mentions":[],"hashtags":[],"geo":"","raw":"두번째주문이에요. 어머니가 입이 까다로우신 편인데도 아주 만족스럽게 잘드셨어요. 양이 적은건 항상 아쉽지만 그만큼 두껍고 질이 좋아서 더 아쉬운것같아요.","polarity":{"com":0.0020634920666666666,"pos":0.5045114916666666,"neg":0.34532869066666666,"neut":0.05513813073333333,"none":0.09295819486666668},"intensity":{"high":0.1201656314,"low":0.1689928686,"meium":0.6178833051333332,"none":0.09295819486666668},"expressive":{"dir-action":0,"dir-explicit":0.3918648179477514,"dir-speech":0.18082376557589017,"indirect":0.33324211055556774,"writing-device":0.09406930592079077}},{"id":"와카바스시-묵동점","permalink":"","username":"asdfg","text":"가격에 비해 양이 적은것도 사실이지만 그만큼 질이 좋은것도 사실이네요\n배가 많이 고프지 않을때, 두툼하고 고급진 초밥이 땡기실때 주문해서 드시면 딱일것 같아요","date":"Mon Dec 10 23:59:44 +0000 2018","retweets":"30","favorites":"20","mentions":[],"hashtags":[],"geo":"","raw":"가격에 비해 양이 적은것도 사실이지만 그만큼 질이 좋은것도 사실이네요\n배가 많이 고프지 않을때, 두툼하고 고급진 초밥이 땡기실때 주문해서 드시면 딱일것 같아요","polarity":{"com":0.006664861165555858,"pos":0.5018541898608021,"neg":0.35063247694156124,"neut":0.06308283398948622,"none":0.07776563804259463},"intensity":{"high":0.11372998473485887,"low":0.10680526590075615,"meium":0.7011680653556853,"none":0.07829668400869963},"expressive":{"dir-action":0.0007699945555555555,"dir-explicit":0.2814296455555556,"dir-speech":0.30376502783333326,"indirect":0.3336794731666667,"writing-device":0.08035585888888891}},{"id":"와카바스시-묵동점","permalink":"","username":"asdfg","text":"양이 좀 작네요 맛은 보통","date":"Mon Dec 10 23:59:44 +0000 2018","retweets":"30","favorites":"20","mentions":[],"hashtags":[],"geo":"","raw":"양이 좀 작네요 맛은 보통","polarity":{"com":0,"pos":1,"neg":0,"neut":0,"none":0},"intensity":{"high":0,"low":0,"meium":1,"none":0},"expressive":{"dir-action":0,"dir-explicit":0.2,"dir-speech":0.8,"indirect":0,"writing-device":0}},{"id":"와카바스시-묵동점","permalink":"","username":"asdfg","text":"맛있는데 회덮밥에 고추장이 안온걸 뒤늦게 알아서 맛없게 먹었네요","date":"Mon Dec 10 23:59:44 +0000 2018","retweets":"30","favorites":"20","mentions":[],"hashtags":[],"geo":"","raw":"맛있는데 회덮밥에 고추장이 안온걸 뒤늦게 알아서 맛없게 먹었네요","polarity":{"com":0,"pos":0.29090909094181816,"neg":0.6060606060787879,"neut":0.08484848478303031,"none":0.018181818196363636},"intensity":{"high":0.1404040404,"low":0.11414141419999999,"meium":0.7272727272,"none":0.018181818199999998},"expressive":{"dir-action":0,"dir-explicit":0.29898989894020206,"dir-speech":0.6282828282743436,"indirect":0.03636363639272728,"writing-device":0.03636363639272728}},{"id":"와카바스시-묵동점","permalink":"","username":"asdfg","text":"사진이 없어용~~다 묵고 치워버려서ㅠㅠ잘먹었습니당~","date":"Mon Dec 10 23:59:44 +0000 2018","retweets":"30","favorites":"20","mentions":[],"hashtags":[],"geo":"","raw":"사진이 없어용~~다 묵고 치워버려서ㅠㅠ잘먹었습니당~","polarity":{"com":0.01057332325264333,"pos":0.5759475311439869,"neg":0.2710741255677685,"neut":0.05286888201321722,"none":0.08953613802238404},"intensity":{"high":0.08768798775,"low":0.09826810975,"meium":0.7220805800000001,"none":0.0919633225},"expressive":{"dir-action":0,"dir-explicit":0.2649427085,"dir-speech":0.13976593874999999,"indirect":0.4935717005,"writing-device":0.10171965225}},{"id":"와카바스시-묵동점","permalink":"","username":"asdfg","text":"맛있네요 자주 시켜먹을께요","date":"Mon Dec 10 23:59:44 +0000 2018","retweets":"30","favorites":"20","mentions":[],"hashtags":[],"geo":"","raw":"맛있네요 자주 시켜먹을께요","polarity":{"com":0,"pos":0.1666666665,"neg":0.8333333334999999,"neut":0,"none":0},"intensity":{"high":0.0555555555,"low":0.111111111,"meium":0.8333333334999999,"none":0},"expressive":{"dir-action":0,"dir-explicit":0.111111111,"dir-speech":0.888888889,"indirect":0,"writing-device":0}},{"id":"와카바스시-묵동점","permalink":"","username":"asdfg","text":"처음 시켜봤는데  맛있어요!!","date":"Mon Dec 10 23:59:44 +0000 2018","retweets":"30","favorites":"20","mentions":[],"hashtags":[],"geo":"","raw":"처음 시켜봤는데  맛있어요!!","polarity":{"com":0.0714285714642857,"pos":0.21428571439285712,"neg":0.6428571426785714,"neut":0,"none":0.0714285714642857},"intensity":{"high":0,"low":0,"meium":0.9285714285,"none":0.0714285715},"expressive":{"dir-action":0,"dir-explicit":0.1428571429285714,"dir-speech":0.7142857141428571,"indirect":0.0714285714642857,"writing-device":0.0714285714642857}},{"id":"와카바스시-묵동점","permalink":"","username":"asdfg","text":"사이다가 2000원이길래 1.5리터는 될줄 알았는데 500미리 짜리였네요..^^; 다음부턴 음료수 양도 기재됐으면 하는 아쉬움이 있구요~ 회랑 초밥은 정말 맛있었습니다. 비싼값 하네요^^ 퀄이 너무 좋아요~ 나중에 또 시켜먹을게요","date":"Mon Dec 10 23:59:44 +0000 2018","retweets":"30","favorites":"20","mentions":[],"hashtags":[],"geo":"","raw":"사이다가 2000원이길래 1.5리터는 될줄 알았는데 500미리 짜리였네요..^^; 다음부턴 음료수 양도 기재됐으면 하는 아쉬움이 있구요~ 회랑 초밥은 정말 맛있었습니다. 비싼값 하네요^^ 퀄이 너무 좋아요~ 나중에 또 시켜먹을게요","polarity":{"com":0.013998254056333238,"pos":0.2833458227379636,"neg":0.5868980098103831,"neut":0.030618397723923243,"none":0.08513951567139665},"intensity":{"high":0.04837287783602071,"low":0.12765086884042504,"meium":0.7370076918187225,"none":0.08696856150483157},"expressive":{"dir-action":0.000638569611146587,"dir-explicit":0.19464440417748025,"dir-speech":0.48730403686040574,"indirect":0.1648945426202719,"writing-device":0.15251844673069545}},{"id":"와카바스시-묵동점","permalink":"","username":"asdfg","text":"먹고 나가야 하는데 배달이 좀 늦어서 조급했던 거 빼고는 맛나게 잘 먹었습니다!","date":"Mon Dec 10 23:59:44 +0000 2018","retweets":"30","favorites":"20","mentions":[],"hashtags":[],"geo":"","raw":"먹고 나가야 하는데 배달이 좀 늦어서 조급했던 거 빼고는 맛나게 잘 먹었습니다!","polarity":{"com":0.004407013143486716,"pos":0.5550838799364406,"neg":0.3765627720537946,"neut":0.03203786514743398,"none":0.03190846971884406},"intensity":{"high":0.052262655135391044,"low":0.09701053570042706,"meium":0.81686908359759,"none":0.03385772556659175},"expressive":{"dir-action":0.002563695143223385,"dir-explicit":0.18734371016962054,"dir-speech":0.5327216686475318,"indirect":0.16910777659558685,"writing-device":0.10826314944403759}},{"id":"와카바스시-묵동점","permalink":"","username":"asdfg","text":"졸맛탱 개졸맛탱 입니당","date":"Mon Dec 10 23:59:44 +0000 2018","retweets":"30","favorites":"20","mentions":[],"hashtags":[],"geo":"","raw":"졸맛탱 개졸맛탱 입니당","polarity":{"com":0.00571895425,"pos":0.84640522875,"neg":0.0694444445,"neut":0.022875817,"none":0.0555555555},"intensity":{"high":0.03186274500796568,"low":0.02042483650510621,"meium":0.8921568629730392,"none":0.05555555551388888},"expressive":{"dir-action":0,"dir-explicit":0.10457516350000001,"dir-speech":0.5506535947500001,"indirect":0.28431372550000006,"writing-device":0.06045751625000001}},{"id":"와카바스시-묵동점","permalink":"","username":"asdfg","text":"가격은 좀 있지만, 연어가 두툼하고 크고 맛나요~덮밥도 연어 많이 들어있어요~담에 또 시켜먹고 싶어요.","date":"Mon Dec 10 23:59:44 +0000 2018","retweets":"30","favorites":"20","mentions":[],"hashtags":[],"geo":"","raw":"가격은 좀 있지만, 연어가 두툼하고 크고 맛나요~덮밥도 연어 많이 들어있어요~담에 또 시켜먹고 싶어요.","polarity":{"com":0.004902402399509761,"pos":0.5495412283450459,"neg":0.32327157216767294,"neut":0.03077525179692249,"none":0.09150954529084908},"intensity":{"high":0.09081069989999999,"low":0.11522559499999999,"meium":0.6978127264,"none":0.09615097869999999},"expressive":{"dir-action":0.00030030029996996996,"dir-explicit":0.24120523227587948,"dir-speech":0.4059568743594043,"indirect":0.24715631897528437,"writing-device":0.10538127408946187}},{"id":"와카바스시-묵동점","permalink":"","username":"asdfg","text":"멋쪄...포장이 멋져 음식도 맛있고..","date":"Mon Dec 10 23:59:44 +0000 2018","retweets":"30","favorites":"20","mentions":[],"hashtags":[],"geo":"","raw":"멋쪄...포장이 멋져 음식도 맛있고..","polarity":{"com":0.0035714285,"pos":0.16964285699999998,"neg":0.6017857145000001,"neut":0.007142857,"none":0.217857143},"intensity":{"high":0.0714285715,"low":0.182142857,"meium":0.5285714285,"none":0.217857143},"expressive":{"dir-action":0,"dir-explicit":0.34285714282857144,"dir-speech":0.149999999925,"indirect":0.2928571428535714,"writing-device":0.21428571439285712}},{"id":"와카바스시-묵동점","permalink":"","username":"asdfg","text":"맛도좋아요 배달도 빨라요 양도많아요","date":"Mon Dec 10 23:59:44 +0000 2018","retweets":"30","favorites":"20","mentions":[],"hashtags":[],"geo":"","raw":"맛도좋아요 배달도 빨라요 양도많아요","polarity":{"com":0,"pos":0.6492546585000001,"neg":0.32987577625,"neut":0.01086956525,"none":0.01},"intensity":{"high":0.2223602485,"low":0.13577639749999998,"meium":0.631863354,"none":0.01},"expressive":{"dir-action":0,"dir-explicit":0.3518633540879658,"dir-speech":0.3900621118475155,"indirect":0.24807453406201863,"writing-device":0.010000000002499999}},{"id":"와카바스시-묵동점","permalink":"","username":"asdfg","text":"맛이 독특합니다.\n잘 먹었습니다.","date":"Mon Dec 10 23:59:44 +0000 2018","retweets":"30","favorites":"20","mentions":[],"hashtags":[],"geo":"","raw":"맛이 독특합니다.\n잘 먹었습니다.","polarity":{"com":0,"pos":0.9047619049682539,"neg":0.07142857135714285,"neut":0.023809523674603175,"none":0},"intensity":{"high":0,"low":0.07142857133333333,"meium":0.9285714286666668,"none":0},"expressive":{"dir-action":0,"dir-explicit":0.07142857133333333,"dir-speech":0.380952381,"indirect":0.5476190476666667,"writing-device":0}},{"id":"와카바스시-묵동점","permalink":"","username":"asdfg","text":"잘 먹긴 했어요..\n가격대비 양이 적네요","date":"Mon Dec 10 23:59:44 +0000 2018","retweets":"30","favorites":"20","mentions":[],"hashtags":[],"geo":"","raw":"잘 먹긴 했어요..\n가격대비 양이 적네요","polarity":{"com":0.0022988506004597694,"pos":0.5723934983144786,"neg":0.2547775872509555,"neut":0.041561963608312394,"none":0.12896810022579364},"intensity":{"high":0.0797300788,"low":0.08162764519999999,"meium":0.7073753251999999,"none":0.1312669508},"expressive":{"dir-action":0.0022988505999999996,"dir-explicit":0.260996107,"dir-speech":0.1382963414,"indirect":0.437824948,"writing-device":0.160583753}},{"id":"와카바스시-묵동점","permalink":"","username":"asdfg","text":"음식 하나하나에 정성이~~^^\n미리 준비하지 않고ㅈ바로 음식을 만드니\n신선함과 식감이 남달라요\n특히 튀김은.....짱!!","date":"Mon Dec 10 23:59:44 +0000 2018","retweets":"30","favorites":"20","mentions":[],"hashtags":[],"geo":"","raw":"음식 하나하나에 정성이~~^^\n미리 준비하지 않고ㅈ바로 음식을 만드니\n신선함과 식감이 남달라요\n특히 튀김은.....짱!!","polarity":{"com":0.03097326962112834,"pos":0.49845628306269296,"neg":0.266648000216669,"neut":0.0631671707421041,"none":0.1407552763574056},"intensity":{"high":0.06342772339085694,"low":0.10638564302659641,"meium":0.6888806964222202,"none":0.14130593716032647},"expressive":{"dir-action":0.0005506607501376653,"dir-explicit":0.3814937530953734,"dir-speech":0.2671527725667882,"indirect":0.21574687642893672,"writing-device":0.135055937158764}},{"id":"와카바스시-묵동점","permalink":"","username":"asdfg","text":"맛있네요 양도 적당하고 배달도 빨랐어요.","date":"Mon Dec 10 23:59:44 +0000 2018","retweets":"30","favorites":"20","mentions":[],"hashtags":[],"geo":"","raw":"맛있네요 양도 적당하고 배달도 빨랐어요.","polarity":{"com":0.0062333762,"pos":0.5653796654,"neg":0.32697554700000003,"neut":0.0094637494,"none":0.091947662},"intensity":{"high":0.0513942514,"low":0.1063406262,"meium":0.7497168598,"none":0.0925482626},"expressive":{"dir-action":0.00060060059987988,"dir-explicit":0.09960531958007895,"dir-speech":0.4780180179043965,"indirect":0.3306563707338687,"writing-device":0.09111969118177607}},{"id":"와카바스시-묵동점","permalink":"","username":"asdfg","text":"퀄리티도 좋고 맛도 좋고 배달도 생각보다 일찍와서 좋았습니다. 고민하다 시켯는데 시키길 잘했네요~","date":"Mon Dec 10 23:59:44 +0000 2018","retweets":"30","favorites":"20","mentions":[],"hashtags":[],"geo":"","raw":"퀄리티도 좋고 맛도 좋고 배달도 생각보다 일찍와서 좋았습니다. 고민하다 시켯는데 시키길 잘했네요~","polarity":{"com":0,"pos":0.7059090909090909,"neg":0.22999999999999998,"neut":0.022727272727272728,"none":0.041363636363636366},"intensity":{"high":0.07727272727272728,"low":0.10121212118181819,"meium":0.7801515151818181,"none":0.04136363636363637},"expressive":{"dir-action":0,"dir-explicit":0.371969697,"dir-speech":0.4143939393636364,"indirect":0.17227272727272727,"writing-device":0.04136363636363636}},{"id":"와카바스시-묵동점","permalink":"","username":"asdfg","text":"튀김이 조금 눅눅하지만 초밥은 맛있어요!!!","date":"Mon Dec 10 23:59:44 +0000 2018","retweets":"30","favorites":"20","mentions":[],"hashtags":[],"geo":"","raw":"튀김이 조금 눅눅하지만 초밥은 맛있어요!!!","polarity":{"com":0.023936727,"pos":0.46675429266666674,"neg":0.43538565799999995,"neut":0.051679021666666665,"none":0.022244300666666664},"intensity":{"high":0.1071786337381191,"low":0.11727863141151909,"meium":0.7508290045005527,"none":0.024713730349809154},"expressive":{"dir-action":0.00246942966748981,"dir-explicit":0.33253188977751064,"dir-speech":0.336881868112294,"indirect":0.3034030821011343,"writing-device":0.024713730341571243}},{"id":"와카바스시-묵동점","permalink":"","username":"asdfg","text":"맛있어여~~~양도 적당하구|~~~","date":"Mon Dec 10 23:59:44 +0000 2018","retweets":"30","favorites":"20","mentions":[],"hashtags":[],"geo":"","raw":"맛있어여~~~양도 적당하구|~~~","polarity":{"com":0,"pos":1,"neg":0,"neut":0,"none":0},"intensity":{"high":0,"low":0,"meium":1,"none":0},"expressive":{"dir-action":0,"dir-explicit":0,"dir-speech":0,"indirect":1,"writing-device":0}},{"id":"와카바스시-묵동점","permalink":"","username":"asdfg","text":"항상 신선하고 맛있네요~\n비싸긴해요~ \n중랑구 상권에서~","date":"Mon Dec 10 23:59:44 +0000 2018","retweets":"30","favorites":"20","mentions":[],"hashtags":[],"geo":"","raw":"항상 신선하고 맛있네요~\n비싸긴해요~ \n중랑구 상권에서~","polarity":{"com":0.0038709677999999997,"pos":0.36839434579999997,"neg":0.30199830860000004,"neut":0.2302573396,"none":0.0954790382},"intensity":{"high":0.03469856220693971,"low":0.23670895244734177,"meium":0.6326833395265367,"none":0.09590914581918183},"expressive":{"dir-action":0.0012903225997419356,"dir-explicit":0.19875075516024984,"dir-speech":0.5858910232828217,"indirect":0.09386975958122605,"writing-device":0.12019813937596037}},{"id":"와카바스시-묵동점","permalink":"","username":"asdfg","text":"잘먹고 생각해보니까 콜라가 안왔네요...","date":"Mon Dec 10 23:59:44 +0000 2018","retweets":"30","favorites":"20","mentions":[],"hashtags":[],"geo":"","raw":"잘먹고 생각해보니까 콜라가 안왔네요...","polarity":{"com":0.004464285750000001,"pos":0.49715909100000005,"neg":0.26055194800000003,"neut":0.23112824675000004,"none":0.006696428500000001},"intensity":{"high":0.06290584425000001,"low":0.148538961,"meium":0.77962662325,"none":0.0089285715},"expressive":{"dir-action":0,"dir-explicit":0.26095779225,"dir-speech":0.375202922,"indirect":0.35714285725,"writing-device":0.0066964285}},{"id":"와카바스시-묵동점","permalink":"","username":"asdfg","text":"퇴근 후 피곤해서 손 까닥하기 싫고\n고생한 날 토닥토닥 달래주고 싶은 날.\n고급진 초밥과 따끈한 우동이 참 좋았어요\n흥하세요!","date":"Mon Dec 10 23:59:44 +0000 2018","retweets":"30","favorites":"20","mentions":[],"hashtags":[],"geo":"","raw":"퇴근 후 피곤해서 손 까닥하기 싫고\n고생한 날 토닥토닥 달래주고 싶은 날.\n고급진 초밥과 따끈한 우동이 참 좋았어요\n흥하세요!","polarity":{"com":0.08951798891666667,"pos":0.42337164225,"neg":0.46162692599999994,"neut":0.017084144,"none":0.008399298833333334},"intensity":{"high":0.04663549433721963,"low":0.03103097550258591,"meium":0.9131376624094281,"none":0.009195867750766322},"expressive":{"dir-action":0.0011549918334295827,"dir-explicit":0.3033656436086138,"dir-speech":0.3371622688614302,"indirect":0.34930043944577505,"writing-device":0.009016656250751388}},{"id":"와카바스시-묵동점","permalink":"","username":"asdfg","text":"리뷰쓰겠다고 하면 사이다 서비스로 주신다했는데\n사이다 없네요\n맛은 괜찮아요 또 주문할생각은 있습니다","date":"Mon Dec 10 23:59:44 +0000 2018","retweets":"30","favorites":"20","mentions":[],"hashtags":[],"geo":"","raw":"리뷰쓰겠다고 하면 사이다 서비스로 주신다했는데\n사이다 없네요\n맛은 괜찮아요 또 주문할생각은 있습니다","polarity":{"com":0.0062833209992145846,"pos":0.47763404819029576,"neg":0.3810648418273669,"neut":0.036536158120432975,"none":0.0984816308626898},"intensity":{"high":0.0711171921072207,"low":0.1788202854552949,"meium":0.6486617004628347,"none":0.1014008219746498},"expressive":{"dir-action":0.013606869626700857,"dir-explicit":0.14198109189274763,"dir-speech":0.46914722793364344,"indirect":0.2509749154063719,"writing-device":0.12428989514053625}},{"id":"와카바스시-묵동점","permalink":"","username":"asdfg","text":"맛있네요. 근데 멍게회덮밥은 그닥 멍게가 없네요","date":"Mon Dec 10 23:59:44 +0000 2018","retweets":"30","favorites":"20","mentions":[],"hashtags":[],"geo":"","raw":"맛있네요. 근데 멍게회덮밥은 그닥 멍게가 없네요","polarity":{"com":0.005649717664783427,"pos":0.2112366602629211,"neg":0.7049591964316803,"neut":0.029817953656727347,"none":0.048336471983887845},"intensity":{"high":0.08945386069648459,"low":0.08223477702741158,"meium":0.7799748902599917,"none":0.04833647201611215},"expressive":{"dir-action":0,"dir-explicit":0.2755806655748064,"dir-speech":0.5753295668082234,"indirect":0.10075329563308223,"writing-device":0.048336471983887845}},{"id":"와카바스시-묵동점","permalink":"","username":"asdfg","text":"이번엔 조금 별로였어요 ㅜㅜ","date":"Mon Dec 10 23:59:44 +0000 2018","retweets":"30","favorites":"20","mentions":[],"hashtags":[],"geo":"","raw":"이번엔 조금 별로였어요 ㅜㅜ","polarity":{"com":0.005718954251429738,"pos":0.4257703081064426,"neg":0.44642857161160715,"neut":0.046685340761671336,"none":0.07539682526884921},"intensity":{"high":0.03979925300994981,"low":0.07994864601998715,"meium":0.8048552757012137,"none":0.0753968252688492},"expressive":{"dir-action":0,"dir-explicit":0.39425770325000004,"dir-speech":0.2173202615,"indirect":0.30415499525,"writing-device":0.08426704}},{"id":"와카바스시-묵동점","permalink":"","username":"asdfg","text":"사진도찍어놨어야하는데 초밥을보면 이성을 잃어버려서....다음번에 배달왔을땐 꼭 사진먼저 찍어놀께요.\n가격은 생각보다 저렴한편은 아닌데요.\n배달용기랑 배달포장상태 너무 맘에들어요.\n그리고 초밥은 진짜 너무 맛있고 또 맛있고 계속맛있어요.\n학생들이 이용하기엔 부담스럽지만 직장인들이라면 그렇게 부담스러운가격은 아니라고 생각합니다.\n맛이 아주 좋아요.","date":"Mon Dec 10 23:59:44 +0000 2018","retweets":"30","favorites":"20","mentions":[],"hashtags":[],"geo":"","raw":"사진도찍어놨어야하는데 초밥을보면 이성을 잃어버려서....다음번에 배달왔을땐 꼭 사진먼저 찍어놀께요.\n가격은 생각보다 저렴한편은 아닌데요.\n배달용기랑 배달포장상태 너무 맘에들어요.\n그리고 초밥은 진짜 너무 맛있고 또 맛있고 계속맛있어요.\n학생들이 이용하기엔 부담스럽지만 직장인들이라면 그렇게 부담스러운가격은 아니라고 생각합니다.\n맛이 아주 좋아요.","polarity":{"com":0.0207648860864031,"pos":0.4969385850737996,"neg":0.376008263055058,"neut":0.0423673396727323,"none":0.06392092611200698},"intensity":{"high":0.1350410969666164,"low":0.07363996329195177,"meium":0.726842056508034,"none":0.06447688323339772},"expressive":{"dir-action":0.015703457561594726,"dir-explicit":0.21416461271426437,"dir-speech":0.38883490439214724,"indirect":0.3128071239375542,"writing-device":0.06848990139443939}},{"id":"와카바스시-묵동점","permalink":"","username":"asdfg","text":"언제나 신선 맛있는집","date":"Mon Dec 10 23:59:44 +0000 2018","retweets":"30","favorites":"20","mentions":[],"hashtags":[],"geo":"","raw":"언제나 신선 맛있는집","polarity":{"com":0,"pos":0.25,"neg":0.75,"neut":0,"none":0},"intensity":{"high":0,"low":0.0833333335,"meium":0.9166666665000001,"none":0},"expressive":{"dir-action":0,"dir-explicit":0,"dir-speech":1,"indirect":0,"writing-device":0}},{"id":"와카바스시-묵동점","permalink":"","username":"asdfg","text":"항상 신선하고 맛있습니다 ㅎ","date":"Mon Dec 10 23:59:44 +0000 2018","retweets":"30","favorites":"20","mentions":[],"hashtags":[],"geo":"","raw":"항상 신선하고 맛있습니다 ㅎ","polarity":{"com":0.006451612999999999,"pos":0.505376344,"neg":0.4508960573333334,"neut":0.027956989333333335,"none":0.009318996333333334},"intensity":{"high":0.04659498199999999,"low":0.038709677333333324,"meium":0.9046594983333333,"none":0.010035842333333331},"expressive":{"dir-action":0.002150537666666667,"dir-explicit":0.271326165,"dir-speech":0.5982078853333334,"indirect":0.11899641566666667,"writing-device":0.009318996333333334}},{"id":"와카바스시-묵동점","permalink":"","username":"asdfg","text":"맛있어요 잘 먹었습니다\n감사합니다!","date":"Mon Dec 10 23:59:44 +0000 2018","retweets":"30","favorites":"20","mentions":[],"hashtags":[],"geo":"","raw":"맛있어요 잘 먹었습니다\n감사합니다!!!!!!!!!!","polarity":{"com":0,"pos":0.5714285715238094,"neg":0.40476190480158736,"neut":0.023809523674603175,"none":0},"intensity":{"high":0.3333333333333333,"low":0.07142857133333333,"meium":0.5952380953333334,"none":0},"expressive":{"dir-action":0,"dir-explicit":0.07142857133333333,"dir-speech":0.7142857143333333,"indirect":0.21428571433333332,"writing-device":0}},{"id":"와카바스시-묵동점","permalink":"","username":"asdfg","text":"우동은짜고매밀은이맛도저맛도아니고배달은너무느리고모든음식이맛이없습니다","date":"Mon Dec 10 23:59:44 +0000 2018","retweets":"30","favorites":"20","mentions":[],"hashtags":[],"geo":"","raw":"우동은짜고매밀은이맛도저맛도아니고배달은너무느리고모든음식이맛이없습니다","polarity":{"com":0.025949056625,"pos":0.54238389875,"neg":0.39602440725,"neut":0.026066739499999998,"none":0.009575897875},"intensity":{"high":0.06965462540112048,"low":0.09459106116047165,"meium":0.8190488074321434,"none":0.016705506006264567},"expressive":{"dir-action":0.0005506607500688325,"dir-explicit":0.26993466453374176,"dir-speech":0.6220147688277519,"indirect":0.09737334726217166,"writing-device":0.010126558626265818}},{"id":"와카바스시-묵동점","permalink":"","username":"asdfg","text":"시간은50잡고\n배달은 1시간20분만에오고\n맛을떠나서\n시간약속은 진짜 최악입니다\n늦으면 먼저 죄송합니다라는\n말부터나와야 정상인데\n곧출발한다는 거짓부터 \n너무하네요","date":"Mon Dec 10 23:59:44 +0000 2018","retweets":"30","favorites":"20","mentions":[],"hashtags":[],"geo":"","raw":"시간은50잡고\n배달은 1시간20분만에오고\n맛을떠나서\n시간약속은 진짜 최악입니다\n늦으면 먼저 죄송합니다라는\n말부터나와야 정상인데\n곧출발한다는 거짓부터 \n너무하네요","polarity":{"com":0.0184309215,"pos":0.475074473,"neg":0.42925097616666663,"neut":0.06732852316666667,"none":0.009915106166666666},"intensity":{"high":0.13703917144444444,"low":0.058073897,"meium":0.7946855175555555,"none":0.010201413999999999},"expressive":{"dir-action":0.004493510388888889,"dir-explicit":0.14032134038888888,"dir-speech":0.542011394,"indirect":0.30309181555555553,"writing-device":0.010081939666666666}},{"id":"와카바스시-묵동점","permalink":"","username":"asdfg","text":"맛있어요 ㅎ 신선하고요","date":"Mon Dec 10 23:59:44 +0000 2018","retweets":"30","favorites":"20","mentions":[],"hashtags":[],"geo":"","raw":"맛있어요 ㅎ 신선하고요","polarity":{"com":0.009677419499999998,"pos":0.25806451599999997,"neg":0.676344086,"neut":0.041935483999999995,"none":0.013978494499999997},"intensity":{"high":0.069892473,"low":0.058064516,"meium":0.8569892475,"none":0.0150537635},"expressive":{"dir-action":0.0032258065,"dir-explicit":0.1569892475,"dir-speech":0.647311828,"indirect":0.1784946235,"writing-device":0.0139784945}},{"id":"와카바스시-묵동점","permalink":"","username":"asdfg","text":"둘이서 간단히 안주로 좋아요","date":"Mon Dec 10 23:59:44 +0000 2018","retweets":"30","favorites":"20","mentions":[],"hashtags":[],"geo":"","raw":"둘이서 간단히 안주로 좋아요","polarity":{"com":0.010279001333333334,"pos":0.7839060206666667,"neg":0.16017621133333332,"neut":0.029368575666666664,"none":0.016270191},"intensity":{"high":0.101908957367303,"low":0.0573861966857954,"meium":0.822966226274322,"none":0.01773861967257954},"expressive":{"dir-action":0.0014684286671561428,"dir-explicit":0.33803230544601076,"dir-speech":0.18707782672902598,"indirect":0.4556828194852276,"writing-device":0.01773861967257954}},{"id":"와카바스시-묵동점","permalink":"","username":"asdfg","text":"맛없네요..\n특모듬초밥, 우동,냉모밀\n이게 무슨 특인지...\n우동은 짜고..\n냉모밀은 무슨 맛인지도 모르겠고\n국물에 와사비만 잔뜩 들어가 있어서 두젓가락 먹고 버립니다..\n에이..돈버리고 입맛 버렸네요..","date":"Mon Dec 10 23:59:44 +0000 2018","retweets":"30","favorites":"20","mentions":[],"hashtags":[],"geo":"","raw":"맛없네요..\n특모듬초밥, 우동,냉모밀\n이게 무슨 특인지...\n우동은 짜고..\n냉모밀은 무슨 맛인지도 모르겠고\n국물에 와사비만 잔뜩 들어가 있어서 두젓가락 먹고 버립니다..\n에이..돈버리고 입맛 버렸네요..","polarity":{"com":0.004731176917060931,"pos":0.34252548611187705,"neg":0.4705351538725445,"neut":0.08004849409000403,"none":0.10215968900851329},"intensity":{"high":0.12870966869884404,"low":0.07997694935332757,"meium":0.6891536929222883,"none":0.1021596890255399},"expressive":{"dir-action":0,"dir-explicit":0.22891652685240976,"dir-speech":0.508787206792399,"indirect":0.17452823151454405,"writing-device":0.08776803484064735}},{"id":"와카바스시-묵동점","permalink":"","username":"asdfg","text":"눈오는날 배달해주셔서 너무감사합니다 애들이랑 잘 먹었습니다","date":"Mon Dec 10 23:59:44 +0000 2018","retweets":"30","favorites":"20","mentions":[],"hashtags":[],"geo":"","raw":"눈오는날 배달해주셔서 너무감사합니다 애들이랑 잘 먹었습니다","polarity":{"com":0.09736668872819525,"pos":0.41277156020182454,"neg":0.4477068246353867,"neut":0.03416721529059532,"none":0.007987711143998245},"intensity":{"high":0.060346719285714286,"low":0.08420013157142857,"meium":0.8468509985714286,"none":0.00860215057142857},"expressive":{"dir-action":0.0018433179999999998,"dir-explicit":0.2733816107142857,"dir-speech":0.21683124871428566,"indirect":0.4999561114285714,"writing-device":0.007987711142857143}},{"id":"와카바스시-묵동점","permalink":"","username":"asdfg","text":"급 초밥이 먹고싶어서 배달시켰는데요.\n진짜 너무 너무 맛있더라고요.\n생와사비도 들어있고 초밥집에서 먹는듯한 비쥬얼이었습니다.","date":"Mon Dec 10 23:59:44 +0000 2018","retweets":"30","favorites":"20","mentions":[],"hashtags":[],"geo":"","raw":"급 초밥이 먹고싶어서 배달시켰는데요.\n진짜 너무 너무 맛있더라고요.\n생와사비도 들어있고 초밥집에서 먹는듯한 비쥬얼이었습니다.","polarity":{"com":0.022634757888888888,"pos":0.44531279633333326,"neg":0.4364255802222222,"neut":0.021543856555555557,"none":0.074083009},"intensity":{"high":0.07000036101555565,"low":0.09554329802123186,"meium":0.7598838557244187,"none":0.07457248523879391},"expressive":{"dir-action":0.000489476222222222,"dir-explicit":0.20130696099999998,"dir-speech":0.5474822136666665,"indirect":0.17476386544444442,"writing-device":0.07595748366666666}},{"id":"와카바스시-묵동점","permalink":"","username":"asdfg","text":"맛은 있는데 좀 비싼듯~ㅋ","date":"Mon Dec 10 23:59:44 +0000 2018","retweets":"30","favorites":"20","mentions":[],"hashtags":[],"geo":"","raw":"맛은 있는데 좀 비싼듯~ㅋ","polarity":{"com":0.00223214275,"pos":0.7098214285,"neg":0.12351190475000001,"neut":0.0089285715,"none":0.1555059525},"intensity":{"high":0.01116071424720982,"low":0.055059523986235114,"meium":0.7782738093054316,"none":0.1555059524611235},"expressive":{"dir-action":0,"dir-explicit":0.1907738095,"dir-speech":0.5346726190000001,"indirect":0.119047619,"writing-device":0.1555059525}},{"id":"와카바스시-묵동점","permalink":"","username":"asdfg","text":"일단 맛있고요. 신선합니다.","date":"Mon Dec 10 23:59:44 +0000 2018","retweets":"30","favorites":"20","mentions":[],"hashtags":[],"geo":"","raw":"일단 맛있고요. 신선합니다.","polarity":{"com":0.012012012,"pos":0.3063063065,"neg":0.153153153,"neut":0.0165165165,"none":0.512012012},"intensity":{"high":0.057057057,"low":0.042042042,"meium":0.3873873875,"none":0.5135135135},"expressive":{"dir-action":0.0015015015,"dir-explicit":0.156156156,"dir-speech":0.045045045,"indirect":0.283783784,"writing-device":0.5135135135}},{"id":"와카바스시-묵동점","permalink":"","username":"asdfg","text":"맛은 좋습니다 ㅎ 항상 배달은 늦는편 양은 조금 아쉬운듯","date":"Mon Dec 10 23:59:44 +0000 2018","retweets":"30","favorites":"20","mentions":[],"hashtags":[],"geo":"","raw":"맛은 좋습니다 ㅎ 항상 배달은 늦는편 양은 조금 아쉬운듯","polarity":{"com":0.00423728825,"pos":0.5998163841249999,"neg":0.311497175125,"neut":0.050141242875000006,"none":0.034307909624999994},"intensity":{"high":0.050423728756302966,"low":0.10139830501267479,"meium":0.8138700566017337,"none":0.03430790962928848},"expressive":{"dir-action":0,"dir-explicit":0.309463277,"dir-speech":0.39399717512499993,"indirect":0.26223163824999995,"writing-device":0.03430790962499999}},{"id":"와카바스시-묵동점","permalink":"","username":"asdfg","text":"두번째 주문이에요 알탕은 개운하게 맛있고 튀김도 맛있습니다 정성을 많이 들여서 인지 배달은 쫌 느린편이에요 ^^","date":"Mon Dec 10 23:59:44 +0000 2018","retweets":"30","favorites":"20","mentions":[],"hashtags":[],"geo":"","raw":"두번째 주문이에요 알탕은 개운하게 맛있고 튀김도 맛있습니다 정성을 많이 들여서 인지 배달은 쫌 느린편이에요 ^^","polarity":{"com":0.008364806544694108,"pos":0.4622325874125243,"neg":0.3803602053290582,"neut":0.07488086099319265,"none":0.07416153972053077},"intensity":{"high":0.06528794401187052,"low":0.11014496911093542,"meium":0.7501325468636604,"none":0.07443454001353354},"expressive":{"dir-action":0.0016380016362147272,"dir-explicit":0.43714448305116876,"dir-speech":0.3485437440592233,"indirect":0.12829558735197313,"writing-device":0.08437818390142017}},{"id":"와카바스시-묵동점","permalink":"","username":"asdfg","text":"맛은좋아요 싱싱ㅇ사고요  근데 양은 조금 적은듯합니다","date":"Mon Dec 10 23:59:44 +0000 2018","retweets":"30","favorites":"20","mentions":[],"hashtags":[],"geo":"","raw":"맛은좋아요 싱싱ㅇ사고요  근데 양은 조금 적은듯합니다","polarity":{"com":0,"pos":0.48,"neg":0.35375,"neut":0.15625,"none":0.01},"intensity":{"high":0.1125,"low":0.1975,"meium":0.6799999999999999,"none":0.01},"expressive":{"dir-action":0,"dir-explicit":0.4625,"dir-speech":0.33125,"indirect":0.19625,"writing-device":0.01}},{"id":"와카바스시-묵동점","permalink":"","username":"asdfg","text":"빠른배송,실망시키지 않는 퀄리티!\n잘 먹었습니다~^^","date":"Mon Dec 10 23:59:44 +0000 2018","retweets":"30","favorites":"20","mentions":[],"hashtags":[],"geo":"","raw":"빠른배송,실망시키지 않는 퀄리티!\n잘 먹었습니다~^^","polarity":{"com":0,"pos":0.7195767195731922,"neg":0.25661375675220455,"neut":0.023809523674603175,"none":0},"intensity":{"high":0.055555555648148146,"low":0.2010582009329806,"meium":0.7433862434188712,"none":0},"expressive":{"dir-action":0.018518518666666667,"dir-explicit":0.20105820100000002,"dir-speech":0.12169312166666667,"indirect":0.6587301586666667,"writing-device":0}},{"id":"와카바스시-묵동점","permalink":"","username":"asdfg","text":"고급진 맛이에요 맛있는데 고퀄인거 감안하는데도 양이 넘 적어요 ㅎㅎ 배송하시는분도 친절하시고 담번에 쟈주문 할께요","date":"Mon Dec 10 23:59:44 +0000 2018","retweets":"30","favorites":"20","mentions":[],"hashtags":[],"geo":"","raw":"고급진 맛이에요 맛있는데 고퀄인거 감안하는데도 양이 넘 적어요 ㅎㅎ 배송하시는분도 친절하시고 담번에 쟈주문 할께요","polarity":{"com":0.007925643428571428,"pos":0.42702564885714295,"neg":0.4551962183571428,"neut":0.04099322528571429,"none":0.06885926407142857},"intensity":{"high":0.10102401165728915,"low":0.04471939300638849,"meium":0.7849365016835623,"none":0.06932009365276001},"expressive":{"dir-action":0.0013824884999012507,"dir-explicit":0.27919253733720056,"dir-speech":0.3724356946876831,"indirect":0.24012481333999108,"writing-device":0.10686446613522398}},{"id":"와카바스시-묵동점","permalink":"","username":"asdfg","text":"싱싱한 회초밥,,이제 배달로도\n음식점에서처럼 즐길수가~~^^♡","date":"Mon Dec 10 23:59:44 +0000 2018","retweets":"30","favorites":"20","mentions":[],"hashtags":[],"geo":"","raw":"싱싱한 회초밥,,이제 배달로도\n음식점에서처럼 즐길수가~~^^♡","polarity":{"com":0.002380952333333333,"pos":0.48809523799999993,"neg":0.3595238096666667,"neut":0.004761904666666666,"none":0.14523809533333334},"intensity":{"high":0.18650793666666662,"low":0.038095238,"meium":0.63015873,"none":0.14523809533333332},"expressive":{"dir-action":0,"dir-explicit":0.22857142859047622,"dir-speech":0.4333333331888889,"indirect":0.19523809526825395,"writing-device":0.14285714295238094}},{"id":"와카바스시-묵동점","permalink":"","username":"asdfg","text":"알탕은 신선하공~우동도 맛나구요~연어초밥도 맛나네용! 또 주문해 먹어야겠네용~^^","date":"Mon Dec 10 23:59:44 +0000 2018","retweets":"30","favorites":"20","mentions":[],"hashtags":[],"geo":"","raw":"알탕은 신선하공~우동도 맛나구요~연어초밥도 맛나네용! 또 주문해 먹어야겠네용~^^","polarity":{"com":0.00722710085507797,"pos":0.31876694190892374,"neg":0.4325753604478357,"neut":0.033892827418887765,"none":0.2075377693692749},"intensity":{"high":0.10417347844345337,"low":0.1263334405894762,"meium":0.5616480917945212,"none":0.2078449891725493},"expressive":{"dir-action":0.0009216589996050033,"dir-explicit":0.2277714493309551,"dir-speech":0.41158201668075056,"indirect":0.12083274580535738,"writing-device":0.2388921291833319}},{"id":"와카바스시-묵동점","permalink":"","username":"asdfg","text":"추운날씨에도 배달이 빠르고 친절하세요^^ 음식도 정갈하고 맛있습니다 다음에 또 시킬게요ㅎㅎ","date":"Mon Dec 10 23:59:44 +0000 2018","retweets":"30","favorites":"20","mentions":[],"hashtags":[],"geo":"","raw":"추운날씨에도 배달이 빠르고 친절하세요^^ 음식도 정갈하고 맛있습니다 다음에 또 시킬게요ㅎㅎ","polarity":{"com":0.007208072124098992,"pos":0.3375212769578099,"neg":0.46808859556648885,"neut":0.01818442862272695,"none":0.1689976267288753},"intensity":{"high":0.06745166825,"low":0.053598068,"meium":0.709308444375,"none":0.169641819375},"expressive":{"dir-action":0.0011818269997045433,"dir-explicit":0.14257206521435697,"dir-speech":0.4088035038977992,"indirect":0.2619981733095004,"writing-device":0.18544443057863888}},{"id":"와카바스시-묵동점","permalink":"","username":"asdfg","text":"맛과 양 모두 좋았어요 ^^","date":"Mon Dec 10 23:59:44 +0000 2018","retweets":"30","favorites":"20","mentions":[],"hashtags":[],"geo":"","raw":"맛과 양 모두 좋았어요 ^^","polarity":{"com":0,"pos":1,"neg":0,"neut":0,"none":0},"intensity":{"high":0,"low":0,"meium":1,"none":0},"expressive":{"dir-action":0,"dir-explicit":0,"dir-speech":1,"indirect":0,"writing-device":0}},{"id":"와카바스시-묵동점","permalink":"","username":"asdfg","text":"신선하고 맛도있고 근데 배달이1시간넘게  ㅜㅜ\n다음엔 너무기다리게하지마세요","date":"Mon Dec 10 23:59:44 +0000 2018","retweets":"30","favorites":"20","mentions":[],"hashtags":[],"geo":"","raw":"신선하고 맛도있고 근데 배달이1시간넘게  ㅜㅜ\n다음엔 너무기다리게하지마세요","polarity":{"com":0.004419740333824415,"pos":0.4994126826110459,"neg":0.38040420193115604,"neut":0.03153209622572579,"none":0.08423127889824793},"intensity":{"high":0.07382774410290804,"low":0.13343323865184079,"meium":0.706991650477001,"none":0.0857473667682503},"expressive":{"dir-action":0.0019939851115542188,"dir-explicit":0.12926556647317014,"dir-speech":0.5459748781213277,"indirect":0.23293920538509763,"writing-device":0.0898263649088503}},{"id":"와카바스시-묵동점","permalink":"","username":"asdfg","text":"방금 받아서 먹고 있는데 정말 맛있네요!\n잘 먹을게요!","date":"Mon Dec 10 23:59:44 +0000 2018","retweets":"30","favorites":"20","mentions":[],"hashtags":[],"geo":"","raw":"방금 받아서 먹고 있는데 정말 맛있네요!\n잘 먹을게요!","polarity":{"com":0,"pos":0.5784370198946092,"neg":0.3331413210832853,"neut":0.025921659006480417,"none":0.062500000015625},"intensity":{"high":0.18503584225,"low":0.1413850485,"meium":0.61107910925,"none":0.0625},"expressive":{"dir-action":0,"dir-explicit":0.3309011775,"dir-speech":0.32491679475,"indirect":0.28168202775,"writing-device":0.0625}},{"id":"와카바스시-묵동점","permalink":"","username":"asdfg","text":"밥 양이 조금만 줄어도 좋을 것 같아요! 맛있었어요 강추!!","date":"Mon Dec 10 23:59:44 +0000 2018","retweets":"30","favorites":"20","mentions":[],"hashtags":[],"geo":"","raw":"밥 양이 조금만 줄어도 좋을 것 같아요! 맛있었어요 강추!!","polarity":{"com":0.0061674008,"pos":0.32442286639999995,"neg":0.4354996662,"neut":0.046059373800000004,"none":0.1878506928},"intensity":{"high":0.08165819501633165,"low":0.14468812822893765,"meium":0.4849219266969844,"none":0.2887317500577464},"expressive":{"dir-action":0.0008810571999999999,"dir-explicit":0.40351868399999996,"dir-speech":0.2998923836,"indirect":0.11210433040000001,"writing-device":0.18360354480000002}},{"id":"와카바스시-묵동점","permalink":"","username":"asdfg","text":"정말 고급고급고급 초밥집! 싱싱","date":"Mon Dec 10 23:59:44 +0000 2018","retweets":"30","favorites":"20","mentions":[],"hashtags":[],"geo":"","raw":"정말 고급고급고급 초밥집! 싱싱","polarity":{"com":0,"pos":0.375,"neg":0.5,"neut":0,"none":0.125},"intensity":{"high":0.25,"low":0,"meium":0.625,"none":0.125},"expressive":{"dir-action":0,"dir-explicit":0.25,"dir-speech":0.125,"indirect":0.5,"writing-device":0.125}},{"id":"와카바스시-묵동점","permalink":"","username":"asdfg","text":"진짜 내가 생각하고 원하던 퀄&맛 최고.. 아쉽다면 와사비가 생각보다 적게 들어가서 그것만 따로챙겨주셧으면 좋았을텐데.. 무튼 최고 마지막으로 가격만 조금 더 내려놓으시면 대박일듯..b","date":"Mon Dec 10 23:59:44 +0000 2018","retweets":"30","favorites":"20","mentions":[],"hashtags":[],"geo":"","raw":"진짜 내가 생각하고 원하던 퀄&맛 최고.. 아쉽다면 와사비가 생각보다 적게 들어가서 그것만 따로챙겨주셧으면 좋았을텐데.. 무튼 최고 마지막으로 가격만 조금 더 내려놓으시면 대박일듯..b","polarity":{"com":0.0011160714374302454,"pos":0.47048024890809503,"neg":0.23653679654771645,"neut":0.21477610929907648,"none":0.07709077380768181},"intensity":{"high":0.0907264610568296,"low":0.036658549810208836,"meium":0.7949661795753147,"none":0.07764880955764696},"expressive":{"dir-action":0,"dir-explicit":0.19004103537500003,"dir-speech":0.35258049237500005,"indirect":0.38028769843750004,"writing-device":0.0770907738125}},{"id":"와카바스시-묵동점","permalink":"","username":"asdfg","text":"일단 빨리 와서 좋구요 마싯게 잘 먹겠습니다 !","date":"Mon Dec 10 23:59:44 +0000 2018","retweets":"30","favorites":"20","mentions":[],"hashtags":[],"geo":"","raw":"일단 빨리 와서 좋구요 마싯게 잘 먹겠습니다 !","polarity":{"com":0,"pos":0.42758974351448203,"neg":0.23364102575327178,"neut":0.13076923077384617,"none":0.20799999995840002},"intensity":{"high":0.0776068376,"low":0.0985982906,"meium":0.6157948717999999,"none":0.20800000000000002},"expressive":{"dir-action":0,"dir-explicit":0.22598290599999998,"dir-speech":0.43401709399999994,"indirect":0.132,"writing-device":0.20800000000000002}},{"id":"와카바스시-묵동점","permalink":"","username":"asdfg","text":"배달도 빠르고 맛있네요👍🏻","date":"Mon Dec 10 23:59:44 +0000 2018","retweets":"30","favorites":"20","mentions":[],"hashtags":[],"geo":"","raw":"배달도 빠르고 맛있네요👍🏻","polarity":{"com":0,"pos":0.6666666666666666,"neg":0.3333333333333333,"neut":0,"none":0},"intensity":{"high":0,"low":0.111111111,"meium":0.888888889,"none":0},"expressive":{"dir-action":0,"dir-explicit":0,"dir-speech":0.6666666666666666,"indirect":0.3333333333333333,"writing-device":0}},{"id":"와카바스시-묵동점","permalink":"","username":"asdfg","text":"맛있고 배달시간도 딱 지켜주시고 너무좋네요","date":"Mon Dec 10 23:59:44 +0000 2018","retweets":"30","favorites":"20","mentions":[],"hashtags":[],"geo":"","raw":"맛있고 배달시간도 딱 지켜주시고 너무좋네요","polarity":{"com":0.030000000000000006,"pos":0.47142857140000005,"neg":0.40857142860000006,"neut":0.0028571428000000003,"none":0.08714285720000002},"intensity":{"high":0.057142857199999994,"low":0.0514285714,"meium":0.8042857142000001,"none":0.0871428572},"expressive":{"dir-action":0,"dir-explicit":0.218095238,"dir-speech":0.5838095238000001,"indirect":0.11238095239999998,"writing-device":0.0857142858}},{"id":"와카바스시-묵동점","permalink":"","username":"asdfg","text":"맛있게 먹었어요.","date":"Mon Dec 10 23:59:44 +0000 2018","retweets":"30","favorites":"20","mentions":[],"hashtags":[],"geo":"","raw":"맛있게 먹었어요.","polarity":{"com":0,"pos":0.1666666665,"neg":0.8333333334999999,"neut":0,"none":0},"intensity":{"high":0.0555555555,"low":0.111111111,"meium":0.8333333334999999,"none":0},"expressive":{"dir-action":0,"dir-explicit":0.111111111,"dir-speech":0.888888889,"indirect":0,"writing-device":0}},{"id":"와카바스시-묵동점","permalink":"","username":"asdfg","text":"장어덮밥 주문했는데~ 깔끔하게 잘나왔구 장어 비린내없고 배달도 20분안에왔어용~맛있게잘먹었어요~~","date":"Mon Dec 10 23:59:44 +0000 2018","retweets":"30","favorites":"20","mentions":[],"hashtags":[],"geo":"","raw":"장어덮밥 주문했는데~ 깔끔하게 잘나왔구 장어 비린내없고 배달도 20분안에왔어용~맛있게잘먹었어요~~","polarity":{"com":0.00543018750203632,"pos":0.63480010886305,"neg":0.2075555097028333,"neut":0.13222089967458284,"none":0.019993294257497487},"intensity":{"high":0.04217688561972789,"low":0.15955119473005608,"meium":0.7766896577779138,"none":0.02158226187230222},"expressive":{"dir-action":0.000375375375,"dir-explicit":0.27100852575,"dir-speech":0.3445079095,"indirect":0.360098743,"writing-device":0.024009446375}}]