[{"id":"셰프의돈까스-광운대점","permalink":"","username":"asdfg","text":"전에 한번 시켰을때 다른 돈까스집과 소스가 다르고 직접 만든 느낌이 들어 좋았습니다\n근데 오늘은 그 소스가 조금 탄 맛이 났어요\n오므라이스는 불맛이 났는데 돈까스소스를 먹어보기 전까지는 그냥 불맛나게 볶으셨겠거니했지만 소스가 아마 같아서 탄맛이 났던것같아요ㅠ 겉으로만 봐서는 탄 부분이 드러나지않아서 몰랐지만 다음에 시킬때는 좀 더 신경써주셨으면 좋겠습니다\n배달은 엄청 빨라요!","date":"Mon Dec 10 23:59:44 +0000 2018","retweets":"30","favorites":"20","mentions":[],"hashtags":[],"geo":"","raw":"전에 한번 시켰을때 다른 돈까스집과 소스가 다르고 직접 만든 느낌이 들어 좋았습니다\n근데 오늘은 그 소스가 조금 탄 맛이 났어요\n오므라이스는 불맛이 났는데 돈까스소스를 먹어보기 전까지는 그냥 불맛나게 볶으셨겠거니했지만 소스가 아마 같아서 탄맛이 났던것같아요ㅠ 겉으로만 봐서는 탄 부분이 드러나지않아서 몰랐지만 다음에 시킬때는 좀 더 신경써주셨으면 좋겠습니다\n배달은 엄청 빨라요!","polarity":{"com":0.0031983435001881376,"pos":0.5528228601207542,"neg":0.2857352378991609,"neut":0.11543404841855492,"none":0.042809510061341725},"intensity":{"high":0.07033030635500973,"low":0.14378628147481728,"meium":0.742210625727712,"none":0.04367278644246096},"expressive":{"dir-action":0.0033865352350949097,"dir-explicit":0.17966115334237287,"dir-speech":0.5216089371751995,"indirect":0.24379982916212942,"writing-device":0.05154354508520333}},{"id":"셰프의돈까스-광운대점","permalink":"","username":"asdfg","text":"맛있네요  인정\n😘😁😗👴👴🤔😅😐😶","date":"Mon Dec 10 23:59:44 +0000 2018","retweets":"30","favorites":"20","mentions":[],"hashtags":[],"geo":"","raw":"맛있네요  인정\n😘😁😗👴👴🤔😅😐😶","polarity":{"com":0.007625272333333333,"pos":0.128540305,"neg":0.7592592593333333,"neut":0.030501089333333332,"none":0.074074074},"intensity":{"high":0.04248366001416121,"low":0.027233115342411036,"meium":0.8562091506187364,"none":0.07407407402469135},"expressive":{"dir-action":0,"dir-explicit":0.13943355133333335,"dir-speech":0.7342047930000001,"indirect":0.04575163400000001,"writing-device":0.08061002166666668}},{"id":"셰프의돈까스-광운대점","permalink":"","username":"asdfg","text":"맛있게 먹었습니다.","date":"Mon Dec 10 23:59:44 +0000 2018","retweets":"30","favorites":"20","mentions":[],"hashtags":[],"geo":"","raw":"맛있게 먹었습니다.","polarity":{"com":0,"pos":0.1666666665,"neg":0.8333333334999999,"neut":0,"none":0},"intensity":{"high":0.0555555555,"low":0.111111111,"meium":0.8333333334999999,"none":0},"expressive":{"dir-action":0,"dir-explicit":0.111111111,"dir-speech":0.888888889,"indirect":0,"writing-device":0}},{"id":"셰프의돈까스-광운대점","permalink":"","username":"asdfg","text":"냉모밀 오징어링 새우튀김 이롷게 3개 시켜서 만오천원나왔어요 다양하게 먹고싶어서 시켯는대\n오징어링은 공장애서만들어진거 튀긴것이고 새우는 그나마 봐줄만하고 냉모밀도 이미다만들어진육수에 모밀만 삶아서 가져온거 먹어보면 바로알겟더라고요 도대체 뭐가 쉐프의돈까스집인지 공장음식 튀겨다가 주실거면 편의점가서 백종원도시락이나 사먹을걸하고 후회만됩니다 저블랙리스트등록하세요 다신안시켜먹을겁니다.","date":"Mon Dec 10 23:59:44 +0000 2018","retweets":"30","favorites":"20","mentions":[],"hashtags":[],"geo":"","raw":"냉모밀 오징어링 새우튀김 이롷게 3개 시켜서 만오천원나왔어요 다양하게 먹고싶어서 시켯는대\n오징어링은 공장애서만들어진거 튀긴것이고 새우는 그나마 봐줄만하고 냉모밀도 이미다만들어진육수에 모밀만 삶아서 가져온거 먹어보면 바로알겟더라고요 도대체 뭐가 쉐프의돈까스집인지 공장음식 튀겨다가 주실거면 편의점가서 백종원도시락이나 사먹을걸하고 후회만됩니다 저블랙리스트등록하세요 다신안시켜먹을겁니다.","polarity":{"com":0.004832831969989866,"pos":0.38026642920486464,"neg":0.3910916824782479,"neut":0.0646258552160379,"none":0.1591832011308596},"intensity":{"high":0.08665485065616305,"low":0.16239031470758902,"meium":0.5890168125952707,"none":0.1619380220409772},"expressive":{"dir-action":0.003848003848368243,"dir-explicit":0.17607896872193707,"dir-speech":0.4907028398942211,"indirect":0.12688769311736706,"writing-device":0.20248249441810662}},{"id":"셰프의돈까스-광운대점","permalink":"","username":"asdfg","text":"맛있어요~~~~~~","date":"Mon Dec 10 23:59:44 +0000 2018","retweets":"30","favorites":"20","mentions":[],"hashtags":[],"geo":"","raw":"맛있어요~~~~~~","polarity":{"com":0,"pos":0,"neg":1,"neut":0,"none":0},"intensity":{"high":0,"low":0,"meium":1,"none":0},"expressive":{"dir-action":0,"dir-explicit":0,"dir-speech":1,"indirect":0,"writing-device":0}},{"id":"셰프의돈까스-광운대점","permalink":"","username":"asdfg","text":"늘맛있어요  타르타르가 좀 부족한거빼고는요~","date":"Mon Dec 10 23:59:44 +0000 2018","retweets":"30","favorites":"20","mentions":[],"hashtags":[],"geo":"","raw":"늘맛있어요  타르타르가 좀 부족한거빼고는요~","polarity":{"com":0.004464285750000001,"pos":0.10267857150000001,"neg":0.8660714285000001,"neut":0.020089285750000005,"none":0.0066964285000000005},"intensity":{"high":0.0401785715,"low":0.02678571425,"meium":0.92410714275,"none":0.0089285715},"expressive":{"dir-action":0,"dir-explicit":0.15625,"dir-speech":0.515625,"indirect":0.19642857149999998,"writing-device":0.1316964285}},{"id":"셰프의돈까스-광운대점","permalink":"","username":"asdfg","text":"야채는 좋았지만 고기능\n신선하지 않아서인지\n섞였는지 모르지만 \n냄새가 조금나네요","date":"Mon Dec 10 23:59:44 +0000 2018","retweets":"30","favorites":"20","mentions":[],"hashtags":[],"geo":"","raw":"야채는 좋았지만 고기능\n신선하지 않아서인지\n섞였는지 모르지만 \n냄새가 조금나네요","polarity":{"com":0.0032258065005376342,"pos":0.13893155818982195,"neg":0.6601041134433507,"neut":0.12985151052164193,"none":0.06788701134464784},"intensity":{"high":0.195255163,"low":0.20903737833333333,"meium":0.5274620243333333,"none":0.06824543433333334},"expressive":{"dir-action":0.0010752688333333334,"dir-explicit":0.27878477566666665,"dir-speech":0.16021505383333334,"indirect":0.48939238766666665,"writing-device":0.070532514}},{"id":"셰프의돈까스-광운대점","permalink":"","username":"asdfg","text":"새우 볶음밥 맛있어요","date":"Mon Dec 10 23:59:44 +0000 2018","retweets":"30","favorites":"20","mentions":[],"hashtags":[],"geo":"","raw":"새우 볶음밥 맛있어요","polarity":{"com":0,"pos":0,"neg":1,"neut":0,"none":0},"intensity":{"high":0,"low":0,"meium":1,"none":0},"expressive":{"dir-action":0,"dir-explicit":0,"dir-speech":1,"indirect":0,"writing-device":0}},{"id":"셰프의돈까스-광운대점","permalink":"","username":"asdfg","text":"짱짱짱~~~~~~~~","date":"Mon Dec 10 23:59:44 +0000 2018","retweets":"30","favorites":"20","mentions":[],"hashtags":[],"geo":"","raw":"짱짱짱~~~~~~~~","polarity":{"com":null,"pos":null,"neg":null,"neut":null,"none":null},"intensity":{"high":null,"low":null,"meium":null,"none":null},"expressive":{"dir-action":null,"dir-explicit":null,"dir-speech":null,"indirect":null,"writing-device":null}},{"id":"셰프의돈까스-광운대점","permalink":"","username":"asdfg","text":"처음시켜 먹었는데 맛있네요..소스맛이 독특해요.. 담엔 매운맛으로 먹어보고 싶네요..","date":"Mon Dec 10 23:59:44 +0000 2018","retweets":"30","favorites":"20","mentions":[],"hashtags":[],"geo":"","raw":"처음시켜 먹었는데 맛있네요..소스맛이 독특해요.. 담엔 매운맛으로 먹어보고 싶네요..","polarity":{"com":0.023065476247116815,"pos":0.47867063481516614,"neg":0.4429563493196304,"neut":0.02232142849720982,"none":0.03298611112087674},"intensity":{"high":0.052579365125,"low":0.09573412687499999,"meium":0.818700396875,"none":0.032986111125},"expressive":{"dir-action":0,"dir-explicit":0.15277777775,"dir-speech":0.638640873125,"indirect":0.16840277775,"writing-device":0.040178571375}},{"id":"셰프의돈까스-광운대점","permalink":"","username":"asdfg","text":"양이 어마어마했습니다 혼자먹다 죽을뻔했네요","date":"Mon Dec 10 23:59:44 +0000 2018","retweets":"30","favorites":"20","mentions":[],"hashtags":[],"geo":"","raw":"양이 어마어마했습니다 혼자먹다 죽을뻔했네요","polarity":{"com":0.01254796075,"pos":0.32029510675000006,"neg":0.36497086825,"neut":0.29299417375000003,"none":0.009191890500000001},"intensity":{"high":0.08915573227228893,"low":0.11762746102940685,"meium":0.7823859601955965,"none":0.010830846502707712},"expressive":{"dir-action":0.002714224750678556,"dir-explicit":0.4875744083718936,"dir-speech":0.35840872858960227,"indirect":0.14100942628525237,"writing-device":0.010293212002573302}},{"id":"셰프의돈까스-광운대점","permalink":"","username":"asdfg","text":"스페셜 돈까스랑 우동 먹었구요, 먹은지 좀 됐는데 후기 깜빡하고 있다가 지금 부랴부랴 씁니다^^; 우선 돈까스에 같이온 소스랑 피클 김치 등등 재료가 신선했어요^^ 밥도 그냥 하얀 쌀밥 아니라서 좋구요^^ 돈까스도 맛있고 다만 돈까스 량은 그리 많지 않다능...요즘 돈까스 배달은 가게들 모두 거의 다 양이 줄어든거 같긴하네요;;; 우동도 짜지 않고 맛있었어요^^  배달오신분도 친절하셨고 담에 또 먹을려구요^^","date":"Mon Dec 10 23:59:44 +0000 2018","retweets":"30","favorites":"20","mentions":[],"hashtags":[],"geo":"","raw":"스페셜 돈까스랑 우동 먹었구요, 먹은지 좀 됐는데 후기 깜빡하고 있다가 지금 부랴부랴 씁니다^^; 우선 돈까스에 같이온 소스랑 피클 김치 등등 재료가 신선했어요^^ 밥도 그냥 하얀 쌀밥 아니라서 좋구요^^ 돈까스도 맛있고 다만 돈까스 량은 그리 많지 않다능...요즘 돈까스 배달은 가게들 모두 거의 다 양이 줄어든거 같긴하네요;;; 우동도 짜지 않고 맛있었어요^^  배달오신분도 친절하셨고 담에 또 먹을려구요^^","polarity":{"com":0.006252818784821027,"pos":0.3122559449196778,"neg":0.47685814653902026,"neut":0.026238967031965862,"none":0.1783941227245151},"intensity":{"high":0.09072959802599326,"low":0.09970194452503195,"meium":0.6178689780052284,"none":0.1916994794437465},"expressive":{"dir-action":0.004118091785420136,"dir-explicit":0.2295448339121753,"dir-speech":0.41650832282739225,"indirect":0.1356725042760234,"writing-device":0.21415624719898885}},{"id":"셰프의돈까스-광운대점","permalink":"","username":"asdfg","text":"양도 적당하고 맛있습니다","date":"Mon Dec 10 23:59:44 +0000 2018","retweets":"30","favorites":"20","mentions":[],"hashtags":[],"geo":"","raw":"양도 적당하고 맛있습니다","polarity":{"com":0,"pos":0.5,"neg":0.5,"neut":0,"none":0},"intensity":{"high":0,"low":0,"meium":1,"none":0},"expressive":{"dir-action":0,"dir-explicit":0,"dir-speech":0.5,"indirect":0.5,"writing-device":0}},{"id":"셰프의돈까스-광운대점","permalink":"","username":"asdfg","text":"양도많고배달도빠릅니다","date":"Mon Dec 10 23:59:44 +0000 2018","retweets":"30","favorites":"20","mentions":[],"hashtags":[],"geo":"","raw":"양도많고배달도빠릅니다","polarity":{"com":0,"pos":0.7971014493333333,"neg":0.18840579699999999,"neut":0.014492753666666663,"none":0},"intensity":{"high":0.08695652169565217,"low":0.18357487906119163,"meium":0.7294685992431562,"none":0},"expressive":{"dir-action":0,"dir-explicit":0.17391304339130437,"dir-speech":0.40579710146859904,"indirect":0.4202898551400967,"writing-device":0}},{"id":"셰프의돈까스-광운대점","permalink":"","username":"asdfg","text":"양 정말 많아용\n소스를 조금 충분히 주면 좋겠어요","date":"Mon Dec 10 23:59:44 +0000 2018","retweets":"30","favorites":"20","mentions":[],"hashtags":[],"geo":"","raw":"양 정말 많아용\n소스를 조금 충분히 주면 좋겠어요","polarity":{"com":0.011146496752786625,"pos":0.8124044587031011,"neg":0.09280254777320063,"neut":0.011146496752786625,"none":0.072500000018125},"intensity":{"high":0.4584394905,"low":0.040254777,"meium":0.4288057325,"none":0.0725},"expressive":{"dir-action":0.0031847134984076433,"dir-explicit":0.6237261144381369,"dir-speech":0.19211783440394103,"indirect":0.10687898094656052,"writing-device":0.0740923567129538}},{"id":"셰프의돈까스-광운대점","permalink":"","username":"asdfg","text":"돈까스 양도 많고 오징어링 빠삭빠삭해서 맛있았어요 ㅎㅎ","date":"Mon Dec 10 23:59:44 +0000 2018","retweets":"30","favorites":"20","mentions":[],"hashtags":[],"geo":"","raw":"돈까스 양도 많고 오징어링 빠삭빠삭해서 맛있았어요 ㅎㅎ","polarity":{"com":0.0057471265,"pos":0.356571714,"neg":0.48375812100000004,"neut":0.056221889,"none":0.0977011495},"intensity":{"high":0.18790604700000002,"low":0.17191404300000002,"meium":0.536731634,"none":0.103448276},"expressive":{"dir-action":0.0057471265057471264,"dir-explicit":0.3413293353413293,"dir-speech":0.3155922038155922,"indirect":0.2223888057223888,"writing-device":0.11494252861494253}},{"id":"셰프의돈까스-광운대점","permalink":"","username":"asdfg","text":"맛있고 깔끔해요 배달 예정 시간보다 8분 정도 일찍 도착했어요 믿음 가는 곳","date":"Mon Dec 10 23:59:44 +0000 2018","retweets":"30","favorites":"20","mentions":[],"hashtags":[],"geo":"","raw":"맛있고 깔끔해요 배달 예정 시간보다 8분 정도 일찍 도착했어요 믿음 가는 곳","polarity":{"com":0.0265745008533465,"pos":0.37135176637552114,"neg":0.362288786519673,"neut":0.1881720431159754,"none":0.05161290313548387},"intensity":{"high":0.07949308757142859,"low":0.18801843314285716,"meium":0.6805683564285715,"none":0.05192012285714287},"expressive":{"dir-action":0.0009216589999999999,"dir-explicit":0.19009216599999998,"dir-speech":0.6135176651428571,"indirect":0.14385560671428568,"writing-device":0.05161290314285714}},{"id":"셰프의돈까스-광운대점","permalink":"","username":"asdfg","text":"굿","date":"Mon Dec 10 23:59:44 +0000 2018","retweets":"30","favorites":"20","mentions":[],"hashtags":[],"geo":"","raw":"굿","polarity":{"com":0,"pos":1,"neg":0,"neut":0,"none":0},"intensity":{"high":0,"low":0,"meium":1,"none":0},"expressive":{"dir-action":0,"dir-explicit":0,"dir-speech":0,"indirect":1,"writing-device":0}},{"id":"셰프의돈까스-광운대점","permalink":"","username":"asdfg","text":"배달도 빠르고 맛있어서 항상 여기에 주문하는데\n오늘은 바삭함이 덜하고 좀 기름지네요. ㅜㅜ\n그래도 아이는 잘 먹네요 ^^\n옥수수 많이 주셔서 감사해요.","date":"Mon Dec 10 23:59:44 +0000 2018","retweets":"30","favorites":"20","mentions":[],"hashtags":[],"geo":"","raw":"배달도 빠르고 맛있어서 항상 여기에 주문하는데\n오늘은 바삭함이 덜하고 좀 기름지네요. ㅜㅜ\n그래도 아이는 잘 먹네요 ^^\n옥수수 많이 주셔서 감사해요.","polarity":{"com":0.003982179750331849,"pos":0.7050224427254186,"neg":0.2620576615218382,"neut":0.02537864283544822,"none":0.0035590731669632564},"intensity":{"high":0.10061848226676974,"low":0.1246605344374434,"meium":0.770794802961799,"none":0.0039261803339876965},"expressive":{"dir-action":0.0003671071666972589,"dir-explicit":0.2622326077718527,"dir-speech":0.5182473511265205,"indirect":0.21522675360126892,"writing-device":0.0039261803336605155}},{"id":"셰프의돈까스-광운대점","permalink":"","username":"asdfg","text":"맛있어염 언능 배달시켜드세염","date":"Mon Dec 10 23:59:44 +0000 2018","retweets":"30","favorites":"20","mentions":[],"hashtags":[],"geo":"","raw":"맛있어염 언능 배달시켜드세염","polarity":{"com":0,"pos":1,"neg":0,"neut":0,"none":0},"intensity":{"high":0,"low":0,"meium":1,"none":0},"expressive":{"dir-action":0,"dir-explicit":0,"dir-speech":1,"indirect":0,"writing-device":0}},{"id":"셰프의돈까스-광운대점","permalink":"","username":"asdfg","text":"ㅇ","date":"Mon Dec 10 23:59:44 +0000 2018","retweets":"30","favorites":"20","mentions":[],"hashtags":[],"geo":"","raw":"ㅇㅇㅇㅇㅇㅇㅇㅇㅇㅇㅇㅇㅇㅇㅇ","polarity":{"com":null,"pos":null,"neg":null,"neut":null,"none":null},"intensity":{"high":null,"low":null,"meium":null,"none":null},"expressive":{"dir-action":null,"dir-explicit":null,"dir-speech":null,"indirect":null,"writing-device":null}},{"id":"셰프의돈까스-광운대점","permalink":"","username":"asdfg","text":"돈까스 완전 맛있어요!","date":"Mon Dec 10 23:59:44 +0000 2018","retweets":"30","favorites":"20","mentions":[],"hashtags":[],"geo":"","raw":"돈까스 완전 맛있어요!","polarity":{"com":0,"pos":0.5,"neg":0.5,"neut":0,"none":0},"intensity":{"high":0,"low":0,"meium":1,"none":0},"expressive":{"dir-action":0,"dir-explicit":0.5,"dir-speech":0,"indirect":0.5,"writing-device":0}},{"id":"셰프의돈까스-광운대점","permalink":"","username":"asdfg","text":"너무맛잇ㅋ고 따듯합니다","date":"Mon Dec 10 23:59:44 +0000 2018","retweets":"30","favorites":"20","mentions":[],"hashtags":[],"geo":"","raw":"너무맛잇ㅋ고 따듯합니다","polarity":{"com":0.063252328,"pos":0.3803635570000001,"neg":0.43278993266666665,"neut":0.041512100333333336,"none":0.082082082},"intensity":{"high":0.12814074570938022,"low":0.10288019103429341,"meium":0.6858959802286321,"none":0.08308308302769436},"expressive":{"dir-action":0.001001001,"dir-explicit":0.4340138456666667,"dir-speech":0.19280625166666665,"indirect":0.28255987099999996,"writing-device":0.08961903066666667}},{"id":"셰프의돈까스-광운대점","permalink":"","username":"asdfg","text":"돈까스보다 모밀이 더 맛있었어요 ㅋㅋ","date":"Mon Dec 10 23:59:44 +0000 2018","retweets":"30","favorites":"20","mentions":[],"hashtags":[],"geo":"","raw":"돈까스보다 모밀이 더 맛있었어요 ㅋㅋ","polarity":{"com":0,"pos":1,"neg":0,"neut":0,"none":0},"intensity":{"high":0,"low":0,"meium":1,"none":0},"expressive":{"dir-action":0,"dir-explicit":0,"dir-speech":1,"indirect":0,"writing-device":0}},{"id":"셰프의돈까스-광운대점","permalink":"","username":"asdfg","text":"오늘 처음시켜먹었는데 맛이있고 양도푸짐해서좋았습니다","date":"Mon Dec 10 23:59:44 +0000 2018","retweets":"30","favorites":"20","mentions":[],"hashtags":[],"geo":"","raw":"오늘 처음시켜먹었는데 맛이있고 양도푸짐해서좋았습니다","polarity":{"com":0.0293016229951164,"pos":0.6056338480657277,"neg":0.24323359079279444,"neut":0.011457886498090354,"none":0.11037305164827119},"intensity":{"high":0.078311347,"low":0.06664628916666666,"meium":0.7441688116666666,"none":0.11087355216666668},"expressive":{"dir-action":0.0005005004999165833,"dir-explicit":0.26944623178842564,"dir-speech":0.4502994065916168,"indirect":0.16888030897185327,"writing-device":0.11087355214818775}},{"id":"셰프의돈까스-광운대점","permalink":"","username":"asdfg","text":"아주 맛있게 잘먹었어요 양이 좀 아쉬웠어요ㅠㅠ","date":"Mon Dec 10 23:59:44 +0000 2018","retweets":"30","favorites":"20","mentions":[],"hashtags":[],"geo":"","raw":"아주 맛있게 잘먹었어요 양이 좀 아쉬웠어요ㅠㅠ","polarity":{"com":0,"pos":0.8214285716071428,"neg":0.15476190471825396,"neut":0.023809523674603175,"none":0},"intensity":{"high":0.08333333333333333,"low":0.07142857133333333,"meium":0.8452380953333334,"none":0},"expressive":{"dir-action":0,"dir-explicit":0.20476190466666666,"dir-speech":0.33095238099999996,"indirect":0.4642857143333334,"writing-device":0}},{"id":"셰프의돈까스-광운대점","permalink":"","username":"asdfg","text":"맛있고 배달 빠르고 좋았는데요 ㅠㅠㅠ\n\n매운맛 소스 추가한거를 안가져다주셨네요 ㅠㅠ....다음번에는 좀더 세세하게 봐주시길\n부탁드려요~~~~","date":"Mon Dec 10 23:59:44 +0000 2018","retweets":"30","favorites":"20","mentions":[],"hashtags":[],"geo":"","raw":"맛있고 배달 빠르고 좋았는데요 ㅠㅠㅠ\n\n매운맛 소스 추가한거를 안가져다주셨네요 ㅠㅠ....다음번에는 좀더 세세하게 봐주시길\n부탁드려요~~~~","polarity":{"com":0.00481987366720221,"pos":0.5129113291681013,"neg":0.41882566515764735,"neut":0.037460232893051136,"none":0.025982899113998106},"intensity":{"high":0.08868278800000001,"low":0.09018240966666666,"meium":0.7945792875555555,"none":0.026555514777777775},"expressive":{"dir-action":0.001050512888888889,"dir-explicit":0.3043541814444444,"dir-speech":0.47469041622222213,"indirect":0.1293246548888889,"writing-device":0.09058023455555557}},{"id":"셰프의돈까스-광운대점","permalink":"","username":"asdfg","text":"잠깐 어디 나갔다온사이 막내동생이 배달온거 받았는데\n배달원분 아주 친절했다구해요 \n먹기전사진찍고  먹어보니 돈까스 엄청두툼하거 바삭바삭했어요 감사히잘먹겠습니다","date":"Mon Dec 10 23:59:44 +0000 2018","retweets":"30","favorites":"20","mentions":[],"hashtags":[],"geo":"","raw":"잠깐 어디 나갔다온사이 막내동생이 배달온거 받았는데\n배달원분 아주 친절했다구해요 \n먹기전사진찍고  먹어보니 돈까스 엄청두툼하거 바삭바삭했어요 감사히잘먹겠습니다","polarity":{"com":0.028215673504030817,"pos":0.38575989676939426,"neg":0.3804620027686375,"neut":0.16516934166645275,"none":0.04039308529148473},"intensity":{"high":0.04161975492857143,"low":0.14524675442857143,"meium":0.771451114142857,"none":0.0416823765},"expressive":{"dir-action":0.00159651085737093,"dir-explicit":0.12840893637548703,"dir-speech":0.5310521147187217,"indirect":0.2600573496085796,"writing-device":0.07888508843984073}},{"id":"셰프의돈까스-광운대점","permalink":"","username":"asdfg","text":"결제 완료 주문완료 뜨는데 음식은 배달받지 못했습니다.\n업체 전화도 연결되지 않고 요기요 고객센터또한 연결되지 않고...\n환불조치 부탁드립니다","date":"Mon Dec 10 23:59:44 +0000 2018","retweets":"30","favorites":"20","mentions":[],"hashtags":[],"geo":"","raw":"결제 완료 주문완료 뜨는데 음식은 배달받지 못했습니다.\n업체 전화도 연결되지 않고 요기요 고객센터또한 연결되지 않고...\n환불조치 부탁드립니다","polarity":{"com":0.09099576274241704,"pos":0.44647445154612714,"neg":0.3484447696376296,"neut":0.02505326074791223,"none":0.08903175532591402},"intensity":{"high":0.10660753267555065,"low":0.04525614617043802,"meium":0.7598947957299912,"none":0.08824152542402014},"expressive":{"dir-action":0,"dir-explicit":0.25521613,"dir-speech":0.22637626758333332,"indirect":0.4293758470833333,"writing-device":0.08903175533333334}},{"id":"셰프의돈까스-광운대점","permalink":"","username":"asdfg","text":"김.볶~ 오.라~~ 돈까스\n다 맛있어여~^^","date":"Mon Dec 10 23:59:44 +0000 2018","retweets":"30","favorites":"20","mentions":[],"hashtags":[],"geo":"","raw":"김.볶~ 오.라~~ 돈까스\n다 맛있어여~^^","polarity":{"com":0,"pos":0.714285714,"neg":0,"neut":0,"none":0.285714286},"intensity":{"high":0.28571428571428575,"low":0,"meium":0.42857142857142866,"none":0.28571428571428575},"expressive":{"dir-action":0,"dir-explicit":0.42857142857142866,"dir-speech":0.28571428571428575,"indirect":0,"writing-device":0.28571428571428575}},{"id":"셰프의돈까스-광운대점","permalink":"","username":"asdfg","text":"오므라이스 소스가맛있는데 너무 적어요 그리고 돈까스매운소스 추가했는데 맛이별루예요..좀많이... 그리고 콜라은 펩시네요ㅠㅠ 팹시치고는 가격이비싸요ㅜㅜ 다음에는 오므라이스랑 기본돈까스만 딱시켜야겠어요..","date":"Mon Dec 10 23:59:44 +0000 2018","retweets":"30","favorites":"20","mentions":[],"hashtags":[],"geo":"","raw":"오므라이스 소스가맛있는데 너무 적어요 그리고 돈까스매운소스 추가했는데 맛이별루예요..좀많이... 그리고 콜라은 펩시네요ㅠㅠ 팹시치고는 가격이비싸요ㅜㅜ 다음에는 오므라이스랑 기본돈까스만 딱시켜야겠어요..","polarity":{"com":0.04699277916469065,"pos":0.42429433363637564,"neg":0.4400765064861715,"neut":0.03800708300877087,"none":0.05062929770399138},"intensity":{"high":0.07039533954387656,"low":0.07890462685222341,"meium":0.7988796285229907,"none":0.05182040508090925},"expressive":{"dir-action":0.0008351460769873189,"dir-explicit":0.2017487331693653,"dir-speech":0.5418319240416793,"indirect":0.2041464150157036,"writing-device":0.051437781696264444}},{"id":"셰프의돈까스-광운대점","permalink":"","username":"asdfg","text":"정말 맛있습니다 감사합니당","date":"Mon Dec 10 23:59:44 +0000 2018","retweets":"30","favorites":"20","mentions":[],"hashtags":[],"geo":"","raw":"정말 맛있습니다 감사합니당","polarity":{"com":0,"pos":0.875,"neg":0,"neut":0,"none":0.125},"intensity":{"high":0.75,"low":0,"meium":0.125,"none":0.125},"expressive":{"dir-action":0,"dir-explicit":0.25,"dir-speech":0.625,"indirect":0,"writing-device":0.125}},{"id":"셰프의돈까스-광운대점","permalink":"","username":"asdfg","text":"왕돈까스가 생각 보다 양이 적어서 아쉬웠어요. 오징어링도 통오징어가 아니라 다진 거라 맛이 이상해요. 후추맛만 강해서 먹기 힘들었어요. 소스랑도 어울리지 않고.. 좀 실망스러웠어요 ㅜㅜ","date":"Mon Dec 10 23:59:44 +0000 2018","retweets":"30","favorites":"20","mentions":[],"hashtags":[],"geo":"","raw":"왕돈까스가 생각 보다 양이 적어서 아쉬웠어요. 오징어링도 통오징어가 아니라 다진 거라 맛이 이상해요. 후추맛만 강해서 먹기 힘들었어요. 소스랑도 어울리지 않고.. 좀 실망스러웠어요 ㅜㅜ","polarity":{"com":0.005987394928143757,"pos":0.5110294117492121,"neg":0.422353941612689,"neut":0.02759353742660046,"none":0.03303571428335459},"intensity":{"high":0.14639189008188513,"low":0.13585600900970402,"meium":0.6840786314774342,"none":0.033673469430976675},"expressive":{"dir-action":0,"dir-explicit":0.2644674536239666,"dir-speech":0.48862628382224094,"indirect":0.21438075234182993,"writing-device":0.03252551021196247}},{"id":"셰프의돈까스-광운대점","permalink":"","username":"asdfg","text":"배달 진짜 빨랐어요 ..!!","date":"Mon Dec 10 23:59:44 +0000 2018","retweets":"30","favorites":"20","mentions":[],"hashtags":[],"geo":"","raw":"배달 진짜 빨랐어요 ..!!","polarity":{"com":0,"pos":1,"neg":0,"neut":0,"none":0},"intensity":{"high":0,"low":0.1666666665,"meium":0.8333333334999999,"none":0},"expressive":{"dir-action":0,"dir-explicit":0,"dir-speech":0.5,"indirect":0.5,"writing-device":0}},{"id":"셰프의돈까스-광운대점","permalink":"","username":"asdfg","text":"일단 배달. 55분 걸린다고 문자왔는데\n30분도 안되서 왔네요. 최고.\n김치볶음밥 다른덴 맵고짜기만 하던데 여긴 괜찮았어요. \n간도 적당, 계란후라이도 뻣뻣하지 않고 방금 해준 맛.\n돈까스도 냄새 하나 안나고 부드럽고 고기가 담백하네요.\n돈가스 소스도 식상한?맛 아니고 약간 새콤달콤 맛있네요. 재배달 의사80%이상.","date":"Mon Dec 10 23:59:44 +0000 2018","retweets":"30","favorites":"20","mentions":[],"hashtags":[],"geo":"","raw":"일단 배달. 55분 걸린다고 문자왔는데\n30분도 안되서 왔네요. 최고.\n김치볶음밥 다른덴 맵고짜기만 하던데 여긴 괜찮았어요. \n간도 적당, 계란후라이도 뻣뻣하지 않고 방금 해준 맛.\n돈까스도 냄새 하나 안나고 부드럽고 고기가 담백하네요.\n돈가스 소스도 식상한?맛 아니고 약간 새콤달콤 맛있네요. 재배달 의사80%이상.","polarity":{"com":0.02525960313153303,"pos":0.4399689794539118,"neg":0.2813073997513612,"neut":0.09909040004778656,"none":0.15437361761540758},"intensity":{"high":0.09392322825678592,"low":0.07704286530099812,"meium":0.6738994080141782,"none":0.15513449842803761},"expressive":{"dir-action":0.0007608808259877113,"dir-explicit":0.27483732392067345,"dir-speech":0.28105266861551487,"indirect":0.28814680500589396,"writing-device":0.15520232163193015}},{"id":"셰프의돈까스-광운대점","permalink":"","username":"asdfg","text":"맛있게 잘 먹었습니다","date":"Mon Dec 10 23:59:44 +0000 2018","retweets":"30","favorites":"20","mentions":[],"hashtags":[],"geo":"","raw":"맛있게 잘 먹었습니다","polarity":{"com":0,"pos":0.35714285717857136,"neg":0.6071428573035714,"neut":0.03571428551785714,"none":0},"intensity":{"high":0,"low":0.107142857,"meium":0.8928571430000001,"none":0},"expressive":{"dir-action":0,"dir-explicit":0.107142857,"dir-speech":0.5714285715,"indirect":0.3214285715,"writing-device":0}},{"id":"셰프의돈까스-광운대점","permalink":"","username":"asdfg","text":"상당히 괜찮았어요 배달도 빠르고","date":"Mon Dec 10 23:59:44 +0000 2018","retweets":"30","favorites":"20","mentions":[],"hashtags":[],"geo":"","raw":"상당히 괜찮았어요 배달도 빠르고","polarity":{"com":0,"pos":0.642857143,"neg":0.357142857,"neut":0,"none":0},"intensity":{"high":0.21428571439285712,"low":0.3095238093452381,"meium":0.47619047626190475,"none":0},"expressive":{"dir-action":0,"dir-explicit":0.142857143,"dir-speech":0.0714285715,"indirect":0.7857142855,"writing-device":0}},{"id":"셰프의돈까스-광운대점","permalink":"","username":"asdfg","text":"굿","date":"Mon Dec 10 23:59:44 +0000 2018","retweets":"30","favorites":"20","mentions":[],"hashtags":[],"geo":"","raw":"굿","polarity":{"com":0,"pos":1,"neg":0,"neut":0,"none":0},"intensity":{"high":0,"low":0,"meium":1,"none":0},"expressive":{"dir-action":0,"dir-explicit":0,"dir-speech":0,"indirect":1,"writing-device":0}},{"id":"셰프의돈까스-광운대점","permalink":"","username":"asdfg","text":"맛은 보통이상이지만\n가격대비로는 \n페밀리세트 별로였어요 \n딱 보통","date":"Mon Dec 10 23:59:44 +0000 2018","retweets":"30","favorites":"20","mentions":[],"hashtags":[],"geo":"","raw":"맛은 보통이상이지만\n가격대비로는 \n페밀리세트 별로였어요 \n딱 보통","polarity":{"com":0.003812636167302106,"pos":0.6588468721098079,"neg":0.23511904770585318,"neut":0.05195689384199281,"none":0.05026455017504409},"intensity":{"high":0.04736616867456103,"low":0.07413243067902207,"meium":0.8282368504713729,"none":0.05026455017504409},"expressive":{"dir-action":0,"dir-explicit":0.1378384688333333,"dir-speech":0.37404684099999996,"indirect":0.4319366635,"writing-device":0.056178026666666665}},{"id":"셰프의돈까스-광운대점","permalink":"","username":"asdfg","text":"배달빠르고 맛있습니다","date":"Mon Dec 10 23:59:44 +0000 2018","retweets":"30","favorites":"20","mentions":[],"hashtags":[],"geo":"","raw":"배달빠르고 맛있습니다","polarity":{"com":0,"pos":0.5,"neg":0.5,"neut":0,"none":0},"intensity":{"high":0,"low":0,"meium":1,"none":0},"expressive":{"dir-action":0,"dir-explicit":0,"dir-speech":1,"indirect":0,"writing-device":0}},{"id":"셰프의돈까스-광운대점","permalink":"","username":"asdfg","text":"돈가스는 소스맛이고 치즈돈가스인데 얇고 치즈맛 별로 안났어요 새우볶음밥은 불맛나고 맛있었어요 김치 많이 줘서 좋음","date":"Mon Dec 10 23:59:44 +0000 2018","retweets":"30","favorites":"20","mentions":[],"hashtags":[],"geo":"","raw":"돈가스는 소스맛이고 치즈돈가스인데 얇고 치즈맛 별로 안났어요 새우볶음밥은 불맛나고 맛있었어요 김치 많이 줘서 좋음","polarity":{"com":0.005379982636852726,"pos":0.5525887091411444,"neg":0.3505254589409569,"neut":0.049147431549922495,"none":0.04235841773112349},"intensity":{"high":0.0830160793787302,"low":0.10609749020110865,"meium":0.768332509230606,"none":0.04255392118955526},"expressive":{"dir-action":0.0005865102727272728,"dir-explicit":0.24290163372727272,"dir-speech":0.6060256629090909,"indirect":0.09922042454545453,"writing-device":0.05126576854545455}},{"id":"셰프의돈까스-광운대점","permalink":"","username":"asdfg","text":"짜지않고 맛있어요~~","date":"Mon Dec 10 23:59:44 +0000 2018","retweets":"30","favorites":"20","mentions":[],"hashtags":[],"geo":"","raw":"짜지않고 맛있어요~~","polarity":{"com":0,"pos":0,"neg":1,"neut":0,"none":0},"intensity":{"high":0,"low":0,"meium":1,"none":0},"expressive":{"dir-action":0,"dir-explicit":0,"dir-speech":1,"indirect":0,"writing-device":0}},{"id":"셰프의돈까스-광운대점","permalink":"","username":"asdfg","text":"양도푸짐하고 맛도 좋았습니다~^^","date":"Mon Dec 10 23:59:44 +0000 2018","retweets":"30","favorites":"20","mentions":[],"hashtags":[],"geo":"","raw":"양도푸짐하고 맛도 좋았습니다~^^","polarity":{"com":0.008008008,"pos":0.8442042043333333,"neg":0.11543543533333332,"neut":0.011011011000000001,"none":0.021341341333333333},"intensity":{"high":0.10470470466666666,"low":0.04136136133333334,"meium":0.8315915916666666,"none":0.022342342333333334},"expressive":{"dir-action":0.0010010010000000003,"dir-explicit":0.30410410400000004,"dir-speech":0.43003003,"indirect":0.2425225226666667,"writing-device":0.022342342333333338}},{"id":"셰프의돈까스-광운대점","permalink":"","username":"asdfg","text":"그냥 돈까스 최고에요 진짜 맛있었어요❤️","date":"Mon Dec 10 23:59:44 +0000 2018","retweets":"30","favorites":"20","mentions":[],"hashtags":[],"geo":"","raw":"그냥 돈까스 최고에요 진짜 맛있었어요❤️","polarity":{"com":0,"pos":0.2962962963333333,"neg":0.7037037036666667,"neut":0,"none":0},"intensity":{"high":0.2592592593333333,"low":0,"meium":0.7407407406666667,"none":0},"expressive":{"dir-action":0,"dir-explicit":0,"dir-speech":0.6666666666666666,"indirect":0.3333333333333333,"writing-device":0}},{"id":"셰프의돈까스-광운대점","permalink":"","username":"asdfg","text":"김볶에 옥수수콘만 빼면 카레 짱 맛있었습니다","date":"Mon Dec 10 23:59:44 +0000 2018","retweets":"30","favorites":"20","mentions":[],"hashtags":[],"geo":"","raw":"김볶에 옥수수콘만 빼면 카레 짱 맛있었습니다","polarity":{"com":0,"pos":0.08974358954487177,"neg":0.6666666668333333,"neut":0.02564102551282051,"none":0.21794871810897434},"intensity":{"high":0.0512820515,"low":0.0256410255,"meium":0.7051282050000001,"none":0.217948718},"expressive":{"dir-action":0,"dir-explicit":0.1153846155,"dir-speech":0.6282051280000001,"indirect":0.0512820515,"writing-device":0.205128205}},{"id":"셰프의돈까스-광운대점","permalink":"","username":"asdfg","text":"오늘은 돈까스가 조금 탔네요. 색이 좀 전체적으로 어두웠어요. 그랴도 잘 먹었습니다","date":"Mon Dec 10 23:59:44 +0000 2018","retweets":"30","favorites":"20","mentions":[],"hashtags":[],"geo":"","raw":"오늘은 돈까스가 조금 탔네요. 색이 좀 전체적으로 어두웠어요. 그랴도 잘 먹었습니다","polarity":{"com":0.005992736142857143,"pos":0.5448950765714285,"neg":0.3598351205714286,"neut":0.018363023142857145,"none":0.07091404357142857},"intensity":{"high":0.07376820786768117,"low":0.15417771616488254,"meium":0.6998645220999806,"none":0.07218955386745565},"expressive":{"dir-action":0,"dir-explicit":0.2791604212458343,"dir-speech":0.36422854451939596,"indirect":0.28671739881618324,"writing-device":0.06989363541858662}},{"id":"셰프의돈까스-광운대점","permalink":"","username":"asdfg","text":"맛있고 빠른배달!!","date":"Mon Dec 10 23:59:44 +0000 2018","retweets":"30","favorites":"20","mentions":[],"hashtags":[],"geo":"","raw":"맛있고 빠른배달!!","polarity":{"com":0,"pos":0.6666666666666666,"neg":0.3333333333333333,"neut":0,"none":0},"intensity":{"high":0,"low":0.111111111,"meium":0.888888889,"none":0},"expressive":{"dir-action":0,"dir-explicit":0,"dir-speech":0.6666666666666666,"indirect":0.3333333333333333,"writing-device":0}},{"id":"셰프의돈까스-광운대점","permalink":"","username":"asdfg","text":"수제돈까스 푸짐하고 두툼하고 잡내없이 맛있어요~ 딸은 함박돈가스 먹었는데 부드럽다고 맛있게 많이 먹었구요!^^ 앞으로 돈가스는 여기로 결정했습니다~ 은근 입맛까다로운 남편도 맛있다고 하네요!","date":"Mon Dec 10 23:59:44 +0000 2018","retweets":"30","favorites":"20","mentions":[],"hashtags":[],"geo":"","raw":"수제돈까스 푸짐하고 두툼하고 잡내없이 맛있어요~ 딸은 함박돈가스 먹었는데 부드럽다고 맛있게 많이 먹었구요!^^ 앞으로 돈가스는 여기로 결정했습니다~ 은근 입맛까다로운 남편도 맛있다고 하네요!","polarity":{"com":0.03497139381687142,"pos":0.3067901418508488,"neg":0.5916036518864505,"neut":0.042782377755347795,"none":0.023852434690481556},"intensity":{"high":0.04140615550000001,"low":0.21578967675,"meium":0.717857966875,"none":0.024946200875},"expressive":{"dir-action":0.0010937661875,"dir-explicit":0.1670645308125,"dir-speech":0.492392938125,"indirect":0.30165705225,"writing-device":0.037791712625}},{"id":"셰프의돈까스-광운대점","permalink":"","username":"asdfg","text":"역시 맛있어요\n매장가면 사람 많아서 기다리는경우가 있는데요 자주이용할께요","date":"Mon Dec 10 23:59:44 +0000 2018","retweets":"30","favorites":"20","mentions":[],"hashtags":[],"geo":"","raw":"역시 맛있어요\n매장가면 사람 많아서 기다리는경우가 있는데요 자주이용할께요","polarity":{"com":0.011111111202222222,"pos":0.5666666667133333,"neg":0.2888888888577778,"neut":0.06666666661333334,"none":0.06666666661333334},"intensity":{"high":0,"low":0.30000000006,"meium":0.6333333333266667,"none":0.06666666661333334},"expressive":{"dir-action":0,"dir-explicit":0.10000000002000001,"dir-speech":0.38888888887777784,"indirect":0.4444444444888889,"writing-device":0.06666666661333334}},{"id":"셰프의돈까스-광운대점","permalink":"","username":"asdfg","text":"굿","date":"Mon Dec 10 23:59:44 +0000 2018","retweets":"30","favorites":"20","mentions":[],"hashtags":[],"geo":"","raw":"굿","polarity":{"com":0,"pos":1,"neg":0,"neut":0,"none":0},"intensity":{"high":0,"low":0,"meium":1,"none":0},"expressive":{"dir-action":0,"dir-explicit":0,"dir-speech":0,"indirect":1,"writing-device":0}},{"id":"셰프의돈까스-광운대점","permalink":"","username":"asdfg","text":"먹을만합니다..잘먹었어요","date":"Mon Dec 10 23:59:44 +0000 2018","retweets":"30","favorites":"20","mentions":[],"hashtags":[],"geo":"","raw":"먹을만합니다..잘먹었어요","polarity":{"com":0,"pos":0.5238095237619048,"neg":0.4404761907202381,"neut":0.035714285517857144,"none":0},"intensity":{"high":0.0555555555,"low":0.218253968,"meium":0.7261904765,"none":0},"expressive":{"dir-action":0,"dir-explicit":0.218253968,"dir-speech":0.4603174605,"indirect":0.3214285715,"writing-device":0}},{"id":"셰프의돈까스-광운대점","permalink":"","username":"asdfg","text":"음 료도. 같이주문. 했는데.  바쁜시간. 이라. 누락. 된거같아요\n다음번주문. 할때.  같이보내주세요","date":"Mon Dec 10 23:59:44 +0000 2018","retweets":"30","favorites":"20","mentions":[],"hashtags":[],"geo":"","raw":"음 료도. 같이주문. 했는데.  바쁜시간. 이라. 누락. 된거같아요\n다음번주문. 할때.  같이보내주세요","polarity":{"com":0.009134246164383103,"pos":0.35288163691177954,"neg":0.49497313429292333,"neut":0.0508989093206086,"none":0.09211207331030531},"intensity":{"high":0.17386544088768907,"low":0.1513271266414455,"meium":0.5807796503198701,"none":0.09402778215099539},"expressive":{"dir-action":0.0019157088333333332,"dir-explicit":0.23420853258333332,"dir-speech":0.4156670870833334,"indirect":0.16283273558333333,"writing-device":0.18537593591666668}},{"id":"셰프의돈까스-광운대점","permalink":"","username":"asdfg","text":"맛있게 잘먹었습니다~~","date":"Mon Dec 10 23:59:44 +0000 2018","retweets":"30","favorites":"20","mentions":[],"hashtags":[],"geo":"","raw":"맛있게 잘먹었습니다~~","polarity":{"com":0,"pos":0.35714285717857136,"neg":0.6071428573035714,"neut":0.03571428551785714,"none":0},"intensity":{"high":0,"low":0.107142857,"meium":0.8928571430000001,"none":0},"expressive":{"dir-action":0,"dir-explicit":0.107142857,"dir-speech":0.5714285715,"indirect":0.3214285715,"writing-device":0}},{"id":"셰프의돈까스-광운대점","permalink":"","username":"asdfg","text":"치즈돈까스를 시켰는데 맛은 있지만 고기가 조금 얇습니다. 오징어링은 생각한 것 처럼 통오징어가 아니라 다진오징어를 튀긴거네요... 소스는 시중의 소스보다 야채가 많이 들어 새콤란 맛이 납니다. 반찬 푸짐하고 맛있게 잘 막었습니다. 돼따","date":"Mon Dec 10 23:59:44 +0000 2018","retweets":"30","favorites":"20","mentions":[],"hashtags":[],"geo":"","raw":"치즈돈까스를 시켰는데 맛은 있지만 고기가 조금 얇습니다. 오징어링은 생각한 것 처럼 통오징어가 아니라 다진오징어를 튀긴거네요... 소스는 시중의 소스보다 야채가 많이 들어 새콤란 맛이 납니다. 반찬 푸짐하고 맛있게 잘 막었습니다. 돼따","polarity":{"com":0.012140474863636362,"pos":0.5042394670454545,"neg":0.32785457113636357,"neut":0.1056068527272727,"none":0.050158634227272715},"intensity":{"high":0.07064903236363636,"low":0.17169434754545454,"meium":0.707263734,"none":0.050392886090909084},"expressive":{"dir-action":0.0015878329086578638,"dir-explicit":0.27294051269828895,"dir-speech":0.42780329656514454,"indirect":0.24327516702456134,"writing-device":0.0543931908033473}},{"id":"셰프의돈까스-광운대점","permalink":"","username":"asdfg","text":"역시 맛나고\n양도 마나용~","date":"Mon Dec 10 23:59:44 +0000 2018","retweets":"30","favorites":"20","mentions":[],"hashtags":[],"geo":"","raw":"역시 맛나고\n양도 마나용~","polarity":{"com":0,"pos":0.3333333333333333,"neg":0,"neut":0.3333333333333333,"none":0.3333333333333333},"intensity":{"high":0,"low":0.3333333333333333,"meium":0.3333333333333333,"none":0.3333333333333333},"expressive":{"dir-action":0,"dir-explicit":0.3333333333333333,"dir-speech":0.3333333333333333,"indirect":0,"writing-device":0.3333333333333333}},{"id":"셰프의돈까스-광운대점","permalink":"","username":"asdfg","text":"가성비 좋네요~~맛나요~~","date":"Mon Dec 10 23:59:44 +0000 2018","retweets":"30","favorites":"20","mentions":[],"hashtags":[],"geo":"","raw":"가성비 좋네요~~맛나요~~","polarity":{"com":0,"pos":0.7006060606666666,"neg":0.195151515,"neut":0.060606060666666656,"none":0.043636363666666664},"intensity":{"high":0.09696969700000001,"low":0.073939394,"meium":0.7854545453333334,"none":0.04363636366666667},"expressive":{"dir-action":0,"dir-explicit":0.19999999999999998,"dir-speech":0.6727272726666667,"indirect":0.08363636366666667,"writing-device":0.04363636366666667}},{"id":"셰프의돈까스-광운대점","permalink":"","username":"asdfg","text":"맛있게 먹었어요 ^^","date":"Mon Dec 10 23:59:44 +0000 2018","retweets":"30","favorites":"20","mentions":[],"hashtags":[],"geo":"","raw":"맛있게 먹었어요 ^^","polarity":{"com":0,"pos":0.1666666665,"neg":0.8333333334999999,"neut":0,"none":0},"intensity":{"high":0.0555555555,"low":0.111111111,"meium":0.8333333334999999,"none":0},"expressive":{"dir-action":0,"dir-explicit":0.111111111,"dir-speech":0.888888889,"indirect":0,"writing-device":0}},{"id":"셰프의돈까스-광운대점","permalink":"","username":"asdfg","text":"맛있어요~ 잘 먹었어요~^^","date":"Mon Dec 10 23:59:44 +0000 2018","retweets":"30","favorites":"20","mentions":[],"hashtags":[],"geo":"","raw":"맛있어요~ 잘 먹었어요~^^","polarity":{"com":0,"pos":0.35714285717857136,"neg":0.6071428573035714,"neut":0.03571428551785714,"none":0},"intensity":{"high":0,"low":0.107142857,"meium":0.8928571430000001,"none":0},"expressive":{"dir-action":0,"dir-explicit":0.107142857,"dir-speech":0.5714285715,"indirect":0.3214285715,"writing-device":0}},{"id":"셰프의돈까스-광운대점","permalink":"","username":"asdfg","text":"굿","date":"Mon Dec 10 23:59:44 +0000 2018","retweets":"30","favorites":"20","mentions":[],"hashtags":[],"geo":"","raw":"굿","polarity":{"com":0,"pos":1,"neg":0,"neut":0,"none":0},"intensity":{"high":0,"low":0,"meium":1,"none":0},"expressive":{"dir-action":0,"dir-explicit":0,"dir-speech":0,"indirect":1,"writing-device":0}},{"id":"셰프의돈까스-광운대점","permalink":"","username":"asdfg","text":"맛있게 잘 먹었습니다.","date":"Mon Dec 10 23:59:44 +0000 2018","retweets":"30","favorites":"20","mentions":[],"hashtags":[],"geo":"","raw":"맛있게 잘 먹었습니다.","polarity":{"com":0,"pos":0.35714285717857136,"neg":0.6071428573035714,"neut":0.03571428551785714,"none":0},"intensity":{"high":0,"low":0.107142857,"meium":0.8928571430000001,"none":0},"expressive":{"dir-action":0,"dir-explicit":0.107142857,"dir-speech":0.5714285715,"indirect":0.3214285715,"writing-device":0}},{"id":"셰프의돈까스-광운대점","permalink":"","username":"asdfg","text":"굿","date":"Mon Dec 10 23:59:44 +0000 2018","retweets":"30","favorites":"20","mentions":[],"hashtags":[],"geo":"","raw":"굿","polarity":{"com":0,"pos":1,"neg":0,"neut":0,"none":0},"intensity":{"high":0,"low":0,"meium":1,"none":0},"expressive":{"dir-action":0,"dir-explicit":0,"dir-speech":0,"indirect":1,"writing-device":0}},{"id":"셰프의돈까스-광운대점","permalink":"","username":"asdfg","text":"쏘쏘..\n먹을만해요~","date":"Mon Dec 10 23:59:44 +0000 2018","retweets":"30","favorites":"20","mentions":[],"hashtags":[],"geo":"","raw":"쏘쏘..\n먹을만해요~","polarity":{"com":0,"pos":0.333333333,"neg":0.666666667,"neut":0,"none":0},"intensity":{"high":0.111111111,"low":0.222222222,"meium":0.666666667,"none":0},"expressive":{"dir-action":0,"dir-explicit":0.222222222,"dir-speech":0.777777778,"indirect":0,"writing-device":0}},{"id":"셰프의돈까스-광운대점","permalink":"","username":"asdfg","text":"이번에도 맛있게 잘 먹었습니다~ 짜지 않아 넘 맘에 들어요~^^","date":"Mon Dec 10 23:59:44 +0000 2018","retweets":"30","favorites":"20","mentions":[],"hashtags":[],"geo":"","raw":"이번에도 맛있게 잘 먹었습니다~ 짜지 않아 넘 맘에 들어요~^^","polarity":{"com":0.0017857142504464287,"pos":0.2321428570580357,"neg":0.6357142859089285,"neut":0.021428571255357142,"none":0.10892857152723215},"intensity":{"high":0.03571428575,"low":0.082142857,"meium":0.7732142857500001,"none":0.1089285715},"expressive":{"dir-action":0,"dir-explicit":0.3499999999125,"dir-speech":0.3607142856598214,"indirect":0.18214285720446427,"writing-device":0.10714285722321429}},{"id":"셰프의돈까스-광운대점","permalink":"","username":"asdfg","text":"돈까스 맛있네요^^","date":"Mon Dec 10 23:59:44 +0000 2018","retweets":"30","favorites":"20","mentions":[],"hashtags":[],"geo":"","raw":"돈까스 맛있네요^^","polarity":{"com":0,"pos":0,"neg":1,"neut":0,"none":0},"intensity":{"high":0,"low":0,"meium":1,"none":0},"expressive":{"dir-action":0,"dir-explicit":0,"dir-speech":1,"indirect":0,"writing-device":0}},{"id":"셰프의돈까스-광운대점","permalink":"","username":"asdfg","text":"돈까스 바삭하고 돼지 냄새 안 나요 특히 저처럼 냄새에 민감한 분들도 안심하고 드실 수 있을 거예요 그리고 중간에 비계가 씹혀서 소름 돋는 일도 없이 다 좋아요 일주일도 안 되어 또 배달시켜 먹었어요 추천","date":"Mon Dec 10 23:59:44 +0000 2018","retweets":"30","favorites":"20","mentions":[],"hashtags":[],"geo":"","raw":"돈까스 바삭하고 돼지 냄새 안 나요 특히 저처럼 냄새에 민감한 분들도 안심하고 드실 수 있을 거예요 그리고 중간에 비계가 씹혀서 소름 돋는 일도 없이 다 좋아요 일주일도 안 되어 또 배달시켜 먹었어요 추천","polarity":{"com":0.011722645210526314,"pos":0.2980375918421052,"neg":0.519489171736842,"neut":0.04961564468421052,"none":0.12113494652631579},"intensity":{"high":0.2219546091462129,"low":0.05668740678649014,"meium":0.5988769130211117,"none":0.12248107104618519},"expressive":{"dir-action":0.00402654868442245,"dir-explicit":0.2394995961178684,"dir-speech":0.3332123611228007,"indirect":0.2952663947523825,"writing-device":0.12799509932252603}},{"id":"셰프의돈까스-광운대점","permalink":"","username":"asdfg","text":"친절하고 배달도 늘 빠르고 음식도 맛있어요","date":"Mon Dec 10 23:59:44 +0000 2018","retweets":"30","favorites":"20","mentions":[],"hashtags":[],"geo":"","raw":"친절하고 배달도 늘 빠르고 음식도 맛있어요","polarity":{"com":0.006624424,"pos":0.6826036865000001,"neg":0.17031490025000004,"neut":0.024539170500000006,"none":0.11591781875000001},"intensity":{"high":0.07066052225,"low":0.14093701975,"meium":0.67194700475,"none":0.11645545325000001},"expressive":{"dir-action":0.0016129032495967742,"dir-explicit":0.12492319521876921,"dir-speech":0.398655913900336,"indirect":0.360675883159831,"writing-device":0.11413210447146697}},{"id":"셰프의돈까스-광운대점","permalink":"","username":"asdfg","text":"맛있어요~~~또 시킬게용","date":"Mon Dec 10 23:59:44 +0000 2018","retweets":"30","favorites":"20","mentions":[],"hashtags":[],"geo":"","raw":"맛있어요~~~또 시킬게용","polarity":{"com":0,"pos":0.0714285714642857,"neg":0.7142857141428571,"neut":0,"none":0.21428571439285712},"intensity":{"high":0,"low":0,"meium":0.7857142855,"none":0.2142857145},"expressive":{"dir-action":0,"dir-explicit":0.0714285715,"dir-speech":0.642857143,"indirect":0,"writing-device":0.2857142855}},{"id":"셰프의돈까스-광운대점","permalink":"","username":"asdfg","text":"아주 잘 먹었네요 맛있어요~~","date":"Mon Dec 10 23:59:44 +0000 2018","retweets":"30","favorites":"20","mentions":[],"hashtags":[],"geo":"","raw":"아주 잘 먹었네요 맛있어요~~","polarity":{"com":0,"pos":0.36111111100000004,"neg":0.638888889,"neut":0,"none":0},"intensity":{"high":0.12037037033333332,"low":0.074074074,"meium":0.8055555556666666,"none":0},"expressive":{"dir-action":0,"dir-explicit":0.074074074,"dir-speech":0.675925926,"indirect":0.25,"writing-device":0}},{"id":"셰프의돈까스-광운대점","permalink":"","username":"asdfg","text":"맛있게 잘 먹었습니다.","date":"Mon Dec 10 23:59:44 +0000 2018","retweets":"30","favorites":"20","mentions":[],"hashtags":[],"geo":"","raw":"맛있게 잘 먹었습니다.","polarity":{"com":0,"pos":0.35714285717857136,"neg":0.6071428573035714,"neut":0.03571428551785714,"none":0},"intensity":{"high":0,"low":0.107142857,"meium":0.8928571430000001,"none":0},"expressive":{"dir-action":0,"dir-explicit":0.107142857,"dir-speech":0.5714285715,"indirect":0.3214285715,"writing-device":0}},{"id":"셰프의돈까스-광운대점","permalink":"","username":"asdfg","text":"굿","date":"Mon Dec 10 23:59:44 +0000 2018","retweets":"30","favorites":"20","mentions":[],"hashtags":[],"geo":"","raw":"굿","polarity":{"com":0,"pos":1,"neg":0,"neut":0,"none":0},"intensity":{"high":0,"low":0,"meium":1,"none":0},"expressive":{"dir-action":0,"dir-explicit":0,"dir-speech":0,"indirect":1,"writing-device":0}},{"id":"셰프의돈까스-광운대점","permalink":"","username":"asdfg","text":"굿","date":"Mon Dec 10 23:59:44 +0000 2018","retweets":"30","favorites":"20","mentions":[],"hashtags":[],"geo":"","raw":"굿","polarity":{"com":0,"pos":1,"neg":0,"neut":0,"none":0},"intensity":{"high":0,"low":0,"meium":1,"none":0},"expressive":{"dir-action":0,"dir-explicit":0,"dir-speech":0,"indirect":1,"writing-device":0}},{"id":"셰프의돈까스-광운대점","permalink":"","username":"asdfg","text":"너무맛있게 잘먹었습니다 번창하세요","date":"Mon Dec 10 23:59:44 +0000 2018","retweets":"30","favorites":"20","mentions":[],"hashtags":[],"geo":"","raw":"너무맛있게 잘먹었습니다 번창하세요","polarity":{"com":0.054070660684690214,"pos":0.4577572964859191,"neg":0.4270865334756955,"neut":0.0517665130172555,"none":0.009318996336439666},"intensity":{"high":0.09421402966666666,"low":0.15775729633333332,"meium":0.7379928316666667,"none":0.010035842333333333},"expressive":{"dir-action":0.0021505376666666664,"dir-explicit":0.36656426,"dir-speech":0.2410650283333333,"indirect":0.3809011776666666,"writing-device":0.009318996333333333}},{"id":"셰프의돈까스-광운대점","permalink":"","username":"asdfg","text":"배달빨랐고 오늘따라 밥이 너무 촉촉하고 맛있었어요\n모밀에 야채가 없는점은 조금 아쉬웠습니다","date":"Mon Dec 10 23:59:44 +0000 2018","retweets":"30","favorites":"20","mentions":[],"hashtags":[],"geo":"","raw":"배달빨랐고 오늘따라 밥이 너무 촉촉하고 맛있었어요\n모밀에 야채가 없는점은 조금 아쉬웠습니다","polarity":{"com":0.020860145875,"pos":0.2958226083750001,"neg":0.5095184469999999,"neut":0.11524024025,"none":0.058558558499999996},"intensity":{"high":0.0529547405,"low":0.16725654225,"meium":0.658354783375,"none":0.12143393387500001},"expressive":{"dir-action":0.0003753753749530781,"dir-explicit":0.45074538819365684,"dir-speech":0.3803088803274613,"indirect":0.10963642223629544,"writing-device":0.05893393386763326}},{"id":"셰프의돈까스-광운대점","permalink":"","username":"asdfg","text":"양도 괜찮고 맛있어요~!","date":"Mon Dec 10 23:59:44 +0000 2018","retweets":"30","favorites":"20","mentions":[],"hashtags":[],"geo":"","raw":"양도 괜찮고 맛있어요~!","polarity":{"com":0.0035714285,"pos":0.107142857,"neg":0.6642857145000001,"neut":0.007142857,"none":0.217857143},"intensity":{"high":0.0714285715,"low":0.057142857,"meium":0.6535714285,"none":0.217857143},"expressive":{"dir-action":0,"dir-explicit":0.09285714295357143,"dir-speech":0.649999999675,"indirect":0.042857142978571426,"writing-device":0.21428571439285712}},{"id":"셰프의돈까스-광운대점","permalink":"","username":"asdfg","text":"돈가스는  훌륭해오~\n막국수는  처음 시켜봤는데 가격대비\n부족해요.. 야채도 너~무 없는데\n7000원이면  좀 비싼듯해요..","date":"Mon Dec 10 23:59:44 +0000 2018","retweets":"30","favorites":"20","mentions":[],"hashtags":[],"geo":"","raw":"돈가스는  훌륭해오~\n막국수는  처음 시켜봤는데 가격대비\n부족해요.. 야채도 너~무 없는데\n7000원이면  좀 비싼듯해요..","polarity":{"com":0.007643443223071493,"pos":0.5152643859461404,"neg":0.33991187748221247,"neut":0.03704908155967212,"none":0.10013121178890347},"intensity":{"high":0.07390445244444445,"low":0.07192185655555555,"meium":0.7527247818888889,"none":0.10144890911111111},"expressive":{"dir-action":0.0007168458888092393,"dir-explicit":0.2393231177511863,"dir-speech":0.28083299274657414,"indirect":0.37261091895859877,"writing-device":0.10651612465483155}},{"id":"셰프의돈까스-광운대점","permalink":"","username":"asdfg","text":"굿굿","date":"Mon Dec 10 23:59:44 +0000 2018","retweets":"30","favorites":"20","mentions":[],"hashtags":[],"geo":"","raw":"굿굿","polarity":{"com":0,"pos":1,"neg":0,"neut":0,"none":0},"intensity":{"high":0,"low":0,"meium":1,"none":0},"expressive":{"dir-action":0,"dir-explicit":0,"dir-speech":0,"indirect":1,"writing-device":0}},{"id":"셰프의돈까스-광운대점","permalink":"","username":"asdfg","text":"양 많고 맛있어요~~!","date":"Mon Dec 10 23:59:44 +0000 2018","retweets":"30","favorites":"20","mentions":[],"hashtags":[],"geo":"","raw":"양 많고 맛있어요~~!","polarity":{"com":0,"pos":0.195652174,"neg":0.7826086955,"neut":0.0217391305,"none":0},"intensity":{"high":0.1304347825652174,"low":0.10869565205434782,"meium":0.7608695653804347,"none":0},"expressive":{"dir-action":0,"dir-explicit":0.2608695651304348,"dir-speech":0.6086956523043479,"indirect":0.1304347825652174,"writing-device":0}},{"id":"셰프의돈까스-광운대점","permalink":"","username":"asdfg","text":"맛있고 깔끔해요~^^","date":"Mon Dec 10 23:59:44 +0000 2018","retweets":"30","favorites":"20","mentions":[],"hashtags":[],"geo":"","raw":"맛있고 깔끔해요~^^","polarity":{"com":0,"pos":0,"neg":0.5,"neut":0.5,"none":0},"intensity":{"high":0,"low":0.5,"meium":0.5,"none":0},"expressive":{"dir-action":0,"dir-explicit":0,"dir-speech":1,"indirect":0,"writing-device":0}},{"id":"셰프의돈까스-광운대점","permalink":"","username":"asdfg","text":"배달이 30분은 일찍 와서 금방 먹었네요 ㅎㅎ\n양도 많았고 맛있게 잘 먹었습니다 번창하세요~","date":"Mon Dec 10 23:59:44 +0000 2018","retweets":"30","favorites":"20","mentions":[],"hashtags":[],"geo":"","raw":"배달이 30분은 일찍 와서 금방 먹었네요 ㅎㅎ\n양도 많았고 맛있게 잘 먹었습니다 번창하세요~","polarity":{"com":0.002421307571774473,"pos":0.4706936569243848,"neg":0.4293559723470508,"neut":0.09268644815609806,"none":0.004842615000691801},"intensity":{"high":0.06766794159076227,"low":0.11278463717508132,"meium":0.8147048062327727,"none":0.004842615001383604},"expressive":{"dir-action":0,"dir-explicit":0.17563335816794767,"dir-speech":0.599621179942803,"indirect":0.21990284688855755,"writing-device":0.004842615000691802}},{"id":"셰프의돈까스-광운대점","permalink":"","username":"asdfg","text":"진짜 맛있네요!!\n강추!!!","date":"Mon Dec 10 23:59:44 +0000 2018","retweets":"30","favorites":"20","mentions":[],"hashtags":[],"geo":"","raw":"진짜 맛있네요!!\n강추!!!","polarity":{"com":0,"pos":0,"neg":1,"neut":0,"none":0},"intensity":{"high":0,"low":0,"meium":1,"none":0},"expressive":{"dir-action":0,"dir-explicit":0,"dir-speech":1,"indirect":0,"writing-device":0}},{"id":"셰프의돈까스-광운대점","permalink":"","username":"asdfg","text":"밥이 약간 설익었는지..아이들 먹는데 밥알이 따로 노네요\n콘샐러드는 뒤엉켜 도착했어요\n첫주문 이었는데 조금 아쉽지만...어쨋든 잘 먹었어요","date":"Mon Dec 10 23:59:44 +0000 2018","retweets":"30","favorites":"20","mentions":[],"hashtags":[],"geo":"","raw":"밥이 약간 설익었는지..아이들 먹는데 밥알이 따로 노네요\n콘샐러드는 뒤엉켜 도착했어요\n첫주문 이었는데 조금 아쉽지만...어쨋든 잘 먹었어요","polarity":{"com":0.006273980376568495,"pos":0.4617348549904337,"neg":0.41264416435316104,"neut":0.1048304201512076,"none":0.014516580128629147},"intensity":{"high":0.034657231254332156,"low":0.23044071465380508,"meium":0.6570659959571333,"none":0.0778360581347295},"expressive":{"dir-action":0.001357112375169639,"dir-explicit":0.4679935534334992,"dir-speech":0.31710118966463763,"indirect":0.19649677664956208,"writing-device":0.01705136787713142}},{"id":"셰프의돈까스-광운대점","permalink":"","username":"asdfg","text":"굿굿","date":"Mon Dec 10 23:59:44 +0000 2018","retweets":"30","favorites":"20","mentions":[],"hashtags":[],"geo":"","raw":"굿굿","polarity":{"com":0,"pos":1,"neg":0,"neut":0,"none":0},"intensity":{"high":0,"low":0,"meium":1,"none":0},"expressive":{"dir-action":0,"dir-explicit":0,"dir-speech":0,"indirect":1,"writing-device":0}},{"id":"셰프의돈까스-광운대점","permalink":"","username":"asdfg","text":"아이 친구들이 와서  저녁으로 먹였는데\n완전 좋아하네요...\n김치볶음밥은  많이 맵지않네요..","date":"Mon Dec 10 23:59:44 +0000 2018","retweets":"30","favorites":"20","mentions":[],"hashtags":[],"geo":"","raw":"아이 친구들이 와서  저녁으로 먹였는데\n완전 좋아하네요...\n김치볶음밥은  많이 맵지않네요..","polarity":{"com":0.024442462195111505,"pos":0.39092328272181537,"neg":0.5605486172878903,"neut":0.017305976796538804,"none":0.006779660998644067},"intensity":{"high":0.020338983004067796,"low":0.09422390721884479,"meium":0.8786574487757314,"none":0.006779661001355932},"expressive":{"dir-action":0,"dir-explicit":0.20028991979999997,"dir-speech":0.36975914359999995,"indirect":0.4231712756,"writing-device":0.006779660999999999}},{"id":"셰프의돈까스-광운대점","permalink":"","username":"asdfg","text":"배송은 총알. \n소스는 직접 만드신듯한데..\n우리집 입맛에는 딱이었습니다.^^\n흰밥이 아닌 잡곡밥인것도 좋았고. \n양이 적어보였는데. \n다들 배가 빵빵해지는걸 보니. \n적은양은 절대 아니었습니다.\n\n하나 빠질것 없는 구성에 \n샐러드가 없음이 솔찍히 아쉬웠지만\n이정도 맛과 양에 그깟 샐러드.. 라며. \n5점만점에 5점 드립니다^^","date":"Mon Dec 10 23:59:44 +0000 2018","retweets":"30","favorites":"20","mentions":[],"hashtags":[],"geo":"","raw":"배송은 총알. \n소스는 직접 만드신듯한데..\n우리집 입맛에는 딱이었습니다.^^\n흰밥이 아닌 잡곡밥인것도 좋았고. \n양이 적어보였는데. \n다들 배가 빵빵해지는걸 보니. \n적은양은 절대 아니었습니다.\n\n하나 빠질것 없는 구성에 \n샐러드가 없음이 솔찍히 아쉬웠지만\n이정도 맛과 양에 그깟 샐러드.. 라며. \n5점만점에 5점 드립니다^^","polarity":{"com":0.006974324000410255,"pos":0.3880920110228289,"neg":0.42272408567192493,"neut":0.06981345182763608,"none":0.11239612747719978},"intensity":{"high":0.12188726801433968,"low":0.13239164289792846,"meium":0.6330658271333018,"none":0.11265526195443004},"expressive":{"dir-action":0.0002591344705425057,"dir-explicit":0.3027660706524531,"dir-speech":0.4312233992768429,"indirect":0.1490949253854538,"writing-device":0.11665647021470768}},{"id":"셰프의돈까스-광운대점","permalink":"","username":"asdfg","text":"처음시켜보는  돈까스였는데\n생각보다  맛있네여..\n새우튀김은 맛있었어요~","date":"Mon Dec 10 23:59:44 +0000 2018","retweets":"30","favorites":"20","mentions":[],"hashtags":[],"geo":"","raw":"처음시켜보는  돈까스였는데\n생각보다  맛있네여..\n새우튀김은 맛있었어요~","polarity":{"com":0.03653642259269271,"pos":0.30902490933819504,"neg":0.49122948610175404,"neut":0.07508031458498393,"none":0.08812886738237423},"intensity":{"high":0.06249584562499833,"low":0.0934585132373834,"meium":0.7559167737023667,"none":0.08812886743525153},"expressive":{"dir-action":0,"dir-explicit":0.2700402761459919,"dir-speech":0.5297682348940465,"indirect":0.10814105297837177,"writing-device":0.09205043598158992}},{"id":"셰프의돈까스-광운대점","permalink":"","username":"asdfg","text":"오므라이스 너무 맛있구\n양도 많아서 좋아요~^^","date":"Mon Dec 10 23:59:44 +0000 2018","retweets":"30","favorites":"20","mentions":[],"hashtags":[],"geo":"","raw":"오므라이스 너무 맛있구\n양도 많아서 좋아요~^^","polarity":{"com":0.04761904766666666,"pos":0.4847204969999999,"neg":0.4398343683333332,"neut":0.014492753666666663,"none":0.013333333333333332},"intensity":{"high":0.20124223606708072,"low":0.13341614904447205,"meium":0.6520082815506695,"none":0.013333333337777779},"expressive":{"dir-action":0,"dir-explicit":0.5643892338547964,"dir-speech":0.23436853007812286,"indirect":0.18790890272930297,"writing-device":0.013333333337777779}},{"id":"셰프의돈까스-광운대점","permalink":"","username":"asdfg","text":"맛있었습니다.\n돈까스소스가 수제인지 보통 판매되는 것과는 달라 호불호가 갈릴 수 있는데 전 좋았습니다","date":"Mon Dec 10 23:59:44 +0000 2018","retweets":"30","favorites":"20","mentions":[],"hashtags":[],"geo":"","raw":"맛있었습니다.\n돈까스소스가 수제인지 보통 판매되는 것과는 달라 호불호가 갈릴 수 있는데 전 좋았습니다","polarity":{"com":0.008239962700823996,"pos":0.4432605042443261,"neg":0.3208253968320825,"neut":0.042761437904276146,"none":0.18491269831849128},"intensity":{"high":0.09607843140960784,"low":0.06701120440670111,"meium":0.6502119514650211,"none":0.18669841271866983},"expressive":{"dir-action":0,"dir-explicit":0.2192903829,"dir-speech":0.43609477129999996,"indirect":0.1537731093,"writing-device":0.1908417365}},{"id":"셰프의돈까스-광운대점","permalink":"","username":"asdfg","text":"굳굳 다좋아요!\n맛도 굳","date":"Mon Dec 10 23:59:44 +0000 2018","retweets":"30","favorites":"20","mentions":[],"hashtags":[],"geo":"","raw":"굳굳 다좋아요!\n맛도 굳","polarity":{"com":0,"pos":0.857142857,"neg":0,"neut":0,"none":0.14285714300000002},"intensity":{"high":0.1428571429285714,"low":0,"meium":0.7142857141428571,"none":0.1428571429285714},"expressive":{"dir-action":0,"dir-explicit":0.21428571439285712,"dir-speech":0.6428571426785714,"indirect":0,"writing-device":0.1428571429285714}},{"id":"셰프의돈까스-광운대점","permalink":"","username":"asdfg","text":"배달은..아이들이 치즈돈까스를 좋아라해서 치돈을 주문했는데 재료소진으로 고구마돈까스;;  ㅠㅠ다음번에 치돈을 다시 먹는걸로~~\n왕돈까스는 맛났어요~고구마돈까스는 고구마인지라\n너무달아서 ㅠㅠ 다음 주문때 치돈 도저언~!","date":"Mon Dec 10 23:59:44 +0000 2018","retweets":"30","favorites":"20","mentions":[],"hashtags":[],"geo":"","raw":"배달은..아이들이 치즈돈까스를 좋아라해서 치돈을 주문했는데 재료소진으로 고구마돈까스;;  ㅠㅠ다음번에 치돈을 다시 먹는걸로~~\n왕돈까스는 맛났어요~고구마돈까스는 고구마인지라\n너무달아서 ㅠㅠ 다음 주문때 치돈 도저언~!","polarity":{"com":0.014031509334892391,"pos":0.4556834163284092,"neg":0.33564388064840495,"neut":0.09697995484410889,"none":0.09766123884418458},"intensity":{"high":0.10790327638289426,"low":0.13727389599237366,"meium":0.6565230191857488,"none":0.09829980843898334},"expressive":{"dir-action":0.0013462837221474286,"dir-explicit":0.20134426687770307,"dir-speech":0.45166915358601845,"indirect":0.23883312954228703,"writing-device":0.10680716627184404}},{"id":"셰프의돈까스-광운대점","permalink":"","username":"asdfg","text":"예전보다 왕돈까스 양이 많이 줄었어요","date":"Mon Dec 10 23:59:44 +0000 2018","retweets":"30","favorites":"20","mentions":[],"hashtags":[],"geo":"","raw":"예전보다 왕돈까스 양이 많이 줄었어요","polarity":{"com":0,"pos":0.6666666665000001,"neg":0.277777778,"neut":0.0555555555,"none":0},"intensity":{"high":0,"low":0.277777778,"meium":0.722222222,"none":0},"expressive":{"dir-action":0,"dir-explicit":0.111111111,"dir-speech":0.277777778,"indirect":0.611111111,"writing-device":0}},{"id":"셰프의돈까스-광운대점","permalink":"","username":"asdfg","text":"고구마돈까스 추천해주셔서 먹어봤는데\n맛있네요~^^","date":"Mon Dec 10 23:59:44 +0000 2018","retweets":"30","favorites":"20","mentions":[],"hashtags":[],"geo":"","raw":"고구마돈까스 추천해주셔서 먹어봤는데\n맛있네요~^^","polarity":{"com":0,"pos":0.44444444433333335,"neg":0.5555555556666666,"neut":0,"none":0},"intensity":{"high":0.20370370366666668,"low":0.074074074,"meium":0.7222222223333333,"none":0},"expressive":{"dir-action":0,"dir-explicit":0.074074074,"dir-speech":0.5925925926666666,"indirect":0.3333333333333333,"writing-device":0}},{"id":"셰프의돈까스-광운대점","permalink":"","username":"asdfg","text":"오므라이스 너무 맛있어요~^^","date":"Mon Dec 10 23:59:44 +0000 2018","retweets":"30","favorites":"20","mentions":[],"hashtags":[],"geo":"","raw":"오므라이스 너무 맛있어요~^^","polarity":{"com":0.142857143,"pos":0.142857143,"neg":0.714285714,"neut":0,"none":0},"intensity":{"high":0.142857143,"low":0.142857143,"meium":0.714285714,"none":0},"expressive":{"dir-action":0,"dir-explicit":0.5714285710000001,"dir-speech":0.28571428600000004,"indirect":0.14285714300000002,"writing-device":0}},{"id":"셰프의돈까스-광운대점","permalink":"","username":"asdfg","text":"배달은빨리왔지만 돈까스소스는 빼먹고 왔더군요 국도안주셨구요 그래서 별하나뺍니다","date":"Mon Dec 10 23:59:44 +0000 2018","retweets":"30","favorites":"20","mentions":[],"hashtags":[],"geo":"","raw":"배달은빨리왔지만 돈까스소스는 빼먹고 왔더군요 국도안주셨구요 그래서 별하나뺍니다","polarity":{"com":0.0010204081430029153,"pos":0.6984126983854875,"neg":0.19092970531298992,"neut":0.03605442171943634,"none":0.07358276643908325},"intensity":{"high":0.11337868485714285,"low":0.07074829928571427,"meium":0.7422902494285715,"none":0.07358276642857144},"expressive":{"dir-action":0,"dir-explicit":0.18185941051946874,"dir-speech":0.3421768707593781,"indirect":0.40113378674253325,"writing-device":0.07482993197862003}},{"id":"셰프의돈까스-광운대점","permalink":"","username":"asdfg","text":"치즈돈까스 개꿀맛 좋음","date":"Mon Dec 10 23:59:44 +0000 2018","retweets":"30","favorites":"20","mentions":[],"hashtags":[],"geo":"","raw":"치즈돈까스 개꿀맛 좋음","polarity":{"com":0,"pos":0.75,"neg":0.25,"neut":0,"none":0},"intensity":{"high":0,"low":0,"meium":1,"none":0},"expressive":{"dir-action":0,"dir-explicit":0,"dir-speech":0.75,"indirect":0.25,"writing-device":0}},{"id":"셰프의돈까스-광운대점","permalink":"","username":"asdfg","text":"20분만에 왔어요~! 👍👍👍\n다른 지점에서도 먹어봤는데 광운대점이 훨씬 맛있어요~^-^\n아이가 옥수수 좋아해서 콘샐러드 넉넉히 부탁드렸더니 꽉꽉 채워주셨네요~♡\n핫팩 서비스로 주시는 센스도 최고!","date":"Mon Dec 10 23:59:44 +0000 2018","retweets":"30","favorites":"20","mentions":[],"hashtags":[],"geo":"","raw":"20분만에 왔어요~! 👍👍👍\n다른 지점에서도 먹어봤는데 광운대점이 훨씬 맛있어요~^-^\n아이가 옥수수 좋아해서 콘샐러드 넉넉히 부탁드렸더니 꽉꽉 채워주셨네요~♡\n핫팩 서비스로 주시는 센스도 최고!","polarity":{"com":0.004512271800451228,"pos":0.43027498074302745,"neg":0.3980608000398061,"neut":0.07119152500711916,"none":0.09596042240959604},"intensity":{"high":0.04231871900423186,"low":0.27238252562723825,"meium":0.5888978043588897,"none":0.0964009510096401},"expressive":{"dir-action":0.00044052859995594715,"dir-explicit":0.20692556467930748,"dir-speech":0.4627900146537211,"indirect":0.23328421087667162,"writing-device":0.09655968119034405}},{"id":"셰프의돈까스-광운대점","permalink":"","username":"asdfg","text":"항상 친절하게 배달해주시고\n맛있어요.\n다음엔 고구마치즈돈까스 먹어볼게요.^^","date":"Mon Dec 10 23:59:44 +0000 2018","retweets":"30","favorites":"20","mentions":[],"hashtags":[],"geo":"","raw":"항상 친절하게 배달해주시고\n맛있어요.\n다음엔 고구마치즈돈까스 먹어볼게요.^^","polarity":{"com":0.002764977000394996,"pos":0.4524175260646311,"neg":0.5038987639291284,"neut":0.025587009003655285,"none":0.015331724002190246},"intensity":{"high":0.040377441285714286,"low":0.08234949885714285,"meium":0.8616341161428572,"none":0.015638943714285713},"expressive":{"dir-action":0.000921659,"dir-explicit":0.17070441085714286,"dir-speech":0.7484383001428572,"indirect":0.06233633228571429,"writing-device":0.017599297714285714}},{"id":"셰프의돈까스-광운대점","permalink":"","username":"asdfg","text":"소스가 맛있었어요~","date":"Mon Dec 10 23:59:44 +0000 2018","retweets":"30","favorites":"20","mentions":[],"hashtags":[],"geo":"","raw":"소스가 맛있었어요~","polarity":{"com":0.017857143,"pos":0.410714286,"neg":0.464285714,"neut":0.080357143,"none":0.026785714},"intensity":{"high":0.160714286,"low":0.107142857,"meium":0.696428571,"none":0.035714286},"expressive":{"dir-action":0,"dir-explicit":0.37500000000000006,"dir-speech":0.31250000000000006,"indirect":0.28571428600000004,"writing-device":0.026785714000000002}},{"id":"셰프의돈까스-광운대점","permalink":"","username":"asdfg","text":"맛있고 배달도 적당했어요. 다만 오징어링 5개 주문했는데 3개짜리와서 별 하나 차감이요...;; 바로 차액 입금해주셨지만 아쉽게 먹었어요...","date":"Mon Dec 10 23:59:44 +0000 2018","retweets":"30","favorites":"20","mentions":[],"hashtags":[],"geo":"","raw":"맛있고 배달도 적당했어요. 다만 오징어링 5개 주문했는데 3개짜리와서 별 하나 차감이요...;; 바로 차액 입금해주셨지만 아쉽게 먹었어요...","polarity":{"com":0.0016129032499999998,"pos":0.5568996414999999,"neg":0.26550179216666664,"neut":0.06254480291666667,"none":0.11344086016666667},"intensity":{"high":0.02090800475,"low":0.04208482675,"meium":0.8233870968333332,"none":0.11362007166666667},"expressive":{"dir-action":0.0005376344167114694,"dir-explicit":0.12801672642733472,"dir-speech":0.3254778972771231,"indirect":0.43252688170271053,"writing-device":0.11344086017612007}},{"id":"셰프의돈까스-광운대점","permalink":"","username":"asdfg","text":"너무 맛있구 항상 신경써주시는게 느껴지는 맛입니당","date":"Mon Dec 10 23:59:44 +0000 2018","retweets":"30","favorites":"20","mentions":[],"hashtags":[],"geo":"","raw":"너무 맛있구 항상 신경써주시는게 느껴지는 맛입니당","polarity":{"com":0.028571428594285714,"pos":0.6327672326734466,"neg":0.2897102897420579,"neut":0.04895104899020979,"none":0},"intensity":{"high":0.062137862200000005,"low":0.092907093,"meium":0.8449550448,"none":0},"expressive":{"dir-action":0.018181818199999998,"dir-explicit":0.29400599400000005,"dir-speech":0.6046953046,"indirect":0.08311688319999999,"writing-device":0}},{"id":"셰프의돈까스-광운대점","permalink":"","username":"asdfg","text":"맛있게 잘 먹었습니다!","date":"Mon Dec 10 23:59:44 +0000 2018","retweets":"30","favorites":"20","mentions":[],"hashtags":[],"geo":"","raw":"맛있게 잘 먹었습니다!","polarity":{"com":0,"pos":0.35714285717857136,"neg":0.6071428573035714,"neut":0.03571428551785714,"none":0},"intensity":{"high":0,"low":0.107142857,"meium":0.8928571430000001,"none":0},"expressive":{"dir-action":0,"dir-explicit":0.107142857,"dir-speech":0.5714285715,"indirect":0.3214285715,"writing-device":0}}]