[{"id":"마구로사시미","permalink":"","username":"asdfg","text":"너무앗있내요\n또시켜막을게요","date":"Mon Dec 10 23:59:44 +0000 2018","retweets":"30","favorites":"20","mentions":[],"hashtags":[],"geo":"","raw":"너무앗있내요\n또시켜막을게요","polarity":{"com":0.03794642849051339,"pos":0.23958333319010416,"neg":0.49255952387686014,"neut":0.008928571497767856,"none":0.2209821429447545},"intensity":{"high":0.046875,"low":0.049107143,"meium":0.6830357140000001,"none":0.22098214300000002},"expressive":{"dir-action":0,"dir-explicit":0.3110119045,"dir-speech":0.36086309549999995,"indirect":0.0714285715,"writing-device":0.2566964285}},{"id":"마구로사시미","permalink":"","username":"asdfg","text":"사실 리뷰가 없어서 굉장히 머뭇거렸는데... 그냥 믿고 시켜보길 잘 한거 같아요 !! 대박 좋은부위 저렴하게 먹을 수 있게 해주셔서 감사합니다!! 구성 깔끔하니 좋은거같아요 또 주문할게요:) #JMT","date":"Mon Dec 10 23:59:44 +0000 2018","retweets":"30","favorites":"20","mentions":[],"hashtags":[],"geo":"","raw":"사실 리뷰가 없어서 굉장히 머뭇거렸는데... 그냥 믿고 시켜보길 잘 한거 같아요 !! 대박 좋은부위 저렴하게 먹을 수 있게 해주셔서 감사합니다!! 구성 깔끔하니 좋은거같아요 또 주문할게요:) #JMT","polarity":{"com":0.004152481052194476,"pos":0.4109032416409576,"neg":0.43851192732226185,"neut":0.052164461783982694,"none":0.09426788820060338},"intensity":{"high":0.1295122884668678,"low":0.09688073588963789,"meium":0.6783048349642999,"none":0.09530214067919462},"expressive":{"dir-action":0.0012606248421052632,"dir-explicit":0.27123636384210525,"dir-speech":0.37554854405263166,"indirect":0.12961574189473687,"writing-device":0.22233872536842106}}]