[{"id":"혜화동떡볶이극장-공릉점","permalink":"","username":"asdfg","text":"양파돈가스 맛있어여","date":"Mon Dec 10 23:59:44 +0000 2018","retweets":"30","favorites":"20","mentions":[],"hashtags":[],"geo":"","raw":"양파돈가스 맛있어여","polarity":{"com":0,"pos":0.666666667,"neg":0.333333333,"neut":0,"none":0},"intensity":{"high":0,"low":0,"meium":1,"none":0},"expressive":{"dir-action":0,"dir-explicit":0,"dir-speech":0.666666667,"indirect":0.333333333,"writing-device":0}},{"id":"혜화동떡볶이극장-공릉점","permalink":"","username":"asdfg","text":"치즈떡볶이에 치즈가 없었고 \n윙이랑 텐더는 3개씩 왔습니다\n다음에는 그냥 양파돈가스 먹겠습니다","date":"Mon Dec 10 23:59:44 +0000 2018","retweets":"30","favorites":"20","mentions":[],"hashtags":[],"geo":"","raw":"치즈떡볶이에 치즈가 없었고 \n윙이랑 텐더는 3개씩 왔습니다\n다음에는 그냥 양파돈가스 먹겠습니다","polarity":{"com":0.0022321428752790176,"pos":0.40714501380089313,"neg":0.35160024154395,"neut":0.09531897001191486,"none":0.14370363176796294},"intensity":{"high":0.059685559,"low":0.08180210487499999,"meium":0.713692632875,"none":0.14481970325},"expressive":{"dir-action":0,"dir-explicit":0.15427665637500002,"dir-speech":0.44516153387499996,"indirect":0.254874051,"writing-device":0.14568775875}},{"id":"혜화동떡볶이극장-공릉점","permalink":"","username":"asdfg","text":"또시켜먹었어요☺️너무맛있어요 짬뽕은 여느 중국집 보다 맛있어요 배달도 빠르게 왔어요~~","date":"Mon Dec 10 23:59:44 +0000 2018","retweets":"30","favorites":"20","mentions":[],"hashtags":[],"geo":"","raw":"또시켜먹었어요☺️너무맛있어요 짬뽕은 여느 중국집 보다 맛있어요 배달도 빠르게 왔어요~~","polarity":{"com":0.019975786997503023,"pos":0.3897296205762838,"neg":0.510391444686201,"neut":0.022094430997238193,"none":0.057808716742773915},"intensity":{"high":0.13374361049999997,"low":0.157822168375,"meium":0.650625504375,"none":0.05780871674999999},"expressive":{"dir-action":0,"dir-explicit":0.24024751146996903,"dir-speech":0.43499461944562573,"indirect":0.2490920095938635,"writing-device":0.07566585949054176}},{"id":"혜화동떡볶이극장-공릉점","permalink":"","username":"asdfg","text":"주문한지 1시간 20분 만에 도착\n\n돈까스는 다 식어서 도착\n\n짬뽕은 젓가락으로 들지 못할 정도로 뿔었음.\n\n정말 최악의 저녁이었네요\n\n이 가게는 음식 수령 후 결재를 추천합니다","date":"Mon Dec 10 23:59:44 +0000 2018","retweets":"30","favorites":"20","mentions":[],"hashtags":[],"geo":"","raw":"주문한지 1시간 20분 만에 도착\n\n돈까스는 다 식어서 도착\n\n짬뽕은 젓가락으로 들지 못할 정도로 뿔었음.\n\n정말 최악의 저녁이었네요\n\n이 가게는 음식 수령 후 결재를 추천합니다","polarity":{"com":0.008250899000515682,"pos":0.43998585658999917,"neg":0.42145565252634104,"neut":0.0376238324398515,"none":0.09268375944329274},"intensity":{"high":0.17172835563573302,"low":0.0887825085055489,"meium":0.6488261402280516,"none":0.09066299563066645},"expressive":{"dir-action":0.0011994041873500747,"dir-explicit":0.3235486955845564,"dir-speech":0.3210328537098709,"indirect":0.25792758071775906,"writing-device":0.09629146580046358}},{"id":"혜화동떡볶이극장-공릉점","permalink":"","username":"asdfg","text":"음식이 새거나 하지 않고 배달 빠르게 받았어요!! 떡볶이에 사리 추가해서 먹었는데 너무 맛있어요ㅠㅠ앞으로 돈까스랑 떡볶이는 여기서만 먹을거에여 너무 맛있어서 감동😂..","date":"Mon Dec 10 23:59:44 +0000 2018","retweets":"30","favorites":"20","mentions":[],"hashtags":[],"geo":"","raw":"음식이 새거나 하지 않고 배달 빠르게 받았어요!! 떡볶이에 사리 추가해서 먹었는데 너무 맛있어요ㅠㅠ앞으로 돈까스랑 떡볶이는 여기서만 먹을거에여 너무 맛있어서 감동😂..","polarity":{"com":0.026723106309747932,"pos":0.3888966519529921,"neg":0.5192540895014811,"neut":0.041161926080089374,"none":0.023964226155689553},"intensity":{"high":0.07061984876923076,"low":0.12177859546153846,"meium":0.7822488621538461,"none":0.025352693615384614},"expressive":{"dir-action":0.00171931938474764,"dir-explicit":0.22819753194063055,"dir-speech":0.49086324473006643,"indirect":0.19976123724613548,"writing-device":0.0794586666984199}},{"id":"혜화동떡볶이극장-공릉점","permalink":"","username":"asdfg","text":"매운게 땡겨서 시켜먹었어요","date":"Mon Dec 10 23:59:44 +0000 2018","retweets":"30","favorites":"20","mentions":[],"hashtags":[],"geo":"","raw":"매운게 땡겨서 시켜먹었어요","polarity":{"com":0,"pos":0.35897435882051276,"neg":0.5641025642179487,"neut":0.07692307696153847,"none":0},"intensity":{"high":0.09401709400000001,"low":0.22649572650000002,"meium":0.6794871795,"none":0},"expressive":{"dir-action":0,"dir-explicit":0.264957265,"dir-speech":0.735042735,"indirect":0,"writing-device":0}},{"id":"혜화동떡볶이극장-공릉점","permalink":"","username":"asdfg","text":"강!!추!!\n맛!!있!!음!!","date":"Mon Dec 10 23:59:44 +0000 2018","retweets":"30","favorites":"20","mentions":[],"hashtags":[],"geo":"","raw":"강!!추!!\n맛!!있!!음!!","polarity":{"com":0.03947368401973684,"pos":0.6710526318355263,"neg":0.2631578946315789,"neut":0.02631578951315789,"none":0},"intensity":{"high":0.026315789500000002,"low":0.07894736850000002,"meium":0.894736842,"none":0},"expressive":{"dir-action":0,"dir-explicit":0.11842105255921052,"dir-speech":0.8157894739078947,"indirect":0.06578947353289474,"writing-device":0}},{"id":"혜화동떡볶이극장-공릉점","permalink":"","username":"asdfg","text":"떡볶이 맛있고\n짬뽕 좀 짜고\n짬뽕우동은 면이 맛있네요\n전체적으로 맛 좋고 양도 충분하고 좋네요","date":"Mon Dec 10 23:59:44 +0000 2018","retweets":"30","favorites":"20","mentions":[],"hashtags":[],"geo":"","raw":"떡볶이 맛있고\n짬뽕 좀 짜고\n짬뽕우동은 면이 맛있네요\n전체적으로 맛 좋고 양도 충분하고 좋네요","polarity":{"com":0.00986912975,"pos":0.566818574,"neg":0.33434105037500006,"neut":0.021165347374999997,"none":0.0678058985},"intensity":{"high":0.0830491305207623,"low":0.0632652010158163,"meium":0.7849537338212385,"none":0.068731934642183},"expressive":{"dir-action":0.000926036125,"dir-explicit":0.272913744375,"dir-speech":0.5138307005,"indirect":0.14449044149999998,"writing-device":0.06783907750000001}},{"id":"혜화동떡볶이극장-공릉점","permalink":"","username":"asdfg","text":"맛있음 ~!!! 사진은 없지만 정말 맛있었음 강력 추천","date":"Mon Dec 10 23:59:44 +0000 2018","retweets":"30","favorites":"20","mentions":[],"hashtags":[],"geo":"","raw":"맛있음 ~!!! 사진은 없지만 정말 맛있었음 강력 추천","polarity":{"com":0.003236246,"pos":0.6867583603333333,"neg":0.18203883499999998,"neut":0.06364617033333334,"none":0.06432038833333333},"intensity":{"high":0.1761057173039824,"low":0.01618122983063646,"meium":0.7417745415430376,"none":0.06593851132234359},"expressive":{"dir-action":0,"dir-explicit":0.21008629983333332,"dir-speech":0.3272653721666666,"indirect":0.39347357066666666,"writing-device":0.06917475733333332}},{"id":"혜화동떡볶이극장-공릉점","permalink":"","username":"asdfg","text":"매콤하게  맛있게 먹었어요^^","date":"Mon Dec 10 23:59:44 +0000 2018","retweets":"30","favorites":"20","mentions":[],"hashtags":[],"geo":"","raw":"매콤하게  맛있게 먹었어요^^","polarity":{"com":0.008008007999999999,"pos":0.3153153153333333,"neg":0.6576576576666666,"neut":0.011011011,"none":0.008008007999999999},"intensity":{"high":0.075075075,"low":0.10210210199999999,"meium":0.813813814,"none":0.009009009},"expressive":{"dir-action":0.0010010010000000003,"dir-explicit":0.17817817800000002,"dir-speech":0.6226226226666667,"indirect":0.18918918933333334,"writing-device":0.009009009}},{"id":"혜화동떡볶이극장-공릉점","permalink":"","username":"asdfg","text":"혼밥세트라고 해서 양이 적을까 했는데 둘이서 먹었는데도 배불렀어요!! 돈까스 양념이 특이했는데 맛있었구 떡볶이도 맛있었어요ㅎㅎㅎ","date":"Mon Dec 10 23:59:44 +0000 2018","retweets":"30","favorites":"20","mentions":[],"hashtags":[],"geo":"","raw":"혼밥세트라고 해서 양이 적을까 했는데 둘이서 먹었는데도 배불렀어요!! 돈까스 양념이 특이했는데 맛있었구 떡볶이도 맛있었어요ㅎㅎㅎ","polarity":{"com":0.012665826181818185,"pos":0.3497008762727273,"neg":0.47368191045454555,"neut":0.04424044945454546,"none":0.11971093763636365},"intensity":{"high":0.10173548054545455,"low":0.10892977636363634,"meium":0.6665374767272727,"none":0.12279726636363636},"expressive":{"dir-action":0.004842336910411547,"dir-explicit":0.26418277725386813,"dir-speech":0.41279753811258113,"indirect":0.1921485573251315,"writing-device":0.12602879039800788}},{"id":"혜화동떡볶이극장-공릉점","permalink":"","username":"asdfg","text":"그럭저럭 괜찮습니다","date":"Mon Dec 10 23:59:44 +0000 2018","retweets":"30","favorites":"20","mentions":[],"hashtags":[],"geo":"","raw":"그럭저럭 괜찮습니다","polarity":{"com":null,"pos":null,"neg":null,"neut":null,"none":null},"intensity":{"high":null,"low":null,"meium":null,"none":null},"expressive":{"dir-action":null,"dir-explicit":null,"dir-speech":null,"indirect":null,"writing-device":null}},{"id":"혜화동떡볶이극장-공릉점","permalink":"","username":"asdfg","text":"쌩쇼를하면서먹었네요 배달느리고,다세서오고짬뽕절대비추입니다.겁나짭니다","date":"Mon Dec 10 23:59:44 +0000 2018","retweets":"30","favorites":"20","mentions":[],"hashtags":[],"geo":"","raw":"쌩쇼를하면서먹었네요 배달느리고,다세서오고짬뽕절대비추입니다.겁나짭니다","polarity":{"com":0.0032679738571428567,"pos":0.4802587701428571,"neg":0.25736961457142854,"neut":0.22735760971428567,"none":0.03174603171428571},"intensity":{"high":0.07489662529641379,"low":0.04341736686334534,"meium":0.8499399761214199,"none":0.03174603171882086},"expressive":{"dir-action":0.020408163282798833,"dir-explicit":0.2955849006720592,"dir-speech":0.3747498999464643,"indirect":0.27470988396075574,"writing-device":0.03454715213792184}},{"id":"혜화동떡볶이극장-공릉점","permalink":"","username":"asdfg","text":"양파돈까스랑 치즈떡볶이 양도 적당하고 맛있어요. 양파때문인지 느끼함 없이 끝까지 잘 먹네요.","date":"Mon Dec 10 23:59:44 +0000 2018","retweets":"30","favorites":"20","mentions":[],"hashtags":[],"geo":"","raw":"양파돈까스랑 치즈떡볶이 양도 적당하고 맛있어요. 양파때문인지 느끼함 없이 끝까지 잘 먹네요.","polarity":{"com":0.03333333333333333,"pos":0.40555555550000005,"neg":0.39444444449999994,"neut":0.08333333333333333,"none":0.08333333333333333},"intensity":{"high":0.1185185185,"low":0.07037037033333333,"meium":0.7277777778333334,"none":0.08333333333333333},"expressive":{"dir-action":0,"dir-explicit":0.22037037033333337,"dir-speech":0.37962962966666663,"indirect":0.31666666666666665,"writing-device":0.08333333333333333}},{"id":"혜화동떡볶이극장-공릉점","permalink":"","username":"asdfg","text":"간이 많이 짜네요. 양이나 맛은 좋은데 좀 덜짜게 해주시면 좋겠어요. 배달 45분이라더니 75분만에 오구 짬뽕국물 다 흘러 넘쳐서 밥먹구 용기치우면서 고생 했어요.","date":"Mon Dec 10 23:59:44 +0000 2018","retweets":"30","favorites":"20","mentions":[],"hashtags":[],"geo":"","raw":"간이 많이 짜네요. 양이나 맛은 좋은데 좀 덜짜게 해주시면 좋겠어요. 배달 45분이라더니 75분만에 오구 짬뽕국물 다 흘러 넘쳐서 밥먹구 용기치우면서 고생 했어요.","polarity":{"com":0.004486676857142857,"pos":0.6144893089285715,"neg":0.23123236214285714,"neut":0.08031740842857145,"none":0.06947424364285713},"intensity":{"high":0.13891037420436353,"low":0.12969440613359326,"meium":0.624564654169674,"none":0.10683056549236926},"expressive":{"dir-action":0.001642036142974431,"dir-explicit":0.3865799875990414,"dir-speech":0.39148517581367753,"indirect":0.14449188829603513,"writing-device":0.07580091214827149}},{"id":"혜화동떡볶이극장-공릉점","permalink":"","username":"asdfg","text":"맛있어요\n돈까스도 맛나고 떡볶이도 맛나요\n또 생각날거 같아요~","date":"Mon Dec 10 23:59:44 +0000 2018","retweets":"30","favorites":"20","mentions":[],"hashtags":[],"geo":"","raw":"맛있어요\n돈까스도 맛나고 떡볶이도 맛나요\n또 생각날거 같아요~","polarity":{"com":0.010714285664880953,"pos":0.16190476180634922,"neg":0.6059523810656746,"neut":0.0047619046658730155,"none":0.2166666667972222},"intensity":{"high":0.055952380999999995,"low":0.046428571333333335,"meium":0.6809523808333333,"none":0.21666666683333333},"expressive":{"dir-action":0,"dir-explicit":0.102380952465873,"dir-speech":0.4559523808480159,"indirect":0.03690476198769841,"writing-device":0.40476190469841267}},{"id":"혜화동떡볶이극장-공릉점","permalink":"","username":"asdfg","text":"맛있네요 잘먹었습니다","date":"Mon Dec 10 23:59:44 +0000 2018","retweets":"30","favorites":"20","mentions":[],"hashtags":[],"geo":"","raw":"맛있네요 잘먹었습니다","polarity":{"com":0,"pos":0.35714285717857136,"neg":0.6071428573035714,"neut":0.03571428551785714,"none":0},"intensity":{"high":0,"low":0.107142857,"meium":0.8928571430000001,"none":0},"expressive":{"dir-action":0,"dir-explicit":0.107142857,"dir-speech":0.5714285715,"indirect":0.3214285715,"writing-device":0}},{"id":"혜화동떡볶이극장-공릉점","permalink":"","username":"asdfg","text":"배달 느리고 친절하지 않습니다. \n\n맛은 있지만 양이 정말 별로네요.","date":"Mon Dec 10 23:59:44 +0000 2018","retweets":"30","favorites":"20","mentions":[],"hashtags":[],"geo":"","raw":"배달 느리고 친절하지 않습니다. \n\n맛은 있지만 양이 정말 별로네요.","polarity":{"com":0.005656681999999999,"pos":0.7210829491999999,"neg":0.10268049159999999,"neut":0.023917050799999996,"none":0.14666282639999997},"intensity":{"high":0.13688556059999998,"low":0.0339400922,"meium":0.6820814132,"none":0.147092934},"expressive":{"dir-action":0.0012903226,"dir-explicit":0.2020814132,"dir-speech":0.5499961597999999,"indirect":0.099969278,"writing-device":0.1466628264}},{"id":"혜화동떡볶이극장-공릉점","permalink":"","username":"asdfg","text":"또시킬게요. 맛있게 맵네요.","date":"Mon Dec 10 23:59:44 +0000 2018","retweets":"30","favorites":"20","mentions":[],"hashtags":[],"geo":"","raw":"또시킬게요. 맛있게 맵네요.","polarity":{"com":0,"pos":0.14285714285714285,"neg":0.42857142857142855,"neut":0,"none":0.42857142857142855},"intensity":{"high":0,"low":0,"meium":0.571428571,"none":0.428571429},"expressive":{"dir-action":0,"dir-explicit":0.142857143,"dir-speech":0.285714286,"indirect":0,"writing-device":0.571428571}}]