[{"id":"직화반상by셰플리(강남)","permalink":"","username":"asdfg","text":"12시23분에 주문했는데 여태 배달도 안되고 연락도 없음.","date":"Mon Dec 10 23:59:44 +0000 2018","retweets":"30","favorites":"20","mentions":[],"hashtags":[],"geo":"","raw":"12시23분에 주문했는데 여태 배달도 안되고 연락도 없음.","polarity":{"com":0,"pos":0.6666666666666666,"neg":0.3333333333333333,"neut":0,"none":0},"intensity":{"high":0,"low":0,"meium":1,"none":0},"expressive":{"dir-action":0,"dir-explicit":0.44444444448148146,"dir-speech":0.44444444448148146,"indirect":0.11111111103703702,"writing-device":0}},{"id":"직화반상by셰플리(강남)","permalink":"","username":"asdfg","text":"고기 맛있고 야채 신선하고 반찬 깔끔하고 밥 건강하고 좋네요 ㅜ.ㅜ 포장상태도 좋았어요. 고기 맛있는데 양이 좀 아쉬워서 담엔 추가해서 먹을까 합니다.","date":"Mon Dec 10 23:59:44 +0000 2018","retweets":"30","favorites":"20","mentions":[],"hashtags":[],"geo":"","raw":"고기 맛있고 야채 신선하고 반찬 깔끔하고 밥 건강하고 좋네요 ㅜ.ㅜ 포장상태도 좋았어요. 고기 맛있는데 양이 좀 아쉬워서 담엔 추가해서 먹을까 합니다.","polarity":{"com":0.006238852933749256,"pos":0.4785754959652384,"neg":0.32375152322158346,"neut":0.1632566366108838,"none":0.028177491268545164},"intensity":{"high":0.06608457492892769,"low":0.12061502812529235,"meium":0.7503929810166404,"none":0.0629074159291395},"expressive":{"dir-action":0.002256806333483787,"dir-explicit":0.31974131455464944,"dir-speech":0.4088132404272542,"indirect":0.23745389561583027,"writing-device":0.031734743068782316}},{"id":"직화반상by셰플리(강남)","permalink":"","username":"asdfg","text":"고기는 맛난거 같은데 밥과 야채의 양이 비율도 안맞고 밥이 안비벼져\n참 힘들게 먹엇네요 반찬주는것도 1회용 김치.... 너무 성의 없어 보일수도 있습니다","date":"Mon Dec 10 23:59:44 +0000 2018","retweets":"30","favorites":"20","mentions":[],"hashtags":[],"geo":"","raw":"고기는 맛난거 같은데 밥과 야채의 양이 비율도 안맞고 밥이 안비벼져\n참 힘들게 먹엇네요 반찬주는것도 1회용 김치.... 너무 성의 없어 보일수도 있습니다","polarity":{"com":0.013608800499027943,"pos":0.2904401101221114,"neg":0.5211930242484862,"neut":0.09232434742197684,"none":0.08243371770839761},"intensity":{"high":0.14874293226446528,"low":0.12420608569654198,"meium":0.5724952116325006,"none":0.15455577040649202},"expressive":{"dir-action":0,"dir-explicit":0.40483938964285715,"dir-speech":0.29518856085714285,"indirect":0.1395650307857143,"writing-device":0.16040701871428573}},{"id":"직화반상by셰플리(강남)","permalink":"","username":"asdfg","text":"배달이 안왔는데\n배달완료라고 떠있고\n영업시간이 아니라고해서 전화연결도 불가하네요?\n결제는 이미 됬는데 대체\n어쩌라는건지","date":"Mon Dec 10 23:59:44 +0000 2018","retweets":"30","favorites":"20","mentions":[],"hashtags":[],"geo":"","raw":"배달이 안왔는데\n배달완료라고 떠있고\n영업시간이 아니라고해서 전화연결도 불가하네요?\n결제는 이미 됬는데 대체\n어쩌라는건지","polarity":{"com":0.08705660612752956,"pos":0.47183523670187766,"neg":0.26644663184890355,"neut":0.02869337253142044,"none":0.14596815279026878},"intensity":{"high":0.11314483537737104,"low":0.050951274056476405,"meium":0.6890260850621948,"none":0.14687780550395776},"expressive":{"dir-action":0.0011963910666666665,"dir-explicit":0.21027708513333335,"dir-speech":0.37618077540000006,"indirect":0.25971671820000003,"writing-device":0.15262903020000002}},{"id":"직화반상by셰플리(강남)","permalink":"","username":"asdfg","text":"다먹었는데 감 씨 같은데 나왔어요..뼈는 아니고..이게뭘까요\n일부러 리뷰에 안남기고 전화드링려했는데 네이버도 전화연걸 안되네요 \n\n\n너무 맛있는데 아쉽네요","date":"Mon Dec 10 23:59:44 +0000 2018","retweets":"30","favorites":"20","mentions":[],"hashtags":[],"geo":"","raw":"다먹었는데 감 씨 같은데 나왔어요..뼈는 아니고..이게뭘까요\n일부러 리뷰에 안남기고 전화드링려했는데 네이버도 전화연걸 안되네요 \n\n\n너무 맛있는데 아쉽네요","polarity":{"com":0.017317828001236987,"pos":0.4098961206007068,"neg":0.43501524488821536,"neut":0.03124578657366041,"none":0.10652501993618035},"intensity":{"high":0.17990860763000655,"low":0.06801495370942749,"meium":0.6455514187396034,"none":0.10652501992096251},"expressive":{"dir-action":0.006174541857142856,"dir-explicit":0.3251229546428572,"dir-speech":0.29463328128571425,"indirect":0.25862597285714284,"writing-device":0.11544324935714287}}]