[{"id":"동아풍천민물장어","permalink":"","username":"asdfg","text":"별1/4은 없나요?\n아....돈날렸네...생강은 왜저렇게 굵은지 감자채인줄 알았음.\n잘은 모르겠지만 장어가... 저에게는 냉동완제품 느낌이랄까...\n손절하겠습니다.","date":"Mon Dec 10 23:59:44 +0000 2018","retweets":"30","favorites":"20","mentions":[],"hashtags":[],"geo":"","raw":"별1/4은 없나요?\n아....돈날렸네...생강은 왜저렇게 굵은지 감자채인줄 알았음.\n잘은 모르겠지만 장어가... 저에게는 냉동완제품 느낌이랄까...\n손절하겠습니다.","polarity":{"com":0.0034186344290598044,"pos":0.5033381530719054,"neg":0.4101959132014566,"neut":0.029862441218551774,"none":0.053184858079026405},"intensity":{"high":0.033691746211879155,"low":0.21034511898497538,"meium":0.7012637773784811,"none":0.05469935742466433},"expressive":{"dir-action":0.0008210180714872155,"dir-explicit":0.11659330857975667,"dir-speech":0.3783022271698787,"indirect":0.3739927318124281,"writing-device":0.13029071436644935}},{"id":"동아풍천민물장어","permalink":"","username":"asdfg","text":"온게 없는데 배달완료?","date":"Mon Dec 10 23:59:44 +0000 2018","retweets":"30","favorites":"20","mentions":[],"hashtags":[],"geo":"","raw":"온게 없는데 배달완료?","polarity":{"com":0,"pos":0.5,"neg":0.3333333333333333,"neut":0.16666666666666666,"none":0},"intensity":{"high":0,"low":0.111111111,"meium":0.888888889,"none":0},"expressive":{"dir-action":0,"dir-explicit":0.22222222233333333,"dir-speech":0.611111111,"indirect":0.16666666666666666,"writing-device":0}}]