[{"id":"강명수아저씨네-영등포본점","permalink":"","username":"asdfg","text":"주문전에 배달 예상시간이 10-20분 써있길래 늦어도 30분이면 오겠지 했는데 주문후 정확히 한시간 걸렸네요\n시간 넉넉히 잡고 주문 하셔야 할듯 합니다\n\n양은 넉넉해서 괜찮구요\n\n맛은 한약재를 넣으시는거 같네요\n아주 건강한맛입니다","date":"Mon Dec 10 23:59:44 +0000 2018","retweets":"30","favorites":"20","mentions":[],"hashtags":[],"geo":"","raw":"주문전에 배달 예상시간이 10-20분 써있길래 늦어도 30분이면 오겠지 했는데 주문후 정확히 한시간 걸렸네요\n시간 넉넉히 잡고 주문 하셔야 할듯 합니다\n\n양은 넉넉해서 괜찮구요\n\n맛은 한약재를 넣으시는거 같네요\n아주 건강한맛입니다","polarity":{"com":0.006282430250261769,"pos":0.550030567272918,"neg":0.38396814651599864,"neut":0.023653322417652223,"none":0.036065533543169395},"intensity":{"high":0.08885009420463123,"low":0.04587175683142201,"meium":0.8280400301321651,"none":0.03723811883178175},"expressive":{"dir-action":0.0018825823333333336,"dir-explicit":0.33171220291666664,"dir-speech":0.35991440824999993,"indirect":0.22467753174999996,"writing-device":0.08181327475}},{"id":"강명수아저씨네-영등포본점","permalink":"","username":"asdfg","text":"양도 적당하고 맛있습니다. 라면 사리 추가하였는데 아예 따로 분리해서 배달해주셔 좋았어요. 아쉬웠던 점은 너무 맵네요...매운거 못드시는 분이라면 맵기 조절하셔야 할 듯하네요~^^","date":"Mon Dec 10 23:59:44 +0000 2018","retweets":"30","favorites":"20","mentions":[],"hashtags":[],"geo":"","raw":"양도 적당하고 맛있습니다. 라면 사리 추가하였는데 아예 따로 분리해서 배달해주셔 좋았어요. 아쉬웠던 점은 너무 맵네요...매운거 못드시는 분이라면 맵기 조절하셔야 할 듯하네요~^^","polarity":{"com":0.015686115334379074,"pos":0.448525350963235,"neg":0.3433153486895544,"neut":0.05418871680361259,"none":0.138284468209219},"intensity":{"high":0.08588755700572584,"low":0.053786406470252436,"meium":0.7208451771813896,"none":0.1394808593426321},"expressive":{"dir-action":0.0020566061333333334,"dir-explicit":0.2692684132,"dir-speech":0.34138827979999997,"indirect":0.2038231588666667,"writing-device":0.18346354200000003}},{"id":"강명수아저씨네-영등포본점","permalink":"","username":"asdfg","text":"양이 많고 꽃개 쌀이 부드러워요 ㅎㅎ\n저녁시간 때라 배달이 늦은게 아쉬워요 \n맛있으니깐 추천 ~~~","date":"Mon Dec 10 23:59:44 +0000 2018","retweets":"30","favorites":"20","mentions":[],"hashtags":[],"geo":"","raw":"양이 많고 꽃개 쌀이 부드러워요 ㅎㅎ\n저녁시간 때라 배달이 늦은게 아쉬워요 \n맛있으니깐 추천 ~~~","polarity":{"com":0.003426333777397074,"pos":0.45825605128241603,"neg":0.468587165170157,"neut":0.06875149721458317,"none":0.0009789525554467818},"intensity":{"high":0.151131797828155,"low":0.10151693981161675,"meium":0.745882833581961,"none":0.0014684287782672533},"expressive":{"dir-action":0.0004894762223309946,"dir-explicit":0.240021668942227,"dir-speech":0.4930665715540147,"indirect":0.26495385450332304,"writing-device":0.0014684287781040945}}]