[{"id":"배달돼지-여의도점","permalink":"","username":"asdfg","text":"생각보다 양도 적지 않고 잘나옵니다~~~","date":"Mon Dec 10 23:59:44 +0000 2018","retweets":"30","favorites":"20","mentions":[],"hashtags":[],"geo":"","raw":"생각보다 양도 적지 않고 잘나옵니다~~~","polarity":{"com":0,"pos":0.5446428572723214,"neg":0.27380952363690475,"neut":0.16071428558035714,"none":0.020833333510416666},"intensity":{"high":0.0416666665,"low":0.23214285699999998,"meium":0.7053571430000001,"none":0.0208333335},"expressive":{"dir-action":0,"dir-explicit":0.294642857,"dir-speech":0.300595238,"indirect":0.3839285715,"writing-device":0.0208333335}},{"id":"배달돼지-여의도점","permalink":"","username":"asdfg","text":"배달도 빠르도 맛있어요~!!","date":"Mon Dec 10 23:59:44 +0000 2018","retweets":"30","favorites":"20","mentions":[],"hashtags":[],"geo":"","raw":"배달도 빠르도 맛있어요~!!","polarity":{"com":0,"pos":0.5,"neg":0.5,"neut":0,"none":0},"intensity":{"high":0,"low":0,"meium":1,"none":0},"expressive":{"dir-action":0,"dir-explicit":0,"dir-speech":1,"indirect":0,"writing-device":0}},{"id":"배달돼지-여의도점","permalink":"","username":"asdfg","text":"맛있어서 리뷰 처음으로 써봅니다^^","date":"Mon Dec 10 23:59:44 +0000 2018","retweets":"30","favorites":"20","mentions":[],"hashtags":[],"geo":"","raw":"맛있어서 리뷰 처음으로 써봅니다^^","polarity":{"com":0.0714285714642857,"pos":0.21428571439285712,"neg":0.6428571426785714,"neut":0,"none":0.0714285714642857},"intensity":{"high":0,"low":0,"meium":0.9285714285,"none":0.0714285715},"expressive":{"dir-action":0,"dir-explicit":0.1428571429285714,"dir-speech":0.7142857141428571,"indirect":0.0714285714642857,"writing-device":0.0714285714642857}},{"id":"배달돼지-여의도점","permalink":"","username":"asdfg","text":"오늘도 배달돼지\n맛도 배달도 가격도 좋아요\n오늘은 너무빨리오셨어요...","date":"Mon Dec 10 23:59:44 +0000 2018","retweets":"30","favorites":"20","mentions":[],"hashtags":[],"geo":"","raw":"오늘도 배달돼지\n맛도 배달도 가격도 좋아요\n오늘은 너무빨리오셨어요...","polarity":{"com":0.0034417157142857145,"pos":0.7128882738571428,"neg":0.20398478042857143,"neut":0.006883431285714285,"none":0.07280179871428571},"intensity":{"high":0.06350743686621535,"low":0.04141127629163018,"meium":0.8222794881174685,"none":0.07280179872468598},"expressive":{"dir-action":0,"dir-explicit":0.22241438953965512,"dir-speech":0.4370460047947078,"indirect":0.2687582151044631,"writing-device":0.0717813905611741}},{"id":"배달돼지-여의도점","permalink":"","username":"asdfg","text":"오늘은 쌈장이 쪼금 모자랐지만 그래도 맛있었슴다","date":"Mon Dec 10 23:59:44 +0000 2018","retweets":"30","favorites":"20","mentions":[],"hashtags":[],"geo":"","raw":"오늘은 쌈장이 쪼금 모자랐지만 그래도 맛있었슴다","polarity":{"com":0.005649717666666667,"pos":0.11864406766666664,"neg":0.8531073446666666,"neut":0.011299434999999997,"none":0.011299434999999997},"intensity":{"high":0.14500941604833645,"low":0.0451977400150659,"meium":0.798493408932831,"none":0.011299435003766475},"expressive":{"dir-action":0,"dir-explicit":0.20150659133333335,"dir-speech":0.5197740113333333,"indirect":0.2674199623333333,"writing-device":0.011299434999999998}},{"id":"배달돼지-여의도점","permalink":"","username":"asdfg","text":"먹어도 먹어도 맛있는 배달돼지","date":"Mon Dec 10 23:59:44 +0000 2018","retweets":"30","favorites":"20","mentions":[],"hashtags":[],"geo":"","raw":"먹어도 먹어도 맛있는 배달돼지","polarity":{"com":0,"pos":0.4166666665,"neg":0.5833333334999999,"neut":0,"none":0},"intensity":{"high":0.0555555555,"low":0.111111111,"meium":0.8333333334999999,"none":0},"expressive":{"dir-action":0,"dir-explicit":0.111111111,"dir-speech":0.888888889,"indirect":0,"writing-device":0}},{"id":"배달돼지-여의도점","permalink":"","username":"asdfg","text":"친구랑 둘이서먹은 날 둘이먹으니 맛이 두배","date":"Mon Dec 10 23:59:44 +0000 2018","retweets":"30","favorites":"20","mentions":[],"hashtags":[],"geo":"","raw":"친구랑 둘이서먹은 날 둘이먹으니 맛이 두배","polarity":{"com":0.09361233466666669,"pos":0.41374729050000014,"neg":0.46033494150000004,"neut":0.02936857566666667,"none":0.0029368576666666674},"intensity":{"high":0.12518938068753155,"low":0.12870894802145147,"meium":0.7416963849569493,"none":0.0044052863340675475},"expressive":{"dir-action":0.0014684286671561425,"dir-explicit":0.3060217234353405,"dir-speech":0.5238503136746168,"indirect":0.16425424788808474,"writing-device":0.004405286334801761}},{"id":"배달돼지-여의도점","permalink":"","username":"asdfg","text":"배달돼지. 안치워도돼지. 안구워도돼지. 안사와도돼지\n존맛탱이지","date":"Mon Dec 10 23:59:44 +0000 2018","retweets":"30","favorites":"20","mentions":[],"hashtags":[],"geo":"","raw":"배달돼지. 안치워도돼지. 안구워도돼지. 안사와도돼지\n존맛탱이지","polarity":{"com":0.006329976833333333,"pos":0.5243339626666665,"neg":0.3156833438333333,"neut":0.05873190683333332,"none":0.09492080983333333},"intensity":{"high":0.1455973358575995,"low":0.04107405067351234,"meium":0.7176735892862789,"none":0.09565502418260917},"expressive":{"dir-action":0.0007342143333333332,"dir-explicit":0.3291352003333334,"dir-speech":0.5060389133333333,"indirect":0.04879379066666667,"writing-device":0.11529788133333334}},{"id":"배달돼지-여의도점","permalink":"","username":"asdfg","text":"젓가락 숟가락을 안주셨어요","date":"Mon Dec 10 23:59:44 +0000 2018","retweets":"30","favorites":"20","mentions":[],"hashtags":[],"geo":"","raw":"젓가락 숟가락을 안주셨어요","polarity":{"com":0,"pos":0,"neg":1,"neut":0,"none":0},"intensity":{"high":0,"low":0,"meium":1,"none":0},"expressive":{"dir-action":0,"dir-explicit":0,"dir-speech":1,"indirect":0,"writing-device":0}},{"id":"배달돼지-여의도점","permalink":"","username":"asdfg","text":"맛있었어요^^~~~~||","date":"Mon Dec 10 23:59:44 +0000 2018","retweets":"30","favorites":"20","mentions":[],"hashtags":[],"geo":"","raw":"맛있었어요^^~~~~||","polarity":{"com":0,"pos":0,"neg":1,"neut":0,"none":0},"intensity":{"high":0,"low":0,"meium":1,"none":0},"expressive":{"dir-action":0,"dir-explicit":0,"dir-speech":1,"indirect":0,"writing-device":0}},{"id":"배달돼지-여의도점","permalink":"","username":"asdfg","text":"먹다가 보니깐 철수세미 뭐죠?","date":"Mon Dec 10 23:59:44 +0000 2018","retweets":"30","favorites":"20","mentions":[],"hashtags":[],"geo":"","raw":"먹다가 보니깐 철수세미 뭐죠?","polarity":{"com":0,"pos":0.333333333,"neg":0.666666667,"neut":0,"none":0},"intensity":{"high":0.111111111,"low":0.222222222,"meium":0.666666667,"none":0},"expressive":{"dir-action":0,"dir-explicit":0.222222222,"dir-speech":0.777777778,"indirect":0,"writing-device":0}},{"id":"배달돼지-여의도점","permalink":"","username":"asdfg","text":"양도 적당하고 간단히 먹기엔 편했는데, 찌개가 약간 밍밍했어요.. 푹 끓인 김치찌개였으면 더 좋았을텐데..","date":"Mon Dec 10 23:59:44 +0000 2018","retweets":"30","favorites":"20","mentions":[],"hashtags":[],"geo":"","raw":"양도 적당하고 간단히 먹기엔 편했는데, 찌개가 약간 밍밍했어요.. 푹 끓인 김치찌개였으면 더 좋았을텐데..","polarity":{"com":0.006008779900600877,"pos":0.5629924550562992,"neg":0.26026881722602696,"neut":0.035096947403509694,"none":0.13563300041356333},"intensity":{"high":0.19596962441959695,"low":0.15430664731543065,"meium":0.5129828168512983,"none":0.1367409114136741},"expressive":{"dir-action":0.0006451613,"dir-explicit":0.42660093079999994,"dir-speech":0.14764047019999998,"indirect":0.28593235140000006,"writing-device":0.13918108629999998}},{"id":"배달돼지-여의도점","permalink":"","username":"asdfg","text":"고기추가했지만 양은 괜찮은거같아요\n돼지냄새가 조금 나긴네요\n배달은 빨라요","date":"Mon Dec 10 23:59:44 +0000 2018","retweets":"30","favorites":"20","mentions":[],"hashtags":[],"geo":"","raw":"고기추가했지만 양은 괜찮은거같아요\n돼지냄새가 조금 나긴네요\n배달은 빨라요","polarity":{"com":0.004537998999999999,"pos":0.359007654375,"neg":0.4265012757499999,"neut":0.20222115912499994,"none":0.007731911749999998},"intensity":{"high":0.21768498265221062,"low":0.09396528151174566,"meium":0.6803490068350436,"none":0.00800072900100009},"expressive":{"dir-action":0.0008064516250000001,"dir-explicit":0.26064561700000005,"dir-speech":0.35674321125,"indirect":0.24907280837500004,"writing-device":0.13273191175000001}},{"id":"배달돼지-여의도점","permalink":"","username":"asdfg","text":"한강에서 먹기 딱 좋음 김치찌개는 얼큰칼칼보단 달달까진 아니고 간단하게 먹기좋은?... 쪼금 단맛 밥이랑막 퍼먹기에좋","date":"Mon Dec 10 23:59:44 +0000 2018","retweets":"30","favorites":"20","mentions":[],"hashtags":[],"geo":"","raw":"한강에서 먹기 딱 좋음 김치찌개는 얼큰칼칼보단 달달까진 아니고 간단하게 먹기좋은?... 쪼금 단맛 밥이랑막 퍼먹기에좋","polarity":{"com":0.0026693360002965926,"pos":0.595193288510577,"neg":0.36306401648478487,"neut":0.014252347557139148,"none":0.024821011447202335},"intensity":{"high":0.10756470755555554,"low":0.09851375177777778,"meium":0.7687668622222222,"none":0.02515467844444445},"expressive":{"dir-action":0.000333667,"dir-explicit":0.30172076833333333,"dir-speech":0.5458124792222222,"indirect":0.12521473855555557,"writing-device":0.026918346888888892}},{"id":"배달돼지-여의도점","permalink":"","username":"asdfg","text":"역대중 가장 훌륭했습니다\n퍼펙트","date":"Mon Dec 10 23:59:44 +0000 2018","retweets":"30","favorites":"20","mentions":[],"hashtags":[],"geo":"","raw":"역대중 가장 훌륭했습니다\n퍼펙트","polarity":{"com":0,"pos":1,"neg":0,"neut":0,"none":0},"intensity":{"high":0,"low":0.1666666665,"meium":0.8333333334999999,"none":0},"expressive":{"dir-action":0,"dir-explicit":0.3333333335,"dir-speech":0.1666666665,"indirect":0.5,"writing-device":0}},{"id":"배달돼지-여의도점","permalink":"","username":"asdfg","text":"사진은 깜빡했네요! ㅠㅠ 처음 주문해봤는데 50분 걸린다구 하셨는데 10분만에 오셔서 깜짝 놀랐어요!! 배달하시는분도 친절하시고 음식도 따뜻해서 제일 좋았어요 ㅎㅎ 찌개는 심지어 뜨겁더라구요ㅋㅋ 고기도 맛있고 찌개도 맛있고 너무 맛있게 잘먹었습니다~~다음에 또 주문할게요!!","date":"Mon Dec 10 23:59:44 +0000 2018","retweets":"30","favorites":"20","mentions":[],"hashtags":[],"geo":"","raw":"사진은 깜빡했네요! ㅠㅠ 처음 주문해봤는데 50분 걸린다구 하셨는데 10분만에 오셔서 깜짝 놀랐어요!! 배달하시는분도 친절하시고 음식도 따뜻해서 제일 좋았어요 ㅎㅎ 찌개는 심지어 뜨겁더라구요ㅋㅋ 고기도 맛있고 찌개도 맛있고 너무 맛있게 잘먹었습니다~~다음에 또 주문할게요!!","polarity":{"com":0.017890127000000002,"pos":0.4088231195454546,"neg":0.35748209918181817,"neut":0.13100831277272726,"none":0.08479634150000001},"intensity":{"high":0.05948767917911421,"low":0.0646689765879696,"meium":0.7900947813731776,"none":0.08574856285973871},"expressive":{"dir-action":0.0015387315907692061,"dir-explicit":0.18225508098343138,"dir-speech":0.4013914229180553,"indirect":0.32174886824347737,"writing-device":0.09306589626426674}},{"id":"배달돼지-여의도점","permalink":"","username":"asdfg","text":"배달빠르게 잘먹었습니댱!!","date":"Mon Dec 10 23:59:44 +0000 2018","retweets":"30","favorites":"20","mentions":[],"hashtags":[],"geo":"","raw":"배달빠르게 잘먹었습니댱!!","polarity":{"com":0,"pos":0.8571428574285714,"neg":0.10714285705357143,"neut":0.035714285517857144,"none":0},"intensity":{"high":0,"low":0.107142857,"meium":0.8928571430000001,"none":0},"expressive":{"dir-action":0,"dir-explicit":0.107142857,"dir-speech":0.5714285715,"indirect":0.3214285715,"writing-device":0}},{"id":"배달돼지-여의도점","permalink":"","username":"asdfg","text":"배달도 빠르고 맛있고 친절해서 좋았어요!","date":"Mon Dec 10 23:59:44 +0000 2018","retweets":"30","favorites":"20","mentions":[],"hashtags":[],"geo":"","raw":"배달도 빠르고 맛있고 친절해서 좋았어요!","polarity":{"com":0.0038709677999999997,"pos":0.6872258064000001,"neg":0.2785376344,"neut":0.0167741936,"none":0.013591397799999998},"intensity":{"high":0.06795698919999998,"low":0.09789247299999998,"meium":0.8201290323999999,"none":0.014021505399999998},"expressive":{"dir-action":0.0012903226,"dir-explicit":0.182795699,"dir-speech":0.4989247312000001,"indirect":0.3033978494,"writing-device":0.013591397799999998}},{"id":"배달돼지-여의도점","permalink":"","username":"asdfg","text":"60분뒤 도착예정이었는데 30분 안걸려서 도착했어요!\n양도 생각보다 안적었구 계란찜이나 찌개도 맛났는데\n공기밥하나에 옷에서 나온 털? 같은게 2개 들어있어서\n좀 찝찝했던거 말고는 만족하면서 먹었습니다~","date":"Mon Dec 10 23:59:44 +0000 2018","retweets":"30","favorites":"20","mentions":[],"hashtags":[],"geo":"","raw":"60분뒤 도착예정이었는데 30분 안걸려서 도착했어요!\n양도 생각보다 안적었구 계란찜이나 찌개도 맛났는데\n공기밥하나에 옷에서 나온 털? 같은게 2개 들어있어서\n좀 찝찝했던거 말고는 만족하면서 먹었습니다~","polarity":{"com":0.006172689789148806,"pos":0.46536176039655985,"neg":0.3796183231379148,"neut":0.1024520047314499,"none":0.04639522194492657},"intensity":{"high":0.057975402684210545,"low":0.09659207984210529,"meium":0.7988109231052632,"none":0.04662159436842106},"expressive":{"dir-action":0.004438515631578946,"dir-explicit":0.3112225612631579,"dir-speech":0.48861776542105256,"indirect":0.11759034678947365,"writing-device":0.07813081089473682}},{"id":"배달돼지-여의도점","permalink":"","username":"asdfg","text":"주말에 일할게 남아있어서 출근은 했는데 배는 고프고 밖에서 먹자니 여의도 특성상 많은 가게가 문을 닫아서 뭘 먹을까 고민하다가 시켜봤는데 맛있었어요 뭔가 깔끔한 맛이랄까요? 믿고 시켜도 후회는 안할거에요","date":"Mon Dec 10 23:59:44 +0000 2018","retweets":"30","favorites":"20","mentions":[],"hashtags":[],"geo":"","raw":"주말에 일할게 남아있어서 출근은 했는데 배는 고프고 밖에서 먹자니 여의도 특성상 많은 가게가 문을 닫아서 뭘 먹을까 고민하다가 시켜봤는데 맛있었어요 뭔가 깔끔한 맛이랄까요? 믿고 시켜도 후회는 안할거에요","polarity":{"com":0.003827908368421052,"pos":0.30292320326315797,"neg":0.604562017368421,"neut":0.03897933436842106,"none":0.049707536631578945},"intensity":{"high":0.10974956504107897,"low":0.11864461382961636,"meium":0.7205521599767839,"none":0.05105366115252067},"expressive":{"dir-action":0.0011025720528056691,"dir-explicit":0.17207471386927495,"dir-speech":0.4200918319610671,"indirect":0.32789919931493144,"writing-device":0.07883168280192078}},{"id":"배달돼지-여의도점","permalink":"","username":"asdfg","text":"배달도 빠르고.  양도 많고 맛있어요^^/","date":"Mon Dec 10 23:59:44 +0000 2018","retweets":"30","favorites":"20","mentions":[],"hashtags":[],"geo":"","raw":"배달도 빠르고.  양도 많고 맛있어요^^/","polarity":{"com":0,"pos":0.5978260870000001,"neg":0.39130434775,"neut":0.01086956525,"none":0},"intensity":{"high":0.06521739126630435,"low":0.13768115928442032,"meium":0.7971014494492753,"none":0},"expressive":{"dir-action":0,"dir-explicit":0.1304347825326087,"dir-speech":0.5543478261385869,"indirect":0.3152173913288044,"writing-device":0}},{"id":"배달돼지-여의도점","permalink":"","username":"asdfg","text":"고기가 느끼하지 않고 넘 맛있어요.양도  많아서 푸짐하게 맛있게 먹었답니다. 오늘하루 행복함을 주네요~~~^♡^","date":"Mon Dec 10 23:59:44 +0000 2018","retweets":"30","favorites":"20","mentions":[],"hashtags":[],"geo":"","raw":"고기가 느끼하지 않고 넘 맛있어요.양도  많아서 푸짐하게 맛있게 먹었답니다. 오늘하루 행복함을 주네요~~~^♡^","polarity":{"com":0.06089422755555555,"pos":0.3277625452222222,"neg":0.4271662966666666,"neut":0.17883825855555555,"none":0.005338671999999999},"intensity":{"high":0.12224543379136062,"low":0.06753129934083682,"meium":0.8042172608671353,"none":0.006006006000667335},"expressive":{"dir-action":0.0006673340000741482,"dir-explicit":0.3187317751465258,"dir-speech":0.4639276958293253,"indirect":0.21066718902340745,"writing-device":0.006006006000667335}}]