[{"id":"작살감자탕","permalink":"","username":"asdfg","text":"맛이..국물은 오래끓인거같은데 감자는 뭉개지지않고 고기는짜요...느낌이 오래끓여서 짠거에 물탄느낀이예요....음...","date":"Mon Dec 10 23:59:44 +0000 2018","retweets":"30","favorites":"20","mentions":[],"hashtags":[],"geo":"","raw":"맛이..국물은 오래끓인거같은데 감자는 뭉개지지않고 고기는짜요...느낌이 오래끓여서 짠거에 물탄느낀이예요....음...","polarity":{"com":0.0016949153001694917,"pos":0.3140059187314006,"neg":0.5517258542551726,"neut":0.12124697331212468,"none":0.011326338401132634},"intensity":{"high":0.02167742800216774,"low":0.09403551250940355,"meium":0.872960721087296,"none":0.011326338401132634},"expressive":{"dir-action":0,"dir-explicit":0.11299166000000001,"dir-speech":0.6609322034,"indirect":0.06316249659999999,"writing-device":0.16291364000000003}},{"id":"작살감자탕","permalink":"","username":"asdfg","text":"맛은 괜찮았는데 양이 좀 적네요","date":"Mon Dec 10 23:59:44 +0000 2018","retweets":"30","favorites":"20","mentions":[],"hashtags":[],"geo":"","raw":"맛은 괜찮았는데 양이 좀 적네요","polarity":{"com":0,"pos":1,"neg":0,"neut":0,"none":0},"intensity":{"high":0,"low":0,"meium":1,"none":0},"expressive":{"dir-action":0,"dir-explicit":0.2,"dir-speech":0.8,"indirect":0,"writing-device":0}},{"id":"작살감자탕","permalink":"","username":"asdfg","text":"일단 양이 엄청 많네요! 둘이 먹고 남은게 큰냄비 하나 가득이구여.. 고기 양도 많았던거 같아요~~ 배달이었지만 우리동네 감자탕집 보다 훨씬 맛있다고 엄지척 하며 먹었어요!","date":"Mon Dec 10 23:59:44 +0000 2018","retweets":"30","favorites":"20","mentions":[],"hashtags":[],"geo":"","raw":"일단 양이 엄청 많네요! 둘이 먹고 남은게 큰냄비 하나 가득이구여.. 고기 양도 많았던거 같아요~~ 배달이었지만 우리동네 감자탕집 보다 훨씬 맛있다고 엄지척 하며 먹었어요!","polarity":{"com":0.013078494065794767,"pos":0.37823523164145095,"neg":0.42569001197162065,"neut":0.10271540419315231,"none":0.08028085812798127},"intensity":{"high":0.12086142348278152,"low":0.10959516208127934,"meium":0.6882025870250937,"none":0.08134082741084545},"expressive":{"dir-action":0.001059969266949325,"dir-explicit":0.2692549592051347,"dir-speech":0.48909920459709316,"indirect":0.0910458058242789,"writing-device":0.14954006110654403}},{"id":"작살감자탕","permalink":"","username":"asdfg","text":"고기 위주일줄 알았는데 해물 위주였어요","date":"Mon Dec 10 23:59:44 +0000 2018","retweets":"30","favorites":"20","mentions":[],"hashtags":[],"geo":"","raw":"고기 위주일줄 알았는데 해물 위주였어요","polarity":{"com":0.00571895425,"pos":0.09640522875,"neg":0.5694444445,"neut":0.272875817,"none":0.0555555555},"intensity":{"high":0.03186274500796568,"low":0.5204248366301062,"meium":0.39215686284803924,"none":0.05555555551388889},"expressive":{"dir-action":0,"dir-explicit":0.1045751635,"dir-speech":0.30065359475,"indirect":0.2843137255,"writing-device":0.31045751625}},{"id":"작살감자탕","permalink":"","username":"asdfg","text":"뭐 좀 하고 얘기 합시다. 배달이 돼먀 맛을 얘기히고 서비스를 얘기합니다. 여기요 앱을 통해 했고 기다리다 전화했더니 대응은 여기요에 확인하세요. 그러면 여기요 통해서 주문 받지 말고 내리세요.","date":"Mon Dec 10 23:59:44 +0000 2018","retweets":"30","favorites":"20","mentions":[],"hashtags":[],"geo":"","raw":"뭐 좀 하고 얘기 합시다. 배달이 돼먀 맛을 얘기히고 서비스를 얘기합니다. 여기요 앱을 통해 했고 기다리다 전화했더니 대응은 여기요에 확인하세요. 그러면 여기요 통해서 주문 받지 말고 내리세요.","polarity":{"com":0.00379010857124809,"pos":0.5898906341623862,"neg":0.30808057336628186,"neut":0.026933523332050787,"none":0.07130516056803309},"intensity":{"high":0.09405562265323016,"low":0.08796253270171965,"meium":0.7455819933220598,"none":0.0723998513229905},"expressive":{"dir-action":0.00109469076195689,"dir-explicit":0.14006361600666972,"dir-speech":0.5373274055017775,"indirect":0.24512810977357755,"writing-device":0.0763861779560184}},{"id":"작살감자탕","permalink":"","username":"asdfg","text":"전화받는 알바생부터 교육좀 시켜주셨으면하네요 작살감자탕 이름 먹칠하는듯  무슨 중학생인가요 혼자 열폭에 삐지는지","date":"Mon Dec 10 23:59:44 +0000 2018","retweets":"30","favorites":"20","mentions":[],"hashtags":[],"geo":"","raw":"전화받는 알바생부터 교육좀 시켜주셨으면하네요 작살감자탕 이름 먹칠하는듯  무슨 중학생인가요 혼자 열폭에 삐지는지","polarity":{"com":0.0053724909000000005,"pos":0.4890255694,"neg":0.4199431467,"neut":0.0244339753,"none":0.0612248177},"intensity":{"high":0.0382178454961782,"low":0.115759849288424,"meium":0.7834330084216566,"none":0.06258929679374105},"expressive":{"dir-action":0.0017945866001794581,"dir-explicit":0.15598653561559864,"dir-speech":0.45776978054577694,"indirect":0.3178152194317815,"writing-device":0.06663387780666337}},{"id":"작살감자탕","permalink":"","username":"asdfg","text":"감자도 크구 고기도 많고 맛도 좋아요","date":"Mon Dec 10 23:59:44 +0000 2018","retweets":"30","favorites":"20","mentions":[],"hashtags":[],"geo":"","raw":"감자도 크구 고기도 많고 맛도 좋아요","polarity":{"com":0,"pos":0.6622608696000001,"neg":0.12104347820000001,"neut":0.2086956522,"none":0.008},"intensity":{"high":0.09217391301843479,"low":0.05147826081029565,"meium":0.8483478261696696,"none":0.0080000000016},"expressive":{"dir-action":0,"dir-explicit":0.4243478260848695,"dir-speech":0.4834782608966956,"indirect":0.08417391301683479,"writing-device":0.008000000001599998}},{"id":"작살감자탕","permalink":"","username":"asdfg","text":"배달은 심하게 오래걸리고 맛도 그냥 짜기만하고 양도 많긴 이게 뭐가 많아 적기만 하고 별로예요.\n리뷰 보고 시킨건데 망함. 만두 이런거 서비스로 줄거면 그냥 주지마요.군만두가 아무리 식었어도 이지경이된 맛은 아닐것같네요.\n한번 사장님 잡숴보고 판매 해보세요. 자취해서 딱 아는데 이건 한번 구웠던 만두를 냉장보관했던 그 맛이에요.","date":"Mon Dec 10 23:59:44 +0000 2018","retweets":"30","favorites":"20","mentions":[],"hashtags":[],"geo":"","raw":"배달은 심하게 오래걸리고 맛도 그냥 짜기만하고 양도 많긴 이게 뭐가 많아 적기만 하고 별로예요.\n리뷰 보고 시킨건데 망함. 만두 이런거 서비스로 줄거면 그냥 주지마요.군만두가 아무리 식었어도 이지경이된 맛은 아닐것같네요.\n한번 사장님 잡숴보고 판매 해보세요. 자취해서 딱 아는데 이건 한번 구웠던 만두를 냉장보관했던 그 맛이에요.","polarity":{"com":0.007504580066416512,"pos":0.40542134645315264,"neg":0.4046398567198454,"neut":0.04760685329841311,"none":0.1348273634621724},"intensity":{"high":0.11378436264471173,"low":0.091526632742486,"meium":0.6590039861992337,"none":0.1356850184135685},"expressive":{"dir-action":0.0008547359999145266,"dir-explicit":0.19346285524732038,"dir-speech":0.48303025451836373,"indirect":0.16476424635019024,"writing-device":0.15788790788421117}},{"id":"작살감자탕","permalink":"","username":"asdfg","text":"수제비넣어서 먹으니까 진짜 맛있더라구요...ㅜㅜㅜ 환상잋","date":"Mon Dec 10 23:59:44 +0000 2018","retweets":"30","favorites":"20","mentions":[],"hashtags":[],"geo":"","raw":"수제비넣어서 먹으니까 진짜 맛있더라구요...ㅜㅜㅜ 환상잋","polarity":{"com":0,"pos":0.27083333325000003,"neg":0.66666666675,"neut":0.0625,"none":0},"intensity":{"high":0.09027777775,"low":0.0555555555,"meium":0.85416666675,"none":0},"expressive":{"dir-action":0,"dir-explicit":0.11805555549999999,"dir-speech":0.6944444445,"indirect":0.1875,"writing-device":0}},{"id":"작살감자탕","permalink":"","username":"asdfg","text":"궁중팬에 가득이네요~한번끓여먹으니 우거지도 흐물흐물 더맛있어요~근데 서비스만두는 차갑고 기름쩐내가 좀나서 못먹고 버렸네요..담엔 신경좀 써주시길..","date":"Mon Dec 10 23:59:44 +0000 2018","retweets":"30","favorites":"20","mentions":[],"hashtags":[],"geo":"","raw":"궁중팬에 가득이네요~한번끓여먹으니 우거지도 흐물흐물 더맛있어요~근데 서비스만두는 차갑고 기름쩐내가 좀나서 못먹고 버렸네요..담엔 신경좀 써주시길..","polarity":{"com":0.0005494505385460693,"pos":0.4906301427677893,"neg":0.42769416583502995,"neut":0.032055263543393116,"none":0.04907097731524169},"intensity":{"high":0.17241333546153848,"low":0.23266576415384618,"meium":0.5458499230769231,"none":0.04907097730769232},"expressive":{"dir-action":0,"dir-explicit":0.2502813612115168,"dir-speech":0.46465068750271915,"indirect":0.23410442205891505,"writing-device":0.05096352922684896}},{"id":"작살감자탕","permalink":"","username":"asdfg","text":"감자탕은 여기서만 시켜먹는데 고기가 너무 부드러워서 좋아요~","date":"Mon Dec 10 23:59:44 +0000 2018","retweets":"30","favorites":"20","mentions":[],"hashtags":[],"geo":"","raw":"감자탕은 여기서만 시켜먹는데 고기가 너무 부드러워서 좋아요~","polarity":{"com":0.026634382671105728,"pos":0.32193497638698915,"neg":0.3856012913976002,"neut":0.18086339269681057,"none":0.08496595684749433},"intensity":{"high":0.10970454535161742,"low":0.09865910601644318,"meium":0.706670391784445,"none":0.08496595684749433},"expressive":{"dir-action":0,"dir-explicit":0.3159344108333333,"dir-speech":0.513204059,"indirect":0.09016907766666665,"writing-device":0.08069245249999998}},{"id":"작살감자탕","permalink":"","username":"asdfg","text":"맛잇어요 감자는 좀 덜익혀오네요!! 동생이 감자탕을 좋아해서 시켯는데 잘먹네요","date":"Mon Dec 10 23:59:44 +0000 2018","retweets":"30","favorites":"20","mentions":[],"hashtags":[],"geo":"","raw":"맛잇어요 감자는 좀 덜익혀오네요!! 동생이 감자탕을 좋아해서 시켯는데 잘먹네요","polarity":{"com":0.0074082892878309416,"pos":0.668881216191109,"neg":0.24444274349841225,"neut":0.06538422801868121,"none":0.013883523003966725},"intensity":{"high":0.1091897615870271,"low":0.14878725702125534,"meium":0.7275101318182158,"none":0.014512849573501836},"expressive":{"dir-action":0.0027743287146820466,"dir-explicit":0.30914750947273534,"dir-speech":0.44537814820648264,"indirect":0.22506158946072302,"writing-device":0.017638424145376915}},{"id":"작살감자탕","permalink":"","username":"asdfg","text":"맛있게 잘 먹었습니다.","date":"Mon Dec 10 23:59:44 +0000 2018","retweets":"30","favorites":"20","mentions":[],"hashtags":[],"geo":"","raw":"맛있게 잘 먹었습니다.","polarity":{"com":0,"pos":0.35714285717857136,"neg":0.6071428573035714,"neut":0.03571428551785714,"none":0},"intensity":{"high":0,"low":0.107142857,"meium":0.8928571430000001,"none":0},"expressive":{"dir-action":0,"dir-explicit":0.107142857,"dir-speech":0.5714285715,"indirect":0.3214285715,"writing-device":0}},{"id":"작살감자탕","permalink":"","username":"asdfg","text":"6시에 주문했을때 55분 걸린다해서 기다리는데 도착시간보다 30분이 넘어도 소식이 없네요.","date":"Mon Dec 10 23:59:44 +0000 2018","retweets":"30","favorites":"20","mentions":[],"hashtags":[],"geo":"","raw":"6시에 주문했을때 55분 걸린다해서 기다리는데 도착시간보다 30분이 넘어도 소식이 없네요.","polarity":{"com":0.005291407124338575,"pos":0.4274781355715652,"neg":0.48140008631482506,"neut":0.060303761992462034,"none":0.02552660899680918},"intensity":{"high":0.08335520625000001,"low":0.092731120125,"meium":0.789820674875,"none":0.034092998750000006},"expressive":{"dir-action":0.00198744237549686,"dir-explicit":0.32980169820745037,"dir-speech":0.2879668396969917,"indirect":0.3498564052124641,"writing-device":0.030387614507596902}},{"id":"작살감자탕","permalink":"","username":"asdfg","text":"1시간 지났는데도 안오네요 ㅋ","date":"Mon Dec 10 23:59:44 +0000 2018","retweets":"30","favorites":"20","mentions":[],"hashtags":[],"geo":"","raw":"1시간 지났는데도 안오네요 ㅋ","polarity":{"com":0,"pos":0.12499999999999999,"neg":0.875,"neut":0,"none":0},"intensity":{"high":0.12499999999999999,"low":0,"meium":0.875,"none":0},"expressive":{"dir-action":0,"dir-explicit":0.625,"dir-speech":0.25,"indirect":0.12499999999999999,"writing-device":0}},{"id":"작살감자탕","permalink":"","username":"asdfg","text":"ㅎㅎㅎ","date":"Mon Dec 10 23:59:44 +0000 2018","retweets":"30","favorites":"20","mentions":[],"hashtags":[],"geo":"","raw":"ㅎㅎㅎ","polarity":{"com":null,"pos":null,"neg":null,"neut":null,"none":null},"intensity":{"high":null,"low":null,"meium":null,"none":null},"expressive":{"dir-action":null,"dir-explicit":null,"dir-speech":null,"indirect":null,"writing-device":null}},{"id":"작살감자탕","permalink":"","username":"asdfg","text":"맛있어요 잘먹고있습니다 뼈도많이들어있네요","date":"Mon Dec 10 23:59:44 +0000 2018","retweets":"30","favorites":"20","mentions":[],"hashtags":[],"geo":"","raw":"맛있어요 잘먹고있습니다 뼈도많이들어있네요","polarity":{"com":0,"pos":0.5714285715238094,"neg":0.40476190480158725,"neut":0.023809523674603175,"none":0},"intensity":{"high":0,"low":0.40476190466666667,"meium":0.5952380953333334,"none":0},"expressive":{"dir-action":0,"dir-explicit":0.07142857133333334,"dir-speech":0.7142857143333333,"indirect":0.21428571433333332,"writing-device":0}},{"id":"작살감자탕","permalink":"","username":"asdfg","text":"드시는분들은 아래쪽까지 저어주세요! 물론 양이 정말 많아서 힘드시겠지만ㅎㅎ 감자 추가를 했는데 정말 큰 감자가 여러개 들어있어서 놀랐어요. 고기는 되게 잘 뜯어지고 부드럽고! 지금은 배불리먹고 쉬는중이예요. 양이 많아서 오늘 저녁과 내일 점심으로 먹어야 끝날것같아요. 버섯이 들어가있는데 저는 별로 취향이 아니라 하나 뺄께요. 그래도 맛있어요~","date":"Mon Dec 10 23:59:44 +0000 2018","retweets":"30","favorites":"20","mentions":[],"hashtags":[],"geo":"","raw":"드시는분들은 아래쪽까지 저어주세요! 물론 양이 정말 많아서 힘드시겠지만ㅎㅎ 감자 추가를 했는데 정말 큰 감자가 여러개 들어있어서 놀랐어요. 고기는 되게 잘 뜯어지고 부드럽고! 지금은 배불리먹고 쉬는중이예요. 양이 많아서 오늘 저녁과 내일 점심으로 먹어야 끝날것같아요. 버섯이 들어가있는데 저는 별로 취향이 아니라 하나 뺄께요. 그래도 맛있어요~","polarity":{"com":0.004702987222222222,"pos":0.3288217376296296,"neg":0.35056660685185187,"neut":0.17673733844444448,"none":0.13917132985185182},"intensity":{"high":0.10590733412680112,"low":0.12681910153730658,"meium":0.6259248862038407,"none":0.14134867813205168},"expressive":{"dir-action":0.005454164037037037,"dir-explicit":0.25477531185185187,"dir-speech":0.42056648425925924,"indirect":0.17745983318518518,"writing-device":0.14174420666666662}},{"id":"작살감자탕","permalink":"","username":"asdfg","text":"감자탕 맛은 보통이고.. 많이 맵게해달라고 요청사항에 말햇는데요 하나도 안맵네요...ㅡㅡ","date":"Mon Dec 10 23:59:44 +0000 2018","retweets":"30","favorites":"20","mentions":[],"hashtags":[],"geo":"","raw":"감자탕 맛은 보통이고.. 많이 맵게해달라고 요청사항에 말햇는데요 하나도 안맵네요...ㅡㅡ","polarity":{"com":0.00429625875,"pos":0.5423015468750001,"neg":0.30049403637500005,"neut":0.08131851875,"none":0.07158963925},"intensity":{"high":0.2082505774739687,"low":0.134151936733231,"meium":0.5845710649269286,"none":0.07302642086587169},"expressive":{"dir-action":0.001436781625,"dir-explicit":0.358406161875,"dir-speech":0.476811186625,"indirect":0.0771824055,"writing-device":0.086163464375}},{"id":"작살감자탕","permalink":"","username":"asdfg","text":"콜라빠졌어요 담엔 꼭 챙겨주세요","date":"Mon Dec 10 23:59:44 +0000 2018","retweets":"30","favorites":"20","mentions":[],"hashtags":[],"geo":"","raw":"콜라빠졌어요 담엔 꼭 챙겨주세요","polarity":{"com":0,"pos":0.2587301586293651,"neg":0.6539682543269841,"neut":0.04761904752380952,"none":0.03968253951984127},"intensity":{"high":0.11587301600000001,"low":0.219047619,"meium":0.6253968255,"none":0.0396825395},"expressive":{"dir-action":0,"dir-explicit":0.3793650795,"dir-speech":0.43333333350000003,"indirect":0.1396825395,"writing-device":0.0476190475}},{"id":"작살감자탕","permalink":"","username":"asdfg","text":"맛있게 잘먹었습니다","date":"Mon Dec 10 23:59:44 +0000 2018","retweets":"30","favorites":"20","mentions":[],"hashtags":[],"geo":"","raw":"맛있게 잘먹었습니다","polarity":{"com":0,"pos":0.35714285717857136,"neg":0.6071428573035714,"neut":0.03571428551785714,"none":0},"intensity":{"high":0,"low":0.107142857,"meium":0.8928571430000001,"none":0},"expressive":{"dir-action":0,"dir-explicit":0.107142857,"dir-speech":0.5714285715,"indirect":0.3214285715,"writing-device":0}},{"id":"작살감자탕","permalink":"","username":"asdfg","text":"The food was too salty but good","date":"Mon Dec 10 23:59:44 +0000 2018","retweets":"30","favorites":"20","mentions":[],"hashtags":[],"geo":"","raw":"The food was too salty but good","polarity":{"com":null,"pos":null,"neg":null,"neut":null,"none":null},"intensity":{"high":null,"low":null,"meium":null,"none":null},"expressive":{"dir-action":null,"dir-explicit":null,"dir-speech":null,"indirect":null,"writing-device":null}},{"id":"작살감자탕","permalink":"","username":"asdfg","text":"맛 최고\n양최고 \n국굳","date":"Mon Dec 10 23:59:44 +0000 2018","retweets":"30","favorites":"20","mentions":[],"hashtags":[],"geo":"","raw":"맛 최고\n양최고 \n국굳","polarity":{"com":0,"pos":0.9444444445,"neg":0.0555555555,"neut":0,"none":0},"intensity":{"high":0.388888889,"low":0,"meium":0.611111111,"none":0},"expressive":{"dir-action":0,"dir-explicit":0,"dir-speech":0.5,"indirect":0.5,"writing-device":0}},{"id":"작살감자탕","permalink":"","username":"asdfg","text":"맛있어용 ㅜㅜ 고기 5갠가 들어있꾸ㅜㅜ 벌써 4번째 주문 ㅜ.ㅜ","date":"Mon Dec 10 23:59:44 +0000 2018","retweets":"30","favorites":"20","mentions":[],"hashtags":[],"geo":"","raw":"맛있어용 ㅜㅜ 고기 5갠가 들어있꾸ㅜㅜ 벌써 4번째 주문 ㅜ.ㅜ","polarity":{"com":0,"pos":0.2,"neg":0.5,"neut":0.2,"none":0.1},"intensity":{"high":0,"low":0,"meium":0.9,"none":0.1},"expressive":{"dir-action":0,"dir-explicit":0.2,"dir-speech":0.7,"indirect":0,"writing-device":0.1}},{"id":"작살감자탕","permalink":"","username":"asdfg","text":"잘 먹었습니다","date":"Mon Dec 10 23:59:44 +0000 2018","retweets":"30","favorites":"20","mentions":[],"hashtags":[],"geo":"","raw":"잘 먹었습니다","polarity":{"com":0,"pos":0.7142857147142857,"neg":0.21428571421428572,"neut":0.07142857107142857,"none":0},"intensity":{"high":0,"low":0.214285714,"meium":0.785714286,"none":0},"expressive":{"dir-action":0,"dir-explicit":0.214285714,"dir-speech":0.142857143,"indirect":0.642857143,"writing-device":0}},{"id":"작살감자탕","permalink":"","username":"asdfg","text":"국물이 조금 짠데 밥이랑 맛있게먹었어요","date":"Mon Dec 10 23:59:44 +0000 2018","retweets":"30","favorites":"20","mentions":[],"hashtags":[],"geo":"","raw":"국물이 조금 짠데 밥이랑 맛있게먹었어요","polarity":{"com":0.007709251000000001,"pos":0.19126284875000002,"neg":0.7767988252500001,"neut":0.022026431750000002,"none":0.0022026432500000005},"intensity":{"high":0.05420949576355238,"low":0.2135952030533988,"meium":0.6038913364009729,"none":0.12830396478207598},"expressive":{"dir-action":0.0011013215002753302,"dir-explicit":0.2840797845710199,"dir-speech":0.6597528146649382,"indirect":0.05176211451294052,"writing-device":0.0033039647508259907}},{"id":"작살감자탕","permalink":"","username":"asdfg","text":"어마무시하게 짬... 그래서 밥 엄청 먹어야하함.\n감자만 양념이 베이지않아 유일하게 간이 맞음","date":"Mon Dec 10 23:59:44 +0000 2018","retweets":"30","favorites":"20","mentions":[],"hashtags":[],"geo":"","raw":"어마무시하게 짬... 그래서 밥 엄청 먹어야하함.\n감자만 양념이 베이지않아 유일하게 간이 맞음","polarity":{"com":0.007837289715405328,"pos":0.44467239192066743,"neg":0.455897054922271,"neut":0.02463154443209022,"none":0.06696171900956595},"intensity":{"high":0.09367691744195385,"low":0.18901146859843024,"meium":0.5778629965111233,"none":0.13944861744849266},"expressive":{"dir-action":0.0010583270001511896,"dir-explicit":0.31927946247418276,"dir-speech":0.29951753075707394,"indirect":0.31578763747368394,"writing-device":0.06435704229490814}},{"id":"작살감자탕","permalink":"","username":"asdfg","text":"사진찍는걸깜빡했네요 ㅋㅋ 한끼먹고남은양이 이정도입니다 성인남성이에요~~감사해요","date":"Mon Dec 10 23:59:44 +0000 2018","retweets":"30","favorites":"20","mentions":[],"hashtags":[],"geo":"","raw":"사진찍는걸깜빡했네요 ㅋㅋ 한끼먹고남은양이 이정도입니다 성인남성이에요~~감사해요","polarity":{"com":0,"pos":0.630952381,"neg":0.1785714285714286,"neut":0.07619047614285716,"none":0.11428571428571431},"intensity":{"high":0.14285714285714288,"low":0.0952380952857143,"meium":0.6476190475714286,"none":0.11428571428571431},"expressive":{"dir-action":0,"dir-explicit":0.06428571428571428,"dir-speech":0.35714285714285715,"indirect":0.4642857142857143,"writing-device":0.1142857142857143}},{"id":"작살감자탕","permalink":"","username":"asdfg","text":"항상 여기에만 시켜먹는데 양많구 부드럽고 좋아요 ㅎㅎ","date":"Mon Dec 10 23:59:44 +0000 2018","retweets":"30","favorites":"20","mentions":[],"hashtags":[],"geo":"","raw":"항상 여기에만 시켜먹는데 양많구 부드럽고 좋아요 ㅎㅎ","polarity":{"com":0,"pos":0.637354143439559,"neg":0.2675362318779227,"neut":0.01579338533596556,"none":0.0793162393465527},"intensity":{"high":0.1124241298520707,"low":0.08848259618141377,"meium":0.7197770346199629,"none":0.07931623934655271},"expressive":{"dir-action":0,"dir-explicit":0.5124550972520758,"dir-speech":0.3252632230542105,"indirect":0.08723894468120649,"writing-device":0.07504273501250712}},{"id":"작살감자탕","permalink":"","username":"asdfg","text":"맛은 괘안은데 김치감자탕 중 대 특대 뭔차인지모르겠네요 무슨 특대가 중짜랑 뼈갯수가 똑같은지  \n김치가 더들어가서 특대인건가\n중짜시켰을땐 뼈가5개 대짜시켰을땐 그나마 6개 이번에 특대시켰는데 5개만들어있네요  김치감자탕이라 김치만\n많아지는건가보네요","date":"Mon Dec 10 23:59:44 +0000 2018","retweets":"30","favorites":"20","mentions":[],"hashtags":[],"geo":"","raw":"맛은 괘안은데 김치감자탕 중 대 특대 뭔차인지모르겠네요 무슨 특대가 중짜랑 뼈갯수가 똑같은지  \n김치가 더들어가서 특대인건가\n중짜시켰을땐 뼈가5개 대짜시켰을땐 그나마 6개 이번에 특대시켰는데 5개만들어있네요  김치감자탕이라 김치만\n많아지는건가보네요","polarity":{"com":0.007245948273715356,"pos":0.43850206824161403,"neg":0.33731555186417933,"neut":0.06662303541817588,"none":0.15031339620231546},"intensity":{"high":0.09636923804983495,"low":0.12440032023292724,"meium":0.6271959170739634,"none":0.15203452464327427},"expressive":{"dir-action":0.005343760227272727,"dir-explicit":0.3223422741363637,"dir-speech":0.3004423522272726,"indirect":0.22121542281818185,"writing-device":0.15065619059090907}},{"id":"작살감자탕","permalink":"","username":"asdfg","text":"엄청나게 맛있어요ㅜ 두번짼데ㅋㅋㅋ\n근데 오늘은 많이 짰어요ㅋㅋㅋㅋ\n고기도 엄청 크고 살도 많구영 \n담에 또 시킬게융","date":"Mon Dec 10 23:59:44 +0000 2018","retweets":"30","favorites":"20","mentions":[],"hashtags":[],"geo":"","raw":"엄청나게 맛있어요ㅜ 두번짼데ㅋㅋㅋ\n근데 오늘은 많이 짰어요ㅋㅋㅋㅋ\n고기도 엄청 크고 살도 많구영 \n담에 또 시킬게융","polarity":{"com":0.0015408320906289397,"pos":0.33845317639300854,"neg":0.4580976911894367,"neut":0.12956256697644317,"none":0.0723457333504826},"intensity":{"high":0.19186041539852006,"low":0.059338115647152384,"meium":0.6733209393042402,"none":0.07548052965008736},"expressive":{"dir-action":0,"dir-explicit":0.25410901456855534,"dir-speech":0.4258484561296225,"indirect":0.23470978302133727,"writing-device":0.08533274628048479}},{"id":"작살감자탕","permalink":"","username":"asdfg","text":"매번 시켜먹는데 감자가좀 많앗으면","date":"Mon Dec 10 23:59:44 +0000 2018","retweets":"30","favorites":"20","mentions":[],"hashtags":[],"geo":"","raw":"매번 시켜먹는데 감자가좀 많앗으면","polarity":{"com":0.013577653333333333,"pos":0.376556178,"neg":0.46957671966666664,"neut":0.057286803666666664,"none":0.08300264533333333},"intensity":{"high":0.1330921257110307,"low":0.13702147504567383,"meium":0.6439075632146359,"none":0.08597883602865962},"expressive":{"dir-action":0,"dir-explicit":0.3385076253333333,"dir-speech":0.4309640523333333,"indirect":0.14098972933333334,"writing-device":0.089538593}},{"id":"작살감자탕","permalink":"","username":"asdfg","text":"좋아요. 좋하~~ 양도 푸짐","date":"Mon Dec 10 23:59:44 +0000 2018","retweets":"30","favorites":"20","mentions":[],"hashtags":[],"geo":"","raw":"좋아요. 좋하~~ 양도 푸짐","polarity":{"com":0,"pos":0.92,"neg":0.04,"neut":0,"none":0.04},"intensity":{"high":0.2,"low":0.04,"meium":0.72,"none":0.04},"expressive":{"dir-action":0,"dir-explicit":0.6,"dir-speech":0.2,"indirect":0.16,"writing-device":0.04}},{"id":"작살감자탕","permalink":"","username":"asdfg","text":"맛이 좀 심심해서 따로 양념 더 해서 먹었어요 그외는 뼈이 살도 많고 좋음","date":"Mon Dec 10 23:59:44 +0000 2018","retweets":"30","favorites":"20","mentions":[],"hashtags":[],"geo":"","raw":"맛이 좀 심심해서 따로 양념 더 해서 먹었어요 그외는 뼈이 살도 많고 좋음","polarity":{"com":0.0026693360002965935,"pos":0.6532287152948033,"neg":0.1883136137987015,"neut":0.13502529445944728,"none":0.02076304044675146},"intensity":{"high":0.07009825555555554,"low":0.07459534066666668,"meium":0.8342096963333333,"none":0.02109670744444444},"expressive":{"dir-action":0.000333667,"dir-explicit":0.3523917292222223,"dir-speech":0.5154313734444445,"indirect":0.10898285444444444,"writing-device":0.022860375888888892}},{"id":"작살감자탕","permalink":"","username":"asdfg","text":"양념이 덜 들어갔는지 지난번 같은 주문보다 맛이 훨씬 덜했습니다. 와사비 소스도 빠졌구요.","date":"Mon Dec 10 23:59:44 +0000 2018","retweets":"30","favorites":"20","mentions":[],"hashtags":[],"geo":"","raw":"양념이 덜 들어갔는지 지난번 같은 주문보다 맛이 훨씬 덜했습니다. 와사비 소스도 빠졌구요.","polarity":{"com":0.005425694428571428,"pos":0.6875243489999999,"neg":0.19320477085714283,"neut":0.05034163442857142,"none":0.06350355128571428},"intensity":{"high":0.11487708158783959,"low":0.05107934500729706,"meium":0.7699106955385586,"none":0.0641328778663047},"expressive":{"dir-action":0.0006293265714285714,"dir-explicit":0.3396555685714286,"dir-speech":0.48731906857142854,"indirect":0.10928356657142857,"writing-device":0.06311246971428572}},{"id":"작살감자탕","permalink":"","username":"asdfg","text":"무난해요.ㅎㅎㅎ막맛있진않지만글도먹을만함","date":"Mon Dec 10 23:59:44 +0000 2018","retweets":"30","favorites":"20","mentions":[],"hashtags":[],"geo":"","raw":"무난해요.ㅎㅎㅎ막맛있진않지만글도먹을만함","polarity":{"com":0.015151515169191918,"pos":0.45695045690949176,"neg":0.49122174141520364,"neut":0.015873015835978836,"none":0.02080327067013388},"intensity":{"high":0.11471861468578645,"low":0.2661135160443523,"meium":0.5983645985997275,"none":0.02080327067013388},"expressive":{"dir-action":0.08333333333333333,"dir-explicit":0.2756132756666667,"dir-speech":0.505892256,"indirect":0.11171236166666666,"writing-device":0.02344877333333333}},{"id":"작살감자탕","permalink":"","username":"asdfg","text":"맛있게 잘먹었습니다. 국물 진하게 팔팔끓여달라고\n주문사항 적었더니 정말 진～하게 맛있게먹었습니다.\n밥 다 먹을때까지 뜨듯하게 잘 먹었습니다.\n번창하세요！","date":"Mon Dec 10 23:59:44 +0000 2018","retweets":"30","favorites":"20","mentions":[],"hashtags":[],"geo":"","raw":"맛있게 잘먹었습니다. 국물 진하게 팔팔끓여달라고\n주문사항 적었더니 정말 진～하게 맛있게먹었습니다.\n밥 다 먹을때까지 뜨듯하게 잘 먹었습니다.\n번창하세요！","polarity":{"com":0.0029598564169133214,"pos":0.42861051261905087,"neg":0.48617885695718155,"neut":0.04313191375359432,"none":0.039118860253259904},"intensity":{"high":0.08684899632609591,"low":0.1546886675704426,"meium":0.676468704526961,"none":0.08199363157650053},"expressive":{"dir-action":0.0012081046667673423,"dir-explicit":0.2940054921911671,"dir-speech":0.4927779044577316,"indirect":0.16976582501414716,"writing-device":0.042242673670186894}},{"id":"작살감자탕","permalink":"","username":"asdfg","text":"맛나유 양 배달 질\n 평타이상","date":"Mon Dec 10 23:59:44 +0000 2018","retweets":"30","favorites":"20","mentions":[],"hashtags":[],"geo":"","raw":"맛나유 양 배달 질\n 평타이상","polarity":{"com":0,"pos":0.888888889,"neg":0,"neut":0,"none":0.111111111},"intensity":{"high":0,"low":0,"meium":0.888888889,"none":0.111111111},"expressive":{"dir-action":0,"dir-explicit":0.11111111103703702,"dir-speech":0.6666666668888888,"indirect":0.11111111103703702,"writing-device":0.11111111103703702}},{"id":"작살감자탕","permalink":"","username":"asdfg","text":"감자탕시켰는데 맛이 좀 밍밍해서 아쉬웠어요","date":"Mon Dec 10 23:59:44 +0000 2018","retweets":"30","favorites":"20","mentions":[],"hashtags":[],"geo":"","raw":"감자탕시켰는데 맛이 좀 밍밍해서 아쉬웠어요","polarity":{"com":0.0048048048000000005,"pos":0.6114114114,"neg":0.3723723724,"neut":0.0066066066,"none":0.0048048048000000005},"intensity":{"high":0.05615615618876876,"low":0.027927927994414417,"meium":0.9105105104178979,"none":0.005405405398918918},"expressive":{"dir-action":0.0117117118,"dir-explicit":0.22024024020000002,"dir-speech":0.38246246240000004,"indirect":0.3801801802,"writing-device":0.0054054053999999995}},{"id":"작살감자탕","permalink":"","username":"asdfg","text":"막맛있진않고먹을만함","date":"Mon Dec 10 23:59:44 +0000 2018","retweets":"30","favorites":"20","mentions":[],"hashtags":[],"geo":"","raw":"막맛있진않고먹을만함","polarity":{"com":0.022727272755681815,"pos":0.3104256853276064,"neg":0.6118326121529581,"neut":0.023809523755952376,"none":0.031204906007801226},"intensity":{"high":0.047077922011769475,"low":0.14917027403729255,"meium":0.7725468979431367,"none":0.03120490600780123},"expressive":{"dir-action":0,"dir-explicit":0.1634199135,"dir-speech":0.6338383839999999,"indirect":0.1675685425,"writing-device":0.035173159999999995}},{"id":"작살감자탕","permalink":"","username":"asdfg","text":"감자추가해서 여러번 시켜먹었는데 감자탕너무 맛있어요~~살짝 끓여먹어야 더 맛있는거같아요~","date":"Mon Dec 10 23:59:44 +0000 2018","retweets":"30","favorites":"20","mentions":[],"hashtags":[],"geo":"","raw":"감자추가해서 여러번 시켜먹었는데 감자탕너무 맛있어요~~살짝 끓여먹어야 더 맛있는거같아요~","polarity":{"com":0.02317314028571428,"pos":0.324472145,"neg":0.599888609,"neut":0.04226106999999999,"none":0.010205035714285713},"intensity":{"high":0.150539622,"low":0.11291244871428571,"meium":0.7260356738571428,"none":0.010512255428571428},"expressive":{"dir-action":0.000921659,"dir-explicit":0.2940160542857143,"dir-speech":0.4378916177142857,"indirect":0.11410849042857142,"writing-device":0.15306217857142856}},{"id":"작살감자탕","permalink":"","username":"asdfg","text":"고기 양도많고 국물도 진해서 맛있게 잘먹었어요!! 해장으로 강추합니다","date":"Mon Dec 10 23:59:44 +0000 2018","retweets":"30","favorites":"20","mentions":[],"hashtags":[],"geo":"","raw":"고기 양도많고 국물도 진해서 맛있게 잘먹었어요!! 해장으로 강추합니다","polarity":{"com":0.004416282667402713,"pos":0.30600080138433344,"neg":0.41012711773502114,"neut":0.2021772523670295,"none":0.07727854584621308},"intensity":{"high":0.09058527568176422,"low":0.11034862735172478,"meium":0.7214291281202382,"none":0.07763696884627283},"expressive":{"dir-action":0.0010752688333333334,"dir-explicit":0.20595293750000002,"dir-speech":0.49247868383333343,"indirect":0.22440504016666665,"writing-device":0.07608806966666666}},{"id":"작살감자탕","permalink":"","username":"asdfg","text":"기본적으로 맛나고 좀  더 끓여서 드시길 더 추천해요","date":"Mon Dec 10 23:59:44 +0000 2018","retweets":"30","favorites":"20","mentions":[],"hashtags":[],"geo":"","raw":"기본적으로 맛나고 좀  더 끓여서 드시길 더 추천해요","polarity":{"com":0,"pos":1,"neg":0,"neut":0,"none":0},"intensity":{"high":0.16666666666666666,"low":0.111111111,"meium":0.7222222223333333,"none":0},"expressive":{"dir-action":0,"dir-explicit":0.4444444446666667,"dir-speech":0.222222222,"indirect":0.3333333333333333,"writing-device":0}},{"id":"작살감자탕","permalink":"","username":"asdfg","text":"배달 빨리오셨어요 근데 고기가 진짜 얼마 없던데요... 추가한 우거지는 푸짐핬어요","date":"Mon Dec 10 23:59:44 +0000 2018","retweets":"30","favorites":"20","mentions":[],"hashtags":[],"geo":"","raw":"배달 빨리오셨어요 근데 고기가 진짜 얼마 없던데요... 추가한 우거지는 푸짐핬어요","polarity":{"com":0.00483870975,"pos":0.46236559125000004,"neg":0.25483870975,"neut":0.270967742,"none":0.00698924725},"intensity":{"high":0.11827956975000001,"low":0.029032258,"meium":0.8451612905,"none":0.00752688175},"expressive":{"dir-action":0.00161290325,"dir-explicit":0.07849462375,"dir-speech":0.74032258075,"indirect":0.172580645,"writing-device":0.00698924725}},{"id":"작살감자탕","permalink":"","username":"asdfg","text":"맛있는 우거지감자탕 잘먹었습니다~뜨거워야  맛있을거같아 중불에끓여 먹었더니 살도 부드럽고 양도 푸짐하고 맛있네요~김치와 쏘세지반찬은 좀아니었어요~다버렷슴돠ㅜㅜ 다른 대체반찬이 낳을듯요~그래도 주메뉴가 맛있어서 잘먹었습니다~감자탕생각날때 또 주문할께요^^","date":"Mon Dec 10 23:59:44 +0000 2018","retweets":"30","favorites":"20","mentions":[],"hashtags":[],"geo":"","raw":"맛있는 우거지감자탕 잘먹었습니다~뜨거워야  맛있을거같아 중불에끓여 먹었더니 살도 부드럽고 양도 푸짐하고 맛있네요~김치와 쏘세지반찬은 좀아니었어요~다버렷슴돠ㅜㅜ 다른 대체반찬이 낳을듯요~그래도 주메뉴가 맛있어서 잘먹었습니다~감자탕생각날때 또 주문할께요^^","polarity":{"com":0.001994341285809254,"pos":0.5014200193095913,"neg":0.43156189583007437,"neut":0.04106228209719343,"none":0.02396146147733149},"intensity":{"high":0.03631251847273215,"low":0.06101973956561719,"meium":0.8781381102497011,"none":0.02452963171194956},"expressive":{"dir-action":0.00014300014285033332,"dir-explicit":0.31024582093760733,"dir-speech":0.3493640439833636,"indirect":0.2685236257014988,"writing-device":0.07172350923467984}},{"id":"작살감자탕","permalink":"","username":"asdfg","text":"수제비감자탕 시켰는데 수제비 하나도 안들어있어서 전화하니 왜이리 늦게 전화했냐며 제 탓으로 잘못을 돌리네요 서비스에 좀 신경 쓰셔야 겠어요","date":"Mon Dec 10 23:59:44 +0000 2018","retweets":"30","favorites":"20","mentions":[],"hashtags":[],"geo":"","raw":"수제비감자탕 시켰는데 수제비 하나도 안들어있어서 전화하니 왜이리 늦게 전화했냐며 제 탓으로 잘못을 돌리네요 서비스에 좀 신경 쓰셔야 겠어요","polarity":{"com":0.0019063180833333337,"pos":0.49885585541666666,"neg":0.3824329605833334,"neut":0.0375224585,"none":0.07928240741666667},"intensity":{"high":0.1275716725939643,"low":0.10962213167580184,"meium":0.6835237883069603,"none":0.07928240742327353},"expressive":{"dir-action":0.007575757583333333,"dir-explicit":0.15686866925,"dir-speech":0.27082121983333335,"indirect":0.4786096256666667,"writing-device":0.08612472766666666}},{"id":"작살감자탕","permalink":"","username":"asdfg","text":"50분소요된다고 문자가 왔는데 60분이 넘도록 안와서 전화했고, 이후 3통 더 했는데 계속 배달 안옴 결국 90분 기다리고 취소함 ㅡㅡ 뭐하자는 건지 모르겠음","date":"Mon Dec 10 23:59:44 +0000 2018","retweets":"30","favorites":"20","mentions":[],"hashtags":[],"geo":"","raw":"50분소요된다고 문자가 왔는데 60분이 넘도록 안와서 전화했고, 이후 3통 더 했는데 계속 배달 안옴 결국 90분 기다리고 취소함 ㅡㅡ 뭐하자는 건지 모르겠음","polarity":{"com":0.03847159643990447,"pos":0.39935534414995977,"neg":0.3493349734593334,"neut":0.09490203300593139,"none":0.11793605294487101},"intensity":{"high":0.060822117058698624,"low":0.19752705292515454,"meium":0.6213817701486637,"none":0.12026905986748318},"expressive":{"dir-action":0.0009937211876242147,"dir-explicit":0.2749816185968727,"dir-speech":0.28412756728551586,"indirect":0.31339214435167395,"writing-device":0.1265049485783131}},{"id":"작살감자탕","permalink":"","username":"asdfg","text":"곱창전골 시켰는데 된장찌개가 잘못온줄 알았어요... 칼칼한 곱창전골을 예상했는데ㅠㅠ..\n곱창전골 시키시는분들 참고하세요!\n양도 많고 곱창은 많이 들어있네용","date":"Mon Dec 10 23:59:44 +0000 2018","retweets":"30","favorites":"20","mentions":[],"hashtags":[],"geo":"","raw":"곱창전골 시켰는데 된장찌개가 잘못온줄 알았어요... 칼칼한 곱창전골을 예상했는데ㅠㅠ..\n곱창전골 시키시는분들 참고하세요!\n양도 많고 곱창은 많이 들어있네용","polarity":{"com":0.0128191687,"pos":0.38699931740000004,"neg":0.4958486806,"neut":0.09216542920000001,"none":0.012167404099999998},"intensity":{"high":0.0947304474189461,"low":0.19338749013867748,"meium":0.6968571716393714,"none":0.015024890803004978},"expressive":{"dir-action":0.0024469631007340885,"dir-explicit":0.23164777696949435,"dir-speech":0.38574627941572387,"indirect":0.26709067548012716,"writing-device":0.11306830503392046}},{"id":"작살감자탕","permalink":"","username":"asdfg","text":"와 진짜 잘먹었습키다","date":"Mon Dec 10 23:59:44 +0000 2018","retweets":"30","favorites":"20","mentions":[],"hashtags":[],"geo":"","raw":"와 진짜 잘먹었습키다","polarity":{"com":0,"pos":0.5,"neg":0,"neut":0.5,"none":0},"intensity":{"high":0,"low":0,"meium":1,"none":0},"expressive":{"dir-action":0,"dir-explicit":0,"dir-speech":0.5,"indirect":0.5,"writing-device":0}},{"id":"작살감자탕","permalink":"","username":"asdfg","text":"우거지 추가한거 치고는 깻잎이 더 많은거 같은 느낌적 느낌인데..... 그래도 맛은 괜찮네요","date":"Mon Dec 10 23:59:44 +0000 2018","retweets":"30","favorites":"20","mentions":[],"hashtags":[],"geo":"","raw":"우거지 추가한거 치고는 깻잎이 더 많은거 같은 느낌적 느낌인데..... 그래도 맛은 괜찮네요","polarity":{"com":0.0027649769999999996,"pos":0.5880184331428571,"neg":0.39324116742857146,"neut":0.011981566857142857,"none":0.003993855571428571},"intensity":{"high":0.019969278,"low":0.13087557600000002,"meium":0.8448540707142856,"none":0.004301075285714285},"expressive":{"dir-action":0.000921659,"dir-explicit":0.10199692785714287,"dir-speech":0.6278033794285713,"indirect":0.050998463857142864,"writing-device":0.21827956985714286}},{"id":"작살감자탕","permalink":"","username":"asdfg","text":"생각보다 배달도 빨랐구요, 고기도 많고 간이 잘맞아서 해장에 딱이었습니다! 김치감자탕 넘 맛있었어서 담번엔 우거지로 함 시겨 보려구요!","date":"Mon Dec 10 23:59:44 +0000 2018","retweets":"30","favorites":"20","mentions":[],"hashtags":[],"geo":"","raw":"생각보다 배달도 빨랐구요, 고기도 많고 간이 잘맞아서 해장에 딱이었습니다! 김치감자탕 넘 맛있었어서 담번엔 우거지로 함 시겨 보려구요!","polarity":{"com":0.00462962966718107,"pos":0.4960796718328978,"neg":0.2958266236995363,"neut":0.18538647335393182,"none":0.018077601446453064},"intensity":{"high":0.10195728856688417,"low":0.14849321357205483,"meium":0.7314718964146081,"none":0.018077601446453068},"expressive":{"dir-action":0,"dir-explicit":0.2058987040457553,"dir-speech":0.5076201978905822,"indirect":0.26201019861378005,"writing-device":0.02447089944988242}},{"id":"작살감자탕","permalink":"","username":"asdfg","text":"푸짐하고맛있네요,배달도빠르네요~","date":"Mon Dec 10 23:59:44 +0000 2018","retweets":"30","favorites":"20","mentions":[],"hashtags":[],"geo":"","raw":"푸짐하고맛있네요,배달도빠르네요~","polarity":{"com":0.006006006,"pos":0.65315315325,"neg":0.3265765765,"neut":0.00825825825,"none":0.006006006},"intensity":{"high":0.0285285285,"low":0.10435435425,"meium":0.8603603605,"none":0.00675675675},"expressive":{"dir-action":0.0007507507500000002,"dir-explicit":0.07807807800000001,"dir-speech":0.5225225225000001,"indirect":0.391891892,"writing-device":0.0067567567500000005}},{"id":"작살감자탕","permalink":"","username":"asdfg","text":"괜찮습니다","date":"Mon Dec 10 23:59:44 +0000 2018","retweets":"30","favorites":"20","mentions":[],"hashtags":[],"geo":"","raw":"괜찮습니다","polarity":{"com":null,"pos":null,"neg":null,"neut":null,"none":null},"intensity":{"high":null,"low":null,"meium":null,"none":null},"expressive":{"dir-action":null,"dir-explicit":null,"dir-speech":null,"indirect":null,"writing-device":null}},{"id":"작살감자탕","permalink":"","username":"asdfg","text":"뼈는 꽤 많이 왔어요 근데 푹~ 익혀서 온건 아닌듯요 집에서 조금 더 끓여서 먹으면 맛있어요","date":"Mon Dec 10 23:59:44 +0000 2018","retweets":"30","favorites":"20","mentions":[],"hashtags":[],"geo":"","raw":"뼈는 꽤 많이 왔어요 근데 푹~ 익혀서 온건 아닌듯요 집에서 조금 더 끓여서 먹으면 맛있어요","polarity":{"com":0,"pos":0.37301587292162697,"neg":0.4454365080556796,"neut":0.1507936507688492,"none":0.030753968253844247},"intensity":{"high":0.14285714285714288,"low":0.16865079372891864,"meium":0.6577380951677828,"none":0.03075396824615575},"expressive":{"dir-action":0,"dir-explicit":0.34623015875,"dir-speech":0.54166666675,"indirect":0.07936507925,"writing-device":0.03273809525}},{"id":"작살감자탕","permalink":"","username":"asdfg","text":"맛있어요 배달음식이라 많이 뜨겁지 않은게 아쉽지만\n다시 끓여먹으면 더 맛있을듯 \n반찬은 볶은김치랑 비엔나 소세지\n이런데 나로는 비엔나 소세지는 왜 소매구입한거랑 맛이 다를까요? 밀가루가 너무 많은 느낌..","date":"Mon Dec 10 23:59:44 +0000 2018","retweets":"30","favorites":"20","mentions":[],"hashtags":[],"geo":"","raw":"맛있어요 배달음식이라 많이 뜨겁지 않은게 아쉽지만\n다시 끓여먹으면 더 맛있을듯 \n반찬은 볶은김치랑 비엔나 소세지\n이런데 나로는 비엔나 소세지는 왜 소매구입한거랑 맛이 다를까요? 밀가루가 너무 많은 느낌..","polarity":{"com":0.002212498333456249,"pos":0.4441575860246754,"neg":0.4368348615798241,"neut":0.03709953055761663,"none":0.07969552350442752},"intensity":{"high":0.044302351835794576,"low":0.130869624451715,"meium":0.745132500208063,"none":0.07969552350442753},"expressive":{"dir-action":0,"dir-explicit":0.20815938027777778,"dir-speech":0.5707154247777777,"indirect":0.13857667838888887,"writing-device":0.08254851655555553}},{"id":"작살감자탕","permalink":"","username":"asdfg","text":"점심 시간 다 되어서 주문했는데도, 예정대로 빠르게 왔고, 줄줄이햄이나 김치도 서비스로 오는 등 양도 푸짐하고 맛도 정말 괜찮았습니다^^ 사이다도 서비스로 받았구요~ 배달해주시는 분이 친절하신 미소는 덤입니다!","date":"Mon Dec 10 23:59:44 +0000 2018","retweets":"30","favorites":"20","mentions":[],"hashtags":[],"geo":"","raw":"점심 시간 다 되어서 주문했는데도, 예정대로 빠르게 왔고, 줄줄이햄이나 김치도 서비스로 오는 등 양도 푸짐하고 맛도 정말 괜찮았습니다^^ 사이다도 서비스로 받았구요~ 배달해주시는 분이 친절하신 미소는 덤입니다!","polarity":{"com":0.006870810713631352,"pos":0.5958661517051557,"neg":0.20570750317088501,"neut":0.097873870324012,"none":0.09368166408631604},"intensity":{"high":0.10722366971428572,"low":0.08738830819047619,"meium":0.7114609512857143,"none":0.09392707080952382},"expressive":{"dir-action":0.0004502198094166144,"dir-explicit":0.2795177123620195,"dir-speech":0.425599274041524,"indirect":0.19814202780996623,"writing-device":0.09629076597707363}},{"id":"작살감자탕","permalink":"","username":"asdfg","text":"맛있어요~~~","date":"Mon Dec 10 23:59:44 +0000 2018","retweets":"30","favorites":"20","mentions":[],"hashtags":[],"geo":"","raw":"맛있어요~~~","polarity":{"com":0,"pos":0,"neg":1,"neut":0,"none":0},"intensity":{"high":0,"low":0,"meium":1,"none":0},"expressive":{"dir-action":0,"dir-explicit":0,"dir-speech":1,"indirect":0,"writing-device":0}},{"id":"작살감자탕","permalink":"","username":"asdfg","text":"한시간넘게 걸리셔서..다 식어서 와가지고 데웠어요\n배달원님 배달하시는거 힘드신가봐요 되게 짜증스러운 ..ㅜ\n근데 시켰던 감자탕집중에는 3등안에 들듯ㅎㅎㅎㅎㅎ\n들깨가 엄청 둘어갔는데 완전 좋음ㅋㅋㅋㅋ","date":"Mon Dec 10 23:59:44 +0000 2018","retweets":"30","favorites":"20","mentions":[],"hashtags":[],"geo":"","raw":"한시간넘게 걸리셔서..다 식어서 와가지고 데웠어요\n배달원님 배달하시는거 힘드신가봐요 되게 짜증스러운 ..ㅜ\n근데 시켰던 감자탕집중에는 3등안에 들듯ㅎㅎㅎㅎㅎ\n들깨가 엄청 둘어갔는데 완전 좋음ㅋㅋㅋㅋ","polarity":{"com":0.006002219438250278,"pos":0.3439470393554934,"neg":0.5280497695035062,"neut":0.07966360757245797,"none":0.042337364130292175},"intensity":{"high":0.07616703511547912,"low":0.13394908185825635,"meium":0.7468540745316432,"none":0.04302980849462128},"expressive":{"dir-action":0.00040322581252520164,"dir-explicit":0.22682632870167665,"dir-speech":0.39186520558699156,"indirect":0.30632581226914535,"writing-device":0.07457942762966122}},{"id":"작살감자탕","permalink":"","username":"asdfg","text":"양도 적고 맛은 맵고 최악👎 공기밥은 따로 주문해야합니다","date":"Mon Dec 10 23:59:44 +0000 2018","retweets":"30","favorites":"20","mentions":[],"hashtags":[],"geo":"","raw":"양도 적고 맛은 맵고 최악👎 공기밥은 따로 주문해야합니다","polarity":{"com":0.0047405676666666665,"pos":0.6129618805,"neg":0.3269368141666667,"neut":0.01714397033333333,"none":0.03821676733333333},"intensity":{"high":0.20277290733333334,"low":0.043671667000000004,"meium":0.7134229495000001,"none":0.040132476166666674},"expressive":{"dir-action":0.001915708833652618,"dir-explicit":0.23868433020644741,"dir-speech":0.49551918958258656,"indirect":0.2199168777033195,"writing-device":0.04396389367399399}},{"id":"작살감자탕","permalink":"","username":"asdfg","text":"진짜맛있네요 대박","date":"Mon Dec 10 23:59:44 +0000 2018","retweets":"30","favorites":"20","mentions":[],"hashtags":[],"geo":"","raw":"진짜맛있네요 대박","polarity":{"com":0,"pos":0,"neg":1,"neut":0,"none":0},"intensity":{"high":0,"low":0,"meium":1,"none":0},"expressive":{"dir-action":0,"dir-explicit":0,"dir-speech":1,"indirect":0,"writing-device":0}},{"id":"작살감자탕","permalink":"","username":"asdfg","text":"뼈찜을 시켜먹엇는데..\n상상했던것과는 너무 다르기도 하고 등뼈가 잘익지않아 먹다가 이빠질뻔했네요\n양은...... 참... 특대는...콩나물 특대네오","date":"Mon Dec 10 23:59:44 +0000 2018","retweets":"30","favorites":"20","mentions":[],"hashtags":[],"geo":"","raw":"뼈찜을 시켜먹엇는데..\n상상했던것과는 너무 다르기도 하고 등뼈가 잘익지않아 먹다가 이빠질뻔했네요\n양은...... 참... 특대는...콩나물 특대네오","polarity":{"com":0.005309122734749098,"pos":0.36008159489602176,"neg":0.37611982450029857,"neut":0.13966336183724354,"none":0.11882609603168695},"intensity":{"high":0.10277637201370353,"low":0.2134196422951226,"meium":0.5643826515419177,"none":0.11942133414925617},"expressive":{"dir-action":0.0010010010000667334,"dir-explicit":0.23889491194925966,"dir-speech":0.41563898649437603,"indirect":0.22153490048143568,"writing-device":0.12293020007486202}},{"id":"작살감자탕","permalink":"","username":"asdfg","text":"양많고 괜찮았어요","date":"Mon Dec 10 23:59:44 +0000 2018","retweets":"30","favorites":"20","mentions":[],"hashtags":[],"geo":"","raw":"양많고 괜찮았어요","polarity":{"com":0,"pos":0.391304348,"neg":0.565217391,"neut":0.043478261,"none":0},"intensity":{"high":0.2608695652608696,"low":0.21739130421739128,"meium":0.5217391305217391,"none":0},"expressive":{"dir-action":0,"dir-explicit":0.5217391305217391,"dir-speech":0.2173913042173913,"indirect":0.2608695652608696,"writing-device":0}},{"id":"작살감자탕","permalink":"","username":"asdfg","text":"너무싱거워..맛이안납니다 양은 좋아요","date":"Mon Dec 10 23:59:44 +0000 2018","retweets":"30","favorites":"20","mentions":[],"hashtags":[],"geo":"","raw":"너무싱거워..맛이안납니다 양은 좋아요","polarity":{"com":0.039951574,"pos":0.43719733650000003,"neg":0.45902693699999997,"neut":0.03972457625,"none":0.024099576249999997},"intensity":{"high":0.13926301453481577,"low":0.06961259076740314,"meium":0.7670248184417561,"none":0.024099576256024893},"expressive":{"dir-action":0,"dir-explicit":0.382528753,"dir-speech":0.50813408,"indirect":0.06961259075,"writing-device":0.03972457625}},{"id":"작살감자탕","permalink":"","username":"asdfg","text":"작살나게맛있었음\n국물도좋고 양도많아서 기대안하고배고파서시켰는데\n반전매력이었음ㅎ","date":"Mon Dec 10 23:59:44 +0000 2018","retweets":"30","favorites":"20","mentions":[],"hashtags":[],"geo":"","raw":"작살나게맛있었음\n국물도좋고 양도많아서 기대안하고배고파서시켰는데\n반전매력이었음ㅎ","polarity":{"com":0.002419354875,"pos":0.6134291725000001,"neg":0.364738195375,"neut":0.015918653625,"none":0.003494623625},"intensity":{"high":0.06570681388321335,"low":0.041690042005211245,"meium":0.888839703236105,"none":0.0037634408754704295},"expressive":{"dir-action":0.0008064516251008064,"dir-explicit":0.3232147031654019,"dir-speech":0.31400187003925023,"indirect":0.35848235154481034,"writing-device":0.0034946236254368283}},{"id":"작살감자탕","permalink":"","username":"asdfg","text":"수제비추가했는데 양이 넘 적네요..","date":"Mon Dec 10 23:59:44 +0000 2018","retweets":"30","favorites":"20","mentions":[],"hashtags":[],"geo":"","raw":"수제비추가했는데 양이 넘 적네요..","polarity":{"com":0.0096774195,"pos":0.480286738,"neg":0.454121864,"neut":0.041935484,"none":0.0139784945},"intensity":{"high":0.181003584,"low":0.058064516,"meium":0.7458781365,"none":0.0150537635},"expressive":{"dir-action":0.0032258065000000005,"dir-explicit":0.37921146950000006,"dir-speech":0.14731182800000003,"indirect":0.45627240150000004,"writing-device":0.013978494500000003}},{"id":"작살감자탕","permalink":"","username":"asdfg","text":"...주문할때 사이다로주문했는데 ㄷㄷ 쿨피스가오네요...맛은괜찮은데 ...쫌..","date":"Mon Dec 10 23:59:44 +0000 2018","retweets":"30","favorites":"20","mentions":[],"hashtags":[],"geo":"","raw":"...주문할때 사이다로주문했는데 ㄷㄷ 쿨피스가오네요...맛은괜찮은데 ...쫌..","polarity":{"com":0.003571428599285714,"pos":0.754870129849026,"neg":0.16558441556688314,"neut":0.07061688318587662,"none":0.005357142798928571},"intensity":{"high":0.050324675400000005,"low":0.075974026,"meium":0.8665584413999999,"none":0.0071428572},"expressive":{"dir-action":0,"dir-explicit":0.5113636363999999,"dir-speech":0.42613636360000007,"indirect":0.057142857199999994,"writing-device":0.0053571428}},{"id":"작살감자탕","permalink":"","username":"asdfg","text":"조금 더 고깃살이 부드러운 상태이면 좋겠어요","date":"Mon Dec 10 23:59:44 +0000 2018","retweets":"30","favorites":"20","mentions":[],"hashtags":[],"geo":"","raw":"조금 더 고깃살이 부드러운 상태이면 좋겠어요","polarity":{"com":0,"pos":0.48,"neg":0.26,"neut":0.25,"none":0.01},"intensity":{"high":0.05,"low":0.01,"meium":0.9299999999999999,"none":0.01},"expressive":{"dir-action":0,"dir-explicit":0.65,"dir-speech":0.3,"indirect":0.04,"writing-device":0.01}},{"id":"작살감자탕","permalink":"","username":"asdfg","text":"맛있어 재~주문 했어요~\n양도 많고 얼큰한 양념이 매력~만점^^","date":"Mon Dec 10 23:59:44 +0000 2018","retweets":"30","favorites":"20","mentions":[],"hashtags":[],"geo":"","raw":"맛있어 재~주문 했어요~\n양도 많고 얼큰한 양념이 매력~만점^^","polarity":{"com":0.013715257000000003,"pos":0.60890875575,"neg":0.32801308275,"neut":0.04115425525000001,"none":0.008208649250000002},"intensity":{"high":0.12017763781008882,"low":0.10840849455420425,"meium":0.7613531461306765,"none":0.01006072150503036},"expressive":{"dir-action":0.0018520722509260362,"dir-explicit":0.5620370897810185,"dir-speech":0.16717871858358935,"indirect":0.2588713978794357,"writing-device":0.010060721505030361}},{"id":"작살감자탕","permalink":"","username":"asdfg","text":"감자탕맛이에요.국물이 너무 연한게 좀 별로였고 고기랑 시레기는 많이 들어있습니다.양은 많은데 진한 국물맛이 좀 아쉬웠어요.","date":"Mon Dec 10 23:59:44 +0000 2018","retweets":"30","favorites":"20","mentions":[],"hashtags":[],"geo":"","raw":"감자탕맛이에요.국물이 너무 연한게 좀 별로였고 고기랑 시레기는 많이 들어있습니다.양은 많은데 진한 국물맛이 좀 아쉬웠어요.","polarity":{"com":0.003519221333333334,"pos":0.49959416641666676,"neg":0.34709652591666673,"neut":0.1223280621666667,"none":0.027462024166666668},"intensity":{"high":0.0530645500088441,"low":0.07367367926227894,"meium":0.8456205350576034,"none":0.027641235671273544},"expressive":{"dir-action":0.0005376344167114695,"dir-explicit":0.1767033955147253,"dir-speech":0.6394669748866223,"indirect":0.15287323276273945,"writing-device":0.030418762419201568}},{"id":"작살감자탕","permalink":"","username":"asdfg","text":"수제비감자탕시켰는데 그냥우거지감자탕이왔네요 주문확인제대로안하시는것같네요","date":"Mon Dec 10 23:59:44 +0000 2018","retweets":"30","favorites":"20","mentions":[],"hashtags":[],"geo":"","raw":"수제비감자탕시켰는데 그냥우거지감자탕이왔네요 주문확인제대로안하시는것같네요","polarity":{"com":0,"pos":0.10707070697858587,"neg":0.4838383839032323,"neut":0.3181818181363636,"none":0.09090909098181818},"intensity":{"high":0.03333333339333333,"low":0.11111111117777779,"meium":0.7646464644470707,"none":0.09090909098181818},"expressive":{"dir-action":0.011111111197777777,"dir-explicit":0.23232323235353536,"dir-speech":0.5808080806838384,"indirect":0.0848484847830303,"writing-device":0.09090909098181818}},{"id":"작살감자탕","permalink":"","username":"asdfg","text":"감자탕 시켰는데 3인 가족 푸짐하게 잘 먹었습니다. 맛도 좋았고 무엇보다도 뼈다귀랑 감자도 많이 들어 있어서 좋았습니다. 단 한가지 아쉬운 건....등뼈고기 찍어먹는 겨자소스가 없었던 점입니다.","date":"Mon Dec 10 23:59:44 +0000 2018","retweets":"30","favorites":"20","mentions":[],"hashtags":[],"geo":"","raw":"감자탕 시켰는데 3인 가족 푸짐하게 잘 먹었습니다. 맛도 좋았고 무엇보다도 뼈다귀랑 감자도 많이 들어 있어서 좋았습니다. 단 한가지 아쉬운 건....등뼈고기 찍어먹는 겨자소스가 없었던 점입니다.","polarity":{"com":0.021706725284163807,"pos":0.5254236796767554,"neg":0.23159248305488628,"neut":0.08387877670829437,"none":0.13739833527590012},"intensity":{"high":0.08624830770812512,"low":0.2018563460570103,"meium":0.5677890042451579,"none":0.1441063419897067},"expressive":{"dir-action":0.00021450021423974997,"dir-explicit":0.2116298115975079,"dir-speech":0.43929421069157987,"indirect":0.20526533959887167,"writing-device":0.14359613789780082}},{"id":"작살감자탕","permalink":"","username":"asdfg","text":"쿨피스 달라고햇는데 생수가왔어요,","date":"Mon Dec 10 23:59:44 +0000 2018","retweets":"30","favorites":"20","mentions":[],"hashtags":[],"geo":"","raw":"쿨피스 달라고햇는데 생수가왔어요,","polarity":{"com":0.014675698,"pos":0.366276683,"neg":0.4332922825,"neut":0.07466133,"none":0.1110940065},"intensity":{"high":0.1378284074310858,"low":0.11678981944160509,"meium":0.6240763541879618,"none":0.12130541893934728},"expressive":{"dir-action":0.005747126502873564,"dir-explicit":0.2679597701339799,"dir-speech":0.3631465516815733,"indirect":0.2348111661174056,"writing-device":0.1283353855641677}},{"id":"작살감자탕","permalink":"","username":"asdfg","text":"여러번 구매해서 먹고있어요 ~♡\n완전 맛있어요!!","date":"Mon Dec 10 23:59:44 +0000 2018","retweets":"30","favorites":"20","mentions":[],"hashtags":[],"geo":"","raw":"여러번 구매해서 먹고있어요 ~♡\n완전 맛있어요!!","polarity":{"com":0.006451612999999999,"pos":0.44982078833333333,"neg":0.506451613,"neut":0.027956989333333335,"none":0.009318996333333334},"intensity":{"high":0.083632019,"low":0.11278375133333333,"meium":0.7935483873333333,"none":0.010035842333333333},"expressive":{"dir-action":0.0021505376666666664,"dir-explicit":0.34540023899999994,"dir-speech":0.3574671446666666,"indirect":0.2856630823333333,"writing-device":0.009318996333333333}},{"id":"작살감자탕","permalink":"","username":"asdfg","text":"1시간넘엇는데 아직도 안오네요?","date":"Mon Dec 10 23:59:44 +0000 2018","retweets":"30","favorites":"20","mentions":[],"hashtags":[],"geo":"","raw":"1시간넘엇는데 아직도 안오네요?","polarity":{"com":0,"pos":0.3875,"neg":0.23749999999999996,"neut":0.125,"none":0.25},"intensity":{"high":0.1125,"low":0.05,"meium":0.5875,"none":0.25},"expressive":{"dir-action":0,"dir-explicit":0.2125,"dir-speech":0.3,"indirect":0.2375,"writing-device":0.25}},{"id":"작살감자탕","permalink":"","username":"asdfg","text":"리뷰 보고 주문할까 말까 고민 했는데..\n제가 생각 한 등벼찜이 아니네요!\n안동찜닭 처럼 간장소스에 당면으로\n생각했는데..그냥 국물없는 감자탕이고\n맛도 별로에요!  그리고 콜라 달라고 했는데  \n콜라는 안 주고 물은 왜 주시죠?","date":"Mon Dec 10 23:59:44 +0000 2018","retweets":"30","favorites":"20","mentions":[],"hashtags":[],"geo":"","raw":"리뷰 보고 주문할까 말까 고민 했는데..\n제가 생각 한 등벼찜이 아니네요!\n안동찜닭 처럼 간장소스에 당면으로\n생각했는데..그냥 국물없는 감자탕이고\n맛도 별로에요!  그리고 콜라 달라고 했는데  \n콜라는 안 주고 물은 왜 주시죠?","polarity":{"com":0.004977914705296716,"pos":0.410955492363417,"neg":0.46956089659181643,"neut":0.07897486746129709,"none":0.03553082887817285},"intensity":{"high":0.20268610447058824,"low":0.0989903907647059,"meium":0.6612863066470589,"none":0.03703719811764706},"expressive":{"dir-action":0.0009352670001100313,"dir-explicit":0.252409183676754,"dir-speech":0.3694932182199404,"indirect":0.3217713786260907,"writing-device":0.05539095247710482}},{"id":"작살감자탕","permalink":"","username":"asdfg","text":"주문한지 한시간이넘었는데 아직안오네요!","date":"Mon Dec 10 23:59:44 +0000 2018","retweets":"30","favorites":"20","mentions":[],"hashtags":[],"geo":"","raw":"주문한지 한시간이넘었는데 아직안오네요!","polarity":{"com":0.007709251,"pos":0.4829295155,"neg":0.2601321585,"neut":0.14702643175,"none":0.10220264325},"intensity":{"high":0.02643171800660793,"low":0.03303964750825991,"meium":0.8372246697093062,"none":0.103303964775826},"expressive":{"dir-action":0.0011013215002753302,"dir-explicit":0.4535242291133811,"dir-speech":0.2653083700663271,"indirect":0.17676211454419055,"writing-device":0.103303964775826}},{"id":"작살감자탕","permalink":"","username":"asdfg","text":"배달 주문시간 못지키는건 커녕 배달원 싸가지가 없네요 벨 누르고 아무말도없더니 늦어진 사과는커녕 툭음식만 주고가네요 기분 정말 더러움 맛도보나마나 맛대가리없을듯 1점도아까움","date":"Mon Dec 10 23:59:44 +0000 2018","retweets":"30","favorites":"20","mentions":[],"hashtags":[],"geo":"","raw":"배달 주문시간 못지키는건 커녕 배달원 싸가지가 없네요 벨 누르고 아무말도없더니 늦어진 사과는커녕 툭음식만 주고가네요 기분 정말 더러움 맛도보나마나 맛대가리없을듯 1점도아까움","polarity":{"com":0.011903571133333334,"pos":0.44939558820000003,"neg":0.37763684000000003,"neut":0.0618537772,"none":0.09921022346666668},"intensity":{"high":0.11633689938448842,"low":0.06186162272508512,"meium":0.7212967560371604,"none":0.10050472185326606},"expressive":{"dir-action":0,"dir-explicit":0.27512753701834186,"dir-speech":0.46784570869785636,"indirect":0.15334085007688938,"writing-device":0.10368590420691239}},{"id":"작살감자탕","permalink":"","username":"asdfg","text":"맵게 해달라고했더니 고춧가루만 한가득 ㅠㅠ\n카드단말기 충전 안해와서 혼자 씩씩거리고 ㅠㅠ\n맛은 뭐 그냥그러네요","date":"Mon Dec 10 23:59:44 +0000 2018","retweets":"30","favorites":"20","mentions":[],"hashtags":[],"geo":"","raw":"맵게 해달라고했더니 고춧가루만 한가득 ㅠㅠ\n카드단말기 충전 안해와서 혼자 씩씩거리고 ㅠㅠ\n맛은 뭐 그냥그러네요","polarity":{"com":0.039591315448843485,"pos":0.46553688960728185,"neg":0.2653256705850362,"neut":0.021023676113447076,"none":0.2085224482453914},"intensity":{"high":0.03693879565845804,"low":0.12638766086080275,"meium":0.6255968168609785,"none":0.21107672661976074},"expressive":{"dir-action":0.0025542784450120616,"dir-explicit":0.09843796046631954,"dir-speech":0.48525886633005755,"indirect":0.20041261426675835,"writing-device":0.21333628049185252}},{"id":"작살감자탕","permalink":"","username":"asdfg","text":"배송이 너무 느림 감자탕 하나 시켰는데 한시간 사십분  걸림","date":"Mon Dec 10 23:59:44 +0000 2018","retweets":"30","favorites":"20","mentions":[],"hashtags":[],"geo":"","raw":"배송이 너무 느림 감자탕 하나 시켰는데 한시간 사십분  걸림","polarity":{"com":0.0022988506,"pos":0.2572249588,"neg":0.6590311987999999,"neut":0.042364531999999996,"none":0.0390804598},"intensity":{"high":0.0729885057854023,"low":0.05385878498922824,"meium":0.8317733988336454,"none":0.04137931039172414},"expressive":{"dir-action":0.00229885060045977,"dir-explicit":0.13932676522786536,"dir-speech":0.5256157635051232,"indirect":0.28678160925735635,"writing-device":0.045977011409195405}},{"id":"작살감자탕","permalink":"","username":"asdfg","text":"good！","date":"Mon Dec 10 23:59:44 +0000 2018","retweets":"30","favorites":"20","mentions":[],"hashtags":[],"geo":"","raw":"good！","polarity":{"com":null,"pos":null,"neg":null,"neut":null,"none":null},"intensity":{"high":null,"low":null,"meium":null,"none":null},"expressive":{"dir-action":null,"dir-explicit":null,"dir-speech":null,"indirect":null,"writing-device":null}},{"id":"작살감자탕","permalink":"","username":"asdfg","text":"대랑 특대랑 가격대비 양차이가 너무많이나요~ 그거말곤 맛있고 배달도 늦지않고 조아여","date":"Mon Dec 10 23:59:44 +0000 2018","retweets":"30","favorites":"20","mentions":[],"hashtags":[],"geo":"","raw":"대랑 특대랑 가격대비 양차이가 너무많이나요~ 그거말곤 맛있고 배달도 늦지않고 조아여","polarity":{"com":0,"pos":0.375,"neg":0.486111111125,"neut":0.138888888875,"none":0},"intensity":{"high":0,"low":0.0694444445,"meium":0.9305555555,"none":0},"expressive":{"dir-action":0,"dir-explicit":0.02777777775,"dir-speech":0.527777777875,"indirect":0.444444444375,"writing-device":0}},{"id":"작살감자탕","permalink":"","username":"asdfg","text":"맛정말없네요..두번다시시키고싶지않을만큼","date":"Mon Dec 10 23:59:44 +0000 2018","retweets":"30","favorites":"20","mentions":[],"hashtags":[],"geo":"","raw":"맛정말없네요..두번다시시키고싶지않을만큼","polarity":{"com":0.029854369000000006,"pos":0.41347087375,"neg":0.30430825250000004,"neut":0.04338592225000001,"none":0.2089805825},"intensity":{"high":0.1745752427063562,"low":0.04927184473768204,"meium":0.5647451456088137,"none":0.21140776694714805},"expressive":{"dir-action":0,"dir-explicit":0.19429611649999998,"dir-speech":0.45964805825,"indirect":0.12979368925,"writing-device":0.216262136}},{"id":"작살감자탕","permalink":"","username":"asdfg","text":"대자 주문했는데 3명이 먹기에 부족하네요\n맛은 괜찬고요\n반찬은 파이\n깍두기는 빨간페인트통에  들어갔다온듯한 색깔과맛\n감자는 덜익어서 아삭거림","date":"Mon Dec 10 23:59:44 +0000 2018","retweets":"30","favorites":"20","mentions":[],"hashtags":[],"geo":"","raw":"대자 주문했는데 3명이 먹기에 부족하네요\n맛은 괜찬고요\n반찬은 파이\n깍두기는 빨간페인트통에  들어갔다온듯한 색깔과맛\n감자는 덜익어서 아삭거림","polarity":{"com":0.01106782682019415,"pos":0.696140708035662,"neg":0.17992081121453105,"neut":0.09350744701700135,"none":0.019363206912611494},"intensity":{"high":0.019515771003548323,"low":0.06770115473958202,"meium":0.8930193867987308,"none":0.019763687458138855},"expressive":{"dir-action":0.0004004805454909527,"dir-explicit":0.1822076824711098,"dir-speech":0.45777053685979735,"indirect":0.33697160975790647,"writing-device":0.022649690365695422}}]