[{"id":"전국낙지자랑-영등포점","permalink":"","username":"asdfg","text":"대 사이즈로 성인 4명 배터지게먹고 남겼어요\n다음 주 주말에 부모님모시고 또 먹으려구요!\n맛있게 맵고 살~짝 달콤까지 딱 맛있게매운맛이였어요 왕굿!!","date":"Mon Dec 10 23:59:44 +0000 2018","retweets":"30","favorites":"20","mentions":[],"hashtags":[],"geo":"","raw":"대 사이즈로 성인 4명 배터지게먹고 남겼어요\n다음 주 주말에 부모님모시고 또 먹으려구요!\n맛있게 맵고 살~짝 달콤까지 딱 맛있게매운맛이였어요 왕굿!!","polarity":{"com":0.0028594771246425645,"pos":0.3448295984568962,"neg":0.5525793650559275,"neut":0.018382352997702203,"none":0.08134920636483133},"intensity":{"high":0.09728057887500001,"low":0.09453781512500001,"meium":0.726832399625,"none":0.081349206375},"expressive":{"dir-action":0,"dir-explicit":0.16141456589517683,"dir-speech":0.4677871149334734,"indirect":0.26914098965864264,"writing-device":0.10165732951270717}},{"id":"전국낙지자랑-영등포점","permalink":"","username":"asdfg","text":"참 맛있네요 기분좋게 매콤해 좋아요","date":"Mon Dec 10 23:59:44 +0000 2018","retweets":"30","favorites":"20","mentions":[],"hashtags":[],"geo":"","raw":"참 맛있네요 기분좋게 매콤해 좋아요","polarity":{"com":0.00483870975,"pos":0.609032258,"neg":0.22317204300000001,"neut":0.145967742,"none":0.01698924725},"intensity":{"high":0.4599462365,"low":0.039032258,"meium":0.48349462375,"none":0.01752688175},"expressive":{"dir-action":0.0016129032500000003,"dir-explicit":0.6034946237500001,"dir-speech":0.248655914,"indirect":0.12924731175000004,"writing-device":0.016989247250000002}},{"id":"전국낙지자랑-영등포점","permalink":"","username":"asdfg","text":"가성비가 너무 안좋음!\n배달도 영~","date":"Mon Dec 10 23:59:44 +0000 2018","retweets":"30","favorites":"20","mentions":[],"hashtags":[],"geo":"","raw":"가성비가 너무 안좋음!\n배달도 영~","polarity":{"com":0.0035714286,"pos":0.46850649359999996,"neg":0.4144480518,"neut":0.077435065,"none":0.036038961},"intensity":{"high":0.11282467540000003,"low":0.0577922078,"meium":0.7915584414000001,"none":0.0378246754},"expressive":{"dir-action":0,"dir-explicit":0.21249999999999997,"dir-speech":0.5636363635999999,"indirect":0.17532467539999996,"writing-device":0.04853896099999999}},{"id":"전국낙지자랑-영등포점","permalink":"","username":"asdfg","text":"일단 맛있어요\n맵게해달라고 부탁드렸는데....\n안매웠어요 제가 워낙 매운걸 좋아해서...\n낙지는 큼직하니 정말 맛있어요\n수저가 안왔더라고요\n소면을 시켜서 먹여더니 맛있더라고요\n양도 넉넉하네요","date":"Mon Dec 10 23:59:44 +0000 2018","retweets":"30","favorites":"20","mentions":[],"hashtags":[],"geo":"","raw":"일단 맛있어요\n맵게해달라고 부탁드렸는데....\n안매웠어요 제가 워낙 매운걸 좋아해서...\n낙지는 큼직하니 정말 맛있어요\n수저가 안왔더라고요\n소면을 시켜서 먹여더니 맛있더라고요\n양도 넉넉하네요","polarity":{"com":0.005481636188185205,"pos":0.34210657704276337,"neg":0.39139173429892393,"neut":0.0685176323835647,"none":0.19250242008656282},"intensity":{"high":0.09196344205675228,"low":0.12048541767996965,"meium":0.5939549540253778,"none":0.19359618623790023},"expressive":{"dir-action":0.0020322046251270128,"dir-explicit":0.22911480982681967,"dir-speech":0.3739453084608716,"indirect":0.19504744894969048,"writing-device":0.19986022813749124}}]