[{"id":"왕십리순대곱창-강남서부점","permalink":"","username":"asdfg","text":"김치2종과 본품이 다네요.. 쌈같은것도 싸주면좋을텐데요 아무것도없고.. 돼지냄세심하게나고 면은떡이되서왔어요 최악입니다.","date":"Mon Dec 10 23:59:44 +0000 2018","retweets":"30","favorites":"20","mentions":[],"hashtags":[],"geo":"","raw":"김치2종과 본품이 다네요.. 쌈같은것도 싸주면좋을텐데요 아무것도없고.. 돼지냄세심하게나고 면은떡이되서왔어요 최악입니다.","polarity":{"com":0.01367107052877631,"pos":0.42229792239256736,"neg":0.4008936989330354,"neut":0.04864690398378436,"none":0.1144904041618365},"intensity":{"high":0.17891312692140576,"low":0.11354382292576373,"meium":0.5926155910271591,"none":0.11492745912567151},"expressive":{"dir-action":0.0007237932666666666,"dir-explicit":0.2743125446666667,"dir-speech":0.3798798438666667,"indirect":0.21931590086666666,"writing-device":0.12576791733333334}},{"id":"왕십리순대곱창-강남서부점","permalink":"","username":"asdfg","text":"양념은 뭉쳐있고 깻잎은 잘리지도 않았네요","date":"Mon Dec 10 23:59:44 +0000 2018","retweets":"30","favorites":"20","mentions":[],"hashtags":[],"geo":"","raw":"양념은 뭉쳐있고 깻잎은 잘리지도 않았네요","polarity":{"com":0.013680387666666669,"pos":0.3087167066666667,"neg":0.48240516566666675,"neut":0.027360774666666667,"none":0.16783696533333334},"intensity":{"high":0.11541565774361043,"low":0.12849071808566048,"meium":0.5882566587255045,"none":0.16783696544522464},"expressive":{"dir-action":0,"dir-explicit":0.2426957225857681,"dir-speech":0.4728813558423729,"indirect":0.11896690862701102,"writing-device":0.165456012944848}},{"id":"왕십리순대곱창-강남서부점","permalink":"","username":"asdfg","text":"양은 좀 많은 느낌","date":"Mon Dec 10 23:59:44 +0000 2018","retweets":"30","favorites":"20","mentions":[],"hashtags":[],"geo":"","raw":"양은 좀 많은 느낌","polarity":{"com":0,"pos":0.9,"neg":0.1,"neut":0,"none":0},"intensity":{"high":0,"low":0.2,"meium":0.8,"none":0},"expressive":{"dir-action":0,"dir-explicit":0.30000000000000004,"dir-speech":0.7,"indirect":0,"writing-device":0}},{"id":"왕십리순대곱창-강남서부점","permalink":"","username":"asdfg","text":"곱창에서 냄새가 전혀 없고 깔끔했어요.","date":"Mon Dec 10 23:59:44 +0000 2018","retweets":"30","favorites":"20","mentions":[],"hashtags":[],"geo":"","raw":"곱창에서 냄새가 전혀 없고 깔끔했어요.","polarity":{"com":0.006451612999999999,"pos":0.4387096773333334,"neg":0.5175627239999999,"neut":0.027956989333333335,"none":0.009318996333333334},"intensity":{"high":0.446594982,"low":0.03870967733333333,"meium":0.5046594983333333,"none":0.010035842333333333},"expressive":{"dir-action":0.0021505376666666664,"dir-explicit":0.23799283166666665,"dir-speech":0.16487455199999998,"indirect":0.5856630823333332,"writing-device":0.009318996333333333}},{"id":"왕십리순대곱창-강남서부점","permalink":"","username":"asdfg","text":"good and good","date":"Mon Dec 10 23:59:44 +0000 2018","retweets":"30","favorites":"20","mentions":[],"hashtags":[],"geo":"","raw":"good and good","polarity":{"com":null,"pos":null,"neg":null,"neut":null,"none":null},"intensity":{"high":null,"low":null,"meium":null,"none":null},"expressive":{"dir-action":null,"dir-explicit":null,"dir-speech":null,"indirect":null,"writing-device":null}},{"id":"왕십리순대곱창-강남서부점","permalink":"","username":"asdfg","text":"이제까지 시킨 중 최악이었네요 주인이 바꼈나요","date":"Mon Dec 10 23:59:44 +0000 2018","retweets":"30","favorites":"20","mentions":[],"hashtags":[],"geo":"","raw":"이제까지 시킨 중 최악이었네요 주인이 바꼈나요","polarity":{"com":0.09676153850000001,"pos":0.621001411,"neg":0.179576603,"neut":0.04490224875,"none":0.057758198749999996},"intensity":{"high":0.05829446302914724,"low":0.13679781731839893,"meium":0.746048199373024,"none":0.05885952027942977},"expressive":{"dir-action":0.0011013215005506608,"dir-explicit":0.4580993927290497,"dir-speech":0.30762863140381436,"indirect":0.1694091733347046,"writing-device":0.06376148103188076}},{"id":"왕십리순대곱창-강남서부점","permalink":"","username":"asdfg","text":"양 겁나많고 겁나 매워요..","date":"Mon Dec 10 23:59:44 +0000 2018","retweets":"30","favorites":"20","mentions":[],"hashtags":[],"geo":"","raw":"양 겁나많고 겁나 매워요..","polarity":{"com":0,"pos":0.13043478266666667,"neg":0.188405797,"neut":0.6811594203333332,"none":0},"intensity":{"high":0.08695652169565217,"low":0.07246376802415458,"meium":0.8405797102801932,"none":0},"expressive":{"dir-action":0,"dir-explicit":0.17391304339130437,"dir-speech":0.07246376802415459,"indirect":0.7536231885845411,"writing-device":0}},{"id":"왕십리순대곱창-강남서부점","permalink":"","username":"asdfg","text":"독특한 맛... 전골스럽기도 했지만 적당히 술안주로 좋아요","date":"Mon Dec 10 23:59:44 +0000 2018","retweets":"30","favorites":"20","mentions":[],"hashtags":[],"geo":"","raw":"독특한 맛... 전골스럽기도 했지만 적당히 술안주로 좋아요","polarity":{"com":0.0019157088333333332,"pos":0.5403065133333333,"neg":0.24038314183333334,"neut":0.17816091950000001,"none":0.0392337165},"intensity":{"high":0.21915708813014048,"low":0.19440613030093234,"meium":0.5452873562424522,"none":0.04114942532647511},"expressive":{"dir-action":0.0019157088336526178,"dir-explicit":0.2934865900489144,"dir-speech":0.4356321839059387,"indirect":0.22398467437066408,"writing-device":0.044980842840830135}},{"id":"왕십리순대곱창-강남서부점","permalink":"","username":"asdfg","text":"Good Good Good","date":"Mon Dec 10 23:59:44 +0000 2018","retweets":"30","favorites":"20","mentions":[],"hashtags":[],"geo":"","raw":"Good Good Good","polarity":{"com":null,"pos":null,"neg":null,"neut":null,"none":null},"intensity":{"high":null,"low":null,"meium":null,"none":null},"expressive":{"dir-action":null,"dir-explicit":null,"dir-speech":null,"indirect":null,"writing-device":null}},{"id":"왕십리순대곱창-강남서부점","permalink":"","username":"asdfg","text":"양은 좀 적지만 맛있어요 생각보다 매콤해서 더 좋아요 매운거 좋아해서~~!!!","date":"Mon Dec 10 23:59:44 +0000 2018","retweets":"30","favorites":"20","mentions":[],"hashtags":[],"geo":"","raw":"양은 좀 적지만 맛있어요 생각보다 매콤해서 더 좋아요 매운거 좋아해서~~!!!","polarity":{"com":0.0040040040006673345,"pos":0.5278499654213084,"neg":0.32882882872147146,"neut":0.055719180675953196,"none":0.08359802118059967},"intensity":{"high":0.13333525833333335,"low":0.06422768916666667,"meium":0.7183385308333334,"none":0.08409852166666668},"expressive":{"dir-action":0.0005005005000000001,"dir-explicit":0.38634692383333336,"dir-speech":0.31747227983333337,"indirect":0.13252194516666668,"writing-device":0.16315835066666667}},{"id":"왕십리순대곱창-강남서부점","permalink":"","username":"asdfg","text":"처음 시켰을때보다 곱창 맛이 덜했어요. 처음에 시킬땐 쫀득했는데..맛이 좀 바뀐 것 같고 양도 지난번보다 조금 작았던 것 같아요.  배달은 빨랐습니다. 만두는 차갑고 눅눅해서 별로에요","date":"Mon Dec 10 23:59:44 +0000 2018","retweets":"30","favorites":"20","mentions":[],"hashtags":[],"geo":"","raw":"처음 시켰을때보다 곱창 맛이 덜했어요. 처음에 시킬땐 쫀득했는데..맛이 좀 바뀐 것 같고 양도 지난번보다 조금 작았던 것 같아요.  배달은 빨랐습니다. 만두는 차갑고 눅눅해서 별로에요","polarity":{"com":0.021014750369746305,"pos":0.5664428173583893,"neg":0.22861500488034622,"neut":0.07381082904404727,"none":0.11011659834747084},"intensity":{"high":0.032463207875,"low":0.103665917125,"meium":0.7534321803124999,"none":0.1104386946875},"expressive":{"dir-action":0.0005909134998153396,"dir-explicit":0.22933978442833133,"dir-speech":0.4368963406759699,"indirect":0.22232304043052403,"writing-device":0.11084992096535938}},{"id":"왕십리순대곱창-강남서부점","permalink":"","username":"asdfg","text":"맛있졍. 곱창볶음 생각날때마다 시켜먹는 집","date":"Mon Dec 10 23:59:44 +0000 2018","retweets":"30","favorites":"20","mentions":[],"hashtags":[],"geo":"","raw":"맛있졍. 곱창볶음 생각날때마다 시켜먹는 집","polarity":{"com":0,"pos":0.5492424241126894,"neg":0.38257575765435603,"neut":0.06818181823295454,"none":0},"intensity":{"high":0.050505050499999996,"low":0.1654040405,"meium":0.784090909,"none":0},"expressive":{"dir-action":0,"dir-explicit":0.10101010099999999,"dir-speech":0.898989899,"indirect":0,"writing-device":0}},{"id":"왕십리순대곱창-강남서부점","permalink":"","username":"asdfg","text":"7시40분에주문햇는데 10시 에오는게 말이됩니까?? 진짜 전화로도 불친절하고 최악임\n음식?? 후회하실겁니다 다뿔어서옴","date":"Mon Dec 10 23:59:44 +0000 2018","retweets":"30","favorites":"20","mentions":[],"hashtags":[],"geo":"","raw":"7시40분에주문햇는데 10시 에오는게 말이됩니까?? 진짜 전화로도 불친절하고 최악임\n음식?? 후회하실겁니다 다뿔어서옴","polarity":{"com":0.019198028748400164,"pos":0.49307278729224396,"neg":0.24615163064615403,"neut":0.1142990074904751,"none":0.1272785458227268},"intensity":{"high":0.1641323506393113,"low":0.05257370315790439,"meium":0.6556569773907239,"none":0.12763696881206052},"expressive":{"dir-action":0.001075268833154122,"dir-explicit":0.2601136319566477,"dir-speech":0.2771335518704778,"indirect":0.3320180491113303,"writing-device":0.12965949822839007}},{"id":"왕십리순대곱창-강남서부점","permalink":"","username":"asdfg","text":"맛있음맛있음맛있음맛있음","date":"Mon Dec 10 23:59:44 +0000 2018","retweets":"30","favorites":"20","mentions":[],"hashtags":[],"geo":"","raw":"맛있음맛있음맛있음맛있음","polarity":{"com":0,"pos":0.625,"neg":0.375,"neut":0,"none":0},"intensity":{"high":0,"low":0,"meium":1,"none":0},"expressive":{"dir-action":0,"dir-explicit":0,"dir-speech":0.875,"indirect":0.125,"writing-device":0}},{"id":"왕십리순대곱창-강남서부점","permalink":"","username":"asdfg","text":"여기 리뷰는 다 알바들인가 주문했는데 두시간만에오고 음식은 거의 다 식어있고 사이다 시켰는데 콜라옴","date":"Mon Dec 10 23:59:44 +0000 2018","retweets":"30","favorites":"20","mentions":[],"hashtags":[],"geo":"","raw":"여기 리뷰는 다 알바들인가 주문했는데 두시간만에오고 음식은 거의 다 식어있고 사이다 시켰는데 콜라옴","polarity":{"com":0.004978121250622265,"pos":0.5654123936956766,"neg":0.26187954003273495,"neut":0.09007995851126,"none":0.07764998650970624},"intensity":{"high":0.22457577665307193,"low":0.056923475507115434,"meium":0.6408507613301063,"none":0.07764998650970624},"expressive":{"dir-action":0,"dir-explicit":0.44084858531989396,"dir-speech":0.33928967070758886,"indirect":0.13777665010777795,"writing-device":0.08208509386473938}},{"id":"왕십리순대곱창-강남서부점","permalink":"","username":"asdfg","text":"가격대비해서 맛 양 다 좋습니다","date":"Mon Dec 10 23:59:44 +0000 2018","retweets":"30","favorites":"20","mentions":[],"hashtags":[],"geo":"","raw":"가격대비해서 맛 양 다 좋습니다","polarity":{"com":0.00483870975,"pos":0.8076036865,"neg":0.088172043,"neut":0.020967742,"none":0.07841781874999999},"intensity":{"high":0.10637480797340629,"low":0.029032257992741933,"meium":0.7856374808035906,"none":0.07895545323026114},"expressive":{"dir-action":0.0016129032495967742,"dir-explicit":0.18563748095359062,"dir-speech":0.39508448540122887,"indirect":0.3392473116651882,"writing-device":0.07841781873039554}},{"id":"왕십리순대곱창-강남서부점","permalink":"","username":"asdfg","text":"맛있었어요,.양도엄청많고요...","date":"Mon Dec 10 23:59:44 +0000 2018","retweets":"30","favorites":"20","mentions":[],"hashtags":[],"geo":"","raw":"맛있었어요,.양도엄청많고요...","polarity":{"com":0,"pos":0.195652174,"neg":0.7826086955,"neut":0.0217391305,"none":0},"intensity":{"high":0.1304347825652174,"low":0.10869565205434782,"meium":0.7608695653804347,"none":0},"expressive":{"dir-action":0,"dir-explicit":0.2608695651304348,"dir-speech":0.6086956523043479,"indirect":0.1304347825652174,"writing-device":0}},{"id":"왕십리순대곱창-강남서부점","permalink":"","username":"asdfg","text":"아 진짜 욕나오네 순대곱창 댓글들 다 맛잇다 그러길래 땡겨서 새벽에 시켜먹어봣더니 곱창에서 비린내나고 당면은 버섯에 냄새베여서 맛대가리 존나없고 순대가 제일 먹을만함 그래도 너무 아까워서 처음주문하는곳이고 생각해서 걍 조금먹다 버림 내가 다신 시키나보자 ㅅㅂ ㅡ","date":"Mon Dec 10 23:59:44 +0000 2018","retweets":"30","favorites":"20","mentions":[],"hashtags":[],"geo":"","raw":"아 진짜 욕나오네 순대곱창 댓글들 다 맛잇다 그러길래 땡겨서 새벽에 시켜먹어봣더니 곱창에서 비린내나고 당면은 버섯에 냄새베여서 맛대가리 존나없고 순대가 제일 먹을만함 그래도 너무 아까워서 처음주문하는곳이고 생각해서 걍 조금먹다 버림 내가 다신 시키나보자 ㅅㅂ ㅡ","polarity":{"com":0.03662476299267505,"pos":0.40702335356859537,"neg":0.44270060456145993,"neut":0.061774953637645014,"none":0.05187632523962475},"intensity":{"high":0.2717888557364106,"low":0.09071132554546443,"meium":0.5845841010707709,"none":0.052915717647354206},"expressive":{"dir-action":0.02532258064746774,"dir-explicit":0.30501449726949853,"dir-speech":0.36063355781393663,"indirect":0.25361339502463864,"writing-device":0.055415969244458387}},{"id":"왕십리순대곱창-강남서부점","permalink":"","username":"asdfg","text":"맛 양 배달 다만족","date":"Mon Dec 10 23:59:44 +0000 2018","retweets":"30","favorites":"20","mentions":[],"hashtags":[],"geo":"","raw":"맛 양 배달 다만족","polarity":{"com":0,"pos":0.6666666666666666,"neg":0.3333333333333333,"neut":0,"none":0},"intensity":{"high":0,"low":0,"meium":1,"none":0},"expressive":{"dir-action":0,"dir-explicit":0.3333333333333333,"dir-speech":0.6666666666666666,"indirect":0,"writing-device":0}},{"id":"왕십리순대곱창-강남서부점","permalink":"","username":"asdfg","text":"존맛탱..ㅠㅠ 저처럼 고민중이였다면 그냥 먹으세요.","date":"Mon Dec 10 23:59:44 +0000 2018","retweets":"30","favorites":"20","mentions":[],"hashtags":[],"geo":"","raw":"존맛탱..ㅠㅠ 저처럼 고민중이였다면 그냥 먹으세요.","polarity":{"com":0.00571895425,"pos":0.40890522875,"neg":0.5069444445,"neut":0.022875817,"none":0.0555555555},"intensity":{"high":0.03186274500796568,"low":0.08292483652073121,"meium":0.8296568629574141,"none":0.05555555551388888},"expressive":{"dir-action":0,"dir-explicit":0.1670751635,"dir-speech":0.55065359475,"indirect":0.2218137255,"writing-device":0.06045751625}},{"id":"왕십리순대곱창-강남서부점","permalink":"","username":"asdfg","text":"잘먹었습니다... ..","date":"Mon Dec 10 23:59:44 +0000 2018","retweets":"30","favorites":"20","mentions":[],"hashtags":[],"geo":"","raw":"잘먹었습니다... ..","polarity":{"com":0,"pos":0.7142857147142857,"neg":0.21428571421428572,"neut":0.07142857107142857,"none":0},"intensity":{"high":0,"low":0.214285714,"meium":0.785714286,"none":0},"expressive":{"dir-action":0,"dir-explicit":0.214285714,"dir-speech":0.142857143,"indirect":0.642857143,"writing-device":0}},{"id":"왕십리순대곱창-강남서부점","permalink":"","username":"asdfg","text":"맛있어요","date":"Mon Dec 10 23:59:44 +0000 2018","retweets":"30","favorites":"20","mentions":[],"hashtags":[],"geo":"","raw":"맛있어요","polarity":{"com":0,"pos":0,"neg":1,"neut":0,"none":0},"intensity":{"high":0,"low":0,"meium":1,"none":0},"expressive":{"dir-action":0,"dir-explicit":0,"dir-speech":1,"indirect":0,"writing-device":0}},{"id":"왕십리순대곱창-강남서부점","permalink":"","username":"asdfg","text":"양 배달 만족 평균 이상은 하는듯 근데 나중에 제가 청양을 더 넣고 한번 더 볶아 먹었습니다 매운 맛을 더 내면 좋을거 같아요","date":"Mon Dec 10 23:59:44 +0000 2018","retweets":"30","favorites":"20","mentions":[],"hashtags":[],"geo":"","raw":"양 배달 만족 평균 이상은 하는듯 근데 나중에 제가 청양을 더 넣고 한번 더 볶아 먹었습니다 매운 맛을 더 내면 좋을거 같아요","polarity":{"com":0.0010449320909090907,"pos":0.6787706146363638,"neg":0.25364772154545456,"neut":0.022079869181818184,"none":0.044456862545454556},"intensity":{"high":0.07035270235084495,"low":0.0662944286243101,"meium":0.8178510743967544,"none":0.04550179462809059},"expressive":{"dir-action":0.0010449320910040848,"dir-explicit":0.23693910629426723,"dir-speech":0.5303272605936661,"indirect":0.09318795137210799,"writing-device":0.13850074964895465}},{"id":"왕십리순대곱창-강남서부점","permalink":"","username":"asdfg","text":"배달도 엄청 늦고 맛도 머하나 빠진듯한 맛이었습니다","date":"Mon Dec 10 23:59:44 +0000 2018","retweets":"30","favorites":"20","mentions":[],"hashtags":[],"geo":"","raw":"배달도 엄청 늦고 맛도 머하나 빠진듯한 맛이었습니다","polarity":{"com":0,"pos":0.9285714285,"neg":0.03571428575,"neut":0.03571428575,"none":0},"intensity":{"high":0,"low":0.03571428575,"meium":0.96428571425,"none":0},"expressive":{"dir-action":0,"dir-explicit":0.0714285715,"dir-speech":0.9285714285,"indirect":0,"writing-device":0}},{"id":"왕십리순대곱창-강남서부점","permalink":"","username":"asdfg","text":"좋아요 맛있게 먹었어요 비린 잡내가 살짝 나긴했지만 맛있엇습니다","date":"Mon Dec 10 23:59:44 +0000 2018","retweets":"30","favorites":"20","mentions":[],"hashtags":[],"geo":"","raw":"좋아요 맛있게 먹었어요 비린 잡내가 살짝 나긴했지만 맛있엇습니다","polarity":{"com":0,"pos":0.49190476175,"neg":0.49809523824999996,"neut":0,"none":0.01},"intensity":{"high":0.0956349205,"low":0.0655555555,"meium":0.828809524,"none":0.01},"expressive":{"dir-action":0,"dir-explicit":0.259126984,"dir-speech":0.53015873025,"indirect":0.20071428575,"writing-device":0.01}},{"id":"왕십리순대곱창-강남서부점","permalink":"","username":"asdfg","text":"제 스타일은 아니에요ㅠㅠ그냐유보통의 맛","date":"Mon Dec 10 23:59:44 +0000 2018","retweets":"30","favorites":"20","mentions":[],"hashtags":[],"geo":"","raw":"제 스타일은 아니에요ㅠㅠ그냐유보통의 맛","polarity":{"com":0.009416195993722537,"pos":0.24952919016698055,"neg":0.6092278715938482,"neut":0.07438794728374137,"none":0.05743879496170747},"intensity":{"high":0.04708097931763968,"low":0.062146892645951045,"meium":0.8333333330555557,"none":0.05743879498085374},"expressive":{"dir-action":0,"dir-explicit":0.24387947266666662,"dir-speech":0.5555555553333333,"indirect":0.143126177,"writing-device":0.05743879499999999}},{"id":"왕십리순대곱창-강남서부점","permalink":"","username":"asdfg","text":"배달조금늦지만 맛있어용","date":"Mon Dec 10 23:59:44 +0000 2018","retweets":"30","favorites":"20","mentions":[],"hashtags":[],"geo":"","raw":"배달조금늦지만 맛있어용","polarity":{"com":0,"pos":0.3333333333333333,"neg":0.6666666666666666,"neut":0,"none":0},"intensity":{"high":0,"low":0,"meium":1,"none":0},"expressive":{"dir-action":0,"dir-explicit":0,"dir-speech":0.6666666666666666,"indirect":0.3333333333333333,"writing-device":0}},{"id":"왕십리순대곱창-강남서부점","permalink":"","username":"asdfg","text":"맛있음 !! 조 금 매운데 짱맛\n야식으로꿀입니다","date":"Mon Dec 10 23:59:44 +0000 2018","retweets":"30","favorites":"20","mentions":[],"hashtags":[],"geo":"","raw":"맛있음 !! 조 금 매운데 짱맛\n야식으로꿀입니다","polarity":{"com":0,"pos":0.3333333333333333,"neg":0.6666666666666666,"neut":0,"none":0},"intensity":{"high":0,"low":0.16666666666666666,"meium":0.8333333333333334,"none":0},"expressive":{"dir-action":0,"dir-explicit":0,"dir-speech":0.8333333333333334,"indirect":0.16666666666666666,"writing-device":0}},{"id":"왕십리순대곱창-강남서부점","permalink":"","username":"asdfg","text":"65분 걸린다했는데 50분만에오고 양도 많고 맛있어용 담에 또먹을꺼예요","date":"Mon Dec 10 23:59:44 +0000 2018","retweets":"30","favorites":"20","mentions":[],"hashtags":[],"geo":"","raw":"65분 걸린다했는데 50분만에오고 양도 많고 맛있어용 담에 또먹을꺼예요","polarity":{"com":0.00491000999929857,"pos":0.24880306939302815,"neg":0.5248379212107375,"neut":0.10056386369991943,"none":0.1208851356970164},"intensity":{"high":0.07189472486741352,"low":0.06078963315154137,"meium":0.7447884701063984,"none":0.12252717187464672},"expressive":{"dir-action":0.0016420361433262959,"dir-explicit":0.17768806676505372,"dir-speech":0.37421615324977603,"indirect":0.297433216227838,"writing-device":0.14902052761400586}},{"id":"왕십리순대곱창-강남서부점","permalink":"","username":"asdfg","text":"양도많고배달도빨라요\n같이온만두는안먹게되더라구ᄋᆢㄷ","date":"Mon Dec 10 23:59:44 +0000 2018","retweets":"30","favorites":"20","mentions":[],"hashtags":[],"geo":"","raw":"양도많고배달도빨라요\n같이온만두는안먹게되더라구ᄋᆢㄷ","polarity":{"com":0.00943396233018868,"pos":0.37811047304062984,"neg":0.5383852883205383,"neut":0.06463631397845455,"none":0.00943396233018868},"intensity":{"high":0.25102543066666666,"low":0.21862182116666665,"meium":0.5209187858333334,"none":0.009433962333333334},"expressive":{"dir-action":0,"dir-explicit":0.24576155316666667,"dir-speech":0.4678356576666667,"indirect":0.22901285200000002,"writing-device":0.05738993716666666}},{"id":"왕십리순대곱창-강남서부점","permalink":"","username":"asdfg","text":"전체적으로 무난해요","date":"Mon Dec 10 23:59:44 +0000 2018","retweets":"30","favorites":"20","mentions":[],"hashtags":[],"geo":"","raw":"전체적으로 무난해요","polarity":{"com":0,"pos":0.25,"neg":0.625,"neut":0.125,"none":0},"intensity":{"high":0.375,"low":0,"meium":0.625,"none":0},"expressive":{"dir-action":0,"dir-explicit":0.125,"dir-speech":0,"indirect":0.875,"writing-device":0}},{"id":"왕십리순대곱창-강남서부점","permalink":"","username":"asdfg","text":"빨리오고 맛있고 좋은데\n양이 원래 이랬나요??\n전엔 더 큰 통에 왔었던거같은데 바뀐건가용,,\n그래도 맛있어요 ㅎㅎ","date":"Mon Dec 10 23:59:44 +0000 2018","retweets":"30","favorites":"20","mentions":[],"hashtags":[],"geo":"","raw":"빨리오고 맛있고 좋은데\n양이 원래 이랬나요??\n전엔 더 큰 통에 왔었던거같은데 바뀐건가용,,\n그래도 맛있어요 ㅎㅎ","polarity":{"com":0,"pos":0.3685736179368574,"neg":0.45306951294530695,"neut":0.16642036121664205,"none":0.011936507901193652},"intensity":{"high":0.06110563770000001,"low":0.23470607550000003,"meium":0.6888035029999999,"none":0.015384783800000001},"expressive":{"dir-action":0,"dir-explicit":0.1810454297,"dir-speech":0.5504597701,"indirect":0.1549709907,"writing-device":0.1135238095}},{"id":"왕십리순대곱창-강남서부점","permalink":"","username":"asdfg","text":"자알 먹었습니다 수고하세요","date":"Mon Dec 10 23:59:44 +0000 2018","retweets":"30","favorites":"20","mentions":[],"hashtags":[],"geo":"","raw":"자알 먹었습니다 수고하세요","polarity":{"com":0.0096774195,"pos":0.4247311825,"neg":0.5096774195,"neut":0.041935484,"none":0.0139784945},"intensity":{"high":0.1254480285,"low":0.169175627,"meium":0.690322581,"none":0.0150537635},"expressive":{"dir-action":0.003225806499999999,"dir-explicit":0.26810035849999997,"dir-speech":0.5362007169999999,"indirect":0.17849462349999998,"writing-device":0.013978494499999997}},{"id":"왕십리순대곱창-강남서부점","permalink":"","username":"asdfg","text":"매운게 땡겼는데 뜨끈뜨끈하게 와서 잘 먹었네요. 면도 하나도 안불었었어요. 너무 맛있게 먹어서 사진 찍을 겨를이 없었네요..","date":"Mon Dec 10 23:59:44 +0000 2018","retweets":"30","favorites":"20","mentions":[],"hashtags":[],"geo":"","raw":"매운게 땡겼는데 뜨끈뜨끈하게 와서 잘 먹었네요. 면도 하나도 안불었었어요. 너무 맛있게 먹어서 사진 찍을 겨를이 없었네요..","polarity":{"com":0.0154351396,"pos":0.4413847948,"neg":0.40591693930000006,"neut":0.1114728964,"none":0.0257902299},"intensity":{"high":0.08635970179136404,"low":0.12899545508710047,"meium":0.7524420300247558,"none":0.03220281309677973},"expressive":{"dir-action":0.0011494253001149424,"dir-explicit":0.3081341588308134,"dir-speech":0.39247620323924765,"indirect":0.2627517069262752,"writing-device":0.035488505703548855}},{"id":"왕십리순대곱창-강남서부점","permalink":"","username":"asdfg","text":"맛이 살짝 아쉬웠어요 ㅎㅎㅎ","date":"Mon Dec 10 23:59:44 +0000 2018","retweets":"30","favorites":"20","mentions":[],"hashtags":[],"geo":"","raw":"맛이 살짝 아쉬웠어요 ㅎㅎㅎ","polarity":{"com":0,"pos":0.5,"neg":0.5,"neut":0,"none":0},"intensity":{"high":0,"low":0,"meium":1,"none":0},"expressive":{"dir-action":0,"dir-explicit":0,"dir-speech":0.5,"indirect":0.5,"writing-device":0}},{"id":"왕십리순대곱창-강남서부점","permalink":"","username":"asdfg","text":"양 많고 배달 준수","date":"Mon Dec 10 23:59:44 +0000 2018","retweets":"30","favorites":"20","mentions":[],"hashtags":[],"geo":"","raw":"양 많고 배달 준수","polarity":{"com":0,"pos":0.695652174,"neg":0.2826086955,"neut":0.0217391305,"none":0},"intensity":{"high":0.1304347825652174,"low":0.10869565205434782,"meium":0.7608695653804347,"none":0},"expressive":{"dir-action":0,"dir-explicit":0.2608695651304348,"dir-speech":0.6086956523043479,"indirect":0.1304347825652174,"writing-device":0}},{"id":"왕십리순대곱창-강남서부점","permalink":"","username":"asdfg","text":"양도 많고 너무 맛있어요","date":"Mon Dec 10 23:59:44 +0000 2018","retweets":"30","favorites":"20","mentions":[],"hashtags":[],"geo":"","raw":"양도 많고 너무 맛있어요","polarity":{"com":0.07142857150000001,"pos":0.26708074550000005,"neg":0.6397515525,"neut":0.021739130500000002,"none":0},"intensity":{"high":0.20186335410093165,"low":0.1801242235900621,"meium":0.6180124223090062,"none":0},"expressive":{"dir-action":0,"dir-explicit":0.5465838507732919,"dir-speech":0.2515527951257764,"indirect":0.20186335410093165,"writing-device":0}},{"id":"왕십리순대곱창-강남서부점","permalink":"","username":"asdfg","text":"맛은 그저 그랬어요","date":"Mon Dec 10 23:59:44 +0000 2018","retweets":"30","favorites":"20","mentions":[],"hashtags":[],"geo":"","raw":"맛은 그저 그랬어요","polarity":{"com":0,"pos":0.5,"neg":0.25,"neut":0,"none":0.25},"intensity":{"high":0,"low":0.25,"meium":0.5,"none":0.25},"expressive":{"dir-action":0,"dir-explicit":0,"dir-speech":0.5,"indirect":0.25,"writing-device":0.25}},{"id":"왕십리순대곱창-강남서부점","permalink":"","username":"asdfg","text":"고추가루가 많아서 텁텁하다","date":"Mon Dec 10 23:59:44 +0000 2018","retweets":"30","favorites":"20","mentions":[],"hashtags":[],"geo":"","raw":"고추가루가 많아서 텁텁하다","polarity":{"com":0.012012012,"pos":0.4491634495,"neg":0.51029601,"neut":0.0165165165,"none":0.012012012},"intensity":{"high":0.2713427713643286,"low":0.1848991849075504,"meium":0.5302445302348777,"none":0.013513513493243243},"expressive":{"dir-action":0.0015015015,"dir-explicit":0.4418704415,"dir-speech":0.11647361649999999,"indirect":0.426640927,"writing-device":0.0135135135}},{"id":"왕십리순대곱창-강남서부점","permalink":"","username":"asdfg","text":"두번째 시켰어요 정말 맛있습니당 ㅎㅎ","date":"Mon Dec 10 23:59:44 +0000 2018","retweets":"30","favorites":"20","mentions":[],"hashtags":[],"geo":"","raw":"두번째 시켰어요 정말 맛있습니당 ㅎㅎ","polarity":{"com":0,"pos":0.75,"neg":0,"neut":0,"none":0.25},"intensity":{"high":0.5,"low":0,"meium":0.25,"none":0.25},"expressive":{"dir-action":0,"dir-explicit":0.5,"dir-speech":0.25,"indirect":0,"writing-device":0.25}},{"id":"왕십리순대곱창-강남서부점","permalink":"","username":"asdfg","text":"맛있어용 ㅋㅋㅋ양도 많궁 ㅋㅋ","date":"Mon Dec 10 23:59:44 +0000 2018","retweets":"30","favorites":"20","mentions":[],"hashtags":[],"geo":"","raw":"맛있어용 ㅋㅋㅋ양도 많궁 ㅋㅋ","polarity":{"com":0,"pos":0,"neg":1,"neut":0,"none":0},"intensity":{"high":0,"low":0,"meium":1,"none":0},"expressive":{"dir-action":0,"dir-explicit":0,"dir-speech":1,"indirect":0,"writing-device":0}},{"id":"왕십리순대곱창-강남서부점","permalink":"","username":"asdfg","text":"양도 많고 맛도 좋아요 굿굿","date":"Mon Dec 10 23:59:44 +0000 2018","retweets":"30","favorites":"20","mentions":[],"hashtags":[],"geo":"","raw":"양도 많고 맛도 좋아요 굿굿","polarity":{"com":0,"pos":0.827826087,"neg":0.15130434775,"neut":0.01086956525,"none":0.01},"intensity":{"high":0.11521739127880436,"low":0.06434782601608695,"meium":0.8104347827026087,"none":0.0100000000025},"expressive":{"dir-action":0,"dir-explicit":0.2804347825701087,"dir-speech":0.35434782608858695,"indirect":0.35521739133880437,"writing-device":0.0100000000025}},{"id":"왕십리순대곱창-강남서부점","permalink":"","username":"asdfg","text":"굿굿잡 굿굿잡 맛있네요","date":"Mon Dec 10 23:59:44 +0000 2018","retweets":"30","favorites":"20","mentions":[],"hashtags":[],"geo":"","raw":"굿굿잡 굿굿잡 맛있네요","polarity":{"com":0,"pos":0.5,"neg":0.5,"neut":0,"none":0},"intensity":{"high":0,"low":0,"meium":1,"none":0},"expressive":{"dir-action":0,"dir-explicit":0,"dir-speech":0.5,"indirect":0.5,"writing-device":0}},{"id":"왕십리순대곱창-강남서부점","permalink":"","username":"asdfg","text":"여태맛있게왔었는데오늘식당에무슨일있었나요?맛있다고자랑하고동생들이랑같이먹으려고주문했는데....이런비유상하는냄새첨인거같아요.기본양념도전에왔던것들이랑다르고냄새너무심하고ㅠ 돈날리고여러사람배고파서짜증나게만들었어요.ㅠ","date":"Mon Dec 10 23:59:44 +0000 2018","retweets":"30","favorites":"20","mentions":[],"hashtags":[],"geo":"","raw":"여태맛있게왔었는데오늘식당에무슨일있었나요?맛있다고자랑하고동생들이랑같이먹으려고주문했는데....이런비유상하는냄새첨인거같아요.기본양념도전에왔던것들이랑다르고냄새너무심하고ㅠ 돈날리고여러사람배고파서짜증나게만들었어요.ㅠ","polarity":{"com":0.0075824614,"pos":0.38062204409999995,"neg":0.4104607381000001,"neut":0.1033205938,"none":0.0980141626},"intensity":{"high":0.15826141109999997,"low":0.06934699065,"meium":0.6730780852999999,"none":0.09931351294999999},"expressive":{"dir-action":0.00057471265,"dir-explicit":0.19277723579999997,"dir-speech":0.3322306637,"indirect":0.32250821905000004,"writing-device":0.1519091688}},{"id":"왕십리순대곱창-강남서부점","permalink":"","username":"asdfg","text":"전골같은 야채순대볶음","date":"Mon Dec 10 23:59:44 +0000 2018","retweets":"30","favorites":"20","mentions":[],"hashtags":[],"geo":"","raw":"전골같은 야채순대볶음","polarity":{"com":0,"pos":0.238095238,"neg":0.333333333,"neut":0.142857143,"none":0.285714286},"intensity":{"high":0.095238095,"low":0,"meium":0.619047619,"none":0.285714286},"expressive":{"dir-action":0,"dir-explicit":0.285714286,"dir-speech":0.142857143,"indirect":0.238095238,"writing-device":0.333333333}},{"id":"왕십리순대곱창-강남서부점","permalink":"","username":"asdfg","text":"최악이네요. 음식 받는데 정확히 1시간 37분이 걸렸습니다. 차라리 사과라도 하면 좋은데 전화하니 5분 전에 출발했다고 합니다. 시간 많은 분은 시켜드세요.","date":"Mon Dec 10 23:59:44 +0000 2018","retweets":"30","favorites":"20","mentions":[],"hashtags":[],"geo":"","raw":"최악이네요. 음식 받는데 정확히 1시간 37분이 걸렸습니다. 차라리 사과라도 하면 좋은데 전화하니 5분 전에 출발했다고 합니다. 시간 많은 분은 시켜드세요.","polarity":{"com":0.0025707576666666662,"pos":0.37700809533333335,"neg":0.4997166604999999,"neut":0.09875787916666666,"none":0.021946607333333326},"intensity":{"high":0.17364664440219613,"low":0.11763317265686393,"meium":0.6856365096928637,"none":0.023083673248076364},"expressive":{"dir-action":0.0014954888334579573,"dir-explicit":0.2676662341056389,"dir-speech":0.294787418107899,"indirect":0.41123068845093586,"writing-device":0.024820170502068344}},{"id":"왕십리순대곱창-강남서부점","permalink":"","username":"asdfg","text":"대박 구성\n술안주 강추","date":"Mon Dec 10 23:59:44 +0000 2018","retweets":"30","favorites":"20","mentions":[],"hashtags":[],"geo":"","raw":"대박 구성\n술안주 강추","polarity":{"com":null,"pos":null,"neg":null,"neut":null,"none":null},"intensity":{"high":null,"low":null,"meium":null,"none":null},"expressive":{"dir-action":null,"dir-explicit":null,"dir-speech":null,"indirect":null,"writing-device":null}},{"id":"왕십리순대곱창-강남서부점","permalink":"","username":"asdfg","text":"이주전에 첨 배달해 먹고 냄새도 안나고 고소하게 맛있어서 또 먹고싶어서 회원가입하고 주문해서 먹었어요. 비오는 새벽이었는데도 예상시간보다 빨리 배달됐어요. 맵지않고 고소해서 곱창먹고 밥까지 비벼먹었어요. 궂은 날씨에도 따뜻하게 빠르게 배달해 주셔서 감사합니다. 동생들이랑 맛있게 잘먹었어요. 번창하세요~~~~","date":"Mon Dec 10 23:59:44 +0000 2018","retweets":"30","favorites":"20","mentions":[],"hashtags":[],"geo":"","raw":"이주전에 첨 배달해 먹고 냄새도 안나고 고소하게 맛있어서 또 먹고싶어서 회원가입하고 주문해서 먹었어요. 비오는 새벽이었는데도 예상시간보다 빨리 배달됐어요. 맵지않고 고소해서 곱창먹고 밥까지 비벼먹었어요. 궂은 날씨에도 따뜻하게 빠르게 배달해 주셔서 감사합니다. 동생들이랑 맛있게 잘먹었어요. 번창하세요~~~~","polarity":{"com":0.006633413535714285,"pos":0.43080026325,"neg":0.43825478964285713,"neut":0.06386091878571429,"none":0.060450614785714285},"intensity":{"high":0.14535943461233428,"low":0.14022036354072215,"meium":0.6348107523798147,"none":0.0796094494671289},"expressive":{"dir-action":0.0007984943571143395,"dir-explicit":0.24692577895546694,"dir-speech":0.4729991203045358,"indirect":0.21119448181388592,"writing-device":0.06808212456899707}},{"id":"왕십리순대곱창-강남서부점","permalink":"","username":"asdfg","text":"곱창이 야채보다 더 많은 느낌 !\n양 진짜 어마어마하네요,,👍🏻\n덕분에 풍족하게 잘 먹었습니당 ^-^","date":"Mon Dec 10 23:59:44 +0000 2018","retweets":"30","favorites":"20","mentions":[],"hashtags":[],"geo":"","raw":"곱창이 야채보다 더 많은 느낌 !\n양 진짜 어마어마하네요,,👍🏻\n덕분에 풍족하게 잘 먹었습니당 ^-^","polarity":{"com":0.013147508668857921,"pos":0.6118715004353119,"neg":0.3279044933879841,"neut":0.037600060672933346,"none":0.009476436834912741},"intensity":{"high":0.13899251668983212,"low":0.15243541202540595,"meium":0.6973604191162268,"none":0.011211652168535277},"expressive":{"dir-action":0.0017352153336225363,"dir-explicit":0.24216787570702802,"dir-speech":0.3307118005551187,"indirect":0.4141734562356956,"writing-device":0.011211652168535277}},{"id":"왕십리순대곱창-강남서부점","permalink":"","username":"asdfg","text":"배달늦음.,.,.,.,.","date":"Mon Dec 10 23:59:44 +0000 2018","retweets":"30","favorites":"20","mentions":[],"hashtags":[],"geo":"","raw":"배달늦음.,.,.,.,.","polarity":{"com":0,"pos":0.75,"neg":0.25,"neut":0,"none":0},"intensity":{"high":0,"low":0,"meium":1,"none":0},"expressive":{"dir-action":0,"dir-explicit":0,"dir-speech":0.75,"indirect":0.25,"writing-device":0}},{"id":"왕십리순대곱창-강남서부점","permalink":"","username":"asdfg","text":"2인분인데 엄청많아서 하루는 더먹을꺼같아요. 당면때문인지 볶음인데 국물이 많아서 볶음인지 탕인지 잘모르겟네요. 맛은 있어요 배달도 빨랏고","date":"Mon Dec 10 23:59:44 +0000 2018","retweets":"30","favorites":"20","mentions":[],"hashtags":[],"geo":"","raw":"2인분인데 엄청많아서 하루는 더먹을꺼같아요. 당면때문인지 볶음인데 국물이 많아서 볶음인지 탕인지 잘모르겟네요. 맛은 있어요 배달도 빨랏고","polarity":{"com":0.03895672850243479,"pos":0.4276526280892283,"neg":0.33128989820820565,"neut":0.08362194519272638,"none":0.11847880000740495},"intensity":{"high":0.19628061812383765,"low":0.09477599909211748,"meium":0.5904645827470203,"none":0.11847880003702463},"expressive":{"dir-action":0,"dir-explicit":0.3483528829592721,"dir-speech":0.24492122482780757,"indirect":0.27914345082994646,"writing-device":0.1275824413829739}},{"id":"왕십리순대곱창-강남서부점","permalink":"","username":"asdfg","text":"양이정말많아요ㅋㅋㅋㅋ맛나뇨!","date":"Mon Dec 10 23:59:44 +0000 2018","retweets":"30","favorites":"20","mentions":[],"hashtags":[],"geo":"","raw":"양이정말많아요ㅋㅋㅋㅋ맛나뇨!","polarity":{"com":0,"pos":0.75,"neg":0,"neut":0,"none":0.25},"intensity":{"high":0.5,"low":0,"meium":0.25,"none":0.25},"expressive":{"dir-action":0,"dir-explicit":0.5,"dir-speech":0.25,"indirect":0,"writing-device":0.25}},{"id":"왕십리순대곱창-강남서부점","permalink":"","username":"asdfg","text":"배달 시간 맞춰 왔습니다~\n음식 받자마자 놀랬어요~ 제가 국물이랑 당면 많이 달라고 부탁드렸는데 정~말 많이 주셨어요!\n음식도 따끈따끈~ 곱창도 맛있고 야채도 맛있고~\n서비스로 온 군만두랑 콜라 역시 잘 먹었습니다^^\n담에 또 시켜 먹을게요~수고 하세요~","date":"Mon Dec 10 23:59:44 +0000 2018","retweets":"30","favorites":"20","mentions":[],"hashtags":[],"geo":"","raw":"배달 시간 맞춰 왔습니다~\n음식 받자마자 놀랬어요~ 제가 국물이랑 당면 많이 달라고 부탁드렸는데 정~말 많이 주셨어요!\n음식도 따끈따끈~ 곱창도 맛있고 야채도 맛있고~\n서비스로 온 군만두랑 콜라 역시 잘 먹었습니다^^\n담에 또 시켜 먹을게요~수고 하세요~","polarity":{"com":0.0012605041764705883,"pos":0.4466070297647058,"neg":0.3565997009411765,"neut":0.06837745847058822,"none":0.12715530664705882},"intensity":{"high":0.12803831211764707,"low":0.15054064629411765,"meium":0.5942657349411764,"none":0.12715530664705882},"expressive":{"dir-action":0,"dir-explicit":0.19917873960019328,"dir-speech":0.43958515301421525,"indirect":0.22693794365248518,"writing-device":0.13429816373310632}},{"id":"왕십리순대곱창-강남서부점","permalink":"","username":"asdfg","text":"양많고 꾸루꾸루 맛","date":"Mon Dec 10 23:59:44 +0000 2018","retweets":"30","favorites":"20","mentions":[],"hashtags":[],"geo":"","raw":"양많고 꾸루꾸루 맛","polarity":{"com":0,"pos":0.695652174,"neg":0.2826086955,"neut":0.0217391305,"none":0},"intensity":{"high":0.1304347825652174,"low":0.10869565205434782,"meium":0.7608695653804347,"none":0},"expressive":{"dir-action":0,"dir-explicit":0.2608695651304348,"dir-speech":0.6086956523043479,"indirect":0.1304347825652174,"writing-device":0}},{"id":"왕십리순대곱창-강남서부점","permalink":"","username":"asdfg","text":"수분감이 없어서 좀 퍼석했지만 곱냄새도 안나고 괜찮았습니다","date":"Mon Dec 10 23:59:44 +0000 2018","retweets":"30","favorites":"20","mentions":[],"hashtags":[],"geo":"","raw":"수분감이 없어서 좀 퍼석했지만 곱냄새도 안나고 괜찮았습니다","polarity":{"com":0.0032362460000000003,"pos":0.24231391583333337,"neg":0.6924555016666668,"neut":0.02892394816666667,"none":0.03307038833333334},"intensity":{"high":0.25596682845733887,"low":0.01618122983063646,"meium":0.6931634303844727,"none":0.034688511327551914},"expressive":{"dir-action":0,"dir-explicit":0.252447411,"dir-speech":0.1668487055,"indirect":0.5323624594999999,"writing-device":0.048341424}},{"id":"왕십리순대곱창-강남서부점","permalink":"","username":"asdfg","text":"잘 먹었습니다  ~","date":"Mon Dec 10 23:59:44 +0000 2018","retweets":"30","favorites":"20","mentions":[],"hashtags":[],"geo":"","raw":"잘 먹었습니다  ~","polarity":{"com":0,"pos":0.7142857147142857,"neg":0.21428571421428572,"neut":0.07142857107142857,"none":0},"intensity":{"high":0,"low":0.214285714,"meium":0.785714286,"none":0},"expressive":{"dir-action":0,"dir-explicit":0.214285714,"dir-speech":0.142857143,"indirect":0.642857143,"writing-device":0}},{"id":"왕십리순대곱창-강남서부점","permalink":"","username":"asdfg","text":"생각보다 맛있었음. 떠 시켜먹을 의사 있ㅆㅆ","date":"Mon Dec 10 23:59:44 +0000 2018","retweets":"30","favorites":"20","mentions":[],"hashtags":[],"geo":"","raw":"생각보다 맛있었음. 떠 시켜먹을 의사 있ㅆㅆ","polarity":{"com":0,"pos":0.30208333325000003,"neg":0.625,"neut":0.0625,"none":0.01041666675},"intensity":{"high":0.048611111000000005,"low":0.1180555555,"meium":0.8229166667500001,"none":0.010416666750000001},"expressive":{"dir-action":0,"dir-explicit":0.3993055555,"dir-speech":0.43402777775,"indirect":0.15625,"writing-device":0.01041666675}},{"id":"왕십리순대곱창-강남서부점","permalink":"","username":"asdfg","text":"배 부르게 잘 먹었습니다~","date":"Mon Dec 10 23:59:44 +0000 2018","retweets":"30","favorites":"20","mentions":[],"hashtags":[],"geo":"","raw":"배 부르게 잘 먹었습니다~","polarity":{"com":0,"pos":0.50000000025,"neg":0.4642857142321428,"neut":0.035714285517857144,"none":0},"intensity":{"high":0.21428571439285712,"low":0.249999999875,"meium":0.5357142857321429,"none":0},"expressive":{"dir-action":0,"dir-explicit":0.25000000000000006,"dir-speech":0.14285714300000002,"indirect":0.607142857,"writing-device":0}},{"id":"왕십리순대곱창-강남서부점","permalink":"","username":"asdfg","text":"곱창볶음이 들깨가 들어있고 부담드럽지 않고 깔끔한데 서비스 군만두는 안주는게 나은 것 같아요 눅눅하고 한입도 못 먹고 버렸어요. \n\n배달이 50분 걸린 것 같아요","date":"Mon Dec 10 23:59:44 +0000 2018","retweets":"30","favorites":"20","mentions":[],"hashtags":[],"geo":"","raw":"곱창볶음이 들깨가 들어있고 부담드럽지 않고 깔끔한데 서비스 군만두는 안주는게 나은 것 같아요 눅눅하고 한입도 못 먹고 버렸어요. \n\n배달이 50분 걸린 것 같아요","polarity":{"com":0.00911279992857143,"pos":0.3725796037142857,"neg":0.4619834289285714,"neut":0.049637788214285716,"none":0.10668637921428571},"intensity":{"high":0.059325356365617914,"low":0.08684419151240631,"meium":0.7454479907493498,"none":0.10838246137262605},"expressive":{"dir-action":0.001058327,"dir-explicit":0.2779095228571428,"dir-speech":0.29134167892857143,"indirect":0.3196781912857143,"writing-device":0.11001227992857142}},{"id":"왕십리순대곱창-강남서부점","permalink":"","username":"asdfg","text":"먼 거리에도 정성껏 배달해 준 순대곱창 맛있게 먹겠습니다!!\n맛도 적당하게 매콤해서 딱 순대곱창이 이거다 라고 느끼게\n해줍니다!! 맛있게 먹겠습니다~","date":"Mon Dec 10 23:59:44 +0000 2018","retweets":"30","favorites":"20","mentions":[],"hashtags":[],"geo":"","raw":"먼 거리에도 정성껏 배달해 준 순대곱창 맛있게 먹겠습니다!!\n맛도 적당하게 매콤해서 딱 순대곱창이 이거다 라고 느끼게\n해줍니다!! 맛있게 먹겠습니다~","polarity":{"com":0.006424930333333333,"pos":0.4088495366666666,"neg":0.48925442213333337,"neut":0.03639288393333333,"none":0.05907822693333333},"intensity":{"high":0.055154257337010286,"low":0.1544294862102953,"meium":0.7300778600486718,"none":0.06033839640402256},"expressive":{"dir-action":0.0012601694667506778,"dir-explicit":0.15127476567675163,"dir-speech":0.5948857739063258,"indirect":0.18987732847932512,"writing-device":0.06270196247084678}},{"id":"왕십리순대곱창-강남서부점","permalink":"","username":"asdfg","text":"사무실에서 날도 우중충하길래 주문해서 먹었는데 당면사리도 많고 곱창도 넉넉해서 세명이서 진짜 배터지게 먹었습니다","date":"Mon Dec 10 23:59:44 +0000 2018","retweets":"30","favorites":"20","mentions":[],"hashtags":[],"geo":"","raw":"사무실에서 날도 우중충하길래 주문해서 먹었는데 당면사리도 많고 곱창도 넉넉해서 세명이서 진짜 배터지게 먹었습니다","polarity":{"com":0.003895860125,"pos":0.47240990987500003,"neg":0.460312097875,"neut":0.005914843375,"none":0.05746728875},"intensity":{"high":0.2384706134701912,"low":0.11606606598549174,"meium":0.5876206564265475,"none":0.057842664117769664},"expressive":{"dir-action":0.0003753753749530781,"dir-explicit":0.40352316594955967,"dir-speech":0.26106284859236717,"indirect":0.27808880309023887,"writing-device":0.05694980699288127}},{"id":"왕십리순대곱창-강남서부점","permalink":"","username":"asdfg","text":"오자마자먹는바람에 사진은 없어요.. 맛있게잘먹었습니다!","date":"Mon Dec 10 23:59:44 +0000 2018","retweets":"30","favorites":"20","mentions":[],"hashtags":[],"geo":"","raw":"오자마자먹는바람에 사진은 없어요.. 맛있게잘먹었습니다!","polarity":{"com":0.0027739251432534182,"pos":0.5002146489286021,"neg":0.3890264844841467,"neut":0.08856746572693822,"none":0.019417475717059644},"intensity":{"high":0.0834874402737875,"low":0.1119421878411511,"meium":0.783765933602319,"none":0.020804438282742223},"expressive":{"dir-action":0,"dir-explicit":0.15909891457142855,"dir-speech":0.3763181648571428,"indirect":0.4410045571428571,"writing-device":0.023578363428571423}},{"id":"왕십리순대곱창-강남서부점","permalink":"","username":"asdfg","text":"양도많구 맛있어요!","date":"Mon Dec 10 23:59:44 +0000 2018","retweets":"30","favorites":"20","mentions":[],"hashtags":[],"geo":"","raw":"양도많구 맛있어요!","polarity":{"com":0,"pos":0.195652174,"neg":0.7826086955,"neut":0.0217391305,"none":0},"intensity":{"high":0.1304347825652174,"low":0.10869565205434782,"meium":0.7608695653804347,"none":0},"expressive":{"dir-action":0,"dir-explicit":0.2608695651304348,"dir-speech":0.6086956523043479,"indirect":0.1304347825652174,"writing-device":0}},{"id":"왕십리순대곱창-강남서부점","permalink":"","username":"asdfg","text":"양도 푸짐하고 맛있어요~ㅎㅎ","date":"Mon Dec 10 23:59:44 +0000 2018","retweets":"30","favorites":"20","mentions":[],"hashtags":[],"geo":"","raw":"양도 푸짐하고 맛있어요~ㅎㅎ","polarity":{"com":0.012012012,"pos":0.3063063065,"neg":0.653153153,"neut":0.0165165165,"none":0.012012012},"intensity":{"high":0.057057057,"low":0.042042042,"meium":0.8873873875,"none":0.0135135135},"expressive":{"dir-action":0.0015015015000000005,"dir-explicit":0.15615615600000002,"dir-speech":0.5450450450000001,"indirect":0.28378378400000004,"writing-device":0.013513513500000003}},{"id":"왕십리순대곱창-강남서부점","permalink":"","username":"asdfg","text":"양도 적당하고 배달시간도 적당했네요\n다만 제 입맛엔 좀 싱거웠어요","date":"Mon Dec 10 23:59:44 +0000 2018","retweets":"30","favorites":"20","mentions":[],"hashtags":[],"geo":"","raw":"양도 적당하고 배달시간도 적당했네요\n다만 제 입맛엔 좀 싱거웠어요","polarity":{"com":0.007820897715402985,"pos":0.5441833066491691,"neg":0.2643161511806166,"neut":0.043024857577574974,"none":0.1406547868772364},"intensity":{"high":0.07974216598860827,"low":0.10089038755701564,"meium":0.6784054399030849,"none":0.14096200655129115},"expressive":{"dir-action":0.0009216589998683344,"dir-explicit":0.16011865554855448,"dir-speech":0.4072905587989585,"indirect":0.2934301779580814,"writing-device":0.1382389486945373}},{"id":"왕십리순대곱창-강남서부점","permalink":"","username":"asdfg","text":"잘먹었습니다\n곱창이 특이하네요","date":"Mon Dec 10 23:59:44 +0000 2018","retweets":"30","favorites":"20","mentions":[],"hashtags":[],"geo":"","raw":"잘먹었습니다\n곱창이 특이하네요","polarity":{"com":0.016730614338910207,"pos":0.5540442695180148,"neg":0.3358341734452781,"neut":0.08113508869371171,"none":0.012255854004085286},"intensity":{"high":0.08183727269394575,"low":0.15419111205139702,"meium":0.7495304865831769,"none":0.014441128671480376},"expressive":{"dir-action":0.003618966334539656,"dir-explicit":0.3141203751047068,"dir-speech":0.2662380930887461,"indirect":0.4022982828007661,"writing-device":0.01372428267124143}},{"id":"왕십리순대곱창-강남서부점","permalink":"","username":"asdfg","text":"야채도 많고 곱창도 많고 양 전체적으로 괜찮아요\n곱창냄새도 많이 안나고.. 곱창만 오는 줄 알았는데 만두랑 콜라도 와서 좋아요!!!  배달이 빠르게 와서 행복했습니당 감사합니다~","date":"Mon Dec 10 23:59:44 +0000 2018","retweets":"30","favorites":"20","mentions":[],"hashtags":[],"geo":"","raw":"야채도 많고 곱창도 많고 양 전체적으로 괜찮아요\n곱창냄새도 많이 안나고.. 곱창만 오는 줄 알았는데 만두랑 콜라도 와서 좋아요!!!  배달이 빠르게 와서 행복했습니당 감사합니다~","polarity":{"com":0.0005102040714650146,"pos":0.558126635254152,"neg":0.3279138322377081,"neut":0.04833420543202387,"none":0.06511512300465108},"intensity":{"high":0.24213326355413334,"low":0.1700122099878563,"meium":0.5227394034626615,"none":0.06511512299534893},"expressive":{"dir-action":0,"dir-explicit":0.3146694575489522,"dir-speech":0.22919937205505717,"indirect":0.3219291819055765,"writing-device":0.13420198849041415}},{"id":"왕십리순대곱창-강남서부점","permalink":"","username":"asdfg","text":"항상 너무 맛있고 양도 짱짱!!","date":"Mon Dec 10 23:59:44 +0000 2018","retweets":"30","favorites":"20","mentions":[],"hashtags":[],"geo":"","raw":"항상 너무 맛있고 양도 짱짱!!","polarity":{"com":0,"pos":0.5,"neg":0.5,"neut":0,"none":0},"intensity":{"high":0,"low":0,"meium":1,"none":0},"expressive":{"dir-action":0,"dir-explicit":0.25,"dir-speech":0.75,"indirect":0,"writing-device":0}},{"id":"왕십리순대곱창-강남서부점","permalink":"","username":"asdfg","text":"이게원래 이런맛이맞나요....? 들깨가루랑 고추가루맛밖에 안나는데,,당면이 우동면발만한데 \n음식이 많이 불고 식어서왔네요 ,,ㅠㅠ 만두는 차갑고 딱딱하고 콜라는 왜따듯하죠ㅠㅠ,,,","date":"Mon Dec 10 23:59:44 +0000 2018","retweets":"30","favorites":"20","mentions":[],"hashtags":[],"geo":"","raw":"이게원래 이런맛이맞나요....? 들깨가루랑 고추가루맛밖에 안나는데,,당면이 우동면발만한데 \n음식이 많이 불고 식어서왔네요 ,,ㅠㅠ 만두는 차갑고 딱딱하고 콜라는 왜따듯하죠ㅠㅠ,,,","polarity":{"com":0.0032032032004270946,"pos":0.49041184046538827,"neg":0.4312508937908335,"neut":0.03495995993799467,"none":0.04017410260535655},"intensity":{"high":0.2852548978000001,"low":0.05248105246666667,"meium":0.6216895467333333,"none":0.04057450300000001},"expressive":{"dir-action":0.0004004003999733066,"dir-explicit":0.196469683986902,"dir-speech":0.4716019591685599,"indirect":0.2846703846476886,"writing-device":0.04685757179687616}},{"id":"왕십리순대곱창-강남서부점","permalink":"","username":"asdfg","text":"냄새도 언 나고 맛나게 먹었습니다..김치가 아주 맛있던데요..ㅎㅎ","date":"Mon Dec 10 23:59:44 +0000 2018","retweets":"30","favorites":"20","mentions":[],"hashtags":[],"geo":"","raw":"냄새도 언 나고 맛나게 먹었습니다..김치가 아주 맛있던데요..ㅎㅎ","polarity":{"com":0.011309523833333335,"pos":0.35734126983333336,"neg":0.6134920635,"neut":0.013392857166666668,"none":0.0044642856666666664},"intensity":{"high":0.22030423283333334,"low":0.06322751316666667,"meium":0.710515873,"none":0.005952381},"expressive":{"dir-action":0,"dir-explicit":0.28287037033333334,"dir-speech":0.49004629633333335,"indirect":0.22261904766666665,"writing-device":0.0044642856666666664}},{"id":"왕십리순대곱창-강남서부점","permalink":"","username":"asdfg","text":"양은 마나서 좋아요","date":"Mon Dec 10 23:59:44 +0000 2018","retweets":"30","favorites":"20","mentions":[],"hashtags":[],"geo":"","raw":"양은 마나서 좋아요","polarity":{"com":0,"pos":0.92,"neg":0.04,"neut":0,"none":0.04},"intensity":{"high":0.2,"low":0.04,"meium":0.72,"none":0.04},"expressive":{"dir-action":0,"dir-explicit":0.6,"dir-speech":0.2,"indirect":0.16,"writing-device":0.04}},{"id":"왕십리순대곱창-강남서부점","permalink":"","username":"asdfg","text":"아주.     좋와요","date":"Mon Dec 10 23:59:44 +0000 2018","retweets":"30","favorites":"20","mentions":[],"hashtags":[],"geo":"","raw":"아주.     좋와요","polarity":{"com":0,"pos":0.75,"neg":0.25,"neut":0,"none":0},"intensity":{"high":0.25,"low":0,"meium":0.75,"none":0},"expressive":{"dir-action":0,"dir-explicit":0,"dir-speech":0.25,"indirect":0.75,"writing-device":0}},{"id":"왕십리순대곱창-강남서부점","permalink":"","username":"asdfg","text":"최.         고","date":"Mon Dec 10 23:59:44 +0000 2018","retweets":"30","favorites":"20","mentions":[],"hashtags":[],"geo":"","raw":"최.         고","polarity":{"com":null,"pos":null,"neg":null,"neut":null,"none":null},"intensity":{"high":null,"low":null,"meium":null,"none":null},"expressive":{"dir-action":null,"dir-explicit":null,"dir-speech":null,"indirect":null,"writing-device":null}},{"id":"왕십리순대곱창-강남서부점","permalink":"","username":"asdfg","text":"음...  전에 곱창이 맛있어서 시켰는데...\n이번엔 순대곱창 시켰는데 곱창이 별로없어서...\n맛도 순대가 다 빨은건지 모르겠는데 뻑지고  뭉텅져서와서\n솔직히 별로였어요.\n\n\n조리의 문제요.\n\n순대가 들어가면 같은 조리법을 쓰면 안되요상식적으로.\n\n다음엔 더 잘 부탁드립니다.","date":"Mon Dec 10 23:59:44 +0000 2018","retweets":"30","favorites":"20","mentions":[],"hashtags":[],"geo":"","raw":"음...  전에 곱창이 맛있어서 시켰는데...\n이번엔 순대곱창 시켰는데 곱창이 별로없어서...\n맛도 순대가 다 빨은건지 모르겠는데 뻑지고  뭉텅져서와서\n솔직히 별로였어요.\n\n\n조리의 문제요.\n\n순대가 들어가면 같은 조리법을 쓰면 안되요상식적으로.\n\n다음엔 더 잘 부탁드립니다.","polarity":{"com":0.006564113750820514,"pos":0.3083235804552071,"neg":0.4917277033947993,"neut":0.10906037030529922,"none":0.0843242320938739},"intensity":{"high":0.07889812091995409,"low":0.13755988492239832,"meium":0.6977020764874042,"none":0.08583991767024333},"expressive":{"dir-action":0.014255996042854668,"dir-explicit":0.29635699339969646,"dir-speech":0.3489328274874111,"indirect":0.2447706178953975,"writing-device":0.09568356517464031}},{"id":"왕십리순대곱창-강남서부점","permalink":"","username":"asdfg","text":"ㅡ여기 맛있네요.\n곱을  빡빡 씻으셨네요","date":"Mon Dec 10 23:59:44 +0000 2018","retweets":"30","favorites":"20","mentions":[],"hashtags":[],"geo":"","raw":"ㅡ여기 맛있네요.\n곱을  빡빡 씻으셨네요","polarity":{"com":0.0105105105,"pos":0.530780781,"neg":0.424174174,"neut":0.03003003,"none":0.0045045045},"intensity":{"high":0.0705705705,"low":0.057057057,"meium":0.867867868,"none":0.0045045045},"expressive":{"dir-action":0.007507507503753754,"dir-explicit":0.17417417408708707,"dir-speech":0.6591591593295796,"indirect":0.15165165157582586,"writing-device":0.007507507503753754}},{"id":"왕십리순대곱창-강남서부점","permalink":"","username":"asdfg","text":"주문 시켜서 지인들이랑 같이 먹었는데 다들 괜찮게 먹은거 같아요!","date":"Mon Dec 10 23:59:44 +0000 2018","retweets":"30","favorites":"20","mentions":[],"hashtags":[],"geo":"","raw":"주문 시켜서 지인들이랑 같이 먹었는데 다들 괜찮게 먹은거 같아요!","polarity":{"com":0.009661835666666665,"pos":0.47946859883333337,"neg":0.4818840581666666,"neut":0.028985507333333327,"none":0},"intensity":{"high":0.11151368750000001,"low":0.17351046700000003,"meium":0.7101449275,"none":0.004830918},"expressive":{"dir-action":0,"dir-explicit":0.2616747180872249,"dir-speech":0.4013687601337896,"indirect":0.1702898550567633,"writing-device":0.16666666672222222}},{"id":"왕십리순대곱창-강남서부점","permalink":"","username":"asdfg","text":"맛있으요 좀 고추가루 많은거 빼면","date":"Mon Dec 10 23:59:44 +0000 2018","retweets":"30","favorites":"20","mentions":[],"hashtags":[],"geo":"","raw":"맛있으요 좀 고추가루 많은거 빼면","polarity":{"com":0,"pos":0.46376811599999995,"neg":0.5217391303333333,"neut":0.014492753666666663,"none":0},"intensity":{"high":0.08695652169565217,"low":0.07246376802415458,"meium":0.8405797102801932,"none":0},"expressive":{"dir-action":0,"dir-explicit":0.3072463767690821,"dir-speech":0.4391304348130434,"indirect":0.08695652169565217,"writing-device":0.1666666667222222}},{"id":"왕십리순대곱창-강남서부점","permalink":"","username":"asdfg","text":"나쁘지는 않았어요.\n양은 많았어요","date":"Mon Dec 10 23:59:44 +0000 2018","retweets":"30","favorites":"20","mentions":[],"hashtags":[],"geo":"","raw":"나쁘지는 않았어요.\n양은 많았어요","polarity":{"com":0,"pos":0.23625488841208495,"neg":0.6910512998970171,"neut":0.04623878534874625,"none":0.026455026342151675},"intensity":{"high":0.20864964340288322,"low":0.15182884738394292,"meium":0.6130664828710221,"none":0.026455026342151675},"expressive":{"dir-action":0,"dir-explicit":0.3379342074459781,"dir-speech":0.294685990431562,"indirect":0.33563377044521125,"writing-device":0.031746031677248675}},{"id":"왕십리순대곱창-강남서부점","permalink":"","username":"asdfg","text":"리뷰처음쓰는데 최악이에요 한입먹고버렸어요 시키지마세요","date":"Mon Dec 10 23:59:44 +0000 2018","retweets":"30","favorites":"20","mentions":[],"hashtags":[],"geo":"","raw":"리뷰처음쓰는데 최악이에요 한입먹고버렸어요 시키지마세요","polarity":{"com":0.035714285741071425,"pos":0.30158730142460316,"neg":0.6269841270932539,"neut":0,"none":0.035714285741071425},"intensity":{"high":0.31944444442013886,"low":0.06944444448263888,"meium":0.5753968253561508,"none":0.035714285741071425},"expressive":{"dir-action":0.013888888996527777,"dir-explicit":0.2242063491939484,"dir-speech":0.3571428571607143,"indirect":0.36904761890773813,"writing-device":0.035714285741071425}},{"id":"왕십리순대곱창-강남서부점","permalink":"","username":"asdfg","text":"55분 걸린다고 하셨는데 35분만에 와서 배달은 만족해요... 양도 많은데...","date":"Mon Dec 10 23:59:44 +0000 2018","retweets":"30","favorites":"20","mentions":[],"hashtags":[],"geo":"","raw":"55분 걸린다고 하셨는데 35분만에 와서 배달은 만족해요... 양도 많은데...","polarity":{"com":0.001915708833333333,"pos":0.3688572379999999,"neg":0.4945860403333333,"neut":0.10207396299999998,"none":0.03256704983333333},"intensity":{"high":0.062635349,"low":0.057304681,"meium":0.8455772113333334,"none":0.03448275866666667},"expressive":{"dir-action":0.001915708833971903,"dir-explicit":0.28044311176014775,"dir-speech":0.35519740128506583,"indirect":0.3241296019413766,"writing-device":0.03831417617943806}},{"id":"왕십리순대곱창-강남서부점","permalink":"","username":"asdfg","text":"맛이 그냥 그래요...","date":"Mon Dec 10 23:59:44 +0000 2018","retweets":"30","favorites":"20","mentions":[],"hashtags":[],"geo":"","raw":"맛이 그냥 그래요...","polarity":{"com":0,"pos":0.5,"neg":0.5,"neut":0,"none":0},"intensity":{"high":0,"low":0,"meium":1,"none":0},"expressive":{"dir-action":0,"dir-explicit":0,"dir-speech":1,"indirect":0,"writing-device":0}},{"id":"왕십리순대곱창-강남서부점","permalink":"","username":"asdfg","text":"당면도 따로 추가하지 않아도 기본적으로 들어있구 다른집에 비해 가격이 무지 저렴한데도 맛은 엄청 좋았어요!! 양이 너무많아서 놀랐어요~ 배달시각은 딱 맞춰서 왔습니당~ 맛잇어요 담에 또 시켜먹을께요","date":"Mon Dec 10 23:59:44 +0000 2018","retweets":"30","favorites":"20","mentions":[],"hashtags":[],"geo":"","raw":"당면도 따로 추가하지 않아도 기본적으로 들어있구 다른집에 비해 가격이 무지 저렴한데도 맛은 엄청 좋았어요!! 양이 너무많아서 놀랐어요~ 배달시각은 딱 맞춰서 왔습니당~ 맛잇어요 담에 또 시켜먹을께요","polarity":{"com":0.004067219420838567,"pos":0.5049441780786872,"neg":0.33751982324539365,"neut":0.12250303967776299,"none":0.030965739577317585},"intensity":{"high":0.10811127827453802,"low":0.05490239937420025,"meium":0.8057493437690263,"none":0.03123697858223547},"expressive":{"dir-action":0.0004976113683948627,"dir-explicit":0.16117444646520138,"dir-speech":0.5629169108651098,"indirect":0.2367684419875385,"writing-device":0.03864258931375566}},{"id":"왕십리순대곱창-강남서부점","permalink":"","username":"asdfg","text":"진짜..엄청..맛잇어요ㅋㅋ표현할수없을만큼 ㅋㅋ","date":"Mon Dec 10 23:59:44 +0000 2018","retweets":"30","favorites":"20","mentions":[],"hashtags":[],"geo":"","raw":"진짜..엄청..맛잇어요ㅋㅋ표현할수없을만큼 ㅋㅋ","polarity":{"com":0.0465053765,"pos":0.48736559125,"neg":0.22150537625,"neut":0.03763440875,"none":0.20698924724999998},"intensity":{"high":0.15994623649999998,"low":0.06236559125,"meium":0.5701612905000001,"none":0.20752688174999998},"expressive":{"dir-action":0.00161290325,"dir-explicit":0.1701612905,"dir-speech":0.38198924725,"indirect":0.21424731175,"writing-device":0.23198924724999997}},{"id":"왕십리순대곱창-강남서부점","permalink":"","username":"asdfg","text":"고추가루만 줄이면 좋을듯","date":"Mon Dec 10 23:59:44 +0000 2018","retweets":"30","favorites":"20","mentions":[],"hashtags":[],"geo":"","raw":"고추가루만 줄이면 좋을듯","polarity":{"com":0,"pos":0.5331623931777209,"neg":0.23555555541185189,"neut":0.017094017005698008,"none":0.21418803440472936},"intensity":{"high":0.10085470096638177,"low":0.08598290597133902,"meium":0.5989743588003418,"none":0.2141880342619373},"expressive":{"dir-action":0,"dir-explicit":0.33247863266666666,"dir-speech":0.26324786299999997,"indirect":0.19863247866666667,"writing-device":0.20564102566666667}},{"id":"왕십리순대곱창-강남서부점","permalink":"","username":"asdfg","text":"양은 많은데 당면이 다 불어서 달라붙어왔어요","date":"Mon Dec 10 23:59:44 +0000 2018","retweets":"30","favorites":"20","mentions":[],"hashtags":[],"geo":"","raw":"양은 많은데 당면이 다 불어서 달라붙어왔어요","polarity":{"com":0,"pos":0.4013975155,"neg":0.39130434775,"neut":0.13586956525,"none":0.0714285715},"intensity":{"high":0.38664596275,"low":0.054347826,"meium":0.48757763975,"none":0.0714285715},"expressive":{"dir-action":0,"dir-explicit":0.23757763975,"dir-speech":0.2507763975,"indirect":0.44021739125000003,"writing-device":0.0714285715}}]