[{"id":"닭발세상","permalink":"","username":"asdfg","text":"자극없이 얘들도 먹을수있는 넘 달달한 떡볶이국물 맛이였어요~ 좀 더 쫄아야 맛있겠지만 그걸 감안하면 소스맛이 좀 강해야 할듯~ 닭발맛은 보통이고, 중독성있는 맛은 아님, 달걀찜도 간은 강하지 않지만 부드럽고 맛났음..얘들입맛은 강추, 맵고 자극적인 맛을 좋아하는 사람들에겐 비추임","date":"Mon Dec 10 23:59:44 +0000 2018","retweets":"30","favorites":"20","mentions":[],"hashtags":[],"geo":"","raw":"자극없이 얘들도 먹을수있는 넘 달달한 떡볶이국물 맛이였어요~ 좀 더 쫄아야 맛있겠지만 그걸 감안하면 소스맛이 좀 강해야 할듯~ 닭발맛은 보통이고, 중독성있는 맛은 아님, 달걀찜도 간은 강하지 않지만 부드럽고 맛났음..얘들입맛은 강추, 맵고 자극적인 맛을 좋아하는 사람들에겐 비추임","polarity":{"com":0.017806512357142854,"pos":0.59695776675,"neg":0.24820867746428568,"neut":0.030381918107142854,"none":0.10664512532142857},"intensity":{"high":0.0434258541475099,"low":0.05999147104214195,"meium":0.7894502355131553,"none":0.10713243929719277},"expressive":{"dir-action":0.0006409237857142856,"dir-explicit":0.24449990975,"dir-speech":0.4616717693571428,"indirect":0.18442038857142856,"writing-device":0.10876700853571428}},{"id":"닭발세상","permalink":"","username":"asdfg","text":"양은 좀 부족했는데 맛은 있었어요! 담에 또 먹어야겠어용ㅎㅎ","date":"Mon Dec 10 23:59:44 +0000 2018","retweets":"30","favorites":"20","mentions":[],"hashtags":[],"geo":"","raw":"양은 좀 부족했는데 맛은 있었어요! 담에 또 먹어야겠어용ㅎㅎ","polarity":{"com":0.005656681998868663,"pos":0.5996543776800691,"neg":0.18839477736232105,"neut":0.02391705079521659,"none":0.1823771121635246},"intensity":{"high":0.0368855606,"low":0.0339400922,"meium":0.7463671274000001,"none":0.1828072198},"expressive":{"dir-action":0.0012903226,"dir-explicit":0.21065284180000005,"dir-speech":0.477139017,"indirect":0.099969278,"writing-device":0.2109485406}},{"id":"닭발세상","permalink":"","username":"asdfg","text":"와 여기 진짜 짱인 거 같아요 제가 매운 걸 못먹어서 1단계 보다도 안맵게 해달라고 했는데 진짜로 하나도 안맵고요 맛도 진짜 짱이에요 제 주변에는 국물 없는 닭발만 팔아서 국물닭발 맛있는 곳 찾아다녔는데 잘찾은 거 같네요! 이렇게 가식 없이 리뷰 써본 적 처음입니다 닭발 먹고 싶을 때마다 여기서 시켜먹어야겠어요 감사합니다❤️","date":"Mon Dec 10 23:59:44 +0000 2018","retweets":"30","favorites":"20","mentions":[],"hashtags":[],"geo":"","raw":"와 여기 진짜 짱인 거 같아요 제가 매운 걸 못먹어서 1단계 보다도 안맵게 해달라고 했는데 진짜로 하나도 안맵고요 맛도 진짜 짱이에요 제 주변에는 국물 없는 닭발만 팔아서 국물닭발 맛있는 곳 찾아다녔는데 잘찾은 거 같네요! 이렇게 가식 없이 리뷰 써본 적 처음입니다 닭발 먹고 싶을 때마다 여기서 시켜먹어야겠어요 감사합니다❤️","polarity":{"com":0.009393140206158623,"pos":0.42185613501240765,"neg":0.4423089649541856,"neut":0.07139333909033511,"none":0.055048420736913205},"intensity":{"high":0.0940056891204119,"low":0.07496940159044027,"meium":0.7750148049051475,"none":0.0560101043840003},"expressive":{"dir-action":0.003349929323824993,"dir-explicit":0.1753930212213582,"dir-speech":0.48228317513078967,"indirect":0.2177103384309744,"writing-device":0.12126353589305267}},{"id":"닭발세상","permalink":"","username":"asdfg","text":"저번에 시키고 맛잇어서 또 시켯어용 잘먹엇습니당!!","date":"Mon Dec 10 23:59:44 +0000 2018","retweets":"30","favorites":"20","mentions":[],"hashtags":[],"geo":"","raw":"저번에 시키고 맛잇어서 또 시켯어용 잘먹엇습니당!!","polarity":{"com":0,"pos":0.6190476189999999,"neg":0.21428571433333332,"neut":0.023809523666666665,"none":0.142857143},"intensity":{"high":0,"low":0.07142857133333333,"meium":0.7857142856666667,"none":0.142857143},"expressive":{"dir-action":0,"dir-explicit":0.119047619,"dir-speech":0.47619047633333333,"indirect":0.21428571433333332,"writing-device":0.19047619033333332}},{"id":"닭발세상","permalink":"","username":"asdfg","text":"맵지않고꙼̈ 맛있네요 ㅎ̌̈ㅎ̌̈ 군데̄̈ 양이 좀 적지만 그래도 맛있어요👍🏻👍🏻👍🏻","date":"Mon Dec 10 23:59:44 +0000 2018","retweets":"30","favorites":"20","mentions":[],"hashtags":[],"geo":"","raw":"맵지않고꙼̈ 맛있네요 ㅎ̌̈ㅎ̌̈ 군데̄̈ 양이 좀 적지만 그래도 맛있어요👍🏻👍🏻👍🏻","polarity":{"com":0,"pos":0.294871794823718,"neg":0.5833333333958334,"neut":0.01282051275320513,"none":0.1089743590272436},"intensity":{"high":0.02564102575,"low":0.01282051275,"meium":0.8525641025,"none":0.108974359},"expressive":{"dir-action":0,"dir-explicit":0.15769230775,"dir-speech":0.714102564,"indirect":0.02564102575,"writing-device":0.1025641025}},{"id":"닭발세상","permalink":"","username":"asdfg","text":"잘먹었습니다, 감사합니다!","date":"Mon Dec 10 23:59:44 +0000 2018","retweets":"30","favorites":"20","mentions":[],"hashtags":[],"geo":"","raw":"잘먹었습니다, 감사합니다!","polarity":{"com":0,"pos":0.8571428574285714,"neg":0.10714285705357143,"neut":0.035714285517857144,"none":0},"intensity":{"high":0.5,"low":0.107142857,"meium":0.392857143,"none":0},"expressive":{"dir-action":0,"dir-explicit":0.107142857,"dir-speech":0.5714285715,"indirect":0.3214285715,"writing-device":0}},{"id":"닭발세상","permalink":"","username":"asdfg","text":"잘 먹었습니다!!\n너무 맛있어요!!","date":"Mon Dec 10 23:59:44 +0000 2018","retweets":"30","favorites":"20","mentions":[],"hashtags":[],"geo":"","raw":"잘 먹었습니다!!\n너무 맛있어요!!","polarity":{"com":0.07142857153571429,"pos":0.4285714287142857,"neg":0.4642857142321429,"neut":0.035714285517857144,"none":0},"intensity":{"high":0.0714285715,"low":0.1785714285,"meium":0.75,"none":0},"expressive":{"dir-action":0,"dir-explicit":0.39285714250000003,"dir-speech":0.21428571450000003,"indirect":0.392857143,"writing-device":0}},{"id":"닭발세상","permalink":"","username":"asdfg","text":"어머니가 맛있으시다고 엄청 좋아하셨어요. 근데\n닭발만 시키니까... 단무지랑 오는데 가격에비해 양이 부실한생각이 조금드네요ㅠㅠ 쌈이나 야채라도 조금 있거나, 콩나물국같은거라도 오는줄알았는데 그점은 조금,아쉽습니다ㅠㅠ","date":"Mon Dec 10 23:59:44 +0000 2018","retweets":"30","favorites":"20","mentions":[],"hashtags":[],"geo":"","raw":"어머니가 맛있으시다고 엄청 좋아하셨어요. 근데\n닭발만 시키니까... 단무지랑 오는데 가격에비해 양이 부실한생각이 조금드네요ㅠㅠ 쌈이나 야채라도 조금 있거나, 콩나물국같은거라도 오는줄알았는데 그점은 조금,아쉽습니다ㅠㅠ","polarity":{"com":0,"pos":0.40267977635817676,"neg":0.35263157893185587,"neut":0.1628494312802999,"none":0.08183921342966728},"intensity":{"high":0.09637555426315789,"low":0.09217273952631579,"meium":0.7296124927894736,"none":0.08183921342105265},"expressive":{"dir-action":0,"dir-explicit":0.23770965880198472,"dir-speech":0.259610564855769,"indirect":0.34073645654424933,"writing-device":0.16194331979799703}},{"id":"닭발세상","permalink":"","username":"asdfg","text":"늦은시간에 시켰는데 배달도빠르구 잘 먹었습니다^^","date":"Mon Dec 10 23:59:44 +0000 2018","retweets":"30","favorites":"20","mentions":[],"hashtags":[],"geo":"","raw":"늦은시간에 시켰는데 배달도빠르구 잘 먹었습니다^^","polarity":{"com":0,"pos":0.5928571429185714,"neg":0.39285714287857143,"neut":0.014285714202857142,"none":0},"intensity":{"high":0.05,"low":0.10952380939999999,"meium":0.8404761905999999,"none":0},"expressive":{"dir-action":0,"dir-explicit":0.09285714279999999,"dir-speech":0.3285714286,"indirect":0.5785714286,"writing-device":0}},{"id":"닭발세상","permalink":"","username":"asdfg","text":"말이 필요없음\n그냥 닭발은 여기가 최고","date":"Mon Dec 10 23:59:44 +0000 2018","retweets":"30","favorites":"20","mentions":[],"hashtags":[],"geo":"","raw":"말이 필요없음\n그냥 닭발은 여기가 최고","polarity":{"com":0.0069612592,"pos":0.45332929780000003,"neg":0.5047215495999999,"neut":0.022851089600000003,"none":0.012136803799999998},"intensity":{"high":0.15248184023049638,"low":0.048547215409709445,"meium":0.7850484261570096,"none":0.013922518202784505},"expressive":{"dir-action":0,"dir-explicit":0.2292372882,"dir-speech":0.2743644068,"indirect":0.48426150120000006,"writing-device":0.012136803799999998}},{"id":"닭발세상","permalink":"","username":"asdfg","text":"잘먹었습니다, 감사합니다~\n맛이 한결같이 좋아요 ㅎㅎ","date":"Mon Dec 10 23:59:44 +0000 2018","retweets":"30","favorites":"20","mentions":[],"hashtags":[],"geo":"","raw":"잘먹었습니다, 감사합니다~\n맛이 한결같이 좋아요 ㅎㅎ","polarity":{"com":0,"pos":0.9285714287321428,"neg":0.05357142851339285,"neut":0.017857142754464286,"none":0},"intensity":{"high":0.25,"low":0.0535714285,"meium":0.6964285715,"none":0},"expressive":{"dir-action":0,"dir-explicit":0.0535714285,"dir-speech":0.53571428575,"indirect":0.41071428575,"writing-device":0}},{"id":"닭발세상","permalink":"","username":"asdfg","text":"여기 닭발집 없어지면 저는 평생 닭발 먹을 일은 없을 것 같아요 ㅠㅠ 항상 감사합니다~","date":"Mon Dec 10 23:59:44 +0000 2018","retweets":"30","favorites":"20","mentions":[],"hashtags":[],"geo":"","raw":"여기 닭발집 없어지면 저는 평생 닭발 먹을 일은 없을 것 같아요 ㅠㅠ 항상 감사합니다~","polarity":{"com":0.11326164876519318,"pos":0.47485608761390496,"neg":0.3388508744067944,"neut":0.01942000655339778,"none":0.053611382660709854},"intensity":{"high":0.027877339666666667,"low":0.09315013933333333,"meium":0.8251221896666667,"none":0.053850331333333334},"expressive":{"dir-action":0.0007168458888092394,"dir-explicit":0.14543644331717376,"dir-speech":0.6393577350400714,"indirect":0.16087759309323585,"writing-device":0.053611382660709854}},{"id":"닭발세상","permalink":"","username":"asdfg","text":"☆","date":"Mon Dec 10 23:59:44 +0000 2018","retweets":"30","favorites":"20","mentions":[],"hashtags":[],"geo":"","raw":"☆☆☆☆☆☆☆☆☆☆☆☆","polarity":{"com":null,"pos":null,"neg":null,"neut":null,"none":null},"intensity":{"high":null,"low":null,"meium":null,"none":null},"expressive":{"dir-action":null,"dir-explicit":null,"dir-speech":null,"indirect":null,"writing-device":null}},{"id":"닭발세상","permalink":"","username":"asdfg","text":"배달이 너무 늦었어요 많이 식어서 오고 전화만 몇통이오고 갔는지 배달과정도 깔끔하진 않았구요 맛은 엄청 좋은데 아쉽..","date":"Mon Dec 10 23:59:44 +0000 2018","retweets":"30","favorites":"20","mentions":[],"hashtags":[],"geo":"","raw":"배달이 너무 늦었어요 많이 식어서 오고 전화만 몇통이오고 갔는지 배달과정도 깔끔하진 않았구요 맛은 엄청 좋은데 아쉽..","polarity":{"com":0.012430287428571428,"pos":0.5555659184285714,"neg":0.24192849621428572,"neut":0.13824900964285713,"none":0.051826288285714284},"intensity":{"high":0.051605965924885276,"low":0.10087510520708035,"meium":0.7954781403717516,"none":0.05204078849628279},"expressive":{"dir-action":0.00021450021427039286,"dir-explicit":0.17820371384441402,"dir-speech":0.5456021884610285,"indirect":0.22331522619833458,"writing-device":0.052664371281952546}},{"id":"닭발세상","permalink":"","username":"asdfg","text":"주먹밥이 아주 맛있었어요~ 계란찜도 맛있어요!","date":"Mon Dec 10 23:59:44 +0000 2018","retweets":"30","favorites":"20","mentions":[],"hashtags":[],"geo":"","raw":"주먹밥이 아주 맛있었어요~ 계란찜도 맛있어요!","polarity":{"com":0.012659953666666666,"pos":0.215334592,"neg":0.589700021,"neut":0.03413048033333333,"none":0.14817495299999997},"intensity":{"high":0.08286133836095379,"low":0.08214810136071606,"meium":0.6853471785617825,"none":0.1496433817165478},"expressive":{"dir-action":0.0014684286666666665,"dir-explicit":0.1999370673333333,"dir-speech":0.5537444933333334,"indirect":0.09758758133333334,"writing-device":0.14726242933333333}},{"id":"닭발세상","permalink":"","username":"asdfg","text":"여기 닭발만 먹어요.\n너무너무 맛있어요 감사합니다 ^_^","date":"Mon Dec 10 23:59:44 +0000 2018","retweets":"30","favorites":"20","mentions":[],"hashtags":[],"geo":"","raw":"여기 닭발만 먹어요.\n너무너무 맛있어요 감사합니다 ^_^","polarity":{"com":0,"pos":0.5666666666,"neg":0.43333333339999996,"neut":0,"none":0},"intensity":{"high":0.2222222222,"low":0.0444444444,"meium":0.7333333334,"none":0},"expressive":{"dir-action":0,"dir-explicit":0.0444444444,"dir-speech":0.9555555555999999,"indirect":0,"writing-device":0}},{"id":"닭발세상","permalink":"","username":"asdfg","text":"전반적으로 구성이 좋고 맛있어요~\n계란찜이랑 주먹밥도 맛있고 닭발은 1번 매운맛했는데 조금 매워요 ㅎ 그래도 쿨피스도 있어서 중화 가능\n잘먹었습니당 ㅎ","date":"Mon Dec 10 23:59:44 +0000 2018","retweets":"30","favorites":"20","mentions":[],"hashtags":[],"geo":"","raw":"전반적으로 구성이 좋고 맛있어요~\n계란찜이랑 주먹밥도 맛있고 닭발은 1번 매운맛했는데 조금 매워요 ㅎ 그래도 쿨피스도 있어서 중화 가능\n잘먹었습니당 ㅎ","polarity":{"com":0.0043446849,"pos":0.38946802820000004,"neg":0.38572483020000004,"neut":0.1007054987,"none":0.119756958},"intensity":{"high":0.06204481150620448,"low":0.13132301881313227,"meium":0.686660157868666,"none":0.11997201181199717},"expressive":{"dir-action":0.0006451612999354839,"dir-explicit":0.27181014437281903,"dir-speech":0.4256723467574328,"indirect":0.18282967528171704,"writing-device":0.11904267228809572}},{"id":"닭발세상","permalink":"","username":"asdfg","text":"항상 잘 먹고 있습니다.\n감사합니다~","date":"Mon Dec 10 23:59:44 +0000 2018","retweets":"30","favorites":"20","mentions":[],"hashtags":[],"geo":"","raw":"항상 잘 먹고 있습니다.\n감사합니다~","polarity":{"com":0,"pos":0.7777777776666667,"neg":0.22222222233333333,"neut":0,"none":0},"intensity":{"high":0.37037037033333337,"low":0.074074074,"meium":0.5555555556666666,"none":0},"expressive":{"dir-action":0,"dir-explicit":0.24074074066666665,"dir-speech":0.7592592593333333,"indirect":0,"writing-device":0}},{"id":"닭발세상","permalink":"","username":"asdfg","text":"무난하게 잘 먹었습니다.","date":"Mon Dec 10 23:59:44 +0000 2018","retweets":"30","favorites":"20","mentions":[],"hashtags":[],"geo":"","raw":"무난하게 잘 먹었습니다.","polarity":{"com":0,"pos":0.8571428574285714,"neg":0.10714285705357143,"neut":0.035714285517857144,"none":0},"intensity":{"high":0,"low":0.607142857,"meium":0.392857143,"none":0},"expressive":{"dir-action":0,"dir-explicit":0.607142857,"dir-speech":0.0714285715,"indirect":0.3214285715,"writing-device":0}},{"id":"닭발세상","permalink":"","username":"asdfg","text":"맛있게 잘 먹었어요 양은 조금 작은듯","date":"Mon Dec 10 23:59:44 +0000 2018","retweets":"30","favorites":"20","mentions":[],"hashtags":[],"geo":"","raw":"맛있게 잘 먹었어요 양은 조금 작은듯","polarity":{"com":0.0033898306006779665,"pos":0.41404358348280873,"neg":0.5213882163042777,"neut":0.021065375204213074,"none":0.040112994408022594},"intensity":{"high":0.020338982999999998,"low":0.10330912020000001,"meium":0.8362389024000001,"none":0.0401129944},"expressive":{"dir-action":0,"dir-explicit":0.1304277644,"dir-speech":0.6071025020000002,"indirect":0.22235673920000001,"writing-device":0.040112994400000004}},{"id":"닭발세상","permalink":"","username":"asdfg","text":"생각보다 양이 적었어요...\n매운게 땡기고 닭발이 먹고싶어 국물닭발을 주문해서 먹어보니 달기만하고 양념이 안베었고 닭뼈가 분리가 잘안되더라구요....\n마니 실망스럽네요....","date":"Mon Dec 10 23:59:44 +0000 2018","retweets":"30","favorites":"20","mentions":[],"hashtags":[],"geo":"","raw":"생각보다 양이 적었어요...\n매운게 땡기고 닭발이 먹고싶어 국물닭발을 주문해서 먹어보니 달기만하고 양념이 안베었고 닭뼈가 분리가 잘안되더라구요....\n마니 실망스럽네요....","polarity":{"com":0.011839334213440049,"pos":0.532371265033402,"neg":0.3888171249722273,"neut":0.05689979963879287,"none":0.010072476142137679},"intensity":{"high":0.18970854572783635,"low":0.0914056359351004,"meium":0.7070695587647906,"none":0.01181625957227259},"expressive":{"dir-action":0.0018479938575388561,"dir-explicit":0.2917342475625145,"dir-speech":0.25617269905489415,"indirect":0.4394289196655919,"writing-device":0.010816139859460599}},{"id":"닭발세상","permalink":"","username":"asdfg","text":"맛있게 잘먹었어요~~","date":"Mon Dec 10 23:59:44 +0000 2018","retweets":"30","favorites":"20","mentions":[],"hashtags":[],"geo":"","raw":"맛있게 잘먹었어요~~","polarity":{"com":0,"pos":0.35714285717857136,"neg":0.6071428573035714,"neut":0.03571428551785714,"none":0},"intensity":{"high":0,"low":0.107142857,"meium":0.8928571430000001,"none":0},"expressive":{"dir-action":0,"dir-explicit":0.107142857,"dir-speech":0.5714285715,"indirect":0.3214285715,"writing-device":0}},{"id":"닭발세상","permalink":"","username":"asdfg","text":"닭발은 꼭 여기서만 먹어요! 너무 제입맛저격ㅜㅠㅜ넘나 맛있어요 변하지 않고 쭉 이대로 저와 함께 해주세요 제발요","date":"Mon Dec 10 23:59:44 +0000 2018","retweets":"30","favorites":"20","mentions":[],"hashtags":[],"geo":"","raw":"닭발은 꼭 여기서만 먹어요! 너무 제입맛저격ㅜㅠㅜ넘나 맛있어요 변하지 않고 쭉 이대로 저와 함께 해주세요 제발요","polarity":{"com":0.015671240332027395,"pos":0.40950363188254135,"neg":0.5639965025363336,"neut":0.007532956666038921,"none":0.0032956685830586954},"intensity":{"high":0.05992736075,"low":0.12207425341666667,"meium":0.81470271725,"none":0.0032956685833333346},"expressive":{"dir-action":0,"dir-explicit":0.2006322302667193,"dir-speech":0.45930858220494236,"indirect":0.3367635189447302,"writing-device":0.003295668583607973}},{"id":"닭발세상","permalink":"","username":"asdfg","text":"배달도 빨리오고 매운맛 조절이 확실해서 매운거 잘 못먹는 분들 제일 안매운맛 드셔보세여 물론 맛은 보장입니다~","date":"Mon Dec 10 23:59:44 +0000 2018","retweets":"30","favorites":"20","mentions":[],"hashtags":[],"geo":"","raw":"배달도 빨리오고 매운맛 조절이 확실해서 매운거 잘 못먹는 분들 제일 안매운맛 드셔보세여 물론 맛은 보장입니다~","polarity":{"com":0.006255497909090909,"pos":0.4443902043636363,"neg":0.4101744229999999,"neut":0.030668917727272718,"none":0.10851095699999998},"intensity":{"high":0.08596649110653937,"low":0.04561025964465641,"meium":0.7585947691379265,"none":0.10982848011087792},"expressive":{"dir-action":0,"dir-explicit":0.2091727398371975,"dir-speech":0.35360489130487316,"indirect":0.27579251702507207,"writing-device":0.16142985183285727}},{"id":"닭발세상","permalink":"","username":"asdfg","text":"닭발. 오돌뼈에 서비스 불고기까지~ 덕분에 4식구\n너무 맛있게 든든히 잘먹었어요~\n자주 시킬게용^^ 단골해야겡어요ㅎ","date":"Mon Dec 10 23:59:44 +0000 2018","retweets":"30","favorites":"20","mentions":[],"hashtags":[],"geo":"","raw":"닭발. 오돌뼈에 서비스 불고기까지~ 덕분에 4식구\n너무 맛있게 든든히 잘먹었어요~\n자주 시킬게용^^ 단골해야겡어요ㅎ","polarity":{"com":0.017857142877232144,"pos":0.6298701299537338,"neg":0.2581168830322646,"neut":0.008928571376116072,"none":0.08522727276065342},"intensity":{"high":0.03490259737936282,"low":0.3003246752875406,"meium":0.5738636364467329,"none":0.09090909088636363},"expressive":{"dir-action":0,"dir-explicit":0.10957792201369722,"dir-speech":0.3206168831650771,"indirect":0.478896103934862,"writing-device":0.09090909088636363}},{"id":"닭발세상","permalink":"","username":"asdfg","text":"너무 맛나서 순식간에 뚝딱~\n\n근데..닭발세트에 1인분더 추가햇는데...\n양이 진짜 적었어요ㅜㅜ","date":"Mon Dec 10 23:59:44 +0000 2018","retweets":"30","favorites":"20","mentions":[],"hashtags":[],"geo":"","raw":"너무 맛나서 순식간에 뚝딱~\n\n근데..닭발세트에 1인분더 추가햇는데...\n양이 진짜 적었어요ㅜㅜ","polarity":{"com":0.04314659199999999,"pos":0.5356956115999999,"neg":0.35841269839999995,"neut":0.018300653599999998,"none":0.04444444439999999},"intensity":{"high":0.06406162461281231,"low":0.05491129781098225,"meium":0.8365826331673165,"none":0.04444444440888888},"expressive":{"dir-action":0,"dir-explicit":0.26794584499999996,"dir-speech":0.36766573300000005,"indirect":0.316022409,"writing-device":0.048366013}},{"id":"닭발세상","permalink":"","username":"asdfg","text":"맛은 너무맛있어용~~ 근데 닭발 양이너무작아요~~ ㅠㅠ 14개 밖에 안되요ㅠ 닭발하나에 천원이에용ㅠㅠ 맛은좋아용ㅋ","date":"Mon Dec 10 23:59:44 +0000 2018","retweets":"30","favorites":"20","mentions":[],"hashtags":[],"geo":"","raw":"맛은 너무맛있어용~~ 근데 닭발 양이너무작아요~~ ㅠㅠ 14개 밖에 안되요ㅠ 닭발하나에 천원이에용ㅠㅠ 맛은좋아용ㅋ","polarity":{"com":0.018528061163578656,"pos":0.6005657440665724,"neg":0.2602790256232868,"neut":0.027391669495434725,"none":0.09323549965112743},"intensity":{"high":0.11518815074999998,"low":0.04181277125,"meium":0.7497635783333334,"none":0.09323549966666668},"expressive":{"dir-action":0,"dir-explicit":0.22180058606484993,"dir-speech":0.40351975171637333,"indirect":0.268332188227639,"writing-device":0.10634747399113771}},{"id":"닭발세상","permalink":"","username":"asdfg","text":"주먹밥도 닭발도 계란찜도 너무 맛있어요 \n배달해주시는 분도 정말 친절합니다~~ 자주 이용할게요 많이 파세요","date":"Mon Dec 10 23:59:44 +0000 2018","retweets":"30","favorites":"20","mentions":[],"hashtags":[],"geo":"","raw":"주먹밥도 닭발도 계란찜도 너무 맛있어요 \n배달해주시는 분도 정말 친절합니다~~ 자주 이용할게요 많이 파세요","polarity":{"com":0.0037378392222222217,"pos":0.5308926436666667,"neg":0.31282073177777775,"neut":0.024839278555555552,"none":0.1277095067777778},"intensity":{"high":0.102833248,"low":0.2111395573333333,"meium":0.5580787392222223,"none":0.12794845544444444},"expressive":{"dir-action":0.0007168458887295898,"dir-explicit":0.18418103207018202,"dir-speech":0.5777976900938228,"indirect":0.11118222675307059,"writing-device":0.12612220519419506}},{"id":"닭발세상","permalink":"","username":"asdfg","text":"언제나 감사합니다~^^\n항상 맛있게 잘 먹어요.\n리뷰 늦은점 진심으로 죄송합니다.","date":"Mon Dec 10 23:59:44 +0000 2018","retweets":"30","favorites":"20","mentions":[],"hashtags":[],"geo":"","raw":"언제나 감사합니다~^^\n항상 맛있게 잘 먹어요.\n리뷰 늦은점 진심으로 죄송합니다.","polarity":{"com":0.004004004001334669,"pos":0.6100386102033463,"neg":0.2534320034178107,"neut":0.07296582285765528,"none":0.059559559519853186},"intensity":{"high":0.18568568566666668,"low":0.04972829966666667,"meium":0.7045259546666667,"none":0.060060060000000005},"expressive":{"dir-action":0.0005005005000000001,"dir-explicit":0.2822107821666667,"dir-speech":0.28882453883333337,"indirect":0.36840411850000004,"writing-device":0.060060060000000005}},{"id":"닭발세상","permalink":"","username":"asdfg","text":"맛잇게 잘 먹었습니다!! \n나중에 또 시켜 먹고 싶네요~~ \n다음에는 세트로 한번 시켜먹어볼게요","date":"Mon Dec 10 23:59:44 +0000 2018","retweets":"30","favorites":"20","mentions":[],"hashtags":[],"geo":"","raw":"맛잇게 잘 먹었습니다!! \n나중에 또 시켜 먹고 싶네요~~ \n다음에는 세트로 한번 시켜먹어볼게요","polarity":{"com":0,"pos":0.4801587300600198,"neg":0.43551587317943946,"neut":0.020833333252604162,"none":0.0634920635079365},"intensity":{"high":0.03174603175,"low":0.1121031745,"meium":0.7926587302500001,"none":0.0634920635},"expressive":{"dir-action":0,"dir-explicit":0.1200396825,"dir-speech":0.7063492065000001,"indirect":0.09027777775,"writing-device":0.08333333325}},{"id":"닭발세상","permalink":"","username":"asdfg","text":"진짜 맛있게 매워서 계속 생각나는 곳이에요! 다만 닭발 양이 좀 적은 느낌이 있어요. 맛있게 잘 먹었어요!!","date":"Mon Dec 10 23:59:44 +0000 2018","retweets":"30","favorites":"20","mentions":[],"hashtags":[],"geo":"","raw":"진짜 맛있게 매워서 계속 생각나는 곳이에요! 다만 닭발 양이 좀 적은 느낌이 있어요. 맛있게 잘 먹었어요!!","polarity":{"com":0.019510582000000002,"pos":0.4837301586666667,"neg":0.30462962966666673,"neut":0.030423280444444447,"none":0.16170634922222227},"intensity":{"high":0.13458994711111108,"low":0.07420634922222222,"meium":0.6294973544444445,"none":0.16170634922222224},"expressive":{"dir-action":0,"dir-explicit":0.1678571427777778,"dir-speech":0.4720238095555555,"indirect":0.19841269844444445,"writing-device":0.16170634922222224}},{"id":"닭발세상","permalink":"","username":"asdfg","text":"오후10시20분경 주문을 했습니다.\n집에 집사람이 혼자라\n문앞두고 문자부탁 드리면서 번거롭게 죄송하다\n요청사항에 글을 썼어요.\n그런데 음식과함께 쪽지가 있더군요\n\n번거롭지 않으시다고...\n쪽지 두셨더군요..\n저도 24시중국집에 야간실장일하고 있어서..\n이런요청 잘알고있어서..\n다시한번 죄송하고 감사합니다~^^\n덕택에 집사람이 맛있게 먹고있어요.\n다음에도 맛있게 부탁드려요~~~^^","date":"Mon Dec 10 23:59:44 +0000 2018","retweets":"30","favorites":"20","mentions":[],"hashtags":[],"geo":"","raw":"오후10시20분경 주문을 했습니다.\n집에 집사람이 혼자라\n문앞두고 문자부탁 드리면서 번거롭게 죄송하다\n요청사항에 글을 썼어요.\n그런데 음식과함께 쪽지가 있더군요\n\n번거롭지 않으시다고...\n쪽지 두셨더군요..\n저도 24시중국집에 야간실장일하고 있어서..\n이런요청 잘알고있어서..\n다시한번 죄송하고 감사합니다~^^\n덕택에 집사람이 맛있게 먹고있어요.\n다음에도 맛있게 부탁드려요~~~^^","polarity":{"com":0.013134366639474622,"pos":0.5131819218994726,"neg":0.3205313899871787,"neut":0.04029387731838824,"none":0.11285844415548564},"intensity":{"high":0.2283610262491344,"low":0.11702932388468117,"meium":0.540698772461628,"none":0.11391087740455641},"expressive":{"dir-action":0.021052433239999998,"dir-explicit":0.28003581136,"dir-speech":0.43246136156000003,"indirect":0.14826932688000002,"writing-device":0.11818106696000001}},{"id":"닭발세상","permalink":"","username":"asdfg","text":"맛있고 배송도 빠르고 친절하세요\n양은 조금 아쉽지만 잘먹었습니다!","date":"Mon Dec 10 23:59:44 +0000 2018","retweets":"30","favorites":"20","mentions":[],"hashtags":[],"geo":"","raw":"맛있고 배송도 빠르고 친절하세요\n양은 조금 아쉽지만 잘먹었습니다!","polarity":{"com":0.007241141501206855,"pos":0.30010544388335086,"neg":0.5758112249293018,"neut":0.03391392633898565,"none":0.0829282633471547},"intensity":{"high":0.06405616734400935,"low":0.09671561334945257,"meium":0.7559415329593235,"none":0.08328668634721445},"expressive":{"dir-action":0.001075268833154122,"dir-explicit":0.16419415597263431,"dir-speech":0.38280047210286666,"indirect":0.3701923159383014,"writing-device":0.08173778715304371}},{"id":"닭발세상","permalink":"","username":"asdfg","text":"국물닭발 시켰는데.. 맛있게 잘 먹었습니다\n엄청 맛있는건 아니지만\n나름 뭐 괜찮았어요\n배달해주시는분도 넘 친절하시고..\n쿨피스도 서비스로 주시고ㅎ\n좋았어요..","date":"Mon Dec 10 23:59:44 +0000 2018","retweets":"30","favorites":"20","mentions":[],"hashtags":[],"geo":"","raw":"국물닭발 시켰는데.. 맛있게 잘 먹었습니다\n엄청 맛있는건 아니지만\n나름 뭐 괜찮았어요\n배달해주시는분도 넘 친절하시고..\n쿨피스도 서비스로 주시고ㅎ\n좋았어요..","polarity":{"com":0.002208141333333333,"pos":0.5723788845,"neg":0.3287099728333333,"neut":0.022679113,"none":0.07402388833333333},"intensity":{"high":0.04876718266260273,"low":0.053212217828898976,"meium":0.8238174996813484,"none":0.07420309982714973},"expressive":{"dir-action":0.0005376344166218638,"dir-explicit":0.20404948998299588,"dir-speech":0.4229951947147504,"indirect":0.30112578280823954,"writing-device":0.07129189807739235}},{"id":"닭발세상","permalink":"","username":"asdfg","text":"무난하게 먹었습니다.","date":"Mon Dec 10 23:59:44 +0000 2018","retweets":"30","favorites":"20","mentions":[],"hashtags":[],"geo":"","raw":"무난하게 먹었습니다.","polarity":{"com":0,"pos":0.6666666665000001,"neg":0.3333333335,"neut":0,"none":0},"intensity":{"high":0.0555555555,"low":0.611111111,"meium":0.3333333335,"none":0},"expressive":{"dir-action":0,"dir-explicit":0.611111111,"dir-speech":0.388888889,"indirect":0,"writing-device":0}},{"id":"닭발세상","permalink":"","username":"asdfg","text":"며칠전부터 오돌뼈가 너무 먹고 싶어서 ㅠㅠ 늦은 새벽에 못참고 시킨 야식인데 너무 잘 먹었습니다\n리뷰 보니 새벽에는 배달대행이 없어 직접 오신다고...\nㅠㅠ 너무 감사드리고 맛있게 잘 먹었어용\n세트메뉴가 진짜 완벽 조합!!","date":"Mon Dec 10 23:59:44 +0000 2018","retweets":"30","favorites":"20","mentions":[],"hashtags":[],"geo":"","raw":"며칠전부터 오돌뼈가 너무 먹고 싶어서 ㅠㅠ 늦은 새벽에 못참고 시킨 야식인데 너무 잘 먹었습니다\n리뷰 보니 새벽에는 배달대행이 없어 직접 오신다고...\nㅠㅠ 너무 감사드리고 맛있게 잘 먹었어용\n세트메뉴가 진짜 완벽 조합!!","polarity":{"com":0.024123191001507692,"pos":0.2938838364558677,"neg":0.5600133145350008,"neut":0.09717807075607363,"none":0.024801587251550093},"intensity":{"high":0.10221824481888866,"low":0.19410735776213175,"meium":0.6744672649796543,"none":0.029207132439325448},"expressive":{"dir-action":0,"dir-explicit":0.2714706495794669,"dir-speech":0.41768637290110544,"indirect":0.28121966995507625,"writing-device":0.029623307564351463}},{"id":"닭발세상","permalink":"","username":"asdfg","text":"음료 콜라를 시켰는데 쿨피스가 왔어요ㅠㅠㅠ","date":"Mon Dec 10 23:59:44 +0000 2018","retweets":"30","favorites":"20","mentions":[],"hashtags":[],"geo":"","raw":"음료 콜라를 시켰는데 쿨피스가 왔어요ㅠㅠㅠ","polarity":{"com":0.03122156501561078,"pos":0.495166060247583,"neg":0.397747952698874,"neut":0.062471565031235785,"none":0.013392857006696427},"intensity":{"high":0.14723612400000005,"low":0.11408098250000001,"meium":0.7208257505000001,"none":0.017857143000000002},"expressive":{"dir-action":0.006369426993630575,"dir-explicit":0.3849522291150478,"dir-speech":0.31548566868451433,"indirect":0.2766151047233849,"writing-device":0.01657757048342243}},{"id":"닭발세상","permalink":"","username":"asdfg","text":"맛있어요~><\n디음에기회가있음머꼬싶네요","date":"Mon Dec 10 23:59:44 +0000 2018","retweets":"30","favorites":"20","mentions":[],"hashtags":[],"geo":"","raw":"맛있어요~><\n디음에기회가있음머꼬싶네요","polarity":{"com":0,"pos":0.5,"neg":0.5,"neut":0,"none":0},"intensity":{"high":0.0714285715,"low":0,"meium":0.9285714285,"none":0},"expressive":{"dir-action":0,"dir-explicit":0.357142857,"dir-speech":0.5714285715,"indirect":0.0714285715,"writing-device":0}},{"id":"닭발세상","permalink":"","username":"asdfg","text":"무난하게 잘 먹었습니다.","date":"Mon Dec 10 23:59:44 +0000 2018","retweets":"30","favorites":"20","mentions":[],"hashtags":[],"geo":"","raw":"무난하게 잘 먹었습니다.","polarity":{"com":0,"pos":0.8571428574285714,"neg":0.10714285705357143,"neut":0.035714285517857144,"none":0},"intensity":{"high":0,"low":0.607142857,"meium":0.392857143,"none":0},"expressive":{"dir-action":0,"dir-explicit":0.607142857,"dir-speech":0.0714285715,"indirect":0.3214285715,"writing-device":0}},{"id":"닭발세상","permalink":"","username":"asdfg","text":"딱 2사람 먹기에 좋아요!!","date":"Mon Dec 10 23:59:44 +0000 2018","retweets":"30","favorites":"20","mentions":[],"hashtags":[],"geo":"","raw":"딱 2사람 먹기에 좋아요!!","polarity":{"com":0.027777778,"pos":0.71,"neg":0.242222222,"neut":0,"none":0.02},"intensity":{"high":0.1,"low":0.1033333335,"meium":0.7766666664999999,"none":0.02},"expressive":{"dir-action":0,"dir-explicit":0.3833333335,"dir-speech":0.4055555555,"indirect":0.191111111,"writing-device":0.02}},{"id":"닭발세상","permalink":"","username":"asdfg","text":"항상 잘 먹고 있습니다ㅎㅎ","date":"Mon Dec 10 23:59:44 +0000 2018","retweets":"30","favorites":"20","mentions":[],"hashtags":[],"geo":"","raw":"항상 잘 먹고 있습니다ㅎㅎ","polarity":{"com":0,"pos":0.6666666665000001,"neg":0.3333333335,"neut":0,"none":0},"intensity":{"high":0.0555555555,"low":0.111111111,"meium":0.8333333334999999,"none":0},"expressive":{"dir-action":0,"dir-explicit":0.361111111,"dir-speech":0.638888889,"indirect":0,"writing-device":0}},{"id":"닭발세상","permalink":"","username":"asdfg","text":"이제 닭발은 여기서만 시켜먹어요 친절하시고 맛있어용","date":"Mon Dec 10 23:59:44 +0000 2018","retweets":"30","favorites":"20","mentions":[],"hashtags":[],"geo":"","raw":"이제 닭발은 여기서만 시켜먹어요 친절하시고 맛있어용","polarity":{"com":0.05038402457862629,"pos":0.4565166016366452,"neg":0.40752688177250385,"neut":0.01930757414561537,"none":0.06626491786660928},"intensity":{"high":0.05049430857142857,"low":0.05566190071428572,"meium":0.8272716531428571,"none":0.06657213757142857},"expressive":{"dir-action":0.0009216590001316655,"dir-explicit":0.15718618302245516,"dir-speech":0.6660207176665744,"indirect":0.1132695261590385,"writing-device":0.06260191415180026}},{"id":"닭발세상","permalink":"","username":"asdfg","text":"일단 닭발이랑 주먹밥이랑 계란찜 맛은 제 입맛에 맞고 진짜 좋구요, 양은 솔직히 뭔가 아쉽네요\n배달은 꽤나 빨랐습니다!\n전체적으론 정말 또 시켜먹고 싶었고 당골 되고 싶네요~","date":"Mon Dec 10 23:59:44 +0000 2018","retweets":"30","favorites":"20","mentions":[],"hashtags":[],"geo":"","raw":"일단 닭발이랑 주먹밥이랑 계란찜 맛은 제 입맛에 맞고 진짜 좋구요, 양은 솔직히 뭔가 아쉽네요\n배달은 꽤나 빨랐습니다!\n전체적으론 정말 또 시켜먹고 싶었고 당골 되고 싶네요~","polarity":{"com":0.009740259714285715,"pos":0.4608390022857142,"neg":0.3953019995714286,"neut":0.016233766214285714,"none":0.1178849722142857},"intensity":{"high":0.051082251071428574,"low":0.05877344871428571,"meium":0.772259328,"none":0.1178849722142857},"expressive":{"dir-action":0,"dir-explicit":0.11186353328571429,"dir-speech":0.5689651618571429,"indirect":0.19108225107142857,"writing-device":0.12808905378571428}},{"id":"닭발세상","permalink":"","username":"asdfg","text":"닭발 양이 조금 아쉬웠지만,닭발은 너무 맛있었어요!  특히 양념이 존맛탱! 그리고 계란찜 진짜 짱입니다..다들 계란찜ㄱㄱ","date":"Mon Dec 10 23:59:44 +0000 2018","retweets":"30","favorites":"20","mentions":[],"hashtags":[],"geo":"","raw":"닭발 양이 조금 아쉬웠지만,닭발은 너무 맛있었어요!  특히 양념이 존맛탱! 그리고 계란찜 진짜 짱입니다..다들 계란찜ㄱㄱ","polarity":{"com":0.006423815818181817,"pos":0.5443233539999999,"neg":0.30705713145454544,"neut":0.02395520909090909,"none":0.11824048963636363},"intensity":{"high":0.07459882301356341,"low":0.03631374146114795,"meium":0.7704464653218993,"none":0.11864097020338926},"expressive":{"dir-action":0.0004004805454545454,"dir-explicit":0.14837776727272728,"dir-speech":0.40535310718181816,"indirect":0.3299905981818182,"writing-device":0.11587804681818183}},{"id":"닭발세상","permalink":"","username":"asdfg","text":"요번에는 꼬들꼬들하지가 안았어요 물에 불린것같은 식감이요...맛나서 재주문한건데...","date":"Mon Dec 10 23:59:44 +0000 2018","retweets":"30","favorites":"20","mentions":[],"hashtags":[],"geo":"","raw":"요번에는 꼬들꼬들하지가 안았어요 물에 불린것같은 식감이요...맛나서 재주문한건데...","polarity":{"com":0.0066563378,"pos":0.34284803769999994,"neg":0.45158456090000004,"neut":0.04550551,"none":0.1534055536},"intensity":{"high":0.21650449355669907,"low":0.08413753378317249,"meium":0.543695082791261,"none":0.15566288986886742},"expressive":{"dir-action":0.0017945866000000001,"dir-explicit":0.1552784038,"dir-speech":0.4194401608000001,"indirect":0.26147428920000004,"writing-device":0.16201255960000002}},{"id":"닭발세상","permalink":"","username":"asdfg","text":"저번주문엔 발가락부분?만 잘린게 많았는데 이번엔 없었어요 저번주문때가 잘못온거같기도하구,, 요청사항도 잘 들어주시고 서비스도 푸짐! 잘 먹었습니다 번창하세요~","date":"Mon Dec 10 23:59:44 +0000 2018","retweets":"30","favorites":"20","mentions":[],"hashtags":[],"geo":"","raw":"저번주문엔 발가락부분?만 잘린게 많았는데 이번엔 없었어요 저번주문때가 잘못온거같기도하구,, 요청사항도 잘 들어주시고 서비스도 푸짐! 잘 먹었습니다 번창하세요~","polarity":{"com":0.006818181824331549,"pos":0.4933386874698045,"neg":0.2989810843292918,"neut":0.08626104283367775,"none":0.11460100354289421},"intensity":{"high":0.09177995212304589,"low":0.1745426141867378,"meium":0.6185512200363854,"none":0.11512621365383098},"expressive":{"dir-action":0,"dir-explicit":0.3747011159191352,"dir-speech":0.259508873455323,"indirect":0.1933602345768612,"writing-device":0.17242977604868062}},{"id":"닭발세상","permalink":"","username":"asdfg","text":"늦은 시간이였는데..배달시간도 정확하게 가져다주시고..맛도 최고였어요ㅎㅎ\n정말 굿굿!","date":"Mon Dec 10 23:59:44 +0000 2018","retweets":"30","favorites":"20","mentions":[],"hashtags":[],"geo":"","raw":"늦은 시간이였는데..배달시간도 정확하게 가져다주시고..맛도 최고였어요ㅎㅎ\n정말 굿굿!","polarity":{"com":0.0029441884444444443,"pos":0.6367127495555556,"neg":0.2701399556666667,"neut":0.010906298000000002,"none":0.07929680833333334},"intensity":{"high":0.22584912099999999,"low":0.025601638444444446,"meium":0.6690134835555556,"none":0.079535757},"expressive":{"dir-action":0.0007168458888092393,"dir-explicit":0.13885475342901615,"dir-speech":0.37162485062537504,"indirect":0.41030039250996664,"writing-device":0.07850315754683299}},{"id":"닭발세상","permalink":"","username":"asdfg","text":"오랜만에 닭발 생각나서 시켰는데 요청사항도 잘 들어주시고 맛도있고 서비스도 주셔서 배부르게 잘 먹었어요! 친절하셔서 너무 좋아요 ㅠㅠ 근데 닭발모양이 저런게 많더라구용","date":"Mon Dec 10 23:59:44 +0000 2018","retweets":"30","favorites":"20","mentions":[],"hashtags":[],"geo":"","raw":"오랜만에 닭발 생각나서 시켰는데 요청사항도 잘 들어주시고 맛도있고 서비스도 주셔서 배부르게 잘 먹었어요! 친절하셔서 너무 좋아요 ㅠㅠ 근데 닭발모양이 저런게 많더라구용","polarity":{"com":0.016086185692307693,"pos":0.6725520587692309,"neg":0.20558557007692313,"neut":0.03440395538461539,"none":0.07137223007692309},"intensity":{"high":0.12713784908670292,"low":0.15415821947339678,"meium":0.6468274072036021,"none":0.0718765242362982},"expressive":{"dir-action":0.0008351460769230768,"dir-explicit":0.2464326816153846,"dir-speech":0.3293918,"indirect":0.3521787246153846,"writing-device":0.07116164769230769}},{"id":"닭발세상","permalink":"","username":"asdfg","text":"맛있네요^^ 잘먹겠습니다","date":"Mon Dec 10 23:59:44 +0000 2018","retweets":"30","favorites":"20","mentions":[],"hashtags":[],"geo":"","raw":"맛있네요^^ 잘먹겠습니다","polarity":{"com":0,"pos":0.35714285717857136,"neg":0.6071428573035714,"neut":0.03571428551785714,"none":0},"intensity":{"high":0,"low":0.107142857,"meium":0.8928571430000001,"none":0},"expressive":{"dir-action":0,"dir-explicit":0.107142857,"dir-speech":0.5714285715,"indirect":0.3214285715,"writing-device":0}},{"id":"닭발세상","permalink":"","username":"asdfg","text":"리뷰 보구 처음으로 주문햇는데 정말 그대로 맛잇네여~^^","date":"Mon Dec 10 23:59:44 +0000 2018","retweets":"30","favorites":"20","mentions":[],"hashtags":[],"geo":"","raw":"리뷰 보구 처음으로 주문햇는데 정말 그대로 맛잇네여~^^","polarity":{"com":0.036904761985238094,"pos":0.7190476189123811,"neg":0.14047619054380955,"neut":0.016666666593333334,"none":0.0869047619652381},"intensity":{"high":0.1333333334,"low":0.016666666599999998,"meium":0.763095238,"none":0.086904762},"expressive":{"dir-action":0,"dir-explicit":0.4238095238,"dir-speech":0.42738095239999996,"indirect":0.05357142859999999,"writing-device":0.0952380952}},{"id":"닭발세상","permalink":"","username":"asdfg","text":"저번에 먹어보고 너무 맛있어서 오늘 또시켰어요! 국물닭발 기대할게욤 잘먹겠습니다~~","date":"Mon Dec 10 23:59:44 +0000 2018","retweets":"30","favorites":"20","mentions":[],"hashtags":[],"geo":"","raw":"저번에 먹어보고 너무 맛있어서 오늘 또시켰어요! 국물닭발 기대할게욤 잘먹겠습니다~~","polarity":{"com":0.026360544281948492,"pos":0.5357142856377551,"neg":0.34863945580733724,"neut":0.022108843425413024,"none":0.06717687084754616},"intensity":{"high":0.060090703,"low":0.0946712017142857,"meium":0.7780612244285715,"none":0.06717687085714286},"expressive":{"dir-action":0,"dir-explicit":0.28344671189763526,"dir-speech":0.27862811803980403,"indirect":0.34438775519205544,"writing-device":0.09353741487050535}},{"id":"닭발세상","permalink":"","username":"asdfg","text":"역시 존맛탱 굿굿\n서비스도 최고 ㅜ","date":"Mon Dec 10 23:59:44 +0000 2018","retweets":"30","favorites":"20","mentions":[],"hashtags":[],"geo":"","raw":"역시 존맛탱 굿굿\n서비스도 최고 ㅜ","polarity":{"com":0,"pos":0.8444444445688891,"neg":0.022222222204444447,"neut":0.06666666661333334,"none":0.06666666661333334},"intensity":{"high":0.15555555563111112,"low":0.2666666666533334,"meium":0.5111111111022223,"none":0.06666666661333334},"expressive":{"dir-action":0,"dir-explicit":0.06666666661333334,"dir-speech":0.2666666666533334,"indirect":0.60000000012,"writing-device":0.06666666661333334}},{"id":"닭발세상","permalink":"","username":"asdfg","text":"마지막 배달이라 조금 늦은감이있지만 그래도 정말 맛있습니당","date":"Mon Dec 10 23:59:44 +0000 2018","retweets":"30","favorites":"20","mentions":[],"hashtags":[],"geo":"","raw":"마지막 배달이라 조금 늦은감이있지만 그래도 정말 맛있습니당","polarity":{"com":0.0045751634,"pos":0.527124183,"neg":0.2555555556,"neut":0.1183006536,"none":0.0944444444},"intensity":{"high":0.125490196025098,"low":0.11633986922326794,"meium":0.6637254903327451,"none":0.09444444441888887},"expressive":{"dir-action":0,"dir-explicit":0.7836601308000001,"dir-speech":0.0905228758,"indirect":0.0274509804,"writing-device":0.098366013}},{"id":"닭발세상","permalink":"","username":"asdfg","text":"잘 먹었어요~~~^^","date":"Mon Dec 10 23:59:44 +0000 2018","retweets":"30","favorites":"20","mentions":[],"hashtags":[],"geo":"","raw":"잘 먹었어요~~~^^","polarity":{"com":0,"pos":0.7142857147142857,"neg":0.21428571421428572,"neut":0.07142857107142857,"none":0},"intensity":{"high":0,"low":0.214285714,"meium":0.785714286,"none":0},"expressive":{"dir-action":0,"dir-explicit":0.214285714,"dir-speech":0.142857143,"indirect":0.642857143,"writing-device":0}},{"id":"닭발세상","permalink":"","username":"asdfg","text":"처음 시켜봤는데 너무 맛있어요! 배달원분께서 너무 친절하게 인사해주시고 맛있게드세요 해주셨는데ㅠㅜㅜ밤늦은 시간이라 가족들 다 자고있어서 제가 제대로 감사하다고 크게 못말했네요 감사합니다 잘먹겠습니다 서비스 계란찜도 짱이에요!","date":"Mon Dec 10 23:59:44 +0000 2018","retweets":"30","favorites":"20","mentions":[],"hashtags":[],"geo":"","raw":"처음 시켜봤는데 너무 맛있어요! 배달원분께서 너무 친절하게 인사해주시고 맛있게드세요 해주셨는데ㅠㅜㅜ밤늦은 시간이라 가족들 다 자고있어서 제가 제대로 감사하다고 크게 못말했네요 감사합니다 잘먹겠습니다 서비스 계란찜도 짱이에요!","polarity":{"com":0.028266335222222227,"pos":0.4697695035555556,"neg":0.38890858061111117,"neut":0.05460502905555556,"none":0.05845055155555556},"intensity":{"high":0.21971362083333335,"low":0.11798030127777778,"meium":0.6010622992222222,"none":0.061243778666666665},"expressive":{"dir-action":0.0013554154999246993,"dir-explicit":0.2826373749842979,"dir-speech":0.39091349842272705,"indirect":0.26403495154088696,"writing-device":0.061058759552163416}},{"id":"닭발세상","permalink":"","username":"asdfg","text":"항상 잘 먹는곳 ♡ 오늘 또 시키기전에 리뷰씁니다 ㅎㅎ","date":"Mon Dec 10 23:59:44 +0000 2018","retweets":"30","favorites":"20","mentions":[],"hashtags":[],"geo":"","raw":"항상 잘 먹는곳 ♡ 오늘 또 시키기전에 리뷰씁니다 ㅎㅎ","polarity":{"com":0.027777777824074066,"pos":0.48973280133675573,"neg":0.28198923440600354,"neut":0.05416524798194491,"none":0.14633493845122167},"intensity":{"high":0.06706578901117762,"low":0.06342450717723741,"meium":0.7231747652871957,"none":0.14633493852438914},"expressive":{"dir-action":0.015151515164141413,"dir-explicit":0.2726272894545621,"dir-speech":0.45729634492378396,"indirect":0.06418113732263647,"writing-device":0.190743713134876}},{"id":"닭발세상","permalink":"","username":"asdfg","text":"양은 아쉽지만\n맛은 역시 끝내주네요","date":"Mon Dec 10 23:59:44 +0000 2018","retweets":"30","favorites":"20","mentions":[],"hashtags":[],"geo":"","raw":"양은 아쉽지만\n맛은 역시 끝내주네요","polarity":{"com":0.005649717668549907,"pos":0.5630885121876963,"neg":0.1864406780621469,"neut":0.12241054604080352,"none":0.12241054604080352},"intensity":{"high":0.03389830502259887,"low":0.1563088511042059,"meium":0.6873822977915882,"none":0.12241054608160705},"expressive":{"dir-action":0,"dir-explicit":0.2015065914005022,"dir-speech":0.6308851225436284,"indirect":0.04519774001506591,"writing-device":0.12241054604080352}},{"id":"닭발세상","permalink":"","username":"asdfg","text":"양이 아쉽지만..\n맛은 역시 끝내주네요","date":"Mon Dec 10 23:59:44 +0000 2018","retweets":"30","favorites":"20","mentions":[],"hashtags":[],"geo":"","raw":"양이 아쉽지만..\n맛은 역시 끝내주네요","polarity":{"com":0.010279001336759668,"pos":0.5883504651961168,"neg":0.14684287804894763,"neut":0.14047968671349323,"none":0.11404796870468266},"intensity":{"high":0.03524229069016153,"low":0.155163974436776,"meium":0.6940773374627183,"none":0.11551639741034428},"expressive":{"dir-action":0.0014684286676456188,"dir-explicit":0.24914341649942892,"dir-speech":0.5648556047099038,"indirect":0.06901615271267743,"writing-device":0.11551639741034425}},{"id":"닭발세상","permalink":"","username":"asdfg","text":"매운걸 못먹어서 0단계로 시켰는데 1난계로 시켜도 됐을법 했어요. 계란찜이랑 주먹밥이 같이오니까 많이 맵지않더라구요~! 닭발은 적당히 먹을수 있을만큼  매콤했구요~ 계란찜은 정말.. 사랑합니다!! 주먹밥도 완전 맛있어요!! 소맥이랑 같이 먹었는데 완전 잘 어울리네요ㅋㅋ 리뷰들을 보니까 양이 많다고 하시는데, 제가 많이 먹어서 그런지 양이 살짝 아쉬웠습니다!! 그래도 맛있게 잘 먹었습니다!!","date":"Mon Dec 10 23:59:44 +0000 2018","retweets":"30","favorites":"20","mentions":[],"hashtags":[],"geo":"","raw":"매운걸 못먹어서 0단계로 시켰는데 1난계로 시켜도 됐을법 했어요. 계란찜이랑 주먹밥이 같이오니까 많이 맵지않더라구요~! 닭발은 적당히 먹을수 있을만큼  매콤했구요~ 계란찜은 정말.. 사랑합니다!! 주먹밥도 완전 맛있어요!! 소맥이랑 같이 먹었는데 완전 잘 어울리네요ㅋㅋ 리뷰들을 보니까 양이 많다고 하시는데, 제가 많이 먹어서 그런지 양이 살짝 아쉬웠습니다!! 그래도 맛있게 잘 먹었습니다!!","polarity":{"com":0.01640467974941412,"pos":0.35043279209462747,"neg":0.4886347515896916,"neut":0.05730332903366773,"none":0.08722444753259913},"intensity":{"high":0.09351462354239388,"low":0.15327745558237693,"meium":0.629624542009259,"none":0.12358337886597023},"expressive":{"dir-action":0.0007982554286284467,"dir-explicit":0.16648188236903444,"dir-speech":0.44362495471025887,"indirect":0.2993889943785278,"writing-device":0.08970591311355042}},{"id":"닭발세상","permalink":"","username":"asdfg","text":"리뷰가 좋아서 처음으로 시켜봤는데 ㄹㅇ 대만족했어요!! 무뼈인데도 양이 많고 불맛이 좋아서 두명이서 먹다 조금 남겼어요!! 계란찜도 부드럽고 맛있었구, 배달도 예상시간보다 빨라서 좋았어요!  항상 시켜먹던 곳이 있었는데 앞으로 닭발은 여기서만 먹을것 같아요:)","date":"Mon Dec 10 23:59:44 +0000 2018","retweets":"30","favorites":"20","mentions":[],"hashtags":[],"geo":"","raw":"리뷰가 좋아서 처음으로 시켜봤는데 ㄹㅇ 대만족했어요!! 무뼈인데도 양이 많고 불맛이 좋아서 두명이서 먹다 조금 남겼어요!! 계란찜도 부드럽고 맛있었구, 배달도 예상시간보다 빨라서 좋았어요!  항상 시켜먹던 곳이 있었는데 앞으로 닭발은 여기서만 먹을것 같아요:)","polarity":{"com":0.009757492040853544,"pos":0.470268682585811,"neg":0.4097458557991879,"neut":0.023990702914667445,"none":0.08623726665948023},"intensity":{"high":0.08281590146523468,"low":0.08626029138218838,"meium":0.7442249108953519,"none":0.0866988962572249},"expressive":{"dir-action":0.0002688172082773298,"dir-explicit":0.29247695127240064,"dir-speech":0.4584029958628327,"indirect":0.1554477691759484,"writing-device":0.09340346648054094}},{"id":"닭발세상","permalink":"","username":"asdfg","text":"전날 먹고 넘 맛있어서 담날 또시켰는데 ㅎㅎ역시 짱이에요 계란찜역시 푸짐 ㅎㅎ늦은시간에도 영업해주셔서 감사합니다><","date":"Mon Dec 10 23:59:44 +0000 2018","retweets":"30","favorites":"20","mentions":[],"hashtags":[],"geo":"","raw":"전날 먹고 넘 맛있어서 담날 또시켰는데 ㅎㅎ역시 짱이에요 계란찜역시 푸짐 ㅎㅎ늦은시간에도 영업해주셔서 감사합니다><","polarity":{"com":0.004114459417009538,"pos":0.29240773360770067,"neg":0.48368962295697415,"neut":0.07136055133928006,"none":0.14842763267903564},"intensity":{"high":0.14760034837023342,"low":0.10008358169168756,"meium":0.6037092257342606,"none":0.1486068442038184},"expressive":{"dir-action":0.0005376344167114696,"dir-explicit":0.22497828885208157,"dir-speech":0.4606163971217181,"indirect":0.15249653626270807,"writing-device":0.16137114334678093}},{"id":"닭발세상","permalink":"","username":"asdfg","text":"닭발 매운맛 1단계   \n냄새도 안나고  양도  푸짐해서 양것  잘먹었습니다..   매운운단계는 아이들과 먹느라 1단계 시켰으나  전혀 맵지가 않았어요..담에 2단계  먹어볼려고요..  계란찜도 부드러우니  맛있어요~","date":"Mon Dec 10 23:59:44 +0000 2018","retweets":"30","favorites":"20","mentions":[],"hashtags":[],"geo":"","raw":"닭발 매운맛 1단계   \n냄새도 안나고  양도  푸짐해서 양것  잘먹었습니다..   매운운단계는 아이들과 먹느라 1단계 시켰으나  전혀 맵지가 않았어요..담에 2단계  먹어볼려고요..  계란찜도 부드러우니  맛있어요~","polarity":{"com":0.006458608615881431,"pos":0.3694367584899567,"neg":0.4923376321147952,"neut":0.046140277618933856,"none":0.08562672316043282},"intensity":{"high":0.16975585938461538,"low":0.100116387,"meium":0.643155203,"none":0.08697255061538461},"expressive":{"dir-action":0.0002310002307692308,"dir-explicit":0.19578107130769234,"dir-speech":0.43973421961538456,"indirect":0.27108524069230766,"writing-device":0.09316846815384615}},{"id":"닭발세상","permalink":"","username":"asdfg","text":"딱 제가 원하던맛  맛있네요  비가와서 맥주도 부탁드렸는데 \n요청한데로 들어주셔서 너무너무 감사햇어요\n\n주먹밥도 마요가있어서 닭발 양도 많고 해서 가위로 썰어 비벼 먹었더니 완죤 대박이네요 계란찜도 대박  전 앞으로 여기서만 \n먹겠어요  닭발은 노원 상계 다 합쳐서 여기가 지존입니다\n\n여러분 계급보이시죠 여기져기 다시켜봤습니다 강추 여기가 최고입니다 믿으세요  맛에반해 먹느라 사진을 놓쳤어요 ㅜㅜ\n\n담에 사진 꼭 올릴께요","date":"Mon Dec 10 23:59:44 +0000 2018","retweets":"30","favorites":"20","mentions":[],"hashtags":[],"geo":"","raw":"딱 제가 원하던맛  맛있네요  비가와서 맥주도 부탁드렸는데 \n요청한데로 들어주셔서 너무너무 감사햇어요\n\n주먹밥도 마요가있어서 닭발 양도 많고 해서 가위로 썰어 비벼 먹었더니 완죤 대박이네요 계란찜도 대박  전 앞으로 여기서만 \n먹겠어요  닭발은 노원 상계 다 합쳐서 여기가 지존입니다\n\n여러분 계급보이시죠 여기져기 다시켜봤습니다 강추 여기가 최고입니다 믿으세요  맛에반해 먹느라 사진을 놓쳤어요 ㅜㅜ\n\n담에 사진 꼭 올릴께요","polarity":{"com":0.011376658432432435,"pos":0.5385365813243244,"neg":0.32960254118918914,"neut":0.03882491194594595,"none":0.08165930710810812},"intensity":{"high":0.147569706347363,"low":0.09078412140295178,"meium":0.679676209657306,"none":0.0819699625923792},"expressive":{"dir-action":0.001812156999951023,"dir-explicit":0.2411254305610507,"dir-speech":0.4205251091507966,"indirect":0.25346529691206854,"writing-device":0.08307200637613321}},{"id":"닭발세상","permalink":"","username":"asdfg","text":"핵존맛!! 다음날 데워먹기 좋은 용기에 포장도 깔끔하고!! 잘먹겠습니다","date":"Mon Dec 10 23:59:44 +0000 2018","retweets":"30","favorites":"20","mentions":[],"hashtags":[],"geo":"","raw":"핵존맛!! 다음날 데워먹기 좋은 용기에 포장도 깔끔하고!! 잘먹겠습니다","polarity":{"com":0.003432003429061715,"pos":0.5293188086470455,"neg":0.4431798124918828,"neut":0.014923086287846155,"none":0.009146289144163756},"intensity":{"high":0.06074646071428571,"low":0.11579885999999999,"meium":0.8138793897142858,"none":0.009575289571428572},"expressive":{"dir-action":0.0004290004285714286,"dir-explicit":0.2641171782857143,"dir-speech":0.4586750015714286,"indirect":0.26720353014285714,"writing-device":0.009575289571428572}},{"id":"닭발세상","permalink":"","username":"asdfg","text":"너무맛있어요!!매운거잘못먹어서 안매운맛시켰는데 정말 말씀처럼 끝맛만 살짝매콤하고 제입에 딱이네요ㅎㅎ계란찜양도 푸짐하고 짱맛있어요.....요청사항도 들어주시고 감사합니다!!식혜는 수제식혜인줄알고 리뷰서비스요청했는데 캔식혜였군요ㅋㅋ매운거 정화하라고 메뉴에도 있나봅니다~ 아!!하루지났는데 또먹고싶네요ㅠㅠㅋㅋㅋㅋ","date":"Mon Dec 10 23:59:44 +0000 2018","retweets":"30","favorites":"20","mentions":[],"hashtags":[],"geo":"","raw":"너무맛있어요!!매운거잘못먹어서 안매운맛시켰는데 정말 말씀처럼 끝맛만 살짝매콤하고 제입에 딱이네요ㅎㅎ계란찜양도 푸짐하고 짱맛있어요.....요청사항도 들어주시고 감사합니다!!식혜는 수제식혜인줄알고 리뷰서비스요청했는데 캔식혜였군요ㅋㅋ매운거 정화하라고 메뉴에도 있나봅니다~ 아!!하루지났는데 또먹고싶네요ㅠㅠㅋㅋㅋㅋ","polarity":{"com":0.030377600785714283,"pos":0.39197249492857145,"neg":0.39966068567857144,"neut":0.04946747496428571,"none":0.12852174364285715},"intensity":{"high":0.1948137843065872,"low":0.12924020862099003,"meium":0.5471329582729071,"none":0.1288130487995157},"expressive":{"dir-action":0.002429041964285714,"dir-explicit":0.2797589131785714,"dir-speech":0.2991285778571428,"indirect":0.20749921196428575,"writing-device":0.21118425503571428}},{"id":"닭발세상","permalink":"","username":"asdfg","text":"매운걸즐기는편인데 가격도 괜찮고 계란찜도 괜찮았고 닭발 맛있게 매웠어요","date":"Mon Dec 10 23:59:44 +0000 2018","retweets":"30","favorites":"20","mentions":[],"hashtags":[],"geo":"","raw":"매운걸즐기는편인데 가격도 괜찮고 계란찜도 괜찮았고 닭발 맛있게 매웠어요","polarity":{"com":0.0011904761666666666,"pos":0.4801587301666667,"neg":0.3047619048333334,"neut":0.14126984116666666,"none":0.07261904766666667},"intensity":{"high":0.023809523833333332,"low":0.13015873016666665,"meium":0.7734126983333334,"none":0.07261904766666667},"expressive":{"dir-action":0,"dir-explicit":0.19761904763373017,"dir-speech":0.3833333332694444,"indirect":0.34761904760873014,"writing-device":0.07142857148809524}},{"id":"닭발세상","permalink":"","username":"asdfg","text":"진짜 너무 너무 맛있어서 새벽에 눈떠있으면 항시 생각나는 곳이에요 사진을 너무 이상하게 찍엇네요.. 먹다가 아 이건 리뷰를 써야겠다 싶어서 먹던거 찍은거라..ㅎ","date":"Mon Dec 10 23:59:44 +0000 2018","retweets":"30","favorites":"20","mentions":[],"hashtags":[],"geo":"","raw":"진짜 너무 너무 맛있어서 새벽에 눈떠있으면 항시 생각나는 곳이에요 사진을 너무 이상하게 찍엇네요.. 먹다가 아 이건 리뷰를 써야겠다 싶어서 먹던거 찍은거라..ㅎ","polarity":{"com":0.044933132999999986,"pos":0.32781239441666665,"neg":0.5741872974999999,"neut":0.03221890749999999,"none":0.02084826758333333},"intensity":{"high":0.08963308859080275,"low":0.08741718467395143,"meium":0.8019222476501602,"none":0.021027479085085624},"expressive":{"dir-action":0.0015992055830667993,"dir-explicit":0.267873766122021,"dir-speech":0.453557791674407,"indirect":0.17062286322156286,"writing-device":0.10634637339894228}},{"id":"닭발세상","permalink":"","username":"asdfg","text":"새벽에 갑자기 야식이 땡겨서 시켰는데 메뉴들이 다 맛있었어요!! 정말 잘먹었습니다~!","date":"Mon Dec 10 23:59:44 +0000 2018","retweets":"30","favorites":"20","mentions":[],"hashtags":[],"geo":"","raw":"새벽에 갑자기 야식이 땡겨서 시켰는데 메뉴들이 다 맛있었어요!! 정말 잘먹었습니다~!","polarity":{"com":0.0061674008,"pos":0.503010279,"neg":0.27143906019999997,"neut":0.11762114539999999,"none":0.1017621146},"intensity":{"high":0.14336759662867352,"low":0.17087616243417522,"meium":0.5831130691166226,"none":0.10264317182052864},"expressive":{"dir-action":0.0008810572001762114,"dir-explicit":0.22726382764545275,"dir-speech":0.5778022517155604,"indirect":0.09140969161828193,"writing-device":0.10264317182052864}},{"id":"닭발세상","permalink":"","username":"asdfg","text":"첨 시켜봤는데\n양도 괜찮고 맛있었어요~","date":"Mon Dec 10 23:59:44 +0000 2018","retweets":"30","favorites":"20","mentions":[],"hashtags":[],"geo":"","raw":"첨 시켜봤는데\n양도 괜찮고 맛있었어요~","polarity":{"com":0.0035714285,"pos":0.107142857,"neg":0.6642857145000001,"neut":0.007142857,"none":0.217857143},"intensity":{"high":0.0714285715,"low":0.057142857,"meium":0.6535714285,"none":0.217857143},"expressive":{"dir-action":0,"dir-explicit":0.09285714295357143,"dir-speech":0.649999999675,"indirect":0.042857142978571426,"writing-device":0.21428571439285712}},{"id":"닭발세상","permalink":"","username":"asdfg","text":"와 정말 미친수준으로 맛있어요!!!!\n정말 말이 필요없네요 무조건 별 다섯개입니다.\n일단 닭발이 뚜껑을 열었을 땐 별로 없어보이는데 먹는게 힘들정도로 먹다보면 양 두둑합니다 밑에 파묻혀서 그렇게 느낀것 같네요 맛은 정말 노원 닭발집 중에 제일 맛있는 것 같아요ㅠㅠ 감덩 무엇보다 인생 살면서 이렇게 친절하고 활기찬 배달기사분은 처음 보네요ㅎㅎㅎ 비록 두마디 하고 떠나셨지만 다른 곳은 틱 던져주고 가시는데 이 분은 너무 밝게 인사하시고 떠나주셔서 더 맛있게 먹었습니다 \n여러분 꼭 드세여ㅠㅠㅠㅠ 안먹는 사람 진짜 바보야ㅠㅠ\n번창하세요😍😍","date":"Mon Dec 10 23:59:44 +0000 2018","retweets":"30","favorites":"20","mentions":[],"hashtags":[],"geo":"","raw":"와 정말 미친수준으로 맛있어요!!!!\n정말 말이 필요없네요 무조건 별 다섯개입니다.\n일단 닭발이 뚜껑을 열었을 땐 별로 없어보이는데 먹는게 힘들정도로 먹다보면 양 두둑합니다 밑에 파묻혀서 그렇게 느낀것 같네요 맛은 정말 노원 닭발집 중에 제일 맛있는 것 같아요ㅠㅠ 감덩 무엇보다 인생 살면서 이렇게 친절하고 활기찬 배달기사분은 처음 보네요ㅎㅎㅎ 비록 두마디 하고 떠나셨지만 다른 곳은 틱 던져주고 가시는데 이 분은 너무 밝게 인사하시고 떠나주셔서 더 맛있게 먹었습니다 \n여러분 꼭 드세여ㅠㅠㅠㅠ 안먹는 사람 진짜 바보야ㅠㅠ\n번창하세요😍😍","polarity":{"com":0.034782123817217424,"pos":0.42973593610562105,"neg":0.3619384636710449,"neut":0.04150909947667926,"none":0.13203437692943726},"intensity":{"high":0.08810291044176206,"low":0.1007284051820146,"meium":0.67850041007357,"none":0.13266827430265343},"expressive":{"dir-action":0.0008059403600644752,"dir-explicit":0.24312524327945,"dir-speech":0.41542959331323437,"indirect":0.20466193987637296,"writing-device":0.13597728317087815}},{"id":"닭발세상","permalink":"","username":"asdfg","text":"맛있게 잘 먹었습니다. 맵기도 적당하고 리뷰이벤트로 온 계란찜도 너무 맛있더라고요. 단지 아쉬운게 있다면 너무 배고파서 그런걸까요 주먹밥이 양이 좀 아쉬웠네요. 다음에 또 주문할게여","date":"Mon Dec 10 23:59:44 +0000 2018","retweets":"30","favorites":"20","mentions":[],"hashtags":[],"geo":"","raw":"맛있게 잘 먹었습니다. 맵기도 적당하고 리뷰이벤트로 온 계란찜도 너무 맛있더라고요. 단지 아쉬운게 있다면 너무 배고파서 그런걸까요 주먹밥이 양이 좀 아쉬웠네요. 다음에 또 주문할게여","polarity":{"com":0.011800835104020968,"pos":0.3424147869639564,"neg":0.4345228089016292,"neut":0.07535524493943632,"none":0.13590632409095724},"intensity":{"high":0.042062440633792754,"low":0.12800028453305262,"meium":0.6935278545628172,"none":0.13640942027033734},"expressive":{"dir-action":0.0007294685263157895,"dir-explicit":0.19316095015789475,"dir-speech":0.45198449831578946,"indirect":0.21068599184210526,"writing-device":0.14343909115789474}},{"id":"닭발세상","permalink":"","username":"asdfg","text":"양 많고 맛있었어용 쿨피스 서비스 감사합니다~~","date":"Mon Dec 10 23:59:44 +0000 2018","retweets":"30","favorites":"20","mentions":[],"hashtags":[],"geo":"","raw":"양 많고 맛있었어용 쿨피스 서비스 감사합니다~~","polarity":{"com":0.00483870975,"pos":0.476858345,"neg":0.47947639075000004,"neut":0.03183730725,"none":0.00698924725},"intensity":{"high":0.10016362777504093,"low":0.333380084083345,"meium":0.5589294063897323,"none":0.00752688175188172},"expressive":{"dir-action":0.0016129032504032257,"dir-explicit":0.20892940630223233,"dir-speech":0.3780037400945009,"indirect":0.40446470310111615,"writing-device":0.006989247251747312}},{"id":"닭발세상","permalink":"","username":"asdfg","text":"괜찮은것같아요~ 보통매운맛시켯는데 그것도 좀맵더라구여","date":"Mon Dec 10 23:59:44 +0000 2018","retweets":"30","favorites":"20","mentions":[],"hashtags":[],"geo":"","raw":"괜찮은것같아요~ 보통매운맛시켯는데 그것도 좀맵더라구여","polarity":{"com":0,"pos":0.4727272726318182,"neg":0.3075757576731061,"neut":0.10606060597348485,"none":0.1136363637215909},"intensity":{"high":0.05000000000000001,"low":0.05000000000000001,"meium":0.78636363625,"none":0.11363636375000001},"expressive":{"dir-action":0,"dir-explicit":0.31818181817045454,"dir-speech":0.49545454537613637,"indirect":0.07272727273181818,"writing-device":0.1136363637215909}},{"id":"닭발세상","permalink":"","username":"asdfg","text":"감사합니다 오늘도 맛있게 잘 먹었어용ㅋㅋ","date":"Mon Dec 10 23:59:44 +0000 2018","retweets":"30","favorites":"20","mentions":[],"hashtags":[],"geo":"","raw":"감사합니다 오늘도 맛있게 잘 먹었어용ㅋㅋ","polarity":{"com":0.002380952334126984,"pos":0.6428571428809523,"neg":0.18095238106031744,"neut":0.02857142834285714,"none":0.145238095381746},"intensity":{"high":0.38095238099999995,"low":0.10952380933333332,"meium":0.3642857143333333,"none":0.14523809533333332},"expressive":{"dir-action":0,"dir-explicit":0.13333333328888888,"dir-speech":0.48095238083968256,"indirect":0.24285714291904759,"writing-device":0.14285714295238094}},{"id":"닭발세상","permalink":"","username":"asdfg","text":"배딜해주시는분도 너무 친절하시고양더많고  맛도있고 ㄱㅖ란찜도 하나더보내주셔서 감사해요 다음에도 시켜먹을 의향잇네요!!!","date":"Mon Dec 10 23:59:44 +0000 2018","retweets":"30","favorites":"20","mentions":[],"hashtags":[],"geo":"","raw":"배딜해주시는분도 너무 친절하시고양더많고  맛도있고 ㄱㅖ란찜도 하나더보내주셔서 감사해요 다음에도 시켜먹을 의향잇네요!!!","polarity":{"com":0.0032745480002518887,"pos":0.4400380084953875,"neg":0.35072570810390213,"neut":0.09564575208428044,"none":0.11031598331617819},"intensity":{"high":0.1955054354464996,"low":0.16494643344885024,"meium":0.5290667218054564,"none":0.11048140929919376},"expressive":{"dir-action":0.0004962779230005726,"dir-explicit":0.11911556190475145,"dir-speech":0.6297909527492628,"indirect":0.14015912397843705,"writing-device":0.11043808344454797}},{"id":"닭발세상","permalink":"","username":"asdfg","text":"국물닭발 맛이 닭도리탕을 먹는듯하여 좋았습니다.\n야식집인데도 간도 안쌔고, 1단계는 맵지도 않아 정말 좋네요. 다른곳은 양념 범벅으로 하는곳이 대부분인데..","date":"Mon Dec 10 23:59:44 +0000 2018","retweets":"30","favorites":"20","mentions":[],"hashtags":[],"geo":"","raw":"국물닭발 맛이 닭도리탕을 먹는듯하여 좋았습니다.\n야식집인데도 간도 안쌔고, 1단계는 맵지도 않아 정말 좋네요. 다른곳은 양념 범벅으로 하는곳이 대부분인데..","polarity":{"com":0.015380175072527159,"pos":0.4969160766783512,"neg":0.31322542823665905,"neut":0.056019879146858576,"none":0.1184584408656042},"intensity":{"high":0.10189432099999998,"low":0.13439067578571431,"meium":0.6444355442857143,"none":0.11927945892857146},"expressive":{"dir-action":0.0008210180713699272,"dir-explicit":0.1935270660576052,"dir-speech":0.5356957725331646,"indirect":0.14752070941803422,"writing-device":0.12243543391982604}},{"id":"닭발세상","permalink":"","username":"asdfg","text":"리뷰보고 시켰는데 확실히 양도 많고 맛있네요~\n둘이 먹기 적당한양 같아요!!양념도 술도둑 저리가라네요ㅎㅎ\n배달하시는분 사장님같으신데 친절하십니다~번창하시구 맛난음식 감사합니다!!","date":"Mon Dec 10 23:59:44 +0000 2018","retweets":"30","favorites":"20","mentions":[],"hashtags":[],"geo":"","raw":"리뷰보고 시켰는데 확실히 양도 많고 맛있네요~\n둘이 먹기 적당한양 같아요!!양념도 술도둑 저리가라네요ㅎㅎ\n배달하시는분 사장님같으신데 친절하십니다~번창하시구 맛난음식 감사합니다!!","polarity":{"com":0.006294597687500001,"pos":0.4342811055000001,"neg":0.40124813381249996,"neut":0.04373591793750001,"none":0.1144402450625},"intensity":{"high":0.15081474545635187,"low":0.05297459288162184,"meium":0.6810385812726298,"none":0.11517208038939653},"expressive":{"dir-action":0.0012694696874206582,"dir-explicit":0.2807246822324547,"dir-speech":0.42276388866107717,"indirect":0.16710802486455575,"writing-device":0.12813393455449165}},{"id":"닭발세상","permalink":"","username":"asdfg","text":"처음 시켜봤는데 맛있고 양도 많았어요! 친절하시고 서비스도 좋았는데 주먹밥에서 고무줄이 나왔어요ㅠㅠ","date":"Mon Dec 10 23:59:44 +0000 2018","retweets":"30","favorites":"20","mentions":[],"hashtags":[],"geo":"","raw":"처음 시켜봤는데 맛있고 양도 많았어요! 친절하시고 서비스도 좋았는데 주먹밥에서 고무줄이 나왔어요ㅠㅠ","polarity":{"com":0.023173140282403835,"pos":0.5841911630594013,"neg":0.3443266450936676,"neut":0.01819274699740104,"none":0.03011630456712625},"intensity":{"high":0.08580778729797256,"low":0.19621719088517386,"meium":0.687551497526793,"none":0.030423524290060504},"expressive":{"dir-action":0.0009216589999999999,"dir-explicit":0.31734741585714277,"dir-speech":0.377226627,"indirect":0.2743879935714285,"writing-device":0.03011630457142857}},{"id":"닭발세상","permalink":"","username":"asdfg","text":"항상 잘 먹고 있습니다ㅎㅎ","date":"Mon Dec 10 23:59:44 +0000 2018","retweets":"30","favorites":"20","mentions":[],"hashtags":[],"geo":"","raw":"항상 잘 먹고 있습니다ㅎㅎ","polarity":{"com":0,"pos":0.6666666665000001,"neg":0.3333333335,"neut":0,"none":0},"intensity":{"high":0.0555555555,"low":0.111111111,"meium":0.8333333334999999,"none":0},"expressive":{"dir-action":0,"dir-explicit":0.361111111,"dir-speech":0.638888889,"indirect":0,"writing-device":0}},{"id":"닭발세상","permalink":"","username":"asdfg","text":"직화향 너무 좋아요","date":"Mon Dec 10 23:59:44 +0000 2018","retweets":"30","favorites":"20","mentions":[],"hashtags":[],"geo":"","raw":"직화향 너무 좋아요","polarity":{"com":0.142857143,"pos":0.142857143,"neg":0.714285714,"neut":0,"none":0},"intensity":{"high":0.142857143,"low":0.142857143,"meium":0.714285714,"none":0},"expressive":{"dir-action":0,"dir-explicit":0.5714285710000001,"dir-speech":0.28571428600000004,"indirect":0.14285714300000002,"writing-device":0}},{"id":"닭발세상","permalink":"","username":"asdfg","text":"와... 진짜 너무 너무 맛있어요ㅜㅜ\n전 요기요를 더 많이 쓰는데\n요기요도 생겨서 너무 좋습니다\n서비스 감사합니다\n번창하세요!","date":"Mon Dec 10 23:59:44 +0000 2018","retweets":"30","favorites":"20","mentions":[],"hashtags":[],"geo":"","raw":"와... 진짜 너무 너무 맛있어요ㅜㅜ\n전 요기요를 더 많이 쓰는데\n요기요도 생겨서 너무 좋습니다\n서비스 감사합니다\n번창하세요!","polarity":{"com":0.03315668210000001,"pos":0.30322580640000013,"neg":0.4462519201,"neut":0.16820276500000003,"none":0.049162826400000005},"intensity":{"high":0.0708141321,"low":0.3632258064,"meium":0.5163671274999999,"none":0.049592934000000005},"expressive":{"dir-action":0.001290322599870968,"dir-explicit":0.19565284178043474,"dir-speech":0.4960675883503933,"indirect":0.25854070657414596,"writing-device":0.048448540695155154}},{"id":"닭발세상","permalink":"","username":"asdfg","text":"와우 대박👍직화구이 향에 완죤 반했어요.꼬들꼬들한 맛에 두번 반했어요. 리뷰보고 조금 주저했는데 후회할뻔했어여 정말 맛있어여","date":"Mon Dec 10 23:59:44 +0000 2018","retweets":"30","favorites":"20","mentions":[],"hashtags":[],"geo":"","raw":"와우 대박👍직화구이 향에 완죤 반했어요.꼬들꼬들한 맛에 두번 반했어요. 리뷰보고 조금 주저했는데 후회할뻔했어여 정말 맛있어여","polarity":{"com":0.005529953999999999,"pos":0.5284178187142857,"neg":0.3091013824285715,"neut":0.11324884800000001,"none":0.04370199685714286},"intensity":{"high":0.164938556,"low":0.10460829485714285,"meium":0.6861367128571428,"none":0.04431643628571428},"expressive":{"dir-action":0.001843318,"dir-explicit":0.3397081414285714,"dir-speech":0.4472734255714285,"indirect":0.16747311814285717,"writing-device":0.04370199685714286}},{"id":"닭발세상","permalink":"","username":"asdfg","text":"국물닭발 👍\n이근처에 닭발집 다먹어봣는데 여기가 제일 냄새도안나고 맛있네요. 맵기도 제일매운2단계 시켰는데 매운거좋아하는 저한테 딱이였어요.달걀찜도 엄첨부드럽네요. 너무너무 잘먹었어요~~😄😄","date":"Mon Dec 10 23:59:44 +0000 2018","retweets":"30","favorites":"20","mentions":[],"hashtags":[],"geo":"","raw":"국물닭발 👍\n이근처에 닭발집 다먹어봣는데 여기가 제일 냄새도안나고 맛있네요. 맵기도 제일매운2단계 시켰는데 매운거좋아하는 저한테 딱이였어요.달걀찜도 엄첨부드럽네요. 너무너무 잘먹었어요~~😄😄","polarity":{"com":0.007113397941594905,"pos":0.45394154090905536,"neg":0.4256949750838644,"neut":0.017777503118692792,"none":0.09547258294679252},"intensity":{"high":0.11408081054283305,"low":0.08640333130428275,"meium":0.7040432752004756,"none":0.09547258295240856},"expressive":{"dir-action":0,"dir-explicit":0.2118088322816583,"dir-speech":0.3849715019773546,"indirect":0.27392561304271024,"writing-device":0.12929405269827682}},{"id":"닭발세상","permalink":"","username":"asdfg","text":"맛있었습니다. 매운맛은 정말 매웠어요~또 주문할게요~^^","date":"Mon Dec 10 23:59:44 +0000 2018","retweets":"30","favorites":"20","mentions":[],"hashtags":[],"geo":"","raw":"맛있었습니다. 매운맛은 정말 매웠어요~또 주문할게요~^^","polarity":{"com":0.009075997997731,"pos":0.25372959443656756,"neg":0.5851454086037137,"neut":0.02944231824263942,"none":0.12260668071934833},"intensity":{"high":0.06036996526509249,"low":0.06293056301573263,"meium":0.7535551564383889,"none":0.12314431528078609},"expressive":{"dir-action":0.00161290325,"dir-explicit":0.18200551975,"dir-speech":0.534914994,"indirect":0.12314561674999999,"writing-device":0.15832096625}},{"id":"닭발세상","permalink":"","username":"asdfg","text":"별하나도 아까울정도의 맛이구요.\n장사준비가 전혀 안된상태이신것같네요","date":"Mon Dec 10 23:59:44 +0000 2018","retweets":"30","favorites":"20","mentions":[],"hashtags":[],"geo":"","raw":"별하나도 아까울정도의 맛이구요.\n장사준비가 전혀 안된상태이신것같네요","polarity":{"com":0.028571428552380946,"pos":0.5209475708310058,"neg":0.29543049552273,"neut":0.019095719108989367,"none":0.1359547859848939},"intensity":{"high":0.06587301588888889,"low":0.09047619044444444,"meium":0.7076960076666667,"none":0.135954786},"expressive":{"dir-action":0.05555555554320987,"dir-explicit":0.18056758062654055,"dir-speech":0.24242424239057236,"indirect":0.3862914862474907,"writing-device":0.13516113519218645}}]