[{"id":"옷잘입는떡볶이-도봉점","permalink":"","username":"asdfg","text":"우선 주문한지 27분만에 도착했어요.\n생각보다 빨리 도착해서 좋았구요~\n중간맛 옷잘떡+모듬튀김 주문이었는데,\n콜라+단무지 서비스로 보내주셨구요~\n\n\n맛은 중간맛인데 살짝 순한맛느낌~아마 기본치즈토핑 때문인듯~\n야채튀김,김말이,고구마튀김을 떡볶이국물에 담갔다가 먹으면 맛나요~\n\n디게디게 중독성있는맛은 아니지만,\n이정도맛이면 어지간한 떡볶이집보다는 맛있습니다.\n또 캡사이신 안쓰신다하셔서\n선택했었는데,\n캡사이신 안쓰신것같어요\n요즘 옛날떡볶이가 땡겨서\n제입맛에는 좋네욤~\n\n\n다음번엔 옷잘떡의 기본치즈를 빼고 부탁드려볼까합니당~\n\n감사^^","date":"Mon Dec 10 23:59:44 +0000 2018","retweets":"30","favorites":"20","mentions":[],"hashtags":[],"geo":"","raw":"우선 주문한지 27분만에 도착했어요.\n생각보다 빨리 도착해서 좋았구요~\n중간맛 옷잘떡+모듬튀김 주문이었는데,\n콜라+단무지 서비스로 보내주셨구요~\n\n\n맛은 중간맛인데 살짝 순한맛느낌~아마 기본치즈토핑 때문인듯~\n야채튀김,김말이,고구마튀김을 떡볶이국물에 담갔다가 먹으면 맛나요~\n\n디게디게 중독성있는맛은 아니지만,\n이정도맛이면 어지간한 떡볶이집보다는 맛있습니다.\n또 캡사이신 안쓰신다하셔서\n선택했었는데,\n캡사이신 안쓰신것같어요\n요즘 옛날떡볶이가 땡겨서\n제입맛에는 좋네욤~\n\n\n다음번엔 옷잘떡의 기본치즈를 빼고 부탁드려볼까합니당~\n\n감사^^","polarity":{"com":0.005774337477928901,"pos":0.5069297260348783,"neg":0.3225415102411979,"neut":0.06311803882535431,"none":0.1016363874206405},"intensity":{"high":0.08513754010589657,"low":0.13502784303317927,"meium":0.6772090878020719,"none":0.10262552905885225},"expressive":{"dir-action":0.0014667457954212102,"dir-explicit":0.2042767064044482,"dir-speech":0.4919950379206364,"indirect":0.19481516574557237,"writing-device":0.10744634413392162}},{"id":"옷잘입는떡볶이-도봉점","permalink":"","username":"asdfg","text":"배달도 빠르고 가격대비양이랑 맛 괜찮았어요 다음에 떡볶이땡기면 다시주문할게요","date":"Mon Dec 10 23:59:44 +0000 2018","retweets":"30","favorites":"20","mentions":[],"hashtags":[],"geo":"","raw":"배달도 빠르고 가격대비양이랑 맛 괜찮았어요 다음에 떡볶이땡기면 다시주문할게요","polarity":{"com":0.0027649769999999996,"pos":0.7267939432857142,"neg":0.23405749399999995,"neut":0.011981566857142856,"none":0.024402018857142854},"intensity":{"high":0.040377441285714286,"low":0.0642089092857143,"meium":0.8707044108571429,"none":0.024709238571428573},"expressive":{"dir-action":0.000921659,"dir-explicit":0.065262234,"dir-speech":0.5727013385714285,"indirect":0.33671274957142855,"writing-device":0.024402018857142858}},{"id":"옷잘입는떡볶이-도봉점","permalink":"","username":"asdfg","text":"맛있었어요ㅎㅎ굿굿 자주 시킬게요♡♡♡","date":"Mon Dec 10 23:59:44 +0000 2018","retweets":"30","favorites":"20","mentions":[],"hashtags":[],"geo":"","raw":"맛있었어요ㅎㅎ굿굿 자주 시킬게요♡♡♡","polarity":{"com":0,"pos":0.6666666666666666,"neg":0.3333333333333333,"neut":0,"none":0},"intensity":{"high":0,"low":0.3333333333333333,"meium":0.6666666666666666,"none":0},"expressive":{"dir-action":0,"dir-explicit":0,"dir-speech":0.6666666666666666,"indirect":0.3333333333333333,"writing-device":0}},{"id":"옷잘입는떡볶이-도봉점","permalink":"","username":"asdfg","text":"리뷰만 보고 먹었는데 막~빠져들지는 않았어요\n잘먹었습니다","date":"Mon Dec 10 23:59:44 +0000 2018","retweets":"30","favorites":"20","mentions":[],"hashtags":[],"geo":"","raw":"리뷰만 보고 먹었는데 막~빠져들지는 않았어요\n잘먹었습니다","polarity":{"com":0,"pos":0.34126984117063497,"neg":0.5972222225486111,"neut":0.04166666652083334,"none":0.01984126975992064},"intensity":{"high":0.16071428575000002,"low":0.16865079349999998,"meium":0.650793651,"none":0.01984126975},"expressive":{"dir-action":0,"dir-explicit":0.39880952375000006,"dir-speech":0.396825397,"indirect":0.1805555555,"writing-device":0.02380952375}},{"id":"옷잘입는떡볶이-도봉점","permalink":"","username":"asdfg","text":"주문도 빨리오시고 친절해서 아주좋았습니다^보니까 양도 많고 서비스 짱!!^^","date":"Mon Dec 10 23:59:44 +0000 2018","retweets":"30","favorites":"20","mentions":[],"hashtags":[],"geo":"","raw":"주문도 빨리오시고 친절해서 아주좋았습니다^보니까 양도 많고 서비스 짱!!^^","polarity":{"com":0.008717357998754663,"pos":0.6534428637637939,"neg":0.29779603281460054,"neut":0.03009750885284321,"none":0.00994623657000768},"intensity":{"high":0.11676016830239432,"low":0.20240766702891538,"meium":0.6705787083815112,"none":0.010253456287179065},"expressive":{"dir-action":0.0009216590002633312,"dir-explicit":0.3812929941089408,"dir-speech":0.17433547047838155,"indirect":0.4275512589793004,"writing-device":0.015898617433113892}},{"id":"옷잘입는떡볶이-도봉점","permalink":"","username":"asdfg","text":"후기찾아서보니 너무후기가좋아 바로시켜먹었어요!\n평그대로 너무맛있어요ㅠㅜ세트시켰는데 제가 콜라를안먹어 안주셔도 된다하니 전화하셔서 치즈스틱으로 서비스를 더주신다고해서보니..왕창..!!!서비스나 맛 너무좋아요!! 주먹밥양도 엄청많아요!!","date":"Mon Dec 10 23:59:44 +0000 2018","retweets":"30","favorites":"20","mentions":[],"hashtags":[],"geo":"","raw":"후기찾아서보니 너무후기가좋아 바로시켜먹었어요!\n평그대로 너무맛있어요ㅠㅜ세트시켰는데 제가 콜라를안먹어 안주셔도 된다하니 전화하셔서 치즈스틱으로 서비스를 더주신다고해서보니..왕창..!!!서비스나 맛 너무좋아요!! 주먹밥양도 엄청많아요!!","polarity":{"com":0.014149920578202633,"pos":0.5690499325489974,"neg":0.3300354242457876,"neut":0.027909110103794255,"none":0.058855612523218116},"intensity":{"high":0.108131483830723,"low":0.2024741128734238,"meium":0.630068865933677,"none":0.05932553736217626},"expressive":{"dir-action":0.0035944426313897653,"dir-explicit":0.2569192003022674,"dir-speech":0.34583708098179805,"indirect":0.3299138537194782,"writing-device":0.06373542236506655}},{"id":"옷잘입는떡볶이-도봉점","permalink":"","username":"asdfg","text":"떡볶이소스가 예술이네요\n너무맛있어서 남은건 냉장고에 냅두고 먹을려고 하는데 괜찮겠죠??\n진짜 맛나요 여기 강추합니다","date":"Mon Dec 10 23:59:44 +0000 2018","retweets":"30","favorites":"20","mentions":[],"hashtags":[],"geo":"","raw":"떡볶이소스가 예술이네요\n너무맛있어서 남은건 냉장고에 냅두고 먹을려고 하는데 괜찮겠죠??\n진짜 맛나요 여기 강추합니다","polarity":{"com":0.023826577222222225,"pos":0.47524005066666664,"neg":0.4123706921111111,"neut":0.03607743288888889,"none":0.052485247111111105},"intensity":{"high":0.10397220933333334,"low":0.06380723999999999,"meium":0.777227152111111,"none":0.05499339855555556},"expressive":{"dir-action":0.001993985111332665,"dir-explicit":0.2599585844733288,"dir-speech":0.41769393604641053,"indirect":0.2618581804735398,"writing-device":0.05849531389538839}},{"id":"옷잘입는떡볶이-도봉점","permalink":"","username":"asdfg","text":"처음시키는곳인데 존맛탱!\n떡이 너무쫄깃하고 소스에 마약탄줄알았어요 ㅋㅋ \n너무맛있게 잘먹었습니드번창하세요","date":"Mon Dec 10 23:59:44 +0000 2018","retweets":"30","favorites":"20","mentions":[],"hashtags":[],"geo":"","raw":"처음시키는곳인데 존맛탱!\n떡이 너무쫄깃하고 소스에 마약탄줄알았어요 ㅋㅋ \n너무맛있게 잘먹었습니드번창하세요","polarity":{"com":0.053218079912231826,"pos":0.4214427561315465,"neg":0.4795193810433734,"neut":0.029583269914201394,"none":0.01623651299864696},"intensity":{"high":0.14219000108333335,"low":0.14168442633333336,"meium":0.6994595978333333,"none":0.016665974750000003},"expressive":{"dir-action":0.0007878846666010096,"dir-explicit":0.23076232906410316,"dir-speech":0.3356309074720307,"indirect":0.3329987822222501,"writing-device":0.09982009657501499}}]