[{"id":"워너비박스-서여의도점","permalink":"","username":"asdfg","text":"진짜 집밥 먹은느낌이엇어요!! 생각보다 뭔가 오리고기가 적게와서 아껴먹엇...ㅎㅎ 그래두 반찬도 맛있게 잘먹엇어요 자주 시켜먹을게요 감사합니다♡♡ㅎㅎ","date":"Mon Dec 10 23:59:44 +0000 2018","retweets":"30","favorites":"20","mentions":[],"hashtags":[],"geo":"","raw":"진짜 집밥 먹은느낌이엇어요!! 생각보다 뭔가 오리고기가 적게와서 아껴먹엇...ㅎㅎ 그래두 반찬도 맛있게 잘먹엇어요 자주 시켜먹을게요 감사합니다♡♡ㅎㅎ","polarity":{"com":0,"pos":0.5744560993846154,"neg":0.3436674436923077,"neut":0.07167832169230769,"none":0.01019813523076923},"intensity":{"high":0.12451437446153847,"low":0.1879176379230769,"meium":0.6773698523846154,"none":0.01019813523076923},"expressive":{"dir-action":0,"dir-explicit":0.11260683753846154,"dir-speech":0.6255439005384615,"indirect":0.2516511266923077,"writing-device":0.01019813523076923}},{"id":"워너비박스-서여의도점","permalink":"","username":"asdfg","text":"두부김치 제육과 현미밥 그리고 반찬 굳굳\n딱 깔끔하니 먹기 좋았어요. 특히 용기를 엄청 신경써주신거 같아 감사하더라구용.\n하지만.. ㅜ 단짠치킨은 지못미 ㅜ 소스가 거의 없어 그냥 순살치킨만 소스없이 먹는 느낌에 치킨과 포테이토도 많이 말라있어요 ㅠㅠ 사이드 메뉴도 신경 써주세용 ㅠ","date":"Mon Dec 10 23:59:44 +0000 2018","retweets":"30","favorites":"20","mentions":[],"hashtags":[],"geo":"","raw":"두부김치 제육과 현미밥 그리고 반찬 굳굳\n딱 깔끔하니 먹기 좋았어요. 특히 용기를 엄청 신경써주신거 같아 감사하더라구용.\n하지만.. ㅜ 단짠치킨은 지못미 ㅜ 소스가 거의 없어 그냥 순살치킨만 소스없이 먹는 느낌에 치킨과 포테이토도 많이 말라있어요 ㅠㅠ 사이드 메뉴도 신경 써주세용 ㅠ","polarity":{"com":0.00513761304615513,"pos":0.4371704123323415,"neg":0.3987540375543756,"neut":0.07224851346439753,"none":0.0866894236027304},"intensity":{"high":0.13586966827272728,"low":0.1562207288636364,"meium":0.6202365286818181,"none":0.08767307418181819},"expressive":{"dir-action":0.004847770362975305,"dir-explicit":0.17833317238477275,"dir-speech":0.46887621048151695,"indirect":0.2178118431521166,"writing-device":0.13013100361861854}},{"id":"워너비박스-서여의도점","permalink":"","username":"asdfg","text":"양은 적당하고 두부김치에 고기가 있어서 놀랐어용!ㅋㅋㅋ","date":"Mon Dec 10 23:59:44 +0000 2018","retweets":"30","favorites":"20","mentions":[],"hashtags":[],"geo":"","raw":"양은 적당하고 두부김치에 고기가 있어서 놀랐어용!ㅋㅋㅋ","polarity":{"com":0.00223214275,"pos":0.3348214285,"neg":0.0401785715,"neut":0.5089285715,"none":0.11383928575},"intensity":{"high":0.01116071425,"low":0.01339285725,"meium":0.86160714275,"none":0.11383928575},"expressive":{"dir-action":0,"dir-explicit":0.04910714275,"dir-speech":0.30133928575,"indirect":0.53571428575,"writing-device":0.11383928575}},{"id":"워너비박스-서여의도점","permalink":"","username":"asdfg","text":"평에 비해서는 그닥.기대가너무컸나봐요.맛이없진않은데 제가 배가불렀나봐요.그래도 용기랑은 너무 감사했습니다","date":"Mon Dec 10 23:59:44 +0000 2018","retweets":"30","favorites":"20","mentions":[],"hashtags":[],"geo":"","raw":"평에 비해서는 그닥.기대가너무컸나봐요.맛이없진않은데 제가 배가불렀나봐요.그래도 용기랑은 너무 감사했습니다","polarity":{"com":0.037074539545454546,"pos":0.43702855581818195,"neg":0.4444877842727273,"neut":0.044505228454545465,"none":0.03690389190909091},"intensity":{"high":0.10642050917214359,"low":0.13410192471508164,"meium":0.7214955582071367,"none":0.037982007905638},"expressive":{"dir-action":0.0005865102728339109,"dir-explicit":0.3289224625143495,"dir-speech":0.48451313290627507,"indirect":0.13596440438835714,"writing-device":0.05001348991818426}},{"id":"워너비박스-서여의도점","permalink":"","username":"asdfg","text":"늘 깨끗하고 맛있어요~^^","date":"Mon Dec 10 23:59:44 +0000 2018","retweets":"30","favorites":"20","mentions":[],"hashtags":[],"geo":"","raw":"늘 깨끗하고 맛있어요~^^","polarity":{"com":0,"pos":0,"neg":1,"neut":0,"none":0},"intensity":{"high":0,"low":0,"meium":1,"none":0},"expressive":{"dir-action":0,"dir-explicit":0,"dir-speech":1,"indirect":0,"writing-device":0}},{"id":"워너비박스-서여의도점","permalink":"","username":"asdfg","text":"두부김치 정말정말 맛있어요! :) 현미밥 끝내줍니다","date":"Mon Dec 10 23:59:44 +0000 2018","retweets":"30","favorites":"20","mentions":[],"hashtags":[],"geo":"","raw":"두부김치 정말정말 맛있어요! :) 현미밥 끝내줍니다","polarity":{"com":0,"pos":0.375,"neg":0.5,"neut":0,"none":0.125},"intensity":{"high":0.25,"low":0,"meium":0.625,"none":0.125},"expressive":{"dir-action":0,"dir-explicit":0.25,"dir-speech":0.625,"indirect":0,"writing-device":0.125}},{"id":"워너비박스-서여의도점","permalink":"","username":"asdfg","text":"메모 봤는지 반찬은 조금 더준듯한데 밥맛이 오래된듯해요","date":"Mon Dec 10 23:59:44 +0000 2018","retweets":"30","favorites":"20","mentions":[],"hashtags":[],"geo":"","raw":"메모 봤는지 반찬은 조금 더준듯한데 밥맛이 오래된듯해요","polarity":{"com":0.01812591774546852,"pos":0.46209618213447595,"neg":0.2142988251964253,"neut":0.2928597649267851,"none":0.012619309996845173},"intensity":{"high":0.06809838476702458,"low":0.05387298076346824,"meium":0.864308002966077,"none":0.013720631503430157},"expressive":{"dir-action":0.0011013215005506605,"dir-explicit":0.43685756246842883,"dir-speech":0.20489170335244583,"indirect":0.33301211466650604,"writing-device":0.024137298012068646}},{"id":"워너비박스-서여의도점","permalink":"","username":"asdfg","text":"점심시간이라 배달이 좀 걸였지만 요기요에서 나온 배달시간보단 쪼끔 빨랐어요~^^ 양도 많이 달라해서 그런가 넉넉하게 잘 먹었습니다~^^ 그런데 제육이 조금 탄게 몇개있어서 그것만 빼면 맛있었어요~^^","date":"Mon Dec 10 23:59:44 +0000 2018","retweets":"30","favorites":"20","mentions":[],"hashtags":[],"geo":"","raw":"점심시간이라 배달이 좀 걸였지만 요기요에서 나온 배달시간보단 쪼끔 빨랐어요~^^ 양도 많이 달라해서 그런가 넉넉하게 잘 먹었습니다~^^ 그런데 제육이 조금 탄게 몇개있어서 그것만 빼면 맛있었어요~^^","polarity":{"com":0.017997169178587905,"pos":0.5415810147107744,"neg":0.3153997723900471,"neut":0.05168525830019828,"none":0.07333678542039257},"intensity":{"high":0.07437959465143411,"low":0.11388842288905228,"meium":0.7372832828080755,"none":0.07444869965143816},"expressive":{"dir-action":0.005313594883603198,"dir-explicit":0.1619451819792812,"dir-speech":0.4852347101729963,"indirect":0.27055214576954173,"writing-device":0.0769543671945775}},{"id":"워너비박스-서여의도점","permalink":"","username":"asdfg","text":"믿고 먹는 집이예용! 음료 서비스도 넘넘 감사합니다~!!!!","date":"Mon Dec 10 23:59:44 +0000 2018","retweets":"30","favorites":"20","mentions":[],"hashtags":[],"geo":"","raw":"믿고 먹는 집이예용! 음료 서비스도 넘넘 감사합니다~!!!!","polarity":{"com":0,"pos":0.7333333332,"neg":0.2666666668,"neut":0,"none":0},"intensity":{"high":0.25555555554888887,"low":0.27777777774444445,"meium":0.4666666667066666,"none":0},"expressive":{"dir-action":0,"dir-explicit":0.11111111102222222,"dir-speech":0.6222222223244445,"indirect":0.2666666666533334,"writing-device":0}},{"id":"워너비박스-서여의도점","permalink":"","username":"asdfg","text":"맛있어요 맛있어요 건강해요","date":"Mon Dec 10 23:59:44 +0000 2018","retweets":"30","favorites":"20","mentions":[],"hashtags":[],"geo":"","raw":"맛있어요 맛있어요 건강해요","polarity":{"com":0,"pos":0.3333333333333333,"neg":0.6666666666666666,"neut":0,"none":0},"intensity":{"high":0,"low":0,"meium":1,"none":0},"expressive":{"dir-action":0,"dir-explicit":0,"dir-speech":0.6666666666666666,"indirect":0.3333333333333333,"writing-device":0}},{"id":"워너비박스-서여의도점","permalink":"","username":"asdfg","text":"맛은 있고 음식도 괜찮아요 다만 음식양이 용기값으로 다들어간듯합니다 무슨 메인음식이 다섯젓가락만에 없음 정확히 훈제 슬라이드조각으로 6개 반이요","date":"Mon Dec 10 23:59:44 +0000 2018","retweets":"30","favorites":"20","mentions":[],"hashtags":[],"geo":"","raw":"맛은 있고 음식도 괜찮아요 다만 음식양이 용기값으로 다들어간듯합니다 무슨 메인음식이 다섯젓가락만에 없음 정확히 훈제 슬라이드조각으로 6개 반이요","polarity":{"com":0.0077538054453059795,"pos":0.45163147760573685,"neg":0.30454727336717197,"neut":0.03121011622569002,"none":0.20485732735609533},"intensity":{"high":0.08988402678776489,"low":0.07033301445225923,"meium":0.6344361551816039,"none":0.20534680357837187},"expressive":{"dir-action":0.000489476222167836,"dir-explicit":0.20820900964353234,"dir-speech":0.3345921715183787,"indirect":0.2528265435274637,"writing-device":0.2038827990884575}},{"id":"워너비박스-서여의도점","permalink":"","username":"asdfg","text":"두번째 먹는데 맛도 좋고 배달도 빠르고ㅎ\n양만 좀 더 주세요~~~!\n번창하세요^^","date":"Mon Dec 10 23:59:44 +0000 2018","retweets":"30","favorites":"20","mentions":[],"hashtags":[],"geo":"","raw":"두번째 먹는데 맛도 좋고 배달도 빠르고ㅎ\n양만 좀 더 주세요~~~!\n번창하세요^^","polarity":{"com":0.0027649769999999996,"pos":0.8242089092857143,"neg":0.15133640557142855,"neut":0.011981566857142856,"none":0.009708141285714284},"intensity":{"high":0.06441372242857142,"low":0.1016692267142857,"meium":0.8239016898571428,"none":0.010015360999999999},"expressive":{"dir-action":0.000921659,"dir-explicit":0.25755248342857145,"dir-speech":0.5151049667142857,"indirect":0.21671274957142855,"writing-device":0.009708141285714286}},{"id":"워너비박스-서여의도점","permalink":"","username":"asdfg","text":"점심에먹고 저녁에 또먹어써오.. 사랑해오...","date":"Mon Dec 10 23:59:44 +0000 2018","retweets":"30","favorites":"20","mentions":[],"hashtags":[],"geo":"","raw":"점심에먹고 저녁에 또먹어써오.. 사랑해오...","polarity":{"com":0.011904761994047618,"pos":0.4686147182656927,"neg":0.37770562781114725,"neut":0.03463203473268398,"none":0.10714285719642856},"intensity":{"high":0.11002885999999999,"low":0.07828282824999999,"meium":0.7045454545,"none":0.10714285725},"expressive":{"dir-action":0.02272727275,"dir-explicit":0.17352092349999998,"dir-speech":0.47366522375000003,"indirect":0.18722943725,"writing-device":0.14285714275}},{"id":"워너비박스-서여의도점","permalink":"","username":"asdfg","text":"요기요로 안시킬게여 이제ㅠ","date":"Mon Dec 10 23:59:44 +0000 2018","retweets":"30","favorites":"20","mentions":[],"hashtags":[],"geo":"","raw":"요기요로 안시킬게여 이제ㅠ","polarity":{"com":0.11111111099999998,"pos":0.4615384616666666,"neg":0.26495726499999994,"neut":0.1623931623333333,"none":0},"intensity":{"high":0.025641025666666668,"low":0.29914529933333334,"meium":0.6752136750000001,"none":0},"expressive":{"dir-action":0,"dir-explicit":0.21367521373789175,"dir-speech":0.5641025641880342,"indirect":0.22222222207407408,"writing-device":0}},{"id":"워너비박스-서여의도점","permalink":"","username":"asdfg","text":"최고에요 진짜 존재해주는게 감사한 따뜻한 식당 ❤️\n서비스도 잘 받았습니다 ❤️❤️❤️","date":"Mon Dec 10 23:59:44 +0000 2018","retweets":"30","favorites":"20","mentions":[],"hashtags":[],"geo":"","raw":"최고에요 진짜 존재해주는게 감사한 따뜻한 식당 ❤️\n서비스도 잘 받았습니다 ❤️❤️❤️","polarity":{"com":0.002764977,"pos":0.7862741457142858,"neg":0.16280335128571433,"neut":0.04416367042857144,"none":0.003993855571428572},"intensity":{"high":0.14206940014285716,"low":0.22302628242857142,"meium":0.6306032421428572,"none":0.004301075285714285},"expressive":{"dir-action":0.000921659,"dir-explicit":0.11942235957142856,"dir-speech":0.3042554987142857,"indirect":0.5714066271428572,"writing-device":0.003993855571428571}},{"id":"워너비박스-서여의도점","permalink":"","username":"asdfg","text":"언제 먹어도 정말 만족스럽네요 ㅎㅎ","date":"Mon Dec 10 23:59:44 +0000 2018","retweets":"30","favorites":"20","mentions":[],"hashtags":[],"geo":"","raw":"언제 먹어도 정말 만족스럽네요 ㅎㅎ","polarity":{"com":0.019607843,"pos":0.4264705883333333,"neg":0.4705882353333333,"neut":0,"none":0.08333333333333333},"intensity":{"high":0.5588235293333333,"low":0,"meium":0.35784313733333334,"none":0.08333333333333333},"expressive":{"dir-action":0,"dir-explicit":0.28431372542810457,"dir-speech":0.4362745098120915,"indirect":0.19607843139869277,"writing-device":0.0833333333611111}},{"id":"워너비박스-서여의도점","permalink":"","username":"asdfg","text":"가격이 너무 사악해요 맛은 보통 양은 나빴어","date":"Mon Dec 10 23:59:44 +0000 2018","retweets":"30","favorites":"20","mentions":[],"hashtags":[],"geo":"","raw":"가격이 너무 사악해요 맛은 보통 양은 나빴어","polarity":{"com":0.03583222699999999,"pos":0.6029836755999999,"neg":0.3252591839999999,"neut":0.023553854599999997,"none":0.012371058799999998},"intensity":{"high":0.07686740081537348,"low":0.07891587901578316,"meium":0.8314155537662831,"none":0.012801166402560233},"expressive":{"dir-action":0.0012903226,"dir-explicit":0.2313187014,"dir-speech":0.42793199519999997,"indirect":0.32708792200000003,"writing-device":0.0123710588}},{"id":"워너비박스-서여의도점","permalink":"","username":"asdfg","text":"배송 빠르고 먹을만하네요^^\n반찬도 좋구용","date":"Mon Dec 10 23:59:44 +0000 2018","retweets":"30","favorites":"20","mentions":[],"hashtags":[],"geo":"","raw":"배송 빠르고 먹을만하네요^^\n반찬도 좋구용","polarity":{"com":0,"pos":0.81333333325,"neg":0.17666666675,"neut":0,"none":0.01},"intensity":{"high":0.07777777775000001,"low":0.14888888875000003,"meium":0.7633333335,"none":0.010000000000000002},"expressive":{"dir-action":0,"dir-explicit":0.2055555555,"dir-speech":0.24444444450000002,"indirect":0.54,"writing-device":0.01}},{"id":"워너비박스-서여의도점","permalink":"","username":"asdfg","text":"워너비박스는 감동입니다 ❤️\n제가 우리 회사에 소개해서 회사 사람들 다 반했어요~~~ ❤️","date":"Mon Dec 10 23:59:44 +0000 2018","retweets":"30","favorites":"20","mentions":[],"hashtags":[],"geo":"","raw":"워너비박스는 감동입니다 ❤️\n제가 우리 회사에 소개해서 회사 사람들 다 반했어요~~~ ❤️","polarity":{"com":0.0753443942150689,"pos":0.5283085541056617,"neg":0.29868131885973637,"neut":0.03734827260746966,"none":0.0603174602120635},"intensity":{"high":0.0472240178094448,"low":0.11934353222386872,"meium":0.773114989754623,"none":0.06031746021206349},"expressive":{"dir-action":0,"dir-explicit":0.130790778,"dir-speech":0.5723177475999999,"indirect":0.2294778424,"writing-device":0.06741363199999999}},{"id":"워너비박스-서여의도점","permalink":"","username":"asdfg","text":"진짜 핵맛있어요... 그릇도 최고에요ㅠㅠ","date":"Mon Dec 10 23:59:44 +0000 2018","retweets":"30","favorites":"20","mentions":[],"hashtags":[],"geo":"","raw":"진짜 핵맛있어요... 그릇도 최고에요ㅠㅠ","polarity":{"com":0.0035714285,"pos":0.107142857,"neg":0.6642857145000001,"neut":0.007142857,"none":0.217857143},"intensity":{"high":0.0714285715,"low":0.057142857,"meium":0.6535714285,"none":0.217857143},"expressive":{"dir-action":0,"dir-explicit":0.09285714295357143,"dir-speech":0.649999999675,"indirect":0.042857142978571426,"writing-device":0.21428571439285712}},{"id":"워너비박스-서여의도점","permalink":"","username":"asdfg","text":"아주아주아주 좋습니다 다만 반찬 너무적어요","date":"Mon Dec 10 23:59:44 +0000 2018","retweets":"30","favorites":"20","mentions":[],"hashtags":[],"geo":"","raw":"아주아주아주 좋습니다 다만 반찬 너무적어요","polarity":{"com":0.03571428575892857,"pos":0.45558608061389655,"neg":0.3869047618467262,"neut":0.01282051275320513,"none":0.1089743590272436},"intensity":{"high":0.1863553115,"low":0.048534798500000004,"meium":0.6561355310000001,"none":0.10897435900000002},"expressive":{"dir-action":0,"dir-explicit":0.2005494505,"dir-speech":0.2605311355,"indirect":0.4363553115,"writing-device":0.1025641025}},{"id":"워너비박스-서여의도점","permalink":"","username":"asdfg","text":"늘 깨끗하고 맛있어용!!! 음료 서비스도 주시고 ~~ 감사합니다!!!!","date":"Mon Dec 10 23:59:44 +0000 2018","retweets":"30","favorites":"20","mentions":[],"hashtags":[],"geo":"","raw":"늘 깨끗하고 맛있어용!!! 음료 서비스도 주시고 ~~ 감사합니다!!!!","polarity":{"com":0,"pos":0.75,"neg":0.25,"neut":0,"none":0},"intensity":{"high":0.25,"low":0.25,"meium":0.5,"none":0},"expressive":{"dir-action":0,"dir-explicit":0,"dir-speech":0.75,"indirect":0.25,"writing-device":0}},{"id":"워너비박스-서여의도점","permalink":"","username":"asdfg","text":"항상 친절하시고 항상 음식이 깨끗하게 맛있어용!! 감사합니다^^ 더운데 직접배달해주셔서 더더 감사합니다!!","date":"Mon Dec 10 23:59:44 +0000 2018","retweets":"30","favorites":"20","mentions":[],"hashtags":[],"geo":"","raw":"항상 친절하시고 항상 음식이 깨끗하게 맛있어용!! 감사합니다^^ 더운데 직접배달해주셔서 더더 감사합니다!!","polarity":{"com":0.008506427818181818,"pos":0.6156582648181819,"neg":0.3296476660909091,"neut":0.034167019818181814,"none":0.012020621454545456},"intensity":{"high":0.24302944738572987,"low":0.048677932731697994,"meium":0.6952075106995642,"none":0.013085109183007733},"expressive":{"dir-action":0.0018465013638042276,"dir-explicit":0.348420644395311,"dir-speech":0.4859017007714456,"indirect":0.1511370511955579,"writing-device":0.012694102273881283}},{"id":"워너비박스-서여의도점","permalink":"","username":"asdfg","text":"좋아요 좋아요!! ㅋㅋㅋ","date":"Mon Dec 10 23:59:44 +0000 2018","retweets":"30","favorites":"20","mentions":[],"hashtags":[],"geo":"","raw":"좋아요 좋아요!! ㅋㅋㅋ","polarity":{"com":0,"pos":0.92,"neg":0.04,"neut":0,"none":0.04},"intensity":{"high":0.2,"low":0.04,"meium":0.72,"none":0.04},"expressive":{"dir-action":0,"dir-explicit":0.6,"dir-speech":0.2,"indirect":0.16,"writing-device":0.04}},{"id":"워너비박스-서여의도점","permalink":"","username":"asdfg","text":"넘 매운ㄷㅔ 맛잇어요","date":"Mon Dec 10 23:59:44 +0000 2018","retweets":"30","favorites":"20","mentions":[],"hashtags":[],"geo":"","raw":"넘 매운ㄷㅔ 맛잇어요","polarity":{"com":0,"pos":1,"neg":0,"neut":0,"none":0},"intensity":{"high":0,"low":0,"meium":1,"none":0},"expressive":{"dir-action":0,"dir-explicit":0,"dir-speech":1,"indirect":0,"writing-device":0}},{"id":"워너비박스-서여의도점","permalink":"","username":"asdfg","text":"항상 잘 먹고있어요 감사합니다","date":"Mon Dec 10 23:59:44 +0000 2018","retweets":"30","favorites":"20","mentions":[],"hashtags":[],"geo":"","raw":"항상 잘 먹고있어요 감사합니다","polarity":{"com":0,"pos":0.7777777776666667,"neg":0.22222222233333333,"neut":0,"none":0},"intensity":{"high":0.37037037033333337,"low":0.074074074,"meium":0.5555555556666666,"none":0},"expressive":{"dir-action":0,"dir-explicit":0.24074074066666665,"dir-speech":0.7592592593333333,"indirect":0,"writing-device":0}},{"id":"워너비박스-서여의도점","permalink":"","username":"asdfg","text":"여자 둘이서 먹었는데 충분했어요!\n점심시간이라 한시간 걸렸지만 바쁜 시간이니까 ㅎㅎ\n음식도 깔끔하고 포장용기도 엄청 좋네용 \n다음에 또 이용할게요!","date":"Mon Dec 10 23:59:44 +0000 2018","retweets":"30","favorites":"20","mentions":[],"hashtags":[],"geo":"","raw":"여자 둘이서 먹었는데 충분했어요!\n점심시간이라 한시간 걸렸지만 바쁜 시간이니까 ㅎㅎ\n음식도 깔끔하고 포장용기도 엄청 좋네용 \n다음에 또 이용할게요!","polarity":{"com":0.008191443399453905,"pos":0.33951210704403256,"neg":0.5047987129663467,"neut":0.02626999606491533,"none":0.1212277405252515},"intensity":{"high":0.12992298920866152,"low":0.085420098939028,"meium":0.662025632644135,"none":0.12263127920817542},"expressive":{"dir-action":0.0016902769999999998,"dir-explicit":0.29707439026666665,"dir-speech":0.4150564514666667,"indirect":0.15227978619999996,"writing-device":0.13389909506666667}},{"id":"워너비박스-서여의도점","permalink":"","username":"asdfg","text":"일단 반찬은 전부 맛있었어요! 근데 쌀이 별로인건지 밥을 잘못지으신건지 밥이 너무 부서지는? 힘이없는? 그런 밥이더라구요! 미소된장국도 뭔가 편의점에서 파는거 같은 맛이였어요! 그래도 반찬 양도 많고 맛있어서 다음에 또 시켜먹으려구요!","date":"Mon Dec 10 23:59:44 +0000 2018","retweets":"30","favorites":"20","mentions":[],"hashtags":[],"geo":"","raw":"일단 반찬은 전부 맛있었어요! 근데 쌀이 별로인건지 밥을 잘못지으신건지 밥이 너무 부서지는? 힘이없는? 그런 밥이더라구요! 미소된장국도 뭔가 편의점에서 파는거 같은 맛이였어요! 그래도 반찬 양도 많고 맛있어서 다음에 또 시켜먹으려구요!","polarity":{"com":0.012049759076459624,"pos":0.2696202187588608,"neg":0.523853765210621,"neut":0.018893982153119465,"none":0.17558227480093916},"intensity":{"high":0.05699769727142299,"low":0.12838222215878392,"meium":0.5995526509845981,"none":0.21506742958519484},"expressive":{"dir-action":0.0001694340769230769,"dir-explicit":0.24071763076923075,"dir-speech":0.42196988165384614,"indirect":0.1130883863846154,"writing-device":0.22405466711538463}},{"id":"워너비박스-서여의도점","permalink":"","username":"asdfg","text":"두부김치제육이 젤 맛난거같아요\n자주 시킬게용 감사합니다","date":"Mon Dec 10 23:59:44 +0000 2018","retweets":"30","favorites":"20","mentions":[],"hashtags":[],"geo":"","raw":"두부김치제육이 젤 맛난거같아요\n자주 시킬게용 감사합니다","polarity":{"com":0.007709250998072688,"pos":0.4540833616364791,"neg":0.47551677388112085,"neut":0.060487970234878015,"none":0.0022026432494493364},"intensity":{"high":0.29566248732391565,"low":0.09073195527268299,"meium":0.6103015926525753,"none":0.0033039647508259903},"expressive":{"dir-action":0.0011013215002753302,"dir-explicit":0.18044730604511183,"dir-speech":0.5133852931283464,"indirect":0.05176211451294053,"writing-device":0.253303964813326}},{"id":"워너비박스-서여의도점","permalink":"","username":"asdfg","text":"언제나 친절하시고 빠른배닿 감사드려요 음식도 너무너뮤 맛있어요!!!!!","date":"Mon Dec 10 23:59:44 +0000 2018","retweets":"30","favorites":"20","mentions":[],"hashtags":[],"geo":"","raw":"언제나 친절하시고 빠른배닿 감사드려요 음식도 너무너뮤 맛있어요!!!!!","polarity":{"com":0.0052995392,"pos":0.5460829492,"neg":0.3362519202,"neut":0.0196313364,"none":0.092734255},"intensity":{"high":0.2565284178,"low":0.11274961580000001,"meium":0.5375576038000001,"none":0.09316436260000001},"expressive":{"dir-action":0.0012903225997419356,"dir-explicit":0.0999385561800123,"dir-speech":0.5189247310962151,"indirect":0.28854070654229186,"writing-device":0.09130568358173886}},{"id":"워너비박스-서여의도점","permalink":"","username":"asdfg","text":"배달 1시간 20분 걸렷어요 ㅠㅠ","date":"Mon Dec 10 23:59:44 +0000 2018","retweets":"30","favorites":"20","mentions":[],"hashtags":[],"geo":"","raw":"배달 1시간 20분 걸렷어요 ㅠㅠ","polarity":{"com":0,"pos":0.625,"neg":0.375,"neut":0,"none":0},"intensity":{"high":0.125,"low":0,"meium":0.875,"none":0},"expressive":{"dir-action":0,"dir-explicit":0.125,"dir-speech":0.75,"indirect":0.125,"writing-device":0}},{"id":"워너비박스-서여의도점","permalink":"","username":"asdfg","text":"회사에서 자주 시켜요 배달 빠르고 친절하고 깔끔해서 조아용","date":"Mon Dec 10 23:59:44 +0000 2018","retweets":"30","favorites":"20","mentions":[],"hashtags":[],"geo":"","raw":"회사에서 자주 시켜요 배달 빠르고 친절하고 깔끔해서 조아용","polarity":{"com":0.0072298104999999994,"pos":0.7357426551666667,"neg":0.22888003199999996,"neut":0.019484000166666664,"none":0.008663502166666667},"intensity":{"high":0.1137450814810425,"low":0.46987678908835384,"meium":0.40685570376552405,"none":0.009522425665079595},"expressive":{"dir-action":0.0015757693333333337,"dir-explicit":0.15200084883333334,"dir-speech":0.2545951481666667,"indirect":0.5826642310000001,"writing-device":0.009164002666666667}},{"id":"워너비박스-서여의도점","permalink":"","username":"asdfg","text":"- 돈까스 자체는 괜찮았지만 소스가 이미 부어진 상태로 와서 부분적으로 굉장히 눅눅했음. 찍먹을 선호하는 사람들에게는 매우 불호가 되는 부분. 그리고 돈까스 아래에 깔린 야채와 방울토마토도 돈까스 소스범벅이라 먹고 싶지 않았음. 돈까스 소스도 내 취향에는 좀 맞지않는 맛이었음. 이 부분이 개선되지 않으면 이 메뉴는 다시 시키지 않을 것 같음.\n\n- 돈까스 외의 반찬과 밥, 우동국은 맛있었고 여태 시켜본 도시락집 중 가장 훌륭함. 일부 도시락가게처럼 한 달 정기결제 같은게 있으면 결제하고 매일 먹어도 좋을 것 같음.","date":"Mon Dec 10 23:59:44 +0000 2018","retweets":"30","favorites":"20","mentions":[],"hashtags":[],"geo":"","raw":"- 돈까스 자체는 괜찮았지만 소스가 이미 부어진 상태로 와서 부분적으로 굉장히 눅눅했음. 찍먹을 선호하는 사람들에게는 매우 불호가 되는 부분. 그리고 돈까스 아래에 깔린 야채와 방울토마토도 돈까스 소스범벅이라 먹고 싶지 않았음. 돈까스 소스도 내 취향에는 좀 맞지않는 맛이었음. 이 부분이 개선되지 않으면 이 메뉴는 다시 시키지 않을 것 같음.\n\n- 돈까스 외의 반찬과 밥, 우동국은 맛있었고 여태 시켜본 도시락집 중 가장 훌륭함. 일부 도시락가게처럼 한 달 정기결제 같은게 있으면 결제하고 매일 먹어도 좋을 것 같음.","polarity":{"com":0.014467493883048022,"pos":0.45770299488568816,"neg":0.3877879411214982,"neut":0.07482805918256613,"none":0.06521351092719938},"intensity":{"high":0.0850356715136055,"low":0.10759669793273484,"meium":0.7291776611797484,"none":0.07818996937391141},"expressive":{"dir-action":0.00030007502323487845,"dir-explicit":0.2458601313316841,"dir-speech":0.4434162800620872,"indirect":0.24078307309948022,"writing-device":0.06964044048351346}},{"id":"워너비박스-서여의도점","permalink":"","username":"asdfg","text":"정말 맛있어요 또 시켜먹고싶네요","date":"Mon Dec 10 23:59:44 +0000 2018","retweets":"30","favorites":"20","mentions":[],"hashtags":[],"geo":"","raw":"정말 맛있어요 또 시켜먹고싶네요","polarity":{"com":0,"pos":0.40873015853042327,"neg":0.36507936521164025,"neut":0,"none":0.2261904762579365},"intensity":{"high":0.20370370366666668,"low":0.074074074,"meium":0.49603174600000005,"none":0.22619047633333333},"expressive":{"dir-action":0,"dir-explicit":0.2883597883333333,"dir-speech":0.437830688,"indirect":0,"writing-device":0.27380952366666667}},{"id":"워너비박스-서여의도점","permalink":"","username":"asdfg","text":"정말 맛있어요 또 시켜먹고싶네요","date":"Mon Dec 10 23:59:44 +0000 2018","retweets":"30","favorites":"20","mentions":[],"hashtags":[],"geo":"","raw":"정말 맛있어요 또 시켜먹고싶네요","polarity":{"com":0,"pos":0.40873015853042327,"neg":0.36507936521164025,"neut":0,"none":0.2261904762579365},"intensity":{"high":0.20370370366666668,"low":0.074074074,"meium":0.49603174600000005,"none":0.22619047633333333},"expressive":{"dir-action":0,"dir-explicit":0.2883597883333333,"dir-speech":0.437830688,"indirect":0,"writing-device":0.27380952366666667}},{"id":"워너비박스-서여의도점","permalink":"","username":"asdfg","text":"매번 주문할때마다 너무 맛있어요~~","date":"Mon Dec 10 23:59:44 +0000 2018","retweets":"30","favorites":"20","mentions":[],"hashtags":[],"geo":"","raw":"매번 주문할때마다 너무 맛있어요~~","polarity":{"com":0.047619047650793646,"pos":0.5021645021659452,"neg":0.35930735921356416,"neut":0.09090909096969696,"none":0},"intensity":{"high":0.07792207799999999,"low":0.13852813866666666,"meium":0.7835497833333332,"none":0},"expressive":{"dir-action":0,"dir-explicit":0.5844155843333333,"dir-speech":0.36796536799999996,"indirect":0.047619047666666664,"writing-device":0}},{"id":"워너비박스-서여의도점","permalink":"","username":"asdfg","text":"세번째 훈제삼겹 주문도 아주 흡족했습니다 ㅎㅎ 번창하세요~","date":"Mon Dec 10 23:59:44 +0000 2018","retweets":"30","favorites":"20","mentions":[],"hashtags":[],"geo":"","raw":"세번째 훈제삼겹 주문도 아주 흡족했습니다 ㅎㅎ 번창하세요~","polarity":{"com":0.006451612999999998,"pos":0.755376344,"neg":0.20089605733333332,"neut":0.02795698933333333,"none":0.009318996333333333},"intensity":{"high":0.12992831533333332,"low":0.038709677333333324,"meium":0.8213261649999999,"none":0.010035842333333331},"expressive":{"dir-action":0.0021505376666666664,"dir-explicit":0.4379928316666666,"dir-speech":0.18154121866666662,"indirect":0.36899641566666663,"writing-device":0.009318996333333333}},{"id":"워너비박스-서여의도점","permalink":"","username":"asdfg","text":"치즈불닭존맛!!!! 반찬은 조금 별루여떠용 ㅠ","date":"Mon Dec 10 23:59:44 +0000 2018","retweets":"30","favorites":"20","mentions":[],"hashtags":[],"geo":"","raw":"치즈불닭존맛!!!! 반찬은 조금 별루여떠용 ㅠ","polarity":{"com":0.2,"pos":0.65,"neg":0.1,"neut":0,"none":0.05},"intensity":{"high":0.1,"low":0,"meium":0.85,"none":0.05},"expressive":{"dir-action":0,"dir-explicit":0.3,"dir-speech":0.25,"indirect":0.4,"writing-device":0.05}},{"id":"워너비박스-서여의도점","permalink":"","username":"asdfg","text":"맛있습니다~~ 양도 많아요~~","date":"Mon Dec 10 23:59:44 +0000 2018","retweets":"30","favorites":"20","mentions":[],"hashtags":[],"geo":"","raw":"맛있습니다~~ 양도 많아요~~","polarity":{"com":0,"pos":0.195652174,"neg":0.7826086955,"neut":0.0217391305,"none":0},"intensity":{"high":0.1304347825652174,"low":0.10869565205434782,"meium":0.7608695653804347,"none":0},"expressive":{"dir-action":0,"dir-explicit":0.2608695651304348,"dir-speech":0.6086956523043479,"indirect":0.1304347825652174,"writing-device":0}},{"id":"워너비박스-서여의도점","permalink":"","username":"asdfg","text":"맛있어요!!자주 이용할게요~번창하세요~","date":"Mon Dec 10 23:59:44 +0000 2018","retweets":"30","favorites":"20","mentions":[],"hashtags":[],"geo":"","raw":"맛있어요!!자주 이용할게요~번창하세요~","polarity":{"com":0,"pos":0.5,"neg":0.5,"neut":0,"none":0},"intensity":{"high":0,"low":0.5,"meium":0.5,"none":0},"expressive":{"dir-action":0,"dir-explicit":0,"dir-speech":1,"indirect":0,"writing-device":0}},{"id":"워너비박스-서여의도점","permalink":"","username":"asdfg","text":"음식도 배달도 괜찮네요","date":"Mon Dec 10 23:59:44 +0000 2018","retweets":"30","favorites":"20","mentions":[],"hashtags":[],"geo":"","raw":"음식도 배달도 괜찮네요","polarity":{"com":0.007142857,"pos":0.214285714,"neg":0.328571429,"neut":0.014285714,"none":0.435714286},"intensity":{"high":0.142857143,"low":0.114285714,"meium":0.307142857,"none":0.435714286},"expressive":{"dir-action":0,"dir-explicit":0.1857142858142857,"dir-speech":0.29999999969999996,"indirect":0.0857142859142857,"writing-device":0.42857142857142855}},{"id":"워너비박스-서여의도점","permalink":"","username":"asdfg","text":"또시켜먹었어용 ㅋㅋㅋ 맛있어요!!","date":"Mon Dec 10 23:59:44 +0000 2018","retweets":"30","favorites":"20","mentions":[],"hashtags":[],"geo":"","raw":"또시켜먹었어용 ㅋㅋㅋ 맛있어요!!","polarity":{"com":0,"pos":0.1587301586137566,"neg":0.6984126984338624,"neut":0,"none":0.14285714295238094},"intensity":{"high":0.037037037,"low":0.074074074,"meium":0.746031746,"none":0.142857143},"expressive":{"dir-action":0,"dir-explicit":0.12169312166666667,"dir-speech":0.687830688,"indirect":0,"writing-device":0.19047619033333332}},{"id":"워너비박스-서여의도점","permalink":"","username":"asdfg","text":"배달도 직접 빠르게 해 주시구~ 완전 친절하세요 ㅎ 음식이 정말 깔끔하고 맛있었어요! 집 밥 느낌","date":"Mon Dec 10 23:59:44 +0000 2018","retweets":"30","favorites":"20","mentions":[],"hashtags":[],"geo":"","raw":"배달도 직접 빠르게 해 주시구~ 완전 친절하세요 ㅎ 음식이 정말 깔끔하고 맛있었어요! 집 밥 느낌","polarity":{"com":0.007372809000000002,"pos":0.5369818246666667,"neg":0.4091630137777779,"neut":0.021122697444444446,"none":0.025359655111111115},"intensity":{"high":0.03719816833333334,"low":0.1380754951111111,"meium":0.7972663990000001,"none":0.027459937555555564},"expressive":{"dir-action":0.0021002824449111736,"dir-explicit":0.1763698631503044,"dir-speech":0.5183462971151881,"indirect":0.27316934139403765,"writing-device":0.030014215895558714}},{"id":"워너비박스-서여의도점","permalink":"","username":"asdfg","text":"맛있어요 다른집에 당분간 안시킬듯","date":"Mon Dec 10 23:59:44 +0000 2018","retweets":"30","favorites":"20","mentions":[],"hashtags":[],"geo":"","raw":"맛있어요 다른집에 당분간 안시킬듯","polarity":{"com":0,"pos":0.3333333333333333,"neg":0.5416666666354166,"neut":0.08333333327083332,"none":0.04166666676041666},"intensity":{"high":0,"low":0.2500000001875,"meium":0.7083333330729167,"none":0.04166666673958333},"expressive":{"dir-action":0,"dir-explicit":0.041666666750000005,"dir-speech":0.7500000000000001,"indirect":0.16666666650000003,"writing-device":0.041666666750000005}},{"id":"워너비박스-서여의도점","permalink":"","username":"asdfg","text":"깔끔하게 담아다 주세요 \n맛도 좋아요 추천합니다","date":"Mon Dec 10 23:59:44 +0000 2018","retweets":"30","favorites":"20","mentions":[],"hashtags":[],"geo":"","raw":"깔끔하게 담아다 주세요 \n맛도 좋아요 추천합니다","polarity":{"com":0.004004004,"pos":0.7911497211666667,"neg":0.09938438433333334,"neut":0.04717217216666667,"none":0.058289718333333324},"intensity":{"high":0.22497139996250473,"low":0.06234734732294211,"meium":0.6538910338910181,"none":0.058790218823534954},"expressive":{"dir-action":0.0005005004999165833,"dir-explicit":0.22348062346275321,"dir-speech":0.3459673959423388,"indirect":0.3712612612714565,"writing-device":0.058790218823534954}},{"id":"워너비박스-서여의도점","permalink":"","username":"asdfg","text":"처음시켜봤는데 좋아요","date":"Mon Dec 10 23:59:44 +0000 2018","retweets":"30","favorites":"20","mentions":[],"hashtags":[],"geo":"","raw":"처음시켜봤는데 좋아요","polarity":{"com":0.0714285714642857,"pos":0.6742857141628572,"neg":0.1628571429185714,"neut":0,"none":0.0914285714542857},"intensity":{"high":0.1,"low":0.02,"meium":0.7885714285000001,"none":0.0914285715},"expressive":{"dir-action":0,"dir-explicit":0.4428571427785714,"dir-speech":0.3142857143428571,"indirect":0.1514285714242857,"writing-device":0.0914285714542857}},{"id":"워너비박스-서여의도점","permalink":"","username":"asdfg","text":"양 엄청 많고 맛있어요!!\n눈꽃치즈존맛🐶❤️\n포장도 정갈하게 배달되네요\n다음에 또 시켜먹을게요 ㅎㅎ","date":"Mon Dec 10 23:59:44 +0000 2018","retweets":"30","favorites":"20","mentions":[],"hashtags":[],"geo":"","raw":"양 엄청 많고 맛있어요!!\n눈꽃치즈존맛🐶❤️\n포장도 정갈하게 배달되네요\n다음에 또 시켜먹을게요 ㅎㅎ","polarity":{"com":0.0026693359997034074,"pos":0.4005674929554925,"neg":0.5379735324957807,"neut":0.008501254887944306,"none":0.050288383661079065},"intensity":{"high":0.054010532228223385,"low":0.08596640112066292,"meium":0.8094010159788223,"none":0.05062205067229133},"expressive":{"dir-action":0.00033366700003707413,"dir-explicit":0.18879231190986584,"dir-speech":0.5967748287329749,"indirect":0.14760412590528935,"writing-device":0.06649506645183278}},{"id":"워너비박스-서여의도점","permalink":"","username":"asdfg","text":"매우 맛있습니다 다음에 또 시켜먹을게여","date":"Mon Dec 10 23:59:44 +0000 2018","retweets":"30","favorites":"20","mentions":[],"hashtags":[],"geo":"","raw":"매우 맛있습니다 다음에 또 시켜먹을게여","polarity":{"com":0,"pos":0.3721611720511356,"neg":0.5113553113954579,"neut":0.03076923078769231,"none":0.08571428576571428},"intensity":{"high":0.2376068376,"low":0.09059829059999999,"meium":0.586080586,"none":0.0857142858},"expressive":{"dir-action":0,"dir-explicit":0.20122100119999997,"dir-speech":0.5511599512,"indirect":0.1333333334,"writing-device":0.1142857142}},{"id":"워너비박스-서여의도점","permalink":"","username":"asdfg","text":"밥이 맛있습니다!!","date":"Mon Dec 10 23:59:44 +0000 2018","retweets":"30","favorites":"20","mentions":[],"hashtags":[],"geo":"","raw":"밥이 맛있습니다!!","polarity":{"com":0,"pos":0,"neg":1,"neut":0,"none":0},"intensity":{"high":0,"low":0.25,"meium":0.5,"none":0.25},"expressive":{"dir-action":0,"dir-explicit":0.25,"dir-speech":0.75,"indirect":0,"writing-device":0}},{"id":"워너비박스-서여의도점","permalink":"","username":"asdfg","text":"배달 빠르고 맛있어요! 밥이 정말 맛있어요!","date":"Mon Dec 10 23:59:44 +0000 2018","retweets":"30","favorites":"20","mentions":[],"hashtags":[],"geo":"","raw":"배달 빠르고 맛있어요! 밥이 정말 맛있어요!","polarity":{"com":0,"pos":0.4375,"neg":0.5,"neut":0,"none":0.0625},"intensity":{"high":0.125,"low":0.125,"meium":0.5625,"none":0.1875},"expressive":{"dir-action":0,"dir-explicit":0.25,"dir-speech":0.6875,"indirect":0,"writing-device":0.0625}},{"id":"워너비박스-서여의도점","permalink":"","username":"asdfg","text":"배달도 20분이나 빨랐구요 양도 많고 넘 맛나요! 혼밥하기 딱 좋아요~ 또 시켜먹으려구요! 음식도 깔끔하고 반찬도 많아서 아주 배부르게 잘먹었습니다~","date":"Mon Dec 10 23:59:44 +0000 2018","retweets":"30","favorites":"20","mentions":[],"hashtags":[],"geo":"","raw":"배달도 20분이나 빨랐구요 양도 많고 넘 맛나요! 혼밥하기 딱 좋아요~ 또 시켜먹으려구요! 음식도 깔끔하고 반찬도 많아서 아주 배부르게 잘먹었습니다~","polarity":{"com":0.003377668625,"pos":0.5493839048125,"neg":0.3146687553125,"neut":0.0200715360625,"none":0.11249813518750001},"intensity":{"high":0.09000692364187632,"low":0.10883650714540684,"meium":0.6572207463107288,"none":0.14393582290198798},"expressive":{"dir-action":0.00018768768748826954,"dir-explicit":0.2810754213574328,"dir-speech":0.33132977754179194,"indirect":0.23228893842298196,"writing-device":0.15511817499030509}},{"id":"워너비박스-서여의도점","permalink":"","username":"asdfg","text":"맛있어요! 배달음식 흐르고 그러는거 넘 안좋아하는데 여기는 특히 포장이 깔끔해서 너무 마음에 듭니다! 양은 조금 적지만 그래도 자주 시켜먹을것같아요 .","date":"Mon Dec 10 23:59:44 +0000 2018","retweets":"30","favorites":"20","mentions":[],"hashtags":[],"geo":"","raw":"맛있어요! 배달음식 흐르고 그러는거 넘 안좋아하는데 여기는 특히 포장이 깔끔해서 너무 마음에 듭니다! 양은 조금 적지만 그래도 자주 시켜먹을것같아요 .","polarity":{"com":0.01341670775,"pos":0.33730310150000004,"neg":0.45916119074999995,"neut":0.0295142629375,"none":0.1606047370625},"intensity":{"high":0.0744105161343013,"low":0.11363733188920466,"meium":0.6508843968313607,"none":0.16106775514513347},"expressive":{"dir-action":0.0004630180625,"dir-explicit":0.192640185375,"dir-speech":0.515616631625,"indirect":0.09978372393750001,"writing-device":0.19149644100000002}}]