[{"id":"신과함께국물떡볶이-노원점","permalink":"","username":"asdfg","text":"양이 진짜많고 먹을만합니다","date":"Mon Dec 10 23:59:44 +0000 2018","retweets":"30","favorites":"20","mentions":[],"hashtags":[],"geo":"","raw":"양이 진짜많고 먹을만합니다","polarity":{"com":0,"pos":0.3623188405000001,"neg":0.6159420290000001,"neut":0.021739130500000002,"none":0},"intensity":{"high":0.18599033809299517,"low":0.21980676310990338,"meium":0.5942028987971015,"none":0},"expressive":{"dir-action":0,"dir-explicit":0.3719806761859903,"dir-speech":0.4975845412487922,"indirect":0.13043478256521737,"writing-device":0}},{"id":"신과함께국물떡볶이-노원점","permalink":"","username":"asdfg","text":"평이 안좋아서 걱정했으나 맛있게먹었어요","date":"Mon Dec 10 23:59:44 +0000 2018","retweets":"30","favorites":"20","mentions":[],"hashtags":[],"geo":"","raw":"평이 안좋아서 걱정했으나 맛있게먹었어요","polarity":{"com":0,"pos":0.20833333325,"neg":0.79166666675,"neut":0,"none":0},"intensity":{"high":0.15277777775,"low":0.0555555555,"meium":0.79166666675,"none":0},"expressive":{"dir-action":0,"dir-explicit":0.3055555555,"dir-speech":0.4444444445,"indirect":0.25,"writing-device":0}},{"id":"신과함께국물떡볶이-노원점","permalink":"","username":"asdfg","text":"양도 많고 배달도 빠르고 좋았어요 맛도 먹을만 했어요","date":"Mon Dec 10 23:59:44 +0000 2018","retweets":"30","favorites":"20","mentions":[],"hashtags":[],"geo":"","raw":"양도 많고 배달도 빠르고 좋았어요 맛도 먹을만 했어요","polarity":{"com":0,"pos":0.746853002,"neg":0.18169772257142858,"neut":0.006211180142857143,"none":0.0652380952857143},"intensity":{"high":0.09361628701337374,"low":0.1161352655880193,"meium":0.7250103521035728,"none":0.065238095295034},"expressive":{"dir-action":0,"dir-explicit":0.23961352646280196,"dir-speech":0.4564527260652075,"indirect":0.23869565217695654,"writing-device":0.06523809529503401}},{"id":"신과함께국물떡볶이-노원점","permalink":"","username":"asdfg","text":"떡볶이양은 엄청많은데 튀김양도 적고 야채춘권은 짤려서반만왔고 맛이좀 없다기보단 그냥그래요 다시시켜먹진 않을맛...튀김들맛이좀..이상해요","date":"Mon Dec 10 23:59:44 +0000 2018","retweets":"30","favorites":"20","mentions":[],"hashtags":[],"geo":"","raw":"떡볶이양은 엄청많은데 튀김양도 적고 야채춘권은 짤려서반만왔고 맛이좀 없다기보단 그냥그래요 다시시켜먹진 않을맛...튀김들맛이좀..이상해요","polarity":{"com":0.01253737058971028,"pos":0.6068788517772798,"neg":0.26935874361992457,"neut":0.06385571677221832,"none":0.04736931724086698},"intensity":{"high":0.06074165301429215,"low":0.13780889056183734,"meium":0.7529684897654042,"none":0.04848096665846611},"expressive":{"dir-action":0.0002591344706187217,"dir-explicit":0.22235146355557078,"dir-speech":0.5437913590051519,"indirect":0.17776556055032539,"writing-device":0.05583248241833323}},{"id":"신과함께국물떡볶이-노원점","permalink":"","username":"asdfg","text":"배달이 너무 느령ᆢㄷ","date":"Mon Dec 10 23:59:44 +0000 2018","retweets":"30","favorites":"20","mentions":[],"hashtags":[],"geo":"","raw":"배달이 너무 느령ᆢㄷ","polarity":{"com":0.0714285715,"pos":0.5714285715,"neg":0.357142857,"neut":0,"none":0},"intensity":{"high":0.07142857150000001,"low":0.07142857150000001,"meium":0.857142857,"none":0},"expressive":{"dir-action":0,"dir-explicit":0.2857142855,"dir-speech":0.642857143,"indirect":0.0714285715,"writing-device":0}},{"id":"신과함께국물떡볶이-노원점","permalink":"","username":"asdfg","text":"오랜만에  주문하여 \n정말 맛있게 먹었습니다.","date":"Mon Dec 10 23:59:44 +0000 2018","retweets":"30","favorites":"20","mentions":[],"hashtags":[],"geo":"","raw":"오랜만에  주문하여 \n정말 맛있게 먹었습니다.","polarity":{"com":0,"pos":0.6944444443333334,"neg":0.22222222233333333,"neut":0,"none":0.08333333333333333},"intensity":{"high":0.20370370366666668,"low":0.074074074,"meium":0.638888889,"none":0.08333333333333333},"expressive":{"dir-action":0,"dir-explicit":0.574074074,"dir-speech":0.34259259266666664,"indirect":0,"writing-device":0.08333333333333333}},{"id":"신과함께국물떡볶이-노원점","permalink":"","username":"asdfg","text":"배달 빠르고 맛있어요!!!","date":"Mon Dec 10 23:59:44 +0000 2018","retweets":"30","favorites":"20","mentions":[],"hashtags":[],"geo":"","raw":"배달 빠르고 맛있어요!!!","polarity":{"com":0,"pos":0.5,"neg":0.5,"neut":0,"none":0},"intensity":{"high":0,"low":0,"meium":1,"none":0},"expressive":{"dir-action":0,"dir-explicit":0,"dir-speech":1,"indirect":0,"writing-device":0}},{"id":"신과함께국물떡볶이-노원점","permalink":"","username":"asdfg","text":"오랫만에 신과 함께했습니다.  잘 먹었어요","date":"Mon Dec 10 23:59:44 +0000 2018","retweets":"30","favorites":"20","mentions":[],"hashtags":[],"geo":"","raw":"오랫만에 신과 함께했습니다.  잘 먹었어요","polarity":{"com":0,"pos":0.9047619049682539,"neg":0.07142857135714285,"neut":0.023809523674603175,"none":0},"intensity":{"high":0,"low":0.07142857133333333,"meium":0.9285714286666668,"none":0},"expressive":{"dir-action":0,"dir-explicit":0.07142857133333333,"dir-speech":0.10317460333333332,"indirect":0.8253968253333334,"writing-device":0}},{"id":"신과함께국물떡볶이-노원점","permalink":"","username":"asdfg","text":"오랜만에 시켜먹었는데 여전히 너무너무 맛있네요 ~ 번창하세용 ❤️","date":"Mon Dec 10 23:59:44 +0000 2018","retweets":"30","favorites":"20","mentions":[],"hashtags":[],"geo":"","raw":"오랜만에 시켜먹었는데 여전히 너무너무 맛있네요 ~ 번창하세용 ❤️","polarity":{"com":0,"pos":0.33333333325000003,"neg":0.41666666674999997,"neut":0,"none":0.25},"intensity":{"high":0.02777777775,"low":0.3055555555,"meium":0.41666666674999997,"none":0.25},"expressive":{"dir-action":0,"dir-explicit":0.0555555555,"dir-speech":0.4444444445,"indirect":0.25,"writing-device":0.25}},{"id":"신과함께국물떡볶이-노원점","permalink":"","username":"asdfg","text":"배달도 빠르구 맛있어요~~ 감사합니다😄","date":"Mon Dec 10 23:59:44 +0000 2018","retweets":"30","favorites":"20","mentions":[],"hashtags":[],"geo":"","raw":"배달도 빠르구 맛있어요~~ 감사합니다😄","polarity":{"com":0,"pos":0.75,"neg":0.25,"neut":0,"none":0},"intensity":{"high":0.25,"low":0.08333333325,"meium":0.66666666675,"none":0},"expressive":{"dir-action":0,"dir-explicit":0,"dir-speech":0.75,"indirect":0.25,"writing-device":0}},{"id":"신과함께국물떡볶이-노원점","permalink":"","username":"asdfg","text":"다좋은데 배달 너무 느리네요 하긴 눈이와서 이해는합니다\n맛도 있고 좋았어요","date":"Mon Dec 10 23:59:44 +0000 2018","retweets":"30","favorites":"20","mentions":[],"hashtags":[],"geo":"","raw":"다좋은데 배달 너무 느리네요 하긴 눈이와서 이해는합니다\n맛도 있고 좋았어요","polarity":{"com":0.001116071375,"pos":0.49669642849999995,"neg":0.40008928575,"neut":0.00446428575,"none":0.097633928625},"intensity":{"high":0.12879464285890066,"low":0.13669642860791295,"meium":0.6368749999203905,"none":0.09763392861279577},"expressive":{"dir-action":0,"dir-explicit":0.15312499998085938,"dir-speech":0.6488839285438895,"indirect":0.10035714286245535,"writing-device":0.09763392861279577}},{"id":"신과함께국물떡볶이-노원점","permalink":"","username":"asdfg","text":"양도많고 맛있어요 보통맛시켰는데 매운정도도적절합니다","date":"Mon Dec 10 23:59:44 +0000 2018","retweets":"30","favorites":"20","mentions":[],"hashtags":[],"geo":"","raw":"양도많고 맛있어요 보통맛시켰는데 매운정도도적절합니다","polarity":{"com":0,"pos":0.5449275362,"neg":0.3663768116,"neut":0.022028985600000002,"none":0.06666666660000001},"intensity":{"high":0.05217391301043479,"low":0.08347826081669565,"meium":0.7976811595595363,"none":0.06666666661333334},"expressive":{"dir-action":0,"dir-explicit":0.15768115943153627,"dir-speech":0.44347826088869574,"indirect":0.33217391306643484,"writing-device":0.06666666661333334}},{"id":"신과함께국물떡볶이-노원점","permalink":"","username":"asdfg","text":"넘 잘먹었어요 ~~*^^*","date":"Mon Dec 10 23:59:44 +0000 2018","retweets":"30","favorites":"20","mentions":[],"hashtags":[],"geo":"","raw":"넘 잘먹었어요 ~~*^^*","polarity":{"com":0,"pos":0.7142857147142857,"neg":0.21428571421428572,"neut":0.07142857107142857,"none":0},"intensity":{"high":0,"low":0.214285714,"meium":0.785714286,"none":0},"expressive":{"dir-action":0,"dir-explicit":0.214285714,"dir-speech":0.142857143,"indirect":0.642857143,"writing-device":0}},{"id":"신과함께국물떡볶이-노원점","permalink":"","username":"asdfg","text":"친절한배달~ 맛있는 떡볶이 딱입니다^^","date":"Mon Dec 10 23:59:44 +0000 2018","retweets":"30","favorites":"20","mentions":[],"hashtags":[],"geo":"","raw":"친절한배달~ 맛있는 떡볶이 딱입니다^^","polarity":{"com":0.01407688533333333,"pos":0.6339166489999999,"neg":0.21015531666666665,"neut":0.05845807866666666,"none":0.08339307033333332},"intensity":{"high":0.08907864202969287,"low":0.06594279268864758,"meium":0.7608686489202896,"none":0.08410991636136995},"expressive":{"dir-action":0.002150537666666667,"dir-explicit":0.24409304966666667,"dir-speech":0.499079345,"indirect":0.16474804966666667,"writing-device":0.08992901800000001}},{"id":"신과함께국물떡볶이-노원점","permalink":"","username":"asdfg","text":"괜찬아요 적당히 맛있어요","date":"Mon Dec 10 23:59:44 +0000 2018","retweets":"30","favorites":"20","mentions":[],"hashtags":[],"geo":"","raw":"괜찬아요 적당히 맛있어요","polarity":{"com":0,"pos":0,"neg":1,"neut":0,"none":0},"intensity":{"high":0,"low":0,"meium":1,"none":0},"expressive":{"dir-action":0,"dir-explicit":0,"dir-speech":1,"indirect":0,"writing-device":0}},{"id":"신과함께국물떡볶이-노원점","permalink":"","username":"asdfg","text":"배달이 오래 걸리긴 했는데 맛은 지렸네요","date":"Mon Dec 10 23:59:44 +0000 2018","retweets":"30","favorites":"20","mentions":[],"hashtags":[],"geo":"","raw":"배달이 오래 걸리긴 했는데 맛은 지렸네요","polarity":{"com":0.00287356325,"pos":0.58045977,"neg":0.35057471275,"neut":0.01724137925,"none":0.04885057475},"intensity":{"high":0.02873563224281609,"low":0.0316091954920977,"meium":0.8879310342780172,"none":0.051724137987068965},"expressive":{"dir-action":0.002873563250718391,"dir-explicit":0.04022988501005747,"dir-speech":0.603448275900862,"indirect":0.29597701157399425,"writing-device":0.05747126426436782}},{"id":"신과함께국물떡볶이-노원점","permalink":"","username":"asdfg","text":"양도 많이 주시고 국물에 밥비벼 먹고 싶을정도로 맛있었어요.  마감전   늦은시간 주문이었는데도 친절히 잘 배달해 주셔서 감사했고 맛있게 잘 먹었답니다.","date":"Mon Dec 10 23:59:44 +0000 2018","retweets":"30","favorites":"20","mentions":[],"hashtags":[],"geo":"","raw":"양도 많이 주시고 국물에 밥비벼 먹고 싶을정도로 맛있었어요.  마감전   늦은시간 주문이었는데도 친절히 잘 배달해 주셔서 감사했고 맛있게 잘 먹었답니다.","polarity":{"com":0.00379796253904584,"pos":0.3688159299028948,"neg":0.5097305921553431,"neut":0.03925345154450054,"none":0.0784020638582157},"intensity":{"high":0.13624647539509588,"low":0.1706510229362039,"meium":0.5760734733520056,"none":0.11702902831669454},"expressive":{"dir-action":0.0004962779230387479,"dir-explicit":0.21597507490646345,"dir-speech":0.416637358044874,"indirect":0.2875303802086515,"writing-device":0.07936090891697224}},{"id":"신과함께국물떡볶이-노원점","permalink":"","username":"asdfg","text":"양도 많이 주시고 맛도 내입맛에 딱맞네요.매콤하면서 쫀득쫀듯하니 긋입니다.배달오신분이 사장님같은데 너무 인상좋으시고 친절하세요.배달도 빨리해주셔서 감사합니다.번창하세요.","date":"Mon Dec 10 23:59:44 +0000 2018","retweets":"30","favorites":"20","mentions":[],"hashtags":[],"geo":"","raw":"양도 많이 주시고 맛도 내입맛에 딱맞네요.매콤하면서 쫀득쫀듯하니 긋입니다.배달오신분이 사장님같은데 너무 인상좋으시고 친절하세요.배달도 빨리해주셔서 감사합니다.번창하세요.","polarity":{"com":0.015761856600000002,"pos":0.5844286672666665,"neg":0.3026553554,"neut":0.06952326333333333,"none":0.027630857399999997},"intensity":{"high":0.15509300034367288,"low":0.07912756247194183,"meium":0.7373679554491578,"none":0.028411481735227433},"expressive":{"dir-action":0.0013541010000902736,"dir-explicit":0.2726191235515079,"dir-speech":0.4890539318992702,"indirect":0.20567349708037824,"writing-device":0.031299346468753285}},{"id":"신과함께국물떡볶이-노원점","permalink":"","username":"asdfg","text":"튀김상태가. .","date":"Mon Dec 10 23:59:44 +0000 2018","retweets":"30","favorites":"20","mentions":[],"hashtags":[],"geo":"","raw":"튀김상태가. .","polarity":{"com":0,"pos":0.25,"neg":0.75,"neut":0,"none":0},"intensity":{"high":0.25,"low":0,"meium":0.75,"none":0},"expressive":{"dir-action":0,"dir-explicit":0,"dir-speech":0.25,"indirect":0.75,"writing-device":0}},{"id":"신과함께국물떡볶이-노원점","permalink":"","username":"asdfg","text":"뭐 마지막 타임에 주문을 해서 그런지 몰라도 별로 맛이없더라구요 보통 2인분같은데 혼자 먹는사람은 보관하기도 힘들게 그냥 압축팩으로 배송와요..;;  맛도 그럭저럭","date":"Mon Dec 10 23:59:44 +0000 2018","retweets":"30","favorites":"20","mentions":[],"hashtags":[],"geo":"","raw":"뭐 마지막 타임에 주문을 해서 그런지 몰라도 별로 맛이없더라구요 보통 2인분같은데 혼자 먹는사람은 보관하기도 힘들게 그냥 압축팩으로 배송와요..;;  맛도 그럭저럭","polarity":{"com":0.002643851538461538,"pos":0.32769935184615384,"neg":0.4672933439230769,"neut":0.01639233569230769,"none":0.185971117},"intensity":{"high":0.05238384615384615,"low":0.10912788030769227,"meium":0.6475844002307692,"none":0.1909038733076923},"expressive":{"dir-action":0.0008841733078283341,"dir-explicit":0.19570249803010803,"dir-speech":0.46745644607191644,"indirect":0.14582495009935773,"writing-device":0.19013193249078952}},{"id":"신과함께국물떡볶이-노원점","permalink":"","username":"asdfg","text":"맛있게 잘 먹었습니다.","date":"Mon Dec 10 23:59:44 +0000 2018","retweets":"30","favorites":"20","mentions":[],"hashtags":[],"geo":"","raw":"맛있게 잘 먹었습니다.","polarity":{"com":0,"pos":0.35714285717857136,"neg":0.6071428573035714,"neut":0.03571428551785714,"none":0},"intensity":{"high":0,"low":0.107142857,"meium":0.8928571430000001,"none":0},"expressive":{"dir-action":0,"dir-explicit":0.107142857,"dir-speech":0.5714285715,"indirect":0.3214285715,"writing-device":0}},{"id":"신과함께국물떡볶이-노원점","permalink":"","username":"asdfg","text":"역시나~~~!!!맛있게 잘 먹었었습니다^^\n왠만하면 리뷰 안쓰는데 정말 괜찮은 곳이네요\n전화 받드시는분이 여자분이신데 사장님인것두 갔고 아닌것도 갔고 너무 친절하시고 좋았어요.\n하루종일 싸이는일이 많았는데 아주머니  친절한 목소리에 스트레스가 확날아가네요.적당하게 매우면서 맛도 깔끔 했습니다.오뎅도 내스타일이고\n매추리알도 맛있는거 사용하시고 서비스만두도 부드러웠고 맛있네요.매장 이름도 신과함께 멋지네요.혹시 교회다니시나봐빨라요.맛집으로등록","date":"Mon Dec 10 23:59:44 +0000 2018","retweets":"30","favorites":"20","mentions":[],"hashtags":[],"geo":"","raw":"역시나~~~!!!맛있게 잘 먹었었습니다^^\n왠만하면 리뷰 안쓰는데 정말 괜찮은 곳이네요\n전화 받드시는분이 여자분이신데 사장님인것두 갔고 아닌것도 갔고 너무 친절하시고 좋았어요.\n하루종일 싸이는일이 많았는데 아주머니  친절한 목소리에 스트레스가 확날아가네요.적당하게 매우면서 맛도 깔끔 했습니다.오뎅도 내스타일이고\n매추리알도 맛있는거 사용하시고 서비스만두도 부드러웠고 맛있네요.매장 이름도 신과함께 멋지네요.혹시 교회다니시나봐빨라요.맛집으로등록","polarity":{"com":0.031639369923888196,"pos":0.4805013557302693,"neg":0.3558080901886104,"neut":0.053028268898795604,"none":0.0790229152584365},"intensity":{"high":0.10687330492855764,"low":0.1568266987003501,"meium":0.6565301788798221,"none":0.07976981749127025},"expressive":{"dir-action":0.0007385324359163725,"dir-explicit":0.21671008182606943,"dir-speech":0.44256836298570684,"indirect":0.2454818208524482,"writing-device":0.094501201899859}},{"id":"신과함께국물떡볶이-노원점","permalink":"","username":"asdfg","text":"예전같지 않습니다. 떡 식감은 말랑쫀득이 아닌 물컹물컹으로 바뀌었고 이곳 특유의 매콤한 맛도 없고 여기 떡볶이엔 잘 안보이던 기름도 둥둥 떠있고. 꼭 챙겨주시던 남은 떡볶이 보관통도 없구요. 몇달만에 맛이 이렇게 바뀌다니.. 분명 사장님이나 조리하시는 분이 바뀐 듯. 별 한개도 아깝습니다.","date":"Mon Dec 10 23:59:44 +0000 2018","retweets":"30","favorites":"20","mentions":[],"hashtags":[],"geo":"","raw":"예전같지 않습니다. 떡 식감은 말랑쫀득이 아닌 물컹물컹으로 바뀌었고 이곳 특유의 매콤한 맛도 없고 여기 떡볶이엔 잘 안보이던 기름도 둥둥 떠있고. 꼭 챙겨주시던 남은 떡볶이 보관통도 없구요. 몇달만에 맛이 이렇게 바뀌다니.. 분명 사장님이나 조리하시는 분이 바뀐 듯. 별 한개도 아깝습니다.","polarity":{"com":0.044316762280000005,"pos":0.5668832518800001,"neg":0.26562262583999996,"neut":0.0337849938,"none":0.0893923662},"intensity":{"high":0.037245647558510175,"low":0.0854878871965805,"meium":0.7871033964485159,"none":0.09016306879639348},"expressive":{"dir-action":0.0005543960800221758,"dir-explicit":0.20856003044834237,"dir-speech":0.3498815783339953,"indirect":0.35072167737402876,"writing-device":0.09028231776361131}},{"id":"신과함께국물떡볶이-노원점","permalink":"","username":"asdfg","text":"와 진짜 양도많고 맛도좋고 되게좋은것같아용 자주시켜먹을게여♡♡","date":"Mon Dec 10 23:59:44 +0000 2018","retweets":"30","favorites":"20","mentions":[],"hashtags":[],"geo":"","raw":"와 진짜 양도많고 맛도좋고 되게좋은것같아용 자주시켜먹을게여♡♡","polarity":{"com":0,"pos":0.5538451777658122,"neg":0.29917938215573797,"neut":0.08758150064720413,"none":0.059393939431245796},"intensity":{"high":0.1128411577777778,"low":0.08954870144444443,"meium":0.7382162013333333,"none":0.05939393944444444},"expressive":{"dir-action":0.006172839555555556,"dir-explicit":0.3236966468888889,"dir-speech":0.4435019086666666,"indirect":0.16723466544444443,"writing-device":0.05939393944444444}},{"id":"신과함께국물떡볶이-노원점","permalink":"","username":"asdfg","text":"20프로 매운맛 적절\n누들도 좋군은","date":"Mon Dec 10 23:59:44 +0000 2018","retweets":"30","favorites":"20","mentions":[],"hashtags":[],"geo":"","raw":"20프로 매운맛 적절\n누들도 좋군은","polarity":{"com":0,"pos":1,"neg":0,"neut":0,"none":0},"intensity":{"high":0,"low":0,"meium":1,"none":0},"expressive":{"dir-action":0,"dir-explicit":0.3333333333333333,"dir-speech":0,"indirect":0.6666666666666666,"writing-device":0}},{"id":"신과함께국물떡볶이-노원점","permalink":"","username":"asdfg","text":"배달도 빠르고 떡볶이도 맛있네요.\n옛날에 학교앞에서 먹던 그맛 너무 맛있어서 사진찍는것도 잊었네요.매장이 어디에 있는지 \n직접가서 먹고도 싶어요.완전 내 스타일 입니다.\n그동안 맛집을 못찾아 고민이 많았는데 이제\n맛집으로 등록합니다.\n그리고 고객요청도 잘들어 주셔서 감사합니다.\n전화받는 분이 주인이신거 같은데 너무 친절하시고\n진짜 모든것이 만족합니다.맛있게 해주셔서 진짜\n감사해요~^^","date":"Mon Dec 10 23:59:44 +0000 2018","retweets":"30","favorites":"20","mentions":[],"hashtags":[],"geo":"","raw":"배달도 빠르고 떡볶이도 맛있네요.\n옛날에 학교앞에서 먹던 그맛 너무 맛있어서 사진찍는것도 잊었네요.매장이 어디에 있는지 \n직접가서 먹고도 싶어요.완전 내 스타일 입니다.\n그동안 맛집을 못찾아 고민이 많았는데 이제\n맛집으로 등록합니다.\n그리고 고객요청도 잘들어 주셔서 감사합니다.\n전화받는 분이 주인이신거 같은데 너무 친절하시고\n진짜 모든것이 만족합니다.맛있게 해주셔서 진짜\n감사해요~^^","polarity":{"com":0.016876351946924308,"pos":0.5218177345915311,"neg":0.37181527317442603,"neut":0.024920649604607357,"none":0.06456999068251133},"intensity":{"high":0.1355571080370177,"low":0.12420882627296388,"meium":0.6750165512901328,"none":0.06521751439988563},"expressive":{"dir-action":0.0008738960789703658,"dir-explicit":0.1614275499516165,"dir-speech":0.504415291276432,"indirect":0.23692013334833997,"writing-device":0.09636312934464118}},{"id":"신과함께국물떡볶이-노원점","permalink":"","username":"asdfg","text":"우리집 OOOO 맛없어요\n요리솜씨가 군대 짬밥보다 못함\n심지어 배달까지 늦음","date":"Mon Dec 10 23:59:44 +0000 2018","retweets":"30","favorites":"20","mentions":[],"hashtags":[],"geo":"","raw":"우리집 OOOO 맛없어요\n요리솜씨가 군대 짬밥보다 못함\n심지어 배달까지 늦음","polarity":{"com":0.0029761905,"pos":0.5684523810000001,"neg":0.4107142856666666,"neut":0.013392857166666668,"none":0.004464285666666667},"intensity":{"high":0.026785714333333332,"low":0.10119047616666665,"meium":0.7827380951666666,"none":0.08928571433333332},"expressive":{"dir-action":0,"dir-explicit":0.4791666666666667,"dir-speech":0.3020833333333333,"indirect":0.21428571433333332,"writing-device":0.004464285666666667}},{"id":"신과함께국물떡볶이-노원점","permalink":"","username":"asdfg","text":"해시브라운 있다고하고선 안왔네요. 남는거 담는 통도 줬던거 같은데 이젠 안주시나요?","date":"Mon Dec 10 23:59:44 +0000 2018","retweets":"30","favorites":"20","mentions":[],"hashtags":[],"geo":"","raw":"해시브라운 있다고하고선 안왔네요. 남는거 담는 통도 줬던거 같은데 이젠 안주시나요?","polarity":{"com":0,"pos":0.35000000000000003,"neg":0.5666666666666667,"neut":0.08333333333333333,"none":0},"intensity":{"high":0.041666666666666664,"low":0,"meium":0.9583333333333334,"none":0},"expressive":{"dir-action":0,"dir-explicit":0.2916666666666667,"dir-speech":0.225,"indirect":0.2333333333333333,"writing-device":0.25}},{"id":"신과함께국물떡볶이-노원점","permalink":"","username":"asdfg","text":"가격대비 좋네요 👍🏼","date":"Mon Dec 10 23:59:44 +0000 2018","retweets":"30","favorites":"20","mentions":[],"hashtags":[],"geo":"","raw":"가격대비 좋네요 👍🏼","polarity":{"com":0,"pos":0.96,"neg":0.02,"neut":0,"none":0.02},"intensity":{"high":0.1,"low":0.02,"meium":0.86,"none":0.02},"expressive":{"dir-action":0,"dir-explicit":0.3,"dir-speech":0.1,"indirect":0.58,"writing-device":0.02}},{"id":"신과함께국물떡볶이-노원점","permalink":"","username":"asdfg","text":"배달 한시간 걸려서 예민했는데 맛있고 좋네요~~ 다만 메추리알 비엔나 추가했는데 주문오류로 감자만두가...ㅜㅜ 그래도 맛있고 서비스좋네요 주문시간과 주문오류때매 별하나빼요","date":"Mon Dec 10 23:59:44 +0000 2018","retweets":"30","favorites":"20","mentions":[],"hashtags":[],"geo":"","raw":"배달 한시간 걸려서 예민했는데 맛있고 좋네요~~ 다만 메추리알 비엔나 추가했는데 주문오류로 감자만두가...ㅜㅜ 그래도 맛있고 서비스좋네요 주문시간과 주문오류때매 별하나빼요","polarity":{"com":0.00241935487484879,"pos":0.5749954413390628,"neg":0.2847489002947032,"neut":0.036416271935223975,"none":0.10142003155616126},"intensity":{"high":0.0633720110625,"low":0.111130348125,"meium":0.723808792,"none":0.10168884881250001},"expressive":{"dir-action":0.000806451624949597,"dir-explicit":0.322704479729831,"dir-speech":0.3579672343526272,"indirect":0.21302254867418613,"writing-device":0.10549928561840631}},{"id":"신과함께국물떡볶이-노원점","permalink":"","username":"asdfg","text":"양도 많고 맛도 괜찮았어요\n70%로 했더니 쓴맛이 좀 있어서 다음에는 50%매운맛으로 먹어야 할듯해요 \n같이 나오는 튀김류도 깔끔하고 맛있었어요\n물만두 서비스 감사행ᆢ","date":"Mon Dec 10 23:59:44 +0000 2018","retweets":"30","favorites":"20","mentions":[],"hashtags":[],"geo":"","raw":"양도 많고 맛도 괜찮았어요\n70%로 했더니 쓴맛이 좀 있어서 다음에는 50%매운맛으로 먹어야 할듯해요 \n같이 나오는 튀김류도 깔끔하고 맛있었어요\n물만두 서비스 감사행ᆢ","polarity":{"com":0.006708640143336331,"pos":0.4131198758152228,"neg":0.4486099231034721,"neut":0.031984725002284616,"none":0.09957683593568406},"intensity":{"high":0.11006805371428573,"low":0.20104872464285714,"meium":0.5871351860714286,"none":0.10174803557142856},"expressive":{"dir-action":0.0021711996433223997,"dir-explicit":0.16664876260713904,"dir-speech":0.49615019067774646,"indirect":0.22937415654915158,"writing-device":0.1056556905226405}},{"id":"신과함께국물떡볶이-노원점","permalink":"","username":"asdfg","text":"맛도 맛있구 튀김도 맛있고 서비스로 물만두도 주셨어요><\n고민하지 마시고 주문하세요ㅎ\n\n근데 여기 쿠폰은 없나요??","date":"Mon Dec 10 23:59:44 +0000 2018","retweets":"30","favorites":"20","mentions":[],"hashtags":[],"geo":"","raw":"맛도 맛있구 튀김도 맛있고 서비스로 물만두도 주셨어요><\n고민하지 마시고 주문하세요ㅎ\n\n근데 여기 쿠폰은 없나요??","polarity":{"com":0.0015873015555555557,"pos":0.38095238088888894,"neg":0.5174603175555557,"neut":0.003174603111111112,"none":0.09682539688888891},"intensity":{"high":0.031746031777777774,"low":0.13650793644444445,"meium":0.7349206348888889,"none":0.09682539688888889},"expressive":{"dir-action":0,"dir-explicit":0.2079365079537919,"dir-speech":0.34444444436790117,"indirect":0.35238095236613753,"writing-device":0.09523809531216931}},{"id":"신과함께국물떡볶이-노원점","permalink":"","username":"asdfg","text":"손편지의 내용 너무 좋은 글을 직접 펜글씨로 써주시는 정성에 감동하였습니다  정말 맛있게 먹었습니다 혹시나 남으면 덜어놓으라고 용기를 넣어주는 센스 짱 입니다","date":"Mon Dec 10 23:59:44 +0000 2018","retweets":"30","favorites":"20","mentions":[],"hashtags":[],"geo":"","raw":"손편지의 내용 너무 좋은 글을 직접 펜글씨로 써주시는 정성에 감동하였습니다  정말 맛있게 먹었습니다 혹시나 남으면 덜어놓으라고 용기를 넣어주는 센스 짱 입니다","polarity":{"com":0.014910470938431904,"pos":0.5472866154717055,"neg":0.3756282783359768,"neut":0.027347321564209208,"none":0.03482731368967671},"intensity":{"high":0.13784661532111542,"low":0.0713791471919612,"meium":0.7559469237972467,"none":0.03482731368967671},"expressive":{"dir-action":0.06897799655387774,"dir-explicit":0.27480981890314876,"dir-speech":0.34820054976897497,"indirect":0.27056867821617886,"writing-device":0.03744295655781963}},{"id":"신과함께국물떡볶이-노원점","permalink":"","username":"asdfg","text":"맛도있고~~ 배달도친절합니다^^\n떡볶이좋아하는데 여러번주문해서 먹는데 실망하지않는맛입니다","date":"Mon Dec 10 23:59:44 +0000 2018","retweets":"30","favorites":"20","mentions":[],"hashtags":[],"geo":"","raw":"맛도있고~~ 배달도친절합니다^^\n떡볶이좋아하는데 여러번주문해서 먹는데 실망하지않는맛입니다","polarity":{"com":0.005293138777777777,"pos":0.7449863456666667,"neg":0.17030636633333338,"neut":0.02260624688888889,"none":0.05680790233333334},"intensity":{"high":0.04836931777777778,"low":0.05645019055555556,"meium":0.8378946920000001,"none":0.057285799666666665},"expressive":{"dir-action":0.0014336917777777775,"dir-explicit":0.33851197588888887,"dir-speech":0.5080424703333333,"indirect":0.09520395966666664,"writing-device":0.05680790233333333}},{"id":"신과함께국물떡볶이-노원점","permalink":"","username":"asdfg","text":"제일 덜매운걸로 시켰는데 완전맵게왔어요ㅠㅠ 그간먹었을때는 국물이랑같이떠먹고그랬는데 오늘국물은손도못대겠네요ㅠㅠ 뭔가배달이잘못온것같은데 ㅠㅠ 담엔 이전에먹던맛 그대로왔으면좋겠어요~~","date":"Mon Dec 10 23:59:44 +0000 2018","retweets":"30","favorites":"20","mentions":[],"hashtags":[],"geo":"","raw":"제일 덜매운걸로 시켰는데 완전맵게왔어요ㅠㅠ 그간먹었을때는 국물이랑같이떠먹고그랬는데 오늘국물은손도못대겠네요ㅠㅠ 뭔가배달이잘못온것같은데 ㅠㅠ 담엔 이전에먹던맛 그대로왔으면좋겠어요~~","polarity":{"com":0.002547417312340786,"pos":0.518463295092596,"neg":0.3468912491033193,"neut":0.0727806209329512,"none":0.059317417558792655},"intensity":{"high":0.11707021788231686,"low":0.08389124288024319,"meium":0.7397211216712326,"none":0.05931741756620733},"expressive":{"dir-action":0,"dir-explicit":0.2624668293421916,"dir-speech":0.5161625333104797,"indirect":0.16056512460492936,"writing-device":0.06080551274239931}},{"id":"신과함께국물떡볶이-노원점","permalink":"","username":"asdfg","text":"정말정말맛있어요~~","date":"Mon Dec 10 23:59:44 +0000 2018","retweets":"30","favorites":"20","mentions":[],"hashtags":[],"geo":"","raw":"정말정말맛있어요~~","polarity":{"com":0,"pos":0.375,"neg":0.5,"neut":0,"none":0.125},"intensity":{"high":0.25,"low":0,"meium":0.625,"none":0.125},"expressive":{"dir-action":0,"dir-explicit":0.25,"dir-speech":0.625,"indirect":0,"writing-device":0.125}},{"id":"신과함께국물떡볶이-노원점","permalink":"","username":"asdfg","text":"개인사정으로 급하게 취소후 몇일뒤 재주문 드렸는데 잊지 않고 재주문해주셨다고 쿨피스도 서비스로 주시고 ㅎㅎ \n맛이야 뭐 말할거 없이 맛있어요~ 기본 튀김 처음으로 바사삭샘플러로 변경해봤는데 맛있네요 게살튀김도 있구... 껍데기도 정말 별미 ㅎㅎ","date":"Mon Dec 10 23:59:44 +0000 2018","retweets":"30","favorites":"20","mentions":[],"hashtags":[],"geo":"","raw":"개인사정으로 급하게 취소후 몇일뒤 재주문 드렸는데 잊지 않고 재주문해주셨다고 쿨피스도 서비스로 주시고 ㅎㅎ \n맛이야 뭐 말할거 없이 맛있어요~ 기본 튀김 처음으로 바사삭샘플러로 변경해봤는데 맛있네요 게살튀김도 있구... 껍데기도 정말 별미 ㅎㅎ","polarity":{"com":0.03847926271428571,"pos":0.41545607485714287,"neg":0.42169921733333326,"neut":0.03329675957142857,"none":0.0910686855238095},"intensity":{"high":0.18074025305622574,"low":0.09742886395702043,"meium":0.6304549777443074,"none":0.09137590524244647},"expressive":{"dir-action":0.0009216589999122227,"dir-explicit":0.24508082807189702,"dir-speech":0.3553543998232995,"indirect":0.2841050398300852,"writing-device":0.11453807327480588}},{"id":"신과함께국물떡볶이-노원점","permalink":"","username":"asdfg","text":"진심 맛남 ㅋㅋㅋ\n구성도 풍부하고 \n\n쿨피스도 서비스 ♡♡\n배달사원도 친절하고 ㅋㅋ\n\n맘에 들어여","date":"Mon Dec 10 23:59:44 +0000 2018","retweets":"30","favorites":"20","mentions":[],"hashtags":[],"geo":"","raw":"진심 맛남 ㅋㅋㅋ\n구성도 풍부하고 \n\n쿨피스도 서비스 ♡♡\n배달사원도 친절하고 ㅋㅋ\n\n맘에 들어여","polarity":{"com":0.006480743399999998,"pos":0.46882654539999996,"neg":0.37280420979999995,"neut":0.015976114299999997,"none":0.13591238709999998},"intensity":{"high":0.0682470489,"low":0.0543070258,"meium":0.7410181841,"none":0.1364277412},"expressive":{"dir-action":0.0009454615997163616,"dir-explicit":0.24334336642699703,"dir-speech":0.39513804118145857,"indirect":0.226503300532049,"writing-device":0.13406983025977903}},{"id":"신과함께국물떡볶이-노원점","permalink":"","username":"asdfg","text":"두번째 주문 ㅋㅋ 굿","date":"Mon Dec 10 23:59:44 +0000 2018","retweets":"30","favorites":"20","mentions":[],"hashtags":[],"geo":"","raw":"두번째 주문 ㅋㅋ 굿","polarity":{"com":0,"pos":1,"neg":0,"neut":0,"none":0},"intensity":{"high":0,"low":0,"meium":1,"none":0},"expressive":{"dir-action":0,"dir-explicit":0.5,"dir-speech":0,"indirect":0.5,"writing-device":0}},{"id":"신과함께국물떡볶이-노원점","permalink":"","username":"asdfg","text":"항상안짜게부탁드리는데 그래야간이딱좋더라구요.얼큰하고 오늘도 너무맛나게잘먹었습니다~~요구사항 봐주시고 감사해여","date":"Mon Dec 10 23:59:44 +0000 2018","retweets":"30","favorites":"20","mentions":[],"hashtags":[],"geo":"","raw":"항상안짜게부탁드리는데 그래야간이딱좋더라구요.얼큰하고 오늘도 너무맛나게잘먹었습니다~~요구사항 봐주시고 감사해여","polarity":{"com":0.005425694429346528,"pos":0.7067080225295296,"neg":0.19381701574197388,"neut":0.02483143028926163,"none":0.06921783700988826},"intensity":{"high":0.2069405736009915,"low":0.07153285972450468,"meium":0.651679403093097,"none":0.06984716358140673},"expressive":{"dir-action":0.0006293265714285714,"dir-explicit":0.2734424165714286,"dir-speech":0.45296532714285714,"indirect":0.20413617428571426,"writing-device":0.06882675542857143}},{"id":"신과함께국물떡볶이-노원점","permalink":"","username":"asdfg","text":"너무 잘먹었 습니다 ^^","date":"Mon Dec 10 23:59:44 +0000 2018","retweets":"30","favorites":"20","mentions":[],"hashtags":[],"geo":"","raw":"너무 잘먹었 습니다 ^^","polarity":{"com":0.142857143,"pos":0.142857143,"neg":0.714285714,"neut":0,"none":0},"intensity":{"high":0.142857143,"low":0.142857143,"meium":0.714285714,"none":0},"expressive":{"dir-action":0,"dir-explicit":0.5714285710000001,"dir-speech":0.28571428600000004,"indirect":0.14285714300000002,"writing-device":0}},{"id":"신과함께국물떡볶이-노원점","permalink":"","username":"asdfg","text":"자주시켜먹는데 적당히 맵고 통주는게 너무 맘에듭니다 조만간 또먹을듯:)","date":"Mon Dec 10 23:59:44 +0000 2018","retweets":"30","favorites":"20","mentions":[],"hashtags":[],"geo":"","raw":"자주시켜먹는데 적당히 맵고 통주는게 너무 맘에듭니다 조만간 또먹을듯:)","polarity":{"com":0,"pos":0.40087505069970825,"neg":0.4742775743419075,"neut":0.025641025658119657,"none":0.09920634930026453},"intensity":{"high":0.05911680914696105,"low":0.11253561262915476,"meium":0.7291412289236195,"none":0.09920634930026453},"expressive":{"dir-action":0.009259259333333334,"dir-explicit":0.28805453816666665,"dir-speech":0.4018925518333334,"indirect":0.1777777776666667,"writing-device":0.123015873}},{"id":"신과함께국물떡볶이-노원점","permalink":"","username":"asdfg","text":"오늘 처음시켰는데요 떡복이맛이 너무 없네요 짜면서 이맛도저맛도 아니네요 이런걸 시켰다고 우리 신랑한테 한소리 들었어요 너무맛이없어요 돈이아깝네요","date":"Mon Dec 10 23:59:44 +0000 2018","retweets":"30","favorites":"20","mentions":[],"hashtags":[],"geo":"","raw":"오늘 처음시켰는데요 떡복이맛이 너무 없네요 짜면서 이맛도저맛도 아니네요 이런걸 시켰다고 우리 신랑한테 한소리 들었어요 너무맛이없어요 돈이아깝네요","polarity":{"com":0.04568552583912531,"pos":0.41905621016629907,"neg":0.43676831331742033,"neut":0.042884194762633214,"none":0.0556057559145222},"intensity":{"high":0.05272362714573482,"low":0.10411127806090595,"meium":0.7826265825719037,"none":0.06053851222145561},"expressive":{"dir-action":0.0008841733076923074,"dir-explicit":0.2063544905384615,"dir-speech":0.5914170756923076,"indirect":0.1450583713076923,"writing-device":0.05628588915384616}},{"id":"신과함께국물떡볶이-노원점","permalink":"","username":"asdfg","text":"와~~~~~~한입먹고리뷰써요\n노원구 프렌차이즈 떡볶이 다먹어봤는데 항상 여기로돌아오게되요...ㅋㅋ 얼큰한게땡겨서 올만에시켰는데 역시 서비스나 맛이나...갑이예요...얼큰하고 안짜고 완전좋아요. 감사해요!요구사항도 꼼꼼히 봐주시고....너무만족합니다","date":"Mon Dec 10 23:59:44 +0000 2018","retweets":"30","favorites":"20","mentions":[],"hashtags":[],"geo":"","raw":"와~~~~~~한입먹고리뷰써요\n노원구 프렌차이즈 떡볶이 다먹어봤는데 항상 여기로돌아오게되요...ㅋㅋ 얼큰한게땡겨서 올만에시켰는데 역시 서비스나 맛이나...갑이예요...얼큰하고 안짜고 완전좋아요. 감사해요!요구사항도 꼼꼼히 봐주시고....너무만족합니다","polarity":{"com":0.013372363856506078,"pos":0.47762979945344625,"neg":0.2970273172715701,"neut":0.12381223694648512,"none":0.08815828247199246},"intensity":{"high":0.1638096678095238,"low":0.11693011942857146,"meium":0.630646748047619,"none":0.0886134647142857},"expressive":{"dir-action":0.004988999666429095,"dir-explicit":0.29595398074781176,"dir-speech":0.38486955602929185,"indirect":0.20219578675227637,"writing-device":0.11199167680419088}},{"id":"신과함께국물떡볶이-노원점","permalink":"","username":"asdfg","text":"근래 배달 떡뽀끼중 젤 맛났어용~ 누들떡이랑 어묵도 신기했구용 ㅋㅋ 앞으로 자주시켜먹을거 같아영!!","date":"Mon Dec 10 23:59:44 +0000 2018","retweets":"30","favorites":"20","mentions":[],"hashtags":[],"geo":"","raw":"근래 배달 떡뽀끼중 젤 맛났어용~ 누들떡이랑 어묵도 신기했구용 ㅋㅋ 앞으로 자주시켜먹을거 같아영!!","polarity":{"com":0.0029441884444444443,"pos":0.5996757124444444,"neg":0.31643625200000003,"neut":0.029424816555555552,"none":0.05151903055555555},"intensity":{"high":0.04375035555555555,"low":0.23547818155555555,"meium":0.6690134836666668,"none":0.05175797922222222},"expressive":{"dir-action":0.0007168458887295898,"dir-explicit":0.1728053707393766,"dir-speech":0.5969334925340147,"indirect":0.04918928143351349,"writing-device":0.18035500940436552}},{"id":"신과함께국물떡볶이-노원점","permalink":"","username":"asdfg","text":"안달구 맛있어요~ 울아들 스팸치즈무스비~ 완전잘먹었내요","date":"Mon Dec 10 23:59:44 +0000 2018","retweets":"30","favorites":"20","mentions":[],"hashtags":[],"geo":"","raw":"안달구 맛있어요~ 울아들 스팸치즈무스비~ 완전잘먹었내요","polarity":{"com":0.03571428571428571,"pos":0.19047619042857145,"neg":0.7470238095714287,"neut":0.017857142857142856,"none":0.008928571428571428},"intensity":{"high":0.13194444442857142,"low":0.06746031742857142,"meium":0.7916666667142858,"none":0.008928571428571428},"expressive":{"dir-action":0.07142857142857142,"dir-explicit":0.20138888885714287,"dir-speech":0.45932539685714285,"indirect":0.25,"writing-device":0.017857142857142856}},{"id":"신과함께국물떡볶이-노원점","permalink":"","username":"asdfg","text":"떡볶이 궁물하고 스팸치즈무스비랑 같이 먹었는데 정말 맛있었어요\n떡볶이 매운맛정도는 2단계로 했는데 적당했어요\n다시 주문할 생각도 있어요","date":"Mon Dec 10 23:59:44 +0000 2018","retweets":"30","favorites":"20","mentions":[],"hashtags":[],"geo":"","raw":"떡볶이 궁물하고 스팸치즈무스비랑 같이 먹었는데 정말 맛있었어요\n떡볶이 매운맛정도는 2단계로 했는데 적당했어요\n다시 주문할 생각도 있어요","polarity":{"com":0.005578214555555554,"pos":0.41209544977777784,"neg":0.4400062386666667,"neut":0.03370823555555555,"none":0.10861186144444444},"intensity":{"high":0.19304106264521764,"low":0.2509660939721149,"meium":0.44562594539493044,"none":0.110366897987737},"expressive":{"dir-action":0.0027108310003012034,"dir-explicit":0.32204448225800497,"dir-speech":0.29636956992181884,"indirect":0.26643183780738133,"writing-device":0.11244327901249371}},{"id":"신과함께국물떡볶이-노원점","permalink":"","username":"asdfg","text":"엽떡 마니아엿는데 요기껀 첨 먹어보내요ᆢ\n국물맛이 입맛에 딱엿써요~\n배달두 빠르구 써비스 쿨피스도 주시구~\n담에 또 생각나는 맛엿네요~","date":"Mon Dec 10 23:59:44 +0000 2018","retweets":"30","favorites":"20","mentions":[],"hashtags":[],"geo":"","raw":"엽떡 마니아엿는데 요기껀 첨 먹어보내요ᆢ\n국물맛이 입맛에 딱엿써요~\n배달두 빠르구 써비스 쿨피스도 주시구~\n담에 또 생각나는 맛엿네요~","polarity":{"com":0.0037979860996202024,"pos":0.6558557887344144,"neg":0.2337065431766294,"neut":0.019330053198066997,"none":0.08730962879126905},"intensity":{"high":0.06506042170650604,"low":0.10929089501092909,"meium":0.7378985258737899,"none":0.08775015740877502},"expressive":{"dir-action":0.0095314377,"dir-explicit":0.16557996579999998,"dir-speech":0.5470180089000001,"indirect":0.17654900169999999,"writing-device":0.1013215859}},{"id":"신과함께국물떡볶이-노원점","permalink":"","username":"asdfg","text":"떡복이 기달리다 배고파서 라면 끓여 먹어야 겠어요.\n정말 배달이\n늦네요..ㅠㅠ","date":"Mon Dec 10 23:59:44 +0000 2018","retweets":"30","favorites":"20","mentions":[],"hashtags":[],"geo":"","raw":"떡복이 기달리다 배고파서 라면 끓여 먹어야 겠어요.\n정말 배달이\n늦네요..ㅠㅠ","polarity":{"com":0.01342820525,"pos":0.4751680775,"neg":0.34624326974999997,"neut":0.04490224875,"none":0.12025819874999999},"intensity":{"high":0.2110722408555361,"low":0.10902003955451002,"meium":0.5585481992792742,"none":0.12135952031067976},"expressive":{"dir-action":0.0011013215002753302,"dir-explicit":0.3886549480971637,"dir-speech":0.3979064093494766,"indirect":0.08607584002151897,"writing-device":0.12626148103156537}},{"id":"신과함께국물떡볶이-노원점","permalink":"","username":"asdfg","text":"사장님 친절도가 갑입니다.음식맛도 좋고 포장 깔끔하고 튀김 예술 입니다.물론 떡볶이도 짱입니다.","date":"Mon Dec 10 23:59:44 +0000 2018","retweets":"30","favorites":"20","mentions":[],"hashtags":[],"geo":"","raw":"사장님 친절도가 갑입니다.음식맛도 좋고 포장 깔끔하고 튀김 예술 입니다.물론 떡볶이도 짱입니다.","polarity":{"com":0.008721957249999999,"pos":0.563606805375,"neg":0.23273273275,"neut":0.027004946125,"none":0.16793355850000002},"intensity":{"high":0.17112700929278177,"low":0.07781034701945258,"meium":0.5827537097706884,"none":0.16830893391707724},"expressive":{"dir-action":0.00037537537500000013,"dir-explicit":0.45611420250000007,"dir-speech":0.20253985600000002,"indirect":0.1677596715,"writing-device":0.17321089462500003}},{"id":"신과함께국물떡볶이-노원점","permalink":"","username":"asdfg","text":"튀김까지 같이와서 가격대비 구성이 좋았어요.양도 많고 맛있어요.","date":"Mon Dec 10 23:59:44 +0000 2018","retweets":"30","favorites":"20","mentions":[],"hashtags":[],"geo":"","raw":"튀김까지 같이와서 가격대비 구성이 좋았어요.양도 많고 맛있어요.","polarity":{"com":0,"pos":0.5121870883333334,"neg":0.28359683783333334,"neut":0.09057971016666666,"none":0.11363636366666667},"intensity":{"high":0.06620553352206851,"low":0.043807641514602536,"meium":0.7687747037562582,"none":0.1212121212070707},"expressive":{"dir-action":0,"dir-explicit":0.10210803686736934,"dir-speech":0.4756258234918752,"indirect":0.3010540184336847,"writing-device":0.1212121212070707}},{"id":"신과함께국물떡볶이-노원점","permalink":"","username":"asdfg","text":"항상 맛있게 먹고 있습니다 ! ^^ 저번에 추가 주문한 음식이 덜? 온거 같아 이번 주문때 말씀드렸더니 직접오셔서 가득 주시고 가시네요. 오늘도 맛있게 먹겠습니다 !\n감사합니다 사장님 !","date":"Mon Dec 10 23:59:44 +0000 2018","retweets":"30","favorites":"20","mentions":[],"hashtags":[],"geo":"","raw":"항상 맛있게 먹고 있습니다 ! ^^ 저번에 추가 주문한 음식이 덜? 온거 같아 이번 주문때 말씀드렸더니 직접오셔서 가득 주시고 가시네요. 오늘도 맛있게 먹겠습니다 !\n감사합니다 사장님 !","polarity":{"com":0.0031649884164029183,"pos":0.4869144560427571,"neg":0.4416169244631987,"neut":0.031259892830728345,"none":0.037043738246913024},"intensity":{"high":0.21347627735112304,"low":0.10807911284233994,"meium":0.6410337643867529,"none":0.03741084541978424},"expressive":{"dir-action":0.0003671071666666666,"dir-explicit":0.35217281899999997,"dir-speech":0.37791423783333333,"indirect":0.14939689533333333,"writing-device":0.12014894066666666}},{"id":"신과함께국물떡볶이-노원점","permalink":"","username":"asdfg","text":"아...너무 짜서 거의 못먹네요..그 짠맛이 아직도 입안에 남아 있는거 같네요..오뎅은 더하구요..떡도 간이 되어 있는지..씹을수록 짠맛이..좋은 평가는 어렵네요..ㅜㅜ","date":"Mon Dec 10 23:59:44 +0000 2018","retweets":"30","favorites":"20","mentions":[],"hashtags":[],"geo":"","raw":"아...너무 짜서 거의 못먹네요..그 짠맛이 아직도 입안에 남아 있는거 같네요..오뎅은 더하구요..떡도 간이 되어 있는지..씹을수록 짠맛이..좋은 평가는 어렵네요..ㅜㅜ","polarity":{"com":0.02930192392438544,"pos":0.3651403508764085,"neg":0.4875168247160691,"neut":0.040623935422768,"none":0.077416965060369},"intensity":{"high":0.13141292036652946,"low":0.07580243929112873,"meium":0.7266431106233316,"none":0.0661415297190101},"expressive":{"dir-action":0.0006293265714285714,"dir-explicit":0.3754696815,"dir-speech":0.3359114887857143,"indirect":0.1482341882857143,"writing-device":0.13975531485714285}},{"id":"신과함께국물떡볶이-노원점","permalink":"","username":"asdfg","text":"먹을만해요","date":"Mon Dec 10 23:59:44 +0000 2018","retweets":"30","favorites":"20","mentions":[],"hashtags":[],"geo":"","raw":"먹을만해요","polarity":{"com":0,"pos":0.333333333,"neg":0.666666667,"neut":0,"none":0},"intensity":{"high":0.111111111,"low":0.222222222,"meium":0.666666667,"none":0},"expressive":{"dir-action":0,"dir-explicit":0.222222222,"dir-speech":0.777777778,"indirect":0,"writing-device":0}},{"id":"신과함께국물떡볶이-노원점","permalink":"","username":"asdfg","text":"우선 순대양이 어마어마하구요... 소금 꼭 찍어먹는데 여기 순대는 그냥 먹어도 간이 딱 좋네요. 떡볶이가 그냥 맵기만 한 게 아니라 국물이 진짜ㅠㅠ 완전 맛있게 매워요ㅠㅠ 배달떡볶이 가게 중에서는 가장 만족스럽습니다!","date":"Mon Dec 10 23:59:44 +0000 2018","retweets":"30","favorites":"20","mentions":[],"hashtags":[],"geo":"","raw":"우선 순대양이 어마어마하구요... 소금 꼭 찍어먹는데 여기 순대는 그냥 먹어도 간이 딱 좋네요. 떡볶이가 그냥 맵기만 한 게 아니라 국물이 진짜ㅠㅠ 완전 맛있게 매워요ㅠㅠ 배달떡볶이 가게 중에서는 가장 만족스럽습니다!","polarity":{"com":0.009551688470588234,"pos":0.5218578719411765,"neg":0.3474248410588235,"neut":0.031687404647058826,"none":0.08947819388235294},"intensity":{"high":0.07021435665531933,"low":0.1613050804307418,"meium":0.6777822427267978,"none":0.09069832018714098},"expressive":{"dir-action":0.0006949161766340979,"dir-explicit":0.32623417054734927,"dir-speech":0.3508868918472675,"indirect":0.23107720452495933,"writing-device":0.09110681690378983}},{"id":"신과함께국물떡볶이-노원점","permalink":"","username":"asdfg","text":"신과 국물오뎅 시켰는데 떡:오뎅=1:10 정도의 비율이였어요 ㅠㅠ 떡이 너무 없어서 놀랬어요~ 오뎅탕인줄 ㅋㅋ\n튀김도 맛있고 서비스 물만두도 맛있고 다 만족해요 ㅎ\n다음에 주문할 땐 좀더 매운맛으로 하는게 좋을것 같아요","date":"Mon Dec 10 23:59:44 +0000 2018","retweets":"30","favorites":"20","mentions":[],"hashtags":[],"geo":"","raw":"신과 국물오뎅 시켰는데 떡:오뎅=1:10 정도의 비율이였어요 ㅠㅠ 떡이 너무 없어서 놀랬어요~ 오뎅탕인줄 ㅋㅋ\n튀김도 맛있고 서비스 물만두도 맛있고 다 만족해요 ㅎ\n다음에 주문할 땐 좀더 매운맛으로 하는게 좋을것 같아요","polarity":{"com":0.013749622527794162,"pos":0.45316364912315726,"neg":0.3396360378423958,"neut":0.03975508005414646,"none":0.15369561045250638},"intensity":{"high":0.07651989570588234,"low":0.18871542988235293,"meium":0.5802664291764705,"none":0.1544982452352941},"expressive":{"dir-action":0.0010556391762842985,"dir-explicit":0.2664714213059168,"dir-speech":0.3623058801125342,"indirect":0.15415305309044353,"writing-device":0.216014006314821}},{"id":"신과함께국물떡볶이-노원점","permalink":"","username":"asdfg","text":"너무 맛있었어요 \n사장님 손편지도 최고였고\n남은용기와 사탕에머리쓴까지 센쓰 만만점!!\n다음주터 여기만 시켜먹을꺼예요","date":"Mon Dec 10 23:59:44 +0000 2018","retweets":"30","favorites":"20","mentions":[],"hashtags":[],"geo":"","raw":"너무 맛있었어요 \n사장님 손편지도 최고였고\n남은용기와 사탕에머리쓴까지 센쓰 만만점!!\n다음주터 여기만 시켜먹을꺼예요","polarity":{"com":0.016573295999999998,"pos":0.4520144724,"neg":0.4258730159,"neut":0.041650326800000005,"none":0.0638888889},"intensity":{"high":0.16522525671652255,"low":0.1371778711137178,"meium":0.6337079832633709,"none":0.06388888890638889},"expressive":{"dir-action":0,"dir-explicit":0.210778478,"dir-speech":0.4141106443,"indirect":0.3092612045,"writing-device":0.0658496732}},{"id":"신과함께국물떡볶이-노원점","permalink":"","username":"asdfg","text":"완전 배달빠르고!.! 매너도 좋으셔요.. 게임하느라 문소리 못들었는데 기다려주셨습니다. 감사해요~~","date":"Mon Dec 10 23:59:44 +0000 2018","retweets":"30","favorites":"20","mentions":[],"hashtags":[],"geo":"","raw":"완전 배달빠르고!.! 매너도 좋으셔요.. 게임하느라 문소리 못들었는데 기다려주셨습니다. 감사해요~~","polarity":{"com":0,"pos":0.734375,"neg":0.203125,"neut":0.0625,"none":0},"intensity":{"high":0.171875,"low":0.104166666625,"meium":0.7239583333749999,"none":0},"expressive":{"dir-action":0,"dir-explicit":0.28125,"dir-speech":0.21875,"indirect":0.5,"writing-device":0}},{"id":"신과함께국물떡볶이-노원점","permalink":"","username":"asdfg","text":"정성가득 손편지와 친절하신 배달아저씨\n그런데....머리카락이ㅜㅜ","date":"Mon Dec 10 23:59:44 +0000 2018","retweets":"30","favorites":"20","mentions":[],"hashtags":[],"geo":"","raw":"정성가득 손편지와 친절하신 배달아저씨\n그런데....머리카락이ㅜㅜ","polarity":{"com":0.0100383686,"pos":0.5395694188,"neg":0.35864336120000007,"neut":0.034395339000000004,"none":0.057353512399999994},"intensity":{"high":0.3157690302631538,"low":0.08299085781659817,"meium":0.5425754347085151,"none":0.05866467721173294},"expressive":{"dir-action":0.002171379800868552,"dir-explicit":0.2622817489049127,"dir-speech":0.3978380939591352,"indirect":0.2794742077117897,"writing-device":0.058234569623293826}},{"id":"신과함께국물떡볶이-노원점","permalink":"","username":"asdfg","text":"맛있어요!!!!!! 튀김에도치즈들어간게있네요ㅠㅠ감사합니다~~","date":"Mon Dec 10 23:59:44 +0000 2018","retweets":"30","favorites":"20","mentions":[],"hashtags":[],"geo":"","raw":"맛있어요!!!!!! 튀김에도치즈들어간게있네요ㅠㅠ감사합니다~~","polarity":{"com":0.0014285713997142855,"pos":0.4197802197160439,"neg":0.40802197811839563,"neut":0.08362637358327472,"none":0.08714285718257143},"intensity":{"high":0.243956044,"low":0.069010989,"meium":0.5998901098,"none":0.0871428572},"expressive":{"dir-action":0,"dir-explicit":0.09868131878026376,"dir-speech":0.7484615382503078,"indirect":0.06714285718657144,"writing-device":0.08571428578285714}},{"id":"신과함께국물떡볶이-노원점","permalink":"","username":"asdfg","text":"오늘은 요구사항을안보셨는지 요구사항대로안와서 아쉬웠으나 맛은있어요~담엔봐주셨음해여. 사장님친절하시고 양도많고 맛나요.튀김은 해쉬브라운이랑 치마떡말곤 안먹어서 남겼어요.혼자서2만원어치시키는사람은 저밖에없을것같네요ㅋㅋㅋㅋ그래도잘먹었습니다.","date":"Mon Dec 10 23:59:44 +0000 2018","retweets":"30","favorites":"20","mentions":[],"hashtags":[],"geo":"","raw":"오늘은 요구사항을안보셨는지 요구사항대로안와서 아쉬웠으나 맛은있어요~담엔봐주셨음해여. 사장님친절하시고 양도많고 맛나요.튀김은 해쉬브라운이랑 치마떡말곤 안먹어서 남겼어요.혼자서2만원어치시키는사람은 저밖에없을것같네요ㅋㅋㅋㅋ그래도잘먹었습니다.","polarity":{"com":0.0028378491667849096,"pos":0.40855715743368987,"neg":0.4407486306850311,"neut":0.055737813002322396,"none":0.09211854971217157},"intensity":{"high":0.07022316508918526,"low":0.09495781271624648,"meium":0.7426108667285509,"none":0.09220815546601735},"expressive":{"dir-action":0.0025836320416666664,"dir-explicit":0.24071244412499995,"dir-speech":0.37522386375,"indirect":0.2852789745833333,"writing-device":0.0962010855}},{"id":"신과함께국물떡볶이-노원점","permalink":"","username":"asdfg","text":"배달도 빠르고 맛도 좋아요..","date":"Mon Dec 10 23:59:44 +0000 2018","retweets":"30","favorites":"20","mentions":[],"hashtags":[],"geo":"","raw":"배달도 빠르고 맛도 좋아요..","polarity":{"com":0,"pos":0.98,"neg":0.01,"neut":0,"none":0.01},"intensity":{"high":0.05,"low":0.09333333325,"meium":0.84666666675,"none":0.01},"expressive":{"dir-action":0,"dir-explicit":0.15,"dir-speech":0.55,"indirect":0.29,"writing-device":0.01}},{"id":"신과함께국물떡볶이-노원점","permalink":"","username":"asdfg","text":"오랜만에 다시 시켰는데 역시 변하지 않는 맛과 친절한 서비스입니다. 맛있어요~","date":"Mon Dec 10 23:59:44 +0000 2018","retweets":"30","favorites":"20","mentions":[],"hashtags":[],"geo":"","raw":"오랜만에 다시 시켰는데 역시 변하지 않는 맛과 친절한 서비스입니다. 맛있어요~","polarity":{"com":0.0038709678007741934,"pos":0.6841781873368357,"neg":0.1276804916255361,"neut":0.08344086021668817,"none":0.10082949302016589},"intensity":{"high":0.05652841781130568,"low":0.2898924730579785,"meium":0.552319508510464,"none":0.10125960062025191},"expressive":{"dir-action":0.0012903226002580646,"dir-explicit":0.15803379423160674,"dir-speech":0.46844854069368974,"indirect":0.2713978494542796,"writing-device":0.10082949302016589}},{"id":"신과함께국물떡볶이-노원점","permalink":"","username":"asdfg","text":"대박대박ㅠㅠ진짜 서비스도주시고 너무맛있섰서요♥\n감사합니다!또시켜먹고싶어요~~","date":"Mon Dec 10 23:59:44 +0000 2018","retweets":"30","favorites":"20","mentions":[],"hashtags":[],"geo":"","raw":"대박대박ㅠㅠ진짜 서비스도주시고 너무맛있섰서요♥\n감사합니다!또시켜먹고싶어요~~","polarity":{"com":0,"pos":0.6952380950609524,"neg":0.2190476191561905,"neut":0,"none":0.08571428578285714},"intensity":{"high":0.2222222222,"low":0.24444444440000002,"meium":0.44761904760000004,"none":0.0857142858},"expressive":{"dir-action":0,"dir-explicit":0.073015873,"dir-speech":0.6126984128,"indirect":0.2,"writing-device":0.1142857142}},{"id":"신과함께국물떡볶이-노원점","permalink":"","username":"asdfg","text":"맛있었어요~ 순대도 맛나고 다 마음에드네요","date":"Mon Dec 10 23:59:44 +0000 2018","retweets":"30","favorites":"20","mentions":[],"hashtags":[],"geo":"","raw":"맛있었어요~ 순대도 맛나고 다 마음에드네요","polarity":{"com":0.002380952333333333,"pos":0.3095238093333333,"neg":0.44285714300000006,"neut":0.004761904666666666,"none":0.24047619066666667},"intensity":{"high":0.14285714295238094,"low":0.038095237987301585,"meium":0.5785714284738095,"none":0.24047619058650793},"expressive":{"dir-action":0,"dir-explicit":0.20476190486349208,"dir-speech":0.5285714283142857,"indirect":0.028571428647619045,"writing-device":0.23809523817460315}},{"id":"신과함께국물떡볶이-노원점","permalink":"","username":"asdfg","text":"음식에서 쉰내나고 맛도 쉰거 같아여...양파에서도 그렇고...뭐죠...","date":"Mon Dec 10 23:59:44 +0000 2018","retweets":"30","favorites":"20","mentions":[],"hashtags":[],"geo":"","raw":"음식에서 쉰내나고 맛도 쉰거 같아여...양파에서도 그렇고...뭐죠...","polarity":{"com":0.0014285714000000001,"pos":0.38571428560000004,"neg":0.322857143,"neut":0.2028571428,"none":0.08714285720000002},"intensity":{"high":0.042857142800000005,"low":0.022857142800000004,"meium":0.8471428572,"none":0.08714285720000002},"expressive":{"dir-action":0,"dir-explicit":0.07999999998400001,"dir-speech":0.28857142854228574,"indirect":0.34571428573085716,"writing-device":0.2857142857428571}},{"id":"신과함께국물떡볶이-노원점","permalink":"","username":"asdfg","text":"다른 배달되는 떡볶이 중에 최고에요.","date":"Mon Dec 10 23:59:44 +0000 2018","retweets":"30","favorites":"20","mentions":[],"hashtags":[],"geo":"","raw":"다른 배달되는 떡볶이 중에 최고에요.","polarity":{"com":0,"pos":0.962962963,"neg":0.037037037,"neut":0,"none":0},"intensity":{"high":0.2592592593333333,"low":0.111111111,"meium":0.6296296296666667,"none":0},"expressive":{"dir-action":0,"dir-explicit":0.22222222233333333,"dir-speech":0.44444444433333335,"indirect":0.3333333333333333,"writing-device":0}},{"id":"신과함께국물떡볶이-노원점","permalink":"","username":"asdfg","text":"리얼 감동 친절 100% \n맛은 친절함으로 만족!\n고객만족 100%\n훌륭합니다","date":"Mon Dec 10 23:59:44 +0000 2018","retweets":"30","favorites":"20","mentions":[],"hashtags":[],"geo":"","raw":"리얼 감동 친절 100% \n맛은 친절함으로 만족!\n고객만족 100%\n훌륭합니다","polarity":{"com":0,"pos":0.7777777778333332,"neg":0.22222222216666668,"neut":0,"none":0},"intensity":{"high":0.11111111116666667,"low":0,"meium":0.8888888888333333,"none":0},"expressive":{"dir-action":0,"dir-explicit":0.3333333333333333,"dir-speech":0.22222222216666668,"indirect":0.4444444445,"writing-device":0}},{"id":"신과함께국물떡볶이-노원점","permalink":"","username":"asdfg","text":"딱 제스타일입니다\n떡볶이가 너무 맛있어용\n손편지까지 감동요~~^^\n앞으로 많이 이용할께요","date":"Mon Dec 10 23:59:44 +0000 2018","retweets":"30","favorites":"20","mentions":[],"hashtags":[],"geo":"","raw":"딱 제스타일입니다\n떡볶이가 너무 맛있어용\n손편지까지 감동요~~^^\n앞으로 많이 이용할께요","polarity":{"com":0.006676422111111111,"pos":0.40677212011111114,"neg":0.4207412062222222,"neut":0.05927879522222222,"none":0.10653145633333333},"intensity":{"high":0.06270153868060035,"low":0.13770162991948923,"meium":0.6867838578192854,"none":0.11281297358062511},"expressive":{"dir-action":0.000716845888888889,"dir-explicit":0.17634190322222223,"dir-speech":0.40759154377777773,"indirect":0.283070578,"writing-device":0.1322791291111111}},{"id":"신과함께국물떡볶이-노원점","permalink":"","username":"asdfg","text":"떡볶이 좋아해서 이쪽저쪽 시켜먹는데 꽤 괜찮았어요. 옛날 떡볶이 맛이 나는 것 같은 느낌이에요. 친구랑 먹다가 떡볶이 덕에 옛날 얘기 하고 그랬네요ㅋㅋㅋ","date":"Mon Dec 10 23:59:44 +0000 2018","retweets":"30","favorites":"20","mentions":[],"hashtags":[],"geo":"","raw":"떡볶이 좋아해서 이쪽저쪽 시켜먹는데 꽤 괜찮았어요. 옛날 떡볶이 맛이 나는 것 같은 느낌이에요. 친구랑 먹다가 떡볶이 덕에 옛날 얘기 하고 그랬네요ㅋㅋㅋ","polarity":{"com":0,"pos":0.6938528137306147,"neg":0.2516017316748398,"neut":0.009090909099090907,"none":0.04545454549545454},"intensity":{"high":0.1626984126,"low":0.0844444444,"meium":0.7074025975,"none":0.0454545455},"expressive":{"dir-action":0,"dir-explicit":0.3131457430686855,"dir-speech":0.4680230880531977,"indirect":0.17337662338266233,"writing-device":0.045454545495454544}},{"id":"신과함께국물떡볶이-노원점","permalink":"","username":"asdfg","text":"음 너무 기대했나요\n기대만큼은 아니에요\n특히 순대는 별로 참고하세요","date":"Mon Dec 10 23:59:44 +0000 2018","retweets":"30","favorites":"20","mentions":[],"hashtags":[],"geo":"","raw":"음 너무 기대했나요\n기대만큼은 아니에요\n특히 순대는 별로 참고하세요","polarity":{"com":0.021144553249999996,"pos":0.436639144875,"neg":0.28575268812500004,"neut":0.051208077375,"none":0.205255536375},"intensity":{"high":0.087736015114033,"low":0.07185739886601782,"meium":0.6348822324206397,"none":0.20552435359930946},"expressive":{"dir-action":0.0008064516250000001,"dir-explicit":0.3131560420000001,"dir-speech":0.346153353875,"indirect":0.13281810025000002,"writing-device":0.20706605225000002}},{"id":"신과함께국물떡볶이-노원점","permalink":"","username":"asdfg","text":"맛은좋은데요.\n떡으로 시켰는데 오뎅이 더 많네요.\n오뎅싫어하는데","date":"Mon Dec 10 23:59:44 +0000 2018","retweets":"30","favorites":"20","mentions":[],"hashtags":[],"geo":"","raw":"맛은좋은데요.\n떡으로 시켰는데 오뎅이 더 많네요.\n오뎅싫어하는데","polarity":{"com":0,"pos":0.784,"neg":0.20800000000000002,"neut":0,"none":0.008},"intensity":{"high":0.04000000000000001,"low":0.008000000000000002,"meium":0.944,"none":0.008000000000000002},"expressive":{"dir-action":0,"dir-explicit":0.12,"dir-speech":0.64,"indirect":0.23199999999999998,"writing-device":0.008000000000000002}},{"id":"신과함께국물떡볶이-노원점","permalink":"","username":"asdfg","text":"와이프랑 떡볶이 먹으려고 첨엔 오징어 어쩌고 떡볶이를 주문했다가 아기가 깨서 메모에 10시반 이후로만 아무때나 배달부탁드린다고 적었더니 다짜고짜 전화해서 그시간 맞추다가 다른배달 못가면 어쩌냐고 그런주문 안받겠단 패기 시전해서 취소하고 여기서 주문했는데 덕분에 맛있는집 알게되서 좋습니다. 크게 조미료맛도 나지않고 친절해서 너무 좋네요. 자주시켜먹겠습니다.","date":"Mon Dec 10 23:59:44 +0000 2018","retweets":"30","favorites":"20","mentions":[],"hashtags":[],"geo":"","raw":"와이프랑 떡볶이 먹으려고 첨엔 오징어 어쩌고 떡볶이를 주문했다가 아기가 깨서 메모에 10시반 이후로만 아무때나 배달부탁드린다고 적었더니 다짜고짜 전화해서 그시간 맞추다가 다른배달 못가면 어쩌냐고 그런주문 안받겠단 패기 시전해서 취소하고 여기서 주문했는데 덕분에 맛있는집 알게되서 좋습니다. 크게 조미료맛도 나지않고 친절해서 너무 좋네요. 자주시켜먹겠습니다.","polarity":{"com":0.027812878064516135,"pos":0.5417533260645162,"neg":0.3605625526774193,"neut":0.038493753483870984,"none":0.03137748970967742},"intensity":{"high":0.11485550945161291,"low":0.10993982193548389,"meium":0.7421493246129033,"none":0.033055344},"expressive":{"dir-action":0.0030355116771255963,"dir-explicit":0.30799555284116176,"dir-speech":0.4380134978930955,"indirect":0.2178377830756931,"writing-device":0.0331176545129241}},{"id":"신과함께국물떡볶이-노원점","permalink":"","username":"asdfg","text":"맛은 비슷하고요. 양이 많아요. 정성때문에 5개","date":"Mon Dec 10 23:59:44 +0000 2018","retweets":"30","favorites":"20","mentions":[],"hashtags":[],"geo":"","raw":"맛은 비슷하고요. 양이 많아요. 정성때문에 5개","polarity":{"com":0,"pos":0.4915458936666666,"neg":0.24396135266666666,"neut":0.097826087,"none":0.16666666666666666},"intensity":{"high":0.08695652169565217,"low":0.07246376802415458,"meium":0.673913043557971,"none":0.1666666667222222},"expressive":{"dir-action":0,"dir-explicit":0.25724637675241546,"dir-speech":0.46135265715378415,"indirect":0.11473429937157811,"writing-device":0.16666666672222222}},{"id":"신과함께국물떡볶이-노원점","permalink":"","username":"asdfg","text":"맛좋아\n정성 좋아 \n서비스 좋아","date":"Mon Dec 10 23:59:44 +0000 2018","retweets":"30","favorites":"20","mentions":[],"hashtags":[],"geo":"","raw":"맛좋아\n정성 좋아 \n서비스 좋아","polarity":{"com":0,"pos":0.9733333333333333,"neg":0.013333333333333334,"neut":0,"none":0.013333333333333334},"intensity":{"high":0.06666666666666667,"low":0.3466666666666667,"meium":0.5733333333333334,"none":0.013333333333333334},"expressive":{"dir-action":0,"dir-explicit":0.19999999999999998,"dir-speech":0.39999999999999997,"indirect":0.38666666666666666,"writing-device":0.013333333333333334}},{"id":"신과함께국물떡볶이-노원점","permalink":"","username":"asdfg","text":"첨 시켰는데, 배달도 빠르고 맛있네요~\n조미료 맛이라기 보다는 칼칼하게 매워요!!\n재주문 의사 있음","date":"Mon Dec 10 23:59:44 +0000 2018","retweets":"30","favorites":"20","mentions":[],"hashtags":[],"geo":"","raw":"첨 시켰는데, 배달도 빠르고 맛있네요~\n조미료 맛이라기 보다는 칼칼하게 매워요!!\n재주문 의사 있음","polarity":{"com":0.003003003000375376,"pos":0.6162591163270325,"neg":0.2892803517861601,"neut":0.07853389100981674,"none":0.012923637876615457},"intensity":{"high":0.018232518250000003,"low":0.144439081875,"meium":0.824029386625,"none":0.013299013250000002},"expressive":{"dir-action":0.000375375375,"dir-explicit":0.121380308875,"dir-speech":0.532094594625,"indirect":0.330866580875,"writing-device":0.015283140249999999}},{"id":"신과함께국물떡볶이-노원점","permalink":"","username":"asdfg","text":"요청사항도친절히들어주시고...시킬때마다늘기대이상입니다.건강하게매운맛너무좋고 얼큰해서 매번생각나서시키게되요ㅜㅜ아....서비스안주셔도된다했는데도 주시고 미안할정도네요.노원에서 매운떡볶이류거의다먹어봤는데 신과함께가 젤맛있어요진짜ㅎ양심적인사장님감사합니다.대박나세요!!","date":"Mon Dec 10 23:59:44 +0000 2018","retweets":"30","favorites":"20","mentions":[],"hashtags":[],"geo":"","raw":"요청사항도친절히들어주시고...시킬때마다늘기대이상입니다.건강하게매운맛너무좋고 얼큰해서 매번생각나서시키게되요ㅜㅜ아....서비스안주셔도된다했는데도 주시고 미안할정도네요.노원에서 매운떡볶이류거의다먹어봤는데 신과함께가 젤맛있어요진짜ㅎ양심적인사장님감사합니다.대박나세요!!","polarity":{"com":0.02382160517640418,"pos":0.5135947830196375,"neg":0.2960138241145423,"neut":0.042468986353984314,"none":0.12410080133543162},"intensity":{"high":0.18873389307375144,"low":0.11464452794412323,"meium":0.5794763174473203,"none":0.11714526153480499},"expressive":{"dir-action":0.000815721181706947,"dir-explicit":0.30024001923178545,"dir-speech":0.29915791423193305,"indirect":0.27802145682572427,"writing-device":0.12176488852885023}},{"id":"신과함께국물떡볶이-노원점","permalink":"","username":"asdfg","text":"ᆞ","date":"Mon Dec 10 23:59:44 +0000 2018","retweets":"30","favorites":"20","mentions":[],"hashtags":[],"geo":"","raw":"ᆞ","polarity":{"com":null,"pos":null,"neg":null,"neut":null,"none":null},"intensity":{"high":null,"low":null,"meium":null,"none":null},"expressive":{"dir-action":null,"dir-explicit":null,"dir-speech":null,"indirect":null,"writing-device":null}},{"id":"신과함께국물떡볶이-노원점","permalink":"","username":"asdfg","text":"최근  배달시켜먹은  음식중  젤맛있었어요  깔끔하기두하구요  특히 남은음식물  버리는  통까지 가쳐다주는쎈쓰!  완전  짱입니다","date":"Mon Dec 10 23:59:44 +0000 2018","retweets":"30","favorites":"20","mentions":[],"hashtags":[],"geo":"","raw":"최근  배달시켜먹은  음식중  젤맛있었어요  깔끔하기두하구요  특히 남은음식물  버리는  통까지 가쳐다주는쎈쓰!  완전  짱입니다","polarity":{"com":0.0031179609335411974,"pos":0.3690184040912679,"neg":0.4276488860285099,"neut":0.01896857046793124,"none":0.18124617847874974},"intensity":{"high":0.06250222273750015,"low":0.1459820825430655,"meium":0.6072392132404826,"none":0.18427648147895176},"expressive":{"dir-action":0.048148148203209874,"dir-explicit":0.32853434895523564,"dir-speech":0.2724792625514986,"indirect":0.1642889608109526,"writing-device":0.1865492794791033}},{"id":"신과함께국물떡볶이-노원점","permalink":"","username":"asdfg","text":"신속 정확 만족","date":"Mon Dec 10 23:59:44 +0000 2018","retweets":"30","favorites":"20","mentions":[],"hashtags":[],"geo":"","raw":"신속 정확 만족","polarity":{"com":0,"pos":0,"neg":1,"neut":0,"none":0},"intensity":{"high":0,"low":0,"meium":1,"none":0},"expressive":{"dir-action":0,"dir-explicit":1,"dir-speech":0,"indirect":0,"writing-device":0}},{"id":"신과함께국물떡볶이-노원점","permalink":"","username":"asdfg","text":"그럭저럭 입니다. 딱 별3개","date":"Mon Dec 10 23:59:44 +0000 2018","retweets":"30","favorites":"20","mentions":[],"hashtags":[],"geo":"","raw":"그럭저럭 입니다. 딱 별3개","polarity":{"com":0.0114379085,"pos":0.6928104575,"neg":0.138888889,"neut":0.045751634,"none":0.111111111},"intensity":{"high":0.06372549003186273,"low":0.04084967302042484,"meium":0.7843137258921569,"none":0.11111111105555554},"expressive":{"dir-action":0,"dir-explicit":0.209150327,"dir-speech":0.1013071895,"indirect":0.568627451,"writing-device":0.1209150325}},{"id":"신과함께국물떡볶이-노원점","permalink":"","username":"asdfg","text":"점심시간에 자주 시켜먹는데 너무너무 맛있어요~적당히\n매운게 자꾸 생각나네요ㅎㅎ사장님도 너무 친절하시고 배달도 짱 빨라요!!항상 감사하고 잘먹었습니다~👍","date":"Mon Dec 10 23:59:44 +0000 2018","retweets":"30","favorites":"20","mentions":[],"hashtags":[],"geo":"","raw":"점심시간에 자주 시켜먹는데 너무너무 맛있어요~적당히\n매운게 자꾸 생각나네요ㅎㅎ사장님도 너무 친절하시고 배달도 짱 빨라요!!항상 감사하고 잘먹었습니다~👍","polarity":{"com":0.004168412272727273,"pos":0.5162525645454545,"neg":0.39785805599999996,"neut":0.03702748863636363,"none":0.044693478545454544},"intensity":{"high":0.055496474818181825,"low":0.22852917681818183,"meium":0.6708898629090909,"none":0.04508448545454546},"expressive":{"dir-action":0.0011730205453479073,"dir-explicit":0.18707922907390193,"dir-speech":0.5911081749462629,"indirect":0.17659544752940046,"writing-device":0.044044127905086904}},{"id":"신과함께국물떡볶이-노원점","permalink":"","username":"asdfg","text":"맛있고 친절한데 국물오뎅에 쌀떡도 들어간다고 써있는데 아예 한개도 안들어있어요~ 잘못제조된건지 메뉴판이 잘못된건지 확인좀 부탁드려요 ㅎㅎ","date":"Mon Dec 10 23:59:44 +0000 2018","retweets":"30","favorites":"20","mentions":[],"hashtags":[],"geo":"","raw":"맛있고 친절한데 국물오뎅에 쌀떡도 들어간다고 써있는데 아예 한개도 안들어있어요~ 잘못제조된건지 메뉴판이 잘못된건지 확인좀 부탁드려요 ㅎㅎ","polarity":{"com":0.010056633062499999,"pos":0.3548167420000001,"neg":0.42235067162499995,"neut":0.049019647375,"none":0.16375630593749999},"intensity":{"high":0.060237616371235154,"low":0.038833723185072895,"meium":0.73520011551655,"none":0.16572854492714195},"expressive":{"dir-action":0.006360374375397523,"dir-explicit":0.26480260276655027,"dir-speech":0.3448736467715546,"indirect":0.21546745401346676,"writing-device":0.16849592207303102}},{"id":"신과함께국물떡볶이-노원점","permalink":"","username":"asdfg","text":"진짜 맛있고 서비스가 장난 아니에요^^진짜 영 많고 푸짐해요","date":"Mon Dec 10 23:59:44 +0000 2018","retweets":"30","favorites":"20","mentions":[],"hashtags":[],"geo":"","raw":"진짜 맛있고 서비스가 장난 아니에요^^진짜 영 많고 푸짐해요","polarity":{"com":0.0048048048,"pos":0.6007833922,"neg":0.3743047393999999,"neut":0.0153022588,"none":0.0048048048},"intensity":{"high":0.07499673581499934,"low":0.260295077652059,"meium":0.6593027811318605,"none":0.00540540540108108},"expressive":{"dir-action":0.20060060064012014,"dir-explicit":0.1668102884333621,"dir-speech":0.26149627885229926,"indirect":0.36568742667313753,"writing-device":0.005405405401081082}},{"id":"신과함께국물떡볶이-노원점","permalink":"","username":"asdfg","text":"맛남","date":"Mon Dec 10 23:59:44 +0000 2018","retweets":"30","favorites":"20","mentions":[],"hashtags":[],"geo":"","raw":"맛남","polarity":{"com":0,"pos":1,"neg":0,"neut":0,"none":0},"intensity":{"high":0,"low":0,"meium":1,"none":0},"expressive":{"dir-action":0,"dir-explicit":0,"dir-speech":1,"indirect":0,"writing-device":0}},{"id":"신과함께국물떡볶이-노원점","permalink":"","username":"asdfg","text":"배송이 조금 오래걸리는 편입니다~\n많이 맵지 않아서 좋았지만 약간 간이 안맞는?? 느낌입니다\n조금 아쉬웠어요!!","date":"Mon Dec 10 23:59:44 +0000 2018","retweets":"30","favorites":"20","mentions":[],"hashtags":[],"geo":"","raw":"배송이 조금 오래걸리는 편입니다~\n많이 맵지 않아서 좋았지만 약간 간이 안맞는?? 느낌입니다\n조금 아쉬웠어요!!","polarity":{"com":0.11453744490161524,"pos":0.36870941426318987,"neg":0.34104639148233845,"neut":0.17028335235225367,"none":0.005423397000602599},"intensity":{"high":0.033969652448218854,"low":0.4215978681579553,"meium":0.5385196061709467,"none":0.005912873222879209},"expressive":{"dir-action":0.0004894762222766083,"dir-explicit":0.38181323759797925,"dir-speech":0.28705063369856115,"indirect":0.3247337792583037,"writing-device":0.005912873222879207}},{"id":"신과함께국물떡볶이-노원점","permalink":"","username":"asdfg","text":"배달해서 먹은 떡볶이중 제일 맛있어요~ 매운맛은 70 했는데 평소 매운걸  즐겨먹는 우리 가족에겐 아주 맵지도 않구 딱좋았네요~ 재주문 의사 있습니다 ^-^","date":"Mon Dec 10 23:59:44 +0000 2018","retweets":"30","favorites":"20","mentions":[],"hashtags":[],"geo":"","raw":"배달해서 먹은 떡볶이중 제일 맛있어요~ 매운맛은 70 했는데 평소 매운걸  즐겨먹는 우리 가족에겐 아주 맵지도 않구 딱좋았네요~ 재주문 의사 있습니다 ^-^","polarity":{"com":0.014168642000000002,"pos":0.4480812558571429,"neg":0.38442373157142856,"neut":0.07044265392857144,"none":0.08288371664285715},"intensity":{"high":0.08237733878571428,"low":0.14223247614285714,"meium":0.6916854503571429,"none":0.08370473471428573},"expressive":{"dir-action":0.0008210180714285714,"dir-explicit":0.22159164471428575,"dir-speech":0.5721192043571428,"indirect":0.12063156614285715,"writing-device":0.08483656671428573}},{"id":"신과함께국물떡볶이-노원점","permalink":"","username":"asdfg","text":"누들떡볶아 맛있고 좋아요~ 긍데 콘샐러드는 너무 얼어서와서ㅠㅠ 그리고 단무지 좀 더 넉넉히주셨으면 좋겠어요","date":"Mon Dec 10 23:59:44 +0000 2018","retweets":"30","favorites":"20","mentions":[],"hashtags":[],"geo":"","raw":"누들떡볶아 맛있고 좋아요~ 긍데 콘샐러드는 너무 얼어서와서ㅠㅠ 그리고 단무지 좀 더 넉넉히주셨으면 좋겠어요","polarity":{"com":0.040000000004,"pos":0.6457460317645746,"neg":0.23879365082387938,"neut":0.05952380950595238,"none":0.015936507901593653},"intensity":{"high":0.0631746032,"low":0.03180952379999999,"meium":0.8890793651,"none":0.0159365079},"expressive":{"dir-action":0,"dir-explicit":0.35253968260000007,"dir-speech":0.46,"indirect":0.1699365079,"writing-device":0.017523809500000005}},{"id":"신과함께국물떡볶이-노원점","permalink":"","username":"asdfg","text":"국물도 많고 맛있네요 튀김도 좋아요","date":"Mon Dec 10 23:59:44 +0000 2018","retweets":"30","favorites":"20","mentions":[],"hashtags":[],"geo":"","raw":"국물도 많고 맛있네요 튀김도 좋아요","polarity":{"com":0,"pos":0.6666666666666666,"neg":0.3333333333333333,"neut":0,"none":0},"intensity":{"high":0,"low":0,"meium":1,"none":0},"expressive":{"dir-action":0,"dir-explicit":0.6666666666666666,"dir-speech":0.3333333333333333,"indirect":0,"writing-device":0}},{"id":"신과함께국물떡볶이-노원점","permalink":"","username":"asdfg","text":"맛잇어욧","date":"Mon Dec 10 23:59:44 +0000 2018","retweets":"30","favorites":"20","mentions":[],"hashtags":[],"geo":"","raw":"맛잇어욧","polarity":{"com":0,"pos":1,"neg":0,"neut":0,"none":0},"intensity":{"high":0,"low":0,"meium":1,"none":0},"expressive":{"dir-action":0,"dir-explicit":0,"dir-speech":1,"indirect":0,"writing-device":0}},{"id":"신과함께국물떡볶이-노원점","permalink":"","username":"asdfg","text":"ㅎㅎ  배달도  빠르고  매운걸  좋아하지만  아이들때문에  가장안매운단계로   매콤달달해서  아이들과  자주  시켜먹는곳~\n오늘도  잘먹었습니다^^","date":"Mon Dec 10 23:59:44 +0000 2018","retweets":"30","favorites":"20","mentions":[],"hashtags":[],"geo":"","raw":"ㅎㅎ  배달도  빠르고  매운걸  좋아하지만  아이들때문에  가장안매운단계로   매콤달달해서  아이들과  자주  시켜먹는곳~\n오늘도  잘먹었습니다^^","polarity":{"com":0.017172299080471288,"pos":0.6324244749779293,"neg":0.2712365592881273,"neut":0.04285714282619049,"none":0.03630952382728176},"intensity":{"high":0.0819465779098378,"low":0.1980585424001618,"meium":0.6809971837765836,"none":0.03899769591341686},"expressive":{"dir-action":0,"dir-explicit":0.13411845023882346,"dir-speech":0.5469107355377574,"indirect":0.280568356393286,"writing-device":0.03840245783013313}},{"id":"신과함께국물떡볶이-노원점","permalink":"","username":"asdfg","text":"방금 도착해서 먹는데 정말 맛있네여ㅠㅠ 엽떡에 익숙해져 있어서 입맛ㅇㅔ 안맞으면 어쩌나 했는데 정말 짱..❤️","date":"Mon Dec 10 23:59:44 +0000 2018","retweets":"30","favorites":"20","mentions":[],"hashtags":[],"geo":"","raw":"방금 도착해서 먹는데 정말 맛있네여ㅠㅠ 엽떡에 익숙해져 있어서 입맛ㅇㅔ 안맞으면 어쩌나 했는데 정말 짱..❤️","polarity":{"com":0.031205454670133942,"pos":0.5560705309506745,"neg":0.2783318914753702,"neut":0.054018868672668766,"none":0.08037325423115257},"intensity":{"high":0.17953762064671805,"low":0.12571718920825364,"meium":0.6128558480430161,"none":0.0818893421020123},"expressive":{"dir-action":0.0019939851115542188,"dir-explicit":0.28116151006248036,"dir-speech":0.47068828199348633,"indirect":0.16195155103598924,"writing-device":0.08420467179648992}},{"id":"신과함께국물떡볶이-노원점","permalink":"","username":"asdfg","text":"보관함까지 챙겨주시는 센스 잘 먹었습니다","date":"Mon Dec 10 23:59:44 +0000 2018","retweets":"30","favorites":"20","mentions":[],"hashtags":[],"geo":"","raw":"보관함까지 챙겨주시는 센스 잘 먹었습니다","polarity":{"com":0,"pos":0.4045214046030143,"neg":0.28619528619079687,"neut":0.05555555537037037,"none":0.2537277538358185},"intensity":{"high":0.05603655601867886,"low":0.1659451657219817,"meium":0.5091390095030464,"none":0.2688792687562931},"expressive":{"dir-action":0,"dir-explicit":0.1546416547182139,"dir-speech":0.31529581543843194,"indirect":0.25589225575196406,"writing-device":0.2741702740913901}},{"id":"신과함께국물떡볶이-노원점","permalink":"","username":"asdfg","text":"음 사장님 센스가 쩌네요 ㅋ 쪽지까지 ㅋㅋ\n\n떡볶이도 딱 알맞게 맵구요 떡도 진짜많아요 ㅋㅋ 무슨양이 ㅎㄷㄷ... \n2인분시켯는데 3번 나눠서 겨우다먹엇네요 흘흘","date":"Mon Dec 10 23:59:44 +0000 2018","retweets":"30","favorites":"20","mentions":[],"hashtags":[],"geo":"","raw":"음 사장님 센스가 쩌네요 ㅋ 쪽지까지 ㅋㅋ\n\n떡볶이도 딱 알맞게 맵구요 떡도 진짜많아요 ㅋㅋ 무슨양이 ㅎㄷㄷ... \n2인분시켯는데 3번 나눠서 겨우다먹엇네요 흘흘","polarity":{"com":0.04255952375,"pos":0.594259363875,"neg":0.17460239037500003,"neut":0.007220496874999999,"none":0.181358225125},"intensity":{"high":0.11334462640333615,"low":0.07214144539303535,"meium":0.6274738849068685,"none":0.18704004329676},"expressive":{"dir-action":0,"dir-explicit":0.17479531339684942,"dir-speech":0.33588603429198577,"indirect":0.3031714661628964,"writing-device":0.18614718614826845}},{"id":"신과함께국물떡볶이-노원점","permalink":"","username":"asdfg","text":"good~!!","date":"Mon Dec 10 23:59:44 +0000 2018","retweets":"30","favorites":"20","mentions":[],"hashtags":[],"geo":"","raw":"good~!!","polarity":{"com":null,"pos":null,"neg":null,"neut":null,"none":null},"intensity":{"high":null,"low":null,"meium":null,"none":null},"expressive":{"dir-action":null,"dir-explicit":null,"dir-speech":null,"indirect":null,"writing-device":null}},{"id":"신과함께국물떡볶이-노원점","permalink":"","username":"asdfg","text":"갑자기 매운 떡볶이가 땡겨서 찾아보던중 이곳에 평점이 좋아서 속는셈치고 주문해봤는데 ...?!!\n정말맛있구요 매콤한게 히야~  그리고 사장님의 센스가 느껴지는 포스트잇 메모까지ㅎㅎ 배달하시는분이 사장님인거같은데 친절하시고 양도 푸짐해서 다음에도 또 주문할거에요ㅎㅎㅎ","date":"Mon Dec 10 23:59:44 +0000 2018","retweets":"30","favorites":"20","mentions":[],"hashtags":[],"geo":"","raw":"갑자기 매운 떡볶이가 땡겨서 찾아보던중 이곳에 평점이 좋아서 속는셈치고 주문해봤는데 ...?!!\n정말맛있구요 매콤한게 히야~  그리고 사장님의 센스가 느껴지는 포스트잇 메모까지ㅎㅎ 배달하시는분이 사장님인거같은데 친절하시고 양도 푸짐해서 다음에도 또 주문할거에요ㅎㅎㅎ","polarity":{"com":0.00733565613569676,"pos":0.5179262391801885,"neg":0.3034457787451413,"neut":0.05879319535829153,"none":0.11249913058068191},"intensity":{"high":0.09004300850409287,"low":0.0904802618677491,"meium":0.7037290429865332,"none":0.1157476866416249},"expressive":{"dir-action":0.0005662554090651704,"dir-explicit":0.28437232771434673,"dir-speech":0.3870192216187719,"indirect":0.1368797826755964,"writing-device":0.1911624125822199}},{"id":"신과함께국물떡볶이-노원점","permalink":"","username":"asdfg","text":"사장님 손 글에 한번 놀라고 맛에 한번 놀라고 센스에 감탄했다 ㅋㅋㅋㅋㅋ 맛잇게 잘먹었습니다","date":"Mon Dec 10 23:59:44 +0000 2018","retweets":"30","favorites":"20","mentions":[],"hashtags":[],"geo":"","raw":"사장님 손 글에 한번 놀라고 맛에 한번 놀라고 센스에 감탄했다 ㅋㅋㅋㅋㅋ 맛잇게 잘먹었습니다","polarity":{"com":0.0024193548753024194,"pos":0.5913018433239128,"neg":0.13337173576667147,"neut":0.2694124424086765,"none":0.0034946236254368283},"intensity":{"high":0.01747311825,"low":0.04130184325,"meium":0.937461597625,"none":0.003763440875},"expressive":{"dir-action":0.000806451625,"dir-explicit":0.066033026125,"dir-speech":0.367185099875,"indirect":0.56248079875,"writing-device":0.003494623625}},{"id":"신과함께국물떡볶이-노원점","permalink":"","username":"asdfg","text":"친절하고 맛있습니다^^","date":"Mon Dec 10 23:59:44 +0000 2018","retweets":"30","favorites":"20","mentions":[],"hashtags":[],"geo":"","raw":"친절하고 맛있습니다^^","polarity":{"com":0.009677419499999998,"pos":0.25806451599999997,"neg":0.676344086,"neut":0.041935483999999995,"none":0.013978494499999997},"intensity":{"high":0.069892473,"low":0.058064516,"meium":0.8569892475,"none":0.0150537635},"expressive":{"dir-action":0.0032258065,"dir-explicit":0.1569892475,"dir-speech":0.647311828,"indirect":0.1784946235,"writing-device":0.0139784945}},{"id":"신과함께국물떡볶이-노원점","permalink":"","username":"asdfg","text":"떡볶이도 맛있고~ 바삭바삭 방금 튀긴 튀김도 좋고~  남은 음식 다음 날 데워먹어도 그 맛 그대로.ㅎ 좋아요!","date":"Mon Dec 10 23:59:44 +0000 2018","retweets":"30","favorites":"20","mentions":[],"hashtags":[],"geo":"","raw":"떡볶이도 맛있고~ 바삭바삭 방금 튀긴 튀김도 좋고~  남은 음식 다음 날 데워먹어도 그 맛 그대로.ㅎ 좋아요!","polarity":{"com":0.0011904761666666668,"pos":0.5779365078333334,"neg":0.3392063493333334,"neut":0.0023809523333333336,"none":0.07928571433333334},"intensity":{"high":0.07566137566666668,"low":0.06275132266666668,"meium":0.7823015873333334,"none":0.07928571433333334},"expressive":{"dir-action":0,"dir-explicit":0.33465608461089064,"dir-speech":0.5462962962422839,"indirect":0.040952380993174595,"writing-device":0.07809523815365078}},{"id":"신과함께국물떡볶이-노원점","permalink":"","username":"asdfg","text":"이 근처에서 가장 맛있었네요\n20프로는 달콤떡볶이인거 같네요\n구성도 알차구요\n\n일단 맛이잇어요","date":"Mon Dec 10 23:59:44 +0000 2018","retweets":"30","favorites":"20","mentions":[],"hashtags":[],"geo":"","raw":"이 근처에서 가장 맛있었네요\n20프로는 달콤떡볶이인거 같네요\n구성도 알차구요\n\n일단 맛이잇어요","polarity":{"com":0.01432848099761192,"pos":0.40504036709915997,"neg":0.34552418694241266,"neut":0.02993483249501086,"none":0.20517213246580468},"intensity":{"high":0.11413179251902196,"low":0.04101933350683656,"meium":0.6335661829389276,"none":0.2112826910352138},"expressive":{"dir-action":0.0007342143334557024,"dir-explicit":0.1709909928618318,"dir-speech":0.10472733135078789,"indirect":0.3423301298903884,"writing-device":0.38121733156353627}},{"id":"신과함께국물떡볶이-노원점","permalink":"","username":"asdfg","text":"매우면서 맛있어요\n또 생각나는 맛~~\n배달하시는 분도 친절하고 좋네요","date":"Mon Dec 10 23:59:44 +0000 2018","retweets":"30","favorites":"20","mentions":[],"hashtags":[],"geo":"","raw":"매우면서 맛있어요\n또 생각나는 맛~~\n배달하시는 분도 친절하고 좋네요","polarity":{"com":0.002764976999605003,"pos":0.6184265963402248,"neg":0.2958942286720151,"neut":0.011981566855431206,"none":0.07093263113272391},"intensity":{"high":0.04854070657142857,"low":0.022304147428571428,"meium":0.8579152951428571,"none":0.07123985085714286},"expressive":{"dir-action":0.000921659,"dir-explicit":0.18669080542857142,"dir-speech":0.6114768488571428,"indirect":0.10956989242857143,"writing-device":0.09134079428571429}},{"id":"신과함께국물떡볶이-노원점","permalink":"","username":"asdfg","text":"아저씨가너무친절하시네요♡저가매운맛좋아하는데진짜제입맛!굿!저는 너무맛나게먹었습니다♡감사합니다♡","date":"Mon Dec 10 23:59:44 +0000 2018","retweets":"30","favorites":"20","mentions":[],"hashtags":[],"geo":"","raw":"아저씨가너무친절하시네요♡저가매운맛좋아하는데진짜제입맛!굿!저는 너무맛나게먹었습니다♡감사합니다♡","polarity":{"com":0.016369920454545456,"pos":0.6427000418181819,"neg":0.3210236000909091,"neut":0.014929828272727276,"none":0.004976609363636365},"intensity":{"high":0.14131522600000002,"low":0.11409253818181818,"meium":0.7386084346363636,"none":0.005983801181818182},"expressive":{"dir-action":0.0005865102727272728,"dir-explicit":0.22569357163636364,"dir-speech":0.51551052,"indirect":0.25323278872727273,"writing-device":0.004976609363636364}},{"id":"신과함께국물떡볶이-노원점","permalink":"","username":"asdfg","text":"친절하고, 맛도 있습니다.\n잘먹었습니다.","date":"Mon Dec 10 23:59:44 +0000 2018","retweets":"30","favorites":"20","mentions":[],"hashtags":[],"geo":"","raw":"친절하고, 맛도 있습니다.\n잘먹었습니다.","polarity":{"com":0.007070852501767713,"pos":0.6424251151606063,"neg":0.1819220430454805,"neut":0.047753456261938367,"none":0.12082853303020714},"intensity":{"high":0.04610695075,"low":0.09599654375,"meium":0.7365303380000001,"none":0.12136616750000001},"expressive":{"dir-action":0.0016129032500000003,"dir-explicit":0.181173195,"dir-speech":0.4107094855000001,"indirect":0.28567588325000004,"writing-device":0.12082853300000002}},{"id":"신과함께국물떡볶이-노원점","permalink":"","username":"asdfg","text":"맛있어요. 제가 매운걸 잘 못먹는데 매운맛 조절되고요 진짜 맛있어요. 튀김도 맛나구요. 특히 배달하시는 분 넘 친절해요. 90도러 인사 하시고 가시는데 너무 친절하시고 좋있어요. 다음에 또 시켜먹고 싶어요","date":"Mon Dec 10 23:59:44 +0000 2018","retweets":"30","favorites":"20","mentions":[],"hashtags":[],"geo":"","raw":"맛있어요. 제가 매운걸 잘 못먹는데 매운맛 조절되고요 진짜 맛있어요. 튀김도 맛나구요. 특히 배달하시는 분 넘 친절해요. 90도러 인사 하시고 가시는데 너무 친절하시고 좋있어요. 다음에 또 시켜먹고 싶어요","polarity":{"com":0.01259453483263364,"pos":0.3134914012603616,"neg":0.5038164834164547,"neut":0.040693510108850375,"none":0.1294040703816998},"intensity":{"high":0.0916099948282439,"low":0.08991525949500472,"meium":0.6880736826839959,"none":0.1304010629927555},"expressive":{"dir-action":0.0017138384443492313,"dir-explicit":0.16726619626848527,"dir-speech":0.5026039122498553,"indirect":0.19273119454484827,"writing-device":0.13568485849246195}},{"id":"신과함께국물떡볶이-노원점","permalink":"","username":"asdfg","text":"추우신데 고생 하셧습니다. 배달도 빠르고 양도 많아서  오부지게 먹었네요. 서비스도 감사히 잘 먹었습니다.","date":"Mon Dec 10 23:59:44 +0000 2018","retweets":"30","favorites":"20","mentions":[],"hashtags":[],"geo":"","raw":"추우신데 고생 하셧습니다. 배달도 빠르고 양도 많아서  오부지게 먹었네요. 서비스도 감사히 잘 먹었습니다.","polarity":{"com":0.001642036143091719,"pos":0.6801089250971584,"neg":0.26406694618058096,"neut":0.026267478432323917,"none":0.02791461414684494},"intensity":{"high":0.06956045785714286,"low":0.301952765,"meium":0.5989301268571429,"none":0.029556650285714293},"expressive":{"dir-action":0.0016420361433262959,"dir-explicit":0.15988094375996598,"dir-speech":0.36454561838987015,"indirect":0.441090679268883,"writing-device":0.03284072243795449}},{"id":"신과함께국물떡볶이-노원점","permalink":"","username":"asdfg","text":"구 신탕이라서 믿고 시켰는데 역시 맛있네요","date":"Mon Dec 10 23:59:44 +0000 2018","retweets":"30","favorites":"20","mentions":[],"hashtags":[],"geo":"","raw":"구 신탕이라서 믿고 시켰는데 역시 맛있네요","polarity":{"com":0.005718954251429738,"pos":0.513071895378268,"neg":0.2361111113090278,"neut":0.10620915027655228,"none":0.13888888878472222},"intensity":{"high":0.07352941176838235,"low":0.1454248365363562,"meium":0.6421568629105393,"none":0.13888888878472222},"expressive":{"dir-action":0,"dir-explicit":0.2712418301356209,"dir-speech":0.2589869281294935,"indirect":0.32598039216299024,"writing-device":0.14379084957189545}},{"id":"신과함께국물떡볶이-노원점","permalink":"","username":"asdfg","text":"배달도 빠르고 음식 맛도 괜찮아요.\n\n서비스로 주시는 만두랑 쿨피스도 주시고요~\n\n가장 맘에 드는건 배달해주신 분이 친절했던 점이네요~~ 잘 먹었습니다!","date":"Mon Dec 10 23:59:44 +0000 2018","retweets":"30","favorites":"20","mentions":[],"hashtags":[],"geo":"","raw":"배달도 빠르고 음식 맛도 괜찮아요.\n\n서비스로 주시는 만두랑 쿨피스도 주시고요~\n\n가장 맘에 드는건 배달해주신 분이 친절했던 점이네요~~ 잘 먹었습니다!","polarity":{"com":0.007466063750622172,"pos":0.6505651721375472,"neg":0.18323743059860312,"neut":0.02941075625245089,"none":0.12932057726077673},"intensity":{"high":0.07264399133333334,"low":0.18171214049999998,"meium":0.6130888001666667,"none":0.132555068},"expressive":{"dir-action":0.0009047415833333333,"dir-explicit":0.12336282975000003,"dir-speech":0.40249142291666656,"indirect":0.34013763599999997,"writing-device":0.13310336975}},{"id":"신과함께국물떡볶이-노원점","permalink":"","username":"asdfg","text":"메모까지 해주시는 사장님에 센스. 대박나세요 맛있습니다~","date":"Mon Dec 10 23:59:44 +0000 2018","retweets":"30","favorites":"20","mentions":[],"hashtags":[],"geo":"","raw":"메모까지 해주시는 사장님에 센스. 대박나세요 맛있습니다~","polarity":{"com":0,"pos":0.40634920628126986,"neg":0.558730158911746,"neut":0.019047619003809524,"none":0.015873015803174604},"intensity":{"high":0.2206349206,"low":0.0476190476,"meium":0.715873016,"none":0.0158730158},"expressive":{"dir-action":0,"dir-explicit":0.0746031746,"dir-speech":0.561904762,"indirect":0.3444444444,"writing-device":0.019047619}},{"id":"신과함께국물떡볶이-노원점","permalink":"","username":"asdfg","text":"배달일찍와서넘좋았구요\n떡볶이도제입맛에딱좋네요^^\n서비스주신물만두도맛있고..해시포테이토정말맛있어요!!","date":"Mon Dec 10 23:59:44 +0000 2018","retweets":"30","favorites":"20","mentions":[],"hashtags":[],"geo":"","raw":"배달일찍와서넘좋았구요\n떡볶이도제입맛에딱좋네요^^\n서비스주신물만두도맛있고..해시포테이토정말맛있어요!!","polarity":{"com":0.0008928571250000001,"pos":0.6630357142500001,"neg":0.17607142862500005,"neut":0.06428571425000001,"none":0.09571428575000002},"intensity":{"high":0.13035714287500003,"low":0.14928571425000003,"meium":0.624642857125,"none":0.09571428575000002},"expressive":{"dir-action":0,"dir-explicit":0.23571428572053568,"dir-speech":0.43124999994609375,"indirect":0.2382142857202232,"writing-device":0.09482142861314731}}]