[{"id":"본도시락-동여의도점","permalink":"","username":"asdfg","text":"맛나게 잘 먹었어요","date":"Mon Dec 10 23:59:44 +0000 2018","retweets":"30","favorites":"20","mentions":[],"hashtags":[],"geo":"","raw":"맛나게 잘 먹었어요","polarity":{"com":0,"pos":0.7142857147142857,"neg":0.21428571421428572,"neut":0.07142857107142857,"none":0},"intensity":{"high":0,"low":0.214285714,"meium":0.785714286,"none":0},"expressive":{"dir-action":0,"dir-explicit":0.214285714,"dir-speech":0.142857143,"indirect":0.642857143,"writing-device":0}},{"id":"본도시락-동여의도점","permalink":"","username":"asdfg","text":"주문하고 1시간25분만에 도착.\n최악의 배달 음식점입니다.","date":"Mon Dec 10 23:59:44 +0000 2018","retweets":"30","favorites":"20","mentions":[],"hashtags":[],"geo":"","raw":"주문하고 1시간25분만에 도착.\n최악의 배달 음식점입니다.","polarity":{"com":0.004575163399999999,"pos":0.527124183,"neg":0.4055555555999999,"neut":0.018300653599999998,"none":0.04444444439999999},"intensity":{"high":0.275490196055098,"low":0.016339869203267975,"meium":0.6637254903327452,"none":0.04444444440888889},"expressive":{"dir-action":0,"dir-explicit":0.3336601308,"dir-speech":0.34052287579999996,"indirect":0.2774509804,"writing-device":0.048366013}},{"id":"본도시락-동여의도점","permalink":"","username":"asdfg","text":"포장깨끗하고 맛나요~~","date":"Mon Dec 10 23:59:44 +0000 2018","retweets":"30","favorites":"20","mentions":[],"hashtags":[],"geo":"","raw":"포장깨끗하고 맛나요~~","polarity":{"com":0,"pos":0.5625,"neg":0.4375,"neut":0,"none":0},"intensity":{"high":0,"low":0.125,"meium":0.875,"none":0},"expressive":{"dir-action":0,"dir-explicit":0.25,"dir-speech":0.5,"indirect":0.25,"writing-device":0}},{"id":"본도시락-동여의도점","permalink":"","username":"asdfg","text":"배송도 빨리왔고 깔끔한포장에 맛도좋아요","date":"Mon Dec 10 23:59:44 +0000 2018","retweets":"30","favorites":"20","mentions":[],"hashtags":[],"geo":"","raw":"배송도 빨리왔고 깔끔한포장에 맛도좋아요","polarity":{"com":0.005194480166666667,"pos":0.5619830545,"neg":0.2583129558333333,"neut":0.09121979116666667,"none":0.08328971833333333},"intensity":{"high":0.07616187616666667,"low":0.08139496633333333,"meium":0.7586529386666667,"none":0.08379021883333333},"expressive":{"dir-action":0.0005005004999165833,"dir-explicit":0.26633776628894373,"dir-speech":0.34834834827527533,"indirect":0.3022136422829643,"writing-device":0.08259974265290003}}]