[{"id":"원조안동찜닭-대림","permalink":"","username":"asdfg","text":"너무맞있요  다은에 도다시 주문","date":"Mon Dec 10 23:59:44 +0000 2018","retweets":"30","favorites":"20","mentions":[],"hashtags":[],"geo":"","raw":"너무맞있요  다은에 도다시 주문","polarity":{"com":0,"pos":0.9047619046666666,"neg":0,"neut":0,"none":0.09523809533333333},"intensity":{"high":0.4285714285238095,"low":0,"meium":0.47619047617460314,"none":0.09523809530158729},"expressive":{"dir-action":0,"dir-explicit":0.8095238093968253,"dir-speech":0.09523809530158729,"indirect":0,"writing-device":0.09523809530158729}},{"id":"원조안동찜닭-대림","permalink":"","username":"asdfg","text":"배달도 빠르구 양도 맛도 모두 만족입니다 찜닭은 여기서만 시켜먹으려구요~","date":"Mon Dec 10 23:59:44 +0000 2018","retweets":"30","favorites":"20","mentions":[],"hashtags":[],"geo":"","raw":"배달도 빠르구 양도 맛도 모두 만족입니다 찜닭은 여기서만 시켜먹으려구요~","polarity":{"com":0.0025417574447268625,"pos":0.7109379364123265,"neg":0.19753086424417013,"neut":0.01586503544620723,"none":0.0731244064525694},"intensity":{"high":0.03790291044865588,"low":0.07650410578627823,"meium":0.8124685773124964,"none":0.07312440645256939},"expressive":{"dir-action":0,"dir-explicit":0.0968102341111111,"dir-speech":0.5818669347777777,"indirect":0.24886877833333335,"writing-device":0.07245405277777778}},{"id":"원조안동찜닭-대림","permalink":"","username":"asdfg","text":"기름져요 ㅠ 닭에서 누린내가 좀 나요 군만두는 진짜최악 ㅠ","date":"Mon Dec 10 23:59:44 +0000 2018","retweets":"30","favorites":"20","mentions":[],"hashtags":[],"geo":"","raw":"기름져요 ㅠ 닭에서 누린내가 좀 나요 군만두는 진짜최악 ㅠ","polarity":{"com":0.013571428602714288,"pos":0.42563492068512704,"neg":0.5044444445008889,"neut":0.03511904760702381,"none":0.021230158604246034},"intensity":{"high":0.2484920636,"low":0.07904761899999999,"meium":0.6494444444,"none":0.023015873},"expressive":{"dir-action":0,"dir-explicit":0.1267460318,"dir-speech":0.3658333334,"indirect":0.483015873,"writing-device":0.0244047618}},{"id":"원조안동찜닭-대림","permalink":"","username":"asdfg","text":"양도 맛도 다 좋아요","date":"Mon Dec 10 23:59:44 +0000 2018","retweets":"30","favorites":"20","mentions":[],"hashtags":[],"geo":"","raw":"양도 맛도 다 좋아요","polarity":{"com":0,"pos":0.857142857,"neg":0,"neut":0,"none":0.14285714300000002},"intensity":{"high":0.1428571429285714,"low":0,"meium":0.7142857141428571,"none":0.1428571429285714},"expressive":{"dir-action":0,"dir-explicit":0.21428571439285712,"dir-speech":0.6428571426785714,"indirect":0,"writing-device":0.1428571429285714}},{"id":"원조안동찜닭-대림","permalink":"","username":"asdfg","text":"애들 아빠는 맛은  좋다고 하지만 너무 짜서 먹기가 힘들더라구요.","date":"Mon Dec 10 23:59:44 +0000 2018","retweets":"30","favorites":"20","mentions":[],"hashtags":[],"geo":"","raw":"애들 아빠는 맛은  좋다고 하지만 너무 짜서 먹기가 힘들더라구요.","polarity":{"com":0.022959183714285715,"pos":0.5438435374285715,"neg":0.4121768707142857,"neut":0.01147959185714286,"none":0.009540816285714286},"intensity":{"high":0.08781179142857143,"low":0.07317460314285715,"meium":0.8281972788571429,"none":0.01081632657142857},"expressive":{"dir-action":0,"dir-explicit":0.252664399,"dir-speech":0.5108560091428572,"indirect":0.22693877557142855,"writing-device":0.009540816285714284}},{"id":"원조안동찜닭-대림","permalink":"","username":"asdfg","text":"맛은 보통 양도보통 배달도보통 \n너무  푹익혀서인가요? 뼈가  잘부서져서 살하고 같이 계속 씹네요..  너무 잘부사짐","date":"Mon Dec 10 23:59:44 +0000 2018","retweets":"30","favorites":"20","mentions":[],"hashtags":[],"geo":"","raw":"맛은 보통 양도보통 배달도보통 \n너무  푹익혀서인가요? 뼈가  잘부서져서 살하고 같이 계속 씹네요..  너무 잘부사짐","polarity":{"com":0.04080590575,"pos":0.5102561858750001,"neg":0.39632936500000004,"neut":0.021482551375000002,"none":0.031125992},"intensity":{"high":0.13423494401677935,"low":0.12181956114022743,"meium":0.711703431338963,"none":0.032242063504030256},"expressive":{"dir-action":0,"dir-explicit":0.3045197245,"dir-speech":0.448317868875,"indirect":0.21358543425,"writing-device":0.033576972375}},{"id":"원조안동찜닭-대림","permalink":"","username":"asdfg","text":"맛있습니다. 배달도 빨라요ㅋ","date":"Mon Dec 10 23:59:44 +0000 2018","retweets":"30","favorites":"20","mentions":[],"hashtags":[],"geo":"","raw":"맛있습니다. 배달도 빨라요ㅋ","polarity":{"com":0,"pos":0.5,"neg":0.5,"neut":0,"none":0},"intensity":{"high":0,"low":0,"meium":1,"none":0},"expressive":{"dir-action":0,"dir-explicit":0,"dir-speech":1,"indirect":0,"writing-device":0}},{"id":"원조안동찜닭-대림","permalink":"","username":"asdfg","text":"찜닭 시켰는데 맛이 너무 싱겁네요.. 그냥 닭맛.. 싱거운 국물에 닭이랑 면이랑 넣어논거 같은 느낌이예요","date":"Mon Dec 10 23:59:44 +0000 2018","retweets":"30","favorites":"20","mentions":[],"hashtags":[],"geo":"","raw":"찜닭 시켰는데 맛이 너무 싱겁네요.. 그냥 닭맛.. 싱거운 국물에 닭이랑 면이랑 넣어논거 같은 느낌이예요","polarity":{"com":0.014285714299999999,"pos":0.6180952381,"neg":0.3247619047,"neut":0.014285714299999999,"none":0.028571428599999997},"intensity":{"high":0.023809523800000003,"low":0.15428571430000002,"meium":0.7933333333000001,"none":0.028571428600000004},"expressive":{"dir-action":0,"dir-explicit":0.15571428569999998,"dir-speech":0.5228571429,"indirect":0.28809523810000004,"writing-device":0.033333333300000004}},{"id":"원조안동찜닭-대림","permalink":"","username":"asdfg","text":"매운찜닭. 배달 느려도 참아요.. \n면이 다 불어서.. 녹아내리는줄 ㅜㅠ\n닭은 비려요.","date":"Mon Dec 10 23:59:44 +0000 2018","retweets":"30","favorites":"20","mentions":[],"hashtags":[],"geo":"","raw":"매운찜닭. 배달 느려도 참아요.. \n면이 다 불어서.. 녹아내리는줄 ㅜㅠ\n닭은 비려요.","polarity":{"com":0,"pos":0.8571428571428571,"neg":0.14285714285714285,"neut":0,"none":0},"intensity":{"high":0,"low":0.2857142857142857,"meium":0.7142857142857143,"none":0},"expressive":{"dir-action":0,"dir-explicit":0.2857142857142857,"dir-speech":0.2857142857142857,"indirect":0.2857142857142857,"writing-device":0.14285714285714285}},{"id":"원조안동찜닭-대림","permalink":"","username":"asdfg","text":"맛..나쁘지않네요..","date":"Mon Dec 10 23:59:44 +0000 2018","retweets":"30","favorites":"20","mentions":[],"hashtags":[],"geo":"","raw":"맛..나쁘지않네요..","polarity":{"com":0,"pos":0.5,"neg":0.5,"neut":0,"none":0},"intensity":{"high":0.1666666665,"low":0,"meium":0.8333333334999999,"none":0},"expressive":{"dir-action":0,"dir-explicit":0.1666666665,"dir-speech":0.5,"indirect":0.3333333335,"writing-device":0}},{"id":"원조안동찜닭-대림","permalink":"","username":"asdfg","text":"맛잇어요 서비스도 많군용","date":"Mon Dec 10 23:59:44 +0000 2018","retweets":"30","favorites":"20","mentions":[],"hashtags":[],"geo":"","raw":"맛잇어요 서비스도 많군용","polarity":{"com":0,"pos":0.7971014493333333,"neg":0.18840579699999999,"neut":0.014492753666666663,"none":0},"intensity":{"high":0.08695652169565218,"low":0.40579710146859904,"meium":0.5072463768357488,"none":0},"expressive":{"dir-action":0,"dir-explicit":0.17391304339130437,"dir-speech":0.40579710146859904,"indirect":0.4202898551400967,"writing-device":0}},{"id":"원조안동찜닭-대림","permalink":"","username":"asdfg","text":"배달임에도 불구하고 찜닭 당면 불지도 않고 양도 많고 좋앗습니다. 다만 닭도리탕은 좀 매웠습니다 같이 먹으라고 준 당근은 좀 거칠고 크게 잘라주셔서..ㅋ 난감햇습니다. 당나귀도 아니고.ㅋㅋ 찜닭은 원사이즈인데 여자3명 양이라고 생각합니다","date":"Mon Dec 10 23:59:44 +0000 2018","retweets":"30","favorites":"20","mentions":[],"hashtags":[],"geo":"","raw":"배달임에도 불구하고 찜닭 당면 불지도 않고 양도 많고 좋앗습니다. 다만 닭도리탕은 좀 매웠습니다 같이 먹으라고 준 당근은 좀 거칠고 크게 잘라주셔서..ㅋ 난감햇습니다. 당나귀도 아니고.ㅋㅋ 찜닭은 원사이즈인데 여자3명 양이라고 생각합니다","polarity":{"com":0.0031598604208863228,"pos":0.4738436753434819,"neg":0.31706898893068053,"neut":0.0314078428930838,"none":0.1745196324118674},"intensity":{"high":0.10640553933259037,"low":0.08952916917203092,"meium":0.6277307769938523,"none":0.1763345145015265},"expressive":{"dir-action":0,"dir-explicit":0.24926518961845975,"dir-speech":0.36873713898059285,"indirect":0.2061659351996755,"writing-device":0.17583173620127202}},{"id":"원조안동찜닭-대림","permalink":"","username":"asdfg","text":"좀 짰지만 맛있엇어요","date":"Mon Dec 10 23:59:44 +0000 2018","retweets":"30","favorites":"20","mentions":[],"hashtags":[],"geo":"","raw":"좀 짰지만 맛있엇어요","polarity":{"com":0,"pos":1,"neg":0,"neut":0,"none":0},"intensity":{"high":0,"low":0,"meium":1,"none":0},"expressive":{"dir-action":0,"dir-explicit":0.4,"dir-speech":0.6,"indirect":0,"writing-device":0}},{"id":"원조안동찜닭-대림","permalink":"","username":"asdfg","text":"배달 찜닭치고 맛이 괜찮은 편이에요. 재주문 의사 있습니다.","date":"Mon Dec 10 23:59:44 +0000 2018","retweets":"30","favorites":"20","mentions":[],"hashtags":[],"geo":"","raw":"배달 찜닭치고 맛이 괜찮은 편이에요. 재주문 의사 있습니다.","polarity":{"com":0.0014880951666666666,"pos":0.6398809523333333,"neg":0.11011904766666668,"neut":0.17261904766666666,"none":0.07589285716666667},"intensity":{"high":0.007440476166666667,"low":0.17559523816666667,"meium":0.7410714285000001,"none":0.07589285716666667},"expressive":{"dir-action":0,"dir-explicit":0.2827380951666667,"dir-speech":0.45089285716666677,"indirect":0.19047619050000003,"writing-device":0.07589285716666667}},{"id":"원조안동찜닭-대림","permalink":"","username":"asdfg","text":"온가족의 다 좋아하는 메뉴~맛있어요","date":"Mon Dec 10 23:59:44 +0000 2018","retweets":"30","favorites":"20","mentions":[],"hashtags":[],"geo":"","raw":"온가족의 다 좋아하는 메뉴~맛있어요","polarity":{"com":0,"pos":0.4535714285,"neg":0.35,"neut":0.125,"none":0.0714285715},"intensity":{"high":0.12142857146964285,"low":0,"meium":0.8071428570482143,"none":0.07142857148214285},"expressive":{"dir-action":0,"dir-explicit":0.15714285721071428,"dir-speech":0.5964285713508928,"indirect":0.17499999995624999,"writing-device":0.07142857148214285}},{"id":"원조안동찜닭-대림","permalink":"","username":"asdfg","text":"사람이 먹으라고 갖다 준거냐","date":"Mon Dec 10 23:59:44 +0000 2018","retweets":"30","favorites":"20","mentions":[],"hashtags":[],"geo":"","raw":"사람이 먹으라고 갖다 준거냐","polarity":{"com":0.007625272333333333,"pos":0.628540305,"neg":0.2592592593333333,"neut":0.030501089333333332,"none":0.074074074},"intensity":{"high":0.15359477105119823,"low":0.08278867102759621,"meium":0.6895424838965142,"none":0.07407407402469135},"expressive":{"dir-action":0,"dir-explicit":0.3616557736666666,"dir-speech":0.5119825706666666,"indirect":0.045751634000000006,"writing-device":0.08061002166666667}},{"id":"원조안동찜닭-대림","permalink":"","username":"asdfg","text":"그냥 먹을만해요","date":"Mon Dec 10 23:59:44 +0000 2018","retweets":"30","favorites":"20","mentions":[],"hashtags":[],"geo":"","raw":"그냥 먹을만해요","polarity":{"com":0,"pos":0,"neg":1,"neut":0,"none":0},"intensity":{"high":0,"low":0,"meium":1,"none":0},"expressive":{"dir-action":0,"dir-explicit":0,"dir-speech":1,"indirect":0,"writing-device":0}},{"id":"원조안동찜닭-대림","permalink":"","username":"asdfg","text":"맛있네요","date":"Mon Dec 10 23:59:44 +0000 2018","retweets":"30","favorites":"20","mentions":[],"hashtags":[],"geo":"","raw":"맛있네요","polarity":{"com":0,"pos":0,"neg":1,"neut":0,"none":0},"intensity":{"high":0,"low":0,"meium":1,"none":0},"expressive":{"dir-action":0,"dir-explicit":0,"dir-speech":1,"indirect":0,"writing-device":0}},{"id":"원조안동찜닭-대림","permalink":"","username":"asdfg","text":"맛있게 먹긴 했는데 1시간이나 늦게 배달되었어요. 그리구 좀 찜닭이 연하게 해주셨어요. 양은 중짜리 남 여 각 1명씩 먹을 만큼 괜찮았습니다.","date":"Mon Dec 10 23:59:44 +0000 2018","retweets":"30","favorites":"20","mentions":[],"hashtags":[],"geo":"","raw":"맛있게 먹긴 했는데 1시간이나 늦게 배달되었어요. 그리구 좀 찜닭이 연하게 해주셨어요. 양은 중짜리 남 여 각 1명씩 먹을 만큼 괜찮았습니다.","polarity":{"com":0.0435823755,"pos":0.33002873550000006,"neg":0.523994253,"neut":0.011494252833333335,"none":0.09090038316666667},"intensity":{"high":0.08350893998608186,"low":0.06644316732225947,"meium":0.7572318007071279,"none":0.09281609198453065},"expressive":{"dir-action":0.001915708833652618,"dir-explicit":0.09302362701550394,"dir-speech":0.4569284802428214,"indirect":0.35148467439191416,"writing-device":0.09664750951610793}},{"id":"원조안동찜닭-대림","permalink":"","username":"asdfg","text":"맛있게잘먹었어요~","date":"Mon Dec 10 23:59:44 +0000 2018","retweets":"30","favorites":"20","mentions":[],"hashtags":[],"geo":"","raw":"맛있게잘먹었어요~","polarity":{"com":0,"pos":0.35714285717857136,"neg":0.6071428573035714,"neut":0.03571428551785714,"none":0},"intensity":{"high":0,"low":0.107142857,"meium":0.8928571430000001,"none":0},"expressive":{"dir-action":0,"dir-explicit":0.107142857,"dir-speech":0.5714285715,"indirect":0.3214285715,"writing-device":0}},{"id":"원조안동찜닭-대림","permalink":"","username":"asdfg","text":"찜닭  괜찮아요. 반찬을 신경 써주시거나 차라리 안주시는게 재활용이긴 하지만 불필요 하다는 생각이..반찬만 보면 찜닭에 손이 안갈듯","date":"Mon Dec 10 23:59:44 +0000 2018","retweets":"30","favorites":"20","mentions":[],"hashtags":[],"geo":"","raw":"찜닭  괜찮아요. 반찬을 신경 써주시거나 차라리 안주시는게 재활용이긴 하지만 불필요 하다는 생각이..반찬만 보면 찜닭에 손이 안갈듯","polarity":{"com":0.00794928269169621,"pos":0.5563214224956676,"neg":0.28177171059370987,"neut":0.12566377199033357,"none":0.02829381222859278},"intensity":{"high":0.06148380923549876,"low":0.07562935762120226,"meium":0.8339152846026089,"none":0.02897154854069012},"expressive":{"dir-action":0.0006777363078487083,"dir-explicit":0.19093202304406123,"dir-speech":0.3508159989271114,"indirect":0.4193688714813928,"writing-device":0.038205370239585854}},{"id":"원조안동찜닭-대림","permalink":"","username":"asdfg","text":"리얼실망","date":"Mon Dec 10 23:59:44 +0000 2018","retweets":"30","favorites":"20","mentions":[],"hashtags":[],"geo":"","raw":"리얼실망","polarity":{"com":null,"pos":null,"neg":null,"neut":null,"none":null},"intensity":{"high":null,"low":null,"meium":null,"none":null},"expressive":{"dir-action":null,"dir-explicit":null,"dir-speech":null,"indirect":null,"writing-device":null}},{"id":"원조안동찜닭-대림","permalink":"","username":"asdfg","text":"이게무슨 찜닭인가요? 닭불고기지.. 안동찜닭특유의 까만양념을기대했는데 후추많이들어간 소불고기양념이네요.. 찜닭첨배달해먹는데 다신 안시켜먹고 꼭 먹던데 가서먹어야겠어요","date":"Mon Dec 10 23:59:44 +0000 2018","retweets":"30","favorites":"20","mentions":[],"hashtags":[],"geo":"","raw":"이게무슨 찜닭인가요? 닭불고기지.. 안동찜닭특유의 까만양념을기대했는데 후추많이들어간 소불고기양념이네요.. 찜닭첨배달해먹는데 다신 안시켜먹고 꼭 먹던데 가서먹어야겠어요","polarity":{"com":0.0031952753125000003,"pos":0.616477857125,"neg":0.273321135125,"neut":0.0483914418125,"none":0.058614290624999996},"intensity":{"high":0.11672121980520492,"low":0.13228905455423196,"meium":0.6923754350192265,"none":0.0586142906213366},"expressive":{"dir-action":0,"dir-explicit":0.10907357293750002,"dir-speech":0.421934683,"indirect":0.40915196325000003,"writing-device":0.0598397808125}},{"id":"원조안동찜닭-대림","permalink":"","username":"asdfg","text":"맛없음...   안동찜닭 먹어본중에서 젤 맛없슴.","date":"Mon Dec 10 23:59:44 +0000 2018","retweets":"30","favorites":"20","mentions":[],"hashtags":[],"geo":"","raw":"맛없음...   안동찜닭 먹어본중에서 젤 맛없슴.","polarity":{"com":0.010416666747395832,"pos":0.7291666665677083,"neg":0.22916666669270833,"neut":0.020833333244791665,"none":0.010416666747395832},"intensity":{"high":0.04166666675,"low":0.02083333325,"meium":0.92708333325,"none":0.01041666675},"expressive":{"dir-action":0,"dir-explicit":0.08333333327083332,"dir-speech":0.48958333337239585,"indirect":0.4062500001015625,"writing-device":0.02083333325520833}},{"id":"원조안동찜닭-대림","permalink":"","username":"asdfg","text":"아.. 먹었던 배달음식 중 최고네요. 짜지도 않고 담백한 닭이 잘 익어서 참 맛있습니다. 강추!","date":"Mon Dec 10 23:59:44 +0000 2018","retweets":"30","favorites":"20","mentions":[],"hashtags":[],"geo":"","raw":"아.. 먹었던 배달음식 중 최고네요. 짜지도 않고 담백한 닭이 잘 익어서 참 맛있습니다. 강추!","polarity":{"com":0.006004744222889416,"pos":0.6955709210772856,"neg":0.1992897660221433,"neut":0.02336117622481791,"none":0.07577339245286371},"intensity":{"high":0.1661703720184634,"low":0.11665671256851742,"meium":0.6410658559601186,"none":0.0761070594529008},"expressive":{"dir-action":0.0003336669999629259,"dir-explicit":0.3355002060738333,"dir-speech":0.31629696918707806,"indirect":0.270377099858847,"writing-device":0.07749205788027867}},{"id":"원조안동찜닭-대림","permalink":"","username":"asdfg","text":"정말 맛있게 잘억었어요  요기요 너무 편리하고 좋아요","date":"Mon Dec 10 23:59:44 +0000 2018","retweets":"30","favorites":"20","mentions":[],"hashtags":[],"geo":"","raw":"정말 맛있게 잘억었어요  요기요 너무 편리하고 좋아요","polarity":{"com":0.03244239640648848,"pos":0.6086543779217309,"neg":0.2642519200528504,"neut":0.031059907806211984,"none":0.06359139781271829},"intensity":{"high":0.19652841780000002,"low":0.1026543778,"meium":0.636795699,"none":0.0640215054},"expressive":{"dir-action":0.0012903226000000002,"dir-explicit":0.43993855600000004,"dir-speech":0.23463901700000003,"indirect":0.2605407066,"writing-device":0.0635913978}},{"id":"원조안동찜닭-대림","permalink":"","username":"asdfg","text":"맛은있는뎅 육수를따루많이달라구했는데 안주셔서 그게아쉽네요~","date":"Mon Dec 10 23:59:44 +0000 2018","retweets":"30","favorites":"20","mentions":[],"hashtags":[],"geo":"","raw":"맛은있는뎅 육수를따루많이달라구했는데 안주셔서 그게아쉽네요~","polarity":{"com":0.008919093001486517,"pos":0.5420394802570067,"neg":0.34124667222354116,"neut":0.03190189733865032,"none":0.07589285717931549},"intensity":{"high":0.029733469833333335,"low":0.12169101549999999,"meium":0.7726826575,"none":0.07589285716666667},"expressive":{"dir-action":0.0021231423326256195,"dir-explicit":0.13559254195480247,"dir-speech":0.34656400605114535,"indirect":0.4387658813537447,"writing-device":0.07695442830768186}},{"id":"원조안동찜닭-대림","permalink":"","username":"asdfg","text":"진짜 더러워서 여기서다신안먹는다 배달소요시간35분?그래 찜닭이니까 조금늦어도되 근데 1시간반이지나서 안오길레전화했더니 지금출발한데 근데 무슨 40분이지나도안와?별한개가아깝다진짜","date":"Mon Dec 10 23:59:44 +0000 2018","retweets":"30","favorites":"20","mentions":[],"hashtags":[],"geo":"","raw":"진짜 더러워서 여기서다신안먹는다 배달소요시간35분?그래 찜닭이니까 조금늦어도되 근데 1시간반이지나서 안오길레전화했더니 지금출발한데 근데 무슨 40분이지나도안와?별한개가아깝다진짜","polarity":{"com":0.006177151874613928,"pos":0.5903609439631023,"neg":0.2619621014211274,"neut":0.0871696161820519,"none":0.05433018655910436},"intensity":{"high":0.07760535075,"low":0.19534383337500003,"meium":0.6725862206875,"none":0.0544645951875},"expressive":{"dir-action":0.0004032258124495968,"dir-explicit":0.2368297502828963,"dir-speech":0.334855875645643,"indirect":0.36609073095423866,"writing-device":0.061820417304772446}},{"id":"원조안동찜닭-대림","permalink":"","username":"asdfg","text":"맛은 전체적으로 괜찮았습니다. 당면이 너무 많았던게 조금 아쉽네요. 아래 리뷰에도 얘기가 있지만, 야채는 아예 보내주시지 않는게 나을 뻔했네요.","date":"Mon Dec 10 23:59:44 +0000 2018","retweets":"30","favorites":"20","mentions":[],"hashtags":[],"geo":"","raw":"맛은 전체적으로 괜찮았습니다. 당면이 너무 많았던게 조금 아쉽네요. 아래 리뷰에도 얘기가 있지만, 야채는 아예 보내주시지 않는게 나을 뻔했네요.","polarity":{"com":0.0007936507776895941,"pos":0.3162701495204144,"neg":0.5591457926045393,"neut":0.056458356438171285,"none":0.06733205065918531},"intensity":{"high":0.147605481,"low":0.11063751066666666,"meium":0.6744249576666665,"none":0.06733205066666666},"expressive":{"dir-action":0,"dir-explicit":0.14705171385621074,"dir-speech":0.5137788136636047,"indirect":0.2708674041620295,"writing-device":0.0683020683181551}},{"id":"원조안동찜닭-대림","permalink":"","username":"asdfg","text":"별한개도 아깝네요 배달은 빨랐습니다. 전은 한쪽면이 타고 기름떡이 졌고 찜닭 당면은 퉁퉁 불어 마치 먹다 남은거 섞어 논 듯한 느낌도 들었습니다 기름이 너무 많고 맛도 새콤해서 비위가 상해 다 버렸네요","date":"Mon Dec 10 23:59:44 +0000 2018","retweets":"30","favorites":"20","mentions":[],"hashtags":[],"geo":"","raw":"별한개도 아깝네요 배달은 빨랐습니다. 전은 한쪽면이 타고 기름떡이 졌고 찜닭 당면은 퉁퉁 불어 마치 먹다 남은거 섞어 논 듯한 느낌도 들었습니다 기름이 너무 많고 맛도 새콤해서 비위가 상해 다 버렸네요","polarity":{"com":0.002572252722222222,"pos":0.552005812,"neg":0.40514295922222227,"neut":0.010178942500000001,"none":0.030100033555555555},"intensity":{"high":0.056898729274616734,"low":0.12915157854838047,"meium":0.7827150572342936,"none":0.031234634942709186},"expressive":{"dir-action":0.000638569611111111,"dir-explicit":0.24488331288888887,"dir-speech":0.43883928894444435,"indirect":0.25584530844444436,"writing-device":0.0597935201111111}},{"id":"원조안동찜닭-대림","permalink":"","username":"asdfg","text":"닭에 양념이 좀 덜 베인듯 해지만\n맛있어요^^","date":"Mon Dec 10 23:59:44 +0000 2018","retweets":"30","favorites":"20","mentions":[],"hashtags":[],"geo":"","raw":"닭에 양념이 좀 덜 베인듯 해지만\n맛있어요^^","polarity":{"com":0.007709251001927313,"pos":0.5278013103819503,"neg":0.27679882506919967,"neut":0.03484694450871174,"none":0.15284366903821092},"intensity":{"high":0.05207274375,"low":0.08752682699999999,"meium":0.70645543875,"none":0.1539449905},"expressive":{"dir-action":0.0011013215002753302,"dir-explicit":0.20288320355072081,"dir-speech":0.23774426730943607,"indirect":0.41073647360268417,"writing-device":0.1475347340368837}},{"id":"원조안동찜닭-대림","permalink":"","username":"asdfg","text":"대박이넵","date":"Mon Dec 10 23:59:44 +0000 2018","retweets":"30","favorites":"20","mentions":[],"hashtags":[],"geo":"","raw":"대박이넵","polarity":{"com":0.030837004,"pos":0.431718062,"neg":0.440528634,"neut":0.088105727,"none":0.008810573},"intensity":{"high":0.10572687210572689,"low":0.13215859013215858,"meium":0.7488986787488987,"none":0.01321585901321586},"expressive":{"dir-action":0.004405286004405286,"dir-explicit":0.4140969164140969,"dir-speech":0.3612334803612335,"indirect":0.20704845820704845,"writing-device":0.01321585901321586}},{"id":"원조안동찜닭-대림","permalink":"","username":"asdfg","text":"채소는 차라리 없는게 나을듯 너무 시들었음\n부침개는 기름이 너무 많아요\n찜닭은 보통수준이지만 닭에 양념이 하나도 베어있지 않아서 좀 싱겁단 느낌이 강합니다\n그리고 당면은 좀 안익은 감도 있고요","date":"Mon Dec 10 23:59:44 +0000 2018","retweets":"30","favorites":"20","mentions":[],"hashtags":[],"geo":"","raw":"채소는 차라리 없는게 나을듯 너무 시들었음\n부침개는 기름이 너무 많아요\n찜닭은 보통수준이지만 닭에 양념이 하나도 베어있지 않아서 좀 싱겁단 느낌이 강합니다\n그리고 당면은 좀 안익은 감도 있고요","polarity":{"com":0.003684772666666666,"pos":0.5106249270555554,"neg":0.39026975899999994,"neut":0.024207425833333324,"none":0.07121311544444443},"intensity":{"high":0.09028871955053952,"low":0.07959079155113384,"meium":0.7581232610134376,"none":0.07199722788488905},"expressive":{"dir-action":0.00024473811111111113,"dir-explicit":0.2698062985000001,"dir-speech":0.3484716971111111,"indirect":0.30791628088888895,"writing-device":0.0735609853888889}},{"id":"원조안동찜닭-대림","permalink":"","username":"asdfg","text":"좋아요~","date":"Mon Dec 10 23:59:44 +0000 2018","retweets":"30","favorites":"20","mentions":[],"hashtags":[],"geo":"","raw":"좋아요~","polarity":{"com":0,"pos":0.92,"neg":0.04,"neut":0,"none":0.04},"intensity":{"high":0.2,"low":0.04,"meium":0.72,"none":0.04},"expressive":{"dir-action":0,"dir-explicit":0.6,"dir-speech":0.2,"indirect":0.16,"writing-device":0.04}},{"id":"원조안동찜닭-대림","permalink":"","username":"asdfg","text":"맛있쪙","date":"Mon Dec 10 23:59:44 +0000 2018","retweets":"30","favorites":"20","mentions":[],"hashtags":[],"geo":"","raw":"맛있쪙","polarity":{"com":0,"pos":1,"neg":0,"neut":0,"none":0},"intensity":{"high":0,"low":0,"meium":1,"none":0},"expressive":{"dir-action":0,"dir-explicit":0,"dir-speech":1,"indirect":0,"writing-device":0}},{"id":"원조안동찜닭-대림","permalink":"","username":"asdfg","text":"배달은 한시간정도 걸렸구요.\n맛은 약간 싱겁고 닭에 소스가 베어있지 않았으나 그럭저럭 괜찮았어요.\n닭은 약간 비렸는데 덜익어서인지..오래되서인지.. 그닥 신선한 느낌은 아니었음","date":"Mon Dec 10 23:59:44 +0000 2018","retweets":"30","favorites":"20","mentions":[],"hashtags":[],"geo":"","raw":"배달은 한시간정도 걸렸구요.\n맛은 약간 싱겁고 닭에 소스가 베어있지 않았으나 그럭저럭 괜찮았어요.\n닭은 약간 비렸는데 덜익어서인지..오래되서인지.. 그닥 신선한 느낌은 아니었음","polarity":{"com":0.004653463,"pos":0.8359252110000001,"neg":0.14117689111111112,"neut":0.012598908444444445,"none":0.0056455264444444445},"intensity":{"high":0.030536488888888894,"low":0.132358549,"meium":0.8301337051111112,"none":0.006971256999999999},"expressive":{"dir-action":0.00033366699999999995,"dir-explicit":0.07636803466666665,"dir-speech":0.43362112111111106,"indirect":0.48369798377777773,"writing-device":0.005979193444444443}},{"id":"원조안동찜닭-대림","permalink":"","username":"asdfg","text":"회사에서 점심시간때 시켜먹었는데 맛있게 잘먹었어요~","date":"Mon Dec 10 23:59:44 +0000 2018","retweets":"30","favorites":"20","mentions":[],"hashtags":[],"geo":"","raw":"회사에서 점심시간때 시켜먹었는데 맛있게 잘먹었어요~","polarity":{"com":0,"pos":0.3244047618311012,"neg":0.6577380954144345,"neut":0.017857142754464286,"none":0},"intensity":{"high":0.09027777775,"low":0.109126984,"meium":0.80059523825,"none":0},"expressive":{"dir-action":0,"dir-explicit":0.17162698399999998,"dir-speech":0.60515873025,"indirect":0.22321428575,"writing-device":0}},{"id":"원조안동찜닭-대림","permalink":"","username":"asdfg","text":"리뷰같은거 솔직히 먹을땐 써야지하면서도 귀찮아서 진짜안쓰잖아요~저도 그래서 항상 안쓰다가 이번엔 꼭 남겨야겠다고생각해서 남기네요! 치킨이야 이것저것 이름있는 치킨집이있지만 찜닭은 없어서 시키기전부터모험이었고 리뷰보고 의존할수밖에 없었어요 ㅠ예전에 딴곳 찜닭 리뷰보고시켰다가 완전 맛없어서 어디다 하소연할때도없고 기분도 짜증났던 기억이있어서 이번에도 큰 기대안했거든요? 근데 생각외로 괜찮아서 리뷰남깁니다~~^^ 저같은 분들께 도움좀되시라구요!","date":"Mon Dec 10 23:59:44 +0000 2018","retweets":"30","favorites":"20","mentions":[],"hashtags":[],"geo":"","raw":"리뷰같은거 솔직히 먹을땐 써야지하면서도 귀찮아서 진짜안쓰잖아요~저도 그래서 항상 안쓰다가 이번엔 꼭 남겨야겠다고생각해서 남기네요! 치킨이야 이것저것 이름있는 치킨집이있지만 찜닭은 없어서 시키기전부터모험이었고 리뷰보고 의존할수밖에 없었어요 ㅠ예전에 딴곳 찜닭 리뷰보고시켰다가 완전 맛없어서 어디다 하소연할때도없고 기분도 짜증났던 기억이있어서 이번에도 큰 기대안했거든요? 근데 생각외로 괜찮아서 리뷰남깁니다~~^^ 저같은 분들께 도움좀되시라구요!","polarity":{"com":0.020414806274489633,"pos":0.4669738467633257,"neg":0.3415476859414614,"neut":0.07446987852313826,"none":0.09659378249758517},"intensity":{"high":0.0693719580232657,"low":0.11003350504724915,"meium":0.7232881902319178,"none":0.09730634669756735},"expressive":{"dir-action":0.006256924099687152,"dir-explicit":0.3354333589832283,"dir-speech":0.3829246722308537,"indirect":0.1596308967420184,"writing-device":0.11575414794421225}},{"id":"원조안동찜닭-대림","permalink":"","username":"asdfg","text":"닭볶음탕 시켜 먹은 곳중에 여기가 제일 맛있는듯","date":"Mon Dec 10 23:59:44 +0000 2018","retweets":"30","favorites":"20","mentions":[],"hashtags":[],"geo":"","raw":"닭볶음탕 시켜 먹은 곳중에 여기가 제일 맛있는듯","polarity":{"com":0.03333333339333333,"pos":0.3666666665266667,"neg":0.5333333332933333,"neut":0.03333333339333333,"none":0.03333333339333333},"intensity":{"high":0.055555555588888875,"low":0.07777777778444442,"meium":0.8333333332333333,"none":0.033333333393333324},"expressive":{"dir-action":0,"dir-explicit":0.17777777779999998,"dir-speech":0.7222222222,"indirect":0.06666666660000001,"writing-device":0.0333333334}},{"id":"원조안동찜닭-대림","permalink":"","username":"asdfg","text":"증말넘하네여","date":"Mon Dec 10 23:59:44 +0000 2018","retweets":"30","favorites":"20","mentions":[],"hashtags":[],"geo":"","raw":"증말넘하네여","polarity":{"com":0.024024024,"pos":0.612612613,"neg":0.306306306,"neut":0.033033033,"none":0.024024024},"intensity":{"high":0.114114114,"low":0.084084084,"meium":0.774774775,"none":0.027027027},"expressive":{"dir-action":0.003003003,"dir-explicit":0.312312312,"dir-speech":0.09009009,"indirect":0.567567568,"writing-device":0.027027027}},{"id":"원조안동찜닭-대림","permalink":"","username":"asdfg","text":"좋아요~","date":"Mon Dec 10 23:59:44 +0000 2018","retweets":"30","favorites":"20","mentions":[],"hashtags":[],"geo":"","raw":"좋아요~","polarity":{"com":0,"pos":0.92,"neg":0.04,"neut":0,"none":0.04},"intensity":{"high":0.2,"low":0.04,"meium":0.72,"none":0.04},"expressive":{"dir-action":0,"dir-explicit":0.6,"dir-speech":0.2,"indirect":0.16,"writing-device":0.04}},{"id":"원조안동찜닭-대림","permalink":"","username":"asdfg","text":"먹을만합니다","date":"Mon Dec 10 23:59:44 +0000 2018","retweets":"30","favorites":"20","mentions":[],"hashtags":[],"geo":"","raw":"먹을만합니다","polarity":{"com":0,"pos":0.333333333,"neg":0.666666667,"neut":0,"none":0},"intensity":{"high":0.111111111,"low":0.222222222,"meium":0.666666667,"none":0},"expressive":{"dir-action":0,"dir-explicit":0.222222222,"dir-speech":0.777777778,"indirect":0,"writing-device":0}},{"id":"원조안동찜닭-대림","permalink":"","username":"asdfg","text":"찜닭시켰는데...치킨이 오더니...참 어이가 없습니다","date":"Mon Dec 10 23:59:44 +0000 2018","retweets":"30","favorites":"20","mentions":[],"hashtags":[],"geo":"","raw":"찜닭시켰는데...치킨이 오더니...참 어이가 없습니다","polarity":{"com":0,"pos":0.569444444357639,"neg":0.1388888889652778,"neut":0.26388888893402784,"none":0.02777777774305556},"intensity":{"high":0.29166666674999997,"low":0.02777777775,"meium":0.65277777775,"none":0.02777777775},"expressive":{"dir-action":0,"dir-explicit":0.38888888890277784,"dir-speech":0.29166666667708335,"indirect":0.29166666667708335,"writing-device":0.02777777774305556}},{"id":"원조안동찜닭-대림","permalink":"","username":"asdfg","text":"맛있는데 약간 시간이 많이 걸린거 같습니다","date":"Mon Dec 10 23:59:44 +0000 2018","retweets":"30","favorites":"20","mentions":[],"hashtags":[],"geo":"","raw":"맛있는데 약간 시간이 많이 걸린거 같습니다","polarity":{"com":0.24999999999999997,"pos":0.08333333325,"neg":0.66666666675,"neut":0,"none":0},"intensity":{"high":0,"low":0.25,"meium":0.75,"none":0},"expressive":{"dir-action":0,"dir-explicit":0.08333333325,"dir-speech":0.41666666674999997,"indirect":0.25,"writing-device":0.25}},{"id":"원조안동찜닭-대림","permalink":"","username":"asdfg","text":"글쎄요......","date":"Mon Dec 10 23:59:44 +0000 2018","retweets":"30","favorites":"20","mentions":[],"hashtags":[],"geo":"","raw":"글쎄요......","polarity":{"com":0,"pos":0,"neg":0,"neut":0,"none":1},"intensity":{"high":0,"low":0,"meium":0,"none":1},"expressive":{"dir-action":0,"dir-explicit":0,"dir-speech":0,"indirect":0,"writing-device":1}},{"id":"원조안동찜닭-대림","permalink":"","username":"asdfg","text":"찜닭이라고하기에는 당면이 너무없네요. 닭고기만들어있고 2만원돈하기에는 좀 아닌듯합니다. 맛없지는않았지만 그렇타고 맛있지도않는 닭사서 레시피보고 만들어도 나올듯합니다. 많이아쉬웠습니다","date":"Mon Dec 10 23:59:44 +0000 2018","retweets":"30","favorites":"20","mentions":[],"hashtags":[],"geo":"","raw":"찜닭이라고하기에는 당면이 너무없네요. 닭고기만들어있고 2만원돈하기에는 좀 아닌듯합니다. 맛없지는않았지만 그렇타고 맛있지도않는 닭사서 레시피보고 만들어도 나올듯합니다. 많이아쉬웠습니다","polarity":{"com":0.008233271751543739,"pos":0.4187527629535161,"neg":0.44561452695855275,"neut":0.04322594300810487,"none":0.08417349532828254},"intensity":{"high":0.05972511693750001,"low":0.13739329393750002,"meium":0.7179897030000001,"none":0.08489188612500002},"expressive":{"dir-action":0.005182676500323917,"dir-explicit":0.20977511482561098,"dir-speech":0.46500851284156297,"indirect":0.23017366370188586,"writing-device":0.08986003213061625}},{"id":"원조안동찜닭-대림","permalink":"","username":"asdfg","text":"양도 푸짐하고 맛있었어요. 기름기가 너무많았다는 아쉬움이 있네요~~","date":"Mon Dec 10 23:59:44 +0000 2018","retweets":"30","favorites":"20","mentions":[],"hashtags":[],"geo":"","raw":"양도 푸짐하고 맛있었어요. 기름기가 너무많았다는 아쉬움이 있네요~~","polarity":{"com":0.008468289666666665,"pos":0.29231949349999997,"neg":0.5827539494999999,"neut":0.0320971205,"none":0.08436114683333333},"intensity":{"high":0.0967234703494539,"low":0.07703161234617192,"meium":0.7398951746233159,"none":0.08634974268105829},"expressive":{"dir-action":0.0005005005000834167,"dir-explicit":0.40091333556681885,"dir-speech":0.3042230895507038,"indirect":0.20950142703491692,"writing-device":0.08486164734747695}},{"id":"원조안동찜닭-대림","permalink":"","username":"asdfg","text":"조미료가 별로 안들어가서 싱겁긴한데 그래도 집에서 먹는느낌나네요. 배달도빠릅니다","date":"Mon Dec 10 23:59:44 +0000 2018","retweets":"30","favorites":"20","mentions":[],"hashtags":[],"geo":"","raw":"조미료가 별로 안들어가서 싱겁긴한데 그래도 집에서 먹는느낌나네요. 배달도빠릅니다","polarity":{"com":0.001984127,"pos":0.6244322573333334,"neg":0.2834173057777778,"neut":0.030308097000000003,"none":0.059858212888888894},"intensity":{"high":0.0686703624520745,"low":0.1996423121332936,"meium":0.6708370489634263,"none":0.06085027645120559},"expressive":{"dir-action":0,"dir-explicit":0.18494416697945065,"dir-speech":0.4680676931702147,"indirect":0.2664526485259497,"writing-device":0.08053549132438494}},{"id":"원조안동찜닭-대림","permalink":"","username":"asdfg","text":"ㅉㅉㅉ","date":"Mon Dec 10 23:59:44 +0000 2018","retweets":"30","favorites":"20","mentions":[],"hashtags":[],"geo":"","raw":"ㅉㅉㅉ","polarity":{"com":null,"pos":null,"neg":null,"neut":null,"none":null},"intensity":{"high":null,"low":null,"meium":null,"none":null},"expressive":{"dir-action":null,"dir-explicit":null,"dir-speech":null,"indirect":null,"writing-device":null}},{"id":"원조안동찜닭-대림","permalink":"","username":"asdfg","text":"좋았습니다!\n배달이 늦게 올까봐 걱정했는데 25분 정도지나니 바로오셨네요ㅎ\n맛은 그럭저럭 좋았고 양은 생각과 달리 꽤나 푸짐해서 놀랐네요!전도 괜찮았습니다!\n음료까지 주니 다음에도 또 시켜먹어야겠네염","date":"Mon Dec 10 23:59:44 +0000 2018","retweets":"30","favorites":"20","mentions":[],"hashtags":[],"geo":"","raw":"좋았습니다!\n배달이 늦게 올까봐 걱정했는데 25분 정도지나니 바로오셨네요ㅎ\n맛은 그럭저럭 좋았고 양은 생각과 달리 꽤나 푸짐해서 놀랐네요!전도 괜찮았습니다!\n음료까지 주니 다음에도 또 시켜먹어야겠네염","polarity":{"com":0.003833344631377192,"pos":0.4021254302419934,"neg":0.3000653353526282,"neut":0.16389396914926874,"none":0.13008192062473253},"intensity":{"high":0.06076031600319792,"low":0.11821297711148489,"meium":0.6883943889835997,"none":0.13263231790171748},"expressive":{"dir-action":0.00015805278949032137,"dir-explicit":0.15716620585864907,"dir-speech":0.392327973883403,"indirect":0.31589840698062094,"writing-device":0.13444936048783676}},{"id":"원조안동찜닭-대림","permalink":"","username":"asdfg","text":"닭이좀안익어서옴..맛은괜찮았어요.","date":"Mon Dec 10 23:59:44 +0000 2018","retweets":"30","favorites":"20","mentions":[],"hashtags":[],"geo":"","raw":"닭이좀안익어서옴..맛은괜찮았어요.","polarity":{"com":0,"pos":0.875,"neg":0,"neut":0.125,"none":0},"intensity":{"high":0,"low":0,"meium":1,"none":0},"expressive":{"dir-action":0,"dir-explicit":0.1,"dir-speech":0.525,"indirect":0.375,"writing-device":0}},{"id":"원조안동찜닭-대림","permalink":"","username":"asdfg","text":"맛은 그럭저럭 괜찮구요.\n아쉬웠던건 찜닭에 들어가는 면이 잡채면이더라구여. 처음봤아요~찜닭먹으러 많이 다녀봤지만 집채면으로 하는집은..ㅋㅋㅋㅋㅋㅋ\n그리고 안동찜닭은 좀 매콤해야하는데 전혀 매콤하지 않아서 아쉬웠네요.\n배달은 30분만에 왔어요~","date":"Mon Dec 10 23:59:44 +0000 2018","retweets":"30","favorites":"20","mentions":[],"hashtags":[],"geo":"","raw":"맛은 그럭저럭 괜찮구요.\n아쉬웠던건 찜닭에 들어가는 면이 잡채면이더라구여. 처음봤아요~찜닭먹으러 많이 다녀봤지만 집채면으로 하는집은..ㅋㅋㅋㅋㅋㅋ\n그리고 안동찜닭은 좀 매콤해야하는데 전혀 매콤하지 않아서 아쉬웠네요.\n배달은 30분만에 왔어요~","polarity":{"com":0.02901069104623759,"pos":0.692110693633709,"neg":0.19785057246676904,"neut":0.05314029266413618,"none":0.027887750189148203},"intensity":{"high":0.042084957995991906,"low":0.19088772550562969,"meium":0.7377994688344953,"none":0.029227847663883068},"expressive":{"dir-action":0.0015449105715021384,"dir-explicit":0.20266982834298425,"dir-speech":0.3736393779701732,"indirect":0.39083106059003964,"writing-device":0.031314822525300705}},{"id":"원조안동찜닭-대림","permalink":"","username":"asdfg","text":"생각보다 당면도 불지않고 맛도 괜찮았음 시간은 50분걸림","date":"Mon Dec 10 23:59:44 +0000 2018","retweets":"30","favorites":"20","mentions":[],"hashtags":[],"geo":"","raw":"생각보다 당면도 불지않고 맛도 괜찮았음 시간은 50분걸림","polarity":{"com":0.0024213075714285717,"pos":0.4615617432857143,"neg":0.48466505242857144,"neut":0.040556900714285714,"none":0.010794996},"intensity":{"high":0.2169087973476882,"low":0.10270379331505823,"meium":0.6695924133341693,"none":0.010794996003084284},"expressive":{"dir-action":0,"dir-explicit":0.18755044399999998,"dir-speech":0.35966505242857144,"indirect":0.4419895075714286,"writing-device":0.010794996}},{"id":"원조안동찜닭-대림","permalink":"","username":"asdfg","text":"주메뉴고추장삼겹살은맛잇엇는데야채가너무많아요ㅜㅜ\n그리고콩나물국은완전맹탕인데...반찬은그냥그러네여ㅜ쌈좀많아가따주시면좋을꺼같고요\n그리고어떻게뜯어먹죠?비닐자르는칼좀보내주세요","date":"Mon Dec 10 23:59:44 +0000 2018","retweets":"30","favorites":"20","mentions":[],"hashtags":[],"geo":"","raw":"주메뉴고추장삼겹살은맛잇엇는데야채가너무많아요ㅜㅜ\n그리고콩나물국은완전맹탕인데...반찬은그냥그러네여ㅜ쌈좀많아가따주시면좋을꺼같고요\n그리고어떻게뜯어먹죠?비닐자르는칼좀보내주세요","polarity":{"com":0.032832560600000005,"pos":0.5312208986,"neg":0.3353473776666666,"neut":0.03375663786666667,"none":0.06684252526666667},"intensity":{"high":0.11833624729822297,"low":0.06830418695154777,"meium":0.7453265641987538,"none":0.06803300155147546},"expressive":{"dir-action":0,"dir-explicit":0.30120846348674724,"dir-speech":0.3782115707585474,"indirect":0.24925564781661705,"writing-device":0.07132431793808829}},{"id":"원조안동찜닭-대림","permalink":"","username":"asdfg","text":"완전 맛있었어용","date":"Mon Dec 10 23:59:44 +0000 2018","retweets":"30","favorites":"20","mentions":[],"hashtags":[],"geo":"","raw":"완전 맛있었어용","polarity":{"com":0,"pos":0.5,"neg":0.5,"neut":0,"none":0},"intensity":{"high":0,"low":0,"meium":1,"none":0},"expressive":{"dir-action":0,"dir-explicit":0.5,"dir-speech":0,"indirect":0.5,"writing-device":0}},{"id":"원조안동찜닭-대림","permalink":"","username":"asdfg","text":"최근에 시켜먹은 주문음식치곤 맛있었네요. 애기가 아직어려서 외식도 자주못하는데 편하게 집에서 잘먹었네요. \n요기요 자주 이용해야겠어요.","date":"Mon Dec 10 23:59:44 +0000 2018","retweets":"30","favorites":"20","mentions":[],"hashtags":[],"geo":"","raw":"최근에 시켜먹은 주문음식치곤 맛있었네요. 애기가 아직어려서 외식도 자주못하는데 편하게 집에서 잘먹었네요. \n요기요 자주 이용해야겠어요.","polarity":{"com":0.002257799692481369,"pos":0.6112953138931766,"neg":0.32673361125590256,"neut":0.016980863924383142,"none":0.04273241123405634},"intensity":{"high":0.029751378920788364,"low":0.21821186475244528,"meium":0.7077333585609435,"none":0.04430339776582281},"expressive":{"dir-action":0.0521662246193974,"dir-explicit":0.15172519047320965,"dir-speech":0.5113021557316386,"indirect":0.23942149809534014,"writing-device":0.04538493108041422}},{"id":"원조안동찜닭-대림","permalink":"","username":"asdfg","text":"일단 양많고 기름이 많긴하지만 육질도 부드럽고 맛잇네요","date":"Mon Dec 10 23:59:44 +0000 2018","retweets":"30","favorites":"20","mentions":[],"hashtags":[],"geo":"","raw":"일단 양많고 기름이 많긴하지만 육질도 부드럽고 맛잇네요","polarity":{"com":0.0031061849999999996,"pos":0.4045715236666667,"neg":0.2993479451666667,"neut":0.021121582,"none":0.27185276416666665},"intensity":{"high":0.08644487283333334,"low":0.11801896666666667,"meium":0.5217676875,"none":0.273768473},"expressive":{"dir-action":0.001915708833652618,"dir-explicit":0.26972882604495485,"dir-speech":0.36353073456058843,"indirect":0.08841531618140255,"writing-device":0.2764094143794016}},{"id":"원조안동찜닭-대림","permalink":"","username":"asdfg","text":"40분 걸린다더니 왜 안 오남요 ㅜ\n배고파서 이제 속까지 쓰림 ㅡ편의점 도시락 사먹을걸..","date":"Mon Dec 10 23:59:44 +0000 2018","retweets":"30","favorites":"20","mentions":[],"hashtags":[],"geo":"","raw":"40분 걸린다더니 왜 안 오남요 ㅜ\n배고파서 이제 속까지 쓰림 ㅡ편의점 도시락 사먹을걸..","polarity":{"com":0.07070707066666666,"pos":0.40656565666666666,"neg":0.4015151515,"neut":0,"none":0.12121212116666667},"intensity":{"high":0.19696969689898988,"low":0.030303030176767682,"meium":0.6439393942146465,"none":0.12878787870959596},"expressive":{"dir-action":0,"dir-explicit":0.2828282829276094,"dir-speech":0.26010101008670033,"indirect":0.3282828282760943,"writing-device":0.12878787870959596}}]