[{"id":"화로불닭발-영등포동7가","permalink":"","username":"asdfg","text":"배달은 시간내왔고\n양이 좀 적은것 같고\n맛은 괘안 았어요\n\n올만에 먹었는데 만족합니다\n\n오돌이 좀 매웠으면 하는 아쉬움은 있네요","date":"Mon Dec 10 23:59:44 +0000 2018","retweets":"30","favorites":"20","mentions":[],"hashtags":[],"geo":"","raw":"배달은 시간내왔고\n양이 좀 적은것 같고\n맛은 괘안 았어요\n\n올만에 먹었는데 만족합니다\n\n오돌이 좀 매웠으면 하는 아쉬움은 있네요","polarity":{"com":0.0036614162857142854,"pos":0.4416965675714285,"neg":0.3655127239285715,"neut":0.07978771100000001,"none":0.10934158121428572},"intensity":{"high":0.05069690728571429,"low":0.08578969214285714,"meium":0.7530361379999999,"none":0.11047726257142856},"expressive":{"dir-action":0.001135681357223977,"dir-explicit":0.3035519896645395,"dir-speech":0.44333188238880944,"indirect":0.13986114793856153,"writing-device":0.11211929865086567}},{"id":"화로불닭발-영등포동7가","permalink":"","username":"asdfg","text":"맛있게 잘 먹었습니당","date":"Mon Dec 10 23:59:44 +0000 2018","retweets":"30","favorites":"20","mentions":[],"hashtags":[],"geo":"","raw":"맛있게 잘 먹었습니당","polarity":{"com":0,"pos":0.35714285717857136,"neg":0.6071428573035714,"neut":0.03571428551785714,"none":0},"intensity":{"high":0,"low":0.107142857,"meium":0.8928571430000001,"none":0},"expressive":{"dir-action":0,"dir-explicit":0.107142857,"dir-speech":0.5714285715,"indirect":0.3214285715,"writing-device":0}},{"id":"화로불닭발-영등포동7가","permalink":"","username":"asdfg","text":"세번째 시켜먹는 건데 정말\n맛있었어요~!! 닭발을 화로에다 구워서 진짜 JMT입니다ㅠㅠㅠㅠㅠㅠ \n맵지만 맛나게 매워요 ㅠㅠㅠㅠㅠㅠ","date":"Mon Dec 10 23:59:44 +0000 2018","retweets":"30","favorites":"20","mentions":[],"hashtags":[],"geo":"","raw":"세번째 시켜먹는 건데 정말\n맛있었어요~!! 닭발을 화로에다 구워서 진짜 JMT입니다ㅠㅠㅠㅠㅠㅠ \n맵지만 맛나게 매워요 ㅠㅠㅠㅠㅠㅠ","polarity":{"com":0.006479694000000001,"pos":0.5360539110000001,"neg":0.2733358358333334,"neut":0.015962391000000003,"none":0.1681681681666667},"intensity":{"high":0.1283515658119414,"low":0.06498462748916922,"meium":0.6384956385602507,"none":0.1681681681386386},"expressive":{"dir-action":0.002502502500417084,"dir-explicit":0.3569998568928333,"dir-speech":0.24518268270753044,"indirect":0.2201934077033656,"writing-device":0.1751215501958536}},{"id":"화로불닭발-영등포동7가","permalink":"","username":"asdfg","text":"주문한지 1시간 지나서 배송 받았는데 음식이 쉰거 같으니 가져가서 맛을 보시고 다시 보내주시라 요청 했더니 콜비도 안나온다며 요기요에 취소처리 해준다며요  남자 사장님! 저랑 그렇게 통화 안했어요? 요기요에 3번이나 통화했더니 업체에서 그런적 없다고요? 아놔 무슨 장사를 이렇게하세요\n별하나도 아깝네요. 빵별은 왜 입력 안되는거요","date":"Mon Dec 10 23:59:44 +0000 2018","retweets":"30","favorites":"20","mentions":[],"hashtags":[],"geo":"","raw":"주문한지 1시간 지나서 배송 받았는데 음식이 쉰거 같으니 가져가서 맛을 보시고 다시 보내주시라 요청 했더니 콜비도 안나온다며 요기요에 취소처리 해준다며요  남자 사장님! 저랑 그렇게 통화 안했어요? 요기요에 3번이나 통화했더니 업체에서 그런적 없다고요? 아놔 무슨 장사를 이렇게하세요\n별하나도 아깝네요. 빵별은 왜 입력 안되는거요","polarity":{"com":0.0048510210401940404,"pos":0.42515082441700613,"neg":0.4528872181781155,"neut":0.03887909716155517,"none":0.07823183920312927},"intensity":{"high":0.17451871744698078,"low":0.05715014936228601,"meium":0.68975103950759,"none":0.07858009368314321},"expressive":{"dir-action":0.0012018946399519244,"dir-explicit":0.2749383960290025,"dir-speech":0.3799908040648004,"indirect":0.20699179183172037,"writing-device":0.13687711343452494}},{"id":"화로불닭발-영등포동7가","permalink":"","username":"asdfg","text":"맛있어요:)\n숯불향가득 좋아요","date":"Mon Dec 10 23:59:44 +0000 2018","retweets":"30","favorites":"20","mentions":[],"hashtags":[],"geo":"","raw":"맛있어요:)\n숯불향가득 좋아요","polarity":{"com":0,"pos":0.25,"neg":0.75,"neut":0,"none":0},"intensity":{"high":0.5,"low":0,"meium":0.5,"none":0},"expressive":{"dir-action":0,"dir-explicit":0.25,"dir-speech":0.5,"indirect":0.25,"writing-device":0}},{"id":"화로불닭발-영등포동7가","permalink":"","username":"asdfg","text":"맛그런저럭 평범한맛이네요 양은적은편이구요 근대 닭발이좀 큰편같기도해요 계란찜맛있네요","date":"Mon Dec 10 23:59:44 +0000 2018","retweets":"30","favorites":"20","mentions":[],"hashtags":[],"geo":"","raw":"맛그런저럭 평범한맛이네요 양은적은편이구요 근대 닭발이좀 큰편같기도해요 계란찜맛있네요","polarity":{"com":0.006103726909090909,"pos":0.5467236291818182,"neg":0.262083319,"neut":0.10074307727272726,"none":0.08434624763636364},"intensity":{"high":0.06604700710291764,"low":0.1169254265667137,"meium":0.7289505384052637,"none":0.08807702792510493},"expressive":{"dir-action":0.0009869908182715446,"dir-explicit":0.29251387793568306,"dir-speech":0.4087243043098841,"indirect":0.21302809874663892,"writing-device":0.08474672818952243}},{"id":"화로불닭발-영등포동7가","permalink":"","username":"asdfg","text":"진짜 맛있게 매웠습니다!!","date":"Mon Dec 10 23:59:44 +0000 2018","retweets":"30","favorites":"20","mentions":[],"hashtags":[],"geo":"","raw":"진짜 맛있게 매웠습니다!!","polarity":{"com":0,"pos":0,"neg":1,"neut":0,"none":0},"intensity":{"high":0,"low":0,"meium":1,"none":0},"expressive":{"dir-action":0,"dir-explicit":0,"dir-speech":1,"indirect":0,"writing-device":0}},{"id":"화로불닭발-영등포동7가","permalink":"","username":"asdfg","text":"늘 시켜먹던 곳인데....\n주먹밥에 김이 안왔어여......","date":"Mon Dec 10 23:59:44 +0000 2018","retweets":"30","favorites":"20","mentions":[],"hashtags":[],"geo":"","raw":"늘 시켜먹던 곳인데....\n주먹밥에 김이 안왔어여......","polarity":{"com":0.05555555564814815,"pos":0.4444444441851852,"neg":0.4444444445185185,"neut":0.055555555648148146,"none":0},"intensity":{"high":0.2592592593333333,"low":0.074074074,"meium":0.6666666666666666,"none":0},"expressive":{"dir-action":0,"dir-explicit":0.574074074,"dir-speech":0.42592592599999995,"indirect":0,"writing-device":0}},{"id":"화로불닭발-영등포동7가","permalink":"","username":"asdfg","text":"매우 불친절함 오래 기다렸다가 먹음","date":"Mon Dec 10 23:59:44 +0000 2018","retweets":"30","favorites":"20","mentions":[],"hashtags":[],"geo":"","raw":"매우 불친절함 오래 기다렸다가 먹음","polarity":{"com":0,"pos":0.83333333325,"neg":0.16666666675,"neut":0,"none":0},"intensity":{"high":0.27777777775,"low":0.0555555555,"meium":0.66666666675,"none":0},"expressive":{"dir-action":0,"dir-explicit":0.38888888875000005,"dir-speech":0.1944444445,"indirect":0.41666666674999997,"writing-device":0}},{"id":"화로불닭발-영등포동7가","permalink":"","username":"asdfg","text":"완전 맛있게 매워요 맛있게 잘 먹었어요","date":"Mon Dec 10 23:59:44 +0000 2018","retweets":"30","favorites":"20","mentions":[],"hashtags":[],"geo":"","raw":"완전 맛있게 매워요 맛있게 잘 먹었어요","polarity":{"com":0,"pos":0.40476190480158725,"neg":0.5714285715238095,"neut":0.023809523674603175,"none":0},"intensity":{"high":0,"low":0.07142857133333333,"meium":0.9285714286666668,"none":0},"expressive":{"dir-action":0,"dir-explicit":0.238095238,"dir-speech":0.380952381,"indirect":0.380952381,"writing-device":0}},{"id":"화로불닭발-영등포동7가","permalink":"","username":"asdfg","text":"똥집양 엄청 많아서 좋아요 잘먹었어용 ㅎㅎ","date":"Mon Dec 10 23:59:44 +0000 2018","retweets":"30","favorites":"20","mentions":[],"hashtags":[],"geo":"","raw":"똥집양 엄청 많아서 좋아요 잘먹었어용 ㅎㅎ","polarity":{"com":0,"pos":0.6751966875583989,"neg":0.2731677017577226,"neut":0.038302277346100755,"none":0.013333333337777779},"intensity":{"high":0.1536231883845411,"low":0.1572256727190752,"meium":0.675817805558606,"none":0.013333333337777779},"expressive":{"dir-action":0,"dir-explicit":0.44534161481511386,"dir-speech":0.18674948239558317,"indirect":0.3545755694515252,"writing-device":0.013333333337777779}},{"id":"화로불닭발-영등포동7가","permalink":"","username":"asdfg","text":"배달 빠르고 계란찜 서비스로 주셔셔 감사해용 \n또 시킬게요 맛있어용","date":"Mon Dec 10 23:59:44 +0000 2018","retweets":"30","favorites":"20","mentions":[],"hashtags":[],"geo":"","raw":"배달 빠르고 계란찜 서비스로 주셔셔 감사해용 \n또 시킬게요 맛있어용","polarity":{"com":0,"pos":0.623809523729365,"neg":0.3047619047825397,"neut":0,"none":0.07142857148809524},"intensity":{"high":0.16666666666666666,"low":0.16666666666666666,"meium":0.5952380951666667,"none":0.0714285715},"expressive":{"dir-action":0,"dir-explicit":0.10714285716666666,"dir-speech":0.5642857143333334,"indirect":0.2333333333333333,"writing-device":0.09523809516666666}},{"id":"화로불닭발-영등포동7가","permalink":"","username":"asdfg","text":"닭발은 무조건 여기서만 시켜먹어요 ㅋㅋㅋ","date":"Mon Dec 10 23:59:44 +0000 2018","retweets":"30","favorites":"20","mentions":[],"hashtags":[],"geo":"","raw":"닭발은 무조건 여기서만 시켜먹어요 ㅋㅋㅋ","polarity":{"com":0.003389830600677965,"pos":0.47375054309475,"neg":0.41186440688237275,"neut":0.017036071203407208,"none":0.09395914821879181},"intensity":{"high":0.0630740258126148,"low":0.0818194986163639,"meium":0.7611473273522295,"none":0.09395914821879184},"expressive":{"dir-action":0,"dir-explicit":0.1448355788,"dir-speech":0.5187020136,"indirect":0.24763146460000002,"writing-device":0.08883094300000001}},{"id":"화로불닭발-영등포동7가","permalink":"","username":"asdfg","text":"매운데  기분나쁜  매운맛이예요   그리고  넘많이탓어요  ㅠㅠ","date":"Mon Dec 10 23:59:44 +0000 2018","retweets":"30","favorites":"20","mentions":[],"hashtags":[],"geo":"","raw":"매운데  기분나쁜  매운맛이예요   그리고  넘많이탓어요  ㅠㅠ","polarity":{"com":0.007625272333333335,"pos":0.23965141600000003,"neg":0.44444444466666666,"neut":0.23420479300000005,"none":0.074074074},"intensity":{"high":0.20915032673638345,"low":0.21241830073747278,"meium":0.5043572985014524,"none":0.07407407402469136},"expressive":{"dir-action":0,"dir-explicit":0.380174292,"dir-speech":0.4193899783333333,"indirect":0.11982570799999999,"writing-device":0.08061002166666667}},{"id":"화로불닭발-영등포동7가","permalink":"","username":"asdfg","text":"오돌뼈를 시킨건지 제육볶음을 시킨건지 모르겠어요ㅠㅠ.. 뻑뻑하구 오돌뼈가 별로 없어요.\n양은 엄청 많네요.","date":"Mon Dec 10 23:59:44 +0000 2018","retweets":"30","favorites":"20","mentions":[],"hashtags":[],"geo":"","raw":"오돌뼈를 시킨건지 제육볶음을 시킨건지 모르겠어요ㅠㅠ.. 뻑뻑하구 오돌뼈가 별로 없어요.\n양은 엄청 많네요.............","polarity":{"com":0.0150090166015009,"pos":0.26117777472611775,"neg":0.45535935054553595,"neut":0.05174192290517419,"none":0.21671193522167123},"intensity":{"high":0.10704407396788677,"low":0.12903344016128998,"meium":0.5441973944367408,"none":0.21972509143408253},"expressive":{"dir-action":0.003924812200392481,"dir-explicit":0.25709530852570955,"dir-speech":0.3044066296304407,"indirect":0.20312001672031202,"writing-device":0.23145323292314532}},{"id":"화로불닭발-영등포동7가","permalink":"","username":"asdfg","text":"맛있고 푸짐하게 잘 왔습니다\n생각보다 좀 덜 맵게와서 다음에는 맵게 해달라고 해야겠네요","date":"Mon Dec 10 23:59:44 +0000 2018","retweets":"30","favorites":"20","mentions":[],"hashtags":[],"geo":"","raw":"맛있고 푸짐하게 잘 왔습니다\n생각보다 좀 덜 맵게와서 다음에는 맵게 해달라고 해야겠네요","polarity":{"com":0.003946475223099216,"pos":0.4267997472059554,"neg":0.4182400792040533,"neut":0.11318502402515221,"none":0.0378286743417397},"intensity":{"high":0.03823733421797363,"low":0.10143353532206294,"meium":0.82088964990879,"none":0.0394394805511734},"expressive":{"dir-action":0.0016108062224012008,"dir-explicit":0.18013863613112654,"dir-speech":0.5413044818379228,"indirect":0.23318864847035428,"writing-device":0.04375742733819527}},{"id":"화로불닭발-영등포동7가","permalink":"","username":"asdfg","text":"으악 냄새..","date":"Mon Dec 10 23:59:44 +0000 2018","retweets":"30","favorites":"20","mentions":[],"hashtags":[],"geo":"","raw":"으악 냄새..","polarity":{"com":0,"pos":0,"neg":1,"neut":0,"none":0},"intensity":{"high":1,"low":0,"meium":0,"none":0},"expressive":{"dir-action":0,"dir-explicit":0,"dir-speech":0,"indirect":1,"writing-device":0}},{"id":"화로불닭발-영등포동7가","permalink":"","username":"asdfg","text":"닭발 잡내안나고 맛있어요~매운거 못드시는분은 많이 매울듯!주먹밥 양 엄청 많네요~후기보니까 계란찜 서비스 준다길래 추가안했는데 군만두가 왔네요ㅜㅜ닭발엔 계란찜인데ㅜㅜ아쉬워요","date":"Mon Dec 10 23:59:44 +0000 2018","retweets":"30","favorites":"20","mentions":[],"hashtags":[],"geo":"","raw":"닭발 잡내안나고 맛있어요~매운거 못드시는분은 많이 매울듯!주먹밥 양 엄청 많네요~후기보니까 계란찜 서비스 준다길래 추가안했는데 군만두가 왔네요ㅜㅜ닭발엔 계란찜인데ㅜㅜ아쉬워요","polarity":{"com":0.004847036882352942,"pos":0.4267705803529413,"neg":0.49607487923529414,"neut":0.037060071235294124,"none":0.035247432294117656},"intensity":{"high":0.062349854709549984,"low":0.2029343706589961,"meium":0.6989431322175848,"none":0.035772642413868974},"expressive":{"dir-action":0,"dir-explicit":0.20393091168304667,"dir-speech":0.36866046506505773,"indirect":0.35453486594491795,"writing-device":0.07287375730697772}},{"id":"화로불닭발-영등포동7가","permalink":"","username":"asdfg","text":"먹느라정신없어서 사진을 못찍음 ㅋㅋ\n맛잇어요 ㅋㅋ 닭발두 적당히 매워서 좋았구\n오돌뼈도 생각보다 양이 많고 맛잇음~~~\n주먹밥을 완젼좋아하는데 날치알 가득에 김가루도 넉넉하게 챙겨주셔서 너무좋앗음~~ 둘이먹다 남겼는데 담날 밥볶아먹음 ㅋㅋㅋㅋㅋ쵝오임 !!!!","date":"Mon Dec 10 23:59:44 +0000 2018","retweets":"30","favorites":"20","mentions":[],"hashtags":[],"geo":"","raw":"먹느라정신없어서 사진을 못찍음 ㅋㅋ\n맛잇어요 ㅋㅋ 닭발두 적당히 매워서 좋았구\n오돌뼈도 생각보다 양이 많고 맛잇음~~~\n주먹밥을 완젼좋아하는데 날치알 가득에 김가루도 넉넉하게 챙겨주셔서 너무좋앗음~~ 둘이먹다 남겼는데 담날 밥볶아먹음 ㅋㅋㅋㅋㅋ쵝오임 !!!!","polarity":{"com":0.03456581185714285,"pos":0.5177535376190476,"neg":0.3847799539999999,"neut":0.03194195128571428,"none":0.030958745238095234},"intensity":{"high":0.08947764877042642,"low":0.08195969405542472,"meium":0.7972511362664049,"none":0.031311520907743945},"expressive":{"dir-action":0.0010677763810540738,"dir-explicit":0.26300400035838134,"dir-speech":0.44546753266147315,"indirect":0.2592033054532575,"writing-device":0.03125738514583404}},{"id":"화로불닭발-영등포동7가","permalink":"","username":"asdfg","text":"첫닭발 배달 성공적","date":"Mon Dec 10 23:59:44 +0000 2018","retweets":"30","favorites":"20","mentions":[],"hashtags":[],"geo":"","raw":"첫닭발 배달 성공적","polarity":{"com":0,"pos":1,"neg":0,"neut":0,"none":0},"intensity":{"high":0,"low":0,"meium":1,"none":0},"expressive":{"dir-action":0,"dir-explicit":0,"dir-speech":1,"indirect":0,"writing-device":0}},{"id":"화로불닭발-영등포동7가","permalink":"","username":"asdfg","text":"맛있어요~ 배달 시간은 1시간(?) 걸렸는데.. 예상하고 주문했어서 괜찮아요.","date":"Mon Dec 10 23:59:44 +0000 2018","retweets":"30","favorites":"20","mentions":[],"hashtags":[],"geo":"","raw":"맛있어요~ 배달 시간은 1시간(?) 걸렸는데.. 예상하고 주문했어서 괜찮아요.","polarity":{"com":0.0024213075714285717,"pos":0.44370460042857146,"neg":0.544188862,"neut":0.004842615,"none":0.004842615},"intensity":{"high":0.12167070216023866,"low":0.019370460002767206,"meium":0.8541162228363023,"none":0.004842615000691801},"expressive":{"dir-action":0,"dir-explicit":0.3601694915714286,"dir-speech":0.4370460048571428,"indirect":0.19794188857142855,"writing-device":0.004842614999999999}},{"id":"화로불닭발-영등포동7가","permalink":"","username":"asdfg","text":"맛있어요 닭발은 항상 여기서 시켜먹어요ㅎㅎㅎ 맵긴해여 담날 화장실 가기 힘들어요ㅎㅎ","date":"Mon Dec 10 23:59:44 +0000 2018","retweets":"30","favorites":"20","mentions":[],"hashtags":[],"geo":"","raw":"맛있어요 닭발은 항상 여기서 시켜먹어요ㅎㅎㅎ 맵긴해여 담날 화장실 가기 힘들어요ㅎㅎ","polarity":{"com":0.058715934,"pos":0.42632747922222225,"neg":0.42062121366666655,"neut":0.01891995022222222,"none":0.07541542288888889},"intensity":{"high":0.04016182444890687,"low":0.06129643934014405,"meium":0.8218491740913164,"none":0.07669256211963252},"expressive":{"dir-action":0.001277139222222222,"dir-explicit":0.1482337204444444,"dir-speech":0.5984138195555555,"indirect":0.1590956463333333,"writing-device":0.09297967444444442}},{"id":"화로불닭발-영등포동7가","permalink":"","username":"asdfg","text":"음식은 맛있는데 배달을 넘 늦어요ㅠㅠ\n1시간 20분 뒤에 받았네요","date":"Mon Dec 10 23:59:44 +0000 2018","retweets":"30","favorites":"20","mentions":[],"hashtags":[],"geo":"","raw":"음식은 맛있는데 배달을 넘 늦어요ㅠㅠ\n1시간 20분 뒤에 받았네요","polarity":{"com":0.0028248588333333333,"pos":0.43701020583333333,"neg":0.5018224895,"neut":0.05269272833333333,"none":0.005649717499999998},"intensity":{"high":0.08012119551335353,"low":0.12743757968790626,"meium":0.7867915072977986,"none":0.005649717500941619},"expressive":{"dir-action":0,"dir-explicit":0.19304720249999996,"dir-speech":0.48972571533333326,"indirect":0.31157736466666663,"writing-device":0.005649717499999998}},{"id":"화로불닭발-영등포동7가","permalink":"","username":"asdfg","text":"배달 주문 한시간20분만에 음식이 도착했지만 선택 음식이 잘못왔네요.  식당에서 주문접수를 잘못해서 다시 20분더 기다려 본식사를 받았습니다  배달하시는 분들은 고생도 하시고 연신 죄송하다고 하셔서 그나마다행인데 , 전화받으시는분은 음식 주문도 잘못넣으시고  선택품목만 바꾸면 될것을 다 바꿔줄것처럼 먹지말고 원래대로 기다리라 그랬다가 결국 선택품목만 바꿔줘서 나머지 음식 다시 풀고  두시간만에 식은음식 먹었네요  고객대처하는 부분은 미숙하신듯 싶네요","date":"Mon Dec 10 23:59:44 +0000 2018","retweets":"30","favorites":"20","mentions":[],"hashtags":[],"geo":"","raw":"배달 주문 한시간20분만에 음식이 도착했지만 선택 음식이 잘못왔네요.  식당에서 주문접수를 잘못해서 다시 20분더 기다려 본식사를 받았습니다  배달하시는 분들은 고생도 하시고 연신 죄송하다고 하셔서 그나마다행인데 , 전화받으시는분은 음식 주문도 잘못넣으시고  선택품목만 바꾸면 될것을 다 바꿔줄것처럼 먹지말고 원래대로 기다리라 그랬다가 결국 선택품목만 바꿔줘서 나머지 음식 다시 풀고  두시간만에 식은음식 먹었네요  고객대처하는 부분은 미숙하신듯 싶네요","polarity":{"com":0.0073347858050569455,"pos":0.4816484773044304,"neg":0.31612405644673475,"neut":0.08040549129464403,"none":0.11448718914913383},"intensity":{"high":0.13687976363748486,"low":0.11430270458815374,"meium":0.6336569547227722,"none":0.1151605770515893},"expressive":{"dir-action":0.001193900195121951,"dir-explicit":0.24558785760975604,"dir-speech":0.4204127604634147,"indirect":0.21630519690243896,"writing-device":0.11650028482926827}},{"id":"화로불닭발-영등포동7가","permalink":"","username":"asdfg","text":"전체적으로 매콤하고 양도 많고 좋아요\n근데 배달이 많이 느리다는..55분 소요라고했는데\n한시간 반 기다린거같아요ㅋ..배달음식 자주 시켜먹는데\n여기도 종종 시켜먹으려구요 어쨋든 매콤하니 야식으로 좋아요","date":"Mon Dec 10 23:59:44 +0000 2018","retweets":"30","favorites":"20","mentions":[],"hashtags":[],"geo":"","raw":"전체적으로 매콤하고 양도 많고 좋아요\n근데 배달이 많이 느리다는..55분 소요라고했는데\n한시간 반 기다린거같아요ㅋ..배달음식 자주 시켜먹는데\n여기도 종종 시켜먹으려구요 어쨋든 매콤하니 야식으로 좋아요","polarity":{"com":0.0037387660001967768,"pos":0.5746141079249797,"neg":0.3662764791245408,"neut":0.02388550352757291,"none":0.03148514342270974},"intensity":{"high":0.08541847920603061,"low":0.1556067512549681,"meium":0.7259635991723178,"none":0.03301117036668363},"expressive":{"dir-action":0.0015260269476093727,"dir-explicit":0.21018945577002995,"dir-speech":0.49489134055182493,"indirect":0.20449516287439398,"writing-device":0.08889801385614178}},{"id":"화로불닭발-영등포동7가","permalink":"","username":"asdfg","text":"맛있어요.배달하는 사람 도 친절해요~","date":"Mon Dec 10 23:59:44 +0000 2018","retweets":"30","favorites":"20","mentions":[],"hashtags":[],"geo":"","raw":"맛있어요.배달하는 사람 도 친절해요~","polarity":{"com":0.018518518666666667,"pos":0.5,"neg":0.4814814813333333,"neut":0,"none":0},"intensity":{"high":0,"low":0.055555555666666666,"meium":0.9444444443333334,"none":0},"expressive":{"dir-action":0,"dir-explicit":0.055555555666666666,"dir-speech":0.8703703703333333,"indirect":0.074074074,"writing-device":0}},{"id":"화로불닭발-영등포동7가","permalink":"","username":"asdfg","text":"상당히 맛있네요.\n\n매우면서 맛있는 매움.\n\n잘 먹었어요.","date":"Mon Dec 10 23:59:44 +0000 2018","retweets":"30","favorites":"20","mentions":[],"hashtags":[],"geo":"","raw":"상당히 맛있네요.\n\n매우면서 맛있는 매움.\n\n잘 먹었어요.","polarity":{"com":0,"pos":0.23809523807936508,"neg":0.7380952382460317,"neut":0.023809523674603175,"none":0},"intensity":{"high":0,"low":0.07142857133333333,"meium":0.9285714286666668,"none":0},"expressive":{"dir-action":0,"dir-explicit":0.07142857133333333,"dir-speech":0.7142857143333333,"indirect":0.21428571433333332,"writing-device":0}},{"id":"화로불닭발-영등포동7가","permalink":"","username":"asdfg","text":"매운음식이니 계란찜이나 주먹밥정도 서비스메뉴같이오면좋을텐데 왠빵ㅜㅜ 그거하나 아쉬워여","date":"Mon Dec 10 23:59:44 +0000 2018","retweets":"30","favorites":"20","mentions":[],"hashtags":[],"geo":"","raw":"매운음식이니 계란찜이나 주먹밥정도 서비스메뉴같이오면좋을텐데 왠빵ㅜㅜ 그거하나 아쉬워여","polarity":{"com":0.0028594771249999995,"pos":0.5024883286249999,"neg":0.132579365125,"neut":0.16262838475,"none":0.19944444437499995},"intensity":{"high":0.040931372505116415,"low":0.05806956113225869,"meium":0.7015546219626944,"none":0.19944444439993053},"expressive":{"dir-action":0,"dir-explicit":0.196335200875,"dir-speech":0.41044584500000003,"indirect":0.191323529375,"writing-device":0.20189542475000002}},{"id":"화로불닭발-영등포동7가","permalink":"","username":"asdfg","text":"처음 시켰는데 포장도 깔끔하고 맛도 있어요 ㅋㅋㅋ\n닭발이 촉촉해서 좋아요!!!","date":"Mon Dec 10 23:59:44 +0000 2018","retweets":"30","favorites":"20","mentions":[],"hashtags":[],"geo":"","raw":"처음 시켰는데 포장도 깔끔하고 맛도 있어요 ㅋㅋㅋ\n닭발이 촉촉해서 좋아요!!!","polarity":{"com":0.025630085108263322,"pos":0.607755603376916,"neg":0.2682855353035238,"neut":0.02109845321987795,"none":0.07723032299141885},"intensity":{"high":0.06428866189603206,"low":0.07154424300794936,"meium":0.7857799618650866,"none":0.07838713323093192},"expressive":{"dir-action":0.0011568102222222223,"dir-explicit":0.29120715522222224,"dir-speech":0.26392691466666673,"indirect":0.36532198666666665,"writing-device":0.07838713322222224}},{"id":"화로불닭발-영등포동7가","permalink":"","username":"asdfg","text":"계란찜을 시켰는데 계란이 없다고 이게오네요 일하는직원부터 본인이사장도 아니고 손님같으신 분들 전화 많이 오는데 어쩔수 없다네요 사장이라는 분 하고 통화해도 똑같이 말하네요 리뷰처음써봅니다 먼저 전화를하고 손님한테 양해를 구해야 하지않나요... 먹고싶어서 시킨건 계란찜인데 아무말도 없이 대처해서 보냈다는데 미리말씀을 해주셔야 기분이 이렇게까지 상하진 않았을텐데 저번에 군만두가 서비스로왔길래 저희 측에서는 이게 서비스로 온건줄 알았습니다.","date":"Mon Dec 10 23:59:44 +0000 2018","retweets":"30","favorites":"20","mentions":[],"hashtags":[],"geo":"","raw":"계란찜을 시켰는데 계란이 없다고 이게오네요 일하는직원부터 본인이사장도 아니고 손님같으신 분들 전화 많이 오는데 어쩔수 없다네요 사장이라는 분 하고 통화해도 똑같이 말하네요 리뷰처음써봅니다 먼저 전화를하고 손님한테 양해를 구해야 하지않나요... 먹고싶어서 시킨건 계란찜인데 아무말도 없이 대처해서 보냈다는데 미리말씀을 해주셔야 기분이 이렇게까지 상하진 않았을텐데 저번에 군만두가 서비스로왔길래 저희 측에서는 이게 서비스로 온건줄 알았습니다.","polarity":{"com":0.054187972325123186,"pos":0.4168956906004969,"neg":0.3705691248344286,"neut":0.0756269345316361,"none":0.08272027770831529},"intensity":{"high":0.12716992101122085,"low":0.06869029759429619,"meium":0.7200701892988296,"none":0.0840695920956532},"expressive":{"dir-action":0.005804925000000002,"dir-explicit":0.2669617734117647,"dir-speech":0.3271190616764706,"indirect":0.31140529726470584,"writing-device":0.08870894264705885}},{"id":"화로불닭발-영등포동7가","permalink":"","username":"asdfg","text":"맛나네요....감사합니다","date":"Mon Dec 10 23:59:44 +0000 2018","retweets":"30","favorites":"20","mentions":[],"hashtags":[],"geo":"","raw":"맛나네요....감사합니다","polarity":{"com":0,"pos":1,"neg":0,"neut":0,"none":0},"intensity":{"high":1,"low":0,"meium":0,"none":0},"expressive":{"dir-action":0,"dir-explicit":0,"dir-speech":1,"indirect":0,"writing-device":0}},{"id":"화로불닭발-영등포동7가","permalink":"","username":"asdfg","text":"세트3번 시켰는데 불닭은 그럭저럭, 닭발은 엄청 좋아하는데 누린내 때문에 반도 못먹고 버렸어요ㅜㅡ\n맛있다는 글보고 시킨건데... 아쉽네요","date":"Mon Dec 10 23:59:44 +0000 2018","retweets":"30","favorites":"20","mentions":[],"hashtags":[],"geo":"","raw":"세트3번 시켰는데 불닭은 그럭저럭, 닭발은 엄청 좋아하는데 누린내 때문에 반도 못먹고 버렸어요ㅜㅡ\n맛있다는 글보고 시킨건데... 아쉽네요","polarity":{"com":0.004312954083333333,"pos":0.3951355258333334,"neg":0.4612758945833333,"neut":0.02945924133333333,"none":0.10981638416666667},"intensity":{"high":0.0913539144242795,"low":0.11039648909253304,"meium":0.6884332123073694,"none":0.10981638417581803},"expressive":{"dir-action":0.041666666666666664,"dir-explicit":0.25948345441666665,"dir-speech":0.26335922791666666,"indirect":0.3226980763333333,"writing-device":0.11279257466666666}},{"id":"화로불닭발-영등포동7가","permalink":"","username":"asdfg","text":"예정시간에서 이십분정도 초과되긴 했지만 배달원분이 불친절하진 않았고요. 맛도 매운거 못먹는 사람이 먹기엔 맵긴 한데 나쁘지 않습니다.","date":"Mon Dec 10 23:59:44 +0000 2018","retweets":"30","favorites":"20","mentions":[],"hashtags":[],"geo":"","raw":"예정시간에서 이십분정도 초과되긴 했지만 배달원분이 불친절하진 않았고요. 맛도 매운거 못먹는 사람이 먹기엔 맵긴 한데 나쁘지 않습니다.","polarity":{"com":0.005702232643671747,"pos":0.47066574806723793,"neg":0.38834551476976364,"neut":0.05344974986477853,"none":0.08183675465454811},"intensity":{"high":0.036891460074063666,"low":0.20085170001434657,"meium":0.6783915467627423,"none":0.08386529314884753},"expressive":{"dir-action":0.0011356813572239769,"dir-explicit":0.290974353163641,"dir-speech":0.40685493974334674,"indirect":0.1696104437978293,"writing-device":0.1314245819379589}},{"id":"화로불닭발-영등포동7가","permalink":"","username":"asdfg","text":"닭발은 괜찮은데 오돌뼈는 니맛내맛 없네요..","date":"Mon Dec 10 23:59:44 +0000 2018","retweets":"30","favorites":"20","mentions":[],"hashtags":[],"geo":"","raw":"닭발은 괜찮은데 오돌뼈는 니맛내맛 없네요..","polarity":{"com":0.0033898306006779665,"pos":0.5346785041069357,"neg":0.4134517084826904,"neut":0.025827280005165452,"none":0.022652676804530536},"intensity":{"high":0.026688189405337643,"low":0.07473769161494755,"meium":0.8759214421751844,"none":0.02265267680453054},"expressive":{"dir-action":0,"dir-explicit":0.08598332,"dir-speech":0.6451977402,"indirect":0.2429916598,"writing-device":0.025827279999999998}},{"id":"화로불닭발-영등포동7가","permalink":"","username":"asdfg","text":"넘넘 맵지만 맛나요..갠적으로 오돌뼈보단 닭발추천","date":"Mon Dec 10 23:59:44 +0000 2018","retweets":"30","favorites":"20","mentions":[],"hashtags":[],"geo":"","raw":"넘넘 맵지만 맛나요..갠적으로 오돌뼈보단 닭발추천","polarity":{"com":0.03409090900852273,"pos":0.5795454546448864,"neg":0.3522727273380682,"neut":0.011363636252840908,"none":0.022727272755681815},"intensity":{"high":0.02272727275,"low":0.01136363625,"meium":0.94318181825,"none":0.02272727275},"expressive":{"dir-action":0,"dir-explicit":0.01136363625,"dir-speech":0.94318181825,"indirect":0.02272727275,"writing-device":0.02272727275}},{"id":"화로불닭발-영등포동7가","permalink":"","username":"asdfg","text":"배송도 생각보단 빨리왔어요 ! 닭발 먹은데중에 제일 맛있어요 불향쩔어요💛","date":"Mon Dec 10 23:59:44 +0000 2018","retweets":"30","favorites":"20","mentions":[],"hashtags":[],"geo":"","raw":"배송도 생각보단 빨리왔어요 ! 닭발 먹은데중에 제일 맛있어요 불향쩔어요💛","polarity":{"com":0.02050092757435728,"pos":0.4094001236299144,"neg":0.36728509605246934,"neut":0.07996289415428043,"none":0.12285095858897872},"intensity":{"high":0.07307771600000001,"low":0.054566068714285716,"meium":0.7495052567142857,"none":0.12285095857142858},"expressive":{"dir-action":0,"dir-explicit":0.06477015041931856,"dir-speech":0.5024531024996496,"indirect":0.31094619666986484,"writing-device":0.12183055041116708}},{"id":"화로불닭발-영등포동7가","permalink":"","username":"asdfg","text":"배달도 빠르고 맛있고~닭발 몇번 안먹어봤는데.. 이맛에 먹는구나~^^","date":"Mon Dec 10 23:59:44 +0000 2018","retweets":"30","favorites":"20","mentions":[],"hashtags":[],"geo":"","raw":"배달도 빠르고 맛있고~닭발 몇번 안먹어봤는데.. 이맛에 먹는구나~^^","polarity":{"com":0,"pos":0.6296296295555556,"neg":0.32870370377777774,"neut":0.041666666666666664,"none":0},"intensity":{"high":0.06635802466666667,"low":0.11419753077777776,"meium":0.8194444445555555,"none":0},"expressive":{"dir-action":0,"dir-explicit":0.10493827155555555,"dir-speech":0.6033950617777778,"indirect":0.2916666666666667,"writing-device":0}},{"id":"화로불닭발-영등포동7가","permalink":"","username":"asdfg","text":"또 시켜먹을께요","date":"Mon Dec 10 23:59:44 +0000 2018","retweets":"30","favorites":"20","mentions":[],"hashtags":[],"geo":"","raw":"또 시켜먹을께요","polarity":{"com":0,"pos":0.23809523788095235,"neg":0.5476190477261905,"neut":0,"none":0.21428571439285712},"intensity":{"high":0.0555555555,"low":0.111111111,"meium":0.619047619,"none":0.2142857145},"expressive":{"dir-action":0,"dir-explicit":0.1825396825,"dir-speech":0.531746032,"indirect":0,"writing-device":0.2857142855}},{"id":"화로불닭발-영등포동7가","permalink":"","username":"asdfg","text":"50분 걸린댔는데 진짜 딱 50분만에 왔구요 주먹밥이 밍밍했던거 빼고는 만족합니다 계란찜도 주시고 맛있어요!!","date":"Mon Dec 10 23:59:44 +0000 2018","retweets":"30","favorites":"20","mentions":[],"hashtags":[],"geo":"","raw":"50분 걸린댔는데 진짜 딱 50분만에 왔구요 주먹밥이 밍밍했던거 빼고는 만족합니다 계란찜도 주시고 맛있어요!!","polarity":{"com":0.0071668375,"pos":0.20776660100000002,"neg":0.640223529375,"neut":0.085782801125,"none":0.059060231000000005},"intensity":{"high":0.04854612013106826,"low":0.04532166700566521,"meium":0.8462525038557815,"none":0.05987970900748497},"expressive":{"dir-action":0.001357112375,"dir-explicit":0.23922371212500002,"dir-speech":0.369482142,"indirect":0.268718998875,"writing-device":0.121218034625}},{"id":"화로불닭발-영등포동7가","permalink":"","username":"asdfg","text":"간이 잘 안맞음 쏘쏘함","date":"Mon Dec 10 23:59:44 +0000 2018","retweets":"30","favorites":"20","mentions":[],"hashtags":[],"geo":"","raw":"간이 잘 안맞음 쏘쏘함","polarity":{"com":0,"pos":0.7566137569188712,"neg":0.21957671940652565,"neut":0.023809523674603175,"none":0},"intensity":{"high":0.074074074,"low":0.07142857133333333,"meium":0.8544973546666667,"none":0},"expressive":{"dir-action":0,"dir-explicit":0.58994709,"dir-speech":0.08465608466666669,"indirect":0.3253968253333333,"writing-device":0}},{"id":"화로불닭발-영등포동7가","permalink":"","username":"asdfg","text":"맛잇고 푸짐하고 계란찜 서비스로 주심 쿨피스는 없네요 ㅜ","date":"Mon Dec 10 23:59:44 +0000 2018","retweets":"30","favorites":"20","mentions":[],"hashtags":[],"geo":"","raw":"맛잇고 푸짐하고 계란찜 서비스로 주심 쿨피스는 없네요 ㅜ","polarity":{"com":0.006006006,"pos":0.74690315325,"neg":0.2015765765,"neut":0.008258258250000004,"none":0.037256006},"intensity":{"high":0.028528528499999997,"low":0.36477102100000003,"meium":0.56869369375,"none":0.038006756749999995},"expressive":{"dir-action":0.0007507507500000002,"dir-explicit":0.23432807800000002,"dir-speech":0.33502252250000003,"indirect":0.391891892,"writing-device":0.03800675675}},{"id":"화로불닭발-영등포동7가","permalink":"","username":"asdfg","text":"넘 맛있어요~!! 서비스도 감사합니당^^*\n대신 배달이 50분 걸리네여~ 빨리 주문하세여 ㅋ","date":"Mon Dec 10 23:59:44 +0000 2018","retweets":"30","favorites":"20","mentions":[],"hashtags":[],"geo":"","raw":"넘 맛있어요~!! 서비스도 감사합니당^^*\n대신 배달이 50분 걸리네여~ 빨리 주문하세여 ㅋ","polarity":{"com":0,"pos":0.7,"neg":0.3,"neut":0,"none":0},"intensity":{"high":0.2,"low":0.2,"meium":0.6,"none":0},"expressive":{"dir-action":0,"dir-explicit":0.1,"dir-speech":0.6,"indirect":0.3,"writing-device":0}},{"id":"화로불닭발-영등포동7가","permalink":"","username":"asdfg","text":"보통맛","date":"Mon Dec 10 23:59:44 +0000 2018","retweets":"30","favorites":"20","mentions":[],"hashtags":[],"geo":"","raw":"보통맛","polarity":{"com":0,"pos":1,"neg":0,"neut":0,"none":0},"intensity":{"high":0,"low":0,"meium":1,"none":0},"expressive":{"dir-action":0,"dir-explicit":0,"dir-speech":1,"indirect":0,"writing-device":0}},{"id":"화로불닭발-영등포동7가","permalink":"","username":"asdfg","text":"ㅁㅇㅇㅇ","date":"Mon Dec 10 23:59:44 +0000 2018","retweets":"30","favorites":"20","mentions":[],"hashtags":[],"geo":"","raw":"ㅁㅇㅇㅇ","polarity":{"com":null,"pos":null,"neg":null,"neut":null,"none":null},"intensity":{"high":null,"low":null,"meium":null,"none":null},"expressive":{"dir-action":null,"dir-explicit":null,"dir-speech":null,"indirect":null,"writing-device":null}},{"id":"화로불닭발-영등포동7가","permalink":"","username":"asdfg","text":"매콤하니 굿~","date":"Mon Dec 10 23:59:44 +0000 2018","retweets":"30","favorites":"20","mentions":[],"hashtags":[],"geo":"","raw":"매콤하니 굿~","polarity":{"com":0.012012012,"pos":0.8063063065,"neg":0.153153153,"neut":0.0165165165,"none":0.012012012},"intensity":{"high":0.057057057,"low":0.042042042,"meium":0.8873873875,"none":0.0135135135},"expressive":{"dir-action":0.0015015015000000003,"dir-explicit":0.15615615600000002,"dir-speech":0.045045045000000006,"indirect":0.783783784,"writing-device":0.013513513500000001}},{"id":"화로불닭발-영등포동7가","permalink":"","username":"asdfg","text":"배달이 늦게와도 한시간반이상은 좀 너무하네요 ;;","date":"Mon Dec 10 23:59:44 +0000 2018","retweets":"30","favorites":"20","mentions":[],"hashtags":[],"geo":"","raw":"배달이 늦게와도 한시간반이상은 좀 너무하네요 ;;","polarity":{"com":0,"pos":0.7714285714000001,"neg":0.20000000000000004,"neut":0.028571428600000004,"none":0},"intensity":{"high":0.057142857199999994,"low":0.22857142860000002,"meium":0.7142857142000001,"none":0},"expressive":{"dir-action":0,"dir-explicit":0.16571428576685715,"dir-speech":0.4057142857188571,"indirect":0.4285714285142857,"writing-device":0}},{"id":"화로불닭발-영등포동7가","permalink":"","username":"asdfg","text":"맛있어요~~ 계란찜 서비스감사합니다~","date":"Mon Dec 10 23:59:44 +0000 2018","retweets":"30","favorites":"20","mentions":[],"hashtags":[],"geo":"","raw":"맛있어요~~ 계란찜 서비스감사합니다~","polarity":{"com":0.006451612999999999,"pos":0.505376344,"neg":0.4508960573333334,"neut":0.027956989333333335,"none":0.009318996333333334},"intensity":{"high":0.046594982,"low":0.3720430106666666,"meium":0.571326165,"none":0.010035842333333333},"expressive":{"dir-action":0.0021505376666666664,"dir-explicit":0.10465949833333332,"dir-speech":0.4315412186666666,"indirect":0.45232974899999995,"writing-device":0.009318996333333333}},{"id":"화로불닭발-영등포동7가","permalink":"","username":"asdfg","text":"여기 무뼈닭발 불맛제대로임. \n계란찜은 서비스임 ㅎ","date":"Mon Dec 10 23:59:44 +0000 2018","retweets":"30","favorites":"20","mentions":[],"hashtags":[],"geo":"","raw":"여기 무뼈닭발 불맛제대로임. \n계란찜은 서비스임 ㅎ","polarity":{"com":0.005649717666666667,"pos":0.45197740099999995,"neg":0.5197740113333332,"neut":0.011299434999999997,"none":0.011299434999999997},"intensity":{"high":0.03389830501129944,"low":0.04519774001506591,"meium":0.9096045199698681,"none":0.011299435003766477},"expressive":{"dir-action":0,"dir-explicit":0.42372881366666665,"dir-speech":0.186440678,"indirect":0.37853107333333336,"writing-device":0.011299434999999998}},{"id":"화로불닭발-영등포동7가","permalink":"","username":"asdfg","text":"닭발짱","date":"Mon Dec 10 23:59:44 +0000 2018","retweets":"30","favorites":"20","mentions":[],"hashtags":[],"geo":"","raw":"닭발짱","polarity":{"com":0,"pos":1,"neg":0,"neut":0,"none":0},"intensity":{"high":0,"low":0,"meium":1,"none":0},"expressive":{"dir-action":0,"dir-explicit":0,"dir-speech":0,"indirect":1,"writing-device":0}},{"id":"화로불닭발-영등포동7가","permalink":"","username":"asdfg","text":"닭발은 양념도 맛있고 좋았구요\n오돌뼈는 덜맵게 해달라고 하니 간이 좀 심심해서 양념 다시해서 볶아먹었네요\n걍 맵게 주문하시는게 나을듯","date":"Mon Dec 10 23:59:44 +0000 2018","retweets":"30","favorites":"20","mentions":[],"hashtags":[],"geo":"","raw":"닭발은 양념도 맛있고 좋았구요\n오돌뼈는 덜맵게 해달라고 하니 간이 좀 심심해서 양념 다시해서 볶아먹었네요\n걍 맵게 주문하시는게 나을듯","polarity":{"com":0.0047539093571428576,"pos":0.5558219440000001,"neg":0.2859142133571429,"neut":0.029511121928571426,"none":0.12399881135714286},"intensity":{"high":0.07848186170307402,"low":0.09899506684300069,"meium":0.6974887418289302,"none":0.12503432962499508},"expressive":{"dir-action":0.0010355182857142858,"dir-explicit":0.28852944207142855,"dir-speech":0.39189037857142855,"indirect":0.18777249035714286,"writing-device":0.13077217071428573}},{"id":"화로불닭발-영등포동7가","permalink":"","username":"asdfg","text":"빠른배송  맛있어요","date":"Mon Dec 10 23:59:44 +0000 2018","retweets":"30","favorites":"20","mentions":[],"hashtags":[],"geo":"","raw":"빠른배송  맛있어요","polarity":{"com":0,"pos":0.5,"neg":0.5,"neut":0,"none":0},"intensity":{"high":0,"low":0.1666666665,"meium":0.8333333334999999,"none":0},"expressive":{"dir-action":0,"dir-explicit":0,"dir-speech":0.5,"indirect":0.5,"writing-device":0}},{"id":"화로불닭발-영등포동7가","permalink":"","username":"asdfg","text":"맛있어요","date":"Mon Dec 10 23:59:44 +0000 2018","retweets":"30","favorites":"20","mentions":[],"hashtags":[],"geo":"","raw":"맛있어요","polarity":{"com":0,"pos":0,"neg":1,"neut":0,"none":0},"intensity":{"high":0,"low":0,"meium":1,"none":0},"expressive":{"dir-action":0,"dir-explicit":0,"dir-speech":1,"indirect":0,"writing-device":0}},{"id":"화로불닭발-영등포동7가","permalink":"","username":"asdfg","text":".","date":"Mon Dec 10 23:59:44 +0000 2018","retweets":"30","favorites":"20","mentions":[],"hashtags":[],"geo":"","raw":".","polarity":{"com":null,"pos":null,"neg":null,"neut":null,"none":null},"intensity":{"high":null,"low":null,"meium":null,"none":null},"expressive":{"dir-action":null,"dir-explicit":null,"dir-speech":null,"indirect":null,"writing-device":null}},{"id":"화로불닭발-영등포동7가","permalink":"","username":"asdfg","text":"맛있어요ㅋㅋ 생각보다배달도 빠르고 리뷰보고 시켰는데 무뼈없다고 직접 전화와서 뼈있는거 괜찮냐구 확인해서 보내주심ㅋ 여기 괜찮네요","date":"Mon Dec 10 23:59:44 +0000 2018","retweets":"30","favorites":"20","mentions":[],"hashtags":[],"geo":"","raw":"맛있어요ㅋㅋ 생각보다배달도 빠르고 리뷰보고 시켰는데 무뼈없다고 직접 전화와서 뼈있는거 괜찮냐구 확인해서 보내주심ㅋ 여기 괜찮네요","polarity":{"com":0.03422619040000001,"pos":0.4880952381,"neg":0.39940476190000007,"neut":0.028571428600000004,"none":0.04970238100000001},"intensity":{"high":0.012797618999999996,"low":0.09702380949999999,"meium":0.8404761904999999,"none":0.04970238099999999},"expressive":{"dir-action":0,"dir-explicit":0.09047619039999999,"dir-speech":0.549702381,"indirect":0.2601190476,"writing-device":0.09970238099999998}},{"id":"화로불닭발-영등포동7가","permalink":"","username":"asdfg","text":"빠르고  맛있네요 ..","date":"Mon Dec 10 23:59:44 +0000 2018","retweets":"30","favorites":"20","mentions":[],"hashtags":[],"geo":"","raw":"빠르고  맛있네요 ..","polarity":{"com":0,"pos":0.5,"neg":0.5,"neut":0,"none":0},"intensity":{"high":0,"low":0.1666666665,"meium":0.8333333334999999,"none":0},"expressive":{"dir-action":0,"dir-explicit":0,"dir-speech":0.5,"indirect":0.5,"writing-device":0}},{"id":"화로불닭발-영등포동7가","permalink":"","username":"asdfg","text":"배송 빠르고요 맛이 도 그대로 맛있고 다음도 주문할게요","date":"Mon Dec 10 23:59:44 +0000 2018","retweets":"30","favorites":"20","mentions":[],"hashtags":[],"geo":"","raw":"배송 빠르고요 맛이 도 그대로 맛있고 다음도 주문할게요","polarity":{"com":0,"pos":0.6666666666666666,"neg":0.3333333333333333,"neut":0,"none":0},"intensity":{"high":0.16666666666666666,"low":0.0555555555,"meium":0.7777777778333332,"none":0},"expressive":{"dir-action":0,"dir-explicit":0.3333333333333333,"dir-speech":0.5,"indirect":0.16666666666666666,"writing-device":0}},{"id":"화로불닭발-영등포동7가","permalink":"","username":"asdfg","text":"지난번 닭발은 진짜 맛있었음.\n이번 치즈불닭은 별루. 진짜별루.\n닭발이나 오돌뼈 주먹밥 계란찜은 맛있어용","date":"Mon Dec 10 23:59:44 +0000 2018","retweets":"30","favorites":"20","mentions":[],"hashtags":[],"geo":"","raw":"지난번 닭발은 진짜 맛있었음.\n이번 치즈불닭은 별루. 진짜별루.\n닭발이나 오돌뼈 주먹밥 계란찜은 맛있어용","polarity":{"com":0.003081664181818182,"pos":0.42835130963636364,"neg":0.5380585516363636,"neut":0.006163328181818181,"none":0.024345146363636362},"intensity":{"high":0.03667180273394033,"low":0.04283513091687911,"meium":0.8961479199811178,"none":0.024345146368062752},"expressive":{"dir-action":0,"dir-explicit":0.2493066256363637,"dir-speech":0.5289676425454546,"indirect":0.1610169490909091,"writing-device":0.06070878272727273}},{"id":"화로불닭발-영등포동7가","permalink":"","username":"asdfg","text":"5월달에 몇번 주문하려는데 연락이 안돼서 닫았나 하고 엄청 슬퍼했는데.. 오늘 어플키니 주문가능하다고 떠서 잽싸게시켰어요!! 계란찜이 넘 맛있어서 항상 추가로 시킵니당^^ 닭발도 짱짱♡♡ 번창하세용!!!!","date":"Mon Dec 10 23:59:44 +0000 2018","retweets":"30","favorites":"20","mentions":[],"hashtags":[],"geo":"","raw":"5월달에 몇번 주문하려는데 연락이 안돼서 닫았나 하고 엄청 슬퍼했는데.. 오늘 어플키니 주문가능하다고 떠서 잽싸게시켰어요!! 계란찜이 넘 맛있어서 항상 추가로 시킵니당^^ 닭발도 짱짱♡♡ 번창하세용!!!!","polarity":{"com":0.08404023846153846,"pos":0.49626186430769226,"neg":0.3405931506153846,"neut":0.03492676453846153,"none":0.04417798207692306},"intensity":{"high":0.11598829893199909,"low":0.11591407647045493,"meium":0.7221923069017071,"none":0.04590531769583887},"expressive":{"dir-action":0.0020581875389365047,"dir-explicit":0.19639168212224423,"dir-speech":0.28635002975838847,"indirect":0.4676918623386981,"writing-device":0.04750823824173268}},{"id":"화로불닭발-영등포동7가","permalink":"","username":"asdfg","text":"계란찜 서비스로 주셨네요 맛있있도 양이 도 많고  주먹밥 짱 맛있네요 ~ 추천입니다 ㅋㅋ","date":"Mon Dec 10 23:59:44 +0000 2018","retweets":"30","favorites":"20","mentions":[],"hashtags":[],"geo":"","raw":"계란찜 서비스로 주셨네요 맛있있도 양이 도 많고  주먹밥 짱 맛있네요 ~ 추천입니다 ㅋㅋ","polarity":{"com":0.0011904761666666666,"pos":0.5801587301666667,"neg":0.28809523816666666,"neut":0.05793650783333334,"none":0.07261904766666667},"intensity":{"high":0.24603174600000002,"low":0.18571428566666667,"meium":0.49563492066666665,"none":0.07261904766666667},"expressive":{"dir-action":0,"dir-explicit":0.33650793644391536,"dir-speech":0.23333333329444442,"indirect":0.3587301587735449,"writing-device":0.07142857148809524}},{"id":"화로불닭발-영등포동7가","permalink":"","username":"asdfg","text":"맛있었어요~~","date":"Mon Dec 10 23:59:44 +0000 2018","retweets":"30","favorites":"20","mentions":[],"hashtags":[],"geo":"","raw":"맛있었어요~~","polarity":{"com":0,"pos":0,"neg":1,"neut":0,"none":0},"intensity":{"high":0,"low":0,"meium":1,"none":0},"expressive":{"dir-action":0,"dir-explicit":0,"dir-speech":1,"indirect":0,"writing-device":0}},{"id":"화로불닭발-영등포동7가","permalink":"","username":"asdfg","text":"가격대비 계란찜도 오고 완전 대박이예요~~\n오돌뼈 덜 맵게 해달라 했더니 적당히 맵고 맛있구요 주먹밥도 계란찜도 정말 맛있네요~~^^ 입맛없을 때 저렴하게 입맛돋구기 딱이예요~~^^* 재구매의사 100% 입니다~\n단무지까지~~ 감동이예요 ㅋㅋㅋ","date":"Mon Dec 10 23:59:44 +0000 2018","retweets":"30","favorites":"20","mentions":[],"hashtags":[],"geo":"","raw":"가격대비 계란찜도 오고 완전 대박이예요~~\n오돌뼈 덜 맵게 해달라 했더니 적당히 맵고 맛있구요 주먹밥도 계란찜도 정말 맛있네요~~^^ 입맛없을 때 저렴하게 입맛돋구기 딱이예요~~^^* 재구매의사 100% 입니다~\n단무지까지~~ 감동이예요 ㅋㅋㅋ","polarity":{"com":0.03207856989839607,"pos":0.33958338148302075,"neg":0.42822305437858893,"neut":0.0391058447980447,"none":0.16100914944194952},"intensity":{"high":0.07450150080372508,"low":0.0688178826534409,"meium":0.6913934631845697,"none":0.16528715335826438},"expressive":{"dir-action":0.0015198397499999999,"dir-explicit":0.24516894200000006,"dir-speech":0.33422466515,"indirect":0.24444093655,"writing-device":0.17464561654999997}},{"id":"화로불닭발-영등포동7가","permalink":"","username":"asdfg","text":"닭발 맛있어요 ~ 포장두 깔끔하고 ~배달하시는 분도 친절하시구 ~","date":"Mon Dec 10 23:59:44 +0000 2018","retweets":"30","favorites":"20","mentions":[],"hashtags":[],"geo":"","raw":"닭발 맛있어요 ~ 포장두 깔끔하고 ~배달하시는 분도 친절하시구 ~","polarity":{"com":0.00619698042857143,"pos":0.5719630921428572,"neg":0.3977134968571429,"neut":0.016700571571428575,"none":0.007425859000000002},"intensity":{"high":0.03627129428571429,"low":0.06431615942857143,"meium":0.8912504671428572,"none":0.008162079142857142},"expressive":{"dir-action":0.0013506594285714287,"dir-explicit":0.19661297242857143,"dir-speech":0.4121019637142857,"indirect":0.38207954499999996,"writing-device":0.007854859428571429}},{"id":"화로불닭발-영등포동7가","permalink":"","username":"asdfg","text":"好吃","date":"Mon Dec 10 23:59:44 +0000 2018","retweets":"30","favorites":"20","mentions":[],"hashtags":[],"geo":"","raw":"好吃","polarity":{"com":null,"pos":null,"neg":null,"neut":null,"none":null},"intensity":{"high":null,"low":null,"meium":null,"none":null},"expressive":{"dir-action":null,"dir-explicit":null,"dir-speech":null,"indirect":null,"writing-device":null}},{"id":"화로불닭발-영등포동7가","permalink":"","username":"asdfg","text":"맛엇어","date":"Mon Dec 10 23:59:44 +0000 2018","retweets":"30","favorites":"20","mentions":[],"hashtags":[],"geo":"","raw":"맛엇어","polarity":{"com":0,"pos":1,"neg":0,"neut":0,"none":0},"intensity":{"high":0,"low":0,"meium":1,"none":0},"expressive":{"dir-action":0,"dir-explicit":0,"dir-speech":1,"indirect":0,"writing-device":0}},{"id":"화로불닭발-영등포동7가","permalink":"","username":"asdfg","text":"맛있어요~~^^","date":"Mon Dec 10 23:59:44 +0000 2018","retweets":"30","favorites":"20","mentions":[],"hashtags":[],"geo":"","raw":"맛있어요~~^^","polarity":{"com":0,"pos":0,"neg":1,"neut":0,"none":0},"intensity":{"high":0,"low":0,"meium":1,"none":0},"expressive":{"dir-action":0,"dir-explicit":0,"dir-speech":1,"indirect":0,"writing-device":0}},{"id":"화로불닭발-영등포동7가","permalink":"","username":"asdfg","text":"맛있어요","date":"Mon Dec 10 23:59:44 +0000 2018","retweets":"30","favorites":"20","mentions":[],"hashtags":[],"geo":"","raw":"맛있어요","polarity":{"com":0,"pos":0,"neg":1,"neut":0,"none":0},"intensity":{"high":0,"low":0,"meium":1,"none":0},"expressive":{"dir-action":0,"dir-explicit":0,"dir-speech":1,"indirect":0,"writing-device":0}},{"id":"화로불닭발-영등포동7가","permalink":"","username":"asdfg","text":"맛있게 잘먹었습니다 :)","date":"Mon Dec 10 23:59:44 +0000 2018","retweets":"30","favorites":"20","mentions":[],"hashtags":[],"geo":"","raw":"맛있게 잘먹었습니다 :)","polarity":{"com":0,"pos":0.35714285717857136,"neg":0.6071428573035714,"neut":0.03571428551785714,"none":0},"intensity":{"high":0,"low":0.107142857,"meium":0.8928571430000001,"none":0},"expressive":{"dir-action":0,"dir-explicit":0.107142857,"dir-speech":0.5714285715,"indirect":0.3214285715,"writing-device":0}},{"id":"화로불닭발-영등포동7가","permalink":"","username":"asdfg","text":"먹어본 닭발중 최고입니다...","date":"Mon Dec 10 23:59:44 +0000 2018","retweets":"30","favorites":"20","mentions":[],"hashtags":[],"geo":"","raw":"먹어본 닭발중 최고입니다...","polarity":{"com":0.0129084967974183,"pos":0.6271241828745752,"neg":0.27222222234555554,"neut":0.03496732019300653,"none":0.052777777789444445},"intensity":{"high":0.08104575161620914,"low":0.14411764682882355,"meium":0.7220588237444117,"none":0.05277777781055556},"expressive":{"dir-action":0,"dir-explicit":0.32810457526562087,"dir-speech":0.3544117646708823,"indirect":0.25245098045049014,"writing-device":0.06503267961300653}},{"id":"화로불닭발-영등포동7가","permalink":"","username":"asdfg","text":"맛있어요","date":"Mon Dec 10 23:59:44 +0000 2018","retweets":"30","favorites":"20","mentions":[],"hashtags":[],"geo":"","raw":"맛있어요","polarity":{"com":0,"pos":0,"neg":1,"neut":0,"none":0},"intensity":{"high":0,"low":0,"meium":1,"none":0},"expressive":{"dir-action":0,"dir-explicit":0,"dir-speech":1,"indirect":0,"writing-device":0}},{"id":"화로불닭발-영등포동7가","permalink":"","username":"asdfg","text":"맛있","date":"Mon Dec 10 23:59:44 +0000 2018","retweets":"30","favorites":"20","mentions":[],"hashtags":[],"geo":"","raw":"맛있","polarity":{"com":0,"pos":0,"neg":1,"neut":0,"none":0},"intensity":{"high":0,"low":0,"meium":1,"none":0},"expressive":{"dir-action":0,"dir-explicit":0,"dir-speech":1,"indirect":0,"writing-device":0}},{"id":"화로불닭발-영등포동7가","permalink":"","username":"asdfg","text":"완전맛나여-!","date":"Mon Dec 10 23:59:44 +0000 2018","retweets":"30","favorites":"20","mentions":[],"hashtags":[],"geo":"","raw":"완전맛나여-!","polarity":{"com":0,"pos":0.607142857,"neg":0.392857143,"neut":0,"none":0},"intensity":{"high":0.0357142855,"low":0,"meium":0.9642857145,"none":0},"expressive":{"dir-action":0,"dir-explicit":0.357142857,"dir-speech":0.0714285715,"indirect":0.5714285715,"writing-device":0}},{"id":"화로불닭발-영등포동7가","permalink":"","username":"asdfg","text":"우선배달은1시간걸렸는데주먹밥이안오고계란찜만두개옴..우울했었는데너무맛있어서화남..또먹을께요 근데진짜맛있었어요ㅠ숯불맛남...","date":"Mon Dec 10 23:59:44 +0000 2018","retweets":"30","favorites":"20","mentions":[],"hashtags":[],"geo":"","raw":"우선배달은1시간걸렸는데주먹밥이안오고계란찜만두개옴..우울했었는데너무맛있어서화남..또먹을께요 근데진짜맛있었어요ㅠ숯불맛남...","polarity":{"com":0.017756255111111105,"pos":0.28568151866666663,"neg":0.4761680566666666,"neut":0.009464483999999997,"none":0.21092968555555552},"intensity":{"high":0.12190179568021131,"low":0.036636934892959654,"meium":0.6305315838478368,"none":0.2109296855789922},"expressive":{"dir-action":0,"dir-explicit":0.27402682066666667,"dir-speech":0.4319067624444444,"indirect":0.07011271844444443,"writing-device":0.22395369844444446}},{"id":"화로불닭발-영등포동7가","permalink":"","username":"asdfg","text":"맛은 완전 짱이에요.덜 맵게 해달라고 햇는뎅 너무 매운고만 빼면용 ㅠㅠ","date":"Mon Dec 10 23:59:44 +0000 2018","retweets":"30","favorites":"20","mentions":[],"hashtags":[],"geo":"","raw":"맛은 완전 짱이에요.덜 맵게 해달라고 햇는뎅 너무 매운고만 빼면용 ㅠㅠ","polarity":{"com":0.02696020942857143,"pos":0.5245937454285715,"neg":0.32809445628571426,"neut":0.03277632885714286,"none":0.08757526},"intensity":{"high":0.11907521626870354,"low":0.06820429327597081,"meium":0.7218611581825913,"none":0.09085933227273438},"expressive":{"dir-action":0.003284072286652592,"dir-explicit":0.2587954722167987,"dir-speech":0.3308449816659557,"indirect":0.30684687680195627,"writing-device":0.10022859702863673}},{"id":"화로불닭발-영등포동7가","permalink":"","username":"asdfg","text":"닭발 매니아인 나에게는 조금부족한 양념맛과 매운강도도 좀 안맞네요 아쉬운데로 먹기엔 괜찮네요","date":"Mon Dec 10 23:59:44 +0000 2018","retweets":"30","favorites":"20","mentions":[],"hashtags":[],"geo":"","raw":"닭발 매니아인 나에게는 조금부족한 양념맛과 매운강도도 좀 안맞네요 아쉬운데로 먹기엔 괜찮네요","polarity":{"com":0.004545454546280992,"pos":0.5536796537370328,"neg":0.41002886007455075,"neut":0.017316017275875638,"none":0.014430014366260003},"intensity":{"high":0.075974026,"low":0.13874458872727272,"meium":0.7708513709090908,"none":0.014430014363636364},"expressive":{"dir-action":0,"dir-explicit":0.23845598854545455,"dir-speech":0.4676767677272727,"indirect":0.2765512264545455,"writing-device":0.01731601727272727}},{"id":"화로불닭발-영등포동7가","permalink":"","username":"asdfg","text":"아주 맵지는 않아요","date":"Mon Dec 10 23:59:44 +0000 2018","retweets":"30","favorites":"20","mentions":[],"hashtags":[],"geo":"","raw":"아주 맵지는 않아요","polarity":{"com":0,"pos":0.5337301587668651,"neg":0.3789682541894841,"neut":0.04761904752380952,"none":0.03968253951984127},"intensity":{"high":0.14087301600000002,"low":0.11904761900000001,"meium":0.7003968255,"none":0.03968253950000001},"expressive":{"dir-action":0,"dir-explicit":0.0793650795,"dir-speech":0.4583333335,"indirect":0.4146825395,"writing-device":0.0476190475}},{"id":"화로불닭발-영등포동7가","permalink":"","username":"asdfg","text":"강추","date":"Mon Dec 10 23:59:44 +0000 2018","retweets":"30","favorites":"20","mentions":[],"hashtags":[],"geo":"","raw":"강추","polarity":{"com":null,"pos":null,"neg":null,"neut":null,"none":null},"intensity":{"high":null,"low":null,"meium":null,"none":null},"expressive":{"dir-action":null,"dir-explicit":null,"dir-speech":null,"indirect":null,"writing-device":null}},{"id":"화로불닭발-영등포동7가","permalink":"","username":"asdfg","text":"맛 있어요 매운거 잘 못 먹는데 중독성 있네요 ㅎ","date":"Mon Dec 10 23:59:44 +0000 2018","retweets":"30","favorites":"20","mentions":[],"hashtags":[],"geo":"","raw":"맛 있어요 매운거 잘 못 먹는데 중독성 있네요 ㅎ","polarity":{"com":0.00223214275,"pos":0.4285714285,"neg":0.4464285715,"neut":0.0089285715,"none":0.11383928575},"intensity":{"high":0.10491071425,"low":0.01339285725,"meium":0.76785714275,"none":0.11383928575},"expressive":{"dir-action":0,"dir-explicit":0.11160714275,"dir-speech":0.48883928575,"indirect":0.16071428575,"writing-device":0.23883928575000002}},{"id":"화로불닭발-영등포동7가","permalink":"","username":"asdfg","text":"맛났어요닭발이쫀득하더라구요","date":"Mon Dec 10 23:59:44 +0000 2018","retweets":"30","favorites":"20","mentions":[],"hashtags":[],"geo":"","raw":"맛났어요닭발이쫀득하더라구요","polarity":{"com":0.016730614333333334,"pos":0.6492823646666667,"neg":0.264405602,"neut":0.057325565,"none":0.012255854000000002},"intensity":{"high":0.08183727269394575,"low":0.08276254069425418,"meium":0.8209590579403196,"none":0.014441128671480376},"expressive":{"dir-action":0.003618966334539655,"dir-explicit":0.24269180374756394,"dir-speech":0.21861904540620633,"indirect":0.5213459018404486,"writing-device":0.013724282671241424}},{"id":"화로불닭발-영등포동7가","permalink":"","username":"asdfg","text":"맛은 괜찮았고요 좀 매워요 계란찜서비스있고 배달은 한시간 좀 넘었던듯","date":"Mon Dec 10 23:59:44 +0000 2018","retweets":"30","favorites":"20","mentions":[],"hashtags":[],"geo":"","raw":"맛은 괜찮았고요 좀 매워요 계란찜서비스있고 배달은 한시간 좀 넘었던듯","polarity":{"com":0,"pos":0.6785714285714285,"neg":0.29761904757142854,"neut":0,"none":0.023809523857142852},"intensity":{"high":0.08333333327380951,"low":0.26190476196258494,"meium":0.6309523809098639,"none":0.023809523853741493},"expressive":{"dir-action":0,"dir-explicit":0.16428571430918365,"dir-speech":0.5380952380768708,"indirect":0.27380952375340134,"writing-device":0.023809523860544215}},{"id":"화로불닭발-영등포동7가","permalink":"","username":"asdfg","text":"진짜 짱 맛나네요...","date":"Mon Dec 10 23:59:44 +0000 2018","retweets":"30","favorites":"20","mentions":[],"hashtags":[],"geo":"","raw":"진짜 짱 맛나네요...","polarity":{"com":null,"pos":null,"neg":null,"neut":null,"none":null},"intensity":{"high":null,"low":null,"meium":null,"none":null},"expressive":{"dir-action":null,"dir-explicit":null,"dir-speech":null,"indirect":null,"writing-device":null}},{"id":"화로불닭발-영등포동7가","permalink":"","username":"asdfg","text":"다른곳은 주먹밥과계란찜 세트가 없는데..여긴 같이 있어서 좋네용ㅎ","date":"Mon Dec 10 23:59:44 +0000 2018","retweets":"30","favorites":"20","mentions":[],"hashtags":[],"geo":"","raw":"다른곳은 주먹밥과계란찜 세트가 없는데..여긴 같이 있어서 좋네용ㅎ","polarity":{"com":0.03418803416096867,"pos":0.6291168090618139,"neg":0.26806267812198953,"neut":0.04344729349275879,"none":0.025185185162469138},"intensity":{"high":0.2683760685,"low":0.1341595441666667,"meium":0.5722792021666667,"none":0.02518518516666667},"expressive":{"dir-action":0,"dir-explicit":0.40413105409931155,"dir-speech":0.26623931628896014,"indirect":0.3044444444492593,"writing-device":0.025185185162469138}},{"id":"화로불닭발-영등포동7가","permalink":"","username":"asdfg","text":"닭발 먹다가 엄청 긴 흰색 머리카락 발견했네요 !  다 버렸어요. 돈도 아깝고 진짜 별 한게 줘도 아까움.","date":"Mon Dec 10 23:59:44 +0000 2018","retweets":"30","favorites":"20","mentions":[],"hashtags":[],"geo":"","raw":"닭발 먹다가 엄청 긴 흰색 머리카락 발견했네요 !  다 버렸어요. 돈도 아깝고 진짜 별 한게 줘도 아까움.","polarity":{"com":0.010101010109988776,"pos":0.7247937246972452,"neg":0.21121471130986502,"neut":0.017094017109211778,"none":0.03679653677368927},"intensity":{"high":0.11324477988888887,"low":0.06548389877777777,"meium":0.7844747845555555,"none":0.03679653677777777},"expressive":{"dir-action":0,"dir-explicit":0.19235702575640476,"dir-speech":0.26074542741547274,"indirect":0.5101010100544332,"writing-device":0.03679653677368927}},{"id":"화로불닭발-영등포동7가","permalink":"","username":"asdfg","text":"허벌라게 매운데 맛남요","date":"Mon Dec 10 23:59:44 +0000 2018","retweets":"30","favorites":"20","mentions":[],"hashtags":[],"geo":"","raw":"허벌라게 매운데 맛남요","polarity":{"com":0,"pos":1,"neg":0,"neut":0,"none":0},"intensity":{"high":0,"low":0.5,"meium":0.5,"none":0},"expressive":{"dir-action":0,"dir-explicit":0.5,"dir-speech":0.5,"indirect":0,"writing-device":0}},{"id":"화로불닭발-영등포동7가","permalink":"","username":"asdfg","text":"매콤하니 좋았어요~~","date":"Mon Dec 10 23:59:44 +0000 2018","retweets":"30","favorites":"20","mentions":[],"hashtags":[],"geo":"","raw":"매콤하니 좋았어요~~","polarity":{"com":0.012012012,"pos":0.7663063065,"neg":0.17315315299999998,"neut":0.0165165165,"none":0.032012012},"intensity":{"high":0.157057057,"low":0.062042042000000006,"meium":0.7473873875,"none":0.0335135135},"expressive":{"dir-action":0.0015015015,"dir-explicit":0.456156156,"dir-speech":0.145045045,"indirect":0.363783784,"writing-device":0.0335135135}},{"id":"화로불닭발-영등포동7가","permalink":"","username":"asdfg","text":"맛있음~ 추추","date":"Mon Dec 10 23:59:44 +0000 2018","retweets":"30","favorites":"20","mentions":[],"hashtags":[],"geo":"","raw":"맛있음~ 추추","polarity":{"com":0,"pos":1,"neg":0,"neut":0,"none":0},"intensity":{"high":0,"low":0,"meium":1,"none":0},"expressive":{"dir-action":0,"dir-explicit":0.5,"dir-speech":0.5,"indirect":0,"writing-device":0}},{"id":"화로불닭발-영등포동7가","permalink":"","username":"asdfg","text":"맛있습니다","date":"Mon Dec 10 23:59:44 +0000 2018","retweets":"30","favorites":"20","mentions":[],"hashtags":[],"geo":"","raw":"맛있습니다","polarity":{"com":0,"pos":0,"neg":1,"neut":0,"none":0},"intensity":{"high":0,"low":0,"meium":1,"none":0},"expressive":{"dir-action":0,"dir-explicit":0,"dir-speech":1,"indirect":0,"writing-device":0}},{"id":"화로불닭발-영등포동7가","permalink":"","username":"asdfg","text":"숯불좋아하시면 시키시고 아니면 고민해보세요(매콤을 좋아하시면 비추)  먹을때 한 입은 맛나다하는데  두입부터 질기고, 느끼해요  \n계란찜이 맛보실때 맛나다하실진모르겠지만 닭발이랑 먹을때 조금짭니다. 날치알주먹밥  참기름 조금만 뿌려주시면 맛있을듯~^ ^  그래도 다른 닭발집보단 나아요","date":"Mon Dec 10 23:59:44 +0000 2018","retweets":"30","favorites":"20","mentions":[],"hashtags":[],"geo":"","raw":"숯불좋아하시면 시키시고 아니면 고민해보세요(매콤을 좋아하시면 비추)  먹을때 한 입은 맛나다하는데  두입부터 질기고, 느끼해요  \n계란찜이 맛보실때 맛나다하실진모르겠지만 닭발이랑 먹을때 조금짭니다. 날치알주먹밥  참기름 조금만 뿌려주시면 맛있을듯~^ ^  그래도 다른 닭발집보단 나아요","polarity":{"com":0.009736962271399507,"pos":0.441741448394308,"neg":0.4400788942127165,"neut":0.05970978403731231,"none":0.0487329110842637},"intensity":{"high":0.0966588054912128,"low":0.12237948007978369,"meium":0.7308471308426503,"none":0.05011458358635321},"expressive":{"dir-action":0.001381672500125607,"dir-explicit":0.16922708106083886,"dir-speech":0.5117594435010692,"indirect":0.261295123841936,"writing-device":0.05633667909603061}},{"id":"화로불닭발-영등포동7가","permalink":"","username":"asdfg","text":"오늘 첨 앱깔고 치킨 말고 다른 야식이 없나 찾던중\n화로불닭발을 발견했는데 주문도 간편하고\n맛도 상상했던 그 불맛 더욱이 주먹밥과 같이 먹으니\n매운맛을 감싸주면서 계속땡기네요\n아주 맛나요 앞으로 자주 이용할거 같아요~","date":"Mon Dec 10 23:59:44 +0000 2018","retweets":"30","favorites":"20","mentions":[],"hashtags":[],"geo":"","raw":"오늘 첨 앱깔고 치킨 말고 다른 야식이 없나 찾던중\n화로불닭발을 발견했는데 주문도 간편하고\n맛도 상상했던 그 불맛 더욱이 주먹밥과 같이 먹으니\n매운맛을 감싸주면서 계속땡기네요\n아주 맛나요 앞으로 자주 이용할거 같아요~","polarity":{"com":0.0054865349502743275,"pos":0.5231558935761579,"neg":0.3790897433689545,"neut":0.0890216787544511,"none":0.0032461493501623083},"intensity":{"high":0.13058442384999996,"low":0.16248778179999998,"meium":0.70083501225,"none":0.006092782099999999},"expressive":{"dir-action":0.0013959120500000003,"dir-explicit":0.2342037381,"dir-speech":0.40971412110000005,"indirect":0.29280644575,"writing-device":0.061879783}},{"id":"화로불닭발-영등포동7가","permalink":"","username":"asdfg","text":"맛있습니다","date":"Mon Dec 10 23:59:44 +0000 2018","retweets":"30","favorites":"20","mentions":[],"hashtags":[],"geo":"","raw":"맛있습니다","polarity":{"com":0,"pos":0,"neg":1,"neut":0,"none":0},"intensity":{"high":0,"low":0,"meium":1,"none":0},"expressive":{"dir-action":0,"dir-explicit":0,"dir-speech":1,"indirect":0,"writing-device":0}},{"id":"화로불닭발-영등포동7가","permalink":"","username":"asdfg","text":"덜맵게 해달라고 요청하니 덜맵게해주시고 계란찜도 맛있고 좋았는데요.. 먹다가 중간에 머리카락 발견하고.. 기분이 참 그렇네요.. 닭발에 있었을지도 모르는거고.. 신경좀써주세요..","date":"Mon Dec 10 23:59:44 +0000 2018","retweets":"30","favorites":"20","mentions":[],"hashtags":[],"geo":"","raw":"덜맵게 해달라고 요청하니 덜맵게해주시고 계란찜도 맛있고 좋았는데요.. 먹다가 중간에 머리카락 발견하고.. 기분이 참 그렇네요.. 닭발에 있었을지도 모르는거고.. 신경좀써주세요..","polarity":{"com":0.0026039955999999998,"pos":0.42246310379999996,"neg":0.31821849046666667,"neut":0.11858934166666665,"none":0.13812506846666667},"intensity":{"high":0.17684923950975343,"low":0.08492413465534343,"meium":0.5985689903201907,"none":0.1396576355147123},"expressive":{"dir-action":0.007593173134851967,"dir-explicit":0.2355853277804504,"dir-speech":0.37930060040919344,"indirect":0.2463854307159438,"writing-device":0.13113546795956046}},{"id":"화로불닭발-영등포동7가","permalink":"","username":"asdfg","text":"맛있어요","date":"Mon Dec 10 23:59:44 +0000 2018","retweets":"30","favorites":"20","mentions":[],"hashtags":[],"geo":"","raw":"맛있어요","polarity":{"com":0,"pos":0,"neg":1,"neut":0,"none":0},"intensity":{"high":0,"low":0,"meium":1,"none":0},"expressive":{"dir-action":0,"dir-explicit":0,"dir-speech":1,"indirect":0,"writing-device":0}},{"id":"화로불닭발-영등포동7가","permalink":"","username":"asdfg","text":"맛있음!","date":"Mon Dec 10 23:59:44 +0000 2018","retweets":"30","favorites":"20","mentions":[],"hashtags":[],"geo":"","raw":"맛있음!","polarity":{"com":0,"pos":0,"neg":1,"neut":0,"none":0},"intensity":{"high":0,"low":0,"meium":1,"none":0},"expressive":{"dir-action":0,"dir-explicit":0,"dir-speech":1,"indirect":0,"writing-device":0}},{"id":"화로불닭발-영등포동7가","permalink":"","username":"asdfg","text":"숯불맛이 강한 무뼈닭발 적당히 맵고 맛있네요~^^양이 조금적은게 아쉬운...","date":"Mon Dec 10 23:59:44 +0000 2018","retweets":"30","favorites":"20","mentions":[],"hashtags":[],"geo":"","raw":"숯불맛이 강한 무뼈닭발 적당히 맵고 맛있네요~^^양이 조금적은게 아쉬운...","polarity":{"com":0,"pos":0.4769230769046154,"neg":0.39230769232153845,"neut":0.13076923077384617,"none":0},"intensity":{"high":0.015384615400000001,"low":0.1461538462,"meium":0.8384615384,"none":0},"expressive":{"dir-action":0,"dir-explicit":0.2615384616,"dir-speech":0.5384615384,"indirect":0.2,"writing-device":0}},{"id":"화로불닭발-영등포동7가","permalink":"","username":"asdfg","text":"맛나요","date":"Mon Dec 10 23:59:44 +0000 2018","retweets":"30","favorites":"20","mentions":[],"hashtags":[],"geo":"","raw":"맛나요","polarity":{"com":0,"pos":1,"neg":0,"neut":0,"none":0},"intensity":{"high":0,"low":0,"meium":1,"none":0},"expressive":{"dir-action":0,"dir-explicit":0,"dir-speech":1,"indirect":0,"writing-device":0}},{"id":"화로불닭발-영등포동7가","permalink":"","username":"asdfg","text":"맛있어여~~^","date":"Mon Dec 10 23:59:44 +0000 2018","retweets":"30","favorites":"20","mentions":[],"hashtags":[],"geo":"","raw":"맛있어여~~^","polarity":{"com":null,"pos":null,"neg":null,"neut":null,"none":null},"intensity":{"high":null,"low":null,"meium":null,"none":null},"expressive":{"dir-action":null,"dir-explicit":null,"dir-speech":null,"indirect":null,"writing-device":null}},{"id":"화로불닭발-영등포동7가","permalink":"","username":"asdfg","text":"good","date":"Mon Dec 10 23:59:44 +0000 2018","retweets":"30","favorites":"20","mentions":[],"hashtags":[],"geo":"","raw":"good","polarity":{"com":null,"pos":null,"neg":null,"neut":null,"none":null},"intensity":{"high":null,"low":null,"meium":null,"none":null},"expressive":{"dir-action":null,"dir-explicit":null,"dir-speech":null,"indirect":null,"writing-device":null}},{"id":"화로불닭발-영등포동7가","permalink":"","username":"asdfg","text":"하나도 안맵고 늦게오고 양도 작음...","date":"Mon Dec 10 23:59:44 +0000 2018","retweets":"30","favorites":"20","mentions":[],"hashtags":[],"geo":"","raw":"하나도 안맵고 늦게오고 양도 작음...","polarity":{"com":0,"pos":0.36607142849999996,"neg":0.42633928575,"neut":0.19196428575,"none":0.015625},"intensity":{"high":0.078125,"low":0.03571428575,"meium":0.87053571425,"none":0.015625},"expressive":{"dir-action":0,"dir-explicit":0.24330357149999998,"dir-speech":0.35044642849999996,"indirect":0.375,"writing-device":0.03125}},{"id":"화로불닭발-영등포동7가","permalink":"","username":"asdfg","text":"맛은 있었습니다.\n근대 음식 주문하고 45분걸린다는 문자가 오길래 기다렸습니다.\n1시간이 지나도 안오고, 결국 받은 시간은 1시간40분이 걸렸습니다.\n\n이렇게 늦게 오면 과연 배곱플때 전화기에 손이 갈지 의문이네요","date":"Mon Dec 10 23:59:44 +0000 2018","retweets":"30","favorites":"20","mentions":[],"hashtags":[],"geo":"","raw":"맛은 있었습니다.\n근대 음식 주문하고 45분걸린다는 문자가 오길래 기다렸습니다.\n1시간이 지나도 안오고, 결국 받은 시간은 1시간40분이 걸렸습니다.\n\n이렇게 늦게 오면 과연 배곱플때 전화기에 손이 갈지 의문이네요","polarity":{"com":0.054041353368421065,"pos":0.33572567784210533,"neg":0.4798644337894738,"neut":0.07389211668421054,"none":0.056476418315789485},"intensity":{"high":0.11248291184210525,"low":0.06746981094736842,"meium":0.7631009340526316,"none":0.05694634315789474},"expressive":{"dir-action":0,"dir-explicit":0.237012987,"dir-speech":0.33267828663157895,"indirect":0.3738323080526316,"writing-device":0.05647641831578948}},{"id":"화로불닭발-영등포동7가","permalink":"","username":"asdfg","text":"솔직히 많은 기대는 안했는데 짱~맛있어요\n스트레스가 다 풀렸어요","date":"Mon Dec 10 23:59:44 +0000 2018","retweets":"30","favorites":"20","mentions":[],"hashtags":[],"geo":"","raw":"솔직히 많은 기대는 안했는데 짱~맛있어요\n스트레스가 다 풀렸어요","polarity":{"com":0.004464285750000001,"pos":0.5755046585000001,"neg":0.3823757762500001,"neut":0.030958851000000006,"none":0.0066964285000000005},"intensity":{"high":0.1366459627841615,"low":0.08113354027028337,"meium":0.7732919254433229,"none":0.008928571502232141},"expressive":{"dir-action":0,"dir-explicit":0.5366847826341713,"dir-speech":0.2574728260643682,"indirect":0.19914596279978652,"writing-device":0.006696428501674107}},{"id":"화로불닭발-영등포동7가","permalink":"","username":"asdfg","text":"배달이 한시간정도 걸렸지만 닭발은 진짜 맛있어요ㅠㅠ 양도 다른데보다 많네요 닭발도 통통하고^ㅇ^ 존맛","date":"Mon Dec 10 23:59:44 +0000 2018","retweets":"30","favorites":"20","mentions":[],"hashtags":[],"geo":"","raw":"배달이 한시간정도 걸렸지만 닭발은 진짜 맛있어요ㅠㅠ 양도 다른데보다 많네요 닭발도 통통하고^ㅇ^ 존맛","polarity":{"com":0.003949713545454545,"pos":0.6343319360909091,"neg":0.27022415390909094,"neut":0.015957568,"none":0.07553662845454547},"intensity":{"high":0.07380665783160122,"low":0.05303629728237024,"meium":0.7974249129631682,"none":0.0757321319228604},"expressive":{"dir-action":0.0005865102727272729,"dir-explicit":0.1175107592727273,"dir-speech":0.4125457873636364,"indirect":0.39446966527272737,"writing-device":0.07488727781818183}}]