[{"id":"놀부부대찌개-서여의도점","permalink":"","username":"asdfg","text":"배달빠르고 맛도조아요","date":"Mon Dec 10 23:59:44 +0000 2018","retweets":"30","favorites":"20","mentions":[],"hashtags":[],"geo":"","raw":"배달빠르고 맛도조아요","polarity":{"com":0,"pos":1,"neg":0,"neut":0,"none":0},"intensity":{"high":0,"low":0,"meium":1,"none":0},"expressive":{"dir-action":0,"dir-explicit":0,"dir-speech":1,"indirect":0,"writing-device":0}},{"id":"놀부부대찌개-서여의도점","permalink":"","username":"asdfg","text":"살짝 녹은 냉동 재료와 육슈가 따로 깔끔하게 왔어요\n햄사리 추가 된 거 맞겠죠? ^^\n육수 조절해 가며 맛있게 잘 먹었어요\n중등 아이들 반응이 좋아서 다음에 또 주문 하려구요","date":"Mon Dec 10 23:59:44 +0000 2018","retweets":"30","favorites":"20","mentions":[],"hashtags":[],"geo":"","raw":"살짝 녹은 냉동 재료와 육슈가 따로 깔끔하게 왔어요\n햄사리 추가 된 거 맞겠죠? ^^\n육수 조절해 가며 맛있게 잘 먹었어요\n중등 아이들 반응이 좋아서 다음에 또 주문 하려구요","polarity":{"com":0.007331946265689074,"pos":0.48886093860148516,"neg":0.4041340789461155,"neut":0.04485328079401956,"none":0.054819755392690704},"intensity":{"high":0.06744515499100731,"low":0.07292143519027716,"meium":0.8032519325595664,"none":0.056381477259149146},"expressive":{"dir-action":0.000966483733268901,"dir-explicit":0.21530889798564606,"dir-speech":0.460183938769321,"indirect":0.22084900731861004,"writing-device":0.10269167219315388}},{"id":"놀부부대찌개-서여의도점","permalink":"","username":"asdfg","text":"공기밥이 원래 세트에 없는 거였군요\n그런것치고 금액이 높네요 ,, \n맛은 좀 밍밍했어요","date":"Mon Dec 10 23:59:44 +0000 2018","retweets":"30","favorites":"20","mentions":[],"hashtags":[],"geo":"","raw":"공기밥이 원래 세트에 없는 거였군요\n그런것치고 금액이 높네요 ,, \n맛은 좀 밍밍했어요","polarity":{"com":0.009341884299065812,"pos":0.5044371281495563,"neg":0.30030544336996945,"neut":0.04658306289534169,"none":0.13933248128606676},"intensity":{"high":0.08959412159104059,"low":0.06065582619393443,"meium":0.7087911147291208,"none":0.14095893748590413},"expressive":{"dir-action":0.001085689900108569,"dir-explicit":0.24650722872465072,"dir-speech":0.5093691793509368,"indirect":0.08888040930888805,"writing-device":0.15415749271541573}},{"id":"놀부부대찌개-서여의도점","permalink":"","username":"asdfg","text":"다음엔 사리 추가해야겠어요 3인분인데 건더기가 모자른 느낌 ㅠ","date":"Mon Dec 10 23:59:44 +0000 2018","retweets":"30","favorites":"20","mentions":[],"hashtags":[],"geo":"","raw":"다음엔 사리 추가해야겠어요 3인분인데 건더기가 모자른 느낌 ㅠ","polarity":{"com":0.0067888266677981375,"pos":0.44396591974066096,"neg":0.450000000075,"neut":0.044516417674086074,"none":0.054728835842454804},"intensity":{"high":0.05331854967555309,"low":0.13782290685630383,"meium":0.7526416122921069,"none":0.05621693117603615},"expressive":{"dir-action":0,"dir-explicit":0.23367180216666664,"dir-speech":0.580296841,"indirect":0.1253890445,"writing-device":0.06064231233333334}},{"id":"놀부부대찌개-서여의도점","permalink":"","username":"asdfg","text":"시켜먹어서 그런가 양이 많은 거 같아요^^\n육수도 많고 아주 좋아요~ㅎㅎㅎ","date":"Mon Dec 10 23:59:44 +0000 2018","retweets":"30","favorites":"20","mentions":[],"hashtags":[],"geo":"","raw":"시켜먹어서 그런가 양이 많은 거 같아요^^\n육수도 많고 아주 좋아요~ㅎㅎㅎ","polarity":{"com":0,"pos":0.4541062801666667,"neg":0.49698067633333337,"neut":0.007246376833333334,"none":0.041666666666666685},"intensity":{"high":0.1592190015265365,"low":0.10104669885017444,"meium":0.6980676329496779,"none":0.04166666667361112},"expressive":{"dir-action":0,"dir-explicit":0.30454911426818304,"dir-speech":0.2630837359210279,"indirect":0.2240338164080113,"writing-device":0.2083333334027778}},{"id":"놀부부대찌개-서여의도점","permalink":"","username":"asdfg","text":"맛있게 잘먹었습니다 ~~~","date":"Mon Dec 10 23:59:44 +0000 2018","retweets":"30","favorites":"20","mentions":[],"hashtags":[],"geo":"","raw":"맛있게 잘먹었습니다 ~~~","polarity":{"com":0,"pos":0.35714285717857136,"neg":0.6071428573035714,"neut":0.03571428551785714,"none":0},"intensity":{"high":0,"low":0.107142857,"meium":0.8928571430000001,"none":0},"expressive":{"dir-action":0,"dir-explicit":0.107142857,"dir-speech":0.5714285715,"indirect":0.3214285715,"writing-device":0}},{"id":"놀부부대찌개-서여의도점","permalink":"","username":"asdfg","text":"배달하시는 분이 정말 불친절하네요.\n음식은 괜찮은데","date":"Mon Dec 10 23:59:44 +0000 2018","retweets":"30","favorites":"20","mentions":[],"hashtags":[],"geo":"","raw":"배달하시는 분이 정말 불친절하네요.\n음식은 괜찮은데","polarity":{"com":0.005649717666666667,"pos":0.7853107343333332,"neg":0.18644067799999997,"neut":0.011299434999999997,"none":0.011299434999999997},"intensity":{"high":0.03389830501129944,"low":0.04519774001506591,"meium":0.9096045199698681,"none":0.011299435003766477},"expressive":{"dir-action":0,"dir-explicit":0.09039548033333332,"dir-speech":0.8531073446666666,"indirect":0.045197739999999986,"writing-device":0.011299434999999997}}]