[{"id":"정성이가득찬집밥-도봉점","permalink":"","username":"asdfg","text":"완전맛잇게ㅜ잘먹엇어요","date":"Mon Dec 10 23:59:44 +0000 2018","retweets":"30","favorites":"20","mentions":[],"hashtags":[],"geo":"","raw":"완전맛잇게ㅜ잘먹엇어요","polarity":{"com":0,"pos":0.6071428573035714,"neg":0.35714285717857147,"neut":0.035714285517857144,"none":0},"intensity":{"high":0,"low":0.107142857,"meium":0.8928571430000001,"none":0},"expressive":{"dir-action":0,"dir-explicit":0.357142857,"dir-speech":0.0714285715,"indirect":0.5714285715,"writing-device":0}},{"id":"정성이가득찬집밥-도봉점","permalink":"","username":"asdfg","text":"맛있습니다.반찬통은 버리기 아까워서 \n재활용해서 쓰고있아요","date":"Mon Dec 10 23:59:44 +0000 2018","retweets":"30","favorites":"20","mentions":[],"hashtags":[],"geo":"","raw":"맛있습니다.반찬통은 버리기 아까워서 \n재활용해서 쓰고있아요","polarity":{"com":0.007260798399999999,"pos":0.4395807863999999,"neg":0.4138627153999999,"neut":0.037037000599999995,"none":0.1022586992},"intensity":{"high":0.05503754522201501,"low":0.06382759642553104,"meium":0.7784460515113785,"none":0.10268880684107554},"expressive":{"dir-action":0.0012903225997419356,"dir-explicit":0.1529880433694024,"dir-speech":0.39775543012044895,"indirect":0.3209884035358023,"writing-device":0.12697780037460443}},{"id":"정성이가득찬집밥-도봉점","permalink":"","username":"asdfg","text":"순두부가 존맛탱임 리얼","date":"Mon Dec 10 23:59:44 +0000 2018","retweets":"30","favorites":"20","mentions":[],"hashtags":[],"geo":"","raw":"순두부가 존맛탱임 리얼","polarity":{"com":0.0089285715,"pos":0.705357143,"neg":0.232142857,"neut":0.0401785715,"none":0.013392857},"intensity":{"high":0.080357143,"low":0.0535714285,"meium":0.8482142855,"none":0.017857143},"expressive":{"dir-action":0,"dir-explicit":0.1875,"dir-speech":0.65625,"indirect":0.142857143,"writing-device":0.013392857}},{"id":"정성이가득찬집밥-도봉점","permalink":"","username":"asdfg","text":"스팸김치찌개를 시켰는데 일반김치찌개가 와서 전화드리니 \n신속하게 처리해주셨습니다. 원래 먹던곳 기사분이 쉬는날이라 가게들을 보던중 처음 보는 가게네요  밤에 일하느라 출출한데 늦게까지 \n영업을 하니 좋습니다 입맛이 까다로운편인데 제 입맛에 잘맞아요\n자주 시킬거같아요 저땜에 두번이나 왓다가신 기사분 날추운데 죄송합니다","date":"Mon Dec 10 23:59:44 +0000 2018","retweets":"30","favorites":"20","mentions":[],"hashtags":[],"geo":"","raw":"스팸김치찌개를 시켰는데 일반김치찌개가 와서 전화드리니 \n신속하게 처리해주셨습니다. 원래 먹던곳 기사분이 쉬는날이라 가게들을 보던중 처음 보는 가게네요  밤에 일하느라 출출한데 늦게까지 \n영업을 하니 좋습니다 입맛이 까다로운편인데 제 입맛에 잘맞아요\n자주 시킬거같아요 저땜에 두번이나 왓다가신 기사분 날추운데 죄송합니다","polarity":{"com":0.05806533339493091,"pos":0.48631412869593976,"neg":0.36864200797745145,"neut":0.07806841882421672,"none":0.008910111107461075},"intensity":{"high":0.09146484032796177,"low":0.16094649229721048,"meium":0.737860960374133,"none":0.009727707000694837},"expressive":{"dir-action":0.0011072872143252606,"dir-explicit":0.297299610653475,"dir-speech":0.3957503281212769,"indirect":0.2590808890449672,"writing-device":0.04676188496595579}},{"id":"정성이가득찬집밥-도봉점","permalink":"","username":"asdfg","text":"🤔🤔🤔🤔🤔🤨🤨🤨🤨🤨보통","date":"Mon Dec 10 23:59:44 +0000 2018","retweets":"30","favorites":"20","mentions":[],"hashtags":[],"geo":"","raw":"🤔🤔🤔🤔🤔🤨🤨🤨🤨🤨보통","polarity":{"com":null,"pos":null,"neg":null,"neut":null,"none":null},"intensity":{"high":null,"low":null,"meium":null,"none":null},"expressive":{"dir-action":null,"dir-explicit":null,"dir-speech":null,"indirect":null,"writing-device":null}},{"id":"정성이가득찬집밥-도봉점","permalink":"","username":"asdfg","text":"맛있어요","date":"Mon Dec 10 23:59:44 +0000 2018","retweets":"30","favorites":"20","mentions":[],"hashtags":[],"geo":"","raw":"맛있어요","polarity":{"com":0,"pos":0,"neg":1,"neut":0,"none":0},"intensity":{"high":0,"low":0,"meium":1,"none":0},"expressive":{"dir-action":0,"dir-explicit":0,"dir-speech":1,"indirect":0,"writing-device":0}},{"id":"정성이가득찬집밥-도봉점","permalink":"","username":"asdfg","text":"항상 맛있게 먹고 있습니다","date":"Mon Dec 10 23:59:44 +0000 2018","retweets":"30","favorites":"20","mentions":[],"hashtags":[],"geo":"","raw":"항상 맛있게 먹고 있습니다","polarity":{"com":0,"pos":0.6666666665000001,"neg":0.3333333335,"neut":0,"none":0},"intensity":{"high":0.0555555555,"low":0.111111111,"meium":0.8333333334999999,"none":0},"expressive":{"dir-action":0,"dir-explicit":0.361111111,"dir-speech":0.638888889,"indirect":0,"writing-device":0}},{"id":"정성이가득찬집밥-도봉점","permalink":"","username":"asdfg","text":"낙지 조금있을줄알았는데 생각보다 넉넉히 있고\n맛도 양도 괜찮았어요!!\n배달도 빨리오더라구여!","date":"Mon Dec 10 23:59:44 +0000 2018","retweets":"30","favorites":"20","mentions":[],"hashtags":[],"geo":"","raw":"낙지 조금있을줄알았는데 생각보다 넉넉히 있고\n맛도 양도 괜찮았어요!!\n배달도 빨리오더라구여!","polarity":{"com":0.0020089285,"pos":0.33928571425000004,"neg":0.44211309525,"neut":0.1,"none":0.116592262},"intensity":{"high":0.0874255952390718,"low":0.2754464285905692,"meium":0.520535714184933,"none":0.11659226198542597},"expressive":{"dir-action":0,"dir-explicit":0.31785714283526784,"dir-speech":0.26331845234208523,"indirect":0.17812499997773434,"writing-device":0.2406994048449126}},{"id":"정성이가득찬집밥-도봉점","permalink":"","username":"asdfg","text":"제육볶음은 연구를 다시하셔야될거같습니다  한입먹고 다버렸습니다 한입먹자마자 비린맛이 확올라오는데  왠만하면 어느정도 비려도 먹을수있는데 이건 도저히 먹을수가 없더라구여 너무 비려서 전화할려다가 그냥버렸습니다  낚지덮밥은 달고 짜고 평범이하였구여  정말 연구 좀하셔야될거같아요  최악입니다","date":"Mon Dec 10 23:59:44 +0000 2018","retweets":"30","favorites":"20","mentions":[],"hashtags":[],"geo":"","raw":"제육볶음은 연구를 다시하셔야될거같습니다  한입먹고 다버렸습니다 한입먹자마자 비린맛이 확올라오는데  왠만하면 어느정도 비려도 먹을수있는데 이건 도저히 먹을수가 없더라구여 너무 비려서 전화할려다가 그냥버렸습니다  낚지덮밥은 달고 짜고 평범이하였구여  정말 연구 좀하셔야될거같아요  최악입니다","polarity":{"com":0.01545144714120163,"pos":0.3693743607104241,"neg":0.4709904693423939,"neut":0.03498769310339417,"none":0.10919602970258611},"intensity":{"high":0.21170857866344941,"low":0.06919581145934316,"meium":0.6083491754922608,"none":0.11074643438494669},"expressive":{"dir-action":0.001686486178450965,"dir-explicit":0.26819713815941454,"dir-speech":0.32826220619083846,"indirect":0.21321152959191345,"writing-device":0.18864263987938265}},{"id":"정성이가득찬집밥-도봉점","permalink":"","username":"asdfg","text":"돈까스 양 맛 둘 다 좋았고요\n제육덮밥은 명품입니다.\n치킨데리야끼 덮밥도 나쁘진\n않았네요 ㅎㅎ","date":"Mon Dec 10 23:59:44 +0000 2018","retweets":"30","favorites":"20","mentions":[],"hashtags":[],"geo":"","raw":"돈까스 양 맛 둘 다 좋았고요\n제육덮밥은 명품입니다.\n치킨데리야끼 덮밥도 나쁘진\n않았네요 ㅎㅎ","polarity":{"com":0.006709689572387099,"pos":0.5696549805099507,"neg":0.23908682131986955,"neut":0.03356076886193725,"none":0.1509877397358554},"intensity":{"high":0.09849476515692782,"low":0.08138193115448314,"meium":0.6691355639527335,"none":0.1509877397358554},"expressive":{"dir-action":0,"dir-explicit":0.2089289955117346,"dir-speech":0.4306167664483952,"indirect":0.2054182123698805,"writing-device":0.1550360256699897}},{"id":"정성이가득찬집밥-도봉점","permalink":"","username":"asdfg","text":"양이 너무 작네요 ㅠㅠㅠ 스팸김밥에선 알수없는 냄새가 나고.. 딱볶이는 맛있었어요","date":"Mon Dec 10 23:59:44 +0000 2018","retweets":"30","favorites":"20","mentions":[],"hashtags":[],"geo":"","raw":"양이 너무 작네요 ㅠㅠㅠ 스팸김밥에선 알수없는 냄새가 나고.. 딱볶이는 맛있었어요","polarity":{"com":0.011111111168518518,"pos":0.21084656070180777,"neg":0.7211640212868607,"neut":0.02698412700449735,"none":0.029894179838315698},"intensity":{"high":0.2505291005,"low":0.045238095166666666,"meium":0.6743386244999999,"none":0.029894179833333336},"expressive":{"dir-action":0,"dir-explicit":0.10661375666666667,"dir-speech":0.5071428571666666,"indirect":0.337037037,"writing-device":0.04920634916666667}},{"id":"정성이가득찬집밥-도봉점","permalink":"","username":"asdfg","text":"떡볶이는 대체 무슨 맛인지ㅠ 실망이 크네요\n\n배달이랑 포장이랑  모듬튀김 맛 또한마음에 들었는데\n\n김밥이랑 맛이 아쉽네요ㅜ.ㅜ","date":"Mon Dec 10 23:59:44 +0000 2018","retweets":"30","favorites":"20","mentions":[],"hashtags":[],"geo":"","raw":"떡볶이는 대체 무슨 맛인지ㅠ 실망이 크네요\n\n배달이랑 포장이랑  모듬튀김 맛 또한마음에 들었는데\n\n김밥이랑 맛이 아쉽네요ㅜ.ㅜ","polarity":{"com":0.00588235290117647,"pos":0.5207166200041433,"neg":0.45005835679001155,"neut":0.015406162403081231,"none":0.0079365079015873},"intensity":{"high":0.009056956100000001,"low":0.060574229699999996,"meium":0.9224323063,"none":0.0079365079},"expressive":{"dir-action":0,"dir-explicit":0.08940242770000001,"dir-speech":0.6843137255,"indirect":0.21676003730000004,"writing-device":0.009523809500000001}},{"id":"정성이가득찬집밥-도봉점","permalink":"","username":"asdfg","text":"처음 시켜봤는데 마음에 듭니다. \n\n마침 애기가 잠들었는데 배달하시는 분이 노크로 조용히 두드리시더라고요. 말도 안 했는데요.\n\n음식도 맛있고 양도 충분하네요.\n\n번창하세요.","date":"Mon Dec 10 23:59:44 +0000 2018","retweets":"30","favorites":"20","mentions":[],"hashtags":[],"geo":"","raw":"처음 시켜봤는데 마음에 듭니다. \n\n마침 애기가 잠들었는데 배달하시는 분이 노크로 조용히 두드리시더라고요. 말도 안 했는데요.\n\n음식도 맛있고 양도 충분하네요.\n\n번창하세요.","polarity":{"com":0.02405805375,"pos":0.45692864583333326,"neg":0.2988402705,"neut":0.029468468166666664,"none":0.19070456175},"intensity":{"high":0.07284114082726326,"low":0.06500093682791659,"meium":0.6693219967775565,"none":0.19283592556726373},"expressive":{"dir-action":0.0017457390830423769,"dir-explicit":0.2545539435409077,"dir-speech":0.35967073877338823,"indirect":0.19139167963476805,"writing-device":0.1926378989678937}},{"id":"정성이가득찬집밥-도봉점","permalink":"","username":"asdfg","text":"차돌된장찌개가 차돝김치찌개로왔으나맛있게잘먹었습니다~^^\n양도적당하고맛도좋았습니다~\n재주문꼭할께요~~~~^^","date":"Mon Dec 10 23:59:44 +0000 2018","retweets":"30","favorites":"20","mentions":[],"hashtags":[],"geo":"","raw":"차돌된장찌개가 차돝김치찌개로왔으나맛있게잘먹었습니다~^^\n양도적당하고맛도좋았습니다~\n재주문꼭할께요~~~~^^","polarity":{"com":0.003261266222584585,"pos":0.42964878671440543,"neg":0.402318919933591,"neut":0.13563902568173766,"none":0.029132001447681334},"intensity":{"high":0.052850757216349915,"low":0.16531837253718687,"meium":0.7504296660277301,"none":0.03140120421873319},"expressive":{"dir-action":0.0012771392223641263,"dir-explicit":0.20557836157839757,"dir-speech":0.4521278051613475,"indirect":0.3080532750342281,"writing-device":0.0329634190036626}},{"id":"정성이가득찬집밥-도봉점","permalink":"","username":"asdfg","text":"맛나네요! 앞으로 자주 시킬게요","date":"Mon Dec 10 23:59:44 +0000 2018","retweets":"30","favorites":"20","mentions":[],"hashtags":[],"geo":"","raw":"맛나네요! 앞으로 자주 시킬게요","polarity":{"com":0,"pos":0.6666666665000001,"neg":0.25,"neut":0.0833333335,"none":0},"intensity":{"high":0,"low":0.6666666665000001,"meium":0.3333333335,"none":0},"expressive":{"dir-action":0,"dir-explicit":0.08333333345833334,"dir-speech":0.8333333330833335,"indirect":0,"writing-device":0.08333333345833334}},{"id":"정성이가득찬집밥-도봉점","permalink":"","username":"asdfg","text":"김치가 중국산인가요? 가격도 만만치 않은데 국산으로 주시면 좋겠는데요 중국산이면 심치말고 다른 반찬으로 변경하는게 있으면 좋겠어요","date":"Mon Dec 10 23:59:44 +0000 2018","retweets":"30","favorites":"20","mentions":[],"hashtags":[],"geo":"","raw":"김치가 중국산인가요? 가격도 만만치 않은데 국산으로 주시면 좋겠는데요 중국산이면 심치말고 다른 반찬으로 변경하는게 있으면 좋겠어요","polarity":{"com":0.009726149090024897,"pos":0.648664831395576,"neg":0.2382158372510713,"neut":0.04855580308649493,"none":0.054837379176832964},"intensity":{"high":0.10422167120076756,"low":0.07104762692200865,"meium":0.7686131305942933,"none":0.056117571282930455},"expressive":{"dir-action":0.0008595105454545455,"dir-explicit":0.34959858390909093,"dir-speech":0.20861365418181818,"indirect":0.38225280954545454,"writing-device":0.05867544181818183}},{"id":"정성이가득찬집밥-도봉점","permalink":"","username":"asdfg","text":"배달앱은 원산지정보를 볼수없나요?\n김치는 어디껀지 알려주게요","date":"Mon Dec 10 23:59:44 +0000 2018","retweets":"30","favorites":"20","mentions":[],"hashtags":[],"geo":"","raw":"배달앱은 원산지정보를 볼수없나요?\n김치는 어디껀지 알려주게요","polarity":{"com":0.025056497394988705,"pos":0.40118644051976277,"neg":0.5018644066996271,"neut":0.03677966099264406,"none":0.0351129943929774},"intensity":{"high":0.13367231642673447,"low":0.05045197721009039,"meium":0.7807627119561525,"none":0.0351129944070226},"expressive":{"dir-action":0,"dir-explicit":0.17423728823484746,"dir-speech":0.4501977400900396,"indirect":0.31211864406242373,"writing-device":0.06344632761268926}},{"id":"정성이가득찬집밥-도봉점","permalink":"","username":"asdfg","text":"김치찌개 양도 푸짐하고 고기양도  괜찮았어요  맛도 굿굿 ~^^맛있게 잘먹었습니다 \n다음에도 또시켜먹을거 같아요 \n언제나 번창하세요","date":"Mon Dec 10 23:59:44 +0000 2018","retweets":"30","favorites":"20","mentions":[],"hashtags":[],"geo":"","raw":"김치찌개 양도 푸짐하고 고기양도  괜찮았어요  맛도 굿굿 ~^^맛있게 잘먹었습니다 \n다음에도 또시켜먹을거 같아요 \n언제나 번창하세요","polarity":{"com":0.004592883636781171,"pos":0.39914967330901363,"neg":0.4425925716765993,"neut":0.10932893510084807,"none":0.04433593627675781},"intensity":{"high":0.046169755818181814,"low":0.06827334236363636,"meium":0.8407524618181818,"none":0.04480444},"expressive":{"dir-action":0.0008595105453764082,"dir-explicit":0.11350118444422716,"dir-speech":0.5095771514991293,"indirect":0.24119347670534605,"writing-device":0.13486867680592102}},{"id":"정성이가득찬집밥-도봉점","permalink":"","username":"asdfg","text":"아주 맛있게 잘 먹었습니다.\n늦은시간까지 배달이 가능한점이\n너무 좋습니다.^^","date":"Mon Dec 10 23:59:44 +0000 2018","retweets":"30","favorites":"20","mentions":[],"hashtags":[],"geo":"","raw":"아주 맛있게 잘 먹었습니다.\n늦은시간까지 배달이 가능한점이\n너무 좋습니다.^^","polarity":{"com":0.017857142879464286,"pos":0.44568452386142116,"neg":0.39732142859933034,"neut":0.09747023802436756,"none":0.04166666663541667},"intensity":{"high":0.095982142875,"low":0.06026785712499999,"meium":0.802083333375,"none":0.041666666625},"expressive":{"dir-action":0,"dir-explicit":0.29092261899999994,"dir-speech":0.28794642862500003,"indirect":0.37946428575,"writing-device":0.041666666625}},{"id":"정성이가득찬집밥-도봉점","permalink":"","username":"asdfg","text":"음식이 좀 짜네요~~","date":"Mon Dec 10 23:59:44 +0000 2018","retweets":"30","favorites":"20","mentions":[],"hashtags":[],"geo":"","raw":"음식이 좀 짜네요~~","polarity":{"com":0.030837004,"pos":0.431718062,"neg":0.440528634,"neut":0.088105727,"none":0.008810573},"intensity":{"high":0.10572687210572689,"low":0.13215859013215858,"meium":0.7488986787488987,"none":0.01321585901321586},"expressive":{"dir-action":0.004405286004405286,"dir-explicit":0.4140969164140969,"dir-speech":0.3612334803612335,"indirect":0.20704845820704845,"writing-device":0.01321585901321586}},{"id":"정성이가득찬집밥-도봉점","permalink":"","username":"asdfg","text":"맛나게 잘먹었습니다~~^^\n김치찌개는 국물이진했어요..칼칼하구..짜긴했지만 양은푸짐하네요!","date":"Mon Dec 10 23:59:44 +0000 2018","retweets":"30","favorites":"20","mentions":[],"hashtags":[],"geo":"","raw":"맛나게 잘먹었습니다~~^^\n김치찌개는 국물이진했어요..칼칼하구..짜긴했지만 양은푸짐하네요!","polarity":{"com":0.015777010406310805,"pos":0.5377378640150952,"neg":0.355072693742029,"neut":0.06416769182566706,"none":0.027244740010897894},"intensity":{"high":0.07314022641462804,"low":0.1505415420301083,"meium":0.7469912331493982,"none":0.029326998405865397},"expressive":{"dir-action":0.002082258400416452,"dir-explicit":0.28234748265646953,"dir-speech":0.2701874940540375,"indirect":0.4128811632825763,"writing-device":0.03250160160650033}},{"id":"정성이가득찬집밥-도봉점","permalink":"","username":"asdfg","text":"갈비탕 짭니다. 돈가스 기본 밑간은 좀 세고..\n갈비탕에 당면 따로 보내주시는게 좋을 듯 하네요. \n배달완료됐다고 뜨고 10분후에 도착하네요. 결과적으로 1시간10분가량 기다렸어요. 그래선지 당면이 퉁퉁. 갈비탕이라하기엔 엄지손가락만한 갈비 두개, 그리고 뼛조각이 몇번 씹혔어요. 돈가스도 비닐 덮개인데 구멍 안 뚫어주셔서 다 촉촉하니 젖었네요. 마카로니도 흐물흐물하고..","date":"Mon Dec 10 23:59:44 +0000 2018","retweets":"30","favorites":"20","mentions":[],"hashtags":[],"geo":"","raw":"갈비탕 짭니다. 돈가스 기본 밑간은 좀 세고..\n갈비탕에 당면 따로 보내주시는게 좋을 듯 하네요. \n배달완료됐다고 뜨고 10분후에 도착하네요. 결과적으로 1시간10분가량 기다렸어요. 그래선지 당면이 퉁퉁. 갈비탕이라하기엔 엄지손가락만한 갈비 두개, 그리고 뼛조각이 몇번 씹혔어요. 돈가스도 비닐 덮개인데 구멍 안 뚫어주셔서 다 촉촉하니 젖었네요. 마카로니도 흐물흐물하고..","polarity":{"com":0.007635311166984806,"pos":0.4461169497685883,"neg":0.4047150838918631,"neut":0.05387378296057807,"none":0.08765887221198579},"intensity":{"high":0.17175283758333335,"low":0.09335318379166668,"meium":0.6458370614166666,"none":0.08905691720833332},"expressive":{"dir-action":0.0010564231249559823,"dir-explicit":0.2243124044073203,"dir-speech":0.3420690721524138,"indirect":0.341457643319106,"writing-device":0.09110445699620397}},{"id":"정성이가득찬집밥-도봉점","permalink":"","username":"asdfg","text":"다 좋은데 스팸마뇨는 쪼금 짰어요! 소스를 좀만 덜 해주셔도 될거같아요! 맛있게 잘 묵었습니다!!!","date":"Mon Dec 10 23:59:44 +0000 2018","retweets":"30","favorites":"20","mentions":[],"hashtags":[],"geo":"","raw":"다 좋은데 스팸마뇨는 쪼금 짰어요! 소스를 좀만 덜 해주셔도 될거같아요! 맛있게 잘 묵었습니다!!!","polarity":{"com":0.014085501753521376,"pos":0.40054179122513545,"neg":0.40051986722512994,"neut":0.05322998051330749,"none":0.1316228592829057},"intensity":{"high":0.11425099133215587,"low":0.10568231446036912,"meium":0.6470070533823723,"none":0.13305964082510263},"expressive":{"dir-action":0.003029138373864073,"dir-explicit":0.25512634002932766,"dir-speech":0.30294192926139674,"indirect":0.17367723018487102,"writing-device":0.2652253621505405}},{"id":"정성이가득찬집밥-도봉점","permalink":"","username":"asdfg","text":"정말 맛있게 잘 먹었구요.\n뜨끈뜨근!!\n또 주문할께요^^","date":"Mon Dec 10 23:59:44 +0000 2018","retweets":"30","favorites":"20","mentions":[],"hashtags":[],"geo":"","raw":"정말 맛있게 잘 먹었구요.\n뜨끈뜨근!!\n또 주문할께요^^","polarity":{"com":0.00483870975,"pos":0.5308179722499999,"neg":0.24888632875,"neut":0.03882488475,"none":0.1766321045},"intensity":{"high":0.1599462365,"low":0.0826036865,"meium":0.580280338,"none":0.177169739},"expressive":{"dir-action":0.00161290325,"dir-explicit":0.292780338,"dir-speech":0.24329877125,"indirect":0.2499615975,"writing-device":0.21234639}},{"id":"정성이가득찬집밥-도봉점","permalink":"","username":"asdfg","text":"저번보단 맛이 덜했지만 그래도 잘먹었어요~ 맛있또용","date":"Mon Dec 10 23:59:44 +0000 2018","retweets":"30","favorites":"20","mentions":[],"hashtags":[],"geo":"","raw":"저번보단 맛이 덜했지만 그래도 잘먹었어요~ 맛있또용","polarity":{"com":0.04180016002090008,"pos":0.6160463988080233,"neg":0.2659763143829882,"neut":0.0512472107756236,"none":0.02492991601246496},"intensity":{"high":0.049158990762289745,"low":0.09797471227449367,"meium":0.8268350594567088,"none":0.026031237506507807},"expressive":{"dir-action":0.0011013215002753302,"dir-explicit":0.16845929379211483,"dir-speech":0.5692044741423011,"indirect":0.23520367305880094,"writing-device":0.026031237506507807}},{"id":"정성이가득찬집밥-도봉점","permalink":"","username":"asdfg","text":"정말맛있었어요 잘먹었슴돠","date":"Mon Dec 10 23:59:44 +0000 2018","retweets":"30","favorites":"20","mentions":[],"hashtags":[],"geo":"","raw":"정말맛있었어요 잘먹었슴돠","polarity":{"com":0,"pos":0.7321428573660714,"neg":0.10714285705357143,"neut":0.035714285517857144,"none":0.1250000000625},"intensity":{"high":0.25,"low":0.107142857,"meium":0.5178571430000001,"none":0.125},"expressive":{"dir-action":0,"dir-explicit":0.357142857,"dir-speech":0.19642857149999998,"indirect":0.3214285715,"writing-device":0.125}},{"id":"정성이가득찬집밥-도봉점","permalink":"","username":"asdfg","text":"비빔냉면이 쪼꼼 딱딱했지만 그래도 음식 다 맛있었어요","date":"Mon Dec 10 23:59:44 +0000 2018","retweets":"30","favorites":"20","mentions":[],"hashtags":[],"geo":"","raw":"비빔냉면이 쪼꼼 딱딱했지만 그래도 음식 다 맛있었어요","polarity":{"com":0.010279001333333334,"pos":0.3820012586666666,"neg":0.4801762113333334,"neut":0.029368575666666664,"none":0.098174953},"intensity":{"high":0.130480386,"low":0.21071953,"meium":0.5591567023333334,"none":0.09964338166666666},"expressive":{"dir-action":0.0014684286666666665,"dir-explicit":0.28088944833333335,"dir-speech":0.21564925533333335,"indirect":0.40234948600000003,"writing-device":0.09964338166666666}},{"id":"정성이가득찬집밥-도봉점","permalink":"","username":"asdfg","text":"아주 좋아요 아주 좋아요","date":"Mon Dec 10 23:59:44 +0000 2018","retweets":"30","favorites":"20","mentions":[],"hashtags":[],"geo":"","raw":"아주 좋아요 아주 좋아요","polarity":{"com":0,"pos":0.75,"neg":0.25,"neut":0,"none":0},"intensity":{"high":0.25,"low":0,"meium":0.75,"none":0},"expressive":{"dir-action":0,"dir-explicit":0,"dir-speech":0.25,"indirect":0.75,"writing-device":0}},{"id":"정성이가득찬집밥-도봉점","permalink":"","username":"asdfg","text":"낙지볶음밥과차졸박이된장찌개시켜먹엇는데\n낚지 매콤짭짤한맛과 차돌박이된장찌개 구수하니 너무맛잇었어요~ 잘먹었습니다~","date":"Mon Dec 10 23:59:44 +0000 2018","retweets":"30","favorites":"20","mentions":[],"hashtags":[],"geo":"","raw":"낙지볶음밥과차졸박이된장찌개시켜먹엇는데\n낚지 매콤짭짤한맛과 차돌박이된장찌개 구수하니 너무맛잇었어요~ 잘먹었습니다~","polarity":{"com":0.02327950075290994,"pos":0.5912911183239113,"neg":0.31372351616421545,"neut":0.0235415715029427,"none":0.04816429325602054},"intensity":{"high":0.11626119211046734,"low":0.10161394111229825,"meium":0.7333163809083354,"none":0.04880848586889894},"expressive":{"dir-action":0.008126271499999999,"dir-explicit":0.300111747625,"dir-speech":0.300271758,"indirect":0.34295055425000004,"writing-device":0.048539668625}},{"id":"정성이가득찬집밥-도봉점","permalink":"","username":"asdfg","text":"맛있게먹었어요 돈까스는 바삭해서 좋았고\n순두부찌개를 평소 좋아하는데 맛있게 즐겼습니다\n차돌도 많이 들어있고 순두부는 양이 어마어마 하네요...\n두공기 쓱싹...애기들도 잘먹어요!\n차돌순두부 추천박습니다!!!","date":"Mon Dec 10 23:59:44 +0000 2018","retweets":"30","favorites":"20","mentions":[],"hashtags":[],"geo":"","raw":"맛있게먹었어요 돈까스는 바삭해서 좋았고\n순두부찌개를 평소 좋아하는데 맛있게 즐겼습니다\n차돌도 많이 들어있고 순두부는 양이 어마어마 하네요...\n두공기 쓱싹...애기들도 잘먹어요!\n차돌순두부 추천박습니다!!!","polarity":{"com":0.005788911589256866,"pos":0.5025451779122138,"neg":0.40973781636642426,"neut":0.04673131006707022,"none":0.03519678406503472},"intensity":{"high":0.08559318693614158,"low":0.14509918716793538,"meium":0.732499442309853,"none":0.03680818358607012},"expressive":{"dir-action":0.002360743882491808,"dir-explicit":0.25447520883849856,"dir-speech":0.5644811714449695,"indirect":0.1369280764198193,"writing-device":0.04175479941422086}},{"id":"정성이가득찬집밥-도봉점","permalink":"","username":"asdfg","text":"강추정도는 아님 참고하세요","date":"Mon Dec 10 23:59:44 +0000 2018","retweets":"30","favorites":"20","mentions":[],"hashtags":[],"geo":"","raw":"강추정도는 아님 참고하세요","polarity":{"com":0.002314814666666667,"pos":0.19444444433333333,"neg":0.45925925933333334,"neut":0.026851852,"none":0.31712962966666663},"intensity":{"high":0.020833333326388887,"low":0.07592592597469136,"meium":0.586111111137963,"none":0.31712962956095675},"expressive":{"dir-action":0,"dir-explicit":0.125925926,"dir-speech":0.37962962966666663,"indirect":0.161111111,"writing-device":0.3333333333333333}},{"id":"정성이가득찬집밥-도봉점","permalink":"","username":"asdfg","text":"양은 많아요\n집사람이 담에는 먹고싶지않다고해요\n참치김지볶음밥은 그럭저럭\n제육은 냄새난다함","date":"Mon Dec 10 23:59:44 +0000 2018","retweets":"30","favorites":"20","mentions":[],"hashtags":[],"geo":"","raw":"양은 많아요\n집사람이 담에는 먹고싶지않다고해요\n참치김지볶음밥은 그럭저럭\n제육은 냄새난다함","polarity":{"com":0.009528695376191085,"pos":0.39677327667459666,"neg":0.504328181563041,"neut":0.04544802625568099,"none":0.04392182013049022},"intensity":{"high":0.08958435353359415,"low":0.14399187767899696,"meium":0.7205145062701929,"none":0.04590926251721597},"expressive":{"dir-action":0.0019874423757452906,"dir-explicit":0.22473232845927466,"dir-speech":0.5347160779505185,"indirect":0.18779719857042396,"writing-device":0.05076695264403761}},{"id":"정성이가득찬집밥-도봉점","permalink":"","username":"asdfg","text":"양은 많은데 맛은 보통 소소합니다","date":"Mon Dec 10 23:59:44 +0000 2018","retweets":"30","favorites":"20","mentions":[],"hashtags":[],"geo":"","raw":"양은 많은데 맛은 보통 소소합니다","polarity":{"com":0.008008008000000002,"pos":0.6679723203333334,"neg":0.290507899,"neut":0.02550376466666667,"none":0.008008008000000002},"intensity":{"high":0.12499455970833151,"low":0.10049179603349725,"meium":0.7655046352551682,"none":0.009009009003003},"expressive":{"dir-action":0.0010010010003336672,"dir-explicit":0.27801714742600575,"dir-speech":0.435827131478609,"indirect":0.27614571109204855,"writing-device":0.009009009003003002}},{"id":"정성이가득찬집밥-도봉점","permalink":"","username":"asdfg","text":"길비탕 2인분 시켜서 먹었는데 맛있네요. 고기도 냄세앖이 부드러워서 다섯살 아들이 암청 잘 먹네요.","date":"Mon Dec 10 23:59:44 +0000 2018","retweets":"30","favorites":"20","mentions":[],"hashtags":[],"geo":"","raw":"길비탕 2인분 시켜서 먹었는데 맛있네요. 고기도 냄세앖이 부드러워서 다섯살 아들이 암청 잘 먹네요.","polarity":{"com":0.004882983727272727,"pos":0.3583944523636363,"neg":0.5084824011818181,"neut":0.10723718136363636,"none":0.021002981363636358},"intensity":{"high":0.07170303701303693,"low":0.07120930728567443,"meium":0.8356841937883063,"none":0.021403461912982452},"expressive":{"dir-action":0.09130957146284632,"dir-explicit":0.2221371528383761,"dir-speech":0.5638851589603532,"indirect":0.09948212364540747,"writing-device":0.023185993093016912}},{"id":"정성이가득찬집밥-도봉점","permalink":"","username":"asdfg","text":"양 많아요 다른 음식점들에 비해서\n맛, 찌게 맛있어요 볶음밥도 조금짜지만 그냥 때우는 김볶이라기보단 오 맛있다 싶은\n배달 한식이다 보니까 기본 30분, 예상시간보단 빨랐어요\n\n또 시켜먹어야지 :p","date":"Mon Dec 10 23:59:44 +0000 2018","retweets":"30","favorites":"20","mentions":[],"hashtags":[],"geo":"","raw":"양 많아요 다른 음식점들에 비해서\n맛, 찌게 맛있어요 볶음밥도 조금짜지만 그냥 때우는 김볶이라기보단 오 맛있다 싶은\n배달 한식이다 보니까 기본 30분, 예상시간보단 빨랐어요\n\n또 시켜먹어야지 :p","polarity":{"com":0.01395484407142857,"pos":0.4148087429285714,"neg":0.4670153174285714,"neut":0.020119879285714286,"none":0.08410121628571429},"intensity":{"high":0.07229881408175699,"low":0.060033815794290554,"meium":0.7825309571117901,"none":0.08513641301216235},"expressive":{"dir-action":0,"dir-explicit":0.17572864451255205,"dir-speech":0.5801030293985787,"indirect":0.14897267208206946,"writing-device":0.09519565400679969}},{"id":"정성이가득찬집밥-도봉점","permalink":"","username":"asdfg","text":"맛있어요000000","date":"Mon Dec 10 23:59:44 +0000 2018","retweets":"30","favorites":"20","mentions":[],"hashtags":[],"geo":"","raw":"맛있어요000000","polarity":{"com":0,"pos":0,"neg":1,"neut":0,"none":0},"intensity":{"high":0,"low":0,"meium":1,"none":0},"expressive":{"dir-action":0,"dir-explicit":0,"dir-speech":1,"indirect":0,"writing-device":0}},{"id":"정성이가득찬집밥-도봉점","permalink":"","username":"asdfg","text":"처음  리뷰  남기네요\n왠만하면  다 잘먹는데\n불고기가  아니고 소금인가요 고기는  그냥 다버렸네요  그나마 순두부  찌게에  밥은  먹었는데  간은  좀 보고  보내주세요","date":"Mon Dec 10 23:59:44 +0000 2018","retweets":"30","favorites":"20","mentions":[],"hashtags":[],"geo":"","raw":"처음  리뷰  남기네요\n왠만하면  다 잘먹는데\n불고기가  아니고 소금인가요 고기는  그냥 다버렸네요  그나마 순두부  찌게에  밥은  먹었는데  간은  좀 보고  보내주세요","polarity":{"com":0.015299175248725067,"pos":0.30048825080829267,"neg":0.44675925929610344,"neut":0.09765503424186207,"none":0.13979828040501682},"intensity":{"high":0.0663418145,"low":0.09444055391666667,"meium":0.6570086368333333,"none":0.18220899475},"expressive":{"dir-action":0,"dir-explicit":0.3210025676964996,"dir-speech":0.4904129707515978,"indirect":0.0471521942421413,"writing-device":0.14143226730976127}},{"id":"정성이가득찬집밥-도봉점","permalink":"","username":"asdfg","text":"너무 맛잇게 잘먹엇어요!! 반찬도 맛잇구","date":"Mon Dec 10 23:59:44 +0000 2018","retweets":"30","favorites":"20","mentions":[],"hashtags":[],"geo":"","raw":"너무 맛잇게 잘먹엇어요!! 반찬도 맛잇구","polarity":{"com":0.047619047666666664,"pos":0.7142857143333333,"neg":0.238095238,"neut":0,"none":0},"intensity":{"high":0.047619047666666664,"low":0.047619047666666664,"meium":0.9047619046666666,"none":0},"expressive":{"dir-action":0,"dir-explicit":0.19047619033333332,"dir-speech":0.42857142866666664,"indirect":0.380952381,"writing-device":0}},{"id":"정성이가득찬집밥-도봉점","permalink":"","username":"asdfg","text":"오늘도 잘 먹었습니다 :)","date":"Mon Dec 10 23:59:44 +0000 2018","retweets":"30","favorites":"20","mentions":[],"hashtags":[],"geo":"","raw":"오늘도 잘 먹었습니다 :)","polarity":{"com":0.0035714285000000004,"pos":0.27380952350000004,"neg":0.49761904800000006,"neut":0.007142857000000001,"none":0.21785714300000003},"intensity":{"high":0.126984127,"low":0.168253968,"meium":0.486904762,"none":0.217857143},"expressive":{"dir-action":0,"dir-explicit":0.20396825389801587,"dir-speech":0.5388888887305555,"indirect":0.042857142978571426,"writing-device":0.21428571439285712}},{"id":"정성이가득찬집밥-도봉점","permalink":"","username":"asdfg","text":"맛있게 잘 먹었습니다. 근데 떡만두국이 엄청 짜요. 깜짝 놀랐어요","date":"Mon Dec 10 23:59:44 +0000 2018","retweets":"30","favorites":"20","mentions":[],"hashtags":[],"geo":"","raw":"맛있게 잘 먹었습니다. 근데 떡만두국이 엄청 짜요. 깜짝 놀랐어요","polarity":{"com":0.006167400801233481,"pos":0.4292007552858401,"neg":0.3309628696661926,"neut":0.23190685964638139,"none":0.0017621146003524231},"intensity":{"high":0.021145374404229075,"low":0.06928886081385777,"meium":0.9069225929813846,"none":0.0026431718005286344},"expressive":{"dir-action":0.0008810572001762114,"dir-explicit":0.1256765260251353,"dir-speech":0.5008181247001636,"indirect":0.3699811202739962,"writing-device":0.0026431718005286344}},{"id":"정성이가득찬집밥-도봉점","permalink":"","username":"asdfg","text":"시켜본지 조금 되긴했지만 기억나서 리뷰 남겨요!!\n포장도 되게 깔끔하고 반찬들도 다양하구요!\n되게 집밥맛이에요 진짜 ㅠㅠ\n거기다가 제육 볶음을 서비스로 주셨는데 진짜 맛있더라고요!\n덕분에 식사 되게 맛있게 잘했습니다!\n좋은 음식들에 감사드리고, 앞으로도 종종 잘 부탁드려요!\n주문들로 바쁜 나날들 되세욥!!","date":"Mon Dec 10 23:59:44 +0000 2018","retweets":"30","favorites":"20","mentions":[],"hashtags":[],"geo":"","raw":"시켜본지 조금 되긴했지만 기억나서 리뷰 남겨요!!\n포장도 되게 깔끔하고 반찬들도 다양하구요!\n되게 집밥맛이에요 진짜 ㅠㅠ\n거기다가 제육 볶음을 서비스로 주셨는데 진짜 맛있더라고요!\n덕분에 식사 되게 맛있게 잘했습니다!\n좋은 음식들에 감사드리고, 앞으로도 종종 잘 부탁드려요!\n주문들로 바쁜 나날들 되세욥!!","polarity":{"com":0.006507457714595592,"pos":0.5407129496447959,"neg":0.353257575254917,"neut":0.05321637005015316,"none":0.046305647335538366},"intensity":{"high":0.13993930957142858,"low":0.11266785485714285,"meium":0.6994615192380952,"none":0.047931316333333335},"expressive":{"dir-action":0.0011652205238095238,"dir-explicit":0.3178498187619047,"dir-speech":0.4068090788571429,"indirect":0.22018499823809523,"writing-device":0.053990883619047615}},{"id":"정성이가득찬집밥-도봉점","permalink":"","username":"asdfg","text":"맛있네요","date":"Mon Dec 10 23:59:44 +0000 2018","retweets":"30","favorites":"20","mentions":[],"hashtags":[],"geo":"","raw":"맛있네요","polarity":{"com":0,"pos":0,"neg":1,"neut":0,"none":0},"intensity":{"high":0,"low":0,"meium":1,"none":0},"expressive":{"dir-action":0,"dir-explicit":0,"dir-speech":1,"indirect":0,"writing-device":0}},{"id":"정성이가득찬집밥-도봉점","permalink":"","username":"asdfg","text":"맛있어요~~잘먹었습니다","date":"Mon Dec 10 23:59:44 +0000 2018","retweets":"30","favorites":"20","mentions":[],"hashtags":[],"geo":"","raw":"맛있어요~~잘먹었습니다","polarity":{"com":0,"pos":0.35714285717857136,"neg":0.6071428573035714,"neut":0.03571428551785714,"none":0},"intensity":{"high":0,"low":0.107142857,"meium":0.8928571430000001,"none":0},"expressive":{"dir-action":0,"dir-explicit":0.107142857,"dir-speech":0.5714285715,"indirect":0.3214285715,"writing-device":0}},{"id":"정성이가득찬집밥-도봉점","permalink":"","username":"asdfg","text":"맛있어요!!! 순두부찌개가 넘 맛있어서 밥 한공기 뚝딱했어요ㅎㅎ 불고기2인세트 주문해서 같이 나오는 순두부찌개는 양이 적을거라고 생각했는데 메인이라고 해도 이상하지 않을만큼 양도 많고, 정말 맛있었어요! 배달도 20분만에 왔네요ㅋㅋ 앞으로 자주 시켜먹을거같아용\n다만 아쉬운 점은 불고기가 약간 짜고, 비닐포장 뜯는 칼?같은것도 같이 주시면 좋을거같아요~~\n번창하세요!!!!!!!!","date":"Mon Dec 10 23:59:44 +0000 2018","retweets":"30","favorites":"20","mentions":[],"hashtags":[],"geo":"","raw":"맛있어요!!! 순두부찌개가 넘 맛있어서 밥 한공기 뚝딱했어요ㅎㅎ 불고기2인세트 주문해서 같이 나오는 순두부찌개는 양이 적을거라고 생각했는데 메인이라고 해도 이상하지 않을만큼 양도 많고, 정말 맛있었어요! 배달도 20분만에 왔네요ㅋㅋ 앞으로 자주 시켜먹을거같아용\n다만 아쉬운 점은 불고기가 약간 짜고, 비닐포장 뜯는 칼?같은것도 같이 주시면 좋을거같아요~~\n번창하세요!!!!!!!!","polarity":{"com":0.004304497303160742,"pos":0.42199028528551485,"neg":0.4126938911640211,"neut":0.06753399397174346,"none":0.09347733227555993},"intensity":{"high":0.09353039448768274,"low":0.16536808755046573,"meium":0.6312349235645828,"none":0.10986659439726869},"expressive":{"dir-action":0.0006966213939816134,"dir-explicit":0.25933434077329304,"dir-speech":0.4297677526018041,"indirect":0.14586516713005243,"writing-device":0.16433611810086884}},{"id":"정성이가득찬집밥-도봉점","permalink":"","username":"asdfg","text":"맛있었고 양도 많았어요!! 셋이먹어도 될만큼 양이 많았어요!!","date":"Mon Dec 10 23:59:44 +0000 2018","retweets":"30","favorites":"20","mentions":[],"hashtags":[],"geo":"","raw":"맛있었고 양도 많았어요!! 셋이먹어도 될만큼 양이 많았어요!!","polarity":{"com":0.03124012965625329,"pos":0.29861420806712863,"neg":0.49767629250077455,"neut":0.04490031198503323,"none":0.12756905779081032},"intensity":{"high":0.16212483688737495,"low":0.12688013687562671,"meium":0.5826917540275639,"none":0.12830327220943444},"expressive":{"dir-action":0.0007342143335780714,"dir-explicit":0.3350675609450226,"dir-speech":0.35593978845198,"indirect":0.17366585589122197,"writing-device":0.13459258037819752}},{"id":"정성이가득찬집밥-도봉점","permalink":"","username":"asdfg","text":"맛은 있고 배달도 빠른데 16,000 원 짜리가 아니고 9천원짜리같아요~~  낙지가 별로 보이질 않아요! 아쉬웠어요~~  \n맛은 있어서 소스에 밥비며 먹으면 짱이에요~~^^\n낙지만 많아다면   좋았을듯 합니다","date":"Mon Dec 10 23:59:44 +0000 2018","retweets":"30","favorites":"20","mentions":[],"hashtags":[],"geo":"","raw":"맛은 있고 배달도 빠른데 16,000 원 짜리가 아니고 9천원짜리같아요~~  낙지가 별로 보이질 않아요! 아쉬웠어요~~  \n맛은 있어서 소스에 밥비며 먹으면 짱이에요~~^^\n낙지만 많아다면   좋았을듯 합니다","polarity":{"com":0.0021008402942412257,"pos":0.5483942037969644,"neg":0.29612044819388944,"neut":0.024024994648472058,"none":0.12935951306643292},"intensity":{"high":0.05812235152599281,"low":0.10825235222892635,"meium":0.6743288083720983,"none":0.15929648787298256},"expressive":{"dir-action":0,"dir-explicit":0.19989585576470587,"dir-speech":0.3698682037058823,"indirect":0.2995836027058823,"writing-device":0.1306523378235294}},{"id":"정성이가득찬집밥-도봉점","permalink":"","username":"asdfg","text":"배달 양 맛 다좋습니다 굿굿","date":"Mon Dec 10 23:59:44 +0000 2018","retweets":"30","favorites":"20","mentions":[],"hashtags":[],"geo":"","raw":"배달 양 맛 다좋습니다 굿굿","polarity":{"com":0,"pos":0.98,"neg":0.01,"neut":0,"none":0.01},"intensity":{"high":0.05,"low":0.01,"meium":0.9299999999999999,"none":0.01},"expressive":{"dir-action":0,"dir-explicit":0.15,"dir-speech":0.55,"indirect":0.29,"writing-device":0.01}},{"id":"정성이가득찬집밥-도봉점","permalink":"","username":"asdfg","text":"새로생긴집이라 기대하며 시켰는데 .... 우와..... 진짜 짱이네요!!!  대박나서 바빠지기전에 자주 먹어 둬야지 ~~","date":"Mon Dec 10 23:59:44 +0000 2018","retweets":"30","favorites":"20","mentions":[],"hashtags":[],"geo":"","raw":"새로생긴집이라 기대하며 시켰는데 .... 우와..... 진짜 짱이네요!!!  대박나서 바빠지기전에 자주 먹어 둬야지 ~~","polarity":{"com":0.010410831,"pos":0.6349709921428571,"neg":0.2359639737142857,"neut":0.022702713999999995,"none":0.09595148914285714},"intensity":{"high":0.030165549294333016,"low":0.21892120134826326,"meium":0.6549617601871319,"none":0.09595148917027187},"expressive":{"dir-action":0,"dir-explicit":0.1949632288014391,"dir-speech":0.5505875008426894,"indirect":0.13804015996056,"writing-device":0.1164091103953117}},{"id":"정성이가득찬집밥-도봉점","permalink":"","username":"asdfg","text":"떡만둣국이 좀 짰지만 그래도 맛있게 잘 먹었습니다.","date":"Mon Dec 10 23:59:44 +0000 2018","retweets":"30","favorites":"20","mentions":[],"hashtags":[],"geo":"","raw":"떡만둣국이 좀 짰지만 그래도 맛있게 잘 먹었습니다.","polarity":{"com":0.007709251001927313,"pos":0.5365009441341252,"neg":0.4137035871034259,"neut":0.03988357450997089,"none":0.0022026432505506607},"intensity":{"high":0.026431718006607926,"low":0.08661107602165276,"meium":0.8836532412209132,"none":0.0033039647508259907},"expressive":{"dir-action":0.0011013215002753302,"dir-explicit":0.15709565753927388,"dir-speech":0.6260226559065056,"indirect":0.21247640030311907,"writing-device":0.0033039647508259907}},{"id":"정성이가득찬집밥-도봉점","permalink":"","username":"asdfg","text":"뜯자마자먹고있어서 사진은없어요..ㅜㅜ 거짓말조금보태서 밥1+김치1+베이컨1 일정도로 재료도푸짐하고 물만두도얹어주시고 음식도따뜻하고 빨리오시고 메모쪽지도있고 그냥다짱이에여 밥먹고싶을땐이제 여기서시켜드세요다들ㅜㅜㅜㅜ","date":"Mon Dec 10 23:59:44 +0000 2018","retweets":"30","favorites":"20","mentions":[],"hashtags":[],"geo":"","raw":"뜯자마자먹고있어서 사진은없어요..ㅜㅜ 거짓말조금보태서 밥1+김치1+베이컨1 일정도로 재료도푸짐하고 물만두도얹어주시고 음식도따뜻하고 빨리오시고 메모쪽지도있고 그냥다짱이에여 밥먹고싶을땐이제 여기서시켜드세요다들ㅜㅜㅜㅜ","polarity":{"com":0.007819745499999997,"pos":0.3053329207777777,"neg":0.5118883256666666,"neut":0.02236629744444444,"none":0.1525927106111111},"intensity":{"high":0.07764712366666668,"low":0.13174747483333335,"meium":0.5807789409999999,"none":0.2098264605},"expressive":{"dir-action":0.000333666999962926,"dir-explicit":0.2568548814714606,"dir-speech":0.33552122001827545,"indirect":0.25284688247190595,"writing-device":0.15444334903839518}},{"id":"정성이가득찬집밥-도봉점","permalink":"","username":"asdfg","text":"양도 넘 좋고 맛도 넘 맛있습니다\n담에도 주문하고 십내요ㅋㅋㅋ","date":"Mon Dec 10 23:59:44 +0000 2018","retweets":"30","favorites":"20","mentions":[],"hashtags":[],"geo":"","raw":"양도 넘 좋고 맛도 넘 맛있습니다\n담에도 주문하고 십내요ㅋㅋㅋ","polarity":{"com":0.004416282666666666,"pos":0.44173579099999993,"neg":0.3702099335,"neut":0.09969278033333333,"none":0.08394521249999998},"intensity":{"high":0.10821812600000001,"low":0.04506912433333333,"meium":0.7624091141666667,"none":0.08430363549999999},"expressive":{"dir-action":0.001075268833154122,"dir-explicit":0.18328213013611966,"dir-speech":0.6324372758945939,"indirect":0.10045058881659158,"writing-device":0.08275473631954089}},{"id":"정성이가득찬집밥-도봉점","permalink":"","username":"asdfg","text":"음식 맛있게 잘먹었습니다~ 어플 자주사용하는데 주문내역 확인 해주시는건 처음이네요 처음에 물어봐서 좀 당황했습니다 ㅋㅋㅋ","date":"Mon Dec 10 23:59:44 +0000 2018","retweets":"30","favorites":"20","mentions":[],"hashtags":[],"geo":"","raw":"음식 맛있게 잘먹었습니다~ 어플 자주사용하는데 주문내역 확인 해주시는건 처음이네요 처음에 물어봐서 좀 당황했습니다 ㅋㅋㅋ","polarity":{"com":0.0305069125,"pos":0.4605017921,"neg":0.34463389660000004,"neut":0.12505376340000002,"none":0.039303635399999995},"intensity":{"high":0.0171530978,"low":0.1568509984,"meium":0.7864772146000001,"none":0.0395186892},"expressive":{"dir-action":0.0006451612998709678,"dir-explicit":0.2658422939468315,"dir-speech":0.5361290322927742,"indirect":0.1564925754687015,"writing-device":0.04089093699182181}},{"id":"정성이가득찬집밥-도봉점","permalink":"","username":"asdfg","text":"맛있게 잘먹었습니다~ 낙지덮밥 매콤하고 좋았어요 제육조금만 더주시면 푸짐해 보이고 좋을거 같아요","date":"Mon Dec 10 23:59:44 +0000 2018","retweets":"30","favorites":"20","mentions":[],"hashtags":[],"geo":"","raw":"맛있게 잘먹었습니다~ 낙지덮밥 매콤하고 좋았어요 제육조금만 더주시면 푸짐해 보이고 좋을거 같아요","polarity":{"com":0.004337886300433788,"pos":0.5845527359584551,"neg":0.37282801923728276,"neut":0.02508325720250832,"none":0.013198101301319808},"intensity":{"high":0.07163990600000002,"low":0.08069988300000001,"meium":0.8339467556000001,"none":0.013713455400000005},"expressive":{"dir-action":0.0009454615999999999,"dir-explicit":0.3165576520999999,"dir-speech":0.3215070889,"indirect":0.24749139579999996,"writing-device":0.11349840159999998}},{"id":"정성이가득찬집밥-도봉점","permalink":"","username":"asdfg","text":"처음이라  육ㅡ해ㅡ공으로 주문 해봤는데  반찬도 깔끔하고  맛있게 잘먹었습니다  서비스 제육도 맛나네요^^\n(삼계탕 간은좀  많이 된듯 하네요)","date":"Mon Dec 10 23:59:44 +0000 2018","retweets":"30","favorites":"20","mentions":[],"hashtags":[],"geo":"","raw":"처음이라  육ㅡ해ㅡ공으로 주문 해봤는데  반찬도 깔끔하고  맛있게 잘먹었습니다  서비스 제육도 맛나네요^^\n(삼계탕 간은좀  많이 된듯 하네요)","polarity":{"com":0.020966163450733426,"pos":0.6224649054322791,"neg":0.2621186734068875,"neut":0.019371540087386993,"none":0.07507871762271295},"intensity":{"high":0.045659479628061904,"low":0.15215107288142707,"meium":0.7268377295951204,"none":0.07535171789539061},"expressive":{"dir-action":0.0002730002726528181,"dir-explicit":0.2743203139251853,"dir-speech":0.2940431487379882,"indirect":0.3532306380854825,"writing-device":0.07813289897869101}}]