[{"id":"우리소육회마왕-상계점","permalink":"","username":"asdfg","text":"육회비빔밥에 육회가 적어서 육회 더 넣어먹었어요 ㅠㅠ\n그래도 육회 맛있게 잘먹었습니다","date":"Mon Dec 10 23:59:44 +0000 2018","retweets":"30","favorites":"20","mentions":[],"hashtags":[],"geo":"","raw":"육회비빔밥에 육회가 적어서 육회 더 넣어먹었어요 ㅠㅠ\n그래도 육회 맛있게 잘먹었습니다","polarity":{"com":0,"pos":0.34865424426973096,"neg":0.6109730849221947,"neut":0.03167701860633541,"none":0.008695652201739132},"intensity":{"high":0.0570048308,"low":0.10469289160000002,"meium":0.8296066254000001,"none":0.0086956522},"expressive":{"dir-action":0,"dir-explicit":0.18295376120000004,"dir-speech":0.44499654940000005,"indirect":0.36335403720000004,"writing-device":0.0086956522}},{"id":"우리소육회마왕-상계점","permalink":"","username":"asdfg","text":"육회가 신선하고 맛있게 잘먹었어여 ! 스테이크도 넘나 맛있었어여!","date":"Mon Dec 10 23:59:44 +0000 2018","retweets":"30","favorites":"20","mentions":[],"hashtags":[],"geo":"","raw":"육회가 신선하고 맛있게 잘먹었어여 ! 스테이크도 넘나 맛있었어여!","polarity":{"com":0.007392473167898745,"pos":0.3092357910515393,"neg":0.5599718382599953,"neut":0.04165706600694285,"none":0.08174283151362381},"intensity":{"high":0.07389272916666667,"low":0.09197388616666667,"meium":0.7505440348333333,"none":0.08358934983333333},"expressive":{"dir-action":0.001075268833154122,"dir-explicit":0.1814964158030839,"dir-speech":0.508330133081945,"indirect":0.22854582696190898,"writing-device":0.08055235531990794}},{"id":"우리소육회마왕-상계점","permalink":"","username":"asdfg","text":"메모가조금인상\n적이었어요\n~~그런데\n야채가조금\n작아요~~","date":"Mon Dec 10 23:59:44 +0000 2018","retweets":"30","favorites":"20","mentions":[],"hashtags":[],"geo":"","raw":"메모가조금인상\n적이었어요\n~~그런데\n야채가조금\n작아요~~","polarity":{"com":0.0089285715,"pos":0.49702380975,"neg":0.44047619025,"neut":0.0401785715,"none":0.013392857},"intensity":{"high":0.16369047625000005,"low":0.053571428500000004,"meium":0.7648809522500001,"none":0.017857143000000002},"expressive":{"dir-action":0,"dir-explicit":0.27083333325000003,"dir-speech":0.40625,"indirect":0.30952380975,"writing-device":0.013392857}},{"id":"우리소육회마왕-상계점","permalink":"","username":"asdfg","text":"가성비 좋네요\n그러나 같이 오는 채소의 상태가 조금 그랬어요 \n\n이모든걸 가격으로 극복 할수 있어요","date":"Mon Dec 10 23:59:44 +0000 2018","retweets":"30","favorites":"20","mentions":[],"hashtags":[],"geo":"","raw":"가성비 좋네요\n그러나 같이 오는 채소의 상태가 조금 그랬어요 \n\n이모든걸 가격으로 극복 할수 있어요","polarity":{"com":0,"pos":0.4968484849,"neg":0.27021212110000004,"neut":0.0698484849,"none":0.1630909091},"intensity":{"high":0.10909090910000001,"low":0.1571818182,"meium":0.5706363636000001,"none":0.1630909091},"expressive":{"dir-action":0,"dir-explicit":0.3016666666301667,"dir-speech":0.2468181818246818,"indirect":0.2884242424288424,"writing-device":0.16309090911630908}},{"id":"우리소육회마왕-상계점","permalink":"","username":"asdfg","text":"맛도 좋고 직접써주시는 편지도있고 배달도 빠르고 좋네요 아주 맛있게 먹고 있습니다~^^","date":"Mon Dec 10 23:59:44 +0000 2018","retweets":"30","favorites":"20","mentions":[],"hashtags":[],"geo":"","raw":"맛도 좋고 직접써주시는 편지도있고 배달도 빠르고 좋네요 아주 맛있게 먹고 있습니다~^^","polarity":{"com":0,"pos":0.7007460317700747,"neg":0.2037936508203794,"neut":0.009523809500952381,"none":0.08593650790859367},"intensity":{"high":0.0792857143,"low":0.1306984126,"meium":0.7040793652,"none":0.0859365079},"expressive":{"dir-action":0,"dir-explicit":0.1680952381,"dir-speech":0.42944444449999997,"indirect":0.3149365079,"writing-device":0.08752380950000001}},{"id":"우리소육회마왕-상계점","permalink":"","username":"asdfg","text":"양도 괜찮고 포스트잇에 직접 편지도 써주시고 너무 감사한데 ㅠㅠ 배달비가 엄청 나네요.. 새벽에 시키니까 요기요 결제시 2천원 추가되고 배달와서 3천원 더 추가로 내야하네요... 배달비 5천원 ㅠㅠ","date":"Mon Dec 10 23:59:44 +0000 2018","retweets":"30","favorites":"20","mentions":[],"hashtags":[],"geo":"","raw":"양도 괜찮고 포스트잇에 직접 편지도 써주시고 너무 감사한데 ㅠㅠ 배달비가 엄청 나네요.. 새벽에 시키니까 요기요 결제시 2천원 추가되고 배달와서 3천원 더 추가로 내야하네요... 배달비 5천원 ㅠㅠ","polarity":{"com":0.01630638153115915,"pos":0.5766049343231193,"neg":0.28102819842919624,"neut":0.024180270530109294,"none":0.10188021518641596},"intensity":{"high":0.2179441089042741,"low":0.07524159085663445,"meium":0.6040244323194635,"none":0.10278986791962802},"expressive":{"dir-action":0.0011963910665071479,"dir-explicit":0.22325641570356589,"dir-speech":0.3603178786186243,"indirect":0.3094869065587351,"writing-device":0.10574240805256768}}]