[{"id":"장수맛집","permalink":"","username":"asdfg","text":"맛잇엇어요 매콤하고 단짠 ㅎ","date":"Mon Dec 10 23:59:44 +0000 2018","retweets":"30","favorites":"20","mentions":[],"hashtags":[],"geo":"","raw":"맛잇엇어요 매콤하고 단짠 ㅎ","polarity":{"com":0.012012012,"pos":0.8063063065,"neg":0.153153153,"neut":0.0165165165,"none":0.012012012},"intensity":{"high":0.057057057,"low":0.042042042,"meium":0.8873873875,"none":0.0135135135},"expressive":{"dir-action":0.0015015015000000005,"dir-explicit":0.15615615600000002,"dir-speech":0.5450450450000001,"indirect":0.28378378400000004,"writing-device":0.013513513500000003}},{"id":"장수맛집","permalink":"","username":"asdfg","text":"맛은있어요~근데배달이될때있고안될때있더라고요;; 그게아쉬워요^^","date":"Mon Dec 10 23:59:44 +0000 2018","retweets":"30","favorites":"20","mentions":[],"hashtags":[],"geo":"","raw":"맛은있어요~근데배달이될때있고안될때있더라고요;; 그게아쉬워요^^","polarity":{"com":0.009361763566078993,"pos":0.4919881330045782,"neg":0.3290116218119934,"neut":0.09650120780199932,"none":0.07313727381535014},"intensity":{"high":0.06739200827608685,"low":0.09905222827156396,"meium":0.7604184896056545,"none":0.07313727384669468},"expressive":{"dir-action":0,"dir-explicit":0.14469930340790008,"dir-speech":0.5973347743432379,"indirect":0.1794378128315089,"writing-device":0.07852810941735314}},{"id":"장수맛집","permalink":"","username":"asdfg","text":"배부르고 맛있어요ㅎ","date":"Mon Dec 10 23:59:44 +0000 2018","retweets":"30","favorites":"20","mentions":[],"hashtags":[],"geo":"","raw":"배부르고 맛있어요ㅎ","polarity":{"com":0,"pos":0,"neg":1,"neut":0,"none":0},"intensity":{"high":0,"low":0,"meium":1,"none":0},"expressive":{"dir-action":0,"dir-explicit":0,"dir-speech":1,"indirect":0,"writing-device":0}},{"id":"장수맛집","permalink":"","username":"asdfg","text":"불고기 굿 굿굿!!!!","date":"Mon Dec 10 23:59:44 +0000 2018","retweets":"30","favorites":"20","mentions":[],"hashtags":[],"geo":"","raw":"불고기 굿 굿굿!!!!","polarity":{"com":0,"pos":1,"neg":0,"neut":0,"none":0},"intensity":{"high":0,"low":0,"meium":1,"none":0},"expressive":{"dir-action":0,"dir-explicit":0,"dir-speech":0,"indirect":1,"writing-device":0}},{"id":"장수맛집","permalink":"","username":"asdfg","text":"항상 맛있게 잘먹고 있어용","date":"Mon Dec 10 23:59:44 +0000 2018","retweets":"30","favorites":"20","mentions":[],"hashtags":[],"geo":"","raw":"항상 맛있게 잘먹고 있어용","polarity":{"com":0.002976190334325397,"pos":0.6845238095615078,"neg":0.12500000004166667,"neut":0.03571428567857143,"none":0.15178571438392857},"intensity":{"high":0.01488095233333333,"low":0.08928571433333331,"meium":0.744047619,"none":0.15178571433333332},"expressive":{"dir-action":0,"dir-explicit":0.30357142833333334,"dir-speech":0.28273809533333333,"indirect":0.261904762,"writing-device":0.15178571433333335}},{"id":"장수맛집","permalink":"","username":"asdfg","text":"진짜배고팠는데 그냥그랬음 ㅠㅠ","date":"Mon Dec 10 23:59:44 +0000 2018","retweets":"30","favorites":"20","mentions":[],"hashtags":[],"geo":"","raw":"진짜배고팠는데 그냥그랬음 ㅠㅠ","polarity":{"com":0,"pos":0.25,"neg":0.75,"neut":0,"none":0},"intensity":{"high":0,"low":0,"meium":1,"none":0},"expressive":{"dir-action":0,"dir-explicit":0,"dir-speech":0.75,"indirect":0.25,"writing-device":0}},{"id":"장수맛집","permalink":"","username":"asdfg","text":"명절에 기분 더럽게 만드네요.ㅋㅋ 양은 둘째치고 맛이 드럽게 없잖아 이거..같이먹는사람들 다 어이없어하는데...35,000원 길바닥에 버린기분입니다.. 배달앱 쓰면서 이렇게 된통당한 느낌은 처음느껴봅니다..먹는 사람 전원다 돈버렸다고함..","date":"Mon Dec 10 23:59:44 +0000 2018","retweets":"30","favorites":"20","mentions":[],"hashtags":[],"geo":"","raw":"명절에 기분 더럽게 만드네요.ㅋㅋ 양은 둘째치고 맛이 드럽게 없잖아 이거..같이먹는사람들 다 어이없어하는데...35,000원 길바닥에 버린기분입니다.. 배달앱 쓰면서 이렇게 된통당한 느낌은 처음느껴봅니다..먹는 사람 전원다 돈버렸다고함..","polarity":{"com":0.061931297039824446,"pos":0.35266876414975745,"neg":0.44959131586821904,"neut":0.06870718267557208,"none":0.06710144026662715},"intensity":{"high":0.15029394268628346,"low":0.16472968963689189,"meium":0.6164698488318718,"none":0.06850651884495276},"expressive":{"dir-action":0.0046546974541223,"dir-explicit":0.30107912806353826,"dir-speech":0.42324835414334094,"indirect":0.1979858784820013,"writing-device":0.0730319418569971}},{"id":"장수맛집","permalink":"","username":"asdfg","text":"조림이 맛있었습니다 구이는 약간 말린건지 조금 퍽퍽했어요 다음에 또 시켜 먹을께요","date":"Mon Dec 10 23:59:44 +0000 2018","retweets":"30","favorites":"20","mentions":[],"hashtags":[],"geo":"","raw":"조림이 맛있었습니다 구이는 약간 말린건지 조금 퍽퍽했어요 다음에 또 시켜 먹을께요","polarity":{"com":0.0066876,"pos":0.37429294511111116,"neg":0.3967780098888889,"neut":0.032002625,"none":0.19023881999999998},"intensity":{"high":0.09793152076689648,"low":0.08583158454601868,"meium":0.6242314592639743,"none":0.1920054354231105},"expressive":{"dir-action":0.0017666154448370253,"dir-explicit":0.18558383904124087,"dir-speech":0.5422428127871651,"indirect":0.05424208067872047,"writing-device":0.2161646520480366}},{"id":"장수맛집","permalink":"","username":"asdfg","text":"매웠지만 맛있었어요 양도많구","date":"Mon Dec 10 23:59:44 +0000 2018","retweets":"30","favorites":"20","mentions":[],"hashtags":[],"geo":"","raw":"매웠지만 맛있었어요 양도많구","polarity":{"com":0,"pos":0.195652174,"neg":0.7826086955,"neut":0.0217391305,"none":0},"intensity":{"high":0.1304347825652174,"low":0.10869565205434782,"meium":0.7608695653804347,"none":0},"expressive":{"dir-action":0,"dir-explicit":0.2608695651304348,"dir-speech":0.6086956523043479,"indirect":0.1304347825652174,"writing-device":0}},{"id":"장수맛집","permalink":"","username":"asdfg","text":"배달시간도 잘맛고 든든한아침","date":"Mon Dec 10 23:59:44 +0000 2018","retweets":"30","favorites":"20","mentions":[],"hashtags":[],"geo":"","raw":"배달시간도 잘맛고 든든한아침","polarity":{"com":0.0062333762,"pos":0.7653796654,"neg":0.126975547,"neut":0.0094637494,"none":0.091947662},"intensity":{"high":0.0513942514,"low":0.039673959599999996,"meium":0.8163835263999999,"none":0.0925482626},"expressive":{"dir-action":0.00060060059987988,"dir-explicit":0.09960531958007895,"dir-speech":0.6780180178643964,"indirect":0.13065637077386874,"writing-device":0.09111969118177607}},{"id":"장수맛집","permalink":"","username":"asdfg","text":"아침에 든든하게 먹기좋아요","date":"Mon Dec 10 23:59:44 +0000 2018","retweets":"30","favorites":"20","mentions":[],"hashtags":[],"geo":"","raw":"아침에 든든하게 먹기좋아요","polarity":{"com":0.006006006,"pos":0.7164864865,"neg":0.25324324324999997,"neut":0.00825825825,"none":0.016006006},"intensity":{"high":0.10630630625000001,"low":0.08657657649999999,"meium":0.7903603605,"none":0.01675675675},"expressive":{"dir-action":0.0007507507500000002,"dir-explicit":0.28363363350000004,"dir-speech":0.5169669670000001,"indirect":0.18189189200000003,"writing-device":0.016756756750000004}},{"id":"장수맛집","permalink":"","username":"asdfg","text":"맛은 그럭저럭 괜찮은데 양이 조금 아쉬워요","date":"Mon Dec 10 23:59:44 +0000 2018","retweets":"30","favorites":"20","mentions":[],"hashtags":[],"geo":"","raw":"맛은 그럭저럭 괜찮은데 양이 조금 아쉬워요","polarity":{"com":0,"pos":0.5,"neg":0.25,"neut":0.25,"none":0},"intensity":{"high":0,"low":0.25,"meium":0.75,"none":0},"expressive":{"dir-action":0,"dir-explicit":0.5,"dir-speech":0.5,"indirect":0,"writing-device":0}},{"id":"장수맛집","permalink":"","username":"asdfg","text":"마시써요!","date":"Mon Dec 10 23:59:44 +0000 2018","retweets":"30","favorites":"20","mentions":[],"hashtags":[],"geo":"","raw":"마시써요!!!!!!!!!!","polarity":{"com":0,"pos":0,"neg":0,"neut":1,"none":0},"intensity":{"high":0,"low":0,"meium":0,"none":1},"expressive":{"dir-action":0,"dir-explicit":1,"dir-speech":0,"indirect":0,"writing-device":0}},{"id":"장수맛집","permalink":"","username":"asdfg","text":"음식은 맛있었는데 반찬이 좀... 배달도 빨리 왔어요!","date":"Mon Dec 10 23:59:44 +0000 2018","retweets":"30","favorites":"20","mentions":[],"hashtags":[],"geo":"","raw":"음식은 맛있었는데 반찬이 좀... 배달도 빨리 왔어요!","polarity":{"com":0.0033898306,"pos":0.7711864406,"neg":0.21186440680000002,"neut":0.006779660999999999,"none":0.006779660999999999},"intensity":{"high":0.020338983004067796,"low":0.027118644005423728,"meium":0.9457627119891525,"none":0.006779661001355932},"expressive":{"dir-action":0,"dir-explicit":0.23423728819999998,"dir-speech":0.43186440679999993,"indirect":0.32711864399999996,"writing-device":0.0067796609999999985}},{"id":"장수맛집","permalink":"","username":"asdfg","text":"맛있어요~~~~^^","date":"Mon Dec 10 23:59:44 +0000 2018","retweets":"30","favorites":"20","mentions":[],"hashtags":[],"geo":"","raw":"맛있어요~~~~^^","polarity":{"com":0,"pos":0,"neg":1,"neut":0,"none":0},"intensity":{"high":0,"low":0,"meium":1,"none":0},"expressive":{"dir-action":0,"dir-explicit":0,"dir-speech":1,"indirect":0,"writing-device":0}},{"id":"장수맛집","permalink":"","username":"asdfg","text":"배달이 빠르고 맛있어요","date":"Mon Dec 10 23:59:44 +0000 2018","retweets":"30","favorites":"20","mentions":[],"hashtags":[],"geo":"","raw":"배달이 빠르고 맛있어요","polarity":{"com":0,"pos":0.6666666666666666,"neg":0.3333333333333333,"neut":0,"none":0},"intensity":{"high":0,"low":0.111111111,"meium":0.888888889,"none":0},"expressive":{"dir-action":0,"dir-explicit":0,"dir-speech":0.6666666666666666,"indirect":0.3333333333333333,"writing-device":0}},{"id":"장수맛집","permalink":"","username":"asdfg","text":"후라이2개 안 왔어요~ㅠㅠ","date":"Mon Dec 10 23:59:44 +0000 2018","retweets":"30","favorites":"20","mentions":[],"hashtags":[],"geo":"","raw":"후라이2개 안 왔어요~ㅠㅠ","polarity":{"com":0,"pos":0.25,"neg":0.5625,"neut":0.125,"none":0.0625},"intensity":{"high":0.3125,"low":0,"meium":0.625,"none":0.0625},"expressive":{"dir-action":0,"dir-explicit":0.6875,"dir-speech":0.1875,"indirect":0,"writing-device":0.125}},{"id":"장수맛집","permalink":"","username":"asdfg","text":"빨리 왔는데 량이 좀....차돌된장찌개와 설렁탕 시켰는데 고기 2장 밖에 없네요....그리고 설렁탕 시켰는데 소금이 없네요....","date":"Mon Dec 10 23:59:44 +0000 2018","retweets":"30","favorites":"20","mentions":[],"hashtags":[],"geo":"","raw":"빨리 왔는데 량이 좀....차돌된장찌개와 설렁탕 시켰는데 고기 2장 밖에 없네요....그리고 설렁탕 시켰는데 소금이 없네요....","polarity":{"com":0.005139500666666667,"pos":0.2682249401666667,"neg":0.3683775793333333,"neut":0.2109562176666667,"none":0.14730176216666666},"intensity":{"high":0.06641500501106916,"low":0.07794748434632458,"meium":0.6988296042831381,"none":0.15680790635946798},"expressive":{"dir-action":0.0007342143334557024,"dir-explicit":0.3096959772182827,"dir-speech":0.34529329939088227,"indirect":0.19624053253270674,"writing-device":0.14803597652467265}},{"id":"장수맛집","permalink":"","username":"asdfg","text":"아니 낚지 맛은 하나도 없어요 ㅋㅋㅋㅋㅋㅋ \n그냥 소스맛만 존나게 나고 심지어 딱딱하고 이건뭐 ㅋㅋㅋㅋㅋ","date":"Mon Dec 10 23:59:44 +0000 2018","retweets":"30","favorites":"20","mentions":[],"hashtags":[],"geo":"","raw":"아니 낚지 맛은 하나도 없어요 ㅋㅋㅋㅋㅋㅋ \n그냥 소스맛만 존나게 나고 심지어 딱딱하고 이건뭐 ㅋㅋㅋㅋㅋ","polarity":{"com":0.006028846999451923,"pos":0.507748536862932,"neg":0.29259317151885517,"neut":0.036986020360274,"none":0.15664342425848696},"intensity":{"high":0.05701852063636363,"low":0.09886783036363635,"meium":0.6863146119090909,"none":0.1577990370909091},"expressive":{"dir-action":0.00027300027270245455,"dir-explicit":0.17550224589313618,"dir-speech":0.49791599295473493,"indirect":0.1566975047130275,"writing-device":0.16961125616639897}},{"id":"장수맛집","permalink":"","username":"asdfg","text":"배달료를 3천원씩 낼바에 안먹는게 낫겠네요","date":"Mon Dec 10 23:59:44 +0000 2018","retweets":"30","favorites":"20","mentions":[],"hashtags":[],"geo":"","raw":"배달료를 3천원씩 낼바에 안먹는게 낫겠네요","polarity":{"com":0.006369426714285713,"pos":0.5306047455714286,"neg":0.26503552185714285,"neut":0.046204591571428574,"none":0.15178571428571427},"intensity":{"high":0.11045443414285715,"low":0.06811261985714286,"meium":0.6696472317142856,"none":0.15178571428571427},"expressive":{"dir-action":0.0018198362851943328,"dir-explicit":0.2700138237799961,"dir-speech":0.3318970041908866,"indirect":0.23464513193295855,"writing-device":0.16162420381096454}},{"id":"장수맛집","permalink":"","username":"asdfg","text":"맛있어요......","date":"Mon Dec 10 23:59:44 +0000 2018","retweets":"30","favorites":"20","mentions":[],"hashtags":[],"geo":"","raw":"맛있어요......","polarity":{"com":0,"pos":0,"neg":1,"neut":0,"none":0},"intensity":{"high":0,"low":0,"meium":1,"none":0},"expressive":{"dir-action":0,"dir-explicit":0,"dir-speech":1,"indirect":0,"writing-device":0}},{"id":"장수맛집","permalink":"","username":"asdfg","text":"갈비찜 괜찮아요 가족 3명이서 잘 먹었네요\n밑반찬이 저희 입맛에 안맞는거 빼곤 좋아요","date":"Mon Dec 10 23:59:44 +0000 2018","retweets":"30","favorites":"20","mentions":[],"hashtags":[],"geo":"","raw":"갈비찜 괜찮아요 가족 3명이서 잘 먹었네요\n밑반찬이 저희 입맛에 안맞는거 빼곤 좋아요","polarity":{"com":0.008810572572687225,"pos":0.47824597692546367,"neg":0.4425489974917927,"neut":0.053234289293319186,"none":0.01716016371673717},"intensity":{"high":0.1319933920377124,"low":0.07408612773545319,"meium":0.775501663364429,"none":0.018418816862405377},"expressive":{"dir-action":0.0012586531432167579,"dir-explicit":0.36142564953183587,"dir-speech":0.33611772909603366,"indirect":0.20242200848640626,"writing-device":0.09877595974250743}},{"id":"장수맛집","permalink":"","username":"asdfg","text":"맛이 괜찮고 배달도 빨라요","date":"Mon Dec 10 23:59:44 +0000 2018","retweets":"30","favorites":"20","mentions":[],"hashtags":[],"geo":"","raw":"맛이 괜찮고 배달도 빨라요","polarity":{"com":0,"pos":1,"neg":0,"neut":0,"none":0},"intensity":{"high":0,"low":0,"meium":1,"none":0},"expressive":{"dir-action":0,"dir-explicit":0,"dir-speech":1,"indirect":0,"writing-device":0}},{"id":"장수맛집","permalink":"","username":"asdfg","text":"갈치조림이랑 낙지덮밥 맛있게 먹었습니다. 낙지덮밥은 많이 맵네요 참고하세요","date":"Mon Dec 10 23:59:44 +0000 2018","retweets":"30","favorites":"20","mentions":[],"hashtags":[],"geo":"","raw":"갈치조림이랑 낙지덮밥 맛있게 먹었습니다. 낙지덮밥은 많이 맵네요 참고하세요","polarity":{"com":0.004778719400000002,"pos":0.38785310720000005,"neg":0.46741996240000006,"neut":0.009557438800000002,"none":0.1303907722},"intensity":{"high":0.0550612052,"low":0.07711864399999999,"meium":0.7374293786,"none":0.1303907722},"expressive":{"dir-action":0,"dir-explicit":0.1209039548,"dir-speech":0.6951977402,"indirect":0.043785310599999995,"writing-device":0.1401129944}},{"id":"장수맛집","permalink":"","username":"asdfg","text":"배달55분걸린다더니 한시간도 더걸리고 \n맛도없고 심지어 주문한거까지 제대로 안옴 진찌별로네요","date":"Mon Dec 10 23:59:44 +0000 2018","retweets":"30","favorites":"20","mentions":[],"hashtags":[],"geo":"","raw":"배달55분걸린다더니 한시간도 더걸리고 \n맛도없고 심지어 주문한거까지 제대로 안옴 진찌별로네요","polarity":{"com":0.0038666590769230766,"pos":0.3365526876923077,"neg":0.5010682076923078,"neut":0.015490782615384616,"none":0.14302166292307691},"intensity":{"high":0.036771418917419786,"low":0.026127168688288124,"meium":0.7922833241858026,"none":0.14481808820848951},"expressive":{"dir-action":0.0013804512309816077,"dir-explicit":0.24887814111521206,"dir-speech":0.3273340250503591,"indirect":0.2360311833440048,"writing-device":0.1863761992594425}},{"id":"장수맛집","permalink":"","username":"asdfg","text":"맛잇어요 다음에 또 시킬게요ㅛ","date":"Mon Dec 10 23:59:44 +0000 2018","retweets":"30","favorites":"20","mentions":[],"hashtags":[],"geo":"","raw":"맛잇어요 다음에 또 시킬게요ㅛ","polarity":{"com":0,"pos":0.38095238087301586,"neg":0.47619047617460314,"neut":0,"none":0.14285714295238094},"intensity":{"high":0,"low":0,"meium":0.857142857,"none":0.142857143},"expressive":{"dir-action":0,"dir-explicit":0.047619047666666664,"dir-speech":0.761904762,"indirect":0,"writing-device":0.19047619033333332}},{"id":"장수맛집","permalink":"","username":"asdfg","text":"맛있게잘먹었습니다~!!","date":"Mon Dec 10 23:59:44 +0000 2018","retweets":"30","favorites":"20","mentions":[],"hashtags":[],"geo":"","raw":"맛있게잘먹었습니다~!!","polarity":{"com":0,"pos":0.35714285717857136,"neg":0.6071428573035714,"neut":0.03571428551785714,"none":0},"intensity":{"high":0,"low":0.107142857,"meium":0.8928571430000001,"none":0},"expressive":{"dir-action":0,"dir-explicit":0.107142857,"dir-speech":0.5714285715,"indirect":0.3214285715,"writing-device":0}},{"id":"장수맛집","permalink":"","username":"asdfg","text":"한식이 구미가 당길 때 배달시키면 만족할 맛 그리고 부족하지 않은 양, 그러나 조금 저렴하지 않은 편이라 자주 찾지는 않고, 밥집이 굉장히 그리울 때 다시 찾을 것 같습니다.\n\n갈치구이는 단순해 보이지만 상당히 까다로운 메뉴인데(걸핏하면 굉장히 역한 비린내가 남) 이 집은 전혀 비리지가 않았습니다.","date":"Mon Dec 10 23:59:44 +0000 2018","retweets":"30","favorites":"20","mentions":[],"hashtags":[],"geo":"","raw":"한식이 구미가 당길 때 배달시키면 만족할 맛 그리고 부족하지 않은 양, 그러나 조금 저렴하지 않은 편이라 자주 찾지는 않고, 밥집이 굉장히 그리울 때 다시 찾을 것 같습니다.\n\n갈치구이는 단순해 보이지만 상당히 까다로운 메뉴인데(걸핏하면 굉장히 역한 비린내가 남) 이 집은 전혀 비리지가 않았습니다.","polarity":{"com":0.006293960538219464,"pos":0.40035669817690944,"neg":0.46283610059758323,"neut":0.09364126291947535,"none":0.03687197776781262},"intensity":{"high":0.14132398289548645,"low":0.2131951183625535,"meium":0.6073850264697989,"none":0.03809587227216122},"expressive":{"dir-action":0.0028392593847245866,"dir-explicit":0.36474443386018246,"dir-speech":0.34188036932084154,"indirect":0.24161905774006226,"writing-device":0.04891687969418911}},{"id":"장수맛집","permalink":"","username":"asdfg","text":"얼큰하니 맛있게먹었어용","date":"Mon Dec 10 23:59:44 +0000 2018","retweets":"30","favorites":"20","mentions":[],"hashtags":[],"geo":"","raw":"얼큰하니 맛있게먹었어용","polarity":{"com":0.008008007999999999,"pos":0.3153153153333333,"neg":0.6576576576666666,"neut":0.011011011,"none":0.008008007999999999},"intensity":{"high":0.075075075,"low":0.10210210199999999,"meium":0.813813814,"none":0.009009009},"expressive":{"dir-action":0.0010010010000000003,"dir-explicit":0.17817817800000002,"dir-speech":0.6226226226666667,"indirect":0.18918918933333334,"writing-device":0.009009009}},{"id":"장수맛집","permalink":"","username":"asdfg","text":"너무기름지고맵습니다","date":"Mon Dec 10 23:59:44 +0000 2018","retweets":"30","favorites":"20","mentions":[],"hashtags":[],"geo":"","raw":"너무기름지고맵습니다","polarity":{"com":0.142857143,"pos":0.142857143,"neg":0.714285714,"neut":0,"none":0},"intensity":{"high":0.142857143,"low":0.142857143,"meium":0.714285714,"none":0},"expressive":{"dir-action":0,"dir-explicit":0.5714285710000001,"dir-speech":0.28571428600000004,"indirect":0.14285714300000002,"writing-device":0}},{"id":"장수맛집","permalink":"","username":"asdfg","text":"진짜 매콤해서 맛있어여!!!!!매운거 못드시는분은 힘드실수도 ㅋㅋ","date":"Mon Dec 10 23:59:44 +0000 2018","retweets":"30","favorites":"20","mentions":[],"hashtags":[],"geo":"","raw":"진짜 매콤해서 맛있어여!!!!!매운거 못드시는분은 힘드실수도 ㅋㅋ","polarity":{"com":0.0048048048,"pos":0.2975225226,"neg":0.5362612612,"neut":0.0066066066,"none":0.1548048048},"intensity":{"high":0.022822822799999993,"low":0.0168168168,"meium":0.804954955,"none":0.15540540539999997},"expressive":{"dir-action":0.0006006006000000001,"dir-explicit":0.13746246239999999,"dir-speech":0.44301801799999996,"indirect":0.1635135136,"writing-device":0.2554054054}},{"id":"장수맛집","permalink":"","username":"asdfg","text":"배달음식 먹은것중 최악 이네요.\n아구찜에 아구뼈만 세덩어리있고.\n왠 오징어~~!! 너무 돈아깝네요.\n라면끓여 먹을껄.ㅜㅜ","date":"Mon Dec 10 23:59:44 +0000 2018","retweets":"30","favorites":"20","mentions":[],"hashtags":[],"geo":"","raw":"배달음식 먹은것중 최악 이네요.\n아구찜에 아구뼈만 세덩어리있고.\n왠 오징어~~!! 너무 돈아깝네요.\n라면끓여 먹을껄.ㅜㅜ","polarity":{"com":0.018954248401895423,"pos":0.277939380827794,"neg":0.541269841354127,"neut":0.053961071505396106,"none":0.10787545791078756},"intensity":{"high":0.2658586511265859,"low":0.09663147300966314,"meium":0.5296344179529635,"none":0.10787545791078756},"expressive":{"dir-action":0,"dir-explicit":0.18474825830000002,"dir-speech":0.463362781,"indirect":0.2422358688,"writing-device":0.10965309190000001}},{"id":"장수맛집","permalink":"","username":"asdfg","text":"굳!!!!!!11111","date":"Mon Dec 10 23:59:44 +0000 2018","retweets":"30","favorites":"20","mentions":[],"hashtags":[],"geo":"","raw":"굳!!!!!!11111","polarity":{"com":0,"pos":1,"neg":0,"neut":0,"none":0},"intensity":{"high":0,"low":1,"meium":0,"none":0},"expressive":{"dir-action":0,"dir-explicit":1,"dir-speech":0,"indirect":0,"writing-device":0}},{"id":"장수맛집","permalink":"","username":"asdfg","text":"진짜.. 맛없어요... 돼지냄새너무많이나고 질겨서 거의다안먹엇어요","date":"Mon Dec 10 23:59:44 +0000 2018","retweets":"30","favorites":"20","mentions":[],"hashtags":[],"geo":"","raw":"진짜.. 맛없어요... 돼지냄새너무많이나고 질겨서 거의다안먹엇어요","polarity":{"com":0,"pos":0.375,"neg":0.47222222225,"neut":0.02777777775,"none":0.125},"intensity":{"high":0.29166666675,"low":0.13888888900000002,"meium":0.48611111100000004,"none":0.08333333325000002},"expressive":{"dir-action":0,"dir-explicit":0.22222222225,"dir-speech":0.38888888899999996,"indirect":0.3055555555,"writing-device":0.08333333325}},{"id":"장수맛집","permalink":"","username":"asdfg","text":"오삼은맛있는데 설렁탕이 조금부실하네요ㅎㅎ 그래도잘먹었습니다","date":"Mon Dec 10 23:59:44 +0000 2018","retweets":"30","favorites":"20","mentions":[],"hashtags":[],"geo":"","raw":"오삼은맛있는데 설렁탕이 조금부실하네요ㅎㅎ 그래도잘먹었습니다","polarity":{"com":0.007709251001927313,"pos":0.28650094407162524,"neg":0.6637035871659259,"neut":0.03988357450997089,"none":0.0022026432505506607},"intensity":{"high":0.026431718006607926,"low":0.08661107602165276,"meium":0.8836532412209132,"none":0.0033039647508259907},"expressive":{"dir-action":0.0011013215002753302,"dir-explicit":0.15709565753927388,"dir-speech":0.3760226558440057,"indirect":0.4624764003656191,"writing-device":0.0033039647508259907}},{"id":"장수맛집","permalink":"","username":"asdfg","text":"너무 매워여 엽떡 중간맛보다 매운거 같아요 먹기 힘드네요. 콩나물해장국은 그냥 김치콩나물국 같네요 근데 국도 매워여 엄청","date":"Mon Dec 10 23:59:44 +0000 2018","retweets":"30","favorites":"20","mentions":[],"hashtags":[],"geo":"","raw":"너무 매워여 엽떡 중간맛보다 매운거 같아요 먹기 힘드네요. 콩나물해장국은 그냥 김치콩나물국 같네요 근데 국도 매워여 엄청","polarity":{"com":0.018549905888888888,"pos":0.3927226256666667,"neg":0.48357546411111113,"neut":0.021226795777777776,"none":0.08392520855555556},"intensity":{"high":0.06597315634066368,"low":0.12388425545820936,"meium":0.7262173796362463,"none":0.08392520856488057},"expressive":{"dir-action":0,"dir-explicit":0.19847397842239176,"dir-speech":0.5350745822738805,"indirect":0.06691776521478691,"writing-device":0.19953367408894068}},{"id":"장수맛집","permalink":"","username":"asdfg","text":"맛은있는데 가격대비 양이너무 작아요 ㅜㅜ","date":"Mon Dec 10 23:59:44 +0000 2018","retweets":"30","favorites":"20","mentions":[],"hashtags":[],"geo":"","raw":"맛은있는데 가격대비 양이너무 작아요 ㅜㅜ","polarity":{"com":0.002232142749999999,"pos":0.5848214285,"neg":0.29017857150000004,"neut":0.0089285715,"none":0.11383928575},"intensity":{"high":0.011160714250000002,"low":0.013392857250000001,"meium":0.86160714275,"none":0.11383928575},"expressive":{"dir-action":0,"dir-explicit":0.04910714275,"dir-speech":0.55133928575,"indirect":0.28571428575,"writing-device":0.11383928575}},{"id":"장수맛집","permalink":"","username":"asdfg","text":"상추쌈 강츄에요 제육이랑 잘 어울림","date":"Mon Dec 10 23:59:44 +0000 2018","retweets":"30","favorites":"20","mentions":[],"hashtags":[],"geo":"","raw":"상추쌈 강츄에요 제육이랑 잘 어울림","polarity":{"com":0.04545454552272727,"pos":0.6525974028262987,"neg":0.24350649362175322,"neut":0.035714285517857144,"none":0.022727272511363635},"intensity":{"high":0.022727272511363635,"low":0.17532467508766233,"meium":0.7792207798896105,"none":0.022727272511363635},"expressive":{"dir-action":0,"dir-explicit":0.2435064935,"dir-speech":0.11688311700000001,"indirect":0.6168831170000001,"writing-device":0.022727272500000003}},{"id":"장수맛집","permalink":"","username":"asdfg","text":"청국장에 콩도 푸짐하고 너무 맛있어요","date":"Mon Dec 10 23:59:44 +0000 2018","retweets":"30","favorites":"20","mentions":[],"hashtags":[],"geo":"","raw":"청국장에 콩도 푸짐하고 너무 맛있어요","polarity":{"com":0.05562705566666667,"pos":0.251823252,"neg":0.34019734,"neut":0.34434434433333333,"none":0.008008008},"intensity":{"high":0.08565708566666667,"low":0.40898040900000004,"meium":0.4963534963333333,"none":0.009009009},"expressive":{"dir-action":0.0010010010000000003,"dir-explicit":0.2945802943333334,"dir-speech":0.4586014586666667,"indirect":0.236808237,"writing-device":0.009009009}},{"id":"장수맛집","permalink":"","username":"asdfg","text":"미역푸짐해서 넘 져아요","date":"Mon Dec 10 23:59:44 +0000 2018","retweets":"30","favorites":"20","mentions":[],"hashtags":[],"geo":"","raw":"미역푸짐해서 넘 져아요","polarity":{"com":0.012012012,"pos":0.3063063065,"neg":0.653153153,"neut":0.0165165165,"none":0.012012012},"intensity":{"high":0.057057057,"low":0.042042042,"meium":0.8873873875,"none":0.0135135135},"expressive":{"dir-action":0.0015015015000000005,"dir-explicit":0.6561561560000001,"dir-speech":0.045045045000000006,"indirect":0.28378378400000004,"writing-device":0.013513513500000003}},{"id":"장수맛집","permalink":"","username":"asdfg","text":"치즈스틱양빼곤 다 좋아요","date":"Mon Dec 10 23:59:44 +0000 2018","retweets":"30","favorites":"20","mentions":[],"hashtags":[],"geo":"","raw":"치즈스틱양빼곤 다 좋아요","polarity":{"com":0,"pos":0.857142857,"neg":0,"neut":0,"none":0.14285714300000002},"intensity":{"high":0.3095238093452381,"low":0,"meium":0.5476190477261905,"none":0.1428571429285714},"expressive":{"dir-action":0,"dir-explicit":0.21428571439285712,"dir-speech":0.1428571429285714,"indirect":0.49999999975,"writing-device":0.1428571429285714}},{"id":"장수맛집","permalink":"","username":"asdfg","text":"황태국이 맛있네요\n따뜻하고 속 든든하게 풀었어요","date":"Mon Dec 10 23:59:44 +0000 2018","retweets":"30","favorites":"20","mentions":[],"hashtags":[],"geo":"","raw":"황태국이 맛있네요\n따뜻하고 속 든든하게 풀었어요","polarity":{"com":0.029154023794169197,"pos":0.6815934076636813,"neg":0.24027607895194478,"neut":0.04240957019151809,"none":0.006566919398686616},"intensity":{"high":0.06215001541243001,"low":0.06143035301228607,"meium":0.8683710543736742,"none":0.008048577201609715},"expressive":{"dir-action":0.05148165781029634,"dir-explicit":0.1816454820363291,"dir-speech":0.22662835044532567,"indirect":0.5321959325064392,"writing-device":0.008048577201609715}},{"id":"장수맛집","permalink":"","username":"asdfg","text":"꽁치조림 진짜 지렸음 너무 맛있어요 최고!","date":"Mon Dec 10 23:59:44 +0000 2018","retweets":"30","favorites":"20","mentions":[],"hashtags":[],"geo":"","raw":"꽁치조림 진짜 지렸음 너무 맛있어요 최고!","polarity":{"com":0,"pos":0.462962963,"neg":0.537037037,"neut":0,"none":0},"intensity":{"high":0.2592592593333333,"low":0,"meium":0.7407407406666667,"none":0},"expressive":{"dir-action":0,"dir-explicit":0,"dir-speech":0.5,"indirect":0.5,"writing-device":0}},{"id":"장수맛집","permalink":"","username":"asdfg","text":"맛있는데 맵게 해달라고 부탁드렸다 큰일날뻔 했어요. 정말 맛있고 밥이랑 먹음 충분하더라구요!","date":"Mon Dec 10 23:59:44 +0000 2018","retweets":"30","favorites":"20","mentions":[],"hashtags":[],"geo":"","raw":"맛있는데 맵게 해달라고 부탁드렸다 큰일날뻔 했어요. 정말 맛있고 밥이랑 먹음 충분하더라구요!","polarity":{"com":0.0032840722857142854,"pos":0.318144499,"neg":0.5673234812857143,"neut":0.01970443342857143,"none":0.091543514},"intensity":{"high":0.12014230982281651,"low":0.13929939796020016,"meium":0.5743021345501994,"none":0.16625615766678398},"expressive":{"dir-action":0.0032840722866525917,"dir-explicit":0.3634373289609821,"dir-speech":0.47933771213695353,"indirect":0.052545156015012896,"writing-device":0.10139573060039878}},{"id":"장수맛집","permalink":"","username":"asdfg","text":"잘먹었어요.....","date":"Mon Dec 10 23:59:44 +0000 2018","retweets":"30","favorites":"20","mentions":[],"hashtags":[],"geo":"","raw":"잘먹었어요.....","polarity":{"com":0,"pos":0.7142857147142857,"neg":0.21428571421428572,"neut":0.07142857107142857,"none":0},"intensity":{"high":0,"low":0.214285714,"meium":0.785714286,"none":0},"expressive":{"dir-action":0,"dir-explicit":0.214285714,"dir-speech":0.142857143,"indirect":0.642857143,"writing-device":0}},{"id":"장수맛집","permalink":"","username":"asdfg","text":"맛은 정말 괜찮았는데 배달시간이 너무 오래걸려요ㅜㅠ미리 시켜놓고 편히 기다려야겠어요","date":"Mon Dec 10 23:59:44 +0000 2018","retweets":"30","favorites":"20","mentions":[],"hashtags":[],"geo":"","raw":"맛은 정말 괜찮았는데 배달시간이 너무 오래걸려요ㅜㅠ미리 시켜놓고 편히 기다려야겠어요","polarity":{"com":0,"pos":0.55,"neg":0.4,"neut":0,"none":0.05},"intensity":{"high":0.1,"low":0,"meium":0.85,"none":0.05},"expressive":{"dir-action":0,"dir-explicit":0.1,"dir-speech":0.65,"indirect":0.2,"writing-device":0.05}},{"id":"장수맛집","permalink":"","username":"asdfg","text":"맛있어요~~하지만 메인은 괜찮은데 밑반찬이 너무 부실해요ㅠㅠ","date":"Mon Dec 10 23:59:44 +0000 2018","retweets":"30","favorites":"20","mentions":[],"hashtags":[],"geo":"","raw":"맛있어요~~하지만 메인은 괜찮은데 밑반찬이 너무 부실해요ㅠㅠ","polarity":{"com":0.009075998,"pos":0.21801530875000003,"neg":0.7280025515,"neut":0.02944231825,"none":0.0154638235},"intensity":{"high":0.060369965265092494,"low":0.06293056301573265,"meium":0.8606980137151746,"none":0.016001458004000366},"expressive":{"dir-action":0.00161290325,"dir-explicit":0.146291234,"dir-speech":0.7134864225,"indirect":0.12314561675,"writing-device":0.015463823500000001}},{"id":"장수맛집","permalink":"","username":"asdfg","text":"매콤하구공기가치나옴 맛나여","date":"Mon Dec 10 23:59:44 +0000 2018","retweets":"30","favorites":"20","mentions":[],"hashtags":[],"geo":"","raw":"매콤하구공기가치나옴 맛나여","polarity":{"com":0.02386314875,"pos":0.77815315325,"neg":0.18371943375,"neut":0.00825825825,"none":0.006006006},"intensity":{"high":0.0285285285,"low":0.05673530675,"meium":0.907979408,"none":0.00675675675},"expressive":{"dir-action":0.018607893504651977,"dir-explicit":0.14950664953737666,"dir-speech":0.665379665416345,"indirect":0.15974903478993727,"writing-device":0.00675675675168919}},{"id":"장수맛집","permalink":"","username":"asdfg","text":"시키고 정확히 두시간만에 받아먹었네요\n첨에 80분떠서 취소할까하다가 시켰는데 결국 120분되서 먹었어요 너므 배고고파 맛은 모르겠네요","date":"Mon Dec 10 23:59:44 +0000 2018","retweets":"30","favorites":"20","mentions":[],"hashtags":[],"geo":"","raw":"시키고 정확히 두시간만에 받아먹었네요\n첨에 80분떠서 취소할까하다가 시켰는데 결국 120분되서 먹었어요 너므 배고고파 맛은 모르겠네요","polarity":{"com":0.08218069938461539,"pos":0.302421392,"neg":0.5070553056923077,"neut":0.029622657692307694,"none":0.07871994523076922},"intensity":{"high":0.10554256798376266,"low":0.12225052321196143,"meium":0.6914758258166961,"none":0.0807310829875798},"expressive":{"dir-action":0.0013804512308754192,"dir-explicit":0.2734348876364181,"dir-speech":0.32391243971722405,"indirect":0.3198997563323,"writing-device":0.0813724650831825}},{"id":"장수맛집","permalink":"","username":"asdfg","text":"매운거좋아하시는분이라면 입맛에 맞을겁니다!","date":"Mon Dec 10 23:59:44 +0000 2018","retweets":"30","favorites":"20","mentions":[],"hashtags":[],"geo":"","raw":"매운거좋아하시는분이라면 입맛에 맞을겁니다!","polarity":{"com":0.00446428575,"pos":0.34424603174999996,"neg":0.45486111099999993,"neut":0.0089285715,"none":0.1875},"intensity":{"high":0.06001984123499504,"low":0.013392857246651785,"meium":0.7390873015652281,"none":0.187499999953125},"expressive":{"dir-action":0,"dir-explicit":0.21924603175,"dir-speech":0.30902777775,"indirect":0.150297619,"writing-device":0.3214285715}},{"id":"장수맛집","permalink":"","username":"asdfg","text":"맛없다 ..게가 오래됐나봐요 ...","date":"Mon Dec 10 23:59:44 +0000 2018","retweets":"30","favorites":"20","mentions":[],"hashtags":[],"geo":"","raw":"맛없다 ..게가 오래됐나봐요 ...","polarity":{"com":0.020833333479166667,"pos":0.400641025599359,"neg":0.4391025640608975,"neut":0.11858974338141029,"none":0.020833333479166667},"intensity":{"high":0.121794872,"low":0.157051282,"meium":0.7003205125,"none":0.0208333335},"expressive":{"dir-action":0,"dir-explicit":0.3205128206602564,"dir-speech":0.5753205127876603,"indirect":0.06250000003125,"writing-device":0.041666666520833326}},{"id":"장수맛집","permalink":"","username":"asdfg","text":"잘먹었습니다","date":"Mon Dec 10 23:59:44 +0000 2018","retweets":"30","favorites":"20","mentions":[],"hashtags":[],"geo":"","raw":"잘먹었습니다","polarity":{"com":0,"pos":0.7142857147142857,"neg":0.21428571421428572,"neut":0.07142857107142857,"none":0},"intensity":{"high":0,"low":0.214285714,"meium":0.785714286,"none":0},"expressive":{"dir-action":0,"dir-explicit":0.214285714,"dir-speech":0.142857143,"indirect":0.642857143,"writing-device":0}},{"id":"장수맛집","permalink":"","username":"asdfg","text":"맛있었어요! 돈가스 양이 살짝적은거말고는 양호!","date":"Mon Dec 10 23:59:44 +0000 2018","retweets":"30","favorites":"20","mentions":[],"hashtags":[],"geo":"","raw":"맛있었어요! 돈가스 양이 살짝적은거말고는 양호!","polarity":{"com":0,"pos":0.148148148,"neg":0.8518518519999999,"neut":0,"none":0},"intensity":{"high":0.074074074,"low":0,"meium":0.925925926,"none":0},"expressive":{"dir-action":0,"dir-explicit":0.148148148,"dir-speech":0.5,"indirect":0.1851851853333333,"writing-device":0.16666666666666666}},{"id":"장수맛집","permalink":"","username":"asdfg","text":"맛있게 잘 먹었습니다!","date":"Mon Dec 10 23:59:44 +0000 2018","retweets":"30","favorites":"20","mentions":[],"hashtags":[],"geo":"","raw":"맛있게 잘 먹었습니다!","polarity":{"com":0,"pos":0.35714285717857136,"neg":0.6071428573035714,"neut":0.03571428551785714,"none":0},"intensity":{"high":0,"low":0.107142857,"meium":0.8928571430000001,"none":0},"expressive":{"dir-action":0,"dir-explicit":0.107142857,"dir-speech":0.5714285715,"indirect":0.3214285715,"writing-device":0}},{"id":"장수맛집","permalink":"","username":"asdfg","text":"다른 사이드메뉴도 많이만들어주세요~~","date":"Mon Dec 10 23:59:44 +0000 2018","retweets":"30","favorites":"20","mentions":[],"hashtags":[],"geo":"","raw":"다른 사이드메뉴도 많이만들어주세요~~","polarity":{"com":0,"pos":0.6666666668333333,"neg":0.16666666658333332,"neut":0.16666666658333332,"none":0},"intensity":{"high":0.16666666658333332,"low":0.6666666668333333,"meium":0.16666666658333332,"none":0},"expressive":{"dir-action":0,"dir-explicit":0.33333333349999994,"dir-speech":0.5,"indirect":0.1666666665,"writing-device":0}},{"id":"장수맛집","permalink":"","username":"asdfg","text":"맛있습니다!!! 이렇게 자주시켜먹어요","date":"Mon Dec 10 23:59:44 +0000 2018","retweets":"30","favorites":"20","mentions":[],"hashtags":[],"geo":"","raw":"맛있습니다!!! 이렇게 자주시켜먹어요","polarity":{"com":0,"pos":0.19444444425000004,"neg":0.6388888890000001,"neut":0,"none":0.16666666675000003},"intensity":{"high":0.06944444448263888,"low":0.06944444448263888,"meium":0.6944444443263889,"none":0.16666666670833333},"expressive":{"dir-action":0.013888889000000001,"dir-explicit":0.15277777775000004,"dir-speech":0.5000000000000001,"indirect":0.16666666650000003,"writing-device":0.16666666675000003}},{"id":"장수맛집","permalink":"","username":"asdfg","text":"아뉘 너무하는거 아닙니까?\n양심들이 있어요?\n저걸 반찬이라고 던져주고가는거에요?\n아니 자주 시켜먹었는데 공기밥 따로 안된단말이 어딧어요 코다리시킬땐주고\n제육15000원콜라3000원 총18000원데\n머머 제육만 먹다 디지라는거에요?\n반찬이 저게 말이. 됩니까?\n아 진짜 집에 햇반있기에 마련이지 ㅅㅂ 진짜너무하네이집  다시는 안시켜 먹을랍니다\n하 진짜","date":"Mon Dec 10 23:59:44 +0000 2018","retweets":"30","favorites":"20","mentions":[],"hashtags":[],"geo":"","raw":"아뉘 너무하는거 아닙니까?\n양심들이 있어요?\n저걸 반찬이라고 던져주고가는거에요?\n아니 자주 시켜먹었는데 공기밥 따로 안된단말이 어딧어요 코다리시킬땐주고\n제육15000원콜라3000원 총18000원데\n머머 제육만 먹다 디지라는거에요?\n반찬이 저게 말이. 됩니까?\n아 진짜 집에 햇반있기에 마련이지 ㅅㅂ 진짜너무하네이집  다시는 안시켜 먹을랍니다\n하 진짜","polarity":{"com":0.002461033651852909,"pos":0.3299918566091315,"neg":0.5570267167534313,"neut":0.07684419768562901,"none":0.033676195299955275},"intensity":{"high":0.12602255099452073,"low":0.2111676037299492,"meium":0.6291336499726463,"none":0.033676195302883634},"expressive":{"dir-action":0,"dir-explicit":0.18176290942687987,"dir-speech":0.4697086024143605,"indirect":0.2599786049017401,"writing-device":0.08854988325701955}},{"id":"장수맛집","permalink":"","username":"asdfg","text":"배달이 쪼끔 느릴때도있지만 맛나요","date":"Mon Dec 10 23:59:44 +0000 2018","retweets":"30","favorites":"20","mentions":[],"hashtags":[],"geo":"","raw":"배달이 쪼끔 느릴때도있지만 맛나요","polarity":{"com":0,"pos":0.6666666666666666,"neg":0.3333333333333333,"neut":0,"none":0},"intensity":{"high":0,"low":0.3333333333333333,"meium":0.6666666666666666,"none":0},"expressive":{"dir-action":0,"dir-explicit":0,"dir-speech":1,"indirect":0,"writing-device":0}},{"id":"장수맛집","permalink":"","username":"asdfg","text":"청국장으로 잘못시켰는뎈ㅋㅋㅋ너뮤 맛있네요","date":"Mon Dec 10 23:59:44 +0000 2018","retweets":"30","favorites":"20","mentions":[],"hashtags":[],"geo":"","raw":"청국장으로 잘못시켰는뎈ㅋㅋㅋ너뮤 맛있네요","polarity":{"com":0,"pos":0,"neg":1,"neut":0,"none":0},"intensity":{"high":0.25,"low":0,"meium":0.75,"none":0},"expressive":{"dir-action":0,"dir-explicit":0.25,"dir-speech":0.5,"indirect":0.25,"writing-device":0}},{"id":"장수맛집","permalink":"","username":"asdfg","text":"항상 잘 시켜먹어요~","date":"Mon Dec 10 23:59:44 +0000 2018","retweets":"30","favorites":"20","mentions":[],"hashtags":[],"geo":"","raw":"항상 잘 시켜먹어요~","polarity":{"com":0,"pos":0.6666666665000001,"neg":0.3333333335,"neut":0,"none":0},"intensity":{"high":0.0555555555,"low":0.111111111,"meium":0.8333333334999999,"none":0},"expressive":{"dir-action":0,"dir-explicit":0.361111111,"dir-speech":0.638888889,"indirect":0,"writing-device":0}},{"id":"장수맛집","permalink":"","username":"asdfg","text":"맛에 정성이느껴져요퓨","date":"Mon Dec 10 23:59:44 +0000 2018","retweets":"30","favorites":"20","mentions":[],"hashtags":[],"geo":"","raw":"맛에 정성이느껴져요퓨","polarity":{"com":0.015418501999999997,"pos":0.7158590309999999,"neg":0.22026431699999993,"neut":0.04405286349999999,"none":0.004405286499999999},"intensity":{"high":0.05286343602643172,"low":0.06607929503303965,"meium":0.8744493394372247,"none":0.006607929503303965},"expressive":{"dir-action":0.002202643001101321,"dir-explicit":0.2070484581035242,"dir-speech":0.6806167403403084,"indirect":0.1035242290517621,"writing-device":0.006607929503303964}},{"id":"장수맛집","permalink":"","username":"asdfg","text":"맛은그냥쏘쏘 퍽퍽해요고기가 근데배달이나양은굿요!","date":"Mon Dec 10 23:59:44 +0000 2018","retweets":"30","favorites":"20","mentions":[],"hashtags":[],"geo":"","raw":"맛은그냥쏘쏘 퍽퍽해요고기가 근데배달이나양은굿요!","polarity":{"com":0,"pos":0.5,"neg":0.16666666666666666,"neut":0.3333333333333333,"none":0},"intensity":{"high":0,"low":0.16666666666666666,"meium":0.8333333333333334,"none":0},"expressive":{"dir-action":0,"dir-explicit":0,"dir-speech":0.8333333333333334,"indirect":0.16666666666666666,"writing-device":0}},{"id":"장수맛집","permalink":"","username":"asdfg","text":"배달두빠르구맛잇어요","date":"Mon Dec 10 23:59:44 +0000 2018","retweets":"30","favorites":"20","mentions":[],"hashtags":[],"geo":"","raw":"배달두빠르구맛잇어요","polarity":{"com":0,"pos":1,"neg":0,"neut":0,"none":0},"intensity":{"high":0,"low":0.111111111,"meium":0.888888889,"none":0},"expressive":{"dir-action":0,"dir-explicit":0,"dir-speech":0.6666666666666666,"indirect":0.3333333333333333,"writing-device":0}},{"id":"장수맛집","permalink":"","username":"asdfg","text":"자주 시켜먹었는데...\n\n최악이네요.\n\n15,000원짜리 오징어볶음에 오징어가.\n5,000원짜리 계란찜이 탕도 아니고 이게... 뭐 이런 ㅡ.ㅡ... \n\n이게 말이 되나요?? 어이가 없네요","date":"Mon Dec 10 23:59:44 +0000 2018","retweets":"30","favorites":"20","mentions":[],"hashtags":[],"geo":"","raw":"자주 시켜먹었는데...\n\n최악이네요.\n\n15,000원짜리 오징어볶음에 오징어가.................\n5,000원짜리 계란찜이 탕도 아니고 이게... 뭐 이런 ㅡ.ㅡ... \n\n이게 말이 되나요?? 어이가 없네요","polarity":{"com":0.008099840075053884,"pos":0.2818642524734159,"neg":0.635007220930383,"neut":0.03303608922314551,"none":0.041992597298001706},"intensity":{"high":0.3000471588999964,"low":0.17951085152465304,"meium":0.4774237108863521,"none":0.0430182786889986},"expressive":{"dir-action":0.00033886815379402025,"dir-explicit":0.1624844212057716,"dir-speech":0.496041639000609,"indirect":0.29590084856986143,"writing-device":0.04523422306996396}},{"id":"장수맛집","permalink":"","username":"asdfg","text":"맛있어요 자주 시켜먹어요","date":"Mon Dec 10 23:59:44 +0000 2018","retweets":"30","favorites":"20","mentions":[],"hashtags":[],"geo":"","raw":"맛있어요 자주 시켜먹어요","polarity":{"com":0,"pos":0.1666666665,"neg":0.8333333334999999,"neut":0,"none":0},"intensity":{"high":0.0555555555,"low":0.111111111,"meium":0.8333333334999999,"none":0},"expressive":{"dir-action":0,"dir-explicit":0.111111111,"dir-speech":0.888888889,"indirect":0,"writing-device":0}},{"id":"장수맛집","permalink":"","username":"asdfg","text":"맛있어요 자주 시켜먹어요","date":"Mon Dec 10 23:59:44 +0000 2018","retweets":"30","favorites":"20","mentions":[],"hashtags":[],"geo":"","raw":"맛있어요 자주 시켜먹어요","polarity":{"com":0,"pos":0.1666666665,"neg":0.8333333334999999,"neut":0,"none":0},"intensity":{"high":0.0555555555,"low":0.111111111,"meium":0.8333333334999999,"none":0},"expressive":{"dir-action":0,"dir-explicit":0.111111111,"dir-speech":0.888888889,"indirect":0,"writing-device":0}},{"id":"장수맛집","permalink":"","username":"asdfg","text":"맛있어요 자주 시켜먹어요","date":"Mon Dec 10 23:59:44 +0000 2018","retweets":"30","favorites":"20","mentions":[],"hashtags":[],"geo":"","raw":"맛있어요 자주 시켜먹어요","polarity":{"com":0,"pos":0.1666666665,"neg":0.8333333334999999,"neut":0,"none":0},"intensity":{"high":0.0555555555,"low":0.111111111,"meium":0.8333333334999999,"none":0},"expressive":{"dir-action":0,"dir-explicit":0.111111111,"dir-speech":0.888888889,"indirect":0,"writing-device":0}},{"id":"장수맛집","permalink":"","username":"asdfg","text":"맛있어요 자주 시켜먹어요","date":"Mon Dec 10 23:59:44 +0000 2018","retweets":"30","favorites":"20","mentions":[],"hashtags":[],"geo":"","raw":"맛있어요 자주 시켜먹어요","polarity":{"com":0,"pos":0.1666666665,"neg":0.8333333334999999,"neut":0,"none":0},"intensity":{"high":0.0555555555,"low":0.111111111,"meium":0.8333333334999999,"none":0},"expressive":{"dir-action":0,"dir-explicit":0.111111111,"dir-speech":0.888888889,"indirect":0,"writing-device":0}},{"id":"장수맛집","permalink":"","username":"asdfg","text":"예상시간보다 훨씬 빨리와서 좋았구 덜맵게부탁드렸는데 전보다 돌 매운거같아서 잘 먹었어요 감사해요","date":"Mon Dec 10 23:59:44 +0000 2018","retweets":"30","favorites":"20","mentions":[],"hashtags":[],"geo":"","raw":"예상시간보다 훨씬 빨리와서 좋았구 덜맵게부탁드렸는데 전보다 돌 매운거같아서 잘 먹었어요 감사해요","polarity":{"com":0,"pos":0.4778835979419871,"neg":0.3430687830381188,"neut":0.17460317457495592,"none":0.004444444444938272},"intensity":{"high":0.22283950622222223,"low":0.15171075833333336,"meium":0.621005291,"none":0.0044444444444444444},"expressive":{"dir-action":0,"dir-explicit":0.26022927688888886,"dir-speech":0.42698412700000005,"indirect":0.19723104055555554,"writing-device":0.11555555555555556}},{"id":"장수맛집","permalink":"","username":"asdfg","text":"황태해장국은 맛있는데 낙지는 너무 매워요~\n최소주문가격에 배달비까지 따로있어서 ㅜㅜ 가성비가 그리 좋진 않네요","date":"Mon Dec 10 23:59:44 +0000 2018","retweets":"30","favorites":"20","mentions":[],"hashtags":[],"geo":"","raw":"황태해장국은 맛있는데 낙지는 너무 매워요~\n최소주문가격에 배달비까지 따로있어서 ㅜㅜ 가성비가 그리 좋진 않네요","polarity":{"com":0.002875302667305623,"pos":0.41041943509120427,"neg":0.3797475019732773,"neut":0.04910077367757795,"none":0.15785698659063488},"intensity":{"high":0.04856695145523709,"low":0.09918087246648463,"meium":0.6893446844865211,"none":0.16290749159175721},"expressive":{"dir-action":0,"dir-explicit":0.09733160234414795,"dir-speech":0.4502842183833649,"indirect":0.28594935080955,"writing-device":0.1664348284629372}},{"id":"장수맛집","permalink":"","username":"asdfg","text":"맛잇어용 자주 애용할게요","date":"Mon Dec 10 23:59:44 +0000 2018","retweets":"30","favorites":"20","mentions":[],"hashtags":[],"geo":"","raw":"맛잇어용 자주 애용할게요","polarity":{"com":0.006451612999999998,"pos":0.8387096773333333,"neg":0.117562724,"neut":0.02795698933333333,"none":0.009318996333333333},"intensity":{"high":0.046594982,"low":0.3720430106666666,"meium":0.571326165,"none":0.010035842333333333},"expressive":{"dir-action":0.0021505376666666664,"dir-explicit":0.10465949833333332,"dir-speech":0.764874552,"indirect":0.11899641566666665,"writing-device":0.009318996333333333}},{"id":"장수맛집","permalink":"","username":"asdfg","text":"맛괜찮고 다 좋은데 사장님 센스 없어서 별 4개 ㅋㅋㅋ\n메뉴2개 시켜서 수저 2개.. 밥 3개나 시컀는디 ㅠ","date":"Mon Dec 10 23:59:44 +0000 2018","retweets":"30","favorites":"20","mentions":[],"hashtags":[],"geo":"","raw":"맛괜찮고 다 좋은데 사장님 센스 없어서 별 4개 ㅋㅋㅋ\n메뉴2개 시켜서 수저 2개.. 밥 3개나 시컀는디 ㅠ","polarity":{"com":0,"pos":0.6857142857142857,"neg":0.19183673471428572,"neut":0,"none":0.12244897957142856},"intensity":{"high":0.08979591841574343,"low":0.09999999998571428,"meium":0.616326530626239,"none":0.1938775509723032},"expressive":{"dir-action":0,"dir-explicit":0.23877551025160348,"dir-speech":0.2836734693880466,"indirect":0.35510204080641405,"writing-device":0.12244897955393584}},{"id":"장수맛집","permalink":"","username":"asdfg","text":"다담백하고 맛잇어요","date":"Mon Dec 10 23:59:44 +0000 2018","retweets":"30","favorites":"20","mentions":[],"hashtags":[],"geo":"","raw":"다담백하고 맛잇어요","polarity":{"com":0.008008008,"pos":0.7756327756666667,"neg":0.10210210199999999,"neut":0.011011011000000001,"none":0.10324610333333333},"intensity":{"high":0.13327613328890794,"low":0.028028027990657324,"meium":0.7344487344218503,"none":0.10424710429858429},"expressive":{"dir-action":0.001001000999666333,"dir-explicit":0.24696124691767957,"dir-speech":0.4586014585137995,"indirect":0.18918918927027026,"writing-device":0.10424710429858429}},{"id":"장수맛집","permalink":"","username":"asdfg","text":"카레덮밥 꿀맛이에여ㅎ","date":"Mon Dec 10 23:59:44 +0000 2018","retweets":"30","favorites":"20","mentions":[],"hashtags":[],"geo":"","raw":"카레덮밥 꿀맛이에여ㅎ","polarity":{"com":0.022875817,"pos":0.385620915,"neg":0.277777778,"neut":0.091503268,"none":0.222222222},"intensity":{"high":0.12745098012745096,"low":0.08169934608169935,"meium":0.5686274515686275,"none":0.2222222222222222},"expressive":{"dir-action":0,"dir-explicit":0.418300654,"dir-speech":0.202614379,"indirect":0.137254902,"writing-device":0.241830065}},{"id":"장수맛집","permalink":"","username":"asdfg","text":"차돌된장찌개에 차돌이 정말 별로없네요","date":"Mon Dec 10 23:59:44 +0000 2018","retweets":"30","favorites":"20","mentions":[],"hashtags":[],"geo":"","raw":"차돌된장찌개에 차돌이 정말 별로없네요","polarity":{"com":0.015418502,"pos":0.215859031,"neg":0.470264317,"neut":0.0440528635,"none":0.2544052865},"intensity":{"high":0.05286343602643172,"low":0.06607929503303965,"meium":0.6244493393122247,"none":0.256607929628304},"expressive":{"dir-action":0.002202643001101321,"dir-explicit":0.2070484581035242,"dir-speech":0.4306167402153083,"indirect":0.1035242290517621,"writing-device":0.2566079296283039}},{"id":"장수맛집","permalink":"","username":"asdfg","text":"맛있어요~~~ 된장찌개 맛나뇨","date":"Mon Dec 10 23:59:44 +0000 2018","retweets":"30","favorites":"20","mentions":[],"hashtags":[],"geo":"","raw":"맛있어요~~~ 된장찌개 맛나뇨","polarity":{"com":0,"pos":0,"neg":1,"neut":0,"none":0},"intensity":{"high":0,"low":0,"meium":1,"none":0},"expressive":{"dir-action":0,"dir-explicit":0,"dir-speech":1,"indirect":0,"writing-device":0}},{"id":"장수맛집","permalink":"","username":"asdfg","text":"예상시간버다 30분은 빨리오샤ㅛ어요!\n제육볶음 양많고맛있ㄴ데 너무 매워요ㅜㅜ 분명 안 맵게 부탁드려ㅛ는데 요청사항 못보셨나봐요\n그래도 맛있네여","date":"Mon Dec 10 23:59:44 +0000 2018","retweets":"30","favorites":"20","mentions":[],"hashtags":[],"geo":"","raw":"예상시간버다 30분은 빨리오샤ㅛ어요!\n제육볶음 양많고맛있ㄴ데 너무 매워요ㅜㅜ 분명 안 맵게 부탁드려ㅛ는데 요청사항 못보셨나봐요\n그래도 맛있네여","polarity":{"com":0.018315723907425845,"pos":0.3733418509660599,"neg":0.4656507702303954,"neut":0.014609990816853638,"none":0.12808166407926533},"intensity":{"high":0.11715954156675631,"low":0.07083409092196985,"meium":0.6839247033970772,"none":0.1280816641141967},"expressive":{"dir-action":0,"dir-explicit":0.2770624977776477,"dir-speech":0.44431160226260213,"indirect":0.14675635711759205,"writing-device":0.13186954284215804}},{"id":"장수맛집","permalink":"","username":"asdfg","text":"너무 매워요...\n맵기만 합니다","date":"Mon Dec 10 23:59:44 +0000 2018","retweets":"30","favorites":"20","mentions":[],"hashtags":[],"geo":"","raw":"너무 매워요...\n맵기만 합니다","polarity":{"com":0.0714285715,"pos":0.07142857149999998,"neg":0.357142857,"neut":0,"none":0.5},"intensity":{"high":0.07142857150000001,"low":0.0714285715,"meium":0.357142857,"none":0.5000000000000001},"expressive":{"dir-action":0,"dir-explicit":0.2857142855,"dir-speech":0.14285714300000002,"indirect":0.07142857150000001,"writing-device":0.5}},{"id":"장수맛집","permalink":"","username":"asdfg","text":"그저그래요보통입니다.","date":"Mon Dec 10 23:59:44 +0000 2018","retweets":"30","favorites":"20","mentions":[],"hashtags":[],"geo":"","raw":"그저그래요보통입니다.","polarity":{"com":0.0114379085,"pos":0.1928104575,"neg":0.38888888899999996,"neut":0.045751634,"none":0.361111111},"intensity":{"high":0.06372549003186274,"low":0.2908496731454248,"meium":0.2843137256421569,"none":0.36111111118055556},"expressive":{"dir-action":0,"dir-explicit":0.209150327,"dir-speech":0.1013071895,"indirect":0.318627451,"writing-device":0.3709150325}},{"id":"장수맛집","permalink":"","username":"asdfg","text":"맛있어요 배달도 훨씬빨리왓어요 예정시간보다 근데 좀 많이매워용ㅎㅎ","date":"Mon Dec 10 23:59:44 +0000 2018","retweets":"30","favorites":"20","mentions":[],"hashtags":[],"geo":"","raw":"맛있어요 배달도 훨씬빨리왓어요 예정시간보다 근데 좀 많이매워용ㅎㅎ","polarity":{"com":0,"pos":0.5297619047500001,"neg":0.4285714285,"neut":0.041666666750000005,"none":0},"intensity":{"high":0.10714285722321429,"low":0.07142857148214285,"meium":0.8214285712946429,"none":0},"expressive":{"dir-action":0,"dir-explicit":0.4214285715,"dir-speech":0.43571428575000004,"indirect":0.14285714275,"writing-device":0}},{"id":"장수맛집","permalink":"","username":"asdfg","text":"맛있게 먹었습니다.","date":"Mon Dec 10 23:59:44 +0000 2018","retweets":"30","favorites":"20","mentions":[],"hashtags":[],"geo":"","raw":"맛있게 먹었습니다.","polarity":{"com":0,"pos":0.1666666665,"neg":0.8333333334999999,"neut":0,"none":0},"intensity":{"high":0.0555555555,"low":0.111111111,"meium":0.8333333334999999,"none":0},"expressive":{"dir-action":0,"dir-explicit":0.111111111,"dir-speech":0.888888889,"indirect":0,"writing-device":0}},{"id":"장수맛집","permalink":"","username":"asdfg","text":"맛있어요 배달도 무난하게왓어요 제육볶음이 근데 살짝매워욯ㅇㅎ그래서 더 맛있는듯~~~~ㅋㅋ담에두 또 시켜먹을게여 ㅎㅎ근데 단점은 양이 넘 작아요 여자한명이서도 다 먹을만한 양입미다 ㅜ ㅜ","date":"Mon Dec 10 23:59:44 +0000 2018","retweets":"30","favorites":"20","mentions":[],"hashtags":[],"geo":"","raw":"맛있어요 배달도 무난하게왓어요 제육볶음이 근데 살짝매워욯ㅇㅎ그래서 더 맛있는듯~~~~ㅋㅋ담에두 또 시켜먹을게여 ㅎㅎ근데 단점은 양이 넘 작아요 여자한명이서도 다 먹을만한 양입미다 ㅜ ㅜ","polarity":{"com":0.0025697503331191876,"pos":0.3836300593013642,"neg":0.52144156828988,"neut":0.01458852074878429,"none":0.07777010132685248},"intensity":{"high":0.19625306171729118,"low":0.17864319055355946,"meium":0.5469665392421722,"none":0.07813720848697712},"expressive":{"dir-action":0.00036710716666666656,"dir-explicit":0.2615324610833333,"dir-speech":0.45758151099999994,"indirect":0.19047695041666665,"writing-device":0.09004197033333332}},{"id":"장수맛집","permalink":"","username":"asdfg","text":"특출나게 맛있거나 그렇다고 맛없거나 하진않아요..딱 보통의 맛..","date":"Mon Dec 10 23:59:44 +0000 2018","retweets":"30","favorites":"20","mentions":[],"hashtags":[],"geo":"","raw":"특출나게 맛있거나 그렇다고 맛없거나 하진않아요..딱 보통의 맛..","polarity":{"com":0.006623806833333334,"pos":0.41187005016666667,"neg":0.45631982916666675,"neut":0.03678346450000001,"none":0.08840284933333334},"intensity":{"high":0.10354413863215196,"low":0.11960656079346446,"meium":0.6865307424378231,"none":0.09031855813656048},"expressive":{"dir-action":0.0019157088339719032,"dir-explicit":0.10577024170192344,"dir-speech":0.6245210728748405,"indirect":0.17099749822366583,"writing-device":0.09679547836559851}},{"id":"장수맛집","permalink":"","username":"asdfg","text":"다른 집에 없는 메뉴가 많아 좋은 집~~","date":"Mon Dec 10 23:59:44 +0000 2018","retweets":"30","favorites":"20","mentions":[],"hashtags":[],"geo":"","raw":"다른 집에 없는 메뉴가 많아 좋은 집~~","polarity":{"com":0.003883495199999999,"pos":0.4819195562,"neg":0.46930374480000003,"neut":0.009708737800000002,"none":0.035184466000000005},"intensity":{"high":0.17037447993185023,"low":0.15122699973950923,"meium":0.6412723067434911,"none":0.037126213585149524},"expressive":{"dir-action":0,"dir-explicit":0.31972260739999997,"dir-speech":0.5112898751999999,"indirect":0.12797780860000002,"writing-device":0.0410097088}},{"id":"장수맛집","permalink":"","username":"asdfg","text":"집밥느낌이에요 맛있어요!","date":"Mon Dec 10 23:59:44 +0000 2018","retweets":"30","favorites":"20","mentions":[],"hashtags":[],"geo":"","raw":"집밥느낌이에요 맛있어요!","polarity":{"com":0,"pos":0.43333333333333335,"neg":0.5666666666666667,"neut":0,"none":0},"intensity":{"high":0,"low":0.188888889,"meium":0.8111111110000001,"none":0},"expressive":{"dir-action":0,"dir-explicit":0.06666666666666667,"dir-speech":0.9333333333333332,"indirect":0,"writing-device":0}},{"id":"장수맛집","permalink":"","username":"asdfg","text":"구이는 많이 탔고 좀 맛이 없네요","date":"Mon Dec 10 23:59:44 +0000 2018","retweets":"30","favorites":"20","mentions":[],"hashtags":[],"geo":"","raw":"구이는 많이 탔고 좀 맛이 없네요","polarity":{"com":0,"pos":0.5925229741481307,"neg":0.35066833758766713,"neut":0.03696741850924186,"none":0.019841269754960318},"intensity":{"high":0.03425229750000001,"low":0.23715538850000004,"meium":0.6955931495000001,"none":0.032999164500000004},"expressive":{"dir-action":0,"dir-explicit":0.2975772765,"dir-speech":0.36929824575,"indirect":0.309314954,"writing-device":0.02380952375}},{"id":"장수맛집","permalink":"","username":"asdfg","text":"너무맛있어요!!!집밥먹는기분이네요!!!!","date":"Mon Dec 10 23:59:44 +0000 2018","retweets":"30","favorites":"20","mentions":[],"hashtags":[],"geo":"","raw":"너무맛있어요!!!집밥먹는기분이네요!!!!","polarity":{"com":0.03571428575,"pos":0.244047619,"neg":0.5952380952499999,"neut":0.125,"none":0},"intensity":{"high":0.1884920635,"low":0.13293650799999998,"meium":0.6785714285,"none":0},"expressive":{"dir-action":0,"dir-explicit":0.32341269824999996,"dir-speech":0.640873016,"indirect":0.03571428575,"writing-device":0}},{"id":"장수맛집","permalink":"","username":"asdfg","text":"양 진짜 많아요. !!!!!!!!","date":"Mon Dec 10 23:59:44 +0000 2018","retweets":"30","favorites":"20","mentions":[],"hashtags":[],"geo":"","raw":"양 진짜 많아요. !!!!!!!!","polarity":{"com":0,"pos":0.391304348,"neg":0.565217391,"neut":0.043478261,"none":0},"intensity":{"high":0.2608695652608696,"low":0.21739130421739128,"meium":0.5217391305217391,"none":0},"expressive":{"dir-action":0,"dir-explicit":0.5217391305217391,"dir-speech":0.2173913042173913,"indirect":0.2608695652608696,"writing-device":0}},{"id":"장수맛집","permalink":"","username":"asdfg","text":"코다리찜 존맛탱 오지고요 지리고요 대투더박 맛있는거 동의 보감♡","date":"Mon Dec 10 23:59:44 +0000 2018","retweets":"30","favorites":"20","mentions":[],"hashtags":[],"geo":"","raw":"코다리찜 존맛탱 오지고요 지리고요 대투더박 맛있는거 동의 보감♡","polarity":{"com":0,"pos":0.4391304348,"neg":0.43478260859999995,"neut":0.11739130440000001,"none":0.008695652199999999},"intensity":{"high":0.0347826086,"low":0.017391304399999998,"meium":0.9391304348,"none":0.008695652199999999},"expressive":{"dir-action":0,"dir-explicit":0.095652174,"dir-speech":0.6608695652,"indirect":0.1347826086,"writing-device":0.10869565219999999}},{"id":"장수맛집","permalink":"","username":"asdfg","text":"생선 먹고 싶을땐 ~~","date":"Mon Dec 10 23:59:44 +0000 2018","retweets":"30","favorites":"20","mentions":[],"hashtags":[],"geo":"","raw":"생선 먹고 싶을땐 ~~","polarity":{"com":0,"pos":0,"neg":0,"neut":1,"none":0},"intensity":{"high":0,"low":0,"meium":1,"none":0},"expressive":{"dir-action":0,"dir-explicit":0,"dir-speech":1,"indirect":0,"writing-device":0}},{"id":"장수맛집","permalink":"","username":"asdfg","text":"처음 시켰는데, 맛 좋았어요","date":"Mon Dec 10 23:59:44 +0000 2018","retweets":"30","favorites":"20","mentions":[],"hashtags":[],"geo":"","raw":"처음 시켰는데, 맛 좋았어요","polarity":{"com":0.0714285714642857,"pos":0.7142857141428571,"neg":0.1428571429285714,"neut":0,"none":0.0714285714642857},"intensity":{"high":0,"low":0,"meium":0.9285714285,"none":0.0714285715},"expressive":{"dir-action":0,"dir-explicit":0.1428571429285714,"dir-speech":0.7142857141428571,"indirect":0.0714285714642857,"writing-device":0.0714285714642857}},{"id":"장수맛집","permalink":"","username":"asdfg","text":"맛있었어요 청국장","date":"Mon Dec 10 23:59:44 +0000 2018","retweets":"30","favorites":"20","mentions":[],"hashtags":[],"geo":"","raw":"맛있었어요 청국장","polarity":{"com":0,"pos":0,"neg":1,"neut":0,"none":0},"intensity":{"high":0,"low":0,"meium":1,"none":0},"expressive":{"dir-action":0,"dir-explicit":0,"dir-speech":1,"indirect":0,"writing-device":0}},{"id":"장수맛집","permalink":"","username":"asdfg","text":"낙지가 너무 신선하지 않아요.\n정말 별로예요...","date":"Mon Dec 10 23:59:44 +0000 2018","retweets":"30","favorites":"20","mentions":[],"hashtags":[],"geo":"","raw":"낙지가 너무 신선하지 않아요.\n정말 별로예요...","polarity":{"com":0.0093029955,"pos":0.4192108295,"neg":0.4542434715,"neut":0.04105702775,"none":0.07618567575},"intensity":{"high":0.20012480800000002,"low":0.05581797225000001,"meium":0.6651017665000001,"none":0.07895545325000002},"expressive":{"dir-action":0.0016129032500000003,"dir-explicit":0.29724462375000005,"dir-speech":0.46428091400000004,"indirect":0.16067588325,"writing-device":0.07618567575000001}},{"id":"장수맛집","permalink":"","username":"asdfg","text":"부대찌개 안에 라면 있으니 가장 안쪽까지 확인하세요 \n먹다가 면이 있다는걸 알았네요 ;;","date":"Mon Dec 10 23:59:44 +0000 2018","retweets":"30","favorites":"20","mentions":[],"hashtags":[],"geo":"","raw":"부대찌개 안에 라면 있으니 가장 안쪽까지 확인하세요 \n먹다가 면이 있다는걸 알았네요 ;;","polarity":{"com":0.008276524555555555,"pos":0.5033116320000001,"neg":0.2912964773333333,"neut":0.0935601002222222,"none":0.10355526588888887},"intensity":{"high":0.10736928623415216,"low":0.25901072713989004,"meium":0.5211910376134656,"none":0.11242894901249212},"expressive":{"dir-action":0.0007168458889685385,"dir-explicit":0.35988431659554276,"dir-speech":0.34917358281657485,"indirect":0.17585660513065074,"writing-device":0.11436864956826318}},{"id":"장수맛집","permalink":"","username":"asdfg","text":"음식은 만족스러웠습니다 \n다만 문제는 배달.... 5시 20분에 시켰는데 두시간 가까이 지난 7시 10분에 음식 받았네요.. 날씨 때문에 그랬다고 배달대행하시는 분이 너무 사과를 하셔서 그냥 알겠다고는 했는데 진짜 배고파 죽는 경험 했고 음식은 그만큼 다 식어서와서 다시 다 데워서 먹었습니다 ㅠ","date":"Mon Dec 10 23:59:44 +0000 2018","retweets":"30","favorites":"20","mentions":[],"hashtags":[],"geo":"","raw":"음식은 만족스러웠습니다 \n다만 문제는 배달.... 5시 20분에 시켰는데 두시간 가까이 지난 7시 10분에 음식 받았네요.. 날씨 때문에 그랬다고 배달대행하시는 분이 너무 사과를 하셔서 그냥 알겠다고는 했는데 진짜 배고파 죽는 경험 했고 음식은 그만큼 다 식어서와서 다시 다 데워서 먹었습니다 ㅠ","polarity":{"com":0.005884329857703271,"pos":0.4375028050416669,"neg":0.40338741356222746,"neut":0.06267037967263528,"none":0.09055507186576714},"intensity":{"high":0.10190446566666665,"low":0.08671669947619048,"meium":0.720174011047619,"none":0.0912048238095238},"expressive":{"dir-action":0.007657286142492508,"dir-explicit":0.20804907046628335,"dir-speech":0.48533151388165086,"indirect":0.20723016489489376,"writing-device":0.09173196461467942}},{"id":"장수맛집","permalink":"","username":"asdfg","text":"포장용기도 깔끔하고 양도 많은데... \n제입맛에는 별로입니다..\n우거지된장국은 국물에 비에 우거지 양이 많고 짜요 국물양이 적어서 밥을 말아 먹을수가 없어요..\n오징어 무국도 홍합에 콩나물에..\n여러가지 넣어주셨는데.. 무슨 맛인지 모르겠어요..\n스팸색상은 거뭇거뭇해서.. 손이 안가요","date":"Mon Dec 10 23:59:44 +0000 2018","retweets":"30","favorites":"20","mentions":[],"hashtags":[],"geo":"","raw":"포장용기도 깔끔하고 양도 많은데... \n제입맛에는 별로입니다..\n우거지된장국은 국물에 비에 우거지 양이 많고 짜요 국물양이 적어서 밥을 말아 먹을수가 없어요..\n오징어 무국도 홍합에 콩나물에..\n여러가지 넣어주셨는데.. 무슨 맛인지 모르겠어요..\n스팸색상은 거뭇거뭇해서.. 손이 안가요","polarity":{"com":0.005431401905279181,"pos":0.320763483078168,"neg":0.5626892644821608,"neut":0.04672050300444957,"none":0.0643953475299424},"intensity":{"high":0.11427922177823036,"low":0.1969619897424231,"meium":0.6230778573271064,"none":0.06568093115224011},"expressive":{"dir-action":0.0006903455238423974,"dir-explicit":0.2769766919655704,"dir-speech":0.41711252430557677,"indirect":0.2386243325827916,"writing-device":0.06659610562221886}},{"id":"장수맛집","permalink":"","username":"asdfg","text":"가끔 시켜먹는데 맛있어요~~","date":"Mon Dec 10 23:59:44 +0000 2018","retweets":"30","favorites":"20","mentions":[],"hashtags":[],"geo":"","raw":"가끔 시켜먹는데 맛있어요~~","polarity":{"com":0,"pos":0.1666666665,"neg":0.8333333334999999,"neut":0,"none":0},"intensity":{"high":0.0555555555,"low":0.111111111,"meium":0.8333333334999999,"none":0},"expressive":{"dir-action":0,"dir-explicit":0.111111111,"dir-speech":0.888888889,"indirect":0,"writing-device":0}},{"id":"장수맛집","permalink":"","username":"asdfg","text":"생선 잘 못먹는데 좋아요!","date":"Mon Dec 10 23:59:44 +0000 2018","retweets":"30","favorites":"20","mentions":[],"hashtags":[],"geo":"","raw":"생선 잘 못먹는데 좋아요!","polarity":{"com":0,"pos":0.43166666666666664,"neg":0.22166666666666668,"neut":0.3333333333333333,"none":0.013333333333333334},"intensity":{"high":0.19166666666666665,"low":0.013333333333333334,"meium":0.7816666666666666,"none":0.013333333333333334},"expressive":{"dir-action":0,"dir-explicit":0.2833333333333333,"dir-speech":0.48333333333333334,"indirect":0.22,"writing-device":0.013333333333333334}},{"id":"장수맛집","permalink":"","username":"asdfg","text":"맛있어요!!!!!!","date":"Mon Dec 10 23:59:44 +0000 2018","retweets":"30","favorites":"20","mentions":[],"hashtags":[],"geo":"","raw":"맛있어요!!!!!!","polarity":{"com":0,"pos":0,"neg":1,"neut":0,"none":0},"intensity":{"high":0,"low":0,"meium":1,"none":0},"expressive":{"dir-action":0,"dir-explicit":0,"dir-speech":1,"indirect":0,"writing-device":0}},{"id":"장수맛집","permalink":"","username":"asdfg","text":"코다리찜 맛있어요.그런데, 코다리가 네 조각요ㅠㅠ 아래 사진은 한조각 꺼낸후의 사진.콩나물이라도 들어가 있으면 조금 더 푸짐할것 같아요~^^","date":"Mon Dec 10 23:59:44 +0000 2018","retweets":"30","favorites":"20","mentions":[],"hashtags":[],"geo":"","raw":"코다리찜 맛있어요.그런데, 코다리가 네 조각요ㅠㅠ 아래 사진은 한조각 꺼낸후의 사진.콩나물이라도 들어가 있으면 조금 더 푸짐할것 같아요~^^","polarity":{"com":0.029248705692307697,"pos":0.36839558607692313,"neg":0.322901572923077,"neut":0.13836759423076925,"none":0.1410865410769231},"intensity":{"high":0.03140244315626172,"low":0.11531667408579359,"meium":0.7119633414393819,"none":0.14131754131856286},"expressive":{"dir-action":0.00023100023076923074,"dir-explicit":0.21820565938461536,"dir-speech":0.2634248193076923,"indirect":0.37531268415384617,"writing-device":0.1428258369230769}},{"id":"장수맛집","permalink":"","username":"asdfg","text":"yum very tasty","date":"Mon Dec 10 23:59:44 +0000 2018","retweets":"30","favorites":"20","mentions":[],"hashtags":[],"geo":"","raw":"yum very tasty","polarity":{"com":null,"pos":null,"neg":null,"neut":null,"none":null},"intensity":{"high":null,"low":null,"meium":null,"none":null},"expressive":{"dir-action":null,"dir-explicit":null,"dir-speech":null,"indirect":null,"writing-device":null}},{"id":"장수맛집","permalink":"","username":"asdfg","text":"깔끔햐고 맛있네요ㅎㅎ","date":"Mon Dec 10 23:59:44 +0000 2018","retweets":"30","favorites":"20","mentions":[],"hashtags":[],"geo":"","raw":"깔끔햐고 맛있네요ㅎㅎ","polarity":{"com":0.0114379085,"pos":0.1928104575,"neg":0.638888889,"neut":0.045751634,"none":0.111111111},"intensity":{"high":0.06372549003186273,"low":0.04084967302042484,"meium":0.7843137258921569,"none":0.11111111105555554},"expressive":{"dir-action":0,"dir-explicit":0.209150327,"dir-speech":0.6013071895,"indirect":0.068627451,"writing-device":0.1209150325}},{"id":"장수맛집","permalink":"","username":"asdfg","text":"갈치 맛이 정말 짱. 엄마 손","date":"Mon Dec 10 23:59:44 +0000 2018","retweets":"30","favorites":"20","mentions":[],"hashtags":[],"geo":"","raw":"갈치 맛이 정말 짱. 엄마 손","polarity":{"com":0.08333333333333333,"pos":0.5833333333333334,"neg":0.25,"neut":0,"none":0.08333333333333333},"intensity":{"high":0.25,"low":0,"meium":0.6666666666666666,"none":0.08333333333333333},"expressive":{"dir-action":0,"dir-explicit":0.16666666666666666,"dir-speech":0.75,"indirect":0,"writing-device":0.08333333333333333}},{"id":"장수맛집","permalink":"","username":"asdfg","text":"전체적으로간이쎈편인ㄷㅔ맛있음","date":"Mon Dec 10 23:59:44 +0000 2018","retweets":"30","favorites":"20","mentions":[],"hashtags":[],"geo":"","raw":"전체적으로간이쎈편인ㄷㅔ맛있음","polarity":{"com":0,"pos":0,"neg":1,"neut":0,"none":0},"intensity":{"high":0,"low":0,"meium":1,"none":0},"expressive":{"dir-action":0,"dir-explicit":0,"dir-speech":1,"indirect":0,"writing-device":0}},{"id":"장수맛집","permalink":"","username":"asdfg","text":"배달은중간정도고 너무맵네유ㅜㅜ 그래두 맛있어서 거진다먹엇어요~","date":"Mon Dec 10 23:59:44 +0000 2018","retweets":"30","favorites":"20","mentions":[],"hashtags":[],"geo":"","raw":"배달은중간정도고 너무맵네유ㅜㅜ 그래두 맛있어서 거진다먹엇어요~","polarity":{"com":0.03571428575,"pos":0.28571428575,"neg":0.42857142849999996,"neut":0.05,"none":0.2},"intensity":{"high":0.03571428575,"low":0.03571428575,"meium":0.7285714285,"none":0.2},"expressive":{"dir-action":0,"dir-explicit":0.19285714275,"dir-speech":0.5714285715,"indirect":0.03571428575,"writing-device":0.2}},{"id":"장수맛집","permalink":"","username":"asdfg","text":"소불고기 빼곤 개안았어요ㅋ 삼치 굿~~!","date":"Mon Dec 10 23:59:44 +0000 2018","retweets":"30","favorites":"20","mentions":[],"hashtags":[],"geo":"","raw":"소불고기 빼곤 개안았어요ㅋ 삼치 굿~~!","polarity":{"com":0,"pos":0.8333333333333334,"neg":0.16666666666666666,"neut":0,"none":0},"intensity":{"high":0.27777777766666667,"low":0,"meium":0.7222222223333333,"none":0},"expressive":{"dir-action":0,"dir-explicit":0.16666666666666666,"dir-speech":0,"indirect":0.8333333333333334,"writing-device":0}},{"id":"장수맛집","permalink":"","username":"asdfg","text":"ㅇㅏ플때 넘 맛있게 잘먹었습니다","date":"Mon Dec 10 23:59:44 +0000 2018","retweets":"30","favorites":"20","mentions":[],"hashtags":[],"geo":"","raw":"ㅇㅏ플때 넘 맛있게 잘먹었습니다","polarity":{"com":0,"pos":0.35930735933333335,"neg":0.5259740260000001,"neut":0.11471861466666668,"none":0},"intensity":{"high":0.03030303033333333,"low":0.16233766233333333,"meium":0.8073593073333334,"none":0},"expressive":{"dir-action":0,"dir-explicit":0.13203463199999999,"dir-speech":0.6536796536666667,"indirect":0.21428571433333332,"writing-device":0}},{"id":"장수맛집","permalink":"","username":"asdfg","text":"흠 이번엔 게장이 너무 비렸음..ㅠㅠ","date":"Mon Dec 10 23:59:44 +0000 2018","retweets":"30","favorites":"20","mentions":[],"hashtags":[],"geo":"","raw":"흠 이번엔 게장이 너무 비렸음..ㅠㅠ","polarity":{"com":0,"pos":0.20436507930109127,"neg":0.7519841271879961,"neut":0.023809523755952383,"none":0.01984126975496032},"intensity":{"high":0.007936508000000002,"low":0.05952380949999999,"meium":0.91269841275,"none":0.01984126975},"expressive":{"dir-action":0,"dir-explicit":0.28968253975,"dir-speech":0.54166666675,"indirect":0.14484126975,"writing-device":0.02380952375}},{"id":"장수맛집","permalink":"","username":"asdfg","text":"존맛","date":"Mon Dec 10 23:59:44 +0000 2018","retweets":"30","favorites":"20","mentions":[],"hashtags":[],"geo":"","raw":"존맛","polarity":{"com":0,"pos":1,"neg":0,"neut":0,"none":0},"intensity":{"high":0,"low":0,"meium":1,"none":0},"expressive":{"dir-action":0,"dir-explicit":0,"dir-speech":1,"indirect":0,"writing-device":0}},{"id":"장수맛집","permalink":"","username":"asdfg","text":"해장으로 짱짱 콩나물 해장국 존맛⭐️","date":"Mon Dec 10 23:59:44 +0000 2018","retweets":"30","favorites":"20","mentions":[],"hashtags":[],"geo":"","raw":"해장으로 짱짱 콩나물 해장국 존맛⭐️","polarity":{"com":0,"pos":1,"neg":0,"neut":0,"none":0},"intensity":{"high":0,"low":0,"meium":1,"none":0},"expressive":{"dir-action":0,"dir-explicit":0,"dir-speech":1,"indirect":0,"writing-device":0}},{"id":"장수맛집","permalink":"","username":"asdfg","text":"맛은그냥그래요  양많고 배달빨라요","date":"Mon Dec 10 23:59:44 +0000 2018","retweets":"30","favorites":"20","mentions":[],"hashtags":[],"geo":"","raw":"맛은그냥그래요  양많고 배달빨라요","polarity":{"com":0,"pos":0.5978260870000001,"neg":0.39130434775,"neut":0.01086956525,"none":0},"intensity":{"high":0.06521739126630435,"low":0.05434782601358695,"meium":0.8804347827201087,"none":0},"expressive":{"dir-action":0,"dir-explicit":0.1304347825326087,"dir-speech":0.8043478262010869,"indirect":0.06521739126630435,"writing-device":0}},{"id":"장수맛집","permalink":"","username":"asdfg","text":"배달하시는분도친절하고\n볶음김치는 진짜최고에요","date":"Mon Dec 10 23:59:44 +0000 2018","retweets":"30","favorites":"20","mentions":[],"hashtags":[],"geo":"","raw":"배달하시는분도친절하고\n볶음김치는 진짜최고에요","polarity":{"com":0.0038709678007741925,"pos":0.694495647738899,"neg":0.24434715824886938,"neut":0.03582181260716436,"none":0.02146441360429288},"intensity":{"high":0.18986175119999998,"low":0.070844854,"meium":0.7173988736,"none":0.0218945212},"expressive":{"dir-action":0.0012903226,"dir-explicit":0.1445417308,"dir-speech":0.4922580646,"indirect":0.3372708652,"writing-device":0.0246390168}},{"id":"장수맛집","permalink":"","username":"asdfg","text":"배달기사분친절하고짱빨리와서좋아요\n볶음김치가진짜맛있네요","date":"Mon Dec 10 23:59:44 +0000 2018","retweets":"30","favorites":"20","mentions":[],"hashtags":[],"geo":"","raw":"배달기사분친절하고짱빨리와서좋아요\n볶음김치가진짜맛있네요","polarity":{"com":0.006201997,"pos":0.5578072196666667,"neg":0.392828981,"neut":0.027371351833333335,"none":0.0157904505},"intensity":{"high":0.08341653866666666,"low":0.043878648166666666,"meium":0.8550678443333334,"none":0.017636968833333332},"expressive":{"dir-action":0.0010752688333333334,"dir-explicit":0.2981630825,"dir-speech":0.46785394266666674,"indirect":0.2171172555,"writing-device":0.0157904505}},{"id":"장수맛집","permalink":"","username":"asdfg","text":"진짜 맛있어요..","date":"Mon Dec 10 23:59:44 +0000 2018","retweets":"30","favorites":"20","mentions":[],"hashtags":[],"geo":"","raw":"진짜 맛있어요..","polarity":{"com":0,"pos":0,"neg":1,"neut":0,"none":0},"intensity":{"high":0,"low":0,"meium":1,"none":0},"expressive":{"dir-action":0,"dir-explicit":0,"dir-speech":1,"indirect":0,"writing-device":0}},{"id":"장수맛집","permalink":"","username":"asdfg","text":"찌개도 구이도 잘먹었어요 생선구이가 먹고 싶었는데 집에서 굽기는 그렇고 ㅎㅎㅎ 매우 잘 먹었어요 맛있었습니다!!","date":"Mon Dec 10 23:59:44 +0000 2018","retweets":"30","favorites":"20","mentions":[],"hashtags":[],"geo":"","raw":"찌개도 구이도 잘먹었어요 생선구이가 먹고 싶었는데 집에서 굽기는 그렇고 ㅎㅎㅎ 매우 잘 먹었어요 맛있었습니다!!","polarity":{"com":0.0032142856999999997,"pos":0.300595238,"neg":0.39547619060000005,"neut":0.1108928571,"none":0.1898214286},"intensity":{"high":0.1668650794,"low":0.09468253959999999,"meium":0.5477380951999999,"none":0.1907142858},"expressive":{"dir-action":0,"dir-explicit":0.15242063486951588,"dir-speech":0.5468055554906389,"indirect":0.1123809524775238,"writing-device":0.1883928571623214}},{"id":"장수맛집","permalink":"","username":"asdfg","text":"묵사발냉면육슈맛나서소면넣어서섞어먹엇어요 시원하구 맛잇게머것슺니다","date":"Mon Dec 10 23:59:44 +0000 2018","retweets":"30","favorites":"20","mentions":[],"hashtags":[],"geo":"","raw":"묵사발냉면육슈맛나서소면넣어서섞어먹엇어요 시원하구 맛잇게머것슺니다","polarity":{"com":0.006006006,"pos":0.65315315325,"neg":0.3265765765,"neut":0.00825825825,"none":0.006006006},"intensity":{"high":0.0285285285,"low":0.021021021,"meium":0.94369369375,"none":0.00675675675},"expressive":{"dir-action":0.0007507507500000002,"dir-explicit":0.07807807800000001,"dir-speech":0.7725225225000001,"indirect":0.14189189200000002,"writing-device":0.0067567567500000005}},{"id":"장수맛집","permalink":"","username":"asdfg","text":"칼칼하니맛낫어여.","date":"Mon Dec 10 23:59:44 +0000 2018","retweets":"30","favorites":"20","mentions":[],"hashtags":[],"geo":"","raw":"칼칼하니맛낫어여.","polarity":{"com":0.012012012,"pos":0.8063063065,"neg":0.153153153,"neut":0.0165165165,"none":0.012012012},"intensity":{"high":0.057057057,"low":0.042042042,"meium":0.8873873875,"none":0.0135135135},"expressive":{"dir-action":0.0015015015000000005,"dir-explicit":0.15615615600000002,"dir-speech":0.5450450450000001,"indirect":0.28378378400000004,"writing-device":0.013513513500000003}},{"id":"장수맛집","permalink":"","username":"asdfg","text":"비리지안해서 조아써요 공기밥가치나오네요 전체적으로 깔금하구 무난함니다","date":"Mon Dec 10 23:59:44 +0000 2018","retweets":"30","favorites":"20","mentions":[],"hashtags":[],"geo":"","raw":"비리지안해서 조아써요 공기밥가치나오네요 전체적으로 깔금하구 무난함니다","polarity":{"com":0.0032258065005376342,"pos":0.7143043336190508,"neg":0.1597914630266319,"neut":0.11801889868633648,"none":0.00465949816744325},"intensity":{"high":0.03844900616666667,"low":0.23450635383333332,"meium":0.7220267188333334,"none":0.005017921166666666},"expressive":{"dir-action":0.016226784002704463,"dir-explicit":0.28970348654828393,"dir-speech":0.3955685890659281,"indirect":0.2938416422156403,"writing-device":0.00465949816744325}},{"id":"장수맛집","permalink":"","username":"asdfg","text":"양념게장 비리지안쿠 매콤칼칼밥도둑임!!삼계탕두 같이먹은 친구가 맛잇데여♥궁물이진국개운하네여 잘머거숨다","date":"Mon Dec 10 23:59:44 +0000 2018","retweets":"30","favorites":"20","mentions":[],"hashtags":[],"geo":"","raw":"양념게장 비리지안쿠 매콤칼칼밥도둑임!!삼계탕두 같이먹은 친구가 맛잇데여♥궁물이진국개운하네여 잘머거숨다","polarity":{"com":0.0035714286007142854,"pos":0.625000000125,"neg":0.3357142856671429,"neut":0.030357142806071432,"none":0.0053571428010714284},"intensity":{"high":0.23214285719999994,"low":0.16428571419999996,"meium":0.5964285713999999,"none":0.007142857199999998},"expressive":{"dir-action":0,"dir-explicit":0.21785714280000001,"dir-speech":0.19107142859999998,"indirect":0.5857142858000001,"writing-device":0.0053571428}},{"id":"장수맛집","permalink":"","username":"asdfg","text":"간이채워졌음 좋았을듯.","date":"Mon Dec 10 23:59:44 +0000 2018","retweets":"30","favorites":"20","mentions":[],"hashtags":[],"geo":"","raw":"간이채워졌음 좋았을듯.","polarity":{"com":0,"pos":0.5,"neg":0.4166666665,"neut":0,"none":0.0833333335},"intensity":{"high":0,"low":0.08333333345833334,"meium":0.8333333330833335,"none":0.08333333345833334},"expressive":{"dir-action":0,"dir-explicit":0.0833333335,"dir-speech":0.4166666665,"indirect":0.4166666665,"writing-device":0.0833333335}},{"id":"장수맛집","permalink":"","username":"asdfg","text":"갈치가 대서양갈치라 원가가 쌀텐데 한토막  삼등분한느낌으루 세조각에 그나마 내장쪽 제하고나믄 별루 먹을것도 없네여....가격대비\n개실망이네여....","date":"Mon Dec 10 23:59:44 +0000 2018","retweets":"30","favorites":"20","mentions":[],"hashtags":[],"geo":"","raw":"갈치가 대서양갈치라 원가가 쌀텐데 한토막  삼등분한느낌으루 세조각에 그나마 내장쪽 제하고나믄 별루 먹을것도 없네여....가격대비\n개실망이네여....","polarity":{"com":0.010454317615384614,"pos":0.42327761530769226,"neg":0.3644965308461538,"neut":0.025591613923076923,"none":0.17617992230769228},"intensity":{"high":0.07138857700549142,"low":0.08729196600671475,"meium":0.66326161405102,"none":0.17805784293677368},"expressive":{"dir-action":0.0008351460769873189,"dir-explicit":0.15386904870414378,"dir-speech":0.4237411472633647,"indirect":0.24503586748038736,"writing-device":0.17651879047511684}},{"id":"장수맛집","permalink":"","username":"asdfg","text":"생선구이는 무조건 이 집","date":"Mon Dec 10 23:59:44 +0000 2018","retweets":"30","favorites":"20","mentions":[],"hashtags":[],"geo":"","raw":"생선구이는 무조건 이 집","polarity":{"com":0,"pos":0.27248677242416225,"neg":0.335978836111993,"neut":0.36507936512169314,"none":0.026455026342151678},"intensity":{"high":0.010582010666666667,"low":0.13492063499999998,"meium":0.828042328,"none":0.026455026333333336},"expressive":{"dir-action":0,"dir-explicit":0.052910053000000005,"dir-speech":0.888888889,"indirect":0.026455026333333336,"writing-device":0.03174603166666667}},{"id":"장수맛집","permalink":"","username":"asdfg","text":"잘먹었어요","date":"Mon Dec 10 23:59:44 +0000 2018","retweets":"30","favorites":"20","mentions":[],"hashtags":[],"geo":"","raw":"잘먹었어요","polarity":{"com":0,"pos":0.7142857147142857,"neg":0.21428571421428572,"neut":0.07142857107142857,"none":0},"intensity":{"high":0,"low":0.214285714,"meium":0.785714286,"none":0},"expressive":{"dir-action":0,"dir-explicit":0.214285714,"dir-speech":0.142857143,"indirect":0.642857143,"writing-device":0}},{"id":"장수맛집","permalink":"","username":"asdfg","text":"조미료 맛이 강합니다. 그런데도 맛이 이렇게 없다는 점이 놀랍네요. 제육볶음은 최악이예요. 먹자마자 속이 쓰려요. (저는\n불닭볶음면도 별로 안 매워하는 사람이고요.) 뭘 넣었는지 매운게 아니라 속이 쓰려요! 그런데 맛도 없어요.","date":"Mon Dec 10 23:59:44 +0000 2018","retweets":"30","favorites":"20","mentions":[],"hashtags":[],"geo":"","raw":"조미료 맛이 강합니다. 그런데도 맛이 이렇게 없다는 점이 놀랍네요. 제육볶음은 최악이예요. 먹자마자 속이 쓰려요. (저는\n불닭볶음면도 별로 안 매워하는 사람이고요.) 뭘 넣었는지 매운게 아니라 속이 쓰려요! 그런데 맛도 없어요.","polarity":{"com":0.013948507285050073,"pos":0.34685417531681656,"neg":0.424865357598816,"neut":0.04719565323584783,"none":0.16713630656346976},"intensity":{"high":0.09059526586577099,"low":0.0727997912926476,"meium":0.6687965398732187,"none":0.16780840296836275},"expressive":{"dir-action":0.0009247762382273491,"dir-explicit":0.2748889390392698,"dir-speech":0.4074032831534386,"indirect":0.1468302497828805,"writing-device":0.16995275178618374}},{"id":"장수맛집","permalink":"","username":"asdfg","text":"청국장은 건더기가 다 풀어지지않은 생청국장덩어리가들어가있었음 다시 끓여서먹었음 설거지하기싫어서 시켜먹은건데 짜증났음  제육볶음은 이게 도대체 왜12000원인건지 도저히이해가안감 돈아까워서 죽는줄알았음 동네 밥집에서 파는 7000원짜리 제육보다 양도적고 그적은양에 절반이 양념임 고기와 양파가양념이고 고추장양념이 주인공이였음 공깃밥도안줌 아마 제육은 꼴에 요리류라고 밥은안주는가봄 이렇게 장사하면 양심 안찔리나 궁금함 누굴탓하냐 내돈내고시켜먹은 니가 미친년이지   끝!!!","date":"Mon Dec 10 23:59:44 +0000 2018","retweets":"30","favorites":"20","mentions":[],"hashtags":[],"geo":"","raw":"청국장은 건더기가 다 풀어지지않은 생청국장덩어리가들어가있었음 다시 끓여서먹었음 설거지하기싫어서 시켜먹은건데 짜증났음  제육볶음은 이게 도대체 왜12000원인건지 도저히이해가안감 돈아까워서 죽는줄알았음 동네 밥집에서 파는 7000원짜리 제육보다 양도적고 그적은양에 절반이 양념임 고기와 양파가양념이고 고추장양념이 주인공이였음 공깃밥도안줌 아마 제육은 꼴에 요리류라고 밥은안주는가봄 이렇게 장사하면 양심 안찔리나 궁금함 누굴탓하냐 내돈내고시켜먹은 니가 미친년이지   끝!!!","polarity":{"com":0.012108683788694397,"pos":0.34306516879505883,"neg":0.5120244247021544,"neut":0.055611558039530995,"none":0.07719016467456134},"intensity":{"high":0.1517576640588905,"low":0.1145459931115735,"meium":0.6363778051048969,"none":0.09731853772463907},"expressive":{"dir-action":0.0016068575961538463,"dir-explicit":0.2308508871923077,"dir-speech":0.4091487806923077,"indirect":0.2575967724807693,"writing-device":0.10079670203846156}},{"id":"장수맛집","permalink":"","username":"asdfg","text":"제육덮밥은 맵고 육개장은 그냥저냥 계란찜은 괜차나용","date":"Mon Dec 10 23:59:44 +0000 2018","retweets":"30","favorites":"20","mentions":[],"hashtags":[],"geo":"","raw":"제육덮밥은 맵고 육개장은 그냥저냥 계란찜은 괜차나용","polarity":{"com":0.012711864750000001,"pos":0.45444915225,"neg":0.4194915255,"neut":0.08792372875,"none":0.02542372875},"intensity":{"high":0.07627118630720338,"low":0.16419491512314618,"meium":0.7341101698005826,"none":0.025423728769067795},"expressive":{"dir-action":0,"dir-explicit":0.26588983075000006,"dir-speech":0.4819915255000001,"indirect":0.22669491500000002,"writing-device":0.025423728750000003}},{"id":"장수맛집","permalink":"","username":"asdfg","text":"포장도깔끔하구 반찬도 맛있어용","date":"Mon Dec 10 23:59:44 +0000 2018","retweets":"30","favorites":"20","mentions":[],"hashtags":[],"geo":"","raw":"포장도깔끔하구 반찬도 맛있어용","polarity":{"com":0.006006006,"pos":0.43440315325,"neg":0.5453265764999999,"neut":0.00825825825,"none":0.006006006},"intensity":{"high":0.0285285285,"low":0.083521021,"meium":0.88119369375,"none":0.00675675675},"expressive":{"dir-action":0.0007507507500000002,"dir-explicit":0.20307807800000002,"dir-speech":0.27252252250000003,"indirect":0.5168918920000001,"writing-device":0.0067567567500000005}},{"id":"장수맛집","permalink":"","username":"asdfg","text":"센스있게 반찬도 다 다르게 주시고. 맛도 좋았습니다~","date":"Mon Dec 10 23:59:44 +0000 2018","retweets":"30","favorites":"20","mentions":[],"hashtags":[],"geo":"","raw":"센스있게 반찬도 다 다르게 주시고. 맛도 좋았습니다~","polarity":{"com":0,"pos":0.9268571428,"neg":0.008,"neut":0,"none":0.06514285719999999},"intensity":{"high":0.09714285718057143,"low":0.0079999999984,"meium":0.829714285634057,"none":0.06514285718697142},"expressive":{"dir-action":0,"dir-explicit":0.2057142857588571,"dir-speech":0.2971428571405714,"indirect":0.4319999999136,"writing-device":0.06514285718697142}},{"id":"장수맛집","permalink":"","username":"asdfg","text":"맛잇어여","date":"Mon Dec 10 23:59:44 +0000 2018","retweets":"30","favorites":"20","mentions":[],"hashtags":[],"geo":"","raw":"맛잇어여","polarity":{"com":0,"pos":0.8333333334999999,"neg":0.1666666665,"neut":0,"none":0},"intensity":{"high":0,"low":0,"meium":1,"none":0},"expressive":{"dir-action":0,"dir-explicit":0,"dir-speech":0.8333333334999999,"indirect":0.1666666665,"writing-device":0}},{"id":"장수맛집","permalink":"","username":"asdfg","text":"너무느려요 시킨지 한시간이넘엇는데... 미리 전화나 문자발송같은걸로 늦는다는거 알려주는세 잇엇으면 좋갯ㄴ요","date":"Mon Dec 10 23:59:44 +0000 2018","retweets":"30","favorites":"20","mentions":[],"hashtags":[],"geo":"","raw":"너무느려요 시킨지 한시간이넘엇는데... 미리 전화나 문자발송같은걸로 늦는다는거 알려주는세 잇엇으면 좋갯ㄴ요","polarity":{"com":0.018276067,"pos":0.3928138234545454,"neg":0.42308055936363637,"neut":0.03334709009090909,"none":0.1324824600909091},"intensity":{"high":0.12066492217084862,"low":0.06235580963069492,"meium":0.6834518760287771,"none":0.13352739216967932},"expressive":{"dir-action":0.006095437182372313,"dir-explicit":0.25979923847816355,"dir-speech":0.26974555756997687,"indirect":0.2750119274795465,"writing-device":0.1893478392899407}},{"id":"장수맛집","permalink":"","username":"asdfg","text":"굿","date":"Mon Dec 10 23:59:44 +0000 2018","retweets":"30","favorites":"20","mentions":[],"hashtags":[],"geo":"","raw":"굿","polarity":{"com":0,"pos":1,"neg":0,"neut":0,"none":0},"intensity":{"high":0,"low":0,"meium":1,"none":0},"expressive":{"dir-action":0,"dir-explicit":0,"dir-speech":0,"indirect":1,"writing-device":0}},{"id":"장수맛집","permalink":"","username":"asdfg","text":"맛있게 잘먹었어요....","date":"Mon Dec 10 23:59:44 +0000 2018","retweets":"30","favorites":"20","mentions":[],"hashtags":[],"geo":"","raw":"맛있게 잘먹었어요....","polarity":{"com":0,"pos":0.35714285717857136,"neg":0.6071428573035714,"neut":0.03571428551785714,"none":0},"intensity":{"high":0,"low":0.107142857,"meium":0.8928571430000001,"none":0},"expressive":{"dir-action":0,"dir-explicit":0.107142857,"dir-speech":0.5714285715,"indirect":0.3214285715,"writing-device":0}},{"id":"장수맛집","permalink":"","username":"asdfg","text":"굿","date":"Mon Dec 10 23:59:44 +0000 2018","retweets":"30","favorites":"20","mentions":[],"hashtags":[],"geo":"","raw":"굿","polarity":{"com":0,"pos":1,"neg":0,"neut":0,"none":0},"intensity":{"high":0,"low":0,"meium":1,"none":0},"expressive":{"dir-action":0,"dir-explicit":0,"dir-speech":0,"indirect":1,"writing-device":0}}]