[{"id":"수원왕갈비갈비찜","permalink":"","username":"asdfg","text":"갈비찜 중 주문\n계속 끓이고 계시나 봐요\n배달 시간 30분 만족\n푹 익은 고기 취향이라 만족\n\n근데.. 계속 끓여서 그런가 꽤 짜네요\n짜게 먹는 편인데..\n간에 신경쓰면서 끓이셨으면..","date":"Mon Dec 10 23:59:44 +0000 2018","retweets":"30","favorites":"20","mentions":[],"hashtags":[],"geo":"","raw":"갈비찜 중 주문\n계속 끓이고 계시나 봐요\n배달 시간 30분 만족\n푹 익은 고기 취향이라 만족\n\n근데.. 계속 끓여서 그런가 꽤 짜네요\n짜게 먹는 편인데..\n간에 신경쓰면서 끓이셨으면..","polarity":{"com":0.03734827264285714,"pos":0.28604775242857144,"neg":0.4220521542142857,"neut":0.220821662,"none":0.03373015871428571},"intensity":{"high":0.2321762037857143,"low":0.14925970385714285,"meium":0.5848339336428572,"none":0.03373015871428571},"expressive":{"dir-action":0,"dir-explicit":0.38758836874197056,"dir-speech":0.3421368547387241,"indirect":0.23514405758822457,"writing-device":0.035130718931080766}},{"id":"수원왕갈비갈비찜","permalink":"","username":"asdfg","text":"너무 맛있게 잘 먹었습니다 감사합니다","date":"Mon Dec 10 23:59:44 +0000 2018","retweets":"30","favorites":"20","mentions":[],"hashtags":[],"geo":"","raw":"너무 맛있게 잘 먹었습니다 감사합니다","polarity":{"com":0.04761904768253968,"pos":0.6190476192063492,"neg":0.3095238094365079,"neut":0.023809523674603175,"none":0},"intensity":{"high":0.380952381,"low":0.119047619,"meium":0.5,"none":0},"expressive":{"dir-action":0,"dir-explicit":0.26190476166666665,"dir-speech":0.47619047633333333,"indirect":0.26190476199999996,"writing-device":0}},{"id":"수원왕갈비갈비찜","permalink":"","username":"asdfg","text":"양도 푸짐하고 맛있음 ㅎ","date":"Mon Dec 10 23:59:44 +0000 2018","retweets":"30","favorites":"20","mentions":[],"hashtags":[],"geo":"","raw":"양도 푸짐하고 맛있음 ㅎ","polarity":{"com":0.012012012,"pos":0.8063063065,"neg":0.153153153,"neut":0.0165165165,"none":0.012012012},"intensity":{"high":0.057057057,"low":0.042042042,"meium":0.8873873875,"none":0.0135135135},"expressive":{"dir-action":0.0015015015000000005,"dir-explicit":0.15615615600000002,"dir-speech":0.5450450450000001,"indirect":0.28378378400000004,"writing-device":0.013513513500000003}},{"id":"수원왕갈비갈비찜","permalink":"","username":"asdfg","text":"나쁘지않은것같아요 ㅎㅎ","date":"Mon Dec 10 23:59:44 +0000 2018","retweets":"30","favorites":"20","mentions":[],"hashtags":[],"geo":"","raw":"나쁘지않은것같아요 ㅎㅎ","polarity":{"com":0,"pos":0.045454545477272734,"neg":0.681818181659091,"neut":0.045454545477272734,"none":0.22727272738636367},"intensity":{"high":0.1666666665,"low":0,"meium":0.606060606,"none":0.2272727275},"expressive":{"dir-action":0,"dir-explicit":0.3030303028484848,"dir-speech":0.09090909095454545,"indirect":0.37878787881060605,"writing-device":0.22727272738636362}},{"id":"수원왕갈비갈비찜","permalink":"","username":"asdfg","text":"짱 맛있고 배달 짱 빠르고 양 괜츈합니당~!\n맛있게 잘 먹었습니당 다음에 또 이용할께유 😊","date":"Mon Dec 10 23:59:44 +0000 2018","retweets":"30","favorites":"20","mentions":[],"hashtags":[],"geo":"","raw":"짱 맛있고 배달 짱 빠르고 양 괜츈합니당~!\n맛있게 잘 먹었습니당 다음에 또 이용할께유 😊","polarity":{"com":0.0027649770000000005,"pos":0.4818959841428572,"neg":0.42793504500000007,"neut":0.02218564842857143,"none":0.06521834542857144},"intensity":{"high":0.019969277999999997,"low":0.09482115414285713,"meium":0.8196840027142858,"none":0.06552556514285714},"expressive":{"dir-action":0.000921659,"dir-explicit":0.09587447885714286,"dir-speech":0.5318850121428572,"indirect":0.2856923414285714,"writing-device":0.08562650857142858}},{"id":"수원왕갈비갈비찜","permalink":"","username":"asdfg","text":"맛과 양을 동시에 만족시켜 줍니다!","date":"Mon Dec 10 23:59:44 +0000 2018","retweets":"30","favorites":"20","mentions":[],"hashtags":[],"geo":"","raw":"맛과 양을 동시에 만족시켜 줍니다!","polarity":{"com":0.007007007,"pos":0.5205205206666667,"neg":0.44944944933333336,"neut":0.02002002,"none":0.003003003},"intensity":{"high":0.047047046999999995,"low":0.038038037999999996,"meium":0.9119119119999999,"none":0.0030030029999999997},"expressive":{"dir-action":0.0050050050016683355,"dir-explicit":0.4494494494831499,"dir-speech":0.43943943947981323,"indirect":0.10110110103370039,"writing-device":0.0050050050016683355}},{"id":"수원왕갈비갈비찜","permalink":"","username":"asdfg","text":"마싯게 잘 먹었슴다~!  마싯는데 메뉴 특성상 양이 점 부족하네요 성인 남자 두명이서는 소자 부족할거같아요","date":"Mon Dec 10 23:59:44 +0000 2018","retweets":"30","favorites":"20","mentions":[],"hashtags":[],"geo":"","raw":"마싯게 잘 먹었슴다~!  마싯는데 메뉴 특성상 양이 점 부족하네요 성인 남자 두명이서는 소자 부족할거같아요","polarity":{"com":0.032062561090909096,"pos":0.41218888636363643,"neg":0.44068726981818185,"neut":0.05191367772727273,"none":0.063147605},"intensity":{"high":0.0934381030909091,"low":0.0699200440909091,"meium":0.7732987443636364,"none":0.06334310845454545},"expressive":{"dir-action":0.0005865102727272728,"dir-explicit":0.24489936590909095,"dir-speech":0.3377008297272727,"indirect":0.2627565981818182,"writing-device":0.1540566959090909}},{"id":"수원왕갈비갈비찜","permalink":"","username":"asdfg","text":"좀더 양많고 매웠으면 더맛있었을텐데 약간아쉬워용","date":"Mon Dec 10 23:59:44 +0000 2018","retweets":"30","favorites":"20","mentions":[],"hashtags":[],"geo":"","raw":"좀더 양많고 매웠으면 더맛있었을텐데 약간아쉬워용","polarity":{"com":0,"pos":0.2717391305,"neg":0.4347826085,"neut":0.03260869575,"none":0.26086956525},"intensity":{"high":0.10869565202717392,"low":0.07608695651902174,"meium":0.5543478261385869,"none":0.2608695653152174},"expressive":{"dir-action":0,"dir-explicit":0.2500000000625,"dir-speech":0.1304347825326087,"indirect":0.3586956520896739,"writing-device":0.2608695653152174}},{"id":"수원왕갈비갈비찜","permalink":"","username":"asdfg","text":"배달이 나름 빨랐음..","date":"Mon Dec 10 23:59:44 +0000 2018","retweets":"30","favorites":"20","mentions":[],"hashtags":[],"geo":"","raw":"배달이 나름 빨랐음..","polarity":{"com":0,"pos":0.8333333333333334,"neg":0.16666666666666666,"neut":0,"none":0},"intensity":{"high":0,"low":0,"meium":1,"none":0},"expressive":{"dir-action":0,"dir-explicit":0,"dir-speech":0.611111111,"indirect":0.38888888899999996,"writing-device":0}},{"id":"수원왕갈비갈비찜","permalink":"","username":"asdfg","text":"그냥저냥 먹을만한 수준이에요","date":"Mon Dec 10 23:59:44 +0000 2018","retweets":"30","favorites":"20","mentions":[],"hashtags":[],"geo":"","raw":"그냥저냥 먹을만한 수준이에요","polarity":{"com":0,"pos":0.1666666665,"neg":0.8333333334999999,"neut":0,"none":0},"intensity":{"high":0.0555555555,"low":0.111111111,"meium":0.8333333334999999,"none":0},"expressive":{"dir-action":0,"dir-explicit":0.111111111,"dir-speech":0.388888889,"indirect":0.5,"writing-device":0}},{"id":"수원왕갈비갈비찜","permalink":"","username":"asdfg","text":"조금 달지만 맛남","date":"Mon Dec 10 23:59:44 +0000 2018","retweets":"30","favorites":"20","mentions":[],"hashtags":[],"geo":"","raw":"조금 달지만 맛남","polarity":{"com":0,"pos":0.5,"neg":0.25,"neut":0.25,"none":0},"intensity":{"high":0,"low":0.25,"meium":0.75,"none":0},"expressive":{"dir-action":0,"dir-explicit":0.5,"dir-speech":0.5,"indirect":0,"writing-device":0}},{"id":"수원왕갈비갈비찜","permalink":"","username":"asdfg","text":"이거는 갈비죽인가요?\n주문하면 바로 만드는게  아니가봐요?\n조나게 계속 끓이나봐요?\n이게 수원 스타일?","date":"Mon Dec 10 23:59:44 +0000 2018","retweets":"30","favorites":"20","mentions":[],"hashtags":[],"geo":"","raw":"이거는 갈비죽인가요?\n주문하면 바로 만드는게  아니가봐요?\n조나게 계속 끓이나봐요?\n이게 수원 스타일?","polarity":{"com":0.24999999995833333,"pos":0.28632478628561253,"neg":0.27136752145477205,"neut":0.1367521368105413,"none":0.05555555549074074},"intensity":{"high":0.17948717950000004,"low":0.1495726496666667,"meium":0.6153846153333334,"none":0.05555555550000001},"expressive":{"dir-action":0,"dir-explicit":0.301282051383547,"dir-speech":0.5876068375979345,"indirect":0.05555555550925926,"writing-device":0.05555555550925927}},{"id":"수원왕갈비갈비찜","permalink":"","username":"asdfg","text":"먹다 말았어요\n후기들은 개인적 평가겠지만 ㅜ","date":"Mon Dec 10 23:59:44 +0000 2018","retweets":"30","favorites":"20","mentions":[],"hashtags":[],"geo":"","raw":"먹다 말았어요\n후기들은 개인적 평가겠지만 ㅜ","polarity":{"com":0,"pos":0.44444444433333335,"neg":0.2222222223333333,"neut":0.3333333333333333,"none":0},"intensity":{"high":0.037037037,"low":0.40740740733333336,"meium":0.5555555556666666,"none":0},"expressive":{"dir-action":0,"dir-explicit":0.40740740733333336,"dir-speech":0.5925925926666666,"indirect":0,"writing-device":0}},{"id":"수원왕갈비갈비찜","permalink":"","username":"asdfg","text":"맛 좋네요~","date":"Mon Dec 10 23:59:44 +0000 2018","retweets":"30","favorites":"20","mentions":[],"hashtags":[],"geo":"","raw":"맛 좋네요~","polarity":{"com":0,"pos":1,"neg":0,"neut":0,"none":0},"intensity":{"high":0,"low":0,"meium":1,"none":0},"expressive":{"dir-action":0,"dir-explicit":0,"dir-speech":1,"indirect":0,"writing-device":0}},{"id":"수원왕갈비갈비찜","permalink":"","username":"asdfg","text":"할인 받아서 주문했는데도 양도 괜찮고 고기도 부드럽고 간도 잘 맞고 친절하셔서 기분 좋게 잘 먹었습니다","date":"Mon Dec 10 23:59:44 +0000 2018","retweets":"30","favorites":"20","mentions":[],"hashtags":[],"geo":"","raw":"할인 받아서 주문했는데도 양도 괜찮고 고기도 부드럽고 간도 잘 맞고 친절하셔서 기분 좋게 잘 먹었습니다","polarity":{"com":0.0033640553006728108,"pos":0.488940092097788,"neg":0.23900153614780031,"neut":0.17875576033575116,"none":0.08993855611798772},"intensity":{"high":0.105453149,"low":0.0902304146,"meium":0.7141628265000001,"none":0.0901536099},"expressive":{"dir-action":0.0006451612998709678,"dir-explicit":0.4001075268199785,"dir-speech":0.2809370199438126,"indirect":0.2298003072540399,"writing-device":0.088509984682298}},{"id":"수원왕갈비갈비찜","permalink":"","username":"asdfg","text":"그냥저냥","date":"Mon Dec 10 23:59:44 +0000 2018","retweets":"30","favorites":"20","mentions":[],"hashtags":[],"geo":"","raw":"그냥저냥","polarity":{"com":null,"pos":null,"neg":null,"neut":null,"none":null},"intensity":{"high":null,"low":null,"meium":null,"none":null},"expressive":{"dir-action":null,"dir-explicit":null,"dir-speech":null,"indirect":null,"writing-device":null}},{"id":"수원왕갈비갈비찜","permalink":"","username":"asdfg","text":"양산형","date":"Mon Dec 10 23:59:44 +0000 2018","retweets":"30","favorites":"20","mentions":[],"hashtags":[],"geo":"","raw":"양산형","polarity":{"com":0,"pos":1,"neg":0,"neut":0,"none":0},"intensity":{"high":1,"low":0,"meium":0,"none":0},"expressive":{"dir-action":0,"dir-explicit":0,"dir-speech":0,"indirect":1,"writing-device":0}},{"id":"수원왕갈비갈비찜","permalink":"","username":"asdfg","text":"진짜 맛나고 먹을만함 가격대비괜찮","date":"Mon Dec 10 23:59:44 +0000 2018","retweets":"30","favorites":"20","mentions":[],"hashtags":[],"geo":"","raw":"진짜 맛나고 먹을만함 가격대비괜찮","polarity":{"com":0.03030303033333333,"pos":0.6414141413333333,"neg":0.3131313133333333,"neut":0,"none":0.015151514999999999},"intensity":{"high":0.05218855201739619,"low":0.1195286193731762,"meium":0.8131313136043771,"none":0.015151515005050504},"expressive":{"dir-action":0,"dir-explicit":0.4983164983333333,"dir-speech":0.2895622896666667,"indirect":0.196969697,"writing-device":0.015151514999999999}},{"id":"수원왕갈비갈비찜","permalink":"","username":"asdfg","text":"맛잇어요 감사합니다","date":"Mon Dec 10 23:59:44 +0000 2018","retweets":"30","favorites":"20","mentions":[],"hashtags":[],"geo":"","raw":"맛잇어요 감사합니다","polarity":{"com":0,"pos":1,"neg":0,"neut":0,"none":0},"intensity":{"high":0.5,"low":0,"meium":0.5,"none":0},"expressive":{"dir-action":0,"dir-explicit":0,"dir-speech":1,"indirect":0,"writing-device":0}},{"id":"수원왕갈비갈비찜","permalink":"","username":"asdfg","text":"진짜 마싯어요 🖖","date":"Mon Dec 10 23:59:44 +0000 2018","retweets":"30","favorites":"20","mentions":[],"hashtags":[],"geo":"","raw":"진짜 마싯어요 🖖","polarity":{"com":null,"pos":null,"neg":null,"neut":null,"none":null},"intensity":{"high":null,"low":null,"meium":null,"none":null},"expressive":{"dir-action":null,"dir-explicit":null,"dir-speech":null,"indirect":null,"writing-device":null}},{"id":"수원왕갈비갈비찜","permalink":"","username":"asdfg","text":"잘먹었습니다","date":"Mon Dec 10 23:59:44 +0000 2018","retweets":"30","favorites":"20","mentions":[],"hashtags":[],"geo":"","raw":"잘먹었습니다","polarity":{"com":0,"pos":0.7142857147142857,"neg":0.21428571421428572,"neut":0.07142857107142857,"none":0},"intensity":{"high":0,"low":0.214285714,"meium":0.785714286,"none":0},"expressive":{"dir-action":0,"dir-explicit":0.214285714,"dir-speech":0.142857143,"indirect":0.642857143,"writing-device":0}},{"id":"수원왕갈비갈비찜","permalink":"","username":"asdfg","text":"맛있어요","date":"Mon Dec 10 23:59:44 +0000 2018","retweets":"30","favorites":"20","mentions":[],"hashtags":[],"geo":"","raw":"맛있어요","polarity":{"com":0,"pos":0,"neg":1,"neut":0,"none":0},"intensity":{"high":0,"low":0,"meium":1,"none":0},"expressive":{"dir-action":0,"dir-explicit":0,"dir-speech":1,"indirect":0,"writing-device":0}},{"id":"수원왕갈비갈비찜","permalink":"","username":"asdfg","text":"맛있게 잘먹었습니다~!","date":"Mon Dec 10 23:59:44 +0000 2018","retweets":"30","favorites":"20","mentions":[],"hashtags":[],"geo":"","raw":"맛있게 잘먹었습니다~!","polarity":{"com":0,"pos":0.35714285717857136,"neg":0.6071428573035714,"neut":0.03571428551785714,"none":0},"intensity":{"high":0,"low":0.107142857,"meium":0.8928571430000001,"none":0},"expressive":{"dir-action":0,"dir-explicit":0.107142857,"dir-speech":0.5714285715,"indirect":0.3214285715,"writing-device":0}},{"id":"수원왕갈비갈비찜","permalink":"","username":"asdfg","text":"이때까지 다 괜찮았는데 요번에는 기름이 좀 많았던거같아요","date":"Mon Dec 10 23:59:44 +0000 2018","retweets":"30","favorites":"20","mentions":[],"hashtags":[],"geo":"","raw":"이때까지 다 괜찮았는데 요번에는 기름이 좀 많았던거같아요","polarity":{"com":0.006167400801233481,"pos":0.26446018185289205,"neg":0.5300092339060019,"neut":0.04536441660907288,"none":0.15399876683079974},"intensity":{"high":0.10694122106416475,"low":0.12661993547597195,"meium":0.602468110361481,"none":0.16397073309838245},"expressive":{"dir-action":0.0008810572005286343,"dir-explicit":0.23709505934225703,"dir-speech":0.2763310175657986,"indirect":0.11854752947112854,"writing-device":0.36714533642028724}},{"id":"수원왕갈비갈비찜","permalink":"","username":"asdfg","text":"배송도 총알~~ 넘 맛있어서 또시킬께요~~대만족","date":"Mon Dec 10 23:59:44 +0000 2018","retweets":"30","favorites":"20","mentions":[],"hashtags":[],"geo":"","raw":"배송도 총알~~ 넘 맛있어서 또시킬께요~~대만족","polarity":{"com":0.0023809523325396824,"pos":0.11904761896031744,"neg":0.5857142858047619,"neut":0.004761904665079365,"none":0.2880952382373016},"intensity":{"high":0.047619047666666664,"low":0.038095238,"meium":0.626190476,"none":0.28809523833333334},"expressive":{"dir-action":0,"dir-explicit":0.10952380963015873,"dir-speech":0.5285714284904761,"indirect":0.028571428657142857,"writing-device":0.3333333332222222}},{"id":"수원왕갈비갈비찜","permalink":"","username":"asdfg","text":"배송도 빠르고 최고네요 맛도~~~","date":"Mon Dec 10 23:59:44 +0000 2018","retweets":"30","favorites":"20","mentions":[],"hashtags":[],"geo":"","raw":"배송도 빠르고 최고네요 맛도~~~","polarity":{"com":0.002380952333333333,"pos":0.7010582009999999,"neg":0.14656084666666666,"neut":0.004761904666666666,"none":0.14523809533333332},"intensity":{"high":0.306878307,"low":0.038095238,"meium":0.5097883596666667,"none":0.14523809533333334},"expressive":{"dir-action":0,"dir-explicit":0.06190476197936508,"dir-speech":0.4333333331888889,"indirect":0.36190476187936504,"writing-device":0.14285714295238094}},{"id":"수원왕갈비갈비찜","permalink":"","username":"asdfg","text":"배송 짱!  오늘도 만족 담에도  앗있게 부탁","date":"Mon Dec 10 23:59:44 +0000 2018","retweets":"30","favorites":"20","mentions":[],"hashtags":[],"geo":"","raw":"배송 짱!  오늘도 만족 담에도  앗있게 부탁","polarity":{"com":0.0035714285000000004,"pos":0.544642857,"neg":0.16428571450000004,"neut":0.007142857000000001,"none":0.2803571430000001},"intensity":{"high":0.1026785715,"low":0.08839285699999999,"meium":0.4973214285,"none":0.31160714300000003},"expressive":{"dir-action":0,"dir-explicit":0.12410714293794643,"dir-speech":0.46249999976875,"indirect":0.10535714294732143,"writing-device":0.30803571434598215}},{"id":"수원왕갈비갈비찜","permalink":"","username":"asdfg","text":"정말 맛있고 배송 빠른고 👍최고. 배달하시는분도 넘 친절하세요~","date":"Mon Dec 10 23:59:44 +0000 2018","retweets":"30","favorites":"20","mentions":[],"hashtags":[],"geo":"","raw":"정말 맛있고 배송 빠른고 👍최고. 배달하시는분도 넘 친절하세요~","polarity":{"com":0,"pos":0.8777777778000001,"neg":0.07222222219999999,"neut":0,"none":0.05},"intensity":{"high":0.2555555556,"low":0.06666666660000001,"meium":0.6277777778,"none":0.05},"expressive":{"dir-action":0,"dir-explicit":0.15,"dir-speech":0.35,"indirect":0.45,"writing-device":0.05}},{"id":"수원왕갈비갈비찜","permalink":"","username":"asdfg","text":"빠른배송 짱입니다 ^^맛도 끝내주네요 ~~  또먹고싶어요","date":"Mon Dec 10 23:59:44 +0000 2018","retweets":"30","favorites":"20","mentions":[],"hashtags":[],"geo":"","raw":"빠른배송 짱입니다 ^^맛도 끝내주네요 ~~  또먹고싶어요","polarity":{"com":0.005718954248570262,"pos":0.6321195143419701,"neg":0.17658730170585316,"neut":0.022875816994281047,"none":0.1626984127093254},"intensity":{"high":0.03186274500796568,"low":0.10375816977593955,"meium":0.7016806724254202,"none":0.1626984127906746},"expressive":{"dir-action":0,"dir-explicit":0.14028944925,"dir-speech":0.37208216624999996,"indirect":0.2843137255,"writing-device":0.203314659}},{"id":"수원왕갈비갈비찜","permalink":"","username":"asdfg","text":"달달합니다.  적당히 ^^ 조금  싱겁게  드시는분애게는  짜게  느껴질수  있습니다.","date":"Mon Dec 10 23:59:44 +0000 2018","retweets":"30","favorites":"20","mentions":[],"hashtags":[],"geo":"","raw":"달달합니다.  적당히 ^^ 조금  싱겁게  드시는분애게는  짜게  느껴질수  있습니다.","polarity":{"com":0.00229885060045977,"pos":0.32785987946557194,"neg":0.3387137384677428,"neut":0.1361740558272348,"none":0.1949534756389907},"intensity":{"high":0.03933771219213246,"low":0.17623973736475207,"meium":0.587170224282566,"none":0.19725232616054955},"expressive":{"dir-action":0.00229885060045977,"dir-explicit":0.3305966064661193,"dir-speech":0.34942528746988505,"indirect":0.11265462502253093,"writing-device":0.2050246304410049}},{"id":"수원왕갈비갈비찜","permalink":"","username":"asdfg","text":"맛이별루엿어요 느끼","date":"Mon Dec 10 23:59:44 +0000 2018","retweets":"30","favorites":"20","mentions":[],"hashtags":[],"geo":"","raw":"맛이별루엿어요 느끼","polarity":{"com":0,"pos":0.8333333335,"neg":0.12500000000000003,"neut":0.041666666500000005,"none":0},"intensity":{"high":0.0416666665,"low":0.0833333335,"meium":0.875,"none":0},"expressive":{"dir-action":0,"dir-explicit":0.25,"dir-speech":0.5416666665,"indirect":0.2083333335,"writing-device":0}},{"id":"수원왕갈비갈비찜","permalink":"","username":"asdfg","text":"완전 별로에요!매운갈비찜시켰는데 하나도 안매워서 전화해서 물어보니 매운걸 조금넣어서 그러타?라네요ㅡㅡ어이가없어서ㅋㅋㅋ진짜 일반갈비찜 보내노콘 변명을 어이없게하는게 웃겨서ㅋㅋㅋ진짜 두번다시 시켜먹고싶지않네요!!맛이며, 서비스며, 배달시간이나 별하나주기도 아깔울만큼 비츄에요","date":"Mon Dec 10 23:59:44 +0000 2018","retweets":"30","favorites":"20","mentions":[],"hashtags":[],"geo":"","raw":"완전 별로에요!매운갈비찜시켰는데 하나도 안매워서 전화해서 물어보니 매운걸 조금넣어서 그러타?라네요ㅡㅡ어이가없어서ㅋㅋㅋ진짜 일반갈비찜 보내노콘 변명을 어이없게하는게 웃겨서ㅋㅋㅋ진짜 두번다시 시켜먹고싶지않네요!!맛이며, 서비스며, 배달시간이나 별하나주기도 아깔울만큼 비츄에요","polarity":{"com":0.011263391165258744,"pos":0.5193100954350862,"neg":0.35656447866376273,"neut":0.08045229982327678,"none":0.032409734912615444},"intensity":{"high":0.08580387028451633,"low":0.15215137932065406,"meium":0.728751557522604,"none":0.03329319287222556},"expressive":{"dir-action":0.0034193676669516137,"dir-explicit":0.23951237356162602,"dir-speech":0.4957918685829827,"indirect":0.22080875997673408,"writing-device":0.04046763021170563}}]