[{"id":"명랑한찜닭-당산점","permalink":"","username":"asdfg","text":"제가 어제 리뷰가 없어서 시킬까 말까 고민을 엄청했거든요 ㅠㅠ 그래서 혹시나 저처럼 주문 못하고 고민하시는 분들이 있을까봐 어제 먹은 사진을 오늘 올려요 !! 배달도 빨랐고 맛도 있었어요 매운 맛 시켰는데 어제는 매운 게 너무 땡겨서 그런지 더 매워도 좋을 거 같다고 느꼈고, 처음에 조금 달게 느껴졌던 것 빼면 굿굿 !! 다음에 또 시켜먹을 예정이에요. 잘 먹었습니다 🙂","date":"Mon Dec 10 23:59:44 +0000 2018","retweets":"30","favorites":"20","mentions":[],"hashtags":[],"geo":"","raw":"제가 어제 리뷰가 없어서 시킬까 말까 고민을 엄청했거든요 ㅠㅠ 그래서 혹시나 저처럼 주문 못하고 고민하시는 분들이 있을까봐 어제 먹은 사진을 오늘 올려요 !! 배달도 빨랐고 맛도 있었어요 매운 맛 시켰는데 어제는 매운 게 너무 땡겨서 그런지 더 매워도 좋을 거 같다고 느꼈고, 처음에 조금 달게 느껴졌던 것 빼면 굿굿 !! 다음에 또 시켜먹을 예정이에요. 잘 먹었습니다 🙂","polarity":{"com":0.011133977198515471,"pos":0.486327948901823,"neg":0.3772401051830347,"neut":0.05168316695977558,"none":0.07361480175685137},"intensity":{"high":0.07021510839531897,"low":0.12070920505861936,"meium":0.7350777430176615,"none":0.07399794352840013},"expressive":{"dir-action":0.000383141766679438,"dir-explicit":0.2761690794758723,"dir-speech":0.34008338904466945,"indirect":0.26779328444225975,"writing-device":0.11557110527051905}},{"id":"명랑한찜닭-당산점","permalink":"","username":"asdfg","text":"앞으로 자주 시켜먹을꺼같아요","date":"Mon Dec 10 23:59:44 +0000 2018","retweets":"30","favorites":"20","mentions":[],"hashtags":[],"geo":"","raw":"앞으로 자주 시켜먹을꺼같아요","polarity":{"com":0,"pos":0.4761904760000001,"neg":0.375,"neut":0.07738095249999999,"none":0.0714285715},"intensity":{"high":0.0515873015,"low":0.38888888875000005,"meium":0.48809523825,"none":0.0714285715},"expressive":{"dir-action":0,"dir-explicit":0.16865079370783728,"dir-speech":0.6468253968382937,"indirect":0.059523809485119046,"writing-device":0.12499999996875}},{"id":"명랑한찜닭-당산점","permalink":"","username":"asdfg","text":"Good Food \n\n맛있는 음식 해주셔서 감사합니다.","date":"Mon Dec 10 23:59:44 +0000 2018","retweets":"30","favorites":"20","mentions":[],"hashtags":[],"geo":"","raw":"Good Food \n\n맛있는 음식 해주셔서 감사합니다.","polarity":{"com":0.0038314176666666665,"pos":0.44061302666666663,"neg":0.4674329503333334,"neut":0.02298850566666667,"none":0.06513409966666667},"intensity":{"high":0.37164750954278414,"low":0.04214559398595147,"meium":0.5172413791609195,"none":0.06896551731034482},"expressive":{"dir-action":0.003831417667943806,"dir-explicit":0.05363984668454662,"dir-speech":0.8045977012681992,"indirect":0.06130268202043423,"writing-device":0.07662835235887612}}]