[{"id":"계절밥상-여의도IFC점","permalink":"","username":"asdfg","text":"배달도 빠르고 맛있어용^^ 양도 엄청 많아요!! 감사합니다","date":"Mon Dec 10 23:59:44 +0000 2018","retweets":"30","favorites":"20","mentions":[],"hashtags":[],"geo":"","raw":"배달도 빠르고 맛있어용^^ 양도 엄청 많아요!! 감사합니다","polarity":{"com":0,"pos":0.6782608696000001,"neg":0.3130434782,"neut":0.008695652199999999,"none":0},"intensity":{"high":0.2521739130504348,"low":0.110144927422029,"meium":0.6376811595275362,"none":0},"expressive":{"dir-action":0,"dir-explicit":0.10434782602086957,"dir-speech":0.6434782609286956,"indirect":0.2521739130504348,"writing-device":0}},{"id":"계절밥상-여의도IFC점","permalink":"","username":"asdfg","text":"맛있었고 배달도 빨랐어요 무엇보다 따듯하게 배달되아서 좋네요","date":"Mon Dec 10 23:59:44 +0000 2018","retweets":"30","favorites":"20","mentions":[],"hashtags":[],"geo":"","raw":"맛있었고 배달도 빨랐어요 무엇보다 따듯하게 배달되아서 좋네요","polarity":{"com":0.0048048048000000005,"pos":0.7065225226,"neg":0.2692612612,"neut":0.0066066066,"none":0.0128048048},"intensity":{"high":0.0628228228,"low":0.0914834834,"meium":0.8322882884,"none":0.0134054054},"expressive":{"dir-action":0.0006006006000000001,"dir-explicit":0.1824624624,"dir-speech":0.458018018,"indirect":0.34551351359999993,"writing-device":0.0134054054}}]