[{"id":"브라더한정식도시락-노원상계점","permalink":"","username":"asdfg","text":"잘먹었습니다!\nGood!!","date":"Mon Dec 10 23:59:44 +0000 2018","retweets":"30","favorites":"20","mentions":[],"hashtags":[],"geo":"","raw":"잘먹었습니다!\nGood!!","polarity":{"com":0,"pos":0.7142857147142857,"neg":0.21428571421428572,"neut":0.07142857107142857,"none":0},"intensity":{"high":0,"low":0.214285714,"meium":0.785714286,"none":0},"expressive":{"dir-action":0,"dir-explicit":0.214285714,"dir-speech":0.142857143,"indirect":0.642857143,"writing-device":0}},{"id":"브라더한정식도시락-노원상계점","permalink":"","username":"asdfg","text":"만점을 줄수는 없으나 주저없이 다시 이용할만한 곳입니다","date":"Mon Dec 10 23:59:44 +0000 2018","retweets":"30","favorites":"20","mentions":[],"hashtags":[],"geo":"","raw":"만점을 줄수는 없으나 주저없이 다시 이용할만한 곳입니다","polarity":{"com":0.031003584328166068,"pos":0.5145929337475679,"neg":0.38417818743597026,"neut":0.04175627249304062,"none":0.028469021995255164},"intensity":{"high":0.07488479266666667,"low":0.01935483866666667,"meium":0.8769329236666668,"none":0.028827445000000004},"expressive":{"dir-action":0.0010752688333333334,"dir-explicit":0.24280593966666666,"dir-speech":0.41815156166666667,"indirect":0.3094982078333333,"writing-device":0.028469022}},{"id":"브라더한정식도시락-노원상계점","permalink":"","username":"asdfg","text":"맛있어요000000","date":"Mon Dec 10 23:59:44 +0000 2018","retweets":"30","favorites":"20","mentions":[],"hashtags":[],"geo":"","raw":"맛있어요000000","polarity":{"com":0,"pos":0,"neg":1,"neut":0,"none":0},"intensity":{"high":0,"low":0,"meium":1,"none":0},"expressive":{"dir-action":0,"dir-explicit":0,"dir-speech":1,"indirect":0,"writing-device":0}},{"id":"브라더한정식도시락-노원상계점","permalink":"","username":"asdfg","text":"기분좋게 맛있게 먹을 수 있는집!!\n대단히 만족합니다.\n깨끗하고 건강식단 좋습니다.\n또 주문할께요^^","date":"Mon Dec 10 23:59:44 +0000 2018","retweets":"30","favorites":"20","mentions":[],"hashtags":[],"geo":"","raw":"기분좋게 맛있게 먹을 수 있는집!!\n대단히 만족합니다.\n깨끗하고 건강식단 좋습니다.\n또 주문할께요^^","polarity":{"com":0.003519061636043722,"pos":0.3798589581472856,"neg":0.44308616114153765,"neut":0.062218963903434656,"none":0.11131685517169848},"intensity":{"high":0.19460736390909092,"low":0.06161942,"meium":0.632065354,"none":0.11170786209090909},"expressive":{"dir-action":0.0011730205455611836,"dir-explicit":0.3190639110290058,"dir-speech":0.44115812513101427,"indirect":0.11430107519220918,"writing-device":0.12430386810220942}},{"id":"브라더한정식도시락-노원상계점","permalink":"","username":"asdfg","text":"대박, 양도 맛도 충분합니다. 메인인 고기 반찬은 물론이고 서브 반찬들도 하나하나 신경을 쓴 티가 팍팍납니다. 다시 사먹고 싶은 맛입니다.","date":"Mon Dec 10 23:59:44 +0000 2018","retweets":"30","favorites":"20","mentions":[],"hashtags":[],"geo":"","raw":"대박, 양도 맛도 충분합니다. 메인인 고기 반찬은 물론이고 서브 반찬들도 하나하나 신경을 쓴 티가 팍팍납니다. 다시 사먹고 싶은 맛입니다.","polarity":{"com":0.0036827551538461535,"pos":0.43987793246153845,"neg":0.24069819076923074,"neut":0.1751580935384615,"none":0.14058302807692308},"intensity":{"high":0.05113758792701057,"low":0.03031053907925465,"meium":0.7772820316751756,"none":0.14126984131855921},"expressive":{"dir-action":0.006993006999462076,"dir-explicit":0.20867547490702498,"dir-speech":0.5057580490380186,"indirect":0.13703159591253603,"writing-device":0.14154187314295832}},{"id":"브라더한정식도시락-노원상계점","permalink":"","username":"asdfg","text":"맛있었습니다. 건강하고 고급진 맛이 나네요. 치즈닭양념볶음도 맛있습니다. 다만 제가 매운 걸 잘 못먹어서 그런지 약간 매워요. 두 메뉴다 양도 푸짐해서 알찬 식사했습니다.","date":"Mon Dec 10 23:59:44 +0000 2018","retweets":"30","favorites":"20","mentions":[],"hashtags":[],"geo":"","raw":"맛있었습니다. 건강하고 고급진 맛이 나네요. 치즈닭양념볶음도 맛있습니다. 다만 제가 매운 걸 잘 못먹어서 그런지 약간 매워요. 두 메뉴다 양도 푸짐해서 알찬 식사했습니다.","polarity":{"com":0.0061498460625,"pos":0.42872504093749997,"neg":0.373057194625,"neut":0.04066682331250001,"none":0.15140109506250002},"intensity":{"high":0.10047128225627946,"low":0.0594350050662147,"meium":0.6878124855429882,"none":0.15228122713451758},"expressive":{"dir-action":0.000590913499963068,"dir-explicit":0.1461649424908647,"dir-speech":0.3266261625420858,"indirect":0.37469656566408144,"writing-device":0.15192141580300492}},{"id":"브라더한정식도시락-노원상계점","permalink":"","username":"asdfg","text":"도시락중 최고 깔큼하고 포장도 잘되잇고 맛도 평타이상 임","date":"Mon Dec 10 23:59:44 +0000 2018","retweets":"30","favorites":"20","mentions":[],"hashtags":[],"geo":"","raw":"도시락중 최고 깔큼하고 포장도 잘되잇고 맛도 평타이상 임","polarity":{"com":0.0016420361430917192,"pos":0.6108667605158381,"neg":0.28204902661172127,"neut":0.02990851500427264,"none":0.07553366172507624},"intensity":{"high":0.07060755341848464,"low":0.14186019226544852,"meium":0.7054304480420814,"none":0.08210180627398546},"expressive":{"dir-action":0.0016420361433262959,"dir-explicit":0.34670419895620114,"dir-speech":0.2897020876542006,"indirect":0.2814919072232834,"writing-device":0.08045977002298851}},{"id":"브라더한정식도시락-노원상계점","permalink":"","username":"asdfg","text":"명불허전!\n대박 고급집입니다.\n맛또한 일품입니다^^\n자주자주 애용할 집입니다!","date":"Mon Dec 10 23:59:44 +0000 2018","retweets":"30","favorites":"20","mentions":[],"hashtags":[],"geo":"","raw":"명불허전!\n대박 고급집입니다.\n맛또한 일품입니다^^\n자주자주 애용할 집입니다!","polarity":{"com":0.006535947714285714,"pos":0.5387488328571429,"neg":0.22222222228571425,"neut":0.16900093371428573,"none":0.06349206342857143},"intensity":{"high":0.03641456572468987,"low":0.16619981319034277,"meium":0.7338935576382553,"none":0.06349206344671202},"expressive":{"dir-action":0,"dir-explicit":0.11951447257142858,"dir-speech":0.4864612511428571,"indirect":0.324929972,"writing-device":0.0690943042857143}},{"id":"브라더한정식도시락-노원상계점","permalink":"","username":"asdfg","text":"맘에들어요~ 야채 신선함요^^","date":"Mon Dec 10 23:59:44 +0000 2018","retweets":"30","favorites":"20","mentions":[],"hashtags":[],"geo":"","raw":"맘에들어요~ 야채 신선함요^^","polarity":{"com":0,"pos":0.5,"neg":0.5,"neut":0,"none":0},"intensity":{"high":0,"low":0,"meium":1,"none":0},"expressive":{"dir-action":0,"dir-explicit":0.5,"dir-speech":0.5,"indirect":0,"writing-device":0}},{"id":"브라더한정식도시락-노원상계점","permalink":"","username":"asdfg","text":"매우 맛있게 잘 먹었습니다.\n굿!","date":"Mon Dec 10 23:59:44 +0000 2018","retweets":"30","favorites":"20","mentions":[],"hashtags":[],"geo":"","raw":"매우 맛있게 잘 먹었습니다.\n굿!","polarity":{"com":0,"pos":0.9047619049682539,"neg":0.07142857135714285,"neut":0.023809523674603175,"none":0},"intensity":{"high":0.3333333333333333,"low":0.07142857133333333,"meium":0.5952380953333334,"none":0},"expressive":{"dir-action":0,"dir-explicit":0.18253968233333331,"dir-speech":0.047619047666666664,"indirect":0.76984127,"writing-device":0}},{"id":"브라더한정식도시락-노원상계점","permalink":"","username":"asdfg","text":"상자로 배달 온게 그럴싸해서 기대하고 열었는데 밥에서 머리카락이 주욱 나와서 상대방도 식욕뚝 떨어졌네요..\n밥은 많은데 메인 반찬이 적어서 가성비가 떨어져요","date":"Mon Dec 10 23:59:44 +0000 2018","retweets":"30","favorites":"20","mentions":[],"hashtags":[],"geo":"","raw":"상자로 배달 온게 그럴싸해서 기대하고 열었는데 밥에서 머리카락이 주욱 나와서 상대방도 식욕뚝 떨어졌네요..\n밥은 많은데 메인 반찬이 적어서 가성비가 떨어져요","polarity":{"com":0.008484371666101042,"pos":0.4417044725038864,"neg":0.4082037661727864,"neut":0.1041260787263916,"none":0.03748131093083458},"intensity":{"high":0.07068148374275751,"low":0.14176153475223485,"meium":0.6825200800243361,"none":0.10503690148067159},"expressive":{"dir-action":0.005055590467340745,"dir-explicit":0.2689600913691947,"dir-speech":0.3959806355194641,"indirect":0.2927048764390273,"writing-device":0.037298806204973174}},{"id":"브라더한정식도시락-노원상계점","permalink":"","username":"asdfg","text":"패키지가 깔끔하고 음식도 싸구려 분식은 아니네요. 맛이 괜찮습니다.","date":"Mon Dec 10 23:59:44 +0000 2018","retweets":"30","favorites":"20","mentions":[],"hashtags":[],"geo":"","raw":"패키지가 깔끔하고 음식도 싸구려 분식은 아니네요. 맛이 괜찮습니다.","polarity":{"com":0.009804804798039038,"pos":0.4808558559038288,"neg":0.3198326897360335,"neut":0.0588685113882263,"none":0.13063813817387235},"intensity":{"high":0.08353710860000002,"low":0.061102531,"meium":0.7223359072,"none":0.1330244532},"expressive":{"dir-action":0.0006006005998798799,"dir-explicit":0.27460531954507894,"dir-speech":0.40718468451856304,"indirect":0.18779922796244017,"writing-device":0.12981016737403797}},{"id":"브라더한정식도시락-노원상계점","permalink":"","username":"asdfg","text":"맛있어요~~~~~~","date":"Mon Dec 10 23:59:44 +0000 2018","retweets":"30","favorites":"20","mentions":[],"hashtags":[],"geo":"","raw":"맛있어요~~~~~~","polarity":{"com":0,"pos":0,"neg":1,"neut":0,"none":0},"intensity":{"high":0,"low":0,"meium":1,"none":0},"expressive":{"dir-action":0,"dir-explicit":0,"dir-speech":1,"indirect":0,"writing-device":0}},{"id":"브라더한정식도시락-노원상계점","permalink":"","username":"asdfg","text":"도시락이 너무 고급스럽고 맛도 깔끔하니 좋아요~ 고기에 냄새도 안나고 완전 만족스럽네요","date":"Mon Dec 10 23:59:44 +0000 2018","retweets":"30","favorites":"20","mentions":[],"hashtags":[],"geo":"","raw":"도시락이 너무 고급스럽고 맛도 깔끔하니 좋아요~ 고기에 냄새도 안나고 완전 만족스럽네요","polarity":{"com":0.0141671082,"pos":0.43414361430000004,"neg":0.4232335718,"neut":0.1158033033,"none":0.012652402400000002},"intensity":{"high":0.197955529,"low":0.012408408400000001,"meium":0.7766833599,"none":0.012952702700000002},"expressive":{"dir-action":0.00030030030006006006,"dir-explicit":0.28056946645611386,"dir-speech":0.35952371487190476,"indirect":0.34040381566808076,"writing-device":0.019202702703840543}},{"id":"브라더한정식도시락-노원상계점","permalink":"","username":"asdfg","text":"맛있어서 자주시켜먹어요~","date":"Mon Dec 10 23:59:44 +0000 2018","retweets":"30","favorites":"20","mentions":[],"hashtags":[],"geo":"","raw":"맛있어서 자주시켜먹어요~","polarity":{"com":0,"pos":0.259259259,"neg":0.7407407409999999,"neut":0,"none":0},"intensity":{"high":0.09259259263580247,"low":0.09259259263580247,"meium":0.8148148147283951,"none":0},"expressive":{"dir-action":0.018518518666666667,"dir-explicit":0.20370370366666668,"dir-speech":0.6666666666666666,"indirect":0.111111111,"writing-device":0}},{"id":"브라더한정식도시락-노원상계점","permalink":"","username":"asdfg","text":"포장이 완전 마음에 들어요 대체로 맛있었음","date":"Mon Dec 10 23:59:44 +0000 2018","retweets":"30","favorites":"20","mentions":[],"hashtags":[],"geo":"","raw":"포장이 완전 마음에 들어요 대체로 맛있었음","polarity":{"com":0,"pos":0.225,"neg":0.775,"neut":0,"none":0},"intensity":{"high":0,"low":0.05,"meium":0.95,"none":0},"expressive":{"dir-action":0,"dir-explicit":0.2,"dir-speech":0.5,"indirect":0.3,"writing-device":0}},{"id":"브라더한정식도시락-노원상계점","permalink":"","username":"asdfg","text":"맛있어요000000","date":"Mon Dec 10 23:59:44 +0000 2018","retweets":"30","favorites":"20","mentions":[],"hashtags":[],"geo":"","raw":"맛있어요000000","polarity":{"com":0,"pos":0,"neg":1,"neut":0,"none":0},"intensity":{"high":0,"low":0,"meium":1,"none":0},"expressive":{"dir-action":0,"dir-explicit":0,"dir-speech":1,"indirect":0,"writing-device":0}},{"id":"브라더한정식도시락-노원상계점","permalink":"","username":"asdfg","text":"맛있습니다! 강추!","date":"Mon Dec 10 23:59:44 +0000 2018","retweets":"30","favorites":"20","mentions":[],"hashtags":[],"geo":"","raw":"맛있습니다! 강추!","polarity":{"com":0,"pos":0,"neg":1,"neut":0,"none":0},"intensity":{"high":0,"low":0,"meium":1,"none":0},"expressive":{"dir-action":0,"dir-explicit":0,"dir-speech":1,"indirect":0,"writing-device":0}},{"id":"브라더한정식도시락-노원상계점","permalink":"","username":"asdfg","text":"맛있어요맛있어요ㅇㅇ","date":"Mon Dec 10 23:59:44 +0000 2018","retweets":"30","favorites":"20","mentions":[],"hashtags":[],"geo":"","raw":"맛있어요맛있어요ㅇㅇ","polarity":{"com":0,"pos":0,"neg":1,"neut":0,"none":0},"intensity":{"high":0,"low":0,"meium":1,"none":0},"expressive":{"dir-action":0,"dir-explicit":0,"dir-speech":1,"indirect":0,"writing-device":0}},{"id":"브라더한정식도시락-노원상계점","permalink":"","username":"asdfg","text":"깔끔하고 맛있게 잘 먹었습니다!!","date":"Mon Dec 10 23:59:44 +0000 2018","retweets":"30","favorites":"20","mentions":[],"hashtags":[],"geo":"","raw":"깔끔하고 맛있게 잘 먹었습니다!!","polarity":{"com":0.008008008002669337,"pos":0.44229944248076647,"neg":0.5068640068356214,"neut":0.034820534678273514,"none":0.008008008002669337},"intensity":{"high":0.038038038,"low":0.09945659933333333,"meium":0.8534963536666668,"none":0.009009009},"expressive":{"dir-action":0.001001001,"dir-explicit":0.1755326753333333,"dir-speech":0.410982411,"indirect":0.40347490366666666,"writing-device":0.009009009}},{"id":"브라더한정식도시락-노원상계점","permalink":"","username":"asdfg","text":"맛있어요맛있어요ㅇㅇ","date":"Mon Dec 10 23:59:44 +0000 2018","retweets":"30","favorites":"20","mentions":[],"hashtags":[],"geo":"","raw":"맛있어요맛있어요ㅇㅇ","polarity":{"com":0,"pos":0,"neg":1,"neut":0,"none":0},"intensity":{"high":0,"low":0,"meium":1,"none":0},"expressive":{"dir-action":0,"dir-explicit":0,"dir-speech":1,"indirect":0,"writing-device":0}},{"id":"브라더한정식도시락-노원상계점","permalink":"","username":"asdfg","text":"너무 맛있어요!\n밥하기 귀찮아서 주문\n상자에 담겨 고급스럽구요","date":"Mon Dec 10 23:59:44 +0000 2018","retweets":"30","favorites":"20","mentions":[],"hashtags":[],"geo":"","raw":"너무 맛있어요!\n밥하기 귀찮아서 주문\n상자에 담겨 고급스럽구요","polarity":{"com":0.028571428600000004,"pos":0.2937399680000001,"neg":0.5743178170000002,"neut":0.013483146000000001,"none":0.08988764040000002},"intensity":{"high":0.0353130016070626,"low":0.14205457462841092,"meium":0.6327447833265489,"none":0.18988764043797754},"expressive":{"dir-action":0,"dir-explicit":0.45024077030995185,"dir-speech":0.18410914936317818,"indirect":0.2510433387497914,"writing-device":0.11460674157707866}},{"id":"브라더한정식도시락-노원상계점","permalink":"","username":"asdfg","text":"맛있어요맛있어요ㅇㅇ","date":"Mon Dec 10 23:59:44 +0000 2018","retweets":"30","favorites":"20","mentions":[],"hashtags":[],"geo":"","raw":"맛있어요맛있어요ㅇㅇ","polarity":{"com":0,"pos":0,"neg":1,"neut":0,"none":0},"intensity":{"high":0,"low":0,"meium":1,"none":0},"expressive":{"dir-action":0,"dir-explicit":0,"dir-speech":1,"indirect":0,"writing-device":0}},{"id":"브라더한정식도시락-노원상계점","permalink":"","username":"asdfg","text":"양도 푸짐하고 맛있게 잘먹을게요ㅎㅎ","date":"Mon Dec 10 23:59:44 +0000 2018","retweets":"30","favorites":"20","mentions":[],"hashtags":[],"geo":"","raw":"양도 푸짐하고 맛있게 잘먹을게요ㅎㅎ","polarity":{"com":0.008008008002669337,"pos":0.44229944248076647,"neg":0.5068640068356214,"neut":0.034820534678273514,"none":0.008008008002669337},"intensity":{"high":0.038038038,"low":0.09945659933333333,"meium":0.8534963536666668,"none":0.009009009},"expressive":{"dir-action":0.001001001,"dir-explicit":0.1755326753333333,"dir-speech":0.410982411,"indirect":0.40347490366666666,"writing-device":0.009009009}},{"id":"브라더한정식도시락-노원상계점","permalink":"","username":"asdfg","text":"양도많고 많도짱 포장도고급ㅎ","date":"Mon Dec 10 23:59:44 +0000 2018","retweets":"30","favorites":"20","mentions":[],"hashtags":[],"geo":"","raw":"양도많고 많도짱 포장도고급ㅎ","polarity":{"com":0,"pos":0.17210144933333332,"neg":0.8134057969999999,"neut":0.014492753666666663,"none":0},"intensity":{"high":0.08695652169565217,"low":0.15579710138526567,"meium":0.7572463769190821,"none":0},"expressive":{"dir-action":0,"dir-explicit":0.3405797101135266,"dir-speech":0.07246376802415459,"indirect":0.586956521862319,"writing-device":0}},{"id":"브라더한정식도시락-노원상계점","permalink":"","username":"asdfg","text":"배달 예상시간보다 빨리왔고 배달해주시는분도 친절했어요~ 도시락이 상자에 배달오니 뭔가 고급스러웠어요! 기본적으로 안에 수저,젓가락,휴지 다 있어요! 젓가락은 긴 고급젓가락이었어요. 음식 상태나 밥, 국 모두 최상이었고 야채상태도 매우 좋았어요. 먹으면서 그게 느껴져요. 근데 미역국 맛이 심심해서 아쉬웠어요. 국은 오히려 저희 애기 입맛에 맞았는지 애기가 잘먹었어요. 전반적인 평가는 배부르게 먹을수있어서 좋았습니다.","date":"Mon Dec 10 23:59:44 +0000 2018","retweets":"30","favorites":"20","mentions":[],"hashtags":[],"geo":"","raw":"배달 예상시간보다 빨리왔고 배달해주시는분도 친절했어요~ 도시락이 상자에 배달오니 뭔가 고급스러웠어요! 기본적으로 안에 수저,젓가락,휴지 다 있어요! 젓가락은 긴 고급젓가락이었어요. 음식 상태나 밥, 국 모두 최상이었고 야채상태도 매우 좋았어요. 먹으면서 그게 느껴져요. 근데 미역국 맛이 심심해서 아쉬웠어요. 국은 오히려 저희 애기 입맛에 맞았는지 애기가 잘먹었어요. 전반적인 평가는 배부르게 먹을수있어서 좋았습니다.","polarity":{"com":0.009171200424520338,"pos":0.49264071343917093,"neg":0.39947197895149905,"neut":0.0361749993950356,"none":0.06254110778977398},"intensity":{"high":0.12789872468216953,"low":0.08212744913116696,"meium":0.711720979025663,"none":0.07825284716100032},"expressive":{"dir-action":0.00041999703030303024,"dir-explicit":0.2419374679696969,"dir-speech":0.4049728624848485,"indirect":0.28812153993939393,"writing-device":0.06454813257575756}}]