[{"id":"오봉도시락-당산동점","permalink":"","username":"asdfg","text":"평소엔 괜찮았는데 오늘은 배달도 늦으시고 미니탕수육도 2개를 한봉지에 같이 담아주셨더라구요. 양도 1개반정도 되는거같구요. 다른분들은 시키실때 꼭 따로 담아달라고 하고 시키세요. 오늘 좀 실망이네요","date":"Mon Dec 10 23:59:44 +0000 2018","retweets":"30","favorites":"20","mentions":[],"hashtags":[],"geo":"","raw":"평소엔 괜찮았는데 오늘은 배달도 늦으시고 미니탕수육도 2개를 한봉지에 같이 담아주셨더라구요. 양도 1개반정도 되는거같구요. 다른분들은 시키실때 꼭 따로 담아달라고 하고 시키세요. 오늘 좀 실망이네요","polarity":{"com":0.01042466862434846,"pos":0.4265300672233419,"neg":0.36374840497726574,"neut":0.10811434349324288,"none":0.09118251568180112},"intensity":{"high":0.11238534255547587,"low":0.17837734836385144,"meium":0.6173364025864164,"none":0.09190090649425621},"expressive":{"dir-action":0.004986791436253302,"dir-explicit":0.21556294275860924,"dir-speech":0.4213058875821735,"indirect":0.19822541388794365,"writing-device":0.15991896433502026}},{"id":"오봉도시락-당산동점","permalink":"","username":"asdfg","text":"나쁘지않은것같아요 ㅎㅎ","date":"Mon Dec 10 23:59:44 +0000 2018","retweets":"30","favorites":"20","mentions":[],"hashtags":[],"geo":"","raw":"나쁘지않은것같아요 ㅎㅎ","polarity":{"com":0,"pos":0.045454545477272734,"neg":0.681818181659091,"neut":0.045454545477272734,"none":0.22727272738636367},"intensity":{"high":0.1666666665,"low":0,"meium":0.606060606,"none":0.2272727275},"expressive":{"dir-action":0,"dir-explicit":0.3030303028484848,"dir-speech":0.09090909095454545,"indirect":0.37878787881060605,"writing-device":0.22727272738636362}},{"id":"오봉도시락-당산동점","permalink":"","username":"asdfg","text":"맛있어요맛있어요맛있어요","date":"Mon Dec 10 23:59:44 +0000 2018","retweets":"30","favorites":"20","mentions":[],"hashtags":[],"geo":"","raw":"맛있어요맛있어요맛있어요","polarity":{"com":0,"pos":0,"neg":1,"neut":0,"none":0},"intensity":{"high":0,"low":0,"meium":1,"none":0},"expressive":{"dir-action":0,"dir-explicit":0,"dir-speech":1,"indirect":0,"writing-device":0}},{"id":"오봉도시락-당산동점","permalink":"","username":"asdfg","text":"항상 맛있는 도시락 감사합니다","date":"Mon Dec 10 23:59:44 +0000 2018","retweets":"30","favorites":"20","mentions":[],"hashtags":[],"geo":"","raw":"항상 맛있는 도시락 감사합니다","polarity":{"com":0,"pos":1,"neg":0,"neut":0,"none":0},"intensity":{"high":0.5,"low":0,"meium":0.5,"none":0},"expressive":{"dir-action":0,"dir-explicit":0.25,"dir-speech":0.75,"indirect":0,"writing-device":0}},{"id":"오봉도시락-당산동점","permalink":"","username":"asdfg","text":"간단하게 먹을만합니다","date":"Mon Dec 10 23:59:44 +0000 2018","retweets":"30","favorites":"20","mentions":[],"hashtags":[],"geo":"","raw":"간단하게 먹을만합니다","polarity":{"com":0.012012012,"pos":0.472972973,"neg":0.4864864865,"neut":0.0165165165,"none":0.012012012},"intensity":{"high":0.11261261250000001,"low":0.15315315300000001,"meium":0.7207207210000001,"none":0.013513513500000001},"expressive":{"dir-action":0.0015015015,"dir-explicit":0.267267267,"dir-speech":0.433933934,"indirect":0.283783784,"writing-device":0.0135135135}},{"id":"오봉도시락-당산동점","permalink":"","username":"asdfg","text":"깔끔하고맛있어여~~~^^","date":"Mon Dec 10 23:59:44 +0000 2018","retweets":"30","favorites":"20","mentions":[],"hashtags":[],"geo":"","raw":"깔끔하고맛있어여~~~^^","polarity":{"com":0.012012012,"pos":0.3063063065,"neg":0.653153153,"neut":0.0165165165,"none":0.012012012},"intensity":{"high":0.057057057,"low":0.042042042,"meium":0.8873873875,"none":0.0135135135},"expressive":{"dir-action":0.0015015015000000005,"dir-explicit":0.15615615600000002,"dir-speech":0.5450450450000001,"indirect":0.28378378400000004,"writing-device":0.013513513500000003}},{"id":"오봉도시락-당산동점","permalink":"","username":"asdfg","text":"도시락은 여기에요~! 대량주문도 잘해주세요^^","date":"Mon Dec 10 23:59:44 +0000 2018","retweets":"30","favorites":"20","mentions":[],"hashtags":[],"geo":"","raw":"도시락은 여기에요~! 대량주문도 잘해주세요^^","polarity":{"com":0.0084745765,"pos":0.6779661015,"neg":0.279661017,"neut":0.0169491525,"none":0.0169491525},"intensity":{"high":0.05084745752542373,"low":0.06779661003389831,"meium":0.8644067799322034,"none":0.016949152508474577},"expressive":{"dir-action":0,"dir-explicit":0.6355932205,"dir-speech":0.279661017,"indirect":0.06779661,"writing-device":0.0169491525}},{"id":"오봉도시락-당산동점","permalink":"","username":"asdfg","text":"깔끔하고 배달빠르고 맛있어요","date":"Mon Dec 10 23:59:44 +0000 2018","retweets":"30","favorites":"20","mentions":[],"hashtags":[],"geo":"","raw":"깔끔하고 배달빠르고 맛있어요","polarity":{"com":0.008008007999999999,"pos":0.5375375376666666,"neg":0.4354354353333333,"neut":0.011011011,"none":0.008008007999999999},"intensity":{"high":0.038038038,"low":0.028028028,"meium":0.924924925,"none":0.009009009},"expressive":{"dir-action":0.0010010010000000003,"dir-explicit":0.104104104,"dir-speech":0.6966966966666668,"indirect":0.18918918933333334,"writing-device":0.009009009}},{"id":"오봉도시락-당산동점","permalink":"","username":"asdfg","text":"다음부터는 잊지말고 배달잘해주셔요","date":"Mon Dec 10 23:59:44 +0000 2018","retweets":"30","favorites":"20","mentions":[],"hashtags":[],"geo":"","raw":"다음부터는 잊지말고 배달잘해주셔요","polarity":{"com":0,"pos":0.5333333333833333,"neg":0.3833333333458333,"neut":0.08333333327083334,"none":0},"intensity":{"high":0.13333333328333333,"low":0.13333333328333333,"meium":0.7333333334333333,"none":0},"expressive":{"dir-action":0,"dir-explicit":0.23333333325,"dir-speech":0.55,"indirect":0.21666666675000001,"writing-device":0}},{"id":"오봉도시락-당산동점","permalink":"","username":"asdfg","text":"맛잇어여맛잇어요맛잇어요","date":"Mon Dec 10 23:59:44 +0000 2018","retweets":"30","favorites":"20","mentions":[],"hashtags":[],"geo":"","raw":"맛잇어여맛잇어요맛잇어요","polarity":{"com":0,"pos":1,"neg":0,"neut":0,"none":0},"intensity":{"high":0,"low":0,"meium":1,"none":0},"expressive":{"dir-action":0,"dir-explicit":0,"dir-speech":1,"indirect":0,"writing-device":0}},{"id":"오봉도시락-당산동점","permalink":"","username":"asdfg","text":"도시락은 여기가 정말 맛있어요!!","date":"Mon Dec 10 23:59:44 +0000 2018","retweets":"30","favorites":"20","mentions":[],"hashtags":[],"geo":"","raw":"도시락은 여기가 정말 맛있어요!!","polarity":{"com":0.011602098666666666,"pos":0.25554882966666664,"neg":0.674535916,"neut":0.03808514933333334,"none":0.02022800633333333},"intensity":{"high":0.08746973369582324,"low":0.08091202569363734,"meium":0.8084140436028047,"none":0.023204197007734732},"expressive":{"dir-action":0,"dir-explicit":0.21539548033333333,"dir-speech":0.623940678,"indirect":0.14043583533333334,"writing-device":0.02022800633333333}},{"id":"오봉도시락-당산동점","permalink":"","username":"asdfg","text":"자주이용하고잇습니다~~좋습니다 ㅎㄹㅎ","date":"Mon Dec 10 23:59:44 +0000 2018","retweets":"30","favorites":"20","mentions":[],"hashtags":[],"geo":"","raw":"자주이용하고잇습니다~~좋습니다 ㅎㄹㅎ","polarity":{"com":0,"pos":0.64,"neg":0.18000000000000002,"neut":0,"none":0.18000000000000002},"intensity":{"high":0.06666666666666667,"low":0.3466666666666667,"meium":0.24,"none":0.3466666666666667},"expressive":{"dir-action":0,"dir-explicit":0.19999999999999998,"dir-speech":0.39999999999999997,"indirect":0.05333333333333334,"writing-device":0.3466666666666667}},{"id":"오봉도시락-당산동점","permalink":"","username":"asdfg","text":"음식이고급지구깔끔하구맛있어여^^","date":"Mon Dec 10 23:59:44 +0000 2018","retweets":"30","favorites":"20","mentions":[],"hashtags":[],"geo":"","raw":"음식이고급지구깔끔하구맛있어여^^","polarity":{"com":0.013715257000000002,"pos":0.26108266875,"neg":0.6867087350000001,"neut":0.03028469,"none":0.00820864925},"intensity":{"high":0.05496024651374007,"low":0.05406066851351517,"meium":0.8809183634702296,"none":0.01006072150251518},"expressive":{"dir-action":0.0018520722504630181,"dir-explicit":0.18160230704540056,"dir-speech":0.6128308926532078,"indirect":0.19365400654841347,"writing-device":0.01006072150251518}},{"id":"오봉도시락-당산동점","permalink":"","username":"asdfg","text":"오늘도 맛잇게 먹었습니다!","date":"Mon Dec 10 23:59:44 +0000 2018","retweets":"30","favorites":"20","mentions":[],"hashtags":[],"geo":"","raw":"오늘도 맛잇게 먹었습니다!","polarity":{"com":0.0035714285000000004,"pos":0.27380952350000004,"neg":0.49761904800000006,"neut":0.007142857000000001,"none":0.21785714300000003},"intensity":{"high":0.126984127,"low":0.168253968,"meium":0.486904762,"none":0.217857143},"expressive":{"dir-action":0,"dir-explicit":0.20396825389801587,"dir-speech":0.5388888887305555,"indirect":0.042857142978571426,"writing-device":0.21428571439285712}},{"id":"오봉도시락-당산동점","permalink":"","username":"asdfg","text":"가격대비괘안네여~~~~^^","date":"Mon Dec 10 23:59:44 +0000 2018","retweets":"30","favorites":"20","mentions":[],"hashtags":[],"geo":"","raw":"가격대비괘안네여~~~~^^","polarity":{"com":0,"pos":0.6666666668333333,"neg":0.16666666658333332,"neut":0.16666666658333332,"none":0},"intensity":{"high":0,"low":0.3333333335,"meium":0.6666666665000001,"none":0},"expressive":{"dir-action":0,"dir-explicit":0,"dir-speech":0.3333333335,"indirect":0.6666666665000001,"writing-device":0}},{"id":"오봉도시락-당산동점","permalink":"","username":"asdfg","text":"항상 맛잇게 먹습니당 ㅎㅎ","date":"Mon Dec 10 23:59:44 +0000 2018","retweets":"30","favorites":"20","mentions":[],"hashtags":[],"geo":"","raw":"항상 맛잇게 먹습니당 ㅎㅎ","polarity":{"com":0,"pos":0.6666666665000001,"neg":0.3333333335,"neut":0,"none":0},"intensity":{"high":0.0555555555,"low":0.111111111,"meium":0.8333333334999999,"none":0},"expressive":{"dir-action":0,"dir-explicit":0.361111111,"dir-speech":0.638888889,"indirect":0,"writing-device":0}},{"id":"오봉도시락-당산동점","permalink":"","username":"asdfg","text":"항상 맛있는 도시락 감사합니다~!","date":"Mon Dec 10 23:59:44 +0000 2018","retweets":"30","favorites":"20","mentions":[],"hashtags":[],"geo":"","raw":"항상 맛있는 도시락 감사합니다~!","polarity":{"com":0,"pos":1,"neg":0,"neut":0,"none":0},"intensity":{"high":0.5,"low":0,"meium":0.5,"none":0},"expressive":{"dir-action":0,"dir-explicit":0.25,"dir-speech":0.75,"indirect":0,"writing-device":0}},{"id":"오봉도시락-당산동점","permalink":"","username":"asdfg","text":"가격 대비 그럭저럭 괜찮은 듯","date":"Mon Dec 10 23:59:44 +0000 2018","retweets":"30","favorites":"20","mentions":[],"hashtags":[],"geo":"","raw":"가격 대비 그럭저럭 괜찮은 듯","polarity":{"com":0,"pos":0.75,"neg":0.1666666665,"neut":0,"none":0.0833333335},"intensity":{"high":0,"low":0.08333333345833334,"meium":0.8333333330833335,"none":0.08333333345833334},"expressive":{"dir-action":0,"dir-explicit":0.0833333335,"dir-speech":0.1666666665,"indirect":0.6666666665000001,"writing-device":0.0833333335}},{"id":"오봉도시락-당산동점","permalink":"","username":"asdfg","text":"매생이 국이 안오고 같은 오뎅국물 2개가 옴ㅋ \n대체로 맛있었어요~ 양도 괜찮구 국빼공ㅋㅋㅋ","date":"Mon Dec 10 23:59:44 +0000 2018","retweets":"30","favorites":"20","mentions":[],"hashtags":[],"geo":"","raw":"매생이 국이 안오고 같은 오뎅국물 2개가 옴ㅋ \n대체로 맛있었어요~ 양도 괜찮구 국빼공ㅋㅋㅋ","polarity":{"com":0.019318181833333333,"pos":0.3256673881666667,"neg":0.4831529581666667,"neut":0.03958333333333333,"none":0.1322781385},"intensity":{"high":0.1573773448595629,"low":0.05963203450993867,"meium":0.6492243867748708,"none":0.13376623385562772},"expressive":{"dir-action":0,"dir-explicit":0.3531926407744679,"dir-speech":0.3077110389487148,"indirect":0.20007215013332133,"writing-device":0.139024170143496}},{"id":"오봉도시락-당산동점","permalink":"","username":"asdfg","text":"김치찌개 살짝 슴슴한거빼고는 만족해용","date":"Mon Dec 10 23:59:44 +0000 2018","retweets":"30","favorites":"20","mentions":[],"hashtags":[],"geo":"","raw":"김치찌개 살짝 슴슴한거빼고는 만족해용","polarity":{"com":0,"pos":0,"neg":1,"neut":0,"none":0},"intensity":{"high":0,"low":0,"meium":1,"none":0},"expressive":{"dir-action":0,"dir-explicit":0.5,"dir-speech":0.25,"indirect":0,"writing-device":0.25}},{"id":"오봉도시락-당산동점","permalink":"","username":"asdfg","text":"생각보다 맛있었습니다!","date":"Mon Dec 10 23:59:44 +0000 2018","retweets":"30","favorites":"20","mentions":[],"hashtags":[],"geo":"","raw":"생각보다 맛있었습니다!","polarity":{"com":0,"pos":0.375,"neg":0.333333333,"neut":0.25,"none":0.041666667},"intensity":{"high":0.083333333,"low":0.25,"meium":0.625,"none":0.041666667},"expressive":{"dir-action":0,"dir-explicit":0.375,"dir-speech":0.458333333,"indirect":0.125,"writing-device":0.041666667}},{"id":"오봉도시락-당산동점","permalink":"","username":"asdfg","text":"오보도시락은 여기가 젤 맛나요!!","date":"Mon Dec 10 23:59:44 +0000 2018","retweets":"30","favorites":"20","mentions":[],"hashtags":[],"geo":"","raw":"오보도시락은 여기가 젤 맛나요!!","polarity":{"com":0.011602098666666665,"pos":0.588882163,"neg":0.34120258266666664,"neut":0.03808514933333333,"none":0.020228006333333326},"intensity":{"high":0.08746973369582324,"low":0.08091202569363734,"meium":0.8084140436028047,"none":0.023204197007734732},"expressive":{"dir-action":0,"dir-explicit":0.21539548033333333,"dir-speech":0.623940678,"indirect":0.14043583533333334,"writing-device":0.02022800633333333}},{"id":"오봉도시락-당산동점","permalink":"","username":"asdfg","text":"굳","date":"Mon Dec 10 23:59:44 +0000 2018","retweets":"30","favorites":"20","mentions":[],"hashtags":[],"geo":"","raw":"굳굳굳굳굳굳굳굳굳굳","polarity":{"com":null,"pos":null,"neg":null,"neut":null,"none":null},"intensity":{"high":null,"low":null,"meium":null,"none":null},"expressive":{"dir-action":null,"dir-explicit":null,"dir-speech":null,"indirect":null,"writing-device":null}},{"id":"오봉도시락-당산동점","permalink":"","username":"asdfg","text":"굳굳굳굳굳굳굳굳그ㅡㅡ","date":"Mon Dec 10 23:59:44 +0000 2018","retweets":"30","favorites":"20","mentions":[],"hashtags":[],"geo":"","raw":"굳굳굳굳굳굳굳굳그ㅡㅡ","polarity":{"com":0,"pos":1,"neg":0,"neut":0,"none":0},"intensity":{"high":0,"low":1,"meium":0,"none":0},"expressive":{"dir-action":0,"dir-explicit":1,"dir-speech":0,"indirect":0,"writing-device":0}},{"id":"오봉도시락-당산동점","permalink":"","username":"asdfg","text":"한번도 안먹어본사람은 있어도\n한번만 먹은사람은 없을듯하네요 !","date":"Mon Dec 10 23:59:44 +0000 2018","retweets":"30","favorites":"20","mentions":[],"hashtags":[],"geo":"","raw":"한번도 안먹어본사람은 있어도\n한번만 먹은사람은 없을듯하네요 !","polarity":{"com":0.008333333398333333,"pos":0.08333333338333335,"neg":0.8833333332233334,"neut":0.01666666659666667,"none":0.008333333398333333},"intensity":{"high":0.03333333339999999,"low":0.016666666599999998,"meium":0.9416666666,"none":0.008333333399999997},"expressive":{"dir-action":0,"dir-explicit":0.2666666666533334,"dir-speech":0.5916666667183333,"indirect":0.125000000025,"writing-device":0.016666666603333335}},{"id":"오봉도시락-당산동점","permalink":"","username":"asdfg","text":"그냥저냥 한끼 먹기 좋았어요^^","date":"Mon Dec 10 23:59:44 +0000 2018","retweets":"30","favorites":"20","mentions":[],"hashtags":[],"geo":"","raw":"그냥저냥 한끼 먹기 좋았어요^^","polarity":{"com":0,"pos":0.6629213485000001,"neg":0.0786516855,"neut":0.033707865,"none":0.224719101},"intensity":{"high":0.016853932508426962,"low":0.033707865016853925,"meium":0.7247191013623595,"none":0.22471910111235954},"expressive":{"dir-action":0,"dir-explicit":0.08988764045505618,"dir-speech":0.06741573046629214,"indirect":0.5561797752219101,"writing-device":0.2865168538567415}},{"id":"오봉도시락-당산동점","permalink":"","username":"asdfg","text":"자주시켜먹어요 배달도빠르고 맛있는데..해물짬뽕우동 조개살?몇개에서 이상한맛이 약간나고 돌까지 씹혔어요ㅠㅠ흑","date":"Mon Dec 10 23:59:44 +0000 2018","retweets":"30","favorites":"20","mentions":[],"hashtags":[],"geo":"","raw":"자주시켜먹어요 배달도빠르고 맛있는데..해물짬뽕우동 조개살?몇개에서 이상한맛이 약간나고 돌까지 씹혔어요ㅠㅠ흑","polarity":{"com":0,"pos":0.5242063491,"neg":0.4632936509,"neut":0.0125,"none":0},"intensity":{"high":0.04742063489525793,"low":0.07361111109263889,"meium":0.8789682540121031,"none":0},"expressive":{"dir-action":0.0055555555999999996,"dir-explicit":0.1575396825,"dir-speech":0.5517857143,"indirect":0.2851190476,"writing-device":0}},{"id":"오봉도시락-당산동점","permalink":"","username":"asdfg","text":"구성과 가격이 친절하여 더 자주 이용하겠습니다.","date":"Mon Dec 10 23:59:44 +0000 2018","retweets":"30","favorites":"20","mentions":[],"hashtags":[],"geo":"","raw":"구성과 가격이 친절하여 더 자주 이용하겠습니다.","polarity":{"com":0.017730676203546132,"pos":0.6440844691288168,"neg":0.2626567390525313,"neut":0.05947895101189577,"none":0.01604916460320983},"intensity":{"high":0.09926958761985391,"low":0.2978180596595636,"meium":0.5855520233171104,"none":0.017360329403472066},"expressive":{"dir-action":0.0021713798004342755,"dir-explicit":0.29511341005902264,"dir-speech":0.4381948386876389,"indirect":0.24759014964951803,"writing-device":0.01693022180338604}},{"id":"오봉도시락-당산동점","permalink":"","username":"asdfg","text":"깔끔하구맛있어여^^","date":"Mon Dec 10 23:59:44 +0000 2018","retweets":"30","favorites":"20","mentions":[],"hashtags":[],"geo":"","raw":"깔끔하구맛있어여^^","polarity":{"com":0.012012012,"pos":0.3063063065,"neg":0.653153153,"neut":0.0165165165,"none":0.012012012},"intensity":{"high":0.057057057,"low":0.042042042,"meium":0.8873873875,"none":0.0135135135},"expressive":{"dir-action":0.0015015015000000005,"dir-explicit":0.15615615600000002,"dir-speech":0.5450450450000001,"indirect":0.28378378400000004,"writing-device":0.013513513500000003}},{"id":"오봉도시락-당산동점","permalink":"","username":"asdfg","text":"콜라서비스 감사합니다","date":"Mon Dec 10 23:59:44 +0000 2018","retweets":"30","favorites":"20","mentions":[],"hashtags":[],"geo":"","raw":"콜라서비스 감사합니다","polarity":{"com":0.0096774195,"pos":0.758064516,"neg":0.176344086,"neut":0.041935484,"none":0.0139784945},"intensity":{"high":0.06989247300000001,"low":0.5580645160000001,"meium":0.35698924750000005,"none":0.015053763500000001},"expressive":{"dir-action":0.0032258065,"dir-explicit":0.1569892475,"dir-speech":0.147311828,"indirect":0.6784946235,"writing-device":0.0139784945}},{"id":"오봉도시락-당산동점","permalink":"","username":"asdfg","text":"그냥그냥그랬어요....","date":"Mon Dec 10 23:59:44 +0000 2018","retweets":"30","favorites":"20","mentions":[],"hashtags":[],"geo":"","raw":"그냥그냥그랬어요....","polarity":{"com":0,"pos":0,"neg":1,"neut":0,"none":0},"intensity":{"high":0,"low":0,"meium":1,"none":0},"expressive":{"dir-action":0,"dir-explicit":0,"dir-speech":1,"indirect":0,"writing-device":0}},{"id":"오봉도시락-당산동점","permalink":"","username":"asdfg","text":"매번 시켜먹는데 맛있어요!","date":"Mon Dec 10 23:59:44 +0000 2018","retweets":"30","favorites":"20","mentions":[],"hashtags":[],"geo":"","raw":"매번 시켜먹는데 맛있어요!","polarity":{"com":0,"pos":0.1666666665,"neg":0.8333333334999999,"neut":0,"none":0},"intensity":{"high":0.0555555555,"low":0.111111111,"meium":0.8333333334999999,"none":0},"expressive":{"dir-action":0,"dir-explicit":0.111111111,"dir-speech":0.888888889,"indirect":0,"writing-device":0}},{"id":"오봉도시락-당산동점","permalink":"","username":"asdfg","text":"맛있고 양많고 좋아요","date":"Mon Dec 10 23:59:44 +0000 2018","retweets":"30","favorites":"20","mentions":[],"hashtags":[],"geo":"","raw":"맛있고 양많고 좋아요","polarity":{"com":0,"pos":0.43710144933333334,"neg":0.5350724636666666,"neut":0.014492753666666663,"none":0.013333333333333332},"intensity":{"high":0.1536231883845411,"low":0.08579710136193236,"meium":0.7472463769157488,"none":0.013333333337777779},"expressive":{"dir-action":0,"dir-explicit":0.373913043457971,"dir-speech":0.4724637681574879,"indirect":0.1402898550467633,"writing-device":0.013333333337777779}},{"id":"오봉도시락-당산동점","permalink":"","username":"asdfg","text":"맛있어요 ㅎㅎㅎㅎㅎ","date":"Mon Dec 10 23:59:44 +0000 2018","retweets":"30","favorites":"20","mentions":[],"hashtags":[],"geo":"","raw":"맛있어요 ㅎㅎㅎㅎㅎ","polarity":{"com":0,"pos":0,"neg":1,"neut":0,"none":0},"intensity":{"high":0,"low":0,"meium":1,"none":0},"expressive":{"dir-action":0,"dir-explicit":0,"dir-speech":1,"indirect":0,"writing-device":0}},{"id":"오봉도시락-당산동점","permalink":"","username":"asdfg","text":"무난했어요 ㅎㅎ\n배달도 늦지않고 ㅋ","date":"Mon Dec 10 23:59:44 +0000 2018","retweets":"30","favorites":"20","mentions":[],"hashtags":[],"geo":"","raw":"무난했어요 ㅎㅎ\n배달도 늦지않고 ㅋ","polarity":{"com":0,"pos":0.6666666666666666,"neg":0.3333333333333333,"neut":0,"none":0},"intensity":{"high":0,"low":0.3333333333333333,"meium":0.6666666666666666,"none":0},"expressive":{"dir-action":0,"dir-explicit":0.3333333333333333,"dir-speech":0.3333333333333333,"indirect":0.3333333333333333,"writing-device":0}},{"id":"오봉도시락-당산동점","permalink":"","username":"asdfg","text":"굳굳굳굳굳국슥굳굳국","date":"Mon Dec 10 23:59:44 +0000 2018","retweets":"30","favorites":"20","mentions":[],"hashtags":[],"geo":"","raw":"굳굳굳굳굳국슥굳굳국","polarity":{"com":null,"pos":null,"neg":null,"neut":null,"none":null},"intensity":{"high":null,"low":null,"meium":null,"none":null},"expressive":{"dir-action":null,"dir-explicit":null,"dir-speech":null,"indirect":null,"writing-device":null}},{"id":"오봉도시락-당산동점","permalink":"","username":"asdfg","text":"굿","date":"Mon Dec 10 23:59:44 +0000 2018","retweets":"30","favorites":"20","mentions":[],"hashtags":[],"geo":"","raw":"굿굿굿굿굿굿굿굿굿굿굿","polarity":{"com":0,"pos":1,"neg":0,"neut":0,"none":0},"intensity":{"high":0,"low":0,"meium":1,"none":0},"expressive":{"dir-action":0,"dir-explicit":0,"dir-speech":0,"indirect":1,"writing-device":0}},{"id":"오봉도시락-당산동점","permalink":"","username":"asdfg","text":"굿","date":"Mon Dec 10 23:59:44 +0000 2018","retweets":"30","favorites":"20","mentions":[],"hashtags":[],"geo":"","raw":"굿굿굿굿굿굿굿굿굿굿굿","polarity":{"com":0,"pos":1,"neg":0,"neut":0,"none":0},"intensity":{"high":0,"low":0,"meium":1,"none":0},"expressive":{"dir-action":0,"dir-explicit":0,"dir-speech":0,"indirect":1,"writing-device":0}},{"id":"오봉도시락-당산동점","permalink":"","username":"asdfg","text":"맛있고 배달도 빨라요!","date":"Mon Dec 10 23:59:44 +0000 2018","retweets":"30","favorites":"20","mentions":[],"hashtags":[],"geo":"","raw":"맛있고 배달도 빨라요!","polarity":{"com":0,"pos":0.3333333333333333,"neg":0.6666666666666666,"neut":0,"none":0},"intensity":{"high":0,"low":0.16666666666666666,"meium":0.8333333333333334,"none":0},"expressive":{"dir-action":0,"dir-explicit":0,"dir-speech":0.8333333333333334,"indirect":0.16666666666666666,"writing-device":0}},{"id":"오봉도시락-당산동점","permalink":"","username":"asdfg","text":"배달은 생각보다 빨랐어요\n 근데 제육도시락 시켰는데 양이 너무 작았음..\n\n제육은 양이 넘 작고 원치않는 비엔나 소세지랑 동그랑땡이 있더라구요,,. 겉면이 탔어요 데우느라 많이 구웠나봐요\n\n밥양은 많아요.. 근데 반찬이 부족해서 남겼어요","date":"Mon Dec 10 23:59:44 +0000 2018","retweets":"30","favorites":"20","mentions":[],"hashtags":[],"geo":"","raw":"배달은 생각보다 빨랐어요\n 근데 제육도시락 시켰는데 양이 너무 작았음..\n\n제육은 양이 넘 작고 원치않는 비엔나 소세지랑 동그랑땡이 있더라구요,,. 겉면이 탔어요 데우느라 많이 구웠나봐요\n\n밥양은 많아요.. 근데 반찬이 부족해서 남겼어요","polarity":{"com":0.015487331132300844,"pos":0.44729023743684726,"neg":0.48079997530128,"neut":0.048019641996798694,"none":0.008402814132773145},"intensity":{"high":0.05027500560670334,"low":0.14731695015297558,"meium":0.760378211034717,"none":0.04202983320560398},"expressive":{"dir-action":0.0002936857333724914,"dir-explicit":0.24197167836559624,"dir-speech":0.3439507502458601,"indirect":0.4023096080536413,"writing-device":0.011474277601529902}},{"id":"오봉도시락-당산동점","permalink":"","username":"asdfg","text":"오늘도  잘먹었어요 ~~","date":"Mon Dec 10 23:59:44 +0000 2018","retweets":"30","favorites":"20","mentions":[],"hashtags":[],"geo":"","raw":"오늘도  잘먹었어요 ~~","polarity":{"com":0.0035714285000000004,"pos":0.27380952350000004,"neg":0.49761904800000006,"neut":0.007142857000000001,"none":0.21785714300000003},"intensity":{"high":0.126984127,"low":0.168253968,"meium":0.486904762,"none":0.217857143},"expressive":{"dir-action":0,"dir-explicit":0.20396825389801587,"dir-speech":0.5388888887305555,"indirect":0.042857142978571426,"writing-device":0.21428571439285712}},{"id":"오봉도시락-당산동점","permalink":"","username":"asdfg","text":"굿","date":"Mon Dec 10 23:59:44 +0000 2018","retweets":"30","favorites":"20","mentions":[],"hashtags":[],"geo":"","raw":"굿굿굿굿굿굿굿굿굿굿굿","polarity":{"com":0,"pos":1,"neg":0,"neut":0,"none":0},"intensity":{"high":0,"low":0,"meium":1,"none":0},"expressive":{"dir-action":0,"dir-explicit":0,"dir-speech":0,"indirect":1,"writing-device":0}},{"id":"오봉도시락-당산동점","permalink":"","username":"asdfg","text":"굿","date":"Mon Dec 10 23:59:44 +0000 2018","retweets":"30","favorites":"20","mentions":[],"hashtags":[],"geo":"","raw":"굿굿굿굿굿굿굿굿굿굿굿","polarity":{"com":0,"pos":1,"neg":0,"neut":0,"none":0},"intensity":{"high":0,"low":0,"meium":1,"none":0},"expressive":{"dir-action":0,"dir-explicit":0,"dir-speech":0,"indirect":1,"writing-device":0}},{"id":"오봉도시락-당산동점","permalink":"","username":"asdfg","text":"쌀쌀한 날씨에 육개장  얼큰하니 좋네요~~\n잘 먹었습니다~","date":"Mon Dec 10 23:59:44 +0000 2018","retweets":"30","favorites":"20","mentions":[],"hashtags":[],"geo":"","raw":"쌀쌀한 날씨에 육개장  얼큰하니 좋네요~~\n잘 먹었습니다~","polarity":{"com":0.012012012003003005,"pos":0.7148777351787194,"neg":0.21672458155418114,"neut":0.03437365925859342,"none":0.022012012005503005},"intensity":{"high":0.10705705700000001,"low":0.1056134705,"meium":0.763815959,"none":0.0235135135},"expressive":{"dir-action":0.0015015015,"dir-explicit":0.35972758450000003,"dir-speech":0.13075933074999999,"indirect":0.48449806975,"writing-device":0.0235135135}},{"id":"오봉도시락-당산동점","permalink":"","username":"asdfg","text":"불돈까스시켯는데 왜그냥 돈가스덥밥이왓는지? 가격도틀릴텐데 ..배달기사한테최송해서 반품할수도없고 미치겟네 참,, 똑바로 장사하세요","date":"Mon Dec 10 23:59:44 +0000 2018","retweets":"30","favorites":"20","mentions":[],"hashtags":[],"geo":"","raw":"불돈까스시켯는데 왜그냥 돈가스덥밥이왓는지? 가격도틀릴텐데 ..배달기사한테최송해서 반품할수도없고 미치겟네 참,, 똑바로 장사하세요","polarity":{"com":0.0038709677999999997,"pos":0.4348924730666667,"neg":0.4222043010666667,"neut":0.016774193599999997,"none":0.12225806446666666},"intensity":{"high":0.2712903225333333,"low":0.08322580639999996,"meium":0.4894623656666667,"none":0.15602150539999998},"expressive":{"dir-action":0.0012903226,"dir-explicit":0.3344623656666667,"dir-speech":0.3772580645333333,"indirect":0.16473118273333334,"writing-device":0.12225806446666666}},{"id":"오봉도시락-당산동점","permalink":"","username":"asdfg","text":"잘먹었어요 ..저렴하고 괜찮아요~","date":"Mon Dec 10 23:59:44 +0000 2018","retweets":"30","favorites":"20","mentions":[],"hashtags":[],"geo":"","raw":"잘먹었어요 ..저렴하고 괜찮아요~","polarity":{"com":0.012012012006006007,"pos":0.6634491638317246,"neg":0.26029601013014797,"neut":0.0522308020261154,"none":0.012012012006006007},"intensity":{"high":0.057057057,"low":0.14918489899999998,"meium":0.7802445305000001,"none":0.0135135135},"expressive":{"dir-action":0.0015015015000000003,"dir-explicit":0.263299013,"dir-speech":0.1164736165,"indirect":0.6052123555000001,"writing-device":0.013513513500000001}},{"id":"오봉도시락-당산동점","permalink":"","username":"asdfg","text":"배달도 빠르고 진짜 맛있었어요","date":"Mon Dec 10 23:59:44 +0000 2018","retweets":"30","favorites":"20","mentions":[],"hashtags":[],"geo":"","raw":"배달도 빠르고 진짜 맛있었어요","polarity":{"com":0,"pos":0.6666666666666666,"neg":0.3333333333333333,"neut":0,"none":0},"intensity":{"high":0,"low":0.111111111,"meium":0.888888889,"none":0},"expressive":{"dir-action":0,"dir-explicit":0,"dir-speech":0.6666666666666666,"indirect":0.3333333333333333,"writing-device":0}},{"id":"오봉도시락-당산동점","permalink":"","username":"asdfg","text":"가격대비 짱이긴한데요. 인간적으로 소스는 좀 주세요 삼겹살 시켰는데 된장 하나가 안옴. 돈까스있는데 소스가 하나두 안옴 진짜 퍽퍽해 데지는줄 알았어요 다남뎠지만 가격대비는 최고임","date":"Mon Dec 10 23:59:44 +0000 2018","retweets":"30","favorites":"20","mentions":[],"hashtags":[],"geo":"","raw":"가격대비 짱이긴한데요. 인간적으로 소스는 좀 주세요 삼겹살 시켰는데 된장 하나가 안옴. 돈까스있는데 소스가 하나두 안옴 진짜 퍽퍽해 데지는줄 알았어요 다남뎠지만 가격대비는 최고임","polarity":{"com":0.015962726668795026,"pos":0.46180188712824016,"neg":0.32631422264350857,"neut":0.1191673659492223,"none":0.07675379761023383},"intensity":{"high":0.09174663034556622,"low":0.2123098511616413,"meium":0.6183007970157736,"none":0.07764272147701903},"expressive":{"dir-action":0.0002936857333333333,"dir-explicit":0.26251507106666666,"dir-speech":0.31794947593333334,"indirect":0.2650778818,"writing-device":0.15416388546666668}},{"id":"오봉도시락-당산동점","permalink":"","username":"asdfg","text":"적당히 잘 먹었습니다.","date":"Mon Dec 10 23:59:44 +0000 2018","retweets":"30","favorites":"20","mentions":[],"hashtags":[],"geo":"","raw":"적당히 잘 먹었습니다.","polarity":{"com":0,"pos":0.7142857147142857,"neg":0.21428571421428572,"neut":0.07142857107142857,"none":0},"intensity":{"high":0,"low":0.214285714,"meium":0.785714286,"none":0},"expressive":{"dir-action":0,"dir-explicit":0.214285714,"dir-speech":0.142857143,"indirect":0.642857143,"writing-device":0}},{"id":"오봉도시락-당산동점","permalink":"","username":"asdfg","text":"늘감사히 잘먹고있습니다","date":"Mon Dec 10 23:59:44 +0000 2018","retweets":"30","favorites":"20","mentions":[],"hashtags":[],"geo":"","raw":"늘감사히 잘먹고있습니다","polarity":{"com":0,"pos":0.7142857147142857,"neg":0.21428571421428572,"neut":0.07142857107142857,"none":0},"intensity":{"high":0,"low":0.214285714,"meium":0.785714286,"none":0},"expressive":{"dir-action":0,"dir-explicit":0.214285714,"dir-speech":0.142857143,"indirect":0.642857143,"writing-device":0}},{"id":"오봉도시락-당산동점","permalink":"","username":"asdfg","text":"깔끔하게 맛있어요\n근데 포장이 잘 못됐는지 김치국물 너무 흘렸더라고요","date":"Mon Dec 10 23:59:44 +0000 2018","retweets":"30","favorites":"20","mentions":[],"hashtags":[],"geo":"","raw":"깔끔하게 맛있어요\n근데 포장이 잘 못됐는지 김치국물 너무 흘렸더라고요","polarity":{"com":0.03337623340667525,"pos":0.31895109406379024,"neg":0.621975546924395,"neut":0.020892320804178466,"none":0.004804804800960961},"intensity":{"high":0.0513942514,"low":0.13824538819999999,"meium":0.804954955,"none":0.0054054053999999995},"expressive":{"dir-action":0.0006006006000000002,"dir-explicit":0.3196053194000001,"dir-speech":0.30373230380000005,"indirect":0.3706563708000001,"writing-device":0.0054054054}},{"id":"오봉도시락-당산동점","permalink":"","username":"asdfg","text":"배달 빠르고 맛있음","date":"Mon Dec 10 23:59:44 +0000 2018","retweets":"30","favorites":"20","mentions":[],"hashtags":[],"geo":"","raw":"배달 빠르고 맛있음","polarity":{"com":0,"pos":0.5,"neg":0.5,"neut":0,"none":0},"intensity":{"high":0,"low":0,"meium":1,"none":0},"expressive":{"dir-action":0,"dir-explicit":0,"dir-speech":1,"indirect":0,"writing-device":0}},{"id":"오봉도시락-당산동점","permalink":"","username":"asdfg","text":"맛있게 잘 먹었습니다","date":"Mon Dec 10 23:59:44 +0000 2018","retweets":"30","favorites":"20","mentions":[],"hashtags":[],"geo":"","raw":"맛있게 잘 먹었습니다","polarity":{"com":0,"pos":0.35714285717857136,"neg":0.6071428573035714,"neut":0.03571428551785714,"none":0},"intensity":{"high":0,"low":0.107142857,"meium":0.8928571430000001,"none":0},"expressive":{"dir-action":0,"dir-explicit":0.107142857,"dir-speech":0.5714285715,"indirect":0.3214285715,"writing-device":0}},{"id":"오봉도시락-당산동점","permalink":"","username":"asdfg","text":"맛이어요... 퓨ㅠㅠㅠㅠ진짜 맛이써요","date":"Mon Dec 10 23:59:44 +0000 2018","retweets":"30","favorites":"20","mentions":[],"hashtags":[],"geo":"","raw":"맛이어요... 퓨ㅠㅠㅠㅠ진짜 맛이써요","polarity":{"com":0,"pos":0.8787878786666666,"neg":0.090909091,"neut":0.03030303033333333,"none":0},"intensity":{"high":0.03030303033333333,"low":0.03030303033333333,"meium":0.9393939393333334,"none":0},"expressive":{"dir-action":0.03030303033333333,"dir-explicit":0.03030303033333333,"dir-speech":0.8484848483333334,"indirect":0.090909091,"writing-device":0}},{"id":"오봉도시락-당산동점","permalink":"","username":"asdfg","text":"배달은 약간 느리긴하지만 맛은괜찮아요 김치찌개맛이 좋았어요","date":"Mon Dec 10 23:59:44 +0000 2018","retweets":"30","favorites":"20","mentions":[],"hashtags":[],"geo":"","raw":"배달은 약간 느리긴하지만 맛은괜찮아요 김치찌개맛이 좋았어요","polarity":{"com":0.0019157088333333332,"pos":0.7612802961666666,"neg":0.09993370366666667,"neut":0.02273020783333333,"none":0.1141400835},"intensity":{"high":0.058108399,"low":0.038975418666666664,"meium":0.7868603900000001,"none":0.11605579233333334},"expressive":{"dir-action":0.0019157088333333332,"dir-explicit":0.15678247016666666,"dir-speech":0.6247707606666667,"indirect":0.07604459949999999,"writing-device":0.14048646083333335}},{"id":"오봉도시락-당산동점","permalink":"","username":"asdfg","text":"맛은괞은편인데\n음식량이좀적은편입니다","date":"Mon Dec 10 23:59:44 +0000 2018","retweets":"30","favorites":"20","mentions":[],"hashtags":[],"geo":"","raw":"맛은괞은편인데\n음식량이좀적은편입니다","polarity":{"com":0.011776995666666666,"pos":0.5196192706666667,"neg":0.305530667,"neut":0.11891788333333332,"none":0.04415518333333333},"intensity":{"high":0.0928491648797579,"low":0.14157519273745425,"meium":0.7206862446936765,"none":0.044889397689111356},"expressive":{"dir-action":0.0007342143334557024,"dir-explicit":0.4246714092374453,"dir-speech":0.3538616488923103,"indirect":0.17257535602876256,"writing-device":0.04815737150802623}},{"id":"오봉도시락-당산동점","permalink":"","username":"asdfg","text":"좋아요 맛잇음!!!!!!","date":"Mon Dec 10 23:59:44 +0000 2018","retweets":"30","favorites":"20","mentions":[],"hashtags":[],"geo":"","raw":"좋아요 맛잇음!!!!!!","polarity":{"com":0,"pos":0.8066666666666666,"neg":0.18000000000000002,"neut":0,"none":0.013333333333333334},"intensity":{"high":0.06666666666666667,"low":0.013333333333333334,"meium":0.9066666666666666,"none":0.013333333333333334},"expressive":{"dir-action":0,"dir-explicit":0.19999999999999998,"dir-speech":0.5666666666666667,"indirect":0.22,"writing-device":0.013333333333333334}},{"id":"오봉도시락-당산동점","permalink":"","username":"asdfg","text":"안먹고싶네요\n95프로 부족","date":"Mon Dec 10 23:59:44 +0000 2018","retweets":"30","favorites":"20","mentions":[],"hashtags":[],"geo":"","raw":"안먹고싶네요\n95프로 부족","polarity":{"com":0,"pos":0.625,"neg":0.28125,"neut":0.0625,"none":0.03125},"intensity":{"high":0.15625,"low":0,"meium":0.8125,"none":0.03125},"expressive":{"dir-action":0,"dir-explicit":0.34375,"dir-speech":0.09375,"indirect":0.5,"writing-device":0.0625}},{"id":"오봉도시락-당산동점","permalink":"","username":"asdfg","text":"저렴하니 나쁘지않네요\n그런데 국물이 다 질질 흘러서..","date":"Mon Dec 10 23:59:44 +0000 2018","retweets":"30","favorites":"20","mentions":[],"hashtags":[],"geo":"","raw":"저렴하니 나쁘지않네요\n그런데 국물이 다 질질 흘러서..","polarity":{"com":0.008008008000000002,"pos":0.42642642666666664,"neg":0.43543543533333323,"neut":0.011011011000000001,"none":0.119119119},"intensity":{"high":0.149149149,"low":0.028028027999999997,"meium":0.7027027029999999,"none":0.12012011999999998},"expressive":{"dir-action":0.0010010010003336672,"dir-explicit":0.3263263261087754,"dir-speech":0.14114114104704703,"indirect":0.41141141180380375,"writing-device":0.12012012004004002}},{"id":"오봉도시락-당산동점","permalink":"","username":"asdfg","text":"쏘쏘합니다.......","date":"Mon Dec 10 23:59:44 +0000 2018","retweets":"30","favorites":"20","mentions":[],"hashtags":[],"geo":"","raw":"쏘쏘합니다.......","polarity":{"com":null,"pos":null,"neg":null,"neut":null,"none":null},"intensity":{"high":null,"low":null,"meium":null,"none":null},"expressive":{"dir-action":null,"dir-explicit":null,"dir-speech":null,"indirect":null,"writing-device":null}},{"id":"오봉도시락-당산동점","permalink":"","username":"asdfg","text":"괜찮습니다ㅎㅎㅎ항상시키지만 괜칧아요","date":"Mon Dec 10 23:59:44 +0000 2018","retweets":"30","favorites":"20","mentions":[],"hashtags":[],"geo":"","raw":"괜찮습니다ㅎㅎㅎ항상시키지만 괜칧아요","polarity":{"com":0,"pos":1,"neg":0,"neut":0,"none":0},"intensity":{"high":0,"low":0,"meium":1,"none":0},"expressive":{"dir-action":0,"dir-explicit":0.5,"dir-speech":0.5,"indirect":0,"writing-device":0}},{"id":"오봉도시락-당산동점","permalink":"","username":"asdfg","text":"(지역명)~도시락 시리즈 너무 좋아요’","date":"Mon Dec 10 23:59:44 +0000 2018","retweets":"30","favorites":"20","mentions":[],"hashtags":[],"geo":"","raw":"(지역명)~도시락 시리즈 너무 좋아요’","polarity":{"com":0.0714285715,"pos":0.0714285715,"neg":0.357142857,"neut":0.5,"none":0},"intensity":{"high":0.0714285715,"low":0.5714285715,"meium":0.357142857,"none":0},"expressive":{"dir-action":0,"dir-explicit":0.2857142855,"dir-speech":0.642857143,"indirect":0.0714285715,"writing-device":0}},{"id":"오봉도시락-당산동점","permalink":"","username":"asdfg","text":"치킨마요는 맛있게 잘 먹었습니다. 전반적인 고명이 조금더 많으면 좋을텐데 한솥이랑 비교했을때 약간 아쉬움...\n\n도시락은 푸짐하게는 왔는데 튀김류는 짯고. 소불고기도 식어서 좀 그랬고~ 제육이 맛있었네요. 밥이 찐밥 같아서 좀 아쉬워용 ㅠ","date":"Mon Dec 10 23:59:44 +0000 2018","retweets":"30","favorites":"20","mentions":[],"hashtags":[],"geo":"","raw":"치킨마요는 맛있게 잘 먹었습니다. 전반적인 고명이 조금더 많으면 좋을텐데 한솥이랑 비교했을때 약간 아쉬움...\n\n도시락은 푸짐하게는 왔는데 튀김류는 짯고. 소불고기도 식어서 좀 그랬고~ 제육이 맛있었네요. 밥이 찐밥 같아서 좀 아쉬워용 ㅠ","polarity":{"com":0.007592542228308074,"pos":0.4447864894697436,"neg":0.3794889131881121,"neut":0.055737600462146035,"none":0.11239445465169015},"intensity":{"high":0.06818293796694234,"low":0.19165322253484607,"meium":0.5812553926511375,"none":0.15890844684707428},"expressive":{"dir-action":0.0010594467273690403,"dir-explicit":0.33388558921217143,"dir-speech":0.37074035153370366,"indirect":0.17619342106147212,"writing-device":0.11812119146528374}},{"id":"오봉도시락-당산동점","permalink":"","username":"asdfg","text":"맛있게 잘먹었어요 \n김치찌개는 국물이 너무 많았어요","date":"Mon Dec 10 23:59:44 +0000 2018","retweets":"30","favorites":"20","mentions":[],"hashtags":[],"geo":"","raw":"맛있게 잘먹었어요 \n김치찌개는 국물이 너무 많았어요","polarity":{"com":0,"pos":0.25793650787896827,"neg":0.6805555558402778,"neut":0.04166666652083333,"none":0.01984126975992064},"intensity":{"high":0.007936508000000002,"low":0.11309523799999999,"meium":0.85912698425,"none":0.01984126975},"expressive":{"dir-action":0,"dir-explicit":0.09325396825000001,"dir-speech":0.7023809525,"indirect":0.18055555549999996,"writing-device":0.02380952375}},{"id":"오봉도시락-당산동점","permalink":"","username":"asdfg","text":"백두산 도시락에 매생이국이 안왔네요..\n그리고 숟가락이랑 젓가락이 두개만 왔어요\n음식도 주문한지 한시간이 넘어서 받았어요\n이거 빼곤 나쁘진 않습니다","date":"Mon Dec 10 23:59:44 +0000 2018","retweets":"30","favorites":"20","mentions":[],"hashtags":[],"geo":"","raw":"백두산 도시락에 매생이국이 안왔네요..\n그리고 숟가락이랑 젓가락이 두개만 왔어요\n음식도 주문한지 한시간이 넘어서 받았어요\n이거 빼곤 나쁘진 않습니다","polarity":{"com":0.0881112250146852,"pos":0.24376744470729458,"neg":0.555389248342565,"neut":0.03042005167173668,"none":0.08231203026371868},"intensity":{"high":0.17236483501436378,"low":0.12063746251005313,"meium":0.6241393535520117,"none":0.08285834892357152},"expressive":{"dir-action":0.0009047415834087284,"dir-explicit":0.30058771060838235,"dir-speech":0.40344163753362017,"indirect":0.2137960117678163,"writing-device":0.08126989850677248}},{"id":"오봉도시락-당산동점","permalink":"","username":"asdfg","text":"맛은있지만 양이좀 부족하다","date":"Mon Dec 10 23:59:44 +0000 2018","retweets":"30","favorites":"20","mentions":[],"hashtags":[],"geo":"","raw":"맛은있지만 양이좀 부족하다","polarity":{"com":0.008238148750000002,"pos":0.7379745817500001,"neg":0.11675514800000002,"neut":0.017186829750000004,"none":0.11984529175000001},"intensity":{"high":0.03968924275,"low":0.03441387825,"meium":0.8053008365000001,"none":0.1205960425},"expressive":{"dir-action":0.00075075075,"dir-explicit":0.22718522075,"dir-speech":0.47386180825,"indirect":0.17760617774999998,"writing-device":0.1205960425}},{"id":"오봉도시락-당산동점","permalink":"","username":"asdfg","text":"맛있어요. 가끔 사먹었는데 밥 하기 귀찮을때 좋아요","date":"Mon Dec 10 23:59:44 +0000 2018","retweets":"30","favorites":"20","mentions":[],"hashtags":[],"geo":"","raw":"맛있어요. 가끔 사먹었는데 밥 하기 귀찮을때 좋아요","polarity":{"com":0,"pos":0.17236976520690755,"neg":0.6302349335924412,"neut":0.08503575072874106,"none":0.11235955047191011},"intensity":{"high":0.031154239007788558,"low":0.2100357508025089,"meium":0.5214504596303626,"none":0.23735955055933988},"expressive":{"dir-action":0,"dir-explicit":0.2153983656961504,"dir-speech":0.6132533195966867,"indirect":0.028089887742977528,"writing-device":0.1432584269641854}},{"id":"오봉도시락-당산동점","permalink":"","username":"asdfg","text":"잘먹었습니당 개맛 존맛","date":"Mon Dec 10 23:59:44 +0000 2018","retweets":"30","favorites":"20","mentions":[],"hashtags":[],"geo":"","raw":"잘먹었습니당 개맛 존맛","polarity":{"com":0,"pos":0.9047619049682539,"neg":0.07142857135714285,"neut":0.023809523674603175,"none":0},"intensity":{"high":0,"low":0.07142857133333333,"meium":0.9285714286666668,"none":0},"expressive":{"dir-action":0,"dir-explicit":0.07142857133333333,"dir-speech":0.380952381,"indirect":0.5476190476666667,"writing-device":0}},{"id":"오봉도시락-당산동점","permalink":"","username":"asdfg","text":"오자마자 다 먹어버려서 사진은 없네유 맛은 좋았으나 양은 많지 않네용","date":"Mon Dec 10 23:59:44 +0000 2018","retweets":"30","favorites":"20","mentions":[],"hashtags":[],"geo":"","raw":"오자마자 다 먹어버려서 사진은 없네유 맛은 좋았으나 양은 많지 않네용","polarity":{"com":0.002773925142857143,"pos":0.6756390795714287,"neg":0.171064343,"neut":0.08457456428571428,"none":0.065948088},"intensity":{"high":0.13855497455163499,"low":0.0506398118499086,"meium":0.743470163036647,"none":0.06733505056180927},"expressive":{"dir-action":0,"dir-explicit":0.28249928928571433,"dir-speech":0.34524254614285715,"indirect":0.3021491888571429,"writing-device":0.07010897571428572}},{"id":"오봉도시락-당산동점","permalink":"","username":"asdfg","text":"무난한 도시락.  너무 맛있지는 않지만 \n\n괜찮은듯요","date":"Mon Dec 10 23:59:44 +0000 2018","retweets":"30","favorites":"20","mentions":[],"hashtags":[],"geo":"","raw":"무난한 도시락.  너무 맛있지는 않지만 \n\n괜찮은듯요","polarity":{"com":0.035714285758928564,"pos":0.4900793651225198,"neg":0.3888888888472222,"neut":0.023809523755952376,"none":0.061507936515376976},"intensity":{"high":0.0436507937390873,"low":0.38690476190327383,"meium":0.5079365078730159,"none":0.061507936484623014},"expressive":{"dir-action":0,"dir-explicit":0.47420634924999994,"dir-speech":0.3214285715,"indirect":0.13888888874999997,"writing-device":0.06547619049999999}},{"id":"오봉도시락-당산동점","permalink":"","username":"asdfg","text":"굳입니다 ㅋㅋㅋㅋㅋㅋ","date":"Mon Dec 10 23:59:44 +0000 2018","retweets":"30","favorites":"20","mentions":[],"hashtags":[],"geo":"","raw":"굳입니다 ㅋㅋㅋㅋㅋㅋ","polarity":{"com":null,"pos":null,"neg":null,"neut":null,"none":null},"intensity":{"high":null,"low":null,"meium":null,"none":null},"expressive":{"dir-action":null,"dir-explicit":null,"dir-speech":null,"indirect":null,"writing-device":null}},{"id":"오봉도시락-당산동점","permalink":"","username":"asdfg","text":"양이 너무 많아 힘들었어요. 먹는데요.","date":"Mon Dec 10 23:59:44 +0000 2018","retweets":"30","favorites":"20","mentions":[],"hashtags":[],"geo":"","raw":"양이 너무 많아 힘들었어요. 먹는데요.","polarity":{"com":0,"pos":0.19444444433333333,"neg":0.8055555556666666,"neut":0,"none":0},"intensity":{"high":0.037037037,"low":0.24074074066666665,"meium":0.7222222223333333,"none":0},"expressive":{"dir-action":0,"dir-explicit":0.15740740733333333,"dir-speech":0.8425925926666666,"indirect":0,"writing-device":0}},{"id":"오봉도시락-당산동점","permalink":"","username":"asdfg","text":"맛있게 먹었습니다.","date":"Mon Dec 10 23:59:44 +0000 2018","retweets":"30","favorites":"20","mentions":[],"hashtags":[],"geo":"","raw":"맛있게 먹었습니다.","polarity":{"com":0,"pos":0.1666666665,"neg":0.8333333334999999,"neut":0,"none":0},"intensity":{"high":0.0555555555,"low":0.111111111,"meium":0.8333333334999999,"none":0},"expressive":{"dir-action":0,"dir-explicit":0.111111111,"dir-speech":0.888888889,"indirect":0,"writing-device":0}},{"id":"오봉도시락-당산동점","permalink":"","username":"asdfg","text":"맛잇습니다~~~~~~","date":"Mon Dec 10 23:59:44 +0000 2018","retweets":"30","favorites":"20","mentions":[],"hashtags":[],"geo":"","raw":"맛잇습니다~~~~~~","polarity":{"com":0,"pos":1,"neg":0,"neut":0,"none":0},"intensity":{"high":0,"low":0,"meium":1,"none":0},"expressive":{"dir-action":0,"dir-explicit":0,"dir-speech":1,"indirect":0,"writing-device":0}},{"id":"오봉도시락-당산동점","permalink":"","username":"asdfg","text":"밋있습니다. 오늘부터 회사 저녁 전용도시락집으로 결정되었어요~ 추천","date":"Mon Dec 10 23:59:44 +0000 2018","retweets":"30","favorites":"20","mentions":[],"hashtags":[],"geo":"","raw":"밋있습니다. 오늘부터 회사 저녁 전용도시락집으로 결정되었어요~ 추천","polarity":{"com":0.1267857142,"pos":0.42619047620000006,"neg":0.28214285720000004,"neut":0.0738095238,"none":0.0910714286},"intensity":{"high":0.07559523800000001,"low":0.044047619200000006,"meium":0.7892857142,"none":0.09107142860000002},"expressive":{"dir-action":0,"dir-explicit":0.13095238080000002,"dir-speech":0.3910714286000001,"indirect":0.38690476200000007,"writing-device":0.09107142860000002}},{"id":"오봉도시락-당산동점","permalink":"","username":"asdfg","text":"굿!","date":"Mon Dec 10 23:59:44 +0000 2018","retweets":"30","favorites":"20","mentions":[],"hashtags":[],"geo":"","raw":"굿굿굿굿굿굿굿굿굿!","polarity":{"com":0,"pos":1,"neg":0,"neut":0,"none":0},"intensity":{"high":0,"low":0,"meium":1,"none":0},"expressive":{"dir-action":0,"dir-explicit":0,"dir-speech":0,"indirect":1,"writing-device":0}},{"id":"오봉도시락-당산동점","permalink":"","username":"asdfg","text":"비오는데 고생 많으십니다","date":"Mon Dec 10 23:59:44 +0000 2018","retweets":"30","favorites":"20","mentions":[],"hashtags":[],"geo":"","raw":"비오는데 고생 많으십니다","polarity":{"com":0,"pos":0.391304348,"neg":0.565217391,"neut":0.043478261,"none":0},"intensity":{"high":0.2608695652608696,"low":0.21739130421739128,"meium":0.5217391305217391,"none":0},"expressive":{"dir-action":0,"dir-explicit":0.5217391305217391,"dir-speech":0.2173913042173913,"indirect":0.2608695652608696,"writing-device":0}},{"id":"오봉도시락-당산동점","permalink":"","username":"asdfg","text":"빠르고 따뜻한 채로 배달되어서 좋습니다. 반찬은 보통입니다.","date":"Mon Dec 10 23:59:44 +0000 2018","retweets":"30","favorites":"20","mentions":[],"hashtags":[],"geo":"","raw":"빠르고 따뜻한 채로 배달되어서 좋습니다. 반찬은 보통입니다.","polarity":{"com":0.0038126361666666665,"pos":0.8842701525,"neg":0.052962962999999995,"neut":0.015250544666666666,"none":0.04370370366666667},"intensity":{"high":0.05457516334242919,"low":0.07583877984597313,"meium":0.8258823531376471,"none":0.04370370367395062},"expressive":{"dir-action":0,"dir-explicit":0.16971677566666662,"dir-speech":0.23376906316666665,"indirect":0.5495424836666666,"writing-device":0.046971677499999996}},{"id":"오봉도시락-당산동점","permalink":"","username":"asdfg","text":"뭐 가격대로예요...그 이상 그 이하도 아닙니다","date":"Mon Dec 10 23:59:44 +0000 2018","retweets":"30","favorites":"20","mentions":[],"hashtags":[],"geo":"","raw":"뭐 가격대로예요...그 이상 그 이하도 아닙니다","polarity":{"com":0.00178571425,"pos":0.2410714285,"neg":0.55089285725,"neut":0.0348214285,"none":0.17142857150000002},"intensity":{"high":0.06696428574999999,"low":0.1848214285,"meium":0.57678571425,"none":0.17142857150000002},"expressive":{"dir-action":0,"dir-explicit":0.10892857147276785,"dir-speech":0.6062499998484374,"indirect":0.11517857147120535,"writing-device":0.1696428572075893}},{"id":"오봉도시락-당산동점","permalink":"","username":"asdfg","text":"가성비 굿굿! 한끼 든든히 잘먹었습니당!!!\n가격도 싸고 나눠 먹을수있어서 더 좋아용~~~~","date":"Mon Dec 10 23:59:44 +0000 2018","retweets":"30","favorites":"20","mentions":[],"hashtags":[],"geo":"","raw":"가성비 굿굿! 한끼 든든히 잘먹었습니당!!!\n가격도 싸고 나눠 먹을수있어서 더 좋아용~~~~","polarity":{"com":0.03448275860344828,"pos":0.6467942976646794,"neg":0.1862039110186204,"neut":0.03388789370338879,"none":0.09863113900986312},"intensity":{"high":0.08669627309133035,"low":0.07614295669238567,"meium":0.7373802059262621,"none":0.09978056429002193},"expressive":{"dir-action":0.0011494253001149426,"dir-explicit":0.16807608091680762,"dir-speech":0.2985943176298594,"indirect":0.43010076134301,"writing-device":0.10207941481020795}},{"id":"오봉도시락-당산동점","permalink":"","username":"asdfg","text":"맛있고 빠르고 좋다","date":"Mon Dec 10 23:59:44 +0000 2018","retweets":"30","favorites":"20","mentions":[],"hashtags":[],"geo":"","raw":"맛있고 빠르고 좋다","polarity":{"com":0,"pos":0.64,"neg":0.3466666666666667,"neut":0,"none":0.013333333333333334},"intensity":{"high":0.06666666666666667,"low":0.12444444433333333,"meium":0.7955555556666667,"none":0.013333333333333334},"expressive":{"dir-action":0,"dir-explicit":0.19999999999999998,"dir-speech":0.39999999999999997,"indirect":0.38666666666666666,"writing-device":0.013333333333333334}},{"id":"오봉도시락-당산동점","permalink":"","username":"asdfg","text":"양은 적고 맛은 그냥 그런 삼천원주고 사먹을만한 도시락이네요","date":"Mon Dec 10 23:59:44 +0000 2018","retweets":"30","favorites":"20","mentions":[],"hashtags":[],"geo":"","raw":"양은 적고 맛은 그냥 그런 삼천원주고 사먹을만한 도시락이네요","polarity":{"com":0.003812636166666666,"pos":0.4531590413333333,"neg":0.49074074083333324,"neut":0.015250544666666664,"none":0.037037036999999995},"intensity":{"high":0.20642701520107115,"low":0.05065359467510894,"meium":0.705882353117647,"none":0.03703703700617284},"expressive":{"dir-action":0,"dir-explicit":0.27342047933333335,"dir-speech":0.5522875816666667,"indirect":0.13398692816666666,"writing-device":0.040305010833333335}},{"id":"오봉도시락-당산동점","permalink":"","username":"asdfg","text":"매생이국 없음.. 이거 먹을라고 12000원짜리 시킨건데.. 다시 달라고 하기도 귀찮음\n쌈채소 2천원 추가했는데 상추3장 깻잎1장 고추1개옴\n이게 12000원짜리 도시락인가 싶음","date":"Mon Dec 10 23:59:44 +0000 2018","retweets":"30","favorites":"20","mentions":[],"hashtags":[],"geo":"","raw":"매생이국 없음.. 이거 먹을라고 12000원짜리 시킨건데.. 다시 달라고 하기도 귀찮음\n쌈채소 2천원 추가했는데 상추3장 깻잎1장 고추1개옴\n이게 12000원짜리 도시락인가 싶음","polarity":{"com":0.07067251993333334,"pos":0.34741825039999996,"neg":0.4916342379333333,"neut":0.014072568133333333,"none":0.07620242360000001},"intensity":{"high":0.1396411252666667,"low":0.016759987133333334,"meium":0.7672530947999999,"none":0.0763457928},"expressive":{"dir-action":0.0004301075333333334,"dir-explicit":0.1519932130666667,"dir-speech":0.38910158326666666,"indirect":0.3785845306,"writing-device":0.07989056553333335}},{"id":"오봉도시락-당산동점","permalink":"","username":"asdfg","text":"맛있고 빠르고 대단해요","date":"Mon Dec 10 23:59:44 +0000 2018","retweets":"30","favorites":"20","mentions":[],"hashtags":[],"geo":"","raw":"맛있고 빠르고 대단해요","polarity":{"com":0,"pos":0.6666666666666666,"neg":0.3333333333333333,"neut":0,"none":0},"intensity":{"high":0,"low":0.111111111,"meium":0.888888889,"none":0},"expressive":{"dir-action":0,"dir-explicit":0,"dir-speech":0.6666666666666666,"indirect":0.3333333333333333,"writing-device":0}},{"id":"오봉도시락-당산동점","permalink":"","username":"asdfg","text":"배달시간은 좀 걸리는데 맛나요~","date":"Mon Dec 10 23:59:44 +0000 2018","retweets":"30","favorites":"20","mentions":[],"hashtags":[],"geo":"","raw":"배달시간은 좀 걸리는데 맛나요~","polarity":{"com":0,"pos":1,"neg":0,"neut":0,"none":0},"intensity":{"high":0,"low":0,"meium":1,"none":0},"expressive":{"dir-action":0,"dir-explicit":0,"dir-speech":1,"indirect":0,"writing-device":0}},{"id":"오봉도시락-당산동점","permalink":"","username":"asdfg","text":"배달잘못오고 사진이랑다름","date":"Mon Dec 10 23:59:44 +0000 2018","retweets":"30","favorites":"20","mentions":[],"hashtags":[],"geo":"","raw":"배달잘못오고 사진이랑다름","polarity":{"com":0,"pos":0.7777777779259258,"neg":0.11111111103703702,"neut":0.11111111103703702,"none":0},"intensity":{"high":0.11111111103703704,"low":0.11111111103703704,"meium":0.777777777925926,"none":0},"expressive":{"dir-action":0,"dir-explicit":0.22222222233333333,"dir-speech":0.3333333333333333,"indirect":0.44444444433333335,"writing-device":0}},{"id":"오봉도시락-당산동점","permalink":"","username":"asdfg","text":"시간에 맞게와서 좋았는데ㅠㅠ 밥하나를 빠뜨리셨지만 그래도 바로 보내주셨어여~ 잘먹었습니다.","date":"Mon Dec 10 23:59:44 +0000 2018","retweets":"30","favorites":"20","mentions":[],"hashtags":[],"geo":"","raw":"시간에 맞게와서 좋았는데ㅠㅠ 밥하나를 빠뜨리셨지만 그래도 바로 보내주셨어여~ 잘먹었습니다.","polarity":{"com":0.005573248376393313,"pos":0.48159905474539977,"neg":0.3683258770920815,"neut":0.0978351531494588,"none":0.04666666663666667},"intensity":{"high":0.10074752300000002,"low":0.13024643612500003,"meium":0.65983937425,"none":0.10916666662500002},"expressive":{"dir-action":0.0015923567498009555,"dir-explicit":0.3143432160857071,"dir-speech":0.3257216155842848,"indirect":0.31087996658614,"writing-device":0.047462844994067145}},{"id":"오봉도시락-당산동점","permalink":"","username":"asdfg","text":"맛있고 양도 적당한데... 500원짜리 물 2병 주문했는데 새것이 아니라 뚜껑 따인게 오더라고요. 마치 그냥 빈 페트병에 정수기 물 담아온듯한? 뭔가 찝찝해서 물은 안마셨어요..","date":"Mon Dec 10 23:59:44 +0000 2018","retweets":"30","favorites":"20","mentions":[],"hashtags":[],"geo":"","raw":"맛있고 양도 적당한데... 500원짜리 물 2병 주문했는데 새것이 아니라 뚜껑 따인게 오더라고요. 마치 그냥 빈 페트병에 정수기 물 담아온듯한? 뭔가 찝찝해서 물은 안마셨어요..","polarity":{"com":0.002711178937161103,"pos":0.3558537537680183,"neg":0.5063259223117093,"neut":0.07302983924087127,"none":0.06207930574224009},"intensity":{"high":0.09266975480670817,"low":0.11064851793058447,"meium":0.7342803252041076,"none":0.062401402058599925},"expressive":{"dir-action":0.0005909135,"dir-explicit":0.22672148256250002,"dir-speech":0.35971440806250005,"indirect":0.3467999524375,"writing-device":0.0661732434375}}]