[{"id":"서울맥주1977-지밸리몰점","permalink":"","username":"asdfg","text":"치킨이 이정도 양에 17000원....퀄리티가\n있는것도 아니고...  맥주는 마실만하네요...\n\n수고하세요","date":"Mon Dec 10 23:59:44 +0000 2018","retweets":"30","favorites":"20","mentions":[],"hashtags":[],"geo":"","raw":"치킨이 이정도 양에 17000원....퀄리티가\n있는것도 아니고...  맥주는 마실만하네요...\n\n수고하세요","polarity":{"com":0.009555783334925964,"pos":0.3708412783951403,"neg":0.4170753360695125,"neut":0.06206826584367804,"none":0.14045933635674324},"intensity":{"high":0.10335249885055876,"low":0.1304144593550691,"meium":0.6246810681041136,"none":0.14155197369025865},"expressive":{"dir-action":0.0018094831663650862,"dir-explicit":0.23935936996010676,"dir-speech":0.44920851259179856,"indirect":0.16697405713883764,"writing-device":0.14264857714289192}},{"id":"서울맥주1977-지밸리몰점","permalink":"","username":"asdfg","text":"제가먹기엔 좀달았어요 맛이없던건아닌데 떡볶이가 좀달았어요\n그래두 잘먹었습니다","date":"Mon Dec 10 23:59:44 +0000 2018","retweets":"30","favorites":"20","mentions":[],"hashtags":[],"geo":"","raw":"제가먹기엔 좀달았어요 맛이없던건아닌데 떡볶이가 좀달았어요\n그래두 잘먹었습니다","polarity":{"com":0.004659327374999999,"pos":0.47700787275,"neg":0.412055683,"neut":0.037861688250000004,"none":0.068415428625},"intensity":{"high":0.13721130884069715,"low":0.09932304072516923,"meium":0.6927205580768199,"none":0.07074509235731373},"expressive":{"dir-action":0,"dir-explicit":0.315413473375,"dir-speech":0.406481919875,"indirect":0.209253529625,"writing-device":0.068851077125}},{"id":"서울맥주1977-지밸리몰점","permalink":"","username":"asdfg","text":"메모도,잘 체크안하시고 ㅡㅡ\n굴짬뽕은 진짜 아닌듯요ㅡㅡ한입 먹고 다버렸어요.\n머라할까,고추기름 너무 많고,너무 느끼하다고 할까요?\n옛날통닭은 그나마 나아요ㅡㅡ","date":"Mon Dec 10 23:59:44 +0000 2018","retweets":"30","favorites":"20","mentions":[],"hashtags":[],"geo":"","raw":"메모도,잘 체크안하시고 ㅡㅡ\n굴짬뽕은 진짜 아닌듯요ㅡㅡ한입 먹고 다버렸어요.\n머라할까,고추기름 너무 많고,너무 느끼하다고 할까요?\n옛날통닭은 그나마 나아요ㅡㅡ","polarity":{"com":0.01649363114403526,"pos":0.3990859140999347,"neg":0.46333506667595253,"neut":0.023176783001655488,"none":0.09790860507842203},"intensity":{"high":0.08785204891602112,"low":0.17631868197481165,"meium":0.636064127694848,"none":0.09976514141431926},"expressive":{"dir-action":0.0018565363571428574,"dir-explicit":0.2832437973571429,"dir-speech":0.4401226564285715,"indirect":0.17223800035714287,"writing-device":0.10253900949999999}},{"id":"서울맥주1977-지밸리몰점","permalink":"","username":"asdfg","text":"ㅠㅡㅠ소주도 팔아주세요 ㅠㅠㅠㅠㅠ","date":"Mon Dec 10 23:59:44 +0000 2018","retweets":"30","favorites":"20","mentions":[],"hashtags":[],"geo":"","raw":"ㅠㅡㅠ소주도 팔아주세요 ㅠㅠㅠㅠㅠ","polarity":{"com":0.007142857,"pos":0.214285714,"neg":0.328571429,"neut":0.014285714,"none":0.435714286},"intensity":{"high":0.142857143,"low":0.114285714,"meium":0.307142857,"none":0.435714286},"expressive":{"dir-action":0,"dir-explicit":0.1857142858142857,"dir-speech":0.29999999969999996,"indirect":0.0857142859142857,"writing-device":0.42857142857142855}},{"id":"서울맥주1977-지밸리몰점","permalink":"","username":"asdfg","text":"요청사항도 잘 챙겨주시고!\n서비스까지 빵빵하게!\n감동이예요!\n맛도 정성도 최고입니다\n심지어 양도 많아요 ㅋㅋ","date":"Mon Dec 10 23:59:44 +0000 2018","retweets":"30","favorites":"20","mentions":[],"hashtags":[],"geo":"","raw":"요청사항도 잘 챙겨주시고!\n서비스까지 빵빵하게!\n감동이예요!\n맛도 정성도 최고입니다\n심지어 양도 많아요 ㅋㅋ","polarity":{"com":0.0061185555,"pos":0.5818109304,"neg":0.1806444333,"neut":0.019658599,"none":0.21176748180000002},"intensity":{"high":0.178814894535763,"low":0.1611746162322349,"meium":0.4479427070895886,"none":0.21206778214241356},"expressive":{"dir-action":0.00030030029996996996,"dir-explicit":0.2623780667737622,"dir-speech":0.21100957727889902,"indirect":0.3137120606686288,"writing-device":0.21259999497873996}},{"id":"서울맥주1977-지밸리몰점","permalink":"","username":"asdfg","text":"다 좋은데 짬뽕은... 음... ㅜㅜ","date":"Mon Dec 10 23:59:44 +0000 2018","retweets":"30","favorites":"20","mentions":[],"hashtags":[],"geo":"","raw":"다 좋은데 짬뽕은... 음... ㅜㅜ","polarity":{"com":0.0084745765,"pos":0.5351089585,"neg":0.279661017,"neut":0.0169491525,"none":0.1598062955},"intensity":{"high":0.1937046005,"low":0.06779661,"meium":0.578692494,"none":0.1598062955},"expressive":{"dir-action":0,"dir-explicit":0.3498789348250605,"dir-speech":0.42251815978874085,"indirect":0.06779660996610168,"writing-device":0.15980629542009683}}]