[{"id":"피자알볼로 명일암사점","permalink":"","username":"asdfg","text":"꿀맛이었어요 ~~~텐더는 모두가 아는 맛","date":"Mon Dec 10 23:59:44 +0000 2018","retweets":"30","favorites":"20","mentions":[],"hashtags":[],"geo":"","raw":"꿀맛이었어요 ~~~텐더는 모두가 아는 맛","polarity":{"com":0.0038126361660312273,"pos":0.4226364239295606,"neg":0.13588786414401868,"neut":0.21156148013140644,"none":0.22610159562898308},"intensity":{"high":0.06537885234422981,"low":0.22507900837084652,"meium":0.4834405435805734,"none":0.2261015957043503},"expressive":{"dir-action":0,"dir-explicit":0.19488146613418644,"dir-speech":0.4784330947535945,"indirect":0.08216435448630593,"writing-device":0.24452108462591315}},{"id":"피자알볼로 명일암사점","permalink":"","username":"asdfg","text":"정말맛있어요~~^^","date":"Mon Dec 10 23:59:44 +0000 2018","retweets":"30","favorites":"20","mentions":[],"hashtags":[],"geo":"","raw":"정말맛있어요~~^^","polarity":{"com":0,"pos":0.75,"neg":0,"neut":0,"none":0.25},"intensity":{"high":0.5,"low":0,"meium":0.25,"none":0.25},"expressive":{"dir-action":0,"dir-explicit":0.5,"dir-speech":0.25,"indirect":0,"writing-device":0.25}},{"id":"피자알볼로 명일암사점","permalink":"","username":"asdfg","text":"쯩말 맛있네연~~~사진찍을 시간도 없이 흡입했습니다.....다음엔 사진도 올릴게요..ㅎ","date":"Mon Dec 10 23:59:44 +0000 2018","retweets":"30","favorites":"20","mentions":[],"hashtags":[],"geo":"","raw":"쯩말 맛있네연~~~사진찍을 시간도 없이 흡입했습니다.....다음엔 사진도 올릴게요..ㅎ","polarity":{"com":0.0037853851433979125,"pos":0.3401726280485961,"neg":0.5217370103602482,"neut":0.04350084114907155,"none":0.09080413529868632},"intensity":{"high":0.060785604562744906,"low":0.09073952155846578,"meium":0.7573635188918052,"none":0.0911113549869841},"expressive":{"dir-action":0.0009216589997366689,"dir-explicit":0.25014507607138714,"dir-speech":0.4288615804488966,"indirect":0.22802038364913704,"writing-device":0.09205130083084248}},{"id":"피자알볼로 명일암사점","permalink":"","username":"asdfg","text":"피자알볼로 첫주문인데요, 비주얼부터 침넘어갔습니다. 어깨피자 토핑 종류대로 골라 먹을수 있고 넘 맛있어요~ 또 주문할께요~ ^^","date":"Mon Dec 10 23:59:44 +0000 2018","retweets":"30","favorites":"20","mentions":[],"hashtags":[],"geo":"","raw":"피자알볼로 첫주문인데요, 비주얼부터 침넘어갔습니다. 어깨피자 토핑 종류대로 골라 먹을수 있고 넘 맛있어요~ 또 주문할께요~ ^^","polarity":{"com":0.014435483897112907,"pos":0.5321864961935627,"neg":0.3094895964381021,"neut":0.01914467259617107,"none":0.12474375087505125},"intensity":{"high":0.1391805148,"low":0.0536836103,"meium":0.6821770702000001,"none":0.12495880469999998},"expressive":{"dir-action":0.000645161299935484,"dir-explicit":0.21601184657839886,"dir-speech":0.46384187505361585,"indirect":0.17138074288286195,"writing-device":0.14812037418518798}},{"id":"피자알볼로 명일암사점","permalink":"","username":"asdfg","text":"피자알볼로 맛있습니다 자주 시켜먹어요 ","date":"Mon Dec 10 23:59:44 +0000 2018","retweets":"30","favorites":"20","mentions":[],"hashtags":[],"geo":"","raw":"피자알볼로 맛있습니다 자주 시켜먹어요 ","polarity":{"com":0,"pos":0.26262626257912464,"neg":0.6767676767744109,"neut":0.030303030323232324,"none":0.030303030323232324},"intensity":{"high":0.06734006733333334,"low":0.13468013466666667,"meium":0.7676767676666667,"none":0.030303030333333338},"expressive":{"dir-action":0,"dir-explicit":0.16498316494500564,"dir-speech":0.7138047137620652,"indirect":0.06060606064646466,"writing-device":0.06060606064646466}},{"id":"피자알볼로 명일암사점","permalink":"","username":"asdfg","text":"잘먹었습니다~~!^^","date":"Mon Dec 10 23:59:44 +0000 2018","retweets":"30","favorites":"20","mentions":[],"hashtags":[],"geo":"","raw":"잘먹었습니다~~!^^","polarity":{"com":0,"pos":0.7142857147142857,"neg":0.21428571421428572,"neut":0.07142857107142857,"none":0},"intensity":{"high":0,"low":0.214285714,"meium":0.785714286,"none":0},"expressive":{"dir-action":0,"dir-explicit":0.214285714,"dir-speech":0.142857143,"indirect":0.642857143,"writing-device":0}},{"id":"피자알볼로 명일암사점","permalink":"","username":"asdfg","text":"맛있게 잘먹었습니다~^^","date":"Mon Dec 10 23:59:44 +0000 2018","retweets":"30","favorites":"20","mentions":[],"hashtags":[],"geo":"","raw":"맛있게 잘먹었습니다~^^","polarity":{"com":0,"pos":0.35714285717857136,"neg":0.6071428573035714,"neut":0.03571428551785714,"none":0},"intensity":{"high":0,"low":0.107142857,"meium":0.8928571430000001,"none":0},"expressive":{"dir-action":0,"dir-explicit":0.107142857,"dir-speech":0.5714285715,"indirect":0.3214285715,"writing-device":0}},{"id":"피자알볼로 명일암사점","permalink":"","username":"asdfg","text":"피자는 역시 알볼로 피자!!","date":"Mon Dec 10 23:59:44 +0000 2018","retweets":"30","favorites":"20","mentions":[],"hashtags":[],"geo":"","raw":"피자는 역시 알볼로 피자!!","polarity":{"com":0,"pos":0.386002886,"neg":0.435786436,"neut":0.093073593,"none":0.085137085},"intensity":{"high":0.0613275615,"low":0.20995671,"meium":0.6435786434999999,"none":0.085137085},"expressive":{"dir-action":0,"dir-explicit":0.21572871589213563,"dir-speech":0.5151515152424242,"indirect":0.13059163043470418,"writing-device":0.13852813843073594}},{"id":"피자알볼로 명일암사점","permalink":"","username":"asdfg","text":"맛있게 잘 먹었습니다.","date":"Mon Dec 10 23:59:44 +0000 2018","retweets":"30","favorites":"20","mentions":[],"hashtags":[],"geo":"","raw":"맛있게 잘 먹었습니다.","polarity":{"com":0,"pos":0.35714285717857136,"neg":0.6071428573035714,"neut":0.03571428551785714,"none":0},"intensity":{"high":0,"low":0.107142857,"meium":0.8928571430000001,"none":0},"expressive":{"dir-action":0,"dir-explicit":0.107142857,"dir-speech":0.5714285715,"indirect":0.3214285715,"writing-device":0}},{"id":"피자알볼로 명일암사점","permalink":"","username":"asdfg","text":"너무 너무 맛있게 잘 먹었습니다 ","date":"Mon Dec 10 23:59:44 +0000 2018","retweets":"30","favorites":"20","mentions":[],"hashtags":[],"geo":"","raw":"너무 너무 맛있게 잘 먹었습니다 ","polarity":{"com":0.04761904768253968,"pos":0.2857142857619047,"neg":0.6428571428809524,"neut":0.023809523674603175,"none":0},"intensity":{"high":0.047619047666666664,"low":0.119047619,"meium":0.8333333333333334,"none":0},"expressive":{"dir-action":0,"dir-explicit":0.26190476166666665,"dir-speech":0.47619047633333333,"indirect":0.26190476199999996,"writing-device":0}},{"id":"피자알볼로 명일암사점","permalink":"","username":"asdfg","text":"잘먹었습니다~~~^^","date":"Mon Dec 10 23:59:44 +0000 2018","retweets":"30","favorites":"20","mentions":[],"hashtags":[],"geo":"","raw":"잘먹었습니다~~~^^","polarity":{"com":0,"pos":0.7142857147142857,"neg":0.21428571421428572,"neut":0.07142857107142857,"none":0},"intensity":{"high":0,"low":0.214285714,"meium":0.785714286,"none":0},"expressive":{"dir-action":0,"dir-explicit":0.214285714,"dir-speech":0.142857143,"indirect":0.642857143,"writing-device":0}},{"id":"피자알볼로 명일암사점","permalink":"","username":"asdfg","text":"오늘도 맛있게 먹었습니다~~!! 포테이토 피자 예술이에요 ㅎㅎ","date":"Mon Dec 10 23:59:44 +0000 2018","retweets":"30","favorites":"20","mentions":[],"hashtags":[],"geo":"","raw":"오늘도 맛있게 먹었습니다~~!! 포테이토 피자 예술이에요 ㅎㅎ","polarity":{"com":0.002380952333333333,"pos":0.5158730156666667,"neg":0.33174603199999997,"neut":0.004761904666666666,"none":0.14523809533333334},"intensity":{"high":0.08465608466666667,"low":0.11216931200000001,"meium":0.657936508,"none":0.14523809533333334},"expressive":{"dir-action":0,"dir-explicit":0.13597883595467372,"dir-speech":0.6925925924358024,"indirect":0.028571428657142846,"writing-device":0.14285714295238094}},{"id":"피자알볼로 명일암사점","permalink":"","username":"asdfg","text":"생각보다는.가격대비 별로였어요하지만 도우  얇은건 좋았어요","date":"Mon Dec 10 23:59:44 +0000 2018","retweets":"30","favorites":"20","mentions":[],"hashtags":[],"geo":"","raw":"생각보다는.가격대비 별로였어요하지만 도우  얇은건 좋았어요","polarity":{"com":0.00666933442952419,"pos":0.6051680672293097,"neg":0.2018594104574085,"neut":0.07146191801020885,"none":0.11484126987354876},"intensity":{"high":0.21514605831644942,"low":0.09845138044263592,"meium":0.5715612913673659,"none":0.11484126987354876},"expressive":{"dir-action":0,"dir-explicit":0.390652928,"dir-speech":0.2658496731428571,"indirect":0.22018607442857144,"writing-device":0.12331132442857143}},{"id":"피자알볼로 명일암사점","permalink":"","username":"asdfg","text":"항상잘먹고있습니다.감사합니다","date":"Mon Dec 10 23:59:44 +0000 2018","retweets":"30","favorites":"20","mentions":[],"hashtags":[],"geo":"","raw":"항상잘먹고있습니다.감사합니다","polarity":{"com":0,"pos":0.7777777776666667,"neg":0.22222222233333333,"neut":0,"none":0},"intensity":{"high":0.37037037033333337,"low":0.074074074,"meium":0.5555555556666666,"none":0},"expressive":{"dir-action":0,"dir-explicit":0.24074074066666665,"dir-speech":0.7592592593333333,"indirect":0,"writing-device":0}},{"id":"피자알볼로 명일암사점","permalink":"","username":"asdfg","text":"피자 도우가 쫄깃하고 맛있네요. 치즈 스파게티도 제 입맛엔 잘 맞아요~","date":"Mon Dec 10 23:59:44 +0000 2018","retweets":"30","favorites":"20","mentions":[],"hashtags":[],"geo":"","raw":"피자 도우가 쫄깃하고 맛있네요. 치즈 스파게티도 제 입맛엔 잘 맞아요~","polarity":{"com":0.006980194500000001,"pos":0.33722114983333334,"neg":0.6284320033333334,"neut":0.01889836266666667,"none":0.008468289666666667},"intensity":{"high":0.21247139999999998,"low":0.19853782350000002,"meium":0.5785338910000001,"none":0.010456885500000004},"expressive":{"dir-action":0.0005005005,"dir-explicit":0.28121871866666664,"dir-speech":0.5670983483333333,"indirect":0.14221364233333333,"writing-device":0.008968790166666666}},{"id":"피자알볼로 명일암사점","permalink":"","username":"asdfg","text":"맛있게 잘 먹었어요 ....","date":"Mon Dec 10 23:59:44 +0000 2018","retweets":"30","favorites":"20","mentions":[],"hashtags":[],"geo":"","raw":"맛있게 잘 먹었어요 ....","polarity":{"com":0,"pos":0.35714285717857136,"neg":0.6071428573035714,"neut":0.03571428551785714,"none":0},"intensity":{"high":0,"low":0.107142857,"meium":0.8928571430000001,"none":0},"expressive":{"dir-action":0,"dir-explicit":0.107142857,"dir-speech":0.5714285715,"indirect":0.3214285715,"writing-device":0}},{"id":"피자알볼로 명일암사점","permalink":"","username":"asdfg","text":"정말 맛있게 잘 먹었어요~ 감사합니다","date":"Mon Dec 10 23:59:44 +0000 2018","retweets":"30","favorites":"20","mentions":[],"hashtags":[],"geo":"","raw":"정말 맛있게 잘 먹었어요~ 감사합니다","polarity":{"com":0,"pos":0.8214285716071428,"neg":0.07142857135714285,"neut":0.023809523674603175,"none":0.08333333336111111},"intensity":{"high":0.5,"low":0.07142857133333333,"meium":0.3452380953333334,"none":0.08333333333333333},"expressive":{"dir-action":0,"dir-explicit":0.238095238,"dir-speech":0.4642857143333334,"indirect":0.21428571433333332,"writing-device":0.08333333333333333}},{"id":"피자알볼로 명일암사점","permalink":"","username":"asdfg","text":"맛있게 잘 먹었습니다","date":"Mon Dec 10 23:59:44 +0000 2018","retweets":"30","favorites":"20","mentions":[],"hashtags":[],"geo":"","raw":"맛있게 잘 먹었습니다","polarity":{"com":0,"pos":0.35714285717857136,"neg":0.6071428573035714,"neut":0.03571428551785714,"none":0},"intensity":{"high":0,"low":0.107142857,"meium":0.8928571430000001,"none":0},"expressive":{"dir-action":0,"dir-explicit":0.107142857,"dir-speech":0.5714285715,"indirect":0.3214285715,"writing-device":0}},{"id":"피자알볼로 명일암사점","permalink":"","username":"asdfg","text":"피자알볼로역시 맛있어요!!배달원분도 친절하시고 맛있게 잘먹었습니다 ㅎㅎ~","date":"Mon Dec 10 23:59:44 +0000 2018","retweets":"30","favorites":"20","mentions":[],"hashtags":[],"geo":"","raw":"피자알볼로역시 맛있어요!!배달원분도 친절하시고 맛있게 잘먹었습니다 ㅎㅎ~","polarity":{"com":0.0044162826674027135,"pos":0.3720965413953494,"neg":0.3765302798960884,"neut":0.09897127951649522,"none":0.14798561652466427},"intensity":{"high":0.06225853001037642,"low":0.1599753291933292,"meium":0.6294221012715704,"none":0.14834403952472403},"expressive":{"dir-action":0.001075268833154122,"dir-explicit":0.22000651679666564,"dir-speech":0.4057417492657097,"indirect":0.2112298096314617,"writing-device":0.1619466554730089}},{"id":"피자알볼로 명일암사점","permalink":"","username":"asdfg","text":"맛나게 먹었어요 수고하세요","date":"Mon Dec 10 23:59:44 +0000 2018","retweets":"30","favorites":"20","mentions":[],"hashtags":[],"geo":"","raw":"맛나게 먹었어요 수고하세요","polarity":{"com":0.0096774195,"pos":0.4247311825,"neg":0.5096774195,"neut":0.041935484,"none":0.0139784945},"intensity":{"high":0.1254480285,"low":0.169175627,"meium":0.690322581,"none":0.0150537635},"expressive":{"dir-action":0.003225806499999999,"dir-explicit":0.26810035849999997,"dir-speech":0.5362007169999999,"indirect":0.17849462349999998,"writing-device":0.013978494499999997}},{"id":"피자알볼로 명일암사점","permalink":"","username":"asdfg","text":"피자 맛나게 먹다 버팔로윙..냄새에 입맛 버림..","date":"Mon Dec 10 23:59:44 +0000 2018","retweets":"30","favorites":"20","mentions":[],"hashtags":[],"geo":"","raw":"피자 맛나게 먹다 버팔로윙..냄새에 입맛 버림..","polarity":{"com":0,"pos":0.111111111,"neg":0.888888889,"neut":0,"none":0},"intensity":{"high":0.37037037033333337,"low":0.074074074,"meium":0.5555555556666666,"none":0},"expressive":{"dir-action":0,"dir-explicit":0.40740740733333336,"dir-speech":0.2592592593333333,"indirect":0.3333333333333333,"writing-device":0}},{"id":"피자알볼로 명일암사점","permalink":"","username":"asdfg","text":"시켜먹을때 믿고 먹는 곳임돠~","date":"Mon Dec 10 23:59:44 +0000 2018","retweets":"30","favorites":"20","mentions":[],"hashtags":[],"geo":"","raw":"시켜먹을때 믿고 먹는 곳임돠~","polarity":{"com":0.05151515157939394,"pos":0.42424242403030304,"neg":0.42727272742909084,"neut":0.08787878796484848,"none":0.009090908996363636},"intensity":{"high":0.1050505050210101,"low":0.1707070706341414,"meium":0.7151515153430303,"none":0.009090909001818182},"expressive":{"dir-action":0,"dir-explicit":0.2797979798,"dir-speech":0.592929293,"indirect":0.1181818182,"writing-device":0.009090909}},{"id":"피자알볼로 명일암사점","permalink":"","username":"asdfg","text":"오랜만에 시켜먹는데 맛있습니다~!","date":"Mon Dec 10 23:59:44 +0000 2018","retweets":"30","favorites":"20","mentions":[],"hashtags":[],"geo":"","raw":"오랜만에 시켜먹는데 맛있습니다~!","polarity":{"com":0,"pos":0.1666666665,"neg":0.8333333334999999,"neut":0,"none":0},"intensity":{"high":0.0555555555,"low":0.111111111,"meium":0.8333333334999999,"none":0},"expressive":{"dir-action":0,"dir-explicit":0.111111111,"dir-speech":0.888888889,"indirect":0,"writing-device":0}},{"id":"피자알볼로 명일암사점","permalink":"","username":"asdfg","text":"ㄱㅇㄴ고ㅡㅠ촤퍼ㅏㅑ라ㅏㄹㄹ","date":"Mon Dec 10 23:59:44 +0000 2018","retweets":"30","favorites":"20","mentions":[],"hashtags":[],"geo":"","raw":"ㄱㅇㄴ고ㅡㅠ촤퍼ㅏㅑ라ㅏㄹㄹ","polarity":{"com":0.045454545348484844,"pos":0.10606060603535353,"neg":0.6363636365454545,"neut":0.015151515005050502,"none":0.19696969706565653},"intensity":{"high":0.3636363636666667,"low":0.015151515000000003,"meium":0.2575757576666667,"none":0.3636363636666667},"expressive":{"dir-action":0,"dir-explicit":0.015151514999999999,"dir-speech":0.590909091,"indirect":0.03030303033333333,"writing-device":0.36363636366666663}},{"id":"피자알볼로 명일암사점","permalink":"","username":"asdfg","text":"말이 필요없습니다 세계적인 피자 알볼로 피자  아입니꺼","date":"Mon Dec 10 23:59:44 +0000 2018","retweets":"30","favorites":"20","mentions":[],"hashtags":[],"geo":"","raw":"말이 필요없습니다 세계적인 피자 알볼로 피자  아입니꺼","polarity":{"com":0.005718954248570262,"pos":0.4600415923849896,"neg":0.4103535353974116,"neut":0.04560308973859922,"none":0.07828282823042929},"intensity":{"high":0.17959001779489753,"low":0.06587938201646985,"meium":0.6762477719190619,"none":0.07828282826957071},"expressive":{"dir-action":0,"dir-explicit":0.29775698167556075,"dir-speech":0.30822935242294264,"indirect":0.2881016041779746,"writing-device":0.105912061723522}},{"id":"피자알볼로 명일암사점","permalink":"","username":"asdfg","text":"피자두 맛있고 스파게티도 너무 맛있었습니다! 잘먹었습니다!!","date":"Mon Dec 10 23:59:44 +0000 2018","retweets":"30","favorites":"20","mentions":[],"hashtags":[],"geo":"","raw":"피자두 맛있고 스파게티도 너무 맛있었습니다! 잘먹었습니다!!","polarity":{"com":0.0017857142504464287,"pos":0.2321428570580357,"neg":0.6357142859089285,"neut":0.021428571255357142,"none":0.10892857152723215},"intensity":{"high":0.03571428575,"low":0.082142857,"meium":0.7732142857500001,"none":0.1089285715},"expressive":{"dir-action":0,"dir-explicit":0.099999999975,"dir-speech":0.6107142855973214,"indirect":0.18214285720446427,"writing-device":0.10714285722321429}},{"id":"피자알볼로 명일암사점","permalink":"","username":"asdfg","text":"치즈 왜 이렇게 많이 주셨나요?ㅎㅎ맛있게 먹느라 힘들었네요ㅎ항상 맛있게 친절하게 배달해주셔서 감사합니다 ","date":"Mon Dec 10 23:59:44 +0000 2018","retweets":"30","favorites":"20","mentions":[],"hashtags":[],"geo":"","raw":"치즈 왜 이렇게 많이 주셨나요?ㅎㅎ맛있게 먹느라 힘들었네요ㅎ항상 맛있게 친절하게 배달해주셔서 감사합니다 ","polarity":{"com":0.0021505376666666664,"pos":0.4925328553333333,"neg":0.4805455994444444,"neut":0.021664675444444444,"none":0.0031063321111111115},"intensity":{"high":0.25009956188888893,"low":0.15487853444444444,"meium":0.5916766228888889,"none":0.0033452807777777775},"expressive":{"dir-action":0.000716845888888889,"dir-explicit":0.16760254877777778,"dir-speech":0.7642174433333333,"indirect":0.06435682988888888,"writing-device":0.0031063321111111115}},{"id":"피자알볼로 명일암사점","permalink":"","username":"asdfg","text":"처음 주문해봤는데 맛있네요","date":"Mon Dec 10 23:59:44 +0000 2018","retweets":"30","favorites":"20","mentions":[],"hashtags":[],"geo":"","raw":"처음 주문해봤는데 맛있네요","polarity":{"com":0.054070660648643104,"pos":0.3149001535617,"neg":0.5461341524846219,"neut":0.027956989324014338,"none":0.056938043981020654},"intensity":{"high":0.046594982,"low":0.03870967733333333,"meium":0.8570404506666667,"none":0.05765488999999999},"expressive":{"dir-action":0.002150537665949821,"dir-explicit":0.19989759360003417,"dir-speech":0.5743983614752006,"indirect":0.16661546327779486,"writing-device":0.05693804398102066}},{"id":"피자알볼로 명일암사점","permalink":"","username":"asdfg","text":"피자알볼로 처음시켜먹어봣어요 ㅎㅎ엄마아빠가 좋아한대서 서방이랑 처음먹어봣는대 넘맛잇네요 브랜드인지도 이제알앗은데 ㅎ다음에또먹을듯 ㅋㅋㄴ피자 슈크림넣어서먹엇는데 다음에도 슈크림넣고 다른토핑도왕창넣어서먹을테얏","date":"Mon Dec 10 23:59:44 +0000 2018","retweets":"30","favorites":"20","mentions":[],"hashtags":[],"geo":"","raw":"피자알볼로 처음시켜먹어봣어요 ㅎㅎ엄마아빠가 좋아한대서 서방이랑 처음먹어봣는대 넘맛잇네요 브랜드인지도 이제알앗은데 ㅎ다음에또먹을듯 ㅋㅋㄴ피자 슈크림넣어서먹엇는데 다음에도 슈크림넣고 다른토핑도왕창넣어서먹을테얏","polarity":{"com":0.025994600734609626,"pos":0.29682917960055144,"neg":0.5394817742974815,"neut":0.013288114954210764,"none":0.12440633041314673},"intensity":{"high":0.11893145930434784,"low":0.06532201808695652,"meium":0.6909519933913044,"none":0.12479452921739131},"expressive":{"dir-action":0,"dir-explicit":0.1707106690424233,"dir-speech":0.5477993765962264,"indirect":0.14699903678773937,"writing-device":0.13449091757361104}},{"id":"피자알볼로 명일암사점","permalink":"","username":"asdfg","text":"맛있어요또 시킬게요.","date":"Mon Dec 10 23:59:44 +0000 2018","retweets":"30","favorites":"20","mentions":[],"hashtags":[],"geo":"","raw":"맛있어요또 시킬게요.","polarity":{"com":0,"pos":0.0714285714642857,"neg":0.7142857141428571,"neut":0,"none":0.21428571439285712},"intensity":{"high":0,"low":0,"meium":0.7857142855,"none":0.2142857145},"expressive":{"dir-action":0,"dir-explicit":0.0714285715,"dir-speech":0.642857143,"indirect":0,"writing-device":0.2857142855}},{"id":"피자알볼로 명일암사점","permalink":"","username":"asdfg","text":"맛있게 보내주셔서 감사합니다 ","date":"Mon Dec 10 23:59:44 +0000 2018","retweets":"30","favorites":"20","mentions":[],"hashtags":[],"geo":"","raw":"맛있게 보내주셔서 감사합니다 ","polarity":{"com":0,"pos":0.5,"neg":0.5,"neut":0,"none":0},"intensity":{"high":0.5,"low":0,"meium":0.5,"none":0},"expressive":{"dir-action":0,"dir-explicit":0,"dir-speech":1,"indirect":0,"writing-device":0}},{"id":"피자알볼로 명일암사점","permalink":"","username":"asdfg","text":"맛나게 먹었어요 피자는 알볼로","date":"Mon Dec 10 23:59:44 +0000 2018","retweets":"30","favorites":"20","mentions":[],"hashtags":[],"geo":"","raw":"맛나게 먹었어요 피자는 알볼로","polarity":{"com":0,"pos":0.3253968251626984,"neg":0.5873015877936508,"neut":0.04761904752380952,"none":0.03968253951984127},"intensity":{"high":0.0714285715,"low":0.23015872999999998,"meium":0.658730159,"none":0.0396825395},"expressive":{"dir-action":0,"dir-explicit":0.1904761905,"dir-speech":0.7222222225,"indirect":0.0396825395,"writing-device":0.0476190475}},{"id":"피자알볼로 명일암사점","permalink":"","username":"asdfg","text":"알볼로조아요가나다라마바사","date":"Mon Dec 10 23:59:44 +0000 2018","retweets":"30","favorites":"20","mentions":[],"hashtags":[],"geo":"","raw":"알볼로조아요가나다라마바사","polarity":{"com":0,"pos":0.3939393938030304,"neg":0.5151515152424243,"neut":0.045454545477272734,"none":0.045454545477272734},"intensity":{"high":0.212121212,"low":0.090909091,"meium":0.6515151515,"none":0.0454545455},"expressive":{"dir-action":0,"dir-explicit":0.46969696976515146,"dir-speech":0.34848484832575755,"indirect":0.09090909095454545,"writing-device":0.09090909095454545}},{"id":"피자알볼로 명일암사점","permalink":"","username":"asdfg","text":"믿고 먹었습니다. 굿!!","date":"Mon Dec 10 23:59:44 +0000 2018","retweets":"30","favorites":"20","mentions":[],"hashtags":[],"geo":"","raw":"믿고 먹었습니다. 굿!!","polarity":{"com":0,"pos":0.5555555553333333,"neg":0.44444444466666666,"neut":0,"none":0},"intensity":{"high":0.09259259263580247,"low":0.12962962962345678,"meium":0.7777777777407408,"none":0},"expressive":{"dir-action":0,"dir-explicit":0.1851851850617284,"dir-speech":0.37037037045679017,"indirect":0.4444444444814815,"writing-device":0}},{"id":"피자알볼로 명일암사점","permalink":"","username":"asdfg","text":"스파게티가 정말 맛있는집","date":"Mon Dec 10 23:59:44 +0000 2018","retweets":"30","favorites":"20","mentions":[],"hashtags":[],"geo":"","raw":"스파게티가 정말 맛있는집","polarity":{"com":0.005952381,"pos":0.30357142866666664,"neg":0.6547619046666667,"neut":0.026785714333333335,"none":0.008928571333333333},"intensity":{"high":0.05357142866666667,"low":0.09126984133333332,"meium":0.843253968,"none":0.011904762},"expressive":{"dir-action":0,"dir-explicit":0.125,"dir-speech":0.7708333333333334,"indirect":0.09523809533333333,"writing-device":0.008928571333333333}},{"id":"피자알볼로 명일암사점","permalink":"","username":"asdfg","text":"여기치즈피자기본이랑불고기가진짜맛있어요","date":"Mon Dec 10 23:59:44 +0000 2018","retweets":"30","favorites":"20","mentions":[],"hashtags":[],"geo":"","raw":"여기치즈피자기본이랑불고기가진짜맛있어요","polarity":{"com":0.005952381,"pos":0.47023809533333333,"neg":0.48809523800000004,"neut":0.026785714333333335,"none":0.008928571333333333},"intensity":{"high":0.053571428666666664,"low":0.03571428566666666,"meium":0.8988095236666666,"none":0.011904761999999998},"expressive":{"dir-action":0,"dir-explicit":0.125,"dir-speech":0.4375,"indirect":0.42857142866666664,"writing-device":0.008928571333333333}},{"id":"피자알볼로 명일암사점","permalink":"","username":"asdfg","text":"너무맛있어요항상먹을때마다","date":"Mon Dec 10 23:59:44 +0000 2018","retweets":"30","favorites":"20","mentions":[],"hashtags":[],"geo":"","raw":"너무맛있어요항상먹을때마다","polarity":{"com":0.047619047650793646,"pos":0.39105339120298216,"neg":0.35930735921356416,"neut":0.09090909096969696,"none":0.11111111096296296},"intensity":{"high":0.077922078,"low":0.13852813866666666,"meium":0.6724386723333333,"none":0.11111111100000003},"expressive":{"dir-action":0,"dir-explicit":0.3621933621207311,"dir-speech":0.36796536812265507,"indirect":0.15873015871957669,"writing-device":0.11111111103703702}},{"id":"피자알볼로 명일암사점","permalink":"","username":"asdfg","text":"항상 잘 먹고 있습니다  또시킬께요","date":"Mon Dec 10 23:59:44 +0000 2018","retweets":"30","favorites":"20","mentions":[],"hashtags":[],"geo":"","raw":"항상 잘 먹고 있습니다  또시킬께요","polarity":{"com":0,"pos":0.49206349183597886,"neg":0.36507936521164025,"neut":0,"none":0.14285714295238094},"intensity":{"high":0.037037037,"low":0.074074074,"meium":0.7460317459999999,"none":0.142857143},"expressive":{"dir-action":0,"dir-explicit":0.2883597883333333,"dir-speech":0.5211640213333333,"indirect":0,"writing-device":0.19047619033333332}},{"id":"피자알볼로 명일암사점","permalink":"","username":"asdfg","text":"피자도 맛있고 스파게티도 여지껏먹어본 오븐스파게티중에 제일 맘에 들어요.","date":"Mon Dec 10 23:59:44 +0000 2018","retweets":"30","favorites":"20","mentions":[],"hashtags":[],"geo":"","raw":"피자도 맛있고 스파게티도 여지껏먹어본 오븐스파게티중에 제일 맘에 들어요.","polarity":{"com":0.0093253968317791,"pos":0.3630952379394842,"neg":0.45674603192387564,"neut":0.018650793496891534,"none":0.15218253980796959},"intensity":{"high":0.093915344,"low":0.14457671933333333,"meium":0.6093253968333333,"none":0.15218253983333332},"expressive":{"dir-action":0,"dir-explicit":0.2656084656223986,"dir-speech":0.5282407405786266,"indirect":0.04940476199176587,"writing-device":0.156746031807209}},{"id":"피자알볼로 명일암사점","permalink":"","username":"asdfg","text":"항상 맛있게 보내주셔서 기분좋게 먹었네요감사합니다 ","date":"Mon Dec 10 23:59:44 +0000 2018","retweets":"30","favorites":"20","mentions":[],"hashtags":[],"geo":"","raw":"항상 맛있게 보내주셔서 기분좋게 먹었네요감사합니다 ","polarity":{"com":0,"pos":0.58333333325,"neg":0.29166666674999997,"neut":0.125,"none":0},"intensity":{"high":0.40277777775,"low":0.0555555555,"meium":0.54166666675,"none":0},"expressive":{"dir-action":0,"dir-explicit":0.3055555555,"dir-speech":0.6944444445,"indirect":0,"writing-device":0}},{"id":"피자알볼로 명일암사점","permalink":"","username":"asdfg","text":"배달예정시간에 오셨구여^^피자도너무맛있구~스파게티도 너무맛있어여ㅎㅎ전개인적으로 스파게티가 더 맛있었어여히히","date":"Mon Dec 10 23:59:44 +0000 2018","retweets":"30","favorites":"20","mentions":[],"hashtags":[],"geo":"","raw":"배달예정시간에 오셨구여^^피자도너무맛있구~스파게티도 너무맛있어여ㅎㅎ전개인적으로 스파게티가 더 맛있었어여히히","polarity":{"com":0.0035714285555555553,"pos":0.23214285711111116,"neg":0.5412698413333333,"neut":0.12321428566666667,"none":0.09980158733333333},"intensity":{"high":0.07738095244444444,"low":0.14841269833333331,"meium":0.6734126983333334,"none":0.10079365088888889},"expressive":{"dir-action":0,"dir-explicit":0.1107142857531746,"dir-speech":0.7124999998416666,"indirect":0.07857142864920634,"writing-device":0.09821428575595238}},{"id":"피자알볼로 명일암사점","permalink":"","username":"asdfg","text":"항상맛있게 잘먹어요  또시킬께요","date":"Mon Dec 10 23:59:44 +0000 2018","retweets":"30","favorites":"20","mentions":[],"hashtags":[],"geo":"","raw":"항상맛있게 잘먹어요  또시킬께요","polarity":{"com":0,"pos":0.6190476189999999,"neg":0.21428571433333332,"neut":0.023809523666666665,"none":0.142857143},"intensity":{"high":0,"low":0.07142857133333333,"meium":0.7857142856666668,"none":0.142857143},"expressive":{"dir-action":0,"dir-explicit":0.2857142856666666,"dir-speech":0.30952380966666665,"indirect":0.21428571433333332,"writing-device":0.19047619033333332}},{"id":"피자알볼로 명일암사점","permalink":"","username":"asdfg","text":"계속 먹게하는 맛이예요^^","date":"Mon Dec 10 23:59:44 +0000 2018","retweets":"30","favorites":"20","mentions":[],"hashtags":[],"geo":"","raw":"계속 먹게하는 맛이예요^^","polarity":{"com":0.0038314176666666665,"pos":0.44061302666666663,"neg":0.4674329503333334,"neut":0.02298850566666667,"none":0.06513409966666667},"intensity":{"high":0.37164750954278414,"low":0.04214559398595147,"meium":0.5172413791609195,"none":0.06896551731034482},"expressive":{"dir-action":0.003831417667943805,"dir-explicit":0.05363984668454661,"dir-speech":0.4712643678237547,"indirect":0.39463601546487864,"writing-device":0.0766283523588761}},{"id":"피자알볼로 명일암사점","permalink":"","username":"asdfg","text":"맛있게 잘먹었어요.  ","date":"Mon Dec 10 23:59:44 +0000 2018","retweets":"30","favorites":"20","mentions":[],"hashtags":[],"geo":"","raw":"맛있게 잘먹었어요.  ","polarity":{"com":0,"pos":0.35714285717857136,"neg":0.6071428573035714,"neut":0.03571428551785714,"none":0},"intensity":{"high":0,"low":0.107142857,"meium":0.8928571430000001,"none":0},"expressive":{"dir-action":0,"dir-explicit":0.107142857,"dir-speech":0.5714285715,"indirect":0.3214285715,"writing-device":0}},{"id":"피자알볼로 명일암사점","permalink":"","username":"asdfg","text":"도우가 바삭하고 쫀득하니 맛있어요 배달해 주신분도 친철하구요 감사합니다 ","date":"Mon Dec 10 23:59:44 +0000 2018","retweets":"30","favorites":"20","mentions":[],"hashtags":[],"geo":"","raw":"도우가 바삭하고 쫀득하니 맛있어요 배달해 주신분도 친철하구요 감사합니다 ","polarity":{"com":0.006205454666666668,"pos":0.4165202664444445,"neg":0.4735699866666667,"neut":0.02749770466666667,"none":0.07620658755555558},"intensity":{"high":0.33187448137069453,"low":0.08330096342593313,"meium":0.5061098162208645,"none":0.07871473898250785},"expressive":{"dir-action":0.001993985111111111,"dir-explicit":0.3690362896666667,"dir-speech":0.38486376688888885,"indirect":0.164861604,"writing-device":0.07924435433333334}},{"id":"피자알볼로 명일암사점","permalink":"","username":"asdfg","text":"맛있네요~기사님도 엄청 친절하시고","date":"Mon Dec 10 23:59:44 +0000 2018","retweets":"30","favorites":"20","mentions":[],"hashtags":[],"geo":"","raw":"맛있네요~기사님도 엄청 친절하시고","polarity":{"com":0.008832565333333332,"pos":0.243471582,"neg":0.5604198670000001,"neut":0.032718894000000005,"none":0.15455709166666667},"intensity":{"high":0.09421402966666666,"low":0.07680491533333333,"meium":0.6737071173333334,"none":0.15527393766666667},"expressive":{"dir-action":0.0021505376659498206,"dir-explicit":0.16656426027781193,"dir-speech":0.5315412184894862,"indirect":0.14756784428414405,"writing-device":0.15217613928260795}},{"id":"피자알볼로 명일암사점","permalink":"","username":"asdfg","text":"예스터데이~~~ 오마 트러블 씸소 퐐어워이~~","date":"Mon Dec 10 23:59:44 +0000 2018","retweets":"30","favorites":"20","mentions":[],"hashtags":[],"geo":"","raw":"예스터데이~~~ 오마 트러블 씸소 퐐어워이~~","polarity":{"com":0.045454545500000006,"pos":0.7954545455,"neg":0.13636363650000002,"neut":0,"none":0.022727272500000003},"intensity":{"high":0.022727272511363635,"low":0.06818181803409092,"meium":0.8863636369431818,"none":0.022727272511363635},"expressive":{"dir-action":0,"dir-explicit":0.13636363650000002,"dir-speech":0.5454545455,"indirect":0.29545454550000005,"writing-device":0.022727272500000003}},{"id":"피자알볼로 명일암사점","permalink":"","username":"asdfg","text":"불고기 피자도 맛나고 쫀쫀한 빵이 넘 맛나요^^","date":"Mon Dec 10 23:59:44 +0000 2018","retweets":"30","favorites":"20","mentions":[],"hashtags":[],"geo":"","raw":"불고기 피자도 맛나고 쫀쫀한 빵이 넘 맛나요^^","polarity":{"com":0.012659953666666668,"pos":0.5486679253333334,"neg":0.25636668766666665,"neut":0.03413048033333333,"none":0.148174953},"intensity":{"high":0.08286133836095379,"low":0.08214810136071606,"meium":0.6853471785617825,"none":0.1496433817165478},"expressive":{"dir-action":0.0014684286666666665,"dir-explicit":0.1999370673333333,"dir-speech":0.5537444933333333,"indirect":0.09758758133333334,"writing-device":0.14726242933333333}},{"id":"피자알볼로 명일암사점","permalink":"","username":"asdfg","text":"잘먹엇습니다 수제피클도좋고 피자도좋네요","date":"Mon Dec 10 23:59:44 +0000 2018","retweets":"30","favorites":"20","mentions":[],"hashtags":[],"geo":"","raw":"잘먹엇습니다 수제피클도좋고 피자도좋네요","polarity":{"com":0,"pos":1,"neg":0,"neut":0,"none":0},"intensity":{"high":0,"low":0,"meium":1,"none":0},"expressive":{"dir-action":0,"dir-explicit":1,"dir-speech":0,"indirect":0,"writing-device":0}},{"id":"피자알볼로 명일암사점","permalink":"","username":"asdfg","text":"맛있어요 주문요구사항 확인만잘해주심 좋겠습니다","date":"Mon Dec 10 23:59:44 +0000 2018","retweets":"30","favorites":"20","mentions":[],"hashtags":[],"geo":"","raw":"맛있어요 주문요구사항 확인만잘해주심 좋겠습니다","polarity":{"com":0,"pos":0.6198974359239794,"neg":0.27466666665493333,"neut":0.01025641020205128,"none":0.09517948721903588},"intensity":{"high":0.060512820599999996,"low":0.018256410199999996,"meium":0.8260512819999999,"none":0.09517948719999998},"expressive":{"dir-action":0,"dir-explicit":0.3661538462,"dir-speech":0.49128205120000007,"indirect":0.052512820599999996,"writing-device":0.090051282}},{"id":"피자알볼로 명일암사점","permalink":"","username":"asdfg","text":"처음 시켰는데 참 맛 좋은 피자네요^^6명이 하나같이 맛있다고 하네요참~~잘 먹었습니다^^","date":"Mon Dec 10 23:59:44 +0000 2018","retweets":"30","favorites":"20","mentions":[],"hashtags":[],"geo":"","raw":"처음 시켰는데 참 맛 좋은 피자네요^^6명이 하나같이 맛있다고 하네요참~~잘 먹었습니다^^","polarity":{"com":0.02311824633333334,"pos":0.5780039111111113,"neg":0.295622807,"neut":0.03555589811111112,"none":0.06769913744444446},"intensity":{"high":0.2831244868092361,"low":0.06606449245178495,"meium":0.5813452678423717,"none":0.06946575289660731},"expressive":{"dir-action":0.0017666154446407348,"dir-explicit":0.454813012272757,"dir-speech":0.3054521704783836,"indirect":0.16376952135152995,"writing-device":0.07419868045268875}},{"id":"피자알볼로 명일암사점","permalink":"","username":"asdfg","text":"스파게티 맛있어요!!! 알볼로를 잘 안먹어봐서 기본 포테이토 시켰는데 통감자가 엄청 큰게있어서 맛있었어요!!다음에 다른메뉴 도전할게요(*´꒳`*)","date":"Mon Dec 10 23:59:44 +0000 2018","retweets":"30","favorites":"20","mentions":[],"hashtags":[],"geo":"","raw":"스파게티 맛있어요!!! 알볼로를 잘 안먹어봐서 기본 포테이토 시켰는데 통감자가 엄청 큰게있어서 맛있었어요!!다음에 다른메뉴 도전할게요(*´꒳`*)","polarity":{"com":0.00800844592122882,"pos":0.35864493891723576,"neg":0.554677011256613,"neut":0.061603336831937694,"none":0.017066267072984705},"intensity":{"high":0.10751573115384616,"low":0.07875518915384615,"meium":0.7933234794615385,"none":0.02040560023076923},"expressive":{"dir-action":0.0009799118460030907,"dir-explicit":0.29978772964618655,"dir-speech":0.47407595785014217,"indirect":0.19259435020113935,"writing-device":0.03256205045652892}},{"id":"피자알볼로 명일암사점","permalink":"","username":"asdfg","text":"강난라라당라하허어너어추루어더러러","date":"Mon Dec 10 23:59:44 +0000 2018","retweets":"30","favorites":"20","mentions":[],"hashtags":[],"geo":"","raw":"강난라라당라하허어너어추루어더러러","polarity":{"com":null,"pos":null,"neg":null,"neut":null,"none":null},"intensity":{"high":null,"low":null,"meium":null,"none":null},"expressive":{"dir-action":null,"dir-explicit":null,"dir-speech":null,"indirect":null,"writing-device":null}},{"id":"피자알볼로 명일암사점","permalink":"","username":"asdfg","text":"맛있게잘먹었습니다 단호박이 제일 맛있는것 같습니다","date":"Mon Dec 10 23:59:44 +0000 2018","retweets":"30","favorites":"20","mentions":[],"hashtags":[],"geo":"","raw":"맛있게잘먹었습니다 단호박이 제일 맛있는것 같습니다","polarity":{"com":0.006167400800000001,"pos":0.24738257339999997,"neg":0.6036901424000001,"neut":0.05008867780000001,"none":0.09267120560000001},"intensity":{"high":0.02114537440422908,"low":0.06928886081385777,"meium":0.8160135019632028,"none":0.09355226281871046},"expressive":{"dir-action":0.0008810571999999999,"dir-explicit":0.1802219806,"dir-speech":0.537181761,"indirect":0.18816293839999998,"writing-device":0.0935522628}},{"id":"피자알볼로 명일암사점","permalink":"","username":"asdfg","text":"맛있내요  다음에 또시킬게요","date":"Mon Dec 10 23:59:44 +0000 2018","retweets":"30","favorites":"20","mentions":[],"hashtags":[],"geo":"","raw":"맛있내요  다음에 또시킬게요","polarity":{"com":0,"pos":0.047619047650793646,"neg":0.8095238093968253,"neut":0,"none":0.14285714295238094},"intensity":{"high":0,"low":0,"meium":0.857142857,"none":0.142857143},"expressive":{"dir-action":0,"dir-explicit":0.047619047666666664,"dir-speech":0.761904762,"indirect":0,"writing-device":0.19047619033333332}},{"id":"피자알볼로 명일암사점","permalink":"","username":"asdfg","text":"짱맛 존맛 입니다.....","date":"Mon Dec 10 23:59:44 +0000 2018","retweets":"30","favorites":"20","mentions":[],"hashtags":[],"geo":"","raw":"짱맛 존맛 입니다.....","polarity":{"com":0,"pos":1,"neg":0,"neut":0,"none":0},"intensity":{"high":0,"low":0,"meium":1,"none":0},"expressive":{"dir-action":0,"dir-explicit":0,"dir-speech":1,"indirect":0,"writing-device":0}},{"id":"피자알볼로 명일암사점","permalink":"","username":"asdfg","text":"아직 오지않았어요 1시간 10분 경과.....3분전쯤 주문 접수 되었다는 문자가왔네요.. 헐배달통.. ㅠㅠ","date":"Mon Dec 10 23:59:44 +0000 2018","retweets":"30","favorites":"20","mentions":[],"hashtags":[],"geo":"","raw":"아직 오지않았어요 1시간 10분 경과.....3분전쯤 주문 접수 되었다는 문자가왔네요.. 헐배달통.. ㅠㅠ","polarity":{"com":0.010637273854103636,"pos":0.5411532537025276,"neg":0.35419715047022937,"neut":0.02495668085001238,"none":0.06905564112312697},"intensity":{"high":0.09371390070089802,"low":0.028783211424459543,"meium":0.8071717364561184,"none":0.07033115141852413},"expressive":{"dir-action":0,"dir-explicit":0.38969002694433,"dir-speech":0.4074460916560791,"indirect":0.12841740469594037,"writing-device":0.0744464767036505}},{"id":"피자알볼로 명일암사점","permalink":"","username":"asdfg","text":"가나다라마바사아자카차","date":"Mon Dec 10 23:59:44 +0000 2018","retweets":"30","favorites":"20","mentions":[],"hashtags":[],"geo":"","raw":"가나다라마바사아자카차","polarity":{"com":0,"pos":0,"neg":1,"neut":0,"none":0},"intensity":{"high":0,"low":0,"meium":1,"none":0},"expressive":{"dir-action":0,"dir-explicit":0,"dir-speech":0,"indirect":1,"writing-device":0}},{"id":"피자알볼로 명일암사점","permalink":"","username":"asdfg","text":"넘맛나요 토핑도  많고 피클도 깔끔깔끔","date":"Mon Dec 10 23:59:44 +0000 2018","retweets":"30","favorites":"20","mentions":[],"hashtags":[],"geo":"","raw":"넘맛나요 토핑도  많고 피클도 깔끔깔끔","polarity":{"com":0.002380952333333333,"pos":0.738095238,"neg":0.10952380966666668,"neut":0.004761904666666666,"none":0.14523809533333334},"intensity":{"high":0.047619047666666664,"low":0.038095238,"meium":0.7690476190000001,"none":0.14523809533333334},"expressive":{"dir-action":0,"dir-explicit":0.3952380952015873,"dir-speech":0.4333333331888889,"indirect":0.028571428657142857,"writing-device":0.14285714295238094}},{"id":"피자알볼로 명일암사점","permalink":"","username":"asdfg","text":"맛있어요..근데단호박이 더 맛나지만 여튼 피자 대박","date":"Mon Dec 10 23:59:44 +0000 2018","retweets":"30","favorites":"20","mentions":[],"hashtags":[],"geo":"","raw":"맛있어요..근데단호박이 더 맛나지만 여튼 피자 대박","polarity":{"com":0,"pos":0.5,"neg":0.5,"neut":0,"none":0},"intensity":{"high":0,"low":0,"meium":1,"none":0},"expressive":{"dir-action":0,"dir-explicit":0,"dir-speech":1,"indirect":0,"writing-device":0}},{"id":"피자알볼로 명일암사점","permalink":"","username":"asdfg","text":"맛잇어요 맛잇어요 ㅋㅋㅋㅋㅋ","date":"Mon Dec 10 23:59:44 +0000 2018","retweets":"30","favorites":"20","mentions":[],"hashtags":[],"geo":"","raw":"맛잇어요 맛잇어요 ㅋㅋㅋㅋㅋ","polarity":{"com":0,"pos":1,"neg":0,"neut":0,"none":0},"intensity":{"high":0,"low":0,"meium":1,"none":0},"expressive":{"dir-action":0,"dir-explicit":0,"dir-speech":1,"indirect":0,"writing-device":0}},{"id":"피자알볼로 명일암사점","permalink":"","username":"asdfg","text":"맛잇게잘먹었습니다 치즈오븐 맛있내요","date":"Mon Dec 10 23:59:44 +0000 2018","retweets":"30","favorites":"20","mentions":[],"hashtags":[],"geo":"","raw":"맛잇게잘먹었습니다 치즈오븐 맛있내요","polarity":{"com":0,"pos":0.5714285715238094,"neg":0.40476190480158736,"neut":0.023809523674603175,"none":0},"intensity":{"high":0,"low":0.07142857133333333,"meium":0.9285714286666668,"none":0},"expressive":{"dir-action":0,"dir-explicit":0.07142857133333333,"dir-speech":0.7142857143333333,"indirect":0.21428571433333332,"writing-device":0}},{"id":"피자알볼로 명일암사점","permalink":"","username":"asdfg","text":"맛있어요 배달도빠르고 피자도 항상 맛있어요","date":"Mon Dec 10 23:59:44 +0000 2018","retweets":"30","favorites":"20","mentions":[],"hashtags":[],"geo":"","raw":"맛있어요 배달도빠르고 피자도 항상 맛있어요","polarity":{"com":0.0014285714000000001,"pos":0.44285714280000005,"neg":0.4657142858000001,"neut":0.0028571428000000003,"none":0.08714285720000002},"intensity":{"high":0.028571428599999997,"low":0.0895238094,"meium":0.7947619048,"none":0.0871428572},"expressive":{"dir-action":0,"dir-explicit":0.03714285719257143,"dir-speech":0.659999999868,"indirect":0.21714285715657142,"writing-device":0.08571428578285714}},{"id":"피자알볼로 명일암사점","permalink":"","username":"asdfg","text":"피자 맛있네요 ~ 가성비ㅜ나쁘지 않아요~ ","date":"Mon Dec 10 23:59:44 +0000 2018","retweets":"30","favorites":"20","mentions":[],"hashtags":[],"geo":"","raw":"피자 맛있네요 ~ 가성비ㅜ나쁘지 않아요~ ","polarity":{"com":0,"pos":0,"neg":1,"neut":0,"none":0},"intensity":{"high":0.27777777766666667,"low":0,"meium":0.7222222223333333,"none":0},"expressive":{"dir-action":0,"dir-explicit":0.111111111,"dir-speech":0.3333333333333333,"indirect":0.5555555556666666,"writing-device":0}},{"id":"피자알볼로 명일암사점","permalink":"","username":"asdfg","text":" 정말 잘먹었습니다~^^","date":"Mon Dec 10 23:59:44 +0000 2018","retweets":"30","favorites":"20","mentions":[],"hashtags":[],"geo":"","raw":" 정말 잘먹었습니다~^^","polarity":{"com":0,"pos":0.5416666665000001,"neg":0.3333333335,"neut":0,"none":0.125},"intensity":{"high":0.3055555555,"low":0.111111111,"meium":0.4583333335,"none":0.125},"expressive":{"dir-action":0,"dir-explicit":0.361111111,"dir-speech":0.513888889,"indirect":0,"writing-device":0.125}},{"id":"피자알볼로 명일암사점","permalink":"","username":"asdfg","text":"단호박피자 엄마가 조아해여","date":"Mon Dec 10 23:59:44 +0000 2018","retweets":"30","favorites":"20","mentions":[],"hashtags":[],"geo":"","raw":"단호박피자 엄마가 조아해여","polarity":{"com":0,"pos":0.3333333335,"neg":0.6666666665000001,"neut":0,"none":0},"intensity":{"high":0,"low":0,"meium":1,"none":0},"expressive":{"dir-action":0,"dir-explicit":0,"dir-speech":0.8333333334999999,"indirect":0.1666666665,"writing-device":0}},{"id":"피자알볼로 명일암사점","permalink":"","username":"asdfg","text":"맛나게먹었어요 고구마피자좋아요 ㅎ","date":"Mon Dec 10 23:59:44 +0000 2018","retweets":"30","favorites":"20","mentions":[],"hashtags":[],"geo":"","raw":"맛나게먹었어요 고구마피자좋아요 ㅎ","polarity":{"com":0,"pos":0.6266666665,"neg":0.3533333335,"neut":0,"none":0.02},"intensity":{"high":0.1555555555,"low":0.131111111,"meium":0.6933333335,"none":0.02},"expressive":{"dir-action":0,"dir-explicit":0.411111111,"dir-speech":0.48888888900000005,"indirect":0.08,"writing-device":0.02}},{"id":"피자알볼로 명일암사점","permalink":"","username":"asdfg","text":"포테이토피자 괜찮았는데 살짝 느끼했어요아무래도 토핑 추가해서  먹어야 하나봐요","date":"Mon Dec 10 23:59:44 +0000 2018","retweets":"30","favorites":"20","mentions":[],"hashtags":[],"geo":"","raw":"포테이토피자 괜찮았는데 살짝 느끼했어요아무래도 토핑 추가해서  먹어야 하나봐요","polarity":{"com":0.016075268996784943,"pos":0.3564516127287097,"neg":0.3577419355284516,"neut":0.050215053789956984,"none":0.2195161289560968},"intensity":{"high":0.111469534,"low":0.10756272380000001,"meium":0.560591398,"none":0.22037634420000002},"expressive":{"dir-action":0.002580645200516129,"dir-explicit":0.23670250904734053,"dir-speech":0.3650716846730143,"indirect":0.16779569883355916,"writing-device":0.22784946224556987}},{"id":"피자알볼로 명일암사점","permalink":"","username":"asdfg","text":"도우가 쫀득하니 괜찮네요","date":"Mon Dec 10 23:59:44 +0000 2018","retweets":"30","favorites":"20","mentions":[],"hashtags":[],"geo":"","raw":"도우가 쫀득하니 괜찮네요","polarity":{"com":0.012403994,"pos":0.642281106,"neg":0.2723246286666667,"neut":0.05474270366666667,"none":0.01824756766666667},"intensity":{"high":0.433499744,"low":0.07442396300000001,"meium":0.4701356886666667,"none":0.021940604333333336},"expressive":{"dir-action":0.002150537666666667,"dir-explicit":0.5629928316666667,"dir-speech":0.202374552,"indirect":0.21423451100000002,"writing-device":0.01824756766666667}},{"id":"피자알볼로 명일암사점","permalink":"","username":"asdfg","text":"매우굳굿배달하시는분도친절하시구언제나맛은보장세트로먹다가피자만시켜먹어봤는데도굳굿","date":"Mon Dec 10 23:59:44 +0000 2018","retweets":"30","favorites":"20","mentions":[],"hashtags":[],"geo":"","raw":"매우굳굿배달하시는분도친절하시구언제나맛은보장세트로먹다가피자만시켜먹어봤는데도굳굿","polarity":{"com":0.006196760272727272,"pos":0.613021387090909,"neg":0.27405390318181816,"neut":0.021161096909090907,"none":0.08556685254545454},"intensity":{"high":0.161281371,"low":0.07358859763636363,"meium":0.6793676753636363,"none":0.085762356},"expressive":{"dir-action":0.0005865102727272728,"dir-explicit":0.19014301109090911,"dir-speech":0.4877202546363636,"indirect":0.23517584572727274,"writing-device":0.08637437827272727}},{"id":"피자알볼로 명일암사점","permalink":"","username":"asdfg","text":"배달도 빠르고 피자도 맛있어요","date":"Mon Dec 10 23:59:44 +0000 2018","retweets":"30","favorites":"20","mentions":[],"hashtags":[],"geo":"","raw":"배달도 빠르고 피자도 맛있어요","polarity":{"com":0.002380952333333333,"pos":0.738095238,"neg":0.10952380966666668,"neut":0.004761904666666666,"none":0.14523809533333334},"intensity":{"high":0.047619047666666664,"low":0.149206349,"meium":0.657936508,"none":0.14523809533333334},"expressive":{"dir-action":0,"dir-explicit":0.06190476197936508,"dir-speech":0.4333333331888889,"indirect":0.36190476187936504,"writing-device":0.14285714295238094}},{"id":"피자알볼로 명일암사점","permalink":"","username":"asdfg","text":"배달은 일요일 저녁 밀릴 때 주문해 45분정도 걸렸고 7번가 피자 프리미엄세트와 비슷하게 주문했을 때 가격 비슷한 것 같은데 여기는 샐러드와 피클이 잘 나오고 7번가는 버팔로윙 등의 사이드가 잘 나오는 듯 합니다. 맛은 둘 다 맛있지만 여기가 조금 더 재료가 잘 들어 간 것 같은 느낌입니다. 이래저래 여성고객들의 선호도는 여기가 더 높을 것 같네요~","date":"Mon Dec 10 23:59:44 +0000 2018","retweets":"30","favorites":"20","mentions":[],"hashtags":[],"geo":"","raw":"배달은 일요일 저녁 밀릴 때 주문해 45분정도 걸렸고 7번가 피자 프리미엄세트와 비슷하게 주문했을 때 가격 비슷한 것 같은데 여기는 샐러드와 피클이 잘 나오고 7번가는 버팔로윙 등의 사이드가 잘 나오는 듯 합니다. 맛은 둘 다 맛있지만 여기가 조금 더 재료가 잘 들어 간 것 같은 느낌입니다. 이래저래 여성고객들의 선호도는 여기가 더 높을 것 같네요~","polarity":{"com":0.00868546708959311,"pos":0.4532422946282966,"neg":0.33814330522149344,"neut":0.13750086797916652,"none":0.06242806508145029},"intensity":{"high":0.05369855221374846,"low":0.12495073342802886,"meium":0.7579122995684215,"none":0.0634384147898012},"expressive":{"dir-action":0.004658001242424242,"dir-explicit":0.2624786287878788,"dir-speech":0.4776584675454545,"indirect":0.19095022212121218,"writing-device":0.0642546803030303}},{"id":"피자알볼로 명일암사점","permalink":"","username":"asdfg","text":"한시간 반이나 지났는데 배달은 인오고 전화는 안받ㄱᆢ. 뭐하자는거에요 짜증나네","date":"Mon Dec 10 23:59:44 +0000 2018","retweets":"30","favorites":"20","mentions":[],"hashtags":[],"geo":"","raw":"한시간 반이나 지났는데 배달은 인오고 전화는 안받ㄱᆢ. 뭐하자는거에요 짜증나네","polarity":{"com":0.0014367816249999997,"pos":0.613146551625,"neg":0.28726652299999994,"neut":0.04507902299999999,"none":0.053071120749999985},"intensity":{"high":0.05343031611832121,"low":0.3074712643365661,"meium":0.5845905171769262,"none":0.05450790236818651},"expressive":{"dir-action":0.001436781625,"dir-explicit":0.1060524425,"dir-speech":0.47099497125,"indirect":0.293821839125,"writing-device":0.1276939655}},{"id":"피자알볼로 명일암사점","permalink":"","username":"asdfg","text":"!","date":"Mon Dec 10 23:59:44 +0000 2018","retweets":"30","favorites":"20","mentions":[],"hashtags":[],"geo":"","raw":"!!!!!!!!!!!!","polarity":{"com":null,"pos":null,"neg":null,"neut":null,"none":null},"intensity":{"high":null,"low":null,"meium":null,"none":null},"expressive":{"dir-action":null,"dir-explicit":null,"dir-speech":null,"indirect":null,"writing-device":null}},{"id":"피자알볼로 명일암사점","permalink":"","username":"asdfg","text":"맛있어요. 스파게티두요","date":"Mon Dec 10 23:59:44 +0000 2018","retweets":"30","favorites":"20","mentions":[],"hashtags":[],"geo":"","raw":"맛있어요. 스파게티두요","polarity":{"com":0,"pos":0,"neg":1,"neut":0,"none":0},"intensity":{"high":0,"low":0,"meium":1,"none":0},"expressive":{"dir-action":0,"dir-explicit":0,"dir-speech":1,"indirect":0,"writing-device":0}},{"id":"피자알볼로 명일암사점","permalink":"","username":"asdfg","text":"리뷰를보고기대많이했는데...생각보단별루였어요...ㅠ.ㅜ","date":"Mon Dec 10 23:59:44 +0000 2018","retweets":"30","favorites":"20","mentions":[],"hashtags":[],"geo":"","raw":"리뷰를보고기대많이했는데...생각보단별루였어요...ㅠ.ㅜ","polarity":{"com":0.028455617671409267,"pos":0.5667736355944623,"neg":0.2370834785395139,"neut":0.07598722167933118,"none":0.09170004651528334},"intensity":{"high":0.09027265550000002,"low":0.13948733433333335,"meium":0.6766242548333334,"none":0.09361575533333334},"expressive":{"dir-action":0.0019157088339719025,"dir-explicit":0.3471680121157227,"dir-speech":0.3634669036211556,"indirect":0.18673422872891138,"writing-device":0.10071514670023837}},{"id":"피자알볼로 명일암사점","permalink":"","username":"asdfg","text":"단호박피자에 옥수수 파인애플추가해서 맛나게먹엇어요","date":"Mon Dec 10 23:59:44 +0000 2018","retweets":"30","favorites":"20","mentions":[],"hashtags":[],"geo":"","raw":"단호박피자에 옥수수 파인애플추가해서 맛나게먹엇어요","polarity":{"com":0.019354838999999995,"pos":0.5161290319999999,"neg":0.35268817199999997,"neut":0.08387096799999999,"none":0.027956988999999995},"intensity":{"high":0.139784946,"low":0.116129032,"meium":0.713978495,"none":0.030107527},"expressive":{"dir-action":0.006451613,"dir-explicit":0.313978495,"dir-speech":0.294623656,"indirect":0.356989247,"writing-device":0.027956989}},{"id":"피자알볼로 명일암사점","permalink":"","username":"asdfg","text":"~","date":"Mon Dec 10 23:59:44 +0000 2018","retweets":"30","favorites":"20","mentions":[],"hashtags":[],"geo":"","raw":"~~~~~~~~~~~~~","polarity":{"com":null,"pos":null,"neg":null,"neut":null,"none":null},"intensity":{"high":null,"low":null,"meium":null,"none":null},"expressive":{"dir-action":null,"dir-explicit":null,"dir-speech":null,"indirect":null,"writing-device":null}},{"id":"피자알볼로 명일암사점","permalink":"","username":"asdfg","text":"고구마피자 가격도 맛도 만족합니다.도우가역시 담백해서 좋아요","date":"Mon Dec 10 23:59:44 +0000 2018","retweets":"30","favorites":"20","mentions":[],"hashtags":[],"geo":"","raw":"고구마피자 가격도 맛도 만족합니다.도우가역시 담백해서 좋아요","polarity":{"com":0.00445241157206463,"pos":0.5828902372261272,"neg":0.23926824789132406,"neut":0.054378868579196986,"none":0.11901023473128718},"intensity":{"high":0.06528160815218309,"low":0.08167187586881028,"meium":0.7336072808190868,"none":0.1194392351599199},"expressive":{"dir-action":0.0004290004285714286,"dir-explicit":0.347337133,"dir-speech":0.2747747747142857,"indirect":0.2590402648571428,"writing-device":0.11841882700000002}},{"id":"피자알볼로 명일암사점","permalink":"","username":"asdfg","text":"맛잇게 잘믁엇슴더~","date":"Mon Dec 10 23:59:44 +0000 2018","retweets":"30","favorites":"20","mentions":[],"hashtags":[],"geo":"","raw":"맛잇게 잘믁엇슴더~","polarity":{"com":0.030303030343434345,"pos":0.768398268589466,"neg":0.16233766238744587,"neut":0.023809523674603175,"none":0.015151515005050504},"intensity":{"high":0.015151515005050502,"low":0.11688311670562768,"meium":0.8528138532842713,"none":0.015151515005050502},"expressive":{"dir-action":0,"dir-explicit":0.16233766233333333,"dir-speech":0.4112554113333333,"indirect":0.4112554113333333,"writing-device":0.015151514999999999}},{"id":"피자알볼로 명일암사점","permalink":"","username":"asdfg","text":"알볼로피자는 언제 먹어도 맛나네요. 배송도 빠르고 좋았어요.","date":"Mon Dec 10 23:59:44 +0000 2018","retweets":"30","favorites":"20","mentions":[],"hashtags":[],"geo":"","raw":"알볼로피자는 언제 먹어도 맛나네요. 배송도 빠르고 좋았어요.","polarity":{"com":0.0014285714,"pos":0.4479249638000001,"neg":0.38136219360000007,"neut":0.04008658,"none":0.1291976912},"intensity":{"high":0.11532467539999999,"low":0.1592842712,"meium":0.5961933622,"none":0.1291976912},"expressive":{"dir-action":0,"dir-explicit":0.2878787878848485,"dir-speech":0.46161616161535346,"indirect":0.1013795093594482,"writing-device":0.1491255411403498}},{"id":"피자알볼로 명일암사점","permalink":"","username":"asdfg","text":"맛있었어요 배달도빨라요","date":"Mon Dec 10 23:59:44 +0000 2018","retweets":"30","favorites":"20","mentions":[],"hashtags":[],"geo":"","raw":"맛있었어요 배달도빨라요","polarity":{"com":0,"pos":0.5,"neg":0.5,"neut":0,"none":0},"intensity":{"high":0,"low":0,"meium":1,"none":0},"expressive":{"dir-action":0,"dir-explicit":0,"dir-speech":1,"indirect":0,"writing-device":0}},{"id":"피자알볼로 명일암사점","permalink":"","username":"asdfg","text":"맛있어요 잘먹었어요.  ","date":"Mon Dec 10 23:59:44 +0000 2018","retweets":"30","favorites":"20","mentions":[],"hashtags":[],"geo":"","raw":"맛있어요 잘먹었어요.  ","polarity":{"com":0,"pos":0.35714285717857136,"neg":0.6071428573035714,"neut":0.03571428551785714,"none":0},"intensity":{"high":0,"low":0.107142857,"meium":0.8928571430000001,"none":0},"expressive":{"dir-action":0,"dir-explicit":0.107142857,"dir-speech":0.5714285715,"indirect":0.3214285715,"writing-device":0}},{"id":"피자알볼로 명일암사점","permalink":"","username":"asdfg","text":"따끈따끈 맛있고 좋았네요 배달 기사분도 친절하시구 믿고먹는 알볼로!","date":"Mon Dec 10 23:59:44 +0000 2018","retweets":"30","favorites":"20","mentions":[],"hashtags":[],"geo":"","raw":"따끈따끈 맛있고 좋았네요 배달 기사분도 친절하시구 믿고먹는 알볼로!","polarity":{"com":0.003785385142857142,"pos":0.37182795685714287,"neg":0.5384112355714284,"neut":0.014022383142857142,"none":0.07195303928571427},"intensity":{"high":0.16985589938004117,"low":0.13500256010428496,"meium":0.6228812815363196,"none":0.0722602589793542},"expressive":{"dir-action":0.0009216590000000001,"dir-explicit":0.2772803745714286,"dir-speech":0.43551313,"indirect":0.2153522052857143,"writing-device":0.07093263114285715}},{"id":"피자알볼로 명일암사점","permalink":"","username":"asdfg","text":"주문한지 한시간20분이 지났는데 와냐지 리뷰를 쓰던가 말던가 하지. 장난하나진짜 별 한개도 아깝다","date":"Mon Dec 10 23:59:44 +0000 2018","retweets":"30","favorites":"20","mentions":[],"hashtags":[],"geo":"","raw":"주문한지 한시간20분이 지났는데 와냐지 리뷰를 쓰던가 말던가 하지. 장난하나진짜 별 한개도 아깝다","polarity":{"com":0.0049474114,"pos":0.5051176189000001,"neg":0.2884361877,"neut":0.12824680689999998,"none":0.0732519751},"intensity":{"high":0.07246376549275363,"low":0.10395477528960453,"meium":0.7487395302251262,"none":0.07484192899251582},"expressive":{"dir-action":0.1015899539,"dir-explicit":0.21033233350000002,"dir-speech":0.3815767324,"indirect":0.23007448640000003,"writing-device":0.0764264938}},{"id":"피자알볼로 명일암사점","permalink":"","username":"asdfg","text":"도대체 언제와요ㅠ 도착도안했는데 무슨 리뷰를 남기라고하나요ㅠ아휴","date":"Mon Dec 10 23:59:44 +0000 2018","retweets":"30","favorites":"20","mentions":[],"hashtags":[],"geo":"","raw":"도대체 언제와요ㅠ 도착도안했는데 무슨 리뷰를 남기라고하나요ㅠ아휴","polarity":{"com":0.011146496752786625,"pos":0.32347588708086894,"neg":0.6185168336546292,"neut":0.046860782511715195,"none":0},"intensity":{"high":0.2834394905,"low":0.31596906275000003,"meium":0.40059144675,"none":0},"expressive":{"dir-action":0.0031847134984076433,"dir-explicit":0.17015468616492263,"dir-speech":0.7581892626209054,"indirect":0.06687898096656052,"writing-device":0.0015923567492038217}},{"id":"피자알볼로 명일암사점","permalink":"","username":"asdfg","text":"크리스마스이브라서 많이 늦었지만ㅠ 맛있어요~","date":"Mon Dec 10 23:59:44 +0000 2018","retweets":"30","favorites":"20","mentions":[],"hashtags":[],"geo":"","raw":"크리스마스이브라서 많이 늦었지만ㅠ 맛있어요~","polarity":{"com":0,"pos":0.1666666665,"neg":0.7777777779999999,"neut":0.0555555555,"none":0},"intensity":{"high":0,"low":0.277777778,"meium":0.722222222,"none":0},"expressive":{"dir-action":0,"dir-explicit":0.111111111,"dir-speech":0.7777777779999999,"indirect":0.111111111,"writing-device":0}},{"id":"피자알볼로 명일암사점","permalink":"","username":"asdfg","text":"서비스가 아주 두둑히와서 배 터지도록 먹었네요 ^^ 다음에도 맛있는 피자 주문할게요","date":"Mon Dec 10 23:59:44 +0000 2018","retweets":"30","favorites":"20","mentions":[],"hashtags":[],"geo":"","raw":"서비스가 아주 두둑히와서 배 터지도록 먹었네요 ^^ 다음에도 맛있는 피자 주문할게요","polarity":{"com":0.000892857125,"pos":0.5104166666250001,"neg":0.36994047625000004,"neut":0.06428571425,"none":0.05446428575},"intensity":{"high":0.11656746036042907,"low":0.20277777772465277,"meium":0.6261904761717262,"none":0.05446428574319197},"expressive":{"dir-action":0,"dir-explicit":0.2117063492235367,"dir-speech":0.37132936507858383,"indirect":0.3633928570795759,"writing-device":0.05357142861830357}},{"id":"피자알볼로 명일암사점","permalink":"","username":"asdfg","text":"늘 먹던거라 별 걱정없이 시키는데. 배달이 너무 늦네요.","date":"Mon Dec 10 23:59:44 +0000 2018","retweets":"30","favorites":"20","mentions":[],"hashtags":[],"geo":"","raw":"늘 먹던거라 별 걱정없이 시키는데. 배달이 너무 늦네요.","polarity":{"com":0.02380952383730159,"pos":0.46171802057695305,"neg":0.47525676941254286,"neut":0.029411764671568634,"none":0.009803921501633988},"intensity":{"high":0.07173980701195665,"low":0.07065048234510841,"meium":0.847805789141301,"none":0.009803921501633986},"expressive":{"dir-action":0,"dir-explicit":0.15188297533333334,"dir-speech":0.5301898538333334,"indirect":0.30812324933333335,"writing-device":0.0098039215}},{"id":"피자알볼로 명일암사점","permalink":"","username":"asdfg","text":"맛있습니다깔끔하니 좋네요","date":"Mon Dec 10 23:59:44 +0000 2018","retweets":"30","favorites":"20","mentions":[],"hashtags":[],"geo":"","raw":"맛있습니다깔끔하니 좋네요","polarity":{"com":0.008008007999999999,"pos":0.510870871,"neg":0.4487687686666666,"neut":0.011011011,"none":0.02134134133333333},"intensity":{"high":0.10470470466666666,"low":0.04136136133333334,"meium":0.8315915916666666,"none":0.022342342333333334},"expressive":{"dir-action":0.0010010010000000003,"dir-explicit":0.30410410400000004,"dir-speech":0.43003003,"indirect":0.2425225226666667,"writing-device":0.022342342333333338}},{"id":"피자알볼로 명일암사점","permalink":"","username":"asdfg","text":"맛있어서 광광광이ㅜㅜ","date":"Mon Dec 10 23:59:44 +0000 2018","retweets":"30","favorites":"20","mentions":[],"hashtags":[],"geo":"","raw":"맛있어서 광광광이ㅜㅜ","polarity":{"com":0.015418502,"pos":0.215859031,"neg":0.720264317,"neut":0.0440528635,"none":0.0044052865},"intensity":{"high":0.05286343602643172,"low":0.06607929503303965,"meium":0.8744493394372247,"none":0.006607929503303965},"expressive":{"dir-action":0.002202643001101321,"dir-explicit":0.2070484581035242,"dir-speech":0.6806167403403084,"indirect":0.1035242290517621,"writing-device":0.006607929503303964}},{"id":"피자알볼로 명일암사점","permalink":"","username":"asdfg","text":"굿!/^","date":"Mon Dec 10 23:59:44 +0000 2018","retweets":"30","favorites":"20","mentions":[],"hashtags":[],"geo":"","raw":"굿!!!!!!!!/^!!","polarity":{"com":0,"pos":1,"neg":0,"neut":0,"none":0},"intensity":{"high":0,"low":0,"meium":1,"none":0},"expressive":{"dir-action":0,"dir-explicit":0,"dir-speech":0,"indirect":1,"writing-device":0}},{"id":"피자알볼로 명일암사점","permalink":"","username":"asdfg","text":"피클미 특히 더 맛있었습니다~^^","date":"Mon Dec 10 23:59:44 +0000 2018","retweets":"30","favorites":"20","mentions":[],"hashtags":[],"geo":"","raw":"피클미 특히 더 맛있었습니다~^^","polarity":{"com":0,"pos":0.34782608700000006,"neg":0.5869565215000001,"neut":0.043478261000000004,"none":0.021739130500000002},"intensity":{"high":0.0869565215,"low":0.043478261,"meium":0.8478260870000001,"none":0.0217391305},"expressive":{"dir-action":0,"dir-explicit":0.23913043500000003,"dir-speech":0.652173913,"indirect":0.08695652150000001,"writing-device":0.021739130500000002}},{"id":"피자알볼로 명일암사점","permalink":"","username":"asdfg","text":"생각보다 더 맛있어요 ㅎㅎ 다만 R사이즈라 피자가 작았지만 스파게티 피자 모두 맛있게 잘먹었네요","date":"Mon Dec 10 23:59:44 +0000 2018","retweets":"30","favorites":"20","mentions":[],"hashtags":[],"geo":"","raw":"생각보다 더 맛있어요 ㅎㅎ 다만 R사이즈라 피자가 작았지만 스파게티 피자 모두 맛있게 잘먹었네요","polarity":{"com":0.00581899428654557,"pos":0.5116104413588015,"neg":0.20908508317272648,"neut":0.0828922148689846,"none":0.19059326631294193},"intensity":{"high":0.07791594886827372,"low":0.10572634844367519,"meium":0.6244889260892127,"none":0.19186877659883841},"expressive":{"dir-action":0,"dir-explicit":0.2658353197142857,"dir-speech":0.34580752585714286,"indirect":0.19496276771428572,"writing-device":0.19339438671428574}},{"id":"피자알볼로 명일암사점","permalink":"","username":"asdfg","text":"맛잇어요 헤헤 처음시켰는데 ㄱㅊ해요","date":"Mon Dec 10 23:59:44 +0000 2018","retweets":"30","favorites":"20","mentions":[],"hashtags":[],"geo":"","raw":"맛잇어요 헤헤 처음시켰는데 ㄱㅊ해요","polarity":{"com":0.054070660648643104,"pos":0.6482334867839221,"neg":0.21280081926239974,"neut":0.027956989324014338,"none":0.056938043981020654},"intensity":{"high":0.046594982,"low":0.03870967733333333,"meium":0.8570404506666667,"none":0.05765488999999999},"expressive":{"dir-action":0.002150537665949821,"dir-explicit":0.19989759360003417,"dir-speech":0.5743983614752006,"indirect":0.16661546327779486,"writing-device":0.05693804398102066}},{"id":"피자알볼로 명일암사점","permalink":"","username":"asdfg","text":"맛있습니다 ^^ 시켜먹을만 합니다","date":"Mon Dec 10 23:59:44 +0000 2018","retweets":"30","favorites":"20","mentions":[],"hashtags":[],"geo":"","raw":"맛있습니다 ^^ 시켜먹을만 합니다","polarity":{"com":0,"pos":0.3055555553333334,"neg":0.5555555556666667,"neut":0,"none":0.13888888900000002},"intensity":{"high":0.06481481466666668,"low":0.074074074,"meium":0.7222222223333334,"none":0.13888888900000002},"expressive":{"dir-action":0,"dir-explicit":0.18518518500000003,"dir-speech":0.5925925926666668,"indirect":0.08333333333333334,"writing-device":0.13888888900000002}},{"id":"피자알볼로 명일암사점","permalink":"","username":"asdfg","text":"맛있게잘먹었습니당~!! 그런대 핫소스가너무적어여!","date":"Mon Dec 10 23:59:44 +0000 2018","retweets":"30","favorites":"20","mentions":[],"hashtags":[],"geo":"","raw":"맛있게잘먹었습니당~!! 그런대 핫소스가너무적어여!","polarity":{"com":0.004464285751116071,"pos":0.4687500001171875,"neg":0.4821428571205358,"neut":0.03794642850948661,"none":0.006696428501674107},"intensity":{"high":0.0401785715,"low":0.26785714275,"meium":0.6830357142500001,"none":0.0089285715},"expressive":{"dir-action":0,"dir-explicit":0.1473214285,"dir-speech":0.42633928575,"indirect":0.41964285725,"writing-device":0.0066964285}},{"id":"피자알볼로 명일암사점","permalink":"","username":"asdfg","text":"배달 완전  느렸어요 치즈 다 굳고 별로","date":"Mon Dec 10 23:59:44 +0000 2018","retweets":"30","favorites":"20","mentions":[],"hashtags":[],"geo":"","raw":"배달 완전  느렸어요 치즈 다 굳고 별로","polarity":{"com":0,"pos":0.5714285713333332,"neg":0.16666666666666666,"neut":0,"none":0.26190476199999996},"intensity":{"high":0.09523809530158729,"low":0,"meium":0.6428571427857143,"none":0.2619047619126984},"expressive":{"dir-action":0,"dir-explicit":0.14285714295238094,"dir-speech":0.5952380951349205,"indirect":0,"writing-device":0.2619047619126984}},{"id":"피자알볼로 명일암사점","permalink":"","username":"asdfg","text":"건강한 맛의 피자였습니다알볼로는 항상 특별합니다","date":"Mon Dec 10 23:59:44 +0000 2018","retweets":"30","favorites":"20","mentions":[],"hashtags":[],"geo":"","raw":"건강한 맛의 피자였습니다알볼로는 항상 특별합니다","polarity":{"com":0.007038442666666668,"pos":0.6122926198333334,"neg":0.2503398036666667,"neut":0.06025357033333334,"none":0.07007556350000001},"intensity":{"high":0.0649818415108303,"low":0.10295696635049284,"meium":0.7616272056269379,"none":0.070433986511739},"expressive":{"dir-action":0.001075268833154122,"dir-explicit":0.1939560968010073,"dir-speech":0.4212568442631238,"indirect":0.2925712349512381,"writing-device":0.09114055515147658}},{"id":"피자알볼로 명일암사점","permalink":"","username":"asdfg","text":"괜찮아요좋아요만족해요~~","date":"Mon Dec 10 23:59:44 +0000 2018","retweets":"30","favorites":"20","mentions":[],"hashtags":[],"geo":"","raw":"괜찮아요좋아요만족해요~~","polarity":{"com":0,"pos":0.92,"neg":0.04,"neut":0,"none":0.04},"intensity":{"high":0.2,"low":0.04,"meium":0.72,"none":0.04},"expressive":{"dir-action":0,"dir-explicit":0.6,"dir-speech":0.2,"indirect":0.16,"writing-device":0.04}},{"id":"피자알볼로 명일암사점","permalink":"","username":"asdfg","text":"피클추가하는걸 깜빡했지모에요ㅠㅠ 피자스파게티 참 맛있어요~","date":"Mon Dec 10 23:59:44 +0000 2018","retweets":"30","favorites":"20","mentions":[],"hashtags":[],"geo":"","raw":"피클추가하는걸 깜빡했지모에요ㅠㅠ 피자스파게티 참 맛있어요~","polarity":{"com":0.006451612999999999,"pos":0.5609318996666667,"neg":0.2842293906666667,"neut":0.13906810033333333,"none":0.00931899633333333},"intensity":{"high":0.37992831533333327,"low":0.09426523299999999,"meium":0.5157706093333333,"none":0.01003584233333334},"expressive":{"dir-action":0.002150537666666667,"dir-explicit":0.43799283166666664,"dir-speech":0.4315412186666667,"indirect":0.11899641566666667,"writing-device":0.00931899633333333}},{"id":"피자알볼로 명일암사점","permalink":"","username":"asdfg","text":"건강한맛이예요~ 맛있어요~","date":"Mon Dec 10 23:59:44 +0000 2018","retweets":"30","favorites":"20","mentions":[],"hashtags":[],"geo":"","raw":"건강한맛이예요~ 맛있어요~","polarity":{"com":0,"pos":0.6666666666666666,"neg":0.3333333333333333,"neut":0,"none":0},"intensity":{"high":0,"low":0,"meium":1,"none":0},"expressive":{"dir-action":0,"dir-explicit":0,"dir-speech":0.6666666666666666,"indirect":0.3333333333333333,"writing-device":0}},{"id":"피자알볼로 명일암사점","permalink":"","username":"asdfg","text":"맛있어요 정갈하고 괜찮아요","date":"Mon Dec 10 23:59:44 +0000 2018","retweets":"30","favorites":"20","mentions":[],"hashtags":[],"geo":"","raw":"맛있어요 정갈하고 괜찮아요","polarity":{"com":0.012012012,"pos":0.3063063065,"neg":0.653153153,"neut":0.0165165165,"none":0.012012012},"intensity":{"high":0.057057057,"low":0.042042042,"meium":0.8873873875,"none":0.0135135135},"expressive":{"dir-action":0.0015015015000000005,"dir-explicit":0.15615615600000002,"dir-speech":0.5450450450000001,"indirect":0.28378378400000004,"writing-device":0.013513513500000003}},{"id":"피자알볼로 명일암사점","permalink":"","username":"asdfg","text":"우리엄마는 너무맛있데요저는 약간좀 싱거웠어요ㅎ담엔토핑좀더시켜야겠어요","date":"Mon Dec 10 23:59:44 +0000 2018","retweets":"30","favorites":"20","mentions":[],"hashtags":[],"geo":"","raw":"우리엄마는 너무맛있데요저는 약간좀 싱거웠어요ㅎ담엔토핑좀더시켜야겠어요","polarity":{"com":0.02197802200627944,"pos":0.5009593580002741,"neg":0.427175998836336,"neut":0.027210884293488825,"none":0.02267573686362164},"intensity":{"high":0.02005930585714286,"low":0.12663526942857142,"meium":0.8306296878571429,"none":0.02267573685714286},"expressive":{"dir-action":0,"dir-explicit":0.20872143742857144,"dir-speech":0.7084249084285714,"indirect":0.05564276985714286,"writing-device":0.027210884285714283}},{"id":"피자알볼로 명일암사점","permalink":"","username":"asdfg","text":"맛있어서 울었어요ㅜㅜ","date":"Mon Dec 10 23:59:44 +0000 2018","retweets":"30","favorites":"20","mentions":[],"hashtags":[],"geo":"","raw":"맛있어서 울었어요ㅜㅜ","polarity":{"com":0.125,"pos":0.125,"neg":0.75,"neut":0,"none":0},"intensity":{"high":0,"low":0.125,"meium":0.875,"none":0},"expressive":{"dir-action":0.25,"dir-explicit":0,"dir-speech":0.625,"indirect":0.125,"writing-device":0}},{"id":"피자알볼로 명일암사점","permalink":"","username":"asdfg","text":"맛있게 잘먹었습니다","date":"Mon Dec 10 23:59:44 +0000 2018","retweets":"30","favorites":"20","mentions":[],"hashtags":[],"geo":"","raw":"맛있게 잘먹었습니다","polarity":{"com":0,"pos":0.35714285717857136,"neg":0.6071428573035714,"neut":0.03571428551785714,"none":0},"intensity":{"high":0,"low":0.107142857,"meium":0.8928571430000001,"none":0},"expressive":{"dir-action":0,"dir-explicit":0.107142857,"dir-speech":0.5714285715,"indirect":0.3214285715,"writing-device":0}},{"id":"피자알볼로 명일암사점","permalink":"","username":"asdfg","text":"맛있어서 긋긋이는 굿굿이","date":"Mon Dec 10 23:59:44 +0000 2018","retweets":"30","favorites":"20","mentions":[],"hashtags":[],"geo":"","raw":"맛있어서 긋긋이는 굿굿이","polarity":{"com":0,"pos":0.43915343914638444,"neg":0.5026455028342152,"neut":0.031746031677248675,"none":0.026455026342151675},"intensity":{"high":0.010582010666666667,"low":0.07936507933333332,"meium":0.8835978836666666,"none":0.026455026333333336},"expressive":{"dir-action":0,"dir-explicit":0.052910053000000005,"dir-speech":0.5555555556666666,"indirect":0.35978835966666667,"writing-device":0.03174603166666667}},{"id":"피자알볼로 명일암사점","permalink":"","username":"asdfg","text":"맛있어서 긋긋이는 굿굿이","date":"Mon Dec 10 23:59:44 +0000 2018","retweets":"30","favorites":"20","mentions":[],"hashtags":[],"geo":"","raw":"맛있어서 긋긋이는 굿굿이","polarity":{"com":0,"pos":0.43915343914638444,"neg":0.5026455028342152,"neut":0.031746031677248675,"none":0.026455026342151675},"intensity":{"high":0.010582010666666667,"low":0.07936507933333332,"meium":0.8835978836666666,"none":0.026455026333333336},"expressive":{"dir-action":0,"dir-explicit":0.052910053000000005,"dir-speech":0.5555555556666666,"indirect":0.35978835966666667,"writing-device":0.03174603166666667}},{"id":"피자알볼로 명일암사점","permalink":"","username":"asdfg","text":"혼자 먹을양으론 적당했어요","date":"Mon Dec 10 23:59:44 +0000 2018","retweets":"30","favorites":"20","mentions":[],"hashtags":[],"geo":"","raw":"혼자 먹을양으론 적당했어요","polarity":{"com":0.05190615835063539,"pos":0.27810361675936784,"neg":0.5872596938624199,"neut":0.04310850434770283,"none":0.039622026679874},"intensity":{"high":0.07689801233333332,"low":0.16497230333333332,"meium":0.7177908116666666,"none":0.04033887266666666},"expressive":{"dir-action":0.002150537666666667,"dir-explicit":0.11981101333333334,"dir-speech":0.5780058653333333,"indirect":0.260410557,"writing-device":0.039622026666666664}},{"id":"피자알볼로 명일암사점","permalink":"","username":"asdfg","text":"늘맛있게잘먹고있습니다!특히 버팔로윙은  느무맛나네요","date":"Mon Dec 10 23:59:44 +0000 2018","retweets":"30","favorites":"20","mentions":[],"hashtags":[],"geo":"","raw":"늘맛있게잘먹고있습니다!특히 버팔로윙은  느무맛나네요","polarity":{"com":0.004237288251059321,"pos":0.29255447932313855,"neg":0.46840193711710043,"neut":0.03883171900970792,"none":0.19597457629899362},"intensity":{"high":0.07542372876885593,"low":0.09996973352499243,"meium":0.6286319614071579,"none":0.19597457629899365},"expressive":{"dir-action":0,"dir-explicit":0.14636803874999998,"dir-speech":0.43804479425000004,"indirect":0.23211259075,"writing-device":0.18347457625}},{"id":"피자알볼로 명일암사점","permalink":"","username":"asdfg","text":"알보로는 처음이었는데 토핑도 많고 만족했어요~","date":"Mon Dec 10 23:59:44 +0000 2018","retweets":"30","favorites":"20","mentions":[],"hashtags":[],"geo":"","raw":"알보로는 처음이었는데 토핑도 많고 만족했어요~","polarity":{"com":0,"pos":0.6136363635965909,"neg":0.3409090909147727,"neut":0.02272727274431818,"none":0.022727272744318166},"intensity":{"high":0.02272727275,"low":0.0454545455,"meium":0.909090909,"none":0.022727272749999985},"expressive":{"dir-action":0,"dir-explicit":0.5681818181079545,"dir-speech":0.09090909097727268,"indirect":0.29545454542613636,"writing-device":0.04545454548863636}},{"id":"피자알볼로 명일암사점","permalink":"","username":"asdfg","text":"최고에요!!!!!^***","date":"Mon Dec 10 23:59:44 +0000 2018","retweets":"30","favorites":"20","mentions":[],"hashtags":[],"geo":"","raw":"최고에요!!!!!^***","polarity":{"com":0,"pos":0.888888889,"neg":0.111111111,"neut":0,"none":0},"intensity":{"high":0.777777778,"low":0,"meium":0.222222222,"none":0},"expressive":{"dir-action":0,"dir-explicit":0,"dir-speech":0,"indirect":1,"writing-device":0}},{"id":"피자알볼로 명일암사점","permalink":"","username":"asdfg","text":"마시쩌여!!!!!! 너무마시쩌여!","date":"Mon Dec 10 23:59:44 +0000 2018","retweets":"30","favorites":"20","mentions":[],"hashtags":[],"geo":"","raw":"마시쩌여!!!!!! 너무마시쩌여!","polarity":{"com":0,"pos":0,"neg":0,"neut":1,"none":0},"intensity":{"high":0,"low":0,"meium":0,"none":1},"expressive":{"dir-action":0,"dir-explicit":1,"dir-speech":0,"indirect":0,"writing-device":0}},{"id":"피자알볼로 명일암사점","permalink":"","username":"asdfg","text":"도우가 좀 특이했고 재료가 신선해 보였습니다. 건강한 피자라는 느낌이 드네요.","date":"Mon Dec 10 23:59:44 +0000 2018","retweets":"30","favorites":"20","mentions":[],"hashtags":[],"geo":"","raw":"도우가 좀 특이했고 재료가 신선해 보였습니다. 건강한 피자라는 느낌이 드네요.","polarity":{"com":0.007794494199999997,"pos":0.6485678518999999,"neg":0.26673707109999995,"neut":0.0465255189,"none":0.030375063899999992},"intensity":{"high":0.17844978311784498,"low":0.23246140922324615,"meium":0.5567129755556713,"none":0.032375832103237585},"expressive":{"dir-action":0.0006451613000645162,"dir-explicit":0.3640612482364062,"dir-speech":0.26430713682643064,"indirect":0.33865060543386505,"writing-device":0.03233584820323358}},{"id":"피자알볼로 명일암사점","permalink":"","username":"asdfg","text":"항상 배달기다려지는 피자!!","date":"Mon Dec 10 23:59:44 +0000 2018","retweets":"30","favorites":"20","mentions":[],"hashtags":[],"geo":"","raw":"항상 배달기다려지는 피자!!","polarity":{"com":0,"pos":1,"neg":0,"neut":0,"none":0},"intensity":{"high":0,"low":0,"meium":1,"none":0},"expressive":{"dir-action":0,"dir-explicit":0.25,"dir-speech":0.25,"indirect":0.5,"writing-device":0}},{"id":"피자알볼로 명일암사점","permalink":"","username":"asdfg","text":"존맛 짱맛 콜라없는건 함정\n\n","date":"Mon Dec 10 23:59:44 +0000 2018","retweets":"30","favorites":"20","mentions":[],"hashtags":[],"geo":"","raw":"존맛 짱맛 콜라없는건 함정\n\n","polarity":{"com":0.004854369,"pos":0.55097087375,"neg":0.3980582525,"neut":0.01213592225,"none":0.0339805825},"intensity":{"high":0.05582524273604368,"low":0.024271844743932038,"meium":0.8834951455291262,"none":0.03640776699089806},"expressive":{"dir-action":0,"dir-explicit":0.10679611650000001,"dir-speech":0.5533980582500001,"indirect":0.2985436892500001,"writing-device":0.041262136000000005}},{"id":"피자알볼로 명일암사점","permalink":"","username":"asdfg","text":"맛있어요 맛있어!!!","date":"Mon Dec 10 23:59:44 +0000 2018","retweets":"30","favorites":"20","mentions":[],"hashtags":[],"geo":"","raw":"맛있어요 맛있어!!!","polarity":{"com":0,"pos":0,"neg":1,"neut":0,"none":0},"intensity":{"high":0,"low":0,"meium":1,"none":0},"expressive":{"dir-action":0,"dir-explicit":0,"dir-speech":1,"indirect":0,"writing-device":0}},{"id":"피자알볼로 명일암사점","permalink":"","username":"asdfg","text":"맛있게 잘 먹었어요 근데 피클이 좀 짰어요","date":"Mon Dec 10 23:59:44 +0000 2018","retweets":"30","favorites":"20","mentions":[],"hashtags":[],"geo":"","raw":"맛있게 잘 먹었어요 근데 피클이 좀 짰어요","polarity":{"com":0.010279001336759668,"pos":0.3820012587940004,"neg":0.5516047828505349,"neut":0.05317809935105936,"none":0.0029368576676456195},"intensity":{"high":0.03524229067841409,"low":0.11548143470516045,"meium":0.8448709882816235,"none":0.004405286334801761},"expressive":{"dir-action":0.0014684286671561425,"dir-explicit":0.20946087673648692,"dir-speech":0.5013635411671212,"indirect":0.2833018670944339,"writing-device":0.004405286334801761}},{"id":"피자알볼로 명일암사점","permalink":"","username":"asdfg","text":"맛나용! 매번고민하다가 시켰는데 담백하니 맛있네요^^","date":"Mon Dec 10 23:59:44 +0000 2018","retweets":"30","favorites":"20","mentions":[],"hashtags":[],"geo":"","raw":"맛나용! 매번고민하다가 시켰는데 담백하니 맛있네요^^","polarity":{"com":0.006006006,"pos":0.40315315325,"neg":0.5765765764999999,"neut":0.00825825825,"none":0.006006006},"intensity":{"high":0.0285285285,"low":0.021021021,"meium":0.94369369375,"none":0.00675675675},"expressive":{"dir-action":0.0007507507500000002,"dir-explicit":0.07807807800000001,"dir-speech":0.5225225225000001,"indirect":0.391891892,"writing-device":0.0067567567500000005}},{"id":"피자알볼로 명일암사점","permalink":"","username":"asdfg","text":"너무맛있고  잘먹었습니다!!앞으로도 자주먹겠습니당ㅎㅎ","date":"Mon Dec 10 23:59:44 +0000 2018","retweets":"30","favorites":"20","mentions":[],"hashtags":[],"geo":"","raw":"너무맛있고  잘먹었습니다!!앞으로도 자주먹겠습니당ㅎㅎ","polarity":{"com":0.03571428575892857,"pos":0.5476190476369048,"neg":0.35714285708928567,"neut":0.05952380951488095,"none":0},"intensity":{"high":0.03571428575,"low":0.4226190475,"meium":0.54166666675,"none":0},"expressive":{"dir-action":0,"dir-explicit":0.23809523794047618,"dir-speech":0.5238095238690477,"indirect":0.19642857145089285,"writing-device":0.04166666673958333}},{"id":"피자알볼로 명일암사점","permalink":"","username":"asdfg","text":"빠르게 왔어요 모양도 흐트러지지않았구요","date":"Mon Dec 10 23:59:44 +0000 2018","retweets":"30","favorites":"20","mentions":[],"hashtags":[],"geo":"","raw":"빠르게 왔어요 모양도 흐트러지지않았구요","polarity":{"com":0.002380952333333333,"pos":0.6904761903333333,"neg":0.10952380966666668,"neut":0.052380952333333335,"none":0.14523809533333334},"intensity":{"high":0.142857143,"low":0.19682539666666662,"meium":0.515079365,"none":0.14523809533333332},"expressive":{"dir-action":0,"dir-explicit":0.20476190486349208,"dir-speech":0.24285714283809523,"indirect":0.4095238093936508,"writing-device":0.1428571429047619}},{"id":"피자알볼로 명일암사점","permalink":"","username":"asdfg","text":"맛잇어요 고구마 피자!!!!","date":"Mon Dec 10 23:59:44 +0000 2018","retweets":"30","favorites":"20","mentions":[],"hashtags":[],"geo":"","raw":"맛잇어요 고구마 피자!!!!","polarity":{"com":0,"pos":1,"neg":0,"neut":0,"none":0},"intensity":{"high":0,"low":0,"meium":1,"none":0},"expressive":{"dir-action":0,"dir-explicit":0,"dir-speech":1,"indirect":0,"writing-device":0}},{"id":"피자알볼로 명일암사점","permalink":"","username":"asdfg","text":"엄마가 맛있다고 너무 좋아하시네요~","date":"Mon Dec 10 23:59:44 +0000 2018","retweets":"30","favorites":"20","mentions":[],"hashtags":[],"geo":"","raw":"엄마가 맛있다고 너무 좋아하시네요~","polarity":{"com":0.07142857150000001,"pos":0.07142857150000001,"neg":0.857142857,"neut":0,"none":0},"intensity":{"high":0.07142857150000001,"low":0.07142857150000001,"meium":0.857142857,"none":0},"expressive":{"dir-action":0,"dir-explicit":0.2857142855,"dir-speech":0.642857143,"indirect":0.0714285715,"writing-device":0}},{"id":"피자알볼로 명일암사점","permalink":"","username":"asdfg","text":"맛있게 잘 먹었네요\n깔끔합니다","date":"Mon Dec 10 23:59:44 +0000 2018","retweets":"30","favorites":"20","mentions":[],"hashtags":[],"geo":"","raw":"맛있게 잘 먹었네요\n깔끔합니다","polarity":{"com":0.008008008002669337,"pos":0.44229944248076647,"neg":0.5068640068356214,"neut":0.034820534678273514,"none":0.008008008002669337},"intensity":{"high":0.038038038,"low":0.09945659933333333,"meium":0.8534963536666668,"none":0.009009009},"expressive":{"dir-action":0.001001001,"dir-explicit":0.1755326753333333,"dir-speech":0.410982411,"indirect":0.40347490366666666,"writing-device":0.009009009}},{"id":"피자알볼로 명일암사점","permalink":"","username":"asdfg","text":"맛있고 찬절하시네요^^","date":"Mon Dec 10 23:59:44 +0000 2018","retweets":"30","favorites":"20","mentions":[],"hashtags":[],"geo":"","raw":"맛있고 찬절하시네요^^","polarity":{"com":0.009677419499999998,"pos":0.25806451599999997,"neg":0.676344086,"neut":0.041935483999999995,"none":0.013978494499999997},"intensity":{"high":0.069892473,"low":0.058064516,"meium":0.8569892475,"none":0.0150537635},"expressive":{"dir-action":0.0032258065,"dir-explicit":0.1569892475,"dir-speech":0.647311828,"indirect":0.1784946235,"writing-device":0.0139784945}},{"id":"피자알볼로 명일암사점","permalink":"","username":"asdfg","text":"맛있어요~","date":"Mon Dec 10 23:59:44 +0000 2018","retweets":"30","favorites":"20","mentions":[],"hashtags":[],"geo":"","raw":"맛있어요~~~~~~~~~","polarity":{"com":0,"pos":0,"neg":1,"neut":0,"none":0},"intensity":{"high":0,"low":0,"meium":1,"none":0},"expressive":{"dir-action":0,"dir-explicit":0,"dir-speech":1,"indirect":0,"writing-device":0}},{"id":"피자알볼로 명일암사점","permalink":"","username":"asdfg","text":"맛있고 위생도 깔끔하고 배송도 딱 지켜서 와요","date":"Mon Dec 10 23:59:44 +0000 2018","retweets":"30","favorites":"20","mentions":[],"hashtags":[],"geo":"","raw":"맛있고 위생도 깔끔하고 배송도 딱 지켜서 와요","polarity":{"com":0.007661947600000001,"pos":0.4082368082,"neg":0.3926898328,"neut":0.0123208922,"none":0.1790905192},"intensity":{"high":0.07996568,"low":0.0625311024,"meium":0.6778120978000001,"none":0.17969111980000002},"expressive":{"dir-action":0.0006006005998798799,"dir-explicit":0.20341484335931703,"dir-speech":0.4046846845190631,"indirect":0.2144658945571068,"writing-device":0.17683397696463318}},{"id":"피자알볼로 명일암사점","permalink":"","username":"asdfg","text":"배달도 빠르고 가격도 저렴하고 맛있어요 ","date":"Mon Dec 10 23:59:44 +0000 2018","retweets":"30","favorites":"20","mentions":[],"hashtags":[],"geo":"","raw":"배달도 빠르고 가격도 저렴하고 맛있어요 ","polarity":{"com":0.0048048048000000005,"pos":0.7225225226,"neg":0.2612612612,"neut":0.0066066066,"none":0.0048048048000000005},"intensity":{"high":0.0228228228,"low":0.0834834834,"meium":0.8882882884000001,"none":0.0054054053999999995},"expressive":{"dir-action":0.0006006006000000002,"dir-explicit":0.06246246240000001,"dir-speech":0.41801801800000005,"indirect":0.5135135136000001,"writing-device":0.0054054054}},{"id":"피자알볼로 명일암사점","permalink":"","username":"asdfg","text":"배달 빠르고 맛있습니다~","date":"Mon Dec 10 23:59:44 +0000 2018","retweets":"30","favorites":"20","mentions":[],"hashtags":[],"geo":"","raw":"배달 빠르고 맛있습니다~","polarity":{"com":0,"pos":0.5,"neg":0.5,"neut":0,"none":0},"intensity":{"high":0,"low":0,"meium":1,"none":0},"expressive":{"dir-action":0,"dir-explicit":0,"dir-speech":1,"indirect":0,"writing-device":0}},{"id":"피자알볼로 명일암사점","permalink":"","username":"asdfg","text":"맛있었어요 ㅋㅋㅋㅋ온가족이 다같이 다먹었어요","date":"Mon Dec 10 23:59:44 +0000 2018","retweets":"30","favorites":"20","mentions":[],"hashtags":[],"geo":"","raw":"맛있었어요 ㅋㅋㅋㅋ온가족이 다같이 다먹었어요","polarity":{"com":0,"pos":0.42857142849999996,"neg":0.375,"neut":0.125,"none":0.0714285715},"intensity":{"high":0.07142857148214285,"low":0,"meium":0.8571428570357142,"none":0.07142857148214285},"expressive":{"dir-action":0,"dir-explicit":0.10714285722321429,"dir-speech":0.5714285713571429,"indirect":0.2499999999375,"writing-device":0.07142857148214285}}]