[{"id":"46이너스피자대치점","permalink":"","username":"asdfg","text":"전화 주문하고 15분뒤에 다시 전화와서 주문 확인길래 기분나빠하고 취소 못하게 하더니 안오길래 다시 전화하니까 처먹기싫으면 먹지 말라고 쌍욕을 있는데로 하네요 사장이 직접... 통화녹음했고 인터넷에 올리든지 욕먹기싫으면 알하서 잘하래서 이제 알아서 하려구요 서비스 욕나옵니다  마인드가 저런데 피자는 제대로 만들지... ","date":"Mon Dec 10 23:59:44 +0000 2018","retweets":"30","favorites":"20","mentions":[],"hashtags":[],"geo":"","raw":"전화 주문하고 15분뒤에 다시 전화와서 주문 확인길래 기분나빠하고 취소 못하게 하더니 안오길래 다시 전화하니까 처먹기싫으면 먹지 말라고 쌍욕을 있는데로 하네요 사장이 직접... 통화녹음했고 인터넷에 올리든지 욕먹기싫으면 알하서 잘하래서 이제 알아서 하려구요 서비스 욕나옵니다  마인드가 저런데 피자는 제대로 만들지... ","polarity":{"com":0.017142781500535713,"pos":0.5053010155157907,"neg":0.31893209825996666,"neut":0.06236328997069886,"none":0.09626081475300814},"intensity":{"high":0.12017367499624457,"low":0.11721553996508703,"meium":0.6645739105417321,"none":0.09803687449693636},"expressive":{"dir-action":0.0044114283752757135,"dir-explicit":0.27794131551737133,"dir-speech":0.3744276123671516,"indirect":0.2294960340768435,"writing-device":0.11372360966335773}},{"id":"46이너스피자대치점","permalink":"","username":"asdfg","text":"그럭저럭 싼맛에 먹어요","date":"Mon Dec 10 23:59:44 +0000 2018","retweets":"30","favorites":"20","mentions":[],"hashtags":[],"geo":"","raw":"그럭저럭 싼맛에 먹어요","polarity":{"com":0,"pos":0.7777777776666667,"neg":0.22222222233333333,"neut":0,"none":0},"intensity":{"high":0.037037037,"low":0.074074074,"meium":0.888888889,"none":0},"expressive":{"dir-action":0,"dir-explicit":0.40740740733333336,"dir-speech":0.5925925926666666,"indirect":0,"writing-device":0}},{"id":"46이너스피자대치점","permalink":"","username":"asdfg","text":"치킨콤보셋트 시켰는데 배달시간은 약 40분정도.\n맛도 다른 곳에 비해 담백하고 맛있음.\n하지만 배달서비스에서 제로.\n혹시 쿠폰도 있나요? 라고했더니,\n배달통으로 시켰으면서 왠 쿠폰이냐며 쿠폰받을꺼면 가게로 직접 전화하라며 화를내더군요.\n배달서비스만 좋으면 다 좋을듯.","date":"Mon Dec 10 23:59:44 +0000 2018","retweets":"30","favorites":"20","mentions":[],"hashtags":[],"geo":"","raw":"치킨콤보셋트 시켰는데 배달시간은 약 40분정도.\n맛도 다른 곳에 비해 담백하고 맛있음.\n하지만 배달서비스에서 제로.\n혹시 쿠폰도 있나요? 라고했더니,\n배달통으로 시켰으면서 왠 쿠폰이냐며 쿠폰받을꺼면 가게로 직접 전화하라며 화를내더군요.\n배달서비스만 좋으면 다 좋을듯.","polarity":{"com":0.01244594061904762,"pos":0.5810493222857144,"neg":0.26111139890476187,"neut":0.029911644809523817,"none":0.11548169338095239},"intensity":{"high":0.06104594275899782,"low":0.09639317966207654,"meium":0.7262864321082722,"none":0.11627444547065362},"expressive":{"dir-action":0.0009975651904761905,"dir-explicit":0.16935562904761903,"dir-speech":0.4649968283333332,"indirect":0.24767054223809526,"writing-device":0.11697943519047618}},{"id":"46이너스피자대치점","permalink":"","username":"asdfg","text":"배달도빠르고 맛도괜찮고 , 피자생각나면 시켜먹는곳입니다 !","date":"Mon Dec 10 23:59:44 +0000 2018","retweets":"30","favorites":"20","mentions":[],"hashtags":[],"geo":"","raw":"배달도빠르고 맛도괜찮고 , 피자생각나면 시켜먹는곳입니다 !","polarity":{"com":0.03333333339333333,"pos":0.7666666664466667,"neg":0.16666666676666667,"neut":0.03333333339333333,"none":0},"intensity":{"high":0.05555555560000001,"low":0.11111111100000001,"meium":0.8333333334,"none":0},"expressive":{"dir-action":0,"dir-explicit":0.14444444439999998,"dir-speech":0.6555555556,"indirect":0.2,"writing-device":0}},{"id":"46이너스피자대치점","permalink":"","username":"asdfg","text":"친절하고 맛있어요 회사에서 단체로도 자주 먹고 있습니다^^","date":"Mon Dec 10 23:59:44 +0000 2018","retweets":"30","favorites":"20","mentions":[],"hashtags":[],"geo":"","raw":"친절하고 맛있어요 회사에서 단체로도 자주 먹고 있습니다^^","polarity":{"com":0.00483870975,"pos":0.379032258,"neg":0.588172043,"neut":0.020967742,"none":0.006989247249999997},"intensity":{"high":0.0349462365,"low":0.279032258,"meium":0.67849462375,"none":0.007526881750000006},"expressive":{"dir-action":0.00161290325,"dir-explicit":0.32849462375,"dir-speech":0.5736559139999999,"indirect":0.08924731175,"writing-device":0.006989247249999997}},{"id":"46이너스피자대치점","permalink":"","username":"asdfg","text":"소스를 넘많이넣은거같아요ㅠㅠ 짜;;","date":"Mon Dec 10 23:59:44 +0000 2018","retweets":"30","favorites":"20","mentions":[],"hashtags":[],"geo":"","raw":"소스를 넘많이넣은거같아요ㅠㅠ 짜;;","polarity":{"com":0.014861995671620666,"pos":0.3043170557681057,"neg":0.6289219158763073,"neut":0.05189903268396635,"none":0},"intensity":{"high":0.044585987333333334,"low":0.225524888,"meium":0.7298891246666667,"none":0},"expressive":{"dir-action":0.0042462846638358104,"dir-explicit":0.2057088935295274,"dir-speech":0.2913422978057718,"indirect":0.16324604855783595,"writing-device":0.33545647544302903}},{"id":"46이너스피자대치점","permalink":"","username":"asdfg","text":"맛있어요~~체다치즈랑고구마골드하프했는데 고구마맛있음ㅋ","date":"Mon Dec 10 23:59:44 +0000 2018","retweets":"30","favorites":"20","mentions":[],"hashtags":[],"geo":"","raw":"맛있어요~~체다치즈랑고구마골드하프했는데 고구마맛있음ㅋ","polarity":{"com":0.00483870975,"pos":0.379032258,"neg":0.588172043,"neut":0.020967742,"none":0.00698924725},"intensity":{"high":0.0349462365,"low":0.029032258,"meium":0.92849462375,"none":0.00752688175},"expressive":{"dir-action":0.00161290325,"dir-explicit":0.07849462375,"dir-speech":0.5736559139999999,"indirect":0.33924731175,"writing-device":0.00698924725}},{"id":"46이너스피자대치점","permalink":"","username":"asdfg","text":"피자도 맛있고 스파게티도맛있어요","date":"Mon Dec 10 23:59:44 +0000 2018","retweets":"30","favorites":"20","mentions":[],"hashtags":[],"geo":"","raw":"피자도 맛있고 스파게티도맛있어요","polarity":{"com":0.007142857,"pos":0.214285714,"neg":0.328571429,"neut":0.014285714,"none":0.435714286},"intensity":{"high":0.142857143,"low":0.114285714,"meium":0.307142857,"none":0.435714286},"expressive":{"dir-action":0,"dir-explicit":0.1857142858142857,"dir-speech":0.29999999969999996,"indirect":0.0857142859142857,"writing-device":0.42857142857142855}},{"id":"46이너스피자대치점","permalink":"","username":"asdfg","text":"ㅋ맛있어요","date":"Mon Dec 10 23:59:44 +0000 2018","retweets":"30","favorites":"20","mentions":[],"hashtags":[],"geo":"","raw":"ㅋㅋㅋㅋㅋㅋㅋㅋ맛있어요ㅋㅋㅋㅋ","polarity":{"com":null,"pos":null,"neg":null,"neut":null,"none":null},"intensity":{"high":null,"low":null,"meium":null,"none":null},"expressive":{"dir-action":null,"dir-explicit":null,"dir-speech":null,"indirect":null,"writing-device":null}}]