[{"id":"미 테이블 강동2호점 N 파스타CESCO","permalink":"","username":"asdfg","text":"늘 맛있게 잘먹고 있어요김치크림파스타 강추","date":"Mon Dec 10 23:59:44 +0000 2018","retweets":"30","favorites":"20","mentions":[],"hashtags":[],"geo":"","raw":"늘 맛있게 잘먹고 있어요김치크림파스타 강추","polarity":{"com":0.004838709751209677,"pos":0.5576036866394009,"neg":0.3917434715979358,"neut":0.03882488475970621,"none":0.006989247251747312},"intensity":{"high":0.0349462365,"low":0.0826036865,"meium":0.8749231952500001,"none":0.00752688175},"expressive":{"dir-action":0.00161290325,"dir-explicit":0.38206605225,"dir-speech":0.35937019975,"indirect":0.2499615975,"writing-device":0.00698924725}},{"id":"미 테이블 강동2호점 N 파스타CESCO","permalink":"","username":"asdfg","text":"배달 퀄리티라고 느껴지지 않을정도로 맛있었어요!","date":"Mon Dec 10 23:59:44 +0000 2018","retweets":"30","favorites":"20","mentions":[],"hashtags":[],"geo":"","raw":"배달 퀄리티라고 느껴지지 않을정도로 맛있었어요!","polarity":{"com":0,"pos":0.6666666665000001,"neg":0.1333333335,"neut":0.0333333335,"none":0.1666666665},"intensity":{"high":0,"low":0.1,"meium":0.7333333335,"none":0.1666666665},"expressive":{"dir-action":0,"dir-explicit":0.1333333335,"dir-speech":0.5,"indirect":0.2,"writing-device":0.1666666665}}]