[{"id":"로칼즈버거바","permalink":"","username":"asdfg","text":"청담 로칼즈 버거바 ㅎㅎㅎ 배달시켰는데 가서 먹는게 더 맛있어요! 배달도 맛있습니당~~ 토핑추가 전화나 메모에 하시면 가능하구용 가격도 적당하구 친절하구 맛있어요!!!\nㅋㅋㅋㅋ항상 좋은 음식 최고!!!다음엔 다른메뉴도 먹어볼게요~~~~~~~","date":"Mon Dec 10 23:59:44 +0000 2018","retweets":"30","favorites":"20","mentions":[],"hashtags":[],"geo":"","raw":"청담 로칼즈 버거바 ㅎㅎㅎ 배달시켰는데 가서 먹는게 더 맛있어요! 배달도 맛있습니당~~ 토핑추가 전화나 메모에 하시면 가능하구용 가격도 적당하구 친절하구 맛있어요!!!\nㅋㅋㅋㅋ항상 좋은 음식 최고!!!다음엔 다른메뉴도 먹어볼게요~~~~~~~","polarity":{"com":0.002110663833450592,"pos":0.5638196970868788,"neg":0.3424848490745824,"neut":0.045509915335861656,"none":0.04607487466922637},"intensity":{"high":0.08522936832859837,"low":0.06244373166319757,"meium":0.8054939813996947,"none":0.046832918608509286},"expressive":{"dir-action":0.0009969925555555555,"dir-explicit":0.12036470566666667,"dir-speech":0.5497801678888888,"indirect":0.2803825416111111,"writing-device":0.048475592277777785}},{"id":"로칼즈버거바","permalink":"","username":"asdfg","text":"여기 버거 패티랑 빵이랑 너무 맛있어서 자주 시켜먹구 있어요~ 감자튀김두 항상 바삭한 느낌 살아서 배달되구요~~^^","date":"Mon Dec 10 23:59:44 +0000 2018","retweets":"30","favorites":"20","mentions":[],"hashtags":[],"geo":"","raw":"여기 버거 패티랑 빵이랑 너무 맛있어서 자주 시켜먹구 있어요~ 감자튀김두 항상 바삭한 느낌 살아서 배달되구요~~^^","polarity":{"com":0.0192939245,"pos":0.6372536945,"neg":0.31040640399999997,"neut":0.008620689625,"none":0.024425287375},"intensity":{"high":0.04611384786923577,"low":0.2364395183454451,"meium":0.6915845647885519,"none":0.025862068996767244},"expressive":{"dir-action":0.0014367816251795976,"dir-explicit":0.20682129165085264,"dir-speech":0.7221606459652702,"indirect":0.0408456486301057,"writing-device":0.028735632128591954}},{"id":"로칼즈버거바","permalink":"","username":"asdfg","text":"진짜 맛있네요 조만간 대박터질듯 현아 영상보고 시켰는데 역시 만족합니다","date":"Mon Dec 10 23:59:44 +0000 2018","retweets":"30","favorites":"20","mentions":[],"hashtags":[],"geo":"","raw":"진짜 맛있네요 조만간 대박터질듯 현아 영상보고 시켰는데 역시 만족합니다","polarity":{"com":0.004838709751209677,"pos":0.3373655913343414,"neg":0.42150537635537644,"neut":0.10430107527607527,"none":0.13198924728299732},"intensity":{"high":0.0349462365,"low":0.154032258,"meium":0.67849462375,"none":0.13252688175},"expressive":{"dir-action":0.0016129032504032259,"dir-explicit":0.20349462380087366,"dir-speech":0.4903225806225807,"indirect":0.17258064504314516,"writing-device":0.13198924728299732}},{"id":"로칼즈버거바","permalink":"","username":"asdfg","text":"최근에 먹어본 햄버거중에 제일 맛있었습니다.","date":"Mon Dec 10 23:59:44 +0000 2018","retweets":"30","favorites":"20","mentions":[],"hashtags":[],"geo":"","raw":"최근에 먹어본 햄버거중에 제일 맛있었습니다.","polarity":{"com":0.008333333398333333,"pos":0.54999999989,"neg":0.41666666671666663,"neut":0.016666666596666664,"none":0.008333333398333333},"intensity":{"high":0.055555555599999994,"low":0.1277777776,"meium":0.8083333333999999,"none":0.0083333334},"expressive":{"dir-action":0,"dir-explicit":0.2444444444488889,"dir-speech":0.5138888889027778,"indirect":0.225000000045,"writing-device":0.01666666660333333}},{"id":"로칼즈버거바","permalink":"","username":"asdfg","text":"에그치즈베이컨버거와 치즈버거 먹어보았어요~ 에치베버거는 여기만있는 특별한맛과 양! 배고플때 든든히 먹기좋은듯♡(계란속에 모짜렐라치즈라니 어머머) 치즈버거는 딱 깔끔한 맛과 양이네요~ 수제버거 배달 잘 없는데 매우매우 만족합니다아!! 자주 시켜먹을거예요^^/","date":"Mon Dec 10 23:59:44 +0000 2018","retweets":"30","favorites":"20","mentions":[],"hashtags":[],"geo":"","raw":"에그치즈베이컨버거와 치즈버거 먹어보았어요~ 에치베버거는 여기만있는 특별한맛과 양! 배고플때 든든히 먹기좋은듯♡(계란속에 모짜렐라치즈라니 어머머) 치즈버거는 딱 깔끔한 맛과 양이네요~ 수제버거 배달 잘 없는데 매우매우 만족합니다아!! 자주 시켜먹을거예요^^/","polarity":{"com":0.008089759474109984,"pos":0.4891739831836406,"neg":0.4101025784426369,"neut":0.040570647107398446,"none":0.05206303179221384},"intensity":{"high":0.12412672172377613,"low":0.10851277467278814,"meium":0.7145152466089985,"none":0.052845256994437345},"expressive":{"dir-action":0.0004976113684210527,"dir-explicit":0.24905304484210525,"dir-speech":0.5291955913684211,"indirect":0.16717839310526314,"writing-device":0.054075359315789474}},{"id":"로칼즈버거바","permalink":"","username":"asdfg","text":"배달은40분걸렸고 친절하시네요. 음식은 패티가 탔네요.","date":"Mon Dec 10 23:59:44 +0000 2018","retweets":"30","favorites":"20","mentions":[],"hashtags":[],"geo":"","raw":"배달은40분걸렸고 친절하시네요. 음식은 패티가 탔네요.","polarity":{"com":0.010832227,"pos":0.4565551042,"neg":0.475259184,"neut":0.03962528320000001,"none":0.0177282016},"intensity":{"high":0.08043882941608776,"low":0.0717730218143546,"meium":0.8278441251655688,"none":0.019944023603988805},"expressive":{"dir-action":0.0012903226000000002,"dir-explicit":0.19203298720000003,"dir-speech":0.433289138,"indirect":0.3556593506000001,"writing-device":0.017728201600000004}}]