[{"id":"빕스-청담점","permalink":"","username":"asdfg","text":"맛있어요맛있어요^^","date":"Mon Dec 10 23:59:44 +0000 2018","retweets":"30","favorites":"20","mentions":[],"hashtags":[],"geo":"","raw":"맛있어요맛있어요^^","polarity":{"com":0,"pos":0,"neg":1,"neut":0,"none":0},"intensity":{"high":0,"low":0,"meium":1,"none":0},"expressive":{"dir-action":0,"dir-explicit":0,"dir-speech":1,"indirect":0,"writing-device":0}},{"id":"빕스-청담점","permalink":"","username":"asdfg","text":"가격은 조금 비싸지만\n맛있어요.","date":"Mon Dec 10 23:59:44 +0000 2018","retweets":"30","favorites":"20","mentions":[],"hashtags":[],"geo":"","raw":"가격은 조금 비싸지만\n맛있어요.","polarity":{"com":0,"pos":0.3333333333333333,"neg":0.5,"neut":0.16666666666666666,"none":0},"intensity":{"high":0,"low":0.16666666666666666,"meium":0.8333333333333334,"none":0},"expressive":{"dir-action":0,"dir-explicit":0.3333333333333333,"dir-speech":0.3333333333333333,"indirect":0.3333333333333333,"writing-device":0}},{"id":"빕스-청담점","permalink":"","username":"asdfg","text":"아주 깔끔하게 배달됩니다. 맛도 좋아요","date":"Mon Dec 10 23:59:44 +0000 2018","retweets":"30","favorites":"20","mentions":[],"hashtags":[],"geo":"","raw":"아주 깔끔하게 배달됩니다. 맛도 좋아요","polarity":{"com":0.0048048048000000005,"pos":0.8565225226000001,"neg":0.1192612612,"neut":0.0066066066,"none":0.0128048048},"intensity":{"high":0.1128228228,"low":0.024816816800000002,"meium":0.848954955,"none":0.0134054054},"expressive":{"dir-action":0.0006006006000000001,"dir-explicit":0.1824624624,"dir-speech":0.508018018,"indirect":0.29551351359999994,"writing-device":0.0134054054}},{"id":"빕스-청담점","permalink":"","username":"asdfg","text":"맛있게 잘 먹었어요~~","date":"Mon Dec 10 23:59:44 +0000 2018","retweets":"30","favorites":"20","mentions":[],"hashtags":[],"geo":"","raw":"맛있게 잘 먹었어요~~","polarity":{"com":0,"pos":0.35714285717857136,"neg":0.6071428573035714,"neut":0.03571428551785714,"none":0},"intensity":{"high":0,"low":0.107142857,"meium":0.8928571430000001,"none":0},"expressive":{"dir-action":0,"dir-explicit":0.107142857,"dir-speech":0.5714285715,"indirect":0.3214285715,"writing-device":0}},{"id":"빕스-청담점","permalink":"","username":"asdfg","text":"그냥그렇네여 가격은저렴한데","date":"Mon Dec 10 23:59:44 +0000 2018","retweets":"30","favorites":"20","mentions":[],"hashtags":[],"geo":"","raw":"그냥그렇네여 가격은저렴한데","polarity":{"com":0.006006006,"pos":0.52815315325,"neg":0.36824324325,"neut":0.00825825825,"none":0.08933933925},"intensity":{"high":0.07019519525,"low":0.021021021,"meium":0.81869369375,"none":0.09009009},"expressive":{"dir-action":0.0007507507500000002,"dir-explicit":0.07807807800000001,"dir-speech":0.31418918925,"indirect":0.5168918920000001,"writing-device":0.09009009000000001}},{"id":"빕스-청담점","permalink":"","username":"asdfg","text":"가격은 솔직히 비싼데\n음식은 맛있어요.","date":"Mon Dec 10 23:59:44 +0000 2018","retweets":"30","favorites":"20","mentions":[],"hashtags":[],"geo":"","raw":"가격은 솔직히 비싼데\n음식은 맛있어요.","polarity":{"com":0.0056497176666666675,"pos":0.451977401,"neg":0.4086629003333333,"neut":0.12241054600000001,"none":0.011299434999999998},"intensity":{"high":0.03389830501129944,"low":0.15630885105210293,"meium":0.7984934089328312,"none":0.011299435003766477},"expressive":{"dir-action":0,"dir-explicit":0.31261770266666666,"dir-speech":0.297551789,"indirect":0.37853107333333336,"writing-device":0.011299434999999998}},{"id":"빕스-청담점","permalink":"","username":"asdfg","text":"맛있게 잘 먹고있어요....","date":"Mon Dec 10 23:59:44 +0000 2018","retweets":"30","favorites":"20","mentions":[],"hashtags":[],"geo":"","raw":"맛있게 잘 먹고있어요....","polarity":{"com":0,"pos":0.35714285717857136,"neg":0.6071428573035714,"neut":0.03571428551785714,"none":0},"intensity":{"high":0,"low":0.107142857,"meium":0.8928571430000001,"none":0},"expressive":{"dir-action":0,"dir-explicit":0.107142857,"dir-speech":0.5714285715,"indirect":0.3214285715,"writing-device":0}},{"id":"빕스-청담점","permalink":"","username":"asdfg","text":"잘먹었어요~~~~~~~","date":"Mon Dec 10 23:59:44 +0000 2018","retweets":"30","favorites":"20","mentions":[],"hashtags":[],"geo":"","raw":"잘먹었어요~~~~~~~","polarity":{"com":0,"pos":0.7142857147142857,"neg":0.21428571421428572,"neut":0.07142857107142857,"none":0},"intensity":{"high":0,"low":0.214285714,"meium":0.785714286,"none":0},"expressive":{"dir-action":0,"dir-explicit":0.214285714,"dir-speech":0.142857143,"indirect":0.642857143,"writing-device":0}},{"id":"빕스-청담점","permalink":"","username":"asdfg","text":"너무 맛있게 잘 먹었어요.\n배달도 정확하게 왔어요.\n자주 시켜먹을께요.","date":"Mon Dec 10 23:59:44 +0000 2018","retweets":"30","favorites":"20","mentions":[],"hashtags":[],"geo":"","raw":"너무 맛있게 잘 먹었어요.\n배달도 정확하게 왔어요.\n자주 시켜먹을께요.","polarity":{"com":0.020408163288629738,"pos":0.5782312925111759,"neg":0.37074829933867837,"neut":0.030612244861516036,"none":0},"intensity":{"high":0.07709750571428571,"low":0.24603174599999997,"meium":0.6768707482857143,"none":0},"expressive":{"dir-action":0,"dir-explicit":0.34807256223598965,"dir-speech":0.5192743764972465,"indirect":0.13265306126676382,"writing-device":0}}]