[{"id":"죠샌드위치-도봉한신점","permalink":"","username":"asdfg","text":"생각보다  속이 푸짐해서 좋았어요^~^","date":"Mon Dec 10 23:59:44 +0000 2018","retweets":"30","favorites":"20","mentions":[],"hashtags":[],"geo":"","raw":"생각보다  속이 푸짐해서 좋았어요^~^","polarity":{"com":0.008008008,"pos":0.635870871,"neg":0.22654654633333335,"neut":0.09434434433333333,"none":0.035230230333333334},"intensity":{"high":0.13248248233333335,"low":0.12469469466666668,"meium":0.7065915916666667,"none":0.03623123133333334},"expressive":{"dir-action":0.001001001,"dir-explicit":0.42910410400000004,"dir-speech":0.24947447433333333,"indirect":0.2841891893333333,"writing-device":0.036231231333333336}},{"id":"죠샌드위치-도봉한신점","permalink":"","username":"asdfg","text":"카야토스트 맛있어요^^♡","date":"Mon Dec 10 23:59:44 +0000 2018","retweets":"30","favorites":"20","mentions":[],"hashtags":[],"geo":"","raw":"카야토스트 맛있어요^^♡","polarity":{"com":0,"pos":0,"neg":1,"neut":0,"none":0},"intensity":{"high":0,"low":0,"meium":1,"none":0},"expressive":{"dir-action":0,"dir-explicit":0,"dir-speech":1,"indirect":0,"writing-device":0}},{"id":"죠샌드위치-도봉한신점","permalink":"","username":"asdfg","text":"고냥 고랬음 넘비쌈","date":"Mon Dec 10 23:59:44 +0000 2018","retweets":"30","favorites":"20","mentions":[],"hashtags":[],"geo":"","raw":"고냥 고랬음 넘비쌈","polarity":{"com":0,"pos":0,"neg":0.666666667,"neut":0.333333333,"none":0},"intensity":{"high":0,"low":0.333333333,"meium":0.666666667,"none":0},"expressive":{"dir-action":0,"dir-explicit":0.666666667,"dir-speech":0.333333333,"indirect":0,"writing-device":0}},{"id":"죠샌드위치-도봉한신점","permalink":"","username":"asdfg","text":"처음시켜봤는데 맛있게 잘 먹었습니다~ 샐러드\n 야채도 신선했어요~ 번창하세요~~~","date":"Mon Dec 10 23:59:44 +0000 2018","retweets":"30","favorites":"20","mentions":[],"hashtags":[],"geo":"","raw":"처음시켜봤는데 맛있게 잘 먹었습니다~ 샐러드\n 야채도 신선했어요~ 번창하세요~~~","polarity":{"com":0.03387096779999999,"pos":0.3746543778,"neg":0.4362519202,"neut":0.03391705059999999,"none":0.12130568359999998},"intensity":{"high":0.05652841779999999,"low":0.08894009199999997,"meium":0.732795699,"none":0.12173579119999997},"expressive":{"dir-action":0.001290322599483871,"dir-explicit":0.19993855612002456,"dir-speech":0.4332104454267159,"indirect":0.24568356370172656,"writing-device":0.11987711215204915}},{"id":"죠샌드위치-도봉한신점","permalink":"","username":"asdfg","text":"배달이 1시간30분이나 걸려서 음료가 별로 시원하지 않았어요~\n배달비도 따로 나가고 너무늦고...","date":"Mon Dec 10 23:59:44 +0000 2018","retweets":"30","favorites":"20","mentions":[],"hashtags":[],"geo":"","raw":"배달이 1시간30분이나 걸려서 음료가 별로 시원하지 않았어요~\n배달비도 따로 나가고 너무늦고...","polarity":{"com":0.02309228875,"pos":0.42702300525,"neg":0.37935971675,"neut":0.139173772,"none":0.03135121725},"intensity":{"high":0.108460692875,"low":0.0667605105,"meium":0.7919361325,"none":0.032842664125},"expressive":{"dir-action":0.000375375375,"dir-explicit":0.213592610375,"dir-speech":0.548538047,"indirect":0.155767374625,"writing-device":0.081726592625}},{"id":"죠샌드위치-도봉한신점","permalink":"","username":"asdfg","text":"맛있어요 맛있어!! 또시켜먹을께요","date":"Mon Dec 10 23:59:44 +0000 2018","retweets":"30","favorites":"20","mentions":[],"hashtags":[],"geo":"","raw":"맛있어요 맛있어!! 또시켜먹을께요","polarity":{"com":0,"pos":0.1190476189702381,"neg":0.7738095238065477,"neut":0,"none":0.1071428572232143},"intensity":{"high":0.02777777775,"low":0.0555555555,"meium":0.8095238095,"none":0.10714285725},"expressive":{"dir-action":0,"dir-explicit":0.09126984125,"dir-speech":0.765873016,"indirect":0,"writing-device":0.14285714275}},{"id":"죠샌드위치-도봉한신점","permalink":"","username":"asdfg","text":"입덧때문에 입맛이 없었는데 넘 맛있게 잘먹었네요~ 주문한 메뉴 모두 맛있었고 깔끔했어요 가격이 좀 있지만 아깝지 않았네요","date":"Mon Dec 10 23:59:44 +0000 2018","retweets":"30","favorites":"20","mentions":[],"hashtags":[],"geo":"","raw":"입덧때문에 입맛이 없었는데 넘 맛있게 잘먹었네요~ 주문한 메뉴 모두 맛있었고 깔끔했어요 가격이 좀 있지만 아깝지 않았네요","polarity":{"com":0.0021505376669056155,"pos":0.5962644065106961,"neg":0.29204193281022695,"neut":0.05088123533898681,"none":0.058661887673184664},"intensity":{"high":0.02722756711111111,"low":0.06010456244444445,"meium":0.847919080888889,"none":0.06474878955555556},"expressive":{"dir-action":0.000716845888888889,"dir-explicit":0.31220479511111116,"dir-speech":0.37940819800000003,"indirect":0.24900827333333334,"writing-device":0.05866188766666666}},{"id":"죠샌드위치-도봉한신점","permalink":"","username":"asdfg","text":"카야토스트 너무 맛있어요♡","date":"Mon Dec 10 23:59:44 +0000 2018","retweets":"30","favorites":"20","mentions":[],"hashtags":[],"geo":"","raw":"카야토스트 너무 맛있어요♡","polarity":{"com":0.142857143,"pos":0.142857143,"neg":0.714285714,"neut":0,"none":0},"intensity":{"high":0.142857143,"low":0.142857143,"meium":0.714285714,"none":0},"expressive":{"dir-action":0,"dir-explicit":0.5714285710000001,"dir-speech":0.28571428600000004,"indirect":0.14285714300000002,"writing-device":0}},{"id":"죠샌드위치-도봉한신점","permalink":"","username":"asdfg","text":"재료가 싱싱하고 맛있어요. 건강한맛.. 소스를 조금더 넣어주면 좋겠어요. 좀 심심하네요.","date":"Mon Dec 10 23:59:44 +0000 2018","retweets":"30","favorites":"20","mentions":[],"hashtags":[],"geo":"","raw":"재료가 싱싱하고 맛있어요. 건강한맛.. 소스를 조금더 넣어주면 좋겠어요. 좀 심심하네요.","polarity":{"com":0.009796140700979615,"pos":0.6540435987654044,"neg":0.27180141052718015,"neut":0.03138982020313898,"none":0.0329690298032969},"intensity":{"high":0.0897441933910256,"low":0.05656393529434361,"meium":0.818380258718162,"none":0.03531161259646884},"expressive":{"dir-action":0.0027236109997276397,"dir-explicit":0.2721397180727861,"dir-speech":0.42392023565760806,"indirect":0.2638618866736138,"writing-device":0.03735454859626455}},{"id":"죠샌드위치-도봉한신점","permalink":"","username":"asdfg","text":"역시 죠샌드위치는 맛있어요ㅎ","date":"Mon Dec 10 23:59:44 +0000 2018","retweets":"30","favorites":"20","mentions":[],"hashtags":[],"geo":"","raw":"역시 죠샌드위치는 맛있어요ㅎ","polarity":{"com":0,"pos":0.3174603173174603,"neg":0.5079365085079365,"neut":0.09523809509523809,"none":0.07936507907936508},"intensity":{"high":0.031746032,"low":0.238095238,"meium":0.650793651,"none":0.079365079},"expressive":{"dir-action":0,"dir-explicit":0.158730159,"dir-speech":0.666666667,"indirect":0.079365079,"writing-device":0.095238095}},{"id":"죠샌드위치-도봉한신점","permalink":"","username":"asdfg","text":"샌드위치 잘 먹었어요ㅎ\n맛있었어요ㅎㅎ 근데 많이 시켜야하고 배달비가 3000원씩이나ㅠ 그래도 맛있어서 돈 많을때 또 시킬게요ㅎ","date":"Mon Dec 10 23:59:44 +0000 2018","retweets":"30","favorites":"20","mentions":[],"hashtags":[],"geo":"","raw":"샌드위치 잘 먹었어요ㅎ\n맛있었어요ㅎㅎ 근데 많이 시켜야하고 배달비가 3000원씩이나ㅠ 그래도 맛있어서 돈 많을때 또 시킬게요ㅎ","polarity":{"com":0.0011494253,"pos":0.3804523062,"neg":0.5264347914,"neut":0.0524232472,"none":0.0395402299},"intensity":{"high":0.06915659059308434,"low":0.15118624678488135,"meium":0.7389675074261034,"none":0.040689655195931033},"expressive":{"dir-action":0.0011494253001149424,"dir-explicit":0.14078170871407814,"dir-speech":0.5630387620563039,"indirect":0.2120415982212041,"writing-device":0.08298850570829884}},{"id":"죠샌드위치-도봉한신점","permalink":"","username":"asdfg","text":"배달은느렸지만 맛은최강입니다ㅋ.ㅋ","date":"Mon Dec 10 23:59:44 +0000 2018","retweets":"30","favorites":"20","mentions":[],"hashtags":[],"geo":"","raw":"배달은느렸지만 맛은최강입니다ㅋ.ㅋ","polarity":{"com":0.007625272333333333,"pos":0.7952069716666667,"neg":0.09259259266666665,"neut":0.030501089333333332,"none":0.074074074},"intensity":{"high":0.04248366001416121,"low":0.027233115342411036,"meium":0.8562091506187364,"none":0.07407407402469135},"expressive":{"dir-action":0,"dir-explicit":0.13943355133333335,"dir-speech":0.7342047930000001,"indirect":0.04575163400000001,"writing-device":0.08061002166666668}},{"id":"죠샌드위치-도봉한신점","permalink":"","username":"asdfg","text":"커피가 너무 맛있었어요 진해서 좋네요 샌드위치도 다 맛있구요","date":"Mon Dec 10 23:59:44 +0000 2018","retweets":"30","favorites":"20","mentions":[],"hashtags":[],"geo":"","raw":"커피가 너무 맛있었어요 진해서 좋네요 샌드위치도 다 맛있구요","polarity":{"com":0.004999999999999999,"pos":0.30900000000000005,"neg":0.5665714286,"neut":0.018928571400000004,"none":0.10049999999999999},"intensity":{"high":0.1007142858,"low":0.0522857142,"meium":0.7447142856,"none":0.1022857144},"expressive":{"dir-action":0,"dir-explicit":0.2321428571535714,"dir-speech":0.5624999998875,"indirect":0.10628571437874285,"writing-device":0.09907142858018571}},{"id":"죠샌드위치-도봉한신점","permalink":"","username":"asdfg","text":"카야 토스트 너무 좋아요ㅠㅠㅠ","date":"Mon Dec 10 23:59:44 +0000 2018","retweets":"30","favorites":"20","mentions":[],"hashtags":[],"geo":"","raw":"카야 토스트 너무 좋아요ㅠㅠㅠ","polarity":{"com":0.142857143,"pos":0.142857143,"neg":0.714285714,"neut":0,"none":0},"intensity":{"high":0.142857143,"low":0.142857143,"meium":0.714285714,"none":0},"expressive":{"dir-action":0,"dir-explicit":0.5714285710000001,"dir-speech":0.28571428600000004,"indirect":0.14285714300000002,"writing-device":0}},{"id":"죠샌드위치-도봉한신점","permalink":"","username":"asdfg","text":"야채도싱싱하고 맛있어용","date":"Mon Dec 10 23:59:44 +0000 2018","retweets":"30","favorites":"20","mentions":[],"hashtags":[],"geo":"","raw":"야채도싱싱하고 맛있어용","polarity":{"com":0.006212369999999999,"pos":0.17870826466666667,"neg":0.57695676,"neut":0.027750410333333336,"none":0.210372195},"intensity":{"high":0.08593322397135558,"low":0.08024083197325306,"meium":0.6196223314601259,"none":0.21420361259526544},"expressive":{"dir-action":0.0038314176666666665,"dir-explicit":0.11554460866666667,"dir-speech":0.5712643676666667,"indirect":0.08987411066666666,"writing-device":0.2194854953333333}},{"id":"죠샌드위치-도봉한신점","permalink":"","username":"asdfg","text":"오랜만에 카야토스트 먹어서 너무 좋았네요! 아무래도 최소 주문량 때문에 혼자있을 때 시키기는 부담스러운데 가족끼리 있을 때나 친구들 왔을 때 다같이 시켜먹어서 좋았습니당","date":"Mon Dec 10 23:59:44 +0000 2018","retweets":"30","favorites":"20","mentions":[],"hashtags":[],"geo":"","raw":"오랜만에 카야토스트 먹어서 너무 좋았네요! 아무래도 최소 주문량 때문에 혼자있을 때 시키기는 부담스러운데 가족끼리 있을 때나 친구들 왔을 때 다같이 시켜먹어서 좋았습니당","polarity":{"com":0.01597298333013874,"pos":0.3262801894680773,"neg":0.3786661759242668,"neut":0.0793901751174553,"none":0.19969047616006194},"intensity":{"high":0.08586037266666666,"low":0.13278723053333333,"meium":0.580695737,"none":0.20065665979999997},"expressive":{"dir-action":0,"dir-explicit":0.2223073567629743,"dir-speech":0.4505697795934093,"indirect":0.127432387416991,"writing-device":0.19969047622662542}},{"id":"죠샌드위치-도봉한신점","permalink":"","username":"asdfg","text":"배달도 빠르고 맛도 맛있었어용 ㅎㅎ\n근데 양이 넘나 아쉬웠다늉 ㅜㅜㅜㅜ","date":"Mon Dec 10 23:59:44 +0000 2018","retweets":"30","favorites":"20","mentions":[],"hashtags":[],"geo":"","raw":"배달도 빠르고 맛도 맛있었어용 ㅎㅎ\n근데 양이 넘나 아쉬웠다늉 ㅜㅜㅜㅜ","polarity":{"com":0,"pos":0.6,"neg":0.4,"neut":0,"none":0},"intensity":{"high":0.06666666660000001,"low":0.2,"meium":0.7333333334,"none":0},"expressive":{"dir-action":0,"dir-explicit":0.06666666661333334,"dir-speech":0.6666666667333334,"indirect":0.2666666666533334,"writing-device":0}},{"id":"죠샌드위치-도봉한신점","permalink":"","username":"asdfg","text":"항상 신선하고 깔끔합니다\n다만 배달해야하는 맥시멈 가격이 문제 ㅜ \n건강해지는 느낌  맛은 뭐라할수 없음  굿굿","date":"Mon Dec 10 23:59:44 +0000 2018","retweets":"30","favorites":"20","mentions":[],"hashtags":[],"geo":"","raw":"항상 신선하고 깔끔합니다\n다만 배달해야하는 맥시멈 가격이 문제 ㅜ \n건강해지는 느낌  맛은 뭐라할수 없음  굿굿","polarity":{"com":0.012814256334187616,"pos":0.5561948311704129,"neg":0.30133645535342246,"neut":0.04547041960303136,"none":0.08418403753894561},"intensity":{"high":0.09701860413333335,"low":0.09140824413333333,"meium":0.7220362752000001,"none":0.08953687653333334},"expressive":{"dir-action":0.00259298233385193,"dir-explicit":0.2554909805844316,"dir-speech":0.30279579626055914,"indirect":0.3438738475354415,"writing-device":0.09524639328571595}},{"id":"죠샌드위치-도봉한신점","permalink":"","username":"asdfg","text":"너무 맛있어요 저는 배달도 빨랐어요","date":"Mon Dec 10 23:59:44 +0000 2018","retweets":"30","favorites":"20","mentions":[],"hashtags":[],"geo":"","raw":"너무 맛있어요 저는 배달도 빨랐어요","polarity":{"com":0.03571428575,"pos":0.619047619,"neg":0.34523809525,"neut":0,"none":0},"intensity":{"high":0.03571428575,"low":0.20238095225,"meium":0.761904762,"none":0},"expressive":{"dir-action":0,"dir-explicit":0.14285714275,"dir-speech":0.5714285715,"indirect":0.28571428575,"writing-device":0}},{"id":"죠샌드위치-도봉한신점","permalink":"","username":"asdfg","text":"파스트라미 치아바타는 좀 짰고 카야토스트는 맛있게 먹었어요","date":"Mon Dec 10 23:59:44 +0000 2018","retweets":"30","favorites":"20","mentions":[],"hashtags":[],"geo":"","raw":"파스트라미 치아바타는 좀 짰고 카야토스트는 맛있게 먹었어요","polarity":{"com":0,"pos":0.3936507935574603,"neg":0.5365079368146031,"neut":0.038095238015238085,"none":0.03174603161269841},"intensity":{"high":0.034920635000000005,"low":0.23968253960000005,"meium":0.6936507938,"none":0.03174603160000001},"expressive":{"dir-action":0,"dir-explicit":0.10793650800000001,"dir-speech":0.6222222223999999,"indirect":0.2317460316,"writing-device":0.038095238}},{"id":"죠샌드위치-도봉한신점","permalink":"","username":"asdfg","text":"맛은 괜찮았는데 빵이 좀 딱딱했어요","date":"Mon Dec 10 23:59:44 +0000 2018","retweets":"30","favorites":"20","mentions":[],"hashtags":[],"geo":"","raw":"맛은 괜찮았는데 빵이 좀 딱딱했어요","polarity":{"com":0.010279001333333334,"pos":0.477239354,"neg":0.4801762113333334,"neut":0.029368575666666664,"none":0.002936857666666667},"intensity":{"high":0.0352422906784141,"low":0.21071953007023983,"meium":0.7496328929165442,"none":0.004405286334801762},"expressive":{"dir-action":0.0014684286671561425,"dir-explicit":0.13803230537934408,"dir-speech":0.45374449348458146,"indirect":0.4023494861341165,"writing-device":0.004405286334801761}},{"id":"죠샌드위치-도봉한신점","permalink":"","username":"asdfg","text":"우선 연어크로와상은 연어가 너무 비리고 하얀소스가 끝쪽에만 엄청 조금 있어요ㅠㅠ..크로와상은 퍽퍽하고 딱딱하고 토마토도 엄청 딱딱하구요. 카야토스트는 제가 죠샌드위치에서 즐겨먹던 메뉴라 맛있었는데 버터가 안쪽에만 있고 끝쪽에 없는게 아쉬워요ㅠㅠ 그리고 바나나주스도 다 좋은데 너무 퍽퍽해서 우유나 물 좀 더 넣는게 좋을것 같아요~","date":"Mon Dec 10 23:59:44 +0000 2018","retweets":"30","favorites":"20","mentions":[],"hashtags":[],"geo":"","raw":"우선 연어크로와상은 연어가 너무 비리고 하얀소스가 끝쪽에만 엄청 조금 있어요ㅠㅠ..크로와상은 퍽퍽하고 딱딱하고 토마토도 엄청 딱딱하구요. 카야토스트는 제가 죠샌드위치에서 즐겨먹던 메뉴라 맛있었는데 버터가 안쪽에만 있고 끝쪽에 없는게 아쉬워요ㅠㅠ 그리고 바나나주스도 다 좋은데 너무 퍽퍽해서 우유나 물 좀 더 넣는게 좋을것 같아요~","polarity":{"com":0.02393724896666666,"pos":0.37073994606666677,"neg":0.4100344733666666,"neut":0.04674951823333333,"none":0.1485388133666667},"intensity":{"high":0.15541072095630595,"low":0.08869998322742,"meium":0.6051675169263221,"none":0.15072177888995192},"expressive":{"dir-action":0.0009664837333011172,"dir-explicit":0.3053320384231556,"dir-speech":0.3653642264878212,"indirect":0.1779850051274005,"writing-device":0.15035224622832155}},{"id":"죠샌드위치-도봉한신점","permalink":"","username":"asdfg","text":"연어샐러드 드레싱이 살짝 느끼한거 빼곤 괜찮았어요~ 올리브오일이 너무 들어가서 그랬던것 같네요~ 커피맛 카야토스트맛 굿이에요^^","date":"Mon Dec 10 23:59:44 +0000 2018","retweets":"30","favorites":"20","mentions":[],"hashtags":[],"geo":"","raw":"연어샐러드 드레싱이 살짝 느끼한거 빼곤 괜찮았어요~ 올리브오일이 너무 들어가서 그랬던것 같네요~ 커피맛 카야토스트맛 굿이에요^^","polarity":{"com":0.009717105623785362,"pos":0.44010758506998654,"neg":0.4235311351970586,"neut":0.037943889870257014,"none":0.08870028423891246},"intensity":{"high":0.043411495760852875,"low":0.03724275250931069,"meium":0.8297194313324299,"none":0.08962632039740658},"expressive":{"dir-action":0.000926036125,"dir-explicit":0.177179644375,"dir-speech":0.541969516375,"indirect":0.12534750237499998,"writing-device":0.15457730075}},{"id":"죠샌드위치-도봉한신점","permalink":"","username":"asdfg","text":"믿고먹는 샌드위치  샐러드맛있고 싱싱하고 샌드위치 굿이죠  배달늦는거 빼면 만점~^^","date":"Mon Dec 10 23:59:44 +0000 2018","retweets":"30","favorites":"20","mentions":[],"hashtags":[],"geo":"","raw":"믿고먹는 샌드위치  샐러드맛있고 싱싱하고 샌드위치 굿이죠  배달늦는거 빼면 만점~^^","polarity":{"com":0.0016420361428571427,"pos":0.4269293922857143,"neg":0.5336617407142856,"neut":0.009852216714285714,"none":0.027914614142857144},"intensity":{"high":0.056102900983970604,"low":0.0736179529789663,"meium":0.8407224957597936,"none":0.029556650277269534},"expressive":{"dir-action":0.0016420361433262959,"dir-explicit":0.10235358502924387,"dir-speech":0.5749863164499961,"indirect":0.21674876849049965,"writing-device":0.10426929388693407}},{"id":"죠샌드위치-도봉한신점","permalink":"","username":"asdfg","text":"믿고먹는죠 샌드위치  배달비있는것빼곤 굿이요~~","date":"Mon Dec 10 23:59:44 +0000 2018","retweets":"30","favorites":"20","mentions":[],"hashtags":[],"geo":"","raw":"믿고먹는죠 샌드위치  배달비있는것빼곤 굿이요~~","polarity":{"com":0.005456349166666665,"pos":0.5406746029999999,"neg":0.29133597899999997,"neut":0.0165343915,"none":0.14599867733333333},"intensity":{"high":0.06431878298928019,"low":0.08697089948550485,"meium":0.7027116402162147,"none":0.14599867730900024},"expressive":{"dir-action":0,"dir-explicit":0.15575396819262566,"dir-speech":0.44163359790693896,"indirect":0.2526455027087743,"writing-device":0.14996693119166116}},{"id":"죠샌드위치-도봉한신점","permalink":"","username":"asdfg","text":"배달은 오래걸리지만 맛잇어서 용서됩니다","date":"Mon Dec 10 23:59:44 +0000 2018","retweets":"30","favorites":"20","mentions":[],"hashtags":[],"geo":"","raw":"배달은 오래걸리지만 맛잇어서 용서됩니다","polarity":{"com":0,"pos":0.5,"neg":0.5,"neut":0,"none":0},"intensity":{"high":0,"low":0,"meium":1,"none":0},"expressive":{"dir-action":0,"dir-explicit":0,"dir-speech":0.75,"indirect":0.25,"writing-device":0}},{"id":"죠샌드위치-도봉한신점","permalink":"","username":"asdfg","text":"배달시간이 오래걸려요\n배달비 나오는게 조금 아쉽네요\n그래도 맛있어서 좋아요","date":"Mon Dec 10 23:59:44 +0000 2018","retweets":"30","favorites":"20","mentions":[],"hashtags":[],"geo":"","raw":"배달시간이 오래걸려요\n배달비 나오는게 조금 아쉽네요\n그래도 맛있어서 좋아요","polarity":{"com":0.011362841665404128,"pos":0.5540370496051069,"neg":0.4022931693997452,"neut":0.026883542330346278,"none":0.005423396999397399},"intensity":{"high":0.07029443878558826,"low":0.06064277378451586,"meium":0.8631499142070167,"none":0.005912873222879208},"expressive":{"dir-action":0.00842598411298355,"dir-explicit":0.20638927893475323,"dir-speech":0.5638855271253079,"indirect":0.2153863366034192,"writing-device":0.005912873223536194}},{"id":"죠샌드위치-도봉한신점","permalink":"","username":"asdfg","text":"멀어서 그런지 배달이 오래 걸리는것 빼고는 다 좋아요~","date":"Mon Dec 10 23:59:44 +0000 2018","retweets":"30","favorites":"20","mentions":[],"hashtags":[],"geo":"","raw":"멀어서 그런지 배달이 오래 걸리는것 빼고는 다 좋아요~","polarity":{"com":0.003968254,"pos":0.36706349200000005,"neg":0.4589947090000001,"neut":0.010582010500000003,"none":0.15939153450000001},"intensity":{"high":0.11375661364770724,"low":0.09656084648390653,"meium":0.6302910053949515,"none":0.15939153447343474},"expressive":{"dir-action":0,"dir-explicit":0.17129629633333332,"dir-speech":0.32539682533333336,"indirect":0.33994708999999995,"writing-device":0.1633597883333333}},{"id":"죠샌드위치-도봉한신점","permalink":"","username":"asdfg","text":"자꾸 생각나요","date":"Mon Dec 10 23:59:44 +0000 2018","retweets":"30","favorites":"20","mentions":[],"hashtags":[],"geo":"","raw":"자꾸 생각나요","polarity":{"com":0,"pos":0.357142857,"neg":0.642857143,"neut":0,"none":0},"intensity":{"high":0.0357142855,"low":0,"meium":0.797619048,"none":0.1666666665},"expressive":{"dir-action":0,"dir-explicit":0.27380952363690475,"dir-speech":0.23809523811904762,"indirect":0.32142857166071426,"writing-device":0.16666666658333334}},{"id":"죠샌드위치-도봉한신점","permalink":"","username":"asdfg","text":"신선도최고 깔끔함최고 맛최고!","date":"Mon Dec 10 23:59:44 +0000 2018","retweets":"30","favorites":"20","mentions":[],"hashtags":[],"geo":"","raw":"신선도최고 깔끔함최고 맛최고!","polarity":{"com":0.06666666666666667,"pos":0.8296296296666666,"neg":0.10370370366666666,"neut":0,"none":0},"intensity":{"high":0.29259259266666665,"low":0.06666666666666667,"meium":0.6407407406666666,"none":0},"expressive":{"dir-action":0,"dir-explicit":0.03333333333333333,"dir-speech":0.3333333333333333,"indirect":0.6333333333333333,"writing-device":0}},{"id":"죠샌드위치-도봉한신점","permalink":"","username":"asdfg","text":"빠른배송 감사합니다!! 포카치아 너무 맛있어요!! 카야토스트도 제가 원하는 맛이고 모두모두 맛있다고들 합니다!! 담에도 또 시켜먹을 예정입니다!! 다만, 최소요금이 너무 높네요.. 그게 좀 아쉽습니다!!","date":"Mon Dec 10 23:59:44 +0000 2018","retweets":"30","favorites":"20","mentions":[],"hashtags":[],"geo":"","raw":"빠른배송 감사합니다!! 포카치아 너무 맛있어요!! 카야토스트도 제가 원하는 맛이고 모두모두 맛있다고들 합니다!! 담에도 또 시켜먹을 예정입니다!! 다만, 최소요금이 너무 높네요.. 그게 좀 아쉽습니다!!","polarity":{"com":0.010584677437499997,"pos":0.500412826375,"neg":0.31638824887499994,"neut":0.08113479262499998,"none":0.09147945468749999},"intensity":{"high":0.09603814643750001,"low":0.12055171525000002,"meium":0.691796275,"none":0.0916138633125},"expressive":{"dir-action":0.0004032258124747984,"dir-explicit":0.16833397336447914,"dir-speech":0.5161322324677416,"indirect":0.2240975422359939,"writing-device":0.09103302611931044}},{"id":"죠샌드위치-도봉한신점","permalink":"","username":"asdfg","text":"제가 왠만하면 불만족을 안하는데 이건쫌 아니지않나요?매번 올때마다 집못찾는다고 전화오고 오늘은 심지어 배달시간보다 늦더라구요 늦은데다 베이글안에 들어있는 치즈가 비닐이 안벗겨있네요 배달늦은건 그렇다치는데 이건쫌 아니다싶어서 올립니다","date":"Mon Dec 10 23:59:44 +0000 2018","retweets":"30","favorites":"20","mentions":[],"hashtags":[],"geo":"","raw":"제가 왠만하면 불만족을 안하는데 이건쫌 아니지않나요?매번 올때마다 집못찾는다고 전화오고 오늘은 심지어 배달시간보다 늦더라구요 늦은데다 베이글안에 들어있는 치즈가 비닐이 안벗겨있네요 배달늦은건 그렇다치는데 이건쫌 아니다싶어서 올립니다","polarity":{"com":0.01228826627950847,"pos":0.5005580818199777,"neg":0.36362283262545514,"neut":0.047741655198090344,"none":0.07578916407696845},"intensity":{"high":0.11234097805797454,"low":0.07818369269250938,"meium":0.7333290222773327,"none":0.0761463069721834},"expressive":{"dir-action":0.0472672672818907,"dir-explicit":0.20249508320809984,"dir-speech":0.387624288215505,"indirect":0.28406294861136255,"writing-device":0.07855041268314202}},{"id":"죠샌드위치-도봉한신점","permalink":"","username":"asdfg","text":"맛있어요~~","date":"Mon Dec 10 23:59:44 +0000 2018","retweets":"30","favorites":"20","mentions":[],"hashtags":[],"geo":"","raw":"맛있어요~~","polarity":{"com":0,"pos":0,"neg":1,"neut":0,"none":0},"intensity":{"high":0,"low":0,"meium":1,"none":0},"expressive":{"dir-action":0,"dir-explicit":0,"dir-speech":1,"indirect":0,"writing-device":0}},{"id":"죠샌드위치-도봉한신점","permalink":"","username":"asdfg","text":"으악~ 3만원이하면 주문이안되어서 혼자이지만 3만원넘게시킴 ㅎㅎㅎ \n맛있게.잘먹었어요 딸기쥬스 맛있는데. 너무 달았어요 \n샐러드 맛있구요 냅뒀다.종일 잘먹을게요","date":"Mon Dec 10 23:59:44 +0000 2018","retweets":"30","favorites":"20","mentions":[],"hashtags":[],"geo":"","raw":"으악~ 3만원이하면 주문이안되어서 혼자이지만 3만원넘게시킴 ㅎㅎㅎ \n맛있게.잘먹었어요 딸기쥬스 맛있는데. 너무 달았어요 \n샐러드 맛있구요 냅뒀다.종일 잘먹을게요","polarity":{"com":0.020354095233900627,"pos":0.3790299275967738,"neg":0.5786753627813347,"neut":0.017766374541194827,"none":0.004174239846796037},"intensity":{"high":0.09954142764601275,"low":0.19281672798240512,"meium":0.7031287363701934,"none":0.004513108001388649},"expressive":{"dir-action":0.0003388681538982873,"dir-explicit":0.38616596321325625,"dir-speech":0.38642854952098893,"indirect":0.22255351111116206,"writing-device":0.004513108000694323}},{"id":"죠샌드위치-도봉한신점","permalink":"","username":"asdfg","text":"넘 맛있게 먹었어요 ㅠㅠ종종시켜먹을게용~ 레몬에이드도 넘맛있고\n역시 샌드위치는 죠샌드위치네요^.^","date":"Mon Dec 10 23:59:44 +0000 2018","retweets":"30","favorites":"20","mentions":[],"hashtags":[],"geo":"","raw":"넘 맛있게 먹었어요 ㅠㅠ종종시켜먹을게용~ 레몬에이드도 넘맛있고\n역시 샌드위치는 죠샌드위치네요^.^","polarity":{"com":0.001020408143148688,"pos":0.21882086149109167,"neg":0.5956916103130547,"neut":0.06326530601807581,"none":0.12120181403462908},"intensity":{"high":0.056689342436669905,"low":0.1614512470230645,"meium":0.6606575965229511,"none":0.12120181401731454},"expressive":{"dir-action":0,"dir-explicit":0.16031746028571425,"dir-speech":0.6936507937142856,"indirect":0.023582766428571426,"writing-device":0.12244897957142856}},{"id":"죠샌드위치-도봉한신점","permalink":"","username":"asdfg","text":"좋아요~~","date":"Mon Dec 10 23:59:44 +0000 2018","retweets":"30","favorites":"20","mentions":[],"hashtags":[],"geo":"","raw":"좋아요~~","polarity":{"com":0,"pos":0.92,"neg":0.04,"neut":0,"none":0.04},"intensity":{"high":0.2,"low":0.04,"meium":0.72,"none":0.04},"expressive":{"dir-action":0,"dir-explicit":0.6,"dir-speech":0.2,"indirect":0.16,"writing-device":0.04}},{"id":"죠샌드위치-도봉한신점","permalink":"","username":"asdfg","text":"맛있어요~~","date":"Mon Dec 10 23:59:44 +0000 2018","retweets":"30","favorites":"20","mentions":[],"hashtags":[],"geo":"","raw":"맛있어요~~","polarity":{"com":0,"pos":0,"neg":1,"neut":0,"none":0},"intensity":{"high":0,"low":0,"meium":1,"none":0},"expressive":{"dir-action":0,"dir-explicit":0,"dir-speech":1,"indirect":0,"writing-device":0}},{"id":"죠샌드위치-도봉한신점","permalink":"","username":"asdfg","text":"거리가 좀 먼 곳인데, 기다리는 보람이 있었어요.","date":"Mon Dec 10 23:59:44 +0000 2018","retweets":"30","favorites":"20","mentions":[],"hashtags":[],"geo":"","raw":"거리가 좀 먼 곳인데, 기다리는 보람이 있었어요.","polarity":{"com":0.02926587299512236,"pos":0.6398809522266866,"neg":0.22123015879646168,"neut":0.033730158827711645,"none":0.07589285715401788},"intensity":{"high":0.035218254000000004,"low":0.1755952381666667,"meium":0.7132936506666667,"none":0.07589285716666667},"expressive":{"dir-action":0,"dir-explicit":0.18273809516666667,"dir-speech":0.5508928571666666,"indirect":0.19047619049999998,"writing-device":0.07589285716666666}},{"id":"죠샌드위치-도봉한신점","permalink":"","username":"asdfg","text":"뜨끈뜨끈하고 진짜맛났어요 싱싱한 양상추랑 빵도 막구워나온느낌ㅋㅋ 아이들도엄청잘먹고깔끔하고..모두만족이요~~^^","date":"Mon Dec 10 23:59:44 +0000 2018","retweets":"30","favorites":"20","mentions":[],"hashtags":[],"geo":"","raw":"뜨끈뜨끈하고 진짜맛났어요 싱싱한 양상추랑 빵도 막구워나온느낌ㅋㅋ 아이들도엄청잘먹고깔끔하고..모두만족이요~~^^","polarity":{"com":0.014261213126782654,"pos":0.6096636044512079,"neg":0.27071850190883984,"neut":0.023464104377933018,"none":0.08189257613523658},"intensity":{"high":0.046489223244188846,"low":0.1531008224808624,"meium":0.7167052211604119,"none":0.08370473311453691},"expressive":{"dir-action":0.010740728376342589,"dir-explicit":0.18772541014846564,"dir-speech":0.48619968481077486,"indirect":0.22964873752870604,"writing-device":0.08568543913571067}},{"id":"죠샌드위치-도봉한신점","permalink":"","username":"asdfg","text":"치아바타 푸짐하고 맛있습니다. 딸기주스도 맛나요. 참치샌드위치는 약간 비린맛이 끝에 남아요.\n배송오래걸렸는데 친절하게 문자넣어주시고 배달오신 분도 친절하셔서 맘은 안상했네요. 친구들 낮에 집에서 모이거나 할 때 시켜서 푸짐하게 내놓으면 좋겠어요~","date":"Mon Dec 10 23:59:44 +0000 2018","retweets":"30","favorites":"20","mentions":[],"hashtags":[],"geo":"","raw":"치아바타 푸짐하고 맛있습니다. 딸기주스도 맛나요. 참치샌드위치는 약간 비린맛이 끝에 남아요.\n배송오래걸렸는데 친절하게 문자넣어주시고 배달오신 분도 친절하셔서 맘은 안상했네요. 친구들 낮에 집에서 모이거나 할 때 시켜서 푸짐하게 내놓으면 좋겠어요~","polarity":{"com":0.009113087680000001,"pos":0.44211163376000007,"neg":0.43053330335999995,"neut":0.05616144440000001,"none":0.062080530800000006},"intensity":{"high":0.08806301704000001,"low":0.11736264647999999,"meium":0.7309560205999999,"none":0.06361831588},"expressive":{"dir-action":0.00147420392,"dir-explicit":0.18138224184,"dir-speech":0.5274892864399999,"indirect":0.22589069436000003,"writing-device":0.06376357343999998}},{"id":"죠샌드위치-도봉한신점","permalink":"","username":"asdfg","text":"맛있어용","date":"Mon Dec 10 23:59:44 +0000 2018","retweets":"30","favorites":"20","mentions":[],"hashtags":[],"geo":"","raw":"맛있어용","polarity":{"com":0,"pos":0,"neg":1,"neut":0,"none":0},"intensity":{"high":0,"low":0,"meium":1,"none":0},"expressive":{"dir-action":0,"dir-explicit":0,"dir-speech":1,"indirect":0,"writing-device":0}},{"id":"죠샌드위치-도봉한신점","permalink":"","username":"asdfg","text":"주문 최소 금액이 너무 높아서 한 번 주문하면 며칠은 먹어야하는 게 단점이지만ㅠㅠ 늘 맛있게 먹고 있습니다. 신선하고 빵도 속재료도 다양해서 너무 좋아요!","date":"Mon Dec 10 23:59:44 +0000 2018","retweets":"30","favorites":"20","mentions":[],"hashtags":[],"geo":"","raw":"주문 최소 금액이 너무 높아서 한 번 주문하면 며칠은 먹어야하는 게 단점이지만ㅠㅠ 늘 맛있게 먹고 있습니다. 신선하고 빵도 속재료도 다양해서 너무 좋아요!","polarity":{"com":0.01776843979881544,"pos":0.34341043884377265,"neg":0.4948064586336796,"neut":0.050226505063318244,"none":0.09378815766041414},"intensity":{"high":0.11700325860780023,"low":0.10110243120674015,"meium":0.6869097613791273,"none":0.09498454880633228},"expressive":{"dir-action":0.0020566061331962265,"dir-explicit":0.3010075861799329,"dir-speech":0.4693600159687093,"indirect":0.13113397492459108,"writing-device":0.09644181679357056}},{"id":"죠샌드위치-도봉한신점","permalink":"","username":"asdfg","text":"맛은 있네요~~오픈한지 얼마안되서 모 그냥으냐","date":"Mon Dec 10 23:59:44 +0000 2018","retweets":"30","favorites":"20","mentions":[],"hashtags":[],"geo":"","raw":"맛은 있네요~~오픈한지 얼마안되서 모 그냥으냐","polarity":{"com":0.015394714424172938,"pos":0.42167535487952135,"neg":0.41042017745416565,"neut":0.043632592130390696,"none":0.10887716111174937},"intensity":{"high":0.1272135907142857,"low":0.049391347142857145,"meium":0.7142106812857143,"none":0.10918438085714287},"expressive":{"dir-action":0.0009216589998683343,"dir-explicit":0.19736255840037675,"dir-speech":0.5298406409243084,"indirect":0.15480602454931341,"writing-device":0.11706911712613298}},{"id":"죠샌드위치-도봉한신점","permalink":"","username":"asdfg","text":"맛있어요!!!!!친절하시고 ㅎㅎ 다음에 또 주문할게요~","date":"Mon Dec 10 23:59:44 +0000 2018","retweets":"30","favorites":"20","mentions":[],"hashtags":[],"geo":"","raw":"맛있어요!!!!!친절하시고 ㅎㅎ 다음에 또 주문할게요~","polarity":{"com":0.004838709748790322,"pos":0.16474654370881336,"neg":0.6953149000761712,"neut":0.020967741994758066,"none":0.11413210447146697},"intensity":{"high":0.03494623649999999,"low":0.02903225799999999,"meium":0.8213517664999999,"none":0.11466973899999998},"expressive":{"dir-action":0.00161290325,"dir-explicit":0.11420890950000001,"dir-speech":0.6450844855000001,"indirect":0.08924731175,"writing-device":0.14984639}},{"id":"죠샌드위치-도봉한신점","permalink":"","username":"asdfg","text":"포장도 깔끔하구 양상추도 너무 싱싱해서 맛있어요!!!\n딸기스무디도 👍🏻👍🏻👍🏻","date":"Mon Dec 10 23:59:44 +0000 2018","retweets":"30","favorites":"20","mentions":[],"hashtags":[],"geo":"","raw":"포장도 깔끔하구 양상추도 너무 싱싱해서 맛있어요!!!\n딸기스무디도 👍🏻👍🏻👍🏻","polarity":{"com":0.008300665166666667,"pos":0.2480038535,"neg":0.5401246691666667,"neut":0.021761663,"none":0.18180914916666668},"intensity":{"high":0.08579515481903414,"low":0.1148487156475252,"meium":0.6151307710641449,"none":0.18422535846929577},"expressive":{"dir-action":0.002416209332930632,"dir-explicit":0.22411007062931504,"dir-speech":0.35064719877489214,"indirect":0.23715069762714155,"writing-device":0.18567582363572074}},{"id":"죠샌드위치-도봉한신점","permalink":"","username":"asdfg","text":"요기요에서 자주 시켜먹는데 리뷰는 처음쓰네여\n꼭 써드리고 싶어서 남깁니다!\n배달이 좀 늦긴했지만 기다린 만큼 맛있었어여!\n사장님도 엄청 친절하시고 직접 배달해주시는듯 해여\n늦어져서 미안하다구 서비스도 주셨어여\n맛있게 잘먹었습니다","date":"Mon Dec 10 23:59:44 +0000 2018","retweets":"30","favorites":"20","mentions":[],"hashtags":[],"geo":"","raw":"요기요에서 자주 시켜먹는데 리뷰는 처음쓰네여\n꼭 써드리고 싶어서 남깁니다!\n배달이 좀 늦긴했지만 기다린 만큼 맛있었어여!\n사장님도 엄청 친절하시고 직접 배달해주시는듯 해여\n늦어져서 미안하다구 서비스도 주셨어여\n맛있게 잘먹었습니다","polarity":{"com":0.008281409895172707,"pos":0.5951848036629045,"neg":0.25304398469752865,"neut":0.02051776147476409,"none":0.12297204026963011},"intensity":{"high":0.041167817892570124,"low":0.17071425751733085,"meium":0.6643145512281939,"none":0.12380337336190511},"expressive":{"dir-action":0.0012840778421052631,"dir-explicit":0.17144951052631577,"dir-speech":0.4013249191052631,"indirect":0.29502548347368424,"writing-device":0.1309160090526316}},{"id":"죠샌드위치-도봉한신점","permalink":"","username":"asdfg","text":"역시 샌드위치는 죠샌드위치요~안에 양상추 너무 싱싱하고 듬뿍~~ 배달 늦으신다고 연락도 주시고 늦으셨다고 쿠키도 챙겨주셨네요~ 친절하시고 좋아요~샌드위치도 좋아하는데 친절하기까지 하셔서 더 자주 애용할 것 같아요~","date":"Mon Dec 10 23:59:44 +0000 2018","retweets":"30","favorites":"20","mentions":[],"hashtags":[],"geo":"","raw":"역시 샌드위치는 죠샌드위치요~안에 양상추 너무 싱싱하고 듬뿍~~ 배달 늦으신다고 연락도 주시고 늦으셨다고 쿠키도 챙겨주셨네요~ 친절하시고 좋아요~샌드위치도 좋아하는데 친절하기까지 하셔서 더 자주 애용할 것 같아요~","polarity":{"com":0.010875213632723707,"pos":0.3853644216721437,"neg":0.37844162303983603,"neut":0.06339102726983063,"none":0.1619277143854661},"intensity":{"high":0.11975416209265749,"low":0.13186752245980343,"meium":0.5851274935173549,"none":0.16325082193018414},"expressive":{"dir-action":0.02786526941958603,"dir-explicit":0.21542920656760906,"dir-speech":0.26334810345982373,"indirect":0.32809233982483726,"writing-device":0.16526508072814397}},{"id":"죠샌드위치-도봉한신점","permalink":"","username":"asdfg","text":"맛도잇고신선하고 애기간식으로버터마늘빵?인가도주문햇는데 계속더달라고ㅎ저희신랑도맛잇다고왠일로칭찬을ㅋ연어샐러드도굿!샌드위치하나만먹어도배부르더라구요.배달은3만원이상이라턱없이많이주문햇지만 남은건렌즈돌려먹으니또맛낫어요.자주이용할께요","date":"Mon Dec 10 23:59:44 +0000 2018","retweets":"30","favorites":"20","mentions":[],"hashtags":[],"geo":"","raw":"맛도잇고신선하고 애기간식으로버터마늘빵?인가도주문햇는데 계속더달라고ㅎ저희신랑도맛잇다고왠일로칭찬을ㅋ연어샐러드도굿!샌드위치하나만먹어도배부르더라구요.배달은3만원이상이라턱없이많이주문햇지만 남은건렌즈돌려먹으니또맛낫어요.자주이용할께요","polarity":{"com":0.00848398786325073,"pos":0.3846406714370618,"neg":0.458610396979154,"neut":0.03796048481645634,"none":0.11030445890407707},"intensity":{"high":0.13664763490909093,"low":0.16112497999999997,"meium":0.5907802423636365,"none":0.11144714272727274},"expressive":{"dir-action":0.0013381872272119003,"dir-explicit":0.25029541735225935,"dir-speech":0.46640615238789057,"indirect":0.1621102418562677,"writing-device":0.11985000117637044}},{"id":"죠샌드위치-도봉한신점","permalink":"","username":"asdfg","text":"서비스일단너무좋구요 웬만하면 진짜 리뷰안남기는데\n맛도괜찬고 좋네요 번창하세요 사장님^^","date":"Mon Dec 10 23:59:44 +0000 2018","retweets":"30","favorites":"20","mentions":[],"hashtags":[],"geo":"","raw":"서비스일단너무좋구요 웬만하면 진짜 리뷰안남기는데\n맛도괜찬고 좋네요 번창하세요 사장님^^","polarity":{"com":0.02317314028902473,"pos":0.7017599298145372,"neg":0.2057581741722512,"neut":0.0596006144370858,"none":0.009708141287101162},"intensity":{"high":0.06894886985714285,"low":0.42366469171428567,"meium":0.4973710774285714,"none":0.010015360999999999},"expressive":{"dir-action":0.0009216589999999999,"dir-explicit":0.21220100942857137,"dir-speech":0.34957208700000003,"indirect":0.42759710328571426,"writing-device":0.009708141285714284}},{"id":"죠샌드위치-도봉한신점","permalink":"","username":"asdfg","text":"햄버거 싫다는 할머니 할아버지 입맛도~\n절대미각인 친구도~\n인스턴트 좋아하는 딸도~\n죠 샌드위치는 맛있다고 엄지 척!!!!👍","date":"Mon Dec 10 23:59:44 +0000 2018","retweets":"30","favorites":"20","mentions":[],"hashtags":[],"geo":"","raw":"햄버거 싫다는 할머니 할아버지 입맛도~\n절대미각인 친구도~\n인스턴트 좋아하는 딸도~\n죠 샌드위치는 맛있다고 엄지 척!!!!👍","polarity":{"com":0.0020408162857142855,"pos":0.20408163257142856,"neg":0.6653061225714286,"neut":0.004081632571428571,"none":0.124489796},"intensity":{"high":0.04081632657142857,"low":0.03265306114285714,"meium":0.8020408162857143,"none":0.124489796},"expressive":{"dir-action":0,"dir-explicit":0.33877551018892127,"dir-speech":0.5142857141387756,"indirect":0.024489795993002914,"writing-device":0.1224489796793003}}]