[{"id":"피자 치킨 이야기CESCO","permalink":"","username":"asdfg","text":"치킨이 오래된거 같아요. 살이 퍽퍽하고 굳어서 먹을 수가 없어요. 같은 부위도 여러개예요. 노계를 사용하시는 듯. 좋아서 여러번 시켜먹었는데 실망스럽네요. 불안해서 또 못 시켜 먹겠어요","date":"Mon Dec 10 23:59:44 +0000 2018","retweets":"30","favorites":"20","mentions":[],"hashtags":[],"geo":"","raw":"치킨이 오래된거 같아요. 살이 퍽퍽하고 굳어서 먹을 수가 없어요. 같은 부위도 여러개예요. 노계를 사용하시는 듯. 좋아서 여러번 시켜먹었는데 실망스럽네요. 불안해서 또 못 시켜 먹겠어요","polarity":{"com":0.006890589055172746,"pos":0.3846967889786279,"neg":0.43070044803162777,"neut":0.09119064749493384,"none":0.08652152643963769},"intensity":{"high":0.08767568872222223,"low":0.23881266950000002,"meium":0.5861068076111111,"none":0.08740483416666667},"expressive":{"dir-action":0.00088330772236944,"dir-explicit":0.2421201693736867,"dir-speech":0.4031501437894139,"indirect":0.19793751508854512,"writing-device":0.1559088640259848}},{"id":"피자 치킨 이야기CESCO","permalink":"","username":"asdfg","text":"3만1000원 세트 입니다\n가격 낸만큼 온느낌 괜찮아요~\n치킨은 옛날치킨맛 근데 뻑살이조금 많아요\n피자는 치즈가 좀 얇아요 도우가 생각보단\n맛있네요~~별 3개감인데..\n 소금 필히 가져다 달라고 했는데...안가져다\n주셔서 2개 ㅎㅎ\n다시..달라고할까하다가 그냥 말았어요\nㅎㅎㅎㅎ다음엔꼭 가져다주세요ㅠㅠㅠ\n","date":"Mon Dec 10 23:59:44 +0000 2018","retweets":"30","favorites":"20","mentions":[],"hashtags":[],"geo":"","raw":"3만1000원 세트 입니다\n가격 낸만큼 온느낌 괜찮아요~\n치킨은 옛날치킨맛 근데 뻑살이조금 많아요\n피자는 치즈가 좀 얇아요 도우가 생각보단\n맛있네요~~별 3개감인데..\n 소금 필히 가져다 달라고 했는데...안가져다\n주셔서 2개 ㅎㅎ\n다시..달라고할까하다가 그냥 말았어요\nㅎㅎㅎㅎ다음엔꼭 가져다주세요ㅠㅠㅠ\n","polarity":{"com":0.012910437116874278,"pos":0.4473998089747,"neg":0.3538046387715928,"neut":0.06342241643039488,"none":0.12246269870643799},"intensity":{"high":0.1033272906843594,"low":0.12097046379838687,"meium":0.6515698802575716,"none":0.1241323652596821},"expressive":{"dir-action":0.0013262599615894719,"dir-explicit":0.29113407601119745,"dir-speech":0.4191487843238135,"indirect":0.15784513131376332,"writing-device":0.13054574838963642}},{"id":"피자 치킨 이야기CESCO","permalink":"","username":"asdfg","text":"그저그래요~\n토핑이나 맛이 좀 밍밍하고 심심함\n배달은 빨라서 좋았습니다","date":"Mon Dec 10 23:59:44 +0000 2018","retweets":"30","favorites":"20","mentions":[],"hashtags":[],"geo":"","raw":"그저그래요~\n토핑이나 맛이 좀 밍밍하고 심심함\n배달은 빨라서 좋았습니다","polarity":{"com":0.038830025857142854,"pos":0.48860898257142854,"neg":0.2923081391428571,"neut":0.09357672357142857,"none":0.08667612885714286},"intensity":{"high":0.08879084302536881,"low":0.15597655633027904,"meium":0.6674981447621423,"none":0.08773445588220986},"expressive":{"dir-action":0.0010583270001511896,"dir-explicit":0.2425136670346448,"dir-speech":0.3158065149022581,"indirect":0.3528870351932696,"writing-device":0.08773445586967636}},{"id":"피자 치킨 이야기CESCO","permalink":"","username":"asdfg","text":"또 시켜 먹었어요. 어제는 치킨이 바삭하고 뜨겁게 와서 먹는내내 너무 좋았어요~ 배달해주시는 분도 친절하시구요~ 많이 파세요^^","date":"Mon Dec 10 23:59:44 +0000 2018","retweets":"30","favorites":"20","mentions":[],"hashtags":[],"geo":"","raw":"또 시켜 먹었어요. 어제는 치킨이 바삭하고 뜨겁게 와서 먹는내내 너무 좋았어요~ 배달해주시는 분도 친절하시구요~ 많이 파세요^^","polarity":{"com":0.004406149714285715,"pos":0.4690478785714286,"neg":0.3793508917142857,"neut":0.09147319650000002,"none":0.05572188350000001},"intensity":{"high":0.05817304292857143,"low":0.11805854585714284,"meium":0.7667572365,"none":0.05701117471428572},"expressive":{"dir-action":0.0015965108573709299,"dir-explicit":0.2648034942521148,"dir-speech":0.476176831282311,"indirect":0.18758569424108365,"writing-device":0.06983746936711963}},{"id":"피자 치킨 이야기CESCO","permalink":"","username":"asdfg","text":"배달해주시는 분도 친절하시구 피자도 따끈하게 바로 배달되어서 너무 좋았어요. 치킨도 맛있구요~. 자주 사먹을께요~^^","date":"Mon Dec 10 23:59:44 +0000 2018","retweets":"30","favorites":"20","mentions":[],"hashtags":[],"geo":"","raw":"배달해주시는 분도 친절하시구 피자도 따끈하게 바로 배달되어서 너무 좋았어요. 치킨도 맛있구요~. 자주 사먹을께요~^^","polarity":{"com":0.023802171999999996,"pos":0.5158503549,"neg":0.29345897169999996,"neut":0.04121420959999999,"none":0.12567429179999998},"intensity":{"high":0.07699704889999999,"low":0.18258083539999997,"meium":0.6129824698,"none":0.1274396459},"expressive":{"dir-action":0.000945461599905454,"dir-explicit":0.23316479497668355,"dir-speech":0.42787613645721234,"indirect":0.21346758627865325,"writing-device":0.1245460206875454}},{"id":"피자 치킨 이야기CESCO","permalink":"","username":"asdfg","text":"피자랑 치킨을 같이 파는데도 둘다 맛있어요ㅎ 정말 맛있게 먹었네요.ㅎ","date":"Mon Dec 10 23:59:44 +0000 2018","retweets":"30","favorites":"20","mentions":[],"hashtags":[],"geo":"","raw":"피자랑 치킨을 같이 파는데도 둘다 맛있어요ㅎ 정말 맛있게 먹었네요.ㅎ","polarity":{"com":0.0014285714000000001,"pos":0.6023809522000002,"neg":0.19904761920000003,"neut":0.0028571428000000003,"none":0.19428571440000003},"intensity":{"high":0.2079365079584127,"low":0.2673015871465397,"meium":0.33047619053390476,"none":0.19428571436114286},"expressive":{"dir-action":0,"dir-explicit":0.2673015872930794,"dir-speech":0.3226984126709206,"indirect":0.21714285711314285,"writing-device":0.19285714292285713}},{"id":"피자 치킨 이야기CESCO","permalink":"","username":"asdfg","text":"잘먹엇어요~ㅋㅋㅋㅋ","date":"Mon Dec 10 23:59:44 +0000 2018","retweets":"30","favorites":"20","mentions":[],"hashtags":[],"geo":"","raw":"잘먹엇어요~ㅋㅋㅋㅋ","polarity":{"com":null,"pos":null,"neg":null,"neut":null,"none":null},"intensity":{"high":null,"low":null,"meium":null,"none":null},"expressive":{"dir-action":null,"dir-explicit":null,"dir-speech":null,"indirect":null,"writing-device":null}},{"id":"피자 치킨 이야기CESCO","permalink":"","username":"asdfg","text":"배달은빨랏으나  치킨이 너무너무 짜요..\n양념을 너무하신듯","date":"Mon Dec 10 23:59:44 +0000 2018","retweets":"30","favorites":"20","mentions":[],"hashtags":[],"geo":"","raw":"배달은빨랏으나  치킨이 너무너무 짜요..\n양념을 너무하신듯","polarity":{"com":0.0126704556,"pos":0.5130237408,"neg":0.3049018332,"neut":0.09342626079999998,"none":0.0759777096},"intensity":{"high":0.07236210838552759,"low":0.15787523056842498,"meium":0.690605043661879,"none":0.07915761738416849},"expressive":{"dir-action":0.006182910803709747,"dir-explicit":0.2680062943608038,"dir-speech":0.33533564700120144,"indirect":0.3055186281833112,"writing-device":0.08495651965097392}},{"id":"피자 치킨 이야기CESCO","permalink":"","username":"asdfg","text":"간장강정이 특히 맛있어요 피자도 좋구요","date":"Mon Dec 10 23:59:44 +0000 2018","retweets":"30","favorites":"20","mentions":[],"hashtags":[],"geo":"","raw":"간장강정이 특히 맛있어요 피자도 좋구요","polarity":{"com":0.010279001333333334,"pos":0.477239354,"neg":0.4801762113333334,"neut":0.029368575666666664,"none":0.0029368576666666626},"intensity":{"high":0.0352422906784141,"low":0.044052863348017626,"meium":0.9162995596387664,"none":0.004405286334801761},"expressive":{"dir-action":0.0014684286671561428,"dir-explicit":0.4713656388237885,"dir-speech":0.45374449348458157,"indirect":0.06901615268967205,"writing-device":0.004405286334801761}},{"id":"피자 치킨 이야기CESCO","permalink":"","username":"asdfg","text":"뭐 그럭저럭 괜찬은듯합니다","date":"Mon Dec 10 23:59:44 +0000 2018","retweets":"30","favorites":"20","mentions":[],"hashtags":[],"geo":"","raw":"뭐 그럭저럭 괜찬은듯합니다","polarity":{"com":0,"pos":0.5,"neg":0.25,"neut":0,"none":0.25},"intensity":{"high":0,"low":0.5,"meium":0.25,"none":0.25},"expressive":{"dir-action":0,"dir-explicit":0,"dir-speech":0.75,"indirect":0,"writing-device":0.25}},{"id":"피자 치킨 이야기CESCO","permalink":"","username":"asdfg","text":"평이 좋아 기대반 우려반으로 주문했는데 치킨이랑 피자 둘다 맛있어요^^","date":"Mon Dec 10 23:59:44 +0000 2018","retweets":"30","favorites":"20","mentions":[],"hashtags":[],"geo":"","raw":"평이 좋아 기대반 우려반으로 주문했는데 치킨이랑 피자 둘다 맛있어요^^","polarity":{"com":0,"pos":0.5,"neg":0.3333333333333333,"neut":0.16666666666666666,"none":0},"intensity":{"high":0.0375,"low":0,"meium":0.9625,"none":0},"expressive":{"dir-action":0,"dir-explicit":0.39166666666666666,"dir-speech":0.5166666666666667,"indirect":0.09166666666666667,"writing-device":0}},{"id":"피자 치킨 이야기CESCO","permalink":"","username":"asdfg","text":"피자치킨을 시켰답니다~배달도 빨리오시고 맛도 좋았어요 잘 먹고갑니다","date":"Mon Dec 10 23:59:44 +0000 2018","retweets":"30","favorites":"20","mentions":[],"hashtags":[],"geo":"","raw":"피자치킨을 시켰답니다~배달도 빨리오시고 맛도 좋았어요 잘 먹고갑니다","polarity":{"com":0.0035035035005839175,"pos":0.782641212797107,"neg":0.18377234369729542,"neut":0.021914771836985796,"none":0.008168168168028027},"intensity":{"high":0.05685685683333334,"low":0.06139997133333333,"meium":0.8735750036666667,"none":0.008168168166666667},"expressive":{"dir-action":0.002502502500417083,"dir-explicit":0.2771056770461842,"dir-speech":0.4435292435739215,"indirect":0.2676934077112822,"writing-device":0.009169169168194859}},{"id":"피자 치킨 이야기CESCO","permalink":"","username":"asdfg","text":"고구마피자 맛나게 잘먹고 톡쓰네요","date":"Mon Dec 10 23:59:44 +0000 2018","retweets":"30","favorites":"20","mentions":[],"hashtags":[],"geo":"","raw":"고구마피자 맛나게 잘먹고 톡쓰네요","polarity":{"com":0,"pos":0.6753246753376623,"neg":0.24350649362175322,"neut":0.08116883104058442,"none":0},"intensity":{"high":0.0454545455,"low":0.15259740249999998,"meium":0.801948052,"none":0},"expressive":{"dir-action":0.045454545500000006,"dir-explicit":0.1525974025,"dir-speech":0.34415584400000004,"indirect":0.45779220800000003,"writing-device":0}},{"id":"피자 치킨 이야기CESCO","permalink":"","username":"asdfg","text":"토핑이 넉넉하니 좋네요","date":"Mon Dec 10 23:59:44 +0000 2018","retweets":"30","favorites":"20","mentions":[],"hashtags":[],"geo":"","raw":"토핑이 넉넉하니 좋네요","polarity":{"com":0.018287009333333337,"pos":0.6547768916666667,"neg":0.26227831333333335,"neut":0.04037958666666667,"none":0.024278199},"intensity":{"high":0.13994699537998231,"low":0.08541422469513807,"meium":0.747891151249297,"none":0.02674762867558254},"expressive":{"dir-action":0.00246942966748981,"dir-explicit":0.44213640948071214,"dir-speech":0.21710785673903596,"indirect":0.31153867543717956,"writing-device":0.026747628675582544}},{"id":"피자 치킨 이야기CESCO","permalink":"","username":"asdfg","text":"굿 맛있음.\n언제나 평타이상","date":"Mon Dec 10 23:59:44 +0000 2018","retweets":"30","favorites":"20","mentions":[],"hashtags":[],"geo":"","raw":"굿 맛있음.\n언제나 평타이상","polarity":{"com":0,"pos":0.7222222223333333,"neg":0.16666666666666666,"neut":0,"none":0.111111111},"intensity":{"high":0,"low":0,"meium":0.888888889,"none":0.111111111},"expressive":{"dir-action":0,"dir-explicit":0.11111111103703702,"dir-speech":0.1666666667222222,"indirect":0.6111111112037036,"writing-device":0.11111111103703702}},{"id":"피자 치킨 이야기CESCO","permalink":"","username":"asdfg","text":"맛잇어용 감사합니다앙","date":"Mon Dec 10 23:59:44 +0000 2018","retweets":"30","favorites":"20","mentions":[],"hashtags":[],"geo":"","raw":"맛잇어용 감사합니다앙","polarity":{"com":0,"pos":1,"neg":0,"neut":0,"none":0},"intensity":{"high":0.5,"low":0,"meium":0.5,"none":0},"expressive":{"dir-action":0,"dir-explicit":0,"dir-speech":1,"indirect":0,"writing-device":0}},{"id":"피자 치킨 이야기CESCO","permalink":"","username":"asdfg","text":"굿 진짜 괜찬은집\n피자맛도 독특하고 토핑도 \n많이 주네요.","date":"Mon Dec 10 23:59:44 +0000 2018","retweets":"30","favorites":"20","mentions":[],"hashtags":[],"geo":"","raw":"굿 진짜 괜찬은집\n피자맛도 독특하고 토핑도 \n많이 주네요.","polarity":{"com":0,"pos":0.9,"neg":0.1,"neut":0,"none":0},"intensity":{"high":0,"low":0.23333333339999998,"meium":0.7666666666,"none":0},"expressive":{"dir-action":0,"dir-explicit":0,"dir-speech":0.6,"indirect":0.4,"writing-device":0}},{"id":"피자 치킨 이야기CESCO","permalink":"","username":"asdfg","text":"맛있어욤^^\n생각보다 푸짐하네요 토핑이\n도우도 맛있음","date":"Mon Dec 10 23:59:44 +0000 2018","retweets":"30","favorites":"20","mentions":[],"hashtags":[],"geo":"","raw":"맛있어욤^^\n생각보다 푸짐하네요 토핑이\n도우도 맛있음","polarity":{"com":0.010972205600000002,"pos":0.283866135,"neg":0.6160336546,"neut":0.07422775200000001,"none":0.0149002528},"intensity":{"high":0.06063486381212698,"low":0.0932485348186497,"meium":0.8297346907659469,"none":0.016381910603276383},"expressive":{"dir-action":0.0014816578002963313,"dir-explicit":0.22028184564405634,"dir-speech":0.5819313807163862,"indirect":0.1799232052359846,"writing-device":0.01638191060327638}}]