[{"id":"빨간모자피자 명일점CESCO","permalink":"","username":"asdfg","text":"아주 맛있네요 만족합니다","date":"Mon Dec 10 23:59:44 +0000 2018","retweets":"30","favorites":"20","mentions":[],"hashtags":[],"geo":"","raw":"아주 맛있네요 만족합니다","polarity":{"com":0,"pos":0.375,"neg":0.625,"neut":0,"none":0},"intensity":{"high":0.125,"low":0,"meium":0.875,"none":0},"expressive":{"dir-action":0,"dir-explicit":0.5,"dir-speech":0.125,"indirect":0.375,"writing-device":0}},{"id":"빨간모자피자 명일점CESCO","permalink":"","username":"asdfg","text":"토핑이 약한거에비해 빵이 넘 두껍네요. 느끼해요리코타 피자는 맛있엇는데...","date":"Mon Dec 10 23:59:44 +0000 2018","retweets":"30","favorites":"20","mentions":[],"hashtags":[],"geo":"","raw":"토핑이 약한거에비해 빵이 넘 두껍네요. 느끼해요리코타 피자는 맛있엇는데...","polarity":{"com":0.0055768714450640956,"pos":0.5072563790563618,"neg":0.40753555348972614,"neut":0.02969053222552117,"none":0.04994066378332673},"intensity":{"high":0.07154716856350524,"low":0.13182031779242448,"meium":0.7459634249717737,"none":0.05066908867229657},"expressive":{"dir-action":0.001206322111245147,"dir-explicit":0.2763117300307013,"dir-speech":0.24324338558258263,"indirect":0.37148919826349885,"writing-device":0.10774936401197216}},{"id":"빨간모자피자 명일점CESCO","permalink":"","username":"asdfg","text":"처음 시켜봤는데 맛있네요. 피자도우나 재료들 다 좋아요.","date":"Mon Dec 10 23:59:44 +0000 2018","retweets":"30","favorites":"20","mentions":[],"hashtags":[],"geo":"","raw":"처음 시켜봤는데 맛있네요. 피자도우나 재료들 다 좋아요.","polarity":{"com":0.03579710139284058,"pos":0.4169192545166161,"neg":0.40332091111933577,"neut":0.02024844719595031,"none":0.12371428577525716},"intensity":{"high":0.07436853,"low":0.0627412008,"meium":0.7362774326,"none":0.12661283660000003},"expressive":{"dir-action":0,"dir-explicit":0.2490683229501863,"dir-speech":0.4987577639002484,"indirect":0.12988819877402233,"writing-device":0.12228571437554284}},{"id":"빨간모자피자 명일점CESCO","permalink":"","username":"asdfg","text":"피자랑 올리브 많아서 좋았어요 ㅎㅎ","date":"Mon Dec 10 23:59:44 +0000 2018","retweets":"30","favorites":"20","mentions":[],"hashtags":[],"geo":"","raw":"피자랑 올리브 많아서 좋았어요 ㅎㅎ","polarity":{"com":0,"pos":0.6556521740000001,"neg":0.3026086955,"neut":0.0217391305,"none":0.02},"intensity":{"high":0.23043478261521738,"low":0.1286956520643478,"meium":0.6208695653104348,"none":0.020000000009999998},"expressive":{"dir-action":0,"dir-explicit":0.5608695652804347,"dir-speech":0.20869565210434782,"indirect":0.21043478260521742,"writing-device":0.020000000009999998}},{"id":"빨간모자피자 명일점CESCO","permalink":"","username":"asdfg","text":"너무맛잇어요 대신에 양이..","date":"Mon Dec 10 23:59:44 +0000 2018","retweets":"30","favorites":"20","mentions":[],"hashtags":[],"geo":"","raw":"너무맛잇어요 대신에 양이..","polarity":{"com":0.142857143,"pos":0.142857143,"neg":0.714285714,"neut":0,"none":0},"intensity":{"high":0.142857143,"low":0.142857143,"meium":0.714285714,"none":0},"expressive":{"dir-action":0,"dir-explicit":0.5714285710000001,"dir-speech":0.28571428600000004,"indirect":0.14285714300000002,"writing-device":0}},{"id":"빨간모자피자 명일점CESCO","permalink":"","username":"asdfg","text":"너무 너무 맛있어요굿","date":"Mon Dec 10 23:59:44 +0000 2018","retweets":"30","favorites":"20","mentions":[],"hashtags":[],"geo":"","raw":"너무 너무 맛있어요굿","polarity":{"com":0.047619047666666664,"pos":0.380952381,"neg":0.5714285713333332,"neut":0,"none":0},"intensity":{"high":0.047619047666666664,"low":0.047619047666666664,"meium":0.9047619046666666,"none":0},"expressive":{"dir-action":0,"dir-explicit":0.19047619033333332,"dir-speech":0.42857142866666664,"indirect":0.380952381,"writing-device":0}},{"id":"빨간모자피자 명일점CESCO","permalink":"","username":"asdfg","text":"맛나요 맛나 피자!","date":"Mon Dec 10 23:59:44 +0000 2018","retweets":"30","favorites":"20","mentions":[],"hashtags":[],"geo":"","raw":"맛나요 맛나 피자!","polarity":{"com":0,"pos":1,"neg":0,"neut":0,"none":0},"intensity":{"high":0,"low":0,"meium":1,"none":0},"expressive":{"dir-action":0,"dir-explicit":0,"dir-speech":1,"indirect":0,"writing-device":0}},{"id":"빨간모자피자 명일점CESCO","permalink":"","username":"asdfg","text":"불고기가 맛있습니다. 직접 양념을 해서 그런지 다른 피자집들과 다릅니다","date":"Mon Dec 10 23:59:44 +0000 2018","retweets":"30","favorites":"20","mentions":[],"hashtags":[],"geo":"","raw":"불고기가 맛있습니다. 직접 양념을 해서 그런지 다른 피자집들과 다릅니다","polarity":{"com":0.0035714286007142854,"pos":0.3321428572664286,"neg":0.5642857143128572,"neut":0.030357142806071425,"none":0.06964285701392857},"intensity":{"high":0.12738095239999997,"low":0.11666666679999997,"meium":0.6845238093999999,"none":0.07142857139999999},"expressive":{"dir-action":0,"dir-explicit":0.3488095238697619,"dir-speech":0.42916666668583336,"indirect":0.1523809524304762,"writing-device":0.06964285701392857}},{"id":"빨간모자피자 명일점CESCO","permalink":"","username":"asdfg","text":"독특한 맛!!!!잘 먹었습니다","date":"Mon Dec 10 23:59:44 +0000 2018","retweets":"30","favorites":"20","mentions":[],"hashtags":[],"geo":"","raw":"독특한 맛!!!!잘 먹었습니다","polarity":{"com":0,"pos":0.9047619049682539,"neg":0.07142857135714285,"neut":0.023809523674603175,"none":0},"intensity":{"high":0,"low":0.07142857133333333,"meium":0.9285714286666668,"none":0},"expressive":{"dir-action":0,"dir-explicit":0.07142857133333333,"dir-speech":0.380952381,"indirect":0.5476190476666667,"writing-device":0}},{"id":"빨간모자피자 명일점CESCO","permalink":"","username":"asdfg","text":"주문도빠르고 피자도 넘맛있어요.온가족 맛있게 잘먹었어요~28개월 아들도 큰한조각뚝딱ㅋㅋㅋ","date":"Mon Dec 10 23:59:44 +0000 2018","retweets":"30","favorites":"20","mentions":[],"hashtags":[],"geo":"","raw":"주문도빠르고 피자도 넘맛있어요.온가족 맛있게 잘먹었어요~28개월 아들도 큰한조각뚝딱ㅋㅋㅋ","polarity":{"com":0.0008928571252232143,"pos":0.4827380952456845,"neg":0.409523809602381,"neut":0.010714285627678571,"none":0.09613095239903273},"intensity":{"high":0.042857142875000004,"low":0.082738095125,"meium":0.778273809625,"none":0.096130952375},"expressive":{"dir-action":0,"dir-explicit":0.2,"dir-speech":0.4220238095,"indirect":0.28273809525,"writing-device":0.09523809525}},{"id":"빨간모자피자 명일점CESCO","permalink":"","username":"asdfg","text":"크~토핑 실하고~스파게티 알차다잉ㅋ 오늘도 맛나게 잘 묵겠습니다ㅋㅋㅋ","date":"Mon Dec 10 23:59:44 +0000 2018","retweets":"30","favorites":"20","mentions":[],"hashtags":[],"geo":"","raw":"크~토핑 실하고~스파게티 알차다잉ㅋ 오늘도 맛나게 잘 묵겠습니다ㅋㅋㅋ","polarity":{"com":0.008832565336277522,"pos":0.48156682016052227,"neg":0.2985151050995051,"neut":0.05652841768550947,"none":0.1545570917181857},"intensity":{"high":0.09421402966666666,"low":0.14823348666666666,"meium":0.602278546,"none":0.15527393766666667},"expressive":{"dir-action":0.0021505376659498206,"dir-explicit":0.23799283158733572,"dir-speech":0.24582693291805768,"indirect":0.36185355854604884,"writing-device":0.15217613928260795}},{"id":"빨간모자피자 명일점CESCO","permalink":"","username":"asdfg","text":"너무맛있어요ㅎ","date":"Mon Dec 10 23:59:44 +0000 2018","retweets":"30","favorites":"20","mentions":[],"hashtags":[],"geo":"","raw":"너무맛있어요ㅎㅎㅎㅎㅎㅎㅎㅎㅎㅎㅎㅎㅎㅎㅎㅎㅎㅎㅎㅎㅎㅎㅎㅎㅎㅎㅎㅎㅎㅎㅎㅎ","polarity":{"com":0.142857143,"pos":0.142857143,"neg":0.714285714,"neut":0,"none":0},"intensity":{"high":0.142857143,"low":0.142857143,"meium":0.714285714,"none":0},"expressive":{"dir-action":0,"dir-explicit":0.5714285710000001,"dir-speech":0.28571428600000004,"indirect":0.14285714300000002,"writing-device":0}},{"id":"빨간모자피자 명일점CESCO","permalink":"","username":"asdfg","text":"None","date":"Mon Dec 10 23:59:44 +0000 2018","retweets":"30","favorites":"20","mentions":[],"hashtags":[],"geo":"","raw":"ㅅㅅㅅㅅㅅㅅㅅㅅㅅㅅㅅㅅㅅㅅㅅㅅㅅㄱㄱㄱㄱㄱㄱㄱㄱㄱㄱㄱㄱㄱㄱㄱㄱㄱㄱㄱㄱㄱㄱㄱ","polarity":{"com":null,"pos":null,"neg":null,"neut":null,"none":null},"intensity":{"high":null,"low":null,"meium":null,"none":null},"expressive":{"dir-action":null,"dir-explicit":null,"dir-speech":null,"indirect":null,"writing-device":null}},{"id":"빨간모자피자 명일점CESCO","permalink":"","username":"asdfg","text":"이게 한셋이라니 가성비 대박ㅋ 서비스 감자도 잘먹겠습니당. 명절인데 고생 많으시네요. 새해 복 많이 받으세요~","date":"Mon Dec 10 23:59:44 +0000 2018","retweets":"30","favorites":"20","mentions":[],"hashtags":[],"geo":"","raw":"이게 한셋이라니 가성비 대박ㅋ 서비스 감자도 잘먹겠습니당. 명절인데 고생 많으시네요. 새해 복 많이 받으세요~","polarity":{"com":0.0058771656666666665,"pos":0.35836852666666674,"neg":0.46855790488888893,"neut":0.059299978222222216,"none":0.10789642455555555},"intensity":{"high":0.2067387634022462,"low":0.27274129675758035,"meium":0.41262351524865226,"none":0.10789642459152102},"expressive":{"dir-action":0,"dir-explicit":0.22094435199999998,"dir-speech":0.45268169044444434,"indirect":0.2149138853333333,"writing-device":0.11146007222222219}},{"id":"빨간모자피자 명일점CESCO","permalink":"","username":"asdfg","text":"피자는 진짜 여기 따라오는데가 없는듯","date":"Mon Dec 10 23:59:44 +0000 2018","retweets":"30","favorites":"20","mentions":[],"hashtags":[],"geo":"","raw":"피자는 진짜 여기 따라오는데가 없는듯","polarity":{"com":0.003883495200776699,"pos":0.40426876248085375,"neg":0.4200339036840068,"neut":0.02875635680575127,"none":0.1430574818286115},"intensity":{"high":0.08434273396626292,"low":0.10036985675985206,"meium":0.6702881799318847,"none":0.14499922934200032},"expressive":{"dir-action":0,"dir-explicit":0.1505162584,"dir-speech":0.47605178,"indirect":0.2213746338,"writing-device":0.1520573278}},{"id":"빨간모자피자 명일점CESCO","permalink":"","username":"asdfg","text":"맛있쪄여 뿌우!!!!","date":"Mon Dec 10 23:59:44 +0000 2018","retweets":"30","favorites":"20","mentions":[],"hashtags":[],"geo":"","raw":"맛있쪄여 뿌우!!!!","polarity":{"com":null,"pos":null,"neg":null,"neut":null,"none":null},"intensity":{"high":null,"low":null,"meium":null,"none":null},"expressive":{"dir-action":null,"dir-explicit":null,"dir-speech":null,"indirect":null,"writing-device":null}},{"id":"빨간모자피자 명일점CESCO","permalink":"","username":"asdfg","text":"오 첫 주문이었는데 미국살때 먹던 피자맛이랑 상당히 비슷해서 놀랐네요. 잘먹었습니다~ 자주 시킬게요!","date":"Mon Dec 10 23:59:44 +0000 2018","retweets":"30","favorites":"20","mentions":[],"hashtags":[],"geo":"","raw":"오 첫 주문이었는데 미국살때 먹던 피자맛이랑 상당히 비슷해서 놀랐네요. 잘먹었습니다~ 자주 시킬게요!","polarity":{"com":0,"pos":0.6539888682857142,"neg":0.11827458257142855,"neut":0.22773654914285713,"none":0},"intensity":{"high":0.012987013,"low":0.24814471242857142,"meium":0.7388682745714287,"none":0},"expressive":{"dir-action":0,"dir-explicit":0.23515769942857143,"dir-speech":0.5301484230000001,"indirect":0.2346938775714286,"writing-device":0}},{"id":"빨간모자피자 명일점CESCO","permalink":"","username":"asdfg","text":"맛있어서 울었어요ㅜㅜ","date":"Mon Dec 10 23:59:44 +0000 2018","retweets":"30","favorites":"20","mentions":[],"hashtags":[],"geo":"","raw":"맛있어서 울었어요ㅜㅜ","polarity":{"com":0.125,"pos":0.125,"neg":0.75,"neut":0,"none":0},"intensity":{"high":0,"low":0.125,"meium":0.875,"none":0},"expressive":{"dir-action":0.25,"dir-explicit":0,"dir-speech":0.625,"indirect":0.125,"writing-device":0}},{"id":"빨간모자피자 명일점CESCO","permalink":"","username":"asdfg","text":"맛있어서 울었어요ㅜㅜ","date":"Mon Dec 10 23:59:44 +0000 2018","retweets":"30","favorites":"20","mentions":[],"hashtags":[],"geo":"","raw":"맛있어서 울었어요ㅜㅜ","polarity":{"com":0.125,"pos":0.125,"neg":0.75,"neut":0,"none":0},"intensity":{"high":0,"low":0.125,"meium":0.875,"none":0},"expressive":{"dir-action":0.25,"dir-explicit":0,"dir-speech":0.625,"indirect":0.125,"writing-device":0}},{"id":"빨간모자피자 명일점CESCO","permalink":"","username":"asdfg","text":"주문도 빨리오고 좋네요","date":"Mon Dec 10 23:59:44 +0000 2018","retweets":"30","favorites":"20","mentions":[],"hashtags":[],"geo":"","raw":"주문도 빨리오고 좋네요","polarity":{"com":0,"pos":0.8066666666666666,"neg":0.18000000000000002,"neut":0,"none":0.013333333333333334},"intensity":{"high":0.06666666666666667,"low":0.013333333333333334,"meium":0.9066666666666666,"none":0.013333333333333334},"expressive":{"dir-action":0,"dir-explicit":0.7,"dir-speech":0.06666666666666667,"indirect":0.21999999999999997,"writing-device":0.013333333333333332}},{"id":"빨간모자피자 명일점CESCO","permalink":"","username":"asdfg","text":"맛있게 잘먹었습니다 스파게티도 맛있네요 ","date":"Mon Dec 10 23:59:44 +0000 2018","retweets":"30","favorites":"20","mentions":[],"hashtags":[],"geo":"","raw":"맛있게 잘먹었습니다 스파게티도 맛있네요 ","polarity":{"com":0.0023809523341269843,"pos":0.3095238094365079,"neg":0.5142857145047619,"neut":0.028571428342857145,"none":0.14523809538174604},"intensity":{"high":0.04761904766666666,"low":0.10952380933333332,"meium":0.6976190476666666,"none":0.14523809533333332},"expressive":{"dir-action":0,"dir-explicit":0.13333333328888888,"dir-speech":0.48095238083968256,"indirect":0.24285714291904759,"writing-device":0.14285714295238094}},{"id":"빨간모자피자 명일점CESCO","permalink":"","username":"asdfg","text":"치즈가 맛이 이상함 나머진 괜찮","date":"Mon Dec 10 23:59:44 +0000 2018","retweets":"30","favorites":"20","mentions":[],"hashtags":[],"geo":"","raw":"치즈가 맛이 이상함 나머진 괜찮","polarity":{"com":0.016231382333333336,"pos":0.614144116,"neg":0.3016047826666667,"neut":0.056154289999999996,"none":0.011865428999999997},"intensity":{"high":0.08881371936293792,"low":0.07976714902658906,"meium":0.8151090832717031,"none":0.016310048338770016},"expressive":{"dir-action":0.0014684286671561425,"dir-explicit":0.5963656388654551,"dir-speech":0.22457782674152596,"indirect":0.1642542480547514,"writing-device":0.013333857671111284}},{"id":"빨간모자피자 명일점CESCO","permalink":"","username":"asdfg","text":"ㅋㅋㅋ 불고기 다타서왔네요..반죽은 다말라서왔구해놓으신지 1시간은돼서온 느낌입니다솔찍히 이런얘기잘안쓰는사람인데..해도해도 너무하네요...이런겨을에는 최소한 피자를비닐에 싸서보내야 적어도 식지는않을것 같네요..","date":"Mon Dec 10 23:59:44 +0000 2018","retweets":"30","favorites":"20","mentions":[],"hashtags":[],"geo":"","raw":"ㅋㅋㅋ 불고기 다타서왔네요..반죽은 다말라서왔구해놓으신지 1시간은돼서온 느낌입니다솔찍히 이런얘기잘안쓰는사람인데..해도해도 너무하네요...이런겨을에는 최소한 피자를비닐에 싸서보내야 적어도 식지는않을것 같네요..","polarity":{"com":0.05353229842857143,"pos":0.46123847709523824,"neg":0.2720830926666667,"neut":0.11161696242857143,"none":0.10152916938095237},"intensity":{"high":0.11421945616328105,"low":0.12524462173208462,"meium":0.6579120619862115,"none":0.1026238601184229},"expressive":{"dir-action":0.0017013028566567705,"dir-explicit":0.2503514460237091,"dir-speech":0.4950509426680807,"indirect":0.14447109986348444,"writing-device":0.108425208588069}},{"id":"빨간모자피자 명일점CESCO","permalink":"","username":"asdfg","text":"맛있게 잘먹었습니다~~~","date":"Mon Dec 10 23:59:44 +0000 2018","retweets":"30","favorites":"20","mentions":[],"hashtags":[],"geo":"","raw":"맛있게 잘먹었습니다~~~","polarity":{"com":0,"pos":0.35714285717857136,"neg":0.6071428573035714,"neut":0.03571428551785714,"none":0},"intensity":{"high":0,"low":0.107142857,"meium":0.8928571430000001,"none":0},"expressive":{"dir-action":0,"dir-explicit":0.107142857,"dir-speech":0.5714285715,"indirect":0.3214285715,"writing-device":0}},{"id":"빨간모자피자 명일점CESCO","permalink":"","username":"asdfg","text":"포테이토 씬도우  처음 먹었는데요 도우가 얇아 더욱 맛있네요 늘 토핑들이 짜지 않아서 좋네요 맛있게 잘먹었어요","date":"Mon Dec 10 23:59:44 +0000 2018","retweets":"30","favorites":"20","mentions":[],"hashtags":[],"geo":"","raw":"포테이토 씬도우  처음 먹었는데요 도우가 얇아 더욱 맛있네요 늘 토핑들이 짜지 않아서 좋네요 맛있게 잘먹었어요","polarity":{"com":0.04269237911111111,"pos":0.5117761997777778,"neg":0.34952473777777776,"neut":0.024300334111111113,"none":0.07170634922222223},"intensity":{"high":0.2164462081111111,"low":0.07624895566666666,"meium":0.6346064234444444,"none":0.07269841277777779},"expressive":{"dir-action":0,"dir-explicit":0.3690592221402091,"dir-speech":0.35260025058831107,"indirect":0.2074278288427938,"writing-device":0.07091269842868606}},{"id":"빨간모자피자 명일점CESCO","permalink":"","username":"asdfg","text":"늘 맛있게 먹고 있네요  짜지않아서  이번  가든스페셜은 야채랑 골고루 들어가서아이 간식으로 괜찮아요 수고하세요 크리스마스때 바쁘시겠지만 메리크리스마스 되셨으면 합니다","date":"Mon Dec 10 23:59:44 +0000 2018","retweets":"30","favorites":"20","mentions":[],"hashtags":[],"geo":"","raw":"늘 맛있게 먹고 있네요  짜지않아서  이번  가든스페셜은 야채랑 골고루 들어가서아이 간식으로 괜찮아요 수고하세요 크리스마스때 바쁘시겠지만 메리크리스마스 되셨으면 합니다","polarity":{"com":0.009449686663516772,"pos":0.37523327443047777,"neg":0.531335361600666,"neut":0.05221452420481738,"none":0.03176715310052206},"intensity":{"high":0.0737711849918032,"low":0.1084799022101689,"meium":0.7847046204683662,"none":0.033044292329661745},"expressive":{"dir-action":0.0012771392222222222,"dir-explicit":0.3793307304444445,"dir-speech":0.4898552638888889,"indirect":0.08974542366666666,"writing-device":0.039791442777777776}},{"id":"빨간모자피자 명일점CESCO","permalink":"","username":"asdfg","text":"맛있게잘먹었습니다^^","date":"Mon Dec 10 23:59:44 +0000 2018","retweets":"30","favorites":"20","mentions":[],"hashtags":[],"geo":"","raw":"맛있게잘먹었습니다^^","polarity":{"com":0,"pos":0.35714285717857136,"neg":0.6071428573035714,"neut":0.03571428551785714,"none":0},"intensity":{"high":0,"low":0.107142857,"meium":0.8928571430000001,"none":0},"expressive":{"dir-action":0,"dir-explicit":0.107142857,"dir-speech":0.5714285715,"indirect":0.3214285715,"writing-device":0}},{"id":"빨간모자피자 명일점CESCO","permalink":"","username":"asdfg","text":"배달이 늦고.....식어서 걍 그렇네요.....","date":"Mon Dec 10 23:59:44 +0000 2018","retweets":"30","favorites":"20","mentions":[],"hashtags":[],"geo":"","raw":"배달이 늦고.....식어서 걍 그렇네요.....","polarity":{"com":0,"pos":0.625,"neg":0.25,"neut":0,"none":0.125},"intensity":{"high":0.1666666665,"low":0.0833333335,"meium":0.625,"none":0.125},"expressive":{"dir-action":0,"dir-explicit":0.04166666652083333,"dir-speech":0.6666666668333334,"indirect":0.16666666658333334,"writing-device":0.1250000000625}},{"id":"빨간모자피자 명일점CESCO","permalink":"","username":"asdfg","text":"특이했습니다. 맛이또 먹고 싶네요","date":"Mon Dec 10 23:59:44 +0000 2018","retweets":"30","favorites":"20","mentions":[],"hashtags":[],"geo":"","raw":"특이했습니다. 맛이또 먹고 싶네요","polarity":{"com":0,"pos":0.7142857140952381,"neg":0.14285714295238094,"neut":0,"none":0.14285714295238094},"intensity":{"high":0,"low":0.3333333333333333,"meium":0.5238095236666667,"none":0.142857143},"expressive":{"dir-action":0,"dir-explicit":0.047619047666666664,"dir-speech":0.42857142866666664,"indirect":0.3333333333333333,"writing-device":0.19047619033333332}},{"id":"빨간모자피자 명일점CESCO","permalink":"","username":"asdfg","text":"맛있어요 파인애플이 들어가니 쫌 느끼한부분을 상큼하게 잡아주니 맛나네요 추운날 조심히 안전운전하세요 ^^","date":"Mon Dec 10 23:59:44 +0000 2018","retweets":"30","favorites":"20","mentions":[],"hashtags":[],"geo":"","raw":"맛있어요 파인애플이 들어가니 쫌 느끼한부분을 상큼하게 잡아주니 맛나네요 추운날 조심히 안전운전하세요 ^^","polarity":{"com":0.06647109899999999,"pos":0.35256359111111113,"neg":0.43398104644444446,"neut":0.13756030677777778,"none":0.009423956666666667},"intensity":{"high":0.08041556067560172,"low":0.15738397668415377,"meium":0.7513807470834866,"none":0.010819715556757743},"expressive":{"dir-action":0.0018736561115274793,"dir-explicit":0.27067037428237123,"dir-speech":0.40770784997949067,"indirect":0.3091673527353705,"writing-device":0.01058076689124017}},{"id":"빨간모자피자 명일점CESCO","permalink":"","username":"asdfg","text":"마싯어용 배달도빠르고짱짱","date":"Mon Dec 10 23:59:44 +0000 2018","retweets":"30","favorites":"20","mentions":[],"hashtags":[],"geo":"","raw":"마싯어용 배달도빠르고짱짱","polarity":{"com":0,"pos":1,"neg":0,"neut":0,"none":0},"intensity":{"high":0,"low":0.1666666665,"meium":0.8333333334999999,"none":0},"expressive":{"dir-action":0,"dir-explicit":0,"dir-speech":0.5,"indirect":0.5,"writing-device":0}},{"id":"빨간모자피자 명일점CESCO","permalink":"","username":"asdfg","text":"맛있어요씹 ㅅㅌㅊ ","date":"Mon Dec 10 23:59:44 +0000 2018","retweets":"30","favorites":"20","mentions":[],"hashtags":[],"geo":"","raw":"맛있어요씹 ㅅㅌㅊ ","polarity":{"com":null,"pos":null,"neg":null,"neut":null,"none":null},"intensity":{"high":null,"low":null,"meium":null,"none":null},"expressive":{"dir-action":null,"dir-explicit":null,"dir-speech":null,"indirect":null,"writing-device":null}},{"id":"빨간모자피자 명일점CESCO","permalink":"","username":"asdfg","text":"2틀전에 가족들 시켜드리고  난 외출하고 어제 냉장보관된거 렌지에 데워 먹었는데 꽤맛있던데요 피클도 맘에듬 가족들 물어보니 괜찮다하시더라구요 부모님이시기에 괜찮다가 칭찬임ㅎㅎ 수고하세요","date":"Mon Dec 10 23:59:44 +0000 2018","retweets":"30","favorites":"20","mentions":[],"hashtags":[],"geo":"","raw":"2틀전에 가족들 시켜드리고  난 외출하고 어제 냉장보관된거 렌지에 데워 먹었는데 꽤맛있던데요 피클도 맘에듬 가족들 물어보니 괜찮다하시더라구요 부모님이시기에 괜찮다가 칭찬임ㅎㅎ 수고하세요","polarity":{"com":0.021030467562500002,"pos":0.47217804425000004,"neg":0.4247411355625,"neut":0.0328784635,"none":0.04917188912499999},"intensity":{"high":0.122600134015325,"low":0.09311662982413957,"meium":0.7321617614665201,"none":0.05212147469401519},"expressive":{"dir-action":0.0018001728127250217,"dir-explicit":0.24017359646752176,"dir-speech":0.3352554529169069,"indirect":0.3403648144800456,"writing-device":0.08240596332280073}},{"id":"빨간모자피자 명일점CESCO","permalink":"","username":"asdfg","text":"피자 맛있게잘먹었어요~","date":"Mon Dec 10 23:59:44 +0000 2018","retweets":"30","favorites":"20","mentions":[],"hashtags":[],"geo":"","raw":"피자 맛있게잘먹었어요~","polarity":{"com":0,"pos":0.35714285717857136,"neg":0.6071428573035714,"neut":0.03571428551785714,"none":0},"intensity":{"high":0,"low":0.107142857,"meium":0.8928571430000001,"none":0},"expressive":{"dir-action":0,"dir-explicit":0.107142857,"dir-speech":0.5714285715,"indirect":0.3214285715,"writing-device":0}},{"id":"빨간모자피자 명일점CESCO","permalink":"","username":"asdfg","text":"엄청맛있습니다 강추","date":"Mon Dec 10 23:59:44 +0000 2018","retweets":"30","favorites":"20","mentions":[],"hashtags":[],"geo":"","raw":"엄청맛있습니다 강추","polarity":{"com":0,"pos":0,"neg":1,"neut":0,"none":0},"intensity":{"high":0,"low":0,"meium":1,"none":0},"expressive":{"dir-action":0,"dir-explicit":0,"dir-speech":1,"indirect":0,"writing-device":0}},{"id":"빨간모자피자 명일점CESCO","permalink":"","username":"asdfg","text":"맛있네여 . . . . . . . . \n","date":"Mon Dec 10 23:59:44 +0000 2018","retweets":"30","favorites":"20","mentions":[],"hashtags":[],"geo":"","raw":"맛있네여 . . . . . . . . \n","polarity":{"com":0,"pos":0,"neg":1,"neut":0,"none":0},"intensity":{"high":0,"low":0,"meium":1,"none":0},"expressive":{"dir-action":0,"dir-explicit":0,"dir-speech":1,"indirect":0,"writing-device":0}},{"id":"빨간모자피자 명일점CESCO","permalink":"","username":"asdfg","text":"파스타가 좀달아요 ㅠㅠ 씬피자시켯는데 좀덜바삭하기두하구 ㅠ 부분부분 두꺼워요 ㅠ ","date":"Mon Dec 10 23:59:44 +0000 2018","retweets":"30","favorites":"20","mentions":[],"hashtags":[],"geo":"","raw":"파스타가 좀달아요 ㅠㅠ 씬피자시켯는데 좀덜바삭하기두하구 ㅠ 부분부분 두꺼워요 ㅠ ","polarity":{"com":0.004193056571428571,"pos":0.361793338,"neg":0.46189303314285707,"neut":0.09276037999999999,"none":0.0793601922857143},"intensity":{"high":0.16318906883383014,"low":0.1333685198380902,"meium":0.6211646726255479,"none":0.08227773870253174},"expressive":{"dir-action":0.0016420361430917194,"dir-explicit":0.23370279146195758,"dir-speech":0.4418513957774074,"indirect":0.23851747603407392,"writing-device":0.08428630058346948}},{"id":"빨간모자피자 명일점CESCO","permalink":"","username":"asdfg","text":"맛나네여   가격대비 음료수서비스가 같이 있었으면 좋겠네여?","date":"Mon Dec 10 23:59:44 +0000 2018","retweets":"30","favorites":"20","mentions":[],"hashtags":[],"geo":"","raw":"맛나네여   가격대비 음료수서비스가 같이 있었으면 좋겠네여?","polarity":{"com":0,"pos":0.884,"neg":0.10800000000000001,"neut":0,"none":0.008},"intensity":{"high":0.13999999999999999,"low":0.308,"meium":0.5439999999999999,"none":0.008},"expressive":{"dir-action":0,"dir-explicit":0.12,"dir-speech":0.33999999999999997,"indirect":0.532,"writing-device":0.008}},{"id":"빨간모자피자 명일점CESCO","permalink":"","username":"asdfg","text":"피자 정말 맛있네여~~^^\n또 시커 먹을께여~~","date":"Mon Dec 10 23:59:44 +0000 2018","retweets":"30","favorites":"20","mentions":[],"hashtags":[],"geo":"","raw":"피자 정말 맛있네여~~^^\n또 시커 먹을께여~~","polarity":{"com":0,"pos":0.40873015853042327,"neg":0.36507936521164025,"neut":0,"none":0.2261904762579365},"intensity":{"high":0.20370370366666668,"low":0.074074074,"meium":0.49603174600000005,"none":0.22619047633333333},"expressive":{"dir-action":0,"dir-explicit":0.2883597883333333,"dir-speech":0.437830688,"indirect":0,"writing-device":0.27380952366666667}},{"id":"빨간모자피자 명일점CESCO","permalink":"","username":"asdfg","text":"라지 씬으로 먹었습니다. 밀가루 최대한 피하고 싶고, 가볍게 먹고 싶을때  씬.추천드립니다~~","date":"Mon Dec 10 23:59:44 +0000 2018","retweets":"30","favorites":"20","mentions":[],"hashtags":[],"geo":"","raw":"라지 씬으로 먹었습니다. 밀가루 최대한 피하고 싶고, 가볍게 먹고 싶을때  씬.추천드립니다~~","polarity":{"com":0.0027649769996050035,"pos":0.45901410407728377,"neg":0.4356654099377621,"neut":0.0985616534144912,"none":0.003993855570858022},"intensity":{"high":0.18374994171428571,"low":0.11904296414285712,"meium":0.6929060188571429,"none":0.004301075285714285},"expressive":{"dir-action":0.0009216590000000001,"dir-explicit":0.39622492200000003,"dir-speech":0.45262300428571434,"indirect":0.14623655914285716,"writing-device":0.003993855571428572}},{"id":"빨간모자피자 명일점CESCO","permalink":"","username":"asdfg","text":"엄청 맛있었어요 또 시켜먹을 것같아요","date":"Mon Dec 10 23:59:44 +0000 2018","retweets":"30","favorites":"20","mentions":[],"hashtags":[],"geo":"","raw":"엄청 맛있었어요 또 시켜먹을 것같아요","polarity":{"com":0,"pos":0.14177489167911253,"neg":0.6147186146926407,"neut":0.022727272738636364,"none":0.22077922088961038},"intensity":{"high":0.02777777775,"low":0.05555555549999999,"meium":0.69588744575,"none":0.220779221},"expressive":{"dir-action":0,"dir-explicit":0.1594516594601371,"dir-speech":0.5613275613596681,"indirect":0.02272727274431818,"writing-device":0.25649350643587665}},{"id":"빨간모자피자 명일점CESCO","permalink":"","username":"asdfg","text":"토핑이 많아 좋은데 제입맛엔 좀 짠듯..","date":"Mon Dec 10 23:59:44 +0000 2018","retweets":"30","favorites":"20","mentions":[],"hashtags":[],"geo":"","raw":"토핑이 많아 좋은데 제입맛엔 좀 짠듯..","polarity":{"com":0,"pos":0.44749206348949844,"neg":0.47625396829525085,"neut":0.019047619003809524,"none":0.05720634921144128},"intensity":{"high":0.04634920639073016,"low":0.1389523809722095,"meium":0.7574920634485015,"none":0.057206349188558735},"expressive":{"dir-action":0,"dir-explicit":0.3350793652,"dir-speech":0.48999999999999994,"indirect":0.1145396824,"writing-device":0.060380952399999986}},{"id":"빨간모자피자 명일점CESCO","permalink":"","username":"asdfg","text":"맛있어요 항상 시켜 먹는집","date":"Mon Dec 10 23:59:44 +0000 2018","retweets":"30","favorites":"20","mentions":[],"hashtags":[],"geo":"","raw":"맛있어요 항상 시켜 먹는집","polarity":{"com":0,"pos":0.45833333325000003,"neg":0.54166666675,"neut":0,"none":0},"intensity":{"high":0.02777777775,"low":0.09722222224999999,"meium":0.875,"none":0},"expressive":{"dir-action":0,"dir-explicit":0.1805555555,"dir-speech":0.8194444445,"indirect":0,"writing-device":0}},{"id":"빨간모자피자 명일점CESCO","permalink":"","username":"asdfg","text":"완전 맛잇어요! !! 수량 부족하셔서 텐더로 채워주셧는데 넉넉히 주셔서 완전 좋아요! 인심짱 맛도짱 !! 맞ㅎ은걸 혼자 맛잇어서 다먹은건 안비밀요!","date":"Mon Dec 10 23:59:44 +0000 2018","retweets":"30","favorites":"20","mentions":[],"hashtags":[],"geo":"","raw":"완전 맛잇어요! !! 수량 부족하셔서 텐더로 채워주셧는데 넉넉히 주셔서 완전 좋아요! 인심짱 맛도짱 !! 맞ㅎ은걸 혼자 맛잇어서 다먹은건 안비밀요!","polarity":{"com":0,"pos":0.4768831168523117,"neg":0.37636363636236364,"neut":0.009090909099090909,"none":0.13766233768623376},"intensity":{"high":0.03766233769623377,"low":0.05151515149484849,"meium":0.773160173122684,"none":0.1376623376862338},"expressive":{"dir-action":0,"dir-explicit":0.245129870150974,"dir-speech":0.31660173163667965,"indirect":0.29151515144169693,"writing-device":0.14675324677064935}},{"id":"빨간모자피자 명일점CESCO","permalink":"","username":"asdfg","text":"맛있어요  사업 번창하세요","date":"Mon Dec 10 23:59:44 +0000 2018","retweets":"30","favorites":"20","mentions":[],"hashtags":[],"geo":"","raw":"맛있어요  사업 번창하세요","polarity":{"com":0.006451612999999999,"pos":0.1720430106666667,"neg":0.7842293906666667,"neut":0.027956989333333335,"none":0.009318996333333334},"intensity":{"high":0.04659498199999999,"low":0.038709677333333324,"meium":0.9046594983333333,"none":0.010035842333333331},"expressive":{"dir-action":0.0021505376666666664,"dir-explicit":0.10465949833333332,"dir-speech":0.4315412186666666,"indirect":0.45232974899999995,"writing-device":0.009318996333333333}},{"id":"빨간모자피자 명일점CESCO","permalink":"","username":"asdfg","text":"맛있어요 ㅎㅎ 배달도 빠르고 좋네요ㅎ","date":"Mon Dec 10 23:59:44 +0000 2018","retweets":"30","favorites":"20","mentions":[],"hashtags":[],"geo":"","raw":"맛있어요 ㅎㅎ 배달도 빠르고 좋네요ㅎ","polarity":{"com":0,"pos":0.73,"neg":0.26,"neut":0,"none":0.01},"intensity":{"high":0.05,"low":0.09333333325,"meium":0.84666666675,"none":0.01},"expressive":{"dir-action":0,"dir-explicit":0.15,"dir-speech":0.55,"indirect":0.29,"writing-device":0.01}},{"id":"빨간모자피자 명일점CESCO","permalink":"","username":"asdfg","text":"매번 고구마피자만 먹다가 불고기피자 시켰는데 역시 믿고 먹는 빨모피자 !! ","date":"Mon Dec 10 23:59:44 +0000 2018","retweets":"30","favorites":"20","mentions":[],"hashtags":[],"geo":"","raw":"매번 고구마피자만 먹다가 불고기피자 시켰는데 역시 믿고 먹는 빨모피자 !! ","polarity":{"com":0,"pos":0.16666666654166667,"neg":0.6666666669166667,"neut":0.08333333327083334,"none":0.08333333327083334},"intensity":{"high":0.02777777775694444,"low":0.26388888881597217,"meium":0.6250000001562499,"none":0.08333333327083332},"expressive":{"dir-action":0,"dir-explicit":0.1388888887847222,"dir-speech":0.6527777779131944,"indirect":0.12500000003125,"writing-device":0.08333333327083332}},{"id":"빨간모자피자 명일점CESCO","permalink":"","username":"asdfg","text":"담백한게 입맛에  딱이네요\n종종 시켜먹을게요","date":"Mon Dec 10 23:59:44 +0000 2018","retweets":"30","favorites":"20","mentions":[],"hashtags":[],"geo":"","raw":"담백한게 입맛에  딱이네요\n종종 시켜먹을게요","polarity":{"com":0.008008007997330664,"pos":0.4435204435188265,"neg":0.47817047817394315,"neut":0.06229306231256897,"none":0.008008007997330655},"intensity":{"high":0.10071610066666666,"low":0.179025179,"meium":0.7112497113333333,"none":0.009009008999999993},"expressive":{"dir-action":0.0010010010000000003,"dir-explicit":0.2807422806666667,"dir-speech":0.5200585200000001,"indirect":0.18918918933333334,"writing-device":0.009009008999999995}},{"id":"빨간모자피자 명일점CESCO","permalink":"","username":"asdfg","text":"피자 정말 맛나게 먹었어요.","date":"Mon Dec 10 23:59:44 +0000 2018","retweets":"30","favorites":"20","mentions":[],"hashtags":[],"geo":"","raw":"피자 정말 맛나게 먹었어요.","polarity":{"com":0,"pos":0.5416666665000001,"neg":0.3333333335,"neut":0,"none":0.125},"intensity":{"high":0.3055555555,"low":0.111111111,"meium":0.4583333335,"none":0.125},"expressive":{"dir-action":0,"dir-explicit":0.361111111,"dir-speech":0.513888889,"indirect":0,"writing-device":0.125}},{"id":"빨간모자피자 명일점CESCO","permalink":"","username":"asdfg","text":"맛나서 끄엉 울었어요.","date":"Mon Dec 10 23:59:44 +0000 2018","retweets":"30","favorites":"20","mentions":[],"hashtags":[],"geo":"","raw":"맛나서 끄엉 울었어요.","polarity":{"com":0.125,"pos":0.625,"neg":0.25,"neut":0,"none":0},"intensity":{"high":0,"low":0.125,"meium":0.875,"none":0},"expressive":{"dir-action":0.25,"dir-explicit":0,"dir-speech":0.625,"indirect":0.125,"writing-device":0}},{"id":"빨간모자피자 명일점CESCO","permalink":"","username":"asdfg","text":"배달도빠르고짱맛있엇어요!","date":"Mon Dec 10 23:59:44 +0000 2018","retweets":"30","favorites":"20","mentions":[],"hashtags":[],"geo":"","raw":"배달도빠르고짱맛있엇어요!","polarity":{"com":0,"pos":1,"neg":0,"neut":0,"none":0},"intensity":{"high":0,"low":0.1666666665,"meium":0.8333333334999999,"none":0},"expressive":{"dir-action":0,"dir-explicit":0,"dir-speech":0.5,"indirect":0.5,"writing-device":0}},{"id":"빨간모자피자 명일점CESCO","permalink":"","username":"asdfg","text":"역시 피자가 진리ㅎㅎ맛나욤","date":"Mon Dec 10 23:59:44 +0000 2018","retweets":"30","favorites":"20","mentions":[],"hashtags":[],"geo":"","raw":"역시 피자가 진리ㅎㅎ맛나욤","polarity":{"com":0.005952381001984126,"pos":0.5813492065271163,"neg":0.15476190471825396,"neut":0.13789682537929893,"none":0.12003968237334656},"intensity":{"high":0.05357142868452382,"low":0.14682539671560846,"meium":0.6765873015588624,"none":0.1230158730410053},"expressive":{"dir-action":0,"dir-explicit":0.23611111107870367,"dir-speech":0.5486111111828703,"indirect":0.09523809536507935,"writing-device":0.12003968237334656}},{"id":"빨간모자피자 명일점CESCO","permalink":"","username":"asdfg","text":"역시 오늘도 말이 필요 없이 맛있습니다 서비스 감튀도 감사합니다:-)","date":"Mon Dec 10 23:59:44 +0000 2018","retweets":"30","favorites":"20","mentions":[],"hashtags":[],"geo":"","raw":"역시 오늘도 말이 필요 없이 맛있습니다 서비스 감튀도 감사합니다:-)","polarity":{"com":0.0048057932870873695,"pos":0.37305244667801496,"neg":0.3347377662384965,"neut":0.06368224701819493,"none":0.22372174677820617},"intensity":{"high":0.10840465217382991,"low":0.23971911335420545,"meium":0.427847267979385,"none":0.22402896649257972},"expressive":{"dir-action":0.000921659,"dir-explicit":0.1931533904285714,"dir-speech":0.36589861742857144,"indirect":0.2183454027142857,"writing-device":0.22168093042857143}},{"id":"빨간모자피자 명일점CESCO","permalink":"","username":"asdfg","text":"피자시켰는데 정말맜있네요 그리고 스파게티잘먹었습니다^^","date":"Mon Dec 10 23:59:44 +0000 2018","retweets":"30","favorites":"20","mentions":[],"hashtags":[],"geo":"","raw":"피자시켰는데 정말맜있네요 그리고 스파게티잘먹었습니다^^","polarity":{"com":0.13333333337777778,"pos":0.4529100528176367,"neg":0.3899470901299824,"neut":0.023809523674603175,"none":0},"intensity":{"high":0.1222222222925926,"low":0.08994708997001763,"meium":0.7878306877373898,"none":0},"expressive":{"dir-action":0.018518518666666667,"dir-explicit":0.20105820100000002,"dir-speech":0.32169312166666664,"indirect":0.4587301586666667,"writing-device":0}},{"id":"빨간모자피자 명일점CESCO","permalink":"","username":"asdfg","text":"역시 고구마피자 말이 필요 없습니다!!! 행사로 스파게티도 받았는데 너무 맛있어요~~ 매일 먹고 싶다..ㅠㅠ","date":"Mon Dec 10 23:59:44 +0000 2018","retweets":"30","favorites":"20","mentions":[],"hashtags":[],"geo":"","raw":"역시 고구마피자 말이 필요 없습니다!!! 행사로 스파게티도 받았는데 너무 맛있어요~~ 매일 먹고 싶다..ㅠㅠ","polarity":{"com":0.02420249657488607,"pos":0.2896704311842387,"neg":0.5002509743571787,"neut":0.05659467657951353,"none":0.12928142130418308},"intensity":{"high":0.16001805257142857,"low":0.1299693987142857,"meium":0.5793441648571429,"none":0.13066838385714288},"expressive":{"dir-action":0,"dir-explicit":0.37712612542857143,"dir-speech":0.3300596614285714,"indirect":0.1603923122857143,"writing-device":0.13242190085714287}},{"id":"빨간모자피자 명일점CESCO","permalink":"","username":"asdfg","text":"배달 빠르고 친절하세요\n맛도 좋아영","date":"Mon Dec 10 23:59:44 +0000 2018","retweets":"30","favorites":"20","mentions":[],"hashtags":[],"geo":"","raw":"배달 빠르고 친절하세요\n맛도 좋아영","polarity":{"com":0.00483870975,"pos":0.859032258,"neg":0.098172043,"neut":0.020967742,"none":0.01698924725},"intensity":{"high":0.0849462365,"low":0.039032258,"meium":0.85849462375,"none":0.01752688175},"expressive":{"dir-action":0.00161290325,"dir-explicit":0.22849462375000001,"dir-speech":0.623655914,"indirect":0.12924731175,"writing-device":0.01698924725}},{"id":"빨간모자피자 명일점CESCO","permalink":"","username":"asdfg","text":"배달오시다가 살짝 옆으로 쏠려서 좀 찌그러졌다고 말도 해주시고 넘나 친절!!! 어린이 손님이 오셔서 치즈피자 주문했는데 어른이 먹어도 넘넘 맛있어요!!! 자주 시켜 먹을게요!!!","date":"Mon Dec 10 23:59:44 +0000 2018","retweets":"30","favorites":"20","mentions":[],"hashtags":[],"geo":"","raw":"배달오시다가 살짝 옆으로 쏠려서 좀 찌그러졌다고 말도 해주시고 넘나 친절!!! 어린이 손님이 오셔서 치즈피자 주문했는데 어른이 먹어도 넘넘 맛있어요!!! 자주 시켜 먹을게요!!!","polarity":{"com":0.005139500666666667,"pos":0.5511196769999999,"neg":0.3789769945833334,"neut":0.03551762116666666,"none":0.029246206583333333},"intensity":{"high":0.05465818234244303,"low":0.13776717243962786,"meium":0.7775942242962657,"none":0.029980420921663403},"expressive":{"dir-action":0.0562897699307391,"dir-explicit":0.41947911568820306,"dir-speech":0.39029817268090783,"indirect":0.10395252077598811,"writing-device":0.02998042092416177}},{"id":"빨간모자피자 명일점CESCO","permalink":"","username":"asdfg","text":"맛있어요...,^^","date":"Mon Dec 10 23:59:44 +0000 2018","retweets":"30","favorites":"20","mentions":[],"hashtags":[],"geo":"","raw":"맛있어요...,^^","polarity":{"com":0,"pos":0,"neg":1,"neut":0,"none":0},"intensity":{"high":0,"low":0,"meium":1,"none":0},"expressive":{"dir-action":0,"dir-explicit":0,"dir-speech":1,"indirect":0,"writing-device":0}},{"id":"빨간모자피자 명일점CESCO","permalink":"","username":"asdfg","text":"맛있네요~","date":"Mon Dec 10 23:59:44 +0000 2018","retweets":"30","favorites":"20","mentions":[],"hashtags":[],"geo":"","raw":"맛있네요~~~~~~~~~~~~","polarity":{"com":0,"pos":0,"neg":1,"neut":0,"none":0},"intensity":{"high":0,"low":0,"meium":1,"none":0},"expressive":{"dir-action":0,"dir-explicit":0,"dir-speech":1,"indirect":0,"writing-device":0}},{"id":"빨간모자피자 명일점CESCO","permalink":"","username":"asdfg","text":"칠리치킨피자시켰는데 니맛도 내맛도 아니구 돈완전아까웠어모 완전 실망","date":"Mon Dec 10 23:59:44 +0000 2018","retweets":"30","favorites":"20","mentions":[],"hashtags":[],"geo":"","raw":"칠리치킨피자시켰는데 니맛도 내맛도 아니구 돈완전아까웠어모 완전 실망","polarity":{"com":0,"pos":0.48888888880000003,"neg":0.4111111112,"neut":0.1,"none":0},"intensity":{"high":0.06666666678666668,"low":0.011111111197777778,"meium":0.9222222220155556,"none":0},"expressive":{"dir-action":0.011111111199999999,"dir-explicit":0.17777777779999998,"dir-speech":0.6444444444,"indirect":0.1666666666,"writing-device":0}}]