[{"id":"피자 아이","permalink":"","username":"asdfg","text":"맛있는거먹었어요....","date":"Mon Dec 10 23:59:44 +0000 2018","retweets":"30","favorites":"20","mentions":[],"hashtags":[],"geo":"","raw":"맛있는거먹었어요....","polarity":{"com":0,"pos":0,"neg":1,"neut":0,"none":0},"intensity":{"high":0,"low":0,"meium":1,"none":0},"expressive":{"dir-action":0,"dir-explicit":0,"dir-speech":0.75,"indirect":0,"writing-device":0.25}},{"id":"피자 아이","permalink":"","username":"asdfg","text":"맛있는거먹었어요.....","date":"Mon Dec 10 23:59:44 +0000 2018","retweets":"30","favorites":"20","mentions":[],"hashtags":[],"geo":"","raw":"맛있는거먹었어요.....","polarity":{"com":0,"pos":0,"neg":1,"neut":0,"none":0},"intensity":{"high":0,"low":0,"meium":1,"none":0},"expressive":{"dir-action":0,"dir-explicit":0,"dir-speech":0.75,"indirect":0,"writing-device":0.25}},{"id":"피자 아이","permalink":"","username":"asdfg","text":"맛있네여~치즈가듬뿍있어서좋았어욤~잘먹었습니다~","date":"Mon Dec 10 23:59:44 +0000 2018","retweets":"30","favorites":"20","mentions":[],"hashtags":[],"geo":"","raw":"맛있네여~치즈가듬뿍있어서좋았어욤~잘먹었습니다~","polarity":{"com":0.0053571428010714284,"pos":0.4768571428953714,"neg":0.37585714287517147,"neut":0.0375000000075,"none":0.10442857142088573},"intensity":{"high":0.08107142860000001,"low":0.08299999999999999,"meium":0.7297142856000001,"none":0.1062142858},"expressive":{"dir-action":0,"dir-explicit":0.27714285699999996,"dir-speech":0.3721428572,"indirect":0.2462857144,"writing-device":0.10442857140000002}},{"id":"피자 아이","permalink":"","username":"asdfg","text":"토핑 빵빵햇어요 !! 크림치즈크러스트도 너무 맛잇구요","date":"Mon Dec 10 23:59:44 +0000 2018","retweets":"30","favorites":"20","mentions":[],"hashtags":[],"geo":"","raw":"토핑 빵빵햇어요 !! 크림치즈크러스트도 너무 맛잇구요","polarity":{"com":0.0046592775,"pos":0.6340311985,"neg":0.18271757,"neut":0.020812807750000002,"none":0.15777914625},"intensity":{"high":0.06444991798388751,"low":0.06018062398495484,"meium":0.7147167485713208,"none":0.1606527094598368},"expressive":{"dir-action":0.00287356325,"dir-explicit":0.33665845650000004,"dir-speech":0.42844827575,"indirect":0.06740558299999999,"writing-device":0.1646141215}},{"id":"피자 아이","permalink":"","username":"asdfg","text":"위에 올려져있는 토핑같은데 다 떨어져서 ㅠㅠㅠ 먹기 좀 불편했어요맛은 있어요!","date":"Mon Dec 10 23:59:44 +0000 2018","retweets":"30","favorites":"20","mentions":[],"hashtags":[],"geo":"","raw":"위에 올려져있는 토핑같은데 다 떨어져서 ㅠㅠㅠ 먹기 좀 불편했어요맛은 있어요!","polarity":{"com":0.003142601111111111,"pos":0.534199522,"neg":0.31630397677777783,"neut":0.029160266333333334,"none":0.11719363377777776},"intensity":{"high":0.0751656994360927,"low":0.043546964772939234,"meium":0.7638547533595718,"none":0.11743258243139638},"expressive":{"dir-action":0.0007168458888092392,"dir-explicit":0.27928685219119037,"dir-speech":0.4229255561752305,"indirect":0.1745861067583793,"writing-device":0.12248463898639059}},{"id":"피자 아이","permalink":"","username":"asdfg","text":"맛도 짜지않고 담백한 맛 다음에 또 주문하겠습니다","date":"Mon Dec 10 23:59:44 +0000 2018","retweets":"30","favorites":"20","mentions":[],"hashtags":[],"geo":"","raw":"맛도 짜지않고 담백한 맛 다음에 또 주문하겠습니다","polarity":{"com":0.008675772598264846,"pos":0.6543197574691361,"neg":0.2175131813564974,"neut":0.02338080019532384,"none":0.09611048838077789},"intensity":{"high":0.050779812,"low":0.0400426232,"meium":0.8120363682,"none":0.09714119660000001},"expressive":{"dir-action":0.0018909232000000002,"dir-explicit":0.15382959000000002,"dir-speech":0.5340856064,"indirect":0.184911363,"writing-device":0.12528251740000002}},{"id":"피자 아이","permalink":"","username":"asdfg","text":"주문시간 40분뜨고 20분 지나니까 피자 도착함. 피자를 20분만에 받아본건 처음이다. 치즈 양 폭발, 한판 다 못 해치우고 3조각 냉장고에 넣어놓을정도로 배 부른 양이다. 처음 앱 깔고 첫 주문인데 감동먹음. 단골이 될 것 같다..ㅋㅋ","date":"Mon Dec 10 23:59:44 +0000 2018","retweets":"30","favorites":"20","mentions":[],"hashtags":[],"geo":"","raw":"주문시간 40분뜨고 20분 지나니까 피자 도착함. 피자를 20분만에 받아본건 처음이다. 치즈 양 폭발, 한판 다 못 해치우고 3조각 냉장고에 넣어놓을정도로 배 부른 양이다. 처음 앱 깔고 첫 주문인데 감동먹음. 단골이 될 것 같다..ㅋㅋ","polarity":{"com":0.06713237446340337,"pos":0.5301980557561526,"neg":0.2785736124231288,"neut":0.051758541323474544,"none":0.07233741603384049},"intensity":{"high":0.11614741180399298,"low":0.059292283520986075,"meium":0.7522228886308464,"none":0.07233741604417442},"expressive":{"dir-action":0.0006066120950358912,"dir-explicit":0.37141280340000526,"dir-speech":0.218486926927171,"indirect":0.33412228350767353,"writing-device":0.07537137407011431}},{"id":"피자 아이","permalink":"","username":"asdfg","text":"배달 짱빠름!! 패밀리사이즈 콤보 시켰는데 피자 크기가 크니까 12조각으로 잘라주셨더라구여먹기 전엔 라지사이즈에 비해 토핑이 두껍진 않은 줄 알았으나한조각 뜯어 먹는데 역시나 기대를 저버리지 않는 최고의 맛과 토핑!!겉에 피자도우끝부분까지 엄청 맛있었어요이 동네를 떠날 수 없는 이유 중 하나!ㅋㅋ이런 피자 맛집 발견하기가 쉽지않아요~~~언제나 변함없이 맛있고 넘치는 토핑만큼 풍성한 한가위 되시길 바랍니다~~^^","date":"Mon Dec 10 23:59:44 +0000 2018","retweets":"30","favorites":"20","mentions":[],"hashtags":[],"geo":"","raw":"배달 짱빠름!! 패밀리사이즈 콤보 시켰는데 피자 크기가 크니까 12조각으로 잘라주셨더라구여먹기 전엔 라지사이즈에 비해 토핑이 두껍진 않은 줄 알았으나한조각 뜯어 먹는데 역시나 기대를 저버리지 않는 최고의 맛과 토핑!!겉에 피자도우끝부분까지 엄청 맛있었어요이 동네를 떠날 수 없는 이유 중 하나!ㅋㅋ이런 피자 맛집 발견하기가 쉽지않아요~~~언제나 변함없이 맛있고 넘치는 토핑만큼 풍성한 한가위 되시길 바랍니다~~^^","polarity":{"com":0.041473225071428574,"pos":0.5305138141428571,"neg":0.3064031499285714,"neut":0.06297849039285715,"none":0.058631320464285715},"intensity":{"high":0.1803313675,"low":0.16010942385714286,"meium":0.5872424180357143,"none":0.07231679060714287},"expressive":{"dir-action":0.0001573316428571429,"dir-explicit":0.2556370070357143,"dir-speech":0.43477598910714294,"indirect":0.20750553549999998,"writing-device":0.10192413671428575}},{"id":"피자 아이","permalink":"","username":"asdfg","text":"빵이 딱딱한게 아쉽","date":"Mon Dec 10 23:59:44 +0000 2018","retweets":"30","favorites":"20","mentions":[],"hashtags":[],"geo":"","raw":"빵이 딱딱한게 아쉽","polarity":{"com":0.018287009327237667,"pos":0.4763153531745616,"neg":0.4027911338657363,"neut":0.09166163796944614,"none":0.010944865663018387},"intensity":{"high":0.09892135436630713,"low":0.1490039683830013,"meium":0.7386603819128867,"none":0.013414295337804758},"expressive":{"dir-action":0.00246942966748981,"dir-explicit":0.3447005121149002,"dir-speech":0.3812104207937368,"indirect":0.25820534208606843,"writing-device":0.013414295337804758}},{"id":"피자 아이","permalink":"","username":"asdfg","text":"역시최고입니다ㅋ크ㅡㅡ","date":"Mon Dec 10 23:59:44 +0000 2018","retweets":"30","favorites":"20","mentions":[],"hashtags":[],"geo":"","raw":"역시최고입니다ㅋ크ㅡㅡ","polarity":{"com":0.011437908505718955,"pos":0.35947712417973854,"neg":0.13888888906944444,"neut":0.21241830060620914,"none":0.2777777776388889},"intensity":{"high":0.06372549006372548,"low":0.20751633970751635,"meium":0.45098039245098037,"none":0.27777777777777773},"expressive":{"dir-action":0,"dir-explicit":0.3758169936879085,"dir-speech":0.26797385613398694,"indirect":0.06862745103431374,"writing-device":0.2875816991437909}},{"id":"피자 아이","permalink":"","username":"asdfg","text":"맛있는거먹었어요....","date":"Mon Dec 10 23:59:44 +0000 2018","retweets":"30","favorites":"20","mentions":[],"hashtags":[],"geo":"","raw":"맛있는거먹었어요....","polarity":{"com":0,"pos":0,"neg":1,"neut":0,"none":0},"intensity":{"high":0,"low":0,"meium":1,"none":0},"expressive":{"dir-action":0,"dir-explicit":0,"dir-speech":0.75,"indirect":0,"writing-device":0.25}},{"id":"피자 아이","permalink":"","username":"asdfg","text":"맛있는거먹었어요.....","date":"Mon Dec 10 23:59:44 +0000 2018","retweets":"30","favorites":"20","mentions":[],"hashtags":[],"geo":"","raw":"맛있는거먹었어요.....","polarity":{"com":0,"pos":0,"neg":1,"neut":0,"none":0},"intensity":{"high":0,"low":0,"meium":1,"none":0},"expressive":{"dir-action":0,"dir-explicit":0,"dir-speech":0.75,"indirect":0,"writing-device":0.25}},{"id":"피자 아이","permalink":"","username":"asdfg","text":"빵이 남 얇네요 . .저번엔 적당히 있어서 넘맛잇엇는데 ㅠㅠ","date":"Mon Dec 10 23:59:44 +0000 2018","retweets":"30","favorites":"20","mentions":[],"hashtags":[],"geo":"","raw":"빵이 남 얇네요 . .저번엔 적당히 있어서 넘맛잇엇는데 ㅠㅠ","polarity":{"com":0.006627595834437932,"pos":0.5647440155941239,"neg":0.2459743492076624,"neut":0.03650968467275161,"none":0.14614435469102408},"intensity":{"high":0.09146373801524396,"low":0.10397087618399516,"meium":0.6576868167762812,"none":0.14687856902447977},"expressive":{"dir-action":0.0007342143334557024,"dir-explicit":0.22820927437136823,"dir-speech":0.43332065957222016,"indirect":0.18821178003136865,"writing-device":0.14952407169158735}},{"id":"피자 아이","permalink":"","username":"asdfg","text":"치즈 양이 어마어마하게 줄었어요..","date":"Mon Dec 10 23:59:44 +0000 2018","retweets":"30","favorites":"20","mentions":[],"hashtags":[],"geo":"","raw":"치즈 양이 어마어마하게 줄었어요..","polarity":{"com":0.018287009333333337,"pos":0.6814435583333335,"neg":0.24894497999999998,"neut":0.04037958666666667,"none":0.010944865666666666},"intensity":{"high":0.07328032869109345,"low":0.0720808913573603,"meium":0.8412244846137414,"none":0.013414295337804765},"expressive":{"dir-action":0.00246942966748981,"dir-explicit":0.24213640941404546,"dir-speech":0.48377452349459155,"indirect":0.25820534208606843,"writing-device":0.013414295337804765}},{"id":"피자 아이","permalink":"","username":"asdfg","text":"오랜만에 시켰는데 넘 맛있게 먹엇어용","date":"Mon Dec 10 23:59:44 +0000 2018","retweets":"30","favorites":"20","mentions":[],"hashtags":[],"geo":"","raw":"오랜만에 시켰는데 넘 맛있게 먹엇어용","polarity":{"com":0,"pos":0,"neg":1,"neut":0,"none":0},"intensity":{"high":0,"low":0,"meium":1,"none":0},"expressive":{"dir-action":0,"dir-explicit":0,"dir-speech":1,"indirect":0,"writing-device":0}},{"id":"피자 아이","permalink":"","username":"asdfg","text":"이 집 피자 드럽게 맛있습니다 꼭 드세요","date":"Mon Dec 10 23:59:44 +0000 2018","retweets":"30","favorites":"20","mentions":[],"hashtags":[],"geo":"","raw":"이 집 피자 드럽게 맛있습니다 꼭 드세요","polarity":{"com":0,"pos":0.38888888899999996,"neg":0.5,"neut":0,"none":0.111111111},"intensity":{"high":0,"low":0.055555555666666666,"meium":0.8333333333333334,"none":0.111111111},"expressive":{"dir-action":0,"dir-explicit":0,"dir-speech":0.7777777779259258,"indirect":0.11111111103703702,"writing-device":0.11111111103703702}},{"id":"피자 아이","permalink":"","username":"asdfg","text":"맛있는거먹었어요....","date":"Mon Dec 10 23:59:44 +0000 2018","retweets":"30","favorites":"20","mentions":[],"hashtags":[],"geo":"","raw":"맛있는거먹었어요....","polarity":{"com":0,"pos":0,"neg":1,"neut":0,"none":0},"intensity":{"high":0,"low":0,"meium":1,"none":0},"expressive":{"dir-action":0,"dir-explicit":0,"dir-speech":0.75,"indirect":0,"writing-device":0.25}},{"id":"피자 아이","permalink":"","username":"asdfg","text":"새벽에 주문했는데 빠르고 치즈도 듬뿍올려주시고. ","date":"Mon Dec 10 23:59:44 +0000 2018","retweets":"30","favorites":"20","mentions":[],"hashtags":[],"geo":"","raw":"새벽에 주문했는데 빠르고 치즈도 듬뿍올려주시고. ","polarity":{"com":0.00178571425,"pos":0.7202380952499999,"neg":0.1654761905,"neut":0.0035714285,"none":0.1089285715},"intensity":{"high":0.03571428575,"low":0.11190476175,"meium":0.743452381,"none":0.1089285715},"expressive":{"dir-action":0,"dir-explicit":0.46309523813422615,"dir-speech":0.07499999998125,"indirect":0.3547619046613095,"writing-device":0.10714285722321429}},{"id":"피자 아이","permalink":"","username":"asdfg","text":"언제나 그렇듯 맛있어요 ~~~","date":"Mon Dec 10 23:59:44 +0000 2018","retweets":"30","favorites":"20","mentions":[],"hashtags":[],"geo":"","raw":"언제나 그렇듯 맛있어요 ~~~","polarity":{"com":0,"pos":0.125,"neg":0.75,"neut":0,"none":0.125},"intensity":{"high":0.1666666665,"low":0.0833333335,"meium":0.625,"none":0.125},"expressive":{"dir-action":0,"dir-explicit":0.04166666652083333,"dir-speech":0.6666666668333334,"indirect":0.16666666658333334,"writing-device":0.1250000000625}},{"id":"피자 아이","permalink":"","username":"asdfg","text":"맛있는거먹었어요....","date":"Mon Dec 10 23:59:44 +0000 2018","retweets":"30","favorites":"20","mentions":[],"hashtags":[],"geo":"","raw":"맛있는거먹었어요....","polarity":{"com":0,"pos":0,"neg":1,"neut":0,"none":0},"intensity":{"high":0,"low":0,"meium":1,"none":0},"expressive":{"dir-action":0,"dir-explicit":0,"dir-speech":0.75,"indirect":0,"writing-device":0.25}},{"id":"피자 아이","permalink":"","username":"asdfg","text":"불고기 치즈크러스트.","date":"Mon Dec 10 23:59:44 +0000 2018","retweets":"30","favorites":"20","mentions":[],"hashtags":[],"geo":"","raw":"불고기 치즈크러스트.","polarity":{"com":null,"pos":null,"neg":null,"neut":null,"none":null},"intensity":{"high":null,"low":null,"meium":null,"none":null},"expressive":{"dir-action":null,"dir-explicit":null,"dir-speech":null,"indirect":null,"writing-device":null}},{"id":"피자 아이","permalink":"","username":"asdfg","text":"단호박은 제 취향 아니네요.콤보가 최고로 맛잇어요!","date":"Mon Dec 10 23:59:44 +0000 2018","retweets":"30","favorites":"20","mentions":[],"hashtags":[],"geo":"","raw":"단호박은 제 취향 아니네요.콤보가 최고로 맛잇어요!","polarity":{"com":0.011299435247175142,"pos":0.7066854988233287,"neg":0.24952919018761774,"neut":0.022598869994350283,"none":0.009887005747528247},"intensity":{"high":0.25517890775,"low":0.0805084745,"meium":0.654425612,"none":0.009887005749999999},"expressive":{"dir-action":0,"dir-explicit":0.12570621475,"dir-speech":0.47316384175000004,"indirect":0.39124293774999996,"writing-device":0.009887005749999999}},{"id":"피자 아이","permalink":"","username":"asdfg","text":"세트9 콘샐러드는 취향아님  ","date":"Mon Dec 10 23:59:44 +0000 2018","retweets":"30","favorites":"20","mentions":[],"hashtags":[],"geo":"","raw":"세트9 콘샐러드는 취향아님  ","polarity":{"com":0.04545454552272727,"pos":0.45418470422709234,"neg":0.39033189069516594,"neut":0.04761904752380952,"none":0.06240981203120491},"intensity":{"high":0.03860028851930014,"low":0.18722943709361473,"meium":0.7117604623558802,"none":0.06240981203120491},"expressive":{"dir-action":0,"dir-explicit":0.21572871600000001,"dir-speech":0.37878787900000005,"indirect":0.33513708500000006,"writing-device":0.07034632}},{"id":"피자 아이","permalink":"","username":"asdfg","text":"맛있게 잘 먹었습니다 다음에 또 먹을게요","date":"Mon Dec 10 23:59:44 +0000 2018","retweets":"30","favorites":"20","mentions":[],"hashtags":[],"geo":"","raw":"맛있게 잘 먹었습니다 다음에 또 먹을게요","polarity":{"com":0,"pos":0.21428571425000004,"neg":0.66071428575,"neut":0.017857142750000003,"none":0.10714285725000003},"intensity":{"high":0,"low":0.0535714285,"meium":0.8392857142500001,"none":0.10714285725},"expressive":{"dir-action":0,"dir-explicit":0.08928571425,"dir-speech":0.6071428572500001,"indirect":0.16071428575,"writing-device":0.14285714275}},{"id":"피자 아이","permalink":"","username":"asdfg","text":"맛있었어요 치즈도많고ㅋㅋ","date":"Mon Dec 10 23:59:44 +0000 2018","retweets":"30","favorites":"20","mentions":[],"hashtags":[],"geo":"","raw":"맛있었어요 치즈도많고ㅋㅋ","polarity":{"com":0,"pos":0.5,"neg":0.5,"neut":0,"none":0},"intensity":{"high":0,"low":0,"meium":1,"none":0},"expressive":{"dir-action":0,"dir-explicit":0.5,"dir-speech":0.5,"indirect":0,"writing-device":0}},{"id":"피자 아이","permalink":"","username":"asdfg","text":"너무너무 맛있어요ㅠㅠ치즈가 줄줄","date":"Mon Dec 10 23:59:44 +0000 2018","retweets":"30","favorites":"20","mentions":[],"hashtags":[],"geo":"","raw":"너무너무 맛있어요ㅠㅠ치즈가 줄줄","polarity":{"com":0.0089285715,"pos":0.205357143,"neg":0.732142857,"neut":0.0401785715,"none":0.013392857},"intensity":{"high":0.080357143,"low":0.0535714285,"meium":0.8482142855,"none":0.017857143},"expressive":{"dir-action":0,"dir-explicit":0.1875,"dir-speech":0.65625,"indirect":0.142857143,"writing-device":0.013392857}},{"id":"피자 아이","permalink":"","username":"asdfg","text":"피자 이 집이 제일 맛있는것같아요 얼마나 바쁘셨으면 소스 하나 빠져서 오셨는지 ㅠ 세개나 더 갖다주시고 감사합니다 덕분에 맛있게 잘 먹었습니다","date":"Mon Dec 10 23:59:44 +0000 2018","retweets":"30","favorites":"20","mentions":[],"hashtags":[],"geo":"","raw":"피자 이 집이 제일 맛있는것같아요 얼마나 바쁘셨으면 소스 하나 빠져서 오셨는지 ㅠ 세개나 더 갖다주시고 감사합니다 덕분에 맛있게 잘 먹었습니다","polarity":{"com":0,"pos":0.43073593066666666,"neg":0.42135642144444446,"neut":0.033910533888888886,"none":0.11399711400000001},"intensity":{"high":0.17460317466666664,"low":0.05820105822222221,"meium":0.6531986531111111,"none":0.11399711400000001},"expressive":{"dir-action":0,"dir-explicit":0.1334776335407247,"dir-speech":0.6233766232640692,"indirect":0.12914862920787237,"writing-device":0.11399711398733367}},{"id":"피자 아이","permalink":"","username":"asdfg","text":"맛잇스빈다 치즈도 많구 굿입니다","date":"Mon Dec 10 23:59:44 +0000 2018","retweets":"30","favorites":"20","mentions":[],"hashtags":[],"geo":"","raw":"맛잇스빈다 치즈도 많구 굿입니다","polarity":{"com":0,"pos":1,"neg":0,"neut":0,"none":0},"intensity":{"high":0,"low":0,"meium":1,"none":0},"expressive":{"dir-action":0,"dir-explicit":0.3333333333333333,"dir-speech":0.3333333333333333,"indirect":0.3333333333333333,"writing-device":0}},{"id":"피자 아이","permalink":"","username":"asdfg","text":"치즈피자에 치즈크러스트 치즈 토핑하면 진가를 알아요","date":"Mon Dec 10 23:59:44 +0000 2018","retweets":"30","favorites":"20","mentions":[],"hashtags":[],"geo":"","raw":"치즈피자에 치즈크러스트 치즈 토핑하면 진가를 알아요","polarity":{"com":0.009677419500000003,"pos":0.758064516,"neg":0.17634408599999998,"neut":0.04193548400000001,"none":0.0139784945},"intensity":{"high":0.5698924730000001,"low":0.05806451600000001,"meium":0.3569892475,"none":0.015053763500000001},"expressive":{"dir-action":0.003225806500000001,"dir-explicit":0.6569892475,"dir-speech":0.147311828,"indirect":0.1784946235,"writing-device":0.013978494499999999}},{"id":"피자 아이","permalink":"","username":"asdfg","text":"여기는 치즈피자 토핑추가 진리임","date":"Mon Dec 10 23:59:44 +0000 2018","retweets":"30","favorites":"20","mentions":[],"hashtags":[],"geo":"","raw":"여기는 치즈피자 토핑추가 진리임","polarity":{"com":0,"pos":0.6,"neg":0.4,"neut":0,"none":0},"intensity":{"high":0.2,"low":0.2,"meium":0.6,"none":0},"expressive":{"dir-action":0,"dir-explicit":0.8,"dir-speech":0,"indirect":0.2,"writing-device":0}},{"id":"피자 아이","permalink":"","username":"asdfg","text":"여기 치즈가 오지 치즈","date":"Mon Dec 10 23:59:44 +0000 2018","retweets":"30","favorites":"20","mentions":[],"hashtags":[],"geo":"","raw":"여기 치즈가 오지 치즈","polarity":{"com":0.017857143,"pos":0.410714286,"neg":0.464285714,"neut":0.080357143,"none":0.026785714},"intensity":{"high":0.160714286,"low":0.107142857,"meium":0.696428571,"none":0.035714286},"expressive":{"dir-action":0,"dir-explicit":0.37500000000000006,"dir-speech":0.31250000000000006,"indirect":0.28571428600000004,"writing-device":0.026785714000000002}},{"id":"피자 아이","permalink":"","username":"asdfg","text":"맛있음요!!!!!ㄹㅎㅎㅎㅎㅎㅎㅎㅎ","date":"Mon Dec 10 23:59:44 +0000 2018","retweets":"30","favorites":"20","mentions":[],"hashtags":[],"geo":"","raw":"맛있음요!!!!!ㄹㅎㅎㅎㅎㅎㅎㅎㅎ","polarity":{"com":0,"pos":0.5,"neg":0.25,"neut":0,"none":0.25},"intensity":{"high":0,"low":0,"meium":0.5,"none":0.5},"expressive":{"dir-action":0,"dir-explicit":0,"dir-speech":0.5,"indirect":0,"writing-device":0.5}},{"id":"피자 아이","permalink":"","username":"asdfg","text":"라지를 시켰는데 치즈때문에 먹기 힘들었지만 행복했습니다","date":"Mon Dec 10 23:59:44 +0000 2018","retweets":"30","favorites":"20","mentions":[],"hashtags":[],"geo":"","raw":"라지를 시켰는데 치즈때문에 먹기 힘들었지만 행복했습니다","polarity":{"com":0.00891719740178344,"pos":0.3825902334765181,"neg":0.4495753716899151,"neut":0.05891719741178344,"none":0.10000000002000001},"intensity":{"high":0.1378627034,"low":0.168648266,"meium":0.5934890306,"none":0.1},"expressive":{"dir-action":0.002547770798980892,"dir-explicit":0.35675866945729645,"dir-speech":0.42480537863007783,"indirect":0.11461429575415427,"writing-device":0.10127388535949045}},{"id":"피자 아이","permalink":"","username":"asdfg","text":"맛나요 맛나~ 치즈가 풍성해서","date":"Mon Dec 10 23:59:44 +0000 2018","retweets":"30","favorites":"20","mentions":[],"hashtags":[],"geo":"","raw":"맛나요 맛나~ 치즈가 풍성해서","polarity":{"com":0.01047029175,"pos":0.75583172475,"neg":0.192648005,"neut":0.028347544000000002,"none":0.0127024345},"intensity":{"high":0.06870710000000001,"low":0.047806735249999996,"meium":0.8678008365000001,"none":0.015685328249999998},"expressive":{"dir-action":0.00075075075,"dir-explicit":0.171828078,"dir-speech":0.6006475225,"indirect":0.2133204635,"writing-device":0.01345318525}},{"id":"피자 아이","permalink":"","username":"asdfg","text":"치즈피자에 토핑 추가하면 딱이죠","date":"Mon Dec 10 23:59:44 +0000 2018","retweets":"30","favorites":"20","mentions":[],"hashtags":[],"geo":"","raw":"치즈피자에 토핑 추가하면 딱이죠","polarity":{"com":0.021115328,"pos":0.45087497350000005,"neg":0.315232975,"neut":0.08768711800000001,"none":0.1250896055},"intensity":{"high":0.13361796306680898,"low":0.0989141890494571,"meium":0.6413029733206514,"none":0.12616487456308245},"expressive":{"dir-action":0.0032258065,"dir-explicit":0.3661395745,"dir-speech":0.2486190175,"indirect":0.2471220745,"writing-device":0.134893527}},{"id":"피자 아이","permalink":"","username":"asdfg","text":"쿠폰이 안왓어요 전화해서 쿠폰오는지 확인한 집입니다","date":"Mon Dec 10 23:59:44 +0000 2018","retweets":"30","favorites":"20","mentions":[],"hashtags":[],"geo":"","raw":"쿠폰이 안왓어요 전화해서 쿠폰오는지 확인한 집입니다","polarity":{"com":0.0061674008,"pos":0.453010279,"neg":0.22143906019999998,"neut":0.3176211454,"none":0.0017621146000000002},"intensity":{"high":0.02114537440422908,"low":0.2264317180452864,"meium":0.749779735749956,"none":0.002643171800528635},"expressive":{"dir-action":0.0008810572001762114,"dir-explicit":0.08281938321656387,"dir-speech":0.705580029541116,"indirect":0.2080763582416153,"writing-device":0.0026431718005286344}},{"id":"피자 아이","permalink":"","username":"asdfg","text":"여기 치즈 진짜 미친듯이 얹어주심 ㅎㅎㅎ","date":"Mon Dec 10 23:59:44 +0000 2018","retweets":"30","favorites":"20","mentions":[],"hashtags":[],"geo":"","raw":"여기 치즈 진짜 미친듯이 얹어주심 ㅎㅎㅎ","polarity":{"com":0,"pos":0.25,"neg":0.75,"neut":0,"none":0},"intensity":{"high":0.25,"low":0,"meium":0.75,"none":0},"expressive":{"dir-action":0,"dir-explicit":0.25,"dir-speech":0.75,"indirect":0,"writing-device":0}},{"id":"피자 아이","permalink":"","username":"asdfg","text":"베스트메뉴.콤보피자.","date":"Mon Dec 10 23:59:44 +0000 2018","retweets":"30","favorites":"20","mentions":[],"hashtags":[],"geo":"","raw":"베스트메뉴.콤보피자.","polarity":{"com":null,"pos":null,"neg":null,"neut":null,"none":null},"intensity":{"high":null,"low":null,"meium":null,"none":null},"expressive":{"dir-action":null,"dir-explicit":null,"dir-speech":null,"indirect":null,"writing-device":null}},{"id":"피자 아이","permalink":"","username":"asdfg","text":"토핑을 추가했더니 듬뿍 넣어주셨어요~  추가 안하고 먹어도 맛있을꺼같아요~","date":"Mon Dec 10 23:59:44 +0000 2018","retweets":"30","favorites":"20","mentions":[],"hashtags":[],"geo":"","raw":"토핑을 추가했더니 듬뿍 넣어주셨어요~  추가 안하고 먹어도 맛있을꺼같아요~","polarity":{"com":0.005767980000000001,"pos":0.3784455950000001,"neg":0.5287195028571429,"neut":0.04096973871428572,"none":0.046097183428571435},"intensity":{"high":0.1410393275714286,"low":0.20749505257142856,"meium":0.6050612167142857,"none":0.04640440314285714},"expressive":{"dir-action":0.07449523258207075,"dir-explicit":0.16718047873816863,"dir-speech":0.5047966993578281,"indirect":0.19976968402853854,"writing-device":0.05375790529339399}},{"id":"피자 아이","permalink":"","username":"asdfg","text":"맞 좋아요 꼭 추천!","date":"Mon Dec 10 23:59:44 +0000 2018","retweets":"30","favorites":"20","mentions":[],"hashtags":[],"geo":"","raw":"맞 좋아요 꼭 추천!","polarity":{"com":0,"pos":0.666666667,"neg":0,"neut":0,"none":0.333333333},"intensity":{"high":0,"low":0,"meium":0.666666667,"none":0.333333333},"expressive":{"dir-action":0,"dir-explicit":0,"dir-speech":0.3333333333333333,"indirect":0.3333333333333333,"writing-device":0.3333333333333333}},{"id":"피자 아이","permalink":"","username":"asdfg","text":"후아 ㅋㅋㅋㅋㅋㅋㅋㅋ최고 ㅋㅋㅋㅋㅋㅋ","date":"Mon Dec 10 23:59:44 +0000 2018","retweets":"30","favorites":"20","mentions":[],"hashtags":[],"geo":"","raw":"후아 ㅋㅋㅋㅋㅋㅋㅋㅋ최고 ㅋㅋㅋㅋㅋㅋ","polarity":{"com":0,"pos":0.6944444445,"neg":0.3055555555,"neut":0,"none":0},"intensity":{"high":0.388888889,"low":0,"meium":0.611111111,"none":0},"expressive":{"dir-action":0,"dir-explicit":0.25,"dir-speech":0.25,"indirect":0.5,"writing-device":0}},{"id":"피자 아이","permalink":"","username":"asdfg","text":"화이트치즈피자 치즈 씹히는게 정말 고소하고 맛나요","date":"Mon Dec 10 23:59:44 +0000 2018","retweets":"30","favorites":"20","mentions":[],"hashtags":[],"geo":"","raw":"화이트치즈피자 치즈 씹히는게 정말 고소하고 맛나요","polarity":{"com":0.006451612997849462,"pos":0.6335814721221396,"neg":0.27140887790953033,"neut":0.07923904064025365,"none":0.009318996330227002},"intensity":{"high":0.07223600766666667,"low":0.11563275433333332,"meium":0.8020953956666667,"none":0.010035842333333333},"expressive":{"dir-action":0.002150537666666667,"dir-explicit":0.207223601,"dir-speech":0.6623104493333333,"indirect":0.11899641566666667,"writing-device":0.009318996333333334}}]