[{"id":"피자홈","permalink":"","username":"asdfg","text":"맛있는 피자네요...\n잘먹었어요 담에 또 시킬게요 ","date":"Mon Dec 10 23:59:44 +0000 2018","retweets":"30","favorites":"20","mentions":[],"hashtags":[],"geo":"","raw":"맛있는 피자네요...\n잘먹었어요 담에 또 시킬게요 ","polarity":{"com":0,"pos":0.2857142856666666,"neg":0.5476190476666667,"neut":0.023809523666666665,"none":0.142857143},"intensity":{"high":0,"low":0.07142857133333333,"meium":0.7857142856666668,"none":0.142857143},"expressive":{"dir-action":0,"dir-explicit":0.119047619,"dir-speech":0.47619047633333333,"indirect":0.21428571433333332,"writing-device":0.19047619033333332}},{"id":"피자홈","permalink":"","username":"asdfg","text":" 새벽에 배달하는곳 중에서\n여기 피자 괜춘은듯 \n항상 뜨겁게오고 세트시켰는데\n다 만족이에요 소스좀 마니\n주쎄요^^\n\n\n\n","date":"Mon Dec 10 23:59:44 +0000 2018","retweets":"30","favorites":"20","mentions":[],"hashtags":[],"geo":"","raw":" 새벽에 배달하는곳 중에서\n여기 피자 괜춘은듯 \n항상 뜨겁게오고 세트시켰는데\n다 만족이에요 소스좀 마니\n주쎄요^^\n\n\n\n","polarity":{"com":0.018954248398104574,"pos":0.6711017739328898,"neg":0.18333333338166663,"neut":0.025816993497418297,"none":0.10079365078992064},"intensity":{"high":0.07464985998507001,"low":0.03039215689392157,"meium":0.7941643323411671,"none":0.10079365077984127},"expressive":{"dir-action":0.0055555555999999996,"dir-explicit":0.3635760972,"dir-speech":0.41438842200000003,"indirect":0.11372549009999999,"writing-device":0.1027544351}},{"id":"피자홈","permalink":"","username":"asdfg","text":"토핑 재료도 신선하고 씹히는맛이 좋네요\n항상 맛있게 잘 먹고 있어요 \n불닭치즈크러스 가 제 입맛엔 그만이네요 \n어떨땐 양이 좀 모자라서 아예 라지\n사이즈로 먹고 남은 건 나중에 렌지에\n살짝 돌려서 먹으면 정말 맛있어요","date":"Mon Dec 10 23:59:44 +0000 2018","retweets":"30","favorites":"20","mentions":[],"hashtags":[],"geo":"","raw":"토핑 재료도 신선하고 씹히는맛이 좋네요\n항상 맛있게 잘 먹고 있어요 \n불닭치즈크러스 가 제 입맛엔 그만이네요 \n어떨땐 양이 좀 모자라서 아예 라지\n사이즈로 먹고 남은 건 나중에 렌지에\n살짝 돌려서 먹으면 정말 맛있어요","polarity":{"com":0.0026477484213313423,"pos":0.4483547823103531,"neg":0.41190726088546403,"neut":0.026849136476510438,"none":0.11024107190634118},"intensity":{"high":0.09952692089473685,"low":0.07518017910526316,"meium":0.7149386418947369,"none":0.11035425810526317},"expressive":{"dir-action":0.000339558578929497,"dir-explicit":0.34208909371883744,"dir-speech":0.46901148276478893,"indirect":0.07660617820649443,"writing-device":0.11195368673094983}},{"id":"피자홈","permalink":"","username":"asdfg","text":"후기몰아올림\n저번에고구마먹고반해서 시킨것\n고구마치즈크러스트\n브랜즈피자포함 여태먹어본 고구마피자중 갑임","date":"Mon Dec 10 23:59:44 +0000 2018","retweets":"30","favorites":"20","mentions":[],"hashtags":[],"geo":"","raw":"후기몰아올림\n저번에고구마먹고반해서 시킨것\n고구마치즈크러스트\n브랜즈피자포함 여태먹어본 고구마피자중 갑임","polarity":{"com":0.010912698498181215,"pos":0.38690476176884925,"neg":0.5006613757498897,"neut":0.02447089932925485,"none":0.07705026465382495},"intensity":{"high":0.07539682533333335,"low":0.15674603150000002,"meium":0.6908068785000001,"none":0.07705026466666667},"expressive":{"dir-action":0,"dir-explicit":0.43783068790630514,"dir-speech":0.4467592592411266,"indirect":0.027447090004574515,"writing-device":0.08796296284799382}}]