[{"id":"빨간모자피자 명일점CESCO","permalink":"","username":"asdfg","text":"아주 맛있네요 만족합니다","date":"Mon Dec 10 23:59:44 +0000 2018","retweets":"30","favorites":"20","mentions":[],"hashtags":[],"geo":"","raw":"아주 맛있네요 만족합니다","polarity":{"com":0,"pos":0.375,"neg":0.625,"neut":0,"none":0},"intensity":{"high":0.125,"low":0,"meium":0.875,"none":0},"expressive":{"dir-action":0,"dir-explicit":0.5,"dir-speech":0.125,"indirect":0.375,"writing-device":0}},{"id":"빨간모자피자 명일점CESCO","permalink":"","username":"asdfg","text":"토핑이 약한거에비해 빵이 넘 두껍네요. 느끼해요리코타 피자는 맛있엇는데...","date":"Mon Dec 10 23:59:44 +0000 2018","retweets":"30","favorites":"20","mentions":[],"hashtags":[],"geo":"","raw":"토핑이 약한거에비해 빵이 넘 두껍네요. 느끼해요리코타 피자는 맛있엇는데...","polarity":{"com":0.0055768714450640956,"pos":0.5072563790563618,"neg":0.40753555348972614,"neut":0.02969053222552117,"none":0.04994066378332673},"intensity":{"high":0.07154716856350524,"low":0.13182031779242448,"meium":0.7459634249717737,"none":0.05066908867229657},"expressive":{"dir-action":0.001206322111245147,"dir-explicit":0.2763117300307013,"dir-speech":0.24324338558258263,"indirect":0.37148919826349885,"writing-device":0.10774936401197216}},{"id":"빨간모자피자 명일점CESCO","permalink":"","username":"asdfg","text":"처음 시켜봤는데 맛있네요. 피자도우나 재료들 다 좋아요.","date":"Mon Dec 10 23:59:44 +0000 2018","retweets":"30","favorites":"20","mentions":[],"hashtags":[],"geo":"","raw":"처음 시켜봤는데 맛있네요. 피자도우나 재료들 다 좋아요.","polarity":{"com":0.03579710139284058,"pos":0.4169192545166161,"neg":0.40332091111933577,"neut":0.02024844719595031,"none":0.12371428577525716},"intensity":{"high":0.07436853,"low":0.0627412008,"meium":0.7362774326,"none":0.12661283660000003},"expressive":{"dir-action":0,"dir-explicit":0.2490683229501863,"dir-speech":0.4987577639002484,"indirect":0.12988819877402233,"writing-device":0.12228571437554284}},{"id":"빨간모자피자 명일점CESCO","permalink":"","username":"asdfg","text":"피자랑 올리브 많아서 좋았어요 ㅎㅎ","date":"Mon Dec 10 23:59:44 +0000 2018","retweets":"30","favorites":"20","mentions":[],"hashtags":[],"geo":"","raw":"피자랑 올리브 많아서 좋았어요 ㅎㅎ","polarity":{"com":0,"pos":0.6556521740000001,"neg":0.3026086955,"neut":0.0217391305,"none":0.02},"intensity":{"high":0.23043478261521738,"low":0.1286956520643478,"meium":0.6208695653104348,"none":0.020000000009999998},"expressive":{"dir-action":0,"dir-explicit":0.5608695652804347,"dir-speech":0.20869565210434782,"indirect":0.21043478260521742,"writing-device":0.020000000009999998}},{"id":"빨간모자피자 명일점CESCO","permalink":"","username":"asdfg","text":"너무맛잇어요 대신에 양이..","date":"Mon Dec 10 23:59:44 +0000 2018","retweets":"30","favorites":"20","mentions":[],"hashtags":[],"geo":"","raw":"너무맛잇어요 대신에 양이..","polarity":{"com":0.142857143,"pos":0.142857143,"neg":0.714285714,"neut":0,"none":0},"intensity":{"high":0.142857143,"low":0.142857143,"meium":0.714285714,"none":0},"expressive":{"dir-action":0,"dir-explicit":0.5714285710000001,"dir-speech":0.28571428600000004,"indirect":0.14285714300000002,"writing-device":0}},{"id":"빨간모자피자 명일점CESCO","permalink":"","username":"asdfg","text":"너무 너무 맛있어요굿","date":"Mon Dec 10 23:59:44 +0000 2018","retweets":"30","favorites":"20","mentions":[],"hashtags":[],"geo":"","raw":"너무 너무 맛있어요굿","polarity":{"com":0.047619047666666664,"pos":0.380952381,"neg":0.5714285713333332,"neut":0,"none":0},"intensity":{"high":0.047619047666666664,"low":0.047619047666666664,"meium":0.9047619046666666,"none":0},"expressive":{"dir-action":0,"dir-explicit":0.19047619033333332,"dir-speech":0.42857142866666664,"indirect":0.380952381,"writing-device":0}},{"id":"빨간모자피자 명일점CESCO","permalink":"","username":"asdfg","text":"맛나요 맛나 피자!","date":"Mon Dec 10 23:59:44 +0000 2018","retweets":"30","favorites":"20","mentions":[],"hashtags":[],"geo":"","raw":"맛나요 맛나 피자!","polarity":{"com":0,"pos":1,"neg":0,"neut":0,"none":0},"intensity":{"high":0,"low":0,"meium":1,"none":0},"expressive":{"dir-action":0,"dir-explicit":0,"dir-speech":1,"indirect":0,"writing-device":0}},{"id":"빨간모자피자 명일점CESCO","permalink":"","username":"asdfg","text":"불고기가 맛있습니다. 직접 양념을 해서 그런지 다른 피자집들과 다릅니다","date":"Mon Dec 10 23:59:44 +0000 2018","retweets":"30","favorites":"20","mentions":[],"hashtags":[],"geo":"","raw":"불고기가 맛있습니다. 직접 양념을 해서 그런지 다른 피자집들과 다릅니다","polarity":{"com":0.0035714286007142854,"pos":0.3321428572664286,"neg":0.5642857143128572,"neut":0.030357142806071425,"none":0.06964285701392857},"intensity":{"high":0.12738095239999997,"low":0.11666666679999997,"meium":0.6845238093999999,"none":0.07142857139999999},"expressive":{"dir-action":0,"dir-explicit":0.3488095238697619,"dir-speech":0.42916666668583336,"indirect":0.1523809524304762,"writing-device":0.06964285701392857}},{"id":"빨간모자피자 명일점CESCO","permalink":"","username":"asdfg","text":"독특한 맛!!!!잘 먹었습니다","date":"Mon Dec 10 23:59:44 +0000 2018","retweets":"30","favorites":"20","mentions":[],"hashtags":[],"geo":"","raw":"독특한 맛!!!!잘 먹었습니다","polarity":{"com":0,"pos":0.9047619049682539,"neg":0.07142857135714285,"neut":0.023809523674603175,"none":0},"intensity":{"high":0,"low":0.07142857133333333,"meium":0.9285714286666668,"none":0},"expressive":{"dir-action":0,"dir-explicit":0.07142857133333333,"dir-speech":0.380952381,"indirect":0.5476190476666667,"writing-device":0}},{"id":"빨간모자피자 명일점CESCO","permalink":"","username":"asdfg","text":"주문도빠르고 피자도 넘맛있어요.온가족 맛있게 잘먹었어요~28개월 아들도 큰한조각뚝딱ㅋㅋㅋ","date":"Mon Dec 10 23:59:44 +0000 2018","retweets":"30","favorites":"20","mentions":[],"hashtags":[],"geo":"","raw":"주문도빠르고 피자도 넘맛있어요.온가족 맛있게 잘먹었어요~28개월 아들도 큰한조각뚝딱ㅋㅋㅋ","polarity":{"com":0.0008928571252232143,"pos":0.4827380952456845,"neg":0.409523809602381,"neut":0.010714285627678571,"none":0.09613095239903273},"intensity":{"high":0.042857142875000004,"low":0.082738095125,"meium":0.778273809625,"none":0.096130952375},"expressive":{"dir-action":0,"dir-explicit":0.2,"dir-speech":0.4220238095,"indirect":0.28273809525,"writing-device":0.09523809525}}]