[{"id":"브라운돈까스-강남본점","permalink":"","username":"asdfg","text":"맛있어요 피자돈까스 추천","date":"Mon Dec 10 23:59:44 +0000 2018","retweets":"30","favorites":"20","mentions":[],"hashtags":[],"geo":"","raw":"맛있어요 피자돈까스 추천","polarity":{"com":0,"pos":0.3333333335,"neg":0.5,"neut":0.1666666665,"none":0},"intensity":{"high":0.1666666665,"low":0,"meium":0.8333333334999999,"none":0},"expressive":{"dir-action":0,"dir-explicit":0.1666666665,"dir-speech":0.5,"indirect":0.3333333335,"writing-device":0}},{"id":"브라운돈까스-강남본점","permalink":"","username":"asdfg","text":"진짜 맛있어요. 가장 함박스테이크다운 맛이에요. 사이드로 나오는 음식들도 맛있고요. 배달이 왔는데 아직도 김이 모락모락하는것을보고 감동받았습니다. 브라운돈까스는 사랑입니다","date":"Mon Dec 10 23:59:44 +0000 2018","retweets":"30","favorites":"20","mentions":[],"hashtags":[],"geo":"","raw":"진짜 맛있어요. 가장 함박스테이크다운 맛이에요. 사이드로 나오는 음식들도 맛있고요. 배달이 왔는데 아직도 김이 모락모락하는것을보고 감동받았습니다. 브라운돈까스는 사랑입니다","polarity":{"com":0.011259580666666666,"pos":0.48241388446666666,"neg":0.32746346066666665,"neut":0.07847639599999999,"none":0.10038667820000001},"intensity":{"high":0.0776541766,"low":0.061344788733333336,"meium":0.7574038495333333,"none":0.10359718513333332},"expressive":{"dir-action":0.005821874001164374,"dir-explicit":0.1531984406306397,"dir-speech":0.5186834887037367,"indirect":0.2148010539096269,"writing-device":0.10749514275483237}},{"id":"브라운돈까스-강남본점","permalink":"","username":"asdfg","text":"어제에 이어서 오늘도 시켜먹었습니다. 진짜 맛있으니깐 연속 두번 시켜먹었습니다. 함박 소스는 어머니가 해주신 추억의 맛이 나고요. 고기는 입안에서 사르르 녹습니다. 그냥 먹어보면 알아요. 오늘은 사장님이 배달이 늦어진다고 미안하다고 전화도 주실정도로 친절하시며. 선한 목소리의 소유자 이십니다. 그냥 맛이있어요. 설명이 필요가 없음. 제 불면증이 나았어요. 맛있어서 먹고 배불러서 잠이 솔솔와요. 거의 이정도면 알바생아나냐 할텐데. 아닙니다. 거두절미 하고 맛이 있습니다. 그게 다에요 맛있어요. 허겁지겁 먹느라 오늘은 사진이 없네요 ㅠ","date":"Mon Dec 10 23:59:44 +0000 2018","retweets":"30","favorites":"20","mentions":[],"hashtags":[],"geo":"","raw":"어제에 이어서 오늘도 시켜먹었습니다. 진짜 맛있으니깐 연속 두번 시켜먹었습니다. 함박 소스는 어머니가 해주신 추억의 맛이 나고요. 고기는 입안에서 사르르 녹습니다. 그냥 먹어보면 알아요. 오늘은 사장님이 배달이 늦어진다고 미안하다고 전화도 주실정도로 친절하시며. 선한 목소리의 소유자 이십니다. 그냥 맛이있어요. 설명이 필요가 없음. 제 불면증이 나았어요. 맛있어서 먹고 배불러서 잠이 솔솔와요. 거의 이정도면 알바생아나냐 할텐데. 아닙니다. 거두절미 하고 맛이 있습니다. 그게 다에요 맛있어요. 허겁지겁 먹느라 오늘은 사진이 없네요 ㅠ","polarity":{"com":0.005726664622094961,"pos":0.33746592959250066,"neg":0.5257678234549831,"neut":0.04182832777684825,"none":0.08921125455357307},"intensity":{"high":0.0880828070280944,"low":0.07673301816067109,"meium":0.7439509984495968,"none":0.09123317636163777},"expressive":{"dir-action":0.000947910600063194,"dir-explicit":0.19809019499098376,"dir-speech":0.4930715762550937,"indirect":0.2036615649024664,"writing-device":0.10422875325139302}},{"id":"브라운돈까스-강남본점","permalink":"","username":"asdfg","text":"아직은 안먹어봤지만 사장님이 매우 친절하셔서 미리 후기날려요 배달은 1시간20분? 정도 걸린거같아요 \n사장님이 매우 친절하십니다","date":"Mon Dec 10 23:59:44 +0000 2018","retweets":"30","favorites":"20","mentions":[],"hashtags":[],"geo":"","raw":"아직은 안먹어봤지만 사장님이 매우 친절하셔서 미리 후기날려요 배달은 1시간20분? 정도 걸린거같아요 \n사장님이 매우 친절하십니다","polarity":{"com":0.003870967799999999,"pos":0.48655913970000003,"neg":0.38845430109999995,"neut":0.035940860299999995,"none":0.08517473109999998},"intensity":{"high":0.28420698920000004,"low":0.04322580640000001,"meium":0.5869623657000002,"none":0.0856048387},"expressive":{"dir-action":0.0012903226,"dir-explicit":0.22321236569999997,"dir-speech":0.2476747312,"indirect":0.3363978494,"writing-device":0.1914247311}},{"id":"브라운돈까스-강남본점","permalink":"","username":"asdfg","text":"거짓말안하고 제가 입맛이 까다로운편이라 배달음식을 잘 안좋아합니다. 그런데 요기 사장님은 친절하고 밥도 맛있어요. 배달도 빠르고. 안먹으면 손해 입니다. 다른곳 말고 여기 드시면 됩니다. 믿으시면 복이와요. 다른곳에 시켜서 후회하지마시고 까다로운 저의 혓바닥과 사장님의 손맛을 믿으시면됩니다. 저번에 비회원이라 후기 못남긴거 까지 같이 올려드려요. 돈까스, 함박 둘다 맛있어요 :)  verry 맛있어요 ;)","date":"Mon Dec 10 23:59:44 +0000 2018","retweets":"30","favorites":"20","mentions":[],"hashtags":[],"geo":"","raw":"거짓말안하고 제가 입맛이 까다로운편이라 배달음식을 잘 안좋아합니다. 그런데 요기 사장님은 친절하고 밥도 맛있어요. 배달도 빠르고. 안먹으면 손해 입니다. 다른곳 말고 여기 드시면 됩니다. 믿으시면 복이와요. 다른곳에 시켜서 후회하지마시고 까다로운 저의 혓바닥과 사장님의 손맛을 믿으시면됩니다. 저번에 비회원이라 후기 못남긴거 까지 같이 올려드려요. 돈까스, 함박 둘다 맛있어요 :)  verry 맛있어요 ;)","polarity":{"com":0.01734824949662673,"pos":0.3146719737443694,"neg":0.5164420445384698,"neut":0.1348247227237841,"none":0.01671300949675025},"intensity":{"high":0.1396438256350099,"low":0.11630756360788035,"meium":0.7131451318135238,"none":0.030903478943586016},"expressive":{"dir-action":0.0010770872222521412,"dir-explicit":0.2589675918405268,"dir-speech":0.41100753137252805,"indirect":0.2919433680358873,"writing-device":0.037004421528805675}},{"id":"브라운돈까스-강남본점","permalink":"","username":"asdfg","text":"양이 생각보다 많아서 놀랐고 스프도 같이왔는데 스프가 따뜻한 건 또 처음이네요 ㅎㅎ 맛도 너무 좋은데 양도 많고 배달도 빠른편이고 너무 만족 ! 다음에도 이용할게요 ~","date":"Mon Dec 10 23:59:44 +0000 2018","retweets":"30","favorites":"20","mentions":[],"hashtags":[],"geo":"","raw":"양이 생각보다 많아서 놀랐고 스프도 같이왔는데 스프가 따뜻한 건 또 처음이네요 ㅎㅎ 맛도 너무 좋은데 양도 많고 배달도 빠른편이고 너무 만족 ! 다음에도 이용할게요 ~","polarity":{"com":0.020396067348980196,"pos":0.40889618182955517,"neg":0.33165400268341727,"neut":0.13588922124320554,"none":0.10316452689484179},"intensity":{"high":0.08910287121336542,"low":0.12504110266875615,"meium":0.681987393552298,"none":0.10386863256558028},"expressive":{"dir-action":0.00047273080000000004,"dir-explicit":0.28388761305000004,"dir-speech":0.35417101285,"indirect":0.24955452654999996,"writing-device":0.11191411675000003}},{"id":"브라운돈까스-강남본점","permalink":"","username":"asdfg","text":"항상 실패없이 맛있어요~","date":"Mon Dec 10 23:59:44 +0000 2018","retweets":"30","favorites":"20","mentions":[],"hashtags":[],"geo":"","raw":"항상 실패없이 맛있어요~","polarity":{"com":0,"pos":0.6470588238235294,"neg":0.23529411761764707,"neut":0.08823529404411766,"none":0.029411764514705882},"intensity":{"high":0.08823529404411765,"low":0.02941176451470588,"meium":0.8529411769264705,"none":0.02941176451470588},"expressive":{"dir-action":0,"dir-explicit":0.3088235295,"dir-speech":0.3088235295,"indirect":0.3529411765,"writing-device":0.0294117645}},{"id":"브라운돈까스-강남본점","permalink":"","username":"asdfg","text":"너무 맛있어요~~👍🏼👍🏼","date":"Mon Dec 10 23:59:44 +0000 2018","retweets":"30","favorites":"20","mentions":[],"hashtags":[],"geo":"","raw":"너무 맛있어요~~👍🏼👍🏼","polarity":{"com":0.142857143,"pos":0.142857143,"neg":0.714285714,"neut":0,"none":0},"intensity":{"high":0.142857143,"low":0.142857143,"meium":0.714285714,"none":0},"expressive":{"dir-action":0,"dir-explicit":0.5714285710000001,"dir-speech":0.28571428600000004,"indirect":0.14285714300000002,"writing-device":0}},{"id":"브라운돈까스-강남본점","permalink":"","username":"asdfg","text":"맛있어요 브라운돈까스는 워낙 유명하니까","date":"Mon Dec 10 23:59:44 +0000 2018","retweets":"30","favorites":"20","mentions":[],"hashtags":[],"geo":"","raw":"맛있어요 브라운돈까스는 워낙 유명하니까","polarity":{"com":0.006451613002150538,"pos":0.2778631164259544,"neg":0.6202082268734027,"neut":0.05970302101990101,"none":0.035774022678591345},"intensity":{"high":0.057176992666666655,"low":0.11807475666666666,"meium":0.7882573819999998,"none":0.03649086866666666},"expressive":{"dir-action":0.002150537666666667,"dir-explicit":0.1575695513333334,"dir-speech":0.6537634410000001,"indirect":0.14545144200000001,"writing-device":0.041065028}},{"id":"브라운돈까스-강남본점","permalink":"","username":"asdfg","text":"맛있어요.ㅜㅜ..  .","date":"Mon Dec 10 23:59:44 +0000 2018","retweets":"30","favorites":"20","mentions":[],"hashtags":[],"geo":"","raw":"맛있어요.ㅜㅜ..  .","polarity":{"com":0,"pos":0,"neg":1,"neut":0,"none":0},"intensity":{"high":0,"low":0,"meium":1,"none":0},"expressive":{"dir-action":0,"dir-explicit":0,"dir-speech":1,"indirect":0,"writing-device":0}},{"id":"브라운돈까스-강남본점","permalink":"","username":"asdfg","text":"돈까스가 바삭바삭 얌얌 넘 맛있어요","date":"Mon Dec 10 23:59:44 +0000 2018","retweets":"30","favorites":"20","mentions":[],"hashtags":[],"geo":"","raw":"돈까스가 바삭바삭 얌얌 넘 맛있어요","polarity":{"com":0.0089285715,"pos":0.205357143,"neg":0.732142857,"neut":0.0401785715,"none":0.013392857},"intensity":{"high":0.080357143,"low":0.0535714285,"meium":0.8482142855,"none":0.017857143},"expressive":{"dir-action":0,"dir-explicit":0.1875,"dir-speech":0.65625,"indirect":0.142857143,"writing-device":0.013392857}},{"id":"브라운돈까스-강남본점","permalink":"","username":"asdfg","text":"오랜만에 맛났구욤ㅋㅋ소스 많이주셔서 감사해유","date":"Mon Dec 10 23:59:44 +0000 2018","retweets":"30","favorites":"20","mentions":[],"hashtags":[],"geo":"","raw":"오랜만에 맛났구욤ㅋㅋ소스 많이주셔서 감사해유","polarity":{"com":0,"pos":0.6666666665000001,"neg":0.277777778,"neut":0.0555555555,"none":0},"intensity":{"high":0.5000000000000001,"low":0.27777777800000003,"meium":0.22222222200000002,"none":0},"expressive":{"dir-action":0,"dir-explicit":0.111111111,"dir-speech":0.7777777779999999,"indirect":0.111111111,"writing-device":0}},{"id":"브라운돈까스-강남본점","permalink":"","username":"asdfg","text":"맛있게 잘 먹었습니다^^\n다음엔 다른메뉴 주문해봐야겠어요","date":"Mon Dec 10 23:59:44 +0000 2018","retweets":"30","favorites":"20","mentions":[],"hashtags":[],"geo":"","raw":"맛있게 잘 먹었습니다^^\n다음엔 다른메뉴 주문해봐야겠어요","polarity":{"com":0,"pos":0.25793650787896827,"neg":0.6805555558402778,"neut":0.04166666652083333,"none":0.01984126975992064},"intensity":{"high":0.007936508,"low":0.11309523799999999,"meium":0.85912698425,"none":0.01984126975},"expressive":{"dir-action":0,"dir-explicit":0.09325396825,"dir-speech":0.7023809525,"indirect":0.1805555555,"writing-device":0.02380952375}},{"id":"브라운돈까스-강남본점","permalink":"","username":"asdfg","text":"브라운돈까스 첨 먹어봤는데 맛있어용","date":"Mon Dec 10 23:59:44 +0000 2018","retweets":"30","favorites":"20","mentions":[],"hashtags":[],"geo":"","raw":"브라운돈까스 첨 먹어봤는데 맛있어용","polarity":{"com":0,"pos":0.1666666665,"neg":0.8333333334999999,"neut":0,"none":0},"intensity":{"high":0.0555555555,"low":0.111111111,"meium":0.8333333334999999,"none":0},"expressive":{"dir-action":0,"dir-explicit":0.111111111,"dir-speech":0.888888889,"indirect":0,"writing-device":0}},{"id":"브라운돈까스-강남본점","permalink":"","username":"asdfg","text":"맛있었어요 다음에도 또 이용할게요~","date":"Mon Dec 10 23:59:44 +0000 2018","retweets":"30","favorites":"20","mentions":[],"hashtags":[],"geo":"","raw":"맛있었어요 다음에도 또 이용할게요~","polarity":{"com":0.00178571425,"pos":0.3035714285,"neg":0.58214285725,"neut":0.0035714285,"none":0.1089285715},"intensity":{"high":0.03571428574999999,"low":0.2785714285,"meium":0.57678571425,"none":0.1089285715},"expressive":{"dir-action":0,"dir-explicit":0.046428571488392856,"dir-speech":0.8249999997937499,"indirect":0.02142857149464285,"writing-device":0.10714285722321429}},{"id":"브라운돈까스-강남본점","permalink":"","username":"asdfg","text":"두번째 시켜먹는건데 이것도 실패없이 맛있었어요!","date":"Mon Dec 10 23:59:44 +0000 2018","retweets":"30","favorites":"20","mentions":[],"hashtags":[],"geo":"","raw":"두번째 시켜먹는건데 이것도 실패없이 맛있었어요!","polarity":{"com":0.0044642857511160705,"pos":0.17471988779367995,"neg":0.5655637256413909,"neut":0.05304621851326156,"none":0.20220588230055145},"intensity":{"high":0.3263597105,"low":0.08365429499999999,"meium":0.38778011225,"none":0.20220588225},"expressive":{"dir-action":0,"dir-explicit":0.10282446299999999,"dir-speech":0.5051062092499999,"indirect":0.180934874,"writing-device":0.21113445375}},{"id":"브라운돈까스-강남본점","permalink":"","username":"asdfg","text":"굳굳맛있어요^^♥....","date":"Mon Dec 10 23:59:44 +0000 2018","retweets":"30","favorites":"20","mentions":[],"hashtags":[],"geo":"","raw":"굳굳맛있어요^^♥....","polarity":{"com":null,"pos":null,"neg":null,"neut":null,"none":null},"intensity":{"high":null,"low":null,"meium":null,"none":null},"expressive":{"dir-action":null,"dir-explicit":null,"dir-speech":null,"indirect":null,"writing-device":null}},{"id":"브라운돈까스-강남본점","permalink":"","username":"asdfg","text":"첫주문이었는데 밥이랑 소스 많이 주셔서 하나도 안모자르고 돈까스도 맛있어서 다 먹었어요! 다음에는 피자돈까스? 그거 먹어봤야겠네용","date":"Mon Dec 10 23:59:44 +0000 2018","retweets":"30","favorites":"20","mentions":[],"hashtags":[],"geo":"","raw":"첫주문이었는데 밥이랑 소스 많이 주셔서 하나도 안모자르고 돈까스도 맛있어서 다 먹었어요! 다음에는 피자돈까스? 그거 먹어봤야겠네용","polarity":{"com":0.0027289703638844524,"pos":0.3875095491261373,"neg":0.4583513710416684,"neut":0.05272684827752063,"none":0.0986832611907894},"intensity":{"high":0.09194359563636363,"low":0.1686104744545454,"meium":0.5953081232727272,"none":0.1441378066363636},"expressive":{"dir-action":0,"dir-explicit":0.3735432052048103,"dir-speech":0.4718285799142129,"indirect":0.04768695353678419,"writing-device":0.10694126134419248}},{"id":"브라운돈까스-강남본점","permalink":"","username":"asdfg","text":"맛있어요!!스프랑 빵도 좋았어요","date":"Mon Dec 10 23:59:44 +0000 2018","retweets":"30","favorites":"20","mentions":[],"hashtags":[],"geo":"","raw":"맛있어요!!스프랑 빵도 좋았어요","polarity":{"com":0,"pos":0.5,"neg":0.5,"neut":0,"none":0},"intensity":{"high":0,"low":0,"meium":1,"none":0},"expressive":{"dir-action":0,"dir-explicit":0.5,"dir-speech":0.5,"indirect":0,"writing-device":0}},{"id":"브라운돈까스-강남본점","permalink":"","username":"asdfg","text":"빠른배달 감사하고요 맜있게 먹느라 다먹은사진이네녀 ㅎ","date":"Mon Dec 10 23:59:44 +0000 2018","retweets":"30","favorites":"20","mentions":[],"hashtags":[],"geo":"","raw":"빠른배달 감사하고요 맜있게 먹느라 다먹은사진이네녀 ㅎ","polarity":{"com":0.0032258064999999996,"pos":0.7606246798333333,"neg":0.16989247316666667,"neut":0.013978494666666667,"none":0.05227854583333333},"intensity":{"high":0.08943505715176082,"low":0.11194743114800876,"meium":0.7459805428756698,"none":0.0526369688245605},"expressive":{"dir-action":0.001075268833154122,"dir-explicit":0.16079535763986744,"dir-speech":0.3930192866011635,"indirect":0.3928315411011947,"writing-device":0.052278545824620236}},{"id":"브라운돈까스-강남본점","permalink":"","username":"asdfg","text":"배달도 빠르고 맛도 괜찮았어요 ㅋ","date":"Mon Dec 10 23:59:44 +0000 2018","retweets":"30","favorites":"20","mentions":[],"hashtags":[],"geo":"","raw":"배달도 빠르고 맛도 괜찮았어요 ㅋ","polarity":{"com":0,"pos":1,"neg":0,"neut":0,"none":0},"intensity":{"high":0,"low":0.111111111,"meium":0.888888889,"none":0},"expressive":{"dir-action":0,"dir-explicit":0,"dir-speech":0.6666666666666666,"indirect":0.3333333333333333,"writing-device":0}},{"id":"브라운돈까스-강남본점","permalink":"","username":"asdfg","text":"맛있어요^ ^ 수제 돈까스소스가 맛나요! 스프랑 딸기쨈에 빵까지!! 담엔 함박스테이크 시켜볼께요!","date":"Mon Dec 10 23:59:44 +0000 2018","retweets":"30","favorites":"20","mentions":[],"hashtags":[],"geo":"","raw":"맛있어요^ ^ 수제 돈까스소스가 맛나요! 스프랑 딸기쨈에 빵까지!! 담엔 함박스테이크 시켜볼께요!","polarity":{"com":0.026461039004410176,"pos":0.3168169793861361,"neg":0.48855218858142546,"neut":0.029265873004877645,"none":0.13890392002315066},"intensity":{"high":0.0707130831902377,"low":0.09617604603205868,"meium":0.6851430978950477,"none":0.14796777288265592},"expressive":{"dir-action":0,"dir-explicit":0.16622775386103794,"dir-speech":0.5094065657515677,"indirect":0.17524050019587342,"writing-device":0.14912518019152088}},{"id":"브라운돈까스-강남본점","permalink":"","username":"asdfg","text":"얇은 돈까스를 좋아하는 딸아이를 위해 안심돈까스를 주문했어요 바삭바삭한게 딱 자기 취향이라고 지금 폭풍 흡입중이예요^^","date":"Mon Dec 10 23:59:44 +0000 2018","retweets":"30","favorites":"20","mentions":[],"hashtags":[],"geo":"","raw":"얇은 돈까스를 좋아하는 딸아이를 위해 안심돈까스를 주문했어요 바삭바삭한게 딱 자기 취향이라고 지금 폭풍 흡입중이예요^^","polarity":{"com":0.01841918889093546,"pos":0.5058956661673217,"neg":0.33716682481524074,"neut":0.06431790545159087,"none":0.07420041467491115},"intensity":{"high":0.09489649289943294,"low":0.1198635503466515,"meium":0.709523454189947,"none":0.07571650256396849},"expressive":{"dir-action":0.004824841553947276,"dir-explicit":0.28988895201448145,"dir-speech":0.2936550982354483,"indirect":0.21671543826109485,"writing-device":0.19491566993502812}},{"id":"브라운돈까스-강남본점","permalink":"","username":"asdfg","text":"매운 돈가스 괜촨아요\n양도 많은편이에요","date":"Mon Dec 10 23:59:44 +0000 2018","retweets":"30","favorites":"20","mentions":[],"hashtags":[],"geo":"","raw":"매운 돈가스 괜촨아요\n양도 많은편이에요","polarity":{"com":0,"pos":0.46376811600000006,"neg":0.35507246366666667,"neut":0.18115942033333332,"none":0},"intensity":{"high":0.08695652169565217,"low":0.2391304347463768,"meium":0.673913043557971,"none":0},"expressive":{"dir-action":0,"dir-explicit":0.5072463768357488,"dir-speech":0.23913043474637677,"indirect":0.2536231884178744,"writing-device":0}},{"id":"브라운돈까스-강남본점","permalink":"","username":"asdfg","text":"배부르게 잘먹었어요! 포장도 굿","date":"Mon Dec 10 23:59:44 +0000 2018","retweets":"30","favorites":"20","mentions":[],"hashtags":[],"geo":"","raw":"배부르게 잘먹었어요! 포장도 굿","polarity":{"com":0,"pos":0.6130952382043651,"neg":0.3630952381210318,"neut":0.023809523674603175,"none":0},"intensity":{"high":0,"low":0.15476190466666664,"meium":0.8452380953333334,"none":0},"expressive":{"dir-action":0,"dir-explicit":0.238095238,"dir-speech":0.047619047666666664,"indirect":0.7142857143333333,"writing-device":0}},{"id":"브라운돈까스-강남본점","permalink":"","username":"asdfg","text":"일단 배달은 빨랐구요~\n돈까스도 먹을만했어요~ \n까르보나라소스는 좀 많이 묽다는 느낌을 받았지만 매운소스는 딱 알맞게 매우면서 맛있었어요.","date":"Mon Dec 10 23:59:44 +0000 2018","retweets":"30","favorites":"20","mentions":[],"hashtags":[],"geo":"","raw":"일단 배달은 빨랐구요~\n돈까스도 먹을만했어요~ \n까르보나라소스는 좀 많이 묽다는 느낌을 받았지만 매운소스는 딱 알맞게 매우면서 맛있었어요.","polarity":{"com":0.0024092010004818404,"pos":0.3354600916670921,"neg":0.46109349389221876,"neut":0.03820293850764058,"none":0.16283427493256686},"intensity":{"high":0.04370763800437076,"low":0.20606572242060656,"meium":0.5873923646587392,"none":0.16283427491628344},"expressive":{"dir-action":0,"dir-explicit":0.1583680040841632,"dir-speech":0.5177243181482275,"indirect":0.1586130853841387,"writing-device":0.16529459238347052}},{"id":"브라운돈까스-강남본점","permalink":"","username":"asdfg","text":"오징어 돈가스.진심혁명 특모듬..사랑합니다","date":"Mon Dec 10 23:59:44 +0000 2018","retweets":"30","favorites":"20","mentions":[],"hashtags":[],"geo":"","raw":"오징어 돈가스......진심.....혁명 특모듬..사랑합니다","polarity":{"com":0.10000000000000002,"pos":0.8,"neg":0.10000000000000002,"neut":0,"none":0},"intensity":{"high":0.10000000000000002,"low":0,"meium":0.9,"none":0},"expressive":{"dir-action":0,"dir-explicit":0.6,"dir-speech":0.2,"indirect":0.2,"writing-device":0}},{"id":"브라운돈까스-강남본점","permalink":"","username":"asdfg","text":"맛있게 잘 먹었습니다","date":"Mon Dec 10 23:59:44 +0000 2018","retweets":"30","favorites":"20","mentions":[],"hashtags":[],"geo":"","raw":"맛있게 잘 먹었습니다","polarity":{"com":0,"pos":0.35714285717857136,"neg":0.6071428573035714,"neut":0.03571428551785714,"none":0},"intensity":{"high":0,"low":0.107142857,"meium":0.8928571430000001,"none":0},"expressive":{"dir-action":0,"dir-explicit":0.107142857,"dir-speech":0.5714285715,"indirect":0.3214285715,"writing-device":0}},{"id":"브라운돈까스-강남본점","permalink":"","username":"asdfg","text":"걍 시키시길.\n배달 주문하고 열에 아홉은 후회하는데\n여긴 딱 생각한 만큼 옴.\n너무 많은 기대는 말고,\n후회는 엄슴","date":"Mon Dec 10 23:59:44 +0000 2018","retweets":"30","favorites":"20","mentions":[],"hashtags":[],"geo":"","raw":"걍 시키시길.\n배달 주문하고 열에 아홉은 후회하는데\n여긴 딱 생각한 만큼 옴.\n너무 많은 기대는 말고,\n후회는 엄슴","polarity":{"com":0.0267741315,"pos":0.5401258888125,"neg":0.27215331681250005,"neut":0.0981003505625,"none":0.0628463123125},"intensity":{"high":0.06658022282914505,"low":0.12006862728001716,"meium":0.750236020312559,"none":0.06311512957827878},"expressive":{"dir-action":0.000806451625,"dir-explicit":0.35295422068750004,"dir-speech":0.3729219477500001,"indirect":0.20947900412499998,"writing-device":0.0638383758125}},{"id":"브라운돈까스-강남본점","permalink":"","username":"asdfg","text":"돈까슈맛있어요~^^돈까슈는 브라운으로~","date":"Mon Dec 10 23:59:44 +0000 2018","retweets":"30","favorites":"20","mentions":[],"hashtags":[],"geo":"","raw":"돈까슈맛있어요~^^돈까슈는 브라운으로~","polarity":{"com":0,"pos":0.4087301587043651,"neg":0.5039682542519841,"neut":0.04761904752380952,"none":0.03968253951984128},"intensity":{"high":0.015873016000000004,"low":0.11904761900000001,"meium":0.8253968255,"none":0.03968253950000001},"expressive":{"dir-action":0,"dir-explicit":0.0793650795,"dir-speech":0.5833333334999999,"indirect":0.2896825395,"writing-device":0.0476190475}},{"id":"브라운돈까스-강남본점","permalink":"","username":"asdfg","text":"여기지존맛탱깍두기기가막히네여\n맛있게뚝딱했습니다뚝딱뚝딱","date":"Mon Dec 10 23:59:44 +0000 2018","retweets":"30","favorites":"20","mentions":[],"hashtags":[],"geo":"","raw":"여기지존맛탱깍두기기가막히네여\n맛있게뚝딱했습니다뚝딱뚝딱","polarity":{"com":0,"pos":0.5,"neg":0.25,"neut":0.25,"none":0},"intensity":{"high":0,"low":0,"meium":1,"none":0},"expressive":{"dir-action":0,"dir-explicit":0,"dir-speech":0.5,"indirect":0.5,"writing-device":0}},{"id":"브라운돈까스-강남본점","permalink":"","username":"asdfg","text":"소스도 돈까스도 다 맛있어요 돈까스 먹고플때 또 주문할게요^^","date":"Mon Dec 10 23:59:44 +0000 2018","retweets":"30","favorites":"20","mentions":[],"hashtags":[],"geo":"","raw":"소스도 돈까스도 다 맛있어요 돈까스 먹고플때 또 주문할게요^^","polarity":{"com":0.0028571427994285715,"pos":0.35844155832831165,"neg":0.4041558443191688,"neut":0.06025974018794805,"none":0.17428571436514287},"intensity":{"high":0.0753246754,"low":0.10025974019999999,"meium":0.65012987,"none":0.1742857144},"expressive":{"dir-action":0,"dir-explicit":0.31064935067574023,"dir-speech":0.4836363634065454,"indirect":0.034285714386285714,"writing-device":0.17142857153142857}}]