[{"id":"리츠델리피자앤치킨CESCO","permalink":"","username":"asdfg","text":"맛잇다는 사람들 이해안감","date":"Mon Dec 10 23:59:44 +0000 2018","retweets":"30","favorites":"20","mentions":[],"hashtags":[],"geo":"","raw":"맛잇다는 사람들 이해안감","polarity":{"com":0.1,"pos":0.7,"neg":0.2,"neut":0,"none":0},"intensity":{"high":0,"low":0.1,"meium":0.9,"none":0},"expressive":{"dir-action":0,"dir-explicit":0,"dir-speech":0.9,"indirect":0.1,"writing-device":0}},{"id":"리츠델리피자앤치킨CESCO","permalink":"","username":"asdfg","text":"이게 무슨 피자냐 먹지마세요 대충먹다 그냥 다 버림..","date":"Mon Dec 10 23:59:44 +0000 2018","retweets":"30","favorites":"20","mentions":[],"hashtags":[],"geo":"","raw":"이게 무슨 피자냐 먹지마세요 대충먹다 그냥 다 버림..","polarity":{"com":0.0038126361666666665,"pos":0.17538126349999997,"neg":0.7685185186666667,"neut":0.015250544666666666,"none":0.037037037},"intensity":{"high":0.2249455337041576,"low":0.08769063168128177,"meium":0.6503267976083879,"none":0.03703703700617284},"expressive":{"dir-action":0,"dir-explicit":0.31045751633333335,"dir-speech":0.6263616558333333,"indirect":0.022875817000000003,"writing-device":0.040305010833333335}},{"id":"리츠델리피자앤치킨CESCO","permalink":"","username":"asdfg","text":"모바일로결제다했는데 배달하시는분이계속 결제하셨냐고 물어봐서 당황..\n썩유쾌하진않았지만 맛은  훈제치킨도맛나그피자도맛나그  좋아용","date":"Mon Dec 10 23:59:44 +0000 2018","retweets":"30","favorites":"20","mentions":[],"hashtags":[],"geo":"","raw":"모바일로결제다했는데 배달하시는분이계속 결제하셨냐고 물어봐서 당황..\n썩유쾌하진않았지만 맛은  훈제치킨도맛나그피자도맛나그  좋아용","polarity":{"com":0.00524223427320384,"pos":0.5749259232340842,"neg":0.29780350457252763,"neut":0.027230641184293695,"none":0.09479769673589072},"intensity":{"high":0.08616636055328787,"low":0.16051848283277445,"meium":0.6580489561507317,"none":0.09526620046320604},"expressive":{"dir-action":0.0008595105452982709,"dir-explicit":0.25593391513528474,"dir-speech":0.5265960802678916,"indirect":0.12139549688701898,"writing-device":0.09521499716450636}},{"id":"리츠델리피자앤치킨CESCO","permalink":"","username":"asdfg","text":"새우베이컨골드피자 먹었어요 \n역시 피자는 골드로 먹어야 해요\n새우랑 베이컨이 같이 들어있어서 진짜 이득인 피자에요b\n앞으로 제 최애메뉴입니다 ㅋㅋ","date":"Mon Dec 10 23:59:44 +0000 2018","retweets":"30","favorites":"20","mentions":[],"hashtags":[],"geo":"","raw":"새우베이컨골드피자 먹었어요 \n역시 피자는 골드로 먹어야 해요\n새우랑 베이컨이 같이 들어있어서 진짜 이득인 피자에요b\n앞으로 제 최애메뉴입니다 ㅋㅋ","polarity":{"com":0.006962603455811383,"pos":0.2594321401380786,"neg":0.4852140029973116,"neut":0.16966821439448515,"none":0.07872303901431328},"intensity":{"high":0.05587246238395361,"low":0.24043305736015746,"meium":0.6245709606816622,"none":0.07912351957422672},"expressive":{"dir-action":0.00040048054549095274,"dir-explicit":0.21398843883763533,"dir-speech":0.5444258601404024,"indirect":0.14190212192199111,"writing-device":0.0992830985544803}},{"id":"리츠델리피자앤치킨CESCO","permalink":"","username":"asdfg","text":"갈릭스테이크피자 시켜먹었는데 토핑이 정말 많이 들어있더라구요 특히 치즈가 정말 듬뿍 들어있어서 치즈크러스트는 괜히 추가했나 하는 생각이 들 정도 였어요ㅋㅋ 마늘향도 제대로 나고 정말 만족스럽네요 다음에 또 주문할게요~","date":"Mon Dec 10 23:59:44 +0000 2018","retweets":"30","favorites":"20","mentions":[],"hashtags":[],"geo":"","raw":"갈릭스테이크피자 시켜먹었는데 토핑이 정말 많이 들어있더라구요 특히 치즈가 정말 듬뿍 들어있어서 치즈크러스트는 괜히 추가했나 하는 생각이 들 정도 였어요ㅋㅋ 마늘향도 제대로 나고 정말 만족스럽네요 다음에 또 주문할게요~","polarity":{"com":0.009159136888888888,"pos":0.3684164895,"neg":0.34984834022222216,"neut":0.10421140238888889,"none":0.168364631},"intensity":{"high":0.13303150133333333,"low":0.09878639016666667,"meium":0.5981991893333334,"none":0.1699829191666667},"expressive":{"dir-action":0.029377931392153105,"dir-explicit":0.27094146491899346,"dir-speech":0.3202316030355813,"indirect":0.2032801838003645,"writing-device":0.1761688168529077}},{"id":"리츠델리피자앤치킨CESCO","permalink":"","username":"asdfg","text":"어제오늘 넘 귀찮아서 배달시켜먹네ㅋㅋ\n본가왔더니 피자시켜즌대서 이틀째피자를..ㅋㅋ\n맛도 나쁘지 않았고 뭐.. 만족해요","date":"Mon Dec 10 23:59:44 +0000 2018","retweets":"30","favorites":"20","mentions":[],"hashtags":[],"geo":"","raw":"어제오늘 넘 귀찮아서 배달시켜먹네ㅋㅋ\n본가왔더니 피자시켜즌대서 이틀째피자를..ㅋㅋ\n맛도 나쁘지 않았고 뭐.. 만족해요","polarity":{"com":0.004953998556106001,"pos":0.5458834630606538,"neg":0.36087520648454174,"neut":0.060509554117834416,"none":0.027777777780864203},"intensity":{"high":0.06424471177777777,"low":0.09369348111111112,"meium":0.8142840293333333,"none":0.027777777777777776},"expressive":{"dir-action":0.0014154282219076826,"dir-explicit":0.2167177792851738,"dir-speech":0.48291656833712965,"indirect":0.27046473227323004,"writing-device":0.028485491882558778}},{"id":"리츠델리피자앤치킨CESCO","permalink":"","username":"asdfg","text":"해당 리뷰는 배달통 운영 원칙에 따라 블라인드 처리 되었습니다.","date":"Mon Dec 10 23:59:44 +0000 2018","retweets":"30","favorites":"20","mentions":[],"hashtags":[],"geo":"","raw":"해당 리뷰는 배달통 운영 원칙에 따라 블라인드 처리 되었습니다.","polarity":{"com":0,"pos":0.4126984127063492,"neg":0.3075396826537698,"neut":0.2043650793521825,"none":0.07539682528769841},"intensity":{"high":0.035714285750000005,"low":0.08730158725,"meium":0.80158730175,"none":0.07539682525000001},"expressive":{"dir-action":0,"dir-explicit":0.44246031761061505,"dir-speech":0.2777777778194444,"indirect":0.20039682530009917,"writing-device":0.07936507926984127}},{"id":"리츠델리피자앤치킨CESCO","permalink":"","username":"asdfg","text":"피자랑  오븐스파게티시켰는데 500원더 저렴하게 세트로있는데 말해주지않고 개별로 인정해서 받아요. \n제가 모른거지만 500원때문에 전 다시 시키지 않겠네요.\n배달하시는분은 친절하시나 전화받으시는 분은 불친절합니다.\n맛은 그냥 괜찮아요 나쁘지않는 일반 저렴피자맛입니다 ","date":"Mon Dec 10 23:59:44 +0000 2018","retweets":"30","favorites":"20","mentions":[],"hashtags":[],"geo":"","raw":"피자랑  오븐스파게티시켰는데 500원더 저렴하게 세트로있는데 말해주지않고 개별로 인정해서 받아요. \n제가 모른거지만 500원때문에 전 다시 시키지 않겠네요.\n배달하시는분은 친절하시나 전화받으시는 분은 불친절합니다.\n맛은 그냥 괜찮아요 나쁘지않는 일반 저렴피자맛입니다 ","polarity":{"com":0.003257376045602608,"pos":0.5107516312050342,"neg":0.32364295933289283,"neut":0.07986299513999379,"none":0.0824850382764766},"intensity":{"high":0.061083466679041666,"low":0.14815484681144753,"meium":0.7079446446496389,"none":0.08281704185987197},"expressive":{"dir-action":0.003248262954545454,"dir-explicit":0.23053243804545456,"dir-speech":0.4301533533636363,"indirect":0.2546099084090909,"writing-device":0.08145603722727274}},{"id":"리츠델리피자앤치킨CESCO","permalink":"","username":"asdfg","text":"먹을때마다 만족합니다~\n추천!","date":"Mon Dec 10 23:59:44 +0000 2018","retweets":"30","favorites":"20","mentions":[],"hashtags":[],"geo":"","raw":"먹을때마다 만족합니다~\n추천!","polarity":{"com":0,"pos":0.3409090909147727,"neg":0.507575757623106,"neut":0.15151515146212122,"none":0},"intensity":{"high":0.13383838375,"low":0.12373737374999999,"meium":0.7424242424999999,"none":0},"expressive":{"dir-action":0,"dir-explicit":0.43434343425,"dir-speech":0.39898989900000004,"indirect":0.16666666675,"writing-device":0}},{"id":"리츠델리피자앤치킨CESCO","permalink":"","username":"asdfg","text":"피자 시켰는데 고구마피자 맛있다고해서 세트로 시킬려고했더니 세트는 다 콤비네이션밖에없어서 이번에는 그냥 고구마피자 시켰어요 콜라는 모바일로는안되서 전화로 물어보니 1500원  현금으로 드리면된다고해서 그렇게하기로했는데 모바일로 콜라도 주문시킬수있게 해주시면 좋을거같네요 \n골드리치 같은 옵션도 안먹혀서 추가못했어요ㅜㅠ 저는 소액결제로 시킬려고 배달통쓰는거라 전화로 안할려고했더니 옵션이 다 적용이 안되는거같아서 수정부탁드립니다~","date":"Mon Dec 10 23:59:44 +0000 2018","retweets":"30","favorites":"20","mentions":[],"hashtags":[],"geo":"","raw":"피자 시켰는데 고구마피자 맛있다고해서 세트로 시킬려고했더니 세트는 다 콤비네이션밖에없어서 이번에는 그냥 고구마피자 시켰어요 콜라는 모바일로는안되서 전화로 물어보니 1500원  현금으로 드리면된다고해서 그렇게하기로했는데 모바일로 콜라도 주문시킬수있게 해주시면 좋을거같네요 \n골드리치 같은 옵션도 안먹혀서 추가못했어요ㅜㅠ 저는 소액결제로 시킬려고 배달통쓰는거라 전화로 안할려고했더니 옵션이 다 적용이 안되는거같아서 수정부탁드립니다~","polarity":{"com":0.006308429714646196,"pos":0.3449170074197096,"neg":0.4482743124541871,"neut":0.056627906803235886,"none":0.14387234360822126},"intensity":{"high":0.08813577081346241,"low":0.0992378224972735,"meium":0.6663293472000579,"none":0.1462970594892062},"expressive":{"dir-action":0.00660942011579644,"dir-explicit":0.22449663493702782,"dir-speech":0.40823344329331046,"indirect":0.140764404717889,"writing-device":0.21989609693597625}},{"id":"리츠델리피자앤치킨CESCO","permalink":"","username":"asdfg","text":"저번엔 치킨\n이번엔 피자먹엇눈데 정말맛있네여ㅎㅎ","date":"Mon Dec 10 23:59:44 +0000 2018","retweets":"30","favorites":"20","mentions":[],"hashtags":[],"geo":"","raw":"저번엔 치킨\n이번엔 피자먹엇눈데 정말맛있네여ㅎㅎ","polarity":{"com":0,"pos":0.22698412689079364,"neg":0.6365079368546032,"neut":0.03809523801523809,"none":0.09841269823936509},"intensity":{"high":0.04603174620000001,"low":0.09523809520000001,"meium":0.7603174604,"none":0.09841269820000002},"expressive":{"dir-action":0,"dir-explicit":0.26349206360000005,"dir-speech":0.5000000002,"indirect":0.1317460316,"writing-device":0.10476190459999998}},{"id":"리츠델리피자앤치킨CESCO","permalink":"","username":"asdfg","text":"고구마피자시켰더니 콤비네이션가져와놓고 내가 그렇게말했다고 ㅋㅋㅋㅋㅋ절대사과안하는 죷같은가게임 장사그따구로하지마세요^^","date":"Mon Dec 10 23:59:44 +0000 2018","retweets":"30","favorites":"20","mentions":[],"hashtags":[],"geo":"","raw":"고구마피자시켰더니 콤비네이션가져와놓고 내가 그렇게말했다고 ㅋㅋㅋㅋㅋ절대사과안하는 죷같은가게임 장사그따구로하지마세요^^","polarity":{"com":0.008669354875,"pos":0.41858358925000005,"neg":0.47394713262500004,"neut":0.028341013875,"none":0.07045890937499999},"intensity":{"high":0.16062788010492152,"low":0.173543906853307,"meium":0.5951004864256124,"none":0.07072772661615902},"expressive":{"dir-action":0.007750896125968861,"dir-explicit":0.27148937540893614,"dir-speech":0.4178795443022349,"indirect":0.2264688939033086,"writing-device":0.0764112902595514}},{"id":"리츠델리피자앤치킨CESCO","permalink":"","username":"asdfg","text":"그럭저럭 괜찬아요 스파게티는 약간 애매하네요 ","date":"Mon Dec 10 23:59:44 +0000 2018","retweets":"30","favorites":"20","mentions":[],"hashtags":[],"geo":"","raw":"그럭저럭 괜찬아요 스파게티는 약간 애매하네요 ","polarity":{"com":0.012012012006006005,"pos":0.46503646523251824,"neg":0.40712140720356066,"neut":0.06413556403206779,"none":0.051694551525847274},"intensity":{"high":0.07293007300000001,"low":0.16108966100000002,"meium":0.712784213,"none":0.05319605300000001},"expressive":{"dir-action":0.0015015015,"dir-explicit":0.23552123549999998,"dir-speech":0.3783783785,"indirect":0.3234663235,"writing-device":0.061132560999999995}},{"id":"리츠델리피자앤치킨CESCO","permalink":"","username":"asdfg","text":"오늘 이곳 즐겨찿기 추가했당...","date":"Mon Dec 10 23:59:44 +0000 2018","retweets":"30","favorites":"20","mentions":[],"hashtags":[],"geo":"","raw":"오늘 이곳 즐겨찿기 추가했당...","polarity":{"com":0.006451612999999999,"pos":0.6139905763333334,"neg":0.16999718100000002,"neut":0.05042889933333333,"none":0.15913173033333333},"intensity":{"high":0.11338649270446217,"low":0.06118158735372719,"meium":0.6655833435551944,"none":0.1598485763866162},"expressive":{"dir-action":0.002150537665949821,"dir-explicit":0.3312512585562496,"dir-speech":0.14315170561894947,"indirect":0.3231162658922946,"writing-device":0.2003302322665566}}]