[{"id":"46이너스피자","permalink":"","username":"asdfg","text":"너무 맛있고 너무 빠르고","date":"Mon Dec 10 23:59:44 +0000 2018","retweets":"30","favorites":"20","mentions":[],"hashtags":[],"geo":"","raw":"너무 맛있고 너무 빠르고","polarity":{"com":0.142857143,"pos":0.142857143,"neg":0.714285714,"neut":0,"none":0},"intensity":{"high":0.142857143,"low":0.142857143,"meium":0.714285714,"none":0},"expressive":{"dir-action":0,"dir-explicit":0.5714285710000001,"dir-speech":0.28571428600000004,"indirect":0.14285714300000002,"writing-device":0}},{"id":"46이너스피자","permalink":"","username":"asdfg","text":"쬰맛탱이요!! 치즈짱!!!","date":"Mon Dec 10 23:59:44 +0000 2018","retweets":"30","favorites":"20","mentions":[],"hashtags":[],"geo":"","raw":"쬰맛탱이요!! 치즈짱!!!","polarity":{"com":null,"pos":null,"neg":null,"neut":null,"none":null},"intensity":{"high":null,"low":null,"meium":null,"none":null},"expressive":{"dir-action":null,"dir-explicit":null,"dir-speech":null,"indirect":null,"writing-device":null}},{"id":"46이너스피자","permalink":"","username":"asdfg","text":"46이너스 진짜 맛있어요. 특히 화이트하와이안이 괜히 추천메뉴가 아님. 가끔은 다른데서 시켜먹을까 하다가도 결국에는 46이너스 시켜먹음 굳굳","date":"Mon Dec 10 23:59:44 +0000 2018","retweets":"30","favorites":"20","mentions":[],"hashtags":[],"geo":"","raw":"46이너스 진짜 맛있어요. 특히 화이트하와이안이 괜히 추천메뉴가 아님. 가끔은 다른데서 시켜먹을까 하다가도 결국에는 46이너스 시켜먹음 굳굳","polarity":{"com":0.01373510033516468,"pos":0.356082898780811,"neg":0.4233021607897737,"neut":0.07904152627720554,"none":0.12783831381704513},"intensity":{"high":0.11540569442308114,"low":0.15222304923044463,"meium":0.6025840493871835,"none":0.1297872069592908},"expressive":{"dir-action":0.0013536550001804872,"dir-explicit":0.20868328722782445,"dir-speech":0.43363644972448484,"indirect":0.22835339496378046,"writing-device":0.12797321308372975}},{"id":"46이너스피자","permalink":"","username":"asdfg","text":"씬보다는  골드가 더  맛있어요 ㅋㅋ","date":"Mon Dec 10 23:59:44 +0000 2018","retweets":"30","favorites":"20","mentions":[],"hashtags":[],"geo":"","raw":"씬보다는  골드가 더  맛있어요 ㅋㅋ","polarity":{"com":0.005952381001984127,"pos":0.24272486774757498,"neg":0.6574074075524692,"neut":0.058531746019510576,"none":0.0353835976784612},"intensity":{"high":0.06415343933333333,"low":0.11507936499999998,"meium":0.7824074073333332,"none":0.03835978833333333},"expressive":{"dir-action":0,"dir-explicit":0.17791005299999998,"dir-speech":0.6597222223333333,"indirect":0.12169312166666667,"writing-device":0.040674603}},{"id":"46이너스피자","permalink":"","username":"asdfg","text":"맛있어요~~~~~!!!!!!","date":"Mon Dec 10 23:59:44 +0000 2018","retweets":"30","favorites":"20","mentions":[],"hashtags":[],"geo":"","raw":"맛있어요~~~~~!!!!!!","polarity":{"com":0,"pos":0,"neg":1,"neut":0,"none":0},"intensity":{"high":0,"low":0,"meium":1,"none":0},"expressive":{"dir-action":0,"dir-explicit":0,"dir-speech":1,"indirect":0,"writing-device":0}},{"id":"46이너스피자","permalink":"","username":"asdfg","text":"맛있음 너무작음 라지말고 스폐셜해도 그럴거 같음","date":"Mon Dec 10 23:59:44 +0000 2018","retweets":"30","favorites":"20","mentions":[],"hashtags":[],"geo":"","raw":"맛있음 너무작음 라지말고 스폐셜해도 그럴거 같음","polarity":{"com":0.025,"pos":0.14285714283333334,"neg":0.5904761905000001,"neut":0.169047619,"none":0.07261904766666667},"intensity":{"high":0.04761904766666667,"low":0.04285714283333334,"meium":0.8369047618333334,"none":0.07261904766666667},"expressive":{"dir-action":0,"dir-explicit":0.12619047614563494,"dir-speech":0.5142857142476192,"indirect":0.12142857147976191,"writing-device":0.23809523812698416}},{"id":"46이너스피자","permalink":"","username":"asdfg","text":"시킬때마다 점점 맛잇어져요..^^;;ㅎㅎㅎ맛잇게 잘먹구잇습니당!!","date":"Mon Dec 10 23:59:44 +0000 2018","retweets":"30","favorites":"20","mentions":[],"hashtags":[],"geo":"","raw":"시킬때마다 점점 맛잇어져요..^^;;ㅎㅎㅎ맛잇게 잘먹구잇습니당!!","polarity":{"com":0,"pos":0.5194805195000001,"neg":0.39448051950000007,"neut":0.08603896100000001,"none":0},"intensity":{"high":0.02272727275,"low":0.12175324674999999,"meium":0.8555194805,"none":0},"expressive":{"dir-action":0,"dir-explicit":0.09902597399999999,"dir-speech":0.7402597402500001,"indirect":0.16071428575,"writing-device":0}},{"id":"46이너스피자","permalink":"","username":"asdfg","text":"빠른 배달  감사합니다 ","date":"Mon Dec 10 23:59:44 +0000 2018","retweets":"30","favorites":"20","mentions":[],"hashtags":[],"geo":"","raw":"빠른 배달  감사합니다 ","polarity":{"com":0.006451612999999998,"pos":0.8387096773333333,"neg":0.117562724,"neut":0.02795698933333333,"none":0.009318996333333333},"intensity":{"high":0.046594982,"low":0.14982078833333334,"meium":0.7935483873333333,"none":0.010035842333333333},"expressive":{"dir-action":0.0021505376666666664,"dir-explicit":0.10465949833333332,"dir-speech":0.4315412186666666,"indirect":0.45232974899999995,"writing-device":0.009318996333333333}},{"id":"46이너스피자","permalink":"","username":"asdfg","text":"맛있어요 또 주문할께여","date":"Mon Dec 10 23:59:44 +0000 2018","retweets":"30","favorites":"20","mentions":[],"hashtags":[],"geo":"","raw":"맛있어요 또 주문할께여","polarity":{"com":0.006451612997849463,"pos":0.21966205826011267,"neg":0.5937532001354157,"neut":0.02795698932401434,"none":0.15217613928260798},"intensity":{"high":0.046594982,"low":0.03870967733333333,"meium":0.7618023553333333,"none":0.15289298533333334},"expressive":{"dir-action":0.002150537666666667,"dir-explicit":0.15227854600000001,"dir-speech":0.526779314,"indirect":0.11899641566666667,"writing-device":0.19979518666666665}},{"id":"46이너스피자","permalink":"","username":"asdfg","text":"완전별로여.....최악이에여","date":"Mon Dec 10 23:59:44 +0000 2018","retweets":"30","favorites":"20","mentions":[],"hashtags":[],"geo":"","raw":"완전별로여.....최악이에여","polarity":{"com":0,"pos":0.25,"neg":0.75,"neut":0,"none":0},"intensity":{"high":0.5,"low":0,"meium":0.5,"none":0},"expressive":{"dir-action":0,"dir-explicit":0.25,"dir-speech":0,"indirect":0.75,"writing-device":0}},{"id":"46이너스피자","permalink":"","username":"asdfg","text":"맛나게장먹엇숩니등ㅇㅇㅇㅇ","date":"Mon Dec 10 23:59:44 +0000 2018","retweets":"30","favorites":"20","mentions":[],"hashtags":[],"geo":"","raw":"맛나게장먹엇숩니등ㅇㅇㅇㅇ","polarity":{"com":0,"pos":1,"neg":0,"neut":0,"none":0},"intensity":{"high":0,"low":0,"meium":1,"none":0},"expressive":{"dir-action":0,"dir-explicit":0,"dir-speech":0.5,"indirect":0.5,"writing-device":0}},{"id":"46이너스피자","permalink":"","username":"asdfg","text":"아..생각보다 너무 커서 당황스러웠지만 먹다보니 남기지 않고 다 먹었네요","date":"Mon Dec 10 23:59:44 +0000 2018","retweets":"30","favorites":"20","mentions":[],"hashtags":[],"geo":"","raw":"아..생각보다 너무 커서 당황스러웠지만 먹다보니 남기지 않고 다 먹었네요","polarity":{"com":0.028571428600000004,"pos":0.31309523800000005,"neg":0.5428571428000001,"neut":0.05000000000000001,"none":0.06547619060000001},"intensity":{"high":0.12460317457507937,"low":0.3230158729353969,"meium":0.4869047619026191,"none":0.06547619058690476},"expressive":{"dir-action":0,"dir-explicit":0.5194444442961113,"dir-speech":0.36150793652769847,"indirect":0.053571428589285715,"writing-device":0.06547619058690476}},{"id":"46이너스피자","permalink":"","username":"asdfg","text":"다먹고   남은거  포장해서  돌려먹어도   맛있어요 ","date":"Mon Dec 10 23:59:44 +0000 2018","retweets":"30","favorites":"20","mentions":[],"hashtags":[],"geo":"","raw":"다먹고   남은거  포장해서  돌려먹어도   맛있어요 ","polarity":{"com":0.0038709677999999997,"pos":0.2460829492,"neg":0.6705376344,"neut":0.0167741936,"none":0.06273425499999999},"intensity":{"high":0.13509984637298003,"low":0.023225806395354837,"meium":0.778509984644298,"none":0.06316436258736713},"expressive":{"dir-action":0.0012903225997419358,"dir-explicit":0.29850998474029805,"dir-speech":0.4660675883067865,"indirect":0.07139784938572044,"writing-device":0.16273425496745317}},{"id":"46이너스피자","permalink":"","username":"asdfg","text":"맛있어요!!!양도많아요","date":"Mon Dec 10 23:59:44 +0000 2018","retweets":"30","favorites":"20","mentions":[],"hashtags":[],"geo":"","raw":"맛있어요!!!양도많아요","polarity":{"com":0,"pos":0.195652174,"neg":0.7826086955,"neut":0.0217391305,"none":0},"intensity":{"high":0.1304347825652174,"low":0.10869565205434782,"meium":0.7608695653804347,"none":0},"expressive":{"dir-action":0,"dir-explicit":0.2608695651304348,"dir-speech":0.6086956523043479,"indirect":0.1304347825652174,"writing-device":0}},{"id":"46이너스피자","permalink":"","username":"asdfg","text":"정말 쫄깃하고 맛잇어용~~^^","date":"Mon Dec 10 23:59:44 +0000 2018","retweets":"30","favorites":"20","mentions":[],"hashtags":[],"geo":"","raw":"정말 쫄깃하고 맛잇어용~~^^","polarity":{"com":0.008008007999999999,"pos":0.7875375376666666,"neg":0.10210210199999997,"neut":0.011011011,"none":0.09134134133333331},"intensity":{"high":0.20470470466666668,"low":0.028028028,"meium":0.674924925,"none":0.09234234233333333},"expressive":{"dir-action":0.0010010010000000003,"dir-explicit":0.2707707706666667,"dir-speech":0.4466966966666667,"indirect":0.18918918933333334,"writing-device":0.09234234233333334}},{"id":"46이너스피자","permalink":"","username":"asdfg","text":"페퍼로니매니아입니다^^피자는항상페퍼로니^^","date":"Mon Dec 10 23:59:44 +0000 2018","retweets":"30","favorites":"20","mentions":[],"hashtags":[],"geo":"","raw":"페퍼로니매니아입니다^^피자는항상페퍼로니^^","polarity":{"com":0,"pos":0.32936507933234127,"neg":0.626984127156746,"neut":0.023809523755952376,"none":0.019841269754960318},"intensity":{"high":0.507936508,"low":0.0595238095,"meium":0.41269841274999997,"none":0.01984126975},"expressive":{"dir-action":0,"dir-explicit":0.03968253975,"dir-speech":0.91666666675,"indirect":0.01984126975,"writing-device":0.02380952375}},{"id":"46이너스피자","permalink":"","username":"asdfg","text":"맛있어요ㅎㅎㅎㅎㅎㅎ","date":"Mon Dec 10 23:59:44 +0000 2018","retweets":"30","favorites":"20","mentions":[],"hashtags":[],"geo":"","raw":"맛있어요ㅎㅎㅎㅎㅎㅎ","polarity":{"com":0,"pos":0,"neg":1,"neut":0,"none":0},"intensity":{"high":0,"low":0,"meium":1,"none":0},"expressive":{"dir-action":0,"dir-explicit":0,"dir-speech":1,"indirect":0,"writing-device":0}},{"id":"46이너스피자","permalink":"","username":"asdfg","text":"맛정말 좋구요 너무맛있어요!! 사이즈도 빅L시켰는데 좋네요 크고~^^","date":"Mon Dec 10 23:59:44 +0000 2018","retweets":"30","favorites":"20","mentions":[],"hashtags":[],"geo":"","raw":"맛정말 좋구요 너무맛있어요!! 사이즈도 빅L시켰는데 좋네요 크고~^^","polarity":{"com":0.024999999999999998,"pos":0.6075697864999999,"neg":0.26760262733333334,"neut":0.013875205166666668,"none":0.08595238100000001},"intensity":{"high":0.17750410516666668,"low":0.067684729,"meium":0.6631116583333333,"none":0.0916995075},"expressive":{"dir-action":0,"dir-explicit":0.418144499096976,"dir-speech":0.3539408866076766,"indirect":0.14315270947614123,"writing-device":0.08476190481920635}},{"id":"46이너스피자","permalink":"","username":"asdfg","text":"피자 진짜 맛있었어요~","date":"Mon Dec 10 23:59:44 +0000 2018","retweets":"30","favorites":"20","mentions":[],"hashtags":[],"geo":"","raw":"피자 진짜 맛있었어요~","polarity":{"com":0,"pos":0,"neg":1,"neut":0,"none":0},"intensity":{"high":0,"low":0,"meium":1,"none":0},"expressive":{"dir-action":0,"dir-explicit":0,"dir-speech":1,"indirect":0,"writing-device":0}},{"id":"46이너스피자","permalink":"","username":"asdfg","text":"맛나용~~~^^근데 빵에서 치즈가 떨어저용ㅠㅠ","date":"Mon Dec 10 23:59:44 +0000 2018","retweets":"30","favorites":"20","mentions":[],"hashtags":[],"geo":"","raw":"맛나용~~~^^근데 빵에서 치즈가 떨어저용ㅠㅠ","polarity":{"com":0.0089285715,"pos":0.705357143,"neg":0.232142857,"neut":0.0401785715,"none":0.013392857},"intensity":{"high":0.080357143,"low":0.0535714285,"meium":0.8482142855,"none":0.017857143},"expressive":{"dir-action":0,"dir-explicit":0.1875,"dir-speech":0.65625,"indirect":0.142857143,"writing-device":0.013392857}},{"id":"46이너스피자","permalink":"","username":"asdfg","text":"정말 맛잇게 잘 먹었습니다 아 진짜 너무좋아요 ","date":"Mon Dec 10 23:59:44 +0000 2018","retweets":"30","favorites":"20","mentions":[],"hashtags":[],"geo":"","raw":"정말 맛잇게 잘 먹었습니다 아 진짜 너무좋아요 ","polarity":{"com":0.03571428575892857,"pos":0.4017857143504464,"neg":0.4821428571205358,"neut":0.017857142754464286,"none":0.062500000015625},"intensity":{"high":0.16071428575,"low":0.08928571425,"meium":0.6875,"none":0.0625},"expressive":{"dir-action":0,"dir-explicit":0.32142857125,"dir-speech":0.41964285725,"indirect":0.19642857149999998,"writing-device":0.0625}},{"id":"46이너스피자","permalink":"","username":"asdfg","text":"맛있게  잘 먹었습니다 수고하세요 ","date":"Mon Dec 10 23:59:44 +0000 2018","retweets":"30","favorites":"20","mentions":[],"hashtags":[],"geo":"","raw":"맛있게  잘 먹었습니다 수고하세요 ","polarity":{"com":0.006451613002150537,"pos":0.4101382488033794,"neg":0.5223246288407748,"neut":0.051766513017255496,"none":0.009318996336439666},"intensity":{"high":0.04659498199999999,"low":0.11013824866666665,"meium":0.833230927,"none":0.010035842333333331},"expressive":{"dir-action":0.0021505376666666664,"dir-explicit":0.17608806966666665,"dir-speech":0.47916026633333325,"indirect":0.33328212999999995,"writing-device":0.009318996333333333}},{"id":"46이너스피자","permalink":"","username":"asdfg","text":"굿굿 배달 빠름요 맛있음","date":"Mon Dec 10 23:59:44 +0000 2018","retweets":"30","favorites":"20","mentions":[],"hashtags":[],"geo":"","raw":"굿굿 배달 빠름요 맛있음","polarity":{"com":0.02272727275,"pos":0.64772727275,"neg":0.31818181825,"neut":0,"none":0.01136363625},"intensity":{"high":0.011363636252840908,"low":0.03409090900852273,"meium":0.9431818184857954,"none":0.011363636252840908},"expressive":{"dir-action":0,"dir-explicit":0.06818181825,"dir-speech":0.52272727275,"indirect":0.39772727274999997,"writing-device":0.01136363625}},{"id":"46이너스피자","permalink":"","username":"asdfg","text":"맛있어요!","date":"Mon Dec 10 23:59:44 +0000 2018","retweets":"30","favorites":"20","mentions":[],"hashtags":[],"geo":"","raw":"맛있어요!!!!!!!!!!","polarity":{"com":0,"pos":0,"neg":1,"neut":0,"none":0},"intensity":{"high":0,"low":0,"meium":1,"none":0},"expressive":{"dir-action":0,"dir-explicit":0,"dir-speech":1,"indirect":0,"writing-device":0}},{"id":"46이너스피자","permalink":"","username":"asdfg","text":"큰것 한판이면 여럿이 먹을수 있어요","date":"Mon Dec 10 23:59:44 +0000 2018","retweets":"30","favorites":"20","mentions":[],"hashtags":[],"geo":"","raw":"큰것 한판이면 여럿이 먹을수 있어요","polarity":{"com":0.015504468999999998,"pos":0.3507420154,"neg":0.297673324,"neut":0.06574664840000001,"none":0.2703335432},"intensity":{"high":0.14519605205807842,"low":0.07577103983030843,"meium":0.5009217558003687,"none":0.27811115231124445},"expressive":{"dir-action":0.0008810572001762115,"dir-explicit":0.3299989448659998,"dir-speech":0.24035577864807114,"indirect":0.14886614562977327,"writing-device":0.27989807365597963}},{"id":"46이너스피자","permalink":"","username":"asdfg","text":"굿ㄱㄱ  ㄲ  ㄱㄷ  ㄱ ㄱ  ㄱ","date":"Mon Dec 10 23:59:44 +0000 2018","retweets":"30","favorites":"20","mentions":[],"hashtags":[],"geo":"","raw":"굿ㄱㄱ  ㄲ  ㄱㄷ  ㄱ ㄱ  ㄱ","polarity":{"com":0,"pos":1,"neg":0,"neut":0,"none":0},"intensity":{"high":0,"low":0,"meium":1,"none":0},"expressive":{"dir-action":0,"dir-explicit":0,"dir-speech":0,"indirect":1,"writing-device":0}},{"id":"46이너스피자","permalink":"","username":"asdfg","text":"양에 욕심 내지 말고, 적당히 주문하세요~","date":"Mon Dec 10 23:59:44 +0000 2018","retweets":"30","favorites":"20","mentions":[],"hashtags":[],"geo":"","raw":"양에 욕심 내지 말고, 적당히 주문하세요~","polarity":{"com":0,"pos":0.3333333333333333,"neg":0.3333333333333333,"neut":0.3333333333333333,"none":0},"intensity":{"high":0,"low":0.111111111,"meium":0.888888889,"none":0},"expressive":{"dir-action":0,"dir-explicit":0.3333333333333333,"dir-speech":0.5555555556666666,"indirect":0.111111111,"writing-device":0}},{"id":"46이너스피자","permalink":"","username":"asdfg","text":"빠른배송  맛있어요","date":"Mon Dec 10 23:59:44 +0000 2018","retweets":"30","favorites":"20","mentions":[],"hashtags":[],"geo":"","raw":"빠른배송  맛있어요","polarity":{"com":0,"pos":0.5,"neg":0.5,"neut":0,"none":0},"intensity":{"high":0,"low":0.1666666665,"meium":0.8333333334999999,"none":0},"expressive":{"dir-action":0,"dir-explicit":0,"dir-speech":0.5,"indirect":0.5,"writing-device":0}},{"id":"46이너스피자","permalink":"","username":"asdfg","text":"토핑듬뿍에 치즈 늘어짐도 짱이구치즈크러스트+골드크러스트 맛있었어요치즈스파게티 소스 많아서 좋았고요!","date":"Mon Dec 10 23:59:44 +0000 2018","retweets":"30","favorites":"20","mentions":[],"hashtags":[],"geo":"","raw":"토핑듬뿍에 치즈 늘어짐도 짱이구치즈크러스트+골드크러스트 맛있었어요치즈스파게티 소스 많아서 좋았고요!","polarity":{"com":0.036363636399999996,"pos":0.49862450599999997,"neg":0.43013438740000004,"neut":0.008695652199999999,"none":0.026181818000000003},"intensity":{"high":0.11035573106621345,"low":0.10602371526361422,"meium":0.7574387356544632,"none":0.02618181801570909},"expressive":{"dir-action":0,"dir-explicit":0.33343873526668777,"dir-speech":0.3198418972639684,"indirect":0.3205375494641075,"writing-device":0.026181818005236366}},{"id":"46이너스피자","permalink":"","username":"asdfg","text":"아니 대체 피자를 살다살다 내용물이 둘면 토사물처럼 가 쏟아지는피자는 처음이네요 이걸 사람이 먹으라고 만든건지 피자장사룰 할거면 피자 만드는 법부터 다시 배우셔야 할 듯 집앞에 벨이 없어서 전화 달라하셨는데 1분정도 늦게 받았는데 그거가지고 화내시네요 배달원 인성 밑바닥이네요;;^^","date":"Mon Dec 10 23:59:44 +0000 2018","retweets":"30","favorites":"20","mentions":[],"hashtags":[],"geo":"","raw":"아니 대체 피자를 살다살다 내용물이 둘면 토사물처럼 가 쏟아지는피자는 처음이네요 이걸 사람이 먹으라고 만든건지 피자장사룰 할거면 피자 만드는 법부터 다시 배우셔야 할 듯 집앞에 벨이 없어서 전화 달라하셨는데 1분정도 늦게 받았는데 그거가지고 화내시네요 배달원 인성 밑바닥이네요;;^^","polarity":{"com":0.004685116785714286,"pos":0.5026174444285715,"neg":0.3700639961785714,"neut":0.04450122314285715,"none":0.07813221946428572},"intensity":{"high":0.08634268163668982,"low":0.15488545620322242,"meium":0.6422246396684126,"none":0.11654722249167519},"expressive":{"dir-action":0.001275977142766002,"dir-explicit":0.29102775519349805,"dir-speech":0.3021056185141353,"indirect":0.3128926913705078,"writing-device":0.09269795777909302}},{"id":"46이너스피자","permalink":"","username":"asdfg","text":"굿뜨—————-토핑구뜨","date":"Mon Dec 10 23:59:44 +0000 2018","retweets":"30","favorites":"20","mentions":[],"hashtags":[],"geo":"","raw":"굿뜨—————-토핑구뜨","polarity":{"com":1,"pos":0,"neg":0,"neut":0,"none":0},"intensity":{"high":0,"low":0,"meium":1,"none":0},"expressive":{"dir-action":0,"dir-explicit":0,"dir-speech":0,"indirect":1,"writing-device":0}},{"id":"46이너스피자","permalink":"","username":"asdfg","text":"맛있는데 다식고 피자가 더 떨어짐","date":"Mon Dec 10 23:59:44 +0000 2018","retweets":"30","favorites":"20","mentions":[],"hashtags":[],"geo":"","raw":"맛있는데 다식고 피자가 더 떨어짐","polarity":{"com":0.005952381,"pos":0.38690476199999996,"neg":0.5714285713333334,"neut":0.026785714333333335,"none":0.008928571333333333},"intensity":{"high":0.3035714286666667,"low":0.035714285666666665,"meium":0.6488095236666667,"none":0.011904762},"expressive":{"dir-action":0,"dir-explicit":0.2916666666666667,"dir-speech":0.4375,"indirect":0.26190476199999996,"writing-device":0.008928571333333333}},{"id":"46이너스피자","permalink":"","username":"asdfg","text":"맛있어요 굿굿 ㅎㅎㅎ최고","date":"Mon Dec 10 23:59:44 +0000 2018","retweets":"30","favorites":"20","mentions":[],"hashtags":[],"geo":"","raw":"맛있어요 굿굿 ㅎㅎㅎ최고","polarity":{"com":0,"pos":0.6296296296666667,"neg":0.37037037033333337,"neut":0,"none":0},"intensity":{"high":0.2592592593333333,"low":0,"meium":0.7407407406666667,"none":0},"expressive":{"dir-action":0,"dir-explicit":0,"dir-speech":0.3333333333333333,"indirect":0.6666666666666666,"writing-device":0}},{"id":"46이너스피자","permalink":"","username":"asdfg","text":"맛있어용 맛있아용엄청","date":"Mon Dec 10 23:59:44 +0000 2018","retweets":"30","favorites":"20","mentions":[],"hashtags":[],"geo":"","raw":"맛있어용 맛있아용엄청","polarity":{"com":0,"pos":0.5,"neg":0.5,"neut":0,"none":0},"intensity":{"high":0,"low":0,"meium":1,"none":0},"expressive":{"dir-action":0,"dir-explicit":0,"dir-speech":1,"indirect":0,"writing-device":0}},{"id":"46이너스피자","permalink":"","username":"asdfg","text":"배달도 빠르고 맛있어요","date":"Mon Dec 10 23:59:44 +0000 2018","retweets":"30","favorites":"20","mentions":[],"hashtags":[],"geo":"","raw":"배달도 빠르고 맛있어요","polarity":{"com":0,"pos":0.6666666666666666,"neg":0.3333333333333333,"neut":0,"none":0},"intensity":{"high":0,"low":0.111111111,"meium":0.888888889,"none":0},"expressive":{"dir-action":0,"dir-explicit":0,"dir-speech":0.6666666666666666,"indirect":0.3333333333333333,"writing-device":0}},{"id":"46이너스피자","permalink":"","username":"asdfg","text":"치즈가 많아 맛은 있는데 씬은 조금 비추에요!! 너무 흘러내려요 ㅠㅠ 다음에는 씬으로 안시키려구요!","date":"Mon Dec 10 23:59:44 +0000 2018","retweets":"30","favorites":"20","mentions":[],"hashtags":[],"geo":"","raw":"치즈가 많아 맛은 있는데 씬은 조금 비추에요!! 너무 흘러내려요 ㅠㅠ 다음에는 씬으로 안시키려구요!","polarity":{"com":0.02109185838027296,"pos":0.34682287458670574,"neg":0.4987346987496837,"neut":0.062273002390568245,"none":0.07107756589276938},"intensity":{"high":0.093689047,"low":0.190312247875,"meium":0.6449211392499999,"none":0.071077565875},"expressive":{"dir-action":0,"dir-explicit":0.221150289125,"dir-speech":0.5658229925,"indirect":0.1399650255,"writing-device":0.073061692875}},{"id":"46이너스피자","permalink":"","username":"asdfg","text":"맛있넜으면 좋겠어요","date":"Mon Dec 10 23:59:44 +0000 2018","retweets":"30","favorites":"20","mentions":[],"hashtags":[],"geo":"","raw":"맛있넜으면 좋겠어요","polarity":{"com":0.007625272333333333,"pos":0.768540305,"neg":0.10592592599999999,"neut":0.030501089333333332,"none":0.08740740733333334},"intensity":{"high":0.10915032670305011,"low":0.04056644868018882,"meium":0.762875817254292,"none":0.08740740736246914},"expressive":{"dir-action":0,"dir-explicit":0.3394335513333333,"dir-speech":0.4675381263333333,"indirect":0.09908496733333334,"writing-device":0.093943355}},{"id":"46이너스피자","permalink":"","username":"asdfg","text":"짱짱맛잇엇어요!! 눈온날 배달해주셔서 감사해요~","date":"Mon Dec 10 23:59:44 +0000 2018","retweets":"30","favorites":"20","mentions":[],"hashtags":[],"geo":"","raw":"짱짱맛잇엇어요!! 눈온날 배달해주셔서 감사해요~","polarity":{"com":0.1038709678,"pos":0.7032258064000001,"neg":0.1705376344,"neut":0.0167741936,"none":0.0055913978},"intensity":{"high":0.22795698920000002,"low":0.0232258064,"meium":0.742795699,"none":0.0060215054},"expressive":{"dir-action":0.0012903226,"dir-explicit":0.162795699,"dir-speech":0.5589247312,"indirect":0.2713978494,"writing-device":0.0055913978}},{"id":"46이너스피자","permalink":"","username":"asdfg","text":"넘나맛있게  잘먹었습니다","date":"Mon Dec 10 23:59:44 +0000 2018","retweets":"30","favorites":"20","mentions":[],"hashtags":[],"geo":"","raw":"넘나맛있게  잘먹었습니다","polarity":{"com":0,"pos":0.23809523807936508,"neg":0.7380952382460317,"neut":0.023809523674603175,"none":0},"intensity":{"high":0.111111111,"low":0.29365079366666663,"meium":0.5952380953333334,"none":0},"expressive":{"dir-action":0,"dir-explicit":0.1825396823941799,"dir-speech":0.49206349216402123,"indirect":0.32539682544179893,"writing-device":0}},{"id":"46이너스피자","permalink":"","username":"asdfg","text":"굳 너무 맛있고 양이 많아요","date":"Mon Dec 10 23:59:44 +0000 2018","retweets":"30","favorites":"20","mentions":[],"hashtags":[],"geo":"","raw":"굳 너무 맛있고 양이 많아요","polarity":{"com":0,"pos":0.46376811599999995,"neg":0.5217391303333333,"neut":0.014492753666666663,"none":0},"intensity":{"high":0.08695652169565218,"low":0.40579710146859904,"meium":0.5072463768357488,"none":0},"expressive":{"dir-action":0,"dir-explicit":0.5072463768357488,"dir-speech":0.40579710146859904,"indirect":0.08695652169565218,"writing-device":0}},{"id":"46이너스피자","permalink":"","username":"asdfg","text":"배달해주시는아조씨ㅠ진짜하","date":"Mon Dec 10 23:59:44 +0000 2018","retweets":"30","favorites":"20","mentions":[],"hashtags":[],"geo":"","raw":"배달해주시는아조씨ㅠㅠㅠㅠㅠㅠㅠㅠㅠ진짜ㅠㅠㅠㅠㅠㅠㅠㅠㅠㅠㅠㅠ하","polarity":{"com":0.004838709751209677,"pos":0.7083973374270993,"neg":0.21515617005378904,"neut":0.04477726576119431,"none":0.02683051700670763},"intensity":{"high":0.0428827445,"low":0.0885560675,"meium":0.8411930365,"none":0.0273681515},"expressive":{"dir-action":0.00161290325,"dir-explicit":0.11817716350000002,"dir-speech":0.74032258075,"indirect":0.1090885815,"writing-device":0.030798771}},{"id":"46이너스피자","permalink":"","username":"asdfg","text":"피자의 기본인 페퍼로니 괜찮음.","date":"Mon Dec 10 23:59:44 +0000 2018","retweets":"30","favorites":"20","mentions":[],"hashtags":[],"geo":"","raw":"피자의 기본인 페퍼로니 괜찮음.","polarity":{"com":0.017041468327652843,"pos":0.48918060617027315,"neg":0.36848713121050425,"neut":0.0493334809835555,"none":0.07595731330801422},"intensity":{"high":0.08956463933333332,"low":0.08938000800000001,"meium":0.7450980393333334,"none":0.07595731333333333},"expressive":{"dir-action":0,"dir-explicit":0.21664635733333334,"dir-speech":0.345315904,"indirect":0.3555444776666667,"writing-device":0.082493261}},{"id":"46이너스피자","permalink":"","username":"asdfg","text":"굉장히 만족스러웠습니다 메이져피자보다 나음","date":"Mon Dec 10 23:59:44 +0000 2018","retweets":"30","favorites":"20","mentions":[],"hashtags":[],"geo":"","raw":"굉장히 만족스러웠습니다 메이져피자보다 나음","polarity":{"com":0.016666666666666666,"pos":0.13333333333333333,"neg":0.85,"neut":0,"none":0},"intensity":{"high":0.016666666666666666,"low":0.016666666666666666,"meium":0.9666666666666667,"none":0},"expressive":{"dir-action":0,"dir-explicit":0.7000000000000001,"dir-speech":0.2833333333333333,"indirect":0.016666666666666666,"writing-device":0}},{"id":"46이너스피자","permalink":"","username":"asdfg","text":"음 토핑이 부족한듯 ㅎㅎㅎ","date":"Mon Dec 10 23:59:44 +0000 2018","retweets":"30","favorites":"20","mentions":[],"hashtags":[],"geo":"","raw":"음 토핑이 부족한듯 ㅎㅎㅎ","polarity":{"com":0,"pos":0.25,"neg":0.6666666665000001,"neut":0,"none":0.0833333335},"intensity":{"high":0,"low":0.08333333345833334,"meium":0.8333333330833335,"none":0.08333333345833334},"expressive":{"dir-action":0,"dir-explicit":0.0833333335,"dir-speech":0.1666666665,"indirect":0.6666666665000001,"writing-device":0.0833333335}},{"id":"46이너스피자","permalink":"","username":"asdfg","text":"너무 맛있게 잘 먹었습니다","date":"Mon Dec 10 23:59:44 +0000 2018","retweets":"30","favorites":"20","mentions":[],"hashtags":[],"geo":"","raw":"너무 맛있게 잘 먹었습니다","polarity":{"com":0.07142857153571429,"pos":0.4285714287142857,"neg":0.4642857142321429,"neut":0.035714285517857144,"none":0},"intensity":{"high":0.0714285715,"low":0.1785714285,"meium":0.75,"none":0},"expressive":{"dir-action":0,"dir-explicit":0.39285714250000003,"dir-speech":0.21428571450000003,"indirect":0.392857143,"writing-device":0}},{"id":"46이너스피자","permalink":"","username":"asdfg","text":"맛있게 잘 먹었어요 배달도 빨리 오셨구요.근데 제가 적은 코멘트 잘 읽고  와주세요.전화부탁드린다고 했는데 그냥 오셔서 가족들 다 깰뻔했어요 ","date":"Mon Dec 10 23:59:44 +0000 2018","retweets":"30","favorites":"20","mentions":[],"hashtags":[],"geo":"","raw":"맛있게 잘 먹었어요 배달도 빨리 오셨구요.근데 제가 적은 코멘트 잘 읽고  와주세요.전화부탁드린다고 했는데 그냥 오셔서 가족들 다 깰뻔했어요 ","polarity":{"com":0.0008841733078283345,"pos":0.48568481322856694,"neg":0.4051829397546436,"neut":0.09321712762972573,"none":0.015030946079235533},"intensity":{"high":0.058902783067861106,"low":0.128773525287881,"meium":0.796408572262091,"none":0.015915119382166904},"expressive":{"dir-action":0.000884173307760321,"dir-explicit":0.21689613063206895,"dir-speech":0.4109511178777655,"indirect":0.353585112257968,"writing-device":0.01768346592443719}},{"id":"46이너스피자","permalink":"","username":"asdfg","text":"스테이크 + 이너스스페셜하프앤하프 주문했는데,맛은 보통인듯 합니다.도우가 그냥저냥.이너스스페셜보단 스테이크 추천요","date":"Mon Dec 10 23:59:44 +0000 2018","retweets":"30","favorites":"20","mentions":[],"hashtags":[],"geo":"","raw":"스테이크 + 이너스스페셜하프앤하프 주문했는데,맛은 보통인듯 합니다.도우가 그냥저냥.이너스스페셜보단 스테이크 추천요","polarity":{"com":0.02688455712836057,"pos":0.5325650994415706,"neg":0.28169847466021236,"neut":0.03996329962999542,"none":0.11888856913986107},"intensity":{"high":0.07845729650980716,"low":0.08092596488511573,"meium":0.7200614372150077,"none":0.12055530139006942},"expressive":{"dir-action":0.00055066075,"dir-explicit":0.32565413350000005,"dir-speech":0.41030105812500006,"indirect":0.14249679450000002,"writing-device":0.120997353125}},{"id":"46이너스피자","permalink":"","username":"asdfg","text":"맛있게잘먹었습니다아아아","date":"Mon Dec 10 23:59:44 +0000 2018","retweets":"30","favorites":"20","mentions":[],"hashtags":[],"geo":"","raw":"맛있게잘먹었습니다아아아","polarity":{"com":0,"pos":0.38961038966666667,"neg":0.525974026,"neut":0.054112554,"none":0.03030303033333333},"intensity":{"high":0.03030303033333333,"low":0.13203463199999999,"meium":0.8073593073333334,"none":0.03030303033333333},"expressive":{"dir-action":0,"dir-explicit":0.16233766227922075,"dir-speech":0.5021645021659452,"indirect":0.2748917749083694,"writing-device":0.06060606064646464}},{"id":"46이너스피자","permalink":"","username":"asdfg","text":"씬피자 먹었어요. 무난..,","date":"Mon Dec 10 23:59:44 +0000 2018","retweets":"30","favorites":"20","mentions":[],"hashtags":[],"geo":"","raw":"씬피자 먹었어요. 무난..,","polarity":{"com":0,"pos":0.6666666665000001,"neg":0.3333333335,"neut":0,"none":0},"intensity":{"high":0.0555555555,"low":0.611111111,"meium":0.3333333335,"none":0},"expressive":{"dir-action":0,"dir-explicit":0.611111111,"dir-speech":0.388888889,"indirect":0,"writing-device":0}},{"id":"46이너스피자","permalink":"","username":"asdfg","text":"맛도 좋고 빠른 배달도 감사합니다.근데 콜라가 뚜껑이 열려져 있던 것 같은 느낌이 살짝 있었는데 기분 탓인가 어쨌든 맛있게 잘 먹었어요","date":"Mon Dec 10 23:59:44 +0000 2018","retweets":"30","favorites":"20","mentions":[],"hashtags":[],"geo":"","raw":"맛도 좋고 빠른 배달도 감사합니다.근데 콜라가 뚜껑이 열려져 있던 것 같은 느낌이 살짝 있었는데 기분 탓인가 어쨌든 맛있게 잘 먹었어요","polarity":{"com":0.005749895357142856,"pos":0.5780381272857144,"neg":0.19008774928571426,"neut":0.06842986328571428,"none":0.1576943647857143},"intensity":{"high":0.1527524996646789,"low":0.09729937637104277,"meium":0.5913013407273288,"none":0.15864678323694953},"expressive":{"dir-action":0.0003146632857142857,"dir-explicit":0.22791708057142857,"dir-speech":0.4218843090714285,"indirect":0.19047435878571428,"writing-device":0.1594095882857143}},{"id":"46이너스피자","permalink":"","username":"asdfg","text":"화이트 하와이안이 제일 맛난거 같아요. 씬 도우로 주문해서 맥주안주로는 딱이에요","date":"Mon Dec 10 23:59:44 +0000 2018","retweets":"30","favorites":"20","mentions":[],"hashtags":[],"geo":"","raw":"화이트 하와이안이 제일 맛난거 같아요. 씬 도우로 주문해서 맥주안주로는 딱이에요","polarity":{"com":0,"pos":0.5301587302120635,"neg":0.3682539683473016,"neut":0.08571428563428572,"none":0.015873015806349207},"intensity":{"high":0.2063492064,"low":0.180952381,"meium":0.5968253968,"none":0.0158730158},"expressive":{"dir-action":0,"dir-explicit":0.43174603180000004,"dir-speech":0.26666666679999995,"indirect":0.08253968240000001,"writing-device":0.219047619}},{"id":"46이너스피자","permalink":"","username":"asdfg","text":"언제나 최고의 맛!","date":"Mon Dec 10 23:59:44 +0000 2018","retweets":"30","favorites":"20","mentions":[],"hashtags":[],"geo":"","raw":"언제나 최고의 맛!","polarity":{"com":0,"pos":1,"neg":0,"neut":0,"none":0},"intensity":{"high":1,"low":0,"meium":0,"none":0},"expressive":{"dir-action":0,"dir-explicit":0,"dir-speech":0,"indirect":1,"writing-device":0}},{"id":"46이너스피자","permalink":"","username":"asdfg","text":"맛도 괜찮고 가격도 합리적인듯 하네요","date":"Mon Dec 10 23:59:44 +0000 2018","retweets":"30","favorites":"20","mentions":[],"hashtags":[],"geo":"","raw":"맛도 괜찮고 가격도 합리적인듯 하네요","polarity":{"com":0.00571895425,"pos":0.72140522875,"neg":0.15277777775,"neut":0.022875817,"none":0.09722222224999999},"intensity":{"high":0.031862745,"low":0.06209150325,"meium":0.8088235295,"none":0.09722222224999999},"expressive":{"dir-action":0,"dir-explicit":0.14624183024999998,"dir-speech":0.383986928,"indirect":0.36764705875000003,"writing-device":0.10212418300000001}},{"id":"46이너스피자","permalink":"","username":"asdfg","text":"가격대비 사이즈좋고 잘 먹었습니다","date":"Mon Dec 10 23:59:44 +0000 2018","retweets":"30","favorites":"20","mentions":[],"hashtags":[],"geo":"","raw":"가격대비 사이즈좋고 잘 먹었습니다","polarity":{"com":0,"pos":0.8780952382926983,"neg":0.08476190469492063,"neut":0.023809523674603175,"none":0.013333333337777779},"intensity":{"high":0.06666666666666667,"low":0.08476190466666667,"meium":0.8352380953333333,"none":0.013333333333333334},"expressive":{"dir-action":0,"dir-explicit":0.2714285713333333,"dir-speech":0.11428571433333334,"indirect":0.6009523809999999,"writing-device":0.013333333333333334}},{"id":"46이너스피자","permalink":"","username":"asdfg","text":"맛짱!!! 피자는 요기로ㅎ","date":"Mon Dec 10 23:59:44 +0000 2018","retweets":"30","favorites":"20","mentions":[],"hashtags":[],"geo":"","raw":"맛짱!!! 피자는 요기로ㅎ","polarity":{"com":0,"pos":0.658730158829365,"neg":0.2539682541269841,"neut":0.04761904752380952,"none":0.03968253951984127},"intensity":{"high":0.015873016000000004,"low":0.11904761900000001,"meium":0.8253968255,"none":0.03968253950000001},"expressive":{"dir-action":0,"dir-explicit":0.0793650795,"dir-speech":0.8333333334999999,"indirect":0.0396825395,"writing-device":0.0476190475}},{"id":"46이너스피자","permalink":"","username":"asdfg","text":"아이들 친구들 와서 시켰는데 크기도 맛도 만족입니다!!!","date":"Mon Dec 10 23:59:44 +0000 2018","retweets":"30","favorites":"20","mentions":[],"hashtags":[],"geo":"","raw":"아이들 친구들 와서 시켰는데 크기도 맛도 만족입니다!!!","polarity":{"com":0.013229407600000001,"pos":0.41004343740000004,"neg":0.31659075259999997,"neut":0.0414062436,"none":0.2187301588},"intensity":{"high":0.08843015461768602,"low":0.12250964142450191,"meium":0.5674314943134864,"none":0.22162870964432577},"expressive":{"dir-action":0,"dir-explicit":0.22129988235574002,"dir-speech":0.3878520681224296,"indirect":0.1710534649657893,"writing-device":0.2197945845560411}},{"id":"46이너스피자","permalink":"","username":"asdfg","text":"맛잇게 잘먹엇어요 ~~ 짱\n","date":"Mon Dec 10 23:59:44 +0000 2018","retweets":"30","favorites":"20","mentions":[],"hashtags":[],"geo":"","raw":"맛잇게 잘먹엇어요 ~~ 짱\n","polarity":{"com":0,"pos":1,"neg":0,"neut":0,"none":0},"intensity":{"high":0,"low":0,"meium":1,"none":0},"expressive":{"dir-action":0,"dir-explicit":0,"dir-speech":1,"indirect":0,"writing-device":0}},{"id":"46이너스피자","permalink":"","username":"asdfg","text":"요기마시또용 존맛 최공","date":"Mon Dec 10 23:59:44 +0000 2018","retweets":"30","favorites":"20","mentions":[],"hashtags":[],"geo":"","raw":"요기마시또용 존맛 최공","polarity":{"com":0,"pos":0.5,"neg":0,"neut":0.5,"none":0},"intensity":{"high":0,"low":0,"meium":0.5,"none":0.5},"expressive":{"dir-action":0,"dir-explicit":0.5,"dir-speech":0.5,"indirect":0,"writing-device":0}},{"id":"46이너스피자","permalink":"","username":"asdfg","text":"진짜크네여 ㅋㅋ스테이크랑 포테이토먹음. 맛있움 치즈짱많움 근데 토핑이 자꾸 빵에서 뜯어져여ㅎㅎ","date":"Mon Dec 10 23:59:44 +0000 2018","retweets":"30","favorites":"20","mentions":[],"hashtags":[],"geo":"","raw":"진짜크네여 ㅋㅋ스테이크랑 포테이토먹음. 맛있움 치즈짱많움 근데 토핑이 자꾸 빵에서 뜯어져여ㅎㅎ","polarity":{"com":0.007709251000000001,"pos":0.5533318142500001,"neg":0.3974884805,"neut":0.03926781100000001,"none":0.0022026432500000005},"intensity":{"high":0.14903708203725927,"low":0.10583658227645916,"meium":0.7332016811833004,"none":0.011924654502981163},"expressive":{"dir-action":0.0011013215002753302,"dir-explicit":0.29701081907425264,"dir-speech":0.5692355731423089,"indirect":0.12934832153233708,"writing-device":0.0033039647508259907}},{"id":"46이너스피자","permalink":"","username":"asdfg","text":"여기 피자 존맛이에요","date":"Mon Dec 10 23:59:44 +0000 2018","retweets":"30","favorites":"20","mentions":[],"hashtags":[],"geo":"","raw":"여기 피자 존맛이에요","polarity":{"com":0,"pos":0.75,"neg":0.25,"neut":0,"none":0},"intensity":{"high":0,"low":0,"meium":1,"none":0},"expressive":{"dir-action":0,"dir-explicit":0,"dir-speech":1,"indirect":0,"writing-device":0}},{"id":"46이너스피자","permalink":"","username":"asdfg","text":"역시 짱임 최고~~~","date":"Mon Dec 10 23:59:44 +0000 2018","retweets":"30","favorites":"20","mentions":[],"hashtags":[],"geo":"","raw":"역시 짱임 최고~~~","polarity":{"com":0,"pos":0.6111111113055555,"neg":0.055555555527777765,"neut":0.16666666658333332,"none":0.16666666658333332},"intensity":{"high":0.3888888891944445,"low":0.16666666658333334,"meium":0.2777777776388889,"none":0.16666666658333334},"expressive":{"dir-action":0,"dir-explicit":0.16666666658333334,"dir-speech":0.16666666658333334,"indirect":0.50000000025,"writing-device":0.16666666658333334}},{"id":"46이너스피자","permalink":"","username":"asdfg","text":"처음 시켜봤는데 괜찮더라고요","date":"Mon Dec 10 23:59:44 +0000 2018","retweets":"30","favorites":"20","mentions":[],"hashtags":[],"geo":"","raw":"처음 시켜봤는데 괜찮더라고요","polarity":{"com":0.14285714285714285,"pos":0.42857142857142855,"neg":0.2857142857142857,"neut":0,"none":0.14285714285714285},"intensity":{"high":0,"low":0,"meium":0.857142857,"none":0.142857143},"expressive":{"dir-action":0,"dir-explicit":0.28571428571428575,"dir-speech":0.42857142857142866,"indirect":0.14285714285714288,"writing-device":0.14285714285714288}},{"id":"46이너스피자","permalink":"","username":"asdfg","text":"존맛존맛 언제먹어도 존맛 시봉","date":"Mon Dec 10 23:59:44 +0000 2018","retweets":"30","favorites":"20","mentions":[],"hashtags":[],"geo":"","raw":"존맛존맛 언제먹어도 존맛 시봉","polarity":{"com":0,"pos":0.6666666666000001,"neg":0.3333333334,"neut":0,"none":0},"intensity":{"high":0.022222222200000002,"low":0.044444444400000005,"meium":0.9333333334,"none":0},"expressive":{"dir-action":0,"dir-explicit":0.0444444444,"dir-speech":0.7555555556,"indirect":0.2,"writing-device":0}},{"id":"46이너스피자","permalink":"","username":"asdfg","text":"맛잇어요. 토핑이 정말 많이 올라가서 내맘에쏙!","date":"Mon Dec 10 23:59:44 +0000 2018","retweets":"30","favorites":"20","mentions":[],"hashtags":[],"geo":"","raw":"맛잇어요. 토핑이 정말 많이 올라가서 내맘에쏙!","polarity":{"com":0.007709251000000001,"pos":0.44126284875000005,"neg":0.37402104750000004,"neut":0.17480420950000003,"none":0.0022026432500000005},"intensity":{"high":0.06809838476702458,"low":0.1719285365429821,"meium":0.7566691139391672,"none":0.0033039647508259907},"expressive":{"dir-action":0.0011013215002753302,"dir-explicit":0.15907978453976993,"dir-speech":0.7291972591822993,"indirect":0.10731767002682942,"writing-device":0.0033039647508259907}},{"id":"46이너스피자","permalink":"","username":"asdfg","text":"정말 훌륭합니다.\n크기 맛 다 만족합니다.","date":"Mon Dec 10 23:59:44 +0000 2018","retweets":"30","favorites":"20","mentions":[],"hashtags":[],"geo":"","raw":"정말 훌륭합니다.\n크기 맛 다 만족합니다.","polarity":{"com":0.006006006,"pos":0.59065315325,"neg":0.3265765765,"neut":0.00825825825,"none":0.068506006},"intensity":{"high":0.1535285285,"low":0.021021021,"meium":0.75619369375,"none":0.06925675675},"expressive":{"dir-action":0.0007507507500000002,"dir-explicit":0.45307807800000005,"dir-speech":0.33502252250000003,"indirect":0.14189189200000002,"writing-device":0.06925675675000001}},{"id":"46이너스피자","permalink":"","username":"asdfg","text":"할라피뇨 들어간 피자 정말 굿!","date":"Mon Dec 10 23:59:44 +0000 2018","retweets":"30","favorites":"20","mentions":[],"hashtags":[],"geo":"","raw":"할라피뇨 들어간 피자 정말 굿!","polarity":{"com":0.0038314176666666665,"pos":0.5239463599999999,"neg":0.21743295033333335,"neut":0.10632183899999999,"none":0.148467433},"intensity":{"high":0.20498084293167304,"low":0.04214559398595147,"meium":0.6005747124664751,"none":0.15229885061590037},"expressive":{"dir-action":0.003831417667943806,"dir-explicit":0.22030651340676882,"dir-speech":0.4712643678237548,"indirect":0.14463601538154533,"writing-device":0.15996168571998723}},{"id":"46이너스피자","permalink":"","username":"asdfg","text":"제 입맛에는 이너스스폐셜 먹었는데 평범하네요. 먹다가 금방 물리는 맛입니다 ","date":"Mon Dec 10 23:59:44 +0000 2018","retweets":"30","favorites":"20","mentions":[],"hashtags":[],"geo":"","raw":"제 입맛에는 이너스스폐셜 먹었는데 평범하네요. 먹다가 금방 물리는 맛입니다 ","polarity":{"com":0,"pos":0.33068783055511464,"neg":0.47354497374559085,"neut":0.1825396825304233,"none":0.013227513168871254},"intensity":{"high":0.042328042333333336,"low":0.11375661366666666,"meium":0.8306878308333333,"none":0.013227513166666668},"expressive":{"dir-action":0,"dir-explicit":0.10052910050000002,"dir-speech":0.7037037038333334,"indirect":0.17989417983333336,"writing-device":0.015873015833333334}},{"id":"46이너스피자","permalink":"","username":"asdfg","text":"친절하고 맛있었어요~~\n","date":"Mon Dec 10 23:59:44 +0000 2018","retweets":"30","favorites":"20","mentions":[],"hashtags":[],"geo":"","raw":"친절하고 맛있었어요~~\n","polarity":{"com":0.009677419499999998,"pos":0.25806451599999997,"neg":0.676344086,"neut":0.041935483999999995,"none":0.013978494499999997},"intensity":{"high":0.069892473,"low":0.058064516,"meium":0.8569892475,"none":0.0150537635},"expressive":{"dir-action":0.0032258065,"dir-explicit":0.1569892475,"dir-speech":0.647311828,"indirect":0.1784946235,"writing-device":0.0139784945}},{"id":"46이너스피자","permalink":"","username":"asdfg","text":"엄청커요\n이틀동안 냠냠","date":"Mon Dec 10 23:59:44 +0000 2018","retweets":"30","favorites":"20","mentions":[],"hashtags":[],"geo":"","raw":"엄청커요\n이틀동안 냠냠","polarity":{"com":0,"pos":0.3908045975,"neg":0.574712644,"neut":0.0344827585,"none":0},"intensity":{"high":0.3563218391781609,"low":0.20114942510057468,"meium":0.42528735621264363,"none":0.01724137950862069},"expressive":{"dir-action":0,"dir-explicit":0.275862069,"dir-speech":0.568965517,"indirect":0.155172414,"writing-device":0}},{"id":"46이너스피자","permalink":"","username":"asdfg","text":"맛있어요~ 고르곤라피자 쉬림프피자~!","date":"Mon Dec 10 23:59:44 +0000 2018","retweets":"30","favorites":"20","mentions":[],"hashtags":[],"geo":"","raw":"맛있어요~ 고르곤라피자 쉬림프피자~!","polarity":{"com":0,"pos":0,"neg":1,"neut":0,"none":0},"intensity":{"high":0,"low":0,"meium":1,"none":0},"expressive":{"dir-action":0,"dir-explicit":0,"dir-speech":1,"indirect":0,"writing-device":0}},{"id":"46이너스피자","permalink":"","username":"asdfg","text":"한시간 넘게 기다렸는데 피자 바껴서 오고 난리네요 배고픈것도 배고픈건데 기분이 ㅋㅋㅋㅋㅋ","date":"Mon Dec 10 23:59:44 +0000 2018","retweets":"30","favorites":"20","mentions":[],"hashtags":[],"geo":"","raw":"한시간 넘게 기다렸는데 피자 바껴서 오고 난리네요 배고픈것도 배고픈건데 기분이 ㅋㅋㅋㅋㅋ","polarity":{"com":0.0025510204285714285,"pos":0.2530612244285714,"neg":0.46071428571428574,"neut":0.14795918371428574,"none":0.1357142857142857},"intensity":{"high":0.15017006797854712,"low":0.24574829939346451,"meium":0.4683673469330904,"none":0.13571428569489796},"expressive":{"dir-action":0,"dir-explicit":0.12925170058989308,"dir-speech":0.46547619049506805,"indirect":0.2644557823234937,"writing-device":0.1408163265915452}},{"id":"46이너스피자","permalink":"","username":"asdfg","text":"맛있고 크기도 커서 좋아요 전 쉬림프골드로 시켜먹었는데 좋았어요 제가 새우나 랍스타같은거 되게 좋아하는데 피자에 새우 많이 있더라구요 그래서 더 좋았고 치즈를 많이 넣으셨는지 치즈가 죽죽 잘 늘어나서 좋았어요","date":"Mon Dec 10 23:59:44 +0000 2018","retweets":"30","favorites":"20","mentions":[],"hashtags":[],"geo":"","raw":"맛있고 크기도 커서 좋아요 전 쉬림프골드로 시켜먹었는데 좋았어요 제가 새우나 랍스타같은거 되게 좋아하는데 피자에 새우 많이 있더라구요 그래서 더 좋았고 치즈를 많이 넣으셨는지 치즈가 죽죽 잘 늘어나서 좋았어요","polarity":{"com":0.0034690627781632294,"pos":0.5251507262250168,"neg":0.35288910237254323,"neut":0.09446333084382927,"none":0.02402777778044753},"intensity":{"high":0.08893452522222221,"low":0.16241993277777778,"meium":0.7241217324444444,"none":0.024523809555555554},"expressive":{"dir-action":0.0007077141110324762,"dir-explicit":0.3757971612360225,"dir-speech":0.42222327539753074,"indirect":0.14646693403928146,"writing-device":0.05480491521613278}},{"id":"46이너스피자","permalink":"","username":"asdfg","text":"크긴한데 그냥 그랬어요 ㅇ","date":"Mon Dec 10 23:59:44 +0000 2018","retweets":"30","favorites":"20","mentions":[],"hashtags":[],"geo":"","raw":"크긴한데 그냥 그랬어요 ㅇ","polarity":{"com":0,"pos":0.724137931,"neg":0.2413793105,"neut":0.0344827585,"none":0},"intensity":{"high":0.1896551725,"low":0.2844827585,"meium":0.5086206895000001,"none":0.0172413795},"expressive":{"dir-action":0,"dir-explicit":0.275862069,"dir-speech":0.068965517,"indirect":0.655172414,"writing-device":0}},{"id":"46이너스피자","permalink":"","username":"asdfg","text":"맛있게 먹었습니다 감사합니다","date":"Mon Dec 10 23:59:44 +0000 2018","retweets":"30","favorites":"20","mentions":[],"hashtags":[],"geo":"","raw":"맛있게 먹었습니다 감사합니다","polarity":{"com":0,"pos":0.44444444433333335,"neg":0.5555555556666666,"neut":0,"none":0},"intensity":{"high":0.37037037033333337,"low":0.074074074,"meium":0.5555555556666666,"none":0},"expressive":{"dir-action":0,"dir-explicit":0.074074074,"dir-speech":0.925925926,"indirect":0,"writing-device":0}},{"id":"46이너스피자","permalink":"","username":"asdfg","text":"맛있었어요 동네 피자로는 개인적으로 맛은 최고인것 같습니다. 다만 지난번에 지인하고 한번 실망했던건 배달시간이 늦는다면 늦는다고 알려주셔야되는데 1시간반넘게 안와서 안하는줄알았던 일만 빼면..더 좋았을텐데요.  늦으면 늦는다고만 확실히 해주셨으면 좋겠습니다. ","date":"Mon Dec 10 23:59:44 +0000 2018","retweets":"30","favorites":"20","mentions":[],"hashtags":[],"geo":"","raw":"맛있었어요 동네 피자로는 개인적으로 맛은 최고인것 같습니다. 다만 지난번에 지인하고 한번 실망했던건 배달시간이 늦는다면 늦는다고 알려주셔야되는데 1시간반넘게 안와서 안하는줄알았던 일만 빼면..더 좋았을텐데요.  늦으면 늦는다고만 확실히 해주셨으면 좋겠습니다. ","polarity":{"com":0.010802032226290727,"pos":0.48298071536518367,"neg":0.30156094260894906,"neut":0.04420414231416327,"none":0.16045216748541347},"intensity":{"high":0.16893522140141207,"low":0.14756311499329255,"meium":0.522131286339903,"none":0.16137037726539225},"expressive":{"dir-action":0.0013092165908495813,"dir-explicit":0.23537534412566477,"dir-speech":0.3231785457125828,"indirect":0.22421813635344462,"writing-device":0.21591875721745823}},{"id":"46이너스피자","permalink":"","username":"asdfg","text":"맛도맛이지만 토핑도 푸짐하게 올려주시고\n가격만큼 가격값한는맛 ㅜㅜ","date":"Mon Dec 10 23:59:44 +0000 2018","retweets":"30","favorites":"20","mentions":[],"hashtags":[],"geo":"","raw":"맛도맛이지만 토핑도 푸짐하게 올려주시고\n가격만큼 가격값한는맛 ㅜㅜ","polarity":{"com":0.005613524444444445,"pos":0.7788548917777778,"neg":0.14676658222222225,"neut":0.014576635000000001,"none":0.054188366555555555},"intensity":{"high":0.04408402255555556,"low":0.034944314444444444,"meium":0.8662106807777777,"none":0.054760982222222226},"expressive":{"dir-action":0.0010505128887721652,"dir-explicit":0.164296862203967,"dir-speech":0.40941263839895414,"indirect":0.3715116037364987,"writing-device":0.053728382771807956}},{"id":"46이너스피자","permalink":"","username":"asdfg","text":"스파게티 맛 괜찮음","date":"Mon Dec 10 23:59:44 +0000 2018","retweets":"30","favorites":"20","mentions":[],"hashtags":[],"geo":"","raw":"스파게티 맛 괜찮음","polarity":{"com":0,"pos":0.75,"neg":0.25,"neut":0,"none":0},"intensity":{"high":0,"low":0,"meium":1,"none":0},"expressive":{"dir-action":0,"dir-explicit":0,"dir-speech":0.75,"indirect":0.25,"writing-device":0}},{"id":"46이너스피자","permalink":"","username":"asdfg","text":"조아요 조아요 정말 조아요\n","date":"Mon Dec 10 23:59:44 +0000 2018","retweets":"30","favorites":"20","mentions":[],"hashtags":[],"geo":"","raw":"조아요 조아요 정말 조아요\n","polarity":{"com":0,"pos":0.75,"neg":0,"neut":0,"none":0.25},"intensity":{"high":0.5,"low":0,"meium":0.25,"none":0.25},"expressive":{"dir-action":0,"dir-explicit":0.5,"dir-speech":0.25,"indirect":0,"writing-device":0.25}},{"id":"46이너스피자","permalink":"","username":"asdfg","text":"양 많고 피자도 맛있어요~~","date":"Mon Dec 10 23:59:44 +0000 2018","retweets":"30","favorites":"20","mentions":[],"hashtags":[],"geo":"","raw":"양 많고 피자도 맛있어요~~","polarity":{"com":0.0035714285,"pos":0.302795031,"neg":0.44689441,"neut":0.028881987499999998,"none":0.217857143},"intensity":{"high":0.20186335410093167,"low":0.16583850908291925,"meium":0.41444099370722054,"none":0.2178571431089286},"expressive":{"dir-action":0,"dir-explicit":0.35372670800000006,"dir-speech":0.258695652,"indirect":0.1732919255,"writing-device":0.2142857145}},{"id":"46이너스피자","permalink":"","username":"asdfg","text":"맛있어요 기본인 이너스스페셜","date":"Mon Dec 10 23:59:44 +0000 2018","retweets":"30","favorites":"20","mentions":[],"hashtags":[],"geo":"","raw":"맛있어요 기본인 이너스스페셜","polarity":{"com":0.010279001333333334,"pos":0.477239354,"neg":0.4801762113333334,"neut":0.029368575666666664,"none":0.002936857666666667},"intensity":{"high":0.0352422906784141,"low":0.04405286334801762,"meium":0.9162995596387664,"none":0.004405286334801762},"expressive":{"dir-action":0.0014684286671561425,"dir-explicit":0.13803230537934408,"dir-speech":0.45374449348458146,"indirect":0.4023494861341165,"writing-device":0.004405286334801761}},{"id":"46이너스피자","permalink":"","username":"asdfg","text":"배달도빠르고 포테이토피자맛낭 굿굿","date":"Mon Dec 10 23:59:44 +0000 2018","retweets":"30","favorites":"20","mentions":[],"hashtags":[],"geo":"","raw":"배달도빠르고 포테이토피자맛낭 굿굿","polarity":{"com":0,"pos":1,"neg":0,"neut":0,"none":0},"intensity":{"high":0,"low":0.08333333325,"meium":0.91666666675,"none":0},"expressive":{"dir-action":0,"dir-explicit":0,"dir-speech":0.5,"indirect":0.5,"writing-device":0}},{"id":"46이너스피자","permalink":"","username":"asdfg","text":"맛있어요... 양도 많고","date":"Mon Dec 10 23:59:44 +0000 2018","retweets":"30","favorites":"20","mentions":[],"hashtags":[],"geo":"","raw":"맛있어요... 양도 많고","polarity":{"com":0,"pos":0.195652174,"neg":0.7826086955,"neut":0.0217391305,"none":0},"intensity":{"high":0.1304347825652174,"low":0.10869565205434782,"meium":0.7608695653804347,"none":0},"expressive":{"dir-action":0,"dir-explicit":0.2608695651304348,"dir-speech":0.6086956523043479,"indirect":0.1304347825652174,"writing-device":0}},{"id":"46이너스피자","permalink":"","username":"asdfg","text":"친절하고 맛있다  공팬은아녀두 여기에시킨다","date":"Mon Dec 10 23:59:44 +0000 2018","retweets":"30","favorites":"20","mentions":[],"hashtags":[],"geo":"","raw":"친절하고 맛있다  공팬은아녀두 여기에시킨다","polarity":{"com":0.009075998,"pos":0.34301530875,"neg":0.6030025515,"neut":0.029442318250000002,"none":0.0154638235},"intensity":{"high":0.060369965265092494,"low":0.06293056301573265,"meium":0.8606980137151746,"none":0.016001458004000366},"expressive":{"dir-action":0.0016129032500000003,"dir-explicit":0.14629123400000002,"dir-speech":0.7134864225,"indirect":0.12314561675,"writing-device":0.015463823500000001}},{"id":"46이너스피자","permalink":"","username":"asdfg","text":"피자는항상여기서시켜먹는데,\n오늘은식은피자다시데펴온맛이나네요;;","date":"Mon Dec 10 23:59:44 +0000 2018","retweets":"30","favorites":"20","mentions":[],"hashtags":[],"geo":"","raw":"피자는항상여기서시켜먹는데,\n오늘은식은피자다시데펴온맛이나네요;;","polarity":{"com":0.002118644125264831,"pos":0.5365550173170693,"neg":0.3506692226688337,"neut":0.07864205000983025,"none":0.03201506587900188},"intensity":{"high":0.05735472150716934,"low":0.0744888350093111,"meium":0.8361413776045177,"none":0.03201506587900188},"expressive":{"dir-action":0,"dir-explicit":0.126160209875,"dir-speech":0.6701136670000001,"indirect":0.16972693025000002,"writing-device":0.03399919287500001}},{"id":"46이너스피자","permalink":"","username":"asdfg","text":"포장깔끔하고 셋트먹었는데 맛있어요~ 피클 추가해야되는가요? ㅜㅜ하나와서 더필요했음...  ","date":"Mon Dec 10 23:59:44 +0000 2018","retweets":"30","favorites":"20","mentions":[],"hashtags":[],"geo":"","raw":"포장깔끔하고 셋트먹었는데 맛있어요~ 피클 추가해야되는가요? ㅜㅜ하나와서 더필요했음...  ","polarity":{"com":0.04526708089094658,"pos":0.4342881341131424,"neg":0.4642356699071528,"neut":0.03820711139235858,"none":0.0180020036963996},"intensity":{"high":0.09239911789076008,"low":0.0969860514903014,"meium":0.7918824190208118,"none":0.018732411598126757},"expressive":{"dir-action":0.0015906228998409375,"dir-explicit":0.2926915915707308,"dir-speech":0.4267752314573224,"indirect":0.2568666651743133,"writing-device":0.022075888897792408}},{"id":"46이너스피자","permalink":"","username":"asdfg","text":"오늘은 치즈가 뭔가 딱딱하네요..","date":"Mon Dec 10 23:59:44 +0000 2018","retweets":"30","favorites":"20","mentions":[],"hashtags":[],"geo":"","raw":"오늘은 치즈가 뭔가 딱딱하네요..","polarity":{"com":0.014707580000000001,"pos":0.390269321,"neg":0.46884214975,"neut":0.08227666574999999,"none":0.043904283499999995},"intensity":{"high":0.11685810152921451,"low":0.12715958578178987,"meium":0.7090951354272738,"none":0.04688717726172179},"expressive":{"dir-action":0.0007507507500000002,"dir-explicit":0.23962468825000002,"dir-speech":0.44502348550000004,"indirect":0.26994604125000005,"writing-device":0.04465503425}},{"id":"46이너스피자","permalink":"","username":"asdfg","text":"안먹는것을 추천해드립니다","date":"Mon Dec 10 23:59:44 +0000 2018","retweets":"30","favorites":"20","mentions":[],"hashtags":[],"geo":"","raw":"안먹는것을 추천해드립니다","polarity":{"com":0.006451612999999998,"pos":0.3109318996666666,"neg":0.47172939066666664,"neut":0.180734767,"none":0.03015232966666666},"intensity":{"high":0.15076164866666666,"low":0.09426523299999999,"meium":0.7241039426666667,"none":0.03086917566666666},"expressive":{"dir-action":0.002150537666666667,"dir-explicit":0.33382616500000006,"dir-speech":0.4940412186666667,"indirect":0.11899641566666669,"writing-device":0.05098566299999999}},{"id":"46이너스피자","permalink":"","username":"asdfg","text":"역시 이너스피자 도우까지 쫄깃하서 너무 맛있었어요","date":"Mon Dec 10 23:59:44 +0000 2018","retweets":"30","favorites":"20","mentions":[],"hashtags":[],"geo":"","raw":"역시 이너스피자 도우까지 쫄깃하서 너무 맛있었어요","polarity":{"com":0.03337623340667525,"pos":0.45412425429082487,"neg":0.23139113124627825,"neut":0.07327327321465466,"none":0.207835107841567},"intensity":{"high":0.2786669787114668,"low":0.12114582104845834,"meium":0.38266058275306425,"none":0.21752661748701063},"expressive":{"dir-action":0.0006006006002402403,"dir-explicit":0.46159666158463863,"dir-speech":0.1691002690676401,"indirect":0.15117585126047034,"writing-device":0.21752661748701063}},{"id":"46이너스피자","permalink":"","username":"asdfg","text":"배달빠르다\n베지테리안 먹는사람 못봐서 반신반의했는데 맛있다","date":"Mon Dec 10 23:59:44 +0000 2018","retweets":"30","favorites":"20","mentions":[],"hashtags":[],"geo":"","raw":"배달빠르다\n베지테리안 먹는사람 못봐서 반신반의했는데 맛있다","polarity":{"com":0.01942951033333333,"pos":0.4610215053333333,"neg":0.4245221026666667,"neut":0.083422939,"none":0.011603942666666665},"intensity":{"high":0.05107526883333333,"low":0.1721326165,"meium":0.7648297490000001,"none":0.011962365666666667},"expressive":{"dir-action":0.0010752688335125447,"dir-explicit":0.1356630825226105,"dir-speech":0.6717891279452981,"indirect":0.17292413369548734,"writing-device":0.018548387003091395}},{"id":"46이너스피자","permalink":"","username":"asdfg","text":"전화받는분도 친절하시고 맛은 항상 최고인듯","date":"Mon Dec 10 23:59:44 +0000 2018","retweets":"30","favorites":"20","mentions":[],"hashtags":[],"geo":"","raw":"전화받는분도 친절하시고 맛은 항상 최고인듯","polarity":{"com":0.006032950857142857,"pos":0.7359642781428571,"neg":0.1733998975714286,"neut":0.025053462285714288,"none":0.059549411142857146},"intensity":{"high":0.03817656085714286,"low":0.05207072071428571,"meium":0.8498960875714286,"none":0.05985663085714286},"expressive":{"dir-action":0.0009216589999999999,"dir-explicit":0.23556368799999997,"dir-speech":0.4043673382857142,"indirect":0.2967967831428571,"writing-device":0.062350531571428565}},{"id":"46이너스피자","permalink":"","username":"asdfg","text":"전화받으신분 엄청 친절하구 배달하시는분도 무지 친절하심","date":"Mon Dec 10 23:59:44 +0000 2018","retweets":"30","favorites":"20","mentions":[],"hashtags":[],"geo":"","raw":"전화받으신분 엄청 친절하구 배달하시는분도 무지 친절하심","polarity":{"com":0.0038709677999999997,"pos":0.8032258064000001,"neg":0.1705376344,"neut":0.0167741936,"none":0.0055913978},"intensity":{"high":0.027956989199999997,"low":0.0232258064,"meium":0.942795699,"none":0.0060215054},"expressive":{"dir-action":0.0012903226,"dir-explicit":0.162795699,"dir-speech":0.45892473119999994,"indirect":0.3713978494,"writing-device":0.0055913978}},{"id":"46이너스피자","permalink":"","username":"asdfg","text":"새벽에 스파게티 먹고싶어서\n윙이랑 시켰는뎅\n무난하게 먹었어여\n소스좀마니주면 좋을듯 ㅠㅠ","date":"Mon Dec 10 23:59:44 +0000 2018","retweets":"30","favorites":"20","mentions":[],"hashtags":[],"geo":"","raw":"새벽에 스파게티 먹고싶어서\n윙이랑 시켰는뎅\n무난하게 먹었어여\n소스좀마니주면 좋을듯 ㅠㅠ","polarity":{"com":0,"pos":0.681111111,"neg":0.2844444445,"neut":0,"none":0.0344444445},"intensity":{"high":0.07037037032160494,"low":0.2751851851208025,"meium":0.6200000000633332,"none":0.034444444494259256},"expressive":{"dir-action":0,"dir-explicit":0.4351851851666666,"dir-speech":0.44814814816666665,"indirect":0.08222222216666666,"writing-device":0.0344444445}},{"id":"46이너스피자","permalink":"","username":"asdfg","text":"언능왔음 좋겠네요 배고파죽겠음...","date":"Mon Dec 10 23:59:44 +0000 2018","retweets":"30","favorites":"20","mentions":[],"hashtags":[],"geo":"","raw":"언능왔음 좋겠네요 배고파죽겠음...","polarity":{"com":0,"pos":0.41666666674999997,"neg":0.45833333325000003,"neut":0.125,"none":0},"intensity":{"high":0.04166666675,"low":0,"meium":0.95833333325,"none":0},"expressive":{"dir-action":0,"dir-explicit":0.125,"dir-speech":0.41666666674999997,"indirect":0.45833333325000003,"writing-device":0}},{"id":"46이너스피자","permalink":"","username":"asdfg","text":"세트먹었어요\n피자크고 좋아요\n근데오븐스파게티 치즈가 딱딱해서\n섞어먹기 힘들었어요ㅜ","date":"Mon Dec 10 23:59:44 +0000 2018","retweets":"30","favorites":"20","mentions":[],"hashtags":[],"geo":"","raw":"세트먹었어요\n피자크고 좋아요\n근데오븐스파게티 치즈가 딱딱해서\n섞어먹기 힘들었어요ㅜ","polarity":{"com":0.002551020428571428,"pos":0.3850938305714286,"neg":0.5814825241428571,"neut":0.02133180857142857,"none":0.009540816285714284},"intensity":{"high":0.13746383614285715,"low":0.23722183114285716,"meium":0.6095718977142857,"none":0.015742435000000003},"expressive":{"dir-action":0,"dir-explicit":0.3173097974285714,"dir-speech":0.4222837985714286,"indirect":0.2508655877142857,"writing-device":0.009540816285714284}},{"id":"46이너스피자","permalink":"","username":"asdfg","text":"배달시간엄청늦어요ㅡㅡ","date":"Mon Dec 10 23:59:44 +0000 2018","retweets":"30","favorites":"20","mentions":[],"hashtags":[],"geo":"","raw":"배달시간엄청늦어요ㅡㅡ","polarity":{"com":0,"pos":0.5,"neg":0.5,"neut":0,"none":0},"intensity":{"high":0,"low":0,"meium":1,"none":0},"expressive":{"dir-action":0,"dir-explicit":0,"dir-speech":0.5,"indirect":0.5,"writing-device":0}},{"id":"46이너스피자","permalink":"","username":"asdfg","text":"양이 어마어마어마어마 합니다","date":"Mon Dec 10 23:59:44 +0000 2018","retweets":"30","favorites":"20","mentions":[],"hashtags":[],"geo":"","raw":"양이 어마어마어마어마 합니다","polarity":{"com":0.021165628500000002,"pos":0.37677857100000006,"neg":0.4214137425,"neut":0.07853562200000001,"none":0.10210643600000001},"intensity":{"high":0.1103347005,"low":0.129297686,"meium":0.650311408,"none":0.1100562055},"expressive":{"dir-action":0.007949769507949768,"dir-explicit":0.2875082282875082,"dir-speech":0.3875132918875133,"indirect":0.19547825219547826,"writing-device":0.12155045812155046}},{"id":"46이너스피자","permalink":"","username":"asdfg","text":"역시 짱짱맨 피자임 딴거보다 크기맛에 압도","date":"Mon Dec 10 23:59:44 +0000 2018","retweets":"30","favorites":"20","mentions":[],"hashtags":[],"geo":"","raw":"역시 짱짱맨 피자임 딴거보다 크기맛에 압도","polarity":{"com":0,"pos":0.41666666670833336,"neg":0.33333333341666666,"neut":0.16666666658333332,"none":0.08333333329166666},"intensity":{"high":0.08333333327083332,"low":0.08333333327083332,"meium":0.7500000001874999,"none":0.08333333327083332},"expressive":{"dir-action":0,"dir-explicit":0.2500000000625,"dir-speech":0.4583333333645833,"indirect":0.08333333327083332,"writing-device":0.2083333333020833}},{"id":"46이너스피자","permalink":"","username":"asdfg","text":"사이즈로승부보거나\n양으로보는데닌별기대감없는데\n여기느맛도괘아나서\n대만족^^^^^/♡","date":"Mon Dec 10 23:59:44 +0000 2018","retweets":"30","favorites":"20","mentions":[],"hashtags":[],"geo":"","raw":"사이즈로승부보거나\n양으로보는데닌별기대감없는데\n여기느맛도괘아나서\n대만족^^^^^/♡","polarity":{"com":0.01137116666477147,"pos":0.555805979240699,"neg":0.30624518428229247,"neut":0.024360455995939927,"none":0.10221721381629713},"intensity":{"high":0.08880413015186597,"low":0.04911773765848037,"meium":0.7582427953736263,"none":0.10383533681602744},"expressive":{"dir-action":0,"dir-explicit":0.32437201416666667,"dir-speech":0.328654261,"indirect":0.23414817383333333,"writing-device":0.11282555099999998}},{"id":"46이너스피자","permalink":"","username":"asdfg","text":"맛있어용 쉬림프디럭스 씬피자에용","date":"Mon Dec 10 23:59:44 +0000 2018","retweets":"30","favorites":"20","mentions":[],"hashtags":[],"geo":"","raw":"맛있어용 쉬림프디럭스 씬피자에용","polarity":{"com":0,"pos":0,"neg":1,"neut":0,"none":0},"intensity":{"high":0,"low":0,"meium":1,"none":0},"expressive":{"dir-action":0,"dir-explicit":0,"dir-speech":1,"indirect":0,"writing-device":0}},{"id":"46이너스피자","permalink":"","username":"asdfg","text":"늦은시간에 피자먹고싶었는데!! 갈릭디핑소스도 같이와서 좋았어요 ㅎㅎ","date":"Mon Dec 10 23:59:44 +0000 2018","retweets":"30","favorites":"20","mentions":[],"hashtags":[],"geo":"","raw":"늦은시간에 피자먹고싶었는데!! 갈릭디핑소스도 같이와서 좋았어요 ㅎㅎ","polarity":{"com":0.0011904761666666668,"pos":0.3696031745,"neg":0.46420634933333343,"neut":0.08571428566666668,"none":0.07928571433333334},"intensity":{"high":0.11732804233333337,"low":0.06275132266666668,"meium":0.7406349206666667,"none":0.07928571433333334},"expressive":{"dir-action":0,"dir-explicit":0.20965608463172397,"dir-speech":0.3796296296033951,"indirect":0.3326190476112302,"writing-device":0.0780952381536508}},{"id":"46이너스피자","permalink":"","username":"asdfg","text":"한건의 주문에 확인전화때문에 두번 기재하석요","date":"Mon Dec 10 23:59:44 +0000 2018","retweets":"30","favorites":"20","mentions":[],"hashtags":[],"geo":"","raw":"한건의 주문에 확인전화때문에 두번 기재하석요","polarity":{"com":0,"pos":0.38333333324999996,"neg":0.39791666675000004,"neut":0.09375,"none":0.125},"intensity":{"high":0.09375,"low":0,"meium":0.78125,"none":0.125},"expressive":{"dir-action":0,"dir-explicit":0.25,"dir-speech":0.39791666675000004,"indirect":0.22708333325,"writing-device":0.125}},{"id":"46이너스피자","permalink":"","username":"asdfg","text":"전화 받으시는 분이 친절하군요.\n모바일결재후 확인만 했는데 모바일주문과 전화주문이 한건씩 2건으로 확인되네요?\n그리고 주문받는 사람이 다를 경우에 대해 기재란이 있으면\n좋겠군요","date":"Mon Dec 10 23:59:44 +0000 2018","retweets":"30","favorites":"20","mentions":[],"hashtags":[],"geo":"","raw":"전화 받으시는 분이 친절하군요.\n모바일결재후 확인만 했는데 모바일주문과 전화주문이 한건씩 2건으로 확인되네요?\n그리고 주문받는 사람이 다를 경우에 대해 기재란이 있으면\n좋겠군요","polarity":{"com":0.003580854733333333,"pos":0.6127456754,"neg":0.2322631624666667,"neut":0.10000812106666666,"none":0.05140218633333334},"intensity":{"high":0.04580160040610688,"low":0.07538540087671805,"meium":0.8271171266436156,"none":0.051695872073559454},"expressive":{"dir-action":0.0002936857333529123,"dir-explicit":0.33498035082233196,"dir-speech":0.39075225049271683,"indirect":0.22097065134806473,"writing-device":0.05300306160353353}},{"id":"46이너스피자","permalink":"","username":"asdfg","text":"하와이언피자랑 파스타 세트 시켰는데 \n특히 도우가 밀가루맛도 안나고 좋아요~\n배달도 바르고 맛있어요","date":"Mon Dec 10 23:59:44 +0000 2018","retweets":"30","favorites":"20","mentions":[],"hashtags":[],"geo":"","raw":"하와이언피자랑 파스타 세트 시켰는데 \n특히 도우가 밀가루맛도 안나고 좋아요~\n배달도 바르고 맛있어요","polarity":{"com":0,"pos":0.5033333333333333,"neg":0.3566666666666667,"neut":0.008333333333333335,"none":0.13166666666666668},"intensity":{"high":0.06666666666666667,"low":0.015,"meium":0.7866666666666666,"none":0.13166666666666668},"expressive":{"dir-action":0,"dir-explicit":0.45,"dir-speech":0.375,"indirect":0.051666666666666666,"writing-device":0.12333333333333334}},{"id":"46이너스피자","permalink":"","username":"asdfg","text":"하와이언반 불고기반에 골드크러스트치즈크러스트\n볼로네즈스파게티랑 콘샐러두\n근래먹은피자중젤맛난다 \n뒤에 엣지가 진짜마싯\n나원래 안먹는데 다머금","date":"Mon Dec 10 23:59:44 +0000 2018","retweets":"30","favorites":"20","mentions":[],"hashtags":[],"geo":"","raw":"하와이언반 불고기반에 골드크러스트치즈크러스트\n볼로네즈스파게티랑 콘샐러두\n근래먹은피자중젤맛난다 \n뒤에 엣지가 진짜마싯\n나원래 안먹는데 다머금","polarity":{"com":0.00148809525,"pos":0.6254960316666667,"neg":0.3194444445,"neut":0.02752976191666667,"none":0.026041666666666668},"intensity":{"high":0.1450066137379161,"low":0.2542989417288084,"meium":0.5739087302021743,"none":0.026785714331101187},"expressive":{"dir-action":0,"dir-explicit":0.18435846556797014,"dir-speech":0.5872189153677317,"indirect":0.20238095239980156,"writing-device":0.02604166666449653}},{"id":"46이너스피자","permalink":"","username":"asdfg","text":"아직못먹어봤어요ㅎㅎ\n기대됨 맛나게 가져다주세요","date":"Mon Dec 10 23:59:44 +0000 2018","retweets":"30","favorites":"20","mentions":[],"hashtags":[],"geo":"","raw":"아직못먹어봤어요ㅎㅎ\n기대됨 맛나게 가져다주세요","polarity":{"com":0,"pos":0.44444444433333335,"neg":0.42222222233333334,"neut":0,"none":0.13333333333333333},"intensity":{"high":0.037037036999999995,"low":0.074074074,"meium":0.7555555556666667,"none":0.13333333333333333},"expressive":{"dir-action":0,"dir-explicit":0.5407407406666667,"dir-speech":0.32592592600000003,"indirect":0,"writing-device":0.13333333333333333}},{"id":"46이너스피자","permalink":"","username":"asdfg","text":"피자 자주 주문 해먹는데,\n따끈하게 잘 오더라구요~\n이번껀 진찌 뜨끈,\n바베큐 치킨 피자에 치즈크러스트 추가해서 먹음 맛나용","date":"Mon Dec 10 23:59:44 +0000 2018","retweets":"30","favorites":"20","mentions":[],"hashtags":[],"geo":"","raw":"피자 자주 주문 해먹는데,\n따끈하게 잘 오더라구요~\n이번껀 진찌 뜨끈,\n바베큐 치킨 피자에 치즈크러스트 추가해서 먹음 맛나용","polarity":{"com":0.007229810501204969,"pos":0.640504559940084,"neg":0.3122133653853689,"neut":0.03138876200523146,"none":0.008663502168110584},"intensity":{"high":0.042316509999999995,"low":0.06908313833333332,"meium":0.8790779259999999,"none":0.009522425666666666},"expressive":{"dir-action":0.0015757693333333332,"dir-explicit":0.47342942016666667,"dir-speech":0.2545951481666666,"indirect":0.2612356596666666,"writing-device":0.009164002666666666}},{"id":"46이너스피자","permalink":"","username":"asdfg","text":"막을만함???!","date":"Mon Dec 10 23:59:44 +0000 2018","retweets":"30","favorites":"20","mentions":[],"hashtags":[],"geo":"","raw":"막을만함???!!!!!!!!!","polarity":{"com":0.045454545500000006,"pos":0.7954545455,"neg":0.13636363650000002,"neut":0,"none":0.022727272500000003},"intensity":{"high":0.022727272511363635,"low":0.06818181803409092,"meium":0.8863636369431818,"none":0.022727272511363635},"expressive":{"dir-action":0,"dir-explicit":0.6363636365000002,"dir-speech":0.045454545500000006,"indirect":0.29545454550000005,"writing-device":0.022727272500000003}},{"id":"46이너스피자","permalink":"","username":"asdfg","text":"오오 ㅋㅋㄱㅋ맛있어요~ 방금 해치움 피자워낙조아하는데 안물리고 계속먹게대네염~","date":"Mon Dec 10 23:59:44 +0000 2018","retweets":"30","favorites":"20","mentions":[],"hashtags":[],"geo":"","raw":"오오 ㅋㅋㄱㅋ맛있어요~ 방금 해치움 피자워낙조아하는데 안물리고 계속먹게대네염~","polarity":{"com":0.0038709677999999997,"pos":0.1532258064,"neg":0.5830376344,"neut":0.041774193599999995,"none":0.2180913978},"intensity":{"high":0.2904569892,"low":0.0232258064,"meium":0.467795699,"none":0.21852150539999998},"expressive":{"dir-action":0.0012903226,"dir-explicit":0.200295699,"dir-speech":0.2964247312,"indirect":0.2713978494,"writing-device":0.2305913978}},{"id":"46이너스피자","permalink":"","username":"asdfg","text":"피자듬뿍 토핑도많이넣어서만드시구..완전맛있어요^ ^","date":"Mon Dec 10 23:59:44 +0000 2018","retweets":"30","favorites":"20","mentions":[],"hashtags":[],"geo":"","raw":"피자듬뿍 토핑도많이넣어서만드시구..완전맛있어요^ ^","polarity":{"com":0,"pos":0.77884615375,"neg":0.201923077,"neut":0.01923076925,"none":0},"intensity":{"high":0.125,"low":0.26923076925,"meium":0.60576923075,"none":0},"expressive":{"dir-action":0.12499999996875,"dir-explicit":0.24038461543990386,"dir-speech":0.34615384616346156,"indirect":0.28846153842788463,"writing-device":0}},{"id":"46이너스피자","permalink":"","username":"asdfg","text":"빨리오삼요~~~~~~~","date":"Mon Dec 10 23:59:44 +0000 2018","retweets":"30","favorites":"20","mentions":[],"hashtags":[],"geo":"","raw":"빨리오삼요~~~~~~~","polarity":{"com":0,"pos":0,"neg":1,"neut":0,"none":0},"intensity":{"high":0,"low":0.5,"meium":0.5,"none":0},"expressive":{"dir-action":0,"dir-explicit":0,"dir-speech":0.5,"indirect":0.5,"writing-device":0}},{"id":"46이너스피자","permalink":"","username":"asdfg","text":"너무 맛있어요ㅠㅠ\n둘이 배부르게 먹고도 7조각 남아서\n냉동실에 넣어 두었어요 ㅋㅋㅋ\n**스테이크랑 슈퍼슈프림 빅 사이즈\n   하프","date":"Mon Dec 10 23:59:44 +0000 2018","retweets":"30","favorites":"20","mentions":[],"hashtags":[],"geo":"","raw":"너무 맛있어요ㅠㅠ\n둘이 배부르게 먹고도 7조각 남아서\n냉동실에 넣어 두었어요 ㅋㅋㅋ\n**스테이크랑 슈퍼슈프림 빅 사이즈\n   하프","polarity":{"com":0.030139500666666662,"pos":0.18703237533333333,"neg":0.6916754073333332,"neut":0.017065240166666665,"none":0.07408747649999999},"intensity":{"high":0.12542537818757088,"low":0.10192061151698675,"meium":0.6978323194496387,"none":0.0748216908458036},"expressive":{"dir-action":0.0007342143333333332,"dir-explicit":0.35724366583333333,"dir-speech":0.49578759066666667,"indirect":0.0726033145,"writing-device":0.07363121466666667}},{"id":"46이너스피자","permalink":"","username":"asdfg","text":"일단 구성은 푸짐 한데...\n맛은 솔직히 잘 모르겠네요.\n두조각 먹으니 질리네요..","date":"Mon Dec 10 23:59:44 +0000 2018","retweets":"30","favorites":"20","mentions":[],"hashtags":[],"geo":"","raw":"일단 구성은 푸짐 한데...\n맛은 솔직히 잘 모르겠네요.\n두조각 먹으니 질리네요..","polarity":{"com":0.004063343714866192,"pos":0.4607700472086815,"neg":0.28703427618386207,"neut":0.024898913289271272,"none":0.22323341960331902},"intensity":{"high":0.070630746,"low":0.09979113399999999,"meium":0.6047026642857143,"none":0.22487545571428574},"expressive":{"dir-action":0.0016420361430917194,"dir-explicit":0.12408770244629823,"dir-speech":0.4372023893481718,"indirect":0.20890834417270118,"writing-device":0.22815952788973706}},{"id":"46이너스피자","permalink":"","username":"asdfg","text":"역시 언제나 총알배달에 맛도 언제나 맛있네여~^^ 이너스스페샬,치즈스파게티 짱맛좋음","date":"Mon Dec 10 23:59:44 +0000 2018","retweets":"30","favorites":"20","mentions":[],"hashtags":[],"geo":"","raw":"역시 언제나 총알배달에 맛도 언제나 맛있네여~^^ 이너스스페샬,치즈스파게티 짱맛좋음","polarity":{"com":0,"pos":0.6388888889398149,"neg":0.25000000004166667,"neut":0.05555555550925926,"none":0.05555555550925926},"intensity":{"high":0,"low":0.05555555550925926,"meium":0.8888888889814816,"none":0.05555555550925926},"expressive":{"dir-action":0,"dir-explicit":0.05555555550925926,"dir-speech":0.8055555556342594,"indirect":0.08333333334722222,"writing-device":0.05555555550925926}},{"id":"46이너스피자","permalink":"","username":"asdfg","text":"여기진짜좋아햇는데ㅠ오늘치즈가 별로없고 밀가루맛나고ㅠㅡㅠ담에도 또이럼 갈아탈거에요ㅜㄴ","date":"Mon Dec 10 23:59:44 +0000 2018","retweets":"30","favorites":"20","mentions":[],"hashtags":[],"geo":"","raw":"여기진짜좋아햇는데ㅠ오늘치즈가 별로없고 밀가루맛나고ㅠㅡㅠ담에도 또이럼 갈아탈거에요ㅜㄴ","polarity":{"com":0.02831844560283184,"pos":0.519409919851941,"neg":0.3294921472329493,"neut":0.02576066080257607,"none":0.09701882650970188},"intensity":{"high":0.10496071358950394,"low":0.0666770912933323,"meium":0.7283302123271669,"none":0.10003198278999681},"expressive":{"dir-action":0.0011494253,"dir-explicit":0.3281285824,"dir-speech":0.3446378843,"indirect":0.22341866999999999,"writing-device":0.10266543800000001}},{"id":"46이너스피자","permalink":"","username":"asdfg","text":"또시켰음ㅋ이너스스페셜피자~치즈크러스터 스파게티~~언제나맛좋음^^","date":"Mon Dec 10 23:59:44 +0000 2018","retweets":"30","favorites":"20","mentions":[],"hashtags":[],"geo":"","raw":"또시켰음ㅋ이너스스페셜피자~치즈크러스터 스파게티~~언제나맛좋음^^","polarity":{"com":0,"pos":0.5357142856160715,"neg":0.35714285716071426,"neut":0,"none":0.10714285722321429},"intensity":{"high":0,"low":0,"meium":0.89285714275,"none":0.10714285725},"expressive":{"dir-action":0,"dir-explicit":0.03571428575,"dir-speech":0.5714285715,"indirect":0.25,"writing-device":0.14285714275}},{"id":"46이너스피자","permalink":"","username":"asdfg","text":"두번째 시켜먹네여 이너스스페셜피자(콤비네이션) 맛있어여 크기도진짜크고 치즈크러스터 짱맛있고 스파게티도 다맛있음~^^","date":"Mon Dec 10 23:59:44 +0000 2018","retweets":"30","favorites":"20","mentions":[],"hashtags":[],"geo":"","raw":"두번째 시켜먹네여 이너스스페셜피자(콤비네이션) 맛있어여 크기도진짜크고 치즈크러스터 짱맛있고 스파게티도 다맛있음~^^","polarity":{"com":0.002380952333333333,"pos":0.2016967705,"neg":0.6344280243333333,"neut":0.016256157500000003,"none":0.14523809533333334},"intensity":{"high":0.129355957,"low":0.08662652783333334,"meium":0.6330322933333333,"none":0.15098522183333332},"expressive":{"dir-action":0,"dir-explicit":0.19089582193636806,"dir-speech":0.5859514684713495,"indirect":0.08029556663990148,"writing-device":0.14285714295238094}},{"id":"46이너스피자","permalink":"","username":"asdfg","text":"두번째 주문하네여 정말맛있더라구여 이너스스페셜피자(콤비네이션 피자)에 치즈크러스터로~^^ 치즈스파게티와함께~~","date":"Mon Dec 10 23:59:44 +0000 2018","retweets":"30","favorites":"20","mentions":[],"hashtags":[],"geo":"","raw":"두번째 주문하네여 정말맛있더라구여 이너스스페셜피자(콤비네이션 피자)에 치즈크러스터로~^^ 치즈스파게티와함께~~","polarity":{"com":0.1,"pos":0.675,"neg":0.1,"neut":0,"none":0.125},"intensity":{"high":0.25,"low":0,"meium":0.625,"none":0.125},"expressive":{"dir-action":0,"dir-explicit":0.35,"dir-speech":0.225,"indirect":0.3,"writing-device":0.125}},{"id":"46이너스피자","permalink":"","username":"asdfg","text":"베이컨체다랑 쉬림프디럭스씬시켯는데 \n오옹 역시마시뜸  치즈많아서 좋아요ㅋㅋ","date":"Mon Dec 10 23:59:44 +0000 2018","retweets":"30","favorites":"20","mentions":[],"hashtags":[],"geo":"","raw":"베이컨체다랑 쉬림프디럭스씬시켯는데 \n오옹 역시마시뜸  치즈많아서 좋아요ㅋㅋ","polarity":{"com":0,"pos":0.6111594204027899,"neg":0.2013043478003261,"neut":0.09420289852355074,"none":0.09333333327333333},"intensity":{"high":0.1652173913326087,"low":0.1976811593488406,"meium":0.5437681160218841,"none":0.09333333329666665},"expressive":{"dir-action":0,"dir-explicit":0.5137681160068841,"dir-speech":0.23768115936884057,"indirect":0.1552173913276087,"writing-device":0.09333333329666665}},{"id":"46이너스피자","permalink":"","username":"asdfg","text":"해당 리뷰는 배달통 운영 원칙에 따라 블라인드 처리 되었습니다.","date":"Mon Dec 10 23:59:44 +0000 2018","retweets":"30","favorites":"20","mentions":[],"hashtags":[],"geo":"","raw":"해당 리뷰는 배달통 운영 원칙에 따라 블라인드 처리 되었습니다.","polarity":{"com":0,"pos":0.4126984127063492,"neg":0.3075396826537698,"neut":0.2043650793521825,"none":0.07539682528769841},"intensity":{"high":0.035714285750000005,"low":0.08730158725,"meium":0.80158730175,"none":0.07539682525000001},"expressive":{"dir-action":0,"dir-explicit":0.44246031761061505,"dir-speech":0.2777777778194444,"indirect":0.20039682530009917,"writing-device":0.07936507926984127}},{"id":"46이너스피자","permalink":"","username":"asdfg","text":"쉬림프랑 뭐 더라 무슨 핫 머였는데..\n디핑소스 세개나 추가했는데\n돈만받아놓구 안갖다줌ㅡㅡ\n기차나서 걍 머겄는데 짜증나ㅠㅠ\n근데피자는 마시따\n진짜 여기가 젤 마싯는것같은데 난 \n씬피자 동네피자집중에서 씬피자 되는곳이 여기뿐임ㅜ","date":"Mon Dec 10 23:59:44 +0000 2018","retweets":"30","favorites":"20","mentions":[],"hashtags":[],"geo":"","raw":"쉬림프랑 뭐 더라 무슨 핫 머였는데..\n디핑소스 세개나 추가했는데\n돈만받아놓구 안갖다줌ㅡㅡ\n기차나서 걍 머겄는데 짜증나ㅠㅠ\n근데피자는 마시따\n진짜 여기가 젤 마싯는것같은데 난 \n씬피자 동네피자집중에서 씬피자 되는곳이 여기뿐임ㅜ","polarity":{"com":0.013822070419597675,"pos":0.36399216680379026,"neg":0.37497938201316006,"neut":0.08971696725371402,"none":0.15748941350973794},"intensity":{"high":0.08166104753491168,"low":0.08565044627217372,"meium":0.6224543274865741,"none":0.21023417870634042},"expressive":{"dir-action":0.0003395585789116254,"dir-explicit":0.3276341375444596,"dir-speech":0.3471263817529341,"indirect":0.15923553224639625,"writing-device":0.1656643898772985}},{"id":"46이너스피자","permalink":"","username":"asdfg","text":"30분이되도록 안온거빼고 조아요","date":"Mon Dec 10 23:59:44 +0000 2018","retweets":"30","favorites":"20","mentions":[],"hashtags":[],"geo":"","raw":"30분이되도록 안온거빼고 조아요","polarity":{"com":0.055555555666666666,"pos":0.25,"neg":0.6319444443333334,"neut":0.041666666666666664,"none":0.020833333333333332},"intensity":{"high":0.15972222233333333,"low":0,"meium":0.8194444443333334,"none":0.020833333333333332},"expressive":{"dir-action":0,"dir-explicit":0.3958333333333333,"dir-speech":0.3402777776666667,"indirect":0.055555555666666666,"writing-device":0.20833333333333334}},{"id":"46이너스피자","permalink":"","username":"asdfg","text":"좋아요!!기다려져욤!!!!!!","date":"Mon Dec 10 23:59:44 +0000 2018","retweets":"30","favorites":"20","mentions":[],"hashtags":[],"geo":"","raw":"좋아요!!기다려져욤!!!!!!","polarity":{"com":0,"pos":0.96,"neg":0.02,"neut":0,"none":0.02},"intensity":{"high":0.1,"low":0.02,"meium":0.86,"none":0.02},"expressive":{"dir-action":0,"dir-explicit":0.3,"dir-speech":0.1,"indirect":0.58,"writing-device":0.02}},{"id":"46이너스피자","permalink":"","username":"asdfg","text":"일주일에두번이상시켜먹어요!!","date":"Mon Dec 10 23:59:44 +0000 2018","retweets":"30","favorites":"20","mentions":[],"hashtags":[],"geo":"","raw":"일주일에두번이상시켜먹어요!!","polarity":{"com":0,"pos":0.1666666665,"neg":0.3333333335,"neut":0.5,"none":0},"intensity":{"high":0.0555555555,"low":0.111111111,"meium":0.8333333334999999,"none":0},"expressive":{"dir-action":0,"dir-explicit":0.111111111,"dir-speech":0.888888889,"indirect":0,"writing-device":0}},{"id":"46이너스피자","permalink":"","username":"asdfg","text":"기다리는중 맛잇어요","date":"Mon Dec 10 23:59:44 +0000 2018","retweets":"30","favorites":"20","mentions":[],"hashtags":[],"geo":"","raw":"기다리는중 맛잇어요","polarity":{"com":0,"pos":1,"neg":0,"neut":0,"none":0},"intensity":{"high":0,"low":0,"meium":1,"none":0},"expressive":{"dir-action":0,"dir-explicit":0,"dir-speech":0.5,"indirect":0.5,"writing-device":0}},{"id":"46이너스피자","permalink":"","username":"asdfg","text":"완전크고맛잇어요!!종종시켜먹어요!","date":"Mon Dec 10 23:59:44 +0000 2018","retweets":"30","favorites":"20","mentions":[],"hashtags":[],"geo":"","raw":"완전크고맛잇어요!!종종시켜먹어요!","polarity":{"com":0,"pos":0.611111111,"neg":0.38888888899999996,"neut":0,"none":0},"intensity":{"high":0.037037037,"low":0.074074074,"meium":0.888888889,"none":0},"expressive":{"dir-action":0,"dir-explicit":0.24074074066666665,"dir-speech":0.5925925926666666,"indirect":0.16666666666666666,"writing-device":0}},{"id":"46이너스피자","permalink":"","username":"asdfg","text":"친구랑 셋이 먹었는데 넘 맛있어요 ㅠ\n크기도 크고! 치즈도 고소하니 맛있고\n강남권에서는 이너스가 젤 맛있는것 같아요 ㅋ\n","date":"Mon Dec 10 23:59:44 +0000 2018","retweets":"30","favorites":"20","mentions":[],"hashtags":[],"geo":"","raw":"친구랑 셋이 먹었는데 넘 맛있어요 ㅠ\n크기도 크고! 치즈도 고소하니 맛있고\n강남권에서는 이너스가 젤 맛있는것 같아요 ㅋ\n","polarity":{"com":0.00573347,"pos":0.2903835549,"neg":0.5660027773999999,"neut":0.037240959500000004,"none":0.10063923820000001},"intensity":{"high":0.042011499304201144,"low":0.06006685740600668,"meium":0.7966268226796627,"none":0.10129482061012947},"expressive":{"dir-action":0.001085689899891431,"dir-explicit":0.26785804617321424,"dir-speech":0.5471008651452899,"indirect":0.08200261609179973,"writing-device":0.10195278268980473}},{"id":"46이너스피자","permalink":"","username":"asdfg","text":"저번에먹엇는데 맛잇어요","date":"Mon Dec 10 23:59:44 +0000 2018","retweets":"30","favorites":"20","mentions":[],"hashtags":[],"geo":"","raw":"저번에먹엇는데 맛잇어요","polarity":{"com":0,"pos":0.9,"neg":0.1,"neut":0,"none":0},"intensity":{"high":0.1,"low":0.1,"meium":0.8,"none":0},"expressive":{"dir-action":0,"dir-explicit":0.30000000000000004,"dir-speech":0.6000000000000001,"indirect":0.10000000000000002,"writing-device":0}},{"id":"46이너스피자","permalink":"","username":"asdfg","text":"빨리오라오라오라 온나","date":"Mon Dec 10 23:59:44 +0000 2018","retweets":"30","favorites":"20","mentions":[],"hashtags":[],"geo":"","raw":"빨리오라오라오라 온나","polarity":{"com":0.016666666666666666,"pos":0.4666666666666666,"neg":0.35000000000000003,"neut":0.16666666666666666,"none":0},"intensity":{"high":0.016666666666666666,"low":0.016666666666666666,"meium":0.9666666666666667,"none":0},"expressive":{"dir-action":0,"dir-explicit":0.19999999999999998,"dir-speech":0.45,"indirect":0.35000000000000003,"writing-device":0}},{"id":"46이너스피자","permalink":"","username":"asdfg","text":"주문하고 기다리는 중이에요 ㅎㅎ\n\n평이 좋아서 기대하구 이써요\n\n먹어보구 다시 글남기로 올께여","date":"Mon Dec 10 23:59:44 +0000 2018","retweets":"30","favorites":"20","mentions":[],"hashtags":[],"geo":"","raw":"주문하고 기다리는 중이에요 ㅎㅎ\n\n평이 좋아서 기대하구 이써요\n\n먹어보구 다시 글남기로 올께여","polarity":{"com":0,"pos":0.8008658007777777,"neg":0.17316017322222216,"neut":0.010101010111111109,"none":0.015873015888888883},"intensity":{"high":0.038319705,"low":0.03479236811111111,"meium":0.911014911,"none":0.015873015888888887},"expressive":{"dir-action":0.01010101011111111,"dir-explicit":0.32844316177777777,"dir-speech":0.4115760782222222,"indirect":0.23400673400000002,"writing-device":0.015873015888888887}},{"id":"46이너스피자","permalink":"","username":"asdfg","text":"스모크치킨 세트먹었는데요\n\n치킨도맛있고 피자도맛있네요ㅋ\n둘다맛있어서 좋네요^^","date":"Mon Dec 10 23:59:44 +0000 2018","retweets":"30","favorites":"20","mentions":[],"hashtags":[],"geo":"","raw":"스모크치킨 세트먹었는데요\n\n치킨도맛있고 피자도맛있네요ㅋ\n둘다맛있어서 좋네요^^","polarity":{"com":0.002380952333333333,"pos":0.28031746016666664,"neg":0.39396825416666664,"neut":0.1714285713333333,"none":0.151904762},"intensity":{"high":0.09947089949999999,"low":0.08179894166666667,"meium":0.6668253968333334,"none":0.151904762},"expressive":{"dir-action":0,"dir-explicit":0.19894179893368605,"dir-speech":0.5962962961345679,"indirect":0.05523809531492063,"writing-device":0.1495238096168254}},{"id":"46이너스피자","permalink":"","username":"asdfg","text":"주문받으시는분이 잘 못들으셨는지 스파게티를 안ㄱㅏ져다 주셨더라구여.... 주문할때도 몇번이구 확인하시구..글두 친절해서 기분은 나쁘지 않아써여\n글구 피자가 넘 맛있어..ㅠㅠ 사진하구 넘마니 다르긴해도 맛은 이써여~~~~ 토*토 피자 보다 맛잏는듯..ㅎ.ㅎ","date":"Mon Dec 10 23:59:44 +0000 2018","retweets":"30","favorites":"20","mentions":[],"hashtags":[],"geo":"","raw":"주문받으시는분이 잘 못들으셨는지 스파게티를 안ㄱㅏ져다 주셨더라구여.... 주문할때도 몇번이구 확인하시구..글두 친절해서 기분은 나쁘지 않아써여\n글구 피자가 넘 맛있어..ㅠㅠ 사진하구 넘마니 다르긴해도 맛은 이써여~~~~ 토*토 피자 보다 맛잏는듯..ㅎ.ㅎ","polarity":{"com":0.0038871759168286313,"pos":0.5327168139388632,"neg":0.37930170189080414,"neut":0.04800056362700001,"none":0.0360937446265039},"intensity":{"high":0.12700246261970824,"low":0.0869428482463774,"meium":0.7490203877187909,"none":0.03703430141512357},"expressive":{"dir-action":0.0296876209141927,"dir-explicit":0.25859983152011673,"dir-speech":0.4475053602960412,"indirect":0.22126145552322823,"writing-device":0.04294573174642119}}]