[{"id":"버거킹-청담주성점","permalink":"","username":"asdfg","text":"배달은 좀 늦었지만 잘 먹었어요","date":"Mon Dec 10 23:59:44 +0000 2018","retweets":"30","favorites":"20","mentions":[],"hashtags":[],"geo":"","raw":"배달은 좀 늦었지만 잘 먹었어요","polarity":{"com":0,"pos":0.9047619049682539,"neg":0.07142857135714285,"neut":0.023809523674603175,"none":0},"intensity":{"high":0,"low":0.07142857133333333,"meium":0.9285714286666668,"none":0},"expressive":{"dir-action":0,"dir-explicit":0.20476190466666663,"dir-speech":0.580952381,"indirect":0.2142857143333333,"writing-device":0}},{"id":"버거킹-청담주성점","permalink":"","username":"asdfg","text":"좋아요","date":"Mon Dec 10 23:59:44 +0000 2018","retweets":"30","favorites":"20","mentions":[],"hashtags":[],"geo":"","raw":"좋아요","polarity":{"com":0,"pos":0.92,"neg":0.04,"neut":0,"none":0.04},"intensity":{"high":0.2,"low":0.04,"meium":0.72,"none":0.04},"expressive":{"dir-action":0,"dir-explicit":0.6,"dir-speech":0.2,"indirect":0.16,"writing-device":0.04}},{"id":"버거킹-청담주성점","permalink":"","username":"asdfg","text":"좋아요.\n편히 먹었습니다","date":"Mon Dec 10 23:59:44 +0000 2018","retweets":"30","favorites":"20","mentions":[],"hashtags":[],"geo":"","raw":"좋아요.\n편히 먹었습니다","polarity":{"com":0,"pos":0.6266666665,"neg":0.3533333335,"neut":0,"none":0.02},"intensity":{"high":0.1555555555,"low":0.131111111,"meium":0.6933333335,"none":0.02},"expressive":{"dir-action":0,"dir-explicit":0.411111111,"dir-speech":0.48888888900000005,"indirect":0.08,"writing-device":0.02}},{"id":"버거킹-청담주성점","permalink":"","username":"asdfg","text":"맛나용~~집앞인데 엄청 배달 빠름","date":"Mon Dec 10 23:59:44 +0000 2018","retweets":"30","favorites":"20","mentions":[],"hashtags":[],"geo":"","raw":"맛나용~~집앞인데 엄청 배달 빠름","polarity":{"com":0.022756981599999993,"pos":0.6953060011999999,"neg":0.21010101019999997,"neut":0.018300653599999998,"none":0.053535353399999985},"intensity":{"high":0.034581105013832436,"low":0.07694592983077836,"meium":0.834937611733975,"none":0.05353535342141413},"expressive":{"dir-action":0,"dir-explicit":0.1382055854,"dir-speech":0.658704694,"indirect":0.1456327986,"writing-device":0.057456922}},{"id":"버거킹-청담주성점","permalink":"","username":"asdfg","text":"맛있어요","date":"Mon Dec 10 23:59:44 +0000 2018","retweets":"30","favorites":"20","mentions":[],"hashtags":[],"geo":"","raw":"맛있어요","polarity":{"com":0,"pos":0,"neg":1,"neut":0,"none":0},"intensity":{"high":0,"low":0,"meium":1,"none":0},"expressive":{"dir-action":0,"dir-explicit":0,"dir-speech":1,"indirect":0,"writing-device":0}},{"id":"버거킹-청담주성점","permalink":"","username":"asdfg","text":"맛있어요\n매장에서먹는것과 같아요~^^","date":"Mon Dec 10 23:59:44 +0000 2018","retweets":"30","favorites":"20","mentions":[],"hashtags":[],"geo":"","raw":"맛있어요\n매장에서먹는것과 같아요~^^","polarity":{"com":0.005952381,"pos":0.20238095225,"neg":0.5634920635,"neut":0.0515873015,"none":0.17658730174999998},"intensity":{"high":0.06746031725,"low":0.07539682525,"meium":0.68055555575,"none":0.17658730174999998},"expressive":{"dir-action":0,"dir-explicit":0.17261904774999998,"dir-speech":0.5634920635,"indirect":0.0694444445,"writing-device":0.19444444425000001}},{"id":"버거킹-청담주성점","permalink":"","username":"asdfg","text":"너무 빨리오고 너무 맛있었어요ㅠㅠ♡","date":"Mon Dec 10 23:59:44 +0000 2018","retweets":"30","favorites":"20","mentions":[],"hashtags":[],"geo":"","raw":"너무 빨리오고 너무 맛있었어요ㅠㅠ♡","polarity":{"com":0.09523809533333333,"pos":0.26190476199999996,"neg":0.476190476,"neut":0.16666666666666666,"none":0},"intensity":{"high":0.09523809533333334,"low":0.09523809533333334,"meium":0.8095238093333333,"none":0},"expressive":{"dir-action":0,"dir-explicit":0.38095238066666665,"dir-speech":0.3571428573333333,"indirect":0.26190476199999996,"writing-device":0}}]