[{"id":"피치홈-공릉점","permalink":"","username":"asdfg","text":"항상 맛있게 잘먹고있습니다~","date":"Mon Dec 10 23:59:44 +0000 2018","retweets":"30","favorites":"20","mentions":[],"hashtags":[],"geo":"","raw":"항상 맛있게 잘먹고있습니다~","polarity":{"com":0,"pos":0.8571428574285714,"neg":0.10714285705357143,"neut":0.035714285517857144,"none":0},"intensity":{"high":0,"low":0.107142857,"meium":0.8928571430000001,"none":0},"expressive":{"dir-action":0,"dir-explicit":0.357142857,"dir-speech":0.3214285715,"indirect":0.3214285715,"writing-device":0}},{"id":"피치홈-공릉점","permalink":"","username":"asdfg","text":"요청사항도 잘 들어주시고 정말 맛있게 잘 먹었어요~","date":"Mon Dec 10 23:59:44 +0000 2018","retweets":"30","favorites":"20","mentions":[],"hashtags":[],"geo":"","raw":"요청사항도 잘 들어주시고 정말 맛있게 잘 먹었어요~","polarity":{"com":0.0017857142504464287,"pos":0.6696428571674108,"neg":0.13571428578392858,"neut":0.021428571255357142,"none":0.17142857154285715},"intensity":{"high":0.41071428575,"low":0.082142857,"meium":0.33571428575,"none":0.17142857150000002},"expressive":{"dir-action":0,"dir-explicit":0.47499999988125,"dir-speech":0.17321428570669642,"indirect":0.18214285720446427,"writing-device":0.1696428572075893}},{"id":"피치홈-공릉점","permalink":"","username":"asdfg","text":"원래 바이트가 저렇게 비어 오나요??\n늘 먹던걸로 시킬껄...배달도 늦고..흠..\n어찌됐든 잘먹었습니다..","date":"Mon Dec 10 23:59:44 +0000 2018","retweets":"30","favorites":"20","mentions":[],"hashtags":[],"geo":"","raw":"원래 바이트가 저렇게 비어 오나요??\n늘 먹던걸로 시킬껄...배달도 늦고..흠..\n어찌됐든 잘먹었습니다..","polarity":{"com":0.00378787881852617,"pos":0.4693722944063065,"neg":0.29992784993635707,"neut":0.09532828273593894,"none":0.13158369410287124},"intensity":{"high":0.04866522363636363,"low":0.1808802308181818,"meium":0.638059163090909,"none":0.13239538245454543},"expressive":{"dir-action":0,"dir-explicit":0.14491341990909093,"dir-speech":0.4787698412727273,"indirect":0.24256854263636363,"writing-device":0.13374819618181819}},{"id":"피치홈-공릉점","permalink":"","username":"asdfg","text":"음...... 일단 피자 치킨 한번에 주문할려고 시켰는데 \n콤비네이션 피자 상태를 보고 놀랐습니다... 별로였어요","date":"Mon Dec 10 23:59:44 +0000 2018","retweets":"30","favorites":"20","mentions":[],"hashtags":[],"geo":"","raw":"음...... 일단 피자 치킨 한번에 주문할려고 시켰는데 \n콤비네이션 피자 상태를 보고 놀랐습니다... 별로였어요","polarity":{"com":0.01075708066487382,"pos":0.34204793027632535,"neg":0.24074074079320984,"neut":0.19580610013403232,"none":0.21064814813155866},"intensity":{"high":0.09068627451511438,"low":0.027505446504584245,"meium":0.6711601307785267,"none":0.21064814820177472},"expressive":{"dir-action":0,"dir-explicit":0.12527233118754538,"dir-speech":0.15182461869197078,"indirect":0.5020424837503404,"writing-device":0.22086056637014342}},{"id":"피치홈-공릉점","permalink":"","username":"asdfg","text":"오늘은 저번보다 빨리왔네요\n양도 많고 가격도 저렴해서 좋아요","date":"Mon Dec 10 23:59:44 +0000 2018","retweets":"30","favorites":"20","mentions":[],"hashtags":[],"geo":"","raw":"오늘은 저번보다 빨리왔네요\n양도 많고 가격도 저렴해서 좋아요","polarity":{"com":0.0068288628333333335,"pos":0.7314241360000001,"neg":0.23427139,"neut":0.011155223,"none":0.01632038816666667},"intensity":{"high":0.06930150484488358,"low":0.043279550673879924,"meium":0.8705980558117663,"none":0.01682088866947015},"expressive":{"dir-action":0.0005005005,"dir-explicit":0.44724979216666666,"dir-speech":0.14156868733333336,"indirect":0.39386013133333336,"writing-device":0.01682088866666667}},{"id":"피치홈-공릉점","permalink":"","username":"asdfg","text":"피자 퀄리티가 음..... 양적은건 감안해도 고구마무스가 실처럼 몇가닥 뿌려져있는데.... 눈물나네요ㅠ 스파게티는 괜찮았습니다..","date":"Mon Dec 10 23:59:44 +0000 2018","retweets":"30","favorites":"20","mentions":[],"hashtags":[],"geo":"","raw":"피자 퀄리티가 음..... 양적은건 감안해도 고구마무스가 실처럼 몇가닥 뿌려져있는데.... 눈물나네요ㅠ 스파게티는 괜찮았습니다..","polarity":{"com":0.01440365560288073,"pos":0.402190024880438,"neg":0.46970362849394076,"neut":0.07474433081494887,"none":0.03895836020779167},"intensity":{"high":0.11893089302378619,"low":0.14082064082816412,"meium":0.6972885695394577,"none":0.04295989660859198},"expressive":{"dir-action":0.0012903226,"dir-explicit":0.29877901900000003,"dir-speech":0.42912247140000004,"indirect":0.22867522359999998,"writing-device":0.0421329634}},{"id":"피치홈-공릉점","permalink":"","username":"asdfg","text":"그냥 다 별로입니다","date":"Mon Dec 10 23:59:44 +0000 2018","retweets":"30","favorites":"20","mentions":[],"hashtags":[],"geo":"","raw":"그냥 다 별로입니다","polarity":{"com":0,"pos":0,"neg":0.75,"neut":0,"none":0.25},"intensity":{"high":0,"low":0,"meium":0.75,"none":0.25},"expressive":{"dir-action":0,"dir-explicit":0,"dir-speech":0.75,"indirect":0,"writing-device":0.25}},{"id":"피치홈-공릉점","permalink":"","username":"asdfg","text":"치킨색이 좀 ㅜ \n가격대비 좋긴해요","date":"Mon Dec 10 23:59:44 +0000 2018","retweets":"30","favorites":"20","mentions":[],"hashtags":[],"geo":"","raw":"치킨색이 좀 ㅜ \n가격대비 좋긴해요","polarity":{"com":0.0022988506,"pos":0.748367816,"neg":0.18845977020000002,"neut":0.013793103400000001,"none":0.0470804598},"intensity":{"high":0.0629885057874023,"low":0.03328735639334253,"meium":0.854344827429131,"none":0.049379310390124144},"expressive":{"dir-action":0.00229885060045977,"dir-explicit":0.33218390806643683,"dir-speech":0.24275862064855172,"indirect":0.3687816092737563,"writing-device":0.0539770114107954}},{"id":"피치홈-공릉점","permalink":"","username":"asdfg","text":"배달빠르구 정말맛있어요","date":"Mon Dec 10 23:59:44 +0000 2018","retweets":"30","favorites":"20","mentions":[],"hashtags":[],"geo":"","raw":"배달빠르구 정말맛있어요","polarity":{"com":0,"pos":0.875,"neg":0,"neut":0,"none":0.125},"intensity":{"high":0.25,"low":0,"meium":0.625,"none":0.125},"expressive":{"dir-action":0,"dir-explicit":0.25,"dir-speech":0.625,"indirect":0,"writing-device":0.125}},{"id":"피치홈-공릉점","permalink":"","username":"asdfg","text":"도우가 밀가루맛이 강해서 끝을 못먹겠었네요","date":"Mon Dec 10 23:59:44 +0000 2018","retweets":"30","favorites":"20","mentions":[],"hashtags":[],"geo":"","raw":"도우가 밀가루맛이 강해서 끝을 못먹겠었네요","polarity":{"com":0.0061674008,"pos":0.6413436123999999,"neg":0.2931057268,"neut":0.0176211454,"none":0.0417621146},"intensity":{"high":0.37614537447522906,"low":0.026431718005286344,"meium":0.554779735710956,"none":0.042643171808528633},"expressive":{"dir-action":0.0008810572001762114,"dir-explicit":0.572819383314564,"dir-speech":0.16224669603244934,"indirect":0.22140969164428193,"writing-device":0.042643171808528633}},{"id":"피치홈-공릉점","permalink":"","username":"asdfg","text":"솔직히 여기서 자주 시켜먹는데 너무하네요 피자가 두조각중 반이 그냥 도우만있네요 이런피자는 처음 봅니다 소스도 치즈도 그어떤것도 없어요 이런거면 손님한테 팔면 안되는거 아닌가요 말이라도해서 양해를 구하든가 사진은 못찍었네요 생각할수록 어이가 없어리뷰남깁니다","date":"Mon Dec 10 23:59:44 +0000 2018","retweets":"30","favorites":"20","mentions":[],"hashtags":[],"geo":"","raw":"솔직히 여기서 자주 시켜먹는데 너무하네요 피자가 두조각중 반이 그냥 도우만있네요 이런피자는 처음 봅니다 소스도 치즈도 그어떤것도 없어요 이런거면 손님한테 팔면 안되는거 아닌가요 말이라도해서 양해를 구하든가 사진은 못찍었네요 생각할수록 어이가 없어리뷰남깁니다","polarity":{"com":0.005176526130434783,"pos":0.46674037726086953,"neg":0.40897064499999997,"neut":0.03870220356521739,"none":0.08041024804347827},"intensity":{"high":0.132482909,"low":0.12634803282608698,"meium":0.6596793270434783,"none":0.0814897311304348},"expressive":{"dir-action":0.00124514752157672,"dir-explicit":0.2215699398841431,"dir-speech":0.4624191521135975,"indirect":0.21238461110273246,"writing-device":0.10238114937795031}},{"id":"피치홈-공릉점","permalink":"","username":"asdfg","text":"치킨 양이 진짜많고 맛잇엇습미당","date":"Mon Dec 10 23:59:44 +0000 2018","retweets":"30","favorites":"20","mentions":[],"hashtags":[],"geo":"","raw":"치킨 양이 진짜많고 맛잇엇습미당","polarity":{"com":0,"pos":0.46376811599999995,"neg":0.5217391303333333,"neut":0.014492753666666663,"none":0},"intensity":{"high":0.08695652169565217,"low":0.07246376802415458,"meium":0.8405797102801932,"none":0},"expressive":{"dir-action":0,"dir-explicit":0.17391304339130437,"dir-speech":0.7391304349130435,"indirect":0.08695652169565218,"writing-device":0}},{"id":"피치홈-공릉점","permalink":"","username":"asdfg","text":"치킨 양념에서 느껴지는 정~ㅎ\n오늘따라 치즈맛도 좋네요","date":"Mon Dec 10 23:59:44 +0000 2018","retweets":"30","favorites":"20","mentions":[],"hashtags":[],"geo":"","raw":"치킨 양념에서 느껴지는 정~ㅎ\n오늘따라 치즈맛도 좋네요","polarity":{"com":0,"pos":0.64,"neg":0.3466666666666667,"neut":0,"none":0.013333333333333334},"intensity":{"high":0.06666666666666667,"low":0.013333333333333334,"meium":0.9066666666666666,"none":0.013333333333333334},"expressive":{"dir-action":0,"dir-explicit":0.19999999999999996,"dir-speech":0.7333333333333333,"indirect":0.05333333333333333,"writing-device":0.013333333333333332}},{"id":"피치홈-공릉점","permalink":"","username":"asdfg","text":"맛있어요 잘먹었어요","date":"Mon Dec 10 23:59:44 +0000 2018","retweets":"30","favorites":"20","mentions":[],"hashtags":[],"geo":"","raw":"맛있어요 잘먹었어요","polarity":{"com":0,"pos":0.35714285717857136,"neg":0.6071428573035714,"neut":0.03571428551785714,"none":0},"intensity":{"high":0,"low":0.107142857,"meium":0.8928571430000001,"none":0},"expressive":{"dir-action":0,"dir-explicit":0.107142857,"dir-speech":0.5714285715,"indirect":0.3214285715,"writing-device":0}},{"id":"피치홈-공릉점","permalink":"","username":"asdfg","text":"주문후 한시간이 넘게 걸리네요","date":"Mon Dec 10 23:59:44 +0000 2018","retweets":"30","favorites":"20","mentions":[],"hashtags":[],"geo":"","raw":"주문후 한시간이 넘게 걸리네요","polarity":{"com":0,"pos":0.3125,"neg":0.6875,"neut":0,"none":0},"intensity":{"high":0.14583333325,"low":0.16666666675,"meium":0.6875,"none":0},"expressive":{"dir-action":0,"dir-explicit":0.3958333333489583,"dir-speech":0.2083333333020833,"indirect":0.3958333333489583,"writing-device":0}},{"id":"피치홈-공릉점","permalink":"","username":"asdfg","text":"남편이 시켜먹엇는데 \n맛잇대뇨","date":"Mon Dec 10 23:59:44 +0000 2018","retweets":"30","favorites":"20","mentions":[],"hashtags":[],"geo":"","raw":"남편이 시켜먹엇는데 \n맛잇대뇨","polarity":{"com":0,"pos":0.6833333333333332,"neg":0.31666666666666665,"neut":0,"none":0},"intensity":{"high":0.06666666666666667,"low":0.31666666666666665,"meium":0.6166666666666667,"none":0},"expressive":{"dir-action":0,"dir-explicit":0.19999999999999996,"dir-speech":0.7333333333333333,"indirect":0.06666666666666667,"writing-device":0}},{"id":"피치홈-공릉점","permalink":"","username":"asdfg","text":"가성비 정말 좋아요! 양도 많고 맛도 좋아요","date":"Mon Dec 10 23:59:44 +0000 2018","retweets":"30","favorites":"20","mentions":[],"hashtags":[],"geo":"","raw":"가성비 정말 좋아요! 양도 많고 맛도 좋아요","polarity":{"com":0,"pos":0.6486245059999999,"neg":0.23013438719999998,"neut":0.04505928859999999,"none":0.07618181819999999},"intensity":{"high":0.21035573124207116,"low":0.08784189721756838,"meium":0.625620553325124,"none":0.07618181821523635},"expressive":{"dir-action":0,"dir-explicit":0.32434782606486956,"dir-speech":0.4971146244994229,"indirect":0.10235573122047116,"writing-device":0.07618181821523635}},{"id":"피치홈-공릉점","permalink":"","username":"asdfg","text":"항상 잘먹고 있음. 이집 생긴지 오래됬음.","date":"Mon Dec 10 23:59:44 +0000 2018","retweets":"30","favorites":"20","mentions":[],"hashtags":[],"geo":"","raw":"항상 잘먹고 있음. 이집 생긴지 오래됬음.","polarity":{"com":0.007709251000000001,"pos":0.5245961820000001,"neg":0.443465492,"neut":0.022026431750000002,"none":0.0022026432500000005},"intensity":{"high":0.05420949576355237,"low":0.1719285362929821,"meium":0.7705580031926395,"none":0.0033039647508259907},"expressive":{"dir-action":0.0011013215,"dir-explicit":0.32574645125,"dir-speech":0.57641948125,"indirect":0.09342878125,"writing-device":0.00330396475}},{"id":"피치홈-공릉점","permalink":"","username":"asdfg","text":"괜찮았어용,,,,,,","date":"Mon Dec 10 23:59:44 +0000 2018","retweets":"30","favorites":"20","mentions":[],"hashtags":[],"geo":"","raw":"괜찮았어용,,,,,,","polarity":{"com":null,"pos":null,"neg":null,"neut":null,"none":null},"intensity":{"high":null,"low":null,"meium":null,"none":null},"expressive":{"dir-action":null,"dir-explicit":null,"dir-speech":null,"indirect":null,"writing-device":null}},{"id":"피치홈-공릉점","permalink":"","username":"asdfg","text":"만족하며 먹고있어요.","date":"Mon Dec 10 23:59:44 +0000 2018","retweets":"30","favorites":"20","mentions":[],"hashtags":[],"geo":"","raw":"만족하며 먹고있어요.","polarity":{"com":0,"pos":0.1666666665,"neg":0.8333333334999999,"neut":0,"none":0},"intensity":{"high":0.0555555555,"low":0.111111111,"meium":0.8333333334999999,"none":0},"expressive":{"dir-action":0,"dir-explicit":0.611111111,"dir-speech":0.388888889,"indirect":0,"writing-device":0}},{"id":"피치홈-공릉점","permalink":"","username":"asdfg","text":"가성비 킹!!\n이런 음식점은 언제나 옳습니다","date":"Mon Dec 10 23:59:44 +0000 2018","retweets":"30","favorites":"20","mentions":[],"hashtags":[],"geo":"","raw":"가성비 킹!!\n이런 음식점은 언제나 옳습니다","polarity":{"com":0.0056497176666666675,"pos":0.17925012833333334,"neg":0.4793699706666667,"neut":0.07190549566666667,"none":0.26382468766666667},"intensity":{"high":0.06420133535473378,"low":0.10580380070193458,"meium":0.5661701761887233,"none":0.2638246877546082},"expressive":{"dir-action":0,"dir-explicit":0.09039548033333333,"dir-speech":0.45916795066666666,"indirect":0.1866118813333333,"writing-device":0.26382468766666667}},{"id":"피치홈-공릉점","permalink":"","username":"asdfg","text":"맛있어요 ^^\n다음에도 또  시켜먹으게요","date":"Mon Dec 10 23:59:44 +0000 2018","retweets":"30","favorites":"20","mentions":[],"hashtags":[],"geo":"","raw":"맛있어요 ^^\n다음에도 또  시켜먹으게요","polarity":{"com":0.002380952333333333,"pos":0.07142857133333332,"neg":0.7761904763333333,"neut":0.004761904666666666,"none":0.14523809533333332},"intensity":{"high":0.047619047666666664,"low":0.038095238,"meium":0.7690476190000001,"none":0.14523809533333334},"expressive":{"dir-action":0,"dir-explicit":0.06190476197936508,"dir-speech":0.766666666411111,"indirect":0.028571428657142857,"writing-device":0.14285714295238094}},{"id":"피치홈-공릉점","permalink":"","username":"asdfg","text":"피자는 진짜 맛있는데 치킨의 끝맛이 약간 쓴맛이 나네요\n조금만더신경쓰먄","date":"Mon Dec 10 23:59:44 +0000 2018","retweets":"30","favorites":"20","mentions":[],"hashtags":[],"geo":"","raw":"피자는 진짜 맛있는데 치킨의 끝맛이 약간 쓴맛이 나네요\n조금만더신경쓰먄","polarity":{"com":0.004035512571428573,"pos":0.5135761992857143,"neg":0.35850473814285716,"neut":0.10552739885714288,"none":0.018356151142857144},"intensity":{"high":0.0495574304214918,"low":0.14449891969364298,"meium":0.7875874987446304,"none":0.018356151140234835},"expressive":{"dir-action":0,"dir-explicit":0.2669470638571429,"dir-speech":0.5434782608571429,"indirect":0.16895095042857144,"writing-device":0.020623724857142856}},{"id":"피치홈-공릉점","permalink":"","username":"asdfg","text":"굿입니다 재구매합니다","date":"Mon Dec 10 23:59:44 +0000 2018","retweets":"30","favorites":"20","mentions":[],"hashtags":[],"geo":"","raw":"굿입니다 재구매합니다","polarity":{"com":0.17311827966666665,"pos":0.6720430106666666,"neg":0.117562724,"neut":0.02795698933333333,"none":0.009318996333333333},"intensity":{"high":0.04659498199999999,"low":0.038709677333333324,"meium":0.9046594983333333,"none":0.010035842333333331},"expressive":{"dir-action":0.0021505376666666664,"dir-explicit":0.27132616499999995,"dir-speech":0.09820788533333333,"indirect":0.6189964156666666,"writing-device":0.009318996333333333}},{"id":"피치홈-공릉점","permalink":"","username":"asdfg","text":"가격대비 먹을만하네요 근데 치킨기름이 오래된것같아요","date":"Mon Dec 10 23:59:44 +0000 2018","retweets":"30","favorites":"20","mentions":[],"hashtags":[],"geo":"","raw":"가격대비 먹을만하네요 근데 치킨기름이 오래된것같아요","polarity":{"com":0.007709250998072688,"pos":0.4639901213840024,"neg":0.367707916158073,"neut":0.04475370448881158,"none":0.11583900697104024},"intensity":{"high":0.05420949576355237,"low":0.0885952030221488,"meium":0.7402549726850637,"none":0.11694032852923507},"expressive":{"dir-action":0.0011013215,"dir-explicit":0.22726160274999999,"dir-speech":0.33020736,"indirect":0.32448938725,"writing-device":0.1169403285}},{"id":"피치홈-공릉점","permalink":"","username":"asdfg","text":"가성비 와전 좋아요! 강추","date":"Mon Dec 10 23:59:44 +0000 2018","retweets":"30","favorites":"20","mentions":[],"hashtags":[],"geo":"","raw":"가성비 와전 좋아요! 강추","polarity":{"com":0,"pos":0.550909091,"neg":0.29272727249999997,"neut":0.09090909099999998,"none":0.06545454549999999},"intensity":{"high":0.1454545455,"low":0.110909091,"meium":0.678181818,"none":0.0654545455},"expressive":{"dir-action":0,"dir-explicit":0.3,"dir-speech":0.509090909,"indirect":0.12545454550000001,"writing-device":0.0654545455}},{"id":"피치홈-공릉점","permalink":"","username":"asdfg","text":"맛있고 좋았어요~~~~~","date":"Mon Dec 10 23:59:44 +0000 2018","retweets":"30","favorites":"20","mentions":[],"hashtags":[],"geo":"","raw":"맛있고 좋았어요~~~~~","polarity":{"com":0,"pos":0.46,"neg":0.52,"neut":0,"none":0.02},"intensity":{"high":0.1,"low":0.02,"meium":0.86,"none":0.02},"expressive":{"dir-action":0,"dir-explicit":0.30000000000000004,"dir-speech":0.6000000000000001,"indirect":0.08000000000000002,"writing-device":0.020000000000000004}},{"id":"피치홈-공릉점","permalink":"","username":"asdfg","text":"가끔씩 요기나게 잘 먹어요","date":"Mon Dec 10 23:59:44 +0000 2018","retweets":"30","favorites":"20","mentions":[],"hashtags":[],"geo":"","raw":"가끔씩 요기나게 잘 먹어요","polarity":{"com":0,"pos":0.7142857143571428,"neg":0.250000000125,"neut":0.035714285517857144,"none":0},"intensity":{"high":0.0357142855,"low":0.107142857,"meium":0.8571428575,"none":0},"expressive":{"dir-action":0,"dir-explicit":0.214285714,"dir-speech":0.142857143,"indirect":0.642857143,"writing-device":0}},{"id":"피치홈-공릉점","permalink":"","username":"asdfg","text":"왠만하면 각자 따로 맛난데서 시켜드시길","date":"Mon Dec 10 23:59:44 +0000 2018","retweets":"30","favorites":"20","mentions":[],"hashtags":[],"geo":"","raw":"왠만하면 각자 따로 맛난데서 시켜드시길","polarity":{"com":0,"pos":0.49999999999999994,"neg":0.055555555666666666,"neut":0.33333333333333326,"none":0.11111111099999997},"intensity":{"high":0.055555555666666666,"low":0.111111111,"meium":0.7222222223333333,"none":0.11111111099999998},"expressive":{"dir-action":0,"dir-explicit":0.22222222233333333,"dir-speech":0.5,"indirect":0.16666666666666666,"writing-device":0.111111111}},{"id":"피치홈-공릉점","permalink":"","username":"asdfg","text":"맛있어요~~~~~~","date":"Mon Dec 10 23:59:44 +0000 2018","retweets":"30","favorites":"20","mentions":[],"hashtags":[],"geo":"","raw":"맛있어요~~~~~~","polarity":{"com":0,"pos":0,"neg":1,"neut":0,"none":0},"intensity":{"high":0,"low":0,"meium":1,"none":0},"expressive":{"dir-action":0,"dir-explicit":0,"dir-speech":1,"indirect":0,"writing-device":0}},{"id":"피치홈-공릉점","permalink":"","username":"asdfg","text":"브랜드가 생소해서 걱정했는데 \n가성비 짱!!!\n맛도 좋았어효~~\n담에도 고고고~~","date":"Mon Dec 10 23:59:44 +0000 2018","retweets":"30","favorites":"20","mentions":[],"hashtags":[],"geo":"","raw":"브랜드가 생소해서 걱정했는데 \n가성비 짱!!!\n맛도 좋았어효~~\n담에도 고고고~~","polarity":{"com":0.006336405571428572,"pos":0.4632781734285714,"neg":0.3901428371428572,"neut":0.051476001,"none":0.08876658285714287},"intensity":{"high":0.10489506657142857,"low":0.07991082642857142,"meium":0.7248447941428571,"none":0.09034931285714286},"expressive":{"dir-action":0.0009216589998683344,"dir-explicit":0.2106703972556185,"dir-speech":0.4179007819402999,"indirect":0.2827609871024627,"writing-device":0.08774617470175054}},{"id":"피치홈-공릉점","permalink":"","username":"asdfg","text":"저는왜 피치홈에서 벗어날수가 없을까요??\nㅎㅎ","date":"Mon Dec 10 23:59:44 +0000 2018","retweets":"30","favorites":"20","mentions":[],"hashtags":[],"geo":"","raw":"저는왜 피치홈에서 벗어날수가 없을까요??\nㅎㅎ","polarity":{"com":0,"pos":0.36458333325000003,"neg":0.5416666667500001,"neut":0.03125,"none":0.0625},"intensity":{"high":0.3125,"low":0.17708333325,"meium":0.44791666674999997,"none":0.0625},"expressive":{"dir-action":0,"dir-explicit":0.125,"dir-speech":0.625,"indirect":0.1875,"writing-device":0.0625}},{"id":"피치홈-공릉점","permalink":"","username":"asdfg","text":"4일만 에 또시켜먹었네요~^^\n역시맛있어요~♡","date":"Mon Dec 10 23:59:44 +0000 2018","retweets":"30","favorites":"20","mentions":[],"hashtags":[],"geo":"","raw":"4일만 에 또시켜먹었네요~^^\n역시맛있어요~♡","polarity":{"com":0,"pos":0.36904761900000005,"neg":0.35714285725,"neut":0.08333333325,"none":0.1904761905},"intensity":{"high":0.11111111105555556,"low":0.22222222211111112,"meium":0.47619047623809524,"none":0.1904761905952381},"expressive":{"dir-action":0,"dir-explicit":0.4246031746061508,"dir-speech":0.3492063493373016,"indirect":0,"writing-device":0.2261904760565476}},{"id":"피치홈-공릉점","permalink":"","username":"asdfg","text":"역시 항상 맛있어요~^^","date":"Mon Dec 10 23:59:44 +0000 2018","retweets":"30","favorites":"20","mentions":[],"hashtags":[],"geo":"","raw":"역시 항상 맛있어요~^^","polarity":{"com":0,"pos":0.16666666658333332,"neg":0.5000000002499999,"neut":0.16666666658333332,"none":0.16666666658333332},"intensity":{"high":0,"low":0.16666666658333332,"meium":0.6666666668333333,"none":0.16666666658333332},"expressive":{"dir-action":0,"dir-explicit":0.16666666658333332,"dir-speech":0.6666666668333333,"indirect":0,"writing-device":0.16666666658333332}},{"id":"피치홈-공릉점","permalink":"","username":"asdfg","text":"바쁘셨을텐데 맞춰달라는 시간에 맞춰주셔서 너무 감사했습니다 ㅎㅎ 너무 맛있게 잘 먹었습니다","date":"Mon Dec 10 23:59:44 +0000 2018","retweets":"30","favorites":"20","mentions":[],"hashtags":[],"geo":"","raw":"바쁘셨을텐데 맞춰달라는 시간에 맞춰주셔서 너무 감사했습니다 ㅎㅎ 너무 맛있게 잘 먹었습니다","polarity":{"com":0.03813364063453341,"pos":0.4791986687447997,"neg":0.31293522782823385,"neut":0.03131720425782931,"none":0.13841525853460382},"intensity":{"high":0.057155658000000005,"low":0.10677803375,"meium":0.6973822325000001,"none":0.13868407575000002},"expressive":{"dir-action":0.0008064516250000001,"dir-explicit":0.35373143875000007,"dir-speech":0.33444700475000005,"indirect":0.170615719375,"writing-device":0.14039938550000003}},{"id":"피치홈-공릉점","permalink":"","username":"asdfg","text":"자꾸 이렇게 맛있으면 사랑할겁니다ㅡㅡ","date":"Mon Dec 10 23:59:44 +0000 2018","retweets":"30","favorites":"20","mentions":[],"hashtags":[],"geo":"","raw":"자꾸 이렇게 맛있으면 사랑할겁니다ㅡㅡ","polarity":{"com":0.07261904766666667,"pos":0.22380952366666665,"neg":0.4416666666666666,"neut":0.011904762,"none":0.25},"intensity":{"high":0.07261904764246031,"low":0.017857142994047618,"meium":0.5484126984838624,"none":0.36111111087962966},"expressive":{"dir-action":0,"dir-explicit":0.20158730140052913,"dir-speech":0.2861111110953704,"indirect":0.13928571437976192,"writing-device":0.37301587312433865}},{"id":"피치홈-공릉점","permalink":"","username":"asdfg","text":"콤비네이션이 음 먼가 좀 부실한느낌?\n치킨은 평범한맛!\n\n근데 피자나라치킨공주보다 치킨이 훨씬 나음\n\n휴 거긴 ..잉 ㅉㅉㅉ","date":"Mon Dec 10 23:59:44 +0000 2018","retweets":"30","favorites":"20","mentions":[],"hashtags":[],"geo":"","raw":"콤비네이션이 음 먼가 좀 부실한느낌?\n치킨은 평범한맛!\n\n근데 피자나라치킨공주보다 치킨이 훨씬 나음\n\n휴 거긴 ..잉 ㅉㅉㅉ","polarity":{"com":0.010166835333333334,"pos":0.6135329738333334,"neg":0.3404240055,"neut":0.02725114666666667,"none":0.008625038666666666},"intensity":{"high":0.09487302419038492,"low":0.13195473744965536,"meium":0.7633835236075126,"none":0.009788714752447178},"expressive":{"dir-action":0.0015220990002536836,"dir-explicit":0.28110751063018463,"dir-speech":0.3924466569820745,"indirect":0.3153142301358858,"writing-device":0.009609503251601585}},{"id":"피치홈-공릉점","permalink":"","username":"asdfg","text":"맛있게 잘먹었어요 피치홈 좋아요","date":"Mon Dec 10 23:59:44 +0000 2018","retweets":"30","favorites":"20","mentions":[],"hashtags":[],"geo":"","raw":"맛있게 잘먹었어요 피치홈 좋아요","polarity":{"com":0,"pos":0.40857142860214285,"neg":0.5635714286408928,"neut":0.017857142754464286,"none":0.0100000000025},"intensity":{"high":0.175,"low":0.0635714285,"meium":0.7514285715,"none":0.01},"expressive":{"dir-action":0,"dir-explicit":0.3285714285,"dir-speech":0.46071428575,"indirect":0.20071428575,"writing-device":0.01}},{"id":"피치홈-공릉점","permalink":"","username":"asdfg","text":"치킨도맛있고 이번엔 다른피자로시켜먹어봤는데 맛있어요!  양념치킨 양념이 아주듬뿍이어서 짱! 담날까지 싹 클리어했어요!!\n배달시간만 적당하면 아주좋겠어요!","date":"Mon Dec 10 23:59:44 +0000 2018","retweets":"30","favorites":"20","mentions":[],"hashtags":[],"geo":"","raw":"치킨도맛있고 이번엔 다른피자로시켜먹어봤는데 맛있어요!  양념치킨 양념이 아주듬뿍이어서 짱! 담날까지 싹 클리어했어요!!\n배달시간만 적당하면 아주좋겠어요!","polarity":{"com":0.04471990185303383,"pos":0.41192509621721923,"neg":0.437387003836521,"neut":0.02813966061971379,"none":0.07782833747351206},"intensity":{"high":0.11522340931655566,"low":0.07371207162105478,"meium":0.7325008872101925,"none":0.07856363185219721},"expressive":{"dir-action":0.039527684769230756,"dir-explicit":0.2567556631538461,"dir-speech":0.4228309174615384,"indirect":0.20378836469230766,"writing-device":0.0770973699230769}},{"id":"피치홈-공릉점","permalink":"","username":"asdfg","text":"맛있다 양은 적을지라도 맛은 훌륭하다 피자는 졀로다 ㅇㅇ내말이 맞다","date":"Mon Dec 10 23:59:44 +0000 2018","retweets":"30","favorites":"20","mentions":[],"hashtags":[],"geo":"","raw":"맛있다 양은 적을지라도 맛은 훌륭하다 피자는 졀로다 ㅇㅇ내말이 맞다","polarity":{"com":0.0038126361673021057,"pos":0.4505135387417522,"neg":0.46428571441071426,"neut":0.031123560505187255,"none":0.05026455017504408},"intensity":{"high":0.1098661686849777,"low":0.053299097342216516,"meium":0.7865701837977617,"none":0.05026455017504409},"expressive":{"dir-action":0,"dir-explicit":0.17950513549999997,"dir-speech":0.47821350766666665,"indirect":0.2861033301666666,"writing-device":0.05617802666666666}},{"id":"피치홈-공릉점","permalink":"","username":"asdfg","text":"사장님 감사합니다 문자 주세요!ㅜㅜ!\n그리구 넘넘 맛있어요ㅎㅎ","date":"Mon Dec 10 23:59:44 +0000 2018","retweets":"30","favorites":"20","mentions":[],"hashtags":[],"geo":"","raw":"사장님 감사합니다 문자 주세요!ㅜㅜ!\n그리구 넘넘 맛있어요ㅎㅎ","polarity":{"com":0.1,"pos":0.45,"neg":0.45,"neut":0,"none":0},"intensity":{"high":0.3,"low":0,"meium":0.7,"none":0},"expressive":{"dir-action":0,"dir-explicit":0.125,"dir-speech":0.675,"indirect":0.2,"writing-device":0}},{"id":"피치홈-공릉점","permalink":"","username":"asdfg","text":"맛있어요! 양념이 적당히 매콤하면서 달콤하구\n양념도 넉넉하게 담아주시고 맛있게 잘 먹었어요~^^\n\n비가 갑자기 와서ㅠㅠ 배달 힘드셨죠~?\n피자가 식어서 다시 데워먹긴 했는데\n그래도 맛있게 잘 먹었어요😊\n\n1시간 반 기다린 보람이 있었어요!\n사장님~ 리뷰 보면 건강 유의하라고 적어주셨는데\n더운날씨에 사장님도 건강관리 잘 하셔서 앞으로도 맛있는 치킨 먹을수 있게 해주세요^^\n\n담번엔 다른 피자랑 같이 주문해볼게요! 좋은 저녁 보내세요","date":"Mon Dec 10 23:59:44 +0000 2018","retweets":"30","favorites":"20","mentions":[],"hashtags":[],"geo":"","raw":"맛있어요! 양념이 적당히 매콤하면서 달콤하구\n양념도 넉넉하게 담아주시고 맛있게 잘 먹었어요~^^\n\n비가 갑자기 와서ㅠㅠ 배달 힘드셨죠~?\n피자가 식어서 다시 데워먹긴 했는데\n그래도 맛있게 잘 먹었어요😊\n\n1시간 반 기다린 보람이 있었어요!\n사장님~ 리뷰 보면 건강 유의하라고 적어주셨는데\n더운날씨에 사장님도 건강관리 잘 하셔서 앞으로도 맛있는 치킨 먹을수 있게 해주세요^^\n\n담번엔 다른 피자랑 같이 주문해볼게요! 좋은 저녁 보내세요","polarity":{"com":0.0338488888956276,"pos":0.43273392201138783,"neg":0.3856174911417267,"neut":0.05514994068566182,"none":0.09264975726559603},"intensity":{"high":0.09628562557641351,"low":0.12788340349663466,"meium":0.6819316896925807,"none":0.09389928123437107},"expressive":{"dir-action":0.001127747736871783,"dir-explicit":0.20280609916323172,"dir-speech":0.4442037023801107,"indirect":0.2511925505066103,"writing-device":0.10066990021317554}},{"id":"피치홈-공릉점","permalink":"","username":"asdfg","text":"양도 많구 피자도 씬도우같아서 좋아요","date":"Mon Dec 10 23:59:44 +0000 2018","retweets":"30","favorites":"20","mentions":[],"hashtags":[],"geo":"","raw":"양도 많구 피자도 씬도우같아서 좋아요","polarity":{"com":0.0028571428,"pos":0.3955942028,"neg":0.3191387164,"neut":0.0429813664,"none":0.23942857160000003},"intensity":{"high":0.1683643892336729,"low":0.0971925464194385,"meium":0.49501449269900294,"none":0.23942857164788572},"expressive":{"dir-action":0,"dir-explicit":0.35577639752884477,"dir-speech":0.23204968935359008,"indirect":0.16607867496678427,"writing-device":0.246095238150781}},{"id":"피치홈-공릉점","permalink":"","username":"asdfg","text":"이가격에 이런 맛까지 ㅠㅠ 정말 잘먹었습니다.","date":"Mon Dec 10 23:59:44 +0000 2018","retweets":"30","favorites":"20","mentions":[],"hashtags":[],"geo":"","raw":"이가격에 이런 맛까지 ㅠㅠ 정말 잘먹었습니다.","polarity":{"com":0,"pos":0.77083333325,"neg":0.16666666675,"neut":0,"none":0.0625},"intensity":{"high":0.15277777775,"low":0.0555555555,"meium":0.72916666675,"none":0.0625},"expressive":{"dir-action":0,"dir-explicit":0.1805555555,"dir-speech":0.5069444445,"indirect":0.25,"writing-device":0.0625}},{"id":"피치홈-공릉점","permalink":"","username":"asdfg","text":"역시나...치킨양이...어마어마해요~","date":"Mon Dec 10 23:59:44 +0000 2018","retweets":"30","favorites":"20","mentions":[],"hashtags":[],"geo":"","raw":"역시나...치킨양이...어마어마해요~","polarity":{"com":0.024024024,"pos":0.612612613,"neg":0.306306306,"neut":0.033033033,"none":0.024024024},"intensity":{"high":0.114114114,"low":0.084084084,"meium":0.774774775,"none":0.027027027},"expressive":{"dir-action":0.003003003,"dir-explicit":0.312312312,"dir-speech":0.09009009,"indirect":0.567567568,"writing-device":0.027027027}},{"id":"피치홈-공릉점","permalink":"","username":"asdfg","text":"하\n맛있다","date":"Mon Dec 10 23:59:44 +0000 2018","retweets":"30","favorites":"20","mentions":[],"hashtags":[],"geo":"","raw":"하하하하하하하하하하\n맛있다","polarity":{"com":0,"pos":0,"neg":1,"neut":0,"none":0},"intensity":{"high":0,"low":0,"meium":1,"none":0},"expressive":{"dir-action":0,"dir-explicit":0,"dir-speech":1,"indirect":0,"writing-device":0}},{"id":"피치홈-공릉점","permalink":"","username":"asdfg","text":"맛있어요! 여기는 치킨이 더맛있어요 ㅋㅋㅋ","date":"Mon Dec 10 23:59:44 +0000 2018","retweets":"30","favorites":"20","mentions":[],"hashtags":[],"geo":"","raw":"맛있어요! 여기는 치킨이 더맛있어요 ㅋㅋㅋ","polarity":{"com":0,"pos":0.5,"neg":0.5,"neut":0,"none":0},"intensity":{"high":0,"low":0,"meium":1,"none":0},"expressive":{"dir-action":0,"dir-explicit":0,"dir-speech":1,"indirect":0,"writing-device":0}},{"id":"피치홈-공릉점","permalink":"","username":"asdfg","text":"맛나게 잘먹었습니다","date":"Mon Dec 10 23:59:44 +0000 2018","retweets":"30","favorites":"20","mentions":[],"hashtags":[],"geo":"","raw":"맛나게 잘먹었습니다","polarity":{"com":0,"pos":0.7142857147142857,"neg":0.21428571421428572,"neut":0.07142857107142857,"none":0},"intensity":{"high":0,"low":0.214285714,"meium":0.785714286,"none":0},"expressive":{"dir-action":0,"dir-explicit":0.214285714,"dir-speech":0.142857143,"indirect":0.642857143,"writing-device":0}},{"id":"피치홈-공릉점","permalink":"","username":"asdfg","text":"치킨바베큐피자R+스파게티 세트에 콜라 큰걸로 먹었는데요~ 치킨바베큐피자 여기서 첨 먹어보는데 치킨 조각 토핑도 도톰하고 큼직큼직하니 맛있네요.^^ 피자 위에 뿌려진 진한 갈색 소스 이게 정확히 뭔지 모르겠는데 이 소스가 맛있었네요~ 다음에 더 팍팍 츄릅츄릅 뿌려주세요^^ \n스파게티도 맛있었구요. 그동안 콤비네이션, 불고기, 고구마피자 여기서 다 먹어봤는데 제 개인적으로 치킨바베큐피자가 제일 나은 것 같네요~ 담에 또 먹으려고 합니다. 다이어트는...음...가을부터 ^^; ㅋㅋ더운 여름엔 일단 잘 먹구봐야겠다능 ㅎㅎ","date":"Mon Dec 10 23:59:44 +0000 2018","retweets":"30","favorites":"20","mentions":[],"hashtags":[],"geo":"","raw":"치킨바베큐피자R+스파게티 세트에 콜라 큰걸로 먹었는데요~ 치킨바베큐피자 여기서 첨 먹어보는데 치킨 조각 토핑도 도톰하고 큼직큼직하니 맛있네요.^^ 피자 위에 뿌려진 진한 갈색 소스 이게 정확히 뭔지 모르겠는데 이 소스가 맛있었네요~ 다음에 더 팍팍 츄릅츄릅 뿌려주세요^^ \n스파게티도 맛있었구요. 그동안 콤비네이션, 불고기, 고구마피자 여기서 다 먹어봤는데 제 개인적으로 치킨바베큐피자가 제일 나은 것 같네요~ 담에 또 먹으려고 합니다. 다이어트는...음...가을부터 ^^; ㅋㅋ더운 여름엔 일단 잘 먹구봐야겠다능 ㅎㅎ","polarity":{"com":0.0052054277501626675,"pos":0.33198377622912445,"neg":0.47245355079601414,"neut":0.06923388347091353,"none":0.12112336175378507},"intensity":{"high":0.10606837540293537,"low":0.08479441355985018,"meium":0.6855659926660761,"none":0.12357121837113842},"expressive":{"dir-action":0.0008122346561992355,"dir-explicit":0.24453288385971675,"dir-speech":0.4565159385339678,"indirect":0.1677871065832633,"writing-device":0.13035183636685305}},{"id":"피치홈-공릉점","permalink":"","username":"asdfg","text":"배달빠르고 맛있어요","date":"Mon Dec 10 23:59:44 +0000 2018","retweets":"30","favorites":"20","mentions":[],"hashtags":[],"geo":"","raw":"배달빠르고 맛있어요","polarity":{"com":0,"pos":0.5,"neg":0.5,"neut":0,"none":0},"intensity":{"high":0,"low":0,"meium":1,"none":0},"expressive":{"dir-action":0,"dir-explicit":0,"dir-speech":1,"indirect":0,"writing-device":0}},{"id":"피치홈-공릉점","permalink":"","username":"asdfg","text":"굿~","date":"Mon Dec 10 23:59:44 +0000 2018","retweets":"30","favorites":"20","mentions":[],"hashtags":[],"geo":"","raw":"굿~~~~~~~~~","polarity":{"com":0,"pos":1,"neg":0,"neut":0,"none":0},"intensity":{"high":0,"low":0,"meium":1,"none":0},"expressive":{"dir-action":0,"dir-explicit":0,"dir-speech":0,"indirect":1,"writing-device":0}},{"id":"피치홈-공릉점","permalink":"","username":"asdfg","text":"가격대비 굿인듯","date":"Mon Dec 10 23:59:44 +0000 2018","retweets":"30","favorites":"20","mentions":[],"hashtags":[],"geo":"","raw":"가격대비 굿인듯","polarity":{"com":0,"pos":0.8333333333333334,"neg":0.111111111,"neut":0,"none":0.055555555666666666},"intensity":{"high":0,"low":0.05555555564814815,"meium":0.8888888887037038,"none":0.05555555564814815},"expressive":{"dir-action":0,"dir-explicit":0.055555555666666666,"dir-speech":0.111111111,"indirect":0.7777777776666667,"writing-device":0.055555555666666666}},{"id":"피치홈-공릉점","permalink":"","username":"asdfg","text":"치즈도 많고 맛있어요  가성비짱","date":"Mon Dec 10 23:59:44 +0000 2018","retweets":"30","favorites":"20","mentions":[],"hashtags":[],"geo":"","raw":"치즈도 많고 맛있어요  가성비짱","polarity":{"com":0,"pos":0.39393939400000005,"neg":0.5151515150000001,"neut":0.060606060666666677,"none":0.030303030333333338},"intensity":{"high":0.03030303033333333,"low":0.06060606066666666,"meium":0.8787878786666666,"none":0.03030303033333333},"expressive":{"dir-action":0,"dir-explicit":0.3333333333333333,"dir-speech":0.606060606,"indirect":0.03030303033333333,"writing-device":0.03030303033333333}},{"id":"피치홈-공릉점","permalink":"","username":"asdfg","text":"맛았어요 가성비최고","date":"Mon Dec 10 23:59:44 +0000 2018","retweets":"30","favorites":"20","mentions":[],"hashtags":[],"geo":"","raw":"맛았어요 가성비최고","polarity":{"com":0,"pos":0.6902356903333333,"neg":0.21885521866666666,"neut":0.060606060666666656,"none":0.030303030333333328},"intensity":{"high":0.2895622896666667,"low":0.06060606066666666,"meium":0.6195286193333334,"none":0.03030303033333333},"expressive":{"dir-action":0,"dir-explicit":0,"dir-speech":0.6060606060000001,"indirect":0.3636363636666667,"writing-device":0.030303030333333338}},{"id":"피치홈-공릉점","permalink":"","username":"asdfg","text":"양념순살치킨만먹다 배불러서 피자도 못먹었어요~ㅋㅋ\n맛있어요~","date":"Mon Dec 10 23:59:44 +0000 2018","retweets":"30","favorites":"20","mentions":[],"hashtags":[],"geo":"","raw":"양념순살치킨만먹다 배불러서 피자도 못먹었어요~ㅋㅋ\n맛있어요~","polarity":{"com":0,"pos":0.08333333325,"neg":0.91666666675,"neut":0,"none":0},"intensity":{"high":0.08333333325,"low":0,"meium":0.91666666675,"none":0},"expressive":{"dir-action":0,"dir-explicit":0.41666666674999997,"dir-speech":0.58333333325,"indirect":0,"writing-device":0}},{"id":"피치홈-공릉점","permalink":"","username":"asdfg","text":"맛있게 먹었습니다.","date":"Mon Dec 10 23:59:44 +0000 2018","retweets":"30","favorites":"20","mentions":[],"hashtags":[],"geo":"","raw":"맛있게 먹었습니다.","polarity":{"com":0,"pos":0.1666666665,"neg":0.8333333334999999,"neut":0,"none":0},"intensity":{"high":0.0555555555,"low":0.111111111,"meium":0.8333333334999999,"none":0},"expressive":{"dir-action":0,"dir-explicit":0.111111111,"dir-speech":0.888888889,"indirect":0,"writing-device":0}},{"id":"피치홈-공릉점","permalink":"","username":"asdfg","text":"굿~","date":"Mon Dec 10 23:59:44 +0000 2018","retweets":"30","favorites":"20","mentions":[],"hashtags":[],"geo":"","raw":"굿~~~~~~~~~~","polarity":{"com":0,"pos":1,"neg":0,"neut":0,"none":0},"intensity":{"high":0,"low":0,"meium":1,"none":0},"expressive":{"dir-action":0,"dir-explicit":0,"dir-speech":0,"indirect":1,"writing-device":0}},{"id":"피치홈-공릉점","permalink":"","username":"asdfg","text":"잘먹엇습니다ㅏㅏㅏㅏㅏ","date":"Mon Dec 10 23:59:44 +0000 2018","retweets":"30","favorites":"20","mentions":[],"hashtags":[],"geo":"","raw":"잘먹엇습니다ㅏㅏㅏㅏㅏ","polarity":{"com":0,"pos":0.7142857147142857,"neg":0.21428571421428572,"neut":0.07142857107142857,"none":0},"intensity":{"high":0,"low":0.214285714,"meium":0.785714286,"none":0},"expressive":{"dir-action":0,"dir-explicit":0.214285714,"dir-speech":0.142857143,"indirect":0.642857143,"writing-device":0}},{"id":"피치홈-공릉점","permalink":"","username":"asdfg","text":"콤비네이션 피자R + 스파게티 세트 먹었어요~여기는 배달이  오래걸리지 않고 친절해서 좋아요~이번 피자는 도우끝이 살짝 바삭하니 좋았고 맛도 전보다 조금 더 좋아진 것 같아요~그런데 피자 치즈가 좀 빨리 굳는 편이라 치즈 종류를 좀 바꿔주시면 좋겠다 싶은 바램은 있는데 그건 시장상황과 사장님 마음이시니^^; 암튼 스파게티는 양도 많고 맛있어서 좋아요^^ 담에 또 먹으려구요^^","date":"Mon Dec 10 23:59:44 +0000 2018","retweets":"30","favorites":"20","mentions":[],"hashtags":[],"geo":"","raw":"콤비네이션 피자R + 스파게티 세트 먹었어요~여기는 배달이  오래걸리지 않고 친절해서 좋아요~이번 피자는 도우끝이 살짝 바삭하니 좋았고 맛도 전보다 조금 더 좋아진 것 같아요~그런데 피자 치즈가 좀 빨리 굳는 편이라 치즈 종류를 좀 바꿔주시면 좋겠다 싶은 바램은 있는데 그건 시장상황과 사장님 마음이시니^^; 암튼 스파게티는 양도 많고 맛있어서 좋아요^^ 담에 또 먹으려구요^^","polarity":{"com":0.002188512933333333,"pos":0.5098201939,"neg":0.32706309903333336,"neut":0.1030651825,"none":0.057863011633333336},"intensity":{"high":0.06953142496898439,"low":0.11870352977062347,"meium":0.7531495881917717,"none":0.05861545706862052},"expressive":{"dir-action":0.000598195533373213,"dir-explicit":0.3438252409562551,"dir-speech":0.42587578926172487,"indirect":0.1648682315443246,"writing-device":0.06483254270432218}},{"id":"피치홈-공릉점","permalink":"","username":"asdfg","text":"맛있게 잘먹었어요ㅋㅋ","date":"Mon Dec 10 23:59:44 +0000 2018","retweets":"30","favorites":"20","mentions":[],"hashtags":[],"geo":"","raw":"맛있게 잘먹었어요ㅋㅋ","polarity":{"com":0,"pos":0.35714285717857136,"neg":0.6071428573035714,"neut":0.03571428551785714,"none":0},"intensity":{"high":0,"low":0.107142857,"meium":0.8928571430000001,"none":0},"expressive":{"dir-action":0,"dir-explicit":0.107142857,"dir-speech":0.5714285715,"indirect":0.3214285715,"writing-device":0}},{"id":"피치홈-공릉점","permalink":"","username":"asdfg","text":"배달 킹왕짱ㅎㅎ\n피자 완전 맛나구요\n배달도 55분이라하시더니 20분되서 오신듯요ㅎㅎ\n완전 만족요\n치킨도 맛ㄴㅏ요~^^","date":"Mon Dec 10 23:59:44 +0000 2018","retweets":"30","favorites":"20","mentions":[],"hashtags":[],"geo":"","raw":"배달 킹왕짱ㅎㅎ\n피자 완전 맛나구요\n배달도 55분이라하시더니 20분되서 오신듯요ㅎㅎ\n완전 만족요\n치킨도 맛ㄴㅏ요~^^","polarity":{"com":0.009876615875000001,"pos":0.447807499375,"neg":0.380470888125,"neut":0.034344312375000005,"none":0.12750068425},"intensity":{"high":0.11266526009683368,"low":0.10778784934805304,"meium":0.6490469247127382,"none":0.13049996584237503},"expressive":{"dir-action":0.001436781625,"dir-explicit":0.27872692912499997,"dir-speech":0.32094974475,"indirect":0.26551739225,"writing-device":0.13336915225}},{"id":"피치홈-공릉점","permalink":"","username":"asdfg","text":"피자보단 양념치킨이 짱맛있었어요!! \n배달만 좀 빠르면 좋겠어요.\n담엔  다른토핑시켜먹어볼께요","date":"Mon Dec 10 23:59:44 +0000 2018","retweets":"30","favorites":"20","mentions":[],"hashtags":[],"geo":"","raw":"피자보단 양념치킨이 짱맛있었어요!! \n배달만 좀 빠르면 좋겠어요.\n담엔  다른토핑시켜먹어볼께요","polarity":{"com":0.0185778488930173,"pos":0.5294597750065466,"neg":0.4021975860893772,"neut":0.025422040783427118,"none":0.024342749227631723},"intensity":{"high":0.078462197,"low":0.08149846122222221,"meium":0.8152071163333333,"none":0.024832225444444446},"expressive":{"dir-action":0.006662315778518035,"dir-explicit":0.24771030347196785,"dir-speech":0.6222919356246992,"indirect":0.09673955123297107,"writing-device":0.026595893891843986}},{"id":"피치홈-공릉점","permalink":"","username":"asdfg","text":"가격대비 정말  좋습니다.  강추!","date":"Mon Dec 10 23:59:44 +0000 2018","retweets":"30","favorites":"20","mentions":[],"hashtags":[],"geo":"","raw":"가격대비 정말  좋습니다.  강추!","polarity":{"com":0,"pos":0.875,"neg":0,"neut":0,"none":0.125},"intensity":{"high":0.25,"low":0,"meium":0.625,"none":0.125},"expressive":{"dir-action":0,"dir-explicit":0.25,"dir-speech":0.125,"indirect":0.5,"writing-device":0.125}},{"id":"피치홈-공릉점","permalink":"","username":"asdfg","text":"맛있어요 치킨은 진짜 맛있습니다.","date":"Mon Dec 10 23:59:44 +0000 2018","retweets":"30","favorites":"20","mentions":[],"hashtags":[],"geo":"","raw":"맛있어요 치킨은 진짜 맛있습니다.","polarity":{"com":0.005649717666666667,"pos":0.11864406766666664,"neg":0.8531073446666666,"neut":0.011299434999999997,"none":0.011299434999999997},"intensity":{"high":0.03389830501129944,"low":0.04519774001506591,"meium":0.9096045199698681,"none":0.011299435003766477},"expressive":{"dir-action":0,"dir-explicit":0.09039548033333332,"dir-speech":0.8531073446666666,"indirect":0.045197739999999986,"writing-device":0.011299434999999997}},{"id":"피치홈-공릉점","permalink":"","username":"asdfg","text":"평범~#~~### 피자는진짜 그냥 피자~~~치즈는 많이 올려주십니다","date":"Mon Dec 10 23:59:44 +0000 2018","retweets":"30","favorites":"20","mentions":[],"hashtags":[],"geo":"","raw":"평범~#~~### 피자는진짜 그냥 피자~~~치즈는 많이 올려주십니다","polarity":{"com":0,"pos":0.32539682541269843,"neg":0.5873015875436508,"neut":0.04761904752380952,"none":0.03968253951984127},"intensity":{"high":0.015873016000000004,"low":0.11904761900000001,"meium":0.8253968255,"none":0.03968253950000001},"expressive":{"dir-action":0,"dir-explicit":0.24603174625000002,"dir-speech":0.5833333334999999,"indirect":0.12301587275,"writing-device":0.0476190475}},{"id":"피치홈-공릉점","permalink":"","username":"asdfg","text":"한 보름전인가 그 때쯤 먹은건데 깜박 잊고 있다가 이제서야 후기쓰네요^^; 고구마피자R +스파게티 세트 먹었구요~ 여기서 고구마피자는 첨 먹어보는건데...솔까 막 엄청 맛있고 그렇진 않구요^^; 그냥 무난해요~ 다른 토핑이 적은 느낌이라 아쉽기도...스파게티는 담겨오는 은박지용기에 한가득이라 좋구요 스파게티는 맛있어요~ 가격대비 무난하고 괜찮은 것 같아요^^","date":"Mon Dec 10 23:59:44 +0000 2018","retweets":"30","favorites":"20","mentions":[],"hashtags":[],"geo":"","raw":"한 보름전인가 그 때쯤 먹은건데 깜박 잊고 있다가 이제서야 후기쓰네요^^; 고구마피자R +스파게티 세트 먹었구요~ 여기서 고구마피자는 첨 먹어보는건데...솔까 막 엄청 맛있고 그렇진 않구요^^; 그냥 무난해요~ 다른 토핑이 적은 느낌이라 아쉽기도...스파게티는 담겨오는 은박지용기에 한가득이라 좋구요 스파게티는 맛있어요~ 가격대비 무난하고 괜찮은 것 같아요^^","polarity":{"com":0.0026293184004206912,"pos":0.35601415825696225,"neg":0.42391168846782584,"neut":0.08864714369418353,"none":0.12879769118060763},"intensity":{"high":0.09038519652,"low":0.20383767079999995,"meium":0.57697944152,"none":0.12879769115999998},"expressive":{"dir-action":0.00363636363970909,"dir-explicit":0.23229335370141652,"dir-speech":0.4896716747608262,"indirect":0.13970549186882356,"writing-device":0.1346931160292245}},{"id":"피치홈-공릉점","permalink":"","username":"asdfg","text":"진짜 겁나맛잇습니다 지금제가24살인데 제가중딩때 시켜먹엇던기억이잇어서 여기를 시켜봣는데 예전보다 더맛잇고 시킬때마다 새로운맛이에요 치킨도 따끈하고 배달분도 너무착하십니다 ㅎㅎ자주애용할게요","date":"Mon Dec 10 23:59:44 +0000 2018","retweets":"30","favorites":"20","mentions":[],"hashtags":[],"geo":"","raw":"진짜 겁나맛잇습니다 지금제가24살인데 제가중딩때 시켜먹엇던기억이잇어서 여기를 시켜봣는데 예전보다 더맛잇고 시킬때마다 새로운맛이에요 치킨도 따끈하고 배달분도 너무착하십니다 ㅎㅎ자주애용할게요","polarity":{"com":0.003835256856777594,"pos":0.595199629609981,"neg":0.18389369293486724,"neut":0.16044713165138597,"none":0.05662428894698815},"intensity":{"high":0.05822835957420135,"low":0.12743944243463998,"meium":0.7574625023217839,"none":0.05686969566937475},"expressive":{"dir-action":0.00045021980948093147,"dir-explicit":0.2868849492107728,"dir-speech":0.44419236124341027,"indirect":0.2114517459322427,"writing-device":0.05702072380409326}},{"id":"피치홈-공릉점","permalink":"","username":"asdfg","text":"맛있어요ㅎㅎㅎㅎㅎㅎ","date":"Mon Dec 10 23:59:44 +0000 2018","retweets":"30","favorites":"20","mentions":[],"hashtags":[],"geo":"","raw":"맛있어요ㅎㅎㅎㅎㅎㅎ","polarity":{"com":0,"pos":0,"neg":1,"neut":0,"none":0},"intensity":{"high":0,"low":0,"meium":1,"none":0},"expressive":{"dir-action":0,"dir-explicit":0,"dir-speech":1,"indirect":0,"writing-device":0}},{"id":"피치홈-공릉점","permalink":"","username":"asdfg","text":"순살치킨은 튀김옷이 좀두껍네요\n그래도 맛나게 잘먹었습니다","date":"Mon Dec 10 23:59:44 +0000 2018","retweets":"30","favorites":"20","mentions":[],"hashtags":[],"geo":"","raw":"순살치킨은 튀김옷이 좀두껍네요\n그래도 맛나게 잘먹었습니다","polarity":{"com":0.011946539252986636,"pos":0.4588173281147043,"neg":0.4702007623675502,"neut":0.04835815076208953,"none":0.010677219502669305},"intensity":{"high":0.1351887800675944,"low":0.12050938106025469,"meium":0.7325232978662617,"none":0.011778541005889272},"expressive":{"dir-action":0.0011013215002753302,"dir-explicit":0.39155893459788976,"dir-speech":0.34918649758729664,"indirect":0.24637470531159367,"writing-device":0.011778541002944636}},{"id":"피치홈-공릉점","permalink":"","username":"asdfg","text":"맛있어요 다음에도 주문해먹을께요","date":"Mon Dec 10 23:59:44 +0000 2018","retweets":"30","favorites":"20","mentions":[],"hashtags":[],"geo":"","raw":"맛있어요 다음에도 주문해먹을께요","polarity":{"com":0.0052995392,"pos":0.2127496158,"neg":0.6695852536,"neut":0.0196313364,"none":0.092734255},"intensity":{"high":0.07875064,"low":0.09052739359999999,"meium":0.7375576038,"none":0.09316436260000001},"expressive":{"dir-action":0.0012903225997419356,"dir-explicit":0.1443830005711234,"dir-speech":0.674480286665104,"indirect":0.08854070658229185,"writing-device":0.09130568358173886}},{"id":"피치홈-공릉점","permalink":"","username":"asdfg","text":"치킨바베큐 피자L 랑 스파게티 주문했어여~^^\n치즈크러스트 추가~~하구여~^^\n가격대비 진짜 맛있어여~^^","date":"Mon Dec 10 23:59:44 +0000 2018","retweets":"30","favorites":"20","mentions":[],"hashtags":[],"geo":"","raw":"치킨바베큐 피자L 랑 스파게티 주문했어여~^^\n치즈크러스트 추가~~하구여~^^\n가격대비 진짜 맛있어여~^^","polarity":{"com":0.00287356325,"pos":0.58045977,"neg":0.35057471275,"neut":0.01724137925,"none":0.04885057475},"intensity":{"high":0.02873563224281609,"low":0.0316091954920977,"meium":0.8879310342780172,"none":0.051724137987068965},"expressive":{"dir-action":0.0028735632507183905,"dir-explicit":0.2902298850725575,"dir-speech":0.353448275838362,"indirect":0.2959770115739942,"writing-device":0.05747126426436781}},{"id":"피치홈-공릉점","permalink":"","username":"asdfg","text":"맛있게 잘먹었어요 ㅎ","date":"Mon Dec 10 23:59:44 +0000 2018","retweets":"30","favorites":"20","mentions":[],"hashtags":[],"geo":"","raw":"맛있게 잘먹었어요 ㅎㅎㅎㅎㅎㅎㅎㅎㅎ","polarity":{"com":0,"pos":0.35714285717857136,"neg":0.6071428573035714,"neut":0.03571428551785714,"none":0},"intensity":{"high":0,"low":0.107142857,"meium":0.8928571430000001,"none":0},"expressive":{"dir-action":0,"dir-explicit":0.107142857,"dir-speech":0.5714285715,"indirect":0.3214285715,"writing-device":0}},{"id":"피치홈-공릉점","permalink":"","username":"asdfg","text":"맛좋고 괜찮습니다 만족합니다","date":"Mon Dec 10 23:59:44 +0000 2018","retweets":"30","favorites":"20","mentions":[],"hashtags":[],"geo":"","raw":"맛좋고 괜찮습니다 만족합니다","polarity":{"com":0,"pos":0.5,"neg":0.5,"neut":0,"none":0},"intensity":{"high":0,"low":0,"meium":1,"none":0},"expressive":{"dir-action":0,"dir-explicit":0.5,"dir-speech":0.5,"indirect":0,"writing-device":0}},{"id":"피치홈-공릉점","permalink":"","username":"asdfg","text":"진짜 치킨을 이렇게 맛없게 튀기는 곳은 난생처음봣네여. 다시는 안먹어여","date":"Mon Dec 10 23:59:44 +0000 2018","retweets":"30","favorites":"20","mentions":[],"hashtags":[],"geo":"","raw":"진짜 치킨을 이렇게 맛없게 튀기는 곳은 난생처음봣네여. 다시는 안먹어여","polarity":{"com":0.03753753759249249,"pos":0.5099313598980137,"neg":0.3393125267321374,"neut":0.07034534538593092,"none":0.042873230391425356},"intensity":{"high":0.15263299019999998,"low":0.0228228228,"meium":0.7816709566,"none":0.042873230400000004},"expressive":{"dir-action":0.0030030030006006005,"dir-explicit":0.33574109826714826,"dir-speech":0.4773541398954708,"indirect":0.12732732722546547,"writing-device":0.05657443161131488}},{"id":"피치홈-공릉점","permalink":"","username":"asdfg","text":"가성비로 짱좋아요ㅎㅎ","date":"Mon Dec 10 23:59:44 +0000 2018","retweets":"30","favorites":"20","mentions":[],"hashtags":[],"geo":"","raw":"가성비로 짱좋아요ㅎㅎ","polarity":{"com":0,"pos":0.550909091,"neg":0.29272727249999997,"neut":0.09090909099999998,"none":0.06545454549999999},"intensity":{"high":0.1454545455,"low":0.110909091,"meium":0.678181818,"none":0.0654545455},"expressive":{"dir-action":0,"dir-explicit":0.3,"dir-speech":0.509090909,"indirect":0.12545454550000001,"writing-device":0.0654545455}},{"id":"피치홈-공릉점","permalink":"","username":"asdfg","text":"배달원도 친절하시구 맛도 생각보다 맛있어유! 피자 도우부분이 바삭하려면 엄청 바삭하거나 부드러우려면 부드럽거나 둘 중 하나만 하면 더 좋을거 같아요!! 그래두 맛있어요 감사합니당","date":"Mon Dec 10 23:59:44 +0000 2018","retweets":"30","favorites":"20","mentions":[],"hashtags":[],"geo":"","raw":"배달원도 친절하시구 맛도 생각보다 맛있어유! 피자 도우부분이 바삭하려면 엄청 바삭하거나 부드러우려면 부드럽거나 둘 중 하나만 하면 더 좋을거 같아요!! 그래두 맛있어요 감사합니당","polarity":{"com":0.0030928876251933046,"pos":0.6205362553512834,"neg":0.2595327480787208,"neut":0.033585610439599095,"none":0.08325249850520328},"intensity":{"high":0.19990153641251227,"low":0.06986898086626638,"meium":0.6454057939818243,"none":0.08482368873939704},"expressive":{"dir-action":0.0018400074376150003,"dir-explicit":0.3808729849613046,"dir-speech":0.40439292402527455,"indirect":0.06488023300405502,"writing-device":0.14801385057175087}},{"id":"피치홈-공릉점","permalink":"","username":"asdfg","text":"저번에 피자+치킨 조합으로 먹어보고 괜찮아서 이번엔 피자+스파게티 조합으로 먹었는데요~ 가격대비 무난하고 괜찮은거 같아요^^ 불고기피자로 먹었는데 막 맛이 쩐다 죽인다 정도는 솔직히 아니지만^^; 그냥 기본맛에 충실하달까요 미식가 아니고 그냥 저처럼 배고픈 청춘이면 오케이^^; 스파게티도 기본맛인데 맛있어서 괜찮았어요^^ 할인타임 행사 이런게 자주 생김 한번에 치킨 피자 스파게티 몽땅 시켜보고 싶네요^^ 저렴하고 무난한거 찾으시면 괜찮은 곳 같아요^^ 이번 배달 올 때 피자가 좀 몰려서 찌그러져왔지만 배달원분이 친절해서 괜츈^^","date":"Mon Dec 10 23:59:44 +0000 2018","retweets":"30","favorites":"20","mentions":[],"hashtags":[],"geo":"","raw":"저번에 피자+치킨 조합으로 먹어보고 괜찮아서 이번엔 피자+스파게티 조합으로 먹었는데요~ 가격대비 무난하고 괜찮은거 같아요^^ 불고기피자로 먹었는데 막 맛이 쩐다 죽인다 정도는 솔직히 아니지만^^; 그냥 기본맛에 충실하달까요 미식가 아니고 그냥 저처럼 배고픈 청춘이면 오케이^^; 스파게티도 기본맛인데 맛있어서 괜찮았어요^^ 할인타임 행사 이런게 자주 생김 한번에 치킨 피자 스파게티 몽땅 시켜보고 싶네요^^ 저렴하고 무난한거 찾으시면 괜찮은 곳 같아요^^ 이번 배달 올 때 피자가 좀 몰려서 찌그러져왔지만 배달원분이 친절해서 괜츈^^","polarity":{"com":0.01063119099878501,"pos":0.4583981583476116,"neg":0.436045791464452,"neut":0.05945212907891978,"none":0.0354727301102317},"intensity":{"high":0.07097926174691309,"low":0.13961757637940678,"meium":0.7534022203573373,"none":0.036000941516342914},"expressive":{"dir-action":0.0003959972,"dir-explicit":0.31465375448571437,"dir-speech":0.5030987393714285,"indirect":0.10011936102857143,"writing-device":0.08173214791428572}},{"id":"피치홈-공릉점","permalink":"","username":"asdfg","text":"맛있어여 ㅠㅠㅠ 솔직히 피자는 별로...ㅎㅎ;;","date":"Mon Dec 10 23:59:44 +0000 2018","retweets":"30","favorites":"20","mentions":[],"hashtags":[],"geo":"","raw":"맛있어여 ㅠㅠㅠ 솔직히 피자는 별로...ㅎㅎ;;","polarity":{"com":0,"pos":0.3174603173174603,"neg":0.5079365085079365,"neut":0.09523809509523809,"none":0.07936507907936508},"intensity":{"high":0.031746032,"low":0.238095238,"meium":0.650793651,"none":0.079365079},"expressive":{"dir-action":0,"dir-explicit":0.158730159,"dir-speech":0.666666667,"indirect":0.079365079,"writing-device":0.095238095}},{"id":"피치홈-공릉점","permalink":"","username":"asdfg","text":"맛있,매번.돈없을때 여기서.시켜먹음","date":"Mon Dec 10 23:59:44 +0000 2018","retweets":"30","favorites":"20","mentions":[],"hashtags":[],"geo":"","raw":"맛있,매번.돈없을때 여기서.시켜먹음","polarity":{"com":0,"pos":0.39898989886700337,"neg":0.5101010101632996,"neut":0.09090909096969696,"none":0},"intensity":{"high":0.06734006733333332,"low":0.164983165,"meium":0.7676767676666666,"none":0},"expressive":{"dir-action":0,"dir-explicit":0.13468013466666665,"dir-speech":0.6986531986666668,"indirect":0.16666666666666666,"writing-device":0}},{"id":"피치홈-공릉점","permalink":"","username":"asdfg","text":"배달시간에 정확히 맞추어주셨어요! 양도많고 친절해요!","date":"Mon Dec 10 23:59:44 +0000 2018","retweets":"30","favorites":"20","mentions":[],"hashtags":[],"geo":"","raw":"배달시간에 정확히 맞추어주셨어요! 양도많고 친절해요!","polarity":{"com":0.00483870975,"pos":0.476858345,"neg":0.47947639075000004,"neut":0.03183730725,"none":0.00698924725},"intensity":{"high":0.1001636277750409,"low":0.083380084020845,"meium":0.8089294064522323,"none":0.007526881751881718},"expressive":{"dir-action":0.0016129032504032257,"dir-explicit":0.45892940636473234,"dir-speech":0.3780037400945009,"indirect":0.15446470303861617,"writing-device":0.006989247251747312}},{"id":"피치홈-공릉점","permalink":"","username":"asdfg","text":"잘먹었어요 피자치킨 먹고플때 좋아요","date":"Mon Dec 10 23:59:44 +0000 2018","retweets":"30","favorites":"20","mentions":[],"hashtags":[],"geo":"","raw":"잘먹었어요 피자치킨 먹고플때 좋아요","polarity":{"com":0,"pos":0.538961039,"neg":0.28896103900000003,"neut":0.17207792200000002,"none":0},"intensity":{"high":0.0454545455,"low":0.24350649349999998,"meium":0.7110389610000001,"none":0},"expressive":{"dir-action":0,"dir-explicit":0.19805194799999998,"dir-speech":0.4805194805,"indirect":0.3214285715,"writing-device":0}},{"id":"피치홈-공릉점","permalink":"","username":"asdfg","text":"음 갈릭소스가예상보다별로였고 피자는그냥피자스쿨맛.. 치킨은 너무작앗어요 ...  전체적으로 솔직하게말하자면 그냥 그저그런맛이였어요 그래도 배달원은친절하셔서 좋앗어여","date":"Mon Dec 10 23:59:44 +0000 2018","retweets":"30","favorites":"20","mentions":[],"hashtags":[],"geo":"","raw":"음 갈릭소스가예상보다별로였고 피자는그냥피자스쿨맛.. 치킨은 너무작앗어요 ...  전체적으로 솔직하게말하자면 그냥 그저그런맛이였어요 그래도 배달원은친절하셔서 좋앗어여","polarity":{"com":0.007832175417972029,"pos":0.562266196843711,"neg":0.33713804705618966,"neut":0.04615843492435974,"none":0.04660514575776753},"intensity":{"high":0.0875394551052182,"low":0.08362017518757171,"meium":0.7813119647786613,"none":0.04752840492854877},"expressive":{"dir-action":0.0005376344166666666,"dir-explicit":0.15520302033333333,"dir-speech":0.5315693794999999,"indirect":0.26312808174999996,"writing-device":0.049561883999999994}},{"id":"피치홈-공릉점","permalink":"","username":"asdfg","text":"결론부터 말하면 가격대비 괜찮은 피자치킨집 같아요^^\n첨 여기 주문해보는거라 걱정반 기대반였는데 일단 치킨 크기가 다른 프랜차이즈 치킨보다 작단 느낌없이 의외로 맛있고 바삭하고 괜찮았어요^^ 뭔가 정통 후라이드 맛이랄까요 ㅎㅎ 피자는 그냥 평범한 듯 하구요~\n주문요청에 치킨 피자 바삭하게 요청드렸더니 치킨과 피자 도우 진짜 둘 다 바삭하게와서 넘 좋았습니다^^ 배달도 빨리 온 편이구요~앞으로 여기 계속 시킬 것 같아요^^치킨 피자 둘 다 땡길 때,기본에 충실한 맛이 그리울 때,저렴한 가격으로 다 누릴 수 있는 곳인거 같아 좋네용!","date":"Mon Dec 10 23:59:44 +0000 2018","retweets":"30","favorites":"20","mentions":[],"hashtags":[],"geo":"","raw":"결론부터 말하면 가격대비 괜찮은 피자치킨집 같아요^^\n첨 여기 주문해보는거라 걱정반 기대반였는데 일단 치킨 크기가 다른 프랜차이즈 치킨보다 작단 느낌없이 의외로 맛있고 바삭하고 괜찮았어요^^ 뭔가 정통 후라이드 맛이랄까요 ㅎㅎ 피자는 그냥 평범한 듯 하구요~\n주문요청에 치킨 피자 바삭하게 요청드렸더니 치킨과 피자 도우 진짜 둘 다 바삭하게와서 넘 좋았습니다^^ 배달도 빨리 온 편이구요~앞으로 여기 계속 시킬 것 같아요^^치킨 피자 둘 다 땡길 때,기본에 충실한 맛이 그리울 때,저렴한 가격으로 다 누릴 수 있는 곳인거 같아 좋네용!","polarity":{"com":0.006401827825808615,"pos":0.5231800483468183,"neg":0.25057657957606183,"neut":0.14158324651558335,"none":0.07825829773572789},"intensity":{"high":0.06590298738270832,"low":0.09362368511822301,"meium":0.7611034960094213,"none":0.07936983148964744},"expressive":{"dir-action":0.001205035391330544,"dir-explicit":0.2354246006138136,"dir-speech":0.41104097450893573,"indirect":0.24529992396185435,"writing-device":0.10702946552406588}},{"id":"피치홈-공릉점","permalink":"","username":"asdfg","text":"기대 이상으로 맛있게 잘 먹었습니다^^","date":"Mon Dec 10 23:59:44 +0000 2018","retweets":"30","favorites":"20","mentions":[],"hashtags":[],"geo":"","raw":"기대 이상으로 맛있게 잘 먹었습니다^^","polarity":{"com":0,"pos":0.5714285715238094,"neg":0.40476190480158736,"neut":0.023809523674603175,"none":0},"intensity":{"high":0.041666666666666664,"low":0.07142857133333333,"meium":0.886904762,"none":0},"expressive":{"dir-action":0,"dir-explicit":0.3214285713333333,"dir-speech":0.380952381,"indirect":0.29761904766666664,"writing-device":0}},{"id":"피치홈-공릉점","permalink":"","username":"asdfg","text":"ㄴㅓ무 맛있어서 먹다가 찍었어욤","date":"Mon Dec 10 23:59:44 +0000 2018","retweets":"30","favorites":"20","mentions":[],"hashtags":[],"geo":"","raw":"ㄴㅓ무 맛있어서 먹다가 찍었어욤","polarity":{"com":0,"pos":0.1666666665,"neg":0.8333333334999999,"neut":0,"none":0},"intensity":{"high":0.0555555555,"low":0.111111111,"meium":0.8333333334999999,"none":0},"expressive":{"dir-action":0,"dir-explicit":0.111111111,"dir-speech":0.888888889,"indirect":0,"writing-device":0}},{"id":"피치홈-공릉점","permalink":"","username":"asdfg","text":"바베큐치킨 피자에 치즈크러스트추가/스파게티 저렴한 가격에 너무 맛있어여♡♡♡♡","date":"Mon Dec 10 23:59:44 +0000 2018","retweets":"30","favorites":"20","mentions":[],"hashtags":[],"geo":"","raw":"바베큐치킨 피자에 치즈크러스트추가/스파게티 저렴한 가격에 너무 맛있어여♡♡♡♡","polarity":{"com":0.055627055666666654,"pos":0.5851565853333333,"neg":0.34019733999999996,"neut":0.011011011,"none":0.008008007999999999},"intensity":{"high":0.08565708566666667,"low":0.07564707566666666,"meium":0.8296868296666666,"none":0.009009009},"expressive":{"dir-action":0.001001001,"dir-explicit":0.2945802943333333,"dir-speech":0.12526812533333334,"indirect":0.5701415703333333,"writing-device":0.009009009}},{"id":"피치홈-공릉점","permalink":"","username":"asdfg","text":"피자치킨 잘먹었습니다 맛있어요","date":"Mon Dec 10 23:59:44 +0000 2018","retweets":"30","favorites":"20","mentions":[],"hashtags":[],"geo":"","raw":"피자치킨 잘먹었습니다 맛있어요","polarity":{"com":0,"pos":0.35714285717857136,"neg":0.6071428573035714,"neut":0.03571428551785714,"none":0},"intensity":{"high":0,"low":0.107142857,"meium":0.8928571430000001,"none":0},"expressive":{"dir-action":0,"dir-explicit":0.107142857,"dir-speech":0.5714285715,"indirect":0.3214285715,"writing-device":0}},{"id":"피치홈-공릉점","permalink":"","username":"asdfg","text":"신랑이 감자를 좋아해서 시켰는데\n아들도 신랑도 좋아하구 저두 맛나게 잘 먹었네요~~👍\n식지않고 따뜻한 피자 굿굿!","date":"Mon Dec 10 23:59:44 +0000 2018","retweets":"30","favorites":"20","mentions":[],"hashtags":[],"geo":"","raw":"신랑이 감자를 좋아해서 시켰는데\n아들도 신랑도 좋아하구 저두 맛나게 잘 먹었네요~~👍\n식지않고 따뜻한 피자 굿굿!","polarity":{"com":0.010320731002580182,"pos":0.4924884156231221,"neg":0.41432449610358113,"neut":0.02730074988182519,"none":0.0555656073888914},"intensity":{"high":0.1727927471465991,"low":0.07271864075908982,"meium":0.6983723439622965,"none":0.056116268132014535},"expressive":{"dir-action":0.0021430174994642457,"dir-explicit":0.1511251718372187,"dir-speech":0.26532024505866997,"indirect":0.525391976243652,"writing-device":0.056019589360995097}},{"id":"피치홈-공릉점","permalink":"","username":"asdfg","text":"치킨에 간도 안됐고ㆍ\n피자 도너는 넘 맛이 없음\n\n왠만하면 댓글 안님기는데ㅡㅡ","date":"Mon Dec 10 23:59:44 +0000 2018","retweets":"30","favorites":"20","mentions":[],"hashtags":[],"geo":"","raw":"치킨에 간도 안됐고ㆍ\n피자 도너는 넘 맛이 없음\n\n왠만하면 댓글 안님기는데ㅡㅡ","polarity":{"com":0,"pos":0.4722222222453704,"neg":0.4722222222453704,"neut":0.05555555550925926,"none":0},"intensity":{"high":0.25,"low":0.11111111116666667,"meium":0.6388888888333334,"none":0},"expressive":{"dir-action":0.08333333333333333,"dir-explicit":0.16666666666666666,"dir-speech":0.5277777778333334,"indirect":0.22222222216666668,"writing-device":0}},{"id":"피치홈-공릉점","permalink":"","username":"asdfg","text":"항상 맛있구 항상 가격대비 푸짐해여~^^\n바베큐 치킨피자 너무 맛있어여~^^\n스파게티두 맛나구여~^^","date":"Mon Dec 10 23:59:44 +0000 2018","retweets":"30","favorites":"20","mentions":[],"hashtags":[],"geo":"","raw":"항상 맛있구 항상 가격대비 푸짐해여~^^\n바베큐 치킨피자 너무 맛있어여~^^\n스파게티두 맛나구여~^^","polarity":{"com":0.03244239639999999,"pos":0.7317972349999999,"neg":0.21339477719999997,"neut":0.016774193599999997,"none":0.005591397799999999},"intensity":{"high":0.056528417799999994,"low":0.051797235,"meium":0.8856528418,"none":0.0060215054},"expressive":{"dir-action":0.0012903226,"dir-explicit":0.5770814132,"dir-speech":0.3160675884,"indirect":0.099969278,"writing-device":0.0055913978}},{"id":"피치홈-공릉점","permalink":"","username":"asdfg","text":"맛잇게 잘먹엇어요ㅎㅎ치킨도 깨끗하고\n피자는. 두번다만족 맛있어요ㅎㅎ","date":"Mon Dec 10 23:59:44 +0000 2018","retweets":"30","favorites":"20","mentions":[],"hashtags":[],"geo":"","raw":"맛잇게 잘먹엇어요ㅎㅎ치킨도 깨끗하고\n피자는. 두번다만족 맛있어요ㅎㅎ","polarity":{"com":0.0014285714002857143,"pos":0.3563492062712698,"neg":0.4923015874984603,"neut":0.046904761809380954,"none":0.1030158730206032},"intensity":{"high":0.109920635,"low":0.0704761904,"meium":0.7165873016,"none":0.10301587300000001},"expressive":{"dir-action":0,"dir-explicit":0.3188888889362222,"dir-speech":0.5183333332963332,"indirect":0.05801587298839681,"writing-device":0.10476190477904761}},{"id":"피치홈-공릉점","permalink":"","username":"asdfg","text":"피자나 치킨  맜있게 먹었습니다","date":"Mon Dec 10 23:59:44 +0000 2018","retweets":"30","favorites":"20","mentions":[],"hashtags":[],"geo":"","raw":"피자나 치킨  맜있게 먹었습니다","polarity":{"com":0,"pos":0.5416666665000001,"neg":0.3333333335,"neut":0.125,"none":0},"intensity":{"high":0.0555555555,"low":0.23611111099999998,"meium":0.7083333334999999,"none":0},"expressive":{"dir-action":0,"dir-explicit":0.23611111099999998,"dir-speech":0.513888889,"indirect":0.25,"writing-device":0}},{"id":"피치홈-공릉점","permalink":"","username":"asdfg","text":"너무 맛있게 잘먹었습니다!~~ 피자가 조금 식어서 와서 아쉬웠어요ㅠㅠ","date":"Mon Dec 10 23:59:44 +0000 2018","retweets":"30","favorites":"20","mentions":[],"hashtags":[],"geo":"","raw":"너무 맛있게 잘먹었습니다!~~ 피자가 조금 식어서 와서 아쉬웠어요ㅠㅠ","polarity":{"com":0.02678571433779762,"pos":0.29464285721577377,"neg":0.5654761904275794,"neut":0.1086309523514385,"none":0.0044642856674107145},"intensity":{"high":0.2172619048333333,"low":0.07738095233333332,"meium":0.6994047618333332,"none":0.005952380999999999},"expressive":{"dir-action":0,"dir-explicit":0.19345238083333338,"dir-speech":0.2068452381666667,"indirect":0.5952380953333334,"writing-device":0.004464285666666667}},{"id":"피치홈-공릉점","permalink":"","username":"asdfg","text":"잘먹었습니다 비오는데 오시느라 고생하셨습니다 다음에는   날씨좋은날에 시키겠습니다  수고하세요","date":"Mon Dec 10 23:59:44 +0000 2018","retweets":"30","favorites":"20","mentions":[],"hashtags":[],"geo":"","raw":"잘먹었습니다 비오는데 오시느라 고생하셨습니다 다음에는   날씨좋은날에 시키겠습니다  수고하세요","polarity":{"com":0.07695852545055958,"pos":0.4262862994075104,"neg":0.4239426524068407,"neut":0.04777265744222075,"none":0.025039865292868533},"intensity":{"high":0.073045132,"low":0.10351985942857143,"meium":0.7977807038571428,"none":0.025654304714285713},"expressive":{"dir-action":0.001843318,"dir-explicit":0.3001389804285714,"dir-speech":0.4426815888571429,"indirect":0.22802867371428573,"writing-device":0.027307438999999996}},{"id":"피치홈-공릉점","permalink":"","username":"asdfg","text":"배달이 시간보다 빨리와서 좋아요~","date":"Mon Dec 10 23:59:44 +0000 2018","retweets":"30","favorites":"20","mentions":[],"hashtags":[],"geo":"","raw":"배달이 시간보다 빨리와서 좋아요~","polarity":{"com":0,"pos":0.6675,"neg":0.3225,"neut":0,"none":0.01},"intensity":{"high":0.1125,"low":0.01,"meium":0.8674999999999999,"none":0.01},"expressive":{"dir-action":0,"dir-explicit":0.3375,"dir-speech":0.425,"indirect":0.2275,"writing-device":0.01}},{"id":"피치홈-공릉점","permalink":"","username":"asdfg","text":"잘 먹었습니다 ^^","date":"Mon Dec 10 23:59:44 +0000 2018","retweets":"30","favorites":"20","mentions":[],"hashtags":[],"geo":"","raw":"잘 먹었습니다 ^^","polarity":{"com":0,"pos":0.7142857147142857,"neg":0.21428571421428572,"neut":0.07142857107142857,"none":0},"intensity":{"high":0,"low":0.214285714,"meium":0.785714286,"none":0},"expressive":{"dir-action":0,"dir-explicit":0.214285714,"dir-speech":0.142857143,"indirect":0.642857143,"writing-device":0}},{"id":"피치홈-공릉점","permalink":"","username":"asdfg","text":"🤗🤗🤗🤗🤗","date":"Mon Dec 10 23:59:44 +0000 2018","retweets":"30","favorites":"20","mentions":[],"hashtags":[],"geo":"","raw":"🤗🤗🤗🤗🤗","polarity":{"com":null,"pos":null,"neg":null,"neut":null,"none":null},"intensity":{"high":null,"low":null,"meium":null,"none":null},"expressive":{"dir-action":null,"dir-explicit":null,"dir-speech":null,"indirect":null,"writing-device":null}},{"id":"피치홈-공릉점","permalink":"","username":"asdfg","text":"항상 시켜먹는데 맛있습니다","date":"Mon Dec 10 23:59:44 +0000 2018","retweets":"30","favorites":"20","mentions":[],"hashtags":[],"geo":"","raw":"항상 시켜먹는데 맛있습니다","polarity":{"com":0,"pos":0.44444444433333335,"neg":0.5555555556666666,"neut":0,"none":0},"intensity":{"high":0.037037037,"low":0.074074074,"meium":0.888888889,"none":0},"expressive":{"dir-action":0,"dir-explicit":0.24074074066666665,"dir-speech":0.7592592593333333,"indirect":0,"writing-device":0}},{"id":"피치홈-공릉점","permalink":"","username":"asdfg","text":"기대 안했었는데...\n기대이상으로 피자 맛있어요.","date":"Mon Dec 10 23:59:44 +0000 2018","retweets":"30","favorites":"20","mentions":[],"hashtags":[],"geo":"","raw":"기대 안했었는데...\n기대이상으로 피자 맛있어요.","polarity":{"com":0.00483870975,"pos":0.6290322580000001,"neg":0.33817204300000003,"neut":0.020967742,"none":0.00698924725},"intensity":{"high":0.0974462365,"low":0.029032258,"meium":0.86599462375,"none":0.00752688175},"expressive":{"dir-action":0.00161290325,"dir-explicit":0.45349462375,"dir-speech":0.323655914,"indirect":0.21424731175,"writing-device":0.00698924725}},{"id":"피치홈-공릉점","permalink":"","username":"asdfg","text":"배달 완전빠르고 맛있어요! 근데 좀 식어서 와서 아쉬웠어요ㅠ 다음에도 시켜먹을게요~","date":"Mon Dec 10 23:59:44 +0000 2018","retweets":"30","favorites":"20","mentions":[],"hashtags":[],"geo":"","raw":"배달 완전빠르고 맛있어요! 근데 좀 식어서 와서 아쉬웠어요ㅠ 다음에도 시켜먹을게요~","polarity":{"com":0.000793650777777778,"pos":0.4497354496666667,"neg":0.4439153440000001,"neut":0.057142857111111126,"none":0.04841269844444446},"intensity":{"high":0.028218694888888896,"low":0.07442680766666668,"meium":0.8489417990000001,"none":0.04841269844444446},"expressive":{"dir-action":0,"dir-explicit":0.0897707231011366,"dir-speech":0.5753086419360769,"indirect":0.287301587301411,"writing-device":0.047619047661375674}},{"id":"피치홈-공릉점","permalink":"","username":"asdfg","text":"피자. 치킨. 둘다맛있어요~","date":"Mon Dec 10 23:59:44 +0000 2018","retweets":"30","favorites":"20","mentions":[],"hashtags":[],"geo":"","raw":"피자. 치킨. 둘다맛있어요~","polarity":{"com":0,"pos":0.714285714,"neg":0,"neut":0,"none":0.285714286},"intensity":{"high":0.28571428571428575,"low":0,"meium":0.42857142857142866,"none":0.28571428571428575},"expressive":{"dir-action":0,"dir-explicit":0.42857142857142866,"dir-speech":0.28571428571428575,"indirect":0,"writing-device":0.28571428571428575}},{"id":"피치홈-공릉점","permalink":"","username":"asdfg","text":"처음시켜먹엇는데 맛잇네요\n처음에 치즈만 보이길래 불고기는 어딧지..햇는데\n치즈가 많아서 파묻혀잇던거엿어욬ㅋㅋㅋ\n불고기도 많고 치즈도 많고 너무좋아요\n가격대비짱짱맨이예요ㅠㅠ\n배달도 빠르구\n다음에 또 봐용","date":"Mon Dec 10 23:59:44 +0000 2018","retweets":"30","favorites":"20","mentions":[],"hashtags":[],"geo":"","raw":"처음시켜먹엇는데 맛잇네요\n처음에 치즈만 보이길래 불고기는 어딧지..햇는데\n치즈가 많아서 파묻혀잇던거엿어욬ㅋㅋㅋ\n불고기도 많고 치즈도 많고 너무좋아요\n가격대비짱짱맨이예요ㅠㅠ\n배달도 빠르구\n다음에 또 봐용","polarity":{"com":0.024365342050066803,"pos":0.500183775842086,"neg":0.39824129290544824,"neut":0.013458256840688602,"none":0.06375133236171038},"intensity":{"high":0.055029900681314206,"low":0.07411242778557305,"meium":0.8065013784838683,"none":0.0643562930492444},"expressive":{"dir-action":0.0006049606841786862,"dir-explicit":0.2865838531428114,"dir-speech":0.4370790906085747,"indirect":0.17446388114871242,"writing-device":0.10126821441572273}},{"id":"피치홈-공릉점","permalink":"","username":"asdfg","text":"잘먹었어요 항상 맛있게먹어요","date":"Mon Dec 10 23:59:44 +0000 2018","retweets":"30","favorites":"20","mentions":[],"hashtags":[],"geo":"","raw":"잘먹었어요 항상 맛있게먹어요","polarity":{"com":0,"pos":0.6825396825608465,"neg":0.2936507937645503,"neut":0.023809523674603175,"none":0},"intensity":{"high":0.037037037,"low":0.14550264533333332,"meium":0.8174603176666667,"none":0},"expressive":{"dir-action":0,"dir-explicit":0.312169312,"dir-speech":0.47354497366666665,"indirect":0.21428571433333332,"writing-device":0}},{"id":"피치홈-공릉점","permalink":"","username":"asdfg","text":"방금 주문한건대 치즈 크러스터로했는데 그냥이왔네요..앱으로 주문한거라 번호도 모르고.. 참어이가...","date":"Mon Dec 10 23:59:44 +0000 2018","retweets":"30","favorites":"20","mentions":[],"hashtags":[],"geo":"","raw":"방금 주문한건대 치즈 크러스터로했는데 그냥이왔네요..앱으로 주문한거라 번호도 모르고.. 참어이가...","polarity":{"com":0.0029351396,"pos":0.5232553366,"neg":0.34665845650000005,"neut":0.074932266,"none":0.05221880129999999},"intensity":{"high":0.12756568148724343,"low":0.0633579638936642,"meium":0.7548152708245185,"none":0.05426108379457389},"expressive":{"dir-action":0.0011494253001149426,"dir-explicit":0.37359195403735923,"dir-speech":0.3226293103322629,"indirect":0.24696223322469624,"writing-device":0.055667077105566704}},{"id":"피치홈-공릉점","permalink":"","username":"asdfg","text":"맛있다 느으으ㅏ아아악","date":"Mon Dec 10 23:59:44 +0000 2018","retweets":"30","favorites":"20","mentions":[],"hashtags":[],"geo":"","raw":"맛있다 느으으ㅏ아아악","polarity":{"com":0,"pos":0,"neg":1,"neut":0,"none":0},"intensity":{"high":0,"low":0,"meium":1,"none":0},"expressive":{"dir-action":0,"dir-explicit":0,"dir-speech":1,"indirect":0,"writing-device":0}},{"id":"피치홈-공릉점","permalink":"","username":"asdfg","text":"정말정말 많이 잘먹었어요~~~~","date":"Mon Dec 10 23:59:44 +0000 2018","retweets":"30","favorites":"20","mentions":[],"hashtags":[],"geo":"","raw":"정말정말 많이 잘먹었어요~~~~","polarity":{"com":0,"pos":0.472222222,"neg":0.4074074076666666,"neut":0.037037036999999995,"none":0.08333333333333331},"intensity":{"high":0.20370370366666668,"low":0.2592592593333333,"meium":0.4537037036666667,"none":0.08333333333333333},"expressive":{"dir-action":0,"dir-explicit":0.31481481466666666,"dir-speech":0.527777778,"indirect":0.074074074,"writing-device":0.08333333333333333}},{"id":"피치홈-공릉점","permalink":"","username":"asdfg","text":"피자는 맛있었고 치킨은 그냥 중간? 하지만 가격에비하면 엄청 좋네요 추천합니다 ㅎㅎ","date":"Mon Dec 10 23:59:44 +0000 2018","retweets":"30","favorites":"20","mentions":[],"hashtags":[],"geo":"","raw":"피자는 맛있었고 치킨은 그냥 중간? 하지만 가격에비하면 엄청 좋네요 추천합니다 ㅎㅎ","polarity":{"com":0.0033898306006779665,"pos":0.7186785041437357,"neg":0.22145170844429035,"neut":0.025827280005165452,"none":0.030652676806130538},"intensity":{"high":0.16668818943333766,"low":0.08273769161654752,"meium":0.7199214421439843,"none":0.030652676806130538},"expressive":{"dir-action":0,"dir-explicit":0.20598332,"dir-speech":0.2851977402,"indirect":0.4749916598,"writing-device":0.03382728}},{"id":"피치홈-공릉점","permalink":"","username":"asdfg","text":"양과 맛 둘이서 먹기에 충분했네요^^","date":"Mon Dec 10 23:59:44 +0000 2018","retweets":"30","favorites":"20","mentions":[],"hashtags":[],"geo":"","raw":"양과 맛 둘이서 먹기에 충분했네요^^","polarity":{"com":0.01732463550433116,"pos":0.46049361811512346,"neg":0.4883372868720844,"neut":0.03164181625791045,"none":0.002202643250550661},"intensity":{"high":0.07344026501836007,"low":0.12705674153176416,"meium":0.7961990286990497,"none":0.0033039647508259907},"expressive":{"dir-action":0.0011013215002753302,"dir-explicit":0.4763874768690968,"dir-speech":0.34244512233561125,"indirect":0.17676211454419052,"writing-device":0.0033039647508259907}},{"id":"피치홈-공릉점","permalink":"","username":"asdfg","text":"맛있는데 양이 좀 아쉽네요.","date":"Mon Dec 10 23:59:44 +0000 2018","retweets":"30","favorites":"20","mentions":[],"hashtags":[],"geo":"","raw":"맛있는데 양이 좀 아쉽네요.","polarity":{"com":0,"pos":0.5,"neg":0.5,"neut":0,"none":0},"intensity":{"high":0,"low":0,"meium":1,"none":0},"expressive":{"dir-action":0,"dir-explicit":0.2,"dir-speech":0.8,"indirect":0,"writing-device":0}},{"id":"피치홈-공릉점","permalink":"","username":"asdfg","text":"이 가격에 이정도 양은 진짜 대박임...👍🏻","date":"Mon Dec 10 23:59:44 +0000 2018","retweets":"30","favorites":"20","mentions":[],"hashtags":[],"geo":"","raw":"이 가격에 이정도 양은 진짜 대박임...👍🏻","polarity":{"com":0.0035714285,"pos":0.607142857,"neg":0.1642857145,"neut":0.007142857,"none":0.217857143},"intensity":{"high":0.0714285715,"low":0.057142857,"meium":0.6535714285,"none":0.217857143},"expressive":{"dir-action":0,"dir-explicit":0.09285714295357143,"dir-speech":0.149999999925,"indirect":0.5428571427285714,"writing-device":0.21428571439285712}},{"id":"피치홈-공릉점","permalink":"","username":"asdfg","text":"맛있게 잘먹었어요 ㅎ","date":"Mon Dec 10 23:59:44 +0000 2018","retweets":"30","favorites":"20","mentions":[],"hashtags":[],"geo":"","raw":"맛있게 잘먹었어요 ㅎㅎㅎㅎㅎㅎㅎㅎㅎ","polarity":{"com":0,"pos":0.35714285717857136,"neg":0.6071428573035714,"neut":0.03571428551785714,"none":0},"intensity":{"high":0,"low":0.107142857,"meium":0.8928571430000001,"none":0},"expressive":{"dir-action":0,"dir-explicit":0.107142857,"dir-speech":0.5714285715,"indirect":0.3214285715,"writing-device":0}},{"id":"피치홈-공릉점","permalink":"","username":"asdfg","text":"피자치킨세트 너무 잘나와서좋아요 양념치킨 양념 많이줘서 너무 맛있게먹었어요","date":"Mon Dec 10 23:59:44 +0000 2018","retweets":"30","favorites":"20","mentions":[],"hashtags":[],"geo":"","raw":"피자치킨세트 너무 잘나와서좋아요 양념치킨 양념 많이줘서 너무 맛있게먹었어요","polarity":{"com":0.059523809500000004,"pos":0.3953968253333334,"neg":0.51989418,"neut":0.0185185185,"none":0.006666666666666668},"intensity":{"high":0.09947089949999999,"low":0.2077248678333333,"meium":0.686137566,"none":0.006666666666666666},"expressive":{"dir-action":0.011904761835317459,"dir-explicit":0.41216931206869495,"dir-speech":0.4460317462410053,"indirect":0.12322751318720457,"writing-device":0.006666666667777778}},{"id":"피치홈-공릉점","permalink":"","username":"asdfg","text":"배달시간보다 빨리 도착하여 잘 먹었어요^^*","date":"Mon Dec 10 23:59:44 +0000 2018","retweets":"30","favorites":"20","mentions":[],"hashtags":[],"geo":"","raw":"배달시간보다 빨리 도착하여 잘 먹었어요^^*","polarity":{"com":0.004838709751209677,"pos":0.6826036866706509,"neg":0.2667434715666858,"neut":0.03882488475970621,"none":0.006989247251747312},"intensity":{"high":0.0349462365,"low":0.0826036865,"meium":0.8749231952500001,"none":0.00752688175},"expressive":{"dir-action":0.00161290325,"dir-explicit":0.25706605225,"dir-speech":0.35937019975,"indirect":0.3749615975,"writing-device":0.00698924725}},{"id":"피치홈-공릉점","permalink":"","username":"asdfg","text":"어디서 시킬지 고민하다가 여기서 처음 시켜봤는데 가성비 장난 아니네요 ㅎㅎ 치킨도 맛있고 핫치킨 피자가 매콤하고 제 입에 딱이네요. 완전 빠져서 앞으로 계속 먹을 듯.. 생각보다 배달도 금방와서 따뜻하게 먹을 수 있었어요. 잘 먹었습니다~ 사진은 먹느라 바빠서 못 찍었어요 ㅋㅋㅋㅋ","date":"Mon Dec 10 23:59:44 +0000 2018","retweets":"30","favorites":"20","mentions":[],"hashtags":[],"geo":"","raw":"어디서 시킬지 고민하다가 여기서 처음 시켜봤는데 가성비 장난 아니네요 ㅎㅎ 치킨도 맛있고 핫치킨 피자가 매콤하고 제 입에 딱이네요. 완전 빠져서 앞으로 계속 먹을 듯.. 생각보다 배달도 금방와서 따뜻하게 먹을 수 있었어요. 잘 먹었습니다~ 사진은 먹느라 바빠서 못 찍었어요 ㅋㅋㅋㅋ","polarity":{"com":0.02192361268087694,"pos":0.4379163540975166,"neg":0.3965624975358625,"neut":0.0562303698022492,"none":0.08736716588349468},"intensity":{"high":0.09466404676,"low":0.07977708032000001,"meium":0.73771444404,"none":0.08784442887999998},"expressive":{"dir-action":0.04012012011518558,"dir-explicit":0.1510975345018683,"dir-speech":0.3956814832325182,"indirect":0.31844831004178614,"writing-device":0.09465255210864168}},{"id":"피치홈-공릉점","permalink":"","username":"asdfg","text":"배달도 좀 오래걸렸구 갈릭소스가 터져서 왔네용ㅠㅠ 그치만 치킨이랑 피자는 진짜 꿀맛입니다!!!!!!","date":"Mon Dec 10 23:59:44 +0000 2018","retweets":"30","favorites":"20","mentions":[],"hashtags":[],"geo":"","raw":"배달도 좀 오래걸렸구 갈릭소스가 터져서 왔네용ㅠㅠ 그치만 치킨이랑 피자는 진짜 꿀맛입니다!!!!!!","polarity":{"com":0.005091620001272905,"pos":0.5188031943797009,"neg":0.32291666670572916,"neut":0.05765471251441368,"none":0.09553380639888347},"intensity":{"high":0.08852371088606546,"low":0.0776345793847043,"meium":0.737191831842149,"none":0.09664987788708124},"expressive":{"dir-action":0,"dir-explicit":0.2514214340935723,"dir-speech":0.43334534132083186,"indirect":0.21846943909769131,"writing-device":0.09676378548790453}},{"id":"피치홈-공릉점","permalink":"","username":"asdfg","text":"치킨은 너무 닭강정 느낌이 났구 소스를 너무 심하게 많이주셔서 다 새가지고 휴지 한통 다썼네요..소스가 반이나 차있는 치킨은 첨봤어요..먹을만은 했지만 개고생했어요 ㅡㅡ치우기 넘 힘들어요","date":"Mon Dec 10 23:59:44 +0000 2018","retweets":"30","favorites":"20","mentions":[],"hashtags":[],"geo":"","raw":"치킨은 너무 닭강정 느낌이 났구 소스를 너무 심하게 많이주셔서 다 새가지고 휴지 한통 다썼네요..소스가 반이나 차있는 치킨은 첨봤어요..먹을만은 했지만 개고생했어요 ㅡㅡ치우기 넘 힘들어요","polarity":{"com":0.008305686444444444,"pos":0.48694209261111104,"neg":0.3539204218333334,"neut":0.03525980788888889,"none":0.11557199122222223},"intensity":{"high":0.10897732427777779,"low":0.15980745833333335,"meium":0.6145086247777778,"none":0.11670659261111115},"expressive":{"dir-action":0.0013462837220726352,"dir-explicit":0.25536794191607026,"dir-speech":0.3888131552901319,"indirect":0.20522760803275253,"writing-device":0.14924501103897278}},{"id":"피치홈-공릉점","permalink":"","username":"asdfg","text":"배달이 늦지만.. 맛맀어용!","date":"Mon Dec 10 23:59:44 +0000 2018","retweets":"30","favorites":"20","mentions":[],"hashtags":[],"geo":"","raw":"배달이 늦지만.. 맛맀어용!","polarity":{"com":0,"pos":0.6666666666666666,"neg":0.3333333333333333,"neut":0,"none":0},"intensity":{"high":0,"low":0,"meium":1,"none":0},"expressive":{"dir-action":0,"dir-explicit":0,"dir-speech":0.6666666666666666,"indirect":0.3333333333333333,"writing-device":0}},{"id":"피치홈-공릉점","permalink":"","username":"asdfg","text":"너무 맛있아요! 저희는 텐더랑 치즈스틱 추가했는데 날씨가 추워서 좀 식어서 왔네요ㅠㅠㅠㅠ","date":"Mon Dec 10 23:59:44 +0000 2018","retweets":"30","favorites":"20","mentions":[],"hashtags":[],"geo":"","raw":"너무 맛있아요! 저희는 텐더랑 치즈스틱 추가했는데 날씨가 추워서 좀 식어서 왔네요ㅠㅠㅠㅠ","polarity":{"com":0.028992134575570302,"pos":0.51856065007408,"neg":0.3309962694758566,"neut":0.07054665958150666,"none":0.05090428629298632},"intensity":{"high":0.12689538187527077,"low":0.11839725130262815,"meium":0.7022203505288886,"none":0.052487016293212424},"expressive":{"dir-action":0.0009216589998683345,"dir-explicit":0.3808584725170202,"dir-speech":0.3986700595144757,"indirect":0.1635768285480605,"writing-device":0.055972980420575295}},{"id":"피치홈-공릉점","permalink":"","username":"asdfg","text":"진짜 무슨 치킨먹으려고 1시간 30분넘게 기다리고 너무안와서 전화하니깐 이제 출발했다고 미리 연락주는게 그렇게 어려운건지 실망입니다정말","date":"Mon Dec 10 23:59:44 +0000 2018","retweets":"30","favorites":"20","mentions":[],"hashtags":[],"geo":"","raw":"진짜 무슨 치킨먹으려고 1시간 30분넘게 기다리고 너무안와서 전화하니깐 이제 출발했다고 미리 연락주는게 그렇게 어려운건지 실망입니다정말","polarity":{"com":0.013529662799098018,"pos":0.42813864110479066,"neg":0.41732410363884503,"neut":0.05766231172948918,"none":0.08334528072777697},"intensity":{"high":0.13947832505736812,"low":0.10410227452639317,"meium":0.6729307504884713,"none":0.08348864992776743},"expressive":{"dir-action":0.0004301075333620072,"dir-explicit":0.2547811658169854,"dir-speech":0.34694855115646317,"indirect":0.31080675282072057,"writing-device":0.0870334226724689}}]