[{"id":"차칸김밥","permalink":"","username":"asdfg","text":"핫있어요 다른데보다","date":"Mon Dec 10 23:59:44 +0000 2018","retweets":"30","favorites":"20","mentions":[],"hashtags":[],"geo":"","raw":"핫있어요 다른데보다","polarity":{"com":0.002976190334325397,"pos":0.39087301579695766,"neg":0.22023809540674605,"neut":0.1230158730410053,"none":0.2628968254209656},"intensity":{"high":0.18154761906051586,"low":0.12896825404298942,"meium":0.4265873014755291,"none":0.2628968254209656},"expressive":{"dir-action":0,"dir-explicit":0.2876984126666667,"dir-speech":0.12400793666666665,"indirect":0.3253968253333333,"writing-device":0.2628968253333333}},{"id":"차칸김밥","permalink":"","username":"asdfg","text":"김밥 비빔국수 먹었는데 맛있어요\n보통김밥맛이랑 비슷해요\n우리가 상상하는 그맛","date":"Mon Dec 10 23:59:44 +0000 2018","retweets":"30","favorites":"20","mentions":[],"hashtags":[],"geo":"","raw":"김밥 비빔국수 먹었는데 맛있어요\n보통김밥맛이랑 비슷해요\n우리가 상상하는 그맛","polarity":{"com":0.025641025670940173,"pos":0.5341880340890314,"neg":0.3846153847307692,"neut":0.05555555550925926,"none":0},"intensity":{"high":0.03133903133333333,"low":0.10541310533333333,"meium":0.8632478633333333,"none":0},"expressive":{"dir-action":0,"dir-explicit":0.04985754983333333,"dir-speech":0.8005698004999999,"indirect":0.14957264966666667,"writing-device":0}},{"id":"차칸김밥","permalink":"","username":"asdfg","text":".","date":"Mon Dec 10 23:59:44 +0000 2018","retweets":"30","favorites":"20","mentions":[],"hashtags":[],"geo":"","raw":".","polarity":{"com":null,"pos":null,"neg":null,"neut":null,"none":null},"intensity":{"high":null,"low":null,"meium":null,"none":null},"expressive":{"dir-action":null,"dir-explicit":null,"dir-speech":null,"indirect":null,"writing-device":null}},{"id":"차칸김밥","permalink":"","username":"asdfg","text":"ㅎ","date":"Mon Dec 10 23:59:44 +0000 2018","retweets":"30","favorites":"20","mentions":[],"hashtags":[],"geo":"","raw":"ㅎㅎㅎㅎㅎㅎㅎㅎㅎㅎㅎ","polarity":{"com":null,"pos":null,"neg":null,"neut":null,"none":null},"intensity":{"high":null,"low":null,"meium":null,"none":null},"expressive":{"dir-action":null,"dir-explicit":null,"dir-speech":null,"indirect":null,"writing-device":null}},{"id":"차칸김밥","permalink":"","username":"asdfg","text":"배달  너무 늦어요.\n맛은 좋아오ㅡ","date":"Mon Dec 10 23:59:44 +0000 2018","retweets":"30","favorites":"20","mentions":[],"hashtags":[],"geo":"","raw":"배달  너무 늦어요.\n맛은 좋아오ㅡ","polarity":{"com":0,"pos":0.73,"neg":0.26,"neut":0,"none":0.01},"intensity":{"high":0.05,"low":0.01,"meium":0.9299999999999999,"none":0.01},"expressive":{"dir-action":0,"dir-explicit":0.15,"dir-speech":0.55,"indirect":0.29,"writing-device":0.01}},{"id":"차칸김밥","permalink":"","username":"asdfg","text":"넘 맛있어서 하루에 두번 배달시켰다ㅡ\n김밥 짱 \n한줄시키는 바보 없길ㅡ","date":"Mon Dec 10 23:59:44 +0000 2018","retweets":"30","favorites":"20","mentions":[],"hashtags":[],"geo":"","raw":"넘 맛있어서 하루에 두번 배달시켰다ㅡ\n김밥 짱 \n한줄시키는 바보 없길ㅡ","polarity":{"com":0.25,"pos":0.2824074073333333,"neg":0.36342592599999995,"neut":0.10416666666666667,"none":0},"intensity":{"high":0.17361111113773148,"low":0.06481481482253088,"meium":0.7615740740397376,"none":0},"expressive":{"dir-action":0.009259259333333334,"dir-explicit":0.30092592599999995,"dir-speech":0.19675925916666667,"indirect":0.4930555555,"writing-device":0}},{"id":"차칸김밥","permalink":"","username":"asdfg","text":"매우 맛있는 김밥임","date":"Mon Dec 10 23:59:44 +0000 2018","retweets":"30","favorites":"20","mentions":[],"hashtags":[],"geo":"","raw":"매우 맛있는 김밥임","polarity":{"com":0,"pos":0.5,"neg":0.5,"neut":0,"none":0},"intensity":{"high":0.49999999999999994,"low":0,"meium":0.5,"none":0},"expressive":{"dir-action":0,"dir-explicit":0.6666666665,"dir-speech":0,"indirect":0.3333333335,"writing-device":0}},{"id":"차칸김밥","permalink":"","username":"asdfg","text":"짱맛..  김밥 비빔국수 다 맛있었어요!","date":"Mon Dec 10 23:59:44 +0000 2018","retweets":"30","favorites":"20","mentions":[],"hashtags":[],"geo":"","raw":"짱맛..  김밥 비빔국수 다 맛있었어요!","polarity":{"com":0,"pos":0.5714285713333332,"neg":0.3333333333333333,"neut":0,"none":0.09523809533333333},"intensity":{"high":0.09523809530158729,"low":0.1666666666111111,"meium":0.47619047617460314,"none":0.2619047619126984},"expressive":{"dir-action":0,"dir-explicit":0.30952380956349207,"dir-speech":0.5952380951349205,"indirect":0,"writing-device":0.09523809530158729}},{"id":"차칸김밥","permalink":"","username":"asdfg","text":"진짜 착한맛 ㅎㅎ 샐러드 마싯어요~~","date":"Mon Dec 10 23:59:44 +0000 2018","retweets":"30","favorites":"20","mentions":[],"hashtags":[],"geo":"","raw":"진짜 착한맛 ㅎㅎ 샐러드 마싯어요~~","polarity":{"com":0,"pos":1,"neg":0,"neut":0,"none":0},"intensity":{"high":0,"low":0,"meium":1,"none":0},"expressive":{"dir-action":0,"dir-explicit":0,"dir-speech":0.5,"indirect":0.5,"writing-device":0}},{"id":"차칸김밥","permalink":"","username":"asdfg","text":"배달도빠르고 맛도좋았어요 자극적이지 않고 신선한 야채를 먹을수 있는 메뉴를 찾았는데 딱이네요 잔반없이 클리어^^","date":"Mon Dec 10 23:59:44 +0000 2018","retweets":"30","favorites":"20","mentions":[],"hashtags":[],"geo":"","raw":"배달도빠르고 맛도좋았어요 자극적이지 않고 신선한 야채를 먹을수 있는 메뉴를 찾았는데 딱이네요 잔반없이 클리어^^","polarity":{"com":0.009148582801829714,"pos":0.7041969010408393,"neg":0.14592158432918428,"neut":0.036225954307245185,"none":0.10450697752090138},"intensity":{"high":0.08017936441603586,"low":0.07356260671471251,"meium":0.7414507510482901,"none":0.10480727782096143},"expressive":{"dir-action":0.001574185699685163,"dir-explicit":0.19264978166147004,"dir-speech":0.3095489532380902,"indirect":0.3888220746222356,"writing-device":0.10740500477851901}},{"id":"차칸김밥","permalink":"","username":"asdfg","text":"차칸김밥 맛나네용ㅎㅎ","date":"Mon Dec 10 23:59:44 +0000 2018","retweets":"30","favorites":"20","mentions":[],"hashtags":[],"geo":"","raw":"차칸김밥 맛나네용ㅎㅎ","polarity":{"com":null,"pos":null,"neg":null,"neut":null,"none":null},"intensity":{"high":null,"low":null,"meium":null,"none":null},"expressive":{"dir-action":null,"dir-explicit":null,"dir-speech":null,"indirect":null,"writing-device":null}},{"id":"차칸김밥","permalink":"","username":"asdfg","text":"너무잘먹었습니다!!!","date":"Mon Dec 10 23:59:44 +0000 2018","retweets":"30","favorites":"20","mentions":[],"hashtags":[],"geo":"","raw":"너무잘먹었습니다!!!","polarity":{"com":0.0714285715,"pos":0.238095238,"neg":0.6904761905,"neut":0,"none":0},"intensity":{"high":0.126984127,"low":0.1825396825,"meium":0.6904761905,"none":0},"expressive":{"dir-action":0,"dir-explicit":0.3968253965,"dir-speech":0.531746032,"indirect":0.0714285715,"writing-device":0}},{"id":"차칸김밥","permalink":"","username":"asdfg","text":"배달 빠르고\n맛일품입니다\n프리미엄급이네요","date":"Mon Dec 10 23:59:44 +0000 2018","retweets":"30","favorites":"20","mentions":[],"hashtags":[],"geo":"","raw":"배달 빠르고\n맛일품입니다\n프리미엄급이네요","polarity":{"com":0.00571895425,"pos":0.84640522875,"neg":0.0694444445,"neut":0.022875817,"none":0.0555555555},"intensity":{"high":0.03186274500796568,"low":0.02042483650510621,"meium":0.8921568629730392,"none":0.05555555551388888},"expressive":{"dir-action":0,"dir-explicit":0.10457516350000001,"dir-speech":0.5506535947500001,"indirect":0.28431372550000006,"writing-device":0.06045751625000001}},{"id":"차칸김밥","permalink":"","username":"asdfg","text":"배달원 진짜 불친절하시네요","date":"Mon Dec 10 23:59:44 +0000 2018","retweets":"30","favorites":"20","mentions":[],"hashtags":[],"geo":"","raw":"배달원 진짜 불친절하시네요","polarity":{"com":0.019354838999999995,"pos":0.5161290319999999,"neg":0.35268817199999997,"neut":0.08387096799999999,"none":0.027956988999999995},"intensity":{"high":0.139784946,"low":0.116129032,"meium":0.713978495,"none":0.030107527},"expressive":{"dir-action":0.006451613,"dir-explicit":0.313978495,"dir-speech":0.294623656,"indirect":0.356989247,"writing-device":0.027956989}},{"id":"차칸김밥","permalink":"","username":"asdfg","text":"맛있게 잘 먹었어요","date":"Mon Dec 10 23:59:44 +0000 2018","retweets":"30","favorites":"20","mentions":[],"hashtags":[],"geo":"","raw":"맛있게 잘 먹었어요","polarity":{"com":0,"pos":0.35714285717857136,"neg":0.6071428573035714,"neut":0.03571428551785714,"none":0},"intensity":{"high":0,"low":0.107142857,"meium":0.8928571430000001,"none":0},"expressive":{"dir-action":0,"dir-explicit":0.107142857,"dir-speech":0.5714285715,"indirect":0.3214285715,"writing-device":0}},{"id":"차칸김밥","permalink":"","username":"asdfg","text":"Overall a decent place to get a smal bite.  Really liked chewy noodles(쫄면) and soup.  Kimchi fried rice and kimbap were just ok.","date":"Mon Dec 10 23:59:44 +0000 2018","retweets":"30","favorites":"20","mentions":[],"hashtags":[],"geo":"","raw":"Overall a decent place to get a smal bite.  Really liked chewy noodles(쫄면) and soup.  Kimchi fried rice and kimbap were just ok.","polarity":{"com":null,"pos":null,"neg":null,"neut":null,"none":null},"intensity":{"high":null,"low":null,"meium":null,"none":null},"expressive":{"dir-action":null,"dir-explicit":null,"dir-speech":null,"indirect":null,"writing-device":null}},{"id":"차칸김밥","permalink":"","username":"asdfg","text":"맛있게 잘먹었습니당-!!!!","date":"Mon Dec 10 23:59:44 +0000 2018","retweets":"30","favorites":"20","mentions":[],"hashtags":[],"geo":"","raw":"맛있게 잘먹었습니당-!!!!","polarity":{"com":0,"pos":0.35714285717857136,"neg":0.6071428573035714,"neut":0.03571428551785714,"none":0},"intensity":{"high":0,"low":0.107142857,"meium":0.8928571430000001,"none":0},"expressive":{"dir-action":0,"dir-explicit":0.107142857,"dir-speech":0.5714285715,"indirect":0.3214285715,"writing-device":0}},{"id":"차칸김밥","permalink":"","username":"asdfg","text":"깔끔한 맛 떡볶이가 맵지않고 맛있어요\n주머밥도 굿입니다","date":"Mon Dec 10 23:59:44 +0000 2018","retweets":"30","favorites":"20","mentions":[],"hashtags":[],"geo":"","raw":"깔끔한 맛 떡볶이가 맵지않고 맛있어요\n주머밥도 굿입니다","polarity":{"com":0.006980194499999998,"pos":0.5038878164999999,"neg":0.4617653366666666,"neut":0.018898362666666665,"none":0.008468289666666665},"intensity":{"high":0.04580473333333334,"low":0.11520449016666667,"meium":0.7452005576666667,"none":0.09379021883333333},"expressive":{"dir-action":0.0005005005,"dir-explicit":0.19788538533333333,"dir-speech":0.48376501499999996,"indirect":0.308880309,"writing-device":0.008968790166666666}},{"id":"차칸김밥","permalink":"","username":"asdfg","text":"좀 비싸긴 하지만 맛있어용","date":"Mon Dec 10 23:59:44 +0000 2018","retweets":"30","favorites":"20","mentions":[],"hashtags":[],"geo":"","raw":"좀 비싸긴 하지만 맛있어용","polarity":{"com":0.00287356325,"pos":0.41192044425,"neg":0.3899005555,"neut":0.034095311749999996,"none":0.16121012525},"intensity":{"high":0.0371625985,"low":0.048463127999999994,"meium":0.750290585,"none":0.1640836885},"expressive":{"dir-action":0.00287356325,"dir-explicit":0.18517370525000001,"dir-speech":0.537156141,"indirect":0.07406689925,"writing-device":0.20072969125}},{"id":"차칸김밥","permalink":"","username":"asdfg","text":"김밥3줄 돈가스하나ㅡ45분걸린다고 하더니 70분기다려 ㅠㅜ10분만에 먹었네요\n김밥양도 넘 작네요.","date":"Mon Dec 10 23:59:44 +0000 2018","retweets":"30","favorites":"20","mentions":[],"hashtags":[],"geo":"","raw":"김밥3줄 돈가스하나ㅡ45분걸린다고 하더니 70분기다려 ㅠㅜ10분만에 먹었네요\n김밥양도 넘 작네요.","polarity":{"com":0.001915708833333333,"pos":0.4782430211666666,"neg":0.4519704435,"neut":0.03530377666666666,"none":0.03256704983333333},"intensity":{"high":0.0376756066603874,"low":0.08191935781968011,"meium":0.8459222768590129,"none":0.034482758660919544},"expressive":{"dir-action":0.0019157088336526184,"dir-explicit":0.11147600801857935,"dir-speech":0.4843094325807183,"indirect":0.3639846743939975,"writing-device":0.03831417617305237}},{"id":"차칸김밥","permalink":"","username":"asdfg","text":"2인짜리를 1인분으로 잘못 주문했는데 오히려 몇백원 차이지만 비싼 메뉴로 바꿔주셨어요~~\n감사히 잘먹었습니다","date":"Mon Dec 10 23:59:44 +0000 2018","retweets":"30","favorites":"20","mentions":[],"hashtags":[],"geo":"","raw":"2인짜리를 1인분으로 잘못 주문했는데 오히려 몇백원 차이지만 비싼 메뉴로 바꿔주셨어요~~\n감사히 잘먹었습니다","polarity":{"com":0.009141038334856839,"pos":0.4755228675792538,"neg":0.38503385839750565,"neut":0.0701021162616837,"none":0.060200119426700026},"intensity":{"high":0.16903707236150617,"low":0.17276382327879397,"meium":0.59781977343297,"none":0.06037933092672989},"expressive":{"dir-action":0.0015992055830667993,"dir-explicit":0.42095305351317447,"dir-speech":0.29120951895146513,"indirect":0.2222393431296268,"writing-device":0.06399887882266686}},{"id":"차칸김밥","permalink":"","username":"asdfg","text":"야채듬뿍김밥좋아요ㅎ\n근데 어묵탕은 양이 넘적어서 아쉬워요ㅜ","date":"Mon Dec 10 23:59:44 +0000 2018","retweets":"30","favorites":"20","mentions":[],"hashtags":[],"geo":"","raw":"야채듬뿍김밥좋아요ㅎ\n근데 어묵탕은 양이 넘적어서 아쉬워요ㅜ","polarity":{"com":0.00423728825,"pos":0.56898305075,"neg":0.3998305085,"neut":0.00847457625,"none":0.01847457625},"intensity":{"high":0.20042372880010592,"low":0.043898305010974574,"meium":0.7372033899343009,"none":0.018474576254618645},"expressive":{"dir-action":0.125,"dir-explicit":0.21779661025,"dir-speech":0.1898305085,"indirect":0.448898305,"writing-device":0.01847457625}},{"id":"차칸김밥","permalink":"","username":"asdfg","text":"차칸김밥은 달달하고 오뎅은 약간매콤한맛이에요\n정성스럽게 만들어서 깔끔하고 신선하다는 느낌이 들었고요 떡볶이는 튀겨서 조리하는듯 하고 매콤하고 맛있는데 많이먹으면 약간 느끼해요","date":"Mon Dec 10 23:59:44 +0000 2018","retweets":"30","favorites":"20","mentions":[],"hashtags":[],"geo":"","raw":"차칸김밥은 달달하고 오뎅은 약간매콤한맛이에요\n정성스럽게 만들어서 깔끔하고 신선하다는 느낌이 들었고요 떡볶이는 튀겨서 조리하는듯 하고 매콤하고 맛있는데 많이먹으면 약간 느끼해요","polarity":{"com":0.014735531001733594,"pos":0.4732383164674398,"neg":0.4213884628731045,"neut":0.048198901888023414,"none":0.04243878776969868},"intensity":{"high":0.07413313441612547,"low":0.1327989974195764,"meium":0.7488607222205211,"none":0.04420714594377689},"expressive":{"dir-action":0.0020213625884731006,"dir-explicit":0.24714387802907575,"dir-speech":0.4243715179322789,"indirect":0.2791629190916662,"writing-device":0.04730032235850591}},{"id":"차칸김밥","permalink":"","username":"asdfg","text":"깔끔해요. 정성스럽고.\n김밥이랑 돈까스 소스가 달아요.. 단무지 국물도 조금 단듯해서. 차라리 매콤한 반찬이 좋을것같아요 \n \n샐러드에 견과류는 놀랍고 멋짐. 그러나 소스가 또 달달 ㅠ \n\n다 단느낌이예요. 제가 매콤한게 땡겼던걸까요?\n\n그래도 정성이 가득하고 깜끔해서 보기 좋은 도시락이였습니다\n\n감사합니다'","date":"Mon Dec 10 23:59:44 +0000 2018","retweets":"30","favorites":"20","mentions":[],"hashtags":[],"geo":"","raw":"깔끔해요. 정성스럽고.\n김밥이랑 돈까스 소스가 달아요.. 단무지 국물도 조금 단듯해서. 차라리 매콤한 반찬이 좋을것같아요 \n \n샐러드에 견과류는 놀랍고 멋짐. 그러나 소스가 또 달달 ㅠ \n\n다 단느낌이예요. 제가 매콤한게 땡겼던걸까요?\n\n그래도 정성이 가득하고 깜끔해서 보기 좋은 도시락이였습니다\n\n감사합니다'","polarity":{"com":0.01753241666593615,"pos":0.5063012764789041,"neg":0.29140267877952486,"neut":0.07066667849705555,"none":0.11409694957857928},"intensity":{"high":0.13610464630300873,"low":0.10844625580070387,"meium":0.6395702444699641,"none":0.11587885342632327},"expressive":{"dir-action":0.0010378561666666666,"dir-explicit":0.24925355095833335,"dir-speech":0.36208582375,"indirect":0.25993269225,"writing-device":0.12769007687500003}},{"id":"차칸김밥","permalink":"","username":"asdfg","text":"음..리뷰가 너무 좋아서 기대를 많이 한 탓일까요ㅠㅠ\n맛이 없는 건 아닌데..\n매운 김밥이 전혀 맵질 않고 우동은 밍밍해요\n포장 깔끔하고 먹지도 않는 반찬 따라오지 않는 건 맘에 들었어요","date":"Mon Dec 10 23:59:44 +0000 2018","retweets":"30","favorites":"20","mentions":[],"hashtags":[],"geo":"","raw":"음..리뷰가 너무 좋아서 기대를 많이 한 탓일까요ㅠㅠ\n맛이 없는 건 아닌데..\n매운 김밥이 전혀 맵질 않고 우동은 밍밍해요\n포장 깔끔하고 먹지도 않는 반찬 따라오지 않는 건 맘에 들었어요","polarity":{"com":0.009753080999458163,"pos":0.44077071058662376,"neg":0.36635897575742454,"neut":0.03145990705380779,"none":0.15165732560268572},"intensity":{"high":0.11414623449365853,"low":0.09035034249498054,"meium":0.641593716575467,"none":0.15390970643589388},"expressive":{"dir-action":0.001216974722289832,"dir-explicit":0.2971168646276176,"dir-speech":0.32538113035141003,"indirect":0.22101404334561187,"writing-device":0.1552709869530706}},{"id":"차칸김밥","permalink":"","username":"asdfg","text":"주소를 잘못적어 늦게도착 ㅠㅠ 근데 넘싱겁고 넘기름을 많이 넣으신듯","date":"Mon Dec 10 23:59:44 +0000 2018","retweets":"30","favorites":"20","mentions":[],"hashtags":[],"geo":"","raw":"주소를 잘못적어 늦게도착 ㅠㅠ 근데 넘싱겁고 넘기름을 많이 넣으신듯","polarity":{"com":0.013121401602624276,"pos":0.3282358792656471,"neg":0.6025783745205157,"neut":0.02092920940418584,"none":0.035135135207027025},"intensity":{"high":0.05497982058900404,"low":0.080359977783928,"meium":0.8295250664340951,"none":0.035135135192972976},"expressive":{"dir-action":0.005550773798889845,"dir-explicit":0.18198389476360322,"dir-speech":0.3940245977211951,"indirect":0.3808305119238339,"writing-device":0.03761022179247795}},{"id":"차칸김밥","permalink":"","username":"asdfg","text":"와 떡볶이 너무 맛있어요!!! 김밥 퀄리티도 좋고 맛있게 잘 먹었습니다. 다음에 또 주문할게요!!","date":"Mon Dec 10 23:59:44 +0000 2018","retweets":"30","favorites":"20","mentions":[],"hashtags":[],"geo":"","raw":"와 떡볶이 너무 맛있어요!!! 김밥 퀄리티도 좋고 맛있게 잘 먹었습니다. 다음에 또 주문할게요!!","polarity":{"com":0.018023553555555558,"pos":0.3351254480000001,"neg":0.5233145587777778,"neut":0.0728110598888889,"none":0.05072537977777779},"intensity":{"high":0.03140467655555555,"low":0.108141321,"meium":0.7539341184444445,"none":0.106519884},"expressive":{"dir-action":0.0007168458888888887,"dir-explicit":0.3047277692222222,"dir-speech":0.4454343745555555,"indirect":0.18252261477777773,"writing-device":0.06659839555555554}},{"id":"차칸김밥","permalink":"","username":"asdfg","text":"김밥굿// 군만두 굿 // 쫄면 맛없어요\n재주문 의사 100%","date":"Mon Dec 10 23:59:44 +0000 2018","retweets":"30","favorites":"20","mentions":[],"hashtags":[],"geo":"","raw":"김밥굿// 군만두 굿 // 쫄면 맛없어요\n재주문 의사 100%","polarity":{"com":0,"pos":0.6666666666666666,"neg":0.16666666666666666,"neut":0.16666666666666666,"none":0},"intensity":{"high":0,"low":0.16666666666666666,"meium":0.8333333333333334,"none":0},"expressive":{"dir-action":0,"dir-explicit":0.16666666666666666,"dir-speech":0.16666666666666666,"indirect":0.6666666666666666,"writing-device":0}},{"id":"차칸김밥","permalink":"","username":"asdfg","text":"깔끔하고 맛있어요. 배달 주문 금액 15000원이 좀 부담스럽네요. 가격도 좀 비싼 감이 있습니다.","date":"Mon Dec 10 23:59:44 +0000 2018","retweets":"30","favorites":"20","mentions":[],"hashtags":[],"geo":"","raw":"깔끔하고 맛있어요. 배달 주문 금액 15000원이 좀 부담스럽네요. 가격도 좀 비싼 감이 있습니다.","polarity":{"com":0.006857628500000001,"pos":0.618041334375,"neg":0.3558543675,"neut":0.015142345,"none":0.004104324625},"intensity":{"high":0.02748012325343502,"low":0.0520303342565038,"meium":0.9154591817394324,"none":0.0050303607506287954},"expressive":{"dir-action":0.0009260361251157545,"dir-explicit":0.29080115353635017,"dir-speech":0.38141544629767693,"indirect":0.3218270032902284,"writing-device":0.005030360750628795}},{"id":"차칸김밥","permalink":"","username":"asdfg","text":"오~ 완젼 맛있었습니다. 어묵들이 고급지고 떡볶이는 맛난 기름떡볶이에 떡은 완젼 쫄깃쫄깃.. 김밥도 맛났고 다맛있었습니다. 근데 15000원이상이라서 아쉽네요ㅜㅜ 혼자시켜먹기는 너무많아서 맛있어도 자주는 못시켜먹겠네요. 돈많이 버시면 10000원이상으로 바꿔주세요 사장님ㅋ","date":"Mon Dec 10 23:59:44 +0000 2018","retweets":"30","favorites":"20","mentions":[],"hashtags":[],"geo":"","raw":"오~ 완젼 맛있었습니다. 어묵들이 고급지고 떡볶이는 맛난 기름떡볶이에 떡은 완젼 쫄깃쫄깃.. 김밥도 맛났고 다맛있었습니다. 근데 15000원이상이라서 아쉽네요ㅜㅜ 혼자시켜먹기는 너무많아서 맛있어도 자주는 못시켜먹겠네요. 돈많이 버시면 10000원이상으로 바꿔주세요 사장님ㅋ","polarity":{"com":0.006764091600676409,"pos":0.37741142598774113,"neg":0.5198565255019857,"neut":0.03688065535368806,"none":0.059087301555908724},"intensity":{"high":0.08171761460408589,"low":0.16829830855841493,"meium":0.6908967752845449,"none":0.05908730155295436},"expressive":{"dir-action":0,"dir-explicit":0.24151117888792445,"dir-speech":0.5133707938243315,"indirect":0.18302652404084868,"writing-device":0.06209150324689543}},{"id":"차칸김밥","permalink":"","username":"asdfg","text":"맛있어요","date":"Mon Dec 10 23:59:44 +0000 2018","retweets":"30","favorites":"20","mentions":[],"hashtags":[],"geo":"","raw":"맛있어요","polarity":{"com":0,"pos":0,"neg":1,"neut":0,"none":0},"intensity":{"high":0,"low":0,"meium":1,"none":0},"expressive":{"dir-action":0,"dir-explicit":0,"dir-speech":1,"indirect":0,"writing-device":0}},{"id":"차칸김밥","permalink":"","username":"asdfg","text":"정말 맛있게 먹었습니다","date":"Mon Dec 10 23:59:44 +0000 2018","retweets":"30","favorites":"20","mentions":[],"hashtags":[],"geo":"","raw":"정말 맛있게 먹었습니다","polarity":{"com":0,"pos":0.5416666665000001,"neg":0.3333333335,"neut":0,"none":0.125},"intensity":{"high":0.3055555555,"low":0.111111111,"meium":0.4583333335,"none":0.125},"expressive":{"dir-action":0,"dir-explicit":0.361111111,"dir-speech":0.513888889,"indirect":0,"writing-device":0.125}},{"id":"차칸김밥","permalink":"","username":"asdfg","text":"대박","date":"Mon Dec 10 23:59:44 +0000 2018","retweets":"30","favorites":"20","mentions":[],"hashtags":[],"geo":"","raw":"대박","polarity":{"com":null,"pos":null,"neg":null,"neut":null,"none":null},"intensity":{"high":null,"low":null,"meium":null,"none":null},"expressive":{"dir-action":null,"dir-explicit":null,"dir-speech":null,"indirect":null,"writing-device":null}},{"id":"차칸김밥","permalink":"","username":"asdfg","text":"깔끔하고 괜찮네요~","date":"Mon Dec 10 23:59:44 +0000 2018","retweets":"30","favorites":"20","mentions":[],"hashtags":[],"geo":"","raw":"깔끔하고 괜찮네요~","polarity":{"com":0.024024024,"pos":0.612612613,"neg":0.306306306,"neut":0.033033033,"none":0.024024024},"intensity":{"high":0.114114114,"low":0.084084084,"meium":0.774774775,"none":0.027027027},"expressive":{"dir-action":0.003003003,"dir-explicit":0.312312312,"dir-speech":0.09009009,"indirect":0.567567568,"writing-device":0.027027027}},{"id":"차칸김밥","permalink":"","username":"asdfg","text":"짱짱짱  맛집 발견!!!!!","date":"Mon Dec 10 23:59:44 +0000 2018","retweets":"30","favorites":"20","mentions":[],"hashtags":[],"geo":"","raw":"짱짱짱  맛집 발견!!!!!","polarity":{"com":0,"pos":1,"neg":0,"neut":0,"none":0},"intensity":{"high":0,"low":0,"meium":1,"none":0},"expressive":{"dir-action":0,"dir-explicit":0,"dir-speech":0.5,"indirect":0.5,"writing-device":0}},{"id":"차칸김밥","permalink":"","username":"asdfg","text":"김치볶음밥이 약간 싱겁긴했지만 김밥 맛있어요","date":"Mon Dec 10 23:59:44 +0000 2018","retweets":"30","favorites":"20","mentions":[],"hashtags":[],"geo":"","raw":"김치볶음밥이 약간 싱겁긴했지만 김밥 맛있어요","polarity":{"com":0.01058281425,"pos":0.26984995975,"neg":0.500032714,"neut":0.056121743499999995,"none":0.1634127685},"intensity":{"high":0.06359431651589857,"low":0.08150277552037569,"meium":0.6875152546718789,"none":0.1673876532918469},"expressive":{"dir-action":0.003974884750993721,"dir-explicit":0.1886979342971745,"dir-speech":0.4774645111193661,"indirect":0.12582901378145725,"writing-device":0.20403365605100843}},{"id":"차칸김밥","permalink":"","username":"asdfg","text":"청피망의 식감이 아삭거려서 신선했어요. 참 맛있는 김밥이었어요. 15,000원 이상 배달이라서 혼자먹고 싶을때는 좀 부담스러운 점이 아쉽습니다.^^","date":"Mon Dec 10 23:59:44 +0000 2018","retweets":"30","favorites":"20","mentions":[],"hashtags":[],"geo":"","raw":"청피망의 식감이 아삭거려서 신선했어요. 참 맛있는 김밥이었어요. 15,000원 이상 배달이라서 혼자먹고 싶을때는 좀 부담스러운 점이 아쉽습니다.^^","polarity":{"com":0.007779588416666666,"pos":0.45994098050000004,"neg":0.3717439453333333,"neut":0.09292011208333333,"none":0.06761537366666666},"intensity":{"high":0.13841082034486757,"low":0.09369181125780765,"meium":0.7001027832250086,"none":0.06779458517231622},"expressive":{"dir-action":0.08387096775000001,"dir-explicit":0.2915737406666667,"dir-speech":0.2562377011666666,"indirect":0.2974342429166667,"writing-device":0.0708833475}},{"id":"차칸김밥","permalink":"","username":"asdfg","text":"차칸김밥 넘 맛있어서 중독 됐어요.~! 주먹밥도 역시 맛있어요.~! 맛있는 메뉴 감사합니다.~!","date":"Mon Dec 10 23:59:44 +0000 2018","retweets":"30","favorites":"20","mentions":[],"hashtags":[],"geo":"","raw":"차칸김밥 넘 맛있어서 중독 됐어요.~! 주먹밥도 역시 맛있어요.~! 맛있는 메뉴 감사합니다.~!","polarity":{"com":0.00178571425,"pos":0.3035714285,"neg":0.58214285725,"neut":0.0035714285,"none":0.1089285715},"intensity":{"high":0.41071428575,"low":0.0285714285,"meium":0.45178571425,"none":0.1089285715},"expressive":{"dir-action":0,"dir-explicit":0.046428571488392856,"dir-speech":0.5749999998562499,"indirect":0.27142857143214283,"writing-device":0.10714285722321429}},{"id":"차칸김밥","permalink":"","username":"asdfg","text":"맛있어요. 깔끔하고 좋아요.샐러드에 양배추나 양상추가 조긍더 조합되면 아삭하게 식감이 좋을거 같아요. 채소를 더먹고싶은 고객에겐 아주 살짝 부족해요.","date":"Mon Dec 10 23:59:44 +0000 2018","retweets":"30","favorites":"20","mentions":[],"hashtags":[],"geo":"","raw":"맛있어요. 깔끔하고 좋아요.샐러드에 양배추나 양상추가 조긍더 조합되면 아삭하게 식감이 좋을거 같아요. 채소를 더먹고싶은 고객에겐 아주 살짝 부족해요.","polarity":{"com":0.006491101428571428,"pos":0.5539870109285714,"neg":0.36887885099999995,"neut":0.04423658678571429,"none":0.026406449857142855},"intensity":{"high":0.14849726784653589,"low":0.07459589049467172,"meium":0.7479342612322903,"none":0.028972580426501957},"expressive":{"dir-action":0.0010355182857882514,"dir-explicit":0.32222963888015926,"dir-speech":0.3076315807362594,"indirect":0.26859068644775647,"writing-device":0.10051257565003661}},{"id":"차칸김밥","permalink":"","username":"asdfg","text":"리뷰보고 주문했는대 질리지 않고 맛나요~전병이 군만두같기도한대 색다르게 맛나구요 깔끔하기도하고 느끼함도없네요~별하나뺀건 가격대비 양이 적은거같아요 ^^그것빼곤 별5개~~~~","date":"Mon Dec 10 23:59:44 +0000 2018","retweets":"30","favorites":"20","mentions":[],"hashtags":[],"geo":"","raw":"리뷰보고 주문했는대 질리지 않고 맛나요~전병이 군만두같기도한대 색다르게 맛나구요 깔끔하기도하고 느끼함도없네요~별하나뺀건 가격대비 양이 적은거같아요 ^^그것빼곤 별5개~~~~","polarity":{"com":0.016805724374999997,"pos":0.5162388493125,"neg":0.35710199524999997,"neut":0.0435056951875,"none":0.066347735875},"intensity":{"high":0.08533743393216642,"low":0.151248029053047,"meium":0.6954662838315333,"none":0.06794825318325323},"expressive":{"dir-action":0.0009937211875621073,"dir-explicit":0.2702268433918891,"dir-speech":0.23009224745188075,"indirect":0.36305879908519106,"writing-device":0.13562838888347675}},{"id":"차칸김밥","permalink":"","username":"asdfg","text":"거리가 좀있는데 친절하게 배달해 주시고 약속시간내에 잘 갖다주시고 예쁜포장에 깔끔한 음식 맛도 좋고 잘 먹겠습니다. 혹시 아이디언데 기름없이 튀겨지는 돈까스(다이어트로 주문 망설여지는 고객) 프라이어기계사용한 선택메뉴 만들어 주심 어떨까요? 한번 시도해 보심이~ 차칸김밥 추천이요.!","date":"Mon Dec 10 23:59:44 +0000 2018","retweets":"30","favorites":"20","mentions":[],"hashtags":[],"geo":"","raw":"거리가 좀있는데 친절하게 배달해 주시고 약속시간내에 잘 갖다주시고 예쁜포장에 깔끔한 음식 맛도 좋고 잘 먹겠습니다. 혹시 아이디언데 기름없이 튀겨지는 돈까스(다이어트로 주문 망설여지는 고객) 프라이어기계사용한 선택메뉴 만들어 주심 어떨까요? 한번 시도해 보심이~ 차칸김밥 추천이요.!","polarity":{"com":0.0021689431503253416,"pos":0.6422574335463387,"neg":0.2057089891308564,"neut":0.14232440707134866,"none":0.007540227101131033},"intensity":{"high":0.08151848240407594,"low":0.15272655750763633,"meium":0.7079570559353978,"none":0.0577979041528899},"expressive":{"dir-action":0.0004727307999763634,"dir-explicit":0.42336905442883155,"dir-speech":0.3153011904342349,"indirect":0.25316664708734166,"writing-device":0.007690377249615479}},{"id":"차칸김밥","permalink":"","username":"asdfg","text":"맛도좋고 포장 깔끔하고 건강한맛 차칸김밥은 풋고추기본 김밥재료 단무지와 바꿀만함ㅡ 보통 일반김밥들은 단무지가 김밥속 맛을버림","date":"Mon Dec 10 23:59:44 +0000 2018","retweets":"30","favorites":"20","mentions":[],"hashtags":[],"geo":"","raw":"맛도좋고 포장 깔끔하고 건강한맛 차칸김밥은 풋고추기본 김밥재료 단무지와 바꿀만함ㅡ 보통 일반김밥들은 단무지가 김밥속 맛을버림","polarity":{"com":0.02203616337362274,"pos":0.6113297005867918,"neg":0.2714539001705341,"neut":0.0811411019949287,"none":0.014039133874122553},"intensity":{"high":0.0718426648259705,"low":0.1621606649054051,"meium":0.7512118129533522,"none":0.014784857315272161},"expressive":{"dir-action":0.001126126125070383,"dir-explicit":0.2740074893296255,"dir-speech":0.3339916753958745,"indirect":0.37627251221101704,"writing-device":0.014602196938412637}},{"id":"차칸김밥","permalink":"","username":"asdfg","text":"진짜 맛있고 괜찮아요~","date":"Mon Dec 10 23:59:44 +0000 2018","retweets":"30","favorites":"20","mentions":[],"hashtags":[],"geo":"","raw":"진짜 맛있고 괜찮아요~","polarity":{"com":0,"pos":0,"neg":1,"neut":0,"none":0},"intensity":{"high":0,"low":0,"meium":1,"none":0},"expressive":{"dir-action":0,"dir-explicit":0,"dir-speech":1,"indirect":0,"writing-device":0}},{"id":"차칸김밥","permalink":"","username":"asdfg","text":"맛있는듯ㅋ 참치김밥에고추는ㅠ 맵진않지만 별로안좋아해서 ㅋㅋ","date":"Mon Dec 10 23:59:44 +0000 2018","retweets":"30","favorites":"20","mentions":[],"hashtags":[],"geo":"","raw":"맛있는듯ㅋ 참치김밥에고추는ㅠ 맵진않지만 별로안좋아해서 ㅋㅋ","polarity":{"com":0,"pos":0.35582010578527334,"neg":0.47486772499162255,"neut":0.031746031677248675,"none":0.13756613754585537},"intensity":{"high":0.010582010664903,"low":0.10714285714880953,"meium":0.7447089947092151,"none":0.13756613747707233},"expressive":{"dir-action":0,"dir-explicit":0.24735449750000002,"dir-speech":0.5277777778333334,"indirect":0.08201058183333333,"writing-device":0.14285714283333334}},{"id":"차칸김밥","permalink":"","username":"asdfg","text":"차칸김밥 진짜 맛있어요! 신선하네요 단무지가 안들어간김밥ㅋㅋ 단무지는 따로 주셨어요~ 떡볶이는 기존에 생각했던 국물있는 떡볶이가아니라 떡볶음같은 느낌이에요 진짜 맛있게 잘먹었습니다!","date":"Mon Dec 10 23:59:44 +0000 2018","retweets":"30","favorites":"20","mentions":[],"hashtags":[],"geo":"","raw":"차칸김밥 진짜 맛있어요! 신선하네요 단무지가 안들어간김밥ㅋㅋ 단무지는 따로 주셨어요~ 떡볶이는 기존에 생각했던 국물있는 떡볶이가아니라 떡볶음같은 느낌이에요 진짜 맛있게 잘먹었습니다!","polarity":{"com":0.003387315866892487,"pos":0.4253478153616898,"neg":0.42500676002833376,"neut":0.08288402040552562,"none":0.06337408833755827},"intensity":{"high":0.06016292267067753,"low":0.12942234440862818,"meium":0.7462452062497497,"none":0.06416952667094464},"expressive":{"dir-action":0.0002002001999866534,"dir-explicit":0.23482755485101153,"dir-speech":0.5059410709662706,"indirect":0.19016588018732233,"writing-device":0.068865293795409}},{"id":"차칸김밥","permalink":"","username":"asdfg","text":"우와... 너무 맛있게 먹느라 사진을 찍지 못했네요 \n왜 평점이 5점만점인지 알수있는 맛집입니다\n처음 맛보는 김밥인데요~ 유부조림 같은게 들어갔는데 정말 맛있게 먹었습니다 감사합니다!","date":"Mon Dec 10 23:59:44 +0000 2018","retweets":"30","favorites":"20","mentions":[],"hashtags":[],"geo":"","raw":"우와... 너무 맛있게 먹느라 사진을 찍지 못했네요 \n왜 평점이 5점만점인지 알수있는 맛집입니다\n처음 맛보는 김밥인데요~ 유부조림 같은게 들어갔는데 정말 맛있게 먹었습니다 감사합니다!","polarity":{"com":0.021398818939689146,"pos":0.4429387576793469,"neg":0.37006143102887523,"neut":0.044520963601217566,"none":0.12108002875087112},"intensity":{"high":0.2151736662700386,"low":0.08318114285181803,"meium":0.5822361327960525,"none":0.1194090580820909},"expressive":{"dir-action":0.00024473811109751453,"dir-explicit":0.26663131798518713,"dir-speech":0.45551185219691603,"indirect":0.14532334332525984,"writing-device":0.13228874838153953}},{"id":"차칸김밥","permalink":"","username":"asdfg","text":"진짜 차칸식당입니다 굿굿굿 베리굿","date":"Mon Dec 10 23:59:44 +0000 2018","retweets":"30","favorites":"20","mentions":[],"hashtags":[],"geo":"","raw":"진짜 차칸식당입니다 굿굿굿 베리굿","polarity":{"com":0.00571895425,"pos":0.84640522875,"neg":0.0694444445,"neut":0.022875817,"none":0.0555555555},"intensity":{"high":0.03186274500796568,"low":0.02042483650510621,"meium":0.8921568629730392,"none":0.05555555551388888},"expressive":{"dir-action":0,"dir-explicit":0.10457516350000001,"dir-speech":0.05065359475000001,"indirect":0.7843137255000001,"writing-device":0.06045751625000001}},{"id":"차칸김밥","permalink":"","username":"asdfg","text":"여기 깔끔하고 맛잇습니\n다","date":"Mon Dec 10 23:59:44 +0000 2018","retweets":"30","favorites":"20","mentions":[],"hashtags":[],"geo":"","raw":"여기 깔끔하고 맛잇습니\n다","polarity":{"com":0.012012012,"pos":0.8063063065,"neg":0.153153153,"neut":0.0165165165,"none":0.012012012},"intensity":{"high":0.057057057,"low":0.042042042,"meium":0.8873873875,"none":0.0135135135},"expressive":{"dir-action":0.0015015015000000005,"dir-explicit":0.15615615600000002,"dir-speech":0.5450450450000001,"indirect":0.28378378400000004,"writing-device":0.013513513500000003}},{"id":"차칸김밥","permalink":"","username":"asdfg","text":"모든음식이 깔끔해요~ 맛잇네요 요즘 이집서 매일 점심 시켜먹어요~ 이제 차례차례하나씩 먹어보려구요~","date":"Mon Dec 10 23:59:44 +0000 2018","retweets":"30","favorites":"20","mentions":[],"hashtags":[],"geo":"","raw":"모든음식이 깔끔해요~ 맛잇네요 요즘 이집서 매일 점심 시켜먹어요~ 이제 차례차례하나씩 먹어보려구요~","polarity":{"com":0.009062958873867129,"pos":0.4081314243239836,"neg":0.4300660793212417,"neut":0.14642988248169625,"none":0.006309654999211293},"intensity":{"high":0.09307697013663463,"low":0.22832537927854066,"meium":0.6717373348339671,"none":0.00686031575085754},"expressive":{"dir-action":0.0005506607501376651,"dir-explicit":0.1489843366622461,"dir-speech":0.7968902963242226,"indirect":0.04150605726037651,"writing-device":0.012068649003017162}},{"id":"차칸김밥","permalink":"","username":"asdfg","text":"맛있음","date":"Mon Dec 10 23:59:44 +0000 2018","retweets":"30","favorites":"20","mentions":[],"hashtags":[],"geo":"","raw":"맛있음","polarity":{"com":0,"pos":0,"neg":1,"neut":0,"none":0},"intensity":{"high":0,"low":0,"meium":1,"none":0},"expressive":{"dir-action":0,"dir-explicit":0,"dir-speech":1,"indirect":0,"writing-device":0}}]