[{"id":"미스터피자 성수점CESCO","permalink":"","username":"asdfg","text":"맛있습니다. 스파이시 포테이토는 생각보다 밍밍하고 오븐치즈 스파게티는 다 식어서왔으며 포테이토 피자는골드로 옵션추가를 했지만 심심하기 이를 때 없지만 맛있내요.?","date":"Mon Dec 10 23:59:44 +0000 2018","retweets":"30","favorites":"20","mentions":[],"hashtags":[],"geo":"","raw":"맛있습니다. 스파이시 포테이토는 생각보다 밍밍하고 오븐치즈 스파게티는 다 식어서왔으며 포테이토 피자는골드로 옵션추가를 했지만 심심하기 이를 때 없지만 맛있내요.?","polarity":{"com":0.0021840021822152724,"pos":0.26623908441204347,"neg":0.640990459298362,"neut":0.06675743037577407,"none":0.023829023731605278},"intensity":{"high":0.17015362481818183,"low":0.20126856490909092,"meium":0.6044757862727274,"none":0.024102024000000003},"expressive":{"dir-action":0.01326001327031636,"dir-explicit":0.25704216622599235,"dir-speech":0.4981545890912446,"indirect":0.20311220305397962,"writing-device":0.028431028358467086}},{"id":"미스터피자 성수점CESCO","permalink":"","username":"asdfg","text":"생각 보다 빨리 와서 놀랐고 맛있습니다","date":"Mon Dec 10 23:59:44 +0000 2018","retweets":"30","favorites":"20","mentions":[],"hashtags":[],"geo":"","raw":"생각 보다 빨리 와서 놀랐고 맛있습니다","polarity":{"com":0,"pos":0.21875,"neg":0.45833333325000003,"neut":0.3125,"none":0.01041666675},"intensity":{"high":0.02083333325,"low":0.0625,"meium":0.90625,"none":0.01041666675},"expressive":{"dir-action":0,"dir-explicit":0.21875,"dir-speech":0.36458333325000003,"indirect":0.40625,"writing-device":0.01041666675}},{"id":"미스터피자 성수점CESCO","permalink":"","username":"asdfg","text":"맛있게 잘먹었슺니다~~~","date":"Mon Dec 10 23:59:44 +0000 2018","retweets":"30","favorites":"20","mentions":[],"hashtags":[],"geo":"","raw":"맛있게 잘먹었슺니다~~~","polarity":{"com":0,"pos":0,"neg":1,"neut":0,"none":0},"intensity":{"high":0,"low":0,"meium":1,"none":0},"expressive":{"dir-action":0,"dir-explicit":0,"dir-speech":1,"indirect":0,"writing-device":0}},{"id":"미스터피자 성수점CESCO","permalink":"","username":"asdfg","text":"해당 리뷰는 배달통 운영 원칙에 따라 블라인드 처리 되었습니다.","date":"Mon Dec 10 23:59:44 +0000 2018","retweets":"30","favorites":"20","mentions":[],"hashtags":[],"geo":"","raw":"해당 리뷰는 배달통 운영 원칙에 따라 블라인드 처리 되었습니다.","polarity":{"com":0,"pos":0.4126984127063492,"neg":0.3075396826537698,"neut":0.2043650793521825,"none":0.07539682528769841},"intensity":{"high":0.035714285750000005,"low":0.08730158725,"meium":0.80158730175,"none":0.07539682525000001},"expressive":{"dir-action":0,"dir-explicit":0.44246031761061505,"dir-speech":0.2777777778194444,"indirect":0.20039682530009917,"writing-device":0.07936507926984127}},{"id":"미스터피자 성수점CESCO","permalink":"","username":"asdfg","text":"친절한 응대시간에 맞추어 배달흡족했어요","date":"Mon Dec 10 23:59:44 +0000 2018","retweets":"30","favorites":"20","mentions":[],"hashtags":[],"geo":"","raw":"친절한 응대시간에 맞추어 배달흡족했어요","polarity":{"com":0.007741935599999998,"pos":0.6564516128,"neg":0.2910752688,"neut":0.033548387199999995,"none":0.011182795599999998},"intensity":{"high":0.10591397839999998,"low":0.046451612799999986,"meium":0.8355913979999999,"none":0.012043010799999997},"expressive":{"dir-action":0.0025806452,"dir-explicit":0.275591398,"dir-speech":0.5178494624,"indirect":0.1927956988,"writing-device":0.0111827956}},{"id":"미스터피자 성수점CESCO","permalink":"","username":"asdfg","text":"맛없음. 딱히 큰기대는 안했지만 정말 맛없음.냉동음식의 표본을 느낀듯...","date":"Mon Dec 10 23:59:44 +0000 2018","retweets":"30","favorites":"20","mentions":[],"hashtags":[],"geo":"","raw":"맛없음. 딱히 큰기대는 안했지만 정말 맛없음.냉동음식의 표본을 느낀듯...","polarity":{"com":0.0035310734995586163,"pos":0.6600245956674968,"neg":0.2679719462165035,"neut":0.015682836498039643,"none":0.05278954811840131},"intensity":{"high":0.14319416033920146,"low":0.052759107736810223,"meium":0.7469468389382633,"none":0.05709989298572502},"expressive":{"dir-action":0,"dir-explicit":0.400003652875,"dir-speech":0.2568247125,"indirect":0.29038208649999997,"writing-device":0.052789548125}},{"id":"미스터피자 성수점CESCO","permalink":"","username":"asdfg","text":"맛있ㅇ·ㄱ요 항ㅅ.ㅏㅇ0시켜먹습니디","date":"Mon Dec 10 23:59:44 +0000 2018","retweets":"30","favorites":"20","mentions":[],"hashtags":[],"geo":"","raw":"맛있ㅇ·ㄱ요 항ㅅ.ㅏㅇ0시켜먹습니디","polarity":{"com":0,"pos":1,"neg":0,"neut":0,"none":0},"intensity":{"high":0,"low":0,"meium":1,"none":0},"expressive":{"dir-action":0,"dir-explicit":0,"dir-speech":1,"indirect":0,"writing-device":0}},{"id":"미스터피자 성수점CESCO","permalink":"","username":"asdfg","text":"not that bad but it could be better","date":"Mon Dec 10 23:59:44 +0000 2018","retweets":"30","favorites":"20","mentions":[],"hashtags":[],"geo":"","raw":"not that bad but it could be better","polarity":{"com":null,"pos":null,"neg":null,"neut":null,"none":null},"intensity":{"high":null,"low":null,"meium":null,"none":null},"expressive":{"dir-action":null,"dir-explicit":null,"dir-speech":null,"indirect":null,"writing-device":null}},{"id":"미스터피자 성수점CESCO","permalink":"","username":"asdfg","text":"피자는역시 미스터피자","date":"Mon Dec 10 23:59:44 +0000 2018","retweets":"30","favorites":"20","mentions":[],"hashtags":[],"geo":"","raw":"피자는역시 미스터피자","polarity":{"com":0,"pos":0.3174603173174603,"neg":0.5079365085079365,"neut":0.09523809509523809,"none":0.07936507907936508},"intensity":{"high":0.031746032,"low":0.238095238,"meium":0.650793651,"none":0.079365079},"expressive":{"dir-action":0,"dir-explicit":0.158730159,"dir-speech":0.666666667,"indirect":0.079365079,"writing-device":0.095238095}},{"id":"미스터피자 성수점CESCO","permalink":"","username":"asdfg","text":"맛있었습니다~~~~!","date":"Mon Dec 10 23:59:44 +0000 2018","retweets":"30","favorites":"20","mentions":[],"hashtags":[],"geo":"","raw":"맛있었습니다~~~~!","polarity":{"com":0,"pos":0,"neg":1,"neut":0,"none":0},"intensity":{"high":0,"low":0,"meium":1,"none":0},"expressive":{"dir-action":0,"dir-explicit":0,"dir-speech":1,"indirect":0,"writing-device":0}},{"id":"미스터피자 성수점CESCO","permalink":"","username":"asdfg","text":"1인1판 피자 맛있어요 또시킬게요","date":"Mon Dec 10 23:59:44 +0000 2018","retweets":"30","favorites":"20","mentions":[],"hashtags":[],"geo":"","raw":"1인1판 피자 맛있어요 또시킬게요","polarity":{"com":0,"pos":0.45238095238690473,"neg":0.44047619038988095,"neut":0,"none":0.10714285722321429},"intensity":{"high":0,"low":0.25,"meium":0.64285714275,"none":0.10714285725},"expressive":{"dir-action":0,"dir-explicit":0.03571428575,"dir-speech":0.5714285715,"indirect":0.25,"writing-device":0.14285714275}},{"id":"미스터피자 성수점CESCO","permalink":"","username":"asdfg","text":"피자는 별로고 사이드는 무난하네요","date":"Mon Dec 10 23:59:44 +0000 2018","retweets":"30","favorites":"20","mentions":[],"hashtags":[],"geo":"","raw":"피자는 별로고 사이드는 무난하네요","polarity":{"com":0.008008008005338673,"pos":0.4158444159438963,"neg":0.4407264409604843,"neut":0.07450307438300205,"none":0.06091806070727872},"intensity":{"high":0.05920205933333334,"low":0.1867581866666667,"meium":0.6921206923333334,"none":0.061919061666666685},"expressive":{"dir-action":0.0010010010000000003,"dir-explicit":0.20992421,"dir-speech":0.4744744746666667,"indirect":0.24209924200000002,"writing-device":0.07250107233333335}},{"id":"미스터피자 성수점CESCO","permalink":"","username":"asdfg","text":"맛있어요^_____^ 다른피자도도전!","date":"Mon Dec 10 23:59:44 +0000 2018","retweets":"30","favorites":"20","mentions":[],"hashtags":[],"geo":"","raw":"맛있어요^_____^ 다른피자도도전!","polarity":{"com":0.0035714285,"pos":0.107142857,"neg":0.6642857145000001,"neut":0.007142857,"none":0.217857143},"intensity":{"high":0.0714285715,"low":0.057142857,"meium":0.6535714285,"none":0.217857143},"expressive":{"dir-action":0,"dir-explicit":0.09285714295357143,"dir-speech":0.649999999675,"indirect":0.042857142978571426,"writing-device":0.21428571439285712}},{"id":"미스터피자 성수점CESCO","permalink":"","username":"asdfg","text":"맛있고 배달도빠르고 친절합니다","date":"Mon Dec 10 23:59:44 +0000 2018","retweets":"30","favorites":"20","mentions":[],"hashtags":[],"geo":"","raw":"맛있고 배달도빠르고 친절합니다","polarity":{"com":0.00483870975,"pos":0.6290322580000001,"neg":0.33817204300000003,"neut":0.020967742,"none":0.00698924725},"intensity":{"high":0.0349462365,"low":0.11236559125000001,"meium":0.8451612905,"none":0.00752688175},"expressive":{"dir-action":0.00161290325,"dir-explicit":0.07849462375,"dir-speech":0.573655914,"indirect":0.33924731175,"writing-device":0.00698924725}},{"id":"미스터피자 성수점CESCO","permalink":"","username":"asdfg","text":"피자맛있었어요 피자는여기서만시켜먹어야쥣","date":"Mon Dec 10 23:59:44 +0000 2018","retweets":"30","favorites":"20","mentions":[],"hashtags":[],"geo":"","raw":"피자맛있었어요 피자는여기서만시켜먹어야쥣","polarity":{"com":0,"pos":0.20757020735378512,"neg":0.6269841273134921,"neut":0.03663003651831502,"none":0.12881562881440783},"intensity":{"high":0.061355311499999995,"low":0.12789987775,"meium":0.681929182,"none":0.12881562875000002},"expressive":{"dir-action":0,"dir-explicit":0.152930403,"dir-speech":0.67521367525,"indirect":0.045482295500000006,"writing-device":0.12637362625}},{"id":"미스터피자 성수점CESCO","permalink":"","username":"asdfg","text":"앗있게 잘 먹었습니다!","date":"Mon Dec 10 23:59:44 +0000 2018","retweets":"30","favorites":"20","mentions":[],"hashtags":[],"geo":"","raw":"앗있게 잘 먹었습니다!","polarity":{"com":0,"pos":0.7321428573660714,"neg":0.10714285705357143,"neut":0.035714285517857144,"none":0.1250000000625},"intensity":{"high":0.0625,"low":0.16964285699999998,"meium":0.5803571430000001,"none":0.1875},"expressive":{"dir-action":0,"dir-explicit":0.16964285699999998,"dir-speech":0.19642857149999998,"indirect":0.4464285715,"writing-device":0.1875}},{"id":"미스터피자 성수점CESCO","permalink":"","username":"asdfg","text":"맛있게 잘 먹었습니다","date":"Mon Dec 10 23:59:44 +0000 2018","retweets":"30","favorites":"20","mentions":[],"hashtags":[],"geo":"","raw":"맛있게 잘 먹었습니다","polarity":{"com":0,"pos":0.35714285717857136,"neg":0.6071428573035714,"neut":0.03571428551785714,"none":0},"intensity":{"high":0,"low":0.107142857,"meium":0.8928571430000001,"none":0},"expressive":{"dir-action":0,"dir-explicit":0.107142857,"dir-speech":0.5714285715,"indirect":0.3214285715,"writing-device":0}},{"id":"미스터피자 성수점CESCO","permalink":"","username":"asdfg","text":"역시 말이필요없는 미피네요","date":"Mon Dec 10 23:59:44 +0000 2018","retweets":"30","favorites":"20","mentions":[],"hashtags":[],"geo":"","raw":"역시 말이필요없는 미피네요","polarity":{"com":0.010279001336759668,"pos":0.2550171317516724,"neg":0.4801762114933921,"neut":0.14047968671349323,"none":0.11404796870468266},"intensity":{"high":0.03524229069016153,"low":0.155163974436776,"meium":0.6940773374627183,"none":0.11551639741034428},"expressive":{"dir-action":0.001468428667645619,"dir-explicit":0.24914341649942895,"dir-speech":0.5648556047099038,"indirect":0.06901615271267744,"writing-device":0.11551639741034428}},{"id":"미스터피자 성수점CESCO","permalink":"","username":"asdfg","text":"맛있어요 직원언니 전화도 착하시고 귀여워요","date":"Mon Dec 10 23:59:44 +0000 2018","retweets":"30","favorites":"20","mentions":[],"hashtags":[],"geo":"","raw":"맛있어요 직원언니 전화도 착하시고 귀여워요","polarity":{"com":0,"pos":0.3333333333333333,"neg":0.6666666666666666,"neut":0,"none":0},"intensity":{"high":0,"low":0,"meium":1,"none":0},"expressive":{"dir-action":0,"dir-explicit":0,"dir-speech":0.6666666666666666,"indirect":0.3333333333333333,"writing-device":0}},{"id":"미스터피자 성수점CESCO","permalink":"","username":"asdfg","text":"배달빠르고 맛있어요 또시켜먹을게여","date":"Mon Dec 10 23:59:44 +0000 2018","retweets":"30","favorites":"20","mentions":[],"hashtags":[],"geo":"","raw":"배달빠르고 맛있어요 또시켜먹을게여","polarity":{"com":0,"pos":0.3721611720511356,"neg":0.5113553113954579,"neut":0.03076923078769231,"none":0.08571428576571428},"intensity":{"high":0.0376068376,"low":0.09059829059999999,"meium":0.786080586,"none":0.0857142858},"expressive":{"dir-action":0,"dir-explicit":0.13455433460000002,"dir-speech":0.7511599512,"indirect":0,"writing-device":0.1142857142}},{"id":"미스터피자 성수점CESCO","permalink":"","username":"asdfg","text":"맛있게 먹어습니다 오늘 하루도 즐겁게 보내시길 바랍니다 ","date":"Mon Dec 10 23:59:44 +0000 2018","retweets":"30","favorites":"20","mentions":[],"hashtags":[],"geo":"","raw":"맛있게 먹어습니다 오늘 하루도 즐겁게 보내시길 바랍니다 ","polarity":{"com":0.4,"pos":0.26666666660000005,"neg":0.3333333334,"neut":0,"none":0},"intensity":{"high":0.2222222222,"low":0.14444444439999998,"meium":0.6333333334,"none":0},"expressive":{"dir-action":0,"dir-explicit":0.3444444444,"dir-speech":0.4555555556,"indirect":0.2,"writing-device":0}},{"id":"미스터피자 성수점CESCO","permalink":"","username":"asdfg","text":"빨르고 맛있어요 마음에 들어요","date":"Mon Dec 10 23:59:44 +0000 2018","retweets":"30","favorites":"20","mentions":[],"hashtags":[],"geo":"","raw":"빨르고 맛있어요 마음에 들어요","polarity":{"com":0.019607843006535945,"pos":0.25490196075163396,"neg":0.7058823532352941,"neut":0.019607843006535945,"none":0},"intensity":{"high":0.019607843,"low":0.03921568633333333,"meium":0.9411764706666667,"none":0},"expressive":{"dir-action":0,"dir-explicit":0.07843137266666667,"dir-speech":0.725490196,"indirect":0.19607843133333333,"writing-device":0}},{"id":"미스터피자 성수점CESCO","permalink":"","username":"asdfg","text":"피자토핑두 적당하고 괜찮은거같아요 적어도 돈아깝단생각은 안들었어요","date":"Mon Dec 10 23:59:44 +0000 2018","retweets":"30","favorites":"20","mentions":[],"hashtags":[],"geo":"","raw":"피자토핑두 적당하고 괜찮은거같아요 적어도 돈아깝단생각은 안들었어요","polarity":{"com":0,"pos":0.2,"neg":0.7,"neut":0,"none":0.1},"intensity":{"high":0,"low":0,"meium":0.9,"none":0.1},"expressive":{"dir-action":0,"dir-explicit":0,"dir-speech":0.5,"indirect":0.2,"writing-device":0.3}},{"id":"미스터피자 성수점CESCO","permalink":"","username":"asdfg","text":"너무 너무 맛있어요","date":"Mon Dec 10 23:59:44 +0000 2018","retweets":"30","favorites":"20","mentions":[],"hashtags":[],"geo":"","raw":"너무 너무 맛있어요","polarity":{"com":0.07142857150000001,"pos":0.07142857150000001,"neg":0.857142857,"neut":0,"none":0},"intensity":{"high":0.07142857150000001,"low":0.07142857150000001,"meium":0.857142857,"none":0},"expressive":{"dir-action":0,"dir-explicit":0.2857142855,"dir-speech":0.642857143,"indirect":0.0714285715,"writing-device":0}},{"id":"미스터피자 성수점CESCO","permalink":"","username":"asdfg","text":"배달빠르고 맛있네요~","date":"Mon Dec 10 23:59:44 +0000 2018","retweets":"30","favorites":"20","mentions":[],"hashtags":[],"geo":"","raw":"배달빠르고 맛있네요~","polarity":{"com":0,"pos":0.5,"neg":0.5,"neut":0,"none":0},"intensity":{"high":0,"low":0,"meium":1,"none":0},"expressive":{"dir-action":0,"dir-explicit":0,"dir-speech":1,"indirect":0,"writing-device":0}}]