[{"id":"피자헤븐 하남점","permalink":"","username":"asdfg","text":"양도 많고 치즈가 쭉~  늘어나서 맛있게잘먹었습니다~~~~","date":"Mon Dec 10 23:59:44 +0000 2018","retweets":"30","favorites":"20","mentions":[],"hashtags":[],"geo":"","raw":"양도 많고 치즈가 쭉~  늘어나서 맛있게잘먹었습니다~~~~","polarity":{"com":0.0035714286007142862,"pos":0.5032608697006522,"neg":0.4487577638897516,"neut":0.039052795007810566,"none":0.005357142801071429},"intensity":{"high":0.08431677021686337,"low":0.10776397502155279,"meium":0.8007763975601553,"none":0.007142857201428571},"expressive":{"dir-action":0,"dir-explicit":0.22220496884444102,"dir-speech":0.33454968946690994,"indirect":0.43788819888757763,"writing-device":0.0053571428010714284}},{"id":"피자헤븐 하남점","permalink":"","username":"asdfg","text":"말이 필요없어요~~JMT.....JMT.....대만족^^","date":"Mon Dec 10 23:59:44 +0000 2018","retweets":"30","favorites":"20","mentions":[],"hashtags":[],"geo":"","raw":"말이 필요없어요~~JMT.....JMT.....대만족^^","polarity":{"com":0,"pos":0,"neg":1,"neut":0,"none":0},"intensity":{"high":0.5,"low":0,"meium":0.5,"none":0},"expressive":{"dir-action":0,"dir-explicit":0.5,"dir-speech":0,"indirect":0.5,"writing-device":0}},{"id":"피자헤븐 하남점","permalink":"","username":"asdfg","text":"완전 맛나요~~ 대박~^^","date":"Mon Dec 10 23:59:44 +0000 2018","retweets":"30","favorites":"20","mentions":[],"hashtags":[],"geo":"","raw":"완전 맛나요~~ 대박~^^","polarity":{"com":0.025,"pos":0.45,"neg":0.525,"neut":0,"none":0},"intensity":{"high":0.025,"low":0.025,"meium":0.95,"none":0},"expressive":{"dir-action":0,"dir-explicit":0.3,"dir-speech":0.425,"indirect":0.275,"writing-device":0}},{"id":"피자헤븐 하남점","permalink":"","username":"asdfg","text":"피자는 피자헤븐 ㅎㅎㅎ 배달도 빠르구용 맛있구용!!!! 다른데껀 두조각 밖에 못먹는데 맛있어서 혼자 네조각이나 먹었네여 ㅎㅎ 치킨텐더도 맛있어용 ㅎㅎ 콜라에 샐러드에 알찬 셋뜨입니당","date":"Mon Dec 10 23:59:44 +0000 2018","retweets":"30","favorites":"20","mentions":[],"hashtags":[],"geo":"","raw":"피자는 피자헤븐 ㅎㅎㅎ 배달도 빠르구용 맛있구용!!!! 다른데껀 두조각 밖에 못먹는데 맛있어서 혼자 네조각이나 먹었네여 ㅎㅎ 치킨텐더도 맛있어용 ㅎㅎ 콜라에 샐러드에 알찬 셋뜨입니당","polarity":{"com":0,"pos":0.2660383597721699,"neg":0.5499669312958305,"neut":0.007936507917328042,"none":0.17605820101467154},"intensity":{"high":0.06445105825,"low":0.092063492,"meium":0.66742724875,"none":0.176058201},"expressive":{"dir-action":0,"dir-explicit":0.05072751325,"dir-speech":0.5375000000833333,"indirect":0.20105820100000002,"writing-device":0.2107142856666667}},{"id":"피자헤븐 하남점","permalink":"","username":"asdfg","text":"맛있어요!!!!우와아아앙","date":"Mon Dec 10 23:59:44 +0000 2018","retweets":"30","favorites":"20","mentions":[],"hashtags":[],"geo":"","raw":"맛있어요!!!!우와아아앙","polarity":{"com":0,"pos":0,"neg":1,"neut":0,"none":0},"intensity":{"high":0,"low":0,"meium":1,"none":0},"expressive":{"dir-action":0,"dir-explicit":0,"dir-speech":1,"indirect":0,"writing-device":0}},{"id":"피자헤븐 하남점","permalink":"","username":"asdfg","text":"넘넘 맛있어여어어어엉~!!!","date":"Mon Dec 10 23:59:44 +0000 2018","retweets":"30","favorites":"20","mentions":[],"hashtags":[],"geo":"","raw":"넘넘 맛있어여어어어엉~!!!","polarity":{"com":null,"pos":null,"neg":null,"neut":null,"none":null},"intensity":{"high":null,"low":null,"meium":null,"none":null},"expressive":{"dir-action":null,"dir-explicit":null,"dir-speech":null,"indirect":null,"writing-device":null}},{"id":"피자헤븐 하남점","permalink":"","username":"asdfg","text":"여기가 젤맛있는것같아요! 토핑듬뿍듬뿍!","date":"Mon Dec 10 23:59:44 +0000 2018","retweets":"30","favorites":"20","mentions":[],"hashtags":[],"geo":"","raw":"여기가 젤맛있는것같아요! 토핑듬뿍듬뿍!","polarity":{"com":0,"pos":0.19696969693434346,"neg":0.6212121211262627,"neut":0.030303030323232324,"none":0.15151515161616164},"intensity":{"high":0,"low":0,"meium":0.8484848483333334,"none":0.15151515166666665},"expressive":{"dir-action":0,"dir-explicit":0.09090909096969697,"dir-speech":0.7272727270909091,"indirect":0.030303030323232324,"writing-device":0.15151515161616164}},{"id":"피자헤븐 하남점","permalink":"","username":"asdfg","text":"여기서 처음 시켜 먹는데 넘넘 맛있었어요~~~ 세트니까 파스타 퀄리티 기대 안하구 시켰는데 왠만한 양식집보다 맛있었던거같아요~~  ㅎ피자 토핑도 많고^^ 맛잇게 먹엇네요 ㅎㅎ 배송도 빠르구요~~ 피자먹고플때 또 시킬게요","date":"Mon Dec 10 23:59:44 +0000 2018","retweets":"30","favorites":"20","mentions":[],"hashtags":[],"geo":"","raw":"여기서 처음 시켜 먹는데 넘넘 맛있었어요~~~ 세트니까 파스타 퀄리티 기대 안하구 시켰는데 왠만한 양식집보다 맛있었던거같아요~~  ㅎ피자 토핑도 많고^^ 맛잇게 먹엇네요 ㅎㅎ 배송도 빠르구요~~ 피자먹고플때 또 시킬게요","polarity":{"com":0.013636363633884296,"pos":0.4702872883690386,"neg":0.4373868556477478,"neut":0.02609208972252871,"none":0.052597402626800474},"intensity":{"high":0.05281713236363637,"low":0.07558703918181818,"meium":0.8189984258181817,"none":0.05259740263636364},"expressive":{"dir-action":0,"dir-explicit":0.2588810179529307,"dir-speech":0.554755345626408,"indirect":0.04350649353754426,"writing-device":0.14285714288311688}},{"id":"피자헤븐 하남점","permalink":"","username":"asdfg","text":"맛납니다 번창하세요ㅎㅈㅅ","date":"Mon Dec 10 23:59:44 +0000 2018","retweets":"30","favorites":"20","mentions":[],"hashtags":[],"geo":"","raw":"맛납니다 번창하세요ㅎㅈㅅ","polarity":{"com":0,"pos":1,"neg":0,"neut":0,"none":0},"intensity":{"high":0,"low":0,"meium":1,"none":0},"expressive":{"dir-action":0,"dir-explicit":0,"dir-speech":1,"indirect":0,"writing-device":0}},{"id":"피자헤븐 하남점","permalink":"","username":"asdfg","text":"손편지덕분에 피자열기전부터 기분좋아졌어요 ~ 그리고 피자맛도 정말 맛있었어요 ㅎ 약간 매콤해서 해물인 쉬림프랑 잘어울리고 브로콜리도 너무 잘어울리고 또주문할것같아요 피자 잘안시켜먹는데 이번계기로 여기서 자주 시켜먹을듯합니당 ","date":"Mon Dec 10 23:59:44 +0000 2018","retweets":"30","favorites":"20","mentions":[],"hashtags":[],"geo":"","raw":"손편지덕분에 피자열기전부터 기분좋아졌어요 ~ 그리고 피자맛도 정말 맛있었어요 ㅎ 약간 매콤해서 해물인 쉬림프랑 잘어울리고 브로콜리도 너무 잘어울리고 또주문할것같아요 피자 잘안시켜먹는데 이번계기로 여기서 자주 시켜먹을듯합니당 ","polarity":{"com":0.010441975632128524,"pos":0.5340493850807393,"neg":0.33072326075424857,"neut":0.027783567738304395,"none":0.09700181079457902},"intensity":{"high":0.06560154763503168,"low":0.1307105137963532,"meium":0.7064148887740218,"none":0.09727304979459334},"expressive":{"dir-action":0.0004976113683686725,"dir-explicit":0.22937851308111806,"dir-speech":0.41257829353551806,"indirect":0.2522108696050305,"writing-device":0.10533471240996475}},{"id":"피자헤븐 하남점","permalink":"","username":"asdfg","text":"맛있어요. 재주문했네요","date":"Mon Dec 10 23:59:44 +0000 2018","retweets":"30","favorites":"20","mentions":[],"hashtags":[],"geo":"","raw":"맛있어요. 재주문했네요","polarity":{"com":0.006451612999999999,"pos":0.33870967733333335,"neg":0.617562724,"neut":0.027956989333333335,"none":0.009318996333333334},"intensity":{"high":0.21326164866666664,"low":0.038709677333333324,"meium":0.7379928316666666,"none":0.010035842333333331},"expressive":{"dir-action":0.0021505376666666664,"dir-explicit":0.10465949833333332,"dir-speech":0.4315412186666666,"indirect":0.45232974899999995,"writing-device":0.009318996333333333}},{"id":"피자헤븐 하남점","permalink":"","username":"asdfg","text":"역시나 빠른배달ㅎㅎㅎ더블포테이토는 첨 시키는데 부드럽고 맛낫음! 핫 윙도 중독성잇구 굿이엿슴~","date":"Mon Dec 10 23:59:44 +0000 2018","retweets":"30","favorites":"20","mentions":[],"hashtags":[],"geo":"","raw":"역시나 빠른배달ㅎㅎㅎ더블포테이토는 첨 시키는데 부드럽고 맛낫음! 핫 윙도 중독성잇구 굿이엿슴~","polarity":{"com":0.012256493501532061,"pos":0.7653318903456664,"neg":0.13865440126733178,"neut":0.013690476126711308,"none":0.07006673875875835},"intensity":{"high":0.027507215003438404,"low":0.10275974013784497,"meium":0.7996663060999583,"none":0.07006673875875835},"expressive":{"dir-action":0,"dir-explicit":0.20214646472473172,"dir-speech":0.38219696970222533,"indirect":0.34449855695693765,"writing-device":0.07115800861610526}},{"id":"피자헤븐 하남점","permalink":"","username":"asdfg","text":"여기피자 진짜 맛있음 짱짱 ","date":"Mon Dec 10 23:59:44 +0000 2018","retweets":"30","favorites":"20","mentions":[],"hashtags":[],"geo":"","raw":"여기피자 진짜 맛있음 짱짱 ","polarity":{"com":0,"pos":0,"neg":1,"neut":0,"none":0},"intensity":{"high":0,"low":0,"meium":1,"none":0},"expressive":{"dir-action":0,"dir-explicit":0,"dir-speech":1,"indirect":0,"writing-device":0}},{"id":"피자헤븐 하남점","permalink":"","username":"asdfg","text":"33자취남새로 생겨서 몇번 시켜먹어봄.사무실 식구들 다들 만족함.치즈좋아하시는분들 추천.토핑에 치즈ㄱ많음","date":"Mon Dec 10 23:59:44 +0000 2018","retweets":"30","favorites":"20","mentions":[],"hashtags":[],"geo":"","raw":"33자취남새로 생겨서 몇번 시켜먹어봄.사무실 식구들 다들 만족함.치즈좋아하시는분들 추천.토핑에 치즈ㄱ많음","polarity":{"com":0.014888010500000002,"pos":0.4342358365000001,"neg":0.5054249013,"neut":0.0409057972,"none":0.004545454500000001},"intensity":{"high":0.0983739568196748,"low":0.14281510752856302,"meium":0.7513669303502735,"none":0.0074440053014888},"expressive":{"dir-action":0,"dir-explicit":0.41145147122343545,"dir-speech":0.4041512956212454,"indirect":0.17985177865395555,"writing-device":0.004545454501363636}},{"id":"피자헤븐 하남점","permalink":"","username":"asdfg","text":"맛있어요 감사합니다","date":"Mon Dec 10 23:59:44 +0000 2018","retweets":"30","favorites":"20","mentions":[],"hashtags":[],"geo":"","raw":"맛있어요 감사합니다","polarity":{"com":0,"pos":0.5,"neg":0.5,"neut":0,"none":0},"intensity":{"high":0.5,"low":0,"meium":0.5,"none":0},"expressive":{"dir-action":0,"dir-explicit":0,"dir-speech":1,"indirect":0,"writing-device":0}},{"id":"피자헤븐 하남점","permalink":"","username":"asdfg","text":"감사합니다 잘 먹았어요","date":"Mon Dec 10 23:59:44 +0000 2018","retweets":"30","favorites":"20","mentions":[],"hashtags":[],"geo":"","raw":"감사합니다 잘 먹았어요","polarity":{"com":0,"pos":0.8571428574285714,"neg":0.10714285705357143,"neut":0.035714285517857144,"none":0},"intensity":{"high":0.5,"low":0.107142857,"meium":0.392857143,"none":0},"expressive":{"dir-action":0,"dir-explicit":0.107142857,"dir-speech":0.5714285715,"indirect":0.3214285715,"writing-device":0}},{"id":"피자헤븐 하남점","permalink":"","username":"asdfg","text":"정말 맛있게 잘 먹었습니다 ","date":"Mon Dec 10 23:59:44 +0000 2018","retweets":"30","favorites":"20","mentions":[],"hashtags":[],"geo":"","raw":"정말 맛있게 잘 먹었습니다 ","polarity":{"com":0,"pos":0.7321428573660714,"neg":0.10714285705357143,"neut":0.035714285517857144,"none":0.1250000000625},"intensity":{"high":0.25,"low":0.107142857,"meium":0.5178571430000001,"none":0.125},"expressive":{"dir-action":0,"dir-explicit":0.357142857,"dir-speech":0.19642857149999998,"indirect":0.3214285715,"writing-device":0.125}},{"id":"피자헤븐 하남점","permalink":"","username":"asdfg","text":"맛있게 잘 먹었어요","date":"Mon Dec 10 23:59:44 +0000 2018","retweets":"30","favorites":"20","mentions":[],"hashtags":[],"geo":"","raw":"맛있게 잘 먹었어요","polarity":{"com":0,"pos":0.35714285717857136,"neg":0.6071428573035714,"neut":0.03571428551785714,"none":0},"intensity":{"high":0,"low":0.107142857,"meium":0.8928571430000001,"none":0},"expressive":{"dir-action":0,"dir-explicit":0.107142857,"dir-speech":0.5714285715,"indirect":0.3214285715,"writing-device":0}},{"id":"피자헤븐 하남점","permalink":"","username":"asdfg","text":"맛있네요~~~~~~~","date":"Mon Dec 10 23:59:44 +0000 2018","retweets":"30","favorites":"20","mentions":[],"hashtags":[],"geo":"","raw":"맛있네요~~~~~~~","polarity":{"com":0,"pos":0,"neg":1,"neut":0,"none":0},"intensity":{"high":0,"low":0,"meium":1,"none":0},"expressive":{"dir-action":0,"dir-explicit":0,"dir-speech":1,"indirect":0,"writing-device":0}},{"id":"피자헤븐 하남점","permalink":"","username":"asdfg","text":"맛있어요 ㅋㅋㅎㅋㅎㅋㅋㅎㅎㅋ","date":"Mon Dec 10 23:59:44 +0000 2018","retweets":"30","favorites":"20","mentions":[],"hashtags":[],"geo":"","raw":"맛있어요 ㅋㅋㅎㅋㅎㅋㅋㅎㅎㅋ","polarity":{"com":0,"pos":0,"neg":1,"neut":0,"none":0},"intensity":{"high":0,"low":0,"meium":1,"none":0},"expressive":{"dir-action":0,"dir-explicit":0,"dir-speech":1,"indirect":0,"writing-device":0}}]