[{"id":"김준현의피자헤븐 고덕점","permalink":"","username":"asdfg","text":"맛있게 잘먹었습니다^^","date":"Mon Dec 10 23:59:44 +0000 2018","retweets":"30","favorites":"20","mentions":[],"hashtags":[],"geo":"","raw":"맛있게 잘먹었습니다^^","polarity":{"com":0,"pos":0.35714285717857136,"neg":0.6071428573035714,"neut":0.03571428551785714,"none":0},"intensity":{"high":0,"low":0.107142857,"meium":0.8928571430000001,"none":0},"expressive":{"dir-action":0,"dir-explicit":0.107142857,"dir-speech":0.5714285715,"indirect":0.3214285715,"writing-device":0}},{"id":"김준현의피자헤븐 고덕점","permalink":"","username":"asdfg","text":"요기피자는 그럭저럭피자였음돠 ","date":"Mon Dec 10 23:59:44 +0000 2018","retweets":"30","favorites":"20","mentions":[],"hashtags":[],"geo":"","raw":"요기피자는 그럭저럭피자였음돠 ","polarity":{"com":0.0076252723358750905,"pos":0.401027077467009,"neg":0.4285714288095238,"neut":0.06224712102074904,"none":0.10052910036684302},"intensity":{"high":0.053065670684355214,"low":0.10659819470219939,"meium":0.7398070342466023,"none":0.10052910036684301},"expressive":{"dir-action":0,"dir-explicit":0.19234360433333333,"dir-speech":0.45642701533333335,"indirect":0.238873327,"writing-device":0.11235605333333333}},{"id":"김준현의피자헤븐 고덕점","permalink":"","username":"asdfg","text":"피자 맛있게 잘먹었어요.","date":"Mon Dec 10 23:59:44 +0000 2018","retweets":"30","favorites":"20","mentions":[],"hashtags":[],"geo":"","raw":"피자 맛있게 잘먹었어요.","polarity":{"com":0,"pos":0.35714285717857136,"neg":0.6071428573035714,"neut":0.03571428551785714,"none":0},"intensity":{"high":0,"low":0.107142857,"meium":0.8928571430000001,"none":0},"expressive":{"dir-action":0,"dir-explicit":0.107142857,"dir-speech":0.5714285715,"indirect":0.3214285715,"writing-device":0}},{"id":"김준현의피자헤븐 고덕점","permalink":"","username":"asdfg","text":"한조각 흡입후 사진ㅋㅋㅋㅋㅋ늦은시간인데도 맛있게잘시켜먹었습니다!","date":"Mon Dec 10 23:59:44 +0000 2018","retweets":"30","favorites":"20","mentions":[],"hashtags":[],"geo":"","raw":"한조각 흡입후 사진ㅋㅋㅋㅋㅋ늦은시간인데도 맛있게잘시켜먹었습니다!","polarity":{"com":0.0011904761668650795,"pos":0.33531746022255293,"neg":0.5765873017627646,"neut":0.014285714169047621,"none":0.07261904767876985},"intensity":{"high":0.083994709,"low":0.09179894166666668,"meium":0.7515873016666667,"none":0.07261904766666667},"expressive":{"dir-action":0,"dir-explicit":0.22870370362854942,"dir-speech":0.3701058201049824,"indirect":0.329761904778373,"writing-device":0.07142857148809524}},{"id":"김준현의피자헤븐 고덕점","permalink":"","username":"asdfg","text":"배달도 빠르고 맛있네요~^^","date":"Mon Dec 10 23:59:44 +0000 2018","retweets":"30","favorites":"20","mentions":[],"hashtags":[],"geo":"","raw":"배달도 빠르고 맛있네요~^^","polarity":{"com":0,"pos":0.6666666666666666,"neg":0.3333333333333333,"neut":0,"none":0},"intensity":{"high":0,"low":0.111111111,"meium":0.888888889,"none":0},"expressive":{"dir-action":0,"dir-explicit":0,"dir-speech":0.6666666666666666,"indirect":0.3333333333333333,"writing-device":0}},{"id":"김준현의피자헤븐 고덕점","permalink":"","username":"asdfg","text":"맛있게잘먹었습니다 굿!!!","date":"Mon Dec 10 23:59:44 +0000 2018","retweets":"30","favorites":"20","mentions":[],"hashtags":[],"geo":"","raw":"맛있게잘먹었습니다 굿!!!","polarity":{"com":0,"pos":0.5714285715238094,"neg":0.40476190480158736,"neut":0.023809523674603175,"none":0},"intensity":{"high":0,"low":0.07142857133333333,"meium":0.9285714286666668,"none":0},"expressive":{"dir-action":0,"dir-explicit":0.07142857133333333,"dir-speech":0.380952381,"indirect":0.5476190476666667,"writing-device":0}},{"id":"김준현의피자헤븐 고덕점","permalink":"","username":"asdfg","text":"ㅡ","date":"Mon Dec 10 23:59:44 +0000 2018","retweets":"30","favorites":"20","mentions":[],"hashtags":[],"geo":"","raw":"ㅡㅡㅡㅡㅡㅡㅡㅡㅡㅡㅡㅡ","polarity":{"com":null,"pos":null,"neg":null,"neut":null,"none":null},"intensity":{"high":null,"low":null,"meium":null,"none":null},"expressive":{"dir-action":null,"dir-explicit":null,"dir-speech":null,"indirect":null,"writing-device":null}},{"id":"김준현의피자헤븐 고덕점","permalink":"","username":"asdfg","text":"역시 실망시키지 않는 주문!좀 많이 식어서 치즈가 늘어나지는 않았지만식어도 맛있는건 함정ㅋ","date":"Mon Dec 10 23:59:44 +0000 2018","retweets":"30","favorites":"20","mentions":[],"hashtags":[],"geo":"","raw":"역시 실망시키지 않는 주문!좀 많이 식어서 치즈가 늘어나지는 않았지만식어도 맛있는건 함정ㅋ","polarity":{"com":0.0017857143003571427,"pos":0.35059523807011905,"neg":0.5527777779105556,"neut":0.050892857110178574,"none":0.043948412608789685},"intensity":{"high":0.23591269849999996,"low":0.0734126984,"meium":0.6458333332999999,"none":0.0448412698},"expressive":{"dir-action":0.005555555600555555,"dir-explicit":0.26559523812655955,"dir-speech":0.3134722222313472,"indirect":0.3698412698369842,"writing-device":0.04553571420455357}},{"id":"김준현의피자헤븐 고덕점","permalink":"","username":"asdfg","text":"배달이 빨라서  너무뜨거워 식혀먹었습니다  전체적인 맛이나  치즈상태등  최상입니다  추천합니다~","date":"Mon Dec 10 23:59:44 +0000 2018","retweets":"30","favorites":"20","mentions":[],"hashtags":[],"geo":"","raw":"배달이 빨라서  너무뜨거워 식혀먹었습니다  전체적인 맛이나  치즈상태등  최상입니다  추천합니다~","polarity":{"com":0.020956530777777774,"pos":0.6108258117777777,"neg":0.2985008818888889,"neut":0.02033405955555556,"none":0.049382716},"intensity":{"high":0.13987446825330543,"low":0.0957568211323904,"meium":0.7149859946033302,"none":0.04938271601097394},"expressive":{"dir-action":0,"dir-explicit":0.18113912233333332,"dir-speech":0.4131912024444444,"indirect":0.35192966077777776,"writing-device":0.05374001444444445}},{"id":"김준현의피자헤븐 고덕점","permalink":"","username":"asdfg","text":"맛나게 잘 먹었습니다.","date":"Mon Dec 10 23:59:44 +0000 2018","retweets":"30","favorites":"20","mentions":[],"hashtags":[],"geo":"","raw":"맛나게 잘 먹었습니다.","polarity":{"com":0,"pos":0.7142857147142857,"neg":0.21428571421428572,"neut":0.07142857107142857,"none":0},"intensity":{"high":0,"low":0.214285714,"meium":0.785714286,"none":0},"expressive":{"dir-action":0,"dir-explicit":0.214285714,"dir-speech":0.142857143,"indirect":0.642857143,"writing-device":0}},{"id":"김준현의피자헤븐 고덕점","permalink":"","username":"asdfg","text":"눈꽃치즈 메코메무쵸 주문했는데 새우살이 통통한게 기분좋게 씹히네요 매콤해서 느끼한줄모르고 엄청먹었어요 이러다 모든메뉴한번씩 다시켜먹어볼것같아요;;ㅋ 맛있게 잘먹었습니당","date":"Mon Dec 10 23:59:44 +0000 2018","retweets":"30","favorites":"20","mentions":[],"hashtags":[],"geo":"","raw":"눈꽃치즈 메코메무쵸 주문했는데 새우살이 통통한게 기분좋게 씹히네요 매콤해서 느끼한줄모르고 엄청먹었어요 이러다 모든메뉴한번씩 다시켜먹어볼것같아요;;ㅋ 맛있게 잘먹었습니당","polarity":{"com":0.008389965691016929,"pos":0.42968664239543286,"neg":0.4646519700054382,"neut":0.042265706378112965,"none":0.05500571552999912},"intensity":{"high":0.0751294063846154,"low":0.17362537861538463,"meium":0.695612073,"none":0.055633142000000003},"expressive":{"dir-action":0.0009582783846153846,"dir-explicit":0.2810725641538461,"dir-speech":0.4015354966153845,"indirect":0.18083773976923076,"writing-device":0.13559592107692306}},{"id":"김준현의피자헤븐 고덕점","permalink":"","username":"asdfg","text":"쉬림프 디럭스 너무 맛있어서 여기서 시킬 때는 항상 이것만 시켜먹어용ㅎㅎ 배달도 엄청 빨라서 좋아요!!","date":"Mon Dec 10 23:59:44 +0000 2018","retweets":"30","favorites":"20","mentions":[],"hashtags":[],"geo":"","raw":"쉬림프 디럭스 너무 맛있어서 여기서 시킬 때는 항상 이것만 시켜먹어용ㅎㅎ 배달도 엄청 빨라서 좋아요!!","polarity":{"com":0.017857142875,"pos":0.5703571428750001,"neg":0.36511904762499997,"neut":0.041666666625,"none":0.005},"intensity":{"high":0.18174603175,"low":0.09230158725,"meium":0.720952381,"none":0.005},"expressive":{"dir-action":0,"dir-explicit":0.174206349125,"dir-speech":0.657936508,"indirect":0.162857142875,"writing-device":0.005}},{"id":"김준현의피자헤븐 고덕점","permalink":"","username":"asdfg","text":"또 사대천왕 먹었어요^^  사대천왕 짱짱!     ","date":"Mon Dec 10 23:59:44 +0000 2018","retweets":"30","favorites":"20","mentions":[],"hashtags":[],"geo":"","raw":"또 사대천왕 먹었어요^^  사대천왕 짱짱!     ","polarity":{"com":0,"pos":0.23809523788095235,"neg":0.5476190477261905,"neut":0,"none":0.21428571439285712},"intensity":{"high":0.0555555555,"low":0.111111111,"meium":0.619047619,"none":0.2142857145},"expressive":{"dir-action":0,"dir-explicit":0.1825396825,"dir-speech":0.531746032,"indirect":0,"writing-device":0.2857142855}},{"id":"김준현의피자헤븐 고덕점","permalink":"","username":"asdfg","text":"할머니가 피자를 좋아하셔서 항상 ㅍㅈㅎ 이나 ㄷㅁㄴ같은곳에 주문하다 배달통 리뷰보구 첨으로 주문해보았는데 여태 드신곳중에 제일맛있게드셨데요 사대천왕 먹었는데 대만족이었습니당 잘먹었습니당 자주애용할께요!","date":"Mon Dec 10 23:59:44 +0000 2018","retweets":"30","favorites":"20","mentions":[],"hashtags":[],"geo":"","raw":"할머니가 피자를 좋아하셔서 항상 ㅍㅈㅎ 이나 ㄷㅁㄴ같은곳에 주문하다 배달통 리뷰보구 첨으로 주문해보았는데 여태 드신곳중에 제일맛있게드셨데요 사대천왕 먹었는데 대만족이었습니당 잘먹었습니당 자주애용할께요!","polarity":{"com":0.035495179999999994,"pos":0.5588983618888889,"neg":0.31909905133333333,"neut":0.05140946761111111,"none":0.03509793916666667},"intensity":{"high":0.07728774206414311,"low":0.115165861290574,"meium":0.7718329513635369,"none":0.03571344528174594},"expressive":{"dir-action":0.001066137055496326,"dir-explicit":0.3464322264251982,"dir-speech":0.4434732932531404,"indirect":0.1690830830461621,"writing-device":0.03994526022000305}},{"id":"김준현의피자헤븐 고덕점","permalink":"","username":"asdfg","text":"다양한 옵션이 있어서 좋았고맛도 좋았습니다.","date":"Mon Dec 10 23:59:44 +0000 2018","retweets":"30","favorites":"20","mentions":[],"hashtags":[],"geo":"","raw":"다양한 옵션이 있어서 좋았고맛도 좋았습니다.","polarity":{"com":0,"pos":0.7987692308,"neg":0.15446153840000001,"neut":0.030769230800000002,"none":0.016},"intensity":{"high":0.11076923080000001,"low":0.10411188819999999,"meium":0.7509370627999999,"none":0.034181818200000005},"expressive":{"dir-action":0,"dir-explicit":0.4693706294,"dir-speech":0.3261538462,"indirect":0.18847552439999998,"writing-device":0.016}},{"id":"김준현의피자헤븐 고덕점","permalink":"","username":"asdfg","text":"맛나요 ~~-~~~~~^","date":"Mon Dec 10 23:59:44 +0000 2018","retweets":"30","favorites":"20","mentions":[],"hashtags":[],"geo":"","raw":"맛나요 ~~-~~~~~^","polarity":{"com":0,"pos":1,"neg":0,"neut":0,"none":0},"intensity":{"high":0,"low":0,"meium":1,"none":0},"expressive":{"dir-action":0,"dir-explicit":0,"dir-speech":1,"indirect":0,"writing-device":0}},{"id":"김준현의피자헤븐 고덕점","permalink":"","username":"asdfg","text":"오랫만에 시켰는데 진짜 어떻게 똑같이 맛있을까...","date":"Mon Dec 10 23:59:44 +0000 2018","retweets":"30","favorites":"20","mentions":[],"hashtags":[],"geo":"","raw":"오랫만에 시켰는데 진짜 어떻게 똑같이 맛있을까...","polarity":{"com":0,"pos":0.0833333335,"neg":0.6666666665000001,"neut":0,"none":0.25},"intensity":{"high":0.1666666665,"low":0.0833333335,"meium":0.5,"none":0.25},"expressive":{"dir-action":0,"dir-explicit":0.08333333345833334,"dir-speech":0.5833333332083334,"indirect":0.08333333345833334,"writing-device":0.24999999987500005}},{"id":"김준현의피자헤븐 고덕점","permalink":"","username":"asdfg","text":"맛있네요 추천합니다","date":"Mon Dec 10 23:59:44 +0000 2018","retweets":"30","favorites":"20","mentions":[],"hashtags":[],"geo":"","raw":"맛있네요 추천합니다","polarity":{"com":0,"pos":0.5,"neg":0.5,"neut":0,"none":0},"intensity":{"high":0.25,"low":0,"meium":0.75,"none":0},"expressive":{"dir-action":0,"dir-explicit":0,"dir-speech":0.5,"indirect":0.5,"writing-device":0}},{"id":"김준현의피자헤븐 고덕점","permalink":"","username":"asdfg","text":"맛있어요..여러번 먹었는데...앱으로는 처음 주문해봐서...배달만 쫌더 빨랐으면 좋겠습니다~","date":"Mon Dec 10 23:59:44 +0000 2018","retweets":"30","favorites":"20","mentions":[],"hashtags":[],"geo":"","raw":"맛있어요..여러번 먹었는데...앱으로는 처음 주문해봐서...배달만 쫌더 빨랐으면 좋겠습니다~","polarity":{"com":0.007627688249046538,"pos":0.6102226506737222,"neg":0.3312418185835947,"neut":0.03177010287102874,"none":0.019137739622607782},"intensity":{"high":0.09893447087499999,"low":0.06858013862500001,"meium":0.813078833625,"none":0.019406556875},"expressive":{"dir-action":0.0008064516251008064,"dir-explicit":0.24347436503043432,"dir-speech":0.5043853241880482,"indirect":0.22698778627837346,"writing-device":0.02434607287804326}},{"id":"김준현의피자헤븐 고덕점","permalink":"","username":"asdfg","text":"가격이 저렴해서 그런지 크기가 작았지만 맛있었습니다","date":"Mon Dec 10 23:59:44 +0000 2018","retweets":"30","favorites":"20","mentions":[],"hashtags":[],"geo":"","raw":"가격이 저렴해서 그런지 크기가 작았지만 맛있었습니다","polarity":{"com":0.008376233399999999,"pos":0.45466537979999994,"neg":0.4541184039999999,"neut":0.0226780352,"none":0.06016194759999999},"intensity":{"high":0.1216323466,"low":0.07157872159999999,"meium":0.7442406692000001,"none":0.06254826259999999},"expressive":{"dir-action":0.0006006006001201201,"dir-explicit":0.15412912903082582,"dir-speech":0.34718468466943697,"indirect":0.43732303748746465,"writing-device":0.06076254821215251}},{"id":"김준현의피자헤븐 고덕점","permalink":"","username":"asdfg","text":"너무 맛있게 잘먹었어요. 감사합니다~","date":"Mon Dec 10 23:59:44 +0000 2018","retweets":"30","favorites":"20","mentions":[],"hashtags":[],"geo":"","raw":"너무 맛있게 잘먹었어요. 감사합니다~","polarity":{"com":0.04761904768253968,"pos":0.6190476192063492,"neg":0.3095238094365079,"neut":0.023809523674603175,"none":0},"intensity":{"high":0.380952381,"low":0.119047619,"meium":0.5,"none":0},"expressive":{"dir-action":0,"dir-explicit":0.26190476166666665,"dir-speech":0.47619047633333333,"indirect":0.26190476199999996,"writing-device":0}},{"id":"김준현의피자헤븐 고덕점","permalink":"","username":"asdfg","text":"예상시간보다 훨씬 빨리 오고\n피자도 맛있어요.\n다른분 리뷰에서 본것처럼 진짜로 빵이 맛있네요^^\n끝부분까지  깨끗하게 먹었어요.\n 메뉴를 빠뜨리고 오셨는데.. 전화드렸더니  굉장히  빨리 가져다주심. 아마 놓고 오신듯~~","date":"Mon Dec 10 23:59:44 +0000 2018","retweets":"30","favorites":"20","mentions":[],"hashtags":[],"geo":"","raw":"예상시간보다 훨씬 빨리 오고\n피자도 맛있어요.\n다른분 리뷰에서 본것처럼 진짜로 빵이 맛있네요^^\n끝부분까지  깨끗하게 먹었어요.\n 메뉴를 빠뜨리고 오셨는데.. 전화드렸더니  굉장히  빨리 가져다주심. 아마 놓고 오신듯~~","polarity":{"com":0.009559225722222222,"pos":0.5299500013333334,"neg":0.2887193583333334,"neut":0.04593532538888889,"none":0.12583608922222222},"intensity":{"high":0.13696441166666665,"low":0.06442780294444445,"meium":0.6698348720555555,"none":0.12877291333333332},"expressive":{"dir-action":0.0011192857221600397,"dir-explicit":0.28939156531725607,"dir-speech":0.31081392259384366,"indirect":0.2663077153185385,"writing-device":0.1323675110482018}},{"id":"김준현의피자헤븐 고덕점","permalink":"","username":"asdfg","text":"빠르고 맛있음 메뉴초이스 아쉬움 하와이안 소스맛위주임 치즈맛느끼고싶으면 다른메뉴추천","date":"Mon Dec 10 23:59:44 +0000 2018","retweets":"30","favorites":"20","mentions":[],"hashtags":[],"geo":"","raw":"빠르고 맛있음 메뉴초이스 아쉬움 하와이안 소스맛위주임 치즈맛느끼고싶으면 다른메뉴추천","polarity":{"com":0,"pos":0.7142857143877551,"neg":0.19047619045578232,"neut":0.09523809515646257,"none":0},"intensity":{"high":0.047619047571428576,"low":0.14285714285714285,"meium":0.8095238095714287,"none":0},"expressive":{"dir-action":0,"dir-explicit":0.19047619042857145,"dir-speech":0.5238095238571429,"indirect":0.2857142857142857,"writing-device":0}},{"id":"김준현의피자헤븐 고덕점","permalink":"","username":"asdfg","text":"맛있네요 만족합니다. 굳굳","date":"Mon Dec 10 23:59:44 +0000 2018","retweets":"30","favorites":"20","mentions":[],"hashtags":[],"geo":"","raw":"맛있네요 만족합니다. 굳굳","polarity":{"com":0,"pos":0,"neg":1,"neut":0,"none":0},"intensity":{"high":0,"low":0,"meium":1,"none":0},"expressive":{"dir-action":0,"dir-explicit":0.5,"dir-speech":0.5,"indirect":0,"writing-device":0}},{"id":"김준현의피자헤븐 고덕점","permalink":"","username":"asdfg","text":"역시 믿고시키는 지점. 동네원탑","date":"Mon Dec 10 23:59:44 +0000 2018","retweets":"30","favorites":"20","mentions":[],"hashtags":[],"geo":"","raw":"역시 믿고시키는 지점. 동네원탑","polarity":{"com":0,"pos":0.16666666658333332,"neg":0.5000000002499999,"neut":0.16666666658333332,"none":0.16666666658333332},"intensity":{"high":0,"low":0.6666666668333333,"meium":0.16666666658333332,"none":0.16666666658333332},"expressive":{"dir-action":0,"dir-explicit":0.16666666658333332,"dir-speech":0.6666666668333333,"indirect":0,"writing-device":0.16666666658333332}},{"id":"김준현의피자헤븐 고덕점","permalink":"","username":"asdfg","text":"또 시켜 먹었다. 넘나 친절하다. 신속배달 4분컷.\n사장님 윾쾌하시다.","date":"Mon Dec 10 23:59:44 +0000 2018","retweets":"30","favorites":"20","mentions":[],"hashtags":[],"geo":"","raw":"또 시켜 먹었다. 넘나 친절하다. 신속배달 4분컷.\n사장님 윾쾌하시다.","polarity":{"com":0.00480480479903904,"pos":0.4177606177164479,"neg":0.48030888030393826,"neut":0.0066066065986786805,"none":0.0905190905818962},"intensity":{"high":0.1117117116,"low":0.1945945946,"meium":0.6025740026,"none":0.09111969119999999},"expressive":{"dir-action":0.0006006006001201201,"dir-explicit":0.202145002040429,"dir-speech":0.4973830974994766,"indirect":0.18018018023603605,"writing-device":0.11969111962393823}},{"id":"김준현의피자헤븐 고덕점","permalink":"","username":"asdfg","text":"욕을 못써서 그러는데 조오ㄴ ㅏ 맛있다","date":"Mon Dec 10 23:59:44 +0000 2018","retweets":"30","favorites":"20","mentions":[],"hashtags":[],"geo":"","raw":"욕을 못써서 그러는데 조오ㄴ ㅏ 맛있다","polarity":{"com":0.027272727205454542,"pos":0.17863636363572724,"neg":0.6068181819213636,"neut":0.00909090900181818,"none":0.17818181823563634},"intensity":{"high":0.2931818182,"low":0.009090909,"meium":0.5195454546,"none":0.1781818182},"expressive":{"dir-action":0,"dir-explicit":0.059090909000000004,"dir-speech":0.6445454546,"indirect":0.1181818182,"writing-device":0.1781818182}},{"id":"김준현의피자헤븐 고덕점","permalink":"","username":"asdfg","text":"맛있네요 \n깔끔하고요\n만족~^^","date":"Mon Dec 10 23:59:44 +0000 2018","retweets":"30","favorites":"20","mentions":[],"hashtags":[],"geo":"","raw":"맛있네요 \n깔끔하고요\n만족~^^","polarity":{"com":0.008008008,"pos":0.20420420433333333,"neg":0.7687687686666665,"neut":0.011011011000000001,"none":0.008008008},"intensity":{"high":0.038038038,"low":0.028028028,"meium":0.924924925,"none":0.009009009},"expressive":{"dir-action":0.0010010010000000003,"dir-explicit":0.4374374373333334,"dir-speech":0.36336336333333336,"indirect":0.18918918933333334,"writing-device":0.009009009}},{"id":"김준현의피자헤븐 고덕점","permalink":"","username":"asdfg","text":"지난번에 한번시켜보고 괜찮았기에 금일시켜 방금전도착했는데...피자 개봉후 엄청 실망스럽네요.  피자토핑은 스나미 만난건지 한쪽으로 다 쏠려있고...지난번과는 다르게 식어서 왔네요..너무 실망스럽습니다. 배달대행업체  통해서 배달하는것 같은데..앞으로 이런일 없도록 주의시키기 바랍니다. ㅡㅡ","date":"Mon Dec 10 23:59:44 +0000 2018","retweets":"30","favorites":"20","mentions":[],"hashtags":[],"geo":"","raw":"지난번에 한번시켜보고 괜찮았기에 금일시켜 방금전도착했는데...피자 개봉후 엄청 실망스럽네요.  피자토핑은 스나미 만난건지 한쪽으로 다 쏠려있고...지난번과는 다르게 식어서 왔네요..너무 실망스럽습니다. 배달대행업체  통해서 배달하는것 같은데..앞으로 이런일 없도록 주의시키기 바랍니다. ㅡㅡ","polarity":{"com":0.015495419129761068,"pos":0.4710004374577826,"neg":0.339802984159139,"neut":0.07672071038796865,"none":0.09698044886534868},"intensity":{"high":0.12212465872851089,"low":0.10216084799111645,"meium":0.6783119253757989,"none":0.09740256790457368},"expressive":{"dir-action":0.0024154589563116996,"dir-explicit":0.21323368959015365,"dir-speech":0.4715695590024722,"indirect":0.19785987163496876,"writing-device":0.1149214208160938}},{"id":"김준현의피자헤븐 고덕점","permalink":"","username":"asdfg","text":"피자 정말맛있네요~ 뒤에 꼬다리원래 안먹는데 딱딱하지도안코 맛조아요~ 스파게티 토마토ㅠ 맛있긴한데 먼가 타서와서ㅎ 살짝 탄맛이.. 그래도 맛은있었으니 괴아나용","date":"Mon Dec 10 23:59:44 +0000 2018","retweets":"30","favorites":"20","mentions":[],"hashtags":[],"geo":"","raw":"피자 정말맛있네요~ 뒤에 꼬다리원래 안먹는데 딱딱하지도안코 맛조아요~ 스파게티 토마토ㅠ 맛있긴한데 먼가 타서와서ㅎ 살짝 탄맛이.. 그래도 맛은있었으니 괴아나용","polarity":{"com":0.002059537187371279,"pos":0.5931110696504306,"neg":0.29670772641895576,"neut":0.05685352562144665,"none":0.05126814112179574},"intensity":{"high":0.053798573312499993,"low":0.19010599481249996,"meium":0.7046396030625,"none":0.051455828812499986},"expressive":{"dir-action":0.00018768768748826957,"dir-explicit":0.17210564861424343,"dir-speech":0.4960538359064967,"indirect":0.27451518079534276,"writing-device":0.05713764699642891}}]