[{"id":"스와이야기-공릉점","permalink":"","username":"asdfg","text":"완전완전 푸짐했어요 좋아요","date":"Mon Dec 10 23:59:44 +0000 2018","retweets":"30","favorites":"20","mentions":[],"hashtags":[],"geo":"","raw":"완전완전 푸짐했어요 좋아요","polarity":{"com":0.006451612999999999,"pos":0.6453763440000001,"neg":0.297562724,"neut":0.027956989333333335,"none":0.022652329666666665},"intensity":{"high":0.11326164866666666,"low":0.05204301066666667,"meium":0.811326165,"none":0.02336917566666667},"expressive":{"dir-action":0.002150537666666667,"dir-explicit":0.47132616499999996,"dir-speech":0.164874552,"indirect":0.33899641566666666,"writing-device":0.022652329666666665}},{"id":"스와이야기-공릉점","permalink":"","username":"asdfg","text":"너무 맛있어요!! 언제나 맛있어서 항상 시켜먹어요\n다만 배달비가 아쉬워요 ㅠㅠ","date":"Mon Dec 10 23:59:44 +0000 2018","retweets":"30","favorites":"20","mentions":[],"hashtags":[],"geo":"","raw":"너무 맛있어요!! 언제나 맛있어서 항상 시켜먹어요\n다만 배달비가 아쉬워요 ㅠㅠ","polarity":{"com":0.026227157571428572,"pos":0.46750366814285726,"neg":0.4461451247142857,"neut":0.024551487285714286,"none":0.03557256228571429},"intensity":{"high":0.07744764572534966,"low":0.0791316525827331,"meium":0.8065726291152246,"none":0.036848072576692585},"expressive":{"dir-action":0,"dir-explicit":0.29813592099999997,"dir-speech":0.5826580632857142,"indirect":0.08083233299999999,"writing-device":0.038373682714285706}},{"id":"스와이야기-공릉점","permalink":"","username":"asdfg","text":"레어에 맞게 잘 구워져서 좋았어요\n맛있게 먹었어요 나중에 또 먹을게용","date":"Mon Dec 10 23:59:44 +0000 2018","retweets":"30","favorites":"20","mentions":[],"hashtags":[],"geo":"","raw":"레어에 맞게 잘 구워져서 좋았어요\n맛있게 먹었어요 나중에 또 먹을게용","polarity":{"com":0,"pos":0.5237188208571428,"neg":0.399138322,"neut":0.01020408157142857,"none":0.06693877557142856},"intensity":{"high":0.07619047614285715,"low":0.06807256228571427,"meium":0.7887981860000001,"none":0.06693877557142856},"expressive":{"dir-action":0,"dir-explicit":0.24784580499999995,"dir-speech":0.5024943311428571,"indirect":0.1623129251428571,"writing-device":0.08734693871428571}},{"id":"스와이야기-공릉점","permalink":"","username":"asdfg","text":"저녁 늦게 친절한 배달과\n맛있는 고기를 주셔서 고마운 곳이에요\n많은 분들이 드시길 바랍니다","date":"Mon Dec 10 23:59:44 +0000 2018","retweets":"30","favorites":"20","mentions":[],"hashtags":[],"geo":"","raw":"저녁 늦게 친절한 배달과\n맛있는 고기를 주셔서 고마운 곳이에요\n많은 분들이 드시길 바랍니다","polarity":{"com":0.03236496265947445,"pos":0.4979019544449107,"neg":0.3169992535962224,"neut":0.14962749718897167,"none":0.003106332110420814},"intensity":{"high":0.06303568645144841,"low":0.11600518356844502,"meium":0.8176138492019571,"none":0.0033452807781494784},"expressive":{"dir-action":0.0007168458889685386,"dir-explicit":0.2712200870301356,"dir-speech":0.4890542938321171,"indirect":0.23590244113732256,"writing-device":0.0031063321114562586}},{"id":"스와이야기-공릉점","permalink":"","username":"asdfg","text":"부채살은 생각보다 별로였는데 목살은 생각보다 더 맛있었어용 존맛탱","date":"Mon Dec 10 23:59:44 +0000 2018","retweets":"30","favorites":"20","mentions":[],"hashtags":[],"geo":"","raw":"부채살은 생각보다 별로였는데 목살은 생각보다 더 맛있었어용 존맛탱","polarity":{"com":0.009462353833333334,"pos":0.6321895825,"neg":0.2617224815,"neut":0.04104273333333333,"none":0.05558284883333334},"intensity":{"high":0.08412564220872949,"low":0.07330705136998686,"meium":0.7869844575601589,"none":0.055582848861124766},"expressive":{"dir-action":0,"dir-explicit":0.23982240099999996,"dir-speech":0.4376010454999999,"indirect":0.26372573083333334,"writing-device":0.05885082266666666}},{"id":"스와이야기-공릉점","permalink":"","username":"asdfg","text":"양이 생각보다 너무 적고 스프가 묽었지만 맛있게 잘먹었어요!! 다음엔 고기 추가해서 먹어야 겠어요..\n근데 배달시간이 좀..ㅠ","date":"Mon Dec 10 23:59:44 +0000 2018","retweets":"30","favorites":"20","mentions":[],"hashtags":[],"geo":"","raw":"양이 생각보다 너무 적고 스프가 묽었지만 맛있게 잘먹었어요!! 다음엔 고기 추가해서 먹어야 겠어요..\n근데 배달시간이 좀..ㅠ","polarity":{"com":0.019173284458031507,"pos":0.38559071707010745,"neg":0.5176373142759341,"neut":0.060818227647421494,"none":0.016780456548505535},"intensity":{"high":0.07047942937004358,"low":0.12935370873903212,"meium":0.7819787329801798,"none":0.018188128910744374},"expressive":{"dir-action":0.0009869908182715446,"dir-explicit":0.24043109793094833,"dir-speech":0.5727005766884273,"indirect":0.1672573960152052,"writing-device":0.018623938547147625}},{"id":"스와이야기-공릉점","permalink":"","username":"asdfg","text":"맛잇어요~~~~~~","date":"Mon Dec 10 23:59:44 +0000 2018","retweets":"30","favorites":"20","mentions":[],"hashtags":[],"geo":"","raw":"맛잇어요~~~~~~","polarity":{"com":0,"pos":1,"neg":0,"neut":0,"none":0},"intensity":{"high":0,"low":0,"meium":1,"none":0},"expressive":{"dir-action":0,"dir-explicit":0,"dir-speech":1,"indirect":0,"writing-device":0}},{"id":"스와이야기-공릉점","permalink":"","username":"asdfg","text":"맛잇어요~~~~~~","date":"Mon Dec 10 23:59:44 +0000 2018","retweets":"30","favorites":"20","mentions":[],"hashtags":[],"geo":"","raw":"맛잇어요~~~~~~","polarity":{"com":0,"pos":1,"neg":0,"neut":0,"none":0},"intensity":{"high":0,"low":0,"meium":1,"none":0},"expressive":{"dir-action":0,"dir-explicit":0,"dir-speech":1,"indirect":0,"writing-device":0}},{"id":"스와이야기-공릉점","permalink":"","username":"asdfg","text":"맛은있는데, 저희가 목살2 ,고기어묵1시켰는데\n음식 처음받았을때 목살1개가 안와서 전화드렸는데 죄송하단말 한마디도 없으시네요. 그리고 나중에온 목살1 상태가 제대로 안 닫혀있었는지 샐러드 소스같은거 새서나왔구요 기분은 기분대로 상했어요.\n배달 아저씨는 착하셨어요","date":"Mon Dec 10 23:59:44 +0000 2018","retweets":"30","favorites":"20","mentions":[],"hashtags":[],"geo":"","raw":"맛은있는데, 저희가 목살2 ,고기어묵1시켰는데\n음식 처음받았을때 목살1개가 안와서 전화드렸는데 죄송하단말 한마디도 없으시네요. 그리고 나중에온 목살1 상태가 제대로 안 닫혀있었는지 샐러드 소스같은거 새서나왔구요 기분은 기분대로 상했어요.\n배달 아저씨는 착하셨어요","polarity":{"com":0.05558026291062696,"pos":0.38242149833119915,"neg":0.3485816222022356,"neut":0.16329542486246545,"none":0.050121191693473},"intensity":{"high":0.08944633121350232,"low":0.044288007650248346,"meium":0.8149459528341328,"none":0.05131970830211654},"expressive":{"dir-action":0.0031055900436132862,"dir-explicit":0.16976685083346812,"dir-speech":0.5545647103284594,"indirect":0.19667564505202936,"writing-device":0.07588720374242988}},{"id":"스와이야기-공릉점","permalink":"","username":"asdfg","text":"맛도 있고 공기밥이나 빵 추가만 하면 충분히 배부릅니다\n스프도 나오고 맛도 좋네요\n배달비에 고민이라면 일단 주무하는 걸 추천합니다","date":"Mon Dec 10 23:59:44 +0000 2018","retweets":"30","favorites":"20","mentions":[],"hashtags":[],"geo":"","raw":"맛도 있고 공기밥이나 빵 추가만 하면 충분히 배부릅니다\n스프도 나오고 맛도 좋네요\n배달비에 고민이라면 일단 주무하는 걸 추천합니다","polarity":{"com":0.003652073733333333,"pos":0.5614997439333334,"neg":0.16564413726666669,"neut":0.10340501793333336,"none":0.16579902713333336},"intensity":{"high":0.1111379928,"low":0.09045212493333331,"meium":0.6323241167333333,"none":0.16608576553333337},"expressive":{"dir-action":0.0008602150666093189,"dir-explicit":0.19067332312062177,"dir-speech":0.5196402969653573,"indirect":0.12350332819176643,"writing-device":0.16532283665564515}},{"id":"스와이야기-공릉점","permalink":"","username":"asdfg","text":"완전완전 푸짐했어요 좋아요","date":"Mon Dec 10 23:59:44 +0000 2018","retweets":"30","favorites":"20","mentions":[],"hashtags":[],"geo":"","raw":"완전완전 푸짐했어요 좋아요","polarity":{"com":0.006451612999999999,"pos":0.6453763440000001,"neg":0.297562724,"neut":0.027956989333333335,"none":0.022652329666666665},"intensity":{"high":0.11326164866666666,"low":0.05204301066666667,"meium":0.811326165,"none":0.02336917566666667},"expressive":{"dir-action":0.002150537666666667,"dir-explicit":0.47132616499999996,"dir-speech":0.164874552,"indirect":0.33899641566666666,"writing-device":0.022652329666666665}},{"id":"스와이야기-공릉점","permalink":"","username":"asdfg","text":"스테이크굽기정도도 적당하고 맛있었어요\n먹기좋은사이즈로 잘라주신 사장님의배려가 너무좋았구요~^^","date":"Mon Dec 10 23:59:44 +0000 2018","retweets":"30","favorites":"20","mentions":[],"hashtags":[],"geo":"","raw":"스테이크굽기정도도 적당하고 맛있었어요\n먹기좋은사이즈로 잘라주신 사장님의배려가 너무좋았구요~^^","polarity":{"com":0.008585845776823794,"pos":0.4798566162800159,"neg":0.370090789181101,"neut":0.027954310552449523,"none":0.11351243820960973},"intensity":{"high":0.12263860633333334,"low":0.095732365,"meium":0.666790859888889,"none":0.1148381687777778},"expressive":{"dir-action":0.0003336669999258518,"dir-explicit":0.3007402798220577,"dir-speech":0.3720591845839869,"indirect":0.20008158017775965,"writing-device":0.1267852884162699}},{"id":"스와이야기-공릉점","permalink":"","username":"asdfg","text":"배달도 빨리오고 팩와인 같이 주문했는데 조아욥","date":"Mon Dec 10 23:59:44 +0000 2018","retweets":"30","favorites":"20","mentions":[],"hashtags":[],"geo":"","raw":"배달도 빨리오고 팩와인 같이 주문했는데 조아욥","polarity":{"com":0.00483870975,"pos":0.6290322580000001,"neg":0.33817204300000003,"neut":0.020967742,"none":0.00698924725},"intensity":{"high":0.1599462365,"low":0.154032258,"meium":0.67849462375,"none":0.00752688175},"expressive":{"dir-action":0.00161290325,"dir-explicit":0.20349462375,"dir-speech":0.448655914,"indirect":0.33924731175,"writing-device":0.00698924725}},{"id":"스와이야기-공릉점","permalink":"","username":"asdfg","text":"양은 괜찮았어요 적당?스프도 맛있었어요\n근데 스테이크가 약간 비릿?한게잇고 소스도 달콤했으면 좋앗을거같아요","date":"Mon Dec 10 23:59:44 +0000 2018","retweets":"30","favorites":"20","mentions":[],"hashtags":[],"geo":"","raw":"양은 괜찮았어요 적당?스프도 맛있었어요\n근데 스테이크가 약간 비릿?한게잇고 소스도 달콤했으면 좋앗을거같아요","polarity":{"com":0.011420157426939977,"pos":0.3454002019506571,"neg":0.4138965843694434,"neut":0.06421564499082634,"none":0.16506741126213323},"intensity":{"high":0.12568200557142856,"low":0.1349489357142857,"meium":0.5710768812857142,"none":0.16829217742857144},"expressive":{"dir-action":0.0025636951424909005,"dir-explicit":0.25717219367754685,"dir-speech":0.41036378351280517,"indirect":0.16194762440543603,"writing-device":0.16795270326172107}},{"id":"스와이야기-공릉점","permalink":"","username":"asdfg","text":"생각보다 보통정도의 맛과 양이에요. 엄청맛있는것도 그렇다고 맛없는것도 아니에요. 하지만 편하게 큐브컷팅되어있는게 먹기편했어요. 감사히잘먹었습니다.","date":"Mon Dec 10 23:59:44 +0000 2018","retweets":"30","favorites":"20","mentions":[],"hashtags":[],"geo":"","raw":"생각보다 보통정도의 맛과 양이에요. 엄청맛있는것도 그렇다고 맛없는것도 아니에요. 하지만 편하게 큐브컷팅되어있는게 먹기편했어요. 감사히잘먹었습니다.","polarity":{"com":0.004312558357142857,"pos":0.5066927174285715,"neg":0.3427432375,"neut":0.05720431357142857,"none":0.08904717314285715},"intensity":{"high":0.04349394679192771,"low":0.08083357294011909,"meium":0.7857324499693903,"none":0.08994003029856287},"expressive":{"dir-action":0,"dir-explicit":0.16244433027411115,"dir-speech":0.4718531433948676,"indirect":0.2664265425523981,"writing-device":0.09927598377862315}},{"id":"스와이야기-공릉점","permalink":"","username":"asdfg","text":"양은 약간 작았지만 진짜 맛있었습니다 ㅋㅋ","date":"Mon Dec 10 23:59:44 +0000 2018","retweets":"30","favorites":"20","mentions":[],"hashtags":[],"geo":"","raw":"양은 약간 작았지만 진짜 맛있었습니다 ㅋㅋ","polarity":{"com":0.005649717666666667,"pos":0.2853107343333333,"neg":0.6864406779999999,"neut":0.011299434999999997,"none":0.011299434999999997},"intensity":{"high":0.03389830501129944,"low":0.04519774001506591,"meium":0.9096045199698681,"none":0.011299435003766477},"expressive":{"dir-action":0,"dir-explicit":0.09039548033333332,"dir-speech":0.8531073446666666,"indirect":0.045197739999999986,"writing-device":0.011299434999999997}},{"id":"스와이야기-공릉점","permalink":"","username":"asdfg","text":"양은 적은데 맛은 진짜 맛있어요","date":"Mon Dec 10 23:59:44 +0000 2018","retweets":"30","favorites":"20","mentions":[],"hashtags":[],"geo":"","raw":"양은 적은데 맛은 진짜 맛있어요","polarity":{"com":0.005649717666666667,"pos":0.45197740099999995,"neg":0.5197740113333332,"neut":0.011299434999999997,"none":0.011299434999999997},"intensity":{"high":0.03389830501129944,"low":0.04519774001506591,"meium":0.9096045199698681,"none":0.011299435003766477},"expressive":{"dir-action":0,"dir-explicit":0.09039548033333332,"dir-speech":0.8531073446666666,"indirect":0.045197739999999986,"writing-device":0.011299434999999997}},{"id":"스와이야기-공릉점","permalink":"","username":"asdfg","text":"양이 적다고해서 걱정했는데 돼지고기는 공기밥과 먹으면 한끼 딱 되네요.\n소고기는 양이 적긴 하네요.","date":"Mon Dec 10 23:59:44 +0000 2018","retweets":"30","favorites":"20","mentions":[],"hashtags":[],"geo":"","raw":"양이 적다고해서 걱정했는데 돼지고기는 공기밥과 먹으면 한끼 딱 되네요.\n소고기는 양이 적긴 하네요.","polarity":{"com":0.007947959099999999,"pos":0.37312333729999997,"neg":0.5375411801000001,"neut":0.03763190809999999,"none":0.043755615399999996},"intensity":{"high":0.1047337174,"low":0.1374451667,"meium":0.6640655005,"none":0.0937556154},"expressive":{"dir-action":0,"dir-explicit":0.24108133827589184,"dir-speech":0.4153348132584665,"indirect":0.29091926067090806,"writing-device":0.05266458779473355}},{"id":"스와이야기-공릉점","permalink":"","username":"asdfg","text":"맛나요 그리고 맛나요 ㅎㅎ","date":"Mon Dec 10 23:59:44 +0000 2018","retweets":"30","favorites":"20","mentions":[],"hashtags":[],"geo":"","raw":"맛나요 그리고 맛나요 ㅎㅎ","polarity":{"com":0.13333333333333333,"pos":0.7333333333333334,"neg":0.13333333333333333,"neut":0,"none":0},"intensity":{"high":0.06666666666666667,"low":0,"meium":0.9333333333333332,"none":0},"expressive":{"dir-action":0,"dir-explicit":0,"dir-speech":0.8666666666666667,"indirect":0.13333333333333333,"writing-device":0}},{"id":"스와이야기-공릉점","permalink":"","username":"asdfg","text":"맛은 맛있는데 양이 너무 적어요","date":"Mon Dec 10 23:59:44 +0000 2018","retweets":"30","favorites":"20","mentions":[],"hashtags":[],"geo":"","raw":"맛은 맛있는데 양이 너무 적어요","polarity":{"com":0.047619047666666664,"pos":0.380952381,"neg":0.5714285713333332,"neut":0,"none":0},"intensity":{"high":0.047619047666666664,"low":0.047619047666666664,"meium":0.9047619046666666,"none":0},"expressive":{"dir-action":0,"dir-explicit":0.1904761903333333,"dir-speech":0.7619047619999999,"indirect":0.04761904766666666,"writing-device":0}},{"id":"스와이야기-공릉점","permalink":"","username":"asdfg","text":"맛있어요 65분 걸린다해서 당황했는데 빨리오네여~~","date":"Mon Dec 10 23:59:44 +0000 2018","retweets":"30","favorites":"20","mentions":[],"hashtags":[],"geo":"","raw":"맛있어요 65분 걸린다해서 당황했는데 빨리오네여~~","polarity":{"com":0.00287356325,"pos":0.08045977,"neg":0.85057471275,"neut":0.01724137925,"none":0.04885057475},"intensity":{"high":0.02873563224281609,"low":0.2816091954295977,"meium":0.6379310343405172,"none":0.051724137987068965},"expressive":{"dir-action":0.0028735632507183905,"dir-explicit":0.2902298850725575,"dir-speech":0.353448275838362,"indirect":0.2959770115739942,"writing-device":0.05747126426436781}},{"id":"스와이야기-공릉점","permalink":"","username":"asdfg","text":"맛있게 잘먹었습니다","date":"Mon Dec 10 23:59:44 +0000 2018","retweets":"30","favorites":"20","mentions":[],"hashtags":[],"geo":"","raw":"맛있게 잘먹었습니다","polarity":{"com":0,"pos":0.35714285717857136,"neg":0.6071428573035714,"neut":0.03571428551785714,"none":0},"intensity":{"high":0,"low":0.107142857,"meium":0.8928571430000001,"none":0},"expressive":{"dir-action":0,"dir-explicit":0.107142857,"dir-speech":0.5714285715,"indirect":0.3214285715,"writing-device":0}},{"id":"스와이야기-공릉점","permalink":"","username":"asdfg","text":"진짜 맛있었어요\n배달비 때문에 고민했는데\n두팩주문해서 담날 아침까지 먹었는데도 맛있었습니다","date":"Mon Dec 10 23:59:44 +0000 2018","retweets":"30","favorites":"20","mentions":[],"hashtags":[],"geo":"","raw":"진짜 맛있었어요\n배달비 때문에 고민했는데\n두팩주문해서 담날 아침까지 먹었는데도 맛있었습니다","polarity":{"com":0.06339285712500001,"pos":0.30992965362499997,"neg":0.39145021650000006,"neut":0.03303571425000001,"none":0.20219155850000003},"intensity":{"high":0.03490259737936282,"low":0.01996753237749594,"meium":0.7372564935921571,"none":0.20787337665098418},"expressive":{"dir-action":0,"dir-explicit":0.25332792212500005,"dir-speech":0.387878787875,"indirect":0.15181277050000003,"writing-device":0.20698051950000002}},{"id":"스와이야기-공릉점","permalink":"","username":"asdfg","text":"장점 : 맛\n단점 : 양\n양은 적어도 상관없으니 맛만 좋으면 된다는 분에게 추천","date":"Mon Dec 10 23:59:44 +0000 2018","retweets":"30","favorites":"20","mentions":[],"hashtags":[],"geo":"","raw":"장점 : 맛\n단점 : 양\n양은 적어도 상관없으니 맛만 좋으면 된다는 분에게 추천","polarity":{"com":0.01050756099699784,"pos":0.7357081942183691,"neg":0.1749166248071667,"neut":0.06593875155258892,"none":0.012928868424877466},"intensity":{"high":0.09718732385714286,"low":0.032847549,"meium":0.8570362587142857,"none":0.012928868428571428},"expressive":{"dir-action":0,"dir-explicit":0.2581928518202582,"dir-speech":0.48556352507349093,"indirect":0.237923919108868,"writing-device":0.018319703997382898}},{"id":"스와이야기-공릉점","permalink":"","username":"asdfg","text":"맛이 진짜 좋은데~","date":"Mon Dec 10 23:59:44 +0000 2018","retweets":"30","favorites":"20","mentions":[],"hashtags":[],"geo":"","raw":"맛이 진짜 좋은데~","polarity":{"com":0,"pos":0.96,"neg":0.02,"neut":0,"none":0.02},"intensity":{"high":0.1,"low":0.02,"meium":0.86,"none":0.02},"expressive":{"dir-action":0,"dir-explicit":0.30000000000000004,"dir-speech":0.6000000000000001,"indirect":0.08000000000000002,"writing-device":0.020000000000000004}},{"id":"스와이야기-공릉점","permalink":"","username":"asdfg","text":"고기추가해도 양이넘 적어요 배달비 모르고 ㄷㄷㄷㄷ","date":"Mon Dec 10 23:59:44 +0000 2018","retweets":"30","favorites":"20","mentions":[],"hashtags":[],"geo":"","raw":"고기추가해도 양이넘 적어요 배달비 모르고 ㄷㄷㄷㄷ","polarity":{"com":0.0038709677999999997,"pos":0.3921146952,"neg":0.3016487456,"neut":0.23677419360000002,"none":0.06559139779999999},"intensity":{"high":0.0724014336,"low":0.10322580640000001,"meium":0.7583512546,"none":0.0660215054},"expressive":{"dir-action":0.0012903226000000002,"dir-explicit":0.19168458780000006,"dir-speech":0.45892473120000005,"indirect":0.2825089606,"writing-device":0.0655913978}},{"id":"스와이야기-공릉점","permalink":"","username":"asdfg","text":"맛있수 집에서 스테이크 먹고싶을 때 좋아요.","date":"Mon Dec 10 23:59:44 +0000 2018","retweets":"30","favorites":"20","mentions":[],"hashtags":[],"geo":"","raw":"맛있수 집에서 스테이크 먹고싶을 때 좋아요.","polarity":{"com":0,"pos":0.5492424241126894,"neg":0.38257575765435603,"neut":0.06818181823295454,"none":0},"intensity":{"high":0.050505050499999996,"low":0.1654040405,"meium":0.784090909,"none":0},"expressive":{"dir-action":0,"dir-explicit":0.10101010099999999,"dir-speech":0.898989899,"indirect":0,"writing-device":0}},{"id":"스와이야기-공릉점","permalink":"","username":"asdfg","text":"알차게와서 일단 만족! 근데 양이 살짝 부족해서ㅜㅜㅜ 다음엔 고기추가해야될거같아요...!! 배달 빠르구요 맛있어요~~","date":"Mon Dec 10 23:59:44 +0000 2018","retweets":"30","favorites":"20","mentions":[],"hashtags":[],"geo":"","raw":"알차게와서 일단 만족! 근데 양이 살짝 부족해서ㅜㅜㅜ 다음엔 고기추가해야될거같아요...!! 배달 빠르구요 맛있어요~~","polarity":{"com":0.006905328453917698,"pos":0.27242382961159783,"neg":0.5445458848595868,"neut":0.07031351690269877,"none":0.10581144017219897},"intensity":{"high":0.07685322053148123,"low":0.09705559198235353,"meium":0.7200842438690757,"none":0.10600694361708965},"expressive":{"dir-action":0.0005865102726739536,"dir-explicit":0.13284119353337803,"dir-speech":0.38125182796534074,"indirect":0.2837264039742067,"writing-device":0.20159406425440052}},{"id":"스와이야기-공릉점","permalink":"","username":"asdfg","text":"정말 배달도 빠르고 맛있네요 고기도 딱좋게 익혀와서 좋앗습니다 짭짤하니 제입맛저격 이엿어요 ㅎ \n아쉬웟던건 공기밥을 시켯는데 밥양이 너무 적엇어용...좀 더 담아주셧으면..좋앗을텐데 ㅎ 암튼 잘먹엇습니다!!","date":"Mon Dec 10 23:59:44 +0000 2018","retweets":"30","favorites":"20","mentions":[],"hashtags":[],"geo":"","raw":"정말 배달도 빠르고 맛있네요 고기도 딱좋게 익혀와서 좋앗습니다 짭짤하니 제입맛저격 이엿어요 ㅎ \n아쉬웟던건 공기밥을 시켯는데 밥양이 너무 적엇어용...좀 더 담아주셧으면..좋앗을텐데 ㅎ 암튼 잘먹엇습니다!!","polarity":{"com":0.006608919833333334,"pos":0.5384035156111112,"neg":0.340396110388889,"neut":0.04724696683333334,"none":0.06734448733333336},"intensity":{"high":0.14967530551663058,"low":0.07388870656376541,"meium":0.6811468892979052,"none":0.0952890986216988},"expressive":{"dir-action":0.0018351685001019536,"dir-explicit":0.38322173718795677,"dir-speech":0.4119604898562201,"indirect":0.1330221257851679,"writing-device":0.06996047867055337}},{"id":"스와이야기-공릉점","permalink":"","username":"asdfg","text":".","date":"Mon Dec 10 23:59:44 +0000 2018","retweets":"30","favorites":"20","mentions":[],"hashtags":[],"geo":"","raw":"...............","polarity":{"com":null,"pos":null,"neg":null,"neut":null,"none":null},"intensity":{"high":null,"low":null,"meium":null,"none":null},"expressive":{"dir-action":null,"dir-explicit":null,"dir-speech":null,"indirect":null,"writing-device":null}},{"id":"스와이야기-공릉점","permalink":"","username":"asdfg","text":"배달이  생각보다 빠르네요~~\n고기도 부드럽고 수프도 따뜻해서  좋았습니다\n또 시켜 먹고 싶네요ㅋㅋ","date":"Mon Dec 10 23:59:44 +0000 2018","retweets":"30","favorites":"20","mentions":[],"hashtags":[],"geo":"","raw":"배달이  생각보다 빠르네요~~\n고기도 부드럽고 수프도 따뜻해서  좋았습니다\n또 시켜 먹고 싶네요ㅋㅋ","polarity":{"com":0.003116688099688331,"pos":0.5598088802440191,"neg":0.21034491637896552,"neut":0.1297318746870268,"none":0.09699764059030024},"intensity":{"high":0.0651415701,"low":0.1043925353,"meium":0.7331679537,"none":0.0972979409},"expressive":{"dir-action":0.00030030029996996996,"dir-explicit":0.283810596271619,"dir-speech":0.41119154865888086,"indirect":0.19382818538061716,"writing-device":0.11086936938891305}},{"id":"스와이야기-공릉점","permalink":"","username":"asdfg","text":"맛은그럭저럭  양은 정말 놀랬어요  몇개안들어있어서..좀 실망..느끼한것만있어서아쉬웟구요..배달도 오래걸리네요ㅡㅜ","date":"Mon Dec 10 23:59:44 +0000 2018","retweets":"30","favorites":"20","mentions":[],"hashtags":[],"geo":"","raw":"맛은그럭저럭  양은 정말 놀랬어요  몇개안들어있어서..좀 실망..느끼한것만있어서아쉬웟구요..배달도 오래걸리네요ㅡㅜ","polarity":{"com":0.005121647125000001,"pos":0.5317823877500001,"neg":0.44748925675,"neut":0.00836641725,"none":0.007240291125},"intensity":{"high":0.14304755725,"low":0.06317394874999999,"meium":0.7861628275,"none":0.0076156665},"expressive":{"dir-action":0.000375375375,"dir-explicit":0.28365162987500003,"dir-speech":0.424033658375,"indirect":0.284323669875,"writing-device":0.0076156665}},{"id":"스와이야기-공릉점","permalink":"","username":"asdfg","text":"다묵어뿟다 추석이라안열줄알앗는데열엇네?배달준비끈나고전화가왓다...배달비천원더받는단다...그...천원원땜에첨부터내가안시켯음...어떻하실라그랫을까?","date":"Mon Dec 10 23:59:44 +0000 2018","retweets":"30","favorites":"20","mentions":[],"hashtags":[],"geo":"","raw":"다묵어뿟다 추석이라안열줄알앗는데열엇네?배달준비끈나고전화가왓다...배달비천원더받는단다...그...천원원땜에첨부터내가안시켯음...어떻하실라그랫을까?","polarity":{"com":0.008889307263625754,"pos":0.5919161093995746,"neg":0.28913113422574377,"neut":0.03667648331771982,"none":0.07338696579333616},"intensity":{"high":0.20189250239980083,"low":0.11538388377732801,"meium":0.6093366480411224,"none":0.07338696578174872},"expressive":{"dir-action":0.0007902639472852353,"dir-explicit":0.29049024391679046,"dir-speech":0.3120761679145183,"indirect":0.2659872084983171,"writing-device":0.13065611572308886}},{"id":"스와이야기-공릉점","permalink":"","username":"asdfg","text":"먹다가 써서 사진을 못찍었네요 .\n동네에 이런 맛집 생겨서 참 좋습니다ㅎㅎ\n미디움으로 부채살 제대로 해주셨네요 굿굿 번창하십쇼","date":"Mon Dec 10 23:59:44 +0000 2018","retweets":"30","favorites":"20","mentions":[],"hashtags":[],"geo":"","raw":"먹다가 써서 사진을 못찍었네요 .\n동네에 이런 맛집 생겨서 참 좋습니다ㅎㅎ\n미디움으로 부채살 제대로 해주셨네요 굿굿 번창하십쇼","polarity":{"com":0.0030849092,"pos":0.6515998414,"neg":0.298604763,"neut":0.024374557600000003,"none":0.022335928799999998},"intensity":{"high":0.18317476768168248,"low":0.08890304599110968,"meium":0.7042217784295778,"none":0.023700407897629956},"expressive":{"dir-action":0.0108854957,"dir-explicit":0.2204696015,"dir-speech":0.39483157490000004,"indirect":0.3480291233,"writing-device":0.0257842046}},{"id":"스와이야기-공릉점","permalink":"","username":"asdfg","text":"음식맛은 고속도로 휴게소에 판매하는맛 혹은 냉동식품 전자렌즈에 데워논맛. 양이 많이작네요. 다시는 주문 안할듯합니다","date":"Mon Dec 10 23:59:44 +0000 2018","retweets":"30","favorites":"20","mentions":[],"hashtags":[],"geo":"","raw":"음식맛은 고속도로 휴게소에 판매하는맛 혹은 냉동식품 전자렌즈에 데워논맛. 양이 많이작네요. 다시는 주문 안할듯합니다","polarity":{"com":0.0024193548750000003,"pos":0.7311827956250001,"neg":0.23853046600000002,"neut":0.024372759875000004,"none":0.0034946236250000006},"intensity":{"high":0.01747311825,"low":0.0839605735,"meium":0.894802867375,"none":0.003763440875},"expressive":{"dir-action":0.000806451625,"dir-explicit":0.192025089625,"dir-speech":0.6062724015,"indirect":0.197401433625,"writing-device":0.003494623625}}]