[{"id":"미스터피자 청담점","permalink":"","username":"asdfg","text":"피자 맛나용 굿굿 자주먹어용","date":"Mon Dec 10 23:59:44 +0000 2018","retweets":"30","favorites":"20","mentions":[],"hashtags":[],"geo":"","raw":"피자 맛나용 굿굿 자주먹어용","polarity":{"com":0,"pos":1,"neg":0,"neut":0,"none":0},"intensity":{"high":0,"low":0.3333333333333333,"meium":0.6666666666666666,"none":0},"expressive":{"dir-action":0,"dir-explicit":0,"dir-speech":0.6666666666666666,"indirect":0.3333333333333333,"writing-device":0}},{"id":"미스터피자 청담점","permalink":"","username":"asdfg","text":"항상 맛있게 먹고있습니다","date":"Mon Dec 10 23:59:44 +0000 2018","retweets":"30","favorites":"20","mentions":[],"hashtags":[],"geo":"","raw":"항상 맛있게 먹고있습니다","polarity":{"com":0,"pos":0.6666666665000001,"neg":0.3333333335,"neut":0,"none":0},"intensity":{"high":0.0555555555,"low":0.111111111,"meium":0.8333333334999999,"none":0},"expressive":{"dir-action":0,"dir-explicit":0.361111111,"dir-speech":0.638888889,"indirect":0,"writing-device":0}},{"id":"미스터피자 청담점","permalink":"","username":"asdfg","text":"로맨틱콤보 조합 너무 좋아요! 골드로 했구요, 맛있게 먹었습니다 :)","date":"Mon Dec 10 23:59:44 +0000 2018","retweets":"30","favorites":"20","mentions":[],"hashtags":[],"geo":"","raw":"로맨틱콤보 조합 너무 좋아요! 골드로 했구요, 맛있게 먹었습니다 :)","polarity":{"com":0.038587849,"pos":0.199507389,"neg":0.695812808,"neut":0.01724137925,"none":0.04885057475},"intensity":{"high":0.09222769572694306,"low":0.12287903671928024,"meium":0.7331691295667077,"none":0.051724137987068965},"expressive":{"dir-action":0.002873563250718391,"dir-explicit":0.23864258330966062,"dir-speech":0.6193212919048303,"indirect":0.08169129727042282,"writing-device":0.05747126426436782}},{"id":"미스터피자 청담점","permalink":"","username":"asdfg","text":"토핑부터  첨먹어봤는데  겁나맛있네요","date":"Mon Dec 10 23:59:44 +0000 2018","retweets":"30","favorites":"20","mentions":[],"hashtags":[],"geo":"","raw":"토핑부터  첨먹어봤는데  겁나맛있네요","polarity":{"com":0.03125,"pos":0.23958333325,"neg":0.47916666674999997,"neut":0.25,"none":0},"intensity":{"high":0.02777777775,"low":0.0555555555,"meium":0.91666666675,"none":0},"expressive":{"dir-action":0,"dir-explicit":0.08680555549999999,"dir-speech":0.6319444445,"indirect":0.28125,"writing-device":0}},{"id":"미스터피자 청담점","permalink":"","username":"asdfg","text":"맛있게먹었슴다 ㅋㅋ잘먹음요","date":"Mon Dec 10 23:59:44 +0000 2018","retweets":"30","favorites":"20","mentions":[],"hashtags":[],"geo":"","raw":"맛있게먹었슴다 ㅋㅋ잘먹음요","polarity":{"com":0,"pos":0.34920634911640214,"neg":0.6269841272089947,"neut":0.023809523674603175,"none":0},"intensity":{"high":0.037037037,"low":0.14550264533333332,"meium":0.8174603176666667,"none":0},"expressive":{"dir-action":0,"dir-explicit":0.14550264533333332,"dir-speech":0.6402116403333333,"indirect":0.21428571433333332,"writing-device":0}},{"id":"미스터피자 청담점","permalink":"","username":"asdfg","text":"맛있어요~~~~~~","date":"Mon Dec 10 23:59:44 +0000 2018","retweets":"30","favorites":"20","mentions":[],"hashtags":[],"geo":"","raw":"맛있어요~~~~~~","polarity":{"com":0,"pos":0,"neg":1,"neut":0,"none":0},"intensity":{"high":0,"low":0,"meium":1,"none":0},"expressive":{"dir-action":0,"dir-explicit":0,"dir-speech":1,"indirect":0,"writing-device":0}},{"id":"미스터피자 청담점","permalink":"","username":"asdfg","text":"맛있고 배달도 빠르고 좋았습니다.수고하세요","date":"Mon Dec 10 23:59:44 +0000 2018","retweets":"30","favorites":"20","mentions":[],"hashtags":[],"geo":"","raw":"맛있고 배달도 빠르고 좋았습니다.수고하세요","polarity":{"com":0.0038709677999999997,"pos":0.6872258064000001,"neg":0.2785376344,"neut":0.0167741936,"none":0.013591397799999998},"intensity":{"high":0.0679569892,"low":0.097892473,"meium":0.8201290324,"none":0.0140215054},"expressive":{"dir-action":0.0012903226,"dir-explicit":0.182795699,"dir-speech":0.4989247312000001,"indirect":0.3033978494,"writing-device":0.013591397799999998}},{"id":"미스터피자 청담점","permalink":"","username":"asdfg","text":"맛있게 먹었습니다.","date":"Mon Dec 10 23:59:44 +0000 2018","retweets":"30","favorites":"20","mentions":[],"hashtags":[],"geo":"","raw":"맛있게 먹었습니다.","polarity":{"com":0,"pos":0.1666666665,"neg":0.8333333334999999,"neut":0,"none":0},"intensity":{"high":0.0555555555,"low":0.111111111,"meium":0.8333333334999999,"none":0},"expressive":{"dir-action":0,"dir-explicit":0.111111111,"dir-speech":0.888888889,"indirect":0,"writing-device":0}},{"id":"미스터피자 청담점","permalink":"","username":"asdfg","text":"맛있게 먹었습니다.","date":"Mon Dec 10 23:59:44 +0000 2018","retweets":"30","favorites":"20","mentions":[],"hashtags":[],"geo":"","raw":"맛있게 먹었습니다.","polarity":{"com":0,"pos":0.1666666665,"neg":0.8333333334999999,"neut":0,"none":0},"intensity":{"high":0.0555555555,"low":0.111111111,"meium":0.8333333334999999,"none":0},"expressive":{"dir-action":0,"dir-explicit":0.111111111,"dir-speech":0.888888889,"indirect":0,"writing-device":0}},{"id":"미스터피자 청담점","permalink":"","username":"asdfg","text":"배달사고 빠르게 대처 해조서잘먹었습니다","date":"Mon Dec 10 23:59:44 +0000 2018","retweets":"30","favorites":"20","mentions":[],"hashtags":[],"geo":"","raw":"배달사고 빠르게 대처 해조서잘먹었습니다","polarity":{"com":0,"pos":0.9047619049682539,"neg":0.07142857135714285,"neut":0.023809523674603175,"none":0},"intensity":{"high":0,"low":0.18253968233333331,"meium":0.8174603176666667,"none":0},"expressive":{"dir-action":0,"dir-explicit":0.07142857133333333,"dir-speech":0.380952381,"indirect":0.5476190476666667,"writing-device":0}},{"id":"미스터피자 청담점","permalink":"","username":"asdfg","text":"너무맛있어요 ㅎㅎㅎ","date":"Mon Dec 10 23:59:44 +0000 2018","retweets":"30","favorites":"20","mentions":[],"hashtags":[],"geo":"","raw":"너무맛있어요 ㅎㅎㅎ","polarity":{"com":0.142857143,"pos":0.142857143,"neg":0.714285714,"neut":0,"none":0},"intensity":{"high":0.142857143,"low":0.142857143,"meium":0.714285714,"none":0},"expressive":{"dir-action":0,"dir-explicit":0.5714285710000001,"dir-speech":0.28571428600000004,"indirect":0.14285714300000002,"writing-device":0}},{"id":"미스터피자 청담점","permalink":"","username":"asdfg","text":"맛있게 잘 먹었습니다.","date":"Mon Dec 10 23:59:44 +0000 2018","retweets":"30","favorites":"20","mentions":[],"hashtags":[],"geo":"","raw":"맛있게 잘 먹었습니다.","polarity":{"com":0,"pos":0.35714285717857136,"neg":0.6071428573035714,"neut":0.03571428551785714,"none":0},"intensity":{"high":0,"low":0.107142857,"meium":0.8928571430000001,"none":0},"expressive":{"dir-action":0,"dir-explicit":0.107142857,"dir-speech":0.5714285715,"indirect":0.3214285715,"writing-device":0}},{"id":"미스터피자 청담점","permalink":"","username":"asdfg","text":"역시나 맛있는 미스터 미트피다","date":"Mon Dec 10 23:59:44 +0000 2018","retweets":"30","favorites":"20","mentions":[],"hashtags":[],"geo":"","raw":"역시나 맛있는 미스터 미트피다","polarity":{"com":0,"pos":0,"neg":1,"neut":0,"none":0},"intensity":{"high":0,"low":0,"meium":1,"none":0},"expressive":{"dir-action":0,"dir-explicit":0,"dir-speech":1,"indirect":0,"writing-device":0}},{"id":"미스터피자 청담점","permalink":"","username":"asdfg","text":"맛있게 잘먹었습니다","date":"Mon Dec 10 23:59:44 +0000 2018","retweets":"30","favorites":"20","mentions":[],"hashtags":[],"geo":"","raw":"맛있게 잘먹었습니다","polarity":{"com":0,"pos":0.35714285717857136,"neg":0.6071428573035714,"neut":0.03571428551785714,"none":0},"intensity":{"high":0,"low":0.107142857,"meium":0.8928571430000001,"none":0},"expressive":{"dir-action":0,"dir-explicit":0.107142857,"dir-speech":0.5714285715,"indirect":0.3214285715,"writing-device":0}},{"id":"미스터피자 청담점","permalink":"","username":"asdfg","text":"씨푸드 너무너무 맛있었어요!!!!!","date":"Mon Dec 10 23:59:44 +0000 2018","retweets":"30","favorites":"20","mentions":[],"hashtags":[],"geo":"","raw":"씨푸드 너무너무 맛있었어요!!!!!","polarity":{"com":0,"pos":0,"neg":1,"neut":0,"none":0},"intensity":{"high":0,"low":0,"meium":1,"none":0},"expressive":{"dir-action":0,"dir-explicit":0,"dir-speech":1,"indirect":0,"writing-device":0}},{"id":"미스터피자 청담점","permalink":"","username":"asdfg","text":"잘 먹었습니다. 눈이 와서 길이 많이 미끄러울건데 배달도 예상 시간보다 빨리 도착했습니다.","date":"Mon Dec 10 23:59:44 +0000 2018","retweets":"30","favorites":"20","mentions":[],"hashtags":[],"geo":"","raw":"잘 먹었습니다. 눈이 와서 길이 많이 미끄러울건데 배달도 예상 시간보다 빨리 도착했습니다.","polarity":{"com":0.004651497750581437,"pos":0.41273041467659133,"neg":0.4614967358076871,"neut":0.023876728127984588,"none":0.09724462363715558},"intensity":{"high":0.11345526111081809,"low":0.047998271869000214,"meium":0.7410330261573709,"none":0.09751344086281082},"expressive":{"dir-action":0.0008064516249999998,"dir-explicit":0.23121159749999995,"dir-speech":0.257810099875,"indirect":0.4084629416249999,"writing-device":0.10170890937499998}},{"id":"미스터피자 청담점","permalink":"","username":"asdfg","text":"맛있게잘먹었습니다.배달도빠르네요","date":"Mon Dec 10 23:59:44 +0000 2018","retweets":"30","favorites":"20","mentions":[],"hashtags":[],"geo":"","raw":"맛있게잘먹었습니다.배달도빠르네요","polarity":{"com":0,"pos":0.6785714286696428,"neg":0.30357142857589287,"neut":0.017857142754464286,"none":0},"intensity":{"high":0,"low":0.13690476175,"meium":0.86309523825,"none":0},"expressive":{"dir-action":0,"dir-explicit":0.0535714285,"dir-speech":0.53571428575,"indirect":0.41071428575,"writing-device":0}},{"id":"미스터피자 청담점","permalink":"","username":"asdfg","text":"엄청 맛있어여진짜요~~~","date":"Mon Dec 10 23:59:44 +0000 2018","retweets":"30","favorites":"20","mentions":[],"hashtags":[],"geo":"","raw":"엄청 맛있어여진짜요~~~","polarity":{"com":0,"pos":0,"neg":1,"neut":0,"none":0},"intensity":{"high":0,"low":0,"meium":1,"none":0},"expressive":{"dir-action":0,"dir-explicit":0,"dir-speech":1,"indirect":0,"writing-device":0}},{"id":"미스터피자 청담점","permalink":"","username":"asdfg","text":"그럭저럭 크게 맛있지는 않네요","date":"Mon Dec 10 23:59:44 +0000 2018","retweets":"30","favorites":"20","mentions":[],"hashtags":[],"geo":"","raw":"그럭저럭 크게 맛있지는 않네요","polarity":{"com":0,"pos":0.2552453930850818,"neg":0.6635650432211884,"neut":0.05473453735157818,"none":0.026455026342151678},"intensity":{"high":0.13701879233333333,"low":0.10235358499999998,"meium":0.7226783433333334,"none":0.037949279333333336},"expressive":{"dir-action":0,"dir-explicit":0.23681809899999998,"dir-speech":0.601532567,"indirect":0.12990330233333333,"writing-device":0.03174603166666667}},{"id":"미스터피자 청담점","permalink":"","username":"asdfg","text":"날씨가 추워서 그런가 식어서 웠어여 ㅠ","date":"Mon Dec 10 23:59:44 +0000 2018","retweets":"30","favorites":"20","mentions":[],"hashtags":[],"geo":"","raw":"날씨가 추워서 그런가 식어서 웠어여 ㅠ","polarity":{"com":0.005952381,"pos":0.2202380953333333,"neg":0.6547619046666667,"neut":0.026785714333333335,"none":0.09226190466666667},"intensity":{"high":0.498015873,"low":0.09126984133333332,"meium":0.31547619033333335,"none":0.09523809533333333},"expressive":{"dir-action":0,"dir-explicit":0.1527777777175926,"dir-speech":0.21527777773842594,"indirect":0.5396825398465609,"writing-device":0.09226190469742064}},{"id":"미스터피자 청담점","permalink":"","username":"asdfg","text":"미스터피자 콤보 너무 맛있었어요","date":"Mon Dec 10 23:59:44 +0000 2018","retweets":"30","favorites":"20","mentions":[],"hashtags":[],"geo":"","raw":"미스터피자 콤보 너무 맛있었어요","polarity":{"com":0.142857143,"pos":0.142857143,"neg":0.714285714,"neut":0,"none":0},"intensity":{"high":0.142857143,"low":0.142857143,"meium":0.714285714,"none":0},"expressive":{"dir-action":0,"dir-explicit":0.5714285710000001,"dir-speech":0.28571428600000004,"indirect":0.14285714300000002,"writing-device":0}},{"id":"미스터피자 청담점","permalink":"","username":"asdfg","text":"맛있네요ㅈㄱㄴㅂ디딪ㅅㄱㄴㄷ","date":"Mon Dec 10 23:59:44 +0000 2018","retweets":"30","favorites":"20","mentions":[],"hashtags":[],"geo":"","raw":"맛있네요ㅈㄱㄴㅂ디딪ㅅㄱㄴㄷ","polarity":{"com":0.09090909072727274,"pos":0.21212121214141416,"neg":0.6060606064040405,"neut":0.030303030020202022,"none":0.06060606070707071},"intensity":{"high":0.06060606066666666,"low":0.030303029999999998,"meium":0.8484848486666667,"none":0.06060606066666666},"expressive":{"dir-action":0,"dir-explicit":0.030303029999999998,"dir-speech":0.8484848486666667,"indirect":0.06060606066666666,"writing-device":0.06060606066666666}},{"id":"미스터피자 청담점","permalink":"","username":"asdfg","text":"주문도빠르고 맛있게먹었습니다","date":"Mon Dec 10 23:59:44 +0000 2018","retweets":"30","favorites":"20","mentions":[],"hashtags":[],"geo":"","raw":"주문도빠르고 맛있게먹었습니다","polarity":{"com":0,"pos":0.58333333325,"neg":0.41666666674999997,"neut":0,"none":0},"intensity":{"high":0.02777777775,"low":0.13888888875,"meium":0.8333333334999999,"none":0},"expressive":{"dir-action":0,"dir-explicit":0.3055555555,"dir-speech":0.4444444445,"indirect":0.25,"writing-device":0}},{"id":"미스터피자 청담점","permalink":"","username":"asdfg","text":"하프엔하프는 최고의 선택이에요^^ 둘 다 너무 맛있어요!","date":"Mon Dec 10 23:59:44 +0000 2018","retweets":"30","favorites":"20","mentions":[],"hashtags":[],"geo":"","raw":"하프엔하프는 최고의 선택이에요^^ 둘 다 너무 맛있어요!","polarity":{"com":0.03233025800538838,"pos":0.29088659938181444,"neg":0.38927002073154504,"neut":0.22307943887051324,"none":0.06443368301073894},"intensity":{"high":0.07917385416666667,"low":0.14786460716666666,"meium":0.7085278556666667,"none":0.064433683},"expressive":{"dir-action":0,"dir-explicit":0.25647132683333335,"dir-speech":0.5258325553333333,"indirect":0.14470345566666667,"writing-device":0.07299266216666667}},{"id":"미스터피자 청담점","permalink":"","username":"asdfg","text":"항상 잘먹고잇어요 :) 맛나맛나","date":"Mon Dec 10 23:59:44 +0000 2018","retweets":"30","favorites":"20","mentions":[],"hashtags":[],"geo":"","raw":"항상 잘먹고잇어요 :) 맛나맛나","polarity":{"com":0,"pos":0.83333333325,"neg":0.16666666675,"neut":0,"none":0},"intensity":{"high":0.02777777775,"low":0.0555555555,"meium":0.91666666675,"none":0},"expressive":{"dir-action":0,"dir-explicit":0.1805555555,"dir-speech":0.8194444445,"indirect":0,"writing-device":0}},{"id":"미스터피자 청담점","permalink":"","username":"asdfg","text":"죤맛탱 항상 ㅠㅠ\n\n쉬림프골드 넘조아요","date":"Mon Dec 10 23:59:44 +0000 2018","retweets":"30","favorites":"20","mentions":[],"hashtags":[],"geo":"","raw":"죤맛탱 항상 ㅠㅠ\n\n쉬림프골드 넘조아요","polarity":{"com":0,"pos":0.8333333334999999,"neg":0,"neut":0,"none":0.1666666665},"intensity":{"high":0,"low":0,"meium":0.8333333334999999,"none":0.1666666665},"expressive":{"dir-action":0,"dir-explicit":0.16666666658333332,"dir-speech":0.5000000002499999,"indirect":0.16666666658333332,"writing-device":0.16666666658333332}},{"id":"미스터피자 청담점","permalink":"","username":"asdfg","text":"맛있어요ㅎㅎㅎㅎㅎㅎ","date":"Mon Dec 10 23:59:44 +0000 2018","retweets":"30","favorites":"20","mentions":[],"hashtags":[],"geo":"","raw":"맛있어요ㅎㅎㅎㅎㅎㅎ","polarity":{"com":0,"pos":0,"neg":1,"neut":0,"none":0},"intensity":{"high":0,"low":0,"meium":1,"none":0},"expressive":{"dir-action":0,"dir-explicit":0,"dir-speech":1,"indirect":0,"writing-device":0}},{"id":"미스터피자 청담점","permalink":"","username":"asdfg","text":"피자 정말 맛있게 먹었어요\n콜라시켰는데 사이다 온것만빼면ㅠ 최고","date":"Mon Dec 10 23:59:44 +0000 2018","retweets":"30","favorites":"20","mentions":[],"hashtags":[],"geo":"","raw":"피자 정말 맛있게 먹었어요\n콜라시켰는데 사이다 온것만빼면ㅠ 최고","polarity":{"com":0,"pos":0.6527777776666667,"neg":0.2222222223333333,"neut":0.08333333333333333,"none":0.041666666666666664},"intensity":{"high":0.34259259260956787,"low":0.04629629632561728,"meium":0.5694444444050927,"none":0.04166666665972222},"expressive":{"dir-action":0.009259259333333334,"dir-explicit":0.35185185183333334,"dir-speech":0.2916666666666667,"indirect":0.3055555555,"writing-device":0.04166666666666666}},{"id":"미스터피자 청담점","permalink":"","username":"asdfg","text":"친절하고 빠릅니다.\n갈릭 더달라하니 갖다주시고 좋았어요","date":"Mon Dec 10 23:59:44 +0000 2018","retweets":"30","favorites":"20","mentions":[],"hashtags":[],"geo":"","raw":"친절하고 빠릅니다.\n갈릭 더달라하니 갖다주시고 좋았어요","polarity":{"com":0.005259856599999999,"pos":0.6763562411999998,"neg":0.1355424652,"neut":0.03694327579999999,"none":0.1458981612},"intensity":{"high":0.11523959777695207,"low":0.12083933297583216,"meium":0.6175928004764814,"none":0.14632826877073435},"expressive":{"dir-action":0.0012903226,"dir-explicit":0.3006700952,"dir-speech":0.1875720742,"indirect":0.35484712459999995,"writing-device":0.1556203834}}]