[{"id":"서양국수집","permalink":"","username":"asdfg","text":"맛과 양이 시켜먹는 것이라고 여겨지지 않을 곳\n믿고 시켜 먹을 수 있는  서양국수인 파스타를 만드는 집","date":"Mon Dec 10 23:59:44 +0000 2018","retweets":"30","favorites":"20","mentions":[],"hashtags":[],"geo":"","raw":"맛과 양이 시켜먹는 것이라고 여겨지지 않을 곳\n믿고 시켜 먹을 수 있는  서양국수인 파스타를 만드는 집","polarity":{"com":0.020502645553277483,"pos":0.5097883596100236,"neg":0.28425925930174895,"neut":0.02433862444174015,"none":0.16111111109320989},"intensity":{"high":0.07297178132522536,"low":0.09792768965578581,"meium":0.6679894179257789,"none":0.16111111109320989},"expressive":{"dir-action":0,"dir-explicit":0.2665784831111111,"dir-speech":0.4830246914444444,"indirect":0.08531746033333334,"writing-device":0.1650793651111111}},{"id":"서양국수집","permalink":"","username":"asdfg","text":"맛있게 잘 먹었습니당 ㅎㅎ","date":"Mon Dec 10 23:59:44 +0000 2018","retweets":"30","favorites":"20","mentions":[],"hashtags":[],"geo":"","raw":"맛있게 잘 먹었습니당 ㅎㅎ","polarity":{"com":0,"pos":0.35714285717857136,"neg":0.6071428573035714,"neut":0.03571428551785714,"none":0},"intensity":{"high":0,"low":0.107142857,"meium":0.8928571430000001,"none":0},"expressive":{"dir-action":0,"dir-explicit":0.107142857,"dir-speech":0.5714285715,"indirect":0.3214285715,"writing-device":0}},{"id":"서양국수집","permalink":"","username":"asdfg","text":"엄마가 입원하셔서 병원으로 시켰는대, 배달도빠르고, 기사분이 엄청 친절하셨어요. 음식도 뜨겁게 잘와서 엄마 입맛이 사셨어요.\n잘먹었구 다음에 또 시킬께요.","date":"Mon Dec 10 23:59:44 +0000 2018","retweets":"30","favorites":"20","mentions":[],"hashtags":[],"geo":"","raw":"엄마가 입원하셔서 병원으로 시켰는대, 배달도빠르고, 기사분이 엄청 친절하셨어요. 음식도 뜨겁게 잘와서 엄마 입맛이 사셨어요.\n잘먹었구 다음에 또 시킬께요.","polarity":{"com":0.02553761021610983,"pos":0.40581489095755824,"neg":0.4658677070332763,"neut":0.03579258900255662,"none":0.06698720279049909},"intensity":{"high":0.06313434136616204,"low":0.09805469422829353,"meium":0.7708872153244125,"none":0.06792374908113197},"expressive":{"dir-action":0.0015509855715393562,"dir-explicit":0.15809240565414945,"dir-speech":0.5130816317509344,"indirect":0.24996457016071177,"writing-device":0.07731040686266502}}]