[{"id":"파파존스-청담점","permalink":"","username":"asdfg","text":"완전좋아요\nㅅㅅㅅㅅ","date":"Mon Dec 10 23:59:44 +0000 2018","retweets":"30","favorites":"20","mentions":[],"hashtags":[],"geo":"","raw":"완전좋아요\nㅅㅅㅅㅅ","polarity":{"com":0,"pos":0.5,"neg":0.5,"neut":0,"none":0},"intensity":{"high":0,"low":0,"meium":1,"none":0},"expressive":{"dir-action":0,"dir-explicit":0.5,"dir-speech":0,"indirect":0.5,"writing-device":0}},{"id":"파파존스-청담점","permalink":"","username":"asdfg","text":"맛있습니다\n치즈스틱 처음먹어봤는데\n나름 쏘쏘","date":"Mon Dec 10 23:59:44 +0000 2018","retweets":"30","favorites":"20","mentions":[],"hashtags":[],"geo":"","raw":"맛있습니다\n치즈스틱 처음먹어봤는데\n나름 쏘쏘","polarity":{"com":0.0714285714642857,"pos":0.21428571439285712,"neg":0.6428571426785714,"neut":0,"none":0.0714285714642857},"intensity":{"high":0,"low":0,"meium":0.9285714285,"none":0.0714285715},"expressive":{"dir-action":0,"dir-explicit":0.1428571429285714,"dir-speech":0.7142857141428571,"indirect":0.0714285714642857,"writing-device":0.0714285714642857}},{"id":"파파존스-청담점","permalink":"","username":"asdfg","text":"믿고먹는 파파존스입니당","date":"Mon Dec 10 23:59:44 +0000 2018","retweets":"30","favorites":"20","mentions":[],"hashtags":[],"geo":"","raw":"믿고먹는 파파존스입니당","polarity":{"com":0.007625272333333333,"pos":0.35076252700000005,"neg":0.5370370373333333,"neut":0.030501089333333332,"none":0.074074074},"intensity":{"high":0.13507625266666665,"low":0.156862745,"meium":0.6339869283333334,"none":0.074074074},"expressive":{"dir-action":0,"dir-explicit":0.3246187364415396,"dir-speech":0.43790849681263616,"indirect":0.1568627450522876,"writing-device":0.08061002169353668}},{"id":"파파존스-청담점","permalink":"","username":"asdfg","text":"항상 느끼지만 파파존스 청담점 너무 마싰어요~ 치즈피자 덕후인데 여기가 제일 맛있는거 같아요! ㅎㅎ 자주 시켜먹을려구용 ㅎㅎㅎ","date":"Mon Dec 10 23:59:44 +0000 2018","retweets":"30","favorites":"20","mentions":[],"hashtags":[],"geo":"","raw":"항상 느끼지만 파파존스 청담점 너무 마싰어요~ 치즈피자 덕후인데 여기가 제일 맛있는거 같아요! ㅎㅎ 자주 시켜먹을려구용 ㅎㅎㅎ","polarity":{"com":0.0025417574447268625,"pos":0.579883805397765,"neg":0.30864197536762694,"neut":0.047204066783022684,"none":0.06172839500685872},"intensity":{"high":0.014161220001573471,"low":0.23129992735903335,"meium":0.6928104576325346,"none":0.06172839500685872},"expressive":{"dir-action":0,"dir-explicit":0.2872185912222222,"dir-speech":0.4114015976666667,"indirect":0.12636165577777778,"writing-device":0.17501815533333331}},{"id":"파파존스-청담점","permalink":"","username":"asdfg","text":"맛잇습니다 ~~~~~~~~","date":"Mon Dec 10 23:59:44 +0000 2018","retweets":"30","favorites":"20","mentions":[],"hashtags":[],"geo":"","raw":"맛잇습니다 ~~~~~~~~","polarity":{"com":0,"pos":1,"neg":0,"neut":0,"none":0},"intensity":{"high":0,"low":0,"meium":1,"none":0},"expressive":{"dir-action":0,"dir-explicit":0,"dir-speech":1,"indirect":0,"writing-device":0}},{"id":"파파존스-청담점","permalink":"","username":"asdfg","text":"늘 따뜻하게 양도 맛도 최고~","date":"Mon Dec 10 23:59:44 +0000 2018","retweets":"30","favorites":"20","mentions":[],"hashtags":[],"geo":"","raw":"늘 따뜻하게 양도 맛도 최고~","polarity":{"com":0,"pos":0.962962963,"neg":0.037037037,"neut":0,"none":0},"intensity":{"high":0.2592592593333333,"low":0,"meium":0.7407407406666667,"none":0},"expressive":{"dir-action":0,"dir-explicit":0,"dir-speech":0.3333333333333333,"indirect":0.6666666666666666,"writing-device":0}},{"id":"파파존스-청담점","permalink":"","username":"asdfg","text":"잘먹었습니다\n맛납니다.","date":"Mon Dec 10 23:59:44 +0000 2018","retweets":"30","favorites":"20","mentions":[],"hashtags":[],"geo":"","raw":"잘먹었습니다\n맛납니다.","polarity":{"com":0,"pos":0.8571428574285714,"neg":0.10714285705357143,"neut":0.035714285517857144,"none":0},"intensity":{"high":0,"low":0.107142857,"meium":0.8928571430000001,"none":0},"expressive":{"dir-action":0,"dir-explicit":0.107142857,"dir-speech":0.5714285715,"indirect":0.3214285715,"writing-device":0}},{"id":"파파존스-청담점","permalink":"","username":"asdfg","text":"피자가 안쪽이 안익었어요","date":"Mon Dec 10 23:59:44 +0000 2018","retweets":"30","favorites":"20","mentions":[],"hashtags":[],"geo":"","raw":"피자가 안쪽이 안익었어요","polarity":{"com":0.0089285715,"pos":0.45535714299999996,"neg":0.482142857,"neut":0.040178571499999996,"none":0.013392856999999998},"intensity":{"high":0.330357143,"low":0.053571428500000004,"meium":0.5982142855,"none":0.017857143},"expressive":{"dir-action":0,"dir-explicit":0.6875,"dir-speech":0.15625,"indirect":0.142857143,"writing-device":0.013392857}},{"id":"파파존스-청담점","permalink":"","username":"asdfg","text":"스파이시 치킨 랜치 피자에 소스가 부족했어요 ㅠㅠ","date":"Mon Dec 10 23:59:44 +0000 2018","retweets":"30","favorites":"20","mentions":[],"hashtags":[],"geo":"","raw":"스파이시 치킨 랜치 피자에 소스가 부족했어요 ㅠㅠ","polarity":{"com":0.018855606999999996,"pos":0.4809907833333333,"neg":0.38988735266666663,"neut":0.08269969299999999,"none":0.027566563999999998},"intensity":{"high":0.14676139266666666,"low":0.11313364033333333,"meium":0.7081285203333333,"none":0.031976446666666665},"expressive":{"dir-action":0.004301075333333334,"dir-explicit":0.3343189966666667,"dir-speech":0.30058243733333334,"indirect":0.3332309266666667,"writing-device":0.027566564000000005}},{"id":"파파존스-청담점","permalink":"","username":"asdfg","text":"맛나게 잘먹었음돠~~~~~^^","date":"Mon Dec 10 23:59:44 +0000 2018","retweets":"30","favorites":"20","mentions":[],"hashtags":[],"geo":"","raw":"맛나게 잘먹었음돠~~~~~^^","polarity":{"com":0,"pos":0.6071428573035714,"neg":0.35714285717857147,"neut":0.035714285517857144,"none":0},"intensity":{"high":0,"low":0.107142857,"meium":0.8928571430000001,"none":0},"expressive":{"dir-action":0,"dir-explicit":0.107142857,"dir-speech":0.3214285715,"indirect":0.5714285715,"writing-device":0}},{"id":"파파존스-청담점","permalink":"","username":"asdfg","text":"맛나요맛나요맛나요 괜찮네요 하흐","date":"Mon Dec 10 23:59:44 +0000 2018","retweets":"30","favorites":"20","mentions":[],"hashtags":[],"geo":"","raw":"맛나요맛나요맛나요 괜찮네요 하흐","polarity":{"com":0,"pos":1,"neg":0,"neut":0,"none":0},"intensity":{"high":0,"low":0,"meium":1,"none":0},"expressive":{"dir-action":0,"dir-explicit":0,"dir-speech":1,"indirect":0,"writing-device":0}},{"id":"파파존스-청담점","permalink":"","username":"asdfg","text":"맛있고 양도 적당합니다.","date":"Mon Dec 10 23:59:44 +0000 2018","retweets":"30","favorites":"20","mentions":[],"hashtags":[],"geo":"","raw":"맛있고 양도 적당합니다.","polarity":{"com":0,"pos":0.5,"neg":0.5,"neut":0,"none":0},"intensity":{"high":0,"low":0,"meium":1,"none":0},"expressive":{"dir-action":0,"dir-explicit":0,"dir-speech":0.5,"indirect":0.5,"writing-device":0}},{"id":"파파존스-청담점","permalink":"","username":"asdfg","text":"풍부한 치즈와 토마토 소스~맛있습니다.\n넘 뜨거워서 집기가 힘들었네요^^","date":"Mon Dec 10 23:59:44 +0000 2018","retweets":"30","favorites":"20","mentions":[],"hashtags":[],"geo":"","raw":"풍부한 치즈와 토마토 소스~맛있습니다.\n넘 뜨거워서 집기가 힘들었네요^^","polarity":{"com":0.01047029175,"pos":0.5787483915,"neg":0.255148005,"neut":0.14293087725,"none":0.0127024345},"intensity":{"high":0.1155821,"low":0.07905673525,"meium":0.7896758365000001,"none":0.015685328249999998},"expressive":{"dir-action":0.00075075075,"dir-explicit":0.249953078,"dir-speech":0.27773085575,"indirect":0.45811213024999997,"writing-device":0.01345318525}},{"id":"파파존스-청담점","permalink":"","username":"asdfg","text":"맛도굿,배달도 완전빠름~~","date":"Mon Dec 10 23:59:44 +0000 2018","retweets":"30","favorites":"20","mentions":[],"hashtags":[],"geo":"","raw":"맛도굿,배달도 완전빠름~~","polarity":{"com":0.018181818199999995,"pos":0.8181818181999999,"neg":0.15454545459999997,"neut":0,"none":0.009090908999999998},"intensity":{"high":0.009090909001818182,"low":0.02727272720545455,"meium":0.9545454547909091,"none":0.009090909001818182},"expressive":{"dir-action":0,"dir-explicit":0.1545454546,"dir-speech":0.4181818182,"indirect":0.4181818182,"writing-device":0.009090909}},{"id":"파파존스-청담점","permalink":"","username":"asdfg","text":"여읔시 맛있어요ㅅㅅ","date":"Mon Dec 10 23:59:44 +0000 2018","retweets":"30","favorites":"20","mentions":[],"hashtags":[],"geo":"","raw":"여읔시 맛있어요ㅅㅅ","polarity":{"com":0,"pos":0,"neg":1,"neut":0,"none":0},"intensity":{"high":0,"low":0,"meium":1,"none":0},"expressive":{"dir-action":0,"dir-explicit":0,"dir-speech":1,"indirect":0,"writing-device":0}},{"id":"파파존스-청담점","permalink":"","username":"asdfg","text":"맛 있습니다. 그런데 양은 적네요.\n패밀리사이즈 시켰는데, 모자라서 라면 끓여먹었네요.","date":"Mon Dec 10 23:59:44 +0000 2018","retweets":"30","favorites":"20","mentions":[],"hashtags":[],"geo":"","raw":"맛 있습니다. 그런데 양은 적네요.\n패밀리사이즈 시켰는데, 모자라서 라면 끓여먹었네요.","polarity":{"com":0.006637495,"pos":0.46248107516666664,"neg":0.2784055243333334,"neut":0.020900262166666666,"none":0.23157564333333333},"intensity":{"high":0.08448727886149576,"low":0.07325246469108415,"meium":0.6106846130368949,"none":0.23157564341052522},"expressive":{"dir-action":0,"dir-explicit":0.15195155283333334,"dir-speech":0.48439680966666665,"indirect":0.12880802033333333,"writing-device":0.23484361716666666}},{"id":"파파존스-청담점","permalink":"","username":"asdfg","text":"명불허전 파파존스\n맛있었습니다","date":"Mon Dec 10 23:59:44 +0000 2018","retweets":"30","favorites":"20","mentions":[],"hashtags":[],"geo":"","raw":"명불허전 파파존스\n맛있었습니다","polarity":{"com":0,"pos":0,"neg":0.5,"neut":0.5,"none":0},"intensity":{"high":0,"low":0.5,"meium":0.5,"none":0},"expressive":{"dir-action":0,"dir-explicit":0,"dir-speech":1,"indirect":0,"writing-device":0}},{"id":"파파존스-청담점","permalink":"","username":"asdfg","text":"주말에 배고플때먹는 맛난집","date":"Mon Dec 10 23:59:44 +0000 2018","retweets":"30","favorites":"20","mentions":[],"hashtags":[],"geo":"","raw":"주말에 배고플때먹는 맛난집","polarity":{"com":0,"pos":0.43181818178409087,"neg":0.43181818178409087,"neut":0.13636363643181817,"none":0},"intensity":{"high":0.0454545455,"low":0.21969697,"meium":0.7348484845000001,"none":0},"expressive":{"dir-action":0,"dir-explicit":0.090909091,"dir-speech":0.909090909,"indirect":0,"writing-device":0}},{"id":"파파존스-청담점","permalink":"","username":"asdfg","text":"늘 잘먹고있습니닷!!!!!","date":"Mon Dec 10 23:59:44 +0000 2018","retweets":"30","favorites":"20","mentions":[],"hashtags":[],"geo":"","raw":"늘 잘먹고있습니닷!!!!!","polarity":{"com":0,"pos":0.7142857147142857,"neg":0.21428571421428572,"neut":0.07142857107142857,"none":0},"intensity":{"high":0,"low":0.214285714,"meium":0.785714286,"none":0},"expressive":{"dir-action":0,"dir-explicit":0.214285714,"dir-speech":0.142857143,"indirect":0.642857143,"writing-device":0}},{"id":"파파존스-청담점","permalink":"","username":"asdfg","text":"이전엔 치즈맛도 진하고 했던것 같은데 이번엔 토핑도 부족한것 같구 그냥 그랬네요 뱨달은 빨랐습니다","date":"Mon Dec 10 23:59:44 +0000 2018","retweets":"30","favorites":"20","mentions":[],"hashtags":[],"geo":"","raw":"이전엔 치즈맛도 진하고 했던것 같은데 이번엔 토핑도 부족한것 같구 그냥 그랬네요 뱨달은 빨랐습니다","polarity":{"com":0.004578425166666666,"pos":0.35207707041666664,"neg":0.4488355191666667,"neut":0.04777623966666667,"none":0.14673274558333332},"intensity":{"high":0.046897633083333334,"low":0.08071960199999999,"meium":0.7245129534166667,"none":0.14786981149999998},"expressive":{"dir-action":0.0014954888330840851,"dir-explicit":0.23289280212785124,"dir-speech":0.5220590408296568,"indirect":0.09189609490135067,"writing-device":0.15165657330805724}},{"id":"파파존스-청담점","permalink":"","username":"asdfg","text":"식은것만먹다 배달도 빠르고 맛도 괜찮아서 좋았습니다","date":"Mon Dec 10 23:59:44 +0000 2018","retweets":"30","favorites":"20","mentions":[],"hashtags":[],"geo":"","raw":"식은것만먹다 배달도 빠르고 맛도 괜찮아서 좋았습니다","polarity":{"com":0,"pos":0.82,"neg":0.17333333333333334,"neut":0,"none":0.006666666666666667},"intensity":{"high":0.2833333333333333,"low":0.06222222216666667,"meium":0.6477777778333333,"none":0.006666666666666667},"expressive":{"dir-action":0,"dir-explicit":0.26666666666666666,"dir-speech":0.36666666666666664,"indirect":0.36,"writing-device":0.006666666666666666}},{"id":"파파존스-청담점","permalink":"","username":"asdfg","text":"맛있었어요  작지만 그런대로만족","date":"Mon Dec 10 23:59:44 +0000 2018","retweets":"30","favorites":"20","mentions":[],"hashtags":[],"geo":"","raw":"맛있었어요  작지만 그런대로만족","polarity":{"com":0,"pos":0.16666666666666666,"neg":0.8333333333333334,"neut":0,"none":0},"intensity":{"high":0,"low":0,"meium":1,"none":0},"expressive":{"dir-action":0,"dir-explicit":0.3333333333333333,"dir-speech":0.6666666666666666,"indirect":0,"writing-device":0}},{"id":"파파존스-청담점","permalink":"","username":"asdfg","text":"따뜻하게 언제나 맛있게 먹네요~~~","date":"Mon Dec 10 23:59:44 +0000 2018","retweets":"30","favorites":"20","mentions":[],"hashtags":[],"geo":"","raw":"따뜻하게 언제나 맛있게 먹네요~~~","polarity":{"com":0,"pos":0.44444444433333335,"neg":0.5555555556666666,"neut":0,"none":0},"intensity":{"high":0.037037037,"low":0.074074074,"meium":0.888888889,"none":0},"expressive":{"dir-action":0,"dir-explicit":0.074074074,"dir-speech":0.5925925926666666,"indirect":0.3333333333333333,"writing-device":0}},{"id":"파파존스-청담점","permalink":"","username":"asdfg","text":"뜨끈뜨끈하게와서 잘먹었습니다~","date":"Mon Dec 10 23:59:44 +0000 2018","retweets":"30","favorites":"20","mentions":[],"hashtags":[],"geo":"","raw":"뜨끈뜨끈하게와서 잘먹었습니다~","polarity":{"com":0.003831417667943806,"pos":0.5120415981706805,"neg":0.20552818840184275,"neut":0.2134646960711549,"none":0.06513409968837804},"intensity":{"high":0.03831417632056194,"low":0.11357416529547527,"meium":0.779146141073618,"none":0.06896551731034482},"expressive":{"dir-action":0.003831417667943805,"dir-explicit":0.12506841804168944,"dir-speech":0.3522167487840722,"indirect":0.4422550631474183,"writing-device":0.0766283523588761}},{"id":"파파존스-청담점","permalink":"","username":"asdfg","text":"언제나 맛있네요^^치즈피자는 진리~~","date":"Mon Dec 10 23:59:44 +0000 2018","retweets":"30","favorites":"20","mentions":[],"hashtags":[],"geo":"","raw":"언제나 맛있네요^^치즈피자는 진리~~","polarity":{"com":0,"pos":0.1587301585793651,"neg":0.7539682543769841,"neut":0.04761904752380952,"none":0.03968253951984128},"intensity":{"high":0.015873016000000004,"low":0.11904761900000001,"meium":0.8253968255,"none":0.03968253950000001},"expressive":{"dir-action":0,"dir-explicit":0.0793650795,"dir-speech":0.8333333334999999,"indirect":0.0396825395,"writing-device":0.0476190475}},{"id":"파파존스-청담점","permalink":"","username":"asdfg","text":"배달이 좀 누린 것 빼곤 다 괜찮아요","date":"Mon Dec 10 23:59:44 +0000 2018","retweets":"30","favorites":"20","mentions":[],"hashtags":[],"geo":"","raw":"배달이 좀 누린 것 빼곤 다 괜찮아요","polarity":{"com":0.005952381,"pos":0.738095238,"neg":0.0634920635,"neut":0.01587301575,"none":0.17658730174999998},"intensity":{"high":0.08730158722817459,"low":0.019841269745039684,"meium":0.7162698413209325,"none":0.17658730170585316},"expressive":{"dir-action":0,"dir-explicit":0.25277777793680556,"dir-speech":0.5547619046113096,"indirect":0.009920634997519842,"writing-device":0.18253968245436508}},{"id":"파파존스-청담점","permalink":"","username":"asdfg","text":"피자한판혼자다먹음물론작은거","date":"Mon Dec 10 23:59:44 +0000 2018","retweets":"30","favorites":"20","mentions":[],"hashtags":[],"geo":"","raw":"피자한판혼자다먹음물론작은거","polarity":{"com":0,"pos":0.4428571428,"neg":0.4,"neut":0.1,"none":0.057142857199999994},"intensity":{"high":0.05714285718857143,"low":0,"meium":0.885714285622857,"none":0.05714285718857143},"expressive":{"dir-action":0,"dir-explicit":0.18571428576285715,"dir-speech":0.45714285710857144,"indirect":0.19999999996,"writing-device":0.1571428571685714}},{"id":"파파존스-청담점","permalink":"","username":"asdfg","text":"배달해주신 젊은 남자분 너무너무 친절하시고 빨리 배달해주셔서 좋았어요~ 맛도 맛이지만 그 배달원분 때문에라도 또 시킬 것 같에요 ㅎㅎㅎㅎ 시켜먹은 치즈피자 라지 한판은 뚝닥 비웠습니당~~~~~","date":"Mon Dec 10 23:59:44 +0000 2018","retweets":"30","favorites":"20","mentions":[],"hashtags":[],"geo":"","raw":"배달해주신 젊은 남자분 너무너무 친절하시고 빨리 배달해주셔서 좋았어요~ 맛도 맛이지만 그 배달원분 때문에라도 또 시킬 것 같에요 ㅎㅎㅎㅎ 시켜먹은 치즈피자 라지 한판은 뚝닥 비웠습니당~~~~~","polarity":{"com":0.02639016899824066,"pos":0.49443625183370415,"neg":0.2507499573832834,"neut":0.1320822665911945,"none":0.09634135519357724},"intensity":{"high":0.08805598213333334,"low":0.038256357666666664,"meium":0.7770595666,"none":0.09662809359999999},"expressive":{"dir-action":0.0008602150666666667,"dir-explicit":0.2017050692,"dir-speech":0.4457381806666667,"indirect":0.24424406886666666,"writing-device":0.1074524662}},{"id":"파파존스-청담점","permalink":"","username":"asdfg","text":"맛있게 먹었음 친절함ㅁ","date":"Mon Dec 10 23:59:44 +0000 2018","retweets":"30","favorites":"20","mentions":[],"hashtags":[],"geo":"","raw":"맛있게 먹었음 친절함ㅁ","polarity":{"com":0,"pos":0.45833333325,"neg":0.54166666675,"neut":0,"none":0},"intensity":{"high":0.027777777750000003,"low":0.0555555555,"meium":0.91666666675,"none":0},"expressive":{"dir-action":0,"dir-explicit":0.3055555555,"dir-speech":0.5694444445,"indirect":0.125,"writing-device":0}},{"id":"파파존스-청담점","permalink":"","username":"asdfg","text":"맛있어요! 파파존스!!","date":"Mon Dec 10 23:59:44 +0000 2018","retweets":"30","favorites":"20","mentions":[],"hashtags":[],"geo":"","raw":"맛있어요! 파파존스!!","polarity":{"com":0,"pos":0,"neg":1,"neut":0,"none":0},"intensity":{"high":0,"low":0,"meium":1,"none":0},"expressive":{"dir-action":0,"dir-explicit":0,"dir-speech":1,"indirect":0,"writing-device":0}},{"id":"파파존스-청담점","permalink":"","username":"asdfg","text":"항상 맛있게 시켜먹고 있습니다","date":"Mon Dec 10 23:59:44 +0000 2018","retweets":"30","favorites":"20","mentions":[],"hashtags":[],"geo":"","raw":"항상 맛있게 시켜먹고 있습니다","polarity":{"com":0,"pos":0.6666666665000001,"neg":0.3333333335,"neut":0,"none":0},"intensity":{"high":0.0555555555,"low":0.111111111,"meium":0.8333333334999999,"none":0},"expressive":{"dir-action":0,"dir-explicit":0.361111111,"dir-speech":0.638888889,"indirect":0,"writing-device":0}},{"id":"파파존스-청담점","permalink":"","username":"asdfg","text":"항상 맛있습니다.\n치즈 피자 좋습니다~~","date":"Mon Dec 10 23:59:44 +0000 2018","retweets":"30","favorites":"20","mentions":[],"hashtags":[],"geo":"","raw":"항상 맛있습니다.\n치즈 피자 좋습니다~~","polarity":{"com":0,"pos":0.96,"neg":0.02,"neut":0,"none":0.02},"intensity":{"high":0.1,"low":0.02,"meium":0.86,"none":0.02},"expressive":{"dir-action":0,"dir-explicit":0.55,"dir-speech":0.35,"indirect":0.08,"writing-device":0.02}},{"id":"파파존스-청담점","permalink":"","username":"asdfg","text":"무난하게 잘 먹었어요","date":"Mon Dec 10 23:59:44 +0000 2018","retweets":"30","favorites":"20","mentions":[],"hashtags":[],"geo":"","raw":"무난하게 잘 먹었어요","polarity":{"com":0,"pos":0.8571428574285714,"neg":0.10714285705357143,"neut":0.035714285517857144,"none":0},"intensity":{"high":0,"low":0.607142857,"meium":0.392857143,"none":0},"expressive":{"dir-action":0,"dir-explicit":0.607142857,"dir-speech":0.0714285715,"indirect":0.3214285715,"writing-device":0}},{"id":"파파존스-청담점","permalink":"","username":"asdfg","text":"어머님께서 좋아하시는 피자집입니다 종종주문할게요","date":"Mon Dec 10 23:59:44 +0000 2018","retweets":"30","favorites":"20","mentions":[],"hashtags":[],"geo":"","raw":"어머님께서 좋아하시는 피자집입니다 종종주문할게요","polarity":{"com":0,"pos":1,"neg":0,"neut":0,"none":0},"intensity":{"high":0,"low":0,"meium":1,"none":0},"expressive":{"dir-action":0,"dir-explicit":0.6666666666666666,"dir-speech":0.3333333333333333,"indirect":0,"writing-device":0}},{"id":"파파존스-청담점","permalink":"","username":"asdfg","text":"따뜻하고 맛있게 잘 먹었습니닷","date":"Mon Dec 10 23:59:44 +0000 2018","retweets":"30","favorites":"20","mentions":[],"hashtags":[],"geo":"","raw":"따뜻하고 맛있게 잘 먹었습니닷","polarity":{"com":0,"pos":0.5714285715238094,"neg":0.40476190480158736,"neut":0.023809523674603175,"none":0},"intensity":{"high":0,"low":0.07142857133333333,"meium":0.9285714286666668,"none":0},"expressive":{"dir-action":0,"dir-explicit":0.07142857133333333,"dir-speech":0.380952381,"indirect":0.5476190476666667,"writing-device":0}},{"id":"파파존스-청담점","permalink":"","username":"asdfg","text":"불고기베이크 치즈스틱 맛있어욤","date":"Mon Dec 10 23:59:44 +0000 2018","retweets":"30","favorites":"20","mentions":[],"hashtags":[],"geo":"","raw":"불고기베이크 치즈스틱 맛있어욤","polarity":{"com":0,"pos":0,"neg":1,"neut":0,"none":0},"intensity":{"high":0,"low":0,"meium":1,"none":0},"expressive":{"dir-action":0,"dir-explicit":0,"dir-speech":1,"indirect":0,"writing-device":0}},{"id":"파파존스-청담점","permalink":"","username":"asdfg","text":"파파존스는 보장된 맛집!!\n음료를 추가해야 하는걸 항상 까먹네요 ㅋ","date":"Mon Dec 10 23:59:44 +0000 2018","retweets":"30","favorites":"20","mentions":[],"hashtags":[],"geo":"","raw":"파파존스는 보장된 맛집!!\n음료를 추가해야 하는걸 항상 까먹네요 ㅋ","polarity":{"com":0.01077643985868235,"pos":0.5120360876445765,"neg":0.22659960203237134,"neut":0.21867940074552564,"none":0.031908469718844056},"intensity":{"high":0.0554979195635003,"low":0.21860736982591325,"meium":0.6920369850439946,"none":0.03385772556659175},"expressive":{"dir-action":0.00438353142794521,"dir-explicit":0.12425749912510606,"dir-speech":0.5752697280606758,"indirect":0.2583447452488079,"writing-device":0.03774449613746507}},{"id":"파파존스-청담점","permalink":"","username":"asdfg","text":"맛은 그냥..먹을만해요","date":"Mon Dec 10 23:59:44 +0000 2018","retweets":"30","favorites":"20","mentions":[],"hashtags":[],"geo":"","raw":"맛은 그냥..먹을만해요","polarity":{"com":0,"pos":0.44444444433333335,"neg":0.5555555556666666,"neut":0,"none":0},"intensity":{"high":0.037037037,"low":0.074074074,"meium":0.888888889,"none":0},"expressive":{"dir-action":0,"dir-explicit":0.074074074,"dir-speech":0.925925926,"indirect":0,"writing-device":0}},{"id":"파파존스-청담점","permalink":"","username":"asdfg","text":"저번에 먹고 너무 맛있어서 또 시켜먹었어요! 진짜 치즈버거맛 피자 먹는거같아요!!","date":"Mon Dec 10 23:59:44 +0000 2018","retweets":"30","favorites":"20","mentions":[],"hashtags":[],"geo":"","raw":"저번에 먹고 너무 맛있어서 또 시켜먹었어요! 진짜 치즈버거맛 피자 먹는거같아요!!","polarity":{"com":0.020408163282798833,"pos":0.3265306120962099,"neg":0.5918367347725947,"neut":0,"none":0.0612244898483965},"intensity":{"high":0.06802721085714285,"low":0.11564625842857143,"meium":0.7551020408571428,"none":0.06122448985714286},"expressive":{"dir-action":0,"dir-explicit":0.19727891142857143,"dir-speech":0.5578231294285715,"indirect":0.020408163285714286,"writing-device":0.22448979585714285}},{"id":"파파존스-청담점","permalink":"","username":"asdfg","text":"잘먹었습니다^^^^","date":"Mon Dec 10 23:59:44 +0000 2018","retweets":"30","favorites":"20","mentions":[],"hashtags":[],"geo":"","raw":"잘먹었습니다^^^^","polarity":{"com":0,"pos":0.7142857147142857,"neg":0.21428571421428572,"neut":0.07142857107142857,"none":0},"intensity":{"high":0,"low":0.214285714,"meium":0.785714286,"none":0},"expressive":{"dir-action":0,"dir-explicit":0.214285714,"dir-speech":0.142857143,"indirect":0.642857143,"writing-device":0}},{"id":"파파존스-청담점","permalink":"","username":"asdfg","text":"파파존스는.머항상 한결같으니까","date":"Mon Dec 10 23:59:44 +0000 2018","retweets":"30","favorites":"20","mentions":[],"hashtags":[],"geo":"","raw":"파파존스는.머항상 한결같으니까","polarity":{"com":0,"pos":1,"neg":0,"neut":0,"none":0},"intensity":{"high":0,"low":0,"meium":1,"none":0},"expressive":{"dir-action":0,"dir-explicit":0.5,"dir-speech":0.5,"indirect":0,"writing-device":0}},{"id":"파파존스-청담점","permalink":"","username":"asdfg","text":"Always Good!","date":"Mon Dec 10 23:59:44 +0000 2018","retweets":"30","favorites":"20","mentions":[],"hashtags":[],"geo":"","raw":"Always Good!","polarity":{"com":null,"pos":null,"neg":null,"neut":null,"none":null},"intensity":{"high":null,"low":null,"meium":null,"none":null},"expressive":{"dir-action":null,"dir-explicit":null,"dir-speech":null,"indirect":null,"writing-device":null}},{"id":"파파존스-청담점","permalink":"","username":"asdfg","text":"Pizza was so hot when it got here! As if it was fresh out of the oven! Thank you!","date":"Mon Dec 10 23:59:44 +0000 2018","retweets":"30","favorites":"20","mentions":[],"hashtags":[],"geo":"","raw":"Pizza was so hot when it got here! As if it was fresh out of the oven! Thank you!","polarity":{"com":null,"pos":null,"neg":null,"neut":null,"none":null},"intensity":{"high":null,"low":null,"meium":null,"none":null},"expressive":{"dir-action":null,"dir-explicit":null,"dir-speech":null,"indirect":null,"writing-device":null}},{"id":"파파존스-청담점","permalink":"","username":"asdfg","text":"맛잇게 잘먹었습니다","date":"Mon Dec 10 23:59:44 +0000 2018","retweets":"30","favorites":"20","mentions":[],"hashtags":[],"geo":"","raw":"맛잇게 잘먹었습니다","polarity":{"com":0,"pos":0.8571428574285714,"neg":0.10714285705357143,"neut":0.035714285517857144,"none":0},"intensity":{"high":0,"low":0.107142857,"meium":0.8928571430000001,"none":0},"expressive":{"dir-action":0,"dir-explicit":0.107142857,"dir-speech":0.5714285715,"indirect":0.3214285715,"writing-device":0}},{"id":"파파존스-청담점","permalink":"","username":"asdfg","text":"맛잇어요 담에 또먹을게요","date":"Mon Dec 10 23:59:44 +0000 2018","retweets":"30","favorites":"20","mentions":[],"hashtags":[],"geo":"","raw":"맛잇어요 담에 또먹을게요","polarity":{"com":0,"pos":0.5714285712142857,"neg":0.21428571439285712,"neut":0,"none":0.21428571439285712},"intensity":{"high":0,"low":0,"meium":0.7857142855,"none":0.2142857145},"expressive":{"dir-action":0,"dir-explicit":0.0714285715,"dir-speech":0.642857143,"indirect":0,"writing-device":0.2857142855}},{"id":"파파존스-청담점","permalink":"","username":"asdfg","text":"지난번에 완전 엉뚱한 메뉴 와서 진짜 당황스러웠네요. 제가 주문한거랑 다른집꺼랑 뒤바뀌는 경우는 처음 경험해봤어요~ 그래서 1시간 걸릴거 2시간 걸려서 먹었는데 서비스같은건 일도 기대하지 않았지만 ㅎㅎ 손해본 제 시간 참 아까웠네요~ 실수는 할 수 있지만 완전 엉뚱한 집에 배달은 말도 안됩니다, 앞으로 정신 바짝 차려서 일해주세요 직원분들.","date":"Mon Dec 10 23:59:44 +0000 2018","retweets":"30","favorites":"20","mentions":[],"hashtags":[],"geo":"","raw":"지난번에 완전 엉뚱한 메뉴 와서 진짜 당황스러웠네요. 제가 주문한거랑 다른집꺼랑 뒤바뀌는 경우는 처음 경험해봤어요~ 그래서 1시간 걸릴거 2시간 걸려서 먹었는데 서비스같은건 일도 기대하지 않았지만 ㅎㅎ 손해본 제 시간 참 아까웠네요~ 실수는 할 수 있지만 완전 엉뚱한 집에 배달은 말도 안됩니다, 앞으로 정신 바짝 차려서 일해주세요 직원분들.","polarity":{"com":0.008608509805618532,"pos":0.46120271534246426,"neg":0.44729385189219734,"neut":0.05142827928534564,"none":0.0314666436743742},"intensity":{"high":0.12175507431865305,"low":0.16508147457531996,"meium":0.6814336931070505,"none":0.03172975799897646},"expressive":{"dir-action":0.0004018586773804653,"dir-explicit":0.32739902629089684,"dir-speech":0.40389598983188096,"indirect":0.21392007759220127,"writing-device":0.05438304760764035}},{"id":"파파존스-청담점","permalink":"","username":"asdfg","text":"great.....","date":"Mon Dec 10 23:59:44 +0000 2018","retweets":"30","favorites":"20","mentions":[],"hashtags":[],"geo":"","raw":"great.....","polarity":{"com":null,"pos":null,"neg":null,"neut":null,"none":null},"intensity":{"high":null,"low":null,"meium":null,"none":null},"expressive":{"dir-action":null,"dir-explicit":null,"dir-speech":null,"indirect":null,"writing-device":null}},{"id":"파파존스-청담점","permalink":"","username":"asdfg","text":"Great service! Pizza is better than most places.","date":"Mon Dec 10 23:59:44 +0000 2018","retweets":"30","favorites":"20","mentions":[],"hashtags":[],"geo":"","raw":"Great service! Pizza is better than most places.","polarity":{"com":null,"pos":null,"neg":null,"neut":null,"none":null},"intensity":{"high":null,"low":null,"meium":null,"none":null},"expressive":{"dir-action":null,"dir-explicit":null,"dir-speech":null,"indirect":null,"writing-device":null}},{"id":"파파존스-청담점","permalink":"","username":"asdfg","text":"맛나게 잘 먹었어요","date":"Mon Dec 10 23:59:44 +0000 2018","retweets":"30","favorites":"20","mentions":[],"hashtags":[],"geo":"","raw":"맛나게 잘 먹었어요","polarity":{"com":0,"pos":0.7142857147142857,"neg":0.21428571421428572,"neut":0.07142857107142857,"none":0},"intensity":{"high":0,"low":0.214285714,"meium":0.785714286,"none":0},"expressive":{"dir-action":0,"dir-explicit":0.214285714,"dir-speech":0.142857143,"indirect":0.642857143,"writing-device":0}},{"id":"파파존스-청담점","permalink":"","username":"asdfg","text":"맛있습니다 \n할인해서 먹을때만","date":"Mon Dec 10 23:59:44 +0000 2018","retweets":"30","favorites":"20","mentions":[],"hashtags":[],"geo":"","raw":"맛있습니다 \n할인해서 먹을때만","polarity":{"com":0.004838709748790322,"pos":0.3032746821741813,"neg":0.595747800601063,"neut":0.0891495602277126,"none":0.006989247248252688},"intensity":{"high":0.085451287,"low":0.15276963175,"meium":0.7542521995,"none":0.00752688175},"expressive":{"dir-action":0.00161290325,"dir-explicit":0.17950472475,"dir-speech":0.722645813,"indirect":0.08924731175,"writing-device":0.00698924725}},{"id":"파파존스-청담점","permalink":"","username":"asdfg","text":"맥주안주로 안성맞춤!","date":"Mon Dec 10 23:59:44 +0000 2018","retweets":"30","favorites":"20","mentions":[],"hashtags":[],"geo":"","raw":"맥주안주로 안성맞춤!","polarity":{"com":null,"pos":null,"neg":null,"neut":null,"none":null},"intensity":{"high":null,"low":null,"meium":null,"none":null},"expressive":{"dir-action":null,"dir-explicit":null,"dir-speech":null,"indirect":null,"writing-device":null}},{"id":"파파존스-청담점","permalink":"","username":"asdfg","text":"예전이 더 크고 맛있었어요. ㅠㅠ","date":"Mon Dec 10 23:59:44 +0000 2018","retweets":"30","favorites":"20","mentions":[],"hashtags":[],"geo":"","raw":"예전이 더 크고 맛있었어요. ㅠㅠ","polarity":{"com":0,"pos":0.3333333333333333,"neg":0.3333333333333333,"neut":0.3333333333333333,"none":0},"intensity":{"high":0,"low":0,"meium":1,"none":0},"expressive":{"dir-action":0,"dir-explicit":0.3333333333333333,"dir-speech":0.3333333333333333,"indirect":0.3333333333333333,"writing-device":0}},{"id":"파파존스-청담점","permalink":"","username":"asdfg","text":"깔끔히맛있어요~^^","date":"Mon Dec 10 23:59:44 +0000 2018","retweets":"30","favorites":"20","mentions":[],"hashtags":[],"geo":"","raw":"깔끔히맛있어요~^^","polarity":{"com":0,"pos":0,"neg":1,"neut":0,"none":0},"intensity":{"high":0,"low":0,"meium":1,"none":0},"expressive":{"dir-action":0,"dir-explicit":0,"dir-speech":1,"indirect":0,"writing-device":0}},{"id":"파파존스-청담점","permalink":"","username":"asdfg","text":"배달빠르고 맛있어요","date":"Mon Dec 10 23:59:44 +0000 2018","retweets":"30","favorites":"20","mentions":[],"hashtags":[],"geo":"","raw":"배달빠르고 맛있어요","polarity":{"com":0,"pos":0.5,"neg":0.5,"neut":0,"none":0},"intensity":{"high":0,"low":0,"meium":1,"none":0},"expressive":{"dir-action":0,"dir-explicit":0,"dir-speech":1,"indirect":0,"writing-device":0}},{"id":"파파존스-청담점","permalink":"","username":"asdfg","text":"맛있어요\n\n토요일만 시켜먹습니당","date":"Mon Dec 10 23:59:44 +0000 2018","retweets":"30","favorites":"20","mentions":[],"hashtags":[],"geo":"","raw":"맛있어요\n\n토요일만 시켜먹습니당","polarity":{"com":0,"pos":0.17094017072364673,"neg":0.6666666668888889,"neut":0.017094017005698008,"none":0.1452991453817664},"intensity":{"high":0.07122507133333333,"low":0.091168091,"meium":0.6923076923333333,"none":0.14529914533333335},"expressive":{"dir-action":0,"dir-explicit":0.15099715099999997,"dir-speech":0.6780626779999999,"indirect":0.03418803433333333,"writing-device":0.13675213666666666}},{"id":"파파존스-청담점","permalink":"","username":"asdfg","text":"생각보다 피자 사이즈는 작네요","date":"Mon Dec 10 23:59:44 +0000 2018","retweets":"30","favorites":"20","mentions":[],"hashtags":[],"geo":"","raw":"생각보다 피자 사이즈는 작네요","polarity":{"com":0,"pos":0.3462301586731151,"neg":0.4206349207103175,"neut":0.17261904758630955,"none":0.06051587303025794},"intensity":{"high":0.057539682499999995,"low":0.244047619,"meium":0.6378968254999999,"none":0.060515873},"expressive":{"dir-action":0,"dir-explicit":0.2668650795,"dir-speech":0.5625,"indirect":0.1021825395,"writing-device":0.06845238099999999}},{"id":"파파존스-청담점","permalink":"","username":"asdfg","text":"맛있음\n배달도 빠르고","date":"Mon Dec 10 23:59:44 +0000 2018","retweets":"30","favorites":"20","mentions":[],"hashtags":[],"geo":"","raw":"맛있음\n배달도 빠르고","polarity":{"com":0,"pos":1,"neg":0,"neut":0,"none":0},"intensity":{"high":0,"low":0.111111111,"meium":0.888888889,"none":0},"expressive":{"dir-action":0,"dir-explicit":0,"dir-speech":0.6666666666666666,"indirect":0.3333333333333333,"writing-device":0}},{"id":"파파존스-청담점","permalink":"","username":"asdfg","text":"맛있었음\n\n레귤러지만. 1인분에 가까운 양","date":"Mon Dec 10 23:59:44 +0000 2018","retweets":"30","favorites":"20","mentions":[],"hashtags":[],"geo":"","raw":"맛있었음\n\n레귤러지만. 1인분에 가까운 양","polarity":{"com":0.004575163399999999,"pos":0.42712418299999994,"neg":0.5055555555999999,"neut":0.018300653599999998,"none":0.04444444439999999},"intensity":{"high":0.025490196005098036,"low":0.11633986922326797,"meium":0.8137254903627451,"none":0.04444444440888889},"expressive":{"dir-action":0,"dir-explicit":0.2336601308,"dir-speech":0.4405228758,"indirect":0.2774509804,"writing-device":0.048366013}},{"id":"파파존스-청담점","permalink":"","username":"asdfg","text":"역시나 베리 굿 입니다","date":"Mon Dec 10 23:59:44 +0000 2018","retweets":"30","favorites":"20","mentions":[],"hashtags":[],"geo":"","raw":"역시나 베리 굿 입니다","polarity":{"com":0,"pos":1,"neg":0,"neut":0,"none":0},"intensity":{"high":0,"low":0,"meium":1,"none":0},"expressive":{"dir-action":0,"dir-explicit":0,"dir-speech":0,"indirect":1,"writing-device":0}},{"id":"파파존스-청담점","permalink":"","username":"asdfg","text":"네가족 든든히 먹었습니다~","date":"Mon Dec 10 23:59:44 +0000 2018","retweets":"30","favorites":"20","mentions":[],"hashtags":[],"geo":"","raw":"네가족 든든히 먹었습니다~","polarity":{"com":0,"pos":0.4666666665,"neg":0.5333333335,"neut":0,"none":0},"intensity":{"high":0.1555555555,"low":0.111111111,"meium":0.7333333335000001,"none":0},"expressive":{"dir-action":0,"dir-explicit":0.21111111100000002,"dir-speech":0.688888889,"indirect":0.1,"writing-device":0}},{"id":"파파존스-청담점","permalink":"","username":"asdfg","text":"메우메우베리굿에에에요","date":"Mon Dec 10 23:59:44 +0000 2018","retweets":"30","favorites":"20","mentions":[],"hashtags":[],"geo":"","raw":"메우메우베리굿에에에요","polarity":{"com":0,"pos":1,"neg":0,"neut":0,"none":0},"intensity":{"high":0,"low":0,"meium":1,"none":0},"expressive":{"dir-action":0,"dir-explicit":0,"dir-speech":0,"indirect":1,"writing-device":0}},{"id":"파파존스-청담점","permalink":"","username":"asdfg","text":"언제나 근무때 시켜먹는 존맛탱","date":"Mon Dec 10 23:59:44 +0000 2018","retweets":"30","favorites":"20","mentions":[],"hashtags":[],"geo":"","raw":"언제나 근무때 시켜먹는 존맛탱","polarity":{"com":0,"pos":0.5656565654781145,"neg":0.3434343435521885,"neut":0.09090909096969696,"none":0},"intensity":{"high":0.06734006733333332,"low":0.164983165,"meium":0.7676767676666666,"none":0},"expressive":{"dir-action":0,"dir-explicit":0.13468013466666665,"dir-speech":0.8653198653333334,"indirect":0,"writing-device":0}},{"id":"파파존스-청담점","permalink":"","username":"asdfg","text":"치즈가 조금 부족한데 그래도 맛있음","date":"Mon Dec 10 23:59:44 +0000 2018","retweets":"30","favorites":"20","mentions":[],"hashtags":[],"geo":"","raw":"치즈가 조금 부족한데 그래도 맛있음","polarity":{"com":0.00446428575,"pos":0.22767857149999998,"neg":0.65773809525,"neut":0.02008928575,"none":0.09002976175},"intensity":{"high":0.08184523825000001,"low":0.02678571425,"meium":0.79910714275,"none":0.09226190475},"expressive":{"dir-action":0,"dir-explicit":0.15625000000000003,"dir-speech":0.43229166675,"indirect":0.32142857150000004,"writing-device":0.09002976175000002}},{"id":"파파존스-청담점","permalink":"","username":"asdfg","text":"맛있어요","date":"Mon Dec 10 23:59:44 +0000 2018","retweets":"30","favorites":"20","mentions":[],"hashtags":[],"geo":"","raw":"맛있어요","polarity":{"com":0,"pos":0,"neg":1,"neut":0,"none":0},"intensity":{"high":0,"low":0,"meium":1,"none":0},"expressive":{"dir-action":0,"dir-explicit":0,"dir-speech":1,"indirect":0,"writing-device":0}},{"id":"파파존스-청담점","permalink":"","username":"asdfg","text":"릭지읺고 뜨겁게 잘 먹었습니다.","date":"Mon Dec 10 23:59:44 +0000 2018","retweets":"30","favorites":"20","mentions":[],"hashtags":[],"geo":"","raw":"릭지읺고 뜨겁게 잘 먹었습니다.","polarity":{"com":0,"pos":0.5436507938478836,"neg":0.3214285714404762,"neut":0.13492063471164023,"none":0},"intensity":{"high":0,"low":0.07142857133333333,"meium":0.9285714286666668,"none":0},"expressive":{"dir-action":0,"dir-explicit":0.15476190466666664,"dir-speech":0.40873015866666673,"indirect":0.43650793666666665,"writing-device":0}},{"id":"파파존스-청담점","permalink":"","username":"asdfg","text":"레귤러 생각보다 작네요 1인분인듯 ㅋ","date":"Mon Dec 10 23:59:44 +0000 2018","retweets":"30","favorites":"20","mentions":[],"hashtags":[],"geo":"","raw":"레귤러 생각보다 작네요 1인분인듯 ㅋ","polarity":{"com":0.0045751634,"pos":0.5021241830000001,"neg":0.3388888888,"neut":0.0683006536,"none":0.0861111112},"intensity":{"high":0.0421568626,"low":0.0996732026,"meium":0.7720588236,"none":0.0861111112},"expressive":{"dir-action":0,"dir-explicit":0.24199346420000004,"dir-speech":0.49885620900000005,"indirect":0.169117647,"writing-device":0.0900326798}},{"id":"파파존스-청담점","permalink":"","username":"asdfg","text":"맛있었어요^^","date":"Mon Dec 10 23:59:44 +0000 2018","retweets":"30","favorites":"20","mentions":[],"hashtags":[],"geo":"","raw":"맛있었어요^^","polarity":{"com":0,"pos":0,"neg":1,"neut":0,"none":0},"intensity":{"high":0,"low":0,"meium":1,"none":0},"expressive":{"dir-action":0,"dir-explicit":0,"dir-speech":1,"indirect":0,"writing-device":0}},{"id":"파파존스-청담점","permalink":"","username":"asdfg","text":"역시 파파존스 입니다. 맛있게 잘 먹었어요 ㅋ","date":"Mon Dec 10 23:59:44 +0000 2018","retweets":"30","favorites":"20","mentions":[],"hashtags":[],"geo":"","raw":"역시 파파존스 입니다. 맛있게 잘 먹었어요 ㅋ","polarity":{"com":0.007625272338416848,"pos":0.47774665431849783,"neg":0.16402116410934744,"neut":0.16542172411028114,"none":0.1851851851234568},"intensity":{"high":0.04248366002832244,"low":0.20977279780651523,"meium":0.5625583570417056,"none":0.1851851851234568},"expressive":{"dir-action":0,"dir-explicit":0.32197323377399106,"dir-speech":0.22626828507542276,"indirect":0.26003734842001247,"writing-device":0.19172113273057373}},{"id":"파파존스-청담점","permalink":"","username":"asdfg","text":"굳굳굳","date":"Mon Dec 10 23:59:44 +0000 2018","retweets":"30","favorites":"20","mentions":[],"hashtags":[],"geo":"","raw":"굳굳굳","polarity":{"com":null,"pos":null,"neg":null,"neut":null,"none":null},"intensity":{"high":null,"low":null,"meium":null,"none":null},"expressive":{"dir-action":null,"dir-explicit":null,"dir-speech":null,"indirect":null,"writing-device":null}},{"id":"파파존스-청담점","permalink":"","username":"asdfg","text":"맛잇습니다","date":"Mon Dec 10 23:59:44 +0000 2018","retweets":"30","favorites":"20","mentions":[],"hashtags":[],"geo":"","raw":"맛잇습니다","polarity":{"com":0,"pos":1,"neg":0,"neut":0,"none":0},"intensity":{"high":0,"low":0,"meium":1,"none":0},"expressive":{"dir-action":0,"dir-explicit":0,"dir-speech":1,"indirect":0,"writing-device":0}},{"id":"파파존스-청담점","permalink":"","username":"asdfg","text":"ㅡㅡ","date":"Mon Dec 10 23:59:44 +0000 2018","retweets":"30","favorites":"20","mentions":[],"hashtags":[],"geo":"","raw":"ㅡㅡ","polarity":{"com":null,"pos":null,"neg":null,"neut":null,"none":null},"intensity":{"high":null,"low":null,"meium":null,"none":null},"expressive":{"dir-action":null,"dir-explicit":null,"dir-speech":null,"indirect":null,"writing-device":null}},{"id":"파파존스-청담점","permalink":"","username":"asdfg","text":"굳","date":"Mon Dec 10 23:59:44 +0000 2018","retweets":"30","favorites":"20","mentions":[],"hashtags":[],"geo":"","raw":"굳","polarity":{"com":null,"pos":null,"neg":null,"neut":null,"none":null},"intensity":{"high":null,"low":null,"meium":null,"none":null},"expressive":{"dir-action":null,"dir-explicit":null,"dir-speech":null,"indirect":null,"writing-device":null}},{"id":"파파존스-청담점","permalink":"","username":"asdfg","text":"맛있어요","date":"Mon Dec 10 23:59:44 +0000 2018","retweets":"30","favorites":"20","mentions":[],"hashtags":[],"geo":"","raw":"맛있어요","polarity":{"com":0,"pos":0,"neg":1,"neut":0,"none":0},"intensity":{"high":0,"low":0,"meium":1,"none":0},"expressive":{"dir-action":0,"dir-explicit":0,"dir-speech":1,"indirect":0,"writing-device":0}},{"id":"파파존스-청담점","permalink":"","username":"asdfg","text":"뜨겁게 배달돼서 너무 맛잇게 먹엇어요 감사합니다","date":"Mon Dec 10 23:59:44 +0000 2018","retweets":"30","favorites":"20","mentions":[],"hashtags":[],"geo":"","raw":"뜨겁게 배달돼서 너무 맛잇게 먹엇어요 감사합니다","polarity":{"com":0.03571428575,"pos":0.7023809525,"neg":0.1785714285,"neut":0.08333333325,"none":0},"intensity":{"high":0.28571428575,"low":0.03571428575,"meium":0.6785714285,"none":0},"expressive":{"dir-action":0,"dir-explicit":0.14285714275,"dir-speech":0.65476190475,"indirect":0.2023809525,"writing-device":0}},{"id":"파파존스-청담점","permalink":"","username":"asdfg","text":"아니 핫소스 추가해달라고 할때마다 어떻게 넣어주는 법이 없죠. 추가금 내야되면 낼텐데 메모에 그렇게 적었는데도 불구하고 어떻게 매번 딱 하나만 넣어서 보내주는거죠? 수십번을 주문했는데 넣어주는 법이 없네요. 아니면 아예 주문할 때 추가할 수 있게 메뉴에 넣어 놓던가, 돈 더 드릴 수 있다고 더 달라했는데도 배달하시는분이 없다고 자기는 들은 것도 영수증에 적힌 것도 없다 하는 경우는, 한두번이면 이런 리뷰 남기지도 않는데, 고객의 소리를 그냥 무시하겠다는 걸로 안보이네요. 파파존스 피자 원래 조아하고 가까운 지점이 여기 뿐이라 시키지만 이런 식의 서비스 행태는 너무나 실망스럽습니다. 전화로 건의해도 매번 그 때만 다음에는 보내드리겠습니다. 바뀌는건 전혀 없구요. 공짜로 더 달라는 것도 아니고 돈 더 내겠다고 적어도 안보내는건 진짜 무슨 경운지 거 참","date":"Mon Dec 10 23:59:44 +0000 2018","retweets":"30","favorites":"20","mentions":[],"hashtags":[],"geo":"","raw":"아니 핫소스 추가해달라고 할때마다 어떻게 넣어주는 법이 없죠. 추가금 내야되면 낼텐데 메모에 그렇게 적었는데도 불구하고 어떻게 매번 딱 하나만 넣어서 보내주는거죠? 수십번을 주문했는데 넣어주는 법이 없네요. 아니면 아예 주문할 때 추가할 수 있게 메뉴에 넣어 놓던가, 돈 더 드릴 수 있다고 더 달라했는데도 배달하시는분이 없다고 자기는 들은 것도 영수증에 적힌 것도 없다 하는 경우는, 한두번이면 이런 리뷰 남기지도 않는데, 고객의 소리를 그냥 무시하겠다는 걸로 안보이네요. 파파존스 피자 원래 조아하고 가까운 지점이 여기 뿐이라 시키지만 이런 식의 서비스 행태는 너무나 실망스럽습니다. 전화로 건의해도 매번 그 때만 다음에는 보내드리겠습니다. 바뀌는건 전혀 없구요. 공짜로 더 달라는 것도 아니고 돈 더 내겠다고 적어도 안보내는건 진짜 무슨 경운지 거 참","polarity":{"com":0.020269537052684493,"pos":0.32188316072149437,"neg":0.43286768772750894,"neut":0.0508705654965628,"none":0.1741090490017493},"intensity":{"high":0.14046830671454394,"low":0.09698475436789353,"meium":0.5604790520745427,"none":0.20206788684301966},"expressive":{"dir-action":0.0012791765540713404,"dir-explicit":0.17282346470503815,"dir-speech":0.3912174027350165,"indirect":0.25675335962509127,"writing-device":0.17792659638078281}},{"id":"파파존스-청담점","permalink":"","username":"asdfg","text":"맛있어용","date":"Mon Dec 10 23:59:44 +0000 2018","retweets":"30","favorites":"20","mentions":[],"hashtags":[],"geo":"","raw":"맛있어용","polarity":{"com":0,"pos":0,"neg":1,"neut":0,"none":0},"intensity":{"high":0,"low":0,"meium":1,"none":0},"expressive":{"dir-action":0,"dir-explicit":0,"dir-speech":1,"indirect":0,"writing-device":0}},{"id":"파파존스-청담점","permalink":"","username":"asdfg","text":"세일해서 저렴하게 잘 먹었어요. 그제 피자헛  신제품 먹고 어제 파파존스 먹으니 이게 피자 맛이지 하는 생각이 들더라고요. 한꺼번에 네 군데서 주문했는데 제일 빠르게 도착하기도 했고요.","date":"Mon Dec 10 23:59:44 +0000 2018","retweets":"30","favorites":"20","mentions":[],"hashtags":[],"geo":"","raw":"세일해서 저렴하게 잘 먹었어요. 그제 피자헛  신제품 먹고 어제 파파존스 먹으니 이게 피자 맛이지 하는 생각이 들더라고요. 한꺼번에 네 군데서 주문했는데 제일 빠르게 도착하기도 했고요.","polarity":{"com":0.004221008923401616,"pos":0.4485794696498907,"neg":0.35453172133496397,"neut":0.09671523762282425,"none":0.09595256246891944},"intensity":{"high":0.16085106237224223,"low":0.10143949145373543,"meium":0.6404762841815018,"none":0.09723316199252052},"expressive":{"dir-action":0.0016114514616624197,"dir-explicit":0.30353388502334877,"dir-speech":0.38437842679879836,"indirect":0.2116401541701262,"writing-device":0.09883608254606432}},{"id":"파파존스-청담점","permalink":"","username":"asdfg","text":"페퍼로니피자 맛있어요.","date":"Mon Dec 10 23:59:44 +0000 2018","retweets":"30","favorites":"20","mentions":[],"hashtags":[],"geo":"","raw":"페퍼로니피자 맛있어요.","polarity":{"com":0,"pos":0,"neg":1,"neut":0,"none":0},"intensity":{"high":0.5,"low":0,"meium":0.5,"none":0},"expressive":{"dir-action":0,"dir-explicit":0,"dir-speech":1,"indirect":0,"writing-device":0}},{"id":"파파존스-청담점","permalink":"","username":"asdfg","text":"페퍼로니피자 맛있어요.","date":"Mon Dec 10 23:59:44 +0000 2018","retweets":"30","favorites":"20","mentions":[],"hashtags":[],"geo":"","raw":"페퍼로니피자 맛있어요.","polarity":{"com":0,"pos":0,"neg":1,"neut":0,"none":0},"intensity":{"high":0.5,"low":0,"meium":0.5,"none":0},"expressive":{"dir-action":0,"dir-explicit":0,"dir-speech":1,"indirect":0,"writing-device":0}},{"id":"파파존스-청담점","permalink":"","username":"asdfg","text":"맛있는데 너무 작아요.","date":"Mon Dec 10 23:59:44 +0000 2018","retweets":"30","favorites":"20","mentions":[],"hashtags":[],"geo":"","raw":"맛있는데 너무 작아요.","polarity":{"com":0.07142857150000001,"pos":0.07142857150000001,"neg":0.857142857,"neut":0,"none":0},"intensity":{"high":0.07142857150000001,"low":0.07142857150000001,"meium":0.857142857,"none":0},"expressive":{"dir-action":0,"dir-explicit":0.2857142855,"dir-speech":0.642857143,"indirect":0.0714285715,"writing-device":0}},{"id":"파파존스-청담점","permalink":"","username":"asdfg","text":"역시 파파존스! 신선한 재료로 만들어서 맛있어요~ :) 스파이시 치킨 랜치 강추!","date":"Mon Dec 10 23:59:44 +0000 2018","retweets":"30","favorites":"20","mentions":[],"hashtags":[],"geo":"","raw":"역시 파파존스! 신선한 재료로 만들어서 맛있어요~ :) 스파이시 치킨 랜치 강추!","polarity":{"com":0.008675772601735155,"pos":0.4154919186830985,"neg":0.3933373572786675,"neut":0.10543208222108642,"none":0.07706286921541257},"intensity":{"high":0.05077981201015597,"low":0.12209390522441879,"meium":0.7490327053498066,"none":0.07809357741561872},"expressive":{"dir-action":0.0018909232000000002,"dir-explicit":0.28423252039999997,"dir-speech":0.42053249280000005,"indirect":0.2156805938,"writing-device":0.0776634698}},{"id":"파파존스-청담점","permalink":"","username":"asdfg","text":"맛나고 빨라요","date":"Mon Dec 10 23:59:44 +0000 2018","retweets":"30","favorites":"20","mentions":[],"hashtags":[],"geo":"","raw":"맛나고 빨라요","polarity":{"com":null,"pos":null,"neg":null,"neut":null,"none":null},"intensity":{"high":null,"low":null,"meium":null,"none":null},"expressive":{"dir-action":null,"dir-explicit":null,"dir-speech":null,"indirect":null,"writing-device":null}},{"id":"파파존스-청담점","permalink":"","username":"asdfg","text":"파스타는 맛있었고 피자는 생각보다 좀 별로였어요.\n배달은 금방 왔습니다.","date":"Mon Dec 10 23:59:44 +0000 2018","retweets":"30","favorites":"20","mentions":[],"hashtags":[],"geo":"","raw":"파스타는 맛있었고 피자는 생각보다 좀 별로였어요.\n배달은 금방 왔습니다.","polarity":{"com":0.0038126361679375453,"pos":0.586756925028919,"neg":0.21560846573853615,"neut":0.13032990971010996,"none":0.06349206335449735},"intensity":{"high":0.031823840671970645,"low":0.09298163701549693,"meium":0.811702458968617,"none":0.06349206334391534},"expressive":{"dir-action":0,"dir-explicit":0.18929349533333337,"dir-speech":0.6059912854999999,"indirect":0.13266417666666666,"writing-device":0.0720510425}},{"id":"파파존스-청담점","permalink":"","username":"asdfg","text":"좋아요","date":"Mon Dec 10 23:59:44 +0000 2018","retweets":"30","favorites":"20","mentions":[],"hashtags":[],"geo":"","raw":"좋아요","polarity":{"com":0,"pos":0.92,"neg":0.04,"neut":0,"none":0.04},"intensity":{"high":0.2,"low":0.04,"meium":0.72,"none":0.04},"expressive":{"dir-action":0,"dir-explicit":0.6,"dir-speech":0.2,"indirect":0.16,"writing-device":0.04}},{"id":"파파존스-청담점","permalink":"","username":"asdfg","text":"잘먹었어요","date":"Mon Dec 10 23:59:44 +0000 2018","retweets":"30","favorites":"20","mentions":[],"hashtags":[],"geo":"","raw":"잘먹었어요","polarity":{"com":0,"pos":0.7142857147142857,"neg":0.21428571421428572,"neut":0.07142857107142857,"none":0},"intensity":{"high":0,"low":0.214285714,"meium":0.785714286,"none":0},"expressive":{"dir-action":0,"dir-explicit":0.214285714,"dir-speech":0.142857143,"indirect":0.642857143,"writing-device":0}},{"id":"파파존스-청담점","permalink":"","username":"asdfg","text":"이벤트로 저렴하게 피자 잘 먹었어요","date":"Mon Dec 10 23:59:44 +0000 2018","retweets":"30","favorites":"20","mentions":[],"hashtags":[],"geo":"","raw":"이벤트로 저렴하게 피자 잘 먹었어요","polarity":{"com":0.008008008002669337,"pos":0.775632775925211,"neg":0.17353067339117687,"neut":0.034820534678273514,"none":0.008008008002669337},"intensity":{"high":0.038038038,"low":0.09945659933333333,"meium":0.8534963536666668,"none":0.009009009},"expressive":{"dir-action":0.001001001,"dir-explicit":0.342199342,"dir-speech":0.07764907766666666,"indirect":0.5701415703333333,"writing-device":0.009009009}},{"id":"파파존스-청담점","permalink":"","username":"asdfg","text":"보통 늘 그맛","date":"Mon Dec 10 23:59:44 +0000 2018","retweets":"30","favorites":"20","mentions":[],"hashtags":[],"geo":"","raw":"보통 늘 그맛","polarity":{"com":0,"pos":0.9,"neg":0.1,"neut":0,"none":0},"intensity":{"high":0.1,"low":0.1,"meium":0.8,"none":0},"expressive":{"dir-action":0,"dir-explicit":0.30000000000000004,"dir-speech":0.6000000000000001,"indirect":0.10000000000000002,"writing-device":0}},{"id":"파파존스-청담점","permalink":"","username":"asdfg","text":"슈퍼파파 오리지널 크러스트 먹었는데, 짜지않고 담백하고 맛있네요! 바로 만든 피자처럼 따끈따끈했어요! 또 먹고싶네요 맛있어요>.< 강추!","date":"Mon Dec 10 23:59:44 +0000 2018","retweets":"30","favorites":"20","mentions":[],"hashtags":[],"geo":"","raw":"슈퍼파파 오리지널 크러스트 먹었는데, 짜지않고 담백하고 맛있네요! 바로 만든 피자처럼 따끈따끈했어요! 또 먹고싶네요 맛있어요>.< 강추!","polarity":{"com":0.005074039570703709,"pos":0.24913935739298013,"neg":0.567215702776112,"neut":0.038380745280231325,"none":0.14019015497997284},"intensity":{"high":0.048595393421629225,"low":0.08562996498776713,"meium":0.7235134500394981,"none":0.14226119155110553},"expressive":{"dir-action":0.002071036572020296,"dir-explicit":0.11975874531993105,"dir-speech":0.5572440844449269,"indirect":0.15497270675856362,"writing-device":0.16595342690455814}},{"id":"파파존스-청담점","permalink":"","username":"asdfg","text":"빠른배송~ 맛있게 잘먹었어요~","date":"Mon Dec 10 23:59:44 +0000 2018","retweets":"30","favorites":"20","mentions":[],"hashtags":[],"geo":"","raw":"빠른배송~ 맛있게 잘먹었어요~","polarity":{"com":0,"pos":0.8571428574285714,"neg":0.10714285705357143,"neut":0.035714285517857144,"none":0},"intensity":{"high":0,"low":0.2738095235,"meium":0.7261904765,"none":0},"expressive":{"dir-action":0,"dir-explicit":0.107142857,"dir-speech":0.0714285715,"indirect":0.8214285715,"writing-device":0}},{"id":"파파존스-청담점","permalink":"","username":"asdfg","text":"다른건맛있는데 더블치즈버거맛은 느끼해요 ㅠㅠ 그냥 햄버거 사먹는게나음..\n 치즈많은피자먹고싶어서 시켰는데실패 ㅠ","date":"Mon Dec 10 23:59:44 +0000 2018","retweets":"30","favorites":"20","mentions":[],"hashtags":[],"geo":"","raw":"다른건맛있는데 더블치즈버거맛은 느끼해요 ㅠㅠ 그냥 햄버거 사먹는게나음..\n 치즈많은피자먹고싶어서 시켰는데실패 ㅠ","polarity":{"com":0.003003002999624625,"pos":0.4235665430720542,"neg":0.5416327699322959,"neut":0.028794680996400663,"none":0.0030030029996246216},"intensity":{"high":0.12593278889074158,"low":0.12208613289026074,"meium":0.7486026998435753,"none":0.0033783783754222944},"expressive":{"dir-action":0.0003753753750469219,"dir-explicit":0.2816068576602009,"dir-speech":0.6110847469513856,"indirect":0.10355464163794433,"writing-device":0.0033783783754222944}}]