[{"id":"피자레또24시","permalink":"","username":"asdfg","text":"이걸 본분은 축복받은겁니다 먹지마세요양도적고 가격도 비싸고 특별한거하나없고 토핑도없고 치즈만 조금 많이넣으면 피자가된다고생각하시는분들인거같더군요피자하나굽는데 1시간걸리구요 배달주소지까지 안오고 직접 오라고하는거보면 정말 비추입니다(배달이 매우느려요 사람없는 시간대인 새벽 3시에시켰는데 4시가까이되서옴)이걸본 당신은 행운아입니다 시키지마세요 하하","date":"Mon Dec 10 23:59:44 +0000 2018","retweets":"30","favorites":"20","mentions":[],"hashtags":[],"geo":"","raw":"이걸 본분은 축복받은겁니다 먹지마세요양도적고 가격도 비싸고 특별한거하나없고 토핑도없고 치즈만 조금 많이넣으면 피자가된다고생각하시는분들인거같더군요피자하나굽는데 1시간걸리구요 배달주소지까지 안오고 직접 오라고하는거보면 정말 비추입니다(배달이 매우느려요 사람없는 시간대인 새벽 3시에시켰는데 4시가까이되서옴)이걸본 당신은 행운아입니다 시키지마세요 하하","polarity":{"com":0.00680211162143778,"pos":0.4248948731506785,"neg":0.40098360915132475,"neut":0.07656554729522795,"none":0.09075385878133098},"intensity":{"high":0.1608154922292553,"low":0.10928031979264437,"meium":0.637863705321989,"none":0.0920404826561114},"expressive":{"dir-action":0.0016758694325683136,"dir-explicit":0.2439920433981615,"dir-speech":0.40706858208705954,"indirect":0.2253668578290838,"writing-device":0.12189664725312675}},{"id":"피자레또24시","permalink":"","username":"asdfg","text":"피자 치즈도 많이 얹혀주시고 맛있어욧","date":"Mon Dec 10 23:59:44 +0000 2018","retweets":"30","favorites":"20","mentions":[],"hashtags":[],"geo":"","raw":"피자 치즈도 많이 얹혀주시고 맛있어욧","polarity":{"com":0,"pos":1,"neg":0,"neut":0,"none":0},"intensity":{"high":0,"low":1,"meium":0,"none":0},"expressive":{"dir-action":0,"dir-explicit":0,"dir-speech":1,"indirect":0,"writing-device":0}},{"id":"피자레또24시","permalink":"","username":"asdfg","text":"맛잇네용 ㅎㅎ 잘 먹엇습니다","date":"Mon Dec 10 23:59:44 +0000 2018","retweets":"30","favorites":"20","mentions":[],"hashtags":[],"geo":"","raw":"맛잇네용 ㅎㅎ 잘 먹엇습니다","polarity":{"com":0,"pos":0.8571428574285714,"neg":0.10714285705357143,"neut":0.035714285517857144,"none":0},"intensity":{"high":0,"low":0.107142857,"meium":0.8928571430000001,"none":0},"expressive":{"dir-action":0,"dir-explicit":0.107142857,"dir-speech":0.5714285715,"indirect":0.3214285715,"writing-device":0}},{"id":"피자레또24시","permalink":"","username":"asdfg","text":"그냥그냥그냥ㄴ그냥그냥","date":"Mon Dec 10 23:59:44 +0000 2018","retweets":"30","favorites":"20","mentions":[],"hashtags":[],"geo":"","raw":"그냥그냥그냥ㄴ그냥그냥","polarity":{"com":0,"pos":0,"neg":1,"neut":0,"none":0},"intensity":{"high":0,"low":0,"meium":1,"none":0},"expressive":{"dir-action":0,"dir-explicit":0,"dir-speech":1,"indirect":0,"writing-device":0}},{"id":"피자레또24시","permalink":"","username":"asdfg","text":"직원분이 친절하시고 말씀하실때에도 이쁘게 잘하셔서 괜찮았어요","date":"Mon Dec 10 23:59:44 +0000 2018","retweets":"30","favorites":"20","mentions":[],"hashtags":[],"geo":"","raw":"직원분이 친절하시고 말씀하실때에도 이쁘게 잘하셔서 괜찮았어요","polarity":{"com":0.01146693999770661,"pos":0.5051538342989691,"neg":0.29708491974058293,"neut":0.0917979363816404,"none":0.09449636958110072},"intensity":{"high":0.09585561041917111,"low":0.12706012182541201,"meium":0.6812767333362554,"none":0.09580753441916151},"expressive":{"dir-action":0.0021713798,"dir-explicit":0.21912157580000002,"dir-speech":0.4548077908,"indirect":0.22995039820000002,"writing-device":0.0939488554}},{"id":"피자레또24시","permalink":"","username":"asdfg","text":"배달느리고 레귤러 사이즈 진짜작아요 크림치즈두른거선택해서2만원인데 담음부터 여기서안먹라구요","date":"Mon Dec 10 23:59:44 +0000 2018","retweets":"30","favorites":"20","mentions":[],"hashtags":[],"geo":"","raw":"배달느리고 레귤러 사이즈 진짜작아요 크림치즈두른거선택해서2만원인데 담음부터 여기서안먹라구요","polarity":{"com":0.015202786909090908,"pos":0.5857651467272726,"neg":0.32057266209090907,"neut":0.05003402145454545,"none":0.028425382818181813},"intensity":{"high":0.10573356901922429,"low":0.1619237919385316,"meium":0.703721752764313,"none":0.02862088627793107},"expressive":{"dir-action":0.0005865102727272728,"dir-explicit":0.32225264990909086,"dir-speech":0.49406709409090915,"indirect":0.1017494680909091,"writing-device":0.08134427763636363}},{"id":"피자레또24시","permalink":"","username":"asdfg","text":"훈제치킨은 맛은 있으나 양이 조금 없음 ... 파스타가 조금 더 소스가 많으면 좋았읅같아요 그리고 부재료가 브로콜리밖애업ㅎ는거 같아 아쉬웠습니다 ! 그래도 맛있게 잘먹었어요 자주시켜먹는집답게 맛은있어요 대체적으로 모든 음식이!` 하지만 오늘은 배달도 좀많이 늦고 그랬네용 감사합니당","date":"Mon Dec 10 23:59:44 +0000 2018","retweets":"30","favorites":"20","mentions":[],"hashtags":[],"geo":"","raw":"훈제치킨은 맛은 있으나 양이 조금 없음 ... 파스타가 조금 더 소스가 많으면 좋았읅같아요 그리고 부재료가 브로콜리밖애업ㅎ는거 같아 아쉬웠습니다 ! 그래도 맛있게 잘먹었어요 자주시켜먹는집답게 맛은있어요 대체적으로 모든 음식이!` 하지만 오늘은 배달도 좀많이 늦고 그랬네용 감사합니당","polarity":{"com":0.022084736039310948,"pos":0.3919961103996922,"neg":0.4632458425947402,"neut":0.051610443963523475,"none":0.07106286700273319},"intensity":{"high":0.11767677986425795,"low":0.1196602133645631,"meium":0.6904004858369847,"none":0.07226252093419423},"expressive":{"dir-action":0.0023061862307692305,"dir-explicit":0.24149921796153845,"dir-speech":0.44182429342307694,"indirect":0.20419704030769226,"writing-device":0.11017326207692306}},{"id":"피자레또24시","permalink":"","username":"asdfg","text":"갑자기 파스타가 너무 땡겨서 처음 시켜먹었는데시킨 메뉴가 다 맛있어서 깜짝 놀랐어요.보통 파스타 시키면 면 다 뿔어서 오는데여긴 그런거 전혀 없고 진짜 맛있네요.특히 토마토핫칠리씨푸드파스타 한 입 먹자마자 깜짝 놀라서 폭풍흡입했어요~^^담에 또 이용할게요.","date":"Mon Dec 10 23:59:44 +0000 2018","retweets":"30","favorites":"20","mentions":[],"hashtags":[],"geo":"","raw":"갑자기 파스타가 너무 땡겨서 처음 시켜먹었는데시킨 메뉴가 다 맛있어서 깜짝 놀랐어요.보통 파스타 시키면 면 다 뿔어서 오는데여긴 그런거 전혀 없고 진짜 맛있네요.특히 토마토핫칠리씨푸드파스타 한 입 먹자마자 깜짝 놀라서 폭풍흡입했어요~^^담에 또 이용할게요.","polarity":{"com":0.011834929148816507,"pos":0.3384737446161527,"neg":0.4053566581594643,"neut":0.15349285268465074,"none":0.09084181539091583},"intensity":{"high":0.1060562415946972,"low":0.13293552609335324,"meium":0.6685730690165713,"none":0.09243516329537826},"expressive":{"dir-action":0.0006451612999354839,"dir-explicit":0.21422532677857747,"dir-speech":0.40742372330925763,"indirect":0.2557648054244235,"writing-device":0.1219409831878059}},{"id":"피자레또24시","permalink":"","username":"asdfg","text":"맛있습니다  배달빠름","date":"Mon Dec 10 23:59:44 +0000 2018","retweets":"30","favorites":"20","mentions":[],"hashtags":[],"geo":"","raw":"맛있습니다  배달빠름","polarity":{"com":0.03030303033333333,"pos":0.5303030303333333,"neg":0.42424242433333337,"neut":0,"none":0.015151514999999999},"intensity":{"high":0.015151515005050502,"low":0.045454545348484844,"meium":0.924242424641414,"none":0.015151515005050502},"expressive":{"dir-action":0,"dir-explicit":0.090909091,"dir-speech":0.696969697,"indirect":0.196969697,"writing-device":0.015151514999999999}},{"id":"피자레또24시","permalink":"","username":"asdfg","text":"배달이 좀 많이 늦엇지만 비오는데 배달해주셔서 감사하네요. 이제 피자주문해도 콜라나 쿠폰 안준다고하니 참고해서 주문하세요. 짜증나는데 그래도 맛잇어서 주문햇네요. 한시간반걸렷는데 십분도안되서 먹은게 더 억울하지만 맛잇어요~","date":"Mon Dec 10 23:59:44 +0000 2018","retweets":"30","favorites":"20","mentions":[],"hashtags":[],"geo":"","raw":"배달이 좀 많이 늦엇지만 비오는데 배달해주셔서 감사하네요. 이제 피자주문해도 콜라나 쿠폰 안준다고하니 참고해서 주문하세요. 짜증나는데 그래도 맛잇어서 주문햇네요. 한시간반걸렷는데 십분도안되서 먹은게 더 억울하지만 맛잇어요~","polarity":{"com":0.015491612281239327,"pos":0.6641930228931354,"neg":0.20259489049620763,"neut":0.0227787336018223,"none":0.09494174072759534},"intensity":{"high":0.10518792782737744,"low":0.060196254632776454,"meium":0.738634416471364,"none":0.09598140106848223},"expressive":{"dir-action":0.0010396603601247592,"dir-explicit":0.2869777773144373,"dir-speech":0.47229679549667564,"indirect":0.14094648193691356,"writing-device":0.09873928489184872}},{"id":"피자레또24시","permalink":"","username":"asdfg","text":"양념소스가 고추기름향도 나고 떡꼬치맛도 난다 피자맛은 기본정도","date":"Mon Dec 10 23:59:44 +0000 2018","retweets":"30","favorites":"20","mentions":[],"hashtags":[],"geo":"","raw":"양념소스가 고추기름향도 나고 떡꼬치맛도 난다 피자맛은 기본정도","polarity":{"com":0.0025510204285714285,"pos":0.7321428571428572,"neg":0.25000000000000006,"neut":0.01147959185714286,"none":0.003826530571428572},"intensity":{"high":0.03316326528571429,"low":0.015306122428571428,"meium":0.9464285714285714,"none":0.005102040857142857},"expressive":{"dir-action":0,"dir-explicit":0.15561224485714287,"dir-speech":0.5650510204285715,"indirect":0.27551020414285715,"writing-device":0.003826530571428572}},{"id":"피자레또24시","permalink":"","username":"asdfg","text":"맛있게잘먹었습니다아","date":"Mon Dec 10 23:59:44 +0000 2018","retweets":"30","favorites":"20","mentions":[],"hashtags":[],"geo":"","raw":"맛있게잘먹었습니다아","polarity":{"com":0,"pos":0.38961038966666667,"neg":0.525974026,"neut":0.054112554,"none":0.03030303033333333},"intensity":{"high":0.03030303033333333,"low":0.13203463199999999,"meium":0.8073593073333334,"none":0.03030303033333333},"expressive":{"dir-action":0,"dir-explicit":0.16233766227922075,"dir-speech":0.5021645021659452,"indirect":0.2748917749083694,"writing-device":0.06060606064646464}},{"id":"피자레또24시","permalink":"","username":"asdfg","text":"완전맛있고 배달도 빠르고 친절해요 ","date":"Mon Dec 10 23:59:44 +0000 2018","retweets":"30","favorites":"20","mentions":[],"hashtags":[],"geo":"","raw":"완전맛있고 배달도 빠르고 친절해요 ","polarity":{"com":0.00483870975,"pos":0.7540322580000001,"neg":0.213172043,"neut":0.020967742,"none":0.00698924725},"intensity":{"high":0.0349462365,"low":0.11236559125000001,"meium":0.8451612905,"none":0.00752688175},"expressive":{"dir-action":0.00161290325,"dir-explicit":0.20349462375,"dir-speech":0.323655914,"indirect":0.46424731175,"writing-device":0.00698924725}},{"id":"피자레또24시","permalink":"","username":"asdfg","text":"짱맛 이른아침이라 조금늦게오신것같긴한뎅그거빼곤 다좋아용 핫소스도많이주기고 치즈가루랑 피클도많이주시고 좋아좋아요","date":"Mon Dec 10 23:59:44 +0000 2018","retweets":"30","favorites":"20","mentions":[],"hashtags":[],"geo":"","raw":"짱맛 이른아침이라 조금늦게오신것같긴한뎅그거빼곤 다좋아용 핫소스도많이주기고 치즈가루랑 피클도많이주시고 좋아좋아요","polarity":{"com":0,"pos":0.7253207398181818,"neg":0.11608815427272728,"neut":0.05371900827272727,"none":0.10487209763636364},"intensity":{"high":0.09264069262794175,"low":0.23454545452413222,"meium":0.5679417552210961,"none":0.10487209762682981},"expressive":{"dir-action":0,"dir-explicit":0.26375442743056776,"dir-speech":0.4728059818661086,"indirect":0.15856749307649384,"writing-device":0.10487209762682981}},{"id":"피자레또24시","permalink":"","username":"asdfg","text":"여러명이 먹기 좋았어요","date":"Mon Dec 10 23:59:44 +0000 2018","retweets":"30","favorites":"20","mentions":[],"hashtags":[],"geo":"","raw":"여러명이 먹기 좋았어요","polarity":{"com":0,"pos":0.6266666665,"neg":0.3533333335,"neut":0,"none":0.02},"intensity":{"high":0.1555555555,"low":0.131111111,"meium":0.6933333335,"none":0.02},"expressive":{"dir-action":0,"dir-explicit":0.411111111,"dir-speech":0.48888888900000005,"indirect":0.08,"writing-device":0.02}},{"id":"피자레또24시","permalink":"","username":"asdfg","text":" 토마토 씬 피자 맛있어요","date":"Mon Dec 10 23:59:44 +0000 2018","retweets":"30","favorites":"20","mentions":[],"hashtags":[],"geo":"","raw":" 토마토 씬 피자 맛있어요","polarity":{"com":0,"pos":0,"neg":1,"neut":0,"none":0},"intensity":{"high":0,"low":0,"meium":1,"none":0},"expressive":{"dir-action":0,"dir-explicit":0,"dir-speech":1,"indirect":0,"writing-device":0}},{"id":"피자레또24시","permalink":"","username":"asdfg","text":"치즈가 너무 많아서 좋았습니당 맛있었어요!!!!!","date":"Mon Dec 10 23:59:44 +0000 2018","retweets":"30","favorites":"20","mentions":[],"hashtags":[],"geo":"","raw":"치즈가 너무 많아서 좋았습니당 맛있었어요!!!!!","polarity":{"com":0.004464285750000001,"pos":0.4305046585,"neg":0.5173757762500001,"neut":0.030958851000000006,"none":0.016696428500000002},"intensity":{"high":0.15539596278884898,"low":0.09113354027278336,"meium":0.7345419254336355,"none":0.01892857150473214},"expressive":{"dir-action":0,"dir-explicit":0.3741847825935462,"dir-speech":0.4324728261081182,"indirect":0.17664596279416153,"writing-device":0.016696428504174108}},{"id":"피자레또24시","permalink":"","username":"asdfg","text":"홍합살 엄청통통하네요ㅋㅋ","date":"Mon Dec 10 23:59:44 +0000 2018","retweets":"30","favorites":"20","mentions":[],"hashtags":[],"geo":"","raw":"홍합살 엄청통통하네요ㅋㅋ","polarity":{"com":0.0057471265,"pos":0.32758620650000003,"neg":0.534482759,"neut":0.0344827585,"none":0.0977011495},"intensity":{"high":0.22413793088793107,"low":0.06321839096839081,"meium":0.6091954021954024,"none":0.10344827594827588},"expressive":{"dir-action":0.005747126502873563,"dir-explicit":0.41379310370689654,"dir-speech":0.3735632181867817,"indirect":0.09195402304597701,"writing-device":0.11494252855747127}},{"id":"피자레또24시","permalink":"","username":"asdfg","text":"불고기로 변경해서 먹었는데 생각보다 너무 맛있엇어요","date":"Mon Dec 10 23:59:44 +0000 2018","retweets":"30","favorites":"20","mentions":[],"hashtags":[],"geo":"","raw":"불고기로 변경해서 먹었는데 생각보다 너무 맛있엇어요","polarity":{"com":0.040552995499999994,"pos":0.341829877,"neg":0.5167434715,"neut":0.083467742,"none":0.017405914},"intensity":{"high":0.11927163325000001,"low":0.18280209925,"meium":0.679982719,"none":0.0179435485},"expressive":{"dir-action":0.00161290325,"dir-explicit":0.370657322,"dir-speech":0.45411226325000004,"indirect":0.1562115975,"writing-device":0.017405914}},{"id":"피자레또24시","permalink":"","username":"asdfg","text":"괜찮아요~","date":"Mon Dec 10 23:59:44 +0000 2018","retweets":"30","favorites":"20","mentions":[],"hashtags":[],"geo":"","raw":"괜찮아요~~~~~~~~~~","polarity":{"com":null,"pos":null,"neg":null,"neut":null,"none":null},"intensity":{"high":null,"low":null,"meium":null,"none":null},"expressive":{"dir-action":null,"dir-explicit":null,"dir-speech":null,"indirect":null,"writing-device":null}},{"id":"피자레또24시","permalink":"","username":"asdfg","text":"맛있는데 새벽엔 많이 느리네요 ㅠ","date":"Mon Dec 10 23:59:44 +0000 2018","retweets":"30","favorites":"20","mentions":[],"hashtags":[],"geo":"","raw":"맛있는데 새벽엔 많이 느리네요 ㅠ","polarity":{"com":0,"pos":0.1587301585793651,"neg":0.7539682543769841,"neut":0.04761904752380952,"none":0.03968253951984128},"intensity":{"high":0.015873016000000004,"low":0.11904761900000001,"meium":0.8253968255,"none":0.03968253950000001},"expressive":{"dir-action":0,"dir-explicit":0.0793650795,"dir-speech":0.8333333334999999,"indirect":0.0396825395,"writing-device":0.0476190475}},{"id":"피자레또24시","permalink":"","username":"asdfg","text":"피자랑 스파게티 시켜먹었는데 맛있네요~","date":"Mon Dec 10 23:59:44 +0000 2018","retweets":"30","favorites":"20","mentions":[],"hashtags":[],"geo":"","raw":"피자랑 스파게티 시켜먹었는데 맛있네요~","polarity":{"com":0,"pos":0.1666666665,"neg":0.8333333334999999,"neut":0,"none":0},"intensity":{"high":0.0555555555,"low":0.111111111,"meium":0.8333333334999999,"none":0},"expressive":{"dir-action":0,"dir-explicit":0.111111111,"dir-speech":0.888888889,"indirect":0,"writing-device":0}},{"id":"피자레또24시","permalink":"","username":"asdfg","text":"안짜고 담백한 피자였네요 또 주문할께요~","date":"Mon Dec 10 23:59:44 +0000 2018","retweets":"30","favorites":"20","mentions":[],"hashtags":[],"geo":"","raw":"안짜고 담백한 피자였네요 또 주문할께요~","polarity":{"com":0.013250935997349812,"pos":0.3814439405237112,"neg":0.38556873692288623,"neut":0.06668145378666371,"none":0.153054932769389},"intensity":{"high":0.13877000802775402,"low":0.05638249241127649,"meium":0.6507618585301524,"none":0.15408564103081712},"expressive":{"dir-action":0.0018909232000000002,"dir-explicit":0.37498972080000004,"dir-speech":0.21210848219999998,"indirect":0.2123623434,"writing-device":0.1986485304}},{"id":"피자레또24시","permalink":"","username":"asdfg","text":"피자맛은 괜찮은거같은데배달원 서비스정신이 좀부족해보이네요 예의없어서좀불쾌했습니다\n피자줄때 바닥에 훅훅 던지고\n\n배달원때뮨에라도 다음엔 여기서 시킬먹을바엔 걍 굶겠어요","date":"Mon Dec 10 23:59:44 +0000 2018","retweets":"30","favorites":"20","mentions":[],"hashtags":[],"geo":"","raw":"피자맛은 괜찮은거같은데배달원 서비스정신이 좀부족해보이네요 예의없어서좀불쾌했습니다\n피자줄때 바닥에 훅훅 던지고\n\n배달원때뮨에라도 다음엔 여기서 시킬먹을바엔 걍 굶겠어요","polarity":{"com":0.00451483388261852,"pos":0.4329650961431155,"neg":0.41383513484787265,"neut":0.04473585653204329,"none":0.10394907859434994},"intensity":{"high":0.055275423411764696,"low":0.16137062858823528,"meium":0.6784481304705882,"none":0.10490581752941174},"expressive":{"dir-action":0.0006386411176470588,"dir-explicit":0.25514558147058825,"dir-speech":0.39624954700000004,"indirect":0.18177393564705882,"writing-device":0.16619229476470587}},{"id":"피자레또24시","permalink":"","username":"asdfg","text":"피자가너무맛있어요^^","date":"Mon Dec 10 23:59:44 +0000 2018","retweets":"30","favorites":"20","mentions":[],"hashtags":[],"geo":"","raw":"피자가너무맛있어요^^","polarity":{"com":0.0089285715,"pos":0.205357143,"neg":0.732142857,"neut":0.0401785715,"none":0.013392857},"intensity":{"high":0.080357143,"low":0.0535714285,"meium":0.8482142855,"none":0.017857143},"expressive":{"dir-action":0,"dir-explicit":0.1875,"dir-speech":0.65625,"indirect":0.142857143,"writing-device":0.013392857}},{"id":"피자레또24시","permalink":"","username":"asdfg","text":"여기너무완죤맛있어요\n","date":"Mon Dec 10 23:59:44 +0000 2018","retweets":"30","favorites":"20","mentions":[],"hashtags":[],"geo":"","raw":"여기너무완죤맛있어요\n","polarity":{"com":0,"pos":0.25,"neg":0.75,"neut":0,"none":0},"intensity":{"high":0,"low":0,"meium":1,"none":0},"expressive":{"dir-action":0,"dir-explicit":0,"dir-speech":1,"indirect":0,"writing-device":0}},{"id":"피자레또24시","permalink":"","username":"asdfg","text":"맛은 있는데 크기가 좀 작네요","date":"Mon Dec 10 23:59:44 +0000 2018","retweets":"30","favorites":"20","mentions":[],"hashtags":[],"geo":"","raw":"맛은 있는데 크기가 좀 작네요","polarity":{"com":0.0066964285000000005,"pos":0.5625000000000001,"neg":0.28125000000000006,"neut":0.029017857250000004,"none":0.12053571425000002},"intensity":{"high":0.051339285750000005,"low":0.040178571499999996,"meium":0.7857142855,"none":0.12276785725},"expressive":{"dir-action":0,"dir-explicit":0.14285714275000003,"dir-speech":0.6294642857500001,"indirect":0.10714285725000001,"writing-device":0.12053571425000002}},{"id":"피자레또24시","permalink":"","username":"asdfg","text":"여기는 진짜 맛있어요!!!!:)","date":"Mon Dec 10 23:59:44 +0000 2018","retweets":"30","favorites":"20","mentions":[],"hashtags":[],"geo":"","raw":"여기는 진짜 맛있어요!!!!:)","polarity":{"com":0,"pos":0.25,"neg":0.75,"neut":0,"none":0},"intensity":{"high":0,"low":0,"meium":1,"none":0},"expressive":{"dir-action":0,"dir-explicit":0,"dir-speech":1,"indirect":0,"writing-device":0}},{"id":"피자레또24시","permalink":"","username":"asdfg","text":"케이엪씨랑 흡사한맛 ~ 2프로부족한 KFC","date":"Mon Dec 10 23:59:44 +0000 2018","retweets":"30","favorites":"20","mentions":[],"hashtags":[],"geo":"","raw":"케이엪씨랑 흡사한맛 ~ 2프로부족한 KFC","polarity":{"com":0.006451612999999998,"pos":0.8387096773333333,"neg":0.117562724,"neut":0.02795698933333333,"none":0.009318996333333333},"intensity":{"high":0.04659498199999999,"low":0.038709677333333324,"meium":0.9046594983333333,"none":0.010035842333333331},"expressive":{"dir-action":0.0021505376666666664,"dir-explicit":0.10465949833333332,"dir-speech":0.4315412186666666,"indirect":0.45232974899999995,"writing-device":0.009318996333333333}},{"id":"피자레또24시","permalink":"","username":"asdfg","text":"맛있어용ㅎㅎㅎㅎㅎㅎㅎ!!!!!","date":"Mon Dec 10 23:59:44 +0000 2018","retweets":"30","favorites":"20","mentions":[],"hashtags":[],"geo":"","raw":"맛있어용ㅎㅎㅎㅎㅎㅎㅎ!!!!!","polarity":{"com":0,"pos":0,"neg":1,"neut":0,"none":0},"intensity":{"high":0,"low":0,"meium":1,"none":0},"expressive":{"dir-action":0,"dir-explicit":0,"dir-speech":1,"indirect":0,"writing-device":0}},{"id":"피자레또24시","permalink":"","username":"asdfg","text":"하와이안피자는 좀....","date":"Mon Dec 10 23:59:44 +0000 2018","retweets":"30","favorites":"20","mentions":[],"hashtags":[],"geo":"","raw":"하와이안피자는 좀....","polarity":{"com":0,"pos":0.32539682532539677,"neg":0.42063492092063487,"neut":0.2142857142142857,"none":0.03968253953968254},"intensity":{"high":0.015873016,"low":0.4523809525,"meium":0.492063492,"none":0.0396825395},"expressive":{"dir-action":0,"dir-explicit":0.0793650795,"dir-speech":0.666666667,"indirect":0.206349206,"writing-device":0.0476190475}},{"id":"피자레또24시","permalink":"","username":"asdfg","text":"6년단골이네요 \n매번먹어도 변하지않는맛이라 좋네요","date":"Mon Dec 10 23:59:44 +0000 2018","retweets":"30","favorites":"20","mentions":[],"hashtags":[],"geo":"","raw":"6년단골이네요 \n매번먹어도 변하지않는맛이라 좋네요","polarity":{"com":0,"pos":0.8506666665999999,"neg":0.14133333339999998,"neut":0,"none":0.007999999999999998},"intensity":{"high":0.062222222199999996,"low":0.0524444444,"meium":0.8773333334,"none":0.008},"expressive":{"dir-action":0,"dir-explicit":0.3644444444,"dir-speech":0.3955555556,"indirect":0.23199999999999998,"writing-device":0.008}},{"id":"피자레또24시","permalink":"","username":"asdfg","text":"치즈가 쭉 늘어나는게 맛있네요!","date":"Mon Dec 10 23:59:44 +0000 2018","retweets":"30","favorites":"20","mentions":[],"hashtags":[],"geo":"","raw":"치즈가 쭉 늘어나는게 맛있네요!","polarity":{"com":0.005952380998015873,"pos":0.5984432234671856,"neg":0.3086080585637973,"neut":0.0780677656406441,"none":0.00892857133035715},"intensity":{"high":0.07921245433333333,"low":0.11263736266666663,"meium":0.796245421,"none":0.011904761999999992},"expressive":{"dir-action":0,"dir-explicit":0.22756410266666668,"dir-speech":0.33493589733333334,"indirect":0.42857142866666664,"writing-device":0.008928571333333338}},{"id":"피자레또24시","permalink":"","username":"asdfg","text":"치킨 윙하고 김치그라탕 스위티피자 시켰는데 셋다 별로였음\n치키윙은 애매하게 달다가 느끼하고 \n그라탕은 맹맹한게 이 맛도 저 맛도 아니고 피자는 치즈 다 굳어온데다가 이것조차도 맛이 애매하게 맛없었음 \n걍 총체적 난국 ㅇㅇ","date":"Mon Dec 10 23:59:44 +0000 2018","retweets":"30","favorites":"20","mentions":[],"hashtags":[],"geo":"","raw":"치킨 윙하고 김치그라탕 스위티피자 시켰는데 셋다 별로였음\n치키윙은 애매하게 달다가 느끼하고 \n그라탕은 맹맹한게 이 맛도 저 맛도 아니고 피자는 치즈 다 굳어온데다가 이것조차도 맛이 애매하게 맛없었음 \n걍 총체적 난국 ㅇㅇ","polarity":{"com":0.010153103100000001,"pos":0.5741786427,"neg":0.3192169423,"neut":0.04276750485,"none":0.05368380705000001},"intensity":{"high":0.1999310525699931,"low":0.07746156780774616,"meium":0.6679951807667995,"none":0.054612198855461216},"expressive":{"dir-action":0.0011434455498856556,"dir-explicit":0.28450674742154936,"dir-speech":0.43482251510651776,"indirect":0.22324857702767512,"writing-device":0.05627871489437213}},{"id":"피자레또24시","permalink":"","username":"asdfg","text":" 맛있어요오오우오오오오","date":"Mon Dec 10 23:59:44 +0000 2018","retweets":"30","favorites":"20","mentions":[],"hashtags":[],"geo":"","raw":" 맛있어요오오우오오오오","polarity":{"com":0,"pos":0,"neg":1,"neut":0,"none":0},"intensity":{"high":0,"low":0,"meium":1,"none":0},"expressive":{"dir-action":0,"dir-explicit":0,"dir-speech":1,"indirect":0,"writing-device":0}},{"id":"피자레또24시","permalink":"","username":"asdfg","text":"Jsjdudushhsjxhzhahsjzjzj","date":"Mon Dec 10 23:59:44 +0000 2018","retweets":"30","favorites":"20","mentions":[],"hashtags":[],"geo":"","raw":"Jsjdudushhsjxhzhahsjzjzj","polarity":{"com":null,"pos":null,"neg":null,"neut":null,"none":null},"intensity":{"high":null,"low":null,"meium":null,"none":null},"expressive":{"dir-action":null,"dir-explicit":null,"dir-speech":null,"indirect":null,"writing-device":null}},{"id":"피자레또24시","permalink":"","username":"asdfg","text":"피자를 입에 가져갈 때마다 이상한 시큼한 냄새 때문에 2조각 먹고 버렸네요!","date":"Mon Dec 10 23:59:44 +0000 2018","retweets":"30","favorites":"20","mentions":[],"hashtags":[],"geo":"","raw":"피자를 입에 가져갈 때마다 이상한 시큼한 냄새 때문에 2조각 먹고 버렸네요!","polarity":{"com":0.01114649675,"pos":0.31914688275,"neg":0.5903783055,"neut":0.079328315,"none":0},"intensity":{"high":0.33394454100000004,"low":0.15399215075,"meium":0.51206330825,"none":0},"expressive":{"dir-action":0.003184713498407644,"dir-explicit":0.19973621565013192,"dir-speech":0.47860773326069617,"indirect":0.3168789808415606,"writing-device":0.001592356749203822}},{"id":"피자레또24시","permalink":"","username":"asdfg","text":"진짜 너무 맛있어요!!!","date":"Mon Dec 10 23:59:44 +0000 2018","retweets":"30","favorites":"20","mentions":[],"hashtags":[],"geo":"","raw":"진짜 너무 맛있어요!!!","polarity":{"com":0.142857143,"pos":0.142857143,"neg":0.714285714,"neut":0,"none":0},"intensity":{"high":0.142857143,"low":0.142857143,"meium":0.714285714,"none":0},"expressive":{"dir-action":0,"dir-explicit":0.5714285710000001,"dir-speech":0.28571428600000004,"indirect":0.14285714300000002,"writing-device":0}},{"id":"피자레또24시","permalink":"","username":"asdfg","text":"불고기만 맛있었어요","date":"Mon Dec 10 23:59:44 +0000 2018","retweets":"30","favorites":"20","mentions":[],"hashtags":[],"geo":"","raw":"불고기만 맛있었어요","polarity":{"com":0,"pos":0.17948717917948714,"neg":0.3333333333333333,"neut":0.05128205105128204,"none":0.4358974364358974},"intensity":{"high":0.102564103,"low":0.051282051,"meium":0.41025641,"none":0.435897436},"expressive":{"dir-action":0,"dir-explicit":0.230769231,"dir-speech":0.256410256,"indirect":0.102564103,"writing-device":0.41025641}},{"id":"피자레또24시","permalink":"","username":"asdfg","text":"맛있게 잘먹었습니다~^^","date":"Mon Dec 10 23:59:44 +0000 2018","retweets":"30","favorites":"20","mentions":[],"hashtags":[],"geo":"","raw":"맛있게 잘먹었습니다~^^","polarity":{"com":0,"pos":0.35714285717857136,"neg":0.6071428573035714,"neut":0.03571428551785714,"none":0},"intensity":{"high":0,"low":0.107142857,"meium":0.8928571430000001,"none":0},"expressive":{"dir-action":0,"dir-explicit":0.107142857,"dir-speech":0.5714285715,"indirect":0.3214285715,"writing-device":0}},{"id":"피자레또24시","permalink":"","username":"asdfg","text":"잘먹었습니다 맛있어요 !!!","date":"Mon Dec 10 23:59:44 +0000 2018","retweets":"30","favorites":"20","mentions":[],"hashtags":[],"geo":"","raw":"잘먹었습니다 맛있어요 !!!","polarity":{"com":0,"pos":0.35714285717857136,"neg":0.6071428573035714,"neut":0.03571428551785714,"none":0},"intensity":{"high":0,"low":0.107142857,"meium":0.8928571430000001,"none":0},"expressive":{"dir-action":0,"dir-explicit":0.107142857,"dir-speech":0.5714285715,"indirect":0.3214285715,"writing-device":0}},{"id":"피자레또24시","permalink":"","username":"asdfg","text":"그럭저럭 먹을만했어요. 제가 배가고팠던건지 양이 적었던건지.. 24시라서 가격이 쪼금 더 비싸네요","date":"Mon Dec 10 23:59:44 +0000 2018","retweets":"30","favorites":"20","mentions":[],"hashtags":[],"geo":"","raw":"그럭저럭 먹을만했어요. 제가 배가고팠던건지 양이 적었던건지.. 24시라서 가격이 쪼금 더 비싸네요","polarity":{"com":0.005102040857142856,"pos":0.29931972771428567,"neg":0.3282312925714286,"neut":0.15306122457142857,"none":0.21428571428571425},"intensity":{"high":0.0821995465362002,"low":0.13548752837050532,"meium":0.5680272108994169,"none":0.21428571419387757},"expressive":{"dir-action":0,"dir-explicit":0.23582766428571428,"dir-speech":0.310090703,"indirect":0.2295918367142857,"writing-device":0.22448979600000005}},{"id":"피자레또24시","permalink":"","username":"asdfg","text":"늘 맛있어요~ 연속이틀내내 시켜먹는중이에요ㅠ","date":"Mon Dec 10 23:59:44 +0000 2018","retweets":"30","favorites":"20","mentions":[],"hashtags":[],"geo":"","raw":"늘 맛있어요~ 연속이틀내내 시켜먹는중이에요ㅠ","polarity":{"com":0,"pos":0.08333333325,"neg":0.91666666675,"neut":0,"none":0},"intensity":{"high":0.02777777775,"low":0.0555555555,"meium":0.91666666675,"none":0},"expressive":{"dir-action":0,"dir-explicit":0.5555555555,"dir-speech":0.4444444445,"indirect":0,"writing-device":0}},{"id":"피자레또24시","permalink":"","username":"asdfg","text":"12시40분에 주문했더니2시15분에 배달왔네요! 정말빠른배달!\n또 이용하고싶어요!","date":"Mon Dec 10 23:59:44 +0000 2018","retweets":"30","favorites":"20","mentions":[],"hashtags":[],"geo":"","raw":"12시40분에 주문했더니2시15분에 배달왔네요! 정말빠른배달!\n또 이용하고싶어요!","polarity":{"com":0.0032258064994623655,"pos":0.7348310290441948,"neg":0.13020993347829835,"neut":0.013978494664336918,"none":0.11775473631370754},"intensity":{"high":0.10663082433333333,"low":0.019354838666666666,"meium":0.7559011776666668,"none":0.11811315933333333},"expressive":{"dir-action":0.0010752688333333334,"dir-explicit":0.326139273,"dir-speech":0.47172299033333337,"indirect":0.05949820783333334,"writing-device":0.14156426}},{"id":"피자레또24시","permalink":"","username":"asdfg","text":"고르곤졸.라가 먹고싶어서 시켰었는데.. 요건 별로였어요ㅜㅜ 고르곤졸,라치즈가 아니고 다른치즈랑 섞어서 올린건가요? 그냥 치즈피자 같았어요. 전에 파스타랑 윙은 잘 먹었는데~ 파스타에는 기름이 너무 많네용 . 다 나쁘진 않았지만 다음에는 다른메뉴로 먹어야겠어요~~ ","date":"Mon Dec 10 23:59:44 +0000 2018","retweets":"30","favorites":"20","mentions":[],"hashtags":[],"geo":"","raw":"고르곤졸.라가 먹고싶어서 시켰었는데.. 요건 별로였어요ㅜㅜ 고르곤졸,라치즈가 아니고 다른치즈랑 섞어서 올린건가요? 그냥 치즈피자 같았어요. 전에 파스타랑 윙은 잘 먹었는데~ 파스타에는 기름이 너무 많네용 . 다 나쁘진 않았지만 다음에는 다른메뉴로 먹어야겠어요~~ ","polarity":{"com":0.0034464766478697595,"pos":0.30034464760008117,"neg":0.47397292258211127,"neut":0.11585173285078865,"none":0.10638422031914922},"intensity":{"high":0.07215631352941176,"low":0.14777970005882354,"meium":0.6731545560000001,"none":0.1069094304117647},"expressive":{"dir-action":0,"dir-explicit":0.21239770428162363,"dir-speech":0.5203802109693895,"indirect":0.15198138069694228,"writing-device":0.11524070405204466}},{"id":"피자레또24시","permalink":"","username":"asdfg","text":"맛있어요 잘먹었어요...","date":"Mon Dec 10 23:59:44 +0000 2018","retweets":"30","favorites":"20","mentions":[],"hashtags":[],"geo":"","raw":"맛있어요 잘먹었어요...","polarity":{"com":0,"pos":0.35714285717857136,"neg":0.6071428573035714,"neut":0.03571428551785714,"none":0},"intensity":{"high":0,"low":0.107142857,"meium":0.8928571430000001,"none":0},"expressive":{"dir-action":0,"dir-explicit":0.107142857,"dir-speech":0.5714285715,"indirect":0.3214285715,"writing-device":0}},{"id":"피자레또24시","permalink":"","username":"asdfg","text":"비추. . . 정말 리플잘않하는데. . .비춥니다","date":"Mon Dec 10 23:59:44 +0000 2018","retweets":"30","favorites":"20","mentions":[],"hashtags":[],"geo":"","raw":"비추. . . 정말 리플잘않하는데. . .비춥니다","polarity":{"com":0.002873563250718391,"pos":0.6965311986741328,"neg":0.15414614128853654,"neut":0.035098522008774634,"none":0.11135057477783765},"intensity":{"high":0.15373563221156608,"low":0.08518062397870484,"meium":0.6468596058382852,"none":0.11422413797144397},"expressive":{"dir-action":0.002873563250718391,"dir-explicit":0.46880131361720034,"dir-speech":0.20166256155041565,"indirect":0.20669129730167282,"writing-device":0.11997126427999281}},{"id":"피자레또24시","permalink":"","username":"asdfg","text":"사장님사모님모두친절하시네요~\n다만배달에있어거리때문에가지러갔지만...\n맛은최고였어요!","date":"Mon Dec 10 23:59:44 +0000 2018","retweets":"30","favorites":"20","mentions":[],"hashtags":[],"geo":"","raw":"사장님사모님모두친절하시네요~\n다만배달에있어거리때문에가지러갔지만...\n맛은최고였어요!","polarity":{"com":0.003142601111111111,"pos":0.5103098315555555,"neg":0.25345324722222223,"neut":0.045834949666666666,"none":0.18725937044444446},"intensity":{"high":0.15404977833333333,"low":0.1748600961111111,"meium":0.48359180644444444,"none":0.18749831911111114},"expressive":{"dir-action":0.0007168458889685385,"dir-explicit":0.0690575752298953,"dir-speech":0.529178562392131,"indirect":0.2137876460237542,"writing-device":0.18725937046525107}},{"id":"피자레또24시","permalink":"","username":"asdfg","text":"크기는 생각보다 작네요~~","date":"Mon Dec 10 23:59:44 +0000 2018","retweets":"30","favorites":"20","mentions":[],"hashtags":[],"geo":"","raw":"크기는 생각보다 작네요~~","polarity":{"com":0,"pos":0.4087301587043651,"neg":0.5039682542519841,"neut":0.04761904752380952,"none":0.03968253951984128},"intensity":{"high":0.015873016000000004,"low":0.11904761900000001,"meium":0.8253968255,"none":0.03968253950000001},"expressive":{"dir-action":0,"dir-explicit":0.0793650795,"dir-speech":0.8333333334999999,"indirect":0.0396825395,"writing-device":0.0476190475}},{"id":"피자레또24시","permalink":"","username":"asdfg","text":"항상먹을만하내요ㅋㅋㅋ","date":"Mon Dec 10 23:59:44 +0000 2018","retweets":"30","favorites":"20","mentions":[],"hashtags":[],"geo":"","raw":"항상먹을만하내요ㅋㅋㅋ","polarity":{"com":0,"pos":1,"neg":0,"neut":0,"none":0},"intensity":{"high":0,"low":0,"meium":1,"none":0},"expressive":{"dir-action":0,"dir-explicit":0.5,"dir-speech":0.5,"indirect":0,"writing-device":0}},{"id":"피자레또24시","permalink":"","username":"asdfg","text":"ㅜㅡ\n저에게는 별로에요","date":"Mon Dec 10 23:59:44 +0000 2018","retweets":"30","favorites":"20","mentions":[],"hashtags":[],"geo":"","raw":"ㅜㅡ\n저에게는 별로에요","polarity":{"com":0,"pos":0.3253968251626984,"neg":0.5873015877936508,"neut":0.04761904752380952,"none":0.03968253951984127},"intensity":{"high":0.015873016,"low":0.2857142855,"meium":0.658730159,"none":0.0396825395},"expressive":{"dir-action":0,"dir-explicit":0.0793650795,"dir-speech":0.8333333334999999,"indirect":0.0396825395,"writing-device":0.0476190475}},{"id":"피자레또24시","permalink":"","username":"asdfg","text":"항상 믿고시킵니다 빠르기도하구","date":"Mon Dec 10 23:59:44 +0000 2018","retweets":"30","favorites":"20","mentions":[],"hashtags":[],"geo":"","raw":"항상 믿고시킵니다 빠르기도하구","polarity":{"com":0,"pos":0.6,"neg":0,"neut":0,"none":0.4},"intensity":{"high":0,"low":0,"meium":0.6,"none":0.4},"expressive":{"dir-action":0,"dir-explicit":0.25,"dir-speech":0.35,"indirect":0,"writing-device":0.4}},{"id":"피자레또24시","permalink":"","username":"asdfg","text":"맛나요\n맘에듭니다 맘에듬","date":"Mon Dec 10 23:59:44 +0000 2018","retweets":"30","favorites":"20","mentions":[],"hashtags":[],"geo":"","raw":"맛나요\n맘에듭니다 맘에듬","polarity":{"com":0.045454545500000006,"pos":0.7954545455,"neg":0.13636363650000002,"neut":0,"none":0.022727272500000003},"intensity":{"high":0.022727272511363635,"low":0.06818181803409092,"meium":0.8863636369431818,"none":0.022727272511363635},"expressive":{"dir-action":0,"dir-explicit":0.13636363650000002,"dir-speech":0.5454545455,"indirect":0.29545454550000005,"writing-device":0.022727272500000003}},{"id":"피자레또24시","permalink":"","username":"asdfg","text":"맛나요\n맘에듭니다 맘에듬","date":"Mon Dec 10 23:59:44 +0000 2018","retweets":"30","favorites":"20","mentions":[],"hashtags":[],"geo":"","raw":"맛나요\n맘에듭니다 맘에듬","polarity":{"com":0.045454545500000006,"pos":0.7954545455,"neg":0.13636363650000002,"neut":0,"none":0.022727272500000003},"intensity":{"high":0.022727272511363635,"low":0.06818181803409092,"meium":0.8863636369431818,"none":0.022727272511363635},"expressive":{"dir-action":0,"dir-explicit":0.13636363650000002,"dir-speech":0.5454545455,"indirect":0.29545454550000005,"writing-device":0.022727272500000003}},{"id":"피자레또24시","permalink":"","username":"asdfg","text":"씬피자 불고기도 맛나용~ ","date":"Mon Dec 10 23:59:44 +0000 2018","retweets":"30","favorites":"20","mentions":[],"hashtags":[],"geo":"","raw":"씬피자 불고기도 맛나용~ ","polarity":{"com":0.007142857,"pos":0.214285714,"neg":0.328571429,"neut":0.014285714,"none":0.435714286},"intensity":{"high":0.142857143,"low":0.114285714,"meium":0.307142857,"none":0.435714286},"expressive":{"dir-action":0,"dir-explicit":0.1857142858142857,"dir-speech":0.29999999969999996,"indirect":0.0857142859142857,"writing-device":0.42857142857142855}},{"id":"피자레또24시","permalink":"","username":"asdfg","text":"매일매일시켜먹어도 너무맛있어여","date":"Mon Dec 10 23:59:44 +0000 2018","retweets":"30","favorites":"20","mentions":[],"hashtags":[],"geo":"","raw":"매일매일시켜먹어도 너무맛있어여","polarity":{"com":0.03571428575,"pos":0.28571428575,"neg":0.6785714285,"neut":0,"none":0},"intensity":{"high":0.0634920635,"low":0.34126984125000004,"meium":0.59523809525,"none":0},"expressive":{"dir-action":0,"dir-explicit":0.19841269825,"dir-speech":0.68253968275,"indirect":0.119047619,"writing-device":0}},{"id":"피자레또24시","permalink":"","username":"asdfg","text":"짱맛있었어요 짱짱 또먹을라구요","date":"Mon Dec 10 23:59:44 +0000 2018","retweets":"30","favorites":"20","mentions":[],"hashtags":[],"geo":"","raw":"짱맛있었어요 짱짱 또먹을라구요","polarity":{"com":0,"pos":0.0714285714642857,"neg":0.7142857141428571,"neut":0,"none":0.21428571439285712},"intensity":{"high":0,"low":0,"meium":0.7857142855,"none":0.2142857145},"expressive":{"dir-action":0,"dir-explicit":0.0714285715,"dir-speech":0.642857143,"indirect":0,"writing-device":0.2857142855}},{"id":"피자레또24시","permalink":"","username":"asdfg","text":"주문받으시는분 짱친절하심ㅋㅋ\n콤비네이션이 맛잇는곳. 짐 시켯어용ㅋㅋ\n배고파요오오오오!!!","date":"Mon Dec 10 23:59:44 +0000 2018","retweets":"30","favorites":"20","mentions":[],"hashtags":[],"geo":"","raw":"주문받으시는분 짱친절하심ㅋㅋ\n콤비네이션이 맛잇는곳. 짐 시켯어용ㅋㅋ\n배고파요오오오오!!!","polarity":{"com":0.04937591773765603,"pos":0.6704295153323927,"neg":0.21429882519642532,"neut":0.06369309848407673,"none":0.00220264324944934},"intensity":{"high":0.0680983847670246,"low":0.03303964750825991,"meium":0.8955580029738895,"none":0.003303964750825991},"expressive":{"dir-action":0.0011013215002753302,"dir-explicit":0.541024229135256,"dir-speech":0.3403083700850771,"indirect":0.11426211452856552,"writing-device":0.0033039647508259907}},{"id":"피자레또24시","permalink":"","username":"asdfg","text":"씬으로 먹으면 맛나는집","date":"Mon Dec 10 23:59:44 +0000 2018","retweets":"30","favorites":"20","mentions":[],"hashtags":[],"geo":"","raw":"씬으로 먹으면 맛나는집","polarity":{"com":0,"pos":0.4166666665,"neg":0.5833333334999999,"neut":0,"none":0},"intensity":{"high":0.0555555555,"low":0.19444444449999998,"meium":0.75,"none":0},"expressive":{"dir-action":0,"dir-explicit":0.111111111,"dir-speech":0.888888889,"indirect":0,"writing-device":0}},{"id":"피자레또24시","permalink":"","username":"asdfg","text":"세트메뉴에서 돈 추가하면 피자메뉴 바꿀수있어염! 여긴 늘 맛있어서~ 따로 남길 평이 없심!! ","date":"Mon Dec 10 23:59:44 +0000 2018","retweets":"30","favorites":"20","mentions":[],"hashtags":[],"geo":"","raw":"세트메뉴에서 돈 추가하면 피자메뉴 바꿀수있어염! 여긴 늘 맛있어서~ 따로 남길 평이 없심!! ","polarity":{"com":0.004405286285714286,"pos":0.36167400885714285,"neg":0.3748374238571429,"neut":0.1578246277142857,"none":0.10125865328571428},"intensity":{"high":0.08653241029807605,"low":0.04983217957854746,"meium":0.7617474302516782,"none":0.10188797987169827},"expressive":{"dir-action":0.0006293265715184752,"dir-explicit":0.29249003561321285,"dir-speech":0.4325571639189367,"indirect":0.17243549402463365,"writing-device":0.10188797987169827}},{"id":"피자레또24시","permalink":"","username":"asdfg","text":"매운피자가 젤루맛나용ㅋ","date":"Mon Dec 10 23:59:44 +0000 2018","retweets":"30","favorites":"20","mentions":[],"hashtags":[],"geo":"","raw":"매운피자가 젤루맛나용ㅋ","polarity":{"com":0.0089285715,"pos":0.705357143,"neg":0.232142857,"neut":0.0401785715,"none":0.013392857},"intensity":{"high":0.080357143,"low":0.0535714285,"meium":0.8482142855,"none":0.017857143},"expressive":{"dir-action":0,"dir-explicit":0.1875,"dir-speech":0.65625,"indirect":0.142857143,"writing-device":0.013392857}},{"id":"피자레또24시","permalink":"","username":"asdfg","text":"늦은새벽 치킨도먹고싶긍 피자도먹고싶어\n세트메뉴 처음시켜봐써용\n치킨이 냉동치킨인가?\n뼈가 까맣네용    음...뜨거울때 치킨맛있네\n했는데 좀식으니 냄새가 나긴 나더군요ㅡㅡㅅ\n\n걍  레또에선 피자만 먹는걸로 할께요~^_^","date":"Mon Dec 10 23:59:44 +0000 2018","retweets":"30","favorites":"20","mentions":[],"hashtags":[],"geo":"","raw":"늦은새벽 치킨도먹고싶긍 피자도먹고싶어\n세트메뉴 처음시켜봐써용\n치킨이 냉동치킨인가?\n뼈가 까맣네용    음...뜨거울때 치킨맛있네\n했는데 좀식으니 냄새가 나긴 나더군요ㅡㅡㅅ\n\n걍  레또에선 피자만 먹는걸로 할께요~^_^","polarity":{"com":0.015103691331894889,"pos":0.38485947058239434,"neg":0.43003315824475885,"neut":0.06502389466047392,"none":0.10497978518047814},"intensity":{"high":0.11545919033333331,"low":0.07461313328571428,"meium":0.7032182548095238,"none":0.10670942157142854},"expressive":{"dir-action":0.005633470619315878,"dir-explicit":0.17847598429421307,"dir-speech":0.4586031269742191,"indirect":0.2446865788211755,"writing-device":0.11260083929107621}},{"id":"피자레또24시","permalink":"","username":"asdfg","text":"매운핫피자 술마시고 속풀이로 시켰는데\n오늘은 할라피뇨가 별로 안들어갔네요ㅡㅡ\n덜매웠어용ㅠ  맛은별로였지만\n\n배달해주시는분 너무친절해서 패스요~~^^\n기분좋게 받았네요ㅋ","date":"Mon Dec 10 23:59:44 +0000 2018","retweets":"30","favorites":"20","mentions":[],"hashtags":[],"geo":"","raw":"매운핫피자 술마시고 속풀이로 시켰는데\n오늘은 할라피뇨가 별로 안들어갔네요ㅡㅡ\n덜매웠어용ㅠ  맛은별로였지만\n\n배달해주시는분 너무친절해서 패스요~~^^\n기분좋게 받았네요ㅋ","polarity":{"com":0.00848184076857832,"pos":0.3713625084329722,"neg":0.44648469804257807,"neut":0.08760433122403043,"none":0.08606662153184103},"intensity":{"high":0.07312579892307693,"low":0.03983758176923077,"meium":0.8008045717692307,"none":0.08623204753846153},"expressive":{"dir-action":0.0004962779230769231,"dir-explicit":0.12560718853846153,"dir-speech":0.47489660876923073,"indirect":0.31293330323076923,"writing-device":0.08606662153846154}},{"id":"피자레또24시","permalink":"","username":"asdfg","text":"피자도맛있고 순살치킨도강추요","date":"Mon Dec 10 23:59:44 +0000 2018","retweets":"30","favorites":"20","mentions":[],"hashtags":[],"geo":"","raw":"피자도맛있고 순살치킨도강추요","polarity":{"com":0.004761904666666666,"pos":0.25396825366666664,"neg":0.4412698416666667,"neut":0.009523809333333333,"none":0.2904761906666667},"intensity":{"high":0.2063492063333333,"low":0.076190476,"meium":0.42698412700000005,"none":0.2904761906666667},"expressive":{"dir-action":0,"dir-explicit":0.3460317461026455,"dir-speech":0.31111111079259257,"indirect":0.05714285729523809,"writing-device":0.2857142858095238}},{"id":"피자레또24시","permalink":"","username":"asdfg","text":"늘시켜먹어요 피자도맛있고 순살치킨도 맛있어요","date":"Mon Dec 10 23:59:44 +0000 2018","retweets":"30","favorites":"20","mentions":[],"hashtags":[],"geo":"","raw":"늘시켜먹어요 피자도맛있고 순살치킨도 맛있어요","polarity":{"com":0.0035714285000000004,"pos":0.27380952350000004,"neg":0.49761904800000006,"neut":0.007142857000000001,"none":0.21785714300000003},"intensity":{"high":0.1825396825,"low":0.1126984125,"meium":0.486904762,"none":0.217857143},"expressive":{"dir-action":0,"dir-explicit":0.3150793650924603,"dir-speech":0.42777777753611107,"indirect":0.042857142978571426,"writing-device":0.21428571439285712}},{"id":"피자레또24시","permalink":"","username":"asdfg","text":"피자레또는 순살치킨이 갑","date":"Mon Dec 10 23:59:44 +0000 2018","retweets":"30","favorites":"20","mentions":[],"hashtags":[],"geo":"","raw":"피자레또는 순살치킨이 갑","polarity":{"com":0.010279001333333334,"pos":0.5883504650000001,"neg":0.36906510033333334,"neut":0.029368575666666664,"none":0.002936857666666667},"intensity":{"high":0.1463534017154511,"low":0.04405286334801761,"meium":0.8051884486017294,"none":0.004405286334801761},"expressive":{"dir-action":0.0014684286671561425,"dir-explicit":0.36025452778675143,"dir-speech":0.23152227107717407,"indirect":0.4023494861341165,"writing-device":0.004405286334801761}},{"id":"피자레또24시","permalink":"","username":"asdfg","text":"피자레또는 피자도맛있지만 순살치킨도 정말맛있습니다. 몇년동안 야식으로 시켜먹었는데. 배달통으론 첨시켰네요.\n근데배달통으로 시키니 양이 적게오네요? 그전에 비해 양을줄이신건지 배달통으로 시키면 양을 적게주시는지 궁금하네요","date":"Mon Dec 10 23:59:44 +0000 2018","retweets":"30","favorites":"20","mentions":[],"hashtags":[],"geo":"","raw":"피자레또는 피자도맛있지만 순살치킨도 정말맛있습니다. 몇년동안 야식으로 시켜먹었는데. 배달통으론 첨시켰네요.\n근데배달통으로 시키니 양이 적게오네요? 그전에 비해 양을줄이신건지 배달통으로 시키면 양을 적게주시는지 궁금하네요","polarity":{"com":0.01303180883405732,"pos":0.5132968465840719,"neg":0.34861360285270065,"neut":0.027592202557088448,"none":0.09746553917208141},"intensity":{"high":0.10610691859932143,"low":0.07407066154732546,"meium":0.7221900471975344,"none":0.0976323726558186},"expressive":{"dir-action":0.004921588277504356,"dir-explicit":0.2077235243217931,"dir-speech":0.4840906381953283,"indirect":0.20377406632201253,"writing-device":0.09949018288336164}},{"id":"피자레또24시","permalink":"","username":"asdfg","text":"굿굿\n겐찮네요 근데요새는 잘안시키게되네요 ","date":"Mon Dec 10 23:59:44 +0000 2018","retweets":"30","favorites":"20","mentions":[],"hashtags":[],"geo":"","raw":"굿굿\n겐찮네요 근데요새는 잘안시키게되네요 ","polarity":{"com":0.01886792465408805,"pos":0.45911949669392027,"neg":0.4716981130188678,"neut":0.03144654097903563,"none":0.01886792465408805},"intensity":{"high":0.08176100630607966,"low":0.36477987421174,"meium":0.5345911948218028,"none":0.018867924660377358},"expressive":{"dir-action":0,"dir-explicit":0.15094339628301887,"dir-speech":0.44654088051781965,"indirect":0.3710691822096436,"writing-device":0.03144654098951782}},{"id":"피자레또24시","permalink":"","username":"asdfg","text":"쿠폰 바뀐건가요?ㅜㅜ","date":"Mon Dec 10 23:59:44 +0000 2018","retweets":"30","favorites":"20","mentions":[],"hashtags":[],"geo":"","raw":"쿠폰 바뀐건가요?ㅜㅜ","polarity":{"com":0.017857143,"pos":0.071428571,"neg":0.125,"neut":0.035714286,"none":0.75},"intensity":{"high":0.017857142982142856,"low":0.053571428946428565,"meium":0.17857142882142857,"none":0.7499999992499999},"expressive":{"dir-action":0,"dir-explicit":0.071428571,"dir-speech":0.125,"indirect":0.017857143,"writing-device":0.785714286}},{"id":"피자레또24시","permalink":"","username":"asdfg","text":"언제먹어도맛잇는 치즈피자\n치즈완전맛나용 피자레또만한게없음대박","date":"Mon Dec 10 23:59:44 +0000 2018","retweets":"30","favorites":"20","mentions":[],"hashtags":[],"geo":"","raw":"언제먹어도맛잇는 치즈피자\n치즈완전맛나용 피자레또만한게없음대박","polarity":{"com":0,"pos":0.3285714285342857,"neg":0.5857142856828571,"neut":0,"none":0.08571428578285714},"intensity":{"high":0.2,"low":0.06666666660000001,"meium":0.6476190476,"none":0.0857142858},"expressive":{"dir-action":0,"dir-explicit":0.261904762,"dir-speech":0.5238095238,"indirect":0.1,"writing-device":0.1142857142}},{"id":"피자레또24시","permalink":"","username":"asdfg","text":"콤비네이션 라지에 치즈오븐스파게티에\n콘샐러드 시켜먹었다 역시 피자레또는 콤비네이션이 짱이당ㅋㅋㅋ\n치즈오븐도 맛나꾸~~\n콘샐러드는 처음 시켜먹었는데\n다시는 안먹을꺼ㅠㅡㅠ","date":"Mon Dec 10 23:59:44 +0000 2018","retweets":"30","favorites":"20","mentions":[],"hashtags":[],"geo":"","raw":"콤비네이션 라지에 치즈오븐스파게티에\n콘샐러드 시켜먹었다 역시 피자레또는 콤비네이션이 짱이당ㅋㅋㅋ\n치즈오븐도 맛나꾸~~\n콘샐러드는 처음 시켜먹었는데\n다시는 안먹을꺼ㅠㅡㅠ","polarity":{"com":0.00688168650068817,"pos":0.48991504084899157,"neg":0.33911763173391185,"neut":0.06488305010648832,"none":0.09920259080992026},"intensity":{"high":0.1031890252309567,"low":0.11563806713469142,"meium":0.6810892596043269,"none":0.10008364803002508},"expressive":{"dir-action":0.0008810572001762114,"dir-explicit":0.26220430385244087,"dir-speech":0.3813141563762628,"indirect":0.24998112024999625,"writing-device":0.10561936232112387}},{"id":"피자레또24시","permalink":"","username":"asdfg","text":"콤비네이션 치즈크러스트 맛있어요 대~박!!\n쿠폰이 너무 잘모이네요ㅋ근대 쿠폰시켜도\n똑같이 맛있다는점!!!","date":"Mon Dec 10 23:59:44 +0000 2018","retweets":"30","favorites":"20","mentions":[],"hashtags":[],"geo":"","raw":"콤비네이션 치즈크러스트 맛있어요 대~박!!\n쿠폰이 너무 잘모이네요ㅋ근대 쿠폰시켜도\n똑같이 맛있다는점!!!","polarity":{"com":0,"pos":0.12962962952160498,"neg":0.6759259261126545,"neut":0.1388888888564815,"none":0.05555555550925927},"intensity":{"high":0.027777777828703703,"low":0.09259259265123455,"meium":0.824074074029321,"none":0.05555555549074074},"expressive":{"dir-action":0.009259259333333334,"dir-explicit":0.175925926,"dir-speech":0.7037037036666667,"indirect":0.0555555555,"writing-device":0.0555555555}},{"id":"피자레또24시","permalink":"","username":"asdfg","text":"파인애플달짝지근ㅋㅋ너무맛나용\n맨날치즈피자만머것엇는뎅 색다름","date":"Mon Dec 10 23:59:44 +0000 2018","retweets":"30","favorites":"20","mentions":[],"hashtags":[],"geo":"","raw":"파인애플달짝지근ㅋㅋ너무맛나용\n맨날치즈피자만머것엇는뎅 색다름","polarity":{"com":0.13333333342666667,"pos":0.31208791206241754,"neg":0.3603174602720635,"neut":0.022954822804590966,"none":0.1713064714342613},"intensity":{"high":0.06178266179999999,"low":0.0547008546,"meium":0.7122100122,"none":0.17130647140000002},"expressive":{"dir-action":0,"dir-explicit":0.296947497,"dir-speech":0.275091575,"indirect":0.2570207572,"writing-device":0.1709401708}},{"id":"피자레또24시","permalink":"","username":"asdfg","text":"벌써쿠폰또다모아서 콤비네이션머것어영\n맛나용ㅎ","date":"Mon Dec 10 23:59:44 +0000 2018","retweets":"30","favorites":"20","mentions":[],"hashtags":[],"geo":"","raw":"벌써쿠폰또다모아서 콤비네이션머것어영\n맛나용ㅎ","polarity":{"com":0.004761904799047619,"pos":0.47619047610476195,"neg":0.2365079365526984,"neut":0.012698412597460318,"none":0.26984126994603175},"intensity":{"high":0.0742368742,"low":0.031257631200000004,"meium":0.6246642246,"none":0.26984127},"expressive":{"dir-action":0,"dir-explicit":0.1881562882,"dir-speech":0.45457875459999997,"indirect":0.0540903542,"writing-device":0.303174603}},{"id":"피자레또24시","permalink":"","username":"asdfg","text":"여기 스파게티 진짜 맛있어요. \n옛날 스파게티맛 ㅋ","date":"Mon Dec 10 23:59:44 +0000 2018","retweets":"30","favorites":"20","mentions":[],"hashtags":[],"geo":"","raw":"여기 스파게티 진짜 맛있어요. \n옛날 스파게티맛 ㅋ","polarity":{"com":0,"pos":0.5,"neg":0.5,"neut":0,"none":0},"intensity":{"high":0,"low":0,"meium":1,"none":0},"expressive":{"dir-action":0,"dir-explicit":0,"dir-speech":1,"indirect":0,"writing-device":0}},{"id":"피자레또24시","permalink":"","username":"asdfg","text":"스파게티정말맛잇어요 피자도치즈가예술\n석가탄신일도할줄몰랏네요ㅎㅎ\n배달도빠르구 친절하셔서 좋앗네용ㅎㅎ\n피자m은좀작아요 양만으신분은 라지시키세욧ㅎㅎ","date":"Mon Dec 10 23:59:44 +0000 2018","retweets":"30","favorites":"20","mentions":[],"hashtags":[],"geo":"","raw":"스파게티정말맛잇어요 피자도치즈가예술\n석가탄신일도할줄몰랏네요ㅎㅎ\n배달도빠르구 친절하셔서 좋앗네용ㅎㅎ\n피자m은좀작아요 양만으신분은 라지시키세욧ㅎㅎ","polarity":{"com":0.006811554666666666,"pos":0.6052290261111112,"neg":0.18942970544444446,"neut":0.023601347777777778,"none":0.17492836599999997},"intensity":{"high":0.11611681001290186,"low":0.08960935067662326,"meium":0.6181144610686794,"none":0.17615937824179548},"expressive":{"dir-action":0.0007168458888092393,"dir-explicit":0.1828754690907916,"dir-speech":0.4351606321738711,"indirect":0.2071123376436542,"writing-device":0.1741347152028739}},{"id":"피자레또24시","permalink":"","username":"asdfg","text":"어제는 쿠폰모아 하와이안피자머것어여\n파인애플이 허뻐 달짝지근ㅋ","date":"Mon Dec 10 23:59:44 +0000 2018","retweets":"30","favorites":"20","mentions":[],"hashtags":[],"geo":"","raw":"어제는 쿠폰모아 하와이안피자머것어여\n파인애플이 허뻐 달짝지근ㅋ","polarity":{"com":0.013661632006830817,"pos":0.3301517376650759,"neg":0.3839416824419709,"neut":0.14504230457252115,"none":0.12720264331360132},"intensity":{"high":0.05024124176256031,"low":0.27907139356976784,"meium":0.5423833998855959,"none":0.12830396478207598},"expressive":{"dir-action":0.0011013215002753302,"dir-explicit":0.18884168954721042,"dir-speech":0.5069750368767437,"indirect":0.16485735254121434,"writing-device":0.13822459953455615}},{"id":"피자레또24시","permalink":"","username":"asdfg","text":"피자랑 크림스파게티 먹었는데 맛있었어요~~","date":"Mon Dec 10 23:59:44 +0000 2018","retweets":"30","favorites":"20","mentions":[],"hashtags":[],"geo":"","raw":"피자랑 크림스파게티 먹었는데 맛있었어요~~","polarity":{"com":0,"pos":0.44444444433333335,"neg":0.5555555556666666,"neut":0,"none":0},"intensity":{"high":0.037037037,"low":0.074074074,"meium":0.888888889,"none":0},"expressive":{"dir-action":0,"dir-explicit":0.40740740733333336,"dir-speech":0.5925925926666666,"indirect":0,"writing-device":0}},{"id":"피자레또24시","permalink":"","username":"asdfg","text":"5개모이면 M 10개모이면 L에용\n마니마니드세여 넘치즈가 맛나요\n식어도 치즈크러스트잇는 그부분이\n안딱딱하고 쫀득쫀득맛나여♥.♥","date":"Mon Dec 10 23:59:44 +0000 2018","retweets":"30","favorites":"20","mentions":[],"hashtags":[],"geo":"","raw":"5개모이면 M 10개모이면 L에용\n마니마니드세여 넘치즈가 맛나요\n식어도 치즈크러스트잇는 그부분이\n안딱딱하고 쫀득쫀득맛나여♥.♥","polarity":{"com":0.011485145875,"pos":0.4279158623749999,"neg":0.41507400249999993,"neut":0.13917377199999997,"none":0.006351217249999998},"intensity":{"high":0.16560355,"low":0.15515336762499998,"meium":0.67140041825,"none":0.007842664124999999},"expressive":{"dir-action":0.000375375375,"dir-explicit":0.098414039,"dir-speech":0.65657376125,"indirect":0.23791023174999998,"writing-device":0.006726592625}},{"id":"피자레또24시","permalink":"","username":"asdfg","text":"여기치즈가살아잇네요","date":"Mon Dec 10 23:59:44 +0000 2018","retweets":"30","favorites":"20","mentions":[],"hashtags":[],"geo":"","raw":"여기치즈가살아잇네요","polarity":{"com":0.017857143,"pos":0.410714286,"neg":0.464285714,"neut":0.080357143,"none":0.026785714},"intensity":{"high":0.160714286,"low":0.107142857,"meium":0.696428571,"none":0.035714286},"expressive":{"dir-action":0,"dir-explicit":0.37500000000000006,"dir-speech":0.31250000000000006,"indirect":0.28571428600000004,"writing-device":0.026785714000000002}},{"id":"피자레또24시","permalink":"","username":"asdfg","text":"맛잇엇어용 ㅋㅋㅋㅋㅋㅋ","date":"Mon Dec 10 23:59:44 +0000 2018","retweets":"30","favorites":"20","mentions":[],"hashtags":[],"geo":"","raw":"맛잇엇어용 ㅋㅋㅋㅋㅋㅋ","polarity":{"com":0,"pos":1,"neg":0,"neut":0,"none":0},"intensity":{"high":0,"low":0,"meium":1,"none":0},"expressive":{"dir-action":0,"dir-explicit":0,"dir-speech":1,"indirect":0,"writing-device":0}},{"id":"피자레또24시","permalink":"","username":"asdfg","text":"전화안받네여.24시간잠들지않는다면서요사장님거짓말쟁이","date":"Mon Dec 10 23:59:44 +0000 2018","retweets":"30","favorites":"20","mentions":[],"hashtags":[],"geo":"","raw":"전화안받네여....24시간잠들지않는다면서요....사장님거짓말쟁이.....","polarity":{"com":0,"pos":0.625,"neg":0.375,"neut":0,"none":0},"intensity":{"high":0.125,"low":0,"meium":0.875,"none":0},"expressive":{"dir-action":0,"dir-explicit":0.125,"dir-speech":0.25,"indirect":0.625,"writing-device":0}},{"id":"피자레또24시","permalink":"","username":"asdfg","text":"여기 정말 맛있어요ㅋㅋㅋ\n한번 거기 일있어서 가서먹어보고 \n반햇네요ㅎㅎ","date":"Mon Dec 10 23:59:44 +0000 2018","retweets":"30","favorites":"20","mentions":[],"hashtags":[],"geo":"","raw":"여기 정말 맛있어요ㅋㅋㅋ\n한번 거기 일있어서 가서먹어보고 \n반햇네요ㅎㅎ","polarity":{"com":0.016666666666666666,"pos":0.3775252524999999,"neg":0.5353535353333333,"neut":0.04696969699999999,"none":0.023484848499999995},"intensity":{"high":0.10033670033333335,"low":0.259006734,"meium":0.6171717171666666,"none":0.0234848485},"expressive":{"dir-action":0,"dir-explicit":0.087037037,"dir-speech":0.690993266,"indirect":0.1984848485,"writing-device":0.0234848485}}]