[{
  "id": "원조장충동 왕 족발보쌈",
  "permalink": "",
  "username": "asdfg",
  "text": "맛있고 배달도준수해요  바베큐보쌈먹었는데 조금매콤함\n\n메뉴에 조금매콤하다고 써있으면더좋을듯..\n\n숯불바베큐생각하고시킨거였는데 보쌈에 빨간양념이되어오더라구용 맛있게먹긴했어요",
  "date": "Mon Dec 10 23:59:44 +0000 2018",
  "retweets": "30",
  "favorites": "20",
  "mentions": [],
  "hashtags": [],
  "geo": ""
}]