[{
  "id": "장충왕족발보쌈전문점",
  "permalink": "",
  "username": "asdfg",
  "text": "이빨좋으사람들만시켜드시도록ㅡㅡ만들어놓고3600시간은지난듯하네요 전자렌지돌려서 배달하는듯함 이빨다나가겟네ㅉ",
  "date": "Mon Dec 10 23:59:44 +0000 2018",
  "retweets": "30",
  "favorites": "20",
  "mentions": [],
  "hashtags": [],
  "geo": ""
},{
  "id": "장충왕족발보쌈전문점",
  "permalink": "",
  "username": "asdfg",
  "text": "중자시켰는데  살도많고 맛있네요\n막국수도 진공포장으로 와서 깔끔하고 좋았어요\n",
  "date": "Mon Dec 10 23:59:44 +0000 2018",
  "retweets": "30",
  "favorites": "20",
  "mentions": [],
  "hashtags": [],
  "geo": ""
},{
  "id": "장충왕족발보쌈전문점",
  "permalink": "",
  "username": "asdfg",
  "text": "자주시키는데\n보쌈이랑 부대찌개세트 주문하는데\n전화받는분이 잘모르시세요 여러가지하시는구나싶네요ㅜ\n그래도맛은그냥저냥좋으니패스",
  "date": "Mon Dec 10 23:59:44 +0000 2018",
  "retweets": "30",
  "favorites": "20",
  "mentions": [],
  "hashtags": [],
  "geo": ""
},{
  "id": "장충왕족발보쌈전문점",
  "permalink": "",
  "username": "asdfg",
  "text": "맛은있는데 고기가 하얗고 뼈가 많은데... 먹기좀 힘들어요.. ㅜㅜ김치는 맛나네요..",
  "date": "Mon Dec 10 23:59:44 +0000 2018",
  "retweets": "30",
  "favorites": "20",
  "mentions": [],
  "hashtags": [],
  "geo": ""
}]