[{
  "id": "대마족발-공릉점",
  "permalink": "",
  "username": "asdfg",
  "text": "완전 짱입니다~~앞으로자주시켜먹을꺼야",
  "date": "Mon Dec 10 23:59:44 +0000 2018",
  "retweets": "30",
  "favorites": "20",
  "mentions": [],
  "hashtags": [],
  "geo": ""
},{
  "id": "대마족발-공릉점",
  "permalink": "",
  "username": "asdfg",
  "text": "서비스 참치마요 넘 맛있어요 고소하고\n족발 양도 엄청 많네요\n남자친구랑 여기 맛있다 하면서 먹었어요 :)",
  "date": "Mon Dec 10 23:59:44 +0000 2018",
  "retweets": "30",
  "favorites": "20",
  "mentions": [],
  "hashtags": [],
  "geo": ""
},{
  "id": "대마족발-공릉점",
  "permalink": "",
  "username": "asdfg",
  "text": "사진 보시면 아시겠지만..포장 및 내용물 매우 만족합니다. 전체적으로 만족 하며 특히 쟁반국순 서비스가 아니라 사이드 메뉴로 시켜도 되실정도로 맛나네여..제가 만점을 안드린검..여기 족발에 따뜻하게 하게 나와서 호불호가 있을듯 해서 한단계 낮게 드렸습니다...참고로 전 족발도 맛있었습니다. 아..건의..밑빈찬이 너무 좋았어요..근데..채소네 깻잎이 있거..밑반찬에..절인 깻잎이 있어서...중복적이라..하나는 변경했음 해요.^^ 맛나게 먹었습니다",
  "date": "Mon Dec 10 23:59:44 +0000 2018",
  "retweets": "30",
  "favorites": "20",
  "mentions": [],
  "hashtags": [],
  "geo": ""
}]