[{
  "id": "도담족발CESCO",
  "permalink": "",
  "username": "asdfg",
  "text": "족발 맛있게 잘먹었어요 ㅋ 육질이 부드러워서 먹기좋았네요 ㅋ",
  "date": "Mon Dec 10 23:59:44 +0000 2018",
  "retweets": "30",
  "favorites": "20",
  "mentions": [],
  "hashtags": [],
  "geo": ""
},{
  "id": "도담족발CESCO",
  "permalink": "",
  "username": "asdfg",
  "text": "배달은 빨리 와주셨어요근데 갈수록 성의가 너무 없어지네요 고기도 너무 두껍고 엄청 질기네요 살코기 부분은",
  "date": "Mon Dec 10 23:59:44 +0000 2018",
  "retweets": "30",
  "favorites": "20",
  "mentions": [],
  "hashtags": [],
  "geo": ""
},{
  "id": "도담족발CESCO",
  "permalink": "",
  "username": "asdfg",
  "text": "맛있게잘먹었습니다^^",
  "date": "Mon Dec 10 23:59:44 +0000 2018",
  "retweets": "30",
  "favorites": "20",
  "mentions": [],
  "hashtags": [],
  "geo": ""
},{
  "id": "도담족발CESCO",
  "permalink": "",
  "username": "asdfg",
  "text": "김치 너무 맛있어서 별 다섯개",
  "date": "Mon Dec 10 23:59:44 +0000 2018",
  "retweets": "30",
  "favorites": "20",
  "mentions": [],
  "hashtags": [],
  "geo": ""
},{
  "id": "도담족발CESCO",
  "permalink": "",
  "username": "asdfg",
  "text": "왜 예전만큼 고기가 야들야들하지 않을까요",
  "date": "Mon Dec 10 23:59:44 +0000 2018",
  "retweets": "30",
  "favorites": "20",
  "mentions": [],
  "hashtags": [],
  "geo": ""
},{
  "id": "도담족발CESCO",
  "permalink": "",
  "username": "asdfg",
  "text": "맛있게 먹었어요~^^",
  "date": "Mon Dec 10 23:59:44 +0000 2018",
  "retweets": "30",
  "favorites": "20",
  "mentions": [],
  "hashtags": [],
  "geo": ""
},{
  "id": "도담족발CESCO",
  "permalink": "",
  "username": "asdfg",
  "text": "맛족발소시켰어요 족발은 나름 괜찮은데 같이온 사이드메뉴 못먹고 다버렸네요 빈대떡은 그냥 밀가루부침 맛없고 쟁반국수에서는 이상한 세제맛나요..진짜 세제로 빤맛나고요동치미국물에서도 이상한 쉰내나서 못먹고 다버렸네요 같이오는사이드메뉴가 최악인집",
  "date": "Mon Dec 10 23:59:44 +0000 2018",
  "retweets": "30",
  "favorites": "20",
  "mentions": [],
  "hashtags": [],
  "geo": ""
},{
  "id": "도담족발CESCO",
  "permalink": "",
  "username": "asdfg",
  "text": "마시쪙@@@@@@@@@",
  "date": "Mon Dec 10 23:59:44 +0000 2018",
  "retweets": "30",
  "favorites": "20",
  "mentions": [],
  "hashtags": [],
  "geo": ""
},{
  "id": "도담족발CESCO",
  "permalink": "",
  "username": "asdfg",
  "text": "가격만 합리적이면 밀어드리겠음",
  "date": "Mon Dec 10 23:59:44 +0000 2018",
  "retweets": "30",
  "favorites": "20",
  "mentions": [],
  "hashtags": [],
  "geo": ""
},{
  "id": "도담족발CESCO",
  "permalink": "",
  "username": "asdfg",
  "text": "맛있어요. 이제 가격만 살짝 내립시다.다른곳 평균보다 이천원 비싼데 솔직히 맛은 이천원어치 더 맛있음. 그니까 이천원 내리면 서초 보쌈 평정각.",
  "date": "Mon Dec 10 23:59:44 +0000 2018",
  "retweets": "30",
  "favorites": "20",
  "mentions": [],
  "hashtags": [],
  "geo": ""
}]