[{
  "id": "족발보감",
  "permalink": "",
  "username": "asdfg",
  "text": "맛있었어요 다만 주먹밥이너무싱거웠네요!",
  "date": "Mon Dec 10 23:59:44 +0000 2018",
  "retweets": "30",
  "favorites": "20",
  "mentions": [],
  "hashtags": [],
  "geo": ""
},{
  "id": "족발보감",
  "permalink": "",
  "username": "asdfg",
  "text": "여긴 처음 먹어봤는데 배달하시는 분도 친절 하시고 맛있습니다만 다른 곳들에 비해 반찬 가짓수가 적어서  먹다 보면 족발만 남아요...",
  "date": "Mon Dec 10 23:59:44 +0000 2018",
  "retweets": "30",
  "favorites": "20",
  "mentions": [],
  "hashtags": [],
  "geo": ""
}]