[{
  "id": "장수 왕 족발 24시CESCO",
  "permalink": "",
  "username": "asdfg",
  "text": "배달빠르고 생각보다 깔끔하고 양도 많네요.담부터 보쌈,족발은 여기서만 시킬듯 합니다",
  "date": "Mon Dec 10 23:59:44 +0000 2018",
  "retweets": "30",
  "favorites": "20",
  "mentions": [],
  "hashtags": [],
  "geo": ""
},{
  "id": "장수 왕 족발 24시CESCO",
  "permalink": "",
  "username": "asdfg",
  "text": "배부르게 잘 먹었습니다!! 진짜 따뜻하고 맛있어요!!",
  "date": "Mon Dec 10 23:59:44 +0000 2018",
  "retweets": "30",
  "favorites": "20",
  "mentions": [],
  "hashtags": [],
  "geo": ""
},{
  "id": "장수 왕 족발 24시CESCO",
  "permalink": "",
  "username": "asdfg",
  "text": "잡내안나고.대짜딱맞네요둘다 많이먹는데양도딱이네요쌈장이 한개더안온거빼고는.마늘도 국내산거 쓰시는거같은데서산마늘같은느낌인데요맛좋고 오늘취해서잠듭니다",
  "date": "Mon Dec 10 23:59:44 +0000 2018",
  "retweets": "30",
  "favorites": "20",
  "mentions": [],
  "hashtags": [],
  "geo": ""
},{
  "id": "장수 왕 족발 24시CESCO",
  "permalink": "",
  "username": "asdfg",
  "text": "힝~ㅜㅠ 힝~ㅜㅠ 힝~ㅜㅠ ",
  "date": "Mon Dec 10 23:59:44 +0000 2018",
  "retweets": "30",
  "favorites": "20",
  "mentions": [],
  "hashtags": [],
  "geo": ""
},{
  "id": "장수 왕 족발 24시CESCO",
  "permalink": "",
  "username": "asdfg",
  "text": "한강아파트입니다 이삿날이라 늦게 시키고 주문도 까다로웠는데 빨리갖다주시고 맛도 괜찮아요 사업 번창하세요",
  "date": "Mon Dec 10 23:59:44 +0000 2018",
  "retweets": "30",
  "favorites": "20",
  "mentions": [],
  "hashtags": [],
  "geo": ""
},{
  "id": "장수 왕 족발 24시CESCO",
  "permalink": "",
  "username": "asdfg",
  "text": "먹을만하네요 잘먹었습니다",
  "date": "Mon Dec 10 23:59:44 +0000 2018",
  "retweets": "30",
  "favorites": "20",
  "mentions": [],
  "hashtags": [],
  "geo": ""
},{
  "id": "장수 왕 족발 24시CESCO",
  "permalink": "",
  "username": "asdfg",
  "text": "너무맛있게 잘먹었습니다 :) ",
  "date": "Mon Dec 10 23:59:44 +0000 2018",
  "retweets": "30",
  "favorites": "20",
  "mentions": [],
  "hashtags": [],
  "geo": ""
},{
  "id": "장수 왕 족발 24시CESCO",
  "permalink": "",
  "username": "asdfg",
  "text": "중자 이리 양이 적은곳은 처음 ㅜ아주 얇은윗장 몆개 빼고 밑은 뼈ㅠ정식당 이었네요  족발 종종 시켜먹는데 배탈 난곳 리뷰도 안썼는데 처음 써보네요",
  "date": "Mon Dec 10 23:59:44 +0000 2018",
  "retweets": "30",
  "favorites": "20",
  "mentions": [],
  "hashtags": [],
  "geo": ""
},{
  "id": "장수 왕 족발 24시CESCO",
  "permalink": "",
  "username": "asdfg",
  "text": "완전 맛있었어요~!!",
  "date": "Mon Dec 10 23:59:44 +0000 2018",
  "retweets": "30",
  "favorites": "20",
  "mentions": [],
  "hashtags": [],
  "geo": ""
},{
  "id": "장수 왕 족발 24시CESCO",
  "permalink": "",
  "username": "asdfg",
  "text": "따뜻하게와서좋네요ㅇㅇㅇ",
  "date": "Mon Dec 10 23:59:44 +0000 2018",
  "retweets": "30",
  "favorites": "20",
  "mentions": [],
  "hashtags": [],
  "geo": ""
}]