[{
  "id": "고려한방족발",
  "permalink": "",
  "username": "asdfg",
  "text": "잡내없이 맛있는 족발 굿입니다",
  "date": "Mon Dec 10 23:59:44 +0000 2018",
  "retweets": "30",
  "favorites": "20",
  "mentions": [],
  "hashtags": [],
  "geo": ""
},{
  "id": "고려한방족발",
  "permalink": "",
  "username": "asdfg",
  "text": "역시 족발이 짱임요 ㅋㅋㅋ",
  "date": "Mon Dec 10 23:59:44 +0000 2018",
  "retweets": "30",
  "favorites": "20",
  "mentions": [],
  "hashtags": [],
  "geo": ""
}]