[{
  "id": "이가족발",
  "permalink": "",
  "username": "asdfg",
  "text": "맛있어서 자주 시켜먹는 족발보쌈집, 숯불보쌈 소스가 맛있어요",
  "date": "Mon Dec 10 23:59:44 +0000 2018",
  "retweets": "30",
  "favorites": "20",
  "mentions": [],
  "hashtags": [],
  "geo": ""
},{
  "id": "이가족발",
  "permalink": "",
  "username": "asdfg",
  "text": "여기 전에 맛있게먹고 두번째에 글 쓰네요. 지금까지 주문한 곳 중 제일 서비스 좋았어요. 양도 많아 다 못먹을뻔 ㅠ",
  "date": "Mon Dec 10 23:59:44 +0000 2018",
  "retweets": "30",
  "favorites": "20",
  "mentions": [],
  "hashtags": [],
  "geo": ""
},{
  "id": "이가족발",
  "permalink": "",
  "username": "asdfg",
  "text": "나주곰탕 \n완젼완젼맛나요~^^\n\n곰탕이너무먹구싶어서\n어디서시킬까..\n족발집서\n설마 괜찮을까..\n했는데\n\n진짜!\n맛있다는^^\n\n같이보내주신반찬\n\n콩나물무침,김치,양파짱아찌\n다다맛있옹ㅋ\n\n글구전화받으셨던\n아주머니~~^^\n너무친절하세요~^^\n\n\n곰탕은앞으로여기서먹는걸로~!",
  "date": "Mon Dec 10 23:59:44 +0000 2018",
  "retweets": "30",
  "favorites": "20",
  "mentions": [],
  "hashtags": [],
  "geo": ""
},{
  "id": "이가족발",
  "permalink": "",
  "username": "asdfg",
  "text": "첨 시켜봤는데... 괜찮네요~\n전화도 친절히 받아주시고~서비스 불족발도 생각보다 푸짐해서 깜놀~\n근데 숯불보쌈은 반은 매운 소스가 뿌려있어서 애들이 반밖에 못먹었네요~알았다면 따로 요청 드렸을텐데요~\n고추가 무지 매웠던것 빼곤... 맛나게 잘 먹었습니다.\n",
  "date": "Mon Dec 10 23:59:44 +0000 2018",
  "retweets": "30",
  "favorites": "20",
  "mentions": [],
  "hashtags": [],
  "geo": ""
},{
  "id": "이가족발",
  "permalink": "",
  "username": "asdfg",
  "text": "맛있어요.싸비스로불족발줌",
  "date": "Mon Dec 10 23:59:44 +0000 2018",
  "retweets": "30",
  "favorites": "20",
  "mentions": [],
  "hashtags": [],
  "geo": ""
},{
  "id": "이가족발",
  "permalink": "",
  "username": "asdfg",
  "text": "배달도빠르고.서비스로불족발맛나요.",
  "date": "Mon Dec 10 23:59:44 +0000 2018",
  "retweets": "30",
  "favorites": "20",
  "mentions": [],
  "hashtags": [],
  "geo": ""
},{
  "id": "이가족발",
  "permalink": "",
  "username": "asdfg",
  "text": "음식이넘맛나요.싸비스로오는불족발이넘맛나요.      ",
  "date": "Mon Dec 10 23:59:44 +0000 2018",
  "retweets": "30",
  "favorites": "20",
  "mentions": [],
  "hashtags": [],
  "geo": ""
},{
  "id": "이가족발",
  "permalink": "",
  "username": "asdfg",
  "text": "족발맛이 쫀득쫀득 한게 씹히는식감 최고! 짱~ 내입맛에는 넘좋아요^^",
  "date": "Mon Dec 10 23:59:44 +0000 2018",
  "retweets": "30",
  "favorites": "20",
  "mentions": [],
  "hashtags": [],
  "geo": ""
}]