[{
  "id": "장군숯불족발보쌈",
  "permalink": "",
  "username": "asdfg",
  "text": "양도 많고 친구랑 맛있게 먹었습니다 ㅎㅎ 담번에도 또 시켜먹을게요 ㅎㅎ",
  "date": "Mon Dec 10 23:59:44 +0000 2018",
  "retweets": "30",
  "favorites": "20",
  "mentions": [],
  "hashtags": [],
  "geo": ""
},{
  "id": "장군숯불족발보쌈",
  "permalink": "",
  "username": "asdfg",
  "text": "맛은평타..\n비계가 너무많음..ㅜㅜ",
  "date": "Mon Dec 10 23:59:44 +0000 2018",
  "retweets": "30",
  "favorites": "20",
  "mentions": [],
  "hashtags": [],
  "geo": ""
},{
  "id": "장군숯불족발보쌈",
  "permalink": "",
  "username": "asdfg",
  "text": "넘잘먹었어요\n양도많고 보쌈김치랑 무생채..정말 강추있니다\n생굴도오구 부모님 넘 좋아하셨음\n시켜먹는거 싫어하는 엄마도 김치 칭찬칭찬\n담에 또시켜먹을께욥",
  "date": "Mon Dec 10 23:59:44 +0000 2018",
  "retweets": "30",
  "favorites": "20",
  "mentions": [],
  "hashtags": [],
  "geo": ""
},{
  "id": "장군숯불족발보쌈",
  "permalink": "",
  "username": "asdfg",
  "text": "진짜맛있어용 3명이 배터지게먹었어요 굿굿 사이드가 다 맛나고 양도 푸짐하네요 또 시켜먹을게요",
  "date": "Mon Dec 10 23:59:44 +0000 2018",
  "retweets": "30",
  "favorites": "20",
  "mentions": [],
  "hashtags": [],
  "geo": ""
},{
  "id": "장군숯불족발보쌈",
  "permalink": "",
  "username": "asdfg",
  "text": "석계에서 족발은 여기서만 시켜요ㅎㅎ오래된 곳은 이유가 있는 것 같아요 JMT~~",
  "date": "Mon Dec 10 23:59:44 +0000 2018",
  "retweets": "30",
  "favorites": "20",
  "mentions": [],
  "hashtags": [],
  "geo": ""
},{
  "id": "장군숯불족발보쌈",
  "permalink": "",
  "username": "asdfg",
  "text": "동네에 이름났다한 체인점 족발집들 많지만\n장군족발이 최고네요\n매장에서만 먹다가 아기가 자는바람에 배달시켰는데\n정성가득 배달이 아쉽지않게 푸짐하게 왔습니다\n사장님 인심과 마음이 느껴져서 엄지척 저절로하게되네요\n샐러드랑 부추무침 보쌈김치에 굴까지 정말 넉넉하게주셨습니다\n맛있는것과 더불어 푸짐해서 더욱 사랑합니다 장군족발",
  "date": "Mon Dec 10 23:59:44 +0000 2018",
  "retweets": "30",
  "favorites": "20",
  "mentions": [],
  "hashtags": [],
  "geo": ""
},{
  "id": "장군숯불족발보쌈",
  "permalink": "",
  "username": "asdfg",
  "text": "맛있어서 재주문했는데 요번엔 좀 까만색 이 너무 많아 별 두개 뺌",
  "date": "Mon Dec 10 23:59:44 +0000 2018",
  "retweets": "30",
  "favorites": "20",
  "mentions": [],
  "hashtags": [],
  "geo": ""
},{
  "id": "장군숯불족발보쌈",
  "permalink": "",
  "username": "asdfg",
  "text": "배달속도에 놀라고\n깔끔한 포장에 놀라고\n맛과양에 기절~~\n정말 잘먹었습니다",
  "date": "Mon Dec 10 23:59:44 +0000 2018",
  "retweets": "30",
  "favorites": "20",
  "mentions": [],
  "hashtags": [],
  "geo": ""
},{
  "id": "장군숯불족발보쌈",
  "permalink": "",
  "username": "asdfg",
  "text": "금방 오고 양도 많고 좋았어요",
  "date": "Mon Dec 10 23:59:44 +0000 2018",
  "retweets": "30",
  "favorites": "20",
  "mentions": [],
  "hashtags": [],
  "geo": ""
},{
  "id": "장군숯불족발보쌈",
  "permalink": "",
  "username": "asdfg",
  "text": "우와 처음 배달앱으로 결제했는데요 진짜진짜 신세계에요 찾아보기 귀찮았는데 요기요결제 추천에떠서 구매했거든요! 삼십분만에 오고 양도 엄청 푸짐하고 샐러드랑 반찬 막국수까지 너무 맛있었어요! 어버이날이라 야식으로 주문했는데 뿌듯하고 기분 좋아요!! 재주문 의사 100%에요 다음에는 막국스 소스 넉넉하게 달라고하면 더 맛있을 것같아요ㅎㅎ 많이많이 파세요! 감사합니당",
  "date": "Mon Dec 10 23:59:44 +0000 2018",
  "retweets": "30",
  "favorites": "20",
  "mentions": [],
  "hashtags": [],
  "geo": ""
}]