[{
  "id": "호세야오리바베큐 선릉점",
  "permalink": "",
  "username": "asdfg",
  "text": "오랜만에 먹었는데 역시 최고!!!",
  "date": "Mon Dec 10 23:59:44 +0000 2018",
  "retweets": "30",
  "favorites": "20",
  "mentions": [],
  "hashtags": [],
  "geo": ""
},{
  "id": "호세야오리바베큐 선릉점",
  "permalink": "",
  "username": "asdfg",
  "text": "맛있게 잘 먹었습니다 ㅅㅅㅅㅅ",
  "date": "Mon Dec 10 23:59:44 +0000 2018",
  "retweets": "30",
  "favorites": "20",
  "mentions": [],
  "hashtags": [],
  "geo": ""
},{
  "id": "호세야오리바베큐 선릉점",
  "permalink": "",
  "username": "asdfg",
  "text": "양도많고 맛있어요 ㅎㅎ~~",
  "date": "Mon Dec 10 23:59:44 +0000 2018",
  "retweets": "30",
  "favorites": "20",
  "mentions": [],
  "hashtags": [],
  "geo": ""
},{
  "id": "호세야오리바베큐 선릉점",
  "permalink": "",
  "username": "asdfg",
  "text": "맛있네욯ㅎㅎㅎㅎㅎㅅㅎ",
  "date": "Mon Dec 10 23:59:44 +0000 2018",
  "retweets": "30",
  "favorites": "20",
  "mentions": [],
  "hashtags": [],
  "geo": ""
},{
  "id": "호세야오리바베큐 선릉점",
  "permalink": "",
  "username": "asdfg",
  "text": "자주 시켜 먹는 오리고기집 여기가 제일 맛있고 잘 해주줘서ㅜ좋어요",
  "date": "Mon Dec 10 23:59:44 +0000 2018",
  "retweets": "30",
  "favorites": "20",
  "mentions": [],
  "hashtags": [],
  "geo": ""
},{
  "id": "호세야오리바베큐 선릉점",
  "permalink": "",
  "username": "asdfg",
  "text": "언제나 맛있어여 담엔 삼겹살만 먹어봐야딩",
  "date": "Mon Dec 10 23:59:44 +0000 2018",
  "retweets": "30",
  "favorites": "20",
  "mentions": [],
  "hashtags": [],
  "geo": ""
},{
  "id": "호세야오리바베큐 선릉점",
  "permalink": "",
  "username": "asdfg",
  "text": "맛잇어용 무쌈많이많이 주세요 맨날맨날",
  "date": "Mon Dec 10 23:59:44 +0000 2018",
  "retweets": "30",
  "favorites": "20",
  "mentions": [],
  "hashtags": [],
  "geo": ""
},{
  "id": "호세야오리바베큐 선릉점",
  "permalink": "",
  "username": "asdfg",
  "text": "포장도 깔끔. 맛도좋아요~~!! 묵은지 맛있어여",
  "date": "Mon Dec 10 23:59:44 +0000 2018",
  "retweets": "30",
  "favorites": "20",
  "mentions": [],
  "hashtags": [],
  "geo": ""
},{
  "id": "호세야오리바베큐 선릉점",
  "permalink": "",
  "username": "asdfg",
  "text": "맛있는부분 반 퍽퍽한부분 반굿굿 양도많고 좋음",
  "date": "Mon Dec 10 23:59:44 +0000 2018",
  "retweets": "30",
  "favorites": "20",
  "mentions": [],
  "hashtags": [],
  "geo": ""
},{
  "id": "호세야오리바베큐 선릉점",
  "permalink": "",
  "username": "asdfg",
  "text": "항상 맛있어서 자주먹는데 배달이 조금 늦어요ㅋㅋㅋ그치만 오늘 퇴근길이 많이 밀리더라구요 이해합니다",
  "date": "Mon Dec 10 23:59:44 +0000 2018",
  "retweets": "30",
  "favorites": "20",
  "mentions": [],
  "hashtags": [],
  "geo": ""
}]