[{
  "id": "남대문황금족발-공릉점",
  "permalink": "",
  "username": "asdfg",
  "text": "나쁘지 않네요\n2인 먹기 좋은량",
  "date": "Mon Dec 10 23:59:44 +0000 2018",
  "retweets": "30",
  "favorites": "20",
  "mentions": [],
  "hashtags": [],
  "geo": ""
},{
  "id": "남대문황금족발-공릉점",
  "permalink": "",
  "username": "asdfg",
  "text": "맛있게 먹었습니다..",
  "date": "Mon Dec 10 23:59:44 +0000 2018",
  "retweets": "30",
  "favorites": "20",
  "mentions": [],
  "hashtags": [],
  "geo": ""
},{
  "id": "남대문황금족발-공릉점",
  "permalink": "",
  "username": "asdfg",
  "text": "맛있게 잘  먹었어요~",
  "date": "Mon Dec 10 23:59:44 +0000 2018",
  "retweets": "30",
  "favorites": "20",
  "mentions": [],
  "hashtags": [],
  "geo": ""
},{
  "id": "남대문황금족발-공릉점",
  "permalink": "",
  "username": "asdfg",
  "text": "우선 배달 빠르게 와서 굿!!  배고픈데 다행이었어요\n비주얼은 맛나보였어요. 군침돌정도로ㅋㅋ\n족발 중짜리 시켰는데 3명이서 어린이포함 양도 많고 맛도 괜찮아서 맛나게 먹었어요~~",
  "date": "Mon Dec 10 23:59:44 +0000 2018",
  "retweets": "30",
  "favorites": "20",
  "mentions": [],
  "hashtags": [],
  "geo": ""
},{
  "id": "남대문황금족발-공릉점",
  "permalink": "",
  "username": "asdfg",
  "text": "맛이솔직히너무없네요.",
  "date": "Mon Dec 10 23:59:44 +0000 2018",
  "retweets": "30",
  "favorites": "20",
  "mentions": [],
  "hashtags": [],
  "geo": ""
},{
  "id": "남대문황금족발-공릉점",
  "permalink": "",
  "username": "asdfg",
  "text": "시며먹은곳중 맛있네요~",
  "date": "Mon Dec 10 23:59:44 +0000 2018",
  "retweets": "30",
  "favorites": "20",
  "mentions": [],
  "hashtags": [],
  "geo": ""
}]