[{
  "id": "가장맛있는족발-봉화산역점",
  "permalink": "",
  "username": "asdfg",
  "text": "항상맛잇음 굿굿굿굿굿",
  "date": "Mon Dec 10 23:59:44 +0000 2018",
  "retweets": "30",
  "favorites": "20",
  "mentions": [],
  "hashtags": [],
  "geo": ""
},{
  "id": "가장맛있는족발-봉화산역점",
  "permalink": "",
  "username": "asdfg",
  "text": "다른 지점이랑 비교가 안될 정도로 맛있어요!!\n배 부를때 먹은건데도 너무 맛있어서 놀랬어요 ㅎㅎ\n이제 족발은 이곳에서만 먹어야겠어요 ㅎ",
  "date": "Mon Dec 10 23:59:44 +0000 2018",
  "retweets": "30",
  "favorites": "20",
  "mentions": [],
  "hashtags": [],
  "geo": ""
},{
  "id": "가장맛있는족발-봉화산역점",
  "permalink": "",
  "username": "asdfg",
  "text": "2살애기랑 같이 먹으려고 반반족발 주문해써요^^\n애기가 잘먹네요 많이파세요~",
  "date": "Mon Dec 10 23:59:44 +0000 2018",
  "retweets": "30",
  "favorites": "20",
  "mentions": [],
  "hashtags": [],
  "geo": ""
},{
  "id": "가장맛있는족발-봉화산역점",
  "permalink": "",
  "username": "asdfg",
  "text": "맛있고 빠르고 괜찮아요.",
  "date": "Mon Dec 10 23:59:44 +0000 2018",
  "retweets": "30",
  "favorites": "20",
  "mentions": [],
  "hashtags": [],
  "geo": ""
},{
  "id": "가장맛있는족발-봉화산역점",
  "permalink": "",
  "username": "asdfg",
  "text": "정말 맛있게 잘먹었어요~가족들끼리 즐거운 저녁이 되었네요. ㅎㅎ",
  "date": "Mon Dec 10 23:59:44 +0000 2018",
  "retweets": "30",
  "favorites": "20",
  "mentions": [],
  "hashtags": [],
  "geo": ""
},{
  "id": "가장맛있는족발-봉화산역점",
  "permalink": "",
  "username": "asdfg",
  "text": "역시족발은가족입니당♥잡내도없고 너무맛있네여~~",
  "date": "Mon Dec 10 23:59:44 +0000 2018",
  "retweets": "30",
  "favorites": "20",
  "mentions": [],
  "hashtags": [],
  "geo": ""
},{
  "id": "가장맛있는족발-봉화산역점",
  "permalink": "",
  "username": "asdfg",
  "text": "정신없이 먹었어요 겉절이 훌륭한데\n급해서 양념소스가 많이들어갔나보네요 좀짰어요\n겉절이 양좀늘려주세요\n고추 마늘도요\n그럼 미친듯 먹을거같아요",
  "date": "Mon Dec 10 23:59:44 +0000 2018",
  "retweets": "30",
  "favorites": "20",
  "mentions": [],
  "hashtags": [],
  "geo": ""
},{
  "id": "가장맛있는족발-봉화산역점",
  "permalink": "",
  "username": "asdfg",
  "text": "두번째 시켜 먹는건데 맛나게 잘 먹었어요~",
  "date": "Mon Dec 10 23:59:44 +0000 2018",
  "retweets": "30",
  "favorites": "20",
  "mentions": [],
  "hashtags": [],
  "geo": ""
}]