[{
  "id": "미스터보쌈 선릉역점",
  "permalink": "",
  "username": "asdfg",
  "text": "맛있어요 ㅎㅎ 고기양이 쪼끔 아쉽지만",
  "date": "Mon Dec 10 23:59:44 +0000 2018",
  "retweets": "30",
  "favorites": "20",
  "mentions": [],
  "hashtags": [],
  "geo": ""
},{
  "id": "미스터보쌈 선릉역점",
  "permalink": "",
  "username": "asdfg",
  "text": "보쌈은 바베큐보단 미스터보쌈이더맛있네요둘이먹었는데 둘다 공감~! ",
  "date": "Mon Dec 10 23:59:44 +0000 2018",
  "retweets": "30",
  "favorites": "20",
  "mentions": [],
  "hashtags": [],
  "geo": ""
},{
  "id": "미스터보쌈 선릉역점",
  "permalink": "",
  "username": "asdfg",
  "text": "맛있게 잘먹었습니다양도 많아서 좋아요 ㅋㅋㅋ배달해주시는 분도 친절하게 해주셨어요다음에 또 주문할게요 ㅋㅋㅋ",
  "date": "Mon Dec 10 23:59:44 +0000 2018",
  "retweets": "30",
  "favorites": "20",
  "mentions": [],
  "hashtags": [],
  "geo": ""
},{
  "id": "미스터보쌈 선릉역점",
  "permalink": "",
  "username": "asdfg",
  "text": "ㄱㄷㄱㄷ마이뜸ㄱㄷㄱ",
  "date": "Mon Dec 10 23:59:44 +0000 2018",
  "retweets": "30",
  "favorites": "20",
  "mentions": [],
  "hashtags": [],
  "geo": ""
},{
  "id": "미스터보쌈 선릉역점",
  "permalink": "",
  "username": "asdfg",
  "text": "보쌈 양은 괜찮았으나 모텔에서 시킨건데 젓가락을 안주셔서ㅜㅜ................ ",
  "date": "Mon Dec 10 23:59:44 +0000 2018",
  "retweets": "30",
  "favorites": "20",
  "mentions": [],
  "hashtags": [],
  "geo": ""
},{
  "id": "미스터보쌈 선릉역점",
  "permalink": "",
  "username": "asdfg",
  "text": "맛있게 잘먹었어요 근데 막국수 소스가 조금 시큼 했네요..",
  "date": "Mon Dec 10 23:59:44 +0000 2018",
  "retweets": "30",
  "favorites": "20",
  "mentions": [],
  "hashtags": [],
  "geo": ""
},{
  "id": "미스터보쌈 선릉역점",
  "permalink": "",
  "username": "asdfg",
  "text": "맛도 맛있고 깔끔하게 오네요",
  "date": "Mon Dec 10 23:59:44 +0000 2018",
  "retweets": "30",
  "favorites": "20",
  "mentions": [],
  "hashtags": [],
  "geo": ""
},{
  "id": "미스터보쌈 선릉역점",
  "permalink": "",
  "username": "asdfg",
  "text": "맛있어요. 늘 시켜먹어요",
  "date": "Mon Dec 10 23:59:44 +0000 2018",
  "retweets": "30",
  "favorites": "20",
  "mentions": [],
  "hashtags": [],
  "geo": ""
},{
  "id": "미스터보쌈 선릉역점",
  "permalink": "",
  "username": "asdfg",
  "text": "항상 맛있데 먹고 있어요 ㅎ 휴",
  "date": "Mon Dec 10 23:59:44 +0000 2018",
  "retweets": "30",
  "favorites": "20",
  "mentions": [],
  "hashtags": [],
  "geo": ""
},{
  "id": "미스터보쌈 선릉역점",
  "permalink": "",
  "username": "asdfg",
  "text": "배달도 빠르고 서비스주신 사이다도 맛있게 잘먹었어요",
  "date": "Mon Dec 10 23:59:44 +0000 2018",
  "retweets": "30",
  "favorites": "20",
  "mentions": [],
  "hashtags": [],
  "geo": ""
}]