[{
  "id": "마님보쌈",
  "permalink": "",
  "username": "asdfg",
  "text": "..............오늘 처음 시켜 먹어봤는데...뜯자마자 ㅠㅠ  고추는 상한거 오고요 ㅠㅠ마늘에는... 재탕한건지 ㅠㅠ 묻어잇구여...",
  "date": "Mon Dec 10 23:59:44 +0000 2018",
  "retweets": "30",
  "favorites": "20",
  "mentions": [],
  "hashtags": [],
  "geo": ""
},{
  "id": "마님보쌈",
  "permalink": "",
  "username": "asdfg",
  "text": "양이 좋네요~근데 막국수 양념이 너무 새콤했어요",
  "date": "Mon Dec 10 23:59:44 +0000 2018",
  "retweets": "30",
  "favorites": "20",
  "mentions": [],
  "hashtags": [],
  "geo": ""
},{
  "id": "마님보쌈",
  "permalink": "",
  "username": "asdfg",
  "text": "쿠폰이 이번에도 안왔어요. ",
  "date": "Mon Dec 10 23:59:44 +0000 2018",
  "retweets": "30",
  "favorites": "20",
  "mentions": [],
  "hashtags": [],
  "geo": ""
},{
  "id": "마님보쌈",
  "permalink": "",
  "username": "asdfg",
  "text": "보쌈 맛있어요 양도 은근 많네요",
  "date": "Mon Dec 10 23:59:44 +0000 2018",
  "retweets": "30",
  "favorites": "20",
  "mentions": [],
  "hashtags": [],
  "geo": ""
},{
  "id": "마님보쌈",
  "permalink": "",
  "username": "asdfg",
  "text": "맛있어서 항상 시켜먹는 집이예요 양도 많고 좋아요요번에 시켰을때 쿠폰이 안왔는데 없어졌나요 ㅠㅠ열심히 모으는 중이었는데 ㅡㅡ",
  "date": "Mon Dec 10 23:59:44 +0000 2018",
  "retweets": "30",
  "favorites": "20",
  "mentions": [],
  "hashtags": [],
  "geo": ""
},{
  "id": "마님보쌈",
  "permalink": "",
  "username": "asdfg",
  "text": "맛있게 잘 먹었습니다. 소스도 충분히 왔구요.",
  "date": "Mon Dec 10 23:59:44 +0000 2018",
  "retweets": "30",
  "favorites": "20",
  "mentions": [],
  "hashtags": [],
  "geo": ""
},{
  "id": "마님보쌈",
  "permalink": "",
  "username": "asdfg",
  "text": "항상 깔끔하고 맛있습니다.",
  "date": "Mon Dec 10 23:59:44 +0000 2018",
  "retweets": "30",
  "favorites": "20",
  "mentions": [],
  "hashtags": [],
  "geo": ""
},{
  "id": "마님보쌈",
  "permalink": "",
  "username": "asdfg",
  "text": "마님보쌈 잘먹었습니다",
  "date": "Mon Dec 10 23:59:44 +0000 2018",
  "retweets": "30",
  "favorites": "20",
  "mentions": [],
  "hashtags": [],
  "geo": ""
},{
  "id": "마님보쌈",
  "permalink": "",
  "username": "asdfg",
  "text": "보쌈시켰는데 양도많고 고기맛은 괜찮아요\n날이 더워서 그런지 상추가 썩어있는게 아쉽네요\n상추는 다버림ㅜ",
  "date": "Mon Dec 10 23:59:44 +0000 2018",
  "retweets": "30",
  "favorites": "20",
  "mentions": [],
  "hashtags": [],
  "geo": ""
},{
  "id": "마님보쌈",
  "permalink": "",
  "username": "asdfg",
  "text": "메뉴가 다른게 와서 조금 불만이었지만, 맛있게 잘 먹었습니다.",
  "date": "Mon Dec 10 23:59:44 +0000 2018",
  "retweets": "30",
  "favorites": "20",
  "mentions": [],
  "hashtags": [],
  "geo": ""
}]