[{
  "id": "놀부보쌈과돌솥밥 서초점CESCO",
  "permalink": "",
  "username": "asdfg",
  "text": "주문하려다 짜증나서 취소했어요\n도시락 2개부터가 아니라\n1종류당 2인분 주문가능\n즉 1가지씩 2개 주문 안 됨\n카드결재도 안 됩니다",
  "date": "Mon Dec 10 23:59:44 +0000 2018",
  "retweets": "30",
  "favorites": "20",
  "mentions": [],
  "hashtags": [],
  "geo": ""
},{
  "id": "놀부보쌈과돌솥밥 서초점CESCO",
  "permalink": "",
  "username": "asdfg",
  "text": "맛있어요 ㅎㅎㅎㅎㅎㅎ",
  "date": "Mon Dec 10 23:59:44 +0000 2018",
  "retweets": "30",
  "favorites": "20",
  "mentions": [],
  "hashtags": [],
  "geo": ""
}]