[{
  "id": "24시 매일 불족발 1인보쌈 땡초불닭CESCO",
  "permalink": "",
  "username": "asdfg",
  "text": "굿굿굿굿굿굿굿굿굿굿굿",
  "date": "Mon Dec 10 23:59:44 +0000 2018",
  "retweets": "30",
  "favorites": "20",
  "mentions": [],
  "hashtags": [],
  "geo": ""
},{
  "id": "24시 매일 불족발 1인보쌈 땡초불닭CESCO",
  "permalink": "",
  "username": "asdfg",
  "text": "맛있게 먹음 요청사항은 안보시는듯",
  "date": "Mon Dec 10 23:59:44 +0000 2018",
  "retweets": "30",
  "favorites": "20",
  "mentions": [],
  "hashtags": [],
  "geo": ""
},{
  "id": "24시 매일 불족발 1인보쌈 땡초불닭CESCO",
  "permalink": "",
  "username": "asdfg",
  "text": "맛있게 잘먹었습니다. 또시켜먹을게요",
  "date": "Mon Dec 10 23:59:44 +0000 2018",
  "retweets": "30",
  "favorites": "20",
  "mentions": [],
  "hashtags": [],
  "geo": ""
},{
  "id": "24시 매일 불족발 1인보쌈 땡초불닭CESCO",
  "permalink": "",
  "username": "asdfg",
  "text": "항상 찾는 집입니다.잘 먹었어요 ㅋ",
  "date": "Mon Dec 10 23:59:44 +0000 2018",
  "retweets": "30",
  "favorites": "20",
  "mentions": [],
  "hashtags": [],
  "geo": ""
},{
  "id": "24시 매일 불족발 1인보쌈 땡초불닭CESCO",
  "permalink": "",
  "username": "asdfg",
  "text": "간단하게 먹읉때에는 항상 이집을 찾습니다.잘 먹었어요.",
  "date": "Mon Dec 10 23:59:44 +0000 2018",
  "retweets": "30",
  "favorites": "20",
  "mentions": [],
  "hashtags": [],
  "geo": ""
},{
  "id": "24시 매일 불족발 1인보쌈 땡초불닭CESCO",
  "permalink": "",
  "username": "asdfg",
  "text": "1인 족발!!!나혼자산다 보면서 족발나오길래 너무 먹고싶어 주문했어용!ㅎㅎ 맛있네요:)족발자체가 조금..짠거말고는..ㅜㅜㅜ좋아요!!",
  "date": "Mon Dec 10 23:59:44 +0000 2018",
  "retweets": "30",
  "favorites": "20",
  "mentions": [],
  "hashtags": [],
  "geo": ""
},{
  "id": "24시 매일 불족발 1인보쌈 땡초불닭CESCO",
  "permalink": "",
  "username": "asdfg",
  "text": "자주먹긴하는구나ㅋㅋㅋㅋㅋ",
  "date": "Mon Dec 10 23:59:44 +0000 2018",
  "retweets": "30",
  "favorites": "20",
  "mentions": [],
  "hashtags": [],
  "geo": ""
},{
  "id": "24시 매일 불족발 1인보쌈 땡초불닭CESCO",
  "permalink": "",
  "username": "asdfg",
  "text": "동태탕ㅅㅅㅅㅅㅅㅅㅅㅅ",
  "date": "Mon Dec 10 23:59:44 +0000 2018",
  "retweets": "30",
  "favorites": "20",
  "mentions": [],
  "hashtags": [],
  "geo": ""
},{
  "id": "24시 매일 불족발 1인보쌈 땡초불닭CESCO",
  "permalink": "",
  "username": "asdfg",
  "text": "항상 멋있게 잘먹고있어요",
  "date": "Mon Dec 10 23:59:44 +0000 2018",
  "retweets": "30",
  "favorites": "20",
  "mentions": [],
  "hashtags": [],
  "geo": ""
},{
  "id": "24시 매일 불족발 1인보쌈 땡초불닭CESCO",
  "permalink": "",
  "username": "asdfg",
  "text": "역시 보쌈은 이곳!",
  "date": "Mon Dec 10 23:59:44 +0000 2018",
  "retweets": "30",
  "favorites": "20",
  "mentions": [],
  "hashtags": [],
  "geo": ""
}]