[{
  "id": "가장맛있는족발 선정릉점",
  "permalink": "",
  "username": "asdfg",
  "text": "잘묵었어요~ 담에 또 시킬께요",
  "date": "Mon Dec 10 23:59:44 +0000 2018",
  "retweets": "30",
  "favorites": "20",
  "mentions": [],
  "hashtags": [],
  "geo": ""
},{
  "id": "가장맛있는족발 선정릉점",
  "permalink": "",
  "username": "asdfg",
  "text": "항상맛있긴한데 마지막에 짧은 눈썹같은털이..돼지털인지..",
  "date": "Mon Dec 10 23:59:44 +0000 2018",
  "retweets": "30",
  "favorites": "20",
  "mentions": [],
  "hashtags": [],
  "geo": ""
},{
  "id": "가장맛있는족발 선정릉점",
  "permalink": "",
  "username": "asdfg",
  "text": "너무 맛있었어요!~~가족은 워낙 다 평균이상이지만 선정릉점 다섯손가락 안에 꼽을만큼 배달도 빠르고 너무 좋네용!! 방금 또 주문 했어요 ㅎㅎㅎ",
  "date": "Mon Dec 10 23:59:44 +0000 2018",
  "retweets": "30",
  "favorites": "20",
  "mentions": [],
  "hashtags": [],
  "geo": ""
},{
  "id": "가장맛있는족발 선정릉점",
  "permalink": "",
  "username": "asdfg",
  "text": "현금 결제하면 막국수 서비스 감사용",
  "date": "Mon Dec 10 23:59:44 +0000 2018",
  "retweets": "30",
  "favorites": "20",
  "mentions": [],
  "hashtags": [],
  "geo": ""
},{
  "id": "가장맛있는족발 선정릉점",
  "permalink": "",
  "username": "asdfg",
  "text": "진짜맛있어요! .잘먹엇습니다",
  "date": "Mon Dec 10 23:59:44 +0000 2018",
  "retweets": "30",
  "favorites": "20",
  "mentions": [],
  "hashtags": [],
  "geo": ""
},{
  "id": "가장맛있는족발 선정릉점",
  "permalink": "",
  "username": "asdfg",
  "text": "많이시켜서 써비스 주시고 할줄 알았는데ㅠㅜ7만얼마치 시켯는데 야박하시네요 막국수 안주시고 그래도 보쌈족발 다 넘 맛있긴하네요",
  "date": "Mon Dec 10 23:59:44 +0000 2018",
  "retweets": "30",
  "favorites": "20",
  "mentions": [],
  "hashtags": [],
  "geo": ""
},{
  "id": "가장맛있는족발 선정릉점",
  "permalink": "",
  "username": "asdfg",
  "text": "오늘도  맛있게  잘  먹었습니다  !!",
  "date": "Mon Dec 10 23:59:44 +0000 2018",
  "retweets": "30",
  "favorites": "20",
  "mentions": [],
  "hashtags": [],
  "geo": ""
},{
  "id": "가장맛있는족발 선정릉점",
  "permalink": "",
  "username": "asdfg",
  "text": "맛있어요 ~~~~~~~",
  "date": "Mon Dec 10 23:59:44 +0000 2018",
  "retweets": "30",
  "favorites": "20",
  "mentions": [],
  "hashtags": [],
  "geo": ""
},{
  "id": "가장맛있는족발 선정릉점",
  "permalink": "",
  "username": "asdfg",
  "text": "족발은 괜찮은데 보쌈은 별루네요 술국은정말맛있어요",
  "date": "Mon Dec 10 23:59:44 +0000 2018",
  "retweets": "30",
  "favorites": "20",
  "mentions": [],
  "hashtags": [],
  "geo": ""
},{
  "id": "가장맛있는족발 선정릉점",
  "permalink": "",
  "username": "asdfg",
  "text": "이번엔 고기가 너무 질기고 껍데기 밖에 안와서 완전 실망했어요~맨날 반반만 시키다가 불족발만 처음으로 시켜봤는데.ㅠㅠ 너무 했음요~",
  "date": "Mon Dec 10 23:59:44 +0000 2018",
  "retweets": "30",
  "favorites": "20",
  "mentions": [],
  "hashtags": [],
  "geo": ""
}]