[{
  "id": "마왕족발CESCO",
  "permalink": "",
  "username": "asdfg",
  "text": "굿굿굿굿~~~~~~~~~~",
  "date": "Mon Dec 10 23:59:44 +0000 2018",
  "retweets": "30",
  "favorites": "20",
  "mentions": [],
  "hashtags": [],
  "geo": ""
},{
  "id": "마왕족발CESCO",
  "permalink": "",
  "username": "asdfg",
  "text": "맛있어요 잡내안나욜 부들부들 쫄깃쫄깃",
  "date": "Mon Dec 10 23:59:44 +0000 2018",
  "retweets": "30",
  "favorites": "20",
  "mentions": [],
  "hashtags": [],
  "geo": ""
},{
  "id": "마왕족발CESCO",
  "permalink": "",
  "username": "asdfg",
  "text": "냄새가 너무나서 못머겠어요ㅜㅜ",
  "date": "Mon Dec 10 23:59:44 +0000 2018",
  "retweets": "30",
  "favorites": "20",
  "mentions": [],
  "hashtags": [],
  "geo": ""
},{
  "id": "마왕족발CESCO",
  "permalink": "",
  "username": "asdfg",
  "text": "정말 뜯는거 좋아하시면 이거드면 돼요 대신 고기가 적어요",
  "date": "Mon Dec 10 23:59:44 +0000 2018",
  "retweets": "30",
  "favorites": "20",
  "mentions": [],
  "hashtags": [],
  "geo": ""
},{
  "id": "마왕족발CESCO",
  "permalink": "",
  "username": "asdfg",
  "text": "맛있어요~~ 전에 당면 없었던거 같은데 당면이 들어있네요. 너무 좋아용",
  "date": "Mon Dec 10 23:59:44 +0000 2018",
  "retweets": "30",
  "favorites": "20",
  "mentions": [],
  "hashtags": [],
  "geo": ""
},{
  "id": "마왕족발CESCO",
  "permalink": "",
  "username": "asdfg",
  "text": "\"대\"자라서 양이 엄청납니다~~역시 소스가 아주 맛나네용 많이 파시길~~^^",
  "date": "Mon Dec 10 23:59:44 +0000 2018",
  "retweets": "30",
  "favorites": "20",
  "mentions": [],
  "hashtags": [],
  "geo": ""
},{
  "id": "마왕족발CESCO",
  "permalink": "",
  "username": "asdfg",
  "text": "소스가 적당 매칼해요. 근데 양이... 아쉽네요. ",
  "date": "Mon Dec 10 23:59:44 +0000 2018",
  "retweets": "30",
  "favorites": "20",
  "mentions": [],
  "hashtags": [],
  "geo": ""
},{
  "id": "마왕족발CESCO",
  "permalink": "",
  "username": "asdfg",
  "text": "맛있어요. 열무국수도 달지않아 깔끔해요! 양은 좀 작은듯하지만...",
  "date": "Mon Dec 10 23:59:44 +0000 2018",
  "retweets": "30",
  "favorites": "20",
  "mentions": [],
  "hashtags": [],
  "geo": ""
},{
  "id": "마왕족발CESCO",
  "permalink": "",
  "username": "asdfg",
  "text": "순한맛보다 보통맛이 훨씬 맛납니다~~^^",
  "date": "Mon Dec 10 23:59:44 +0000 2018",
  "retweets": "30",
  "favorites": "20",
  "mentions": [],
  "hashtags": [],
  "geo": ""
},{
  "id": "마왕족발CESCO",
  "permalink": "",
  "username": "asdfg",
  "text": "마왕족발 좋아해서 자주 시키는데 이번엔 살코기는 괜찮은데 비계 부분이 너무 누린내가 많이 나서 절반은 못 먹었네요.. 좀 실망했습니다",
  "date": "Mon Dec 10 23:59:44 +0000 2018",
  "retweets": "30",
  "favorites": "20",
  "mentions": [],
  "hashtags": [],
  "geo": ""
}]