[{
  "id": "두꺼비왕족발보쌈 홍어삼합CESCO",
  "permalink": "",
  "username": "asdfg",
  "text": "와 다른집은가격도 더비한데 양이어마어마합니다 소주서비스까지 잘먹겠습니당 !!",
  "date": "Mon Dec 10 23:59:44 +0000 2018",
  "retweets": "30",
  "favorites": "20",
  "mentions": [],
  "hashtags": [],
  "geo": ""
},{
  "id": "두꺼비왕족발보쌈 홍어삼합CESCO",
  "permalink": "",
  "username": "asdfg",
  "text": "양도 푸짐하고 매번 배달도 빨리오네요 맛있게 먹겠습니다^^",
  "date": "Mon Dec 10 23:59:44 +0000 2018",
  "retweets": "30",
  "favorites": "20",
  "mentions": [],
  "hashtags": [],
  "geo": ""
},{
  "id": "두꺼비왕족발보쌈 홍어삼합CESCO",
  "permalink": "",
  "username": "asdfg",
  "text": "잘막았습니다~~##",
  "date": "Mon Dec 10 23:59:44 +0000 2018",
  "retweets": "30",
  "favorites": "20",
  "mentions": [],
  "hashtags": [],
  "geo": ""
},{
  "id": "두꺼비왕족발보쌈 홍어삼합CESCO",
  "permalink": "",
  "username": "asdfg",
  "text": "뻐있는 홍어 처음 먹어봐용.뼈있어서 먹기 힘들었어요.보쌈에도 뼈 많구ㅠㅠ야채 많다 싶었는데 막국수였어요.양 많아서 둘이 먹다 결국 남겼습니다.맛있어요",
  "date": "Mon Dec 10 23:59:44 +0000 2018",
  "retweets": "30",
  "favorites": "20",
  "mentions": [],
  "hashtags": [],
  "geo": ""
},{
  "id": "두꺼비왕족발보쌈 홍어삼합CESCO",
  "permalink": "",
  "username": "asdfg",
  "text": "김치가 맛이 안밴게 좀 아쉽지만 맛있습니다!",
  "date": "Mon Dec 10 23:59:44 +0000 2018",
  "retweets": "30",
  "favorites": "20",
  "mentions": [],
  "hashtags": [],
  "geo": ""
},{
  "id": "두꺼비왕족발보쌈 홍어삼합CESCO",
  "permalink": "",
  "username": "asdfg",
  "text": "hfgyhbb hjgyyv hhftuftr",
  "date": "Mon Dec 10 23:59:44 +0000 2018",
  "retweets": "30",
  "favorites": "20",
  "mentions": [],
  "hashtags": [],
  "geo": ""
},{
  "id": "두꺼비왕족발보쌈 홍어삼합CESCO",
  "permalink": "",
  "username": "asdfg",
  "text": "2번째 시켜 먹는데 족발 냄새도 안나고 좋네요 ㅋㅋ 서비스 초록이도 굿입니다!!ㅋ",
  "date": "Mon Dec 10 23:59:44 +0000 2018",
  "retweets": "30",
  "favorites": "20",
  "mentions": [],
  "hashtags": [],
  "geo": ""
},{
  "id": "두꺼비왕족발보쌈 홍어삼합CESCO",
  "permalink": "",
  "username": "asdfg",
  "text": "잘막았어요~~~~~~",
  "date": "Mon Dec 10 23:59:44 +0000 2018",
  "retweets": "30",
  "favorites": "20",
  "mentions": [],
  "hashtags": [],
  "geo": ""
},{
  "id": "두꺼비왕족발보쌈 홍어삼합CESCO",
  "permalink": "",
  "username": "asdfg",
  "text": "방금 시켜먹었는데 배달도 너무빠르고 고기도맛있네요다음에 또시켜먹을게여!!! 감사합니다!!!",
  "date": "Mon Dec 10 23:59:44 +0000 2018",
  "retweets": "30",
  "favorites": "20",
  "mentions": [],
  "hashtags": [],
  "geo": ""
},{
  "id": "두꺼비왕족발보쌈 홍어삼합CESCO",
  "permalink": "",
  "username": "asdfg",
  "text": "와 처음 시켜보는데 기가막히네요자주 시켜먹을께요~~ 번창하세요 사장님 :)",
  "date": "Mon Dec 10 23:59:44 +0000 2018",
  "retweets": "30",
  "favorites": "20",
  "mentions": [],
  "hashtags": [],
  "geo": ""
}]