[{
  "id": "호세야오리바베큐 선릉점",
  "permalink": "",
  "username": "asdfg",
  "text": "늘 시켜먹지만  기대에 어긋나지 않는맛",
  "date": "Mon Dec 10 23:59:44 +0000 2018",
  "retweets": "30",
  "favorites": "20",
  "mentions": [],
  "hashtags": [],
  "geo": ""
},{
  "id": "호세야오리바베큐 선릉점",
  "permalink": "",
  "username": "asdfg",
  "text": "주먹밥시키길잘한거같어요 ㅋㅋ 이번에도 잘먹었습니다",
  "date": "Mon Dec 10 23:59:44 +0000 2018",
  "retweets": "30",
  "favorites": "20",
  "mentions": [],
  "hashtags": [],
  "geo": ""
},{
  "id": "호세야오리바베큐 선릉점",
  "permalink": "",
  "username": "asdfg",
  "text": "언제나 먹어도 맛있는 호세야!!특히나 묵은지가 너무나도 맛있어요ㅜㅜ",
  "date": "Mon Dec 10 23:59:44 +0000 2018",
  "retweets": "30",
  "favorites": "20",
  "mentions": [],
  "hashtags": [],
  "geo": ""
},{
  "id": "호세야오리바베큐 선릉점",
  "permalink": "",
  "username": "asdfg",
  "text": "맨날맨날 너무 맛있네용ㅎ",
  "date": "Mon Dec 10 23:59:44 +0000 2018",
  "retweets": "30",
  "favorites": "20",
  "mentions": [],
  "hashtags": [],
  "geo": ""
},{
  "id": "호세야오리바베큐 선릉점",
  "permalink": "",
  "username": "asdfg",
  "text": "빠세야 빠세야 빠쎄빠쎄빠쌔호< 마싯어오",
  "date": "Mon Dec 10 23:59:44 +0000 2018",
  "retweets": "30",
  "favorites": "20",
  "mentions": [],
  "hashtags": [],
  "geo": ""
},{
  "id": "호세야오리바베큐 선릉점",
  "permalink": "",
  "username": "asdfg",
  "text": "빠세야 오리바베큐 먹을만 하네요 ~ ",
  "date": "Mon Dec 10 23:59:44 +0000 2018",
  "retweets": "30",
  "favorites": "20",
  "mentions": [],
  "hashtags": [],
  "geo": ""
},{
  "id": "호세야오리바베큐 선릉점",
  "permalink": "",
  "username": "asdfg",
  "text": "간만에 소주땡겨서 시켜먹었네요 ㅋ 안주로도 매우 좋아요 잘먹었습니다",
  "date": "Mon Dec 10 23:59:44 +0000 2018",
  "retweets": "30",
  "favorites": "20",
  "mentions": [],
  "hashtags": [],
  "geo": ""
},{
  "id": "호세야오리바베큐 선릉점",
  "permalink": "",
  "username": "asdfg",
  "text": "맛있는치킨맛나요히히히",
  "date": "Mon Dec 10 23:59:44 +0000 2018",
  "retweets": "30",
  "favorites": "20",
  "mentions": [],
  "hashtags": [],
  "geo": ""
},{
  "id": "호세야오리바베큐 선릉점",
  "permalink": "",
  "username": "asdfg",
  "text": "언제나 꿀맛 쫄깃쫄깃 굳굳귣구우우ㅜ우우우유유유유",
  "date": "Mon Dec 10 23:59:44 +0000 2018",
  "retweets": "30",
  "favorites": "20",
  "mentions": [],
  "hashtags": [],
  "geo": ""
},{
  "id": "호세야오리바베큐 선릉점",
  "permalink": "",
  "username": "asdfg",
  "text": "항상 맛있게 먹는 집입니다",
  "date": "Mon Dec 10 23:59:44 +0000 2018",
  "retweets": "30",
  "favorites": "20",
  "mentions": [],
  "hashtags": [],
  "geo": ""
}]