[{
  "id": "김사부 족발보쌈",
  "permalink": "",
  "username": "asdfg",
  "text": "깔끔한포장 굿입니다맛있어요",
  "date": "Mon Dec 10 23:59:44 +0000 2018",
  "retweets": "30",
  "favorites": "20",
  "mentions": [],
  "hashtags": [],
  "geo": ""
},{
  "id": "김사부 족발보쌈",
  "permalink": "",
  "username": "asdfg",
  "text": "지난번에는 불족, 이번에는 무침을 먹었는데 둘 다 맛있었습니다. 각기 다른 유형이라 만족스럽네요",
  "date": "Mon Dec 10 23:59:44 +0000 2018",
  "retweets": "30",
  "favorites": "20",
  "mentions": [],
  "hashtags": [],
  "geo": ""
},{
  "id": "김사부 족발보쌈",
  "permalink": "",
  "username": "asdfg",
  "text": "맛있어요~^^또 시켜먹었네용~~",
  "date": "Mon Dec 10 23:59:44 +0000 2018",
  "retweets": "30",
  "favorites": "20",
  "mentions": [],
  "hashtags": [],
  "geo": ""
}]