[{
  "id": "30년전통원조장충왕족발CESCO",
  "permalink": "",
  "username": "asdfg",
  "text": "맛있게 잘먹었습니다.",
  "date": "Mon Dec 10 23:59:44 +0000 2018",
  "retweets": "30",
  "favorites": "20",
  "mentions": [],
  "hashtags": [],
  "geo": ""
},{
  "id": "30년전통원조장충왕족발CESCO",
  "permalink": "",
  "username": "asdfg",
  "text": "맛있습니다^^  족발이 넘 맛있어요",
  "date": "Mon Dec 10 23:59:44 +0000 2018",
  "retweets": "30",
  "favorites": "20",
  "mentions": [],
  "hashtags": [],
  "geo": ""
},{
  "id": "30년전통원조장충왕족발CESCO",
  "permalink": "",
  "username": "asdfg",
  "text": "우왕 기대안하고 시켰는데 맛있었어요 특히 고기가 촉촉!",
  "date": "Mon Dec 10 23:59:44 +0000 2018",
  "retweets": "30",
  "favorites": "20",
  "mentions": [],
  "hashtags": [],
  "geo": ""
},{
  "id": "30년전통원조장충왕족발CESCO",
  "permalink": "",
  "username": "asdfg",
  "text": "맛있게 잘먹었어요ㅋㅋㅋ불족발 맵지만 맛있네요",
  "date": "Mon Dec 10 23:59:44 +0000 2018",
  "retweets": "30",
  "favorites": "20",
  "mentions": [],
  "hashtags": [],
  "geo": ""
},{
  "id": "30년전통원조장충왕족발CESCO",
  "permalink": "",
  "username": "asdfg",
  "text": "양많고 맛있어요~다음에 또시킬께요",
  "date": "Mon Dec 10 23:59:44 +0000 2018",
  "retweets": "30",
  "favorites": "20",
  "mentions": [],
  "hashtags": [],
  "geo": ""
},{
  "id": "30년전통원조장충왕족발CESCO",
  "permalink": "",
  "username": "asdfg",
  "text": "이제 김치는 보쌈김치 아니네요 ...ㅠ ㅠ",
  "date": "Mon Dec 10 23:59:44 +0000 2018",
  "retweets": "30",
  "favorites": "20",
  "mentions": [],
  "hashtags": [],
  "geo": ""
},{
  "id": "30년전통원조장충왕족발CESCO",
  "permalink": "",
  "username": "asdfg",
  "text": "그럭저럭....그냥족발맛",
  "date": "Mon Dec 10 23:59:44 +0000 2018",
  "retweets": "30",
  "favorites": "20",
  "mentions": [],
  "hashtags": [],
  "geo": ""
},{
  "id": "30년전통원조장충왕족발CESCO",
  "permalink": "",
  "username": "asdfg",
  "text": "맛있게 먹고 있어요ㅎ 쟁반국수는 약간 불었지만 먹을만해요 ",
  "date": "Mon Dec 10 23:59:44 +0000 2018",
  "retweets": "30",
  "favorites": "20",
  "mentions": [],
  "hashtags": [],
  "geo": ""
},{
  "id": "30년전통원조장충왕족발CESCO",
  "permalink": "",
  "username": "asdfg",
  "text": "넘넘 맛있어용 ㅎㅎ!!",
  "date": "Mon Dec 10 23:59:44 +0000 2018",
  "retweets": "30",
  "favorites": "20",
  "mentions": [],
  "hashtags": [],
  "geo": ""
},{
  "id": "30년전통원조장충왕족발CESCO",
  "permalink": "",
  "username": "asdfg",
  "text": "먹을만 합니다~^^",
  "date": "Mon Dec 10 23:59:44 +0000 2018",
  "retweets": "30",
  "favorites": "20",
  "mentions": [],
  "hashtags": [],
  "geo": ""
}]