[{
  "id": "장충참숯왕족발보쌈전문점",
  "permalink": "",
  "username": "asdfg",
  "text": "양은 좀 그럼..하지만 맛은...",
  "date": "Mon Dec 10 23:59:44 +0000 2018",
  "retweets": "30",
  "favorites": "20",
  "mentions": [],
  "hashtags": [],
  "geo": ""
},{
  "id": "장충참숯왕족발보쌈전문점",
  "permalink": "",
  "username": "asdfg",
  "text": "양은좀 그렇지만 맛은좋음",
  "date": "Mon Dec 10 23:59:44 +0000 2018",
  "retweets": "30",
  "favorites": "20",
  "mentions": [],
  "hashtags": [],
  "geo": ""
}]