[{
  "id": "가장맛있는족발-공릉점",
  "permalink": "",
  "username": "asdfg",
  "text": "맛있어요~~ 다음에또주문할께요~\n다음엔 불족에 살좀 주세요~~ ㅋㅋ",
  "date": "Mon Dec 10 23:59:44 +0000 2018",
  "retweets": "30",
  "favorites": "20",
  "mentions": [],
  "hashtags": [],
  "geo": ""
},{
  "id": "가장맛있는족발-공릉점",
  "permalink": "",
  "username": "asdfg",
  "text": "공릉지점이 유난히 맛있는거 같아요",
  "date": "Mon Dec 10 23:59:44 +0000 2018",
  "retweets": "30",
  "favorites": "20",
  "mentions": [],
  "hashtags": [],
  "geo": ""
},{
  "id": "가장맛있는족발-공릉점",
  "permalink": "",
  "username": "asdfg",
  "text": "족발은 깔끔한맛이고 불족은  쫄깃하니 맛있었어요^^\n주먹밥이 하나만와서 하나는 더기다렸다가 다시배달받았네요.. 애들도잘먹고 강추입니다",
  "date": "Mon Dec 10 23:59:44 +0000 2018",
  "retweets": "30",
  "favorites": "20",
  "mentions": [],
  "hashtags": [],
  "geo": ""
},{
  "id": "가장맛있는족발-공릉점",
  "permalink": "",
  "username": "asdfg",
  "text": "맛나고 좋습니다 굿굿굿",
  "date": "Mon Dec 10 23:59:44 +0000 2018",
  "retweets": "30",
  "favorites": "20",
  "mentions": [],
  "hashtags": [],
  "geo": ""
},{
  "id": "가장맛있는족발-공릉점",
  "permalink": "",
  "username": "asdfg",
  "text": "맛잇엇어용~맛잇엇어용~",
  "date": "Mon Dec 10 23:59:44 +0000 2018",
  "retweets": "30",
  "favorites": "20",
  "mentions": [],
  "hashtags": [],
  "geo": ""
},{
  "id": "가장맛있는족발-공릉점",
  "permalink": "",
  "username": "asdfg",
  "text": "너무 맛잇어영 담에 또 시켜먹을께요!",
  "date": "Mon Dec 10 23:59:44 +0000 2018",
  "retweets": "30",
  "favorites": "20",
  "mentions": [],
  "hashtags": [],
  "geo": ""
},{
  "id": "가장맛있는족발-공릉점",
  "permalink": "",
  "username": "asdfg",
  "text": "맛잇습니닿ㅎㅎㅎㅎㅎ",
  "date": "Mon Dec 10 23:59:44 +0000 2018",
  "retweets": "30",
  "favorites": "20",
  "mentions": [],
  "hashtags": [],
  "geo": ""
},{
  "id": "가장맛있는족발-공릉점",
  "permalink": "",
  "username": "asdfg",
  "text": "요청사항도 잘 챙겨주시고 맛있게 잘 먹었습니다~",
  "date": "Mon Dec 10 23:59:44 +0000 2018",
  "retweets": "30",
  "favorites": "20",
  "mentions": [],
  "hashtags": [],
  "geo": ""
},{
  "id": "가장맛있는족발-공릉점",
  "permalink": "",
  "username": "asdfg",
  "text": "이제 족발기본 메뉴에서 아예 빠진건지 막국수가 안왔네요.  이사오고 한동안 공릉점것 못먹다가 새로떳길래 주문해봤어요. 잘먹었습니다.",
  "date": "Mon Dec 10 23:59:44 +0000 2018",
  "retweets": "30",
  "favorites": "20",
  "mentions": [],
  "hashtags": [],
  "geo": ""
}]