[{
  "id": "소문난장충왕족발-석관2호점",
  "permalink": "",
  "username": "asdfg",
  "text": "양이무슨ㅌㅌㅋㅋ이만구천원에 이렇게 많이주시면 너무 감사합니다ㅎㅎ",
  "date": "Mon Dec 10 23:59:44 +0000 2018",
  "retweets": "30",
  "favorites": "20",
  "mentions": [],
  "hashtags": [],
  "geo": ""
},{
  "id": "소문난장충왕족발-석관2호점",
  "permalink": "",
  "username": "asdfg",
  "text": "주문 하고1시간이나 기다리다 전화했더니 주문안들어왔다고 그냥 전화꺼버리고 이게 무슨;;\n어이가 없네",
  "date": "Mon Dec 10 23:59:44 +0000 2018",
  "retweets": "30",
  "favorites": "20",
  "mentions": [],
  "hashtags": [],
  "geo": ""
}]