[{
  "id": "신놀부왕족발보쌈",
  "permalink": "",
  "username": "asdfg",
  "text": "불족발 먹었는데... 양념은 맛있지만, 족발 상태가 별로였음.  참고 먹으려 했으나.. 배가 고팠음에도 두 점 먹고 버림요.",
  "date": "Mon Dec 10 23:59:44 +0000 2018",
  "retweets": "30",
  "favorites": "20",
  "mentions": [],
  "hashtags": [],
  "geo": ""
},{
  "id": "신놀부왕족발보쌈",
  "permalink": "",
  "username": "asdfg",
  "text": "배달  빠르게 왔네요 맛있게 먹었습니다.^^",
  "date": "Mon Dec 10 23:59:44 +0000 2018",
  "retweets": "30",
  "favorites": "20",
  "mentions": [],
  "hashtags": [],
  "geo": ""
},{
  "id": "신놀부왕족발보쌈",
  "permalink": "",
  "username": "asdfg",
  "text": "오늘은 불족발 많이 탔네요ㅠ",
  "date": "Mon Dec 10 23:59:44 +0000 2018",
  "retweets": "30",
  "favorites": "20",
  "mentions": [],
  "hashtags": [],
  "geo": ""
},{
  "id": "신놀부왕족발보쌈",
  "permalink": "",
  "username": "asdfg",
  "text": "맛있게 먹었습니다.^^",
  "date": "Mon Dec 10 23:59:44 +0000 2018",
  "retweets": "30",
  "favorites": "20",
  "mentions": [],
  "hashtags": [],
  "geo": ""
},{
  "id": "신놀부왕족발보쌈",
  "permalink": "",
  "username": "asdfg",
  "text": "불족시켰는데 맵기보다는 짜요",
  "date": "Mon Dec 10 23:59:44 +0000 2018",
  "retweets": "30",
  "favorites": "20",
  "mentions": [],
  "hashtags": [],
  "geo": ""
},{
  "id": "신놀부왕족발보쌈",
  "permalink": "",
  "username": "asdfg",
  "text": "명절 휴일 첫날 너무 이른시간에 시켜서 그런지..숯불에 탄 냄새가 너무 강해서 그게 좀...좀 덜탔으면 맛있게 잘 먹었을텐데 조금 아쉬워요. ",
  "date": "Mon Dec 10 23:59:44 +0000 2018",
  "retweets": "30",
  "favorites": "20",
  "mentions": [],
  "hashtags": [],
  "geo": ""
},{
  "id": "신놀부왕족발보쌈",
  "permalink": "",
  "username": "asdfg",
  "text": "미니족먹었어요 \n불맛도 많이나고맛있게먹었음돠 넘맵지않아서 좋았어요",
  "date": "Mon Dec 10 23:59:44 +0000 2018",
  "retweets": "30",
  "favorites": "20",
  "mentions": [],
  "hashtags": [],
  "geo": ""
},{
  "id": "신놀부왕족발보쌈",
  "permalink": "",
  "username": "asdfg",
  "text": "족발 맛은 다 비슷하지만\n\n배달 빨라서 좋네요",
  "date": "Mon Dec 10 23:59:44 +0000 2018",
  "retweets": "30",
  "favorites": "20",
  "mentions": [],
  "hashtags": [],
  "geo": ""
},{
  "id": "신놀부왕족발보쌈",
  "permalink": "",
  "username": "asdfg",
  "text": "맛나게 잘먹었어요 ㅋㄷ",
  "date": "Mon Dec 10 23:59:44 +0000 2018",
  "retweets": "30",
  "favorites": "20",
  "mentions": [],
  "hashtags": [],
  "geo": ""
}]