[{
  "id": "놀부보쌈과돌솥밥 반포점CESCO",
  "permalink": "",
  "username": "asdfg",
  "text": " 괜찮은데 살짝 뭔가 고기맛이부족한거가태용ㅜㅜㅜㅠ",
  "date": "Mon Dec 10 23:59:44 +0000 2018",
  "retweets": "30",
  "favorites": "20",
  "mentions": [],
  "hashtags": [],
  "geo": ""
},{
  "id": "놀부보쌈과돌솥밥 반포점CESCO",
  "permalink": "",
  "username": "asdfg",
  "text": "주문하고 대기중 먹을생각하니 엄청 기대 됩니다. 놀부는 다 평타이상 하는듯",
  "date": "Mon Dec 10 23:59:44 +0000 2018",
  "retweets": "30",
  "favorites": "20",
  "mentions": [],
  "hashtags": [],
  "geo": ""
},{
  "id": "놀부보쌈과돌솥밥 반포점CESCO",
  "permalink": "",
  "username": "asdfg",
  "text": "진짜 놀부는 다 맛있는거같아요~\n\n체인마다 음식 맛이 천차만별인곳이 많은데\n\n놀부는 달라 믿고 맛있게 먹었던!!",
  "date": "Mon Dec 10 23:59:44 +0000 2018",
  "retweets": "30",
  "favorites": "20",
  "mentions": [],
  "hashtags": [],
  "geo": ""
},{
  "id": "놀부보쌈과돌솥밥 반포점CESCO",
  "permalink": "",
  "username": "asdfg",
  "text": "맛있어요~~~^.^",
  "date": "Mon Dec 10 23:59:44 +0000 2018",
  "retweets": "30",
  "favorites": "20",
  "mentions": [],
  "hashtags": [],
  "geo": ""
}]