[{
  "id": "마영균족발집",
  "permalink": "",
  "username": "asdfg",
  "text": "가게가서 먹어보고 맛있어서 배달 시켜서 먹었는데 반찬도 푸짐하고 고기도 야들야들하니 맛있었어요",
  "date": "Mon Dec 10 23:59:44 +0000 2018",
  "retweets": "30",
  "favorites": "20",
  "mentions": [],
  "hashtags": [],
  "geo": ""
},{
  "id": "마영균족발집",
  "permalink": "",
  "username": "asdfg",
  "text": "맛있내요\n양도 좋고",
  "date": "Mon Dec 10 23:59:44 +0000 2018",
  "retweets": "30",
  "favorites": "20",
  "mentions": [],
  "hashtags": [],
  "geo": ""
},{
  "id": "마영균족발집",
  "permalink": "",
  "username": "asdfg",
  "text": "정말 너무 맛있고 양도 좋고 사장님 친철.. \n진짜 여기 족발 맛있음...\n족발은 요기요~~~~",
  "date": "Mon Dec 10 23:59:44 +0000 2018",
  "retweets": "30",
  "favorites": "20",
  "mentions": [],
  "hashtags": [],
  "geo": ""
}]