[{
  "id": "왕선왕 족발보쌈",
  "permalink": "",
  "username": "asdfg",
  "text": "ㅇㅋㅇㅋㅇㅋㅇㅋㅇㅋ",
  "date": "Mon Dec 10 23:59:44 +0000 2018",
  "retweets": "30",
  "favorites": "20",
  "mentions": [],
  "hashtags": [],
  "geo": ""
},{
  "id": "왕선왕 족발보쌈",
  "permalink": "",
  "username": "asdfg",
  "text": "눈와서 한시간넘게 기다린거 이해하겠는데 콜라도 안왔잖아요 ",
  "date": "Mon Dec 10 23:59:44 +0000 2018",
  "retweets": "30",
  "favorites": "20",
  "mentions": [],
  "hashtags": [],
  "geo": ""
},{
  "id": "왕선왕 족발보쌈",
  "permalink": "",
  "username": "asdfg",
  "text": "양도 많고 고기도 야들야들하니 맛있었어요",
  "date": "Mon Dec 10 23:59:44 +0000 2018",
  "retweets": "30",
  "favorites": "20",
  "mentions": [],
  "hashtags": [],
  "geo": ""
},{
  "id": "왕선왕 족발보쌈",
  "permalink": "",
  "username": "asdfg",
  "text": "잡내가 좀 나긴하는데 그럭저럭 고ㅑㄴ찮아요 ..근데 배달 1시간반만에옴..",
  "date": "Mon Dec 10 23:59:44 +0000 2018",
  "retweets": "30",
  "favorites": "20",
  "mentions": [],
  "hashtags": [],
  "geo": ""
},{
  "id": "왕선왕 족발보쌈",
  "permalink": "",
  "username": "asdfg",
  "text": "그리고 콜라 1.25리터 추가 했는데 500ml 2개 보내주셨네여",
  "date": "Mon Dec 10 23:59:44 +0000 2018",
  "retweets": "30",
  "favorites": "20",
  "mentions": [],
  "hashtags": [],
  "geo": ""
},{
  "id": "왕선왕 족발보쌈",
  "permalink": "",
  "username": "asdfg",
  "text": "새우젓에 이건먼가요?? 몇번시켜먹었는데 전에는 맛있었는데 오늘은 고기비린내가 쫌 많이 나내요",
  "date": "Mon Dec 10 23:59:44 +0000 2018",
  "retweets": "30",
  "favorites": "20",
  "mentions": [],
  "hashtags": [],
  "geo": ""
},{
  "id": "왕선왕 족발보쌈",
  "permalink": "",
  "username": "asdfg",
  "text": "여름내내 먹고싶었던 굴보쌈 너무맛잇어요",
  "date": "Mon Dec 10 23:59:44 +0000 2018",
  "retweets": "30",
  "favorites": "20",
  "mentions": [],
  "hashtags": [],
  "geo": ""
},{
  "id": "왕선왕 족발보쌈",
  "permalink": "",
  "username": "asdfg",
  "text": "오늘 조오오오금 질기고 배달도 좀 늦었어요 ㅠㅡㅠ 그래도 항상열심히 먹고있습니다 화이팅",
  "date": "Mon Dec 10 23:59:44 +0000 2018",
  "retweets": "30",
  "favorites": "20",
  "mentions": [],
  "hashtags": [],
  "geo": ""
},{
  "id": "왕선왕 족발보쌈",
  "permalink": "",
  "username": "asdfg",
  "text": "배달 해주신 친절하신 아저씨분이 사장님맞으시죠?사장님 어쩜그렇게 인자하게 생기셨나요.. 가끔 족발생각이나면 여기시켜먹는데요.. 맛있어서 행복해지고,, 사장님의 인자하신 모습에 한번더 신뢰가 가서 음식이 더 정성스럽게 느껴집니다.. 요즘 추위가 더욱 빨리 찾아와서 많이 고생하실텐데 감사히 잘먹겠습니다~",
  "date": "Mon Dec 10 23:59:44 +0000 2018",
  "retweets": "30",
  "favorites": "20",
  "mentions": [],
  "hashtags": [],
  "geo": ""
},{
  "id": "왕선왕 족발보쌈",
  "permalink": "",
  "username": "asdfg",
  "text": "비릿내나고 퍽퍽하고 쟁반수는 다 불었고돈 아까워 죽겠네",
  "date": "Mon Dec 10 23:59:44 +0000 2018",
  "retweets": "30",
  "favorites": "20",
  "mentions": [],
  "hashtags": [],
  "geo": ""
}]