[{
  "id": "홍천족발",
  "permalink": "",
  "username": "asdfg",
  "text": "너무너무맛있어요오오",
  "date": "Mon Dec 10 23:59:44 +0000 2018",
  "retweets": "30",
  "favorites": "20",
  "mentions": [],
  "hashtags": [],
  "geo": ""
},{
  "id": "홍천족발",
  "permalink": "",
  "username": "asdfg",
  "text": "저번에 주문했더니 약간 쉰맛나던데;;; ",
  "date": "Mon Dec 10 23:59:44 +0000 2018",
  "retweets": "30",
  "favorites": "20",
  "mentions": [],
  "hashtags": [],
  "geo": ""
},{
  "id": "홍천족발",
  "permalink": "",
  "username": "asdfg",
  "text": "가서 먹는게 진심 더맛있어요!!!!! 배달도 맛있지만ㅎ",
  "date": "Mon Dec 10 23:59:44 +0000 2018",
  "retweets": "30",
  "favorites": "20",
  "mentions": [],
  "hashtags": [],
  "geo": ""
},{
  "id": "홍천족발",
  "permalink": "",
  "username": "asdfg",
  "text": "그닥 맛은 없어요... 냄새남",
  "date": "Mon Dec 10 23:59:44 +0000 2018",
  "retweets": "30",
  "favorites": "20",
  "mentions": [],
  "hashtags": [],
  "geo": ""
},{
  "id": "홍천족발",
  "permalink": "",
  "username": "asdfg",
  "text": "그냥 그래욤 질기고 냄새는 좀 나요",
  "date": "Mon Dec 10 23:59:44 +0000 2018",
  "retweets": "30",
  "favorites": "20",
  "mentions": [],
  "hashtags": [],
  "geo": ""
},{
  "id": "홍천족발",
  "permalink": "",
  "username": "asdfg",
  "text": "족발양은 평균보다 많고 맛은 보통",
  "date": "Mon Dec 10 23:59:44 +0000 2018",
  "retweets": "30",
  "favorites": "20",
  "mentions": [],
  "hashtags": [],
  "geo": ""
},{
  "id": "홍천족발",
  "permalink": "",
  "username": "asdfg",
  "text": "맨날 여기서만 시켜먹어요.. 족발 너무 좋아해요 ㅋㅋ",
  "date": "Mon Dec 10 23:59:44 +0000 2018",
  "retweets": "30",
  "favorites": "20",
  "mentions": [],
  "hashtags": [],
  "geo": ""
},{
  "id": "홍천족발",
  "permalink": "",
  "username": "asdfg",
  "text": "직접가서먹었는데맛있어요",
  "date": "Mon Dec 10 23:59:44 +0000 2018",
  "retweets": "30",
  "favorites": "20",
  "mentions": [],
  "hashtags": [],
  "geo": ""
},{
  "id": "홍천족발",
  "permalink": "",
  "username": "asdfg",
  "text": "맛있습니다 또 시켜먹을만 합니다",
  "date": "Mon Dec 10 23:59:44 +0000 2018",
  "retweets": "30",
  "favorites": "20",
  "mentions": [],
  "hashtags": [],
  "geo": ""
},{
  "id": "홍천족발",
  "permalink": "",
  "username": "asdfg",
  "text": "해당 리뷰는 배달통 운영 원칙에 따라 블라인드 처리 되었습니다.",
  "date": "Mon Dec 10 23:59:44 +0000 2018",
  "retweets": "30",
  "favorites": "20",
  "mentions": [],
  "hashtags": [],
  "geo": ""
}]