[{
  "id": "돈통마늘보쌈 미사강변도시점",
  "permalink": "",
  "username": "asdfg",
  "text": "직화불보쌈 맛잇어요!!양념소스가 취저",
  "date": "Mon Dec 10 23:59:44 +0000 2018",
  "retweets": "30",
  "favorites": "20",
  "mentions": [],
  "hashtags": [],
  "geo": ""
},{
  "id": "돈통마늘보쌈 미사강변도시점",
  "permalink": "",
  "username": "asdfg",
  "text": "직화불보쌈 진짜 맛잇어요! 꼬치 양념이예요!",
  "date": "Mon Dec 10 23:59:44 +0000 2018",
  "retweets": "30",
  "favorites": "20",
  "mentions": [],
  "hashtags": [],
  "geo": ""
},{
  "id": "돈통마늘보쌈 미사강변도시점",
  "permalink": "",
  "username": "asdfg",
  "text": "직화불보쌈 맛잇어요!!",
  "date": "Mon Dec 10 23:59:44 +0000 2018",
  "retweets": "30",
  "favorites": "20",
  "mentions": [],
  "hashtags": [],
  "geo": ""
},{
  "id": "돈통마늘보쌈 미사강변도시점",
  "permalink": "",
  "username": "asdfg",
  "text": "직화불보쌈 맛잇어용 !!!!",
  "date": "Mon Dec 10 23:59:44 +0000 2018",
  "retweets": "30",
  "favorites": "20",
  "mentions": [],
  "hashtags": [],
  "geo": ""
},{
  "id": "돈통마늘보쌈 미사강변도시점",
  "permalink": "",
  "username": "asdfg",
  "text": "홍어삼합은 항상 여기서 시켯는데 시키면 시킬수록 실망이네요.오늘은 가오리회?? 넣다 만느낌 이고....홍어회도 양이 적어지네요.....마니파세요",
  "date": "Mon Dec 10 23:59:44 +0000 2018",
  "retweets": "30",
  "favorites": "20",
  "mentions": [],
  "hashtags": [],
  "geo": ""
},{
  "id": "돈통마늘보쌈 미사강변도시점",
  "permalink": "",
  "username": "asdfg",
  "text": "맛있게 잘 먹었습니다~~",
  "date": "Mon Dec 10 23:59:44 +0000 2018",
  "retweets": "30",
  "favorites": "20",
  "mentions": [],
  "hashtags": [],
  "geo": ""
},{
  "id": "돈통마늘보쌈 미사강변도시점",
  "permalink": "",
  "username": "asdfg",
  "text": "냉채족발 시켰습니다. 전체적인 맛의 조화미가 떨어졌습니다. ",
  "date": "Mon Dec 10 23:59:44 +0000 2018",
  "retweets": "30",
  "favorites": "20",
  "mentions": [],
  "hashtags": [],
  "geo": ""
},{
  "id": "돈통마늘보쌈 미사강변도시점",
  "permalink": "",
  "username": "asdfg",
  "text": "깔끔한 포장에 빠른 배달로 따뜻한 보쌈을 먹었네요~^^",
  "date": "Mon Dec 10 23:59:44 +0000 2018",
  "retweets": "30",
  "favorites": "20",
  "mentions": [],
  "hashtags": [],
  "geo": ""
},{
  "id": "돈통마늘보쌈 미사강변도시점",
  "permalink": "",
  "username": "asdfg",
  "text": "발열팩을 사용한곳은 첨이네요그런 세심함은 좋으나 양이 좀 적고특별하게 맛있다고 느껴지진 않은듯 합니다",
  "date": "Mon Dec 10 23:59:44 +0000 2018",
  "retweets": "30",
  "favorites": "20",
  "mentions": [],
  "hashtags": [],
  "geo": ""
},{
  "id": "돈통마늘보쌈 미사강변도시점",
  "permalink": "",
  "username": "asdfg",
  "text": "맛나요~발열팩까지 들어있어 다 먹을때 까지 따뜻하게 ㅎㅎ 담에 또 주문 ㄱㄱ~",
  "date": "Mon Dec 10 23:59:44 +0000 2018",
  "retweets": "30",
  "favorites": "20",
  "mentions": [],
  "hashtags": [],
  "geo": ""
}]