[{
  "id": "한민족이래",
  "permalink": "",
  "username": "asdfg",
  "text": "대자 같은 중자...",
  "date": "Mon Dec 10 23:59:44 +0000 2018",
  "retweets": "30",
  "favorites": "20",
  "mentions": [],
  "hashtags": [],
  "geo": ""
},{
  "id": "한민족이래",
  "permalink": "",
  "username": "asdfg",
  "text": "황제문어해물보쌈 처음먹어보는데 맛있었어요 색다르고ㅋㅋ 자주 사먹어야겠어요",
  "date": "Mon Dec 10 23:59:44 +0000 2018",
  "retweets": "30",
  "favorites": "20",
  "mentions": [],
  "hashtags": [],
  "geo": ""
}]