[{
  "id": "수탕-구의점",
  "permalink": "",
  "username": "asdfg",
  "text": "사천 탕수육 맵긴한데 뭔가 양념치킨 느낌.\n배달 빠르고 양도 많긴한데 제 입맛엔 좀.\n...",
  "date": "Mon Dec 10 23:59:44 +0000 2018",
  "retweets": "30",
  "favorites": "20",
  "mentions": [],
  "hashtags": [],
  "geo": ""
},{
  "id": "수탕-구의점",
  "permalink": "",
  "username": "asdfg",
  "text": "간짜장 맛은좋은데 탕수육 소스잊고오신것까진 이해하는데 탕수육 안에 고기가 다 안익었네요ㅡㅡ",
  "date": "Mon Dec 10 23:59:44 +0000 2018",
  "retweets": "30",
  "favorites": "20",
  "mentions": [],
  "hashtags": [],
  "geo": ""
},{
  "id": "수탕-구의점",
  "permalink": "",
  "username": "asdfg",
  "text": "생각보다 양은 적지만 맛은 좋네요.",
  "date": "Mon Dec 10 23:59:44 +0000 2018",
  "retweets": "30",
  "favorites": "20",
  "mentions": [],
  "hashtags": [],
  "geo": ""
}]