[{
  "id": "프로찌개",
  "permalink": "",
  "username": "asdfg",
  "text": "처음 시켜먹었었는데 또 시켜먹게 됐지요. 갠적으론 김치찌개가 참 갠찮은것 같아요. 부대찌개는 라면이 담겨져와서 한참 후에 먹는건 지양해야겠어요.",
  "date": "Mon Dec 10 23:59:44 +0000 2018",
  "retweets": "30",
  "favorites": "20",
  "mentions": [],
  "hashtags": [],
  "geo": ""
},{
  "id": "프로찌개",
  "permalink": "",
  "username": "asdfg",
  "text": "맛 괜찮아요~",
  "date": "Mon Dec 10 23:59:44 +0000 2018",
  "retweets": "30",
  "favorites": "20",
  "mentions": [],
  "hashtags": [],
  "geo": ""
},{
  "id": "프로찌개",
  "permalink": "",
  "username": "asdfg",
  "text": "맛있게 잘먹었어요. 둘이서 먹으니까 한 이틀은 먹었나봐요.",
  "date": "Mon Dec 10 23:59:44 +0000 2018",
  "retweets": "30",
  "favorites": "20",
  "mentions": [],
  "hashtags": [],
  "geo": ""
}]