[{
  "id": "마라향궈&양꼬치",
  "permalink": "",
  "username": "asdfg",
  "text": "색다른맛 짱짱맨 다음에 또 시킬꺼에용",
  "date": "Mon Dec 10 23:59:44 +0000 2018",
  "retweets": "30",
  "favorites": "20",
  "mentions": [],
  "hashtags": [],
  "geo": ""
},{
  "id": "마라향궈&양꼬치",
  "permalink": "",
  "username": "asdfg",
  "text": "저번에 맛있게 먹어서  또 주문했어요.",
  "date": "Mon Dec 10 23:59:44 +0000 2018",
  "retweets": "30",
  "favorites": "20",
  "mentions": [],
  "hashtags": [],
  "geo": ""
},{
  "id": "마라향궈&양꼬치",
  "permalink": "",
  "username": "asdfg",
  "text": "물 만두 ㅡ  맛이 모르겠어요  ☆\n계란 볶음밥   ㅡ  양이 많지만 맛은 그냥 그래요.☆☆\n양꼬치  ㅡ  양이  아쉬워요.맛도 그냥 그래요☆☆",
  "date": "Mon Dec 10 23:59:44 +0000 2018",
  "retweets": "30",
  "favorites": "20",
  "mentions": [],
  "hashtags": [],
  "geo": ""
},{
  "id": "마라향궈&양꼬치",
  "permalink": "",
  "username": "asdfg",
  "text": "너무 맛있어서 깜짝 놀랐습니다. 단골해야겠어요.",
  "date": "Mon Dec 10 23:59:44 +0000 2018",
  "retweets": "30",
  "favorites": "20",
  "mentions": [],
  "hashtags": [],
  "geo": ""
}]