[{
  "id": "배고파요식당",
  "permalink": "",
  "username": "asdfg",
  "text": "맛있게 먹었어요! 밥보다 두부나 소스가 조금 더 있었으면 좋을 것 같아요",
  "date": "Mon Dec 10 23:59:44 +0000 2018",
  "retweets": "30",
  "favorites": "20",
  "mentions": [],
  "hashtags": [],
  "geo": ""
},{
  "id": "배고파요식당",
  "permalink": "",
  "username": "asdfg",
  "text": "맛있어요! 고기가 많아서 좋아요",
  "date": "Mon Dec 10 23:59:44 +0000 2018",
  "retweets": "30",
  "favorites": "20",
  "mentions": [],
  "hashtags": [],
  "geo": ""
},{
  "id": "배고파요식당",
  "permalink": "",
  "username": "asdfg",
  "text": "단 매운맛은 있어요...",
  "date": "Mon Dec 10 23:59:44 +0000 2018",
  "retweets": "30",
  "favorites": "20",
  "mentions": [],
  "hashtags": [],
  "geo": ""
},{
  "id": "배고파요식당",
  "permalink": "",
  "username": "asdfg",
  "text": "주말에 밖에 나가기는 귀찮고 마라탕은 먹고싶고...마라탕 가격도 가격인지라 고민끝에 시켜봤는데 짱짱입니다...\n잠자다 일어나서 엄청 배고팠는데 배달도 엄청빨랐어요!\n20분만에 슝하고 오셨네요!! 혼자 세끼먹어도 될양이에요!!\n자주시켜먹을듯해요!! 밀크티 감사합니다!!",
  "date": "Mon Dec 10 23:59:44 +0000 2018",
  "retweets": "30",
  "favorites": "20",
  "mentions": [],
  "hashtags": [],
  "geo": ""
}]