[{
  "id": "대무짜장양꼬치",
  "permalink": "",
  "username": "asdfg",
  "text": "여긴 정말 아님\n이럴거면 장사 하면 않된다 생각 함",
  "date": "Mon Dec 10 23:59:44 +0000 2018",
  "retweets": "30",
  "favorites": "20",
  "mentions": [],
  "hashtags": [],
  "geo": ""
},{
  "id": "대무짜장양꼬치",
  "permalink": "",
  "username": "asdfg",
  "text": "면이 풀어지지도 않고 뭉쳐서 비비기 힘들고여 단무지 포장 상태도 좋지 않고 짜장이 짭니다",
  "date": "Mon Dec 10 23:59:44 +0000 2018",
  "retweets": "30",
  "favorites": "20",
  "mentions": [],
  "hashtags": [],
  "geo": ""
},{
  "id": "대무짜장양꼬치",
  "permalink": "",
  "username": "asdfg",
  "text": "곱빼기 시켰는데 이정도 온 거 보면 원래 양은 얼마나 되는거예요? 그리고 짜장면 면은 졸면서 만드셨어요? 밀가루 맛이 너무 나는게 전분가루 안 넣으신 것 같은데... 이거 환불은 안 되나요?",
  "date": "Mon Dec 10 23:59:44 +0000 2018",
  "retweets": "30",
  "favorites": "20",
  "mentions": [],
  "hashtags": [],
  "geo": ""
},{
  "id": "대무짜장양꼬치",
  "permalink": "",
  "username": "asdfg",
  "text": "양은 짱 많은거 같아요 고기간만 살짝 덜 짜면 좋겠어요",
  "date": "Mon Dec 10 23:59:44 +0000 2018",
  "retweets": "30",
  "favorites": "20",
  "mentions": [],
  "hashtags": [],
  "geo": ""
},{
  "id": "대무짜장양꼬치",
  "permalink": "",
  "username": "asdfg",
  "text": "제 입에는 고기간이 다소 세지만 남자친구가 좋아하는 음식!",
  "date": "Mon Dec 10 23:59:44 +0000 2018",
  "retweets": "30",
  "favorites": "20",
  "mentions": [],
  "hashtags": [],
  "geo": ""
},{
  "id": "대무짜장양꼬치",
  "permalink": "",
  "username": "asdfg",
  "text": "첫번째 사진 양갈비 두번째가 양꼬치예요~\n양갈비는 갈빗대처럼 조그만 뼈가 붙어있어요\n둘다 맛은 있지만 저처럼 은근 발라먹기 귀찮으신 분들은 양꼬치 추천이요",
  "date": "Mon Dec 10 23:59:44 +0000 2018",
  "retweets": "30",
  "favorites": "20",
  "mentions": [],
  "hashtags": [],
  "geo": ""
},{
  "id": "대무짜장양꼬치",
  "permalink": "",
  "username": "asdfg",
  "text": "혹시 입맛에 안맞을까 걱정했는데 염통보다 양꼬치가 더 맛있었어요 양꼬치 꼭 드세요~\n반찬으로 온 짜사이(자차이)랑 땅콩도 맛있었네요\n배달오신분이 엄청 친절하게 맛있게 드시라고 인사해 주셨는데 안타깝게도 꼬치가 세로로 기울여져 랩사이로 육즙이 줄줄새서 움직이지 않게 조심해 주셔야할거 같아요~",
  "date": "Mon Dec 10 23:59:44 +0000 2018",
  "retweets": "30",
  "favorites": "20",
  "mentions": [],
  "hashtags": [],
  "geo": ""
},{
  "id": "대무짜장양꼬치",
  "permalink": "",
  "username": "asdfg",
  "text": "분명히 벨 누르지말라고햇는데 새벽에벨누르고난리네요\n맛은잇어요",
  "date": "Mon Dec 10 23:59:44 +0000 2018",
  "retweets": "30",
  "favorites": "20",
  "mentions": [],
  "hashtags": [],
  "geo": ""
}]