[{
  "id": "별별탕수육",
  "permalink": "",
  "username": "asdfg",
  "text": "너무 맛있어요. 자주 시켜먹을께요",
  "date": "Mon Dec 10 23:59:44 +0000 2018",
  "retweets": "30",
  "favorites": "20",
  "mentions": [],
  "hashtags": [],
  "geo": ""
},{
  "id": "별별탕수육",
  "permalink": "",
  "username": "asdfg",
  "text": "맛은 괜찮았어요 햨.. 소스도 기본이랑 별개로 세 개나 주셔서 크\n잘먹었습니다~~",
  "date": "Mon Dec 10 23:59:44 +0000 2018",
  "retweets": "30",
  "favorites": "20",
  "mentions": [],
  "hashtags": [],
  "geo": ""
}]