[{
  "id": "중화닭날개",
  "permalink": "",
  "username": "asdfg",
  "text": "배달도 빠르고 포장도 깔끔하고 맛잇어요 마라갈비 맛나요  미니닭날개보다 맛잇어요 닭날개 시키실뿐들 참고용 아 서비스로 오이무침도 주셧어요!!! 잘먹울게용",
  "date": "Mon Dec 10 23:59:44 +0000 2018",
  "retweets": "30",
  "favorites": "20",
  "mentions": [],
  "hashtags": [],
  "geo": ""
},{
  "id": "중화닭날개",
  "permalink": "",
  "username": "asdfg",
  "text": "배달이 1시간 30분이나 걸렸어요..ㅠㅠ\n건두부말이는 생각보다 입맛에 안맞았고\n닭날개는 좀 매운편이지만 맥주랑 마시니까 맛있었습니다. 배달이 늦었지만 향신료 잘 안 가리는편이어서 잘 먹었습니다~",
  "date": "Mon Dec 10 23:59:44 +0000 2018",
  "retweets": "30",
  "favorites": "20",
  "mentions": [],
  "hashtags": [],
  "geo": ""
},{
  "id": "중화닭날개",
  "permalink": "",
  "username": "asdfg",
  "text": "일주일에 거이한번씩 가게 방문하는 단골입니당~\n배달은 처음 시켯는데요,가게에서 먹는거랑 똑같습니당^^\n장사 대박마세욤!!!",
  "date": "Mon Dec 10 23:59:44 +0000 2018",
  "retweets": "30",
  "favorites": "20",
  "mentions": [],
  "hashtags": [],
  "geo": ""
},{
  "id": "중화닭날개",
  "permalink": "",
  "username": "asdfg",
  "text": "배달도빠르고 짱맛잇어요 서비스 오리무침 핵맛탱",
  "date": "Mon Dec 10 23:59:44 +0000 2018",
  "retweets": "30",
  "favorites": "20",
  "mentions": [],
  "hashtags": [],
  "geo": ""
},{
  "id": "중화닭날개",
  "permalink": "",
  "username": "asdfg",
  "text": "사장님 친절하고 좋아요 진짜 맛집인데 후 저도 많이 시켜먹지만 후기는 귀찮아서 잘안적지만ㅋㅋㅋㅋ 진짜 맛있어요.",
  "date": "Mon Dec 10 23:59:44 +0000 2018",
  "retweets": "30",
  "favorites": "20",
  "mentions": [],
  "hashtags": [],
  "geo": ""
},{
  "id": "중화닭날개",
  "permalink": "",
  "username": "asdfg",
  "text": "단골입니다 ㅋㅋ 자주 시켜먹을께요 \n닭날개 꿀맛",
  "date": "Mon Dec 10 23:59:44 +0000 2018",
  "retweets": "30",
  "favorites": "20",
  "mentions": [],
  "hashtags": [],
  "geo": ""
},{
  "id": "중화닭날개",
  "permalink": "",
  "username": "asdfg",
  "text": "건두부말이랑 양볶음 진짜 맛잇네요",
  "date": "Mon Dec 10 23:59:44 +0000 2018",
  "retweets": "30",
  "favorites": "20",
  "mentions": [],
  "hashtags": [],
  "geo": ""
},{
  "id": "중화닭날개",
  "permalink": "",
  "username": "asdfg",
  "text": "닭날개 넘 매운데 맛남",
  "date": "Mon Dec 10 23:59:44 +0000 2018",
  "retweets": "30",
  "favorites": "20",
  "mentions": [],
  "hashtags": [],
  "geo": ""
},{
  "id": "중화닭날개",
  "permalink": "",
  "username": "asdfg",
  "text": "！！！！？？？？，，，，",
  "date": "Mon Dec 10 23:59:44 +0000 2018",
  "retweets": "30",
  "favorites": "20",
  "mentions": [],
  "hashtags": [],
  "geo": ""
}]