[{
  "id": "연변양꼬치",
  "permalink": "",
  "username": "asdfg",
  "text": "개구리 뒷다리 처음인데 닭고기 같아서 맛있어요\n마라새우 생각보다 양 많아서 좋네요\n서비스 감사합니다~~",
  "date": "Mon Dec 10 23:59:44 +0000 2018",
  "retweets": "30",
  "favorites": "20",
  "mentions": [],
  "hashtags": [],
  "geo": ""
},{
  "id": "연변양꼬치",
  "permalink": "",
  "username": "asdfg",
  "text": "맛이좋아서 자주주문하겠습니다",
  "date": "Mon Dec 10 23:59:44 +0000 2018",
  "retweets": "30",
  "favorites": "20",
  "mentions": [],
  "hashtags": [],
  "geo": ""
},{
  "id": "연변양꼬치",
  "permalink": "",
  "username": "asdfg",
  "text": "굿.",
  "date": "Mon Dec 10 23:59:44 +0000 2018",
  "retweets": "30",
  "favorites": "20",
  "mentions": [],
  "hashtags": [],
  "geo": ""
},{
  "id": "연변양꼬치",
  "permalink": "",
  "username": "asdfg",
  "text": "맛은좋은데 량이생각보다많이부족하네요 ㅎㅎ",
  "date": "Mon Dec 10 23:59:44 +0000 2018",
  "retweets": "30",
  "favorites": "20",
  "mentions": [],
  "hashtags": [],
  "geo": ""
},{
  "id": "연변양꼬치",
  "permalink": "",
  "username": "asdfg",
  "text": "처음으로 양꼬치 주문했는데요 진짜 다시는 양꼬치 배달 안시키내요ㅋ   고기잡냄새에다  양은 새끼손가락만한 고기열개? 한200그람정도에 샄힌듯한 야채저림 생땅콩 안익은콩나물우침  거짓말안하고 다버리고 돈아까워서 고기몇점  고추장꺼내서 찍어먹음 ᆢ;;;;;;;;;;;;;;;;;;;;;;;;;;;;;;;;;;;;;;;;;;;;;;;;;  맛1 양1 배달2점",
  "date": "Mon Dec 10 23:59:44 +0000 2018",
  "retweets": "30",
  "favorites": "20",
  "mentions": [],
  "hashtags": [],
  "geo": ""
}]