[{"id":"1072277552314503168","permalink":"","username":"asdfg","text":"좋아여돟아여좋아여좋","date":"Mon Dec 10 23:59:44 +0000 2018","retweets":"30","favorites":"20","mentions":[],"hashtags":[],"geo":"null","raw":"좋아여돟아여좋아여좋","polarity":{"com":0,"pos":0.9199999999999999,"neg":0.039999999999999994,"neut":0,"none":0.039999999999999994},"intensity":{"high":0.2,"low":0.039999999999999994,"meium":0.72,"none":0.039999999999999994},"expressive":{"dir-action":0,"dir-explicit":0.6,"dir-speech":0.20000000000000004,"indirect":0.16,"writing-device":0.04}}]