[{"id":"돈통마늘보쌈 미사강변도시점","permalink":"","username":"asdfg","text":"직화불보쌈 맛잇어요!!양념소스가 취저","date":"Mon Dec 10 23:59:44 +0000 2018","retweets":"30","favorites":"20","mentions":[],"hashtags":[],"geo":"","raw":"직화불보쌈 맛잇어요!!양념소스가 취저","polarity":{"com":0.019285714333333336,"pos":0.6569047620000001,"neg":0.28809523800000003,"neut":0.02678571433333334,"none":0.008928571333333335},"intensity":{"high":0.09357142866666668,"low":0.07571428566666666,"meium":0.8188095236666667,"none":0.011904762},"expressive":{"dir-action":0,"dir-explicit":0.19166666666666665,"dir-speech":0.5041666666666667,"indirect":0.29523809533333334,"writing-device":0.008928571333333333}},{"id":"돈통마늘보쌈 미사강변도시점","permalink":"","username":"asdfg","text":"직화불보쌈 진짜 맛잇어요! 꼬치 양념이예요!","date":"Mon Dec 10 23:59:44 +0000 2018","retweets":"30","favorites":"20","mentions":[],"hashtags":[],"geo":"","raw":"직화불보쌈 진짜 맛잇어요! 꼬치 양념이예요!","polarity":{"com":0.020958605666666665,"pos":0.6485403049999999,"neg":0.22592592599999997,"neut":0.03050108933333333,"none":0.07407407399999999},"intensity":{"high":0.08248366002749455,"low":0.06723311535574437,"meium":0.7762091505920697,"none":0.07407407402469136},"expressive":{"dir-action":0,"dir-explicit":0.206100218,"dir-speech":0.46753812633333336,"indirect":0.245751634,"writing-device":0.08061002166666667}},{"id":"돈통마늘보쌈 미사강변도시점","permalink":"","username":"asdfg","text":"직화불보쌈 맛잇어요!!","date":"Mon Dec 10 23:59:44 +0000 2018","retweets":"30","favorites":"20","mentions":[],"hashtags":[],"geo":"","raw":"직화불보쌈 맛잇어요!!","polarity":{"com":0.02,"pos":0.78,"neg":0.2,"neut":0,"none":0},"intensity":{"high":0.06,"low":0.06,"meium":0.88,"none":0},"expressive":{"dir-action":0,"dir-explicit":0.1,"dir-speech":0.6,"indirect":0.3,"writing-device":0}},{"id":"돈통마늘보쌈 미사강변도시점","permalink":"","username":"asdfg","text":"직화불보쌈 맛잇어용 !!!!","date":"Mon Dec 10 23:59:44 +0000 2018","retweets":"30","favorites":"20","mentions":[],"hashtags":[],"geo":"","raw":"직화불보쌈 맛잇어용 !!!!","polarity":{"com":0.02,"pos":0.78,"neg":0.2,"neut":0,"none":0},"intensity":{"high":0.06,"low":0.06,"meium":0.88,"none":0},"expressive":{"dir-action":0,"dir-explicit":0.1,"dir-speech":0.6,"indirect":0.3,"writing-device":0}},{"id":"돈통마늘보쌈 미사강변도시점","permalink":"","username":"asdfg","text":"홍어삼합은 항상 여기서 시켯는데 시키면 시킬수록 실망이네요.오늘은 가오리회?? 넣다 만느낌 이고....홍어회도 양이 적어지네요.....마니파세요","date":"Mon Dec 10 23:59:44 +0000 2018","retweets":"30","favorites":"20","mentions":[],"hashtags":[],"geo":"","raw":"홍어삼합은 항상 여기서 시켯는데 시키면 시킬수록 실망이네요.오늘은 가오리회?? 넣다 만느낌 이고....홍어회도 양이 적어지네요.....마니파세요","polarity":{"com":0.0094753984,"pos":0.4343489097,"neg":0.42321885760000005,"neut":0.026169131899999996,"none":0.10678770240000002},"intensity":{"high":0.09460914923784368,"low":0.11993300904797324,"meium":0.6782296106712918,"none":0.10722823104289132},"expressive":{"dir-action":0.00044052859999999997,"dir-explicit":0.2360484738,"dir-speech":0.5149158594000001,"indirect":0.14012040860000002,"writing-device":0.1084747296}},{"id":"돈통마늘보쌈 미사강변도시점","permalink":"","username":"asdfg","text":"맛있게 잘 먹었습니다~~","date":"Mon Dec 10 23:59:44 +0000 2018","retweets":"30","favorites":"20","mentions":[],"hashtags":[],"geo":"","raw":"맛있게 잘 먹었습니다~~","polarity":{"com":0,"pos":0.35714285717857136,"neg":0.6071428573035714,"neut":0.03571428551785714,"none":0},"intensity":{"high":0,"low":0.107142857,"meium":0.8928571430000001,"none":0},"expressive":{"dir-action":0,"dir-explicit":0.107142857,"dir-speech":0.5714285715,"indirect":0.3214285715,"writing-device":0}},{"id":"돈통마늘보쌈 미사강변도시점","permalink":"","username":"asdfg","text":"냉채족발 시켰습니다. 전체적인 맛의 조화미가 떨어졌습니다. ","date":"Mon Dec 10 23:59:44 +0000 2018","retweets":"30","favorites":"20","mentions":[],"hashtags":[],"geo":"","raw":"냉채족발 시켰습니다. 전체적인 맛의 조화미가 떨어졌습니다. ","polarity":{"com":0.013577653333333333,"pos":0.5987784003333333,"neg":0.24735449733333334,"neut":0.057286803666666664,"none":0.08300264533333333},"intensity":{"high":0.09605508869868504,"low":0.06294740102098247,"meium":0.7550186742516729,"none":0.08597883602865962},"expressive":{"dir-action":0,"dir-explicit":0.2644335513333333,"dir-speech":0.5050381263333332,"indirect":0.1409897293333333,"writing-device":0.08953859299999999}},{"id":"돈통마늘보쌈 미사강변도시점","permalink":"","username":"asdfg","text":"깔끔한 포장에 빠른 배달로 따뜻한 보쌈을 먹었네요~^^","date":"Mon Dec 10 23:59:44 +0000 2018","retweets":"30","favorites":"20","mentions":[],"hashtags":[],"geo":"","raw":"깔끔한 포장에 빠른 배달로 따뜻한 보쌈을 먹었네요~^^","polarity":{"com":0.004004004000000001,"pos":0.6229354355,"neg":0.36355105099999996,"neut":0.0055055055000000006,"none":0.004004004000000001},"intensity":{"high":0.019019019,"low":0.1945695695,"meium":0.7819069070000001,"none":0.0045045045},"expressive":{"dir-action":0.0005005005000000001,"dir-explicit":0.13538538533333336,"dir-speech":0.3483483483333334,"indirect":0.5112612613333334,"writing-device":0.004504504500000001}},{"id":"돈통마늘보쌈 미사강변도시점","permalink":"","username":"asdfg","text":"발열팩을 사용한곳은 첨이네요그런 세심함은 좋으나 양이 좀 적고특별하게 맛있다고 느껴지진 않은듯 합니다","date":"Mon Dec 10 23:59:44 +0000 2018","retweets":"30","favorites":"20","mentions":[],"hashtags":[],"geo":"","raw":"발열팩을 사용한곳은 첨이네요그런 세심함은 좋으나 양이 좀 적고특별하게 맛있다고 느껴지진 않은듯 합니다","polarity":{"com":0.01917486022929424,"pos":0.5973928621078929,"neg":0.2401155745969142,"neut":0.043792712612015935,"none":0.09952399045388276},"intensity":{"high":0.07678169330769233,"low":0.061646527538461546,"meium":0.7617169366923077,"none":0.09985484246153846},"expressive":{"dir-action":0.002147557000165197,"dir-explicit":0.3508671276423745,"dir-speech":0.30975743656228905,"indirect":0.23573359224890258,"writing-device":0.10149428654626878}},{"id":"돈통마늘보쌈 미사강변도시점","permalink":"","username":"asdfg","text":"맛나요~발열팩까지 들어있어 다 먹을때 까지 따뜻하게 ㅎㅎ 담에 또 주문 ㄱㄱ~","date":"Mon Dec 10 23:59:44 +0000 2018","retweets":"30","favorites":"20","mentions":[],"hashtags":[],"geo":"","raw":"맛나요~발열팩까지 들어있어 다 먹을때 까지 따뜻하게 ㅎㅎ 담에 또 주문 ㄱㄱ~","polarity":{"com":0,"pos":0.5670995669776335,"neg":0.15476190478174603,"neut":0.04545454548484848,"none":0.23268398275577198},"intensity":{"high":0.08549783550000001,"low":0.053030303,"meium":0.6212121211666667,"none":0.24025974033333333},"expressive":{"dir-action":0,"dir-explicit":0.14069264083333333,"dir-speech":0.420995671,"indirect":0.17424242416666666,"writing-device":0.264069264}}]