[{"id":"한민족이래","permalink":"","username":"asdfg","text":"대자 같은 중자...","date":"Mon Dec 10 23:59:44 +0000 2018","retweets":"30","favorites":"20","mentions":[],"hashtags":[],"geo":"","raw":"대자 같은 중자...","polarity":{"com":0,"pos":0.238095238,"neg":0.333333333,"neut":0.142857143,"none":0.285714286},"intensity":{"high":0.095238095,"low":0,"meium":0.619047619,"none":0.285714286},"expressive":{"dir-action":0,"dir-explicit":0.285714286,"dir-speech":0.142857143,"indirect":0.238095238,"writing-device":0.333333333}},{"id":"한민족이래","permalink":"","username":"asdfg","text":"황제문어해물보쌈 처음먹어보는데 맛있었어요 색다르고ㅋㅋ 자주 사먹어야겠어요","date":"Mon Dec 10 23:59:44 +0000 2018","retweets":"30","favorites":"20","mentions":[],"hashtags":[],"geo":"","raw":"황제문어해물보쌈 처음먹어보는데 맛있었어요 색다르고ㅋㅋ 자주 사먹어야겠어요","polarity":{"com":0.03571428574107143,"pos":0.6071428570982144,"neg":0.32142857141964293,"neut":0,"none":0.03571428574107143},"intensity":{"high":0,"low":0.25,"meium":0.71428571425,"none":0.03571428575},"expressive":{"dir-action":0,"dir-explicit":0.07142857148214285,"dir-speech":0.6071428570982143,"indirect":0.28571428567857143,"writing-device":0.035714285741071425}}]