[{"id":"가장맛있는족발 선정릉점","permalink":"","username":"asdfg","text":"잘묵었어요~ 담에 또 시킬께요","date":"Mon Dec 10 23:59:44 +0000 2018","retweets":"30","favorites":"20","mentions":[],"hashtags":[],"geo":"","raw":"잘묵었어요~ 담에 또 시킬께요","polarity":{"com":0,"pos":0.42857142849999996,"neg":0.3214285715,"neut":0.0357142855,"none":0.2142857145},"intensity":{"high":0,"low":0.107142857,"meium":0.6785714285,"none":0.2142857145},"expressive":{"dir-action":0,"dir-explicit":0.17857142850000002,"dir-speech":0.21428571450000003,"indirect":0.32142857150000004,"writing-device":0.28571428550000005}},{"id":"가장맛있는족발 선정릉점","permalink":"","username":"asdfg","text":"항상맛있긴한데 마지막에 짧은 눈썹같은털이..돼지털인지..","date":"Mon Dec 10 23:59:44 +0000 2018","retweets":"30","favorites":"20","mentions":[],"hashtags":[],"geo":"","raw":"항상맛있긴한데 마지막에 짧은 눈썹같은털이..돼지털인지..","polarity":{"com":0.0038126361666666665,"pos":0.49159314166666673,"neg":0.294735747,"neut":0.05029602349999999,"none":0.15956245166666666},"intensity":{"high":0.04273282334757761,"low":0.19151917939717306,"meium":0.6061855455353953,"none":0.15956245171985414},"expressive":{"dir-action":0,"dir-explicit":0.3139650367810058,"dir-speech":0.2467171637922138,"indirect":0.2479516151253414,"writing-device":0.19136618430143898}},{"id":"가장맛있는족발 선정릉점","permalink":"","username":"asdfg","text":"너무 맛있었어요!~~가족은 워낙 다 평균이상이지만 선정릉점 다섯손가락 안에 꼽을만큼 배달도 빠르고 너무 좋네용!! 방금 또 주문 했어요 ㅎㅎㅎ","date":"Mon Dec 10 23:59:44 +0000 2018","retweets":"30","favorites":"20","mentions":[],"hashtags":[],"geo":"","raw":"너무 맛있었어요!~~가족은 워낙 다 평균이상이지만 선정릉점 다섯손가락 안에 꼽을만큼 배달도 빠르고 너무 좋네용!! 방금 또 주문 했어요 ㅎㅎㅎ","polarity":{"com":0.02286219530945094,"pos":0.529335606886872,"neg":0.2859826954835371,"neut":0.06620247562047711,"none":0.09561702669966285},"intensity":{"high":0.1393362385170252,"low":0.11824238982796273,"meium":0.6459201716698584,"none":0.09650119998515366},"expressive":{"dir-action":0.0008841733076923076,"dir-explicit":0.2916824554615384,"dir-speech":0.3537166856923077,"indirect":0.2444581280769231,"writing-device":0.10925855746153847}},{"id":"가장맛있는족발 선정릉점","permalink":"","username":"asdfg","text":"현금 결제하면 막국수 서비스 감사용","date":"Mon Dec 10 23:59:44 +0000 2018","retweets":"30","favorites":"20","mentions":[],"hashtags":[],"geo":"","raw":"현금 결제하면 막국수 서비스 감사용","polarity":{"com":0.006451612999999998,"pos":0.8387096773333333,"neg":0.117562724,"neut":0.02795698933333333,"none":0.009318996333333333},"intensity":{"high":0.046594982,"low":0.7053763439999999,"meium":0.23799283166666665,"none":0.010035842333333333},"expressive":{"dir-action":0.0021505376666666664,"dir-explicit":0.10465949833333332,"dir-speech":0.09820788533333333,"indirect":0.7856630823333333,"writing-device":0.009318996333333333}},{"id":"가장맛있는족발 선정릉점","permalink":"","username":"asdfg","text":"진짜맛있어요! .잘먹엇습니다","date":"Mon Dec 10 23:59:44 +0000 2018","retweets":"30","favorites":"20","mentions":[],"hashtags":[],"geo":"","raw":"진짜맛있어요! .잘먹엇습니다","polarity":{"com":0,"pos":0.35714285717857136,"neg":0.6071428573035714,"neut":0.03571428551785714,"none":0},"intensity":{"high":0,"low":0.107142857,"meium":0.8928571430000001,"none":0},"expressive":{"dir-action":0,"dir-explicit":0.107142857,"dir-speech":0.5714285715,"indirect":0.3214285715,"writing-device":0}},{"id":"가장맛있는족발 선정릉점","permalink":"","username":"asdfg","text":"많이시켜서 써비스 주시고 할줄 알았는데ㅠㅜ7만얼마치 시켯는데 야박하시네요 막국수 안주시고 그래도 보쌈족발 다 넘 맛있긴하네요","date":"Mon Dec 10 23:59:44 +0000 2018","retweets":"30","favorites":"20","mentions":[],"hashtags":[],"geo":"","raw":"많이시켜서 써비스 주시고 할줄 알았는데ㅠㅜ7만얼마치 시켯는데 야박하시네요 막국수 안주시고 그래도 보쌈족발 다 넘 맛있긴하네요","polarity":{"com":0.005141515333761792,"pos":0.4002535375333545,"neg":0.4304608002025384,"neut":0.03900551100325046,"none":0.1251386359270949},"intensity":{"high":0.10536666714032501,"low":0.19099743620225065,"meium":0.5762231289392776,"none":0.1274127677181468},"expressive":{"dir-action":0.0029909776669159146,"dir-explicit":0.24427991268702334,"dir-speech":0.3317650236109804,"indirect":0.20888174260074013,"writing-device":0.2120823434343402}},{"id":"가장맛있는족발 선정릉점","permalink":"","username":"asdfg","text":"오늘도  맛있게  잘  먹었습니다  !!","date":"Mon Dec 10 23:59:44 +0000 2018","retweets":"30","favorites":"20","mentions":[],"hashtags":[],"geo":"","raw":"오늘도  맛있게  잘  먹었습니다  !!","polarity":{"com":0.0035714285017857143,"pos":0.4642857142321428,"neg":0.27142857163571427,"neut":0.042857142521428575,"none":0.2178571431089286},"intensity":{"high":0.0714285715,"low":0.164285714,"meium":0.5464285715,"none":0.217857143},"expressive":{"dir-action":0,"dir-explicit":0.1999999999,"dir-speech":0.2214285713892857,"indirect":0.3642857143178571,"writing-device":0.21428571439285712}},{"id":"가장맛있는족발 선정릉점","permalink":"","username":"asdfg","text":"맛있어요 ~~~~~~~","date":"Mon Dec 10 23:59:44 +0000 2018","retweets":"30","favorites":"20","mentions":[],"hashtags":[],"geo":"","raw":"맛있어요 ~~~~~~~","polarity":{"com":0,"pos":0,"neg":1,"neut":0,"none":0},"intensity":{"high":0,"low":0,"meium":1,"none":0},"expressive":{"dir-action":0,"dir-explicit":0,"dir-speech":1,"indirect":0,"writing-device":0}},{"id":"가장맛있는족발 선정릉점","permalink":"","username":"asdfg","text":"족발은 괜찮은데 보쌈은 별루네요 술국은정말맛있어요","date":"Mon Dec 10 23:59:44 +0000 2018","retweets":"30","favorites":"20","mentions":[],"hashtags":[],"geo":"","raw":"족발은 괜찮은데 보쌈은 별루네요 술국은정말맛있어요","polarity":{"com":0.012711864750000001,"pos":0.26694915225,"neg":0.6694915255,"neut":0.02542372875,"none":0.02542372875},"intensity":{"high":0.07627118630720338,"low":0.10169491507627118,"meium":0.7966101698474577,"none":0.025423728769067795},"expressive":{"dir-action":0,"dir-explicit":0.20338983075000003,"dir-speech":0.6694915255000001,"indirect":0.10169491500000001,"writing-device":0.025423728750000003}},{"id":"가장맛있는족발 선정릉점","permalink":"","username":"asdfg","text":"이번엔 고기가 너무 질기고 껍데기 밖에 안와서 완전 실망했어요~맨날 반반만 시키다가 불족발만 처음으로 시켜봤는데.ㅠㅠ 너무 했음요~","date":"Mon Dec 10 23:59:44 +0000 2018","retweets":"30","favorites":"20","mentions":[],"hashtags":[],"geo":"","raw":"이번엔 고기가 너무 질기고 껍데기 밖에 안와서 완전 실망했어요~맨날 반반만 시키다가 불족발만 처음으로 시켜봤는데.ㅠㅠ 너무 했음요~","polarity":{"com":0.015005760420418108,"pos":0.24967792806241956,"neg":0.6056968979847576,"neut":0.04058585901014647,"none":0.0890335545222584},"intensity":{"high":0.16606088441666667,"low":0.058899031,"meium":0.6850832709166665,"none":0.08995681366666668},"expressive":{"dir-action":0.0005376344166666667,"dir-explicit":0.50568130725,"dir-speech":0.22998542675,"indirect":0.17250449675,"writing-device":0.09129113483333333}}]