[{"id":"이가족발","permalink":"","username":"asdfg","text":"맛있어서 자주 시켜먹는 족발보쌈집, 숯불보쌈 소스가 맛있어요","date":"Mon Dec 10 23:59:44 +0000 2018","retweets":"30","favorites":"20","mentions":[],"hashtags":[],"geo":"","raw":"맛있어서 자주 시켜먹는 족발보쌈집, 숯불보쌈 소스가 맛있어요","polarity":{"com":0.0035714286,"pos":0.44880952380000005,"neg":0.5261904761999999,"neut":0.0160714286,"none":0.0053571428},"intensity":{"high":0.0543650794,"low":0.2992063492,"meium":0.6392857142,"none":0.0071428572},"expressive":{"dir-action":0,"dir-explicit":0.11944444439999999,"dir-speech":0.8180555556,"indirect":0.057142857199999994,"writing-device":0.0053571428}},{"id":"이가족발","permalink":"","username":"asdfg","text":"여기 전에 맛있게먹고 두번째에 글 쓰네요. 지금까지 주문한 곳 중 제일 서비스 좋았어요. 양도 많아 다 못먹을뻔 ㅠ","date":"Mon Dec 10 23:59:44 +0000 2018","retweets":"30","favorites":"20","mentions":[],"hashtags":[],"geo":"","raw":"여기 전에 맛있게먹고 두번째에 글 쓰네요. 지금까지 주문한 곳 중 제일 서비스 좋았어요. 양도 많아 다 못먹을뻔 ㅠ","polarity":{"com":0.01691104599846263,"pos":0.4518367219589239,"neg":0.41402447268963416,"neut":0.026728717815751934,"none":0.09049904153722735},"intensity":{"high":0.155601938377782,"low":0.16576539319688774,"meium":0.5838058920530732,"none":0.09482677637225696},"expressive":{"dir-action":0.04604105573145827,"dir-explicit":0.20905841720082352,"dir-speech":0.49905894895445996,"indirect":0.1512103051955646,"writing-device":0.09463127291769376}},{"id":"이가족발","permalink":"","username":"asdfg","text":"나주곰탕 \n완젼완젼맛나요~^^\n\n곰탕이너무먹구싶어서\n어디서시킬까..\n족발집서\n설마 괜찮을까..\n했는데\n\n진짜!\n맛있다는^^\n\n같이보내주신반찬\n\n콩나물무침,김치,양파짱아찌\n다다맛있옹ㅋ\n\n글구전화받으셨던\n아주머니~~^^\n너무친절하세요~^^\n\n\n곰탕은앞으로여기서먹는걸로~!","date":"Mon Dec 10 23:59:44 +0000 2018","retweets":"30","favorites":"20","mentions":[],"hashtags":[],"geo":"","raw":"나주곰탕 \n완젼완젼맛나요~^^\n\n곰탕이너무먹구싶어서\n어디서시킬까..\n족발집서\n설마 괜찮을까..\n했는데\n\n진짜!\n맛있다는^^\n\n같이보내주신반찬\n\n콩나물무침,김치,양파짱아찌\n다다맛있옹ㅋ\n\n글구전화받으셨던\n아주머니~~^^\n너무친절하세요~^^\n\n\n곰탕은앞으로여기서먹는걸로~!","polarity":{"com":0.03856289373590419,"pos":0.4861371331657425,"neg":0.39865832355991054,"neut":0.011090392334072692,"none":0.06555125720437009},"intensity":{"high":0.07227318406666666,"low":0.09487607420000001,"meium":0.766533201,"none":0.06631754073333333},"expressive":{"dir-action":0.0007662835333844186,"dir-explicit":0.10055309714003687,"dir-speech":0.6257738134417182,"indirect":0.20346939661356456,"writing-device":0.06943740927129582}},{"id":"이가족발","permalink":"","username":"asdfg","text":"첨 시켜봤는데... 괜찮네요~\n전화도 친절히 받아주시고~서비스 불족발도 생각보다 푸짐해서 깜놀~\n근데 숯불보쌈은 반은 매운 소스가 뿌려있어서 애들이 반밖에 못먹었네요~알았다면 따로 요청 드렸을텐데요~\n고추가 무지 매웠던것 빼곤... 맛나게 잘 먹었습니다.\n","date":"Mon Dec 10 23:59:44 +0000 2018","retweets":"30","favorites":"20","mentions":[],"hashtags":[],"geo":"","raw":"첨 시켜봤는데... 괜찮네요~\n전화도 친절히 받아주시고~서비스 불족발도 생각보다 푸짐해서 깜놀~\n근데 숯불보쌈은 반은 매운 소스가 뿌려있어서 애들이 반밖에 못먹었네요~알았다면 따로 요청 드렸을텐데요~\n고추가 무지 매웠던것 빼곤... 맛나게 잘 먹었습니다.\n","polarity":{"com":0.012965004842105263,"pos":0.4020635384210526,"neg":0.3445010021052632,"neut":0.08536964000000001,"none":0.15510081463157893},"intensity":{"high":0.06986924206734091,"low":0.14626777018868797,"meium":0.6274324134478806,"none":0.1564305742960907},"expressive":{"dir-action":0.00038990994734789953,"dir-explicit":0.19768922814749007,"dir-speech":0.285921768669162,"indirect":0.3495833288237062,"writing-device":0.16641576441229394}},{"id":"이가족발","permalink":"","username":"asdfg","text":"맛있어요.싸비스로불족발줌","date":"Mon Dec 10 23:59:44 +0000 2018","retweets":"30","favorites":"20","mentions":[],"hashtags":[],"geo":"","raw":"맛있어요.싸비스로불족발줌","polarity":{"com":0,"pos":0,"neg":1,"neut":0,"none":0},"intensity":{"high":0.16666666666666666,"low":0,"meium":0.8333333333333334,"none":0},"expressive":{"dir-action":0,"dir-explicit":0.3333333333333333,"dir-speech":0.3333333333333333,"indirect":0.3333333333333333,"writing-device":0}},{"id":"이가족발","permalink":"","username":"asdfg","text":"배달도빠르고.서비스로불족발맛나요.","date":"Mon Dec 10 23:59:44 +0000 2018","retweets":"30","favorites":"20","mentions":[],"hashtags":[],"geo":"","raw":"배달도빠르고.서비스로불족발맛나요.","polarity":{"com":0,"pos":0.8,"neg":0.2,"neut":0,"none":0},"intensity":{"high":0,"low":0.26666666660000005,"meium":0.7333333334,"none":0},"expressive":{"dir-action":0,"dir-explicit":0.2,"dir-speech":0.4,"indirect":0.4,"writing-device":0}},{"id":"이가족발","permalink":"","username":"asdfg","text":"음식이넘맛나요.싸비스로오는불족발이넘맛나요.      ","date":"Mon Dec 10 23:59:44 +0000 2018","retweets":"30","favorites":"20","mentions":[],"hashtags":[],"geo":"","raw":"음식이넘맛나요.싸비스로오는불족발이넘맛나요.      ","polarity":{"com":0,"pos":0.25,"neg":0.5,"neut":0.25,"none":0},"intensity":{"high":0.25,"low":0,"meium":0.75,"none":0},"expressive":{"dir-action":0,"dir-explicit":0,"dir-speech":0.25,"indirect":0.75,"writing-device":0}},{"id":"이가족발","permalink":"","username":"asdfg","text":"족발맛이 쫀득쫀득 한게 씹히는식감 최고! 짱~ 내입맛에는 넘좋아요^^","date":"Mon Dec 10 23:59:44 +0000 2018","retweets":"30","favorites":"20","mentions":[],"hashtags":[],"geo":"","raw":"족발맛이 쫀득쫀득 한게 씹히는식감 최고! 짱~ 내입맛에는 넘좋아요^^","polarity":{"com":0.0016420361428571423,"pos":0.6348449688571429,"neg":0.27311054585714284,"neut":0.045435680857142856,"none":0.044966768285714276},"intensity":{"high":0.06051594827706915,"low":0.09075732155846324,"meium":0.8021179257425545,"none":0.04660880442191303},"expressive":{"dir-action":0.0016420361430917196,"dir-explicit":0.31819171533117035,"dir-speech":0.5675382089382198,"indirect":0.060467589294352524,"writing-device":0.05216045029316578}}]