[{"id":"장충동 원조족발보쌈CESCO","permalink":"","username":"asdfg","text":"푸짐한양에 미소가 절로번지네요 3명이서거뜬히 먹겠어용","date":"Mon Dec 10 23:59:44 +0000 2018","retweets":"30","favorites":"20","mentions":[],"hashtags":[],"geo":"","raw":"푸짐한양에 미소가 절로번지네요 3명이서거뜬히 먹겠어용","polarity":{"com":0.014543634199999999,"pos":0.3576756588,"neg":0.5755574642,"neut":0.0402991806,"none":0.0119240622},"intensity":{"high":0.09833327661966666,"low":0.10912155062182431,"meium":0.7773537383554707,"none":0.015191434403038285},"expressive":{"dir-action":0.0014816578002963315,"dir-explicit":0.4647262900929453,"dir-speech":0.30832026966166404,"indirect":0.21206606244241322,"writing-device":0.013405720002681143}},{"id":"장충동 원조족발보쌈CESCO","permalink":"","username":"asdfg","text":"양이 좀 적네요. 펼치고 나니 가격에 비해 너무 적었어요","date":"Mon Dec 10 23:59:44 +0000 2018","retweets":"30","favorites":"20","mentions":[],"hashtags":[],"geo":"","raw":"양이 좀 적네요. 펼치고 나니 가격에 비해 너무 적었어요","polarity":{"com":0.03571428575,"pos":0.78571428575,"neg":0.1785714285,"neut":0,"none":0},"intensity":{"high":0.03571428575,"low":0.03571428575,"meium":0.9285714285,"none":0},"expressive":{"dir-action":0,"dir-explicit":0.49285714275,"dir-speech":0.2214285715,"indirect":0.28571428575,"writing-device":0}},{"id":"장충동 원조족발보쌈CESCO","permalink":"","username":"asdfg","text":"맛있게 먹었습니다. 식감도 좋네요.","date":"Mon Dec 10 23:59:44 +0000 2018","retweets":"30","favorites":"20","mentions":[],"hashtags":[],"geo":"","raw":"맛있게 먹었습니다. 식감도 좋네요.","polarity":{"com":0,"pos":0.4177777776666667,"neg":0.568888889,"neut":0,"none":0.013333333333333334},"intensity":{"high":0.10370370366666666,"low":0.08740740733333334,"meium":0.7955555556666667,"none":0.013333333333333334},"expressive":{"dir-action":0,"dir-explicit":0.274074074,"dir-speech":0.6592592593333333,"indirect":0.05333333333333334,"writing-device":0.013333333333333334}},{"id":"장충동 원조족발보쌈CESCO","permalink":"","username":"asdfg","text":"쩌러요 다음에꼭또먹겟스무니다","date":"Mon Dec 10 23:59:44 +0000 2018","retweets":"30","favorites":"20","mentions":[],"hashtags":[],"geo":"","raw":"쩌러요 다음에꼭또먹겟스무니다","polarity":{"com":0,"pos":0.3333333335,"neg":0.5,"neut":0,"none":0.1666666665},"intensity":{"high":0,"low":0,"meium":0.8333333334999999,"none":0.1666666665},"expressive":{"dir-action":0,"dir-explicit":0,"dir-speech":0.6666666668333333,"indirect":0.16666666658333332,"writing-device":0.16666666658333332}},{"id":"장충동 원조족발보쌈CESCO","permalink":"","username":"asdfg","text":"맛있었어요~~~ 조금냠세나는것빼구요","date":"Mon Dec 10 23:59:44 +0000 2018","retweets":"30","favorites":"20","mentions":[],"hashtags":[],"geo":"","raw":"맛있었어요~~~ 조금냠세나는것빼구요","polarity":{"com":0,"pos":0,"neg":1,"neut":0,"none":0},"intensity":{"high":0,"low":0,"meium":1,"none":0},"expressive":{"dir-action":0,"dir-explicit":0,"dir-speech":1,"indirect":0,"writing-device":0}},{"id":"장충동 원조족발보쌈CESCO","permalink":"","username":"asdfg","text":"잘목엇습니다감가헙니다","date":"Mon Dec 10 23:59:44 +0000 2018","retweets":"30","favorites":"20","mentions":[],"hashtags":[],"geo":"","raw":"잘목엇습니다감가헙니다","polarity":{"com":0,"pos":0.7142857147142857,"neg":0.21428571421428572,"neut":0.07142857107142857,"none":0},"intensity":{"high":0,"low":0.214285714,"meium":0.785714286,"none":0},"expressive":{"dir-action":0,"dir-explicit":0.214285714,"dir-speech":0.142857143,"indirect":0.642857143,"writing-device":0}},{"id":"장충동 원조족발보쌈CESCO","permalink":"","username":"asdfg","text":"맛납니당!","date":"Mon Dec 10 23:59:44 +0000 2018","retweets":"30","favorites":"20","mentions":[],"hashtags":[],"geo":"","raw":"맛납니당!!!!!!!!!!","polarity":{"com":0,"pos":1,"neg":0,"neut":0,"none":0},"intensity":{"high":0,"low":0,"meium":1,"none":0},"expressive":{"dir-action":0,"dir-explicit":0,"dir-speech":1,"indirect":0,"writing-device":0}},{"id":"장충동 원조족발보쌈CESCO","permalink":"","username":"asdfg","text":"맛납니다 개인적으로는 제일 괜찮은곳이라 생각됩니다","date":"Mon Dec 10 23:59:44 +0000 2018","retweets":"30","favorites":"20","mentions":[],"hashtags":[],"geo":"","raw":"맛납니다 개인적으로는 제일 괜찮은곳이라 생각됩니다","polarity":{"com":0.041666666750000005,"pos":0.5481150792500001,"neg":0.25198412700000006,"neut":0.12797619050000003,"none":0.030257936500000002},"intensity":{"high":0.070436508,"low":0.1220238095,"meium":0.777281746,"none":0.0302579365},"expressive":{"dir-action":0,"dir-explicit":0.25843253975,"dir-speech":0.65625,"indirect":0.05109126975,"writing-device":0.034226190499999996}},{"id":"장충동 원조족발보쌈CESCO","permalink":"","username":"asdfg","text":"보쌈 시켯는데 리뷰안좋아서 불안해하며 시켯는데 ㅋㅋㅋㅋ진짜 맛있네요 자주먹고 싶지만 다이어트 하기전날이라 ...시킨거여섴ㅋㅋ살뺘고나서 자주먹을께여...","date":"Mon Dec 10 23:59:44 +0000 2018","retweets":"30","favorites":"20","mentions":[],"hashtags":[],"geo":"","raw":"보쌈 시켯는데 리뷰안좋아서 불안해하며 시켯는데 ㅋㅋㅋㅋ진짜 맛있네요 자주먹고 싶지만 다이어트 하기전날이라 ...시킨거여섴ㅋㅋ살뺘고나서 자주먹을께여...","polarity":{"com":0.00683940242857143,"pos":0.47373949578571434,"neg":0.4096230159285714,"neut":0.02596872085714286,"none":0.083829365},"intensity":{"high":0.10441760037205966,"low":0.1985760970997966,"meium":0.6131769375161682,"none":0.08382936501197562},"expressive":{"dir-action":0,"dir-explicit":0.21759453787268535,"dir-speech":0.5006711018214766,"indirect":0.1549253034396375,"writing-device":0.12680905686620067}},{"id":"장충동 원조족발보쌈CESCO","permalink":"","username":"asdfg","text":"족발 맛있었어요 야채도 많이주셔서 잘막었어요","date":"Mon Dec 10 23:59:44 +0000 2018","retweets":"30","favorites":"20","mentions":[],"hashtags":[],"geo":"","raw":"족발 맛있었어요 야채도 많이주셔서 잘막었어요","polarity":{"com":0,"pos":0.5714285715238094,"neg":0.40476190480158736,"neut":0.023809523674603175,"none":0},"intensity":{"high":0,"low":0.40476190466666667,"meium":0.5952380953333334,"none":0},"expressive":{"dir-action":0,"dir-explicit":0.07142857133333333,"dir-speech":0.7142857143333333,"indirect":0.21428571433333332,"writing-device":0}},{"id":"장충동 원조족발보쌈CESCO","permalink":"","username":"asdfg","text":"보쌈 맛있게 먹었어요 양은 좀 적어요 ","date":"Mon Dec 10 23:59:44 +0000 2018","retweets":"30","favorites":"20","mentions":[],"hashtags":[],"geo":"","raw":"보쌈 맛있게 먹었어요 양은 좀 적어요 ","polarity":{"com":0,"pos":0.4444444443333333,"neg":0.5555555556666666,"neut":0,"none":0},"intensity":{"high":0.03703703699999999,"low":0.07407407399999999,"meium":0.888888889,"none":0},"expressive":{"dir-action":0,"dir-explicit":0.07407407399999999,"dir-speech":0.925925926,"indirect":0,"writing-device":0}},{"id":"장충동 원조족발보쌈CESCO","permalink":"","username":"asdfg","text":"족발무침 너무 잘 먹었네요 \n매운 양념도 너무 괜찮고 족발이랑\n야채랑 먹으니 부담없고 좋아요","date":"Mon Dec 10 23:59:44 +0000 2018","retweets":"30","favorites":"20","mentions":[],"hashtags":[],"geo":"","raw":"족발무침 너무 잘 먹었네요 \n매운 양념도 너무 괜찮고 족발이랑\n야채랑 먹으니 부담없고 좋아요","polarity":{"com":0.025,"pos":0.39063492050000004,"neg":0.5026984128333334,"neut":0.0023809523333333336,"none":0.07928571433333334},"intensity":{"high":0.11798941800000001,"low":0.15693121683333336,"meium":0.6457936508333334,"none":0.07928571433333334},"expressive":{"dir-action":0,"dir-explicit":0.3335978834444004,"dir-speech":0.3902116402682982,"indirect":0.19809523813365082,"writing-device":0.0780952381536508}},{"id":"장충동 원조족발보쌈CESCO","permalink":"","username":"asdfg","text":"족발 쫀득하니 좋아요 양도 적당하고\n먹을 만하네요 ","date":"Mon Dec 10 23:59:44 +0000 2018","retweets":"30","favorites":"20","mentions":[],"hashtags":[],"geo":"","raw":"족발 쫀득하니 좋아요 양도 적당하고\n먹을 만하네요 ","polarity":{"com":0.010104343999999998,"pos":0.5192721384000001,"neg":0.33884651479999994,"neut":0.026237942999999996,"none":0.10553905979999999},"intensity":{"high":0.1415734628,"low":0.11534421040000001,"meium":0.6365125588,"none":0.10656976800000002},"expressive":{"dir-action":0.001890923199621815,"dir-explicit":0.3268454629346309,"dir-speech":0.3324983047335003,"indirect":0.2340542201531891,"writing-device":0.10471108897905777}},{"id":"장충동 원조족발보쌈CESCO","permalink":"","username":"asdfg","text":"냉채족발 새콤하고 톡쏘는 소스 맛이 \n너무 좋아요 야채도 가득해서 느끼하지 않고\n너무 맛있네요","date":"Mon Dec 10 23:59:44 +0000 2018","retweets":"30","favorites":"20","mentions":[],"hashtags":[],"geo":"","raw":"냉채족발 새콤하고 톡쏘는 소스 맛이 \n너무 좋아요 야채도 가득해서 느끼하지 않고\n너무 맛있네요","polarity":{"com":0.04855281042857144,"pos":0.3937558247142858,"neg":0.4097209807142857,"neut":0.026464254428571428,"none":0.12150612971428572},"intensity":{"high":0.11036722868275221,"low":0.10527966396992008,"meium":0.6591339049545332,"none":0.12521920239279452},"expressive":{"dir-action":0.0037130727148161533,"dir-explicit":0.28038897432576987,"dir-speech":0.3984435526283491,"indirect":0.18668746174095535,"writing-device":0.13076693859010954}},{"id":"장충동 원조족발보쌈CESCO","permalink":"","username":"asdfg","text":"족발무침 맛있네요 처음 먹었는데 매콤한 양념이 매력적이에요 배달만 빠르면 더 좋겠어요","date":"Mon Dec 10 23:59:44 +0000 2018","retweets":"30","favorites":"20","mentions":[],"hashtags":[],"geo":"","raw":"족발무침 맛있네요 처음 먹었는데 매콤한 양념이 매력적이에요 배달만 빠르면 더 좋겠어요","polarity":{"com":0.028245452995964936,"pos":0.6389860147658591,"neg":0.29036417510137663,"neut":0.017305537140384922,"none":0.025098819996414452},"intensity":{"high":0.10283442658611919,"low":0.07851085815407297,"meium":0.7924975682560711,"none":0.026157147003736732},"expressive":{"dir-action":0.0010583270000000002,"dir-explicit":0.2874462162857143,"dir-speech":0.4114135712857143,"indirect":0.2739247384285714,"writing-device":0.026157147000000002}},{"id":"장충동 원조족발보쌈CESCO","permalink":"","username":"asdfg","text":"족뱅이 먹어 보고 맛잇어서 또 주문 했어요 신랑도 맛있다고 잘먹어서 단골할꺼같아요","date":"Mon Dec 10 23:59:44 +0000 2018","retweets":"30","favorites":"20","mentions":[],"hashtags":[],"geo":"","raw":"족뱅이 먹어 보고 맛잇어서 또 주문 했어요 신랑도 맛있다고 잘먹어서 단골할꺼같아요","polarity":{"com":0.006700419665922177,"pos":0.486818098723687,"neg":0.3100437877433285,"neut":0.042318919773075676,"none":0.15411877409398683},"intensity":{"high":0.07009061610332326,"low":0.08450708499061031,"meium":0.6900063855899993,"none":0.1553959133160671},"expressive":{"dir-action":0.0012771392223641265,"dir-explicit":0.17167183601907465,"dir-speech":0.39125919848791774,"indirect":0.2528416348058713,"writing-device":0.18295019146477223}},{"id":"장충동 원조족발보쌈CESCO","permalink":"","username":"asdfg","text":"이제는 족발도 전화해서 언제삶은거냐고 꼭물어봐야겠네요 괜히 족발받고 비린냄세가나고 색이 거뭇해서전화햇더니이틀전에살믄건데 오늘배달은다그걸로나가도문제없엇다고 전자렌지돌려드시라고해주셔서참감사","date":"Mon Dec 10 23:59:44 +0000 2018","retweets":"30","favorites":"20","mentions":[],"hashtags":[],"geo":"","raw":"이제는 족발도 전화해서 언제삶은거냐고 꼭물어봐야겠네요 괜히 족발받고 비린냄세가나고 색이 거뭇해서전화햇더니이틀전에살믄건데 오늘배달은다그걸로나가도문제없엇다고 전자렌지돌려드시라고해주셔서참감사","polarity":{"com":0.021210283789473684,"pos":0.4861331062631579,"neg":0.35633375026315783,"neut":0.07327141384210527,"none":0.06305144584210526},"intensity":{"high":0.1847197848421053,"low":0.10028585847368424,"meium":0.6517165384210526,"none":0.06327781826315791},"expressive":{"dir-action":0.0006791171578947368,"dir-explicit":0.2968707347368421,"dir-speech":0.39542249836842097,"indirect":0.24309901094736844,"writing-device":0.06392863878947368}},{"id":"장충동 원조족발보쌈CESCO","permalink":"","username":"asdfg","text":" 이 한여름에 이틀전에삶은 족발을배달해주는집 리뷰작성하러왔슴니다. 그거먹고 그담날 복통에 구토에 참감사합니다","date":"Mon Dec 10 23:59:44 +0000 2018","retweets":"30","favorites":"20","mentions":[],"hashtags":[],"geo":"","raw":" 이 한여름에 이틀전에삶은 족발을배달해주는집 리뷰작성하러왔슴니다. 그거먹고 그담날 복통에 구토에 참감사합니다","polarity":{"com":0.0059730699,"pos":0.4316041848,"neg":0.333150247,"neut":0.22278019959999998,"none":0.0064922987},"intensity":{"high":0.16429332550000003,"low":0.17352610669999996,"meium":0.6552581615,"none":0.0069224063},"expressive":{"dir-action":0.002791824100558365,"dir-explicit":0.30318608936063723,"dir-speech":0.5518676742103735,"indirect":0.1350615130270123,"writing-device":0.00709289930141858}},{"id":"장충동 원조족발보쌈CESCO","permalink":"","username":"asdfg","text":"족발 아주 깔끔하고 \n맛이 좋네요 양도 아주\n푸짐했어요 서비스도\n좋네요 ","date":"Mon Dec 10 23:59:44 +0000 2018","retweets":"30","favorites":"20","mentions":[],"hashtags":[],"geo":"","raw":"족발 아주 깔끔하고 \n맛이 좋네요 양도 아주\n푸짐했어요 서비스도\n좋네요 ","polarity":{"com":0.006315215,"pos":0.741628419875,"neg":0.164695738375,"neut":0.016398714375,"none":0.070961912375},"intensity":{"high":0.13084452537500002,"low":0.17431235375000004,"meium":0.623237015875,"none":0.07160610500000002},"expressive":{"dir-action":0.0011818269998522717,"dir-explicit":0.2515006365935624,"dir-speech":0.2918392182135201,"indirect":0.3850338875768708,"writing-device":0.07044443061619446}},{"id":"장충동 원조족발보쌈CESCO","permalink":"","username":"asdfg","text":"여름엔 냉채족발이죠 신선한 야채랑\n냄새없는 족발 향긋한 소스가 맛좋아요","date":"Mon Dec 10 23:59:44 +0000 2018","retweets":"30","favorites":"20","mentions":[],"hashtags":[],"geo":"","raw":"여름엔 냉채족발이죠 신선한 야채랑\n냄새없는 족발 향긋한 소스가 맛좋아요","polarity":{"com":0.010893033858699004,"pos":0.4240353159177193,"neg":0.42837216534691025,"neut":0.05272815086467546,"none":0.0839713340119959},"intensity":{"high":0.249852563,"low":0.09677975814285716,"meium":0.5660497980000001,"none":0.08731788085714287},"expressive":{"dir-action":0.002071036571724434,"dir-explicit":0.28932323789847475,"dir-speech":0.2693806056099115,"indirect":0.34482998304926143,"writing-device":0.09439513687062787}},{"id":"장충동 원조족발보쌈CESCO","permalink":"","username":"asdfg","text":"족발무침 매콤한게 맛있었어요.\n족발 잡내도없고 쫄깃한게 좋네요.\n야채도 많아서 만족이네요.","date":"Mon Dec 10 23:59:44 +0000 2018","retweets":"30","favorites":"20","mentions":[],"hashtags":[],"geo":"","raw":"족발무침 매콤한게 맛있었어요.\n족발 잡내도없고 쫄깃한게 좋네요.\n야채도 많아서 만족이네요.","polarity":{"com":0.009637931997246307,"pos":0.4569056414408841,"neg":0.44684607787232966,"neut":0.06032886612562032,"none":0.026281482563919576},"intensity":{"high":0.08648219327335968,"low":0.10382771555659605,"meium":0.7811636451741195,"none":0.0285264459959248},"expressive":{"dir-action":0.0008580008571428573,"dir-explicit":0.5238848151428572,"dir-speech":0.25405539957142853,"indirect":0.1899014132857143,"writing-device":0.03130037114285716}},{"id":"장충동 원조족발보쌈CESCO","permalink":"","username":"asdfg","text":"굴보쌈 먹었는데 괜찮네요.\n굴이 신선해서 좋았고 양도 푸짐하네요.\n보쌈고기도 야들야들한게 맛 좋고, 김치도 맛있네요.","date":"Mon Dec 10 23:59:44 +0000 2018","retweets":"30","favorites":"20","mentions":[],"hashtags":[],"geo":"","raw":"굴보쌈 먹었는데 괜찮네요.\n굴이 신선해서 좋았고 양도 푸짐하네요.\n보쌈고기도 야들야들한게 맛 좋고, 김치도 맛있네요.","polarity":{"com":0.006890663665901037,"pos":0.4692016840589776,"neg":0.28867443185681396,"neut":0.15044459842772837,"none":0.08478862199057904},"intensity":{"high":0.12219254665308973,"low":0.10821411832130955,"meium":0.6829549581463383,"none":0.0866383768792624},"expressive":{"dir-action":0.002327652111111111,"dir-explicit":0.3003154625555556,"dir-speech":0.44095470211111115,"indirect":0.16824212744444444,"writing-device":0.08816005577777779}},{"id":"장충동 원조족발보쌈CESCO","permalink":"","username":"asdfg","text":"파족발은 처음 시켜 보는데요 느끼하지 않고 맛있어요.\n족발도 파랑 너무 잘 어울려요굿ㅋㅋ","date":"Mon Dec 10 23:59:44 +0000 2018","retweets":"30","favorites":"20","mentions":[],"hashtags":[],"geo":"","raw":"파족발은 처음 시켜 보는데요 느끼하지 않고 맛있어요.\n족발도 파랑 너무 잘 어울려요굿ㅋㅋ","polarity":{"com":0.03323426342382367,"pos":0.3917649056583193,"neg":0.4750217356464254,"neut":0.023507197853784686,"none":0.07647189741764686},"intensity":{"high":0.09545571172792224,"low":0.08002192772571741,"meium":0.7476214626782316,"none":0.0769008978681287},"expressive":{"dir-action":0.0004290004285714286,"dir-explicit":0.23913927757142855,"dir-speech":0.3847799632857143,"indirect":0.2938188881428571,"writing-device":0.08183287057142856}},{"id":"장충동 원조족발보쌈CESCO","permalink":"","username":"asdfg","text":"불족발 잘 시켰어요\n매운거 땡겼는데 땀 뻘뻘 흘리며 술도 같이 먹고\n맛있어서 굿~~!","date":"Mon Dec 10 23:59:44 +0000 2018","retweets":"30","favorites":"20","mentions":[],"hashtags":[],"geo":"","raw":"불족발 잘 시켰어요\n매운거 땡겼는데 땀 뻘뻘 흘리며 술도 같이 먹고\n맛있어서 굿~~!","polarity":{"com":0,"pos":0.24603174602733685,"neg":0.7460317460828924,"neut":0.007936507889770723,"none":0},"intensity":{"high":0.2777777777777778,"low":0.07936507933333332,"meium":0.642857142888889,"none":0},"expressive":{"dir-action":0,"dir-explicit":0.1349206348888889,"dir-speech":0.2380952381111111,"indirect":0.5714285714444445,"writing-device":0.05555555555555555}},{"id":"장충동 원조족발보쌈CESCO","permalink":"","username":"asdfg","text":"족발 완전 쫄깃하고 \n맛도 좋아요 냄새도 안나고\n맛좋아요  자주 주문할께요","date":"Mon Dec 10 23:59:44 +0000 2018","retweets":"30","favorites":"20","mentions":[],"hashtags":[],"geo":"","raw":"족발 완전 쫄깃하고 \n맛도 좋아요 냄새도 안나고\n맛좋아요  자주 주문할께요","polarity":{"com":0.0030030030000000006,"pos":0.660326576625,"neg":0.30110078825000003,"neut":0.019754129125000002,"none":0.015815503000000005},"intensity":{"high":0.20332676425,"low":0.015510510500000001,"meium":0.764971846875,"none":0.016190878375000002},"expressive":{"dir-action":0.0003753753750000001,"dir-explicit":0.38747653900000006,"dir-speech":0.30969876125,"indirect":0.278445946,"writing-device":0.024003378375000006}},{"id":"장충동 원조족발보쌈CESCO","permalink":"","username":"asdfg","text":"불족으로 불금을 즐기는중이네요\n배달도 빠르고 맛있게 잘먹었어요","date":"Mon Dec 10 23:59:44 +0000 2018","retweets":"30","favorites":"20","mentions":[],"hashtags":[],"geo":"","raw":"불족으로 불금을 즐기는중이네요\n배달도 빠르고 맛있게 잘먹었어요","polarity":{"com":0.0035035035005839175,"pos":0.5459745460909957,"neg":0.42710567707118424,"neut":0.021914771836985796,"none":0.0015015015002502502},"intensity":{"high":0.0235235235,"low":0.11028886016666667,"meium":0.8646861148333334,"none":0.0015015015},"expressive":{"dir-action":0.0025025025004170834,"dir-explicit":0.26043901037673983,"dir-speech":0.41019591023503266,"indirect":0.3243600743873933,"writing-device":0.0025025025004170834}},{"id":"장충동 원조족발보쌈CESCO","permalink":"","username":"asdfg","text":"쫄깃한 족발이랑 부드럽고 담백한 보쌈 \n둘다 맛 괜찮았어요 배달이 좀 걸렸지만 기다려서 먹을만 하네요^^","date":"Mon Dec 10 23:59:44 +0000 2018","retweets":"30","favorites":"20","mentions":[],"hashtags":[],"geo":"","raw":"쫄깃한 족발이랑 부드럽고 담백한 보쌈 \n둘다 맛 괜찮았어요 배달이 좀 걸렸지만 기다려서 먹을만 하네요^^","polarity":{"com":0.004804804800000001,"pos":0.6427606178,"neg":0.1993564993,"neut":0.10660660660000003,"none":0.04647147150000001},"intensity":{"high":0.08512441009148757,"low":0.06761046759323895,"meium":0.8001930502199808,"none":0.047072072095292794},"expressive":{"dir-action":0.0006006006000000001,"dir-explicit":0.2865894465,"dir-speech":0.3700815101,"indirect":0.2956563707,"writing-device":0.0470720721}},{"id":"장충동 원조족발보쌈CESCO","permalink":"","username":"asdfg","text":"불미니족 양념 완전 짱 매콤함에 느끼함은 \n사라지고 쫄깃함은 완전 굿 굿 굿!!! \n자주 먹게 될것 같아요 ","date":"Mon Dec 10 23:59:44 +0000 2018","retweets":"30","favorites":"20","mentions":[],"hashtags":[],"geo":"","raw":"불미니족 양념 완전 짱 매콤함에 느끼함은 \n사라지고 쫄깃함은 완전 굿 굿 굿!!! \n자주 먹게 될것 같아요 ","polarity":{"com":0.05969125216553876,"pos":0.4637819012371504,"neg":0.413217942705486,"neut":0.016840792177225235,"none":0.0464681117145996},"intensity":{"high":0.059672193630938876,"low":0.08332380408333417,"meium":0.8105358905626785,"none":0.04646811172304833},"expressive":{"dir-action":0,"dir-explicit":0.2952526984917722,"dir-speech":0.1181107819785253,"indirect":0.5367378760842294,"writing-device":0.04989864344547297}},{"id":"장충동 원조족발보쌈CESCO","permalink":"","username":"asdfg","text":"맛잇더요 맛잇어용!!","date":"Mon Dec 10 23:59:44 +0000 2018","retweets":"30","favorites":"20","mentions":[],"hashtags":[],"geo":"","raw":"맛잇더요 맛잇어용!!","polarity":{"com":0,"pos":0.8985507246666667,"neg":0.05797101433333333,"neut":0.02898550733333333,"none":0.014492753666666665},"intensity":{"high":0.05797101433333332,"low":0.028985507333333327,"meium":0.8985507246666665,"none":0.014492753666666663},"expressive":{"dir-action":0,"dir-explicit":0.15942028999999996,"dir-speech":0.7681159419999999,"indirect":0.05797101433333332,"writing-device":0.014492753666666663}},{"id":"장충동 원조족발보쌈CESCO","permalink":"","username":"asdfg","text":"냉채족발 맛있습니다.\n냉채소스 맛나요 족발과 딱 어울리는 맛","date":"Mon Dec 10 23:59:44 +0000 2018","retweets":"30","favorites":"20","mentions":[],"hashtags":[],"geo":"","raw":"냉채족발 맛있습니다.\n냉채소스 맛나요 족발과 딱 어울리는 맛","polarity":{"com":0,"pos":0.6666666666666666,"neg":0.3333333333333333,"neut":0,"none":0},"intensity":{"high":0,"low":0,"meium":1,"none":0},"expressive":{"dir-action":0,"dir-explicit":0,"dir-speech":1,"indirect":0,"writing-device":0}},{"id":"장충동 원조족발보쌈CESCO","permalink":"","username":"asdfg","text":"김치 너무 달아요;;아삭함은 좋은데~보쌈고기 부드럽고 맛있었는데..개인취향으론 비계가 덜했으면 하는~^^\n강쥐 살코기 주는데..너무 많이 남은 비계가 아깝게 느껴져서요~그냥 그랬어요;;;","date":"Mon Dec 10 23:59:44 +0000 2018","retweets":"30","favorites":"20","mentions":[],"hashtags":[],"geo":"","raw":"김치 너무 달아요;;아삭함은 좋은데~보쌈고기 부드럽고 맛있었는데..개인취향으론 비계가 덜했으면 하는~^^\n강쥐 살코기 주는데..너무 많이 남은 비계가 아깝게 느껴져서요~그냥 그랬어요;;;","polarity":{"com":0.0758642780058357,"pos":0.26562276609735563,"neg":0.5290657423483897,"neut":0.10069481946928423,"none":0.0287523940791348},"intensity":{"high":0.07036072253846154,"low":0.1005757343846154,"meium":0.7980533492307693,"none":0.031010193846153847},"expressive":{"dir-action":0.000884173307760321,"dir-explicit":0.27849366679065335,"dir-speech":0.4647900755742146,"indirect":0.22442717040187904,"writing-device":0.03140491392549268}},{"id":"장충동 원조족발보쌈CESCO","permalink":"","username":"asdfg","text":"배달안된다고만하고.. 끊기도전에끊어버리시네요ㅠ무심..","date":"Mon Dec 10 23:59:44 +0000 2018","retweets":"30","favorites":"20","mentions":[],"hashtags":[],"geo":"","raw":"배달안된다고만하고.. 끊기도전에끊어버리시네요ㅠ무심..","polarity":{"com":0.008928571400000002,"pos":0.5845238096,"neg":0.2965476190000001,"neut":0.022857142800000008,"none":0.08714285720000002},"intensity":{"high":0.0460714286,"low":0.0403571428,"meium":0.8239285714000001,"none":0.08964285720000001},"expressive":{"dir-action":0,"dir-explicit":0.27297619045459526,"dir-speech":0.42833333328566664,"indirect":0.21297619044259525,"writing-device":0.08571428581714285}},{"id":"장충동 원조족발보쌈CESCO","permalink":"","username":"asdfg","text":"값어치는 하는군요\n파족발 어떤가 궁금해서 시키는데 금액차이가 있어서\n망설이다 시켰는데 맛도 좋구 \n양도요.","date":"Mon Dec 10 23:59:44 +0000 2018","retweets":"30","favorites":"20","mentions":[],"hashtags":[],"geo":"","raw":"값어치는 하는군요\n파족발 어떤가 궁금해서 시키는데 금액차이가 있어서\n망설이다 시켰는데 맛도 좋구 \n양도요.","polarity":{"com":0.003267973857142857,"pos":0.4722315592857143,"neg":0.473968254,"neut":0.013071895428571428,"none":0.03746031742857143},"intensity":{"high":0.18963585431280514,"low":0.16024276373717752,"meium":0.6126610645160945,"none":0.037460317433922904},"expressive":{"dir-action":0,"dir-explicit":0.145471522,"dir-speech":0.6289449112857143,"indirect":0.18532212885714286,"writing-device":0.04026143785714286}},{"id":"장충동 원조족발보쌈CESCO","permalink":"","username":"asdfg","text":"보족세트  잘 먹었어요.\n애들은 족발을 좋아하는데 보쌈도 땡겨서 세트로 시켰더니  맛있어요.^^.","date":"Mon Dec 10 23:59:44 +0000 2018","retweets":"30","favorites":"20","mentions":[],"hashtags":[],"geo":"","raw":"보족세트  잘 먹었어요.\n애들은 족발을 좋아하는데 보쌈도 땡겨서 세트로 시켰더니  맛있어요.^^.","polarity":{"com":0.0075188385012531405,"pos":0.30767753221794625,"neg":0.5750879209291814,"neut":0.029945441671657573,"none":0.0797702666799617},"intensity":{"high":0.06428219984404704,"low":0.09637979368272996,"meium":0.7595677397932613,"none":0.0797702666799617},"expressive":{"dir-action":0.0025025025,"dir-explicit":0.16992246483333331,"dir-speech":0.38674958249999997,"indirect":0.36124465866666666,"writing-device":0.0795807915}},{"id":"장충동 원조족발보쌈CESCO","permalink":"","username":"asdfg","text":"족뱅이 처음 시켰는데 골뱅이까지 시키길 잘 했어요.\n덕분에 아주 맛있게 먹었어요.","date":"Mon Dec 10 23:59:44 +0000 2018","retweets":"30","favorites":"20","mentions":[],"hashtags":[],"geo":"","raw":"족뱅이 처음 시켰는데 골뱅이까지 시키길 잘 했어요.\n덕분에 아주 맛있게 먹었어요.","polarity":{"com":0.02572523266237913,"pos":0.502593670582901,"neg":0.2901739066183044,"neut":0.011494252831417627,"none":0.17001293730499784},"intensity":{"high":0.10206954600000001,"low":0.121241147,"meium":0.5971849033333333,"none":0.17950440366666665},"expressive":{"dir-action":0.001915708833652618,"dir-explicit":0.23773863437295645,"dir-speech":0.38997321323166223,"indirect":0.1870366223645061,"writing-device":0.18333582119722266}},{"id":"장충동 원조족발보쌈CESCO","permalink":"","username":"asdfg","text":"\n파족발 진짜 짱이에요♥♥\n향이며 맛이며 굿","date":"Mon Dec 10 23:59:44 +0000 2018","retweets":"30","favorites":"20","mentions":[],"hashtags":[],"geo":"","raw":"\n파족발 진짜 짱이에요♥♥\n향이며 맛이며 굿","polarity":{"com":0,"pos":1,"neg":0,"neut":0,"none":0},"intensity":{"high":0,"low":0,"meium":1,"none":0},"expressive":{"dir-action":0,"dir-explicit":0,"dir-speech":0.5,"indirect":0.5,"writing-device":0}},{"id":"장충동 원조족발보쌈CESCO","permalink":"","username":"asdfg","text":"족발 시킬 때면 여기서만 먹게 되네요.\n믿을 수 있는 곳이여서 다른곳은 시도도 안하게 되는군요ㅎ","date":"Mon Dec 10 23:59:44 +0000 2018","retweets":"30","favorites":"20","mentions":[],"hashtags":[],"geo":"","raw":"족발 시킬 때면 여기서만 먹게 되네요.\n믿을 수 있는 곳이여서 다른곳은 시도도 안하게 되는군요ㅎ","polarity":{"com":0.027987421486006293,"pos":0.3701686677149157,"neg":0.42271583748864217,"neut":0.09780731855109635,"none":0.08132075475933964},"intensity":{"high":0.11314751288868527,"low":0.08114065189188595,"meium":0.724391080427561,"none":0.08132075479186794},"expressive":{"dir-action":0,"dir-explicit":0.33374785593325046,"dir-speech":0.5164093767967181,"indirect":0.06097484268780503,"writing-device":0.0888679245822264}},{"id":"장충동 원조족발보쌈CESCO","permalink":"","username":"asdfg","text":"보족 맛나네요 양도 제법 많고 둘다 고소했어요 배달이 좀 오래걸렸는데 뭐 주말이니 어쩔수없죠","date":"Mon Dec 10 23:59:44 +0000 2018","retweets":"30","favorites":"20","mentions":[],"hashtags":[],"geo":"","raw":"보족 맛나네요 양도 제법 많고 둘다 고소했어요 배달이 좀 오래걸렸는데 뭐 주말이니 어쩔수없죠","polarity":{"com":0.03327638,"pos":0.32058069345454543,"neg":0.4338067106363636,"neut":0.11816407981818183,"none":0.09417213609090909},"intensity":{"high":0.15904855119627712,"low":0.12259572864750869,"meium":0.6239880806021807,"none":0.0943676395540334},"expressive":{"dir-action":0.0005865102727272728,"dir-explicit":0.2629194107272727,"dir-speech":0.3628018013636364,"indirect":0.2692960519090909,"writing-device":0.10439622572727272}},{"id":"장충동 원조족발보쌈CESCO","permalink":"","username":"asdfg","text":"냉채족발 새콤달콤하면서 톡쏘는게 아정말 꿀맛이네요...족발도 느끼하지않고 고소하니 정말 맛있었어요","date":"Mon Dec 10 23:59:44 +0000 2018","retweets":"30","favorites":"20","mentions":[],"hashtags":[],"geo":"","raw":"냉채족발 새콤달콤하면서 톡쏘는게 아정말 꿀맛이네요...족발도 느끼하지않고 고소하니 정말 맛있었어요","polarity":{"com":0.012177695123477791,"pos":0.5282345339339708,"neg":0.25414855659323143,"neut":0.05119652124360045,"none":0.1542426931057197},"intensity":{"high":0.21440554677680068,"low":0.0888814363861102,"meium":0.5414507556926813,"none":0.1552622611444078},"expressive":{"dir-action":0.0015572023748053497,"dir-explicit":0.3562887958304639,"dir-speech":0.27121573834109797,"indirect":0.21438669634820165,"writing-device":0.15655156710543106}},{"id":"장충동 원조족발보쌈CESCO","permalink":"","username":"asdfg","text":"보족먹었구요 족발은 쫄깃하고 보쌈은 부드러워요...국내산인지는 모르겠지만 고기질이 훌륭하네요...^^♥","date":"Mon Dec 10 23:59:44 +0000 2018","retweets":"30","favorites":"20","mentions":[],"hashtags":[],"geo":"","raw":"보족먹었구요 족발은 쫄깃하고 보쌈은 부드러워요...국내산인지는 모르겠지만 고기질이 훌륭하네요...^^♥","polarity":{"com":0.013565917501356592,"pos":0.44052222594405227,"neg":0.3624166267362417,"neut":0.1408709766140871,"none":0.04262425320426242},"intensity":{"high":0.08076530533230612,"low":0.11135300044454123,"meium":0.7642163118056865,"none":0.043665382417466155},"expressive":{"dir-action":0.001041129200104113,"dir-explicit":0.2666061743266606,"dir-speech":0.4449973695444997,"indirect":0.24014185862401416,"writing-device":0.04721346830472135}},{"id":"장충동 원조족발보쌈CESCO","permalink":"","username":"asdfg","text":"\n\n보족세트만큼.맛난게 없더라구요~!\n 여기 진짜 맛있게잘해주는 고기집인듯요","date":"Mon Dec 10 23:59:44 +0000 2018","retweets":"30","favorites":"20","mentions":[],"hashtags":[],"geo":"","raw":"\n\n보족세트만큼.맛난게 없더라구요~!\n 여기 진짜 맛있게잘해주는 고기집인듯요","polarity":{"com":0.003267973857142857,"pos":0.26937441642857146,"neg":0.44444444442857145,"neut":0.1559290382857143,"none":0.126984127},"intensity":{"high":0.018207282857142855,"low":0.08309990657142856,"meium":0.7717086835714285,"none":0.126984127},"expressive":{"dir-action":0,"dir-explicit":0.17880485542857144,"dir-speech":0.6241830064285715,"indirect":0.06722689071428571,"writing-device":0.12978524742857142}},{"id":"장충동 원조족발보쌈CESCO","permalink":"","username":"asdfg","text":"보족세트 맛도 양도 생각보다 괜찮았어요.\n부드러운 육질이어서 먹기 좋고 맛있었네요.","date":"Mon Dec 10 23:59:44 +0000 2018","retweets":"30","favorites":"20","mentions":[],"hashtags":[],"geo":"","raw":"보족세트 맛도 양도 생각보다 괜찮았어요.\n부드러운 육질이어서 먹기 좋고 맛있었네요.","polarity":{"com":0.003267973857142857,"pos":0.5734220354285714,"neg":0.33111111114285713,"neut":0.04878618114285714,"none":0.04341269842857143},"intensity":{"high":0.07455648915350807,"low":0.08484593829783514,"meium":0.7971848741138836,"none":0.043412698434773245},"expressive":{"dir-action":0,"dir-explicit":0.37364612514285717,"dir-speech":0.5198179271428571,"indirect":0.060322128857142866,"writing-device":0.04621381885714286}},{"id":"장충동 원조족발보쌈CESCO","permalink":"","username":"asdfg","text":"정말짜증나네요 족발무침시켰는데 뼈만한가득..\n담엔 절대안시켜먹는다 퉤퉤","date":"Mon Dec 10 23:59:44 +0000 2018","retweets":"30","favorites":"20","mentions":[],"hashtags":[],"geo":"","raw":"정말짜증나네요 족발무침시켰는데 뼈만한가득..\n담엔 절대안시켜먹는다 퉤퉤","polarity":{"com":0,"pos":0.3930097678631716,"neg":0.3994708996997354,"neut":0.07997557987332113,"none":0.1275437525637719},"intensity":{"high":0.1520146521413309,"low":0.20563695563239387,"meium":0.5148046397475325,"none":0.12754375247874272},"expressive":{"dir-action":0.009259259333333334,"dir-explicit":0.2501017501666667,"dir-speech":0.4732905983333333,"indirect":0.14143264133333336,"writing-device":0.12591575083333334}},{"id":"장충동 원조족발보쌈CESCO","permalink":"","username":"asdfg","text":"맛은 좋은데 양이 좀 적네요","date":"Mon Dec 10 23:59:44 +0000 2018","retweets":"30","favorites":"20","mentions":[],"hashtags":[],"geo":"","raw":"맛은 좋은데 양이 좀 적네요","polarity":{"com":0,"pos":0.9733333333333333,"neg":0.013333333333333334,"neut":0,"none":0.013333333333333334},"intensity":{"high":0.06666666666666667,"low":0.013333333333333334,"meium":0.9066666666666666,"none":0.013333333333333334},"expressive":{"dir-action":0,"dir-explicit":0.3333333333333333,"dir-speech":0.6,"indirect":0.05333333333333334,"writing-device":0.013333333333333334}},{"id":"장충동 원조족발보쌈CESCO","permalink":"","username":"asdfg","text":"고기 냄새도 안나고 야무지게 잘 먹었습니당","date":"Mon Dec 10 23:59:44 +0000 2018","retweets":"30","favorites":"20","mentions":[],"hashtags":[],"geo":"","raw":"고기 냄새도 안나고 야무지게 잘 먹었습니당","polarity":{"com":0,"pos":0.23809523807936508,"neg":0.40476190480158736,"neut":0.35714285711904753,"none":0},"intensity":{"high":0,"low":0.07142857133333333,"meium":0.9285714286666668,"none":0},"expressive":{"dir-action":0,"dir-explicit":0.4047619046666666,"dir-speech":0.38095238099999995,"indirect":0.2142857143333333,"writing-device":0}},{"id":"장충동 원조족발보쌈CESCO","permalink":"","username":"asdfg","text":"보족세트\n그냥저냥 무난한맛... 근데 막국수가 다른 글들처럼 떡처럼 왔어용~ 같이준 된장국 또금 넣어서 풀어먹음..","date":"Mon Dec 10 23:59:44 +0000 2018","retweets":"30","favorites":"20","mentions":[],"hashtags":[],"geo":"","raw":"보족세트\n그냥저냥 무난한맛... 근데 막국수가 다른 글들처럼 떡처럼 왔어용~ 같이준 된장국 또금 넣어서 풀어먹음..","polarity":{"com":0.0016233766362160566,"pos":0.5806277055835792,"neg":0.32359307360694606,"neut":0.05275974026793093,"none":0.04139610390532763},"intensity":{"high":0.11562049063636363,"low":0.16630591627272726,"meium":0.6758658008181818,"none":0.042207792272727265},"expressive":{"dir-action":0.06818181818181819,"dir-explicit":0.15818903318181823,"dir-speech":0.5796356421818183,"indirect":0.13961038963636366,"writing-device":0.05438311681818182}},{"id":"장충동 원조족발보쌈CESCO","permalink":"","username":"asdfg","text":"굴보쌈 소 시켰는데 둘이서 배부르게 먹었어요 ㅋㅋㅋㅋ 보쌈 고기가 조금 얇긴한데 맛있네용! 상추가 좀 더 많았으면! 하지만 전체적으론 만족! ㄴㄴ","date":"Mon Dec 10 23:59:44 +0000 2018","retweets":"30","favorites":"20","mentions":[],"hashtags":[],"geo":"","raw":"굴보쌈 소 시켰는데 둘이서 배부르게 먹었어요 ㅋㅋㅋㅋ 보쌈 고기가 조금 얇긴한데 맛있네용! 상추가 좀 더 많았으면! 하지만 전체적으론 만족! ㄴㄴ","polarity":{"com":0.032142141906428424,"pos":0.3637972014727595,"neg":0.35469662047093936,"neut":0.18267876903653577,"none":0.06668526711333704},"intensity":{"high":0.10930783162186158,"low":0.16198484893239695,"meium":0.6606886665321378,"none":0.06801865291360372},"expressive":{"dir-action":0.00044052859999999997,"dir-explicit":0.2282003509,"dir-speech":0.46317972650000006,"indirect":0.22869404769999999,"writing-device":0.0794853463}},{"id":"장충동 원조족발보쌈CESCO","permalink":"","username":"asdfg","text":"해당 리뷰는 배달통 운영 원칙에 따라 블라인드 처리 되었습니다.","date":"Mon Dec 10 23:59:44 +0000 2018","retweets":"30","favorites":"20","mentions":[],"hashtags":[],"geo":"","raw":"해당 리뷰는 배달통 운영 원칙에 따라 블라인드 처리 되었습니다.","polarity":{"com":0,"pos":0.4126984127063492,"neg":0.3075396826537698,"neut":0.2043650793521825,"none":0.07539682528769841},"intensity":{"high":0.035714285750000005,"low":0.08730158725,"meium":0.80158730175,"none":0.07539682525000001},"expressive":{"dir-action":0,"dir-explicit":0.44246031761061505,"dir-speech":0.2777777778194444,"indirect":0.20039682530009917,"writing-device":0.07936507926984127}},{"id":"장충동 원조족발보쌈CESCO","permalink":"","username":"asdfg","text":"해당 리뷰는 배달통 운영 원칙에 따라 블라인드 처리 되었습니다.","date":"Mon Dec 10 23:59:44 +0000 2018","retweets":"30","favorites":"20","mentions":[],"hashtags":[],"geo":"","raw":"해당 리뷰는 배달통 운영 원칙에 따라 블라인드 처리 되었습니다.","polarity":{"com":0,"pos":0.4126984127063492,"neg":0.3075396826537698,"neut":0.2043650793521825,"none":0.07539682528769841},"intensity":{"high":0.035714285750000005,"low":0.08730158725,"meium":0.80158730175,"none":0.07539682525000001},"expressive":{"dir-action":0,"dir-explicit":0.44246031761061505,"dir-speech":0.2777777778194444,"indirect":0.20039682530009917,"writing-device":0.07936507926984127}},{"id":"장충동 원조족발보쌈CESCO","permalink":"","username":"asdfg","text":"그냥 그럭저럭... 먹을만은한데 맛있다정돈 아니네요. 족발이 오래된거같아요","date":"Mon Dec 10 23:59:44 +0000 2018","retweets":"30","favorites":"20","mentions":[],"hashtags":[],"geo":"","raw":"그냥 그럭저럭... 먹을만은한데 맛있다정돈 아니네요. 족발이 오래된거같아요","polarity":{"com":0.005139500666666666,"pos":0.39139745466666664,"neg":0.5178658835,"neut":0.01468428783333333,"none":0.07091287333333332},"intensity":{"high":0.050028552675004764,"low":0.14239680202373278,"meium":0.7359275576226546,"none":0.07164708767860785},"expressive":{"dir-action":0.0007342143334557024,"dir-explicit":0.16160874519360147,"dir-speech":0.3565018763927503,"indirect":0.24284140970714024,"writing-device":0.2383137543730523}},{"id":"장충동 원조족발보쌈CESCO","permalink":"","username":"asdfg","text":"족발도 보쌈도 김치도 막국수도 먹을만해요... 저희 동네에선 젤 난듯해요","date":"Mon Dec 10 23:59:44 +0000 2018","retweets":"30","favorites":"20","mentions":[],"hashtags":[],"geo":"","raw":"족발도 보쌈도 김치도 막국수도 먹을만해요... 저희 동네에선 젤 난듯해요","polarity":{"com":0.004761904667460318,"pos":0.1957671955326279,"neg":0.47037037074506177,"neut":0.025396825170899473,"none":0.3037037038839507},"intensity":{"high":0.10052910066666668,"low":0.11587301566666669,"meium":0.4798941798333334,"none":0.3037037038333334},"expressive":{"dir-action":0,"dir-explicit":0.23359788367760137,"dir-speech":0.394444444237037,"indirect":0.07037037045308642,"writing-device":0.3015873016322751}}]