[{"id":"황금족발","permalink":"","username":"asdfg","text":"하..배달왔급니다!!!!와 일단 다펼쳐보니까 하아..ㄷ맛있겠당!!!! 잘먹겠습니다!!!!","date":"Mon Dec 10 23:59:44 +0000 2018","retweets":"30","favorites":"20","mentions":[],"hashtags":[],"geo":"","raw":"하..배달왔급니다!!!!와 일단 다펼쳐보니까 하아..ㄷ맛있겠당!!!! 잘먹겠습니다!!!!","polarity":{"com":0,"pos":0.5000000000833333,"neg":0.3214285713869047,"neut":0.011904761835317459,"none":0.16666666669444444},"intensity":{"high":0.07142857148809524,"low":0.08333333331944444,"meium":0.6785714285535714,"none":0.16666666663888888},"expressive":{"dir-action":0,"dir-explicit":0.25,"dir-speech":0.21428571433333335,"indirect":0.369047619,"writing-device":0.16666666666666666}},{"id":"황금족발","permalink":"","username":"asdfg","text":"부추무침이랑 막국수 정말 맛있었어요!!!족발두 살이랑 비계가 적당해서 느끼하지않았습니당ㅎㅎ잘먹었슴다~","date":"Mon Dec 10 23:59:44 +0000 2018","retweets":"30","favorites":"20","mentions":[],"hashtags":[],"geo":"","raw":"부추무침이랑 막국수 정말 맛있었어요!!!족발두 살이랑 비계가 적당해서 느끼하지않았습니당ㅎㅎ잘먹었슴다~","polarity":{"com":0.012247201202449442,"pos":0.6007483291201497,"neg":0.2675131812535027,"neut":0.0537379430107476,"none":0.06575334541315067},"intensity":{"high":0.18292266920000003,"low":0.1043283374,"meium":0.6441792254,"none":0.068569768},"expressive":{"dir-action":0.0018909232000000002,"dir-explicit":0.3431153042,"dir-speech":0.2180141778,"indirect":0.37062564880000004,"writing-device":0.066353946}},{"id":"황금족발","permalink":"","username":"asdfg","text":"족발은 무조건 여기! 완전 맛있어용","date":"Mon Dec 10 23:59:44 +0000 2018","retweets":"30","favorites":"20","mentions":[],"hashtags":[],"geo":"","raw":"족발은 무조건 여기! 완전 맛있어용","polarity":{"com":0.0084745765,"pos":0.42796610150000003,"neg":0.529661017,"neut":0.0169491525,"none":0.0169491525},"intensity":{"high":0.05084745752542373,"low":0.06779661003389831,"meium":0.8644067799322034,"none":0.016949152508474577},"expressive":{"dir-action":0,"dir-explicit":0.38559322050000006,"dir-speech":0.27966101700000007,"indirect":0.31779661000000003,"writing-device":0.016949152500000002}},{"id":"황금족발","permalink":"","username":"asdfg","text":"양도 푸짐하고 맛있어요!하나하나 다 맛있네요 다른데는 상추도 시들하게 주는데가 많은데 엄청 싱싱하네요 ㅎㅎ담에 또 시켜먹을게요","date":"Mon Dec 10 23:59:44 +0000 2018","retweets":"30","favorites":"20","mentions":[],"hashtags":[],"geo":"","raw":"양도 푸짐하고 맛있어요!하나하나 다 맛있네요 다른데는 상추도 시들하게 주는데가 많은데 엄청 싱싱하네요 ㅎㅎ담에 또 시켜먹을게요","polarity":{"com":0.006668515799333146,"pos":0.38431305576156866,"neg":0.4170605045582939,"neut":0.019279555798072043,"none":0.17267836808273213},"intensity":{"high":0.1310389528868961,"low":0.08485041899151494,"meium":0.6096822341390317,"none":0.17442839398255713},"expressive":{"dir-action":0.0017500259,"dir-explicit":0.22866483740000004,"dir-speech":0.3627237604,"indirect":0.2165627033,"writing-device":0.19029867299999997}},{"id":"황금족발","permalink":"","username":"asdfg","text":"바베큐 보쌈은 처음 시켜먹었는데 일단 보쌈 향에서 불향(?)이 나서 더 맛있었어요~끝맛이 매콤해서 느끼하지 않아서 계속 먹게되네요~오늘도 잘먹었습니다!!","date":"Mon Dec 10 23:59:44 +0000 2018","retweets":"30","favorites":"20","mentions":[],"hashtags":[],"geo":"","raw":"바베큐 보쌈은 처음 시켜먹었는데 일단 보쌈 향에서 불향(?)이 나서 더 맛있었어요~끝맛이 매콤해서 느끼하지 않아서 계속 먹게되네요~오늘도 잘먹었습니다!!","polarity":{"com":0.016121602766750526,"pos":0.3666798873282031,"neg":0.4471827250081257,"neut":0.029511688995459744,"none":0.14050409590146093},"intensity":{"high":0.2053788801696445,"low":0.0943035600841772,"meium":0.5590125951968471,"none":0.14130496454933114},"expressive":{"dir-action":0.0008008686153230101,"dir-explicit":0.24393521305815885,"dir-speech":0.35771243981863754,"indirect":0.25389320690354666,"writing-device":0.14365827160433395}},{"id":"황금족발","permalink":"","username":"asdfg","text":"진짜 맛있어요 자주 시켜먹게 될것 같네요","date":"Mon Dec 10 23:59:44 +0000 2018","retweets":"30","favorites":"20","mentions":[],"hashtags":[],"geo":"","raw":"진짜 맛있어요 자주 시켜먹게 될것 같네요","polarity":{"com":0.01415094348938679,"pos":0.2004002285996998,"neg":0.611349342291488,"neut":0.046312178465265856,"none":0.1277873071541595},"intensity":{"high":0.08909853247772535,"low":0.07914046123021488,"meium":0.7039736990740065,"none":0.12778730721805315},"expressive":{"dir-action":0,"dir-explicit":0.23694492088152752,"dir-speech":0.5748046502125976,"indirect":0.05102915947448542,"writing-device":0.13722126943138938}},{"id":"황금족발","permalink":"","username":"asdfg","text":"이게 족발 소자입니다 여러분...\n 중자 시켰으면 다 못먹을뻔했어요\n양도 많고 맛있습니다.\n처음 시켜 먹었는데 아주 대만족입니다 ㅎㅎ\n한가지 아쉬운점은 막국수가 너무 쫄아서 왔어요 ㅠㅠ\n하지만 족발도 따뜻해서 맛잇게 먹었습니다!!","date":"Mon Dec 10 23:59:44 +0000 2018","retweets":"30","favorites":"20","mentions":[],"hashtags":[],"geo":"","raw":"이게 족발 소자입니다 여러분...\n 중자 시켰으면 다 못먹을뻔했어요\n양도 많고 맛있습니다.\n처음 시켜 먹었는데 아주 대만족입니다 ㅎㅎ\n한가지 아쉬운점은 막국수가 너무 쫄아서 왔어요 ㅠㅠ\n하지만 족발도 따뜻해서 맛잇게 먹었습니다!!","polarity":{"com":0.013201822277777777,"pos":0.44956598750000004,"neg":0.39946851622222224,"neut":0.04371516122222222,"none":0.09404851277777779},"intensity":{"high":0.1570749671198375,"low":0.07102417533727912,"meium":0.6771894794820661,"none":0.0947113780608173},"expressive":{"dir-action":0.0001668334999629259,"dir-explicit":0.2881010212137553,"dir-speech":0.4352227402366171,"indirect":0.18051223495988616,"writing-device":0.0959971700897784}},{"id":"황금족발","permalink":"","username":"asdfg","text":"맛있고 양도 많고 푸짐했습니다^^","date":"Mon Dec 10 23:59:44 +0000 2018","retweets":"30","favorites":"20","mentions":[],"hashtags":[],"geo":"","raw":"맛있고 양도 많고 푸짐했습니다^^","polarity":{"com":0.006451612999999998,"pos":0.3024777933333333,"neg":0.6393018543333333,"neut":0.042449743,"none":0.009318996333333333},"intensity":{"high":0.13355150371118385,"low":0.11117344537039114,"meium":0.7452392085817464,"none":0.010035842336678613},"expressive":{"dir-action":0.0021505376673835123,"dir-explicit":0.2785725417595242,"dir-speech":0.5040049868346682,"indirect":0.2059529374019843,"writing-device":0.009318996336439666}},{"id":"황금족발","permalink":"","username":"asdfg","text":"맛있네요~","date":"Mon Dec 10 23:59:44 +0000 2018","retweets":"30","favorites":"20","mentions":[],"hashtags":[],"geo":"","raw":"맛있네요~~~~~~~~~~","polarity":{"com":0,"pos":0,"neg":1,"neut":0,"none":0},"intensity":{"high":0,"low":0,"meium":1,"none":0},"expressive":{"dir-action":0,"dir-explicit":0,"dir-speech":1,"indirect":0,"writing-device":0}},{"id":"황금족발","permalink":"","username":"asdfg","text":"보쌈 괜찮네요 쌈채소만 더주시면 좋게#&~","date":"Mon Dec 10 23:59:44 +0000 2018","retweets":"30","favorites":"20","mentions":[],"hashtags":[],"geo":"","raw":"보쌈 괜찮네요 쌈채소만 더주시면 좋게#&~","polarity":{"com":0,"pos":0.871884058,"neg":0.07130434766666667,"neut":0.02898550733333333,"none":0.027826087},"intensity":{"high":0.124637681,"low":0.04231884066666666,"meium":0.8052173913333333,"none":0.027826087},"expressive":{"dir-action":0,"dir-explicit":0.6927536233333332,"dir-speech":0.16811594200000002,"indirect":0.11130434766666668,"writing-device":0.027826087}},{"id":"황금족발","permalink":"","username":"asdfg","text":"오 아침에 시켜먹었는데 깔끔하고 맛있어여","date":"Mon Dec 10 23:59:44 +0000 2018","retweets":"30","favorites":"20","mentions":[],"hashtags":[],"geo":"","raw":"오 아침에 시켜먹었는데 깔끔하고 맛있어여","polarity":{"com":0.006006006,"pos":0.65315315325,"neg":0.3265765765,"neut":0.00825825825,"none":0.006006006},"intensity":{"high":0.05630630625,"low":0.0765765765,"meium":0.8603603605,"none":0.00675675675},"expressive":{"dir-action":0.0007507507500000002,"dir-explicit":0.13363363350000002,"dir-speech":0.63363363375,"indirect":0.22522522525000002,"writing-device":0.0067567567500000005}},{"id":"황금족발","permalink":"","username":"asdfg","text":"맛있어서  늘 시키던곳이였는데요 친절하시고해서 왠만하면 그냥 먹으려고 했는데요 ~\n근데 요즘 족발이 짜고 부추겉절이가 예전 같이 않아서 아쉽네요 아쉬운맘을 별을 3개표시하려고 하는데 표시가 안돼네요  바쁘고 힘들시겠지만 예전 맛으로 돌라왔으면합니다 ","date":"Mon Dec 10 23:59:44 +0000 2018","retweets":"30","favorites":"20","mentions":[],"hashtags":[],"geo":"","raw":"맛있어서  늘 시키던곳이였는데요 친절하시고해서 왠만하면 그냥 먹으려고 했는데요 ~\n근데 요즘 족발이 짜고 부추겉절이가 예전 같이 않아서 아쉽네요 아쉬운맘을 별을 3개표시하려고 하는데 표시가 안돼네요  바쁘고 힘들시겠지만 예전 맛으로 돌라왔으면합니다 ","polarity":{"com":0.015549524817475022,"pos":0.4496505778431977,"neg":0.4221866637080824,"neut":0.06926607549685153,"none":0.0433471581343933},"intensity":{"high":0.15500396625159035,"low":0.07752431212579214,"meium":0.72123311140165,"none":0.04623861022096746},"expressive":{"dir-action":0.004241616092065894,"dir-explicit":0.2442500087484318,"dir-speech":0.3356884993188241,"indirect":0.362615975417077,"writing-device":0.05320390042360106}},{"id":"황금족발","permalink":"","username":"asdfg","text":"맛이좋습니다아아아아어어어","date":"Mon Dec 10 23:59:44 +0000 2018","retweets":"30","favorites":"20","mentions":[],"hashtags":[],"geo":"","raw":"맛이좋습니다아아아아어어어","polarity":{"com":0,"pos":0.9733333333333333,"neg":0.013333333333333334,"neut":0,"none":0.013333333333333334},"intensity":{"high":0.06666666666666667,"low":0.013333333333333334,"meium":0.9066666666666666,"none":0.013333333333333334},"expressive":{"dir-action":0,"dir-explicit":0.5333333333333333,"dir-speech":0.39999999999999997,"indirect":0.05333333333333334,"writing-device":0.013333333333333334}},{"id":"황금족발","permalink":"","username":"asdfg","text":"보쌈 비계랑 살코기 비율도 적당했고 부드러워서 맛있게 먹었네요","date":"Mon Dec 10 23:59:44 +0000 2018","retweets":"30","favorites":"20","mentions":[],"hashtags":[],"geo":"","raw":"보쌈 비계랑 살코기 비율도 적당했고 부드러워서 맛있게 먹었네요","polarity":{"com":0.0052995392,"pos":0.4127496158,"neg":0.46958525360000003,"neut":0.0196313364,"none":0.092734255},"intensity":{"high":0.07875064000000001,"low":0.0905273936,"meium":0.7375576038,"none":0.09316436260000002},"expressive":{"dir-action":0.0012903225997419356,"dir-explicit":0.3443830005311234,"dir-speech":0.4744802867051039,"indirect":0.08854070658229185,"writing-device":0.09130568358173886}},{"id":"황금족발","permalink":"","username":"asdfg","text":"사람먹는 음식가지고 장난하십니까? 처음 배달시켜봤는데 쟁반국수도 맛있고 부추무침도 맛있고 고기도 부드럽고 맛도 깔끔하게 맛있어서 앞으로 이집 단골해야겠다고 생각했는데 맨위에 덮인족발을 먹고 나니깐 그밑에 고기는뻣뻣하고 색깔도 시커멓네요 뼈에 붙은 고기도 시커멓고 뻣뻣하다못해 딱딱합니다 고기에서 냄새까지나서 먹지도 못하고 나머진 다버렸습니다 팔다가 남은고기위에 새로삶은고기만 올려서 판매하시나요? \n새로한 고기는 맛이있으니까 다음에 한번더 시킬수도 있는데 다음에도 이렇게오면 사진을찍든 어떻게든 증거남겨서 정식으로 신고할껍니다","date":"Mon Dec 10 23:59:44 +0000 2018","retweets":"30","favorites":"20","mentions":[],"hashtags":[],"geo":"","raw":"사람먹는 음식가지고 장난하십니까? 처음 배달시켜봤는데 쟁반국수도 맛있고 부추무침도 맛있고 고기도 부드럽고 맛도 깔끔하게 맛있어서 앞으로 이집 단골해야겠다고 생각했는데 맨위에 덮인족발을 먹고 나니깐 그밑에 고기는뻣뻣하고 색깔도 시커멓네요 뼈에 붙은 고기도 시커멓고 뻣뻣하다못해 딱딱합니다 고기에서 냄새까지나서 먹지도 못하고 나머진 다버렸습니다 팔다가 남은고기위에 새로삶은고기만 올려서 판매하시나요? \n새로한 고기는 맛이있으니까 다음에 한번더 시킬수도 있는데 다음에도 이렇게오면 사진을찍든 어떻게든 증거남겨서 정식으로 신고할껍니다","polarity":{"com":0.008769855036549824,"pos":0.36438870512790433,"neg":0.36256741007244997,"neut":0.17724441967533824,"none":0.08702961008775763},"intensity":{"high":0.07003538062444181,"low":0.06857676542084615,"meium":0.7745216874981835,"none":0.08686616645652843},"expressive":{"dir-action":0.02010210062814058,"dir-explicit":0.17871388274602115,"dir-speech":0.4903239699266427,"indirect":0.2196184523170653,"writing-device":0.09124159438213025}},{"id":"황금족발","permalink":"","username":"asdfg","text":"양도많고반찬도많고 잡내도없고 맛나용","date":"Mon Dec 10 23:59:44 +0000 2018","retweets":"30","favorites":"20","mentions":[],"hashtags":[],"geo":"","raw":"양도많고반찬도많고 잡내도없고 맛나용","polarity":{"com":0.0038834952,"pos":0.5972984382,"neg":0.3445335584,"neut":0.027100042199999997,"none":0.027184466},"intensity":{"high":0.1490080202298016,"low":0.1063739974212748,"meium":0.7154917687430984,"none":0.029126213605825242},"expressive":{"dir-action":0,"dir-explicit":0.294132545317653,"dir-speech":0.32967496833186993,"indirect":0.3431827775372731,"writing-device":0.03300970881320388}},{"id":"황금족발","permalink":"","username":"asdfg","text":"촐깃촐깃하군요  족발이","date":"Mon Dec 10 23:59:44 +0000 2018","retweets":"30","favorites":"20","mentions":[],"hashtags":[],"geo":"","raw":"촐깃촐깃하군요  족발이","polarity":{"com":0.030837004,"pos":0.431718062,"neg":0.440528634,"neut":0.088105727,"none":0.008810573},"intensity":{"high":0.10572687210572689,"low":0.13215859013215858,"meium":0.7488986787488987,"none":0.01321585901321586},"expressive":{"dir-action":0.004405286004405286,"dir-explicit":0.4140969164140969,"dir-speech":0.3612334803612335,"indirect":0.20704845820704845,"writing-device":0.01321585901321586}},{"id":"황금족발","permalink":"","username":"asdfg","text":"보족세트 너무 맛있네요ㅋㅋㅋ\n족발은 쪽득하니 맛있고 보쌈은 고기가 부드럽고 둘다 잡내가 안나서 넘좋고 김치도 매콤해서 물리지않고 너무 맛있어요ㅎㅎ","date":"Mon Dec 10 23:59:44 +0000 2018","retweets":"30","favorites":"20","mentions":[],"hashtags":[],"geo":"","raw":"보족세트 너무 맛있네요ㅋㅋㅋ\n족발은 쪽득하니 맛있고 보쌈은 고기가 부드럽고 둘다 잡내가 안나서 넘좋고 김치도 매콤해서 물리지않고 너무 맛있어요ㅎㅎ","polarity":{"com":0.03351241963941022,"pos":0.31713860348337625,"neg":0.45633747985966705,"neut":0.1389823484671802,"none":0.054029148550366286},"intensity":{"high":0.10061724174556679,"low":0.14264364075320793,"meium":0.7016252803093864,"none":0.05511383719183889},"expressive":{"dir-action":0.0002730002727024545,"dir-explicit":0.28711423833753497,"dir-speech":0.47812085422926176,"indirect":0.18083910898356007,"writing-device":0.05365279817694065}},{"id":"황금족발","permalink":"","username":"asdfg","text":"보족세트 개존맛!!\n역시 족발과 보쌈의 케미는 최고에요ㅎㅎ","date":"Mon Dec 10 23:59:44 +0000 2018","retweets":"30","favorites":"20","mentions":[],"hashtags":[],"geo":"","raw":"보족세트 개존맛!!\n역시 족발과 보쌈의 케미는 최고에요ㅎㅎ","polarity":{"com":0.011118354335186395,"pos":0.7301777006216962,"neg":0.1308247621884708,"neut":0.07138200767856367,"none":0.05649717517608287},"intensity":{"high":0.16599063216666668,"low":0.1122700275,"meium":0.6652421651666667,"none":0.05649717516666667},"expressive":{"dir-action":0,"dir-explicit":0.13903375335650564,"dir-speech":0.3162393162193733,"indirect":0.48822975524803836,"writing-device":0.05649717517608287}},{"id":"황금족발","permalink":"","username":"asdfg","text":"족발은 야들야들이라기 보단 쫄깃한 족발입니다\n배달도 빠르고 맛있었습니다","date":"Mon Dec 10 23:59:44 +0000 2018","retweets":"30","favorites":"20","mentions":[],"hashtags":[],"geo":"","raw":"족발은 야들야들이라기 보단 쫄깃한 족발입니다\n배달도 빠르고 맛있었습니다","polarity":{"com":0.010840601375000003,"pos":0.5031876165000001,"neg":0.39193370125000004,"neut":0.03124223425,"none":0.06279584662500001},"intensity":{"high":0.11241030227810256,"low":0.12526545190631633,"meium":0.6991530237997883,"none":0.0631712220157928},"expressive":{"dir-action":0.000375375375,"dir-explicit":0.213226793375,"dir-speech":0.27468725312500003,"indirect":0.443637395375,"writing-device":0.06807318275}},{"id":"황금족발","permalink":"","username":"asdfg","text":"솔직히 이집 보쌈 한번먹고 나면 중독됩니다","date":"Mon Dec 10 23:59:44 +0000 2018","retweets":"30","favorites":"20","mentions":[],"hashtags":[],"geo":"","raw":"솔직히 이집 보쌈 한번먹고 나면 중독됩니다","polarity":{"com":0,"pos":0.27777777766666667,"neg":0.7222222223333333,"neut":0,"none":0},"intensity":{"high":0.20370370366666668,"low":0.12962962966666666,"meium":0.6666666666666666,"none":0},"expressive":{"dir-action":0,"dir-explicit":0.074074074,"dir-speech":0.5925925926666666,"indirect":0.3333333333333333,"writing-device":0}},{"id":"황금족발","permalink":"","username":"asdfg","text":"고기도 담백하고 촉촉하고 맛있었어요\n\n배달도 완전빨리와주셔서엄청배고팠는데 맛있게먹었어용!\n쟁반국수도 새콤새콤하니맛있더라구용!","date":"Mon Dec 10 23:59:44 +0000 2018","retweets":"30","favorites":"20","mentions":[],"hashtags":[],"geo":"","raw":"고기도 담백하고 촉촉하고 맛있었어요\n\n배달도 완전빨리와주셔서엄청배고팠는데 맛있게먹었어용!\n쟁반국수도 새콤새콤하니맛있더라구용!","polarity":{"com":0.08020470261538462,"pos":0.2898296173846154,"neg":0.4552406897692308,"neut":0.12432955876923077,"none":0.050395431461538465},"intensity":{"high":0.1470458712081468,"low":0.14098023751677227,"meium":0.6604632862830057,"none":0.0515106049920753},"expressive":{"dir-action":0.07803825046153846,"dir-explicit":0.12822174200000003,"dir-speech":0.47880908569230773,"indirect":0.2622014208461539,"writing-device":0.052729501000000005}},{"id":"황금족발","permalink":"","username":"asdfg","text":"해당 리뷰는 배달통 운영 원칙에 따라 블라인드 처리 되었습니다.","date":"Mon Dec 10 23:59:44 +0000 2018","retweets":"30","favorites":"20","mentions":[],"hashtags":[],"geo":"","raw":"해당 리뷰는 배달통 운영 원칙에 따라 블라인드 처리 되었습니다.","polarity":{"com":0,"pos":0.4126984127063492,"neg":0.3075396826537698,"neut":0.2043650793521825,"none":0.07539682528769841},"intensity":{"high":0.035714285750000005,"low":0.08730158725,"meium":0.80158730175,"none":0.07539682525000001},"expressive":{"dir-action":0,"dir-explicit":0.44246031761061505,"dir-speech":0.2777777778194444,"indirect":0.20039682530009917,"writing-device":0.07936507926984127}},{"id":"황금족발","permalink":"","username":"asdfg","text":"족발 보쌈 둘다 시켜먹어봣는데 둘다 맛잇음 바베큐족발 불맛 맛잇음 하지만 쟁반국수가 조금 아쉬움","date":"Mon Dec 10 23:59:44 +0000 2018","retweets":"30","favorites":"20","mentions":[],"hashtags":[],"geo":"","raw":"족발 보쌈 둘다 시켜먹어봣는데 둘다 맛잇음 바베큐족발 불맛 맛잇음 하지만 쟁반국수가 조금 아쉬움","polarity":{"com":0.001623376636363636,"pos":0.4325757575454545,"neg":0.4088744589090908,"neut":0.09821428572727271,"none":0.05871212118181817},"intensity":{"high":0.08401875908327103,"low":0.04812409808653418,"meium":0.8083333332901514,"none":0.0595238095400433},"expressive":{"dir-action":0,"dir-explicit":0.32961760460639833,"dir-speech":0.4311507936880772,"indirect":0.18051948052904365,"writing-device":0.058712121176480704}},{"id":"황금족발","permalink":"","username":"asdfg","text":"별점반개가없는게아쉽네요","date":"Mon Dec 10 23:59:44 +0000 2018","retweets":"30","favorites":"20","mentions":[],"hashtags":[],"geo":"","raw":"별점반개가없는게아쉽네요","polarity":{"com":0,"pos":0.5541310539639127,"neg":0.3390313391073124,"neut":0.0698005699534663,"none":0.037037036975308656},"intensity":{"high":0.08119658133333334,"low":0.11396011399999999,"meium":0.7678062676666667,"none":0.037037037000000016},"expressive":{"dir-action":0,"dir-explicit":0.2877492879040836,"dir-speech":0.28632478623789176,"indirect":0.3888888888703704,"writing-device":0.03703703698765432}},{"id":"황금족발","permalink":"","username":"asdfg","text":"기대해봅니다^^ 늦은 시간이라 김치두 주신대욤","date":"Mon Dec 10 23:59:44 +0000 2018","retweets":"30","favorites":"20","mentions":[],"hashtags":[],"geo":"","raw":"기대해봅니다^^ 늦은 시간이라 김치두 주신대욤","polarity":{"com":0,"pos":0.4166666666666667,"neg":0.5833333333333334,"neut":0,"none":0},"intensity":{"high":0.08333333333333333,"low":0,"meium":0.9166666666666666,"none":0},"expressive":{"dir-action":0,"dir-explicit":0.25,"dir-speech":0.16666666666666666,"indirect":0.5833333333333334,"writing-device":0}},{"id":"황금족발","permalink":"","username":"asdfg","text":"대자인데 양은 엄청많아요 근데 음식이 전반적으로 달다는게 아쉽네요 김치도 달고 새우젓도 달고 ..  쟁반국수는 좀 너무 셧어요 \n근데 보쌈은 잡내없이 부드럽고 맛잇엇어요 \n족발은 그냥 보통 전 쫀득한게좋은데 부들부들하더라구요 보쌈정도만 시켜드시는게 그리구 !!배달도 초큼 늦엇어요 !! ㅠㅠ\n늦어서 시간물엇는데 그시간조차 못맞춰주시고 \n보쌈만 추천 ! 담부터 샐러드랑 감자샐러드 그리고 쟁반국수 김치 간좀 잘맞춰주세요 너무 달고 셔요~~~~~\n","date":"Mon Dec 10 23:59:44 +0000 2018","retweets":"30","favorites":"20","mentions":[],"hashtags":[],"geo":"","raw":"대자인데 양은 엄청많아요 근데 음식이 전반적으로 달다는게 아쉽네요 김치도 달고 새우젓도 달고 ..  쟁반국수는 좀 너무 셧어요 \n근데 보쌈은 잡내없이 부드럽고 맛잇엇어요 \n족발은 그냥 보통 전 쫀득한게좋은데 부들부들하더라구요 보쌈정도만 시켜드시는게 그리구 !!배달도 초큼 늦엇어요 !! ㅠㅠ\n늦어서 시간물엇는데 그시간조차 못맞춰주시고 \n보쌈만 추천 ! 담부터 샐러드랑 감자샐러드 그리고 쟁반국수 김치 간좀 잘맞춰주세요 너무 달고 셔요~~~~~\n","polarity":{"com":0.02917621387878787,"pos":0.4091250111515151,"neg":0.4160830853333333,"neut":0.07504012506060605,"none":0.07057556457575756},"intensity":{"high":0.12993363540968894,"low":0.16274559256518129,"meium":0.6350881355012228,"none":0.072232636523907},"expressive":{"dir-action":0.0008728110606325095,"dir-explicit":0.27603031182654636,"dir-speech":0.40523598343652234,"indirect":0.2462416271892801,"writing-device":0.07161926648701877}},{"id":"황금족발","permalink":"","username":"asdfg","text":"해당 리뷰는 배달통 운영 원칙에 따라 블라인드 처리 되었습니다.","date":"Mon Dec 10 23:59:44 +0000 2018","retweets":"30","favorites":"20","mentions":[],"hashtags":[],"geo":"","raw":"해당 리뷰는 배달통 운영 원칙에 따라 블라인드 처리 되었습니다.","polarity":{"com":0,"pos":0.4126984127063492,"neg":0.3075396826537698,"neut":0.2043650793521825,"none":0.07539682528769841},"intensity":{"high":0.035714285750000005,"low":0.08730158725,"meium":0.80158730175,"none":0.07539682525000001},"expressive":{"dir-action":0,"dir-explicit":0.44246031761061505,"dir-speech":0.2777777778194444,"indirect":0.20039682530009917,"writing-device":0.07936507926984127}}]