[{"id":"족발보쌈의달인 The족","permalink":"","username":"asdfg","text":"가격대비 양이 갱장히 소극적이네요. 매운맛이 캡싸이신인거 같고.. 다른건 모르겠지만 불족은 안시켜먹을거 같아요","date":"Mon Dec 10 23:59:44 +0000 2018","retweets":"30","favorites":"20","mentions":[],"hashtags":[],"geo":"","raw":"가격대비 양이 갱장히 소극적이네요. 매운맛이 캡싸이신인거 같고.. 다른건 모르겠지만 불족은 안시켜먹을거 같아요","polarity":{"com":0.005309573000000001,"pos":0.2621198706666667,"neg":0.6222056297777778,"neut":0.04054013055555556,"none":0.069824796},"intensity":{"high":0.1570856659237968,"low":0.09888600357753022,"meium":0.6737140582608254,"none":0.07031427223784761},"expressive":{"dir-action":0.0004894762222766084,"dir-explicit":0.377024429486336,"dir-speech":0.20457671502273075,"indirect":0.2311929906923548,"writing-device":0.1867163885763018}},{"id":"족발보쌈의달인 The족","permalink":"","username":"asdfg","text":"그냥저냥 쏘쏘리 쏘리쏘리","date":"Mon Dec 10 23:59:44 +0000 2018","retweets":"30","favorites":"20","mentions":[],"hashtags":[],"geo":"","raw":"그냥저냥 쏘쏘리 쏘리쏘리","polarity":{"com":null,"pos":null,"neg":null,"neut":null,"none":null},"intensity":{"high":null,"low":null,"meium":null,"none":null},"expressive":{"dir-action":null,"dir-explicit":null,"dir-speech":null,"indirect":null,"writing-device":null}},{"id":"족발보쌈의달인 The족","permalink":"","username":"asdfg","text":"배달도 빨리왔고 야채도 신선해요~~","date":"Mon Dec 10 23:59:44 +0000 2018","retweets":"30","favorites":"20","mentions":[],"hashtags":[],"geo":"","raw":"배달도 빨리왔고 야채도 신선해요~~","polarity":{"com":0.00178571425,"pos":0.4285714285,"neg":0.20714285725,"neut":0.2535714285,"none":0.1089285715},"intensity":{"high":0.03571428575,"low":0.2785714285,"meium":0.57678571425,"none":0.1089285715},"expressive":{"dir-action":0,"dir-explicit":0.17142857145714288,"dir-speech":0.5749999998562499,"indirect":0.14642857146339286,"writing-device":0.10714285722321429}},{"id":"족발보쌈의달인 The족","permalink":"","username":"asdfg","text":"언제나 굳굳 좋습니다 번창하세요","date":"Mon Dec 10 23:59:44 +0000 2018","retweets":"30","favorites":"20","mentions":[],"hashtags":[],"geo":"","raw":"언제나 굳굳 좋습니다 번창하세요","polarity":{"com":0.0096774195,"pos":0.7180645160000001,"neg":0.196344086,"neut":0.041935484,"none":0.0339784945},"intensity":{"high":0.16989247300000002,"low":0.07806451600000001,"meium":0.7169892475,"none":0.03505376350000001},"expressive":{"dir-action":0.0032258065,"dir-explicit":0.45698924750000003,"dir-speech":0.247311828,"indirect":0.2584946235,"writing-device":0.0339784945}},{"id":"족발보쌈의달인 The족","permalink":"","username":"asdfg","text":"그럭저럭 먹을만 합니다.","date":"Mon Dec 10 23:59:44 +0000 2018","retweets":"30","favorites":"20","mentions":[],"hashtags":[],"geo":"","raw":"그럭저럭 먹을만 합니다.","polarity":{"com":0,"pos":0.458333333,"neg":0.3333333335,"neut":0,"none":0.2083333335},"intensity":{"high":0.097222222,"low":0.111111111,"meium":0.5833333334999999,"none":0.2083333335},"expressive":{"dir-action":0,"dir-explicit":0.2777777775,"dir-speech":0.388888889,"indirect":0.125,"writing-device":0.2083333335}},{"id":"족발보쌈의달인 The족","permalink":"","username":"asdfg","text":"촉촉하지가 않았어요.","date":"Mon Dec 10 23:59:44 +0000 2018","retweets":"30","favorites":"20","mentions":[],"hashtags":[],"geo":"","raw":"촉촉하지가 않았어요.","polarity":{"com":0.5,"pos":0.090909091,"neg":0.2727272725,"neut":0.090909091,"none":0.0454545455},"intensity":{"high":0.5454545454999999,"low":0.090909091,"meium":0.318181818,"none":0.0454545455},"expressive":{"dir-action":0.5,"dir-explicit":0,"dir-speech":0.409090909,"indirect":0.0454545455,"writing-device":0.0454545455}},{"id":"족발보쌈의달인 The족","permalink":"","username":"asdfg","text":"보쌈 맛있어요 누린내도 없고 반찬도 괜찬고 막국수는 바로 먹어야함 면이 뭉치기전에염","date":"Mon Dec 10 23:59:44 +0000 2018","retweets":"30","favorites":"20","mentions":[],"hashtags":[],"geo":"","raw":"보쌈 맛있어요 누린내도 없고 반찬도 괜찬고 막국수는 바로 먹어야함 면이 뭉치기전에염","polarity":{"com":0,"pos":0.4252337639178906,"neg":0.4759866494965695,"neut":0.02323626071760518,"none":0.07554332586793477},"intensity":{"high":0.02522357257503194,"low":0.21824759860260678,"meium":0.6809855029544265,"none":0.07554332586793477},"expressive":{"dir-action":0,"dir-explicit":0.27058014214285714,"dir-speech":0.41608703414285714,"indirect":0.2178654232857143,"writing-device":0.09546740042857142}},{"id":"족발보쌈의달인 The족","permalink":"","username":"asdfg","text":"나쁘지 않아요. soso","date":"Mon Dec 10 23:59:44 +0000 2018","retweets":"30","favorites":"20","mentions":[],"hashtags":[],"geo":"","raw":"나쁘지 않아요. soso","polarity":{"com":0,"pos":0,"neg":1,"neut":0,"none":0},"intensity":{"high":0.333333333,"low":0,"meium":0.666666667,"none":0},"expressive":{"dir-action":0,"dir-explicit":0.333333333,"dir-speech":0,"indirect":0.666666667,"writing-device":0}},{"id":"족발보쌈의달인 The족","permalink":"","username":"asdfg","text":"공기밥 하나 오는줄...두개가 올줄이야 굳굳보쌈이는 맛있었어요 !!계란찜이 좀 싱거웟구.. 동치미가 조금 덜익은것같은게 좀 아쉬웟어요 !막국수 오는줄 모르구 시켜서 반가웠지만 역시 막국수는 어디서 시키든 떡져있는건 문제네여ㅠㅠㅠㅠ 그래도 맛있게 감사히잘먹었습니당","date":"Mon Dec 10 23:59:44 +0000 2018","retweets":"30","favorites":"20","mentions":[],"hashtags":[],"geo":"","raw":"공기밥 하나 오는줄...두개가 올줄이야 굳굳보쌈이는 맛있었어요 !!계란찜이 좀 싱거웟구.. 동치미가 조금 덜익은것같은게 좀 아쉬웟어요 !막국수 오는줄 모르구 시켜서 반가웠지만 역시 막국수는 어디서 시키든 떡져있는건 문제네여ㅠㅠㅠㅠ 그래도 맛있게 감사히잘먹었습니당","polarity":{"com":0.0025628498422401494,"pos":0.35700190465036846,"neg":0.46064270507687605,"neut":0.13227463758590918,"none":0.047517902844606205},"intensity":{"high":0.025005803528947986,"low":0.25556762965848084,"meium":0.6685753030177448,"none":0.05085126379482646},"expressive":{"dir-action":0.00023185715790693983,"dir-explicit":0.18030872122001626,"dir-speech":0.4126692893375089,"indirect":0.20031021353685843,"writing-device":0.20647991874770946}},{"id":"족발보쌈의달인 The족","permalink":"","username":"asdfg","text":"ㅊ","date":"Mon Dec 10 23:59:44 +0000 2018","retweets":"30","favorites":"20","mentions":[],"hashtags":[],"geo":"","raw":"ㅊㅊㅊㅊㅊㅊㅊㅊㅊㅊㅊㅊㅊㅊㅊㅊ","polarity":{"com":null,"pos":null,"neg":null,"neut":null,"none":null},"intensity":{"high":null,"low":null,"meium":null,"none":null},"expressive":{"dir-action":null,"dir-explicit":null,"dir-speech":null,"indirect":null,"writing-device":null}},{"id":"족발보쌈의달인 The족","permalink":"","username":"asdfg","text":"잘 모르겠어요. 괜찮은듯 안괜찮은 썸같은 족발이랄까... 사장님께 정말 죄송하지만 족발에 윤기가 없고 푸석푸석해보이고 많이 식었더라구요. 아마 유독 그 날이 추워서 그랬을수도 있어요...","date":"Mon Dec 10 23:59:44 +0000 2018","retweets":"30","favorites":"20","mentions":[],"hashtags":[],"geo":"","raw":"잘 모르겠어요. 괜찮은듯 안괜찮은 썸같은 족발이랄까... 사장님께 정말 죄송하지만 족발에 윤기가 없고 푸석푸석해보이고 많이 식었더라구요. 아마 유독 그 날이 추워서 그랬을수도 있어요...","polarity":{"com":0.011485531285714288,"pos":0.4639798288571428,"neg":0.3442956584285714,"neut":0.040218755214285716,"none":0.14002022621428573},"intensity":{"high":0.08900509742221391,"low":0.13679569127594318,"meium":0.6323224487405485,"none":0.1418767625612945},"expressive":{"dir-action":0.0018565363572754668,"dir-explicit":0.3381363913098669,"dir-speech":0.2837223189488373,"indirect":0.22972335844498024,"writing-device":0.14656139493904008}},{"id":"족발보쌈의달인 The족","permalink":"","username":"asdfg","text":"맛은나쁘지않은데 중짜 시켰는데 야채는 상추4장 깻잎3장 끝..","date":"Mon Dec 10 23:59:44 +0000 2018","retweets":"30","favorites":"20","mentions":[],"hashtags":[],"geo":"","raw":"맛은나쁘지않은데 중짜 시켰는데 야채는 상추4장 깻잎3장 끝..","polarity":{"com":0,"pos":0.5793650793948413,"neg":0.376984127094246,"neut":0.023809523755952376,"none":0.019841269754960318},"intensity":{"high":0.09126984125000001,"low":0.059523809500000004,"meium":0.8293650795,"none":0.019841269750000005},"expressive":{"dir-action":0,"dir-explicit":0.123015873,"dir-speech":0.54166666675,"indirect":0.31150793649999997,"writing-device":0.02380952375}},{"id":"족발보쌈의달인 The족","permalink":"","username":"asdfg","text":"굴에잘못온족발에니맛도내맛도아닌쟁반국수가지수만늘리는부추무침ㅜㅜ","date":"Mon Dec 10 23:59:44 +0000 2018","retweets":"30","favorites":"20","mentions":[],"hashtags":[],"geo":"","raw":"굴에잘못온족발에니맛도내맛도아닌쟁반국수가지수만늘리는부추무침ㅜㅜ","polarity":{"com":0,"pos":0.33589743586717946,"neg":0.4666666666933333,"neut":0.11025641022205128,"none":0.08717948721743589},"intensity":{"high":0.15384615399999996,"low":0.010256410199999998,"meium":0.7487179486,"none":0.08717948719999999},"expressive":{"dir-action":0,"dir-explicit":0.2461538462,"dir-speech":0.5512820512000001,"indirect":0.12051282059999999,"writing-device":0.082051282}},{"id":"족발보쌈의달인 The족","permalink":"","username":"asdfg","text":"보쌈냄새장난 아님 김치 추가한다니까 많이주셨다면서뭘 많이주신건지..마늘은 마니주셨던데 ㅡㅡ","date":"Mon Dec 10 23:59:44 +0000 2018","retweets":"30","favorites":"20","mentions":[],"hashtags":[],"geo":"","raw":"보쌈냄새장난 아님 김치 추가한다니까 많이주셨다면서뭘 많이주신건지..마늘은 마니주셨던데 ㅡㅡ","polarity":{"com":0.007066346714285714,"pos":0.3103808825714286,"neg":0.609360684142857,"neut":0.039147856142857144,"none":0.03404423042857143},"intensity":{"high":0.1939683692857143,"low":0.13309995314285714,"meium":0.637245411,"none":0.03568626657142858},"expressive":{"dir-action":0.0037870382867962963,"dir-explicit":0.21466807877561941,"dir-speech":0.4209984302631424,"indirect":0.3207181130916338,"writing-device":0.03982833958280809}},{"id":"족발보쌈의달인 The족","permalink":"","username":"asdfg","text":"족발먹을만해서 보쌈시켰는데 김치양이 적은게 흠","date":"Mon Dec 10 23:59:44 +0000 2018","retweets":"30","favorites":"20","mentions":[],"hashtags":[],"geo":"","raw":"족발먹을만해서 보쌈시켰는데 김치양이 적은게 흠","polarity":{"com":0,"pos":0.4155982903961004,"neg":0.5459401711135149,"neut":0.03846153849038462,"none":0},"intensity":{"high":0.1511752137122062,"low":0.12713675221821583,"meium":0.721688034069578,"none":0},"expressive":{"dir-action":0.013888889,"dir-explicit":0.41720085475,"dir-speech":0.423076923,"indirect":0.14583333324999997,"writing-device":0}},{"id":"족발보쌈의달인 The족","permalink":"","username":"asdfg","text":"배달도 빠르고 족발도 괜찮아요맛있게 잘 먹었습니다","date":"Mon Dec 10 23:59:44 +0000 2018","retweets":"30","favorites":"20","mentions":[],"hashtags":[],"geo":"","raw":"배달도 빠르고 족발도 괜찮아요맛있게 잘 먹었습니다","polarity":{"com":0.0014285714002857145,"pos":0.5857142857171429,"neg":0.3085714286617144,"neut":0.017142857003428574,"none":0.0871428572174286},"intensity":{"high":0.028571428599999997,"low":0.13238095219999998,"meium":0.751904762,"none":0.0871428572},"expressive":{"dir-action":0,"dir-explicit":0.07999999998400001,"dir-speech":0.4885714285022857,"indirect":0.34571428573085716,"writing-device":0.08571428578285714}},{"id":"족발보쌈의달인 The족","permalink":"","username":"asdfg","text":"깔끔하게 포장되어 오네요","date":"Mon Dec 10 23:59:44 +0000 2018","retweets":"30","favorites":"20","mentions":[],"hashtags":[],"geo":"","raw":"깔끔하게 포장되어 오네요","polarity":{"com":0.008008007999999999,"pos":0.4125375376666666,"neg":0.3937687686666666,"neut":0.17767767766666664,"none":0.008008007999999999},"intensity":{"high":0.038038038,"low":0.11136136133333334,"meium":0.8415915916666666,"none":0.009009009},"expressive":{"dir-action":0.001001001,"dir-explicit":0.27077077066666666,"dir-speech":0.19669669666666667,"indirect":0.5225225226666667,"writing-device":0.009009009}},{"id":"족발보쌈의달인 The족","permalink":"","username":"asdfg","text":"맛있어요ㅠ","date":"Mon Dec 10 23:59:44 +0000 2018","retweets":"30","favorites":"20","mentions":[],"hashtags":[],"geo":"","raw":"맛있어요ㅠㅠㅠㅠㅠㅠㅠㅠㅠㅠㅠ","polarity":{"com":0,"pos":0,"neg":1,"neut":0,"none":0},"intensity":{"high":0,"low":0,"meium":1,"none":0},"expressive":{"dir-action":0,"dir-explicit":0,"dir-speech":1,"indirect":0,"writing-device":0}},{"id":"족발보쌈의달인 The족","permalink":"","username":"asdfg","text":"맛있어요 따듯하고 배달빠르고","date":"Mon Dec 10 23:59:44 +0000 2018","retweets":"30","favorites":"20","mentions":[],"hashtags":[],"geo":"","raw":"맛있어요 따듯하고 배달빠르고","polarity":{"com":0.008008007999999999,"pos":0.5375375376666666,"neg":0.4354354353333333,"neut":0.011011011,"none":0.008008007999999999},"intensity":{"high":0.038038038,"low":0.028028028,"meium":0.924924925,"none":0.009009009},"expressive":{"dir-action":0.0010010010000000003,"dir-explicit":0.104104104,"dir-speech":0.6966966966666668,"indirect":0.18918918933333334,"writing-device":0.009009009}},{"id":"족발보쌈의달인 The족","permalink":"","username":"asdfg","text":"전빠르게 받았습니다.헉!! 대박푸짐하게왔네요~ 먹고있는데 보쌈은 따뜻하고~족발은 쫄깃한게 맛있네요~~ 새우젓더달라고하니까!!상추쌈한개를 더주셨네요~(안에 새우젓있음)!!ㅋ맥주와 맛있게 먹겠습니다.다만, 아쉽다면 새우젓인데ㅜ 조금 더 짰으면 좋겠다라는 개인적인 생각을해봅니다^^;; 새우젓맛이 조금덜난다는?그래도!!맛있게 잘먹겠습니다!!또 시켜먹겠습니다.대박나세요^^","date":"Mon Dec 10 23:59:44 +0000 2018","retweets":"30","favorites":"20","mentions":[],"hashtags":[],"geo":"","raw":"전빠르게 받았습니다.헉!! 대박푸짐하게왔네요~ 먹고있는데 보쌈은 따뜻하고~족발은 쫄깃한게 맛있네요~~ 새우젓더달라고하니까!!상추쌈한개를 더주셨네요~(안에 새우젓있음)!!ㅋ맥주와 맛있게 먹겠습니다.다만, 아쉽다면 새우젓인데ㅜ 조금 더 짰으면 좋겠다라는 개인적인 생각을해봅니다^^;; 새우젓맛이 조금덜난다는?그래도!!맛있게 잘먹겠습니다!!또 시켜먹겠습니다.대박나세요^^","polarity":{"com":0.005369738353257043,"pos":0.3844745344932045,"neg":0.3897925809641054,"neut":0.1180557267128268,"none":0.10230741947660632},"intensity":{"high":0.0702705364473768,"low":0.14949493751319073,"meium":0.6772608183244643,"none":0.10297370771496828},"expressive":{"dir-action":0.0007927904411764707,"dir-explicit":0.26611723814705884,"dir-speech":0.4018112049117647,"indirect":0.2214033874117647,"writing-device":0.1098753790882353}},{"id":"족발보쌈의달인 The족","permalink":"","username":"asdfg","text":"양도많고 맛도좋음~~@","date":"Mon Dec 10 23:59:44 +0000 2018","retweets":"30","favorites":"20","mentions":[],"hashtags":[],"geo":"","raw":"양도많고 맛도좋음~~@","polarity":{"com":0,"pos":0.7704347826666667,"neg":0.20173913033333332,"neut":0.014492753666666663,"none":0.013333333333333332},"intensity":{"high":0.1536231883845411,"low":0.08579710136193236,"meium":0.7472463769157488,"none":0.013333333337777779},"expressive":{"dir-action":0,"dir-explicit":0.373913043457971,"dir-speech":0.4724637681574879,"indirect":0.1402898550467633,"writing-device":0.013333333337777779}},{"id":"족발보쌈의달인 The족","permalink":"","username":"asdfg","text":"조ㅗㅍㄴ자마너ㅗㅋㅎ너자저ㅕ","date":"Mon Dec 10 23:59:44 +0000 2018","retweets":"30","favorites":"20","mentions":[],"hashtags":[],"geo":"","raw":"조ㅗㅍㄴ자마너ㅗㅋㅎ너자저ㅕ","polarity":{"com":0.13636363613636365,"pos":0.3181818183181818,"neg":0.4090909094090909,"neut":0.04545454504545454,"none":0.09090909109090908},"intensity":{"high":0.090909091,"low":0.045454545,"meium":0.772727273,"none":0.090909091},"expressive":{"dir-action":0,"dir-explicit":0.045454545,"dir-speech":0.772727273,"indirect":0.090909091,"writing-device":0.090909091}},{"id":"족발보쌈의달인 The족","permalink":"","username":"asdfg","text":"항상 맛있게 잘 먹고있어요~!","date":"Mon Dec 10 23:59:44 +0000 2018","retweets":"30","favorites":"20","mentions":[],"hashtags":[],"geo":"","raw":"항상 맛있게 잘 먹고있어요~!","polarity":{"com":0,"pos":0.8571428574285714,"neg":0.10714285705357143,"neut":0.035714285517857144,"none":0},"intensity":{"high":0,"low":0.107142857,"meium":0.8928571430000001,"none":0},"expressive":{"dir-action":0,"dir-explicit":0.357142857,"dir-speech":0.3214285715,"indirect":0.3214285715,"writing-device":0}},{"id":"족발보쌈의달인 The족","permalink":"","username":"asdfg","text":"잘먹었어요~~~~~","date":"Mon Dec 10 23:59:44 +0000 2018","retweets":"30","favorites":"20","mentions":[],"hashtags":[],"geo":"","raw":"잘먹었어요~~~~~","polarity":{"com":0,"pos":0.7142857147142857,"neg":0.21428571421428572,"neut":0.07142857107142857,"none":0},"intensity":{"high":0,"low":0.214285714,"meium":0.785714286,"none":0},"expressive":{"dir-action":0,"dir-explicit":0.214285714,"dir-speech":0.142857143,"indirect":0.642857143,"writing-device":0}},{"id":"족발보쌈의달인 The족","permalink":"","username":"asdfg","text":"요구사항에 귀기울이시고 행해주시니 믿고 구매할수있어요~","date":"Mon Dec 10 23:59:44 +0000 2018","retweets":"30","favorites":"20","mentions":[],"hashtags":[],"geo":"","raw":"요구사항에 귀기울이시고 행해주시니 믿고 구매할수있어요~","polarity":{"com":0.00483870975,"pos":0.3581989245,"neg":0.388172043,"neut":0.0668010755,"none":0.18198924724999999},"intensity":{"high":0.1307795699346102,"low":0.11653225819173388,"meium":0.5701612902149193,"none":0.18252688165873654},"expressive":{"dir-action":0.0016129032504032259,"dir-explicit":0.2659946235664986,"dir-speech":0.32365591408091404,"indirect":0.22674731180668684,"writing-device":0.18198924729549731}},{"id":"족발보쌈의달인 The족","permalink":"","username":"asdfg","text":"이번에는 살이 퍽퍽하고 냄새가 났어요..ㅠㅡㅜ 자주 시켜먹는곳인데... 속상하네요... 상추도 깨끗이안씻어져있어서 벌레가 덕지덕지.....","date":"Mon Dec 10 23:59:44 +0000 2018","retweets":"30","favorites":"20","mentions":[],"hashtags":[],"geo":"","raw":"이번에는 살이 퍽퍽하고 냄새가 났어요..ㅠㅡㅜ 자주 시켜먹는곳인데... 속상하네요... 상추도 깨끗이안씻어져있어서 벌레가 덕지덕지.....","polarity":{"com":0.016196447272727274,"pos":0.40335622218181816,"neg":0.4174348162727273,"neut":0.13235184354545454,"none":0.03066067072727273},"intensity":{"high":0.18258135543794715,"low":0.2533412947042417,"meium":0.5323717470425117,"none":0.031705602815299494},"expressive":{"dir-action":0.0010449320910040846,"dir-explicit":0.32215069412019554,"dir-speech":0.42623588103874877,"indirect":0.2096482062008771,"writing-device":0.04092028654917457}},{"id":"족발보쌈의달인 The족","permalink":"","username":"asdfg","text":"너무친절하시고좋으시네요\n서비스는 좋은거같아요","date":"Mon Dec 10 23:59:44 +0000 2018","retweets":"30","favorites":"20","mentions":[],"hashtags":[],"geo":"","raw":"너무친절하시고좋으시네요\n서비스는 좋은거같아요","polarity":{"com":0.02703533033333333,"pos":0.5831643624999999,"neg":0.357828981,"neut":0.013978494666666667,"none":0.0179928315},"intensity":{"high":0.1137736815,"low":0.22316436250000002,"meium":0.6447107014999999,"none":0.0183512545},"expressive":{"dir-action":0.0010752688333333334,"dir-explicit":0.3475678443333334,"dir-speech":0.163389657,"indirect":0.30330773166666664,"writing-device":0.18465949816666669}},{"id":"족발보쌈의달인 The족","permalink":"","username":"asdfg","text":"팩트만 쓰겠습니다\n리뷰보고 맛있겠다 하고 시켰습니다\n먹다가 우리 라면 물 올렸습니다....\n보족셋트 시켰는데 보쌈에 누린냄새 나고 족발은 제조하신게 아니고 편의점 족발 데워 파는거 같습니다\n뭐 주문밀려 배달 밀렸다며 1시간 걸린 배달....\n서비스라고 당당하게 써논 쟁반국수?? 차라리 돈 더 받으시고 제대로 파셨으면 좋겠네요....\n리뷰보고 시켰는데 완젼 실망스럽고 그러네요\n다시는 안먹을듯\n다 알바쓰시나??\n아침 김치가 젤 맛나다네요 ^^\n별 하나도 아까우네요","date":"Mon Dec 10 23:59:44 +0000 2018","retweets":"30","favorites":"20","mentions":[],"hashtags":[],"geo":"","raw":"팩트만 쓰겠습니다\n리뷰보고 맛있겠다 하고 시켰습니다\n먹다가 우리 라면 물 올렸습니다....\n보족셋트 시켰는데 보쌈에 누린냄새 나고 족발은 제조하신게 아니고 편의점 족발 데워 파는거 같습니다\n뭐 주문밀려 배달 밀렸다며 1시간 걸린 배달....\n서비스라고 당당하게 써논 쟁반국수?? 차라리 돈 더 받으시고 제대로 파셨으면 좋겠네요....\n리뷰보고 시켰는데 완젼 실망스럽고 그러네요\n다시는 안먹을듯\n다 알바쓰시나??\n아침 김치가 젤 맛나다네요 ^^\n별 하나도 아까우네요","polarity":{"com":0.008156226514285716,"pos":0.48946174445714286,"neg":0.4040031450857142,"neut":0.023588059971428568,"none":0.07479082397142858},"intensity":{"high":0.13200552451051417,"low":0.11138003693967488,"meium":0.6811786613519664,"none":0.07543577719784472},"expressive":{"dir-action":0.005707544228734502,"dir-explicit":0.17466530120499044,"dir-speech":0.433226461012378,"indirect":0.2812041874366058,"writing-device":0.10519650611729132}},{"id":"족발보쌈의달인 The족","permalink":"","username":"asdfg","text":"포장도 꼼꼼하고 양은 가격만큼 적당.\n맛도 괜찮았어요\n배달통 시간맞춰 딱 배달왔어요\n바쁜야간시간이라 30-40분 기다린것만 빼곤..ㅎ 잘먹었습니다","date":"Mon Dec 10 23:59:44 +0000 2018","retweets":"30","favorites":"20","mentions":[],"hashtags":[],"geo":"","raw":"포장도 꼼꼼하고 양은 가격만큼 적당.\n맛도 괜찮았어요\n배달통 시간맞춰 딱 배달왔어요\n바쁜야간시간이라 30-40분 기다린것만 빼곤..ㅎ 잘먹었습니다","polarity":{"com":0.0009578544167464875,"pos":0.5951069603829255,"neg":0.375952152947996,"neut":0.011699507334308294,"none":0.016283524918023623},"intensity":{"high":0.14714468164214256,"low":0.07303639848782727,"meium":0.7625775405395704,"none":0.017241379330459772},"expressive":{"dir-action":0.0009578544167464879,"dir-explicit":0.27961366535663446,"dir-speech":0.3499589491124966,"indirect":0.3503124430291927,"writing-device":0.019157088084929757}},{"id":"족발보쌈의달인 The족","permalink":"","username":"asdfg","text":"맛잇어요 맛잇어요 맛잇어요 ","date":"Mon Dec 10 23:59:44 +0000 2018","retweets":"30","favorites":"20","mentions":[],"hashtags":[],"geo":"","raw":"맛잇어요 맛잇어요 맛잇어요 ","polarity":{"com":0,"pos":1,"neg":0,"neut":0,"none":0},"intensity":{"high":0,"low":0,"meium":1,"none":0},"expressive":{"dir-action":0,"dir-explicit":0,"dir-speech":1,"indirect":0,"writing-device":0}},{"id":"족발보쌈의달인 The족","permalink":"","username":"asdfg","text":"음 .... 족발은그냥야식집족발 ? ㅋㅋ ","date":"Mon Dec 10 23:59:44 +0000 2018","retweets":"30","favorites":"20","mentions":[],"hashtags":[],"geo":"","raw":"음 .... 족발은그냥야식집족발 ? ㅋㅋ ","polarity":{"com":0.0084745765,"pos":0.42796610150000003,"neg":0.529661017,"neut":0.0169491525,"none":0.0169491525},"intensity":{"high":0.05084745752542374,"low":0.15112994357556497,"meium":0.7810734463905368,"none":0.016949152508474577},"expressive":{"dir-action":0,"dir-explicit":0.1355932205,"dir-speech":0.779661017,"indirect":0.06779661,"writing-device":0.0169491525}},{"id":"족발보쌈의달인 The족","permalink":"","username":"asdfg","text":"일단 배달이 너무 느려요 1시간 5분 소요되었네요 어플에서 알려주는 예상 시간보다 20분 오버 했어요..\n평점이 좋아서 선택하였는데 맛도 so so\n그리고 동치미 포장이 잘 안되어서 국물이 줄줄 샜네요....","date":"Mon Dec 10 23:59:44 +0000 2018","retweets":"30","favorites":"20","mentions":[],"hashtags":[],"geo":"","raw":"일단 배달이 너무 느려요 1시간 5분 소요되었네요 어플에서 알려주는 예상 시간보다 20분 오버 했어요..\n평점이 좋아서 선택하였는데 맛도 so so\n그리고 동치미 포장이 잘 안되어서 국물이 줄줄 샜네요....","polarity":{"com":0.03806834506920456,"pos":0.41858663169457244,"neg":0.4457779458297186,"neut":0.028449239935229954,"none":0.06911783747127453},"intensity":{"high":0.10220078787348005,"low":0.06444933353762995,"meium":0.762961652850864,"none":0.07038822573802588},"expressive":{"dir-action":0.0007237932667149195,"dir-explicit":0.22476851948165125,"dir-speech":0.37713650749180905,"indirect":0.32795965655519727,"writing-device":0.06941152320462743}},{"id":"족발보쌈의달인 The족","permalink":"","username":"asdfg","text":"여러분 진짜 저나도 너무 친절하구요\n보쌈도 굿이지만  전 불족발진짜 너무 굿\n냄새부터 고소해요 진짜너무 깨끗하게 포장되서너무 급하게먹느라 사진도못찍었어요 원ㅇ머니보쌈보다  싸고맛있뜸 굿","date":"Mon Dec 10 23:59:44 +0000 2018","retweets":"30","favorites":"20","mentions":[],"hashtags":[],"geo":"","raw":"여러분 진짜 저나도 너무 친절하구요\n보쌈도 굿이지만  전 불족발진짜 너무 굿\n냄새부터 고소해요 진짜너무 깨끗하게 포장되서너무 급하게먹느라 사진도못찍었어요 원ㅇ머니보쌈보다  싸고맛있뜸 굿","polarity":{"com":0.039676719333333325,"pos":0.39164106727777775,"neg":0.45510229888888876,"neut":0.07258688616666666,"none":0.04099302833333333},"intensity":{"high":0.1539739895641097,"low":0.14477655567470984,"meium":0.6598506442588807,"none":0.041398810502299946},"expressive":{"dir-action":0.0008836793888397956,"dir-explicit":0.27234559709598083,"dir-speech":0.3445881501475229,"indirect":0.3403302123144261,"writing-device":0.041852361053230425}},{"id":"족발보쌈의달인 The족","permalink":"","username":"asdfg","text":"둘이먹기에 딱이예요~\n맛도 맛있고~ 조금 차다 싶으면 렌지에30분 돌려도 더 맛있어요~ 그리고 요구사항도 잘 들어주시고 배달하시는분 너무 친절해요~~!","date":"Mon Dec 10 23:59:44 +0000 2018","retweets":"30","favorites":"20","mentions":[],"hashtags":[],"geo":"","raw":"둘이먹기에 딱이예요~\n맛도 맛있고~ 조금 차다 싶으면 렌지에30분 돌려도 더 맛있어요~ 그리고 요구사항도 잘 들어주시고 배달하시는분 너무 친절해요~~!","polarity":{"com":0.0034527146363636362,"pos":0.40227175299999995,"neg":0.47209210054545453,"neut":0.07781951181818181,"none":0.044363919999999994},"intensity":{"high":0.05356033863636363,"low":0.09091522663636363,"meium":0.8107600341818181,"none":0.044764400545454545},"expressive":{"dir-action":0.0004004805454545455,"dir-explicit":0.3328550368181819,"dir-speech":0.5423255732727273,"indirect":0.08030385945454546,"writing-device":0.04411504990909092}},{"id":"족발보쌈의달인 The족","permalink":"","username":"asdfg","text":"ㅂ","date":"Mon Dec 10 23:59:44 +0000 2018","retweets":"30","favorites":"20","mentions":[],"hashtags":[],"geo":"","raw":"ㅂㅂㅂㅂㅂㅂㅂㅂㅂㅂㅂㅂ","polarity":{"com":null,"pos":null,"neg":null,"neut":null,"none":null},"intensity":{"high":null,"low":null,"meium":null,"none":null},"expressive":{"dir-action":null,"dir-explicit":null,"dir-speech":null,"indirect":null,"writing-device":null}},{"id":"족발보쌈의달인 The족","permalink":"","username":"asdfg","text":"보쌈에서 누린내 살짝 나는것빼곤 다 맛잇게잘먹엇어요","date":"Mon Dec 10 23:59:44 +0000 2018","retweets":"30","favorites":"20","mentions":[],"hashtags":[],"geo":"","raw":"보쌈에서 누린내 살짝 나는것빼곤 다 맛잇게잘먹엇어요","polarity":{"com":0.011904762000000001,"pos":0.47619047600000003,"neg":0.12698412700000003,"neut":0.03174603150000001,"none":0.3531746035},"intensity":{"high":0.1746031744126984,"low":0.03968253948015873,"meium":0.4325396827837302,"none":0.35317460332341266},"expressive":{"dir-action":0,"dir-explicit":0.3055555558472222,"dir-speech":0.3095238093452381,"indirect":0.019841269990079364,"writing-device":0.3650793648174603}},{"id":"족발보쌈의달인 The족","permalink":"","username":"asdfg","text":"여기 냉채족발 굳~ 차갑지만 비린내도 안 나고 톡 쏘는 맛이 제대로임","date":"Mon Dec 10 23:59:44 +0000 2018","retweets":"30","favorites":"20","mentions":[],"hashtags":[],"geo":"","raw":"여기 냉채족발 굳~ 차갑지만 비린내도 안 나고 톡 쏘는 맛이 제대로임","polarity":{"com":0,"pos":0.7,"neg":0.3,"neut":0,"none":0},"intensity":{"high":0,"low":0.4,"meium":0.6,"none":0},"expressive":{"dir-action":0,"dir-explicit":0.4,"dir-speech":0.4,"indirect":0.2,"writing-device":0}},{"id":"족발보쌈의달인 The족","permalink":"","username":"asdfg","text":"빠른 배달 좋아요 좋아요","date":"Mon Dec 10 23:59:44 +0000 2018","retweets":"30","favorites":"20","mentions":[],"hashtags":[],"geo":"","raw":"빠른 배달 좋아요 좋아요","polarity":{"com":0,"pos":0.9733333333333333,"neg":0.013333333333333334,"neut":0,"none":0.013333333333333334},"intensity":{"high":0.06666666666666667,"low":0.12444444433333333,"meium":0.7955555556666667,"none":0.013333333333333334},"expressive":{"dir-action":0,"dir-explicit":0.19999999999999998,"dir-speech":0.39999999999999997,"indirect":0.38666666666666666,"writing-device":0.013333333333333334}},{"id":"족발보쌈의달인 The족","permalink":"","username":"asdfg","text":"맛있어용ㅎㅎㅎ 막국수 양념이 딱! 양도 적당적당~ 계란찜도 넘 맛있었어요","date":"Mon Dec 10 23:59:44 +0000 2018","retweets":"30","favorites":"20","mentions":[],"hashtags":[],"geo":"","raw":"맛있어용ㅎㅎㅎ 막국수 양념이 딱! 양도 적당적당~ 계란찜도 넘 맛있었어요","polarity":{"com":0.013786117166666665,"pos":0.23235401266666664,"neg":0.5751758251666667,"neut":0.030724387999999995,"none":0.147959657},"intensity":{"high":0.09280911534880151,"low":0.08142492784690415,"meium":0.6770720854461787,"none":0.14869387135811565},"expressive":{"dir-action":0.0007342143332109642,"dir-explicit":0.18480562646919904,"dir-speech":0.5073233744154461,"indirect":0.16082386580652935,"writing-device":0.14631291897561452}},{"id":"족발보쌈의달인 The족","permalink":"","username":"asdfg","text":"족불 매콤해 서 동시에 두가지를 먹어서 좋다","date":"Mon Dec 10 23:59:44 +0000 2018","retweets":"30","favorites":"20","mentions":[],"hashtags":[],"geo":"","raw":"족불 매콤해 서 동시에 두가지를 먹어서 좋다","polarity":{"com":0.0032258064999999996,"pos":0.46157706083333333,"neg":0.5098924731666666,"neut":0.013978494666666667,"none":0.011326164833333333},"intensity":{"high":0.13070489835511748,"low":0.11861409785310234,"meium":0.7389964159564992,"none":0.011684587835280763},"expressive":{"dir-action":0.0010752688333333334,"dir-explicit":0.5227001195,"dir-speech":0.2676224611666667,"indirect":0.19727598566666663,"writing-device":0.011326164833333333}},{"id":"족발보쌈의달인 The족","permalink":"","username":"asdfg","text":"냉채족발의 톡 쏘는 맛이 더울때 딱이네요","date":"Mon Dec 10 23:59:44 +0000 2018","retweets":"30","favorites":"20","mentions":[],"hashtags":[],"geo":"","raw":"냉채족발의 톡 쏘는 맛이 더울때 딱이네요","polarity":{"com":0.01022488099591005,"pos":0.6053660711578537,"neg":0.22860216010855916,"neut":0.10153684755938526,"none":0.054270040178292},"intensity":{"high":0.1067032104,"low":0.1255647638,"meium":0.7134619856000001,"none":0.0542700402},"expressive":{"dir-action":0,"dir-explicit":0.2620036248,"dir-speech":0.5316954711999999,"indirect":0.1481092952,"writing-device":0.0581916088}},{"id":"족발보쌈의달인 The족","permalink":"","username":"asdfg","text":"족불세튼 매콤하고 담백하며 쫀득해서 맛이 좋아요","date":"Mon Dec 10 23:59:44 +0000 2018","retweets":"30","favorites":"20","mentions":[],"hashtags":[],"geo":"","raw":"족불세튼 매콤하고 담백하며 쫀득해서 맛이 좋아요","polarity":{"com":0.0112338145,"pos":0.6102257096666667,"neg":0.33421679733333337,"neut":0.024989505666666672,"none":0.019334172833333333},"intensity":{"high":0.09466886233333334,"low":0.05404953333333334,"meium":0.8305880075,"none":0.02069359683333333},"expressive":{"dir-action":0.0020762698333333337,"dir-explicit":0.42310051983333336,"dir-speech":0.2791339726666667,"indirect":0.27535406383333333,"writing-device":0.020335173833333338}},{"id":"족발보쌈의달인 The족","permalink":"","username":"asdfg","text":"보족세트 두가지 맛을 한번에 먹어서 좋당","date":"Mon Dec 10 23:59:44 +0000 2018","retweets":"30","favorites":"20","mentions":[],"hashtags":[],"geo":"","raw":"보족세트 두가지 맛을 한번에 먹어서 좋당","polarity":{"com":0.00525525525,"pos":0.45372372375000003,"neg":0.51375375375,"neut":0.015015015,"none":0.01225225225},"intensity":{"high":0.19639639629909908,"low":0.17741741729435434,"meium":0.6139339341534835,"none":0.012252252253063062},"expressive":{"dir-action":0.0037537537509384385,"dir-explicit":0.29264264257316064,"dir-speech":0.40735735735183937,"indirect":0.2824924925706231,"writing-device":0.013753753753438439}},{"id":"족발보쌈의달인 The족","permalink":"","username":"asdfg","text":"고기가 보들해서 좋아요","date":"Mon Dec 10 23:59:44 +0000 2018","retweets":"30","favorites":"20","mentions":[],"hashtags":[],"geo":"","raw":"고기가 보들해서 좋아요","polarity":{"com":0.009661835666666667,"pos":0.48057971000000005,"neg":0.13410628033333333,"neut":0.36231884066666664,"none":0.013333333333333334},"intensity":{"high":0.07632850233333334,"low":0.06647343,"meium":0.8390338163333334,"none":0.018164251333333336},"expressive":{"dir-action":0,"dir-explicit":0.2579710144193237,"dir-speech":0.5884057971961353,"indirect":0.1402898550467633,"writing-device":0.013333333337777779}},{"id":"족발보쌈의달인 The족","permalink":"","username":"asdfg","text":"족발 무침 정말 매콤하네요 그리고 서비스가.정말 좋아요","date":"Mon Dec 10 23:59:44 +0000 2018","retweets":"30","favorites":"20","mentions":[],"hashtags":[],"geo":"","raw":"족발 무침 정말 매콤하네요 그리고 서비스가.정말 좋아요","polarity":{"com":0.006006006,"pos":0.77815315325,"neg":0.0765765765,"neut":0.00825825825,"none":0.131006006},"intensity":{"high":0.2785285285,"low":0.27102102100000003,"meium":0.31869369375,"none":0.13175675674999998},"expressive":{"dir-action":0.0007507507500000002,"dir-explicit":0.32807807800000005,"dir-speech":0.14752252250000003,"indirect":0.391891892,"writing-device":0.13175675675}},{"id":"족발보쌈의달인 The족","permalink":"","username":"asdfg","text":"보쌈 정말 맛있어요 그리고 고기가 퍽퍽하지않아 좋네요","date":"Mon Dec 10 23:59:44 +0000 2018","retweets":"30","favorites":"20","mentions":[],"hashtags":[],"geo":"","raw":"보쌈 정말 맛있어요 그리고 고기가 퍽퍽하지않아 좋네요","polarity":{"com":0.00287356325,"pos":0.49795977,"neg":0.11057471275,"neut":0.26724137925,"none":0.12135057475},"intensity":{"high":0.2037356321990661,"low":0.041609195489597704,"meium":0.6304310343423921,"none":0.12422413796894397},"expressive":{"dir-action":0.002873563250718391,"dir-explicit":0.31522988507880745,"dir-speech":0.46594827586648707,"indirect":0.08597701152149426,"writing-device":0.1299712642824928}},{"id":"족발보쌈의달인 The족","permalink":"","username":"asdfg","text":"냉채족발 정말 맛있어요 서비스도 많아서 좋네요","date":"Mon Dec 10 23:59:44 +0000 2018","retweets":"30","favorites":"20","mentions":[],"hashtags":[],"geo":"","raw":"냉채족발 정말 맛있어요 서비스도 많아서 좋네요","polarity":{"com":0,"pos":0.765326087,"neg":0.15130434775,"neut":0.01086956525,"none":0.0725},"intensity":{"high":0.24021739131005437,"low":0.31434782607858697,"meium":0.3729347825932337,"none":0.072500000018125},"expressive":{"dir-action":0,"dir-explicit":0.4054347826013587,"dir-speech":0.16684782604171197,"indirect":0.35521739133880437,"writing-device":0.072500000018125}},{"id":"족발보쌈의달인 The족","permalink":"","username":"asdfg","text":"리뷰보고 처음 시켰는데 정말 짱이네요. 배달도 빠르고 따끈하고 먹기 좋게 와서 족발 무진장 잘 먹었어요","date":"Mon Dec 10 23:59:44 +0000 2018","retweets":"30","favorites":"20","mentions":[],"hashtags":[],"geo":"","raw":"리뷰보고 처음 시켰는데 정말 짱이네요. 배달도 빠르고 따끈하고 먹기 좋게 와서 족발 무진장 잘 먹었어요","polarity":{"com":0.0189756984,"pos":0.6644424004,"neg":0.17907507510000004,"neut":0.06959648720000002,"none":0.0679103389},"intensity":{"high":0.10526762051052678,"low":0.09756246990975627,"meium":0.728959270372896,"none":0.06821063920682108},"expressive":{"dir-action":0.00030030029996996996,"dir-explicit":0.25528351877447164,"dir-speech":0.3591910818640809,"indirect":0.3150536755684947,"writing-device":0.07017142349298286}},{"id":"족발보쌈의달인 The족","permalink":"","username":"asdfg","text":"음 평타 이상으로들 무난무난하게들 맛있습니다","date":"Mon Dec 10 23:59:44 +0000 2018","retweets":"30","favorites":"20","mentions":[],"hashtags":[],"geo":"","raw":"음 평타 이상으로들 무난무난하게들 맛있습니다","polarity":{"com":0.0048048048000000005,"pos":0.4010939512,"neg":0.5576898326,"neut":0.031606606599999996,"none":0.0048048048000000005},"intensity":{"high":0.0478228228,"low":0.1703882454,"meium":0.7763835264,"none":0.0054054053999999995},"expressive":{"dir-action":0.0006006006000000002,"dir-explicit":0.11246246240000002,"dir-speech":0.49301801800000006,"indirect":0.3885135136,"writing-device":0.0054054054}},{"id":"족발보쌈의달인 The족","permalink":"","username":"asdfg","text":"아침주터 족발무침 시켜다 기껏 준비한 아침밥은 안 먹고 족발무침만 먹고 있네요ㅠㅠㅋㅋㅋㅋㅋㅋ 맛있어서 계속 이것만 먹었어요","date":"Mon Dec 10 23:59:44 +0000 2018","retweets":"30","favorites":"20","mentions":[],"hashtags":[],"geo":"","raw":"아침주터 족발무침 시켜다 기껏 준비한 아침밥은 안 먹고 족발무침만 먹고 있네요ㅠㅠㅋㅋㅋㅋㅋㅋ 맛있어서 계속 이것만 먹었어요","polarity":{"com":0.0016949153,"pos":0.44035512499999996,"neg":0.5225988701000001,"neut":0.0033898304999999997,"none":0.0319612591},"intensity":{"high":0.14985203119999999,"low":0.0357815442,"meium":0.7824051654999999,"none":0.0319612591},"expressive":{"dir-action":0,"dir-explicit":0.19219800918078017,"dir-speech":0.6622814097337717,"indirect":0.11355932198864406,"writing-device":0.03196125909680386}},{"id":"족발보쌈의달인 The족","permalink":"","username":"asdfg","text":"보쌈 고기 입에서 살살 녹는게 아주 그냥uㅠu(b","date":"Mon Dec 10 23:59:44 +0000 2018","retweets":"30","favorites":"20","mentions":[],"hashtags":[],"geo":"","raw":"보쌈 고기 입에서 살살 녹는게 아주 그냥uㅠu(b","polarity":{"com":0,"pos":0.34615384616346156,"neg":0.36538461540865386,"neut":0.28846153842788463,"none":0},"intensity":{"high":0.01923076925,"low":0.05769230775,"meium":0.923076923,"none":0},"expressive":{"dir-action":0,"dir-explicit":0.326923077,"dir-speech":0.673076923,"indirect":0,"writing-device":0}},{"id":"족발보쌈의달인 The족","permalink":"","username":"asdfg","text":"보쌈\n돼지 냄새 심함. \n그리고 먹은 저랑 지인은 배탈남\n설사로\n지금 개고생중임.","date":"Mon Dec 10 23:59:44 +0000 2018","retweets":"30","favorites":"20","mentions":[],"hashtags":[],"geo":"","raw":"보쌈\n돼지 냄새 심함. \n그리고 먹은 저랑 지인은 배탈남\n설사로\n지금 개고생중임.","polarity":{"com":0.0024213075714285717,"pos":0.32465698128571435,"neg":0.6632364811428572,"neut":0.004842615,"none":0.004842615},"intensity":{"high":0.17325800373903688,"low":0.09873553929981936,"meium":0.723163841960452,"none":0.004842615000691802},"expressive":{"dir-action":0,"dir-explicit":0.2490583804285714,"dir-speech":0.4767285445714285,"indirect":0.26937046,"writing-device":0.004842614999999999}},{"id":"족발보쌈의달인 The족","permalink":"","username":"asdfg","text":"보불세트 정말 맛있어요 2가지를 한번에 먹을수있어서 좋네요","date":"Mon Dec 10 23:59:44 +0000 2018","retweets":"30","favorites":"20","mentions":[],"hashtags":[],"geo":"","raw":"보불세트 정말 맛있어요 2가지를 한번에 먹을수있어서 좋네요","polarity":{"com":0.00891719740178344,"pos":0.566590233513318,"neg":0.21424203824284843,"neut":0.012250530802450107,"none":0.1980000000396},"intensity":{"high":0.19897381460000002,"low":0.0799815994,"meium":0.5230445859999999,"none":0.198},"expressive":{"dir-action":0.002547770798980892,"dir-explicit":0.3600920026559632,"dir-speech":0.3425831564629667,"indirect":0.09550318476179871,"writing-device":0.19927388532029044}},{"id":"족발보쌈의달인 The족","permalink":"","username":"asdfg","text":"부드러운 육질과 담백해서 맛이 좋아요","date":"Mon Dec 10 23:59:44 +0000 2018","retweets":"30","favorites":"20","mentions":[],"hashtags":[],"geo":"","raw":"부드러운 육질과 담백해서 맛이 좋아요","polarity":{"com":0.012497112402499424,"pos":0.8219071381643815,"neg":0.13849203042769842,"neut":0.014298914202859784,"none":0.012804804802560962},"intensity":{"high":0.0782074382,"low":0.0555860476,"meium":0.8528011087999999,"none":0.0134054054},"expressive":{"dir-action":0.0006006006000000002,"dir-explicit":0.4363086162000001,"dir-speech":0.30417186420000003,"indirect":0.2455135136,"writing-device":0.013405405400000002}},{"id":"족발보쌈의달인 The족","permalink":"","username":"asdfg","text":"푹 삶은 고기에서 잡내도 나지 않고 쫄깃하며 담백해서 \n자주 시켜서 먹을거 같아요","date":"Mon Dec 10 23:59:44 +0000 2018","retweets":"30","favorites":"20","mentions":[],"hashtags":[],"geo":"","raw":"푹 삶은 고기에서 잡내도 나지 않고 쫄깃하며 담백해서 \n자주 시켜서 먹을거 같아요","polarity":{"com":0.008124650125,"pos":0.5785970595,"neg":0.390539449875,"neut":0.012495546375000001,"none":0.010243294125},"intensity":{"high":0.18905785314863222,"low":0.19074795127384347,"meium":0.60920015070115,"none":0.010994044876374254},"expressive":{"dir-action":0.0007507507500000002,"dir-explicit":0.29153987512500007,"dir-speech":0.33251714187500003,"indirect":0.239198187375,"writing-device":0.13599404487500003}},{"id":"족발보쌈의달인 The족","permalink":"","username":"asdfg","text":"두가지맛을 동시에 먹을 수 있고 담백해서 좋아요","date":"Mon Dec 10 23:59:44 +0000 2018","retweets":"30","favorites":"20","mentions":[],"hashtags":[],"geo":"","raw":"두가지맛을 동시에 먹을 수 있고 담백해서 좋아요","polarity":{"com":0.007507507500000001,"pos":0.4462512513333334,"neg":0.399109109,"neut":0.018293293333333332,"none":0.12883883883333333},"intensity":{"high":0.15828328319304721,"low":0.13507007002251167,"meium":0.5773073074295512,"none":0.1293393393548899},"expressive":{"dir-action":0.0030030030005005004,"dir-explicit":0.2610360358768393,"dir-speech":0.3143643643857274,"indirect":0.291256256381876,"writing-device":0.13034034035505673}},{"id":"족발보쌈의달인 The족","permalink":"","username":"asdfg","text":"배달속도 보통이구요..\n위생깨끗합니다..\n제일중요한 맛이 없네요..\n원래 리뷰안쓰는데 오죽하면....\n족발은 언제 삶아서 썰어논건지 모르겠고..\n족발 보쌈세트라 그런건지..\n근데 막국수도 면이 뻗뻗하니 맛없는거 보면\n다른메뉴도 기대안됩니다..\n두번은 안먹을꺼 같네요..\n수고하셨습니다","date":"Mon Dec 10 23:59:44 +0000 2018","retweets":"30","favorites":"20","mentions":[],"hashtags":[],"geo":"","raw":"배달속도 보통이구요..\n위생깨끗합니다..\n제일중요한 맛이 없네요..\n원래 리뷰안쓰는데 오죽하면....\n족발은 언제 삶아서 썰어논건지 모르겠고..\n족발 보쌈세트라 그런건지..\n근데 막국수도 면이 뻗뻗하니 맛없는거 보면\n다른메뉴도 기대안됩니다..\n두번은 안먹을꺼 같네요..\n수고하셨습니다","polarity":{"com":0.007893873458991155,"pos":0.40289086711690764,"neg":0.3134809038594567,"neut":0.07130144783927513,"none":0.20443290772536937},"intensity":{"high":0.11412917254642206,"low":0.15948751029831199,"meium":0.521272719355053,"none":0.20511059780021293},"expressive":{"dir-action":0.0004523707916289691,"dir-explicit":0.18276091298476993,"dir-speech":0.415528776548706,"indirect":0.16628893890280927,"writing-device":0.23496900077208588}},{"id":"족발보쌈의달인 The족","permalink":"","username":"asdfg","text":"배달하시는 분 친절하시고 음식 맛도 맛있어요^^","date":"Mon Dec 10 23:59:44 +0000 2018","retweets":"30","favorites":"20","mentions":[],"hashtags":[],"geo":"","raw":"배달하시는 분 친절하시고 음식 맛도 맛있어요^^","polarity":{"com":0.003870967799999999,"pos":0.6532258063999999,"neg":0.3205376344,"neut":0.016774193599999997,"none":0.005591397799999999},"intensity":{"high":0.027956989199999997,"low":0.0232258064,"meium":0.942795699,"none":0.0060215054},"expressive":{"dir-action":0.0012903226,"dir-explicit":0.112795699,"dir-speech":0.7589247311999999,"indirect":0.12139784940000001,"writing-device":0.0055913978}},{"id":"족발보쌈의달인 The족","permalink":"","username":"asdfg","text":"불족세트 매콤하고 쫀득한 족발을 맛볼수 있어서 좋당","date":"Mon Dec 10 23:59:44 +0000 2018","retweets":"30","favorites":"20","mentions":[],"hashtags":[],"geo":"","raw":"불족세트 매콤하고 쫀득한 족발을 맛볼수 있어서 좋당","polarity":{"com":0.010733314000000004,"pos":0.4767172011666667,"neg":0.34677935983333336,"neut":0.032271788,"none":0.13349833700000002},"intensity":{"high":0.10750670016666666,"low":0.06183231616666666,"meium":0.6963037231666667,"none":0.1343572605},"expressive":{"dir-action":0.004078271834013045,"dir-explicit":0.44299541474049925,"dir-speech":0.1782831218630472,"indirect":0.23964335303994055,"writing-device":0.13499983852249997}},{"id":"족발보쌈의달인 The족","permalink":"","username":"asdfg","text":"포장 깔꿈히왔네요. 제일 좋았어요. 뭐 묻어오지 않아서ㅎㅎ\n맛도 기대이상이었어요","date":"Mon Dec 10 23:59:44 +0000 2018","retweets":"30","favorites":"20","mentions":[],"hashtags":[],"geo":"","raw":"포장 깔꿈히왔네요. 제일 좋았어요. 뭐 묻어오지 않아서ㅎㅎ\n맛도 기대이상이었어요","polarity":{"com":0.01841477333128725,"pos":0.5954658159338372,"neg":0.16030864198218794,"neut":0.16889718853678926,"none":0.056913580215898506},"intensity":{"high":0.06614534700734949,"low":0.09685548289965061,"meium":0.780085589864454,"none":0.05691358022854595},"expressive":{"dir-action":0,"dir-explicit":0.26790642188888897,"dir-speech":0.4455285817777778,"indirect":0.2274727668888889,"writing-device":0.05909222944444445}},{"id":"족발보쌈의달인 The족","permalink":"","username":"asdfg","text":"보쌈고기 부드럽고 쫄깃하며 쟁반국수도 맛이 좋아요","date":"Mon Dec 10 23:59:44 +0000 2018","retweets":"30","favorites":"20","mentions":[],"hashtags":[],"geo":"","raw":"보쌈고기 부드럽고 쫄깃하며 쟁반국수도 맛이 좋아요","polarity":{"com":0.00779172025,"pos":0.45672458174999997,"neg":0.15871943375,"neut":0.26182968674999996,"none":0.1149345775},"intensity":{"high":0.06424281425,"low":0.04959244949999999,"meium":0.7704794080000001,"none":0.11568532825},"expressive":{"dir-action":0.0007507507498123126,"dir-explicit":0.12450664946887334,"dir-speech":0.5975225223506194,"indirect":0.16332046345916987,"writing-device":0.11389961397152512}},{"id":"족발보쌈의달인 The족","permalink":"","username":"asdfg","text":"골뱅이와 족잘 족뱅이 주문했는데 맛있네요^^. 또 시킬께요.","date":"Mon Dec 10 23:59:44 +0000 2018","retweets":"30","favorites":"20","mentions":[],"hashtags":[],"geo":"","raw":"골뱅이와 족잘 족뱅이 주문했는데 맛있네요^^. 또 시킬께요.","polarity":{"com":0,"pos":0.28571428567857143,"neg":0.48214285712946425,"neut":0.12499999996875,"none":0.10714285722321429},"intensity":{"high":0,"low":0,"meium":0.89285714275,"none":0.10714285725},"expressive":{"dir-action":0,"dir-explicit":0.28571428575,"dir-speech":0.4464285715,"indirect":0.125,"writing-device":0.14285714275}},{"id":"족발보쌈의달인 The족","permalink":"","username":"asdfg","text":"족발무침 매콤새콤해서 담백해요","date":"Mon Dec 10 23:59:44 +0000 2018","retweets":"30","favorites":"20","mentions":[],"hashtags":[],"geo":"","raw":"족발무침 매콤새콤해서 담백해요","polarity":{"com":0.0177591385,"pos":0.4672258465,"neg":0.3543025785,"neut":0.050999275000000004,"none":0.1097131615},"intensity":{"high":0.11452832144273584,"low":0.10526043294736978,"meium":0.6632494561683753,"none":0.11696178944151911},"expressive":{"dir-action":0.007248628003624314,"dir-explicit":0.23661592611830795,"dir-speech":0.25194159662597077,"indirect":0.3757378071878689,"writing-device":0.12845604206422803}},{"id":"족발보쌈의달인 The족","permalink":"","username":"asdfg","text":"보족 양도 적당하구 맛도 깔끔한게 조았어요. 막국수도 마싯구요ㅋ","date":"Mon Dec 10 23:59:44 +0000 2018","retweets":"30","favorites":"20","mentions":[],"hashtags":[],"geo":"","raw":"보족 양도 적당하구 맛도 깔끔한게 조았어요. 막국수도 마싯구요ㅋ","polarity":{"com":0.006233376198753327,"pos":0.6423027422715395,"neg":0.21928323935614338,"neut":0.04023298019195341,"none":0.09194766198161047},"intensity":{"high":0.0667788668,"low":0.0858278058,"meium":0.7548450648,"none":0.0925482626},"expressive":{"dir-action":0.00060060059987988,"dir-explicit":0.16114378116777128,"dir-speech":0.4164795563167041,"indirect":0.3306563707338687,"writing-device":0.09111969118177607}},{"id":"족발보쌈의달인 The족","permalink":"","username":"asdfg","text":"보족세트 두가지를 동시에 먹을수  있어서 좋고 맘껏  부담없이 먹어서 좋다","date":"Mon Dec 10 23:59:44 +0000 2018","retweets":"30","favorites":"20","mentions":[],"hashtags":[],"geo":"","raw":"보족세트 두가지를 동시에 먹을수  있어서 좋고 맘껏  부담없이 먹어서 좋다","polarity":{"com":0,"pos":0.5195833332500001,"neg":0.38083333337499997,"neut":0.002083333375,"none":0.0975},"intensity":{"high":0.12569444439071178,"low":0.1343055555167882,"meium":0.6425000000803125,"none":0.0975000000121875},"expressive":{"dir-action":0,"dir-explicit":0.365972222125,"dir-speech":0.3069444445,"indirect":0.229583333375,"writing-device":0.0975}},{"id":"족발보쌈의달인 The족","permalink":"","username":"asdfg","text":"대만족~ 자주이용할게요 서비스팍팍주세요","date":"Mon Dec 10 23:59:44 +0000 2018","retweets":"30","favorites":"20","mentions":[],"hashtags":[],"geo":"","raw":"대만족~ 자주이용할게요 서비스팍팍주세요","polarity":{"com":0,"pos":0.8666666666666667,"neg":0.13333333333333333,"neut":0,"none":0},"intensity":{"high":0,"low":0.6666666666666666,"meium":0.3333333333333333,"none":0},"expressive":{"dir-action":0,"dir-explicit":0.16666666666666666,"dir-speech":0.3666666666666667,"indirect":0.4666666666666666,"writing-device":0}},{"id":"족발보쌈의달인 The족","permalink":"","username":"asdfg","text":"보쌈고기 부드럽고 담백해서 맛이 좋아요.\n 아삭한 김치도 맛있네요","date":"Mon Dec 10 23:59:44 +0000 2018","retweets":"30","favorites":"20","mentions":[],"hashtags":[],"geo":"","raw":"보쌈고기 부드럽고 담백해서 맛이 좋아요.\n 아삭한 김치도 맛있네요","polarity":{"com":0.007110189,"pos":0.5114562345,"neg":0.179529431,"neut":0.18604737733333332,"none":0.11585676816666668},"intensity":{"high":0.09531896431744684,"low":0.060801096656533146,"meium":0.725606961545732,"none":0.11827297748028784},"expressive":{"dir-action":0.0024162093333333335,"dir-explicit":0.20982435633333332,"dir-speech":0.5006471988333333,"indirect":0.16619831666666665,"writing-device":0.12091391883333334}},{"id":"족발보쌈의달인 The족","permalink":"","username":"asdfg","text":"보쌈에다 김치 얹어먹으면 크으~ 대만족이에요^^","date":"Mon Dec 10 23:59:44 +0000 2018","retweets":"30","favorites":"20","mentions":[],"hashtags":[],"geo":"","raw":"보쌈에다 김치 얹어먹으면 크으~ 대만족이에요^^","polarity":{"com":0.0114379085,"pos":0.359477124,"neg":0.4722222225,"neut":0.045751634,"none":0.111111111},"intensity":{"high":0.1192810455596405,"low":0.1519607840759804,"meium":0.6176470593088236,"none":0.11111111105555554},"expressive":{"dir-action":0,"dir-explicit":0.320261438,"dir-speech":0.4901960785,"indirect":0.068627451,"writing-device":0.1209150325}},{"id":"족발보쌈의달인 The족","permalink":"","username":"asdfg","text":"쫀득쫀득한 족발이 씹을때 식감이 있고요. 쟁반국수도 매콤해서 맛있어요","date":"Mon Dec 10 23:59:44 +0000 2018","retweets":"30","favorites":"20","mentions":[],"hashtags":[],"geo":"","raw":"쫀득쫀득한 족발이 씹을때 식감이 있고요. 쟁반국수도 매콤해서 맛있어요","polarity":{"com":0.008857697855877473,"pos":0.44603610750770917,"neg":0.4198632475114481,"neut":0.05830739242024179,"none":0.06693555470472348},"intensity":{"high":0.06480103143782871,"low":0.22903652303271949,"meium":0.6381685638054526,"none":0.06799388172399913},"expressive":{"dir-action":0.0010583270000000002,"dir-explicit":0.299134528,"dir-speech":0.3670721982857143,"indirect":0.26576147314285714,"writing-device":0.06697347357142858}},{"id":"족발보쌈의달인 The족","permalink":"","username":"asdfg","text":"한시간넘게걸리네요ㅜㅜㅜ","date":"Mon Dec 10 23:59:44 +0000 2018","retweets":"30","favorites":"20","mentions":[],"hashtags":[],"geo":"","raw":"한시간넘게걸리네요ㅜㅜㅜ","polarity":{"com":0,"pos":0,"neg":1,"neut":0,"none":0},"intensity":{"high":0.1666666665,"low":0.3333333335,"meium":0.5,"none":0},"expressive":{"dir-action":0,"dir-explicit":0.16666666658333332,"dir-speech":0.16666666658333332,"indirect":0.6666666668333333,"writing-device":0}},{"id":"족발보쌈의달인 The족","permalink":"","username":"asdfg","text":"족발에 김치올려 오랜만에 맛나게 먹었네요^^","date":"Mon Dec 10 23:59:44 +0000 2018","retweets":"30","favorites":"20","mentions":[],"hashtags":[],"geo":"","raw":"족발에 김치올려 오랜만에 맛나게 먹었네요^^","polarity":{"com":0,"pos":0.5,"neg":0.5,"neut":0,"none":0},"intensity":{"high":0.0555555555,"low":0.111111111,"meium":0.8333333334999999,"none":0},"expressive":{"dir-action":0,"dir-explicit":0.4444444445,"dir-speech":0.388888889,"indirect":0.1666666665,"writing-device":0}},{"id":"족발보쌈의달인 The족","permalink":"","username":"asdfg","text":"완전 맛있어요ㅋㅋㅋㅋ 배달은 30분 좀 안되게 걸렸고 다음엔 쟁반국수 추가해봐야겠어요","date":"Mon Dec 10 23:59:44 +0000 2018","retweets":"30","favorites":"20","mentions":[],"hashtags":[],"geo":"","raw":"완전 맛있어요ㅋㅋㅋㅋ 배달은 30분 좀 안되게 걸렸고 다음엔 쟁반국수 추가해봐야겠어요","polarity":{"com":0,"pos":0.4695767195782628,"neg":0.5013227514168872,"neut":0.015873015835978836,"none":0.013227513168871254},"intensity":{"high":0.005291005333333334,"low":0.03968253966666666,"meium":0.9417989418333333,"none":0.013227513166666668},"expressive":{"dir-action":0,"dir-explicit":0.17645502649999997,"dir-speech":0.5444444445,"indirect":0.26322751316666665,"writing-device":0.01587301583333333}},{"id":"족발보쌈의달인 The족","permalink":"","username":"asdfg","text":"족발 정말 맛있네요!^^","date":"Mon Dec 10 23:59:44 +0000 2018","retweets":"30","favorites":"20","mentions":[],"hashtags":[],"geo":"","raw":"족발 정말 맛있네요!^^","polarity":{"com":0,"pos":0.75,"neg":0,"neut":0,"none":0.25},"intensity":{"high":0.5,"low":0,"meium":0.25,"none":0.25},"expressive":{"dir-action":0,"dir-explicit":0.5,"dir-speech":0.25,"indirect":0,"writing-device":0.25}},{"id":"족발보쌈의달인 The족","permalink":"","username":"asdfg","text":"맛있어요  더 맛있는 음식 만들어주세요","date":"Mon Dec 10 23:59:44 +0000 2018","retweets":"30","favorites":"20","mentions":[],"hashtags":[],"geo":"","raw":"맛있어요  더 맛있는 음식 만들어주세요","polarity":{"com":0,"pos":0.437012263,"neg":0.4938684503333333,"neut":0.054626533,"none":0.014492753666666665},"intensity":{"high":0.05797101433333332,"low":0.05462653299999999,"meium":0.8729096989999999,"none":0.014492753666666663},"expressive":{"dir-action":0,"dir-explicit":0.3132664438955779,"dir-speech":0.5629877368123375,"indirect":0.10925306563024899,"writing-device":0.01449275366183575}},{"id":"족발보쌈의달인 The족","permalink":"","username":"asdfg","text":"보쌈이 담백하고 고소한게 딴거 없이 보쌈 고기만 먹어도 맛납니다ㅋㅋ","date":"Mon Dec 10 23:59:44 +0000 2018","retweets":"30","favorites":"20","mentions":[],"hashtags":[],"geo":"","raw":"보쌈이 담백하고 고소한게 딴거 없이 보쌈 고기만 먹어도 맛납니다ㅋㅋ","polarity":{"com":0.009276983373840378,"pos":0.4098010530737749,"neg":0.4034660300745667,"neut":0.16985698522876788,"none":0.007598948249050132},"intensity":{"high":0.06845751500855721,"low":0.09817039488727129,"meium":0.8245782884780724,"none":0.008793801626099225},"expressive":{"dir-action":0.001732487750216561,"dir-explicit":0.19628778164953603,"dir-speech":0.589504087073688,"indirect":0.14145065914268132,"writing-device":0.07102498438387811}},{"id":"족발보쌈의달인 The족","permalink":"","username":"asdfg","text":"보불세트 괜찮아요. 매운 불족발 먹다가 보쌈먹고 하면서 다 먹었네요ㅋㅋㅋ ","date":"Mon Dec 10 23:59:44 +0000 2018","retweets":"30","favorites":"20","mentions":[],"hashtags":[],"geo":"","raw":"보불세트 괜찮아요. 매운 불족발 먹다가 보쌈먹고 하면서 다 먹었네요ㅋㅋㅋ ","polarity":{"com":0.0022988506000000005,"pos":0.3405582920000001,"neg":0.5471264370000001,"neut":0.013793103400000006,"none":0.09622331700000003},"intensity":{"high":0.12457580735016968,"low":0.11417624515432952,"meium":0.6627257799349097,"none":0.09852216756059115},"expressive":{"dir-action":0.0022988506,"dir-explicit":0.4067870826,"dir-speech":0.451012589,"indirect":0.036781609199999996,"writing-device":0.1031198686}},{"id":"족발보쌈의달인 The족","permalink":"","username":"asdfg","text":"맛잇어요 여기!!굿굿ㅋㅋㅋ","date":"Mon Dec 10 23:59:44 +0000 2018","retweets":"30","favorites":"20","mentions":[],"hashtags":[],"geo":"","raw":"맛잇어요 여기!!굿굿ㅋㅋㅋ","polarity":{"com":0,"pos":0.8333333333333334,"neg":0.16666666666666666,"neut":0,"none":0},"intensity":{"high":0,"low":0,"meium":1,"none":0},"expressive":{"dir-action":0,"dir-explicit":0,"dir-speech":0.6666666666666666,"indirect":0.3333333333333333,"writing-device":0}},{"id":"족발보쌈의달인 The족","permalink":"","username":"asdfg","text":"보족세트 가격도 비싸지 않고 두가지를.한번에 \n먹을.수.있어서 좋아요","date":"Mon Dec 10 23:59:44 +0000 2018","retweets":"30","favorites":"20","mentions":[],"hashtags":[],"geo":"","raw":"보족세트 가격도 비싸지 않고 두가지를.한번에 \n먹을.수.있어서 좋아요","polarity":{"com":0.005325883428571428,"pos":0.4930105367142857,"neg":0.32377101842857137,"neut":0.060844816857142846,"none":0.11704774457142855},"intensity":{"high":0.1351165624478738,"low":0.13975730073425105,"meium":0.5890598090841513,"none":0.1360663277337238},"expressive":{"dir-action":0.0021450021431635717,"dir-explicit":0.2706409371815201,"dir-speech":0.23287241931898175,"indirect":0.3539329923362761,"writing-device":0.1404086490200584}},{"id":"족발보쌈의달인 The족","permalink":"","username":"asdfg","text":"보쌈하고 같이 온 김치가 정말 맛있네요. 김치가 맛있기가 힘든데 말이죠. 배터지게 정말 잘 먹었습니다~","date":"Mon Dec 10 23:59:44 +0000 2018","retweets":"30","favorites":"20","mentions":[],"hashtags":[],"geo":"","raw":"보쌈하고 같이 온 김치가 정말 맛있네요. 김치가 맛있기가 힘든데 말이죠. 배터지게 정말 잘 먹었습니다~","polarity":{"com":0.0055069125,"pos":0.3706605223,"neg":0.5462211981,"neut":0.044458525400000004,"none":0.0331528417},"intensity":{"high":0.22008960577799105,"low":0.1538351253846165,"meium":0.5909216589409078,"none":0.03515360989648464},"expressive":{"dir-action":0.0006451613,"dir-explicit":0.2571915003,"dir-speech":0.45902585770000004,"indirect":0.24998463899999995,"writing-device":0.033152841700000005}},{"id":"족발보쌈의달인 The족","permalink":"","username":"asdfg","text":"족발 굳굳^^) 잡내도 안 나고 부드러워요","date":"Mon Dec 10 23:59:44 +0000 2018","retweets":"30","favorites":"20","mentions":[],"hashtags":[],"geo":"","raw":"족발 굳굳^^) 잡내도 안 나고 부드러워요","polarity":{"com":0,"pos":0.6666666668333333,"neg":0.16666666658333332,"neut":0.16666666658333332,"none":0},"intensity":{"high":0,"low":0.3333333335,"meium":0.6666666665000001,"none":0},"expressive":{"dir-action":0,"dir-explicit":0.5,"dir-speech":0.3333333335,"indirect":0.1666666665,"writing-device":0}},{"id":"족발보쌈의달인 The족","permalink":"","username":"asdfg","text":"쌈에 물기가 제거되서 오니까 보기에도 깔끔하고 야채도 신선해서 좋아요:3","date":"Mon Dec 10 23:59:44 +0000 2018","retweets":"30","favorites":"20","mentions":[],"hashtags":[],"geo":"","raw":"쌈에 물기가 제거되서 오니까 보기에도 깔끔하고 야채도 신선해서 좋아요:3","polarity":{"com":0.017187598553645822,"pos":0.5040929869439896,"neg":0.30273219074414087,"neut":0.061335894215407125,"none":0.11465132954281654},"intensity":{"high":0.1600231761111111,"low":0.09884643077777779,"meium":0.6235254954444445,"none":0.11760489766666667},"expressive":{"dir-action":0.0010505128886554417,"dir-explicit":0.36079157114204635,"dir-speech":0.28434650082570084,"indirect":0.23578409061427016,"writing-device":0.11802732452932728}},{"id":"족발보쌈의달인 The족","permalink":"","username":"asdfg","text":"잘 먹었습니다^ㅁ^) \n담에도 잘부탁드려요","date":"Mon Dec 10 23:59:44 +0000 2018","retweets":"30","favorites":"20","mentions":[],"hashtags":[],"geo":"","raw":"잘 먹었습니다^ㅁ^) \n담에도 잘부탁드려요","polarity":{"com":0.0035714285017857143,"pos":0.4642857142321428,"neg":0.27142857163571427,"neut":0.042857142521428575,"none":0.2178571431089286},"intensity":{"high":0.0714285715,"low":0.164285714,"meium":0.5464285715,"none":0.217857143},"expressive":{"dir-action":0,"dir-explicit":0.1999999999,"dir-speech":0.2214285713892857,"indirect":0.3642857143178571,"writing-device":0.21428571439285712}},{"id":"족발보쌈의달인 The족","permalink":"","username":"asdfg","text":"오늘은 보쌈으로다 배부르게 먹었네요^^","date":"Mon Dec 10 23:59:44 +0000 2018","retweets":"30","favorites":"20","mentions":[],"hashtags":[],"geo":"","raw":"오늘은 보쌈으로다 배부르게 먹었네요^^","polarity":{"com":0.008474576500000002,"pos":0.34463276800000003,"neg":0.6129943505000001,"neut":0.016949152500000002,"none":0.016949152500000002},"intensity":{"high":0.1064030130532015,"low":0.17890772108945385,"meium":0.6977401133488701,"none":0.016949152508474577},"expressive":{"dir-action":0,"dir-explicit":0.2467043315,"dir-speech":0.6685499060000001,"indirect":0.06779661000000001,"writing-device":0.016949152500000002}},{"id":"족발보쌈의달인 The족","permalink":"","username":"asdfg","text":"누린내도 안 나고 부드럽고 괜찮네요","date":"Mon Dec 10 23:59:44 +0000 2018","retweets":"30","favorites":"20","mentions":[],"hashtags":[],"geo":"","raw":"누린내도 안 나고 부드럽고 괜찮네요","polarity":{"com":0,"pos":0.5,"neg":0.5,"neut":0,"none":0},"intensity":{"high":0,"low":0,"meium":1,"none":0},"expressive":{"dir-action":0,"dir-explicit":1,"dir-speech":0,"indirect":0,"writing-device":0}},{"id":"족발보쌈의달인 The족","permalink":"","username":"asdfg","text":"보쌈 고기 진짜 맛있네요  크기도 큰데 입에서 사르륵 녹는게 죽입니다^^)ㅋ","date":"Mon Dec 10 23:59:44 +0000 2018","retweets":"30","favorites":"20","mentions":[],"hashtags":[],"geo":"","raw":"보쌈 고기 진짜 맛있네요  크기도 큰데 입에서 사르륵 녹는게 죽입니다^^)ㅋ","polarity":{"com":0,"pos":0.4391025640934829,"neg":0.36858974360523505,"neut":0.19230769230128206,"none":0},"intensity":{"high":0.09615384616666667,"low":0.038461538499999996,"meium":0.8653846153333333,"none":0},"expressive":{"dir-action":0,"dir-explicit":0.38461538466666667,"dir-speech":0.5737179486666667,"indirect":0.041666666666666664,"writing-device":0}},{"id":"족발보쌈의달인 The족","permalink":"","username":"asdfg","text":"포장도 깔끔하고 맛도 깔끔하니 좋네요^^","date":"Mon Dec 10 23:59:44 +0000 2018","retweets":"30","favorites":"20","mentions":[],"hashtags":[],"geo":"","raw":"포장도 깔끔하고 맛도 깔끔하니 좋네요^^","polarity":{"com":0.009609609600000001,"pos":0.6540450452,"neg":0.3055225224,"neut":0.0132132132,"none":0.0176096096},"intensity":{"high":0.08564564560000001,"low":0.0916336336,"meium":0.80390991,"none":0.0188108108},"expressive":{"dir-action":0.0012012012000000003,"dir-explicit":0.3449249248000001,"dir-speech":0.276036036,"indirect":0.3590270272,"writing-device":0.018810810800000004}},{"id":"족발보쌈의달인 The족","permalink":"","username":"asdfg","text":"족발무침 처음 먹어봐요.\n입에서 사르르 녹고요.완전 매워요\n스트레스 해소되네요","date":"Mon Dec 10 23:59:44 +0000 2018","retweets":"30","favorites":"20","mentions":[],"hashtags":[],"geo":"","raw":"족발무침 처음 먹어봐요.\n입에서 사르르 녹고요.완전 매워요\n스트레스 해소되네요","polarity":{"com":0.028571428594285717,"pos":0.6357142856728571,"neg":0.3071428571385715,"neut":0,"none":0.028571428594285717},"intensity":{"high":0.10000000000000002,"low":0.06666666660000001,"meium":0.8047619048000001,"none":0.028571428600000004},"expressive":{"dir-action":0,"dir-explicit":0.49047619050190483,"dir-speech":0.30238095233952383,"indirect":0.17857142856428573,"writing-device":0.028571428594285717}},{"id":"족발보쌈의달인 The족","permalink":"","username":"asdfg","text":"야채 조금 모자랐어요~그래도 깨끗하네요~","date":"Mon Dec 10 23:59:44 +0000 2018","retweets":"30","favorites":"20","mentions":[],"hashtags":[],"geo":"","raw":"야채 조금 모자랐어요~그래도 깨끗하네요~","polarity":{"com":0,"pos":0,"neg":0.5,"neut":0.5,"none":0},"intensity":{"high":0,"low":0.5,"meium":0.5,"none":0},"expressive":{"dir-action":0,"dir-explicit":1,"dir-speech":0,"indirect":0,"writing-device":0}}]