[{"id":"가장맛있는족발","permalink":"","username":"asdfg","text":"항상 족발시키면 가족을 찾게 되는데요...이번엔 부추무침과 겉절이랑 백김치(흰색 배추절임)만 오고 새우젓, 쌈장, 상추등은 없네요..급하게 집에 있는 재료들 다 꺼내서 먹었습니다.다음번엔 배송전에 한 번 더 확인해주세요.","date":"Mon Dec 10 23:59:44 +0000 2018","retweets":"30","favorites":"20","mentions":[],"hashtags":[],"geo":"","raw":"항상 족발시키면 가족을 찾게 되는데요...이번엔 부추무침과 겉절이랑 백김치(흰색 배추절임)만 오고 새우젓, 쌈장, 상추등은 없네요..급하게 집에 있는 재료들 다 꺼내서 먹었습니다.다음번엔 배송전에 한 번 더 확인해주세요.","polarity":{"com":0.02236343305,"pos":0.42464220145000003,"neg":0.37830914945000005,"neut":0.1343545458,"none":0.04033067025},"intensity":{"high":0.08720982408691852,"low":0.15369856952694522,"meium":0.7175508615423674,"none":0.04154074484376889},"expressive":{"dir-action":0.0027777778001388895,"dir-explicit":0.2348013632617401,"dir-speech":0.5080671761254033,"indirect":0.20909260781045466,"writing-device":0.04526107500226307}},{"id":"가장맛있는족발","permalink":"","username":"asdfg","text":"전에는 상추랑 양념장이 같이 왔는데.. 이번에는 상추도 양념장도 안오고 김치랑 부추만 왔어요~ 대자라서 찍어먹는걸 안주신 건지... 쟁반국수는 맛있게 먹었지만.. 양념장이 없어서 아쉬웠어요~","date":"Mon Dec 10 23:59:44 +0000 2018","retweets":"30","favorites":"20","mentions":[],"hashtags":[],"geo":"","raw":"전에는 상추랑 양념장이 같이 왔는데.. 이번에는 상추도 양념장도 안오고 김치랑 부추만 왔어요~ 대자라서 찍어먹는걸 안주신 건지... 쟁반국수는 맛있게 먹었지만.. 양념장이 없어서 아쉬웠어요~","polarity":{"com":0.0023737413130934353,"pos":0.2602398011900599,"neg":0.5221445686305363,"neut":0.14533454309883362,"none":0.06990734576747683},"intensity":{"high":0.04836697462802294,"low":0.23960309351497522,"meium":0.6385577820399098,"none":0.07347214981709202},"expressive":{"dir-action":0.000275330375,"dir-explicit":0.27392464381250003,"dir-speech":0.44898285056250004,"indirect":0.20570730131249998,"writing-device":0.07110987393750001}},{"id":"가장맛있는족발","permalink":"","username":"asdfg","text":"일단 음식 너무깔끔하고 맛은 있어요저는 보쌈 족발세트 시켰는데 앞다리로 추가변경했구요. 부드럽고 너무 맛있네요근데원래 막국수는 안주시는건가요???","date":"Mon Dec 10 23:59:44 +0000 2018","retweets":"30","favorites":"20","mentions":[],"hashtags":[],"geo":"","raw":"일단 음식 너무깔끔하고 맛은 있어요저는 보쌈 족발세트 시켰는데 앞다리로 추가변경했구요. 부드럽고 너무 맛있네요근데원래 막국수는 안주시는건가요???","polarity":{"com":0.02965657191913805,"pos":0.45633032220469427,"neg":0.2956569472746381,"neut":0.023630889001969246,"none":0.1947252695995605},"intensity":{"high":0.052821614828931523,"low":0.18037490256830208,"meium":0.5716487512856958,"none":0.19515473131707042},"expressive":{"dir-action":0.0007878846666666667,"dir-explicit":0.26631127083333334,"dir-speech":0.41276384400000005,"indirect":0.12086253883333335,"writing-device":0.19927446166666665}},{"id":"가장맛있는족발","permalink":"","username":"asdfg","text":"푸짐하고 깔끔한 맛!!","date":"Mon Dec 10 23:59:44 +0000 2018","retweets":"30","favorites":"20","mentions":[],"hashtags":[],"geo":"","raw":"푸짐하고 깔끔한 맛!!","polarity":{"com":0.016016016,"pos":0.741741742,"neg":0.20420420399999997,"neut":0.022022022000000002,"none":0.016016016},"intensity":{"high":0.076076076,"low":0.056056056,"meium":0.84984985,"none":0.018018018},"expressive":{"dir-action":0.002002002,"dir-explicit":0.20820820799999998,"dir-speech":0.39339339333333334,"indirect":0.3783783786666666,"writing-device":0.018018018}},{"id":"가장맛있는족발","permalink":"","username":"asdfg","text":"맛잇게잘먹엇습니다","date":"Mon Dec 10 23:59:44 +0000 2018","retweets":"30","favorites":"20","mentions":[],"hashtags":[],"geo":"","raw":"맛잇게잘먹엇습니다","polarity":{"com":0,"pos":1,"neg":0,"neut":0,"none":0},"intensity":{"high":0,"low":0,"meium":1,"none":0},"expressive":{"dir-action":0,"dir-explicit":0,"dir-speech":1,"indirect":0,"writing-device":0}},{"id":"가장맛있는족발","permalink":"","username":"asdfg","text":"늘 자주애용해요~~믿고먹는 족보입니다","date":"Mon Dec 10 23:59:44 +0000 2018","retweets":"30","favorites":"20","mentions":[],"hashtags":[],"geo":"","raw":"늘 자주애용해요~~믿고먹는 족보입니다","polarity":{"com":0.00571895425,"pos":0.5130718952500001,"neg":0.402777778,"neut":0.022875817,"none":0.0555555555},"intensity":{"high":0.10130718949999999,"low":0.36764705875,"meium":0.47549019625,"none":0.0555555555},"expressive":{"dir-action":0,"dir-explicit":0.243464052310866,"dir-speech":0.5784313726446079,"indirect":0.11764705877941177,"writing-device":0.060457516265114385}},{"id":"가장맛있는족발","permalink":"","username":"asdfg","text":"역시 믿고 먹는 가족이네요.","date":"Mon Dec 10 23:59:44 +0000 2018","retweets":"30","favorites":"20","mentions":[],"hashtags":[],"geo":"","raw":"역시 믿고 먹는 가족이네요.","polarity":{"com":0,"pos":0.42222222214074073,"neg":0.3555555557851852,"neut":0.11111111103703704,"none":0.11111111103703704},"intensity":{"high":0.10370370370123455,"low":0.18518518506172837,"meium":0.6000000002,"none":0.11111111103703702},"expressive":{"dir-action":0,"dir-explicit":0.25185185175061725,"dir-speech":0.5703703705234567,"indirect":0.06666666668888889,"writing-device":0.11111111103703702}},{"id":"가장맛있는족발","permalink":"","username":"asdfg","text":"대박~!!! 별 기대 안했는데 진짜 맛있네요. 맛과 차림에 정상이 느껴집니다. 앞으로 단골할게요~~","date":"Mon Dec 10 23:59:44 +0000 2018","retweets":"30","favorites":"20","mentions":[],"hashtags":[],"geo":"","raw":"대박~!!! 별 기대 안했는데 진짜 맛있네요. 맛과 차림에 정상이 느껴집니다. 앞으로 단골할게요~~","polarity":{"com":0,"pos":0.5555555554999999,"neg":0.41666666666666663,"neut":0.027777777833333326,"none":0},"intensity":{"high":0,"low":0.22222222216666668,"meium":0.7777777778333332,"none":0},"expressive":{"dir-action":0,"dir-explicit":0.027777777828703703,"dir-speech":0.4444444444259259,"indirect":0.49999999991666666,"writing-device":0.027777777828703703}},{"id":"가장맛있는족발","permalink":"","username":"asdfg","text":"반찬많고 좋네용양도 넉넉해서 좋아요~","date":"Mon Dec 10 23:59:44 +0000 2018","retweets":"30","favorites":"20","mentions":[],"hashtags":[],"geo":"","raw":"반찬많고 좋네용양도 넉넉해서 좋아요~","polarity":{"com":0.0062333762000000015,"pos":0.7333796654000001,"neg":0.142975547,"neut":0.009463749400000002,"none":0.10794766200000001},"intensity":{"high":0.1313942514,"low":0.0556739596,"meium":0.7043835264,"none":0.10854826260000001},"expressive":{"dir-action":0.00060060059987988,"dir-explicit":0.33960531953207895,"dir-speech":0.15801801796839643,"indirect":0.3946563707210688,"writing-device":0.10711969117857607}},{"id":"가장맛있는족발","permalink":"","username":"asdfg","text":"잘먹었습니다.역시 족발은 가족이죠^^배달원분도 친절하시고~~ 맛있게 잘먹었습니다.또시켜먹겠습니다.","date":"Mon Dec 10 23:59:44 +0000 2018","retweets":"30","favorites":"20","mentions":[],"hashtags":[],"geo":"","raw":"잘먹었습니다.역시 족발은 가족이죠^^배달원분도 친절하시고~~ 맛있게 잘먹었습니다.또시켜먹겠습니다.","polarity":{"com":0.006632266601326453,"pos":0.37100631017420127,"neg":0.4042168937808434,"neut":0.06997487301399498,"none":0.14816965642963392},"intensity":{"high":0.06228990951868697,"low":0.14318342954295502,"meium":0.6461419506938425,"none":0.14838471024451538},"expressive":{"dir-action":0.0006451613,"dir-explicit":0.23161640020000002,"dir-speech":0.40390997520000005,"indirect":0.20012659409999997,"writing-device":0.16370186920000002}},{"id":"가장맛있는족발","permalink":"","username":"asdfg","text":"여기족발이맛나는듯ㅋㅋㄱㅋ","date":"Mon Dec 10 23:59:44 +0000 2018","retweets":"30","favorites":"20","mentions":[],"hashtags":[],"geo":"","raw":"여기족발이맛나는듯ㅋㅋㄱㅋ","polarity":{"com":0,"pos":0.5,"neg":0.4166666665,"neut":0,"none":0.0833333335},"intensity":{"high":0,"low":0.08333333345833334,"meium":0.8333333330833335,"none":0.08333333345833334},"expressive":{"dir-action":0,"dir-explicit":0.0833333335,"dir-speech":0.6666666665000001,"indirect":0.1666666665,"writing-device":0.0833333335}},{"id":"가장맛있는족발","permalink":"","username":"asdfg","text":"목동에서 족발 보쌈은 최고배달오기 전 부터 기다렸습니다깔끔 담백 끝!","date":"Mon Dec 10 23:59:44 +0000 2018","retweets":"30","favorites":"20","mentions":[],"hashtags":[],"geo":"","raw":"목동에서 족발 보쌈은 최고배달오기 전 부터 기다렸습니다깔끔 담백 끝!","polarity":{"com":0.0283898306,"pos":0.54135498,"neg":0.273325081,"neut":0.020262807,"none":0.1366673014},"intensity":{"high":0.10708055604283225,"low":0.04060179001624071,"meium":0.7156503524862601,"none":0.13666730145466693},"expressive":{"dir-action":0,"dir-explicit":0.1551923443689615,"dir-speech":0.528830698894234,"indirect":0.1545905541690819,"writing-device":0.16138640256772271}},{"id":"가장맛있는족발","permalink":"","username":"asdfg","text":"값어치함.. 맛있네요쟁반국수는 진짜 맛있긴한데 비싸용 ㅜㅜ 반정도 양에 반정도 가격인 작은 쟁반국수 있으면 좋겠어용","date":"Mon Dec 10 23:59:44 +0000 2018","retweets":"30","favorites":"20","mentions":[],"hashtags":[],"geo":"","raw":"값어치함.. 맛있네요쟁반국수는 진짜 맛있긴한데 비싸용 ㅜㅜ 반정도 양에 반정도 가격인 작은 쟁반국수 있으면 좋겠어용","polarity":{"com":0.0013392856667782736,"pos":0.6075859788006321,"neg":0.29476851860789743,"neut":0.012103174584341932,"none":0.08420304234035027},"intensity":{"high":0.03493716933333334,"low":0.24549603175,"meium":0.6353637565833334,"none":0.08420304233333337},"expressive":{"dir-action":0,"dir-explicit":0.1784060846517995,"dir-speech":0.3643353174696387,"indirect":0.372328042302306,"writing-device":0.0849305555762558}},{"id":"가장맛있는족발","permalink":"","username":"asdfg","text":"맛있어요~ 그런데 원래 족발이나 보쌈 주문하면 막국수 오는거 아닌가요? ㅎ","date":"Mon Dec 10 23:59:44 +0000 2018","retweets":"30","favorites":"20","mentions":[],"hashtags":[],"geo":"","raw":"맛있어요~ 그런데 원래 족발이나 보쌈 주문하면 막국수 오는거 아닌가요? ㅎ","polarity":{"com":0,"pos":0.4642857142857143,"neg":0.35714285714285715,"neut":0.14285714285714285,"none":0.03571428571428571},"intensity":{"high":0.047619047571428576,"low":0.1666666667142857,"meium":0.75,"none":0.03571428571428571},"expressive":{"dir-action":0,"dir-explicit":0.15476190473639453,"dir-speech":0.6190476190884354,"indirect":0.1190476190170068,"writing-device":0.10714285715816327}},{"id":"가장맛있는족발","permalink":"","username":"asdfg","text":"항상 맛있네요 ㅎㅎㅎ","date":"Mon Dec 10 23:59:44 +0000 2018","retweets":"30","favorites":"20","mentions":[],"hashtags":[],"geo":"","raw":"항상 맛있네요 ㅎㅎㅎ","polarity":{"com":0,"pos":1,"neg":0,"neut":0,"none":0},"intensity":{"high":0,"low":0,"meium":1,"none":0},"expressive":{"dir-action":0,"dir-explicit":0.5,"dir-speech":0.5,"indirect":0,"writing-device":0}},{"id":"가장맛있는족발","permalink":"","username":"asdfg","text":"전화주문했다가 어플로 바꿔서했는데 전화받으시는 분도 친절하고 신경써주시네요! 배달도 빨리왔고 일단 족발 냄새하나 없이 부드럽고 맛나요! 쟁반국수도 하나도 안뿔고왔고 아주 대만족입니다!!!!","date":"Mon Dec 10 23:59:44 +0000 2018","retweets":"30","favorites":"20","mentions":[],"hashtags":[],"geo":"","raw":"전화주문했다가 어플로 바꿔서했는데 전화받으시는 분도 친절하고 신경써주시네요! 배달도 빨리왔고 일단 족발 냄새하나 없이 부드럽고 맛나요! 쟁반국수도 하나도 안뿔고왔고 아주 대만족입니다!!!!","polarity":{"com":0.004569312619265205,"pos":0.5845999751706953,"neg":0.23553899934454947,"neut":0.08876389143279828,"none":0.0865278214326918},"intensity":{"high":0.13924282167992788,"low":0.08208448619829375,"meium":0.6913927121610849,"none":0.08727997996069335},"expressive":{"dir-action":0.0011617847142857145,"dir-explicit":0.20758077742857148,"dir-speech":0.3281898886190477,"indirect":0.3700540876190477,"writing-device":0.09301346161904762}},{"id":"가장맛있는족발","permalink":"","username":"asdfg","text":"맛있어요따땃하게 배달되서 넘너모맛나게 먹었어요  주먹밥은 필수로 시키세요강추!!!","date":"Mon Dec 10 23:59:44 +0000 2018","retweets":"30","favorites":"20","mentions":[],"hashtags":[],"geo":"","raw":"맛있어요따땃하게 배달되서 넘너모맛나게 먹었어요  주먹밥은 필수로 시키세요강추!!!","polarity":{"com":0.007260798399999999,"pos":0.4410789135999999,"neg":0.5157353746,"neut":0.023553854599999997,"none":0.012371058799999998},"intensity":{"high":0.07051819441410363,"low":0.09478889481895775,"meium":0.8218917443643783,"none":0.012801166402560231},"expressive":{"dir-action":0.0012903226,"dir-explicit":0.1614774316,"dir-speech":0.7263446936,"indirect":0.09851649339999999,"writing-device":0.0123710588}},{"id":"가장맛있는족발","permalink":"","username":"asdfg","text":"처음 먹었는데.포장도 깨끗하고.맛도좋아요배달시간도 엄청빠르더라구요.잘먹었습니딘","date":"Mon Dec 10 23:59:44 +0000 2018","retweets":"30","favorites":"20","mentions":[],"hashtags":[],"geo":"","raw":"처음 먹었는데.포장도 깨끗하고.맛도좋아요배달시간도 엄청빠르더라구요.잘먹었습니딘","polarity":{"com":0.01875,"pos":0.675267857125,"neg":0.217946428625,"neut":0.010714285625,"none":0.077321428625},"intensity":{"high":0.042857142875000004,"low":0.11898809512499998,"meium":0.760833333375,"none":0.077321428625},"expressive":{"dir-action":0,"dir-explicit":0.22321428569419646,"dir-speech":0.2589285714352679,"indirect":0.4414285713896429,"writing-device":0.07642857148089287}},{"id":"가장맛있는족발","permalink":"","username":"asdfg","text":"쫄깃쫄깃 맛있어요. 목동에서 족박로는 갑인듯!!","date":"Mon Dec 10 23:59:44 +0000 2018","retweets":"30","favorites":"20","mentions":[],"hashtags":[],"geo":"","raw":"쫄깃쫄깃 맛있어요. 목동에서 족박로는 갑인듯!!","polarity":{"com":0.005718954251429739,"pos":0.3007703080751926,"neg":0.5297619048824405,"neut":0.04668534076167134,"none":0.11706349202926589},"intensity":{"high":0.039799253,"low":0.12161531275,"meium":0.72152194225,"none":0.11706349199999999},"expressive":{"dir-action":0,"dir-explicit":0.18592437,"dir-speech":0.55065359475,"indirect":0.1374883285,"writing-device":0.12593370674999999}},{"id":"가장맛있는족발","permalink":"","username":"asdfg","text":"맛닛어용 ㅎㅎㅎ 집가깝고 깔끔해서 자주 시켜요","date":"Mon Dec 10 23:59:44 +0000 2018","retweets":"30","favorites":"20","mentions":[],"hashtags":[],"geo":"","raw":"맛닛어용 ㅎㅎㅎ 집가깝고 깔끔해서 자주 시켜요","polarity":{"com":0.006006006,"pos":0.77815315325,"neg":0.2015765765,"neut":0.00825825825,"none":0.006006006},"intensity":{"high":0.0285285285,"low":0.31268768775,"meium":0.652027027,"none":0.00675675675},"expressive":{"dir-action":0.0007507507500000002,"dir-explicit":0.07807807800000001,"dir-speech":0.7725225225000001,"indirect":0.14189189200000002,"writing-device":0.0067567567500000005}},{"id":"가장맛있는족발","permalink":"","username":"asdfg","text":"고기도 좋고 부드럽습니다굿굿ㅋㅋ","date":"Mon Dec 10 23:59:44 +0000 2018","retweets":"30","favorites":"20","mentions":[],"hashtags":[],"geo":"","raw":"고기도 좋고 부드럽습니다굿굿ㅋㅋ","polarity":{"com":0,"pos":0.73,"neg":0.01,"neut":0.25,"none":0.01},"intensity":{"high":0.05,"low":0.01,"meium":0.9299999999999999,"none":0.01},"expressive":{"dir-action":0,"dir-explicit":0.4,"dir-speech":0.3,"indirect":0.29,"writing-device":0.01}},{"id":"가장맛있는족발","permalink":"","username":"asdfg","text":"것절이가 맛있네요ㅋㅋ굿","date":"Mon Dec 10 23:59:44 +0000 2018","retweets":"30","favorites":"20","mentions":[],"hashtags":[],"geo":"","raw":"것절이가 맛있네요ㅋㅋ굿","polarity":{"com":0.0059523810000000005,"pos":0.5595238095,"neg":0.3134920635000001,"neut":0.015873015750000007,"none":0.10515873025000001},"intensity":{"high":0.015873015750000004,"low":0.01984126975,"meium":0.85912698425,"none":0.10515873025},"expressive":{"dir-action":0,"dir-explicit":0.04563492075,"dir-speech":0.58333333325,"indirect":0.259920635,"writing-device":0.111111111}},{"id":"가장맛있는족발","permalink":"","username":"asdfg","text":"역시 가족 배달원실수로  애기랑먹을 반반 메뉴가 살짝섞였는데 아기가먹을것만 다시 갖다주셨네요 .  친절하시고 믿고 앞으로항상주문하겠습니다.^^ 족발은 역시가조쿠~~","date":"Mon Dec 10 23:59:44 +0000 2018","retweets":"30","favorites":"20","mentions":[],"hashtags":[],"geo":"","raw":"역시 가족 배달원실수로  애기랑먹을 반반 메뉴가 살짝섞였는데 아기가먹을것만 다시 갖다주셨네요 .  친절하시고 믿고 앞으로항상주문하겠습니다.^^ 족발은 역시가조쿠~~","polarity":{"com":0.008645702923741977,"pos":0.4579229678813787,"neg":0.40413379741570254,"neut":0.08494098223730318,"none":0.04435654954187358},"intensity":{"high":0.12318540600947578,"low":0.13164635593320356,"meium":0.6991072100537775,"none":0.046061028003543156},"expressive":{"dir-action":0.0021475570003303933,"dir-explicit":0.3331403932820216,"dir-speech":0.36487713967151947,"indirect":0.242195847191107,"writing-device":0.05763906285502139}},{"id":"가장맛있는족발","permalink":"","username":"asdfg","text":"좀 식어서 옴 ㅡㅡㅡㅡㅡㅡ","date":"Mon Dec 10 23:59:44 +0000 2018","retweets":"30","favorites":"20","mentions":[],"hashtags":[],"geo":"","raw":"좀 식어서 옴 ㅡㅡㅡㅡㅡㅡ","polarity":{"com":0,"pos":0.75,"neg":0,"neut":0.25,"none":0},"intensity":{"high":0,"low":0,"meium":1,"none":0},"expressive":{"dir-action":0,"dir-explicit":0.2,"dir-speech":0.55,"indirect":0.25,"writing-device":0}},{"id":"가장맛있는족발","permalink":"","username":"asdfg","text":"맛있게 잘 먹었습니다. 양도 적당하고 깔끔하네요.","date":"Mon Dec 10 23:59:44 +0000 2018","retweets":"30","favorites":"20","mentions":[],"hashtags":[],"geo":"","raw":"맛있게 잘 먹었습니다. 양도 적당하고 깔끔하네요.","polarity":{"com":0.006006006001501502,"pos":0.5817245818954311,"neg":0.38014800509503704,"neut":0.02611540100652885,"none":0.006006006001501502},"intensity":{"high":0.0285285285,"low":0.07459244949999999,"meium":0.89012226525,"none":0.00675675675},"expressive":{"dir-action":0.00075075075,"dir-explicit":0.13164950649999999,"dir-speech":0.30823680825,"indirect":0.55260617775,"writing-device":0.00675675675}},{"id":"가장맛있는족발","permalink":"","username":"asdfg","text":"맛잇엉ㅇ 맨날 시킴 집가까워 빨리옴 짱짱 ㅋㅋ ","date":"Mon Dec 10 23:59:44 +0000 2018","retweets":"30","favorites":"20","mentions":[],"hashtags":[],"geo":"","raw":"맛잇엉ㅇ 맨날 시킴 집가까워 빨리옴 짱짱 ㅋㅋ ","polarity":{"com":0.045454545500000006,"pos":0.6704545455,"neg":0.26136363650000005,"neut":0,"none":0.022727272500000003},"intensity":{"high":0.022727272511363635,"low":0.06818181803409092,"meium":0.8863636369431818,"none":0.022727272511363635},"expressive":{"dir-action":0,"dir-explicit":0.26136363650000005,"dir-speech":0.2954545455,"indirect":0.4204545455,"writing-device":0.022727272500000003}},{"id":"가장맛있는족발","permalink":"","username":"asdfg","text":"배달도 늦지 않고 맛있게 잘 먹었어요~^^","date":"Mon Dec 10 23:59:44 +0000 2018","retweets":"30","favorites":"20","mentions":[],"hashtags":[],"geo":"","raw":"배달도 늦지 않고 맛있게 잘 먹었어요~^^","polarity":{"com":0,"pos":0.4285714286071428,"neg":0.5535714286383928,"neut":0.017857142754464286,"none":0},"intensity":{"high":0,"low":0.0535714285,"meium":0.9464285715,"none":0},"expressive":{"dir-action":0,"dir-explicit":0.0535714285,"dir-speech":0.53571428575,"indirect":0.41071428575,"writing-device":0}},{"id":"가장맛있는족발","permalink":"","username":"asdfg","text":"맛있게 잘먹었습니다^^","date":"Mon Dec 10 23:59:44 +0000 2018","retweets":"30","favorites":"20","mentions":[],"hashtags":[],"geo":"","raw":"맛있게 잘먹었습니다^^","polarity":{"com":0,"pos":0.35714285717857136,"neg":0.6071428573035714,"neut":0.03571428551785714,"none":0},"intensity":{"high":0,"low":0.107142857,"meium":0.8928571430000001,"none":0},"expressive":{"dir-action":0,"dir-explicit":0.107142857,"dir-speech":0.5714285715,"indirect":0.3214285715,"writing-device":0}},{"id":"가장맛있는족발","permalink":"","username":"asdfg","text":"맛있어요~ 쫄깃하고. ","date":"Mon Dec 10 23:59:44 +0000 2018","retweets":"30","favorites":"20","mentions":[],"hashtags":[],"geo":"","raw":"맛있어요~ 쫄깃하고. ","polarity":{"com":0.012012012,"pos":0.3063063065,"neg":0.653153153,"neut":0.0165165165,"none":0.012012012},"intensity":{"high":0.057057057,"low":0.042042042,"meium":0.8873873875,"none":0.0135135135},"expressive":{"dir-action":0.0015015015000000005,"dir-explicit":0.15615615600000002,"dir-speech":0.5450450450000001,"indirect":0.28378378400000004,"writing-device":0.013513513500000003}},{"id":"가장맛있는족발","permalink":"","username":"asdfg","text":"맛있습니다잘먹었습니다","date":"Mon Dec 10 23:59:44 +0000 2018","retweets":"30","favorites":"20","mentions":[],"hashtags":[],"geo":"","raw":"맛있습니다잘먹었습니다","polarity":{"com":0,"pos":0.35714285717857136,"neg":0.6071428573035714,"neut":0.03571428551785714,"none":0},"intensity":{"high":0,"low":0.107142857,"meium":0.8928571430000001,"none":0},"expressive":{"dir-action":0,"dir-explicit":0.107142857,"dir-speech":0.5714285715,"indirect":0.3214285715,"writing-device":0}},{"id":"가장맛있는족발","permalink":"","username":"asdfg","text":"야식으로 시켜서 맛있게 잘먹었어요 주먹밥 족발 다 맛있었어요 ~","date":"Mon Dec 10 23:59:44 +0000 2018","retweets":"30","favorites":"20","mentions":[],"hashtags":[],"geo":"","raw":"야식으로 시켜서 맛있게 잘먹었어요 주먹밥 족발 다 맛있었어요 ~","polarity":{"com":0,"pos":0.47619047615873017,"neg":0.40476190480158736,"neut":0.023809523674603175,"none":0.09523809536507936},"intensity":{"high":0.09523809530158729,"low":0.0714285713095238,"meium":0.7380952380873016,"none":0.09523809530158729},"expressive":{"dir-action":0,"dir-explicit":0.21428571426190474,"dir-speech":0.47619047617460314,"indirect":0.21428571426190474,"writing-device":0.09523809530158729}},{"id":"가장맛있는족발","permalink":"","username":"asdfg","text":"오늘 불족발 매콤하니 좋았어요 굿굿","date":"Mon Dec 10 23:59:44 +0000 2018","retweets":"30","favorites":"20","mentions":[],"hashtags":[],"geo":"","raw":"오늘 불족발 매콤하니 좋았어요 굿굿","polarity":{"com":0.006006006,"pos":0.63315315325,"neg":0.3365765765,"neut":0.00825825825,"none":0.016006006},"intensity":{"high":0.0785285285,"low":0.031021021000000003,"meium":0.8736936937499999,"none":0.01675675675},"expressive":{"dir-action":0.00075075075,"dir-explicit":0.478078078,"dir-speech":0.0725225225,"indirect":0.431891892,"writing-device":0.01675675675}},{"id":"가장맛있는족발","permalink":"","username":"asdfg","text":"보쌈 맛있게먹었습니다..살고기.많이있는부분으로달라했는데 딱 적당히 주셨어요  근데 보쌈에서 조금냄새가나서 좀 아쉬웠어요 제가 민감해서 그럴수는있어요!신랑은아주 맛나게먹었어요  반찬도 좋았어요 양도많고 배달하시분도 친절하시고 아쉬운거빼면.다.좋았어요","date":"Mon Dec 10 23:59:44 +0000 2018","retweets":"30","favorites":"20","mentions":[],"hashtags":[],"geo":"","raw":"보쌈 맛있게먹었습니다..살고기.많이있는부분으로달라했는데 딱 적당히 주셨어요  근데 보쌈에서 조금냄새가나서 좀 아쉬웠어요 제가 민감해서 그럴수는있어요!신랑은아주 맛나게먹었어요  반찬도 좋았어요 양도많고 배달하시분도 친절하시고 아쉬운거빼면.다.좋았어요","polarity":{"com":0.003383344304347826,"pos":0.4645133453478262,"neg":0.4038933545217391,"neut":0.03928847317391305,"none":0.08892148265217391},"intensity":{"high":0.0760414232641757,"low":0.09365843887363734,"meium":0.7407854034235124,"none":0.08951473443867457},"expressive":{"dir-action":0.0007802550434782608,"dir-explicit":0.2876854818260869,"dir-speech":0.38832453408695644,"indirect":0.21050790969565222,"writing-device":0.11270181934782608}},{"id":"가장맛있는족발","permalink":"","username":"asdfg","text":"good 맛있어요~~","date":"Mon Dec 10 23:59:44 +0000 2018","retweets":"30","favorites":"20","mentions":[],"hashtags":[],"geo":"","raw":"good 맛있어요~~","polarity":{"com":0,"pos":0,"neg":1,"neut":0,"none":0},"intensity":{"high":0,"low":0,"meium":1,"none":0},"expressive":{"dir-action":0,"dir-explicit":0,"dir-speech":1,"indirect":0,"writing-device":0}},{"id":"가장맛있는족발","permalink":"","username":"asdfg","text":"역시 가족!! 반반이 진리네요 아이들과 어른은 불족으로","date":"Mon Dec 10 23:59:44 +0000 2018","retweets":"30","favorites":"20","mentions":[],"hashtags":[],"geo":"","raw":"역시 가족!! 반반이 진리네요 아이들과 어른은 불족으로","polarity":{"com":0.005649717668549907,"pos":0.46785041682261685,"neg":0.28167877342722625,"neut":0.12241054604080352,"none":0.12241054604080352},"intensity":{"high":0.03389830502259887,"low":0.20392789880261858,"meium":0.6397632500931756,"none":0.12241054608160705},"expressive":{"dir-action":0,"dir-explicit":0.2491256390830419,"dir-speech":0.4880279794960093,"indirect":0.14043583538014529,"writing-device":0.12241054604080352}},{"id":"가장맛있는족발","permalink":"","username":"asdfg","text":"반반족발 괜찮네요~^^ 배달도 생각보다 빠르고 좋아요","date":"Mon Dec 10 23:59:44 +0000 2018","retweets":"30","favorites":"20","mentions":[],"hashtags":[],"geo":"","raw":"반반족발 괜찮네요~^^ 배달도 생각보다 빠르고 좋아요","polarity":{"com":0,"pos":0.82375,"neg":0.09333333325,"neut":0.0625,"none":0.02041666675},"intensity":{"high":0.07083333325,"low":0.15583333325,"meium":0.75291666675,"none":0.02041666675},"expressive":{"dir-action":0,"dir-explicit":0.24375000000000002,"dir-speech":0.4145833332500001,"indirect":0.32125000000000004,"writing-device":0.020416666750000003}},{"id":"가장맛있는족발","permalink":"","username":"asdfg","text":"진짜 많이 시켰었는데 솔직히 배달이 거의 한시간 걸려서 당황했지만.. 맛있으니 패스합니다. 그래도 한시간은 너무 하신거같아요ㅠㅠ 맛있고 친절하고 다 좋은데ㅠㅠ 구래서 별은 다섯개 다 드리지만 정말로 한시간은 너무함ㅜㅜㅜㅜㅜㅜ후ㅜ르그흐흑","date":"Mon Dec 10 23:59:44 +0000 2018","retweets":"30","favorites":"20","mentions":[],"hashtags":[],"geo":"","raw":"진짜 많이 시켰었는데 솔직히 배달이 거의 한시간 걸려서 당황했지만.. 맛있으니 패스합니다. 그래도 한시간은 너무 하신거같아요ㅠㅠ 맛있고 친절하고 다 좋은데ㅠㅠ 구래서 별은 다섯개 다 드리지만 정말로 한시간은 너무함ㅜㅜㅜㅜㅜㅜ후ㅜ르그흐흑","polarity":{"com":0.014945798157894737,"pos":0.34560183189473687,"neg":0.5386093195263157,"neut":0.018306240210526317,"none":0.08253681021052629},"intensity":{"high":0.1195220709347872,"low":0.1207090095136096,"meium":0.6851727060857714,"none":0.07459621346583198},"expressive":{"dir-action":0.0012840778420376798,"dir-explicit":0.3067928484575372,"dir-speech":0.42140252208308404,"indirect":0.1423092103082995,"writing-device":0.1282113413090415}},{"id":"가장맛있는족발","permalink":"","username":"asdfg","text":"완죤 만족......불족은 맛있는데 족발은 살이거의 없네요","date":"Mon Dec 10 23:59:44 +0000 2018","retweets":"30","favorites":"20","mentions":[],"hashtags":[],"geo":"","raw":"완죤 만족......불족은 맛있는데 족발은 살이거의 없네요","polarity":{"com":0.006779661199999999,"pos":0.3423728812,"neg":0.6237288135999999,"neut":0.013559321999999997,"none":0.013559322000000004},"intensity":{"high":0.04067796601627119,"low":0.05423728802169491,"meium":0.8915254239566102,"none":0.013559322005423724},"expressive":{"dir-action":0,"dir-explicit":0.7084745764,"dir-speech":0.22372881359999996,"indirect":0.05423728799999999,"writing-device":0.013559321999999993}},{"id":"가장맛있는족발","permalink":"","username":"asdfg","text":"맛 좋고 배달이 너무 빨라 좋고~","date":"Mon Dec 10 23:59:44 +0000 2018","retweets":"30","favorites":"20","mentions":[],"hashtags":[],"geo":"","raw":"맛 좋고 배달이 너무 빨라 좋고~","polarity":{"com":0.03571428575,"pos":0.76571428575,"neg":0.1885714285,"neut":0,"none":0.01},"intensity":{"high":0.08571428575000002,"low":0.04571428575000001,"meium":0.8585714285,"none":0.010000000000000002},"expressive":{"dir-action":0,"dir-explicit":0.29285714274999997,"dir-speech":0.6214285715000001,"indirect":0.07571428575,"writing-device":0.01}},{"id":"가장맛있는족발","permalink":"","username":"asdfg","text":"맛있어요 양도 많구요 많이 파세요","date":"Mon Dec 10 23:59:44 +0000 2018","retweets":"30","favorites":"20","mentions":[],"hashtags":[],"geo":"","raw":"맛있어요 양도 많구요 많이 파세요","polarity":{"com":0,"pos":0.44444444433333335,"neg":0.5185185186666667,"neut":0.037037037,"none":0},"intensity":{"high":0,"low":0.1851851853333333,"meium":0.8148148146666667,"none":0},"expressive":{"dir-action":0,"dir-explicit":0.40740740733333336,"dir-speech":0.5185185186666667,"indirect":0.074074074,"writing-device":0}},{"id":"가장맛있는족발","permalink":"","username":"asdfg","text":"이번에 불족 양념 많이 주셔서 맛있었어요 ㅋ","date":"Mon Dec 10 23:59:44 +0000 2018","retweets":"30","favorites":"20","mentions":[],"hashtags":[],"geo":"","raw":"이번에 불족 양념 많이 주셔서 맛있었어요 ㅋ","polarity":{"com":0,"pos":0.08333333325,"neg":0.888888889,"neut":0.02777777775,"none":0},"intensity":{"high":0,"low":0.138888889,"meium":0.861111111,"none":0},"expressive":{"dir-action":0,"dir-explicit":0.5555555555,"dir-speech":0.38888888899999996,"indirect":0.0555555555,"writing-device":0}},{"id":"가장맛있는족발","permalink":"","username":"asdfg","text":"냉채족발 시켰는데 가격대비 양이 조금 모자란감이 있지만 맛있네요 ","date":"Mon Dec 10 23:59:44 +0000 2018","retweets":"30","favorites":"20","mentions":[],"hashtags":[],"geo":"","raw":"냉채족발 시켰는데 가격대비 양이 조금 모자란감이 있지만 맛있네요 ","polarity":{"com":0.0061674008,"pos":0.38634361240000004,"neg":0.5881057268000001,"neut":0.0176211454,"none":0.0017621146000000002},"intensity":{"high":0.0878120410175624,"low":0.026431718005286344,"meium":0.8831130691766227,"none":0.0026431718005286344},"expressive":{"dir-action":0.0008810572001762115,"dir-explicit":0.3494860498698973,"dir-speech":0.2722466960544494,"indirect":0.37474302507494867,"writing-device":0.002643171800528635}},{"id":"가장맛있는족발","permalink":"","username":"asdfg","text":"기본 찬은 부족했으나 전체적으로 맛이 좋았어요~","date":"Mon Dec 10 23:59:44 +0000 2018","retweets":"30","favorites":"20","mentions":[],"hashtags":[],"geo":"","raw":"기본 찬은 부족했으나 전체적으로 맛이 좋았어요~","polarity":{"com":0.007260798399999999,"pos":0.7584122469999999,"neg":0.19040204119999998,"neut":0.023553854599999997,"none":0.020371058799999998},"intensity":{"high":0.0882959722176592,"low":0.058344450411668886,"meium":0.8325584109665116,"none":0.020801166404160232},"expressive":{"dir-action":0.0012903226,"dir-explicit":0.23703298720000002,"dir-speech":0.410789138,"indirect":0.3305164934,"writing-device":0.0203710588}},{"id":"가장맛있는족발","permalink":"","username":"asdfg","text":"정말 맛집이에요 후회없어요","date":"Mon Dec 10 23:59:44 +0000 2018","retweets":"30","favorites":"20","mentions":[],"hashtags":[],"geo":"","raw":"정말 맛집이에요 후회없어요","polarity":{"com":0.009708738,"pos":0.4769417475,"neg":0.296116505,"neut":0.0242718445,"none":0.192961165},"intensity":{"high":0.36165048531917476,"low":0.04854368947572815,"meium":0.3919902913040048,"none":0.19781553390109224},"expressive":{"dir-action":0,"dir-explicit":0.46359223299999996,"dir-speech":0.23179611649999998,"indirect":0.0970873785,"writing-device":0.207524272}},{"id":"가장맛있는족발","permalink":"","username":"asdfg","text":"배달도 빠르고 맛도 역시 맛나네요~^","date":"Mon Dec 10 23:59:44 +0000 2018","retweets":"30","favorites":"20","mentions":[],"hashtags":[],"geo":"","raw":"배달도 빠르고 맛도 역시 맛나네요~^","polarity":{"com":0,"pos":0.8333333334583333,"neg":0,"neut":0.08333333327083332,"none":0.08333333327083332},"intensity":{"high":0,"low":0.16666666654166665,"meium":0.7500000001874999,"none":0.08333333327083332},"expressive":{"dir-action":0,"dir-explicit":0.08333333327083332,"dir-speech":0.5833333333958333,"indirect":0.2500000000625,"writing-device":0.08333333327083332}},{"id":"가장맛있는족발","permalink":"","username":"asdfg","text":"졸맛탱 킹왕짱\n마띠또요","date":"Mon Dec 10 23:59:44 +0000 2018","retweets":"30","favorites":"20","mentions":[],"hashtags":[],"geo":"","raw":"졸맛탱 킹왕짱\n마띠또요","polarity":{"com":0,"pos":0.5714285712142857,"neg":0.21428571439285712,"neut":0,"none":0.21428571439285712},"intensity":{"high":0,"low":0,"meium":0.7857142855,"none":0.2142857145},"expressive":{"dir-action":0,"dir-explicit":0.0714285715,"dir-speech":0.642857143,"indirect":0,"writing-device":0.2857142855}},{"id":"가장맛있는족발","permalink":"","username":"asdfg","text":"항상 매운맛이랑 반반 먹는데\n이번에는 하나도 안맵고 불맛도 별로 안나고\n그랬네요 갈수록 양이.작아지는.느낌 ㅠㅠ","date":"Mon Dec 10 23:59:44 +0000 2018","retweets":"30","favorites":"20","mentions":[],"hashtags":[],"geo":"","raw":"항상 매운맛이랑 반반 먹는데\n이번에는 하나도 안맵고 불맛도 별로 안나고\n그랬네요 갈수록 양이.작아지는.느낌 ㅠㅠ","polarity":{"com":0.0006493506364226682,"pos":0.37244523148840414,"neg":0.5282844681389349,"neut":0.037849271912531755,"none":0.06077167782370652},"intensity":{"high":0.06264757972727272,"low":0.1960383050909091,"meium":0.6805424373636363,"none":0.060771677818181824},"expressive":{"dir-action":0,"dir-explicit":0.45037878786814745,"dir-speech":0.3681932966028915,"indirect":0.11418076871689266,"writing-device":0.06724714681206845}},{"id":"가장맛있는족발","permalink":"","username":"asdfg","text":"맛은있는데 전에 비해 비계가 많고 살이 적어진거같애서 아쉽네여ㅜㅜ","date":"Mon Dec 10 23:59:44 +0000 2018","retweets":"30","favorites":"20","mentions":[],"hashtags":[],"geo":"","raw":"맛은있는데 전에 비해 비계가 많고 살이 적어진거같애서 아쉽네여ㅜㅜ","polarity":{"com":0.0012755101428571427,"pos":0.37499999999999994,"neg":0.505952381,"neut":0.005102040857142856,"none":0.11267006799999998},"intensity":{"high":0.09141156470122694,"low":0.04846938785021866,"meium":0.7474489794646502,"none":0.11267006798390429},"expressive":{"dir-action":0,"dir-explicit":0.18112244885714285,"dir-speech":0.28784013614285714,"indirect":0.34693877557142855,"writing-device":0.18409863942857144}},{"id":"가장맛있는족발","permalink":"","username":"asdfg","text":"두번째입나더! 반반 맛있어요","date":"Mon Dec 10 23:59:44 +0000 2018","retweets":"30","favorites":"20","mentions":[],"hashtags":[],"geo":"","raw":"두번째입나더! 반반 맛있어요","polarity":{"com":0,"pos":0.3152173913333333,"neg":0.6413043476666667,"neut":0.02898550733333333,"none":0.014492753666666665},"intensity":{"high":0.22463768099999995,"low":0.028985507333333327,"meium":0.7318840579999999,"none":0.014492753666666663},"expressive":{"dir-action":0,"dir-explicit":0.15942028999999996,"dir-speech":0.6847826086666665,"indirect":0.14130434766666664,"writing-device":0.014492753666666663}},{"id":"가장맛있는족발","permalink":"","username":"asdfg","text":"맛있어요 항상 반반먹는데 쟁반국수 먹고싶네요 ㅋ\n서비스로 조금만 주셔도 너무 좋을텐데..","date":"Mon Dec 10 23:59:44 +0000 2018","retweets":"30","favorites":"20","mentions":[],"hashtags":[],"geo":"","raw":"맛있어요 항상 반반먹는데 쟁반국수 먹고싶네요 ㅋ\n서비스로 조금만 주셔도 너무 좋을텐데..","polarity":{"com":0.017857142875,"pos":0.47619047612500004,"neg":0.38095238099999995,"neut":0,"none":0.125},"intensity":{"high":0.04563492062499999,"low":0.198412698375,"meium":0.630952381,"none":0.125},"expressive":{"dir-action":0,"dir-explicit":0.189484126875,"dir-speech":0.54265873025,"indirect":0.142857142875,"writing-device":0.125}},{"id":"가장맛있는족발","permalink":"","username":"asdfg","text":"역시 가족은 실망시키지 않네용ㅋ양도 맛도ㅋ","date":"Mon Dec 10 23:59:44 +0000 2018","retweets":"30","favorites":"20","mentions":[],"hashtags":[],"geo":"","raw":"역시 가족은 실망시키지 않네용ㅋ양도 맛도ㅋ","polarity":{"com":0.006246973401249395,"pos":0.3124562816624913,"neg":0.35440408967088083,"neut":0.07916061321583213,"none":0.24773204204954644},"intensity":{"high":0.11081517362216303,"low":0.15061070743012211,"meium":0.49084207689816844,"none":0.24773204204954644},"expressive":{"dir-action":0.011111111197777775,"dir-explicit":0.2729674469454065,"dir-speech":0.34297551773140483,"indirect":0.12807102497438574,"writing-device":0.24487489915102498}},{"id":"가장맛있는족발","permalink":"","username":"asdfg","text":"맛은 있어요.근데 가격대비 양은 많이 부족했어요.주관적으로 느끼기에...","date":"Mon Dec 10 23:59:44 +0000 2018","retweets":"30","favorites":"20","mentions":[],"hashtags":[],"geo":"","raw":"맛은 있어요.근데 가격대비 양은 많이 부족했어요.주관적으로 느끼기에...","polarity":{"com":0.004312954000000001,"pos":0.5603140973333334,"neg":0.32833938666666673,"neut":0.02549098733333334,"none":0.08154257466666669},"intensity":{"high":0.03827851750637975,"low":0.05930521934321753,"meium":0.8208736884701456,"none":0.08154257468025711},"expressive":{"dir-action":0,"dir-explicit":0.20293583533333334,"dir-speech":0.3496687516666667,"indirect":0.3658528383333333,"writing-device":0.08154257466666667}},{"id":"가장맛있는족발","permalink":"","username":"asdfg","text":"족발은 정말맛있습니다. 반찬이좀부족 부침개라도 하나주셨음 더좋았을듯요","date":"Mon Dec 10 23:59:44 +0000 2018","retweets":"30","favorites":"20","mentions":[],"hashtags":[],"geo":"","raw":"족발은 정말맛있습니다. 반찬이좀부족 부침개라도 하나주셨음 더좋았을듯요","polarity":{"com":0.0021186441250000006,"pos":0.6237772396250001,"neg":0.3219390637500001,"neut":0.022094431,"none":0.030070621500000002},"intensity":{"high":0.037711864375,"low":0.060639628749999994,"meium":0.871577885375,"none":0.0300706215},"expressive":{"dir-action":0,"dir-explicit":0.21544592424999998,"dir-speech":0.48836763512500003,"indirect":0.266115819125,"writing-device":0.0300706215}},{"id":"가장맛있는족발","permalink":"","username":"asdfg","text":"족발은 역시 가족이네요^^","date":"Mon Dec 10 23:59:44 +0000 2018","retweets":"30","favorites":"20","mentions":[],"hashtags":[],"geo":"","raw":"족발은 역시 가족이네요^^","polarity":{"com":0.008474576500000002,"pos":0.4779661015,"neg":0.4796610170000001,"neut":0.016949152500000002,"none":0.016949152500000002},"intensity":{"high":0.15084745757542373,"low":0.06779661003389831,"meium":0.7644067798822034,"none":0.016949152508474577},"expressive":{"dir-action":0,"dir-explicit":0.2355932205,"dir-speech":0.5796610170000001,"indirect":0.16779661,"writing-device":0.0169491525}},{"id":"가장맛있는족발","permalink":"","username":"asdfg","text":"온족발을 좋아하는디 ㅠㅠㅠ 미적지근해서  별 네개요+","date":"Mon Dec 10 23:59:44 +0000 2018","retweets":"30","favorites":"20","mentions":[],"hashtags":[],"geo":"","raw":"온족발을 좋아하는디 ㅠㅠㅠ 미적지근해서  별 네개요+","polarity":{"com":0.015015015000000001,"pos":0.7247247250000001,"neg":0.218218218,"neut":0.031031031,"none":0.011011011000000001},"intensity":{"high":0.085085085,"low":0.06606606599999999,"meium":0.836836837,"none":0.012012012},"expressive":{"dir-action":0.006006006002002003,"dir-explicit":0.22022022007340677,"dir-speech":0.13613613604537875,"indirect":0.6236236238745413,"writing-device":0.014014014004671341}},{"id":"가장맛있는족발","permalink":"","username":"asdfg","text":"늦은시간까지하는 맛잇는족발 ㅋㅋ 늦은시간엔.여기서 시키게됨","date":"Mon Dec 10 23:59:44 +0000 2018","retweets":"30","favorites":"20","mentions":[],"hashtags":[],"geo":"","raw":"늦은시간까지하는 맛잇는족발 ㅋㅋ 늦은시간엔.여기서 시키게됨","polarity":{"com":0.0068098026993190204,"pos":0.34611023316538897,"neg":0.5880885254411911,"neut":0.025854323497414566,"none":0.03313711519668629},"intensity":{"high":0.10586382466824086,"low":0.051442719884567195,"meium":0.808406914957478,"none":0.034286540489714044},"expressive":{"dir-action":0.0067049809,"dir-explicit":0.1661368777,"dir-speech":0.46423046339999996,"indirect":0.3209814005,"writing-device":0.0419462775}},{"id":"가장맛있는족발","permalink":"","username":"asdfg","text":"이번은 살코기가 너무 없어서 별루ㅜㅜ\n하지만 속김치 최고","date":"Mon Dec 10 23:59:44 +0000 2018","retweets":"30","favorites":"20","mentions":[],"hashtags":[],"geo":"","raw":"이번은 살코기가 너무 없어서 별루ㅜㅜ\n하지만 속김치 최고","polarity":{"com":0.025636741994872654,"pos":0.3734246067253151,"neg":0.524435057895113,"neut":0.043961984591207606,"none":0.032541608793491675},"intensity":{"high":0.2505404251498919,"low":0.05902786538819442,"meium":0.6541626386691675,"none":0.03626907079274618},"expressive":{"dir-action":0,"dir-explicit":0.3968005296,"dir-speech":0.141582083,"indirect":0.4232505358,"writing-device":0.038366851599999995}},{"id":"가장맛있는족발","permalink":"","username":"asdfg","text":"맛 좋아요. 조금 비싸지만..매운맛 짱","date":"Mon Dec 10 23:59:44 +0000 2018","retweets":"30","favorites":"20","mentions":[],"hashtags":[],"geo":"","raw":"맛 좋아요. 조금 비싸지만..매운맛 짱","polarity":{"com":0,"pos":0.5,"neg":0.25,"neut":0.25,"none":0},"intensity":{"high":0,"low":0.25,"meium":0.75,"none":0},"expressive":{"dir-action":0,"dir-explicit":0.5,"dir-speech":0.5,"indirect":0,"writing-device":0}},{"id":"가장맛있는족발","permalink":"","username":"asdfg","text":"ㅋㅋㅋ 족발은 맛나네요 ","date":"Mon Dec 10 23:59:44 +0000 2018","retweets":"30","favorites":"20","mentions":[],"hashtags":[],"geo":"","raw":"ㅋㅋㅋ 족발은 맛나네요 ","polarity":{"com":0.016949153,"pos":0.355932203,"neg":0.559322034,"neut":0.033898305,"none":0.033898305},"intensity":{"high":0.10169491510169491,"low":0.1355932201355932,"meium":0.7288135597288136,"none":0.0338983050338983},"expressive":{"dir-action":0,"dir-explicit":0.271186441,"dir-speech":0.559322034,"indirect":0.13559322,"writing-device":0.033898305}},{"id":"가장맛있는족발","permalink":"","username":"asdfg","text":"배달은빠르나 껍데기랑살이랑분리..","date":"Mon Dec 10 23:59:44 +0000 2018","retweets":"30","favorites":"20","mentions":[],"hashtags":[],"geo":"","raw":"배달은빠르나 껍데기랑살이랑분리..","polarity":{"com":0,"pos":0.6666666666666666,"neg":0.3333333333333333,"neut":0,"none":0},"intensity":{"high":0.3333333333333333,"low":0.111111111,"meium":0.5555555556666666,"none":0},"expressive":{"dir-action":0,"dir-explicit":0.3333333333333333,"dir-speech":0.3333333333333333,"indirect":0.3333333333333333,"writing-device":0}},{"id":"가장맛있는족발","permalink":"","username":"asdfg","text":"배달도 예상시간보다 조금이지만 빨랐고 보쌈 족발 쟁반국수 모두 만족스럽게 먹었습니다\n매우 만족하며 배달통에서 시켜먹은 곳중에서 가장 만족스럽네요","date":"Mon Dec 10 23:59:44 +0000 2018","retweets":"30","favorites":"20","mentions":[],"hashtags":[],"geo":"","raw":"배달도 예상시간보다 조금이지만 빨랐고 보쌈 족발 쟁반국수 모두 만족스럽게 먹었습니다\n매우 만족하며 배달통에서 시켜먹은 곳중에서 가장 만족스럽네요","polarity":{"com":0.02399475921085789,"pos":0.6324658894810763,"neg":0.2522183067496831,"neut":0.01789554535458635,"none":0.07342549920379636},"intensity":{"high":0.18451627955824884,"low":0.06615463385241752,"meium":0.6734458300233253,"none":0.07588325656600833},"expressive":{"dir-action":0.0004608295000658328,"dir-explicit":0.23151335796164474,"dir-speech":0.3951673142707382,"indirect":0.297128851542447,"writing-device":0.07572964672510424}},{"id":"가장맛있는족발","permalink":"","username":"asdfg","text":"엄청 맛있고 음식이 깔끔해요~~~ 보쌈김치듀 너무너무 맛있습니당!! 강추","date":"Mon Dec 10 23:59:44 +0000 2018","retweets":"30","favorites":"20","mentions":[],"hashtags":[],"geo":"","raw":"엄청 맛있고 음식이 깔끔해요~~~ 보쌈김치듀 너무너무 맛있습니당!! 강추","polarity":{"com":0.007709251,"pos":0.1079295155,"neg":0.6101321585,"neut":0.27202643175,"none":0.00220264325},"intensity":{"high":0.02643171800660793,"low":0.2830396475707599,"meium":0.6872246696718062,"none":0.003303964750825991},"expressive":{"dir-action":0.0011013215002753302,"dir-explicit":0.10352422902588104,"dir-speech":0.8403083702100771,"indirect":0.05176211451294052,"writing-device":0.0033039647508259907}}]