[{"id":"놀부보쌈과돌솥밥 반포점CESCO","permalink":"","username":"asdfg","text":" 괜찮은데 살짝 뭔가 고기맛이부족한거가태용ㅜㅜㅜㅠ","date":"Mon Dec 10 23:59:44 +0000 2018","retweets":"30","favorites":"20","mentions":[],"hashtags":[],"geo":"","raw":" 괜찮은데 살짝 뭔가 고기맛이부족한거가태용ㅜㅜㅜㅠ","polarity":{"com":0,"pos":0.29545454550000005,"neg":0.3863636362500001,"neut":0.29545454550000005,"none":0.022727272750000003},"intensity":{"high":0.022727272749999996,"low":0.29545454549999994,"meium":0.659090909,"none":0.022727272749999996},"expressive":{"dir-action":0,"dir-explicit":0,"dir-speech":0.4545454545,"indirect":0.5227272727500001,"writing-device":0.022727272750000003}},{"id":"놀부보쌈과돌솥밥 반포점CESCO","permalink":"","username":"asdfg","text":"주문하고 대기중 먹을생각하니 엄청 기대 됩니다. 놀부는 다 평타이상 하는듯","date":"Mon Dec 10 23:59:44 +0000 2018","retweets":"30","favorites":"20","mentions":[],"hashtags":[],"geo":"","raw":"주문하고 대기중 먹을생각하니 엄청 기대 됩니다. 놀부는 다 평타이상 하는듯","polarity":{"com":0,"pos":0.6925376211428571,"neg":0.17212945785714284,"neut":0.05256648114285715,"none":0.08276643985714285},"intensity":{"high":0.0353793032806601,"low":0.14440321583651383,"meium":0.737451041037507,"none":0.08276643984531908},"expressive":{"dir-action":0,"dir-explicit":0.5042774687863253,"dir-speech":0.26839826832405694,"indirect":0.14229024930604148,"writing-device":0.08503401358357629}},{"id":"놀부보쌈과돌솥밥 반포점CESCO","permalink":"","username":"asdfg","text":"진짜 놀부는 다 맛있는거같아요~\n\n체인마다 음식 맛이 천차만별인곳이 많은데\n\n놀부는 달라 믿고 맛있게 먹었던!!","date":"Mon Dec 10 23:59:44 +0000 2018","retweets":"30","favorites":"20","mentions":[],"hashtags":[],"geo":"","raw":"진짜 놀부는 다 맛있는거같아요~\n\n체인마다 음식 맛이 천차만별인곳이 많은데\n\n놀부는 달라 믿고 맛있게 먹었던!!","polarity":{"com":0.002079619727650839,"pos":0.2897462014163175,"neg":0.6479076481178014,"neut":0.025634496186479,"none":0.03463203455175127},"intensity":{"high":0.04261098381818182,"low":0.0860707919090909,"meium":0.8366861897272727,"none":0.03463203454545454},"expressive":{"dir-action":0,"dir-explicit":0.16284695701480428,"dir-speech":0.6497326204227029,"indirect":0.05721076300520098,"writing-device":0.1302096595572918}},{"id":"놀부보쌈과돌솥밥 반포점CESCO","permalink":"","username":"asdfg","text":"맛있어요~~~^.^","date":"Mon Dec 10 23:59:44 +0000 2018","retweets":"30","favorites":"20","mentions":[],"hashtags":[],"geo":"","raw":"맛있어요~~~^.^","polarity":{"com":0,"pos":0,"neg":1,"neut":0,"none":0},"intensity":{"high":0,"low":0,"meium":1,"none":0},"expressive":{"dir-action":0,"dir-explicit":0,"dir-speech":1,"indirect":0,"writing-device":0}}]