[{"id":"원할머니보쌈  녹번점CESCO","permalink":"","username":"asdfg","text":"안주셔도 된다고 말씀드린 떡삼은 보내주시고막국수 소스는 안보내주셨어요.소스만 보내달라고 연락드리기도 그래서 그냥 안먹고 버렸네요.. 요청사항 신경 좀 써주세요","date":"Mon Dec 10 23:59:44 +0000 2018","retweets":"30","favorites":"20","mentions":[],"hashtags":[],"geo":"","raw":"안주셔도 된다고 말씀드린 떡삼은 보내주시고막국수 소스는 안보내주셨어요.소스만 보내달라고 연락드리기도 그래서 그냥 안먹고 버렸네요.. 요청사항 신경 좀 써주세요","polarity":{"com":0.005660377398867925,"pos":0.3442293554311541,"neg":0.4152107327169578,"neut":0.14352487137129502,"none":0.09137466308172507},"intensity":{"high":0.24473032207552695,"low":0.04074709359592529,"meium":0.6231479212376853,"none":0.09137466309086253},"expressive":{"dir-action":0.009090909099090909,"dir-explicit":0.3265961501673404,"dir-speech":0.5055712107494429,"indirect":0.038593481996140655,"writing-device":0.1201482479879852}},{"id":"원할머니보쌈  녹번점CESCO","permalink":"","username":"asdfg","text":"항상 주문하거나 직접가서 즐기는 녹번점 원할매직접가서즐기면 만나게되는 친절한 직원님들 덕에 더 맛있게 즐기지만배달시 따뜻하게 보존되는 보쌈고기와 정갈한김치항상 만족합니다 콜라만 음료로 선택할구 있는건 아니되어요콜라보다 사이다를 좋아하는 사람도 많답니다","date":"Mon Dec 10 23:59:44 +0000 2018","retweets":"30","favorites":"20","mentions":[],"hashtags":[],"geo":"","raw":"항상 주문하거나 직접가서 즐기는 녹번점 원할매직접가서즐기면 만나게되는 친절한 직원님들 덕에 더 맛있게 즐기지만배달시 따뜻하게 보존되는 보쌈고기와 정갈한김치항상 만족합니다 콜라만 음료로 선택할구 있는건 아니되어요콜라보다 사이다를 좋아하는 사람도 많답니다","polarity":{"com":0.011951821177717727,"pos":0.6515657098106025,"neg":0.1938050142004425,"neut":0.08524764081533946,"none":0.057429813995897874},"intensity":{"high":0.08307473213692323,"low":0.14805406091799617,"meium":0.7100628961992811,"none":0.05880831074579942},"expressive":{"dir-action":0.0014838681783594478,"dir-explicit":0.31785917081173437,"dir-speech":0.32629536838195783,"indirect":0.29157062888691854,"writing-device":0.06279096374102988}},{"id":"원할머니보쌈  녹번점CESCO","permalink":"","username":"asdfg","text":"쟁반국수도 맛있네요~","date":"Mon Dec 10 23:59:44 +0000 2018","retweets":"30","favorites":"20","mentions":[],"hashtags":[],"geo":"","raw":"쟁반국수도 맛있네요~","polarity":{"com":0.007142857,"pos":0.214285714,"neg":0.328571429,"neut":0.014285714,"none":0.435714286},"intensity":{"high":0.142857143,"low":0.114285714,"meium":0.307142857,"none":0.435714286},"expressive":{"dir-action":0,"dir-explicit":0.1857142858142857,"dir-speech":0.29999999969999996,"indirect":0.0857142859142857,"writing-device":0.42857142857142855}},{"id":"원할머니보쌈  녹번점CESCO","permalink":"","username":"asdfg","text":"늘 맛나게 먹는데 고기가 이번엔 좀 별루였어요...","date":"Mon Dec 10 23:59:44 +0000 2018","retweets":"30","favorites":"20","mentions":[],"hashtags":[],"geo":"","raw":"늘 맛나게 먹는데 고기가 이번엔 좀 별루였어요...","polarity":{"com":0.004575163400915033,"pos":0.2072829130414566,"neg":0.49047619069809517,"neut":0.2373482726474697,"none":0.06031746021206349},"intensity":{"high":0.05406162461081233,"low":0.10840336122168068,"meium":0.7772175539554436,"none":0.0603174602120635},"expressive":{"dir-action":0,"dir-explicit":0.35985060700000004,"dir-speech":0.5294117648,"indirect":0.043323996200000006,"writing-device":0.067413632}},{"id":"원할머니보쌈  녹번점CESCO","permalink":"","username":"asdfg","text":"왜그동안 맛보쌈을 먹었을까~~ 천원차이에 훨씬 구성이좋네요","date":"Mon Dec 10 23:59:44 +0000 2018","retweets":"30","favorites":"20","mentions":[],"hashtags":[],"geo":"","raw":"왜그동안 맛보쌈을 먹었을까~~ 천원차이에 훨씬 구성이좋네요","polarity":{"com":0,"pos":0.4444444444999999,"neg":0.5555555555,"neut":0,"none":0},"intensity":{"high":0.2592592593333333,"low":0.10185185183333334,"meium":0.6388888888333334,"none":0},"expressive":{"dir-action":0,"dir-explicit":0.12962962966666666,"dir-speech":0.6666666666666666,"indirect":0.20370370366666668,"writing-device":0}},{"id":"원할머니보쌈  녹번점CESCO","permalink":"","username":"asdfg","text":"역시 아름값 하네요 ㅋㅋㅋ맛나요!","date":"Mon Dec 10 23:59:44 +0000 2018","retweets":"30","favorites":"20","mentions":[],"hashtags":[],"geo":"","raw":"역시 아름값 하네요 ㅋㅋㅋ맛나요!","polarity":{"com":0.005718954251429738,"pos":0.6297385621574346,"neg":0.11944444452986111,"neut":0.10620915027655228,"none":0.13888888878472222},"intensity":{"high":0.03186274501593137,"low":0.1537581698268791,"meium":0.6754901963377451,"none":0.13888888881944444},"expressive":{"dir-action":0,"dir-explicit":0.1879084967969771,"dir-speech":0.48398692812099675,"indirect":0.18431372554607844,"writing-device":0.14379084953594773}},{"id":"원할머니보쌈  녹번점CESCO","permalink":"","username":"asdfg","text":"잘 먹었어요~","date":"Mon Dec 10 23:59:44 +0000 2018","retweets":"30","favorites":"20","mentions":[],"hashtags":[],"geo":"","raw":"잘 먹었어요~~~~~~~~~~","polarity":{"com":0,"pos":0.7142857147142857,"neg":0.21428571421428572,"neut":0.07142857107142857,"none":0},"intensity":{"high":0,"low":0.214285714,"meium":0.785714286,"none":0},"expressive":{"dir-action":0,"dir-explicit":0.214285714,"dir-speech":0.142857143,"indirect":0.642857143,"writing-device":0}},{"id":"원할머니보쌈  녹번점CESCO","permalink":"","username":"asdfg","text":"항상 보쌈은 원할머니가 진리!!","date":"Mon Dec 10 23:59:44 +0000 2018","retweets":"30","favorites":"20","mentions":[],"hashtags":[],"geo":"","raw":"항상 보쌈은 원할머니가 진리!!","polarity":{"com":0.011602098666666665,"pos":0.588882163,"neg":0.34120258266666664,"neut":0.03808514933333333,"none":0.020228006333333326},"intensity":{"high":0.08746973369582324,"low":0.08091202569363734,"meium":0.8084140436028047,"none":0.023204197007734732},"expressive":{"dir-action":0,"dir-explicit":0.382062147,"dir-speech":0.45727401133333334,"indirect":0.14043583533333334,"writing-device":0.02022800633333333}},{"id":"원할머니보쌈  녹번점CESCO","permalink":"","username":"asdfg","text":"항상 애정하는 곳입니다~","date":"Mon Dec 10 23:59:44 +0000 2018","retweets":"30","favorites":"20","mentions":[],"hashtags":[],"geo":"","raw":"항상 애정하는 곳입니다~","polarity":{"com":0.062007168645997604,"pos":0.6720430104426524,"neg":0.17311827960896053,"neut":0.08351254497216247,"none":0.009318996330227},"intensity":{"high":0.10215053766666665,"low":0.038709677333333324,"meium":0.8491039426666667,"none":0.010035842333333331},"expressive":{"dir-action":0.002150537666666667,"dir-explicit":0.43799283166666664,"dir-speech":0.43154121866666667,"indirect":0.11899641566666667,"writing-device":0.009318996333333334}},{"id":"원할머니보쌈  녹번점CESCO","permalink":"","username":"asdfg","text":"맛나요! 고기도깨끗하고 양념도맛나고요 다만 국수가나무매웠습니다 ㅋㅋ","date":"Mon Dec 10 23:59:44 +0000 2018","retweets":"30","favorites":"20","mentions":[],"hashtags":[],"geo":"","raw":"맛나요! 고기도깨끗하고 양념도맛나고요 다만 국수가나무매웠습니다 ㅋㅋ","polarity":{"com":0.006839402428571428,"pos":0.3892723755714286,"neg":0.1937641724285714,"neut":0.1694494464285714,"none":0.24067460314285713},"intensity":{"high":0.07177871143882553,"low":0.04330398814904342,"meium":0.6429671869489954,"none":0.24195011346313572},"expressive":{"dir-action":0,"dir-explicit":0.1704715219756469,"dir-speech":0.42256736022534747,"indirect":0.1645058024050706,"writing-device":0.24245531539393497}},{"id":"원할머니보쌈  녹번점CESCO","permalink":"","username":"asdfg","text":"보족원쌈3인 푸짐하고 맛있네요~","date":"Mon Dec 10 23:59:44 +0000 2018","retweets":"30","favorites":"20","mentions":[],"hashtags":[],"geo":"","raw":"보족원쌈3인 푸짐하고 맛있네요~","polarity":{"com":0.012012012,"pos":0.3063063065,"neg":0.653153153,"neut":0.0165165165,"none":0.012012012},"intensity":{"high":0.057057057,"low":0.042042042,"meium":0.8873873875,"none":0.0135135135},"expressive":{"dir-action":0.0015015015000000005,"dir-explicit":0.15615615600000002,"dir-speech":0.5450450450000001,"indirect":0.28378378400000004,"writing-device":0.013513513500000003}},{"id":"원할머니보쌈  녹번점CESCO","permalink":"","username":"asdfg","text":"맛있게 잘먹었어요 둘이서 먹기엔 조금 적은 듯 적당해요","date":"Mon Dec 10 23:59:44 +0000 2018","retweets":"30","favorites":"20","mentions":[],"hashtags":[],"geo":"","raw":"맛있게 잘먹었어요 둘이서 먹기엔 조금 적은 듯 적당해요","polarity":{"com":0.006857628501714409,"pos":0.3775651438443913,"neg":0.5447432565111857,"neut":0.03597567825899392,"none":0.03485829288371457},"intensity":{"high":0.059226154999999996,"low":0.229411286625,"meium":0.675578229375,"none":0.035784329},"expressive":{"dir-action":0.0009260361251157545,"dir-explicit":0.33881702654235213,"dir-speech":0.3242725891655341,"indirect":0.298215892162277,"writing-device":0.037768456004721056}},{"id":"원할머니보쌈  녹번점CESCO","permalink":"","username":"asdfg","text":"맛있어요! 항상!고기가 깔끔해서 좋습니다.","date":"Mon Dec 10 23:59:44 +0000 2018","retweets":"30","favorites":"20","mentions":[],"hashtags":[],"geo":"","raw":"맛있어요! 항상!고기가 깔끔해서 좋습니다.","polarity":{"com":0.0048048048000000005,"pos":0.5065225226,"neg":0.2692612612,"neut":0.2066066066,"none":0.0128048048},"intensity":{"high":0.0628228228,"low":0.024816816800000002,"meium":0.898954955,"none":0.0134054054},"expressive":{"dir-action":0.0006006006000000001,"dir-explicit":0.2824624624,"dir-speech":0.5580180180000001,"indirect":0.1455135136,"writing-device":0.0134054054}},{"id":"원할머니보쌈  녹번점CESCO","permalink":"","username":"asdfg","text":"항상 주문해 먹어요","date":"Mon Dec 10 23:59:44 +0000 2018","retweets":"30","favorites":"20","mentions":[],"hashtags":[],"geo":"","raw":"항상 주문해 먹어요","polarity":{"com":0.006451612999999999,"pos":0.616487455,"neg":0.33978494633333334,"neut":0.027956989333333335,"none":0.009318996333333334},"intensity":{"high":0.083632019,"low":0.11278375133333333,"meium":0.7935483873333333,"none":0.010035842333333333},"expressive":{"dir-action":0.0021505376666666664,"dir-explicit":0.34540023899999994,"dir-speech":0.5241338113333333,"indirect":0.11899641566666665,"writing-device":0.009318996333333333}},{"id":"원할머니보쌈  녹번점CESCO","permalink":"","username":"asdfg","text":"솜씨보쌈 맛있게 먹었어요~","date":"Mon Dec 10 23:59:44 +0000 2018","retweets":"30","favorites":"20","mentions":[],"hashtags":[],"geo":"","raw":"솜씨보쌈 맛있게 먹었어요~","polarity":{"com":0,"pos":0.44444444433333335,"neg":0.5555555556666666,"neut":0,"none":0},"intensity":{"high":0.037037037,"low":0.074074074,"meium":0.888888889,"none":0},"expressive":{"dir-action":0,"dir-explicit":0.40740740733333336,"dir-speech":0.5925925926666666,"indirect":0,"writing-device":0}},{"id":"원할머니보쌈  녹번점CESCO","permalink":"","username":"asdfg","text":"맛없는데  누가 자꾸 맛있다고  불족발은 정말 맛없음 ","date":"Mon Dec 10 23:59:44 +0000 2018","retweets":"30","favorites":"20","mentions":[],"hashtags":[],"geo":"","raw":"맛없는데  누가 자꾸 맛있다고  불족발은 정말 맛없음 ","polarity":{"com":0.0069612592,"pos":0.2533292978,"neg":0.7047215496,"neut":0.022851089600000003,"none":0.012136803799999998},"intensity":{"high":0.052481840210496365,"low":0.048547215409709445,"meium":0.8850484261770097,"none":0.013922518202784505},"expressive":{"dir-action":0,"dir-explicit":0.3292372882,"dir-speech":0.4743644068,"indirect":0.1842615012,"writing-device":0.012136803799999998}},{"id":"원할머니보쌈  녹번점CESCO","permalink":"","username":"asdfg","text":"맛나게 잘 먹었습니다~","date":"Mon Dec 10 23:59:44 +0000 2018","retweets":"30","favorites":"20","mentions":[],"hashtags":[],"geo":"","raw":"맛나게 잘 먹었습니다~","polarity":{"com":0,"pos":0.7142857147142857,"neg":0.21428571421428572,"neut":0.07142857107142857,"none":0},"intensity":{"high":0,"low":0.214285714,"meium":0.785714286,"none":0},"expressive":{"dir-action":0,"dir-explicit":0.214285714,"dir-speech":0.142857143,"indirect":0.642857143,"writing-device":0}},{"id":"원할머니보쌈  녹번점CESCO","permalink":"","username":"asdfg","text":"신랑과 둘이 배부르게 잘먹엇습니다!","date":"Mon Dec 10 23:59:44 +0000 2018","retweets":"30","favorites":"20","mentions":[],"hashtags":[],"geo":"","raw":"신랑과 둘이 배부르게 잘먹엇습니다!","polarity":{"com":0.030837004,"pos":0.431718062,"neg":0.440528634,"neut":0.088105727,"none":0.008810573},"intensity":{"high":0.10572687210572689,"low":0.13215859013215858,"meium":0.7488986787488987,"none":0.01321585901321586},"expressive":{"dir-action":0.004405286004405286,"dir-explicit":0.4140969164140969,"dir-speech":0.3612334803612335,"indirect":0.20704845820704845,"writing-device":0.01321585901321586}},{"id":"원할머니보쌈  녹번점CESCO","permalink":"","username":"asdfg","text":"항상 주문해먹는데 맛있어요","date":"Mon Dec 10 23:59:44 +0000 2018","retweets":"30","favorites":"20","mentions":[],"hashtags":[],"geo":"","raw":"항상 주문해먹는데 맛있어요","polarity":{"com":0.00483870975,"pos":0.46236559125,"neg":0.50483870975,"neut":0.020967742,"none":0.00698924725},"intensity":{"high":0.06272401425,"low":0.0845878135,"meium":0.8451612905,"none":0.00752688175},"expressive":{"dir-action":0.00161290325,"dir-explicit":0.25905017925,"dir-speech":0.6431003585,"indirect":0.08924731175,"writing-device":0.00698924725}},{"id":"원할머니보쌈  녹번점CESCO","permalink":"","username":"asdfg","text":"집에서 편하게 주문하니 좋으네요","date":"Mon Dec 10 23:59:44 +0000 2018","retweets":"30","favorites":"20","mentions":[],"hashtags":[],"geo":"","raw":"집에서 편하게 주문하니 좋으네요","polarity":{"com":0,"pos":0.8333333333333334,"neg":0.16666666666666666,"neut":0,"none":0},"intensity":{"high":0,"low":0.055555555666666666,"meium":0.9444444443333334,"none":0},"expressive":{"dir-action":0,"dir-explicit":0.3333333333333333,"dir-speech":0.3333333333333333,"indirect":0.3333333333333333,"writing-device":0}},{"id":"원할머니보쌈  녹번점CESCO","permalink":"","username":"asdfg","text":"항상 옳은선택이네요~~","date":"Mon Dec 10 23:59:44 +0000 2018","retweets":"30","favorites":"20","mentions":[],"hashtags":[],"geo":"","raw":"항상 옳은선택이네요~~","polarity":{"com":0.0114379085,"pos":0.6928104575,"neg":0.138888889,"neut":0.045751634,"none":0.111111111},"intensity":{"high":0.06372549003186273,"low":0.04084967302042484,"meium":0.7843137258921569,"none":0.11111111105555554},"expressive":{"dir-action":0,"dir-explicit":0.459150327,"dir-speech":0.3513071895,"indirect":0.068627451,"writing-device":0.1209150325}},{"id":"원할머니보쌈  녹번점CESCO","permalink":"","username":"asdfg","text":"불보쌈이랑 쟁반무침면 진짜 맛있었어요","date":"Mon Dec 10 23:59:44 +0000 2018","retweets":"30","favorites":"20","mentions":[],"hashtags":[],"geo":"","raw":"불보쌈이랑 쟁반무침면 진짜 맛있었어요","polarity":{"com":0,"pos":0.3333333333333333,"neg":0.6666666666666666,"neut":0,"none":0},"intensity":{"high":0,"low":0.3333333333333333,"meium":0.6666666666666666,"none":0},"expressive":{"dir-action":0,"dir-explicit":0.5,"dir-speech":0.3333333333333333,"indirect":0.16666666666666666,"writing-device":0}},{"id":"원할머니보쌈  녹번점CESCO","permalink":"","username":"asdfg","text":"불족 첨 시켜먹어봤는데 맛있어요 :)","date":"Mon Dec 10 23:59:44 +0000 2018","retweets":"30","favorites":"20","mentions":[],"hashtags":[],"geo":"","raw":"불족 첨 시켜먹어봤는데 맛있어요 :)","polarity":{"com":0,"pos":0.111111111,"neg":0.888888889,"neut":0,"none":0},"intensity":{"high":0.037037037,"low":0.074074074,"meium":0.888888889,"none":0},"expressive":{"dir-action":0,"dir-explicit":0.40740740733333336,"dir-speech":0.5925925926666666,"indirect":0,"writing-device":0}},{"id":"원할머니보쌈  녹번점CESCO","permalink":"","username":"asdfg","text":"역시.,... ....굳","date":"Mon Dec 10 23:59:44 +0000 2018","retweets":"30","favorites":"20","mentions":[],"hashtags":[],"geo":"","raw":"역시.,... ....굳","polarity":{"com":0,"pos":0.3333333333333333,"neg":0,"neut":0.3333333333333333,"none":0.3333333333333333},"intensity":{"high":0,"low":0.3333333333333333,"meium":0.3333333333333333,"none":0.3333333333333333},"expressive":{"dir-action":0,"dir-explicit":0.3333333333333333,"dir-speech":0.3333333333333333,"indirect":0,"writing-device":0.3333333333333333}},{"id":"원할머니보쌈  녹번점CESCO","permalink":"","username":"asdfg","text":"맛있어요  포장   깔끔하내요","date":"Mon Dec 10 23:59:44 +0000 2018","retweets":"30","favorites":"20","mentions":[],"hashtags":[],"geo":"","raw":"맛있어요  포장   깔끔하내요","polarity":{"com":0.008008008,"pos":0.24587087100000002,"neg":0.7271021019999999,"neut":0.011011011000000001,"none":0.008008008},"intensity":{"high":0.038038038,"low":0.11136136133333334,"meium":0.8415915916666666,"none":0.009009009},"expressive":{"dir-action":0.0010010010000000003,"dir-explicit":0.2707707706666667,"dir-speech":0.36336336333333336,"indirect":0.355855856,"writing-device":0.009009009}},{"id":"원할머니보쌈  녹번점CESCO","permalink":"","username":"asdfg","text":"원쌈원쌈 원할머니보쌈","date":"Mon Dec 10 23:59:44 +0000 2018","retweets":"30","favorites":"20","mentions":[],"hashtags":[],"geo":"","raw":"원쌈원쌈 원할머니보쌈","polarity":{"com":0,"pos":0.571428571,"neg":0.428571429,"neut":0,"none":0},"intensity":{"high":0.285714286,"low":0.142857143,"meium":0.571428571,"none":0},"expressive":{"dir-action":0,"dir-explicit":0.428571429,"dir-speech":0,"indirect":0.571428571,"writing-device":0}},{"id":"원할머니보쌈  녹번점CESCO","permalink":"","username":"asdfg","text":"항상 먹든 거라 잘먹었네요","date":"Mon Dec 10 23:59:44 +0000 2018","retweets":"30","favorites":"20","mentions":[],"hashtags":[],"geo":"","raw":"항상 먹든 거라 잘먹었네요","polarity":{"com":0,"pos":0.5714285715238094,"neg":0.40476190480158736,"neut":0.023809523674603175,"none":0},"intensity":{"high":0,"low":0.07142857133333333,"meium":0.9285714286666668,"none":0},"expressive":{"dir-action":0,"dir-explicit":0.238095238,"dir-speech":0.5476190476666667,"indirect":0.21428571433333332,"writing-device":0}},{"id":"원할머니보쌈  녹번점CESCO","permalink":"","username":"asdfg","text":"신메뉴라 먹어봤눈데마늘이 따로 온 것 말고는크게 다를 건 없네요그래도 소스 부어서 먹으니맛은 괜찮았어요","date":"Mon Dec 10 23:59:44 +0000 2018","retweets":"30","favorites":"20","mentions":[],"hashtags":[],"geo":"","raw":"신메뉴라 먹어봤눈데마늘이 따로 온 것 말고는크게 다를 건 없네요그래도 소스 부어서 먹으니맛은 괜찮았어요","polarity":{"com":0.0092580005,"pos":0.5194132487500001,"neg":0.30451939825,"neut":0.09613837449999998,"none":0.070670978},"intensity":{"high":0.11036767025000001,"low":0.074974848375,"meium":0.7379119055,"none":0.076745575875},"expressive":{"dir-action":0.0005506607500688326,"dir-explicit":0.2247209281530901,"dir-speech":0.4363168156795396,"indirect":0.26057298953257163,"writing-device":0.07783860588472982}},{"id":"원할머니보쌈  녹번점CESCO","permalink":"","username":"asdfg","text":"오늘따라 양이 더많은듯한 느낌적인 느낌?","date":"Mon Dec 10 23:59:44 +0000 2018","retweets":"30","favorites":"20","mentions":[],"hashtags":[],"geo":"","raw":"오늘따라 양이 더많은듯한 느낌적인 느낌?","polarity":{"com":0.00571895425,"pos":0.62140522875,"neg":0.29444444449999996,"neut":0.022875817,"none":0.0555555555},"intensity":{"high":0.15686274503921568,"low":0.22042483655510622,"meium":0.5671568628917892,"none":0.05555555551388889},"expressive":{"dir-action":0,"dir-explicit":0.2045751635,"dir-speech":0.5756535947500001,"indirect":0.1593137255,"writing-device":0.06045751625}},{"id":"원할머니보쌈  녹번점CESCO","permalink":"","username":"asdfg","text":".","date":"Mon Dec 10 23:59:44 +0000 2018","retweets":"30","favorites":"20","mentions":[],"hashtags":[],"geo":"","raw":"..........","polarity":{"com":null,"pos":null,"neg":null,"neut":null,"none":null},"intensity":{"high":null,"low":null,"meium":null,"none":null},"expressive":{"dir-action":null,"dir-explicit":null,"dir-speech":null,"indirect":null,"writing-device":null}},{"id":"원할머니보쌈  녹번점CESCO","permalink":"","username":"asdfg","text":"냄새도 안나고 맛있어요~","date":"Mon Dec 10 23:59:44 +0000 2018","retweets":"30","favorites":"20","mentions":[],"hashtags":[],"geo":"","raw":"냄새도 안나고 맛있어요~","polarity":{"com":0,"pos":0.08333333333333333,"neg":0.8541666666666666,"neut":0.041666666666666664,"none":0.020833333333333332},"intensity":{"high":0.4375,"low":0,"meium":0.5416666666666666,"none":0.020833333333333332},"expressive":{"dir-action":0,"dir-explicit":0.22916666666666666,"dir-speech":0.3958333333333333,"indirect":0.3333333333333333,"writing-device":0.041666666666666664}},{"id":"원할머니보쌈  녹번점CESCO","permalink":"","username":"asdfg","text":"항상 시켜먹는데 김치가 맛있어서 좋아요","date":"Mon Dec 10 23:59:44 +0000 2018","retweets":"30","favorites":"20","mentions":[],"hashtags":[],"geo":"","raw":"항상 시켜먹는데 김치가 맛있어서 좋아요","polarity":{"com":0.004464285749999999,"pos":0.6660119047499999,"neg":0.29273809524999994,"neut":0.020089285749999998,"none":0.016696428499999996},"intensity":{"high":0.11795634925000002,"low":0.09234126975000001,"meium":0.7707738095,"none":0.0189285715},"expressive":{"dir-action":0,"dir-explicit":0.4243055555000001,"dir-speech":0.4475694445,"indirect":0.1114285715,"writing-device":0.016696428500000002}},{"id":"원할머니보쌈  녹번점CESCO","permalink":"","username":"asdfg","text":"1시간20분 기다렸지만 맛있어요","date":"Mon Dec 10 23:59:44 +0000 2018","retweets":"30","favorites":"20","mentions":[],"hashtags":[],"geo":"","raw":"1시간20분 기다렸지만 맛있어요","polarity":{"com":0,"pos":0.4166666666666667,"neg":0.5833333333333334,"neut":0,"none":0},"intensity":{"high":0.08333333333333333,"low":0,"meium":0.9166666666666666,"none":0},"expressive":{"dir-action":0,"dir-explicit":0.08333333333333333,"dir-speech":0.5,"indirect":0.4166666666666667,"writing-device":0}},{"id":"원할머니보쌈  녹번점CESCO","permalink":"","username":"asdfg","text":"역시 믿고먹는 원할머니","date":"Mon Dec 10 23:59:44 +0000 2018","retweets":"30","favorites":"20","mentions":[],"hashtags":[],"geo":"","raw":"역시 믿고먹는 원할머니","polarity":{"com":0,"pos":0.41269841247089945,"neg":0.36507936545502645,"neut":0.11111111103703702,"none":0.11111111103703702},"intensity":{"high":0.13227513237742503,"low":0.23280423274426804,"meium":0.5238095238412698,"none":0.11111111103703702},"expressive":{"dir-action":0,"dir-explicit":0.3280423281093474,"dir-speech":0.3703703704567901,"indirect":0.19047619039682537,"writing-device":0.11111111103703702}},{"id":"원할머니보쌈  녹번점CESCO","permalink":"","username":"asdfg","text":"역쒸 원쌈원쌈 원할머니 보쌈!! ","date":"Mon Dec 10 23:59:44 +0000 2018","retweets":"30","favorites":"20","mentions":[],"hashtags":[],"geo":"","raw":"역쒸 원쌈원쌈 원할머니 보쌈!! ","polarity":{"com":0,"pos":0.571428571,"neg":0.428571429,"neut":0,"none":0},"intensity":{"high":0.285714286,"low":0.142857143,"meium":0.571428571,"none":0},"expressive":{"dir-action":0,"dir-explicit":0.428571429,"dir-speech":0,"indirect":0.571428571,"writing-device":0}},{"id":"원할머니보쌈  녹번점CESCO","permalink":"","username":"asdfg","text":"양도많아서 푸짐하고 맛있게 잘 먹었습니다.","date":"Mon Dec 10 23:59:44 +0000 2018","retweets":"30","favorites":"20","mentions":[],"hashtags":[],"geo":"","raw":"양도많아서 푸짐하고 맛있게 잘 먹었습니다.","polarity":{"com":0.0060060060015015015,"pos":0.4295506688573877,"neg":0.5214523528803631,"neut":0.03698496625924624,"none":0.0060060060015015015},"intensity":{"high":0.09374591977343648,"low":0.12894027553223505,"meium":0.7705570479426394,"none":0.006756756751689188},"expressive":{"dir-action":0.0007507507501876878,"dir-explicit":0.2620842890655211,"dir-speech":0.3625846343406462,"indirect":0.3678235690919559,"writing-device":0.006756756751689189}},{"id":"원할머니보쌈  녹번점CESCO","permalink":"","username":"asdfg","text":"양도 많고 맛도있고 자주시켜먹게 되네요.","date":"Mon Dec 10 23:59:44 +0000 2018","retweets":"30","favorites":"20","mentions":[],"hashtags":[],"geo":"","raw":"양도 많고 맛도있고 자주시켜먹게 되네요.","polarity":{"com":0.010922057496359317,"pos":0.4809543881730153,"neg":0.39387470653537515,"neut":0.02892202832369266,"none":0.08532681947155774},"intensity":{"high":0.13809553647698408,"low":0.10718002231547001,"meium":0.6693976217217671,"none":0.08532681948577887},"expressive":{"dir-action":0.009259259333333332,"dir-explicit":0.2970181668333333,"dir-speech":0.4603951815,"indirect":0.14171126466666664,"writing-device":0.09161612766666666}},{"id":"원할머니보쌈  녹번점CESCO","permalink":"","username":"asdfg","text":"정말 맛있습니다. 계속주문~","date":"Mon Dec 10 23:59:44 +0000 2018","retweets":"30","favorites":"20","mentions":[],"hashtags":[],"geo":"","raw":"정말 맛있습니다. 계속주문~","polarity":{"com":0.25,"pos":0.375,"neg":0,"neut":0.25,"none":0.125},"intensity":{"high":0.25,"low":0.25,"meium":0.375,"none":0.125},"expressive":{"dir-action":0,"dir-explicit":0.5,"dir-speech":0.375,"indirect":0,"writing-device":0.125}},{"id":"원할머니보쌈  녹번점CESCO","permalink":"","username":"asdfg","text":"원할머니는 항상 옳다","date":"Mon Dec 10 23:59:44 +0000 2018","retweets":"30","favorites":"20","mentions":[],"hashtags":[],"geo":"","raw":"원할머니는 항상 옳다","polarity":{"com":0,"pos":0.44444444422222223,"neg":0.468253968734127,"neut":0.04761904752380952,"none":0.03968253951984128},"intensity":{"high":0.15873015899999998,"low":0.19047619049999998,"meium":0.611111111,"none":0.0396825395},"expressive":{"dir-action":0,"dir-explicit":0.293650794,"dir-speech":0.3333333335,"indirect":0.325396825,"writing-device":0.0476190475}},{"id":"원할머니보쌈  녹번점CESCO","permalink":"","username":"asdfg","text":"배추랑 떡쌈에 고기한점 너무 맛있어요!!","date":"Mon Dec 10 23:59:44 +0000 2018","retweets":"30","favorites":"20","mentions":[],"hashtags":[],"geo":"","raw":"배추랑 떡쌈에 고기한점 너무 맛있어요!!","polarity":{"com":0,"pos":0.3333333333333333,"neg":0.2500000000625,"neut":0.3333333333333333,"none":0.08333333327083332},"intensity":{"high":0,"low":0,"meium":0.91666666675,"none":0.08333333325},"expressive":{"dir-action":0,"dir-explicit":0.16666666675,"dir-speech":0.75,"indirect":0,"writing-device":0.08333333325}},{"id":"원할머니보쌈  녹번점CESCO","permalink":"","username":"asdfg","text":"보쌈도 양념보쌈도 냄새 안나고 늘 맛있어요~","date":"Mon Dec 10 23:59:44 +0000 2018","retweets":"30","favorites":"20","mentions":[],"hashtags":[],"geo":"","raw":"보쌈도 양념보쌈도 냄새 안나고 늘 맛있어요~","polarity":{"com":0.0035714285008928573,"pos":0.19047619029761906,"neg":0.49761904787440475,"neut":0.09047619027261905,"none":0.2178571430544643},"intensity":{"high":0.0714285715,"low":0.22380952375,"meium":0.48690476174999997,"none":0.217857143},"expressive":{"dir-action":0,"dir-explicit":0.09285714295357143,"dir-speech":0.5666666664666666,"indirect":0.12619047618690477,"writing-device":0.21428571439285712}},{"id":"원할머니보쌈  녹번점CESCO","permalink":"","username":"asdfg","text":"맛있는 저녁이 되었어요^^","date":"Mon Dec 10 23:59:44 +0000 2018","retweets":"30","favorites":"20","mentions":[],"hashtags":[],"geo":"","raw":"맛있는 저녁이 되었어요^^","polarity":{"com":0.0833333335,"pos":0.25,"neg":0.6666666665000001,"neut":0,"none":0},"intensity":{"high":0.0833333335,"low":0,"meium":0.9166666665000001,"none":0},"expressive":{"dir-action":0,"dir-explicit":0.25,"dir-speech":0.6666666665000001,"indirect":0.0833333335,"writing-device":0}},{"id":"원할머니보쌈  녹번점CESCO","permalink":"","username":"asdfg","text":"원할머니 보쌈 맛있어요","date":"Mon Dec 10 23:59:44 +0000 2018","retweets":"30","favorites":"20","mentions":[],"hashtags":[],"geo":"","raw":"원할머니 보쌈 맛있어요","polarity":{"com":0,"pos":0.2857142855,"neg":0.7142857145,"neut":0,"none":0},"intensity":{"high":0.142857143,"low":0.0714285715,"meium":0.7857142855,"none":0},"expressive":{"dir-action":0,"dir-explicit":0.2142857145,"dir-speech":0.5,"indirect":0.2857142855,"writing-device":0}},{"id":"원할머니보쌈  녹번점CESCO","permalink":"","username":"asdfg","text":"나이스합니다~~ 보쌈은 역시","date":"Mon Dec 10 23:59:44 +0000 2018","retweets":"30","favorites":"20","mentions":[],"hashtags":[],"geo":"","raw":"나이스합니다~~ 보쌈은 역시","polarity":{"com":0.018151996,"pos":0.43603061750000005,"neg":0.456005103,"neut":0.058884636500000004,"none":0.030927647},"intensity":{"high":0.12073993056036997,"low":0.12586112606293057,"meium":0.721396027360698,"none":0.032002916016001456},"expressive":{"dir-action":0.0032258065,"dir-explicit":0.292582468,"dir-speech":0.426972845,"indirect":0.24629123349999998,"writing-device":0.030927647}},{"id":"원할머니보쌈  녹번점CESCO","permalink":"","username":"asdfg","text":"오늘은 조오금 고기냄새가 났어요ㅠ","date":"Mon Dec 10 23:59:44 +0000 2018","retweets":"30","favorites":"20","mentions":[],"hashtags":[],"geo":"","raw":"오늘은 조오금 고기냄새가 났어요ㅠ","polarity":{"com":0.0056497176666666675,"pos":0.11864406766666667,"neg":0.5197740113333333,"neut":0.3446327683333333,"none":0.011299434999999997},"intensity":{"high":0.03389830501129942,"low":0.04519774001506592,"meium":0.9096045199698681,"none":0.01129943500376648},"expressive":{"dir-action":0,"dir-explicit":0.09039548033333333,"dir-speech":0.5197740113333333,"indirect":0.37853107333333336,"writing-device":0.011299434999999997}},{"id":"원할머니보쌈  녹번점CESCO","permalink":"","username":"asdfg","text":"원쌈 원쌈 원할머니 보쌈","date":"Mon Dec 10 23:59:44 +0000 2018","retweets":"30","favorites":"20","mentions":[],"hashtags":[],"geo":"","raw":"원쌈 원쌈 원할머니 보쌈","polarity":{"com":0,"pos":0.571428571,"neg":0.428571429,"neut":0,"none":0},"intensity":{"high":0.285714286,"low":0.142857143,"meium":0.571428571,"none":0},"expressive":{"dir-action":0,"dir-explicit":0.428571429,"dir-speech":0,"indirect":0.571428571,"writing-device":0}},{"id":"원할머니보쌈  녹번점CESCO","permalink":"","username":"asdfg","text":"냠냠~~간만에먹은.보쌈.넘나맛있는거ㅋ","date":"Mon Dec 10 23:59:44 +0000 2018","retweets":"30","favorites":"20","mentions":[],"hashtags":[],"geo":"","raw":"냠냠~~간만에먹은.보쌈.넘나맛있는거ㅋ","polarity":{"com":0.00423728825,"pos":0.08898305075,"neg":0.8898305085,"neut":0.00847457625,"none":0.00847457625},"intensity":{"high":0.10875706202718927,"low":0.20056497180014124,"meium":0.6822033899205509,"none":0.008474576252118643},"expressive":{"dir-action":0,"dir-explicit":0.1511299435377825,"dir-speech":0.598163841899541,"indirect":0.11723163827930791,"writing-device":0.13347457628336865}},{"id":"원할머니보쌈  녹번점CESCO","permalink":"","username":"asdfg","text":"항상먹던제품인데요 좋아요","date":"Mon Dec 10 23:59:44 +0000 2018","retweets":"30","favorites":"20","mentions":[],"hashtags":[],"geo":"","raw":"항상먹던제품인데요 좋아요","polarity":{"com":0,"pos":0.751111111,"neg":0.013333333333333334,"neut":0.22222222233333333,"none":0.013333333333333334},"intensity":{"high":0.06666666666666667,"low":0.23555555566666664,"meium":0.6844444443333333,"none":0.013333333333333332},"expressive":{"dir-action":0,"dir-explicit":0.3666666666666667,"dir-speech":0.5666666666666667,"indirect":0.05333333333333334,"writing-device":0.013333333333333334}},{"id":"원할머니보쌈  녹번점CESCO","permalink":"","username":"asdfg","text":"원쌈 원쌈 원할머니 보쌈!! ","date":"Mon Dec 10 23:59:44 +0000 2018","retweets":"30","favorites":"20","mentions":[],"hashtags":[],"geo":"","raw":"원쌈 원쌈 원할머니 보쌈!! ","polarity":{"com":0,"pos":0.571428571,"neg":0.428571429,"neut":0,"none":0},"intensity":{"high":0.285714286,"low":0.142857143,"meium":0.571428571,"none":0},"expressive":{"dir-action":0,"dir-explicit":0.428571429,"dir-speech":0,"indirect":0.571428571,"writing-device":0}},{"id":"원할머니보쌈  녹번점CESCO","permalink":"","username":"asdfg","text":"여기가 나름 갠춘해서 여기서만 주문하네요ㅎ","date":"Mon Dec 10 23:59:44 +0000 2018","retweets":"30","favorites":"20","mentions":[],"hashtags":[],"geo":"","raw":"여기가 나름 갠춘해서 여기서만 주문하네요ㅎ","polarity":{"com":0.003225806500537634,"pos":0.44926936857487815,"neg":0.2810035842135006,"neut":0.18919216986486534,"none":0.07730907084621817},"intensity":{"high":0.040391508166666666,"low":0.19456851383333332,"meium":0.6873724841666666,"none":0.07766749383333334},"expressive":{"dir-action":0.0010752688333333332,"dir-explicit":0.2574579543333333,"dir-speech":0.5918389853333333,"indirect":0.076592225,"writing-device":0.0730355665}},{"id":"원할머니보쌈  녹번점CESCO","permalink":"","username":"asdfg","text":"고기 냄새도 안나고 양념도 맛있고 만족입니다!","date":"Mon Dec 10 23:59:44 +0000 2018","retweets":"30","favorites":"20","mentions":[],"hashtags":[],"geo":"","raw":"고기 냄새도 안나고 양념도 맛있고 만족입니다!","polarity":{"com":0.00178571425,"pos":0.0535714285,"neg":0.58214285725,"neut":0.2535714285,"none":0.1089285715},"intensity":{"high":0.03571428575,"low":0.0285714285,"meium":0.82678571425,"none":0.1089285715},"expressive":{"dir-action":0,"dir-explicit":0.5464285713633928,"dir-speech":0.32499999991875,"indirect":0.02142857149464286,"writing-device":0.10714285722321429}},{"id":"원할머니보쌈  녹번점CESCO","permalink":"","username":"asdfg","text":"소주/맥주 쿠폰으로 맥주 요청했는데 소주를 갖다주셨네요..","date":"Mon Dec 10 23:59:44 +0000 2018","retweets":"30","favorites":"20","mentions":[],"hashtags":[],"geo":"","raw":"소주/맥주 쿠폰으로 맥주 요청했는데 소주를 갖다주셨네요..","polarity":{"com":0.022292993511146497,"pos":0.7898089173949044,"neg":0.16560509558280254,"neut":0.022292993511146497,"none":0},"intensity":{"high":0.566878981,"low":0.060509554,"meium":0.372611465,"none":0},"expressive":{"dir-action":0.006369426993630575,"dir-explicit":0.6974522288025479,"dir-speech":0.15923566884076434,"indirect":0.13375796186624206,"writing-device":0.0031847134968152873}},{"id":"원할머니보쌈  녹번점CESCO","permalink":"","username":"asdfg","text":"원할머니 보쌈 냄새도 안나고 맛나네요.","date":"Mon Dec 10 23:59:44 +0000 2018","retweets":"30","favorites":"20","mentions":[],"hashtags":[],"geo":"","raw":"원할머니 보쌈 냄새도 안나고 맛나네요.","polarity":{"com":0,"pos":0.27380952366666667,"neg":0.6636904763333333,"neut":0.041666666666666664,"none":0.020833333333333332},"intensity":{"high":0.5327380953333333,"low":0.047619047666666664,"meium":0.39880952366666667,"none":0.020833333333333332},"expressive":{"dir-action":0,"dir-explicit":0.37202380966666665,"dir-speech":0.0625,"indirect":0.5238095236666667,"writing-device":0.041666666666666664}},{"id":"원할머니보쌈  녹번점CESCO","permalink":"","username":"asdfg","text":"배달빠르고 맛있어요","date":"Mon Dec 10 23:59:44 +0000 2018","retweets":"30","favorites":"20","mentions":[],"hashtags":[],"geo":"","raw":"배달빠르고 맛있어요","polarity":{"com":0,"pos":0.5,"neg":0.5,"neut":0,"none":0},"intensity":{"high":0,"low":0,"meium":1,"none":0},"expressive":{"dir-action":0,"dir-explicit":0,"dir-speech":1,"indirect":0,"writing-device":0}},{"id":"원할머니보쌈  녹번점CESCO","permalink":"","username":"asdfg","text":"배달도 빨리해주시고 맛보쌈도 맛있었어요","date":"Mon Dec 10 23:59:44 +0000 2018","retweets":"30","favorites":"20","mentions":[],"hashtags":[],"geo":"","raw":"배달도 빨리해주시고 맛보쌈도 맛있었어요","polarity":{"com":0.00178571425,"pos":0.6785714285,"neg":0.20714285725,"neut":0.0035714285,"none":0.1089285715},"intensity":{"high":0.03571428575,"low":0.0285714285,"meium":0.82678571425,"none":0.1089285715},"expressive":{"dir-action":0,"dir-explicit":0.17142857145714288,"dir-speech":0.5749999998562499,"indirect":0.14642857146339286,"writing-device":0.10714285722321429}},{"id":"원할머니보쌈  녹번점CESCO","permalink":"","username":"asdfg","text":"자주 시켜 먹어요 맛나여 ㅋㅋㅋ","date":"Mon Dec 10 23:59:44 +0000 2018","retweets":"30","favorites":"20","mentions":[],"hashtags":[],"geo":"","raw":"자주 시켜 먹어요 맛나여 ㅋㅋㅋ","polarity":{"com":0,"pos":0.7777777776666667,"neg":0.22222222233333333,"neut":0,"none":0},"intensity":{"high":0.037037037,"low":0.40740740733333336,"meium":0.5555555556666666,"none":0},"expressive":{"dir-action":0,"dir-explicit":0.074074074,"dir-speech":0.925925926,"indirect":0,"writing-device":0}},{"id":"원할머니보쌈  녹번점CESCO","permalink":"","username":"asdfg","text":"늘 똑같이 맛있어용 :) ","date":"Mon Dec 10 23:59:44 +0000 2018","retweets":"30","favorites":"20","mentions":[],"hashtags":[],"geo":"","raw":"늘 똑같이 맛있어용 :) ","polarity":{"com":0,"pos":0,"neg":1,"neut":0,"none":0},"intensity":{"high":0,"low":0,"meium":1,"none":0},"expressive":{"dir-action":0,"dir-explicit":0,"dir-speech":1,"indirect":0,"writing-device":0}},{"id":"원할머니보쌈  녹번점CESCO","permalink":"","username":"asdfg","text":"역시 원할머니네요~ 포장자체가 깔끔해서 좋습니다 맛도 좋구요.","date":"Mon Dec 10 23:59:44 +0000 2018","retweets":"30","favorites":"20","mentions":[],"hashtags":[],"geo":"","raw":"역시 원할머니네요~ 포장자체가 깔끔해서 좋습니다 맛도 좋구요.","polarity":{"com":0.005983023857997575,"pos":0.6173800332310544,"neg":0.24651314574950192,"neut":0.06381764415197395,"none":0.0663061530094723},"intensity":{"high":0.09640405715662917,"low":0.12208003916029718,"meium":0.7135052399590722,"none":0.06801066372400152},"expressive":{"dir-action":0.00042900042863271436,"dir-explicit":0.388663663626952,"dir-speech":0.30513191761501884,"indirect":0.23904026489129146,"writing-device":0.06673515343810502}},{"id":"원할머니보쌈  녹번점CESCO","permalink":"","username":"asdfg","text":"오늘도.저녁은원할미보쌈ㅋ맛나당ㅋ","date":"Mon Dec 10 23:59:44 +0000 2018","retweets":"30","favorites":"20","mentions":[],"hashtags":[],"geo":"","raw":"오늘도.저녁은원할미보쌈ㅋ맛나당ㅋ","polarity":{"com":0.0060230025,"pos":0.39255447925,"neg":0.47197336575000004,"neut":0.012046004749999999,"none":0.11740314775},"intensity":{"high":0.0611380145152845,"low":0.06246973351561744,"meium":0.7589891041897473,"none":0.11740314777935079},"expressive":{"dir-action":0,"dir-explicit":0.1142251817214437,"dir-speech":0.7148305083212924,"indirect":0.055326876486168276,"writing-device":0.11561743347109564}},{"id":"원할머니보쌈  녹번점CESCO","permalink":"","username":"asdfg","text":"옳은선택! 서비스 수수부꾸미도 굿~~","date":"Mon Dec 10 23:59:44 +0000 2018","retweets":"30","favorites":"20","mentions":[],"hashtags":[],"geo":"","raw":"옳은선택! 서비스 수수부꾸미도 굿~~","polarity":{"com":0.0035714285,"pos":0.607142857,"neg":0.1642857145,"neut":0.007142857,"none":0.217857143},"intensity":{"high":0.0714285715,"low":0.557142857,"meium":0.1535714285,"none":0.217857143},"expressive":{"dir-action":0,"dir-explicit":0.09285714295357143,"dir-speech":0.149999999925,"indirect":0.5428571427285714,"writing-device":0.21428571439285712}},{"id":"원할머니보쌈  녹번점CESCO","permalink":"","username":"asdfg","text":"맛있게 잘 먹었습니다~~ ","date":"Mon Dec 10 23:59:44 +0000 2018","retweets":"30","favorites":"20","mentions":[],"hashtags":[],"geo":"","raw":"맛있게 잘 먹었습니다~~ ","polarity":{"com":0,"pos":0.35714285717857136,"neg":0.6071428573035714,"neut":0.03571428551785714,"none":0},"intensity":{"high":0,"low":0.107142857,"meium":0.8928571430000001,"none":0},"expressive":{"dir-action":0,"dir-explicit":0.107142857,"dir-speech":0.5714285715,"indirect":0.3214285715,"writing-device":0}},{"id":"원할머니보쌈  녹번점CESCO","permalink":"","username":"asdfg","text":"제 개인적으로는 입맛에 맞지 않았네요 별로였어요","date":"Mon Dec 10 23:59:44 +0000 2018","retweets":"30","favorites":"20","mentions":[],"hashtags":[],"geo":"","raw":"제 개인적으로는 입맛에 맞지 않았네요 별로였어요","polarity":{"com":0.004575163400915033,"pos":0.4517273576903455,"neg":0.4460317460892063,"neut":0.03734827260746965,"none":0.06031746021206349},"intensity":{"high":0.07628384681525677,"low":0.06395891681279178,"meium":0.7994397761598879,"none":0.06031746021206349},"expressive":{"dir-action":0,"dir-explicit":0.22651727379999995,"dir-speech":0.3960784313999999,"indirect":0.3099906628,"writing-device":0.06741363199999999}},{"id":"원할머니보쌈  녹번점CESCO","permalink":"","username":"asdfg","text":"야들야들하고 부드러운 고기에 아삭아삭한 김치양념에 먹는 맛은 정말 좋아요 ","date":"Mon Dec 10 23:59:44 +0000 2018","retweets":"30","favorites":"20","mentions":[],"hashtags":[],"geo":"","raw":"야들야들하고 부드러운 고기에 아삭아삭한 김치양념에 먹는 맛은 정말 좋아요 ","polarity":{"com":0.0032840722857142854,"pos":0.5324302132857143,"neg":0.21018062414285715,"neut":0.1625615762857143,"none":0.091543514},"intensity":{"high":0.12014230982281651,"low":0.06787082655203691,"meium":0.717159277366526,"none":0.0948275862586207},"expressive":{"dir-action":0.0032840722866525917,"dir-explicit":0.2920087575120025,"dir-speech":0.5507662835859332,"indirect":0.052545156015012896,"writing-device":0.10139573060039878}},{"id":"원할머니보쌈  녹번점CESCO","permalink":"","username":"asdfg","text":"맛있게잘먹었습니다!^^","date":"Mon Dec 10 23:59:44 +0000 2018","retweets":"30","favorites":"20","mentions":[],"hashtags":[],"geo":"","raw":"맛있게잘먹었습니다!^^","polarity":{"com":0,"pos":0.35714285717857136,"neg":0.6071428573035714,"neut":0.03571428551785714,"none":0},"intensity":{"high":0,"low":0.107142857,"meium":0.8928571430000001,"none":0},"expressive":{"dir-action":0,"dir-explicit":0.107142857,"dir-speech":0.5714285715,"indirect":0.3214285715,"writing-device":0}},{"id":"원할머니보쌈  녹번점CESCO","permalink":"","username":"asdfg","text":"2인이라 별기대 안했는데 푸짐해요~~ 맛있게 잘 먹었어요 :-)","date":"Mon Dec 10 23:59:44 +0000 2018","retweets":"30","favorites":"20","mentions":[],"hashtags":[],"geo":"","raw":"2인이라 별기대 안했는데 푸짐해요~~ 맛있게 잘 먹었어요 :-)","polarity":{"com":0.0040040040006673345,"pos":0.5544830545924139,"neg":0.4200986700700164,"neut":0.017410267336235043,"none":0.0040040040006673345},"intensity":{"high":0.019019019,"low":0.383061633,"meium":0.5934148435000001,"none":0.0045045045},"expressive":{"dir-action":0.0005005005,"dir-explicit":0.08776633766666665,"dir-speech":0.5388245388333334,"indirect":0.3684041185,"writing-device":0.0045045045}},{"id":"원할머니보쌈  녹번점CESCO","permalink":"","username":"asdfg","text":"역시 원할머니! 맛있어요","date":"Mon Dec 10 23:59:44 +0000 2018","retweets":"30","favorites":"20","mentions":[],"hashtags":[],"geo":"","raw":"역시 원할머니! 맛있어요","polarity":{"com":0,"pos":0.16666666658333332,"neg":0.5000000002499999,"neut":0.16666666658333332,"none":0.16666666658333332},"intensity":{"high":0,"low":0.16666666658333332,"meium":0.6666666668333333,"none":0.16666666658333332},"expressive":{"dir-action":0,"dir-explicit":0.16666666658333332,"dir-speech":0.6666666668333333,"indirect":0,"writing-device":0.16666666658333332}},{"id":"원할머니보쌈  녹번점CESCO","permalink":"","username":"asdfg","text":"보쌈이 엄청 부드러워서 맛있게 잘 먹었습니다","date":"Mon Dec 10 23:59:44 +0000 2018","retweets":"30","favorites":"20","mentions":[],"hashtags":[],"geo":"","raw":"보쌈이 엄청 부드러워서 맛있게 잘 먹었습니다","polarity":{"com":0.007709251001927313,"pos":0.5365009441341252,"neg":0.4137035871034259,"neut":0.03988357450997089,"none":0.0022026432505506607},"intensity":{"high":0.026431718006607926,"low":0.08661107602165276,"meium":0.8836532412209132,"none":0.0033039647508259907},"expressive":{"dir-action":0.0011013215002753302,"dir-explicit":0.4070956576017739,"dir-speech":0.3760226558440057,"indirect":0.21247640030311907,"writing-device":0.0033039647508259907}},{"id":"원할머니보쌈  녹번점CESCO","permalink":"","username":"asdfg","text":"고기기가 좀 적지만 맛있어요","date":"Mon Dec 10 23:59:44 +0000 2018","retweets":"30","favorites":"20","mentions":[],"hashtags":[],"geo":"","raw":"고기기가 좀 적지만 맛있어요","polarity":{"com":0,"pos":0.3931623931310541,"neg":0.11111111103703702,"neut":0.35042735045014245,"none":0.1452991453817664},"intensity":{"high":0.03418803433333333,"low":0.017094017,"meium":0.8034188033333334,"none":0.14529914533333335},"expressive":{"dir-action":0,"dir-explicit":0.2102564103333333,"dir-speech":0.6188034186666667,"indirect":0.03418803433333333,"writing-device":0.13675213666666666}},{"id":"원할머니보쌈  녹번점CESCO","permalink":"","username":"asdfg","text":"둘이먹기 양이 딱 좋아요보쌈은 원할머니죠^^;","date":"Mon Dec 10 23:59:44 +0000 2018","retweets":"30","favorites":"20","mentions":[],"hashtags":[],"geo":"","raw":"둘이먹기 양이 딱 좋아요보쌈은 원할머니죠^^;","polarity":{"com":0.01194653925,"pos":0.5083732405,"neg":0.29928850975,"neut":0.04735494049999999,"none":0.13303677},"intensity":{"high":0.11028241308271183,"low":0.09379188507034392,"meium":0.6617876102463407,"none":0.13413809160060358},"expressive":{"dir-action":0.0011013215000000001,"dir-explicit":0.3662646595000001,"dir-speech":0.31384674375000005,"indirect":0.15375030725000002,"writing-device":0.16503696800000003}},{"id":"원할머니보쌈  녹번점CESCO","permalink":"","username":"asdfg","text":"맛있어요! 냄새도 안나고 아주 좋아요 양념도 아주 맛있게 해주셨고요! 잘 먹었습니다~","date":"Mon Dec 10 23:59:44 +0000 2018","retweets":"30","favorites":"20","mentions":[],"hashtags":[],"geo":"","raw":"맛있어요! 냄새도 안나고 아주 좋아요 양념도 아주 맛있게 해주셨고요! 잘 먹었습니다~","polarity":{"com":0.0023296387502912044,"pos":0.28130131353516263,"neg":0.5947069993243383,"neut":0.03495997525436999,"none":0.08670207313583775},"intensity":{"high":0.2275374589715578,"low":0.0568760262428905,"meium":0.627447660046569,"none":0.08813885473898264},"expressive":{"dir-action":0.001436781625,"dir-explicit":0.15605244250000003,"dir-speech":0.41176878075,"indirect":0.332809934375,"writing-device":0.09793206075}},{"id":"원할머니보쌈  녹번점CESCO","permalink":"","username":"asdfg","text":"맛은 물론이고 포장상태가 깔끔하고배달이 30분도 안되서 왔어요(^o^)b ","date":"Mon Dec 10 23:59:44 +0000 2018","retweets":"30","favorites":"20","mentions":[],"hashtags":[],"geo":"","raw":"맛은 물론이고 포장상태가 깔끔하고배달이 30분도 안되서 왔어요(^o^)b ","polarity":{"com":0.005235145875,"pos":0.5006837195,"neg":0.3306990025,"neut":0.032030914875,"none":0.13135121725},"intensity":{"high":0.07006783575,"low":0.0730105105,"meium":0.7240789896250001,"none":0.13284266412499998},"expressive":{"dir-action":0.0003753753749530781,"dir-explicit":0.32698546758412683,"dir-speech":0.3538951898307631,"indirect":0.18701737460162285,"writing-device":0.13172659260853417}},{"id":"원할머니보쌈  녹번점CESCO","permalink":"","username":"asdfg","text":"잘먹었습니다또시킬게요","date":"Mon Dec 10 23:59:44 +0000 2018","retweets":"30","favorites":"20","mentions":[],"hashtags":[],"geo":"","raw":"잘먹었습니다또시킬게요","polarity":{"com":0,"pos":0.42857142849999996,"neg":0.3214285715,"neut":0.0357142855,"none":0.2142857145},"intensity":{"high":0,"low":0.107142857,"meium":0.6785714285,"none":0.2142857145},"expressive":{"dir-action":0,"dir-explicit":0.17857142850000002,"dir-speech":0.21428571450000003,"indirect":0.32142857150000004,"writing-device":0.28571428550000005}},{"id":"원할머니보쌈  녹번점CESCO","permalink":"","username":"asdfg","text":"항상맛있게먹고있어용^^","date":"Mon Dec 10 23:59:44 +0000 2018","retweets":"30","favorites":"20","mentions":[],"hashtags":[],"geo":"","raw":"항상맛있게먹고있어용^^","polarity":{"com":0,"pos":0.6666666665000001,"neg":0.3333333335,"neut":0,"none":0},"intensity":{"high":0.0555555555,"low":0.111111111,"meium":0.8333333334999999,"none":0},"expressive":{"dir-action":0,"dir-explicit":0.361111111,"dir-speech":0.638888889,"indirect":0,"writing-device":0}},{"id":"원할머니보쌈  녹번점CESCO","permalink":"","username":"asdfg","text":"3인이 먹기엔 양이 좀 적었어요 맛은굿","date":"Mon Dec 10 23:59:44 +0000 2018","retweets":"30","favorites":"20","mentions":[],"hashtags":[],"geo":"","raw":"3인이 먹기엔 양이 좀 적었어요 맛은굿","polarity":{"com":0,"pos":0.7195767196199295,"neg":0.2513227513752205,"neut":0.015873015835978836,"none":0.013227513168871254},"intensity":{"high":0.005291005333333334,"low":0.373015873,"meium":0.6084656085,"none":0.013227513166666668},"expressive":{"dir-action":0,"dir-explicit":0.2597883598333333,"dir-speech":0.5444444445,"indirect":0.1798941798333333,"writing-device":0.01587301583333333}},{"id":"원할머니보쌈  녹번점CESCO","permalink":"","username":"asdfg","text":"넘나 맛있음 ㅠ 기름이 적절해서 더 쫄깃쫄깃 느끼하지 않아서 좋아요","date":"Mon Dec 10 23:59:44 +0000 2018","retweets":"30","favorites":"20","mentions":[],"hashtags":[],"geo":"","raw":"넘나 맛있음 ㅠ 기름이 적절해서 더 쫄깃쫄깃 느끼하지 않아서 좋아요","polarity":{"com":0.011269293142857146,"pos":0.4675136374285715,"neg":0.4667220412857143,"neut":0.034446902142857144,"none":0.020048126000000003},"intensity":{"high":0.14874306802124904,"low":0.15627856387946837,"meium":0.6734429146676346,"none":0.02153545343164792},"expressive":{"dir-action":0.0014873274289963793,"dir-explicit":0.35004510624287,"dir-speech":0.3398706885256773,"indirect":0.28706142436773185,"writing-device":0.021535453434724412}},{"id":"원할머니보쌈  녹번점CESCO","permalink":"","username":"asdfg","text":"보쌈 맛있어요~~~배달도 빠르고 ㅎ","date":"Mon Dec 10 23:59:44 +0000 2018","retweets":"30","favorites":"20","mentions":[],"hashtags":[],"geo":"","raw":"보쌈 맛있어요~~~배달도 빠르고 ㅎ","polarity":{"com":0,"pos":0.42857142866666664,"neg":0.5714285713333332,"neut":0,"none":0},"intensity":{"high":0.14285714295238094,"low":0.20634920626455028,"meium":0.6507936507830687,"none":0},"expressive":{"dir-action":0,"dir-explicit":0.09523809533333333,"dir-speech":0.380952381,"indirect":0.5238095236666667,"writing-device":0}},{"id":"원할머니보쌈  녹번점CESCO","permalink":"","username":"asdfg","text":"맛있어요! 생각보다 양도 많고 배달도 빨랐어용 ","date":"Mon Dec 10 23:59:44 +0000 2018","retweets":"30","favorites":"20","mentions":[],"hashtags":[],"geo":"","raw":"맛있어요! 생각보다 양도 많고 배달도 빨랐어용 ","polarity":{"com":0,"pos":0.5532608696000001,"neg":0.37971014480000004,"neut":0.058695652200000004,"none":0.0083333334},"intensity":{"high":0.06884057961376812,"low":0.16014492743202896,"meium":0.7626811595525361,"none":0.008333333401666665},"expressive":{"dir-action":0,"dir-explicit":0.17934782603586955,"dir-speech":0.5351449275070289,"indirect":0.27717391305543476,"writing-device":0.008333333401666665}},{"id":"원할머니보쌈  녹번점CESCO","permalink":"","username":"asdfg","text":"맛나게 잘 먹었습니다~~^^","date":"Mon Dec 10 23:59:44 +0000 2018","retweets":"30","favorites":"20","mentions":[],"hashtags":[],"geo":"","raw":"맛나게 잘 먹었습니다~~^^","polarity":{"com":0,"pos":0.7142857147142857,"neg":0.21428571421428572,"neut":0.07142857107142857,"none":0},"intensity":{"high":0,"low":0.214285714,"meium":0.785714286,"none":0},"expressive":{"dir-action":0,"dir-explicit":0.214285714,"dir-speech":0.142857143,"indirect":0.642857143,"writing-device":0}},{"id":"원할머니보쌈  녹번점CESCO","permalink":"","username":"asdfg","text":"항상 믿고 맛있어서 시켜먹는 곳이에요","date":"Mon Dec 10 23:59:44 +0000 2018","retweets":"30","favorites":"20","mentions":[],"hashtags":[],"geo":"","raw":"항상 믿고 맛있어서 시켜먹는 곳이에요","polarity":{"com":0.04166666673958333,"pos":0.4583333331354167,"neg":0.4583333333854166,"neut":0.04166666673958333,"none":0},"intensity":{"high":0.0694444445,"low":0.0555555555,"meium":0.875,"none":0},"expressive":{"dir-action":0,"dir-explicit":0.3055555555,"dir-speech":0.6944444445,"indirect":0,"writing-device":0}},{"id":"원할머니보쌈  녹번점CESCO","permalink":"","username":"asdfg","text":"고기 크기 보고 경악했네요..\n원래 이렇게 작지 않았는데\n점점 작아지고 쌈장도 양이 퐉 줄었네요...ㅎ","date":"Mon Dec 10 23:59:44 +0000 2018","retweets":"30","favorites":"20","mentions":[],"hashtags":[],"geo":"","raw":"고기 크기 보고 경악했네요..\n원래 이렇게 작지 않았는데\n점점 작아지고 쌈장도 양이 퐉 줄었네요...ㅎ","polarity":{"com":0.008717357998754663,"pos":0.4903993855013715,"neg":0.32419354838225806,"neut":0.16674347154760807,"none":0.00994623657000768},"intensity":{"high":0.043778801857142856,"low":0.17135176642857144,"meium":0.7746159754285714,"none":0.010253456285714285},"expressive":{"dir-action":0.0009216590001316656,"dir-explicit":0.09247311829892474,"dir-speech":0.8218509985459788,"indirect":0.06885560672412223,"writing-device":0.01589861743084266}},{"id":"원할머니보쌈  녹번점CESCO","permalink":"","username":"asdfg","text":"맛있어서 보쌈은항상 이곳에서먹어요 강추","date":"Mon Dec 10 23:59:44 +0000 2018","retweets":"30","favorites":"20","mentions":[],"hashtags":[],"geo":"","raw":"맛있어서 보쌈은항상 이곳에서먹어요 강추","polarity":{"com":0.0056497176666666675,"pos":0.22975517866666664,"neg":0.7419962336666667,"neut":0.011299434999999998,"none":0.011299434999999998},"intensity":{"high":0.07093534202364511,"low":0.11927181403975727,"meium":0.7984934089328312,"none":0.011299435003766477},"expressive":{"dir-action":0,"dir-explicit":0.16446955433333332,"dir-speech":0.7790332706666666,"indirect":0.04519773999999999,"writing-device":0.011299434999999998}},{"id":"원할머니보쌈  녹번점CESCO","permalink":"","username":"asdfg","text":"늦은시간에 주문했는데도 빠르게 배달해주셨어요~\n감사합니다! 감사합니다^^ 언제 시켜도 맛있네요!! 보쌈 주문은 무조건 원할머니 녹번점으로 시키려구요! \n","date":"Mon Dec 10 23:59:44 +0000 2018","retweets":"30","favorites":"20","mentions":[],"hashtags":[],"geo":"","raw":"늦은시간에 주문했는데도 빠르게 배달해주셨어요~\n감사합니다! 감사합니다^^ 언제 시켜도 맛있네요!! 보쌈 주문은 무조건 원할머니 녹번점으로 시키려구요! \n","polarity":{"com":0.0005952380833829365,"pos":0.5664682539638723,"neg":0.3398809524449901,"neut":0.02896825391908069,"none":0.06408730158867394},"intensity":{"high":0.28273809525,"low":0.09285714283333332,"meium":0.5603174603333333,"none":0.06408730158333333},"expressive":{"dir-action":0,"dir-explicit":0.3418650793881779,"dir-speech":0.48333333329305556,"indirect":0.11130952382405754,"writing-device":0.063492063494709}},{"id":"원할머니보쌈  녹번점CESCO","permalink":"","username":"asdfg","text":"솜씨보쌈 사진에는 면이 없는데 실제로 시키면 오네요. 역시 네임드다운 맛입니다.","date":"Mon Dec 10 23:59:44 +0000 2018","retweets":"30","favorites":"20","mentions":[],"hashtags":[],"geo":"","raw":"솜씨보쌈 사진에는 면이 없는데 실제로 시키면 오네요. 역시 네임드다운 맛입니다.","polarity":{"com":0.0312500000078125,"pos":0.6013210109003302,"neg":0.23783416880945854,"neut":0.07800751876950188,"none":0.051587301512896824},"intensity":{"high":0.05284043450660506,"low":0.14685150376835646,"meium":0.7421418128427677,"none":0.05816624888227079},"expressive":{"dir-action":0.0625,"dir-explicit":0.31902673350000005,"dir-speech":0.361137218125,"indirect":0.203764619875,"writing-device":0.053571428500000004}},{"id":"원할머니보쌈  녹번점CESCO","permalink":"","username":"asdfg","text":"짱짱 맛났어요! 배추김치가 없는게 아쉽","date":"Mon Dec 10 23:59:44 +0000 2018","retweets":"30","favorites":"20","mentions":[],"hashtags":[],"geo":"","raw":"짱짱 맛났어요! 배추김치가 없는게 아쉽","polarity":{"com":0,"pos":0.33119658116880335,"neg":0.5085470084914528,"neut":0.10470085489529915,"none":0.05555555544444446},"intensity":{"high":0.121794872,"low":0.17094017099999997,"meium":0.6517094015,"none":0.05555555550000002},"expressive":{"dir-action":0,"dir-explicit":0.431623931784188,"dir-speech":0.42948717928525637,"indirect":0.08333333345833333,"writing-device":0.05555555547222221}},{"id":"원할머니보쌈  녹번점CESCO","permalink":"","username":"asdfg","text":"구굿숫굿굿굿굿굿.....","date":"Mon Dec 10 23:59:44 +0000 2018","retweets":"30","favorites":"20","mentions":[],"hashtags":[],"geo":"","raw":"구굿숫굿굿굿굿굿.....","polarity":{"com":0,"pos":1,"neg":0,"neut":0,"none":0},"intensity":{"high":0,"low":0,"meium":1,"none":0},"expressive":{"dir-action":0,"dir-explicit":0,"dir-speech":0,"indirect":1,"writing-device":0}},{"id":"원할머니보쌈  녹번점CESCO","permalink":"","username":"asdfg","text":"먹을만한데 김치가 너무 적어요 겉만김치고 속은 다 무말랭이","date":"Mon Dec 10 23:59:44 +0000 2018","retweets":"30","favorites":"20","mentions":[],"hashtags":[],"geo":"","raw":"먹을만한데 김치가 너무 적어요 겉만김치고 속은 다 무말랭이","polarity":{"com":0.018127705666666664,"pos":0.40765021999999995,"neg":0.41239778749999995,"neut":0.03709138083333333,"none":0.12473290599999999},"intensity":{"high":0.16220584980629904,"low":0.07859270348690121,"meium":0.6329804453945033,"none":0.1262210013122965},"expressive":{"dir-action":0,"dir-explicit":0.3138042512810326,"dir-speech":0.30237008361627166,"indirect":0.2633662634561056,"writing-device":0.1204594016465901}},{"id":"원할머니보쌈  녹번점CESCO","permalink":"","username":"asdfg","text":"원할머니는 언제나 최고예요ㅋ","date":"Mon Dec 10 23:59:44 +0000 2018","retweets":"30","favorites":"20","mentions":[],"hashtags":[],"geo":"","raw":"원할머니는 언제나 최고예요ㅋ","polarity":{"com":0,"pos":0.5925925925308642,"neg":0.3492063494497355,"neut":0.031746031677248675,"none":0.026455026342151678},"intensity":{"high":0.3650793653333333,"low":0.12698412699999997,"meium":0.4814814813333333,"none":0.026455026333333333},"expressive":{"dir-action":0,"dir-explicit":0.195767196,"dir-speech":0.22222222233333333,"indirect":0.55026455,"writing-device":0.03174603166666667}},{"id":"원할머니보쌈  녹번점CESCO","permalink":"","username":"asdfg","text":"역시나 맛있네요~ 다른 브랜드 고민하다가 그냥 여기 주문했습니다","date":"Mon Dec 10 23:59:44 +0000 2018","retweets":"30","favorites":"20","mentions":[],"hashtags":[],"geo":"","raw":"역시나 맛있네요~ 다른 브랜드 고민하다가 그냥 여기 주문했습니다","polarity":{"com":0,"pos":0.25,"neg":0.75,"neut":0,"none":0},"intensity":{"high":0,"low":0,"meium":1,"none":0},"expressive":{"dir-action":0,"dir-explicit":0.25,"dir-speech":0.5,"indirect":0.25,"writing-device":0}},{"id":"원할머니보쌈  녹번점CESCO","permalink":"","username":"asdfg","text":"맛있습니다. 다음에도 시켜 먹으려구요. ","date":"Mon Dec 10 23:59:44 +0000 2018","retweets":"30","favorites":"20","mentions":[],"hashtags":[],"geo":"","raw":"맛있습니다. 다음에도 시켜 먹으려구요. ","polarity":{"com":0.00178571425,"pos":0.13690476175,"neg":0.748809524,"neut":0.0035714285,"none":0.1089285715},"intensity":{"high":0.0634920635,"low":0.084126984,"meium":0.743452381,"none":0.1089285715},"expressive":{"dir-action":0,"dir-explicit":0.10198412697450397,"dir-speech":0.7694444443076388,"indirect":0.02142857149464286,"writing-device":0.10714285722321429}},{"id":"원할머니보쌈  녹번점CESCO","permalink":"","username":"asdfg","text":"배달도 빠르고 맛있습니다~","date":"Mon Dec 10 23:59:44 +0000 2018","retweets":"30","favorites":"20","mentions":[],"hashtags":[],"geo":"","raw":"배달도 빠르고 맛있습니다~","polarity":{"com":0,"pos":0.6666666666666666,"neg":0.3333333333333333,"neut":0,"none":0},"intensity":{"high":0,"low":0.111111111,"meium":0.888888889,"none":0},"expressive":{"dir-action":0,"dir-explicit":0,"dir-speech":0.6666666666666666,"indirect":0.3333333333333333,"writing-device":0}},{"id":"원할머니보쌈  녹번점CESCO","permalink":"","username":"asdfg","text":"배달도 빠르고  맛있어요","date":"Mon Dec 10 23:59:44 +0000 2018","retweets":"30","favorites":"20","mentions":[],"hashtags":[],"geo":"","raw":"배달도 빠르고  맛있어요","polarity":{"com":0,"pos":0.6666666666666666,"neg":0.3333333333333333,"neut":0,"none":0},"intensity":{"high":0,"low":0.111111111,"meium":0.888888889,"none":0},"expressive":{"dir-action":0,"dir-explicit":0,"dir-speech":0.6666666666666666,"indirect":0.3333333333333333,"writing-device":0}},{"id":"원할머니보쌈  녹번점CESCO","permalink":"","username":"asdfg","text":"역시 보쌈은 원할머니 보쌈!!!!!","date":"Mon Dec 10 23:59:44 +0000 2018","retweets":"30","favorites":"20","mentions":[],"hashtags":[],"geo":"","raw":"역시 보쌈은 원할머니 보쌈!!!!!","polarity":{"com":0.00847457650423729,"pos":0.34463276817231636,"neg":0.27966101713983055,"neut":0.18361581909180794,"none":0.18361581909180794},"intensity":{"high":0.050847457550847464,"low":0.2344632767344633,"meium":0.5310734465310735,"none":0.18361581918361586},"expressive":{"dir-action":0,"dir-explicit":0.30225988715112995,"dir-speech":0.44632768372316384,"indirect":0.0677966100338983,"writing-device":0.1836158190918079}},{"id":"원할머니보쌈  녹번점CESCO","permalink":"","username":"asdfg","text":"자주 시켜먹어요 넘나 맛있고 깔끔","date":"Mon Dec 10 23:59:44 +0000 2018","retweets":"30","favorites":"20","mentions":[],"hashtags":[],"geo":"","raw":"자주 시켜먹어요 넘나 맛있고 깔끔","polarity":{"com":0,"pos":0.33333333325000003,"neg":0.66666666675,"neut":0,"none":0},"intensity":{"high":0.111111111,"low":0.47222222225,"meium":0.41666666674999997,"none":0},"expressive":{"dir-action":0,"dir-explicit":0.1388888887847222,"dir-speech":0.7777777779444444,"indirect":0.08333333327083332,"writing-device":0}},{"id":"원할머니보쌈  녹번점CESCO","permalink":"","username":"asdfg","text":"원할머니는 다른곳이랑은 확실히 다르네요\n깔끔하고 맛있고 최고네요","date":"Mon Dec 10 23:59:44 +0000 2018","retweets":"30","favorites":"20","mentions":[],"hashtags":[],"geo":"","raw":"원할머니는 다른곳이랑은 확실히 다르네요\n깔끔하고 맛있고 최고네요","polarity":{"com":0.0266958135,"pos":0.409501413125,"neg":0.474796224875,"neut":0.048305132875000004,"none":0.040701415625},"intensity":{"high":0.18793373214849166,"low":0.06834197638354274,"meium":0.7026475004628309,"none":0.04107679100513459},"expressive":{"dir-action":0.000375375375,"dir-explicit":0.35223931924999996,"dir-speech":0.30742139199999996,"indirect":0.294452015,"writing-device":0.045511898375}},{"id":"원할머니보쌈  녹번점CESCO","permalink":"","username":"asdfg","text":"보쌈 보쌈 원할머니 보쌈!!!!","date":"Mon Dec 10 23:59:44 +0000 2018","retweets":"30","favorites":"20","mentions":[],"hashtags":[],"geo":"","raw":"보쌈 보쌈 원할머니 보쌈!!!!","polarity":{"com":0,"pos":0.571428571,"neg":0.428571429,"neut":0,"none":0},"intensity":{"high":0.285714286,"low":0.142857143,"meium":0.571428571,"none":0},"expressive":{"dir-action":0,"dir-explicit":0.428571429,"dir-speech":0,"indirect":0.571428571,"writing-device":0}},{"id":"원할머니보쌈  녹번점CESCO","permalink":"","username":"asdfg","text":"음..\n이게 원할머니 맛인가?\n고기는 잡내없이 맛있었지만\n김치맛이 아리송~ 하네요","date":"Mon Dec 10 23:59:44 +0000 2018","retweets":"30","favorites":"20","mentions":[],"hashtags":[],"geo":"","raw":"음..\n이게 원할머니 맛인가?\n고기는 잡내없이 맛있었지만\n김치맛이 아리송~ 하네요","polarity":{"com":0.0019157088336526184,"pos":0.5312308830885386,"neg":0.3835764192305961,"neut":0.04090601750681768,"none":0.042370971340395164},"intensity":{"high":0.2628545671666666,"low":0.054686242333333336,"meium":0.6381725103333333,"none":0.04428668016666667},"expressive":{"dir-action":0.001915708833652618,"dir-explicit":0.11785633801964272,"dir-speech":0.5885733604314289,"indirect":0.2435364950405894,"writing-device":0.04811809767468635}},{"id":"원할머니보쌈  녹번점CESCO","permalink":"","username":"asdfg","text":"보쌈족발칼국수세트시켰습니다..\n날이 더워 그런가 칼국수 대신 막국수를 주셨더군요..\n그건 그렇다치고\n족발에 껍질은 일부러 다 제거하고 살고기만 주시는건가요?\n양도 적은데 퍽퍽살만있으니..\n보쌈은 먹을만합니다.\n사이드로 오는 떡쌈이나 샐러드가 좋아서 2개 드립니다\n족발 먹을거면 여기는 아닌걸로..","date":"Mon Dec 10 23:59:44 +0000 2018","retweets":"30","favorites":"20","mentions":[],"hashtags":[],"geo":"","raw":"보쌈족발칼국수세트시켰습니다..\n날이 더워 그런가 칼국수 대신 막국수를 주셨더군요..\n그건 그렇다치고\n족발에 껍질은 일부러 다 제거하고 살고기만 주시는건가요?\n양도 적은데 퍽퍽살만있으니..\n보쌈은 먹을만합니다.\n사이드로 오는 떡쌈이나 샐러드가 좋아서 2개 드립니다\n족발 먹을거면 여기는 아닌걸로..","polarity":{"com":0.004118826359835246,"pos":0.39698867642412045,"neg":0.39326795402426923,"neut":0.06101174775755952,"none":0.14461279543421546},"intensity":{"high":0.13058715534432958,"low":0.06817511723181899,"meium":0.6561817676012581,"none":0.14505595982259328},"expressive":{"dir-action":0.029146953442331754,"dir-explicit":0.2107435937768595,"dir-speech":0.3899581938711967,"indirect":0.22446886641795755,"writing-device":0.1456823924916546}},{"id":"원할머니보쌈  녹번점CESCO","permalink":"","username":"asdfg","text":"또 리뷰씁니다 \n보쌈은 여기서만 시켜먹는게 진리인듯..\n은평구에서 보쌈시킬거면 그냥 원할머니 시키세요 전 5번은 넘게 시킨거같아요","date":"Mon Dec 10 23:59:44 +0000 2018","retweets":"30","favorites":"20","mentions":[],"hashtags":[],"geo":"","raw":"또 리뷰씁니다 \n보쌈은 여기서만 시켜먹는게 진리인듯..\n은평구에서 보쌈시킬거면 그냥 원할머니 시키세요 전 5번은 넘게 시킨거같아요","polarity":{"com":0.0040552944997103366,"pos":0.26561331719531334,"neg":0.5320105641762849,"neut":0.1039526552782891,"none":0.09436816885040228},"intensity":{"high":0.0627867756473419,"low":0.15502075743964433,"meium":0.6878242980491303,"none":0.09436816886388344},"expressive":{"dir-action":0.0104617605,"dir-explicit":0.17933422049999997,"dir-speech":0.5310341827857142,"indirect":0.103599956,"writing-device":0.1755698802142857}},{"id":"원할머니보쌈  녹번점CESCO","permalink":"","username":"asdfg","text":"보쌈은 역시 원할머니죵!!!","date":"Mon Dec 10 23:59:44 +0000 2018","retweets":"30","favorites":"20","mentions":[],"hashtags":[],"geo":"","raw":"보쌈은 역시 원할머니죵!!!","polarity":{"com":0.0084745765,"pos":0.6779661015,"neg":0.279661017,"neut":0.0169491525,"none":0.0169491525},"intensity":{"high":0.05084745752542373,"low":0.06779661003389831,"meium":0.8644067799322034,"none":0.016949152508474577},"expressive":{"dir-action":0,"dir-explicit":0.1355932205,"dir-speech":0.279661017,"indirect":0.56779661,"writing-device":0.0169491525}},{"id":"원할머니보쌈  녹번점CESCO","permalink":"","username":"asdfg","text":"일반 보쌈집보다는 믿을 수 있고 맛있습니다 \n보쌈양이 좀 적은것 빼고는 좋아요","date":"Mon Dec 10 23:59:44 +0000 2018","retweets":"30","favorites":"20","mentions":[],"hashtags":[],"geo":"","raw":"일반 보쌈집보다는 믿을 수 있고 맛있습니다 \n보쌈양이 좀 적은것 빼고는 좋아요","polarity":{"com":0.002976190500372024,"pos":0.46569444443321184,"neg":0.35440476191930065,"neut":0.021924603127740572,"none":0.155000000019375},"intensity":{"high":0.043154761875,"low":0.130099206375,"meium":0.67174603175,"none":0.155},"expressive":{"dir-action":0,"dir-explicit":0.240575396875,"dir-speech":0.558333333375,"indirect":0.041130952375,"writing-device":0.159960317375}},{"id":"원할머니보쌈  녹번점CESCO","permalink":"","username":"asdfg","text":"역쉬 보쌈은 여기죠!! 그런데... 좀 많이 얇아 지고 비계가 많아진 느낌이네요..","date":"Mon Dec 10 23:59:44 +0000 2018","retweets":"30","favorites":"20","mentions":[],"hashtags":[],"geo":"","raw":"역쉬 보쌈은 여기죠!! 그런데... 좀 많이 얇아 지고 비계가 많아진 느낌이네요..","polarity":{"com":0.00423728825,"pos":0.61041162225,"neg":0.36840193699999996,"neut":0.008474576250000001,"none":0.008474576249999997},"intensity":{"high":0.132566586,"low":0.2053268765,"meium":0.65363196125,"none":0.008474576250000001},"expressive":{"dir-action":0,"dir-explicit":0.360653753,"dir-speech":0.52554479425,"indirect":0.1053268765,"writing-device":0.008474576249999997}},{"id":"원할머니보쌈  녹번점CESCO","permalink":"","username":"asdfg","text":"깨끗하고 신선한 야채와 맛난 막국수 쫭쫭!!","date":"Mon Dec 10 23:59:44 +0000 2018","retweets":"30","favorites":"20","mentions":[],"hashtags":[],"geo":"","raw":"깨끗하고 신선한 야채와 맛난 막국수 쫭쫭!!","polarity":{"com":0.024024024,"pos":0.612612613,"neg":0.306306306,"neut":0.033033033,"none":0.024024024},"intensity":{"high":0.114114114,"low":0.084084084,"meium":0.774774775,"none":0.027027027},"expressive":{"dir-action":0.003003003,"dir-explicit":0.312312312,"dir-speech":0.09009009,"indirect":0.567567568,"writing-device":0.027027027}},{"id":"원할머니보쌈  녹번점CESCO","permalink":"","username":"asdfg","text":"깔끔하고 맛있어요  맛있게먹었어요","date":"Mon Dec 10 23:59:44 +0000 2018","retweets":"30","favorites":"20","mentions":[],"hashtags":[],"geo":"","raw":"깔끔하고 맛있어요  맛있게먹었어요","polarity":{"com":0.006006006,"pos":0.2364864865,"neg":0.7432432432499999,"neut":0.00825825825,"none":0.006006006},"intensity":{"high":0.05630630625,"low":0.0765765765,"meium":0.8603603605,"none":0.00675675675},"expressive":{"dir-action":0.0007507507500000002,"dir-explicit":0.13363363350000002,"dir-speech":0.7169669670000001,"indirect":0.14189189200000002,"writing-device":0.0067567567500000005}},{"id":"원할머니보쌈  녹번점CESCO","permalink":"","username":"asdfg","text":"맛있습니다. 배달도 빠르구요. ","date":"Mon Dec 10 23:59:44 +0000 2018","retweets":"30","favorites":"20","mentions":[],"hashtags":[],"geo":"","raw":"맛있습니다. 배달도 빠르구요. ","polarity":{"com":0,"pos":0.6666666666666666,"neg":0.3333333333333333,"neut":0,"none":0},"intensity":{"high":0,"low":0.111111111,"meium":0.888888889,"none":0},"expressive":{"dir-action":0,"dir-explicit":0,"dir-speech":0.6666666666666666,"indirect":0.3333333333333333,"writing-device":0}},{"id":"원할머니보쌈  녹번점CESCO","permalink":"","username":"asdfg","text":"배달시간 빠르고 깔끔보장에 푸짐한 고기양과 신선한 샐러드, 정말 보기에도 좋고 맛도 좋아요","date":"Mon Dec 10 23:59:44 +0000 2018","retweets":"30","favorites":"20","mentions":[],"hashtags":[],"geo":"","raw":"배달시간 빠르고 깔끔보장에 푸짐한 고기양과 신선한 샐러드, 정말 보기에도 좋고 맛도 좋아요","polarity":{"com":0.004804804800000001,"pos":0.7895225226000001,"neg":0.0652612612,"neut":0.1066066066,"none":0.033804804800000005},"intensity":{"high":0.09282282280000001,"low":0.0541501501,"meium":0.8186216217,"none":0.0344054054},"expressive":{"dir-action":0.0006006006000000001,"dir-explicit":0.2724624624,"dir-speech":0.363018018,"indirect":0.3295135136,"writing-device":0.034405405400000005}},{"id":"원할머니보쌈  녹번점CESCO","permalink":"","username":"asdfg","text":"굳~~~정성이 보입니다.","date":"Mon Dec 10 23:59:44 +0000 2018","retweets":"30","favorites":"20","mentions":[],"hashtags":[],"geo":"","raw":"굳~~~정성이 보입니다.","polarity":{"com":0.015418501999999997,"pos":0.7158590309999999,"neg":0.22026431699999993,"neut":0.04405286349999999,"none":0.004405286499999999},"intensity":{"high":0.05286343602643172,"low":0.5660792952830397,"meium":0.3744493391872247,"none":0.006607929503303965},"expressive":{"dir-action":0.002202643001101321,"dir-explicit":0.7070484583535243,"dir-speech":0.18061674009030834,"indirect":0.1035242290517621,"writing-device":0.006607929503303964}},{"id":"원할머니보쌈  녹번점CESCO","permalink":"","username":"asdfg","text":"할머니;;;;;;; 커플보쌈!\n배달은  빨라서  좋았어요  하하하하하\n배달와서  와깔끔하게  오네  하고  뚜껑을  두둥 !!  \n보쌈은  어디??  막국 수넹 ;;  \n헉   내가  돼지인가   내손이큰걸까???  \n하하하하하핡;;;\n배는  부른것같았어요! ㅎㅎㅎㅎㅎ\n","date":"Mon Dec 10 23:59:44 +0000 2018","retweets":"30","favorites":"20","mentions":[],"hashtags":[],"geo":"","raw":"할머니;;;;;;; 커플보쌈!\n배달은  빨라서  좋았어요  하하하하하\n배달와서  와깔끔하게  오네  하고  뚜껑을  두둥 !!  \n보쌈은  어디??  막국 수넹 ;;  \n헉   내가  돼지인가   내손이큰걸까???  \n하하하하하핡;;;\n배는  부른것같았어요! ㅎㅎㅎㅎㅎ\n","polarity":{"com":0.006022766749623577,"pos":0.5348749545915703,"neg":0.2819984621698751,"neut":0.11590998436775563,"none":0.061193832121175386},"intensity":{"high":0.094601837125,"low":0.12565618593750003,"meium":0.7176420663125,"none":0.06209991062500001},"expressive":{"dir-action":0.0018445169374999995,"dir-explicit":0.19363001768749996,"dir-speech":0.5023365423749999,"indirect":0.23705136524999995,"writing-device":0.06513755775}},{"id":"원할머니보쌈  녹번점CESCO","permalink":"","username":"asdfg","text":"맛있고 배달역시 빠르고 좋습니다. ","date":"Mon Dec 10 23:59:44 +0000 2018","retweets":"30","favorites":"20","mentions":[],"hashtags":[],"geo":"","raw":"맛있고 배달역시 빠르고 좋습니다. ","polarity":{"com":0,"pos":0.73,"neg":0.26,"neut":0,"none":0.01},"intensity":{"high":0.05,"low":0.09333333325,"meium":0.84666666675,"none":0.01},"expressive":{"dir-action":0,"dir-explicit":0.15,"dir-speech":0.55,"indirect":0.29,"writing-device":0.01}},{"id":"원할머니보쌈  녹번점CESCO","permalink":"","username":"asdfg","text":"떡대 3명이서 보쌈 대자 시켰는데 양 많네요. 맛있고 포장이 정갈한게 마음에 듭니다.","date":"Mon Dec 10 23:59:44 +0000 2018","retweets":"30","favorites":"20","mentions":[],"hashtags":[],"geo":"","raw":"떡대 3명이서 보쌈 대자 시켰는데 양 많네요. 맛있고 포장이 정갈한게 마음에 듭니다.","polarity":{"com":0.00914350466514275,"pos":0.4908750679181875,"neg":0.4414317987597614,"neut":0.05307719582448713,"none":0.005472432832421265},"intensity":{"high":0.09293893803097966,"low":0.15240053488413352,"meium":0.7479533794159845,"none":0.006707147668902379},"expressive":{"dir-action":0.001234714833744905,"dir-explicit":0.3426401111142134,"dir-speech":0.3935037611311679,"indirect":0.2559142652519714,"writing-device":0.006707147668902379}},{"id":"원할머니보쌈  녹번점CESCO","permalink":"","username":"asdfg","text":"배달도 빠르고 맛있어요 ㅎ\n근데 음식이 한쪽으로 쏠렸어요;;","date":"Mon Dec 10 23:59:44 +0000 2018","retweets":"30","favorites":"20","mentions":[],"hashtags":[],"geo":"","raw":"배달도 빠르고 맛있어요 ㅎ\n근데 음식이 한쪽으로 쏠렸어요;;","polarity":{"com":0.0061674008,"pos":0.6863436124,"neg":0.2881057268,"neut":0.0176211454,"none":0.0017621146000000002},"intensity":{"high":0.021145374404229075,"low":0.09309838461861968,"meium":0.8831130691766227,"none":0.0026431718005286344},"expressive":{"dir-action":0.0008810572001762114,"dir-explicit":0.2828193832565639,"dir-speech":0.47224669609444936,"indirect":0.24140969164828194,"writing-device":0.0026431718005286344}},{"id":"원할머니보쌈  녹번점CESCO","permalink":"","username":"asdfg","text":"맛잇었어요 불족발이 조금 안매워서 살짝더매웠으면 좋앗을거같아요","date":"Mon Dec 10 23:59:44 +0000 2018","retweets":"30","favorites":"20","mentions":[],"hashtags":[],"geo":"","raw":"맛잇었어요 불족발이 조금 안매워서 살짝더매웠으면 좋앗을거같아요","polarity":{"com":0.006167400801233481,"pos":0.4921407138984282,"neg":0.38955500207791105,"neut":0.10167911642033582,"none":0.010457766802091553},"intensity":{"high":0.05592798301118558,"low":0.17715635583543124,"meium":0.7555768371511152,"none":0.011338824002267763},"expressive":{"dir-action":0.0008810572001762112,"dir-explicit":0.37847155727569426,"dir-speech":0.46644959469328984,"indirect":0.14285896682857177,"writing-device":0.011338824002267763}},{"id":"원할머니보쌈  녹번점CESCO","permalink":"","username":"asdfg","text":"최고입니다~ 깨끗한 포장과 맛 모두 만족","date":"Mon Dec 10 23:59:44 +0000 2018","retweets":"30","favorites":"20","mentions":[],"hashtags":[],"geo":"","raw":"최고입니다~ 깨끗한 포장과 맛 모두 만족","polarity":{"com":0,"pos":0.53125,"neg":0.46875,"neut":0,"none":0},"intensity":{"high":0.25,"low":0.0625,"meium":0.6875,"none":0},"expressive":{"dir-action":0,"dir-explicit":0.375,"dir-speech":0.25,"indirect":0.375,"writing-device":0}},{"id":"원할머니보쌈  녹번점CESCO","permalink":"","username":"asdfg","text":"떡이 해동돼지않고 얼려진채 왔네요 ㅠㅠ","date":"Mon Dec 10 23:59:44 +0000 2018","retweets":"30","favorites":"20","mentions":[],"hashtags":[],"geo":"","raw":"떡이 해동돼지않고 얼려진채 왔네요 ㅠㅠ","polarity":{"com":0,"pos":0.3333333333333333,"neg":0.6666666666666666,"neut":0,"none":0},"intensity":{"high":0.3333333333333333,"low":0,"meium":0.6666666666666666,"none":0},"expressive":{"dir-action":0,"dir-explicit":0,"dir-speech":0.5,"indirect":0.5,"writing-device":0}},{"id":"원할머니보쌈  녹번점CESCO","permalink":"","username":"asdfg","text":"맛있네요 깔끔하고..\n배달도 생각보다 빨라서 좋았네요","date":"Mon Dec 10 23:59:44 +0000 2018","retweets":"30","favorites":"20","mentions":[],"hashtags":[],"geo":"","raw":"맛있네요 깔끔하고..\n배달도 생각보다 빨라서 좋았네요","polarity":{"com":0.004004004,"pos":0.5322211498333332,"neg":0.39898755883333337,"neut":0.047172172166666665,"none":0.017615115166666667},"intensity":{"high":0.1376698126437217,"low":0.165521950472413,"meium":0.6786926212202178,"none":0.018115615663647396},"expressive":{"dir-action":0.0005005004999999999,"dir-explicit":0.2621710996666666,"dir-speech":0.3152134276666666,"indirect":0.40399935649999996,"writing-device":0.018115615666666664}},{"id":"원할머니보쌈  녹번점CESCO","permalink":"","username":"asdfg","text":"그냥저냥 먹으란합니다","date":"Mon Dec 10 23:59:44 +0000 2018","retweets":"30","favorites":"20","mentions":[],"hashtags":[],"geo":"","raw":"그냥저냥 먹으란합니다","polarity":{"com":0.0057471265,"pos":0.32758620650000003,"neg":0.534482759,"neut":0.0344827585,"none":0.0977011495},"intensity":{"high":0.11302681994348661,"low":0.17432950191283528,"meium":0.6091954021954024,"none":0.10344827594827588},"expressive":{"dir-action":0.005747126502873562,"dir-explicit":0.19157088109578543,"dir-speech":0.5957854407978928,"indirect":0.091954023045977,"writing-device":0.11494252855747125}},{"id":"원할머니보쌈  녹번점CESCO","permalink":"","username":"asdfg","text":"보쌈은원쌈이진리다ㅋㅋ\n떡쌈맛나ㅎ","date":"Mon Dec 10 23:59:44 +0000 2018","retweets":"30","favorites":"20","mentions":[],"hashtags":[],"geo":"","raw":"보쌈은원쌈이진리다ㅋㅋ\n떡쌈맛나ㅎ","polarity":{"com":0.0141323948,"pos":0.634654236,"neg":0.2555256892,"neut":0.04270146,"none":0.052986219999999994},"intensity":{"high":0.06697455344018474,"low":0.06989023124193414,"meium":0.8092679380855607,"none":0.05386727723232036},"expressive":{"dir-action":0.0008810572001762114,"dir-explicit":0.22071680224414336,"dir-speech":0.6246339787249268,"indirect":0.09597931601919586,"writing-device":0.05778884581155777}},{"id":"원할머니보쌈  녹번점CESCO","permalink":"","username":"asdfg","text":"비오는데 배달도 빨리해주시고, 모듬보쌈 소짜리 2명이서 먹었는데 모자르지 않고 딱 알맞게 먹었습니다. 고기에서 잡내안나고 샐러드도 맛있고 떡쌈도 정말 맛있었습니다. 번창하세요~^^*","date":"Mon Dec 10 23:59:44 +0000 2018","retweets":"30","favorites":"20","mentions":[],"hashtags":[],"geo":"","raw":"비오는데 배달도 빨리해주시고, 모듬보쌈 소짜리 2명이서 먹었는데 모자르지 않고 딱 알맞게 먹었습니다. 고기에서 잡내안나고 샐러드도 맛있고 떡쌈도 정말 맛있었습니다. 번창하세요~^^*","polarity":{"com":0.0034709783076923083,"pos":0.3674581658461538,"neg":0.4610388327692308,"neut":0.09551362730769229,"none":0.07251839576923078},"intensity":{"high":0.07124333692855717,"low":0.061936497081687414,"meium":0.7939629020610741,"none":0.07285726392868133},"expressive":{"dir-action":0.0003388681538461538,"dir-explicit":0.21160025115384615,"dir-speech":0.5413555668461538,"indirect":0.1701392586923077,"writing-device":0.07656605515384615}},{"id":"원할머니보쌈  녹번점CESCO","permalink":"","username":"asdfg","text":"그냥그럭저럭\n괜찬은거같인요","date":"Mon Dec 10 23:59:44 +0000 2018","retweets":"30","favorites":"20","mentions":[],"hashtags":[],"geo":"","raw":"그냥그럭저럭\n괜찬은거같인요","polarity":{"com":0,"pos":0.10582010570194002,"neg":0.8359788362786595,"neut":0.031746031677248675,"none":0.026455026342151675},"intensity":{"high":0.010582010666666667,"low":0.07936507933333332,"meium":0.8835978836666666,"none":0.026455026333333336},"expressive":{"dir-action":0,"dir-explicit":0.052910053000000005,"dir-speech":0.7222222223333333,"indirect":0.026455026333333336,"writing-device":0.19841269833333333}},{"id":"원할머니보쌈  녹번점CESCO","permalink":"","username":"asdfg","text":"맛이 난다고 이렇게 전해라","date":"Mon Dec 10 23:59:44 +0000 2018","retweets":"30","favorites":"20","mentions":[],"hashtags":[],"geo":"","raw":"맛이 난다고 이렇게 전해라","polarity":{"com":0.00571895425,"pos":0.52497665725,"neg":0.22420634925,"neut":0.022875817,"none":0.22222222225},"intensity":{"high":0.04971988776242998,"low":0.020424836505106212,"meium":0.7076330534269083,"none":0.22222222230555558},"expressive":{"dir-action":0,"dir-explicit":0.158146592,"dir-speech":0.3363678805,"indirect":0.2783613445,"writing-device":0.227124183}},{"id":"원할머니보쌈  녹번점CESCO","permalink":"","username":"asdfg","text":"맛있어용ㅎㅎ빠른배송 !!!아주좋아요ㅎㅅ","date":"Mon Dec 10 23:59:44 +0000 2018","retweets":"30","favorites":"20","mentions":[],"hashtags":[],"geo":"","raw":"맛있어용ㅎㅎ빠른배송 !!!아주좋아요ㅎㅅ","polarity":{"com":0,"pos":0.5833333333333334,"neg":0.4166666666666667,"neut":0,"none":0},"intensity":{"high":0.08333333333333333,"low":0.111111111,"meium":0.8055555556666666,"none":0},"expressive":{"dir-action":0,"dir-explicit":0,"dir-speech":0.4166666666666667,"indirect":0.5833333333333334,"writing-device":0}},{"id":"원할머니보쌈  녹번점CESCO","permalink":"","username":"asdfg","text":"가격이틀리네요..소자25.000원으로해놓지말던가\n소자시켜는데왠30.000원..어이없어서\n이래서시켜먹기싫은데..남친이좋아해서어쩔수없이\n먹는거지솔직히크게맛있는것도아니고다음엔절대안시켜먹을거임..비싼만큼맛이있었음좋겠네요","date":"Mon Dec 10 23:59:44 +0000 2018","retweets":"30","favorites":"20","mentions":[],"hashtags":[],"geo":"","raw":"가격이틀리네요..소자25.000원으로해놓지말던가\n소자시켜는데왠30.000원..어이없어서\n이래서시켜먹기싫은데..남친이좋아해서어쩔수없이\n먹는거지솔직히크게맛있는것도아니고다음엔절대안시켜먹을거임..비싼만큼맛이있었음좋겠네요","polarity":{"com":0.01394249147947326,"pos":0.3191408828973166,"neg":0.5647096419186705,"neut":0.051448287308821596,"none":0.050758696395718166},"intensity":{"high":0.08911606981446311,"low":0.1123035478983952,"meium":0.7452090321636684,"none":0.05337135012347332},"expressive":{"dir-action":0.003106743261004641,"dir-explicit":0.20007288622609018,"dir-speech":0.5550909643284823,"indirect":0.1655843065724167,"writing-device":0.07614509961200631}},{"id":"원할머니보쌈  녹번점CESCO","permalink":"","username":"asdfg","text":"맛도있고 깔끔하긴한데 오늘은 비계가넘 많았어요ㅡㅡ","date":"Mon Dec 10 23:59:44 +0000 2018","retweets":"30","favorites":"20","mentions":[],"hashtags":[],"geo":"","raw":"맛도있고 깔끔하긴한데 오늘은 비계가넘 많았어요ㅡㅡ","polarity":{"com":0.004312954,"pos":0.5144203775,"neg":0.3808756185,"neut":0.018848475333333333,"none":0.08154257466666667},"intensity":{"high":0.06786788952262263,"low":0.3177593256059198,"meium":0.5328302101776101,"none":0.08154257469384753},"expressive":{"dir-action":0,"dir-explicit":0.3315590237219265,"dir-speech":0.3303450802217242,"indirect":0.25655332137609227,"writing-device":0.08154257468025711}}]