[{"id":"장충동 이모네 왕족발보쌈","permalink":"","username":"asdfg","text":"맛이싸 푸짐했습니디. 집에서 먹는게 좋아요","date":"Mon Dec 10 23:59:44 +0000 2018","retweets":"30","favorites":"20","mentions":[],"hashtags":[],"geo":"","raw":"맛이싸 푸짐했습니디. 집에서 먹는게 좋아요","polarity":{"com":0,"pos":0.5544871793613783,"neg":0.40705128214823716,"neut":0.03846153849038462,"none":0},"intensity":{"high":0.047008547,"low":0.15491453,"meium":0.798076923,"none":0},"expressive":{"dir-action":0,"dir-explicit":0.1324786325,"dir-speech":0.8675213675,"indirect":0,"writing-device":0}},{"id":"장충동 이모네 왕족발보쌈","permalink":"","username":"asdfg","text":"족발 시켜본곳중 최하. .중 삼마넌짜리 시켰는데 사이즈가 소가 왔나 생각이 들 정도로 적고 언제 삶았는지 모르게 식어있고 식감이 진짜 이상함 진짜 싸구려 족발같은. .그냥 족발이 아니라 고무 느낌의? 김치도 없고 야채에 무말랭이ㅋㅋ심지어 무말랭이도  이상함. .하. .다른 리뷰도 보고 시켰어야 했는데 급하게 시키느라ㅠㅠ\n삼마넌 진짜 진짜 진짜 아까움\n배달해주신 분은 친절","date":"Mon Dec 10 23:59:44 +0000 2018","retweets":"30","favorites":"20","mentions":[],"hashtags":[],"geo":"","raw":"족발 시켜본곳중 최하. .중 삼마넌짜리 시켰는데 사이즈가 소가 왔나 생각이 들 정도로 적고 언제 삶았는지 모르게 식어있고 식감이 진짜 이상함 진짜 싸구려 족발같은. .그냥 족발이 아니라 고무 느낌의? 김치도 없고 야채에 무말랭이ㅋㅋ심지어 무말랭이도  이상함. .하. .다른 리뷰도 보고 시켰어야 했는데 급하게 시키느라ㅠㅠ\n삼마넌 진짜 진짜 진짜 아까움\n배달해주신 분은 친절","polarity":{"com":0.014497657820393027,"pos":0.32697983326235863,"neg":0.4408814172185085,"neut":0.08266270720838129,"none":0.1349783844903587},"intensity":{"high":0.15390569499450338,"low":0.0977306318179382,"meium":0.6123370245138451,"none":0.13602664867371334},"expressive":{"dir-action":0.03612479475,"dir-explicit":0.28513579003571426,"dir-speech":0.33468840392857135,"indirect":0.2040287414642857,"writing-device":0.14002226982142857}},{"id":"장충동 이모네 왕족발보쌈","permalink":"","username":"asdfg","text":"냉동이네요 족발이 차갑고 퍽퍽해요 계란찜은 따뜻한데 족발만 식었을리없고  맛도없고...\n","date":"Mon Dec 10 23:59:44 +0000 2018","retweets":"30","favorites":"20","mentions":[],"hashtags":[],"geo":"","raw":"냉동이네요 족발이 차갑고 퍽퍽해요 계란찜은 따뜻한데 족발만 식었을리없고  맛도없고...\n","polarity":{"com":0.011410347401141033,"pos":0.3669254467366925,"neg":0.31761677623176165,"neut":0.1346366073134636,"none":0.16941082231694107},"intensity":{"high":0.09415186221883037,"low":0.15819046703163808,"meium":0.576535145715307,"none":0.1711225250342245},"expressive":{"dir-action":0.0007408289000740829,"dir-explicit":0.2073850020207385,"dir-speech":0.4349929139434993,"indirect":0.18442030081844205,"writing-device":0.1724609543172461}},{"id":"장충동 이모네 왕족발보쌈","permalink":"","username":"asdfg","text":"저이집 족발보다 보쌈이 좋아요\n꼬기가 부드럽고 비린내안나서 좋음 ㅋ\n","date":"Mon Dec 10 23:59:44 +0000 2018","retweets":"30","favorites":"20","mentions":[],"hashtags":[],"geo":"","raw":"저이집 족발보다 보쌈이 좋아요\n꼬기가 부드럽고 비린내안나서 좋음 ㅋ\n","polarity":{"com":0.0029761905004960314,"pos":0.5273412699212235,"neg":0.3896031745649339,"neut":0.06894841267815807,"none":0.011130952335188491},"intensity":{"high":0.06011904766666667,"low":0.16341269849999998,"meium":0.7638492061666667,"none":0.012619047666666666},"expressive":{"dir-action":0,"dir-explicit":0.1625,"dir-speech":0.5298611111666667,"indirect":0.29650793649999996,"writing-device":0.011130952333333333}},{"id":"장충동 이모네 왕족발보쌈","permalink":"","username":"asdfg","text":"비주문인 분들이 맛있다고 하는건 먼가요??","date":"Mon Dec 10 23:59:44 +0000 2018","retweets":"30","favorites":"20","mentions":[],"hashtags":[],"geo":"","raw":"비주문인 분들이 맛있다고 하는건 먼가요??","polarity":{"com":0.03514173374121457,"pos":0.25840463218539883,"neg":0.506172039373457,"neut":0.04627228973843193,"none":0.15400930496149765},"intensity":{"high":0.04460864798884784,"low":0.18741537745314615,"meium":0.6110931063472267,"none":0.1568828682107793},"expressive":{"dir-action":0.002873563250718391,"dir-explicit":0.19551392854887847,"dir-speech":0.38415003009603754,"indirect":0.24888010281222003,"writing-device":0.1685823752921456}},{"id":"장충동 이모네 왕족발보쌈","permalink":"","username":"asdfg","text":"맛있네요~~^^ 평범한듯","date":"Mon Dec 10 23:59:44 +0000 2018","retweets":"30","favorites":"20","mentions":[],"hashtags":[],"geo":"","raw":"맛있네요~~^^ 평범한듯","polarity":{"com":0,"pos":0.16666666666666666,"neg":0.44444444433333335,"neut":0.3333333333333333,"none":0.055555555666666666},"intensity":{"high":0,"low":0.05555555564814815,"meium":0.8888888887037038,"none":0.05555555564814815},"expressive":{"dir-action":0,"dir-explicit":0.055555555666666666,"dir-speech":0.44444444433333335,"indirect":0.44444444433333335,"writing-device":0.055555555666666666}},{"id":"장충동 이모네 왕족발보쌈","permalink":"","username":"asdfg","text":"해당 리뷰는 배달통 운영 원칙에 따라 블라인드 처리 되었습니다.","date":"Mon Dec 10 23:59:44 +0000 2018","retweets":"30","favorites":"20","mentions":[],"hashtags":[],"geo":"","raw":"해당 리뷰는 배달통 운영 원칙에 따라 블라인드 처리 되었습니다.","polarity":{"com":0,"pos":0.4126984127063492,"neg":0.3075396826537698,"neut":0.2043650793521825,"none":0.07539682528769841},"intensity":{"high":0.035714285750000005,"low":0.08730158725,"meium":0.80158730175,"none":0.07539682525000001},"expressive":{"dir-action":0,"dir-explicit":0.44246031761061505,"dir-speech":0.2777777778194444,"indirect":0.20039682530009917,"writing-device":0.07936507926984127}},{"id":"장충동 이모네 왕족발보쌈","permalink":"","username":"asdfg","text":"해당 리뷰는 배달통 운영 원칙에 따라 블라인드 처리 되었습니다.","date":"Mon Dec 10 23:59:44 +0000 2018","retweets":"30","favorites":"20","mentions":[],"hashtags":[],"geo":"","raw":"해당 리뷰는 배달통 운영 원칙에 따라 블라인드 처리 되었습니다.","polarity":{"com":0,"pos":0.4126984127063492,"neg":0.3075396826537698,"neut":0.2043650793521825,"none":0.07539682528769841},"intensity":{"high":0.035714285750000005,"low":0.08730158725,"meium":0.80158730175,"none":0.07539682525000001},"expressive":{"dir-action":0,"dir-explicit":0.44246031761061505,"dir-speech":0.2777777778194444,"indirect":0.20039682530009917,"writing-device":0.07936507926984127}},{"id":"장충동 이모네 왕족발보쌈","permalink":"","username":"asdfg","text":"맛은 괜찮아요\n좀 짠편이네요","date":"Mon Dec 10 23:59:44 +0000 2018","retweets":"30","favorites":"20","mentions":[],"hashtags":[],"geo":"","raw":"맛은 괜찮아요\n좀 짠편이네요","polarity":{"com":0,"pos":0.8333333333333334,"neg":0,"neut":0.16666666666666666,"none":0},"intensity":{"high":0,"low":0.16666666666666666,"meium":0.8333333333333334,"none":0},"expressive":{"dir-action":0,"dir-explicit":0.4666666666666666,"dir-speech":0.5333333333333333,"indirect":0,"writing-device":0}},{"id":"장충동 이모네 왕족발보쌈","permalink":"","username":"asdfg","text":"맛있어요\n근데 오ㅐ 적립이안되는지???? ok캐쉬백도안되구 ","date":"Mon Dec 10 23:59:44 +0000 2018","retweets":"30","favorites":"20","mentions":[],"hashtags":[],"geo":"","raw":"맛있어요\n근데 오ㅐ 적립이안되는지???? ok캐쉬백도안되구 ","polarity":{"com":0.015418502,"pos":0.215859031,"neg":0.720264317,"neut":0.0440528635,"none":0.0044052865},"intensity":{"high":0.05286343602643172,"low":0.06607929503303965,"meium":0.8744493394372247,"none":0.006607929503303965},"expressive":{"dir-action":0.002202643001101321,"dir-explicit":0.2070484581035242,"dir-speech":0.6806167403403084,"indirect":0.1035242290517621,"writing-device":0.006607929503303964}}]