[{"id":"매일삶은족발","permalink":"","username":"asdfg","text":"항상 맛있게 잘먹고있습니다!","date":"Mon Dec 10 23:59:44 +0000 2018","retweets":"30","favorites":"20","mentions":[],"hashtags":[],"geo":"","raw":"항상 맛있게 잘먹고있습니다!","polarity":{"com":0,"pos":0.8571428574285714,"neg":0.10714285705357143,"neut":0.035714285517857144,"none":0},"intensity":{"high":0,"low":0.107142857,"meium":0.8928571430000001,"none":0},"expressive":{"dir-action":0,"dir-explicit":0.357142857,"dir-speech":0.3214285715,"indirect":0.3214285715,"writing-device":0}},{"id":"매일삶은족발","permalink":"","username":"asdfg","text":"오늘도 맛있게 먹었습니다.막국수 양념이 비벼서 나오는 걸로 바뀌었네요.더 편하게 먹었습니다.","date":"Mon Dec 10 23:59:44 +0000 2018","retweets":"30","favorites":"20","mentions":[],"hashtags":[],"geo":"","raw":"오늘도 맛있게 먹었습니다.막국수 양념이 비벼서 나오는 걸로 바뀌었네요.더 편하게 먹었습니다.","polarity":{"com":0.01903113657142857,"pos":0.43582366857142857,"neg":0.3978532971428571,"neut":0.02369764342857143,"none":0.12359425428571427},"intensity":{"high":0.07632832858233261,"low":0.1304444243043492,"meium":0.6690036662384292,"none":0.12422358087488909},"expressive":{"dir-action":0.010833408144404772,"dir-explicit":0.2160728021737247,"dir-speech":0.44593584863513375,"indirect":0.20055340788579337,"writing-device":0.1266045331609435}},{"id":"매일삶은족발","permalink":"","username":"asdfg","text":"오늘도 너무너무 맛있게 잘 먹었습니다!!막국수도 어머어마하게 주시고!!매번 야식은 이것만 시켜먹게 되네요.번창하세요!!","date":"Mon Dec 10 23:59:44 +0000 2018","retweets":"30","favorites":"20","mentions":[],"hashtags":[],"geo":"","raw":"오늘도 너무너무 맛있게 잘 먹었습니다!!막국수도 어머어마하게 주시고!!매번 야식은 이것만 시켜먹게 되네요.번창하세요!!","polarity":{"com":0.010979830125,"pos":0.2986210435,"neg":0.48073061825,"neut":0.03493999725,"none":0.17472851087500002},"intensity":{"high":0.10579592925,"low":0.11828678225,"meium":0.601188777625,"none":0.17472851087500002},"expressive":{"dir-action":0,"dir-explicit":0.22034029604237237,"dir-speech":0.459498731452688,"indirect":0.1457063230703601,"writing-device":0.1744546494345795}},{"id":"매일삶은족발","permalink":"","username":"asdfg","text":"맛나게.잘 먹었습니드다","date":"Mon Dec 10 23:59:44 +0000 2018","retweets":"30","favorites":"20","mentions":[],"hashtags":[],"geo":"","raw":"맛나게.잘 먹었습니드다","polarity":{"com":0,"pos":0.7142857147142857,"neg":0.21428571421428572,"neut":0.07142857107142857,"none":0},"intensity":{"high":0,"low":0.214285714,"meium":0.785714286,"none":0},"expressive":{"dir-action":0,"dir-explicit":0.214285714,"dir-speech":0.142857143,"indirect":0.642857143,"writing-device":0}},{"id":"매일삶은족발","permalink":"","username":"asdfg","text":"오늘도 맛있게 잘먹었습니다!!예전 처럼 새우젓 대신 마늘소스가 들어있었으면 좋겠어요ㅠㅠ","date":"Mon Dec 10 23:59:44 +0000 2018","retweets":"30","favorites":"20","mentions":[],"hashtags":[],"geo":"","raw":"오늘도 맛있게 잘먹었습니다!!예전 처럼 새우젓 대신 마늘소스가 들어있었으면 좋겠어요ㅠㅠ","polarity":{"com":0.005000000000999999,"pos":0.4518571428903713,"neg":0.4094285714818856,"neut":0.03321428560664286,"none":0.1005000000201},"intensity":{"high":0.1007142858,"low":0.095142857,"meium":0.7018571428,"none":0.1022857144},"expressive":{"dir-action":0,"dir-explicit":0.274999999945,"dir-speech":0.3910714285217857,"indirect":0.2348571429530286,"writing-device":0.09907142858018574}},{"id":"매일삶은족발","permalink":"","username":"asdfg","text":"맛있습니다!!! 또시켜야지ㅋㅋㅋㅋ","date":"Mon Dec 10 23:59:44 +0000 2018","retweets":"30","favorites":"20","mentions":[],"hashtags":[],"geo":"","raw":"맛있습니다!!! 또시켜야지ㅋㅋㅋㅋ","polarity":{"com":0,"pos":0.0714285714642857,"neg":0.7142857141428571,"neut":0,"none":0.21428571439285712},"intensity":{"high":0,"low":0,"meium":0.7857142855,"none":0.2142857145},"expressive":{"dir-action":0,"dir-explicit":0.0714285715,"dir-speech":0.642857143,"indirect":0,"writing-device":0.2857142855}},{"id":"매일삶은족발","permalink":"","username":"asdfg","text":"포장 깔끔하고 보쌈 맛있어요 ","date":"Mon Dec 10 23:59:44 +0000 2018","retweets":"30","favorites":"20","mentions":[],"hashtags":[],"geo":"","raw":"포장 깔끔하고 보쌈 맛있어요 ","polarity":{"com":0.008008008,"pos":0.24587087100000002,"neg":0.7271021019999999,"neut":0.011011011000000001,"none":0.008008008},"intensity":{"high":0.038038038,"low":0.11136136133333334,"meium":0.8415915916666666,"none":0.009009009},"expressive":{"dir-action":0.0010010010000000003,"dir-explicit":0.2707707706666667,"dir-speech":0.36336336333333336,"indirect":0.355855856,"writing-device":0.009009009}},{"id":"매일삶은족발","permalink":"","username":"asdfg","text":"만족 스럽습니다 같이 먹는 사람도 만족!","date":"Mon Dec 10 23:59:44 +0000 2018","retweets":"30","favorites":"20","mentions":[],"hashtags":[],"geo":"","raw":"만족 스럽습니다 같이 먹는 사람도 만족!","polarity":{"com":0,"pos":0.5,"neg":0.5,"neut":0,"none":0},"intensity":{"high":0.16666666666666666,"low":0.5,"meium":0.3333333333333333,"none":0},"expressive":{"dir-action":0,"dir-explicit":0.3333333333333333,"dir-speech":0.5,"indirect":0.16666666666666666,"writing-device":0}},{"id":"매일삶은족발","permalink":"","username":"asdfg","text":"첨보다 맛이 조금...ㅠㅠ","date":"Mon Dec 10 23:59:44 +0000 2018","retweets":"30","favorites":"20","mentions":[],"hashtags":[],"geo":"","raw":"첨보다 맛이 조금...ㅠㅠ","polarity":{"com":0,"pos":0.875,"neg":0,"neut":0,"none":0.125},"intensity":{"high":0.25,"low":0,"meium":0.625,"none":0.125},"expressive":{"dir-action":0,"dir-explicit":0.25,"dir-speech":0.625,"indirect":0,"writing-device":0.125}},{"id":"매일삶은족발","permalink":"","username":"asdfg","text":"보쌈에 쌈이없어서 놀랬는데 먹을만했어요 ㅎㅎ","date":"Mon Dec 10 23:59:44 +0000 2018","retweets":"30","favorites":"20","mentions":[],"hashtags":[],"geo":"","raw":"보쌈에 쌈이없어서 놀랬는데 먹을만했어요 ㅎㅎ","polarity":{"com":0,"pos":0.192982456,"neg":0.7807017545,"neut":0.0263157895,"none":0},"intensity":{"high":0.10818713450000002,"low":0.21637426900000004,"meium":0.649122807,"none":0.026315789500000002},"expressive":{"dir-action":0,"dir-explicit":0.42690058449999996,"dir-speech":0.49415204700000004,"indirect":0.0789473685,"writing-device":0}},{"id":"매일삶은족발","permalink":"","username":"asdfg","text":"배달도 빠르고 서비스까지 챙겨주셔서 너무너무 감사합니다^^역시나 맛있네요!!!","date":"Mon Dec 10 23:59:44 +0000 2018","retweets":"30","favorites":"20","mentions":[],"hashtags":[],"geo":"","raw":"배달도 빠르고 서비스까지 챙겨주셔서 너무너무 감사합니다^^역시나 맛있네요!!!","polarity":{"com":0,"pos":0.8,"neg":0.2,"neut":0,"none":0},"intensity":{"high":0.2,"low":0.26666666660000005,"meium":0.5333333334,"none":0},"expressive":{"dir-action":0,"dir-explicit":0,"dir-speech":0.6,"indirect":0.4,"writing-device":0}},{"id":"매일삶은족발","permalink":"","username":"asdfg","text":"잘 먹었습니다!다음 또시켜먹을게요 ","date":"Mon Dec 10 23:59:44 +0000 2018","retweets":"30","favorites":"20","mentions":[],"hashtags":[],"geo":"","raw":"잘 먹었습니다!다음 또시켜먹을게요 ","polarity":{"com":0,"pos":0.34920634911640214,"neg":0.6269841272089948,"neut":0.023809523674603175,"none":0},"intensity":{"high":0.037037037,"low":0.14550264533333332,"meium":0.8174603176666667,"none":0},"expressive":{"dir-action":0,"dir-explicit":0.14550264533333332,"dir-speech":0.6402116403333333,"indirect":0.21428571433333332,"writing-device":0}},{"id":"매일삶은족발","permalink":"","username":"asdfg","text":"리뷰리뷰리뷰리뷰리뷰","date":"Mon Dec 10 23:59:44 +0000 2018","retweets":"30","favorites":"20","mentions":[],"hashtags":[],"geo":"","raw":"리뷰리뷰리뷰리뷰리뷰","polarity":{"com":null,"pos":null,"neg":null,"neut":null,"none":null},"intensity":{"high":null,"low":null,"meium":null,"none":null},"expressive":{"dir-action":null,"dir-explicit":null,"dir-speech":null,"indirect":null,"writing-device":null}},{"id":"매일삶은족발","permalink":"","username":"asdfg","text":"2번째인데 괜찮네요 다음에또 시켜볼게요","date":"Mon Dec 10 23:59:44 +0000 2018","retweets":"30","favorites":"20","mentions":[],"hashtags":[],"geo":"","raw":"2번째인데 괜찮네요 다음에또 시켜볼게요","polarity":{"com":0.007625272330791577,"pos":0.1761593526079469,"neg":0.5687830688104056,"neut":0.03050108932316631,"none":0.2169312169276896},"intensity":{"high":0.04248366001416122,"low":0.027233115342411043,"meium":0.7133520075711174,"none":0.2169312170723104},"expressive":{"dir-action":0,"dir-explicit":0.187052599,"dir-speech":0.4961095549999999,"indirect":0.045751634000000006,"writing-device":0.271086212}},{"id":"매일삶은족발","permalink":"","username":"asdfg","text":"막국수는 제스타일이 아녔어용","date":"Mon Dec 10 23:59:44 +0000 2018","retweets":"30","favorites":"20","mentions":[],"hashtags":[],"geo":"","raw":"막국수는 제스타일이 아녔어용","polarity":{"com":0.01541850200770925,"pos":0.37458918968729454,"neg":0.47423257123711626,"neut":0.09167191104583594,"none":0.04408782602204391},"intensity":{"high":0.06873645203436822,"low":0.18512691409256343,"meium":0.699846164849923,"none":0.04629046902314523},"expressive":{"dir-action":0.002202643001101321,"dir-explicit":0.2864135376432067,"dir-speech":0.513950073756975,"indirect":0.14320676857160336,"writing-device":0.05422697702711348}},{"id":"매일삶은족발","permalink":"","username":"asdfg","text":"깔끔하게 맵고 맛있어요","date":"Mon Dec 10 23:59:44 +0000 2018","retweets":"30","favorites":"20","mentions":[],"hashtags":[],"geo":"","raw":"깔끔하게 맵고 맛있어요","polarity":{"com":0.012012012,"pos":0.3063063065,"neg":0.653153153,"neut":0.0165165165,"none":0.012012012},"intensity":{"high":0.057057057,"low":0.042042042,"meium":0.8873873875,"none":0.0135135135},"expressive":{"dir-action":0.0015015015000000005,"dir-explicit":0.15615615600000002,"dir-speech":0.5450450450000001,"indirect":0.28378378400000004,"writing-device":0.013513513500000003}},{"id":"매일삶은족발","permalink":"","username":"asdfg","text":"혼족하기 좋어용!!기부니좋아용!","date":"Mon Dec 10 23:59:44 +0000 2018","retweets":"30","favorites":"20","mentions":[],"hashtags":[],"geo":"","raw":"혼족하기 좋어용!!기부니좋아용!","polarity":{"com":0,"pos":0.6066666666666667,"neg":0.24666666666666667,"neut":0,"none":0.14666666666666667},"intensity":{"high":0.06666666666666667,"low":0.013333333333333332,"meium":0.7733333333333333,"none":0.14666666666666664},"expressive":{"dir-action":0,"dir-explicit":0.43333333333333335,"dir-speech":0.13333333333333336,"indirect":0.2866666666666667,"writing-device":0.1466666666666667}},{"id":"매일삶은족발","permalink":"","username":"asdfg","text":"아주아주 맛있어요!!!!감사합니다","date":"Mon Dec 10 23:59:44 +0000 2018","retweets":"30","favorites":"20","mentions":[],"hashtags":[],"geo":"","raw":"아주아주 맛있어요!!!!감사합니다","polarity":{"com":0,"pos":0.5833333333333334,"neg":0.4166666666666667,"neut":0,"none":0},"intensity":{"high":0.4166666666666667,"low":0,"meium":0.5833333333333334,"none":0},"expressive":{"dir-action":0,"dir-explicit":0,"dir-speech":0.75,"indirect":0.25,"writing-device":0}},{"id":"매일삶은족발","permalink":"","username":"asdfg","text":"항상 좋아요 맛있어요파보쌈에 파가 적긴하지만요..","date":"Mon Dec 10 23:59:44 +0000 2018","retweets":"30","favorites":"20","mentions":[],"hashtags":[],"geo":"","raw":"항상 좋아요 맛있어요파보쌈에 파가 적긴하지만요..","polarity":{"com":0,"pos":0.3333333333333333,"neg":0.6666666666666666,"neut":0,"none":0},"intensity":{"high":0,"low":0,"meium":1,"none":0},"expressive":{"dir-action":0,"dir-explicit":0.16666666666666666,"dir-speech":0.8333333333333334,"indirect":0,"writing-device":0}},{"id":"매일삶은족발","permalink":"","username":"asdfg","text":"50분도 훌쩍 넘엇는데  음식은 않오고 그냥 배달상황도 종료되고 !!!!! 어쩌라는거죠?","date":"Mon Dec 10 23:59:44 +0000 2018","retweets":"30","favorites":"20","mentions":[],"hashtags":[],"geo":"","raw":"50분도 훌쩍 넘엇는데  음식은 않오고 그냥 배달상황도 종료되고 !!!!! 어쩌라는거죠?","polarity":{"com":0.03660546144444445,"pos":0.3129607208888889,"neg":0.40189557,"neut":0.07598870055555557,"none":0.1725495471111111},"intensity":{"high":0.10739731866666669,"low":0.06566115144444445,"meium":0.6530030938888889,"none":0.173938436},"expressive":{"dir-action":0,"dir-explicit":0.23786992197357,"dir-speech":0.3639987445151112,"indirect":0.2224071831975103,"writing-device":0.17572415031380845}},{"id":"매일삶은족발","permalink":"","username":"asdfg","text":"깔끔하니 맛있습니다.다음에도 재주문할께요~~~","date":"Mon Dec 10 23:59:44 +0000 2018","retweets":"30","favorites":"20","mentions":[],"hashtags":[],"geo":"","raw":"깔끔하니 맛있습니다.다음에도 재주문할께요~~~","polarity":{"com":0.0062333762,"pos":0.1653796654,"neg":0.626975547,"neut":0.1094637494,"none":0.091947662},"intensity":{"high":0.0513942514,"low":0.1396739596,"meium":0.7163835264,"none":0.0925482626},"expressive":{"dir-action":0.00060060059987988,"dir-explicit":0.199605319560079,"dir-speech":0.5780180178843964,"indirect":0.13065637077386874,"writing-device":0.09111969118177607}},{"id":"매일삶은족발","permalink":"","username":"asdfg","text":"무장아찌는 별론데 빼고는 알찬구성 넘맛있어요","date":"Mon Dec 10 23:59:44 +0000 2018","retweets":"30","favorites":"20","mentions":[],"hashtags":[],"geo":"","raw":"무장아찌는 별론데 빼고는 알찬구성 넘맛있어요","polarity":{"com":0,"pos":0.43915343914638444,"neg":0.5026455028342152,"neut":0.031746031677248675,"none":0.026455026342151675},"intensity":{"high":0.12169312166666664,"low":0.07936507933333331,"meium":0.7724867726666667,"none":0.026455026333333333},"expressive":{"dir-action":0,"dir-explicit":0.052910053000000005,"dir-speech":0.5555555556666666,"indirect":0.35978835966666667,"writing-device":0.03174603166666667}},{"id":"매일삶은족발","permalink":"","username":"asdfg","text":"맛있어요~~~!’ 또시캬먹응게여|","date":"Mon Dec 10 23:59:44 +0000 2018","retweets":"30","favorites":"20","mentions":[],"hashtags":[],"geo":"","raw":"맛있어요~~~!’ 또시캬먹응게여|","polarity":{"com":0,"pos":0,"neg":1,"neut":0,"none":0},"intensity":{"high":0,"low":0,"meium":1,"none":0},"expressive":{"dir-action":0,"dir-explicit":0,"dir-speech":1,"indirect":0,"writing-device":0}},{"id":"매일삶은족발","permalink":"","username":"asdfg","text":"배달 늦어서 죄송하다며 서비스도 주시고, 정말 감사합니다^^오늘도 역시나 너무 맛있게 잘 먹었습니다^^","date":"Mon Dec 10 23:59:44 +0000 2018","retweets":"30","favorites":"20","mentions":[],"hashtags":[],"geo":"","raw":"배달 늦어서 죄송하다며 서비스도 주시고, 정말 감사합니다^^오늘도 역시나 너무 맛있게 잘 먹었습니다^^","polarity":{"com":0.021428571431632654,"pos":0.7244897959606414,"neg":0.17959183673994172,"neut":0.01224489785889213,"none":0.06224489800889214},"intensity":{"high":0.18367346942857146,"low":0.21020408157142859,"meium":0.543877551,"none":0.062244898},"expressive":{"dir-action":0,"dir-explicit":0.13877551012303208,"dir-speech":0.532653061209621,"indirect":0.26734693881895044,"writing-device":0.0612244898483965}},{"id":"매일삶은족발","permalink":"","username":"asdfg","text":"맛잇어요!!미스터보쌈은 마늘보쌈이최고!!!!!","date":"Mon Dec 10 23:59:44 +0000 2018","retweets":"30","favorites":"20","mentions":[],"hashtags":[],"geo":"","raw":"맛잇어요!!미스터보쌈은 마늘보쌈이최고!!!!!","polarity":{"com":0.015928719,"pos":0.5958834216666667,"neg":0.333283556,"neut":0.040668010666666664,"none":0.014236292666666666},"intensity":{"high":0.0691405957127604,"low":0.08925060339283374,"meium":0.8259040795506027,"none":0.015704721343803147},"expressive":{"dir-action":0.0014684286671561425,"dir-explicit":0.22842778574280923,"dir-speech":0.6401851715467284,"indirect":0.11421389270473795,"writing-device":0.015704721338568237}},{"id":"매일삶은족발","permalink":"","username":"asdfg","text":"맛있었는데 다 뒤집어져서 왔네용~","date":"Mon Dec 10 23:59:44 +0000 2018","retweets":"30","favorites":"20","mentions":[],"hashtags":[],"geo":"","raw":"맛있었는데 다 뒤집어져서 왔네용~","polarity":{"com":0,"pos":0.5238095236666666,"neg":0.33333333333333326,"neut":0.04761904766666666,"none":0.09523809533333331},"intensity":{"high":0.19047619060317458,"low":0.047619047650793646,"meium":0.6666666664444444,"none":0.09523809530158729},"expressive":{"dir-action":0,"dir-explicit":0.2857142858095238,"dir-speech":0.5714285712857142,"indirect":0.04761904763492063,"writing-device":0.09523809526984126}},{"id":"매일삶은족발","permalink":"","username":"asdfg","text":"총세번 시키면서 경험한점첫번째 주문 일요일이였는데 주문한지 한시간이 넘어도 안오길래 연락해보니 사장님 핸드폰으로 주문건이 오는데 사장님 출근안해서 몰랐다고-주문취소두번째 마늘보쌈을 시켰는데 마늘양념 안가지고 오심세번째 주문 일단 한시간이상걸리고 콜라 추가주문 했는데 안가지고 옴전체적으로 좀 황당함","date":"Mon Dec 10 23:59:44 +0000 2018","retweets":"30","favorites":"20","mentions":[],"hashtags":[],"geo":"","raw":"총세번 시키면서 경험한점첫번째 주문 일요일이였는데 주문한지 한시간이 넘어도 안오길래 연락해보니 사장님 핸드폰으로 주문건이 오는데 사장님 출근안해서 몰랐다고-주문취소두번째 마늘보쌈을 시켰는데 마늘양념 안가지고 오심세번째 주문 일단 한시간이상걸리고 콜라 추가주문 했는데 안가지고 옴전체적으로 좀 황당함","polarity":{"com":0.002750072913282616,"pos":0.4730425293889603,"neg":0.3722672883367189,"neut":0.12074352009745598,"none":0.031196589263582316},"intensity":{"high":0.09746566956945503,"low":0.1512438764848367,"meium":0.7200003630313043,"none":0.03129009091440391},"expressive":{"dir-action":0.0009333316522550724,"dir-explicit":0.4176359781667509,"dir-speech":0.3151691168100147,"indirect":0.22851655588943626,"writing-device":0.03774501748154305}},{"id":"매일삶은족발","permalink":"","username":"asdfg","text":"다음엔 더 맛나게 부탁함돠 돼지냄새가. . . .","date":"Mon Dec 10 23:59:44 +0000 2018","retweets":"30","favorites":"20","mentions":[],"hashtags":[],"geo":"","raw":"다음엔 더 맛나게 부탁함돠 돼지냄새가. . . .","polarity":{"com":0,"pos":0.32936507933234127,"neg":0.626984127156746,"neut":0.023809523755952376,"none":0.019841269754960318},"intensity":{"high":0.257936508,"low":0.0595238095,"meium":0.66269841275,"none":0.01984126975},"expressive":{"dir-action":0,"dir-explicit":0.03968253975,"dir-speech":0.66666666675,"indirect":0.26984126975,"writing-device":0.02380952375}},{"id":"매일삶은족발","permalink":"","username":"asdfg","text":"짱맛있어요!!!또먹어야지!!","date":"Mon Dec 10 23:59:44 +0000 2018","retweets":"30","favorites":"20","mentions":[],"hashtags":[],"geo":"","raw":"짱맛있어요!!!또먹어야지!!","polarity":{"com":0,"pos":0.0714285714642857,"neg":0.7142857141428571,"neut":0,"none":0.21428571439285712},"intensity":{"high":0,"low":0,"meium":0.7857142855,"none":0.2142857145},"expressive":{"dir-action":0,"dir-explicit":0.0714285715,"dir-speech":0.642857143,"indirect":0,"writing-device":0.2857142855}},{"id":"매일삶은족발","permalink":"","username":"asdfg","text":"짱맛있서요배달도괞착고요","date":"Mon Dec 10 23:59:44 +0000 2018","retweets":"30","favorites":"20","mentions":[],"hashtags":[],"geo":"","raw":"짱맛있서요배달도괞착고요","polarity":{"com":0,"pos":1,"neg":0,"neut":0,"none":0},"intensity":{"high":0,"low":0,"meium":1,"none":0},"expressive":{"dir-action":0,"dir-explicit":0,"dir-speech":1,"indirect":0,"writing-device":0}},{"id":"매일삶은족발","permalink":"","username":"asdfg","text":"맛있었어요 배달원이 쾌할하시고 친절해요","date":"Mon Dec 10 23:59:44 +0000 2018","retweets":"30","favorites":"20","mentions":[],"hashtags":[],"geo":"","raw":"맛있었어요 배달원이 쾌할하시고 친절해요","polarity":{"com":0.015421523999999999,"pos":0.3174215435,"neg":0.54887891425,"neut":0.060235553,"none":0.058042465249999994},"intensity":{"high":0.09011358675000002,"low":0.093681101,"meium":0.7536503277500001,"none":0.06255498450000002},"expressive":{"dir-action":0.005587788002793893,"dir-explicit":0.22224873786112434,"dir-speech":0.5174125600087063,"indirect":0.18698643784349323,"writing-device":0.06776447628388223}},{"id":"매일삶은족발","permalink":"","username":"asdfg","text":"아주 맛있네용~ 남자가 먹기에는 생각보다 양이 적은 것 같습니다 ㅠㅠ3인분 시켰는데 남자 둘이서 그럭저럭 배채웠네요.","date":"Mon Dec 10 23:59:44 +0000 2018","retweets":"30","favorites":"20","mentions":[],"hashtags":[],"geo":"","raw":"아주 맛있네용~ 남자가 먹기에는 생각보다 양이 적은 것 같습니다 ㅠㅠ3인분 시켰는데 남자 둘이서 그럭저럭 배채웠네요.","polarity":{"com":0.004882983727272728,"pos":0.34447276800000004,"neg":0.5478533837272728,"neut":0.03325056190909091,"none":0.06954030263636364},"intensity":{"high":0.17668139201606198,"low":0.08726269837156932,"meium":0.6661151264241923,"none":0.06994078318817643},"expressive":{"dir-action":0.0004004805454545455,"dir-explicit":0.22420326854545458,"dir-speech":0.4014819057272727,"indirect":0.30074802936363637,"writing-device":0.07316631581818182}},{"id":"매일삶은족발","permalink":"","username":"asdfg","text":"너무 맛잇네요ㅎㅎ 보쌈도 따듯하고 배달도 빨라서 좋앗어요","date":"Mon Dec 10 23:59:44 +0000 2018","retweets":"30","favorites":"20","mentions":[],"hashtags":[],"geo":"","raw":"너무 맛잇네요ㅎㅎ 보쌈도 따듯하고 배달도 빨라서 좋앗어요","polarity":{"com":0.0348048048,"pos":0.593951094,"neg":0.26983268979999997,"neut":0.0094637494,"none":0.091947662},"intensity":{"high":0.07996568,"low":0.13491205480000001,"meium":0.6925740026,"none":0.0925482626},"expressive":{"dir-action":0.00060060059987988,"dir-explicit":0.21389103375722185,"dir-speech":0.33516087513296783,"indirect":0.35922779932815446,"writing-device":0.09111969118177607}},{"id":"매일삶은족발","permalink":"","username":"asdfg","text":"할말을 잃음..다신 시켜먹고싶지 않음ㅡㅡ","date":"Mon Dec 10 23:59:44 +0000 2018","retweets":"30","favorites":"20","mentions":[],"hashtags":[],"geo":"","raw":"할말을 잃음..다신 시켜먹고싶지 않음ㅡㅡ","polarity":{"com":0.0019157088333333332,"pos":0.36713191000000006,"neg":0.5053214135,"neut":0.030012771333333337,"none":0.09561819633333334},"intensity":{"high":0.15936872828021043,"low":0.14144316728618558,"meium":0.6016541992994486,"none":0.09753390513415537},"expressive":{"dir-action":0.0019157088330140485,"dir-explicit":0.26182874178969523,"dir-speech":0.4530043179244993,"indirect":0.181885908803019,"writing-device":0.10136532264977244}},{"id":"매일삶은족발","permalink":"","username":"asdfg","text":"깔끔하니 맛도조아효~~^^","date":"Mon Dec 10 23:59:44 +0000 2018","retweets":"30","favorites":"20","mentions":[],"hashtags":[],"geo":"","raw":"깔끔하니 맛도조아효~~^^","polarity":{"com":0.012012012,"pos":0.8063063065,"neg":0.153153153,"neut":0.0165165165,"none":0.012012012},"intensity":{"high":0.057057057,"low":0.042042042,"meium":0.8873873875,"none":0.0135135135},"expressive":{"dir-action":0.0015015015000000005,"dir-explicit":0.15615615600000002,"dir-speech":0.5450450450000001,"indirect":0.28378378400000004,"writing-device":0.013513513500000003}},{"id":"매일삶은족발","permalink":"","username":"asdfg","text":"마늘보쌈 3인인데 국수까지 있어서 남았어요 아이들도 잘먹어요 근데 마늘소스 따로 달라했는데...뿌려주셨어요 담엔 꼭 따로주세요~~아이가 안좋아해서요","date":"Mon Dec 10 23:59:44 +0000 2018","retweets":"30","favorites":"20","mentions":[],"hashtags":[],"geo":"","raw":"마늘보쌈 3인인데 국수까지 있어서 남았어요 아이들도 잘먹어요 근데 마늘소스 따로 달라했는데...뿌려주셨어요 담엔 꼭 따로주세요~~아이가 안좋아해서요","polarity":{"com":0.0010449320910990783,"pos":0.3749717279772676,"neg":0.31673627233031565,"neut":0.2146029257662914,"none":0.09264414183502619},"intensity":{"high":0.07686838154545457,"low":0.17201176563636367,"meium":0.6532985475454546,"none":0.0978213052727273},"expressive":{"dir-action":0.0010449320910990785,"dir-explicit":0.2118365134021521,"dir-speech":0.5335099200970018,"indirect":0.14657264539028592,"writing-device":0.1070359890194611}},{"id":"매일삶은족발","permalink":"","username":"asdfg","text":"역시 믿고 먹는 집입니다.오늘은 막국수의 양이 너무 많아서 양념소스가 부족했어요ㅠㅠ물김치도 살짝 덜 익었구요.하지만 맛은 있습니다!!","date":"Mon Dec 10 23:59:44 +0000 2018","retweets":"30","favorites":"20","mentions":[],"hashtags":[],"geo":"","raw":"역시 믿고 먹는 집입니다.오늘은 막국수의 양이 너무 많아서 양념소스가 부족했어요ㅠㅠ물김치도 살짝 덜 익었구요.하지만 맛은 있습니다!!","polarity":{"com":0.00895283190909091,"pos":0.46226677445454545,"neg":0.3509029016363636,"neut":0.05799608400000001,"none":0.11988140800000001},"intensity":{"high":0.07654983600695908,"low":0.11533804410139437,"meium":0.6872235200624749,"none":0.1208885998291717},"expressive":{"dir-action":0.0005865102727272729,"dir-explicit":0.19359106963636363,"dir-speech":0.5560224797272728,"indirect":0.130567883,"writing-device":0.11923205736363639}},{"id":"매일삶은족발","permalink":"","username":"asdfg","text":"맛있어요 혼자 먹으면 땅땅 배불러서 맛있는 정도 >< 또 시켜목고시품","date":"Mon Dec 10 23:59:44 +0000 2018","retweets":"30","favorites":"20","mentions":[],"hashtags":[],"geo":"","raw":"맛있어요 혼자 먹으면 땅땅 배불러서 맛있는 정도 >< 또 시켜목고시품","polarity":{"com":0,"pos":0.2585034012487852,"neg":0.6231292517681244,"neut":0.009523809570068027,"none":0.10884353741302236},"intensity":{"high":0.15873015871428572,"low":0.06031746028571429,"meium":0.6721088435714285,"none":0.10884353742857143},"expressive":{"dir-action":0.14285714285714285,"dir-explicit":0.09024943314285713,"dir-speech":0.5804988662857142,"indirect":0.05714285714285714,"writing-device":0.12925170057142857}},{"id":"매일삶은족발","permalink":"","username":"asdfg","text":"막국수가 떨어져서 못먹어 아쉽지만 맛잇고 좋았습니번창하세요","date":"Mon Dec 10 23:59:44 +0000 2018","retweets":"30","favorites":"20","mentions":[],"hashtags":[],"geo":"","raw":"막국수가 떨어져서 못먹어 아쉽지만 맛잇고 좋았습니번창하세요","polarity":{"com":0.004464285750000001,"pos":0.44642857150000004,"neg":0.5223214285000001,"neut":0.020089285750000005,"none":0.0066964285000000005},"intensity":{"high":0.1339285715,"low":0.02678571425,"meium":0.83035714275,"none":0.0089285715},"expressive":{"dir-action":0,"dir-explicit":0.15625,"dir-speech":0.390625,"indirect":0.4464285715,"writing-device":0.0066964285}},{"id":"매일삶은족발","permalink":"","username":"asdfg","text":"잘먹었습니다~~~~^^","date":"Mon Dec 10 23:59:44 +0000 2018","retweets":"30","favorites":"20","mentions":[],"hashtags":[],"geo":"","raw":"잘먹었습니다~~~~^^","polarity":{"com":0,"pos":0.7142857147142857,"neg":0.21428571421428572,"neut":0.07142857107142857,"none":0},"intensity":{"high":0,"low":0.214285714,"meium":0.785714286,"none":0},"expressive":{"dir-action":0,"dir-explicit":0.214285714,"dir-speech":0.142857143,"indirect":0.642857143,"writing-device":0}},{"id":"매일삶은족발","permalink":"","username":"asdfg","text":"적당히 먹을만한데 가격에 비해 비쌈","date":"Mon Dec 10 23:59:44 +0000 2018","retweets":"30","favorites":"20","mentions":[],"hashtags":[],"geo":"","raw":"적당히 먹을만한데 가격에 비해 비쌈","polarity":{"com":0,"pos":0.4444444443333333,"neg":0.4444444446666666,"neut":0.11111111099999998,"none":0},"intensity":{"high":0.037037037,"low":0.185185185,"meium":0.7777777779999999,"none":0},"expressive":{"dir-action":0,"dir-explicit":0.2962962963333333,"dir-speech":0.37037037033333337,"indirect":0.3333333333333333,"writing-device":0}},{"id":"매일삶은족발","permalink":"","username":"asdfg","text":"음식맛있내요배달도빨른고요","date":"Mon Dec 10 23:59:44 +0000 2018","retweets":"30","favorites":"20","mentions":[],"hashtags":[],"geo":"","raw":"음식맛있내요배달도빨른고요","polarity":{"com":0.002380952333333333,"pos":0.16666666666666666,"neg":0.680952381,"neut":0.004761904666666666,"none":0.14523809533333334},"intensity":{"high":0.1904761906031746,"low":0.13333333328888888,"meium":0.5309523808230159,"none":0.14523809528492065},"expressive":{"dir-action":0,"dir-explicit":0.15714285728095237,"dir-speech":0.48095238083968256,"indirect":0.2190476189269841,"writing-device":0.14285714295238094}}]