[{"id":"도담족발CESCO","permalink":"","username":"asdfg","text":"족발 맛있게 잘먹었어요 ㅋ 육질이 부드러워서 먹기좋았네요 ㅋ","date":"Mon Dec 10 23:59:44 +0000 2018","retweets":"30","favorites":"20","mentions":[],"hashtags":[],"geo":"","raw":"족발 맛있게 잘먹었어요 ㅋ 육질이 부드러워서 먹기좋았네요 ㅋ","polarity":{"com":0.0061674008012334814,"pos":0.47986742189597353,"neg":0.4722962030944593,"neut":0.03190685960638138,"none":0.009762114601952426},"intensity":{"high":0.08336759661667352,"low":0.12173330522434667,"meium":0.7842559263568512,"none":0.010643171802128636},"expressive":{"dir-action":0.0008810572001762114,"dir-explicit":0.29012097045802415,"dir-speech":0.4963736802992748,"indirect":0.2019811202403962,"writing-device":0.010643171802128636}},{"id":"도담족발CESCO","permalink":"","username":"asdfg","text":"배달은 빨리 와주셨어요근데 갈수록 성의가 너무 없어지네요 고기도 너무 두껍고 엄청 질기네요 살코기 부분은","date":"Mon Dec 10 23:59:44 +0000 2018","retweets":"30","favorites":"20","mentions":[],"hashtags":[],"geo":"","raw":"배달은 빨리 와주셨어요근데 갈수록 성의가 너무 없어지네요 고기도 너무 두껍고 엄청 질기네요 살코기 부분은","polarity":{"com":0.02573310885714285,"pos":0.393922132,"neg":0.32440063399999997,"neut":0.23270011885714284,"none":0.023244006285714283},"intensity":{"high":0.07526748570353321,"low":0.12101248269699821,"meium":0.7778135524603124,"none":0.025906479139156217},"expressive":{"dir-action":0,"dir-explicit":0.2676590052857143,"dir-speech":0.5445437884285714,"indirect":0.16039231228571427,"writing-device":0.027404893999999996}},{"id":"도담족발CESCO","permalink":"","username":"asdfg","text":"맛있게잘먹었습니다^^","date":"Mon Dec 10 23:59:44 +0000 2018","retweets":"30","favorites":"20","mentions":[],"hashtags":[],"geo":"","raw":"맛있게잘먹었습니다^^","polarity":{"com":0,"pos":0.35714285717857136,"neg":0.6071428573035714,"neut":0.03571428551785714,"none":0},"intensity":{"high":0,"low":0.107142857,"meium":0.8928571430000001,"none":0},"expressive":{"dir-action":0,"dir-explicit":0.107142857,"dir-speech":0.5714285715,"indirect":0.3214285715,"writing-device":0}},{"id":"도담족발CESCO","permalink":"","username":"asdfg","text":"김치 너무 맛있어서 별 다섯개","date":"Mon Dec 10 23:59:44 +0000 2018","retweets":"30","favorites":"20","mentions":[],"hashtags":[],"geo":"","raw":"김치 너무 맛있어서 별 다섯개","polarity":{"com":0.0714285715,"pos":0.5714285715,"neg":0.357142857,"neut":0,"none":0},"intensity":{"high":0.07142857150000001,"low":0.07142857150000001,"meium":0.857142857,"none":0},"expressive":{"dir-action":0,"dir-explicit":0.2857142855,"dir-speech":0.142857143,"indirect":0.5714285715,"writing-device":0}},{"id":"도담족발CESCO","permalink":"","username":"asdfg","text":"왜 예전만큼 고기가 야들야들하지 않을까요","date":"Mon Dec 10 23:59:44 +0000 2018","retweets":"30","favorites":"20","mentions":[],"hashtags":[],"geo":"","raw":"왜 예전만큼 고기가 야들야들하지 않을까요","polarity":{"com":0.007337849,"pos":0.30813834149999997,"neg":0.46664614125000003,"neut":0.037330665,"none":0.18054700325},"intensity":{"high":0.3189142036702714,"low":0.05839490973540127,"meium":0.43703817714074045,"none":0.18565270945358683},"expressive":{"dir-action":0.0028735632507183905,"dir-explicit":0.13397988503349495,"dir-speech":0.5565732758891433,"indirect":0.11740558302935138,"writing-device":0.1891676927972919}},{"id":"도담족발CESCO","permalink":"","username":"asdfg","text":"맛있게 먹었어요~^^","date":"Mon Dec 10 23:59:44 +0000 2018","retweets":"30","favorites":"20","mentions":[],"hashtags":[],"geo":"","raw":"맛있게 먹었어요~^^","polarity":{"com":0,"pos":0.1666666665,"neg":0.8333333334999999,"neut":0,"none":0},"intensity":{"high":0.0555555555,"low":0.111111111,"meium":0.8333333334999999,"none":0},"expressive":{"dir-action":0,"dir-explicit":0.111111111,"dir-speech":0.888888889,"indirect":0,"writing-device":0}},{"id":"도담족발CESCO","permalink":"","username":"asdfg","text":"맛족발소시켰어요 족발은 나름 괜찮은데 같이온 사이드메뉴 못먹고 다버렸네요 빈대떡은 그냥 밀가루부침 맛없고 쟁반국수에서는 이상한 세제맛나요..진짜 세제로 빤맛나고요동치미국물에서도 이상한 쉰내나서 못먹고 다버렸네요 같이오는사이드메뉴가 최악인집","date":"Mon Dec 10 23:59:44 +0000 2018","retweets":"30","favorites":"20","mentions":[],"hashtags":[],"geo":"","raw":"맛족발소시켰어요 족발은 나름 괜찮은데 같이온 사이드메뉴 못먹고 다버렸네요 빈대떡은 그냥 밀가루부침 맛없고 쟁반국수에서는 이상한 세제맛나요..진짜 세제로 빤맛나고요동치미국물에서도 이상한 쉰내나서 못먹고 다버렸네요 같이오는사이드메뉴가 최악인집","polarity":{"com":0.007320784611517821,"pos":0.5312756394739597,"neg":0.3640428362980024,"neut":0.019398935001077717,"none":0.07796180461544233},"intensity":{"high":0.17801408388888892,"low":0.11581287877777781,"meium":0.6277152009444444,"none":0.0784578363888889},"expressive":{"dir-action":0.003086419777263375,"dir-explicit":0.2514527626247579,"dir-speech":0.4857819948079253,"indirect":0.18014268474775405,"writing-device":0.07953613804229955}},{"id":"도담족발CESCO","permalink":"","username":"asdfg","text":"마시쪙@","date":"Mon Dec 10 23:59:44 +0000 2018","retweets":"30","favorites":"20","mentions":[],"hashtags":[],"geo":"","raw":"마시쪙@@@@@@@@@","polarity":{"com":0,"pos":0,"neg":0,"neut":1,"none":0},"intensity":{"high":0,"low":0,"meium":0,"none":1},"expressive":{"dir-action":0,"dir-explicit":1,"dir-speech":0,"indirect":0,"writing-device":0}},{"id":"도담족발CESCO","permalink":"","username":"asdfg","text":"가격만 합리적이면 밀어드리겠음","date":"Mon Dec 10 23:59:44 +0000 2018","retweets":"30","favorites":"20","mentions":[],"hashtags":[],"geo":"","raw":"가격만 합리적이면 밀어드리겠음","polarity":{"com":0.00571895425,"pos":0.554738562,"neg":0.36111111125,"neut":0.022875817,"none":0.0555555555},"intensity":{"high":0.07352941175,"low":0.06209150325,"meium":0.8088235295,"none":0.0555555555},"expressive":{"dir-action":0,"dir-explicit":0.1879084967969771,"dir-speech":0.25898692806474677,"indirect":0.4926470588731618,"writing-device":0.060457516265114385}},{"id":"도담족발CESCO","permalink":"","username":"asdfg","text":"맛있어요. 이제 가격만 살짝 내립시다.다른곳 평균보다 이천원 비싼데 솔직히 맛은 이천원어치 더 맛있음. 그니까 이천원 내리면 서초 보쌈 평정각.","date":"Mon Dec 10 23:59:44 +0000 2018","retweets":"30","favorites":"20","mentions":[],"hashtags":[],"geo":"","raw":"맛있어요. 이제 가격만 살짝 내립시다.다른곳 평균보다 이천원 비싼데 솔직히 맛은 이천원어치 더 맛있음. 그니까 이천원 내리면 서초 보쌈 평정각.","polarity":{"com":0.043279569923879935,"pos":0.4492723654915455,"neg":0.3494389901415732,"neut":0.11573135060262194,"none":0.04227772384037963},"intensity":{"high":0.10413295216666667,"low":0.048975078166666665,"meium":0.8044350343333333,"none":0.042456935333333334},"expressive":{"dir-action":0.0005376344167114695,"dir-explicit":0.34913960527909504,"dir-speech":0.37683736703140314,"indirect":0.23334442160277868,"writing-device":0.04014097167001175}}]