[{"id":"마왕족발CESCO","permalink":"","username":"asdfg","text":"굿굿굿굿~","date":"Mon Dec 10 23:59:44 +0000 2018","retweets":"30","favorites":"20","mentions":[],"hashtags":[],"geo":"","raw":"굿굿굿굿~~~~~~~~~~","polarity":{"com":0,"pos":1,"neg":0,"neut":0,"none":0},"intensity":{"high":0,"low":0,"meium":1,"none":0},"expressive":{"dir-action":0,"dir-explicit":0,"dir-speech":0,"indirect":1,"writing-device":0}},{"id":"마왕족발CESCO","permalink":"","username":"asdfg","text":"맛있어요 잡내안나욜 부들부들 쫄깃쫄깃","date":"Mon Dec 10 23:59:44 +0000 2018","retweets":"30","favorites":"20","mentions":[],"hashtags":[],"geo":"","raw":"맛있어요 잡내안나욜 부들부들 쫄깃쫄깃","polarity":{"com":0.025,"pos":0.2,"neg":0.775,"neut":0,"none":0},"intensity":{"high":0.025,"low":0.025,"meium":0.95,"none":0},"expressive":{"dir-action":0,"dir-explicit":0.05,"dir-speech":0.925,"indirect":0.025,"writing-device":0}},{"id":"마왕족발CESCO","permalink":"","username":"asdfg","text":"냄새가 너무나서 못머겠어요ㅜㅜ","date":"Mon Dec 10 23:59:44 +0000 2018","retweets":"30","favorites":"20","mentions":[],"hashtags":[],"geo":"","raw":"냄새가 너무나서 못머겠어요ㅜㅜ","polarity":{"com":0,"pos":0.125,"neg":0.7916666666666666,"neut":0.08333333333333333,"none":0},"intensity":{"high":0.7916666666666666,"low":0,"meium":0.20833333333333334,"none":0},"expressive":{"dir-action":0,"dir-explicit":0.3333333333333333,"dir-speech":0.08333333333333333,"indirect":0.5833333333333334,"writing-device":0}},{"id":"마왕족발CESCO","permalink":"","username":"asdfg","text":"정말 뜯는거 좋아하시면 이거드면 돼요 대신 고기가 적어요","date":"Mon Dec 10 23:59:44 +0000 2018","retweets":"30","favorites":"20","mentions":[],"hashtags":[],"geo":"","raw":"정말 뜯는거 좋아하시면 이거드면 돼요 대신 고기가 적어요","polarity":{"com":0.013246598495584468,"pos":0.3262373082245876,"neg":0.374737945541754,"neut":0.1976404817674532,"none":0.08813766597062078},"intensity":{"high":0.18249270350000002,"low":0.029339828166666665,"meium":0.7000298023333333,"none":0.088137666},"expressive":{"dir-action":0,"dir-explicit":0.302595881116234,"dir-speech":0.38203950343632676,"indirect":0.1343363341442773,"writing-device":0.18102828130316195}},{"id":"마왕족발CESCO","permalink":"","username":"asdfg","text":"맛있어요~~ 전에 당면 없었던거 같은데 당면이 들어있네요. 너무 좋아용","date":"Mon Dec 10 23:59:44 +0000 2018","retweets":"30","favorites":"20","mentions":[],"hashtags":[],"geo":"","raw":"맛있어요~~ 전에 당면 없었던거 같은데 당면이 들어있네요. 너무 좋아용","polarity":{"com":0.020408163285714286,"pos":0.020408163285714286,"neg":0.8163265305714286,"neut":0.14285714285714285,"none":0},"intensity":{"high":0.306122449,"low":0.16326530614285714,"meium":0.5306122448571429,"none":0},"expressive":{"dir-action":0,"dir-explicit":0.081632653,"dir-speech":0.4693877551428572,"indirect":0.306122449,"writing-device":0.14285714285714285}},{"id":"마왕족발CESCO","permalink":"","username":"asdfg","text":"\"대\"자라서 양이 엄청납니다~~역시 소스가 아주 맛나네용 많이 파시길~~^^","date":"Mon Dec 10 23:59:44 +0000 2018","retweets":"30","favorites":"20","mentions":[],"hashtags":[],"geo":"","raw":"\"대\"자라서 양이 엄청납니다~~역시 소스가 아주 맛나네용 많이 파시길~~^^","polarity":{"com":0.0035714286007142854,"pos":0.29047619045809525,"neg":0.5289682541057937,"neut":0.10496031742099207,"none":0.07202380941440477},"intensity":{"high":0.03214285720642857,"low":0.22420634924484126,"meium":0.6698412697339683,"none":0.0738095238147619},"expressive":{"dir-action":0,"dir-explicit":0.3361111110672222,"dir-speech":0.3902777778780555,"indirect":0.20158730164031743,"writing-device":0.07202380941440475}},{"id":"마왕족발CESCO","permalink":"","username":"asdfg","text":"소스가 적당 매칼해요. 근데 양이... 아쉽네요. ","date":"Mon Dec 10 23:59:44 +0000 2018","retweets":"30","favorites":"20","mentions":[],"hashtags":[],"geo":"","raw":"소스가 적당 매칼해요. 근데 양이... 아쉽네요. ","polarity":{"com":0.012403994,"pos":0.3089477726666667,"neg":0.605657962,"neut":0.05474270366666667,"none":0.01824756766666667},"intensity":{"high":0.10016641066666668,"low":0.07442396300000001,"meium":0.803469022,"none":0.021940604333333336},"expressive":{"dir-action":0.002150537666666667,"dir-explicit":0.22965949833333335,"dir-speech":0.202374552,"indirect":0.5475678443333334,"writing-device":0.01824756766666667}},{"id":"마왕족발CESCO","permalink":"","username":"asdfg","text":"맛있어요. 열무국수도 달지않아 깔끔해요! 양은 좀 작은듯하지만...","date":"Mon Dec 10 23:59:44 +0000 2018","retweets":"30","favorites":"20","mentions":[],"hashtags":[],"geo":"","raw":"맛있어요. 열무국수도 달지않아 깔끔해요! 양은 좀 작은듯하지만...","polarity":{"com":0.00779172025,"pos":0.45672458174999997,"neg":0.40871943375,"neut":0.01182968675,"none":0.1149345775},"intensity":{"high":0.06424281425,"low":0.049592449499999997,"meium":0.770479408,"none":0.11568532825},"expressive":{"dir-action":0.0007507507498123125,"dir-explicit":0.22450664944387339,"dir-speech":0.49752252237561945,"indirect":0.1633204634591699,"writing-device":0.11389961397152512}},{"id":"마왕족발CESCO","permalink":"","username":"asdfg","text":"순한맛보다 보통맛이 훨씬 맛납니다~~^^","date":"Mon Dec 10 23:59:44 +0000 2018","retweets":"30","favorites":"20","mentions":[],"hashtags":[],"geo":"","raw":"순한맛보다 보통맛이 훨씬 맛납니다~~^^","polarity":{"com":0.00483870975,"pos":0.79569892475,"neg":0.17150537625,"neut":0.020967742,"none":0.00698924725},"intensity":{"high":0.1738351255,"low":0.05681003575,"meium":0.7618279570000001,"none":0.00752688175},"expressive":{"dir-action":0.00161290325,"dir-explicit":0.27293906825,"dir-speech":0.5736559139999999,"indirect":0.14480286725,"writing-device":0.00698924725}},{"id":"마왕족발CESCO","permalink":"","username":"asdfg","text":"마왕족발 좋아해서 자주 시키는데 이번엔 살코기는 괜찮은데 비계 부분이 너무 누린내가 많이 나서 절반은 못 먹었네요.. 좀 실망했습니다","date":"Mon Dec 10 23:59:44 +0000 2018","retweets":"30","favorites":"20","mentions":[],"hashtags":[],"geo":"","raw":"마왕족발 좋아해서 자주 시키는데 이번엔 살코기는 괜찮은데 비계 부분이 너무 누린내가 많이 나서 절반은 못 먹었네요.. 좀 실망했습니다","polarity":{"com":0.0017595308185017326,"pos":0.6841863333971248,"neg":0.2721419262312985,"neut":0.02494065073180739,"none":0.016971558821267555},"intensity":{"high":0.05257063727272727,"low":0.23566540981818182,"meium":0.6945968906363637,"none":0.01716706227272727},"expressive":{"dir-action":0.0005865102727272728,"dir-explicit":0.3892217102727273,"dir-speech":0.407086999090909,"indirect":0.18324721863636365,"writing-device":0.019857561727272724}}]