[{"id":"장충달인족발보쌈","permalink":"","username":"asdfg","text":"맛있게잘먹었어요 뼈다구가 너므 만아요","date":"Mon Dec 10 23:59:44 +0000 2018","retweets":"30","favorites":"20","mentions":[],"hashtags":[],"geo":"","raw":"맛있게잘먹었어요 뼈다구가 너므 만아요","polarity":{"com":0.004464285752232142,"pos":0.32612179491306087,"neg":0.5029761905014881,"neut":0.05076694127538346,"none":0.11567078755783539},"intensity":{"high":0.06581959725,"low":0.0931776555,"meium":0.7230998167500001,"none":0.1179029305},"expressive":{"dir-action":0,"dir-explicit":0.20501373625,"dir-speech":0.42794184975000005,"indirect":0.257783883,"writing-device":0.10926053100000001}},{"id":"장충달인족발보쌈","permalink":"","username":"asdfg","text":"족발이 너무 편육같고 차갑고 딱딱하고 별로였어요 .. 보쌈은 맛있게 먹었어요 ~","date":"Mon Dec 10 23:59:44 +0000 2018","retweets":"30","favorites":"20","mentions":[],"hashtags":[],"geo":"","raw":"족발이 너무 편육같고 차갑고 딱딱하고 별로였어요 .. 보쌈은 맛있게 먹었어요 ~","polarity":{"com":0.007981124249999999,"pos":0.49069928775000005,"neg":0.39292576475,"neut":0.037661468625,"none":0.070732354625},"intensity":{"high":0.06870115189217528,"low":0.19044985904761247,"meium":0.6697412590424353,"none":0.07110773001777693},"expressive":{"dir-action":0.000375375375,"dir-explicit":0.188716989375,"dir-speech":0.346582678,"indirect":0.384813866,"writing-device":0.07951109125}},{"id":"장충달인족발보쌈","permalink":"","username":"asdfg","text":"양도 많고 맛있네요^^","date":"Mon Dec 10 23:59:44 +0000 2018","retweets":"30","favorites":"20","mentions":[],"hashtags":[],"geo":"","raw":"양도 많고 맛있네요^^","polarity":{"com":0,"pos":0.195652174,"neg":0.7826086955,"neut":0.0217391305,"none":0},"intensity":{"high":0.1304347825652174,"low":0.10869565205434782,"meium":0.7608695653804347,"none":0},"expressive":{"dir-action":0,"dir-explicit":0.2608695651304348,"dir-speech":0.6086956523043479,"indirect":0.1304347825652174,"writing-device":0}},{"id":"장충달인족발보쌈","permalink":"","username":"asdfg","text":"솔직히 죄송하지만그냥 그랬어요가격대비 별로였습니다","date":"Mon Dec 10 23:59:44 +0000 2018","retweets":"30","favorites":"20","mentions":[],"hashtags":[],"geo":"","raw":"솔직히 죄송하지만그냥 그랬어요가격대비 별로였습니다","polarity":{"com":0.0093799682,"pos":0.5996467056,"neg":0.31681681679999996,"neut":0.0249072602,"none":0.0492492492},"intensity":{"high":0.0483130188096626,"low":0.03315668600663134,"meium":0.8686804453737361,"none":0.049849849809969975},"expressive":{"dir-action":0.0006006006000000001,"dir-explicit":0.1461225932,"dir-speech":0.25854089379999995,"indirect":0.540964494,"writing-device":0.05377141840000001}},{"id":"장충달인족발보쌈","permalink":"","username":"asdfg","text":"맛있었어용ㅇㅇㅇㅇㅇㅇ","date":"Mon Dec 10 23:59:44 +0000 2018","retweets":"30","favorites":"20","mentions":[],"hashtags":[],"geo":"","raw":"맛있었어용ㅇㅇㅇㅇㅇㅇ","polarity":{"com":0,"pos":0,"neg":1,"neut":0,"none":0},"intensity":{"high":0,"low":0,"meium":1,"none":0},"expressive":{"dir-action":0,"dir-explicit":0,"dir-speech":1,"indirect":0,"writing-device":0}},{"id":"장충달인족발보쌈","permalink":"","username":"asdfg","text":"Zjdjxjskskwlwpzl","date":"Mon Dec 10 23:59:44 +0000 2018","retweets":"30","favorites":"20","mentions":[],"hashtags":[],"geo":"","raw":"Zjdjxjskskwlwpzl","polarity":{"com":null,"pos":null,"neg":null,"neut":null,"none":null},"intensity":{"high":null,"low":null,"meium":null,"none":null},"expressive":{"dir-action":null,"dir-explicit":null,"dir-speech":null,"indirect":null,"writing-device":null}},{"id":"장충달인족발보쌈","permalink":"","username":"asdfg","text":"고기도 부드럽고 넘 좋아요 ㅠ","date":"Mon Dec 10 23:59:44 +0000 2018","retweets":"30","favorites":"20","mentions":[],"hashtags":[],"geo":"","raw":"고기도 부드럽고 넘 좋아요 ㅠ","polarity":{"com":0,"pos":0.64,"neg":0.013333333333333334,"neut":0.3333333333333333,"none":0.013333333333333334},"intensity":{"high":0.06666666666666667,"low":0.013333333333333334,"meium":0.9066666666666666,"none":0.013333333333333334},"expressive":{"dir-action":0,"dir-explicit":0.5333333333333333,"dir-speech":0.39999999999999997,"indirect":0.05333333333333334,"writing-device":0.013333333333333334}},{"id":"장충달인족발보쌈","permalink":"","username":"asdfg","text":"쟁반 막국수가 히든 고기랑 싸드시면 죽여요 짱","date":"Mon Dec 10 23:59:44 +0000 2018","retweets":"30","favorites":"20","mentions":[],"hashtags":[],"geo":"","raw":"쟁반 막국수가 히든 고기랑 싸드시면 죽여요 짱","polarity":{"com":0.0089285715,"pos":0.205357143,"neg":0.232142857,"neut":0.5401785715,"none":0.013392857},"intensity":{"high":0.080357143,"low":0.0535714285,"meium":0.8482142855,"none":0.017857143},"expressive":{"dir-action":0,"dir-explicit":0.1875,"dir-speech":0.65625,"indirect":0.142857143,"writing-device":0.013392857}},{"id":"장충달인족발보쌈","permalink":"","username":"asdfg","text":"맛나요 배달도빠르시고","date":"Mon Dec 10 23:59:44 +0000 2018","retweets":"30","favorites":"20","mentions":[],"hashtags":[],"geo":"","raw":"맛나요 배달도빠르시고","polarity":{"com":0,"pos":1,"neg":0,"neut":0,"none":0},"intensity":{"high":0,"low":0.111111111,"meium":0.888888889,"none":0},"expressive":{"dir-action":0,"dir-explicit":0,"dir-speech":0.6666666666666666,"indirect":0.3333333333333333,"writing-device":0}},{"id":"장충달인족발보쌈","permalink":"","username":"asdfg","text":"아 진짜 넘 맛있어요ㅠㅠ양도 많고 서비스도 최고에오ㅠㅠ","date":"Mon Dec 10 23:59:44 +0000 2018","retweets":"30","favorites":"20","mentions":[],"hashtags":[],"geo":"","raw":"아 진짜 넘 맛있어요ㅠㅠ양도 많고 서비스도 최고에오ㅠㅠ","polarity":{"com":0,"pos":0.5700483092499999,"neg":0.4190821255,"neut":0.01086956525,"none":0},"intensity":{"high":0.2596618358149155,"low":0.30434782607608696,"meium":0.4359903381089976,"none":0},"expressive":{"dir-action":0,"dir-explicit":0.1304347825326087,"dir-speech":0.30434782607608696,"indirect":0.5652173913913044,"writing-device":0}},{"id":"장충달인족발보쌈","permalink":"","username":"asdfg","text":"비계좋아하시는분들은좋아하실듯히네요","date":"Mon Dec 10 23:59:44 +0000 2018","retweets":"30","favorites":"20","mentions":[],"hashtags":[],"geo":"","raw":"비계좋아하시는분들은좋아하실듯히네요","polarity":{"com":0,"pos":0.5,"neg":0.111111111,"neut":0.3333333333333333,"none":0.055555555666666666},"intensity":{"high":0,"low":0.3888888888703704,"meium":0.5555555554814815,"none":0.05555555564814815},"expressive":{"dir-action":0,"dir-explicit":0.38888888899999996,"dir-speech":0.44444444433333335,"indirect":0.111111111,"writing-device":0.055555555666666666}},{"id":"장충달인족발보쌈","permalink":"","username":"asdfg","text":"맛있네요 냄새도안나고~~","date":"Mon Dec 10 23:59:44 +0000 2018","retweets":"30","favorites":"20","mentions":[],"hashtags":[],"geo":"","raw":"맛있네요 냄새도안나고~~","polarity":{"com":0,"pos":0.08333333333333333,"neg":0.8541666666666666,"neut":0.041666666666666664,"none":0.020833333333333332},"intensity":{"high":0.4375,"low":0,"meium":0.5416666666666666,"none":0.020833333333333332},"expressive":{"dir-action":0,"dir-explicit":0.22916666666666666,"dir-speech":0.3958333333333333,"indirect":0.3333333333333333,"writing-device":0.041666666666666664}},{"id":"장충달인족발보쌈","permalink":"","username":"asdfg","text":"맛나게 먹겠습니다아아!배달도 빠르고 좋았어요!","date":"Mon Dec 10 23:59:44 +0000 2018","retweets":"30","favorites":"20","mentions":[],"hashtags":[],"geo":"","raw":"맛나게 먹겠습니다아아!배달도 빠르고 좋았어요!","polarity":{"com":0,"pos":0.81333333325,"neg":0.17666666675,"neut":0,"none":0.01},"intensity":{"high":0.07777777775000001,"low":0.14888888875000003,"meium":0.7633333335,"none":0.010000000000000002},"expressive":{"dir-action":0,"dir-explicit":0.2055555555,"dir-speech":0.49444444449999997,"indirect":0.29,"writing-device":0.01}},{"id":"장충달인족발보쌈","permalink":"","username":"asdfg","text":"전체적으로 다 맛있어요","date":"Mon Dec 10 23:59:44 +0000 2018","retweets":"30","favorites":"20","mentions":[],"hashtags":[],"geo":"","raw":"전체적으로 다 맛있어요","polarity":{"com":0,"pos":0.714285714,"neg":0,"neut":0,"none":0.285714286},"intensity":{"high":0.28571428571428575,"low":0,"meium":0.42857142857142866,"none":0.28571428571428575},"expressive":{"dir-action":0,"dir-explicit":0.42857142857142866,"dir-speech":0.28571428571428575,"indirect":0,"writing-device":0.28571428571428575}},{"id":"장충달인족발보쌈","permalink":"","username":"asdfg","text":"쟁반국수 냄새 이상함 ㅜ김치도 실망 ㅜㅜ","date":"Mon Dec 10 23:59:44 +0000 2018","retweets":"30","favorites":"20","mentions":[],"hashtags":[],"geo":"","raw":"쟁반국수 냄새 이상함 ㅜ김치도 실망 ㅜㅜ","polarity":{"com":0.002380952333333333,"pos":0.4047619046666666,"neg":0.44285714299999995,"neut":0.004761904666666666,"none":0.14523809533333332},"intensity":{"high":0.38095238099999995,"low":0.038095238,"meium":0.43571428566666665,"none":0.14523809533333332},"expressive":{"dir-action":0,"dir-explicit":0.3952380952015873,"dir-speech":0.09999999996666666,"indirect":0.36190476187936504,"writing-device":0.14285714295238094}},{"id":"장충달인족발보쌈","permalink":"","username":"asdfg","text":"그냥그랫음.","date":"Mon Dec 10 23:59:44 +0000 2018","retweets":"30","favorites":"20","mentions":[],"hashtags":[],"geo":"","raw":"그냥그랫음.........","polarity":{"com":0,"pos":0,"neg":1,"neut":0,"none":0},"intensity":{"high":0,"low":0,"meium":1,"none":0},"expressive":{"dir-action":0,"dir-explicit":0,"dir-speech":1,"indirect":0,"writing-device":0}},{"id":"장충달인족발보쌈","permalink":"","username":"asdfg","text":"고기반 뼈반이네요.. 맛도그냥그렇고.. 계란찜도 생각보다 작네요 다시 안시켜먹응듯","date":"Mon Dec 10 23:59:44 +0000 2018","retweets":"30","favorites":"20","mentions":[],"hashtags":[],"geo":"","raw":"고기반 뼈반이네요.. 맛도그냥그렇고.. 계란찜도 생각보다 작네요 다시 안시켜먹응듯","polarity":{"com":0.000892857125,"pos":0.46626984112500003,"neg":0.333730158875,"neut":0.12678571425,"none":0.072321428625},"intensity":{"high":0.05654761911793155,"low":0.14623015873172124,"meium":0.7249007935343874,"none":0.07232142861595982},"expressive":{"dir-action":0.006944444499131944,"dir-explicit":0.08968253973878969,"dir-speech":0.6545634919181795,"indirect":0.1773809523528274,"writing-device":0.07142857149107143}},{"id":"장충달인족발보쌈","permalink":"","username":"asdfg","text":"맛있어요..다음에 또...","date":"Mon Dec 10 23:59:44 +0000 2018","retweets":"30","favorites":"20","mentions":[],"hashtags":[],"geo":"","raw":"맛있어요..다음에 또...","polarity":{"com":0,"pos":0.047619047650793646,"neg":0.8095238093968253,"neut":0,"none":0.14285714295238094},"intensity":{"high":0,"low":0,"meium":0.857142857,"none":0.142857143},"expressive":{"dir-action":0,"dir-explicit":0.047619047666666664,"dir-speech":0.761904762,"indirect":0,"writing-device":0.19047619033333332}},{"id":"장충달인족발보쌈","permalink":"","username":"asdfg","text":"맛있게 잘먹었어요! 감사합니다","date":"Mon Dec 10 23:59:44 +0000 2018","retweets":"30","favorites":"20","mentions":[],"hashtags":[],"geo":"","raw":"맛있게 잘먹었어요! 감사합니다","polarity":{"com":0,"pos":0.5714285715238094,"neg":0.40476190480158736,"neut":0.023809523674603175,"none":0},"intensity":{"high":0.3333333333333333,"low":0.07142857133333333,"meium":0.5952380953333334,"none":0},"expressive":{"dir-action":0,"dir-explicit":0.07142857133333333,"dir-speech":0.7142857143333333,"indirect":0.21428571433333332,"writing-device":0}},{"id":"장충달인족발보쌈","permalink":"","username":"asdfg","text":"굿굿 나이스~~~~~~~,","date":"Mon Dec 10 23:59:44 +0000 2018","retweets":"30","favorites":"20","mentions":[],"hashtags":[],"geo":"","raw":"굿굿 나이스~~~~~~~,","polarity":{"com":0,"pos":1,"neg":0,"neut":0,"none":0},"intensity":{"high":0,"low":0,"meium":1,"none":0},"expressive":{"dir-action":0,"dir-explicit":0,"dir-speech":0,"indirect":1,"writing-device":0}},{"id":"장충달인족발보쌈","permalink":"","username":"asdfg","text":"잘먹엇습니다아","date":"Mon Dec 10 23:59:44 +0000 2018","retweets":"30","favorites":"20","mentions":[],"hashtags":[],"geo":"","raw":"잘먹엇습니다아아아아아아아아아","polarity":{"com":0,"pos":0.5844155845,"neg":0.288961039,"neut":0.081168831,"none":0.0454545455},"intensity":{"high":0.0454545455,"low":0.19805194799999998,"meium":0.7110389610000001,"none":0.0454545455},"expressive":{"dir-action":0,"dir-explicit":0.24350649337824673,"dir-speech":0.2532467533733766,"indirect":0.4123376622938311,"writing-device":0.09090909095454545}},{"id":"장충달인족발보쌈","permalink":"","username":"asdfg","text":"맛있게 잘 먹었어요막국수는 양이 부족해요","date":"Mon Dec 10 23:59:44 +0000 2018","retweets":"30","favorites":"20","mentions":[],"hashtags":[],"geo":"","raw":"맛있게 잘 먹었어요막국수는 양이 부족해요","polarity":{"com":0,"pos":0.3439153438959436,"neg":0.5740740743827161,"neut":0.05555555537037037,"none":0.02645502635097002},"intensity":{"high":0.010582010666666667,"low":0.15079365066666664,"meium":0.8121693123333333,"none":0.026455026333333336},"expressive":{"dir-action":0,"dir-explicit":0.12433862433333333,"dir-speech":0.6031746033333333,"indirect":0.24074074066666665,"writing-device":0.03174603166666667}},{"id":"장충달인족발보쌈","permalink":"","username":"asdfg","text":"여기 보쌈은 너무 기름지거나 냄새나지 않아 좋네요 막국수도 맛있고 다만 무김치보다 그냥 김치를 좀 더 주심좋겠어요 딱 반반비율로! 잘먹었습니다 감사해요","date":"Mon Dec 10 23:59:44 +0000 2018","retweets":"30","favorites":"20","mentions":[],"hashtags":[],"geo":"","raw":"여기 보쌈은 너무 기름지거나 냄새나지 않아 좋네요 막국수도 맛있고 다만 무김치보다 그냥 김치를 좀 더 주심좋겠어요 딱 반반비율로! 잘먹었습니다 감사해요","polarity":{"com":0.0062434542738624465,"pos":0.536343058188426,"neg":0.2897547646890463,"neut":0.02283228173142405,"none":0.14482644111724116},"intensity":{"high":0.17747482392522498,"low":0.06837638891530694,"meium":0.6093223460553929,"none":0.14482644110407514},"expressive":{"dir-action":0.001158077636047797,"dir-explicit":0.24948652447741274,"dir-speech":0.45681803087541323,"indirect":0.14778123777787783,"writing-device":0.14475612923324832}},{"id":"장충달인족발보쌈","permalink":"","username":"asdfg","text":"맛있게 잘 오기를 기대할게요","date":"Mon Dec 10 23:59:44 +0000 2018","retweets":"30","favorites":"20","mentions":[],"hashtags":[],"geo":"","raw":"맛있게 잘 오기를 기대할게요","polarity":{"com":0.015985206507992605,"pos":0.452508145226254,"neg":0.47454601948727304,"neut":0.04997138152498568,"none":0.006989247253494623},"intensity":{"high":0.06838572700000001,"low":0.1128584635,"meium":0.81122892775,"none":0.00752688175},"expressive":{"dir-action":0.004797616747601192,"dir-explicit":0.2307921668846039,"dir-speech":0.43898803403050596,"indirect":0.31684057834157975,"writing-device":0.008581603995709198}},{"id":"장충달인족발보쌈","permalink":"","username":"asdfg","text":"고기도 냄새나지않고 막국수도 맛있었습니다 보쌈 너무 먹고싶었는데 좋네요 또 시켜먹겠습니다","date":"Mon Dec 10 23:59:44 +0000 2018","retweets":"30","favorites":"20","mentions":[],"hashtags":[],"geo":"","raw":"고기도 냄새나지않고 막국수도 맛있었습니다 보쌈 너무 먹고싶었는데 좋네요 또 시켜먹겠습니다","polarity":{"com":0.02499999999583333,"pos":0.29222222211796295,"neg":0.363015873106164,"neut":0.16904761897182538,"none":0.15071428580821428},"intensity":{"high":0.0994708995,"low":0.0865608465,"meium":0.6632539681666667,"none":0.15071428583333332},"expressive":{"dir-action":0,"dir-explicit":0.2870370369521605,"dir-speech":0.4748677249208553,"indirect":0.06476190482253967,"writing-device":0.17333333330444445}},{"id":"장충달인족발보쌈","permalink":"","username":"asdfg","text":"공기밥 추가주문했는데 안옴...맛은 맛대로 없는데 사장님 인성이...밥안왔다니깐 배달 다시가려면 늦으니깐 일단 먹으라고....계좌이체 천원해주겠다고 계좌 불렀는데 돈아직도 안줌","date":"Mon Dec 10 23:59:44 +0000 2018","retweets":"30","favorites":"20","mentions":[],"hashtags":[],"geo":"","raw":"공기밥 추가주문했는데 안옴...맛은 맛대로 없는데 사장님 인성이...밥안왔다니깐 배달 다시가려면 늦으니깐 일단 먹으라고....계좌이체 천원해주겠다고 계좌 불렀는데 돈아직도 안줌","polarity":{"com":0.004797010999700186,"pos":0.5001487462187406,"neg":0.3201945096049878,"neut":0.06297083568356432,"none":0.11188889749300691},"intensity":{"high":0.049593007125,"low":0.08270606743749999,"meium":0.7235454928125,"none":0.144155432625},"expressive":{"dir-action":0.0006785561874575902,"dir-explicit":0.19460633973783711,"dir-speech":0.490704221906831,"indirect":0.19479087630032557,"writing-device":0.11922000586754876}},{"id":"장충달인족발보쌈","permalink":"","username":"asdfg","text":"맛있어요 잘먹었네요.....","date":"Mon Dec 10 23:59:44 +0000 2018","retweets":"30","favorites":"20","mentions":[],"hashtags":[],"geo":"","raw":"맛있어요 잘먹었네요.....","polarity":{"com":0,"pos":0.35714285717857136,"neg":0.6071428573035714,"neut":0.03571428551785714,"none":0},"intensity":{"high":0,"low":0.107142857,"meium":0.8928571430000001,"none":0},"expressive":{"dir-action":0,"dir-explicit":0.107142857,"dir-speech":0.5714285715,"indirect":0.3214285715,"writing-device":0}},{"id":"장충달인족발보쌈","permalink":"","username":"asdfg","text":"부모님이 맛나게 드셨다네요ㅎㅎ","date":"Mon Dec 10 23:59:44 +0000 2018","retweets":"30","favorites":"20","mentions":[],"hashtags":[],"geo":"","raw":"부모님이 맛나게 드셨다네요ㅎㅎ","polarity":{"com":null,"pos":null,"neg":null,"neut":null,"none":null},"intensity":{"high":null,"low":null,"meium":null,"none":null},"expressive":{"dir-action":null,"dir-explicit":null,"dir-speech":null,"indirect":null,"writing-device":null}},{"id":"장충달인족발보쌈","permalink":"","username":"asdfg","text":"정말 맛있게 먹었습니다. 고맙습니다.","date":"Mon Dec 10 23:59:44 +0000 2018","retweets":"30","favorites":"20","mentions":[],"hashtags":[],"geo":"","raw":"정말 맛있게 먹었습니다. 고맙습니다.","polarity":{"com":0,"pos":0.5416666665000001,"neg":0.3333333335,"neut":0,"none":0.125},"intensity":{"high":0.3055555555,"low":0.111111111,"meium":0.4583333335,"none":0.125},"expressive":{"dir-action":0,"dir-explicit":0.361111111,"dir-speech":0.513888889,"indirect":0,"writing-device":0.125}},{"id":"장충달인족발보쌈","permalink":"","username":"asdfg","text":"여기진짜핵맛있어요 믿고 시켜보세요","date":"Mon Dec 10 23:59:44 +0000 2018","retweets":"30","favorites":"20","mentions":[],"hashtags":[],"geo":"","raw":"여기진짜핵맛있어요 믿고 시켜보세요","polarity":{"com":0,"pos":0.27777777766666667,"neg":0.7222222223333333,"neut":0,"none":0},"intensity":{"high":0.055555555648148146,"low":0.055555555648148146,"meium":0.8888888887037036,"none":0},"expressive":{"dir-action":0,"dir-explicit":0.11111111103703702,"dir-speech":0.7777777779259258,"indirect":0.11111111103703702,"writing-device":0}},{"id":"장충달인족발보쌈","permalink":"","username":"asdfg","text":"보쌈이맛남.족발은 별루","date":"Mon Dec 10 23:59:44 +0000 2018","retweets":"30","favorites":"20","mentions":[],"hashtags":[],"geo":"","raw":"보쌈이맛남.족발은 별루","polarity":{"com":0.015928718999999997,"pos":0.34588342166666664,"neg":0.5832835559999999,"neut":0.04066801066666666,"none":0.014236292666666664},"intensity":{"high":0.0691405957127604,"low":0.08925060339283374,"meium":0.8259040795506027,"none":0.015704721343803147},"expressive":{"dir-action":0.0014684286671561428,"dir-explicit":0.3117611191039204,"dir-speech":0.30685183810228395,"indirect":0.36421389278807137,"writing-device":0.01570472133856824}},{"id":"장충달인족발보쌈","permalink":"","username":"asdfg","text":"진짜 맛있고 향이 좋아요. 추천","date":"Mon Dec 10 23:59:44 +0000 2018","retweets":"30","favorites":"20","mentions":[],"hashtags":[],"geo":"","raw":"진짜 맛있고 향이 좋아요. 추천","polarity":{"com":0,"pos":0.5555555556666666,"neg":0.3333333333333333,"neut":0.111111111,"none":0},"intensity":{"high":0.111111111,"low":0,"meium":0.888888889,"none":0},"expressive":{"dir-action":0,"dir-explicit":0.111111111,"dir-speech":0.6666666666666666,"indirect":0.22222222233333333,"writing-device":0}},{"id":"장충달인족발보쌈","permalink":"","username":"asdfg","text":"다시는 안시킬것 같습니다 가장 위에 있길래 평점도 좋길래 시켯는대, 일단 족발이 너무 얇아요 그리고 따라오는건 막국수랑 부침개 하장이 다네요\n막국수는 음식 상하기 직전에 나는 쉰맛이 강하게 나네요 오래된거 주시나봐요 \n배달통 배달의민족 여기요 다 자주 많이 이용하는데 왠만하면 맛없어도 참기 때문에 리뷰는 거의 안았는데 맛없다는 리뷰는 처음 남기는거 같네요\n그정도로 실망스럽습니다","date":"Mon Dec 10 23:59:44 +0000 2018","retweets":"30","favorites":"20","mentions":[],"hashtags":[],"geo":"","raw":"다시는 안시킬것 같습니다 가장 위에 있길래 평점도 좋길래 시켯는대, 일단 족발이 너무 얇아요 그리고 따라오는건 막국수랑 부침개 하장이 다네요\n막국수는 음식 상하기 직전에 나는 쉰맛이 강하게 나네요 오래된거 주시나봐요 \n배달통 배달의민족 여기요 다 자주 많이 이용하는데 왠만하면 맛없어도 참기 때문에 리뷰는 거의 안았는데 맛없다는 리뷰는 처음 남기는거 같네요\n그정도로 실망스럽습니다","polarity":{"com":0.0038046433228261056,"pos":0.47250497496596805,"neg":0.349268650796727,"neut":0.04836842855150764,"none":0.1260533023629712},"intensity":{"high":0.07135087551612904,"low":0.0992928093870968,"meium":0.703091534548387,"none":0.12626478054838713},"expressive":{"dir-action":0.0003502225483757993,"dir-explicit":0.2336593476376239,"dir-speech":0.3909660850196462,"indirect":0.19543082231627643,"writing-device":0.17959352247807764}},{"id":"장충달인족발보쌈","permalink":"","username":"asdfg","text":"족발무침 매콤하고 육질도 쫄깃하고 막걸리랑 먹으니 딱좋네요","date":"Mon Dec 10 23:59:44 +0000 2018","retweets":"30","favorites":"20","mentions":[],"hashtags":[],"geo":"","raw":"족발무침 매콤하고 육질도 쫄깃하고 막걸리랑 먹으니 딱좋네요","polarity":{"com":0.011038181,"pos":0.5385688546,"neg":0.3295701416,"neut":0.016070356,"none":0.10475246679999999},"intensity":{"high":0.1364392964,"low":0.1089352208,"meium":0.6486718147999999,"none":0.10595366799999999},"expressive":{"dir-action":0.00120120119975976,"dir-explicit":0.3265122263346976,"dir-speech":0.29159159154168174,"indirect":0.276169884344766,"writing-device":0.10452509657909499}},{"id":"장충달인족발보쌈","permalink":"","username":"asdfg","text":"불족 맛 괜찮은데 좀 덜달아도 될듯...\n족발에서 냄새나거나 하진 않은데\n제입엔 쫌 단느낌이였어요","date":"Mon Dec 10 23:59:44 +0000 2018","retweets":"30","favorites":"20","mentions":[],"hashtags":[],"geo":"","raw":"불족 맛 괜찮은데 좀 덜달아도 될듯...\n족발에서 냄새나거나 하진 않은데\n제입엔 쫌 단느낌이였어요","polarity":{"com":0.006190729727272727,"pos":0.512192564090909,"neg":0.3969635945454545,"neut":0.032161939090909086,"none":0.05249117254545454},"intensity":{"high":0.08397432834073427,"low":0.11487577705957934,"meium":0.7476137899779235,"none":0.053536104621762885},"expressive":{"dir-action":0.001044932090909091,"dir-explicit":0.29071606490909097,"dir-speech":0.43818931018181817,"indirect":0.20810718945454545,"writing-device":0.06194250336363636}},{"id":"장충달인족발보쌈","permalink":"","username":"asdfg","text":"배달시간 40분정도 걸렸구요\n족발먹었는데 맛은 괜찮았어요\n상추가 넘 적었던거빼곤 만족스러웠어요","date":"Mon Dec 10 23:59:44 +0000 2018","retweets":"30","favorites":"20","mentions":[],"hashtags":[],"geo":"","raw":"배달시간 40분정도 걸렸구요\n족발먹었는데 맛은 괜찮았어요\n상추가 넘 적었던거빼곤 만족스러웠어요","polarity":{"com":0.002551020428571428,"pos":0.43962585028571427,"neg":0.48537414971428566,"neut":0.021003401428571426,"none":0.05144557814285714},"intensity":{"high":0.038832199571428576,"low":0.07562358271428572,"meium":0.8328231292857142,"none":0.05272108842857143},"expressive":{"dir-action":0,"dir-explicit":0.2662698412857143,"dir-speech":0.5128968254285714,"indirect":0.09795918371428572,"writing-device":0.12287414957142857}},{"id":"장충달인족발보쌈","permalink":"","username":"asdfg","text":"빠른 배달좋네요\n맛도 괜찮고 잘먹었어요","date":"Mon Dec 10 23:59:44 +0000 2018","retweets":"30","favorites":"20","mentions":[],"hashtags":[],"geo":"","raw":"빠른 배달좋네요\n맛도 괜찮고 잘먹었어요","polarity":{"com":0,"pos":0.9285714287321428,"neg":0.05357142851339285,"neut":0.017857142754464286,"none":0},"intensity":{"high":0,"low":0.13690476175,"meium":0.86309523825,"none":0},"expressive":{"dir-action":0,"dir-explicit":0.0535714285,"dir-speech":0.53571428575,"indirect":0.41071428575,"writing-device":0}},{"id":"장충달인족발보쌈","permalink":"","username":"asdfg","text":"족발무침 쫄깃한 껍질이 맛있네요\n살보단 껍질~~짱!!!","date":"Mon Dec 10 23:59:44 +0000 2018","retweets":"30","favorites":"20","mentions":[],"hashtags":[],"geo":"","raw":"족발무침 쫄깃한 껍질이 맛있네요\n살보단 껍질~~짱!!!","polarity":{"com":0.03207753200641551,"pos":0.2861588862572318,"neg":0.6430794431286159,"neut":0.015697515603139502,"none":0.022986623004597327},"intensity":{"high":0.041004640999999994,"low":0.025907725800000003,"meium":0.9095004096,"none":0.0235872236},"expressive":{"dir-action":0.0006006006000000001,"dir-explicit":0.1715533714,"dir-speech":0.3725634726,"indirect":0.43169533179999997,"writing-device":0.0235872236}},{"id":"장충달인족발보쌈","permalink":"","username":"asdfg","text":"보쌈 두께도 도톰하고 살이 촉촉해서 맛있게 먹었어요 특히 무김치가 아삭한게 같이 잘먹었어요","date":"Mon Dec 10 23:59:44 +0000 2018","retweets":"30","favorites":"20","mentions":[],"hashtags":[],"geo":"","raw":"보쌈 두께도 도톰하고 살이 촉촉해서 맛있게 먹었어요 특히 무김치가 아삭한게 같이 잘먹었어요","polarity":{"com":0.10605182770000002,"pos":0.3091686125,"neg":0.39439531429999997,"neut":0.0471916132,"none":0.1431926323},"intensity":{"high":0.19206622598079337,"low":0.11492266038850772,"meium":0.5474758985452525,"none":0.14553521508544648},"expressive":{"dir-action":0.10144972559999998,"dir-explicit":0.18781463820000005,"dir-speech":0.3779325806,"indirect":0.1915761329,"writing-device":0.14122692269999998}},{"id":"장충달인족발보쌈","permalink":"","username":"asdfg","text":"맛난 족발 잘먹었어요~~^^","date":"Mon Dec 10 23:59:44 +0000 2018","retweets":"30","favorites":"20","mentions":[],"hashtags":[],"geo":"","raw":"맛난 족발 잘먹었어요~~^^","polarity":{"com":0,"pos":0.7142857147142857,"neg":0.21428571421428572,"neut":0.07142857107142857,"none":0},"intensity":{"high":0,"low":0.214285714,"meium":0.785714286,"none":0},"expressive":{"dir-action":0,"dir-explicit":0.214285714,"dir-speech":0.142857143,"indirect":0.642857143,"writing-device":0}},{"id":"장충달인족발보쌈","permalink":"","username":"asdfg","text":"족뱅이 족발이 좀 얇고 적은양인거빼곤 \n골뱅이는 진짜 맛남...배달도 빨라 좋았음","date":"Mon Dec 10 23:59:44 +0000 2018","retweets":"30","favorites":"20","mentions":[],"hashtags":[],"geo":"","raw":"족뱅이 족발이 좀 얇고 적은양인거빼곤 \n골뱅이는 진짜 맛남...배달도 빨라 좋았음","polarity":{"com":0.005371282100537129,"pos":0.4999243738499925,"neg":0.43217984764321793,"neut":0.027484709002748468,"none":0.035039787403503976},"intensity":{"high":0.06871461061374291,"low":0.09919531741983907,"meium":0.7966097559593219,"none":0.03548031600709606},"expressive":{"dir-action":0.00044052860004405284,"dir-explicit":0.20355721732035575,"dir-speech":0.4930514526493052,"indirect":0.21392239952139225,"writing-device":0.08902840190890285}},{"id":"장충달인족발보쌈","permalink":"","username":"asdfg","text":"맛좋아요 보쌈 고기냄새도 좋구\n비계 많지않아서 김치랑  잘먹었어요\n종종 주문할께요","date":"Mon Dec 10 23:59:44 +0000 2018","retweets":"30","favorites":"20","mentions":[],"hashtags":[],"geo":"","raw":"맛좋아요 보쌈 고기냄새도 좋구\n비계 많지않아서 김치랑  잘먹었어요\n종종 주문할께요","polarity":{"com":0,"pos":0.6842650104473775,"neg":0.12991718418831952,"neut":0.18581780536430295,"none":0},"intensity":{"high":0.04347826084057971,"low":0.07194616967865769,"meium":0.8845755694807625,"none":0},"expressive":{"dir-action":0,"dir-explicit":0.4560041407426674,"dir-speech":0.39337474123222915,"indirect":0.15062111802510353,"writing-device":0}},{"id":"장충달인족발보쌈","permalink":"","username":"asdfg","text":"쫄깃한 족발껍질이 많아서 좋아요\n족발무침 매콤새콤해서 맛짱!!!","date":"Mon Dec 10 23:59:44 +0000 2018","retweets":"30","favorites":"20","mentions":[],"hashtags":[],"geo":"","raw":"쫄깃한 족발껍질이 많아서 좋아요\n족발무침 매콤새콤해서 맛짱!!!","polarity":{"com":0.0059197128333333335,"pos":0.5409593401666667,"neg":0.38563709133333335,"neut":0.02424613516666667,"none":0.0432377205},"intensity":{"high":0.11498770133333334,"low":0.07798536166666666,"meium":0.7613730071666667,"none":0.045653929833333336},"expressive":{"dir-action":0.002416209334138737,"dir-explicit":0.26582849708860956,"dir-speech":0.3202124162734042,"indirect":0.3620575299540192,"writing-device":0.049485347349828464}},{"id":"장충달인족발보쌈","permalink":"","username":"asdfg","text":"잘먹었어요 새벽인데 배달도 빨랐고 \n깔끔하게 잘왔어요","date":"Mon Dec 10 23:59:44 +0000 2018","retweets":"30","favorites":"20","mentions":[],"hashtags":[],"geo":"","raw":"잘먹었어요 새벽인데 배달도 빨랐고 \n깔끔하게 잘왔어요","polarity":{"com":0.007816640169272214,"pos":0.7378008262459336,"neg":0.16877591872292533,"neut":0.04456557384818853,"none":0.04104104101368035},"intensity":{"high":0.04026084900671014,"low":0.15461469852576912,"meium":0.7635829109605972,"none":0.041541541506923595},"expressive":{"dir-action":0.0005005005,"dir-explicit":0.193197399,"dir-speech":0.2630697925,"indirect":0.49842279266666667,"writing-device":0.044809515333333334}},{"id":"장충달인족발보쌈","permalink":"","username":"asdfg","text":"배달 빠르고\n고기도 연하고 냄새 안나고 괜찮아요","date":"Mon Dec 10 23:59:44 +0000 2018","retweets":"30","favorites":"20","mentions":[],"hashtags":[],"geo":"","raw":"배달 빠르고\n고기도 연하고 냄새 안나고 괜찮아요","polarity":{"com":0.0038709677999999997,"pos":0.4460829492,"neg":0.3276804916,"neut":0.2167741936,"none":0.0055913978},"intensity":{"high":0.2422427034,"low":0.0232258064,"meium":0.7285099848,"none":0.0060215054},"expressive":{"dir-action":0.0012903226,"dir-explicit":0.10565284180000001,"dir-speech":0.48749615980000005,"indirect":0.39996927800000004,"writing-device":0.0055913978}},{"id":"장충달인족발보쌈","permalink":"","username":"asdfg","text":"족발이 조금 뻑뻑해요\n맛있어서 다시 시키지는 않을거같아요ㅜㅜ","date":"Mon Dec 10 23:59:44 +0000 2018","retweets":"30","favorites":"20","mentions":[],"hashtags":[],"geo":"","raw":"족발이 조금 뻑뻑해요\n맛있어서 다시 시키지는 않을거같아요ㅜㅜ","polarity":{"com":0.00513950066752325,"pos":0.2201011583700169,"neg":0.539029904756505,"neut":0.197223970366204,"none":0.03850546583975091},"intensity":{"high":0.04672167450778694,"low":0.22837563803806263,"meium":0.6856630072809438,"none":0.039239680173206615},"expressive":{"dir-action":0.0007342143334557026,"dir-explicit":0.11928070301988014,"dir-speech":0.6236976436039497,"indirect":0.04773558950795594,"writing-device":0.2085518495347587}},{"id":"장충달인족발보쌈","permalink":"","username":"asdfg","text":"가끔씩 먹는데 항상 맛있게 오네요\n오늘도 잘먹었어요~~~~~~~~","date":"Mon Dec 10 23:59:44 +0000 2018","retweets":"30","favorites":"20","mentions":[],"hashtags":[],"geo":"","raw":"가끔씩 먹는데 항상 맛있게 오네요\n오늘도 잘먹었어요~~~~~~~~","polarity":{"com":0.0014285714,"pos":0.5476190474,"neg":0.3323809526,"neut":0.0314285714,"none":0.0871428572},"intensity":{"high":0.13015873020000002,"low":0.14031746020000002,"meium":0.6423809524,"none":0.08714285720000002},"expressive":{"dir-action":0,"dir-explicit":0.3117460316753016,"dir-speech":0.5568253967772699,"indirect":0.04571428578171429,"writing-device":0.0857142857657143}},{"id":"장충달인족발보쌈","permalink":"","username":"asdfg","text":"보쌈 야들야들하고 비계도 많지 않아서 \n맛있게 먹었어요 아이가 너무 좋아하네요","date":"Mon Dec 10 23:59:44 +0000 2018","retweets":"30","favorites":"20","mentions":[],"hashtags":[],"geo":"","raw":"보쌈 야들야들하고 비계도 많지 않아서 \n맛있게 먹었어요 아이가 너무 좋아하네요","polarity":{"com":0.025725232666666667,"pos":0.4038382593333334,"neg":0.5263752053333333,"neut":0.011494252833333335,"none":0.032567049833333334},"intensity":{"high":0.06148513048975248,"low":0.10275269114954122,"meium":0.8012794196997868,"none":0.03448275866091953},"expressive":{"dir-action":0.001915708833652618,"dir-explicit":0.34659505555776593,"dir-speech":0.4962141945827024,"indirect":0.1169608648528268,"writing-device":0.038314176173052356}},{"id":"장충달인족발보쌈","permalink":"","username":"asdfg","text":"족발무침 매콤새콤 해서 맛있게 먹었어요 \n양념이 강한게 제입에  좋았네요","date":"Mon Dec 10 23:59:44 +0000 2018","retweets":"30","favorites":"20","mentions":[],"hashtags":[],"geo":"","raw":"족발무침 매콤새콤 해서 맛있게 먹었어요 \n양념이 강한게 제입에  좋았네요","polarity":{"com":0.006047322427707524,"pos":0.37735797994609166,"neg":0.5372903733518156,"neut":0.044416771136511886,"none":0.03488755313787321},"intensity":{"high":0.15838622700000002,"low":0.10736954642857144,"meium":0.6970853107142857,"none":0.03715891585714286},"expressive":{"dir-action":0.0022713627149346747,"dir-explicit":0.24356156949816044,"dir-speech":0.599301722028372,"indirect":0.11442235774697783,"writing-device":0.04044298801155514}},{"id":"장충달인족발보쌈","permalink":"","username":"asdfg","text":"보쌈이랑 막국수 잘먹었어요\n비계적당해서 부드럽고 고소하네요","date":"Mon Dec 10 23:59:44 +0000 2018","retweets":"30","favorites":"20","mentions":[],"hashtags":[],"geo":"","raw":"보쌈이랑 막국수 잘먹었어요\n비계적당해서 부드럽고 고소하네요","polarity":{"com":0.0038709678007741934,"pos":0.4460829492892166,"neg":0.5133947773026789,"neut":0.03105990780621198,"none":0.00559139780111828},"intensity":{"high":0.1279569892,"low":0.1660829492,"meium":0.6999385562,"none":0.0060215054},"expressive":{"dir-action":0.0012903226,"dir-explicit":0.3056528418,"dir-speech":0.0874961598,"indirect":0.599969278,"writing-device":0.0055913978}},{"id":"장충달인족발보쌈","permalink":"","username":"asdfg","text":"족발이 금방 삶은것처럼 따끈하게와서 \n만족스러웠네요 막국수도 맛나고\n자주 이용할께요","date":"Mon Dec 10 23:59:44 +0000 2018","retweets":"30","favorites":"20","mentions":[],"hashtags":[],"geo":"","raw":"족발이 금방 삶은것처럼 따끈하게와서 \n만족스러웠네요 막국수도 맛나고\n자주 이용할께요","polarity":{"com":0.013146031,"pos":0.439105082375,"neg":0.335257849375,"neut":0.097848438125,"none":0.114642599125},"intensity":{"high":0.07074689225884337,"low":0.1907528123988441,"meium":0.6226628428278329,"none":0.11583745251447969},"expressive":{"dir-action":0.00173248775,"dir-explicit":0.30108021150000003,"dir-speech":0.359910069875,"indirect":0.219625262375,"writing-device":0.1176519685}},{"id":"장충달인족발보쌈","permalink":"","username":"asdfg","text":"보쌈으로 점심 먹었는데 \n배달도 무난하게 잘 오고 \n고기도 따끈따끈해서 \n김치랑 맛있게 먹었어요","date":"Mon Dec 10 23:59:44 +0000 2018","retweets":"30","favorites":"20","mentions":[],"hashtags":[],"geo":"","raw":"보쌈으로 점심 먹었는데 \n배달도 무난하게 잘 오고 \n고기도 따끈따끈해서 \n김치랑 맛있게 먹었어요","polarity":{"com":0.0014367816251795976,"pos":0.46284893255785614,"neg":0.36873973742109245,"neut":0.14254926101781867,"none":0.024425287378053162},"intensity":{"high":0.042145593869731796,"low":0.2231458674721068,"meium":0.7088464696613942,"none":0.025862068996767244},"expressive":{"dir-action":0.0014367816251795976,"dir-explicit":0.22745621227843207,"dir-speech":0.6390257253298782,"indirect":0.1033456486379182,"writing-device":0.028735632128591954}},{"id":"장충달인족발보쌈","permalink":"","username":"asdfg","text":"맛있네요 족발 잡내도없고 쫄깃해서 \n막국수랑 맛있게 먹었어요","date":"Mon Dec 10 23:59:44 +0000 2018","retweets":"30","favorites":"20","mentions":[],"hashtags":[],"geo":"","raw":"맛있네요 족발 잡내도없고 쫄깃해서 \n막국수랑 맛있게 먹었어요","polarity":{"com":0.0086883,"pos":0.22996588820000002,"neg":0.7130411966,"neut":0.0163153444,"none":0.031989270800000004},"intensity":{"high":0.08970523918205894,"low":0.08067873698386425,"meium":0.7950844048409831,"none":0.03453161899309368},"expressive":{"dir-action":0.0006006006000000001,"dir-explicit":0.19234379999999998,"dir-speech":0.6162920202,"indirect":0.152348465,"writing-device":0.0384151142}},{"id":"장충달인족발보쌈","permalink":"","username":"asdfg","text":"족뱅이 생각보다 푸짐하고 맛도  좋았어요\n배달시간도 빨라서 더 맛있게 먹었어요","date":"Mon Dec 10 23:59:44 +0000 2018","retweets":"30","favorites":"20","mentions":[],"hashtags":[],"geo":"","raw":"족뱅이 생각보다 푸짐하고 맛도  좋았어요\n배달시간도 빨라서 더 맛있게 먹었어요","polarity":{"com":0.003895860125,"pos":0.64386047925,"neg":0.23109884725000002,"neut":0.048034408625,"none":0.07311040475},"intensity":{"high":0.103166093,"low":0.09969356774999999,"meium":0.723654559125,"none":0.073485780125},"expressive":{"dir-action":0.0003753753749530781,"dir-explicit":0.2716887112160389,"dir-speech":0.5163186283104602,"indirect":0.13902436210762195,"writing-device":0.07259292299092589}},{"id":"장충달인족발보쌈","permalink":"","username":"asdfg","text":"쫀득한 족발 맛이 기가막히네요\n너무 맛있어서 다음에도 또 시켜먹을 랍니다","date":"Mon Dec 10 23:59:44 +0000 2018","retweets":"30","favorites":"20","mentions":[],"hashtags":[],"geo":"","raw":"쫀득한 족발 맛이 기가막히네요\n너무 맛있어서 다음에도 또 시켜먹을 랍니다","polarity":{"com":0.024193548428571427,"pos":0.4580864602857143,"neg":0.4374588545714286,"neut":0.014022383142857144,"none":0.06623875357142857},"intensity":{"high":0.07665862042857143,"low":0.08507058728571427,"meium":0.771724819,"none":0.0665459732857143},"expressive":{"dir-action":0.0009216589998683344,"dir-explicit":0.18476336768789095,"dir-speech":0.5225879599253446,"indirect":0.22650866796764163,"writing-device":0.06521834541925452}},{"id":"장충달인족발보쌈","permalink":"","username":"asdfg","text":"족발무침 맛났어요\n야채가 많긴 했지만 족발이 쫄깃하고\n양념도 맛있어서 괜찮게 먹었어요","date":"Mon Dec 10 23:59:44 +0000 2018","retweets":"30","favorites":"20","mentions":[],"hashtags":[],"geo":"","raw":"족발무침 맛났어요\n야채가 많긴 했지만 족발이 쫄깃하고\n양념도 맛있어서 괜찮게 먹었어요","polarity":{"com":0.012249689666666667,"pos":0.36658384800000005,"neg":0.47644293349999994,"neut":0.0340649985,"none":0.11065853033333334},"intensity":{"high":0.16955386630507435,"low":0.16081694630653048,"meium":0.5558202334073633,"none":0.11380895398103184},"expressive":{"dir-action":0.003150423667191737,"dir-explicit":0.3111156412185193,"dir-speech":0.3476252657246042,"indirect":0.22165877403694315,"writing-device":0.11644989535274165}},{"id":"장충달인족발보쌈","permalink":"","username":"asdfg","text":"평이좋아 시켰는데 생각만큼은 아니였어요. 김치랑 상추가 좀 적었고 족발은 보통..   남겼어요.","date":"Mon Dec 10 23:59:44 +0000 2018","retweets":"30","favorites":"20","mentions":[],"hashtags":[],"geo":"","raw":"평이좋아 시켰는데 생각만큼은 아니였어요. 김치랑 상추가 좀 적었고 족발은 보통..   남겼어요.","polarity":{"com":0.006961259198607748,"pos":0.4616626311076674,"neg":0.37138821612572237,"neut":0.10618442297876311,"none":0.053803470589239295},"intensity":{"high":0.0691485068138297,"low":0.09854721541970944,"meium":0.776715092755343,"none":0.055589185011117835},"expressive":{"dir-action":0,"dir-explicit":0.3042372882,"dir-speech":0.53269774,"indirect":0.10926150119999997,"writing-device":0.05380347059999999}},{"id":"장충달인족발보쌈","permalink":"","username":"asdfg","text":"족발이너무맛이있었습니다","date":"Mon Dec 10 23:59:44 +0000 2018","retweets":"30","favorites":"20","mentions":[],"hashtags":[],"geo":"","raw":"족발이너무맛이있었습니다","polarity":{"com":0,"pos":0.076923077,"neg":0.846153846,"neut":0.076923077,"none":0},"intensity":{"high":0.076923077,"low":0.0384615385,"meium":0.8846153845,"none":0},"expressive":{"dir-action":0,"dir-explicit":0.346153846,"dir-speech":0.6153846155,"indirect":0.0384615385,"writing-device":0}},{"id":"장충달인족발보쌈","permalink":"","username":"asdfg","text":"쫄깃함이 잘 느껴지고 고소해서 맛있었어요\n","date":"Mon Dec 10 23:59:44 +0000 2018","retweets":"30","favorites":"20","mentions":[],"hashtags":[],"geo":"","raw":"쫄깃함이 잘 느껴지고 고소해서 맛있었어요\n","polarity":{"com":0.17311827966666668,"pos":0.33870967733333335,"neg":0.4508960573333334,"neut":0.027956989333333335,"none":0.009318996333333334},"intensity":{"high":0.04659498199999999,"low":0.205376344,"meium":0.7379928316666666,"none":0.010035842333333331},"expressive":{"dir-action":0.0021505376666666664,"dir-explicit":0.10465949833333332,"dir-speech":0.4315412186666666,"indirect":0.45232974899999995,"writing-device":0.009318996333333333}},{"id":"장충달인족발보쌈","permalink":"","username":"asdfg","text":"불족맛 특이하네요 매운거 못드시는 분들은 먹기좀 힘들수도있어요","date":"Mon Dec 10 23:59:44 +0000 2018","retweets":"30","favorites":"20","mentions":[],"hashtags":[],"geo":"","raw":"불족맛 특이하네요 매운거 못드시는 분들은 먹기좀 힘들수도있어요","polarity":{"com":0.0035354262500000002,"pos":0.30390718037500003,"neg":0.42758822862500007,"neut":0.14837512300000003,"none":0.11659404175000002},"intensity":{"high":0.027266958503408368,"low":0.21713952390214242,"meium":0.6387306585798413,"none":0.11686285901460786},"expressive":{"dir-action":0.0008064516248991936,"dir-explicit":0.24252279334468463,"dir-speech":0.48560153243929977,"indirect":0.07652574261543428,"writing-device":0.19454347997568205}},{"id":"장충달인족발보쌈","permalink":"","username":"asdfg","text":"보쌈고기 부드럽고 고소해서 잘먹었어요\n김치맛도 괜찮고 차갑지않게와서 좋았어요","date":"Mon Dec 10 23:59:44 +0000 2018","retweets":"30","favorites":"20","mentions":[],"hashtags":[],"geo":"","raw":"보쌈고기 부드럽고 고소해서 잘먹었어요\n김치맛도 괜찮고 차갑지않게와서 좋았어요","polarity":{"com":0.002764977000394997,"pos":0.6643449638091923,"neg":0.08671055515524438,"neut":0.23647136274806738,"none":0.009708141287101164},"intensity":{"high":0.04854070657142857,"low":0.19577353514285714,"meium":0.7456703972857143,"none":0.010015361},"expressive":{"dir-action":0.0009216589999999999,"dir-explicit":0.1611806012857143,"dir-speech":0.4482115427142857,"indirect":0.3799780557142857,"writing-device":0.009708141285714284}},{"id":"장충달인족발보쌈","permalink":"","username":"asdfg","text":"족발 맛있네요 특히 껍질이 \n쫄깃쫄깃해서 입이 행복하네요 ㅋ\n냄새도 적고 맛있었어요","date":"Mon Dec 10 23:59:44 +0000 2018","retweets":"30","favorites":"20","mentions":[],"hashtags":[],"geo":"","raw":"족발 맛있네요 특히 껍질이 \n쫄깃쫄깃해서 입이 행복하네요 ㅋ\n냄새도 적고 맛있었어요","polarity":{"com":0.004703473,"pos":0.24607425033333336,"neg":0.6201907082222223,"neut":0.023007916000000003,"none":0.10602365244444445},"intensity":{"high":0.28748178522222223,"low":0.03428837466666666,"meium":0.5704395722222222,"none":0.10779026788888889},"expressive":{"dir-action":0.0017666154448370253,"dir-explicit":0.19845861859965747,"dir-speech":0.4095708549799046,"indirect":0.28541492028564774,"writing-device":0.1047889906899531}},{"id":"장충달인족발보쌈","permalink":"","username":"asdfg","text":"불족 생각했던맛은  아닌데  나름 괜찮았어요\n배달빠른편이였어요","date":"Mon Dec 10 23:59:44 +0000 2018","retweets":"30","favorites":"20","mentions":[],"hashtags":[],"geo":"","raw":"불족 생각했던맛은  아닌데  나름 괜찮았어요\n배달빠른편이였어요","polarity":{"com":0.00326797385620915,"pos":0.5575862045549753,"neg":0.28576978577549433,"neut":0.0666849491238043,"none":0.08669108668951682},"intensity":{"high":0.04584631057142857,"low":0.07261039614285715,"meium":0.7948522065714286,"none":0.08669108671428571},"expressive":{"dir-action":0,"dir-explicit":0.32249449914285716,"dir-speech":0.4695043517142858,"indirect":0.12217194571428573,"writing-device":0.08582920342857144}},{"id":"장충달인족발보쌈","permalink":"","username":"asdfg","text":"보쌈 담백하고 고소하고...\n맛있게 먹었어요\n김치가 좀더 달았으면 좋을꺼같았지만\n지금도 나쁘진 않았어요","date":"Mon Dec 10 23:59:44 +0000 2018","retweets":"30","favorites":"20","mentions":[],"hashtags":[],"geo":"","raw":"보쌈 담백하고 고소하고...\n맛있게 먹었어요\n김치가 좀더 달았으면 좋을꺼같았지만\n지금도 나쁘진 않았어요","polarity":{"com":0.0075976514452886276,"pos":0.39584783704398313,"neg":0.4444209032716024,"neut":0.04996023289444003,"none":0.10217337534468593},"intensity":{"high":0.16617396966666667,"low":0.10243990522222222,"meium":0.6276480705555554,"none":0.10373805455555557},"expressive":{"dir-action":0.0010505128887721652,"dir-explicit":0.32818575107464604,"dir-speech":0.3093905926322899,"indirect":0.25260507819415495,"writing-device":0.10876806521013689}},{"id":"장충달인족발보쌈","permalink":"","username":"asdfg","text":"보쌈고기는 퍽퍽하지않고 괜찮았었는데 \n잡내는 살짝 나는거같아요\n제가좀 예민해서...신랑은 맛있다고 잘먹었어요","date":"Mon Dec 10 23:59:44 +0000 2018","retweets":"30","favorites":"20","mentions":[],"hashtags":[],"geo":"","raw":"보쌈고기는 퍽퍽하지않고 괜찮았었는데 \n잡내는 살짝 나는거같아요\n제가좀 예민해서...신랑은 맛있다고 잘먹었어요","polarity":{"com":0.005829714445739937,"pos":0.4061625845347028,"neg":0.4063128978680695,"neut":0.14472928014327316,"none":0.03696552300821456},"intensity":{"high":0.040277509999999996,"low":0.12575870788888888,"meium":0.7953874528888888,"none":0.038576329222222226},"expressive":{"dir-action":0.0016108062224012008,"dir-explicit":0.168603796240956,"dir-speech":0.4969698930552188,"indirect":0.17881011735320113,"writing-device":0.1540053871282228}},{"id":"장충달인족발보쌈","permalink":"","username":"asdfg","text":"배달 30분만에 빨리왔구요\n고기맛 괜찮았어요\n막국수랑 김치랑 부침개도 무난했어요","date":"Mon Dec 10 23:59:44 +0000 2018","retweets":"30","favorites":"20","mentions":[],"hashtags":[],"geo":"","raw":"배달 30분만에 빨리왔구요\n고기맛 괜찮았어요\n막국수랑 김치랑 부침개도 무난했어요","polarity":{"com":0.0052995392,"pos":0.4460829492,"neg":0.23625192020000002,"neut":0.2196313364,"none":0.092734255},"intensity":{"high":0.056528417799999994,"low":0.0460829492,"meium":0.8042242704,"none":0.09316436260000001},"expressive":{"dir-action":0.0012903225997419356,"dir-explicit":0.1999385561600123,"dir-speech":0.5189247310962151,"indirect":0.18854070656229185,"writing-device":0.09130568358173886}},{"id":"장충달인족발보쌈","permalink":"","username":"asdfg","text":"족발무침 맛있네요\n매운맛이랑 새콤한맛이 적당했어요","date":"Mon Dec 10 23:59:44 +0000 2018","retweets":"30","favorites":"20","mentions":[],"hashtags":[],"geo":"","raw":"족발무침 맛있네요\n매운맛이랑 새콤한맛이 적당했어요","polarity":{"com":0.006451612999999999,"pos":0.505376344,"neg":0.4508960573333334,"neut":0.027956989333333335,"none":0.009318996333333334},"intensity":{"high":0.04659498199999999,"low":0.038709677333333324,"meium":0.9046594983333333,"none":0.010035842333333331},"expressive":{"dir-action":0.0021505376666666664,"dir-explicit":0.10465949833333332,"dir-speech":0.764874552,"indirect":0.11899641566666665,"writing-device":0.009318996333333333}},{"id":"장충달인족발보쌈","permalink":"","username":"asdfg","text":"보쌈 김치도 맛있고 고기도 맛있었어요\n둘이서 중자 게눈감추듯 먹었네요ㅋ","date":"Mon Dec 10 23:59:44 +0000 2018","retweets":"30","favorites":"20","mentions":[],"hashtags":[],"geo":"","raw":"보쌈 김치도 맛있고 고기도 맛있었어요\n둘이서 중자 게눈감추듯 먹었네요ㅋ","polarity":{"com":0.0075959721999999995,"pos":0.19586742179999997,"neg":0.48715334599999993,"neut":0.22047828819999996,"none":0.08890497179999998},"intensity":{"high":0.07193902521438779,"low":0.09373330521874665,"meium":0.7445416405489083,"none":0.0897860290179572},"expressive":{"dir-action":0.0008810571999999999,"dir-explicit":0.16440668479999998,"dir-speech":0.6878022516,"indirect":0.05855254880000001,"writing-device":0.0883574576}},{"id":"장충달인족발보쌈","permalink":"","username":"asdfg","text":"보족 잘먹었어요\n둘다 무난했지만 제입엔 족발이 \n좀더 괜찮은거같아요\n쫄깃한 식감이 좋구 맛도 더 좋았어요","date":"Mon Dec 10 23:59:44 +0000 2018","retweets":"30","favorites":"20","mentions":[],"hashtags":[],"geo":"","raw":"보족 잘먹었어요\n둘다 무난했지만 제입엔 족발이 \n좀더 괜찮은거같아요\n쫄깃한 식감이 좋구 맛도 더 좋았어요","polarity":{"com":0.004987366182724977,"pos":0.636006973388365,"neg":0.22809610567783561,"neut":0.11707322056674059,"none":0.01383633418433388},"intensity":{"high":0.08650791073513711,"low":0.15532942055957547,"meium":0.7436528537039685,"none":0.014509815001319077},"expressive":{"dir-action":0.0006734808182430437,"dir-explicit":0.3363113728487556,"dir-speech":0.31462248911951113,"indirect":0.24153074984013922,"writing-device":0.10686190737335108}},{"id":"장충달인족발보쌈","permalink":"","username":"asdfg","text":"보쌈 고소고소 맛나네요\n양두 괜찮고 김치도 무난했어요","date":"Mon Dec 10 23:59:44 +0000 2018","retweets":"30","favorites":"20","mentions":[],"hashtags":[],"geo":"","raw":"보쌈 고소고소 맛나네요\n양두 괜찮고 김치도 무난했어요","polarity":{"com":0.013248847999999999,"pos":0.365207373,"neg":0.3406298005,"neut":0.049078341000000004,"none":0.2318356375},"intensity":{"high":0.1413210445,"low":0.115207373,"meium":0.510560676,"none":0.23291090650000001},"expressive":{"dir-action":0.0032258064983870967,"dir-explicit":0.2498463903750768,"dir-speech":0.2973118278513441,"indirect":0.2213517663893241,"writing-device":0.22826420888586788}},{"id":"장충달인족발보쌈","permalink":"","username":"asdfg","text":"족발무침 잘먹었어요\n야채도 많이 들었고 \n생각보다 맛있네요\n또 주문할께요","date":"Mon Dec 10 23:59:44 +0000 2018","retweets":"30","favorites":"20","mentions":[],"hashtags":[],"geo":"","raw":"족발무침 잘먹었어요\n야채도 많이 들었고 \n생각보다 맛있네요\n또 주문할께요","polarity":{"com":0.0032258065,"pos":0.4580453148333334,"neg":0.38814644133333337,"neut":0.06754992316666668,"none":0.08303251416666668},"intensity":{"high":0.037186379833333325,"low":0.26340245766666665,"meium":0.6160202253333333,"none":0.08339093716666665},"expressive":{"dir-action":0.0010752688333333332,"dir-explicit":0.17435355866666666,"dir-speech":0.5302547363333333,"indirect":0.18747439833333332,"writing-device":0.10684203783333332}},{"id":"장충달인족발보쌈","permalink":"","username":"asdfg","text":"리뷰 보고 주문했는데, 맛도 없고 음식이 상한듯 해서 그냥 다 버렸네요...\n배달통 이런것도 필터링 안되는것 같아서 실망입니다!\n그냥 치킨 먹을걸 돈 버렸네요...\n","date":"Mon Dec 10 23:59:44 +0000 2018","retweets":"30","favorites":"20","mentions":[],"hashtags":[],"geo":"","raw":"리뷰 보고 주문했는데, 맛도 없고 음식이 상한듯 해서 그냥 다 버렸네요...\n배달통 이런것도 필터링 안되는것 같아서 실망입니다!\n그냥 치킨 먹을걸 돈 버렸네요...\n","polarity":{"com":0.004570643562500001,"pos":0.41534155599999995,"neg":0.4233859865625,"neut":0.04077469425,"none":0.11592711962499999},"intensity":{"high":0.0410299264375,"low":0.0715174155625,"meium":0.770643411875,"none":0.11680924612500003},"expressive":{"dir-action":0.0002753303750000001,"dir-explicit":0.2311859985,"dir-speech":0.516203642125,"indirect":0.1330867004375,"writing-device":0.11924832856249999}},{"id":"장충달인족발보쌈","permalink":"","username":"asdfg","text":"보쌈 맛 괜찮네요 \n고기맛 고소하고 부드러웠어요","date":"Mon Dec 10 23:59:44 +0000 2018","retweets":"30","favorites":"20","mentions":[],"hashtags":[],"geo":"","raw":"보쌈 맛 괜찮네요 \n고기맛 고소하고 부드러웠어요","polarity":{"com":0.008446131200000002,"pos":0.7803499894000001,"neg":0.12609319000000002,"neut":0.03507484720000001,"none":0.050035842200000014},"intensity":{"high":0.05344718521068943,"low":0.03956567560791313,"meium":0.8565211893713042,"none":0.05046594981009318},"expressive":{"dir-action":0.0012903226,"dir-explicit":0.3464558298,"dir-speech":0.29944760699999995,"indirect":0.2988488298,"writing-device":0.05395741080000001}},{"id":"장충달인족발보쌈","permalink":"","username":"asdfg","text":"보족 대자시켜서 넷이서 점심으로 먹었는데\n다들 맛있다고 잘먹었어요\n배달도 빨리와서 좋았어요","date":"Mon Dec 10 23:59:44 +0000 2018","retweets":"30","favorites":"20","mentions":[],"hashtags":[],"geo":"","raw":"보족 대자시켜서 넷이서 점심으로 먹었는데\n다들 맛있다고 잘먹었어요\n배달도 빨리와서 좋았어요","polarity":{"com":0.003426333778158481,"pos":0.48264239483140464,"neg":0.4590358094954483,"neut":0.017726033113080665,"none":0.0371694287819077},"intensity":{"high":0.1441989294124002,"low":0.1055484853098781,"meium":0.7125936802860903,"none":0.037658904991631346},"expressive":{"dir-action":0.006662315777777778,"dir-explicit":0.3393088284444445,"dir-speech":0.3480735613333334,"indirect":0.2682963894444444,"writing-device":0.03765890499999999}},{"id":"장충달인족발보쌈","permalink":"","username":"asdfg","text":"족발 맛나요 쫀득한게 식감도 좋구 맛도 좋네요","date":"Mon Dec 10 23:59:44 +0000 2018","retweets":"30","favorites":"20","mentions":[],"hashtags":[],"geo":"","raw":"족발 맛나요 쫀득한게 식감도 좋구 맛도 좋네요","polarity":{"com":0.004004003999332667,"pos":0.8062046661989659,"neg":0.1413074613097821,"neut":0.031146531161475578,"none":0.017337337330443774},"intensity":{"high":0.09850619850000003,"low":0.06580888583333334,"meium":0.8178470778333333,"none":0.017837837833333335},"expressive":{"dir-action":0.0005005005000000001,"dir-explicit":0.3033341033333334,"dir-speech":0.5303996303333334,"indirect":0.14792792800000001,"writing-device":0.017837837833333335}},{"id":"장충달인족발보쌈","permalink":"","username":"asdfg","text":"족발이랑 보쌈 둘다 괜찮네요\n아주 맛있다는 아니였지만 배달점치곤 훌륭하네요","date":"Mon Dec 10 23:59:44 +0000 2018","retweets":"30","favorites":"20","mentions":[],"hashtags":[],"geo":"","raw":"족발이랑 보쌈 둘다 괜찮네요\n아주 맛있다는 아니였지만 배달점치곤 훌륭하네요","polarity":{"com":0,"pos":0.6134920635226985,"neg":0.15158730163031747,"neut":0.21904761904380954,"none":0.015873015803174604},"intensity":{"high":0.0563492064,"low":0.0476190476,"meium":0.8801587302,"none":0.0158730158},"expressive":{"dir-action":0,"dir-explicit":0.031746031800000005,"dir-speech":0.5833333333999999,"indirect":0.3658730158,"writing-device":0.019047619}},{"id":"장충달인족발보쌈","permalink":"","username":"asdfg","text":"족뱅이 잘먹었서요\n소면이 안뿔어서 좋네요","date":"Mon Dec 10 23:59:44 +0000 2018","retweets":"30","favorites":"20","mentions":[],"hashtags":[],"geo":"","raw":"족뱅이 잘먹었서요\n소면이 안뿔어서 좋네요","polarity":{"com":0,"pos":0.71,"neg":0.27,"neut":0,"none":0.02},"intensity":{"high":0.35,"low":0.02,"meium":0.61,"none":0.02},"expressive":{"dir-action":0,"dir-explicit":0.8,"dir-speech":0.1,"indirect":0.08,"writing-device":0.02}},{"id":"장충달인족발보쌈","permalink":"","username":"asdfg","text":"족발무침 시켜서 맛나게 먹는중이네요\n배달 빨라서 좋구 양도 괜찮고 양념도 맛있어서 신랑이랑 만족하는중이네요","date":"Mon Dec 10 23:59:44 +0000 2018","retweets":"30","favorites":"20","mentions":[],"hashtags":[],"geo":"","raw":"족발무침 시켜서 맛나게 먹는중이네요\n배달 빨라서 좋구 양도 괜찮고 양념도 맛있어서 신랑이랑 만족하는중이네요","polarity":{"com":0.005308790142857143,"pos":0.4382179537142857,"neg":0.3773696147142857,"neut":0.017153527999999998,"none":0.16195011342857143},"intensity":{"high":0.10346805387192398,"low":0.08178471372596924,"meium":0.6527971189503996,"none":0.16195011345170715},"expressive":{"dir-action":0,"dir-explicit":0.37313592103624693,"dir-speech":0.39719887945794324,"indirect":0.06695478198087007,"writing-device":0.16271041752493992}},{"id":"장충달인족발보쌈","permalink":"","username":"asdfg","text":"냉채족발 생각보다 잘나왔어요\n해파리도 꼬들하고 족발도 쫄깃해서 잘먹었어요\n소스랑 시원하게 먹으니 괜찮네요","date":"Mon Dec 10 23:59:44 +0000 2018","retweets":"30","favorites":"20","mentions":[],"hashtags":[],"geo":"","raw":"냉채족발 생각보다 잘나왔어요\n해파리도 꼬들하고 족발도 쫄깃해서 잘먹었어요\n소스랑 시원하게 먹으니 괜찮네요","polarity":{"com":0.007791720251947931,"pos":0.4738376769934594,"neg":0.3372908623343227,"neut":0.06093682951523421,"none":0.12014291090503573},"intensity":{"high":0.08854836975,"low":0.16219165575,"meium":0.6283663128750001,"none":0.12089366162500001},"expressive":{"dir-action":0.0007507507498123123,"dir-explicit":0.25273085568681725,"dir-speech":0.28775069705306233,"indirect":0.339659749165085,"writing-device":0.11910794734522302}},{"id":"장충달인족발보쌈","permalink":"","username":"asdfg","text":"달인족발 먹었는데 좋네요.\n족발 잡내도 없고 쫀득해서 맛있네요.\n쌈채소도 신선해서 좋고 배달도 빨라서 좋네요.","date":"Mon Dec 10 23:59:44 +0000 2018","retweets":"30","favorites":"20","mentions":[],"hashtags":[],"geo":"","raw":"달인족발 먹었는데 좋네요.\n족발 잡내도 없고 쫀득해서 맛있네요.\n쌈채소도 신선해서 좋고 배달도 빨라서 좋네요.","polarity":{"com":0.0048439295,"pos":0.6941229076666667,"neg":0.25702300175000004,"neut":0.018023802083333332,"none":0.025986358999999997},"intensity":{"high":0.18449849781795843,"low":0.08374174982635485,"meium":0.7046059088579495,"none":0.02715384349773717},"expressive":{"dir-action":0.0010752688333333334,"dir-explicit":0.3397803065,"dir-speech":0.34838477691666664,"indirect":0.28234610425,"writing-device":0.028413543499999996}},{"id":"장충달인족발보쌈","permalink":"","username":"asdfg","text":"보쌈 맛있네요.\n김치도 매콤하면서 달달하니 좋고 고기도 촉촉해서 맛있네요.\n포장도 깔끔해서 좋았어요.","date":"Mon Dec 10 23:59:44 +0000 2018","retweets":"30","favorites":"20","mentions":[],"hashtags":[],"geo":"","raw":"보쌈 맛있네요.\n김치도 매콤하면서 달달하니 좋고 고기도 촉촉해서 맛있네요.\n포장도 깔끔해서 좋았어요.","polarity":{"com":0.09697137800000001,"pos":0.3387590927272727,"neg":0.390771172,"neut":0.10448339063636362,"none":0.06901496663636365},"intensity":{"high":0.1714570818025948,"low":0.06717187853934802,"meium":0.6907651403917486,"none":0.07060589926630856},"expressive":{"dir-action":0.09250002354545453,"dir-explicit":0.24284167727272726,"dir-speech":0.39036120754545456,"indirect":0.20225067890909088,"writing-device":0.07204641272727272}},{"id":"장충달인족발보쌈","permalink":"","username":"asdfg","text":"냉채족발 맛있게 먹었어요.\n톡 쏘는 겨자소스 족발에 잘 맞네요.\n족발 잡내도 없고 쫀깃한게 맛있어요.","date":"Mon Dec 10 23:59:44 +0000 2018","retweets":"30","favorites":"20","mentions":[],"hashtags":[],"geo":"","raw":"냉채족발 맛있게 먹었어요.\n톡 쏘는 겨자소스 족발에 잘 맞네요.\n족발 잡내도 없고 쫀깃한게 맛있어요.","polarity":{"com":0.006462052499999999,"pos":0.3587078264999999,"neg":0.5479020041666666,"neut":0.05961489699999999,"none":0.027313219833333343},"intensity":{"high":0.09185335081802444,"low":0.1467489296422085,"meium":0.7321079537113153,"none":0.029289765828451705},"expressive":{"dir-action":0.0010752688333333334,"dir-explicit":0.24756053416666668,"dir-speech":0.5201930836666667,"indirect":0.1990035245,"writing-device":0.03216758883333332}},{"id":"장충달인족발보쌈","permalink":"","username":"asdfg","text":"불족 어떨지몰라 1단계로 주문했는데\n괜찮네요 매운거 잘못드시는분들한텐 무난하게 잘드실꺼같네요 잡내없고 맛있었어요","date":"Mon Dec 10 23:59:44 +0000 2018","retweets":"30","favorites":"20","mentions":[],"hashtags":[],"geo":"","raw":"불족 어떨지몰라 1단계로 주문했는데\n괜찮네요 매운거 잘못드시는분들한텐 무난하게 잘드실꺼같네요 잡내없고 맛있었어요","polarity":{"com":0.004840298300484029,"pos":0.36780035773678,"neg":0.4502170898450216,"neut":0.03497859250349785,"none":0.14216366161421634},"intensity":{"high":0.03475245729652475,"low":0.14707933828529207,"meium":0.6735843936326414,"none":0.14458381078554158},"expressive":{"dir-action":0,"dir-explicit":0.41010975094101093,"dir-speech":0.25645239102564527,"indirect":0.13359967031335995,"writing-device":0.19983818771998382}},{"id":"장충달인족발보쌈","permalink":"","username":"asdfg","text":"보쌈 맛있게 먹었어요.\n보쌈고기 촉촉한게 좋았고 김치도 달달하면서 매콤한게 맛있네요.\n쌈채소도 신선하고 다양해서 만족이네요.","date":"Mon Dec 10 23:59:44 +0000 2018","retweets":"30","favorites":"20","mentions":[],"hashtags":[],"geo":"","raw":"보쌈 맛있게 먹었어요.\n보쌈고기 촉촉한게 좋았고 김치도 달달하면서 매콤한게 맛있네요.\n쌈채소도 신선하고 다양해서 만족이네요.","polarity":{"com":0.0066184613066740845,"pos":0.41384947339786937,"neg":0.4066088195528294,"neut":0.11852927482791858,"none":0.05439397091470863},"intensity":{"high":0.06852077776395996,"low":0.1209551341445419,"meium":0.7476255104040288,"none":0.06289857768746934},"expressive":{"dir-action":0.0018424516923076922,"dir-explicit":0.3521068644615385,"dir-speech":0.4116146231538461,"indirect":0.17747701999999999,"writing-device":0.05695904069230769}},{"id":"장충달인족발보쌈","permalink":"","username":"asdfg","text":"불족발 끝내주네요\n매운거 좋아하는데 꽤 쎄네요\n맛짱짱~~","date":"Mon Dec 10 23:59:44 +0000 2018","retweets":"30","favorites":"20","mentions":[],"hashtags":[],"geo":"","raw":"불족발 끝내주네요\n매운거 좋아하는데 꽤 쎄네요\n맛짱짱~~","polarity":{"com":0,"pos":0.5,"neg":0.5,"neut":0,"none":0},"intensity":{"high":0.25,"low":0,"meium":0.75,"none":0},"expressive":{"dir-action":0,"dir-explicit":0.25,"dir-speech":0.375,"indirect":0.25,"writing-device":0.125}},{"id":"장충달인족발보쌈","permalink":"","username":"asdfg","text":"족발맛 좋네요\n새로운곳이라 함 시켜봤는데 맛있게와서 단골해야겠네요...ㅋㅋ\n잘먹었어요","date":"Mon Dec 10 23:59:44 +0000 2018","retweets":"30","favorites":"20","mentions":[],"hashtags":[],"geo":"","raw":"족발맛 좋네요\n새로운곳이라 함 시켜봤는데 맛있게와서 단골해야겠네요...ㅋㅋ\n잘먹었어요","polarity":{"com":0.033333333400000005,"pos":0.5428571428000001,"neg":0.27619047620000003,"neut":0.14761904760000003,"none":0},"intensity":{"high":0.0333333334,"low":0.0428571428,"meium":0.9238095237999999,"none":0},"expressive":{"dir-action":0,"dir-explicit":0.1428571428,"dir-speech":0.6285714286,"indirect":0.22857142860000002,"writing-device":0}}]