[{"id":"호세야오리바베큐 선릉점","permalink":"","username":"asdfg","text":"오랜만에 먹었는데 역시 최고!!!","date":"Mon Dec 10 23:59:44 +0000 2018","retweets":"30","favorites":"20","mentions":[],"hashtags":[],"geo":"","raw":"오랜만에 먹었는데 역시 최고!!!","polarity":{"com":0,"pos":0.33333333316666663,"neg":0.3333333336666666,"neut":0.16666666658333332,"none":0.16666666658333332},"intensity":{"high":0.05555555552777778,"low":0.2777777776388889,"meium":0.50000000025,"none":0.16666666658333334},"expressive":{"dir-action":0,"dir-explicit":0.2777777776388889,"dir-speech":0.5555555557777778,"indirect":0,"writing-device":0.16666666658333334}},{"id":"호세야오리바베큐 선릉점","permalink":"","username":"asdfg","text":"맛있게 잘 먹었습니다 ㅅㅅㅅㅅ","date":"Mon Dec 10 23:59:44 +0000 2018","retweets":"30","favorites":"20","mentions":[],"hashtags":[],"geo":"","raw":"맛있게 잘 먹었습니다 ㅅㅅㅅㅅ","polarity":{"com":0,"pos":0.35714285717857136,"neg":0.6071428573035714,"neut":0.03571428551785714,"none":0},"intensity":{"high":0,"low":0.107142857,"meium":0.8928571430000001,"none":0},"expressive":{"dir-action":0,"dir-explicit":0.107142857,"dir-speech":0.5714285715,"indirect":0.3214285715,"writing-device":0}},{"id":"호세야오리바베큐 선릉점","permalink":"","username":"asdfg","text":"양도많고 맛있어요 ㅎㅎ~~","date":"Mon Dec 10 23:59:44 +0000 2018","retweets":"30","favorites":"20","mentions":[],"hashtags":[],"geo":"","raw":"양도많고 맛있어요 ㅎㅎ~~","polarity":{"com":0,"pos":0.195652174,"neg":0.7826086955,"neut":0.0217391305,"none":0},"intensity":{"high":0.1304347825652174,"low":0.10869565205434782,"meium":0.7608695653804347,"none":0},"expressive":{"dir-action":0,"dir-explicit":0.2608695651304348,"dir-speech":0.6086956523043479,"indirect":0.1304347825652174,"writing-device":0}},{"id":"호세야오리바베큐 선릉점","permalink":"","username":"asdfg","text":"맛있네욯ㅎㅎㅎㅎㅎㅅㅎ","date":"Mon Dec 10 23:59:44 +0000 2018","retweets":"30","favorites":"20","mentions":[],"hashtags":[],"geo":"","raw":"맛있네욯ㅎㅎㅎㅎㅎㅅㅎ","polarity":{"com":0,"pos":0,"neg":1,"neut":0,"none":0},"intensity":{"high":0,"low":0,"meium":1,"none":0},"expressive":{"dir-action":0,"dir-explicit":0,"dir-speech":1,"indirect":0,"writing-device":0}},{"id":"호세야오리바베큐 선릉점","permalink":"","username":"asdfg","text":"자주 시켜 먹는 오리고기집 여기가 제일 맛있고 잘 해주줘서ㅜ좋어요","date":"Mon Dec 10 23:59:44 +0000 2018","retweets":"30","favorites":"20","mentions":[],"hashtags":[],"geo":"","raw":"자주 시켜 먹는 오리고기집 여기가 제일 맛있고 잘 해주줘서ㅜ좋어요","polarity":{"com":0,"pos":0.4246031745707672,"neg":0.3968253968994709,"neut":0.1785714285297619,"none":0},"intensity":{"high":0.0185185185,"low":0.23941798933333336,"meium":0.7420634921666666,"none":0},"expressive":{"dir-action":0,"dir-explicit":0.07275132266666667,"dir-speech":0.8201058201666667,"indirect":0.10714285716666667,"writing-device":0}},{"id":"호세야오리바베큐 선릉점","permalink":"","username":"asdfg","text":"언제나 맛있어여 담엔 삼겹살만 먹어봐야딩","date":"Mon Dec 10 23:59:44 +0000 2018","retweets":"30","favorites":"20","mentions":[],"hashtags":[],"geo":"","raw":"언제나 맛있어여 담엔 삼겹살만 먹어봐야딩","polarity":{"com":0,"pos":0.10582010570194003,"neg":0.8359788362786595,"neut":0.031746031677248675,"none":0.026455026342151695},"intensity":{"high":0.010582010666666664,"low":0.07936507933333332,"meium":0.8835978836666666,"none":0.026455026333333354},"expressive":{"dir-action":0,"dir-explicit":0.052910053000000005,"dir-speech":0.888888889,"indirect":0.02645502633333334,"writing-device":0.031746031666666674}},{"id":"호세야오리바베큐 선릉점","permalink":"","username":"asdfg","text":"맛잇어용 무쌈많이많이 주세요 맨날맨날","date":"Mon Dec 10 23:59:44 +0000 2018","retweets":"30","favorites":"20","mentions":[],"hashtags":[],"geo":"","raw":"맛잇어용 무쌈많이많이 주세요 맨날맨날","polarity":{"com":0,"pos":0.6666666665000001,"neg":0.277777778,"neut":0.0555555555,"none":0},"intensity":{"high":0,"low":0.277777778,"meium":0.722222222,"none":0},"expressive":{"dir-action":0,"dir-explicit":0.111111111,"dir-speech":0.7777777779999999,"indirect":0.111111111,"writing-device":0}},{"id":"호세야오리바베큐 선릉점","permalink":"","username":"asdfg","text":"포장도 깔끔. 맛도좋아요~~!! 묵은지 맛있어여","date":"Mon Dec 10 23:59:44 +0000 2018","retweets":"30","favorites":"20","mentions":[],"hashtags":[],"geo":"","raw":"포장도 깔끔. 맛도좋아요~~!! 묵은지 맛있어여","polarity":{"com":0,"pos":0.67791666675,"neg":0.31208333325000004,"neut":0,"none":0.01},"intensity":{"high":0.05,"low":0.0725,"meium":0.8674999999999999,"none":0.01},"expressive":{"dir-action":0,"dir-explicit":0.275,"dir-speech":0.46666666675,"indirect":0.24833333325,"writing-device":0.01}},{"id":"호세야오리바베큐 선릉점","permalink":"","username":"asdfg","text":"맛있는부분 반 퍽퍽한부분 반굿굿 양도많고 좋음","date":"Mon Dec 10 23:59:44 +0000 2018","retweets":"30","favorites":"20","mentions":[],"hashtags":[],"geo":"","raw":"맛있는부분 반 퍽퍽한부분 반굿굿 양도많고 좋음","polarity":{"com":0,"pos":0.5518840580000001,"neg":0.26753623183333336,"neut":0.1739130435,"none":0.006666666666666667},"intensity":{"high":0.0768115941794686,"low":0.20956521736826086,"meium":0.7069565217844928,"none":0.006666666667777778},"expressive":{"dir-action":0,"dir-explicit":0.18695652169782606,"dir-speech":0.5695652174282608,"indirect":0.23681159420613523,"writing-device":0.006666666667777777}},{"id":"호세야오리바베큐 선릉점","permalink":"","username":"asdfg","text":"항상 맛있어서 자주먹는데 배달이 조금 늦어요ㅋㅋㅋ그치만 오늘 퇴근길이 많이 밀리더라구요 이해합니다","date":"Mon Dec 10 23:59:44 +0000 2018","retweets":"30","favorites":"20","mentions":[],"hashtags":[],"geo":"","raw":"항상 맛있어서 자주먹는데 배달이 조금 늦어요ㅋㅋㅋ그치만 오늘 퇴근길이 많이 밀리더라구요 이해합니다","polarity":{"com":0,"pos":0.5732600732247514,"neg":0.285714285755102,"neut":0.07875457872553637,"none":0.06227106229461015},"intensity":{"high":0.01465201471428571,"low":0.2454212454285714,"meium":0.6776556775714285,"none":0.06227106228571428},"expressive":{"dir-action":0,"dir-explicit":0.41391941385714287,"dir-speech":0.5128205128571428,"indirect":0.014652014714285717,"writing-device":0.058608058571428576}}]