[{"id":"장충동   이모네   왕족발보쌈","permalink":"","username":"asdfg","text":"맛있어요 자주시켜먹을게요","date":"Mon Dec 10 23:59:44 +0000 2018","retweets":"30","favorites":"20","mentions":[],"hashtags":[],"geo":"","raw":"맛있어요 자주시켜먹을게요","polarity":{"com":0,"pos":0.259259259,"neg":0.7407407409999999,"neut":0,"none":0},"intensity":{"high":0.09259259263580247,"low":0.09259259263580247,"meium":0.8148148147283951,"none":0},"expressive":{"dir-action":0.018518518666666667,"dir-explicit":0.20370370366666668,"dir-speech":0.6666666666666666,"indirect":0.111111111,"writing-device":0}},{"id":"장충동   이모네   왕족발보쌈","permalink":"","username":"asdfg","text":"매번 시켜먹는 집이예요~~ 맛도 양도 좋아요!! ","date":"Mon Dec 10 23:59:44 +0000 2018","retweets":"30","favorites":"20","mentions":[],"hashtags":[],"geo":"","raw":"매번 시켜먹는 집이예요~~ 맛도 양도 좋아요!! ","polarity":{"com":0,"pos":0.56333333325,"neg":0.42666666675,"neut":0,"none":0.01},"intensity":{"high":0.07777777775,"low":0.0655555555,"meium":0.84666666675,"none":0.01},"expressive":{"dir-action":0,"dir-explicit":0.2055555555,"dir-speech":0.7444444445,"indirect":0.04,"writing-device":0.01}},{"id":"장충동   이모네   왕족발보쌈","permalink":"","username":"asdfg","text":"맛있었어요 고기도좋고 막국수랑 김치전도 맛있었어요","date":"Mon Dec 10 23:59:44 +0000 2018","retweets":"30","favorites":"20","mentions":[],"hashtags":[],"geo":"","raw":"맛있었어요 고기도좋고 막국수랑 김치전도 맛있었어요","polarity":{"com":0,"pos":0.23,"neg":0.51,"neut":0.25,"none":0.01},"intensity":{"high":0.05,"low":0.01,"meium":0.9299999999999999,"none":0.01},"expressive":{"dir-action":0,"dir-explicit":0.15,"dir-speech":0.8,"indirect":0.04,"writing-device":0.01}},{"id":"장충동   이모네   왕족발보쌈","permalink":"","username":"asdfg","text":"그냥저냥 그렇긔>.<.>.<.>.<.>>.<.>.<.>.<.<.","date":"Mon Dec 10 23:59:44 +0000 2018","retweets":"30","favorites":"20","mentions":[],"hashtags":[],"geo":"","raw":"그냥저냥 그렇긔>.<.>.<.>.<.>>.<.>.<.>.<.<.","polarity":{"com":null,"pos":null,"neg":null,"neut":null,"none":null},"intensity":{"high":null,"low":null,"meium":null,"none":null},"expressive":{"dir-action":null,"dir-explicit":null,"dir-speech":null,"indirect":null,"writing-device":null}},{"id":"장충동   이모네   왕족발보쌈","permalink":"","username":"asdfg","text":"엄청 맛있었어요. 잘먹었습니다.\n아쉬운점은 보쌈용배추김치없이 무말랑이뿐이라 ㅠ","date":"Mon Dec 10 23:59:44 +0000 2018","retweets":"30","favorites":"20","mentions":[],"hashtags":[],"geo":"","raw":"엄청 맛있었어요. 잘먹었습니다.\n아쉬운점은 보쌈용배추김치없이 무말랑이뿐이라 ㅠ","polarity":{"com":0,"pos":0.3902894491951447,"neg":0.2808123249737395,"neut":0.09687208204843606,"none":0.23202614378267974},"intensity":{"high":0.029411764671568627,"low":0.21218487386869747,"meium":0.5263772177543962,"none":0.23202614370533767},"expressive":{"dir-action":0,"dir-explicit":0.16643323999999998,"dir-speech":0.21008403366666667,"indirect":0.39145658266666666,"writing-device":0.23202614366666663}},{"id":"장충동   이모네   왕족발보쌈","permalink":"","username":"asdfg","text":"여기만 자꾸 시켜먹게 되네요ㅎㅎ","date":"Mon Dec 10 23:59:44 +0000 2018","retweets":"30","favorites":"20","mentions":[],"hashtags":[],"geo":"","raw":"여기만 자꾸 시켜먹게 되네요ㅎㅎ","polarity":{"com":0.014150943492924528,"pos":0.3026729558486635,"neg":0.6454402514272798,"neut":0.023584905738207547,"none":0.014150943492924528},"intensity":{"high":0.08909853247772538,"low":0.0791404612302149,"meium":0.7342767295664309,"none":0.09748427672562895},"expressive":{"dir-action":0,"dir-explicit":0.252096436,"dir-speech":0.61268343825,"indirect":0.02830188675,"writing-device":0.106918239}},{"id":"장충동   이모네   왕족발보쌈","permalink":"","username":"asdfg","text":"진짜 비추네요... 불족발먹었는데 음식에 그냥 성의가 안보입니다 면도 제대로 익지도 않아서 맛도 없고 불족발은 그냥 간도 제대로 안되고 맛이 없네요 절반 먹다가 그냥 버렸습니다;","date":"Mon Dec 10 23:59:44 +0000 2018","retweets":"30","favorites":"20","mentions":[],"hashtags":[],"geo":"","raw":"진짜 비추네요... 불족발먹었는데 음식에 그냥 성의가 안보입니다 면도 제대로 익지도 않아서 맛도 없고 불족발은 그냥 간도 제대로 안되고 맛이 없네요 절반 먹다가 그냥 버렸습니다;","polarity":{"com":0.0060976424705882345,"pos":0.43770510435294113,"neg":0.47927978288235284,"neut":0.018654812235294114,"none":0.05826265805882352},"intensity":{"high":0.06414296335294119,"low":0.10912459511764705,"meium":0.766802368882353,"none":0.059930072647058824},"expressive":{"dir-action":0,"dir-explicit":0.3623603451764706,"dir-speech":0.4066312935294118,"indirect":0.16858585535294118,"writing-device":0.06242250594117647}},{"id":"장충동   이모네   왕족발보쌈","permalink":"","username":"asdfg","text":"정말맛없어요 비리고 푸석하고..이런걸음식이라고 팔다니 ㅉㅉ","date":"Mon Dec 10 23:59:44 +0000 2018","retweets":"30","favorites":"20","mentions":[],"hashtags":[],"geo":"","raw":"정말맛없어요 비리고 푸석하고..이런걸음식이라고 팔다니 ㅉㅉ","polarity":{"com":0.01172496025,"pos":0.437058382,"neg":0.396021021,"neut":0.03113407525,"none":0.1240615615},"intensity":{"high":0.4353912736088478,"low":0.04144585751036147,"meium":0.3983505565995877,"none":0.12481231228120308},"expressive":{"dir-action":0.00075075075,"dir-explicit":0.5576532415,"dir-speech":0.13567611725,"indirect":0.1762056175,"writing-device":0.129714273}},{"id":"장충동   이모네   왕족발보쌈","permalink":"","username":"asdfg","text":"그냥 먹을만 했는데 또 고른다면 글쎄요\n삼만원 값어치는 좀 모자른듯함?","date":"Mon Dec 10 23:59:44 +0000 2018","retweets":"30","favorites":"20","mentions":[],"hashtags":[],"geo":"","raw":"그냥 먹을만 했는데 또 고른다면 글쎄요\n삼만원 값어치는 좀 모자른듯함?","polarity":{"com":0.012987013000000002,"pos":0.3151412078571429,"neg":0.3768295198571429,"neut":0.013605442142857143,"none":0.2814368171428572},"intensity":{"high":0.06374974229482139,"low":0.07390228815341461,"meium":0.5809111523687016,"none":0.2814368171830624},"expressive":{"dir-action":0,"dir-explicit":0.19088847671428574,"dir-speech":0.2918985777142857,"indirect":0.2131003915714286,"writing-device":0.30411255400000003}},{"id":"장충동   이모네   왕족발보쌈","permalink":"","username":"asdfg","text":"배추주신거랑 무말랭이 김치랑 너무 맛있네요 ㅋ","date":"Mon Dec 10 23:59:44 +0000 2018","retweets":"30","favorites":"20","mentions":[],"hashtags":[],"geo":"","raw":"배추주신거랑 무말랭이 김치랑 너무 맛있네요 ㅋ","polarity":{"com":0.142857143,"pos":0.142857143,"neg":0.714285714,"neut":0,"none":0},"intensity":{"high":0.142857143,"low":0.142857143,"meium":0.714285714,"none":0},"expressive":{"dir-action":0,"dir-explicit":0.5714285710000001,"dir-speech":0.28571428600000004,"indirect":0.14285714300000002,"writing-device":0}},{"id":"장충동   이모네   왕족발보쌈","permalink":"","username":"asdfg","text":"돈주고 비계사먹고 보쌈김치라고 온게 무말랭이였어요\n","date":"Mon Dec 10 23:59:44 +0000 2018","retweets":"30","favorites":"20","mentions":[],"hashtags":[],"geo":"","raw":"돈주고 비계사먹고 보쌈김치라고 온게 무말랭이였어요\n","polarity":{"com":0.0038126361660312273,"pos":0.40615049426564154,"neg":0.42877492892853747,"neut":0.12422490364596252,"none":0.03703703699382716},"intensity":{"high":0.10813641685135608,"low":0.0891151331815192,"meium":0.7657114129609519,"none":0.03703703700617284},"expressive":{"dir-action":0,"dir-explicit":0.2691469751666667,"dir-speech":0.5010055303333333,"indirect":0.18954248366666668,"writing-device":0.040305010833333335}},{"id":"장충동   이모네   왕족발보쌈","permalink":"","username":"asdfg","text":"배달얼마나걸리나요?\n","date":"Mon Dec 10 23:59:44 +0000 2018","retweets":"30","favorites":"20","mentions":[],"hashtags":[],"geo":"","raw":"배달얼마나걸리나요?\n","polarity":{"com":0,"pos":0.5,"neg":0.5,"neut":0,"none":0},"intensity":{"high":0,"low":0,"meium":1,"none":0},"expressive":{"dir-action":0,"dir-explicit":0,"dir-speech":0.5,"indirect":0.5,"writing-device":0}},{"id":"장충동   이모네   왕족발보쌈","permalink":"","username":"asdfg","text":"알바들많네. 아우 맛없어. 쓰레귀  쓰레귀.","date":"Mon Dec 10 23:59:44 +0000 2018","retweets":"30","favorites":"20","mentions":[],"hashtags":[],"geo":"","raw":"알바들많네. 아우 맛없어. 쓰레귀  쓰레귀.","polarity":{"com":0.009661835666666667,"pos":0.17391304333333335,"neg":0.45410628033333333,"neut":0.36231884066666664,"none":0},"intensity":{"high":0.009661835666666667,"low":0.053140096666666664,"meium":0.9323671496666667,"none":0.004830918},"expressive":{"dir-action":0,"dir-explicit":0.057971014352657,"dir-speech":0.5217391305072464,"indirect":0.4202898551400967,"writing-device":0}},{"id":"장충동   이모네   왕족발보쌈","permalink":"","username":"asdfg","text":"와이프가 여기 김치가 제일맛있데요ㅎ","date":"Mon Dec 10 23:59:44 +0000 2018","retweets":"30","favorites":"20","mentions":[],"hashtags":[],"geo":"","raw":"와이프가 여기 김치가 제일맛있데요ㅎ","polarity":{"com":0.011904761999999998,"pos":0.27380952399999997,"neg":0.6428571426666666,"neut":0.053571428666666664,"none":0.017857142666666662},"intensity":{"high":0.10714285733333334,"low":0.07142857133333333,"meium":0.7976190473333333,"none":0.023809524},"expressive":{"dir-action":0,"dir-explicit":0.25,"dir-speech":0.5416666666666666,"indirect":0.19047619066666666,"writing-device":0.017857142666666666}},{"id":"장충동   이모네   왕족발보쌈","permalink":"","username":"asdfg","text":"서비스가 잘나오네요~안남기고 다먹었어요~","date":"Mon Dec 10 23:59:44 +0000 2018","retweets":"30","favorites":"20","mentions":[],"hashtags":[],"geo":"","raw":"서비스가 잘나오네요~안남기고 다먹었어요~","polarity":{"com":0,"pos":0.6696428571674107,"neg":0.1941964285485491,"neut":0.04910714276227678,"none":0.08705357152176339},"intensity":{"high":0.14955357146261158,"low":0.30357142842410717,"meium":0.45982142863504466,"none":0.0870535714782366},"expressive":{"dir-action":0,"dir-explicit":0.3325892856668527,"dir-speech":0.15401785721149552,"indirect":0.41071428564732143,"writing-device":0.10267857147433035}},{"id":"장충동   이모네   왕족발보쌈","permalink":"","username":"asdfg","text":"저는 갠적으로 족발보다는 보쌈이 더맛있네요~~!\n김치랑 잘 어울리네요~","date":"Mon Dec 10 23:59:44 +0000 2018","retweets":"30","favorites":"20","mentions":[],"hashtags":[],"geo":"","raw":"저는 갠적으로 족발보다는 보쌈이 더맛있네요~~!\n김치랑 잘 어울리네요~","polarity":{"com":0,"pos":0.4730158729892064,"neg":0.47777777799111104,"neut":0.03333333321333333,"none":0.015873015806349207},"intensity":{"high":0.0063492064000000015,"low":0.157142857,"meium":0.8206349208000001,"none":0.0158730158},"expressive":{"dir-action":0,"dir-explicit":0.07460317459999999,"dir-speech":0.761904762,"indirect":0.14444444439999998,"writing-device":0.019047619}},{"id":"장충동   이모네   왕족발보쌈","permalink":"","username":"asdfg","text":"서비스도잘나오고 맛도좋아요ㅋ만족","date":"Mon Dec 10 23:59:44 +0000 2018","retweets":"30","favorites":"20","mentions":[],"hashtags":[],"geo":"","raw":"서비스도잘나오고 맛도좋아요ㅋ만족","polarity":{"com":0,"pos":0.7268571429453714,"neg":0.2508571428501714,"neut":0.014285714202857142,"none":0.0080000000016},"intensity":{"high":0.04,"low":0.25085714280000004,"meium":0.7011428572,"none":0.008},"expressive":{"dir-action":0,"dir-explicit":0.3628571428,"dir-speech":0.2685714286,"indirect":0.3605714286,"writing-device":0.008}},{"id":"장충동   이모네   왕족발보쌈","permalink":"","username":"asdfg","text":"이모님 잘먹었어요~~~","date":"Mon Dec 10 23:59:44 +0000 2018","retweets":"30","favorites":"20","mentions":[],"hashtags":[],"geo":"","raw":"이모님 잘먹었어요~~~","polarity":{"com":0,"pos":0.1666666665,"neg":0.8333333334999999,"neut":0,"none":0},"intensity":{"high":0.0555555555,"low":0.111111111,"meium":0.8333333334999999,"none":0},"expressive":{"dir-action":0,"dir-explicit":0.111111111,"dir-speech":0.888888889,"indirect":0,"writing-device":0}},{"id":"장충동   이모네   왕족발보쌈","permalink":"","username":"asdfg","text":"보쌈이 부드럽고 냄새 안나고좋아요","date":"Mon Dec 10 23:59:44 +0000 2018","retweets":"30","favorites":"20","mentions":[],"hashtags":[],"geo":"","raw":"보쌈이 부드럽고 냄새 안나고좋아요","polarity":{"com":0.007709251000000001,"pos":0.5165009440000001,"neg":0.44156073000000007,"neut":0.022026431750000002,"none":0.012202643250000002},"intensity":{"high":0.3442888608360722,"low":0.043039647510759914,"meium":0.599367526899842,"none":0.013303964753325993},"expressive":{"dir-action":0.0011013215002753302,"dir-explicit":0.30709565757677393,"dir-speech":0.17602265579400564,"indirect":0.5024764003756191,"writing-device":0.013303964753325993}},{"id":"장충동   이모네   왕족발보쌈","permalink":"","username":"asdfg","text":"앞다리라서 그런지 부드럽네요~\n양도 많고 굿","date":"Mon Dec 10 23:59:44 +0000 2018","retweets":"30","favorites":"20","mentions":[],"hashtags":[],"geo":"","raw":"앞다리라서 그런지 부드럽네요~\n양도 많고 굿","polarity":{"com":0,"pos":0.6603260870000001,"neg":0.26630434775,"neut":0.01086956525,"none":0.0625},"intensity":{"high":0.14855072453713766,"low":0.09601449277400362,"meium":0.6929347826732337,"none":0.062500000015625},"expressive":{"dir-action":0,"dir-explicit":0.40126811595063405,"dir-speech":0.1376811593188406,"indirect":0.3985507246992754,"writing-device":0.06250000003125}}]