[{"id":"가장맛있는족발-공릉점","permalink":"","username":"asdfg","text":"맛있어요~~ 다음에또주문할께요~\n다음엔 불족에 살좀 주세요~~ ㅋㅋ","date":"Mon Dec 10 23:59:44 +0000 2018","retweets":"30","favorites":"20","mentions":[],"hashtags":[],"geo":"","raw":"맛있어요~~ 다음에또주문할께요~\n다음엔 불족에 살좀 주세요~~ ㅋㅋ","polarity":{"com":0.0027649769999999996,"pos":0.21092092742857144,"neg":0.6841708727142857,"neut":0.025587009,"none":0.07655621385714285},"intensity":{"high":0.024504425428571428,"low":0.05060346714285714,"meium":0.8480286738571429,"none":0.07686343357142857},"expressive":{"dir-action":0.000921659,"dir-explicit":0.15936654242857143,"dir-speech":0.6067149441428572,"indirect":0.1337649037142857,"writing-device":0.09923195071428571}},{"id":"가장맛있는족발-공릉점","permalink":"","username":"asdfg","text":"공릉지점이 유난히 맛있는거 같아요","date":"Mon Dec 10 23:59:44 +0000 2018","retweets":"30","favorites":"20","mentions":[],"hashtags":[],"geo":"","raw":"공릉지점이 유난히 맛있는거 같아요","polarity":{"com":0.010279001333333334,"pos":0.14390602066666666,"neg":0.8135095446666667,"neut":0.029368575666666664,"none":0.002936857666666667},"intensity":{"high":0.0352422906784141,"low":0.04405286334801762,"meium":0.9162995596387664,"none":0.004405286334801762},"expressive":{"dir-action":0.0014684286671561428,"dir-explicit":0.1380323053793441,"dir-speech":0.45374449348458157,"indirect":0.06901615268967205,"writing-device":0.33773861977924624}},{"id":"가장맛있는족발-공릉점","permalink":"","username":"asdfg","text":"족발은 깔끔한맛이고 불족은  쫄깃하니 맛있었어요^^\n주먹밥이 하나만와서 하나는 더기다렸다가 다시배달받았네요.. 애들도잘먹고 강추입니다","date":"Mon Dec 10 23:59:44 +0000 2018","retweets":"30","favorites":"20","mentions":[],"hashtags":[],"geo":"","raw":"족발은 깔끔한맛이고 불족은  쫄깃하니 맛있었어요^^\n주먹밥이 하나만와서 하나는 더기다렸다가 다시배달받았네요.. 애들도잘먹고 강추입니다","polarity":{"com":0.00840011952990589,"pos":0.4105311956712077,"neg":0.46071952332121874,"neut":0.03771242153163014,"none":0.08263673994603746},"intensity":{"high":0.08630180654971806,"low":0.08234402672525742,"meium":0.7481049978230835,"none":0.08324916890194098},"expressive":{"dir-action":0.0006124289411764706,"dir-explicit":0.2901194051764706,"dir-speech":0.4152242148823529,"indirect":0.21156984329411765,"writing-device":0.08247410770588236}},{"id":"가장맛있는족발-공릉점","permalink":"","username":"asdfg","text":"맛나고 좋습니다 굿굿굿","date":"Mon Dec 10 23:59:44 +0000 2018","retweets":"30","favorites":"20","mentions":[],"hashtags":[],"geo":"","raw":"맛나고 좋습니다 굿굿굿","polarity":{"com":0,"pos":0.9733333333333333,"neg":0.013333333333333334,"neut":0,"none":0.013333333333333334},"intensity":{"high":0.06666666666666667,"low":0.013333333333333334,"meium":0.9066666666666666,"none":0.013333333333333334},"expressive":{"dir-action":0,"dir-explicit":0.19999999999999998,"dir-speech":0.06666666666666667,"indirect":0.7200000000000001,"writing-device":0.013333333333333334}},{"id":"가장맛있는족발-공릉점","permalink":"","username":"asdfg","text":"맛잇엇어용~맛잇엇어용~","date":"Mon Dec 10 23:59:44 +0000 2018","retweets":"30","favorites":"20","mentions":[],"hashtags":[],"geo":"","raw":"맛잇엇어용~맛잇엇어용~","polarity":{"com":0,"pos":1,"neg":0,"neut":0,"none":0},"intensity":{"high":0,"low":0,"meium":1,"none":0},"expressive":{"dir-action":0,"dir-explicit":0,"dir-speech":1,"indirect":0,"writing-device":0}},{"id":"가장맛있는족발-공릉점","permalink":"","username":"asdfg","text":"너무 맛잇어영 담에 또 시켜먹을께요!","date":"Mon Dec 10 23:59:44 +0000 2018","retweets":"30","favorites":"20","mentions":[],"hashtags":[],"geo":"","raw":"너무 맛잇어영 담에 또 시켜먹을께요!","polarity":{"com":0.047619047650793646,"pos":0.20634920626455028,"neg":0.6031746031322751,"neut":0,"none":0.14285714295238094},"intensity":{"high":0.08465608466666667,"low":0.12169312166666667,"meium":0.6507936506666666,"none":0.142857143},"expressive":{"dir-action":0,"dir-explicit":0.312169312,"dir-speech":0.44973545,"indirect":0.047619047666666664,"writing-device":0.19047619033333332}},{"id":"가장맛있는족발-공릉점","permalink":"","username":"asdfg","text":"맛잇습니닿ㅎㅎㅎㅎㅎ","date":"Mon Dec 10 23:59:44 +0000 2018","retweets":"30","favorites":"20","mentions":[],"hashtags":[],"geo":"","raw":"맛잇습니닿ㅎㅎㅎㅎㅎ","polarity":{"com":0,"pos":1,"neg":0,"neut":0,"none":0},"intensity":{"high":0,"low":0,"meium":1,"none":0},"expressive":{"dir-action":0,"dir-explicit":0,"dir-speech":1,"indirect":0,"writing-device":0}},{"id":"가장맛있는족발-공릉점","permalink":"","username":"asdfg","text":"요청사항도 잘 챙겨주시고 맛있게 잘 먹었습니다~","date":"Mon Dec 10 23:59:44 +0000 2018","retweets":"30","favorites":"20","mentions":[],"hashtags":[],"geo":"","raw":"요청사항도 잘 챙겨주시고 맛있게 잘 먹었습니다~","polarity":{"com":0.0017857142504464284,"pos":0.48214285712053573,"neg":0.3857142858464286,"neut":0.021428571255357142,"none":0.10892857152723213},"intensity":{"high":0.28571428575,"low":0.082142857,"meium":0.5232142857500001,"none":0.1089285715},"expressive":{"dir-action":0,"dir-explicit":0.3499999999125,"dir-speech":0.36071428565982144,"indirect":0.18214285720446427,"writing-device":0.10714285722321429}},{"id":"가장맛있는족발-공릉점","permalink":"","username":"asdfg","text":"이제 족발기본 메뉴에서 아예 빠진건지 막국수가 안왔네요.  이사오고 한동안 공릉점것 못먹다가 새로떳길래 주문해봤어요. 잘먹었습니다.","date":"Mon Dec 10 23:59:44 +0000 2018","retweets":"30","favorites":"20","mentions":[],"hashtags":[],"geo":"","raw":"이제 족발기본 메뉴에서 아예 빠진건지 막국수가 안왔네요.  이사오고 한동안 공릉점것 못먹다가 새로떳길래 주문해봤어요. 잘먹었습니다.","polarity":{"com":0.03354978355155451,"pos":0.5064935065466352,"neg":0.15259740257319954,"neut":0.13825757575241046,"none":0.16910173157620031},"intensity":{"high":0.073051948084268,"low":0.034090909087809915,"meium":0.7229437229342779,"none":0.16991341989364422},"expressive":{"dir-action":0,"dir-explicit":0.2873376622988488,"dir-speech":0.19669913419969992,"indirect":0.34361471866760135,"writing-device":0.17234848483384985}}]