[{"id":"장충동할매 족발보쌈","permalink":"","username":"asdfg","text":"개꿀맛이네요 다음에또시킬게요","date":"Mon Dec 10 23:59:44 +0000 2018","retweets":"30","favorites":"20","mentions":[],"hashtags":[],"geo":"","raw":"개꿀맛이네요 다음에또시킬게요","polarity":{"com":0,"pos":0.38095238087301586,"neg":0.47619047617460314,"neut":0,"none":0.14285714295238094},"intensity":{"high":0,"low":0,"meium":0.857142857,"none":0.142857143},"expressive":{"dir-action":0,"dir-explicit":0.047619047666666664,"dir-speech":0.761904762,"indirect":0,"writing-device":0.19047619033333332}},{"id":"장충동할매 족발보쌈","permalink":"","username":"asdfg","text":"짱! 맛있어요 ......","date":"Mon Dec 10 23:59:44 +0000 2018","retweets":"30","favorites":"20","mentions":[],"hashtags":[],"geo":"","raw":"짱! 맛있어요 ......","polarity":{"com":null,"pos":null,"neg":null,"neut":null,"none":null},"intensity":{"high":null,"low":null,"meium":null,"none":null},"expressive":{"dir-action":null,"dir-explicit":null,"dir-speech":null,"indirect":null,"writing-device":null}},{"id":"장충동할매 족발보쌈","permalink":"","username":"asdfg","text":"생각보다 맛있고 좋았어요","date":"Mon Dec 10 23:59:44 +0000 2018","retweets":"30","favorites":"20","mentions":[],"hashtags":[],"geo":"","raw":"생각보다 맛있고 좋았어요","polarity":{"com":0,"pos":0.6475000000000001,"neg":0.18666666650000002,"neut":0.12500000000000003,"none":0.040833333500000006},"intensity":{"high":0.1416666665,"low":0.145,"meium":0.6725,"none":0.0408333335},"expressive":{"dir-action":0,"dir-explicit":0.4875,"dir-speech":0.32916666650000004,"indirect":0.14250000000000002,"writing-device":0.0408333335}},{"id":"장충동할매 족발보쌈","permalink":"","username":"asdfg","text":"맛있게 잘먹었습니다","date":"Mon Dec 10 23:59:44 +0000 2018","retweets":"30","favorites":"20","mentions":[],"hashtags":[],"geo":"","raw":"맛있게 잘먹었습니다","polarity":{"com":0,"pos":0.35714285717857136,"neg":0.6071428573035714,"neut":0.03571428551785714,"none":0},"intensity":{"high":0,"low":0.107142857,"meium":0.8928571430000001,"none":0},"expressive":{"dir-action":0,"dir-explicit":0.107142857,"dir-speech":0.5714285715,"indirect":0.3214285715,"writing-device":0}},{"id":"장충동할매 족발보쌈","permalink":"","username":"asdfg","text":"항상 맛있어요 배달 빠르고요ㅎㅎ ","date":"Mon Dec 10 23:59:44 +0000 2018","retweets":"30","favorites":"20","mentions":[],"hashtags":[],"geo":"","raw":"항상 맛있어요 배달 빠르고요ㅎㅎ ","polarity":{"com":0,"pos":0.761904762,"neg":0.238095238,"neut":0,"none":0},"intensity":{"high":0.14285714295238094,"low":0.20634920626455028,"meium":0.6507936507830687,"none":0},"expressive":{"dir-action":0,"dir-explicit":0.26190476199999996,"dir-speech":0.21428571433333332,"indirect":0.5238095236666667,"writing-device":0}},{"id":"장충동할매 족발보쌈","permalink":"","username":"asdfg","text":"깔끔하고 맛있어요...","date":"Mon Dec 10 23:59:44 +0000 2018","retweets":"30","favorites":"20","mentions":[],"hashtags":[],"geo":"","raw":"깔끔하고 맛있어요...","polarity":{"com":0.012012012,"pos":0.3063063065,"neg":0.653153153,"neut":0.0165165165,"none":0.012012012},"intensity":{"high":0.057057057,"low":0.042042042,"meium":0.8873873875,"none":0.0135135135},"expressive":{"dir-action":0.0015015015000000005,"dir-explicit":0.15615615600000002,"dir-speech":0.5450450450000001,"indirect":0.28378378400000004,"writing-device":0.013513513500000003}},{"id":"장충동할매 족발보쌈","permalink":"","username":"asdfg","text":"비와서그런지늦게와요ㅠ","date":"Mon Dec 10 23:59:44 +0000 2018","retweets":"30","favorites":"20","mentions":[],"hashtags":[],"geo":"","raw":"비와서그런지늦게와요ㅠ","polarity":{"com":0,"pos":0.125,"neg":0.75,"neut":0,"none":0.125},"intensity":{"high":0.1666666665,"low":0.0833333335,"meium":0.625,"none":0.125},"expressive":{"dir-action":0,"dir-explicit":0.041666666520833326,"dir-speech":0.16666666658333332,"indirect":0.6666666668333333,"writing-device":0.1250000000625}},{"id":"장충동할매 족발보쌈","permalink":"","username":"asdfg","text":"같이나오는 막국수?너무 맛있었네요. 차가운족발이라 갠적으론 따뜻한걸 좋아해서 soso","date":"Mon Dec 10 23:59:44 +0000 2018","retweets":"30","favorites":"20","mentions":[],"hashtags":[],"geo":"","raw":"같이나오는 막국수?너무 맛있었네요. 차가운족발이라 갠적으론 따뜻한걸 좋아해서 soso","polarity":{"com":0.04658866000665552,"pos":0.3037055937576722,"neg":0.5296372439328053,"neut":0.07190345415312907,"none":0.04816504814973786},"intensity":{"high":0.1393330468770476,"low":0.145823112163689,"meium":0.6662497923808928,"none":0.04859404857837056},"expressive":{"dir-action":0.00042900042857142864,"dir-explicit":0.19249944028571433,"dir-speech":0.5501637182857143,"indirect":0.205512672,"writing-device":0.05139516900000001}},{"id":"장충동할매 족발보쌈","permalink":"","username":"asdfg","text":"오랜만에 족발먹네요. 족발도맛있지만 사이드 메뉴도 훌륭합니다","date":"Mon Dec 10 23:59:44 +0000 2018","retweets":"30","favorites":"20","mentions":[],"hashtags":[],"geo":"","raw":"오랜만에 족발먹네요. 족발도맛있지만 사이드 메뉴도 훌륭합니다","polarity":{"com":0.0095774345,"pos":0.34362934349999996,"neg":0.40752895775000003,"neut":0.01540111525,"none":0.223863149},"intensity":{"high":0.12773487775,"low":0.13371943349999998,"meium":0.513931789,"none":0.22461389975},"expressive":{"dir-action":0.0007507507496246246,"dir-explicit":0.2264907763867546,"dir-speech":0.36696696681651647,"indirect":0.18474903490762548,"writing-device":0.22104247113947878}},{"id":"장충동할매 족발보쌈","permalink":"","username":"asdfg","text":"새벽에 배달가능한곳이길래 시켰는데 ","date":"Mon Dec 10 23:59:44 +0000 2018","retweets":"30","favorites":"20","mentions":[],"hashtags":[],"geo":"","raw":"새벽에 배달가능한곳이길래 시켰는데 ","polarity":{"com":0.062007168645997604,"pos":0.6720430104426524,"neg":0.17311827960896053,"neut":0.08351254497216247,"none":0.009318996330227},"intensity":{"high":0.10215053766666665,"low":0.038709677333333324,"meium":0.8491039426666667,"none":0.010035842333333331},"expressive":{"dir-action":0.002150537666666667,"dir-explicit":0.271326165,"dir-speech":0.5982078853333334,"indirect":0.11899641566666667,"writing-device":0.009318996333333334}},{"id":"장충동할매 족발보쌈","permalink":"","username":"asdfg","text":"마이너스 별점은 없나요\n너무 맛없어서 전화해보니 몇일전에 삶아서 진공포장했다가 주문들어오면 데워서 배달한대요\n10년장사하면 이리 뻔뻔해져도 되나봄\n맛 최악 서비스 최악 ","date":"Mon Dec 10 23:59:44 +0000 2018","retweets":"30","favorites":"20","mentions":[],"hashtags":[],"geo":"","raw":"마이너스 별점은 없나요\n너무 맛없어서 전화해보니 몇일전에 삶아서 진공포장했다가 주문들어오면 데워서 배달한대요\n10년장사하면 이리 뻔뻔해져도 되나봄\n맛 최악 서비스 최악 ","polarity":{"com":0.019847549580025405,"pos":0.7127061413812157,"neg":0.23622969979396172,"neut":0.021840129913026647,"none":0.009376479331770587},"intensity":{"high":0.13897583782175202,"low":0.12245456915646212,"meium":0.7288346906892638,"none":0.009734902332522092},"expressive":{"dir-action":0.0010752688332437276,"dir-explicit":0.26268464581144296,"dir-speech":0.309548686640871,"indirect":0.4141702652988191,"writing-device":0.01252113341562324}},{"id":"장충동할매 족발보쌈","permalink":"","username":"asdfg","text":"싼맛에나 시켜먹을만한......\n족발도 딱딱하고 그냥 전반적으로...음......\n배달은 40분 걸렸어요\n막국수는 잘라서 비벼먹었고\n족발맛은 나쁘지 않지만 턱이 좀 아파요ㅠㅠ ","date":"Mon Dec 10 23:59:44 +0000 2018","retweets":"30","favorites":"20","mentions":[],"hashtags":[],"geo":"","raw":"싼맛에나 시켜먹을만한......\n족발도 딱딱하고 그냥 전반적으로...음......\n배달은 40분 걸렸어요\n막국수는 잘라서 비벼먹었고\n족발맛은 나쁘지 않지만 턱이 좀 아파요ㅠㅠ ","polarity":{"com":0.004133592333608906,"pos":0.46380193909758677,"neg":0.4668260331644551,"neut":0.02871083793524739,"none":0.036527597469101836},"intensity":{"high":0.06809521913787302,"low":0.06753787133783587,"meium":0.827345426121823,"none":0.0370214834024681},"expressive":{"dir-action":0.0004938859333333334,"dir-explicit":0.20419447760000004,"dir-speech":0.5144268624,"indirect":0.24328128006666666,"writing-device":0.037603493999999994}},{"id":"장충동할매 족발보쌈","permalink":"","username":"asdfg","text":"맛 형편없음\n위생 막국수 야채는 검은색을 띄며 전채적인 야채들이 다 며칠된거 쓰는집인거같음","date":"Mon Dec 10 23:59:44 +0000 2018","retweets":"30","favorites":"20","mentions":[],"hashtags":[],"geo":"","raw":"맛 형편없음\n위생 막국수 야채는 검은색을 띄며 전채적인 야채들이 다 며칠된거 쓰는집인거같음","polarity":{"com":0.006502335667389148,"pos":0.5282246532809138,"neg":0.4270872062696764,"neut":0.02836646166981849,"none":0.00981934311220215},"intensity":{"high":0.02893190811111112,"low":0.04885659466666667,"meium":0.9110032652222223,"none":0.011208232000000002},"expressive":{"dir-action":0.0016683350001853706,"dir-explicit":0.11328650079036515,"dir-speech":0.5733316650637035,"indirect":0.13279648690364404,"writing-device":0.17891701224210188}},{"id":"장충동할매 족발보쌈","permalink":"","username":"asdfg","text":"족발 맛도 괜찮고 \n서비스도 푸짐함","date":"Mon Dec 10 23:59:44 +0000 2018","retweets":"30","favorites":"20","mentions":[],"hashtags":[],"geo":"","raw":"족발 맛도 괜찮고 \n서비스도 푸짐함","polarity":{"com":0.06666666666666667,"pos":0.8666666666666666,"neg":0.06666666666666667,"neut":0,"none":0},"intensity":{"high":0.03333333333333333,"low":0.39999999999999997,"meium":0.5666666666666667,"none":0},"expressive":{"dir-action":0,"dir-explicit":0.03333333333333333,"dir-speech":0.3333333333333333,"indirect":0.6333333333333333,"writing-device":0}},{"id":"장충동할매 족발보쌈","permalink":"","username":"asdfg","text":"첨 시켜봤는데 맛 괜찮았음","date":"Mon Dec 10 23:59:44 +0000 2018","retweets":"30","favorites":"20","mentions":[],"hashtags":[],"geo":"","raw":"첨 시켜봤는데 맛 괜찮았음","polarity":{"com":0,"pos":0.75,"neg":0.25,"neut":0,"none":0},"intensity":{"high":0,"low":0,"meium":1,"none":0},"expressive":{"dir-action":0,"dir-explicit":0,"dir-speech":0.75,"indirect":0.25,"writing-device":0}},{"id":"장충동할매 족발보쌈","permalink":"","username":"asdfg","text":"족발.보쌈 맛있지 말입니다 ","date":"Mon Dec 10 23:59:44 +0000 2018","retweets":"30","favorites":"20","mentions":[],"hashtags":[],"geo":"","raw":"족발.보쌈 맛있지 말입니다 ","polarity":{"com":0,"pos":0,"neg":0.9,"neut":0.1,"none":0},"intensity":{"high":0.1,"low":0.1,"meium":0.8,"none":0},"expressive":{"dir-action":0,"dir-explicit":0,"dir-speech":1,"indirect":0,"writing-device":0}},{"id":"장충동할매 족발보쌈","permalink":"","username":"asdfg","text":"사이드메뮤도 푸짐하네요.\n","date":"Mon Dec 10 23:59:44 +0000 2018","retweets":"30","favorites":"20","mentions":[],"hashtags":[],"geo":"","raw":"사이드메뮤도 푸짐하네요.\n","polarity":{"com":0.0155834405,"pos":0.4134491635,"neg":0.3174388675,"neut":0.0236593735,"none":0.229869155},"intensity":{"high":0.1284856285,"low":0.09918489899999999,"meium":0.5409588160000001,"none":0.2313706565},"expressive":{"dir-action":0.0015015014992492493,"dir-explicit":0.24901329887549334,"dir-speech":0.19504504490247748,"indirect":0.3266409268366795,"writing-device":0.22779922788610038}},{"id":"장충동할매 족발보쌈","permalink":"","username":"asdfg","text":"족발무침 양도 괜찮고 양념이 매콤해서 술안주로 만족해요","date":"Mon Dec 10 23:59:44 +0000 2018","retweets":"30","favorites":"20","mentions":[],"hashtags":[],"geo":"","raw":"족발무침 양도 괜찮고 양념이 매콤해서 술안주로 만족해요","polarity":{"com":0.018287009333333337,"pos":0.34811022500000005,"neg":0.5822783133333332,"neut":0.04037958666666667,"none":0.010944865666666666},"intensity":{"high":0.07328032869109345,"low":0.0720808913573603,"meium":0.8412244846137414,"none":0.013414295337804765},"expressive":{"dir-action":0.00246942966748981,"dir-explicit":0.57546974285849,"dir-speech":0.15044119005014708,"indirect":0.25820534208606843,"writing-device":0.013414295337804765}},{"id":"장충동할매 족발보쌈","permalink":"","username":"asdfg","text":"소중한 사람과 함께 먹으니 행복합니다.","date":"Mon Dec 10 23:59:44 +0000 2018","retweets":"30","favorites":"20","mentions":[],"hashtags":[],"geo":"","raw":"소중한 사람과 함께 먹으니 행복합니다.","polarity":{"com":0.063888889,"pos":0.69166666675,"neg":0.24444444425,"neut":0,"none":0},"intensity":{"high":0.19444444425000001,"low":0.04166666675,"meium":0.763888889,"none":0},"expressive":{"dir-action":0,"dir-explicit":0.42500000025,"dir-speech":0.23055555550000004,"indirect":0.34444444425000004,"writing-device":0}},{"id":"장충동할매 족발보쌈","permalink":"","username":"asdfg","text":"족발.보쌈 둘다 맛을볼수있어서 가족모두 좋아하는 메뉴입니다~~사이드메뉴도 입맛에 맞았어요","date":"Mon Dec 10 23:59:44 +0000 2018","retweets":"30","favorites":"20","mentions":[],"hashtags":[],"geo":"","raw":"족발.보쌈 둘다 맛을볼수있어서 가족모두 좋아하는 메뉴입니다~~사이드메뉴도 입맛에 맞았어요","polarity":{"com":0.007965037888003885,"pos":0.49134765016762805,"neg":0.21119929453208897,"neut":0.13397655354066926,"none":0.15551146387160983},"intensity":{"high":0.10102189023344686,"low":0.03288722889254302,"meium":0.7105794169678422,"none":0.15551146390616793},"expressive":{"dir-action":0,"dir-explicit":0.30847079577777775,"dir-speech":0.42652505444444444,"indirect":0.10347805788888889,"writing-device":0.1615260918888889}},{"id":"장충동할매 족발보쌈","permalink":"","username":"asdfg","text":"야들야들한 족발 맛있어요..\n사이드메뉴인 쟁반국수 새콤한게  별미에요.","date":"Mon Dec 10 23:59:44 +0000 2018","retweets":"30","favorites":"20","mentions":[],"hashtags":[],"geo":"","raw":"야들야들한 족발 맛있어요..\n사이드메뉴인 쟁반국수 새콤한게  별미에요.","polarity":{"com":0.003831417665389526,"pos":0.23548482158817172,"neg":0.6212791041262402,"neut":0.07427055697524317,"none":0.06513409964495528},"intensity":{"high":0.06395520197868161,"low":0.11906867096031043,"meium":0.7480106097506631,"none":0.06896551731034482},"expressive":{"dir-action":0.003831417667943806,"dir-explicit":0.15620394938540133,"dir-speech":0.7020335985673445,"indirect":0.06130268202043423,"writing-device":0.07662835235887612}},{"id":"장충동할매 족발보쌈","permalink":"","username":"asdfg","text":"배달시킨지 1시간 다되서오고 고기는 다식었고 쟁반국수는 면이불어서 풀어지지도 않고 뭉쳐있네요 김치전도 다식어서 기름기있고ㅡㅡ","date":"Mon Dec 10 23:59:44 +0000 2018","retweets":"30","favorites":"20","mentions":[],"hashtags":[],"geo":"","raw":"배달시킨지 1시간 다되서오고 고기는 다식었고 쟁반국수는 면이불어서 풀어지지도 않고 뭉쳐있네요 김치전도 다식어서 기름기있고ㅡㅡ","polarity":{"com":0.010059551180903677,"pos":0.422217637416162,"neg":0.266492420521228,"neut":0.16745174171204982,"none":0.1337786491696565},"intensity":{"high":0.1784648241818182,"low":0.0678851189090909,"meium":0.6194709271818181,"none":0.13417912972727272},"expressive":{"dir-action":0.0004004805453817308,"dir-explicit":0.2585013096802725,"dir-speech":0.4702618119144979,"indirect":0.1330824362485305,"writing-device":0.13775396161131748}},{"id":"장충동할매 족발보쌈","permalink":"","username":"asdfg","text":"아주 맛있는 보쌈이에요..2번째 주문합니다","date":"Mon Dec 10 23:59:44 +0000 2018","retweets":"30","favorites":"20","mentions":[],"hashtags":[],"geo":"","raw":"아주 맛있는 보쌈이에요..2번째 주문합니다","polarity":{"com":0,"pos":0.875,"neg":0.125,"neut":0,"none":0},"intensity":{"high":0.125,"low":0,"meium":0.875,"none":0},"expressive":{"dir-action":0,"dir-explicit":0.5,"dir-speech":0.125,"indirect":0.375,"writing-device":0}},{"id":"장충동할매 족발보쌈","permalink":"","username":"asdfg","text":"보쌈과 김치가 환상적임","date":"Mon Dec 10 23:59:44 +0000 2018","retweets":"30","favorites":"20","mentions":[],"hashtags":[],"geo":"","raw":"보쌈과 김치가 환상적임","polarity":{"com":0.0187728936729243,"pos":0.3292124544430708,"neg":0.6034798535344933,"neut":0.03960622701320208,"none":0.00892857133630952},"intensity":{"high":0.07921245433333333,"low":0.08699633699999998,"meium":0.8218864466666667,"none":0.011904762000000003},"expressive":{"dir-action":0,"dir-explicit":0.548076923,"dir-speech":0.18108974366666666,"indirect":0.26190476199999996,"writing-device":0.00892857133333333}},{"id":"장충동할매 족발보쌈","permalink":"","username":"asdfg","text":"사이드메뉴도 맛 일품입니다","date":"Mon Dec 10 23:59:44 +0000 2018","retweets":"30","favorites":"20","mentions":[],"hashtags":[],"geo":"","raw":"사이드메뉴도 맛 일품입니다","polarity":{"com":0.015009337,"pos":0.2999533145,"neg":0.30317460350000003,"neut":0.052894491,"none":0.328968254},"intensity":{"high":0.135154061567577,"low":0.09799253004899626,"meium":0.4378851542189426,"none":0.32896825416448416},"expressive":{"dir-action":0,"dir-explicit":0.30200746984899624,"dir-speech":0.2513071893743464,"indirect":0.1114845939442577,"writing-device":0.33520074683239964}},{"id":"장충동할매 족발보쌈","permalink":"","username":"asdfg","text":"보쌈고기 부드러워요.\n김치도 달콤하고^^","date":"Mon Dec 10 23:59:44 +0000 2018","retweets":"30","favorites":"20","mentions":[],"hashtags":[],"geo":"","raw":"보쌈고기 부드러워요.\n김치도 달콤하고^^","polarity":{"com":0.010388960333333334,"pos":0.27563277566666666,"neg":0.21162591166666667,"neut":0.3491062489999999,"none":0.15324610333333333},"intensity":{"high":0.08565708566666667,"low":0.066123266,"meium":0.6939725440000001,"none":0.15424710433333333},"expressive":{"dir-action":0.001001000999666333,"dir-explicit":0.1660088659446637,"dir-speech":0.46336336317887883,"indirect":0.2177606179274131,"writing-device":0.15186615194937794}},{"id":"장충동할매 족발보쌈","permalink":"","username":"asdfg","text":"맛 조쿠 배달도 빨라서 조쿠","date":"Mon Dec 10 23:59:44 +0000 2018","retweets":"30","favorites":"20","mentions":[],"hashtags":[],"geo":"","raw":"맛 조쿠 배달도 빨라서 조쿠","polarity":{"com":0,"pos":1,"neg":0,"neut":0,"none":0},"intensity":{"high":0,"low":0.111111111,"meium":0.888888889,"none":0},"expressive":{"dir-action":0,"dir-explicit":0,"dir-speech":0.6666666666666666,"indirect":0.3333333333333333,"writing-device":0}},{"id":"장충동할매 족발보쌈","permalink":"","username":"asdfg","text":"맛있어서 버릴게 없네요","date":"Mon Dec 10 23:59:44 +0000 2018","retweets":"30","favorites":"20","mentions":[],"hashtags":[],"geo":"","raw":"맛있어서 버릴게 없네요","polarity":{"com":0,"pos":0,"neg":1,"neut":0,"none":0},"intensity":{"high":0,"low":0.1666666665,"meium":0.8333333334999999,"none":0},"expressive":{"dir-action":0,"dir-explicit":0.3333333335,"dir-speech":0.6666666665000001,"indirect":0,"writing-device":0}},{"id":"장충동할매 족발보쌈","permalink":"","username":"asdfg","text":"족발 냄새도 않나고 맛있게먹었어요","date":"Mon Dec 10 23:59:44 +0000 2018","retweets":"30","favorites":"20","mentions":[],"hashtags":[],"geo":"","raw":"족발 냄새도 않나고 맛있게먹었어요","polarity":{"com":0,"pos":0.111111111,"neg":0.888888889,"neut":0,"none":0},"intensity":{"high":0.37037037033333337,"low":0.074074074,"meium":0.5555555556666666,"none":0},"expressive":{"dir-action":0,"dir-explicit":0.074074074,"dir-speech":0.5925925926666666,"indirect":0.3333333333333333,"writing-device":0}},{"id":"장충동할매 족발보쌈","permalink":"","username":"asdfg","text":"배송시켰어용 맛있길 기대해봅니당 음료수대신 소주달라고했는데 소족하러궁ㅎ","date":"Mon Dec 10 23:59:44 +0000 2018","retweets":"30","favorites":"20","mentions":[],"hashtags":[],"geo":"","raw":"배송시켰어용 맛있길 기대해봅니당 음료수대신 소주달라고했는데 소족하러궁ㅎ","polarity":{"com":0.01579831966929972,"pos":0.39635990373272667,"neg":0.4990734904165122,"neut":0.04688224000781371,"none":0.04188604617364767},"intensity":{"high":0.11582284162805906,"low":0.0892115849702628,"meium":0.7504469724165176,"none":0.044518600985160466},"expressive":{"dir-action":0.015448648164091887,"dir-explicit":0.26211164628964806,"dir-speech":0.4239556624293407,"indirect":0.24978929945836845,"writing-device":0.04869474365855087}},{"id":"장충동할매 족발보쌈","permalink":"","username":"asdfg","text":"매운족발무침 짱...\n강추요","date":"Mon Dec 10 23:59:44 +0000 2018","retweets":"30","favorites":"20","mentions":[],"hashtags":[],"geo":"","raw":"매운족발무침 짱...\n강추요","polarity":{"com":null,"pos":null,"neg":null,"neut":null,"none":null},"intensity":{"high":null,"low":null,"meium":null,"none":null},"expressive":{"dir-action":null,"dir-explicit":null,"dir-speech":null,"indirect":null,"writing-device":null}},{"id":"장충동할매 족발보쌈","permalink":"","username":"asdfg","text":"족발무침 매운맛이라 술안주로 좋아여","date":"Mon Dec 10 23:59:44 +0000 2018","retweets":"30","favorites":"20","mentions":[],"hashtags":[],"geo":"","raw":"족발무침 매운맛이라 술안주로 좋아여","polarity":{"com":0.007625272333333333,"pos":0.657429194,"neg":0.217037037,"neut":0.030501089333333332,"none":0.08740740733333334},"intensity":{"high":0.10915032670305011,"low":0.04056644868018882,"meium":0.762875817254292,"none":0.08740740736246914},"expressive":{"dir-action":0,"dir-explicit":0.33943355133333336,"dir-speech":0.3564270153333334,"indirect":0.21019607833333337,"writing-device":0.09394335500000002}},{"id":"장충동할매 족발보쌈","permalink":"","username":"asdfg","text":"부드러운 족발~~ 아이들이 맛있게 먹어서 기분 좋습니다.","date":"Mon Dec 10 23:59:44 +0000 2018","retweets":"30","favorites":"20","mentions":[],"hashtags":[],"geo":"","raw":"부드러운 족발~~ 아이들이 맛있게 먹어서 기분 좋습니다.","polarity":{"com":0,"pos":0.58333333325,"neg":0.29166666674999997,"neut":0.125,"none":0},"intensity":{"high":0.15277777775,"low":0.0555555555,"meium":0.79166666675,"none":0},"expressive":{"dir-action":0,"dir-explicit":0.4305555555,"dir-speech":0.4444444445,"indirect":0.125,"writing-device":0}},{"id":"장충동할매 족발보쌈","permalink":"","username":"asdfg","text":"족발 양도 많고 맛있어여..","date":"Mon Dec 10 23:59:44 +0000 2018","retweets":"30","favorites":"20","mentions":[],"hashtags":[],"geo":"","raw":"족발 양도 많고 맛있어여..","polarity":{"com":0,"pos":0.195652174,"neg":0.7826086955,"neut":0.0217391305,"none":0},"intensity":{"high":0.1304347825652174,"low":0.10869565205434782,"meium":0.7608695653804347,"none":0},"expressive":{"dir-action":0,"dir-explicit":0.2608695651304348,"dir-speech":0.6086956523043479,"indirect":0.1304347825652174,"writing-device":0}},{"id":"장충동할매 족발보쌈","permalink":"","username":"asdfg","text":"족발무침 매운맛 맥주안주로 짱 좋네요","date":"Mon Dec 10 23:59:44 +0000 2018","retweets":"30","favorites":"20","mentions":[],"hashtags":[],"geo":"","raw":"족발무침 매운맛 맥주안주로 짱 좋네요","polarity":{"com":0,"pos":0.92,"neg":0.04,"neut":0,"none":0.04},"intensity":{"high":0.2,"low":0.04,"meium":0.72,"none":0.04},"expressive":{"dir-action":0,"dir-explicit":0.6,"dir-speech":0.2,"indirect":0.16,"writing-device":0.04}},{"id":"장충동할매 족발보쌈","permalink":"","username":"asdfg","text":"기다리는중 맛있길 바람","date":"Mon Dec 10 23:59:44 +0000 2018","retweets":"30","favorites":"20","mentions":[],"hashtags":[],"geo":"","raw":"기다리는중 맛있길 바람","polarity":{"com":0,"pos":1,"neg":0,"neut":0,"none":0},"intensity":{"high":0,"low":0.222222222,"meium":0.7777777779999999,"none":0},"expressive":{"dir-action":0,"dir-explicit":0.4444444446666667,"dir-speech":0.222222222,"indirect":0.3333333333333333,"writing-device":0}},{"id":"장충동할매 족발보쌈","permalink":"","username":"asdfg","text":"여기 먹지마요\n티비에 나왔던 이룸만 빌리고 여러가지 배달음식 하는곳인듯\n방금 치킨시키려다 뭐시키실 건데요 하는게 거슬려서 됐다 했는데\n여기서 똑같은 사람이 받아서 똑같은 레퍼토리로 뭐시키실건데요 함\n이런곳은 싸그리 다 망해야함","date":"Mon Dec 10 23:59:44 +0000 2018","retweets":"30","favorites":"20","mentions":[],"hashtags":[],"geo":"","raw":"여기 먹지마요\n티비에 나왔던 이룸만 빌리고 여러가지 배달음식 하는곳인듯\n방금 치킨시키려다 뭐시키실 건데요 하는게 거슬려서 됐다 했는데\n여기서 똑같은 사람이 받아서 똑같은 레퍼토리로 뭐시키실건데요 함\n이런곳은 싸그리 다 망해야함","polarity":{"com":0.023611172908937182,"pos":0.38020392989039925,"neg":0.3899980517147829,"neut":0.042612687036067354,"none":0.16357415844981318},"intensity":{"high":0.10108767417344015,"low":0.09511711256734039,"meium":0.6382220543312078,"none":0.1655731589280117},"expressive":{"dir-action":0.007520049522393048,"dir-explicit":0.1946191187125756,"dir-speech":0.5206634362626663,"indirect":0.10399478366121695,"writing-device":0.1732026118411481}},{"id":"장충동할매 족발보쌈","permalink":"","username":"asdfg","text":"해당 리뷰는 배달통 운영 원칙에 따라 블라인드 처리 되었습니다.","date":"Mon Dec 10 23:59:44 +0000 2018","retweets":"30","favorites":"20","mentions":[],"hashtags":[],"geo":"","raw":"해당 리뷰는 배달통 운영 원칙에 따라 블라인드 처리 되었습니다.","polarity":{"com":0,"pos":0.4126984127063492,"neg":0.3075396826537698,"neut":0.2043650793521825,"none":0.07539682528769841},"intensity":{"high":0.035714285750000005,"low":0.08730158725,"meium":0.80158730175,"none":0.07539682525000001},"expressive":{"dir-action":0,"dir-explicit":0.44246031761061505,"dir-speech":0.2777777778194444,"indirect":0.20039682530009917,"writing-device":0.07936507926984127}},{"id":"장충동할매 족발보쌈","permalink":"","username":"asdfg","text":"족발 피고름\n쟁반국수 떡\n답도없음","date":"Mon Dec 10 23:59:44 +0000 2018","retweets":"30","favorites":"20","mentions":[],"hashtags":[],"geo":"","raw":"족발 피고름\n쟁반국수 떡\n답도없음","polarity":{"com":0,"pos":0.5,"neg":0.5,"neut":0,"none":0},"intensity":{"high":0,"low":0,"meium":1,"none":0},"expressive":{"dir-action":0,"dir-explicit":0.16666666658333332,"dir-speech":0.6666666668333333,"indirect":0.16666666658333332,"writing-device":0}},{"id":"장충동할매 족발보쌈","permalink":"","username":"asdfg","text":"극혐 진짜 족발에 피고름 그대로잇고 뻣뻣해서 턱이다아프네요 쟁반국수도 삶은지 하루는지낫는지 이게떡인지 국수인지도모르겠고 소스에선 참기름맛밖에안나고 제일맛잇는게 쌈장이네요  \n상추에선 날파리나오고 하..다신안먹어","date":"Mon Dec 10 23:59:44 +0000 2018","retweets":"30","favorites":"20","mentions":[],"hashtags":[],"geo":"","raw":"극혐 진짜 족발에 피고름 그대로잇고 뻣뻣해서 턱이다아프네요 쟁반국수도 삶은지 하루는지낫는지 이게떡인지 국수인지도모르겠고 소스에선 참기름맛밖에안나고 제일맛잇는게 쌈장이네요  \n상추에선 날파리나오고 하..다신안먹어","polarity":{"com":0.03175549975264628,"pos":0.45038689778753216,"neg":0.3785010176982083,"neut":0.04526620792043883,"none":0.0940903768411742},"intensity":{"high":0.10692772134669933,"low":0.1426374631428297,"meium":0.6562193135403608,"none":0.0942155019701103},"expressive":{"dir-action":0.0031013155833333333,"dir-explicit":0.21528666200000002,"dir-speech":0.4751487769166667,"indirect":0.21245053300000002,"writing-device":0.09401271250000003}},{"id":"장충동할매 족발보쌈","permalink":"","username":"asdfg","text":"여기 소자리시켜두 양도많이주시고 좋아요~~","date":"Mon Dec 10 23:59:44 +0000 2018","retweets":"30","favorites":"20","mentions":[],"hashtags":[],"geo":"","raw":"여기 소자리시켜두 양도많이주시고 좋아요~~","polarity":{"com":0,"pos":0.81333333325,"neg":0.17666666675,"neut":0,"none":0.01},"intensity":{"high":0.05,"low":0.30166666675,"meium":0.6383333332500001,"none":0.01},"expressive":{"dir-action":0,"dir-explicit":0.275,"dir-speech":0.59166666675,"indirect":0.12333333325000001,"writing-device":0.01}},{"id":"장충동할매 족발보쌈","permalink":"","username":"asdfg","text":"속도는 양은 빠르고 많은데 맛은 품질이 떨어지네요... ㅠ","date":"Mon Dec 10 23:59:44 +0000 2018","retweets":"30","favorites":"20","mentions":[],"hashtags":[],"geo":"","raw":"속도는 양은 빠르고 많은데 맛은 품질이 떨어지네요... ㅠ","polarity":{"com":0,"pos":0.856884058,"neg":0.13586956516666668,"neut":0.007246376833333333,"none":0},"intensity":{"high":0.16847826086141307,"low":0.09178743951529791,"meium":0.739734299623289,"none":0},"expressive":{"dir-action":0,"dir-explicit":0.17028985502838165,"dir-speech":0.2028985507004831,"indirect":0.6268115942711353,"writing-device":0}},{"id":"장충동할매 족발보쌈","permalink":"","username":"asdfg","text":"기다리는중!!\n어떨지 기대되네요 ㅋㅋ","date":"Mon Dec 10 23:59:44 +0000 2018","retweets":"30","favorites":"20","mentions":[],"hashtags":[],"geo":"","raw":"기다리는중!!\n어떨지 기대되네요 ㅋㅋ","polarity":{"com":0,"pos":1,"neg":0,"neut":0,"none":0},"intensity":{"high":0,"low":0.1666666665,"meium":0.8333333334999999,"none":0},"expressive":{"dir-action":0,"dir-explicit":0.3333333335,"dir-speech":0.1666666665,"indirect":0.5,"writing-device":0}},{"id":"장충동할매 족발보쌈","permalink":"","username":"asdfg","text":"시켜먹을만 한거같아요 배달 오는것도 적당하구요 ㅎㅎ","date":"Mon Dec 10 23:59:44 +0000 2018","retweets":"30","favorites":"20","mentions":[],"hashtags":[],"geo":"","raw":"시켜먹을만 한거같아요 배달 오는것도 적당하구요 ㅎㅎ","polarity":{"com":0.0034320034285714287,"pos":0.35928479500000005,"neg":0.4696083838571428,"neut":0.07614757614285715,"none":0.09152724157142858},"intensity":{"high":0.1338757124094463,"low":0.08457437027363222,"meium":0.689593675330058,"none":0.09195624198686339},"expressive":{"dir-action":0.0004290004285714286,"dir-explicit":0.1647974504285714,"dir-speech":0.33010357300000004,"indirect":0.2698565912857143,"writing-device":0.23481338485714282}},{"id":"장충동할매 족발보쌈","permalink":"","username":"asdfg","text":"보쌈시켰는데 냄새도 안나고 부드럽고 기대이상이예요~","date":"Mon Dec 10 23:59:44 +0000 2018","retweets":"30","favorites":"20","mentions":[],"hashtags":[],"geo":"","raw":"보쌈시켰는데 냄새도 안나고 부드럽고 기대이상이예요~","polarity":{"com":0.005139500666666667,"pos":0.5210270843333333,"neg":0.4264306983333333,"neut":0.035517621166666666,"none":0.0118850955},"intensity":{"high":0.28498225650000003,"low":0.031285691000000004,"meium":0.6711127426666668,"none":0.012619309833333335},"expressive":{"dir-action":0.009993473668332245,"dir-explicit":0.5400809675900134,"dir-speech":0.1284926170214154,"indirect":0.29839696521639947,"writing-device":0.023035976503839324}},{"id":"장충동할매 족발보쌈","permalink":"","username":"asdfg","text":"해당 리뷰는 배달통 운영 원칙에 따라 블라인드 처리 되었습니다.","date":"Mon Dec 10 23:59:44 +0000 2018","retweets":"30","favorites":"20","mentions":[],"hashtags":[],"geo":"","raw":"해당 리뷰는 배달통 운영 원칙에 따라 블라인드 처리 되었습니다.","polarity":{"com":0,"pos":0.4126984127063492,"neg":0.3075396826537698,"neut":0.2043650793521825,"none":0.07539682528769841},"intensity":{"high":0.035714285750000005,"low":0.08730158725,"meium":0.80158730175,"none":0.07539682525000001},"expressive":{"dir-action":0,"dir-explicit":0.44246031761061505,"dir-speech":0.2777777778194444,"indirect":0.20039682530009917,"writing-device":0.07936507926984127}},{"id":"장충동할매 족발보쌈","permalink":"","username":"asdfg","text":"\n 가격대비 무척 좋습니다\n\n 맛도 있고요","date":"Mon Dec 10 23:59:44 +0000 2018","retweets":"30","favorites":"20","mentions":[],"hashtags":[],"geo":"","raw":"\n 가격대비 무척 좋습니다\n\n 맛도 있고요","polarity":{"com":0.00223214275,"pos":0.5848214285,"neg":0.2901785715,"neut":0.0089285715,"none":0.11383928575},"intensity":{"high":0.13616071425,"low":0.01339285725,"meium":0.73660714275,"none":0.11383928575},"expressive":{"dir-action":0,"dir-explicit":0.04910714275,"dir-speech":0.30133928575,"indirect":0.53571428575,"writing-device":0.11383928575}},{"id":"장충동할매 족발보쌈","permalink":"","username":"asdfg","text":"부침개 안주시는게 나을뻔했어여\n부침개가 다 타고 뻑뻑하기까지 해서뤼\n글구 고기 핏기를 제대로 안빼서인지 약간 냄새가 나더라는...\n저번에는 맛나게 먹었었는데\nㅠㅡㅠ","date":"Mon Dec 10 23:59:44 +0000 2018","retweets":"30","favorites":"20","mentions":[],"hashtags":[],"geo":"","raw":"부침개 안주시는게 나을뻔했어여\n부침개가 다 타고 뻑뻑하기까지 해서뤼\n글구 고기 핏기를 제대로 안빼서인지 약간 냄새가 나더라는...\n저번에는 맛나게 먹었었는데\nㅠㅡㅠ","polarity":{"com":0.08261056792943158,"pos":0.3302486468715576,"neg":0.4284884181868069,"neut":0.127303801394408,"none":0.031348565617796045},"intensity":{"high":0.08581600307032186,"low":0.279433996901582,"meium":0.6018304478767823,"none":0.03291955215131388},"expressive":{"dir-action":0.0018640851537027625,"dir-explicit":0.29117150443914064,"dir-speech":0.35948956951080846,"indirect":0.30695510597638803,"writing-device":0.04051973491996001}},{"id":"장충동할매 족발보쌈","permalink":"","username":"asdfg","text":"카드결제시 상호가 음식한마당인걸로 보아 야식집이나 이것저것 하는거 같은데 족발은 무슨 냉동족발 같은거 오고 진짜 맛도 없네\n양심적으로 장사합시다.","date":"Mon Dec 10 23:59:44 +0000 2018","retweets":"30","favorites":"20","mentions":[],"hashtags":[],"geo":"","raw":"카드결제시 상호가 음식한마당인걸로 보아 야식집이나 이것저것 하는거 같은데 족발은 무슨 냉동족발 같은거 오고 진짜 맛도 없네\n양심적으로 장사합시다.","polarity":{"com":0.00844930206610338,"pos":0.46421733336905224,"neg":0.37472185204168523,"neut":0.10278840652648079,"none":0.04982310599667846},"intensity":{"high":0.06682282726221182,"low":0.0554926179963005,"meium":0.7590426420160639,"none":0.11864191272542389},"expressive":{"dir-action":0.0011963910668261854,"dir-explicit":0.2111544374281539,"dir-speech":0.4263347668568446,"indirect":0.20129831962683975,"writing-device":0.16001608502133544}},{"id":"장충동할매 족발보쌈","permalink":"","username":"asdfg","text":"보쌈이 정말 맛이 끝내줍니다","date":"Mon Dec 10 23:59:44 +0000 2018","retweets":"30","favorites":"20","mentions":[],"hashtags":[],"geo":"","raw":"보쌈이 정말 맛이 끝내줍니다","polarity":{"com":0.015418501999999997,"pos":0.7158590309999999,"neg":0.22026431699999993,"neut":0.04405286349999999,"none":0.004405286499999999},"intensity":{"high":0.05286343602643172,"low":0.06607929503303965,"meium":0.8744493394372247,"none":0.006607929503303965},"expressive":{"dir-action":0.002202643001101321,"dir-explicit":0.2070484581035242,"dir-speech":0.6806167403403084,"indirect":0.1035242290517621,"writing-device":0.006607929503303964}},{"id":"장충동할매 족발보쌈","permalink":"","username":"asdfg","text":"친절 하세요 맛두 최고구요 전 김치에  고기에 싸먹으니 너무 맛있더라구요^^\n\n","date":"Mon Dec 10 23:59:44 +0000 2018","retweets":"30","favorites":"20","mentions":[],"hashtags":[],"geo":"","raw":"친절 하세요 맛두 최고구요 전 김치에  고기에 싸먹으니 너무 맛있더라구요^^\n\n","polarity":{"com":0.023809523833333332,"pos":0.3941798941666667,"neg":0.24867724866666666,"neut":0.3333333333333333,"none":0},"intensity":{"high":0.171957672,"low":0.22751322750000003,"meium":0.6005291005,"none":0},"expressive":{"dir-action":0,"dir-explicit":0.13227513216666667,"dir-speech":0.6772486773333334,"indirect":0.1904761905,"writing-device":0}},{"id":"장충동할매 족발보쌈","permalink":"","username":"asdfg","text":"방금 시켰는데 빠른배달 부탁드려요 ","date":"Mon Dec 10 23:59:44 +0000 2018","retweets":"30","favorites":"20","mentions":[],"hashtags":[],"geo":"","raw":"방금 시켰는데 빠른배달 부탁드려요 ","polarity":{"com":0,"pos":1,"neg":0,"neut":0,"none":0},"intensity":{"high":0,"low":0.1666666665,"meium":0.8333333334999999,"none":0},"expressive":{"dir-action":0,"dir-explicit":0,"dir-speech":0.5,"indirect":0.5,"writing-device":0}},{"id":"장충동할매 족발보쌈","permalink":"","username":"asdfg","text":"양이 대만족~!\n구성도 충실하니 맛나게 먹었네용ㅎ","date":"Mon Dec 10 23:59:44 +0000 2018","retweets":"30","favorites":"20","mentions":[],"hashtags":[],"geo":"","raw":"양이 대만족~!\n구성도 충실하니 맛나게 먹었네용ㅎ","polarity":{"com":0,"pos":0.333333333,"neg":0.666666667,"neut":0,"none":0},"intensity":{"high":0.111111111,"low":0.222222222,"meium":0.666666667,"none":0},"expressive":{"dir-action":0,"dir-explicit":0.222222222,"dir-speech":0.777777778,"indirect":0,"writing-device":0}},{"id":"장충동할매 족발보쌈","permalink":"","username":"asdfg","text":"보쌈 소짜 시켜먹었는데 그럭저럭 괜찮았어요 여자둘이 먹기는 충분한 양이었어요.\n근데 마늘만 주시고 고추는 안주시던뎅. 한개정도는썰어서 주시면 좋겠어요~\n김치전과 막국수만 먹어도 배부를정도로 양이좋구요~ 가격값은 했다고 생각되네요~\n","date":"Mon Dec 10 23:59:44 +0000 2018","retweets":"30","favorites":"20","mentions":[],"hashtags":[],"geo":"","raw":"보쌈 소짜 시켜먹었는데 그럭저럭 괜찮았어요 여자둘이 먹기는 충분한 양이었어요.\n근데 마늘만 주시고 고추는 안주시던뎅. 한개정도는썰어서 주시면 좋겠어요~\n김치전과 막국수만 먹어도 배부를정도로 양이좋구요~ 가격값은 했다고 생각되네요~\n","polarity":{"com":0.004696373579688902,"pos":0.3919929026408411,"neg":0.3748833992697185,"neut":0.09684381333108062,"none":0.1315835111786711},"intensity":{"high":0.0775123740040796,"low":0.10284597637383398,"meium":0.6344316888754964,"none":0.18520996074659},"expressive":{"dir-action":0.0009948706316836708,"dir-explicit":0.25882883476408725,"dir-speech":0.33124135545592015,"indirect":0.2737933281867151,"writing-device":0.13514161096159388}}]