[{"id":"장충족발콜센터","permalink":"","username":"asdfg","text":"너무 맛있어요^^ 포장도 깔끔하고 막국수도 어쩜 간도 딱!! 반찬 하나하나 다 맛있네요~ ","date":"Mon Dec 10 23:59:44 +0000 2018","retweets":"30","favorites":"20","mentions":[],"hashtags":[],"geo":"","raw":"너무 맛있어요^^ 포장도 깔끔하고 막국수도 어쩜 간도 딱!! 반찬 하나하나 다 맛있네요~ ","polarity":{"com":0.029004004,"pos":0.4681735306666666,"neg":0.37069390816666664,"neut":0.007886457833333334,"none":0.12424209933333334},"intensity":{"high":0.11425711431429048,"low":0.09853782348357702,"meium":0.6624624623895896,"none":0.12474259981254289},"expressive":{"dir-action":0.0005005004998331665,"dir-explicit":0.3330044328889985,"dir-speech":0.16025311027991562,"indirect":0.38268983270577,"writing-device":0.12355212362548261}},{"id":"장충족발콜센터","permalink":"","username":"asdfg","text":"맛있어보이는 두번째 주문인데 좋아요~~잘먹을께요","date":"Mon Dec 10 23:59:44 +0000 2018","retweets":"30","favorites":"20","mentions":[],"hashtags":[],"geo":"","raw":"맛있어보이는 두번째 주문인데 좋아요~~잘먹을께요","polarity":{"com":0,"pos":0.7991964286997991,"neg":0.15732142853933037,"neut":0.03348214275837053,"none":0.0100000000025},"intensity":{"high":0.065625,"low":0.1416964285,"meium":0.7826785715,"none":0.01},"expressive":{"dir-action":0,"dir-explicit":0.6098214285,"dir-speech":0.13258928575,"indirect":0.24758928575,"writing-device":0.01}},{"id":"장충족발콜센터","permalink":"","username":"asdfg","text":"항상 맛 있어요!!!!!","date":"Mon Dec 10 23:59:44 +0000 2018","retweets":"30","favorites":"20","mentions":[],"hashtags":[],"geo":"","raw":"항상 맛 있어요!!!!!","polarity":{"com":0.0044642855,"pos":0.669642857,"neg":0.080357143,"neut":0.017857143,"none":0.2276785715},"intensity":{"high":0.0223214285,"low":0.0267857145,"meium":0.7232142855,"none":0.2276785715},"expressive":{"dir-action":0,"dir-explicit":0.3482142855,"dir-speech":0.3526785715,"indirect":0.0714285715,"writing-device":0.2276785715}},{"id":"장충족발콜센터","permalink":"","username":"asdfg","text":"잘먹겠습니다!","date":"Mon Dec 10 23:59:44 +0000 2018","retweets":"30","favorites":"20","mentions":[],"hashtags":[],"geo":"","raw":"잘먹겠습니다!!!!!!!!!","polarity":{"com":0,"pos":0.7142857147142857,"neg":0.21428571421428572,"neut":0.07142857107142857,"none":0},"intensity":{"high":0,"low":0.214285714,"meium":0.785714286,"none":0},"expressive":{"dir-action":0,"dir-explicit":0.214285714,"dir-speech":0.142857143,"indirect":0.642857143,"writing-device":0}},{"id":"장충족발콜센터","permalink":"","username":"asdfg","text":"맛있게먹었어요^^다음또시킬께요","date":"Mon Dec 10 23:59:44 +0000 2018","retweets":"30","favorites":"20","mentions":[],"hashtags":[],"geo":"","raw":"맛있게먹었어요^^다음또시킬께요","polarity":{"com":0,"pos":0.111111111,"neg":0.888888889,"neut":0,"none":0},"intensity":{"high":0.037037037,"low":0.074074074,"meium":0.888888889,"none":0},"expressive":{"dir-action":0,"dir-explicit":0.074074074,"dir-speech":0.925925926,"indirect":0,"writing-device":0}},{"id":"장충족발콜센터","permalink":"","username":"asdfg","text":"맛있네요 배달도 빠르고 ~ 많이 파세요","date":"Mon Dec 10 23:59:44 +0000 2018","retweets":"30","favorites":"20","mentions":[],"hashtags":[],"geo":"","raw":"맛있네요 배달도 빠르고 ~ 많이 파세요","polarity":{"com":0,"pos":0.40476190475,"neg":0.5674603175,"neut":0.027777777750000003,"none":0},"intensity":{"high":0.10714285722321429,"low":0.2936507936765873,"meium":0.5992063491001984,"none":0},"expressive":{"dir-action":0,"dir-explicit":0.126984127,"dir-speech":0.42460317475,"indirect":0.44841269825,"writing-device":0}},{"id":"장충족발콜센터","permalink":"","username":"asdfg","text":"역쉬 족발은 황금 족발입니다~보내주신 쟁반국수도 짱입니다","date":"Mon Dec 10 23:59:44 +0000 2018","retweets":"30","favorites":"20","mentions":[],"hashtags":[],"geo":"","raw":"역쉬 족발은 황금 족발입니다~보내주신 쟁반국수도 짱입니다","polarity":{"com":0.02090026233333334,"pos":0.37572467766666673,"neg":0.37162586333333336,"neut":0.07230161366666667,"none":0.159447583},"intensity":{"high":0.11886562511886563,"low":0.09966397076633064,"meium":0.6220228209553562,"none":0.15944758315944757},"expressive":{"dir-action":0,"dir-explicit":0.36926258300000003,"dir-speech":0.3215169306666667,"indirect":0.13670100799999998,"writing-device":0.17251947833333334}},{"id":"장충족발콜센터","permalink":"","username":"asdfg","text":"맛있게 잘먹었어요~~~~","date":"Mon Dec 10 23:59:44 +0000 2018","retweets":"30","favorites":"20","mentions":[],"hashtags":[],"geo":"","raw":"맛있게 잘먹었어요~~~~","polarity":{"com":0,"pos":0.35714285717857136,"neg":0.6071428573035714,"neut":0.03571428551785714,"none":0},"intensity":{"high":0,"low":0.107142857,"meium":0.8928571430000001,"none":0},"expressive":{"dir-action":0,"dir-explicit":0.107142857,"dir-speech":0.5714285715,"indirect":0.3214285715,"writing-device":0}},{"id":"장충족발콜센터","permalink":"","username":"asdfg","text":"오랜만에 보쌈시켰는데 앞으로 여기서만 주문해야겠네요ㅎㅎ정말정말 맛있었어요!","date":"Mon Dec 10 23:59:44 +0000 2018","retweets":"30","favorites":"20","mentions":[],"hashtags":[],"geo":"","raw":"오랜만에 보쌈시켰는데 앞으로 여기서만 주문해야겠네요ㅎㅎ정말정말 맛있었어요!","polarity":{"com":0,"pos":0.3678774927279796,"neg":0.4814814815802469,"neut":0.03632478633938746,"none":0.11431623935238605},"intensity":{"high":0.1282051283119658,"low":0.07336182332110636,"meium":0.6841168090526473,"none":0.11431623931428062},"expressive":{"dir-action":0.009259259331790122,"dir-explicit":0.21438746446426873,"dir-speech":0.5658831907390194,"indirect":0.0726495726545584,"writing-device":0.13782051281036323}},{"id":"장충족발콜센터","permalink":"","username":"asdfg","text":"맜잇습니다 담에또먹고싶은맛임","date":"Mon Dec 10 23:59:44 +0000 2018","retweets":"30","favorites":"20","mentions":[],"hashtags":[],"geo":"","raw":"맜잇습니다 담에또먹고싶은맛임","polarity":{"com":0.030303030323232324,"pos":0.5779220778073594,"neg":0.23376623392207796,"neut":0,"none":0.15800865794733046},"intensity":{"high":0.015151515005050504,"low":0.04545454534848485,"meium":0.7813852815937951,"none":0.15800865805266956},"expressive":{"dir-action":0,"dir-explicit":0.13852813866666666,"dir-speech":0.458874459,"indirect":0.196969697,"writing-device":0.20562770533333333}},{"id":"장충족발콜센터","permalink":"","username":"asdfg","text":"배달도 빠르고 맛있어요ㅎㅎ만족 대만족ㅋㅋ 담에 또시킬께요ㅎㅎ","date":"Mon Dec 10 23:59:44 +0000 2018","retweets":"30","favorites":"20","mentions":[],"hashtags":[],"geo":"","raw":"배달도 빠르고 맛있어요ㅎㅎ만족 대만족ㅋㅋ 담에 또시킬께요ㅎㅎ","polarity":{"com":0,"pos":0.4285714285142857,"neg":0.4857142857028571,"neut":0,"none":0.08571428578285714},"intensity":{"high":0,"low":0.06666666660000001,"meium":0.8476190476000001,"none":0.08571428580000001},"expressive":{"dir-action":0,"dir-explicit":0.22857142860000002,"dir-speech":0.45714285720000003,"indirect":0.2,"writing-device":0.1142857142}},{"id":"장충족발콜센터","permalink":"","username":"asdfg","text":"정말 자알 먹엇습니다 쟁반국수가일품","date":"Mon Dec 10 23:59:44 +0000 2018","retweets":"30","favorites":"20","mentions":[],"hashtags":[],"geo":"","raw":"정말 자알 먹엇습니다 쟁반국수가일품","polarity":{"com":0.0089285715,"pos":0.580357143,"neg":0.232142857,"neut":0.0401785715,"none":0.138392857},"intensity":{"high":0.330357143,"low":0.0535714285,"meium":0.4732142855,"none":0.142857143},"expressive":{"dir-action":0,"dir-explicit":0.4375,"dir-speech":0.28125,"indirect":0.142857143,"writing-device":0.138392857}},{"id":"장충족발콜센터","permalink":"","username":"asdfg","text":"맛있어요사장님잘먹었습니다^^","date":"Mon Dec 10 23:59:44 +0000 2018","retweets":"30","favorites":"20","mentions":[],"hashtags":[],"geo":"","raw":"맛있어요사장님잘먹었습니다^^","polarity":{"com":0,"pos":0.35714285717857136,"neg":0.6071428573035714,"neut":0.03571428551785714,"none":0},"intensity":{"high":0,"low":0.107142857,"meium":0.8928571430000001,"none":0},"expressive":{"dir-action":0,"dir-explicit":0.107142857,"dir-speech":0.5714285715,"indirect":0.3214285715,"writing-device":0}},{"id":"장충족발콜센터","permalink":"","username":"asdfg","text":"동생이랑같이먹었눔데동상두맛있다고하네요다음에또시킬께요^^","date":"Mon Dec 10 23:59:44 +0000 2018","retweets":"30","favorites":"20","mentions":[],"hashtags":[],"geo":"","raw":"동생이랑같이먹었눔데동상두맛있다고하네요다음에또시킬께요^^","polarity":{"com":0,"pos":0.22857142855428572,"neg":0.6190476190761904,"neut":0,"none":0.15238095236952381},"intensity":{"high":0.1333333334,"low":0.1,"meium":0.6142857142,"none":0.1523809524},"expressive":{"dir-action":0,"dir-explicit":0.028571428599999997,"dir-speech":0.5904761906,"indirect":0.2,"writing-device":0.1809523808}},{"id":"장충족발콜센터","permalink":"","username":"asdfg","text":"역시족발맛있어요사장님잘먹을께요","date":"Mon Dec 10 23:59:44 +0000 2018","retweets":"30","favorites":"20","mentions":[],"hashtags":[],"geo":"","raw":"역시족발맛있어요사장님잘먹을께요","polarity":{"com":0,"pos":0.3492063492328042,"neg":0.40476190493650793,"neut":0.13492063475661376,"none":0.11111111107407406},"intensity":{"high":0,"low":0.18253968239417986,"meium":0.7063492065687831,"none":0.11111111103703702},"expressive":{"dir-action":0,"dir-explicit":0.18253968239417986,"dir-speech":0.4920634921640212,"indirect":0.21428571440476188,"writing-device":0.11111111103703702}},{"id":"장충족발콜센터","permalink":"","username":"asdfg","text":"족발 맛있었어요 굿쟙!!!","date":"Mon Dec 10 23:59:44 +0000 2018","retweets":"30","favorites":"20","mentions":[],"hashtags":[],"geo":"","raw":"족발 맛있었어요 굿쟙!!!","polarity":{"com":0,"pos":0.5,"neg":0.5,"neut":0,"none":0},"intensity":{"high":0,"low":0,"meium":1,"none":0},"expressive":{"dir-action":0,"dir-explicit":0,"dir-speech":0.5,"indirect":0.5,"writing-device":0}},{"id":"장충족발콜센터","permalink":"","username":"asdfg","text":"저번에 정말 맛나게 먹었던 기억이 있어서오늘 다시 한번 주문했는데우리가족 대만족입니다.^^","date":"Mon Dec 10 23:59:44 +0000 2018","retweets":"30","favorites":"20","mentions":[],"hashtags":[],"geo":"","raw":"저번에 정말 맛나게 먹었던 기억이 있어서오늘 다시 한번 주문했는데우리가족 대만족입니다.^^","polarity":{"com":0.0039755485,"pos":0.49745856662500004,"neg":0.223859127125,"neut":0.14090219425,"none":0.1338045635},"intensity":{"high":0.14075776139259474,"low":0.04468662463058583,"meium":0.6807510504600939,"none":0.13380456351672557},"expressive":{"dir-action":0,"dir-explicit":0.45997607375,"dir-speech":0.34375437675,"indirect":0.060014005625000005,"writing-device":0.136255543875}},{"id":"장충족발콜센터","permalink":"","username":"asdfg","text":"네잘먹고있어요다음에두시킬께요","date":"Mon Dec 10 23:59:44 +0000 2018","retweets":"30","favorites":"20","mentions":[],"hashtags":[],"geo":"","raw":"네잘먹고있어요다음에두시킬께요","polarity":{"com":0.004464285502232143,"pos":0.5267857142633928,"neg":0.18750000009375,"neut":0.05357142852678572,"none":0.2276785716138393},"intensity":{"high":0.0223214285,"low":0.13392857149999998,"meium":0.6160714285,"none":0.2276785715},"expressive":{"dir-action":0,"dir-explicit":0.20535714249999998,"dir-speech":0.174107143,"indirect":0.39285714299999996,"writing-device":0.2276785715}},{"id":"장충족발콜센터","permalink":"","username":"asdfg","text":"맛있어요다음에또시켜먹을께요^^","date":"Mon Dec 10 23:59:44 +0000 2018","retweets":"30","favorites":"20","mentions":[],"hashtags":[],"geo":"","raw":"맛있어요다음에또시켜먹을께요^^","polarity":{"com":0,"pos":0.23809523788095235,"neg":0.5476190477261905,"neut":0,"none":0.21428571439285712},"intensity":{"high":0.0555555555,"low":0.111111111,"meium":0.619047619,"none":0.2142857145},"expressive":{"dir-action":0,"dir-explicit":0.1825396825,"dir-speech":0.531746032,"indirect":0,"writing-device":0.2857142855}},{"id":"장충족발콜센터","permalink":"","username":"asdfg","text":"맛나게 드셨다네요. 아드님이..ㅋ","date":"Mon Dec 10 23:59:44 +0000 2018","retweets":"30","favorites":"20","mentions":[],"hashtags":[],"geo":"","raw":"맛나게 드셨다네요. 아드님이..ㅋ","polarity":{"com":0.030837004,"pos":0.431718062,"neg":0.440528634,"neut":0.088105727,"none":0.008810573},"intensity":{"high":0.10572687210572689,"low":0.13215859013215858,"meium":0.7488986787488987,"none":0.01321585901321586},"expressive":{"dir-action":0.004405286004405286,"dir-explicit":0.4140969164140969,"dir-speech":0.3612334803612335,"indirect":0.20704845820704845,"writing-device":0.01321585901321586}},{"id":"장충족발콜센터","permalink":"","username":"asdfg","text":"어디지점에서 온건지 모르지만 너무짜서 먹을수없겠네요 세상에이렇게 짠족발 처음입니다","date":"Mon Dec 10 23:59:44 +0000 2018","retweets":"30","favorites":"20","mentions":[],"hashtags":[],"geo":"","raw":"어디지점에서 온건지 모르지만 너무짜서 먹을수없겠네요 세상에이렇게 짠족발 처음입니다","polarity":{"com":0.07817460322222222,"pos":0.21772486766666665,"neg":0.44537037033333327,"neut":0.07804232811111111,"none":0.1806878306666667},"intensity":{"high":0.17186948853645895,"low":0.09466490298948167,"meium":0.5527777778274692,"none":0.18068783064659025},"expressive":{"dir-action":0,"dir-explicit":0.17971781298003134,"dir-speech":0.4185626102868264,"indirect":0.20595238097711643,"writing-device":0.19576719575602589}},{"id":"장충족발콜센터","permalink":"","username":"asdfg","text":"아주맛있어요짱입니다","date":"Mon Dec 10 23:59:44 +0000 2018","retweets":"30","favorites":"20","mentions":[],"hashtags":[],"geo":"","raw":"아주맛있어요짱입니다","polarity":{"com":0.0114379085,"pos":0.5678104575,"neg":0.26388888899999996,"neut":0.045751634,"none":0.111111111},"intensity":{"high":0.18872549009436274,"low":0.04084967302042484,"meium":0.6593137258296569,"none":0.11111111105555554},"expressive":{"dir-action":0,"dir-explicit":0.209150327,"dir-speech":0.2263071895,"indirect":0.443627451,"writing-device":0.1209150325}},{"id":"장충족발콜센터","permalink":"","username":"asdfg","text":"잘먹엇습니다~어머님이 좋아하시네요 살짝 간있어서 좋우시다네요 ㅎ","date":"Mon Dec 10 23:59:44 +0000 2018","retweets":"30","favorites":"20","mentions":[],"hashtags":[],"geo":"","raw":"잘먹엇습니다~어머님이 좋아하시네요 살짝 간있어서 좋우시다네요 ㅎ","polarity":{"com":0.010279001333333334,"pos":0.3105726873333334,"neg":0.6468428780000001,"neut":0.029368575666666664,"none":0.002936857666666667},"intensity":{"high":0.0352422906784141,"low":0.04405286334801762,"meium":0.9162995596387664,"none":0.004405286334801762},"expressive":{"dir-action":0.0014684286671561425,"dir-explicit":0.30469897210156627,"dir-speech":0.45374449348458146,"indirect":0.23568281941189426,"writing-device":0.004405286334801761}},{"id":"장충족발콜센터","permalink":"","username":"asdfg","text":"배달도 친절 먹음직스런 보족세트 뜯기전인데우리개  맹구도 벌써 군침을 흘리네요~","date":"Mon Dec 10 23:59:44 +0000 2018","retweets":"30","favorites":"20","mentions":[],"hashtags":[],"geo":"","raw":"배달도 친절 먹음직스런 보족세트 뜯기전인데우리개  맹구도 벌써 군침을 흘리네요~","polarity":{"com":0.03466976528571429,"pos":0.42766037557142855,"neg":0.3547299417142857,"neut":0.024743530285714282,"none":0.15819638714285714},"intensity":{"high":0.22248709334928204,"low":0.04861769529960506,"meium":0.5706988241630568,"none":0.15819638718805612},"expressive":{"dir-action":0,"dir-explicit":0.17337921054666014,"dir-speech":0.34122529437982485,"indirect":0.30776189481317684,"writing-device":0.1776336002603381}},{"id":"장충족발콜센터","permalink":"","username":"asdfg","text":"생각외로 양도 많고 좋았습니다","date":"Mon Dec 10 23:59:44 +0000 2018","retweets":"30","favorites":"20","mentions":[],"hashtags":[],"geo":"","raw":"생각외로 양도 많고 좋았습니다","polarity":{"com":0,"pos":0.5621014493333333,"neg":0.3128502413333333,"neut":0.09782608699999999,"none":0.02722222233333333},"intensity":{"high":0.181400966060467,"low":0.16913043472304348,"meium":0.6222463768740821,"none":0.02722222234240741},"expressive":{"dir-action":0,"dir-explicit":0.4989130434996376,"dir-speech":0.291908212430636,"indirect":0.18195652172731883,"writing-device":0.027222222342407405}},{"id":"장충족발콜센터","permalink":"","username":"asdfg","text":"쟁반국수는  팅팅불어서.,국수가  온건지  비빔 국수가  온건지 ..족발값도  다른곳에 비해  비싸구요..김치도  없이~~~ㅠㅠ실망~~~","date":"Mon Dec 10 23:59:44 +0000 2018","retweets":"30","favorites":"20","mentions":[],"hashtags":[],"geo":"","raw":"쟁반국수는  팅팅불어서.,국수가  온건지  비빔 국수가  온건지 ..족발값도  다른곳에 비해  비싸구요..김치도  없이~~~ㅠㅠ실망~~~","polarity":{"com":0.027248677333333332,"pos":0.31067019388888883,"neg":0.33871252211111114,"neut":0.09351851855555555,"none":0.22985008811111107},"intensity":{"high":0.07760141109386637,"low":0.1341269840813051,"meium":0.556437389654125,"none":0.23183421517070354},"expressive":{"dir-action":0,"dir-explicit":0.2671075837480992,"dir-speech":0.34166666662870365,"indirect":0.15246913587194785,"writing-device":0.23875661375124924}},{"id":"장충족발콜센터","permalink":"","username":"asdfg","text":"사장님 친절하시고 배달도 빨라서 좋았는데 맛은 조금 아쉬웠네요ㅠ 특히 막국수 너무 맛이없어요..","date":"Mon Dec 10 23:59:44 +0000 2018","retweets":"30","favorites":"20","mentions":[],"hashtags":[],"geo":"","raw":"사장님 친절하시고 배달도 빨라서 좋았는데 맛은 조금 아쉬웠네요ㅠ 특히 막국수 너무 맛이없어요..","polarity":{"com":0.018023553555555554,"pos":0.525735306,"neg":0.28907896977777775,"neut":0.0762780607777778,"none":0.0908841098888889},"intensity":{"high":0.08754502744444442,"low":0.15476064711111112,"meium":0.6607233136666666,"none":0.09697101177777778},"expressive":{"dir-action":0.000716845888888889,"dir-explicit":0.3574428903333333,"dir-speech":0.3378738064444444,"indirect":0.21863790299999997,"writing-device":0.08532855433333333}},{"id":"장충족발콜센터","permalink":"","username":"asdfg","text":"모듬 족발 세트 먹었구 늦은시간이였는데도 친절하고 빠른 배달 감사드려요!!\n고기 질도 좋고 조리도 잘하신듯 잡내 없어서 잘 먹었어요~","date":"Mon Dec 10 23:59:44 +0000 2018","retweets":"30","favorites":"20","mentions":[],"hashtags":[],"geo":"","raw":"모듬 족발 세트 먹었구 늦은시간이였는데도 친절하고 빠른 배달 감사드려요!!\n고기 질도 좋고 조리도 잘하신듯 잡내 없어서 잘 먹었어요~","polarity":{"com":0.005841065077372389,"pos":0.46783260903598717,"neg":0.3149328871011487,"neut":0.10183984031552613,"none":0.10955359846996565},"intensity":{"high":0.06825863799474935,"low":0.112307316991361,"meium":0.7089681945608486,"none":0.11046585045304108},"expressive":{"dir-action":0.0004962779230005727,"dir-explicit":0.2410820607321412,"dir-speech":0.35113834779213254,"indirect":0.29507984256998776,"writing-device":0.11220347098273793}},{"id":"장충족발콜센터","permalink":"","username":"asdfg","text":"보쌈이 정말 맛나요ㅎㅎ\n비계가 너무 많거나 적어도 별론데 여긴 적절해서 담백하고 고소하니 맛나네요ㅎㅎ\n김치도 매콤달콤하니 맛있어요","date":"Mon Dec 10 23:59:44 +0000 2018","retweets":"30","favorites":"20","mentions":[],"hashtags":[],"geo":"","raw":"보쌈이 정말 맛나요ㅎㅎ\n비계가 너무 많거나 적어도 별론데 여긴 적절해서 담백하고 고소하니 맛나네요ㅎㅎ\n김치도 매콤달콤하니 맛있어요","polarity":{"com":0.010269990916666666,"pos":0.48244805566666665,"neg":0.3886586626666666,"neut":0.03134698991666666,"none":0.08727630083333332},"intensity":{"high":0.10318175335053029,"low":0.0879396387646566,"meium":0.7198114402033019,"none":0.0890671676815112},"expressive":{"dir-action":0.001405242083450437,"dir-explicit":0.26959612093913304,"dir-speech":0.34716071836226337,"indirect":0.29428924819119073,"writing-device":0.08754867042396239}},{"id":"장충족발콜센터","permalink":"","username":"asdfg","text":"알싸한겨자향이코끝을톡쏘는게 냉채족발의 특유한 맛을 느낄수 있었습니다~","date":"Mon Dec 10 23:59:44 +0000 2018","retweets":"30","favorites":"20","mentions":[],"hashtags":[],"geo":"","raw":"알싸한겨자향이코끝을톡쏘는게 냉채족발의 특유한 맛을 느낄수 있었습니다~","polarity":{"com":0.011581058997104736,"pos":0.5716882702320779,"neg":0.25998727956000317,"neut":0.06091342373477165,"none":0.0958299674760425},"intensity":{"high":0.09331744361333534,"low":0.11435880911070513,"meium":0.6958495871630188,"none":0.09647416011294073},"expressive":{"dir-action":0.0030587038753823377,"dir-explicit":0.26216290178277035,"dir-speech":0.37233413617154176,"indirect":0.26548816453318597,"writing-device":0.0969560936371195}},{"id":"장충족발콜센터","permalink":"","username":"asdfg","text":"음 저는 뒷발주문했는데 괜찮네요\n앞발이 살이 많다해서 고민했는데 뒷발도 나쁘지않아요 맛있게 잘먹었습니다^^","date":"Mon Dec 10 23:59:44 +0000 2018","retweets":"30","favorites":"20","mentions":[],"hashtags":[],"geo":"","raw":"음 저는 뒷발주문했는데 괜찮네요\n앞발이 살이 많다해서 고민했는데 뒷발도 나쁘지않아요 맛있게 잘먹었습니다^^","polarity":{"com":0.005497123778388569,"pos":0.3785295834865033,"neg":0.5130631873903403,"neut":0.0318070877813119,"none":0.0711030175634559},"intensity":{"high":0.06937734545215303,"low":0.12643238190293693,"meium":0.7313206396368134,"none":0.07286963300809662},"expressive":{"dir-action":0.0017666154448370257,"dir-explicit":0.27741728739498167,"dir-speech":0.3816972256403773,"indirect":0.2644886109476642,"writing-device":0.07463026057214006}}]