[{"id":"미스터보쌈5379고강점","permalink":"","username":"asdfg","text":"맛나게 잘 먹었습니다 ~~!","date":"Mon Dec 10 23:59:44 +0000 2018","retweets":"30","favorites":"20","mentions":[],"hashtags":[],"geo":"","raw":"맛나게 잘 먹었습니다 ~~!","polarity":{"com":0,"pos":0.7142857147142857,"neg":0.21428571421428572,"neut":0.07142857107142857,"none":0},"intensity":{"high":0,"low":0.214285714,"meium":0.785714286,"none":0},"expressive":{"dir-action":0,"dir-explicit":0.214285714,"dir-speech":0.142857143,"indirect":0.642857143,"writing-device":0}},{"id":"미스터보쌈5379고강점","permalink":"","username":"asdfg","text":"너무 맛있게 먹었습니다~~","date":"Mon Dec 10 23:59:44 +0000 2018","retweets":"30","favorites":"20","mentions":[],"hashtags":[],"geo":"","raw":"너무 맛있게 먹었습니다~~","polarity":{"com":0.0714285715,"pos":0.238095238,"neg":0.6904761905,"neut":0,"none":0},"intensity":{"high":0.126984127,"low":0.1825396825,"meium":0.6904761905,"none":0},"expressive":{"dir-action":0,"dir-explicit":0.3968253965,"dir-speech":0.531746032,"indirect":0.0714285715,"writing-device":0}},{"id":"미스터보쌈5379고강점","permalink":"","username":"asdfg","text":"반찬이랑 국수는 맛있는데고기들이 좀 딱딱한게 아쉽네요","date":"Mon Dec 10 23:59:44 +0000 2018","retweets":"30","favorites":"20","mentions":[],"hashtags":[],"geo":"","raw":"반찬이랑 국수는 맛있는데고기들이 좀 딱딱한게 아쉽네요","polarity":{"com":0.009143504666666667,"pos":0.45773439616666667,"neg":0.28605165166666663,"neut":0.22837050149999996,"none":0.018699946000000002},"intensity":{"high":0.05475168250912528,"low":0.11418452385236408,"meium":0.8111291328018548,"none":0.019934660836655783},"expressive":{"dir-action":0.0012347148335391193,"dir-explicit":0.19880528253313426,"dir-speech":0.46838298824473046,"indirect":0.3089968508848328,"writing-device":0.02258016350376336}},{"id":"미스터보쌈5379고강점","permalink":"","username":"asdfg","text":"맛있게 잘먹었어요 ㅎ 또 시킬게요","date":"Mon Dec 10 23:59:44 +0000 2018","retweets":"30","favorites":"20","mentions":[],"hashtags":[],"geo":"","raw":"맛있게 잘먹었어요 ㅎ 또 시킬게요","polarity":{"com":0,"pos":0.2857142856666666,"neg":0.5476190476666667,"neut":0.023809523666666665,"none":0.142857143},"intensity":{"high":0,"low":0.07142857133333333,"meium":0.7857142856666668,"none":0.142857143},"expressive":{"dir-action":0,"dir-explicit":0.119047619,"dir-speech":0.47619047633333333,"indirect":0.21428571433333332,"writing-device":0.19047619033333332}},{"id":"미스터보쌈5379고강점","permalink":"","username":"asdfg","text":"와.. 진심 감동함^~^ 당골집으로 저장!! ","date":"Mon Dec 10 23:59:44 +0000 2018","retweets":"30","favorites":"20","mentions":[],"hashtags":[],"geo":"","raw":"와.. 진심 감동함^~^ 당골집으로 저장!! ","polarity":{"com":0,"pos":0.8333333333333334,"neg":0,"neut":0.16666666666666666,"none":0},"intensity":{"high":0,"low":0,"meium":1,"none":0},"expressive":{"dir-action":0,"dir-explicit":0.6666666666666666,"dir-speech":0.16666666666666666,"indirect":0.16666666666666666,"writing-device":0}},{"id":"미스터보쌈5379고강점","permalink":"","username":"asdfg","text":"깔끔하게 정말 맛잇엇어요!!!!!","date":"Mon Dec 10 23:59:44 +0000 2018","retweets":"30","favorites":"20","mentions":[],"hashtags":[],"geo":"","raw":"깔끔하게 정말 맛잇엇어요!!!!!","polarity":{"com":0.012012012,"pos":0.6813063065,"neg":0.153153153,"neut":0.0165165165,"none":0.137012012},"intensity":{"high":0.307057057,"low":0.042042042,"meium":0.5123873875,"none":0.1385135135},"expressive":{"dir-action":0.0015015015,"dir-explicit":0.406156156,"dir-speech":0.170045045,"indirect":0.283783784,"writing-device":0.1385135135}},{"id":"미스터보쌈5379고강점","permalink":"","username":"asdfg","text":"역시 푸짐하고 맛도 너무좋아요^^ 배송도 빠르고 친절하셔서 너무좋습니다ㅎ ","date":"Mon Dec 10 23:59:44 +0000 2018","retweets":"30","favorites":"20","mentions":[],"hashtags":[],"geo":"","raw":"역시 푸짐하고 맛도 너무좋아요^^ 배송도 빠르고 친절하셔서 너무좋습니다ㅎ ","polarity":{"com":0.0480337151497191,"pos":0.42315356834616474,"neg":0.34516247647788034,"neut":0.06636043543805148,"none":0.11728980458818423},"intensity":{"high":0.0974957841567851,"low":0.13336377844762337,"meium":0.6511144126644448,"none":0.11802602473114655},"expressive":{"dir-action":0.0013506594285714285,"dir-explicit":0.3268850811428571,"dir-speech":0.369925093,"indirect":0.18514076957142855,"writing-device":0.11669839685714285}},{"id":"미스터보쌈5379고강점","permalink":"","username":"asdfg","text":"고기 양이 성인 두명이 먹기 딱 좋은 양이네요 배송도 빨랐고 부드러워서 잘 먹었네요","date":"Mon Dec 10 23:59:44 +0000 2018","retweets":"30","favorites":"20","mentions":[],"hashtags":[],"geo":"","raw":"고기 양이 성인 두명이 먹기 딱 좋은 양이네요 배송도 빨랐고 부드러워서 잘 먹었네요","polarity":{"com":0.0011904761668650793,"pos":0.530317460255053,"neg":0.20825396836804236,"neut":0.18095238086349205,"none":0.07928571434654762},"intensity":{"high":0.07566137566666667,"low":0.09846560833333334,"meium":0.7465873016666668,"none":0.07928571433333334},"expressive":{"dir-action":0,"dir-explicit":0.37037037027160497,"dir-speech":0.40343915343276016,"indirect":0.1480952381419841,"writing-device":0.07809523815365078}},{"id":"미스터보쌈5379고강점","permalink":"","username":"asdfg","text":"처음으로 시킨곳.. 고기가 너무 적네요..막국수로 입가심 ㅎㅎㅎ","date":"Mon Dec 10 23:59:44 +0000 2018","retweets":"30","favorites":"20","mentions":[],"hashtags":[],"geo":"","raw":"처음으로 시킨곳.. 고기가 너무 적네요..막국수로 입가심 ㅎㅎㅎ","polarity":{"com":0.11309523819345238,"pos":0.2678571428660715,"neg":0.2916666666041667,"neut":0.2916666666041667,"none":0.03571428573214286},"intensity":{"high":0.07738095249999999,"low":0.03571428575,"meium":0.851190476,"none":0.03571428575},"expressive":{"dir-action":0,"dir-explicit":0.33928571416517855,"dir-speech":0.5535714286116071,"indirect":0.07142857148214285,"writing-device":0.035714285741071425}},{"id":"미스터보쌈5379고강점","permalink":"","username":"asdfg","text":"배달하시는분 너무친절히잘해주셧어요 감사해요!ㅎㅎ 닭보쌈대신 바베큐주셧는데 너무맛있었어요~  잘먹었습니다~","date":"Mon Dec 10 23:59:44 +0000 2018","retweets":"30","favorites":"20","mentions":[],"hashtags":[],"geo":"","raw":"배달하시는분 너무친절히잘해주셧어요 감사해요!ㅎㅎ 닭보쌈대신 바베큐주셧는데 너무맛있었어요~  잘먹었습니다~","polarity":{"com":0.020408163288629738,"pos":0.7438775511062682,"neg":0.22551020403221578,"neut":0.010204081572886298,"none":0},"intensity":{"high":0.16326530614285714,"low":0.05102040814285714,"meium":0.7857142857142857,"none":0},"expressive":{"dir-action":0,"dir-explicit":0.21938775500000002,"dir-speech":0.43265306128571435,"indirect":0.34795918371428575,"writing-device":0}},{"id":"미스터보쌈5379고강점","permalink":"","username":"asdfg","text":"음~족발은 다른집에서 먹는 걸로 여기는 보쌈만~~~^^","date":"Mon Dec 10 23:59:44 +0000 2018","retweets":"30","favorites":"20","mentions":[],"hashtags":[],"geo":"","raw":"음~족발은 다른집에서 먹는 걸로 여기는 보쌈만~~~^^","polarity":{"com":0.006793112834465518,"pos":0.367807992227968,"neg":0.4522150480753691,"neut":0.024778736504129786,"none":0.1484051103580675},"intensity":{"high":0.0964770320160795,"low":0.14252153985708693,"meium":0.6125963177687661,"none":0.14840511035806753},"expressive":{"dir-action":0,"dir-explicit":0.2844529295,"dir-speech":0.48780723350000005,"indirect":0.07963997716666667,"writing-device":0.14809985983333332}},{"id":"미스터보쌈5379고강점","permalink":"","username":"asdfg","text":"헐 막걸리안주로 시켰는데 여러분 두번드세요 존맛탱이에요 명이나물 필수로 시키세요 생마늘은 따로 달라규해야하나봐욤 ㅠㅡㅠ 한병만 마시려햇는데 안주가 맛잇어서 네병먹엇어요 꺽 잘먹었습니닭","date":"Mon Dec 10 23:59:44 +0000 2018","retweets":"30","favorites":"20","mentions":[],"hashtags":[],"geo":"","raw":"헐 막걸리안주로 시켰는데 여러분 두번드세요 존맛탱이에요 명이나물 필수로 시키세요 생마늘은 따로 달라규해야하나봐욤 ㅠㅡㅠ 한병만 마시려햇는데 안주가 맛잇어서 네병먹엇어요 꺽 잘먹었습니닭","polarity":{"com":0.00332813825055469,"pos":0.5803246731800541,"neg":0.3224893430537482,"neut":0.058465936926410986,"none":0.03539190858923199},"intensity":{"high":0.07971499774335708,"low":0.18217381931815216,"meium":0.700803565524933,"none":0.0373076174135577},"expressive":{"dir-action":0.0019157088338122602,"dir-explicit":0.26172038073209675,"dir-speech":0.3462304486698909,"indirect":0.3489944268372486,"writing-device":0.04113903492695142}},{"id":"미스터보쌈5379고강점","permalink":"","username":"asdfg","text":"배달도 엄청 빠르고 맛있네요김치도 많이주고 너무 좋아요","date":"Mon Dec 10 23:59:44 +0000 2018","retweets":"30","favorites":"20","mentions":[],"hashtags":[],"geo":"","raw":"배달도 엄청 빠르고 맛있네요김치도 많이주고 너무 좋아요","polarity":{"com":0.027035330333333326,"pos":0.6098310291666666,"neg":0.3444956476666666,"neut":0.013978494666666666,"none":0.004659498166666664},"intensity":{"high":0.04710701483333333,"low":0.2653865846666667,"meium":0.6824884793333333,"none":0.005017921166666671},"expressive":{"dir-action":0.0010752688333333334,"dir-explicit":0.14756784433333334,"dir-speech":0.5967229903333334,"indirect":0.24997439833333335,"writing-device":0.004659498166666665}},{"id":"미스터보쌈5379고강점","permalink":"","username":"asdfg","text":"솔 ~~~  프차 딱고만큼^^","date":"Mon Dec 10 23:59:44 +0000 2018","retweets":"30","favorites":"20","mentions":[],"hashtags":[],"geo":"","raw":"솔 ~~~  프차 딱고만큼^^","polarity":{"com":null,"pos":null,"neg":null,"neut":null,"none":null},"intensity":{"high":null,"low":null,"meium":null,"none":null},"expressive":{"dir-action":null,"dir-explicit":null,"dir-speech":null,"indirect":null,"writing-device":null}},{"id":"미스터보쌈5379고강점","permalink":"","username":"asdfg","text":"다먹고찍엇네요3인시켯는데어른셋에 아이한명이 먹기 배불르네요ㅋ잘먹었습니다비오는데기사님ㅠㅠ 너무감사합니다","date":"Mon Dec 10 23:59:44 +0000 2018","retweets":"30","favorites":"20","mentions":[],"hashtags":[],"geo":"","raw":"다먹고찍엇네요3인시켯는데어른셋에 아이한명이 먹기 배불르네요ㅋ잘먹었습니다비오는데기사님ㅠㅠ 너무감사합니다","polarity":{"com":0.027035330337839218,"pos":0.5219342037536557,"neg":0.420487711236748,"neut":0.025883256504313876,"none":0.00465949816744325},"intensity":{"high":0.09895886666666666,"low":0.1700823518333333,"meium":0.7259408603333334,"none":0.005017921166666666},"expressive":{"dir-action":0.0010752688333333334,"dir-explicit":0.34115250033333333,"dir-speech":0.3668288105,"indirect":0.28628392216666665,"writing-device":0.004659498166666667}},{"id":"미스터보쌈5379고강점","permalink":"","username":"asdfg","text":"맛있게 잘먹었습니다 깔끔하고 좋아용!!","date":"Mon Dec 10 23:59:44 +0000 2018","retweets":"30","favorites":"20","mentions":[],"hashtags":[],"geo":"","raw":"맛있게 잘먹었습니다 깔끔하고 좋아용!!","polarity":{"com":0.006006006001501502,"pos":0.5617245818904311,"neg":0.39014800509753705,"neut":0.02611540100652885,"none":0.0160060060040015},"intensity":{"high":0.0785285285,"low":0.08459244949999999,"meium":0.82012226525,"none":0.01675675675},"expressive":{"dir-action":0.00075075075,"dir-explicit":0.2816495065,"dir-speech":0.35823680825,"indirect":0.34260617774999996,"writing-device":0.01675675675}},{"id":"미스터보쌈5379고강점","permalink":"","username":"asdfg","text":"막국수는진짜맛있는데. 고기는지방이넘많네요","date":"Mon Dec 10 23:59:44 +0000 2018","retweets":"30","favorites":"20","mentions":[],"hashtags":[],"geo":"","raw":"막국수는진짜맛있는데. 고기는지방이넘많네요","polarity":{"com":0,"pos":0.1587301585793651,"neg":0.7539682543769841,"neut":0.04761904752380952,"none":0.03968253951984128},"intensity":{"high":0.015873016000000004,"low":0.11904761900000001,"meium":0.8253968255,"none":0.03968253950000001},"expressive":{"dir-action":0,"dir-explicit":0.0793650795,"dir-speech":0.8333333334999999,"indirect":0.0396825395,"writing-device":0.0476190475}},{"id":"미스터보쌈5379고강점","permalink":"","username":"asdfg","text":"하하..음료수는 원래 안주나 보네요 사탕2개가 왠말ㅋㅋㅋㅋ ","date":"Mon Dec 10 23:59:44 +0000 2018","retweets":"30","favorites":"20","mentions":[],"hashtags":[],"geo":"","raw":"하하..음료수는 원래 안주나 보네요 사탕2개가 왠말ㅋㅋㅋㅋ ","polarity":{"com":0.0044642857511160705,"pos":0.3368055555842014,"neg":0.3945105820986276,"neut":0.07167658726791913,"none":0.1925429892981357},"intensity":{"high":0.11160714297209821,"low":0.12797619046800593,"meium":0.5656415343585895,"none":0.1947751322013062},"expressive":{"dir-action":0,"dir-explicit":0.19229497370192625,"dir-speech":0.4299768518925058,"indirect":0.18121693120469576,"writing-device":0.19651124320087218}},{"id":"미스터보쌈5379고강점","permalink":"","username":"asdfg","text":"너무나 맛있습니다 깔끔하고 고기도 야들야들해요늘 여기서만 먹게되네요 감사합니당 ^-^","date":"Mon Dec 10 23:59:44 +0000 2018","retweets":"30","favorites":"20","mentions":[],"hashtags":[],"geo":"","raw":"너무나 맛있습니다 깔끔하고 고기도 야들야들해요늘 여기서만 먹게되네요 감사합니당 ^-^","polarity":{"com":0.010078474747480382,"pos":0.31124638792218845,"neg":0.3714250806571437,"neut":0.2971715819257071,"none":0.010078474747480378},"intensity":{"high":0.2949246415881344,"low":0.14730296335658713,"meium":0.5473185449315852,"none":0.010453850123693266},"expressive":{"dir-action":0.0003753753749530781,"dir-explicit":0.1893928126013259,"dir-speech":0.6787140914151608,"indirect":0.11634688936045663,"writing-device":0.015170831248103643}},{"id":"미스터보쌈5379고강점","permalink":"","username":"asdfg","text":"진짜 배부르게 먹었습니다.배달 해주셨던 분은 친절하셨고,전체적으로 음식 맛도 좋았으며,사이드 메뉴도 좋았어요!","date":"Mon Dec 10 23:59:44 +0000 2018","retweets":"30","favorites":"20","mentions":[],"hashtags":[],"geo":"","raw":"진짜 배부르게 먹었습니다.배달 해주셨던 분은 친절하셨고,전체적으로 음식 맛도 좋았으며,사이드 메뉴도 좋았어요!","polarity":{"com":0.0027649769999999996,"pos":0.7884946235714285,"neg":0.1870506912857143,"neut":0.011981566857142857,"none":0.00970814128571428},"intensity":{"high":0.06441372242857142,"low":0.05405017914285713,"meium":0.8715207374285714,"none":0.010015361000000007},"expressive":{"dir-action":0.000921659,"dir-explicit":0.3408858167142857,"dir-speech":0.5389144905714287,"indirect":0.10956989242857143,"writing-device":0.009708141285714289}},{"id":"미스터보쌈5379고강점","permalink":"","username":"asdfg","text":"맜있어요ㅎㅎㅎㅎㅎㅎ","date":"Mon Dec 10 23:59:44 +0000 2018","retweets":"30","favorites":"20","mentions":[],"hashtags":[],"geo":"","raw":"맜있어요ㅎㅎㅎㅎㅎㅎ","polarity":{"com":null,"pos":null,"neg":null,"neut":null,"none":null},"intensity":{"high":null,"low":null,"meium":null,"none":null},"expressive":{"dir-action":null,"dir-explicit":null,"dir-speech":null,"indirect":null,"writing-device":null}},{"id":"미스터보쌈5379고강점","permalink":"","username":"asdfg","text":"냄새 안나고 맛있었어요^^양이 작은게 아쉽…","date":"Mon Dec 10 23:59:44 +0000 2018","retweets":"30","favorites":"20","mentions":[],"hashtags":[],"geo":"","raw":"냄새 안나고 맛있었어요^^양이 작은게 아쉽…","polarity":{"com":0,"pos":0.35907610904697457,"neg":0.6060236059646588,"neut":0.02564102565811966,"none":0.009259259330246914},"intensity":{"high":0.19139194130143466,"low":0.047720797825379864,"meium":0.7516280015413953,"none":0.009259259331790124},"expressive":{"dir-action":0,"dir-explicit":0.161070411,"dir-speech":0.5095645095,"indirect":0.32010582016666667,"writing-device":0.009259259333333334}},{"id":"미스터보쌈5379고강점","permalink":"","username":"asdfg","text":"맛있게 잘먹었습니다 급하게 먹느라 사진도 못찍었네요ㅜ","date":"Mon Dec 10 23:59:44 +0000 2018","retweets":"30","favorites":"20","mentions":[],"hashtags":[],"geo":"","raw":"맛있게 잘먹었습니다 급하게 먹느라 사진도 못찍었네요ㅜ","polarity":{"com":0,"pos":0.48452380949690477,"neg":0.5011904763002382,"neut":0.014285714202857142,"none":0},"intensity":{"high":0.0972222222,"low":0.0873015872,"meium":0.8154761906000001,"none":0},"expressive":{"dir-action":0,"dir-explicit":0.1373015872,"dir-speech":0.4341269842,"indirect":0.4285714286,"writing-device":0}},{"id":"미스터보쌈5379고강점","permalink":"","username":"asdfg","text":"맛있어요 양도 많구욬ㅋ","date":"Mon Dec 10 23:59:44 +0000 2018","retweets":"30","favorites":"20","mentions":[],"hashtags":[],"geo":"","raw":"맛있어요 양도 많구욬ㅋ","polarity":{"com":0,"pos":0.5,"neg":0.5,"neut":0,"none":0},"intensity":{"high":0,"low":0,"meium":1,"none":0},"expressive":{"dir-action":0,"dir-explicit":0.5,"dir-speech":0.5,"indirect":0,"writing-device":0}},{"id":"미스터보쌈5379고강점","permalink":"","username":"asdfg","text":"맛있었습니당 제 기준에는 보쌈고기가 조금 질겨서 먹기가 함들엇지만요 ㅠㅠ","date":"Mon Dec 10 23:59:44 +0000 2018","retweets":"30","favorites":"20","mentions":[],"hashtags":[],"geo":"","raw":"맛있었습니당 제 기준에는 보쌈고기가 조금 질겨서 먹기가 함들엇지만요 ㅠㅠ","polarity":{"com":0.005855331250731915,"pos":0.19790588327473818,"neg":0.5626509663203314,"neut":0.22031897002753983,"none":0.013268849126658605},"intensity":{"high":0.041569617,"low":0.15336007587499997,"meium":0.7888737922500001,"none":0.016196514875},"expressive":{"dir-action":0,"dir-explicit":0.24123317803015418,"dir-speech":0.6652702295831588,"indirect":0.07824361625978046,"writing-device":0.015252976126906622}},{"id":"미스터보쌈5379고강점","permalink":"","username":"asdfg","text":"맛잇어요마늘보쌈최고","date":"Mon Dec 10 23:59:44 +0000 2018","retweets":"30","favorites":"20","mentions":[],"hashtags":[],"geo":"","raw":"맛잇어요마늘보쌈최고","polarity":{"com":0,"pos":0.9444444445,"neg":0.0555555555,"neut":0,"none":0},"intensity":{"high":0.388888889,"low":0,"meium":0.611111111,"none":0},"expressive":{"dir-action":0,"dir-explicit":0,"dir-speech":0.5,"indirect":0.5,"writing-device":0}},{"id":"미스터보쌈5379고강점","permalink":"","username":"asdfg","text":"그냥그랬어요~~~~~","date":"Mon Dec 10 23:59:44 +0000 2018","retweets":"30","favorites":"20","mentions":[],"hashtags":[],"geo":"","raw":"그냥그랬어요~~~~~","polarity":{"com":0,"pos":0,"neg":1,"neut":0,"none":0},"intensity":{"high":0,"low":0,"meium":1,"none":0},"expressive":{"dir-action":0,"dir-explicit":0,"dir-speech":1,"indirect":0,"writing-device":0}},{"id":"미스터보쌈5379고강점","permalink":"","username":"asdfg","text":"가격대비 먹을만 합니다.","date":"Mon Dec 10 23:59:44 +0000 2018","retweets":"30","favorites":"20","mentions":[],"hashtags":[],"geo":"","raw":"가격대비 먹을만 합니다.","polarity":{"com":0,"pos":0.6388888886666667,"neg":0.22222222233333333,"neut":0,"none":0.138888889},"intensity":{"high":0.06481481466666668,"low":0.074074074,"meium":0.7222222223333334,"none":0.13888888900000002},"expressive":{"dir-action":0,"dir-explicit":0.185185185,"dir-speech":0.2592592593333333,"indirect":0.4166666666666667,"writing-device":0.138888889}},{"id":"미스터보쌈5379고강점","permalink":"","username":"asdfg","text":"마늘보쌈 오랜만에 먹는데 원래 무김치? 아무튼 진짜 다 더 맛있어졌네요 앞으론 자주 시켜먹을거같아요","date":"Mon Dec 10 23:59:44 +0000 2018","retweets":"30","favorites":"20","mentions":[],"hashtags":[],"geo":"","raw":"마늘보쌈 오랜만에 먹는데 원래 무김치? 아무튼 진짜 다 더 맛있어졌네요 앞으론 자주 시켜먹을거같아요","polarity":{"com":0.017045454502130682,"pos":0.3790584414223824,"neg":0.5303030304412879,"neut":0.026515151503314394,"none":0.04707792213088474},"intensity":{"high":0.07485569986564304,"low":0.227904040221512,"meium":0.6501623377937297,"none":0.047077922119115254},"expressive":{"dir-action":0,"dir-explicit":0.13564213559108945,"dir-speech":0.6600829725849792,"indirect":0.01136363637215909,"writing-device":0.19291125545177218}},{"id":"미스터보쌈5379고강점","permalink":"","username":"asdfg","text":"보쌈은  미스터보쌈이 진리당~~~~ 저랑 신랑은  보쌈은  미스터가  젤 나아요...  냄새도 없고  맛있어요","date":"Mon Dec 10 23:59:44 +0000 2018","retweets":"30","favorites":"20","mentions":[],"hashtags":[],"geo":"","raw":"보쌈은  미스터보쌈이 진리당~~~~ 저랑 신랑은  보쌈은  미스터가  젤 나아요...  냄새도 없고  맛있어요","polarity":{"com":0.013217675777777781,"pos":0.2719384205555556,"neg":0.6490755696666668,"neut":0.03541127488888889,"none":0.030357059111111116},"intensity":{"high":0.19942520828869728,"low":0.11961131326209266,"meium":0.648046130882682,"none":0.032917347566528005},"expressive":{"dir-action":0.0004894762222766084,"dir-explicit":0.22553785613617086,"dir-speech":0.5072546461674727,"indirect":0.23263524013695946,"writing-device":0.0340827813371203}},{"id":"미스터보쌈5379고강점","permalink":"","username":"asdfg","text":"맛있게 잘 먹었습니다. ","date":"Mon Dec 10 23:59:44 +0000 2018","retweets":"30","favorites":"20","mentions":[],"hashtags":[],"geo":"","raw":"맛있게 잘 먹었습니다. ","polarity":{"com":0,"pos":0.35714285717857136,"neg":0.6071428573035714,"neut":0.03571428551785714,"none":0},"intensity":{"high":0,"low":0.107142857,"meium":0.8928571430000001,"none":0},"expressive":{"dir-action":0,"dir-explicit":0.107142857,"dir-speech":0.5714285715,"indirect":0.3214285715,"writing-device":0}},{"id":"미스터보쌈5379고강점","permalink":"","username":"asdfg","text":"맛잇게먹었어요~~~~~","date":"Mon Dec 10 23:59:44 +0000 2018","retweets":"30","favorites":"20","mentions":[],"hashtags":[],"geo":"","raw":"맛잇게먹었어요~~~~~","polarity":{"com":0,"pos":0.6666666665000001,"neg":0.3333333335,"neut":0,"none":0},"intensity":{"high":0.0555555555,"low":0.111111111,"meium":0.8333333334999999,"none":0},"expressive":{"dir-action":0,"dir-explicit":0.111111111,"dir-speech":0.888888889,"indirect":0,"writing-device":0}},{"id":"미스터보쌈5379고강점","permalink":"","username":"asdfg","text":"고기잘안먹는저희딸도맛있다고잘먹네용","date":"Mon Dec 10 23:59:44 +0000 2018","retweets":"30","favorites":"20","mentions":[],"hashtags":[],"geo":"","raw":"고기잘안먹는저희딸도맛있다고잘먹네용","polarity":{"com":0,"pos":0.19285714283857142,"neg":0.5553571429110714,"neut":0.23928571424785713,"none":0.012500000002500001},"intensity":{"high":0.0625,"low":0.0428571428,"meium":0.8821428572000001,"none":0.0125},"expressive":{"dir-action":0,"dir-explicit":0.18035714279999998,"dir-speech":0.6660714286,"indirect":0.12857142859999998,"writing-device":0.025}},{"id":"미스터보쌈5379고강점","permalink":"","username":"asdfg","text":"맛있어요 마늘소스 굿굿굿","date":"Mon Dec 10 23:59:44 +0000 2018","retweets":"30","favorites":"20","mentions":[],"hashtags":[],"geo":"","raw":"맛있어요 마늘소스 굿굿굿","polarity":{"com":0,"pos":0.6666666666666666,"neg":0.3333333333333333,"neut":0,"none":0},"intensity":{"high":0,"low":0,"meium":1,"none":0},"expressive":{"dir-action":0,"dir-explicit":0,"dir-speech":0.3333333333333333,"indirect":0.6666666666666666,"writing-device":0}},{"id":"미스터보쌈5379고강점","permalink":"","username":"asdfg","text":"가격대비 나름 괜찮습니다","date":"Mon Dec 10 23:59:44 +0000 2018","retweets":"30","favorites":"20","mentions":[],"hashtags":[],"geo":"","raw":"가격대비 나름 괜찮습니다","polarity":{"com":0,"pos":1,"neg":0,"neut":0,"none":0},"intensity":{"high":0,"low":0,"meium":1,"none":0},"expressive":{"dir-action":0,"dir-explicit":0,"dir-speech":0,"indirect":1,"writing-device":0}},{"id":"미스터보쌈5379고강점","permalink":"","username":"asdfg","text":"맛있어요..처음 먹었는데 족발도 맛있네요~","date":"Mon Dec 10 23:59:44 +0000 2018","retweets":"30","favorites":"20","mentions":[],"hashtags":[],"geo":"","raw":"맛있어요..처음 먹었는데 족발도 맛있네요~","polarity":{"com":0.04999999998333333,"pos":0.21428571426190474,"neg":0.5380952381539682,"neut":0.004761904665079365,"none":0.1928571429357143},"intensity":{"high":0.047619047666666664,"low":0.038095238,"meium":0.7214285713333334,"none":0.192857143},"expressive":{"dir-action":0,"dir-explicit":0.1571428572285714,"dir-speech":0.5761904759492064,"indirect":0.07619047628253968,"writing-device":0.1904761905396825}},{"id":"미스터보쌈5379고강점","permalink":"","username":"asdfg","text":"푸짐하고좋아요 맛도 정말맛있구 백김치가 진짜 짱입니다 잘먹을게요^^","date":"Mon Dec 10 23:59:44 +0000 2018","retweets":"30","favorites":"20","mentions":[],"hashtags":[],"geo":"","raw":"푸짐하고좋아요 맛도 정말맛있구 백김치가 진짜 짱입니다 잘먹을게요^^","polarity":{"com":0.009250997715607284,"pos":0.6847476469549639,"neg":0.1860936445980134,"neut":0.039474573577067795,"none":0.08043313715434759},"intensity":{"high":0.15746848287963836,"low":0.07531600015361656,"meium":0.6850778690978683,"none":0.0821376478688768},"expressive":{"dir-action":0.00042900042857142864,"dir-explicit":0.3456998114285714,"dir-speech":0.31400880171428575,"indirect":0.25619912842857145,"writing-device":0.08366325800000002}},{"id":"미스터보쌈5379고강점","permalink":"","username":"asdfg","text":"ㅋㅋㅋㅋ보쌈맛있구 백김치도 맛나뇽","date":"Mon Dec 10 23:59:44 +0000 2018","retweets":"30","favorites":"20","mentions":[],"hashtags":[],"geo":"","raw":"ㅋㅋㅋㅋ보쌈맛있구 백김치도 맛나뇽","polarity":{"com":0.019047619,"pos":0.20476190466666663,"neg":0.6261904763333332,"neut":0.004761904666666666,"none":0.14523809533333332},"intensity":{"high":0.06428571433333334,"low":0.054761904666666666,"meium":0.7357142856666666,"none":0.14523809533333334},"expressive":{"dir-action":0,"dir-explicit":0.0952380953015873,"dir-speech":0.7166666664277778,"indirect":0.04523809531825397,"writing-device":0.14285714295238094}},{"id":"미스터보쌈5379고강점","permalink":"","username":"asdfg","text":"맛은있고 양은적고~ 포장은 좋아요^^","date":"Mon Dec 10 23:59:44 +0000 2018","retweets":"30","favorites":"20","mentions":[],"hashtags":[],"geo":"","raw":"맛은있고 양은적고~ 포장은 좋아요^^","polarity":{"com":0.00223214275,"pos":0.5960714285000001,"neg":0.2689285715,"neut":0.0089285715,"none":0.12383928575},"intensity":{"high":0.061160714250000005,"low":0.08589285725,"meium":0.72910714275,"none":0.12383928575},"expressive":{"dir-action":0,"dir-explicit":0.32410714275,"dir-speech":0.35133928575000006,"indirect":0.20071428575000003,"writing-device":0.12383928575000001}},{"id":"미스터보쌈5379고강점","permalink":"","username":"asdfg","text":"시간약속지켜주셔서 감사합니다.막국수랑,백김치, 무채가 정말 맛있어요.","date":"Mon Dec 10 23:59:44 +0000 2018","retweets":"30","favorites":"20","mentions":[],"hashtags":[],"geo":"","raw":"시간약속지켜주셔서 감사합니다.막국수랑,백김치, 무채가 정말 맛있어요.","polarity":{"com":0.0035714286,"pos":0.5321428572,"neg":0.4428571428,"neut":0.0160714286,"none":0.0053571428},"intensity":{"high":0.2821428572,"low":0.0214285714,"meium":0.6892857142000001,"none":0.0071428572},"expressive":{"dir-action":0,"dir-explicit":0.19166666663833334,"dir-speech":0.6291666667258333,"indirect":0.17380952383476192,"writing-device":0.0053571428010714284}},{"id":"미스터보쌈5379고강점","permalink":"","username":"asdfg","text":"맛있게 먹었어요근데 막국수는....박하사탕같은 맛이나서 제 입맛에는 안맞아서 아쉬웠어요감사합니다.","date":"Mon Dec 10 23:59:44 +0000 2018","retweets":"30","favorites":"20","mentions":[],"hashtags":[],"geo":"","raw":"맛있게 먹었어요근데 막국수는....박하사탕같은 맛이나서 제 입맛에는 안맞아서 아쉬웠어요감사합니다.","polarity":{"com":0.0050000000005,"pos":0.24707070702470704,"neg":0.6353391053635339,"neut":0.06699134200669914,"none":0.04559884560455988},"intensity":{"high":0.08790043289999999,"low":0.0692135642,"meium":0.7972871573000001,"none":0.0455988456},"expressive":{"dir-action":0,"dir-explicit":0.12666666669999999,"dir-speech":0.6505483406,"indirect":0.14583694079999998,"writing-device":0.07694805190000001}},{"id":"미스터보쌈5379고강점","permalink":"","username":"asdfg","text":"보쌈속이 안맵고 싱거웠어요 ㅠ 고기랑 막국수는 맛있었어요!!","date":"Mon Dec 10 23:59:44 +0000 2018","retweets":"30","favorites":"20","mentions":[],"hashtags":[],"geo":"","raw":"보쌈속이 안맵고 싱거웠어요 ㅠ 고기랑 막국수는 맛있었어요!!","polarity":{"com":0.02272727275,"pos":0.23277417025,"neg":0.38124549074999997,"neut":0.3277867965,"none":0.03546626975},"intensity":{"high":0.10878878075,"low":0.08225108225,"meium":0.77349386725,"none":0.03546626975},"expressive":{"dir-action":0,"dir-explicit":0.25701208525,"dir-speech":0.50899621225,"indirect":0.17893217875,"writing-device":0.05505952375}},{"id":"미스터보쌈5379고강점","permalink":"","username":"asdfg","text":"보쌈이랑 기본반찬은 맛있음 만족족발은 편의점에서 파는거 같아 별로파보쌈변경도 안하는게그냥 보쌈만 담에 꼭 시켜먹을듯","date":"Mon Dec 10 23:59:44 +0000 2018","retweets":"30","favorites":"20","mentions":[],"hashtags":[],"geo":"","raw":"보쌈이랑 기본반찬은 맛있음 만족족발은 편의점에서 파는거 같아 별로파보쌈변경도 안하는게그냥 보쌈만 담에 꼭 시켜먹을듯","polarity":{"com":0.003157012538461539,"pos":0.3325835397692308,"neg":0.4929810737692307,"neut":0.022093117615384614,"none":0.14918525630769233},"intensity":{"high":0.04898809723453756,"low":0.08126248654471252,"meium":0.7205641599015818,"none":0.14918525631916815},"expressive":{"dir-action":0,"dir-explicit":0.20426443046153844,"dir-speech":0.4086004969230768,"indirect":0.16354857653846153,"writing-device":0.22358649607692305}},{"id":"미스터보쌈5379고강점","permalink":"","username":"asdfg","text":"너무 맛있게 잘먹었어요!!!!","date":"Mon Dec 10 23:59:44 +0000 2018","retweets":"30","favorites":"20","mentions":[],"hashtags":[],"geo":"","raw":"너무 맛있게 잘먹었어요!!!!","polarity":{"com":0.07142857153571429,"pos":0.4285714287142857,"neg":0.4642857142321429,"neut":0.035714285517857144,"none":0},"intensity":{"high":0.0714285715,"low":0.1785714285,"meium":0.75,"none":0},"expressive":{"dir-action":0,"dir-explicit":0.39285714250000003,"dir-speech":0.21428571450000003,"indirect":0.392857143,"writing-device":0}},{"id":"미스터보쌈5379고강점","permalink":"","username":"asdfg","text":"맛나요맛나요맛있어요","date":"Mon Dec 10 23:59:44 +0000 2018","retweets":"30","favorites":"20","mentions":[],"hashtags":[],"geo":"","raw":"맛나요맛나요맛있어요","polarity":{"com":0,"pos":0.6666666666666666,"neg":0.3333333333333333,"neut":0,"none":0},"intensity":{"high":0,"low":0,"meium":1,"none":0},"expressive":{"dir-action":0,"dir-explicit":0,"dir-speech":1,"indirect":0,"writing-device":0}},{"id":"미스터보쌈5379고강점","permalink":"","username":"asdfg","text":"깔끔하고 맛있어요. 무김치도 아삭아삭해요.","date":"Mon Dec 10 23:59:44 +0000 2018","retweets":"30","favorites":"20","mentions":[],"hashtags":[],"geo":"","raw":"깔끔하고 맛있어요. 무김치도 아삭아삭해요.","polarity":{"com":0.0106652835,"pos":0.28718435175,"neg":0.5092941464999999,"neut":0.029071066,"none":0.16378515225},"intensity":{"high":0.09297844647675539,"low":0.08120164497969957,"meium":0.6584104423353974,"none":0.16740946620814762},"expressive":{"dir-action":0.0036243140000000004,"dir-explicit":0.16473653450000003,"dir-speech":0.45097079825,"indirect":0.209297475,"writing-device":0.17137087825000002}},{"id":"미스터보쌈5379고강점","permalink":"","username":"asdfg","text":"두리보쌈2인이였구요 위생적이고 깔끔했고 보쌈고기도 맛있었습니다 막국수도 맛있었고전체적으로 좋았구요 앞으로 자주 시켜먹으려구용^^","date":"Mon Dec 10 23:59:44 +0000 2018","retweets":"30","favorites":"20","mentions":[],"hashtags":[],"geo":"","raw":"두리보쌈2인이였구요 위생적이고 깔끔했고 보쌈고기도 맛있었습니다 막국수도 맛있었고전체적으로 좋았구요 앞으로 자주 시켜먹으려구용^^","polarity":{"com":0.0049373513,"pos":0.4702702327,"neg":0.3165704046,"neut":0.13563266170000002,"none":0.0725893497},"intensity":{"high":0.07212041800721204,"low":0.2907669647290767,"meium":0.5643082137564308,"none":0.07280440350728044},"expressive":{"dir-action":0.0006451612998709678,"dir-explicit":0.19068823236186236,"dir-speech":0.6441682478711663,"indirect":0.07399584348520083,"writing-device":0.0905025149818995}},{"id":"미스터보쌈5379고강점","permalink":"","username":"asdfg","text":"깔끔하고 맛있게 잘 먹었습니다.","date":"Mon Dec 10 23:59:44 +0000 2018","retweets":"30","favorites":"20","mentions":[],"hashtags":[],"geo":"","raw":"깔끔하고 맛있게 잘 먹었습니다.","polarity":{"com":0.008008008002669337,"pos":0.44229944248076647,"neg":0.5068640068356214,"neut":0.034820534678273514,"none":0.008008008002669337},"intensity":{"high":0.038038038,"low":0.09945659933333333,"meium":0.8534963536666668,"none":0.009009009},"expressive":{"dir-action":0.001001001,"dir-explicit":0.1755326753333333,"dir-speech":0.410982411,"indirect":0.40347490366666666,"writing-device":0.009009009}},{"id":"미스터보쌈5379고강점","permalink":"","username":"asdfg","text":"알뜰셋트? 가 없어져서 아쉽지만, 잘 먹었습니다.","date":"Mon Dec 10 23:59:44 +0000 2018","retweets":"30","favorites":"20","mentions":[],"hashtags":[],"geo":"","raw":"알뜰셋트? 가 없어져서 아쉽지만, 잘 먹었습니다.","polarity":{"com":0,"pos":0.498015873,"neg":0.44246031750000003,"neut":0.03174603175000001,"none":0.027777777750000003},"intensity":{"high":0.04166666675,"low":0.08134920625,"meium":0.84920634925,"none":0.02777777775},"expressive":{"dir-action":0,"dir-explicit":0.19246031745188494,"dir-speech":0.07738095248065477,"indirect":0.7023809523244049,"writing-device":0.02777777774305556}},{"id":"미스터보쌈5379고강점","permalink":"","username":"asdfg","text":"배달은 늦지만  맛은 있네요","date":"Mon Dec 10 23:59:44 +0000 2018","retweets":"30","favorites":"20","mentions":[],"hashtags":[],"geo":"","raw":"배달은 늦지만  맛은 있네요","polarity":{"com":0.00223214275,"pos":0.5848214285,"neg":0.2901785715,"neut":0.0089285715,"none":0.11383928575},"intensity":{"high":0.01116071425,"low":0.01339285725,"meium":0.86160714275,"none":0.11383928575},"expressive":{"dir-action":0,"dir-explicit":0.04910714275,"dir-speech":0.55133928575,"indirect":0.28571428575,"writing-device":0.11383928575}},{"id":"미스터보쌈5379고강점","permalink":"","username":"asdfg","text":"양이너무적어요 보쌈이랑순살족발세트인데 보쌈10점 족발9점왓네요...2만5천원치고 너무한거같아요포장깔끔하고 배송빨라요 ","date":"Mon Dec 10 23:59:44 +0000 2018","retweets":"30","favorites":"20","mentions":[],"hashtags":[],"geo":"","raw":"양이너무적어요 보쌈이랑순살족발세트인데 보쌈10점 족발9점왓네요...2만5천원치고 너무한거같아요포장깔끔하고 배송빨라요 ","polarity":{"com":0.021084109333333333,"pos":0.32586192644444445,"neg":0.6118559034444444,"neut":0.013837366777777778,"none":0.027360694},"intensity":{"high":0.19086173004241372,"low":0.09910821179980184,"meium":0.6823356971516301,"none":0.027694361006154303},"expressive":{"dir-action":0.0003336670000000001,"dir-explicit":0.4224490596666667,"dir-speech":0.21241689866666666,"indirect":0.22381625333333335,"writing-device":0.14098412133333335}},{"id":"미스터보쌈5379고강점","permalink":"","username":"asdfg","text":"보쌈 참 맛있어요 맥주없이 먹을라니까콜라하나 잇엇으면 좋앗을것같앗는데..ㅎ","date":"Mon Dec 10 23:59:44 +0000 2018","retweets":"30","favorites":"20","mentions":[],"hashtags":[],"geo":"","raw":"보쌈 참 맛있어요 맥주없이 먹을라니까콜라하나 잇엇으면 좋앗을것같앗는데..ㅎ","polarity":{"com":0.0073161396678860235,"pos":0.4925976397487663,"neg":0.3732619173955436,"neut":0.07848184317974696,"none":0.04834246000805708},"intensity":{"high":0.40751045163583677,"low":0.06624902202208299,"meium":0.47789806632596604,"none":0.04834246001611415},"expressive":{"dir-action":0.002502502500417084,"dir-explicit":0.3616683912269447,"dir-speech":0.22547757837091292,"indirect":0.3577400930596234,"writing-device":0.052611434842101915}},{"id":"미스터보쌈5379고강점","permalink":"","username":"asdfg","text":"최고예요 ! 언제나 맛있어요 ","date":"Mon Dec 10 23:59:44 +0000 2018","retweets":"30","favorites":"20","mentions":[],"hashtags":[],"geo":"","raw":"최고예요 ! 언제나 맛있어요 ","polarity":{"com":0,"pos":0.5,"neg":0.5,"neut":0,"none":0},"intensity":{"high":0.5,"low":0,"meium":0.5,"none":0},"expressive":{"dir-action":0,"dir-explicit":0,"dir-speech":0.5,"indirect":0.5,"writing-device":0}},{"id":"미스터보쌈5379고강점","permalink":"","username":"asdfg","text":"위생 포장 깔끔하네요김치는 없고 무생채만 잇어요 음료수가 원래 안오는거면 따로 시킬걸 그랫어요.. ","date":"Mon Dec 10 23:59:44 +0000 2018","retweets":"30","favorites":"20","mentions":[],"hashtags":[],"geo":"","raw":"위생 포장 깔끔하네요김치는 없고 무생채만 잇어요 음료수가 원래 안오는거면 따로 시킬걸 그랫어요.. ","polarity":{"com":0.006123600601224721,"pos":0.2718943110543789,"neg":0.4664946858932989,"neut":0.1915209861383042,"none":0.06396641631279328},"intensity":{"high":0.05171774490000001,"low":0.1816971358,"meium":0.7012104916999999,"none":0.06537462760000001},"expressive":{"dir-action":0.0009454616000000001,"dir-explicit":0.2357060038,"dir-speech":0.4870290668999999,"indirect":0.2146168537,"writing-device":0.06170261400000001}},{"id":"미스터보쌈5379고강점","permalink":"","username":"asdfg","text":"맛있게 잘 먹었습니다. 대신 양이 적음","date":"Mon Dec 10 23:59:44 +0000 2018","retweets":"30","favorites":"20","mentions":[],"hashtags":[],"geo":"","raw":"맛있게 잘 먹었습니다. 대신 양이 적음","polarity":{"com":0.012531328337510445,"pos":0.4160401001386801,"neg":0.5225563911741855,"neut":0.04636591468212197,"none":0.0025062656675020885},"intensity":{"high":0.055137844666666665,"low":0.11403508766666666,"meium":0.828320802,"none":0.0025062656666666665},"expressive":{"dir-action":0,"dir-explicit":0.179197995,"dir-speech":0.4085213033333333,"indirect":0.409774436,"writing-device":0.0025062656666666665}},{"id":"미스터보쌈5379고강점","permalink":"","username":"asdfg","text":"동생ㅇ랑 배부르게 먹었습니당","date":"Mon Dec 10 23:59:44 +0000 2018","retweets":"30","favorites":"20","mentions":[],"hashtags":[],"geo":"","raw":"동생ㅇ랑 배부르게 먹었습니당","polarity":{"com":0,"pos":0.333333333,"neg":0.666666667,"neut":0,"none":0},"intensity":{"high":0.111111111,"low":0.222222222,"meium":0.666666667,"none":0},"expressive":{"dir-action":0,"dir-explicit":0.222222222,"dir-speech":0.777777778,"indirect":0,"writing-device":0}},{"id":"미스터보쌈5379고강점","permalink":"","username":"asdfg","text":"처음인데 맛있게 먹었어요","date":"Mon Dec 10 23:59:44 +0000 2018","retweets":"30","favorites":"20","mentions":[],"hashtags":[],"geo":"","raw":"처음인데 맛있게 먹었어요","polarity":{"com":0.047619047650793646,"pos":0.2539682539153439,"neg":0.6507936507830687,"neut":0,"none":0.047619047650793646},"intensity":{"high":0.037037037,"low":0.074074074,"meium":0.8412698413333333,"none":0.047619047666666664},"expressive":{"dir-action":0,"dir-explicit":0.16931216927689594,"dir-speech":0.7354497354215168,"indirect":0.047619047650793646,"writing-device":0.047619047650793646}},{"id":"미스터보쌈5379고강점","permalink":"","username":"asdfg","text":"처음인데 맛있게 잘먹었어요","date":"Mon Dec 10 23:59:44 +0000 2018","retweets":"30","favorites":"20","mentions":[],"hashtags":[],"geo":"","raw":"처음인데 맛있게 잘먹었어요","polarity":{"com":0.04761904766666666,"pos":0.38095238099999995,"neg":0.49999999999999994,"neut":0.023809523666666662,"none":0.04761904766666666},"intensity":{"high":0,"low":0.07142857133333333,"meium":0.8809523810000001,"none":0.047619047666666664},"expressive":{"dir-action":0,"dir-explicit":0.16666666661111107,"dir-speech":0.5238095238253968,"indirect":0.26190476191269835,"writing-device":0.04761904765079364}},{"id":"미스터보쌈5379고강점","permalink":"","username":"asdfg","text":"처음배달시켜서 먹었는데 맛있었어요ㅎ 또 주문해서 자주 먹을듯 해요","date":"Mon Dec 10 23:59:44 +0000 2018","retweets":"30","favorites":"20","mentions":[],"hashtags":[],"geo":"","raw":"처음배달시켜서 먹었는데 맛있었어요ㅎ 또 주문해서 자주 먹을듯 해요","polarity":{"com":0.020276497744930868,"pos":0.42066692251983323,"neg":0.4528161802617959,"neut":0.01048387099737903,"none":0.09575652847606084},"intensity":{"high":0.05219534048695116,"low":0.19507168457623203,"meium":0.6567076292108232,"none":0.09602534572599365},"expressive":{"dir-action":0.00775089612403114,"dir-explicit":0.1900409627262449,"dir-speech":0.5427803379321525,"indirect":0.14581413198177326,"writing-device":0.11361367123579831}},{"id":"미스터보쌈5379고강점","permalink":"","username":"asdfg","text":"와 진짜 리뷰 작성 잘안하는데 보쌈 맛은 보통입니다 충분히 즐길수 있는 맛있습니다 그런데 보쌈 아래 온수팩을 깔아 금방식어버리는 다른곳 보다 따뜻하게 오래 먹었습니다 먹는 속도가 느려서 끝까지 맛있게 먹었네여","date":"Mon Dec 10 23:59:44 +0000 2018","retweets":"30","favorites":"20","mentions":[],"hashtags":[],"geo":"","raw":"와 진짜 리뷰 작성 잘안하는데 보쌈 맛은 보통입니다 충분히 즐길수 있는 맛있습니다 그런데 보쌈 아래 온수팩을 깔아 금방식어버리는 다른곳 보다 따뜻하게 오래 먹었습니다 먹는 속도가 느려서 끝까지 맛있게 먹었네여","polarity":{"com":0.014037567,"pos":0.560764546,"neg":0.30269412273333335,"neut":0.0604216822,"none":0.06208208206666667},"intensity":{"high":0.15457280807697155,"low":0.07289550047152638,"meium":0.7104496093806967,"none":0.062082082070805476},"expressive":{"dir-action":0.0010010010000667334,"dir-explicit":0.24872898101658195,"dir-speech":0.4442526560962835,"indirect":0.2422276898828152,"writing-device":0.06378967200425266}},{"id":"미스터보쌈5379고강점","permalink":"","username":"asdfg","text":"아주 좋아요 굿이에요 맛나요","date":"Mon Dec 10 23:59:44 +0000 2018","retweets":"30","favorites":"20","mentions":[],"hashtags":[],"geo":"","raw":"아주 좋아요 굿이에요 맛나요","polarity":{"com":0,"pos":0.9166666666666666,"neg":0.08333333333333333,"neut":0,"none":0},"intensity":{"high":0.08333333333333333,"low":0,"meium":0.9166666666666666,"none":0},"expressive":{"dir-action":0,"dir-explicit":0,"dir-speech":0.4166666666666667,"indirect":0.5833333333333334,"writing-device":0}},{"id":"미스터보쌈5379고강점","permalink":"","username":"asdfg","text":"가격대비 아주 훌륭합니다","date":"Mon Dec 10 23:59:44 +0000 2018","retweets":"30","favorites":"20","mentions":[],"hashtags":[],"geo":"","raw":"가격대비 아주 훌륭합니다","polarity":{"com":0.008008007999999999,"pos":0.7875375376666666,"neg":0.1854354353333333,"neut":0.011011011,"none":0.008008007999999999},"intensity":{"high":0.12137137133333332,"low":0.028028028,"meium":0.8415915916666666,"none":0.009009009},"expressive":{"dir-action":0.001001001,"dir-explicit":0.10410410399999999,"dir-speech":0.11336336333333334,"indirect":0.7725225226666667,"writing-device":0.009009009}},{"id":"미스터보쌈5379고강점","permalink":"","username":"asdfg","text":"맛잇게 ㅈ잘먹엇습니다!!!","date":"Mon Dec 10 23:59:44 +0000 2018","retweets":"30","favorites":"20","mentions":[],"hashtags":[],"geo":"","raw":"맛잇게 ㅈ잘먹엇습니다!!!","polarity":{"com":0,"pos":1,"neg":0,"neut":0,"none":0},"intensity":{"high":0,"low":0,"meium":1,"none":0},"expressive":{"dir-action":0,"dir-explicit":0,"dir-speech":1,"indirect":0,"writing-device":0}},{"id":"미스터보쌈5379고강점","permalink":"","username":"asdfg","text":"포장 깔끔하고 맛도 좋아요 대박","date":"Mon Dec 10 23:59:44 +0000 2018","retweets":"30","favorites":"20","mentions":[],"hashtags":[],"geo":"","raw":"포장 깔끔하고 맛도 좋아요 대박","polarity":{"com":0.006006006,"pos":0.66440315325,"neg":0.3053265765,"neut":0.00825825825,"none":0.016006006},"intensity":{"high":0.0785285285,"low":0.093521021,"meium":0.8111936937499999,"none":0.01675675675},"expressive":{"dir-action":0.0007507507500000003,"dir-explicit":0.3530780780000001,"dir-speech":0.3225225225,"indirect":0.306891892,"writing-device":0.016756756750000004}},{"id":"미스터보쌈5379고강점","permalink":"","username":"asdfg","text":"맛도있고 배달도 빨라서 좋았어요 양이 쫌 적은듯 했는데 둘이 먹기 적당했구요 다른반찬들도 깔끔하고 다맛있었어요 막국수가 특히 맛있더라구요 전체적으로 좋았어요 다음에도 여기서 시킬께요 감사합니다 맛있게 잘먹었습니다.","date":"Mon Dec 10 23:59:44 +0000 2018","retweets":"30","favorites":"20","mentions":[],"hashtags":[],"geo":"","raw":"맛도있고 배달도 빨라서 좋았어요 양이 쫌 적은듯 했는데 둘이 먹기 적당했구요 다른반찬들도 깔끔하고 다맛있었어요 막국수가 특히 맛있더라구요 전체적으로 좋았어요 다음에도 여기서 시킬께요 감사합니다 맛있게 잘먹었습니다.","polarity":{"com":0.005240331591147288,"pos":0.5580858956617313,"neg":0.3055519974684342,"neut":0.0222044039101002,"none":0.10891737136858715},"intensity":{"high":0.12692462427272727,"low":0.07197085745454546,"meium":0.6913468105909091,"none":0.10975770768181818},"expressive":{"dir-action":0.0006299955453686371,"dir-explicit":0.20986310910774594,"dir-speech":0.4163882086704926,"indirect":0.2588959480101506,"writing-device":0.11422273866624236}},{"id":"미스터보쌈5379고강점","permalink":"","username":"asdfg","text":"항상 맛있네용 ㅎㅎㅎ","date":"Mon Dec 10 23:59:44 +0000 2018","retweets":"30","favorites":"20","mentions":[],"hashtags":[],"geo":"","raw":"항상 맛있네용 ㅎㅎㅎ","polarity":{"com":0,"pos":1,"neg":0,"neut":0,"none":0},"intensity":{"high":0,"low":0,"meium":1,"none":0},"expressive":{"dir-action":0,"dir-explicit":0.5,"dir-speech":0.5,"indirect":0,"writing-device":0}},{"id":"미스터보쌈5379고강점","permalink":"","username":"asdfg","text":"양이 부족하지만 가격이 싸니까 괜찮습니다 ","date":"Mon Dec 10 23:59:44 +0000 2018","retweets":"30","favorites":"20","mentions":[],"hashtags":[],"geo":"","raw":"양이 부족하지만 가격이 싸니까 괜찮습니다 ","polarity":{"com":0,"pos":0.6666666666666666,"neg":0.3333333333333333,"neut":0,"none":0},"intensity":{"high":0,"low":0,"meium":1,"none":0},"expressive":{"dir-action":0,"dir-explicit":0.4166666666666667,"dir-speech":0.08333333333333333,"indirect":0.5,"writing-device":0}},{"id":"미스터보쌈5379고강점","permalink":"","username":"asdfg","text":"배달도 친절하게해주시고 맛도좋네요ㅎ 잘먹겠습니다~다음에도 시켜먹을게요","date":"Mon Dec 10 23:59:44 +0000 2018","retweets":"30","favorites":"20","mentions":[],"hashtags":[],"geo":"","raw":"배달도 친절하게해주시고 맛도좋네요ㅎ 잘먹겠습니다~다음에도 시켜먹을게요","polarity":{"com":0.004221327667135703,"pos":0.5577636526175292,"neg":0.3338345370370927,"neut":0.026505641114056185,"none":0.0776748415641861},"intensity":{"high":0.07874396988013956,"low":0.0925954959897116,"meium":0.7494696046945034,"none":0.07919092943564544},"expressive":{"dir-action":0.0019939851111111114,"dir-explicit":0.18856891744444448,"dir-speech":0.5698946311111112,"indirect":0.15882985800000002,"writing-device":0.08071260833333335}},{"id":"미스터보쌈5379고강점","permalink":"","username":"asdfg","text":"맛은 좋았어요! 근데 양이 좀 적네용ㅜㅜ","date":"Mon Dec 10 23:59:44 +0000 2018","retweets":"30","favorites":"20","mentions":[],"hashtags":[],"geo":"","raw":"맛은 좋았어요! 근데 양이 좀 적네용ㅜㅜ","polarity":{"com":0,"pos":0.9733333333333333,"neg":0.013333333333333334,"neut":0,"none":0.013333333333333334},"intensity":{"high":0.06666666666666667,"low":0.013333333333333334,"meium":0.9066666666666666,"none":0.013333333333333334},"expressive":{"dir-action":0,"dir-explicit":0.3333333333333333,"dir-speech":0.6,"indirect":0.05333333333333334,"writing-device":0.013333333333333334}},{"id":"미스터보쌈5379고강점","permalink":"","username":"asdfg","text":"매운맛도 달콤하고 맛있네용ㅎ","date":"Mon Dec 10 23:59:44 +0000 2018","retweets":"30","favorites":"20","mentions":[],"hashtags":[],"geo":"","raw":"매운맛도 달콤하고 맛있네용ㅎ","polarity":{"com":0.010388960333333334,"pos":0.27563277566666666,"neg":0.5449592449999999,"neut":0.015772915666666668,"none":0.15324610333333333},"intensity":{"high":0.08565708566666667,"low":0.066123266,"meium":0.6939725440000001,"none":0.15424710433333333},"expressive":{"dir-action":0.001001000999666333,"dir-explicit":0.1660088659446637,"dir-speech":0.46336336317887883,"indirect":0.2177606179274131,"writing-device":0.15186615194937794}},{"id":"미스터보쌈5379고강점","permalink":"","username":"asdfg","text":"맛있게 잘먹었어요~~~^^담에 또먹을께요~~","date":"Mon Dec 10 23:59:44 +0000 2018","retweets":"30","favorites":"20","mentions":[],"hashtags":[],"geo":"","raw":"맛있게 잘먹었어요~~~^^담에 또먹을께요~~","polarity":{"com":0,"pos":0.2857142856666666,"neg":0.5476190476666667,"neut":0.023809523666666665,"none":0.142857143},"intensity":{"high":0,"low":0.07142857133333333,"meium":0.7857142856666668,"none":0.142857143},"expressive":{"dir-action":0,"dir-explicit":0.119047619,"dir-speech":0.47619047633333333,"indirect":0.21428571433333332,"writing-device":0.19047619033333332}},{"id":"미스터보쌈5379고강점","permalink":"","username":"asdfg","text":"양도  많고  맛도좋았어요저녘에 배터지게먹었네요~","date":"Mon Dec 10 23:59:44 +0000 2018","retweets":"30","favorites":"20","mentions":[],"hashtags":[],"geo":"","raw":"양도  많고  맛도좋았어요저녘에 배터지게먹었네요~","polarity":{"com":0,"pos":0.5860703934000001,"neg":0.3972339544,"neut":0.008695652199999999,"none":0.008},"intensity":{"high":0.20011042100000004,"low":0.15306556239999997,"meium":0.6388240166,"none":0.008},"expressive":{"dir-action":0,"dir-explicit":0.32593512766518695,"dir-speech":0.46760524509352097,"indirect":0.1984596272396919,"writing-device":0.008000000001599998}},{"id":"미스터보쌈5379고강점","permalink":"","username":"asdfg","text":"약간 부족핫듯 하지만 가격대비 좋습니다.","date":"Mon Dec 10 23:59:44 +0000 2018","retweets":"30","favorites":"20","mentions":[],"hashtags":[],"geo":"","raw":"약간 부족핫듯 하지만 가격대비 좋습니다.","polarity":{"com":0.25,"pos":0.605,"neg":0.09333333325,"neut":0,"none":0.05166666675},"intensity":{"high":0.0499999999875,"low":0.3016666666745833,"meium":0.5966666666008333,"none":0.05166666673708333},"expressive":{"dir-action":0,"dir-explicit":0.19166666674999994,"dir-speech":0.13333333325,"indirect":0.62333333325,"writing-device":0.051666666749999986}},{"id":"미스터보쌈5379고강점","permalink":"","username":"asdfg","text":"맛잇음1ㅣ","date":"Mon Dec 10 23:59:44 +0000 2018","retweets":"30","favorites":"20","mentions":[],"hashtags":[],"geo":"","raw":"맛잇음1ㅣㅣㅣㅣㅣㅣㅣㅣㅣㅣㅣ","polarity":{"com":0,"pos":0.75,"neg":0.25,"neut":0,"none":0},"intensity":{"high":0,"low":0,"meium":1,"none":0},"expressive":{"dir-action":0,"dir-explicit":0,"dir-speech":0.75,"indirect":0.25,"writing-device":0}},{"id":"미스터보쌈5379고강점","permalink":"","username":"asdfg","text":"마늘 맜있고 푸짐하너요","date":"Mon Dec 10 23:59:44 +0000 2018","retweets":"30","favorites":"20","mentions":[],"hashtags":[],"geo":"","raw":"마늘 맜있고 푸짐하너요","polarity":{"com":null,"pos":null,"neg":null,"neut":null,"none":null},"intensity":{"high":null,"low":null,"meium":null,"none":null},"expressive":{"dir-action":null,"dir-explicit":null,"dir-speech":null,"indirect":null,"writing-device":null}},{"id":"미스터보쌈5379고강점","permalink":"","username":"asdfg","text":"맛있게 먹었습니다!!!!!!","date":"Mon Dec 10 23:59:44 +0000 2018","retweets":"30","favorites":"20","mentions":[],"hashtags":[],"geo":"","raw":"맛있게 먹었습니다!!!!!!","polarity":{"com":0,"pos":0.1666666665,"neg":0.8333333334999999,"neut":0,"none":0},"intensity":{"high":0.0555555555,"low":0.111111111,"meium":0.8333333334999999,"none":0},"expressive":{"dir-action":0,"dir-explicit":0.111111111,"dir-speech":0.888888889,"indirect":0,"writing-device":0}},{"id":"미스터보쌈5379고강점","permalink":"","username":"asdfg","text":"처음  주문때와  맛이  변함  없어요...보쌈은  따뜻할  때  먹어야...식으면  니글니글.,","date":"Mon Dec 10 23:59:44 +0000 2018","retweets":"30","favorites":"20","mentions":[],"hashtags":[],"geo":"","raw":"처음  주문때와  맛이  변함  없어요...보쌈은  따뜻할  때  먹어야...식으면  니글니글.,","polarity":{"com":0.03819705186545073,"pos":0.47292247013176936,"neg":0.40352936202411765,"neut":0.05347054223663236,"none":0.03188057374202985},"intensity":{"high":0.18223744219333904,"low":0.09511585041066843,"meium":0.6898400975086901,"none":0.032806609887302475},"expressive":{"dir-action":0.000926036125,"dir-explicit":0.21723192625,"dir-speech":0.41853849275,"indirect":0.330496935,"writing-device":0.032806609875}},{"id":"미스터보쌈5379고강점","permalink":"","username":"asdfg","text":"양도 둘이먹기딱좋고 진찌맛있어요^^","date":"Mon Dec 10 23:59:44 +0000 2018","retweets":"30","favorites":"20","mentions":[],"hashtags":[],"geo":"","raw":"양도 둘이먹기딱좋고 진찌맛있어요^^","polarity":{"com":0.007709251000000001,"pos":0.41939018975000003,"neg":0.40945800125000004,"neut":0.03888036425,"none":0.12456219375000001},"intensity":{"high":0.08485868429242936,"low":0.05989358002994679,"meium":0.7295842203647921,"none":0.12566351531283176},"expressive":{"dir-action":0.0011013215,"dir-explicit":0.29846804925000003,"dir-speech":0.42401623525,"indirect":0.11985200225,"writing-device":0.15656239175}},{"id":"미스터보쌈5379고강점","permalink":"","username":"asdfg","text":"넘 너무 맛있게 잘 먹었어용~ 근데 훈제인지 몰랐는데 훈제가와서 살짝 당황했지만 맛나서 패쓰요 ㅋㅋ 짧게라도 메뉴이름옆에 내용을 표기해주셨으면 더 좋았을것 같아요~","date":"Mon Dec 10 23:59:44 +0000 2018","retweets":"30","favorites":"20","mentions":[],"hashtags":[],"geo":"","raw":"넘 너무 맛있게 잘 먹었어용~ 근데 훈제인지 몰랐는데 훈제가와서 살짝 당황했지만 맛나서 패쓰요 ㅋㅋ 짧게라도 메뉴이름옆에 내용을 표기해주셨으면 더 좋았을것 같아요~","polarity":{"com":0.0169120785,"pos":0.4522652373333334,"neg":0.43502439908333324,"neut":0.034839086750000005,"none":0.06095919833333333},"intensity":{"high":0.11701172400975096,"low":0.18017617434834798,"meium":0.6409296441367441,"none":0.06188245750515686},"expressive":{"dir-action":0.0005376344166218637,"dir-explicit":0.5138100588738491,"dir-speech":0.28501063714291575,"indirect":0.13804848432182926,"writing-device":0.06259318524478388}},{"id":"미스터보쌈5379고강점","permalink":"","username":"asdfg","text":"가격대비 아주 좋습니다. 쿠폰모아서 고기추가도 했어요","date":"Mon Dec 10 23:59:44 +0000 2018","retweets":"30","favorites":"20","mentions":[],"hashtags":[],"geo":"","raw":"가격대비 아주 좋습니다. 쿠폰모아서 고기추가도 했어요","polarity":{"com":0,"pos":0.5900000000000001,"neg":0.05,"neut":0.19999999999999998,"none":0.16},"intensity":{"high":0.1115384616,"low":0.0153846154,"meium":0.713076923,"none":0.16},"expressive":{"dir-action":0,"dir-explicit":0.12307692299999999,"dir-speech":0.32076923079999997,"indirect":0.3961538462,"writing-device":0.16}},{"id":"미스터보쌈5379고강점","permalink":"","username":"asdfg","text":"배달40분이래서 좀얼탓는데 20분인가와서 ㄱㅊ","date":"Mon Dec 10 23:59:44 +0000 2018","retweets":"30","favorites":"20","mentions":[],"hashtags":[],"geo":"","raw":"배달40분이래서 좀얼탓는데 20분인가와서 ㄱㅊ","polarity":{"com":0.003812636166666666,"pos":0.5642701524999999,"neg":0.12962962966666663,"neut":0.09858387799999999,"none":0.20370370366666665},"intensity":{"high":0.04901960784150326,"low":0.013616557668936094,"meium":0.7336601307889433,"none":0.2037037037006173},"expressive":{"dir-action":0,"dir-explicit":0.13638344233333333,"dir-speech":0.411546841,"indirect":0.2450980391666667,"writing-device":0.2069716775}},{"id":"미스터보쌈5379고강점","permalink":"","username":"asdfg","text":"맛있는건 기본이구 깔끔하고 배달도 빠르네요 ~","date":"Mon Dec 10 23:59:44 +0000 2018","retweets":"30","favorites":"20","mentions":[],"hashtags":[],"geo":"","raw":"맛있는건 기본이구 깔끔하고 배달도 빠르네요 ~","polarity":{"com":0.0048048048000000005,"pos":0.7225225226,"neg":0.2612612612,"neut":0.0066066066,"none":0.0048048048000000005},"intensity":{"high":0.0228228228,"low":0.0834834834,"meium":0.8882882884000001,"none":0.0054054053999999995},"expressive":{"dir-action":0.0006006006000000002,"dir-explicit":0.06246246240000001,"dir-speech":0.41801801800000005,"indirect":0.5135135136000001,"writing-device":0.0054054054}},{"id":"미스터보쌈5379고강점","permalink":"","username":"asdfg","text":"양은 좀적지만 맛있고 가격대비 괜찮습니다","date":"Mon Dec 10 23:59:44 +0000 2018","retweets":"30","favorites":"20","mentions":[],"hashtags":[],"geo":"","raw":"양은 좀적지만 맛있고 가격대비 괜찮습니다","polarity":{"com":0,"pos":0.7264957265754987,"neg":0.11111111103703704,"neut":0.017094017005698008,"none":0.1452991453817664},"intensity":{"high":0.03418803433333333,"low":0.017094017,"meium":0.8034188033333334,"none":0.14529914533333335},"expressive":{"dir-action":0,"dir-explicit":0.2102564103333333,"dir-speech":0.2854700853333333,"indirect":0.3675213676666666,"writing-device":0.13675213666666666}},{"id":"미스터보쌈5379고강점","permalink":"","username":"asdfg","text":"배달하시는분 너무친절해서 감동햇고 음식도너무맛있엇어요 자주사먹어야갯어요","date":"Mon Dec 10 23:59:44 +0000 2018","retweets":"30","favorites":"20","mentions":[],"hashtags":[],"geo":"","raw":"배달하시는분 너무친절해서 감동햇고 음식도너무맛있엇어요 자주사먹어야갯어요","polarity":{"com":0.0052995392,"pos":0.6960829492,"neg":0.1862519202,"neut":0.0196313364,"none":0.092734255},"intensity":{"high":0.056528417799999994,"low":0.0460829492,"meium":0.8042242704,"none":0.09316436260000001},"expressive":{"dir-action":0.0012903225997419356,"dir-explicit":0.14993855617001228,"dir-speech":0.41892473111621503,"indirect":0.33854070653229185,"writing-device":0.09130568358173886}},{"id":"미스터보쌈5379고강점","permalink":"","username":"asdfg","text":"맛있어요...평균   한달에  두번은  먹는  듯.","date":"Mon Dec 10 23:59:44 +0000 2018","retweets":"30","favorites":"20","mentions":[],"hashtags":[],"geo":"","raw":"맛있어요...평균   한달에  두번은  먹는  듯.","polarity":{"com":0,"pos":0.41666666659999996,"neg":0.5249999999999999,"neut":0.024999999999999994,"none":0.03333333339999999},"intensity":{"high":0.09722222218055555,"low":0.07777777778444443,"meium":0.7916666666416666,"none":0.03333333339333333},"expressive":{"dir-action":0,"dir-explicit":0.12777777779999996,"dir-speech":0.5472222221999999,"indirect":0.29166666659999996,"writing-device":0.03333333339999999}},{"id":"미스터보쌈5379고강점","permalink":"","username":"asdfg","text":"맛나게 잘묵었습니다~^^","date":"Mon Dec 10 23:59:44 +0000 2018","retweets":"30","favorites":"20","mentions":[],"hashtags":[],"geo":"","raw":"맛나게 잘묵었습니다~^^","polarity":{"com":0,"pos":0.7142857147142857,"neg":0.21428571421428572,"neut":0.07142857107142857,"none":0},"intensity":{"high":0,"low":0.214285714,"meium":0.785714286,"none":0},"expressive":{"dir-action":0,"dir-explicit":0.214285714,"dir-speech":0.142857143,"indirect":0.642857143,"writing-device":0}},{"id":"미스터보쌈5379고강점","permalink":"","username":"asdfg","text":"맛있어요 또시켜먹을께요","date":"Mon Dec 10 23:59:44 +0000 2018","retweets":"30","favorites":"20","mentions":[],"hashtags":[],"geo":"","raw":"맛있어요 또시켜먹을께요","polarity":{"com":0,"pos":0.1587301586137566,"neg":0.6984126984338624,"neut":0,"none":0.14285714295238094},"intensity":{"high":0.037037037,"low":0.074074074,"meium":0.746031746,"none":0.142857143},"expressive":{"dir-action":0,"dir-explicit":0.12169312166666667,"dir-speech":0.687830688,"indirect":0,"writing-device":0.19047619033333332}},{"id":"미스터보쌈5379고강점","permalink":"","username":"asdfg","text":"맛있게 잘먹었습니다 더운날 오층까지 친절배달감사합니다","date":"Mon Dec 10 23:59:44 +0000 2018","retweets":"30","favorites":"20","mentions":[],"hashtags":[],"geo":"","raw":"맛있게 잘먹었습니다 더운날 오층까지 친절배달감사합니다","polarity":{"com":0.08655913984775986,"pos":0.4020388214003398,"neg":0.36722292039453713,"neut":0.025883256504313876,"none":0.11829586185304931},"intensity":{"high":0.046024763674337464,"low":0.06264488184377415,"meium":0.7651003121275167,"none":0.12623004235437166},"expressive":{"dir-action":0.001075268833512545,"dir-explicit":0.18652888336442147,"dir-speech":0.5123074059187179,"indirect":0.17421682252903614,"writing-device":0.12587161935431193}},{"id":"미스터보쌈5379고강점","permalink":"","username":"asdfg","text":"맛있어욪너뮤~~~~","date":"Mon Dec 10 23:59:44 +0000 2018","retweets":"30","favorites":"20","mentions":[],"hashtags":[],"geo":"","raw":"맛있어욪너뮤~~~~","polarity":{"com":null,"pos":null,"neg":null,"neut":null,"none":null},"intensity":{"high":null,"low":null,"meium":null,"none":null},"expressive":{"dir-action":null,"dir-explicit":null,"dir-speech":null,"indirect":null,"writing-device":null}},{"id":"미스터보쌈5379고강점","permalink":"","username":"asdfg","text":"저렴한 가격에 맛도 괜찮습니다","date":"Mon Dec 10 23:59:44 +0000 2018","retweets":"30","favorites":"20","mentions":[],"hashtags":[],"geo":"","raw":"저렴한 가격에 맛도 괜찮습니다","polarity":{"com":0.008008007999999999,"pos":0.8708708709999999,"neg":0.10210210199999997,"neut":0.011011011,"none":0.008008007999999999},"intensity":{"high":0.038038038,"low":0.028028028,"meium":0.924924925,"none":0.009009009},"expressive":{"dir-action":0.0010010010000000003,"dir-explicit":0.104104104,"dir-speech":0.36336336333333336,"indirect":0.5225225226666667,"writing-device":0.009009009}},{"id":"미스터보쌈5379고강점","permalink":"","username":"asdfg","text":"고강동에서 보쌈은 미보가 괜찮은거같아요","date":"Mon Dec 10 23:59:44 +0000 2018","retweets":"30","favorites":"20","mentions":[],"hashtags":[],"geo":"","raw":"고강동에서 보쌈은 미보가 괜찮은거같아요","polarity":{"com":0.008474576500000002,"pos":0.17796610150000003,"neg":0.7796610170000001,"neut":0.016949152500000002,"none":0.016949152500000002},"intensity":{"high":0.05084745752542373,"low":0.06779661003389831,"meium":0.8644067799322034,"none":0.016949152508474577},"expressive":{"dir-action":0,"dir-explicit":0.1355932205,"dir-speech":0.279661017,"indirect":0.06779661,"writing-device":0.5169491525000001}},{"id":"미스터보쌈5379고강점","permalink":"","username":"asdfg","text":"깔끔하고 백김치도 맛있어요 포장에서부터 위생적임이 느껴집니다 !","date":"Mon Dec 10 23:59:44 +0000 2018","retweets":"30","favorites":"20","mentions":[],"hashtags":[],"geo":"","raw":"깔끔하고 백김치도 맛있어요 포장에서부터 위생적임이 느껴집니다 !","polarity":{"com":0.037400777,"pos":0.40172327779999994,"neg":0.4400812738,"neut":0.0270848948,"none":0.09370977659999999},"intensity":{"high":0.07253962581450792,"low":0.1161056776232211,"meium":0.7161632621432326,"none":0.09519143441903827},"expressive":{"dir-action":0.0014816577999999998,"dir-explicit":0.30742470279999995,"dir-speech":0.30026471399999993,"indirect":0.29706606239999994,"writing-device":0.09376286299999997}},{"id":"미스터보쌈5379고강점","permalink":"","username":"asdfg","text":"가격대비 아주 좋습니다","date":"Mon Dec 10 23:59:44 +0000 2018","retweets":"30","favorites":"20","mentions":[],"hashtags":[],"geo":"","raw":"가격대비 아주 좋습니다","polarity":{"com":0,"pos":0.875,"neg":0.125,"neut":0,"none":0},"intensity":{"high":0.125,"low":0,"meium":0.875,"none":0},"expressive":{"dir-action":0,"dir-explicit":0,"dir-speech":0.125,"indirect":0.875,"writing-device":0}},{"id":"미스터보쌈5379고강점","permalink":"","username":"asdfg","text":"혼자서 먹을수 있을줄 알았는데..  막국수까지 있어서 힘드네요ㅎ 배부르게 잘먹었습니다","date":"Mon Dec 10 23:59:44 +0000 2018","retweets":"30","favorites":"20","mentions":[],"hashtags":[],"geo":"","raw":"혼자서 먹을수 있을줄 알았는데..  막국수까지 있어서 힘드네요ㅎ 배부르게 잘먹었습니다","polarity":{"com":0,"pos":0.2470624613210089,"neg":0.5429499072204215,"neut":0.01258503400179786,"none":0.1974025974567718},"intensity":{"high":0.04249639243464234,"low":0.33313749733330533,"meium":0.42047000634578147,"none":0.20389610388627089},"expressive":{"dir-action":0,"dir-explicit":0.12296433716042349,"dir-speech":0.3771902701967415,"indirect":0.15309214587901315,"writing-device":0.3467532467638219}},{"id":"미스터보쌈5379고강점","permalink":"","username":"asdfg","text":"별로에요 보쌈에 쌈도안주시고 반찬들이 맛이없네요 가격보다 못한듯....","date":"Mon Dec 10 23:59:44 +0000 2018","retweets":"30","favorites":"20","mentions":[],"hashtags":[],"geo":"","raw":"별로에요 보쌈에 쌈도안주시고 반찬들이 맛이없네요 가격보다 못한듯....","polarity":{"com":0.0071668375,"pos":0.589345548375,"neg":0.29373230125,"neut":0.0298617485,"none":0.079893564375},"intensity":{"high":0.061704014875000004,"low":0.092470789875,"meium":0.7585332055,"none":0.08729198974999999},"expressive":{"dir-action":0.0013571123750000002,"dir-explicit":0.214004413875,"dir-speech":0.18746459812500002,"indirect":0.5176225076250001,"writing-device":0.07955136800000001}},{"id":"미스터보쌈5379고강점","permalink":"","username":"asdfg","text":"저렴하고 맛있어요^^\n다음에 또 시킬께요 ","date":"Mon Dec 10 23:59:44 +0000 2018","retweets":"30","favorites":"20","mentions":[],"hashtags":[],"geo":"","raw":"저렴하고 맛있어요^^\n다음에 또 시킬께요 ","polarity":{"com":0.006006005998498498,"pos":0.18886743895278313,"neg":0.6837194335790701,"neut":0.008258258247935435,"none":0.11314886322171278},"intensity":{"high":0.0285285285,"low":0.021021021,"meium":0.8365508365000001,"none":0.113899614},"expressive":{"dir-action":0.00075075075,"dir-explicit":0.11379236374999999,"dir-speech":0.593951094,"indirect":0.141891892,"writing-device":0.1496138995}},{"id":"미스터보쌈5379고강점","permalink":"","username":"asdfg","text":"가격 비싸지 않고 맛있어요","date":"Mon Dec 10 23:59:44 +0000 2018","retweets":"30","favorites":"20","mentions":[],"hashtags":[],"geo":"","raw":"가격 비싸지 않고 맛있어요","polarity":{"com":0,"pos":0.5,"neg":0.5,"neut":0,"none":0},"intensity":{"high":0,"low":0,"meium":1,"none":0},"expressive":{"dir-action":0,"dir-explicit":0,"dir-speech":0.5,"indirect":0.5,"writing-device":0}},{"id":"미스터보쌈5379고강점","permalink":"","username":"asdfg","text":"가격 비싸지 않고 맛있어요","date":"Mon Dec 10 23:59:44 +0000 2018","retweets":"30","favorites":"20","mentions":[],"hashtags":[],"geo":"","raw":"가격 비싸지 않고 맛있어요","polarity":{"com":0,"pos":0.5,"neg":0.5,"neut":0,"none":0},"intensity":{"high":0,"low":0,"meium":1,"none":0},"expressive":{"dir-action":0,"dir-explicit":0,"dir-speech":0.5,"indirect":0.5,"writing-device":0}},{"id":"미스터보쌈5379고강점","permalink":"","username":"asdfg","text":"혼자 보쌈2인세트시켯는데\n보쌈인데 상추쌈이 없네요.. 고추도없고\n사이다  작은거라도 잇을줄 알앗는데\n아쉽네요.. ","date":"Mon Dec 10 23:59:44 +0000 2018","retweets":"30","favorites":"20","mentions":[],"hashtags":[],"geo":"","raw":"혼자 보쌈2인세트시켯는데\n보쌈인데 상추쌈이 없네요.. 고추도없고\n사이다  작은거라도 잇을줄 알앗는데\n아쉽네요.. ","polarity":{"com":0.0019063180833333332,"pos":0.2698543745,"neg":0.6699317739166667,"neut":0.01201123725,"none":0.04629629625},"intensity":{"high":0.13328173376110683,"low":0.15212991626267752,"meium":0.6639060888053255,"none":0.0506822611708902},"expressive":{"dir-action":0,"dir-explicit":0.16526774451377232,"dir-speech":0.3566506135297209,"indirect":0.3884846921157071,"writing-device":0.08959694984079976}},{"id":"미스터보쌈5379고강점","permalink":"","username":"asdfg","text":"보쌈맛있네용ㅎㅎ 사이드가 뭔가 아쉽ㅎ","date":"Mon Dec 10 23:59:44 +0000 2018","retweets":"30","favorites":"20","mentions":[],"hashtags":[],"geo":"","raw":"보쌈맛있네용ㅎㅎ 사이드가 뭔가 아쉽ㅎ","polarity":{"com":0.0089285715,"pos":0.205357143,"neg":0.732142857,"neut":0.0401785715,"none":0.013392857},"intensity":{"high":0.080357143,"low":0.0535714285,"meium":0.8482142855,"none":0.017857143},"expressive":{"dir-action":0,"dir-explicit":0.1875,"dir-speech":0.65625,"indirect":0.142857143,"writing-device":0.013392857}},{"id":"미스터보쌈5379고강점","permalink":"","username":"asdfg","text":"괜찮음 새우젓.무말랭이좋앙","date":"Mon Dec 10 23:59:44 +0000 2018","retweets":"30","favorites":"20","mentions":[],"hashtags":[],"geo":"","raw":"괜찮음 새우젓.무말랭이좋앙","polarity":{"com":0,"pos":0.5,"neg":0.5,"neut":0,"none":0},"intensity":{"high":0,"low":0,"meium":1,"none":0},"expressive":{"dir-action":0,"dir-explicit":0,"dir-speech":0.5,"indirect":0.5,"writing-device":0}},{"id":"미스터보쌈5379고강점","permalink":"","username":"asdfg","text":"넘나 맛있어요~~ㅋㅋ","date":"Mon Dec 10 23:59:44 +0000 2018","retweets":"30","favorites":"20","mentions":[],"hashtags":[],"geo":"","raw":"넘나 맛있어요~~ㅋㅋ","polarity":{"com":0,"pos":0,"neg":1,"neut":0,"none":0},"intensity":{"high":0.1666666665,"low":0.3333333335,"meium":0.5,"none":0},"expressive":{"dir-action":0,"dir-explicit":0.16666666658333332,"dir-speech":0.6666666668333333,"indirect":0.16666666658333332,"writing-device":0}},{"id":"미스터보쌈5379고강점","permalink":"","username":"asdfg","text":"예정보다 20분이나 빨리오네요","date":"Mon Dec 10 23:59:44 +0000 2018","retweets":"30","favorites":"20","mentions":[],"hashtags":[],"geo":"","raw":"예정보다 20분이나 빨리오네요","polarity":{"com":0,"pos":0.4444444443333333,"neg":0.26666666666666666,"neut":0.2222222223333333,"none":0.06666666666666667},"intensity":{"high":0.06666666666666667,"low":0.06666666666666667,"meium":0.7999999999999999,"none":0.06666666666666667},"expressive":{"dir-action":0,"dir-explicit":0.39999999999999997,"dir-speech":0.2333333333333333,"indirect":0.16666666666666666,"writing-device":0.19999999999999998}},{"id":"미스터보쌈5379고강점","permalink":"","username":"asdfg","text":"정말맛있게 잘먹었어요.\n보쌈은앞으로 여기서시켜야겠네요!!","date":"Mon Dec 10 23:59:44 +0000 2018","retweets":"30","favorites":"20","mentions":[],"hashtags":[],"geo":"","raw":"정말맛있게 잘먹었어요.\n보쌈은앞으로 여기서시켜야겠네요!!","polarity":{"com":0.004237288251059322,"pos":0.5800544793950136,"neg":0.31840193707960046,"neut":0.026331719006582925,"none":0.07097457626774364},"intensity":{"high":0.15042372878760593,"low":0.08746973352186743,"meium":0.691131961422783,"none":0.07097457626774364},"expressive":{"dir-action":0,"dir-explicit":0.24636803875,"dir-speech":0.48804479425,"indirect":0.19461259074999998,"writing-device":0.07097457625}},{"id":"미스터보쌈5379고강점","permalink":"","username":"asdfg","text":"요오우 전래 마싯께먹어쓰~매애앤~~!!!\n긍데 나눈2인분 시켜서 고기쓰 음청 만치는 안취만 무채짱아찌는 차암나 양 전래많아~~매애앤!\n짜서 다못먹어 매애애앤~~그치만 맛나서 무채짱아찌빼곤 다 머거써 빼애앰~! 글구 2인분 혼자 다머근거 아냐 자암나 오해는하지마매앤","date":"Mon Dec 10 23:59:44 +0000 2018","retweets":"30","favorites":"20","mentions":[],"hashtags":[],"geo":"","raw":"요오우 전래 마싯께먹어쓰~매애앤~~!!!\n긍데 나눈2인분 시켜서 고기쓰 음청 만치는 안취만 무채짱아찌는 차암나 양 전래많아~~매애앤!\n짜서 다못먹어 매애애앤~~그치만 맛나서 무채짱아찌빼곤 다 머거써 빼애앰~!!!!!!!!!! 글구 2인분 혼자 다머근거 아냐 자암나 오해는하지마매앤","polarity":{"com":0.019650468871273957,"pos":0.42973831638519466,"neg":0.3967843436431986,"neut":0.04397657643860666,"none":0.10985029466172613},"intensity":{"high":0.0970140562258273,"low":0.08383411987685514,"meium":0.7093015292355914,"none":0.10985029466172613},"expressive":{"dir-action":0.003952569173741192,"dir-explicit":0.20740689068663445,"dir-speech":0.32761290437706025,"indirect":0.35084945081083263,"writing-device":0.11017818495173139}},{"id":"미스터보쌈5379고강점","permalink":"","username":"asdfg","text":"맛있어요 !! 보들보들한고기 굿!","date":"Mon Dec 10 23:59:44 +0000 2018","retweets":"30","favorites":"20","mentions":[],"hashtags":[],"geo":"","raw":"맛있어요 !! 보들보들한고기 굿!","polarity":{"com":0.0038314176666666665,"pos":0.10727969333333333,"neg":0.4674329503333334,"neut":0.35632183900000003,"none":0.06513409966666667},"intensity":{"high":0.03831417632056194,"low":0.04214559398595147,"meium":0.8505747123831418,"none":0.06896551731034482},"expressive":{"dir-action":0.003831417667943806,"dir-explicit":0.05363984668454662,"dir-speech":0.8045977012681992,"indirect":0.06130268202043423,"writing-device":0.07662835235887612}},{"id":"미스터보쌈5379고강점","permalink":"","username":"asdfg","text":"동네서 지나다 우연히본 깔끔한가게 맛도 깔끔합니다. 보쌈김치가 없는게 좀 아쉽네요","date":"Mon Dec 10 23:59:44 +0000 2018","retweets":"30","favorites":"20","mentions":[],"hashtags":[],"geo":"","raw":"동네서 지나다 우연히본 깔끔한가게 맛도 깔끔합니다. 보쌈김치가 없는게 좀 아쉽네요","polarity":{"com":0.006006005998498499,"pos":0.40261896514934525,"neg":0.370379995282405,"neut":0.18026680532993328,"none":0.04072822823981794},"intensity":{"high":0.0589772465,"low":0.23042273037500005,"meium":0.669121044125,"none":0.041478979},"expressive":{"dir-action":0.0007507507498123123,"dir-explicit":0.18598406095350395,"dir-speech":0.3382276506654431,"indirect":0.4335585586416103,"writing-device":0.041478978989630245}},{"id":"미스터보쌈5379고강점","permalink":"","username":"asdfg","text":"마늘보쌈 맛있네요 양은 적은것같은데 적당하고..","date":"Mon Dec 10 23:59:44 +0000 2018","retweets":"30","favorites":"20","mentions":[],"hashtags":[],"geo":"","raw":"마늘보쌈 맛있네요 양은 적은것같은데 적당하고..","polarity":{"com":0.0042372882489406785,"pos":0.3617103234095724,"neg":0.4807395993798151,"neut":0.03120184899219954,"none":0.12211093996947227},"intensity":{"high":0.02542372875635593,"low":0.03389830500847457,"meium":0.8185670262046417,"none":0.12211094003052773},"expressive":{"dir-action":0,"dir-explicit":0.13597842846600539,"dir-speech":0.4352850538911787,"indirect":0.3066255776733436,"writing-device":0.12211093996947227}},{"id":"미스터보쌈5379고강점","permalink":"","username":"asdfg","text":"다른 점에 비해 비린내도안나고 나쁘지않네요! 생각보다 양도 굿 ! ","date":"Mon Dec 10 23:59:44 +0000 2018","retweets":"30","favorites":"20","mentions":[],"hashtags":[],"geo":"","raw":"다른 점에 비해 비린내도안나고 나쁘지않네요! 생각보다 양도 굿 ! ","polarity":{"com":0,"pos":0.34166666666833334,"neg":0.46666666669333334,"neut":0.11666666662333333,"none":0.07500000001499998},"intensity":{"high":0.0833333332,"low":0.05,"meium":0.7916666668,"none":0.07499999999999998},"expressive":{"dir-action":0,"dir-explicit":0.475,"dir-speech":0.0916666666,"indirect":0.35833333339999995,"writing-device":0.075}},{"id":"미스터보쌈5379고강점","permalink":"","username":"asdfg","text":"양도 많고 실속있네요!","date":"Mon Dec 10 23:59:44 +0000 2018","retweets":"30","favorites":"20","mentions":[],"hashtags":[],"geo":"","raw":"양도 많고 실속있네요!","polarity":{"com":0.0044642855,"pos":0.36529503100000005,"neg":0.3629658385,"neut":0.0395962735,"none":0.2276785715},"intensity":{"high":0.1527562110763781,"low":0.13548136656774068,"meium":0.4840838507420419,"none":0.22767857161383928},"expressive":{"dir-action":0,"dir-explicit":0.3590838506795419,"dir-speech":0.2113742236056871,"indirect":0.20186335410093165,"writing-device":0.22767857161383928}},{"id":"미스터보쌈5379고강점","permalink":"","username":"asdfg","text":"포장 완전깔끔하고 배달오신분도 너무친절하셨어요!!!!! 고기도 부드럽고 막국수도 맛있고 같이 곁들어온것들도 깨끗하고 정말 맛있게 잘먹었습니다!>_<","date":"Mon Dec 10 23:59:44 +0000 2018","retweets":"30","favorites":"20","mentions":[],"hashtags":[],"geo":"","raw":"포장 완전깔끔하고 배달오신분도 너무친절하셨어요!!!!! 고기도 부드럽고 막국수도 맛있고 같이 곁들어온것들도 깨끗하고 정말 맛있게 잘먹었습니다!>_<","polarity":{"com":0.005819578643272827,"pos":0.5274781446805341,"neg":0.2256708074446908,"neut":0.12717114736622653,"none":0.11386032186527574},"intensity":{"high":0.18593610064285712,"low":0.10517395264285714,"meium":0.5946615147857143,"none":0.11422843192857143},"expressive":{"dir-action":0.0006753297141892387,"dir-explicit":0.31389605538372906,"dir-speech":0.3364931586662152,"indirect":0.2341803621094028,"writing-device":0.11475509412646355}},{"id":"미스터보쌈5379고강점","permalink":"","username":"asdfg","text":"친절과 신속에 많은 점수를 주지만‥맛에서 약간 아쉬워 별 1개 뺐어요‥고기가 좀 뻣뻣하더라구요‥그거외엔 가격도 맘에 들었어요^^","date":"Mon Dec 10 23:59:44 +0000 2018","retweets":"30","favorites":"20","mentions":[],"hashtags":[],"geo":"","raw":"친절과 신속에 많은 점수를 주지만‥맛에서 약간 아쉬워 별 1개 뺐어요‥고기가 좀 뻣뻣하더라구요‥그거외엔 가격도 맘에 들었어요^^","polarity":{"com":0.08593057342382755,"pos":0.4613052493717754,"neg":0.3090026361924169,"neut":0.09883625859156968,"none":0.04492528242041044},"intensity":{"high":0.07357668225613137,"low":0.05448802833787398,"meium":0.8267597567355632,"none":0.04517553267043128},"expressive":{"dir-action":0.00025025025,"dir-explicit":0.1315413239166667,"dir-speech":0.4061790050833333,"indirect":0.4161263748333333,"writing-device":0.04590304591666666}},{"id":"미스터보쌈5379고강점","permalink":"","username":"asdfg","text":"처음 주문했었는데 비싸지않고 맛있네요.","date":"Mon Dec 10 23:59:44 +0000 2018","retweets":"30","favorites":"20","mentions":[],"hashtags":[],"geo":"","raw":"처음 주문했었는데 비싸지않고 맛있네요.","polarity":{"com":0.04055299548986174,"pos":0.23617511519095624,"neg":0.5762672811059332,"neut":0.10430107522392473,"none":0.04270353298932412},"intensity":{"high":0.0349462365,"low":0.11236559125000001,"meium":0.80944700475,"none":0.0432411675},"expressive":{"dir-action":0.0016129032495967742,"dir-explicit":0.31658986192085253,"dir-speech":0.514132104371467,"indirect":0.1249615974687596,"writing-device":0.04270353298932412}}]