[{"id":"장원 한방 보쌈 족발","permalink":"","username":"asdfg","text":"..족발이 차갑고..이마트에 파는 족발이 더 맛있는거같아요 그냥 아예 퍽퍽하고,,못먹겠더라구요  막국수는 맛있네요 ","date":"Mon Dec 10 23:59:44 +0000 2018","retweets":"30","favorites":"20","mentions":[],"hashtags":[],"geo":"","raw":"..족발이 차갑고..이마트에 파는 족발이 더 맛있는거같아요 그냥 아예 퍽퍽하고,,못먹겠더라구요  막국수는 맛있네요 ","polarity":{"com":0.005291407125661425,"pos":0.3474188490434274,"neg":0.580303832572538,"neut":0.03153866737894233,"none":0.035447243879430906},"intensity":{"high":0.078426929125,"low":0.06208632625,"meium":0.822052058375,"none":0.03743468625},"expressive":{"dir-action":0.00198744237549686,"dir-explicit":0.12296832690574205,"dir-speech":0.5864616563966154,"indirect":0.12129019790532253,"writing-device":0.16729237641682307}},{"id":"장원 한방 보쌈 족발","permalink":"","username":"asdfg","text":"먹느라 정신팔려서 사진도 못찍고 이제서야 후기쓰네요 맛도좋고 양도 푸짐해요~ 자주 여기서 주문하네요^^","date":"Mon Dec 10 23:59:44 +0000 2018","retweets":"30","favorites":"20","mentions":[],"hashtags":[],"geo":"","raw":"먹느라 정신팔려서 사진도 못찍고 이제서야 후기쓰네요 맛도좋고 양도 푸짐해요~ 자주 여기서 주문하네요^^","polarity":{"com":0.0024024024000000002,"pos":0.7377309582,"neg":0.24107002460000002,"neut":0.0123942124,"none":0.0064024024},"intensity":{"high":0.10578009828942198,"low":0.16038820638396117,"meium":0.727128992627287,"none":0.00670270269932973},"expressive":{"dir-action":0.0093912094,"dir-explicit":0.2808776958,"dir-speech":0.3863322413,"indirect":0.3166961508,"writing-device":0.0067027027}},{"id":"장원 한방 보쌈 족발","permalink":"","username":"asdfg","text":"보통 혼자서 소자는 먹는데 이건 뭐... 양이 넘 많네요 덕분에 남기고 담날 먹었어요! 맛도좋구 가성비 최고네요ㅎㅎ 담에 시키면 더 많이주세요~^^","date":"Mon Dec 10 23:59:44 +0000 2018","retweets":"30","favorites":"20","mentions":[],"hashtags":[],"geo":"","raw":"보통 혼자서 소자는 먹는데 이건 뭐... 양이 넘 많네요 덕분에 남기고 담날 먹었어요! 맛도좋구 가성비 최고네요ㅎㅎ 담에 시키면 더 많이주세요~^^","polarity":{"com":0.04547930283712327,"pos":0.41422613053451884,"neg":0.4229395926185784,"neut":0.041961756170163476,"none":0.0753932178396161},"intensity":{"high":0.1346837022003376,"low":0.2228363958057091,"meium":0.5670866841417717,"none":0.07539321785218164},"expressive":{"dir-action":0,"dir-explicit":0.21808921643484075,"dir-speech":0.5186779345432231,"indirect":0.18324890601527077,"writing-device":0.07998394300666534}},{"id":"장원 한방 보쌈 족발","permalink":"","username":"asdfg","text":"맛있네요 양도 많고 근데 족발은 살짝아쉬웠어요ㅠㅠ","date":"Mon Dec 10 23:59:44 +0000 2018","retweets":"30","favorites":"20","mentions":[],"hashtags":[],"geo":"","raw":"맛있네요 양도 많고 근데 족발은 살짝아쉬웠어요ㅠㅠ","polarity":{"com":0.00423728825,"pos":0.33898305075,"neg":0.6398305085,"neut":0.00847457625,"none":0.00847457625},"intensity":{"high":0.025423728756355932,"low":0.03389830500847457,"meium":0.9322033899830509,"none":0.008474576252118643},"expressive":{"dir-action":0,"dir-explicit":0.31779661025,"dir-speech":0.3898305085,"indirect":0.283898305,"writing-device":0.00847457625}},{"id":"장원 한방 보쌈 족발","permalink":"","username":"asdfg","text":"양이 겁나게 많고 맛있읍니다 ^^","date":"Mon Dec 10 23:59:44 +0000 2018","retweets":"30","favorites":"20","mentions":[],"hashtags":[],"geo":"","raw":"양이 겁나게 많고 맛있읍니다 ^^","polarity":{"com":0.010279001333333334,"pos":0.2743408033333334,"neg":0.6685820083333334,"neut":0.04386132933333333,"none":0.002936857666666667},"intensity":{"high":0.1221988124147992,"low":0.11651663141101108,"meium":0.7568792698379194,"none":0.00440528633627019},"expressive":{"dir-action":0.0014684286676456188,"dir-explicit":0.3119453488746302,"dir-speech":0.5262082616841388,"indirect":0.1559726744373151,"writing-device":0.00440528633627019}},{"id":"장원 한방 보쌈 족발","permalink":"","username":"asdfg","text":"고기도 푸집하니  맛있네요","date":"Mon Dec 10 23:59:44 +0000 2018","retweets":"30","favorites":"20","mentions":[],"hashtags":[],"geo":"","raw":"고기도 푸집하니  맛있네요","polarity":{"com":0,"pos":0,"neg":0.5,"neut":0.5,"none":0},"intensity":{"high":0,"low":0,"meium":1,"none":0},"expressive":{"dir-action":0,"dir-explicit":0,"dir-speech":1,"indirect":0,"writing-device":0}},{"id":"장원 한방 보쌈 족발","permalink":"","username":"asdfg","text":"배달도 빠르고 음식도맛있고 만족합니다~번창하세요","date":"Mon Dec 10 23:59:44 +0000 2018","retweets":"30","favorites":"20","mentions":[],"hashtags":[],"geo":"","raw":"배달도 빠르고 음식도맛있고 만족합니다~번창하세요","polarity":{"com":0.0052995392,"pos":0.5460829492,"neg":0.33625192020000005,"neut":0.0196313364,"none":0.092734255},"intensity":{"high":0.056528417799999994,"low":0.11274961580000001,"meium":0.7375576038,"none":0.09316436260000001},"expressive":{"dir-action":0.0012903225997419356,"dir-explicit":0.2999385561400123,"dir-speech":0.31892473113621506,"indirect":0.28854070654229186,"writing-device":0.09130568358173886}},{"id":"장원 한방 보쌈 족발","permalink":"","username":"asdfg","text":"너무 맛있고 김치전 맛있어요~~","date":"Mon Dec 10 23:59:44 +0000 2018","retweets":"30","favorites":"20","mentions":[],"hashtags":[],"geo":"","raw":"너무 맛있고 김치전 맛있어요~~","polarity":{"com":0.0714285715,"pos":0.0714285715,"neg":0.357142857,"neut":0.5,"none":0},"intensity":{"high":0.0714285715,"low":0.5714285715,"meium":0.357142857,"none":0},"expressive":{"dir-action":0,"dir-explicit":0.2857142855,"dir-speech":0.642857143,"indirect":0.0714285715,"writing-device":0}},{"id":"장원 한방 보쌈 족발","permalink":"","username":"asdfg","text":"맛있게 묵었어욤~  짱이였습니다~","date":"Mon Dec 10 23:59:44 +0000 2018","retweets":"30","favorites":"20","mentions":[],"hashtags":[],"geo":"","raw":"맛있게 묵었어욤~  짱이였습니다~","polarity":{"com":0.0114379085,"pos":0.1928104575,"neg":0.638888889,"neut":0.045751634,"none":0.111111111},"intensity":{"high":0.06372549003186273,"low":0.04084967302042484,"meium":0.7843137258921569,"none":0.11111111105555554},"expressive":{"dir-action":0,"dir-explicit":0.209150327,"dir-speech":0.6013071895,"indirect":0.068627451,"writing-device":0.1209150325}},{"id":"장원 한방 보쌈 족발","permalink":"","username":"asdfg","text":"보쌈 중인데 양이 많아요~막국수도 맛있어요^^","date":"Mon Dec 10 23:59:44 +0000 2018","retweets":"30","favorites":"20","mentions":[],"hashtags":[],"geo":"","raw":"보쌈 중인데 양이 많아요~막국수도 맛있어요^^","polarity":{"com":0.002380952333333333,"pos":0.5351966873333334,"neg":0.2979296066666667,"neut":0.01925465833333333,"none":0.14523809533333334},"intensity":{"high":0.13457556937819184,"low":0.11055900603685301,"meium":0.6096273292032091,"none":0.14523809538174604},"expressive":{"dir-action":0,"dir-explicit":0.5691511386666667,"dir-speech":0.172463768,"indirect":0.11552795033333334,"writing-device":0.142857143}},{"id":"장원 한방 보쌈 족발","permalink":"","username":"asdfg","text":"다 좋은데 빨리 왔으면 좋겠어요..","date":"Mon Dec 10 23:59:44 +0000 2018","retweets":"30","favorites":"20","mentions":[],"hashtags":[],"geo":"","raw":"다 좋은데 빨리 왔으면 좋겠어요..","polarity":{"com":0,"pos":0.7114285713333333,"neg":0.18000000000000002,"neut":0,"none":0.10857142866666665},"intensity":{"high":0.16190476194603173,"low":0.01333333332888889,"meium":0.7161904760946032,"none":0.10857142863047617},"expressive":{"dir-action":0,"dir-explicit":0.5095238094968253,"dir-speech":0.16190476194603173,"indirect":0.21999999992666666,"writing-device":0.10857142863047617}},{"id":"장원 한방 보쌈 족발","permalink":"","username":"asdfg","text":"위생도좋고 포장 잘돼서 와서 좋었엉ㅅ","date":"Mon Dec 10 23:59:44 +0000 2018","retweets":"30","favorites":"20","mentions":[],"hashtags":[],"geo":"","raw":"위생도좋고 포장 잘돼서 와서 좋었엉ㅅ","polarity":{"com":0,"pos":0.5416666666666666,"neg":0.2916666666666667,"neut":0.16666666666666666,"none":0},"intensity":{"high":0,"low":0.08333333333333333,"meium":0.9166666666666666,"none":0},"expressive":{"dir-action":0,"dir-explicit":0.5,"dir-speech":0.16666666666666666,"indirect":0.3333333333333333,"writing-device":0}},{"id":"장원 한방 보쌈 족발","permalink":"","username":"asdfg","text":"맛있었습니다/♥×♥×5+★,♥××&(.","date":"Mon Dec 10 23:59:44 +0000 2018","retweets":"30","favorites":"20","mentions":[],"hashtags":[],"geo":"","raw":"맛있었습니다/♥×♥×5+★,♥××&(.","polarity":{"com":0,"pos":0,"neg":1,"neut":0,"none":0},"intensity":{"high":0,"low":0,"meium":1,"none":0},"expressive":{"dir-action":0,"dir-explicit":0,"dir-speech":1,"indirect":0,"writing-device":0}},{"id":"장원 한방 보쌈 족발","permalink":"","username":"asdfg","text":"비싼돈 주고 시켰는데 냄새가 너무나서 먹으려다 싹 버렸네요 시칸것중에 제일괜찮은게 콜라라니요 오늘 삶은게 맞나요?!!! 돈이 너무 아깝네요","date":"Mon Dec 10 23:59:44 +0000 2018","retweets":"30","favorites":"20","mentions":[],"hashtags":[],"geo":"","raw":"비싼돈 주고 시켰는데 냄새가 너무나서 먹으려다 싹 버렸네요 시칸것중에 제일괜찮은게 콜라라니요 오늘 삶은게 맞나요?!!! 돈이 너무 아깝네요","polarity":{"com":0.013888888914351848,"pos":0.26648351645558604,"neg":0.5812220187364628,"neut":0.0795431419867428,"none":0.05886243390685625},"intensity":{"high":0.22975172973085403,"low":0.10327635324139364,"meium":0.6081094831159908,"none":0.05886243391176146},"expressive":{"dir-action":0,"dir-explicit":0.36973443230252223,"dir-speech":0.36670736663610776,"indirect":0.20271164023310742,"writing-device":0.0608465608282628}},{"id":"장원 한방 보쌈 족발","permalink":"","username":"asdfg","text":"맛있게 잘먹었어요~~!!","date":"Mon Dec 10 23:59:44 +0000 2018","retweets":"30","favorites":"20","mentions":[],"hashtags":[],"geo":"","raw":"맛있게 잘먹었어요~~!!","polarity":{"com":0,"pos":0.35714285717857136,"neg":0.6071428573035714,"neut":0.03571428551785714,"none":0},"intensity":{"high":0,"low":0.107142857,"meium":0.8928571430000001,"none":0},"expressive":{"dir-action":0,"dir-explicit":0.107142857,"dir-speech":0.5714285715,"indirect":0.3214285715,"writing-device":0}},{"id":"장원 한방 보쌈 족발","permalink":"","username":"asdfg","text":"족발은 괜찮네요 근데 김치가 너무 맛이 이상해요 ㅠㅠ 국수는 쏘쏘입니다...","date":"Mon Dec 10 23:59:44 +0000 2018","retweets":"30","favorites":"20","mentions":[],"hashtags":[],"geo":"","raw":"족발은 괜찮네요 근데 김치가 너무 맛이 이상해요 ㅠㅠ 국수는 쏘쏘입니다...","polarity":{"com":0.006961259201392252,"pos":0.4668213612933643,"neg":0.4313088512862618,"neut":0.06689870861337974,"none":0.028009819605601963},"intensity":{"high":0.0838310466167662,"low":0.12116626302423325,"meium":0.7652071563530414,"none":0.02979553400595911},"expressive":{"dir-action":0,"dir-explicit":0.21098332000000003,"dir-speech":0.5826977402,"indirect":0.175134517,"writing-device":0.0311844228}},{"id":"장원 한방 보쌈 족발","permalink":"","username":"asdfg","text":"ㅠㅠ막국수 면도 냉면 국수라 다 붙어서 와요 ㅜㅜ 보쌈김치두 안오고 담에 시키라하면 안시킬것같아요 ","date":"Mon Dec 10 23:59:44 +0000 2018","retweets":"30","favorites":"20","mentions":[],"hashtags":[],"geo":"","raw":"ㅠㅠ막국수 면도 냉면 국수라 다 붙어서 와요 ㅜㅜ 보쌈김치두 안오고 담에 시키라하면 안시킬것같아요 ","polarity":{"com":0,"pos":0.46580086569316015,"neg":0.20606060604121212,"neut":0.18008658003601732,"none":0.14805194822961038},"intensity":{"high":0.11428571437714286,"low":0.29523809534095236,"meium":0.4424242421115152,"none":0.14805194817038958},"expressive":{"dir-action":0,"dir-explicit":0.22597402606441558,"dir-speech":0.4458874459324675,"indirect":0.18008657989194807,"writing-device":0.14805194811116887}},{"id":"장원 한방 보쌈 족발","permalink":"","username":"asdfg","text":"푸짐하네요~근데 음료수 원래는 오는게 맞죠?안 왔어요ㅠ 다음엔 잊지말고 주세요~~","date":"Mon Dec 10 23:59:44 +0000 2018","retweets":"30","favorites":"20","mentions":[],"hashtags":[],"geo":"","raw":"푸짐하네요~근데 음료수 원래는 오는게 맞죠?안 왔어요ㅠ 다음엔 잊지말고 주세요~~","polarity":{"com":0.003432003428571429,"pos":0.43781261642857144,"neg":0.4054687537142857,"neut":0.12958818314285717,"none":0.02369844328571428},"intensity":{"high":0.07646903185714285,"low":0.2218497932857143,"meium":0.677553731142857,"none":0.02412744371428571},"expressive":{"dir-action":0.0004290004285714286,"dir-explicit":0.2094621112857143,"dir-speech":0.5909377784285714,"indirect":0.16384752099999997,"writing-device":0.03532358885714285}},{"id":"장원 한방 보쌈 족발","permalink":"","username":"asdfg","text":"배달이너무늦어요 새벽인데 기다리다가 ㅋㅋㅋㅋ똥줄타겟네요....맛은모르겟고 안먹어바서 기다리다지쳐서 그냥써봅니다","date":"Mon Dec 10 23:59:44 +0000 2018","retweets":"30","favorites":"20","mentions":[],"hashtags":[],"geo":"","raw":"배달이너무늦어요 새벽인데 기다리다가 ㅋㅋㅋㅋ똥줄타겟네요....맛은모르겟고 안먹어바서 기다리다지쳐서 그냥써봅니다","polarity":{"com":0.015066632727272728,"pos":0.5253161870909092,"neg":0.3776875901818182,"neut":0.02877302436363637,"none":0.053156565636363645},"intensity":{"high":0.05298255664118023,"low":0.10223240810020297,"meium":0.7916284696174208,"none":0.05315656564119605},"expressive":{"dir-action":0,"dir-explicit":0.17065720227272727,"dir-speech":0.3341662422727273,"indirect":0.4345556404545455,"writing-device":0.060620915}},{"id":"장원 한방 보쌈 족발","permalink":"","username":"asdfg","text":"맛있어요 중독될것 같아요","date":"Mon Dec 10 23:59:44 +0000 2018","retweets":"30","favorites":"20","mentions":[],"hashtags":[],"geo":"","raw":"맛있어요 중독될것 같아요","polarity":{"com":0,"pos":0.030303030323232324,"neg":0.7878787877373739,"neut":0.030303030323232324,"none":0.15151515161616164},"intensity":{"high":0.16666666666666666,"low":0,"meium":0.6818181816666667,"none":0.15151515166666665},"expressive":{"dir-action":0,"dir-explicit":0.09090909096969697,"dir-speech":0.3939393938686869,"indirect":0.36363636354545453,"writing-device":0.15151515161616164}},{"id":"장원 한방 보쌈 족발","permalink":"","username":"asdfg","text":"엄청 맛있어요 특히 김치부침개는 따로사먹고싶을정도입니다ㅎㅎ","date":"Mon Dec 10 23:59:44 +0000 2018","retweets":"30","favorites":"20","mentions":[],"hashtags":[],"geo":"","raw":"엄청 맛있어요 특히 김치부침개는 따로사먹고싶을정도입니다ㅎㅎ","polarity":{"com":0,"pos":0.10436507927609125,"neg":0.401984127100496,"neut":0.08630952377157738,"none":0.40734126985183533},"intensity":{"high":0.057936508000000005,"low":0.0720238095,"meium":0.46269841275,"none":0.40734126975000007},"expressive":{"dir-action":0,"dir-explicit":0.11468253975,"dir-speech":0.42916666675000004,"indirect":0.05734126975000001,"writing-device":0.39880952375}},{"id":"장원 한방 보쌈 족발","permalink":"","username":"asdfg","text":"족발이 남았어요. 소자를","date":"Mon Dec 10 23:59:44 +0000 2018","retweets":"30","favorites":"20","mentions":[],"hashtags":[],"geo":"","raw":"족발이 남았어요. 소자를","polarity":{"com":0.03771149551885575,"pos":0.505667948252834,"neg":0.3858694126929347,"neut":0.06634585703317293,"none":0.004405286502202644},"intensity":{"high":0.11974241705987122,"low":0.12658884906329443,"meium":0.7470608043735304,"none":0.006607929503303965},"expressive":{"dir-action":0.008572069995713966,"dir-explicit":0.40450068729774963,"dir-speech":0.3398524088300738,"indirect":0.2372821908813589,"writing-device":0.009792642995103679}},{"id":"장원 한방 보쌈 족발","permalink":"","username":"asdfg","text":"양도 푸짐 맛도 최고네요많이파셍ㆍ","date":"Mon Dec 10 23:59:44 +0000 2018","retweets":"30","favorites":"20","mentions":[],"hashtags":[],"geo":"","raw":"양도 푸짐 맛도 최고네요많이파셍ㆍ","polarity":{"com":0,"pos":0.7407407406666667,"neg":0.22222222233333333,"neut":0.037037037,"none":0},"intensity":{"high":0.2592592593333333,"low":0.1851851853333333,"meium":0.5555555553333333,"none":0},"expressive":{"dir-action":0,"dir-explicit":0.074074074,"dir-speech":0.5185185186666667,"indirect":0.40740740733333336,"writing-device":0}},{"id":"장원 한방 보쌈 족발","permalink":"","username":"asdfg","text":"ㅋㅋ진심다신안먹음ㅋㅋㅋㅋㅋㅋ","date":"Mon Dec 10 23:59:44 +0000 2018","retweets":"30","favorites":"20","mentions":[],"hashtags":[],"geo":"","raw":"ㅋㅋ진심다신안먹음ㅋㅋㅋㅋㅋㅋ","polarity":{"com":0,"pos":0.6666666665000001,"neg":0.3333333335,"neut":0,"none":0},"intensity":{"high":0.0555555555,"low":0.111111111,"meium":0.8333333334999999,"none":0},"expressive":{"dir-action":0,"dir-explicit":0.611111111,"dir-speech":0.388888889,"indirect":0,"writing-device":0}},{"id":"장원 한방 보쌈 족발","permalink":"","username":"asdfg","text":"어휴, 양도 엄청 많고, 여러가지 서비스 음식도 같이 와서 마치 식당에서 먹는 느낌이었습니다. 잘 먹었습니다. 둘이 먹다 남은 음식은 나중에 애들에게 또 줘야할 것 같습니다.","date":"Mon Dec 10 23:59:44 +0000 2018","retweets":"30","favorites":"20","mentions":[],"hashtags":[],"geo":"","raw":"어휴, 양도 엄청 많고, 여러가지 서비스 음식도 같이 와서 마치 식당에서 먹는 느낌이었습니다. 잘 먹었습니다. 둘이 먹다 남은 음식은 나중에 애들에게 또 줘야할 것 같습니다.","polarity":{"com":0.004744519071089678,"pos":0.3247474776910895,"neg":0.4942213223218414,"neut":0.06507651328106596,"none":0.11121016763491358},"intensity":{"high":0.08360967630363064,"low":0.13540763424330166,"meium":0.6686368404289936,"none":0.11234584902407412},"expressive":{"dir-action":0.0011356813572239769,"dir-explicit":0.20398204751457016,"dir-speech":0.3480886173820063,"indirect":0.3231118911659365,"writing-device":0.12368176258026296}},{"id":"장원 한방 보쌈 족발","permalink":"","username":"asdfg","text":"화끈하게 먹었습니다. 불족이요 ㅋㅋ","date":"Mon Dec 10 23:59:44 +0000 2018","retweets":"30","favorites":"20","mentions":[],"hashtags":[],"geo":"","raw":"화끈하게 먹었습니다. 불족이요 ㅋㅋ","polarity":{"com":0,"pos":0.1666666665,"neg":0.8333333334999999,"neut":0,"none":0},"intensity":{"high":0.0555555555,"low":0.111111111,"meium":0.8333333334999999,"none":0},"expressive":{"dir-action":0,"dir-explicit":0.611111111,"dir-speech":0.388888889,"indirect":0,"writing-device":0}},{"id":"장원 한방 보쌈 족발","permalink":"","username":"asdfg","text":"와~~~ 주신음식중에 콜라가 제일 맛있네요!!","date":"Mon Dec 10 23:59:44 +0000 2018","retweets":"30","favorites":"20","mentions":[],"hashtags":[],"geo":"","raw":"와~~~ 주신음식중에 콜라가 제일 맛있네요!!","polarity":{"com":0.00446428575,"pos":0.4776785715,"neg":0.3660714285,"neut":0.14508928575,"none":0.0066964285},"intensity":{"high":0.0401785715,"low":0.1101190475,"meium":0.8407738094999999,"none":0.0089285715},"expressive":{"dir-action":0,"dir-explicit":0.26041666674999997,"dir-speech":0.53645833325,"indirect":0.19642857149999998,"writing-device":0.0066964285}},{"id":"장원 한방 보쌈 족발","permalink":"","username":"asdfg","text":"배불리 잘먹엇습니다 \n맛도 좋아요~","date":"Mon Dec 10 23:59:44 +0000 2018","retweets":"30","favorites":"20","mentions":[],"hashtags":[],"geo":"","raw":"배불리 잘먹엇습니다 \n맛도 좋아요~","polarity":{"com":0,"pos":0.96,"neg":0.02,"neut":0,"none":0.02},"intensity":{"high":0.1,"low":0.02,"meium":0.86,"none":0.02},"expressive":{"dir-action":0,"dir-explicit":0.30000000000000004,"dir-speech":0.6000000000000001,"indirect":0.08000000000000002,"writing-device":0.020000000000000004}},{"id":"장원 한방 보쌈 족발","permalink":"","username":"asdfg","text":"고기 완전 건조하네요...실망스러웠어요","date":"Mon Dec 10 23:59:44 +0000 2018","retweets":"30","favorites":"20","mentions":[],"hashtags":[],"geo":"","raw":"고기 완전 건조하네요...실망스러웠어요","polarity":{"com":0.026059455999999995,"pos":0.348513599,"neg":0.25481762599999996,"neut":0.3612903226666666,"none":0.009318996333333333},"intensity":{"high":0.10541851133333333,"low":0.038709677333333324,"meium":0.8458359689999999,"none":0.010035842333333331},"expressive":{"dir-action":0.0021505376673835123,"dir-explicit":0.22230655707410218,"dir-speech":0.45114906181704967,"indirect":0.3150748471050249,"writing-device":0.009318996336439666}},{"id":"장원 한방 보쌈 족발","permalink":"","username":"asdfg","text":"저번에 계란찜이 맛이안나서 소금간을원래안하는줄알앗는데 오늘은되잇네요 다만족합니다..","date":"Mon Dec 10 23:59:44 +0000 2018","retweets":"30","favorites":"20","mentions":[],"hashtags":[],"geo":"","raw":"저번에 계란찜이 맛이안나서 소금간을원래안하는줄알앗는데 오늘은되잇네요 다만족합니다..","polarity":{"com":0.0086495835,"pos":0.4034194043,"neg":0.5205227012,"neut":0.028974596800000002,"none":0.038433714199999996},"intensity":{"high":0.22727059652272708,"low":0.25000098742500015,"meium":0.48342406564834245,"none":0.03930435040393044},"expressive":{"dir-action":0.0017308511999999995,"dir-explicit":0.27418117759999994,"dir-speech":0.3795517112,"indirect":0.20566201719999996,"writing-device":0.13887424279999996}},{"id":"장원 한방 보쌈 족발","permalink":"","username":"asdfg","text":"소짜리 하나 시켰는데 혜자네요 맛도좋고 배달원 친절해요","date":"Mon Dec 10 23:59:44 +0000 2018","retweets":"30","favorites":"20","mentions":[],"hashtags":[],"geo":"","raw":"소짜리 하나 시켰는데 혜자네요 맛도좋고 배달원 친절해요","polarity":{"com":0.00483870975,"pos":0.609032258,"neg":0.34817204300000004,"neut":0.020967742,"none":0.01698924725},"intensity":{"high":0.0849462365,"low":0.039032258,"meium":0.85849462375,"none":0.01752688175},"expressive":{"dir-action":0.00161290325,"dir-explicit":0.22849462375000001,"dir-speech":0.373655914,"indirect":0.37924731175,"writing-device":0.01698924725}},{"id":"장원 한방 보쌈 족발","permalink":"","username":"asdfg","text":"오~~냉채족발 맛있었어요. 담번엔 다른 메뉴 시켜볼게요.","date":"Mon Dec 10 23:59:44 +0000 2018","retweets":"30","favorites":"20","mentions":[],"hashtags":[],"geo":"","raw":"오~~냉채족발 맛있었어요. 담번엔 다른 메뉴 시켜볼게요.","polarity":{"com":0,"pos":0.18915343906305113,"neg":0.710978836236993,"neut":0.07341269835780423,"none":0.026455026342151675},"intensity":{"high":0.13558201066666667,"low":0.07936507933333334,"meium":0.7585978836666667,"none":0.02645502633333334},"expressive":{"dir-action":0,"dir-explicit":0.13624338633333333,"dir-speech":0.763888889,"indirect":0.068121693,"writing-device":0.03174603166666667}},{"id":"장원 한방 보쌈 족발","permalink":"","username":"asdfg","text":"오늘왜이럴까요?\n부침개는 덜익었고밀가루반죽이..\n족발은 오늘만든게맞나요?\n아 동생이좋아해서 시켜먹늣데 오늘은진심심하네요\n족발맛이냄새도심하고.\n2틀은 지난걸 먹는느낌입니다.\n사진은 윤기가 흘러보이는데 진심너므심하네요","date":"Mon Dec 10 23:59:44 +0000 2018","retweets":"30","favorites":"20","mentions":[],"hashtags":[],"geo":"","raw":"오늘왜이럴까요?\n부침개는 덜익었고밀가루반죽이..\n족발은 오늘만든게맞나요?\n아 동생이좋아해서 시켜먹늣데 오늘은진심심하네요\n족발맛이냄새도심하고.\n2틀은 지난걸 먹는느낌입니다.\n사진은 윤기가 흘러보이는데 진심너므심하네요","polarity":{"com":0.004946479352941177,"pos":0.5199806951176471,"neg":0.38808008735294125,"neut":0.06636944888235295,"none":0.020623289294117653},"intensity":{"high":0.1541218092624921,"low":0.13398597696482106,"meium":0.6908832877689796,"none":0.021008926003707462},"expressive":{"dir-action":0.0006386411176094917,"dir-explicit":0.2366711306919606,"dir-speech":0.48072103614819284,"indirect":0.2601530614552851,"writing-device":0.02181613058695199}},{"id":"장원 한방 보쌈 족발","permalink":"","username":"asdfg","text":"동생이 엄청좋아해요.","date":"Mon Dec 10 23:59:44 +0000 2018","retweets":"30","favorites":"20","mentions":[],"hashtags":[],"geo":"","raw":"동생이 엄청좋아해요.","polarity":{"com":0.015418501999999997,"pos":0.7158590309999999,"neg":0.22026431699999993,"neut":0.04405286349999999,"none":0.004405286499999999},"intensity":{"high":0.05286343602643172,"low":0.06607929503303965,"meium":0.8744493394372247,"none":0.006607929503303965},"expressive":{"dir-action":0.002202643001101321,"dir-explicit":0.7070484583535243,"dir-speech":0.18061674009030834,"indirect":0.1035242290517621,"writing-device":0.006607929503303964}},{"id":"장원 한방 보쌈 족발","permalink":"","username":"asdfg","text":"맛났어요 ㅋ 쟁반국수가 말아져와서 비비기 쉬운게 장점입니다요!!","date":"Mon Dec 10 23:59:44 +0000 2018","retweets":"30","favorites":"20","mentions":[],"hashtags":[],"geo":"","raw":"맛났어요 ㅋ 쟁반국수가 말아져와서 비비기 쉬운게 장점입니다요!!","polarity":{"com":0.0045751633990849675,"pos":0.37404725992519056,"neg":0.22786324795442733,"neut":0.34906988433018604,"none":0.04444444439111111},"intensity":{"high":0.04087481140817496,"low":0.062493715412498735,"meium":0.8521870287704375,"none":0.04444444440888889},"expressive":{"dir-action":0,"dir-explicit":0.2251985924,"dir-speech":0.5589844142,"indirect":0.1674509804,"writing-device":0.048366013}},{"id":"장원 한방 보쌈 족발","permalink":"","username":"asdfg","text":"배달통에서 리뷰 처음 쓸 만큼 맛있었어요! 불족발 제일 작은 거 시켰는데 양도 많고 사이드메뉴도 잘나와서 만족했어요, 자주 시킬것같아요~ 다음번엔 냉채족발 시켜볼라구요 ㅋㅋ 추천해여!!","date":"Mon Dec 10 23:59:44 +0000 2018","retweets":"30","favorites":"20","mentions":[],"hashtags":[],"geo":"","raw":"배달통에서 리뷰 처음 쓸 만큼 맛있었어요! 불족발 제일 작은 거 시켰는데 양도 많고 사이드메뉴도 잘나와서 만족했어요, 자주 시킬것같아요~ 다음번엔 냉채족발 시켜볼라구요 ㅋㅋ 추천해여!!","polarity":{"com":0.02593537413915209,"pos":0.4327998260810286,"neg":0.38545100523064985,"neut":0.023374606710946485,"none":0.13243918783822295},"intensity":{"high":0.08586710050613335,"low":0.1354259094382447,"meium":0.6462678021890192,"none":0.1324391878666028},"expressive":{"dir-action":0.005102040785714286,"dir-explicit":0.2245480537857143,"dir-speech":0.45172924899999994,"indirect":0.14686740964285713,"writing-device":0.1717532467857143}},{"id":"장원 한방 보쌈 족발","permalink":"","username":"asdfg","text":"최악! 고기는 언제 삶은건지 편육되기 일보직전이고 비릿내는 덤... 고기는 싼걸 쓰는지 이빨에 무지끼는데 비추합니다.","date":"Mon Dec 10 23:59:44 +0000 2018","retweets":"30","favorites":"20","mentions":[],"hashtags":[],"geo":"","raw":"최악! 고기는 언제 삶은건지 편육되기 일보직전이고 비릿내는 덤... 고기는 싼걸 쓰는지 이빨에 무지끼는데 비추합니다.","polarity":{"com":0.004949923000000001,"pos":0.1725089881818182,"neg":0.4588020030909091,"neut":0.36065742163636366,"none":0.003081664090909093},"intensity":{"high":0.21416923474674263,"low":0.035432717003221155,"meium":0.74618002052238,"none":0.004218027727656182},"expressive":{"dir-action":0,"dir-explicit":0.16215331281818182,"dir-speech":0.7031201849090909,"indirect":0.13164483818181819,"writing-device":0.0030816640909090923}},{"id":"장원 한방 보쌈 족발","permalink":"","username":"asdfg","text":"둘이서 보쌈 소 먹었는뎀 맛있었습니다 !!","date":"Mon Dec 10 23:59:44 +0000 2018","retweets":"30","favorites":"20","mentions":[],"hashtags":[],"geo":"","raw":"둘이서 보쌈 소 먹었는뎀 맛있었습니다 !!","polarity":{"com":0.04058203166666667,"pos":0.4519868286666667,"neg":0.45997419133333345,"neut":0.02936857566666667,"none":0.018088372666666668},"intensity":{"high":0.08743084272495391,"low":0.163581482775721,"meium":0.7294308731529541,"none":0.0195568013463712},"expressive":{"dir-action":0.001468428667156143,"dir-explicit":0.3030154704343385,"dir-speech":0.4099734498033245,"indirect":0.26598584975532863,"writing-device":0.01955680133985227}},{"id":"장원 한방 보쌈 족발","permalink":"","username":"asdfg","text":"양이정말너무없네요 여지껏 리뷰한번적어본적없는사람인데 너무하네요진짴ㅋㅋㅋ어의가없어서 중 시켯는데 다른족발집 소 보다적네요 절대시키지마세요여러뷴~ 리뷰에속지마세요~","date":"Mon Dec 10 23:59:44 +0000 2018","retweets":"30","favorites":"20","mentions":[],"hashtags":[],"geo":"","raw":"양이정말너무없네요 여지껏 리뷰한번적어본적없는사람인데 너무하네요진짴ㅋㅋㅋ어의가없어서 중 시켯는데 다른족발집 소 보다적네요 절대시키지마세요여러뷴~ 리뷰에속지마세요~","polarity":{"com":0.003236245999730313,"pos":0.4316657676306946,"neg":0.47185364987734557,"neut":0.01272024449893998,"none":0.08052409199328966},"intensity":{"high":0.18351312480274778,"low":0.05599604465733398,"meium":0.6783486155536085,"none":0.08214221498630962},"expressive":{"dir-action":0,"dir-explicit":0.3573085220535576,"dir-speech":0.3230987055564084,"indirect":0.23421431139714882,"writing-device":0.08537846099288514}},{"id":"장원 한방 보쌈 족발","permalink":"","username":"asdfg","text":"굿!","date":"Mon Dec 10 23:59:44 +0000 2018","retweets":"30","favorites":"20","mentions":[],"hashtags":[],"geo":"","raw":"굿!!!!!!!!!!!!!!","polarity":{"com":0,"pos":1,"neg":0,"neut":0,"none":0},"intensity":{"high":0,"low":0,"meium":1,"none":0},"expressive":{"dir-action":0,"dir-explicit":0,"dir-speech":0,"indirect":1,"writing-device":0}},{"id":"장원 한방 보쌈 족발","permalink":"","username":"asdfg","text":"냉채족발 넘 맛있어요~~","date":"Mon Dec 10 23:59:44 +0000 2018","retweets":"30","favorites":"20","mentions":[],"hashtags":[],"geo":"","raw":"냉채족발 넘 맛있어요~~","polarity":{"com":0,"pos":0,"neg":1,"neut":0,"none":0},"intensity":{"high":0,"low":0,"meium":1,"none":0},"expressive":{"dir-action":0,"dir-explicit":0,"dir-speech":1,"indirect":0,"writing-device":0}},{"id":"장원 한방 보쌈 족발","permalink":"","username":"asdfg","text":"원래 냉채족발에는 상추를 안주는건가요??","date":"Mon Dec 10 23:59:44 +0000 2018","retweets":"30","favorites":"20","mentions":[],"hashtags":[],"geo":"","raw":"원래 냉채족발에는 상추를 안주는건가요??","polarity":{"com":0.011146496758359872,"pos":0.553634617415226,"neg":0.3367708020025781,"neut":0.05876554429407415,"none":0.039682539529761904},"intensity":{"high":0.049312506500000006,"low":0.39930239600000006,"meium":0.511702558,"none":0.0396825395},"expressive":{"dir-action":0.0031847134984076433,"dir-explicit":0.1780911941609544,"dir-speech":0.6629511676685244,"indirect":0.10656152044671924,"writing-device":0.04921140422539429}},{"id":"장원 한방 보쌈 족발","permalink":"","username":"asdfg","text":"냉채족발 굿굿.. 덕분에 맛있게 먹었습니다. ","date":"Mon Dec 10 23:59:44 +0000 2018","retweets":"30","favorites":"20","mentions":[],"hashtags":[],"geo":"","raw":"냉채족발 굿굿.. 덕분에 맛있게 먹었습니다. ","polarity":{"com":0,"pos":0.44444444433333335,"neg":0.5555555556666666,"neut":0,"none":0},"intensity":{"high":0.037037037,"low":0.074074074,"meium":0.888888889,"none":0},"expressive":{"dir-action":0,"dir-explicit":0.074074074,"dir-speech":0.5925925926666666,"indirect":0.3333333333333333,"writing-device":0}},{"id":"장원 한방 보쌈 족발","permalink":"","username":"asdfg","text":"오늘도 잘먹었습니다 늦은시간 감사해용","date":"Mon Dec 10 23:59:44 +0000 2018","retweets":"30","favorites":"20","mentions":[],"hashtags":[],"geo":"","raw":"오늘도 잘먹었습니다 늦은시간 감사해용","polarity":{"com":0.00178571425,"pos":0.19940476175,"neg":0.686309524,"neut":0.0035714285,"none":0.1089285715},"intensity":{"high":0.1259920635,"low":0.084126984,"meium":0.680952381,"none":0.1089285715},"expressive":{"dir-action":0,"dir-explicit":0.16448412695887898,"dir-speech":0.39444444440138887,"indirect":0.3339285714165178,"writing-device":0.10714285722321429}},{"id":"장원 한방 보쌈 족발","permalink":"","username":"asdfg","text":"음식은 너무 맛있는데 상추에서 파리가 나왔어요...","date":"Mon Dec 10 23:59:44 +0000 2018","retweets":"30","favorites":"20","mentions":[],"hashtags":[],"geo":"","raw":"음식은 너무 맛있는데 상추에서 파리가 나왔어요...","polarity":{"com":0.005649717666666667,"pos":0.11864406766666664,"neg":0.8531073446666666,"neut":0.011299435,"none":0.011299434999999995},"intensity":{"high":0.03389830501129942,"low":0.04519774001506592,"meium":0.9096045199698681,"none":0.01129943500376648},"expressive":{"dir-action":0,"dir-explicit":0.09039548033333332,"dir-speech":0.8531073446666666,"indirect":0.04519774,"writing-device":0.011299434999999995}},{"id":"장원 한방 보쌈 족발","permalink":"","username":"asdfg","text":"음 전체적으로 괜찮은편이라생각하네이\n\n맛은 중간이상이고\n서비스도 중간이상이고\n가격대비 양은 적당한것같고\n","date":"Mon Dec 10 23:59:44 +0000 2018","retweets":"30","favorites":"20","mentions":[],"hashtags":[],"geo":"","raw":"음 전체적으로 괜찮은편이라생각하네이\n\n맛은 중간이상이고\n서비스도 중간이상이고\n가격대비 양은 적당한것같고\n","polarity":{"com":0.004097317699180537,"pos":0.5423090269915383,"neg":0.28429010674314203,"neut":0.11805677017638865,"none":0.051246778389750655},"intensity":{"high":0.05567181200556717,"low":0.22424045772242404,"meium":0.6685406515668539,"none":0.051547078705154695},"expressive":{"dir-action":0.00030030029996996996,"dir-explicit":0.2810771480718923,"dir-speech":0.3126684850687332,"indirect":0.35440698786455926,"writing-device":0.05154707869484528}},{"id":"장원 한방 보쌈 족발","permalink":"","username":"asdfg","text":"친구소개로 시켰어요 ~~전 다조았어요","date":"Mon Dec 10 23:59:44 +0000 2018","retweets":"30","favorites":"20","mentions":[],"hashtags":[],"geo":"","raw":"친구소개로 시켰어요 ~~전 다조았어요","polarity":{"com":0,"pos":1,"neg":0,"neut":0,"none":0},"intensity":{"high":0,"low":0,"meium":1,"none":0},"expressive":{"dir-action":0,"dir-explicit":0,"dir-speech":0.5,"indirect":0.5,"writing-device":0}},{"id":"장원 한방 보쌈 족발","permalink":"","username":"asdfg","text":"보족세트가딱먹기좋아요종류별로먹는 이맛","date":"Mon Dec 10 23:59:44 +0000 2018","retweets":"30","favorites":"20","mentions":[],"hashtags":[],"geo":"","raw":"보족세트가딱먹기좋아요종류별로먹는 이맛","polarity":{"com":0.0097388294,"pos":0.48581980280000003,"neg":0.45562953640000003,"neut":0.033692573999999996,"none":0.015119257399999999},"intensity":{"high":0.13773267602754652,"low":0.1447491782289498,"meium":0.6997321167399464,"none":0.0177860290035572},"expressive":{"dir-action":0.0008810572001762115,"dir-explicit":0.3667082720733417,"dir-speech":0.4858578072971717,"indirect":0.1305525488261105,"writing-device":0.016000314603200064}},{"id":"장원 한방 보쌈 족발","permalink":"","username":"asdfg","text":"보족세트를 시켰는데요~\n족발은 보통이고 보쌈은 맛이 좋네요~\n부드러워서 먹기편하네요~","date":"Mon Dec 10 23:59:44 +0000 2018","retweets":"30","favorites":"20","mentions":[],"hashtags":[],"geo":"","raw":"보족세트를 시켰는데요~\n족발은 보통이고 보쌈은 맛이 좋네요~\n부드러워서 먹기편하네요~","polarity":{"com":0.012670013751583753,"pos":0.626304561078288,"neg":0.29928733803741087,"neut":0.025485733128185712,"none":0.03625235400453154},"intensity":{"high":0.0719637354019864,"low":0.08701588953263095,"meium":0.8047680210517879,"none":0.03625235401359463},"expressive":{"dir-action":0.0015923567496019112,"dir-explicit":0.3222250270444437,"dir-speech":0.4271884452682029,"indirect":0.20949465819762633,"writing-device":0.03949951274012513}},{"id":"장원 한방 보쌈 족발","permalink":"","username":"asdfg","text":"원래 배달 시켜 먹는 곳이 쉬는 날이라 한번 모험으로 여기에 시켜봤어요. 후기가 그나마 나은 곳으로~\n\n먹어 본 결과ㅡ\n족발은 이게 앞다리살이 맞나요?\n고기부분이 완전 퍽퍽하고 한약냄새가 나나 잡냄새를 다 잡진 못함.\n막국수는 면이 덜 익어서 씹기 힘들고 간은 적당하나 단편임.\n무김치는 김치라기 보단 무말랭이무침이며 간은 괜찮으나 단편임.\n전은 넘 느끼하고 계란찜이 젤 맛나네요.\n\n예전에 어떤 곳은 최악이라 정말 다 버린 경험이 있는지라\n이정도는 먹을만 했어요.\n\n전 그냥 시켜 먹던 곳에서 계속 먹는 걸로~~~~\n","date":"Mon Dec 10 23:59:44 +0000 2018","retweets":"30","favorites":"20","mentions":[],"hashtags":[],"geo":"","raw":"원래 배달 시켜 먹는 곳이 쉬는 날이라 한번 모험으로 여기에 시켜봤어요. 후기가 그나마 나은 곳으로~\n\n먹어 본 결과ㅡ\n족발은 이게 앞다리살이 맞나요?\n고기부분이 완전 퍽퍽하고 한약냄새가 나나 잡냄새를 다 잡진 못함.\n막국수는 면이 덜 익어서 씹기 힘들고 간은 적당하나 단편임.\n무김치는 김치라기 보단 무말랭이무침이며 간은 괜찮으나 단편임.\n전은 넘 느끼하고 계란찜이 젤 맛나네요.\n\n예전에 어떤 곳은 최악이라 정말 다 버린 경험이 있는지라\n이정도는 먹을만 했어요.\n\n전 그냥 시켜 먹던 곳에서 계속 먹는 걸로~~~~\n","polarity":{"com":0.027915560998836852,"pos":0.3905252336920613,"neg":0.47320254712611665,"neut":0.05552037647685331,"none":0.05283628170613182},"intensity":{"high":0.161669206416042,"low":0.15583275589447906,"meium":0.6287440481619264,"none":0.05375398952755258},"expressive":{"dir-action":0.0007316958959095518,"dir-explicit":0.2722797234866958,"dir-speech":0.4428704445461322,"indirect":0.22763727160704555,"writing-device":0.056480864464216754}},{"id":"장원 한방 보쌈 족발","permalink":"","username":"asdfg","text":"보족세트 소짜로 주문해서 먹어봤는데요~ \n맛, 위생, 양 모두모두 맘에 쏙들지만 한가지\n무말랭이 양념은 맛이 좀 별로였어요..그것만뻬면 만점!","date":"Mon Dec 10 23:59:44 +0000 2018","retweets":"30","favorites":"20","mentions":[],"hashtags":[],"geo":"","raw":"보족세트 소짜로 주문해서 먹어봤는데요~ \n맛, 위생, 양 모두모두 맘에 쏙들지만 한가지\n무말랭이 양념은 맛이 좀 별로였어요..그것만뻬면 만점!","polarity":{"com":0.005888497833333333,"pos":0.49221704274999994,"neg":0.3453579260833333,"neut":0.1344589416666667,"none":0.022077591666666663},"intensity":{"high":0.04827643426206911,"low":0.2309727815577432,"meium":0.698306085341243,"none":0.022444698838944507},"expressive":{"dir-action":0.0003671071667278512,"dir-explicit":0.2632616305438769,"dir-speech":0.45285675040880946,"indirect":0.2594358261265726,"writing-device":0.024078685754013115}},{"id":"장원 한방 보쌈 족발","permalink":"","username":"asdfg","text":"족발주문..\n서비스가 많다고 국내산 어쩌고해서 맛있다해서, 와~하고 주문함.. 그 원*** 족발보다 더 맛없음!! 쫀득하다거나 맛있다거나 전혀없음!!! \n서비스로는 계란찜 콜라캔 상추 무김치 쟁반국수 부침개를 주는데, 질은 별로임. 상추와 마늘은 신선도가 떨어져서 누렇게 변한부분  떼어내고 먹고, 먹으면서도 좀 찝찝했음. \n무김치는 다른곳보다 맛있음. \n아...꿀**나 주문하는건데 후회함.\n ","date":"Mon Dec 10 23:59:44 +0000 2018","retweets":"30","favorites":"20","mentions":[],"hashtags":[],"geo":"","raw":"족발주문..\n서비스가 많다고 국내산 어쩌고해서 맛있다해서, 와~하고 주문함.. 그 원*** 족발보다 더 맛없음!! 쫀득하다거나 맛있다거나 전혀없음!!! \n서비스로는 계란찜 콜라캔 상추 무김치 쟁반국수 부침개를 주는데, 질은 별로임. 상추와 마늘은 신선도가 떨어져서 누렇게 변한부분  떼어내고 먹고, 먹으면서도 좀 찝찝했음. \n무김치는 다른곳보다 맛있음. \n아...꿀**나 주문하는건데 후회함.\n ","polarity":{"com":0.017901301317509794,"pos":0.476945346523828,"neg":0.3598719196429238,"neut":0.07971647746535895,"none":0.06556495505037967},"intensity":{"high":0.07822566872979937,"low":0.13174581148459158,"meium":0.7231741513726054,"none":0.06685436841300355},"expressive":{"dir-action":0.0013863561220526601,"dir-explicit":0.25404973609175974,"dir-speech":0.41923657349409055,"indirect":0.25569484904309964,"writing-device":0.0696324852489975}},{"id":"장원 한방 보쌈 족발","permalink":"","username":"asdfg","text":"맛은 있는데\n좀 짜네요","date":"Mon Dec 10 23:59:44 +0000 2018","retweets":"30","favorites":"20","mentions":[],"hashtags":[],"geo":"","raw":"맛은 있는데\n좀 짜네요","polarity":{"com":0.002976190333333333,"pos":0.7797619046666665,"neg":0.053571428666666664,"neut":0.011904761999999998,"none":0.15178571433333332},"intensity":{"high":0.01488095233333333,"low":0.017857142999999995,"meium":0.8154761903333333,"none":0.15178571433333332},"expressive":{"dir-action":0,"dir-explicit":0.19880952366666665,"dir-speech":0.6017857143333333,"indirect":0.04761904766666666,"writing-device":0.15178571433333332}},{"id":"장원 한방 보쌈 족발","permalink":"","username":"asdfg","text":"부드럽고 맛나요\n근데 맛있으면 된다지만..\n썰은게 넘 두껍고 엉망이네요\n맛은 있어요\n","date":"Mon Dec 10 23:59:44 +0000 2018","retweets":"30","favorites":"20","mentions":[],"hashtags":[],"geo":"","raw":"부드럽고 맛나요\n근데 맛있으면 된다지만..\n썰은게 넘 두껍고 엉망이네요\n맛은 있어요\n","polarity":{"com":0.012629737423158684,"pos":0.6409829290110073,"neg":0.187874980776625,"neut":0.053629047262730406,"none":0.10488330552647859},"intensity":{"high":0.07061427614285713,"low":0.06576851842857143,"meium":0.7587338998571429,"none":0.10488330557142857},"expressive":{"dir-action":0,"dir-explicit":0.33932167452295403,"dir-speech":0.49141455078694074,"indirect":0.05618851313483021,"writing-device":0.11307526155527498}},{"id":"장원 한방 보쌈 족발","permalink":"","username":"asdfg","text":"해당 리뷰는 배달통 운영 원칙에 따라 블라인드 처리 되었습니다.","date":"Mon Dec 10 23:59:44 +0000 2018","retweets":"30","favorites":"20","mentions":[],"hashtags":[],"geo":"","raw":"해당 리뷰는 배달통 운영 원칙에 따라 블라인드 처리 되었습니다.","polarity":{"com":0,"pos":0.4126984127063492,"neg":0.3075396826537698,"neut":0.2043650793521825,"none":0.07539682528769841},"intensity":{"high":0.035714285750000005,"low":0.08730158725,"meium":0.80158730175,"none":0.07539682525000001},"expressive":{"dir-action":0,"dir-explicit":0.44246031761061505,"dir-speech":0.2777777778194444,"indirect":0.20039682530009917,"writing-device":0.07936507926984127}},{"id":"장원 한방 보쌈 족발","permalink":"","username":"asdfg","text":"해당 리뷰는 배달통 운영 원칙에 따라 블라인드 처리 되었습니다.","date":"Mon Dec 10 23:59:44 +0000 2018","retweets":"30","favorites":"20","mentions":[],"hashtags":[],"geo":"","raw":"해당 리뷰는 배달통 운영 원칙에 따라 블라인드 처리 되었습니다.","polarity":{"com":0,"pos":0.4126984127063492,"neg":0.3075396826537698,"neut":0.2043650793521825,"none":0.07539682528769841},"intensity":{"high":0.035714285750000005,"low":0.08730158725,"meium":0.80158730175,"none":0.07539682525000001},"expressive":{"dir-action":0,"dir-explicit":0.44246031761061505,"dir-speech":0.2777777778194444,"indirect":0.20039682530009917,"writing-device":0.07936507926984127}},{"id":"장원 한방 보쌈 족발","permalink":"","username":"asdfg","text":"해당 리뷰는 배달통 운영 원칙에 따라 블라인드 처리 되었습니다.","date":"Mon Dec 10 23:59:44 +0000 2018","retweets":"30","favorites":"20","mentions":[],"hashtags":[],"geo":"","raw":"해당 리뷰는 배달통 운영 원칙에 따라 블라인드 처리 되었습니다.","polarity":{"com":0,"pos":0.4126984127063492,"neg":0.3075396826537698,"neut":0.2043650793521825,"none":0.07539682528769841},"intensity":{"high":0.035714285750000005,"low":0.08730158725,"meium":0.80158730175,"none":0.07539682525000001},"expressive":{"dir-action":0,"dir-explicit":0.44246031761061505,"dir-speech":0.2777777778194444,"indirect":0.20039682530009917,"writing-device":0.07936507926984127}},{"id":"장원 한방 보쌈 족발","permalink":"","username":"asdfg","text":"맛있습니다 ㅎㅎㅎㅎㅎ","date":"Mon Dec 10 23:59:44 +0000 2018","retweets":"30","favorites":"20","mentions":[],"hashtags":[],"geo":"","raw":"맛있습니다 ㅎㅎㅎㅎㅎ","polarity":{"com":0,"pos":0,"neg":1,"neut":0,"none":0},"intensity":{"high":0,"low":0,"meium":1,"none":0},"expressive":{"dir-action":0,"dir-explicit":0,"dir-speech":1,"indirect":0,"writing-device":0}},{"id":"장원 한방 보쌈 족발","permalink":"","username":"asdfg","text":"맛잇어요ㅋㅋ배달하시는분도 친절하시고ㅋㅋ\n특대로 시켰어요~\n근데 보쌈양이 조금 적은듯하네요 \n대신 막국수양이 많은듯...ㅋㅋ","date":"Mon Dec 10 23:59:44 +0000 2018","retweets":"30","favorites":"20","mentions":[],"hashtags":[],"geo":"","raw":"맛잇어요ㅋㅋ배달하시는분도 친절하시고ㅋㅋ\n특대로 시켰어요~\n근데 보쌈양이 조금 적은듯하네요 \n대신 막국수양이 많은듯...ㅋㅋ","polarity":{"com":0.006273980374999998,"pos":0.6427864422499999,"neg":0.30401321187499997,"neut":0.021497086874999995,"none":0.025429278624999992},"intensity":{"high":0.058466754999999995,"low":0.083119286125,"meium":0.83216520225,"none":0.026248756625},"expressive":{"dir-action":0.0013571123751696388,"dir-explicit":0.29239831528654975,"dir-speech":0.46739880868342487,"indirect":0.21286582427660822,"writing-device":0.025979939378247486}},{"id":"장원 한방 보쌈 족발","permalink":"","username":"asdfg","text":"주문받으시는분 넘친절하시네요\n맛있음단골할께요  일주일두번이상 족발시킴^_^^_^","date":"Mon Dec 10 23:59:44 +0000 2018","retweets":"30","favorites":"20","mentions":[],"hashtags":[],"geo":"","raw":"주문받으시는분 넘친절하시네요\n맛있음단골할께요  일주일두번이상 족발시킴^_^^_^","polarity":{"com":0.0027649769999999996,"pos":0.672939068,"neg":0.1654633897142857,"neut":0.1548387097142857,"none":0.003993855571428571},"intensity":{"high":0.04377880185088874,"low":0.024526369710781946,"meium":0.9273937531532295,"none":0.004301075285099846},"expressive":{"dir-action":0.008858167,"dir-explicit":0.27898105485714286,"dir-speech":0.43097798257142855,"indirect":0.27718894,"writing-device":0.003993855571428571}}]