[{"id":"장수 왕 족발 24시CESCO","permalink":"","username":"asdfg","text":"배달빠르고 생각보다 깔끔하고 양도 많네요.담부터 보쌈,족발은 여기서만 시킬듯 합니다","date":"Mon Dec 10 23:59:44 +0000 2018","retweets":"30","favorites":"20","mentions":[],"hashtags":[],"geo":"","raw":"배달빠르고 생각보다 깔끔하고 양도 많네요.담부터 보쌈,족발은 여기서만 시킬듯 합니다","polarity":{"com":0.020746647127593332,"pos":0.5049170429381147,"neg":0.33510571629188823,"neut":0.05146145625643268,"none":0.08776913738597114},"intensity":{"high":0.08282200376035274,"low":0.1131271657641409,"meium":0.7159063177144883,"none":0.08814451276101806},"expressive":{"dir-action":0.0003753753750469219,"dir-explicit":0.25033422265629174,"dir-speech":0.4581100438072637,"indirect":0.2062409736507801,"writing-device":0.08493938451061742}},{"id":"장수 왕 족발 24시CESCO","permalink":"","username":"asdfg","text":"배부르게 잘 먹었습니다!! 진짜 따뜻하고 맛있어요!!","date":"Mon Dec 10 23:59:44 +0000 2018","retweets":"30","favorites":"20","mentions":[],"hashtags":[],"geo":"","raw":"배부르게 잘 먹었습니다!! 진짜 따뜻하고 맛있어요!!","polarity":{"com":0,"pos":0.5714285715238094,"neg":0.40476190480158736,"neut":0.023809523674603175,"none":0},"intensity":{"high":0,"low":0.07142857133333333,"meium":0.9285714286666668,"none":0},"expressive":{"dir-action":0,"dir-explicit":0.07142857133333333,"dir-speech":0.380952381,"indirect":0.5476190476666667,"writing-device":0}},{"id":"장수 왕 족발 24시CESCO","permalink":"","username":"asdfg","text":"잡내안나고.대짜딱맞네요둘다 많이먹는데양도딱이네요쌈장이 한개더안온거빼고는.마늘도 국내산거 쓰시는거같은데서산마늘같은느낌인데요맛좋고 오늘취해서잠듭니다","date":"Mon Dec 10 23:59:44 +0000 2018","retweets":"30","favorites":"20","mentions":[],"hashtags":[],"geo":"","raw":"잡내안나고.대짜딱맞네요둘다 많이먹는데양도딱이네요쌈장이 한개더안온거빼고는.마늘도 국내산거 쓰시는거같은데서산마늘같은느낌인데요맛좋고 오늘취해서잠듭니다","polarity":{"com":0.0017658043529411767,"pos":0.35934744505882354,"neg":0.4499307562352942,"neut":0.1272131087647059,"none":0.06174288558823531},"intensity":{"high":0.06853473965109028,"low":0.07820036641636473,"meium":0.7915220083406777,"none":0.06174288559186723},"expressive":{"dir-action":0.005347593588235294,"dir-explicit":0.20338295870588238,"dir-speech":0.44016317017647055,"indirect":0.19391727235294118,"writing-device":0.15718900517647058}},{"id":"장수 왕 족발 24시CESCO","permalink":"","username":"asdfg","text":"힝~ㅜㅠ 힝~ㅜㅠ 힝~ㅜㅠ ","date":"Mon Dec 10 23:59:44 +0000 2018","retweets":"30","favorites":"20","mentions":[],"hashtags":[],"geo":"","raw":"힝~ㅜㅠ 힝~ㅜㅠ 힝~ㅜㅠ ","polarity":{"com":null,"pos":null,"neg":null,"neut":null,"none":null},"intensity":{"high":null,"low":null,"meium":null,"none":null},"expressive":{"dir-action":null,"dir-explicit":null,"dir-speech":null,"indirect":null,"writing-device":null}},{"id":"장수 왕 족발 24시CESCO","permalink":"","username":"asdfg","text":"한강아파트입니다 이삿날이라 늦게 시키고 주문도 까다로웠는데 빨리갖다주시고 맛도 괜찮아요 사업 번창하세요","date":"Mon Dec 10 23:59:44 +0000 2018","retweets":"30","favorites":"20","mentions":[],"hashtags":[],"geo":"","raw":"한강아파트입니다 이삿날이라 늦게 시키고 주문도 까다로웠는데 빨리갖다주시고 맛도 괜찮아요 사업 번창하세요","polarity":{"com":0.002419354875,"pos":0.44130184325,"neg":0.5065860215,"neut":0.010483871,"none":0.039208909374999996},"intensity":{"high":0.07818740399022657,"low":0.03951612899506048,"meium":0.8428187403946475,"none":0.03947772662006528},"expressive":{"dir-action":0.0008064516248991936,"dir-explicit":0.23031874047121015,"dir-speech":0.2225422427221822,"indirect":0.5071236558116096,"writing-device":0.03920890937009888}},{"id":"장수 왕 족발 24시CESCO","permalink":"","username":"asdfg","text":"먹을만하네요 잘먹었습니다","date":"Mon Dec 10 23:59:44 +0000 2018","retweets":"30","favorites":"20","mentions":[],"hashtags":[],"geo":"","raw":"먹을만하네요 잘먹었습니다","polarity":{"com":0,"pos":0.5238095237619048,"neg":0.4404761907202381,"neut":0.035714285517857144,"none":0},"intensity":{"high":0.0555555555,"low":0.218253968,"meium":0.7261904765,"none":0},"expressive":{"dir-action":0,"dir-explicit":0.218253968,"dir-speech":0.4603174605,"indirect":0.3214285715,"writing-device":0}},{"id":"장수 왕 족발 24시CESCO","permalink":"","username":"asdfg","text":"너무맛있게 잘먹었습니다 :) ","date":"Mon Dec 10 23:59:44 +0000 2018","retweets":"30","favorites":"20","mentions":[],"hashtags":[],"geo":"","raw":"너무맛있게 잘먹었습니다 :) ","polarity":{"com":0.07142857153571429,"pos":0.4285714287142857,"neg":0.4642857142321429,"neut":0.035714285517857144,"none":0},"intensity":{"high":0.0714285715,"low":0.1785714285,"meium":0.75,"none":0},"expressive":{"dir-action":0,"dir-explicit":0.39285714250000003,"dir-speech":0.21428571450000003,"indirect":0.392857143,"writing-device":0}},{"id":"장수 왕 족발 24시CESCO","permalink":"","username":"asdfg","text":"중자 이리 양이 적은곳은 처음 ㅜ아주 얇은윗장 몆개 빼고 밑은 뼈ㅠ정식당 이었네요  족발 종종 시켜먹는데 배탈 난곳 리뷰도 안썼는데 처음 써보네요","date":"Mon Dec 10 23:59:44 +0000 2018","retweets":"30","favorites":"20","mentions":[],"hashtags":[],"geo":"","raw":"중자 이리 양이 적은곳은 처음 ㅜ아주 얇은윗장 몆개 빼고 밑은 뼈ㅠ정식당 이었네요  족발 종종 시켜먹는데 배탈 난곳 리뷰도 안썼는데 처음 써보네요","polarity":{"com":0.045851674058328094,"pos":0.48361011057611136,"neg":0.40391156467031103,"neut":0.030345471562758436,"none":0.0362811791324911},"intensity":{"high":0.14600840336757198,"low":0.02170868343012205,"meium":0.7960017340568573,"none":0.03628117914544865},"expressive":{"dir-action":0,"dir-explicit":0.2968854208147306,"dir-speech":0.2919667867440048,"indirect":0.37346605308950487,"writing-device":0.03768173935175975}},{"id":"장수 왕 족발 24시CESCO","permalink":"","username":"asdfg","text":"완전 맛있었어요~!!","date":"Mon Dec 10 23:59:44 +0000 2018","retweets":"30","favorites":"20","mentions":[],"hashtags":[],"geo":"","raw":"완전 맛있었어요~!!","polarity":{"com":0,"pos":0.5,"neg":0.5,"neut":0,"none":0},"intensity":{"high":0,"low":0,"meium":1,"none":0},"expressive":{"dir-action":0,"dir-explicit":0.5,"dir-speech":0,"indirect":0.5,"writing-device":0}},{"id":"장수 왕 족발 24시CESCO","permalink":"","username":"asdfg","text":"따뜻하게와서좋네요ㅇㅇㅇ","date":"Mon Dec 10 23:59:44 +0000 2018","retweets":"30","favorites":"20","mentions":[],"hashtags":[],"geo":"","raw":"따뜻하게와서좋네요ㅇㅇㅇ","polarity":{"com":0,"pos":0.8066666666666666,"neg":0.013333333333333334,"neut":0.16666666666666666,"none":0.013333333333333334},"intensity":{"high":0.06666666666666667,"low":0.013333333333333334,"meium":0.9066666666666666,"none":0.013333333333333334},"expressive":{"dir-action":0,"dir-explicit":0.19999999999999998,"dir-speech":0.2333333333333333,"indirect":0.5533333333333333,"writing-device":0.013333333333333334}}]