[{"id":"1인혼족","permalink":"","username":"asdfg","text":"맛있게 잘 먹었습니다","date":"Mon Dec 10 23:59:44 +0000 2018","retweets":"30","favorites":"20","mentions":[],"hashtags":[],"geo":"","raw":"맛있게 잘 먹었습니다","polarity":{"com":0,"pos":0.35714285717857136,"neg":0.6071428573035714,"neut":0.03571428551785714,"none":0},"intensity":{"high":0,"low":0.107142857,"meium":0.8928571430000001,"none":0},"expressive":{"dir-action":0,"dir-explicit":0.107142857,"dir-speech":0.5714285715,"indirect":0.3214285715,"writing-device":0}},{"id":"1인혼족","permalink":"","username":"asdfg","text":"맛잇어요 야채조금만 더잇음 좋을거같아요 리뷰남긴댓ㄴ데 막국수안주샷어요 어케 받나요ㅠ","date":"Mon Dec 10 23:59:44 +0000 2018","retweets":"30","favorites":"20","mentions":[],"hashtags":[],"geo":"","raw":"맛잇어요 야채조금만 더잇음 좋을거같아요 리뷰남긴댓ㄴ데 막국수안주샷어요 어케 받나요ㅠ","polarity":{"com":0.0032258064999999996,"pos":0.5887096773333335,"neg":0.38405017916666667,"neut":0.019354838833333336,"none":0.004659498166666667},"intensity":{"high":0.04480286733333333,"low":0.040860215,"meium":0.9093189965,"none":0.005017921166666666},"expressive":{"dir-action":0.0010752688333333334,"dir-explicit":0.11684587816666665,"dir-speech":0.4872759856666667,"indirect":0.22347670249999999,"writing-device":0.17132616483333332}},{"id":"1인혼족","permalink":"","username":"asdfg","text":"막국수 면 좀 덜익어서 왔지만 맛있게 잘 먹었어요~","date":"Mon Dec 10 23:59:44 +0000 2018","retweets":"30","favorites":"20","mentions":[],"hashtags":[],"geo":"","raw":"막국수 면 좀 덜익어서 왔지만 맛있게 잘 먹었어요~","polarity":{"com":0,"pos":0.6428571429107143,"neg":0.30357142857589287,"neut":0.05357142851339285,"none":0},"intensity":{"high":0.0714285715,"low":0.33928571425000004,"meium":0.58928571425,"none":0},"expressive":{"dir-action":0,"dir-explicit":0.28571428567857143,"dir-speech":0.39285714290178575,"indirect":0.3214285714196428,"writing-device":0}},{"id":"1인혼족","permalink":"","username":"asdfg","text":"굴 양도 많고 신선해요! 야채 좋아하는데 배추랑 많이 가져다주셔서 맛있게 먹었습니다. 양도 푸짐하고 반찬도 신선해서 좋았네요!","date":"Mon Dec 10 23:59:44 +0000 2018","retweets":"30","favorites":"20","mentions":[],"hashtags":[],"geo":"","raw":"굴 양도 많고 신선해요! 야채 좋아하는데 배추랑 많이 가져다주셔서 맛있게 먹었습니다. 양도 푸짐하고 반찬도 신선해서 좋았네요!","polarity":{"com":0.006740288699999999,"pos":0.5719325272,"neg":0.3792740397999999,"neut":0.03045264059999999,"none":0.011600503699999999},"intensity":{"high":0.09399938500939994,"low":0.13194662821319467,"meium":0.7616378286761638,"none":0.012416158101241616},"expressive":{"dir-action":0.001245761900124576,"dir-explicit":0.35047866933504784,"dir-speech":0.32255284743225526,"indirect":0.3135216170313521,"writing-device":0.01220110430122011}},{"id":"1인혼족","permalink":"","username":"asdfg","text":"맛있고 양도 딱 좋습니다 다음엔 족발도 한번 먹어보고 싶네요","date":"Mon Dec 10 23:59:44 +0000 2018","retweets":"30","favorites":"20","mentions":[],"hashtags":[],"geo":"","raw":"맛있고 양도 딱 좋습니다 다음엔 족발도 한번 먹어보고 싶네요","polarity":{"com":0.006972789142857143,"pos":0.31453514728571424,"neg":0.5656916101428572,"neut":0.027551020285714285,"none":0.08524943314285714},"intensity":{"high":0.093197279,"low":0.09970521528571429,"meium":0.7218480725714285,"none":0.08524943314285714},"expressive":{"dir-action":0,"dir-explicit":0.21428571428571427,"dir-speech":0.628968254,"indirect":0.06429705214285715,"writing-device":0.09244897957142859}},{"id":"1인혼족","permalink":"","username":"asdfg","text":"보쌈 쏘쏘~\n불족 대박~\n\n왕*리에 줄서서 대기타서 먹는 불족집보다 저는 여기가 맛있네여 와이프 추천에 별 기대 안했는데 인생불족집 찾았습니다. 사장님 부자되세요","date":"Mon Dec 10 23:59:44 +0000 2018","retweets":"30","favorites":"20","mentions":[],"hashtags":[],"geo":"","raw":"보쌈 쏘쏘~\n불족 대박~\n\n왕*리에 줄서서 대기타서 먹는 불족집보다 저는 여기가 맛있네여 와이프 추천에 별 기대 안했는데 인생불족집 찾았습니다. 사장님 부자되세요","polarity":{"com":0.0025,"pos":0.42055555553333335,"neg":0.5480555556,"neut":0.028888888866666667,"none":0},"intensity":{"high":0.035462962933333335,"low":0.19842592593333336,"meium":0.7652777778000001,"none":0.0008333333333333335},"expressive":{"dir-action":0,"dir-explicit":0.23787037033333333,"dir-speech":0.5035185185333334,"indirect":0.2586111111333333,"writing-device":0}},{"id":"1인혼족","permalink":"","username":"asdfg","text":"양은 혼자 먹기에 딱 좋은양이었어요! 혼자 족발이나 보쌈 시키기엔 부담스러운데 1인보쌈 으로 합리적으로 먹을 수 있는거같아요 ! \n아쉬운점은 오늘 배달양이 많으셨는지 한시간 반정도 걸리더라구요,, 그거 빼면 만족스러운 식사였습니다 번창하세요 :)","date":"Mon Dec 10 23:59:44 +0000 2018","retweets":"30","favorites":"20","mentions":[],"hashtags":[],"geo":"","raw":"양은 혼자 먹기에 딱 좋은양이었어요! 혼자 족발이나 보쌈 시키기엔 부담스러운데 1인보쌈 으로 합리적으로 먹을 수 있는거같아요 ! \n아쉬운점은 오늘 배달양이 많으셨는지 한시간 반정도 걸리더라구요,, 그거 빼면 만족스러운 식사였습니다 번창하세요 :)","polarity":{"com":0.0033888812633362567,"pos":0.3747303151249858,"neg":0.4228278530222541,"neut":0.062298605108542036,"none":0.1367543454808818},"intensity":{"high":0.06092213726957075,"low":0.13335574422456378,"meium":0.668362812333512,"none":0.13735930617235362},"expressive":{"dir-action":0.0006049606841786862,"dir-explicit":0.2702754019331434,"dir-speech":0.3849981280850001,"indirect":0.11841184315166253,"writing-device":0.22570966614601531}},{"id":"1인혼족","permalink":"","username":"asdfg","text":"고기 부드럽고 냄새없어여\n막국수 면이좀불었는데 양념 마시있어여\n반찬 때문에 별하나뺏어여 야채가 좀덜싱싱하고 반찬들이 맛이별로ㅎㅎ\n전체적으로는 좋고 재주문의사있습니다\n배달도 빨랐어여","date":"Mon Dec 10 23:59:44 +0000 2018","retweets":"30","favorites":"20","mentions":[],"hashtags":[],"geo":"","raw":"고기 부드럽고 냄새없어여\n막국수 면이좀불었는데 양념 마시있어여\n반찬 때문에 별하나뺏어여 야채가 좀덜싱싱하고 반찬들이 맛이별로ㅎㅎ\n전체적으로는 좋고 재주문의사있습니다\n배달도 빨랐어여","polarity":{"com":0.006663598333777573,"pos":0.4914522093660968,"neg":0.3531496672235433,"neut":0.09709909967313995,"none":0.05163542540344237},"intensity":{"high":0.1883602806666667,"low":0.1605740736666667,"meium":0.5974813271333332,"none":0.05358431853333334},"expressive":{"dir-action":0.001353655000270731,"dir-explicit":0.24477687038228874,"dir-speech":0.253131623317293,"indirect":0.4451580028223649,"writing-device":0.05557984847778265}},{"id":"1인혼족","permalink":"","username":"asdfg","text":"걍 개존맛! 또 시켜먹을거에요!","date":"Mon Dec 10 23:59:44 +0000 2018","retweets":"30","favorites":"20","mentions":[],"hashtags":[],"geo":"","raw":"걍 개존맛! 또 시켜먹을거에요!","polarity":{"com":0,"pos":0.4952380951009524,"neg":0.4190476191161905,"neut":0,"none":0.08571428578285714},"intensity":{"high":0.022222222200000002,"low":0.044444444400000005,"meium":0.8476190476000001,"none":0.08571428580000001},"expressive":{"dir-action":0,"dir-explicit":0.073015873,"dir-speech":0.5126984128000001,"indirect":0.2,"writing-device":0.2142857142}},{"id":"1인혼족","permalink":"","username":"asdfg","text":"배달도 빠르고 생각보다 양도 많아요~\n매콤한게 먹고 싶었는데 딱 좋아하는 매콤매콤이라 진짜 맛있어요~\n리뷰이벤트 참여한거 못보시고 그냥 보냈다고 전화주셔서 감사합니다~ 담에 또 먹을거니까 그때 또 신청할께요~~~^^","date":"Mon Dec 10 23:59:44 +0000 2018","retweets":"30","favorites":"20","mentions":[],"hashtags":[],"geo":"","raw":"배달도 빠르고 생각보다 양도 많아요~\n매콤한게 먹고 싶었는데 딱 좋아하는 매콤매콤이라 진짜 맛있어요~\n리뷰이벤트 참여한거 못보시고 그냥 보냈다고 전화주셔서 감사합니다~ 담에 또 먹을거니까 그때 또 신청할께요~~~^^","polarity":{"com":0.0033017737892999067,"pos":0.5924267299688197,"neg":0.33201472487726236,"neut":0.039123025208467214,"none":0.033133746156150855},"intensity":{"high":0.09718715858406249,"low":0.08347006600439315,"meium":0.7858246040413591,"none":0.03351817137018517},"expressive":{"dir-action":0.0008371699474124825,"dir-explicit":0.2076993706425105,"dir-speech":0.49998687813157816,"indirect":0.22351477401176395,"writing-device":0.06796180726673481}},{"id":"1인혼족","permalink":"","username":"asdfg","text":"다음에또시켜먹을게요 존맛","date":"Mon Dec 10 23:59:44 +0000 2018","retweets":"30","favorites":"20","mentions":[],"hashtags":[],"geo":"","raw":"다음에또시켜먹을게요 존맛","polarity":{"com":0,"pos":0.3690476189077381,"neg":0.5238095238690477,"neut":0,"none":0.10714285722321429},"intensity":{"high":0.02777777775,"low":0.0555555555,"meium":0.8095238095,"none":0.10714285725},"expressive":{"dir-action":0,"dir-explicit":0.09126984125,"dir-speech":0.765873016,"indirect":0,"writing-device":0.14285714275}},{"id":"1인혼족","permalink":"","username":"asdfg","text":"항상먹어도 꿀맛입니다 믿고 시키세요","date":"Mon Dec 10 23:59:44 +0000 2018","retweets":"30","favorites":"20","mentions":[],"hashtags":[],"geo":"","raw":"항상먹어도 꿀맛입니다 믿고 시키세요","polarity":{"com":0.00571895425,"pos":0.42973856200000005,"neg":0.48611111124999995,"neut":0.022875817,"none":0.0555555555},"intensity":{"high":0.07352941175,"low":0.18709150324999999,"meium":0.6838235295,"none":0.0555555555},"expressive":{"dir-action":0,"dir-explicit":0.31290849682822713,"dir-speech":0.38398692809599677,"indirect":0.2426470588106618,"writing-device":0.060457516265114385}},{"id":"1인혼족","permalink":"","username":"asdfg","text":"여러분 여기 진짜 맛있습니다 라이브 에이드 방송 할 때 야식으로 시켜먹었는데 지금 생각나서 또 시킵니다...!","date":"Mon Dec 10 23:59:44 +0000 2018","retweets":"30","favorites":"20","mentions":[],"hashtags":[],"geo":"","raw":"여러분 여기 진짜 맛있습니다 라이브 에이드 방송 할 때 야식으로 시켜먹었는데 지금 생각나서 또 시킵니다...!","polarity":{"com":0,"pos":0.38188002460517717,"neg":0.5179344465663044,"neut":0.038961038988868275,"none":0.06122448983965015},"intensity":{"high":0.028860028857142856,"low":0.07070707071428571,"meium":0.8392084105714286,"none":0.06122448985714286},"expressive":{"dir-action":0,"dir-explicit":0.07812822099999998,"dir-speech":0.7926200784285714,"indirect":0.04761904757142857,"writing-device":0.08163265299999999}},{"id":"1인혼족","permalink":"","username":"asdfg","text":"월요일이 생일이었는데 방콕이고 서글퍼서 시켜먹었지만 처음시켰었는데 맛있게 먹었었어요~~","date":"Mon Dec 10 23:59:44 +0000 2018","retweets":"30","favorites":"20","mentions":[],"hashtags":[],"geo":"","raw":"월요일이 생일이었는데 방콕이고 서글퍼서 시켜먹었지만 처음시켰었는데 맛있게 먹었었어요~~","polarity":{"com":0.0313493972812358,"pos":0.32831399809595513,"neg":0.5164474013547932,"neut":0.03873032328018138,"none":0.08515887998783445},"intensity":{"high":0.08326443632139903,"low":0.1057145323310205,"meium":0.7252328247393856,"none":0.08578820660819494},"expressive":{"dir-action":0.0006293265714285715,"dir-explicit":0.28297956485714293,"dir-speech":0.5357984604285715,"indirect":0.08920220071428574,"writing-device":0.09139044742857144}},{"id":"1인혼족","permalink":"","username":"asdfg","text":"가격대비 양 엄청 많구요\n굴도 먹을수 있어서 좋았어요\n배달도 말도 안되게 빠르구요\n1인혼족인데 너무 양이 많아서 흠이네요^^","date":"Mon Dec 10 23:59:44 +0000 2018","retweets":"30","favorites":"20","mentions":[],"hashtags":[],"geo":"","raw":"가격대비 양 엄청 많구요\n굴도 먹을수 있어서 좋았어요\n배달도 말도 안되게 빠르구요\n1인혼족인데 너무 양이 많아서 흠이네요^^","polarity":{"com":0.015057817999999999,"pos":0.4897467437692307,"neg":0.3474205021538461,"neut":0.02314734146153846,"none":0.12462759461538461},"intensity":{"high":0.13391744656936555,"low":0.19469526489108352,"meium":0.5467596938954061,"none":0.12462759464414482},"expressive":{"dir-action":0,"dir-explicit":0.35432846495033293,"dir-speech":0.22578842017121448,"indirect":0.29278837956098375,"writing-device":0.12709473531746882}},{"id":"1인혼족","permalink":"","username":"asdfg","text":"급 굴보쌈이 땡겨서 시켜먹었는데\n기대를 저버리지않고 너무 맛있었어요","date":"Mon Dec 10 23:59:44 +0000 2018","retweets":"30","favorites":"20","mentions":[],"hashtags":[],"geo":"","raw":"급 굴보쌈이 땡겨서 시켜먹었는데\n기대를 저버리지않고 너무 맛있었어요","polarity":{"com":0.0347388294,"pos":0.5815817076,"neg":0.364296203,"neut":0.0176211454,"none":0.0017621146000000002},"intensity":{"high":0.1719390252343878,"low":0.09944759101988952,"meium":0.7259702119451941,"none":0.0026431718005286344},"expressive":{"dir-action":0.0008810572001762115,"dir-explicit":0.44154954188830997,"dir-speech":0.2849451088569891,"indirect":0.2699811202539963,"writing-device":0.002643171800528635}},{"id":"1인혼족","permalink":"","username":"asdfg","text":"진짜 맛은 있었는데 너무 식어서 왔어요 ㅠ\n가격에 비해서 양도 조금 적었고","date":"Mon Dec 10 23:59:44 +0000 2018","retweets":"30","favorites":"20","mentions":[],"hashtags":[],"geo":"","raw":"진짜 맛은 있었는데 너무 식어서 왔어요 ㅠ\n가격에 비해서 양도 조금 적었고","polarity":{"com":0.025297619,"pos":0.5565476190000002,"neg":0.2291666666666667,"neut":0.11309523816666668,"none":0.07589285716666667},"intensity":{"high":0.07886904766666666,"low":0.1398809525,"meium":0.7053571426666667,"none":0.07589285716666667},"expressive":{"dir-action":0,"dir-explicit":0.36607142843898816,"dir-speech":0.31994047628001,"indirect":0.23809523812698416,"writing-device":0.07589285715401788}},{"id":"1인혼족","permalink":"","username":"asdfg","text":"반찬에서 머리카락이 나와서 전화드렸더니 다시 배달해주시고 친절하셔서 좋았습니다 맛도 괜찮았고 1인이 먹기에 푸짐해서 좋았어요!\n다만 양념이 너무 많아 좀 짰던거만 빼면 모두 좋았습니다~","date":"Mon Dec 10 23:59:44 +0000 2018","retweets":"30","favorites":"20","mentions":[],"hashtags":[],"geo":"","raw":"반찬에서 머리카락이 나와서 전화드렸더니 다시 배달해주시고 친절하셔서 좋았습니다 맛도 괜찮았고 1인이 먹기에 푸짐해서 좋았어요!\n다만 양념이 너무 많아 좀 짰던거만 빼면 모두 좋았습니다~","polarity":{"com":0.0034852056666666666,"pos":0.6790536618888888,"neg":0.23392945944444443,"neut":0.011154164944444444,"none":0.07237750805555555},"intensity":{"high":0.07672142183333334,"low":0.08992024277777778,"meium":0.7605750451666666,"none":0.07278329022222223},"expressive":{"dir-action":0.0008836793888888889,"dir-explicit":0.18918603705555556,"dir-speech":0.4539667163333333,"indirect":0.25564144788888893,"writing-device":0.10032211933333333}},{"id":"1인혼족","permalink":"","username":"asdfg","text":"양도 괜찮았고 너무 맛있게 잘먹었어요!!","date":"Mon Dec 10 23:59:44 +0000 2018","retweets":"30","favorites":"20","mentions":[],"hashtags":[],"geo":"","raw":"양도 괜찮았고 너무 맛있게 잘먹었어요!!","polarity":{"com":0.050000000016666664,"pos":0.35714285711904764,"neg":0.4190476191396826,"neut":0.028571428342857145,"none":0.14523809538174604},"intensity":{"high":0.09523809533333331,"low":0.15714285699999997,"meium":0.6023809523333333,"none":0.14523809533333332},"expressive":{"dir-action":0,"dir-explicit":0.32380952355873016,"dir-speech":0.24285714291904759,"indirect":0.29047619056984125,"writing-device":0.14285714295238094}},{"id":"1인혼족","permalink":"","username":"asdfg","text":"앗!!! 이렇게 맛있을수가!!! 정말 짱입니다~","date":"Mon Dec 10 23:59:44 +0000 2018","retweets":"30","favorites":"20","mentions":[],"hashtags":[],"geo":"","raw":"앗!!! 이렇게 맛있을수가!!! 정말 짱입니다~","polarity":{"com":0.00571895425,"pos":0.28390522875,"neg":0.40277777775,"neut":0.022875817,"none":0.28472222225},"intensity":{"high":0.15686274503921568,"low":0.020424836505106212,"meium":0.5379901961344975,"none":0.28472222232118055},"expressive":{"dir-action":0,"dir-explicit":0.2295751635,"dir-speech":0.36315359475,"indirect":0.11764705875,"writing-device":0.289624183}},{"id":"1인혼족","permalink":"","username":"asdfg","text":"불족발 너무 맛있어요","date":"Mon Dec 10 23:59:44 +0000 2018","retweets":"30","favorites":"20","mentions":[],"hashtags":[],"geo":"","raw":"불족발 너무 맛있어요","polarity":{"com":0.07142857150000001,"pos":0.07142857150000001,"neg":0.857142857,"neut":0,"none":0},"intensity":{"high":0.07142857150000001,"low":0.07142857150000001,"meium":0.857142857,"none":0},"expressive":{"dir-action":0,"dir-explicit":0.7857142855,"dir-speech":0.142857143,"indirect":0.0714285715,"writing-device":0}},{"id":"1인혼족","permalink":"","username":"asdfg","text":"양보고 좀 놀랐습니다. 맛나게먹었구요 ㅎㅎㅎㅎ 옛날도시락 나쁘지않은것같아요 소시지가 더 맛난 옛날소시지면 행복할텐데... \n다 엄청 이쁘게 담아주시구 음료 서비스도 주셔서 맛있게 잘먹었습니다 ㅎㅎ \n마늘도 맵지않은 통마늘이라 맛났어요 ~!! 또올게요 많이파세요","date":"Mon Dec 10 23:59:44 +0000 2018","retweets":"30","favorites":"20","mentions":[],"hashtags":[],"geo":"","raw":"양보고 좀 놀랐습니다. 맛나게먹었구요 ㅎㅎㅎㅎ 옛날도시락 나쁘지않은것같아요 소시지가 더 맛난 옛날소시지면 행복할텐데... \n다 엄청 이쁘게 담아주시구 음료 서비스도 주셔서 맛있게 잘먹었습니다 ㅎㅎ \n마늘도 맵지않은 통마늘이라 맛났어요 ~!! 또올게요 많이파세요","polarity":{"com":0.004209461555321697,"pos":0.4360103285313327,"neg":0.34154815936991395,"neut":0.04995560071944691,"none":0.16827644982398465},"intensity":{"high":0.10211177857257418,"low":0.1493557648026704,"meium":0.580256006763376,"none":0.1682764498613794},"expressive":{"dir-action":0,"dir-explicit":0.2440662050839926,"dir-speech":0.353723612127364,"indirect":0.22312607664187487,"writing-device":0.1790841061467684}},{"id":"1인혼족","permalink":"","username":"asdfg","text":"배달빠르고 족발이 쫄깃하고부드러워요\n맛있어요~","date":"Mon Dec 10 23:59:44 +0000 2018","retweets":"30","favorites":"20","mentions":[],"hashtags":[],"geo":"","raw":"배달빠르고 족발이 쫄깃하고부드러워요\n맛있어요~","polarity":{"com":0.010972205600000002,"pos":0.6088661350000001,"neg":0.349366988,"neut":0.024227751999999998,"none":0.0065669194},"intensity":{"high":0.04396819720879364,"low":0.04324853480864971,"meium":0.9047346907809469,"none":0.008048577201609715},"expressive":{"dir-action":0.0014816578002963315,"dir-explicit":0.3452818456690564,"dir-speech":0.49026471409805294,"indirect":0.15492320523098463,"writing-device":0.008048577201609715}},{"id":"1인혼족","permalink":"","username":"asdfg","text":"맛있게 먹고 있다가 진짜 괜찮아서 도중에 사진찍었어요  양도 괜찮고 배달도 빠르게 오고 사장님도 친절하게 전화해주셔서 리뷰 남겼습니다. 추천!","date":"Mon Dec 10 23:59:44 +0000 2018","retweets":"30","favorites":"20","mentions":[],"hashtags":[],"geo":"","raw":"맛있게 먹고 있다가 진짜 괜찮아서 도중에 사진찍었어요  양도 괜찮고 배달도 빠르게 오고 사장님도 친절하게 전화해주셔서 리뷰 남겼습니다. 추천!","polarity":{"com":0.0030582320909090907,"pos":0.5858818600000001,"neg":0.24331797245454548,"neut":0.08597961172727274,"none":0.08176232372727273},"intensity":{"high":0.07908578872727273,"low":0.08184145590909091,"meium":0.7571149281818182,"none":0.08195782718181818},"expressive":{"dir-action":0.0005865102726206346,"dir-explicit":0.11281478379767006,"dir-speech":0.3793092212037619,"indirect":0.4268258622860317,"writing-device":0.08046362243991571}},{"id":"1인혼족","permalink":"","username":"asdfg","text":"주문도 빨리오고 혼자 족발시켜먹기 부담스러운데 여긴 딱 좋은거같아요 맛도 좋아요 자주시켜먹을거같아요 수고하세요","date":"Mon Dec 10 23:59:44 +0000 2018","retweets":"30","favorites":"20","mentions":[],"hashtags":[],"geo":"","raw":"주문도 빨리오고 혼자 족발시켜먹기 부담스러운데 여긴 딱 좋은거같아요 맛도 좋아요 자주시켜먹을거같아요 수고하세요","polarity":{"com":0.0012903226,"pos":0.49411230573333337,"neg":0.49180884120000007,"neut":0.005591397866666668,"none":0.007197132600000001},"intensity":{"high":0.08635603345515253,"low":0.09900119472013318,"meium":0.807302270025693,"none":0.007340501799021266},"expressive":{"dir-action":0.007837514999999998,"dir-explicit":0.3490800478,"dir-speech":0.29075268819999994,"indirect":0.21179928306666668,"writing-device":0.14053046593333335}},{"id":"1인혼족","permalink":"","username":"asdfg","text":"정말정말맛있어요!! 리뷰이벤을떠나서 ㅋㅋㅋㅋ 이렇게 혼자서도 맛있게 보쌈을 ㅠㅠㅠ 먹을수있다니 ㅋㅋㅋ 쌈도 푸짐하고 뭐니뭐니 마늘도 넘나 많이 통에주시고 막국수며 무김치며 너무너무 맛있습니다!!","date":"Mon Dec 10 23:59:44 +0000 2018","retweets":"30","favorites":"20","mentions":[],"hashtags":[],"geo":"","raw":"정말정말맛있어요!! 리뷰이벤을떠나서 ㅋㅋㅋㅋ 이렇게 혼자서도 맛있게 보쌈을 ㅠㅠㅠ 먹을수있다니 ㅋㅋㅋ 쌈도 푸짐하고 뭐니뭐니 마늘도 넘나 많이 통에주시고 막국수며 무김치며 너무너무 맛있습니다!!","polarity":{"com":0.015674918588235297,"pos":0.3225704695882352,"neg":0.43113281352941174,"neut":0.02727811841176471,"none":0.20334367988235294},"intensity":{"high":0.07911398794117648,"low":0.1805195951764706,"meium":0.5368460897647058,"none":0.20352032711764706},"expressive":{"dir-action":0.0010598834116400137,"dir-explicit":0.16150478203982296,"dir-speech":0.48971029853062226,"indirect":0.14511191862998685,"writing-device":0.2026131173879278}},{"id":"1인혼족","permalink":"","username":"asdfg","text":"맛있게 잘 먹었어요!","date":"Mon Dec 10 23:59:44 +0000 2018","retweets":"30","favorites":"20","mentions":[],"hashtags":[],"geo":"","raw":"맛있게 잘 먹었어요!","polarity":{"com":0,"pos":0.35714285717857136,"neg":0.6071428573035714,"neut":0.03571428551785714,"none":0},"intensity":{"high":0,"low":0.107142857,"meium":0.8928571430000001,"none":0},"expressive":{"dir-action":0,"dir-explicit":0.107142857,"dir-speech":0.5714285715,"indirect":0.3214285715,"writing-device":0}},{"id":"1인혼족","permalink":"","username":"asdfg","text":"배달 정말 빨라요 ㅎ\n야채가 조금 더 많았으면 좋겠습니다.","date":"Mon Dec 10 23:59:44 +0000 2018","retweets":"30","favorites":"20","mentions":[],"hashtags":[],"geo":"","raw":"배달 정말 빨라요 ㅎ\n야채가 조금 더 많았으면 좋겠습니다.","polarity":{"com":0.0035714286000000004,"pos":0.5661428572,"neg":0.40085714280000007,"neut":0.016071428600000003,"none":0.013357142800000001},"intensity":{"high":0.17214285720000003,"low":0.12942857140000003,"meium":0.6832857142,"none":0.015142857200000002},"expressive":{"dir-action":0,"dir-explicit":0.19499999999999998,"dir-speech":0.5025000000000001,"indirect":0.2891428572,"writing-device":0.0133571428}},{"id":"1인혼족","permalink":"","username":"asdfg","text":"푸짐하고 맛있네요 불족 매콤하니 좋아요!","date":"Mon Dec 10 23:59:44 +0000 2018","retweets":"30","favorites":"20","mentions":[],"hashtags":[],"geo":"","raw":"푸짐하고 맛있네요 불족 매콤하니 좋아요!","polarity":{"com":0.009609609600000001,"pos":0.4290450452,"neg":0.5305225223999999,"neut":0.0132132132,"none":0.0176096096},"intensity":{"high":0.08564564560000001,"low":0.041633633600000004,"meium":0.8539099099999999,"none":0.0188108108},"expressive":{"dir-action":0.0012012012000000003,"dir-explicit":0.44492492480000007,"dir-speech":0.276036036,"indirect":0.25902702720000004,"writing-device":0.018810810800000004}},{"id":"1인혼족","permalink":"","username":"asdfg","text":"혼자서 보쌈을 먹을수 있는게 가장 큰 메리트인거 같아요\n맛도 괜찮고 배달도 빨랐습니다\n원래는 쌈채소도 같이 주는 거니까 참고하셔서 주문하세요","date":"Mon Dec 10 23:59:44 +0000 2018","retweets":"30","favorites":"20","mentions":[],"hashtags":[],"geo":"","raw":"혼자서 보쌈을 먹을수 있는게 가장 큰 메리트인거 같아요\n맛도 괜찮고 배달도 빨랐습니다\n원래는 쌈채소도 같이 주는 거니까 참고하셔서 주문하세요","polarity":{"com":0.0020217688236483394,"pos":0.5250159927367657,"neg":0.3631517683154795,"neut":0.03473078311969005,"none":0.07507968700441645},"intensity":{"high":0.07718347029411765,"low":0.15690556970588235,"meium":0.688126742882353,"none":0.07778421711764706},"expressive":{"dir-action":0.0006761325294515372,"dir-explicit":0.22584884066034405,"dir-speech":0.47725369861630906,"indirect":0.15726889806807462,"writing-device":0.13895243012582073}},{"id":"1인혼족","permalink":"","username":"asdfg","text":"배송 빠르고 맛나요","date":"Mon Dec 10 23:59:44 +0000 2018","retweets":"30","favorites":"20","mentions":[],"hashtags":[],"geo":"","raw":"배송 빠르고 맛나요","polarity":{"com":0,"pos":1,"neg":0,"neut":0,"none":0},"intensity":{"high":0,"low":0.1666666665,"meium":0.8333333334999999,"none":0},"expressive":{"dir-action":0,"dir-explicit":0,"dir-speech":0.5,"indirect":0.5,"writing-device":0}},{"id":"1인혼족","permalink":"","username":"asdfg","text":"고기도부드럽고맛나네요배부르게잘먹었어요","date":"Mon Dec 10 23:59:44 +0000 2018","retweets":"30","favorites":"20","mentions":[],"hashtags":[],"geo":"","raw":"고기도부드럽고맛나네요배부르게잘먹었어요","polarity":{"com":0,"pos":0.5714285715238094,"neg":0.07142857135714285,"neut":0.35714285711904764,"none":0},"intensity":{"high":0,"low":0.07142857133333333,"meium":0.9285714286666668,"none":0},"expressive":{"dir-action":0,"dir-explicit":0.4047619046666666,"dir-speech":0.38095238099999995,"indirect":0.2142857143333333,"writing-device":0}},{"id":"1인혼족","permalink":"","username":"asdfg","text":"좋아요","date":"Mon Dec 10 23:59:44 +0000 2018","retweets":"30","favorites":"20","mentions":[],"hashtags":[],"geo":"","raw":"좋아요","polarity":{"com":0,"pos":0.92,"neg":0.04,"neut":0,"none":0.04},"intensity":{"high":0.2,"low":0.04,"meium":0.72,"none":0.04},"expressive":{"dir-action":0,"dir-explicit":0.6,"dir-speech":0.2,"indirect":0.16,"writing-device":0.04}},{"id":"1인혼족","permalink":"","username":"asdfg","text":"혼자 식사대용으로는 괜찮을것같아요 \n고기많이좋아해서 먹는분들은 모자를듯 \n전 술안주로해서 먹는데 맛있게 먹고있어요\n막국수 서비스로받았는데 새콤해서 맛있어요","date":"Mon Dec 10 23:59:44 +0000 2018","retweets":"30","favorites":"20","mentions":[],"hashtags":[],"geo":"","raw":"혼자 식사대용으로는 괜찮을것같아요 \n고기많이좋아해서 먹는분들은 모자를듯 \n전 술안주로해서 먹는데 맛있게 먹고있어요\n막국수 서비스로받았는데 새콤해서 맛있어요","polarity":{"com":0.0014367816249999997,"pos":0.3167610374375,"neg":0.4663198006874999,"neut":0.1472710178125,"none":0.06821136243749998},"intensity":{"high":0.04524979255401565,"low":0.23666673283062492,"meium":0.6484353305659184,"none":0.06964814404944096},"expressive":{"dir-action":0.0014367816250897988,"dir-explicit":0.18585791369911617,"dir-speech":0.5711522904731969,"indirect":0.16803924351050248,"writing-device":0.07351377069209461}},{"id":"1인혼족","permalink":"","username":"asdfg","text":"족발 양도 좋고 맛도 제가 배달시킨 족발들중 가장 맛있어요 반찬도 푸짐하고요\n막국수 양이 조금 적긴한데 서비스로 받은거고 정말 맛있슴다ㅋㅋ","date":"Mon Dec 10 23:59:44 +0000 2018","retweets":"30","favorites":"20","mentions":[],"hashtags":[],"geo":"","raw":"족발 양도 좋고 맛도 제가 배달시킨 족발들중 가장 맛있어요 반찬도 푸짐하고요\n막국수 양이 조금 적긴한데 서비스로 받은거고 정말 맛있슴다ㅋㅋ","polarity":{"com":0.009675383332527052,"pos":0.6540810858621599,"neg":0.29199937422566674,"neut":0.017341273498554893,"none":0.026902883081091428},"intensity":{"high":0.11670328299999999,"low":0.12066008574999999,"meium":0.7312204891666667,"none":0.031416142083333334},"expressive":{"dir-action":0.0006173574167695596,"dir-explicit":0.18282255486380378,"dir-speech":0.460921424243487,"indirect":0.32543025088757177,"writing-device":0.030208412588368073}},{"id":"1인혼족","permalink":"","username":"asdfg","text":"혼자 먹기에 딱 알맞은거 같아요. 맛있게 잘 먹었습니다~","date":"Mon Dec 10 23:59:44 +0000 2018","retweets":"30","favorites":"20","mentions":[],"hashtags":[],"geo":"","raw":"혼자 먹기에 딱 알맞은거 같아요. 맛있게 잘 먹었습니다~","polarity":{"com":0,"pos":0.23809523807936508,"neg":0.7380952382460317,"neut":0.023809523674603175,"none":0},"intensity":{"high":0,"low":0.18253968233333331,"meium":0.8174603176666667,"none":0},"expressive":{"dir-action":0,"dir-explicit":0.07142857133333333,"dir-speech":0.26984126999999997,"indirect":0.3253968253333333,"writing-device":0.3333333333333333}},{"id":"1인혼족","permalink":"","username":"asdfg","text":"너무 맛있어요~\n배달도 빠르고 양도 푸짐하네요ㅎㅎ\n김치가 좀 더 많았으면.. 하는 아쉬움이 있어요..\n막국수도 같이 시킬걸 후회하면서 먹었어요!\n사진을 못 찍어서 속상하네요 ㅠ.ㅠ\n다음엔 막국수도 같이 시켜야겠어요!!","date":"Mon Dec 10 23:59:44 +0000 2018","retweets":"30","favorites":"20","mentions":[],"hashtags":[],"geo":"","raw":"너무 맛있어요~\n배달도 빠르고 양도 푸짐하네요ㅎㅎ\n김치가 좀 더 많았으면.. 하는 아쉬움이 있어요..\n막국수도 같이 시킬걸 후회하면서 먹었어요!\n사진을 못 찍어서 속상하네요 ㅠ.ㅠ\n다음엔 막국수도 같이 시켜야겠어요!!","polarity":{"com":0.013266760389625931,"pos":0.4146927563008163,"neg":0.4365180598020288,"neut":0.042171322391231746,"none":0.09335110111629728},"intensity":{"high":0.11225707243820794,"low":0.10106167860549657,"meium":0.6919092386282273,"none":0.09477201032806823},"expressive":{"dir-action":0.0011638260554908987,"dir-explicit":0.21846935787675173,"dir-speech":0.4109179290327268,"indirect":0.2739270602070041,"writing-device":0.09552182682802657}},{"id":"1인혼족","permalink":"","username":"asdfg","text":"주문 10분째 접수중 . 전화는 받지 않고.\n배달30분예정. 한시간 되서 배달오고.\n\n1인음식점 답게 양은 그렇다 치고 \n맛은 쏘쏘하게 잘먹었다고 생각하고 양배추 샐러드 한입 배어먹는 찰라 한 20센치 되는 갈색 머리가 나오네? 사진찍기도 역겹고 여태 쳐먹은거 개어낼뻔 했읍니다 다신 안시킨다.","date":"Mon Dec 10 23:59:44 +0000 2018","retweets":"30","favorites":"20","mentions":[],"hashtags":[],"geo":"","raw":"주문 10분째 접수중 . 전화는 받지 않고.\n배달30분예정. 한시간 되서 배달오고.\n\n1인음식점 답게 양은 그렇다 치고 \n맛은 쏘쏘하게 잘먹었다고 생각하고 양배추 샐러드 한입 배어먹는 찰라 한 20센치 되는 갈색 머리가 나오네? 사진찍기도 역겹고 여태 쳐먹은거 개어낼뻔 했읍니다 다신 안시킨다.","polarity":{"com":0.004292454518359539,"pos":0.5912347952003247,"neg":0.2484761583982046,"neut":0.08246125329324219,"none":0.07353533858986905},"intensity":{"high":0.07716350680624108,"low":0.12730381131918844,"meium":0.7210662675865481,"none":0.07446641428802224},"expressive":{"dir-action":0.02578173281481481,"dir-explicit":0.22160083207407408,"dir-speech":0.43684621077777774,"indirect":0.21976546481481482,"writing-device":0.09600575951851854}},{"id":"1인혼족","permalink":"","username":"asdfg","text":"배달도 빠르고 맛있었어요 다음에 또 이용할게요","date":"Mon Dec 10 23:59:44 +0000 2018","retweets":"30","favorites":"20","mentions":[],"hashtags":[],"geo":"","raw":"배달도 빠르고 맛있었어요 다음에 또 이용할게요","polarity":{"com":0.0032258064994623655,"pos":0.44316436242613927,"neg":0.4635432667560761,"neut":0.013978494664336918,"none":0.07608806965398532},"intensity":{"high":0.023297491,"low":0.07491039416666667,"meium":0.8253456221666666,"none":0.07644649266666667},"expressive":{"dir-action":0.0010752688333333334,"dir-explicit":0.07613927300000001,"dir-speech":0.5967229903333334,"indirect":0.2261648745,"writing-device":0.09989759333333333}},{"id":"1인혼족","permalink":"","username":"asdfg","text":"우선 배달해주신분이 너무친절하심에 놀라고\n양이 많아 놀라고 맛있어서 놀랐어요ㅋㅋㅋ\n리뷰이벤트로 주신 막국수도 맛있었고  족발도 맛있었고 가격대비 대만족했어요  잘먹었습니다~~~","date":"Mon Dec 10 23:59:44 +0000 2018","retweets":"30","favorites":"20","mentions":[],"hashtags":[],"geo":"","raw":"우선 배달해주신분이 너무친절하심에 놀라고\n양이 많아 놀라고 맛있어서 놀랐어요ㅋㅋㅋ\n리뷰이벤트로 주신 막국수도 맛있었고  족발도 맛있었고 가격대비 대만족했어요  잘먹었습니다~~~","polarity":{"com":0.003785385143127527,"pos":0.32617282530901226,"neg":0.2958587362354185,"neut":0.23651572830260822,"none":0.13766732500983336},"intensity":{"high":0.05901098164707222,"low":0.06375046500455361,"meium":0.7392640086242331,"none":0.13797454472414106},"expressive":{"dir-action":0.0009216589999341673,"dir-explicit":0.1596721718457377,"dir-speech":0.2535354113390332,"indirect":0.4492238409679125,"writing-device":0.13664691684738237}},{"id":"1인혼족","permalink":"","username":"asdfg","text":"그냥그냥그냥그냥 괜찮네","date":"Mon Dec 10 23:59:44 +0000 2018","retweets":"30","favorites":"20","mentions":[],"hashtags":[],"geo":"","raw":"그냥그냥그냥그냥 괜찮네","polarity":{"com":0,"pos":0,"neg":1,"neut":0,"none":0},"intensity":{"high":0,"low":0,"meium":1,"none":0},"expressive":{"dir-action":0,"dir-explicit":0,"dir-speech":1,"indirect":0,"writing-device":0}}]