[{"id":"장충동할매족발보쌈","permalink":"","username":"asdfg","text":"친구들이랑먹었는데 진짜맛있어요 애들도맛있다고했어요","date":"Mon Dec 10 23:59:44 +0000 2018","retweets":"30","favorites":"20","mentions":[],"hashtags":[],"geo":"","raw":"친구들이랑먹었는데 진짜맛있어요 애들도맛있다고했어요","polarity":{"com":0.0031061849999999996,"pos":0.256020799,"neg":0.5662561578333333,"neut":0.013875205166666668,"none":0.16074165299999998},"intensity":{"high":0.06148513048975248,"low":0.07715745298714043,"meium":0.6987000547168833,"none":0.16265736180622375},"expressive":{"dir-action":0.11302681999999999,"dir-explicit":0.09480934133333334,"dir-speech":0.41526181349999997,"indirect":0.211603722,"writing-device":0.1652983031666667}},{"id":"장충동할매족발보쌈","permalink":"","username":"asdfg","text":"족발이 너무오래된듯  합니다","date":"Mon Dec 10 23:59:44 +0000 2018","retweets":"30","favorites":"20","mentions":[],"hashtags":[],"geo":"","raw":"족발이 너무오래된듯  합니다","polarity":{"com":0,"pos":0.25,"neg":0.6666666665000001,"neut":0,"none":0.0833333335},"intensity":{"high":0,"low":0.08333333345833334,"meium":0.8333333330833335,"none":0.08333333345833334},"expressive":{"dir-action":0,"dir-explicit":0.0833333335,"dir-speech":0.6666666665000001,"indirect":0.1666666665,"writing-device":0.0833333335}},{"id":"장충동할매족발보쌈","permalink":"","username":"asdfg","text":"보쌈이아니라수육에 신김치싸먹으라고 보내셨네요전단지에 올려논 사진은 보쌈김친데음식가지고장난치시나요?","date":"Mon Dec 10 23:59:44 +0000 2018","retweets":"30","favorites":"20","mentions":[],"hashtags":[],"geo":"","raw":"보쌈이아니라수육에 신김치싸먹으라고 보내셨네요전단지에 올려논 사진은 보쌈김친데음식가지고장난치시나요?","polarity":{"com":0.124999999984375,"pos":0.529671717183791,"neg":0.16603535360424557,"neut":0.025252525246843432,"none":0.15404040398074498},"intensity":{"high":0.0713383838660827,"low":0.06691919186663509,"meium":0.7077020202865372,"none":0.15404040398074498},"expressive":{"dir-action":0.083333333375,"dir-explicit":0.07575757575,"dir-speech":0.22853535362499997,"indirect":0.45833333325000003,"writing-device":0.15404040400000002}},{"id":"장충동할매족발보쌈","permalink":"","username":"asdfg","text":"가격 대비 만족 합니다. .","date":"Mon Dec 10 23:59:44 +0000 2018","retweets":"30","favorites":"20","mentions":[],"hashtags":[],"geo":"","raw":"가격 대비 만족 합니다. .","polarity":{"com":0,"pos":0.5,"neg":0.5,"neut":0,"none":0},"intensity":{"high":0,"low":0,"meium":1,"none":0},"expressive":{"dir-action":0,"dir-explicit":0.5,"dir-speech":0,"indirect":0.5,"writing-device":0}},{"id":"장충동할매족발보쌈","permalink":"","username":"asdfg","text":"보쌈 앙도 많고 크기도 적당..고기 비율도 좋아 잘 먹었어요.","date":"Mon Dec 10 23:59:44 +0000 2018","retweets":"30","favorites":"20","mentions":[],"hashtags":[],"geo":"","raw":"보쌈 앙도 많고 크기도 적당..고기 비율도 좋아 잘 먹었어요.","polarity":{"com":0.0014285714002857145,"pos":0.5857142857171429,"neg":0.1085714286217143,"neut":0.2171428570434286,"none":0.0871428572174286},"intensity":{"high":0.028571428600000004,"low":0.0657142856,"meium":0.8185714286000001,"none":0.08714285720000002},"expressive":{"dir-action":0,"dir-explicit":0.47999999990400005,"dir-speech":0.2885714285422858,"indirect":0.14571428577085715,"writing-device":0.08571428578285716}},{"id":"장충동할매족발보쌈","permalink":"","username":"asdfg","text":"잘먹엇슺니다아아아아아아","date":"Mon Dec 10 23:59:44 +0000 2018","retweets":"30","favorites":"20","mentions":[],"hashtags":[],"geo":"","raw":"잘먹엇슺니다아아아아아아","polarity":{"com":0,"pos":0.7142857147142857,"neg":0.21428571421428572,"neut":0.07142857107142857,"none":0},"intensity":{"high":0,"low":0.214285714,"meium":0.785714286,"none":0},"expressive":{"dir-action":0,"dir-explicit":0.214285714,"dir-speech":0.142857143,"indirect":0.642857143,"writing-device":0}},{"id":"장충동할매족발보쌈","permalink":"","username":"asdfg","text":"족발이 얇게 썰어져서 좋았어요.","date":"Mon Dec 10 23:59:44 +0000 2018","retweets":"30","favorites":"20","mentions":[],"hashtags":[],"geo":"","raw":"족발이 얇게 썰어져서 좋았어요.","polarity":{"com":0.015418502,"pos":0.675859031,"neg":0.24026431699999998,"neut":0.0440528635,"none":0.0244052865},"intensity":{"high":0.1528634360764317,"low":0.08607929504303964,"meium":0.7344493393672246,"none":0.026607929513303964},"expressive":{"dir-action":0.0022026430011013215,"dir-explicit":0.5070484582535242,"dir-speech":0.2806167401403084,"indirect":0.1835242290917621,"writing-device":0.026607929513303968}},{"id":"장충동할매족발보쌈","permalink":"","username":"asdfg","text":"리브  이제  남기네요 푸짐하네요","date":"Mon Dec 10 23:59:44 +0000 2018","retweets":"30","favorites":"20","mentions":[],"hashtags":[],"geo":"","raw":"리브  이제  남기네요 푸짐하네요","polarity":{"com":0.012012012,"pos":0.4313063065,"neg":0.528153153,"neut":0.0165165165,"none":0.012012012},"intensity":{"high":0.182057057,"low":0.042042042,"meium":0.7623873875,"none":0.0135135135},"expressive":{"dir-action":0.0015015015000000005,"dir-explicit":0.15615615600000002,"dir-speech":0.5450450450000001,"indirect":0.28378378400000004,"writing-device":0.013513513500000003}},{"id":"장충동할매족발보쌈","permalink":"","username":"asdfg","text":"항상 맛있게 먹고있어요~~^^","date":"Mon Dec 10 23:59:44 +0000 2018","retweets":"30","favorites":"20","mentions":[],"hashtags":[],"geo":"","raw":"항상 맛있게 먹고있어요~~^^","polarity":{"com":0,"pos":0.6666666665000001,"neg":0.3333333335,"neut":0,"none":0},"intensity":{"high":0.0555555555,"low":0.111111111,"meium":0.8333333334999999,"none":0},"expressive":{"dir-action":0,"dir-explicit":0.361111111,"dir-speech":0.638888889,"indirect":0,"writing-device":0}},{"id":"장충동할매족발보쌈","permalink":"","username":"asdfg","text":"배달속도 조쿠요 배고파서 먹는중","date":"Mon Dec 10 23:59:44 +0000 2018","retweets":"30","favorites":"20","mentions":[],"hashtags":[],"geo":"","raw":"배달속도 조쿠요 배고파서 먹는중","polarity":{"com":0.00178571425,"pos":0.63690476175,"neg":0.248809524,"neut":0.0035714285,"none":0.1089285715},"intensity":{"high":0.0634920635,"low":0.16746031725,"meium":0.66011904775,"none":0.1089285715},"expressive":{"dir-action":0,"dir-explicit":0.2686507936828373,"dir-speech":0.6027777775993056,"indirect":0.02142857149464286,"writing-device":0.10714285722321429}},{"id":"장충동할매족발보쌈","permalink":"","username":"asdfg","text":"쟁반국수 살면서 먹은것중에 가장 맛없는거같습니다..족발도 머릿고기같은 느낌이고..제입맛엣 완전 별로인듯 해요","date":"Mon Dec 10 23:59:44 +0000 2018","retweets":"30","favorites":"20","mentions":[],"hashtags":[],"geo":"","raw":"쟁반국수 살면서 먹은것중에 가장 맛없는거같습니다..족발도 머릿고기같은 느낌이고..제입맛엣 완전 별로인듯 해요","polarity":{"com":0.007925801230159553,"pos":0.48086782611685625,"neg":0.39290857981593,"neut":0.0199026850753921,"none":0.09839510776166191},"intensity":{"high":0.0853330943076923,"low":0.07682745999999999,"meium":0.7369629483076923,"none":0.10087649738461538},"expressive":{"dir-action":0,"dir-explicit":0.25864619707692305,"dir-speech":0.3003254091538462,"indirect":0.26043847261538466,"writing-device":0.18058992115384612}},{"id":"장충동할매족발보쌈","permalink":"","username":"asdfg","text":"너무 맛있게 먹었습니다 ^^~","date":"Mon Dec 10 23:59:44 +0000 2018","retweets":"30","favorites":"20","mentions":[],"hashtags":[],"geo":"","raw":"너무 맛있게 먹었습니다 ^^~","polarity":{"com":0.0714285715,"pos":0.238095238,"neg":0.6904761905,"neut":0,"none":0},"intensity":{"high":0.126984127,"low":0.1825396825,"meium":0.6904761905,"none":0},"expressive":{"dir-action":0,"dir-explicit":0.3968253965,"dir-speech":0.531746032,"indirect":0.0714285715,"writing-device":0}},{"id":"장충동할매족발보쌈","permalink":"","username":"asdfg","text":"맛있어요 잘먹었습니다 ","date":"Mon Dec 10 23:59:44 +0000 2018","retweets":"30","favorites":"20","mentions":[],"hashtags":[],"geo":"","raw":"맛있어요 잘먹었습니다 ","polarity":{"com":0,"pos":0.35714285717857136,"neg":0.6071428573035714,"neut":0.03571428551785714,"none":0},"intensity":{"high":0,"low":0.107142857,"meium":0.8928571430000001,"none":0},"expressive":{"dir-action":0,"dir-explicit":0.107142857,"dir-speech":0.5714285715,"indirect":0.3214285715,"writing-device":0}},{"id":"장충동할매족발보쌈","permalink":"","username":"asdfg","text":"보족  세트 양 많네요 잘 먹었어요.","date":"Mon Dec 10 23:59:44 +0000 2018","retweets":"30","favorites":"20","mentions":[],"hashtags":[],"geo":"","raw":"보족  세트 양 많네요 잘 먹었어요.","polarity":{"com":0,"pos":0.5527950312763976,"neg":0.38975155269487577,"neut":0.0574534160287267,"none":0},"intensity":{"high":0.1304347825652174,"low":0.21583850910791927,"meium":0.6537267083268634,"none":0},"expressive":{"dir-action":0,"dir-explicit":0.3680124221840062,"dir-speech":0.1801242235900621,"indirect":0.45186335422593166,"writing-device":0}},{"id":"장충동할매족발보쌈","permalink":"","username":"asdfg","text":"보족세트 소자 양 많네요..잘 먹었어요","date":"Mon Dec 10 23:59:44 +0000 2018","retweets":"30","favorites":"20","mentions":[],"hashtags":[],"geo":"","raw":"보족세트 소자 양 많네요..잘 먹었어요","polarity":{"com":0,"pos":0.5527950312763976,"neg":0.38975155269487577,"neut":0.0574534160287267,"none":0},"intensity":{"high":0.1304347825652174,"low":0.21583850910791927,"meium":0.6537267083268634,"none":0},"expressive":{"dir-action":0,"dir-explicit":0.3680124221840062,"dir-speech":0.1801242235900621,"indirect":0.45186335422593166,"writing-device":0}},{"id":"장충동할매족발보쌈","permalink":"","username":"asdfg","text":"김치가 신김치였네요. 그래도 뭐 나쁘진않았습니다. 배고파서 그냥 먹었습니다.","date":"Mon Dec 10 23:59:44 +0000 2018","retweets":"30","favorites":"20","mentions":[],"hashtags":[],"geo":"","raw":"김치가 신김치였네요. 그래도 뭐 나쁘진않았습니다. 배고파서 그냥 먹었습니다.","polarity":{"com":0.008146592001629318,"pos":0.3227591036645518,"neg":0.5000000001,"neut":0.053419701210683936,"none":0.11567460302313491},"intensity":{"high":0.06398225961279645,"low":0.18538748823707749,"meium":0.633169934726634,"none":0.11746031742349207},"expressive":{"dir-action":0,"dir-explicit":0.1904061626,"dir-speech":0.5863562092,"indirect":0.10046685339999999,"writing-device":0.12277077480000001}},{"id":"장충동할매족발보쌈","permalink":"","username":"asdfg","text":"문자달라고 했는데 노크하시는 바람에........ 크흡ㅠ 밤 중에 자는사람들 다 깼어요..\n\n혼자 몰래 먹는거였는데ㅠㅠ","date":"Mon Dec 10 23:59:44 +0000 2018","retweets":"30","favorites":"20","mentions":[],"hashtags":[],"geo":"","raw":"문자달라고 했는데 노크하시는 바람에........ 크흡ㅠ 밤 중에 자는사람들 다 깼어요..\n\n혼자 몰래 먹는거였는데ㅠㅠ","polarity":{"com":0.048084909200000005,"pos":0.3071301445,"neg":0.48216536899999995,"neut":0.1402836485,"none":0.022335928799999998},"intensity":{"high":0.0865838585913416,"low":0.17481213688251876,"meium":0.7149035966285096,"none":0.023700407897629956},"expressive":{"dir-action":0.0017945866001794581,"dir-explicit":0.11971202571197119,"dir-speech":0.5952861204595286,"indirect":0.25742306262574227,"writing-device":0.02578420460257841}},{"id":"장충동할매족발보쌈","permalink":"","username":"asdfg","text":"ㅗ오렬해ㅗㅔㅜㅜㅜㅜ\n7춍얼러ㅑ햐햐햐햫ㄹㄹ허ㅕㅛㅗㄹㅎ해ㅛㅗ호ㅗㅗㅊㅇ7처처ㅗㅠㅣㅏㅠ","date":"Mon Dec 10 23:59:44 +0000 2018","retweets":"30","favorites":"20","mentions":[],"hashtags":[],"geo":"","raw":"ㅗ오렬해ㅗㅔㅜㅜㅜㅜ\n7춍얼러ㅑ햐햐햐햫ㄹㄹ허ㅕㅛㅗㄹㅎ해\nㅛㅗ호ㅗㅗㅊㅇ7처처ㅗㅠㅣㅏㅠ\n\n\n\n\n\n\n\n\n","polarity":{"com":0.0096774195,"pos":0.258064516,"neg":0.42634408600000007,"neut":0.041935484,"none":0.2639784945},"intensity":{"high":0.069892473,"low":0.058064516,"meium":0.3569892475,"none":0.5150537635000001},"expressive":{"dir-action":0.0032258065,"dir-explicit":0.1569892475,"dir-speech":0.147311828,"indirect":0.1784946235,"writing-device":0.5139784945}},{"id":"장충동할매족발보쌈","permalink":"","username":"asdfg","text":"여기 어이없네 휴대폰결제하기전에 미리 전화해서 물어보고 전화받는 아줌탱이가 언넝시키라고해서 시켯드만 바로 주문취소하네 씨벌 장난치자는건가? 웬만하면 욕안하겠는데 진짜 열받네 ","date":"Mon Dec 10 23:59:44 +0000 2018","retweets":"30","favorites":"20","mentions":[],"hashtags":[],"geo":"","raw":"여기 어이없네 휴대폰결제하기전에 미리 전화해서 물어보고 전화받는 아줌탱이가 언넝시키라고해서 시켯드만 바로 주문취소하네 씨벌 장난치자는건가? 웬만하면 욕안하겠는데 진짜 열받네 ","polarity":{"com":0.005145797059126224,"pos":0.5972553431527798,"neg":0.25963512319174314,"neut":0.02189691053069982,"none":0.116066826065651},"intensity":{"high":0.11205301791481106,"low":0.09507007415410118,"meium":0.675309842664633,"none":0.11756706526645483},"expressive":{"dir-action":0.004703119706159007,"dir-explicit":0.24159692277891748,"dir-speech":0.35413324272671365,"indirect":0.2791656397811274,"writing-device":0.12040107500708243}},{"id":"장충동할매족발보쌈","permalink":"","username":"asdfg","text":"주문한지 한시간이 넘도록 안와서 주문 취소했어요\n미안해하지도 않네요","date":"Mon Dec 10 23:59:44 +0000 2018","retweets":"30","favorites":"20","mentions":[],"hashtags":[],"geo":"","raw":"주문한지 한시간이 넘도록 안와서 주문 취소했어요\n미안해하지도 않네요","polarity":{"com":0.0037853851428571424,"pos":0.46148782085714285,"neg":0.42767994300000006,"neut":0.031879526,"none":0.07516732500000001},"intensity":{"high":0.16835363171428572,"low":0.12815448757142858,"meium":0.628017336,"none":0.07547454471428572},"expressive":{"dir-action":0.000921659,"dir-explicit":0.5386465877142858,"dir-speech":0.23077956985714287,"indirect":0.14657669514285715,"writing-device":0.08307548828571429}},{"id":"장충동할매족발보쌈","permalink":"","username":"asdfg","text":"사이드메뉴도  기대이상","date":"Mon Dec 10 23:59:44 +0000 2018","retweets":"30","favorites":"20","mentions":[],"hashtags":[],"geo":"","raw":"사이드메뉴도  기대이상","polarity":{"com":0.0035714285,"pos":0.23214285699999998,"neg":0.4767857145,"neut":0.069642857,"none":0.217857143},"intensity":{"high":0.13392857149999998,"low":0.11964285699999999,"meium":0.5285714285,"none":0.217857143},"expressive":{"dir-action":0,"dir-explicit":0.21785714289107141,"dir-speech":0.33749999983125,"indirect":0.2303571428848214,"writing-device":0.21428571439285712}},{"id":"장충동할매족발보쌈","permalink":"","username":"asdfg","text":"맛도 있지만 배달이 빨라서 맘에 들어요.\n","date":"Mon Dec 10 23:59:44 +0000 2018","retweets":"30","favorites":"20","mentions":[],"hashtags":[],"geo":"","raw":"맛도 있지만 배달이 빨라서 맘에 들어요.\n","polarity":{"com":0.0017857142,"pos":0.6678571428,"neg":0.2321428572,"neut":0.0071428572,"none":0.0910714286},"intensity":{"high":0.008928571400000002,"low":0.07738095240000002,"meium":0.8226190476,"none":0.09107142860000002},"expressive":{"dir-action":0,"dir-explicit":0.03928571420000001,"dir-speech":0.6410714286000001,"indirect":0.22857142860000004,"writing-device":0.09107142860000002}},{"id":"장충동할매족발보쌈","permalink":"","username":"asdfg","text":"맛있게 잘먹었습니다^^","date":"Mon Dec 10 23:59:44 +0000 2018","retweets":"30","favorites":"20","mentions":[],"hashtags":[],"geo":"","raw":"맛있게 잘먹었습니다^^","polarity":{"com":0,"pos":0.35714285717857136,"neg":0.6071428573035714,"neut":0.03571428551785714,"none":0},"intensity":{"high":0,"low":0.107142857,"meium":0.8928571430000001,"none":0},"expressive":{"dir-action":0,"dir-explicit":0.107142857,"dir-speech":0.5714285715,"indirect":0.3214285715,"writing-device":0}},{"id":"장충동할매족발보쌈","permalink":"","username":"asdfg","text":"서비스도 만족.\n친절해서 맘에 듭니다","date":"Mon Dec 10 23:59:44 +0000 2018","retweets":"30","favorites":"20","mentions":[],"hashtags":[],"geo":"","raw":"서비스도 만족.\n친절해서 맘에 듭니다","polarity":{"com":0.00483870975,"pos":0.47903225800000004,"neg":0.47150537625,"neut":0.03763440875,"none":0.00698924725},"intensity":{"high":0.06827956974999999,"low":0.32903225799999997,"meium":0.5951612905,"none":0.00752688175},"expressive":{"dir-action":0.0016129032504032257,"dir-explicit":0.41182795710295694,"dir-speech":0.2069892473017473,"indirect":0.3725806450931451,"writing-device":0.006989247251747312}},{"id":"장충동할매족발보쌈","permalink":"","username":"asdfg","text":"족발 쫄깃하고 윤기 좔~좔 \n침셈 자극 ㅎㅎ ","date":"Mon Dec 10 23:59:44 +0000 2018","retweets":"30","favorites":"20","mentions":[],"hashtags":[],"geo":"","raw":"족발 쫄깃하고 윤기 좔~좔 \n침셈 자극 ㅎㅎ ","polarity":{"com":0.012012012,"pos":0.3063063065,"neg":0.653153153,"neut":0.0165165165,"none":0.012012012},"intensity":{"high":0.057057057,"low":0.042042042,"meium":0.8873873875,"none":0.0135135135},"expressive":{"dir-action":0.0015015015000000005,"dir-explicit":0.6561561560000001,"dir-speech":0.045045045000000006,"indirect":0.28378378400000004,"writing-device":0.013513513500000003}},{"id":"장충동할매족발보쌈","permalink":"","username":"asdfg","text":"오랜만에 보쌈먹었는데  예전맛 그대로입니다.","date":"Mon Dec 10 23:59:44 +0000 2018","retweets":"30","favorites":"20","mentions":[],"hashtags":[],"geo":"","raw":"오랜만에 보쌈먹었는데  예전맛 그대로입니다.","polarity":{"com":0,"pos":0.6444444443333334,"neg":0.3555555556666667,"neut":0,"none":0},"intensity":{"high":0.037037037,"low":0.14074074066666667,"meium":0.8222222223333334,"none":0},"expressive":{"dir-action":0,"dir-explicit":0.20740740733333332,"dir-speech":0.32592592600000003,"indirect":0.4666666666666666,"writing-device":0}},{"id":"장충동할매족발보쌈","permalink":"","username":"asdfg","text":"반반메뉴 둘다 다 먹을수있어서  너무~좋아요  ㅎㅎ\n","date":"Mon Dec 10 23:59:44 +0000 2018","retweets":"30","favorites":"20","mentions":[],"hashtags":[],"geo":"","raw":"반반메뉴 둘다 다 먹을수있어서  너무~좋아요  ㅎㅎ\n","polarity":{"com":0.028571428599999997,"pos":0.4054285714,"neg":0.1575238094,"neut":0.20333333339999998,"none":0.20514285719999997},"intensity":{"high":0.13571428577285713,"low":0.03990476199201905,"meium":0.6192380950761525,"none":0.2051428571589714},"expressive":{"dir-action":0,"dir-explicit":0.3366666665326667,"dir-speech":0.3876190477224762,"indirect":0.07057142858588572,"writing-device":0.2051428571589714}},{"id":"장충동할매족발보쌈","permalink":"","username":"asdfg","text":"전화받는분.배달해주시는분 두분다 친절하세요\n\n","date":"Mon Dec 10 23:59:44 +0000 2018","retweets":"30","favorites":"20","mentions":[],"hashtags":[],"geo":"","raw":"전화받는분.배달해주시는분 두분다 친절하세요\n\n","polarity":{"com":0.003225806499999999,"pos":0.7943548386666666,"neg":0.183781362,"neut":0.013978494666666666,"none":0.004659498166666666},"intensity":{"high":0.023297491,"low":0.019354838666666666,"meium":0.9523297491666667,"none":0.005017921166666666},"expressive":{"dir-action":0.0010752688333333334,"dir-explicit":0.17732974916666666,"dir-speech":0.46577060933333336,"indirect":0.3511648745,"writing-device":0.004659498166666667}},{"id":"장충동할매족발보쌈","permalink":"","username":"asdfg","text":"비오는날엔 배달음식이 젤루 편하다는","date":"Mon Dec 10 23:59:44 +0000 2018","retweets":"30","favorites":"20","mentions":[],"hashtags":[],"geo":"","raw":"비오는날엔 배달음식이 젤루 편하다는","polarity":{"com":0.10616740084246697,"pos":0.4133277393653311,"neg":0.39128033015651215,"neut":0.055716383422286554,"none":0.033508146213403256},"intensity":{"high":0.03384378720676877,"low":0.12166981322433397,"meium":0.8100971961620195,"none":0.03438920340687785},"expressive":{"dir-action":0.0008810572001762114,"dir-explicit":0.24631144684926232,"dir-speech":0.43891336288778265,"indirect":0.27315572325463117,"writing-device":0.04073840980814768}},{"id":"장충동할매족발보쌈","permalink":"","username":"asdfg","text":"족발도 괜찮지만 쟁반국수도 새콤한게 별미로 잘 먹었어요","date":"Mon Dec 10 23:59:44 +0000 2018","retweets":"30","favorites":"20","mentions":[],"hashtags":[],"geo":"","raw":"족발도 괜찮지만 쟁반국수도 새콤한게 별미로 잘 먹었어요","polarity":{"com":0.0051559934,"pos":0.36986232139999997,"neg":0.34705317700000005,"neut":0.064562334,"none":0.2133661742},"intensity":{"high":0.0955159783808968,"low":0.16001263096799745,"meium":0.5288063658942387,"none":0.215665024756867},"expressive":{"dir-action":0.00229885059954023,"dir-explicit":0.21086522675782696,"dir-speech":0.36979158752604163,"indirect":0.19963875216007224,"writing-device":0.21740558295651888}},{"id":"장충동할매족발보쌈","permalink":"","username":"asdfg","text":"맛도 이정도면 괜찮은듯합니다","date":"Mon Dec 10 23:59:44 +0000 2018","retweets":"30","favorites":"20","mentions":[],"hashtags":[],"geo":"","raw":"맛도 이정도면 괜찮은듯합니다","polarity":{"com":0,"pos":0.5,"neg":0,"neut":0.1,"none":0.4},"intensity":{"high":0,"low":0,"meium":0.6,"none":0.4},"expressive":{"dir-action":0,"dir-explicit":0.1,"dir-speech":0.5,"indirect":0,"writing-device":0.4}},{"id":"장충동할매족발보쌈","permalink":"","username":"asdfg","text":"배달도 빠르고 맛 괜찮네영","date":"Mon Dec 10 23:59:44 +0000 2018","retweets":"30","favorites":"20","mentions":[],"hashtags":[],"geo":"","raw":"배달도 빠르고 맛 괜찮네영","polarity":{"com":0,"pos":1,"neg":0,"neut":0,"none":0},"intensity":{"high":0,"low":0.111111111,"meium":0.888888889,"none":0},"expressive":{"dir-action":0,"dir-explicit":0,"dir-speech":0.6666666666666666,"indirect":0.3333333333333333,"writing-device":0}},{"id":"장충동할매족발보쌈","permalink":"","username":"asdfg","text":"사이드메뉴가 푸짐해서 맘에 들었어요","date":"Mon Dec 10 23:59:44 +0000 2018","retweets":"30","favorites":"20","mentions":[],"hashtags":[],"geo":"","raw":"사이드메뉴가 푸짐해서 맘에 들었어요","polarity":{"com":0.013960388999999998,"pos":0.3411089663333333,"neg":0.59019734,"neut":0.037796725333333336,"none":0.016936579333333333},"intensity":{"high":0.09160946666666667,"low":0.06374231366666665,"meium":0.8237344486666667,"none":0.020913770999999994},"expressive":{"dir-action":0.001001001,"dir-explicit":0.229104104,"dir-speech":0.46753003,"indirect":0.28442728466666667,"writing-device":0.01793758033333333}},{"id":"장충동할매족발보쌈","permalink":"","username":"asdfg","text":"족발이 먹고 싶어서 급 주문 \n빨리 갖다주세요 ㅜㅜ","date":"Mon Dec 10 23:59:44 +0000 2018","retweets":"30","favorites":"20","mentions":[],"hashtags":[],"geo":"","raw":"족발이 먹고 싶어서 급 주문 \n빨리 갖다주세요 ㅜㅜ","polarity":{"com":0.010279001333333334,"pos":0.6439060206666667,"neg":0.31350954466666664,"neut":0.029368575666666664,"none":0.002936857666666667},"intensity":{"high":0.0352422906784141,"low":0.04405286334801762,"meium":0.9162995596387664,"none":0.004405286334801762},"expressive":{"dir-action":0.0014684286671561425,"dir-explicit":0.30469897210156627,"dir-speech":0.12041116004013704,"indirect":0.5690161528563387,"writing-device":0.004405286334801761}},{"id":"장충동할매족발보쌈","permalink":"","username":"asdfg","text":"족발도 개안꼬.\n사이드메뉴도 게안아요.","date":"Mon Dec 10 23:59:44 +0000 2018","retweets":"30","favorites":"20","mentions":[],"hashtags":[],"geo":"","raw":"족발도 개안꼬.\n사이드메뉴도 게안아요.","polarity":{"com":0.015040906,"pos":0.28676316333333335,"neg":0.3658904973333333,"neut":0.038892384999999995,"none":0.2934130483333333},"intensity":{"high":0.13048038604349346,"low":0.12024333937341444,"meium":0.4543947974847983,"none":0.2948814770982938},"expressive":{"dir-action":0.0014684286661771902,"dir-explicit":0.2618418292460527,"dir-speech":0.32041115989319624,"indirect":0.126159009957947,"writing-device":0.2901195722366268}},{"id":"장충동할매족발보쌈","permalink":"","username":"asdfg","text":"깨끗하게 잘 나오네요.가격대비 괜찮음","date":"Mon Dec 10 23:59:44 +0000 2018","retweets":"30","favorites":"20","mentions":[],"hashtags":[],"geo":"","raw":"깨끗하게 잘 나오네요.가격대비 괜찮음","polarity":{"com":0,"pos":0.7380952382460317,"neg":0.23809523807936508,"neut":0.023809523674603175,"none":0},"intensity":{"high":0,"low":0.07142857133333333,"meium":0.9285714286666668,"none":0},"expressive":{"dir-action":0,"dir-explicit":0.29365079366666663,"dir-speech":0.21428571433333332,"indirect":0.492063492,"writing-device":0}},{"id":"장충동할매족발보쌈","permalink":"","username":"asdfg","text":"족발도 게찬운데 사이드메뉴까지  기가막힘니다","date":"Mon Dec 10 23:59:44 +0000 2018","retweets":"30","favorites":"20","mentions":[],"hashtags":[],"geo":"","raw":"족발도 게찬운데 사이드메뉴까지  기가막힘니다","polarity":{"com":0.0575959722,"pos":0.41556439159999997,"neg":0.2810927398,"neut":0.0204782882,"none":0.2252686082},"intensity":{"high":0.07698953023079581,"low":0.1083797698433519,"meium":0.579390125431756,"none":0.23524057449409622},"expressive":{"dir-action":0.10088105722017622,"dir-explicit":0.1381440586276288,"dir-speech":0.20951942324190387,"indirect":0.3176434578635287,"writing-device":0.2338120030467624}},{"id":"장충동할매족발보쌈","permalink":"","username":"asdfg","text":"족발 먹을만 함 ^^\n배달도 빠름","date":"Mon Dec 10 23:59:44 +0000 2018","retweets":"30","favorites":"20","mentions":[],"hashtags":[],"geo":"","raw":"족발 먹을만 함 ^^\n배달도 빠름","polarity":{"com":0,"pos":0.7291666665000001,"neg":0.16666666675,"neut":0,"none":0.10416666675},"intensity":{"high":0.048611111000000005,"low":0.13888888875000002,"meium":0.7083333335,"none":0.10416666675000001},"expressive":{"dir-action":0,"dir-explicit":0.13888888875000002,"dir-speech":0.44444444450000004,"indirect":0.31250000000000006,"writing-device":0.10416666675000001}},{"id":"장충동할매족발보쌈","permalink":"","username":"asdfg","text":"보썸도 맛나고 쟁반국수도 맛나쪄용","date":"Mon Dec 10 23:59:44 +0000 2018","retweets":"30","favorites":"20","mentions":[],"hashtags":[],"geo":"","raw":"보썸도 맛나고 쟁반국수도 맛나쪄용","polarity":{"com":0.04935064933333332,"pos":0.40173160166666666,"neg":0.383766234,"neut":0.004761904666666666,"none":0.16038961033333332},"intensity":{"high":0.07943722935981239,"low":0.10021645003340547,"meium":0.6599567102199855,"none":0.16038961038679653},"expressive":{"dir-action":0,"dir-explicit":0.18614718627128427,"dir-speech":0.41363636352878785,"indirect":0.2422077922525974,"writing-device":0.15800865794733046}},{"id":"장충동할매족발보쌈","permalink":"","username":"asdfg","text":"맛있다는  평이 많아 믿고 주문합니다.\n맛없다는 평이 올라오면 바로바로 시정했음 합니다..\n그러기전에 맛있게 해야겠지만~~~","date":"Mon Dec 10 23:59:44 +0000 2018","retweets":"30","favorites":"20","mentions":[],"hashtags":[],"geo":"","raw":"맛있다는  평이 많아 믿고 주문합니다.\n맛없다는 평이 올라오면 바로바로 시정했음 합니다..\n그러기전에 맛있게 해야겠지만~~~","polarity":{"com":0.004562894818596627,"pos":0.33278796421207163,"neg":0.43574698240324966,"neut":0.11120534055556414,"none":0.1156968180105179},"intensity":{"high":0.04679478072727272,"low":0.15602148545454544,"meium":0.6808909318181818,"none":0.11629280200000001},"expressive":{"dir-action":0.000986990818361271,"dir-explicit":0.27656163414119306,"dir-speech":0.47232733872224136,"indirect":0.1363577401157014,"writing-device":0.11376629620250296}},{"id":"장충동할매족발보쌈","permalink":"","username":"asdfg","text":"별 5개준사람들 다알바인듯ㅡㅡ 지금까지먹어본 족발중에 최악임 드럽게 퍽퍽하고 아이고 별한개도 아깝네요","date":"Mon Dec 10 23:59:44 +0000 2018","retweets":"30","favorites":"20","mentions":[],"hashtags":[],"geo":"","raw":"별 5개준사람들 다알바인듯ㅡㅡ 지금까지먹어본 족발중에 최악임 드럽게 퍽퍽하고 아이고 별한개도 아깝네요","polarity":{"com":0.023003061414749747,"pos":0.5671620702860699,"neg":0.2805366887266219,"neut":0.020316843164973595,"none":0.1089813364075849},"intensity":{"high":0.12878531766666665,"low":0.08641033383333334,"meium":0.6710772789166667,"none":0.11372706958333334},"expressive":{"dir-action":0.0009578544169061302,"dir-explicit":0.19473299604868327,"dir-speech":0.23148092647453694,"indirect":0.4520792356130198,"writing-device":0.1207489874468539}},{"id":"장충동할매족발보쌈","permalink":"","username":"asdfg","text":"매콤한 족빌무침은 술안주로 강추요.","date":"Mon Dec 10 23:59:44 +0000 2018","retweets":"30","favorites":"20","mentions":[],"hashtags":[],"geo":"","raw":"매콤한 족빌무침은 술안주로 강추요.","polarity":{"com":0.021282997999999997,"pos":0.45138857700000007,"neg":0.38113537266666664,"neut":0.05281153533333333,"none":0.09338151700000001},"intensity":{"high":0.11442000307627999,"low":0.10045888340030593,"meium":0.6907385954604923,"none":0.09438251806292168},"expressive":{"dir-action":0.0010010010000000003,"dir-explicit":0.3339331356666667,"dir-speech":0.2840088343333334,"indirect":0.28013856333333337,"writing-device":0.10091846566666668}},{"id":"장충동할매족발보쌈","permalink":"","username":"asdfg","text":"족발은 맛있을지몰라도 \n보쌈은 비추임\n뭐하나를보면 열을안다고\n족발도 그리 별반 차이없을것 같음\n보쌈시켰는데 보쌈을 가장한 삼겹살이 왔네\n기름좀 포함\n근데 왠 별5개 댓글이 이리많음??\n\n알바푸셨음?\n아무리 봐도 별1개 감임\n최악이다\n내돈 25000원!!!!\n아 열받서 연달아 댓글남김\n먹다 버리고 핸드폰 찾아서\n리얼 후기 남김 \n","date":"Mon Dec 10 23:59:44 +0000 2018","retweets":"30","favorites":"20","mentions":[],"hashtags":[],"geo":"","raw":"족발은 맛있을지몰라도 \n보쌈은 비추임\n뭐하나를보면 열을안다고\n족발도 그리 별반 차이없을것 같음\n보쌈시켰는데 보쌈을 가장한 삼겹살이 왔네\n기름좀 포함\n근데 왠 별5개 댓글이 이리많음??\n\n알바푸셨음?\n아무리 봐도 별1개 감임\n최악이다\n내돈 25000원!!!!\n아 열받서 연달아 댓글남김\n먹다 버리고 핸드폰 찾아서\n리얼 후기 남김 \n","polarity":{"com":0.01046191445093794,"pos":0.554028900802966,"neg":0.33188596213987825,"neut":0.06286449886691196,"none":0.040758723739305884},"intensity":{"high":0.1883293070766664,"low":0.09105908187684252,"meium":0.6794703300115787,"none":0.04114128103491233},"expressive":{"dir-action":0.03474265109789492,"dir-explicit":0.2727875876217028,"dir-speech":0.32720446607507114,"indirect":0.32225960278458904,"writing-device":0.0430056924207421}},{"id":"장충동할매족발보쌈","permalink":"","username":"asdfg","text":"아 먹는걸 가지고 장난하나\n댓글좋아서 믿고 주문했는데\n보쌈을 기름에 튀겨왔네.\n비린내는 작렬이고 \n사진잘보셈\n기름범벅임","date":"Mon Dec 10 23:59:44 +0000 2018","retweets":"30","favorites":"20","mentions":[],"hashtags":[],"geo":"","raw":"아 먹는걸 가지고 장난하나\n댓글좋아서 믿고 주문했는데\n보쌈을 기름에 튀겨왔네.\n비린내는 작렬이고 \n사진잘보셈\n기름범벅임","polarity":{"com":0.0036580698336381727,"pos":0.5379265820448272,"neg":0.37228299736435694,"neut":0.06024932492168744,"none":0.02588302583549025},"intensity":{"high":0.11365251808333333,"low":0.09436011641666667,"meium":0.7661043396666668,"none":0.025883025833333337},"expressive":{"dir-action":0.12625125126052092,"dir-explicit":0.32579217877714933,"dir-speech":0.3522734920293561,"indirect":0.16634281334719525,"writing-device":0.029340264585778354}},{"id":"장충동할매족발보쌈","permalink":"","username":"asdfg","text":"맛있겠다10글자라네 ","date":"Mon Dec 10 23:59:44 +0000 2018","retweets":"30","favorites":"20","mentions":[],"hashtags":[],"geo":"","raw":"맛있겠다10글자라네 ","polarity":{"com":0,"pos":0,"neg":1,"neut":0,"none":0},"intensity":{"high":0,"low":0,"meium":1,"none":0},"expressive":{"dir-action":0,"dir-explicit":0,"dir-speech":1,"indirect":0,"writing-device":0}},{"id":"장충동할매족발보쌈","permalink":"","username":"asdfg","text":"중인데 양이좀적은거같았는데 먹어보니 적지는않았어요~ ","date":"Mon Dec 10 23:59:44 +0000 2018","retweets":"30","favorites":"20","mentions":[],"hashtags":[],"geo":"","raw":"중인데 양이좀적은거같았는데 먹어보니 적지는않았어요~ ","polarity":{"com":0,"pos":0.5301587301060318,"neg":0.4349206350869841,"neut":0.019047619003809524,"none":0.015873015803174604},"intensity":{"high":0.028571428599999997,"low":0.092063492,"meium":0.8634920636000001,"none":0.0158730158},"expressive":{"dir-action":0,"dir-explicit":0.3561904762,"dir-speech":0.408888889,"indirect":0.0158730158,"writing-device":0.219047619}},{"id":"장충동할매족발보쌈","permalink":"","username":"asdfg","text":"좋아요 잘 먹겠습니다~~^^","date":"Mon Dec 10 23:59:44 +0000 2018","retweets":"30","favorites":"20","mentions":[],"hashtags":[],"geo":"","raw":"좋아요 잘 먹겠습니다~~^^","polarity":{"com":0,"pos":0.8171428574085714,"neg":0.12714285706357142,"neut":0.03571428551785714,"none":0.020000000009999998},"intensity":{"high":0.1,"low":0.127142857,"meium":0.752857143,"none":0.02},"expressive":{"dir-action":0,"dir-explicit":0.40714285699999997,"dir-speech":0.17142857150000002,"indirect":0.4014285715,"writing-device":0.02}},{"id":"장충동할매족발보쌈","permalink":"","username":"asdfg","text":"좋아요 잘 먹겠습니다~~^^","date":"Mon Dec 10 23:59:44 +0000 2018","retweets":"30","favorites":"20","mentions":[],"hashtags":[],"geo":"","raw":"좋아요 잘 먹겠습니다~~^^","polarity":{"com":0,"pos":0.8171428574085714,"neg":0.12714285706357142,"neut":0.03571428551785714,"none":0.020000000009999998},"intensity":{"high":0.1,"low":0.127142857,"meium":0.752857143,"none":0.02},"expressive":{"dir-action":0,"dir-explicit":0.40714285699999997,"dir-speech":0.17142857150000002,"indirect":0.4014285715,"writing-device":0.02}},{"id":"장충동할매족발보쌈","permalink":"","username":"asdfg","text":"방금 주문했어요\n아배고파ㅋㅋ","date":"Mon Dec 10 23:59:44 +0000 2018","retweets":"30","favorites":"20","mentions":[],"hashtags":[],"geo":"","raw":"방금 주문했어요\n아배고파ㅋㅋ","polarity":{"com":0,"pos":0.5,"neg":0.5,"neut":0,"none":0},"intensity":{"high":0,"low":0,"meium":1,"none":0},"expressive":{"dir-action":0,"dir-explicit":0.5,"dir-speech":0.5,"indirect":0,"writing-device":0}},{"id":"장충동할매족발보쌈","permalink":"","username":"asdfg","text":"댓글보고 시킵니다.\n회사에서 30분고민 했어요.\n과연.. 먹고 톡남길께요","date":"Mon Dec 10 23:59:44 +0000 2018","retweets":"30","favorites":"20","mentions":[],"hashtags":[],"geo":"","raw":"댓글보고 시킵니다.\n회사에서 30분고민 했어요.\n과연.. 먹고 톡남길께요","polarity":{"com":0.25,"pos":0.27083333325000003,"neg":0.47916666674999997,"neut":0,"none":0},"intensity":{"high":0.15277777775,"low":0.11805555549999999,"meium":0.72916666675,"none":0},"expressive":{"dir-action":0.125,"dir-explicit":0.3680555555,"dir-speech":0.3194444445,"indirect":0.1875,"writing-device":0}},{"id":"장충동할매족발보쌈","permalink":"","username":"asdfg","text":"최고입니다\n배달도빠르고\n매우친절하십니다","date":"Mon Dec 10 23:59:44 +0000 2018","retweets":"30","favorites":"20","mentions":[],"hashtags":[],"geo":"","raw":"최고입니다\n배달도빠르고\n매우친절하십니다","polarity":{"com":0.0038709677999999997,"pos":0.9032258064,"neg":0.07053763440000001,"neut":0.0167741936,"none":0.0055913978},"intensity":{"high":0.42795698919999997,"low":0.089892473,"meium":0.4761290324,"none":0.0060215054},"expressive":{"dir-action":0.0012903226,"dir-explicit":0.12946236560000002,"dir-speech":0.2589247312,"indirect":0.6047311827999999,"writing-device":0.0055913978}},{"id":"장충동할매족발보쌈","permalink":"","username":"asdfg","text":"맛있네요 음식도 따뜻하게배달오구~~\n\n막국수 정말맛나요","date":"Mon Dec 10 23:59:44 +0000 2018","retweets":"30","favorites":"20","mentions":[],"hashtags":[],"geo":"","raw":"맛있네요 음식도 따뜻하게배달오구~~\n\n막국수 정말맛나요","polarity":{"com":0.0062333762,"pos":0.5153796654,"neg":0.32697554700000003,"neut":0.0094637494,"none":0.141947662},"intensity":{"high":0.1513942514,"low":0.039673959599999996,"meium":0.6663835264,"none":0.1425482626},"expressive":{"dir-action":0.0006006005998798799,"dir-explicit":0.19960531956007893,"dir-speech":0.5280180178943964,"indirect":0.1306563707738687,"writing-device":0.14111969117177606}},{"id":"장충동할매족발보쌈","permalink":"","username":"asdfg","text":"굿이여\n값도싸고 아직배달은 안왔지만\n\n","date":"Mon Dec 10 23:59:44 +0000 2018","retweets":"30","favorites":"20","mentions":[],"hashtags":[],"geo":"","raw":"굿이여\n값도싸고 아직배달은 안왔지만\n\n","polarity":{"com":0.0033898306,"pos":0.5311864406,"neg":0.2718644068,"neut":0.106779661,"none":0.08677966100000001},"intensity":{"high":0.020338983004067796,"low":0.06711864401342374,"meium":0.8257627119651526,"none":0.08677966101735594},"expressive":{"dir-action":0,"dir-explicit":0.1342372882,"dir-speech":0.3318644068,"indirect":0.447118644,"writing-device":0.08677966100000001}}]