[{"id":"신놀부왕족발보쌈","permalink":"","username":"asdfg","text":"불족발 먹었는데... 양념은 맛있지만, 족발 상태가 별로였음.  참고 먹으려 했으나.. 배가 고팠음에도 두 점 먹고 버림요.","date":"Mon Dec 10 23:59:44 +0000 2018","retweets":"30","favorites":"20","mentions":[],"hashtags":[],"geo":"","raw":"불족발 먹었는데... 양념은 맛있지만, 족발 상태가 별로였음.  참고 먹으려 했으나.. 배가 고팠음에도 두 점 먹고 버림요.","polarity":{"com":0.004276601917023049,"pos":0.4249255402854104,"neg":0.46141814262178477,"neut":0.04397503525366458,"none":0.06540467992211706},"intensity":{"high":0.10374017291666665,"low":0.08949067316666665,"meium":0.7404066195833334,"none":0.06636253433333332},"expressive":{"dir-action":0.0009578544167464876,"dir-explicit":0.27060266935588356,"dir-speech":0.3436785179453065,"indirect":0.3148487282762374,"writing-device":0.06991223000582601}},{"id":"신놀부왕족발보쌈","permalink":"","username":"asdfg","text":"배달  빠르게 왔네요 맛있게 먹었습니다.^^","date":"Mon Dec 10 23:59:44 +0000 2018","retweets":"30","favorites":"20","mentions":[],"hashtags":[],"geo":"","raw":"배달  빠르게 왔네요 맛있게 먹었습니다.^^","polarity":{"com":0,"pos":0.5476190475,"neg":0.41666666674999997,"neut":0.03571428575,"none":0},"intensity":{"high":0.09920634924999999,"low":0.09126984125,"meium":0.8095238095,"none":0},"expressive":{"dir-action":0,"dir-explicit":0.16269841270932542,"dir-speech":0.8015873015496032,"indirect":0.03571428574107143,"writing-device":0}},{"id":"신놀부왕족발보쌈","permalink":"","username":"asdfg","text":"오늘은 불족발 많이 탔네요ㅠ","date":"Mon Dec 10 23:59:44 +0000 2018","retweets":"30","favorites":"20","mentions":[],"hashtags":[],"geo":"","raw":"오늘은 불족발 많이 탔네요ㅠ","polarity":{"com":0.008474576500000002,"pos":0.34463276800000003,"neg":0.557438795,"neut":0.07250470800000001,"none":0.016949152500000002},"intensity":{"high":0.05084745752542374,"low":0.3455743881727872,"meium":0.5866290017933146,"none":0.016949152508474577},"expressive":{"dir-action":0,"dir-explicit":0.24670433150000004,"dir-speech":0.557438795,"indirect":0.17890772100000002,"writing-device":0.016949152500000002}},{"id":"신놀부왕족발보쌈","permalink":"","username":"asdfg","text":"맛있게 먹었습니다.^^","date":"Mon Dec 10 23:59:44 +0000 2018","retweets":"30","favorites":"20","mentions":[],"hashtags":[],"geo":"","raw":"맛있게 먹었습니다.^^","polarity":{"com":0,"pos":0.1666666665,"neg":0.8333333334999999,"neut":0,"none":0},"intensity":{"high":0.0555555555,"low":0.111111111,"meium":0.8333333334999999,"none":0},"expressive":{"dir-action":0,"dir-explicit":0.111111111,"dir-speech":0.888888889,"indirect":0,"writing-device":0}},{"id":"신놀부왕족발보쌈","permalink":"","username":"asdfg","text":"불족시켰는데 맵기보다는 짜요","date":"Mon Dec 10 23:59:44 +0000 2018","retweets":"30","favorites":"20","mentions":[],"hashtags":[],"geo":"","raw":"불족시켰는데 맵기보다는 짜요","polarity":{"com":0,"pos":0.2719368645679842,"neg":0.5551988588887997,"neut":0.04066345626016586,"none":0.13220082028305022},"intensity":{"high":0.058030141,"low":0.09026663099999999,"meium":0.71950240775,"none":0.13220082025000002},"expressive":{"dir-action":0.013888888996527777,"dir-explicit":0.43184858214203786,"dir-speech":0.2559300874360175,"indirect":0.13126449071718388,"writing-device":0.16706795070823302}},{"id":"신놀부왕족발보쌈","permalink":"","username":"asdfg","text":"명절 휴일 첫날 너무 이른시간에 시켜서 그런지..숯불에 탄 냄새가 너무 강해서 그게 좀...좀 덜탔으면 맛있게 잘 먹었을텐데 조금 아쉬워요. ","date":"Mon Dec 10 23:59:44 +0000 2018","retweets":"30","favorites":"20","mentions":[],"hashtags":[],"geo":"","raw":"명절 휴일 첫날 너무 이른시간에 시켜서 그런지..숯불에 탄 냄새가 너무 강해서 그게 좀...좀 덜탔으면 맛있게 잘 먹었을텐데 조금 아쉬워요. ","polarity":{"com":0.02380952383531746,"pos":0.37500000003125,"neg":0.4494047618707837,"neut":0.04761904758730159,"none":0.10416666667534723},"intensity":{"high":0.15575396825,"low":0.13888888891666665,"meium":0.6011904761666667,"none":0.10416666666666667},"expressive":{"dir-action":0,"dir-explicit":0.2908730157742394,"dir-speech":0.3123015873593584,"indirect":0.29265873019105487,"writing-device":0.10416666667534723}},{"id":"신놀부왕족발보쌈","permalink":"","username":"asdfg","text":"미니족먹었어요 \n불맛도 많이나고맛있게먹었음돠 넘맵지않아서 좋았어요","date":"Mon Dec 10 23:59:44 +0000 2018","retweets":"30","favorites":"20","mentions":[],"hashtags":[],"geo":"","raw":"미니족먹었어요 \n불맛도 많이나고맛있게먹었음돠 넘맵지않아서 좋았어요","polarity":{"com":0,"pos":0.4409523808571429,"neg":0.5533333334285714,"neut":0,"none":0.005714285714285714},"intensity":{"high":0.06031746028571429,"low":0.21206349200000002,"meium":0.721904762,"none":0.005714285714285714},"expressive":{"dir-action":0,"dir-explicit":0.292063492,"dir-speech":0.6079365079999999,"indirect":0.09428571428571428,"writing-device":0.005714285714285713}},{"id":"신놀부왕족발보쌈","permalink":"","username":"asdfg","text":"족발 맛은 다 비슷하지만\n\n배달 빨라서 좋네요","date":"Mon Dec 10 23:59:44 +0000 2018","retweets":"30","favorites":"20","mentions":[],"hashtags":[],"geo":"","raw":"족발 맛은 다 비슷하지만\n\n배달 빨라서 좋네요","polarity":{"com":0.0048048048000000005,"pos":0.8493796654000001,"neg":0.0692612612,"neut":0.0066066066,"none":0.069947662},"intensity":{"high":0.11996567997600686,"low":0.02481681679503664,"meium":0.7846692406430661,"none":0.07054826258589034},"expressive":{"dir-action":0.00060060059987988,"dir-explicit":0.26817674814636466,"dir-speech":0.5151608750969678,"indirect":0.1455135135708973,"writing-device":0.07054826258589035}},{"id":"신놀부왕족발보쌈","permalink":"","username":"asdfg","text":"맛나게 잘먹었어요 ㅋㄷ","date":"Mon Dec 10 23:59:44 +0000 2018","retweets":"30","favorites":"20","mentions":[],"hashtags":[],"geo":"","raw":"맛나게 잘먹었어요 ㅋㄷ","polarity":{"com":0,"pos":0.7142857147142857,"neg":0.21428571421428572,"neut":0.07142857107142857,"none":0},"intensity":{"high":0,"low":0.214285714,"meium":0.785714286,"none":0},"expressive":{"dir-action":0,"dir-explicit":0.214285714,"dir-speech":0.142857143,"indirect":0.642857143,"writing-device":0}}]