[{"id":"호세야오리바베큐 선릉점","permalink":"","username":"asdfg","text":"오랜만에 먹었는데 역시 최고!!!","date":"Mon Dec 10 23:59:44 +0000 2018","retweets":"30","favorites":"20","mentions":[],"hashtags":[],"geo":"","raw":"오랜만에 먹었는데 역시 최고!!!","polarity":{"com":0,"pos":0.33333333316666663,"neg":0.3333333336666666,"neut":0.16666666658333332,"none":0.16666666658333332},"intensity":{"high":0.05555555552777778,"low":0.2777777776388889,"meium":0.50000000025,"none":0.16666666658333334},"expressive":{"dir-action":0,"dir-explicit":0.2777777776388889,"dir-speech":0.5555555557777778,"indirect":0,"writing-device":0.16666666658333334}},{"id":"호세야오리바베큐 선릉점","permalink":"","username":"asdfg","text":"맛있게 잘 먹었습니다 ㅅㅅㅅㅅ","date":"Mon Dec 10 23:59:44 +0000 2018","retweets":"30","favorites":"20","mentions":[],"hashtags":[],"geo":"","raw":"맛있게 잘 먹었습니다 ㅅㅅㅅㅅ","polarity":{"com":0,"pos":0.35714285717857136,"neg":0.6071428573035714,"neut":0.03571428551785714,"none":0},"intensity":{"high":0,"low":0.107142857,"meium":0.8928571430000001,"none":0},"expressive":{"dir-action":0,"dir-explicit":0.107142857,"dir-speech":0.5714285715,"indirect":0.3214285715,"writing-device":0}},{"id":"호세야오리바베큐 선릉점","permalink":"","username":"asdfg","text":"양도많고 맛있어요 ㅎㅎ~~","date":"Mon Dec 10 23:59:44 +0000 2018","retweets":"30","favorites":"20","mentions":[],"hashtags":[],"geo":"","raw":"양도많고 맛있어요 ㅎㅎ~~","polarity":{"com":0,"pos":0.195652174,"neg":0.7826086955,"neut":0.0217391305,"none":0},"intensity":{"high":0.1304347825652174,"low":0.10869565205434782,"meium":0.7608695653804347,"none":0},"expressive":{"dir-action":0,"dir-explicit":0.2608695651304348,"dir-speech":0.6086956523043479,"indirect":0.1304347825652174,"writing-device":0}},{"id":"호세야오리바베큐 선릉점","permalink":"","username":"asdfg","text":"맛있네욯ㅎㅎㅎㅎㅎㅅㅎ","date":"Mon Dec 10 23:59:44 +0000 2018","retweets":"30","favorites":"20","mentions":[],"hashtags":[],"geo":"","raw":"맛있네욯ㅎㅎㅎㅎㅎㅅㅎ","polarity":{"com":0,"pos":0,"neg":1,"neut":0,"none":0},"intensity":{"high":0,"low":0,"meium":1,"none":0},"expressive":{"dir-action":0,"dir-explicit":0,"dir-speech":1,"indirect":0,"writing-device":0}},{"id":"호세야오리바베큐 선릉점","permalink":"","username":"asdfg","text":"자주 시켜 먹는 오리고기집 여기가 제일 맛있고 잘 해주줘서ㅜ좋어요","date":"Mon Dec 10 23:59:44 +0000 2018","retweets":"30","favorites":"20","mentions":[],"hashtags":[],"geo":"","raw":"자주 시켜 먹는 오리고기집 여기가 제일 맛있고 잘 해주줘서ㅜ좋어요","polarity":{"com":0,"pos":0.4246031745707672,"neg":0.3968253968994709,"neut":0.1785714285297619,"none":0},"intensity":{"high":0.0185185185,"low":0.23941798933333336,"meium":0.7420634921666666,"none":0},"expressive":{"dir-action":0,"dir-explicit":0.07275132266666667,"dir-speech":0.8201058201666667,"indirect":0.10714285716666667,"writing-device":0}},{"id":"호세야오리바베큐 선릉점","permalink":"","username":"asdfg","text":"언제나 맛있어여 담엔 삼겹살만 먹어봐야딩","date":"Mon Dec 10 23:59:44 +0000 2018","retweets":"30","favorites":"20","mentions":[],"hashtags":[],"geo":"","raw":"언제나 맛있어여 담엔 삼겹살만 먹어봐야딩","polarity":{"com":0,"pos":0.10582010570194003,"neg":0.8359788362786595,"neut":0.031746031677248675,"none":0.026455026342151695},"intensity":{"high":0.010582010666666664,"low":0.07936507933333332,"meium":0.8835978836666666,"none":0.026455026333333354},"expressive":{"dir-action":0,"dir-explicit":0.052910053000000005,"dir-speech":0.888888889,"indirect":0.02645502633333334,"writing-device":0.031746031666666674}},{"id":"호세야오리바베큐 선릉점","permalink":"","username":"asdfg","text":"맛잇어용 무쌈많이많이 주세요 맨날맨날","date":"Mon Dec 10 23:59:44 +0000 2018","retweets":"30","favorites":"20","mentions":[],"hashtags":[],"geo":"","raw":"맛잇어용 무쌈많이많이 주세요 맨날맨날","polarity":{"com":0,"pos":0.6666666665000001,"neg":0.277777778,"neut":0.0555555555,"none":0},"intensity":{"high":0,"low":0.277777778,"meium":0.722222222,"none":0},"expressive":{"dir-action":0,"dir-explicit":0.111111111,"dir-speech":0.7777777779999999,"indirect":0.111111111,"writing-device":0}},{"id":"호세야오리바베큐 선릉점","permalink":"","username":"asdfg","text":"포장도 깔끔. 맛도좋아요~~!! 묵은지 맛있어여","date":"Mon Dec 10 23:59:44 +0000 2018","retweets":"30","favorites":"20","mentions":[],"hashtags":[],"geo":"","raw":"포장도 깔끔. 맛도좋아요~~!! 묵은지 맛있어여","polarity":{"com":0,"pos":0.67791666675,"neg":0.31208333325000004,"neut":0,"none":0.01},"intensity":{"high":0.05,"low":0.0725,"meium":0.8674999999999999,"none":0.01},"expressive":{"dir-action":0,"dir-explicit":0.275,"dir-speech":0.46666666675,"indirect":0.24833333325,"writing-device":0.01}},{"id":"호세야오리바베큐 선릉점","permalink":"","username":"asdfg","text":"맛있는부분 반 퍽퍽한부분 반굿굿 양도많고 좋음","date":"Mon Dec 10 23:59:44 +0000 2018","retweets":"30","favorites":"20","mentions":[],"hashtags":[],"geo":"","raw":"맛있는부분 반 퍽퍽한부분 반굿굿 양도많고 좋음","polarity":{"com":0,"pos":0.5518840580000001,"neg":0.26753623183333336,"neut":0.1739130435,"none":0.006666666666666667},"intensity":{"high":0.0768115941794686,"low":0.20956521736826086,"meium":0.7069565217844928,"none":0.006666666667777778},"expressive":{"dir-action":0,"dir-explicit":0.18695652169782606,"dir-speech":0.5695652174282608,"indirect":0.23681159420613523,"writing-device":0.006666666667777777}},{"id":"호세야오리바베큐 선릉점","permalink":"","username":"asdfg","text":"항상 맛있어서 자주먹는데 배달이 조금 늦어요ㅋㅋㅋ그치만 오늘 퇴근길이 많이 밀리더라구요 이해합니다","date":"Mon Dec 10 23:59:44 +0000 2018","retweets":"30","favorites":"20","mentions":[],"hashtags":[],"geo":"","raw":"항상 맛있어서 자주먹는데 배달이 조금 늦어요ㅋㅋㅋ그치만 오늘 퇴근길이 많이 밀리더라구요 이해합니다","polarity":{"com":0,"pos":0.5732600732247514,"neg":0.285714285755102,"neut":0.07875457872553637,"none":0.06227106229461015},"intensity":{"high":0.01465201471428571,"low":0.2454212454285714,"meium":0.6776556775714285,"none":0.06227106228571428},"expressive":{"dir-action":0,"dir-explicit":0.41391941385714287,"dir-speech":0.5128205128571428,"indirect":0.014652014714285717,"writing-device":0.058608058571428576}},{"id":"호세야오리바베큐 선릉점","permalink":"","username":"asdfg","text":"맛있어요~!!!항상 맛있습니다","date":"Mon Dec 10 23:59:44 +0000 2018","retweets":"30","favorites":"20","mentions":[],"hashtags":[],"geo":"","raw":"맛있어요~!!!항상 맛있습니다","polarity":{"com":0,"pos":0.5,"neg":0.5,"neut":0,"none":0},"intensity":{"high":0,"low":0,"meium":1,"none":0},"expressive":{"dir-action":0,"dir-explicit":0.25,"dir-speech":0.75,"indirect":0,"writing-device":0}},{"id":"호세야오리바베큐 선릉점","permalink":"","username":"asdfg","text":"ㅋㅋㅋ친구가 맛있다고 꼭 주에 한번씩은 같이 먹자고 하네요~!!맛있습니다.","date":"Mon Dec 10 23:59:44 +0000 2018","retweets":"30","favorites":"20","mentions":[],"hashtags":[],"geo":"","raw":"ㅋㅋㅋ친구가 맛있다고 꼭 주에 한번씩은 같이 먹자고 하네요~!!맛있습니다.","polarity":{"com":0.011529394333333333,"pos":0.35679552516666674,"neg":0.45061406283333333,"neut":0.04578737216666667,"none":0.1352736455},"intensity":{"high":0.08413378501402229,"low":0.07514536751252422,"meium":0.7020433977836739,"none":0.13867744968977957},"expressive":{"dir-action":0.001915708833971903,"dir-explicit":0.20423443923474485,"dir-speech":0.4702604749900869,"indirect":0.17930063122643353,"writing-device":0.14428874571476294}},{"id":"호세야오리바베큐 선릉점","permalink":"","username":"asdfg","text":"넘나 맛있어요~!!오늘도 다른친구한테 의도치않게 영업했죠","date":"Mon Dec 10 23:59:44 +0000 2018","retweets":"30","favorites":"20","mentions":[],"hashtags":[],"geo":"","raw":"넘나 맛있어요~!!오늘도 다른친구한테 의도치않게 영업했죠","polarity":{"com":0.005299539199999999,"pos":0.30608294919999995,"neg":0.5362519202,"neut":0.05963133639999999,"none":0.09273425499999999},"intensity":{"high":0.1231950844,"low":0.1794162826,"meium":0.6042242704,"none":0.09316436260000001},"expressive":{"dir-action":0.0012903226,"dir-explicit":0.24660522280000002,"dir-speech":0.3855913978,"indirect":0.2752073732,"writing-device":0.09130568359999999}},{"id":"호세야오리바베큐 선릉점","permalink":"","username":"asdfg","text":"전부터 맛있어서 계속 주문해 먹습니다~!!","date":"Mon Dec 10 23:59:44 +0000 2018","retweets":"30","favorites":"20","mentions":[],"hashtags":[],"geo":"","raw":"전부터 맛있어서 계속 주문해 먹습니다~!!","polarity":{"com":0.0038709677999999997,"pos":0.16989247300000002,"neg":0.6038709678,"neut":0.2167741936,"none":0.0055913978},"intensity":{"high":0.2501792114,"low":0.2676702508,"meium":0.4761290324,"none":0.0060215054},"expressive":{"dir-action":0.0012903226,"dir-explicit":0.10724014340000002,"dir-speech":0.6144802868,"indirect":0.2713978494,"writing-device":0.0055913978}},{"id":"호세야오리바베큐 선릉점","permalink":"","username":"asdfg","text":"맛잇어요 굿굿 좋아용","date":"Mon Dec 10 23:59:44 +0000 2018","retweets":"30","favorites":"20","mentions":[],"hashtags":[],"geo":"","raw":"맛잇어요 굿굿 좋아용","polarity":{"com":0,"pos":0.9733333333333333,"neg":0.013333333333333334,"neut":0,"none":0.013333333333333334},"intensity":{"high":0.06666666666666667,"low":0.013333333333333334,"meium":0.9066666666666666,"none":0.013333333333333334},"expressive":{"dir-action":0,"dir-explicit":0.19999999999999998,"dir-speech":0.39999999999999997,"indirect":0.38666666666666666,"writing-device":0.013333333333333334}},{"id":"호세야오리바베큐 선릉점","permalink":"","username":"asdfg","text":"항상 잘머꼬 있어요 중이랑 대랑 차이업ㅎ음","date":"Mon Dec 10 23:59:44 +0000 2018","retweets":"30","favorites":"20","mentions":[],"hashtags":[],"geo":"","raw":"항상 잘머꼬 있어요 중이랑 대랑 차이업ㅎ음","polarity":{"com":0.002976190333333333,"pos":0.4464285713333333,"neg":0.3869047619999999,"neut":0.011904761999999998,"none":0.15178571433333332},"intensity":{"high":0.01488095233333333,"low":0.017857142999999995,"meium":0.8154761903333333,"none":0.15178571433333332},"expressive":{"dir-action":0,"dir-explicit":0.232142857,"dir-speech":0.23511904766666666,"indirect":0.380952381,"writing-device":0.15178571433333335}},{"id":"호세야오리바베큐 선릉점","permalink":"","username":"asdfg","text":"늘 항상맛있어용!!!!!","date":"Mon Dec 10 23:59:44 +0000 2018","retweets":"30","favorites":"20","mentions":[],"hashtags":[],"geo":"","raw":"늘 항상맛있어용!!!!!","polarity":{"com":0,"pos":1,"neg":0,"neut":0,"none":0},"intensity":{"high":0,"low":0,"meium":1,"none":0},"expressive":{"dir-action":0,"dir-explicit":0.5,"dir-speech":0.5,"indirect":0,"writing-device":0}},{"id":"호세야오리바베큐 선릉점","permalink":"","username":"asdfg","text":"맛있어서 친구랑 같이 먹었는데 의도치 않게 영업했어요~!!","date":"Mon Dec 10 23:59:44 +0000 2018","retweets":"30","favorites":"20","mentions":[],"hashtags":[],"geo":"","raw":"맛있어서 친구랑 같이 먹었는데 의도치 않게 영업했어요~!!","polarity":{"com":0.00483870975,"pos":0.454032258,"neg":0.46317204300000003,"neut":0.070967742,"none":0.00698924725},"intensity":{"high":0.1599462365,"low":0.154032258,"meium":0.67849462375,"none":0.00752688175},"expressive":{"dir-action":0.00161290325,"dir-explicit":0.17849462375000003,"dir-speech":0.448655914,"indirect":0.36424731175,"writing-device":0.00698924725}},{"id":"호세야오리바베큐 선릉점","permalink":"","username":"asdfg","text":"정말 맛있어욥~^(ㆍㆍ)^","date":"Mon Dec 10 23:59:44 +0000 2018","retweets":"30","favorites":"20","mentions":[],"hashtags":[],"geo":"","raw":"정말 맛있어욥~^(ㆍㆍ)^","polarity":{"com":0,"pos":0.75,"neg":0,"neut":0,"none":0.25},"intensity":{"high":0.5,"low":0,"meium":0.25,"none":0.25},"expressive":{"dir-action":0,"dir-explicit":0.5,"dir-speech":0.25,"indirect":0,"writing-device":0.25}},{"id":"호세야오리바베큐 선릉점","permalink":"","username":"asdfg","text":"젓가락은 주지않음.손으로 다먹음.어쩔 수 없기에.전화해서 젓가락 안주냐 하니시킨적없다네내가 만든 오린갑다 ","date":"Mon Dec 10 23:59:44 +0000 2018","retweets":"30","favorites":"20","mentions":[],"hashtags":[],"geo":"","raw":"젓가락은 주지않음.손으로 다먹음.어쩔 수 없기에.전화해서 젓가락 안주냐 하니시킨적없다네내가 만든 오린갑다 ","polarity":{"com":0.00968105790909091,"pos":0.4212378735454546,"neg":0.4478171546363637,"neut":0.06291529454545455,"none":0.05834861936363636},"intensity":{"high":0.11347213772727273,"low":0.027834677727272727,"meium":0.8003445651818183,"none":0.058348619363636355},"expressive":{"dir-action":0.005050505090449954,"dir-explicit":0.16123764362170567,"dir-speech":0.4548369321404694,"indirect":0.3096528595173043,"writing-device":0.06922205963007072}},{"id":"호세야오리바베큐 선릉점","permalink":"","username":"asdfg","text":"맛있어요 ~~~!!!","date":"Mon Dec 10 23:59:44 +0000 2018","retweets":"30","favorites":"20","mentions":[],"hashtags":[],"geo":"","raw":"맛있어요 ~~~!!!","polarity":{"com":0,"pos":0,"neg":1,"neut":0,"none":0},"intensity":{"high":0,"low":0,"meium":1,"none":0},"expressive":{"dir-action":0,"dir-explicit":0,"dir-speech":1,"indirect":0,"writing-device":0}},{"id":"호세야오리바베큐 선릉점","permalink":"","username":"asdfg","text":"언제나 믿고 먹는 맛","date":"Mon Dec 10 23:59:44 +0000 2018","retweets":"30","favorites":"20","mentions":[],"hashtags":[],"geo":"","raw":"언제나 믿고 먹는 맛","polarity":{"com":0,"pos":0.5555555553333333,"neg":0.44444444466666666,"neut":0,"none":0},"intensity":{"high":0.09259259263580247,"low":0.12962962962345678,"meium":0.7777777777407408,"none":0},"expressive":{"dir-action":0,"dir-explicit":0.18518518506172837,"dir-speech":0.7037037039012345,"indirect":0.11111111103703702,"writing-device":0}},{"id":"호세야오리바베큐 선릉점","permalink":"","username":"asdfg","text":"삼겹살은 너무 퍽퍽해요....","date":"Mon Dec 10 23:59:44 +0000 2018","retweets":"30","favorites":"20","mentions":[],"hashtags":[],"geo":"","raw":"삼겹살은 너무 퍽퍽해요....","polarity":{"com":0.008474576500000002,"pos":0.17796610150000003,"neg":0.27966101700000007,"neut":0.5169491525000001,"none":0.016949152500000002},"intensity":{"high":0.05084745752542373,"low":0.5677966102838984,"meium":0.3644067796822034,"none":0.016949152508474577},"expressive":{"dir-action":0,"dir-explicit":0.1355932205,"dir-speech":0.779661017,"indirect":0.06779661,"writing-device":0.0169491525}},{"id":"호세야오리바베큐 선릉점","permalink":"","username":"asdfg","text":"맛나요맛나요~남친한테도 맛보였는데 맛있데요~","date":"Mon Dec 10 23:59:44 +0000 2018","retweets":"30","favorites":"20","mentions":[],"hashtags":[],"geo":"","raw":"맛나요맛나요~남친한테도 맛보였는데 맛있데요~","polarity":{"com":0,"pos":0.6666666666666666,"neg":0.3333333333333333,"neut":0,"none":0},"intensity":{"high":0,"low":0,"meium":1,"none":0},"expressive":{"dir-action":0,"dir-explicit":0,"dir-speech":1,"indirect":0,"writing-device":0}},{"id":"호세야오리바베큐 선릉점","permalink":"","username":"asdfg","text":"잘먹었습니당ㅇㅇㅇㅎㅎ","date":"Mon Dec 10 23:59:44 +0000 2018","retweets":"30","favorites":"20","mentions":[],"hashtags":[],"geo":"","raw":"잘먹었습니당ㅇㅇㅇㅎㅎ","polarity":{"com":0,"pos":0.7142857147142857,"neg":0.21428571421428572,"neut":0.07142857107142857,"none":0},"intensity":{"high":0,"low":0.214285714,"meium":0.785714286,"none":0},"expressive":{"dir-action":0,"dir-explicit":0.214285714,"dir-speech":0.142857143,"indirect":0.642857143,"writing-device":0}},{"id":"호세야오리바베큐 선릉점","permalink":"","username":"asdfg","text":"배달이 조금 늦었지만 맛있어요 바베큐","date":"Mon Dec 10 23:59:44 +0000 2018","retweets":"30","favorites":"20","mentions":[],"hashtags":[],"geo":"","raw":"배달이 조금 늦었지만 맛있어요 바베큐","polarity":{"com":0,"pos":0.3333333333333333,"neg":0.5,"neut":0.16666666666666666,"none":0},"intensity":{"high":0,"low":0.16666666666666666,"meium":0.8333333333333334,"none":0},"expressive":{"dir-action":0,"dir-explicit":0.3333333333333333,"dir-speech":0.6666666666666666,"indirect":0,"writing-device":0}},{"id":"호세야오리바베큐 선릉점","permalink":"","username":"asdfg","text":"몇년째 단골입니당..ㅠㅠ","date":"Mon Dec 10 23:59:44 +0000 2018","retweets":"30","favorites":"20","mentions":[],"hashtags":[],"geo":"","raw":"몇년째 단골입니당..ㅠㅠ","polarity":{"com":0.0114379085,"pos":0.6928104575,"neg":0.138888889,"neut":0.045751634,"none":0.111111111},"intensity":{"high":0.06372549003186273,"low":0.04084967302042484,"meium":0.7843137258921569,"none":0.11111111105555554},"expressive":{"dir-action":0,"dir-explicit":0.209150327,"dir-speech":0.1013071895,"indirect":0.568627451,"writing-device":0.1209150325}},{"id":"호세야오리바베큐 선릉점","permalink":"","username":"asdfg","text":"오늘따라 양이더 만은거같았어요~~~~새벽에넘나포식했어요 ㅎ보쌈보다훨남..ㅎ","date":"Mon Dec 10 23:59:44 +0000 2018","retweets":"30","favorites":"20","mentions":[],"hashtags":[],"geo":"","raw":"오늘따라 양이더 만은거같았어요~~~~새벽에넘나포식했어요 ㅎ보쌈보다훨남..ㅎ","polarity":{"com":0.00483870975,"pos":0.3654453015,"neg":0.56915030375,"neut":0.0427068725,"none":0.0178588125},"intensity":{"high":0.07842449725,"low":0.0507713885,"meium":0.8524076672500001,"none":0.018396447},"expressive":{"dir-action":0.00161290325,"dir-explicit":0.26055984125,"dir-speech":0.1497428705,"indirect":0.3202255725,"writing-device":0.2678588125}},{"id":"호세야오리바베큐 선릉점","permalink":"","username":"asdfg","text":"평소보다 타서와서 꼬득한맛으로 먹었네요주소지 제대로적었는데 확인안하셨는지 옛주소로가셨어요ㅋ전 5.6분기다렸지만 배달원분고생하셨네요","date":"Mon Dec 10 23:59:44 +0000 2018","retweets":"30","favorites":"20","mentions":[],"hashtags":[],"geo":"","raw":"평소보다 타서와서 꼬득한맛으로 먹었네요주소지 제대로적었는데 확인안하셨는지 옛주소로가셨어요ㅋ전 5.6분기다렸지만 배달원분고생하셨네요","polarity":{"com":0.0027649769999999996,"pos":0.507066052142857,"neg":0.2599078341428572,"neut":0.22626728114285713,"none":0.003993855571428571},"intensity":{"high":0.03584229385714286,"low":0.2626216077142857,"meium":0.6972350231428572,"none":0.004301075285714285},"expressive":{"dir-action":0.000921659,"dir-explicit":0.07660010242857143,"dir-speech":0.48177163342857143,"indirect":0.4367127495714285,"writing-device":0.003993855571428571}},{"id":"호세야오리바베큐 선릉점","permalink":"","username":"asdfg","text":"맛있어여. . . 다시  주문할만큼 맛있어여","date":"Mon Dec 10 23:59:44 +0000 2018","retweets":"30","favorites":"20","mentions":[],"hashtags":[],"geo":"","raw":"맛있어여. . . 다시  주문할만큼 맛있어여","polarity":{"com":0.02983870975,"pos":0.4885560675,"neg":0.24293394775000002,"neut":0.020967742,"none":0.217703533},"intensity":{"high":0.09566052224999999,"low":0.054032258,"meium":0.63206605225,"none":0.2182411675},"expressive":{"dir-action":0.00161290325,"dir-explicit":0.1392089095,"dir-speech":0.41889400925,"indirect":0.222580645,"writing-device":0.217703533}},{"id":"호세야오리바베큐 선릉점","permalink":"","username":"asdfg","text":"호세야는 늘 사랑이죠","date":"Mon Dec 10 23:59:44 +0000 2018","retweets":"30","favorites":"20","mentions":[],"hashtags":[],"geo":"","raw":"호세야는 늘 사랑이죠","polarity":{"com":0,"pos":0.1587301585793651,"neg":0.25396825412698415,"neut":0.5476190477738095,"none":0.03968253951984128},"intensity":{"high":0.015873015999999993,"low":0.11904761900000001,"meium":0.8253968255,"none":0.03968253950000001},"expressive":{"dir-action":0,"dir-explicit":0.07936507949999999,"dir-speech":0.8333333335,"indirect":0.0396825395,"writing-device":0.0476190475}},{"id":"호세야오리바베큐 선릉점","permalink":"","username":"asdfg","text":"오랫만에시켰는데양도많구 맛있게먹었어요~~!!배달도빨리왔어요 잘먹었습니다","date":"Mon Dec 10 23:59:44 +0000 2018","retweets":"30","favorites":"20","mentions":[],"hashtags":[],"geo":"","raw":"오랫만에시켰는데양도많구 맛있게먹었어요~~!!배달도빨리왔어요 잘먹었습니다","polarity":{"com":0,"pos":0.48982056591497014,"neg":0.4910282954151714,"neut":0.019151138669858524,"none":0},"intensity":{"high":0.06199677934366613,"low":0.10898320668483054,"meium":0.8290200139715034,"none":0},"expressive":{"dir-action":0,"dir-explicit":0.24304117770717354,"dir-speech":0.5230043709205007,"indirect":0.23395445137232573,"writing-device":0}},{"id":"호세야오리바베큐 선릉점","permalink":"","username":"asdfg","text":"오랜만에 시켜먹었는데 맛있네욥","date":"Mon Dec 10 23:59:44 +0000 2018","retweets":"30","favorites":"20","mentions":[],"hashtags":[],"geo":"","raw":"오랜만에 시켜먹었는데 맛있네욥","polarity":{"com":0,"pos":0.1666666665,"neg":0.8333333334999999,"neut":0,"none":0},"intensity":{"high":0.0555555555,"low":0.111111111,"meium":0.8333333334999999,"none":0},"expressive":{"dir-action":0,"dir-explicit":0.111111111,"dir-speech":0.888888889,"indirect":0,"writing-device":0}},{"id":"호세야오리바베큐 선릉점","permalink":"","username":"asdfg","text":"양도 많구 쫄깃쫄깃 넘 맛있어요","date":"Mon Dec 10 23:59:44 +0000 2018","retweets":"30","favorites":"20","mentions":[],"hashtags":[],"geo":"","raw":"양도 많구 쫄깃쫄깃 넘 맛있어요","polarity":{"com":0,"pos":0.195652174,"neg":0.7826086955,"neut":0.0217391305,"none":0},"intensity":{"high":0.1304347825652174,"low":0.10869565205434782,"meium":0.7608695653804347,"none":0},"expressive":{"dir-action":0,"dir-explicit":0.2608695651304348,"dir-speech":0.6086956523043479,"indirect":0.1304347825652174,"writing-device":0}},{"id":"호세야오리바베큐 선릉점","permalink":"","username":"asdfg","text":"맛있게 배 터지게  잘 먹었습니다","date":"Mon Dec 10 23:59:44 +0000 2018","retweets":"30","favorites":"20","mentions":[],"hashtags":[],"geo":"","raw":"맛있게 배 터지게  잘 먹었습니다","polarity":{"com":0,"pos":0.33333333344444444,"neg":0.6428571428809524,"neut":0.023809523674603175,"none":0},"intensity":{"high":0.14285714295238094,"low":0.1666666666111111,"meium":0.6904761904365079,"none":0},"expressive":{"dir-action":0,"dir-explicit":0.16666666666666666,"dir-speech":0.4285714286666667,"indirect":0.4047619046666666,"writing-device":0}},{"id":"호세야오리바베큐 선릉점","permalink":"","username":"asdfg","text":"역시  맛있어요..  굿!!    혼술 안주로!! 굿!!","date":"Mon Dec 10 23:59:44 +0000 2018","retweets":"30","favorites":"20","mentions":[],"hashtags":[],"geo":"","raw":"역시  맛있어요..  굿!!    혼술 안주로!! 굿!!","polarity":{"com":0,"pos":0.5833333333958333,"neg":0.2500000000625,"neut":0.08333333327083332,"none":0.08333333327083332},"intensity":{"high":0,"low":0.08333333327083332,"meium":0.8333333334583333,"none":0.08333333327083332},"expressive":{"dir-action":0,"dir-explicit":0.08333333327083332,"dir-speech":0.08333333327083332,"indirect":0.7500000001874999,"writing-device":0.08333333327083332}},{"id":"호세야오리바베큐 선릉점","permalink":"","username":"asdfg","text":"맛있어요~ 한번씩 오리바베큐먹고 싶을땐 늘 여기서 시켜요","date":"Mon Dec 10 23:59:44 +0000 2018","retweets":"30","favorites":"20","mentions":[],"hashtags":[],"geo":"","raw":"맛있어요~ 한번씩 오리바베큐먹고 싶을땐 늘 여기서 시켜요","polarity":{"com":0,"pos":0.27777777766666667,"neg":0.7222222223333333,"neut":0,"none":0},"intensity":{"high":0.037037037,"low":0.074074074,"meium":0.888888889,"none":0},"expressive":{"dir-action":0,"dir-explicit":0.074074074,"dir-speech":0.925925926,"indirect":0,"writing-device":0}},{"id":"호세야오리바베큐 선릉점","permalink":"","username":"asdfg","text":"정갈하고 무엇보다 맛있어요항상 맛있게 잘먹구있어용","date":"Mon Dec 10 23:59:44 +0000 2018","retweets":"30","favorites":"20","mentions":[],"hashtags":[],"geo":"","raw":"정갈하고 무엇보다 맛있어요항상 맛있게 잘먹구있어용","polarity":{"com":0.07418782424999999,"pos":0.5893003394999999,"neg":0.15287527774999998,"neut":0.026115401,"none":0.1575211575},"intensity":{"high":0.0967103467258224,"low":0.07459244948135188,"meium":0.6476980228380755,"none":0.1809991809547502},"expressive":{"dir-action":0.00075075075,"dir-explicit":0.283164658,"dir-speech":0.1264186265,"indirect":0.40866678375,"writing-device":0.180999181}},{"id":"호세야오리바베큐 선릉점","permalink":"","username":"asdfg","text":"개 존맛이다다다닷ㅎㅎㅎㅎ","date":"Mon Dec 10 23:59:44 +0000 2018","retweets":"30","favorites":"20","mentions":[],"hashtags":[],"geo":"","raw":"개 존맛이다다다닷ㅎㅎㅎㅎ","polarity":{"com":0,"pos":1,"neg":0,"neut":0,"none":0},"intensity":{"high":0,"low":0,"meium":1,"none":0},"expressive":{"dir-action":0,"dir-explicit":0,"dir-speech":0.5,"indirect":0.5,"writing-device":0}},{"id":"호세야오리바베큐 선릉점","permalink":"","username":"asdfg","text":"역시 굿굿맛있어여ㅜㅜ조앙","date":"Mon Dec 10 23:59:44 +0000 2018","retweets":"30","favorites":"20","mentions":[],"hashtags":[],"geo":"","raw":"역시 굿굿맛있어여ㅜㅜ조앙","polarity":{"com":0,"pos":0.6666666668333333,"neg":0,"neut":0.16666666658333332,"none":0.16666666658333332},"intensity":{"high":0,"low":0.16666666658333332,"meium":0.6666666668333333,"none":0.16666666658333332},"expressive":{"dir-action":0,"dir-explicit":0.16666666658333334,"dir-speech":0.16666666658333334,"indirect":0.50000000025,"writing-device":0.16666666658333334}},{"id":"호세야오리바베큐 선릉점","permalink":"","username":"asdfg","text":"넘맛있는듯요^^!삼겹도괜찮더라구요","date":"Mon Dec 10 23:59:44 +0000 2018","retweets":"30","favorites":"20","mentions":[],"hashtags":[],"geo":"","raw":"넘맛있는듯요^^!삼겹도괜찮더라구요","polarity":{"com":0.0035714285000000004,"pos":0.35714285700000004,"neg":0.3309523810000001,"neut":0.007142857000000001,"none":0.3011904765},"intensity":{"high":0.0714285714642857,"low":0.1404761904297619,"meium":0.48690476175654757,"none":0.3011904763494047},"expressive":{"dir-action":0,"dir-explicit":0.17619047641190475,"dir-speech":0.3166666663416666,"indirect":0.20952380939523807,"writing-device":0.2976190478511905}},{"id":"호세야오리바베큐 선릉점","permalink":"","username":"asdfg","text":"ㅋㅋㅋㅋㅋ 한시간 반동안 안와서 전화해보니깐 출발했다고전화해보겠다고 하더니 전화안줘서 다시 전화하니깐 주문안들어ㅘㅅ대 말임 방구임?","date":"Mon Dec 10 23:59:44 +0000 2018","retweets":"30","favorites":"20","mentions":[],"hashtags":[],"geo":"","raw":"ㅋㅋㅋㅋㅋ 한시간 반동안 안와서 전화해보니깐 출발했다고전화해보겠다고 하더니 전화안줘서 다시 전화하니깐 주문안들어ㅘㅅ대 말임 방구임?","polarity":{"com":0.004183660916666666,"pos":0.6896271429166667,"neg":0.2536157900833333,"neut":0.019725621083333335,"none":0.032847785},"intensity":{"high":0.04478079699626827,"low":0.17572457048535625,"meium":0.7453305701045558,"none":0.03416406241381966},"expressive":{"dir-action":0.002033123250169427,"dir-explicit":0.20264447276688705,"dir-speech":0.2556105107713008,"indirect":0.5039905450419992,"writing-device":0.035721348169643445}},{"id":"호세야오리바베큐 선릉점","permalink":"","username":"asdfg","text":"너무마시또오오오. 쌈뭉백김치 부추 꿀조합 그..모냐 꺼먼소스 취저~후루룹촵촵 ","date":"Mon Dec 10 23:59:44 +0000 2018","retweets":"30","favorites":"20","mentions":[],"hashtags":[],"geo":"","raw":"너무마시또오오오. 쌈뭉백김치 부추 꿀조합 그..모냐 꺼먼소스 취저~후루룹촵촵 ","polarity":{"com":0.033146591999999996,"pos":0.20569561160000002,"neg":0.6984126984,"neut":0.0183006536,"none":0.0444444444},"intensity":{"high":0.05406162461081232,"low":0.14491129782898227,"meium":0.7565826331513166,"none":0.04444444440888889},"expressive":{"dir-action":0,"dir-explicit":0.297945845,"dir-speech":0.497665733,"indirect":0.156022409,"writing-device":0.048366013}},{"id":"호세야오리바베큐 선릉점","permalink":"","username":"asdfg","text":"이번엔 삼겹살만 시켰는데 언제나 좋아요 ㅎ","date":"Mon Dec 10 23:59:44 +0000 2018","retweets":"30","favorites":"20","mentions":[],"hashtags":[],"geo":"","raw":"이번엔 삼겹살만 시켰는데 언제나 좋아요 ㅎ","polarity":{"com":0,"pos":0.35423687417711847,"neg":0.4703174604851587,"neut":0.03663003651831502,"none":0.13881562881940784},"intensity":{"high":0.08357753375,"low":0.08234432224999999,"meium":0.69526251525,"none":0.13881562875000003},"expressive":{"dir-action":0,"dir-explicit":0.49737484750000005,"dir-speech":0.28076923075,"indirect":0.0854822955,"writing-device":0.13637362625000002}},{"id":"호세야오리바베큐 선릉점","permalink":"","username":"asdfg","text":"삼겹살 생각날때 항상먹어요~맛있어요!","date":"Mon Dec 10 23:59:44 +0000 2018","retweets":"30","favorites":"20","mentions":[],"hashtags":[],"geo":"","raw":"삼겹살 생각날때 항상먹어요~맛있어요!","polarity":{"com":0,"pos":0.34848484832575755,"neg":0.5151515152424242,"neut":0.13636363643181817,"none":0},"intensity":{"high":0.101010101,"low":0.2474747475,"meium":0.6515151515000001,"none":0},"expressive":{"dir-action":0,"dir-explicit":0.20202020199999998,"dir-speech":0.7979797980000001,"indirect":0,"writing-device":0}},{"id":"호세야오리바베큐 선릉점","permalink":"","username":"asdfg","text":"언제나 믿고 먹는 맛-!","date":"Mon Dec 10 23:59:44 +0000 2018","retweets":"30","favorites":"20","mentions":[],"hashtags":[],"geo":"","raw":"언제나 믿고 먹는 맛-!","polarity":{"com":0,"pos":0.5555555553333333,"neg":0.44444444466666666,"neut":0,"none":0},"intensity":{"high":0.09259259263580247,"low":0.12962962962345678,"meium":0.7777777777407408,"none":0},"expressive":{"dir-action":0,"dir-explicit":0.18518518506172837,"dir-speech":0.7037037039012345,"indirect":0.11111111103703702,"writing-device":0}},{"id":"호세야오리바베큐 선릉점","permalink":"","username":"asdfg","text":"깨끗하게 잘 오고 맛있어요~!!","date":"Mon Dec 10 23:59:44 +0000 2018","retweets":"30","favorites":"20","mentions":[],"hashtags":[],"geo":"","raw":"깨끗하게 잘 오고 맛있어요~!!","polarity":{"com":0,"pos":0.5714285715238094,"neg":0.40476190480158736,"neut":0.023809523674603175,"none":0},"intensity":{"high":0,"low":0.07142857133333333,"meium":0.9285714286666668,"none":0},"expressive":{"dir-action":0,"dir-explicit":0.29365079366666663,"dir-speech":0.380952381,"indirect":0.3253968253333333,"writing-device":0}},{"id":"호세야오리바베큐 선릉점","permalink":"","username":"asdfg","text":"맛있었어요~~~~~~!","date":"Mon Dec 10 23:59:44 +0000 2018","retweets":"30","favorites":"20","mentions":[],"hashtags":[],"geo":"","raw":"맛있었어요~~~~~~!","polarity":{"com":0,"pos":0,"neg":1,"neut":0,"none":0},"intensity":{"high":0,"low":0,"meium":1,"none":0},"expressive":{"dir-action":0,"dir-explicit":0,"dir-speech":1,"indirect":0,"writing-device":0}},{"id":"호세야오리바베큐 선릉점","permalink":"","username":"asdfg","text":"맛있어요~!!!","date":"Mon Dec 10 23:59:44 +0000 2018","retweets":"30","favorites":"20","mentions":[],"hashtags":[],"geo":"","raw":"맛있어요~~~~~~~~~~~~~~!!!","polarity":{"com":0,"pos":0,"neg":1,"neut":0,"none":0},"intensity":{"high":0,"low":0,"meium":1,"none":0},"expressive":{"dir-action":0,"dir-explicit":0,"dir-speech":1,"indirect":0,"writing-device":0}},{"id":"호세야오리바베큐 선릉점","permalink":"","username":"asdfg","text":"잘먹었습니다!!!!!!!","date":"Mon Dec 10 23:59:44 +0000 2018","retweets":"30","favorites":"20","mentions":[],"hashtags":[],"geo":"","raw":"잘먹었습니다!!!!!!!","polarity":{"com":0,"pos":0.7142857147142857,"neg":0.21428571421428572,"neut":0.07142857107142857,"none":0},"intensity":{"high":0,"low":0.214285714,"meium":0.785714286,"none":0},"expressive":{"dir-action":0,"dir-explicit":0.214285714,"dir-speech":0.142857143,"indirect":0.642857143,"writing-device":0}},{"id":"호세야오리바베큐 선릉점","permalink":"","username":"asdfg","text":"세번짼데 사장님 너무하시네요","date":"Mon Dec 10 23:59:44 +0000 2018","retweets":"30","favorites":"20","mentions":[],"hashtags":[],"geo":"","raw":"세번짼데 사장님 너무하시네요","polarity":{"com":0.047619047666666664,"pos":0.29761904766666664,"neg":0.501984127,"neut":0.041666666666666664,"none":0.111111111},"intensity":{"high":0.2281746033333333,"low":0.047619047666666664,"meium":0.613095238,"none":0.111111111},"expressive":{"dir-action":0,"dir-explicit":0.27380952366666667,"dir-speech":0.35912698433333334,"indirect":0.255952381,"writing-device":0.111111111}},{"id":"호세야오리바베큐 선릉점","permalink":"","username":"asdfg","text":"양 많이 주기로 해놓구선\n반반은 원래 양이적나봐요","date":"Mon Dec 10 23:59:44 +0000 2018","retweets":"30","favorites":"20","mentions":[],"hashtags":[],"geo":"","raw":"양 많이 주기로 해놓구선\n반반은 원래 양이적나봐요","polarity":{"com":0.0056886812,"pos":0.545078066,"neg":0.3605781454,"neut":0.0427949866,"none":0.0458601208},"intensity":{"high":0.05761320300000001,"low":0.16351711160000001,"meium":0.7307107140000001,"none":0.04815897140000001},"expressive":{"dir-action":0.00229885060045977,"dir-explicit":0.27372278345474454,"dir-speech":0.3343055672668611,"indirect":0.3369161262673832,"writing-device":0.05275667241055134}},{"id":"호세야오리바베큐 선릉점","permalink":"","username":"asdfg","text":"오늘 평소보다 고기가 적네요","date":"Mon Dec 10 23:59:44 +0000 2018","retweets":"30","favorites":"20","mentions":[],"hashtags":[],"geo":"","raw":"오늘 평소보다 고기가 적네요","polarity":{"com":0,"pos":0.222222222,"neg":0.277777778,"neut":0.5,"none":0},"intensity":{"high":0.111111111,"low":0,"meium":0.888888889,"none":0},"expressive":{"dir-action":0,"dir-explicit":0.222222222,"dir-speech":0.5,"indirect":0.277777778,"writing-device":0}},{"id":"호세야오리바베큐 선릉점","permalink":"","username":"asdfg","text":"리뷰는.사랑입니까? 열글자 얍","date":"Mon Dec 10 23:59:44 +0000 2018","retweets":"30","favorites":"20","mentions":[],"hashtags":[],"geo":"","raw":"리뷰는.사랑입니까? 열글자 얍","polarity":{"com":0,"pos":0.32804232810934747,"neg":0.28042328042680775,"neut":0.36507936512169314,"none":0.026455026342151678},"intensity":{"high":0.01058201066666666,"low":0.07936507933333332,"meium":0.8835978836666666,"none":0.026455026333333336},"expressive":{"dir-action":0,"dir-explicit":0.052910052999999985,"dir-speech":0.7777777779999999,"indirect":0.1375661373333333,"writing-device":0.03174603166666666}},{"id":"호세야오리바베큐 선릉점","permalink":"","username":"asdfg","text":"좋아요 한동안 자주 시킬거 같음 ㅋㅋ","date":"Mon Dec 10 23:59:44 +0000 2018","retweets":"30","favorites":"20","mentions":[],"hashtags":[],"geo":"","raw":"좋아요 한동안 자주 시킬거 같음 ㅋㅋ","polarity":{"com":0,"pos":0.64,"neg":0.3466666666666667,"neut":0,"none":0.013333333333333334},"intensity":{"high":0.06666666666666667,"low":0.3466666666666667,"meium":0.5733333333333334,"none":0.013333333333333334},"expressive":{"dir-action":0,"dir-explicit":0.19999999999999998,"dir-speech":0.39999999999999997,"indirect":0.05333333333333334,"writing-device":0.3466666666666667}},{"id":"호세야오리바베큐 선릉점","permalink":"","username":"asdfg","text":"오랜만에 시켰는데 배달 오래 걸리긴 해도 쿠폰생겼네요 좋아여 ","date":"Mon Dec 10 23:59:44 +0000 2018","retweets":"30","favorites":"20","mentions":[],"hashtags":[],"geo":"","raw":"오랜만에 시켰는데 배달 오래 걸리긴 해도 쿠폰생겼네요 좋아여 ","polarity":{"com":0,"pos":0.6533333333333333,"neg":0.17333333333333334,"neut":0.16666666666666666,"none":0.006666666666666667},"intensity":{"high":0.11666666666666665,"low":0.22888888883333336,"meium":0.6477777778333333,"none":0.006666666666666667},"expressive":{"dir-action":0,"dir-explicit":0.21111111113148148,"dir-speech":0.5888888889018519,"indirect":0.19333333330111113,"writing-device":0.006666666665555556}},{"id":"호세야오리바베큐 선릉점","permalink":"","username":"asdfg","text":"정말, 정말 만족합니다. 이제까지 수많은 오리를 배달시켜 먹어봤지만, 여기처럼 맛 좋고 보기도 좋은 곳은 처음이네요 진짜 포장 받고 뜯자마자 헉 소리 났습니다 맛보고 또 헉 했구요 앞으로 자주 시켜먹고 친구놈들에게도 추천해야겠습니다 정말 만족합니다~!","date":"Mon Dec 10 23:59:44 +0000 2018","retweets":"30","favorites":"20","mentions":[],"hashtags":[],"geo":"","raw":"정말, 정말 만족합니다. 이제까지 수많은 오리를 배달시켜 먹어봤지만, 여기처럼 맛 좋고 보기도 좋은 곳은 처음이네요 진짜 포장 받고 뜯자마자 헉 소리 났습니다 맛보고 또 헉 했구요 앞으로 자주 시켜먹고 친구놈들에게도 추천해야겠습니다 정말 만족합니다~!","polarity":{"com":0.032240642705646604,"pos":0.5165533126236206,"neg":0.32560903863953256,"neut":0.050661208745778216,"none":0.074935797285422},"intensity":{"high":0.11273619119893863,"low":0.1337536093221872,"meium":0.677312398735224,"none":0.07619780074365018},"expressive":{"dir-action":0.003862162041344819,"dir-explicit":0.2564713783119607,"dir-speech":0.49147747095904365,"indirect":0.14853514402928875,"writing-device":0.09965384465836218}},{"id":"호세야오리바베큐 선릉점","permalink":"","username":"asdfg","text":"오랜만에 맛있는 오리고기먹었습니다 ㅎㅎ","date":"Mon Dec 10 23:59:44 +0000 2018","retweets":"30","favorites":"20","mentions":[],"hashtags":[],"geo":"","raw":"오랜만에 맛있는 오리고기먹었습니다 ㅎㅎ","polarity":{"com":0,"pos":0,"neg":0,"neut":1,"none":0},"intensity":{"high":0,"low":0,"meium":1,"none":0},"expressive":{"dir-action":0,"dir-explicit":0,"dir-speech":1,"indirect":0,"writing-device":0}},{"id":"호세야오리바베큐 선릉점","permalink":"","username":"asdfg","text":"이번엔 배달해주신분  친절하고  위생적으로 깔끔하게 만족입니다","date":"Mon Dec 10 23:59:44 +0000 2018","retweets":"30","favorites":"20","mentions":[],"hashtags":[],"geo":"","raw":"이번엔 배달해주신분  친절하고  위생적으로 깔끔하게 만족입니다","polarity":{"com":0.008961957429851708,"pos":0.42319014206045563,"neg":0.5028027369289718,"neut":0.04228758057746965,"none":0.02275758300325108},"intensity":{"high":0.10839476730119925,"low":0.1268243884466892,"meium":0.7409798213915686,"none":0.023801022860543},"expressive":{"dir-action":0.0022723184285714285,"dir-explicit":0.5379523039999999,"dir-speech":0.19228629557142854,"indirect":0.2420349248571428,"writing-device":0.02545415714285714}},{"id":"호세야오리바베큐 선릉점","permalink":"","username":"asdfg","text":"배달원 불친절 빼고는 음식 양 맛 모두 만족","date":"Mon Dec 10 23:59:44 +0000 2018","retweets":"30","favorites":"20","mentions":[],"hashtags":[],"geo":"","raw":"배달원 불친절 빼고는 음식 양 맛 모두 만족","polarity":{"com":0,"pos":0.6666666666666666,"neg":0.3333333333333333,"neut":0,"none":0},"intensity":{"high":0.111111111,"low":0,"meium":0.888888889,"none":0},"expressive":{"dir-action":0,"dir-explicit":0.3333333333333333,"dir-speech":0.3333333333333333,"indirect":0.3333333333333333,"writing-device":0}},{"id":"호세야오리바베큐 선릉점","permalink":"","username":"asdfg","text":"진짜 이곳의 오리요리는 진리입니다.\n야간이라 천천히 안전하게 오시라고 했는데도 빨리 와주셔서 참 감사히 먹었습니다. 항상 번창하세요.","date":"Mon Dec 10 23:59:44 +0000 2018","retweets":"30","favorites":"20","mentions":[],"hashtags":[],"geo":"","raw":"진짜 이곳의 오리요리는 진리입니다.\n야간이라 천천히 안전하게 오시라고 했는데도 빨리 와주셔서 참 감사히 먹었습니다. 항상 번창하세요.","polarity":{"com":0.009332680915888942,"pos":0.5615624910365364,"neg":0.2611220242282398,"neut":0.07555215916037064,"none":0.0924306446589641},"intensity":{"high":0.17957005224999997,"low":0.07740942666666667,"meium":0.6494528105,"none":0.09356771058333334},"expressive":{"dir-action":0.0014954888333333332,"dir-explicit":0.3917561890833334,"dir-speech":0.29372971900000006,"indirect":0.2150416595,"writing-device":0.09797694358333332}},{"id":"호세야오리바베큐 선릉점","permalink":"","username":"asdfg","text":"긋 다시주문할께요 지금 바로","date":"Mon Dec 10 23:59:44 +0000 2018","retweets":"30","favorites":"20","mentions":[],"hashtags":[],"geo":"","raw":"긋 다시주문할께요 지금 바로","polarity":{"com":0,"pos":0.6666666665000001,"neg":0.3333333335,"neut":0,"none":0},"intensity":{"high":0,"low":0,"meium":1,"none":0},"expressive":{"dir-action":0,"dir-explicit":0.5,"dir-speech":0.3333333335,"indirect":0.1666666665,"writing-device":0}},{"id":"호세야오리바베큐 선릉점","permalink":"","username":"asdfg","text":"평소에 고기를 즐기는 편인데.. 어중간한 야식집에서 시켜먹는 것보다 여기서 시켜먹는 게 훨 낫네요. 고기도 생각보다 많이 주시고 바베큐 향이 잘 나는거랑 부추무침이 특히 개인적으로 좋았습니다. 아 그리고 생각없이 영수증 봤는데 사장님 코멘트 달아놓으신 거 보고 뭔가 귀엽다고 생각했어요..ㅋㅋㅋㅋ","date":"Mon Dec 10 23:59:44 +0000 2018","retweets":"30","favorites":"20","mentions":[],"hashtags":[],"geo":"","raw":"평소에 고기를 즐기는 편인데.. 어중간한 야식집에서 시켜먹는 것보다 여기서 시켜먹는 게 훨 낫네요. 고기도 생각보다 많이 주시고 바베큐 향이 잘 나는거랑 부추무침이 특히 개인적으로 좋았습니다. 아 그리고 생각없이 영수증 봤는데 사장님 코멘트 달아놓으신 거 보고 뭔가 귀엽다고 생각했어요..ㅋㅋㅋㅋ","polarity":{"com":0.020626721358349864,"pos":0.3846785856892257,"neg":0.40177289468785815,"neut":0.16438933526684885,"none":0.028532462997717403},"intensity":{"high":0.08759869448350392,"low":0.1406901240456276,"meium":0.7429164855097166,"none":0.028794695961151782},"expressive":{"dir-action":0.00043427596003474205,"dir-explicit":0.2894855428231588,"dir-speech":0.5189641111615171,"indirect":0.13978834805118306,"writing-device":0.051327722004106215}},{"id":"호세야오리바베큐 선릉점","permalink":"","username":"asdfg","text":"먹다.반해서 차리셨다길래 평소 시키는 호야 말고 여기서 시켜봤아요 ㅋㅋ","date":"Mon Dec 10 23:59:44 +0000 2018","retweets":"30","favorites":"20","mentions":[],"hashtags":[],"geo":"","raw":"먹다.반해서 차리셨다길래 평소 시키는 호야 말고 여기서 시켜봤아요 ㅋㅋ","polarity":{"com":0,"pos":0.4166666665,"neg":0.5833333334999999,"neut":0,"none":0},"intensity":{"high":0.0555555555,"low":0.111111111,"meium":0.8333333334999999,"none":0},"expressive":{"dir-action":0,"dir-explicit":0.111111111,"dir-speech":0.888888889,"indirect":0,"writing-device":0}},{"id":"호세야오리바베큐 선릉점","permalink":"","username":"asdfg","text":"오리고긴데도 비린내 안나고 좋네요\n접시는 다먹고 씻어서 집에서 쓸 생각입니다.\n같이오는 접시 퀄리티 괜찮네요 ㅋㅋ\n그 껌정소스 찍어 먹으니깐 상당히 맛있는데 소스 양이 조금 부족한거 같아요 너무 비벼먹어서 그런지..","date":"Mon Dec 10 23:59:44 +0000 2018","retweets":"30","favorites":"20","mentions":[],"hashtags":[],"geo":"","raw":"오리고긴데도 비린내 안나고 좋네요\n접시는 다먹고 씻어서 집에서 쓸 생각입니다.\n같이오는 접시 퀄리티 괜찮네요 ㅋㅋ\n그 껌정소스 찍어 먹으니깐 상당히 맛있는데 소스 양이 조금 부족한거 같아요 너무 비벼먹어서 그런지..","polarity":{"com":0.0100465002233385,"pos":0.38403804843155975,"neg":0.5261509014473501,"neut":0.03454844222606094,"none":0.04521610767169068},"intensity":{"high":0.1507831266834204,"low":0.18101698757566856,"meium":0.6227390399580821,"none":0.04546084578282898},"expressive":{"dir-action":0.005295243166960846,"dir-explicit":0.21412290862300687,"dir-speech":0.5060593877503367,"indirect":0.17302105028739007,"writing-device":0.10150141017230564}},{"id":"호세야오리바베큐 선릉점","permalink":"","username":"asdfg","text":"넘 잘먹었슴당!!  번창하세유","date":"Mon Dec 10 23:59:44 +0000 2018","retweets":"30","favorites":"20","mentions":[],"hashtags":[],"geo":"","raw":"넘 잘먹었슴당!!  번창하세유","polarity":{"com":0,"pos":0.7142857147142857,"neg":0.21428571421428572,"neut":0.07142857107142857,"none":0},"intensity":{"high":0,"low":0.214285714,"meium":0.785714286,"none":0},"expressive":{"dir-action":0,"dir-explicit":0.214285714,"dir-speech":0.142857143,"indirect":0.642857143,"writing-device":0}},{"id":"호세야오리바베큐 선릉점","permalink":"","username":"asdfg","text":"많은 기대 안하고 시켰는데,  너무 맛있어서\n리뷰 써요:)  전화응대 친절 하시고, 무엇보다 음식 맛이 끝내줍니다^^","date":"Mon Dec 10 23:59:44 +0000 2018","retweets":"30","favorites":"20","mentions":[],"hashtags":[],"geo":"","raw":"많은 기대 안하고 시켰는데,  너무 맛있어서\n리뷰 써요:)  전화응대 친절 하시고, 무엇보다 음식 맛이 끝내줍니다^^","polarity":{"com":0.049603723105599594,"pos":0.5969032891558996,"neg":0.26645849908150465,"neut":0.0319137596631207,"none":0.05512072899387548},"intensity":{"high":0.1274545052080606,"low":0.07708037243587995,"meium":0.7287272953634747,"none":0.06673782699258468},"expressive":{"dir-action":0.012094995223566109,"dir-explicit":0.2979669000331075,"dir-speech":0.3366337963707371,"indirect":0.2842511516982501,"writing-device":0.06905315667433923}}]