[{"id":"남대문황금족발-공릉점","permalink":"","username":"asdfg","text":"나쁘지 않네요\n2인 먹기 좋은량","date":"Mon Dec 10 23:59:44 +0000 2018","retweets":"30","favorites":"20","mentions":[],"hashtags":[],"geo":"","raw":"나쁘지 않네요\n2인 먹기 좋은량","polarity":{"com":0,"pos":0.4419475656666667,"neg":0.38576779033333336,"neut":0.022471909999999998,"none":0.149812734},"intensity":{"high":0.12234706604078237,"low":0.3558052434519351,"meium":0.37203495645734497,"none":0.14981273404993758},"expressive":{"dir-action":0,"dir-explicit":0.1710362046096546,"dir-speech":0.37827715354057423,"indirect":0.2596754059134415,"writing-device":0.19101123593632954}},{"id":"남대문황금족발-공릉점","permalink":"","username":"asdfg","text":"맛있게 먹었습니다..","date":"Mon Dec 10 23:59:44 +0000 2018","retweets":"30","favorites":"20","mentions":[],"hashtags":[],"geo":"","raw":"맛있게 먹었습니다..","polarity":{"com":0,"pos":0.1666666665,"neg":0.8333333334999999,"neut":0,"none":0},"intensity":{"high":0.0555555555,"low":0.111111111,"meium":0.8333333334999999,"none":0},"expressive":{"dir-action":0,"dir-explicit":0.111111111,"dir-speech":0.888888889,"indirect":0,"writing-device":0}},{"id":"남대문황금족발-공릉점","permalink":"","username":"asdfg","text":"맛있게 잘  먹었어요~","date":"Mon Dec 10 23:59:44 +0000 2018","retweets":"30","favorites":"20","mentions":[],"hashtags":[],"geo":"","raw":"맛있게 잘  먹었어요~","polarity":{"com":0,"pos":0.35714285717857136,"neg":0.6071428573035714,"neut":0.03571428551785714,"none":0},"intensity":{"high":0,"low":0.107142857,"meium":0.8928571430000001,"none":0},"expressive":{"dir-action":0,"dir-explicit":0.107142857,"dir-speech":0.5714285715,"indirect":0.3214285715,"writing-device":0}},{"id":"남대문황금족발-공릉점","permalink":"","username":"asdfg","text":"우선 배달 빠르게 와서 굿!!  배고픈데 다행이었어요\n비주얼은 맛나보였어요. 군침돌정도로ㅋㅋ\n족발 중짜리 시켰는데 3명이서 어린이포함 양도 많고 맛도 괜찮아서 맛나게 먹었어요~~","date":"Mon Dec 10 23:59:44 +0000 2018","retweets":"30","favorites":"20","mentions":[],"hashtags":[],"geo":"","raw":"우선 배달 빠르게 와서 굿!!  배고픈데 다행이었어요\n비주얼은 맛나보였어요. 군침돌정도로ㅋㅋ\n족발 중짜리 시켰는데 3명이서 어린이포함 양도 많고 맛도 괜찮아서 맛나게 먹었어요~~","polarity":{"com":0.007541373375,"pos":0.523827637125,"neg":0.280802864875,"neut":0.06710326425,"none":0.120724860375},"intensity":{"high":0.12022000690505501,"low":0.11702487596675623,"meium":0.6417549263479387,"none":0.12100019078025005},"expressive":{"dir-action":0.0002753303750344163,"dir-explicit":0.1540132518942517,"dir-speech":0.3053128526631641,"indirect":0.41817288411477166,"writing-device":0.12222568095277822}},{"id":"남대문황금족발-공릉점","permalink":"","username":"asdfg","text":"맛이솔직히너무없네요.","date":"Mon Dec 10 23:59:44 +0000 2018","retweets":"30","favorites":"20","mentions":[],"hashtags":[],"geo":"","raw":"맛이솔직히너무없네요.","polarity":{"com":0.0714285715,"pos":0.5714285715,"neg":0.357142857,"neut":0,"none":0},"intensity":{"high":0.07142857150000001,"low":0.07142857150000001,"meium":0.857142857,"none":0},"expressive":{"dir-action":0,"dir-explicit":0.2857142855,"dir-speech":0.642857143,"indirect":0.0714285715,"writing-device":0}},{"id":"남대문황금족발-공릉점","permalink":"","username":"asdfg","text":"시며먹은곳중 맛있네요~","date":"Mon Dec 10 23:59:44 +0000 2018","retweets":"30","favorites":"20","mentions":[],"hashtags":[],"geo":"","raw":"시며먹은곳중 맛있네요~","polarity":{"com":0.05555555564814815,"pos":0.2777777775740741,"neg":0.6111111111296297,"neut":0.05555555564814815,"none":0},"intensity":{"high":0.09259259266666665,"low":0.074074074,"meium":0.8333333333333334,"none":0},"expressive":{"dir-action":0,"dir-explicit":0.24074074066666665,"dir-speech":0.7592592593333333,"indirect":0,"writing-device":0}}]