[{"id":"원할머니보쌈 녹번점CESCO","permalink":"","username":"asdfg","text":"친절하시고 배달도 빠르고 맛있게 잘 먹었습니다~^^","date":"Mon Dec 10 23:59:44 +0000 2018","retweets":"30","favorites":"20","mentions":[],"hashtags":[],"geo":"","raw":"친절하시고 배달도 빠르고 맛있게 잘 먹었습니다~^^","polarity":{"com":0.0038709678007741934,"pos":0.6460829493292166,"neg":0.313394777262679,"neut":0.03105990780621198,"none":0.00559139780111828},"intensity":{"high":0.027956989199999997,"low":0.1327496158,"meium":0.8332718896,"none":0.0060215054},"expressive":{"dir-action":0.0012903226,"dir-explicit":0.10565284180000001,"dir-speech":0.48749615979999994,"indirect":0.39996927800000004,"writing-device":0.0055913978}},{"id":"원할머니보쌈 녹번점CESCO","permalink":"","username":"asdfg","text":"너무 맛나게 잘 먹었어요역시 원 이야","date":"Mon Dec 10 23:59:44 +0000 2018","retweets":"30","favorites":"20","mentions":[],"hashtags":[],"geo":"","raw":"너무 맛나게 잘 먹었어요역시 원 이야","polarity":{"com":0.04143324002071662,"pos":0.39402427644701216,"neg":0.3015873016507936,"neut":0.12406629306203315,"none":0.13888888881944444},"intensity":{"high":0.0675770307837885,"low":0.19304388409652196,"meium":0.6004901963002451,"none":0.13888888881944444},"expressive":{"dir-action":0,"dir-explicit":0.38433706809608426,"dir-speech":0.24112978531028245,"indirect":0.23074229705768556,"writing-device":0.14379084953594773}},{"id":"원할머니보쌈 녹번점CESCO","permalink":"","username":"asdfg","text":"맛있게 먹었어요 하지만 야채가조금부족하네요 요게 아쉬웠어요 ","date":"Mon Dec 10 23:59:44 +0000 2018","retweets":"30","favorites":"20","mentions":[],"hashtags":[],"geo":"","raw":"맛있게 먹었어요 하지만 야채가조금부족하네요 요게 아쉬웠어요 ","polarity":{"com":0.006788826666666668,"pos":0.18827808900000004,"neg":0.7347883598333333,"neut":0.028643401833333335,"none":0.04150132266666667},"intensity":{"high":0.06654606284442435,"low":0.06851073751141847,"meium":0.8219537816369923,"none":0.0429894180071649},"expressive":{"dir-action":0,"dir-explicit":0.21092047933333333,"dir-speech":0.4238153595,"indirect":0.32049486466666666,"writing-device":0.0447692965}},{"id":"원할머니보쌈 녹번점CESCO","permalink":"","username":"asdfg","text":"매번시켜먹는 원할머니 보쌈인데 지금 주문한지 25분만에 배달왔어요.대박!!","date":"Mon Dec 10 23:59:44 +0000 2018","retweets":"30","favorites":"20","mentions":[],"hashtags":[],"geo":"","raw":"매번시켜먹는 원할머니 보쌈인데 지금 주문한지 25분만에 배달왔어요.대박!!","polarity":{"com":0.004575163399999999,"pos":0.6580765637999999,"neg":0.27460317479999996,"neut":0.018300653599999998,"none":0.04444444439999999},"intensity":{"high":0.10485527542097105,"low":0.08935574221787115,"meium":0.7613445379522689,"none":0.04444444440888889},"expressive":{"dir-action":0,"dir-explicit":0.41381886100000004,"dir-speech":0.3960784314,"indirect":0.1417366946,"writing-device":0.048366013}},{"id":"원할머니보쌈 녹번점CESCO","permalink":"","username":"asdfg","text":"오늘은 고기에서 좀 냄새 났어요 ","date":"Mon Dec 10 23:59:44 +0000 2018","retweets":"30","favorites":"20","mentions":[],"hashtags":[],"geo":"","raw":"오늘은 고기에서 좀 냄새 났어요 ","polarity":{"com":0.0056497176666666675,"pos":0.6900726389999999,"neg":0.2816787733333333,"neut":0.011299434999999998,"none":0.011299434999999998},"intensity":{"high":0.05770782868590261,"low":0.04519774001506591,"meium":0.885794996295265,"none":0.011299435003766477},"expressive":{"dir-action":0,"dir-explicit":0.295157385,"dir-speech":0.43405972566666673,"indirect":0.2594834543333333,"writing-device":0.011299434999999998}},{"id":"원할머니보쌈 녹번점CESCO","permalink":"","username":"asdfg","text":"너무맛있었답니당^^","date":"Mon Dec 10 23:59:44 +0000 2018","retweets":"30","favorites":"20","mentions":[],"hashtags":[],"geo":"","raw":"너무맛있었답니당^^","polarity":{"com":0.142857143,"pos":0.142857143,"neg":0.714285714,"neut":0,"none":0},"intensity":{"high":0.142857143,"low":0.142857143,"meium":0.714285714,"none":0},"expressive":{"dir-action":0,"dir-explicit":0.5714285710000001,"dir-speech":0.28571428600000004,"indirect":0.14285714300000002,"writing-device":0}},{"id":"원할머니보쌈 녹번점CESCO","permalink":"","username":"asdfg","text":"맛있게 잘먹었습니다~","date":"Mon Dec 10 23:59:44 +0000 2018","retweets":"30","favorites":"20","mentions":[],"hashtags":[],"geo":"","raw":"맛있게 잘먹었습니다~","polarity":{"com":0,"pos":0.35714285717857136,"neg":0.6071428573035714,"neut":0.03571428551785714,"none":0},"intensity":{"high":0,"low":0.107142857,"meium":0.8928571430000001,"none":0},"expressive":{"dir-action":0,"dir-explicit":0.107142857,"dir-speech":0.5714285715,"indirect":0.3214285715,"writing-device":0}},{"id":"원할머니보쌈 녹번점CESCO","permalink":"","username":"asdfg","text":"굳굳 맛나요.","date":"Mon Dec 10 23:59:44 +0000 2018","retweets":"30","favorites":"20","mentions":[],"hashtags":[],"geo":"","raw":"굳굳 맛나요.........","polarity":{"com":0.0114379085,"pos":0.6928104575,"neg":0.138888889,"neut":0.045751634,"none":0.111111111},"intensity":{"high":0.06372549003186273,"low":0.04084967302042484,"meium":0.7843137258921569,"none":0.11111111105555554},"expressive":{"dir-action":0,"dir-explicit":0.209150327,"dir-speech":0.6013071895,"indirect":0.068627451,"writing-device":0.1209150325}},{"id":"원할머니보쌈 녹번점CESCO","permalink":"","username":"asdfg","text":"맛있어요~ㅎㅎㅎㅎㅎ","date":"Mon Dec 10 23:59:44 +0000 2018","retweets":"30","favorites":"20","mentions":[],"hashtags":[],"geo":"","raw":"맛있어요~ㅎㅎㅎㅎㅎ","polarity":{"com":0,"pos":0,"neg":1,"neut":0,"none":0},"intensity":{"high":0,"low":0,"meium":1,"none":0},"expressive":{"dir-action":0,"dir-explicit":0,"dir-speech":1,"indirect":0,"writing-device":0}},{"id":"원할머니보쌈 녹번점CESCO","permalink":"","username":"asdfg","text":"맛있어요~ㅎㅎㅎㅎㅎ","date":"Mon Dec 10 23:59:44 +0000 2018","retweets":"30","favorites":"20","mentions":[],"hashtags":[],"geo":"","raw":"맛있어요~ㅎㅎㅎㅎㅎ","polarity":{"com":0,"pos":0,"neg":1,"neut":0,"none":0},"intensity":{"high":0,"low":0,"meium":1,"none":0},"expressive":{"dir-action":0,"dir-explicit":0,"dir-speech":1,"indirect":0,"writing-device":0}},{"id":"원할머니보쌈 녹번점CESCO","permalink":"","username":"asdfg","text":"보쌈은 여기가 맛있어요~","date":"Mon Dec 10 23:59:44 +0000 2018","retweets":"30","favorites":"20","mentions":[],"hashtags":[],"geo":"","raw":"보쌈은 여기가 맛있어요~","polarity":{"com":0.017403148,"pos":0.3833232445,"neg":0.511803874,"neut":0.057127724000000005,"none":0.030342009499999996},"intensity":{"high":0.1312046005656023,"low":0.12136803856068401,"meium":0.7126210653563105,"none":0.03480629551740315},"expressive":{"dir-action":0,"dir-explicit":0.3230932205,"dir-speech":0.435911017,"indirect":0.210653753,"writing-device":0.030342009499999996}},{"id":"원할머니보쌈 녹번점CESCO","permalink":"","username":"asdfg","text":"맛있게 잘 먹었습니다...","date":"Mon Dec 10 23:59:44 +0000 2018","retweets":"30","favorites":"20","mentions":[],"hashtags":[],"geo":"","raw":"맛있게 잘 먹었습니다...","polarity":{"com":0,"pos":0.35714285717857136,"neg":0.6071428573035714,"neut":0.03571428551785714,"none":0},"intensity":{"high":0,"low":0.107142857,"meium":0.8928571430000001,"none":0},"expressive":{"dir-action":0,"dir-explicit":0.107142857,"dir-speech":0.5714285715,"indirect":0.3214285715,"writing-device":0}},{"id":"원할머니보쌈 녹번점CESCO","permalink":"","username":"asdfg","text":"늘맛있음 솜씨랑 맛보쌈이랑 늘 헷갈림","date":"Mon Dec 10 23:59:44 +0000 2018","retweets":"30","favorites":"20","mentions":[],"hashtags":[],"geo":"","raw":"늘맛있음 솜씨랑 맛보쌈이랑 늘 헷갈림","polarity":{"com":0.02272727275,"pos":0.64772727275,"neg":0.31818181825,"neut":0,"none":0.01136363625},"intensity":{"high":0.011363636252840908,"low":0.03409090900852273,"meium":0.9431818184857954,"none":0.011363636252840908},"expressive":{"dir-action":0,"dir-explicit":0.31818181825,"dir-speech":0.52272727275,"indirect":0.14772727275,"writing-device":0.01136363625}},{"id":"원할머니보쌈 녹번점CESCO","permalink":"","username":"asdfg","text":"맛있어서 더덕보쌈시켰는데 정말 너무너무맛있었어여~~","date":"Mon Dec 10 23:59:44 +0000 2018","retweets":"30","favorites":"20","mentions":[],"hashtags":[],"geo":"","raw":"맛있어서 더덕보쌈시켰는데 정말 너무너무맛있었어여~~","polarity":{"com":0,"pos":0.298611111,"neg":0.638888889,"neut":0,"none":0.0625},"intensity":{"high":0.16666666670833333,"low":0.013888888996527777,"meium":0.7569444443107639,"none":0.062499999984375},"expressive":{"dir-action":0.013888889,"dir-explicit":0.22222222225,"dir-speech":0.6180555555,"indirect":0.08333333325,"writing-device":0.0625}},{"id":"원할머니보쌈 녹번점CESCO","permalink":"","username":"asdfg","text":"ㅡ맛있으므","date":"Mon Dec 10 23:59:44 +0000 2018","retweets":"30","favorites":"20","mentions":[],"hashtags":[],"geo":"","raw":"ㅡㅡㅡㅡㅡㅡㅡ맛있으므ㅡㅡㅡㅡ","polarity":{"com":0,"pos":1,"neg":0,"neut":0,"none":0},"intensity":{"high":0,"low":0,"meium":1,"none":0},"expressive":{"dir-action":0,"dir-explicit":0,"dir-speech":1,"indirect":0,"writing-device":0}},{"id":"원할머니보쌈 녹번점CESCO","permalink":"","username":"asdfg","text":"잘먹었습니다^^\n배송도빠르고맛있네용ㅎ","date":"Mon Dec 10 23:59:44 +0000 2018","retweets":"30","favorites":"20","mentions":[],"hashtags":[],"geo":"","raw":"잘먹었습니다^^\n배송도빠르고맛있네용ㅎ","polarity":{"com":0.0023809523341269843,"pos":0.3095238094365079,"neg":0.5142857145047619,"neut":0.028571428342857145,"none":0.14523809538174604},"intensity":{"high":0.047619047666666664,"low":0.10952380933333333,"meium":0.6976190476666666,"none":0.14523809533333334},"expressive":{"dir-action":0,"dir-explicit":0.13333333328888888,"dir-speech":0.4809523808396825,"indirect":0.24285714291904759,"writing-device":0.14285714295238094}},{"id":"원할머니보쌈 녹번점CESCO","permalink":"","username":"asdfg","text":"포장이 깔끔하고 맛도 좋아요!","date":"Mon Dec 10 23:59:44 +0000 2018","retweets":"30","favorites":"20","mentions":[],"hashtags":[],"geo":"","raw":"포장이 깔끔하고 맛도 좋아요!","polarity":{"com":0.006006006,"pos":0.66440315325,"neg":0.3053265765,"neut":0.00825825825,"none":0.016006006},"intensity":{"high":0.0785285285,"low":0.093521021,"meium":0.8111936937499999,"none":0.01675675675},"expressive":{"dir-action":0.0007507507500000003,"dir-explicit":0.3530780780000001,"dir-speech":0.3225225225,"indirect":0.306891892,"writing-device":0.016756756750000004}},{"id":"원할머니보쌈 녹번점CESCO","permalink":"","username":"asdfg","text":"맛있어요 잘먹었습니다","date":"Mon Dec 10 23:59:44 +0000 2018","retweets":"30","favorites":"20","mentions":[],"hashtags":[],"geo":"","raw":"맛있어요 잘먹었습니다","polarity":{"com":0,"pos":0.35714285717857136,"neg":0.6071428573035714,"neut":0.03571428551785714,"none":0},"intensity":{"high":0,"low":0.107142857,"meium":0.8928571430000001,"none":0},"expressive":{"dir-action":0,"dir-explicit":0.107142857,"dir-speech":0.5714285715,"indirect":0.3214285715,"writing-device":0}},{"id":"원할머니보쌈 녹번점CESCO","permalink":"","username":"asdfg","text":"깔끔하고 완전 맛있어요 보쌈 국수","date":"Mon Dec 10 23:59:44 +0000 2018","retweets":"30","favorites":"20","mentions":[],"hashtags":[],"geo":"","raw":"깔끔하고 완전 맛있어요 보쌈 국수","polarity":{"com":0.012012012,"pos":0.5563063065,"neg":0.403153153,"neut":0.0165165165,"none":0.012012012},"intensity":{"high":0.057057057,"low":0.042042042,"meium":0.8873873875,"none":0.0135135135},"expressive":{"dir-action":0.0015015015000000003,"dir-explicit":0.40615615600000005,"dir-speech":0.045045045000000006,"indirect":0.533783784,"writing-device":0.013513513500000001}},{"id":"원할머니보쌈 녹번점CESCO","permalink":"","username":"asdfg","text":"보쌈김치가 달달하니 안맵고 좋아요 포장도 깔끔하네요","date":"Mon Dec 10 23:59:44 +0000 2018","retweets":"30","favorites":"20","mentions":[],"hashtags":[],"geo":"","raw":"보쌈김치가 달달하니 안맵고 좋아요 포장도 깔끔하네요","polarity":{"com":0.008895903333333333,"pos":0.4400276631666667,"neg":0.4417318118333333,"neut":0.05122594883333333,"none":0.05811867283333333},"intensity":{"high":0.1503784881416036,"low":0.10127728714978712,"meium":0.6863212472189465,"none":0.06202297748966283},"expressive":{"dir-action":0.002416209333736035,"dir-explicit":0.43928864207321483,"dir-speech":0.2006471988667745,"indirect":0.28286498338047744,"writing-device":0.07478296634579716}},{"id":"원할머니보쌈 녹번점CESCO","permalink":"","username":"asdfg","text":"기다리는데 꽤 오랜시간이걸렸는데 배달원분께서 정중히 죄송하다구 말씀하셔서 기분이 싹풀렸어요 배달원님 최고! 그리구 맛도 최고 !!","date":"Mon Dec 10 23:59:44 +0000 2018","retweets":"30","favorites":"20","mentions":[],"hashtags":[],"geo":"","raw":"기다리는데 꽤 오랜시간이걸렸는데 배달원분께서 정중히 죄송하다구 말씀하셔서 기분이 싹풀렸어요 배달원님 최고! 그리구 맛도 최고 !!","polarity":{"com":0.035335335333333336,"pos":0.5376251251666667,"neg":0.38061811808333335,"neut":0.044419419416666675,"none":0.0020020020000000006},"intensity":{"high":0.23682432433333334,"low":0.007007007,"meium":0.7539164164166666,"none":0.00225225225},"expressive":{"dir-action":0.00025025025,"dir-explicit":0.13019269266666667,"dir-speech":0.3908408408333333,"indirect":0.47646396399999996,"writing-device":0.00225225225}},{"id":"원할머니보쌈 녹번점CESCO","permalink":"","username":"asdfg","text":"양이 좀 적은듯하나 맛있어요","date":"Mon Dec 10 23:59:44 +0000 2018","retweets":"30","favorites":"20","mentions":[],"hashtags":[],"geo":"","raw":"양이 좀 적은듯하나 맛있어요","polarity":{"com":0,"pos":0.5,"neg":0.5,"neut":0,"none":0},"intensity":{"high":0,"low":0,"meium":1,"none":0},"expressive":{"dir-action":0,"dir-explicit":0.2,"dir-speech":0.8,"indirect":0,"writing-device":0}},{"id":"원할머니보쌈 녹번점CESCO","permalink":"","username":"asdfg","text":"거리가 멀어서 좀 식었네요.  맛은 좋았어요.  고기 질이 항상 일정해서 좋아요","date":"Mon Dec 10 23:59:44 +0000 2018","retweets":"30","favorites":"20","mentions":[],"hashtags":[],"geo":"","raw":"거리가 멀어서 좀 식었네요.  맛은 좋았어요.  고기 질이 항상 일정해서 좋아요","polarity":{"com":0.003426333777777778,"pos":0.4746353402222222,"neg":0.3911698482222222,"neut":0.12090063633333334,"none":0.009867841444444445},"intensity":{"high":0.05619187467291022,"low":0.17172132479685795,"meium":0.7617294828624144,"none":0.010357317667817481},"expressive":{"dir-action":0.0004894762222766083,"dir-explicit":0.2608255832512028,"dir-speech":0.4845814978316201,"indirect":0.24374612502708287,"writing-device":0.01035731766781748}},{"id":"원할머니보쌈 녹번점CESCO","permalink":"","username":"asdfg","text":"아버지가 보쌈은 원할머니라고해서  시켰는디 역시 맛나융bbb\n","date":"Mon Dec 10 23:59:44 +0000 2018","retweets":"30","favorites":"20","mentions":[],"hashtags":[],"geo":"","raw":"아버지가 보쌈은 원할머니라고해서  시켰는디 역시 맛나융bbb\n","polarity":{"com":0.015688681203137735,"pos":0.3822209232764441,"neg":0.4023241770804648,"neut":0.08723943101744787,"none":0.11252678742250534},"intensity":{"high":0.1533274888306655,"low":0.12907266702581455,"meium":0.6027742061205548,"none":0.11482563802296514},"expressive":{"dir-action":0.00229885060091954,"dir-explicit":0.17308786286923514,"dir-speech":0.5312896942125159,"indirect":0.1739002532695601,"writing-device":0.11942333904776933}},{"id":"원할머니보쌈 녹번점CESCO","permalink":"","username":"asdfg","text":"그냥그래요 브랜드라서 그런지 양적고 고기도 얇아요 ㅠㅠ 그래도 위생은 좋아보이네요","date":"Mon Dec 10 23:59:44 +0000 2018","retweets":"30","favorites":"20","mentions":[],"hashtags":[],"geo":"","raw":"그냥그래요 브랜드라서 그런지 양적고 고기도 얇아요 ㅠㅠ 그래도 위생은 좋아보이네요","polarity":{"com":0.0033898306,"pos":0.23368644060000002,"neg":0.4868644068,"neut":0.219279661,"none":0.056779661},"intensity":{"high":0.09950564961990113,"low":0.12295197742459038,"meium":0.7207627119441525,"none":0.05677966101135594},"expressive":{"dir-action":0,"dir-explicit":0.19590395483918077,"dir-speech":0.6160310735232062,"indirect":0.13128531062625703,"writing-device":0.056779661011355925}},{"id":"원할머니보쌈 녹번점CESCO","permalink":"","username":"asdfg","text":"맛있어요 잘먹었어요 감사해요 ","date":"Mon Dec 10 23:59:44 +0000 2018","retweets":"30","favorites":"20","mentions":[],"hashtags":[],"geo":"","raw":"맛있어요 잘먹었어요 감사해요 ","polarity":{"com":0,"pos":0.5714285715238094,"neg":0.40476190480158736,"neut":0.023809523674603175,"none":0},"intensity":{"high":0.3333333333333333,"low":0.07142857133333333,"meium":0.5952380953333334,"none":0},"expressive":{"dir-action":0,"dir-explicit":0.07142857133333333,"dir-speech":0.7142857143333333,"indirect":0.21428571433333332,"writing-device":0}},{"id":"원할머니보쌈 녹번점CESCO","permalink":"","username":"asdfg","text":"맛이야 뭐 보장되어 있으니깐요\n배달해주시는분도 친절하고 빠르게\n가져다 주셨어요 ^^","date":"Mon Dec 10 23:59:44 +0000 2018","retweets":"30","favorites":"20","mentions":[],"hashtags":[],"geo":"","raw":"맛이야 뭐 보장되어 있으니깐요\n배달해주시는분도 친절하고 빠르게\n가져다 주셨어요 ^^","polarity":{"com":0.006317204333333333,"pos":0.7123300335555556,"neg":0.1736011548888889,"neut":0.032775786555555554,"none":0.07497582066666666},"intensity":{"high":0.06934559365896159,"low":0.13990939854001005,"meium":0.7141413495873177,"none":0.0766036582137107},"expressive":{"dir-action":0.000716845888888889,"dir-explicit":0.17957344833333333,"dir-speech":0.4944202651111111,"indirect":0.25031362,"writing-device":0.07497582066666666}},{"id":"원할머니보쌈 녹번점CESCO","permalink":"","username":"asdfg","text":"먹을만해요~ 양은 작아요-","date":"Mon Dec 10 23:59:44 +0000 2018","retweets":"30","favorites":"20","mentions":[],"hashtags":[],"geo":"","raw":"먹을만해요~ 양은 작아요-","polarity":{"com":0,"pos":0.4166666665,"neg":0.5833333334999999,"neut":0,"none":0},"intensity":{"high":0.0555555555,"low":0.111111111,"meium":0.8333333334999999,"none":0},"expressive":{"dir-action":0,"dir-explicit":0.111111111,"dir-speech":0.888888889,"indirect":0,"writing-device":0}},{"id":"원할머니보쌈 녹번점CESCO","permalink":"","username":"asdfg","text":"오랜만에 시켜요~~연신내점보다 맛나요!친절도하시고!","date":"Mon Dec 10 23:59:44 +0000 2018","retweets":"30","favorites":"20","mentions":[],"hashtags":[],"geo":"","raw":"오랜만에 시켜요~~연신내점보다 맛나요!친절도하시고!","polarity":{"com":0.007625272333333332,"pos":0.5285403049999999,"neg":0.09259259266666667,"neut":0.03050108933333333,"none":0.34074074066666665},"intensity":{"high":0.042483660014161206,"low":0.027233115342411036,"meium":0.5895424838631808,"none":0.34074074078024696},"expressive":{"dir-action":0,"dir-explicit":0.13943355133333332,"dir-speech":0.4675381263333333,"indirect":0.045751634000000006,"writing-device":0.34727668833333336}},{"id":"원할머니보쌈 녹번점CESCO","permalink":"","username":"asdfg","text":"배달 무지하게 느림\n1시간 30분 지났는데 \n아직도 안옴 ㅠ","date":"Mon Dec 10 23:59:44 +0000 2018","retweets":"30","favorites":"20","mentions":[],"hashtags":[],"geo":"","raw":"배달 무지하게 느림\n1시간 30분 지났는데 \n아직도 안옴 ㅠ","polarity":{"com":0.0032258064999999996,"pos":0.4332437275,"neg":0.23933691750000005,"neut":0.1250896058333333,"none":0.19910394266666667},"intensity":{"high":0.06496415766666667,"low":0.07491039416666667,"meium":0.6606630825,"none":0.19946236566666667},"expressive":{"dir-action":0.001075268833154122,"dir-explicit":0.09399641581766725,"dir-speech":0.4935483870844086,"indirect":0.2122759856312873,"writing-device":0.1991039426334827}},{"id":"원할머니보쌈 녹번점CESCO","permalink":"","username":"asdfg","text":"지난번에도 시켜먹었는데 맛나요 ㅎㅎ","date":"Mon Dec 10 23:59:44 +0000 2018","retweets":"30","favorites":"20","mentions":[],"hashtags":[],"geo":"","raw":"지난번에도 시켜먹었는데 맛나요 ㅎㅎ","polarity":{"com":0.00178571425,"pos":0.63690476175,"neg":0.248809524,"neut":0.0035714285,"none":0.1089285715},"intensity":{"high":0.0634920635,"low":0.084126984,"meium":0.743452381,"none":0.1089285715},"expressive":{"dir-action":0,"dir-explicit":0.10198412697450397,"dir-speech":0.7694444443076389,"indirect":0.02142857149464286,"writing-device":0.10714285722321429}},{"id":"원할머니보쌈 녹번점CESCO","permalink":"","username":"asdfg","text":"깔끔한 용기 포장과 동봉된 종량제 봉투가 있어 좋아요\n보쌈은 살짝 고기 누린내가 났고\n두껍게 썰린게 아쉬웠어요\n배달은 30분정도 양호해요","date":"Mon Dec 10 23:59:44 +0000 2018","retweets":"30","favorites":"20","mentions":[],"hashtags":[],"geo":"","raw":"깔끔한 용기 포장과 동봉된 종량제 봉투가 있어 좋아요\n보쌈은 살짝 고기 누린내가 났고\n두껍게 썰린게 아쉬웠어요\n배달은 30분정도 양호해요","polarity":{"com":0.008212045153214458,"pos":0.38168525227833194,"neg":0.42382584050585953,"neut":0.11592533945262114,"none":0.07035152260997296},"intensity":{"high":0.1357430699335187,"low":0.09212669200708669,"meium":0.7004207507461861,"none":0.07170948731320843},"expressive":{"dir-action":0.000727278153846154,"dir-explicit":0.25236652261538467,"dir-speech":0.4012846626923077,"indirect":0.2750390136923077,"writing-device":0.07058252284615386}},{"id":"원할머니보쌈 녹번점CESCO","permalink":"","username":"asdfg","text":"막국수도하나더주시고잘먹었어요ㅋ","date":"Mon Dec 10 23:59:44 +0000 2018","retweets":"30","favorites":"20","mentions":[],"hashtags":[],"geo":"","raw":"막국수도하나더주시고잘먹었어요ㅋ","polarity":{"com":0,"pos":0.7714285715904762,"neg":0.20476190473492065,"neut":0.023809523674603175,"none":0},"intensity":{"high":0,"low":0.07142857133333333,"meium":0.9285714286666668,"none":0},"expressive":{"dir-action":0,"dir-explicit":0.238095238,"dir-speech":0.4142857143333334,"indirect":0.3476190476666667,"writing-device":0}},{"id":"원할머니보쌈 녹번점CESCO","permalink":"","username":"asdfg","text":"간간히 시켜먹었는데 배달통서 첨 주문해먹네요..맛나요..","date":"Mon Dec 10 23:59:44 +0000 2018","retweets":"30","favorites":"20","mentions":[],"hashtags":[],"geo":"","raw":"간간히 시켜먹었는데 배달통서 첨 주문해먹네요..맛나요..","polarity":{"com":0,"pos":0.7333333332,"neg":0.2666666668,"neut":0,"none":0},"intensity":{"high":0.0444444444,"low":0.0888888888,"meium":0.8666666667999999,"none":0},"expressive":{"dir-action":0,"dir-explicit":0.2888888888,"dir-speech":0.7111111111999999,"indirect":0,"writing-device":0}},{"id":"원할머니보쌈 녹번점CESCO","permalink":"","username":"asdfg","text":"저번에 족발시켜먹었는데 넘 맛있어서 이번에는 보쌈 시켰습니다 원할머니 기대저버리지 않겠죠?ㅋ 감사합니다ㅋ","date":"Mon Dec 10 23:59:44 +0000 2018","retweets":"30","favorites":"20","mentions":[],"hashtags":[],"geo":"","raw":"저번에 족발시켜먹었는데 넘 맛있어서 이번에는 보쌈 시켰습니다 원할머니 기대저버리지 않겠죠?ㅋ 감사합니다ㅋ","polarity":{"com":0,"pos":0.4421768706345967,"neg":0.5328798187904115,"neut":0.013605442144800776,"none":0.011337868430191125},"intensity":{"high":0.20493197282786685,"low":0.07369614513232912,"meium":0.7100340136128523,"none":0.011337868426951734},"expressive":{"dir-action":0.007936508,"dir-explicit":0.35997732428571433,"dir-speech":0.5238095238571429,"indirect":0.09467120171428571,"writing-device":0.013605442142857142}}]