[{"id":"윤씨네족보","permalink":"","username":"asdfg","text":"윤씨네족보는 오픈때부터 꾸준히 가던곳인데 배달도된다니 진짜 좋아요!! 이제 족발은 여기서만 먹을거에요 ㅎㅎㅎㅎ","date":"Mon Dec 10 23:59:44 +0000 2018","retweets":"30","favorites":"20","mentions":[],"hashtags":[],"geo":"","raw":"윤씨네족보는 오픈때부터 꾸준히 가던곳인데 배달도된다니 진짜 좋아요!! 이제 족발은 여기서만 먹을거에요 ㅎㅎㅎㅎ","polarity":{"com":0.020018299494995423,"pos":0.46536561446699193,"neg":0.44188799263952805,"neut":0.05523916356952354,"none":0.017488929828961105},"intensity":{"high":0.090524977,"low":0.06506294616666668,"meium":0.826923147,"none":0.01748892983333334},"expressive":{"dir-action":0,"dir-explicit":0.2637137475613572,"dir-speech":0.590316096700807,"indirect":0.08234715382647106,"writing-device":0.06362300191136476}},{"id":"윤씨네족보","permalink":"","username":"asdfg","text":"족발은 항상 여기서만 먹어요. 맛있어요8","date":"Mon Dec 10 23:59:44 +0000 2018","retweets":"30","favorites":"20","mentions":[],"hashtags":[],"geo":"","raw":"족발은 항상 여기서만 먹어요. 맛있어요8","polarity":{"com":0.005649717666666667,"pos":0.28531073433333337,"neg":0.6864406779999999,"neut":0.011299434999999997,"none":0.011299435000000004},"intensity":{"high":0.03389830501129944,"low":0.04519774001506591,"meium":0.9096045199698681,"none":0.011299435003766484},"expressive":{"dir-action":0,"dir-explicit":0.09039548033333332,"dir-speech":0.8531073446666666,"indirect":0.04519773999999998,"writing-device":0.011299435000000004}},{"id":"윤씨네족보","permalink":"","username":"asdfg","text":"대박 맛있어요 부들부들 야들야들","date":"Mon Dec 10 23:59:44 +0000 2018","retweets":"30","favorites":"20","mentions":[],"hashtags":[],"geo":"","raw":"대박 맛있어요 부들부들 야들야들","polarity":{"com":0,"pos":0,"neg":1,"neut":0,"none":0},"intensity":{"high":0,"low":0,"meium":1,"none":0},"expressive":{"dir-action":0,"dir-explicit":0,"dir-speech":1,"indirect":0,"writing-device":0}},{"id":"윤씨네족보","permalink":"","username":"asdfg","text":"배달도 엄청빨랐고 맛있었어요 ^^","date":"Mon Dec 10 23:59:44 +0000 2018","retweets":"30","favorites":"20","mentions":[],"hashtags":[],"geo":"","raw":"배달도 엄청빨랐고 맛있었어요 ^^","polarity":{"com":0,"pos":0.6666666666666666,"neg":0.3333333333333333,"neut":0,"none":0},"intensity":{"high":0,"low":0.111111111,"meium":0.888888889,"none":0},"expressive":{"dir-action":0,"dir-explicit":0,"dir-speech":0.6666666666666666,"indirect":0.3333333333333333,"writing-device":0}},{"id":"윤씨네족보","permalink":"","username":"asdfg","text":"윤씨네 족보 원래 단골입니다~맛있게 먹을게요~","date":"Mon Dec 10 23:59:44 +0000 2018","retweets":"30","favorites":"20","mentions":[],"hashtags":[],"geo":"","raw":"윤씨네 족보 원래 단골입니다~맛있게 먹을게요~","polarity":{"com":0.007625272333333332,"pos":0.5729847493333333,"neg":0.31481481499999997,"neut":0.03050108933333333,"none":0.07407407399999999},"intensity":{"high":0.0795206970265069,"low":0.43464052281154686,"meium":0.41176470613725497,"none":0.07407407402469136},"expressive":{"dir-action":0,"dir-explicit":0.21350762533333337,"dir-speech":0.6601307190000001,"indirect":0.04575163400000001,"writing-device":0.08061002166666668}},{"id":"윤씨네족보","permalink":"","username":"asdfg","text":"직접 가서 먹는것만큼 맛있었어요~\n해물부추전에 해물이 부족한건 아쉬웠어요","date":"Mon Dec 10 23:59:44 +0000 2018","retweets":"30","favorites":"20","mentions":[],"hashtags":[],"geo":"","raw":"직접 가서 먹는것만큼 맛있었어요~\n해물부추전에 해물이 부족한건 아쉬웠어요","polarity":{"com":0.006568144555555554,"pos":0.19978106177777777,"neg":0.5455817065555555,"neut":0.13288329366666668,"none":0.11518579344444443},"intensity":{"high":0.03922641844008596,"low":0.2045247216439417,"meium":0.6397859272622459,"none":0.11646293265372633},"expressive":{"dir-action":0.0012771392223641263,"dir-explicit":0.08313568089812619,"dir-speech":0.42869306082541037,"indirect":0.3625859029291762,"writing-device":0.12430821612492314}},{"id":"윤씨네족보","permalink":"","username":"asdfg","text":"맛있네요 배달도 엄청빠르구요","date":"Mon Dec 10 23:59:44 +0000 2018","retweets":"30","favorites":"20","mentions":[],"hashtags":[],"geo":"","raw":"맛있네요 배달도 엄청빠르구요","polarity":{"com":0,"pos":0.42857142866666664,"neg":0.5714285713333332,"neut":0,"none":0},"intensity":{"high":0.14285714295238094,"low":0.20634920626455028,"meium":0.6507936507830687,"none":0},"expressive":{"dir-action":0,"dir-explicit":0.09523809533333333,"dir-speech":0.380952381,"indirect":0.5238095236666667,"writing-device":0}},{"id":"윤씨네족보","permalink":"","username":"asdfg","text":"윤씨네 족보 자주 먹는집인데 오늘은 뭔가 족발 매우 오버쿡 됀 느낌이네요 살이랑 지방 다 분리나있고....","date":"Mon Dec 10 23:59:44 +0000 2018","retweets":"30","favorites":"20","mentions":[],"hashtags":[],"geo":"","raw":"윤씨네 족보 자주 먹는집인데 오늘은 뭔가 족발 매우 오버쿡 됀 느낌이네요 살이랑 지방 다 분리나있고....","polarity":{"com":0.0024213075714285717,"pos":0.7059494984285715,"neg":0.20031131100000002,"neut":0.004842615,"none":0.08647526800000001},"intensity":{"high":0.17779315116825614,"low":0.2907990314701141,"meium":0.444932549349276,"none":0.0864752680123536},"expressive":{"dir-action":0,"dir-explicit":0.2781967024285715,"dir-speech":0.4799031477142857,"indirect":0.15542488185714284,"writing-device":0.08647526800000001}},{"id":"윤씨네족보","permalink":"","username":"asdfg","text":"이번꺼는 족발고기가 너무 뻣뻣하고 말라있네요..ㅜ\n매운족발이 거의 남아서 냉장고에 있네요...ㅡ.ㅡ\n다음에는 맛있게 해주세욥","date":"Mon Dec 10 23:59:44 +0000 2018","retweets":"30","favorites":"20","mentions":[],"hashtags":[],"geo":"","raw":"이번꺼는 족발고기가 너무 뻣뻣하고 말라있네요..ㅜ\n매운족발이 거의 남아서 냉장고에 있네요...ㅡ.ㅡ\n다음에는 맛있게 해주세욥","polarity":{"com":0.017580973803516194,"pos":0.27296761045459356,"neg":0.4197179322839436,"neut":0.22592235094518445,"none":0.06381113251276223},"intensity":{"high":0.0365106178,"low":0.17567031319999998,"meium":0.7237076362,"none":0.0641114328},"expressive":{"dir-action":0.00030030030000000014,"dir-explicit":0.3397629772000001,"dir-speech":0.4914494853000001,"indirect":0.10120120120000002,"writing-device":0.06728603600000002}},{"id":"윤씨네족보","permalink":"","username":"asdfg","text":"매운족발 정말 맵네요 ㅋㅋㅋㅋ 맛있게 잘먹었습니다","date":"Mon Dec 10 23:59:44 +0000 2018","retweets":"30","favorites":"20","mentions":[],"hashtags":[],"geo":"","raw":"매운족발 정말 맵네요 ㅋㅋㅋㅋ 맛있게 잘먹었습니다","polarity":{"com":0,"pos":0.4880952381626984,"neg":0.40476190480158736,"neut":0.023809523674603175,"none":0.08333333336111111},"intensity":{"high":0.16666666666666666,"low":0.07142857133333333,"meium":0.6785714286666668,"none":0.08333333333333333},"expressive":{"dir-action":0,"dir-explicit":0.238095238,"dir-speech":0.4642857143333334,"indirect":0.21428571433333332,"writing-device":0.08333333333333333}},{"id":"윤씨네족보","permalink":"","username":"asdfg","text":"매운구운족발 굽기만 해서 소스 따로달라고 전화로도 말씀드렸는데 그냥왔네요...","date":"Mon Dec 10 23:59:44 +0000 2018","retweets":"30","favorites":"20","mentions":[],"hashtags":[],"geo":"","raw":"매운구운족발 굽기만 해서 소스 따로달라고 전화로도 말씀드렸는데 그냥왔네요...","polarity":{"com":0.0014285714,"pos":0.2428571428,"neg":0.2657142858,"neut":0.20285714279999997,"none":0.2871428572},"intensity":{"high":0.028571428599999997,"low":0.0228571428,"meium":0.6614285714,"none":0.2871428572},"expressive":{"dir-action":0,"dir-explicit":0.03714285719257143,"dir-speech":0.45999999990799995,"indirect":0.21714285715657142,"writing-device":0.2857142857428571}},{"id":"윤씨네족보","permalink":"","username":"asdfg","text":"맛있게 먹었어요.\n푸짐하면서도 골고루 나와 잘 먹었네요","date":"Mon Dec 10 23:59:44 +0000 2018","retweets":"30","favorites":"20","mentions":[],"hashtags":[],"geo":"","raw":"맛있게 먹었어요.\n푸짐하면서도 골고루 나와 잘 먹었네요","polarity":{"com":0.017099242002849877,"pos":0.3957528957326255,"neg":0.4907335909151223,"neut":0.019791219669965204,"none":0.07662305167943718},"intensity":{"high":0.061347061333333334,"low":0.12962247949999997,"meium":0.7319069069999999,"none":0.07712355216666666},"expressive":{"dir-action":0.012405262333333335,"dir-explicit":0.20337480333333335,"dir-speech":0.4803589303333333,"indirect":0.22792792800000003,"writing-device":0.075933076}},{"id":"윤씨네족보","permalink":"","username":"asdfg","text":"골뱅이 양념 짜지않고 맛있네요!! 족발도 야들야들","date":"Mon Dec 10 23:59:44 +0000 2018","retweets":"30","favorites":"20","mentions":[],"hashtags":[],"geo":"","raw":"골뱅이 양념 짜지않고 맛있네요!! 족발도 야들야들","polarity":{"com":0.0035714285,"pos":0.107142857,"neg":0.6642857145000001,"neut":0.007142857,"none":0.217857143},"intensity":{"high":0.0714285715,"low":0.057142857,"meium":0.6535714285,"none":0.217857143},"expressive":{"dir-action":0,"dir-explicit":0.09285714295357143,"dir-speech":0.649999999675,"indirect":0.042857142978571426,"writing-device":0.21428571439285712}},{"id":"윤씨네족보","permalink":"","username":"asdfg","text":"배달도 빠르고 떡만두국까지 넘 조으네요^^\n몇분안됐는데 인기 폭발이네요ㅎ","date":"Mon Dec 10 23:59:44 +0000 2018","retweets":"30","favorites":"20","mentions":[],"hashtags":[],"geo":"","raw":"배달도 빠르고 떡만두국까지 넘 조으네요^^\n몇분안됐는데 인기 폭발이네요ㅎ","polarity":{"com":0.003267973857142857,"pos":0.7596341567142856,"neg":0.09487734485714285,"neut":0.013071895428571428,"none":0.12914862914285713},"intensity":{"high":0.07935446902267271,"low":0.06578388916165255,"meium":0.7192195062054912,"none":0.13564213561018346},"expressive":{"dir-action":0,"dir-explicit":0.21560139217365734,"dir-speech":0.40556828791508115,"indirect":0.24038706389148384,"writing-device":0.1384432560197776}},{"id":"윤씨네족보","permalink":"","username":"asdfg","text":"정말맛잇어요 !! 강추욤 ~^^","date":"Mon Dec 10 23:59:44 +0000 2018","retweets":"30","favorites":"20","mentions":[],"hashtags":[],"geo":"","raw":"정말맛잇어요 !! 강추욤 ~^^","polarity":{"com":0,"pos":0.75,"neg":0,"neut":0,"none":0.25},"intensity":{"high":0.5,"low":0,"meium":0.25,"none":0.25},"expressive":{"dir-action":0,"dir-explicit":0.5,"dir-speech":0.25,"indirect":0,"writing-device":0.25}},{"id":"윤씨네족보","permalink":"","username":"asdfg","text":"처음 시켜본 집인데 야들야들하니 정말 맛있네요!\n곁들이찬도 너무 맘에 듭니다\n또 시켜먹을려구요~!","date":"Mon Dec 10 23:59:44 +0000 2018","retweets":"30","favorites":"20","mentions":[],"hashtags":[],"geo":"","raw":"처음 시켜본 집인데 야들야들하니 정말 맛있네요!\n곁들이찬도 너무 맘에 듭니다\n또 시켜먹을려구요~!","polarity":{"com":0.029022988558990145,"pos":0.4677457187995376,"neg":0.2659746658860109,"neut":0.0237977948469438,"none":0.21345883190851764},"intensity":{"high":0.1320666198382762,"low":0.04629368985052947,"meium":0.6065388221990659,"none":0.21510086811212845},"expressive":{"dir-action":0.0016420361428571427,"dir-explicit":0.22979122685714287,"dir-speech":0.44805887871428574,"indirect":0.07678278214285714,"writing-device":0.24372507614285713}},{"id":"윤씨네족보","permalink":"","username":"asdfg","text":"족발은 항상 요기서만 시켜요\n반반시켰는데  요번엔 매운족발 고기상태가 조금아쉬웠어요","date":"Mon Dec 10 23:59:44 +0000 2018","retweets":"30","favorites":"20","mentions":[],"hashtags":[],"geo":"","raw":"족발은 항상 요기서만 시켜요\n반반시켰는데  요번엔 매운족발 고기상태가 조금아쉬웠어요","polarity":{"com":0.004350787001087697,"pos":0.3385048037096262,"neg":0.42755414323188856,"neut":0.15759694928939924,"none":0.07199331676799832},"intensity":{"high":0.07042325037500001,"low":0.19845861525,"meium":0.658008746125,"none":0.07310938825000002},"expressive":{"dir-action":0.0069444445,"dir-explicit":0.17807184,"dir-speech":0.377140147375,"indirect":0.36707125262499996,"writing-device":0.0707723155}},{"id":"윤씨네족보","permalink":"","username":"asdfg","text":"처음 시켜 먹어봤는데 족발이 다른 곳에 비해 야들야들하고 광장히 부드럽네요!! 매운 족발은 딱 맛있게 매운데 맵긴매워여 ㅋㅋㅋㅋ \n여튼 맛있게 잘먹었 습니다 ><","date":"Mon Dec 10 23:59:44 +0000 2018","retweets":"30","favorites":"20","mentions":[],"hashtags":[],"geo":"","raw":"처음 시켜 먹어봤는데 족발이 다른 곳에 비해 야들야들하고 광장히 부드럽네요!! 매운 족발은 딱 맛있게 매운데 맵긴매워여 ㅋㅋㅋㅋ \n여튼 맛있게 잘먹었 습니다 ><","polarity":{"com":0.03352765636058839,"pos":0.40104750159990477,"neg":0.4447987475959273,"neut":0.0451345924504423,"none":0.07549150199313714},"intensity":{"high":0.0576227235559314,"low":0.08164656892393574,"meium":0.7837937928697807,"none":0.07693691465035216},"expressive":{"dir-action":0.0014454126363636364,"dir-explicit":0.2952909454545455,"dir-speech":0.48348967527272735,"indirect":0.1295112328181818,"writing-device":0.09026273381818184}},{"id":"윤씨네족보","permalink":"","username":"asdfg","text":"음식은 맛있고 양도 적당한데 배달이 조금 늦은거 같네여.","date":"Mon Dec 10 23:59:44 +0000 2018","retweets":"30","favorites":"20","mentions":[],"hashtags":[],"geo":"","raw":"음식은 맛있고 양도 적당한데 배달이 조금 늦은거 같네여.","polarity":{"com":0.0079643595,"pos":0.38127504416666663,"neg":0.5277528891666666,"neut":0.020334005333333332,"none":0.06267370183333333},"intensity":{"high":0.062348075687449364,"low":0.04462530168154177,"meium":0.8296187064432062,"none":0.06340791618780264},"expressive":{"dir-action":0.0007342143334557024,"dir-explicit":0.11421389285236898,"dir-speech":0.18120369686353396,"indirect":0.4737736130789623,"writing-device":0.23007458287167912}},{"id":"윤씨네족보","permalink":"","username":"asdfg","text":"리뷰가 없어서 망설였는데 마눌님께서 골뱅이가 먹고싶다하여 매뉴를 보니 마침 소면에 골뱅이무침 이나오드라구요 저녁을 먹었음에도 불구하고 깨끗히 비웟습니다 족발도 쫄깃하고 소면도 불지 않코 야들야들 ㅎ 지금까지 여기저기 많이 시켜먹어봣지만 여기만큼 맛좋은 곳은 없었음 진심 마눌님도 인정 변치말고 이맛 계속 이어가 주시길 바랍니다 ^^번창 하세요  아! 무무침이 양념이 덜배서옴 좀더 익혀서 왓음 좋겟어요","date":"Mon Dec 10 23:59:44 +0000 2018","retweets":"30","favorites":"20","mentions":[],"hashtags":[],"geo":"","raw":"리뷰가 없어서 망설였는데 마눌님께서 골뱅이가 먹고싶다하여 매뉴를 보니 마침 소면에 골뱅이무침 이나오드라구요 저녁을 먹었음에도 불구하고 깨끗히 비웟습니다 족발도 쫄깃하고 소면도 불지 않코 야들야들 ㅎ 지금까지 여기저기 많이 시켜먹어봣지만 여기만큼 맛좋은 곳은 없었음 진심 마눌님도 인정 변치말고 이맛 계속 이어가 주시길 바랍니다 ^^번창 하세요  아! 무무침이 양념이 덜배서옴 좀더 익혀서 왓음 좋겟어요","polarity":{"com":0.011109567463888945,"pos":0.40099065405710754,"neg":0.3536616384873692,"neut":0.06955128671180175,"none":0.1646868532798326},"intensity":{"high":0.13933302529566666,"low":0.12335869358023989,"meium":0.5699105196121365,"none":0.16739776151195696},"expressive":{"dir-action":0.0004219133928571429,"dir-explicit":0.24997462742857146,"dir-speech":0.39661287674999995,"indirect":0.17261355996428576,"writing-device":0.18037702246428575}},{"id":"윤씨네족보","permalink":"","username":"asdfg","text":"처음 먹어봤는데 예상보다 양이 좀 적더라고요\n그런데 족발 맛은 아주 좋았습니다\n국수도 양념이 맛있고 같이주는 떡국도 맛있어요","date":"Mon Dec 10 23:59:44 +0000 2018","retweets":"30","favorites":"20","mentions":[],"hashtags":[],"geo":"","raw":"처음 먹어봤는데 예상보다 양이 좀 적더라고요\n그런데 족발 맛은 아주 좋았습니다\n국수도 양념이 맛있고 같이주는 떡국도 맛있어요","polarity":{"com":0.02260462549717442,"pos":0.6030719005496159,"neg":0.28810179358898724,"neut":0.012798930123400134,"none":0.07342275024082216},"intensity":{"high":0.15607300189450915,"low":0.09330553801166319,"meium":0.676648049084581,"none":0.07397341100924669},"expressive":{"dir-action":0.0005506607499311674,"dir-explicit":0.25444068596819497,"dir-speech":0.42997561357125313,"indirect":0.241952485844756,"writing-device":0.07308055386586494}},{"id":"윤씨네족보","permalink":"","username":"asdfg","text":"골빔면 맛있었어요. 양념도, 골뱅이도 듬뿍","date":"Mon Dec 10 23:59:44 +0000 2018","retweets":"30","favorites":"20","mentions":[],"hashtags":[],"geo":"","raw":"골빔면 맛있었어요. 양념도, 골뱅이도 듬뿍","polarity":{"com":0.0035714285,"pos":0.35714285700000004,"neg":0.41428571450000007,"neut":0.007142857,"none":0.217857143},"intensity":{"high":0.0714285715,"low":0.307142857,"meium":0.40357142850000005,"none":0.217857143},"expressive":{"dir-action":0,"dir-explicit":0.21785714289107144,"dir-speech":0.3999999998,"indirect":0.1678571429160714,"writing-device":0.21428571439285712}},{"id":"윤씨네족보","permalink":"","username":"asdfg","text":"족발 맛있어요\n불족하고 족발 반반시켰는데 만족합니다","date":"Mon Dec 10 23:59:44 +0000 2018","retweets":"30","favorites":"20","mentions":[],"hashtags":[],"geo":"","raw":"족발 맛있어요\n불족하고 족발 반반시켰는데 만족합니다","polarity":{"com":0.0038709677999999997,"pos":0.1921146952,"neg":0.7816487456,"neut":0.0167741936,"none":0.0055913978},"intensity":{"high":0.06129032258774194,"low":0.034336917593132614,"meium":0.8983512544203297,"none":0.006021505398795699},"expressive":{"dir-action":0.0124014338,"dir-explicit":0.5405734768,"dir-speech":0.3033691756,"indirect":0.138064516,"writing-device":0.0055913978}}]