[{"id":"오늘도만족","permalink":"","username":"asdfg","text":"다시시킬라고했는데 다시안하시는지??","date":"Mon Dec 10 23:59:44 +0000 2018","retweets":"30","favorites":"20","mentions":[],"hashtags":[],"geo":"","raw":"다시시킬라고했는데 다시안하시는지??","polarity":{"com":0,"pos":0.5714285710000001,"neg":0.28571428600000004,"neut":0,"none":0.14285714300000002},"intensity":{"high":0.14285714300000002,"low":0,"meium":0.7142857140000001,"none":0.14285714300000002},"expressive":{"dir-action":0,"dir-explicit":0.14285714300000002,"dir-speech":0.7142857140000001,"indirect":0,"writing-device":0.14285714300000002}},{"id":"오늘도만족","permalink":"","username":"asdfg","text":"3번째 주문  ㅎㅎㅎ","date":"Mon Dec 10 23:59:44 +0000 2018","retweets":"30","favorites":"20","mentions":[],"hashtags":[],"geo":"","raw":"3번째 주문  ㅎㅎㅎ","polarity":{"com":0,"pos":1,"neg":0,"neut":0,"none":0},"intensity":{"high":0,"low":0,"meium":1,"none":0},"expressive":{"dir-action":0,"dir-explicit":1,"dir-speech":0,"indirect":0,"writing-device":0}},{"id":"오늘도만족","permalink":"","username":"asdfg","text":"역시 맛있고 양도 푸짐 ^^","date":"Mon Dec 10 23:59:44 +0000 2018","retweets":"30","favorites":"20","mentions":[],"hashtags":[],"geo":"","raw":"역시 맛있고 양도 푸짐 ^^","polarity":{"com":0,"pos":0.3333333333333333,"neg":0,"neut":0.3333333333333333,"none":0.3333333333333333},"intensity":{"high":0,"low":0.3333333333333333,"meium":0.3333333333333333,"none":0.3333333333333333},"expressive":{"dir-action":0,"dir-explicit":0.3333333333333333,"dir-speech":0.3333333333333333,"indirect":0,"writing-device":0.3333333333333333}},{"id":"오늘도만족","permalink":"","username":"asdfg","text":"시간이 지나도 배달이 안와요","date":"Mon Dec 10 23:59:44 +0000 2018","retweets":"30","favorites":"20","mentions":[],"hashtags":[],"geo":"","raw":"시간이 지나도 배달이 안와요","polarity":{"com":0,"pos":0.5,"neg":0.4375,"neut":0.041666666666666664,"none":0.020833333333333332},"intensity":{"high":0.1875,"low":0,"meium":0.7916666666666666,"none":0.020833333333333332},"expressive":{"dir-action":0,"dir-explicit":0.3125,"dir-speech":0.5625,"indirect":0.08333333333333333,"writing-device":0.041666666666666664}},{"id":"오늘도만족","permalink":"","username":"asdfg","text":"맛잇게 잘 먹었습니다","date":"Mon Dec 10 23:59:44 +0000 2018","retweets":"30","favorites":"20","mentions":[],"hashtags":[],"geo":"","raw":"맛잇게 잘 먹었습니다","polarity":{"com":0,"pos":0.8571428574285714,"neg":0.10714285705357143,"neut":0.035714285517857144,"none":0},"intensity":{"high":0,"low":0.107142857,"meium":0.8928571430000001,"none":0},"expressive":{"dir-action":0,"dir-explicit":0.107142857,"dir-speech":0.5714285715,"indirect":0.3214285715,"writing-device":0}},{"id":"오늘도만족","permalink":"","username":"asdfg","text":"먹어본집중에 최고  진짜루요 가격도","date":"Mon Dec 10 23:59:44 +0000 2018","retweets":"30","favorites":"20","mentions":[],"hashtags":[],"geo":"","raw":"먹어본집중에 최고  진짜루요 가격도","polarity":{"com":0,"pos":0.8055555555,"neg":0.1944444445,"neut":0,"none":0},"intensity":{"high":0.22222222225000002,"low":0.13888888875,"meium":0.638888889,"none":0},"expressive":{"dir-action":0,"dir-explicit":0.22222222225,"dir-speech":0.27777777775,"indirect":0.5,"writing-device":0}},{"id":"오늘도만족","permalink":"","username":"asdfg","text":"두번째 리뷰\n장사 제대로 하는집 같다\n늦은 새벽시간인데도\n야채가 신선하고\n가격대비 양도 많고 청결하다\n음....\n조만간 대박 나겠네요 ㅎㅎ","date":"Mon Dec 10 23:59:44 +0000 2018","retweets":"30","favorites":"20","mentions":[],"hashtags":[],"geo":"","raw":"두번째 리뷰\n장사 제대로 하는집 같다\n늦은 새벽시간인데도\n야채가 신선하고\n가격대비 양도 많고 청결하다\n음....\n조만간 대박 나겠네요 ㅎㅎ","polarity":{"com":0.006836721000000001,"pos":0.4395170187272728,"neg":0.4546785468181819,"neut":0.03407532463636364,"none":0.06489238881818182},"intensity":{"high":0.11639836236363638,"low":0.08765285345454545,"meium":0.728808768,"none":0.06714001618181818},"expressive":{"dir-action":0.0022179526365652684,"dir-explicit":0.21232869638293894,"dir-speech":0.3159808056650892,"indirect":0.402094710945645,"writing-device":0.06737783436976161}},{"id":"오늘도만족","permalink":"","username":"asdfg","text":"양도 많고 존맛탱입니다... 조만간또주문할게요","date":"Mon Dec 10 23:59:44 +0000 2018","retweets":"30","favorites":"20","mentions":[],"hashtags":[],"geo":"","raw":"양도 많고 존맛탱입니다... 조만간또주문할게요","polarity":{"com":0.007038442665493592,"pos":0.4059852395990025,"neg":0.437375794927104,"neut":0.03647541616058743,"none":0.11312510664781247},"intensity":{"high":0.08801758186267253,"low":0.0692032803564011,"meium":0.7292956080764319,"none":0.11348352970449449},"expressive":{"dir-action":0.001075268833512545,"dir-explicit":0.23281257037213546,"dir-speech":0.3333906042222317,"indirect":0.29251895238208653,"writing-device":0.14020260419003377}},{"id":"오늘도만족","permalink":"","username":"asdfg","text":"맛있어요 양도 푸짐^^","date":"Mon Dec 10 23:59:44 +0000 2018","retweets":"30","favorites":"20","mentions":[],"hashtags":[],"geo":"","raw":"맛있어요 양도 푸짐^^","polarity":{"com":0.0035714285,"pos":0.107142857,"neg":0.6642857145000001,"neut":0.007142857,"none":0.217857143},"intensity":{"high":0.0714285715,"low":0.057142857,"meium":0.6535714285,"none":0.217857143},"expressive":{"dir-action":0,"dir-explicit":0.09285714295357143,"dir-speech":0.649999999675,"indirect":0.042857142978571426,"writing-device":0.21428571439285712}},{"id":"오늘도만족","permalink":"","username":"asdfg","text":"맛있었습니다~.","date":"Mon Dec 10 23:59:44 +0000 2018","retweets":"30","favorites":"20","mentions":[],"hashtags":[],"geo":"","raw":"맛있었습니다~.","polarity":{"com":0,"pos":0,"neg":1,"neut":0,"none":0},"intensity":{"high":0,"low":0,"meium":1,"none":0},"expressive":{"dir-action":0,"dir-explicit":0,"dir-speech":1,"indirect":0,"writing-device":0}},{"id":"오늘도만족","permalink":"","username":"asdfg","text":"혼족은 이집이 가성비 갑 ㅎㅎ","date":"Mon Dec 10 23:59:44 +0000 2018","retweets":"30","favorites":"20","mentions":[],"hashtags":[],"geo":"","raw":"혼족은 이집이 가성비 갑 ㅎㅎ","polarity":{"com":0.00423728825,"pos":0.38443759625,"neg":0.52619414475,"neut":0.053929121749999996,"none":0.031201848999999997},"intensity":{"high":0.04815100151203775,"low":0.12101951728025487,"meium":0.799627632199907,"none":0.03120184900780046},"expressive":{"dir-action":0,"dir-explicit":0.19279661025,"dir-speech":0.5943759630000001,"indirect":0.18162557775,"writing-device":0.031201848999999997}},{"id":"오늘도만족","permalink":"","username":"asdfg","text":"싼 가격에 양을 되게 많이 주셔서 조금 놀랐습니다 둘이서 먹어도 될 것 같은 양이에요!!","date":"Mon Dec 10 23:59:44 +0000 2018","retweets":"30","favorites":"20","mentions":[],"hashtags":[],"geo":"","raw":"싼 가격에 양을 되게 많이 주셔서 조금 놀랐습니다 둘이서 먹어도 될 것 같은 양이에요!!","polarity":{"com":0.012051310995982896,"pos":0.45869043006932547,"neg":0.36553665643370997,"neut":0.10494729018723978,"none":0.05877431231374189},"intensity":{"high":0.06702912700000001,"low":0.1798211227777778,"meium":0.6938859616666667,"none":0.05926378855555556},"expressive":{"dir-action":0.0021578112222222223,"dir-explicit":0.4369385744444445,"dir-speech":0.28159177288888887,"indirect":0.2151878467777778,"writing-device":0.06412399466666667}},{"id":"오늘도만족","permalink":"","username":"asdfg","text":"족발 맛없어요 먹고 배탈나서 고생햇어요","date":"Mon Dec 10 23:59:44 +0000 2018","retweets":"30","favorites":"20","mentions":[],"hashtags":[],"geo":"","raw":"족발 맛없어요 먹고 배탈나서 고생햇어요","polarity":{"com":0.020498084333333333,"pos":0.35172413766666666,"neg":0.5396551726666667,"neut":0.02298850566666667,"none":0.06513409966666667},"intensity":{"high":0.09201787996932738,"low":0.13288633462237123,"meium":0.7061302680979565,"none":0.06896551731034484},"expressive":{"dir-action":0.003831417667943805,"dir-explicit":0.16104725405368242,"dir-speech":0.6805236272268412,"indirect":0.07796934869265644,"writing-device":0.0766283523588761}},{"id":"오늘도만족","permalink":"","username":"asdfg","text":"맛나게 잘 먹었습니닷","date":"Mon Dec 10 23:59:44 +0000 2018","retweets":"30","favorites":"20","mentions":[],"hashtags":[],"geo":"","raw":"맛나게 잘 먹었습니닷","polarity":{"com":0,"pos":0.7142857147142857,"neg":0.21428571421428572,"neut":0.07142857107142857,"none":0},"intensity":{"high":0,"low":0.214285714,"meium":0.785714286,"none":0},"expressive":{"dir-action":0,"dir-explicit":0.214285714,"dir-speech":0.142857143,"indirect":0.642857143,"writing-device":0}},{"id":"오늘도만족","permalink":"","username":"asdfg","text":"일인분에 파전추가해서먹었는데 \n 양은괸찮았어요~","date":"Mon Dec 10 23:59:44 +0000 2018","retweets":"30","favorites":"20","mentions":[],"hashtags":[],"geo":"","raw":"일인분에 파전추가해서먹었는데 \n 양은괸찮았어요~","polarity":{"com":0.0096774195,"pos":0.4247311825,"neg":0.5096774195,"neut":0.041935484,"none":0.0139784945},"intensity":{"high":0.1254480285,"low":0.169175627,"meium":0.690322581,"none":0.0150537635},"expressive":{"dir-action":0.003225806499999999,"dir-explicit":0.26810035849999997,"dir-speech":0.5362007169999999,"indirect":0.17849462349999998,"writing-device":0.013978494499999997}},{"id":"오늘도만족","permalink":"","username":"asdfg","text":"처음시켰는데 맛있어요ㅎㅎ 배달분 친절하세요^^","date":"Mon Dec 10 23:59:44 +0000 2018","retweets":"30","favorites":"20","mentions":[],"hashtags":[],"geo":"","raw":"처음시켰는데 맛있어요ㅎㅎ 배달분 친절하세요^^","polarity":{"com":0.04055299548986174,"pos":0.48617511512845624,"neg":0.4096006143975998,"neut":0.020967741994758066,"none":0.04270353298932412},"intensity":{"high":0.0349462365,"low":0.029032258,"meium":0.892780338,"none":0.0432411675},"expressive":{"dir-action":0.0016129032495967742,"dir-explicit":0.1499231952125192,"dir-speech":0.6807987710798002,"indirect":0.1249615974687596,"writing-device":0.04270353298932412}},{"id":"오늘도만족","permalink":"","username":"asdfg","text":"다 좋구 맛있음\n가성비도 지리고\n구지 단점을 뽑자면 비빔면이 먼가 2프로 부족한 느낌","date":"Mon Dec 10 23:59:44 +0000 2018","retweets":"30","favorites":"20","mentions":[],"hashtags":[],"geo":"","raw":"다 좋구 맛있음\n가성비도 지리고\n구지 단점을 뽑자면 비빔면이 먼가 2프로 부족한 느낌","polarity":{"com":0.005278832,"pos":0.552004457625,"neg":0.35380824375000003,"neut":0.021921779500000002,"none":0.066986687125},"intensity":{"high":0.1941187765,"low":0.19972854725,"meium":0.538897171875,"none":0.067255504375},"expressive":{"dir-action":0.0008064516248991936,"dir-explicit":0.2951063222131118,"dir-speech":0.32286904008464135,"indirect":0.31178051858602746,"writing-device":0.06943766749132028}},{"id":"오늘도만족","permalink":"","username":"asdfg","text":"와 요구사항 까지도 다 들어주시고 친절히 전화까지 주셔서 안내해주시더라구요.\n\n혼자  먹을만한 메뉴가 없었는데 여긴 강추합니다","date":"Mon Dec 10 23:59:44 +0000 2018","retweets":"30","favorites":"20","mentions":[],"hashtags":[],"geo":"","raw":"와 요구사항 까지도 다 들어주시고 친절히 전화까지 주셔서 안내해주시더라구요.\n\n혼자  먹을만한 메뉴가 없었는데 여긴 강추합니다","polarity":{"com":0.004585253499541474,"pos":0.52909882214709,"neg":0.3156169995684383,"neut":0.0904249872909575,"none":0.060273937493972606},"intensity":{"high":0.1066871479893313,"low":0.10465437778953456,"meium":0.7279544291272045,"none":0.0607040450939296},"expressive":{"dir-action":0.0012903225997419356,"dir-explicit":0.27247823864550436,"dir-speech":0.3833691756233262,"indirect":0.28330261134333945,"writing-device":0.05955965178808807}},{"id":"오늘도만족","permalink":"","username":"asdfg","text":"갑작스런 폭우로 배달이 많이 지연됐네요 ㅠ 배달원 푹 젖어서 힘들어보였어요 ㅠㅠ\n그래서 족발은 좀 식었지만 되게 맛났어요 ㅎ\n감사합니다","date":"Mon Dec 10 23:59:44 +0000 2018","retweets":"30","favorites":"20","mentions":[],"hashtags":[],"geo":"","raw":"갑작스런 폭우로 배달이 많이 지연됐네요 ㅠ 배달원 푹 젖어서 힘들어보였어요 ㅠㅠ\n그래서 족발은 좀 식었지만 되게 맛났어요 ㅎ\n감사합니다","polarity":{"com":0.005357142857142857,"pos":0.7529761904285716,"neg":0.20257936514285713,"neut":0.039087301571428576,"none":0},"intensity":{"high":0.3071428571428571,"low":0.13650793657142857,"meium":0.554563492,"none":0.001785714285714286},"expressive":{"dir-action":0,"dir-explicit":0.3371031745714285,"dir-speech":0.5597222222857143,"indirect":0.10317460314285715,"writing-device":0}},{"id":"오늘도만족","permalink":"","username":"asdfg","text":"양도 많고 맛도 있었어요!\n새우젓이 없고 쌈장만 두 개 오긴 했지만 꼭 새우젓이 필요하진 않아서 괜찮았어요","date":"Mon Dec 10 23:59:44 +0000 2018","retweets":"30","favorites":"20","mentions":[],"hashtags":[],"geo":"","raw":"양도 많고 맛도 있었어요!\n새우젓이 없고 쌈장만 두 개 오긴 했지만 꼭 새우젓이 필요하진 않아서 괜찮았어요","polarity":{"com":0.0022692026671709328,"pos":0.4358356709857412,"neg":0.31824857907072185,"neut":0.08844752646409942,"none":0.15519902081226641},"intensity":{"high":0.09897749712210863,"low":0.09400234101044472,"meium":0.6446960486271884,"none":0.16232411324025825},"expressive":{"dir-action":0.0012771392227898391,"dir-explicit":0.22252552009890023,"dir-speech":0.4311556889694025,"indirect":0.18424754485966557,"writing-device":0.1607941068492418}},{"id":"오늘도만족","permalink":"","username":"asdfg","text":"맛있었어요! 배달도 빨라요!\n파전이 다 떨어져서 직접 전화주시고 만두로 바꿔주셨는데 만두도 맛있었어요! \n다음엔 파전도 맛보고 싶네요^^","date":"Mon Dec 10 23:59:44 +0000 2018","retweets":"30","favorites":"20","mentions":[],"hashtags":[],"geo":"","raw":"맛있었어요! 배달도 빨라요!\n파전이 다 떨어져서 직접 전화주시고 만두로 바꿔주셨는데 만두도 맛있었어요! \n다음엔 파전도 맛보고 싶네요^^","polarity":{"com":0.0012987012728453364,"pos":0.4026695526729699,"neg":0.468037518133458,"neut":0.011255411182841402,"none":0.11673881673788535},"intensity":{"high":0.05158730163636363,"low":0.1181818180909091,"meium":0.7134920635454545,"none":0.11673881672727272},"expressive":{"dir-action":0,"dir-explicit":0.19213564216435133,"dir-speech":0.47272727268429754,"indirect":0.21825396825288598,"writing-device":0.11688311689846519}},{"id":"오늘도만족","permalink":"","username":"asdfg","text":"맛있었어요 양도 적절해요 근데 막국수가 생각버다 좀 매워요 매운 거 잘 못 드시는 분들은 힘드실 듯","date":"Mon Dec 10 23:59:44 +0000 2018","retweets":"30","favorites":"20","mentions":[],"hashtags":[],"geo":"","raw":"맛있었어요 양도 적절해요 근데 막국수가 생각버다 좀 매워요 매운 거 잘 못 드시는 분들은 힘드실 듯","polarity":{"com":0.005447113777777776,"pos":0.3458458458888888,"neg":0.4508329757777777,"neut":0.12529732111111108,"none":0.07257674344444444},"intensity":{"high":0.08807617143465821,"low":0.16357548020404714,"meium":0.674445874369506,"none":0.07390247399178862},"expressive":{"dir-action":0.0003336669999629259,"dir-explicit":0.18774369609025068,"dir-speech":0.48732482472363053,"indirect":0.1969254969781194,"writing-device":0.1276723152080364}},{"id":"오늘도만족","permalink":"","username":"asdfg","text":"양도많고 맛있네요\n국수가 조금아쉽지만 족발은 맛있어요","date":"Mon Dec 10 23:59:44 +0000 2018","retweets":"30","favorites":"20","mentions":[],"hashtags":[],"geo":"","raw":"양도많고 맛있네요\n국수가 조금아쉽지만 족발은 맛있어요","polarity":{"com":0.00423728825,"pos":0.18680913775000002,"neg":0.65613485625,"neut":0.1443441415,"none":0.00847457625},"intensity":{"high":0.09064112004532057,"low":0.21324613110662305,"meium":0.6876381725938191,"none":0.008474576254237288},"expressive":{"dir-action":0,"dir-explicit":0.4482313928620579,"dir-speech":0.4441783346110446,"indirect":0.09911569627477892,"writing-device":0.008474576252118643}},{"id":"오늘도만족","permalink":"","username":"asdfg","text":"맛잇게 먹었습니당.\n감사해여","date":"Mon Dec 10 23:59:44 +0000 2018","retweets":"30","favorites":"20","mentions":[],"hashtags":[],"geo":"","raw":"맛잇게 먹었습니당.\n감사해여","polarity":{"com":0,"pos":0.75,"neg":0.25,"neut":0,"none":0},"intensity":{"high":0.27777777775,"low":0.0555555555,"meium":0.66666666675,"none":0},"expressive":{"dir-action":0,"dir-explicit":0.0555555555,"dir-speech":0.86111111125,"indirect":0.08333333325,"writing-device":0}},{"id":"오늘도만족","permalink":"","username":"asdfg","text":"처음 시켜보앗는대요. 만족스러웟습니다","date":"Mon Dec 10 23:59:44 +0000 2018","retweets":"30","favorites":"20","mentions":[],"hashtags":[],"geo":"","raw":"처음 시켜보앗는대요. 만족스러웟습니다","polarity":{"com":0.14285714285714285,"pos":0.42857142857142855,"neg":0.2857142857142857,"neut":0,"none":0.14285714285714285},"intensity":{"high":0,"low":0,"meium":0.857142857,"none":0.142857143},"expressive":{"dir-action":0,"dir-explicit":0.28571428571428575,"dir-speech":0.42857142857142866,"indirect":0.14285714285714288,"writing-device":0.14285714285714288}},{"id":"오늘도만족","permalink":"","username":"asdfg","text":"앗있어요 맛있어요 맛있어요","date":"Mon Dec 10 23:59:44 +0000 2018","retweets":"30","favorites":"20","mentions":[],"hashtags":[],"geo":"","raw":"앗있어요 맛있어요 맛있어요","polarity":{"com":0,"pos":0.25,"neg":0.6666666666666666,"neut":0,"none":0.08333333333333333},"intensity":{"high":0.041666666666666664,"low":0.041666666666666664,"meium":0.7916666666666666,"none":0.125},"expressive":{"dir-action":0,"dir-explicit":0.041666666666666664,"dir-speech":0.75,"indirect":0.08333333333333333,"writing-device":0.125}},{"id":"오늘도만족","permalink":"","username":"asdfg","text":"친구랑 둘이 소주한잔했어요 딱조아요","date":"Mon Dec 10 23:59:44 +0000 2018","retweets":"30","favorites":"20","mentions":[],"hashtags":[],"geo":"","raw":"친구랑 둘이 소주한잔했어요 딱조아요","polarity":{"com":0.025095921499999993,"pos":0.47392354699999995,"neg":0.3966084029999999,"neut":0.08598834749999999,"none":0.018383781},"intensity":{"high":0.12275590906137795,"low":0.12414381106207191,"meium":0.7314385868657193,"none":0.021661693010830846},"expressive":{"dir-action":0.0054284495027142245,"dir-explicit":0.3640377056820189,"dir-speech":0.3279285681639643,"indirect":0.28201885264100945,"writing-device":0.02058642401029321}},{"id":"오늘도만족","permalink":"","username":"asdfg","text":"굿굿굿 맛있구 자취러가 시켜먹기 좋음","date":"Mon Dec 10 23:59:44 +0000 2018","retweets":"30","favorites":"20","mentions":[],"hashtags":[],"geo":"","raw":"굿굿굿 맛있구 자취러가 시켜먹기 좋음","polarity":{"com":0.0035714286,"pos":0.7328095238000001,"neg":0.2341904762,"neut":0.0160714286,"none":0.0133571428},"intensity":{"high":0.09436507940000001,"low":0.0738730158,"meium":0.8166190476,"none":0.015142857199999998},"expressive":{"dir-action":0,"dir-explicit":0.23944444439999998,"dir-speech":0.2580555556,"indirect":0.48914285720000006,"writing-device":0.0133571428}},{"id":"오늘도만족","permalink":"","username":"asdfg","text":"처음 먹어봤는데 너무 좋았어요^^","date":"Mon Dec 10 23:59:44 +0000 2018","retweets":"30","favorites":"20","mentions":[],"hashtags":[],"geo":"","raw":"처음 먹어봤는데 너무 좋았어요^^","polarity":{"com":0.1428571429285714,"pos":0.2857142858571428,"neg":0.49999999975,"neut":0,"none":0.0714285714642857},"intensity":{"high":0.0714285715,"low":0.0714285715,"meium":0.7857142855,"none":0.0714285715},"expressive":{"dir-action":0,"dir-explicit":0.4285714282857143,"dir-speech":0.3571428573214286,"indirect":0.14285714292857143,"writing-device":0.07142857146428572}},{"id":"오늘도만족","permalink":"","username":"asdfg","text":"족발은 그냥저냥 딱히 머라 좀그러네요 살짝\n쟁반국수 는 맛있어요","date":"Mon Dec 10 23:59:44 +0000 2018","retweets":"30","favorites":"20","mentions":[],"hashtags":[],"geo":"","raw":"족발은 그냥저냥 딱히 머라 좀그러네요 살짝\n쟁반국수 는 맛있어요","polarity":{"com":0.0028248588333333333,"pos":0.41487758933333335,"neg":0.5709981168333332,"neut":0.005649717499999998,"none":0.005649717499999998},"intensity":{"high":0.27250470804541743,"low":0.05593220334265536,"meium":0.6659133711109855,"none":0.005649717500941618},"expressive":{"dir-action":0,"dir-explicit":0.4896421846666666,"dir-speech":0.4487758945,"indirect":0.055932203333333326,"writing-device":0.005649717499999998}},{"id":"오늘도만족","permalink":"","username":"asdfg","text":"세번째배달인데 고기가 다식은거치곤 맛있음","date":"Mon Dec 10 23:59:44 +0000 2018","retweets":"30","favorites":"20","mentions":[],"hashtags":[],"geo":"","raw":"세번째배달인데 고기가 다식은거치곤 맛있음","polarity":{"com":0.0099562425,"pos":0.43538827950000003,"neg":0.459274953,"neut":0.03135039325,"none":0.06403013175},"intensity":{"high":0.05728647377864324,"low":0.05432314152716157,"meium":0.8243602529121802,"none":0.06403013178201507},"expressive":{"dir-action":0,"dir-explicit":0.17237177375,"dir-speech":0.69048410325,"indirect":0.06821203049999999,"writing-device":0.0689320925}},{"id":"오늘도만족","permalink":"","username":"asdfg","text":"귀찮아서 리뷰 잘 안쓰는데 여기는 추천합니다. 맛도 괜찮고 가격대비 양도 많아서 혼자먹기에는 부족하지 않아요.. 다른 족발집은 막국수가 맛이 없어서 잘 안먹는데 여기는 막국수도 맛있네요 다음에는 보쌈도 시켜보겠습니다. 번창하세요~!!","date":"Mon Dec 10 23:59:44 +0000 2018","retweets":"30","favorites":"20","mentions":[],"hashtags":[],"geo":"","raw":"귀찮아서 리뷰 잘 안쓰는데 여기는 추천합니다. 맛도 괜찮고 가격대비 양도 많아서 혼자먹기에는 부족하지 않아요.. 다른 족발집은 막국수가 맛이 없어서 잘 안먹는데 여기는 막국수도 맛있네요 다음에는 보쌈도 시켜보겠습니다. 번창하세요~!!","polarity":{"com":0.0025748848005149776,"pos":0.5016269853003256,"neg":0.4058954681311791,"neut":0.03565759010713152,"none":0.05424507166084901},"intensity":{"high":0.10589292535529465,"low":0.1415493743570775,"meium":0.6951270941847564,"none":0.05743060610287153},"expressive":{"dir-action":0.004868035199756598,"dir-explicit":0.24364441013781776,"dir-speech":0.41219939427939,"indirect":0.28417007283579154,"writing-device":0.0551180875472441}},{"id":"오늘도만족","permalink":"","username":"asdfg","text":"두번시켜먹고오늘도 또먹고싶네요ㅡ","date":"Mon Dec 10 23:59:44 +0000 2018","retweets":"30","favorites":"20","mentions":[],"hashtags":[],"geo":"","raw":"두번시켜먹고오늘도 또먹고싶네요ㅡ","polarity":{"com":0.00178571425,"pos":0.282738095,"neg":0.57172619075,"neut":0.0348214285,"none":0.1089285715},"intensity":{"high":0.18501984125,"low":0.1396825395,"meium":0.56636904775,"none":0.1089285715},"expressive":{"dir-action":0,"dir-explicit":0.22003968244499006,"dir-speech":0.6201388888449653,"indirect":0.052678571486830354,"writing-device":0.10714285722321429}},{"id":"오늘도만족","permalink":"","username":"asdfg","text":"맛있어요 자주시켜먹을거같아요","date":"Mon Dec 10 23:59:44 +0000 2018","retweets":"30","favorites":"20","mentions":[],"hashtags":[],"geo":"","raw":"맛있어요 자주시켜먹을거같아요","polarity":{"com":0,"pos":0.19444444425000001,"neg":0.8055555557499999,"neut":0,"none":0},"intensity":{"high":0.06944444448263888,"low":0.06944444448263888,"meium":0.8611111110347222,"none":0},"expressive":{"dir-action":0.013888889,"dir-explicit":0.15277777775,"dir-speech":0.5,"indirect":0.08333333325,"writing-device":0.25}},{"id":"오늘도만족","permalink":"","username":"asdfg","text":"좋습니다.","date":"Mon Dec 10 23:59:44 +0000 2018","retweets":"30","favorites":"20","mentions":[],"hashtags":[],"geo":"","raw":"좋습니다.","polarity":{"com":0,"pos":0.92,"neg":0.04,"neut":0,"none":0.04},"intensity":{"high":0.2,"low":0.04,"meium":0.72,"none":0.04},"expressive":{"dir-action":0,"dir-explicit":0.6,"dir-speech":0.2,"indirect":0.16,"writing-device":0.04}},{"id":"오늘도만족","permalink":"","username":"asdfg","text":"17분걸림 그리고 맛도있음","date":"Mon Dec 10 23:59:44 +0000 2018","retweets":"30","favorites":"20","mentions":[],"hashtags":[],"geo":"","raw":"17분걸림 그리고 맛도있음","polarity":{"com":0,"pos":0.5,"neg":0.5,"neut":0,"none":0},"intensity":{"high":0,"low":0,"meium":1,"none":0},"expressive":{"dir-action":0,"dir-explicit":0,"dir-speech":0.5,"indirect":0.5,"writing-device":0}},{"id":"오늘도만족","permalink":"","username":"asdfg","text":"양도많고 너무맛있어요!","date":"Mon Dec 10 23:59:44 +0000 2018","retweets":"30","favorites":"20","mentions":[],"hashtags":[],"geo":"","raw":"양도많고 너무맛있어요!","polarity":{"com":0.07142857150000001,"pos":0.26708074550000005,"neg":0.6397515525,"neut":0.021739130500000002,"none":0},"intensity":{"high":0.20186335410093165,"low":0.1801242235900621,"meium":0.6180124223090062,"none":0},"expressive":{"dir-action":0,"dir-explicit":0.5465838507732919,"dir-speech":0.2515527951257764,"indirect":0.20186335410093165,"writing-device":0}},{"id":"오늘도만족","permalink":"","username":"asdfg","text":"개굿...정말맛남","date":"Mon Dec 10 23:59:44 +0000 2018","retweets":"30","favorites":"20","mentions":[],"hashtags":[],"geo":"","raw":"개굿...정말맛남","polarity":{"com":0.03030303033333333,"pos":0.7803030303333333,"neg":0.090909091,"neut":0,"none":0.09848484833333333},"intensity":{"high":0.1818181817272727,"low":0.045454545348484844,"meium":0.6742424245580808,"none":0.09848484836616161},"expressive":{"dir-action":0,"dir-explicit":0.2575757576666667,"dir-speech":0.11363636366666667,"indirect":0.5303030303333333,"writing-device":0.09848484833333333}},{"id":"오늘도만족","permalink":"","username":"asdfg","text":"이번달만  열번 시킬듯해요\n맛있어요","date":"Mon Dec 10 23:59:44 +0000 2018","retweets":"30","favorites":"20","mentions":[],"hashtags":[],"geo":"","raw":"이번달만  열번 시킬듯해요\n맛있어요","polarity":{"com":0,"pos":0.10737179477684294,"neg":0.7395833334348959,"neut":0.04407051276101763,"none":0.1089743590272436},"intensity":{"high":0.11939102575,"low":0.01282051275,"meium":0.7588141025,"none":0.108974359},"expressive":{"dir-action":0,"dir-explicit":0.37019230775,"dir-speech":0.47035256400000003,"indirect":0.056891025750000004,"writing-device":0.1025641025}},{"id":"오늘도만족","permalink":"","username":"asdfg","text":"최고최고최고최고최고","date":"Mon Dec 10 23:59:44 +0000 2018","retweets":"30","favorites":"20","mentions":[],"hashtags":[],"geo":"","raw":"최고최고최고최고최고","polarity":{"com":0,"pos":0.888888889,"neg":0.111111111,"neut":0,"none":0},"intensity":{"high":0.777777778,"low":0,"meium":0.222222222,"none":0},"expressive":{"dir-action":0,"dir-explicit":0,"dir-speech":0,"indirect":1,"writing-device":0}},{"id":"오늘도만족","permalink":"","username":"asdfg","text":"배달 빠르지만 고기가 오래된 느낌","date":"Mon Dec 10 23:59:44 +0000 2018","retweets":"30","favorites":"20","mentions":[],"hashtags":[],"geo":"","raw":"배달 빠르지만 고기가 오래된 느낌","polarity":{"com":0,"pos":0.6,"neg":0.06666666666666667,"neut":0.3333333333333333,"none":0},"intensity":{"high":0,"low":0.13333333333333333,"meium":0.8666666666666667,"none":0},"expressive":{"dir-action":0,"dir-explicit":0.06666666666666667,"dir-speech":0.9333333333333332,"indirect":0,"writing-device":0}},{"id":"오늘도만족","permalink":"","username":"asdfg","text":"잘먹었습니다 다음에 또","date":"Mon Dec 10 23:59:44 +0000 2018","retweets":"30","favorites":"20","mentions":[],"hashtags":[],"geo":"","raw":"잘먹었습니다 다음에 또","polarity":{"com":0,"pos":0.2857142856666666,"neg":0.5476190476666667,"neut":0.023809523666666665,"none":0.142857143},"intensity":{"high":0,"low":0.07142857133333333,"meium":0.7857142856666668,"none":0.142857143},"expressive":{"dir-action":0,"dir-explicit":0.119047619,"dir-speech":0.47619047633333333,"indirect":0.21428571433333332,"writing-device":0.19047619033333332}},{"id":"오늘도만족","permalink":"","username":"asdfg","text":"원래 리뷰 안남기는데 여기는 진짜 너무 맛있고 배달하시는분도 친절해서 좋아요!!!!Good!! 혼자서 족발시켜먹기에는 너무 비싸고 남을것같고 막국수도 먹고싶다!하시는 분들은 꼭 시켜드시기 바래요!! 배달도 예상시간보다 빨리와서 좋았어요!다음에 또 시켜먹을께요~","date":"Mon Dec 10 23:59:44 +0000 2018","retweets":"30","favorites":"20","mentions":[],"hashtags":[],"geo":"","raw":"원래 리뷰 안남기는데 여기는 진짜 너무 맛있고 배달하시는분도 친절해서 좋아요!!!!Good!! 혼자서 족발시켜먹기에는 너무 비싸고 남을것같고 막국수도 먹고싶다!하시는 분들은 꼭 시켜드시기 바래요!! 배달도 예상시간보다 빨리와서 좋았어요!다음에 또 시켜먹을께요~","polarity":{"com":0.006955734307692306,"pos":0.3804745748461539,"neg":0.4495564016153845,"neut":0.08028276080769231,"none":0.08273052842307692},"intensity":{"high":0.08935984522389541,"low":0.1924718176005791,"meium":0.6349130091050066,"none":0.08325532807051883},"expressive":{"dir-action":0.0028269777690133092,"dir-explicit":0.27776327051709515,"dir-speech":0.4730947395405311,"indirect":0.151674269719102,"writing-device":0.09464074245425841}},{"id":"오늘도만족","permalink":"","username":"asdfg","text":"맛있게 잘 먹었습니다. 양도 혼자 먹기에는 많아서 푸짐하게 먹었네요.","date":"Mon Dec 10 23:59:44 +0000 2018","retweets":"30","favorites":"20","mentions":[],"hashtags":[],"geo":"","raw":"맛있게 잘 먹었습니다. 양도 혼자 먹기에는 많아서 푸짐하게 먹었네요.","polarity":{"com":0.004004004001334669,"pos":0.3296153296098718,"neg":0.6158658660386219,"neut":0.033283283177761094,"none":0.017231517172410508},"intensity":{"high":0.04282854283333334,"low":0.18200343183333334,"meium":0.7574360076666666,"none":0.017732017666666666},"expressive":{"dir-action":0.0005005005000000001,"dir-explicit":0.15125840116666667,"dir-speech":0.5573430575,"indirect":0.27052052050000003,"writing-device":0.020377520333333336}},{"id":"오늘도만족","permalink":"","username":"asdfg","text":"맛있어요^^갈국수 너무 좋아해요","date":"Mon Dec 10 23:59:44 +0000 2018","retweets":"30","favorites":"20","mentions":[],"hashtags":[],"geo":"","raw":"맛있어요^^갈국수 너무 좋아해요","polarity":{"com":0.07142857150000001,"pos":0.07142857150000001,"neg":0.857142857,"neut":0,"none":0},"intensity":{"high":0.07142857150000001,"low":0.07142857150000001,"meium":0.857142857,"none":0},"expressive":{"dir-action":0,"dir-explicit":0.2857142855,"dir-speech":0.642857143,"indirect":0.0714285715,"writing-device":0}},{"id":"오늘도만족","permalink":"","username":"asdfg","text":"배달하시는분  너무 친절하시구요 족발 너무 맛있고 양도 많아요 자주 이용 하겠습니다","date":"Mon Dec 10 23:59:44 +0000 2018","retweets":"30","favorites":"20","mentions":[],"hashtags":[],"geo":"","raw":"배달하시는분  너무 친절하시구요 족발 너무 맛있고 양도 많아요 자주 이용 하겠습니다","polarity":{"com":0.02703533033333333,"pos":0.6333817538333334,"neg":0.31369854616666665,"neut":0.021224871500000003,"none":0.004659498166666667},"intensity":{"high":0.1461408312153803,"low":0.13495180204498394,"meium":0.7138894455712965,"none":0.005017921168339307},"expressive":{"dir-action":0.001075268833512545,"dir-explicit":0.2761910327126985,"dir-speech":0.4385104299064184,"indirect":0.2795637703799273,"writing-device":0.00465949816744325}},{"id":"오늘도만족","permalink":"","username":"asdfg","text":"맛나게 잘 먹었어요~~\n쟁반국수가 특히 맛있어요 ㅎㅎ","date":"Mon Dec 10 23:59:44 +0000 2018","retweets":"30","favorites":"20","mentions":[],"hashtags":[],"geo":"","raw":"맛나게 잘 먹었어요~~\n쟁반국수가 특히 맛있어요 ㅎㅎ","polarity":{"com":0.004464285751116071,"pos":0.5312500001328125,"neg":0.4196428571049108,"neut":0.03794642850948661,"none":0.006696428501674107},"intensity":{"high":0.0401785715,"low":0.33035714275,"meium":0.62053571425,"none":0.0089285715},"expressive":{"dir-action":0,"dir-explicit":0.1473214285,"dir-speech":0.36383928575,"indirect":0.48214285725,"writing-device":0.0066964285}},{"id":"오늘도만족","permalink":"","username":"asdfg","text":"진짜...양 엄청 많고 족발자체도 너무 맛있어요 ㅠㅠㅠㅠ","date":"Mon Dec 10 23:59:44 +0000 2018","retweets":"30","favorites":"20","mentions":[],"hashtags":[],"geo":"","raw":"진짜...양 엄청 많고 족발자체도 너무 맛있어요 ㅠㅠㅠㅠ","polarity":{"com":0.002380952333333333,"pos":0.201863354,"neg":0.63126294,"neut":0.01925465833333333,"none":0.14523809533333334},"intensity":{"high":0.13457556937819184,"low":0.11055900603685301,"meium":0.6096273292032091,"none":0.14523809538174604},"expressive":{"dir-action":0,"dir-explicit":0.23581780533333338,"dir-speech":0.5057971013333333,"indirect":0.11552795033333334,"writing-device":0.142857143}},{"id":"오늘도만족","permalink":"","username":"asdfg","text":"맛있어요 남길려고해도 다먹게되네요 항상","date":"Mon Dec 10 23:59:44 +0000 2018","retweets":"30","favorites":"20","mentions":[],"hashtags":[],"geo":"","raw":"맛있어요 남길려고해도 다먹게되네요 항상","polarity":{"com":0.01062443849645852,"pos":0.36249625621250126,"neg":0.5267220724910926,"neut":0.018104222827298594,"none":0.082053009972649},"intensity":{"high":0.08320854548613192,"low":0.07180792648803203,"meium":0.7629305180395116,"none":0.0820530099863245},"expressive":{"dir-action":0,"dir-explicit":0.26846111607717965,"dir-speech":0.4862334031712556,"indirect":0.15815363878061545,"writing-device":0.08715184197094938}},{"id":"오늘도만족","permalink":"","username":"asdfg","text":"리뷰 쓸때 맛있다고만 하는데 와.. 모두 드세요 진짜 혼족을 위한 메뉴에요 양도 엄청 많아오 왜 안먹어요? 리뷰 보고 시킬려고 하셨다면 주문하세요 원래 귀찮아서 리뷰 길게 안쓰는데 이정도면 이제 시켜봐요~~ 주문해~~ 맛있게 옴뇸뇸~~~ 배빵빵~~~ 웅냠어ㅏㅁ얌","date":"Mon Dec 10 23:59:44 +0000 2018","retweets":"30","favorites":"20","mentions":[],"hashtags":[],"geo":"","raw":"리뷰 쓸때 맛있다고만 하는데 와.. 모두 드세요 진짜 혼족을 위한 메뉴에요 양도 엄청 많아오 왜 안먹어요? 리뷰 보고 시킬려고 하셨다면 주문하세요 원래 귀찮아서 리뷰 길게 안쓰는데 이정도면 이제 시켜봐요~~ 주문해~~ 맛있게 옴뇸뇸~~~ 배빵빵~~~ 웅냠어ㅏㅁ얌","polarity":{"com":0.0011494252999425284,"pos":0.52020150632399,"neg":0.33185655553340715,"neut":0.08725228294563737,"none":0.059540229897023},"intensity":{"high":0.1481127672351887,"low":0.08375855364162414,"meium":0.7074390239292561,"none":0.06068965519393104},"expressive":{"dir-action":0.005694879850854232,"dir-explicit":0.2412120995861818,"dir-speech":0.4664624397699694,"indirect":0.19030874172854628,"writing-device":0.09632183906444824}},{"id":"오늘도만족","permalink":"","username":"asdfg","text":"양도 푸짐하고 맛있었어요!\n밤에 시켰는데 배달도 예상 시간보다 빨리와서 좋았습니다\n가격에 비해 구성도 완전 만족했습니다!!","date":"Mon Dec 10 23:59:44 +0000 2018","retweets":"30","favorites":"20","mentions":[],"hashtags":[],"geo":"","raw":"양도 푸짐하고 맛있었어요!\n밤에 시켰는데 배달도 예상 시간보다 빨리와서 좋았습니다\n가격에 비해 구성도 완전 만족했습니다!!","polarity":{"com":0.0281166881,"pos":0.49968983269999995,"neg":0.39248777349999997,"neut":0.0297318747,"none":0.049973831},"intensity":{"high":0.0956971257,"low":0.023836979800000005,"meium":0.8301917632,"none":0.05027413130000001},"expressive":{"dir-action":0.00030030029996996996,"dir-explicit":0.35980265976401976,"dir-speech":0.3090090089690991,"indirect":0.28132818537186716,"writing-device":0.04955984559504402}},{"id":"오늘도만족","permalink":"","username":"asdfg","text":"ㄱ","date":"Mon Dec 10 23:59:44 +0000 2018","retweets":"30","favorites":"20","mentions":[],"hashtags":[],"geo":"","raw":"ㄱㄱㄱㄱㄱㄱㄱㄱㄱㄱㄱㄱㄱㄱㄱ","polarity":{"com":null,"pos":null,"neg":null,"neut":null,"none":null},"intensity":{"high":null,"low":null,"meium":null,"none":null},"expressive":{"dir-action":null,"dir-explicit":null,"dir-speech":null,"indirect":null,"writing-device":null}},{"id":"오늘도만족","permalink":"","username":"asdfg","text":"맛도좋고 배달하시는분도 좋은데 양이 좀 적었어요ㅠ 막국수때문이라도 만육천원이면 적은돈은 아닌데 양이 적더라고요ㅠ 물론 족발이 비싸긴 하지만요","date":"Mon Dec 10 23:59:44 +0000 2018","retweets":"30","favorites":"20","mentions":[],"hashtags":[],"geo":"","raw":"맛도좋고 배달하시는분도 좋은데 양이 좀 적었어요ㅠ 막국수때문이라도 만육천원이면 적은돈은 아닌데 양이 적더라고요ㅠ 물론 족발이 비싸긴 하지만요","polarity":{"com":0.004059314444218927,"pos":0.56252106007986,"neg":0.24000278287555538,"neut":0.0518588775526745,"none":0.14155796504769125},"intensity":{"high":0.1307599561329044,"low":0.06053234362119984,"meium":0.6667855227222419,"none":0.14192217752365374},"expressive":{"dir-action":0.0006031610555555556,"dir-explicit":0.34905494177777785,"dir-speech":0.29574617672222225,"indirect":0.2062617771111111,"writing-device":0.14833394333333336}},{"id":"오늘도만족","permalink":"","username":"asdfg","text":"전에 맛있게 먹었는데 요기요에는 리뷰가 별로 없어서 일부러 배민이 아니라 요기요에서 시켰어요! 먹는 양이 적지는 않은데 먹을때 고기랑 국수랑 다 남거나 국수는 남거나해요. 1인분으로 딱이고 조금 양 많은 정도? 채소도 깨끗하게 주시고 다 맛있어요. 근데 족발 선택하면 자동으로 추가메뉴 뜨는거에 콜라 추가해주시면 좋을거 같아요. 거기에 콜라는 없길래 작은 캔이라도 오는건지 알았는데 없어서 아쉬웠어요.","date":"Mon Dec 10 23:59:44 +0000 2018","retweets":"30","favorites":"20","mentions":[],"hashtags":[],"geo":"","raw":"전에 맛있게 먹었는데 요기요에는 리뷰가 별로 없어서 일부러 배민이 아니라 요기요에서 시켰어요! 먹는 양이 적지는 않은데 먹을때 고기랑 국수랑 다 남거나 국수는 남거나해요. 1인분으로 딱이고 조금 양 많은 정도? 채소도 깨끗하게 주시고 다 맛있어요. 근데 족발 선택하면 자동으로 추가메뉴 뜨는거에 콜라 추가해주시면 좋을거 같아요. 거기에 콜라는 없길래 작은 캔이라도 오는건지 알았는데 없어서 아쉬웠어요.","polarity":{"com":0.03140475315789474,"pos":0.3932714983947368,"neg":0.39670367265789475,"neut":0.07151678618421052,"none":0.10710328960526316},"intensity":{"high":0.11686395727717219,"low":0.13542241016995554,"meium":0.6394487277747948,"none":0.1082649047780774},"expressive":{"dir-action":0.0006420389210019444,"dir-explicit":0.2951633395293292,"dir-speech":0.3769393488123469,"indirect":0.1721045847232549,"writing-device":0.1551506880140671}},{"id":"오늘도만족","permalink":"","username":"asdfg","text":"ㅡㅡ안오고안오고안오고 \n다식어오네","date":"Mon Dec 10 23:59:44 +0000 2018","retweets":"30","favorites":"20","mentions":[],"hashtags":[],"geo":"","raw":"ㅡㅡ안오고안오고안오고 \n다식어오네","polarity":{"com":0,"pos":0.37500000003125,"neg":0.24999999993750002,"neut":0.37500000003125,"none":0},"intensity":{"high":0,"low":0.50000000025,"meium":0.49999999975,"none":0},"expressive":{"dir-action":0,"dir-explicit":0,"dir-speech":0.62500000025,"indirect":0.37499999975,"writing-device":0}},{"id":"오늘도만족","permalink":"","username":"asdfg","text":"맛있는데 여자 혼자먹기 많은 양이에요. 쟁반국수가 많이 불어서 거의 못 먹었지만 양념은 맛있었어요.","date":"Mon Dec 10 23:59:44 +0000 2018","retweets":"30","favorites":"20","mentions":[],"hashtags":[],"geo":"","raw":"맛있는데 여자 혼자먹기 많은 양이에요. 쟁반국수가 많이 불어서 거의 못 먹었지만 양념은 맛있었어요.","polarity":{"com":0.003982497,"pos":0.39661907989999995,"neg":0.5068983869999999,"neut":0.016887983399999994,"none":0.07561205269999999},"intensity":{"high":0.1128904349338671,"low":0.31291283149387383,"meium":0.5152513475545754,"none":0.05894538601768361},"expressive":{"dir-action":0,"dir-explicit":0.33223373363322334,"dir-speech":0.45348832734534883,"indirect":0.1533717687153372,"writing-device":0.06090617030609062}},{"id":"오늘도만족","permalink":"","username":"asdfg","text":"맛도 좋고 양도 괜찮고 배달도 빨랐어요!","date":"Mon Dec 10 23:59:44 +0000 2018","retweets":"30","favorites":"20","mentions":[],"hashtags":[],"geo":"","raw":"맛도 좋고 양도 괜찮고 배달도 빨랐어요!","polarity":{"com":0.0014285714000000001,"pos":0.8268571428000001,"neg":0.07371428580000002,"neut":0.0028571428000000003,"none":0.09514285720000001},"intensity":{"high":0.06857142860000001,"low":0.09752380940000002,"meium":0.7387619048,"none":0.09514285720000001},"expressive":{"dir-action":0,"dir-explicit":0.1571428571685714,"dir-speech":0.4999999999,"indirect":0.24914285715017145,"writing-device":0.09371428578125714}},{"id":"오늘도만족","permalink":"","username":"asdfg","text":"양도 많고 쟁반국수도 맛있고 양많았고 \n\n그냥 맛있었슴다 ㅋㅋ","date":"Mon Dec 10 23:59:44 +0000 2018","retweets":"30","favorites":"20","mentions":[],"hashtags":[],"geo":"","raw":"양도 많고 쟁반국수도 맛있고 양많았고 \n\n그냥 맛있었슴다 ㅋㅋ","polarity":{"com":0.00178571425,"pos":0.2492236025,"neg":0.61475155275,"neut":0.025310558999999996,"none":0.1089285715},"intensity":{"high":0.16614906833307452,"low":0.13726708056863354,"meium":0.5876552795438277,"none":0.10892857155446428},"expressive":{"dir-action":0,"dir-explicit":0.3072981365768246,"dir-speech":0.4336956521084239,"indirect":0.15186335403796586,"writing-device":0.10714285727678571}},{"id":"오늘도만족","permalink":"","username":"asdfg","text":"리뷰가없어서 고민하다 모험심발동~!\n처음으로 주문해서 먹어봤습니다 리뷰나부랭이 안쓰는데 ...\n일단 구성알차고 푸짐합니다 맛도있고요\n배달도 족발집치곤 엄청 빨랐구요 배달원 친절~\n근데 쟁반국수 퀄리티가 이야~ 메인족발보다 좋네요^^\n쟁반국수가 메인이고 족발이 따라오는 셋트느낌?\n정말감사한게 빨리오시느라 그러셨는지 국수가 살짝 비벼ㅈ...\n덕분에 비비는수고 덜고 맛있게 잘먹었습니다^^\n기분좋게 배부르고 모험심 대성공했네요~ 맛집찾은느낌!\n족발생각날땐 여기서만 먹으려구요 지금처럼만 번창하세요^^\n아ㅠ사진은 급하게먹느라 못찍었네요^^;;","date":"Mon Dec 10 23:59:44 +0000 2018","retweets":"30","favorites":"20","mentions":[],"hashtags":[],"geo":"","raw":"리뷰가없어서 고민하다 모험심발동~!\n처음으로 주문해서 먹어봤습니다 리뷰나부랭이 안쓰는데 ...\n일단 구성알차고 푸짐합니다 맛도있고요\n배달도 족발집치곤 엄청 빨랐구요 배달원 친절~\n근데 쟁반국수 퀄리티가 이야~ 메인족발보다 좋네요^^\n쟁반국수가 메인이고 족발이 따라오는 셋트느낌?\n정말감사한게 빨리오시느라 그러셨는지 국수가 살짝 비벼ㅈ...\n덕분에 비비는수고 덜고 맛있게 잘먹었습니다^^\n기분좋게 배부르고 모험심 대성공했네요~ 맛집찾은느낌!\n족발생각날땐 여기서만 먹으려구요 지금처럼만 번창하세요^^\n아ㅠ사진은 급하게먹느라 못찍었네요^^;;","polarity":{"com":0.008768017675675678,"pos":0.49226485935135134,"neg":0.35405584183783795,"neut":0.04821050827027028,"none":0.09670077286486489},"intensity":{"high":0.11999881136108098,"low":0.1185500380636662,"meium":0.6640094055132979,"none":0.09744174506195474},"expressive":{"dir-action":0.0003745919459358219,"dir-explicit":0.2516658651553604,"dir-speech":0.44555688801498505,"indirect":0.20513477529175309,"writing-device":0.09726787959196574}}]