[{"id":"족발야시장-공릉점","permalink":"","username":"asdfg","text":"역시..저번에 시켜서 너무 잘먹은 기억에 또시켰는데 맛있고 양많고 푸짐해요!","date":"Mon Dec 10 23:59:44 +0000 2018","retweets":"30","favorites":"20","mentions":[],"hashtags":[],"geo":"","raw":"역시..저번에 시켜서 너무 잘먹은 기억에 또시켰는데 맛있고 양많고 푸짐해요!","polarity":{"com":0.020860145875,"pos":0.244537239125,"neg":0.46013093837499996,"neut":0.176230578375,"none":0.09824109825},"intensity":{"high":0.07861899164465475,"low":0.12498601078124649,"meium":0.6977785239244446,"none":0.09861647364965412},"expressive":{"dir-action":0.0003753753750938439,"dir-explicit":0.3879865889719966,"dir-speech":0.3737526347184381,"indirect":0.12141178453035294,"writing-device":0.11647361640411841}},{"id":"족발야시장-공릉점","permalink":"","username":"asdfg","text":"맛있게 잘 먹었습니다 많이파세요","date":"Mon Dec 10 23:59:44 +0000 2018","retweets":"30","favorites":"20","mentions":[],"hashtags":[],"geo":"","raw":"맛있게 잘 먹었습니다 많이파세요","polarity":{"com":0,"pos":0.34920634911640214,"neg":0.589947090196649,"neut":0.060846560686948846,"none":0},"intensity":{"high":0,"low":0.25661375666666664,"meium":0.7433862433333335,"none":0},"expressive":{"dir-action":0,"dir-explicit":0.14550264533333332,"dir-speech":0.5661375663333333,"indirect":0.2883597883333333,"writing-device":0}},{"id":"족발야시장-공릉점","permalink":"","username":"asdfg","text":"주인이 바뀌었나요?\n구성이 바뀐건 그렇다쳐도 고기맛 자체가 바뀌었는데~\n한번도 실망한적이 없었는데 고기도 퍽퍽하고주먹밥도 푸석푸석 김치가 맛있었는데 김치도 없어지고~~","date":"Mon Dec 10 23:59:44 +0000 2018","retweets":"30","favorites":"20","mentions":[],"hashtags":[],"geo":"","raw":"주인이 바뀌었나요?\n구성이 바뀐건 그렇다쳐도 고기맛 자체가 바뀌었는데~\n한번도 실망한적이 없었는데 고기도 퍽퍽하고주먹밥도 푸석푸석 김치가 맛있었는데 김치도 없어지고~~","polarity":{"com":0.01137069764285714,"pos":0.2779914590714286,"neg":0.4033682429999999,"neut":0.18339571442857142,"none":0.12387388585714283},"intensity":{"high":0.09480659500677191,"low":0.07724901200551779,"meium":0.7011910423357993,"none":0.12675335065191093},"expressive":{"dir-action":0.04953022179986578,"dir-explicit":0.20271517877220435,"dir-speech":0.453991694272569,"indirect":0.1656061624044589,"writing-device":0.12815674275090191}},{"id":"족발야시장-공릉점","permalink":"","username":"asdfg","text":"맛있게 잘먹었습니당","date":"Mon Dec 10 23:59:44 +0000 2018","retweets":"30","favorites":"20","mentions":[],"hashtags":[],"geo":"","raw":"맛있게 잘먹었습니당","polarity":{"com":0,"pos":0.35714285717857136,"neg":0.6071428573035714,"neut":0.03571428551785714,"none":0},"intensity":{"high":0,"low":0.107142857,"meium":0.8928571430000001,"none":0},"expressive":{"dir-action":0,"dir-explicit":0.107142857,"dir-speech":0.5714285715,"indirect":0.3214285715,"writing-device":0}},{"id":"족발야시장-공릉점","permalink":"","username":"asdfg","text":"배달도 예정시간에 딱 맞게 오고, 음식도 맛있게 와서 배부르게 잘 먹었습니다.","date":"Mon Dec 10 23:59:44 +0000 2018","retweets":"30","favorites":"20","mentions":[],"hashtags":[],"geo":"","raw":"배달도 예정시간에 딱 맞게 오고, 음식도 맛있게 와서 배부르게 잘 먹었습니다.","polarity":{"com":0.0011904761668650795,"pos":0.6362433862727073,"neg":0.16455026452742508,"neut":0.12539682535423283,"none":0.07261904767876985},"intensity":{"high":0.06084656083333334,"low":0.05476190466666667,"meium":0.8117724868333334,"none":0.07261904766666667},"expressive":{"dir-action":0,"dir-explicit":0.325925925945679,"dir-speech":0.34232804227627867,"indirect":0.26031746028994707,"writing-device":0.07142857148809524}},{"id":"족발야시장-공릉점","permalink":"","username":"asdfg","text":"부드럽고 맛있어용","date":"Mon Dec 10 23:59:44 +0000 2018","retweets":"30","favorites":"20","mentions":[],"hashtags":[],"geo":"","raw":"부드럽고 맛있어용","polarity":{"com":0,"pos":0.5,"neg":0.5,"neut":0,"none":0},"intensity":{"high":0,"low":0,"meium":1,"none":0},"expressive":{"dir-action":0,"dir-explicit":0.5,"dir-speech":0.5,"indirect":0,"writing-device":0}},{"id":"족발야시장-공릉점","permalink":"","username":"asdfg","text":"항상 양도 많고 맛잇어요","date":"Mon Dec 10 23:59:44 +0000 2018","retweets":"30","favorites":"20","mentions":[],"hashtags":[],"geo":"","raw":"항상 양도 많고 맛잇어요","polarity":{"com":0,"pos":0.7971014493333333,"neg":0.18840579699999999,"neut":0.014492753666666663,"none":0},"intensity":{"high":0.08695652169565217,"low":0.07246376802415458,"meium":0.8405797102801932,"none":0},"expressive":{"dir-action":0,"dir-explicit":0.3405797101135266,"dir-speech":0.5724637681908212,"indirect":0.08695652169565218,"writing-device":0}},{"id":"족발야시장-공릉점","permalink":"","username":"asdfg","text":"맛있고너무나잘먹어습니다","date":"Mon Dec 10 23:59:44 +0000 2018","retweets":"30","favorites":"20","mentions":[],"hashtags":[],"geo":"","raw":"맛있고너무나잘먹어습니다","polarity":{"com":0,"pos":0.111111111,"neg":0.8055555556666666,"neut":0.08333333333333333,"none":0},"intensity":{"high":0.37037037033333337,"low":0.074074074,"meium":0.5555555556666666,"none":0},"expressive":{"dir-action":0,"dir-explicit":0.324074074,"dir-speech":0.5925925926666666,"indirect":0.08333333333333333,"writing-device":0}},{"id":"족발야시장-공릉점","permalink":"","username":"asdfg","text":"맛있게 잘 먹었습니다.","date":"Mon Dec 10 23:59:44 +0000 2018","retweets":"30","favorites":"20","mentions":[],"hashtags":[],"geo":"","raw":"맛있게 잘 먹었습니다.","polarity":{"com":0,"pos":0.35714285717857136,"neg":0.6071428573035714,"neut":0.03571428551785714,"none":0},"intensity":{"high":0,"low":0.107142857,"meium":0.8928571430000001,"none":0},"expressive":{"dir-action":0,"dir-explicit":0.107142857,"dir-speech":0.5714285715,"indirect":0.3214285715,"writing-device":0}},{"id":"족발야시장-공릉점","permalink":"","username":"asdfg","text":"음식은 맛 있어서 주문하는 집입니다\n다만 배달은 늦은편입니다\n\n 이번경우는 주문한 시간보다 한시간 반 도 넘게 걸려서 제가 이집에서 특히 맛있어하는 쟁반국수가 너무 퉁퉁 불어서 와서 젓가락도 안들어갈 정도ㅠㅠ 걍 버림ㅠㅠ\n족발도 다 식어서 오고~\n\n 50분 기다리다가 주문도착시간 7분 남아서 곧 오겠지 했는데 7분 다 지나고 배달완료 된 것으로 뜨더니  그 이 후로도 30분도 더 더 넘게걸림~\n\n맛은 양호하나 배달대행업체 바꿔야할 듯~\n주말은 바빠서 그랬는지 이제 주말엔 여기는 좀 주문하기 꺼려질 듯~~~","date":"Mon Dec 10 23:59:44 +0000 2018","retweets":"30","favorites":"20","mentions":[],"hashtags":[],"geo":"","raw":"음식은 맛 있어서 주문하는 집입니다\n다만 배달은 늦은편입니다\n\n 이번경우는 주문한 시간보다 한시간 반 도 넘게 걸려서 제가 이집에서 특히 맛있어하는 쟁반국수가 너무 퉁퉁 불어서 와서 젓가락도 안들어갈 정도ㅠㅠ 걍 버림ㅠㅠ\n족발도 다 식어서 오고~\n\n 50분 기다리다가 주문도착시간 7분 남아서 곧 오겠지 했는데 7분 다 지나고 배달완료 된 것으로 뜨더니  그 이 후로도 30분도 더 더 넘게걸림~\n\n맛은 양호하나 배달대행업체 바꿔야할 듯~\n주말은 바빠서 그랬는지 이제 주말엔 여기는 좀 주문하기 꺼려질 듯~~~","polarity":{"com":0.029924543623770745,"pos":0.4316012232615698,"neg":0.3822334934295183,"neut":0.04530431913378507,"none":0.11093642055135611},"intensity":{"high":0.1134589296350872,"low":0.0792244820898552,"meium":0.6954799336398784,"none":0.11183665463517904},"expressive":{"dir-action":0.0008940751886455065,"dir-explicit":0.32575692179902804,"dir-speech":0.36567376734469165,"indirect":0.19222676601161418,"writing-device":0.11544846965602082}},{"id":"족발야시장-공릉점","permalink":"","username":"asdfg","text":"너무맛있어요~~ 항상 시켜먹는곳이에요 ㅎ","date":"Mon Dec 10 23:59:44 +0000 2018","retweets":"30","favorites":"20","mentions":[],"hashtags":[],"geo":"","raw":"너무맛있어요~~ 항상 시켜먹는곳이에요 ㅎ","polarity":{"com":0.07738095248065475,"pos":0.4940476188764881,"neg":0.38690476190327383,"neut":0.04166666673958333,"none":0},"intensity":{"high":0.10515873025,"low":0.09126984125,"meium":0.8035714285,"none":0},"expressive":{"dir-action":0,"dir-explicit":0.44841269825,"dir-speech":0.515873016,"indirect":0.03571428575,"writing-device":0}},{"id":"족발야시장-공릉점","permalink":"","username":"asdfg","text":"배고팠는데 넘넘 빨리 오셔서 깜놀했습니다.\n맛있게 잘 먹었습니다.","date":"Mon Dec 10 23:59:44 +0000 2018","retweets":"30","favorites":"20","mentions":[],"hashtags":[],"geo":"","raw":"배고팠는데 넘넘 빨리 오셔서 깜놀했습니다.\n맛있게 잘 먹었습니다.","polarity":{"com":0.025600836006400212,"pos":0.5317584713829396,"neg":0.34732795958683205,"neut":0.035098522008774634,"none":0.060214211015053566},"intensity":{"high":0.0400992685,"low":0.11927153299999999,"meium":0.7775414242500001,"none":0.06308777425},"expressive":{"dir-action":0.002873563250718391,"dir-explicit":0.2869831318217458,"dir-speech":0.16188983429047246,"indirect":0.4794185701198546,"writing-device":0.06883490051720872}},{"id":"족발야시장-공릉점","permalink":"","username":"asdfg","text":"가끔 족발생각나면 항상 먹는곳이에요~\n좋아요","date":"Mon Dec 10 23:59:44 +0000 2018","retweets":"30","favorites":"20","mentions":[],"hashtags":[],"geo":"","raw":"가끔 족발생각나면 항상 먹는곳이에요~\n좋아요","polarity":{"com":0.05555555564814815,"pos":0.8066666663977778,"neg":0.06888888897703704,"neut":0.05555555564814815,"none":0.013333333328888891},"intensity":{"high":0.12222222233333331,"low":0.013333333333333332,"meium":0.851111111,"none":0.013333333333333332},"expressive":{"dir-action":0,"dir-explicit":0.5333333333333333,"dir-speech":0.39999999999999997,"indirect":0.05333333333333334,"writing-device":0.013333333333333334}},{"id":"족발야시장-공릉점","permalink":"","username":"asdfg","text":"맛나요맛나요맛나요맛나요맛나요","date":"Mon Dec 10 23:59:44 +0000 2018","retweets":"30","favorites":"20","mentions":[],"hashtags":[],"geo":"","raw":"맛나요맛나요맛나요맛나요맛나요","polarity":{"com":0,"pos":1,"neg":0,"neut":0,"none":0},"intensity":{"high":0,"low":0,"meium":1,"none":0},"expressive":{"dir-action":0,"dir-explicit":0,"dir-speech":1,"indirect":0,"writing-device":0}},{"id":"족발야시장-공릉점","permalink":"","username":"asdfg","text":"좋아요 ㅎ 맛있구요","date":"Mon Dec 10 23:59:44 +0000 2018","retweets":"30","favorites":"20","mentions":[],"hashtags":[],"geo":"","raw":"좋아요 ㅎ 맛있구요","polarity":{"com":0,"pos":0.46,"neg":0.52,"neut":0,"none":0.02},"intensity":{"high":0.1,"low":0.02,"meium":0.86,"none":0.02},"expressive":{"dir-action":0,"dir-explicit":0.30000000000000004,"dir-speech":0.6000000000000001,"indirect":0.08000000000000002,"writing-device":0.020000000000000004}},{"id":"족발야시장-공릉점","permalink":"","username":"asdfg","text":"양도 많고 맛있었습니다~배불리먹었어요","date":"Mon Dec 10 23:59:44 +0000 2018","retweets":"30","favorites":"20","mentions":[],"hashtags":[],"geo":"","raw":"양도 많고 맛있었습니다~배불리먹었어요","polarity":{"com":0,"pos":0.24154589366666668,"neg":0.7439613526666666,"neut":0.014492753666666665,"none":0},"intensity":{"high":0.12399355870799786,"low":0.14653784204884596,"meium":0.7294685992431563,"none":0},"expressive":{"dir-action":0,"dir-explicit":0.24798711741599572,"dir-speech":0.6650563608883521,"indirect":0.08695652169565218,"writing-device":0}},{"id":"족발야시장-공릉점","permalink":"","username":"asdfg","text":"그냥 괜찮아요 ㅎ 적당합니다","date":"Mon Dec 10 23:59:44 +0000 2018","retweets":"30","favorites":"20","mentions":[],"hashtags":[],"geo":"","raw":"그냥 괜찮아요 ㅎ 적당합니다","polarity":{"com":0,"pos":0.5,"neg":0.5,"neut":0,"none":0},"intensity":{"high":0,"low":0,"meium":1,"none":0},"expressive":{"dir-action":0,"dir-explicit":0,"dir-speech":0.5,"indirect":0.5,"writing-device":0}},{"id":"족발야시장-공릉점","permalink":"","username":"asdfg","text":"배달이 조금 느리지만\n맛은 괜찮아요~~^^","date":"Mon Dec 10 23:59:44 +0000 2018","retweets":"30","favorites":"20","mentions":[],"hashtags":[],"geo":"","raw":"배달이 조금 느리지만\n맛은 괜찮아요~~^^","polarity":{"com":0,"pos":0.6666666666666666,"neg":0.16666666666666666,"neut":0.16666666666666666,"none":0},"intensity":{"high":0,"low":0.16666666666666666,"meium":0.8333333333333334,"none":0},"expressive":{"dir-action":0,"dir-explicit":0.3333333333333333,"dir-speech":0.6666666666666666,"indirect":0,"writing-device":0}},{"id":"족발야시장-공릉점","permalink":"","username":"asdfg","text":"아주 맛있게 잘 먹었습니다~~^^\n가족들이 넘 좋아했어요~^^","date":"Mon Dec 10 23:59:44 +0000 2018","retweets":"30","favorites":"20","mentions":[],"hashtags":[],"geo":"","raw":"아주 맛있게 잘 먹었습니다~~^^\n가족들이 넘 좋아했어요~^^","polarity":{"com":0,"pos":0.8660714287165179,"neg":0.11607142852901785,"neut":0.017857142754464286,"none":0},"intensity":{"high":0.0625,"low":0.0535714285,"meium":0.8839285715,"none":0},"expressive":{"dir-action":0,"dir-explicit":0.5535714285,"dir-speech":0.09821428574999999,"indirect":0.34821428575,"writing-device":0}},{"id":"족발야시장-공릉점","permalink":"","username":"asdfg","text":"맛있게 잘 먹었고 특히 냉면강추","date":"Mon Dec 10 23:59:44 +0000 2018","retweets":"30","favorites":"20","mentions":[],"hashtags":[],"geo":"","raw":"맛있게 잘 먹었고 특히 냉면강추","polarity":{"com":0,"pos":0.2714285714238095,"neg":0.4380952381460318,"neut":0.0404761903468254,"none":0.25000000008333334},"intensity":{"high":0.06666666666666667,"low":0.088095238,"meium":0.5952380953333334,"none":0.25},"expressive":{"dir-action":0,"dir-explicit":0.10476190466666667,"dir-speech":0.3976190476666667,"indirect":0.2642857143333333,"writing-device":0.2333333333333333}},{"id":"족발야시장-공릉점","permalink":"","username":"asdfg","text":"주먹밥에서 날카로운 플라스틱 조각이 나왔는데..\n그게 왜나와요 하고 역으로 물으시면 제가 어찌 알아요 사장님...ㅠㅠㅠㅠ","date":"Mon Dec 10 23:59:44 +0000 2018","retweets":"30","favorites":"20","mentions":[],"hashtags":[],"geo":"","raw":"주먹밥에서 날카로운 플라스틱 조각이 나왔는데..\n그게 왜나와요 하고 역으로 물으시면 제가 어찌 알아요 사장님...ㅠㅠㅠㅠ","polarity":{"com":0.0016420361428571427,"pos":0.4031198684285715,"neg":0.4146141217142857,"neut":0.009852216714285714,"none":0.170771757},"intensity":{"high":0.20689655168472906,"low":0.06568144499061693,"meium":0.5550082102064273,"none":0.17241379311822658},"expressive":{"dir-action":0.0016420361430917194,"dir-explicit":0.33251231533321607,"dir-speech":0.463875205209125,"indirect":0.026272578003753225,"writing-device":0.17569786531081397}},{"id":"족발야시장-공릉점","permalink":"","username":"asdfg","text":"처음 시켜봤는데 맛있어요ㅋㅋ 양이조금 부족하지만 괜찮아요","date":"Mon Dec 10 23:59:44 +0000 2018","retweets":"30","favorites":"20","mentions":[],"hashtags":[],"geo":"","raw":"처음 시켜봤는데 맛있어요ㅋㅋ 양이조금 부족하지만 괜찮아요","polarity":{"com":0.04342353673914411,"pos":0.21507237269623192,"neg":0.6815607298296098,"neut":0.02202643174449339,"none":0.037916928990520765},"intensity":{"high":0.02643171800660793,"low":0.03303964750825991,"meium":0.9015103839753776,"none":0.03901825050975456},"expressive":{"dir-action":0.0011013215,"dir-explicit":0.2374528005,"dir-speech":0.50995122725,"indirect":0.21247640025,"writing-device":0.0390182505}},{"id":"족발야시장-공릉점","permalink":"","username":"asdfg","text":"오늘 배달은 좀 시간이 걸렸어요\n\n냉채족발은 제가 소스조절을 잘못했는지 넘 코가 매웠네요~~~\n 쟁반막국수는 역시나 맛났어요","date":"Mon Dec 10 23:59:44 +0000 2018","retweets":"30","favorites":"20","mentions":[],"hashtags":[],"geo":"","raw":"오늘 배달은 좀 시간이 걸렸어요\n\n냉채족발은 제가 소스조절을 잘못했는지 넘 코가 매웠네요~~~\n 쟁반막국수는 역시나 맛났어요","polarity":{"com":0.004350787000543849,"pos":0.635513350829439,"neg":0.31644303203955537,"neut":0.026186692878273337,"none":0.017506137252188265},"intensity":{"high":0.03676940412959617,"low":0.185103914398138,"meium":0.759504472719938,"none":0.018622208752327778},"expressive":{"dir-action":0,"dir-explicit":0.15061457500000003,"dir-speech":0.392311087625,"indirect":0.43758407312500003,"writing-device":0.01949026425}},{"id":"족발야시장-공릉점","permalink":"","username":"asdfg","text":"맛있어요.맛있어요맛있어요맛있어요맛있어요맛있어요맛있어요맛있어요","date":"Mon Dec 10 23:59:44 +0000 2018","retweets":"30","favorites":"20","mentions":[],"hashtags":[],"geo":"","raw":"맛있어요.맛있어요맛있어요맛있어요맛있어요맛있어요맛있어요맛있어요","polarity":{"com":0,"pos":0,"neg":1,"neut":0,"none":0},"intensity":{"high":0,"low":0,"meium":1,"none":0},"expressive":{"dir-action":0,"dir-explicit":0,"dir-speech":1,"indirect":0,"writing-device":0}},{"id":"족발야시장-공릉점","permalink":"","username":"asdfg","text":"처음 시켜봤는데 맛있고 서비스도 좋았어요 !","date":"Mon Dec 10 23:59:44 +0000 2018","retweets":"30","favorites":"20","mentions":[],"hashtags":[],"geo":"","raw":"처음 시켜봤는데 맛있고 서비스도 좋았어요 !","polarity":{"com":0.035714285741071425,"pos":0.5871428571032143,"neg":0.3314285714171428,"neut":0,"none":0.04571428573857143},"intensity":{"high":0.05,"low":0.26,"meium":0.64428571425,"none":0.04571428575},"expressive":{"dir-action":0,"dir-explicit":0.2214285714446429,"dir-speech":0.40714285714821435,"indirect":0.32571428566857147,"writing-device":0.04571428573857144}},{"id":"족발야시장-공릉점","permalink":"","username":"asdfg","text":"맛도 양도 모두 만족합니다","date":"Mon Dec 10 23:59:44 +0000 2018","retweets":"30","favorites":"20","mentions":[],"hashtags":[],"geo":"","raw":"맛도 양도 모두 만족합니다","polarity":{"com":0.006451612999999998,"pos":0.8387096773333333,"neg":0.117562724,"neut":0.02795698933333333,"none":0.009318996333333333},"intensity":{"high":0.04659498199999999,"low":0.038709677333333324,"meium":0.9046594983333333,"none":0.010035842333333331},"expressive":{"dir-action":0.0021505376666666664,"dir-explicit":0.10465949833333332,"dir-speech":0.764874552,"indirect":0.11899641566666665,"writing-device":0.009318996333333333}},{"id":"족발야시장-공릉점","permalink":"","username":"asdfg","text":"맛은 괜찮았습니다 불족이 일반보다는 나은거같아요\n나머진 쏘쏘","date":"Mon Dec 10 23:59:44 +0000 2018","retweets":"30","favorites":"20","mentions":[],"hashtags":[],"geo":"","raw":"맛은 괜찮았습니다 불족이 일반보다는 나은거같아요\n나머진 쏘쏘","polarity":{"com":0.008333333334722222,"pos":0.45291005290881836,"neg":0.5096560847516094,"neut":0.015873015835978836,"none":0.013227513168871254},"intensity":{"high":0.013624338666666666,"low":0.048015872999999994,"meium":0.9251322751666667,"none":0.013227513166666668},"expressive":{"dir-action":0,"dir-explicit":0.20978835983333335,"dir-speech":0.5861111111666667,"indirect":0.021560846499999998,"writing-device":0.1825396825}},{"id":"족발야시장-공릉점","permalink":"","username":"asdfg","text":"맛있게 잘 먹었습니다","date":"Mon Dec 10 23:59:44 +0000 2018","retweets":"30","favorites":"20","mentions":[],"hashtags":[],"geo":"","raw":"맛있게 잘 먹었습니다","polarity":{"com":0,"pos":0.35714285717857136,"neg":0.6071428573035714,"neut":0.03571428551785714,"none":0},"intensity":{"high":0,"low":0.107142857,"meium":0.8928571430000001,"none":0},"expressive":{"dir-action":0,"dir-explicit":0.107142857,"dir-speech":0.5714285715,"indirect":0.3214285715,"writing-device":0}},{"id":"족발야시장-공릉점","permalink":"","username":"asdfg","text":"한동안 족발 노래를 불렀었는데 덕분에 맛있게 잘 먹었습니다.","date":"Mon Dec 10 23:59:44 +0000 2018","retweets":"30","favorites":"20","mentions":[],"hashtags":[],"geo":"","raw":"한동안 족발 노래를 불렀었는데 덕분에 맛있게 잘 먹었습니다.","polarity":{"com":0,"pos":0.23809523807936508,"neg":0.40476190480158736,"neut":0.35714285711904764,"none":0},"intensity":{"high":0,"low":0.40476190466666667,"meium":0.5952380953333334,"none":0},"expressive":{"dir-action":0,"dir-explicit":0.07142857133333333,"dir-speech":0.7142857143333333,"indirect":0.21428571433333332,"writing-device":0}},{"id":"족발야시장-공릉점","permalink":"","username":"asdfg","text":"맛있어요.!!!!!","date":"Mon Dec 10 23:59:44 +0000 2018","retweets":"30","favorites":"20","mentions":[],"hashtags":[],"geo":"","raw":"맛있어요.!!!!!","polarity":{"com":0,"pos":0,"neg":1,"neut":0,"none":0},"intensity":{"high":0,"low":0,"meium":1,"none":0},"expressive":{"dir-action":0,"dir-explicit":0,"dir-speech":1,"indirect":0,"writing-device":0}},{"id":"족발야시장-공릉점","permalink":"","username":"asdfg","text":"노원구에서는 최고가 아닐까 생각되네요. 정말 맛있게 잘 먹었습니다!!","date":"Mon Dec 10 23:59:44 +0000 2018","retweets":"30","favorites":"20","mentions":[],"hashtags":[],"geo":"","raw":"노원구에서는 최고가 아닐까 생각되네요. 정말 맛있게 잘 먹었습니다!!","polarity":{"com":0.003571428601428571,"pos":0.5134920636053969,"neg":0.3039682539215874,"neut":0.09940476183976191,"none":0.0795634920318254},"intensity":{"high":0.15515873019999998,"low":0.16190476179999996,"meium":0.6015873016,"none":0.0813492064},"expressive":{"dir-action":0,"dir-explicit":0.3246031746,"dir-speech":0.36607142859999997,"indirect":0.22658730159999996,"writing-device":0.08273809519999999}},{"id":"족발야시장-공릉점","permalink":"","username":"asdfg","text":"맛도  좋고 서비스도 좋고 배달도 괜찮네요~~  일단 맛있어서 너무 좋아요","date":"Mon Dec 10 23:59:44 +0000 2018","retweets":"30","favorites":"20","mentions":[],"hashtags":[],"geo":"","raw":"맛도  좋고 서비스도 좋고 배달도 괜찮네요~~  일단 맛있어서 너무 좋아요","polarity":{"com":0.020408163285714286,"pos":0.7118367347142858,"neg":0.11346938771428572,"neut":0,"none":0.1542857142857143},"intensity":{"high":0.07755102042857143,"low":0.1746938775714286,"meium":0.5934693877142857,"none":0.1542857142857143},"expressive":{"dir-action":0,"dir-explicit":0.25306122442857143,"dir-speech":0.38367346942857145,"indirect":0.20897959185714285,"writing-device":0.1542857142857143}},{"id":"족발야시장-공릉점","permalink":"","username":"asdfg","text":"여기는 처음 먹어봤는데 족발이 쫄깃하고 맛있어요\n특히 같이오는 양배추채가 맛있어서 더 먹고 싶어요\n배달하는 분도 친절하세요","date":"Mon Dec 10 23:59:44 +0000 2018","retweets":"30","favorites":"20","mentions":[],"hashtags":[],"geo":"","raw":"여기는 처음 먹어봤는데 족발이 쫄깃하고 맛있어요\n특히 같이오는 양배추채가 맛있어서 더 먹고 싶어요\n배달하는 분도 친절하세요","polarity":{"com":0.01957751274836854,"pos":0.4954497996253793,"neg":0.3227863462231011,"neut":0.07686028274359498,"none":0.08532605865955616},"intensity":{"high":0.07452110508954342,"low":0.0480392570873366,"meium":0.790572962565881,"none":0.08686667525723889},"expressive":{"dir-action":0.0011549918333333333,"dir-explicit":0.2107802399166667,"dir-speech":0.4867805400833333,"indirect":0.21950747874999998,"writing-device":0.08177674941666666}}]