[{"id":"원조장충동 왕 족발보쌈","permalink":"","username":"asdfg","text":"맛있고 배달도준수해요  바베큐보쌈먹었는데 조금매콤함\n\n메뉴에 조금매콤하다고 써있으면더좋을듯..\n\n숯불바베큐생각하고시킨거였는데 보쌈에 빨간양념이되어오더라구용 맛있게먹긴했어요","date":"Mon Dec 10 23:59:44 +0000 2018","retweets":"30","favorites":"20","mentions":[],"hashtags":[],"geo":"","raw":"맛있고 배달도준수해요  바베큐보쌈먹었는데 조금매콤함\n\n메뉴에 조금매콤하다고 써있으면더좋을듯..\n\n숯불바베큐생각하고시킨거였는데 보쌈에 빨간양념이되어오더라구용 맛있게먹긴했어요","polarity":{"com":0.023657937880961297,"pos":0.4235951975633179,"neg":0.44382169373859875,"neut":0.08621381846551684,"none":0.022711352351605214},"intensity":{"high":0.08233904199031303,"low":0.14030990239525765,"meium":0.7537869234995546,"none":0.02356413211487481},"expressive":{"dir-action":0.006200373353305904,"dir-explicit":0.3076351476063315,"dir-speech":0.5186479120893323,"indirect":0.14260016983191764,"writing-device":0.02491639711911273}}]