[{"id":"마영균족발집","permalink":"","username":"asdfg","text":"가게가서 먹어보고 맛있어서 배달 시켜서 먹었는데 반찬도 푸짐하고 고기도 야들야들하니 맛있었어요","date":"Mon Dec 10 23:59:44 +0000 2018","retweets":"30","favorites":"20","mentions":[],"hashtags":[],"geo":"","raw":"가게가서 먹어보고 맛있어서 배달 시켜서 먹었는데 반찬도 푸짐하고 고기도 야들야들하니 맛있었어요","polarity":{"com":0.007016813090271197,"pos":0.3817821097834743,"neg":0.45491451841318953,"neut":0.12428636953415578,"none":0.032000189178909066},"intensity":{"high":0.06444132935777805,"low":0.0836469840833048,"meium":0.8185935650164915,"none":0.033318121542425624},"expressive":{"dir-action":0.0013179323638759875,"dir-explicit":0.11372814811158691,"dir-speech":0.6669049001212554,"indirect":0.1788531550325187,"writing-device":0.039195864370762876}},{"id":"마영균족발집","permalink":"","username":"asdfg","text":"맛있내요\n양도 좋고","date":"Mon Dec 10 23:59:44 +0000 2018","retweets":"30","favorites":"20","mentions":[],"hashtags":[],"geo":"","raw":"맛있내요\n양도 좋고","polarity":{"com":0,"pos":0.5,"neg":0.5,"neut":0,"none":0},"intensity":{"high":0,"low":0,"meium":1,"none":0},"expressive":{"dir-action":0,"dir-explicit":0.5,"dir-speech":0.5,"indirect":0,"writing-device":0}},{"id":"마영균족발집","permalink":"","username":"asdfg","text":"정말 너무 맛있고 양도 좋고 사장님 친철.. \n진짜 여기 족발 맛있음...\n족발은 요기요~~~~","date":"Mon Dec 10 23:59:44 +0000 2018","retweets":"30","favorites":"20","mentions":[],"hashtags":[],"geo":"","raw":"정말 너무 맛있고 양도 좋고 사장님 친철.. \n진짜 여기 족발 맛있음...\n족발은 요기요~~~~","polarity":{"com":0.0024213075714285713,"pos":0.5037046004285713,"neg":0.4427602905714285,"neut":0.004842614999999999,"none":0.04627118642857142},"intensity":{"high":0.11452784501636111,"low":0.02508474571786925,"meium":0.8141162228305879,"none":0.0462711864351816},"expressive":{"dir-action":0,"dir-explicit":0.3387409201428571,"dir-speech":0.5727602905714286,"indirect":0.04222760285714285,"writing-device":0.04627118642857143}}]