[{"id":"홍천족발","permalink":"","username":"asdfg","text":"너무너무맛있어요오오","date":"Mon Dec 10 23:59:44 +0000 2018","retweets":"30","favorites":"20","mentions":[],"hashtags":[],"geo":"","raw":"너무너무맛있어요오오","polarity":{"com":0,"pos":0,"neg":1,"neut":0,"none":0},"intensity":{"high":0,"low":0,"meium":1,"none":0},"expressive":{"dir-action":0,"dir-explicit":0,"dir-speech":1,"indirect":0,"writing-device":0}},{"id":"홍천족발","permalink":"","username":"asdfg","text":"저번에 주문했더니 약간 쉰맛나던데;;; ","date":"Mon Dec 10 23:59:44 +0000 2018","retweets":"30","favorites":"20","mentions":[],"hashtags":[],"geo":"","raw":"저번에 주문했더니 약간 쉰맛나던데;;; ","polarity":{"com":0,"pos":0.5,"neg":0,"neut":0.5,"none":0},"intensity":{"high":0,"low":0,"meium":1,"none":0},"expressive":{"dir-action":0,"dir-explicit":0.5,"dir-speech":0,"indirect":0.5,"writing-device":0}},{"id":"홍천족발","permalink":"","username":"asdfg","text":"가서 먹는게 진심 더맛있어요!!!!! 배달도 맛있지만ㅎ","date":"Mon Dec 10 23:59:44 +0000 2018","retweets":"30","favorites":"20","mentions":[],"hashtags":[],"geo":"","raw":"가서 먹는게 진심 더맛있어요!!!!! 배달도 맛있지만ㅎ","polarity":{"com":0,"pos":0.313522226614413,"neg":0.5936430717343928,"neut":0.0704368096549272,"none":0.022397891996267016},"intensity":{"high":0.14690462514218255,"low":0.16791340713868108,"meium":0.6627840757228693,"none":0.022397891996267016},"expressive":{"dir-action":0,"dir-explicit":0.215648281,"dir-speech":0.6225787095,"indirect":0.1393751175,"writing-device":0.022397892000000006}},{"id":"홍천족발","permalink":"","username":"asdfg","text":"그닥 맛은 없어요... 냄새남","date":"Mon Dec 10 23:59:44 +0000 2018","retweets":"30","favorites":"20","mentions":[],"hashtags":[],"geo":"","raw":"그닥 맛은 없어요... 냄새남","polarity":{"com":0.03677552233333333,"pos":0.5982641953333333,"neg":0.28832009433333333,"neut":0.016181229666666668,"none":0.06045895833333333},"intensity":{"high":0.08958517199999999,"low":0.07781700500000001,"meium":0.7689026186666666,"none":0.06369520433333332},"expressive":{"dir-action":0,"dir-explicit":0.23330391300000006,"dir-speech":0.4348337746666667,"indirect":0.26169461600000005,"writing-device":0.07016769633333333}},{"id":"홍천족발","permalink":"","username":"asdfg","text":"그냥 그래욤 질기고 냄새는 좀 나요","date":"Mon Dec 10 23:59:44 +0000 2018","retweets":"30","favorites":"20","mentions":[],"hashtags":[],"geo":"","raw":"그냥 그래욤 질기고 냄새는 좀 나요","polarity":{"com":0,"pos":0.3333333333333333,"neg":0.6666666666666666,"neut":0,"none":0},"intensity":{"high":0.3333333333333333,"low":0,"meium":0.6666666666666666,"none":0},"expressive":{"dir-action":0,"dir-explicit":0.13333333333333333,"dir-speech":0.5333333333333333,"indirect":0.3333333333333333,"writing-device":0}},{"id":"홍천족발","permalink":"","username":"asdfg","text":"족발양은 평균보다 많고 맛은 보통","date":"Mon Dec 10 23:59:44 +0000 2018","retweets":"30","favorites":"20","mentions":[],"hashtags":[],"geo":"","raw":"족발양은 평균보다 많고 맛은 보통","polarity":{"com":0.0056497176666666675,"pos":0.5824121836666667,"neg":0.374846475,"neut":0.025792188666666663,"none":0.011299434999999998},"intensity":{"high":0.12085482674723655,"low":0.117661508078441,"meium":0.7501842301667895,"none":0.011299435007532955},"expressive":{"dir-action":0,"dir-explicit":0.26430852375476954,"dir-speech":0.592237779530746,"indirect":0.1321542617107181,"writing-device":0.011299435003766477}},{"id":"홍천족발","permalink":"","username":"asdfg","text":"맨날 여기서만 시켜먹어요.. 족발 너무 좋아해요 ㅋㅋ","date":"Mon Dec 10 23:59:44 +0000 2018","retweets":"30","favorites":"20","mentions":[],"hashtags":[],"geo":"","raw":"맨날 여기서만 시켜먹어요.. 족발 너무 좋아해요 ㅋㅋ","polarity":{"com":0.03571428575892857,"pos":0.28891941382222985,"neg":0.5535714286383928,"neut":0.01282051275320513,"none":0.1089743590272436},"intensity":{"high":0.08913308925,"low":0.10409035400000001,"meium":0.6978021977500001,"none":0.10897435900000002},"expressive":{"dir-action":0,"dir-explicit":0.25610500599999997,"dir-speech":0.57997558,"indirect":0.061355311499999995,"writing-device":0.1025641025}},{"id":"홍천족발","permalink":"","username":"asdfg","text":"직접가서먹었는데맛있어요","date":"Mon Dec 10 23:59:44 +0000 2018","retweets":"30","favorites":"20","mentions":[],"hashtags":[],"geo":"","raw":"직접가서먹었는데맛있어요","polarity":{"com":0,"pos":0.3333333333333333,"neg":0.6666666666666666,"neut":0,"none":0},"intensity":{"high":0.037037037,"low":0.185185185,"meium":0.7777777779999999,"none":0},"expressive":{"dir-action":0,"dir-explicit":0.074074074,"dir-speech":0.5925925926666666,"indirect":0.3333333333333333,"writing-device":0}},{"id":"홍천족발","permalink":"","username":"asdfg","text":"맛있습니다 또 시켜먹을만 합니다","date":"Mon Dec 10 23:59:44 +0000 2018","retweets":"30","favorites":"20","mentions":[],"hashtags":[],"geo":"","raw":"맛있습니다 또 시켜먹을만 합니다","polarity":{"com":0,"pos":0.2648809521837797,"neg":0.5238095238690477,"neut":0,"none":0.21130952394717262},"intensity":{"high":0.048611111,"low":0.0555555555,"meium":0.6845238095,"none":0.211309524},"expressive":{"dir-action":0,"dir-explicit":0.1746031745,"dir-speech":0.515873016,"indirect":0.0625,"writing-device":0.2470238095}},{"id":"홍천족발","permalink":"","username":"asdfg","text":"해당 리뷰는 배달통 운영 원칙에 따라 블라인드 처리 되었습니다.","date":"Mon Dec 10 23:59:44 +0000 2018","retweets":"30","favorites":"20","mentions":[],"hashtags":[],"geo":"","raw":"해당 리뷰는 배달통 운영 원칙에 따라 블라인드 처리 되었습니다.","polarity":{"com":0,"pos":0.4126984127063492,"neg":0.3075396826537698,"neut":0.2043650793521825,"none":0.07539682528769841},"intensity":{"high":0.035714285750000005,"low":0.08730158725,"meium":0.80158730175,"none":0.07539682525000001},"expressive":{"dir-action":0,"dir-explicit":0.44246031761061505,"dir-speech":0.2777777778194444,"indirect":0.20039682530009917,"writing-device":0.07936507926984127}}]