[{"id":"다돈족발","permalink":"","username":"asdfg","text":"따뜻하고 냄새도 안나고 맛있어요 \n막국수도 맛나요~~!!\n중으로 시켰더니 양이 조금 아쉽네요 ㅠ","date":"Mon Dec 10 23:59:44 +0000 2018","retweets":"30","favorites":"20","mentions":[],"hashtags":[],"geo":"","raw":"따뜻하고 냄새도 안나고 맛있어요 \n막국수도 맛나요~~!!\n중으로 시켰더니 양이 조금 아쉽네요 ㅠ","polarity":{"com":0.008163265285714287,"pos":0.2663265305714286,"neg":0.5630102041428572,"neut":0.09132653057142857,"none":0.07117346942857143},"intensity":{"high":0.21505102042857144,"low":0.09489795914285715,"meium":0.618877551,"none":0.07117346942857143},"expressive":{"dir-action":0,"dir-explicit":0.2818877551025875,"dir-speech":0.33392857138086735,"indirect":0.30510204081355685,"writing-device":0.07908163270298835}},{"id":"다돈족발","permalink":"","username":"asdfg","text":"첨인데 고기가 따뜻해서 좋네요~\n배달  빨라요","date":"Mon Dec 10 23:59:44 +0000 2018","retweets":"30","favorites":"20","mentions":[],"hashtags":[],"geo":"","raw":"첨인데 고기가 따뜻해서 좋네요~\n배달  빨라요","polarity":{"com":0.0045751634,"pos":0.661124183,"neg":0.0635555556,"neut":0.2183006536,"none":0.0524444444},"intensity":{"high":0.06549019601309804,"low":0.024339869204867977,"meium":0.8577254903715451,"none":0.05244444441048889},"expressive":{"dir-action":0,"dir-explicit":0.20366013079999998,"dir-speech":0.4805228758,"indirect":0.2594509804,"writing-device":0.056366013000000006}},{"id":"다돈족발","permalink":"","username":"asdfg","text":"음식마다 세심한 메시지에 감동하고 맛에 또 감동했어요!!\n족발 식지말라고 대추즙에 따뜻한 물까지 넣어서 포장해주셔서 덕분에 레알 맛있게 먹었습니다♡ 조만간 또 시킬게요!!","date":"Mon Dec 10 23:59:44 +0000 2018","retweets":"30","favorites":"20","mentions":[],"hashtags":[],"geo":"","raw":"음식마다 세심한 메시지에 감동하고 맛에 또 감동했어요!!\n족발 식지말라고 대추즙에 따뜻한 물까지 넣어서 포장해주셔서 덕분에 레알 맛있게 먹었습니다♡ 조만간 또 시킬게요!!","polarity":{"com":0.00289192419961441,"pos":0.43818595087490847,"neg":0.42385360014348616,"neut":0.07446026672340529,"none":0.060608258058585565},"intensity":{"high":0.03766734473333334,"low":0.05816235586666666,"meium":0.8432184719333333,"none":0.06095182746666667},"expressive":{"dir-action":0.0006303077333333334,"dir-explicit":0.15561515433333334,"dir-speech":0.42892800639999995,"indirect":0.3349704543333333,"writing-device":0.07985607720000001}},{"id":"다돈족발","permalink":"","username":"asdfg","text":"맛과 양과 배달속도 굿👍🏻","date":"Mon Dec 10 23:59:44 +0000 2018","retweets":"30","favorites":"20","mentions":[],"hashtags":[],"geo":"","raw":"맛과 양과 배달속도 굿👍🏻","polarity":{"com":0.002380952333333333,"pos":0.738095238,"neg":0.10952380966666668,"neut":0.004761904666666666,"none":0.14523809533333334},"intensity":{"high":0.047619047666666664,"low":0.038095238,"meium":0.7690476190000001,"none":0.14523809533333334},"expressive":{"dir-action":0,"dir-explicit":0.06190476197936508,"dir-speech":0.766666666411111,"indirect":0.028571428657142857,"writing-device":0.14285714295238094}},{"id":"다돈족발","permalink":"","username":"asdfg","text":"하;;;고기몇점밑에 큰뼈랑작은뼈에  양이 정량인지 의심스럽네요..\n다시는 안먹음..튀긴족발 남이 먹다 남은거. 튀겨준느낌이들정도였음..미니족이왜이리마늠\n전 족발주문했궁. ..ㅃㅕ믄게로 중량다채워진느낌","date":"Mon Dec 10 23:59:44 +0000 2018","retweets":"30","favorites":"20","mentions":[],"hashtags":[],"geo":"","raw":"하;;;고기몇점밑에 큰뼈랑작은뼈에  양이 정량인지 의심스럽네요..\n다시는 안먹음..튀긴족발 남이 먹다 남은거. 튀겨준느낌이들정도였음..미니족이왜이리마늠\n전 족발주문했궁. ..ㅃㅕ믄게로 중량다채워진느낌","polarity":{"com":0.007231095600361555,"pos":0.423778577421189,"neg":0.37526699626876336,"neut":0.09867872560493396,"none":0.09504460510475224},"intensity":{"high":0.12661737521266178,"low":0.07095935445709596,"meium":0.7054342629705433,"none":0.09698900735969891},"expressive":{"dir-action":0.0002202643000110132,"dir-explicit":0.28828887766441447,"dir-speech":0.35567606586778383,"indirect":0.2564445306128223,"writing-device":0.09937026155496852}},{"id":"다돈족발","permalink":"","username":"asdfg","text":"배달도 짱 빠르구 배달해주시는 분도 친절하구여! 족발은 둘이 먹을거라 뒷발이여도 중자 시켰는데 그럼에도 맛있네요👍🏻 또 사이드인 막국수랑 해파리도 맛있고 심지어 무김치도 짱맛입니다..흑흑... 맛 없는게 1도 없어요.. 여긴 진짜 짱이에요!!!!!","date":"Mon Dec 10 23:59:44 +0000 2018","retweets":"30","favorites":"20","mentions":[],"hashtags":[],"geo":"","raw":"배달도 짱 빠르구 배달해주시는 분도 친절하구여! 족발은 둘이 먹을거라 뒷발이여도 중자 시켰는데 그럼에도 맛있네요👍🏻 또 사이드인 막국수랑 해파리도 맛있고 심지어 무김치도 짱맛입니다..흑흑... 맛 없는게 1도 없어요.. 여긴 진짜 짱이에요!!!!!","polarity":{"com":0.00646738127213933,"pos":0.465520361048589,"neg":0.3271213376975345,"neut":0.026463058679412448,"none":0.17442786130232477},"intensity":{"high":0.07208541324037916,"low":0.06839538564879916,"meium":0.6845931074881079,"none":0.17492609362271386},"expressive":{"dir-action":0.0006937356818181817,"dir-explicit":0.17830386654545455,"dir-speech":0.48592646999999994,"indirect":0.1538368398181818,"writing-device":0.18123908795454544}},{"id":"다돈족발","permalink":"","username":"asdfg","text":"맛있는데. 양이너무적어요.","date":"Mon Dec 10 23:59:44 +0000 2018","retweets":"30","favorites":"20","mentions":[],"hashtags":[],"geo":"","raw":"맛있는데. 양이너무적어요.","polarity":{"com":0.07142857150000001,"pos":0.07142857150000001,"neg":0.857142857,"neut":0,"none":0},"intensity":{"high":0.07142857150000001,"low":0.07142857150000001,"meium":0.857142857,"none":0},"expressive":{"dir-action":0,"dir-explicit":0.2857142855,"dir-speech":0.642857143,"indirect":0.0714285715,"writing-device":0}},{"id":"다돈족발","permalink":"","username":"asdfg","text":"양도 많고 맛있었습니다~번창하세요~~~~","date":"Mon Dec 10 23:59:44 +0000 2018","retweets":"30","favorites":"20","mentions":[],"hashtags":[],"geo":"","raw":"양도 많고 맛있었습니다~번창하세요~~~~","polarity":{"com":0,"pos":0.195652174,"neg":0.7826086955,"neut":0.0217391305,"none":0},"intensity":{"high":0.1304347825652174,"low":0.10869565205434782,"meium":0.7608695653804347,"none":0},"expressive":{"dir-action":0,"dir-explicit":0.2608695651304348,"dir-speech":0.6086956523043479,"indirect":0.1304347825652174,"writing-device":0}},{"id":"다돈족발","permalink":"","username":"asdfg","text":"마늘튀족.너무맛있어요....","date":"Mon Dec 10 23:59:44 +0000 2018","retweets":"30","favorites":"20","mentions":[],"hashtags":[],"geo":"","raw":"마늘튀족.너무맛있어요....","polarity":{"com":0.142857143,"pos":0.142857143,"neg":0.714285714,"neut":0,"none":0},"intensity":{"high":0.142857143,"low":0.142857143,"meium":0.714285714,"none":0},"expressive":{"dir-action":0,"dir-explicit":0.5714285710000001,"dir-speech":0.28571428600000004,"indirect":0.14285714300000002,"writing-device":0}},{"id":"다돈족발","permalink":"","username":"asdfg","text":"맛있어요.양이좀 부족","date":"Mon Dec 10 23:59:44 +0000 2018","retweets":"30","favorites":"20","mentions":[],"hashtags":[],"geo":"","raw":"맛있어요.양이좀 부족","polarity":{"com":0,"pos":0.5,"neg":0.5,"neut":0,"none":0},"intensity":{"high":0,"low":0,"meium":1,"none":0},"expressive":{"dir-action":0,"dir-explicit":0.2,"dir-speech":0.8,"indirect":0,"writing-device":0}},{"id":"다돈족발","permalink":"","username":"asdfg","text":"배달도 빠르고 맛나네요 푸짐하니 근데 식었나 고기가 미지근하네요","date":"Mon Dec 10 23:59:44 +0000 2018","retweets":"30","favorites":"20","mentions":[],"hashtags":[],"geo":"","raw":"배달도 빠르고 맛나네요 푸짐하니 근데 식었나 고기가 미지근하네요","polarity":{"com":0.011820644166666667,"pos":0.6018076901666667,"neg":0.315065065,"neut":0.02626155566666667,"none":0.045045045},"intensity":{"high":0.2259465347043244,"low":0.09720014118286673,"meium":0.6308072781051346,"none":0.04604604600767435},"expressive":{"dir-action":0.001001001,"dir-explicit":0.17382087966666668,"dir-speech":0.23046575983333328,"indirect":0.5453983396666666,"writing-device":0.049314019833333333}},{"id":"다돈족발","permalink":"","username":"asdfg","text":"맛있네요 신선한 족발맛","date":"Mon Dec 10 23:59:44 +0000 2018","retweets":"30","favorites":"20","mentions":[],"hashtags":[],"geo":"","raw":"맛있네요 신선한 족발맛","polarity":{"com":0.008008007999999999,"pos":0.5375375376666666,"neg":0.4354354353333333,"neut":0.011011011,"none":0.008008007999999999},"intensity":{"high":0.038038038,"low":0.028028028,"meium":0.924924925,"none":0.009009009},"expressive":{"dir-action":0.0010010010000000003,"dir-explicit":0.104104104,"dir-speech":0.6966966966666668,"indirect":0.18918918933333334,"writing-device":0.009009009}},{"id":"다돈족발","permalink":"","username":"asdfg","text":"살부위 5점 먹고 나서의 모습입니다. 먹다가 워낙 양이 적은듯하여 살점만 분리해서 놨는데 기존 족발집에 비해 너무적네요;;; 첫번째 두번째가 살붙은 부위 빼고 찍은 사진이고 세번째가 5점 먹고 살있는 부위를 빼놓은 사진입니다. 시키시기전에 참고하세요. 제가 예민한건지 해서 올립니다. 배달은 친절하셨습니다.","date":"Mon Dec 10 23:59:44 +0000 2018","retweets":"30","favorites":"20","mentions":[],"hashtags":[],"geo":"","raw":"살부위 5점 먹고 나서의 모습입니다. 먹다가 워낙 양이 적은듯하여 살점만 분리해서 놨는데 기존 족발집에 비해 너무적네요;;; 첫번째 두번째가 살붙은 부위 빼고 찍은 사진이고 세번째가 5점 먹고 살있는 부위를 빼놓은 사진입니다. 시키시기전에 참고하세요. 제가 예민한건지 해서 올립니다. 배달은 친절하셨습니다.","polarity":{"com":0.01126608884848485,"pos":0.5181066048181817,"neg":0.33485330193939394,"neut":0.0390431163030303,"none":0.0967308880909091},"intensity":{"high":0.06401218014957538,"low":0.17041407132816921,"meium":0.6677320884343112,"none":0.0978416600879442},"expressive":{"dir-action":0.015981832788363085,"dir-explicit":0.26730897679597915,"dir-speech":0.3809909359812422,"indirect":0.23320668846161235,"writing-device":0.1025115659728034}},{"id":"다돈족발","permalink":"","username":"asdfg","text":"굿 맛있네요","date":"Mon Dec 10 23:59:44 +0000 2018","retweets":"30","favorites":"20","mentions":[],"hashtags":[],"geo":"","raw":"굿 맛있네요","polarity":{"com":0,"pos":1,"neg":0,"neut":0,"none":0},"intensity":{"high":0,"low":0,"meium":1,"none":0},"expressive":{"dir-action":0,"dir-explicit":0,"dir-speech":0,"indirect":1,"writing-device":0}},{"id":"다돈족발","permalink":"","username":"asdfg","text":"진짜 맛있어요~~!! 오히려 안느끼하고 껍질부분까지 꼬들하게 맛있게 먹었어요!! 막국수도 부드럽고 넘맛나게 먹었어요~~ 다음에 또시킬께요~~","date":"Mon Dec 10 23:59:44 +0000 2018","retweets":"30","favorites":"20","mentions":[],"hashtags":[],"geo":"","raw":"진짜 맛있어요~~!! 오히려 안느끼하고 껍질부분까지 꼬들하게 맛있게 먹었어요!! 막국수도 부드럽고 넘맛나게 먹었어요~~ 다음에 또시킬께요~~","polarity":{"com":0.004210143332982488,"pos":0.2361974458136502,"neg":0.5946528587837788,"neut":0.01093247624908896,"none":0.15400707582049938},"intensity":{"high":0.08377850509031487,"low":0.06703315158891943,"meium":0.690963926974247,"none":0.1582244163465187},"expressive":{"dir-action":0.0007878846666666668,"dir-explicit":0.16585131425000005,"dir-speech":0.492695602,"indirect":0.17131047050000003,"writing-device":0.16935472858333336}},{"id":"다돈족발","permalink":"","username":"asdfg","text":"맛있어요 배달도 빠르고~상추 고추 더보내달라고했는데 꼼꼼이 챙겨주셨네요~","date":"Mon Dec 10 23:59:44 +0000 2018","retweets":"30","favorites":"20","mentions":[],"hashtags":[],"geo":"","raw":"맛있어요 배달도 빠르고~상추 고추 더보내달라고했는데 꼼꼼이 챙겨주셨네요~","polarity":{"com":0,"pos":0.42857142866666664,"neg":0.5714285713333332,"neut":0,"none":0},"intensity":{"high":0.14285714295238094,"low":0.20634920626455028,"meium":0.6507936507830687,"none":0},"expressive":{"dir-action":0,"dir-explicit":0.09523809533333333,"dir-speech":0.380952381,"indirect":0.5238095236666667,"writing-device":0}},{"id":"다돈족발","permalink":"","username":"asdfg","text":"튀겼는데 안느끼하고 더 맛있는건 왜일까?\nㅋㅋㅋㅋㅋㅋㅋ막국수랑 튀긴족발이랑 마늘쌈장에 딱 찍어 얹어먹으니 넘흐 맛있어요.\n이 맛을 글이나 사진으로 다표현이안되네요.드셔보시길 ㅋㅋㅋㅋ\n막국수 서비스인게 넘 많이들고 양도 넉넉하고 정갈하니 앞으로 계속 생각날거같아용용~~^^*","date":"Mon Dec 10 23:59:44 +0000 2018","retweets":"30","favorites":"20","mentions":[],"hashtags":[],"geo":"","raw":"튀겼는데 안느끼하고 더 맛있는건 왜일까?\nㅋㅋㅋㅋㅋㅋㅋ막국수랑 튀긴족발이랑 마늘쌈장에 딱 찍어 얹어먹으니 넘흐 맛있어요.\n이 맛을 글이나 사진으로 다표현이안되네요.드셔보시길 ㅋㅋㅋㅋ\n막국수 서비스인게 넘 많이들고 양도 넉넉하고 정갈하니 앞으로 계속 생각날거같아용용~~^^*","polarity":{"com":0.005820063347573043,"pos":0.4898473967178329,"neg":0.4070504766344761,"neut":0.03950274160697815,"none":0.05777932169314003},"intensity":{"high":0.17889477986956523,"low":0.14522747095652178,"meium":0.6175151972608696,"none":0.05836255191304347},"expressive":{"dir-action":0.02232236065023284,"dir-explicit":0.21300392198147788,"dir-speech":0.39426261827006415,"indirect":0.2578818805427929,"writing-device":0.11252921855543223}},{"id":"다돈족발","permalink":"","username":"asdfg","text":"배달 빠르게 와서 기분좋게 받았습니다\n포장도 깔끔하고\n서비스로온 막국수도 맛있게 잘먹었습니다\n앞으로 단골 하겠습니다","date":"Mon Dec 10 23:59:44 +0000 2018","retweets":"30","favorites":"20","mentions":[],"hashtags":[],"geo":"","raw":"배달 빠르게 와서 기분좋게 받았습니다\n포장도 깔끔하고\n서비스로온 막국수도 맛있게 잘먹었습니다\n앞으로 단골 하겠습니다","polarity":{"com":0.0025972400835497706,"pos":0.5429705338785809,"neg":0.26464802935538734,"neut":0.15147267084595606,"none":0.038311525836525966},"intensity":{"high":0.07383362624999999,"low":0.17708509191666663,"meium":0.71051950575,"none":0.038561776083333325},"expressive":{"dir-action":0.0002502502499582917,"dir-explicit":0.18883964605186007,"dir-speech":0.3190538464468244,"indirect":0.4400008303433332,"writing-device":0.0518554269080241}},{"id":"다돈족발","permalink":"","username":"asdfg","text":"슈가보이 재림한줄 .물론 고기가 여들야들해서 맛있었지만 좀 다른 부재료들이 덜달았으면 좋겠네요.고기도 씹는 질감이 더 살아있었으면 좋았을듯!","date":"Mon Dec 10 23:59:44 +0000 2018","retweets":"30","favorites":"20","mentions":[],"hashtags":[],"geo":"","raw":"슈가보이 재림한줄 .물론 고기가 여들야들해서 맛있었지만 좀 다른 부재료들이 덜달았으면 좋겠네요.고기도 씹는 질감이 더 살아있었으면 좋았을듯!","polarity":{"com":0.01262118599915859,"pos":0.4448653963036757,"neg":0.3033555217797763,"neut":0.15894489032273704,"none":0.08021300559465247},"intensity":{"high":0.09267993499382136,"low":0.20480186791967991,"meium":0.6200051624253331,"none":0.08251303466116582},"expressive":{"dir-action":0.00043010753336200717,"dir-explicit":0.24065475754937699,"dir-speech":0.4488432042965895,"indirect":0.16319225834421283,"writing-device":0.14687967227645862}},{"id":"다돈족발","permalink":"","username":"asdfg","text":"헐 어의없음  전에도야족발시켰다가 비위상해서  요번엔 신나는족발시켰더니   똑같은데임  포장봉지며 쿠폰이며 난분명신나는족발 리뷰보고시켰는데 도야족발로옴   니기럴 ㅡㅡ 기름뚝뚝  씽(힘줄)이너무많아 비우상해서 못먹겠음 ㅡㅡ 쟁반국수도 다뿔어서 오고 상추도 지저분 @@  요기요도 못믿겠네요","date":"Mon Dec 10 23:59:44 +0000 2018","retweets":"30","favorites":"20","mentions":[],"hashtags":[],"geo":"","raw":"헐 어의없음  전에도야족발시켰다가 비위상해서  요번엔 신나는족발시켰더니   똑같은데임  포장봉지며 쿠폰이며 난분명신나는족발 리뷰보고시켰는데 도야족발로옴   니기럴 ㅡㅡ 기름뚝뚝  씽(힘줄)이너무많아 비우상해서 못먹겠음 ㅡㅡ 쟁반국수도 다뿔어서 오고 상추도 지저분 @@  요기요도 못믿겠네요","polarity":{"com":0.002185972411893293,"pos":0.2710495961924147,"neg":0.5862745099756632,"neut":0.07148898771008758,"none":0.06900093370994123},"intensity":{"high":0.07764184110851273,"low":0.06516998958056823,"meium":0.7881872356131545,"none":0.0690009336977646},"expressive":{"dir-action":0.00980392164590542,"dir-explicit":0.22736035597325174,"dir-speech":0.4050557477170523,"indirect":0.2875322677308786,"writing-device":0.07024770693291203}},{"id":"다돈족발","permalink":"","username":"asdfg","text":"깔끔하고 요목조목 찬도 많고. 맛도 있다고 전하라네요~~^^","date":"Mon Dec 10 23:59:44 +0000 2018","retweets":"30","favorites":"20","mentions":[],"hashtags":[],"geo":"","raw":"깔끔하고 요목조목 찬도 많고. 맛도 있다고 전하라네요~~^^","polarity":{"com":0.006590519000000001,"pos":0.5903796654000001,"neg":0.09340411840000001,"neut":0.21374946380000007,"none":0.09587623340000001},"intensity":{"high":0.031751394200000005,"low":0.22753110259999998,"meium":0.6442406692,"none":0.096476834},"expressive":{"dir-action":0.0006006006000000001,"dir-explicit":0.3017481766,"dir-speech":0.4590894466,"indirect":0.14208494219999998,"writing-device":0.096476834}},{"id":"다돈족발","permalink":"","username":"asdfg","text":"양도많고 맛도괜찮아요 아쉬운점이잇다면 배추김치맛이 별로네요 그거빼곤 괜찮아요","date":"Mon Dec 10 23:59:44 +0000 2018","retweets":"30","favorites":"20","mentions":[],"hashtags":[],"geo":"","raw":"양도많고 맛도괜찮아요 아쉬운점이잇다면 배추김치맛이 별로네요 그거빼곤 괜찮아요","polarity":{"com":0,"pos":0.6207729469367955,"neg":0.17753623186292272,"neut":0.06280193234380033,"none":0.13888888885648148},"intensity":{"high":0.09903381634983897,"low":0.03623188400603865,"meium":0.7258454107876409,"none":0.13888888885648148},"expressive":{"dir-action":0,"dir-explicit":0.19806763286634463,"dir-speech":0.45289855074214974,"indirect":0.21014492753502417,"writing-device":0.13888888885648148}},{"id":"다돈족발","permalink":"","username":"asdfg","text":"뒷다리밖에 없다고해서  야들한부분으로 부탁드렸는데\n양도많고  맛있네용^^\n\n아~!김치 포장용기가 커서 부담스럽네요ㅎ","date":"Mon Dec 10 23:59:44 +0000 2018","retweets":"30","favorites":"20","mentions":[],"hashtags":[],"geo":"","raw":"뒷다리밖에 없다고해서  야들한부분으로 부탁드렸는데\n양도많고  맛있네용^^\n\n아~!김치 포장용기가 커서 부담스럽네요ㅎ","polarity":{"com":0.004439784625,"pos":0.36155283850000003,"neg":0.42589448512500006,"neut":0.080684601375,"none":0.127428290375},"intensity":{"high":0.14457410937499998,"low":0.14098902124999999,"meium":0.543529755375,"none":0.17090711400000003},"expressive":{"dir-action":0.0018121570004530393,"dir-explicit":0.23270470618317615,"dir-speech":0.3526593122131648,"indirect":0.26820981406705247,"writing-device":0.1446140105361535}},{"id":"다돈족발","permalink":"","username":"asdfg","text":"불족 앞다리 반반시켰는데 양도 엄청많고 부들부들 정말맛있네요 같이서비스로 막국수도 강추합니다 !","date":"Mon Dec 10 23:59:44 +0000 2018","retweets":"30","favorites":"20","mentions":[],"hashtags":[],"geo":"","raw":"불족 앞다리 반반시켰는데 양도 엄청많고 부들부들 정말맛있네요 같이서비스로 막국수도 강추합니다 !","polarity":{"com":0.003785385142857143,"pos":0.40230907685714284,"neg":0.4717189354285715,"neut":0.02023356328571429,"none":0.10195303928571431},"intensity":{"high":0.24431118871428573,"low":0.14333737228571428,"meium":0.5100911800000001,"none":0.102260259},"expressive":{"dir-action":0.008858167,"dir-explicit":0.4157601142857143,"dir-speech":0.254891026,"indirect":0.21955806157142857,"writing-device":0.10093263114285714}},{"id":"다돈족발","permalink":"","username":"asdfg","text":"뒷다리살을 주문했는데 넘 늦은 시간였어서 이미 뒷다리는 다 판매가 되서 앞다리로 주셨다네요~^^\n반반시켰는데 일반 맛은 괜찮았는데, 매운맛은 맵기도 좀 덜하고 약간 냄새가 났어요.ㅜㅜ\n그치만 배달해 주신 분 친절하셔서 기분 좋게 먹었습니다.","date":"Mon Dec 10 23:59:44 +0000 2018","retweets":"30","favorites":"20","mentions":[],"hashtags":[],"geo":"","raw":"뒷다리살을 주문했는데 넘 늦은 시간였어서 이미 뒷다리는 다 판매가 되서 앞다리로 주셨다네요~^^\n반반시켰는데 일반 맛은 괜찮았는데, 매운맛은 맵기도 좀 덜하고 약간 냄새가 났어요.ㅜㅜ\n그치만 배달해 주신 분 친절하셔서 기분 좋게 먹었습니다.","polarity":{"com":0.05220757259090909,"pos":0.4101927285454546,"neg":0.40240518345454535,"neut":0.04819405831818182,"none":0.0870004570909091},"intensity":{"high":0.10742949695942862,"low":0.14156370723370743,"meium":0.6637130835301688,"none":0.08729371227669516},"expressive":{"dir-action":0.003405017954545454,"dir-explicit":0.25853404804545455,"dir-speech":0.33370023077272726,"indirect":0.31608898072727276,"writing-device":0.0882717225}},{"id":"다돈족발","permalink":"","username":"asdfg","text":"오.. 맛있습니다","date":"Mon Dec 10 23:59:44 +0000 2018","retweets":"30","favorites":"20","mentions":[],"hashtags":[],"geo":"","raw":"오.. 맛있습니다","polarity":{"com":0,"pos":0,"neg":1,"neut":0,"none":0},"intensity":{"high":0,"low":0,"meium":1,"none":0},"expressive":{"dir-action":0,"dir-explicit":0,"dir-speech":1,"indirect":0,"writing-device":0}},{"id":"다돈족발","permalink":"","username":"asdfg","text":"보쌈 대짜 여자 두명이서 먹기 딱 좋았습니다 좀 느끼햌ㅅ는데 국수가 하드캐리ㅇㅇㅇ음료가 따로 없어서 좀 실망스러웠지만 뭐...포도가 대신 들어잇다고 여기고 먹었어요. 그래도 음료로 바뀌면 좋겠어요...먹다가 약간 느끼...","date":"Mon Dec 10 23:59:44 +0000 2018","retweets":"30","favorites":"20","mentions":[],"hashtags":[],"geo":"","raw":"보쌈 대짜 여자 두명이서 먹기 딱 좋았습니다 좀 느끼햌ㅅ는데 국수가 하드캐리ㅇㅇㅇ음료가 따로 없어서 좀 실망스러웠지만 뭐...포도가 대신 들어잇다고 여기고 먹었어요. 그래도 음료로 바뀌면 좋겠어요...먹다가 약간 느끼...","polarity":{"com":0.0067032524117647055,"pos":0.5173366959411765,"neg":0.4134844595294118,"neut":0.012309292647058826,"none":0.05016629947058823},"intensity":{"high":0.13360000769802355,"low":0.1298846916982421,"meium":0.6847274786656043,"none":0.05178782193813014},"expressive":{"dir-action":0,"dir-explicit":0.3292230769605425,"dir-speech":0.4674950449098526,"indirect":0.15140227195008252,"writing-device":0.05187960617952233}},{"id":"다돈족발","permalink":"","username":"asdfg","text":"배달오신 분 친절하시고\n맛도 양도 좋네요 ㅋ\n담에 또 뵈요","date":"Mon Dec 10 23:59:44 +0000 2018","retweets":"30","favorites":"20","mentions":[],"hashtags":[],"geo":"","raw":"배달오신 분 친절하시고\n맛도 양도 좋네요 ㅋ\n담에 또 뵈요","polarity":{"com":0.0032258064994623655,"pos":0.7631643623728059,"neg":0.1368766001438539,"neut":0.013978494664336918,"none":0.08275473631954088},"intensity":{"high":0.11218637985203106,"low":0.0815770608469295,"meium":0.7231233999538539,"none":0.08311315934718552},"expressive":{"dir-action":0.0010752688333333332,"dir-explicit":0.28725038416666665,"dir-speech":0.46338965699999995,"indirect":0.14172042999999998,"writing-device":0.10656426}},{"id":"다돈족발","permalink":"","username":"asdfg","text":"맛나네요","date":"Mon Dec 10 23:59:44 +0000 2018","retweets":"30","favorites":"20","mentions":[],"hashtags":[],"geo":"","raw":"맛나네요","polarity":{"com":null,"pos":null,"neg":null,"neut":null,"none":null},"intensity":{"high":null,"low":null,"meium":null,"none":null},"expressive":{"dir-action":null,"dir-explicit":null,"dir-speech":null,"indirect":null,"writing-device":null}},{"id":"다돈족발","permalink":"","username":"asdfg","text":"나 원래 리뷰 같은거 안쓰는데 배달원이 부탁하네 ㅋㅋ 일단 친절하고 배달 빠름 맛은 불족 한점 먹어봤는데 10점만점에 8.5점!!","date":"Mon Dec 10 23:59:44 +0000 2018","retweets":"30","favorites":"20","mentions":[],"hashtags":[],"geo":"","raw":"나 원래 리뷰 같은거 안쓰는데 배달원이 부탁하네 ㅋㅋ 일단 친절하고 배달 빠름 맛은 불족 한점 먹어봤는데 10점만점에 8.5점!!","polarity":{"com":0.0136465327702805,"pos":0.48714579549901116,"neg":0.29767147517674397,"neut":0.06591119500507008,"none":0.1356250015488942},"intensity":{"high":0.06077092162940868,"low":0.1328678924152772,"meium":0.6700664642315538,"none":0.1362947217237603},"expressive":{"dir-action":0.008324431000640339,"dir-explicit":0.21873410601682572,"dir-speech":0.379375442183029,"indirect":0.2154776090165752,"writing-device":0.17808841178292986}},{"id":"다돈족발","permalink":"","username":"asdfg","text":"너무맛있게잘먹었습니다..음식도깔끔하고 야채도신선하고~\n다음에또시킬께요","date":"Mon Dec 10 23:59:44 +0000 2018","retweets":"30","favorites":"20","mentions":[],"hashtags":[],"geo":"","raw":"너무맛있게잘먹었습니다..음식도깔끔하고 야채도신선하고~\n다음에또시킬께요","polarity":{"com":0.025065215000000002,"pos":0.319664134125,"neg":0.459160024125,"neut":0.027112999999999998,"none":0.16899762675},"intensity":{"high":0.085308811125,"low":0.098240925125,"meium":0.6468084443750001,"none":0.169641819375},"expressive":{"dir-action":0.0011818269997045433,"dir-explicit":0.2407863508148034,"dir-speech":0.33737493254065626,"indirect":0.23521245906619687,"writing-device":0.18544443057863888}},{"id":"다돈족발","permalink":"","username":"asdfg","text":"전반적으로 만족스러운데  족발은 쪼금 짜고 국수는 달아요","date":"Mon Dec 10 23:59:44 +0000 2018","retweets":"30","favorites":"20","mentions":[],"hashtags":[],"geo":"","raw":"전반적으로 만족스러운데  족발은 쪼금 짜고 국수는 달아요","polarity":{"com":0.005649717668549906,"pos":0.22446417340815467,"neg":0.6890861808963621,"neut":0.043045466681015145,"none":0.037754461345918144},"intensity":{"high":0.04448031568149344,"low":0.12456281937485424,"meium":0.7932024035977341,"none":0.037754461345918144},"expressive":{"dir-action":0,"dir-explicit":0.4766388666666667,"dir-speech":0.4086629003333333,"indirect":0.07165276633333333,"writing-device":0.043045466666666664}},{"id":"다돈족발","permalink":"","username":"asdfg","text":"양도 많고 직원분도 친절하시고 배달도빨라요!!\n\n다음에 또 이용할게요 ㅎㅎ","date":"Mon Dec 10 23:59:44 +0000 2018","retweets":"30","favorites":"20","mentions":[],"hashtags":[],"geo":"","raw":"양도 많고 직원분도 친절하시고 배달도빨라요!!\n\n다음에 또 이용할게요 ㅎㅎ","polarity":{"com":0.005731566874283554,"pos":0.3475881585815515,"neg":0.5034670740620665,"neut":0.02818823887147647,"none":0.11502496161062188},"intensity":{"high":0.08541207501067652,"low":0.13299188526662398,"meium":0.6660334435832542,"none":0.11556259613944532},"expressive":{"dir-action":0.00161290325,"dir-explicit":0.18478344362500002,"dir-speech":0.48654411275000004,"indirect":0.19507029312500002,"writing-device":0.13198924725}},{"id":"다돈족발","permalink":"","username":"asdfg","text":"미니족발시켰는데 이러네요 다버리게생겼네요\n살코기좋아하시는분은 미니족발시키지마세요 잘못시킨제잘못이죠  포도나 먹어야지 우걱우걱","date":"Mon Dec 10 23:59:44 +0000 2018","retweets":"30","favorites":"20","mentions":[],"hashtags":[],"geo":"","raw":"미니족발시켰는데 이러네요 다버리게생겼네요\n살코기좋아하시는분은 미니족발시키지마세요 잘못시킨제잘못이죠  포도나 먹어야지 우걱우걱","polarity":{"com":0.0020796197272727273,"pos":0.465431627,"neg":0.4779942281818182,"neut":0.008318478909090909,"none":0.046176046181818184},"intensity":{"high":0.08445802562100763,"low":0.06803327389672122,"meium":0.8013326543088486,"none":0.04617604617342254},"expressive":{"dir-action":0.010101010179981634,"dir-explicit":0.3161658603061516,"dir-speech":0.36546133602446157,"indirect":0.26031321613448855,"writing-device":0.04795857735491662}},{"id":"다돈족발","permalink":"","username":"asdfg","text":"막국수가 좀 달앗던거빼곤 맛나요","date":"Mon Dec 10 23:59:44 +0000 2018","retweets":"30","favorites":"20","mentions":[],"hashtags":[],"geo":"","raw":"막국수가 좀 달앗던거빼곤 맛나요","polarity":{"com":0.004464285749999999,"pos":0.6026785714999999,"neg":0.36607142849999996,"neut":0.020089285749999998,"none":0.006696428499999998},"intensity":{"high":0.0401785715,"low":0.02678571425,"meium":0.92410714275,"none":0.0089285715},"expressive":{"dir-action":0,"dir-explicit":0.09375,"dir-speech":0.453125,"indirect":0.3214285715,"writing-device":0.1316964285}},{"id":"다돈족발","permalink":"","username":"asdfg","text":"배달 짱빠르고 양도 푸짐한가같아요 \n배달하시는분도 친절하시고~~\n일단 만족!\n부모님 식사대접으로 주문했는데 맛은 전에 친구랑 먹은 그말그대로며누최고구요!","date":"Mon Dec 10 23:59:44 +0000 2018","retweets":"30","favorites":"20","mentions":[],"hashtags":[],"geo":"","raw":"배달 짱빠르고 양도 푸짐한가같아요 \n배달하시는분도 친절하시고~~\n일단 만족!\n부모님 식사대접으로 주문했는데 맛은 전에 친구랑 먹은 그말그대로며누최고구요!","polarity":{"com":0.0044169786666666665,"pos":0.637994541,"neg":0.17850086646666666,"neut":0.08796789199999999,"none":0.09111972186666666},"intensity":{"high":0.09209000266666667,"low":0.18360897893333336,"meium":0.6328377271333333,"none":0.09146329126666666},"expressive":{"dir-action":0.0006303077332913129,"dir-explicit":0.17396041838840262,"dir-speech":0.4570564429028629,"indirect":0.2757257193816183,"writing-device":0.09262711159382486}},{"id":"다돈족발","permalink":"","username":"asdfg","text":"너무 많아서 먹다 남김 배달은 왜케 빨라요 추천\n 강추입니다 아쉬운 점 보쌈 김치가","date":"Mon Dec 10 23:59:44 +0000 2018","retweets":"30","favorites":"20","mentions":[],"hashtags":[],"geo":"","raw":"너무 많아서 먹다 남김 배달은 왜케 빨라요 추천\n 강추입니다 아쉬운 점 보쌈 김치가","polarity":{"com":0.0050916200006364525,"pos":0.42245856680280736,"neg":0.39484126992435514,"neut":0.10481588463810199,"none":0.07279265863409907},"intensity":{"high":0.09157621376144703,"low":0.05138305313142288,"meium":0.7831320029728915,"none":0.07390873013423858},"expressive":{"dir-action":0,"dir-explicit":0.28319035950000004,"dir-speech":0.41161151962500003,"indirect":0.229954481875,"writing-device":0.07524363900000001}},{"id":"다돈족발","permalink":"","username":"asdfg","text":"양도 푸짐하고 과일 서비스도 있네요. 대체적으로 만족합니다.","date":"Mon Dec 10 23:59:44 +0000 2018","retweets":"30","favorites":"20","mentions":[],"hashtags":[],"geo":"","raw":"양도 푸짐하고 과일 서비스도 있네요. 대체적으로 만족합니다.","polarity":{"com":0.00823814875,"pos":0.48797458175,"neg":0.366755148,"neut":0.01718682975,"none":0.11984529175},"intensity":{"high":0.03968924275,"low":0.28441387825000003,"meium":0.5553008365000001,"none":0.1205960425},"expressive":{"dir-action":0.0007507507500000002,"dir-explicit":0.37718522075000005,"dir-speech":0.07386180825000001,"indirect":0.42760617775000004,"writing-device":0.12059604250000001}},{"id":"다돈족발","permalink":"","username":"asdfg","text":"앞발불족 반반시켯는데 앞발만오고 가격은 그대로받아갔어요 ㅠ2천원 손해...\n귀찮아서 말은 안했지만 정말 맛있고 양도 많았어요!","date":"Mon Dec 10 23:59:44 +0000 2018","retweets":"30","favorites":"20","mentions":[],"hashtags":[],"geo":"","raw":"앞발불족 반반시켯는데 앞발만오고 가격은 그대로받아갔어요 ㅠ2천원 손해...\n귀찮아서 말은 안했지만 정말 맛있고 양도 많았어요!","polarity":{"com":0,"pos":0.4641063647053422,"neg":0.4481115502040093,"neut":0.02304820783525402,"none":0.06473387725539449},"intensity":{"high":0.23508411885292374,"low":0.154207628096184,"meium":0.5459743757954979,"none":0.06473387725539449},"expressive":{"dir-action":0,"dir-explicit":0.38215347453184617,"dir-speech":0.24516528152043046,"indirect":0.31008411885917364,"writing-device":0.06259712508854977}},{"id":"다돈족발","permalink":"","username":"asdfg","text":"막국수 매콤하니 맛있어요. 무엇보다  배달~~빨라 맘에 들어요. 담엔 족발도 시켜먹어야징~~","date":"Mon Dec 10 23:59:44 +0000 2018","retweets":"30","favorites":"20","mentions":[],"hashtags":[],"geo":"","raw":"막국수 매콤하니 맛있어요. 무엇보다  배달~~빨라 맘에 들어요. 담엔 족발도 시켜먹어야징~~","polarity":{"com":0.0038958601254869825,"pos":0.43471149717933893,"neg":0.47618511380952316,"neut":0.017819605252227453,"none":0.0673879236334235},"intensity":{"high":0.04997855,"low":0.124002573875,"meium":0.758255577125,"none":0.067763299},"expressive":{"dir-action":0.0003753753749530781,"dir-explicit":0.10987237236126594,"dir-speech":0.6043168167994604,"indirect":0.21658086659792736,"writing-device":0.06885456886639317}},{"id":"다돈족발","permalink":"","username":"asdfg","text":"양도 많고 맛도 좋고 추천해요!","date":"Mon Dec 10 23:59:44 +0000 2018","retweets":"30","favorites":"20","mentions":[],"hashtags":[],"geo":"","raw":"양도 많고 맛도 좋고 추천해요!","polarity":{"com":0,"pos":0.827826087,"neg":0.15130434775,"neut":0.010869565250000005,"none":0.01},"intensity":{"high":0.24021739131005435,"low":0.06434782601608695,"meium":0.6854347826713587,"none":0.0100000000025},"expressive":{"dir-action":0,"dir-explicit":0.2804347825701087,"dir-speech":0.35434782608858695,"indirect":0.3552173913388044,"writing-device":0.0100000000025}},{"id":"다돈족발","permalink":"","username":"asdfg","text":"맛있어요ㅋㅋㅋ 배달도빨리오고 매운미니불족 2번시켜먹었어요 족발시키고 과일주는것도 신선하고ㅎㅎㅎㅎ 그리고 여기 참치주먹밥 존맛이에여 매운족발시키면 꼭 같이시켜드시길 추천ㅋ","date":"Mon Dec 10 23:59:44 +0000 2018","retweets":"30","favorites":"20","mentions":[],"hashtags":[],"geo":"","raw":"맛있어요ㅋㅋㅋ 배달도빨리오고 매운미니불족 2번시켜먹었어요 족발시키고 과일주는것도 신선하고ㅎㅎㅎㅎ 그리고 여기 참치주먹밥 존맛이에여 매운족발시키면 꼭 같이시켜드시길 추천ㅋ","polarity":{"com":0.0018926925715637636,"pos":0.4954831393925346,"neg":0.42621242060187225,"neut":0.013813912643843853,"none":0.06259783479018556},"intensity":{"high":0.05420232613511395,"low":0.08108404648841656,"meium":0.8019621827425768,"none":0.06275144463389265},"expressive":{"dir-action":0.008397337500000001,"dir-explicit":0.27322068621428575,"dir-speech":0.5107270865,"indirect":0.14443347221428576,"writing-device":0.06322141757142859}},{"id":"다돈족발","permalink":"","username":"asdfg","text":"와~~~진짜 이런거 안남기는데...\n대박입니다~~\n족발 정말 맛있네요^^^^^^^^\n청량초없인 못살정도로 매운거 좋아하는데 \n💜불족 짱.짱.짱!\n맛집 강추~~ 입니다!!!","date":"Mon Dec 10 23:59:44 +0000 2018","retweets":"30","favorites":"20","mentions":[],"hashtags":[],"geo":"","raw":"와~~~진짜 이런거 안남기는데...\n대박입니다~~\n족발 정말 맛있네요^^^^^^^^\n청량초없인 못살정도로 매운거 좋아하는데 \n💜불족 짱.짱.짱!\n맛집 강추~~ 입니다!!!","polarity":{"com":0.005083514888888888,"pos":0.3727305736666666,"neg":0.42469135811111103,"neut":0.08329702255555553,"none":0.11419753077777776},"intensity":{"high":0.08387799557419509,"low":0.040377632453417245,"meium":0.7615468411692325,"none":0.11419753080315499},"expressive":{"dir-action":0,"dir-explicit":0.2892519972222223,"dir-speech":0.35058097311111114,"indirect":0.13050108933333335,"writing-device":0.22966594033333335}},{"id":"다돈족발","permalink":"","username":"asdfg","text":"오늘갑자기족발이목고싶어서 시켰는데 생각보단 매우 만족하네요\n야채도싱싱하고 고기도쫄깃하고맛있네요 후식으로 방울토마토를주셨는데 냉장고행 ㅋ 막국수도 냉장고행 ㅋ 양도대박많네요 혼자 먹기엔 많아요 ㅠㅠ 약간 단점으론 배달하시는분이 빨리달려서 김치국물이많이흐른거랑 음식주면서 핸펀하시는거빼고 전체적으론만족합니다","date":"Mon Dec 10 23:59:44 +0000 2018","retweets":"30","favorites":"20","mentions":[],"hashtags":[],"geo":"","raw":"오늘갑자기족발이목고싶어서 시켰는데 생각보단 매우 만족하네요\n야채도싱싱하고 고기도쫄깃하고맛있네요 후식으로 방울토마토를주셨는데 냉장고행 ㅋ 막국수도 냉장고행 ㅋ 양도대박많네요 혼자 먹기엔 많아요 ㅠㅠ 약간 단점으론 배달하시는분이 빨리달려서 김치국물이많이흐른거랑 음식주면서 핸펀하시는거빼고 전체적으론만족합니다","polarity":{"com":0.021137663243382024,"pos":0.33861237469417793,"neg":0.47181651815549064,"neut":0.09645990529543358,"none":0.07197353861151576},"intensity":{"high":0.10194975584407798,"low":0.12581436500503257,"meium":0.6993341958279734,"none":0.07290168332291606},"expressive":{"dir-action":0.0012722307200508894,"dir-explicit":0.2831418901713257,"dir-speech":0.43926415101757055,"indirect":0.18260905552730441,"writing-device":0.0937126725637485}},{"id":"다돈족발","permalink":"","username":"asdfg","text":"양이 푸짐하네여~ 먹을만합니다~","date":"Mon Dec 10 23:59:44 +0000 2018","retweets":"30","favorites":"20","mentions":[],"hashtags":[],"geo":"","raw":"양이 푸짐하네여~ 먹을만합니다~","polarity":{"com":0.012012012,"pos":0.472972973,"neg":0.4864864865,"neut":0.0165165165,"none":0.012012012},"intensity":{"high":0.11261261250000001,"low":0.15315315300000001,"meium":0.7207207210000001,"none":0.013513513500000001},"expressive":{"dir-action":0.0015015015,"dir-explicit":0.267267267,"dir-speech":0.433933934,"indirect":0.283783784,"writing-device":0.0135135135}},{"id":"다돈족발","permalink":"","username":"asdfg","text":"빠른 배송에 따뜻한 족발 정말 맛있었습니다.","date":"Mon Dec 10 23:59:44 +0000 2018","retweets":"30","favorites":"20","mentions":[],"hashtags":[],"geo":"","raw":"빠른 배송에 따뜻한 족발 정말 맛있었습니다.","polarity":{"com":0,"pos":0.9166666666666666,"neg":0,"neut":0,"none":0.08333333333333333},"intensity":{"high":0.16666666666666666,"low":0.111111111,"meium":0.638888889,"none":0.08333333333333333},"expressive":{"dir-action":0,"dir-explicit":0.16666666666666666,"dir-speech":0.08333333333333333,"indirect":0.6666666666666666,"writing-device":0.08333333333333333}},{"id":"다돈족발","permalink":"","username":"asdfg","text":"양도많고 맛있네요~~^^ 배달도빠르고 앞으로 족발은 여기서 시키는걸로~~~","date":"Mon Dec 10 23:59:44 +0000 2018","retweets":"30","favorites":"20","mentions":[],"hashtags":[],"geo":"","raw":"양도많고 맛있네요~~^^ 배달도빠르고 앞으로 족발은 여기서 시키는걸로~~~","polarity":{"com":0.005822668142857143,"pos":0.4740950174285715,"neg":0.41121538271428576,"neut":0.04393361371428571,"none":0.064933318},"intensity":{"high":0.060865220445961495,"low":0.15700232418771495,"meium":0.7171991373477712,"none":0.06493331801855239},"expressive":{"dir-action":0,"dir-explicit":0.16316170300000002,"dir-speech":0.5395304768571428,"indirect":0.2051636178571429,"writing-device":0.09214420228571428}},{"id":"다돈족발","permalink":"","username":"asdfg","text":"와! 맛있어요!^^ 반반시켜서 먹어봤는데 냄새도 안나고   불족은 제스타일이예요~ 맛있게 매콤하니 입맛 살려줬어요! 굿! 후식으로 과일이도 잘 먹었습니다~^^번창하세요~","date":"Mon Dec 10 23:59:44 +0000 2018","retweets":"30","favorites":"20","mentions":[],"hashtags":[],"geo":"","raw":"와! 맛있어요!^^ 반반시켜서 먹어봤는데 냄새도 안나고   불족은 제스타일이예요~ 맛있게 매콤하니 입맛 살려줬어요! 굿! 후식으로 과일이도 잘 먹었습니다~^^번창하세요~","polarity":{"com":0.005984181750498682,"pos":0.4701938641225162,"neg":0.44209707595350806,"neut":0.07095546967257962,"none":0.01076940850089745},"intensity":{"high":0.1593178065966098,"low":0.07032494883919374,"meium":0.7589704786465808,"none":0.011386765917615563},"expressive":{"dir-action":0.0052469870837705814,"dir-explicit":0.3342077078611839,"dir-speech":0.2784168956065347,"indirect":0.36553331019712776,"writing-device":0.016595099251382923}},{"id":"다돈족발","permalink":"","username":"asdfg","text":"평일이라그런지 배달은 진짜 빠르고 좋네요~양도푸짐하고 맛있네요~나름만족합니다^^","date":"Mon Dec 10 23:59:44 +0000 2018","retweets":"30","favorites":"20","mentions":[],"hashtags":[],"geo":"","raw":"평일이라그런지 배달은 진짜 빠르고 좋네요~양도푸짐하고 맛있네요~나름만족합니다^^","polarity":{"com":0.005862480125,"pos":0.521029191,"neg":0.39051051049999996,"neut":0.015567037625,"none":0.06703078075},"intensity":{"high":0.09686230338710777,"low":0.08822292876102786,"meium":0.7475086117184385,"none":0.06740615613342577},"expressive":{"dir-action":0.00037537537504692196,"dir-explicit":0.30174328741271794,"dir-speech":0.35325472529415686,"indirect":0.2747694754093462,"writing-device":0.06985713650873215}},{"id":"다돈족발","permalink":"","username":"asdfg","text":"배달도 엄청빠르고 맛도정말맛있네요~^^\n별기대안하고 시켰는데 최고네요ㅋㅋ\n자주 이용하께요 사업번창하세요^^","date":"Mon Dec 10 23:59:44 +0000 2018","retweets":"30","favorites":"20","mentions":[],"hashtags":[],"geo":"","raw":"배달도 엄청빠르고 맛도정말맛있네요~^^\n별기대안하고 시켰는데 최고네요ㅋㅋ\n자주 이용하께요 사업번창하세요^^","polarity":{"com":0.008094033399999999,"pos":0.7572896899999999,"neg":0.14469534049999996,"neut":0.03431161719999999,"none":0.05560931889999998},"intensity":{"high":0.18245835961824586,"low":0.17634197751763417,"meium":0.5849451825584945,"none":0.056254480305625444},"expressive":{"dir-action":0.0019354839000000003,"dir-explicit":0.18602361390000002,"dir-speech":0.4336485347000001,"indirect":0.32082226430000005,"writing-device":0.05757010320000001}},{"id":"다돈족발","permalink":"","username":"asdfg","text":"배달을시켜서먹었는데 겁나빠르게와서 따듯한족발을ㅋ너무쫄깃하고부드럽고 내맛집으로강츄합니닷~^^ 막국수도 새콤달콤 양념맛도굿입니당~다음엔불족시켜먹어야징ㅋ","date":"Mon Dec 10 23:59:44 +0000 2018","retweets":"30","favorites":"20","mentions":[],"hashtags":[],"geo":"","raw":"배달을시켜서먹었는데 겁나빠르게와서 따듯한족발을ㅋ너무쫄깃하고부드럽고 내맛집으로강츄합니닷~^^ 막국수도 새콤달콤 양념맛도굿입니당~다음엔불족시켜먹어야징ㅋ","polarity":{"com":0.011473237941851367,"pos":0.46822873290989575,"neg":0.3584904232563818,"neut":0.1295657001252686,"none":0.03224190576660246},"intensity":{"high":0.06636888993727243,"low":0.09961389958237567,"meium":0.8015986574822589,"none":0.03241855299809303},"expressive":{"dir-action":0.004327857294117647,"dir-explicit":0.14175688288235294,"dir-speech":0.525798067,"indirect":0.29483180658823527,"writing-device":0.03328538623529412}},{"id":"다돈족발","permalink":"","username":"asdfg","text":"보쌈을시켜먹었는데기름기너무많아느끼하고기의다비게밖에없었네요제일맛있었던게과일일듯하네요실망입니다별하나라도아까워요","date":"Mon Dec 10 23:59:44 +0000 2018","retweets":"30","favorites":"20","mentions":[],"hashtags":[],"geo":"","raw":"보쌈을시켜먹었는데기름기너무많아느끼하고기의다비게밖에없었네요제일맛있었던게과일일듯하네요실망입니다별하나라도아까워요","polarity":{"com":0.006677265499332273,"pos":0.30507521096949247,"neg":0.4157109032584289,"neut":0.1396912749860309,"none":0.1328453452867155},"intensity":{"high":0.05840772891168155,"low":0.07305042591461008,"meium":0.7356964998471394,"none":0.1328453453265691},"expressive":{"dir-action":0.0015015015001501502,"dir-explicit":0.17148641861714864,"dir-speech":0.5318632546531863,"indirect":0.15778131071577814,"writing-device":0.13736751451373677}},{"id":"다돈족발","permalink":"","username":"asdfg","text":"보쌈고기에 기름이너무많아요","date":"Mon Dec 10 23:59:44 +0000 2018","retweets":"30","favorites":"20","mentions":[],"hashtags":[],"geo":"","raw":"보쌈고기에 기름이너무많아요","polarity":{"com":0,"pos":0,"neg":0.5,"neut":0.5,"none":0},"intensity":{"high":0,"low":0,"meium":1,"none":0},"expressive":{"dir-action":0,"dir-explicit":0,"dir-speech":1,"indirect":0,"writing-device":0}},{"id":"다돈족발","permalink":"","username":"asdfg","text":"정말 괜찮네요~~♥","date":"Mon Dec 10 23:59:44 +0000 2018","retweets":"30","favorites":"20","mentions":[],"hashtags":[],"geo":"","raw":"정말 괜찮네요~~♥","polarity":{"com":0,"pos":0.75,"neg":0,"neut":0,"none":0.25},"intensity":{"high":0.5,"low":0,"meium":0.25,"none":0.25},"expressive":{"dir-action":0,"dir-explicit":0.5,"dir-speech":0.25,"indirect":0,"writing-device":0.25}},{"id":"다돈족발","permalink":"","username":"asdfg","text":"좀 얇게 느껴지긴 했지만 정성 어린 쪽지와 싱싱한 야채 고기도 맛있었네요.","date":"Mon Dec 10 23:59:44 +0000 2018","retweets":"30","favorites":"20","mentions":[],"hashtags":[],"geo":"","raw":"좀 얇게 느껴지긴 했지만 정성 어린 쪽지와 싱싱한 야채 고기도 맛있었네요.","polarity":{"com":0.0019157088333333332,"pos":0.44128029616666664,"neg":0.2599337036666667,"neut":0.1893968745,"none":0.10747341683333334},"intensity":{"high":0.024775065666666665,"low":0.032308751999999996,"meium":0.8335270566666667,"none":0.10938912566666666},"expressive":{"dir-action":0.0019157088333333332,"dir-explicit":0.12344913683333335,"dir-speech":0.5247707606666666,"indirect":0.2160445995,"writing-device":0.13381979416666667}},{"id":"다돈족발","permalink":"","username":"asdfg","text":"오 맛있네요.. 배달도 엄청 빨리 오셨어요.. 후식과일 겉면에 손글씨 쪽지까지 맛도 정성도 일품이네요 ^^\n다음에 또 시켜 먹어도 되겠어요^^\n최고최고!!!","date":"Mon Dec 10 23:59:44 +0000 2018","retweets":"30","favorites":"20","mentions":[],"hashtags":[],"geo":"","raw":"오 맛있네요.. 배달도 엄청 빨리 오셨어요.. 후식과일 겉면에 손글씨 쪽지까지 맛도 정성도 일품이네요 ^^\n다음에 또 시켜 먹어도 되겠어요^^\n최고최고!!!","polarity":{"com":0.013840378925605632,"pos":0.30529733329172204,"neg":0.4933581093942803,"neut":0.02245816563804468,"none":0.1650460127503473},"intensity":{"high":0.17944801707142854,"low":0.0791429607142857,"meium":0.5731162562142856,"none":0.16829276599999998},"expressive":{"dir-action":0,"dir-explicit":0.19887586832873203,"dir-speech":0.3953535616578066,"indirect":0.22419815261082884,"writing-device":0.1815724174026325}},{"id":"다돈족발","permalink":"","username":"asdfg","text":"처음 시켜먹는  족발집이였는데  배달시간도  빠른편이고  맛도 괜찮았습니다","date":"Mon Dec 10 23:59:44 +0000 2018","retweets":"30","favorites":"20","mentions":[],"hashtags":[],"geo":"","raw":"처음 시켜먹는  족발집이였는데  배달시간도  빠른편이고  맛도 괜찮았습니다","polarity":{"com":0.02469654528218621,"pos":0.5516873414926161,"neg":0.22267573711104635,"neut":0.08654128313049411,"none":0.11439909298365729},"intensity":{"high":0.05448846200778406,"low":0.13117246887588177,"meium":0.6999399760999915,"none":0.11439909301634271},"expressive":{"dir-action":0,"dir-explicit":0.3017073496280836,"dir-speech":0.5298519407057566,"indirect":0.05226090441363973,"writing-device":0.11617980525252006}},{"id":"다돈족발","permalink":"","username":"asdfg","text":"배달도 빠르고!\n서비스로 과일도 보내주시고!\n짱짱\n맛있어요~😍😍","date":"Mon Dec 10 23:59:44 +0000 2018","retweets":"30","favorites":"20","mentions":[],"hashtags":[],"geo":"","raw":"배달도 빠르고!\n서비스로 과일도 보내주시고!\n짱짱\n맛있어요~😍😍","polarity":{"com":0.0014285714000000001,"pos":0.6428571428000001,"neg":0.26571428580000006,"neut":0.0028571428000000003,"none":0.08714285720000002},"intensity":{"high":0.028571428599999997,"low":0.2895238094,"meium":0.5947619048,"none":0.0871428572},"expressive":{"dir-action":0,"dir-explicit":0.03714285719257143,"dir-speech":0.45999999990799995,"indirect":0.4171428571165714,"writing-device":0.08571428578285714}},{"id":"다돈족발","permalink":"","username":"asdfg","text":"동네에 새로생긴 족발집이라 간단히 불족먹어봤는데 \n생각보다 괜찮네요~! \n다음엔 일반족발 먹어봐야 겠어요~\n잘 ~ 먹었습니다!","date":"Mon Dec 10 23:59:44 +0000 2018","retweets":"30","favorites":"20","mentions":[],"hashtags":[],"geo":"","raw":"동네에 새로생긴 족발집이라 간단히 불족먹어봤는데 \n생각보다 괜찮네요~! \n다음엔 일반족발 먹어봐야 겠어요~\n잘 ~ 먹었습니다!","polarity":{"com":0.0020796197276508398,"pos":0.4659727526301769,"neg":0.45454545471900826,"neut":0.04619726673567223,"none":0.031204906187491797},"intensity":{"high":0.05235124345930466,"low":0.1621891179238354,"meium":0.7542547324322051,"none":0.03120490618465499},"expressive":{"dir-action":0,"dir-explicit":0.18178635089256487,"dir-speech":0.5882246838556158,"indirect":0.19555852643676738,"writing-device":0.03443043881505177}},{"id":"다돈족발","permalink":"","username":"asdfg","text":"맛나오  ㅜ ㅜ","date":"Mon Dec 10 23:59:44 +0000 2018","retweets":"30","favorites":"20","mentions":[],"hashtags":[],"geo":"","raw":"맛나오  ㅜ ㅜ","polarity":{"com":null,"pos":null,"neg":null,"neut":null,"none":null},"intensity":{"high":null,"low":null,"meium":null,"none":null},"expressive":{"dir-action":null,"dir-explicit":null,"dir-speech":null,"indirect":null,"writing-device":null}},{"id":"다돈족발","permalink":"","username":"asdfg","text":"완전 맛잇어요^^","date":"Mon Dec 10 23:59:44 +0000 2018","retweets":"30","favorites":"20","mentions":[],"hashtags":[],"geo":"","raw":"완전 맛잇어요^^","polarity":{"com":0,"pos":0.5,"neg":0.5,"neut":0,"none":0},"intensity":{"high":0,"low":0,"meium":1,"none":0},"expressive":{"dir-action":0,"dir-explicit":0.5,"dir-speech":0,"indirect":0.5,"writing-device":0}}]