[{"id":"매일삶은족발","permalink":"","username":"asdfg","text":"양도맛도 괜찮아요 추천집","date":"Mon Dec 10 23:59:44 +0000 2018","retweets":"30","favorites":"20","mentions":[],"hashtags":[],"geo":"","raw":"양도맛도 괜찮아요 추천집","polarity":{"com":0,"pos":0.8333333334999999,"neg":0,"neut":0.1666666665,"none":0},"intensity":{"high":0.1666666665,"low":0,"meium":0.8333333334999999,"none":0},"expressive":{"dir-action":0,"dir-explicit":0.1666666665,"dir-speech":0.5,"indirect":0.3333333335,"writing-device":0}},{"id":"매일삶은족발","permalink":"","username":"asdfg","text":"~~~잘먹었어요~~","date":"Mon Dec 10 23:59:44 +0000 2018","retweets":"30","favorites":"20","mentions":[],"hashtags":[],"geo":"","raw":"~~~잘먹었어요~~","polarity":{"com":0,"pos":0.7142857147142857,"neg":0.21428571421428572,"neut":0.07142857107142857,"none":0},"intensity":{"high":0,"low":0.214285714,"meium":0.785714286,"none":0},"expressive":{"dir-action":0,"dir-explicit":0.214285714,"dir-speech":0.142857143,"indirect":0.642857143,"writing-device":0}},{"id":"매일삶은족발","permalink":"","username":"asdfg","text":"양도 많고 맛도 좋아요!! 찬으로 오는 면, 전, 쌈 모두 만족이예요. 사진엔 면은 찍지도 못했네요. ","date":"Mon Dec 10 23:59:44 +0000 2018","retweets":"30","favorites":"20","mentions":[],"hashtags":[],"geo":"","raw":"양도 많고 맛도 좋아요!! 찬으로 오는 면, 전, 쌈 모두 만족이예요. 사진엔 면은 찍지도 못했네요. ","polarity":{"com":0.0033187475002765627,"pos":0.5725264819643773,"neg":0.20418780926701566,"neut":0.18867649409905643,"none":0.031290467169274215},"intensity":{"high":0.06014679101503669,"low":0.2677315924002663,"meium":0.6408311494102078,"none":0.03129046717448929},"expressive":{"dir-action":0,"dir-explicit":0.20582969868381912,"dir-speech":0.48716619870726385,"indirect":0.2727568971893964,"writing-device":0.0342472054195206}},{"id":"매일삶은족발","permalink":"","username":"asdfg","text":"맛있네요  또시킬만한집","date":"Mon Dec 10 23:59:44 +0000 2018","retweets":"30","favorites":"20","mentions":[],"hashtags":[],"geo":"","raw":"맛있네요  또시킬만한집","polarity":{"com":0,"pos":0.21428571426190474,"neg":0.6428571427857143,"neut":0,"none":0.14285714295238094},"intensity":{"high":0,"low":0.055555555666666666,"meium":0.8015873013333333,"none":0.142857143},"expressive":{"dir-action":0,"dir-explicit":0.047619047666666664,"dir-speech":0.761904762,"indirect":0,"writing-device":0.19047619033333332}},{"id":"매일삶은족발","permalink":"","username":"asdfg","text":"가격도 괜찮구 먹을만했어요","date":"Mon Dec 10 23:59:44 +0000 2018","retweets":"30","favorites":"20","mentions":[],"hashtags":[],"geo":"","raw":"가격도 괜찮구 먹을만했어요","polarity":{"com":0,"pos":0.6666666665000001,"neg":0.3333333335,"neut":0,"none":0},"intensity":{"high":0.0555555555,"low":0.111111111,"meium":0.8333333334999999,"none":0},"expressive":{"dir-action":0,"dir-explicit":0.111111111,"dir-speech":0.388888889,"indirect":0.5,"writing-device":0}},{"id":"매일삶은족발","permalink":"","username":"asdfg","text":"다맛있어요 족발 달달하고 맵고 보쌈이랑 막국수같이먹으면더맛있구요 쌈장좀많이달랫는데 그냥똑같이주시더라구요 담에는 메모좀읽어주세요","date":"Mon Dec 10 23:59:44 +0000 2018","retweets":"30","favorites":"20","mentions":[],"hashtags":[],"geo":"","raw":"다맛있어요 족발 달달하고 맵고 보쌈이랑 막국수같이먹으면더맛있구요 쌈장좀많이달랫는데 그냥똑같이주시더라구요 담에는 메모좀읽어주세요","polarity":{"com":0.0010449320910040846,"pos":0.5711427835064675,"neg":0.33997308712181573,"neut":0.03293374954844852,"none":0.05490544773226413},"intensity":{"high":0.118755989978408,"low":0.1551858270626935,"meium":0.6701078031508895,"none":0.05595037980800902},"expressive":{"dir-action":0.001044932090909091,"dir-explicit":0.26806402000000007,"dir-speech":0.4660070398181818,"indirect":0.20540076272727276,"writing-device":0.05948324536363637}},{"id":"매일삶은족발","permalink":"","username":"asdfg","text":"와 이건 좀 너무한거 같네요 배달올때부터 집문앞에서 국물 줄줄 새고 집에서돛뒷정리 하느라 진땀뺐네요 양도 많고 맛있었는데 포장이 너무 별로여서 좋게 기억에 남진않네요 감사합니다 앞으로 조심좀 해주세요 ","date":"Mon Dec 10 23:59:44 +0000 2018","retweets":"30","favorites":"20","mentions":[],"hashtags":[],"geo":"","raw":"와 이건 좀 너무한거 같네요 배달올때부터 집문앞에서 국물 줄줄 새고 집에서돛뒷정리 하느라 진땀뺐네요 양도 많고 맛있었는데 포장이 너무 별로여서 좋게 기억에 남진않네요 감사합니다 앞으로 조심좀 해주세요 ","polarity":{"com":0.008055782408724737,"pos":0.49661909852288094,"neg":0.3714999412103864,"neut":0.10302406326804435,"none":0.020801114589963587},"intensity":{"high":0.15952241254545454,"low":0.08698729745454546,"meium":0.7321667093636364,"none":0.021323580636363637},"expressive":{"dir-action":0.0005224660454307969,"dir-explicit":0.25299092185213673,"dir-speech":0.475165314523856,"indirect":0.18745545867329746,"writing-device":0.08386583890527882}},{"id":"매일삶은족발","permalink":"","username":"asdfg","text":"김치와 막국수맛있어요.  ","date":"Mon Dec 10 23:59:44 +0000 2018","retweets":"30","favorites":"20","mentions":[],"hashtags":[],"geo":"","raw":"김치와 막국수맛있어요.  ","polarity":{"com":0,"pos":0,"neg":1,"neut":0,"none":0},"intensity":{"high":0,"low":0,"meium":1,"none":0},"expressive":{"dir-action":0,"dir-explicit":0,"dir-speech":1,"indirect":0,"writing-device":0}},{"id":"매일삶은족발","permalink":"","username":"asdfg","text":"역시맛잇습니다아 엄지척","date":"Mon Dec 10 23:59:44 +0000 2018","retweets":"30","favorites":"20","mentions":[],"hashtags":[],"geo":"","raw":"역시맛잇습니다아 엄지척","polarity":{"com":0,"pos":0.3333333333333333,"neg":0,"neut":0.3333333333333333,"none":0.3333333333333333},"intensity":{"high":0,"low":0.3333333333333333,"meium":0.3333333333333333,"none":0.3333333333333333},"expressive":{"dir-action":0,"dir-explicit":0.3333333333333333,"dir-speech":0.3333333333333333,"indirect":0,"writing-device":0.3333333333333333}},{"id":"매일삶은족발","permalink":"","username":"asdfg","text":"김치 족발 막국수 다 완벽..","date":"Mon Dec 10 23:59:44 +0000 2018","retweets":"30","favorites":"20","mentions":[],"hashtags":[],"geo":"","raw":"김치 족발 막국수 다 완벽..","polarity":{"com":0,"pos":0.714285714,"neg":0,"neut":0,"none":0.285714286},"intensity":{"high":0.28571428571428575,"low":0,"meium":0.42857142857142866,"none":0.28571428571428575},"expressive":{"dir-action":0,"dir-explicit":0.42857142857142866,"dir-speech":0.28571428571428575,"indirect":0,"writing-device":0.28571428571428575}},{"id":"매일삶은족발","permalink":"","username":"asdfg","text":"양도많고 짱 맛있었어요 다 잘 먹었습니다","date":"Mon Dec 10 23:59:44 +0000 2018","retweets":"30","favorites":"20","mentions":[],"hashtags":[],"geo":"","raw":"양도많고 짱 맛있었어요 다 잘 먹었습니다","polarity":{"com":0,"pos":0.35973084875000005,"neg":0.5579710145,"neut":0.01086956525,"none":0.0714285715},"intensity":{"high":0.16442374050000003,"low":0.10990338150000001,"meium":0.6542443065,"none":0.0714285715},"expressive":{"dir-action":0,"dir-explicit":0.29313319525000003,"dir-speech":0.570220842,"indirect":0.06521739125,"writing-device":0.0714285715}},{"id":"매일삶은족발","permalink":"","username":"asdfg","text":"배달도 빠르고 고기도 맛있네요!!","date":"Mon Dec 10 23:59:44 +0000 2018","retweets":"30","favorites":"20","mentions":[],"hashtags":[],"geo":"","raw":"배달도 빠르고 고기도 맛있네요!!","polarity":{"com":0,"pos":0.5,"neg":0.25,"neut":0.25,"none":0},"intensity":{"high":0,"low":0.08333333325,"meium":0.91666666675,"none":0},"expressive":{"dir-action":0,"dir-explicit":0,"dir-speech":0.75,"indirect":0.25,"writing-device":0}},{"id":"매일삶은족발","permalink":"","username":"asdfg","text":"맛은 있었는데 냉장고에 보관하고 다음날 아침에 꺼냈는데 맡기 싫은 냄새가 조금 났어요","date":"Mon Dec 10 23:59:44 +0000 2018","retweets":"30","favorites":"20","mentions":[],"hashtags":[],"geo":"","raw":"맛은 있었는데 냉장고에 보관하고 다음날 아침에 꺼냈는데 맡기 싫은 냄새가 조금 났어요","polarity":{"com":0.04520209288065027,"pos":0.39765718042470716,"neg":0.31300489528912556,"neut":0.12754178964094273,"none":0.11659404176457426},"intensity":{"high":0.15226695851903335,"low":0.1338061905167258,"meium":0.5970639919496329,"none":0.11686285901460787},"expressive":{"dir-action":0.000806451625,"dir-explicit":0.25293946,"dir-speech":0.37101819912500006,"indirect":0.24319240925,"writing-device":0.13204348}},{"id":"매일삶은족발","permalink":"","username":"asdfg","text":"쫀득하고 고소하네유~~~~","date":"Mon Dec 10 23:59:44 +0000 2018","retweets":"30","favorites":"20","mentions":[],"hashtags":[],"geo":"","raw":"쫀득하고 고소하네유~~~~","polarity":{"com":0.021115328,"pos":0.45087497350000005,"neg":0.315232975,"neut":0.08768711800000001,"none":0.1250896055},"intensity":{"high":0.13361796306680898,"low":0.0989141890494571,"meium":0.6413029733206514,"none":0.12616487456308245},"expressive":{"dir-action":0.0032258065,"dir-explicit":0.3661395745,"dir-speech":0.2486190175,"indirect":0.2471220745,"writing-device":0.134893527}},{"id":"매일삶은족발","permalink":"","username":"asdfg","text":"향도 맛있네요......","date":"Mon Dec 10 23:59:44 +0000 2018","retweets":"30","favorites":"20","mentions":[],"hashtags":[],"geo":"","raw":"향도 맛있네요......","polarity":{"com":0,"pos":0,"neg":1,"neut":0,"none":0},"intensity":{"high":0,"low":0,"meium":1,"none":0},"expressive":{"dir-action":0,"dir-explicit":0,"dir-speech":1,"indirect":0,"writing-device":0}},{"id":"매일삶은족발","permalink":"","username":"asdfg","text":"색깔도 좋고 맛있음~~~~","date":"Mon Dec 10 23:59:44 +0000 2018","retweets":"30","favorites":"20","mentions":[],"hashtags":[],"geo":"","raw":"색깔도 좋고 맛있음~~~~","polarity":{"com":0,"pos":0.64,"neg":0.3466666666666667,"neut":0,"none":0.013333333333333334},"intensity":{"high":0.06666666666666667,"low":0.013333333333333334,"meium":0.9066666666666666,"none":0.013333333333333334},"expressive":{"dir-action":0,"dir-explicit":0.19999999999999998,"dir-speech":0.39999999999999997,"indirect":0.38666666666666666,"writing-device":0.013333333333333334}},{"id":"매일삶은족발","permalink":"","username":"asdfg","text":"족발 생각에 주문했네요","date":"Mon Dec 10 23:59:44 +0000 2018","retweets":"30","favorites":"20","mentions":[],"hashtags":[],"geo":"","raw":"족발 생각에 주문했네요","polarity":{"com":0,"pos":0.6875,"neg":0.1666666665,"neut":0.125,"none":0.0208333335},"intensity":{"high":0.0416666665,"low":0.125,"meium":0.8125,"none":0.0208333335},"expressive":{"dir-action":0,"dir-explicit":0.6875,"dir-speech":0.2291666665,"indirect":0.0625,"writing-device":0.0208333335}},{"id":"매일삶은족발","permalink":"","username":"asdfg","text":"맛잇엇음요ㄱㄷㄱㄷㅇㄴㅇㄴㄱㄷ","date":"Mon Dec 10 23:59:44 +0000 2018","retweets":"30","favorites":"20","mentions":[],"hashtags":[],"geo":"","raw":"맛잇엇음요ㄱㄷㄱㄷㅇㄴㅇㄴㄱㄷ","polarity":{"com":0.09090909072727274,"pos":0.5454545456969697,"neg":0.27272727284848486,"neut":0.030303030020202022,"none":0.06060606070707071},"intensity":{"high":0.06060606066666666,"low":0.030303029999999998,"meium":0.8484848486666667,"none":0.06060606066666666},"expressive":{"dir-action":0,"dir-explicit":0.030303029999999998,"dir-speech":0.8484848486666667,"indirect":0.06060606066666666,"writing-device":0.06060606066666666}},{"id":"매일삶은족발","permalink":"","username":"asdfg","text":"입맛에 짱 맛나요~~~~","date":"Mon Dec 10 23:59:44 +0000 2018","retweets":"30","favorites":"20","mentions":[],"hashtags":[],"geo":"","raw":"입맛에 짱 맛나요~~~~","polarity":{"com":0,"pos":1,"neg":0,"neut":0,"none":0},"intensity":{"high":0,"low":0,"meium":1,"none":0},"expressive":{"dir-action":0,"dir-explicit":0,"dir-speech":1,"indirect":0,"writing-device":0}},{"id":"매일삶은족발","permalink":"","username":"asdfg","text":"맛있게 삶아졌어요~~~~","date":"Mon Dec 10 23:59:44 +0000 2018","retweets":"30","favorites":"20","mentions":[],"hashtags":[],"geo":"","raw":"맛있게 삶아졌어요~~~~","polarity":{"com":0,"pos":0,"neg":1,"neut":0,"none":0},"intensity":{"high":0,"low":0,"meium":1,"none":0},"expressive":{"dir-action":0,"dir-explicit":0,"dir-speech":1,"indirect":0,"writing-device":0}},{"id":"매일삶은족발","permalink":"","username":"asdfg","text":"이게 2만5천원이라니 별하나 주는것도 아까움 고기에서 냄새나고 하나도 안맵고 청양고추많이가따 달라했는데 딸랑2개리뷰믿을게못됨","date":"Mon Dec 10 23:59:44 +0000 2018","retweets":"30","favorites":"20","mentions":[],"hashtags":[],"geo":"","raw":"이게 2만5천원이라니 별하나 주는것도 아까움 고기에서 냄새나고 하나도 안맵고 청양고추많이가따 달라했는데 딸랑2개리뷰믿을게못됨","polarity":{"com":0.00894851149936082,"pos":0.4176621560415955,"neg":0.4006134568285276,"neut":0.12094879949136081,"none":0.0518270761391552},"intensity":{"high":0.21742412844410172,"low":0.12669154958047796,"meium":0.603236227757374,"none":0.05264809421804629},"expressive":{"dir-action":0.0008210180715458597,"dir-explicit":0.2872673535410383,"dir-speech":0.427878490632554,"indirect":0.2238781615319826,"writing-device":0.060154976222879276}},{"id":"매일삶은족발","permalink":"","username":"asdfg","text":"여러번 시켜먹어봤어요 맛있습니다~","date":"Mon Dec 10 23:59:44 +0000 2018","retweets":"30","favorites":"20","mentions":[],"hashtags":[],"geo":"","raw":"여러번 시켜먹어봤어요 맛있습니다~","polarity":{"com":0,"pos":0.19444444433333333,"neg":0.763888889,"neut":0.041666666666666664,"none":0},"intensity":{"high":0.162037037,"low":0.074074074,"meium":0.763888889,"none":0},"expressive":{"dir-action":0,"dir-explicit":0.15740740733333333,"dir-speech":0.800925926,"indirect":0.041666666666666664,"writing-device":0}},{"id":"매일삶은족발","permalink":"","username":"asdfg","text":"맛있어요~!! 가격도 괜찮고 좋네용","date":"Mon Dec 10 23:59:44 +0000 2018","retweets":"30","favorites":"20","mentions":[],"hashtags":[],"geo":"","raw":"맛있어요~!! 가격도 괜찮고 좋네용","polarity":{"com":0,"pos":0.64,"neg":0.3466666666666667,"neut":0,"none":0.013333333333333334},"intensity":{"high":0.06666666666666667,"low":0.013333333333333334,"meium":0.9066666666666666,"none":0.013333333333333334},"expressive":{"dir-action":0,"dir-explicit":0.19999999999999998,"dir-speech":0.39999999999999997,"indirect":0.38666666666666666,"writing-device":0.013333333333333334}},{"id":"매일삶은족발","permalink":"","username":"asdfg","text":"이집 맛있게 하는데여...","date":"Mon Dec 10 23:59:44 +0000 2018","retweets":"30","favorites":"20","mentions":[],"hashtags":[],"geo":"","raw":"이집 맛있게 하는데여...","polarity":{"com":0.0057471265,"pos":0.41091953999999997,"neg":0.45114942550000003,"neut":0.0344827585,"none":0.0977011495},"intensity":{"high":0.05747126447126437,"low":0.14655172442672412,"meium":0.6925287351537357,"none":0.10344827594827587},"expressive":{"dir-action":0.005747126502873563,"dir-explicit":0.08045977004022989,"dir-speech":0.7068965518534482,"indirect":0.09195402304597701,"writing-device":0.11494252855747127}},{"id":"매일삶은족발","permalink":"","username":"asdfg","text":"맛도 짱 친절하기까지~~~~","date":"Mon Dec 10 23:59:44 +0000 2018","retweets":"30","favorites":"20","mentions":[],"hashtags":[],"geo":"","raw":"맛도 짱 친절하기까지~~~~","polarity":{"com":0,"pos":0.7,"neg":0.1,"neut":0,"none":0.2},"intensity":{"high":0,"low":0,"meium":0.8,"none":0.2},"expressive":{"dir-action":0,"dir-explicit":0.1,"dir-speech":0.6,"indirect":0.1,"writing-device":0.2}},{"id":"매일삶은족발","permalink":"","username":"asdfg","text":"비계도 적당히 맛있어요","date":"Mon Dec 10 23:59:44 +0000 2018","retweets":"30","favorites":"20","mentions":[],"hashtags":[],"geo":"","raw":"비계도 적당히 맛있어요","polarity":{"com":0.0035714285,"pos":0.107142857,"neg":0.6642857145000001,"neut":0.007142857,"none":0.217857143},"intensity":{"high":0.0714285715,"low":0.057142857,"meium":0.6535714285,"none":0.217857143},"expressive":{"dir-action":0,"dir-explicit":0.09285714295357143,"dir-speech":0.649999999675,"indirect":0.042857142978571426,"writing-device":0.21428571439285712}},{"id":"매일삶은족발","permalink":"","username":"asdfg","text":"괜찮네요\n부드럽기도 하구요","date":"Mon Dec 10 23:59:44 +0000 2018","retweets":"30","favorites":"20","mentions":[],"hashtags":[],"geo":"","raw":"괜찮네요\n부드럽기도 하구요","polarity":{"com":0,"pos":0.6,"neg":0,"neut":0,"none":0.4},"intensity":{"high":0,"low":0,"meium":0.6,"none":0.4},"expressive":{"dir-action":0,"dir-explicit":0.5,"dir-speech":0.1,"indirect":0,"writing-device":0.4}},{"id":"매일삶은족발","permalink":"","username":"asdfg","text":"퍽퍽하지않고\n비계랑 적당히 있어서 좋아요","date":"Mon Dec 10 23:59:44 +0000 2018","retweets":"30","favorites":"20","mentions":[],"hashtags":[],"geo":"","raw":"퍽퍽하지않고\n비계랑 적당히 있어서 좋아요","polarity":{"com":0.006807608,"pos":0.527041598,"neg":0.201004379,"neut":0.034893267666666665,"none":0.23025314733333335},"intensity":{"high":0.1198617952933794,"low":0.07333607030888797,"meium":0.5727175694757608,"none":0.2340845649219718},"expressive":{"dir-action":0.003831417667943806,"dir-explicit":0.319116037106372,"dir-speech":0.27305008209101667,"indirect":0.16225506305408502,"writing-device":0.2417474000805825}},{"id":"매일삶은족발","permalink":"","username":"asdfg","text":"촉촉하네요.....","date":"Mon Dec 10 23:59:44 +0000 2018","retweets":"30","favorites":"20","mentions":[],"hashtags":[],"geo":"","raw":"촉촉하네요.....","polarity":{"com":1,"pos":0,"neg":0,"neut":0,"none":0},"intensity":{"high":1,"low":0,"meium":0,"none":0},"expressive":{"dir-action":1,"dir-explicit":0,"dir-speech":0,"indirect":0,"writing-device":0}},{"id":"매일삶은족발","permalink":"","username":"asdfg","text":"매운맛 \n진짜 맛있어요~~~~~","date":"Mon Dec 10 23:59:44 +0000 2018","retweets":"30","favorites":"20","mentions":[],"hashtags":[],"geo":"","raw":"매운맛 \n진짜 맛있어요~~~~~","polarity":{"com":0,"pos":0,"neg":1,"neut":0,"none":0},"intensity":{"high":0,"low":0,"meium":1,"none":0},"expressive":{"dir-action":0,"dir-explicit":0,"dir-speech":1,"indirect":0,"writing-device":0}},{"id":"매일삶은족발","permalink":"","username":"asdfg","text":"색깔도 좋고 괜찮아요...","date":"Mon Dec 10 23:59:44 +0000 2018","retweets":"30","favorites":"20","mentions":[],"hashtags":[],"geo":"","raw":"색깔도 좋고 괜찮아요...","polarity":{"com":0,"pos":0.96,"neg":0.02,"neut":0,"none":0.02},"intensity":{"high":0.1,"low":0.02,"meium":0.86,"none":0.02},"expressive":{"dir-action":0,"dir-explicit":0.3,"dir-speech":0.1,"indirect":0.58,"writing-device":0.02}},{"id":"매일삶은족발","permalink":"","username":"asdfg","text":"쫄깃쫄깃 맛있어요~~~~","date":"Mon Dec 10 23:59:44 +0000 2018","retweets":"30","favorites":"20","mentions":[],"hashtags":[],"geo":"","raw":"쫄깃쫄깃 맛있어요~~~~","polarity":{"com":0,"pos":0,"neg":1,"neut":0,"none":0},"intensity":{"high":0,"low":0,"meium":1,"none":0},"expressive":{"dir-action":0,"dir-explicit":0,"dir-speech":1,"indirect":0,"writing-device":0}},{"id":"매일삶은족발","permalink":"","username":"asdfg","text":"맛있게 삶아짐.....","date":"Mon Dec 10 23:59:44 +0000 2018","retweets":"30","favorites":"20","mentions":[],"hashtags":[],"geo":"","raw":"맛있게 삶아짐.....","polarity":{"com":0,"pos":0,"neg":1,"neut":0,"none":0},"intensity":{"high":0,"low":0,"meium":1,"none":0},"expressive":{"dir-action":0,"dir-explicit":0,"dir-speech":1,"indirect":0,"writing-device":0}},{"id":"매일삶은족발","permalink":"","username":"asdfg","text":"부담없이 맛있게 \n배부르게 먹었답니다","date":"Mon Dec 10 23:59:44 +0000 2018","retweets":"30","favorites":"20","mentions":[],"hashtags":[],"geo":"","raw":"부담없이 맛있게 \n배부르게 먹었답니다","polarity":{"com":0,"pos":0.24444444433333334,"neg":0.7555555556666667,"neut":0,"none":0},"intensity":{"high":0.037037037,"low":0.14074074066666667,"meium":0.8222222223333334,"none":0},"expressive":{"dir-action":0,"dir-explicit":0.14074074066666667,"dir-speech":0.5925925926666666,"indirect":0.26666666666666666,"writing-device":0}},{"id":"매일삶은족발","permalink":"","username":"asdfg","text":"쌈이랑 해서 맛있게 먹음","date":"Mon Dec 10 23:59:44 +0000 2018","retweets":"30","favorites":"20","mentions":[],"hashtags":[],"geo":"","raw":"쌈이랑 해서 맛있게 먹음","polarity":{"com":0.0038314176666666665,"pos":0.21839080433333335,"neg":0.6896551726666668,"neut":0.02298850566666667,"none":0.06513409966666667},"intensity":{"high":0.07535121330821627,"low":0.11621966796126013,"meium":0.7394636014201789,"none":0.06896551731034484},"expressive":{"dir-action":0.003831417667943805,"dir-explicit":0.12771392070923795,"dir-speech":0.7305236272435078,"indirect":0.061302682020434214,"writing-device":0.0766283523588761}},{"id":"매일삶은족발","permalink":"","username":"asdfg","text":"두점씩 먹어주심 ㅎ....","date":"Mon Dec 10 23:59:44 +0000 2018","retweets":"30","favorites":"20","mentions":[],"hashtags":[],"geo":"","raw":"두점씩 먹어주심 ㅎ....","polarity":{"com":0,"pos":0.33333333316666663,"neg":0.3333333336666666,"neut":0.16666666658333332,"none":0.16666666658333332},"intensity":{"high":0.0555555555,"low":0.111111111,"meium":0.666666667,"none":0.1666666665},"expressive":{"dir-action":0,"dir-explicit":0.4444444445,"dir-speech":0.388888889,"indirect":0,"writing-device":0.1666666665}},{"id":"매일삶은족발","permalink":"","username":"asdfg","text":"향이 너무좋은데요....","date":"Mon Dec 10 23:59:44 +0000 2018","retweets":"30","favorites":"20","mentions":[],"hashtags":[],"geo":"","raw":"향이 너무좋은데요....","polarity":{"com":0,"pos":0,"neg":1,"neut":0,"none":0},"intensity":{"high":0,"low":0,"meium":1,"none":0},"expressive":{"dir-action":0,"dir-explicit":0,"dir-speech":1,"indirect":0,"writing-device":0}},{"id":"매일삶은족발","permalink":"","username":"asdfg","text":"콜라겐 덩어리\n맛있게 먹음요","date":"Mon Dec 10 23:59:44 +0000 2018","retweets":"30","favorites":"20","mentions":[],"hashtags":[],"geo":"","raw":"콜라겐 덩어리\n맛있게 먹음요","polarity":{"com":0,"pos":0.1666666665,"neg":0.8333333334999999,"neut":0,"none":0},"intensity":{"high":0.5555555555,"low":0.111111111,"meium":0.3333333335,"none":0},"expressive":{"dir-action":0,"dir-explicit":0.111111111,"dir-speech":0.388888889,"indirect":0.5,"writing-device":0}},{"id":"매일삶은족발","permalink":"","username":"asdfg","text":"매운족발 짱\n맛있어요  입에서 불 나지만","date":"Mon Dec 10 23:59:44 +0000 2018","retweets":"30","favorites":"20","mentions":[],"hashtags":[],"geo":"","raw":"매운족발 짱\n맛있어요  입에서 불 나지만","polarity":{"com":0,"pos":0.10737179477684294,"neg":0.7708333334427084,"neut":0.01282051275320513,"none":0.1089743590272436},"intensity":{"high":0.15064102575,"low":0.01282051275,"meium":0.7275641025,"none":0.108974359},"expressive":{"dir-action":0,"dir-explicit":0.30769230775,"dir-speech":0.501602564,"indirect":0.08814102575,"writing-device":0.1025641025}},{"id":"매일삶은족발","permalink":"","username":"asdfg","text":"양이좀 아쉬웠네요~~~~~","date":"Mon Dec 10 23:59:44 +0000 2018","retweets":"30","favorites":"20","mentions":[],"hashtags":[],"geo":"","raw":"양이좀 아쉬웠네요~~~~~","polarity":{"com":0,"pos":1,"neg":0,"neut":0,"none":0},"intensity":{"high":0,"low":0,"meium":1,"none":0},"expressive":{"dir-action":0,"dir-explicit":0.4,"dir-speech":0.6,"indirect":0,"writing-device":0}},{"id":"매일삶은족발","permalink":"","username":"asdfg","text":"야들야들 맛있음~~~~~","date":"Mon Dec 10 23:59:44 +0000 2018","retweets":"30","favorites":"20","mentions":[],"hashtags":[],"geo":"","raw":"야들야들 맛있음~~~~~","polarity":{"com":0,"pos":0,"neg":1,"neut":0,"none":0},"intensity":{"high":0,"low":0,"meium":1,"none":0},"expressive":{"dir-action":0,"dir-explicit":0,"dir-speech":1,"indirect":0,"writing-device":0}},{"id":"매일삶은족발","permalink":"","username":"asdfg","text":"ㅠㅠ\n조굼 아쉬워요 족발조금 재료룰 좋은거써주세요 그럼 더 장사잘되실듯!!! 대박나세요","date":"Mon Dec 10 23:59:44 +0000 2018","retweets":"30","favorites":"20","mentions":[],"hashtags":[],"geo":"","raw":"ㅠㅠ\n조굼 아쉬워요 족발조금 재료룰 좋은거써주세요 그럼 더 장사잘되실듯!!! 대박나세요","polarity":{"com":0,"pos":0.5114196982857143,"neg":0.404708666,"neut":0.012422360285714284,"none":0.07144927542857142},"intensity":{"high":0.13504880198070732,"low":0.04194616985115054,"meium":0.7515557527497777,"none":0.07144927541836439},"expressive":{"dir-action":0,"dir-explicit":0.27988760728571427,"dir-speech":0.24721975742857144,"indirect":0.3300147884285714,"writing-device":0.14287784685714286}},{"id":"매일삶은족발","permalink":"","username":"asdfg","text":"막국수가맛잇음당 ㅎㅎㅎㅎㅎ","date":"Mon Dec 10 23:59:44 +0000 2018","retweets":"30","favorites":"20","mentions":[],"hashtags":[],"geo":"","raw":"막국수가맛잇음당 ㅎㅎㅎㅎㅎ","polarity":{"com":0.017857143,"pos":0.410714286,"neg":0.464285714,"neut":0.080357143,"none":0.026785714},"intensity":{"high":0.160714286,"low":0.107142857,"meium":0.696428571,"none":0.035714286},"expressive":{"dir-action":0,"dir-explicit":0.37500000000000006,"dir-speech":0.31250000000000006,"indirect":0.28571428600000004,"writing-device":0.026785714000000002}},{"id":"매일삶은족발","permalink":"","username":"asdfg","text":"맛있쪄여.......","date":"Mon Dec 10 23:59:44 +0000 2018","retweets":"30","favorites":"20","mentions":[],"hashtags":[],"geo":"","raw":"맛있쪄여.......","polarity":{"com":null,"pos":null,"neg":null,"neut":null,"none":null},"intensity":{"high":null,"low":null,"meium":null,"none":null},"expressive":{"dir-action":null,"dir-explicit":null,"dir-speech":null,"indirect":null,"writing-device":null}},{"id":"매일삶은족발","permalink":"","username":"asdfg","text":"뜯을만 해요 잘먹었어요","date":"Mon Dec 10 23:59:44 +0000 2018","retweets":"30","favorites":"20","mentions":[],"hashtags":[],"geo":"","raw":"뜯을만 해요 잘먹었어요","polarity":{"com":0,"pos":0.6488095238244048,"neg":0.10714285705357143,"neut":0.035714285517857144,"none":0.20833333360416667},"intensity":{"high":0.0416666665,"low":0.107142857,"meium":0.6428571430000001,"none":0.2083333335},"expressive":{"dir-action":0,"dir-explicit":0.2738095235,"dir-speech":0.0714285715,"indirect":0.4464285715,"writing-device":0.2083333335}},{"id":"매일삶은족발","permalink":"","username":"asdfg","text":"껍질도 쫀득하면서 부드러워요","date":"Mon Dec 10 23:59:44 +0000 2018","retweets":"30","favorites":"20","mentions":[],"hashtags":[],"geo":"","raw":"껍질도 쫀득하면서 부드러워요","polarity":{"com":0.006451612999999999,"pos":0.505376344,"neg":0.4508960573333334,"neut":0.027956989333333335,"none":0.009318996333333334},"intensity":{"high":0.04659498199999999,"low":0.038709677333333324,"meium":0.9046594983333333,"none":0.010035842333333331},"expressive":{"dir-action":0.0021505376666666664,"dir-explicit":0.4379928316666666,"dir-speech":0.09820788533333333,"indirect":0.45232974899999995,"writing-device":0.009318996333333333}},{"id":"매일삶은족발","permalink":"","username":"asdfg","text":"따뜻해서좋았음...","date":"Mon Dec 10 23:59:44 +0000 2018","retweets":"30","favorites":"20","mentions":[],"hashtags":[],"geo":"","raw":"따뜻해서좋았음...","polarity":{"com":0,"pos":0.8066666666666666,"neg":0.18000000000000002,"neut":0,"none":0.013333333333333334},"intensity":{"high":0.06666666666666667,"low":0.013333333333333334,"meium":0.9066666666666666,"none":0.013333333333333334},"expressive":{"dir-action":0,"dir-explicit":0.19999999999999998,"dir-speech":0.2333333333333333,"indirect":0.5533333333333333,"writing-device":0.013333333333333334}},{"id":"매일삶은족발","permalink":"","username":"asdfg","text":"비계도  적당히 있으니까\n부드럽게 ㅎ닙힘","date":"Mon Dec 10 23:59:44 +0000 2018","retweets":"30","favorites":"20","mentions":[],"hashtags":[],"geo":"","raw":"비계도  적당히 있으니까\n부드럽게 ㅎ닙힘","polarity":{"com":0.005357142666666666,"pos":0.5178571426666667,"neg":0.16309523833333336,"neut":0.016666666666666666,"none":0.2970238096666667},"intensity":{"high":0.0625,"low":0.055952380999999995,"meium":0.5845238093333333,"none":0.2970238096666667},"expressive":{"dir-action":0,"dir-explicit":0.46071428551309523,"dir-speech":0.1684523809438492,"indirect":0.0761904763079365,"writing-device":0.29464285723511907}},{"id":"매일삶은족발","permalink":"","username":"asdfg","text":"힘든일 마치고\n집에서 호사좀 부려봄","date":"Mon Dec 10 23:59:44 +0000 2018","retweets":"30","favorites":"20","mentions":[],"hashtags":[],"geo":"","raw":"힘든일 마치고\n집에서 호사좀 부려봄","polarity":{"com":0.025,"pos":0.5,"neg":0.4375,"neut":0.025,"none":0.0125},"intensity":{"high":0.1,"low":0.20416666675,"meium":0.68333333325,"none":0.0125},"expressive":{"dir-action":0,"dir-explicit":0.23750000000000002,"dir-speech":0.725,"indirect":0.025,"writing-device":0.0125}},{"id":"매일삶은족발","permalink":"","username":"asdfg","text":"피로도풀겸 \n족발로 하루 마감하네요","date":"Mon Dec 10 23:59:44 +0000 2018","retweets":"30","favorites":"20","mentions":[],"hashtags":[],"geo":"","raw":"피로도풀겸 \n족발로 하루 마감하네요","polarity":{"com":0.17311827966666665,"pos":0.17204301066666666,"neg":0.4508960573333333,"neut":0.19462365599999998,"none":0.009318996333333333},"intensity":{"high":0.546594982,"low":0.03870967733333333,"meium":0.40465949833333337,"none":0.010035842333333333},"expressive":{"dir-action":0.002150537666666667,"dir-explicit":0.271326165,"dir-speech":0.43154121866666667,"indirect":0.2856630823333333,"writing-device":0.009318996333333334}},{"id":"매일삶은족발","permalink":"","username":"asdfg","text":"적당히 잘 삶아진거 같아용","date":"Mon Dec 10 23:59:44 +0000 2018","retweets":"30","favorites":"20","mentions":[],"hashtags":[],"geo":"","raw":"적당히 잘 삶아진거 같아용","polarity":{"com":0,"pos":0.35714285717857136,"neg":0.6071428573035714,"neut":0.03571428551785714,"none":0},"intensity":{"high":0,"low":0.107142857,"meium":0.8928571430000001,"none":0},"expressive":{"dir-action":0,"dir-explicit":0.107142857,"dir-speech":0.07142857149999998,"indirect":0.3214285715,"writing-device":0.5}},{"id":"매일삶은족발","permalink":"","username":"asdfg","text":"부드러우니까 애들도 잘 먹어요","date":"Mon Dec 10 23:59:44 +0000 2018","retweets":"30","favorites":"20","mentions":[],"hashtags":[],"geo":"","raw":"부드러우니까 애들도 잘 먹어요","polarity":{"com":0.00178571425,"pos":0.38690476175,"neg":0.498809524,"neut":0.0035714285,"none":0.1089285715},"intensity":{"high":0.0634920635,"low":0.084126984,"meium":0.743452381,"none":0.1089285715},"expressive":{"dir-action":0,"dir-explicit":0.351984126912004,"dir-speech":0.2694444444326389,"indirect":0.27142857143214283,"writing-device":0.10714285722321429}},{"id":"매일삶은족발","permalink":"","username":"asdfg","text":"괜찮네요\n먹을만했어요","date":"Mon Dec 10 23:59:44 +0000 2018","retweets":"30","favorites":"20","mentions":[],"hashtags":[],"geo":"","raw":"괜찮네요\n먹을만했어요","polarity":{"com":0,"pos":0.333333333,"neg":0.666666667,"neut":0,"none":0},"intensity":{"high":0.111111111,"low":0.222222222,"meium":0.666666667,"none":0},"expressive":{"dir-action":0,"dir-explicit":0.222222222,"dir-speech":0.777777778,"indirect":0,"writing-device":0}},{"id":"매일삶은족발","permalink":"","username":"asdfg","text":"비계씹는맛 고소하고 쫀득쫀득요","date":"Mon Dec 10 23:59:44 +0000 2018","retweets":"30","favorites":"20","mentions":[],"hashtags":[],"geo":"","raw":"비계씹는맛 고소하고 쫀득쫀득요","polarity":{"com":0.0096774195,"pos":0.758064516,"neg":0.176344086,"neut":0.041935484,"none":0.0139784945},"intensity":{"high":0.069892473,"low":0.058064516,"meium":0.8569892475,"none":0.0150537635},"expressive":{"dir-action":0.0032258065,"dir-explicit":0.1569892475,"dir-speech":0.647311828,"indirect":0.1784946235,"writing-device":0.0139784945}},{"id":"매일삶은족발","permalink":"","username":"asdfg","text":"부드럽고 식감도 좋았음","date":"Mon Dec 10 23:59:44 +0000 2018","retweets":"30","favorites":"20","mentions":[],"hashtags":[],"geo":"","raw":"부드럽고 식감도 좋았음","polarity":{"com":0,"pos":0.8066666666666666,"neg":0.18000000000000002,"neut":0,"none":0.013333333333333334},"intensity":{"high":0.06666666666666667,"low":0.013333333333333334,"meium":0.9066666666666666,"none":0.013333333333333334},"expressive":{"dir-action":0,"dir-explicit":0.5333333333333333,"dir-speech":0.2333333333333333,"indirect":0.22,"writing-device":0.013333333333333334}},{"id":"매일삶은족발","permalink":"","username":"asdfg","text":"때깔도 좋구  맛있어요..","date":"Mon Dec 10 23:59:44 +0000 2018","retweets":"30","favorites":"20","mentions":[],"hashtags":[],"geo":"","raw":"때깔도 좋구  맛있어요..","polarity":{"com":0,"pos":0.5,"neg":0.5,"neut":0,"none":0},"intensity":{"high":0,"low":0,"meium":1,"none":0},"expressive":{"dir-action":0,"dir-explicit":0.5,"dir-speech":0.5,"indirect":0,"writing-device":0}},{"id":"매일삶은족발","permalink":"","username":"asdfg","text":"맛나구만요~~~~^^","date":"Mon Dec 10 23:59:44 +0000 2018","retweets":"30","favorites":"20","mentions":[],"hashtags":[],"geo":"","raw":"맛나구만요~~~~^^","polarity":{"com":0,"pos":0.17948717917948714,"neg":0.3333333333333333,"neut":0.05128205105128204,"none":0.4358974364358974},"intensity":{"high":0.102564103,"low":0.051282051,"meium":0.41025641,"none":0.435897436},"expressive":{"dir-action":0,"dir-explicit":0.230769231,"dir-speech":0.256410256,"indirect":0.102564103,"writing-device":0.41025641}},{"id":"매일삶은족발","permalink":"","username":"asdfg","text":"배달빨리와서 좋아요~~~","date":"Mon Dec 10 23:59:44 +0000 2018","retweets":"30","favorites":"20","mentions":[],"hashtags":[],"geo":"","raw":"배달빨리와서 좋아요~~~","polarity":{"com":0,"pos":0.8066666666666666,"neg":0.013333333333333334,"neut":0.16666666666666666,"none":0.013333333333333334},"intensity":{"high":0.06666666666666667,"low":0.013333333333333334,"meium":0.9066666666666666,"none":0.013333333333333334},"expressive":{"dir-action":0,"dir-explicit":0.19999999999999998,"dir-speech":0.5666666666666667,"indirect":0.22,"writing-device":0.013333333333333334}},{"id":"매일삶은족발","permalink":"","username":"asdfg","text":"새우장에 맛있게 먹음~~~","date":"Mon Dec 10 23:59:44 +0000 2018","retweets":"30","favorites":"20","mentions":[],"hashtags":[],"geo":"","raw":"새우장에 맛있게 먹음~~~","polarity":{"com":0,"pos":0.44444444433333335,"neg":0.5555555556666666,"neut":0,"none":0},"intensity":{"high":0.037037037,"low":0.074074074,"meium":0.888888889,"none":0},"expressive":{"dir-action":0,"dir-explicit":0.074074074,"dir-speech":0.7592592593333333,"indirect":0.16666666666666666,"writing-device":0}},{"id":"매일삶은족발","permalink":"","username":"asdfg","text":"양도 많이주시공~~~^^","date":"Mon Dec 10 23:59:44 +0000 2018","retweets":"30","favorites":"20","mentions":[],"hashtags":[],"geo":"","raw":"양도 많이주시공~~~^^","polarity":{"com":0,"pos":0.333333333,"neg":0.555555556,"neut":0.111111111,"none":0},"intensity":{"high":0,"low":0.555555556,"meium":0.444444444,"none":0},"expressive":{"dir-action":0,"dir-explicit":0.22222222200000002,"dir-speech":0.5555555560000001,"indirect":0.22222222200000002,"writing-device":0}},{"id":"매일삶은족발","permalink":"","username":"asdfg","text":"야들하니 맛도 식감도 좋아요","date":"Mon Dec 10 23:59:44 +0000 2018","retweets":"30","favorites":"20","mentions":[],"hashtags":[],"geo":"","raw":"야들하니 맛도 식감도 좋아요","polarity":{"com":0.008008008,"pos":0.8442042043333333,"neg":0.11543543533333332,"neut":0.011011011000000001,"none":0.021341341333333333},"intensity":{"high":0.10470470466666666,"low":0.04136136133333334,"meium":0.8315915916666666,"none":0.022342342333333334},"expressive":{"dir-action":0.0010010010000000003,"dir-explicit":0.30410410400000004,"dir-speech":0.43003003,"indirect":0.2425225226666667,"writing-device":0.022342342333333338}},{"id":"매일삶은족발","permalink":"","username":"asdfg","text":"때깔도 쥑이네예~~~~","date":"Mon Dec 10 23:59:44 +0000 2018","retweets":"30","favorites":"20","mentions":[],"hashtags":[],"geo":"","raw":"때깔도 쥑이네예~~~~","polarity":{"com":0.0035714285,"pos":0.107142857,"neg":0.6642857145000001,"neut":0.007142857,"none":0.217857143},"intensity":{"high":0.0714285715,"low":0.057142857,"meium":0.6535714285,"none":0.217857143},"expressive":{"dir-action":0,"dir-explicit":0.09285714295357143,"dir-speech":0.649999999675,"indirect":0.042857142978571426,"writing-device":0.21428571439285712}},{"id":"매일삶은족발","permalink":"","username":"asdfg","text":"정성이 느껴지네요~~~","date":"Mon Dec 10 23:59:44 +0000 2018","retweets":"30","favorites":"20","mentions":[],"hashtags":[],"geo":"","raw":"정성이 느껴지네요~~~","polarity":{"com":0.030837004,"pos":0.431718062,"neg":0.440528634,"neut":0.088105727,"none":0.008810573},"intensity":{"high":0.10572687210572689,"low":0.13215859013215858,"meium":0.7488986787488987,"none":0.01321585901321586},"expressive":{"dir-action":0.004405286004405286,"dir-explicit":0.4140969164140969,"dir-speech":0.3612334803612335,"indirect":0.20704845820704845,"writing-device":0.01321585901321586}},{"id":"매일삶은족발","permalink":"","username":"asdfg","text":"맛나게  먹었어요~~~","date":"Mon Dec 10 23:59:44 +0000 2018","retweets":"30","favorites":"20","mentions":[],"hashtags":[],"geo":"","raw":"맛나게  먹었어요~~~","polarity":{"com":0,"pos":0.333333333,"neg":0.666666667,"neut":0,"none":0},"intensity":{"high":0.111111111,"low":0.222222222,"meium":0.666666667,"none":0},"expressive":{"dir-action":0,"dir-explicit":0.222222222,"dir-speech":0.777777778,"indirect":0,"writing-device":0}},{"id":"매일삶은족발","permalink":"","username":"asdfg","text":"족발 무침 맛있어요...","date":"Mon Dec 10 23:59:44 +0000 2018","retweets":"30","favorites":"20","mentions":[],"hashtags":[],"geo":"","raw":"족발 무침 맛있어요...","polarity":{"com":0,"pos":0,"neg":1,"neut":0,"none":0},"intensity":{"high":0,"low":0,"meium":1,"none":0},"expressive":{"dir-action":0,"dir-explicit":0,"dir-speech":1,"indirect":0,"writing-device":0}},{"id":"매일삶은족발","permalink":"","username":"asdfg","text":"쫀득거리면서 부드럽게 씹힙니다","date":"Mon Dec 10 23:59:44 +0000 2018","retweets":"30","favorites":"20","mentions":[],"hashtags":[],"geo":"","raw":"쫀득거리면서 부드럽게 씹힙니다","polarity":{"com":0,"pos":1,"neg":0,"neut":0,"none":0},"intensity":{"high":0,"low":0,"meium":1,"none":0},"expressive":{"dir-action":0,"dir-explicit":1,"dir-speech":0,"indirect":0,"writing-device":0}},{"id":"매일삶은족발","permalink":"","username":"asdfg","text":"술한잔의 여유\n피로 풉니다","date":"Mon Dec 10 23:59:44 +0000 2018","retweets":"30","favorites":"20","mentions":[],"hashtags":[],"geo":"","raw":"술한잔의 여유\n피로 풉니다","polarity":{"com":0.00941619599686127,"pos":0.1939736346020088,"neg":0.7758945384080352,"neut":0.018832391660389206,"none":0.0018832393327055871},"intensity":{"high":0.38041431253986185,"low":0.06214689264595103,"meium":0.5555555554814814,"none":0.0018832393327055867},"expressive":{"dir-action":0,"dir-explicit":0.07721280600000001,"dir-speech":0.44444444433333335,"indirect":0.47645951033333334,"writing-device":0.0018832393333333333}},{"id":"매일삶은족발","permalink":"","username":"asdfg","text":"신속 배달 맘에 드네요~~~","date":"Mon Dec 10 23:59:44 +0000 2018","retweets":"30","favorites":"20","mentions":[],"hashtags":[],"geo":"","raw":"신속 배달 맘에 드네요~~~","polarity":{"com":0,"pos":1,"neg":0,"neut":0,"none":0},"intensity":{"high":0,"low":0,"meium":1,"none":0},"expressive":{"dir-action":0,"dir-explicit":0,"dir-speech":1,"indirect":0,"writing-device":0}},{"id":"매일삶은족발","permalink":"","username":"asdfg","text":"1시간 기다림..매운족발은 맵기보단 양념이 너무 달고, 그냥 족발은 윤기가 나지않고 맛도 별로였음. 아까워서 먹었습니다..앞다리만 이용한다더니 뒷다리였음.","date":"Mon Dec 10 23:59:44 +0000 2018","retweets":"30","favorites":"20","mentions":[],"hashtags":[],"geo":"","raw":"1시간 기다림..매운족발은 맵기보단 양념이 너무 달고, 그냥 족발은 윤기가 나지않고 맛도 별로였음. 아까워서 먹었습니다..앞다리만 이용한다더니 뒷다리였음.","polarity":{"com":0.01717250031759711,"pos":0.42089417825483094,"neg":0.45347417631089204,"neut":0.02625402316065831,"none":0.0822051219560216},"intensity":{"high":0.06483281323099983,"low":0.056497492017841315,"meium":0.7963513865672688,"none":0.08231830818389},"expressive":{"dir-action":0.0003395585789294969,"dir-explicit":0.20494217035763462,"dir-speech":0.43953433371370865,"indirect":0.2657593329860127,"writing-device":0.0894246043637145}},{"id":"매일삶은족발","permalink":"","username":"asdfg","text":"김치도 괜찮았어요....","date":"Mon Dec 10 23:59:44 +0000 2018","retweets":"30","favorites":"20","mentions":[],"hashtags":[],"geo":"","raw":"김치도 괜찮았어요....","polarity":{"com":0.007142857,"pos":0.214285714,"neg":0.328571429,"neut":0.014285714,"none":0.435714286},"intensity":{"high":0.142857143,"low":0.114285714,"meium":0.307142857,"none":0.435714286},"expressive":{"dir-action":0,"dir-explicit":0.1857142858142857,"dir-speech":0.29999999969999996,"indirect":0.0857142859142857,"writing-device":0.42857142857142855}},{"id":"매일삶은족발","permalink":"","username":"asdfg","text":"보쌈 괜찮네요~~~~","date":"Mon Dec 10 23:59:44 +0000 2018","retweets":"30","favorites":"20","mentions":[],"hashtags":[],"geo":"","raw":"보쌈 괜찮네요~~~~","polarity":{"com":null,"pos":null,"neg":null,"neut":null,"none":null},"intensity":{"high":null,"low":null,"meium":null,"none":null},"expressive":{"dir-action":null,"dir-explicit":null,"dir-speech":null,"indirect":null,"writing-device":null}},{"id":"매일삶은족발","permalink":"","username":"asdfg","text":"맛있게 삶아진듯하네...","date":"Mon Dec 10 23:59:44 +0000 2018","retweets":"30","favorites":"20","mentions":[],"hashtags":[],"geo":"","raw":"맛있게 삶아진듯하네...","polarity":{"com":0,"pos":0,"neg":1,"neut":0,"none":0},"intensity":{"high":0,"low":0,"meium":1,"none":0},"expressive":{"dir-action":0,"dir-explicit":0,"dir-speech":1,"indirect":0,"writing-device":0}},{"id":"매일삶은족발","permalink":"","username":"asdfg","text":"애들과 맛있게 먹음~~~","date":"Mon Dec 10 23:59:44 +0000 2018","retweets":"30","favorites":"20","mentions":[],"hashtags":[],"geo":"","raw":"애들과 맛있게 먹음~~~","polarity":{"com":0,"pos":0.111111111,"neg":0.888888889,"neut":0,"none":0},"intensity":{"high":0.037037037,"low":0.074074074,"meium":0.888888889,"none":0},"expressive":{"dir-action":0,"dir-explicit":0.074074074,"dir-speech":0.5925925926666666,"indirect":0.3333333333333333,"writing-device":0}},{"id":"매일삶은족발","permalink":"","username":"asdfg","text":"배달 딱이네요\n나가기싫은데 ㅎㅎ","date":"Mon Dec 10 23:59:44 +0000 2018","retweets":"30","favorites":"20","mentions":[],"hashtags":[],"geo":"","raw":"배달 딱이네요\n나가기싫은데 ㅎㅎ","polarity":{"com":0,"pos":0.5,"neg":0.4166666666666667,"neut":0.08333333333333333,"none":0},"intensity":{"high":0,"low":0.08333333333333333,"meium":0.9166666666666666,"none":0},"expressive":{"dir-action":0,"dir-explicit":0,"dir-speech":1,"indirect":0,"writing-device":0}},{"id":"매일삶은족발","permalink":"","username":"asdfg","text":"윤기도 흐르고 먹음직 스러움","date":"Mon Dec 10 23:59:44 +0000 2018","retweets":"30","favorites":"20","mentions":[],"hashtags":[],"geo":"","raw":"윤기도 흐르고 먹음직 스러움","polarity":{"com":0.03298319300000001,"pos":0.3718487395,"neg":0.37016806750000003,"neut":0.007142857000000001,"none":0.21785714300000003},"intensity":{"high":0.1596638655,"low":0.057142857,"meium":0.5653361345,"none":0.217857143},"expressive":{"dir-action":0,"dir-explicit":0.269327731,"dir-speech":0.1794117645,"indirect":0.33697478999999997,"writing-device":0.2142857145}},{"id":"매일삶은족발","permalink":"","username":"asdfg","text":"양도 만족스럽습니다~~~","date":"Mon Dec 10 23:59:44 +0000 2018","retweets":"30","favorites":"20","mentions":[],"hashtags":[],"geo":"","raw":"양도 만족스럽습니다~~~","polarity":{"com":0,"pos":0,"neg":1,"neut":0,"none":0},"intensity":{"high":0,"low":0,"meium":1,"none":0},"expressive":{"dir-action":0,"dir-explicit":1,"dir-speech":0,"indirect":0,"writing-device":0}},{"id":"매일삶은족발","permalink":"","username":"asdfg","text":"배달 참 존경스러워요~~~~","date":"Mon Dec 10 23:59:44 +0000 2018","retweets":"30","favorites":"20","mentions":[],"hashtags":[],"geo":"","raw":"배달 참 존경스러워요~~~~","polarity":{"com":0,"pos":1,"neg":0,"neut":0,"none":0},"intensity":{"high":0.1666666665,"low":0,"meium":0.8333333334999999,"none":0},"expressive":{"dir-action":0,"dir-explicit":0.1666666665,"dir-speech":0.5,"indirect":0.3333333335,"writing-device":0}},{"id":"매일삶은족발","permalink":"","username":"asdfg","text":"맛있게 먹었어요....","date":"Mon Dec 10 23:59:44 +0000 2018","retweets":"30","favorites":"20","mentions":[],"hashtags":[],"geo":"","raw":"맛있게 먹었어요....","polarity":{"com":0,"pos":0.1666666665,"neg":0.8333333334999999,"neut":0,"none":0},"intensity":{"high":0.0555555555,"low":0.111111111,"meium":0.8333333334999999,"none":0},"expressive":{"dir-action":0,"dir-explicit":0.111111111,"dir-speech":0.888888889,"indirect":0,"writing-device":0}},{"id":"매일삶은족발","permalink":"","username":"asdfg","text":"뜯는맛도 좋아요...","date":"Mon Dec 10 23:59:44 +0000 2018","retweets":"30","favorites":"20","mentions":[],"hashtags":[],"geo":"","raw":"뜯는맛도 좋아요...","polarity":{"com":0,"pos":0.96,"neg":0.02,"neut":0,"none":0.02},"intensity":{"high":0.1,"low":0.02,"meium":0.86,"none":0.02},"expressive":{"dir-action":0,"dir-explicit":0.30000000000000004,"dir-speech":0.6000000000000001,"indirect":0.08000000000000002,"writing-device":0.020000000000000004}},{"id":"매일삶은족발","permalink":"","username":"asdfg","text":"족발로 몸보신 하려구요","date":"Mon Dec 10 23:59:44 +0000 2018","retweets":"30","favorites":"20","mentions":[],"hashtags":[],"geo":"","raw":"족발로 몸보신 하려구요","polarity":{"com":0.011494253,"pos":0.32183908,"neg":0.402298851,"neut":0.068965517,"none":0.195402299},"intensity":{"high":0.11494252888505746,"low":0.1264367818735632,"meium":0.5517241374482758,"none":0.20689655179310346},"expressive":{"dir-action":0.011494253011494253,"dir-explicit":0.16091954016091956,"dir-speech":0.4137931034137931,"indirect":0.18390804618390805,"writing-device":0.2298850572298851}},{"id":"매일삶은족발","permalink":"","username":"asdfg","text":"야들야들\n식감도 좋음","date":"Mon Dec 10 23:59:44 +0000 2018","retweets":"30","favorites":"20","mentions":[],"hashtags":[],"geo":"","raw":"야들야들\n식감도 좋음","polarity":{"com":0,"pos":0.92,"neg":0.04,"neut":0,"none":0.04},"intensity":{"high":0.2,"low":0.04,"meium":0.72,"none":0.04},"expressive":{"dir-action":0,"dir-explicit":0.6,"dir-speech":0.2,"indirect":0.16,"writing-device":0.04}},{"id":"매일삶은족발","permalink":"","username":"asdfg","text":"쫄깃함이 너무 좋은데요","date":"Mon Dec 10 23:59:44 +0000 2018","retweets":"30","favorites":"20","mentions":[],"hashtags":[],"geo":"","raw":"쫄깃함이 너무 좋은데요","polarity":{"com":0.25,"pos":0.71,"neg":0.02,"neut":0,"none":0.02},"intensity":{"high":0.1,"low":0.27,"meium":0.61,"none":0.02},"expressive":{"dir-action":0,"dir-explicit":0.3,"dir-speech":0.1,"indirect":0.58,"writing-device":0.02}},{"id":"매일삶은족발","permalink":"","username":"asdfg","text":"배달있어서 좋아요....","date":"Mon Dec 10 23:59:44 +0000 2018","retweets":"30","favorites":"20","mentions":[],"hashtags":[],"geo":"","raw":"배달있어서 좋아요....","polarity":{"com":0,"pos":0.96,"neg":0.02,"neut":0,"none":0.02},"intensity":{"high":0.1,"low":0.02,"meium":0.86,"none":0.02},"expressive":{"dir-action":0,"dir-explicit":0.30000000000000004,"dir-speech":0.6000000000000001,"indirect":0.08000000000000002,"writing-device":0.020000000000000004}},{"id":"매일삶은족발","permalink":"","username":"asdfg","text":"맛도 좋고 피부에도 좋고 ㅎㅎ","date":"Mon Dec 10 23:59:44 +0000 2018","retweets":"30","favorites":"20","mentions":[],"hashtags":[],"geo":"","raw":"맛도 좋고 피부에도 좋고 ㅎㅎ","polarity":{"com":0,"pos":0.98,"neg":0.009999999999999995,"neut":0,"none":0.009999999999999995},"intensity":{"high":0.05000000000000001,"low":0.009999999999999998,"meium":0.9299999999999999,"none":0.009999999999999995},"expressive":{"dir-action":0,"dir-explicit":0.525,"dir-speech":0.3,"indirect":0.165,"writing-device":0.009999999999999995}},{"id":"매일삶은족발","permalink":"","username":"asdfg","text":"입맛 살아나네용~~~~","date":"Mon Dec 10 23:59:44 +0000 2018","retweets":"30","favorites":"20","mentions":[],"hashtags":[],"geo":"","raw":"입맛 살아나네용~~~~","polarity":{"com":0,"pos":1,"neg":0,"neut":0,"none":0},"intensity":{"high":0,"low":0,"meium":1,"none":0},"expressive":{"dir-action":0,"dir-explicit":0,"dir-speech":0,"indirect":1,"writing-device":0}},{"id":"매일삶은족발","permalink":"","username":"asdfg","text":"나가기싫어서 배달로 편안하게 ","date":"Mon Dec 10 23:59:44 +0000 2018","retweets":"30","favorites":"20","mentions":[],"hashtags":[],"geo":"","raw":"나가기싫어서 배달로 편안하게 ","polarity":{"com":0.08333333325,"pos":0.54166666675,"neg":0.3125,"neut":0.0625,"none":0},"intensity":{"high":0,"low":0.22916666675,"meium":0.77083333325,"none":0},"expressive":{"dir-action":0,"dir-explicit":0,"dir-speech":0.83333333325,"indirect":0.16666666675,"writing-device":0}},{"id":"매일삶은족발","permalink":"","username":"asdfg","text":"푸짐한거 같아요~~~~","date":"Mon Dec 10 23:59:44 +0000 2018","retweets":"30","favorites":"20","mentions":[],"hashtags":[],"geo":"","raw":"푸짐한거 같아요~~~~","polarity":{"com":0.012012012,"pos":0.3063063065,"neg":0.653153153,"neut":0.0165165165,"none":0.012012012},"intensity":{"high":0.057057057,"low":0.042042042,"meium":0.8873873875,"none":0.0135135135},"expressive":{"dir-action":0.0015015015,"dir-explicit":0.156156156,"dir-speech":0.045045045000000006,"indirect":0.283783784,"writing-device":0.5135135135}},{"id":"매일삶은족발","permalink":"","username":"asdfg","text":"친구들과 맛있게 먹었어요","date":"Mon Dec 10 23:59:44 +0000 2018","retweets":"30","favorites":"20","mentions":[],"hashtags":[],"geo":"","raw":"친구들과 맛있게 먹었어요","polarity":{"com":0.009661835666666667,"pos":0.28502415433333333,"neg":0.6763285026666667,"neut":0.02898550733333333,"none":0},"intensity":{"high":0.04669887266666667,"low":0.12721417066666665,"meium":0.8212560386666666,"none":0.004830918},"expressive":{"dir-action":0,"dir-explicit":0.13204508837734835,"dir-speech":0.7809983899269994,"indirect":0.08695652169565218,"writing-device":0}},{"id":"매일삶은족발","permalink":"","username":"asdfg","text":"맛있어요......","date":"Mon Dec 10 23:59:44 +0000 2018","retweets":"30","favorites":"20","mentions":[],"hashtags":[],"geo":"","raw":"맛있어요......","polarity":{"com":0,"pos":0,"neg":1,"neut":0,"none":0},"intensity":{"high":0,"low":0,"meium":1,"none":0},"expressive":{"dir-action":0,"dir-explicit":0,"dir-speech":1,"indirect":0,"writing-device":0}},{"id":"매일삶은족발","permalink":"","username":"asdfg","text":"향도 맛있게 나네요....","date":"Mon Dec 10 23:59:44 +0000 2018","retweets":"30","favorites":"20","mentions":[],"hashtags":[],"geo":"","raw":"향도 맛있게 나네요....","polarity":{"com":0,"pos":0,"neg":1,"neut":0,"none":0},"intensity":{"high":0,"low":0,"meium":1,"none":0},"expressive":{"dir-action":0,"dir-explicit":0,"dir-speech":1,"indirect":0,"writing-device":0}},{"id":"매일삶은족발","permalink":"","username":"asdfg","text":"비계랑 적당히 있어서 좋아요","date":"Mon Dec 10 23:59:44 +0000 2018","retweets":"30","favorites":"20","mentions":[],"hashtags":[],"geo":"","raw":"비계랑 적당히 있어서 좋아요","polarity":{"com":0.0044642855,"pos":0.629642857,"neg":0.10035714300000001,"neut":0.017857143,"none":0.2476785715},"intensity":{"high":0.12232142850000001,"low":0.0467857145,"meium":0.5832142855,"none":0.2476785715},"expressive":{"dir-action":0,"dir-explicit":0.3982142855,"dir-speech":0.20267857150000002,"indirect":0.1514285715,"writing-device":0.2476785715}},{"id":"매일삶은족발","permalink":"","username":"asdfg","text":"약간 식은듯 쫄깃해서 좋았네요","date":"Mon Dec 10 23:59:44 +0000 2018","retweets":"30","favorites":"20","mentions":[],"hashtags":[],"geo":"","raw":"약간 식은듯 쫄깃해서 좋았네요","polarity":{"com":0.006006006,"pos":0.50815315325,"neg":0.41990990975000003,"neut":0.00825825825,"none":0.05767267275},"intensity":{"high":0.32852852841786784,"low":0.07268768773182807,"meium":0.54036036036491,"none":0.058423423485394144},"expressive":{"dir-action":0.0007507507500000002,"dir-explicit":0.26974474475000004,"dir-speech":0.15585585575000002,"indirect":0.5152252252500001,"writing-device":0.05842342350000001}},{"id":"매일삶은족발","permalink":"","username":"asdfg","text":"배달빨리왔어요....","date":"Mon Dec 10 23:59:44 +0000 2018","retweets":"30","favorites":"20","mentions":[],"hashtags":[],"geo":"","raw":"배달빨리왔어요....","polarity":{"com":0,"pos":0.75,"neg":0,"neut":0.25,"none":0},"intensity":{"high":0,"low":0,"meium":1,"none":0},"expressive":{"dir-action":0,"dir-explicit":0,"dir-speech":0.75,"indirect":0.25,"writing-device":0}},{"id":"매일삶은족발","permalink":"","username":"asdfg","text":"부드럽게 씹히고 고소하네요","date":"Mon Dec 10 23:59:44 +0000 2018","retweets":"30","favorites":"20","mentions":[],"hashtags":[],"geo":"","raw":"부드럽게 씹히고 고소하네요","polarity":{"com":0.0096774195,"pos":0.758064516,"neg":0.176344086,"neut":0.041935484,"none":0.0139784945},"intensity":{"high":0.069892473,"low":0.058064516,"meium":0.8569892475,"none":0.0150537635},"expressive":{"dir-action":0.0032258065,"dir-explicit":0.6569892475,"dir-speech":0.147311828,"indirect":0.1784946235,"writing-device":0.0139784945}},{"id":"매일삶은족발","permalink":"","username":"asdfg","text":"모둠시켜서 한잔하면서 즐겨요","date":"Mon Dec 10 23:59:44 +0000 2018","retweets":"30","favorites":"20","mentions":[],"hashtags":[],"geo":"","raw":"모둠시켜서 한잔하면서 즐겨요","polarity":{"com":0.006451612999999999,"pos":0.653524492,"neg":0.30274790933333334,"neut":0.027956989333333335,"none":0.009318996333333334},"intensity":{"high":0.15770609328076463,"low":0.057228195980923935,"meium":0.7750298684083234,"none":0.010035842329988052},"expressive":{"dir-action":0.02066905633333333,"dir-explicit":0.40095579466666664,"dir-speech":0.17228195933333332,"indirect":0.3967741933333333,"writing-device":0.009318996333333333}},{"id":"매일삶은족발","permalink":"","username":"asdfg","text":"믿고 시킵니다 맛있게 부탁합니다","date":"Mon Dec 10 23:59:44 +0000 2018","retweets":"30","favorites":"20","mentions":[],"hashtags":[],"geo":"","raw":"믿고 시킵니다 맛있게 부탁합니다","polarity":{"com":0,"pos":0.44444444433333335,"neg":0.5555555556666666,"neut":0,"none":0},"intensity":{"high":0.055555555648148146,"low":0.055555555648148146,"meium":0.8888888887037036,"none":0},"expressive":{"dir-action":0,"dir-explicit":0.11111111103703702,"dir-speech":0.7777777779259258,"indirect":0.11111111103703702,"writing-device":0}},{"id":"매일삶은족발","permalink":"","username":"asdfg","text":"배달도 친절하시고 무엇보다 가격대비 족발굿굿\n싱겁게먹는 제입맛엔 쪼금 짭짤했지만 부침개,김치까지 정말 맛있었어요 단골집하겠슴다^-^","date":"Mon Dec 10 23:59:44 +0000 2018","retweets":"30","favorites":"20","mentions":[],"hashtags":[],"geo":"","raw":"배달도 친절하시고 무엇보다 가격대비 족발굿굿\n싱겁게먹는 제입맛엔 쪼금 짭짤했지만 부침개,김치까지 정말 맛있었어요 단골집하겠슴다^-^","polarity":{"com":0.02544552230769231,"pos":0.5957411763076923,"neg":0.26614926292307695,"neut":0.026680846076923077,"none":0.08598319238461537},"intensity":{"high":0.07471560692307694,"low":0.06570454623076924,"meium":0.762610866,"none":0.09696898084615387},"expressive":{"dir-action":0.0014888337692307693,"dir-explicit":0.1297326330769231,"dir-speech":0.44133894784615385,"indirect":0.32974588123076926,"writing-device":0.09769370407692309}},{"id":"매일삶은족발","permalink":"","username":"asdfg","text":"매운불족발이랑 누룽지 궁합 짱","date":"Mon Dec 10 23:59:44 +0000 2018","retweets":"30","favorites":"20","mentions":[],"hashtags":[],"geo":"","raw":"매운불족발이랑 누룽지 궁합 짱","polarity":{"com":0,"pos":0,"neg":1,"neut":0,"none":0},"intensity":{"high":0,"low":0,"meium":1,"none":0},"expressive":{"dir-action":0,"dir-explicit":1,"dir-speech":0,"indirect":0,"writing-device":0}},{"id":"매일삶은족발","permalink":"","username":"asdfg","text":"김치랑 맛있게 싸먹었답니다","date":"Mon Dec 10 23:59:44 +0000 2018","retweets":"30","favorites":"20","mentions":[],"hashtags":[],"geo":"","raw":"김치랑 맛있게 싸먹었답니다","polarity":{"com":0,"pos":0.1666666665,"neg":0.8333333334999999,"neut":0,"none":0},"intensity":{"high":0.0555555555,"low":0.111111111,"meium":0.8333333334999999,"none":0},"expressive":{"dir-action":0,"dir-explicit":0.111111111,"dir-speech":0.888888889,"indirect":0,"writing-device":0}},{"id":"매일삶은족발","permalink":"","username":"asdfg","text":"잡내잘잡고 맛나게 잘 삶아짐","date":"Mon Dec 10 23:59:44 +0000 2018","retweets":"30","favorites":"20","mentions":[],"hashtags":[],"geo":"","raw":"잡내잘잡고 맛나게 잘 삶아짐","polarity":{"com":0,"pos":0.6428571430952381,"neg":0.30952380953968256,"neut":0.047619047365079374,"none":0},"intensity":{"high":0,"low":0.14285714266666663,"meium":0.8571428573333333,"none":0},"expressive":{"dir-action":0,"dir-explicit":0.25396825375132276,"dir-speech":0.20634920640211638,"indirect":0.5396825398465608,"writing-device":0}},{"id":"매일삶은족발","permalink":"","username":"asdfg","text":"맛있게 먹었어요^^~~~~~","date":"Mon Dec 10 23:59:44 +0000 2018","retweets":"30","favorites":"20","mentions":[],"hashtags":[],"geo":"","raw":"맛있게 먹었어요^^~~~~~","polarity":{"com":0,"pos":0.1666666665,"neg":0.8333333334999999,"neut":0,"none":0},"intensity":{"high":0.0555555555,"low":0.111111111,"meium":0.8333333334999999,"none":0},"expressive":{"dir-action":0,"dir-explicit":0.111111111,"dir-speech":0.888888889,"indirect":0,"writing-device":0}},{"id":"매일삶은족발","permalink":"","username":"asdfg","text":"매콤한 족발 맛있어요~~~~","date":"Mon Dec 10 23:59:44 +0000 2018","retweets":"30","favorites":"20","mentions":[],"hashtags":[],"geo":"","raw":"매콤한 족발 맛있어요~~~~","polarity":{"com":0.012012012,"pos":0.3063063065,"neg":0.653153153,"neut":0.0165165165,"none":0.012012012},"intensity":{"high":0.057057057,"low":0.042042042,"meium":0.8873873875,"none":0.0135135135},"expressive":{"dir-action":0.0015015015000000005,"dir-explicit":0.15615615600000002,"dir-speech":0.5450450450000001,"indirect":0.28378378400000004,"writing-device":0.013513513500000003}},{"id":"매일삶은족발","permalink":"","username":"asdfg","text":"배달 시킬만 합니다~~~~~","date":"Mon Dec 10 23:59:44 +0000 2018","retweets":"30","favorites":"20","mentions":[],"hashtags":[],"geo":"","raw":"배달 시킬만 합니다~~~~~","polarity":{"com":0,"pos":0.7916666665000001,"neg":0,"neut":0,"none":0.2083333335},"intensity":{"high":0.0416666665,"low":0,"meium":0.75,"none":0.2083333335},"expressive":{"dir-action":0,"dir-explicit":0.1666666665,"dir-speech":0.5,"indirect":0.125,"writing-device":0.2083333335}},{"id":"매일삶은족발","permalink":"","username":"asdfg","text":"양념맛있게 잘 배어있어요","date":"Mon Dec 10 23:59:44 +0000 2018","retweets":"30","favorites":"20","mentions":[],"hashtags":[],"geo":"","raw":"양념맛있게 잘 배어있어요","polarity":{"com":0.002976190334325397,"pos":0.3511904761170635,"neg":0.4583333334861111,"neut":0.03571428567857143,"none":0.15178571438392857},"intensity":{"high":0.01488095233333333,"low":0.08928571433333331,"meium":0.744047619,"none":0.15178571433333332},"expressive":{"dir-action":0,"dir-explicit":0.13690476166666662,"dir-speech":0.44940476199999996,"indirect":0.26190476199999996,"writing-device":0.15178571433333332}},{"id":"매일삶은족발","permalink":"","username":"asdfg","text":"매운데 맛있네요~~~~","date":"Mon Dec 10 23:59:44 +0000 2018","retweets":"30","favorites":"20","mentions":[],"hashtags":[],"geo":"","raw":"매운데 맛있네요~~~~","polarity":{"com":0,"pos":0,"neg":1,"neut":0,"none":0},"intensity":{"high":0,"low":0,"meium":1,"none":0},"expressive":{"dir-action":0,"dir-explicit":0,"dir-speech":1,"indirect":0,"writing-device":0}},{"id":"매일삶은족발","permalink":"","username":"asdfg","text":"배달 빠름~~~~~~~","date":"Mon Dec 10 23:59:44 +0000 2018","retweets":"30","favorites":"20","mentions":[],"hashtags":[],"geo":"","raw":"배달 빠름~~~~~~~","polarity":{"com":0.045454545500000006,"pos":0.7954545455,"neg":0.13636363650000002,"neut":0,"none":0.022727272500000003},"intensity":{"high":0.022727272511363635,"low":0.06818181803409092,"meium":0.8863636369431818,"none":0.022727272511363635},"expressive":{"dir-action":0,"dir-explicit":0.13636363650000002,"dir-speech":0.5454545455,"indirect":0.29545454550000005,"writing-device":0.022727272500000003}},{"id":"매일삶은족발","permalink":"","username":"asdfg","text":"질리지 않고 맛나요~~~~","date":"Mon Dec 10 23:59:44 +0000 2018","retweets":"30","favorites":"20","mentions":[],"hashtags":[],"geo":"","raw":"질리지 않고 맛나요~~~~","polarity":{"com":0,"pos":1,"neg":0,"neut":0,"none":0},"intensity":{"high":0,"low":0,"meium":1,"none":0},"expressive":{"dir-action":0,"dir-explicit":0,"dir-speech":1,"indirect":0,"writing-device":0}},{"id":"매일삶은족발","permalink":"","username":"asdfg","text":"족발시킴 션한 맥주랑 즐겨요","date":"Mon Dec 10 23:59:44 +0000 2018","retweets":"30","favorites":"20","mentions":[],"hashtags":[],"geo":"","raw":"족발시킴 션한 맥주랑 즐겨요","polarity":{"com":0.006451612999999999,"pos":0.653524492,"neg":0.30274790933333334,"neut":0.027956989333333335,"none":0.009318996333333334},"intensity":{"high":0.15770609328076463,"low":0.057228195980923935,"meium":0.7750298684083234,"none":0.010035842329988052},"expressive":{"dir-action":0.02066905633333333,"dir-explicit":0.40095579466666664,"dir-speech":0.17228195933333332,"indirect":0.3967741933333333,"writing-device":0.009318996333333333}},{"id":"매일삶은족발","permalink":"","username":"asdfg","text":"불족발 매콤하니 입안 얼얼","date":"Mon Dec 10 23:59:44 +0000 2018","retweets":"30","favorites":"20","mentions":[],"hashtags":[],"geo":"","raw":"불족발 매콤하니 입안 얼얼","polarity":{"com":0.008008008,"pos":0.2875375376666667,"neg":0.6854354353333333,"neut":0.011011011000000001,"none":0.008008008},"intensity":{"high":0.20470470466666668,"low":0.028028028,"meium":0.7582582583333334,"none":0.009009009},"expressive":{"dir-action":0.0010010010000000003,"dir-explicit":0.4374374373333334,"dir-speech":0.28003003000000004,"indirect":0.2725225226666667,"writing-device":0.009009009}},{"id":"매일삶은족발","permalink":"","username":"asdfg","text":"잡내잘 잡았네요~~~~~","date":"Mon Dec 10 23:59:44 +0000 2018","retweets":"30","favorites":"20","mentions":[],"hashtags":[],"geo":"","raw":"잡내잘 잡았네요~~~~~","polarity":{"com":0,"pos":0.6071428573035714,"neg":0.35714285717857147,"neut":0.035714285517857144,"none":0},"intensity":{"high":0,"low":0.107142857,"meium":0.8928571430000001,"none":0},"expressive":{"dir-action":0,"dir-explicit":0.27380952363690475,"dir-speech":0.23809523811904762,"indirect":0.4880952382440476,"writing-device":0}},{"id":"매일삶은족발","permalink":"","username":"asdfg","text":"이만하면 인정받겠어요~~~","date":"Mon Dec 10 23:59:44 +0000 2018","retweets":"30","favorites":"20","mentions":[],"hashtags":[],"geo":"","raw":"이만하면 인정받겠어요~~~","polarity":{"com":0.0057471265,"pos":0.66091954,"neg":0.2011494255,"neut":0.0344827585,"none":0.0977011495},"intensity":{"high":0.05747126447126437,"low":0.0632183909683908,"meium":0.775862068612069,"none":0.10344827594827587},"expressive":{"dir-action":0.005747126502873563,"dir-explicit":0.58045977029023,"dir-speech":0.20689655160344828,"indirect":0.09195402304597701,"writing-device":0.11494252855747127}},{"id":"매일삶은족발","permalink":"","username":"asdfg","text":"강남 최고 맛집이 되시길~~~~~","date":"Mon Dec 10 23:59:44 +0000 2018","retweets":"30","favorites":"20","mentions":[],"hashtags":[],"geo":"","raw":"강남 최고 맛집이 되시길~~~~~","polarity":{"com":0,"pos":0.4212962963333333,"neg":0.5787037036666667,"neut":0,"none":0},"intensity":{"high":0.2592592593333333,"low":0.041666666666666664,"meium":0.699074074,"none":0},"expressive":{"dir-action":0,"dir-explicit":0.08333333333333333,"dir-speech":0.4166666666666667,"indirect":0.5,"writing-device":0}},{"id":"매일삶은족발","permalink":"","username":"asdfg","text":"보쌈 대짜로 즐저했어요","date":"Mon Dec 10 23:59:44 +0000 2018","retweets":"30","favorites":"20","mentions":[],"hashtags":[],"geo":"","raw":"보쌈 대짜로 즐저했어요","polarity":{"com":0.011494253,"pos":0.32183908,"neg":0.402298851,"neut":0.068965517,"none":0.195402299},"intensity":{"high":0.11494252888505746,"low":0.1264367818735632,"meium":0.5517241374482758,"none":0.20689655179310346},"expressive":{"dir-action":0.011494253011494253,"dir-explicit":0.16091954016091956,"dir-speech":0.4137931034137931,"indirect":0.18390804618390805,"writing-device":0.2298850572298851}},{"id":"매일삶은족발","permalink":"","username":"asdfg","text":"삼겹정식 굿 아이디어 ~~~~","date":"Mon Dec 10 23:59:44 +0000 2018","retweets":"30","favorites":"20","mentions":[],"hashtags":[],"geo":"","raw":"삼겹정식 굿 아이디어 ~~~~","polarity":{"com":0,"pos":1,"neg":0,"neut":0,"none":0},"intensity":{"high":0,"low":0,"meium":1,"none":0},"expressive":{"dir-action":0,"dir-explicit":0,"dir-speech":0,"indirect":1,"writing-device":0}},{"id":"매일삶은족발","permalink":"","username":"asdfg","text":"맛 괜찮았어요~~~~","date":"Mon Dec 10 23:59:44 +0000 2018","retweets":"30","favorites":"20","mentions":[],"hashtags":[],"geo":"","raw":"맛 괜찮았어요~~~~","polarity":{"com":0,"pos":1,"neg":0,"neut":0,"none":0},"intensity":{"high":0,"low":0,"meium":1,"none":0},"expressive":{"dir-action":0,"dir-explicit":0,"dir-speech":1,"indirect":0,"writing-device":0}},{"id":"매일삶은족발","permalink":"","username":"asdfg","text":"보쌈 좋아해서 먹어봤는데 나름 괜찮았어요","date":"Mon Dec 10 23:59:44 +0000 2018","retweets":"30","favorites":"20","mentions":[],"hashtags":[],"geo":"","raw":"보쌈 좋아해서 먹어봤는데 나름 괜찮았어요","polarity":{"com":0,"pos":0.7777777776666667,"neg":0.22222222233333333,"neut":0,"none":0},"intensity":{"high":0.037037037,"low":0.074074074,"meium":0.888888889,"none":0},"expressive":{"dir-action":0,"dir-explicit":0.40740740733333336,"dir-speech":0.37037037033333337,"indirect":0.22222222233333333,"writing-device":0}},{"id":"매일삶은족발","permalink":"","username":"asdfg","text":"배달시켜 먹길 잘한듯~~~","date":"Mon Dec 10 23:59:44 +0000 2018","retweets":"30","favorites":"20","mentions":[],"hashtags":[],"geo":"","raw":"배달시켜 먹길 잘한듯~~~","polarity":{"com":0.011146496752786625,"pos":0.6032377919008095,"neg":0.3328025478332006,"neut":0.011146496752786625,"none":0.041666666760416665},"intensity":{"high":0.06121726823469568,"low":0.12747699921813074,"meium":0.7696390658075902,"none":0.04166666673958333},"expressive":{"dir-action":0.0031847134984076433,"dir-explicit":0.19594833690202582,"dir-speech":0.6073956119463022,"indirect":0.15021231417489384,"writing-device":0.04325902347837049}},{"id":"매일삶은족발","permalink":"","username":"asdfg","text":"퍽퍽하지않아서 맛있어요","date":"Mon Dec 10 23:59:44 +0000 2018","retweets":"30","favorites":"20","mentions":[],"hashtags":[],"geo":"","raw":"퍽퍽하지않아서 맛있어요","polarity":{"com":0.0057471265,"pos":0.16091954,"neg":0.7011494255,"neut":0.0344827585,"none":0.0977011495},"intensity":{"high":0.05747126447126437,"low":0.0632183909683908,"meium":0.775862068612069,"none":0.10344827594827587},"expressive":{"dir-action":0.005747126502873563,"dir-explicit":0.08045977004022989,"dir-speech":0.7068965518534482,"indirect":0.09195402304597701,"writing-device":0.11494252855747127}},{"id":"매일삶은족발","permalink":"","username":"asdfg","text":"잡내도 잘잡은듯 향  좋았구요","date":"Mon Dec 10 23:59:44 +0000 2018","retweets":"30","favorites":"20","mentions":[],"hashtags":[],"geo":"","raw":"잡내도 잘잡은듯 향  좋았구요","polarity":{"com":0,"pos":0.7114285715704762,"neg":0.1958730157319577,"neut":0.023809523674603178,"none":0.06888888902296297},"intensity":{"high":0.06666666664444444,"low":0.1403174602865608,"meium":0.7241269840919577,"none":0.06888888897703703},"expressive":{"dir-action":0,"dir-explicit":0.326984127,"dir-speech":0.22539682533333336,"indirect":0.3787301586666667,"writing-device":0.06888888900000001}},{"id":"매일삶은족발","permalink":"","username":"asdfg","text":"가격착합니다~~~~~","date":"Mon Dec 10 23:59:44 +0000 2018","retweets":"30","favorites":"20","mentions":[],"hashtags":[],"geo":"","raw":"가격착합니다~~~~~","polarity":{"com":0,"pos":1,"neg":0,"neut":0,"none":0},"intensity":{"high":0,"low":0,"meium":1,"none":0},"expressive":{"dir-action":0,"dir-explicit":0,"dir-speech":0,"indirect":1,"writing-device":0}},{"id":"매일삶은족발","permalink":"","username":"asdfg","text":"따뜻하니 좋았습니다~~~~","date":"Mon Dec 10 23:59:44 +0000 2018","retweets":"30","favorites":"20","mentions":[],"hashtags":[],"geo":"","raw":"따뜻하니 좋았습니다~~~~","polarity":{"com":0,"pos":0.96,"neg":0.02,"neut":0,"none":0.02},"intensity":{"high":0.1,"low":0.02,"meium":0.86,"none":0.02},"expressive":{"dir-action":0,"dir-explicit":0.3,"dir-speech":0.1,"indirect":0.58,"writing-device":0.02}},{"id":"매일삶은족발","permalink":"","username":"asdfg","text":"양도많이주니 좋아요~~~~","date":"Mon Dec 10 23:59:44 +0000 2018","retweets":"30","favorites":"20","mentions":[],"hashtags":[],"geo":"","raw":"양도많이주니 좋아요~~~~","polarity":{"com":0,"pos":0.6266666665,"neg":0.297777778,"neut":0.0555555555,"none":0.02},"intensity":{"high":0.1,"low":0.297777778,"meium":0.582222222,"none":0.02},"expressive":{"dir-action":0,"dir-explicit":0.411111111,"dir-speech":0.377777778,"indirect":0.191111111,"writing-device":0.02}}]