[{"id":"송이족발-성내동","permalink":"","username":"asdfg","text":"먹을만합니다.\n맛있게먹었어요","date":"Mon Dec 10 23:59:44 +0000 2018","retweets":"30","favorites":"20","mentions":[],"hashtags":[],"geo":"","raw":"먹을만합니다.\n맛있게먹었어요","polarity":{"com":0,"pos":0.333333333,"neg":0.666666667,"neut":0,"none":0},"intensity":{"high":0.111111111,"low":0.222222222,"meium":0.666666667,"none":0},"expressive":{"dir-action":0,"dir-explicit":0.222222222,"dir-speech":0.777777778,"indirect":0,"writing-device":0}},{"id":"송이족발-성내동","permalink":"","username":"asdfg","text":"사장님~~너무 잘먹고 있습니다.\n맛은 익히 알고 있던터라. 오늘도 실망시키지 않네요.족발이 입에서 녹네요. ^^\n주먹밥막국수 셋트는 오늘 처음시켜봤는데 막국수가 새콤달콤 맛있네요. 쿨피스대신 야채랑 무김치 많이 주신것 감사드려요.^^ 대박나세요~~","date":"Mon Dec 10 23:59:44 +0000 2018","retweets":"30","favorites":"20","mentions":[],"hashtags":[],"geo":"","raw":"사장님~~너무 잘먹고 있습니다.\n맛은 익히 알고 있던터라. 오늘도 실망시키지 않네요.족발이 입에서 녹네요. ^^\n주먹밥막국수 셋트는 오늘 처음시켜봤는데 막국수가 새콤달콤 맛있네요. 쿨피스대신 야채랑 무김치 많이 주신것 감사드려요.^^ 대박나세요~~","polarity":{"com":0.026097200996271826,"pos":0.4390131535801409,"neg":0.35103446137842365,"neut":0.03201863206685448,"none":0.1518365519783091},"intensity":{"high":0.07541163907142857,"low":0.11364006421428571,"meium":0.6581593262857144,"none":0.15278897042857145},"expressive":{"dir-action":0.004282917285102441,"dir-explicit":0.30963143295576695,"dir-speech":0.36310011359098565,"indirect":0.1631503382624071,"writing-device":0.15983519790573786}},{"id":"송이족발-성내동","permalink":"","username":"asdfg","text":"정말맛있습니다.막수도불지도않고맵지도않고맛나네요~배달도무지빠르고.강.추드립니다","date":"Mon Dec 10 23:59:44 +0000 2018","retweets":"30","favorites":"20","mentions":[],"hashtags":[],"geo":"","raw":"정말맛있습니다.막수도불지도않고맵지도않고맛나네요~배달도무지빠르고.강.추드립니다","polarity":{"com":0.0028571428,"pos":0.6357142856,"neg":0.13142857160000002,"neut":0.0057142856,"none":0.22428571440000003},"intensity":{"high":0.15714285719999999,"low":0.1123809522,"meium":0.5061904762,"none":0.22428571440000003},"expressive":{"dir-action":0,"dir-explicit":0.17428571433028572,"dir-speech":0.369999999852,"indirect":0.2342857143062857,"writing-device":0.22142857151142856}},{"id":"송이족발-성내동","permalink":"","username":"asdfg","text":"정말 만족합니다. 또 시킬게요~","date":"Mon Dec 10 23:59:44 +0000 2018","retweets":"30","favorites":"20","mentions":[],"hashtags":[],"geo":"","raw":"정말 만족합니다. 또 시킬게요~","polarity":{"com":0.006451612997849462,"pos":0.46966205817677936,"neg":0.26041986691319335,"neut":0.027956989324014338,"none":0.2355094725881635},"intensity":{"high":0.21326164866666666,"low":0.03870967733333333,"meium":0.5118023553333333,"none":0.23622631866666666},"expressive":{"dir-action":0.002150537666666667,"dir-explicit":0.31894521266666664,"dir-speech":0.27677931399999994,"indirect":0.11899641566666667,"writing-device":0.28312852}},{"id":"송이족발-성내동","permalink":"","username":"asdfg","text":"맛있습니다 양도 혼자먹기에누많았을정도입니다","date":"Mon Dec 10 23:59:44 +0000 2018","retweets":"30","favorites":"20","mentions":[],"hashtags":[],"geo":"","raw":"맛있습니다 양도 혼자먹기에누많았을정도입니다","polarity":{"com":0.0014285714,"pos":0.18778467899999998,"neg":0.5120910974,"neut":0.051552795000000005,"none":0.24714285719999998},"intensity":{"high":0.10296756382059352,"low":0.11077984802215597,"meium":0.539109730907822,"none":0.24714285724942855},"expressive":{"dir-action":0,"dir-explicit":0.22593512760000004,"dir-speech":0.4590338164,"indirect":0.0693167702,"writing-device":0.24571428580000002}},{"id":"송이족발-성내동","permalink":"","username":"asdfg","text":"양이 생각보다 많앗음","date":"Mon Dec 10 23:59:44 +0000 2018","retweets":"30","favorites":"20","mentions":[],"hashtags":[],"geo":"","raw":"양이 생각보다 많앗음","polarity":{"com":0,"pos":0.375,"neg":0.333333333,"neut":0.25,"none":0.041666667},"intensity":{"high":0.083333333,"low":0.25,"meium":0.625,"none":0.041666667},"expressive":{"dir-action":0,"dir-explicit":0.375,"dir-speech":0.458333333,"indirect":0.125,"writing-device":0.041666667}},{"id":"송이족발-성내동","permalink":"","username":"asdfg","text":"너무 맛있어요 족발초짜인 나도 몇번째 시킴","date":"Mon Dec 10 23:59:44 +0000 2018","retweets":"30","favorites":"20","mentions":[],"hashtags":[],"geo":"","raw":"너무 맛있어요 족발초짜인 나도 몇번째 시킴","polarity":{"com":0.047619047666666664,"pos":0.529100529,"neg":0.4232804233333333,"neut":0,"none":0},"intensity":{"high":0.10317460329894179,"low":0.06613756631128749,"meium":0.8306878303897708,"none":0},"expressive":{"dir-action":0.018518518666666667,"dir-explicit":0.32010582,"dir-speech":0.16931216933333335,"indirect":0.49206349200000005,"writing-device":0}},{"id":"송이족발-성내동","permalink":"","username":"asdfg","text":"괜차낫어요다음에또시킬게요","date":"Mon Dec 10 23:59:44 +0000 2018","retweets":"30","favorites":"20","mentions":[],"hashtags":[],"geo":"","raw":"괜차낫어요다음에또시킬게요","polarity":{"com":null,"pos":null,"neg":null,"neut":null,"none":null},"intensity":{"high":null,"low":null,"meium":null,"none":null},"expressive":{"dir-action":null,"dir-explicit":null,"dir-speech":null,"indirect":null,"writing-device":null}},{"id":"송이족발-성내동","permalink":"","username":"asdfg","text":"중자시켰는데양이좀작은듯 \n뼈다귀빼고나니까  헐\n여긴 쟁반국수안줘서 \n섭섭했어요\n족발 쟁번국수 는 셋트죠","date":"Mon Dec 10 23:59:44 +0000 2018","retweets":"30","favorites":"20","mentions":[],"hashtags":[],"geo":"","raw":"중자시켰는데양이좀작은듯 \n뼈다귀빼고나니까  헐\n여긴 쟁반국수안줘서 \n섭섭했어요\n족발 쟁번국수 는 셋트죠","polarity":{"com":0.0019354839001935482,"pos":0.6193906809619392,"neg":0.3174910394317491,"neut":0.04172043010417204,"none":0.019462365601946235},"intensity":{"high":0.10397849457920431,"low":0.24050179215189968,"meium":0.6358422938728315,"none":0.01967741939606452},"expressive":{"dir-action":0.0062007169,"dir-explicit":0.4169534051,"dir-speech":0.2816845878,"indirect":0.2756989246,"writing-device":0.019462365599999996}},{"id":"송이족발-성내동","permalink":"","username":"asdfg","text":"맛있어요~~^^  그러나 배달은 너무 오래 걸려서 기다리다가 목 빠지는줄 ~~^^","date":"Mon Dec 10 23:59:44 +0000 2018","retweets":"30","favorites":"20","mentions":[],"hashtags":[],"geo":"","raw":"맛있어요~~^^  그러나 배달은 너무 오래 걸려서 기다리다가 목 빠지는줄 ~~^^","polarity":{"com":0.020408163285714286,"pos":0.44897959185714287,"neg":0.5306122448571429,"neut":0,"none":0},"intensity":{"high":0.020408163285714286,"low":0.16326530614285714,"meium":0.8163265305714286,"none":0},"expressive":{"dir-action":0.14285714285714285,"dir-explicit":0.081632653,"dir-speech":0.3265306122857143,"indirect":0.306122449,"writing-device":0.14285714285714285}},{"id":"송이족발-성내동","permalink":"","username":"asdfg","text":"불족발 너무 맛있어요~~^^  다른건 못 먹겠어여~ ㅋ","date":"Mon Dec 10 23:59:44 +0000 2018","retweets":"30","favorites":"20","mentions":[],"hashtags":[],"geo":"","raw":"불족발 너무 맛있어요~~^^  다른건 못 먹겠어여~ ㅋ","polarity":{"com":0.047619047666666664,"pos":0.17261904766666666,"neg":0.7797619046666666,"neut":0,"none":0},"intensity":{"high":0.17261904766666666,"low":0.047619047666666664,"meium":0.7797619046666666,"none":0},"expressive":{"dir-action":0,"dir-explicit":0.607142857,"dir-speech":0.17857142866666664,"indirect":0.21428571433333332,"writing-device":0}},{"id":"송이족발-성내동","permalink":"","username":"asdfg","text":"맛있어요 밑반찬둥 맛있구요 아쉬운점은 양이 적었어요 😁","date":"Mon Dec 10 23:59:44 +0000 2018","retweets":"30","favorites":"20","mentions":[],"hashtags":[],"geo":"","raw":"맛있어요 밑반찬둥 맛있구요 아쉬운점은 양이 적었어요 😁","polarity":{"com":0,"pos":0.11111111103703702,"neg":0.6666666668888888,"neut":0.11111111103703702,"none":0.11111111103703702},"intensity":{"high":0,"low":0,"meium":0.888888889,"none":0.111111111},"expressive":{"dir-action":0,"dir-explicit":0.22222222233333333,"dir-speech":0.6666666666666666,"indirect":0,"writing-device":0.111111111}},{"id":"송이족발-성내동","permalink":"","username":"asdfg","text":"항상 맛있게 잘먹고 있습니다","date":"Mon Dec 10 23:59:44 +0000 2018","retweets":"30","favorites":"20","mentions":[],"hashtags":[],"geo":"","raw":"항상 맛있게 잘먹고 있습니다","polarity":{"com":0,"pos":0.8571428574285714,"neg":0.10714285705357143,"neut":0.035714285517857144,"none":0},"intensity":{"high":0,"low":0.107142857,"meium":0.8928571430000001,"none":0},"expressive":{"dir-action":0,"dir-explicit":0.357142857,"dir-speech":0.3214285715,"indirect":0.3214285715,"writing-device":0}},{"id":"송이족발-성내동","permalink":"","username":"asdfg","text":"맛있어요! 존맛탱ㅜㅜ","date":"Mon Dec 10 23:59:44 +0000 2018","retweets":"30","favorites":"20","mentions":[],"hashtags":[],"geo":"","raw":"맛있어요! 존맛탱ㅜㅜ","polarity":{"com":0,"pos":0.5,"neg":0.5,"neut":0,"none":0},"intensity":{"high":0,"low":0,"meium":1,"none":0},"expressive":{"dir-action":0,"dir-explicit":0,"dir-speech":1,"indirect":0,"writing-device":0}},{"id":"송이족발-성내동","permalink":"","username":"asdfg","text":"맛 양 모두 훌륭합니다!!","date":"Mon Dec 10 23:59:44 +0000 2018","retweets":"30","favorites":"20","mentions":[],"hashtags":[],"geo":"","raw":"맛 양 모두 훌륭합니다!!","polarity":{"com":0.008008007999999999,"pos":0.8708708709999999,"neg":0.10210210199999997,"neut":0.011011011,"none":0.008008007999999999},"intensity":{"high":0.038038038,"low":0.028028028,"meium":0.924924925,"none":0.009009009},"expressive":{"dir-action":0.0010010010000000003,"dir-explicit":0.104104104,"dir-speech":0.6966966966666668,"indirect":0.18918918933333334,"writing-device":0.009009009}},{"id":"송이족발-성내동","permalink":"","username":"asdfg","text":"양호합니다.\n불족발에 콜라겐보다 설이 많네요.\n저는 콜라겐을 더 젛아해서 아쉽지만\n후회할 선택은 아닐겁니다.\n막국수도 괜찮았어요. 얼음 넣어서 주시는 센스 ㅋㅋ","date":"Mon Dec 10 23:59:44 +0000 2018","retweets":"30","favorites":"20","mentions":[],"hashtags":[],"geo":"","raw":"양호합니다.\n불족발에 콜라겐보다 설이 많네요.\n저는 콜라겐을 더 젛아해서 아쉽지만\n후회할 선택은 아닐겁니다.\n막국수도 괜찮았어요. 얼음 넣어서 주시는 센스 ㅋㅋ","polarity":{"com":0.0073326210006666,"pos":0.3476998365770636,"neg":0.4902611802263873,"neut":0.03153439418468495,"none":0.12317196801119742},"intensity":{"high":0.05215682954545455,"low":0.12337609072727274,"meium":0.7009041048181818,"none":0.12356297490909092},"expressive":{"dir-action":0.0011730205453479071,"dir-explicit":0.23318331334243786,"dir-speech":0.45365781932239474,"indirect":0.18477347471047512,"writing-device":0.12721237207934433}},{"id":"송이족발-성내동","permalink":"","username":"asdfg","text":"진짜 지금까지 먹어본 족발중에 제일 맛있어요........\n진짜 최고에요 살살녹아요 ㅠㅠㅠㅠㅠㅠㅠ 진짜 레시피 훔쳐서 만들어먹고싶다 ㅜㅜ","date":"Mon Dec 10 23:59:44 +0000 2018","retweets":"30","favorites":"20","mentions":[],"hashtags":[],"geo":"","raw":"진짜 지금까지 먹어본 족발중에 제일 맛있어요........\n진짜 최고에요 살살녹아요 ㅠㅠㅠㅠㅠㅠㅠ 진짜 레시피 훔쳐서 만들어먹고싶다 ㅜㅜ","polarity":{"com":0.005208333374348958,"pos":0.5545114606806861,"neg":0.3298125485837734,"neut":0.020032051247495995,"none":0.09043560611369554},"intensity":{"high":0.14898989901862375,"low":0.09515831376189479,"meium":0.6597343629574668,"none":0.09611742426201468},"expressive":{"dir-action":0,"dir-explicit":0.3468337219183542,"dir-speech":0.38630293317328784,"indirect":0.16553758739569222,"writing-device":0.10132575751266572}},{"id":"송이족발-성내동","permalink":"","username":"asdfg","text":"너무나도 맛이이써연","date":"Mon Dec 10 23:59:44 +0000 2018","retweets":"30","favorites":"20","mentions":[],"hashtags":[],"geo":"","raw":"너무나도 맛이이써연","polarity":{"com":0.010279001333333333,"pos":0.35602723266666664,"neg":0.5710853023333333,"neut":0.05967160599999999,"none":0.0029368576666666665},"intensity":{"high":0.3988786544662928,"low":0.07435589369145196,"meium":0.5223601655074533,"none":0.004405286334801761},"expressive":{"dir-action":0.03177145901059048,"dir-explicit":0.5016686691672229,"dir-speech":0.30222934176740973,"indirect":0.15992524371997505,"writing-device":0.004405286334801761}},{"id":"송이족발-성내동","permalink":"","username":"asdfg","text":"직화불족발은 맛있는데 마늘족발은 별로네요..\n간이 쎄지 않아서 좋아요","date":"Mon Dec 10 23:59:44 +0000 2018","retweets":"30","favorites":"20","mentions":[],"hashtags":[],"geo":"","raw":"직화불족발은 맛있는데 마늘족발은 별로네요..\n간이 쎄지 않아서 좋아요","polarity":{"com":0.014237288249999999,"pos":0.45898305075,"neg":0.4998305085,"neut":0.00847457625,"none":0.01847457625},"intensity":{"high":0.10542372877635592,"low":0.07389830501847455,"meium":0.8022033899505508,"none":0.01847457625461864},"expressive":{"dir-action":0,"dir-explicit":0.26779661025,"dir-speech":0.4898305085,"indirect":0.223898305,"writing-device":0.01847457625}},{"id":"송이족발-성내동","permalink":"","username":"asdfg","text":"쫀득쫀득 맛나게 잘 먹었어용\n양이 쪼금 아쉽긴 하지만\n간만에 맛잇는 족발 먹었네용","date":"Mon Dec 10 23:59:44 +0000 2018","retweets":"30","favorites":"20","mentions":[],"hashtags":[],"geo":"","raw":"쫀득쫀득 맛나게 잘 먹었어용\n양이 쪼금 아쉽긴 하지만\n간만에 맛잇는 족발 먹었네용","polarity":{"com":0.00229885060045977,"pos":0.47389162549477837,"neg":0.45665024649133007,"neut":0.028078817605615765,"none":0.03908045980781609},"intensity":{"high":0.04521072799095786,"low":0.11258894357748221,"meium":0.8008210180398359,"none":0.04137931039172414},"expressive":{"dir-action":0.00229885060045977,"dir-explicit":0.1194854952238971,"dir-speech":0.46688560489337716,"indirect":0.3653530378730706,"writing-device":0.045977011409195405}},{"id":"송이족발-성내동","permalink":"","username":"asdfg","text":"정말로 맛이 굿이네연","date":"Mon Dec 10 23:59:44 +0000 2018","retweets":"30","favorites":"20","mentions":[],"hashtags":[],"geo":"","raw":"정말로 맛이 굿이네연","polarity":{"com":0,"pos":1,"neg":0,"neut":0,"none":0},"intensity":{"high":0,"low":0,"meium":1,"none":0},"expressive":{"dir-action":0,"dir-explicit":0,"dir-speech":0.5,"indirect":0.5,"writing-device":0}},{"id":"송이족발-성내동","permalink":"","username":"asdfg","text":"8살아들도 부드럽다고 맛있게 잘먹고  직화마늘불족발도 너무 맛있네여!!배달도 항상빠르고 잘먹었습니다","date":"Mon Dec 10 23:59:44 +0000 2018","retweets":"30","favorites":"20","mentions":[],"hashtags":[],"geo":"","raw":"8살아들도 부드럽다고 맛있게 잘먹고  직화마늘불족발도 너무 맛있네여!!배달도 항상빠르고 잘먹었습니다","polarity":{"com":0.004285714273506494,"pos":0.4123809523477056,"neg":0.5294372295508067,"neut":0.014285714184415585,"none":0.03961038964356552},"intensity":{"high":0.05419913418181819,"low":0.060259740181818185,"meium":0.845930736,"none":0.039610389636363645},"expressive":{"dir-action":0,"dir-explicit":0.27099567097536403,"dir-speech":0.5108225107717435,"indirect":0.17922077925643448,"writing-device":0.03896103899645809}},{"id":"송이족발-성내동","permalink":"","username":"asdfg","text":"두번째 시켜먹엇는데 여전히 맛은  짱입니다🤗","date":"Mon Dec 10 23:59:44 +0000 2018","retweets":"30","favorites":"20","mentions":[],"hashtags":[],"geo":"","raw":"두번째 시켜먹엇는데 여전히 맛은  짱입니다🤗","polarity":{"com":0.007625272333333333,"pos":0.3952069716666667,"neg":0.15925925933333332,"neut":0.030501089333333332,"none":0.40740740733333336},"intensity":{"high":0.10915032670305011,"low":0.09389978203129994,"meium":0.3895424837965141,"none":0.40740740746913584},"expressive":{"dir-action":0,"dir-explicit":0.3394335513333333,"dir-speech":0.13420479300000002,"indirect":0.11241830066666668,"writing-device":0.413943355}},{"id":"송이족발-성내동","permalink":"","username":"asdfg","text":"굿.","date":"Mon Dec 10 23:59:44 +0000 2018","retweets":"30","favorites":"20","mentions":[],"hashtags":[],"geo":"","raw":"굿..............","polarity":{"com":0,"pos":1,"neg":0,"neut":0,"none":0},"intensity":{"high":0,"low":0,"meium":1,"none":0},"expressive":{"dir-action":0,"dir-explicit":0,"dir-speech":0,"indirect":1,"writing-device":0}},{"id":"송이족발-성내동","permalink":"","username":"asdfg","text":"부드럽고 냄새 안 나고 핳노 적당하고 배달도 빠르네요","date":"Mon Dec 10 23:59:44 +0000 2018","retweets":"30","favorites":"20","mentions":[],"hashtags":[],"geo":"","raw":"부드럽고 냄새 안 나고 핳노 적당하고 배달도 빠르네요","polarity":{"com":0,"pos":0.7857142856666667,"neg":0.21428571433333332,"neut":0,"none":0},"intensity":{"high":0.1785714285,"low":0.0555555555,"meium":0.765873016,"none":0},"expressive":{"dir-action":0,"dir-explicit":0.20238095233333334,"dir-speech":0.1904761905,"indirect":0.6071428571666667,"writing-device":0}},{"id":"송이족발-성내동","permalink":"","username":"asdfg","text":"거의 주말 와이프랑 시켜 먹는데 브랜드 프랜차이즈랑은 맛도 달라서 맛있게.잘 먹습니다 여러번 시켜먹엇는데 와이프가 리뷰좀 쓰라그래서 처음으로 남기네요","date":"Mon Dec 10 23:59:44 +0000 2018","retweets":"30","favorites":"20","mentions":[],"hashtags":[],"geo":"","raw":"거의 주말 와이프랑 시켜 먹는데 브랜드 프랜차이즈랑은 맛도 달라서 맛있게.잘 먹습니다 여러번 시켜먹엇는데 와이프가 리뷰좀 쓰라그래서 처음으로 남기네요","polarity":{"com":0.014610389636363635,"pos":0.5094155844545454,"neg":0.3596320346363636,"neut":0.02516233763636364,"none":0.09117965363636364},"intensity":{"high":0.10728715736363635,"low":0.06760461754545455,"meium":0.7482683982727273,"none":0.07683982681818181},"expressive":{"dir-action":0,"dir-explicit":0.2739898989750918,"dir-speech":0.4775793651384018,"indirect":0.17240259743887248,"writing-device":0.0760281384476338}},{"id":"송이족발-성내동","permalink":"","username":"asdfg","text":"최고의 인생맛집","date":"Mon Dec 10 23:59:44 +0000 2018","retweets":"30","favorites":"20","mentions":[],"hashtags":[],"geo":"","raw":"최고의 인생맛집","polarity":{"com":0,"pos":1,"neg":0,"neut":0,"none":0},"intensity":{"high":0.5,"low":0,"meium":0.5,"none":0},"expressive":{"dir-action":0,"dir-explicit":0,"dir-speech":0.5,"indirect":0.5,"writing-device":0}},{"id":"송이족발-성내동","permalink":"","username":"asdfg","text":"맛있어요 담에 또 주문할께요","date":"Mon Dec 10 23:59:44 +0000 2018","retweets":"30","favorites":"20","mentions":[],"hashtags":[],"geo":"","raw":"맛있어요 담에 또 주문할께요","polarity":{"com":0.006451612997849463,"pos":0.21966205826011267,"neg":0.5937532001354157,"neut":0.02795698932401434,"none":0.15217613928260798},"intensity":{"high":0.046594982,"low":0.03870967733333333,"meium":0.7618023553333333,"none":0.15289298533333334},"expressive":{"dir-action":0.002150537666666667,"dir-explicit":0.15227854600000001,"dir-speech":0.526779314,"indirect":0.11899641566666667,"writing-device":0.19979518666666665}},{"id":"송이족발-성내동","permalink":"","username":"asdfg","text":"최고의 맛집!!!!  무조건 강추!!!!","date":"Mon Dec 10 23:59:44 +0000 2018","retweets":"30","favorites":"20","mentions":[],"hashtags":[],"geo":"","raw":"최고의 맛집!!!!  무조건 강추!!!!","polarity":{"com":0,"pos":0.75,"neg":0.25,"neut":0,"none":0},"intensity":{"high":0.5,"low":0.0833333335,"meium":0.4166666665,"none":0},"expressive":{"dir-action":0,"dir-explicit":0,"dir-speech":0.5,"indirect":0.5,"writing-device":0}},{"id":"송이족발-성내동","permalink":"","username":"asdfg","text":"맛있게잘먹엇습니다","date":"Mon Dec 10 23:59:44 +0000 2018","retweets":"30","favorites":"20","mentions":[],"hashtags":[],"geo":"","raw":"맛있게잘먹엇습니다","polarity":{"com":null,"pos":null,"neg":null,"neut":null,"none":null},"intensity":{"high":null,"low":null,"meium":null,"none":null},"expressive":{"dir-action":null,"dir-explicit":null,"dir-speech":null,"indirect":null,"writing-device":null}},{"id":"송이족발-성내동","permalink":"","username":"asdfg","text":"배달 음식 신경 쓰셔야 할 듯ㆍ","date":"Mon Dec 10 23:59:44 +0000 2018","retweets":"30","favorites":"20","mentions":[],"hashtags":[],"geo":"","raw":"배달 음식 신경 쓰셔야 할 듯ㆍ","polarity":{"com":0.0028735632500000003,"pos":0.45545977000000004,"neg":0.18390804600000002,"neut":0.2672413792500001,"none":0.09051724150000001},"intensity":{"high":0.028735632235632184,"low":0.07327586221336206,"meium":0.8045977008477011,"none":0.09339080470330459},"expressive":{"dir-action":0.0028735632507183905,"dir-explicit":0.08189655177047413,"dir-speech":0.6867816091716954,"indirect":0.12931034478232759,"writing-device":0.09913793102478448}},{"id":"송이족발-성내동","permalink":"","username":"asdfg","text":"양배추 신선도가 많이 떨어졌어요.\n맛은 무난합니다.","date":"Mon Dec 10 23:59:44 +0000 2018","retweets":"30","favorites":"20","mentions":[],"hashtags":[],"geo":"","raw":"양배추 신선도가 많이 떨어졌어요.\n맛은 무난합니다.","polarity":{"com":0,"pos":1,"neg":0,"neut":0,"none":0},"intensity":{"high":0,"low":0.6666666666666666,"meium":0.3333333333333333,"none":0},"expressive":{"dir-action":0,"dir-explicit":0.6666666666666666,"dir-speech":0.3333333333333333,"indirect":0,"writing-device":0}},{"id":"송이족발-성내동","permalink":"","username":"asdfg","text":"여러가지 먹을껀 많은데족발에 살코기와 껍데기가 다 분리되서 왔어요\n남은족발에서 썰어온건지  의문이네요","date":"Mon Dec 10 23:59:44 +0000 2018","retweets":"30","favorites":"20","mentions":[],"hashtags":[],"geo":"","raw":"여러가지 먹을껀 많은데족발에 살코기와 껍데기가 다 분리되서 왔어요\n남은족발에서 썰어온건지  의문이네요","polarity":{"com":0.008820346363636362,"pos":0.3380623,"neg":0.44508830536363636,"neut":0.0991726269090909,"none":0.10885642136363637},"intensity":{"high":0.21790733420162794,"low":0.10419646773674515,"meium":0.5670917246879175,"none":0.11080447337370948},"expressive":{"dir-action":0,"dir-explicit":0.3322071648181818,"dir-speech":0.2545572180909091,"indirect":0.29896794036363633,"writing-device":0.1142676767272727}},{"id":"송이족발-성내동","permalink":"","username":"asdfg","text":"ㅈㅊ 왕족발 같은 곳보다 훨 맛있음 무엇보다 두번 시켜 먹어봤는데 와이프가 또 먹자 그래서 다른 프랜차이즈보다 깔끔하고 양도 괜찮고 해서 요기요 수수료 나가니까 그냥 전화번호 찾아서 다이렉트로 주문했는데 왠걸 .. 요기요로 시키는거랑 똑같음 .. 요기요에 현대카드 등록 해둬서 포인트 쌓이는데 그냥 날림; 앞으로는 요기요로 주문 해야겠음","date":"Mon Dec 10 23:59:44 +0000 2018","retweets":"30","favorites":"20","mentions":[],"hashtags":[],"geo":"","raw":"ㅈㅊ 왕족발 같은 곳보다 훨 맛있음 무엇보다 두번 시켜 먹어봤는데 와이프가 또 먹자 그래서 다른 프랜차이즈보다 깔끔하고 양도 괜찮고 해서 요기요 수수료 나가니까 그냥 전화번호 찾아서 다이렉트로 주문했는데 왠걸 .. 요기요로 시키는거랑 똑같음 .. 요기요에 현대카드 등록 해둬서 포인트 쌓이는데 그냥 날림; 앞으로는 요기요로 주문 해야겠음","polarity":{"com":0.010872207,"pos":0.47880577930434787,"neg":0.4200946342173913,"neut":0.04746591756521739,"none":0.04276146191304347},"intensity":{"high":0.06329191186956522,"low":0.12084877382608697,"meium":0.7720793381304347,"none":0.04377997617391305},"expressive":{"dir-action":0.0006303154782334645,"dir-explicit":0.25965600268436284,"dir-speech":0.5579515852800889,"indirect":0.1288923550813525,"writing-device":0.05286974147596218}},{"id":"송이족발-성내동","permalink":"","username":"asdfg","text":"완전 맛잇고 깔끔","date":"Mon Dec 10 23:59:44 +0000 2018","retweets":"30","favorites":"20","mentions":[],"hashtags":[],"geo":"","raw":"완전 맛잇고 깔끔","polarity":{"com":0,"pos":0.5,"neg":0.5,"neut":0,"none":0},"intensity":{"high":0,"low":0,"meium":1,"none":0},"expressive":{"dir-action":0,"dir-explicit":0.5,"dir-speech":0,"indirect":0.5,"writing-device":0}},{"id":"송이족발-성내동","permalink":"","username":"asdfg","text":"맛있어요\n저희는 고기를 좋아해서 어른둘 애기둘이 싹 해치웠어요 ㅋㅋ\n보쌈도 맛있고 족발도 야들야들쫄깃하니 맛있네요\n완전 굿굿굿 포장에 뜨신물센스 조아요","date":"Mon Dec 10 23:59:44 +0000 2018","retweets":"30","favorites":"20","mentions":[],"hashtags":[],"geo":"","raw":"맛있어요\n저희는 고기를 좋아해서 어른둘 애기둘이 싹 해치웠어요 ㅋㅋ\n보쌈도 맛있고 족발도 야들야들쫄깃하니 맛있네요\n완전 굿굿굿 포장에 뜨신물센스 조아요","polarity":{"com":0.01033933900187988,"pos":0.4154527504391732,"neg":0.45846586344699375,"neut":0.026321297277512958,"none":0.08942074983444012},"intensity":{"high":0.07918720600719885,"low":0.09126622255375148,"meium":0.7394523407944957,"none":0.09009423064455405},"expressive":{"dir-action":0.0018315584540459391,"dir-explicit":0.16831567431773212,"dir-speech":0.38513287034950916,"indirect":0.35390232726711757,"writing-device":0.09081756961159522}},{"id":"송이족발-성내동","permalink":"","username":"asdfg","text":"전반적으로 달달한 느낌의 족발입니다.","date":"Mon Dec 10 23:59:44 +0000 2018","retweets":"30","favorites":"20","mentions":[],"hashtags":[],"geo":"","raw":"전반적으로 달달한 느낌의 족발입니다.","polarity":{"com":0.01145669,"pos":0.502486665,"neg":0.2933588763333333,"neut":0.053489595,"none":0.13920817366666668},"intensity":{"high":0.08079783633333333,"low":0.20271204266666665,"meium":0.5734505296666667,"none":0.14303959133333333},"expressive":{"dir-action":0.003831417667943806,"dir-explicit":0.25974006475324674,"dir-speech":0.4721358274907119,"indirect":0.10705431603568477,"writing-device":0.15723837405241278}},{"id":"송이족발-성내동","permalink":"","username":"asdfg","text":"전통족발쫄깃쫄깃맛나구요 전통족발을 굽구거기에마늘소스를 뿌렸나봐요 둘다맛있어영~~~~","date":"Mon Dec 10 23:59:44 +0000 2018","retweets":"30","favorites":"20","mentions":[],"hashtags":[],"geo":"","raw":"전통족발쫄깃쫄깃맛나구요 전통족발을 굽구거기에마늘소스를 뿌렸나봐요 둘다맛있어영~~~~","polarity":{"com":0.015324810714285713,"pos":0.5082637232857143,"neg":0.2994607437142857,"neut":0.16971134000000002,"none":0.007239382285714286},"intensity":{"high":0.06308082428571428,"low":0.33120950785714287,"meium":0.5984702855714286,"none":0.0072393822857142855},"expressive":{"dir-action":0.003964838428571428,"dir-explicit":0.15379801999999998,"dir-speech":0.7278747127142857,"indirect":0.09940274671428573,"writing-device":0.014959682142857143}},{"id":"송이족발-성내동","permalink":"","username":"asdfg","text":"푸짐하게 와서 배부르게 잘먹었습니다\n송이족발 반했어요 ^^~","date":"Mon Dec 10 23:59:44 +0000 2018","retweets":"30","favorites":"20","mentions":[],"hashtags":[],"geo":"","raw":"푸짐하게 와서 배부르게 잘먹었습니다\n송이족발 반했어요 ^^~","polarity":{"com":0.008008008002669337,"pos":0.6089661092029887,"neg":0.17353067339117687,"neut":0.20148720140049575,"none":0.008008008002669337},"intensity":{"high":0.038038038,"low":0.09945659933333333,"meium":0.8534963536666668,"none":0.009009009},"expressive":{"dir-action":0.001001001,"dir-explicit":0.1755326753333333,"dir-speech":0.24431574433333333,"indirect":0.5701415703333333,"writing-device":0.009009009}},{"id":"송이족발-성내동","permalink":"","username":"asdfg","text":"마늘족발이 너무 맛있네요!! 반반족발이라 이맛 저맛 맛 볼 수 있어서 너무 조아용~~~송이족발 대박나세용!!당골 예약입니다 ㅋㅋㅋㅋㅋ","date":"Mon Dec 10 23:59:44 +0000 2018","retweets":"30","favorites":"20","mentions":[],"hashtags":[],"geo":"","raw":"마늘족발이 너무 맛있네요!! 반반족발이라 이맛 저맛 맛 볼 수 있어서 너무 조아용~~~송이족발 대박나세용!!당골 예약입니다 ㅋㅋㅋㅋㅋ","polarity":{"com":0.019189620331734197,"pos":0.5245876127896176,"neg":0.333796296305517,"neut":0.023583877998034675,"none":0.09884259257509645},"intensity":{"high":0.05715452842619241,"low":0.20052131961675354,"meium":0.6434815593572468,"none":0.09884259259980709},"expressive":{"dir-action":0,"dir-explicit":0.1699151882641596,"dir-speech":0.45490001562124166,"indirect":0.2696020075224668,"writing-device":0.1055827885921319}},{"id":"송이족발-성내동","permalink":"","username":"asdfg","text":"저희집 지정음식점이 되었네요 \n일주일에 한번은 무조건 콜!!!","date":"Mon Dec 10 23:59:44 +0000 2018","retweets":"30","favorites":"20","mentions":[],"hashtags":[],"geo":"","raw":"저희집 지정음식점이 되었네요 \n일주일에 한번은 무조건 콜!!!","polarity":{"com":0.06120527333333332,"pos":0.45197740099999995,"neg":0.46421845566666664,"neut":0.011299434999999997,"none":0.011299434999999997},"intensity":{"high":0.08945386069648462,"low":0.10075329570025109,"meium":0.7984934085994978,"none":0.011299435003766477},"expressive":{"dir-action":0,"dir-explicit":0.257062147,"dir-speech":0.6308851223333334,"indirect":0.10075329566666665,"writing-device":0.011299434999999998}},{"id":"송이족발-성내동","permalink":"","username":"asdfg","text":"항상 맛있습니다","date":"Mon Dec 10 23:59:44 +0000 2018","retweets":"30","favorites":"20","mentions":[],"hashtags":[],"geo":"","raw":"항상 맛있습니다","polarity":{"com":0,"pos":1,"neg":0,"neut":0,"none":0},"intensity":{"high":0,"low":0,"meium":1,"none":0},"expressive":{"dir-action":0,"dir-explicit":0.5,"dir-speech":0.5,"indirect":0,"writing-device":0}},{"id":"송이족발-성내동","permalink":"","username":"asdfg","text":"지난번에 너무 맛있게 먹어서 또 시켰는데 이번엔 너무 실망이네요. 멀쩡하게 잘라진 고기가 한 점도 없네요;; 너무 당황스러워서 포장뜯자마자 사진찍었어요.","date":"Mon Dec 10 23:59:44 +0000 2018","retweets":"30","favorites":"20","mentions":[],"hashtags":[],"geo":"","raw":"지난번에 너무 맛있게 먹어서 또 시켰는데 이번엔 너무 실망이네요. 멀쩡하게 잘라진 고기가 한 점도 없네요;; 너무 당황스러워서 포장뜯자마자 사진찍었어요.","polarity":{"com":0.027390342135159354,"pos":0.3512818133567521,"neg":0.4329885221621992,"neut":0.10677676120711846,"none":0.08156256113877085},"intensity":{"high":0.07132720546666667,"low":0.08392683699999999,"meium":0.7623359470000001,"none":0.08241001053333333},"expressive":{"dir-action":0.00020020020001334672,"dir-explicit":0.35627146275708477,"dir-speech":0.32444716895496317,"indirect":0.22348745908156584,"writing-device":0.09559370900637293}},{"id":"송이족발-성내동","permalink":"","username":"asdfg","text":"최고최고^^","date":"Mon Dec 10 23:59:44 +0000 2018","retweets":"30","favorites":"20","mentions":[],"hashtags":[],"geo":"","raw":"최고최고^^","polarity":{"com":0,"pos":0.888888889,"neg":0.111111111,"neut":0,"none":0},"intensity":{"high":0.777777778,"low":0,"meium":0.222222222,"none":0},"expressive":{"dir-action":0,"dir-explicit":0,"dir-speech":0,"indirect":1,"writing-device":0}},{"id":"송이족발-성내동","permalink":"","username":"asdfg","text":"족발이 퍽퍽해요.\n재주문의사없습니다. .","date":"Mon Dec 10 23:59:44 +0000 2018","retweets":"30","favorites":"20","mentions":[],"hashtags":[],"geo":"","raw":"족발이 퍽퍽해요.\n재주문의사없습니다. .","polarity":{"com":0.01543718325,"pos":0.23936015925,"neg":0.48376512374999997,"neut":0.17640373324999997,"none":0.0850338005},"intensity":{"high":0.11099259297225185,"low":0.21392068769651984,"meium":0.5836508496040872,"none":0.09143586972714104},"expressive":{"dir-action":0.003974884751987442,"dir-explicit":0.3755502306877751,"dir-speech":0.3721547041860774,"indirect":0.1462828153231414,"writing-device":0.10203736505101868}},{"id":"송이족발-성내동","permalink":"","username":"asdfg","text":"깔끔하고 양도 많고 맛있어요","date":"Mon Dec 10 23:59:44 +0000 2018","retweets":"30","favorites":"20","mentions":[],"hashtags":[],"geo":"","raw":"깔끔하고 양도 많고 맛있어요","polarity":{"com":0.008008008,"pos":0.334638987,"neg":0.6238412323333333,"neut":0.025503764666666668,"none":0.008008008},"intensity":{"high":0.12499455970833151,"low":0.10049179603349725,"meium":0.7655046352551682,"none":0.009009009003003},"expressive":{"dir-action":0.0010010010003336672,"dir-explicit":0.27801714742600575,"dir-speech":0.4358271314786091,"indirect":0.27614571109204855,"writing-device":0.009009009003003002}},{"id":"송이족발-성내동","permalink":"","username":"asdfg","text":"맛있습니다. 마늘과 족발, 알밥 모두 만족스러우며 막국수 역시 강하지않고 슴슴하니 좋았습니다. 가격대비 만족스럽습니다.","date":"Mon Dec 10 23:59:44 +0000 2018","retweets":"30","favorites":"20","mentions":[],"hashtags":[],"geo":"","raw":"맛있습니다. 마늘과 족발, 알밥 모두 만족스러우며 막국수 역시 강하지않고 슴슴하니 좋았습니다. 가격대비 만족스럽습니다.","polarity":{"com":0.0048076922506009616,"pos":0.2856002331607,"neg":0.5937237763242155,"neut":0.05783799525722975,"none":0.05803030300725378},"intensity":{"high":0.04597902100574738,"low":0.15112470864389058,"meium":0.6823659673352958,"none":0.1205303030150663},"expressive":{"dir-action":0,"dir-explicit":0.49691142187500004,"dir-speech":0.32846736600000004,"indirect":0.10522727275,"writing-device":0.069393939375}},{"id":"송이족발-성내동","permalink":"","username":"asdfg","text":"아주좋았어요.음식에정성이 느껴집니다.그냥돈만벌겠다는여느음식점과달리 프로의 정성이 보였습니다.대박나세요!","date":"Mon Dec 10 23:59:44 +0000 2018","retweets":"30","favorites":"20","mentions":[],"hashtags":[],"geo":"","raw":"아주좋았어요.음식에정성이 느껴집니다.그냥돈만벌겠다는여느음식점과달리 프로의 정성이 보였습니다.대박나세요!","polarity":{"com":0.01124032449859496,"pos":0.5512053426810993,"neg":0.3430568962071179,"neut":0.029088578621363922,"none":0.06540885799182389},"intensity":{"high":0.0842656566355332,"low":0.1813447322726681,"meium":0.6678794315834848,"none":0.06651017950831377},"expressive":{"dir-action":0.0011013215002753302,"dir-explicit":0.2842647455710662,"dir-speech":0.3060821795765206,"indirect":0.34204157383551037,"writing-device":0.06651017951662755}},{"id":"송이족발-성내동","permalink":"","username":"asdfg","text":"이것저것푸짐하게잘먹었습니다~","date":"Mon Dec 10 23:59:44 +0000 2018","retweets":"30","favorites":"20","mentions":[],"hashtags":[],"geo":"","raw":"이것저것푸짐하게잘먹었습니다~","polarity":{"com":0.012012012006006007,"pos":0.6634491638317246,"neg":0.26029601013014797,"neut":0.0522308020261154,"none":0.012012012006006007},"intensity":{"high":0.057057057,"low":0.14918489899999998,"meium":0.7802445305000001,"none":0.0135135135},"expressive":{"dir-action":0.0015015015000000003,"dir-explicit":0.263299013,"dir-speech":0.1164736165,"indirect":0.6052123555000001,"writing-device":0.013513513500000001}},{"id":"송이족발-성내동","permalink":"","username":"asdfg","text":"앞으로 계속 찾아 먹고싶네요.  왜 진작 몰랐을까 싶을정도로 맛있습니다.","date":"Mon Dec 10 23:59:44 +0000 2018","retweets":"30","favorites":"20","mentions":[],"hashtags":[],"geo":"","raw":"앞으로 계속 찾아 먹고싶네요.  왜 진작 몰랐을까 싶을정도로 맛있습니다.","polarity":{"com":0,"pos":0.1666666665,"neg":0.738888889,"neut":0.038888889,"none":0.0555555555},"intensity":{"high":0.3518518518333334,"low":0.12592592583333334,"meium":0.4666666668333334,"none":0.05555555550000001},"expressive":{"dir-action":0,"dir-explicit":0.10925925931512344,"dir-speech":0.5740740740709876,"indirect":0.23333333329444442,"writing-device":0.08333333331944444}},{"id":"송이족발-성내동","permalink":"","username":"asdfg","text":"일요일이라 한가할시간이라 일찍왔어여~ 매운족발 역시 맛있네여^^","date":"Mon Dec 10 23:59:44 +0000 2018","retweets":"30","favorites":"20","mentions":[],"hashtags":[],"geo":"","raw":"일요일이라 한가할시간이라 일찍왔어여~ 매운족발 역시 맛있네여^^","polarity":{"com":0.004575163400915033,"pos":0.3937908496787582,"neg":0.4055555556811111,"neut":0.08496732021699346,"none":0.11111111102222222},"intensity":{"high":0.07549019603019608,"low":0.08300653583320261,"meium":0.730392157092157,"none":0.11111111104444445},"expressive":{"dir-action":0,"dir-explicit":0.4003267974800653,"dir-speech":0.40718954248143785,"indirect":0.07745098041549019,"writing-device":0.11503267962300652}},{"id":"송이족발-성내동","permalink":"","username":"asdfg","text":"한시간을 기다리다 전화해보니 이미 출발했으니 조금만 더 기다려달라고 하더니 전화 끊고 조금 이따 가시 전화와서 배달이 다른 집으로 간거 같다고 20~30분을 더 기다리라고 하면 어쩝니까? 금요일 저녁이라 바쁜 건 알겠지만 좀 아닌거 같네요.. 결국 주문은 취소..","date":"Mon Dec 10 23:59:44 +0000 2018","retweets":"30","favorites":"20","mentions":[],"hashtags":[],"geo":"","raw":"한시간을 기다리다 전화해보니 이미 출발했으니 조금만 더 기다려달라고 하더니 전화 끊고 조금 이따 가시 전화와서 배달이 다른 집으로 간거 같다고 20~30분을 더 기다리라고 하면 어쩝니까? 금요일 저녁이라 바쁜 건 알겠지만 좀 아닌거 같네요.. 결국 주문은 취소..","polarity":{"com":0.028126183998828075,"pos":0.5440179973523326,"neg":0.3134766306119384,"neut":0.049915913039586826,"none":0.06446327499731402},"intensity":{"high":0.051281072335470045,"low":0.07046800196126951,"meium":0.8132191177422176,"none":0.06503180796104299},"expressive":{"dir-action":0.0013733700417811142,"dir-explicit":0.21168284530930698,"dir-speech":0.35936822911328065,"indirect":0.27348704310612393,"writing-device":0.15408851242950738}},{"id":"송이족발-성내동","permalink":"","username":"asdfg","text":"주말이라 배달시간이 오래 걸렸지만\n애들이 잘먹네여~ 세트메뉴로는 가격두 저렴하구여\n양도 작은편 아님니다.\n족발시키면 항상 남기는데 송이족발은 남김 없이 먹었습니다\n별한개뺀거는 배달시간이 좀 늦어서 뺏어여~","date":"Mon Dec 10 23:59:44 +0000 2018","retweets":"30","favorites":"20","mentions":[],"hashtags":[],"geo":"","raw":"주말이라 배달시간이 오래 걸렸지만\n애들이 잘먹네여~ 세트메뉴로는 가격두 저렴하구여\n양도 작은편 아님니다.\n족발시키면 항상 남기는데 송이족발은 남김 없이 먹었습니다\n별한개뺀거는 배달시간이 좀 늦어서 뺏어여~","polarity":{"com":0.007818000300781799,"pos":0.46026711629602673,"neg":0.4582869493458286,"neut":0.05138969015513897,"none":0.022238243902223818},"intensity":{"high":0.05732175116433043,"low":0.08029411492007354,"meium":0.8393349469598338,"none":0.023049186955762295},"expressive":{"dir-action":0.003588720850538308,"dir-explicit":0.21491225758223684,"dir-speech":0.3860020335079003,"indirect":0.3456737581518511,"writing-device":0.04982322990747348}},{"id":"송이족발-성내동","permalink":"","username":"asdfg","text":"제입맛엔 좀 달긴했지만 배달도 빠른편이고 양도 작당했어요.깔끔한 포장도 만족스럽네요.다음엔 반반세트를 먹어보는걸로~ㅋㅇㅋ","date":"Mon Dec 10 23:59:44 +0000 2018","retweets":"30","favorites":"20","mentions":[],"hashtags":[],"geo":"","raw":"제입맛엔 좀 달긴했지만 배달도 빠른편이고 양도 작당했어요.깔끔한 포장도 만족스럽네요.다음엔 반반세트를 먹어보는걸로~ㅋㅇㅋ","polarity":{"com":0.006927585868052183,"pos":0.4674723600268277,"neg":0.4123104412824621,"neut":0.06003685267867403,"none":0.05325276014398387},"intensity":{"high":0.03265324879782311,"low":0.13136192412457587,"meium":0.7817655832145489,"none":0.05421924386305205},"expressive":{"dir-action":0.0018157406665456172,"dir-explicit":0.2578757541161416,"dir-speech":0.36593474650893765,"indirect":0.31449361571236706,"writing-device":0.05988014299600799}},{"id":"송이족발-성내동","permalink":"","username":"asdfg","text":"재료가 신선하고 맛나요 전도맛잇고 족발이 쫄깃해요 야채가 조금만 더잇엇으면하는게 아쉬워요 추천합니다 맛잇어요 주먹밥도 맛나고요","date":"Mon Dec 10 23:59:44 +0000 2018","retweets":"30","favorites":"20","mentions":[],"hashtags":[],"geo":"","raw":"재료가 신선하고 맛나요 전도맛잇고 족발이 쫄깃해요 야채가 조금만 더잇엇으면하는게 아쉬워요 추천합니다 맛잇어요 주먹밥도 맛나고요","polarity":{"com":0.010817362857142857,"pos":0.5619811822857143,"neg":0.27368674235714285,"neut":0.053257622714285704,"none":0.10025708978571428},"intensity":{"high":0.12469945258033567,"low":0.08222361029158738,"meium":0.6900405456207173,"none":0.10303639150735974},"expressive":{"dir-action":0.0018110110715579295,"dir-explicit":0.2209845530157846,"dir-speech":0.4454337611746738,"indirect":0.22946251301639017,"writing-device":0.10230816172159343}},{"id":"송이족발-성내동","permalink":"","username":"asdfg","text":"족발에서 전까지 너무 맛있게 잘먹었습니다.\n가격도 다른곳에 비해 싸고\n양도 많고 맛있어요 ㅎㅎ 부들부들 부드러운거 좋아하시는 분들은 좋아하실겁니당 ㅎㅎ \n이상 많이마세용","date":"Mon Dec 10 23:59:44 +0000 2018","retweets":"30","favorites":"20","mentions":[],"hashtags":[],"geo":"","raw":"족발에서 전까지 너무 맛있게 잘먹었습니다.\n가격도 다른곳에 비해 싸고\n양도 많고 맛있어요 ㅎㅎ 부들부들 부드러운거 좋아하시는 분들은 좋아하실겁니당 ㅎㅎ \n이상 많이마세용","polarity":{"com":0.023809523846153844,"pos":0.4421882465384615,"neg":0.3488811912307692,"neut":0.1851210383846154,"none":0},"intensity":{"high":0.07272256731328636,"low":0.2845795508680446,"meium":0.642697881818669,"none":0},"expressive":{"dir-action":0,"dir-explicit":0.2544194934811092,"dir-speech":0.4054586718004199,"indirect":0.30166029625397384,"writing-device":0.03846153846449704}},{"id":"송이족발-성내동","permalink":"","username":"asdfg","text":"배민으로만 주문하다가 오늘은 요기로 주문했네요^^\n오늘도 맛나요~♡  얌얌  ♡수고하세요♡","date":"Mon Dec 10 23:59:44 +0000 2018","retweets":"30","favorites":"20","mentions":[],"hashtags":[],"geo":"","raw":"배민으로만 주문하다가 오늘은 요기로 주문했네요^^\n오늘도 맛나요~♡  얌얌  ♡수고하세요♡","polarity":{"com":0.015574474835929079,"pos":0.4443056880740509,"neg":0.3539858280589977,"neut":0.030556173005092696,"none":0.15557783602592964},"intensity":{"high":0.08948351784824725,"low":0.07788166951298026,"meium":0.6766985536127831,"none":0.15593625902598937},"expressive":{"dir-action":0.0010752688331541217,"dir-explicit":0.3502747421082875,"dir-speech":0.3767259909372123,"indirect":0.12181014264636497,"writing-device":0.15011385547498102}},{"id":"송이족발-성내동","permalink":"","username":"asdfg","text":"족발을 집사람도 좋아해서 많이 먹지만.....\n정말로 맛이없어요...처음이자 마지막이되겠지만 ...비추입니다 맛이 형편없어요\n단골가게 족발이 떨어져서... 검색해서 시켜봤더니..속상해요","date":"Mon Dec 10 23:59:44 +0000 2018","retweets":"30","favorites":"20","mentions":[],"hashtags":[],"geo":"","raw":"족발을 집사람도 좋아해서 많이 먹지만.....\n정말로 맛이없어요...처음이자 마지막이되겠지만 ...비추입니다 맛이 형편없어요\n단골가게 족발이 떨어져서... 검색해서 시켜봤더니..속상해요","polarity":{"com":0.02286416261010827,"pos":0.54360316279763,"neg":0.33221029030795146,"neut":0.03848591476034941,"none":0.06283646952396081},"intensity":{"high":0.07677646860947873,"low":0.0941284621466055,"meium":0.7650074795565379,"none":0.06408758968737788},"expressive":{"dir-action":0.001990147230616143,"dir-explicit":0.2807760929014788,"dir-speech":0.44703979335022775,"indirect":0.20196284329215672,"writing-device":0.06823112322552069}},{"id":"송이족발-성내동","permalink":"","username":"asdfg","text":"역시 맛나요~~\n개인적으로  불족발 최곱니다!!","date":"Mon Dec 10 23:59:44 +0000 2018","retweets":"30","favorites":"20","mentions":[],"hashtags":[],"geo":"","raw":"역시 맛나요~~\n개인적으로  불족발 최곱니다!!","polarity":{"com":0.016666666672222222,"pos":0.2444444444148148,"neg":0.5166666668388888,"neut":0.11111111103703702,"none":0.11111111103703702},"intensity":{"high":0.016666666672222222,"low":0.12777777770925924,"meium":0.7444444445814814,"none":0.11111111103703702},"expressive":{"dir-action":0,"dir-explicit":0.47777777782592595,"dir-speech":0.3944444444648148,"indirect":0.016666666672222222,"writing-device":0.11111111103703704}},{"id":"송이족발-성내동","permalink":"","username":"asdfg","text":"후회없는집! 강추합니다^^","date":"Mon Dec 10 23:59:44 +0000 2018","retweets":"30","favorites":"20","mentions":[],"hashtags":[],"geo":"","raw":"후회없는집! 강추합니다^^","polarity":{"com":0.012924105,"pos":0.4066708423333334,"neg":0.48164039399999997,"neut":0.044138219,"none":0.05462643966666667},"intensity":{"high":0.12102863895965711,"low":0.12662769262445742,"meium":0.6937641367687454,"none":0.05857953164714015},"expressive":{"dir-action":0.002150537666666667,"dir-explicit":0.24705432033333338,"dir-speech":0.5027386296666667,"indirect":0.18372133466666668,"writing-device":0.06433517766666667}},{"id":"송이족발-성내동","permalink":"","username":"asdfg","text":"두번째 주문!! 가격도 다른집 비해 저렴하고 맛있어요!!\n두가지 맛 모두 먹을 수 있어서 더 만족! 전이 있어서 좋아요~\n막국수 대신이겠지만 전 막국수 안좋아해서 ㅎㅎ\n이번엔 손편지와 사탕받았네요. 소문내달라 하셔서 소문내는중 ㅎㅎㅎ","date":"Mon Dec 10 23:59:44 +0000 2018","retweets":"30","favorites":"20","mentions":[],"hashtags":[],"geo":"","raw":"두번째 주문!! 가격도 다른집 비해 저렴하고 맛있어요!!\n두가지 맛 모두 먹을 수 있어서 더 만족! 전이 있어서 좋아요~\n막국수 대신이겠지만 전 막국수 안좋아해서 ㅎㅎ\n이번엔 손편지와 사탕받았네요. 소문내달라 하셔서 소문내는중 ㅎㅎㅎ","polarity":{"com":0.003768587130598634,"pos":0.4673795164116252,"neg":0.326916573057692,"neut":0.12148723570093421,"none":0.0804480876991499},"intensity":{"high":0.10691130835247441,"low":0.1709132474422136,"meium":0.6410035393756959,"none":0.08117190482961616},"expressive":{"dir-action":0.0009108203913439488,"dir-explicit":0.31634901631810214,"dir-speech":0.3870590632776983,"indirect":0.20934315926997146,"writing-device":0.08633794074288426}},{"id":"송이족발-성내동","permalink":"","username":"asdfg","text":"리뷰보고 시켰는데 너무맛있어요 \n반반시켰는데 부드럽고 넘맛있게먹었네요\n불족이 조금만 더 매웠으면 좋겠어요~","date":"Mon Dec 10 23:59:44 +0000 2018","retweets":"30","favorites":"20","mentions":[],"hashtags":[],"geo":"","raw":"리뷰보고 시켰는데 너무맛있어요 \n반반시켰는데 부드럽고 넘맛있게먹었네요\n불족이 조금만 더 매웠으면 좋겠어요~","polarity":{"com":0.017369414701736943,"pos":0.44518401614451847,"neg":0.47503699044750375,"neut":0.01393877780139388,"none":0.04847080090484709},"intensity":{"high":0.0828925896,"low":0.16440755620000005,"meium":0.7037885247000001,"none":0.04891132950000001},"expressive":{"dir-action":0.005996084200599609,"dir-explicit":0.44274058294427404,"dir-speech":0.31033580223103363,"indirect":0.19458030371945803,"writing-device":0.04634722690463472}},{"id":"송이족발-성내동","permalink":"","username":"asdfg","text":"흡족 담엔 맵족을 더맵게..","date":"Mon Dec 10 23:59:44 +0000 2018","retweets":"30","favorites":"20","mentions":[],"hashtags":[],"geo":"","raw":"흡족 담엔 맵족을 더맵게..","polarity":{"com":0,"pos":0.658730158829365,"neg":0.2539682541269841,"neut":0.04761904752380952,"none":0.03968253951984127},"intensity":{"high":0.015873016000000004,"low":0.119047619,"meium":0.8253968254999999,"none":0.0396825395},"expressive":{"dir-action":0,"dir-explicit":0.32936507950000005,"dir-speech":0.5833333334999999,"indirect":0.0396825395,"writing-device":0.0476190475}},{"id":"송이족발-성내동","permalink":"","username":"asdfg","text":"정말 맛있괴 먹었어요\n배달시켜본 족발중 최고","date":"Mon Dec 10 23:59:44 +0000 2018","retweets":"30","favorites":"20","mentions":[],"hashtags":[],"geo":"","raw":"정말 맛있괴 먹었어요\n배달시켜본 족발중 최고","polarity":{"com":0.008333333398333333,"pos":0.6999999998599999,"neg":0.21666666675666665,"neut":0.016666666596666664,"none":0.05833333338833333},"intensity":{"high":0.1555555556,"low":0.1277777776,"meium":0.6583333334,"none":0.0583333334},"expressive":{"dir-action":0,"dir-explicit":0.3444444444688889,"dir-speech":0.5638888889127778,"indirect":0.025000000005000002,"writing-device":0.06666666661333334}},{"id":"송이족발-성내동","permalink":"","username":"asdfg","text":"리뷰가 좋아서 시켜먹어봤는데..정말 추천합니다. 넘 맛있게 먹었습니다. 불족도 맛있고 기본적으로 족발도 맛있었네요. 사업 번창하세요","date":"Mon Dec 10 23:59:44 +0000 2018","retweets":"30","favorites":"20","mentions":[],"hashtags":[],"geo":"","raw":"리뷰가 좋아서 시켜먹어봤는데..정말 추천합니다. 넘 맛있게 먹었습니다. 불족도 맛있고 기본적으로 족발도 맛있었네요. 사업 번창하세요","polarity":{"com":0.00707885311111111,"pos":0.3415471922222222,"neg":0.5368407578888889,"neut":0.02915386588888889,"none":0.08537933088888888},"intensity":{"high":0.1450403936666667,"low":0.09979234211111113,"meium":0.6683179724444446,"none":0.08684929177777778},"expressive":{"dir-action":0.0014336917776184787,"dir-explicit":0.23701285775144304,"dir-speech":0.5563669852715146,"indirect":0.12060078509771101,"writing-device":0.0845856801017127}},{"id":"송이족발-성내동","permalink":"","username":"asdfg","text":"저는 너무 아니였어요. 부드러운거 좋아하시는분들은 좋아하실듯.","date":"Mon Dec 10 23:59:44 +0000 2018","retweets":"30","favorites":"20","mentions":[],"hashtags":[],"geo":"","raw":"저는 너무 아니였어요. 부드러운거 좋아하시는분들은 좋아하실듯.","polarity":{"com":0.02380952383333333,"pos":0.32936507933333325,"neg":0.4523809523333333,"neut":0.16666666666666663,"none":0.027777777833333326},"intensity":{"high":0.023809523829365076,"low":0.2738095237876984,"meium":0.6746031745542328,"none":0.027777777828703696},"expressive":{"dir-action":0,"dir-explicit":0.2896825396666666,"dir-speech":0.5198412698333333,"indirect":0.07936507933333331,"writing-device":0.11111111116666665}},{"id":"송이족발-성내동","permalink":"","username":"asdfg","text":"막국수없는거랑 오리지날에 껍데리가 좀 많았던거 빼고는 맛있는편이었어요.불족도 맛나네요","date":"Mon Dec 10 23:59:44 +0000 2018","retweets":"30","favorites":"20","mentions":[],"hashtags":[],"geo":"","raw":"막국수없는거랑 오리지날에 껍데리가 좀 많았던거 빼고는 맛있는편이었어요.불족도 맛나네요","polarity":{"com":0.006212436499999999,"pos":0.25098368816666666,"neg":0.6036226858333333,"neut":0.11206318216666666,"none":0.027118007333333333},"intensity":{"high":0.10748080366666667,"low":0.15360358999999998,"meium":0.7086913806666666,"none":0.030224225666666663},"expressive":{"dir-action":0,"dir-explicit":0.3873205993978868,"dir-speech":0.3739139228956523,"indirect":0.12345976802057664,"writing-device":0.11530570968588429}},{"id":"송이족발-성내동","permalink":"","username":"asdfg","text":"맛있음!!!","date":"Mon Dec 10 23:59:44 +0000 2018","retweets":"30","favorites":"20","mentions":[],"hashtags":[],"geo":"","raw":"맛있음!!!","polarity":{"com":0,"pos":0,"neg":1,"neut":0,"none":0},"intensity":{"high":0,"low":0,"meium":1,"none":0},"expressive":{"dir-action":0,"dir-explicit":0,"dir-speech":1,"indirect":0,"writing-device":0}},{"id":"송이족발-성내동","permalink":"","username":"asdfg","text":"양도 괜찮고 맛도 괜찮고\n서비스로 막국수 같은거 주면 더 좋겠네요","date":"Mon Dec 10 23:59:44 +0000 2018","retweets":"30","favorites":"20","mentions":[],"hashtags":[],"geo":"","raw":"양도 괜찮고 맛도 괜찮고\n서비스로 막국수 같은거 주면 더 좋겠네요","polarity":{"com":0.0011904761666666666,"pos":0.5753968253333334,"neg":0.276984127,"neut":0.02619047616666667,"none":0.12023809533333334},"intensity":{"high":0.123015873,"low":0.18571428566666667,"meium":0.5710317460000001,"none":0.12023809533333334},"expressive":{"dir-action":0,"dir-explicit":0.24523809529246032,"dir-speech":0.3238095237793651,"indirect":0.22063492062989418,"writing-device":0.2103174602982804}},{"id":"송이족발-성내동","permalink":"","username":"asdfg","text":"맛있고 배송고 빨라요! 담에 또 주문할께요.","date":"Mon Dec 10 23:59:44 +0000 2018","retweets":"30","favorites":"20","mentions":[],"hashtags":[],"geo":"","raw":"맛있고 배송고 빨라요! 담에 또 주문할께요.","polarity":{"com":0.004838709748790322,"pos":0.23617511519095624,"neg":0.6238863285940284,"neut":0.020967741994758066,"none":0.11413210447146697},"intensity":{"high":0.14208909371447773,"low":0.10046082947488477,"meium":0.6427803378393049,"none":0.11466973897133256},"expressive":{"dir-action":0.00161290325,"dir-explicit":0.185637481,"dir-speech":0.43079877125,"indirect":0.2321044545,"writing-device":0.14984639}},{"id":"송이족발-성내동","permalink":"","username":"asdfg","text":"배송도빠르고 양도많고 진짜좋아요!! 추천ㄱㄱ","date":"Mon Dec 10 23:59:44 +0000 2018","retweets":"30","favorites":"20","mentions":[],"hashtags":[],"geo":"","raw":"배송도빠르고 양도많고 진짜좋아요!! 추천ㄱㄱ","polarity":{"com":0.00178571425,"pos":0.54806418225,"neg":0.23344720500000002,"neut":0.097774327,"none":0.1189285715},"intensity":{"high":0.23426501030856625,"low":0.09291925452322981,"meium":0.5538871636384718,"none":0.11892857152973214},"expressive":{"dir-action":0,"dir-explicit":0.41019668725,"dir-speech":0.179347826,"indirect":0.29331262950000003,"writing-device":0.11714285725}},{"id":"송이족발-성내동","permalink":"","username":"asdfg","text":"맛있어요 부드럽네용\n양도 굿","date":"Mon Dec 10 23:59:44 +0000 2018","retweets":"30","favorites":"20","mentions":[],"hashtags":[],"geo":"","raw":"맛있어요 부드럽네용\n양도 굿","polarity":{"com":0.002380952333333333,"pos":0.4047619046666666,"neg":0.44285714299999995,"neut":0.004761904666666666,"none":0.14523809533333332},"intensity":{"high":0.047619047666666664,"low":0.038095238,"meium":0.7690476190000001,"none":0.14523809533333334},"expressive":{"dir-action":0,"dir-explicit":0.3952380952015873,"dir-speech":0.4333333331888889,"indirect":0.028571428657142857,"writing-device":0.14285714295238094}},{"id":"송이족발-성내동","permalink":"","username":"asdfg","text":"헐~~~  대박!♡\n이름을  네이버로  검색후 반반주문!\n오호~ 체인점이군 평이좋아서 주문한곳\n평을 많이 신뢰하는건 아니지만  오늘은\n많이 신뢰하게 되었음 ㅋㅋ","date":"Mon Dec 10 23:59:44 +0000 2018","retweets":"30","favorites":"20","mentions":[],"hashtags":[],"geo":"","raw":"헐~~~  대박!♡\n이름을  네이버로  검색후 반반주문!\n오호~ 체인점이군 평이좋아서 주문한곳\n평을 많이 신뢰하는건 아니지만  오늘은\n많이 신뢰하게 되었음 ㅋㅋ","polarity":{"com":0.020862687065467803,"pos":0.6343154621044812,"neg":0.2706381700655319,"neut":0.038973891774578884,"none":0.03520978898994005},"intensity":{"high":0.06164833692857141,"low":0.045003692928571426,"meium":0.8578235178571428,"none":0.035524452285714284},"expressive":{"dir-action":0.0013871643572419404,"dir-explicit":0.3836483770988321,"dir-speech":0.3416874770958348,"indirect":0.23645961280260425,"writing-device":0.03681736864548696}},{"id":"송이족발-성내동","permalink":"","username":"asdfg","text":"냄새안나고 진짜 딱 깔끔한 족발이에요\n불족도 맛있게 매워서 항상 반반시켜요~","date":"Mon Dec 10 23:59:44 +0000 2018","retweets":"30","favorites":"20","mentions":[],"hashtags":[],"geo":"","raw":"냄새안나고 진짜 딱 깔끔한 족발이에요\n불족도 맛있게 매워서 항상 반반시켜요~","polarity":{"com":0.006755337250000001,"pos":0.42140617500000005,"neg":0.46924066937500003,"neut":0.017352751875000003,"none":0.08524506650000001},"intensity":{"high":0.202814684375,"low":0.0419530875,"meium":0.6696117862500001,"none":0.08562044187500001},"expressive":{"dir-action":0.007319819874085022,"dir-explicit":0.37743773182782026,"dir-speech":0.18222297922722214,"indirect":0.34584090395676986,"writing-device":0.08717856511410267}},{"id":"송이족발-성내동","permalink":"","username":"asdfg","text":"빠른배송 \n맛나~요","date":"Mon Dec 10 23:59:44 +0000 2018","retweets":"30","favorites":"20","mentions":[],"hashtags":[],"geo":"","raw":"빠른배송 \n맛나~요","polarity":{"com":0,"pos":1,"neg":0,"neut":0,"none":0},"intensity":{"high":0,"low":0.1666666665,"meium":0.8333333334999999,"none":0},"expressive":{"dir-action":0,"dir-explicit":0,"dir-speech":0.5,"indirect":0.5,"writing-device":0}},{"id":"송이족발-성내동","permalink":"","username":"asdfg","text":"맛있음 3대족발보다 괜찮음\n잘먹었습니다. 단골될게용","date":"Mon Dec 10 23:59:44 +0000 2018","retweets":"30","favorites":"20","mentions":[],"hashtags":[],"geo":"","raw":"맛있음 3대족발보다 괜찮음\n잘먹었습니다. 단골될게용","polarity":{"com":0,"pos":0.6435897434712821,"neg":0.32564102573487175,"neut":0.030769230793846157,"none":0},"intensity":{"high":0.037606837600000005,"low":0.09059829060000002,"meium":0.8717948718,"none":0},"expressive":{"dir-action":0,"dir-explicit":0.105982906,"dir-speech":0.594017094,"indirect":0.3,"writing-device":0}},{"id":"송이족발-성내동","permalink":"","username":"asdfg","text":"맛있네요~~!굿굿","date":"Mon Dec 10 23:59:44 +0000 2018","retweets":"30","favorites":"20","mentions":[],"hashtags":[],"geo":"","raw":"맛있네요~~!굿굿","polarity":{"com":0,"pos":0.5,"neg":0.5,"neut":0,"none":0},"intensity":{"high":0,"low":0,"meium":1,"none":0},"expressive":{"dir-action":0,"dir-explicit":0,"dir-speech":0.5,"indirect":0.5,"writing-device":0}},{"id":"송이족발-성내동","permalink":"","username":"asdfg","text":"배달두 빠르구 족발 개꿀맛임!!! ㅋㅋㅋㅋㅋ 포장두 깨끗하니 먹구 치우기두 좋네요~~ 담에또시켜먹을게요~!!!! 수고수고","date":"Mon Dec 10 23:59:44 +0000 2018","retweets":"30","favorites":"20","mentions":[],"hashtags":[],"geo":"","raw":"배달두 빠르구 족발 개꿀맛임!!! ㅋㅋㅋㅋㅋ 포장두 깨끗하니 먹구 치우기두 좋네요~~!!!!ㅋㅋㅋㅋㅋ 담에또시켜먹을게요~!!!! 수고수고","polarity":{"com":0,"pos":0.5755962783804892,"neg":0.31491201485389864,"neut":0.007490636665834373,"none":0.10200107009977766},"intensity":{"high":0.05065889856118432,"low":0.12613261190290365,"meium":0.7212074194134674,"none":0.10200107012244457},"expressive":{"dir-action":0,"dir-explicit":0.20745298531028303,"dir-speech":0.4640112558373321,"indirect":0.196928838978119,"writing-device":0.1316069198742659}},{"id":"송이족발-성내동","permalink":"","username":"asdfg","text":"배달 엄청 빨리 오셨네요 :) 포장도 깔끔하고 족발이랑 막국수랑 서비스 김치전까지 하나도 안빼놓고 다 맛있어요!!!!!","date":"Mon Dec 10 23:59:44 +0000 2018","retweets":"30","favorites":"20","mentions":[],"hashtags":[],"geo":"","raw":"배달 엄청 빨리 오셨네요 :) 포장도 깔끔하고 족발이랑 막국수랑 서비스 김치전까지 하나도 안빼놓고 다 맛있어요!!!!!","polarity":{"com":0.003003003,"pos":0.598898005125,"neg":0.18895793112499998,"neut":0.162611272,"none":0.046529788749999995},"intensity":{"high":0.08904104998886986,"low":0.2783676533402041,"meium":0.5856861325517893,"none":0.04690516411913685},"expressive":{"dir-action":0.0003753753749530781,"dir-explicit":0.2767622533404047,"dir-speech":0.4096987611987876,"indirect":0.2584459459676942,"writing-device":0.054717664118160286}},{"id":"송이족발-성내동","permalink":"","username":"asdfg","text":"고기에서 냄새도 안나고 비계도 적당히 있어서 좋았어요 가격이 괜찮아서 양 기대를 안했는데 양도 생각보다 많네요 겉으로 봐선 뼈때문에 그렇게 보이는 줄 알았는데 그것도 아니고 살도 도톰하네요!\n불족은 불 맛이 나서 너무 좋았어요! 다음에는 다른것도 시켜볼게용\n번창하세요!","date":"Mon Dec 10 23:59:44 +0000 2018","retweets":"30","favorites":"20","mentions":[],"hashtags":[],"geo":"","raw":"고기에서 냄새도 안나고 비계도 적당히 있어서 좋았어요 가격이 괜찮아서 양 기대를 안했는데 양도 생각보다 많네요 겉으로 봐선 뼈때문에 그렇게 보이는 줄 알았는데 그것도 아니고 살도 도톰하네요!\n불족은 불 맛이 나서 너무 좋았어요! 다음에는 다른것도 시켜볼게용\n번창하세요!","polarity":{"com":0.008432945654170496,"pos":0.37480715889903105,"neg":0.44326626128627944,"neut":0.09078276904195316,"none":0.0827108651185658},"intensity":{"high":0.14391007508799308,"low":0.11042976273926382,"meium":0.6627510839355962,"none":0.08290907823714684},"expressive":{"dir-action":0.000363639076937063,"dir-explicit":0.302562962011637,"dir-speech":0.3498213713980701,"indirect":0.2232245023162778,"writing-device":0.12402752519707799}},{"id":"송이족발-성내동","permalink":"","username":"asdfg","text":"깔끔하고 족발 퀄리티가 높음\n잘먹었습니당~^","date":"Mon Dec 10 23:59:44 +0000 2018","retweets":"30","favorites":"20","mentions":[],"hashtags":[],"geo":"","raw":"깔끔하고 족발 퀄리티가 높음\n잘먹었습니당~^","polarity":{"com":0.008008008002669336,"pos":0.6089661092029887,"neg":0.34019734011339914,"neut":0.034820534678273514,"none":0.008008008002669337},"intensity":{"high":0.20470470466666668,"low":0.26612326599999997,"meium":0.5201630203333334,"none":0.009009008999999998},"expressive":{"dir-action":0.001001001,"dir-explicit":0.1755326753333333,"dir-speech":0.410982411,"indirect":0.40347490366666666,"writing-device":0.009009009}},{"id":"송이족발-성내동","permalink":"","username":"asdfg","text":"부드럽고 잡내없고 굿입니다\n양도많음 가격도 대박 \n단골될것같아요 대박나세요","date":"Mon Dec 10 23:59:44 +0000 2018","retweets":"30","favorites":"20","mentions":[],"hashtags":[],"geo":"","raw":"부드럽고 잡내없고 굿입니다\n양도많음 가격도 대박 \n단골될것같아요 대박나세요","polarity":{"com":0.002157497333093612,"pos":0.7232309221418634,"neg":0.19350929553405452,"neut":0.015494753331611696,"none":0.06560753165937697},"intensity":{"high":0.03274772688525025,"low":0.01078748655435695,"meium":0.8897785062344691,"none":0.06668628032592373},"expressive":{"dir-action":0,"dir-explicit":0.3608367540000001,"dir-speech":0.09684454344444444,"indirect":0.4734749248888889,"writing-device":0.06884377766666668}},{"id":"송이족발-성내동","permalink":"","username":"asdfg","text":"부탁한데로 얇게썰어주시고 양념도 적당히 해주시고 맛도있고~잘억었습니다~^^","date":"Mon Dec 10 23:59:44 +0000 2018","retweets":"30","favorites":"20","mentions":[],"hashtags":[],"geo":"","raw":"부탁한데로 얇게썰어주시고 양념도 적당히 해주시고 맛도있고~잘억었습니다~^^","polarity":{"com":0.0039379544291339936,"pos":0.5842423175120347,"neg":0.1817909924545416,"neut":0.027199155432457028,"none":0.20282958017183284},"intensity":{"high":0.06701559941899778,"low":0.07265423413247799,"meium":0.6558585501920203,"none":0.20447161625650406},"expressive":{"dir-action":0.0016420361428571427,"dir-explicit":0.10819258728571428,"dir-speech":0.46123915085714284,"indirect":0.2221909454285714,"writing-device":0.2067352802857143}},{"id":"송이족발-성내동","permalink":"","username":"asdfg","text":"족발이 깔끔하고부드럽고쫄깃해요! 사이드메뉴종류도 다양해서 좋구요 가족 친구등 외식하기도좋구요 그리고 가게 디자인도 너무이뻐서 좋아요^^","date":"Mon Dec 10 23:59:44 +0000 2018","retweets":"30","favorites":"20","mentions":[],"hashtags":[],"geo":"","raw":"족발이 깔끔하고부드럽고쫄깃해요! 사이드메뉴종류도 다양해서 좋구요 가족 친구등 외식하기도좋구요 그리고 가게 디자인도 너무이뻐서 좋아요^^","polarity":{"com":0.007168992416069252,"pos":0.6471478713627377,"neg":0.1778699956518442,"neut":0.03676539833026955,"none":0.13104774223907936},"intensity":{"high":0.0897343535908112,"low":0.09424800909118734,"meium":0.6765265298063772,"none":0.13949110751162427},"expressive":{"dir-action":0.0008676076666666667,"dir-explicit":0.34749086433333337,"dir-speech":0.28981477466666666,"indirect":0.23050664150000003,"writing-device":0.13132011183333334}},{"id":"송이족발-성내동","permalink":"","username":"asdfg","text":"족발은 여기서만 먹어요 불족넘맛나요 매운맛중에서도 제가 좋아하는 매운맛이에요~배달빨라서 넘 감사해요~","date":"Mon Dec 10 23:59:44 +0000 2018","retweets":"30","favorites":"20","mentions":[],"hashtags":[],"geo":"","raw":"족발은 여기서만 먹어요 불족넘맛나요 매운맛중에서도 제가 좋아하는 매운맛이에요~배달빨라서 넘 감사해요~","polarity":{"com":0.003982497,"pos":0.5741553118,"neg":0.3837099812,"neut":0.012540157299999998,"none":0.0256120527},"intensity":{"high":0.12291458952458292,"low":0.05506258991101251,"meium":0.7964107678592822,"none":0.025612052705122408},"expressive":{"dir-action":0,"dir-explicit":0.3356153762,"dir-speech":0.6095269746,"indirect":0.027284812199999998,"writing-device":0.027572837000000006}},{"id":"송이족발-성내동","permalink":"","username":"asdfg","text":"그냥 먹을만함","date":"Mon Dec 10 23:59:44 +0000 2018","retweets":"30","favorites":"20","mentions":[],"hashtags":[],"geo":"","raw":"그냥 먹을만함","polarity":{"com":0.0454545455,"pos":0.2954545455,"neg":0.6363636365,"neut":0,"none":0.0227272725},"intensity":{"high":0.022727272511363635,"low":0.06818181803409092,"meium":0.8863636369431818,"none":0.022727272511363635},"expressive":{"dir-action":0,"dir-explicit":0.13636363650000002,"dir-speech":0.5454545455,"indirect":0.29545454550000005,"writing-device":0.022727272500000003}},{"id":"송이족발-성내동","permalink":"","username":"asdfg","text":"맛나네요 배송도 빠르고 \n맛있게 잘먹었습니다\n족잘양도 많쿠\n불족도 술안주로 딱이었습니다\n다른분들은 시키실때 \n김치좀 많이달라구 하세요\n저는 조금모자르더라구욬ㅋㅋㅋㅋㅋ\n여턴 담엔 김치많이해서 다시먹을게요\n번창하세요~!!","date":"Mon Dec 10 23:59:44 +0000 2018","retweets":"30","favorites":"20","mentions":[],"hashtags":[],"geo":"","raw":"맛나네요 배송도 빠르고 \n맛있게 잘먹었습니다\n족잘양도 많쿠\n불족도 술안주로 딱이었습니다\n다른분들은 시키실때 \n김치좀 많이달라구 하세요\n저는 조금모자르더라구욬ㅋㅋㅋㅋㅋ\n여턴 담엔 김치많이해서 다시먹을게요\n번창하세요~!!","polarity":{"com":0.00042016805887296104,"pos":0.4911869885871985,"neg":0.42153854963782816,"neut":0.033446263827464275,"none":0.05340802988863625},"intensity":{"high":0.10379276881742396,"low":0.1928827920474775,"meium":0.6499164092558872,"none":0.0534080298792113},"expressive":{"dir-action":0.003267973882352941,"dir-explicit":0.2614137354705882,"dir-speech":0.4539599502352941,"indirect":0.22743677176470586,"writing-device":0.053921568647058826}},{"id":"송이족발-성내동","permalink":"","username":"asdfg","text":"주문한지 1시간반되서 오고. 주문한것도 잘못오고..\n나중에 나머지 부분 챙겨주시고 다뿐 막국수 새걸로주셨지만 배달핑계대시고..좀 별로 였습니다\n기다리다 다들 찐증 났었네요.\n맛은 있었지만 조금더 신경서주심이 어떨런지요.","date":"Mon Dec 10 23:59:44 +0000 2018","retweets":"30","favorites":"20","mentions":[],"hashtags":[],"geo":"","raw":"주문한지 1시간반되서 오고. 주문한것도 잘못오고..\n나중에 나머지 부분 챙겨주시고 다뿐 막국수 새걸로주셨지만 배달핑계대시고..좀 별로 였습니다\n기다리다 다들 찐증 났었네요.\n맛은 있었지만 조금더 신경서주심이 어떨런지요.","polarity":{"com":0.006286919999999999,"pos":0.5939257130909091,"neg":0.1731272662272727,"neut":0.11169432427272724,"none":0.11496577640909088},"intensity":{"high":0.09178081046706102,"low":0.04945064000674326,"meium":0.7429437712831286,"none":0.11582477824306703},"expressive":{"dir-action":0.0002002402727454764,"dir-explicit":0.28035751070730525,"dir-speech":0.3869648749442695,"indirect":0.21444657515585877,"writing-device":0.11803079891982099}},{"id":"송이족발-성내동","permalink":"","username":"asdfg","text":"냄새도 안나고 넘 맛있어요!!^.^","date":"Mon Dec 10 23:59:44 +0000 2018","retweets":"30","favorites":"20","mentions":[],"hashtags":[],"geo":"","raw":"냄새도 안나고 넘 맛있어요!!^.^","polarity":{"com":0,"pos":0.08333333333333333,"neg":0.8541666666666666,"neut":0.041666666666666664,"none":0.020833333333333332},"intensity":{"high":0.4375,"low":0,"meium":0.5416666666666666,"none":0.020833333333333332},"expressive":{"dir-action":0,"dir-explicit":0.22916666666666666,"dir-speech":0.3958333333333333,"indirect":0.3333333333333333,"writing-device":0.041666666666666664}},{"id":"송이족발-성내동","permalink":"","username":"asdfg","text":"냉채족발 (중) 3만원\n맛좋고 배달도 30분안에 오셨음~\n김치가 조금더 많았으면 하는 아쉬움","date":"Mon Dec 10 23:59:44 +0000 2018","retweets":"30","favorites":"20","mentions":[],"hashtags":[],"geo":"","raw":"냉채족발 (중) 3만원\n맛좋고 배달도 30분안에 오셨음~\n김치가 조금더 많았으면 하는 아쉬움","polarity":{"com":0.002935139600293514,"pos":0.5732553366573255,"neg":0.3533251231353325,"neut":0.048265599304826566,"none":0.02221880130222188},"intensity":{"high":0.1108990148,"low":0.15669129720000002,"meium":0.7081486042,"none":0.024261083800000003},"expressive":{"dir-action":0.0011494253001149426,"dir-explicit":0.3202586207320259,"dir-speech":0.4726293103472629,"indirect":0.18029556651802955,"writing-device":0.02566707710256671}},{"id":"송이족발-성내동","permalink":"","username":"asdfg","text":"맛은있는데 ㅡㅡ 불족이 살이하나도없고 다비개뿐이에요 ㅠㅠ  앞다리가 원래살고기가없나요?\n양은 적은편이에요","date":"Mon Dec 10 23:59:44 +0000 2018","retweets":"30","favorites":"20","mentions":[],"hashtags":[],"geo":"","raw":"맛은있는데 ㅡㅡ 불족이 살이하나도없고 다비개뿐이에요 ㅠㅠ  앞다리가 원래살고기가없나요?\n양은 적은편이에요","polarity":{"com":0.008544486090132319,"pos":0.4757815683203835,"neg":0.35595421605854954,"neut":0.08954834990095015,"none":0.07017137962998443},"intensity":{"high":0.07297696073390701,"low":0.11632015719239275,"meium":0.7384367209762216,"none":0.07226616109747876},"expressive":{"dir-action":0.0004004805454545454,"dir-explicit":0.41137874872727276,"dir-speech":0.3211779337272727,"indirect":0.19382313918181818,"writing-device":0.07321969781818181}},{"id":"송이족발-성내동","permalink":"","username":"asdfg","text":"맛은 괸찮음","date":"Mon Dec 10 23:59:44 +0000 2018","retweets":"30","favorites":"20","mentions":[],"hashtags":[],"geo":"","raw":"맛은 괸찮음","polarity":{"com":0,"pos":1,"neg":0,"neut":0,"none":0},"intensity":{"high":0,"low":0,"meium":1,"none":0},"expressive":{"dir-action":0,"dir-explicit":0,"dir-speech":1,"indirect":0,"writing-device":0}},{"id":"송이족발-성내동","permalink":"","username":"asdfg","text":"9웃","date":"Mon Dec 10 23:59:44 +0000 2018","retweets":"30","favorites":"20","mentions":[],"hashtags":[],"geo":"","raw":"9웃","polarity":{"com":0.5,"pos":0.5,"neg":0,"neut":0,"none":0},"intensity":{"high":0,"low":0,"meium":1,"none":0},"expressive":{"dir-action":0,"dir-explicit":0,"dir-speech":0,"indirect":1,"writing-device":0}},{"id":"송이족발-성내동","permalink":"","username":"asdfg","text":"맛있게 먹었어요~\n반반시켜먹었는데 불족발은 좀 짠게 흠이네요...","date":"Mon Dec 10 23:59:44 +0000 2018","retweets":"30","favorites":"20","mentions":[],"hashtags":[],"geo":"","raw":"맛있게 먹었어요~\n반반시켜먹었는데 불족발은 좀 짠게 흠이네요...","polarity":{"com":0.0028594771246425654,"pos":0.36016842620497896,"neg":0.5785256411776842,"neut":0.030668677746166415,"none":0.027777777746527777},"intensity":{"high":0.07415786825,"low":0.101558572125,"meium":0.796505781875,"none":0.02777777775},"expressive":{"dir-action":0.006944444500000001,"dir-explicit":0.31991578687500005,"dir-speech":0.584087481125,"indirect":0.05882352937500001,"writing-device":0.030228758125000005}},{"id":"송이족발-성내동","permalink":"","username":"asdfg","text":"맛나요^^ 우리집은 항상 이집에서 시켜요\n다들 나오는 막국수가 안오는게 흠이라면 흠이랄까?\n족발 맛나고 불족은 적당히 맵고 굿~","date":"Mon Dec 10 23:59:44 +0000 2018","retweets":"30","favorites":"20","mentions":[],"hashtags":[],"geo":"","raw":"맛나요^^ 우리집은 항상 이집에서 시켜요\n다들 나오는 막국수가 안오는게 흠이라면 흠이랄까?\n족발 맛나고 불족은 적당히 맵고 굿~","polarity":{"com":0.010614372537645049,"pos":0.4709241628099289,"neg":0.3742031916635228,"neut":0.08776372937786434,"none":0.056494543611038874},"intensity":{"high":0.06460439916875485,"low":0.09423238148328439,"meium":0.7819828619496884,"none":0.05918035739827238},"expressive":{"dir-action":0.0008841733078283344,"dir-explicit":0.2612691601171183,"dir-speech":0.46213007791725075,"indirect":0.21355293395593122,"writing-device":0.06216365470187133}},{"id":"송이족발-성내동","permalink":"","username":"asdfg","text":"와우,  음식에 감동 감동\n단골 될듯","date":"Mon Dec 10 23:59:44 +0000 2018","retweets":"30","favorites":"20","mentions":[],"hashtags":[],"geo":"","raw":"와우,  음식에 감동 감동\n단골 될듯","polarity":{"com":0,"pos":0.8333333333333334,"neg":0.111111111,"neut":0,"none":0.055555555666666666},"intensity":{"high":0,"low":0.05555555564814815,"meium":0.8888888887037038,"none":0.05555555564814815},"expressive":{"dir-action":0,"dir-explicit":0.055555555666666666,"dir-speech":0.111111111,"indirect":0.7777777776666667,"writing-device":0.055555555666666666}},{"id":"송이족발-성내동","permalink":"","username":"asdfg","text":"리뷰 믿고 주문 하였는데 괜찮네요~","date":"Mon Dec 10 23:59:44 +0000 2018","retweets":"30","favorites":"20","mentions":[],"hashtags":[],"geo":"","raw":"리뷰 믿고 주문 하였는데 괜찮네요~","polarity":{"com":0.007625272333333332,"pos":0.5729847493333333,"neg":0.31481481499999997,"neut":0.03050108933333333,"none":0.07407407399999999},"intensity":{"high":0.09803921566666667,"low":0.082788671,"meium":0.7450980393333332,"none":0.074074074},"expressive":{"dir-action":0,"dir-explicit":0.5838779958612926,"dir-speech":0.17864923739288308,"indirect":0.15686274505228756,"writing-device":0.08061002169353666}},{"id":"송이족발-성내동","permalink":"","username":"asdfg","text":"족발고기가 찰진데다 쫄깃쫄깃 넘맛있네여.","date":"Mon Dec 10 23:59:44 +0000 2018","retweets":"30","favorites":"20","mentions":[],"hashtags":[],"geo":"","raw":"족발고기가 찰진데다 쫄깃쫄깃 넘맛있네여.","polarity":{"com":0,"pos":0.16666666666666666,"neg":0.38888888899999996,"neut":0.3333333333333333,"none":0.111111111},"intensity":{"high":0.055555555666666666,"low":0,"meium":0.8333333333333334,"none":0.111111111},"expressive":{"dir-action":0,"dir-explicit":0,"dir-speech":0.7222222223333333,"indirect":0.16666666666666666,"writing-device":0.111111111}},{"id":"송이족발-성내동","permalink":"","username":"asdfg","text":"맛있어요. 예전부터 단골이에요ㅎㅎ 불족 짱!","date":"Mon Dec 10 23:59:44 +0000 2018","retweets":"30","favorites":"20","mentions":[],"hashtags":[],"geo":"","raw":"맛있어요. 예전부터 단골이에요ㅎㅎ 불족 짱!","polarity":{"com":0,"pos":0.5,"neg":0.5,"neut":0,"none":0},"intensity":{"high":0,"low":0,"meium":1,"none":0},"expressive":{"dir-action":0,"dir-explicit":0.25,"dir-speech":0.25,"indirect":0.5,"writing-device":0}}]