[{"id":"홍대칼국수와족발 강남점CESCO","permalink":"","username":"asdfg","text":"맛있게먹었어요~~~~~~~","date":"Mon Dec 10 23:59:44 +0000 2018","retweets":"30","favorites":"20","mentions":[],"hashtags":[],"geo":"","raw":"맛있게먹었어요~~~~~~~","polarity":{"com":0,"pos":0.1666666665,"neg":0.8333333334999999,"neut":0,"none":0},"intensity":{"high":0.0555555555,"low":0.111111111,"meium":0.8333333334999999,"none":0},"expressive":{"dir-action":0,"dir-explicit":0.111111111,"dir-speech":0.888888889,"indirect":0,"writing-device":0}},{"id":"홍대칼국수와족발 강남점CESCO","permalink":"","username":"asdfg","text":"맛나요~ 이젠 여기서만 시켜먹을거같네용","date":"Mon Dec 10 23:59:44 +0000 2018","retweets":"30","favorites":"20","mentions":[],"hashtags":[],"geo":"","raw":"맛나요~ 이젠 여기서만 시켜먹을거같네용","polarity":{"com":0,"pos":0.4025641024805128,"neg":0.5000000000999999,"neut":0.01025641020205128,"none":0.08717948721743589},"intensity":{"high":0.0427350428,"low":0.0547008546,"meium":0.8153846154,"none":0.0871794872},"expressive":{"dir-action":0,"dir-explicit":0.09059829059999999,"dir-speech":0.6068376068,"indirect":0.020512820600000002,"writing-device":0.282051282}},{"id":"홍대칼국수와족발 강남점CESCO","permalink":"","username":"asdfg","text":"쌈도없고무김치도조금이라1인셋트라고해도좀너무하네요ㅜ맛은자주시키던곳이라맛있는건인정~~~~","date":"Mon Dec 10 23:59:44 +0000 2018","retweets":"30","favorites":"20","mentions":[],"hashtags":[],"geo":"","raw":"쌈도없고무김치도조금이라1인셋트라고해도좀너무하네요ㅜ맛은자주시키던곳이라맛있는건인정~~~~","polarity":{"com":0.019668534098033146,"pos":0.45443510725455644,"neg":0.4328571429567143,"neut":0.02724556489727544,"none":0.06579365079342064},"intensity":{"high":0.060364145699999996,"low":0.1251540616,"meium":0.7486881419,"none":0.0657936508},"expressive":{"dir-action":0.0055555555999999996,"dir-explicit":0.2226237162,"dir-speech":0.6158169934,"indirect":0.0889635854,"writing-device":0.0670401494}},{"id":"홍대칼국수와족발 강남점CESCO","permalink":"","username":"asdfg","text":"매콤하면서 맛있네요 근데 개인적으로 그냥 족발이 더 맛있음 ㅎㅎ","date":"Mon Dec 10 23:59:44 +0000 2018","retweets":"30","favorites":"20","mentions":[],"hashtags":[],"geo":"","raw":"매콤하면서 맛있네요 근데 개인적으로 그냥 족발이 더 맛있음 ㅎㅎ","polarity":{"com":0.004804804800000001,"pos":0.4225225226,"neg":0.5612612612,"neut":0.0066066066,"none":0.0048048048},"intensity":{"high":0.022822822800000003,"low":0.016816816800000002,"meium":0.954954955,"none":0.0054054053999999995},"expressive":{"dir-action":0.0006006006000000003,"dir-explicit":0.06246246240000001,"dir-speech":0.7180180180000001,"indirect":0.2135135136,"writing-device":0.0054054054}},{"id":"홍대칼국수와족발 강남점CESCO","permalink":"","username":"asdfg","text":"역시 맛있습니다~~~~~~~","date":"Mon Dec 10 23:59:44 +0000 2018","retweets":"30","favorites":"20","mentions":[],"hashtags":[],"geo":"","raw":"역시 맛있습니다~~~~~~~","polarity":{"com":0,"pos":0.3333333333333333,"neg":0,"neut":0.3333333333333333,"none":0.3333333333333333},"intensity":{"high":0,"low":0.3333333333333333,"meium":0.3333333333333333,"none":0.3333333333333333},"expressive":{"dir-action":0,"dir-explicit":0.3333333333333333,"dir-speech":0.3333333333333333,"indirect":0,"writing-device":0.3333333333333333}},{"id":"홍대칼국수와족발 강남점CESCO","permalink":"","username":"asdfg","text":"불족발 대박 맛있고요. 그냥 족발이랑 같이먹으니 양도 어마어마하게 많네요. 레몬소스와 새우젓은 따로 비닐봉투에 담아주는 건 너무 세심한 서비스라 기분 좋네요.","date":"Mon Dec 10 23:59:44 +0000 2018","retweets":"30","favorites":"20","mentions":[],"hashtags":[],"geo":"","raw":"불족발 대박 맛있고요. 그냥 족발이랑 같이먹으니 양도 어마어마하게 많네요. 레몬소스와 새우젓은 따로 비닐봉투에 담아주는 건 너무 세심한 서비스라 기분 좋네요.","polarity":{"com":0.0149254203125,"pos":0.324543742,"neg":0.533373589625,"neut":0.0685137755625,"none":0.0586434725},"intensity":{"high":0.21109369108888673,"low":0.17079128927134893,"meium":0.559096171757387,"none":0.05901884788237736},"expressive":{"dir-action":0.000375375375,"dir-explicit":0.2606082959375,"dir-speech":0.4219338210625,"indirect":0.25702199312499996,"writing-device":0.0600605145}},{"id":"홍대칼국수와족발 강남점CESCO","permalink":"","username":"asdfg","text":"작은줄알았는데 양이 믾네요잘먹었어요","date":"Mon Dec 10 23:59:44 +0000 2018","retweets":"30","favorites":"20","mentions":[],"hashtags":[],"geo":"","raw":"작은줄알았는데 양이 믾네요잘먹었어요","polarity":{"com":0,"pos":0.25,"neg":0.75,"neut":0,"none":0},"intensity":{"high":0,"low":0.5,"meium":0.5,"none":0},"expressive":{"dir-action":0,"dir-explicit":0,"dir-speech":0.5,"indirect":0,"writing-device":0.5}},{"id":"홍대칼국수와족발 강남점CESCO","permalink":"","username":"asdfg","text":"냄새없구맛있어여..근데 볶음밥은 별루","date":"Mon Dec 10 23:59:44 +0000 2018","retweets":"30","favorites":"20","mentions":[],"hashtags":[],"geo":"","raw":"냄새없구맛있어여..근데 볶음밥은 별루","polarity":{"com":0.005649717666666667,"pos":0.11864406766666664,"neg":0.8531073446666666,"neut":0.011299434999999997,"none":0.011299434999999997},"intensity":{"high":0.36723163845574386,"low":0.04519774001506591,"meium":0.5762711865254238,"none":0.011299435003766477},"expressive":{"dir-action":0,"dir-explicit":0.09039548033333333,"dir-speech":0.5197740113333333,"indirect":0.37853107333333336,"writing-device":0.011299434999999998}},{"id":"홍대칼국수와족발 강남점CESCO","permalink":"","username":"asdfg","text":"양도 푸짐하고 매우 맛있습니다","date":"Mon Dec 10 23:59:44 +0000 2018","retweets":"30","favorites":"20","mentions":[],"hashtags":[],"geo":"","raw":"양도 푸짐하고 매우 맛있습니다","polarity":{"com":0.012012012,"pos":0.8063063065,"neg":0.153153153,"neut":0.0165165165,"none":0.012012012},"intensity":{"high":0.557057057,"low":0.042042042,"meium":0.3873873875,"none":0.0135135135},"expressive":{"dir-action":0.0015015015,"dir-explicit":0.3228228225,"dir-speech":0.045045045,"indirect":0.6171171175,"writing-device":0.0135135135}},{"id":"홍대칼국수와족발 강남점CESCO","permalink":"","username":"asdfg","text":"족발은 매번 여기에서 시켜먹어요 너무 맛있고 항상 잘 챙겨주셔서 감사합니다^^","date":"Mon Dec 10 23:59:44 +0000 2018","retweets":"30","favorites":"20","mentions":[],"hashtags":[],"geo":"","raw":"족발은 매번 여기에서 시켜먹어요 너무 맛있고 항상 잘 챙겨주셔서 감사합니다^^","polarity":{"com":0.026634382666666664,"pos":0.5553537798333333,"neg":0.40671240249999996,"neut":0.005649717499999999,"none":0.005649717499999999},"intensity":{"high":0.22594386153765733,"low":0.0834454308472409,"meium":0.6849609901141601,"none":0.005649717500941619},"expressive":{"dir-action":0,"dir-explicit":0.2608062056666667,"dir-speech":0.687135683,"indirect":0.04640839383333333,"writing-device":0.005649717499999999}}]