[{"id":"40년전통원할매족발","permalink":"","username":"asdfg","text":"맛있어요 정말 굿굿긋ㆍ굿굿","date":"Mon Dec 10 23:59:44 +0000 2018","retweets":"30","favorites":"20","mentions":[],"hashtags":[],"geo":"","raw":"맛있어요 정말 굿굿긋ㆍ굿굿","polarity":{"com":0,"pos":0.6875,"neg":0.25,"neut":0,"none":0.0625},"intensity":{"high":0.125,"low":0,"meium":0.8125,"none":0.0625},"expressive":{"dir-action":0,"dir-explicit":0.125,"dir-speech":0.3125,"indirect":0.5,"writing-device":0.0625}},{"id":"40년전통원할매족발","permalink":"","username":"asdfg","text":"너무 맛있었어요ㅎㅎ굴도 싱싱하고ㅋㅋ","date":"Mon Dec 10 23:59:44 +0000 2018","retweets":"30","favorites":"20","mentions":[],"hashtags":[],"geo":"","raw":"너무 맛있었어요ㅎㅎ굴도 싱싱하고ㅋㅋ","polarity":{"com":0.053831417666666666,"pos":0.22632731233333334,"neg":0.4817186646666667,"neut":0.027750410333333336,"none":0.210372195},"intensity":{"high":0.13355227162214925,"low":0.12785987962404674,"meium":0.5243842361585386,"none":0.21420361259526546},"expressive":{"dir-action":0.0038314176666666665,"dir-explicit":0.306020799,"dir-speech":0.3331691296666666,"indirect":0.13749315833333334,"writing-device":0.2194854953333333}},{"id":"40년전통원할매족발","permalink":"","username":"asdfg","text":"김치가 조금 달았지만맛있게 잘먹었습니다 ","date":"Mon Dec 10 23:59:44 +0000 2018","retweets":"30","favorites":"20","mentions":[],"hashtags":[],"geo":"","raw":"김치가 조금 달았지만맛있게 잘먹었습니다 ","polarity":{"com":0.004464285751116071,"pos":0.28125000007031253,"neg":0.6696428571674107,"neut":0.03794642850948662,"none":0.006696428501674108},"intensity":{"high":0.1651785715,"low":0.08035714275,"meium":0.7455357142500001,"none":0.0089285715},"expressive":{"dir-action":0,"dir-explicit":0.2723214285,"dir-speech":0.36383928575,"indirect":0.35714285724999995,"writing-device":0.0066964285}},{"id":"40년전통원할매족발","permalink":"","username":"asdfg","text":"잘먹었습니다 ㅎ 배달도 적당함","date":"Mon Dec 10 23:59:44 +0000 2018","retweets":"30","favorites":"20","mentions":[],"hashtags":[],"geo":"","raw":"잘먹었습니다 ㅎ 배달도 적당함","polarity":{"com":0,"pos":0.9047619049682539,"neg":0.07142857135714285,"neut":0.023809523674603175,"none":0},"intensity":{"high":0,"low":0.07142857133333333,"meium":0.9285714286666668,"none":0},"expressive":{"dir-action":0,"dir-explicit":0.07142857133333333,"dir-speech":0.380952381,"indirect":0.5476190476666667,"writing-device":0}},{"id":"40년전통원할매족발","permalink":"","username":"asdfg","text":"남은거 찜기에 쪄먹어도 좋았습니다.","date":"Mon Dec 10 23:59:44 +0000 2018","retweets":"30","favorites":"20","mentions":[],"hashtags":[],"geo":"","raw":"남은거 찜기에 쪄먹어도 좋았습니다.","polarity":{"com":0,"pos":0.62583333325,"neg":0.36416666675,"neut":0,"none":0.01},"intensity":{"high":0.07777777775,"low":0.0655555555,"meium":0.84666666675,"none":0.01},"expressive":{"dir-action":0,"dir-explicit":0.2680555555,"dir-speech":0.24444444450000002,"indirect":0.4775,"writing-device":0.01}},{"id":"40년전통원할매족발","permalink":"","username":"asdfg","text":"기대돼요오?!!!!!","date":"Mon Dec 10 23:59:44 +0000 2018","retweets":"30","favorites":"20","mentions":[],"hashtags":[],"geo":"","raw":"기대돼요오?!!!!!","polarity":{"com":null,"pos":null,"neg":null,"neut":null,"none":null},"intensity":{"high":null,"low":null,"meium":null,"none":null},"expressive":{"dir-action":null,"dir-explicit":null,"dir-speech":null,"indirect":null,"writing-device":null}},{"id":"40년전통원할매족발","permalink":"","username":"asdfg","text":"ㅎ 맛있음","date":"Mon Dec 10 23:59:44 +0000 2018","retweets":"30","favorites":"20","mentions":[],"hashtags":[],"geo":"","raw":"ㅎㅎㅎㅎㅎㅎㅎㅎㅎㅎㅎㅎㅎ 맛있음","polarity":{"com":0,"pos":0,"neg":1,"neut":0,"none":0},"intensity":{"high":0,"low":0,"meium":1,"none":0},"expressive":{"dir-action":0,"dir-explicit":0,"dir-speech":1,"indirect":0,"writing-device":0}},{"id":"40년전통원할매족발","permalink":"","username":"asdfg","text":"너무 맛있었습니다 감사합니다","date":"Mon Dec 10 23:59:44 +0000 2018","retweets":"30","favorites":"20","mentions":[],"hashtags":[],"geo":"","raw":"너무 맛있었습니다 감사합니다","polarity":{"com":0.0714285715,"pos":0.5714285715,"neg":0.357142857,"neut":0,"none":0},"intensity":{"high":0.5714285715,"low":0.0714285715,"meium":0.357142857,"none":0},"expressive":{"dir-action":0,"dir-explicit":0.2857142855,"dir-speech":0.642857143,"indirect":0.0714285715,"writing-device":0}},{"id":"40년전통원할매족발","permalink":"","username":"asdfg","text":"약간 식은거 빼곤 싸고 맛있었어요","date":"Mon Dec 10 23:59:44 +0000 2018","retweets":"30","favorites":"20","mentions":[],"hashtags":[],"geo":"","raw":"약간 식은거 빼곤 싸고 맛있었어요","polarity":{"com":0,"pos":0,"neg":1,"neut":0,"none":0},"intensity":{"high":0.3333333333333333,"low":0,"meium":0.6666666666666666,"none":0},"expressive":{"dir-action":0,"dir-explicit":0,"dir-speech":0.5,"indirect":0.3333333333333333,"writing-device":0.16666666666666666}},{"id":"40년전통원할매족발","permalink":"","username":"asdfg","text":"아직먹진않았지만기대되는 1인","date":"Mon Dec 10 23:59:44 +0000 2018","retweets":"30","favorites":"20","mentions":[],"hashtags":[],"geo":"","raw":"아직먹진않았지만기대되는 1인","polarity":{"com":0,"pos":0.43915343914638455,"neg":0.36931216945643736,"neut":0.031746031677248675,"none":0.15978835971992947},"intensity":{"high":0.010582010666666669,"low":0.07936507933333332,"meium":0.7502645503333333,"none":0.15978835966666668},"expressive":{"dir-action":0,"dir-explicit":0.5195767196666666,"dir-speech":0.28888888900000004,"indirect":0.026455026333333336,"writing-device":0.165079365}},{"id":"40년전통원할매족발","permalink":"","username":"asdfg","text":"맛있습니다. 불족 최고에요","date":"Mon Dec 10 23:59:44 +0000 2018","retweets":"30","favorites":"20","mentions":[],"hashtags":[],"geo":"","raw":"맛있습니다. 불족 최고에요","polarity":{"com":0,"pos":0.2962962963333333,"neg":0.7037037036666667,"neut":0,"none":0},"intensity":{"high":0.2592592593333333,"low":0,"meium":0.7407407406666667,"none":0},"expressive":{"dir-action":0,"dir-explicit":0.3333333333333333,"dir-speech":0.3333333333333333,"indirect":0.3333333333333333,"writing-device":0}},{"id":"40년전통원할매족발","permalink":"","username":"asdfg","text":"족발이 느끼하고 약하게 돼지 특유의 냄세가 남아 있어요.다른 부분은 깔끔하게 포장되어와서 좋았어요.","date":"Mon Dec 10 23:59:44 +0000 2018","retweets":"30","favorites":"20","mentions":[],"hashtags":[],"geo":"","raw":"족발이 느끼하고 약하게 돼지 특유의 냄세가 남아 있어요.다른 부분은 깔끔하게 포장되어와서 좋았어요.","polarity":{"com":0.015435831181818184,"pos":0.48116839809090917,"neg":0.3855335017272728,"neut":0.10492470845454549,"none":0.012937560545454549},"intensity":{"high":0.07540087683189108,"low":0.11151730856573042,"meium":0.7991977729634905,"none":0.013884041638888006},"expressive":{"dir-action":0.0009464810909951347,"dir-explicit":0.28740443757158224,"dir-speech":0.28021115920729195,"indirect":0.4175538804925049,"writing-device":0.01388404163762582}},{"id":"40년전통원할매족발","permalink":"","username":"asdfg","text":"맛있어요 다음에도 부탁드립니다","date":"Mon Dec 10 23:59:44 +0000 2018","retweets":"30","favorites":"20","mentions":[],"hashtags":[],"geo":"","raw":"맛있어요 다음에도 부탁드립니다","polarity":{"com":0.002380952333333333,"pos":0.07142857133333332,"neg":0.7761904763333333,"neut":0.004761904666666666,"none":0.14523809533333332},"intensity":{"high":0.047619047666666664,"low":0.038095238,"meium":0.7690476190000001,"none":0.14523809533333334},"expressive":{"dir-action":0,"dir-explicit":0.06190476197936508,"dir-speech":0.766666666411111,"indirect":0.028571428657142857,"writing-device":0.14285714295238094}},{"id":"40년전통원할매족발","permalink":"","username":"asdfg","text":"맛있다맛있어요맛있어요\n맛있어요","date":"Mon Dec 10 23:59:44 +0000 2018","retweets":"30","favorites":"20","mentions":[],"hashtags":[],"geo":"","raw":"맛있다맛있어요맛있어요\n맛있어요","polarity":{"com":0,"pos":0,"neg":1,"neut":0,"none":0},"intensity":{"high":0,"low":0,"meium":1,"none":0},"expressive":{"dir-action":0,"dir-explicit":0,"dir-speech":1,"indirect":0,"writing-device":0}},{"id":"40년전통원할매족발","permalink":"","username":"asdfg","text":"보쌈고기에 돼지비린네...ㅜㅜ 삶아놓고 시간이 넘 지난듯 육즙 다 빠져있고... 그나마 족발이 좀 나은듯 한데... 돈 아까비..ㅜㅜ","date":"Mon Dec 10 23:59:44 +0000 2018","retweets":"30","favorites":"20","mentions":[],"hashtags":[],"geo":"","raw":"보쌈고기에 돼지비린네...ㅜㅜ 삶아놓고 시간이 넘 지난듯 육즙 다 빠져있고... 그나마 족발이 좀 나은듯 한데... 돈 아까비..ㅜㅜ","polarity":{"com":0.002803364,"pos":0.3844851917272727,"neg":0.33550260300000007,"neut":0.11407021763636363,"none":0.16313862363636364},"intensity":{"high":0.1037673779811332,"low":0.07262047789588719,"meium":0.6600730399708958,"none":0.1635391041520838},"expressive":{"dir-action":0.0004004805454181381,"dir-explicit":0.22054560716176858,"dir-speech":0.3618437362398324,"indirect":0.25367107188602994,"writing-device":0.163539104166951}},{"id":"40년전통원할매족발","permalink":"","username":"asdfg","text":"괜찮아요 고기가 약간 그렇네요 ㅎㅎ;;","date":"Mon Dec 10 23:59:44 +0000 2018","retweets":"30","favorites":"20","mentions":[],"hashtags":[],"geo":"","raw":"괜찮아요 고기가 약간 그렇네요 ㅎㅎ;;","polarity":{"com":0.0114379085,"pos":0.31781045750000003,"neg":0.38888888899999996,"neut":0.045751634,"none":0.23611111099999998},"intensity":{"high":0.23039215661519608,"low":0.12418300656209151,"meium":0.4093137257046569,"none":0.23611111111805555},"expressive":{"dir-action":0,"dir-explicit":0.25081699362540844,"dir-speech":0.26797385613398694,"indirect":0.23529411761764704,"writing-device":0.24591503262295752}},{"id":"40년전통원할매족발","permalink":"","username":"asdfg","text":"주말마다시켜먹어요 정말맛잇어요","date":"Mon Dec 10 23:59:44 +0000 2018","retweets":"30","favorites":"20","mentions":[],"hashtags":[],"geo":"","raw":"주말마다시켜먹어요 정말맛잇어요","polarity":{"com":0,"pos":0.5277777776666667,"neg":0.38888888899999996,"neut":0,"none":0.08333333333333333},"intensity":{"high":0.20370370366666668,"low":0.074074074,"meium":0.638888889,"none":0.08333333333333333},"expressive":{"dir-action":0,"dir-explicit":0.40740740733333336,"dir-speech":0.5092592593333333,"indirect":0,"writing-device":0.08333333333333333}},{"id":"40년전통원할매족발","permalink":"","username":"asdfg","text":"양도푸짐하고 맛있네요 자주이용할게요","date":"Mon Dec 10 23:59:44 +0000 2018","retweets":"30","favorites":"20","mentions":[],"hashtags":[],"geo":"","raw":"양도푸짐하고 맛있네요 자주이용할게요","polarity":{"com":0.008008007999999999,"pos":0.5375375376666666,"neg":0.4354354353333333,"neut":0.011011011,"none":0.008008007999999999},"intensity":{"high":0.038038037999999996,"low":0.36136136133333335,"meium":0.5915915916666666,"none":0.009009009},"expressive":{"dir-action":0.0010010010000000003,"dir-explicit":0.104104104,"dir-speech":0.6966966966666668,"indirect":0.18918918933333334,"writing-device":0.009009009}},{"id":"40년전통원할매족발","permalink":"","username":"asdfg","text":"ㅠㅠ보쌈은 그냥저냥 먹을만한데 족발이랑,국수가 너무 맛이없어요..","date":"Mon Dec 10 23:59:44 +0000 2018","retweets":"30","favorites":"20","mentions":[],"hashtags":[],"geo":"","raw":"ㅠㅠ보쌈은 그냥저냥 먹을만한데 족발이랑,국수가 너무 맛이없어요..","polarity":{"com":0.0108447544,"pos":0.46077266339999995,"neg":0.456501485,"neut":0.032559827400000005,"none":0.0393212698},"intensity":{"high":0.11936425659999998,"low":0.11240913559999997,"meium":0.7251778759999999,"none":0.04304873179999999},"expressive":{"dir-action":0,"dir-explicit":0.2591186258,"dir-speech":0.572638409,"indirect":0.12309645259999999,"writing-device":0.0451465126}},{"id":"40년전통원할매족발","permalink":"","username":"asdfg","text":"배달도 빠르고 맛있게 잘먹었네요","date":"Mon Dec 10 23:59:44 +0000 2018","retweets":"30","favorites":"20","mentions":[],"hashtags":[],"geo":"","raw":"배달도 빠르고 맛있게 잘먹었네요","polarity":{"com":0,"pos":0.6785714286696428,"neg":0.30357142857589287,"neut":0.017857142754464286,"none":0},"intensity":{"high":0,"low":0.13690476175,"meium":0.86309523825,"none":0},"expressive":{"dir-action":0,"dir-explicit":0.0535714285,"dir-speech":0.53571428575,"indirect":0.41071428575,"writing-device":0}},{"id":"40년전통원할매족발","permalink":"","username":"asdfg","text":"맛있게 배달해 주셨네요^^","date":"Mon Dec 10 23:59:44 +0000 2018","retweets":"30","favorites":"20","mentions":[],"hashtags":[],"geo":"","raw":"맛있게 배달해 주셨네요^^","polarity":{"com":0,"pos":0.5,"neg":0.5,"neut":0,"none":0},"intensity":{"high":0,"low":0,"meium":1,"none":0},"expressive":{"dir-action":0,"dir-explicit":0,"dir-speech":1,"indirect":0,"writing-device":0}},{"id":"40년전통원할매족발","permalink":"","username":"asdfg","text":"잡내없고 맛있네요....","date":"Mon Dec 10 23:59:44 +0000 2018","retweets":"30","favorites":"20","mentions":[],"hashtags":[],"geo":"","raw":"잡내없고 맛있네요....","polarity":{"com":0.006472491999999999,"pos":0.23462783166666665,"neg":0.6974110033333333,"neut":0.016181229666666665,"none":0.04530744333333333},"intensity":{"high":0.07443365697518878,"low":0.03236245965587918,"meium":0.84466019405178,"none":0.048543689317152104},"expressive":{"dir-action":0,"dir-explicit":0.253505933084502,"dir-speech":0.515641855505214,"indirect":0.175836030058612,"writing-device":0.05501618135167206}},{"id":"40년전통원할매족발","permalink":"","username":"asdfg","text":"맛있게 하네요.....","date":"Mon Dec 10 23:59:44 +0000 2018","retweets":"30","favorites":"20","mentions":[],"hashtags":[],"geo":"","raw":"맛있게 하네요.....","polarity":{"com":0.0057471265,"pos":0.16091954,"neg":0.7011494255,"neut":0.0344827585,"none":0.0977011495},"intensity":{"high":0.05747126447126437,"low":0.0632183909683908,"meium":0.775862068612069,"none":0.10344827594827587},"expressive":{"dir-action":0.005747126502873563,"dir-explicit":0.08045977004022989,"dir-speech":0.7068965518534482,"indirect":0.09195402304597701,"writing-device":0.11494252855747127}},{"id":"40년전통원할매족발","permalink":"","username":"asdfg","text":"역시 족발이 최고죠","date":"Mon Dec 10 23:59:44 +0000 2018","retweets":"30","favorites":"20","mentions":[],"hashtags":[],"geo":"","raw":"역시 족발이 최고죠","polarity":{"com":0.015418502007709252,"pos":0.3825256976912628,"neg":0.22026431711013217,"neut":0.21071953010535976,"none":0.171071953085536},"intensity":{"high":0.05286343605286344,"low":0.23274596173274598,"meium":0.541116006041116,"none":0.17327459617327462},"expressive":{"dir-action":0.002202643002202643,"dir-explicit":0.37371512487371517,"dir-speech":0.3472834068472834,"indirect":0.10352422910352423,"writing-device":0.17327459617327462}},{"id":"40년전통원할매족발","permalink":"","username":"asdfg","text":"푸짐하고 맛있습니다 ㅎㅎ","date":"Mon Dec 10 23:59:44 +0000 2018","retweets":"30","favorites":"20","mentions":[],"hashtags":[],"geo":"","raw":"푸짐하고 맛있습니다 ㅎㅎ","polarity":{"com":0.012012012,"pos":0.3063063065,"neg":0.653153153,"neut":0.0165165165,"none":0.012012012},"intensity":{"high":0.057057057,"low":0.042042042,"meium":0.8873873875,"none":0.0135135135},"expressive":{"dir-action":0.0015015015000000005,"dir-explicit":0.15615615600000002,"dir-speech":0.5450450450000001,"indirect":0.28378378400000004,"writing-device":0.013513513500000003}},{"id":"40년전통원할매족발","permalink":"","username":"asdfg","text":"3명이서 대자시켜먹었는데 배터지고 아구도 터질뻔했어요!! 맛나네요 ㅎㅎ","date":"Mon Dec 10 23:59:44 +0000 2018","retweets":"30","favorites":"20","mentions":[],"hashtags":[],"geo":"","raw":"3명이서 대자시켜먹었는데 배터지고 아구도 터질뻔했어요!! 맛나네요 ㅎㅎ","polarity":{"com":0.0075959722,"pos":0.3418991678,"neg":0.5411216,"neut":0.0204782882,"none":0.0889049718},"intensity":{"high":0.19098664436180263,"low":0.16198727356760254,"meium":0.5572400530885521,"none":0.0897860289820428},"expressive":{"dir-action":0.0119921684,"dir-explicit":0.29932731980000005,"dir-speech":0.36081812460000007,"indirect":0.23950492959999997,"writing-device":0.0883574576}},{"id":"40년전통원할매족발","permalink":"","username":"asdfg","text":"맛있게 잘먹었습니다\n또 시킬게요","date":"Mon Dec 10 23:59:44 +0000 2018","retweets":"30","favorites":"20","mentions":[],"hashtags":[],"geo":"","raw":"맛있게 잘먹었습니다\n또 시킬게요","polarity":{"com":0,"pos":0.2857142856666666,"neg":0.5476190476666667,"neut":0.023809523666666665,"none":0.142857143},"intensity":{"high":0,"low":0.07142857133333333,"meium":0.7857142856666668,"none":0.142857143},"expressive":{"dir-action":0,"dir-explicit":0.119047619,"dir-speech":0.47619047633333333,"indirect":0.21428571433333332,"writing-device":0.19047619033333332}},{"id":"40년전통원할매족발","permalink":"","username":"asdfg","text":"전문족발집이 아니구 야식집이네요..\n보족세트 시켰는데\n족발은 마트에파는거 데워온거 같구 보쌈은 보통 전문점에서 나오는 굵기보다 1/3정도로 슬라이스.. 쟁반막국수는 사이다인지 식초인지 범벅에 면은 끊어지지도 안구요.. 전도 왔는데 그냥 생밀가루ㅜ ","date":"Mon Dec 10 23:59:44 +0000 2018","retweets":"30","favorites":"20","mentions":[],"hashtags":[],"geo":"","raw":"전문족발집이 아니구 야식집이네요..\n보족세트 시켰는데\n족발은 마트에파는거 데워온거 같구 보쌈은 보통 전문점에서 나오는 굵기보다 1/3정도로 슬라이스.. 쟁반막국수는 사이다인지 식초인지 범벅에 면은 끊어지지도 안구요.. 전도 왔는데 그냥 생밀가루ㅜ ","polarity":{"com":0.008327440421490917,"pos":0.39376415438914536,"neg":0.3985585433893978,"neut":0.12773650642777556,"none":0.07161335537219016},"intensity":{"high":0.05436289290618166,"low":0.2261310471002381,"meium":0.6478927046100825,"none":0.07161335538349753},"expressive":{"dir-action":0.0037593984736842105,"dir-explicit":0.17767366252631578,"dir-speech":0.45062989810526316,"indirect":0.21485285157894735,"writing-device":0.15308418931578943}},{"id":"40년전통원할매족발","permalink":"","username":"asdfg","text":"불족발 맛없게 매워요 진짜 맵기만 엄청 매워요ㅠㅠ막국수도 별로고..","date":"Mon Dec 10 23:59:44 +0000 2018","retweets":"30","favorites":"20","mentions":[],"hashtags":[],"geo":"","raw":"불족발 맛없게 매워요 진짜 맵기만 엄청 매워요ㅠㅠ막국수도 별로고..","polarity":{"com":0.002380952333333333,"pos":0.07142857133333333,"neg":0.44285714300000006,"neut":0.004761904666666666,"none":0.4785714286666667},"intensity":{"high":0.047619047666666664,"low":0.038095238,"meium":0.4357142856666667,"none":0.4785714286666667},"expressive":{"dir-action":0,"dir-explicit":0.3952380952015873,"dir-speech":0.09999999996666666,"indirect":0.028571428657142857,"writing-device":0.47619047617460314}},{"id":"40년전통원할매족발","permalink":"","username":"asdfg","text":"양도 많고 맛도 좋았어요^^ 잘먹었어요","date":"Mon Dec 10 23:59:44 +0000 2018","retweets":"30","favorites":"20","mentions":[],"hashtags":[],"geo":"","raw":"양도 많고 맛도 좋았어요^^ 잘먹었어요","polarity":{"com":0,"pos":0.7563975156890994,"neg":0.20487577630121895,"neut":0.028726708007181675,"none":0.0100000000025},"intensity":{"high":0.11521739127880436,"low":0.11791925452947981,"meium":0.7568633541892159,"none":0.0100000000025},"expressive":{"dir-action":0,"dir-explicit":0.33400621108350154,"dir-speech":0.39006211184751555,"indirect":0.2659316770664829,"writing-device":0.0100000000025}},{"id":"40년전통원할매족발","permalink":"","username":"asdfg","text":"와 맛있다 이정도는아니고 그냥 야식족발치고 냄새안나고 잘나옴요","date":"Mon Dec 10 23:59:44 +0000 2018","retweets":"30","favorites":"20","mentions":[],"hashtags":[],"geo":"","raw":"와 맛있다 이정도는아니고 그냥 야식족발치고 냄새안나고 잘나옴요","polarity":{"com":0.011363636376420455,"pos":0.3566017315445752,"neg":0.5049242425631156,"neut":0.07976190475997025,"none":0.04734848475591857},"intensity":{"high":0.13961038951745128,"low":0.0688311687586039,"meium":0.7442099569680263,"none":0.04734848475591857},"expressive":{"dir-action":0,"dir-explicit":0.120995671,"dir-speech":0.359577922125,"indirect":0.472077922125,"writing-device":0.04734848475}},{"id":"40년전통원할매족발","permalink":"","username":"asdfg","text":"불족이랑 보쌈 세트 시켰는데 맛있었어요 ㅎㅎ","date":"Mon Dec 10 23:59:44 +0000 2018","retweets":"30","favorites":"20","mentions":[],"hashtags":[],"geo":"","raw":"불족이랑 보쌈 세트 시켰는데 맛있었어요 ㅎㅎ","polarity":{"com":0,"pos":0,"neg":1,"neut":0,"none":0},"intensity":{"high":0,"low":0,"meium":1,"none":0},"expressive":{"dir-action":0,"dir-explicit":0.5,"dir-speech":0.5,"indirect":0,"writing-device":0}},{"id":"40년전통원할매족발","permalink":"","username":"asdfg","text":"먹을만했어요 족발보쌈세트먹었는데\n쫄면이 좀더 맛났으면100점","date":"Mon Dec 10 23:59:44 +0000 2018","retweets":"30","favorites":"20","mentions":[],"hashtags":[],"geo":"","raw":"먹을만했어요 족발보쌈세트먹었는데\n쫄면이 좀더 맛났으면100점","polarity":{"com":0,"pos":0.5555555553333333,"neg":0.44444444466666666,"neut":0,"none":0},"intensity":{"high":0.074074074,"low":0.4814814813333333,"meium":0.44444444466666666,"none":0},"expressive":{"dir-action":0,"dir-explicit":0.4814814813333333,"dir-speech":0.5185185186666667,"indirect":0,"writing-device":0}},{"id":"40년전통원할매족발","permalink":"","username":"asdfg","text":"맛있네요 잘먹었네요    ..","date":"Mon Dec 10 23:59:44 +0000 2018","retweets":"30","favorites":"20","mentions":[],"hashtags":[],"geo":"","raw":"맛있네요 잘먹었네요    ..","polarity":{"com":0,"pos":0.35714285717857136,"neg":0.6071428573035714,"neut":0.03571428551785714,"none":0},"intensity":{"high":0,"low":0.107142857,"meium":0.8928571430000001,"none":0},"expressive":{"dir-action":0,"dir-explicit":0.107142857,"dir-speech":0.5714285715,"indirect":0.3214285715,"writing-device":0}},{"id":"40년전통원할매족발","permalink":"","username":"asdfg","text":"적당히 매콤해서 좋음...","date":"Mon Dec 10 23:59:44 +0000 2018","retweets":"30","favorites":"20","mentions":[],"hashtags":[],"geo":"","raw":"적당히 매콤해서 좋음...","polarity":{"com":0.012012012,"pos":0.7663063065,"neg":0.17315315299999998,"neut":0.0165165165,"none":0.032012012},"intensity":{"high":0.157057057,"low":0.062042042000000006,"meium":0.7473873875,"none":0.0335135135},"expressive":{"dir-action":0.0015015015,"dir-explicit":0.456156156,"dir-speech":0.145045045,"indirect":0.363783784,"writing-device":0.0335135135}},{"id":"40년전통원할매족발","permalink":"","username":"asdfg","text":"찜닭에 밥말아먹으니 맛잇어용","date":"Mon Dec 10 23:59:44 +0000 2018","retweets":"30","favorites":"20","mentions":[],"hashtags":[],"geo":"","raw":"찜닭에 밥말아먹으니 맛잇어용","polarity":{"com":0,"pos":0.6666666666666666,"neg":0.3333333333333333,"neut":0,"none":0},"intensity":{"high":0,"low":0.16666666666666666,"meium":0.6666666666666666,"none":0.16666666666666666},"expressive":{"dir-action":0,"dir-explicit":0.16666666666666666,"dir-speech":0.5,"indirect":0.3333333333333333,"writing-device":0}},{"id":"40년전통원할매족발","permalink":"","username":"asdfg","text":"1분정도 돌리고 먹으니 완전 맛있네요 ㅎㅎ","date":"Mon Dec 10 23:59:44 +0000 2018","retweets":"30","favorites":"20","mentions":[],"hashtags":[],"geo":"","raw":"1분정도 돌리고 먹으니 완전 맛있네요 ㅎㅎ","polarity":{"com":0,"pos":0.38888888866666665,"neg":0.47777777800000004,"neut":0.022222222333333333,"none":0.111111111},"intensity":{"high":0.037037036999999995,"low":0.14074074066666667,"meium":0.7111111113333333,"none":0.11111111099999998},"expressive":{"dir-action":0,"dir-explicit":0.3296296296666667,"dir-speech":0.2592592593333333,"indirect":0.3,"writing-device":0.111111111}},{"id":"40년전통원할매족발","permalink":"","username":"asdfg","text":"가격싸고 양많고 딱적당","date":"Mon Dec 10 23:59:44 +0000 2018","retweets":"30","favorites":"20","mentions":[],"hashtags":[],"geo":"","raw":"가격싸고 양많고 딱적당","polarity":{"com":0,"pos":0.7971014493333333,"neg":0.18840579699999999,"neut":0.014492753666666663,"none":0},"intensity":{"high":0.08695652169565217,"low":0.07246376802415458,"meium":0.8405797102801932,"none":0},"expressive":{"dir-action":0,"dir-explicit":0.17391304339130437,"dir-speech":0.07246376802415459,"indirect":0.7536231885845411,"writing-device":0}},{"id":"40년전통원할매족발","permalink":"","username":"asdfg","text":"맛있어요~ 가갹대비 좋에요","date":"Mon Dec 10 23:59:44 +0000 2018","retweets":"30","favorites":"20","mentions":[],"hashtags":[],"geo":"","raw":"맛있어요~ 가갹대비 좋에요","polarity":{"com":0.005952381,"pos":0.47023809533333333,"neg":0.48809523800000004,"neut":0.026785714333333335,"none":0.008928571333333333},"intensity":{"high":0.053571428666666664,"low":0.03571428566666666,"meium":0.8988095236666666,"none":0.011904761999999998},"expressive":{"dir-action":0,"dir-explicit":0.4583333333333333,"dir-speech":0.4375,"indirect":0.09523809533333333,"writing-device":0.008928571333333333}},{"id":"40년전통원할매족발","permalink":"","username":"asdfg","text":"맛있습니다~ 양이좀적다ㅜ","date":"Mon Dec 10 23:59:44 +0000 2018","retweets":"30","favorites":"20","mentions":[],"hashtags":[],"geo":"","raw":"맛있습니다~ 양이좀적다ㅜ","polarity":{"com":0,"pos":0.5,"neg":0.5,"neut":0,"none":0},"intensity":{"high":0,"low":0,"meium":1,"none":0},"expressive":{"dir-action":0,"dir-explicit":0.2,"dir-speech":0.8,"indirect":0,"writing-device":0}},{"id":"40년전통원할매족발","permalink":"","username":"asdfg","text":"맛나요 역시나 근데 보족 소 시켰는데 양이 많아요 ^^  쌈도 많이 주시고 맛있게 잘먹었습니다 ^","date":"Mon Dec 10 23:59:44 +0000 2018","retweets":"30","favorites":"20","mentions":[],"hashtags":[],"geo":"","raw":"맛나요 역시나 근데 보족 소 시켰는데 양이 많아요 ^^  쌈도 많이 주시고 맛있게 잘먹었습니다 ^","polarity":{"com":0,"pos":0.6211180125242236,"neg":0.35590062107118015,"neut":0.02298136640459627,"none":0},"intensity":{"high":0.05217391301043479,"low":0.28633540365726706,"meium":0.6614906833322981,"none":0},"expressive":{"dir-action":0,"dir-explicit":0.147204968829441,"dir-speech":0.6720496895344099,"indirect":0.18074534163614908,"writing-device":0}},{"id":"40년전통원할매족발","permalink":"","username":"asdfg","text":"보쌈맛있어요 막국수도 ㅋㅋ 보쌈 양도많고 냄새도없고 따뜻해요 ","date":"Mon Dec 10 23:59:44 +0000 2018","retweets":"30","favorites":"20","mentions":[],"hashtags":[],"geo":"","raw":"보쌈맛있어요 막국수도 ㅋㅋ 보쌈 양도많고 냄새도없고 따뜻해요 ","polarity":{"com":0.004426722166666667,"pos":0.30157892616666665,"neg":0.5810036383333333,"neut":0.017717944,"none":0.09527276933333334},"intensity":{"high":0.27117127983333333,"low":0.07146073283333333,"meium":0.560477095,"none":0.09689089233333333},"expressive":{"dir-action":0,"dir-explicit":0.18910631366666666,"dir-speech":0.28849725616666666,"indirect":0.423459768,"writing-device":0.09893666216666668}},{"id":"40년전통원할매족발","permalink":"","username":"asdfg","text":"고기도 맛나구요 \n막국수도 맛나요\n담에도 시ㅕ먹을 의사 잇어요","date":"Mon Dec 10 23:59:44 +0000 2018","retweets":"30","favorites":"20","mentions":[],"hashtags":[],"geo":"","raw":"고기도 맛나구요 \n막국수도 맛나요\n담에도 시ㅕ먹을 의사 잇어요","polarity":{"com":0.017061347,"pos":0.27802659799999996,"neg":0.3110982412,"neut":0.21772629759999998,"none":0.17608751620000002},"intensity":{"high":0.09537108539999999,"low":0.0785371084,"meium":0.65000429,"none":0.17608751620000002},"expressive":{"dir-action":0.0030030029993994,"dir-explicit":0.16395538396720896,"dir-speech":0.5536636634892672,"indirect":0.10494637497901076,"writing-device":0.1744315745651137}},{"id":"40년전통원할매족발","permalink":"","username":"asdfg","text":"음... 좀 짭니다. 그래서.. 밥이랑 먹으면 맛있습니다. 그냥 먹기엔.. 좀 짜네요..","date":"Mon Dec 10 23:59:44 +0000 2018","retweets":"30","favorites":"20","mentions":[],"hashtags":[],"geo":"","raw":"음... 좀 짭니다. 그래서.. 밥이랑 먹으면 맛있습니다. 그냥 먹기엔.. 좀 짜네요..","polarity":{"com":0,"pos":0.3313492062914187,"neg":0.6468253969558532,"neut":0.011904761876488095,"none":0.00992063487624008},"intensity":{"high":0.017857142875,"low":0.24503968250000002,"meium":0.66468253975,"none":0.072420634875},"expressive":{"dir-action":0,"dir-explicit":0.33511904762500005,"dir-speech":0.643055555625,"indirect":0.009920634875000002,"writing-device":0.011904761875000001}},{"id":"40년전통원할매족발","permalink":"","username":"asdfg","text":"쫄깃한 식감 좋아요.....","date":"Mon Dec 10 23:59:44 +0000 2018","retweets":"30","favorites":"20","mentions":[],"hashtags":[],"geo":"","raw":"쫄깃한 식감 좋아요.....","polarity":{"com":0.012012012,"pos":0.5563063065,"neg":0.403153153,"neut":0.0165165165,"none":0.012012012},"intensity":{"high":0.057057057,"low":0.042042042,"meium":0.8873873875,"none":0.0135135135},"expressive":{"dir-action":0.0015015015000000005,"dir-explicit":0.6561561560000001,"dir-speech":0.045045045000000006,"indirect":0.28378378400000004,"writing-device":0.013513513500000003}},{"id":"40년전통원할매족발","permalink":"","username":"asdfg","text":"푸짐하니 좋구만요....","date":"Mon Dec 10 23:59:44 +0000 2018","retweets":"30","favorites":"20","mentions":[],"hashtags":[],"geo":"","raw":"푸짐하니 좋구만요....","polarity":{"com":0.008008008002669337,"pos":0.5706999308569,"neg":0.22654654640884883,"neut":0.028105028009368347,"none":0.16664048672221352},"intensity":{"high":0.13889273900000002,"low":0.058455378333333335,"meium":0.635010395,"none":0.16764148766666667},"expressive":{"dir-action":0.0010010010000000003,"dir-explicit":0.381027181,"dir-speech":0.18216678200000003,"indirect":0.276710557,"writing-device":0.15909447900000004}},{"id":"40년전통원할매족발","permalink":"","username":"asdfg","text":"내공이 느껴진다나할까 맛짱","date":"Mon Dec 10 23:59:44 +0000 2018","retweets":"30","favorites":"20","mentions":[],"hashtags":[],"geo":"","raw":"내공이 느껴진다나할까 맛짱","polarity":{"com":0.014110419,"pos":0.5845190473333334,"neg":0.280942495,"neut":0.05235708133333334,"none":0.06807095733333333},"intensity":{"high":0.073556467,"low":0.08619845733333333,"meium":0.7668742719999999,"none":0.07337080366666666},"expressive":{"dir-action":0.005299846336866564,"dir-explicit":0.19167215212778144,"dir-speech":0.5916755280611171,"indirect":0.1303188347535459,"writing-device":0.0810336387206891}},{"id":"40년전통원할매족발","permalink":"","username":"asdfg","text":"부드럽고 맛있어요~~~","date":"Mon Dec 10 23:59:44 +0000 2018","retweets":"30","favorites":"20","mentions":[],"hashtags":[],"geo":"","raw":"부드럽고 맛있어요~~~","polarity":{"com":0,"pos":0.5,"neg":0.5,"neut":0,"none":0},"intensity":{"high":0,"low":0,"meium":1,"none":0},"expressive":{"dir-action":0,"dir-explicit":0.5,"dir-speech":0.5,"indirect":0,"writing-device":0}},{"id":"40년전통원할매족발","permalink":"","username":"asdfg","text":"양도많고 진짜 맛있음 ㅜㅜ앞으로 족발은 여기에서 시켜야겠어요","date":"Mon Dec 10 23:59:44 +0000 2018","retweets":"30","favorites":"20","mentions":[],"hashtags":[],"geo":"","raw":"양도많고 진짜 맛있음 ㅜㅜ앞으로 족발은 여기에서 시켜야겠어요","polarity":{"com":0.00423728825,"pos":0.270142471,"neg":0.65613485625,"neut":0.06101080824999999,"none":0.00847457625},"intensity":{"high":0.09064112004532054,"low":0.17157946433578972,"meium":0.7293048393646524,"none":0.008474576254237285},"expressive":{"dir-action":0,"dir-explicit":0.23989805950000004,"dir-speech":0.6108450012500001,"indirect":0.09911569625000001,"writing-device":0.050141243}},{"id":"40년전통원할매족발","permalink":"","username":"asdfg","text":"향이 식욕을 자극하네요","date":"Mon Dec 10 23:59:44 +0000 2018","retweets":"30","favorites":"20","mentions":[],"hashtags":[],"geo":"","raw":"향이 식욕을 자극하네요","polarity":{"com":0,"pos":0.5,"neg":0,"neut":0.5,"none":0},"intensity":{"high":0,"low":0,"meium":1,"none":0},"expressive":{"dir-action":0,"dir-explicit":0.25,"dir-speech":0.5,"indirect":0.25,"writing-device":0}},{"id":"40년전통원할매족발","permalink":"","username":"asdfg","text":"먹음직 스럽네요~~~~~","date":"Mon Dec 10 23:59:44 +0000 2018","retweets":"30","favorites":"20","mentions":[],"hashtags":[],"geo":"","raw":"먹음직 스럽네요~~~~~","polarity":{"com":0.058823529,"pos":0.529411765,"neg":0.411764706,"neut":0,"none":0},"intensity":{"high":0.176470588,"low":0,"meium":0.823529412,"none":0},"expressive":{"dir-action":0,"dir-explicit":0.35294117635294125,"dir-speech":0.058823529058823536,"indirect":0.5882352945882353,"writing-device":0}},{"id":"40년전통원할매족발","permalink":"","username":"asdfg","text":"맛나게 잘 삶아짐ㅎㅎ~~~","date":"Mon Dec 10 23:59:44 +0000 2018","retweets":"30","favorites":"20","mentions":[],"hashtags":[],"geo":"","raw":"맛나게 잘 삶아짐ㅎㅎ~~~","polarity":{"com":0,"pos":0.7142857147142857,"neg":0.21428571421428572,"neut":0.07142857107142857,"none":0},"intensity":{"high":0,"low":0.214285714,"meium":0.785714286,"none":0},"expressive":{"dir-action":0,"dir-explicit":0.214285714,"dir-speech":0.142857143,"indirect":0.642857143,"writing-device":0}},{"id":"40년전통원할매족발","permalink":"","username":"asdfg","text":"맛있어요 만족 ㅎ 그런데 막국수는 소스가 좀...셔요..마니","date":"Mon Dec 10 23:59:44 +0000 2018","retweets":"30","favorites":"20","mentions":[],"hashtags":[],"geo":"","raw":"맛있어요 만족 ㅎ 그런데 막국수는 소스가 좀...셔요..마니","polarity":{"com":0.004464285751116071,"pos":0.18204365079551094,"neg":0.743055555685764,"neut":0.0438988095109747,"none":0.026537698256634427},"intensity":{"high":0.048115079500000005,"low":0.08630952374999999,"meium":0.8368055555,"none":0.02876984125},"expressive":{"dir-action":0,"dir-explicit":0.38343253975,"dir-speech":0.49479166674999997,"indirect":0.09126984125,"writing-device":0.03050595225}},{"id":"40년전통원할매족발","permalink":"","username":"asdfg","text":"맛있었어요 연달아 두번시켰어요 ㅎ","date":"Mon Dec 10 23:59:44 +0000 2018","retweets":"30","favorites":"20","mentions":[],"hashtags":[],"geo":"","raw":"맛있었어요 연달아 두번시켰어요 ㅎ","polarity":{"com":0,"pos":0.125,"neg":0.8125,"neut":0.0625,"none":0},"intensity":{"high":0.1875,"low":0,"meium":0.8125,"none":0},"expressive":{"dir-action":0,"dir-explicit":0.125,"dir-speech":0.8125,"indirect":0.0625,"writing-device":0}},{"id":"40년전통원할매족발","permalink":"","username":"asdfg","text":"술안주겸 배달시켜 저녁 먹어요","date":"Mon Dec 10 23:59:44 +0000 2018","retweets":"30","favorites":"20","mentions":[],"hashtags":[],"geo":"","raw":"술안주겸 배달시켜 저녁 먹어요","polarity":{"com":0,"pos":0.6666666665000001,"neg":0.3333333335,"neut":0,"none":0},"intensity":{"high":0.0555555555,"low":0.111111111,"meium":0.8333333334999999,"none":0},"expressive":{"dir-action":0,"dir-explicit":0.111111111,"dir-speech":0.888888889,"indirect":0,"writing-device":0}},{"id":"40년전통원할매족발","permalink":"","username":"asdfg","text":"씹는 식감 좋아요.....","date":"Mon Dec 10 23:59:44 +0000 2018","retweets":"30","favorites":"20","mentions":[],"hashtags":[],"geo":"","raw":"씹는 식감 좋아요.....","polarity":{"com":0,"pos":0.5,"neg":0.5,"neut":0,"none":0},"intensity":{"high":0,"low":0,"meium":1,"none":0},"expressive":{"dir-action":0,"dir-explicit":1,"dir-speech":0,"indirect":0,"writing-device":0}},{"id":"40년전통원할매족발","permalink":"","username":"asdfg","text":"맛있습니다....;","date":"Mon Dec 10 23:59:44 +0000 2018","retweets":"30","favorites":"20","mentions":[],"hashtags":[],"geo":"","raw":"맛있습니다....;","polarity":{"com":0,"pos":0,"neg":1,"neut":0,"none":0},"intensity":{"high":0,"low":0,"meium":1,"none":0},"expressive":{"dir-action":0,"dir-explicit":0,"dir-speech":1,"indirect":0,"writing-device":0}},{"id":"40년전통원할매족발","permalink":"","username":"asdfg","text":"보족반반시켯는데 양도 푸짐하고 맛잇어요 서비스로 주신 부침개 얇게 부쳣으면 훨씬 맛잇을꺼같아요","date":"Mon Dec 10 23:59:44 +0000 2018","retweets":"30","favorites":"20","mentions":[],"hashtags":[],"geo":"","raw":"보족반반시켯는데 양도 푸짐하고 맛잇어요 서비스로 주신 부침개 얇게 부쳣으면 훨씬 맛잇을꺼같아요","polarity":{"com":0.006792086200000001,"pos":0.6764556995000001,"neg":0.19657657650000004,"neut":0.0327453504,"none":0.08743028740000003},"intensity":{"high":0.14001665531400168,"low":0.2591008655259101,"meium":0.5131518914513152,"none":0.08773058770877305},"expressive":{"dir-action":0.0018018018001801806,"dir-explicit":0.2742453378274246,"dir-speech":0.21205465972120546,"indirect":0.4168443233416845,"writing-device":0.0950538773095054}},{"id":"40년전통원할매족발","permalink":"","username":"asdfg","text":"술안주로 딱입니다~~~","date":"Mon Dec 10 23:59:44 +0000 2018","retweets":"30","favorites":"20","mentions":[],"hashtags":[],"geo":"","raw":"술안주로 딱입니다~~~","polarity":{"com":0.022875817,"pos":0.385620915,"neg":0.277777778,"neut":0.091503268,"none":0.222222222},"intensity":{"high":0.12745098012745096,"low":0.08169934608169935,"meium":0.5686274515686275,"none":0.2222222222222222},"expressive":{"dir-action":0,"dir-explicit":0.418300654,"dir-speech":0.202614379,"indirect":0.137254902,"writing-device":0.241830065}},{"id":"40년전통원할매족발","permalink":"","username":"asdfg","text":"맛있게 잘 익었어요....","date":"Mon Dec 10 23:59:44 +0000 2018","retweets":"30","favorites":"20","mentions":[],"hashtags":[],"geo":"","raw":"맛있게 잘 익었어요....","polarity":{"com":0,"pos":0.35714285717857136,"neg":0.6071428573035714,"neut":0.03571428551785714,"none":0},"intensity":{"high":0,"low":0.107142857,"meium":0.8928571430000001,"none":0},"expressive":{"dir-action":0,"dir-explicit":0.107142857,"dir-speech":0.5714285715,"indirect":0.3214285715,"writing-device":0}},{"id":"40년전통원할매족발","permalink":"","username":"asdfg","text":"리뷰보고주문했는데..고기에냄새안나서좋았어요","date":"Mon Dec 10 23:59:44 +0000 2018","retweets":"30","favorites":"20","mentions":[],"hashtags":[],"geo":"","raw":"리뷰보고주문했는데..고기에냄새안나서좋았어요","polarity":{"com":0,"pos":0.5268571428,"neg":0.26514285719999997,"neut":0.2,"none":0.008},"intensity":{"high":0.2542857142,"low":0.008000000000000002,"meium":0.7297142858000001,"none":0.008000000000000002},"expressive":{"dir-action":0,"dir-explicit":0.3628571428,"dir-speech":0.2685714286,"indirect":0.3605714286,"writing-device":0.008}},{"id":"40년전통원할매족발","permalink":"","username":"asdfg","text":"또시켜도 괜찮은집이에요","date":"Mon Dec 10 23:59:44 +0000 2018","retweets":"30","favorites":"20","mentions":[],"hashtags":[],"geo":"","raw":"또시켜도 괜찮은집이에요","polarity":{"com":0,"pos":0.5714285712142857,"neg":0.21428571439285712,"neut":0,"none":0.21428571439285712},"intensity":{"high":0,"low":0,"meium":0.7857142855,"none":0.21428571450000003},"expressive":{"dir-action":0,"dir-explicit":0.0714285715,"dir-speech":0.642857143,"indirect":0,"writing-device":0.2857142855}},{"id":"40년전통원할매족발","permalink":"","username":"asdfg","text":"배달 빠름빠름.....","date":"Mon Dec 10 23:59:44 +0000 2018","retweets":"30","favorites":"20","mentions":[],"hashtags":[],"geo":"","raw":"배달 빠름빠름.....","polarity":{"com":0.060606060666666677,"pos":0.7272727273333334,"neg":0.18181818200000002,"neut":0,"none":0.030303030000000005},"intensity":{"high":0.030303030020202015,"low":0.09090909072727273,"meium":0.8484848492323233,"none":0.030303030020202015},"expressive":{"dir-action":0,"dir-explicit":0.18181818200000002,"dir-speech":0.393939394,"indirect":0.39393939400000005,"writing-device":0.030303030000000005}},{"id":"40년전통원할매족발","permalink":"","username":"asdfg","text":"입맛없데서\n족발시켰는데\n맛있게 드시네요","date":"Mon Dec 10 23:59:44 +0000 2018","retweets":"30","favorites":"20","mentions":[],"hashtags":[],"geo":"","raw":"입맛없데서\n족발시켰는데\n맛있게 드시네요","polarity":{"com":0.004854369,"pos":0.26208198475,"neg":0.67028047475,"neut":0.028802589,"none":0.0339805825},"intensity":{"high":0.1308252426845874,"low":0.08816073370591963,"meium":0.7446062566276967,"none":0.03640776698179612},"expressive":{"dir-action":0.013888889003472224,"dir-explicit":0.287351672071838,"dir-speech":0.49228694712307175,"indirect":0.16521035579130258,"writing-device":0.04126213601031554}},{"id":"40년전통원할매족발","permalink":"","username":"asdfg","text":"맛있게 매운데요  최고~~~","date":"Mon Dec 10 23:59:44 +0000 2018","retweets":"30","favorites":"20","mentions":[],"hashtags":[],"geo":"","raw":"맛있게 매운데요  최고~~~","polarity":{"com":0,"pos":0.4444444445,"neg":0.5555555555,"neut":0,"none":0},"intensity":{"high":0.388888889,"low":0,"meium":0.611111111,"none":0},"expressive":{"dir-action":0,"dir-explicit":0,"dir-speech":0.5,"indirect":0.5,"writing-device":0}},{"id":"40년전통원할매족발","permalink":"","username":"asdfg","text":"맛있게  잘하는거 같아요","date":"Mon Dec 10 23:59:44 +0000 2018","retweets":"30","favorites":"20","mentions":[],"hashtags":[],"geo":"","raw":"맛있게  잘하는거 같아요","polarity":{"com":0,"pos":0,"neg":1,"neut":0,"none":0},"intensity":{"high":0,"low":0,"meium":1,"none":0},"expressive":{"dir-action":0,"dir-explicit":0,"dir-speech":0.5,"indirect":0,"writing-device":0.5}},{"id":"40년전통원할매족발","permalink":"","username":"asdfg","text":"매콤한맛이\n식욕을 당기네요","date":"Mon Dec 10 23:59:44 +0000 2018","retweets":"30","favorites":"20","mentions":[],"hashtags":[],"geo":"","raw":"매콤한맛이\n식욕을 당기네요","polarity":{"com":0.008008008,"pos":0.5375375376666667,"neg":0.10210210199999999,"neut":0.34434434433333333,"none":0.008008008},"intensity":{"high":0.038038038,"low":0.028028028,"meium":0.924924925,"none":0.009009009},"expressive":{"dir-action":0.0010010010000000003,"dir-explicit":0.104104104,"dir-speech":0.6966966966666668,"indirect":0.18918918933333334,"writing-device":0.009009009}},{"id":"40년전통원할매족발","permalink":"","username":"asdfg","text":"맛있게 하네여....","date":"Mon Dec 10 23:59:44 +0000 2018","retweets":"30","favorites":"20","mentions":[],"hashtags":[],"geo":"","raw":"맛있게 하네여....","polarity":{"com":0.0057471265,"pos":0.16091954,"neg":0.7011494255,"neut":0.0344827585,"none":0.0977011495},"intensity":{"high":0.05747126447126437,"low":0.0632183909683908,"meium":0.775862068612069,"none":0.10344827594827587},"expressive":{"dir-action":0.005747126502873563,"dir-explicit":0.08045977004022989,"dir-speech":0.7068965518534482,"indirect":0.09195402304597701,"writing-device":0.11494252855747127}},{"id":"40년전통원할매족발","permalink":"","username":"asdfg","text":"보족세트로 간식 먹음~~~~","date":"Mon Dec 10 23:59:44 +0000 2018","retweets":"30","favorites":"20","mentions":[],"hashtags":[],"geo":"","raw":"보족세트로 간식 먹음~~~~","polarity":{"com":null,"pos":null,"neg":null,"neut":null,"none":null},"intensity":{"high":null,"low":null,"meium":null,"none":null},"expressive":{"dir-action":null,"dir-explicit":null,"dir-speech":null,"indirect":null,"writing-device":null}},{"id":"40년전통원할매족발","permalink":"","username":"asdfg","text":"족발무침 맛있었어요~~~","date":"Mon Dec 10 23:59:44 +0000 2018","retweets":"30","favorites":"20","mentions":[],"hashtags":[],"geo":"","raw":"족발무침 맛있었어요~~~","polarity":{"com":0,"pos":0,"neg":1,"neut":0,"none":0},"intensity":{"high":0,"low":0,"meium":1,"none":0},"expressive":{"dir-action":0,"dir-explicit":0,"dir-speech":1,"indirect":0,"writing-device":0}},{"id":"40년전통원할매족발","permalink":"","username":"asdfg","text":"족발 맛잇음 야들야들\n","date":"Mon Dec 10 23:59:44 +0000 2018","retweets":"30","favorites":"20","mentions":[],"hashtags":[],"geo":"","raw":"족발 맛잇음 야들야들\n","polarity":{"com":0,"pos":0.75,"neg":0.25,"neut":0,"none":0},"intensity":{"high":0,"low":0,"meium":1,"none":0},"expressive":{"dir-action":0,"dir-explicit":0,"dir-speech":0.75,"indirect":0.25,"writing-device":0}},{"id":"40년전통원할매족발","permalink":"","username":"asdfg","text":"냄새없고 양이좀 아쉬워요","date":"Mon Dec 10 23:59:44 +0000 2018","retweets":"30","favorites":"20","mentions":[],"hashtags":[],"geo":"","raw":"냄새없고 양이좀 아쉬워요","polarity":{"com":0,"pos":0.5,"neg":0.5,"neut":0,"none":0},"intensity":{"high":0.5,"low":0,"meium":0.5,"none":0},"expressive":{"dir-action":0,"dir-explicit":0.2,"dir-speech":0.3,"indirect":0.5,"writing-device":0}},{"id":"40년전통원할매족발","permalink":"","username":"asdfg","text":"살이부드럽네요~~~~~","date":"Mon Dec 10 23:59:44 +0000 2018","retweets":"30","favorites":"20","mentions":[],"hashtags":[],"geo":"","raw":"살이부드럽네요~~~~~","polarity":{"com":0,"pos":1,"neg":0,"neut":0,"none":0},"intensity":{"high":0,"low":0,"meium":1,"none":0},"expressive":{"dir-action":0,"dir-explicit":1,"dir-speech":0,"indirect":0,"writing-device":0}},{"id":"40년전통원할매족발","permalink":"","username":"asdfg","text":"반반세트 맛있어요~~~~","date":"Mon Dec 10 23:59:44 +0000 2018","retweets":"30","favorites":"20","mentions":[],"hashtags":[],"geo":"","raw":"반반세트 맛있어요~~~~","polarity":{"com":0,"pos":0,"neg":1,"neut":0,"none":0},"intensity":{"high":0,"low":0,"meium":1,"none":0},"expressive":{"dir-action":0,"dir-explicit":0,"dir-speech":1,"indirect":0,"writing-device":0}},{"id":"40년전통원할매족발","permalink":"","username":"asdfg","text":"맛있음 괜찮아요ㅋㅋㅋ","date":"Mon Dec 10 23:59:44 +0000 2018","retweets":"30","favorites":"20","mentions":[],"hashtags":[],"geo":"","raw":"맛있음 괜찮아요ㅋㅋㅋ","polarity":{"com":0,"pos":0,"neg":1,"neut":0,"none":0},"intensity":{"high":0,"low":0,"meium":1,"none":0},"expressive":{"dir-action":0,"dir-explicit":0,"dir-speech":1,"indirect":0,"writing-device":0}},{"id":"40년전통원할매족발","permalink":"","username":"asdfg","text":"퍽퍽하지않네여~~~~","date":"Mon Dec 10 23:59:44 +0000 2018","retweets":"30","favorites":"20","mentions":[],"hashtags":[],"geo":"","raw":"퍽퍽하지않네여~~~~","polarity":{"com":0.011494253,"pos":0.32183908,"neg":0.402298851,"neut":0.068965517,"none":0.195402299},"intensity":{"high":0.11494252888505746,"low":0.1264367818735632,"meium":0.5517241374482758,"none":0.20689655179310346},"expressive":{"dir-action":0.011494253011494253,"dir-explicit":0.16091954016091956,"dir-speech":0.4137931034137931,"indirect":0.18390804618390805,"writing-device":0.2298850572298851}},{"id":"40년전통원할매족발","permalink":"","username":"asdfg","text":"배추쌈과 맛있게 싸먹었어요","date":"Mon Dec 10 23:59:44 +0000 2018","retweets":"30","favorites":"20","mentions":[],"hashtags":[],"geo":"","raw":"배추쌈과 맛있게 싸먹었어요","polarity":{"com":0,"pos":0.1666666665,"neg":0.8333333334999999,"neut":0,"none":0},"intensity":{"high":0.0555555555,"low":0.111111111,"meium":0.8333333334999999,"none":0},"expressive":{"dir-action":0,"dir-explicit":0.111111111,"dir-speech":0.888888889,"indirect":0,"writing-device":0}},{"id":"40년전통원할매족발","permalink":"","username":"asdfg","text":"보쌈 촉촉하고 맛있어요","date":"Mon Dec 10 23:59:44 +0000 2018","retweets":"30","favorites":"20","mentions":[],"hashtags":[],"geo":"","raw":"보쌈 촉촉하고 맛있어요","polarity":{"com":0.5,"pos":0,"neg":0.5,"neut":0,"none":0},"intensity":{"high":0.5,"low":0,"meium":0.5,"none":0},"expressive":{"dir-action":0.5,"dir-explicit":0,"dir-speech":0.5,"indirect":0,"writing-device":0}},{"id":"40년전통원할매족발","permalink":"","username":"asdfg","text":"뜯는맛도 좋았음~~~~","date":"Mon Dec 10 23:59:44 +0000 2018","retweets":"30","favorites":"20","mentions":[],"hashtags":[],"geo":"","raw":"뜯는맛도 좋았음~~~~","polarity":{"com":0,"pos":0.8066666666666666,"neg":0.18000000000000002,"neut":0,"none":0.013333333333333334},"intensity":{"high":0.06666666666666667,"low":0.013333333333333334,"meium":0.9066666666666666,"none":0.013333333333333334},"expressive":{"dir-action":0,"dir-explicit":0.19999999999999998,"dir-speech":0.5666666666666667,"indirect":0.22,"writing-device":0.013333333333333334}},{"id":"40년전통원할매족발","permalink":"","username":"asdfg","text":"맛도 좋지만 청결하게 해주시는거죠","date":"Mon Dec 10 23:59:44 +0000 2018","retweets":"30","favorites":"20","mentions":[],"hashtags":[],"geo":"","raw":"맛도 좋지만 청결하게 해주시는거죠","polarity":{"com":0.009741246999999996,"pos":0.5658793366,"neg":0.1839974046,"neut":0.03771015419999999,"none":0.20267185759999995},"intensity":{"high":0.09451692356219323,"low":0.06722744857310903,"meium":0.632854812146858,"none":0.2054008157178397},"expressive":{"dir-action":0.0035891732007178345,"dir-explicit":0.22926532124585314,"dir-speech":0.4066833518813366,"indirect":0.14375088722875018,"writing-device":0.21671126644334224}},{"id":"40년전통원할매족발","permalink":"","username":"asdfg","text":"먹음직 스럽네요~~~","date":"Mon Dec 10 23:59:44 +0000 2018","retweets":"30","favorites":"20","mentions":[],"hashtags":[],"geo":"","raw":"먹음직 스럽네요~~~","polarity":{"com":0.058823529,"pos":0.529411765,"neg":0.411764706,"neut":0,"none":0},"intensity":{"high":0.176470588,"low":0,"meium":0.823529412,"none":0},"expressive":{"dir-action":0,"dir-explicit":0.35294117635294125,"dir-speech":0.058823529058823536,"indirect":0.5882352945882353,"writing-device":0}},{"id":"40년전통원할매족발","permalink":"","username":"asdfg","text":"짱포ㅗ아ㅓ료ㅏㅠㄹ로ㅗㅑ","date":"Mon Dec 10 23:59:44 +0000 2018","retweets":"30","favorites":"20","mentions":[],"hashtags":[],"geo":"","raw":"짱포ㅗ아ㅓ료ㅏㅠㄹ로ㅗㅑ","polarity":{"com":0,"pos":0,"neg":0.5,"neut":0,"none":0.5},"intensity":{"high":0,"low":0,"meium":0,"none":1},"expressive":{"dir-action":0,"dir-explicit":0,"dir-speech":0,"indirect":0,"writing-device":1}},{"id":"40년전통원할매족발","permalink":"","username":"asdfg","text":"양도 넉넉하군요~~~~","date":"Mon Dec 10 23:59:44 +0000 2018","retweets":"30","favorites":"20","mentions":[],"hashtags":[],"geo":"","raw":"양도 넉넉하군요~~~~","polarity":{"com":null,"pos":null,"neg":null,"neut":null,"none":null},"intensity":{"high":null,"low":null,"meium":null,"none":null},"expressive":{"dir-action":null,"dir-explicit":null,"dir-speech":null,"indirect":null,"writing-device":null}},{"id":"40년전통원할매족발","permalink":"","username":"asdfg","text":"새우젓에 맛있게 찍어 먹음","date":"Mon Dec 10 23:59:44 +0000 2018","retweets":"30","favorites":"20","mentions":[],"hashtags":[],"geo":"","raw":"새우젓에 맛있게 찍어 먹음","polarity":{"com":0,"pos":0.1666666665,"neg":0.8333333334999999,"neut":0,"none":0},"intensity":{"high":0.0555555555,"low":0.111111111,"meium":0.8333333334999999,"none":0},"expressive":{"dir-action":0,"dir-explicit":0.111111111,"dir-speech":0.888888889,"indirect":0,"writing-device":0}},{"id":"40년전통원할매족발","permalink":"","username":"asdfg","text":"포당도 먹음직 스럽네요","date":"Mon Dec 10 23:59:44 +0000 2018","retweets":"30","favorites":"20","mentions":[],"hashtags":[],"geo":"","raw":"포당도 먹음직 스럽네요","polarity":{"com":0.03298319300000001,"pos":0.3718487395,"neg":0.37016806750000003,"neut":0.007142857000000001,"none":0.21785714300000003},"intensity":{"high":0.1596638655,"low":0.057142857,"meium":0.5653361345,"none":0.217857143},"expressive":{"dir-action":0,"dir-explicit":0.269327731,"dir-speech":0.1794117645,"indirect":0.33697478999999997,"writing-device":0.2142857145}},{"id":"40년전통원할매족발","permalink":"","username":"asdfg","text":"3만원 짜리 남자둘이 먹으니 조금 아쉽네요\n넉넉히 시키세요^^","date":"Mon Dec 10 23:59:44 +0000 2018","retweets":"30","favorites":"20","mentions":[],"hashtags":[],"geo":"","raw":"3만원 짜리 남자둘이 먹으니 조금 아쉽네요\n넉넉히 시키세요^^","polarity":{"com":0.007709251,"pos":0.27459618225,"neg":0.56846549175,"neut":0.14702643175,"none":0.00220264325},"intensity":{"high":0.1930983845965492,"low":0.24137298087068648,"meium":0.5622246697811123,"none":0.0033039647516519824},"expressive":{"dir-action":0.0011013215002753302,"dir-explicit":0.603524229150881,"dir-speech":0.2569750368142437,"indirect":0.13509544778377383,"writing-device":0.0033039647508259907}},{"id":"40년전통원할매족발","permalink":"","username":"asdfg","text":"배달빠르네여....","date":"Mon Dec 10 23:59:44 +0000 2018","retweets":"30","favorites":"20","mentions":[],"hashtags":[],"geo":"","raw":"배달빠르네여....","polarity":{"com":0,"pos":1,"neg":0,"neut":0,"none":0},"intensity":{"high":0,"low":0,"meium":1,"none":0},"expressive":{"dir-action":0,"dir-explicit":0,"dir-speech":1,"indirect":0,"writing-device":0}},{"id":"40년전통원할매족발","permalink":"","username":"asdfg","text":"쫄깃하네요......","date":"Mon Dec 10 23:59:44 +0000 2018","retweets":"30","favorites":"20","mentions":[],"hashtags":[],"geo":"","raw":"쫄깃하네요......","polarity":{"com":0.024024024,"pos":0.612612613,"neg":0.306306306,"neut":0.033033033,"none":0.024024024},"intensity":{"high":0.114114114,"low":0.084084084,"meium":0.774774775,"none":0.027027027},"expressive":{"dir-action":0.003003003,"dir-explicit":0.312312312,"dir-speech":0.09009009,"indirect":0.567567568,"writing-device":0.027027027}},{"id":"40년전통원할매족발","permalink":"","username":"asdfg","text":"김치의 매콤함이 너무 좋아요","date":"Mon Dec 10 23:59:44 +0000 2018","retweets":"30","favorites":"20","mentions":[],"hashtags":[],"geo":"","raw":"김치의 매콤함이 너무 좋아요","polarity":{"com":0.1760828626079724,"pos":0.6673069677775644,"neg":0.12256120529247962,"neut":0.018832391660389206,"none":0.01521657266159448},"intensity":{"high":0.11374764596208413,"low":0.24214689258595104,"meium":0.6288888887903703,"none":0.015216572661594477},"expressive":{"dir-action":0,"dir-explicit":0.277212806,"dir-speech":0.1777777776666667,"indirect":0.5297928436666667,"writing-device":0.01521657266666667}},{"id":"40년전통원할매족발","permalink":"","username":"asdfg","text":"냄새안나고 색도 먹음직","date":"Mon Dec 10 23:59:44 +0000 2018","retweets":"30","favorites":"20","mentions":[],"hashtags":[],"geo":"","raw":"냄새안나고 색도 먹음직","polarity":{"com":0,"pos":0.4047619046666666,"neg":0.5952380953333333,"neut":0,"none":0},"intensity":{"high":0.357142857,"low":0,"meium":0.642857143,"none":0},"expressive":{"dir-action":0,"dir-explicit":0.238095238,"dir-speech":0.047619047666666664,"indirect":0.7142857143333333,"writing-device":0}},{"id":"40년전통원할매족발","permalink":"","username":"asdfg","text":"쫀득쫀득 맛있어요~~~~","date":"Mon Dec 10 23:59:44 +0000 2018","retweets":"30","favorites":"20","mentions":[],"hashtags":[],"geo":"","raw":"쫀득쫀득 맛있어요~~~~","polarity":{"com":0,"pos":0,"neg":1,"neut":0,"none":0},"intensity":{"high":0,"low":0,"meium":1,"none":0},"expressive":{"dir-action":0,"dir-explicit":0,"dir-speech":1,"indirect":0,"writing-device":0}},{"id":"40년전통원할매족발","permalink":"","username":"asdfg","text":"기력회복겸 족발 먹고 싶어서 ㅎ","date":"Mon Dec 10 23:59:44 +0000 2018","retweets":"30","favorites":"20","mentions":[],"hashtags":[],"geo":"","raw":"기력회복겸 족발 먹고 싶어서 ㅎ","polarity":{"com":0,"pos":0.333333333,"neg":0.666666667,"neut":0,"none":0},"intensity":{"high":0.111111111,"low":0.222222222,"meium":0.666666667,"none":0},"expressive":{"dir-action":0,"dir-explicit":0.222222222,"dir-speech":0.777777778,"indirect":0,"writing-device":0}},{"id":"40년전통원할매족발","permalink":"","username":"asdfg","text":"먹기도 편하고 맛있져요","date":"Mon Dec 10 23:59:44 +0000 2018","retweets":"30","favorites":"20","mentions":[],"hashtags":[],"geo":"","raw":"먹기도 편하고 맛있져요","polarity":{"com":0.0035714285000000004,"pos":0.27380952350000004,"neg":0.49761904800000006,"neut":0.007142857000000001,"none":0.21785714300000003},"intensity":{"high":0.126984127,"low":0.168253968,"meium":0.486904762,"none":0.217857143},"expressive":{"dir-action":0,"dir-explicit":0.20396825389801587,"dir-speech":0.5388888887305555,"indirect":0.042857142978571426,"writing-device":0.21428571439285712}},{"id":"40년전통원할매족발","permalink":"","username":"asdfg","text":"맛 좋아요~~~~~~~","date":"Mon Dec 10 23:59:44 +0000 2018","retweets":"30","favorites":"20","mentions":[],"hashtags":[],"geo":"","raw":"맛 좋아요~~~~~~~","polarity":{"com":0,"pos":1,"neg":0,"neut":0,"none":0},"intensity":{"high":0,"low":0,"meium":1,"none":0},"expressive":{"dir-action":0,"dir-explicit":0,"dir-speech":1,"indirect":0,"writing-device":0}},{"id":"40년전통원할매족발","permalink":"","username":"asdfg","text":"족발 술생각나게 하네요","date":"Mon Dec 10 23:59:44 +0000 2018","retweets":"30","favorites":"20","mentions":[],"hashtags":[],"geo":"","raw":"족발 술생각나게 하네요","polarity":{"com":0.0057471265,"pos":0.16091954,"neg":0.7011494255,"neut":0.0344827585,"none":0.0977011495},"intensity":{"high":0.05747126447126437,"low":0.0632183909683908,"meium":0.775862068612069,"none":0.10344827594827587},"expressive":{"dir-action":0.005747126502873563,"dir-explicit":0.08045977004022989,"dir-speech":0.20689655160344828,"indirect":0.591954023295977,"writing-device":0.11494252855747127}},{"id":"40년전통원할매족발","permalink":"","username":"asdfg","text":"맛있어요 족발 굿 ㅋㅋㅋㅋ","date":"Mon Dec 10 23:59:44 +0000 2018","retweets":"30","favorites":"20","mentions":[],"hashtags":[],"geo":"","raw":"맛있어요 족발 굿 ㅋㅋㅋㅋ","polarity":{"com":0,"pos":0.5,"neg":0.5,"neut":0,"none":0},"intensity":{"high":0,"low":0,"meium":1,"none":0},"expressive":{"dir-action":0,"dir-explicit":0,"dir-speech":0.5,"indirect":0.5,"writing-device":0}},{"id":"40년전통원할매족발","permalink":"","username":"asdfg","text":"첨시켜보는데 평 좋아서 기대되네욥 주문받으시는분도 친절하공~~족발 맛있었으면 좋겠네욥","date":"Mon Dec 10 23:59:44 +0000 2018","retweets":"30","favorites":"20","mentions":[],"hashtags":[],"geo":"","raw":"첨시켜보는데 평 좋아서 기대되네욥 주문받으시는분도 친절하공~~족발 맛있었으면 좋겠네욥","polarity":{"com":0,"pos":0.6724074073333334,"neg":0.3142592593333333,"neut":0,"none":0.013333333333333334},"intensity":{"high":0.09444444448425927,"low":0.022592592662901236,"meium":0.8696296295217284,"none":0.013333333331111114},"expressive":{"dir-action":0.009259259333333334,"dir-explicit":0.47314814816666667,"dir-speech":0.35370370366666665,"indirect":0.15055555550000002,"writing-device":0.013333333333333334}},{"id":"40년전통원할매족발","permalink":"","username":"asdfg","text":"맛있게 하는집이네요 맘에 드네요","date":"Mon Dec 10 23:59:44 +0000 2018","retweets":"30","favorites":"20","mentions":[],"hashtags":[],"geo":"","raw":"맛있게 하는집이네요 맘에 드네요","polarity":{"com":0.020480668799999997,"pos":0.4625496342,"neg":0.44167189139999996,"neut":0.027126436799999997,"none":0.0481713688},"intensity":{"high":0.0587460814,"low":0.0925600836,"meium":0.7982236156,"none":0.0504702194},"expressive":{"dir-action":0.0022988506009195405,"dir-explicit":0.15339602926135845,"dir-speech":0.6076071056430429,"indirect":0.18163009407265207,"writing-device":0.05506792042202718}},{"id":"40년전통원할매족발","permalink":"","username":"asdfg","text":"누리지않고 먹을만 했어요","date":"Mon Dec 10 23:59:44 +0000 2018","retweets":"30","favorites":"20","mentions":[],"hashtags":[],"geo":"","raw":"누리지않고 먹을만 했어요","polarity":{"com":0,"pos":0.6388888886666667,"neg":0.22222222233333333,"neut":0,"none":0.138888889},"intensity":{"high":0.39814814800000004,"low":0.074074074,"meium":0.388888889,"none":0.13888888900000002},"expressive":{"dir-action":0,"dir-explicit":0.5185185183333334,"dir-speech":0.2592592593333333,"indirect":0.08333333333333333,"writing-device":0.138888889}},{"id":"40년전통원할매족발","permalink":"","username":"asdfg","text":"쫀득하면서 부드러운맛","date":"Mon Dec 10 23:59:44 +0000 2018","retweets":"30","favorites":"20","mentions":[],"hashtags":[],"geo":"","raw":"쫀득하면서 부드러운맛","polarity":{"com":0.006451612999999998,"pos":0.8387096773333333,"neg":0.117562724,"neut":0.02795698933333333,"none":0.009318996333333333},"intensity":{"high":0.04659498199999999,"low":0.038709677333333324,"meium":0.9046594983333333,"none":0.010035842333333331},"expressive":{"dir-action":0.002150537666666667,"dir-explicit":0.43799283166666664,"dir-speech":0.43154121866666667,"indirect":0.11899641566666667,"writing-device":0.009318996333333334}},{"id":"40년전통원할매족발","permalink":"","username":"asdfg","text":"계속 발전되는모습 부탁드립니다","date":"Mon Dec 10 23:59:44 +0000 2018","retweets":"30","favorites":"20","mentions":[],"hashtags":[],"geo":"","raw":"계속 발전되는모습 부탁드립니다","polarity":{"com":0.17916666666666667,"pos":0.236111111,"neg":0.3847222223333333,"neut":0.19999999999999998,"none":0},"intensity":{"high":0.029166666666666664,"low":0.19583333333333333,"meium":0.7708333333333334,"none":0.004166666666666667},"expressive":{"dir-action":0,"dir-explicit":0.44861111099999995,"dir-speech":0.44722222233333336,"indirect":0.10416666666666667,"writing-device":0}},{"id":"40년전통원할매족발","permalink":"","username":"asdfg","text":"감칠맛나고  좋았음~~~~","date":"Mon Dec 10 23:59:44 +0000 2018","retweets":"30","favorites":"20","mentions":[],"hashtags":[],"geo":"","raw":"감칠맛나고  좋았음~~~~","polarity":{"com":0,"pos":0.8066666666666666,"neg":0.18000000000000002,"neut":0,"none":0.013333333333333334},"intensity":{"high":0.06666666666666667,"low":0.013333333333333334,"meium":0.9066666666666666,"none":0.013333333333333334},"expressive":{"dir-action":0,"dir-explicit":0.19999999999999998,"dir-speech":0.2333333333333333,"indirect":0.5533333333333333,"writing-device":0.013333333333333334}},{"id":"40년전통원할매족발","permalink":"","username":"asdfg","text":"껍질도 탱글하니 맛있어요","date":"Mon Dec 10 23:59:44 +0000 2018","retweets":"30","favorites":"20","mentions":[],"hashtags":[],"geo":"","raw":"껍질도 탱글하니 맛있어요","polarity":{"com":0,"pos":0.16666666666666666,"neg":0.8333333333333334,"neut":0,"none":0},"intensity":{"high":0.16666666666666666,"low":0,"meium":0.8333333333333334,"none":0},"expressive":{"dir-action":0.16666666666666666,"dir-explicit":0,"dir-speech":0.5,"indirect":0.3333333333333333,"writing-device":0}},{"id":"40년전통원할매족발","permalink":"","username":"asdfg","text":"맛있게 하네요~~~~~","date":"Mon Dec 10 23:59:44 +0000 2018","retweets":"30","favorites":"20","mentions":[],"hashtags":[],"geo":"","raw":"맛있게 하네요~~~~~","polarity":{"com":0.0057471265,"pos":0.16091954,"neg":0.7011494255,"neut":0.0344827585,"none":0.0977011495},"intensity":{"high":0.05747126447126437,"low":0.0632183909683908,"meium":0.775862068612069,"none":0.10344827594827587},"expressive":{"dir-action":0.005747126502873563,"dir-explicit":0.08045977004022989,"dir-speech":0.7068965518534482,"indirect":0.09195402304597701,"writing-device":0.11494252855747127}},{"id":"40년전통원할매족발","permalink":"","username":"asdfg","text":"매운데 맛있구 자꾸 손이 갑니다","date":"Mon Dec 10 23:59:44 +0000 2018","retweets":"30","favorites":"20","mentions":[],"hashtags":[],"geo":"","raw":"매운데 맛있구 자꾸 손이 갑니다","polarity":{"com":0.010279001333333334,"pos":0.14390602066666666,"neg":0.8135095446666667,"neut":0.029368575666666664,"none":0.002936857666666667},"intensity":{"high":0.0352422906784141,"low":0.04405286334801762,"meium":0.8051884486017296,"none":0.1155163973718388},"expressive":{"dir-action":0.0014684286676456188,"dir-explicit":0.24914341649942892,"dir-speech":0.5648556047099038,"indirect":0.06901615271267743,"writing-device":0.11551639741034425}},{"id":"40년전통원할매족발","permalink":"","username":"asdfg","text":"맛있음\n만족함 ㅋㅋㅋ","date":"Mon Dec 10 23:59:44 +0000 2018","retweets":"30","favorites":"20","mentions":[],"hashtags":[],"geo":"","raw":"맛있음\n만족함 ㅋㅋㅋ","polarity":{"com":0.03030303033333333,"pos":0.5303030303333333,"neg":0.42424242433333337,"neut":0,"none":0.015151514999999999},"intensity":{"high":0.015151515005050502,"low":0.045454545348484844,"meium":0.924242424641414,"none":0.015151515005050502},"expressive":{"dir-action":0,"dir-explicit":0.42424242433333337,"dir-speech":0.36363636366666663,"indirect":0.196969697,"writing-device":0.015151514999999999}},{"id":"40년전통원할매족발","permalink":"","username":"asdfg","text":"쌈도 많이 주시고 양도 많 아요  보족 소자 시켰는데 잡냄새도 없고 보쌈은 부드럽고 족발은 졸깃 완전 맛나게 먹었어요 ^^","date":"Mon Dec 10 23:59:44 +0000 2018","retweets":"30","favorites":"20","mentions":[],"hashtags":[],"geo":"","raw":"쌈도 많이 주시고 양도 많 아요  보족 소자 시켰는데 잡냄새도 없고 보쌈은 부드럽고 족발은 졸깃 완전 맛나게 먹었어요 ^^","polarity":{"com":0.007616540285714285,"pos":0.3771979402857143,"neg":0.5632515908571428,"neut":0.02283122285714285,"none":0.029102705714285713},"intensity":{"high":0.25695306821627234,"low":0.2582696207880771,"meium":0.454287642701225,"none":0.030489668294425617},"expressive":{"dir-action":0,"dir-explicit":0.2447883857492555,"dir-speech":0.47534362621076337,"indirect":0.2466043946066578,"writing-device":0.033263593433323364}},{"id":"40년전통원할매족발","permalink":"","username":"asdfg","text":"냄새없이 맛있게 먹었어요","date":"Mon Dec 10 23:59:44 +0000 2018","retweets":"30","favorites":"20","mentions":[],"hashtags":[],"geo":"","raw":"냄새없이 맛있게 먹었어요","polarity":{"com":0,"pos":0.111111111,"neg":0.888888889,"neut":0,"none":0},"intensity":{"high":0.37037037033333337,"low":0.074074074,"meium":0.5555555556666666,"none":0},"expressive":{"dir-action":0,"dir-explicit":0.074074074,"dir-speech":0.5925925926666666,"indirect":0.3333333333333333,"writing-device":0}},{"id":"40년전통원할매족발","permalink":"","username":"asdfg","text":"야식으로 족발시킴 맛 짱","date":"Mon Dec 10 23:59:44 +0000 2018","retweets":"30","favorites":"20","mentions":[],"hashtags":[],"geo":"","raw":"야식으로 족발시킴 맛 짱","polarity":{"com":0,"pos":0.722222222,"neg":0.277777778,"neut":0,"none":0},"intensity":{"high":0.08333333345833333,"low":0.02777777798611111,"meium":0.8888888885555555,"none":0},"expressive":{"dir-action":0.027777778,"dir-explicit":0.1944444445,"dir-speech":0.611111111,"indirect":0.1666666665,"writing-device":0}},{"id":"40년전통원할매족발","permalink":"","username":"asdfg","text":"부드럽네요~~~~~","date":"Mon Dec 10 23:59:44 +0000 2018","retweets":"30","favorites":"20","mentions":[],"hashtags":[],"geo":"","raw":"부드럽네요~~~~~","polarity":{"com":0,"pos":1,"neg":0,"neut":0,"none":0},"intensity":{"high":0,"low":0,"meium":1,"none":0},"expressive":{"dir-action":0,"dir-explicit":1,"dir-speech":0,"indirect":0,"writing-device":0}},{"id":"40년전통원할매족발","permalink":"","username":"asdfg","text":"친절하게 받으셔서 맘에 듭니다","date":"Mon Dec 10 23:59:44 +0000 2018","retweets":"30","favorites":"20","mentions":[],"hashtags":[],"geo":"","raw":"친절하게 받으셔서 맘에 듭니다","polarity":{"com":0.006451612999999998,"pos":0.4774193546666666,"neg":0.4458781359999999,"neut":0.06093189999999999,"none":0.009318996333333333},"intensity":{"high":0.134050179,"low":0.1483870966666667,"meium":0.7075268819999999,"none":0.010035842333333333},"expressive":{"dir-action":0.0021505376673835123,"dir-explicit":0.3448028674482676,"dir-speech":0.31899641577299875,"indirect":0.3247311827749103,"writing-device":0.009318996336439666}},{"id":"40년전통원할매족발","permalink":"","username":"asdfg","text":"가격대비 맛도 괜찮은데요","date":"Mon Dec 10 23:59:44 +0000 2018","retweets":"30","favorites":"20","mentions":[],"hashtags":[],"geo":"","raw":"가격대비 맛도 괜찮은데요","polarity":{"com":0,"pos":1,"neg":0,"neut":0,"none":0},"intensity":{"high":0,"low":0,"meium":1,"none":0},"expressive":{"dir-action":0,"dir-explicit":0,"dir-speech":0.5,"indirect":0.5,"writing-device":0}},{"id":"40년전통원할매족발","permalink":"","username":"asdfg","text":"색깔도 좋고 윤기도 흐르고","date":"Mon Dec 10 23:59:44 +0000 2018","retweets":"30","favorites":"20","mentions":[],"hashtags":[],"geo":"","raw":"색깔도 좋고 윤기도 흐르고","polarity":{"com":0.002380952333333333,"pos":0.7114285713333333,"neg":0.122857143,"neut":0.004761904666666666,"none":0.15857142866666665},"intensity":{"high":0.11428571433333334,"low":0.05142857133333333,"meium":0.6757142856666666,"none":0.15857142866666665},"expressive":{"dir-action":0,"dir-explicit":0.2619047619126984,"dir-speech":0.16666666661111113,"indirect":0.41523809519492066,"writing-device":0.15619047628126986}},{"id":"40년전통원할매족발","permalink":"","username":"asdfg","text":"적은양은 아니어서 만족해요","date":"Mon Dec 10 23:59:44 +0000 2018","retweets":"30","favorites":"20","mentions":[],"hashtags":[],"geo":"","raw":"적은양은 아니어서 만족해요","polarity":{"com":0,"pos":0.22222222200000002,"neg":0.777777778,"neut":0,"none":0},"intensity":{"high":0.111111111,"low":0,"meium":0.888888889,"none":0},"expressive":{"dir-action":0,"dir-explicit":0.722222222,"dir-speech":0,"indirect":0.277777778,"writing-device":0}},{"id":"40년전통원할매족발","permalink":"","username":"asdfg","text":"육즙도 꽉 차있어요 부드러워요","date":"Mon Dec 10 23:59:44 +0000 2018","retweets":"30","favorites":"20","mentions":[],"hashtags":[],"geo":"","raw":"육즙도 꽉 차있어요 부드러워요","polarity":{"com":0.002380952333333333,"pos":0.626984127,"neg":0.22063492066666668,"neut":0.004761904666666666,"none":0.14523809533333334},"intensity":{"high":0.26984126999999997,"low":0.038095238,"meium":0.5468253966666666,"none":0.14523809533333334},"expressive":{"dir-action":0,"dir-explicit":0.5063492063333334,"dir-speech":0.211111111,"indirect":0.13968253966666666,"writing-device":0.142857143}},{"id":"40년전통원할매족발","permalink":"","username":"asdfg","text":"쫄깃함이 좋았네여~~~~","date":"Mon Dec 10 23:59:44 +0000 2018","retweets":"30","favorites":"20","mentions":[],"hashtags":[],"geo":"","raw":"쫄깃함이 좋았네여~~~~","polarity":{"com":0.5,"pos":0.5,"neg":0,"neut":0,"none":0},"intensity":{"high":0,"low":0.5,"meium":0.5,"none":0},"expressive":{"dir-action":0,"dir-explicit":0,"dir-speech":0,"indirect":1,"writing-device":0}},{"id":"40년전통원할매족발","permalink":"","username":"asdfg","text":"피부에도 좋고 맛도 좋고 \n","date":"Mon Dec 10 23:59:44 +0000 2018","retweets":"30","favorites":"20","mentions":[],"hashtags":[],"geo":"","raw":"피부에도 좋고 맛도 좋고 \n","polarity":{"com":0,"pos":0.98,"neg":0.01,"neut":0,"none":0.01},"intensity":{"high":0.05,"low":0.01,"meium":0.9299999999999999,"none":0.01},"expressive":{"dir-action":0,"dir-explicit":0.525,"dir-speech":0.3,"indirect":0.165,"writing-device":0.01}},{"id":"40년전통원할매족발","permalink":"","username":"asdfg","text":"평점이 너무 좋아 방금 주문 했습니다~~~ ㅋ 보쌈 족발 순대 세트~ ㅋㅋ 맛있으면 댓글 달아놓을께요","date":"Mon Dec 10 23:59:44 +0000 2018","retweets":"30","favorites":"20","mentions":[],"hashtags":[],"geo":"","raw":"평점이 너무 좋아 방금 주문 했습니다~~~ ㅋ 보쌈 족발 순대 세트~ ㅋㅋ 맛있으면 댓글 달아놓을께요","polarity":{"com":0,"pos":0.5,"neg":0.5,"neut":0,"none":0},"intensity":{"high":0.16666666666666666,"low":0,"meium":0.8333333333333334,"none":0},"expressive":{"dir-action":0.16666666666666666,"dir-explicit":0.3333333333333333,"dir-speech":0.5,"indirect":0,"writing-device":0}},{"id":"40년전통원할매족발","permalink":"","username":"asdfg","text":"좋아요 비리지 않고 맛있썼써요 호","date":"Mon Dec 10 23:59:44 +0000 2018","retweets":"30","favorites":"20","mentions":[],"hashtags":[],"geo":"","raw":"좋아요 비리지 않고 맛있썼써요 호","polarity":{"com":0,"pos":0.3066666666666667,"neg":0.68,"neut":0,"none":0.013333333333333334},"intensity":{"high":0.5666666666666667,"low":0.013333333333333334,"meium":0.4066666666666667,"none":0.013333333333333334},"expressive":{"dir-action":0,"dir-explicit":0.19999999999999998,"dir-speech":0.06666666666666667,"indirect":0.7200000000000001,"writing-device":0.013333333333333334}},{"id":"40년전통원할매족발","permalink":"","username":"asdfg","text":"비와서 한시간넘게기다리긴햇지만맛도좋고친절하셔서 다음에또시킬게용!","date":"Mon Dec 10 23:59:44 +0000 2018","retweets":"30","favorites":"20","mentions":[],"hashtags":[],"geo":"","raw":"비와서 한시간넘게기다리긴햇지만맛도좋고친절하셔서 다음에또시킬게용!","polarity":{"com":0.0038561364995179826,"pos":0.48760315681404964,"neg":0.4029448064496319,"neut":0.019104560622611934,"none":0.08649133961418858},"intensity":{"high":0.09850760098768654,"low":0.11865406011016824,"meium":0.6946414004131698,"none":0.08819693848897539},"expressive":{"dir-action":0.0022432332505608076,"dir-explicit":0.1938860639234715,"dir-speech":0.44093304736023325,"indirect":0.25427882831356974,"writing-device":0.1086588271521647}},{"id":"40년전통원할매족발","permalink":"","username":"asdfg","text":"맛잇어요 맛잇어요 맛잇어요","date":"Mon Dec 10 23:59:44 +0000 2018","retweets":"30","favorites":"20","mentions":[],"hashtags":[],"geo":"","raw":"맛잇어요 맛잇어요 맛잇어요","polarity":{"com":0,"pos":1,"neg":0,"neut":0,"none":0},"intensity":{"high":0,"low":0,"meium":1,"none":0},"expressive":{"dir-action":0,"dir-explicit":0,"dir-speech":1,"indirect":0,"writing-device":0}},{"id":"40년전통원할매족발","permalink":"","username":"asdfg","text":"배달이안와... 오래전에시켰는데.....잠까지옴","date":"Mon Dec 10 23:59:44 +0000 2018","retweets":"30","favorites":"20","mentions":[],"hashtags":[],"geo":"","raw":"배달이안와... 오래전에시켰는데.....잠까지옴","polarity":{"com":0.02272727275,"pos":0.44318181825,"neg":0.10227272725,"neut":0.25,"none":0.18181818175},"intensity":{"high":0.04545454527272728,"low":0.29545454539772725,"meium":0.46590909123295454,"none":0.19318181809659093},"expressive":{"dir-action":0,"dir-explicit":0.09090909102272728,"dir-speech":0.5568181818892045,"indirect":0.15909090903977274,"writing-device":0.19318181804829546}},{"id":"40년전통원할매족발","permalink":"","username":"asdfg","text":"평타는침!ㅎ","date":"Mon Dec 10 23:59:44 +0000 2018","retweets":"30","favorites":"20","mentions":[],"hashtags":[],"geo":"","raw":"평타는침!ㅎㅎㅎㅎㅎㅎㅎㅎㅎ","polarity":{"com":0,"pos":1,"neg":0,"neut":0,"none":0},"intensity":{"high":0,"low":0.5,"meium":0.5,"none":0},"expressive":{"dir-action":0,"dir-explicit":0,"dir-speech":0,"indirect":1,"writing-device":0}},{"id":"40년전통원할매족발","permalink":"","username":"asdfg","text":"해당 리뷰는 배달통 운영 원칙에 따라 블라인드 처리 되었습니다.","date":"Mon Dec 10 23:59:44 +0000 2018","retweets":"30","favorites":"20","mentions":[],"hashtags":[],"geo":"","raw":"해당 리뷰는 배달통 운영 원칙에 따라 블라인드 처리 되었습니다.","polarity":{"com":0,"pos":0.4126984127063492,"neg":0.3075396826537698,"neut":0.2043650793521825,"none":0.07539682528769841},"intensity":{"high":0.035714285750000005,"low":0.08730158725,"meium":0.80158730175,"none":0.07539682525000001},"expressive":{"dir-action":0,"dir-explicit":0.44246031761061505,"dir-speech":0.2777777778194444,"indirect":0.20039682530009917,"writing-device":0.07936507926984127}},{"id":"40년전통원할매족발","permalink":"","username":"asdfg","text":"해당 리뷰는 배달통 운영 원칙에 따라 블라인드 처리 되었습니다.","date":"Mon Dec 10 23:59:44 +0000 2018","retweets":"30","favorites":"20","mentions":[],"hashtags":[],"geo":"","raw":"해당 리뷰는 배달통 운영 원칙에 따라 블라인드 처리 되었습니다.","polarity":{"com":0,"pos":0.4126984127063492,"neg":0.3075396826537698,"neut":0.2043650793521825,"none":0.07539682528769841},"intensity":{"high":0.035714285750000005,"low":0.08730158725,"meium":0.80158730175,"none":0.07539682525000001},"expressive":{"dir-action":0,"dir-explicit":0.44246031761061505,"dir-speech":0.2777777778194444,"indirect":0.20039682530009917,"writing-device":0.07936507926984127}},{"id":"40년전통원할매족발","permalink":"","username":"asdfg","text":"빠르게 배달 왔어요~~~~~","date":"Mon Dec 10 23:59:44 +0000 2018","retweets":"30","favorites":"20","mentions":[],"hashtags":[],"geo":"","raw":"빠르게 배달 왔어요~~~~~","polarity":{"com":0,"pos":1,"neg":0,"neut":0,"none":0},"intensity":{"high":0,"low":0.1666666665,"meium":0.8333333334999999,"none":0},"expressive":{"dir-action":0,"dir-explicit":0,"dir-speech":0.5,"indirect":0.5,"writing-device":0}},{"id":"40년전통원할매족발","permalink":"","username":"asdfg","text":"배부르게 먹을수 있네요~~~","date":"Mon Dec 10 23:59:44 +0000 2018","retweets":"30","favorites":"20","mentions":[],"hashtags":[],"geo":"","raw":"배부르게 먹을수 있네요~~~","polarity":{"com":0,"pos":0.29166666650000006,"neg":0.35,"neut":0.008333333500000002,"none":0.35000000000000003},"intensity":{"high":0.0805555555,"low":0.1194444445,"meium":0.45000000000000007,"none":0.35000000000000003},"expressive":{"dir-action":0,"dir-explicit":0.15277777750000002,"dir-speech":0.4722222225,"indirect":0.025,"writing-device":0.35}},{"id":"40년전통원할매족발","permalink":"","username":"asdfg","text":"먹는맛 눈으로 보는 맛 ㅎㅎ","date":"Mon Dec 10 23:59:44 +0000 2018","retweets":"30","favorites":"20","mentions":[],"hashtags":[],"geo":"","raw":"먹는맛 눈으로 보는 맛 ㅎㅎ","polarity":{"com":0.010416666747395832,"pos":0.687499999828125,"neg":0.27083333343229166,"neut":0.020833333244791665,"none":0.010416666747395832},"intensity":{"high":0.06944444450000001,"low":0.07638888875000001,"meium":0.8437500000000001,"none":0.010416666750000001},"expressive":{"dir-action":0,"dir-explicit":0.1388888887847222,"dir-speech":0.8090277779522569,"indirect":0.0312500000078125,"writing-device":0.02083333325520833}},{"id":"40년전통원할매족발","permalink":"","username":"asdfg","text":"다 같은 족발인데 맛있게 먹었어요","date":"Mon Dec 10 23:59:44 +0000 2018","retweets":"30","favorites":"20","mentions":[],"hashtags":[],"geo":"","raw":"다 같은 족발인데 맛있게 먹었어요","polarity":{"com":0.00571895425,"pos":0.3583099905,"neg":0.48611111124999995,"neut":0.022875817,"none":0.126984127},"intensity":{"high":0.13106909425,"low":0.07598039200000001,"meium":0.66596638675,"none":0.126984127},"expressive":{"dir-action":0,"dir-explicit":0.26727357618318165,"dir-speech":0.5665266106083683,"indirect":0.03431372549142157,"writing-device":0.13188608771702848}},{"id":"40년전통원할매족발","permalink":"","username":"asdfg","text":"보쌈 맛있던데요~~~~~","date":"Mon Dec 10 23:59:44 +0000 2018","retweets":"30","favorites":"20","mentions":[],"hashtags":[],"geo":"","raw":"보쌈 맛있던데요~~~~~","polarity":{"com":0,"pos":0,"neg":1,"neut":0,"none":0},"intensity":{"high":0,"low":0,"meium":1,"none":0},"expressive":{"dir-action":0,"dir-explicit":0,"dir-speech":1,"indirect":0,"writing-device":0}},{"id":"40년전통원할매족발","permalink":"","username":"asdfg","text":"배달있어서 감사할뿐~~~~","date":"Mon Dec 10 23:59:44 +0000 2018","retweets":"30","favorites":"20","mentions":[],"hashtags":[],"geo":"","raw":"배달있어서 감사할뿐~~~~","polarity":{"com":0,"pos":0.6666666666666666,"neg":0.10256410266666667,"neut":0,"none":0.23076923066666666},"intensity":{"high":0.3333333333333333,"low":0.025641025666666668,"meium":0.38461538466666667,"none":0.2564102563333333},"expressive":{"dir-action":0,"dir-explicit":0,"dir-speech":0.7435897436666666,"indirect":0.025641025666666668,"writing-device":0.23076923066666666}},{"id":"40년전통원할매족발","permalink":"","username":"asdfg","text":"맛도 좋고 친절했어요~~~~","date":"Mon Dec 10 23:59:44 +0000 2018","retweets":"30","favorites":"20","mentions":[],"hashtags":[],"geo":"","raw":"맛도 좋고 친절했어요~~~~","polarity":{"com":0.006451612999999999,"pos":0.8120430106666667,"neg":0.13089605733333334,"neut":0.027956989333333335,"none":0.022652329666666665},"intensity":{"high":0.11326164866666666,"low":0.05204301066666667,"meium":0.811326165,"none":0.02336917566666667},"expressive":{"dir-action":0.002150537666666667,"dir-explicit":0.30465949833333333,"dir-speech":0.4982078853333333,"indirect":0.172329749,"writing-device":0.022652329666666665}},{"id":"40년전통원할매족발","permalink":"","username":"asdfg","text":"맛있네여 맛있네여 쟁반국슈는 그냥 그래여 ","date":"Mon Dec 10 23:59:44 +0000 2018","retweets":"30","favorites":"20","mentions":[],"hashtags":[],"geo":"","raw":"맛있네여 맛있네여 쟁반국슈는 그냥 그래여 ","polarity":{"com":0,"pos":0.2460317460615079,"neg":0.7103174604275794,"neut":0.023809523755952376,"none":0.019841269754960318},"intensity":{"high":0.007936508,"low":0.0595238095,"meium":0.91269841275,"none":0.01984126975},"expressive":{"dir-action":0,"dir-explicit":0.03968253975,"dir-speech":0.8333333334999999,"indirect":0.103174603,"writing-device":0.02380952375}},{"id":"40년전통원할매족발","permalink":"","username":"asdfg","text":"여기 맛 괜찮네요~~~~~~","date":"Mon Dec 10 23:59:44 +0000 2018","retweets":"30","favorites":"20","mentions":[],"hashtags":[],"geo":"","raw":"여기 맛 괜찮네요~~~~~~","polarity":{"com":0,"pos":0.5,"neg":0.5,"neut":0,"none":0},"intensity":{"high":0,"low":0,"meium":1,"none":0},"expressive":{"dir-action":0,"dir-explicit":0,"dir-speech":1,"indirect":0,"writing-device":0}},{"id":"40년전통원할매족발","permalink":"","username":"asdfg","text":"쫀득거림이 좋았어요~~~~","date":"Mon Dec 10 23:59:44 +0000 2018","retweets":"30","favorites":"20","mentions":[],"hashtags":[],"geo":"","raw":"쫀득거림이 좋았어요~~~~","polarity":{"com":0,"pos":1,"neg":0,"neut":0,"none":0},"intensity":{"high":0,"low":0,"meium":1,"none":0},"expressive":{"dir-action":0,"dir-explicit":0,"dir-speech":1,"indirect":0,"writing-device":0}},{"id":"40년전통원할매족발","permalink":"","username":"asdfg","text":"맛있어여 맛있어여 맛있어여","date":"Mon Dec 10 23:59:44 +0000 2018","retweets":"30","favorites":"20","mentions":[],"hashtags":[],"geo":"","raw":"맛있어여 맛있어여 맛있어여","polarity":{"com":0,"pos":0.3333333335,"neg":0.6666666665000001,"neut":0,"none":0},"intensity":{"high":0,"low":0,"meium":1,"none":0},"expressive":{"dir-action":0,"dir-explicit":0,"dir-speech":0.8333333334999999,"indirect":0.1666666665,"writing-device":0}},{"id":"40년전통원할매족발","permalink":"","username":"asdfg","text":"양도 많고 괜찮네요~~~~","date":"Mon Dec 10 23:59:44 +0000 2018","retweets":"30","favorites":"20","mentions":[],"hashtags":[],"geo":"","raw":"양도 많고 괜찮네요~~~~","polarity":{"com":0,"pos":0.391304348,"neg":0.565217391,"neut":0.043478261,"none":0},"intensity":{"high":0.2608695652608696,"low":0.21739130421739128,"meium":0.5217391305217391,"none":0},"expressive":{"dir-action":0,"dir-explicit":0.5217391305217391,"dir-speech":0.2173913042173913,"indirect":0.2608695652608696,"writing-device":0}},{"id":"40년전통원할매족발","permalink":"","username":"asdfg","text":"잘 삶아지고 부드럽네요~~","date":"Mon Dec 10 23:59:44 +0000 2018","retweets":"30","favorites":"20","mentions":[],"hashtags":[],"geo":"","raw":"잘 삶아지고 부드럽네요~~","polarity":{"com":0,"pos":0.8571428574285714,"neg":0.10714285705357143,"neut":0.035714285517857144,"none":0},"intensity":{"high":0,"low":0.107142857,"meium":0.8928571430000001,"none":0},"expressive":{"dir-action":0,"dir-explicit":0.607142857,"dir-speech":0.0714285715,"indirect":0.3214285715,"writing-device":0}},{"id":"40년전통원할매족발","permalink":"","username":"asdfg","text":"족발정식양많아서남김요\n잘먹었어요","date":"Mon Dec 10 23:59:44 +0000 2018","retweets":"30","favorites":"20","mentions":[],"hashtags":[],"geo":"","raw":"족발정식양많아서남김요\n잘먹었어요","polarity":{"com":0,"pos":0.4518633541506212,"neg":0.5098343685032781,"neut":0.038302277346100755,"none":0},"intensity":{"high":0.08695652169565218,"low":0.14389233938129745,"meium":0.7691511389230504,"none":0},"expressive":{"dir-action":0,"dir-explicit":0.3286749481095583,"dir-speech":0.12008281570669427,"indirect":0.5512422361837475,"writing-device":0}},{"id":"40년전통원할매족발","permalink":"","username":"asdfg","text":"해당 리뷰는 배달통 운영 원칙에 따라 블라인드 처리 되었습니다.","date":"Mon Dec 10 23:59:44 +0000 2018","retweets":"30","favorites":"20","mentions":[],"hashtags":[],"geo":"","raw":"해당 리뷰는 배달통 운영 원칙에 따라 블라인드 처리 되었습니다.","polarity":{"com":0,"pos":0.4126984127063492,"neg":0.3075396826537698,"neut":0.2043650793521825,"none":0.07539682528769841},"intensity":{"high":0.035714285750000005,"low":0.08730158725,"meium":0.80158730175,"none":0.07539682525000001},"expressive":{"dir-action":0,"dir-explicit":0.44246031761061505,"dir-speech":0.2777777778194444,"indirect":0.20039682530009917,"writing-device":0.07936507926984127}},{"id":"40년전통원할매족발","permalink":"","username":"asdfg","text":"식구들도 맛있게 싹 먹어치움","date":"Mon Dec 10 23:59:44 +0000 2018","retweets":"30","favorites":"20","mentions":[],"hashtags":[],"geo":"","raw":"식구들도 맛있게 싹 먹어치움","polarity":{"com":0.0454545455,"pos":0.2954545455,"neg":0.6363636365,"neut":0,"none":0.0227272725},"intensity":{"high":0.022727272511363635,"low":0.06818181803409092,"meium":0.8863636369431818,"none":0.022727272511363635},"expressive":{"dir-action":0,"dir-explicit":0.13636363650000002,"dir-speech":0.5454545455,"indirect":0.29545454550000005,"writing-device":0.022727272500000003}},{"id":"40년전통원할매족발","permalink":"","username":"asdfg","text":"먹을만했어요~~~~~~","date":"Mon Dec 10 23:59:44 +0000 2018","retweets":"30","favorites":"20","mentions":[],"hashtags":[],"geo":"","raw":"먹을만했어요~~~~~~","polarity":{"com":0,"pos":0.333333333,"neg":0.666666667,"neut":0,"none":0},"intensity":{"high":0.111111111,"low":0.222222222,"meium":0.666666667,"none":0},"expressive":{"dir-action":0,"dir-explicit":0.222222222,"dir-speech":0.777777778,"indirect":0,"writing-device":0}},{"id":"40년전통원할매족발","permalink":"","username":"asdfg","text":"윤기도 색도 먹음직~~~~","date":"Mon Dec 10 23:59:44 +0000 2018","retweets":"30","favorites":"20","mentions":[],"hashtags":[],"geo":"","raw":"윤기도 색도 먹음직~~~~","polarity":{"com":0.0035714285000000004,"pos":0.27380952350000004,"neg":0.49761904800000006,"neut":0.007142857000000001,"none":0.21785714300000003},"intensity":{"high":0.126984127,"low":0.168253968,"meium":0.486904762,"none":0.217857143},"expressive":{"dir-action":0,"dir-explicit":0.20396825389801587,"dir-speech":0.5388888887305555,"indirect":0.042857142978571426,"writing-device":0.21428571439285712}},{"id":"40년전통원할매족발","permalink":"","username":"asdfg","text":"맛 그럭 저럭 양은 많이줘요","date":"Mon Dec 10 23:59:44 +0000 2018","retweets":"30","favorites":"20","mentions":[],"hashtags":[],"geo":"","raw":"맛 그럭 저럭 양은 많이줘요","polarity":{"com":0.005649717666666667,"pos":0.6519774009999999,"neg":0.3197740113333333,"neut":0.011299434999999997,"none":0.011299434999999997},"intensity":{"high":0.03389830501129944,"low":0.04519774001506591,"meium":0.9096045199698681,"none":0.011299435003766477},"expressive":{"dir-action":0,"dir-explicit":0.257062147,"dir-speech":0.5531073446666667,"indirect":0.17853107333333332,"writing-device":0.011299434999999998}},{"id":"40년전통원할매족발","permalink":"","username":"asdfg","text":"족발짱 냄새없고 쫄깃함","date":"Mon Dec 10 23:59:44 +0000 2018","retweets":"30","favorites":"20","mentions":[],"hashtags":[],"geo":"","raw":"족발짱 냄새없고 쫄깃함","polarity":{"com":0.1,"pos":0.3,"neg":0.6,"neut":0,"none":0},"intensity":{"high":0.55,"low":0.10000000000000002,"meium":0.35000000000000003,"none":0},"expressive":{"dir-action":0,"dir-explicit":0.05,"dir-speech":0,"indirect":0.95,"writing-device":0}},{"id":"40년전통원할매족발","permalink":"","username":"asdfg","text":"깔끔하고 맛있습니다\n성공~!!\n\n근데 사장님 소자는 음료없나효~^^★","date":"Mon Dec 10 23:59:44 +0000 2018","retweets":"30","favorites":"20","mentions":[],"hashtags":[],"geo":"","raw":"깔끔하고 맛있습니다\n성공~!!\n\n근데 사장님 소자는 음료없나효~^^★","polarity":{"com":0.04868830000973765,"pos":0.38679128507735816,"neg":0.481295164896259,"neut":0.03536296340707259,"none":0.04786228660957245},"intensity":{"high":0.11383222337723356,"low":0.08385334018322933,"meium":0.7519098016496181,"none":0.050404634789919085},"expressive":{"dir-action":0.0006006006000000001,"dir-explicit":0.2196453874,"dir-speech":0.414069798,"indirect":0.3082214808,"writing-device":0.05746273319999999}},{"id":"40년전통원할매족발","permalink":"","username":"asdfg","text":"또 쳐묵쳐묵~ 족발먹고싶네요~\n\n역시 쫀득쫀득 족발~ㅠ\n\n맛나겠당~","date":"Mon Dec 10 23:59:44 +0000 2018","retweets":"30","favorites":"20","mentions":[],"hashtags":[],"geo":"","raw":"또 쳐묵쳐묵~ 족발먹고싶네요~\n\n역시 쫀득쫀득 족발~ㅠ\n\n맛나겠당~","polarity":{"com":0,"pos":0.36904761900000005,"neg":0.273809524,"neut":0.08333333325,"none":0.27380952375},"intensity":{"high":0.027777777756944445,"low":0.13888888878472222,"meium":0.559523809639881,"none":0.2738095238184524},"expressive":{"dir-action":0.16666666679166664,"dir-explicit":0.1746031745436508,"dir-speech":0.3492063493373016,"indirect":0,"writing-device":0.30952380932738094}},{"id":"40년전통원할매족발","permalink":"","username":"asdfg","text":"방금  보족 시켯는데 진짜 맛없네요 김치 고기 족발 맛있는거 하나도 없어요 알바생들 글적당히 써라 왠만큼 맛없어도 이런글 안올린다","date":"Mon Dec 10 23:59:44 +0000 2018","retweets":"30","favorites":"20","mentions":[],"hashtags":[],"geo":"","raw":"방금  보족 시켯는데 진짜 맛없네요 김치 고기 족발 맛있는거 하나도 없어요 알바생들 글적당히 써라 왠만큼 맛없어도 이런글 안올린다","polarity":{"com":0.005371149555555555,"pos":0.33383720322222227,"neg":0.5275933717777778,"neut":0.13009194333333332,"none":0.0031063321111111097},"intensity":{"high":0.09653005033333334,"low":0.05283881355555556,"meium":0.8456755493333333,"none":0.00495558677777778},"expressive":{"dir-action":0.05627240145694942,"dir-explicit":0.23198794871821957,"dir-speech":0.4881304867751401,"indirect":0.1649472753699883,"writing-device":0.058661887679702644}},{"id":"40년전통원할매족발","permalink":"","username":"asdfg","text":"해당 리뷰는 배달통 운영 원칙에 따라 블라인드 처리 되었습니다.","date":"Mon Dec 10 23:59:44 +0000 2018","retweets":"30","favorites":"20","mentions":[],"hashtags":[],"geo":"","raw":"해당 리뷰는 배달통 운영 원칙에 따라 블라인드 처리 되었습니다.","polarity":{"com":0,"pos":0.4126984127063492,"neg":0.3075396826537698,"neut":0.2043650793521825,"none":0.07539682528769841},"intensity":{"high":0.035714285750000005,"low":0.08730158725,"meium":0.80158730175,"none":0.07539682525000001},"expressive":{"dir-action":0,"dir-explicit":0.44246031761061505,"dir-speech":0.2777777778194444,"indirect":0.20039682530009917,"writing-device":0.07936507926984127}},{"id":"40년전통원할매족발","permalink":"","username":"asdfg","text":"해당 리뷰는 배달통 운영 원칙에 따라 블라인드 처리 되었습니다.","date":"Mon Dec 10 23:59:44 +0000 2018","retweets":"30","favorites":"20","mentions":[],"hashtags":[],"geo":"","raw":"해당 리뷰는 배달통 운영 원칙에 따라 블라인드 처리 되었습니다.","polarity":{"com":0,"pos":0.4126984127063492,"neg":0.3075396826537698,"neut":0.2043650793521825,"none":0.07539682528769841},"intensity":{"high":0.035714285750000005,"low":0.08730158725,"meium":0.80158730175,"none":0.07539682525000001},"expressive":{"dir-action":0,"dir-explicit":0.44246031761061505,"dir-speech":0.2777777778194444,"indirect":0.20039682530009917,"writing-device":0.07936507926984127}},{"id":"40년전통원할매족발","permalink":"","username":"asdfg","text":"불족발시켰어요~!!\n","date":"Mon Dec 10 23:59:44 +0000 2018","retweets":"30","favorites":"20","mentions":[],"hashtags":[],"geo":"","raw":"불족발시켰어요~!!\n","polarity":{"com":0,"pos":0.22222222200000002,"neg":0.777777778,"neut":0,"none":0},"intensity":{"high":0.08333333345833333,"low":0.02777777798611111,"meium":0.8888888885555555,"none":0},"expressive":{"dir-action":0.027777778,"dir-explicit":0.6944444445,"dir-speech":0.111111111,"indirect":0.1666666665,"writing-device":0}}]