[{"id":"원할머니보쌈족발 화곡역점CESCO","permalink":"","username":"asdfg","text":"맛있게  잘먹었어요   수고하세용","date":"Mon Dec 10 23:59:44 +0000 2018","retweets":"30","favorites":"20","mentions":[],"hashtags":[],"geo":"","raw":"맛있게  잘먹었어요   수고하세용","polarity":{"com":0,"pos":0.5714285715238094,"neg":0.40476190480158736,"neut":0.023809523674603175,"none":0},"intensity":{"high":0,"low":0.40476190466666667,"meium":0.5952380953333334,"none":0},"expressive":{"dir-action":0,"dir-explicit":0.07142857133333333,"dir-speech":0.380952381,"indirect":0.5476190476666667,"writing-device":0}},{"id":"원할머니보쌈족발 화곡역점CESCO","permalink":"","username":"asdfg","text":"언제나 늘 변함없이 맛있어요~~","date":"Mon Dec 10 23:59:44 +0000 2018","retweets":"30","favorites":"20","mentions":[],"hashtags":[],"geo":"","raw":"언제나 늘 변함없이 맛있어요~~","polarity":{"com":0,"pos":0,"neg":1,"neut":0,"none":0},"intensity":{"high":0,"low":0,"meium":1,"none":0},"expressive":{"dir-action":0,"dir-explicit":0,"dir-speech":1,"indirect":0,"writing-device":0}},{"id":"원할머니보쌈족발 화곡역점CESCO","permalink":"","username":"asdfg","text":"언제나 늘 변함없이 맛나요~~^^","date":"Mon Dec 10 23:59:44 +0000 2018","retweets":"30","favorites":"20","mentions":[],"hashtags":[],"geo":"","raw":"언제나 늘 변함없이 맛나요~~^^","polarity":{"com":0,"pos":1,"neg":0,"neut":0,"none":0},"intensity":{"high":0,"low":0,"meium":1,"none":0},"expressive":{"dir-action":0,"dir-explicit":0,"dir-speech":1,"indirect":0,"writing-device":0}},{"id":"원할머니보쌈족발 화곡역점CESCO","permalink":"","username":"asdfg","text":"언제나 변함없이 맛있어여~~^^","date":"Mon Dec 10 23:59:44 +0000 2018","retweets":"30","favorites":"20","mentions":[],"hashtags":[],"geo":"","raw":"언제나 변함없이 맛있어여~~^^","polarity":{"com":0,"pos":0,"neg":1,"neut":0,"none":0},"intensity":{"high":0,"low":0,"meium":1,"none":0},"expressive":{"dir-action":0,"dir-explicit":0,"dir-speech":1,"indirect":0,"writing-device":0}},{"id":"원할머니보쌈족발 화곡역점CESCO","permalink":"","username":"asdfg","text":"맛있게  잘먹었어요  수고하세용","date":"Mon Dec 10 23:59:44 +0000 2018","retweets":"30","favorites":"20","mentions":[],"hashtags":[],"geo":"","raw":"맛있게  잘먹었어요  수고하세용","polarity":{"com":0,"pos":0.5714285715238094,"neg":0.40476190480158736,"neut":0.023809523674603175,"none":0},"intensity":{"high":0,"low":0.40476190466666667,"meium":0.5952380953333334,"none":0},"expressive":{"dir-action":0,"dir-explicit":0.07142857133333333,"dir-speech":0.380952381,"indirect":0.5476190476666667,"writing-device":0}},{"id":"원할머니보쌈족발 화곡역점CESCO","permalink":"","username":"asdfg","text":"몇년맘에 먹어보는 원할머니 여전히.맛있어뇨 냄새도앜나고","date":"Mon Dec 10 23:59:44 +0000 2018","retweets":"30","favorites":"20","mentions":[],"hashtags":[],"geo":"","raw":"몇년맘에 먹어보는 원할머니 여전히.맛있어뇨 냄새도앜나고","polarity":{"com":0,"pos":0.4131106987142857,"neg":0.4310451454285714,"neut":0.012987013,"none":0.14285714285714285},"intensity":{"high":0.20975056685714286,"low":0.09111523399999999,"meium":0.5562770562857143,"none":0.14285714285714285},"expressive":{"dir-action":0,"dir-explicit":0.13656977942857143,"dir-speech":0.37827252114285714,"indirect":0.3423005565714286,"writing-device":0.14285714285714285}},{"id":"원할머니보쌈족발 화곡역점CESCO","permalink":"","username":"asdfg","text":"양이적긴했지만 맛있었어요","date":"Mon Dec 10 23:59:44 +0000 2018","retweets":"30","favorites":"20","mentions":[],"hashtags":[],"geo":"","raw":"양이적긴했지만 맛있었어요","polarity":{"com":0.0187969925,"pos":0.266917293,"neg":0.6766917295,"neut":0.0338345865,"none":0.0037593985},"intensity":{"high":0.082706767,"low":0.0639097745,"meium":0.84962406,"none":0.0037593985},"expressive":{"dir-action":0,"dir-explicit":0.16165413550000002,"dir-speech":0.5413533835000001,"indirect":0.2932330825000001,"writing-device":0.0037593985000000003}},{"id":"원할머니보쌈족발 화곡역점CESCO","permalink":"","username":"asdfg","text":"무김치 많이 주셔서 너무 행복하게 잘먹었습니다","date":"Mon Dec 10 23:59:44 +0000 2018","retweets":"30","favorites":"20","mentions":[],"hashtags":[],"geo":"","raw":"무김치 많이 주셔서 너무 행복하게 잘먹었습니다","polarity":{"com":0.04055299551013824,"pos":0.42665130560666276,"neg":0.45920378911480086,"neut":0.06660266251665065,"none":0.006989247251747312},"intensity":{"high":0.07066052225,"low":0.25720686125,"meium":0.6646057347500001,"none":0.00752688175},"expressive":{"dir-action":0.00161290325,"dir-explicit":0.33047875050000003,"dir-speech":0.31968766025,"indirect":0.34123143874999995,"writing-device":0.00698924725}},{"id":"원할머니보쌈족발 화곡역점CESCO","permalink":"","username":"asdfg","text":" 맛잇게 잘 먹엇어요 감사합니다","date":"Mon Dec 10 23:59:44 +0000 2018","retweets":"30","favorites":"20","mentions":[],"hashtags":[],"geo":"","raw":" 맛잇게 잘 먹엇어요 감사합니다","polarity":{"com":0,"pos":0.9047619049682539,"neg":0.07142857135714285,"neut":0.023809523674603175,"none":0},"intensity":{"high":0.3333333333333333,"low":0.07142857133333333,"meium":0.5952380953333334,"none":0},"expressive":{"dir-action":0,"dir-explicit":0.07142857133333333,"dir-speech":0.7142857143333333,"indirect":0.21428571433333332,"writing-device":0}},{"id":"원할머니보쌈족발 화곡역점CESCO","permalink":"","username":"asdfg","text":"ㅠ어느느추춫처ㅏ릉퉈언나ㅏㄴ","date":"Mon Dec 10 23:59:44 +0000 2018","retweets":"30","favorites":"20","mentions":[],"hashtags":[],"geo":"","raw":"ㅠ어느느추춫처ㅏ릉퉈언나ㅏㄴ","polarity":{"com":0.06818181803409092,"pos":0.5162337662581169,"neg":0.34740259767370135,"neut":0.022727272511363635,"none":0.04545454552272727},"intensity":{"high":0.081168831,"low":0.0227272725,"meium":0.8506493509999999,"none":0.0454545455},"expressive":{"dir-action":0,"dir-explicit":0.1298701295,"dir-speech":0.457792208,"indirect":0.366883117,"writing-device":0.0454545455}},{"id":"원할머니보쌈족발 화곡역점CESCO","permalink":"","username":"asdfg","text":"맛있어요^-^ 고기가 부드러워요","date":"Mon Dec 10 23:59:44 +0000 2018","retweets":"30","favorites":"20","mentions":[],"hashtags":[],"geo":"","raw":"맛있어요^-^ 고기가 부드러워요","polarity":{"com":0,"pos":0.3333333333333333,"neg":0.3333333333333333,"neut":0.3333333333333333,"none":0},"intensity":{"high":0,"low":0,"meium":1,"none":0},"expressive":{"dir-action":0,"dir-explicit":0.3333333333333333,"dir-speech":0.6666666666666666,"indirect":0,"writing-device":0}},{"id":"원할머니보쌈족발 화곡역점CESCO","permalink":"","username":"asdfg","text":"항상 믿어의심치않아요^^","date":"Mon Dec 10 23:59:44 +0000 2018","retweets":"30","favorites":"20","mentions":[],"hashtags":[],"geo":"","raw":"항상 믿어의심치않아요^^","polarity":{"com":0,"pos":0.5,"neg":0.5,"neut":0,"none":0},"intensity":{"high":0,"low":0,"meium":1,"none":0},"expressive":{"dir-action":0,"dir-explicit":0.25,"dir-speech":0.25,"indirect":0.5,"writing-device":0}},{"id":"원할머니보쌈족발 화곡역점CESCO","permalink":"","username":"asdfg","text":"배달도 빨리오고 친절하세요~ 맛있게 먹었답니다","date":"Mon Dec 10 23:59:44 +0000 2018","retweets":"30","favorites":"20","mentions":[],"hashtags":[],"geo":"","raw":"배달도 빨리오고 친절하세요~ 맛있게 먹었답니다","polarity":{"com":0,"pos":0.611111111,"neg":0.38888888899999996,"neut":0,"none":0},"intensity":{"high":0.037037037,"low":0.074074074,"meium":0.888888889,"none":0},"expressive":{"dir-action":0,"dir-explicit":0.24074074066666665,"dir-speech":0.5925925926666666,"indirect":0.16666666666666666,"writing-device":0}},{"id":"원할머니보쌈족발 화곡역점CESCO","permalink":"","username":"asdfg","text":"모처럼 맛있는 보쌈이였습니다.번창하세요.","date":"Mon Dec 10 23:59:44 +0000 2018","retweets":"30","favorites":"20","mentions":[],"hashtags":[],"geo":"","raw":"모처럼 맛있는 보쌈이였습니다.번창하세요.","polarity":{"com":0.014076885333333332,"pos":0.3005833156666667,"neg":0.21015531666666667,"neut":0.05845807866666667,"none":0.4167264036666667},"intensity":{"high":0.08907864202969289,"low":0.0659427926886476,"meium":0.42753531547584506,"none":0.41744324980581443},"expressive":{"dir-action":0.002150537666666667,"dir-explicit":0.24409304966666667,"dir-speech":0.16574601166666666,"indirect":0.16474804966666667,"writing-device":0.42326235133333334}},{"id":"원할머니보쌈족발 화곡역점CESCO","permalink":"","username":"asdfg","text":"빨리왔어요. 고기 기름이 다른데보다 좀 많긴했어요.김치도  적당히 주시고,또시킬께요","date":"Mon Dec 10 23:59:44 +0000 2018","retweets":"30","favorites":"20","mentions":[],"hashtags":[],"geo":"","raw":"빨리왔어요. 고기 기름이 다른데보다 좀 많긴했어요.김치도  적당히 주시고,또시킬께요","polarity":{"com":0.004947411399505258,"pos":0.4036542695596345,"neg":0.28239403807176056,"neut":0.12387726878761228,"none":0.1851270121814873},"intensity":{"high":0.056390107605639006,"low":0.04402968160440296,"meium":0.7128632446712863,"none":0.1867169661186717},"expressive":{"dir-action":0.0015899538999999997,"dir-explicit":0.24833631660000002,"dir-speech":0.33622389970000005,"indirect":0.1989030341,"writing-device":0.21494679569999997}},{"id":"원할머니보쌈족발 화곡역점CESCO","permalink":"","username":"asdfg","text":"떡싸먹는건 진짜 진리인거같아요~포장용기도 어쩜 글케 가볍고 크기별로 제각각제구실하구용.족발 찔기지도 보쌈 냄새나지도않았어요너무너무 맛나게 남편과 먹었답니다. 감사합니다다음에 또 시킬께요 ^^","date":"Mon Dec 10 23:59:44 +0000 2018","retweets":"30","favorites":"20","mentions":[],"hashtags":[],"geo":"","raw":"떡싸먹는건 진짜 진리인거같아요~포장용기도 어쩜 글케 가볍고 크기별로 제각각제구실하구용.족발 찔기지도 보쌈 냄새나지도않았어요너무너무 맛나게 남편과 먹었답니다. 감사합니다다음에 또 시킬께요 ^^","polarity":{"com":0.005831250066277918,"pos":0.3561484090429234,"neg":0.45880355023607977,"neut":0.01878156273208123,"none":0.16043522792263765},"intensity":{"high":0.16543477601102902,"low":0.12096633620806442,"meium":0.553020290636868,"none":0.16057859714403858},"expressive":{"dir-action":0.03376344085991398,"dir-explicit":0.13728421843920985,"dir-speech":0.5381227472257087,"indirect":0.0527379697894524,"writing-device":0.23809162368571504}},{"id":"원할머니보쌈족발 화곡역점CESCO","permalink":"","username":"asdfg","text":"족발 양 많아요 !! 중자 할껄 ㅠㅠ 그리고 맛은 별로에요 ~~~ ㅎㅎㅎㅎㅎ ","date":"Mon Dec 10 23:59:44 +0000 2018","retweets":"30","favorites":"20","mentions":[],"hashtags":[],"geo":"","raw":"족발 양 많아요 !! 중자 할껄 ㅠㅠ 그리고 맛은 별로에요 ~~~ ㅎㅎㅎㅎㅎ ","polarity":{"com":0.0685823755,"pos":0.5133016825,"neg":0.31125270699999996,"neut":0.07429618516666667,"none":0.03256704983333333},"intensity":{"high":0.09596868233333333,"low":0.08508245883333333,"meium":0.7844661001666666,"none":0.03448275866666667},"expressive":{"dir-action":0.001915708833971903,"dir-explicit":0.11377644503792549,"dir-speech":0.5385307346795103,"indirect":0.3074629352691543,"writing-device":0.03831417617943806}},{"id":"원할머니보쌈족발 화곡역점CESCO","permalink":"","username":"asdfg","text":"빠른 배달 감사합니다 ㅋ","date":"Mon Dec 10 23:59:44 +0000 2018","retweets":"30","favorites":"20","mentions":[],"hashtags":[],"geo":"","raw":"빠른 배달 감사합니다 ㅋ","polarity":{"com":0.006451612999999998,"pos":0.8387096773333333,"neg":0.117562724,"neut":0.02795698933333333,"none":0.009318996333333333},"intensity":{"high":0.046594982,"low":0.14982078833333334,"meium":0.7935483873333333,"none":0.010035842333333333},"expressive":{"dir-action":0.0021505376666666664,"dir-explicit":0.10465949833333332,"dir-speech":0.4315412186666666,"indirect":0.45232974899999995,"writing-device":0.009318996333333333}},{"id":"원할머니보쌈족발 화곡역점CESCO","permalink":"","username":"asdfg","text":"맛있어요 포장 깔끔해서 좋아요","date":"Mon Dec 10 23:59:44 +0000 2018","retweets":"30","favorites":"20","mentions":[],"hashtags":[],"geo":"","raw":"맛있어요 포장 깔끔해서 좋아요","polarity":{"com":0.00287356325,"pos":0.34170977,"neg":0.57932471275,"neut":0.01724137925,"none":0.05885057475},"intensity":{"high":0.0787356322303161,"low":0.10410919547397268,"meium":0.7554310343111421,"none":0.061724137984568966},"expressive":{"dir-action":0.002873563250718391,"dir-explicit":0.31522988507880745,"dir-speech":0.40344827585086207,"indirect":0.21097701155274426,"writing-device":0.06747126426686781}},{"id":"원할머니보쌈족발 화곡역점CESCO","permalink":"","username":"asdfg","text":"배달도 빠르고 양도 많아서 맛있게 잘 먹었어요~","date":"Mon Dec 10 23:59:44 +0000 2018","retweets":"30","favorites":"20","mentions":[],"hashtags":[],"geo":"","raw":"배달도 빠르고 양도 많아서 맛있게 잘 먹었어요~","polarity":{"com":0,"pos":0.6211180125242236,"neg":0.35590062107118015,"neut":0.02298136640459627,"none":0},"intensity":{"high":0.05217391301043479,"low":0.15300207023060042,"meium":0.7948240167589647,"none":0},"expressive":{"dir-action":0,"dir-explicit":0.147204968829441,"dir-speech":0.47204968949440995,"indirect":0.3807453416761491,"writing-device":0}},{"id":"원할머니보쌈족발 화곡역점CESCO","permalink":"","username":"asdfg","text":"맛잇게먹엇습니다 감사합니다","date":"Mon Dec 10 23:59:44 +0000 2018","retweets":"30","favorites":"20","mentions":[],"hashtags":[],"geo":"","raw":"맛잇게먹엇습니다 감사합니다","polarity":{"com":0,"pos":1,"neg":0,"neut":0,"none":0},"intensity":{"high":1,"low":0,"meium":0,"none":0},"expressive":{"dir-action":0,"dir-explicit":0,"dir-speech":1,"indirect":0,"writing-device":0}},{"id":"원할머니보쌈족발 화곡역점CESCO","permalink":"","username":"asdfg","text":"맛잇어요 항상잘먹엇어요","date":"Mon Dec 10 23:59:44 +0000 2018","retweets":"30","favorites":"20","mentions":[],"hashtags":[],"geo":"","raw":"맛잇어요 항상잘먹엇어요","polarity":{"com":0,"pos":1,"neg":0,"neut":0,"none":0},"intensity":{"high":0,"low":0,"meium":1,"none":0},"expressive":{"dir-action":0,"dir-explicit":0,"dir-speech":1,"indirect":0,"writing-device":0}},{"id":"원할머니보쌈족발 화곡역점CESCO","permalink":"","username":"asdfg","text":"항상맛나게먹어용^^","date":"Mon Dec 10 23:59:44 +0000 2018","retweets":"30","favorites":"20","mentions":[],"hashtags":[],"geo":"","raw":"항상맛나게먹어용^^","polarity":{"com":0,"pos":0.6666666665000001,"neg":0.3333333335,"neut":0,"none":0},"intensity":{"high":0.0555555555,"low":0.111111111,"meium":0.8333333334999999,"none":0},"expressive":{"dir-action":0,"dir-explicit":0.361111111,"dir-speech":0.638888889,"indirect":0,"writing-device":0}},{"id":"원할머니보쌈족발 화곡역점CESCO","permalink":"","username":"asdfg","text":"맛있어요 맛있어요 맛있어요","date":"Mon Dec 10 23:59:44 +0000 2018","retweets":"30","favorites":"20","mentions":[],"hashtags":[],"geo":"","raw":"맛있어요 맛있어요 맛있어요","polarity":{"com":0,"pos":0,"neg":1,"neut":0,"none":0},"intensity":{"high":0,"low":0,"meium":1,"none":0},"expressive":{"dir-action":0,"dir-explicit":0,"dir-speech":1,"indirect":0,"writing-device":0}},{"id":"원할머니보쌈족발 화곡역점CESCO","permalink":"","username":"asdfg","text":"항상 맛있게 먹고 있습니다","date":"Mon Dec 10 23:59:44 +0000 2018","retweets":"30","favorites":"20","mentions":[],"hashtags":[],"geo":"","raw":"항상 맛있게 먹고 있습니다","polarity":{"com":0,"pos":0.6666666665000001,"neg":0.3333333335,"neut":0,"none":0},"intensity":{"high":0.0555555555,"low":0.111111111,"meium":0.8333333334999999,"none":0},"expressive":{"dir-action":0,"dir-explicit":0.361111111,"dir-speech":0.638888889,"indirect":0,"writing-device":0}},{"id":"원할머니보쌈족발 화곡역점CESCO","permalink":"","username":"asdfg","text":"기름기가 좀 많았지만. 언제나 평타는 치네요. ","date":"Mon Dec 10 23:59:44 +0000 2018","retweets":"30","favorites":"20","mentions":[],"hashtags":[],"geo":"","raw":"기름기가 좀 많았지만. 언제나 평타는 치네요. ","polarity":{"com":0.004464285751116071,"pos":0.5298697378824675,"neg":0.38435990334609,"neut":0.0547683747636921,"none":0.026537698256634427},"intensity":{"high":0.11333247077833312,"low":0.2656573498164143,"meium":0.59224033814806,"none":0.02876984125719246},"expressive":{"dir-action":0,"dir-explicit":0.2638673223159669,"dir-speech":0.29913949282478486,"indirect":0.40648723260162184,"writing-device":0.03050595225762649}},{"id":"원할머니보쌈족발 화곡역점CESCO","permalink":"","username":"asdfg","text":"너무너무  맛있었어요  보족은  근데  쟁반국수맛이  이번엔  별로였어요","date":"Mon Dec 10 23:59:44 +0000 2018","retweets":"30","favorites":"20","mentions":[],"hashtags":[],"geo":"","raw":"너무너무  맛있었어요  보족은  근데  쟁반국수맛이  이번엔  별로였어요","polarity":{"com":0.00663749500110625,"pos":0.3431689058905282,"neg":0.557506053426251,"neut":0.036773278006128875,"none":0.05591426767598571},"intensity":{"high":0.04348198784782732,"low":0.07589796735863265,"meium":0.8247057771082352,"none":0.055914267685304754},"expressive":{"dir-action":0,"dir-explicit":0.308036209,"dir-speech":0.5714338466666666,"indirect":0.05870220016666666,"writing-device":0.061827744166666664}},{"id":"원할머니보쌈족발 화곡역점CESCO","permalink":"","username":"asdfg","text":"맛있숩니다~~~ 잘목겠습니다","date":"Mon Dec 10 23:59:44 +0000 2018","retweets":"30","favorites":"20","mentions":[],"hashtags":[],"geo":"","raw":"맛있숩니다~~~ 잘목겠습니다","polarity":{"com":0.011437908505718953,"pos":0.5499533147749766,"neg":0.24603174612301584,"neut":0.08146591954073296,"none":0.11111111105555554},"intensity":{"high":0.06372549003186274,"low":0.1479925300739963,"meium":0.6771708688385855,"none":0.11111111105555556},"expressive":{"dir-action":0,"dir-explicit":0.316293184,"dir-speech":0.172735761,"indirect":0.3900560225,"writing-device":0.1209150325}},{"id":"원할머니보쌈족발 화곡역점CESCO","permalink":"","username":"asdfg","text":"역시 보쌈은 원할머니!!","date":"Mon Dec 10 23:59:44 +0000 2018","retweets":"30","favorites":"20","mentions":[],"hashtags":[],"geo":"","raw":"역시 보쌈은 원할머니!!","polarity":{"com":0.00847457650423729,"pos":0.34463276817231636,"neg":0.27966101713983055,"neut":0.18361581909180794,"none":0.18361581909180794},"intensity":{"high":0.050847457550847464,"low":0.2344632767344633,"meium":0.5310734465310735,"none":0.18361581918361586},"expressive":{"dir-action":0,"dir-explicit":0.30225988715112995,"dir-speech":0.44632768372316384,"indirect":0.0677966100338983,"writing-device":0.1836158190918079}},{"id":"원할머니보쌈족발 화곡역점CESCO","permalink":"","username":"asdfg","text":"아들 생일  애기두맛있게먹고  친정식구들두  다맛있게잘먹었어요  대박나세요","date":"Mon Dec 10 23:59:44 +0000 2018","retweets":"30","favorites":"20","mentions":[],"hashtags":[],"geo":"","raw":"아들 생일  애기두맛있게먹고  친정식구들두  다맛있게잘먹었어요  대박나세요","polarity":{"com":0.004140786714877256,"pos":0.42827565791832517,"neg":0.504140786929163,"neut":0.022626441860375206,"none":0.040816326577259476},"intensity":{"high":0.07103421070413797,"low":0.0851326037021239,"meium":0.8009464655998647,"none":0.04288671999387332},"expressive":{"dir-action":0,"dir-explicit":0.1790397317142857,"dir-speech":0.5592033915714285,"indirect":0.2209405501428571,"writing-device":0.040816326571428564}},{"id":"원할머니보쌈족발 화곡역점CESCO","permalink":"","username":"asdfg","text":"굿굿 맛있어요 포장도 깔끔하고","date":"Mon Dec 10 23:59:44 +0000 2018","retweets":"30","favorites":"20","mentions":[],"hashtags":[],"geo":"","raw":"굿굿 맛있어요 포장도 깔끔하고","polarity":{"com":0.006006006,"pos":0.43440315325,"neg":0.5453265764999999,"neut":0.00825825825,"none":0.006006006},"intensity":{"high":0.0285285285,"low":0.083521021,"meium":0.88119369375,"none":0.00675675675},"expressive":{"dir-action":0.0007507507500000002,"dir-explicit":0.20307807800000002,"dir-speech":0.27252252250000003,"indirect":0.5168918920000001,"writing-device":0.0067567567500000005}},{"id":"원할머니보쌈족발 화곡역점CESCO","permalink":"","username":"asdfg","text":"맛나요@","date":"Mon Dec 10 23:59:44 +0000 2018","retweets":"30","favorites":"20","mentions":[],"hashtags":[],"geo":"","raw":"맛나요@@@@@@@@@","polarity":{"com":0,"pos":1,"neg":0,"neut":0,"none":0},"intensity":{"high":0,"low":0,"meium":1,"none":0},"expressive":{"dir-action":0,"dir-explicit":0,"dir-speech":1,"indirect":0,"writing-device":0}},{"id":"원할머니보쌈족발 화곡역점CESCO","permalink":"","username":"asdfg","text":"굿","date":"Mon Dec 10 23:59:44 +0000 2018","retweets":"30","favorites":"20","mentions":[],"hashtags":[],"geo":"","raw":"굿굿굿굿굿굿굿굿굿굿","polarity":{"com":0,"pos":1,"neg":0,"neut":0,"none":0},"intensity":{"high":0,"low":0,"meium":1,"none":0},"expressive":{"dir-action":0,"dir-explicit":0,"dir-speech":0,"indirect":1,"writing-device":0}},{"id":"원할머니보쌈족발 화곡역점CESCO","permalink":"","username":"asdfg","text":"너무 맛있어용~떡쌈 추가해서 먹었어요","date":"Mon Dec 10 23:59:44 +0000 2018","retweets":"30","favorites":"20","mentions":[],"hashtags":[],"geo":"","raw":"너무 맛있어용~떡쌈 추가해서 먹었어요","polarity":{"com":0.040552995499999994,"pos":0.498079877,"neg":0.43341013824999997,"neut":0.020967742,"none":0.00698924725},"intensity":{"high":0.09843829999999999,"low":0.12030209924999999,"meium":0.773732719,"none":0.00752688175},"expressive":{"dir-action":0.00161290325,"dir-explicit":0.276907322,"dir-speech":0.58952893,"indirect":0.1249615975,"writing-device":0.00698924725}},{"id":"원할머니보쌈족발 화곡역점CESCO","permalink":"","username":"asdfg","text":"감사합니다 맛있었어요~","date":"Mon Dec 10 23:59:44 +0000 2018","retweets":"30","favorites":"20","mentions":[],"hashtags":[],"geo":"","raw":"감사합니다 맛있었어요~","polarity":{"com":0,"pos":0.5,"neg":0.5,"neut":0,"none":0},"intensity":{"high":0.5,"low":0,"meium":0.5,"none":0},"expressive":{"dir-action":0,"dir-explicit":0,"dir-speech":1,"indirect":0,"writing-device":0}},{"id":"원할머니보쌈족발 화곡역점CESCO","permalink":"","username":"asdfg","text":"맛있게 잘먹었어요ㅎㅎㅎㅎ","date":"Mon Dec 10 23:59:44 +0000 2018","retweets":"30","favorites":"20","mentions":[],"hashtags":[],"geo":"","raw":"맛있게 잘먹었어요ㅎㅎㅎㅎ","polarity":{"com":0,"pos":0.35714285717857136,"neg":0.6071428573035714,"neut":0.03571428551785714,"none":0},"intensity":{"high":0,"low":0.107142857,"meium":0.8928571430000001,"none":0},"expressive":{"dir-action":0,"dir-explicit":0.107142857,"dir-speech":0.5714285715,"indirect":0.3214285715,"writing-device":0}},{"id":"원할머니보쌈족발 화곡역점CESCO","permalink":"","username":"asdfg","text":"깔끔하게 일찍 오셨네요 잘먹었습니다","date":"Mon Dec 10 23:59:44 +0000 2018","retweets":"30","favorites":"20","mentions":[],"hashtags":[],"geo":"","raw":"깔끔하게 일찍 오셨네요 잘먹었습니다","polarity":{"com":0.008008008002669337,"pos":0.44229944248076647,"neg":0.5068640068356214,"neut":0.034820534678273514,"none":0.008008008002669337},"intensity":{"high":0.038038038,"low":0.09945659933333333,"meium":0.8534963536666668,"none":0.009009009},"expressive":{"dir-action":0.001001001,"dir-explicit":0.1755326753333333,"dir-speech":0.410982411,"indirect":0.40347490366666666,"writing-device":0.009009009}},{"id":"원할머니보쌈족발 화곡역점CESCO","permalink":"","username":"asdfg","text":"자주시켜먹는데 맛있음 포장부터해서 완벽하네요","date":"Mon Dec 10 23:59:44 +0000 2018","retweets":"30","favorites":"20","mentions":[],"hashtags":[],"geo":"","raw":"자주시켜먹는데 맛있음 포장부터해서 완벽하네요","polarity":{"com":0.0051415153333333324,"pos":0.45679098149999997,"neg":0.4753682076666666,"neut":0.0254727475,"none":0.03722654799999999},"intensity":{"high":0.08875087547041637,"low":0.12839059862386978,"meium":0.7433578460855474,"none":0.03950067982016644},"expressive":{"dir-action":0.012250237002041704,"dir-explicit":0.26433485771072246,"dir-speech":0.45140279324190047,"indirect":0.22903843770483973,"writing-device":0.04297367434049561}},{"id":"원할머니보쌈족발 화곡역점CESCO","permalink":"","username":"asdfg","text":"맛있어요.배달도 빨라서 좋구요","date":"Mon Dec 10 23:59:44 +0000 2018","retweets":"30","favorites":"20","mentions":[],"hashtags":[],"geo":"","raw":"맛있어요.배달도 빨라서 좋구요","polarity":{"com":0,"pos":0.73,"neg":0.26,"neut":0,"none":0.01},"intensity":{"high":0.05,"low":0.09333333325,"meium":0.84666666675,"none":0.01},"expressive":{"dir-action":0,"dir-explicit":0.15,"dir-speech":0.55,"indirect":0.29,"writing-device":0.01}},{"id":"원할머니보쌈족발 화곡역점CESCO","permalink":"","username":"asdfg","text":"족발에 약간 냄새가 나네요","date":"Mon Dec 10 23:59:44 +0000 2018","retweets":"30","favorites":"20","mentions":[],"hashtags":[],"geo":"","raw":"족발에 약간 냄새가 나네요","polarity":{"com":0.5,"pos":0,"neg":0.5,"neut":0,"none":0},"intensity":{"high":0,"low":0.49999999999999994,"meium":0.5,"none":0},"expressive":{"dir-action":0,"dir-explicit":0,"dir-speech":0,"indirect":1,"writing-device":0}},{"id":"원할머니보쌈족발 화곡역점CESCO","permalink":"","username":"asdfg","text":"역시 원할머니보쌈^^  맛있어요","date":"Mon Dec 10 23:59:44 +0000 2018","retweets":"30","favorites":"20","mentions":[],"hashtags":[],"geo":"","raw":"역시 원할머니보쌈^^  맛있어요","polarity":{"com":0,"pos":0.16666666658333332,"neg":0.5000000002499999,"neut":0.16666666658333332,"none":0.16666666658333332},"intensity":{"high":0,"low":0.16666666658333332,"meium":0.6666666668333333,"none":0.16666666658333332},"expressive":{"dir-action":0,"dir-explicit":0.16666666658333332,"dir-speech":0.6666666668333333,"indirect":0,"writing-device":0.16666666658333332}},{"id":"원할머니보쌈족발 화곡역점CESCO","permalink":"","username":"asdfg","text":"맛있어여 포장이 잘돼서 국굿","date":"Mon Dec 10 23:59:44 +0000 2018","retweets":"30","favorites":"20","mentions":[],"hashtags":[],"geo":"","raw":"맛있어여 포장이 잘돼서 국굿","polarity":{"com":0,"pos":0.5625,"neg":0.4375,"neut":0,"none":0},"intensity":{"high":0,"low":0.125,"meium":0.875,"none":0},"expressive":{"dir-action":0,"dir-explicit":0.25,"dir-speech":0,"indirect":0.75,"writing-device":0}},{"id":"원할머니보쌈족발 화곡역점CESCO","permalink":"","username":"asdfg","text":"맛있어요 포장도 깔끔하고","date":"Mon Dec 10 23:59:44 +0000 2018","retweets":"30","favorites":"20","mentions":[],"hashtags":[],"geo":"","raw":"맛있어요 포장도 깔끔하고","polarity":{"com":0.008008008,"pos":0.24587087100000002,"neg":0.7271021019999999,"neut":0.011011011000000001,"none":0.008008008},"intensity":{"high":0.038038038,"low":0.11136136133333334,"meium":0.8415915916666666,"none":0.009009009},"expressive":{"dir-action":0.0010010010000000003,"dir-explicit":0.2707707706666667,"dir-speech":0.36336336333333336,"indirect":0.355855856,"writing-device":0.009009009}},{"id":"원할머니보쌈족발 화곡역점CESCO","permalink":"","username":"asdfg","text":"너무 맛있게 잘 먹었어요\n속배추가 너무 비싼것 빼곤ㅜㅜ","date":"Mon Dec 10 23:59:44 +0000 2018","retweets":"30","favorites":"20","mentions":[],"hashtags":[],"geo":"","raw":"너무 맛있게 잘 먹었어요\n속배추가 너무 비싼것 빼곤ㅜㅜ","polarity":{"com":0.04590548349999999,"pos":0.3115981241666666,"neg":0.4613395863333334,"neut":0.10658670016666667,"none":0.07457010583333333},"intensity":{"high":0.07632876383333333,"low":0.16131553616666663,"meium":0.6862974988333334,"none":0.07605820116666666},"expressive":{"dir-action":0,"dir-explicit":0.3652898028333333,"dir-speech":0.2649260461666667,"indirect":0.29124579133333334,"writing-device":0.07853835966666667}},{"id":"원할머니보쌈족발 화곡역점CESCO","permalink":"","username":"asdfg","text":"낙지덮밥 매콤하니 중독성있네요\n사실 낙지 먹을라고 보쌈 시키네용","date":"Mon Dec 10 23:59:44 +0000 2018","retweets":"30","favorites":"20","mentions":[],"hashtags":[],"geo":"","raw":"낙지덮밥 매콤하니 중독성있네요\n사실 낙지 먹을라고 보쌈 시키네용","polarity":{"com":0.00823814875,"pos":0.321307915,"neg":0.28342181475,"neut":0.01718682975,"none":0.36984529175},"intensity":{"high":0.0674670205,"low":0.08996943375,"meium":0.47196750325000003,"none":0.3705960425},"expressive":{"dir-action":0.0007507507500000002,"dir-explicit":0.18274077625000001,"dir-speech":0.26830625275000003,"indirect":0.17760617775,"writing-device":0.37059604250000006}},{"id":"원할머니보쌈족발 화곡역점CESCO","permalink":"","username":"asdfg","text":"원할머니는 사랑입니다 ㅠㅠ","date":"Mon Dec 10 23:59:44 +0000 2018","retweets":"30","favorites":"20","mentions":[],"hashtags":[],"geo":"","raw":"원할머니는 사랑입니다 ㅠㅠ","polarity":{"com":0.0076252723358750905,"pos":0.4248366011416122,"neg":0.4047619051349206,"neut":0.06224712102074904,"none":0.10052910036684302},"intensity":{"high":0.14830376604943454,"low":0.15421724238473905,"meium":0.5969498911989832,"none":0.10052910036684301},"expressive":{"dir-action":0,"dir-explicit":0.3352007473333334,"dir-speech":0.2897603486666667,"indirect":0.2626828506666667,"writing-device":0.11235605333333336}},{"id":"원할머니보쌈족발 화곡역점CESCO","permalink":"","username":"asdfg","text":"배달 엄청 빠르네요 ㅎㅎ 맛있게 잘 먹었습니다~","date":"Mon Dec 10 23:59:44 +0000 2018","retweets":"30","favorites":"20","mentions":[],"hashtags":[],"geo":"","raw":"배달 엄청 빠르네요 ㅎㅎ 맛있게 잘 먹었습니다~","polarity":{"com":0,"pos":0.6785714286696428,"neg":0.30357142857589287,"neut":0.017857142754464286,"none":0},"intensity":{"high":0,"low":0.13690476175,"meium":0.86309523825,"none":0},"expressive":{"dir-action":0,"dir-explicit":0.0535714285,"dir-speech":0.53571428575,"indirect":0.41071428575,"writing-device":0}},{"id":"원할머니보쌈족발 화곡역점CESCO","permalink":"","username":"asdfg","text":"ㅋ","date":"Mon Dec 10 23:59:44 +0000 2018","retweets":"30","favorites":"20","mentions":[],"hashtags":[],"geo":"","raw":"ㅋㅋㅋㅋㅋㅋㅋㅋㅋㅋ","polarity":{"com":null,"pos":null,"neg":null,"neut":null,"none":null},"intensity":{"high":null,"low":null,"meium":null,"none":null},"expressive":{"dir-action":null,"dir-explicit":null,"dir-speech":null,"indirect":null,"writing-device":null}},{"id":"원할머니보쌈족발 화곡역점CESCO","permalink":"","username":"asdfg","text":"오늘은 고기에 기름이 넘 많네요. ","date":"Mon Dec 10 23:59:44 +0000 2018","retweets":"30","favorites":"20","mentions":[],"hashtags":[],"geo":"","raw":"오늘은 고기에 기름이 넘 많네요. ","polarity":{"com":0.015928718999999997,"pos":0.392984871,"neg":0.521689353,"neut":0.05516076433333331,"none":0.014236292666666664},"intensity":{"high":0.15609711748943048,"low":0.16171437149504772,"meium":0.6664837896664838,"none":0.015704721349038057},"expressive":{"dir-action":0.001468428667645619,"dir-explicit":0.4023408292682273,"dir-speech":0.37931560625287714,"indirect":0.20117041446744696,"writing-device":0.015704721343803147}},{"id":"원할머니보쌈족발 화곡역점CESCO","permalink":"","username":"asdfg","text":"윈할머니보쌈  믿었는데ㅠㅠ\n이건아닌듯..  보쌈먹구뻑뻑하건처음인듯\n이런식으루장사하지마세요","date":"Mon Dec 10 23:59:44 +0000 2018","retweets":"30","favorites":"20","mentions":[],"hashtags":[],"geo":"","raw":"윈할머니보쌈  믿었는데ㅠㅠ\n이건아닌듯..  보쌈먹구뻑뻑하건처음인듯\n이런식으루장사하지마세요","polarity":{"com":0.02171327937228584,"pos":0.3666507758291687,"neg":0.3800876635774891,"neut":0.019104560622611934,"none":0.21244372059844452},"intensity":{"high":0.06656315659171841,"low":0.12059850456470074,"meium":0.5986890194506554,"none":0.21414931939292534},"expressive":{"dir-action":0.002243233250280404,"dir-explicit":0.20618765127577343,"dir-speech":0.3643457456705433,"indirect":0.21046930440130868,"writing-device":0.21675406540209427}},{"id":"원할머니보쌈족발 화곡역점CESCO","permalink":"","username":"asdfg","text":"잘 모를땐.. 체이점이 낫네여~ ㅋ","date":"Mon Dec 10 23:59:44 +0000 2018","retweets":"30","favorites":"20","mentions":[],"hashtags":[],"geo":"","raw":"잘 모를땐.. 체이점이 낫네여~ ㅋ","polarity":{"com":0.018855747759427874,"pos":0.4314054027157027,"neg":0.49650613499825313,"neut":0.05103007127551503,"none":0.002202643251101322},"intensity":{"high":0.05987120851496781,"low":0.11686585302921645,"meium":0.8199589737049897,"none":0.003303964750825991},"expressive":{"dir-action":0.004286034998928491,"dir-explicit":0.25582177218604457,"dir-speech":0.20564049019858988,"indirect":0.5293553811176612,"writing-device":0.004896321498775919}},{"id":"원할머니보쌈족발 화곡역점CESCO","permalink":"","username":"asdfg","text":"아저씨 너무친절하시고 보쌈은 돼지냄새도안나고 너무 맛있네요^-^)b 굳입니다 굳굳굳!!!","date":"Mon Dec 10 23:59:44 +0000 2018","retweets":"30","favorites":"20","mentions":[],"hashtags":[],"geo":"","raw":"아저씨 너무친절하시고 보쌈은 돼지냄새도안나고 너무 맛있네요^-^)b 굳입니다 굳굳굳!!!","polarity":{"com":0.05366971299999999,"pos":0.2346292535,"neg":0.6505136056666666,"neut":0.0404615455,"none":0.020725882333333334},"intensity":{"high":0.3066156912177693,"low":0.08957275634826212,"meium":0.5827272470971211,"none":0.02108430533684738},"expressive":{"dir-action":0.0010752688333333334,"dir-explicit":0.402587013,"dir-speech":0.268812377,"indirect":0.2963827921666667,"writing-device":0.031142549000000002}},{"id":"원할머니보쌈족발 화곡역점CESCO","permalink":"","username":"asdfg","text":"그럭저럭 괜찮아요. ","date":"Mon Dec 10 23:59:44 +0000 2018","retweets":"30","favorites":"20","mentions":[],"hashtags":[],"geo":"","raw":"그럭저럭 괜찮아요. ","polarity":{"com":null,"pos":null,"neg":null,"neut":null,"none":null},"intensity":{"high":null,"low":null,"meium":null,"none":null},"expressive":{"dir-action":null,"dir-explicit":null,"dir-speech":null,"indirect":null,"writing-device":null}},{"id":"원할머니보쌈족발 화곡역점CESCO","permalink":"","username":"asdfg","text":"좋아용 맛있어요 후후","date":"Mon Dec 10 23:59:44 +0000 2018","retweets":"30","favorites":"20","mentions":[],"hashtags":[],"geo":"","raw":"좋아용 맛있어요 후후","polarity":{"com":0,"pos":0.46,"neg":0.52,"neut":0,"none":0.02},"intensity":{"high":0.1,"low":0.02,"meium":0.86,"none":0.02},"expressive":{"dir-action":0,"dir-explicit":0.30000000000000004,"dir-speech":0.6000000000000001,"indirect":0.08000000000000002,"writing-device":0.020000000000000004}},{"id":"원할머니보쌈족발 화곡역점CESCO","permalink":"","username":"asdfg","text":"배달은 40분정도 걸린거 같아요. 전에 1978메뉴가 좋았는데 없어졌네요.\n","date":"Mon Dec 10 23:59:44 +0000 2018","retweets":"30","favorites":"20","mentions":[],"hashtags":[],"geo":"","raw":"배달은 40분정도 걸린거 같아요. 전에 1978메뉴가 좋았는데 없어졌네요.\n","polarity":{"com":0.006212436499999999,"pos":0.3246551856666667,"neg":0.38719756516666665,"neut":0.19926124983333335,"none":0.08267356283333334},"intensity":{"high":0.06400254282266624,"low":0.23403837262766025,"meium":0.6161793033973035,"none":0.08577978115237003},"expressive":{"dir-action":0,"dir-explicit":0.17814185549999997,"dir-speech":0.4210153721666667,"indirect":0.14664817383333334,"writing-device":0.25419459850000004}},{"id":"원할머니보쌈족발 화곡역점CESCO","permalink":"","username":"asdfg","text":"맛있쩡~~~~~^^","date":"Mon Dec 10 23:59:44 +0000 2018","retweets":"30","favorites":"20","mentions":[],"hashtags":[],"geo":"","raw":"맛있쩡~~~~~^^","polarity":{"com":0,"pos":1,"neg":0,"neut":0,"none":0},"intensity":{"high":0,"low":0,"meium":1,"none":0},"expressive":{"dir-action":0,"dir-explicit":0,"dir-speech":1,"indirect":0,"writing-device":0}},{"id":"원할머니보쌈족발 화곡역점CESCO","permalink":"","username":"asdfg","text":"깔끔하고 넘맛있네요~~ 닭발도최고^^","date":"Mon Dec 10 23:59:44 +0000 2018","retweets":"30","favorites":"20","mentions":[],"hashtags":[],"geo":"","raw":"깔끔하고 넘맛있네요~~ 닭발도최고^^","polarity":{"com":0.006006006,"pos":0.6253753755,"neg":0.35435435425,"neut":0.00825825825,"none":0.006006006},"intensity":{"high":0.22297297300000002,"low":0.021021021,"meium":0.74924924925,"none":0.00675675675},"expressive":{"dir-action":0.0007507507500000002,"dir-explicit":0.07807807800000001,"dir-speech":0.27252252250000003,"indirect":0.6418918920000001,"writing-device":0.0067567567500000005}},{"id":"원할머니보쌈족발 화곡역점CESCO","permalink":"","username":"asdfg","text":"배달도 빠르고 포장도 깔끔해서 좋아요","date":"Mon Dec 10 23:59:44 +0000 2018","retweets":"30","favorites":"20","mentions":[],"hashtags":[],"geo":"","raw":"배달도 빠르고 포장도 깔끔해서 좋아요","polarity":{"com":0.0048048048000000005,"pos":0.7315225226,"neg":0.2442612612,"neut":0.0066066066,"none":0.0128048048},"intensity":{"high":0.0628228228,"low":0.1414834834,"meium":0.7822882884,"none":0.0134054054},"expressive":{"dir-action":0.0006006006000000001,"dir-explicit":0.2824624624,"dir-speech":0.25801801799999996,"indirect":0.4455135136,"writing-device":0.0134054054}},{"id":"원할머니보쌈족발 화곡역점CESCO","permalink":"","username":"asdfg","text":"너무 맛잇게 잘 먹었습니다\n감사합니다","date":"Mon Dec 10 23:59:44 +0000 2018","retweets":"30","favorites":"20","mentions":[],"hashtags":[],"geo":"","raw":"너무 맛잇게 잘 먹었습니다\n감사합니다","polarity":{"com":0.04761904768253968,"pos":0.6190476192063492,"neg":0.3095238094365079,"neut":0.023809523674603175,"none":0},"intensity":{"high":0.380952381,"low":0.119047619,"meium":0.5,"none":0},"expressive":{"dir-action":0,"dir-explicit":0.26190476166666665,"dir-speech":0.47619047633333333,"indirect":0.26190476199999996,"writing-device":0}},{"id":"원할머니보쌈족발 화곡역점CESCO","permalink":"","username":"asdfg","text":"너무 맛있엇어요 깔끔했구요 김치가 아주굿이엇습니다","date":"Mon Dec 10 23:59:44 +0000 2018","retweets":"30","favorites":"20","mentions":[],"hashtags":[],"geo":"","raw":"너무 맛있엇어요 깔끔했구요 김치가 아주굿이엇습니다","polarity":{"com":0.04501728124999999,"pos":0.51742511525,"neg":0.3828149,"neut":0.04105702775,"none":0.013685675750000001},"intensity":{"high":0.11083909375,"low":0.09153225799999999,"meium":0.781173195,"none":0.016455453249999998},"expressive":{"dir-action":0.00161290325,"dir-explicit":0.3151017665,"dir-speech":0.2232094855,"indirect":0.446390169,"writing-device":0.013685675750000001}},{"id":"원할머니보쌈족발 화곡역점CESCO","permalink":"","username":"asdfg","text":"배달은 30분정도 소요되었습니다.\n보쌈이 생각날때는 늘 여기서만\n시킵니다","date":"Mon Dec 10 23:59:44 +0000 2018","retweets":"30","favorites":"20","mentions":[],"hashtags":[],"geo":"","raw":"배달은 30분정도 소요되었습니다.\n보쌈이 생각날때는 늘 여기서만\n시킵니다","polarity":{"com":0.009762429144251777,"pos":0.4980293202140042,"neg":0.2897183763271026,"neut":0.09134111115590587,"none":0.11114876315873555},"intensity":{"high":0.04225585357746513,"low":0.06727723443818245,"meium":0.776903107968129,"none":0.1135638040162234},"expressive":{"dir-action":0.0006293265715184752,"dir-explicit":0.203433259171919,"dir-speech":0.5418062480774009,"indirect":0.14601608016371656,"writing-device":0.10811508601544502}},{"id":"원할머니보쌈족발 화곡역점CESCO","permalink":"","username":"asdfg","text":"\n\n맛남요ㅋ아고기좋아고기좋아한다해","date":"Mon Dec 10 23:59:44 +0000 2018","retweets":"30","favorites":"20","mentions":[],"hashtags":[],"geo":"","raw":"\n\n맛남요ㅋ아고기좋아고기좋아한다해","polarity":{"com":0.00287356325,"pos":0.33045977,"neg":0.10057471275,"neut":0.51724137925,"none":0.04885057475},"intensity":{"high":0.02873563224281609,"low":0.0316091954920977,"meium":0.8879310342780172,"none":0.051724137987068965},"expressive":{"dir-action":0.0028735632507183905,"dir-explicit":0.04022988501005747,"dir-speech":0.853448275963362,"indirect":0.04597701151149425,"writing-device":0.05747126426436781}},{"id":"원할머니보쌈족발 화곡역점CESCO","permalink":"","username":"asdfg","text":"배달은 30분도 안걸린거 같습니다\n포장 아주 정갈하게 해서 오셨네요\n맛도 훌륭하구요. 이래서 다들 브랜드\n찾는것이지요.","date":"Mon Dec 10 23:59:44 +0000 2018","retweets":"30","favorites":"20","mentions":[],"hashtags":[],"geo":"","raw":"배달은 30분도 안걸린거 같습니다\n포장 아주 정갈하게 해서 오셨네요\n맛도 훌륭하구요. 이래서 다들 브랜드\n찾는것이지요.","polarity":{"com":0.004852310909090909,"pos":0.5313787252727272,"neg":0.3371459233636363,"neut":0.012519348727272728,"none":0.11410369172727274},"intensity":{"high":0.07439475979789233,"low":0.059722676165530175,"meium":0.750460939977147,"none":0.11542162405943046},"expressive":{"dir-action":0.0013179323636363636,"dir-explicit":0.2378262722727273,"dir-speech":0.2779504201818182,"indirect":0.2712380428181818,"writing-device":0.21166733236363636}},{"id":"원할머니보쌈족발 화곡역점CESCO","permalink":"","username":"asdfg","text":"맛있는거 같은데 또, 아닌거 같음\n","date":"Mon Dec 10 23:59:44 +0000 2018","retweets":"30","favorites":"20","mentions":[],"hashtags":[],"geo":"","raw":"맛있는거 같은데 또, 아닌거 같음\n","polarity":{"com":0,"pos":0.05934065937626374,"neg":0.7575091572969964,"neut":0.020512820591794875,"none":0.16263736273494508},"intensity":{"high":0.020512820595897437,"low":0.030769230793846157,"meium":0.7860805858427838,"none":0.16263736276747254},"expressive":{"dir-action":0,"dir-explicit":0.1054945056,"dir-speech":0.2981684982,"indirect":0.0102564102,"writing-device":0.586080586}},{"id":"원할머니보쌈족발 화곡역점CESCO","permalink":"","username":"asdfg","text":"가격대비 괜찮은듯!\n다음에 또 먹을까?","date":"Mon Dec 10 23:59:44 +0000 2018","retweets":"30","favorites":"20","mentions":[],"hashtags":[],"geo":"","raw":"가격대비 괜찮은듯!\n다음에 또 먹을까?","polarity":{"com":0,"pos":0.41071428564732143,"neg":0.44047619038988095,"neut":0,"none":0.14880952396279762},"intensity":{"high":0,"low":0.04166666673958334,"meium":0.8095238092976191,"none":0.14880952396279765},"expressive":{"dir-action":0,"dir-explicit":0.07738095249999999,"dir-speech":0.40476190475,"indirect":0.33333333325000003,"writing-device":0.1845238095}},{"id":"원할머니보쌈족발 화곡역점CESCO","permalink":"","username":"asdfg","text":"원할머니는 언제먹어도 너무 맛납니다~~","date":"Mon Dec 10 23:59:44 +0000 2018","retweets":"30","favorites":"20","mentions":[],"hashtags":[],"geo":"","raw":"원할머니는 언제먹어도 너무 맛납니다~~","polarity":{"com":0.03571428575892857,"pos":0.3412698410853175,"neg":0.5793650796448412,"neut":0.02380952375595238,"none":0.019841269754960318},"intensity":{"high":0.14285714300000002,"low":0.1865079365,"meium":0.6507936507500001,"none":0.019841269750000005},"expressive":{"dir-action":0,"dir-explicit":0.34523809525000004,"dir-speech":0.43253968275000004,"indirect":0.19841269825000002,"writing-device":0.023809523750000002}},{"id":"원할머니보쌈족발 화곡역점CESCO","permalink":"","username":"asdfg","text":"간만에 넘 맜있게먹었어요\n김치가 제겐 너무 달아서 김치는 집에있는걸로~\n그래도 고기는 짱","date":"Mon Dec 10 23:59:44 +0000 2018","retweets":"30","favorites":"20","mentions":[],"hashtags":[],"geo":"","raw":"간만에 넘 맜있게먹었어요\n김치가 제겐 너무 달아서 김치는 집에있는걸로~\n그래도 고기는 짱","polarity":{"com":0.031671567,"pos":0.2900476574285714,"neg":0.34698201314285715,"neut":0.19018553742857142,"none":0.141113225},"intensity":{"high":0.08352790270235316,"low":0.1153532034120924,"meium":0.6587301586201815,"none":0.14238873526537305},"expressive":{"dir-action":0,"dir-explicit":0.24510934314285718,"dir-speech":0.44812925171428575,"indirect":0.159979246,"writing-device":0.14678215914285714}},{"id":"원할머니보쌈족발 화곡역점CESCO","permalink":"","username":"asdfg","text":"보쌈이 짱입니다^^","date":"Mon Dec 10 23:59:44 +0000 2018","retweets":"30","favorites":"20","mentions":[],"hashtags":[],"geo":"","raw":"보쌈이 짱입니다^^","polarity":{"com":0.026856410500000004,"pos":0.40866948850000007,"neg":0.35915320600000006,"neut":0.08980449750000001,"none":0.1155163975},"intensity":{"high":0.11658892611658891,"low":0.10692896810692896,"meium":0.658763065158763,"none":0.11771904061771904},"expressive":{"dir-action":0.0022026430011013215,"dir-explicit":0.4161987852080994,"dir-speech":0.28192392964096197,"indirect":0.17215168008607584,"writing-device":0.1275229620637615}},{"id":"원할머니보쌈족발 화곡역점CESCO","permalink":"","username":"asdfg","text":"역시 원할머니입니다(^^*","date":"Mon Dec 10 23:59:44 +0000 2018","retweets":"30","favorites":"20","mentions":[],"hashtags":[],"geo":"","raw":"역시 원할머니입니다(^^*","polarity":{"com":0,"pos":0.6666666668333333,"neg":0,"neut":0.16666666658333332,"none":0.16666666658333332},"intensity":{"high":0,"low":0.16666666658333332,"meium":0.6666666668333333,"none":0.16666666658333332},"expressive":{"dir-action":0,"dir-explicit":0.16666666658333332,"dir-speech":0.5000000002499999,"indirect":0.16666666658333332,"writing-device":0.16666666658333332}},{"id":"원할머니보쌈족발 화곡역점CESCO","permalink":"","username":"asdfg","text":"1975세트 맛나요\n붉닭발도 맛있어요","date":"Mon Dec 10 23:59:44 +0000 2018","retweets":"30","favorites":"20","mentions":[],"hashtags":[],"geo":"","raw":"1975세트 맛나요\n붉닭발도 맛있어요","polarity":{"com":0.0035714285,"pos":0.607142857,"neg":0.1642857145,"neut":0.007142857,"none":0.217857143},"intensity":{"high":0.0714285715,"low":0.057142857,"meium":0.6535714285,"none":0.217857143},"expressive":{"dir-action":0,"dir-explicit":0.09285714295357143,"dir-speech":0.649999999675,"indirect":0.042857142978571426,"writing-device":0.21428571439285712}},{"id":"원할머니보쌈족발 화곡역점CESCO","permalink":"","username":"asdfg","text":"항상 시켜먹어요~^^\n짱 입니다^^","date":"Mon Dec 10 23:59:44 +0000 2018","retweets":"30","favorites":"20","mentions":[],"hashtags":[],"geo":"","raw":"항상 시켜먹어요~^^\n짱 입니다^^","polarity":{"com":0.007625272333333332,"pos":0.5729847493333333,"neg":0.31481481499999997,"neut":0.03050108933333333,"none":0.07407407399999999},"intensity":{"high":0.0795206970265069,"low":0.10130718936710241,"meium":0.7450980395816993,"none":0.07407407402469136},"expressive":{"dir-action":0,"dir-explicit":0.380174292,"dir-speech":0.49346405233333335,"indirect":0.04575163400000001,"writing-device":0.08061002166666668}},{"id":"원할머니보쌈족발 화곡역점CESCO","permalink":"","username":"asdfg","text":"맛은 항상 굿입니다.\n족발은 생각보다 양이 적었어요.","date":"Mon Dec 10 23:59:44 +0000 2018","retweets":"30","favorites":"20","mentions":[],"hashtags":[],"geo":"","raw":"맛은 항상 굿입니다.\n족발은 생각보다 양이 적었어요.","polarity":{"com":0.0099562425,"pos":0.6853882795,"neg":0.20927495299999999,"neut":0.03135039325,"none":0.06403013175},"intensity":{"high":0.05728647377864324,"low":0.05432314152716157,"meium":0.8243602529121802,"none":0.06403013178201507},"expressive":{"dir-action":0,"dir-explicit":0.29737177375,"dir-speech":0.56548410325,"indirect":0.06821203049999999,"writing-device":0.0689320925}},{"id":"원할머니보쌈족발 화곡역점CESCO","permalink":"","username":"asdfg","text":"역시맛잇고 깔끔하게 잘와요.\n","date":"Mon Dec 10 23:59:44 +0000 2018","retweets":"30","favorites":"20","mentions":[],"hashtags":[],"geo":"","raw":"역시맛잇고 깔끔하게 잘와요.\n","polarity":{"com":0.008008008005338671,"pos":0.5534105537022737,"neg":0.1735306734490204,"neut":0.14593164576395443,"none":0.11911911907941274},"intensity":{"high":0.03803803801267934,"low":0.21056771040352254,"meium":0.6312741315437581,"none":0.12012012004004002},"expressive":{"dir-action":0.0010010010003336672,"dir-explicit":0.2866437864288813,"dir-speech":0.18876018872958672,"indirect":0.4034749038011583,"writing-device":0.12012012004004004}},{"id":"원할머니보쌈족발 화곡역점CESCO","permalink":"","username":"asdfg","text":"냉채족발 시켰는데요. 냉채에  해파리가 없어요. 족발양은  미니족 하나정도. 거기다 소스를  부어와서 그런지  야채숨은 다  죽어있었어요. 대실망...  냉채족발은  재구매  의사없음!!!","date":"Mon Dec 10 23:59:44 +0000 2018","retweets":"30","favorites":"20","mentions":[],"hashtags":[],"geo":"","raw":"냉채족발 시켰는데요. 냉채에  해파리가 없어요. 족발양은  미니족 하나정도. 거기다 소스를  부어와서 그런지  야채숨은 다  죽어있었어요. 대실망...  냉채족발은  재구매  의사없음!!!","polarity":{"com":0.009100712538461538,"pos":0.3993665782307692,"neg":0.4668230848461538,"neut":0.07201514376923075,"none":0.05269448061538461},"intensity":{"high":0.09484310418302863,"low":0.13693331042674872,"meium":0.7155291047586243,"none":0.05269448063159831},"expressive":{"dir-action":0.0009799118460030905,"dir-explicit":0.3116436623366702,"dir-speech":0.3715387845582248,"indirect":0.26114490911367005,"writing-device":0.05469273214543189}},{"id":"원할머니보쌈족발 화곡역점CESCO","permalink":"","username":"asdfg","text":"항상 맛있어요\n닭발도 맛있네유","date":"Mon Dec 10 23:59:44 +0000 2018","retweets":"30","favorites":"20","mentions":[],"hashtags":[],"geo":"","raw":"항상 맛있어요\n닭발도 맛있네유","polarity":{"com":0,"pos":0.6666666666666666,"neg":0.3333333333333333,"neut":0,"none":0},"intensity":{"high":0,"low":0,"meium":1,"none":0},"expressive":{"dir-action":0,"dir-explicit":0.16666666666666666,"dir-speech":0.5,"indirect":0.3333333333333333,"writing-device":0}},{"id":"원할머니보쌈족발 화곡역점CESCO","permalink":"","username":"asdfg","text":"원할머니보쌈 둘이서 정말맛있습니다","date":"Mon Dec 10 23:59:44 +0000 2018","retweets":"30","favorites":"20","mentions":[],"hashtags":[],"geo":"","raw":"원할머니보쌈 둘이서 정말맛있습니다","polarity":{"com":0.010279001333333336,"pos":0.5843822110000001,"neg":0.28970002100000003,"neut":0.02936857566666667,"none":0.08627019100000001},"intensity":{"high":0.2971470527657157,"low":0.0916719110305573,"meium":0.5234424165078142,"none":0.08773861969591287},"expressive":{"dir-action":0.0014684286671561428,"dir-explicit":0.44755611514918536,"dir-speech":0.20374449340124817,"indirect":0.2594923430864975,"writing-device":0.08773861969591287}},{"id":"원할머니보쌈족발 화곡역점CESCO","permalink":"","username":"asdfg","text":"모듬보쌈 맛있게 잘먹었어요","date":"Mon Dec 10 23:59:44 +0000 2018","retweets":"30","favorites":"20","mentions":[],"hashtags":[],"geo":"","raw":"모듬보쌈 맛있게 잘먹었어요","polarity":{"com":0,"pos":0.35714285717857136,"neg":0.6071428573035714,"neut":0.03571428551785714,"none":0},"intensity":{"high":0,"low":0.107142857,"meium":0.8928571430000001,"none":0},"expressive":{"dir-action":0,"dir-explicit":0.107142857,"dir-speech":0.5714285715,"indirect":0.3214285715,"writing-device":0}},{"id":"원할머니보쌈족발 화곡역점CESCO","permalink":"","username":"asdfg","text":"배달도 빠르고 포장도 깔끔했어요!","date":"Mon Dec 10 23:59:44 +0000 2018","retweets":"30","favorites":"20","mentions":[],"hashtags":[],"geo":"","raw":"배달도 빠르고 포장도 깔끔했어요!","polarity":{"com":0.00483870975,"pos":0.6602822580000001,"neg":0.30692204300000003,"neut":0.020967742,"none":0.00698924725},"intensity":{"high":0.0349462365,"low":0.17486559125,"meium":0.7826612905,"none":0.00752688175},"expressive":{"dir-action":0.00161290325,"dir-explicit":0.20349462375,"dir-speech":0.323655914,"indirect":0.46424731175,"writing-device":0.00698924725}},{"id":"원할머니보쌈족발 화곡역점CESCO","permalink":"","username":"asdfg","text":"보족셋트 제대로 맛잇어요. 보쌈도 족발도","date":"Mon Dec 10 23:59:44 +0000 2018","retweets":"30","favorites":"20","mentions":[],"hashtags":[],"geo":"","raw":"보족셋트 제대로 맛잇어요. 보쌈도 족발도","polarity":{"com":0.004761904666666666,"pos":0.47619047600000003,"neg":0.21904761933333336,"neut":0.009523809333333333,"none":0.2904761906666667},"intensity":{"high":0.09523809533333331,"low":0.076190476,"meium":0.538095238,"none":0.29047619066666663},"expressive":{"dir-action":0,"dir-explicit":0.12380952391746032,"dir-speech":0.5333333329777777,"indirect":0.05714285729523809,"writing-device":0.2857142858095238}},{"id":"원할머니보쌈족발 화곡역점CESCO","permalink":"","username":"asdfg","text":"역시 원할머니보쌈은 최고입니다~\n맛도좋고 가격도 저렴하고 그냥 좋아요","date":"Mon Dec 10 23:59:44 +0000 2018","retweets":"30","favorites":"20","mentions":[],"hashtags":[],"geo":"","raw":"역시 원할머니보쌈은 최고입니다~\n맛도좋고 가격도 저렴하고 그냥 좋아요","polarity":{"com":0.007981124250997642,"pos":0.5759373830719923,"neg":0.2729257647841157,"neut":0.06147099238268387,"none":0.0816847355102106},"intensity":{"high":0.06790750115046533,"low":0.08433874790662704,"meium":0.7656936400371351,"none":0.08206011090577256},"expressive":{"dir-action":0.00037537537504692196,"dir-explicit":0.24189159253023643,"dir-speech":0.42316997955289626,"indirect":0.2500519612812565,"writing-device":0.0845110912605639}},{"id":"원할머니보쌈족발 화곡역점CESCO","permalink":"","username":"asdfg","text":"완전 맛잇어요 ~!! 양도많구","date":"Mon Dec 10 23:59:44 +0000 2018","retweets":"30","favorites":"20","mentions":[],"hashtags":[],"geo":"","raw":"완전 맛잇어요 ~!! 양도많구","polarity":{"com":0,"pos":0.445652174,"neg":0.5326086955,"neut":0.0217391305,"none":0},"intensity":{"high":0.1304347825652174,"low":0.10869565205434782,"meium":0.7608695653804347,"none":0},"expressive":{"dir-action":0,"dir-explicit":0.5108695652554348,"dir-speech":0.10869565205434784,"indirect":0.3804347826902174,"writing-device":0}},{"id":"원할머니보쌈족발 화곡역점CESCO","permalink":"","username":"asdfg","text":"배달도 빠르고 보쌈도 맛있지만 닭발을 기대이상으로 너무 맛있게 잘먹었어요ㅎ","date":"Mon Dec 10 23:59:44 +0000 2018","retweets":"30","favorites":"20","mentions":[],"hashtags":[],"geo":"","raw":"배달도 빠르고 보쌈도 맛있지만 닭발을 기대이상으로 너무 맛있게 잘먹었어요ㅎ","polarity":{"com":0.021428571431632654,"pos":0.7244897959606414,"neg":0.17959183673994172,"neut":0.01224489785889213,"none":0.06224489800889214},"intensity":{"high":0.04081632657142857,"low":0.11496598628571429,"meium":0.7819727891428572,"none":0.062244898},"expressive":{"dir-action":0,"dir-explicit":0.13877551012303208,"dir-speech":0.2469387755361516,"indirect":0.5530612244924198,"writing-device":0.0612244898483965}},{"id":"원할머니보쌈족발 화곡역점CESCO","permalink":"","username":"asdfg","text":"다른 원할머니하고 비교됨","date":"Mon Dec 10 23:59:44 +0000 2018","retweets":"30","favorites":"20","mentions":[],"hashtags":[],"geo":"","raw":"다른 원할머니하고 비교됨","polarity":{"com":0.03675464333333334,"pos":0.7023460410000002,"neg":0.20847181500000003,"neut":0.027956989333333338,"none":0.024470511333333337},"intensity":{"high":0.06174649702058217,"low":0.4174975561391659,"meium":0.49556858949852295,"none":0.02518735734172912},"expressive":{"dir-action":0.002150537666666667,"dir-explicit":0.19556858933333335,"dir-speech":0.12851091566666667,"indirect":0.649299446,"writing-device":0.024470511333333334}},{"id":"원할머니보쌈족발 화곡역점CESCO","permalink":"","username":"asdfg","text":"고기소금간이 너무 세요. 누린내도나고요 그것빼곤 괜찮앗어요","date":"Mon Dec 10 23:59:44 +0000 2018","retweets":"30","favorites":"20","mentions":[],"hashtags":[],"geo":"","raw":"고기소금간이 너무 세요. 누린내도나고요 그것빼곤 괜찮앗어요","polarity":{"com":0.030000000000000006,"pos":0.07142857140000002,"neg":0.541904762,"neut":0.2695238094,"none":0.08714285720000002},"intensity":{"high":0.05714285720000001,"low":0.05142857140000001,"meium":0.8042857142000001,"none":0.08714285720000002},"expressive":{"dir-action":0,"dir-explicit":0.15142857136971433,"dir-speech":0.7171428570565715,"indirect":0.04571428579085715,"writing-device":0.08571428578285716}},{"id":"원할머니보쌈족발 화곡역점CESCO","permalink":"","username":"asdfg","text":"역시 원할머니네요\n화곡역점 좋아요","date":"Mon Dec 10 23:59:44 +0000 2018","retweets":"30","favorites":"20","mentions":[],"hashtags":[],"geo":"","raw":"역시 원할머니네요\n화곡역점 좋아요","polarity":{"com":0,"pos":0.6266666668133333,"neg":0.020000000009999998,"neut":0.16666666658333332,"none":0.1866666665933333},"intensity":{"high":0.10000000005000002,"low":0.18666666659333336,"meium":0.5266666667633334,"none":0.18666666659333336},"expressive":{"dir-action":0,"dir-explicit":0.46666666673333335,"dir-speech":0.2666666666333334,"indirect":0.08000000004,"writing-device":0.18666666659333334}},{"id":"원할머니보쌈족발 화곡역점CESCO","permalink":"","username":"asdfg","text":"김치가 좀 단 느낌?? 김치는 취향이 아니네요 ㅠㅠ 근데 전체적으로 맛있어요!!! 재주문 의향 있습니당 많이파세요","date":"Mon Dec 10 23:59:44 +0000 2018","retweets":"30","favorites":"20","mentions":[],"hashtags":[],"geo":"","raw":"김치가 좀 단 느낌?? 김치는 취향이 아니네요 ㅠㅠ 근데 전체적으로 맛있어요!!! 재주문 의향 있습니당 많이파세요","polarity":{"com":0.007202839750900356,"pos":0.32906396404113303,"neg":0.47862758730982846,"neut":0.11381579526422698,"none":0.07128981363391124},"intensity":{"high":0.042853755880356725,"low":0.24831545878103944,"meium":0.6358742394544843,"none":0.07295654588411957},"expressive":{"dir-action":0.0005506607500688325,"dir-explicit":0.25830973353228864,"dir-speech":0.5501641058187705,"indirect":0.11715089851464384,"writing-device":0.07382460138422807}},{"id":"원할머니보쌈족발 화곡역점CESCO","permalink":"","username":"asdfg","text":"여기 쟁반국수도 서비스 주나요    ? ? ? ? ? ? ? ? ? ?","date":"Mon Dec 10 23:59:44 +0000 2018","retweets":"30","favorites":"20","mentions":[],"hashtags":[],"geo":"","raw":"여기 쟁반국수도 서비스 주나요    ? ? ? ? ? ? ? ? ? ?","polarity":{"com":0,"pos":1,"neg":0,"neut":0,"none":0},"intensity":{"high":0,"low":1,"meium":0,"none":0},"expressive":{"dir-action":0,"dir-explicit":0,"dir-speech":0,"indirect":1,"writing-device":0}}]