[{"id":"호세야오리바베큐 선릉점","permalink":"","username":"asdfg","text":"늘 시켜먹지만  기대에 어긋나지 않는맛","date":"Mon Dec 10 23:59:44 +0000 2018","retweets":"30","favorites":"20","mentions":[],"hashtags":[],"geo":"","raw":"늘 시켜먹지만  기대에 어긋나지 않는맛","polarity":{"com":0,"pos":0.7777777776666667,"neg":0.22222222233333333,"neut":0,"none":0},"intensity":{"high":0.07870370366666667,"low":0.074074074,"meium":0.8472222223333333,"none":0},"expressive":{"dir-action":0,"dir-explicit":0.324074074,"dir-speech":0.5925925926666666,"indirect":0.08333333333333333,"writing-device":0}},{"id":"호세야오리바베큐 선릉점","permalink":"","username":"asdfg","text":"주먹밥시키길잘한거같어요 ㅋㅋ 이번에도 잘먹었습니다","date":"Mon Dec 10 23:59:44 +0000 2018","retweets":"30","favorites":"20","mentions":[],"hashtags":[],"geo":"","raw":"주먹밥시키길잘한거같어요 ㅋㅋ 이번에도 잘먹었습니다","polarity":{"com":0.00178571425,"pos":0.38690476175,"neg":0.498809524,"neut":0.0035714285,"none":0.1089285715},"intensity":{"high":0.0634920635,"low":0.084126984,"meium":0.743452381,"none":0.1089285715},"expressive":{"dir-action":0,"dir-explicit":0.601984126849504,"dir-speech":0.2694444444326389,"indirect":0.02142857149464286,"writing-device":0.10714285722321429}},{"id":"호세야오리바베큐 선릉점","permalink":"","username":"asdfg","text":"언제나 먹어도 맛있는 호세야!!특히나 묵은지가 너무나도 맛있어요ㅜㅜ","date":"Mon Dec 10 23:59:44 +0000 2018","retweets":"30","favorites":"20","mentions":[],"hashtags":[],"geo":"","raw":"언제나 먹어도 맛있는 호세야!!특히나 묵은지가 너무나도 맛있어요ㅜㅜ","polarity":{"com":0,"pos":0.08333333325,"neg":0.66666666675,"neut":0,"none":0.25},"intensity":{"high":0.27777777775,"low":0.0555555555,"meium":0.41666666674999997,"none":0.25},"expressive":{"dir-action":0,"dir-explicit":0.3055555555,"dir-speech":0.4444444445,"indirect":0,"writing-device":0.25}},{"id":"호세야오리바베큐 선릉점","permalink":"","username":"asdfg","text":"맨날맨날 너무 맛있네용ㅎ","date":"Mon Dec 10 23:59:44 +0000 2018","retweets":"30","favorites":"20","mentions":[],"hashtags":[],"geo":"","raw":"맨날맨날 너무 맛있네용ㅎ","polarity":{"com":0.142857143,"pos":0.142857143,"neg":0.714285714,"neut":0,"none":0},"intensity":{"high":0.142857143,"low":0.142857143,"meium":0.714285714,"none":0},"expressive":{"dir-action":0,"dir-explicit":0.5714285710000001,"dir-speech":0.28571428600000004,"indirect":0.14285714300000002,"writing-device":0}},{"id":"호세야오리바베큐 선릉점","permalink":"","username":"asdfg","text":"빠세야 빠세야 빠쎄빠쎄빠쌔호< 마싯어오","date":"Mon Dec 10 23:59:44 +0000 2018","retweets":"30","favorites":"20","mentions":[],"hashtags":[],"geo":"","raw":"빠세야 빠세야 빠쎄빠쎄빠쌔호< 마싯어오","polarity":{"com":0,"pos":0.2857142856666667,"neg":0,"neut":0.047619047666666664,"none":0.6666666666666666},"intensity":{"high":0.09523809533333333,"low":0.047619047666666664,"meium":0.19047619033333332,"none":0.6666666666666666},"expressive":{"dir-action":0,"dir-explicit":0.14285714295238094,"dir-speech":0.14285714295238094,"indirect":0.047619047650793646,"writing-device":0.6666666664444444}},{"id":"호세야오리바베큐 선릉점","permalink":"","username":"asdfg","text":"빠세야 오리바베큐 먹을만 하네요 ~ ","date":"Mon Dec 10 23:59:44 +0000 2018","retweets":"30","favorites":"20","mentions":[],"hashtags":[],"geo":"","raw":"빠세야 오리바베큐 먹을만 하네요 ~ ","polarity":{"com":0,"pos":0.30555555533333334,"neg":0.22222222233333333,"neut":0,"none":0.4722222223333333},"intensity":{"high":0.06481481466666666,"low":0.074074074,"meium":0.38888888899999996,"none":0.4722222223333333},"expressive":{"dir-action":0,"dir-explicit":0.185185185,"dir-speech":0.2592592593333333,"indirect":0.08333333333333333,"writing-device":0.4722222223333333}},{"id":"호세야오리바베큐 선릉점","permalink":"","username":"asdfg","text":"간만에 소주땡겨서 시켜먹었네요 ㅋ 안주로도 매우 좋아요 잘먹었습니다","date":"Mon Dec 10 23:59:44 +0000 2018","retweets":"30","favorites":"20","mentions":[],"hashtags":[],"geo":"","raw":"간만에 소주땡겨서 시켜먹었네요 ㅋ 안주로도 매우 좋아요 잘먹었습니다","polarity":{"com":0.0017857142504464287,"pos":0.5454761903863691,"neg":0.3123809525780953,"neut":0.021428571255357146,"none":0.11892857152973216},"intensity":{"high":0.1134920635,"low":0.1476984125,"meium":0.6198809525,"none":0.1189285715},"expressive":{"dir-action":0,"dir-explicit":0.3055555554236111,"dir-speech":0.3551587301612103,"indirect":0.22214285719446428,"writing-device":0.11714285722071428}},{"id":"호세야오리바베큐 선릉점","permalink":"","username":"asdfg","text":"맛있는치킨맛나요히히히","date":"Mon Dec 10 23:59:44 +0000 2018","retweets":"30","favorites":"20","mentions":[],"hashtags":[],"geo":"","raw":"맛있는치킨맛나요히히히","polarity":{"com":0,"pos":0.5,"neg":0.5,"neut":0,"none":0},"intensity":{"high":0,"low":0,"meium":1,"none":0},"expressive":{"dir-action":0,"dir-explicit":0,"dir-speech":1,"indirect":0,"writing-device":0}},{"id":"호세야오리바베큐 선릉점","permalink":"","username":"asdfg","text":"언제나 꿀맛 쫄깃쫄깃 굳굳귣구우우ㅜ우우우유유유유","date":"Mon Dec 10 23:59:44 +0000 2018","retweets":"30","favorites":"20","mentions":[],"hashtags":[],"geo":"","raw":"언제나 꿀맛 쫄깃쫄깃 굳굳귣구우우ㅜ우우우유유유유","polarity":{"com":null,"pos":null,"neg":null,"neut":null,"none":null},"intensity":{"high":null,"low":null,"meium":null,"none":null},"expressive":{"dir-action":null,"dir-explicit":null,"dir-speech":null,"indirect":null,"writing-device":null}},{"id":"호세야오리바베큐 선릉점","permalink":"","username":"asdfg","text":"항상 맛있게 먹는 집입니다","date":"Mon Dec 10 23:59:44 +0000 2018","retweets":"30","favorites":"20","mentions":[],"hashtags":[],"geo":"","raw":"항상 맛있게 먹는 집입니다","polarity":{"com":0,"pos":0.7777777776666667,"neg":0.2222222223333333,"neut":0,"none":0},"intensity":{"high":0.037037037,"low":0.07407407399999999,"meium":0.888888889,"none":0},"expressive":{"dir-action":0,"dir-explicit":0.24074074066666665,"dir-speech":0.7592592593333333,"indirect":0,"writing-device":0}}]