[{"id":"원할머니보쌈 족발","permalink":"","username":"asdfg","text":"정말맛나게 잘먹었습니다 굿굿","date":"Mon Dec 10 23:59:44 +0000 2018","retweets":"30","favorites":"20","mentions":[],"hashtags":[],"geo":"","raw":"정말맛나게 잘먹었습니다 굿굿","polarity":{"com":0,"pos":0.8214285716071428,"neg":0.07142857135714285,"neut":0.023809523674603175,"none":0.08333333336111111},"intensity":{"high":0.16666666666666666,"low":0.07142857133333333,"meium":0.6785714286666668,"none":0.08333333333333333},"expressive":{"dir-action":0,"dir-explicit":0.238095238,"dir-speech":0.13095238099999998,"indirect":0.5476190476666667,"writing-device":0.08333333333333333}},{"id":"원할머니보쌈 족발","permalink":"","username":"asdfg","text":"맛나여ㅋㄱㄱ기감사ㅋ","date":"Mon Dec 10 23:59:44 +0000 2018","retweets":"30","favorites":"20","mentions":[],"hashtags":[],"geo":"","raw":"맛나여ㅋㄱㄱ기감사ㅋ","polarity":{"com":0,"pos":1,"neg":0,"neut":0,"none":0},"intensity":{"high":0,"low":0,"meium":1,"none":0},"expressive":{"dir-action":0,"dir-explicit":0,"dir-speech":0.5,"indirect":0.5,"writing-device":0}},{"id":"원할머니보쌈 족발","permalink":"","username":"asdfg","text":"굿굿ㅎ","date":"Mon Dec 10 23:59:44 +0000 2018","retweets":"30","favorites":"20","mentions":[],"hashtags":[],"geo":"","raw":"굿굿ㅎㅎㅎㅎㅎㅎㅎㅎㅎㅎㅎ","polarity":{"com":0,"pos":1,"neg":0,"neut":0,"none":0},"intensity":{"high":0,"low":0,"meium":1,"none":0},"expressive":{"dir-action":0,"dir-explicit":0,"dir-speech":0,"indirect":1,"writing-device":0}},{"id":"원할머니보쌈 족발","permalink":"","username":"asdfg","text":"맛있게 잘먹엇어요~~~","date":"Mon Dec 10 23:59:44 +0000 2018","retweets":"30","favorites":"20","mentions":[],"hashtags":[],"geo":"","raw":"맛있게 잘먹엇어요~~~","polarity":{"com":0,"pos":0,"neg":1,"neut":0,"none":0},"intensity":{"high":0,"low":0,"meium":1,"none":0},"expressive":{"dir-action":0,"dir-explicit":0,"dir-speech":1,"indirect":0,"writing-device":0}},{"id":"원할머니보쌈 족발","permalink":"","username":"asdfg","text":"역쉬 원할머니 보쌈 ㅋ  보쌈은 맛나는데 족발은  별루였어요 ","date":"Mon Dec 10 23:59:44 +0000 2018","retweets":"30","favorites":"20","mentions":[],"hashtags":[],"geo":"","raw":"역쉬 원할머니 보쌈 ㅋ  보쌈은 맛나는데 족발은  별루였어요 ","polarity":{"com":0.01419353075,"pos":0.41722847300000004,"neg":0.45624831875,"neut":0.0398249695,"none":0.072504708},"intensity":{"high":0.15413877411560406,"low":0.12393573234295181,"meium":0.6494207854870656,"none":0.07250470805437853},"expressive":{"dir-action":0,"dir-explicit":0.34731124125,"dir-speech":0.33031461175,"indirect":0.24496747824999998,"writing-device":0.07740666875}},{"id":"원할머니보쌈 족발","permalink":"","username":"asdfg","text":"양도 많고 살코기도 만족스러워요!!","date":"Mon Dec 10 23:59:44 +0000 2018","retweets":"30","favorites":"20","mentions":[],"hashtags":[],"geo":"","raw":"양도 많고 살코기도 만족스러워요!!","polarity":{"com":0.021988795333333335,"pos":0.37833394233333334,"neg":0.43518450866666664,"neut":0.01925465833333333,"none":0.14523809533333334},"intensity":{"high":0.193399098731133,"low":0.11055900603685298,"meium":0.5508037998502678,"none":0.145238095381746},"expressive":{"dir-action":0,"dir-explicit":0.3534648641178217,"dir-speech":0.19207161106402387,"indirect":0.31160638177053546,"writing-device":0.14285714304761904}},{"id":"원할머니보쌈 족발","permalink":"","username":"asdfg","text":"직접가서먹으면더맛있다","date":"Mon Dec 10 23:59:44 +0000 2018","retweets":"30","favorites":"20","mentions":[],"hashtags":[],"geo":"","raw":"직접가서먹으면더맛있다","polarity":{"com":0,"pos":0.5652173913333334,"neg":0.39130434766666666,"neut":0.02898550733333333,"none":0.014492753666666665},"intensity":{"high":0.09500805133333333,"low":0.21417069233333333,"meium":0.6763285026666667,"none":0.014492753666666665},"expressive":{"dir-action":0,"dir-explicit":0.23349436399999998,"dir-speech":0.36070853466666664,"indirect":0.3913043476666666,"writing-device":0.014492753666666663}},{"id":"원할머니보쌈 족발","permalink":"","username":"asdfg","text":"너무너무잘먹었어요ㅋㅋ","date":"Mon Dec 10 23:59:44 +0000 2018","retweets":"30","favorites":"20","mentions":[],"hashtags":[],"geo":"","raw":"너무너무잘먹었어요ㅋㅋ","polarity":{"com":0,"pos":0.7142857147142857,"neg":0.21428571421428572,"neut":0.07142857107142857,"none":0},"intensity":{"high":0,"low":0.214285714,"meium":0.785714286,"none":0},"expressive":{"dir-action":0,"dir-explicit":0.214285714,"dir-speech":0.142857143,"indirect":0.642857143,"writing-device":0}},{"id":"원할머니보쌈 족발","permalink":"","username":"asdfg","text":"보쌈은  원할머니가  최고","date":"Mon Dec 10 23:59:44 +0000 2018","retweets":"30","favorites":"20","mentions":[],"hashtags":[],"geo":"","raw":"보쌈은  원할머니가  최고","polarity":{"com":0.017403148,"pos":0.3833232445,"neg":0.511803874,"neut":0.057127724000000005,"none":0.030342009499999996},"intensity":{"high":0.1312046005656023,"low":0.12136803856068401,"meium":0.7126210653563105,"none":0.03480629551740315},"expressive":{"dir-action":0,"dir-explicit":0.3230932205,"dir-speech":0.435911017,"indirect":0.210653753,"writing-device":0.030342009499999996}},{"id":"원할머니보쌈 족발","permalink":"","username":"asdfg","text":"맛있고 배달빨랐어요","date":"Mon Dec 10 23:59:44 +0000 2018","retweets":"30","favorites":"20","mentions":[],"hashtags":[],"geo":"","raw":"맛있고 배달빨랐어요","polarity":{"com":0,"pos":0.5,"neg":0.5,"neut":0,"none":0},"intensity":{"high":0,"low":0,"meium":1,"none":0},"expressive":{"dir-action":0,"dir-explicit":0,"dir-speech":1,"indirect":0,"writing-device":0}},{"id":"원할머니보쌈 족발","permalink":"","username":"asdfg","text":"오랜만에 원할머니 보쌈 먹었는데 맛있었어용 이곳에서는 처음시켜 봤지만 만족했습니다~  아 그 초록색 얇은떡 같은거 그거 서비스로 왔던데 그것도 참 맛있었습니다","date":"Mon Dec 10 23:59:44 +0000 2018","retweets":"30","favorites":"20","mentions":[],"hashtags":[],"geo":"","raw":"오랜만에 원할머니 보쌈 먹었는데 맛있었어용 이곳에서는 처음시켜 봤지만 만족했습니다~  아 그 초록색 얇은떡 같은거 그거 서비스로 왔던데 그것도 참 맛있었습니다","polarity":{"com":0.013888888915509259,"pos":0.4087301586326058,"neg":0.494047619125496,"neut":0.08333333332638888,"none":0},"intensity":{"high":0.13029100533333335,"low":0.03042328041666667,"meium":0.83928571425,"none":0},"expressive":{"dir-action":0,"dir-explicit":0.2625661375833333,"dir-speech":0.4814814815,"indirect":0.17261904758333335,"writing-device":0.08333333333333333}},{"id":"원할머니보쌈 족발","permalink":"","username":"asdfg","text":"양이 많아서 좋았습니다.","date":"Mon Dec 10 23:59:44 +0000 2018","retweets":"30","favorites":"20","mentions":[],"hashtags":[],"geo":"","raw":"양이 많아서 좋았습니다.","polarity":{"com":0,"pos":0.6556521740000001,"neg":0.3026086955,"neut":0.0217391305,"none":0.02},"intensity":{"high":0.23043478261521738,"low":0.1286956520643478,"meium":0.6208695653104348,"none":0.020000000009999998},"expressive":{"dir-action":0,"dir-explicit":0.5608695652804347,"dir-speech":0.20869565210434782,"indirect":0.21043478260521742,"writing-device":0.020000000009999998}},{"id":"원할머니보쌈 족발","permalink":"","username":"asdfg","text":"항상 맛있게 먹고 있네요~^^","date":"Mon Dec 10 23:59:44 +0000 2018","retweets":"30","favorites":"20","mentions":[],"hashtags":[],"geo":"","raw":"항상 맛있게 먹고 있네요~^^","polarity":{"com":0,"pos":0.6666666665000001,"neg":0.3333333335,"neut":0,"none":0},"intensity":{"high":0.0555555555,"low":0.111111111,"meium":0.8333333334999999,"none":0},"expressive":{"dir-action":0,"dir-explicit":0.361111111,"dir-speech":0.638888889,"indirect":0,"writing-device":0}},{"id":"원할머니보쌈 족발","permalink":"","username":"asdfg","text":"맛있게.  잘먹었어요.  ^^","date":"Mon Dec 10 23:59:44 +0000 2018","retweets":"30","favorites":"20","mentions":[],"hashtags":[],"geo":"","raw":"맛있게.  잘먹었어요.  ^^","polarity":{"com":0,"pos":0.35714285717857136,"neg":0.6071428573035714,"neut":0.03571428551785714,"none":0},"intensity":{"high":0,"low":0.107142857,"meium":0.8928571430000001,"none":0},"expressive":{"dir-action":0,"dir-explicit":0.107142857,"dir-speech":0.5714285715,"indirect":0.3214285715,"writing-device":0}},{"id":"원할머니보쌈 족발","permalink":"","username":"asdfg","text":"불족발 맛있게 매콤해서 넘 좋았어요:) ","date":"Mon Dec 10 23:59:44 +0000 2018","retweets":"30","favorites":"20","mentions":[],"hashtags":[],"geo":"","raw":"불족발 맛있게 매콤해서 넘 좋았어요:) ","polarity":{"com":0.006006006,"pos":0.38315315325,"neg":0.5865765765,"neut":0.00825825825,"none":0.016006006},"intensity":{"high":0.0785285285,"low":0.031021021000000003,"meium":0.8736936937499999,"none":0.01675675675},"expressive":{"dir-action":0.0007507507500000002,"dir-explicit":0.4780780780000001,"dir-speech":0.3225225225,"indirect":0.18189189200000003,"writing-device":0.016756756750000004}},{"id":"원할머니보쌈 족발","permalink":"","username":"asdfg","text":"소스도 딱 좋고 양도 많고 무엇보다 맛있네요다음에 또 주문할께요","date":"Mon Dec 10 23:59:44 +0000 2018","retweets":"30","favorites":"20","mentions":[],"hashtags":[],"geo":"","raw":"소스도 딱 좋고 양도 많고 무엇보다 맛있네요다음에 또 주문할께요","polarity":{"com":0.03740312111564922,"pos":0.3185265750453684,"neg":0.47574468888106386,"neut":0.01770436787057391,"none":0.15062124708734467},"intensity":{"high":0.127029865875,"low":0.06097575625,"meium":0.649740677125,"none":0.16225370074999998},"expressive":{"dir-action":0.0008064516248991936,"dir-explicit":0.25462704084317167,"dir-speech":0.4463070648192117,"indirect":0.11931027361008623,"writing-device":0.17894916910263137}},{"id":"원할머니보쌈 족발","permalink":"","username":"asdfg","text":"맛있네요 아이가  잘먹네요","date":"Mon Dec 10 23:59:44 +0000 2018","retweets":"30","favorites":"20","mentions":[],"hashtags":[],"geo":"","raw":"맛있네요 아이가  잘먹네요","polarity":{"com":0,"pos":0.4464285714821428,"neg":0.529761904843254,"neut":0.023809523674603175,"none":0},"intensity":{"high":0,"low":0.11309523799999999,"meium":0.886904762,"none":0},"expressive":{"dir-action":0,"dir-explicit":0.11309523799999999,"dir-speech":0.5476190476666667,"indirect":0.3392857143333334,"writing-device":0}},{"id":"원할머니보쌈 족발","permalink":"","username":"asdfg","text":"인증된맛 좋아좋아좋아연","date":"Mon Dec 10 23:59:44 +0000 2018","retweets":"30","favorites":"20","mentions":[],"hashtags":[],"geo":"","raw":"인증된맛 좋아좋아좋아연","polarity":{"com":0.009375,"pos":0.80375,"neg":0.141875,"neut":0.025,"none":0.02},"intensity":{"high":0.12187500000000001,"low":0.04187500000000001,"meium":0.813125,"none":0.023125000000000003},"expressive":{"dir-action":0,"dir-explicit":0.428125,"dir-speech":0.39375,"indirect":0.15812500000000002,"writing-device":0.02}},{"id":"원할머니보쌈 족발","permalink":"","username":"asdfg","text":"맛있어요! 그런데 예전이랑 비교해서 양이 확실히 줄어든 것 같네요ㅠ ","date":"Mon Dec 10 23:59:44 +0000 2018","retweets":"30","favorites":"20","mentions":[],"hashtags":[],"geo":"","raw":"맛있어요! 그런데 예전이랑 비교해서 양이 확실히 줄어든 것 같네요ㅠ ","polarity":{"com":0,"pos":0.4181818181163636,"neg":0.47272727270545456,"neut":0.018181818196363636,"none":0.09090909098181818},"intensity":{"high":0,"low":0.2,"meium":0.709090909,"none":0.090909091},"expressive":{"dir-action":0,"dir-explicit":0.2545454545490909,"dir-speech":0.23636363635272728,"indirect":0.4181818181163636,"writing-device":0.09090909098181818}},{"id":"원할머니보쌈 족발","permalink":"","username":"asdfg","text":"항상 맛있게  먹고있는데 이번엔 기름이 너무많았어요 ㅠ","date":"Mon Dec 10 23:59:44 +0000 2018","retweets":"30","favorites":"20","mentions":[],"hashtags":[],"geo":"","raw":"항상 맛있게  먹고있는데 이번엔 기름이 너무많았어요 ㅠ","polarity":{"com":0,"pos":0.33015873006603175,"neg":0.634920635126984,"neut":0.019047619003809524,"none":0.015873015803174604},"intensity":{"high":0.028571428599999997,"low":0.092063492,"meium":0.8634920636000001,"none":0.0158730158},"expressive":{"dir-action":0,"dir-explicit":0.37619047619999996,"dir-speech":0.5888888889999998,"indirect":0.015873015799999998,"writing-device":0.019047618999999995}},{"id":"원할머니보쌈 족발","permalink":"","username":"asdfg","text":"맛있게. 잘먹었어요. ㅎ. 대박나세용","date":"Mon Dec 10 23:59:44 +0000 2018","retweets":"30","favorites":"20","mentions":[],"hashtags":[],"geo":"","raw":"맛있게. 잘먹었어요. ㅎ. 대박나세용","polarity":{"com":0,"pos":0.47619047615873017,"neg":0.5000000001666667,"neut":0.023809523674603175,"none":0},"intensity":{"high":0.023809523666666665,"low":0.07142857133333333,"meium":0.904761905,"none":0},"expressive":{"dir-action":0,"dir-explicit":0.14285714266666666,"dir-speech":0.4285714286666667,"indirect":0.42857142866666664,"writing-device":0}},{"id":"원할머니보쌈 족발","permalink":"","username":"asdfg","text":"떡이랑 백김치에 싸먹는 솜씨보쌈이 짱이예요!!고추랑 쌈장도 더달라고했더니 넉넉히주시고 완전좋아요~ ","date":"Mon Dec 10 23:59:44 +0000 2018","retweets":"30","favorites":"20","mentions":[],"hashtags":[],"geo":"","raw":"떡이랑 백김치에 싸먹는 솜씨보쌈이 짱이예요!!고추랑 쌈장도 더달라고했더니 넉넉히주시고 완전좋아요~ ","polarity":{"com":0.016407735200000002,"pos":0.5905169802,"neg":0.32966631020000003,"neut":0.03321334929999999,"none":0.0301956251},"intensity":{"high":0.0656874972131375,"low":0.08362963421672594,"meium":0.8184567609636914,"none":0.03222610760644522},"expressive":{"dir-action":0.0020304825006091445,"dir-explicit":0.3962323738188698,"dir-speech":0.34092947590227884,"indirect":0.22628270966788483,"writing-device":0.03452495811035749}},{"id":"원할머니보쌈 족발","permalink":"","username":"asdfg","text":"맛나요 잘먹었어요 빨리가져다 주셔서 놀랫어요","date":"Mon Dec 10 23:59:44 +0000 2018","retweets":"30","favorites":"20","mentions":[],"hashtags":[],"geo":"","raw":"맛나요 잘먹었어요 빨리가져다 주셔서 놀랫어요","polarity":{"com":0,"pos":0.7321428571830356,"neg":0.17857142854464286,"neut":0.017857142754464286,"none":0.07142857151785714},"intensity":{"high":0.07142857148214285,"low":0.05357142848660714,"meium":0.8035714285491071,"none":0.07142857148214285},"expressive":{"dir-action":0,"dir-explicit":0.28571428567857143,"dir-speech":0.35714285716071426,"indirect":0.28571428567857143,"writing-device":0.07142857148214285}},{"id":"원할머니보쌈 족발","permalink":"","username":"asdfg","text":"맛있어요~~~~~~=","date":"Mon Dec 10 23:59:44 +0000 2018","retweets":"30","favorites":"20","mentions":[],"hashtags":[],"geo":"","raw":"맛있어요~~~~~~=","polarity":{"com":0,"pos":0,"neg":1,"neut":0,"none":0},"intensity":{"high":0,"low":0,"meium":1,"none":0},"expressive":{"dir-action":0,"dir-explicit":0,"dir-speech":1,"indirect":0,"writing-device":0}},{"id":"원할머니보쌈 족발","permalink":"","username":"asdfg","text":"맛이없어요...냄새작살남 진심","date":"Mon Dec 10 23:59:44 +0000 2018","retweets":"30","favorites":"20","mentions":[],"hashtags":[],"geo":"","raw":"맛이없어요...냄새작살남 진심","polarity":{"com":0.004854369,"pos":0.36347087375,"neg":0.5855582525,"neut":0.01213592225,"none":0.0339805825},"intensity":{"high":0.30582524267354366,"low":0.024271844743932038,"meium":0.6334951455916262,"none":0.03640776699089806},"expressive":{"dir-action":0,"dir-explicit":0.1692961165,"dir-speech":0.30339805825000005,"indirect":0.4860436892500001,"writing-device":0.041262136000000005}},{"id":"원할머니보쌈 족발","permalink":"","username":"asdfg","text":"러ㅑㅅㄷㄴ푸ㅏㅣㅏㄹㅇ큐ㅜㅡㅏㅅㅅ","date":"Mon Dec 10 23:59:44 +0000 2018","retweets":"30","favorites":"20","mentions":[],"hashtags":[],"geo":"","raw":"러ㅑㅅㄷㄴ푸ㅏㅣㅏㄹㅇ큐ㅜㅡㅏㅅㅅ","polarity":{"com":0.06818181803409092,"pos":0.15909090907954546,"neg":0.45454545472727276,"neut":0.022727272511363635,"none":0.2954545456477273},"intensity":{"high":0.0454545455,"low":0.0227272725,"meium":0.3863636365,"none":0.5454545454999999},"expressive":{"dir-action":0,"dir-explicit":0.0227272725,"dir-speech":0.3863636365,"indirect":0.0454545455,"writing-device":0.5454545454999999}},{"id":"원할머니보쌈 족발","permalink":"","username":"asdfg","text":"그냥저냥 먹을만합니다공기밥 양을 더 많이 주심 좋겠네요.","date":"Mon Dec 10 23:59:44 +0000 2018","retweets":"30","favorites":"20","mentions":[],"hashtags":[],"geo":"","raw":"그냥저냥 먹을만합니다공기밥 양을 더 많이 주심 좋겠네요.","polarity":{"com":0,"pos":0.81333333325,"neg":0.17666666674999998,"neut":0,"none":0.01},"intensity":{"high":0.07777777775,"low":0.0655555555,"meium":0.84666666675,"none":0.01},"expressive":{"dir-action":0,"dir-explicit":0.33055555550000004,"dir-speech":0.6194444445,"indirect":0.04,"writing-device":0.01}},{"id":"원할머니보쌈 족발","permalink":"","username":"asdfg","text":"여기 진짜진짜 강추!너무 맛있고, 깔끔하고, 양도 딱좋고 ㅎㅎ배달도 빠르고 친절하시네요^^다음에 또 찾을수밖에 없네요ㅎㅎ","date":"Mon Dec 10 23:59:44 +0000 2018","retweets":"30","favorites":"20","mentions":[],"hashtags":[],"geo":"","raw":"여기 진짜진짜 강추!너무 맛있고, 깔끔하고, 양도 딱좋고 ㅎㅎ배달도 빠르고 친절하시네요^^다음에 또 찾을수밖에 없네요ㅎㅎ","polarity":{"com":0.01862360059813764,"pos":0.4834455930516554,"neg":0.3484708763651529,"neut":0.01169040009883096,"none":0.13776952988622307},"intensity":{"high":0.059675620299999996,"low":0.0716403592,"meium":0.7303991365000001,"none":0.138284884},"expressive":{"dir-action":0.0009454616000000003,"dir-explicit":0.19405765210000003,"dir-speech":0.4298999461,"indirect":0.22274139580000005,"writing-device":0.15235554440000001}},{"id":"원할머니보쌈 족발","permalink":"","username":"asdfg","text":"아주 맛있게 잘 먹었습니다","date":"Mon Dec 10 23:59:44 +0000 2018","retweets":"30","favorites":"20","mentions":[],"hashtags":[],"geo":"","raw":"아주 맛있게 잘 먹었습니다","polarity":{"com":0,"pos":0.7321428573660714,"neg":0.23214285711607144,"neut":0.035714285517857144,"none":0},"intensity":{"high":0.125,"low":0.107142857,"meium":0.7678571430000001,"none":0},"expressive":{"dir-action":0,"dir-explicit":0.107142857,"dir-speech":0.19642857149999998,"indirect":0.6964285715,"writing-device":0}},{"id":"원할머니보쌈 족발","permalink":"","username":"asdfg","text":"역시 믿고먹는 보쌈입니다~~맛있게 잘먹었어요^^","date":"Mon Dec 10 23:59:44 +0000 2018","retweets":"30","favorites":"20","mentions":[],"hashtags":[],"geo":"","raw":"역시 믿고먹는 보쌈입니다~~맛있게 잘먹었어요^^","polarity":{"com":0.004575163401830065,"pos":0.3533146591413259,"neg":0.43174603197269845,"neut":0.09925303443970121,"none":0.11111111104444445},"intensity":{"high":0.047712418219084965,"low":0.17030812306812323,"meium":0.6708683476683475,"none":0.11111111104444445},"expressive":{"dir-action":0,"dir-explicit":0.2376283846475257,"dir-speech":0.4913165266982633,"indirect":0.15602240903120448,"writing-device":0.11503267962300655}},{"id":"원할머니보쌈 족발","permalink":"","username":"asdfg","text":"보쌈 굿 족발 ㅜㅜ 포장은 깔끔","date":"Mon Dec 10 23:59:44 +0000 2018","retweets":"30","favorites":"20","mentions":[],"hashtags":[],"geo":"","raw":"보쌈 굿 족발 ㅜㅜ 포장은 깔끔","polarity":{"com":0,"pos":0.5625,"neg":0.4375,"neut":0,"none":0},"intensity":{"high":0,"low":0.125,"meium":0.875,"none":0},"expressive":{"dir-action":0,"dir-explicit":0.25,"dir-speech":0,"indirect":0.75,"writing-device":0}},{"id":"원할머니보쌈 족발","permalink":"","username":"asdfg","text":"역시 원할머니 보쌈!! 불족발 맛잇는데 너무 매워요 ㅠㅠ 매운맛 조절 가능했음 좋겠어요","date":"Mon Dec 10 23:59:44 +0000 2018","retweets":"30","favorites":"20","mentions":[],"hashtags":[],"geo":"","raw":"역시 원할머니 보쌈!! 불족발 맛잇는데 너무 매워요 ㅠㅠ 매운맛 조절 가능했음 좋겠어요","polarity":{"com":0.02317314028902473,"pos":0.49890278692841467,"neg":0.3667105551952443,"neut":0.059600614437085794,"none":0.051612903150230406},"intensity":{"high":0.0403774412914825,"low":0.08461707258351674,"meium":0.8230853632604408,"none":0.05192012286456003},"expressive":{"dir-action":0.0009216590001316656,"dir-explicit":0.3169629141881376,"dir-speech":0.34481018219211573,"indirect":0.28569234146938466,"writing-device":0.05161290315023041}},{"id":"원할머니보쌈 족발","permalink":"","username":"asdfg","text":"역시 맛있습니다!! 최고!!!","date":"Mon Dec 10 23:59:44 +0000 2018","retweets":"30","favorites":"20","mentions":[],"hashtags":[],"geo":"","raw":"역시 맛있습니다!! 최고!!!","polarity":{"com":0,"pos":0.6111111113055555,"neg":0.055555555527777765,"neut":0.16666666658333332,"none":0.16666666658333332},"intensity":{"high":0.3888888891944445,"low":0.16666666658333334,"meium":0.2777777776388889,"none":0.16666666658333334},"expressive":{"dir-action":0,"dir-explicit":0.16666666658333334,"dir-speech":0.16666666658333334,"indirect":0.50000000025,"writing-device":0.16666666658333334}},{"id":"원할머니보쌈 족발","permalink":"","username":"asdfg","text":"맛도 맛있고 김치종류도 많이 주시고 떡심도 주시고 중짜리 시켜서 둘이 먹었는데 남았어요ㅎㅎ 다음에도 주문할께요","date":"Mon Dec 10 23:59:44 +0000 2018","retweets":"30","favorites":"20","mentions":[],"hashtags":[],"geo":"","raw":"맛도 맛있고 김치종류도 많이 주시고 떡심도 주시고 중짜리 시켜서 둘이 먹었는데 남았어요ㅎㅎ 다음에도 주문할께요","polarity":{"com":0.004777891666666667,"pos":0.42462217841666666,"neg":0.5064453159166666,"neut":0.024781126666666667,"none":0.03937348733333333},"intensity":{"high":0.05319741342109978,"low":0.07651074100637589,"meium":0.8303720395691977,"none":0.039919806003326654},"expressive":{"dir-action":0.0009047415833333333,"dir-explicit":0.19883432658333333,"dir-speech":0.5717843909999999,"indirect":0.18933118441666666,"writing-device":0.039145356416666666}},{"id":"원할머니보쌈 족발","permalink":"","username":"asdfg","text":"원할머니는 언제나 맛있어요","date":"Mon Dec 10 23:59:44 +0000 2018","retweets":"30","favorites":"20","mentions":[],"hashtags":[],"geo":"","raw":"원할머니는 언제나 맛있어요","polarity":{"com":0,"pos":0.29629629609876545,"neg":0.6455026458818343,"neut":0.031746031677248675,"none":0.026455026342151678},"intensity":{"high":0.10582010599999998,"low":0.12698412699999997,"meium":0.7407407406666667,"none":0.026455026333333336},"expressive":{"dir-action":0,"dir-explicit":0.195767196,"dir-speech":0.5555555556666666,"indirect":0.21693121666666668,"writing-device":0.03174603166666667}},{"id":"원할머니보쌈 족발","permalink":"","username":"asdfg","text":"맛있어요^^나중에도 또이용 할께요","date":"Mon Dec 10 23:59:44 +0000 2018","retweets":"30","favorites":"20","mentions":[],"hashtags":[],"geo":"","raw":"맛있어요^^나중에도 또이용 할께요","polarity":{"com":0.00178571425,"pos":0.5535714285,"neg":0.33214285725000003,"neut":0.0035714285,"none":0.1089285715},"intensity":{"high":0.11904761902976188,"low":0.11190476177797617,"meium":0.6601190476650297,"none":0.10892857152723213},"expressive":{"dir-action":0,"dir-explicit":0.046428571488392856,"dir-speech":0.6583333330854166,"indirect":0.1880952382029762,"writing-device":0.10714285722321429}},{"id":"원할머니보쌈 족발","permalink":"","username":"asdfg","text":"맛나요:@","date":"Mon Dec 10 23:59:44 +0000 2018","retweets":"30","favorites":"20","mentions":[],"hashtags":[],"geo":"","raw":"맛나요:@@@@@@@@@@@@","polarity":{"com":0,"pos":1,"neg":0,"neut":0,"none":0},"intensity":{"high":0,"low":0,"meium":1,"none":0},"expressive":{"dir-action":0,"dir-explicit":0,"dir-speech":1,"indirect":0,"writing-device":0}},{"id":"원할머니보쌈 족발","permalink":"","username":"asdfg","text":"항상 맛있게먹어요~\n둘이서 먹기에 중사이즈는 살짝많고 소사이즈는 살짝 적고 그러네요ㅎ\n중사이즈부터는 막국수까지줘서 날잡고먹어요","date":"Mon Dec 10 23:59:44 +0000 2018","retweets":"30","favorites":"20","mentions":[],"hashtags":[],"geo":"","raw":"항상 맛있게먹어요~\n둘이서 먹기에 중사이즈는 살짝많고 소사이즈는 살짝 적고 그러네요ㅎ\n중사이즈부터는 막국수까지줘서 날잡고먹어요","polarity":{"com":0.04083361570173083,"pos":0.31978627253533526,"neg":0.47430147595560807,"neut":0.03209986716125381,"none":0.13297876864607203},"intensity":{"high":0.07165626940115145,"low":0.13661206303152584,"meium":0.654917527304981,"none":0.13681414026234173},"expressive":{"dir-action":0.00033886815392435415,"dir-explicit":0.32073863699709354,"dir-speech":0.48064013511091697,"indirect":0.05780521578257043,"writing-device":0.14047714395549474}},{"id":"원할머니보쌈 족발","permalink":"","username":"asdfg","text":"비계없는부분으루 주문했더니 다 잘라주셔서 수고많으셨어요^^ ","date":"Mon Dec 10 23:59:44 +0000 2018","retweets":"30","favorites":"20","mentions":[],"hashtags":[],"geo":"","raw":"비계없는부분으루 주문했더니 다 잘라주셔서 수고많으셨어요^^ ","polarity":{"com":0.0038834952000000008,"pos":0.5618947114,"neg":0.23149008020000003,"neut":0.11840439,"none":0.08432732320000001},"intensity":{"high":0.1539769643692046,"low":0.16289573656742085,"meium":0.5968582282806284,"none":0.08626907078274618},"expressive":{"dir-action":0,"dir-explicit":0.475499005,"dir-speech":0.3433395646,"indirect":0.0910088644,"writing-device":0.09015256599999999}},{"id":"원할머니보쌈 족발","permalink":"","username":"asdfg","text":"굿굿 맛있습니다*^^*","date":"Mon Dec 10 23:59:44 +0000 2018","retweets":"30","favorites":"20","mentions":[],"hashtags":[],"geo":"","raw":"굿굿 맛있습니다*^^*","polarity":{"com":0,"pos":0.5,"neg":0.5,"neut":0,"none":0},"intensity":{"high":0,"low":0,"meium":1,"none":0},"expressive":{"dir-action":0,"dir-explicit":0,"dir-speech":0.5,"indirect":0.5,"writing-device":0}},{"id":"원할머니보쌈 족발","permalink":"","username":"asdfg","text":"솜씨보쌈 작은거 시켰는데 둘이먹기 양이딱 살짝 부족한듯 적당합니다 원할머니는 보쌈이 항상 맛있어서 믿고먹으니 시켜도 부담이 없어요 ","date":"Mon Dec 10 23:59:44 +0000 2018","retweets":"30","favorites":"20","mentions":[],"hashtags":[],"geo":"","raw":"솜씨보쌈 작은거 시켰는데 둘이먹기 양이딱 살짝 부족한듯 적당합니다 원할머니는 보쌈이 항상 맛있어서 믿고먹으니 시켜도 부담이 없어요 ","polarity":{"com":0.006121288000437236,"pos":0.4132870298152348,"neg":0.5013764371786699,"neut":0.02656416514475458,"none":0.05265107986090366},"intensity":{"high":0.04777139521769796,"low":0.1578191277255585,"meium":0.7409145704100653,"none":0.053494906646678206},"expressive":{"dir-action":0.0008438267858348324,"dir-explicit":0.24651670046378812,"dir-speech":0.4148928302021275,"indirect":0.23857541289122508,"writing-device":0.09917122965702443}},{"id":"원할머니보쌈 족발","permalink":"","username":"asdfg","text":"의외로맛있고 좋았던것 같아요","date":"Mon Dec 10 23:59:44 +0000 2018","retweets":"30","favorites":"20","mentions":[],"hashtags":[],"geo":"","raw":"의외로맛있고 좋았던것 같아요","polarity":{"com":0,"pos":0.3369696968876768,"neg":0.46787878784404047,"neut":0.030303030323232324,"none":0.16484848494505053},"intensity":{"high":0.06666666666666667,"low":0.013333333333333336,"meium":0.755151515,"none":0.164848485},"expressive":{"dir-action":0,"dir-explicit":0.29090909090303035,"dir-speech":0.4606060605131313,"indirect":0.0836363636387879,"writing-device":0.16484848494505053}},{"id":"원할머니보쌈 족발","permalink":"","username":"asdfg","text":"맛있어요.\n역시 보족은 원할머니죠","date":"Mon Dec 10 23:59:44 +0000 2018","retweets":"30","favorites":"20","mentions":[],"hashtags":[],"geo":"","raw":"맛있어요.\n역시 보족은 원할머니죠","polarity":{"com":0.005649717668549907,"pos":0.22975517874325171,"neg":0.5197740115065913,"neut":0.12241054604080352,"none":0.12241054604080352},"intensity":{"high":0.03389830502259887,"low":0.1563088511042059,"meium":0.6873822977915883,"none":0.12241054608160705},"expressive":{"dir-action":0,"dir-explicit":0.2015065914005022,"dir-speech":0.6308851225436284,"indirect":0.04519774001506591,"writing-device":0.12241054604080352}},{"id":"원할머니보쌈 족발","permalink":"","username":"asdfg","text":"원할머니보쌈은..\n늘 맛있어요~~\n","date":"Mon Dec 10 23:59:44 +0000 2018","retweets":"30","favorites":"20","mentions":[],"hashtags":[],"geo":"","raw":"원할머니보쌈은..\n늘 맛있어요~~\n","polarity":{"com":0.00423728825,"pos":0.53898305075,"neg":0.4398305085,"neut":0.00847457625,"none":0.00847457625},"intensity":{"high":0.07542372876885593,"low":0.08389830502097459,"meium":0.8322033899580509,"none":0.008474576252118643},"expressive":{"dir-action":0,"dir-explicit":0.21779661025,"dir-speech":0.4398305085,"indirect":0.333898305,"writing-device":0.00847457625}},{"id":"원할머니보쌈 족발","permalink":"","username":"asdfg","text":"여기는 매우 마싯숨ㅋ 난 족발덕후 ㅋ 캬캬 ","date":"Mon Dec 10 23:59:44 +0000 2018","retweets":"30","favorites":"20","mentions":[],"hashtags":[],"geo":"","raw":"여기는 매우 마싯숨ㅋ 난 족발덕후 ㅋ 캬캬 ","polarity":{"com":0,"pos":0.8333333333333334,"neg":0.16666666666666666,"neut":0,"none":0},"intensity":{"high":0.3333333333333333,"low":0,"meium":0.6666666666666666,"none":0},"expressive":{"dir-action":0,"dir-explicit":0.44444444433333335,"dir-speech":0.3333333333333333,"indirect":0.22222222233333333,"writing-device":0}},{"id":"원할머니보쌈 족발","permalink":"","username":"asdfg","text":"두명이 먹기에 딱 좋은 양이네요\n항상 너무 맛있어요 \n비싸긴하지만 깔끔하고 맛이있어 시키게되요","date":"Mon Dec 10 23:59:44 +0000 2018","retweets":"30","favorites":"20","mentions":[],"hashtags":[],"geo":"","raw":"두명이 먹기에 딱 좋은 양이네요\n항상 너무 맛있어요 \n비싸긴하지만 깔끔하고 맛이있어 시키게되요","polarity":{"com":0.009186420180147923,"pos":0.48626124309340707,"neg":0.3830275156576313,"neut":0.05139870835429114,"none":0.07012611271452254},"intensity":{"high":0.09061457242983237,"low":0.09177663897496999,"meium":0.7461647435237733,"none":0.07144404507142435},"expressive":{"dir-action":0.006368437454545454,"dir-explicit":0.3182062172727273,"dir-speech":0.4620178464545455,"indirect":0.13644305790909092,"writing-device":0.07696444090909091}},{"id":"원할머니보쌈 족발","permalink":"","username":"asdfg","text":"좀만 따뜻했으면 ㅠ\n멀어서 그런건 알겠지만 뻑살도 많은 수입육을 미지근하게 먹으니 목이 막히더군요... ","date":"Mon Dec 10 23:59:44 +0000 2018","retweets":"30","favorites":"20","mentions":[],"hashtags":[],"geo":"","raw":"좀만 따뜻했으면 ㅠ\n멀어서 그런건 알겠지만 뻑살도 많은 수입육을 미지근하게 먹으니 목이 막히더군요... ","polarity":{"com":0.004095004090536819,"pos":0.7238229965705616,"neg":0.24408706225053758,"neut":0.016727471271206596,"none":0.0112674658171575},"intensity":{"high":0.04157049609090909,"low":0.175961085,"meium":0.7709279528181819,"none":0.011540466090909085},"expressive":{"dir-action":0.09254709254545457,"dir-explicit":0.2626312261818182,"dir-speech":0.28634750454545455,"indirect":0.3381232472727273,"writing-device":0.020350929454545457}},{"id":"원할머니보쌈 족발","permalink":"","username":"asdfg","text":"항상 시켜먹지만 맛나요~\n보쌈엔 배추김치보다 무김치가 맛있는거같아요 ","date":"Mon Dec 10 23:59:44 +0000 2018","retweets":"30","favorites":"20","mentions":[],"hashtags":[],"geo":"","raw":"항상 시켜먹지만 맛나요~\n보쌈엔 배추김치보다 무김치가 맛있는거같아요 ","polarity":{"com":0.002976190500496031,"pos":0.5102513227517086,"neg":0.4398148149066358,"neut":0.029265873004877638,"none":0.017691798836281965},"intensity":{"high":0.050595238166666674,"low":0.09457671950000002,"meium":0.8356481481666667,"none":0.01917989416666667},"expressive":{"dir-action":0,"dir-explicit":0.20932539683333334,"dir-speech":0.5428240741666667,"indirect":0.06084656083333334,"writing-device":0.18700396816666667}},{"id":"원할머니보쌈 족발","permalink":"","username":"asdfg","text":"좋아요 맛있어요 양많아요        ","date":"Mon Dec 10 23:59:44 +0000 2018","retweets":"30","favorites":"20","mentions":[],"hashtags":[],"geo":"","raw":"좋아요 맛있어요 양많아요        ","polarity":{"com":0,"pos":0.43710144933333334,"neg":0.5350724636666666,"neut":0.014492753666666663,"none":0.013333333333333332},"intensity":{"high":0.1536231883845411,"low":0.08579710136193236,"meium":0.7472463769157488,"none":0.013333333337777779},"expressive":{"dir-action":0,"dir-explicit":0.373913043457971,"dir-speech":0.4724637681574879,"indirect":0.1402898550467633,"writing-device":0.013333333337777779}},{"id":"원할머니보쌈 족발","permalink":"","username":"asdfg","text":"항상 깔끔한용기에 포장되어와서 믿고 먹을수있어요\n야채나 고기 상태도 좋고 보쌈에서 가장 중요한 김치가 맛있어요\n떡에싸먹고 무김치얹어먹고 살짝 숨죽은 배추에 싸먹고 엄청 맛나요\n보쌈은 역시 원할머니!!","date":"Mon Dec 10 23:59:44 +0000 2018","retweets":"30","favorites":"20","mentions":[],"hashtags":[],"geo":"","raw":"항상 깔끔한용기에 포장되어와서 믿고 먹을수있어요\n야채나 고기 상태도 좋고 보쌈에서 가장 중요한 김치가 맛있어요\n떡에싸먹고 무김치얹어먹고 살짝 숨죽은 배추에 싸먹고 엄청 맛나요\n보쌈은 역시 원할머니!!","polarity":{"com":0.00552216119972389,"pos":0.5068312345746584,"neg":0.3951220468302439,"neut":0.04989130579750543,"none":0.04263325159786833},"intensity":{"high":0.11228494709438579,"low":0.10437147399478144,"meium":0.7383933184130804,"none":0.0449502604977525},"expressive":{"dir-action":0.0004727308000236365,"dir-explicit":0.25607905946280396,"dir-speech":0.43994148442199704,"indirect":0.2591104203129555,"writing-device":0.04439630500221981}},{"id":"원할머니보쌈 족발","permalink":"","username":"asdfg","text":"배고팠는대 야식으로 너무 잘먹었습니다!","date":"Mon Dec 10 23:59:44 +0000 2018","retweets":"30","favorites":"20","mentions":[],"hashtags":[],"geo":"","raw":"배고팠는대 야식으로 너무 잘먹었습니다!","polarity":{"com":0.0714285715,"pos":0.238095238,"neg":0.6904761905,"neut":0,"none":0},"intensity":{"high":0.126984127,"low":0.1825396825,"meium":0.6904761905,"none":0},"expressive":{"dir-action":0,"dir-explicit":0.3968253965,"dir-speech":0.531746032,"indirect":0.0714285715,"writing-device":0}},{"id":"원할머니보쌈 족발","permalink":"","username":"asdfg","text":"맛 배달상태 좋아요 잘먹었 습니다.\n","date":"Mon Dec 10 23:59:44 +0000 2018","retweets":"30","favorites":"20","mentions":[],"hashtags":[],"geo":"","raw":"맛 배달상태 좋아요 잘먹었 습니다.\n","polarity":{"com":0,"pos":0.6547619048849206,"neg":0.3214285714404762,"neut":0.023809523674603175,"none":0},"intensity":{"high":0.08333333333333333,"low":0.07142857133333333,"meium":0.8452380953333334,"none":0},"expressive":{"dir-action":0,"dir-explicit":0.07142857133333333,"dir-speech":0.4642857143333334,"indirect":0.4642857143333334,"writing-device":0}},{"id":"원할머니보쌈 족발","permalink":"","username":"asdfg","text":"배달 기막히게 빠르네요\n족발도 부드러워서 먹기 좋네요","date":"Mon Dec 10 23:59:44 +0000 2018","retweets":"30","favorites":"20","mentions":[],"hashtags":[],"geo":"","raw":"배달 기막히게 빠르네요\n족발도 부드러워서 먹기 좋네요","polarity":{"com":0.0014285714000000001,"pos":0.6935238094000001,"neg":0.20704761920000006,"neut":0.0028571428000000003,"none":0.09514285720000001},"intensity":{"high":0.0907936508,"low":0.1419682538,"meium":0.6720952382000001,"none":0.0951428572},"expressive":{"dir-action":0,"dir-explicit":0.20158730155968255,"dir-speech":0.45555555550888893,"indirect":0.2491428571501714,"writing-device":0.09371428578125714}},{"id":"원할머니보쌈 족발","permalink":"","username":"asdfg","text":"맛있고 배달이 빨라요..","date":"Mon Dec 10 23:59:44 +0000 2018","retweets":"30","favorites":"20","mentions":[],"hashtags":[],"geo":"","raw":"맛있고 배달이 빨라요..","polarity":{"com":0,"pos":0.3333333333333333,"neg":0.6666666666666666,"neut":0,"none":0},"intensity":{"high":0,"low":0.16666666666666666,"meium":0.8333333333333334,"none":0},"expressive":{"dir-action":0,"dir-explicit":0,"dir-speech":0.8333333333333334,"indirect":0.16666666666666666,"writing-device":0}},{"id":"원할머니보쌈 족발","permalink":"","username":"asdfg","text":"역시나 저번하고 족발은 위에만 보기 좋은\n심지어 이번엔 족발이 말라있고\n재탕한듯한 느낌","date":"Mon Dec 10 23:59:44 +0000 2018","retweets":"30","favorites":"20","mentions":[],"hashtags":[],"geo":"","raw":"역시나 저번하고 족발은 위에만 보기 좋은\n심지어 이번엔 족발이 말라있고\n재탕한듯한 느낌","polarity":{"com":0.009610648334401183,"pos":0.428596516269844,"neg":0.3836848355981872,"neut":0.04277600700475289,"none":0.13533199279281466},"intensity":{"high":0.13541530125231452,"low":0.130900568029089,"meium":0.5973847643549743,"none":0.13629936636362208},"expressive":{"dir-action":0.0019231680002136852,"dir-explicit":0.36355227848483923,"dir-speech":0.35294105481699345,"indirect":0.14399836123822202,"writing-device":0.13758513745973167}},{"id":"원할머니보쌈 족발","permalink":"","username":"asdfg","text":"___tmp___4월이벤트\n불닭발or낙지볶음 무료로준데요\n선택하시구 전화로미리꼭말씀해주세요\n단쿠폰중복사용은안돼요^^","date":"Mon Dec 10 23:59:44 +0000 2018","retweets":"30","favorites":"20","mentions":[],"hashtags":[],"geo":"","raw":"*****4월이벤트*****\n불닭발or낙지볶음 무료로준데요\n선택하시구 전화로미리꼭말씀해주세요\n단쿠폰중복사용은안돼요^^","polarity":{"com":0.002150537666905615,"pos":0.7351254480816806,"neg":0.13918757468213197,"neut":0.046356033449595116,"none":0.07718040611968671},"intensity":{"high":0.03405017922222223,"low":0.04994026277777778,"meium":0.8385902032222223,"none":0.07741935477777778},"expressive":{"dir-action":0.000716845889048188,"dir-explicit":0.2941457587320324,"dir-speech":0.13643966547476435,"indirect":0.4915173237758927,"writing-device":0.07718040612826231}},{"id":"원할머니보쌈 족발","permalink":"","username":"asdfg","text":"고기에 비계부분이 많아서 개인적으로 좀 느끼했어요\n글고 배추가 좀 짜서 한참 물에 담궈놨다 먹었네요\n담엔 참고해주세요","date":"Mon Dec 10 23:59:44 +0000 2018","retweets":"30","favorites":"20","mentions":[],"hashtags":[],"geo":"","raw":"고기에 비계부분이 많아서 개인적으로 좀 느끼했어요\n글고 배추가 좀 짜서 한참 물에 담궈놨다 먹었네요\n담엔 참고해주세요","polarity":{"com":0.0048706235004870625,"pos":0.45994760484599484,"neg":0.36938759123693876,"neut":0.13284317231328435,"none":0.032951008103295105},"intensity":{"high":0.07582989039241703,"low":0.10100261308989975,"meium":0.787959152121204,"none":0.035208344396479165},"expressive":{"dir-action":0.051794586605179445,"dir-explicit":0.1830850416183085,"dir-speech":0.5265361204526535,"indirect":0.20059766582005972,"writing-device":0.03798658550379865}},{"id":"원할머니보쌈 족발","permalink":"","username":"asdfg","text":"막국수먹고싶어서 주문했는데 괜찮아요 \n깔끔해요","date":"Mon Dec 10 23:59:44 +0000 2018","retweets":"30","favorites":"20","mentions":[],"hashtags":[],"geo":"","raw":"막국수먹고싶어서 주문했는데 괜찮아요 \n깔끔해요","polarity":{"com":0.008008007999999999,"pos":0.6486486486666666,"neg":0.32432432433333325,"neut":0.011011011,"none":0.008008007999999999},"intensity":{"high":0.075075075,"low":0.10210210199999999,"meium":0.813813814,"none":0.009009009},"expressive":{"dir-action":0.0010010010000000003,"dir-explicit":0.5115115113333334,"dir-speech":0.28928928933333337,"indirect":0.18918918933333334,"writing-device":0.009009009}},{"id":"원할머니보쌈 족발","permalink":"","username":"asdfg","text":"방금 시켜서 먹고 있는데..맛은 있어요..\n족발은 성의가 없는듯 해요..위에만 보기 좋게 덥어 놨어요","date":"Mon Dec 10 23:59:44 +0000 2018","retweets":"30","favorites":"20","mentions":[],"hashtags":[],"geo":"","raw":"방금 시켜서 먹고 있는데..맛은 있어요..\n족발은 성의가 없는듯 해요..위에만 보기 좋게 덥어 놨어요","polarity":{"com":0.0025877723997412227,"pos":0.42263290275773674,"neg":0.48155918755184407,"neut":0.012516814698748319,"none":0.08070332259192967},"intensity":{"high":0.11241155500000001,"low":0.07291646490000002,"meium":0.7339686575000001,"none":0.0807033226},"expressive":{"dir-action":0.049999999995,"dir-explicit":0.3012059456698794,"dir-speech":0.37424569546257547,"indirect":0.19384503628061547,"writing-device":0.08070332259192967}},{"id":"원할머니보쌈 족발","permalink":"","username":"asdfg","text":"깔끔하고 맛나요~^^","date":"Mon Dec 10 23:59:44 +0000 2018","retweets":"30","favorites":"20","mentions":[],"hashtags":[],"geo":"","raw":"깔끔하고 맛나요~^^","polarity":{"com":0.012012012,"pos":0.8063063065,"neg":0.153153153,"neut":0.0165165165,"none":0.012012012},"intensity":{"high":0.057057057,"low":0.042042042,"meium":0.8873873875,"none":0.0135135135},"expressive":{"dir-action":0.0015015015000000005,"dir-explicit":0.15615615600000002,"dir-speech":0.5450450450000001,"indirect":0.28378378400000004,"writing-device":0.013513513500000003}},{"id":"원할머니보쌈 족발","permalink":"","username":"asdfg","text":"배달서비스제로임 짜증내면서줌","date":"Mon Dec 10 23:59:44 +0000 2018","retweets":"30","favorites":"20","mentions":[],"hashtags":[],"geo":"","raw":"배달서비스제로임 짜증내면서줌","polarity":{"com":0.03030303033333333,"pos":0.696969697,"neg":0.2575757576666667,"neut":0,"none":0.015151514999999999},"intensity":{"high":0.09848484836616161,"low":0.0871212120290404,"meium":0.7992424245997474,"none":0.015151515005050502},"expressive":{"dir-action":0,"dir-explicit":0.2575757576666667,"dir-speech":0.4053030303333333,"indirect":0.321969697,"writing-device":0.015151514999999999}},{"id":"원할머니보쌈 족발","permalink":"","username":"asdfg","text":"빠른 배달 좋았구요~ 원할머니 보쌈!!\n역시 실망시키지 않네요~ 맛있었어요^^","date":"Mon Dec 10 23:59:44 +0000 2018","retweets":"30","favorites":"20","mentions":[],"hashtags":[],"geo":"","raw":"빠른 배달 좋았구요~ 원할머니 보쌈!!\n역시 실망시키지 않네요~ 맛있었어요^^","polarity":{"com":0,"pos":0.6698412697339684,"neg":0.19682539703936508,"neut":0.06666666661333334,"none":0.06666666661333334},"intensity":{"high":0.0904761906,"low":0.17301587300000001,"meium":0.6698412698,"none":0.06666666660000001},"expressive":{"dir-action":0.011111111202222222,"dir-explicit":0.23015873024603176,"dir-speech":0.3111111110622223,"indirect":0.3809523808761905,"writing-device":0.06666666661333334}},{"id":"원할머니보쌈 족발","permalink":"","username":"asdfg","text":"배달도 빠르고 맛 좋습니다^^","date":"Mon Dec 10 23:59:44 +0000 2018","retweets":"30","favorites":"20","mentions":[],"hashtags":[],"geo":"","raw":"배달도 빠르고 맛 좋습니다^^","polarity":{"com":0,"pos":1,"neg":0,"neut":0,"none":0},"intensity":{"high":0,"low":0.111111111,"meium":0.888888889,"none":0},"expressive":{"dir-action":0,"dir-explicit":0,"dir-speech":0.6666666666666666,"indirect":0.3333333333333333,"writing-device":0}},{"id":"원할머니보쌈 족발","permalink":"","username":"asdfg","text":"원쌈 맛있어요 ㅋㅋㅋㅋㅋㅋ","date":"Mon Dec 10 23:59:44 +0000 2018","retweets":"30","favorites":"20","mentions":[],"hashtags":[],"geo":"","raw":"원쌈 맛있어요 ㅋㅋㅋㅋㅋㅋ","polarity":{"com":0,"pos":0,"neg":1,"neut":0,"none":0},"intensity":{"high":0,"low":0,"meium":1,"none":0},"expressive":{"dir-action":0,"dir-explicit":0,"dir-speech":1,"indirect":0,"writing-device":0}},{"id":"원할머니보쌈 족발","permalink":"","username":"asdfg","text":"맛있어오 비싸긴해요 ㅋㅋㅋ","date":"Mon Dec 10 23:59:44 +0000 2018","retweets":"30","favorites":"20","mentions":[],"hashtags":[],"geo":"","raw":"맛있어오 비싸긴해요 ㅋㅋㅋ","polarity":{"com":0.005747126500000001,"pos":0.16091954000000003,"neg":0.5344827590000001,"neut":0.20114942500000002,"none":0.09770114950000001},"intensity":{"high":0.057471264471264376,"low":0.2298850573850575,"meium":0.6091954021954024,"none":0.10344827594827588},"expressive":{"dir-action":0.005747126502873563,"dir-explicit":0.41379310370689654,"dir-speech":0.3735632181867817,"indirect":0.09195402304597701,"writing-device":0.11494252855747127}},{"id":"원할머니보쌈 족발","permalink":"","username":"asdfg","text":"늘 배달은 여기서 시켜요","date":"Mon Dec 10 23:59:44 +0000 2018","retweets":"30","favorites":"20","mentions":[],"hashtags":[],"geo":"","raw":"늘 배달은 여기서 시켜요","polarity":{"com":0,"pos":0.75,"neg":0.25,"neut":0,"none":0},"intensity":{"high":0,"low":0,"meium":1,"none":0},"expressive":{"dir-action":0,"dir-explicit":0,"dir-speech":1,"indirect":0,"writing-device":0}},{"id":"원할머니보쌈 족발","permalink":"","username":"asdfg","text":"ㅎ엉어너나우ㅐ우어너노냐응ㄴㅇㄹㄹ","date":"Mon Dec 10 23:59:44 +0000 2018","retweets":"30","favorites":"20","mentions":[],"hashtags":[],"geo":"","raw":"ㅎ엉어너나우ㅐ우어너노냐응ㄴㅇㄹㄹ","polarity":{"com":0,"pos":0.142857143,"neg":0.3214285715,"neut":0,"none":0.5357142855},"intensity":{"high":0.0714285715,"low":0,"meium":0.142857143,"none":0.7857142855},"expressive":{"dir-action":0,"dir-explicit":0.0714285715,"dir-speech":0,"indirect":0.142857143,"writing-device":0.7857142855}},{"id":"원할머니보쌈 족발","permalink":"","username":"asdfg","text":"불족 맛있었습니다\n또 시켜먹으려구요 ㅎ","date":"Mon Dec 10 23:59:44 +0000 2018","retweets":"30","favorites":"20","mentions":[],"hashtags":[],"geo":"","raw":"불족 맛있었습니다\n또 시켜먹으려구요 ㅎ","polarity":{"com":0,"pos":0.1190476189702381,"neg":0.7738095238065477,"neut":0,"none":0.1071428572232143},"intensity":{"high":0.02777777775,"low":0.0555555555,"meium":0.8095238095,"none":0.10714285725},"expressive":{"dir-action":0,"dir-explicit":0.34126984125000004,"dir-speech":0.515873016,"indirect":0,"writing-device":0.14285714275}},{"id":"원할머니보쌈 족발","permalink":"","username":"asdfg","text":"맛있어요~ 냄새안나고 좋아요","date":"Mon Dec 10 23:59:44 +0000 2018","retweets":"30","favorites":"20","mentions":[],"hashtags":[],"geo":"","raw":"맛있어요~ 냄새안나고 좋아요","polarity":{"com":0,"pos":0.4085714285,"neg":0.5814285715,"neut":0,"none":0.01},"intensity":{"high":0.31785714275,"low":0.01,"meium":0.66214285725,"none":0.01},"expressive":{"dir-action":0,"dir-explicit":0.20357142849999998,"dir-speech":0.33571428575,"indirect":0.45071428575,"writing-device":0.01}},{"id":"원할머니보쌈 족발","permalink":"","username":"asdfg","text":"냉채족발 맛있어요~~~~~~~","date":"Mon Dec 10 23:59:44 +0000 2018","retweets":"30","favorites":"20","mentions":[],"hashtags":[],"geo":"","raw":"냉채족발 맛있어요~~~~~~~","polarity":{"com":0,"pos":0,"neg":1,"neut":0,"none":0},"intensity":{"high":0,"low":0,"meium":1,"none":0},"expressive":{"dir-action":0,"dir-explicit":0,"dir-speech":1,"indirect":0,"writing-device":0}},{"id":"원할머니보쌈 족발","permalink":"","username":"asdfg","text":"새싹 막국수 짱입니다요ㅋ","date":"Mon Dec 10 23:59:44 +0000 2018","retweets":"30","favorites":"20","mentions":[],"hashtags":[],"geo":"","raw":"새싹 막국수 짱입니다요ㅋ","polarity":{"com":0.022875817,"pos":0.385620915,"neg":0.277777778,"neut":0.091503268,"none":0.222222222},"intensity":{"high":0.12745098012745096,"low":0.08169934608169935,"meium":0.5686274515686275,"none":0.2222222222222222},"expressive":{"dir-action":0,"dir-explicit":0.418300654,"dir-speech":0.202614379,"indirect":0.137254902,"writing-device":0.241830065}},{"id":"원할머니보쌈 족발","permalink":"","username":"asdfg","text":"원할머니목동점에서\n\n택1 순하리 처음처럼\n\n택2 저탄산 음료 마운틴듀\n\n주문하실때꼭말씀해주세요\n단소진시까지이며쿠폰중복사용불가","date":"Mon Dec 10 23:59:44 +0000 2018","retweets":"30","favorites":"20","mentions":[],"hashtags":[],"geo":"","raw":"원할머니목동점에서\n\n택1 순하리 처음처럼\n\n택2 저탄산 음료 마운틴듀\n\n주문하실때꼭말씀해주세요\n단소진시까지이며쿠폰중복사용불가","polarity":{"com":0.020408163285714282,"pos":0.5200989487142857,"neg":0.15986394557142852,"neut":0.13419913414285714,"none":0.16542980828571427},"intensity":{"high":0.03246753243320965,"low":0.09307359301329624,"meium":0.702535559814648,"none":0.1719233147388462},"expressive":{"dir-action":0,"dir-explicit":0.36549165133792744,"dir-speech":0.24520717374931533,"indirect":0.2173778601739111,"writing-device":0.1719233147388462}},{"id":"원할머니보쌈 족발","permalink":"","username":"asdfg","text":"5월8일 어버이날 감사이벤트!\n목동점에서 친환경 종이화분 에코팟 을드려요!\n주문시 꼭! 화분주세요라고해주세요!\n-단,구폰중복사용및모바일결제시혜택불가\n 소진시까지입니다.","date":"Mon Dec 10 23:59:44 +0000 2018","retweets":"30","favorites":"20","mentions":[],"hashtags":[],"geo":"","raw":"5월8일 어버이날 감사이벤트!\n목동점에서 친환경 종이화분 에코팟 을드려요!\n주문시 꼭! 화분주세요라고해주세요!\n-단,구폰중복사용및모바일결제시혜택불가\n 소진시까지입니다.","polarity":{"com":0.002709606166892467,"pos":0.4776571242898048,"neg":0.2683620140223635,"neut":0.12186324251015528,"none":0.129408013010784},"intensity":{"high":0.15770394216666667,"low":0.051611564500000005,"meium":0.5731974138333334,"none":0.2174870795},"expressive":{"dir-action":0.14109799464212414,"dir-explicit":0.2861258594525524,"dir-speech":0.21126181033802574,"indirect":0.22494438009372683,"writing-device":0.13656995547357081}},{"id":"원할머니보쌈 족발","permalink":"","username":"asdfg","text":"맛나게 먹었네요.\n전화도 친절하게 받으시구.\n번창하세요","date":"Mon Dec 10 23:59:44 +0000 2018","retweets":"30","favorites":"20","mentions":[],"hashtags":[],"geo":"","raw":"맛나게 먹었네요.\n전화도 친절하게 받으시구.\n번창하세요","polarity":{"com":0.007741935599999997,"pos":0.5763440857999999,"neg":0.3647311827999999,"neut":0.04000000019999999,"none":0.011182795599999996},"intensity":{"high":0.10394265220000001,"low":0.1167025088,"meium":0.7673118282,"none":0.0120430108},"expressive":{"dir-action":0.0025806452,"dir-explicit":0.2474551972,"dir-speech":0.2992114696,"indirect":0.43956989239999994,"writing-device":0.0111827956}},{"id":"원할머니보쌈 족발","permalink":"","username":"asdfg","text":"굿 굿 굿 굿 굿 굿 굿 굿 굿 굿 굿 굿 굿 굿 굿 굿 굿 굿 굿 굿 굿 굿 굿 굿","date":"Mon Dec 10 23:59:44 +0000 2018","retweets":"30","favorites":"20","mentions":[],"hashtags":[],"geo":"","raw":"굿 굿 굿 굿 굿 굿 굿 굿 굿 굿 굿 굿 굿 굿 굿 굿 굿 굿 굿 굿 굿 굿 굿 굿","polarity":{"com":0,"pos":1,"neg":0,"neut":0,"none":0},"intensity":{"high":0,"low":0,"meium":1,"none":0},"expressive":{"dir-action":0,"dir-explicit":0,"dir-speech":0,"indirect":1,"writing-device":0}},{"id":"원할머니보쌈 족발","permalink":"","username":"asdfg","text":"굿 굿 굿 굿 굿 굿 굿 굿 굿 굿 굿 굿 굿 굿 굿 굿 굿 굿 굿 굿 굿 굿 굿 굿","date":"Mon Dec 10 23:59:44 +0000 2018","retweets":"30","favorites":"20","mentions":[],"hashtags":[],"geo":"","raw":"굿 굿 굿 굿 굿 굿 굿 굿 굿 굿 굿 굿 굿 굿 굿 굿 굿 굿 굿 굿 굿 굿 굿 굿","polarity":{"com":0,"pos":1,"neg":0,"neut":0,"none":0},"intensity":{"high":0,"low":0,"meium":1,"none":0},"expressive":{"dir-action":0,"dir-explicit":0,"dir-speech":0,"indirect":1,"writing-device":0}},{"id":"원할머니보쌈 족발","permalink":"","username":"asdfg","text":"원할머니 보쌈은 어디나 맛있죠 뭐 ","date":"Mon Dec 10 23:59:44 +0000 2018","retweets":"30","favorites":"20","mentions":[],"hashtags":[],"geo":"","raw":"원할머니 보쌈은 어디나 맛있죠 뭐 ","polarity":{"com":0.0042372882499999995,"pos":0.4282687649999999,"neg":0.34518765149999997,"neut":0.008474576249999997,"none":0.21383171899999995},"intensity":{"high":0.13256658603314164,"low":0.19461259079865315,"meium":0.4589891041147473,"none":0.21383171905345796},"expressive":{"dir-action":0,"dir-explicit":0.21065375325,"dir-speech":0.3273305085,"indirect":0.24818401925,"writing-device":0.213831719}},{"id":"원할머니보쌈 족발","permalink":"","username":"asdfg","text":"반짝 이벤트\n2월14일 발렌타인데이에\n키세스 아몬드 초콜릿드려요\n목동점 에서 당일하루 소진시까지!","date":"Mon Dec 10 23:59:44 +0000 2018","retweets":"30","favorites":"20","mentions":[],"hashtags":[],"geo":"","raw":"반짝 이벤트\n2월14일 발렌타인데이에\n키세스 아몬드 초콜릿드려요\n목동점 에서 당일하루 소진시까지!","polarity":{"com":0.03333333333333333,"pos":0.4772727273333333,"neg":0.212121212,"neut":0.03333333333333333,"none":0.243939394},"intensity":{"high":0.17878787872626264,"low":0.06515151502171716,"meium":0.49696969716565653,"none":0.2590909090863637},"expressive":{"dir-action":0,"dir-explicit":0.2969696970989899,"dir-speech":0.22878787874292927,"indirect":0.21515151507171715,"writing-device":0.2590909090863636}},{"id":"원할머니보쌈 족발","permalink":"","username":"asdfg","text":"아~~~양말 못받았네ㅜㅜ","date":"Mon Dec 10 23:59:44 +0000 2018","retweets":"30","favorites":"20","mentions":[],"hashtags":[],"geo":"","raw":"아~~~양말 못받았네ㅜㅜ","polarity":{"com":0,"pos":0.375,"neg":0.625,"neut":0,"none":0},"intensity":{"high":0.375,"low":0,"meium":0.625,"none":0},"expressive":{"dir-action":0,"dir-explicit":0.25,"dir-speech":0.25,"indirect":0.5,"writing-device":0}},{"id":"원할머니보쌈 족발","permalink":"","username":"asdfg","text":"맛나요 ㅋ 보쌈 ㅋ \n꾸준히 시켜 먹어요 ㅋ ","date":"Mon Dec 10 23:59:44 +0000 2018","retweets":"30","favorites":"20","mentions":[],"hashtags":[],"geo":"","raw":"맛나요 ㅋ 보쌈 ㅋ \n꾸준히 시켜 먹어요 ㅋ ","polarity":{"com":0,"pos":0.611111111,"neg":0.38888888899999996,"neut":0,"none":0},"intensity":{"high":0.037037037,"low":0.074074074,"meium":0.888888889,"none":0},"expressive":{"dir-action":0,"dir-explicit":0.074074074,"dir-speech":0.7592592593333333,"indirect":0.16666666666666666,"writing-device":0}},{"id":"원할머니보쌈 족발","permalink":"","username":"asdfg","text":"쏘주랑 사이다암것도 안주는데ㅡㅡ","date":"Mon Dec 10 23:59:44 +0000 2018","retweets":"30","favorites":"20","mentions":[],"hashtags":[],"geo":"","raw":"쏘주랑 사이다암것도 안주는데ㅡㅡ","polarity":{"com":0,"pos":0.2587301586293651,"neg":0.553968254276984,"neut":0.04761904752380952,"none":0.13968253956984128},"intensity":{"high":0.11587301600000002,"low":0.11904761900000001,"meium":0.6253968255000001,"none":0.13968253950000004},"expressive":{"dir-action":0,"dir-explicit":0.0793650795,"dir-speech":0.7333333335000001,"indirect":0.0396825395,"writing-device":0.1476190475}},{"id":"원할머니보쌈 족발","permalink":"","username":"asdfg","text":"맛있나요?첨이라...","date":"Mon Dec 10 23:59:44 +0000 2018","retweets":"30","favorites":"20","mentions":[],"hashtags":[],"geo":"","raw":"맛있나요?첨이라...","polarity":{"com":0.0114379085,"pos":0.1928104575,"neg":0.638888889,"neut":0.045751634,"none":0.111111111},"intensity":{"high":0.06372549003186273,"low":0.04084967302042484,"meium":0.7843137258921569,"none":0.11111111105555554},"expressive":{"dir-action":0,"dir-explicit":0.209150327,"dir-speech":0.6013071895,"indirect":0.068627451,"writing-device":0.1209150325}},{"id":"원할머니보쌈 족발","permalink":"","username":"asdfg","text":"오늘도 시켜먹음...","date":"Mon Dec 10 23:59:44 +0000 2018","retweets":"30","favorites":"20","mentions":[],"hashtags":[],"geo":"","raw":"오늘도 시켜먹음...","polarity":{"com":0.0035714285000000004,"pos":0.27380952350000004,"neg":0.49761904800000006,"neut":0.007142857000000001,"none":0.21785714300000003},"intensity":{"high":0.126984127,"low":0.168253968,"meium":0.486904762,"none":0.217857143},"expressive":{"dir-action":0,"dir-explicit":0.20396825389801587,"dir-speech":0.5388888887305555,"indirect":0.042857142978571426,"writing-device":0.21428571439285712}},{"id":"원할머니보쌈 족발","permalink":"","username":"asdfg","text":"항상 시켜먹던거라... ","date":"Mon Dec 10 23:59:44 +0000 2018","retweets":"30","favorites":"20","mentions":[],"hashtags":[],"geo":"","raw":"항상 시켜먹던거라... ","polarity":{"com":0,"pos":0.44444444433333335,"neg":0.5555555556666666,"neut":0,"none":0},"intensity":{"high":0.037037037,"low":0.074074074,"meium":0.888888889,"none":0},"expressive":{"dir-action":0,"dir-explicit":0.24074074066666665,"dir-speech":0.5925925926666666,"indirect":0,"writing-device":0.16666666666666666}},{"id":"원할머니보쌈 족발","permalink":"","username":"asdfg","text":"배달 빠른편이고 포장깔끔해요","date":"Mon Dec 10 23:59:44 +0000 2018","retweets":"30","favorites":"20","mentions":[],"hashtags":[],"geo":"","raw":"배달 빠른편이고 포장깔끔해요","polarity":{"com":0.006006006,"pos":0.55940315325,"neg":0.2953265765,"neut":0.13325825825,"none":0.006006006},"intensity":{"high":0.0285285285,"low":0.208521021,"meium":0.75619369375,"none":0.00675675675},"expressive":{"dir-action":0.0007507507500000002,"dir-explicit":0.45307807800000005,"dir-speech":0.27252252250000003,"indirect":0.266891892,"writing-device":0.0067567567500000005}},{"id":"원할머니보쌈 족발","permalink":"","username":"asdfg","text":"맛이좋습니다ㅋㅋㅋ친절함","date":"Mon Dec 10 23:59:44 +0000 2018","retweets":"30","favorites":"20","mentions":[],"hashtags":[],"geo":"","raw":"맛이좋습니다ㅋㅋㅋ친절함","polarity":{"com":0,"pos":0.9733333333333333,"neg":0.013333333333333327,"neut":0,"none":0.01333333333333333},"intensity":{"high":0.06666666666666667,"low":0.013333333333333336,"meium":0.9066666666666666,"none":0.013333333333333336},"expressive":{"dir-action":0,"dir-explicit":0.5333333333333333,"dir-speech":0.39999999999999997,"indirect":0.053333333333333344,"writing-device":0.01333333333333333}},{"id":"원할머니보쌈 족발","permalink":"","username":"asdfg","text":"모바일로주문했어요~\n커플원쌈 잘먹을게요~\n근데 젓가락이안옴ㅋ","date":"Mon Dec 10 23:59:44 +0000 2018","retweets":"30","favorites":"20","mentions":[],"hashtags":[],"geo":"","raw":"모바일로주문했어요~\n커플원쌈 잘먹을게요~\n근데 젓가락이안옴ㅋ","polarity":{"com":0,"pos":0.8214285714553572,"neg":0.16071428579017857,"neut":0.017857142754464286,"none":0},"intensity":{"high":0.07142857150000001,"low":0.08928571425000001,"meium":0.8392857142500001,"none":0},"expressive":{"dir-action":0,"dir-explicit":0.41071428575,"dir-speech":0.28571428575,"indirect":0.30357142849999996,"writing-device":0}},{"id":"원할머니보쌈 족발","permalink":"","username":"asdfg","text":"방금시킨 솜씨보쌈~야채더달라했더니\n친절하시게 한박스더주시더라고요감사합니다~^^","date":"Mon Dec 10 23:59:44 +0000 2018","retweets":"30","favorites":"20","mentions":[],"hashtags":[],"geo":"","raw":"방금시킨 솜씨보쌈~야채더달라했더니\n친절하시게 한박스더주시더라고요감사합니다~^^","polarity":{"com":0.005292918125,"pos":0.624444498,"neg":0.2575834395,"neut":0.04946438075,"none":0.063214763625},"intensity":{"high":0.23552034453667986,"low":0.07480889947194666,"meium":0.6233136118912574,"none":0.06635714410011608},"expressive":{"dir-action":0.010624459377656114,"dir-explicit":0.3726535255931634,"dir-speech":0.3691409670922852,"indirect":0.1757455947939364,"writing-device":0.07183545314295887}},{"id":"원할머니보쌈 족발","permalink":"","username":"asdfg","text":"방금시킨 솜씨보쌈~~\n맛있어요 ㅋㅋ","date":"Mon Dec 10 23:59:44 +0000 2018","retweets":"30","favorites":"20","mentions":[],"hashtags":[],"geo":"","raw":"방금시킨 솜씨보쌈~~\n맛있어요 ㅋㅋ","polarity":{"com":0,"pos":0.4814814813333333,"neg":0.5185185186666667,"neut":0,"none":0},"intensity":{"high":0.055555555648148146,"low":0.018518518660493827,"meium":0.925925925691358,"none":0},"expressive":{"dir-action":0.018518518666666664,"dir-explicit":0.4629629629999999,"dir-speech":0.4074074073333333,"indirect":0.11111111099999998,"writing-device":0}},{"id":"원할머니보쌈 족발","permalink":"","username":"asdfg","text":"새싹 막국수 최고예요ㅋㅋ","date":"Mon Dec 10 23:59:44 +0000 2018","retweets":"30","favorites":"20","mentions":[],"hashtags":[],"geo":"","raw":"새싹 막국수 최고예요ㅋㅋ","polarity":{"com":0,"pos":1,"neg":0,"neut":0,"none":0},"intensity":{"high":1,"low":0,"meium":0,"none":0},"expressive":{"dir-action":0,"dir-explicit":0,"dir-speech":0,"indirect":1,"writing-device":0}},{"id":"원할머니보쌈 족발","permalink":"","username":"asdfg","text":"두번 시켜먹어봤어요ㅎㅎ\n고기도 괜찮지만 김치가 맛나더라구요?\n괜찮아요ㅎㅎ","date":"Mon Dec 10 23:59:44 +0000 2018","retweets":"30","favorites":"20","mentions":[],"hashtags":[],"geo":"","raw":"두번 시켜먹어봤어요ㅎㅎ\n고기도 괜찮지만 김치가 맛나더라구요?\n괜찮아요ㅎㅎ","polarity":{"com":0,"pos":0.19444444433333333,"neg":0.43055555566666665,"neut":0.375,"none":0},"intensity":{"high":0.162037037,"low":0.074074074,"meium":0.763888889,"none":0},"expressive":{"dir-action":0,"dir-explicit":0.15740740733333333,"dir-speech":0.800925926,"indirect":0.041666666666666664,"writing-device":0}},{"id":"원할머니보쌈 족발","permalink":"","username":"asdfg","text":"솜씨보쌈 맛나요 ㅋ \n배달도 빠르고 ㅋ \n","date":"Mon Dec 10 23:59:44 +0000 2018","retweets":"30","favorites":"20","mentions":[],"hashtags":[],"geo":"","raw":"솜씨보쌈 맛나요 ㅋ \n배달도 빠르고 ㅋ \n","polarity":{"com":0,"pos":1,"neg":0,"neut":0,"none":0},"intensity":{"high":0,"low":0.08333333325,"meium":0.91666666675,"none":0},"expressive":{"dir-action":0,"dir-explicit":0.25,"dir-speech":0.5,"indirect":0.25,"writing-device":0}}]