[{"id":"놀부보쌈-화랑대역점","permalink":"","username":"asdfg","text":"처음으로 시켜봤는데 맛있네요\n다음에도 또 시켜먹어야겠어요","date":"Mon Dec 10 23:59:44 +0000 2018","retweets":"30","favorites":"20","mentions":[],"hashtags":[],"geo":"","raw":"처음으로 시켜봤는데 맛있네요\n다음에도 또 시켜먹어야겠어요","polarity":{"com":0.037499999990625,"pos":0.1607142857098214,"neg":0.6535714285866072,"neut":0.0035714284991071425,"none":0.1446428572138393},"intensity":{"high":0.03571428575,"low":0.0285714285,"meium":0.7910714285,"none":0.14464285725},"expressive":{"dir-action":0,"dir-explicit":0.11785714294107144,"dir-speech":0.6821428569089286,"indirect":0.05714285722142858,"writing-device":0.14285714292857143}},{"id":"놀부보쌈-화랑대역점","permalink":"","username":"asdfg","text":"ㅁ맛있고 포장상태좋고 빠른배송감사해요^^","date":"Mon Dec 10 23:59:44 +0000 2018","retweets":"30","favorites":"20","mentions":[],"hashtags":[],"geo":"","raw":"ㅁ맛있고 포장상태좋고 빠른배송감사해요^^","polarity":{"com":0,"pos":0.609,"neg":0.383,"neut":0,"none":0.008},"intensity":{"high":0.24000000000000005,"low":0.1246666666,"meium":0.6273333334000001,"none":0.008000000000000002},"expressive":{"dir-action":0,"dir-explicit":0.21999999999999997,"dir-speech":0.43999999999999995,"indirect":0.33199999999999996,"writing-device":0.007999999999999998}},{"id":"놀부보쌈-화랑대역점","permalink":"","username":"asdfg","text":"예전하고 다르네요.. 많이 좋아졌어요","date":"Mon Dec 10 23:59:44 +0000 2018","retweets":"30","favorites":"20","mentions":[],"hashtags":[],"geo":"","raw":"예전하고 다르네요.. 많이 좋아졌어요","polarity":{"com":0,"pos":0.5555555555185185,"neg":0.2962962964320987,"neut":0.1481481480493827,"none":0},"intensity":{"high":0.11111111103703704,"low":0.29629629643209876,"meium":0.5925925925308643,"none":0},"expressive":{"dir-action":0,"dir-explicit":0.2962962963333333,"dir-speech":0.1851851853333333,"indirect":0.5185185183333334,"writing-device":0}},{"id":"놀부보쌈-화랑대역점","permalink":"","username":"asdfg","text":"배달도 빠르고 완전 맛있어요!","date":"Mon Dec 10 23:59:44 +0000 2018","retweets":"30","favorites":"20","mentions":[],"hashtags":[],"geo":"","raw":"배달도 빠르고 완전 맛있어요!","polarity":{"com":0,"pos":0.8333333333333334,"neg":0.16666666666666666,"neut":0,"none":0},"intensity":{"high":0,"low":0.111111111,"meium":0.888888889,"none":0},"expressive":{"dir-action":0,"dir-explicit":0.16666666666666666,"dir-speech":0.3333333333333333,"indirect":0.5,"writing-device":0}},{"id":"놀부보쌈-화랑대역점","permalink":"","username":"asdfg","text":"2인 보쌈 맛있어요","date":"Mon Dec 10 23:59:44 +0000 2018","retweets":"30","favorites":"20","mentions":[],"hashtags":[],"geo":"","raw":"2인 보쌈 맛있어요","polarity":{"com":0,"pos":0.5,"neg":0.5,"neut":0,"none":0},"intensity":{"high":0,"low":0.5,"meium":0.5,"none":0},"expressive":{"dir-action":0,"dir-explicit":0,"dir-speech":1,"indirect":0,"writing-device":0}},{"id":"놀부보쌈-화랑대역점","permalink":"","username":"asdfg","text":"족발은 놀부 항상 잘먹고 있어요","date":"Mon Dec 10 23:59:44 +0000 2018","retweets":"30","favorites":"20","mentions":[],"hashtags":[],"geo":"","raw":"족발은 놀부 항상 잘먹고 있어요","polarity":{"com":0.006469431,"pos":0.5071378125,"neg":0.34667574674999996,"neut":0.01740314775,"none":0.12231386200000001},"intensity":{"high":0.06436222076609054,"low":0.10284671777571167,"meium":0.7104771994276193,"none":0.12231386203057847},"expressive":{"dir-action":0,"dir-explicit":0.2974593085,"dir-speech":0.51061423875,"indirect":0.06961259075,"writing-device":0.12231386200000001}},{"id":"놀부보쌈-화랑대역점","permalink":"","username":"asdfg","text":"주말저녁인데 배달도 생각보다 빨리왔고 요청사항도 챙겨주시고 맛있게 잘 먹었습니다~","date":"Mon Dec 10 23:59:44 +0000 2018","retweets":"30","favorites":"20","mentions":[],"hashtags":[],"geo":"","raw":"주말저녁인데 배달도 생각보다 빨리왔고 요청사항도 챙겨주시고 맛있게 잘 먹었습니다~","polarity":{"com":0.0037523342504690417,"pos":0.5236490429404561,"neg":0.3317460317914683,"neut":0.05340219413167527,"none":0.0874503968859313},"intensity":{"high":0.16920518202115065,"low":0.08253384676031673,"meium":0.6608105743326014,"none":0.0874503968859313},"expressive":{"dir-action":0,"dir-explicit":0.3366625817079172,"dir-speech":0.3879756068265031,"indirect":0.18635329135170584,"writing-device":0.08900852011387393}},{"id":"놀부보쌈-화랑대역점","permalink":"","username":"asdfg","text":"잘먹었습니다 만이파세요","date":"Mon Dec 10 23:59:44 +0000 2018","retweets":"30","favorites":"20","mentions":[],"hashtags":[],"geo":"","raw":"잘먹었습니다 만이파세요","polarity":{"com":0,"pos":0.7142857147142857,"neg":0.21428571421428572,"neut":0.07142857107142857,"none":0},"intensity":{"high":0,"low":0.214285714,"meium":0.785714286,"none":0},"expressive":{"dir-action":0,"dir-explicit":0.214285714,"dir-speech":0.142857143,"indirect":0.642857143,"writing-device":0}},{"id":"놀부보쌈-화랑대역점","permalink":"","username":"asdfg","text":"맛과 배달 속도 모두 좋네요^^ 다만 양이 조금 부족하네요ㅠㅠ","date":"Mon Dec 10 23:59:44 +0000 2018","retweets":"30","favorites":"20","mentions":[],"hashtags":[],"geo":"","raw":"맛과 배달 속도 모두 좋네요^^ 다만 양이 조금 부족하네요ㅠㅠ","polarity":{"com":0.0014285714,"pos":0.42685714280000003,"neg":0.17371428579999998,"neut":0.1028571428,"none":0.2951428572},"intensity":{"high":0.06857142860000001,"low":0.1308571428,"meium":0.5054285714000001,"none":0.2951428572},"expressive":{"dir-action":0,"dir-explicit":0.3571428571285714,"dir-speech":0.29999999994,"indirect":0.049142857190171425,"writing-device":0.29371428574125713}},{"id":"놀부보쌈-화랑대역점","permalink":"","username":"asdfg","text":"와 정말 푸짐하게 맛있게 잘 먹었어요 다음에 또 시켜먹을께요 ㅎㅎ","date":"Mon Dec 10 23:59:44 +0000 2018","retweets":"30","favorites":"20","mentions":[],"hashtags":[],"geo":"","raw":"와 정말 푸짐하게 맛있게 잘 먹었어요 다음에 또 시켜먹을께요 ㅎㅎ","polarity":{"com":0.003003003,"pos":0.381636100375,"neg":0.4519787645,"neut":0.0755577005,"none":0.087824431625},"intensity":{"high":0.090653153125,"low":0.06507400249999998,"meium":0.7560730373749999,"none":0.08819980699999998},"expressive":{"dir-action":0.000375375375,"dir-explicit":0.17395967387500003,"dir-speech":0.505804912125,"indirect":0.213803088875,"writing-device":0.10605694974999999}},{"id":"놀부보쌈-화랑대역점","permalink":"","username":"asdfg","text":"맛있어요^^/ 맛있어서또시킴","date":"Mon Dec 10 23:59:44 +0000 2018","retweets":"30","favorites":"20","mentions":[],"hashtags":[],"geo":"","raw":"맛있어요^^/ 맛있어서또시킴","polarity":{"com":0.02272727274431818,"pos":0.1834415584541396,"neg":0.6753246753311688,"neut":0,"none":0.11850649347037338},"intensity":{"high":0.011363636252840908,"low":0.03409090900852273,"meium":0.8360389612090098,"none":0.11850649352962661},"expressive":{"dir-action":0,"dir-explicit":0.10389610399999999,"dir-speech":0.59415584425,"indirect":0.14772727275,"writing-device":0.154220779}},{"id":"놀부보쌈-화랑대역점","permalink":"","username":"asdfg","text":"맛있습니다 보씸중쵝오","date":"Mon Dec 10 23:59:44 +0000 2018","retweets":"30","favorites":"20","mentions":[],"hashtags":[],"geo":"","raw":"맛있습니다 보씸중쵝오","polarity":{"com":0.03030303033333333,"pos":0.36363636366666663,"neg":0.42424242433333337,"neut":0.16666666666666666,"none":0.015151514999999999},"intensity":{"high":0.015151515005050502,"low":0.045454545348484844,"meium":0.924242424641414,"none":0.015151515005050502},"expressive":{"dir-action":0,"dir-explicit":0.090909091,"dir-speech":0.5303030303333333,"indirect":0.36363636366666663,"writing-device":0.015151514999999999}},{"id":"놀부보쌈-화랑대역점","permalink":"","username":"asdfg","text":"양이 생각보다 많아서 좋네요. 맛도 괜찮아요\n비계 싫어하시는 분들 목등심으로 변경하는거 추천드립니다.","date":"Mon Dec 10 23:59:44 +0000 2018","retweets":"30","favorites":"20","mentions":[],"hashtags":[],"geo":"","raw":"양이 생각보다 많아서 좋네요. 맛도 괜찮아요\n비계 싫어하시는 분들 목등심으로 변경하는거 추천드립니다.","polarity":{"com":0.005371149555555555,"pos":0.41379694555555563,"neg":0.5170619707777777,"neut":0.05158952788888889,"none":0.012180406222222223},"intensity":{"high":0.13477481679275277,"low":0.08699340289855483,"meium":0.7642021194182448,"none":0.01402966089044774},"expressive":{"dir-action":0.0007168458890481879,"dir-explicit":0.22051451871566985,"dir-speech":0.3595072983021127,"indirect":0.35152537530033895,"writing-device":0.0677359617928302}},{"id":"놀부보쌈-화랑대역점","permalink":"","username":"asdfg","text":"배송도 빠르고 맛있게 잘 먹었습니다","date":"Mon Dec 10 23:59:44 +0000 2018","retweets":"30","favorites":"20","mentions":[],"hashtags":[],"geo":"","raw":"배송도 빠르고 맛있게 잘 먹었습니다","polarity":{"com":0.0023809523341269843,"pos":0.3095238094365079,"neg":0.514285714504762,"neut":0.028571428342857145,"none":0.14523809538174604},"intensity":{"high":0.04761904766666666,"low":0.10952380933333332,"meium":0.6976190476666666,"none":0.14523809533333332},"expressive":{"dir-action":0,"dir-explicit":0.13333333328888888,"dir-speech":0.48095238083968256,"indirect":0.24285714291904759,"writing-device":0.14285714295238094}},{"id":"놀부보쌈-화랑대역점","permalink":"","username":"asdfg","text":"족발(대) 3명 먹는데 양이 너무 적네요\n그래도 깨끗하게 포장해 보내주셔서 감사 드립니다","date":"Mon Dec 10 23:59:44 +0000 2018","retweets":"30","favorites":"20","mentions":[],"hashtags":[],"geo":"","raw":"족발(대) 3명 먹는데 양이 너무 적네요\n그래도 깨끗하게 포장해 보내주셔서 감사 드립니다","polarity":{"com":0.028571428599999997,"pos":0.5202380952000001,"neg":0.4511904762,"neut":0,"none":0},"intensity":{"high":0.25079365080000005,"low":0.12301587299999998,"meium":0.6261904762,"none":0},"expressive":{"dir-action":0,"dir-explicit":0.392063492,"dir-speech":0.4126984128,"indirect":0.1952380952,"writing-device":0}},{"id":"놀부보쌈-화랑대역점","permalink":"","username":"asdfg","text":"맛있어요!\n김치추가비용이 너무비싸요,,ㅠ","date":"Mon Dec 10 23:59:44 +0000 2018","retweets":"30","favorites":"20","mentions":[],"hashtags":[],"geo":"","raw":"맛있어요!\n김치추가비용이 너무비싸요,,ㅠ","polarity":{"com":0,"pos":0,"neg":1,"neut":0,"none":0},"intensity":{"high":0.16666666666666666,"low":0,"meium":0.8333333333333334,"none":0},"expressive":{"dir-action":0,"dir-explicit":0,"dir-speech":0.3333333333333333,"indirect":0.6666666666666666,"writing-device":0}},{"id":"놀부보쌈-화랑대역점","permalink":"","username":"asdfg","text":"맛있어요!양이좀 많으면 좋을텐데ㅋㅋ","date":"Mon Dec 10 23:59:44 +0000 2018","retweets":"30","favorites":"20","mentions":[],"hashtags":[],"geo":"","raw":"맛있어요!양이좀 많으면 좋을텐데ㅋㅋ","polarity":{"com":0.0045751634,"pos":0.461124183,"neg":0.2635555556,"neut":0.0183006536,"none":0.2524444444},"intensity":{"high":0.06549019601309804,"low":0.024339869204867977,"meium":0.6577254903315451,"none":0.2524444444504889},"expressive":{"dir-action":0,"dir-explicit":0.28366013079999997,"dir-speech":0.4005228758,"indirect":0.059450980400000006,"writing-device":0.256366013}},{"id":"놀부보쌈-화랑대역점","permalink":"","username":"asdfg","text":"깔끔하고 배달도좋아요.고기는맛있는데 김치가 예전보다 맛없어요","date":"Mon Dec 10 23:59:44 +0000 2018","retweets":"30","favorites":"20","mentions":[],"hashtags":[],"geo":"","raw":"깔끔하고 배달도좋아요.고기는맛있는데 김치가 예전보다 맛없어요","polarity":{"com":0.008376233399999999,"pos":0.7886653798000001,"neg":0.162118404,"neut":0.022678035200000002,"none":0.0181619476},"intensity":{"high":0.09496568000000001,"low":0.0462453882,"meium":0.8382406692,"none":0.0205482626},"expressive":{"dir-action":0.0006006006000000002,"dir-explicit":0.25746246240000004,"dir-speech":0.520518018,"indirect":0.2026563708,"writing-device":0.018762548200000003}},{"id":"놀부보쌈-화랑대역점","permalink":"","username":"asdfg","text":"너무 맛있었어요..","date":"Mon Dec 10 23:59:44 +0000 2018","retweets":"30","favorites":"20","mentions":[],"hashtags":[],"geo":"","raw":"너무 맛있었어요..","polarity":{"com":0.142857143,"pos":0.142857143,"neg":0.714285714,"neut":0,"none":0},"intensity":{"high":0.142857143,"low":0.142857143,"meium":0.714285714,"none":0},"expressive":{"dir-action":0,"dir-explicit":0.5714285710000001,"dir-speech":0.28571428600000004,"indirect":0.14285714300000002,"writing-device":0}},{"id":"놀부보쌈-화랑대역점","permalink":"","username":"asdfg","text":"늘 친절하세요 \n맛나게 먹었습니다\n근데 이번엔 쿠폰을 빠뜨리고 주셨어요\n담번엔 쿠폰자석도 잊지 마시고 꼭 챙겨주세요\n\n늘 음식 포장 상태좋고 음식 맛도 좋습니다 \n배달해주시는 아저씨가 유쾌하셔서 기분좋게\n음식 받고 먹었습니다\n\n감사합니다!","date":"Mon Dec 10 23:59:44 +0000 2018","retweets":"30","favorites":"20","mentions":[],"hashtags":[],"geo":"","raw":"늘 친절하세요 \n맛나게 먹었습니다\n근데 이번엔 쿠폰을 빠뜨리고 주셨어요\n담번엔 쿠폰자석도 잊지 마시고 꼭 챙겨주세요\n\n늘 음식 포장 상태좋고 음식 맛도 좋습니다 \n배달해주시는 아저씨가 유쾌하셔서 기분좋게\n음식 받고 먹었습니다\n\n감사합니다!","polarity":{"com":0.0033354783338098303,"pos":0.46742940440010905,"neg":0.42077464567915823,"neut":0.05384325238864428,"none":0.05461721919827865},"intensity":{"high":0.156205679047619,"low":0.09701853261904762,"meium":0.6915903989047619,"none":0.05518538942857141},"expressive":{"dir-action":0.0008580008571837142,"dir-explicit":0.2847193638707009,"dir-speech":0.4554204550693057,"indirect":0.2020285229143823,"writing-device":0.05697365728842731}},{"id":"놀부보쌈-화랑대역점","permalink":"","username":"asdfg","text":"맛은 있는데. 정말 양이 적네요. 보쌈 2인 인데. 그것도 35000원인데. 딱  일인분만 되네요.","date":"Mon Dec 10 23:59:44 +0000 2018","retweets":"30","favorites":"20","mentions":[],"hashtags":[],"geo":"","raw":"맛은 있는데. 정말 양이 적네요. 보쌈 2인 인데. 그것도 35000원인데. 딱  일인분만 되네요.","polarity":{"com":0.011051020247237246,"pos":0.5370886953657279,"neg":0.259476078310131,"neut":0.06936131373265968,"none":0.12302289234424428},"intensity":{"high":0.14244988475,"low":0.15370129975,"meium":0.580825923125,"none":0.12302289237500001},"expressive":{"dir-action":0,"dir-explicit":0.2515004822185624,"dir-speech":0.4996992704375376,"indirect":0.11860939348517381,"writing-device":0.13019085385872614}},{"id":"놀부보쌈-화랑대역점","permalink":"","username":"asdfg","text":"너무마싰는 놀부보쌈 놀부가 살찌는이유가있네요","date":"Mon Dec 10 23:59:44 +0000 2018","retweets":"30","favorites":"20","mentions":[],"hashtags":[],"geo":"","raw":"너무마싰는 놀부보쌈 놀부가 살찌는이유가있네요","polarity":{"com":0.04017857149999999,"pos":0.4633928572499999,"neg":0.4696428569999999,"neut":0.02008928575,"none":0.006696428499999998},"intensity":{"high":0.25089285725,"low":0.11250000000000002,"meium":0.6276785712499999,"none":0.0089285715},"expressive":{"dir-action":0,"dir-explicit":0.6366071427500001,"dir-speech":0.1995535715,"indirect":0.15714285725000002,"writing-device":0.0066964285000000005}},{"id":"놀부보쌈-화랑대역점","permalink":"","username":"asdfg","text":"늘맛잇게먹슨놀부보쌈 고기굳 김치굳","date":"Mon Dec 10 23:59:44 +0000 2018","retweets":"30","favorites":"20","mentions":[],"hashtags":[],"geo":"","raw":"늘맛잇게먹슨놀부보쌈 고기굳 김치굳","polarity":{"com":0,"pos":0.9,"neg":0.1,"neut":0,"none":0},"intensity":{"high":0.1,"low":0.1,"meium":0.8,"none":0},"expressive":{"dir-action":0,"dir-explicit":0.30000000000000004,"dir-speech":0.6000000000000001,"indirect":0.10000000000000002,"writing-device":0}},{"id":"놀부보쌈-화랑대역점","permalink":"","username":"asdfg","text":"저녁시간이라 그런지 좀 늦게 왔지만 맛있었어요~~\n양은 쫌 적은편이긴 합니다\n그래도 막국수가 있어서 둘이 배부르게 먹은 느낌\n족발은 진짜 맛있어요","date":"Mon Dec 10 23:59:44 +0000 2018","retweets":"30","favorites":"20","mentions":[],"hashtags":[],"geo":"","raw":"저녁시간이라 그런지 좀 늦게 왔지만 맛있었어요~~\n양은 쫌 적은편이긴 합니다\n그래도 막국수가 있어서 둘이 배부르게 먹은 느낌\n족발은 진짜 맛있어요","polarity":{"com":0.0047643476875,"pos":0.475778962125,"neg":0.4316513155625,"neut":0.0494979638125,"none":0.0383074108125},"intensity":{"high":0.1329025114541128,"low":0.1235424599529428,"meium":0.7042538965880317,"none":0.03930113200491265},"expressive":{"dir-action":0.0009937211875621073,"dir-explicit":0.29226648733076666,"dir-speech":0.4753800290297112,"indirect":0.19062184888691386,"writing-device":0.04073791356504612}},{"id":"놀부보쌈-화랑대역점","permalink":"","username":"asdfg","text":"소요시간보다 빨리왔어요~~  깔끔하게 포장 잘되서 왔어요~~  이번엔 돼지냄새가 쫌 나네요..ㅠㅠ","date":"Mon Dec 10 23:59:44 +0000 2018","retweets":"30","favorites":"20","mentions":[],"hashtags":[],"geo":"","raw":"소요시간보다 빨리왔어요~~  깔끔하게 포장 잘되서 왔어요~~  이번엔 돼지냄새가 쫌 나네요..ㅠㅠ","polarity":{"com":0.0030030030003753757,"pos":0.3327769734165971,"neg":0.6174053518271757,"neut":0.033891033879236386,"none":0.012923637876615456},"intensity":{"high":0.21019680400000001,"low":0.089379558125,"meium":0.687124624625,"none":0.01329901325},"expressive":{"dir-action":0.0003753753749530781,"dir-explicit":0.3937017374507873,"dir-speech":0.21066602322366673,"indirect":0.37997372370250326,"writing-device":0.015283140248089607}},{"id":"놀부보쌈-화랑대역점","permalink":"","username":"asdfg","text":"배오는 날인데도 불구하고 배달도 빠르고 맛있습니다","date":"Mon Dec 10 23:59:44 +0000 2018","retweets":"30","favorites":"20","mentions":[],"hashtags":[],"geo":"","raw":"배오는 날인데도 불구하고 배달도 빠르고 맛있습니다","polarity":{"com":0.08333333333333333,"pos":0.380952381,"neg":0.369047619,"neut":0,"none":0.16666666666666666},"intensity":{"high":0.07142857148809524,"low":0.10317460314947091,"meium":0.6587301587235449,"none":0.16666666663888888},"expressive":{"dir-action":0,"dir-explicit":0.13095238099999998,"dir-speech":0.4404761904999999,"indirect":0.26190476183333333,"writing-device":0.16666666666666666}},{"id":"놀부보쌈-화랑대역점","permalink":"","username":"asdfg","text":"포장 정말깔끔\n용기에 기름기 한방울 없이\n관리 하는집\n\n보통 족발 썰던사람이 \n썰던 손으로 담아서\n용기에 기름이 미끈한데\n\n추천","date":"Mon Dec 10 23:59:44 +0000 2018","retweets":"30","favorites":"20","mentions":[],"hashtags":[],"geo":"","raw":"포장 정말깔끔\n용기에 기름기 한방울 없이\n관리 하는집\n\n보통 족발 썰던사람이 \n썰던 손으로 담아서\n용기에 기름이 미끈한데\n\n추천","polarity":{"com":0.006635528100663552,"pos":0.47852874024785275,"neg":0.3911388693391139,"neut":0.06165748650616574,"none":0.062039375806203924},"intensity":{"high":0.09279207700927923,"low":0.10681696521068171,"meium":0.7364613277736461,"none":0.06392963000639298},"expressive":{"dir-action":0.0018902542003780506,"dir-explicit":0.15049758273009953,"dir-speech":0.4149430399829886,"indirect":0.3664406425732881,"writing-device":0.06622848051324569}},{"id":"놀부보쌈-화랑대역점","permalink":"","username":"asdfg","text":"너무맛있어서ㅜ빨리먹느라사딘을못찍었네요 굳!!!!!!","date":"Mon Dec 10 23:59:44 +0000 2018","retweets":"30","favorites":"20","mentions":[],"hashtags":[],"geo":"","raw":"너무맛있어서ㅜ빨리먹느라사딘을못찍었네요 굳!!!!!!","polarity":{"com":0.028571428599999997,"pos":0.47023809520000004,"neg":0.5011904761999999,"neut":0,"none":0},"intensity":{"high":0.1702380952,"low":0.22857142860000002,"meium":0.6011904762,"none":0},"expressive":{"dir-action":0,"dir-explicit":0.5976190476000001,"dir-speech":0.1738095238,"indirect":0.22857142860000002,"writing-device":0}},{"id":"놀부보쌈-화랑대역점","permalink":"","username":"asdfg","text":"족발은 놀부 놀부 ㅎㅎ","date":"Mon Dec 10 23:59:44 +0000 2018","retweets":"30","favorites":"20","mentions":[],"hashtags":[],"geo":"","raw":"족발은 놀부 놀부 ㅎㅎ","polarity":{"com":0.016949153,"pos":0.355932203,"neg":0.559322034,"neut":0.033898305,"none":0.033898305},"intensity":{"high":0.10169491510169491,"low":0.1355932201355932,"meium":0.7288135597288136,"none":0.0338983050338983},"expressive":{"dir-action":0,"dir-explicit":0.271186441,"dir-speech":0.559322034,"indirect":0.13559322,"writing-device":0.033898305}},{"id":"놀부보쌈-화랑대역점","permalink":"","username":"asdfg","text":"맛은정말괜찮은데 양이 3인분이라하긴 심하게적네요.","date":"Mon Dec 10 23:59:44 +0000 2018","retweets":"30","favorites":"20","mentions":[],"hashtags":[],"geo":"","raw":"맛은정말괜찮은데 양이 3인분이라하긴 심하게적네요.","polarity":{"com":0.0038126361666666665,"pos":0.5550108931666666,"neg":0.3472222223333332,"neut":0.015250544666666664,"none":0.07870370366666665},"intensity":{"high":0.14161220035693536,"low":0.013616557668936094,"meium":0.7660675382943446,"none":0.07870370367978395},"expressive":{"dir-action":0,"dir-explicit":0.26879084966666666,"dir-speech":0.4921023965,"indirect":0.15713507633333332,"writing-device":0.08197167749999999}},{"id":"놀부보쌈-화랑대역점","permalink":"","username":"asdfg","text":"정말정말 맛있어요 맛있어요","date":"Mon Dec 10 23:59:44 +0000 2018","retweets":"30","favorites":"20","mentions":[],"hashtags":[],"geo":"","raw":"정말정말 맛있어요 맛있어요","polarity":{"com":0,"pos":0.25,"neg":0.6666666666666666,"neut":0,"none":0.08333333333333333},"intensity":{"high":0.16666666666666666,"low":0,"meium":0.75,"none":0.08333333333333333},"expressive":{"dir-action":0,"dir-explicit":0.16666666666666666,"dir-speech":0.75,"indirect":0,"writing-device":0.08333333333333333}},{"id":"놀부보쌈-화랑대역점","permalink":"","username":"asdfg","text":"잘 먹었습니다....","date":"Mon Dec 10 23:59:44 +0000 2018","retweets":"30","favorites":"20","mentions":[],"hashtags":[],"geo":"","raw":"잘 먹었습니다....","polarity":{"com":0,"pos":0.7142857147142857,"neg":0.21428571421428572,"neut":0.07142857107142857,"none":0},"intensity":{"high":0,"low":0.214285714,"meium":0.785714286,"none":0},"expressive":{"dir-action":0,"dir-explicit":0.214285714,"dir-speech":0.142857143,"indirect":0.642857143,"writing-device":0}},{"id":"놀부보쌈-화랑대역점","permalink":"","username":"asdfg","text":"보쌈 양도 많고 진짜 맛있어요","date":"Mon Dec 10 23:59:44 +0000 2018","retweets":"30","favorites":"20","mentions":[],"hashtags":[],"geo":"","raw":"보쌈 양도 많고 진짜 맛있어요","polarity":{"com":0,"pos":0.195652174,"neg":0.7826086955,"neut":0.0217391305,"none":0},"intensity":{"high":0.1304347825652174,"low":0.10869565205434782,"meium":0.7608695653804347,"none":0},"expressive":{"dir-action":0,"dir-explicit":0.2608695651304348,"dir-speech":0.6086956523043479,"indirect":0.1304347825652174,"writing-device":0}},{"id":"놀부보쌈-화랑대역점","permalink":"","username":"asdfg","text":"맛있게 잘 먹었습니다","date":"Mon Dec 10 23:59:44 +0000 2018","retweets":"30","favorites":"20","mentions":[],"hashtags":[],"geo":"","raw":"맛있게 잘 먹었습니다","polarity":{"com":0,"pos":0.35714285717857136,"neg":0.6071428573035714,"neut":0.03571428551785714,"none":0},"intensity":{"high":0,"low":0.107142857,"meium":0.8928571430000001,"none":0},"expressive":{"dir-action":0,"dir-explicit":0.107142857,"dir-speech":0.5714285715,"indirect":0.3214285715,"writing-device":0}},{"id":"놀부보쌈-화랑대역점","permalink":"","username":"asdfg","text":"양이조금 아쉬웠지만 맛있었습니다","date":"Mon Dec 10 23:59:44 +0000 2018","retweets":"30","favorites":"20","mentions":[],"hashtags":[],"geo":"","raw":"양이조금 아쉬웠지만 맛있었습니다","polarity":{"com":0,"pos":0,"neg":0.75,"neut":0.25,"none":0},"intensity":{"high":0,"low":0.25,"meium":0.75,"none":0},"expressive":{"dir-action":0,"dir-explicit":0.5,"dir-speech":0.5,"indirect":0,"writing-device":0}},{"id":"놀부보쌈-화랑대역점","permalink":"","username":"asdfg","text":"친절하시고 맛있어요","date":"Mon Dec 10 23:59:44 +0000 2018","retweets":"30","favorites":"20","mentions":[],"hashtags":[],"geo":"","raw":"친절하시고 맛있어요","polarity":{"com":0.009677419499999998,"pos":0.25806451599999997,"neg":0.676344086,"neut":0.041935483999999995,"none":0.013978494499999997},"intensity":{"high":0.069892473,"low":0.058064516,"meium":0.8569892475,"none":0.0150537635},"expressive":{"dir-action":0.0032258065,"dir-explicit":0.1569892475,"dir-speech":0.647311828,"indirect":0.1784946235,"writing-device":0.0139784945}},{"id":"놀부보쌈-화랑대역점","permalink":"","username":"asdfg","text":"너무 맛있게 잘 먹었어요!!ㅠㅠ 최고최고","date":"Mon Dec 10 23:59:44 +0000 2018","retweets":"30","favorites":"20","mentions":[],"hashtags":[],"geo":"","raw":"너무 맛있게 잘 먹었어요!!ㅠㅠ 최고최고","polarity":{"com":0.04761904768253968,"pos":0.5820105821940035,"neg":0.3465608464488536,"neut":0.023809523674603175,"none":0},"intensity":{"high":0.306878307,"low":0.119047619,"meium":0.574074074,"none":0},"expressive":{"dir-action":0,"dir-explicit":0.26190476166666665,"dir-speech":0.142857143,"indirect":0.5952380953333333,"writing-device":0}},{"id":"놀부보쌈-화랑대역점","permalink":"","username":"asdfg","text":"양이넘넘넘 적음ㅠㅠㅠㅠ","date":"Mon Dec 10 23:59:44 +0000 2018","retweets":"30","favorites":"20","mentions":[],"hashtags":[],"geo":"","raw":"양이넘넘넘 적음ㅠㅠㅠㅠ","polarity":{"com":0,"pos":0.444444444,"neg":0.555555556,"neut":0,"none":0},"intensity":{"high":0.222222222,"low":0,"meium":0.777777778,"none":0},"expressive":{"dir-action":0,"dir-explicit":0.444444444,"dir-speech":0,"indirect":0.555555556,"writing-device":0}},{"id":"놀부보쌈-화랑대역점","permalink":"","username":"asdfg","text":"주말이라 사람이 많아서인지 배달은 거의 한시간이 걸렸지만 음식은 맛이 있네요.\n야채랑 맡반찬이 깔끔하게 포장되어 와서 좋 습니다.\n다음에도 또 시켜야겠어요~~","date":"Mon Dec 10 23:59:44 +0000 2018","retweets":"30","favorites":"20","mentions":[],"hashtags":[],"geo":"","raw":"주말이라 사람이 많아서인지 배달은 거의 한시간이 걸렸지만 음식은 맛이 있네요.\n야채랑 맡반찬이 깔끔하게 포장되어 와서 좋 습니다.\n다음에도 또 시켜야겠어요~~","polarity":{"com":0.005070846500000001,"pos":0.41171173328571425,"neg":0.43732989800000005,"neut":0.05904046242857142,"none":0.08684705978571429},"intensity":{"high":0.07547356951078195,"low":0.05304181722186312,"meium":0.7963278151851898,"none":0.07515679808216527},"expressive":{"dir-action":0.00021450021427039286,"dir-explicit":0.23546343226889546,"dir-speech":0.38448540954396526,"indirect":0.30378950376401503,"writing-device":0.07604715420885379}},{"id":"놀부보쌈-화랑대역점","permalink":"","username":"asdfg","text":"냄새도 안나고 정말 맛있게 먹었습니다.","date":"Mon Dec 10 23:59:44 +0000 2018","retweets":"30","favorites":"20","mentions":[],"hashtags":[],"geo":"","raw":"냄새도 안나고 정말 맛있게 먹었습니다.","polarity":{"com":0,"pos":0.33333333325000003,"neg":0.55729166675,"neut":0.03125,"none":0.078125},"intensity":{"high":0.48090277775,"low":0.0555555555,"meium":0.38541666674999997,"none":0.078125},"expressive":{"dir-action":0,"dir-explicit":0.3524305555,"dir-speech":0.3038194445,"indirect":0.25,"writing-device":0.09375}},{"id":"놀부보쌈-화랑대역점","permalink":"","username":"asdfg","text":"맛은 프렌차이즈여서 기본은 하는데 배달이 50분 소요라고 했는데 1시간 20분이 걸렸네요 족발이 다 식고 막국수 뿔어서 왔어요 ㅜㅜ","date":"Mon Dec 10 23:59:44 +0000 2018","retweets":"30","favorites":"20","mentions":[],"hashtags":[],"geo":"","raw":"맛은 프렌차이즈여서 기본은 하는데 배달이 50분 소요라고 했는데 1시간 20분이 걸렸네요 족발이 다 식고 막국수 뿔어서 왔어요 ㅜㅜ","polarity":{"com":0.0025542784444444445,"pos":0.6019430760000001,"neg":0.28384418911111114,"neut":0.031198686333333336,"none":0.0804597701111111},"intensity":{"high":0.08506659375887408,"low":0.04397007854578443,"meium":0.7879492791582335,"none":0.08301404853710799},"expressive":{"dir-action":0.0025542784450120616,"dir-explicit":0.14819376025515418,"dir-speech":0.4543878854343084,"indirect":0.3067414706237203,"writing-device":0.08812260524180503}},{"id":"놀부보쌈-화랑대역점","permalink":"","username":"asdfg","text":"족발은 항상여기서ㅎ\n양만 좀더 많음  쵝오ㅎ","date":"Mon Dec 10 23:59:44 +0000 2018","retweets":"30","favorites":"20","mentions":[],"hashtags":[],"geo":"","raw":"족발은 항상여기서ㅎ\n양만 좀더 많음  쵝오ㅎ","polarity":{"com":0.004237288251059322,"pos":0.3566809325891703,"neg":0.48946818962236704,"neut":0.03216465425804116,"none":0.11744893527936223},"intensity":{"high":0.11628214580814109,"low":0.10106664380053332,"meium":0.6652022750826011,"none":0.11744893530872448},"expressive":{"dir-action":0,"dir-explicit":0.25592370056398095,"dir-speech":0.5082808986270703,"indirect":0.12475672203118918,"writing-device":0.11103867877775968}},{"id":"놀부보쌈-화랑대역점","permalink":"","username":"asdfg","text":"매우 깔끔한 곳\n배달도 빠르고","date":"Mon Dec 10 23:59:44 +0000 2018","retweets":"30","favorites":"20","mentions":[],"hashtags":[],"geo":"","raw":"매우 깔끔한 곳\n배달도 빠르고","polarity":{"com":0.049458386987635404,"pos":0.5817245816045689,"neg":0.20038610044990346,"neut":0.05349635348662591,"none":0.11493457747126636},"intensity":{"high":0.35590948099999997,"low":0.049592449499999997,"meium":0.47881274125000006,"none":0.11568532825},"expressive":{"dir-action":0.0007507507498123125,"dir-explicit":0.3328399826667901,"dir-speech":0.2225225224443694,"indirect":0.32998713016750325,"writing-device":0.11389961397152512}},{"id":"놀부보쌈-화랑대역점","permalink":"","username":"asdfg","text":"다양한 쌈이 있어 좋음\n고기양이나 맛이 좀 더 좋아지면 좋겠어요","date":"Mon Dec 10 23:59:44 +0000 2018","retweets":"30","favorites":"20","mentions":[],"hashtags":[],"geo":"","raw":"다양한 쌈이 있어 좋음\n고기양이나 맛이 좀 더 좋아지면 좋겠어요","polarity":{"com":0.0038546255,"pos":0.57765204875,"neg":0.17334367112500002,"neut":0.228613550375,"none":0.01653610425},"intensity":{"high":0.10418575863802323,"low":0.09245931913655743,"meium":0.774904520846863,"none":0.0284504013785563},"expressive":{"dir-action":0.0005506607500688326,"dir-explicit":0.4049013666756127,"dir-speech":0.4120438171765055,"indirect":0.16541739039567716,"writing-device":0.017086765002135847}},{"id":"놀부보쌈-화랑대역점","permalink":"","username":"asdfg","text":"요집 맛나요   가끔시켜먹어요   막국수도  맛있고요   가격이쪼금  저렴하면  조을텐데  ㅋㅋ","date":"Mon Dec 10 23:59:44 +0000 2018","retweets":"30","favorites":"20","mentions":[],"hashtags":[],"geo":"","raw":"요집 맛나요   가끔시켜먹어요   막국수도  맛있고요   가격이쪼금  저렴하면  조을텐데  ㅋㅋ","polarity":{"com":0.011595268714285716,"pos":0.4371759514285714,"neg":0.3359349145714286,"neut":0.006759821,"none":0.2085340442857143},"intensity":{"high":0.059726052571428566,"low":0.09103695528571429,"meium":0.6402739474285715,"none":0.2089630447142857},"expressive":{"dir-action":0.00042900042851014286,"dir-explicit":0.1171784028404031,"dir-speech":0.43112398108126804,"indirect":0.24332597910809634,"writing-device":0.2079426365417225}},{"id":"놀부보쌈-화랑대역점","permalink":"","username":"asdfg","text":"맛있네요\n양이 좀 적어 아쉽...","date":"Mon Dec 10 23:59:44 +0000 2018","retweets":"30","favorites":"20","mentions":[],"hashtags":[],"geo":"","raw":"맛있네요\n양이 좀 적어 아쉽...","polarity":{"com":0,"pos":0.5185185184938271,"neg":0.46296296284567906,"neut":0,"none":0.018518518660493827},"intensity":{"high":0,"low":0.018518518660493827,"meium":0.9629629626790125,"none":0.018518518660493827},"expressive":{"dir-action":0,"dir-explicit":0.28148148133333334,"dir-speech":0.6074074073333334,"indirect":0.09259259266666665,"writing-device":0.018518518666666667}},{"id":"놀부보쌈-화랑대역점","permalink":"","username":"asdfg","text":"맛잇어서 매번 잘시켜먹어요~\n양이좀 아쉽네요","date":"Mon Dec 10 23:59:44 +0000 2018","retweets":"30","favorites":"20","mentions":[],"hashtags":[],"geo":"","raw":"맛잇어서 매번 잘시켜먹어요~\n양이좀 아쉽네요","polarity":{"com":0,"pos":0.7619047619404762,"neg":0.22023809530505953,"neut":0.017857142754464286,"none":0},"intensity":{"high":0.02777777775,"low":0.109126984,"meium":0.86309523825,"none":0},"expressive":{"dir-action":0,"dir-explicit":0.20912698400000002,"dir-speech":0.63015873025,"indirect":0.16071428575,"writing-device":0}},{"id":"놀부보쌈-화랑대역점","permalink":"","username":"asdfg","text":"족발세트 맛있어요ㅎ","date":"Mon Dec 10 23:59:44 +0000 2018","retweets":"30","favorites":"20","mentions":[],"hashtags":[],"geo":"","raw":"족발세트 맛있어요ㅎ","polarity":{"com":0,"pos":0,"neg":1,"neut":0,"none":0},"intensity":{"high":0,"low":0,"meium":1,"none":0},"expressive":{"dir-action":0,"dir-explicit":0,"dir-speech":1,"indirect":0,"writing-device":0}},{"id":"놀부보쌈-화랑대역점","permalink":"","username":"asdfg","text":"전 살코기 부분이 많아서 좋았어요~","date":"Mon Dec 10 23:59:44 +0000 2018","retweets":"30","favorites":"20","mentions":[],"hashtags":[],"geo":"","raw":"전 살코기 부분이 많아서 좋았어요~","polarity":{"com":0,"pos":0.64,"neg":0.013333333333333334,"neut":0.3333333333333333,"none":0.013333333333333334},"intensity":{"high":0.06666666666666667,"low":0.3466666666666667,"meium":0.5733333333333334,"none":0.013333333333333334},"expressive":{"dir-action":0,"dir-explicit":0.19999999999999996,"dir-speech":0.7333333333333333,"indirect":0.05333333333333333,"writing-device":0.013333333333333332}},{"id":"놀부보쌈-화랑대역점","permalink":"","username":"asdfg","text":"친구들이 와서 점심으로 먹으려고 처음 주문해봤어요. \n문자는 배달이 1시간 걸린다고 왔는데 30분 정도밖에 안 걸린 것 같아요. \n근데 보쌈 양이 3인이라기엔 좀 적은 것 같았고, 족발도 뼈가 자리를 거의 다 차지하고 있어서 보기보단 먹을 부분이 없더라구요. \n점심때 넘긴 배고픈 5명이 먹기에는 조금 부족한 양이었어요. \n그래도 친구들이 맛나게 먹어줘서 좋았어요. \n담엔 좀 덜 배고플 때 시킬게요. ;;;","date":"Mon Dec 10 23:59:44 +0000 2018","retweets":"30","favorites":"20","mentions":[],"hashtags":[],"geo":"","raw":"친구들이 와서 점심으로 먹으려고 처음 주문해봤어요. \n문자는 배달이 1시간 걸린다고 왔는데 30분 정도밖에 안 걸린 것 같아요. \n근데 보쌈 양이 3인이라기엔 좀 적은 것 같았고, 족발도 뼈가 자리를 거의 다 차지하고 있어서 보기보단 먹을 부분이 없더라구요. \n점심때 넘긴 배고픈 5명이 먹기에는 조금 부족한 양이었어요. \n그래도 친구들이 맛나게 먹어줘서 좋았어요. \n담엔 좀 덜 배고플 때 시킬게요. ;;;","polarity":{"com":0.01643557903030303,"pos":0.45967411433333333,"neg":0.37456473124242423,"neut":0.06973614660606062,"none":0.07958942878787878},"intensity":{"high":0.08674871655334078,"low":0.12579954825386058,"meium":0.7068204143975897,"none":0.0806313207952089},"expressive":{"dir-action":0.0004624904545174248,"dir-explicit":0.2641015953476302,"dir-speech":0.44267595776104984,"indirect":0.2011321148665981,"writing-device":0.09162784157020437}},{"id":"놀부보쌈-화랑대역점","permalink":"","username":"asdfg","text":"잘 먹었습니다 맛있어요~~","date":"Mon Dec 10 23:59:44 +0000 2018","retweets":"30","favorites":"20","mentions":[],"hashtags":[],"geo":"","raw":"잘 먹었습니다 맛있어요~~","polarity":{"com":0,"pos":0.35714285717857136,"neg":0.6071428573035714,"neut":0.03571428551785714,"none":0},"intensity":{"high":0,"low":0.107142857,"meium":0.8928571430000001,"none":0},"expressive":{"dir-action":0,"dir-explicit":0.107142857,"dir-speech":0.5714285715,"indirect":0.3214285715,"writing-device":0}},{"id":"놀부보쌈-화랑대역점","permalink":"","username":"asdfg","text":"맛은 좋았어요...\n막국수는 별로...\n양이 참나...많이 적은듯...\n족발뼈가 전부...\n\n맛은 기가막혓다는...ㅋ","date":"Mon Dec 10 23:59:44 +0000 2018","retweets":"30","favorites":"20","mentions":[],"hashtags":[],"geo":"","raw":"맛은 좋았어요...\n막국수는 별로...\n양이 참나...많이 적은듯...\n족발뼈가 전부...\n\n맛은 기가막혓다는...ㅋ","polarity":{"com":0.0019841270004409164,"pos":0.6443298060320732,"neg":0.2676719577261493,"neut":0.04243827156498628,"none":0.04357583767635018},"intensity":{"high":0.1582451499824172,"low":0.14950617287227708,"meium":0.6476807759280355,"none":0.04456790121727024},"expressive":{"dir-action":0,"dir-explicit":0.2979276896666667,"dir-speech":0.526080247,"indirect":0.1288888887777778,"writing-device":0.04710317455555556}},{"id":"놀부보쌈-화랑대역점","permalink":"","username":"asdfg","text":"보쌈도 맛있고 양도많고 배달도 정말 빨리 오네여~요청사항도 신경써주시고 맛있게 잘 먹었습니다~^^","date":"Mon Dec 10 23:59:44 +0000 2018","retweets":"30","favorites":"20","mentions":[],"hashtags":[],"geo":"","raw":"보쌈도 맛있고 양도많고 배달도 정말 빨리 오네여~요청사항도 신경써주시고 맛있게 잘 먹었습니다~^^","polarity":{"com":0.0014285714001428572,"pos":0.5420525126542053,"neg":0.2709373236270937,"neut":0.07343873510734387,"none":0.1121428572112143},"intensity":{"high":0.2137492942213749,"low":0.07511575370751157,"meium":0.5989920948598992,"none":0.1121428572112143},"expressive":{"dir-action":0.00909090909909091,"dir-explicit":0.26983625067301636,"dir-speech":0.42557029915744304,"indirect":0.18478825528152118,"writing-device":0.11071428578892858}},{"id":"놀부보쌈-화랑대역점","permalink":"","username":"asdfg","text":"맛있게 잘먹었어요!!\n\n포장도 깔끔하고 좋네요","date":"Mon Dec 10 23:59:44 +0000 2018","retweets":"30","favorites":"20","mentions":[],"hashtags":[],"geo":"","raw":"맛있게 잘먹었어요!!\n\n포장도 깔끔하고 좋네요","polarity":{"com":0.004804804800960962,"pos":0.474379665494876,"neg":0.4871184040974237,"neut":0.02089232080417847,"none":0.012804804802560963},"intensity":{"high":0.0628228228,"low":0.1176739596,"meium":0.8060978122,"none":0.0134054054},"expressive":{"dir-action":0.0006006006000000001,"dir-explicit":0.3253196052,"dir-speech":0.28658944659999996,"indirect":0.3740849422,"writing-device":0.0134054054}},{"id":"놀부보쌈-화랑대역점","permalink":"","username":"asdfg","text":"추운날고생이많으십니다","date":"Mon Dec 10 23:59:44 +0000 2018","retweets":"30","favorites":"20","mentions":[],"hashtags":[],"geo":"","raw":"추운날고생이많으십니다","polarity":{"com":0.25,"pos":0.25,"neg":0.5,"neut":0,"none":0},"intensity":{"high":0,"low":0.125,"meium":0.875,"none":0},"expressive":{"dir-action":0,"dir-explicit":0.625,"dir-speech":0.375,"indirect":0,"writing-device":0}},{"id":"놀부보쌈-화랑대역점","permalink":"","username":"asdfg","text":"맛있고 좋네요~~~","date":"Mon Dec 10 23:59:44 +0000 2018","retweets":"30","favorites":"20","mentions":[],"hashtags":[],"geo":"","raw":"맛있고 좋네요~~~","polarity":{"com":0,"pos":0.46,"neg":0.52,"neut":0,"none":0.02},"intensity":{"high":0.1,"low":0.02,"meium":0.86,"none":0.02},"expressive":{"dir-action":0,"dir-explicit":0.30000000000000004,"dir-speech":0.6000000000000001,"indirect":0.08000000000000002,"writing-device":0.020000000000000004}},{"id":"놀부보쌈-화랑대역점","permalink":"","username":"asdfg","text":"혼자 먹었는데도 맛있어서 다먹었어요ㅎㅎ","date":"Mon Dec 10 23:59:44 +0000 2018","retweets":"30","favorites":"20","mentions":[],"hashtags":[],"geo":"","raw":"혼자 먹었는데도 맛있어서 다먹었어요ㅎㅎ","polarity":{"com":0.002380952333333333,"pos":0.3095238093333333,"neg":0.44285714300000006,"neut":0.004761904666666666,"none":0.24047619066666667},"intensity":{"high":0.14285714295238094,"low":0.14920634895026455,"meium":0.46746031751084655,"none":0.24047619058650793},"expressive":{"dir-action":0,"dir-explicit":0.2047619048634921,"dir-speech":0.41746031738835976,"indirect":0.13968253957354498,"writing-device":0.23809523817460318}},{"id":"놀부보쌈-화랑대역점","permalink":"","username":"asdfg","text":"그럭저럭 괜찮았어요","date":"Mon Dec 10 23:59:44 +0000 2018","retweets":"30","favorites":"20","mentions":[],"hashtags":[],"geo":"","raw":"그럭저럭 괜찮았어요","polarity":{"com":null,"pos":null,"neg":null,"neut":null,"none":null},"intensity":{"high":null,"low":null,"meium":null,"none":null},"expressive":{"dir-action":null,"dir-explicit":null,"dir-speech":null,"indirect":null,"writing-device":null}},{"id":"놀부보쌈-화랑대역점","permalink":"","username":"asdfg","text":"맛있어요 \n항상이용하는 놀부족발ㅋ","date":"Mon Dec 10 23:59:44 +0000 2018","retweets":"30","favorites":"20","mentions":[],"hashtags":[],"geo":"","raw":"맛있어요 \n항상이용하는 놀부족발ㅋ","polarity":{"com":0.006451612999999999,"pos":0.505376344,"neg":0.4508960573333334,"neut":0.027956989333333335,"none":0.009318996333333334},"intensity":{"high":0.04659498199999999,"low":0.038709677333333324,"meium":0.9046594983333333,"none":0.010035842333333331},"expressive":{"dir-action":0.002150537666666667,"dir-explicit":0.271326165,"dir-speech":0.5982078853333334,"indirect":0.11899641566666667,"writing-device":0.009318996333333334}},{"id":"놀부보쌈-화랑대역점","permalink":"","username":"asdfg","text":"양도 적당하고 족발도 쫄깃하니 맛있어요","date":"Mon Dec 10 23:59:44 +0000 2018","retweets":"30","favorites":"20","mentions":[],"hashtags":[],"geo":"","raw":"양도 적당하고 족발도 쫄깃하니 맛있어요","polarity":{"com":0.00779172025,"pos":0.45672458175,"neg":0.40871943374999997,"neut":0.01182968675,"none":0.1149345775},"intensity":{"high":0.06424281425,"low":0.049592449499999997,"meium":0.770479408,"none":0.11568532825},"expressive":{"dir-action":0.0007507507498123125,"dir-explicit":0.12450664946887335,"dir-speech":0.34752252241311943,"indirect":0.41332046339666995,"writing-device":0.11389961397152512}},{"id":"놀부보쌈-화랑대역점","permalink":"","username":"asdfg","text":"김치맛이 정말 예술~!! 보쌈요리의 90%는 김치가 좌우하는데 정말 또 시켜먹고 싶은 맛이에요","date":"Mon Dec 10 23:59:44 +0000 2018","retweets":"30","favorites":"20","mentions":[],"hashtags":[],"geo":"","raw":"김치맛이 정말 예술~!! 보쌈요리의 90%는 김치가 좌우하는데 정말 또 시켜먹고 싶은 맛이에요","polarity":{"com":0.004134664666666666,"pos":0.7289085167777778,"neg":0.18707117255555555,"neut":0.01824756788888889,"none":0.06163807811111112},"intensity":{"high":0.17906781588888887,"low":0.07172156788888889,"meium":0.686341525888889,"none":0.06286909033333334},"expressive":{"dir-action":0.000716845888888889,"dir-explicit":0.39013341300000004,"dir-speech":0.4538779371111111,"indirect":0.0936337258888889,"writing-device":0.06163807811111112}},{"id":"놀부보쌈-화랑대역점","permalink":"","username":"asdfg","text":"맛있어요 맛있어요ㅋ\n족발 안좋아했던 집사람도 잘먹어요ㅋ","date":"Mon Dec 10 23:59:44 +0000 2018","retweets":"30","favorites":"20","mentions":[],"hashtags":[],"geo":"","raw":"맛있어요 맛있어요ㅋ\n족발 안좋아했던 집사람도 잘먹어요ㅋ","polarity":{"com":0.0014285714000000001,"pos":0.15952380940000002,"neg":0.7115476192000001,"neut":0.027857142800000005,"none":0.09964285720000002},"intensity":{"high":0.1132936508,"low":0.0673015872,"meium":0.7197619048,"none":0.0996428572},"expressive":{"dir-action":0,"dir-explicit":0.21908730155618256,"dir-speech":0.6530555554693889,"indirect":0.017142857196571427,"writing-device":0.11071428577785714}},{"id":"놀부보쌈-화랑대역점","permalink":"","username":"asdfg","text":"살짝  냄새나는거 말고는  괜찮았어요","date":"Mon Dec 10 23:59:44 +0000 2018","retweets":"30","favorites":"20","mentions":[],"hashtags":[],"geo":"","raw":"살짝  냄새나는거 말고는  괜찮았어요","polarity":{"com":0,"pos":0,"neg":1,"neut":0,"none":0},"intensity":{"high":0,"low":0,"meium":1,"none":0},"expressive":{"dir-action":0,"dir-explicit":0,"dir-speech":0.5,"indirect":0,"writing-device":0.5}},{"id":"놀부보쌈-화랑대역점","permalink":"","username":"asdfg","text":"배달 빨리 왔네요 잘 먹었습니다~","date":"Mon Dec 10 23:59:44 +0000 2018","retweets":"30","favorites":"20","mentions":[],"hashtags":[],"geo":"","raw":"배달 빨리 왔네요 잘 먹었습니다~","polarity":{"com":0,"pos":0.7380952382460317,"neg":0.07142857135714285,"neut":0.1904761903968254,"none":0},"intensity":{"high":0,"low":0.07142857133333333,"meium":0.9285714286666668,"none":0},"expressive":{"dir-action":0,"dir-explicit":0.07142857133333333,"dir-speech":0.5476190476666667,"indirect":0.380952381,"writing-device":0}},{"id":"놀부보쌈-화랑대역점","permalink":"","username":"asdfg","text":"배송도 빠르고 보쌈도 맛나네요","date":"Mon Dec 10 23:59:44 +0000 2018","retweets":"30","favorites":"20","mentions":[],"hashtags":[],"geo":"","raw":"배송도 빠르고 보쌈도 맛나네요","polarity":{"com":0.007142857,"pos":0.214285714,"neg":0.328571429,"neut":0.014285714,"none":0.435714286},"intensity":{"high":0.142857143,"low":0.114285714,"meium":0.307142857,"none":0.435714286},"expressive":{"dir-action":0,"dir-explicit":0.1857142858142857,"dir-speech":0.29999999969999996,"indirect":0.0857142859142857,"writing-device":0.42857142857142855}},{"id":"놀부보쌈-화랑대역점","permalink":"","username":"asdfg","text":"소주가 안와서 연락을 하는데 \n전화를 열통해도 안받네요?\n오늘안에 해결 안되면 바로 경찰에 신고하고 매장 찾아갑니다^^\n돈은 다 지불했는데 소주를 빼고 오셨으니\n빠른 해결 바랍니다 \n연락 째지좀 말구요","date":"Mon Dec 10 23:59:44 +0000 2018","retweets":"30","favorites":"20","mentions":[],"hashtags":[],"geo":"","raw":"소주가 안와서 연락을 하는데 \n전화를 열통해도 안받네요?\n오늘안에 해결 안되면 바로 경찰에 신고하고 매장 찾아갑니다^^\n돈은 다 지불했는데 소주를 빼고 오셨으니\n빠른 해결 바랍니다 \n연락 째지좀 말구요","polarity":{"com":0.008529234801705848,"pos":0.6388075995944282,"neg":0.21398672144279737,"neut":0.05986948054530724,"none":0.0788069636157614},"intensity":{"high":0.07148376172856775,"low":0.12430577972504629,"meium":0.7242834232183811,"none":0.07992703532800487},"expressive":{"dir-action":0.0017094719996581056,"dir-explicit":0.21569076329019518,"dir-speech":0.28456219567642094,"indirect":0.41928216744947683,"writing-device":0.07875540158424893}},{"id":"놀부보쌈-화랑대역점","permalink":"","username":"asdfg","text":"잘 먹었습니다 요청사항 잘 챙겨주셔서 감사합니다.","date":"Mon Dec 10 23:59:44 +0000 2018","retweets":"30","favorites":"20","mentions":[],"hashtags":[],"geo":"","raw":"잘 먹었습니다 요청사항 잘 챙겨주셔서 감사합니다.","polarity":{"com":0,"pos":0.8571428574285714,"neg":0.10714285705357143,"neut":0.035714285517857144,"none":0},"intensity":{"high":0.5,"low":0.107142857,"meium":0.392857143,"none":0},"expressive":{"dir-action":0,"dir-explicit":0.35714285700000004,"dir-speech":0.3214285715,"indirect":0.3214285715,"writing-device":0}},{"id":"놀부보쌈-화랑대역점","permalink":"","username":"asdfg","text":"배달 엄청느립니다..... 괜히 기다렷네요... 약속된 예상소요시간보다 이십분 늦게왓네요.","date":"Mon Dec 10 23:59:44 +0000 2018","retweets":"30","favorites":"20","mentions":[],"hashtags":[],"geo":"","raw":"배달 엄청느립니다..... 괜히 기다렷네요... 약속된 예상소요시간보다 이십분 늦게왓네요.","polarity":{"com":0,"pos":0.6875,"neg":0.3125,"neut":0,"none":0},"intensity":{"high":0.125,"low":0,"meium":0.875,"none":0},"expressive":{"dir-action":0,"dir-explicit":0.5,"dir-speech":0.375,"indirect":0.125,"writing-device":0}},{"id":"놀부보쌈-화랑대역점","permalink":"","username":"asdfg","text":"잘 먹었습니다. ^.^","date":"Mon Dec 10 23:59:44 +0000 2018","retweets":"30","favorites":"20","mentions":[],"hashtags":[],"geo":"","raw":"잘 먹었습니다. ^.^","polarity":{"com":0,"pos":0.7142857147142857,"neg":0.21428571421428572,"neut":0.07142857107142857,"none":0},"intensity":{"high":0,"low":0.214285714,"meium":0.785714286,"none":0},"expressive":{"dir-action":0,"dir-explicit":0.214285714,"dir-speech":0.142857143,"indirect":0.642857143,"writing-device":0}},{"id":"놀부보쌈-화랑대역점","permalink":"","username":"asdfg","text":"맛있게 잘 먹었습니다","date":"Mon Dec 10 23:59:44 +0000 2018","retweets":"30","favorites":"20","mentions":[],"hashtags":[],"geo":"","raw":"맛있게 잘 먹었습니다","polarity":{"com":0,"pos":0.35714285717857136,"neg":0.6071428573035714,"neut":0.03571428551785714,"none":0},"intensity":{"high":0,"low":0.107142857,"meium":0.8928571430000001,"none":0},"expressive":{"dir-action":0,"dir-explicit":0.107142857,"dir-speech":0.5714285715,"indirect":0.3214285715,"writing-device":0}},{"id":"놀부보쌈-화랑대역점","permalink":"","username":"asdfg","text":"배달하시는분이 넘친절!!!!!!!","date":"Mon Dec 10 23:59:44 +0000 2018","retweets":"30","favorites":"20","mentions":[],"hashtags":[],"geo":"","raw":"배달하시는분이 넘친절!!!!!!!","polarity":{"com":0,"pos":1,"neg":0,"neut":0,"none":0},"intensity":{"high":0,"low":0,"meium":1,"none":0},"expressive":{"dir-action":0,"dir-explicit":0,"dir-speech":1,"indirect":0,"writing-device":0}},{"id":"놀부보쌈-화랑대역점","permalink":"","username":"asdfg","text":"요기요 처음이용하는데  아주 잘 먹었네요\n이집 괜찮은것 같아요","date":"Mon Dec 10 23:59:44 +0000 2018","retweets":"30","favorites":"20","mentions":[],"hashtags":[],"geo":"","raw":"요기요 처음이용하는데  아주 잘 먹었네요\n이집 괜찮은것 같아요","polarity":{"com":0.027035330324321552,"pos":0.4364904806878365,"neg":0.4031175813656275,"neut":0.029130009823623328,"none":0.10422659779859114},"intensity":{"high":0.08348267616666666,"low":0.08416965349999998,"meium":0.7277626495,"none":0.10458502083333332},"expressive":{"dir-action":0.0010752688329749103,"dir-explicit":0.18244037927251985,"dir-speech":0.48879850733706715,"indirect":0.2234592467588469,"writing-device":0.10422659779859113}},{"id":"놀부보쌈-화랑대역점","permalink":"","username":"asdfg","text":"배달비가ㅜ생겼네요 아쉽 ㅜ\n쿠폰 없는대ㅜ이제 안하시나요?","date":"Mon Dec 10 23:59:44 +0000 2018","retweets":"30","favorites":"20","mentions":[],"hashtags":[],"geo":"","raw":"배달비가ㅜ생겼네요 아쉽 ㅜ\n쿠폰 없는대ㅜ이제 안하시나요?","polarity":{"com":0.0930264119767434,"pos":0.48555868737861035,"neg":0.3334525176666368,"neut":0.03310366424172408,"none":0.054858718736285325},"intensity":{"high":0.09077147920461426,"low":0.0671929917164035,"meium":0.784211991357894,"none":0.05782353772108823},"expressive":{"dir-action":0.0016129032504032259,"dir-explicit":0.3797351845949338,"dir-speech":0.2659428610664857,"indirect":0.2905687788226422,"writing-device":0.06214027226553507}},{"id":"놀부보쌈-화랑대역점","permalink":"","username":"asdfg","text":"맛있어요. 양도 많고 좋아요.","date":"Mon Dec 10 23:59:44 +0000 2018","retweets":"30","favorites":"20","mentions":[],"hashtags":[],"geo":"","raw":"맛있어요. 양도 많고 좋아요.","polarity":{"com":0,"pos":0.43710144933333334,"neg":0.5350724636666666,"neut":0.014492753666666663,"none":0.013333333333333332},"intensity":{"high":0.1536231883845411,"low":0.08579710136193236,"meium":0.7472463769157488,"none":0.013333333337777779},"expressive":{"dir-action":0,"dir-explicit":0.373913043457971,"dir-speech":0.4724637681574879,"indirect":0.1402898550467633,"writing-device":0.013333333337777779}},{"id":"놀부보쌈-화랑대역점","permalink":"","username":"asdfg","text":"저번에 먹었으때보다\n덜익은것처럼 족발이 하얏게 왔네요...\n예전에 시켰을때 좀 깜하고 쫀득거려서 맛있게 먹었었는데... ^^;;\n다시 예전처럼 해서 배달 됐으면 좋겠네요...","date":"Mon Dec 10 23:59:44 +0000 2018","retweets":"30","favorites":"20","mentions":[],"hashtags":[],"geo":"","raw":"저번에 먹었으때보다\n덜익은것처럼 족발이 하얏게 왔네요...\n예전에 시켰을때 좀 깜하고 쫀득거려서 맛있게 먹었었는데... ^^;;\n다시 예전처럼 해서 배달 됐으면 좋겠네요...","polarity":{"com":0.013087489331152084,"pos":0.5129645935811725,"neg":0.3489232325251794,"neut":0.05392806115767864,"none":0.07109662340481722},"intensity":{"high":0.0792847025899404,"low":0.10333690109194477,"meium":0.7449568113120798,"none":0.07242158500603514},"expressive":{"dir-action":0.00132496158355416,"dir-explicit":0.20707277228451215,"dir-speech":0.5334851675055808,"indirect":0.18179567794696594,"writing-device":0.0763214206793869}},{"id":"놀부보쌈-화랑대역점","permalink":"","username":"asdfg","text":"매번 시키는데 아주 좋아요","date":"Mon Dec 10 23:59:44 +0000 2018","retweets":"30","favorites":"20","mentions":[],"hashtags":[],"geo":"","raw":"매번 시키는데 아주 좋아요","polarity":{"com":0,"pos":0.75,"neg":0.25,"neut":0,"none":0},"intensity":{"high":0.25,"low":0,"meium":0.75,"none":0},"expressive":{"dir-action":0,"dir-explicit":0,"dir-speech":0.25,"indirect":0.75,"writing-device":0}},{"id":"놀부보쌈-화랑대역점","permalink":"","username":"asdfg","text":"맛이 좋아요 밑반찬좋아요","date":"Mon Dec 10 23:59:44 +0000 2018","retweets":"30","favorites":"20","mentions":[],"hashtags":[],"geo":"","raw":"맛이 좋아요 밑반찬좋아요","polarity":{"com":0,"pos":0.9466666666666667,"neg":0.02666666666666667,"neut":0,"none":0.02666666666666667},"intensity":{"high":0.13333333333333333,"low":0.02666666666666667,"meium":0.8133333333333334,"none":0.02666666666666667},"expressive":{"dir-action":0,"dir-explicit":0.4,"dir-speech":0.46666666666666673,"indirect":0.10666666666666669,"writing-device":0.026666666666666672}},{"id":"놀부보쌈-화랑대역점","permalink":"","username":"asdfg","text":"족발은 그냥 그렇다","date":"Mon Dec 10 23:59:44 +0000 2018","retweets":"30","favorites":"20","mentions":[],"hashtags":[],"geo":"","raw":"족발은 그냥 그렇다","polarity":{"com":0.0084745765,"pos":0.30296610150000003,"neg":0.529661017,"neut":0.0169491525,"none":0.1419491525},"intensity":{"high":0.21751412410875706,"low":0.15112994357556495,"meium":0.4894067797447034,"none":0.1419491525709746},"expressive":{"dir-action":0,"dir-explicit":0.17725988708862997,"dir-speech":0.4463276837231639,"indirect":0.23446327661723163,"writing-device":0.1419491525709746}},{"id":"놀부보쌈-화랑대역점","permalink":"","username":"asdfg","text":"진찐 장난하나?한시간이 넘었는데 아직도 안옴\n고기를 잡아서 옵니까??\n1시간20분 됐음 \n진짜 먼저 결제는 안하는게 좋을듯 \n욕나오네","date":"Mon Dec 10 23:59:44 +0000 2018","retweets":"30","favorites":"20","mentions":[],"hashtags":[],"geo":"","raw":"진찐 장난하나?한시간이 넘었는데 아직도 안옴\n고기를 잡아서 옵니까??\n1시간20분 됐음 \n진짜 먼저 결제는 안하는게 좋을듯 \n욕나오네","polarity":{"com":0.008720412373909948,"pos":0.3844545795144432,"neg":0.39367330763829084,"neut":0.11952433679755946,"none":0.09362736367579658},"intensity":{"high":0.09701424935680983,"low":0.10411445941797853,"meium":0.7045255367429014,"none":0.09434575448231015},"expressive":{"dir-action":0.06768267651269048,"dir-explicit":0.19995123847499083,"dir-speech":0.4489886672091853,"indirect":0.18424432765954582,"writing-device":0.09913309014358745}},{"id":"놀부보쌈-화랑대역점","permalink":"","username":"asdfg","text":"아이들이 살코기로 잘 먹어요. 아이들을 위해 목살로 일부러 주문하니 기름진 부위 제거 꼭 부탁드려요.","date":"Mon Dec 10 23:59:44 +0000 2018","retweets":"30","favorites":"20","mentions":[],"hashtags":[],"geo":"","raw":"아이들이 살코기로 잘 먹어요. 아이들을 위해 목살로 일부러 주문하니 기름진 부위 제거 꼭 부탁드려요.","polarity":{"com":0,"pos":0.7301587302883599,"neg":0.20238095236706347,"neut":0.011904761835317459,"none":0.05555555550925926},"intensity":{"high":0,"low":0.2023809523333333,"meium":0.7420634921666668,"none":0.0555555555},"expressive":{"dir-action":0,"dir-explicit":0.20238095236706347,"dir-speech":0.496031746082672,"indirect":0.24603174604100533,"writing-device":0.05555555550925926}},{"id":"놀부보쌈-화랑대역점","permalink":"","username":"asdfg","text":"냄새 안 나고 정말 맛있네요!김치도 예술 이네요. 먹었습니다~","date":"Mon Dec 10 23:59:44 +0000 2018","retweets":"30","favorites":"20","mentions":[],"hashtags":[],"geo":"","raw":"냄새 안 나고 정말 맛있네요!김치도 예술 이네요. 먹었습니다~","polarity":{"com":0.005003112333333334,"pos":0.3995876126666667,"neg":0.4264550266666667,"neut":0.017631497000000003,"none":0.15132275133333337},"intensity":{"high":0.32547463422091255,"low":0.06970121367828355,"meium":0.4535014007422502,"none":0.15132275135855383},"expressive":{"dir-action":0,"dir-explicit":0.25675381262387437,"dir-speech":0.27887488328685417,"indirect":0.3109710551148382,"writing-device":0.1534002489744333}},{"id":"놀부보쌈-화랑대역점","permalink":"","username":"asdfg","text":"요청사항 들어주셔서 감사합니다 잘먹었네요.ㅎ","date":"Mon Dec 10 23:59:44 +0000 2018","retweets":"30","favorites":"20","mentions":[],"hashtags":[],"geo":"","raw":"요청사항 들어주셔서 감사합니다 잘먹었네요.ㅎ","polarity":{"com":0,"pos":0.9047619049682539,"neg":0.07142857135714285,"neut":0.023809523674603175,"none":0},"intensity":{"high":0.6666666666666666,"low":0.07142857133333333,"meium":0.261904762,"none":0},"expressive":{"dir-action":0,"dir-explicit":0.4047619046666666,"dir-speech":0.38095238099999995,"indirect":0.2142857143333333,"writing-device":0}},{"id":"놀부보쌈-화랑대역점","permalink":"","username":"asdfg","text":"목살은 비계가 없어 너무 좋았습니다\n2인분 인데 양 충분하구요~^^","date":"Mon Dec 10 23:59:44 +0000 2018","retweets":"30","favorites":"20","mentions":[],"hashtags":[],"geo":"","raw":"목살은 비계가 없어 너무 좋았습니다\n2인분 인데 양 충분하구요~^^","polarity":{"com":0.030447018828258832,"pos":0.4020313397663282,"neg":0.47615684692064053,"neut":0.030159521494973415,"none":0.06120527298979914},"intensity":{"high":0.08977828419659274,"low":0.07854347002618116,"meium":0.7704729727568244,"none":0.06120527302040176},"expressive":{"dir-action":0,"dir-explicit":0.5110785369148202,"dir-speech":0.28571956095238005,"indirect":0.1387286553102119,"writing-device":0.06447324682258779}},{"id":"놀부보쌈-화랑대역점","permalink":"","username":"asdfg","text":"맛있게 잘 먹었습니다~~","date":"Mon Dec 10 23:59:44 +0000 2018","retweets":"30","favorites":"20","mentions":[],"hashtags":[],"geo":"","raw":"맛있게 잘 먹었습니다~~","polarity":{"com":0,"pos":0.35714285717857136,"neg":0.6071428573035714,"neut":0.03571428551785714,"none":0},"intensity":{"high":0,"low":0.107142857,"meium":0.8928571430000001,"none":0},"expressive":{"dir-action":0,"dir-explicit":0.107142857,"dir-speech":0.5714285715,"indirect":0.3214285715,"writing-device":0}},{"id":"놀부보쌈-화랑대역점","permalink":"","username":"asdfg","text":"잘 먹었어요. 또 주문할께요.ㅋ","date":"Mon Dec 10 23:59:44 +0000 2018","retweets":"30","favorites":"20","mentions":[],"hashtags":[],"geo":"","raw":"잘 먹었어요. 또 주문할께요.ㅋ","polarity":{"com":0.006451612999999999,"pos":0.45775729633333334,"neg":0.33184843833333333,"neut":0.05176651299999999,"none":0.15217613933333332},"intensity":{"high":0.046594982,"low":0.11013824866666666,"meium":0.690373784,"none":0.15289298533333334},"expressive":{"dir-action":0.002150537666666667,"dir-explicit":0.22370711733333334,"dir-speech":0.24106502833333332,"indirect":0.33328213,"writing-device":0.19979518666666665}},{"id":"놀부보쌈-화랑대역점","permalink":"","username":"asdfg","text":"양도 많고 돼지 비린내도 안나고 좋아요.\n국물 먹는걸 좋아하는데, 국이 짱짱! 맛있습니다\n가격 대비 좋아요.","date":"Mon Dec 10 23:59:44 +0000 2018","retweets":"30","favorites":"20","mentions":[],"hashtags":[],"geo":"","raw":"양도 많고 돼지 비린내도 안나고 좋아요.\n국물 먹는걸 좋아하는데, 국이 짱짱! 맛있습니다\n가격 대비 좋아요.","polarity":{"com":0.0038546255,"pos":0.52037780125,"neg":0.4065515865,"neut":0.058114665125000006,"none":0.011101321624999997},"intensity":{"high":0.10971344352742839,"low":0.10230484790057622,"meium":0.7763297261940825,"none":0.011651982377912996},"expressive":{"dir-action":0.0005506607501376651,"dir-explicit":0.4197572836049393,"dir-speech":0.3445503203361376,"indirect":0.22348975293087242,"writing-device":0.011651982377912993}},{"id":"놀부보쌈-화랑대역점","permalink":"","username":"asdfg","text":"배달 빠르고 음식 맛도 좋아요","date":"Mon Dec 10 23:59:44 +0000 2018","retweets":"30","favorites":"20","mentions":[],"hashtags":[],"geo":"","raw":"배달 빠르고 음식 맛도 좋아요","polarity":{"com":0,"pos":0.9733333333333333,"neg":0.013333333333333334,"neut":0,"none":0.013333333333333334},"intensity":{"high":0.06666666666666667,"low":0.013333333333333334,"meium":0.9066666666666666,"none":0.013333333333333334},"expressive":{"dir-action":0,"dir-explicit":0.19999999999999996,"dir-speech":0.7333333333333333,"indirect":0.05333333333333333,"writing-device":0.013333333333333332}},{"id":"놀부보쌈-화랑대역점","permalink":"","username":"asdfg","text":"항상 만족하며 잘 먹어요.ㅋ\n요청사항도 잘 들어주시는편.\n근데 오늘 쿠폰에 붙어있는 테이프에서 때려니까 쿠폰 윗부분이 뜯어짐.ㅠ","date":"Mon Dec 10 23:59:44 +0000 2018","retweets":"30","favorites":"20","mentions":[],"hashtags":[],"geo":"","raw":"항상 만족하며 잘 먹어요.ㅋ\n요청사항도 잘 들어주시는편.\n근데 오늘 쿠폰에 붙어있는 테이프에서 때려니까 쿠폰 윗부분이 뜯어짐.ㅠ","polarity":{"com":0.007166837500895854,"pos":0.5678856486959857,"neg":0.22950924365368866,"neut":0.13637803914204727,"none":0.05906023100738252},"intensity":{"high":0.17354612014669327,"low":0.11377404788922175,"meium":0.6528001229566001,"none":0.05987970900748497},"expressive":{"dir-action":0.001357112375,"dir-explicit":0.53684275975,"dir-speech":0.19983928487499997,"indirect":0.20324280837500003,"writing-device":0.058718034625}},{"id":"놀부보쌈-화랑대역점","permalink":"","username":"asdfg","text":"양 적당하고 맛있어요~야채도 싱싱하네요","date":"Mon Dec 10 23:59:44 +0000 2018","retweets":"30","favorites":"20","mentions":[],"hashtags":[],"geo":"","raw":"양 적당하고 맛있어요~야채도 싱싱하네요","polarity":{"com":0.0046592775,"pos":0.3840311985,"neg":0.43271757000000005,"neut":0.020812807750000002,"none":0.15777914625},"intensity":{"high":0.06444991798388751,"low":0.06018062398495484,"meium":0.7147167485713208,"none":0.1606527094598368},"expressive":{"dir-action":0.00287356325,"dir-explicit":0.08665845650000001,"dir-speech":0.42844827575,"indirect":0.317405583,"writing-device":0.1646141215}},{"id":"놀부보쌈-화랑대역점","permalink":"","username":"asdfg","text":"보쌈 세트먹었어요. 2명이 먹기 양 알차요.\n단한가지 흠은 젓가락이 누락되었었네요..ㅠ\n전에 시키고 남았던 젓가락이 있어 다행이도,\n잘먹었습니다^^\n맛있었습니다.","date":"Mon Dec 10 23:59:44 +0000 2018","retweets":"30","favorites":"20","mentions":[],"hashtags":[],"geo":"","raw":"보쌈 세트먹었어요. 2명이 먹기 양 알차요.\n단한가지 흠은 젓가락이 누락되었었네요..ㅠ\n전에 시키고 남았던 젓가락이 있어 다행이도,\n잘먹었습니다^^\n맛있었습니다.","polarity":{"com":0.010692229077745556,"pos":0.2697920877130609,"neg":0.5335554249641197,"neut":0.13033103708694851,"none":0.055629221158125325},"intensity":{"high":0.08282805918570312,"low":0.16538126844822357,"meium":0.69452217642097,"none":0.05726849594510327},"expressive":{"dir-action":0.0006777363077444412,"dir-explicit":0.31452091048573233,"dir-speech":0.3996645374153588,"indirect":0.21781421609367804,"writing-device":0.06732259969748636}},{"id":"놀부보쌈-화랑대역점","permalink":"","username":"asdfg","text":"맛있고 배달빨라요","date":"Mon Dec 10 23:59:44 +0000 2018","retweets":"30","favorites":"20","mentions":[],"hashtags":[],"geo":"","raw":"맛있고 배달빨라요","polarity":{"com":0,"pos":0.5,"neg":0.5,"neut":0,"none":0},"intensity":{"high":0,"low":0,"meium":1,"none":0},"expressive":{"dir-action":0,"dir-explicit":0,"dir-speech":1,"indirect":0,"writing-device":0}},{"id":"놀부보쌈-화랑대역점","permalink":"","username":"asdfg","text":"맛있고,양도 많네요.\n둘이 먹기에 버거울 정도로 많아요\n한상가득이라 기분이 좋네요","date":"Mon Dec 10 23:59:44 +0000 2018","retweets":"30","favorites":"20","mentions":[],"hashtags":[],"geo":"","raw":"맛있고,양도 많네요.\n둘이 먹기에 버거울 정도로 많아요\n한상가득이라 기분이 좋네요","polarity":{"com":0.006714102625,"pos":0.36666012575,"neg":0.451925982625,"neut":0.104154023,"none":0.070545766},"intensity":{"high":0.1818646228409323,"low":0.13108006806554004,"meium":0.6159588823079795,"none":0.07109642678554821},"expressive":{"dir-action":0.0005506607502064977,"dir-explicit":0.4053178122769942,"dir-speech":0.3123288084921233,"indirect":0.20825531132809577,"writing-device":0.07354740715258029}},{"id":"놀부보쌈-화랑대역점","permalink":"","username":"asdfg","text":"고기가 연하고 맛있습니다 잘 먹었어요~~","date":"Mon Dec 10 23:59:44 +0000 2018","retweets":"30","favorites":"20","mentions":[],"hashtags":[],"geo":"","raw":"고기가 연하고 맛있습니다 잘 먹었어요~~","polarity":{"com":0.004838709751209676,"pos":0.3076036865769009,"neg":0.3917434715979358,"neut":0.2888248848222062,"none":0.006989247251747311},"intensity":{"high":0.0349462365,"low":0.0826036865,"meium":0.8749231952500001,"none":0.00752688175},"expressive":{"dir-action":0.00161290325,"dir-explicit":0.13206605225,"dir-speech":0.60937019975,"indirect":0.2499615975,"writing-device":0.00698924725}},{"id":"놀부보쌈-화랑대역점","permalink":"","username":"asdfg","text":"한번 먹어봐야지,하고 시켜보았어요.\n왠걸? 양도 많고 맛도 좋고\n음식이 정갈해서 보기도 좋네요!\n다음에는 부대찌게 세트로도 먹어볼께요~","date":"Mon Dec 10 23:59:44 +0000 2018","retweets":"30","favorites":"20","mentions":[],"hashtags":[],"geo":"","raw":"한번 먹어봐야지,하고 시켜보았어요.\n왠걸? 양도 많고 맛도 좋고\n음식이 정갈해서 보기도 좋네요!\n다음에는 부대찌게 세트로도 먹어볼께요~","polarity":{"com":0.006124844833843738,"pos":0.4968794556247399,"neg":0.35812714886317726,"neut":0.0702588622558549,"none":0.06860968842238413},"intensity":{"high":0.12761394717730118,"low":0.10122282784176859,"meium":0.7009783247250816,"none":0.07018490025584874},"expressive":{"dir-action":0.0015752118335958685,"dir-explicit":0.2854778804642463,"dir-speech":0.45641270190940214,"indirect":0.16287275019381214,"writing-device":0.09366145559894358}},{"id":"놀부보쌈-화랑대역점","permalink":"","username":"asdfg","text":"ㅋㅋ프렌차이즈임에도 만족스러운구성","date":"Mon Dec 10 23:59:44 +0000 2018","retweets":"30","favorites":"20","mentions":[],"hashtags":[],"geo":"","raw":"ㅋㅋ프렌차이즈임에도 만족스러운구성","polarity":{"com":0.03298319300000001,"pos":0.3718487395,"neg":0.37016806750000003,"neut":0.007142857000000001,"none":0.21785714300000003},"intensity":{"high":0.1596638655,"low":0.057142857,"meium":0.5653361345,"none":0.217857143},"expressive":{"dir-action":0,"dir-explicit":0.269327731,"dir-speech":0.1794117645,"indirect":0.33697478999999997,"writing-device":0.2142857145}},{"id":"놀부보쌈-화랑대역점","permalink":"","username":"asdfg","text":"맛있는데 양이 넘 적어요 ㅠㅠ 보쌈목살로 주문할수 있어서 기름기적은 부위로 먹는게 좋네요","date":"Mon Dec 10 23:59:44 +0000 2018","retweets":"30","favorites":"20","mentions":[],"hashtags":[],"geo":"","raw":"맛있는데 양이 넘 적어요 ㅠㅠ 보쌈목살로 주문할수 있어서 기름기적은 부위로 먹는게 좋네요","polarity":{"com":0.004699248124412594,"pos":0.4932784684383402,"neg":0.38380968457702375,"neut":0.02977274924627841,"none":0.08843984961394503},"intensity":{"high":0.07820874300000001,"low":0.199684708625,"meium":0.63366669875,"none":0.08843984962500001},"expressive":{"dir-action":0,"dir-explicit":0.29762507224999996,"dir-speech":0.46493236299999996,"indirect":0.14900271512500002,"writing-device":0.08843984962500001}},{"id":"놀부보쌈-화랑대역점","permalink":"","username":"asdfg","text":"양도 적당하고 맛있어요!","date":"Mon Dec 10 23:59:44 +0000 2018","retweets":"30","favorites":"20","mentions":[],"hashtags":[],"geo":"","raw":"양도 적당하고 맛있어요!","polarity":{"com":0,"pos":0.5,"neg":0.5,"neut":0,"none":0},"intensity":{"high":0,"low":0,"meium":1,"none":0},"expressive":{"dir-action":0,"dir-explicit":0,"dir-speech":0.5,"indirect":0.5,"writing-device":0}},{"id":"놀부보쌈-화랑대역점","permalink":"","username":"asdfg","text":"맛있어요!\n질 먹었습니다.","date":"Mon Dec 10 23:59:44 +0000 2018","retweets":"30","favorites":"20","mentions":[],"hashtags":[],"geo":"","raw":"맛있어요!\n질 먹었습니다.","polarity":{"com":0,"pos":0.1666666665,"neg":0.8333333334999999,"neut":0,"none":0},"intensity":{"high":0.0555555555,"low":0.111111111,"meium":0.8333333334999999,"none":0},"expressive":{"dir-action":0,"dir-explicit":0.111111111,"dir-speech":0.888888889,"indirect":0,"writing-device":0}},{"id":"놀부보쌈-화랑대역점","permalink":"","username":"asdfg","text":"비계 적은 목살을 선택 할 수있어 좋아요","date":"Mon Dec 10 23:59:44 +0000 2018","retweets":"30","favorites":"20","mentions":[],"hashtags":[],"geo":"","raw":"비계 적은 목살을 선택 할 수있어 좋아요","polarity":{"com":0.0065030548,"pos":0.49956901719999997,"neg":0.27590721760000003,"neut":0.0291384488,"none":0.1888822616},"intensity":{"high":0.14566117837086778,"low":0.0594435125881113,"meium":0.6037141968792572,"none":0.19118111216176378},"expressive":{"dir-action":0.005301853602120742,"dir-explicit":0.3274091331309636,"dir-speech":0.21975561768790225,"indirect":0.25055338110022135,"writing-device":0.19698001447879201}},{"id":"놀부보쌈-화랑대역점","permalink":"","username":"asdfg","text":"40분 걸린다 했는데 한시간 넘게 안와서 전화하니 출발했습니다~ 하네요.\n맛은 있지만 배달은 별로....","date":"Mon Dec 10 23:59:44 +0000 2018","retweets":"30","favorites":"20","mentions":[],"hashtags":[],"geo":"","raw":"40분 걸린다 했는데 한시간 넘게 안와서 전화하니 출발했습니다~ 하네요.\n맛은 있지만 배달은 별로....","polarity":{"com":0.005230514083333333,"pos":0.4434109988333333,"neg":0.37773325091666665,"neut":0.03762348375,"none":0.13600175241666668},"intensity":{"high":0.09097961581058842,"low":0.045750900571895604,"meium":0.724214956485613,"none":0.13905452713190303},"expressive":{"dir-action":0.0034111976675194654,"dir-explicit":0.16088880720688883,"dir-speech":0.41073834243601787,"indirect":0.275130877402116,"writing-device":0.1498307752874577}},{"id":"놀부보쌈-화랑대역점","permalink":"","username":"asdfg","text":"배달 빠르고 맛있네요","date":"Mon Dec 10 23:59:44 +0000 2018","retweets":"30","favorites":"20","mentions":[],"hashtags":[],"geo":"","raw":"배달 빠르고 맛있네요","polarity":{"com":0,"pos":0.5,"neg":0.5,"neut":0,"none":0},"intensity":{"high":0,"low":0,"meium":1,"none":0},"expressive":{"dir-action":0,"dir-explicit":0,"dir-speech":1,"indirect":0,"writing-device":0}},{"id":"놀부보쌈-화랑대역점","permalink":"","username":"asdfg","text":"할인이된다해서 좀 비약하게 나올지 알았는데\n정상가격데로 나오고 내용물도 충실해서 넘 좋네요~~^^","date":"Mon Dec 10 23:59:44 +0000 2018","retweets":"30","favorites":"20","mentions":[],"hashtags":[],"geo":"","raw":"할인이된다해서 좀 비약하게 나올지 알았는데\n정상가격데로 나오고 내용물도 충실해서 넘 좋네요~~^^","polarity":{"com":0.026894432997310553,"pos":0.7212513566278748,"neg":0.1920528148807947,"neut":0.024374557597562543,"none":0.03542683789645731},"intensity":{"high":0.07123032329287697,"low":0.19405744718059426,"meium":0.6979209125302079,"none":0.036791316996320864},"expressive":{"dir-action":0.008937443700893744,"dir-explicit":0.3533339594353334,"dir-speech":0.3110148360311015,"indirect":0.2787477380278748,"writing-device":0.0479660228047966}},{"id":"놀부보쌈-화랑대역점","permalink":"","username":"asdfg","text":"맛있습니다","date":"Mon Dec 10 23:59:44 +0000 2018","retweets":"30","favorites":"20","mentions":[],"hashtags":[],"geo":"","raw":"맛있습니다","polarity":{"com":0,"pos":0,"neg":1,"neut":0,"none":0},"intensity":{"high":0,"low":0,"meium":1,"none":0},"expressive":{"dir-action":0,"dir-explicit":0,"dir-speech":1,"indirect":0,"writing-device":0}},{"id":"놀부보쌈-화랑대역점","permalink":"","username":"asdfg","text":"기름기많은거 좋아해서 삼겹으로시키고 주문사항까지썼는데..안읽으시나봐요\n삼겹인데도 뒷다리살같은 느낌이네요..\n그래도 냄새나진않고 뻑뻑하지않아서 잘먹었습니다","date":"Mon Dec 10 23:59:44 +0000 2018","retweets":"30","favorites":"20","mentions":[],"hashtags":[],"geo":"","raw":"기름기많은거 좋아해서 삼겹으로시키고 주문사항까지썼는데..안읽으시나봐요\n삼겹인데도 뒷다리살같은 느낌이네요..\n그래도 냄새나진않고 뻑뻑하지않아서 잘먹었습니다","polarity":{"com":0.004157130616024174,"pos":0.39486621690690243,"neg":0.4509119683001403,"neut":0.04515862923771672,"none":0.10490605493921631},"intensity":{"high":0.2139734952801477,"low":0.14029749034006864,"meium":0.5370954557393297,"none":0.10863355864045389},"expressive":{"dir-action":0.00023100023078700006,"dir-explicit":0.2648662451742205,"dir-speech":0.235075632248852,"indirect":0.35177318018090564,"writing-device":0.14805394216523493}},{"id":"놀부보쌈-화랑대역점","permalink":"","username":"asdfg","text":"빠른 배송 친절한 사장님 맛도 최고! 친절도 최고!","date":"Mon Dec 10 23:59:44 +0000 2018","retweets":"30","favorites":"20","mentions":[],"hashtags":[],"geo":"","raw":"빠른 배송 친절한 사장님 맛도 최고! 친절도 최고!","polarity":{"com":0.0052995392,"pos":0.723860727,"neg":0.15847414240000002,"neut":0.0196313364,"none":0.092734255},"intensity":{"high":0.21208397340000001,"low":0.11274961580000001,"meium":0.5820020482,"none":0.09316436260000001},"expressive":{"dir-action":0.0012903225997419356,"dir-explicit":0.0999385561800123,"dir-speech":0.31892473113621506,"indirect":0.48854070650229187,"writing-device":0.09130568358173886}},{"id":"놀부보쌈-화랑대역점","permalink":"","username":"asdfg","text":"고기도 야채도 김치도 다 맛있었습니다","date":"Mon Dec 10 23:59:44 +0000 2018","retweets":"30","favorites":"20","mentions":[],"hashtags":[],"geo":"","raw":"고기도 야채도 김치도 다 맛있었습니다","polarity":{"com":0.0035714285,"pos":0.107142857,"neg":0.4142857145,"neut":0.25714285699999995,"none":0.217857143},"intensity":{"high":0.0714285715,"low":0.057142857,"meium":0.6535714285,"none":0.217857143},"expressive":{"dir-action":0,"dir-explicit":0.09285714295357143,"dir-speech":0.649999999675,"indirect":0.042857142978571426,"writing-device":0.21428571439285712}},{"id":"놀부보쌈-화랑대역점","permalink":"","username":"asdfg","text":"먹을만해요","date":"Mon Dec 10 23:59:44 +0000 2018","retweets":"30","favorites":"20","mentions":[],"hashtags":[],"geo":"","raw":"먹을만해요","polarity":{"com":0,"pos":0.333333333,"neg":0.666666667,"neut":0,"none":0},"intensity":{"high":0.111111111,"low":0.222222222,"meium":0.666666667,"none":0},"expressive":{"dir-action":0,"dir-explicit":0.222222222,"dir-speech":0.777777778,"indirect":0,"writing-device":0}},{"id":"놀부보쌈-화랑대역점","permalink":"","username":"asdfg","text":"맛나요","date":"Mon Dec 10 23:59:44 +0000 2018","retweets":"30","favorites":"20","mentions":[],"hashtags":[],"geo":"","raw":"맛나요","polarity":{"com":0,"pos":1,"neg":0,"neut":0,"none":0},"intensity":{"high":0,"low":0,"meium":1,"none":0},"expressive":{"dir-action":0,"dir-explicit":0,"dir-speech":1,"indirect":0,"writing-device":0}},{"id":"놀부보쌈-화랑대역점","permalink":"","username":"asdfg","text":"다 좋은데 50000원 시켜도 미닛메이드 1.5l 외의 서비스는 없는게 아쉽습니다.","date":"Mon Dec 10 23:59:44 +0000 2018","retweets":"30","favorites":"20","mentions":[],"hashtags":[],"geo":"","raw":"다 좋은데 50000원 시켜도 미닛메이드 1.5l 외의 서비스는 없는게 아쉽습니다.","polarity":{"com":0.003883495199223302,"pos":0.4605569187078887,"neg":0.41075429431784916,"neut":0.04047796859190442,"none":0.08432732318313456},"intensity":{"high":0.11718766675312492,"low":0.2655713218937715,"meium":0.5309719405876111,"none":0.08626907076549237},"expressive":{"dir-action":0,"dir-explicit":0.23268964055346214,"dir-speech":0.4383228421123354,"indirect":0.23883495135223307,"writing-device":0.09015256598196948}},{"id":"놀부보쌈-화랑대역점","permalink":"","username":"asdfg","text":"잘 먹었음요~~^.^","date":"Mon Dec 10 23:59:44 +0000 2018","retweets":"30","favorites":"20","mentions":[],"hashtags":[],"geo":"","raw":"잘 먹었음요~~^.^","polarity":{"com":0,"pos":0.6071428573035714,"neg":0.35714285717857147,"neut":0.035714285517857144,"none":0},"intensity":{"high":0,"low":0.107142857,"meium":0.8928571430000001,"none":0},"expressive":{"dir-action":0,"dir-explicit":0.107142857,"dir-speech":0.3214285715,"indirect":0.5714285715,"writing-device":0}},{"id":"놀부보쌈-화랑대역점","permalink":"","username":"asdfg","text":"보쌈 세트 주문하면 콜라 500ml 같이오는데\n모자랄거 같아서 500ml 추가 주문했고 콜라 2개가 와야하는데 1개만 옴.\n까먹었나하고 연락했더니 사장님 말이 '콜라를 따로 주문했길래 서비스로 나가는 콜라는 필요없을것 같아서 뺏다' 라고 2개 필요하면 말을 해야 안빼지 않냐고 말함. 이게 뭔말인지 참 ㅋㅋㅋㅋ\n그게 말이냐고 따지니까 그제야 빼먹었다고 사과하고ㅋㅋ\n여기서 쿠폰모아서 서비스 받을만큼 많이 시켜먹었었는데 실수하고도 이런식이면 찝찝해서 이제 안시켜야지 원...","date":"Mon Dec 10 23:59:44 +0000 2018","retweets":"30","favorites":"20","mentions":[],"hashtags":[],"geo":"","raw":"보쌈 세트 주문하면 콜라 500ml 같이오는데\n모자랄거 같아서 500ml 추가 주문했고 콜라 2개가 와야하는데 1개만 옴.\n까먹었나하고 연락했더니 사장님 말이 '콜라를 따로 주문했길래 서비스로 나가는 콜라는 필요없을것 같아서 뺏다' 라고 2개 필요하면 말을 해야 안빼지 않냐고 말함. 이게 뭔말인지 참 ㅋㅋㅋㅋ\n그게 말이냐고 따지니까 그제야 빼먹었다고 사과하고ㅋㅋ\n여기서 쿠폰모아서 서비스 받을만큼 많이 시켜먹었었는데 실수하고도 이런식이면 찝찝해서 이제 안시켜야지 원...","polarity":{"com":0.017458941143688518,"pos":0.43885402283042163,"neg":0.3712876498986327,"neut":0.07019325567000921,"none":0.10220613045724791},"intensity":{"high":0.16407640737313914,"low":0.1576819136829675,"meium":0.5747768354488201,"none":0.10346484349507311},"expressive":{"dir-action":0.0016566536904367463,"dir-explicit":0.28427095085037446,"dir-speech":0.3645128461817973,"indirect":0.21930537882811174,"writing-device":0.13025417044927962}},{"id":"놀부보쌈-화랑대역점","permalink":"","username":"asdfg","text":"뭔가 좀 아쉽네요 직화족발인데 불맛은1도 안나고 그냥 육즙만 빠져서 오히려 퍽퍽한 느낌? 그리고 보통 어느정도 달고 짜게 간이 돼있는데 여긴 그렇지 않은것 같아요 이건 약간 호불호가 갈릴듯 딸려오는 반찬 채소들은 좋았어요 배달 하시는 분도 친절하시네요 월급좀 올려주세요","date":"Mon Dec 10 23:59:44 +0000 2018","retweets":"30","favorites":"20","mentions":[],"hashtags":[],"geo":"","raw":"뭔가 좀 아쉽네요 직화족발인데 불맛은1도 안나고 그냥 육즙만 빠져서 오히려 퍽퍽한 느낌? 그리고 보통 어느정도 달고 짜게 간이 돼있는데 여긴 그렇지 않은것 같아요 이건 약간 호불호가 갈릴듯 딸려오는 반찬 채소들은 좋았어요 배달 하시는 분도 친절하시네요 월급좀 올려주세요","polarity":{"com":0.04400124356671415,"pos":0.42474739645449133,"neg":0.38333832320892813,"neut":0.06706800092138558,"none":0.08084503584848089},"intensity":{"high":0.09818052917506498,"low":0.1610367518871058,"meium":0.6590242414407491,"none":0.08175847749708008},"expressive":{"dir-action":0.0007481738928304224,"dir-explicit":0.3205895692742647,"dir-speech":0.349467632237519,"indirect":0.24426254245556206,"writing-device":0.08493208213982387}},{"id":"놀부보쌈-화랑대역점","permalink":"","username":"asdfg","text":"먹을만 했어요","date":"Mon Dec 10 23:59:44 +0000 2018","retweets":"30","favorites":"20","mentions":[],"hashtags":[],"geo":"","raw":"먹을만 했어요","polarity":{"com":0,"pos":0.458333333,"neg":0.3333333335,"neut":0,"none":0.2083333335},"intensity":{"high":0.097222222,"low":0.111111111,"meium":0.5833333334999999,"none":0.2083333335},"expressive":{"dir-action":0,"dir-explicit":0.2777777775,"dir-speech":0.388888889,"indirect":0.125,"writing-device":0.2083333335}},{"id":"놀부보쌈-화랑대역점","permalink":"","username":"asdfg","text":"쫀득쫀득,맛있어요,소주한잔,캬","date":"Mon Dec 10 23:59:44 +0000 2018","retweets":"30","favorites":"20","mentions":[],"hashtags":[],"geo":"","raw":"쫀득쫀득,맛있어요,소주한잔,캬","polarity":{"com":0,"pos":0,"neg":1,"neut":0,"none":0},"intensity":{"high":0,"low":0,"meium":1,"none":0},"expressive":{"dir-action":0,"dir-explicit":0,"dir-speech":1,"indirect":0,"writing-device":0}},{"id":"놀부보쌈-화랑대역점","permalink":"","username":"asdfg","text":"포장도 깔끔하고 맛도 깔끔하네요. 다음에 재주문 하겠습니다^^","date":"Mon Dec 10 23:59:44 +0000 2018","retweets":"30","favorites":"20","mentions":[],"hashtags":[],"geo":"","raw":"포장도 깔끔하고 맛도 깔끔하네요. 다음에 재주문 하겠습니다^^","polarity":{"com":0.008506043000000001,"pos":0.45315204371428575,"neg":0.4842730661428571,"neut":0.019290226142857143,"none":0.034778621},"intensity":{"high":0.12045296526850671,"low":0.07780070713174275,"meium":0.7644676696050761,"none":0.03727865799467448},"expressive":{"dir-action":0.0025000370003571484,"dir-explicit":0.18364916631194989,"dir-speech":0.3705676119100811,"indirect":0.40272045462896,"writing-device":0.040562730148651825}},{"id":"놀부보쌈-화랑대역점","permalink":"","username":"asdfg","text":"고기냄새가 나는편  체인이라 주문했으나\n재구매 노","date":"Mon Dec 10 23:59:44 +0000 2018","retweets":"30","favorites":"20","mentions":[],"hashtags":[],"geo":"","raw":"고기냄새가 나는편  체인이라 주문했으나\n재구매 노","polarity":{"com":0.08714596949999999,"pos":0.4253812636666667,"neg":0.21296296299999998,"neut":0.23747276683333338,"none":0.037037037},"intensity":{"high":0.021241830003540303,"low":0.06917211317819535,"meium":0.8725490198120914,"none":0.03703703700617284},"expressive":{"dir-action":0,"dir-explicit":0.4308278868333333,"dir-speech":0.20043572983333333,"indirect":0.32843137250000004,"writing-device":0.040305010833333335}},{"id":"놀부보쌈-화랑대역점","permalink":"","username":"asdfg","text":"처음으로 주문 배달 시켰는데 양도 푸짐하고 너무 너무 \n맛있었어요! 포장도 깔끔하고 좋았어요!","date":"Mon Dec 10 23:59:44 +0000 2018","retweets":"30","favorites":"20","mentions":[],"hashtags":[],"geo":"","raw":"처음으로 주문 배달 시켰는데 양도 푸짐하고 너무 너무 \n맛있었어요! 포장도 깔끔하고 좋았어요!","polarity":{"com":0.041720291744784956,"pos":0.48020672468997416,"neg":0.440951576444881,"neut":0.008258258248967719,"none":0.028863148871392106},"intensity":{"high":0.07138567137500001,"low":0.07512816387500001,"meium":0.823872265125,"none":0.029613899625000006},"expressive":{"dir-action":0.0007507507499061562,"dir-explicit":0.4477209350690349,"dir-speech":0.26180823684227394,"indirect":0.26010617771748673,"writing-device":0.029613899621298265}},{"id":"놀부보쌈-화랑대역점","permalink":"","username":"asdfg","text":"맛나요. ^^*","date":"Mon Dec 10 23:59:44 +0000 2018","retweets":"30","favorites":"20","mentions":[],"hashtags":[],"geo":"","raw":"맛나요. ^^*","polarity":{"com":0.0114379085,"pos":0.6928104575,"neg":0.138888889,"neut":0.045751634,"none":0.111111111},"intensity":{"high":0.06372549003186273,"low":0.04084967302042484,"meium":0.7843137258921569,"none":0.11111111105555554},"expressive":{"dir-action":0,"dir-explicit":0.209150327,"dir-speech":0.6013071895,"indirect":0.068627451,"writing-device":0.1209150325}},{"id":"놀부보쌈-화랑대역점","permalink":"","username":"asdfg","text":"냄새없이맛있었어요","date":"Mon Dec 10 23:59:44 +0000 2018","retweets":"30","favorites":"20","mentions":[],"hashtags":[],"geo":"","raw":"냄새없이맛있었어요","polarity":{"com":0,"pos":0,"neg":1,"neut":0,"none":0},"intensity":{"high":0.5,"low":0,"meium":0.5,"none":0},"expressive":{"dir-action":0,"dir-explicit":0,"dir-speech":0.5,"indirect":0.5,"writing-device":0}},{"id":"놀부보쌈-화랑대역점","permalink":"","username":"asdfg","text":"놀부보쌈  맛나요  깔끔ㅇ하고고기도냄새안나고다음에도  또시킬께요","date":"Mon Dec 10 23:59:44 +0000 2018","retweets":"30","favorites":"20","mentions":[],"hashtags":[],"geo":"","raw":"놀부보쌈  맛나요  깔끔ㅇ하고고기도냄새안나고다음에도  또시킬께요","polarity":{"com":0.014675848375,"pos":0.3794511938749999,"neg":0.404962645,"neut":0.13726958525,"none":0.0636407275},"intensity":{"high":0.1749406506468676,"low":0.04584729775573092,"meium":0.7153025068394128,"none":0.0639095447579887},"expressive":{"dir-action":0.0008064516248991936,"dir-explicit":0.12333822098458272,"dir-speech":0.4785487361901814,"indirect":0.33455872083318017,"writing-device":0.06274787036715651}}]