[{"id":"호세야오리바베큐-석계점","permalink":"","username":"asdfg","text":"깔끔하게 배달이 와서 좋았어요 먹고 정리하는 것도 편하고...! 부추하고 소스도 주시는데 같이 먹기 너무 좋아요 그래서 다시 재주문해서 먹으려고요 맛있어요!","date":"Mon Dec 10 23:59:44 +0000 2018","retweets":"30","favorites":"20","mentions":[],"hashtags":[],"geo":"","raw":"깔끔하게 배달이 와서 좋았어요 먹고 정리하는 것도 편하고...! 부추하고 소스도 주시는데 같이 먹기 너무 좋아요 그래서 다시 재주문해서 먹으려고요 맛있어요!","polarity":{"com":0.0031576075000000004,"pos":0.4966853308125,"neg":0.340244806125,"neut":0.0749128403125,"none":0.08499941525000002},"intensity":{"high":0.11847146456990448,"low":0.11914743775744673,"meium":0.6770595861048162,"none":0.08532151156783262},"expressive":{"dir-action":0.0005909134999261358,"dir-explicit":0.20494262253688217,"dir-speech":0.549336654743833,"indirect":0.15266441573091696,"writing-device":0.09246539348844184}},{"id":"호세야오리바베큐-석계점","permalink":"","username":"asdfg","text":"중짜랑 대짜랑 양차이가 거의 없는거 같아요","date":"Mon Dec 10 23:59:44 +0000 2018","retweets":"30","favorites":"20","mentions":[],"hashtags":[],"geo":"","raw":"중짜랑 대짜랑 양차이가 거의 없는거 같아요","polarity":{"com":0.004854369,"pos":0.30097087375,"neg":0.6480582525,"neut":0.01213592225,"none":0.0339805825},"intensity":{"high":0.05582524273604368,"low":0.1076051779730987,"meium":0.8001618122999595,"none":0.03640776699089806},"expressive":{"dir-action":0,"dir-explicit":0.27346278325,"dir-speech":0.13673139150000002,"indirect":0.29854368925,"writing-device":0.291262136}},{"id":"호세야오리바베큐-석계점","permalink":"","username":"asdfg","text":"항상 오리고기는 여기만먹어요!\n배달도빠르고\n넘맛잇어요","date":"Mon Dec 10 23:59:44 +0000 2018","retweets":"30","favorites":"20","mentions":[],"hashtags":[],"geo":"","raw":"항상 오리고기는 여기만먹어요!\n배달도빠르고\n넘맛잇어요","polarity":{"com":0,"pos":0.8333333332857144,"neg":0.1666666667142857,"neut":0,"none":0},"intensity":{"high":0.015873015857142857,"low":0.07936507928571428,"meium":0.9047619048571428,"none":0},"expressive":{"dir-action":0,"dir-explicit":0.10317460314285713,"dir-speech":0.6111111111428571,"indirect":0.2857142857142857,"writing-device":0}},{"id":"호세야오리바베큐-석계점","permalink":"","username":"asdfg","text":"잘못온것만 빼면 맛있습니다","date":"Mon Dec 10 23:59:44 +0000 2018","retweets":"30","favorites":"20","mentions":[],"hashtags":[],"geo":"","raw":"잘못온것만 빼면 맛있습니다","polarity":{"com":0,"pos":0.3333333333333333,"neg":0.6666666666666666,"neut":0,"none":0},"intensity":{"high":0.3333333333333333,"low":0,"meium":0.6666666666666666,"none":0},"expressive":{"dir-action":0,"dir-explicit":0.5,"dir-speech":0.3333333333333333,"indirect":0.16666666666666666,"writing-device":0}},{"id":"호세야오리바베큐-석계점","permalink":"","username":"asdfg","text":"뭔가 음식을 뺀듯한 포장이 안좋아보였고\n기름이 너무많아 금새 느끼해졌습니다.\n하지만 다른 지점보다는 살이촉촉해서 부드러운 식감이 있어 좋았습니다","date":"Mon Dec 10 23:59:44 +0000 2018","retweets":"30","favorites":"20","mentions":[],"hashtags":[],"geo":"","raw":"뭔가 음식을 뺀듯한 포장이 안좋아보였고\n기름이 너무많아 금새 느끼해졌습니다.\n하지만 다른 지점보다는 살이촉촉해서 부드러운 식감이 있어 좋았습니다","polarity":{"com":0,"pos":0.4674960317467497,"neg":0.48604365084860446,"neut":0.028273809502827384,"none":0.018186507901818656},"intensity":{"high":0.06067460320000001,"low":0.18405952380000004,"meium":0.7370793651,"none":0.018186507900000006},"expressive":{"dir-action":0,"dir-explicit":0.4571230159,"dir-speech":0.3241666667,"indirect":0.1926865079,"writing-device":0.0260238095}},{"id":"호세야오리바베큐-석계점","permalink":"","username":"asdfg","text":"항상 오리고기는 여기서만먹어요^^\n오늘도역시변함없이 맛잇음!","date":"Mon Dec 10 23:59:44 +0000 2018","retweets":"30","favorites":"20","mentions":[],"hashtags":[],"geo":"","raw":"항상 오리고기는 여기서만먹어요^^\n오늘도역시변함없이 맛잇음!","polarity":{"com":0.001020408142857143,"pos":0.6020408162857144,"neg":0.33265306128571437,"neut":0.002040816285714286,"none":0.06224489800000001},"intensity":{"high":0.020408163285714286,"low":0.016326530571428573,"meium":0.9010204081428572,"none":0.06224489800000001},"expressive":{"dir-action":0,"dir-explicit":0.09795918370029155,"dir-speech":0.6142857141979592,"indirect":0.22653061225335278,"writing-device":0.0612244898483965}},{"id":"호세야오리바베큐-석계점","permalink":"","username":"asdfg","text":"먼데까지 배달와주시고 감사합니다~\n호세야 오리 바베큐는 늘 맛나요!","date":"Mon Dec 10 23:59:44 +0000 2018","retweets":"30","favorites":"20","mentions":[],"hashtags":[],"geo":"","raw":"먼데까지 배달와주시고 감사합니다~\n호세야 오리 바베큐는 늘 맛나요!","polarity":{"com":0.00326797385760971,"pos":0.48355705921193665,"neg":0.13172541744738933,"neut":0.09810590901401511,"none":0.2833436404690491},"intensity":{"high":0.18508009262430858,"low":0.05217844701490813,"meium":0.4729043134208297,"none":0.2898371469399535},"expressive":{"dir-action":0,"dir-explicit":0.09541998629934571,"dir-speech":0.5008063832144009,"indirect":0.10886778944412398,"writing-device":0.29490584104212936}},{"id":"호세야오리바베큐-석계점","permalink":"","username":"asdfg","text":"호세야 어느 매장에서 주문하던\n같은 품질. 같은 맛이라서 좋네요","date":"Mon Dec 10 23:59:44 +0000 2018","retweets":"30","favorites":"20","mentions":[],"hashtags":[],"geo":"","raw":"호세야 어느 매장에서 주문하던\n같은 품질. 같은 맛이라서 좋네요","polarity":{"com":0,"pos":0.6280272108571429,"neg":0.10095238085714286,"neut":0.04081632657142857,"none":0.2302040817142857},"intensity":{"high":0.05578231285714286,"low":0.005714285714285714,"meium":0.7082993197142856,"none":0.2302040817142857},"expressive":{"dir-action":0,"dir-explicit":0.3102040817142857,"dir-speech":0.212244898,"indirect":0.2337414965714286,"writing-device":0.24380952371428574}},{"id":"호세야오리바베큐-석계점","permalink":"","username":"asdfg","text":"감사합니다..살이좀없기한데..저희가껍질을안먹어서..","date":"Mon Dec 10 23:59:44 +0000 2018","retweets":"30","favorites":"20","mentions":[],"hashtags":[],"geo":"","raw":"감사합니다..살이좀없기한데..저희가껍질을안먹어서..","polarity":{"com":0.0029761905,"pos":0.5394261638333334,"neg":0.2980426253333333,"neut":0.024628812166666667,"none":0.13492620816666664},"intensity":{"high":0.22684813637114137,"low":0.02909309783818218,"meium":0.6076444622679408,"none":0.13641430352273573},"expressive":{"dir-action":0,"dir-explicit":0.3257958801123674,"dir-speech":0.3689996879385001,"indirect":0.14967897280838682,"writing-device":0.15552545914074575}},{"id":"호세야오리바베큐-석계점","permalink":"","username":"asdfg","text":"오리바베큐 시켰는데.... 삼겹바베큐 왔고 공기밥 시켰는데 공기밥은 안왔네요....에휴 .... 그냥 먹어야지","date":"Mon Dec 10 23:59:44 +0000 2018","retweets":"30","favorites":"20","mentions":[],"hashtags":[],"geo":"","raw":"오리바베큐 시켰는데.... 삼겹바베큐 왔고 공기밥 시켰는데 공기밥은 안왔네요....에휴 .... 그냥 먹어야지","polarity":{"com":0.0028248588333333337,"pos":0.5593220338333333,"neg":0.25988700566666667,"neut":0.1723163841666667,"none":0.005649717499999999},"intensity":{"high":0.01694915250282486,"low":0.022598870003766477,"meium":0.954802259992467,"none":0.005649717500941619},"expressive":{"dir-action":0,"dir-explicit":0.04519774016666666,"dir-speech":0.7598870056666666,"indirect":0.18926553666666665,"writing-device":0.005649717499999998}},{"id":"호세야오리바베큐-석계점","permalink":"","username":"asdfg","text":"오리고기 담백하고 맛있어요~ 가끔 오리 훈제 생각나면 여기서 시켜먹어요^^","date":"Mon Dec 10 23:59:44 +0000 2018","retweets":"30","favorites":"20","mentions":[],"hashtags":[],"geo":"","raw":"오리고기 담백하고 맛있어요~ 가끔 오리 훈제 생각나면 여기서 시켜먹어요^^","polarity":{"com":0.0048048048000000005,"pos":0.48918918920000004,"neg":0.4945945946,"neut":0.0066066066,"none":0.0048048048000000005},"intensity":{"high":0.045045045,"low":0.06126126119999999,"meium":0.8882882884000001,"none":0.0054054053999999995},"expressive":{"dir-action":0.0006006006000000002,"dir-explicit":0.1069069068,"dir-speech":0.5735735736,"indirect":0.3135135136,"writing-device":0.0054054054}},{"id":"호세야오리바베큐-석계점","permalink":"","username":"asdfg","text":"짜고 맛없는데다 퍼석퍼석함.\n거기다 배달온사람 사장임?\n요기요서 시켰다고 지뢀하고 요기요서 결제했다니까\n카드리더기 꺼내면서 결제요구. 귀까지먹은듯.\n시키지마세요 여기.","date":"Mon Dec 10 23:59:44 +0000 2018","retweets":"30","favorites":"20","mentions":[],"hashtags":[],"geo":"","raw":"짜고 맛없는데다 퍼석퍼석함.\n거기다 배달온사람 사장임?\n요기요서 시켰다고 지뢀하고 요기요서 결제했다니까\n카드리더기 꺼내면서 결제요구. 귀까지먹은듯.\n시키지마세요 여기.","polarity":{"com":0.008889655636363637,"pos":0.38933657518181825,"neg":0.46135549036363643,"neut":0.07654917300000001,"none":0.06386910581818182},"intensity":{"high":0.16642981724246733,"low":0.17455005460462725,"meium":0.5949555188918263,"none":0.06406460926107915},"expressive":{"dir-action":0.0005865102726739537,"dir-explicit":0.277249042429341,"dir-speech":0.5004704129545027,"indirect":0.1560423973494507,"writing-device":0.06565163699403166}},{"id":"호세야오리바베큐-석계점","permalink":"","username":"asdfg","text":"무쌈이랑 부추절임 많이 챙겨달라고 했더니 별도로 한팩 더 배달해주길레 서비스 좋다 생각했는데 왠걸 ㅋㅋㅋㅋㅋㅋ 추가비용 1,000원이라네요~ 많이 챙겨달라고는 했지만 추가비용 있는걸 알았으면 안시켰을것 같아요~ 주문하실때 참고하세요","date":"Mon Dec 10 23:59:44 +0000 2018","retweets":"30","favorites":"20","mentions":[],"hashtags":[],"geo":"","raw":"무쌈이랑 부추절임 많이 챙겨달라고 했더니 별도로 한팩 더 배달해주길레 서비스 좋다 생각했는데 왠걸 ㅋㅋㅋㅋㅋㅋ 추가비용 1,000원이라네요~ 많이 챙겨달라고는 했지만 추가비용 있는걸 알았으면 안시켰을것 같아요~ 주문하실때 참고하세요","polarity":{"com":0.0034363621901489167,"pos":0.42345692534062307,"neg":0.3722829210597825,"neut":0.09830491456206619,"none":0.10251887684737912},"intensity":{"high":0.0584691528039553,"low":0.18517469364903094,"meium":0.6526401793664152,"none":0.10371597418059844},"expressive":{"dir-action":0.0014019104287049436,"dir-explicit":0.2548186776909351,"dir-speech":0.39422825141849793,"indirect":0.23752349930833555,"writing-device":0.11202766115352644}},{"id":"호세야오리바베큐-석계점","permalink":"","username":"asdfg","text":"맛있었어요 오리훈제에 기대하는 그맛.. 겉절이가 조금 짜요","date":"Mon Dec 10 23:59:44 +0000 2018","retweets":"30","favorites":"20","mentions":[],"hashtags":[],"geo":"","raw":"맛있었어요 오리훈제에 기대하는 그맛.. 겉절이가 조금 짜요","polarity":{"com":0.004464285749999999,"pos":0.6026785714999999,"neg":0.36607142849999996,"neut":0.020089285749999998,"none":0.006696428499999998},"intensity":{"high":0.0401785715,"low":0.02678571425,"meium":0.92410714275,"none":0.0089285715},"expressive":{"dir-action":0,"dir-explicit":0.21875,"dir-speech":0.578125,"indirect":0.19642857149999998,"writing-device":0.0066964285}},{"id":"호세야오리바베큐-석계점","permalink":"","username":"asdfg","text":"정말맛있어용 또시켜먹을께용","date":"Mon Dec 10 23:59:44 +0000 2018","retweets":"30","favorites":"20","mentions":[],"hashtags":[],"geo":"","raw":"정말맛있어용 또시켜먹을께용","polarity":{"com":0,"pos":0.40873015853042327,"neg":0.36507936521164025,"neut":0,"none":0.2261904762579365},"intensity":{"high":0.20370370366666668,"low":0.074074074,"meium":0.49603174600000005,"none":0.22619047633333333},"expressive":{"dir-action":0,"dir-explicit":0.2883597883333333,"dir-speech":0.437830688,"indirect":0,"writing-device":0.27380952366666667}},{"id":"호세야오리바베큐-석계점","permalink":"","username":"asdfg","text":"그냥 그냥 먹기에 괜찮앙르","date":"Mon Dec 10 23:59:44 +0000 2018","retweets":"30","favorites":"20","mentions":[],"hashtags":[],"geo":"","raw":"그냥 그냥 먹기에 괜찮앙르","polarity":{"com":0,"pos":0.1666666665,"neg":0.8333333334999999,"neut":0,"none":0},"intensity":{"high":0.0555555555,"low":0.111111111,"meium":0.8333333334999999,"none":0},"expressive":{"dir-action":0,"dir-explicit":0.111111111,"dir-speech":0.888888889,"indirect":0,"writing-device":0}},{"id":"호세야오리바베큐-석계점","permalink":"","username":"asdfg","text":"호세야 많이시켜먹는데 신이문으로 이사하고 석계점에서시켜먹는데 배달원아저씨 진짜웃기더군요 요기요에서 결제가됐는지도모르고 돈달라하시고 요기요로했다니까 요기요로 시키지말래요 돈많이떼인다고 그럼 요기요에 올리면안되는거아닌가요?일단 당황해서 알았다고는했는데 어이가없더군요 또 오리주시는데 왜 집안까지들어오시는지..다음엔 남편있을때 주문하려합니다","date":"Mon Dec 10 23:59:44 +0000 2018","retweets":"30","favorites":"20","mentions":[],"hashtags":[],"geo":"","raw":"호세야 많이시켜먹는데 신이문으로 이사하고 석계점에서시켜먹는데 배달원아저씨 진짜웃기더군요 요기요에서 결제가됐는지도모르고 돈달라하시고 요기요로했다니까 요기요로 시키지말래요 돈많이떼인다고 그럼 요기요에 올리면안되는거아닌가요?일단 당황해서 알았다고는했는데 어이가없더군요 또 오리주시는데 왜 집안까지들어오시는지..다음엔 남편있을때 주문하려합니다","polarity":{"com":0.003587638930539636,"pos":0.30643728850945695,"neg":0.44639056200739446,"neut":0.07078370681782295,"none":0.1728008037347861},"intensity":{"high":0.09231395695596752,"low":0.1353393549515166,"meium":0.5961706025934995,"none":0.17617608549901626},"expressive":{"dir-action":0.002252822448586596,"dir-explicit":0.24873514741361863,"dir-speech":0.39691780184785075,"indirect":0.15341462646943652,"writing-device":0.1986796018205075}},{"id":"호세야오리바베큐-석계점","permalink":"","username":"asdfg","text":"맛있어요.\n오리는 호세야","date":"Mon Dec 10 23:59:44 +0000 2018","retweets":"30","favorites":"20","mentions":[],"hashtags":[],"geo":"","raw":"맛있어요.\n오리는 호세야","polarity":{"com":0,"pos":0.1587301585793651,"neg":0.7539682543769841,"neut":0.04761904752380952,"none":0.03968253951984128},"intensity":{"high":0.015873016000000004,"low":0.11904761900000001,"meium":0.8253968255,"none":0.03968253950000001},"expressive":{"dir-action":0,"dir-explicit":0.0793650795,"dir-speech":0.8333333334999999,"indirect":0.0396825395,"writing-device":0.0476190475}},{"id":"호세야오리바베큐-석계점","permalink":"","username":"asdfg","text":"맛있게잘먹었습니다추천합니다","date":"Mon Dec 10 23:59:44 +0000 2018","retweets":"30","favorites":"20","mentions":[],"hashtags":[],"geo":"","raw":"맛있게잘먹었습니다추천합니다","polarity":{"com":0,"pos":0.5714285715238094,"neg":0.40476190480158736,"neut":0.023809523674603175,"none":0},"intensity":{"high":0.16666666666666666,"low":0.07142857133333333,"meium":0.761904762,"none":0},"expressive":{"dir-action":0,"dir-explicit":0.07142857133333332,"dir-speech":0.380952381,"indirect":0.5476190476666667,"writing-device":0}},{"id":"호세야오리바베큐-석계점","permalink":"","username":"asdfg","text":"배달도 빠르고 친절하시고 맛도 넘 맛있어요~","date":"Mon Dec 10 23:59:44 +0000 2018","retweets":"30","favorites":"20","mentions":[],"hashtags":[],"geo":"","raw":"배달도 빠르고 친절하시고 맛도 넘 맛있어요~","polarity":{"com":0.003870967799999999,"pos":0.7032258063999999,"neg":0.2705376344,"neut":0.016774193599999997,"none":0.005591397799999999},"intensity":{"high":0.027956989199999994,"low":0.08989247299999999,"meium":0.8761290324,"none":0.006021505399999998},"expressive":{"dir-action":0.0012903226,"dir-explicit":0.06279569900000001,"dir-speech":0.6589247312,"indirect":0.2713978494,"writing-device":0.0055913978}},{"id":"호세야오리바베큐-석계점","permalink":"","username":"asdfg","text":"배달이 빨리 와서 깜짝 놀랐어요\n잘게 잘라서 한 그릇씩 차려줬더니\n아이들도 맛있게 먹었습니다^^","date":"Mon Dec 10 23:59:44 +0000 2018","retweets":"30","favorites":"20","mentions":[],"hashtags":[],"geo":"","raw":"배달이 빨리 와서 깜짝 놀랐어요\n잘게 잘라서 한 그릇씩 차려줬더니\n아이들도 맛있게 먹었습니다^^","polarity":{"com":0,"pos":0.36394557814285716,"neg":0.4217687075714286,"neut":0.21428571428571427,"none":0},"intensity":{"high":0.015873015857142854,"low":0.052154194999999993,"meium":0.9319727891428571,"none":0},"expressive":{"dir-action":0,"dir-explicit":0.12358276642857143,"dir-speech":0.5498866212857143,"indirect":0.3265306122857143,"writing-device":0}},{"id":"호세야오리바베큐-석계점","permalink":"","username":"asdfg","text":"늘 맛있어요 오리와 삼겹살 모두 강추!!","date":"Mon Dec 10 23:59:44 +0000 2018","retweets":"30","favorites":"20","mentions":[],"hashtags":[],"geo":"","raw":"늘 맛있어요 오리와 삼겹살 모두 강추!!","polarity":{"com":0,"pos":0,"neg":0.5,"neut":0.5,"none":0},"intensity":{"high":0,"low":0.5,"meium":0.5,"none":0},"expressive":{"dir-action":0,"dir-explicit":0,"dir-speech":1,"indirect":0,"writing-device":0}},{"id":"호세야오리바베큐-석계점","permalink":"","username":"asdfg","text":"뭘 먹을까 고민많이 하였는데, 역시 깔끔하고 맛있어요.","date":"Mon Dec 10 23:59:44 +0000 2018","retweets":"30","favorites":"20","mentions":[],"hashtags":[],"geo":"","raw":"뭘 먹을까 고민많이 하였는데, 역시 깔끔하고 맛있어요.","polarity":{"com":0.005919712834319952,"pos":0.2529641710421607,"neg":0.5764341929294057,"neut":0.07255531384542588,"none":0.09212660934868779},"intensity":{"high":0.03817610716666666,"low":0.2156423665,"meium":0.6516387076666665,"none":0.09454281866666667},"expressive":{"dir-action":0.0024162093341387365,"dir-explicit":0.17609419755869807,"dir-speech":0.4728694211576231,"indirect":0.25024593575008197,"writing-device":0.09837423619945809}},{"id":"호세야오리바베큐-석계점","permalink":"","username":"asdfg","text":"완전 맛있어요 미쳤어요","date":"Mon Dec 10 23:59:44 +0000 2018","retweets":"30","favorites":"20","mentions":[],"hashtags":[],"geo":"","raw":"완전 맛있어요 미쳤어요","polarity":{"com":0,"pos":0.375,"neg":0.625,"neut":0,"none":0},"intensity":{"high":0.125,"low":0,"meium":0.875,"none":0},"expressive":{"dir-action":0,"dir-explicit":0.375,"dir-speech":0.375,"indirect":0.25,"writing-device":0}},{"id":"호세야오리바베큐-석계점","permalink":"","username":"asdfg","text":"뭔가 정감가는 음식맛은 아님","date":"Mon Dec 10 23:59:44 +0000 2018","retweets":"30","favorites":"20","mentions":[],"hashtags":[],"geo":"","raw":"뭔가 정감가는 음식맛은 아님","polarity":{"com":0.030303030333333338,"pos":0.5909090910000001,"neg":0.2727272726666667,"neut":0.060606060666666677,"none":0.045454545333333346},"intensity":{"high":0.045454545348484844,"low":0.10606060603535353,"meium":0.8030303032676767,"none":0.045454545348484844},"expressive":{"dir-action":0,"dir-explicit":0.09090909099999998,"dir-speech":0.6363636363333333,"indirect":0.22727272733333329,"writing-device":0.04545454533333333}},{"id":"호세야오리바베큐-석계점","permalink":"","username":"asdfg","text":"가끔 생각날 때 주문해 먹는데 배달 빠르고 맛있어요~^^","date":"Mon Dec 10 23:59:44 +0000 2018","retweets":"30","favorites":"20","mentions":[],"hashtags":[],"geo":"","raw":"가끔 생각날 때 주문해 먹는데 배달 빠르고 맛있어요~^^","polarity":{"com":0.003870967799225806,"pos":0.44261974571147605,"neg":0.47659824050468036,"neut":0.07131964818573606,"none":0.005591397798881721},"intensity":{"high":0.0683610296,"low":0.1222157054,"meium":0.8034017596,"none":0.0060215054},"expressive":{"dir-action":0.0012903226,"dir-explicit":0.1436037798,"dir-speech":0.7781166504,"indirect":0.0713978494,"writing-device":0.0055913978}},{"id":"호세야오리바베큐-석계점","permalink":"","username":"asdfg","text":"양이적음","date":"Mon Dec 10 23:59:44 +0000 2018","retweets":"30","favorites":"20","mentions":[],"hashtags":[],"geo":"","raw":"양이적음","polarity":{"com":0.037593985,"pos":0.533834586,"neg":0.353383459,"neut":0.067669173,"none":0.007518797},"intensity":{"high":0.165413534,"low":0.127819549,"meium":0.69924812,"none":0.007518797},"expressive":{"dir-action":0,"dir-explicit":0.323308271,"dir-speech":0.082706767,"indirect":0.586466165,"writing-device":0.007518797}},{"id":"호세야오리바베큐-석계점","permalink":"","username":"asdfg","text":"별식으로 한번쯤 좋습니다~","date":"Mon Dec 10 23:59:44 +0000 2018","retweets":"30","favorites":"20","mentions":[],"hashtags":[],"geo":"","raw":"별식으로 한번쯤 좋습니다~","polarity":{"com":0,"pos":0.92,"neg":0.04,"neut":0,"none":0.04},"intensity":{"high":0.2,"low":0.04,"meium":0.72,"none":0.04},"expressive":{"dir-action":0,"dir-explicit":0.6,"dir-speech":0.2,"indirect":0.16,"writing-device":0.04}},{"id":"호세야오리바베큐-석계점","permalink":"","username":"asdfg","text":"진짜 맛있어요 오리고기도 맛있고 소스랑 반찬종류들 다 맛있어요ㅠㅠ 특히 김치 굿이네요 다음엔 중짜시켜서 먹으려구요 너무맛있어요 돈이 하나도 안아까운음식^^","date":"Mon Dec 10 23:59:44 +0000 2018","retweets":"30","favorites":"20","mentions":[],"hashtags":[],"geo":"","raw":"진짜 맛있어요 오리고기도 맛있고 소스랑 반찬종류들 다 맛있어요ㅠㅠ 특히 김치 굿이네요 다음엔 중짜시켜서 먹으려구요 너무맛있어요 돈이 하나도 안아까운음식^^","polarity":{"com":0.013218665385632204,"pos":0.3781069171829313,"neg":0.5270159792713089,"neut":0.017861124385989316,"none":0.06379731377413826},"intensity":{"high":0.1165153686923077,"low":0.06250729946153846,"meium":0.7560651908461539,"none":0.06491214099999999},"expressive":{"dir-action":0,"dir-explicit":0.24817646117293668,"dir-speech":0.44964431711151115,"indirect":0.24100706055700055,"writing-device":0.0611721611585517}},{"id":"호세야오리바베큐-석계점","permalink":"","username":"asdfg","text":"맛있었어요~~~~^^","date":"Mon Dec 10 23:59:44 +0000 2018","retweets":"30","favorites":"20","mentions":[],"hashtags":[],"geo":"","raw":"맛있었어요~~~~^^","polarity":{"com":0,"pos":0,"neg":1,"neut":0,"none":0},"intensity":{"high":0,"low":0,"meium":1,"none":0},"expressive":{"dir-action":0,"dir-explicit":0,"dir-speech":1,"indirect":0,"writing-device":0}},{"id":"호세야오리바베큐-석계점","permalink":"","username":"asdfg","text":"음식은 맛있는데 배달이 조금 늦는게","date":"Mon Dec 10 23:59:44 +0000 2018","retweets":"30","favorites":"20","mentions":[],"hashtags":[],"geo":"","raw":"음식은 맛있는데 배달이 조금 늦는게","polarity":{"com":0.0042372882489406785,"pos":0.43513689689121576,"neg":0.3802151239049462,"neut":0.17193611470701597,"none":0.00847457624788136},"intensity":{"high":0.044654498011163626,"low":0.21659061280414765,"meium":0.73028031293257,"none":0.008474576252118648},"expressive":{"dir-action":0,"dir-explicit":0.39471968725000006,"dir-speech":0.5629074315,"indirect":0.033898305000000004,"writing-device":0.008474576250000004}},{"id":"호세야오리바베큐-석계점","permalink":"","username":"asdfg","text":"먹어본 곳이라 맛은 좋지만 요기요 슈수료가 쎄다며 모라하시네여 웬지 평소보다 양도 적은거같고 요기요에서는 시키지말아야겠네여","date":"Mon Dec 10 23:59:44 +0000 2018","retweets":"30","favorites":"20","mentions":[],"hashtags":[],"geo":"","raw":"먹어본 곳이라 맛은 좋지만 요기요 슈수료가 쎄다며 모라하시네여 웬지 평소보다 양도 적은거같고 요기요에서는 시키지말아야겠네여","polarity":{"com":0.022368427748135963,"pos":0.4648085272112659,"neg":0.4092672242992277,"neut":0.059340048745054996,"none":0.04421577199631535},"intensity":{"high":0.11978950183333333,"low":0.08794072458333334,"meium":0.7471307424166667,"none":0.04513903116666667},"expressive":{"dir-action":0.0005376344166666667,"dir-explicit":0.288216825,"dir-speech":0.4294380461666667,"indirect":0.14782942866666668,"writing-device":0.13397806575}},{"id":"호세야오리바베큐-석계점","permalink":"","username":"asdfg","text":"맛있음","date":"Mon Dec 10 23:59:44 +0000 2018","retweets":"30","favorites":"20","mentions":[],"hashtags":[],"geo":"","raw":"맛있음","polarity":{"com":0,"pos":0,"neg":1,"neut":0,"none":0},"intensity":{"high":0,"low":0,"meium":1,"none":0},"expressive":{"dir-action":0,"dir-explicit":0,"dir-speech":1,"indirect":0,"writing-device":0}},{"id":"호세야오리바베큐-석계점","permalink":"","username":"asdfg","text":"정말 맛있게 잘먹었습니다","date":"Mon Dec 10 23:59:44 +0000 2018","retweets":"30","favorites":"20","mentions":[],"hashtags":[],"geo":"","raw":"정말 맛있게 잘먹었습니다","polarity":{"com":0,"pos":0.7321428573660714,"neg":0.10714285705357143,"neut":0.035714285517857144,"none":0.1250000000625},"intensity":{"high":0.25,"low":0.107142857,"meium":0.5178571430000001,"none":0.125},"expressive":{"dir-action":0,"dir-explicit":0.357142857,"dir-speech":0.19642857149999998,"indirect":0.3214285715,"writing-device":0.125}},{"id":"호세야오리바베큐-석계점","permalink":"","username":"asdfg","text":"괜찮음.  많이 먹음 느낀한것도 있음","date":"Mon Dec 10 23:59:44 +0000 2018","retweets":"30","favorites":"20","mentions":[],"hashtags":[],"geo":"","raw":"괜찮음.  많이 먹음 느낀한것도 있음","polarity":{"com":0,"pos":0.425,"neg":0.476388889,"neut":0.048611111,"none":0.05},"intensity":{"high":0.07083333325,"low":0.18055555574999999,"meium":0.6986111110000001,"none":0.05},"expressive":{"dir-action":0,"dir-explicit":0.18055555550000002,"dir-speech":0.48472222224999995,"indirect":0.28472222225000005,"writing-device":0.05000000000000001}},{"id":"호세야오리바베큐-석계점","permalink":"","username":"asdfg","text":"맛있어요...야채도 너무 맛있구요","date":"Mon Dec 10 23:59:44 +0000 2018","retweets":"30","favorites":"20","mentions":[],"hashtags":[],"geo":"","raw":"맛있어요...야채도 너무 맛있구요","polarity":{"com":0.002380952333333333,"pos":0.07142857133333332,"neg":0.7761904763333333,"neut":0.004761904666666666,"none":0.14523809533333332},"intensity":{"high":0.047619047666666664,"low":0.038095238,"meium":0.7690476190000001,"none":0.14523809533333334},"expressive":{"dir-action":0,"dir-explicit":0.06190476197936508,"dir-speech":0.766666666411111,"indirect":0.028571428657142857,"writing-device":0.14285714295238094}},{"id":"호세야오리바베큐-석계점","permalink":"","username":"asdfg","text":"맛있어요~","date":"Mon Dec 10 23:59:44 +0000 2018","retweets":"30","favorites":"20","mentions":[],"hashtags":[],"geo":"","raw":"맛있어요~","polarity":{"com":0,"pos":0,"neg":1,"neut":0,"none":0},"intensity":{"high":0,"low":0,"meium":1,"none":0},"expressive":{"dir-action":0,"dir-explicit":0,"dir-speech":1,"indirect":0,"writing-device":0}},{"id":"호세야오리바베큐-석계점","permalink":"","username":"asdfg","text":"정말맛있어요ㅋㅋ강력추천ㅋ","date":"Mon Dec 10 23:59:44 +0000 2018","retweets":"30","favorites":"20","mentions":[],"hashtags":[],"geo":"","raw":"정말맛있어요ㅋㅋ강력추천ㅋ","polarity":{"com":0,"pos":0.625,"neg":0.25,"neut":0,"none":0.125},"intensity":{"high":0.5,"low":0,"meium":0.375,"none":0.125},"expressive":{"dir-action":0,"dir-explicit":0.5,"dir-speech":0.125,"indirect":0.25,"writing-device":0.125}},{"id":"호세야오리바베큐-석계점","permalink":"","username":"asdfg","text":"매콤한부추와 오이.양파를 곁들여서 무쌈에 먹으면\n정말 맛있어요..특히 오리는 정말 맛있습니다.\n\n매콤한소스가 맛있는데 대자로 주문할때는\n한개 더 보내주시면 안될까요?\n\n소스가 매콤해서 딱 좋아요😁","date":"Mon Dec 10 23:59:44 +0000 2018","retweets":"30","favorites":"20","mentions":[],"hashtags":[],"geo":"","raw":"매콤한부추와 오이.양파를 곁들여서 무쌈에 먹으면\n정말 맛있어요..특히 오리는 정말 맛있습니다.\n\n매콤한소스가 맛있는데 대자로 주문할때는\n한개 더 보내주시면 안될까요?\n\n소스가 매콤해서 딱 좋아요😁","polarity":{"com":0.009523271563690407,"pos":0.5404372960675548,"neg":0.30732604722591567,"neut":0.062182957632772866,"none":0.08053042751006631},"intensity":{"high":0.13761244137500003,"low":0.084364441,"meium":0.6958135555625,"none":0.08220956206249999},"expressive":{"dir-action":0.001359241437330095,"dir-explicit":0.340847165332394,"dir-speech":0.3648458673918943,"indirect":0.21358908259830137,"writing-device":0.07935864324008017}},{"id":"호세야오리바베큐-석계점","permalink":"","username":"asdfg","text":"매콤한 부추때문에 느끼하지않고 너무 맛있었어요","date":"Mon Dec 10 23:59:44 +0000 2018","retweets":"30","favorites":"20","mentions":[],"hashtags":[],"geo":"","raw":"매콤한 부추때문에 느끼하지않고 너무 맛있었어요","polarity":{"com":0.04772629775,"pos":0.36285392550000006,"neg":0.37339124825,"neut":0.0790165165,"none":0.13701201200000002},"intensity":{"high":0.09277134275,"low":0.07775632774999999,"meium":0.690958816,"none":0.13851351350000002},"expressive":{"dir-action":0.0015015015,"dir-explicit":0.36151329875,"dir-speech":0.15814028325,"indirect":0.340331403,"writing-device":0.13851351350000002}},{"id":"호세야오리바베큐-석계점","permalink":"","username":"asdfg","text":"요기요에서 음식을 많이 시켜 먹엇봣는데요 너무 깔끔하고 음식이 맛잇네요. 담백하고 정갈하고 좋앗어요^^ 굳~~","date":"Mon Dec 10 23:59:44 +0000 2018","retweets":"30","favorites":"20","mentions":[],"hashtags":[],"geo":"","raw":"요기요에서 음식을 많이 시켜 먹엇봣는데요 너무 깔끔하고 음식이 맛잇네요. 담백하고 정갈하고 좋앗어요^^ 굳~~","polarity":{"com":0.038112462857142856,"pos":0.5677106580000001,"neg":0.34601165914285714,"neut":0.03532355514285714,"none":0.012841664857142861},"intensity":{"high":0.10458107115779729,"low":0.23448315703349754,"meium":0.6461777790923111,"none":0.014757992716393997},"expressive":{"dir-action":0.00406133000116038,"dir-explicit":0.4672586817049311,"dir-speech":0.17650519347900148,"indirect":0.3365588012390168,"writing-device":0.015615993575890285}},{"id":"호세야오리바베큐-석계점","permalink":"","username":"asdfg","text":"오랜만에 먹어서 맛있었어요:)\n아무리 다른데 먹어봐도 오리바베큐는 여기가\n짱이네요ㅎㅎ","date":"Mon Dec 10 23:59:44 +0000 2018","retweets":"30","favorites":"20","mentions":[],"hashtags":[],"geo":"","raw":"오랜만에 먹어서 맛있었어요:)\n아무리 다른데 먹어봐도 오리바베큐는 여기가\n짱이네요ㅎㅎ","polarity":{"com":0.005818994287376856,"pos":0.30197078822913453,"neg":0.5595238097312926,"neut":0.08577597702450743,"none":0.0469104307276887},"intensity":{"high":0.12506669332144765,"low":0.17210217404917205,"meium":0.654645191615613,"none":0.04818594101376742},"expressive":{"dir-action":0,"dir-explicit":0.2947345605714286,"dir-speech":0.5339052288571429,"indirect":0.11938108571428574,"writing-device":0.051979124857142865}},{"id":"호세야오리바베큐-석계점","permalink":"","username":"asdfg","text":"호세야는 언제 먹어도 정말 맛있어요!^^ 오리도 삼겹살도 짱이에요♡♡","date":"Mon Dec 10 23:59:44 +0000 2018","retweets":"30","favorites":"20","mentions":[],"hashtags":[],"geo":"","raw":"호세야는 언제 먹어도 정말 맛있어요!^^ 오리도 삼겹살도 짱이에요♡♡","polarity":{"com":0.0028571428005714286,"pos":0.36587301567317465,"neg":0.3663492066732699,"neut":0.02476190460495238,"none":0.24015873024803178},"intensity":{"high":0.1857142858,"low":0.13777777759999998,"meium":0.43634920639999997,"none":0.24015873020000003},"expressive":{"dir-action":0,"dir-explicit":0.2504761904998095,"dir-speech":0.4588888888164444,"indirect":0.05015873017993651,"writing-device":0.24047619050380953}}]