[{"id":"놀부보쌈과돌솥밥 서초점CESCO","permalink":"","username":"asdfg","text":"주문하려다 짜증나서 취소했어요\n도시락 2개부터가 아니라\n1종류당 2인분 주문가능\n즉 1가지씩 2개 주문 안 됨\n카드결재도 안 됩니다","date":"Mon Dec 10 23:59:44 +0000 2018","retweets":"30","favorites":"20","mentions":[],"hashtags":[],"geo":"","raw":"주문하려다 짜증나서 취소했어요\n도시락 2개부터가 아니라\n1종류당 2인분 주문가능\n즉 1가지씩 2개 주문 안 됨\n카드결재도 안 됩니다","polarity":{"com":0.0195596021386658,"pos":0.5658743074501698,"neg":0.24675247487569588,"neut":0.026591282994301864,"none":0.14122233254116665},"intensity":{"high":0.06791409527601228,"low":0.03542958249493863,"meium":0.7552803798206743,"none":0.14137594240837487},"expressive":{"dir-action":0.0004608294999341672,"dir-explicit":0.39094972508700715,"dir-speech":0.31626451195481936,"indirect":0.1488381247644517,"writing-device":0.1434868086937876}},{"id":"놀부보쌈과돌솥밥 서초점CESCO","permalink":"","username":"asdfg","text":"맛있어요 ㅎㅎㅎㅎㅎㅎ","date":"Mon Dec 10 23:59:44 +0000 2018","retweets":"30","favorites":"20","mentions":[],"hashtags":[],"geo":"","raw":"맛있어요 ㅎㅎㅎㅎㅎㅎ","polarity":{"com":0,"pos":0,"neg":1,"neut":0,"none":0},"intensity":{"high":0,"low":0,"meium":1,"none":0},"expressive":{"dir-action":0,"dir-explicit":0,"dir-speech":1,"indirect":0,"writing-device":0}}]