[{"id":"김여사 숯불바베큐보쌈CESCO","permalink":"","username":"asdfg","text":"포장 깔끔하고 맛도 좋음 추천","date":"Mon Dec 10 23:59:44 +0000 2018","retweets":"30","favorites":"20","mentions":[],"hashtags":[],"geo":"","raw":"포장 깔끔하고 맛도 좋음 추천","polarity":{"com":0.0048048048000000005,"pos":0.664855856,"neg":0.2442612612,"neut":0.0732732732,"none":0.0128048048},"intensity":{"high":0.1294894894,"low":0.07481681679999999,"meium":0.7822882884,"none":0.0134054054},"expressive":{"dir-action":0.0006006006000000001,"dir-explicit":0.34912912900000004,"dir-speech":0.25801801799999996,"indirect":0.378846847,"writing-device":0.0134054054}},{"id":"김여사 숯불바베큐보쌈CESCO","permalink":"","username":"asdfg","text":".","date":"Mon Dec 10 23:59:44 +0000 2018","retweets":"30","favorites":"20","mentions":[],"hashtags":[],"geo":"","raw":".............","polarity":{"com":null,"pos":null,"neg":null,"neut":null,"none":null},"intensity":{"high":null,"low":null,"meium":null,"none":null},"expressive":{"dir-action":null,"dir-explicit":null,"dir-speech":null,"indirect":null,"writing-device":null}},{"id":"김여사 숯불바베큐보쌈CESCO","permalink":"","username":"asdfg","text":"맛있게 잘먹었어요~가격이 올랐네요ㅜ","date":"Mon Dec 10 23:59:44 +0000 2018","retweets":"30","favorites":"20","mentions":[],"hashtags":[],"geo":"","raw":"맛있게 잘먹었어요~가격이 올랐네요ㅜ","polarity":{"com":0,"pos":0.5714285715238094,"neg":0.40476190480158736,"neut":0.023809523674603175,"none":0},"intensity":{"high":0,"low":0.07142857133333333,"meium":0.9285714286666668,"none":0},"expressive":{"dir-action":0,"dir-explicit":0.07142857133333333,"dir-speech":0.380952381,"indirect":0.5476190476666667,"writing-device":0}},{"id":"김여사 숯불바베큐보쌈CESCO","permalink":"","username":"asdfg","text":"너무너무 맛있어요 추천추천!!","date":"Mon Dec 10 23:59:44 +0000 2018","retweets":"30","favorites":"20","mentions":[],"hashtags":[],"geo":"","raw":"너무너무 맛있어요 추천추천!!","polarity":{"com":0,"pos":0.3333333335,"neg":0.5,"neut":0.1666666665,"none":0},"intensity":{"high":0.1666666665,"low":0,"meium":0.8333333334999999,"none":0},"expressive":{"dir-action":0,"dir-explicit":0.1666666665,"dir-speech":0.5,"indirect":0.3333333335,"writing-device":0}},{"id":"김여사 숯불바베큐보쌈CESCO","permalink":"","username":"asdfg","text":"맛있게 잘먹었습니다  정말","date":"Mon Dec 10 23:59:44 +0000 2018","retweets":"30","favorites":"20","mentions":[],"hashtags":[],"geo":"","raw":"맛있게 잘먹었습니다  정말","polarity":{"com":0,"pos":0.4880952381626984,"neg":0.40476190480158736,"neut":0.023809523674603175,"none":0.08333333336111111},"intensity":{"high":0.16666666666666666,"low":0.07142857133333333,"meium":0.6785714286666668,"none":0.08333333333333333},"expressive":{"dir-action":0,"dir-explicit":0.238095238,"dir-speech":0.4642857143333334,"indirect":0.21428571433333332,"writing-device":0.08333333333333333}},{"id":"김여사 숯불바베큐보쌈CESCO","permalink":"","username":"asdfg","text":"ㅋ","date":"Mon Dec 10 23:59:44 +0000 2018","retweets":"30","favorites":"20","mentions":[],"hashtags":[],"geo":"","raw":"ㅋㅋㅋㅋㅋㅋㅋㅋㅋㅋㅋㅋㅋㅋㅋ","polarity":{"com":null,"pos":null,"neg":null,"neut":null,"none":null},"intensity":{"high":null,"low":null,"meium":null,"none":null},"expressive":{"dir-action":null,"dir-explicit":null,"dir-speech":null,"indirect":null,"writing-device":null}},{"id":"김여사 숯불바베큐보쌈CESCO","permalink":"","username":"asdfg","text":"God","date":"Mon Dec 10 23:59:44 +0000 2018","retweets":"30","favorites":"20","mentions":[],"hashtags":[],"geo":"","raw":"Gooooooooooooood","polarity":{"com":null,"pos":null,"neg":null,"neut":null,"none":null},"intensity":{"high":null,"low":null,"meium":null,"none":null},"expressive":{"dir-action":null,"dir-explicit":null,"dir-speech":null,"indirect":null,"writing-device":null}},{"id":"김여사 숯불바베큐보쌈CESCO","permalink":"","username":"asdfg","text":"배달은 한30분 걸렸어요. 맛있어서 또시켰네요. 찬거리가 푸짐합니다","date":"Mon Dec 10 23:59:44 +0000 2018","retweets":"30","favorites":"20","mentions":[],"hashtags":[],"geo":"","raw":"배달은 한30분 걸렸어요. 맛있어서 또시켰네요. 찬거리가 푸짐합니다","polarity":{"com":0.008376233398324752,"pos":0.4332368083133526,"neg":0.43983268971203343,"neut":0.02267803519546439,"none":0.09587623338082474},"intensity":{"high":0.05496568,"low":0.038245388199999994,"meium":0.8085263834,"none":0.0982625484},"expressive":{"dir-action":0.0006006006000000001,"dir-explicit":0.166033891,"dir-speech":0.3376608752,"indirect":0.3706563708,"writing-device":0.1250482624}},{"id":"김여사 숯불바베큐보쌈CESCO","permalink":"","username":"asdfg","text":"깔끔하고 좋네요ㅎㅎ다음에 또 먹을게요!!","date":"Mon Dec 10 23:59:44 +0000 2018","retweets":"30","favorites":"20","mentions":[],"hashtags":[],"geo":"","raw":"깔끔하고 좋네요ㅎㅎ다음에 또 먹을게요!!","polarity":{"com":0.006006005998498498,"pos":0.41886743889528316,"neg":0.4437194336390701,"neut":0.008258258247935435,"none":0.12314886321921278},"intensity":{"high":0.0785285285,"low":0.031021021000000003,"meium":0.7665508365,"none":0.123899614},"expressive":{"dir-action":0.00075075075,"dir-explicit":0.26379236375,"dir-speech":0.393951094,"indirect":0.181891892,"writing-device":0.1596138995}},{"id":"김여사 숯불바베큐보쌈CESCO","permalink":"","username":"asdfg","text":"맛있어요 맛있어요 맛있어요","date":"Mon Dec 10 23:59:44 +0000 2018","retweets":"30","favorites":"20","mentions":[],"hashtags":[],"geo":"","raw":"맛있어요 맛있어요 맛있어요","polarity":{"com":0,"pos":0,"neg":1,"neut":0,"none":0},"intensity":{"high":0,"low":0,"meium":1,"none":0},"expressive":{"dir-action":0,"dir-explicit":0,"dir-speech":1,"indirect":0,"writing-device":0}},{"id":"김여사 숯불바베큐보쌈CESCO","permalink":"","username":"asdfg","text":"맛있게먹었어요 ㅎㅎㅎㅎ","date":"Mon Dec 10 23:59:44 +0000 2018","retweets":"30","favorites":"20","mentions":[],"hashtags":[],"geo":"","raw":"맛있게먹었어요 ㅎㅎㅎㅎ","polarity":{"com":0,"pos":0.1666666665,"neg":0.8333333334999999,"neut":0,"none":0},"intensity":{"high":0.0555555555,"low":0.111111111,"meium":0.8333333334999999,"none":0},"expressive":{"dir-action":0,"dir-explicit":0.111111111,"dir-speech":0.888888889,"indirect":0,"writing-device":0}},{"id":"김여사 숯불바베큐보쌈CESCO","permalink":"","username":"asdfg","text":"God...!!","date":"Mon Dec 10 23:59:44 +0000 2018","retweets":"30","favorites":"20","mentions":[],"hashtags":[],"geo":"","raw":"Goooooooooooood...!!","polarity":{"com":null,"pos":null,"neg":null,"neut":null,"none":null},"intensity":{"high":null,"low":null,"meium":null,"none":null},"expressive":{"dir-action":null,"dir-explicit":null,"dir-speech":null,"indirect":null,"writing-device":null}},{"id":"김여사 숯불바베큐보쌈CESCO","permalink":"","username":"asdfg","text":"바베큐맛이 나서 맛나요","date":"Mon Dec 10 23:59:44 +0000 2018","retweets":"30","favorites":"20","mentions":[],"hashtags":[],"geo":"","raw":"바베큐맛이 나서 맛나요","polarity":{"com":0,"pos":0.9047619046666666,"neg":0.09523809533333333,"neut":0,"none":0},"intensity":{"high":0.023809523666666665,"low":0,"meium":0.9761904763333332,"none":0},"expressive":{"dir-action":0,"dir-explicit":0.07142857133333333,"dir-speech":0.7142857143333333,"indirect":0.21428571433333332,"writing-device":0}},{"id":"김여사 숯불바베큐보쌈CESCO","permalink":"","username":"asdfg","text":"바베큐 족발 맛있게 먹었습니다 ","date":"Mon Dec 10 23:59:44 +0000 2018","retweets":"30","favorites":"20","mentions":[],"hashtags":[],"geo":"","raw":"바베큐 족발 맛있게 먹었습니다 ","polarity":{"com":0,"pos":0.1666666665,"neg":0.8333333334999999,"neut":0,"none":0},"intensity":{"high":0.0555555555,"low":0.111111111,"meium":0.8333333334999999,"none":0},"expressive":{"dir-action":0,"dir-explicit":0.111111111,"dir-speech":0.888888889,"indirect":0,"writing-device":0}},{"id":"김여사 숯불바베큐보쌈CESCO","permalink":"","username":"asdfg","text":"배달 빨리좀 옵시다 차가운걸 먹이는게\n배달서비스는 아니죠 딱딱해서 맛이없엇습니다","date":"Mon Dec 10 23:59:44 +0000 2018","retweets":"30","favorites":"20","mentions":[],"hashtags":[],"geo":"","raw":"배달 빨리좀 옵시다 차가운걸 먹이는게\n배달서비스는 아니죠 딱딱해서 맛이없엇습니다","polarity":{"com":0,"pos":0.5881410256029647,"neg":0.290064102552484,"neut":0.0737179487315705,"none":0.048076923112980764},"intensity":{"high":0.022435897497195517,"low":0.3814102564523237,"meium":0.5480769229314904,"none":0.04807692311899038},"expressive":{"dir-action":0,"dir-explicit":0.13653846162500002,"dir-speech":0.43717948712500004,"indirect":0.38141025637500003,"writing-device":0.04487179487500001}},{"id":"김여사 숯불바베큐보쌈CESCO","permalink":"","username":"asdfg","text":"포장상태가 깔끔하고 너무 맛있어요^^","date":"Mon Dec 10 23:59:44 +0000 2018","retweets":"30","favorites":"20","mentions":[],"hashtags":[],"geo":"","raw":"포장상태가 깔끔하고 너무 맛있어요^^","polarity":{"com":0.0461845775,"pos":0.3227960105,"neg":0.5899694335,"neut":0.028347544000000002,"none":0.0127024345},"intensity":{"high":0.10442138575000001,"low":0.146021021,"meium":0.733872265,"none":0.015685328249999998},"expressive":{"dir-action":0.00075075075,"dir-explicit":0.43968522075,"dir-speech":0.172076094,"indirect":0.37403474925,"writing-device":0.01345318525}},{"id":"김여사 숯불바베큐보쌈CESCO","permalink":"","username":"asdfg","text":"God...!!!!!말이 필요 없음","date":"Mon Dec 10 23:59:44 +0000 2018","retweets":"30","favorites":"20","mentions":[],"hashtags":[],"geo":"","raw":"Goooooooooooood...!!!!!말이 필요 없음","polarity":{"com":0,"pos":0,"neg":1,"neut":0,"none":0},"intensity":{"high":0.25,"low":0,"meium":0.75,"none":0},"expressive":{"dir-action":0,"dir-explicit":0.24999999999999997,"dir-speech":0,"indirect":0.75,"writing-device":0}},{"id":"김여사 숯불바베큐보쌈CESCO","permalink":"","username":"asdfg","text":"바베큐 맛이 나서 좋았어요","date":"Mon Dec 10 23:59:44 +0000 2018","retweets":"30","favorites":"20","mentions":[],"hashtags":[],"geo":"","raw":"바베큐 맛이 나서 좋았어요","polarity":{"com":0,"pos":0.8780952379999999,"neg":0.10857142866666665,"neut":0,"none":0.013333333333333334},"intensity":{"high":0.09047619033333333,"low":0.013333333333333334,"meium":0.882857143,"none":0.013333333333333334},"expressive":{"dir-action":0,"dir-explicit":0.2714285713333333,"dir-speech":0.44761904766666666,"indirect":0.26761904766666667,"writing-device":0.013333333333333334}},{"id":"김여사 숯불바베큐보쌈CESCO","permalink":"","username":"asdfg","text":"ㅠ 제가 생가간 족발과 보쌈 느낌은 아니네요.. 채소와 무채가 없는건줄은 몰랐어요.. 막국수도 제 입맛에 장이 너무 셔서.. 그래도 잘먹었습니다ㅠ","date":"Mon Dec 10 23:59:44 +0000 2018","retweets":"30","favorites":"20","mentions":[],"hashtags":[],"geo":"","raw":"ㅠ 제가 생가간 족발과 보쌈 느낌은 아니네요.. 채소와 무채가 없는건줄은 몰랐어요.. 막국수도 제 입맛에 장이 너무 셔서.. 그래도 잘먹었습니다ㅠ","polarity":{"com":0.01864801863805891,"pos":0.4499944500409086,"neg":0.42584082585689464,"neut":0.029903429820900312,"none":0.07561327564323758},"intensity":{"high":0.0409035409090909,"low":0.191042291,"meium":0.6924408924545454,"none":0.07561327563636365},"expressive":{"dir-action":0,"dir-explicit":0.2720945720661732,"dir-speech":0.33266733269703025,"indirect":0.3174603175165945,"writing-device":0.07777777772020202}},{"id":"김여사 숯불바베큐보쌈CESCO","permalink":"","username":"asdfg","text":"바베큐 맛이 나서 좋아요","date":"Mon Dec 10 23:59:44 +0000 2018","retweets":"30","favorites":"20","mentions":[],"hashtags":[],"geo":"","raw":"바베큐 맛이 나서 좋아요","polarity":{"com":0,"pos":0.8780952379999999,"neg":0.10857142866666665,"neut":0,"none":0.013333333333333334},"intensity":{"high":0.09047619033333333,"low":0.013333333333333334,"meium":0.882857143,"none":0.013333333333333334},"expressive":{"dir-action":0,"dir-explicit":0.2714285713333333,"dir-speech":0.44761904766666666,"indirect":0.26761904766666667,"writing-device":0.013333333333333334}},{"id":"김여사 숯불바베큐보쌈CESCO","permalink":"","username":"asdfg","text":"맛있어요 맛있어요 맛있어요","date":"Mon Dec 10 23:59:44 +0000 2018","retweets":"30","favorites":"20","mentions":[],"hashtags":[],"geo":"","raw":"맛있어요 맛있어요 맛있어요","polarity":{"com":0,"pos":0,"neg":1,"neut":0,"none":0},"intensity":{"high":0,"low":0,"meium":1,"none":0},"expressive":{"dir-action":0,"dir-explicit":0,"dir-speech":1,"indirect":0,"writing-device":0}},{"id":"김여사 숯불바베큐보쌈CESCO","permalink":"","username":"asdfg","text":"배달은 30분정도 걸렸어요. 요 근래에 등갈비가 땡겼었는데 진짜 맛있네요. ","date":"Mon Dec 10 23:59:44 +0000 2018","retweets":"30","favorites":"20","mentions":[],"hashtags":[],"geo":"","raw":"배달은 30분정도 걸렸어요. 요 근래에 등갈비가 땡겼었는데 진짜 맛있네요. ","polarity":{"com":0.00446428575,"pos":0.43601190475,"neg":0.43273809525,"neut":0.0367559525,"none":0.09002976175},"intensity":{"high":0.0401785715,"low":0.07678571425,"meium":0.7907738095,"none":0.09226190475},"expressive":{"dir-action":0,"dir-explicit":0.16041666675,"dir-speech":0.578125,"indirect":0.17142857150000002,"writing-device":0.09002976175}},{"id":"김여사 숯불바베큐보쌈CESCO","permalink":"","username":"asdfg","text":"괜찮네요 맛있네요 ....","date":"Mon Dec 10 23:59:44 +0000 2018","retweets":"30","favorites":"20","mentions":[],"hashtags":[],"geo":"","raw":"괜찮네요 맛있네요 ....","polarity":{"com":0,"pos":0,"neg":1,"neut":0,"none":0},"intensity":{"high":0,"low":0,"meium":1,"none":0},"expressive":{"dir-action":0,"dir-explicit":0,"dir-speech":1,"indirect":0,"writing-device":0}},{"id":"김여사 숯불바베큐보쌈CESCO","permalink":"","username":"asdfg","text":"등갈비 파는곳 거의 없는데 퀄리티가 돋보입니다  돈만 많으면 매일 시켜먹고싶은데 ㅋㅋ  배달 빠르고 마싯네요!!!","date":"Mon Dec 10 23:59:44 +0000 2018","retweets":"30","favorites":"20","mentions":[],"hashtags":[],"geo":"","raw":"등갈비 파는곳 거의 없는데 퀄리티가 돋보입니다  돈만 많으면 매일 시켜먹고싶은데 ㅋㅋ  배달 빠르고 마싯네요!!!","polarity":{"com":0.028352137871455976,"pos":0.4583606701927049,"neg":0.41678706282290157,"neut":0.048383845868952016,"none":0.048116283243985467},"intensity":{"high":0.09865550187500001,"low":0.0635189755,"meium":0.787379575625,"none":0.050445947000000005},"expressive":{"dir-action":0,"dir-explicit":0.24283841775,"dir-speech":0.56331054875,"indirect":0.139642993125,"writing-device":0.054208040375}},{"id":"김여사 숯불바베큐보쌈CESCO","permalink":"","username":"asdfg","text":"맛있네요 괜찮음 ....","date":"Mon Dec 10 23:59:44 +0000 2018","retweets":"30","favorites":"20","mentions":[],"hashtags":[],"geo":"","raw":"맛있네요 괜찮음 ....","polarity":{"com":0,"pos":0.25,"neg":0.75,"neut":0,"none":0},"intensity":{"high":0,"low":0,"meium":1,"none":0},"expressive":{"dir-action":0,"dir-explicit":0,"dir-speech":0.75,"indirect":0.25,"writing-device":0}},{"id":"김여사 숯불바베큐보쌈CESCO","permalink":"","username":"asdfg","text":"늘 그렇듯 너무 맛나게 먹음  매운보쌈 술안주로 최고!   흥해라~ㅋㅋ","date":"Mon Dec 10 23:59:44 +0000 2018","retweets":"30","favorites":"20","mentions":[],"hashtags":[],"geo":"","raw":"늘 그렇듯 너무 맛나게 먹음  매운보쌈 술안주로 최고!   흥해라~ㅋㅋ","polarity":{"com":0.047619047666666664,"pos":0.4272486773333333,"neg":0.4417989416666666,"neut":0,"none":0.08333333333333333},"intensity":{"high":0.41798941800000006,"low":0.10317460333333332,"meium":0.3955026453333333,"none":0.08333333333333333},"expressive":{"dir-action":0,"dir-explicit":0.21825396807275133,"dir-speech":0.20634920640211643,"indirect":0.4920634921640212,"writing-device":0.08333333336111111}},{"id":"김여사 숯불바베큐보쌈CESCO","permalink":"","username":"asdfg","text":"맛있어요 맛있어요 맛있어요","date":"Mon Dec 10 23:59:44 +0000 2018","retweets":"30","favorites":"20","mentions":[],"hashtags":[],"geo":"","raw":"맛있어요 맛있어요 맛있어요","polarity":{"com":0,"pos":0,"neg":1,"neut":0,"none":0},"intensity":{"high":0,"low":0,"meium":1,"none":0},"expressive":{"dir-action":0,"dir-explicit":0,"dir-speech":1,"indirect":0,"writing-device":0}},{"id":"김여사 숯불바베큐보쌈CESCO","permalink":"","username":"asdfg","text":"보쌈이면 보쌈 족발이면 족발 최고에요","date":"Mon Dec 10 23:59:44 +0000 2018","retweets":"30","favorites":"20","mentions":[],"hashtags":[],"geo":"","raw":"보쌈이면 보쌈 족발이면 족발 최고에요","polarity":{"com":0.015250544666666664,"pos":0.5533769063333333,"neg":0.2222222223333333,"neut":0.06100217866666666,"none":0.14814814799999998},"intensity":{"high":0.3442265795628177,"low":0.054466230702977486,"meium":0.45315904163543935,"none":0.14814814809876542},"expressive":{"dir-action":0,"dir-explicit":0.27886710266666664,"dir-speech":0.13507625266666667,"indirect":0.42483660133333334,"writing-device":0.16122004333333334}},{"id":"김여사 숯불바베큐보쌈CESCO","permalink":"","username":"asdfg","text":"쫄깃함이 2배정도 맛있음","date":"Mon Dec 10 23:59:44 +0000 2018","retweets":"30","favorites":"20","mentions":[],"hashtags":[],"geo":"","raw":"쫄깃함이 2배정도 맛있음","polarity":{"com":0.16666666666666666,"pos":0.3333333333333333,"neg":0.5,"neut":0,"none":0},"intensity":{"high":0,"low":0.5,"meium":0.5,"none":0},"expressive":{"dir-action":0,"dir-explicit":0.3333333333333333,"dir-speech":0.16666666666666666,"indirect":0.5,"writing-device":0}},{"id":"김여사 숯불바베큐보쌈CESCO","permalink":"","username":"asdfg","text":"숯불향이 입안에 퍼지니 좋아요","date":"Mon Dec 10 23:59:44 +0000 2018","retweets":"30","favorites":"20","mentions":[],"hashtags":[],"geo":"","raw":"숯불향이 입안에 퍼지니 좋아요","polarity":{"com":0,"pos":0.96,"neg":0.02,"neut":0,"none":0.02},"intensity":{"high":0.1,"low":0.02,"meium":0.86,"none":0.02},"expressive":{"dir-action":0,"dir-explicit":0.3,"dir-speech":0.1,"indirect":0.58,"writing-device":0.02}},{"id":"김여사 숯불바베큐보쌈CESCO","permalink":"","username":"asdfg","text":"오늘은  기운이 없어서 ...오리를 먹으면  힘이 날것같아  시켜먹었네요  ㅋㅋ   역쉬!!!  맛남!!   생각보다 양이많은듯요~ 동생이랑 남김없이 클리어~  다음번엔  온가족 다모여서 스페셜 시킬께요  김여사 가게 홍보대사할께요!!","date":"Mon Dec 10 23:59:44 +0000 2018","retweets":"30","favorites":"20","mentions":[],"hashtags":[],"geo":"","raw":"오늘은  기운이 없어서 ...오리를 먹으면  힘이 날것같아  시켜먹었네요  ㅋㅋ   역쉬!!!  맛남!!   생각보다 양이많은듯요~ 동생이랑 남김없이 클리어~  다음번엔  온가족 다모여서 스페셜 시킬께요  김여사 가게 홍보대사할께요!!","polarity":{"com":0.0050556236878159765,"pos":0.4177341442761084,"neg":0.45229076652826816,"neut":0.07466326787966646,"none":0.050256197628141014},"intensity":{"high":0.08636542100539783,"low":0.19860269419991267,"meium":0.6613518048538345,"none":0.05368007994085499},"expressive":{"dir-action":0.001199404187275112,"dir-explicit":0.2607244334511142,"dir-speech":0.431498639106594,"indirect":0.2549311729522004,"writing-device":0.05164635030281631}},{"id":"김여사 숯불바베큐보쌈CESCO","permalink":"","username":"asdfg","text":"기대않고 시켰는데 정말 맛있어요\n양도 많고 정말 담백합니다!!!!두번강추!","date":"Mon Dec 10 23:59:44 +0000 2018","retweets":"30","favorites":"20","mentions":[],"hashtags":[],"geo":"","raw":"기대않고 시켰는데 정말 맛있어요\n양도 많고 정말 담백합니다!!!!두번강추!","polarity":{"com":0.004004004000000001,"pos":0.7271021021666667,"neg":0.15521771766666667,"neut":0.026338838833333336,"none":0.08733733733333335},"intensity":{"high":0.26901901899999997,"low":0.014014014,"meium":0.6291291291666666,"none":0.08783783783333333},"expressive":{"dir-action":0.0005005005,"dir-explicit":0.552052052,"dir-speech":0.202515015,"indirect":0.15709459466666667,"writing-device":0.08783783783333333}},{"id":"김여사 숯불바베큐보쌈CESCO","permalink":"","username":"asdfg","text":"아무 기대않고 시켜봤는데 완전 만족입니다.\n맛 완전 괜찮고 포장 깔끔하고..\n부추무침 짱!!!\n아쉬운점은..양이 살짝 적은 느낌~~","date":"Mon Dec 10 23:59:44 +0000 2018","retweets":"30","favorites":"20","mentions":[],"hashtags":[],"geo":"","raw":"아무 기대않고 시켜봤는데 완전 만족입니다.\n맛 완전 괜찮고 포장 깔끔하고..\n부추무침 짱!!!\n아쉬운점은..양이 살짝 적은 느낌~~","polarity":{"com":0.004689984100468998,"pos":0.5201011305520101,"neg":0.3714639640371464,"neut":0.0457869634045787,"none":0.0579579579057958},"intensity":{"high":0.05887873160588787,"low":0.08157834300815783,"meium":0.8012846671801285,"none":0.05825825820582583},"expressive":{"dir-action":0.00030030030000000003,"dir-explicit":0.37917240770000005,"dir-speech":0.20927044690000002,"indirect":0.35103780259999995,"writing-device":0.06021904250000001}},{"id":"김여사 숯불바베큐보쌈CESCO","permalink":"","username":"asdfg","text":"보쌈과 족발 맛있어요..","date":"Mon Dec 10 23:59:44 +0000 2018","retweets":"30","favorites":"20","mentions":[],"hashtags":[],"geo":"","raw":"보쌈과 족발 맛있어요..","polarity":{"com":0.019230769009615387,"pos":0.2884615386442308,"neg":0.6730769233365385,"neut":0.019230769009615387,"none":0},"intensity":{"high":0.0384615385,"low":0.076923077,"meium":0.8846153845,"none":0},"expressive":{"dir-action":0,"dir-explicit":0.1346153845,"dir-speech":0.6153846155,"indirect":0.25,"writing-device":0}},{"id":"김여사 숯불바베큐보쌈CESCO","permalink":"","username":"asdfg","text":"향이 좋아요......","date":"Mon Dec 10 23:59:44 +0000 2018","retweets":"30","favorites":"20","mentions":[],"hashtags":[],"geo":"","raw":"향이 좋아요......","polarity":{"com":0,"pos":1,"neg":0,"neut":0,"none":0},"intensity":{"high":0,"low":0,"meium":1,"none":0},"expressive":{"dir-action":0,"dir-explicit":0,"dir-speech":1,"indirect":0,"writing-device":0}},{"id":"김여사 숯불바베큐보쌈CESCO","permalink":"","username":"asdfg","text":"괜찮네요 맛 괴안음~~~~","date":"Mon Dec 10 23:59:44 +0000 2018","retweets":"30","favorites":"20","mentions":[],"hashtags":[],"geo":"","raw":"괜찮네요 맛 괴안음~~~~","polarity":{"com":0,"pos":0.7272727271363637,"neg":0.18181818190909094,"neut":0.045454545477272734,"none":0.045454545477272734},"intensity":{"high":0.0454545455,"low":0.090909091,"meium":0.818181818,"none":0.0454545455},"expressive":{"dir-action":0,"dir-explicit":0.13636363643181817,"dir-speech":0.6818181816590909,"indirect":0.09090909095454545,"writing-device":0.09090909095454545}},{"id":"김여사 숯불바베큐보쌈CESCO","permalink":"","username":"asdfg","text":"가격대비 양 좋은데요~~","date":"Mon Dec 10 23:59:44 +0000 2018","retweets":"30","favorites":"20","mentions":[],"hashtags":[],"geo":"","raw":"가격대비 양 좋은데요~~","polarity":{"com":0,"pos":0.96,"neg":0.02,"neut":0,"none":0.02},"intensity":{"high":0.1,"low":0.02,"meium":0.86,"none":0.02},"expressive":{"dir-action":0,"dir-explicit":0.3,"dir-speech":0.1,"indirect":0.58,"writing-device":0.02}},{"id":"김여사 숯불바베큐보쌈CESCO","permalink":"","username":"asdfg","text":"향이 넘 좋은데요...","date":"Mon Dec 10 23:59:44 +0000 2018","retweets":"30","favorites":"20","mentions":[],"hashtags":[],"geo":"","raw":"향이 넘 좋은데요...","polarity":{"com":0,"pos":0.92,"neg":0.04,"neut":0,"none":0.04},"intensity":{"high":0.2,"low":0.04,"meium":0.72,"none":0.04},"expressive":{"dir-action":0,"dir-explicit":0.6,"dir-speech":0.2,"indirect":0.16,"writing-device":0.04}},{"id":"김여사 숯불바베큐보쌈CESCO","permalink":"","username":"asdfg","text":"베리굿~굿굿굿~~~~","date":"Mon Dec 10 23:59:44 +0000 2018","retweets":"30","favorites":"20","mentions":[],"hashtags":[],"geo":"","raw":"베리굿~굿굿굿~~~~","polarity":{"com":0,"pos":1,"neg":0,"neut":0,"none":0},"intensity":{"high":0,"low":0,"meium":1,"none":0},"expressive":{"dir-action":0,"dir-explicit":0,"dir-speech":0,"indirect":1,"writing-device":0}},{"id":"김여사 숯불바베큐보쌈CESCO","permalink":"","username":"asdfg","text":"리뷰보고 시킨건데 리뷰보고 시킨거중에 최악ㅡㅡ ","date":"Mon Dec 10 23:59:44 +0000 2018","retweets":"30","favorites":"20","mentions":[],"hashtags":[],"geo":"","raw":"리뷰보고 시킨건데 리뷰보고 시킨거중에 최악ㅡㅡ ","polarity":{"com":0.0089285715,"pos":0.0357142855,"neg":0.5625,"neut":0.017857143,"none":0.375},"intensity":{"high":0.5089285712455357,"low":0.02678571448660714,"meium":0.08928571445535714,"none":0.3749999998125},"expressive":{"dir-action":0,"dir-explicit":0.0357142855,"dir-speech":0.0625,"indirect":0.5089285715,"writing-device":0.392857143}},{"id":"김여사 숯불바베큐보쌈CESCO","permalink":"","username":"asdfg","text":"맛이 좋아요\n담에 또 시킬께요","date":"Mon Dec 10 23:59:44 +0000 2018","retweets":"30","favorites":"20","mentions":[],"hashtags":[],"geo":"","raw":"맛이 좋아요\n담에 또 시킬께요","polarity":{"com":0,"pos":0.6876190474374604,"neg":0.15619047628126986,"neut":0,"none":0.15619047628126986},"intensity":{"high":0.06666666666666667,"low":0.013333333333333334,"meium":0.7638095236666667,"none":0.15619047633333333},"expressive":{"dir-action":0,"dir-explicit":0.24761904766666665,"dir-speech":0.4952380953333333,"indirect":0.05333333333333334,"writing-device":0.2038095236666667}},{"id":"김여사 숯불바베큐보쌈CESCO","permalink":"","username":"asdfg","text":"숯불이 입혀져서 향이 오래가네요","date":"Mon Dec 10 23:59:44 +0000 2018","retweets":"30","favorites":"20","mentions":[],"hashtags":[],"geo":"","raw":"숯불이 입혀져서 향이 오래가네요","polarity":{"com":0.030837004,"pos":0.431718062,"neg":0.440528634,"neut":0.088105727,"none":0.008810573},"intensity":{"high":0.10572687210572689,"low":0.13215859013215858,"meium":0.7488986787488987,"none":0.01321585901321586},"expressive":{"dir-action":0.004405286004405286,"dir-explicit":0.4140969164140969,"dir-speech":0.3612334803612335,"indirect":0.20704845820704845,"writing-device":0.01321585901321586}},{"id":"김여사 숯불바베큐보쌈CESCO","permalink":"","username":"asdfg","text":"정성이 보이네요....","date":"Mon Dec 10 23:59:44 +0000 2018","retweets":"30","favorites":"20","mentions":[],"hashtags":[],"geo":"","raw":"정성이 보이네요....","polarity":{"com":0.030837004,"pos":0.431718062,"neg":0.440528634,"neut":0.088105727,"none":0.008810573},"intensity":{"high":0.10572687210572689,"low":0.13215859013215858,"meium":0.7488986787488987,"none":0.01321585901321586},"expressive":{"dir-action":0.004405286004405286,"dir-explicit":0.4140969164140969,"dir-speech":0.3612334803612335,"indirect":0.20704845820704845,"writing-device":0.01321585901321586}},{"id":"김여사 숯불바베큐보쌈CESCO","permalink":"","username":"asdfg","text":"또 배달시킬수 있겠어요...","date":"Mon Dec 10 23:59:44 +0000 2018","retweets":"30","favorites":"20","mentions":[],"hashtags":[],"geo":"","raw":"또 배달시킬수 있겠어요...","polarity":{"com":0,"pos":0.27910052890696646,"neg":0.3391534392202821,"neut":0.0055555556648148145,"none":0.3761904762079365},"intensity":{"high":0.07222222230925925,"low":0.02407407432530864,"meium":0.5275132271574956,"none":0.3761904762079365},"expressive":{"dir-action":0.018518518666666667,"dir-explicit":0.20502645500000002,"dir-speech":0.224867725,"indirect":0.12777777766666668,"writing-device":0.42380952366666663}},{"id":"김여사 숯불바베큐보쌈CESCO","permalink":"","username":"asdfg","text":"포장 깔끔하게 왔어요...","date":"Mon Dec 10 23:59:44 +0000 2018","retweets":"30","favorites":"20","mentions":[],"hashtags":[],"geo":"","raw":"포장 깔끔하게 왔어요...","polarity":{"com":0.008008008,"pos":0.5315851566666666,"neg":0.39376876866666666,"neut":0.05863005866666667,"none":0.008008008},"intensity":{"high":0.13327613333333332,"low":0.158980409,"meium":0.6987344486666668,"none":0.009009009},"expressive":{"dir-action":0.0010010009996663332,"dir-explicit":0.41362791352879075,"dir-speech":0.17288717294237096,"indirect":0.4034749035321751,"writing-device":0.009009008996996998}},{"id":"김여사 숯불바베큐보쌈CESCO","permalink":"","username":"asdfg","text":"식감이 더 좋은거 같아요","date":"Mon Dec 10 23:59:44 +0000 2018","retweets":"30","favorites":"20","mentions":[],"hashtags":[],"geo":"","raw":"식감이 더 좋은거 같아요","polarity":{"com":0,"pos":0.5,"neg":0.5,"neut":0,"none":0},"intensity":{"high":0.25,"low":0,"meium":0.75,"none":0},"expressive":{"dir-action":0,"dir-explicit":0.5,"dir-speech":0,"indirect":0,"writing-device":0.5}},{"id":"김여사 숯불바베큐보쌈CESCO","permalink":"","username":"asdfg","text":"입안가득 숯불향이 좋아요","date":"Mon Dec 10 23:59:44 +0000 2018","retweets":"30","favorites":"20","mentions":[],"hashtags":[],"geo":"","raw":"입안가득 숯불향이 좋아요","polarity":{"com":0,"pos":0.75,"neg":0.25,"neut":0,"none":0},"intensity":{"high":0.5,"low":0,"meium":0.5,"none":0},"expressive":{"dir-action":0,"dir-explicit":0.25,"dir-speech":0.5,"indirect":0.25,"writing-device":0}},{"id":"김여사 숯불바베큐보쌈CESCO","permalink":"","username":"asdfg","text":"숯불향이 굿입니다....","date":"Mon Dec 10 23:59:44 +0000 2018","retweets":"30","favorites":"20","mentions":[],"hashtags":[],"geo":"","raw":"숯불향이 굿입니다....","polarity":{"com":0,"pos":1,"neg":0,"neut":0,"none":0},"intensity":{"high":0,"low":0,"meium":1,"none":0},"expressive":{"dir-action":0,"dir-explicit":0,"dir-speech":0,"indirect":1,"writing-device":0}},{"id":"김여사 숯불바베큐보쌈CESCO","permalink":"","username":"asdfg","text":"넉넉한 인심덕에 맛있게 먹음","date":"Mon Dec 10 23:59:44 +0000 2018","retweets":"30","favorites":"20","mentions":[],"hashtags":[],"geo":"","raw":"넉넉한 인심덕에 맛있게 먹음","polarity":{"com":0.006006006,"pos":0.48648648650000004,"neg":0.49324324325,"neut":0.00825825825,"none":0.006006006},"intensity":{"high":0.05630630625,"low":0.0765765765,"meium":0.8603603605,"none":0.00675675675},"expressive":{"dir-action":0.0007507507500000002,"dir-explicit":0.38363363350000007,"dir-speech":0.466966967,"indirect":0.14189189200000002,"writing-device":0.0067567567500000005}},{"id":"김여사 숯불바베큐보쌈CESCO","permalink":"","username":"asdfg","text":"배달쁘른집이네요~~","date":"Mon Dec 10 23:59:44 +0000 2018","retweets":"30","favorites":"20","mentions":[],"hashtags":[],"geo":"","raw":"배달쁘른집이네요~~","polarity":{"com":null,"pos":null,"neg":null,"neut":null,"none":null},"intensity":{"high":null,"low":null,"meium":null,"none":null},"expressive":{"dir-action":null,"dir-explicit":null,"dir-speech":null,"indirect":null,"writing-device":null}},{"id":"김여사 숯불바베큐보쌈CESCO","permalink":"","username":"asdfg","text":"숯불향이 입안에 퍼지지 맛있음","date":"Mon Dec 10 23:59:44 +0000 2018","retweets":"30","favorites":"20","mentions":[],"hashtags":[],"geo":"","raw":"숯불향이 입안에 퍼지지 맛있음","polarity":{"com":0,"pos":0.5,"neg":0.5,"neut":0,"none":0},"intensity":{"high":0,"low":0,"meium":1,"none":0},"expressive":{"dir-action":0,"dir-explicit":0,"dir-speech":0.5,"indirect":0.5,"writing-device":0}},{"id":"김여사 숯불바베큐보쌈CESCO","permalink":"","username":"asdfg","text":"맛있어요/~~~~~~~","date":"Mon Dec 10 23:59:44 +0000 2018","retweets":"30","favorites":"20","mentions":[],"hashtags":[],"geo":"","raw":"맛있어요/~~~~~~~","polarity":{"com":0,"pos":0,"neg":1,"neut":0,"none":0},"intensity":{"high":0,"low":0,"meium":1,"none":0},"expressive":{"dir-action":0,"dir-explicit":0,"dir-speech":1,"indirect":0,"writing-device":0}},{"id":"김여사 숯불바베큐보쌈CESCO","permalink":"","username":"asdfg","text":"담백하면서 고소하네요","date":"Mon Dec 10 23:59:44 +0000 2018","retweets":"30","favorites":"20","mentions":[],"hashtags":[],"geo":"","raw":"담백하면서 고소하네요","polarity":{"com":0.021689431500000002,"pos":0.5643708225,"neg":0.329497239,"neut":0.058452000500000004,"none":0.025990506500000003},"intensity":{"high":0.12694953,"low":0.100106558,"meium":0.7443766350000001,"none":0.028567277},"expressive":{"dir-action":0.004727308000000001,"dir-explicit":0.31314540350000003,"dir-speech":0.19235687300000004,"indirect":0.46227840750000004,"writing-device":0.027492008000000002}},{"id":"김여사 숯불바베큐보쌈CESCO","permalink":"","username":"asdfg","text":"매운맛으로 중자 주문\n괜찮네요","date":"Mon Dec 10 23:59:44 +0000 2018","retweets":"30","favorites":"20","mentions":[],"hashtags":[],"geo":"","raw":"매운맛으로 중자 주문\n괜찮네요","polarity":{"com":0,"pos":1,"neg":0,"neut":0,"none":0},"intensity":{"high":0,"low":0,"meium":1,"none":0},"expressive":{"dir-action":0,"dir-explicit":1,"dir-speech":0,"indirect":0,"writing-device":0}},{"id":"김여사 숯불바베큐보쌈CESCO","permalink":"","username":"asdfg","text":"내취향저격\n맛있네요~~~~","date":"Mon Dec 10 23:59:44 +0000 2018","retweets":"30","favorites":"20","mentions":[],"hashtags":[],"geo":"","raw":"내취향저격\n맛있네요~~~~","polarity":{"com":0,"pos":0,"neg":0.75,"neut":0.25,"none":0},"intensity":{"high":0.0833333335,"low":0,"meium":0.9166666665000001,"none":0},"expressive":{"dir-action":0,"dir-explicit":0,"dir-speech":1,"indirect":0,"writing-device":0}},{"id":"김여사 숯불바베큐보쌈CESCO","permalink":"","username":"asdfg","text":"숯불향도 배고 맛있음....","date":"Mon Dec 10 23:59:44 +0000 2018","retweets":"30","favorites":"20","mentions":[],"hashtags":[],"geo":"","raw":"숯불향도 배고 맛있음....","polarity":{"com":0,"pos":0.5,"neg":0.5,"neut":0,"none":0},"intensity":{"high":0,"low":0,"meium":1,"none":0},"expressive":{"dir-action":0,"dir-explicit":0.5,"dir-speech":0.5,"indirect":0,"writing-device":0}},{"id":"김여사 숯불바베큐보쌈CESCO","permalink":"","username":"asdfg","text":"맛 짱 좋아요.......","date":"Mon Dec 10 23:59:44 +0000 2018","retweets":"30","favorites":"20","mentions":[],"hashtags":[],"geo":"","raw":"맛 짱 좋아요.......","polarity":{"com":0,"pos":0.96,"neg":0.02,"neut":0,"none":0.02},"intensity":{"high":0.1,"low":0.02,"meium":0.86,"none":0.02},"expressive":{"dir-action":0,"dir-explicit":0.30000000000000004,"dir-speech":0.6000000000000001,"indirect":0.08000000000000002,"writing-device":0.020000000000000004}},{"id":"김여사 숯불바베큐보쌈CESCO","permalink":"","username":"asdfg","text":"배달빠른데요\n넘 좋았어요","date":"Mon Dec 10 23:59:44 +0000 2018","retweets":"30","favorites":"20","mentions":[],"hashtags":[],"geo":"","raw":"배달빠른데요\n넘 좋았어요","polarity":{"com":0,"pos":0.96,"neg":0.02,"neut":0,"none":0.02},"intensity":{"high":0.1,"low":0.02,"meium":0.86,"none":0.02},"expressive":{"dir-action":0,"dir-explicit":0.30000000000000004,"dir-speech":0.6000000000000001,"indirect":0.08000000000000002,"writing-device":0.020000000000000004}},{"id":"김여사 숯불바베큐보쌈CESCO","permalink":"","username":"asdfg","text":"입맛에 맞구요  잘 먹었음\n","date":"Mon Dec 10 23:59:44 +0000 2018","retweets":"30","favorites":"20","mentions":[],"hashtags":[],"geo":"","raw":"입맛에 맞구요  잘 먹었음\n","polarity":{"com":0,"pos":0.589947090196649,"neg":0.3862433861287478,"neut":0.023809523674603175,"none":0},"intensity":{"high":0.074074074,"low":0.07142857133333333,"meium":0.8544973546666667,"none":0},"expressive":{"dir-action":0,"dir-explicit":0.25661375666666664,"dir-speech":0.2513227513333333,"indirect":0.492063492,"writing-device":0}},{"id":"김여사 숯불바베큐보쌈CESCO","permalink":"","username":"asdfg","text":"나쁘지 않네요\n잡내도 안나고 짱 맛있음","date":"Mon Dec 10 23:59:44 +0000 2018","retweets":"30","favorites":"20","mentions":[],"hashtags":[],"geo":"","raw":"나쁘지 않네요\n잡내도 안나고 짱 맛있음","polarity":{"com":0,"pos":0.11111111103703702,"neg":0.7777777779259258,"neut":0.11111111103703702,"none":0},"intensity":{"high":0.111111111,"low":0.22222222233333333,"meium":0.6666666666666666,"none":0},"expressive":{"dir-action":0,"dir-explicit":0.111111111,"dir-speech":0.5555555556666666,"indirect":0.3333333333333333,"writing-device":0}},{"id":"김여사 숯불바베큐보쌈CESCO","permalink":"","username":"asdfg","text":"리뷰가 많지 안아서 걱정했는데 포장도 깔끔하고 무엇보다 너무너무 맛나네요~~오픈한지 며칠안되시나 ㅋ 대박나시고 단골쾅!찍고갑니다 ㅎㅎ","date":"Mon Dec 10 23:59:44 +0000 2018","retweets":"30","favorites":"20","mentions":[],"hashtags":[],"geo":"","raw":"리뷰가 많지 안아서 걱정했는데 포장도 깔끔하고 무엇보다 너무너무 맛나네요~~오픈한지 며칠안되시나 ㅋ 대박나시고 단골쾅!찍고갑니다 ㅎㅎ","polarity":{"com":0.0316106136,"pos":0.3736425628,"neg":0.5172522615999999,"neut":0.0450237334,"none":0.032470828599999994},"intensity":{"high":0.14551977617089604,"low":0.14025940687194813,"meium":0.6721437251655712,"none":0.04207709179158458},"expressive":{"dir-action":0.000945461599905454,"dir-explicit":0.29704466507029553,"dir-speech":0.19669648288033037,"indirect":0.4634513524536549,"writing-device":0.04186203799581379}},{"id":"김여사 숯불바베큐보쌈CESCO","permalink":"","username":"asdfg","text":"양념 맛있게 배서 좋아요","date":"Mon Dec 10 23:59:44 +0000 2018","retweets":"30","favorites":"20","mentions":[],"hashtags":[],"geo":"","raw":"양념 맛있게 배서 좋아요","polarity":{"com":0,"pos":0.46,"neg":0.52,"neut":0,"none":0.02},"intensity":{"high":0.1,"low":0.02,"meium":0.86,"none":0.02},"expressive":{"dir-action":0,"dir-explicit":0.30000000000000004,"dir-speech":0.6000000000000001,"indirect":0.08000000000000002,"writing-device":0.020000000000000004}},{"id":"김여사 숯불바베큐보쌈CESCO","permalink":"","username":"asdfg","text":"배달음식 좋아지고 있는거 같아서\n좋아요","date":"Mon Dec 10 23:59:44 +0000 2018","retweets":"30","favorites":"20","mentions":[],"hashtags":[],"geo":"","raw":"배달음식 좋아지고 있는거 같아서\n좋아요","polarity":{"com":0,"pos":0.64,"neg":0.3466666666666667,"neut":0,"none":0.013333333333333334},"intensity":{"high":0.06666666666666667,"low":0.013333333333333334,"meium":0.9066666666666666,"none":0.013333333333333334},"expressive":{"dir-action":0,"dir-explicit":0.19999999999999998,"dir-speech":0.39999999999999997,"indirect":0.05333333333333334,"writing-device":0.3466666666666667}},{"id":"김여사 숯불바베큐보쌈CESCO","permalink":"","username":"asdfg","text":"향도 좋고 맛있어요....","date":"Mon Dec 10 23:59:44 +0000 2018","retweets":"30","favorites":"20","mentions":[],"hashtags":[],"geo":"","raw":"향도 좋고 맛있어요....","polarity":{"com":0,"pos":0.46,"neg":0.52,"neut":0,"none":0.02},"intensity":{"high":0.1,"low":0.02,"meium":0.86,"none":0.02},"expressive":{"dir-action":0,"dir-explicit":0.30000000000000004,"dir-speech":0.6000000000000001,"indirect":0.08000000000000002,"writing-device":0.020000000000000004}},{"id":"김여사 숯불바베큐보쌈CESCO","permalink":"","username":"asdfg","text":"족발 야들야들 맛 좋아요....","date":"Mon Dec 10 23:59:44 +0000 2018","retweets":"30","favorites":"20","mentions":[],"hashtags":[],"geo":"","raw":"족발 야들야들 맛 좋아요....","polarity":{"com":0,"pos":1,"neg":0,"neut":0,"none":0},"intensity":{"high":0,"low":0,"meium":1,"none":0},"expressive":{"dir-action":0,"dir-explicit":0,"dir-speech":1,"indirect":0,"writing-device":0}},{"id":"김여사 숯불바베큐보쌈CESCO","permalink":"","username":"asdfg","text":"모듬 바베큐 1  시켰어요","date":"Mon Dec 10 23:59:44 +0000 2018","retweets":"30","favorites":"20","mentions":[],"hashtags":[],"geo":"","raw":"모듬 바베큐 1  시켰어요","polarity":{"com":null,"pos":null,"neg":null,"neut":null,"none":null},"intensity":{"high":null,"low":null,"meium":null,"none":null},"expressive":{"dir-action":null,"dir-explicit":null,"dir-speech":null,"indirect":null,"writing-device":null}},{"id":"김여사 숯불바베큐보쌈CESCO","permalink":"","username":"asdfg","text":"먹을만 하네요~~~~~","date":"Mon Dec 10 23:59:44 +0000 2018","retweets":"30","favorites":"20","mentions":[],"hashtags":[],"geo":"","raw":"먹을만 하네요~~~~~","polarity":{"com":0,"pos":0.458333333,"neg":0.3333333335,"neut":0,"none":0.2083333335},"intensity":{"high":0.097222222,"low":0.111111111,"meium":0.5833333334999999,"none":0.2083333335},"expressive":{"dir-action":0,"dir-explicit":0.2777777775,"dir-speech":0.388888889,"indirect":0.125,"writing-device":0.2083333335}},{"id":"김여사 숯불바베큐보쌈CESCO","permalink":"","username":"asdfg","text":"등갈비 바베큐 맛있어요...","date":"Mon Dec 10 23:59:44 +0000 2018","retweets":"30","favorites":"20","mentions":[],"hashtags":[],"geo":"","raw":"등갈비 바베큐 맛있어요...","polarity":{"com":0,"pos":0,"neg":1,"neut":0,"none":0},"intensity":{"high":0,"low":0,"meium":1,"none":0},"expressive":{"dir-action":0,"dir-explicit":0,"dir-speech":1,"indirect":0,"writing-device":0}},{"id":"김여사 숯불바베큐보쌈CESCO","permalink":"","username":"asdfg","text":"포장 맘에들었어요~~~~","date":"Mon Dec 10 23:59:44 +0000 2018","retweets":"30","favorites":"20","mentions":[],"hashtags":[],"geo":"","raw":"포장 맘에들었어요~~~~","polarity":{"com":0,"pos":0.0625,"neg":0.9375,"neut":0,"none":0},"intensity":{"high":0,"low":0.125,"meium":0.875,"none":0},"expressive":{"dir-action":0,"dir-explicit":0.25,"dir-speech":0.5,"indirect":0.25,"writing-device":0}}]