[{"id":"소문난장충왕족발보쌈","permalink":"","username":"asdfg","text":"어쩔수없어서 내가 별하나씩달았다\n나도 음식x도못하니까 시켜서 먹는건데\n난 첨으로 돈주고 음식물 쓰레기시켜먹고\n라면을 다시 끓였다 다시 생각해봐","date":"Mon Dec 10 23:59:44 +0000 2018","retweets":"30","favorites":"20","mentions":[],"hashtags":[],"geo":"","raw":"어쩔수없어서 내가 별하나씩달았다\n나도 음식x도못하니까 시켜서 먹는건데\n난 첨으로 돈주고 음식물 쓰레기시켜먹고\n라면을 다시 끓였다 다시 생각해봐","polarity":{"com":0.026369687731575345,"pos":0.3412339988439177,"neg":0.5102585765659827,"neut":0.05130568359657962,"none":0.07083205326194453},"intensity":{"high":0.1892925413873805,"low":0.09157791426056144,"meium":0.6481541218901231,"none":0.07097542246193499},"expressive":{"dir-action":0.00043010753336200717,"dir-explicit":0.17151391021143428,"dir-speech":0.5087421061672495,"indirect":0.23665642601577708,"writing-device":0.08265745007217713}},{"id":"소문난장충왕족발보쌈","permalink":"","username":"asdfg","text":"맛있어요맛있어요^^","date":"Mon Dec 10 23:59:44 +0000 2018","retweets":"30","favorites":"20","mentions":[],"hashtags":[],"geo":"","raw":"맛있어요맛있어요^^","polarity":{"com":0,"pos":0,"neg":1,"neut":0,"none":0},"intensity":{"high":0,"low":0,"meium":1,"none":0},"expressive":{"dir-action":0,"dir-explicit":0,"dir-speech":1,"indirect":0,"writing-device":0}},{"id":"소문난장충왕족발보쌈","permalink":"","username":"asdfg","text":"괜찮았어요 다음에또 시켜먹을게요 호","date":"Mon Dec 10 23:59:44 +0000 2018","retweets":"30","favorites":"20","mentions":[],"hashtags":[],"geo":"","raw":"괜찮았어요 다음에또 시켜먹을게요 호","polarity":{"com":0,"pos":0.1587301586137566,"neg":0.6984126984338624,"neut":0,"none":0.14285714295238094},"intensity":{"high":0.037037037,"low":0.074074074,"meium":0.746031746,"none":0.142857143},"expressive":{"dir-action":0,"dir-explicit":0.12169312166666667,"dir-speech":0.687830688,"indirect":0,"writing-device":0.19047619033333332}},{"id":"소문난장충왕족발보쌈","permalink":"","username":"asdfg","text":"굴이 싱싱하고 양도 많아요","date":"Mon Dec 10 23:59:44 +0000 2018","retweets":"30","favorites":"20","mentions":[],"hashtags":[],"geo":"","raw":"굴이 싱싱하고 양도 많아요","polarity":{"com":0.014110418999999999,"pos":0.3816204966666667,"neg":0.469348292,"neut":0.066849835,"none":0.06807095733333333},"intensity":{"high":0.16051298872017097,"low":0.1586622253862207,"meium":0.6074539822024846,"none":0.0733708036911236},"expressive":{"dir-action":0.005299846338633178,"dir-explicit":0.3655851956989185,"dir-speech":0.33080596266413925,"indirect":0.21727535655060867,"writing-device":0.0810336387477003}},{"id":"소문난장충왕족발보쌈","permalink":"","username":"asdfg","text":"맛있어요~^^  담에또시켜먹을께요","date":"Mon Dec 10 23:59:44 +0000 2018","retweets":"30","favorites":"20","mentions":[],"hashtags":[],"geo":"","raw":"맛있어요~^^  담에또시켜먹을께요","polarity":{"com":0,"pos":0.1587301586137566,"neg":0.6984126984338624,"neut":0,"none":0.14285714295238094},"intensity":{"high":0.037037037,"low":0.074074074,"meium":0.746031746,"none":0.142857143},"expressive":{"dir-action":0,"dir-explicit":0.12169312166666667,"dir-speech":0.687830688,"indirect":0,"writing-device":0.19047619033333332}},{"id":"소문난장충왕족발보쌈","permalink":"","username":"asdfg","text":"고기에서 고기 특유의 냄새가 나네요","date":"Mon Dec 10 23:59:44 +0000 2018","retweets":"30","favorites":"20","mentions":[],"hashtags":[],"geo":"","raw":"고기에서 고기 특유의 냄새가 나네요","polarity":{"com":0.007062146998234463,"pos":0.14548022596362994,"neg":0.3319209039170198,"neut":0.5141242936214689,"none":0.001412429499646893},"intensity":{"high":0.03531073449117233,"low":0.046610169488347473,"meium":0.9166666665208334,"none":0.0014124294996468924},"expressive":{"dir-action":0,"dir-explicit":0.05790960449999999,"dir-speech":0.58333333325,"indirect":0.35734463275,"writing-device":0.0014124295000000004}},{"id":"소문난장충왕족발보쌈","permalink":"","username":"asdfg","text":"퍽퍽해요 윤기도없고요 양만 많아요 질보다 양으로 승부하나바요 신경좀써주시길 막구수는 양념소스 따로 포장해주는게 맞다고생각함","date":"Mon Dec 10 23:59:44 +0000 2018","retweets":"30","favorites":"20","mentions":[],"hashtags":[],"geo":"","raw":"퍽퍽해요 윤기도없고요 양만 많아요 질보다 양으로 승부하나바요 신경좀써주시길 막구수는 양념소스 따로 포장해주는게 맞다고생각함","polarity":{"com":0.001488833769230769,"pos":0.36713014715384623,"neg":0.3012969316923077,"neut":0.28829797169230764,"none":0.041786115692307696},"intensity":{"high":0.040987410769230764,"low":0.16345476276923077,"meium":0.7536062847692306,"none":0.04195154169230769},"expressive":{"dir-action":0.007489284923653021,"dir-explicit":0.24153523632627197,"dir-speech":0.5064808226543447,"indirect":0.20345992578488153,"writing-device":0.04103473031084884}},{"id":"소문난장충왕족발보쌈","permalink":"","username":"asdfg","text":"맛있어요~~ 또시키러 올께요","date":"Mon Dec 10 23:59:44 +0000 2018","retweets":"30","favorites":"20","mentions":[],"hashtags":[],"geo":"","raw":"맛있어요~~ 또시키러 올께요","polarity":{"com":0,"pos":0.21428571426190474,"neg":0.47619047617460314,"neut":0.1666666666111111,"none":0.14285714295238094},"intensity":{"high":0,"low":0,"meium":0.857142857,"none":0.142857143},"expressive":{"dir-action":0,"dir-explicit":0.047619047666666664,"dir-speech":0.5952380953333333,"indirect":0.16666666666666666,"writing-device":0.19047619033333332}},{"id":"소문난장충왕족발보쌈","permalink":"","username":"asdfg","text":"우와..생각보다너무만족이에요\n너무맛있게잘먹었어요\n진짜짱짱","date":"Mon Dec 10 23:59:44 +0000 2018","retweets":"30","favorites":"20","mentions":[],"hashtags":[],"geo":"","raw":"우와..생각보다너무만족이에요\n너무맛있게잘먹었어요\n진짜짱짱","polarity":{"com":0.06171802061234362,"pos":0.3521241830704249,"neg":0.45079365069015875,"neut":0.08258636781651728,"none":0.05277777781055557},"intensity":{"high":0.09929971981985992,"low":0.16633986923326796,"meium":0.6815826331363165,"none":0.05277777781055556},"expressive":{"dir-action":0,"dir-explicit":0.43008870200000004,"dir-speech":0.27504668540000005,"indirect":0.23816526619999995,"writing-device":0.0566993464}},{"id":"소문난장충왕족발보쌈","permalink":"","username":"asdfg","text":"sjxosnxowkxjejx","date":"Mon Dec 10 23:59:44 +0000 2018","retweets":"30","favorites":"20","mentions":[],"hashtags":[],"geo":"","raw":"sjxosnxowkxjejx","polarity":{"com":null,"pos":null,"neg":null,"neut":null,"none":null},"intensity":{"high":null,"low":null,"meium":null,"none":null},"expressive":{"dir-action":null,"dir-explicit":null,"dir-speech":null,"indirect":null,"writing-device":null}},{"id":"소문난장충왕족발보쌈","permalink":"","username":"asdfg","text":"늘 여기서만 시켜목습니다","date":"Mon Dec 10 23:59:44 +0000 2018","retweets":"30","favorites":"20","mentions":[],"hashtags":[],"geo":"","raw":"늘 여기서만 시켜목습니다","polarity":{"com":0,"pos":0.5598290598532764,"neg":0.27777777775925927,"neut":0.017094017005698008,"none":0.1452991453817664},"intensity":{"high":0.03418803433333333,"low":0.017094017,"meium":0.8034188033333334,"none":0.14529914533333335},"expressive":{"dir-action":0.33333333333333326,"dir-explicit":0.07692307699999999,"dir-speech":0.41880341866666665,"indirect":0.03418803433333333,"writing-device":0.13675213666666666}},{"id":"소문난장충왕족발보쌈","permalink":"","username":"asdfg","text":"족뱅이 맛있네요 잘 먹었습니다","date":"Mon Dec 10 23:59:44 +0000 2018","retweets":"30","favorites":"20","mentions":[],"hashtags":[],"geo":"","raw":"족뱅이 맛있네요 잘 먹었습니다","polarity":{"com":0,"pos":0.7142857147142857,"neg":0.21428571421428572,"neut":0.07142857107142857,"none":0},"intensity":{"high":0,"low":0.214285714,"meium":0.785714286,"none":0},"expressive":{"dir-action":0,"dir-explicit":0.214285714,"dir-speech":0.142857143,"indirect":0.642857143,"writing-device":0}},{"id":"소문난장충왕족발보쌈","permalink":"","username":"asdfg","text":"머리카락 보이십니까... 저 무말랭이랑 겉절이 먹는데 그 안에서 나왔습니다 ㅠㅠ 양도 많고 맛도 그럭저럭 괜찮지만 실망이네요","date":"Mon Dec 10 23:59:44 +0000 2018","retweets":"30","favorites":"20","mentions":[],"hashtags":[],"geo":"","raw":"머리카락 보이십니까... 저 무말랭이랑 겉절이 먹는데 그 안에서 나왔습니다 ㅠㅠ 양도 많고 맛도 그럭저럭 괜찮지만 실망이네요","polarity":{"com":0.013472055430496009,"pos":0.5008702756429816,"neg":0.3780809426254401,"neut":0.07583069458226155,"none":0.031746031718820865},"intensity":{"high":0.08027595088007886,"low":0.23476238320993212,"meium":0.6532156341866331,"none":0.03174603172335601},"expressive":{"dir-action":0.010204081574344022,"dir-explicit":0.29613947037032556,"dir-speech":0.5176255285764644,"indirect":0.14148376732613824,"writing-device":0.03454715215272776}},{"id":"소문난장충왕족발보쌈","permalink":"","username":"asdfg","text":"양도 많고 맛도 괜찮았어요~~ 👍👍","date":"Mon Dec 10 23:59:44 +0000 2018","retweets":"30","favorites":"20","mentions":[],"hashtags":[],"geo":"","raw":"양도 많고 맛도 괜찮았어요~~ 👍👍","polarity":{"com":0,"pos":0.695652174,"neg":0.2826086955,"neut":0.0217391305,"none":0},"intensity":{"high":0.1304347825652174,"low":0.10869565205434782,"meium":0.7608695653804347,"none":0},"expressive":{"dir-action":0,"dir-explicit":0.2608695651304348,"dir-speech":0.6086956523043479,"indirect":0.1304347825652174,"writing-device":0}},{"id":"소문난장충왕족발보쌈","permalink":"","username":"asdfg","text":"맛이 아주 끝내줍니다 ㅎㅎ 가성비 갑","date":"Mon Dec 10 23:59:44 +0000 2018","retweets":"30","favorites":"20","mentions":[],"hashtags":[],"geo":"","raw":"맛이 아주 끝내줍니다 ㅎㅎ 가성비 갑","polarity":{"com":0,"pos":0.6439393940000001,"neg":0.26515151500000006,"neut":0.060606060666666677,"none":0.030303030333333338},"intensity":{"high":0.11363636366666667,"low":0.06060606066666666,"meium":0.7954545453333334,"none":0.03030303033333333},"expressive":{"dir-action":0,"dir-explicit":0,"dir-speech":0.6893939393333334,"indirect":0.2803030303333333,"writing-device":0.03030303033333333}},{"id":"소문난장충왕족발보쌈","permalink":"","username":"asdfg","text":"마싯게 잘먹었습니다~","date":"Mon Dec 10 23:59:44 +0000 2018","retweets":"30","favorites":"20","mentions":[],"hashtags":[],"geo":"","raw":"마싯게 잘먹었습니다~","polarity":{"com":0,"pos":0.35897435882051276,"neg":0.5641025642179487,"neut":0.07692307696153847,"none":0},"intensity":{"high":0.09401709400000001,"low":0.22649572650000002,"meium":0.6794871795,"none":0},"expressive":{"dir-action":0,"dir-explicit":0.264957265,"dir-speech":0.735042735,"indirect":0,"writing-device":0}},{"id":"소문난장충왕족발보쌈","permalink":"","username":"asdfg","text":"맛있게 잘먹었어요~~","date":"Mon Dec 10 23:59:44 +0000 2018","retweets":"30","favorites":"20","mentions":[],"hashtags":[],"geo":"","raw":"맛있게 잘먹었어요~~","polarity":{"com":0,"pos":0.35714285717857136,"neg":0.6071428573035714,"neut":0.03571428551785714,"none":0},"intensity":{"high":0,"low":0.107142857,"meium":0.8928571430000001,"none":0},"expressive":{"dir-action":0,"dir-explicit":0.107142857,"dir-speech":0.5714285715,"indirect":0.3214285715,"writing-device":0}},{"id":"소문난장충왕족발보쌈","permalink":"","username":"asdfg","text":"배달도 적당하고 양도 푸짐하고 맛잇네요","date":"Mon Dec 10 23:59:44 +0000 2018","retweets":"30","favorites":"20","mentions":[],"hashtags":[],"geo":"","raw":"배달도 적당하고 양도 푸짐하고 맛잇네요","polarity":{"com":0.006006006,"pos":0.90315315325,"neg":0.0765765765,"neut":0.00825825825,"none":0.006006006},"intensity":{"high":0.0285285285,"low":0.021021021,"meium":0.94369369375,"none":0.00675675675},"expressive":{"dir-action":0.0007507507500000002,"dir-explicit":0.07807807800000001,"dir-speech":0.5225225225000001,"indirect":0.391891892,"writing-device":0.0067567567500000005}},{"id":"소문난장충왕족발보쌈","permalink":"","username":"asdfg","text":"대박이에용 역시 믿고보는 족발 양 맛 배달 모두짱 서비스두 짱이에용~~","date":"Mon Dec 10 23:59:44 +0000 2018","retweets":"30","favorites":"20","mentions":[],"hashtags":[],"geo":"","raw":"대박이에용 역시 믿고보는 족발 양 맛 배달 모두짱 서비스두 짱이에용~~","polarity":{"com":0,"pos":0.5833333333958333,"neg":0,"neut":0.3333333333333333,"none":0.08333333327083332},"intensity":{"high":0,"low":0.5833333333958333,"meium":0.3333333333333333,"none":0.08333333327083332},"expressive":{"dir-action":0,"dir-explicit":0.08333333327083332,"dir-speech":0.5833333333958333,"indirect":0.2500000000625,"writing-device":0.08333333327083332}},{"id":"소문난장충왕족발보쌈","permalink":"","username":"asdfg","text":"고기가 너무 퍽퍽하고 야채도 찌~끔...막국수는 풀어지지도않고..","date":"Mon Dec 10 23:59:44 +0000 2018","retweets":"30","favorites":"20","mentions":[],"hashtags":[],"geo":"","raw":"고기가 너무 퍽퍽하고 야채도 찌~끔...막국수는 풀어지지도않고..","polarity":{"com":0.03605762057657966,"pos":0.3696216207670888,"neg":0.31797425361685344,"neut":0.1683556180240508,"none":0.10799088701542728},"intensity":{"high":0.21112248457142857,"low":0.10829121614285715,"meium":0.5709533761428571,"none":0.10963292314285715},"expressive":{"dir-action":0.0016420361428571427,"dir-explicit":0.3356456898571429,"dir-speech":0.39386902099999993,"indirect":0.15467909214285713,"writing-device":0.11416416085714286}},{"id":"소문난장충왕족발보쌈","permalink":"","username":"asdfg","text":"양도 많고 너무 맛있었네요~","date":"Mon Dec 10 23:59:44 +0000 2018","retweets":"30","favorites":"20","mentions":[],"hashtags":[],"geo":"","raw":"양도 많고 너무 맛있었네요~","polarity":{"com":0.07142857150000001,"pos":0.26708074550000005,"neg":0.6397515525,"neut":0.021739130500000002,"none":0},"intensity":{"high":0.20186335410093165,"low":0.1801242235900621,"meium":0.6180124223090062,"none":0},"expressive":{"dir-action":0,"dir-explicit":0.5465838507732919,"dir-speech":0.2515527951257764,"indirect":0.20186335410093165,"writing-device":0}},{"id":"소문난장충왕족발보쌈","permalink":"","username":"asdfg","text":"좋아요 맛있었어요!!","date":"Mon Dec 10 23:59:44 +0000 2018","retweets":"30","favorites":"20","mentions":[],"hashtags":[],"geo":"","raw":"좋아요 맛있었어요!!","polarity":{"com":0,"pos":0.46,"neg":0.52,"neut":0,"none":0.02},"intensity":{"high":0.1,"low":0.02,"meium":0.86,"none":0.02},"expressive":{"dir-action":0,"dir-explicit":0.30000000000000004,"dir-speech":0.6000000000000001,"indirect":0.08000000000000002,"writing-device":0.020000000000000004}},{"id":"소문난장충왕족발보쌈","permalink":"","username":"asdfg","text":"쟁반국수가 세트에 안써져있어서 하나 더 추가했는데 웬걸.. 오네요...ㅠㅠ 맛은 보통이에요!","date":"Mon Dec 10 23:59:44 +0000 2018","retweets":"30","favorites":"20","mentions":[],"hashtags":[],"geo":"","raw":"쟁반국수가 세트에 안써져있어서 하나 더 추가했는데 웬걸.. 오네요...ㅠㅠ 맛은 보통이에요!","polarity":{"com":0.0084461312,"pos":0.7232071322,"neg":0.15466461859999997,"neut":0.0636462758,"none":0.0500358422},"intensity":{"high":0.05344718521068944,"low":0.06813710421362743,"meium":0.8279497607655899,"none":0.05046594981009319},"expressive":{"dir-action":0.0012903226,"dir-explicit":0.203598687,"dir-speech":0.6423047498,"indirect":0.09884882980000001,"writing-device":0.05395741080000001}},{"id":"소문난장충왕족발보쌈","permalink":"","username":"asdfg","text":"기본으로 막국수 주셔서 좋아요 족발은 항상 여기서 시켜요","date":"Mon Dec 10 23:59:44 +0000 2018","retweets":"30","favorites":"20","mentions":[],"hashtags":[],"geo":"","raw":"기본으로 막국수 주셔서 좋아요 족발은 항상 여기서 시켜요","polarity":{"com":0.0033898305999999997,"pos":0.6751864405999999,"neg":0.2998644067999999,"neut":0.0067796609999999985,"none":0.014779660999999996},"intensity":{"high":0.0603389830120678,"low":0.035118644007023726,"meium":0.8897627119779524,"none":0.014779661002955932},"expressive":{"dir-action":0,"dir-explicit":0.27423728820000004,"dir-speech":0.3718644068,"indirect":0.33911864399999997,"writing-device":0.014779661}},{"id":"소문난장충왕족발보쌈","permalink":"","username":"asdfg","text":"고기가 부드럽고 맛있어요 조금 아쉬운건 기름쪽을 시러하는데 좀 많네여","date":"Mon Dec 10 23:59:44 +0000 2018","retweets":"30","favorites":"20","mentions":[],"hashtags":[],"geo":"","raw":"고기가 부드럽고 맛있어요 조금 아쉬운건 기름쪽을 시러하는데 좀 많네여","polarity":{"com":0.0016420361428571425,"pos":0.3316912971428571,"neg":0.4146141215714285,"neut":0.22413793099999998,"none":0.02791461414285714},"intensity":{"high":0.01642036128336852,"low":0.08949096884435843,"meium":0.8645320195907811,"none":0.02955665028149191},"expressive":{"dir-action":0.0016420361430917194,"dir-explicit":0.36584564862369223,"dir-speech":0.5733990147961999,"indirect":0.026272578003753225,"writing-device":0.03284072243326296}},{"id":"소문난장충왕족발보쌈","permalink":"","username":"asdfg","text":"여기마시쩡","date":"Mon Dec 10 23:59:44 +0000 2018","retweets":"30","favorites":"20","mentions":[],"hashtags":[],"geo":"","raw":"여기마시쩡","polarity":{"com":0,"pos":0.25,"neg":0.25,"neut":0.5,"none":0},"intensity":{"high":0,"low":0,"meium":0.5,"none":0.5},"expressive":{"dir-action":0,"dir-explicit":0.5,"dir-speech":0.5,"indirect":0,"writing-device":0}},{"id":"소문난장충왕족발보쌈","permalink":"","username":"asdfg","text":"막국수 ㅇㄷ","date":"Mon Dec 10 23:59:44 +0000 2018","retweets":"30","favorites":"20","mentions":[],"hashtags":[],"geo":"","raw":"막국수 ㅇㄷ","polarity":{"com":null,"pos":null,"neg":null,"neut":null,"none":null},"intensity":{"high":null,"low":null,"meium":null,"none":null},"expressive":{"dir-action":null,"dir-explicit":null,"dir-speech":null,"indirect":null,"writing-device":null}},{"id":"소문난장충왕족발보쌈","permalink":"","username":"asdfg","text":"배달도 빠르고 양도 적당하네요~^^","date":"Mon Dec 10 23:59:44 +0000 2018","retweets":"30","favorites":"20","mentions":[],"hashtags":[],"geo":"","raw":"배달도 빠르고 양도 적당하네요~^^","polarity":{"com":0,"pos":1,"neg":0,"neut":0,"none":0},"intensity":{"high":0,"low":0.111111111,"meium":0.888888889,"none":0},"expressive":{"dir-action":0,"dir-explicit":0,"dir-speech":0.3333333333333333,"indirect":0.6666666666666666,"writing-device":0}},{"id":"소문난장충왕족발보쌈","permalink":"","username":"asdfg","text":"맛있습니다~~친절하고 양많고 음식맛있고! 뭐가 더 필요할까요~~~^0^최고입니다.","date":"Mon Dec 10 23:59:44 +0000 2018","retweets":"30","favorites":"20","mentions":[],"hashtags":[],"geo":"","raw":"맛있습니다~~친절하고 양많고 음식맛있고! 뭐가 더 필요할까요~~~^0^최고입니다.","polarity":{"com":0.0027649769999999996,"pos":0.5085153275714285,"neg":0.45411073257142853,"neut":0.024403927142857138,"none":0.01020503571428571},"intensity":{"high":0.218727042,"low":0.19671408528571427,"meium":0.5740466172857143,"none":0.01051225542857143},"expressive":{"dir-action":0.0009216590001316653,"dir-explicit":0.19392239359913174,"dir-speech":0.5203499633600499,"indirect":0.2746009483249429,"writing-device":0.010205035715743572}},{"id":"소문난장충왕족발보쌈","permalink":"","username":"asdfg","text":"막국수 줘서 ㄱㅇㄷ","date":"Mon Dec 10 23:59:44 +0000 2018","retweets":"30","favorites":"20","mentions":[],"hashtags":[],"geo":"","raw":"막국수 줘서 ㄱㅇㄷ","polarity":{"com":0,"pos":0.6,"neg":0.4,"neut":0,"none":0},"intensity":{"high":0,"low":0,"meium":1,"none":0},"expressive":{"dir-action":0,"dir-explicit":0.5,"dir-speech":0.1,"indirect":0.4,"writing-device":0}},{"id":"소문난장충왕족발보쌈","permalink":"","username":"asdfg","text":"와 진짜 맛있네요 ㅋㅋ 족발도 고소하니 좋네요 골뱅이 양도 많고 족뱅이 여기가 제일 저렴해요","date":"Mon Dec 10 23:59:44 +0000 2018","retweets":"30","favorites":"20","mentions":[],"hashtags":[],"geo":"","raw":"와 진짜 맛있네요 ㅋㅋ 족발도 고소하니 좋네요 골뱅이 양도 많고 족뱅이 여기가 제일 저렴해요","polarity":{"com":0.006315215,"pos":0.45679146337500004,"neg":0.38659791225000006,"neut":0.08433349700000001,"none":0.065961912375},"intensity":{"high":0.10720322101340041,"low":0.07148626675893578,"meium":0.7547044072193382,"none":0.06660610500832578},"expressive":{"dir-action":0.0011818270000000003,"dir-explicit":0.24171802787500005,"dir-speech":0.4502631312500001,"indirect":0.24139258325000001,"writing-device":0.06544443062500001}},{"id":"소문난장충왕족발보쌈","permalink":"","username":"asdfg","text":"먹고있는도중에 맛있어서 리뷰쓰네요.\n뒷다리주셨지만 다음엔앞다리로 주세요ㅠ","date":"Mon Dec 10 23:59:44 +0000 2018","retweets":"30","favorites":"20","mentions":[],"hashtags":[],"geo":"","raw":"먹고있는도중에 맛있어서 리뷰쓰네요.\n뒷다리주셨지만 다음엔앞다리로 주세요ㅠ","polarity":{"com":0,"pos":0.37743145727548627,"neg":0.5694660897138932,"neut":0.037229437207445884,"none":0.015873015803174604},"intensity":{"high":0.046753246799999995,"low":0.11024531019999999,"meium":0.8271284272000001,"none":0.0158730158},"expressive":{"dir-action":0.018181818199999998,"dir-explicit":0.19437229439999998,"dir-speech":0.617979798,"indirect":0.1504184704,"writing-device":0.019047619}},{"id":"소문난장충왕족발보쌈","permalink":"","username":"asdfg","text":"보쌈 소주문했는데 맛있네요~^^","date":"Mon Dec 10 23:59:44 +0000 2018","retweets":"30","favorites":"20","mentions":[],"hashtags":[],"geo":"","raw":"보쌈 소주문했는데 맛있네요~^^","polarity":{"com":0,"pos":0,"neg":0.75,"neut":0.25,"none":0},"intensity":{"high":0,"low":0.25,"meium":0.75,"none":0},"expressive":{"dir-action":0,"dir-explicit":0.25,"dir-speech":0.75,"indirect":0,"writing-device":0}},{"id":"소문난장충왕족발보쌈","permalink":"","username":"asdfg","text":"여기 막국수도 오고 좋음 족발은 여기서 시킴","date":"Mon Dec 10 23:59:44 +0000 2018","retweets":"30","favorites":"20","mentions":[],"hashtags":[],"geo":"","raw":"여기 막국수도 오고 좋음 족발은 여기서 시킴","polarity":{"com":0.004818402000000001,"pos":0.4869324722000001,"neg":0.3966898038000001,"neut":0.009636803800000001,"none":0.10192251820000002},"intensity":{"high":0.12224374500000001,"low":0.069086898,"meium":0.7067468388,"none":0.1019225182},"expressive":{"dir-action":0.011111111197777777,"dir-explicit":0.28915792314216837,"dir-speech":0.45630885110873826,"indirect":0.14292816777141437,"writing-device":0.1004939467799012}},{"id":"소문난장충왕족발보쌈","permalink":"","username":"asdfg","text":"배달은 빠른데 고기가 너무 퍽퍽해요..ㅡㅡ","date":"Mon Dec 10 23:59:44 +0000 2018","retweets":"30","favorites":"20","mentions":[],"hashtags":[],"geo":"","raw":"배달은 빠른데 고기가 너무 퍽퍽해요..ㅡㅡ","polarity":{"com":0.028571428599999997,"pos":0.4285714286,"neg":0.1428571428,"neut":0.4,"none":0},"intensity":{"high":0.028571428599999997,"low":0.2952380952,"meium":0.6761904762,"none":0},"expressive":{"dir-action":0,"dir-explicit":0.1142857142,"dir-speech":0.6571428572,"indirect":0.22857142860000002,"writing-device":0}},{"id":"소문난장충왕족발보쌈","permalink":"","username":"asdfg","text":"어지간하믄 안남기는데\n막국수 면이 덜익어서오고\n상추는 썩은게 4장섞여들어오고\n족발 뒷다리 너무너무 퍽 퍽  아..맛 진짜..","date":"Mon Dec 10 23:59:44 +0000 2018","retweets":"30","favorites":"20","mentions":[],"hashtags":[],"geo":"","raw":"어지간하믄 안남기는데\n막국수 면이 덜익어서오고\n상추는 썩은게 4장섞여들어오고\n족발 뒷다리 너무너무 퍽 퍽  아..맛 진짜..","polarity":{"com":0,"pos":0.5594898928399433,"neg":0.2558675892506519,"neut":0.17582417579731377,"none":0.008818342112090927},"intensity":{"high":0.012074345444444445,"low":0.29283679288888886,"meium":0.6862705195555555,"none":0.008818342111111111},"expressive":{"dir-action":0,"dir-explicit":0.21849138522222222,"dir-speech":0.613960114,"indirect":0.15696649022222223,"writing-device":0.010582010555555552}},{"id":"소문난장충왕족발보쌈","permalink":"","username":"asdfg","text":"실속세트라고 상추7장에 김치조금\n뒷발에 차가운족발 맛도없음\n다신안시켜요 리뷰에맛있단사람들 이해가안되네요\n별한개도아깝구만ㅋ","date":"Mon Dec 10 23:59:44 +0000 2018","retweets":"30","favorites":"20","mentions":[],"hashtags":[],"geo":"","raw":"실속세트라고 상추7장에 김치조금\n뒷발에 차가운족발 맛도없음\n다신안시켜요 리뷰에맛있단사람들 이해가안되네요\n별한개도아깝구만ㅋ","polarity":{"com":0.019805194819982296,"pos":0.49405871904491444,"neg":0.3866522366715139,"neut":0.05742174491431108,"none":0.04206210454927838},"intensity":{"high":0.039085914178264916,"low":0.17399822398418197,"meium":0.7440420689323597,"none":0.04287379290519328},"expressive":{"dir-action":0.005050505090909091,"dir-explicit":0.1813325563636364,"dir-speech":0.3719211343636364,"indirect":0.4019647020000001,"writing-device":0.03973110218181819}},{"id":"소문난장충왕족발보쌈","permalink":"","username":"asdfg","text":"댓글에 맛있다고 하길래 시켰는데 왼전 폭망 이네요.ㅜ.ㅠ\n제가 족발을 상당히 좋아하는데 이건 뒷발에 퍽퍽하고 맛도 떨어지고... 하지만 같이 보내주신 다른 음식들 막구수 라든지 배달하신분도 엄청친절 하시더라고요.\n그래서 별은 1개밖에 못드립니다.","date":"Mon Dec 10 23:59:44 +0000 2018","retweets":"30","favorites":"20","mentions":[],"hashtags":[],"geo":"","raw":"댓글에 맛있다고 하길래 시켰는데 왼전 폭망 이네요.ㅜ.ㅠ\n제가 족발을 상당히 좋아하는데 이건 뒷발에 퍽퍽하고 맛도 떨어지고... 하지만 같이 보내주신 다른 음식들 막구수 라든지 배달하신분도 엄청친절 하시더라고요.\n그래서 별은 1개밖에 못드립니다.","polarity":{"com":0.007661230647058824,"pos":0.489415280117647,"neg":0.3043011351764706,"neut":0.0904070393529412,"none":0.10821531470588235},"intensity":{"high":0.14822683499128073,"low":0.13624961422727938,"meium":0.6044273235526808,"none":0.11109622722875902},"expressive":{"dir-action":0.03232339848009512,"dir-explicit":0.21127184235625646,"dir-speech":0.4782437516700717,"indirect":0.15531804769274063,"writing-device":0.12284295980083619}},{"id":"소문난장충왕족발보쌈","permalink":"","username":"asdfg","text":"아이 있다고 벨 누르지말라니까  집전화에 벨까지누르고,,","date":"Mon Dec 10 23:59:44 +0000 2018","retweets":"30","favorites":"20","mentions":[],"hashtags":[],"geo":"","raw":"아이 있다고 벨 누르지말라니까  집전화에 벨까지누르고,,","polarity":{"com":0,"pos":0.41003787875000003,"neg":0.36858164975,"neut":0.02777777775,"none":0.19360269375},"intensity":{"high":0.06186868675,"low":0.12594696975,"meium":0.6072180135,"none":0.20496633},"expressive":{"dir-action":0,"dir-explicit":0.07712542100000001,"dir-speech":0.59427609425,"indirect":0.12363215475000001,"writing-device":0.20496633000000003}},{"id":"소문난장충왕족발보쌈","permalink":"","username":"asdfg","text":"배달도빠르고족발도맛있어요\n배달아저씨도친절합니다","date":"Mon Dec 10 23:59:44 +0000 2018","retweets":"30","favorites":"20","mentions":[],"hashtags":[],"geo":"","raw":"배달도빠르고족발도맛있어요\n배달아저씨도친절합니다","polarity":{"com":0.005606758833333333,"pos":0.6574500766666667,"neg":0.16830517166666667,"neut":0.018740399333333334,"none":0.1498975935},"intensity":{"high":0.07091653866666665,"low":0.11300563216666665,"meium":0.6658218126666666,"none":0.15025601649999998},"expressive":{"dir-action":0.0010752688329749103,"dir-explicit":0.11423451112858851,"dir-speech":0.48243727583918755,"indirect":0.25473630308175454,"writing-device":0.14751664111749443}},{"id":"소문난장충왕족발보쌈","permalink":"","username":"asdfg","text":"서비스도좋으시고 족발은많이달지도않고 적당히뷰두러우면서쫄깃해요. 재주문의사10000%입니당!!!","date":"Mon Dec 10 23:59:44 +0000 2018","retweets":"30","favorites":"20","mentions":[],"hashtags":[],"geo":"","raw":"서비스도좋으시고 족발은많이달지도않고 적당히뷰두러우면서쫄깃해요. 재주문의사10000%입니당!!!","polarity":{"com":0.010429740888888891,"pos":0.43045248444444445,"neg":0.36552836944444445,"neut":0.084913732,"none":0.10867567322222221},"intensity":{"high":0.20150757028939137,"low":0.22637352340879116,"meium":0.4631095660432587,"none":0.10900934025855864},"expressive":{"dir-action":0.0003336669999629259,"dir-explicit":0.3562015940715332,"dir-speech":0.2838489868573501,"indirect":0.24704276419477303,"writing-device":0.11257298787638077}},{"id":"소문난장충왕족발보쌈","permalink":"","username":"asdfg","text":"맛잇어요 굴보쌈 시켰는데 깔끔하고 먹을만해요","date":"Mon Dec 10 23:59:44 +0000 2018","retweets":"30","favorites":"20","mentions":[],"hashtags":[],"geo":"","raw":"맛잇어요 굴보쌈 시켰는데 깔끔하고 먹을만해요","polarity":{"com":0.008008007999999999,"pos":0.6486486486666666,"neg":0.32432432433333325,"neut":0.011011011,"none":0.008008007999999999},"intensity":{"high":0.075075075,"low":0.10210210199999999,"meium":0.813813814,"none":0.009009009},"expressive":{"dir-action":0.0010010010000000003,"dir-explicit":0.17817817800000002,"dir-speech":0.6226226226666667,"indirect":0.18918918933333334,"writing-device":0.009009009}},{"id":"소문난장충왕족발보쌈","permalink":"","username":"asdfg","text":"ㅋㅋㅋ","date":"Mon Dec 10 23:59:44 +0000 2018","retweets":"30","favorites":"20","mentions":[],"hashtags":[],"geo":"","raw":"ㅋㅋㅋ","polarity":{"com":null,"pos":null,"neg":null,"neut":null,"none":null},"intensity":{"high":null,"low":null,"meium":null,"none":null},"expressive":{"dir-action":null,"dir-explicit":null,"dir-speech":null,"indirect":null,"writing-device":null}},{"id":"소문난장충왕족발보쌈","permalink":"","username":"asdfg","text":"그럭저럭","date":"Mon Dec 10 23:59:44 +0000 2018","retweets":"30","favorites":"20","mentions":[],"hashtags":[],"geo":"","raw":"그럭저럭","polarity":{"com":null,"pos":null,"neg":null,"neut":null,"none":null},"intensity":{"high":null,"low":null,"meium":null,"none":null},"expressive":{"dir-action":null,"dir-explicit":null,"dir-speech":null,"indirect":null,"writing-device":null}},{"id":"소문난장충왕족발보쌈","permalink":"","username":"asdfg","text":"괸찬넸요.","date":"Mon Dec 10 23:59:44 +0000 2018","retweets":"30","favorites":"20","mentions":[],"hashtags":[],"geo":"","raw":"괸찬넸요.","polarity":{"com":null,"pos":null,"neg":null,"neut":null,"none":null},"intensity":{"high":null,"low":null,"meium":null,"none":null},"expressive":{"dir-action":null,"dir-explicit":null,"dir-speech":null,"indirect":null,"writing-device":null}},{"id":"소문난장충왕족발보쌈","permalink":"","username":"asdfg","text":"나름  먹을만 하네용~~^^","date":"Mon Dec 10 23:59:44 +0000 2018","retweets":"30","favorites":"20","mentions":[],"hashtags":[],"geo":"","raw":"나름  먹을만 하네용~~^^","polarity":{"com":0,"pos":0.458333333,"neg":0.3333333335,"neut":0,"none":0.2083333335},"intensity":{"high":0.097222222,"low":0.111111111,"meium":0.5833333334999999,"none":0.2083333335},"expressive":{"dir-action":0,"dir-explicit":0.2777777775,"dir-speech":0.388888889,"indirect":0.125,"writing-device":0.2083333335}},{"id":"소문난장충왕족발보쌈","permalink":"","username":"asdfg","text":"나쁘지않았어요  양은 무난'-'","date":"Mon Dec 10 23:59:44 +0000 2018","retweets":"30","favorites":"20","mentions":[],"hashtags":[],"geo":"","raw":"나쁘지않았어요  양은 무난'-'","polarity":{"com":0.008474576500000002,"pos":0.17796610150000003,"neg":0.7796610170000001,"neut":0.016949152500000002,"none":0.016949152500000002},"intensity":{"high":0.21751412410875706,"low":0.0677966100338983,"meium":0.6977401133488701,"none":0.016949152508474574},"expressive":{"dir-action":0,"dir-explicit":0.30225988700000006,"dir-speech":0.27966101700000007,"indirect":0.40112994350000003,"writing-device":0.016949152500000002}},{"id":"소문난장충왕족발보쌈","permalink":"","username":"asdfg","text":"맛있다 ㅋ","date":"Mon Dec 10 23:59:44 +0000 2018","retweets":"30","favorites":"20","mentions":[],"hashtags":[],"geo":"","raw":"맛있다 ㅋ","polarity":{"com":0,"pos":0,"neg":1,"neut":0,"none":0},"intensity":{"high":0,"low":0,"meium":1,"none":0},"expressive":{"dir-action":0,"dir-explicit":0,"dir-speech":1,"indirect":0,"writing-device":0}},{"id":"소문난장충왕족발보쌈","permalink":"","username":"asdfg","text":"싸지만 잘 먹었어요","date":"Mon Dec 10 23:59:44 +0000 2018","retweets":"30","favorites":"20","mentions":[],"hashtags":[],"geo":"","raw":"싸지만 잘 먹었어요","polarity":{"com":0,"pos":0.7142857147142857,"neg":0.21428571421428572,"neut":0.07142857107142857,"none":0},"intensity":{"high":0,"low":0.214285714,"meium":0.785714286,"none":0},"expressive":{"dir-action":0,"dir-explicit":0.214285714,"dir-speech":0.142857143,"indirect":0.642857143,"writing-device":0}},{"id":"소문난장충왕족발보쌈","permalink":"","username":"asdfg","text":"음식시켜서 손","date":"Mon Dec 10 23:59:44 +0000 2018","retweets":"30","favorites":"20","mentions":[],"hashtags":[],"geo":"","raw":"음식시켜서 손","polarity":{"com":0,"pos":0.472222222,"neg":0.527777778,"neut":0,"none":0},"intensity":{"high":0.08333333345833333,"low":0.02777777798611111,"meium":0.8888888885555555,"none":0},"expressive":{"dir-action":0.027777778,"dir-explicit":0.1944444445,"dir-speech":0.361111111,"indirect":0.4166666665,"writing-device":0}},{"id":"소문난장충왕족발보쌈","permalink":"","username":"asdfg","text":"양도 많고 맛있어요","date":"Mon Dec 10 23:59:44 +0000 2018","retweets":"30","favorites":"20","mentions":[],"hashtags":[],"geo":"","raw":"양도 많고 맛있어요","polarity":{"com":0,"pos":0.195652174,"neg":0.7826086955,"neut":0.0217391305,"none":0},"intensity":{"high":0.1304347825652174,"low":0.10869565205434782,"meium":0.7608695653804347,"none":0},"expressive":{"dir-action":0,"dir-explicit":0.2608695651304348,"dir-speech":0.6086956523043479,"indirect":0.1304347825652174,"writing-device":0}},{"id":"소문난장충왕족발보쌈","permalink":"","username":"asdfg","text":"맛 없고 국물은 거의 없음","date":"Mon Dec 10 23:59:44 +0000 2018","retweets":"30","favorites":"20","mentions":[],"hashtags":[],"geo":"","raw":"맛 없고 국물은 거의 없음","polarity":{"com":0.005649717666666665,"pos":0.45197740099999995,"neg":0.5197740113333332,"neut":0.011299434999999995,"none":0.011299434999999995},"intensity":{"high":0.03389830501129942,"low":0.04519774001506591,"meium":0.9096045199698681,"none":0.011299435003766475},"expressive":{"dir-action":0,"dir-explicit":0.09039548033333332,"dir-speech":0.5197740113333333,"indirect":0.37853107333333336,"writing-device":0.011299434999999997}},{"id":"소문난장충왕족발보쌈","permalink":"","username":"asdfg","text":"양도많고 깔끔하고 맛도 Good!~^^","date":"Mon Dec 10 23:59:44 +0000 2018","retweets":"30","favorites":"20","mentions":[],"hashtags":[],"geo":"","raw":"양도많고 깔끔하고 맛도 Good!~^^","polarity":{"com":0.008008008000000002,"pos":0.6679723203333334,"neg":0.290507899,"neut":0.02550376466666667,"none":0.008008008000000002},"intensity":{"high":0.12499455970833151,"low":0.10049179603349725,"meium":0.7655046352551682,"none":0.009009009003003},"expressive":{"dir-action":0.0010010010003336672,"dir-explicit":0.27801714742600575,"dir-speech":0.4358271314786091,"indirect":0.27614571109204855,"writing-device":0.009009009003003002}},{"id":"소문난장충왕족발보쌈","permalink":"","username":"asdfg","text":"전화를 이상하게 받네요 ㅋ","date":"Mon Dec 10 23:59:44 +0000 2018","retweets":"30","favorites":"20","mentions":[],"hashtags":[],"geo":"","raw":"전화를 이상하게 받네요 ㅋ","polarity":{"com":0.006451612999999998,"pos":0.6774193546666666,"neg":0.2681003583333333,"neut":0.038709677666666664,"none":0.009318996333333333},"intensity":{"high":0.08960573466666666,"low":0.08172043,"meium":0.818637993,"none":0.010035842333333333},"expressive":{"dir-action":0.0021505376666666664,"dir-explicit":0.23369175633333328,"dir-speech":0.14121863799999998,"indirect":0.6136200716666665,"writing-device":0.009318996333333333}},{"id":"소문난장충왕족발보쌈","permalink":"","username":"asdfg","text":"주문조코 가격 착하고 옥의티는 주문표가 세밀하지 못한점정도","date":"Mon Dec 10 23:59:44 +0000 2018","retweets":"30","favorites":"20","mentions":[],"hashtags":[],"geo":"","raw":"주문조코 가격 착하고 옥의티는 주문표가 세밀하지 못한점정도","polarity":{"com":0.008766219375,"pos":0.5406258712500001,"neg":0.30853513875000005,"neut":0.07911769225,"none":0.062955078375},"intensity":{"high":0.0818392402397701,"low":0.08990139161376232,"meium":0.7681231877789846,"none":0.06013618036748298},"expressive":{"dir-action":0.00037537537500000013,"dir-explicit":0.39045723762500006,"dir-speech":0.21842720950000005,"indirect":0.32542559675000005,"writing-device":0.06531458075000002}},{"id":"소문난장충왕족발보쌈","permalink":"","username":"asdfg","text":"콩나물국이 안와 전화했더니 상태가 안좋아 뺐다고,,,제생각에는 다시 배달오기 귀찮아 하는 변명같네여,,,44000원이 아깝네요,,,","date":"Mon Dec 10 23:59:44 +0000 2018","retweets":"30","favorites":"20","mentions":[],"hashtags":[],"geo":"","raw":"콩나물국이 안와 전화했더니 상태가 안좋아 뺐다고,,,제생각에는 다시 배달오기 귀찮아 하는 변명같네여,,,44000원이 아깝네요,,,","polarity":{"com":0.006097355083841447,"pos":0.4638894547053241,"neg":0.3828691109485724,"neut":0.05630732825469228,"none":0.09083675100756973},"intensity":{"high":0.11524346651920725,"low":0.05802207750967034,"meium":0.7342056362057008,"none":0.09252881976542147},"expressive":{"dir-action":0.0016920687502820113,"dir-explicit":0.19173609153195603,"dir-speech":0.3765096112294183,"indirect":0.3148187358858031,"writing-device":0.1152434926025406}},{"id":"소문난장충왕족발보쌈","permalink":"","username":"asdfg","text":"사이다를시켯는데콜라가왓어용ㅠㅠ","date":"Mon Dec 10 23:59:44 +0000 2018","retweets":"30","favorites":"20","mentions":[],"hashtags":[],"geo":"","raw":"사이다를시켯는데콜라가왓어용ㅠㅠ","polarity":{"com":0.015610782503902694,"pos":0.5725830301431457,"neg":0.2905406430726351,"neut":0.031235782507808948,"none":0.09002976177250743},"intensity":{"high":0.16528472875000005,"low":0.10704049125000001,"meium":0.63541287525,"none":0.09226190475000001},"expressive":{"dir-action":0.003184713498407644,"dir-explicit":0.34247611457876204,"dir-speech":0.24940950112529528,"indirect":0.31330755234334623,"writing-device":0.09162211845418895}},{"id":"소문난장충왕족발보쌈","permalink":"","username":"asdfg","text":"그냥별로네요.,.,.","date":"Mon Dec 10 23:59:44 +0000 2018","retweets":"30","favorites":"20","mentions":[],"hashtags":[],"geo":"","raw":"그냥별로네요.,.,.","polarity":{"com":0,"pos":0,"neg":1,"neut":0,"none":0},"intensity":{"high":0,"low":0,"meium":1,"none":0},"expressive":{"dir-action":0,"dir-explicit":0,"dir-speech":1,"indirect":0,"writing-device":0}},{"id":"소문난장충왕족발보쌈","permalink":"","username":"asdfg","text":"배달직원불친절하고족발은또왜이리질긴지요.\n족발을좋아해서시켰는데실망입니다족발은서로붙어서떨어지지도않구요.포장한지시간이좀된 족발같아요","date":"Mon Dec 10 23:59:44 +0000 2018","retweets":"30","favorites":"20","mentions":[],"hashtags":[],"geo":"","raw":"배달직원불친절하고족발은또왜이리질긴지요.\n족발을좋아해서시켰는데실망입니다족발은서로붙어서떨어지지도않구요.포장한지시간이좀된 족발같아요","polarity":{"com":0.012782241198295703,"pos":0.3707755612838966,"neg":0.4659990734045334,"neut":0.07618794085650829,"none":0.074255183256766},"intensity":{"high":0.19672480177267831,"low":0.07826085728231884,"meium":0.6503221027300645,"none":0.07469223821493846},"expressive":{"dir-action":0.0017247942666666668,"dir-explicit":0.3474237370666667,"dir-speech":0.38852757906666663,"indirect":0.18085329473333334,"writing-device":0.08147059486666668}},{"id":"소문난장충왕족발보쌈","permalink":"","username":"asdfg","text":"맛있었어요!!!","date":"Mon Dec 10 23:59:44 +0000 2018","retweets":"30","favorites":"20","mentions":[],"hashtags":[],"geo":"","raw":"맛있었어요!!!","polarity":{"com":0,"pos":0,"neg":1,"neut":0,"none":0},"intensity":{"high":0,"low":0,"meium":1,"none":0},"expressive":{"dir-action":0,"dir-explicit":0,"dir-speech":1,"indirect":0,"writing-device":0}},{"id":"소문난장충왕족발보쌈","permalink":"","username":"asdfg","text":"취소","date":"Mon Dec 10 23:59:44 +0000 2018","retweets":"30","favorites":"20","mentions":[],"hashtags":[],"geo":"","raw":"취소","polarity":{"com":null,"pos":null,"neg":null,"neut":null,"none":null},"intensity":{"high":null,"low":null,"meium":null,"none":null},"expressive":{"dir-action":null,"dir-explicit":null,"dir-speech":null,"indirect":null,"writing-device":null}},{"id":"소문난장충왕족발보쌈","permalink":"","username":"asdfg","text":"별반개는안되나...시키지마세요","date":"Mon Dec 10 23:59:44 +0000 2018","retweets":"30","favorites":"20","mentions":[],"hashtags":[],"geo":"","raw":"별반개는안되나...시키지마세요","polarity":{"com":0,"pos":0.658730158829365,"neg":0.2539682541269841,"neut":0.04761904752380952,"none":0.03968253951984127},"intensity":{"high":0.015873016000000004,"low":0.11904761900000001,"meium":0.8253968255,"none":0.03968253950000001},"expressive":{"dir-action":0,"dir-explicit":0.0793650795,"dir-speech":0.3333333335,"indirect":0.5396825395,"writing-device":0.0476190475}},{"id":"소문난장충왕족발보쌈","permalink":"","username":"asdfg","text":"음 그냥 그래요","date":"Mon Dec 10 23:59:44 +0000 2018","retweets":"30","favorites":"20","mentions":[],"hashtags":[],"geo":"","raw":"음 그냥 그래요","polarity":{"com":0,"pos":0,"neg":1,"neut":0,"none":0},"intensity":{"high":0,"low":0,"meium":1,"none":0},"expressive":{"dir-action":0,"dir-explicit":0,"dir-speech":1,"indirect":0,"writing-device":0}}]