[{"id":"김사부 족발보쌈","permalink":"","username":"asdfg","text":"깔끔한포장 굿입니다맛있어요","date":"Mon Dec 10 23:59:44 +0000 2018","retweets":"30","favorites":"20","mentions":[],"hashtags":[],"geo":"","raw":"깔끔한포장 굿입니다맛있어요","polarity":{"com":0.01172496025,"pos":0.280808382,"neg":0.6147710209999999,"neut":0.03113407525,"none":0.0615615615},"intensity":{"high":0.06039127351509781,"low":0.10394585752598645,"meium":0.7733505566933376,"none":0.062312312265578075},"expressive":{"dir-action":0.00075075075,"dir-explicit":0.3076532415,"dir-speech":0.32317611725,"indirect":0.30120561749999997,"writing-device":0.067214273}},{"id":"김사부 족발보쌈","permalink":"","username":"asdfg","text":"지난번에는 불족, 이번에는 무침을 먹었는데 둘 다 맛있었습니다. 각기 다른 유형이라 만족스럽네요","date":"Mon Dec 10 23:59:44 +0000 2018","retweets":"30","favorites":"20","mentions":[],"hashtags":[],"geo":"","raw":"지난번에는 불족, 이번에는 무침을 먹었는데 둘 다 맛있었습니다. 각기 다른 유형이라 만족스럽네요","polarity":{"com":0.0025417574450092794,"pos":0.2985786907330175,"neg":0.514109347558691,"neut":0.14244216203165383,"none":0.042328042231628456},"intensity":{"high":0.05825293078425033,"low":0.06198775800688752,"meium":0.8374312689819368,"none":0.042328042226925336},"expressive":{"dir-action":0,"dir-explicit":0.3780475154444444,"dir-speech":0.5039941903333333,"indirect":0.06992426588888889,"writing-device":0.04803402833333333}},{"id":"김사부 족발보쌈","permalink":"","username":"asdfg","text":"맛있어요~^^또 시켜먹었네용~~","date":"Mon Dec 10 23:59:44 +0000 2018","retweets":"30","favorites":"20","mentions":[],"hashtags":[],"geo":"","raw":"맛있어요~^^또 시켜먹었네용~~","polarity":{"com":0,"pos":0.1587301586137566,"neg":0.6984126984338624,"neut":0,"none":0.14285714295238094},"intensity":{"high":0.037037037,"low":0.074074074,"meium":0.746031746,"none":0.142857143},"expressive":{"dir-action":0,"dir-explicit":0.12169312166666667,"dir-speech":0.687830688,"indirect":0,"writing-device":0.19047619033333332}}]