[{"id":"24시 매일 불족발 1인보쌈 땡초불닭CESCO","permalink":"","username":"asdfg","text":"굿","date":"Mon Dec 10 23:59:44 +0000 2018","retweets":"30","favorites":"20","mentions":[],"hashtags":[],"geo":"","raw":"굿굿굿굿굿굿굿굿굿굿굿","polarity":{"com":0,"pos":1,"neg":0,"neut":0,"none":0},"intensity":{"high":0,"low":0,"meium":1,"none":0},"expressive":{"dir-action":0,"dir-explicit":0,"dir-speech":0,"indirect":1,"writing-device":0}},{"id":"24시 매일 불족발 1인보쌈 땡초불닭CESCO","permalink":"","username":"asdfg","text":"맛있게 먹음 요청사항은 안보시는듯","date":"Mon Dec 10 23:59:44 +0000 2018","retweets":"30","favorites":"20","mentions":[],"hashtags":[],"geo":"","raw":"맛있게 먹음 요청사항은 안보시는듯","polarity":{"com":0.00423728825,"pos":0.46398305075,"neg":0.47316384175000004,"neut":0.00847457625,"none":0.050141242999999995},"intensity":{"high":0.27542372875,"low":0.07556497174999999,"meium":0.5988700565,"none":0.050141242999999995},"expressive":{"dir-action":0,"dir-explicit":0.359463277,"dir-speech":0.47316384175000004,"indirect":0.11723163824999999,"writing-device":0.050141242999999995}},{"id":"24시 매일 불족발 1인보쌈 땡초불닭CESCO","permalink":"","username":"asdfg","text":"맛있게 잘먹었습니다. 또시켜먹을게요","date":"Mon Dec 10 23:59:44 +0000 2018","retweets":"30","favorites":"20","mentions":[],"hashtags":[],"geo":"","raw":"맛있게 잘먹었습니다. 또시켜먹을게요","polarity":{"com":0,"pos":0.2976190475,"neg":0.5773809525,"neut":0.01785714275,"none":0.10714285725},"intensity":{"high":0.02777777775,"low":0.109126984,"meium":0.7559523810000001,"none":0.10714285725},"expressive":{"dir-action":0,"dir-explicit":0.14484126975,"dir-speech":0.55158730175,"indirect":0.16071428575,"writing-device":0.14285714275}},{"id":"24시 매일 불족발 1인보쌈 땡초불닭CESCO","permalink":"","username":"asdfg","text":"항상 찾는 집입니다.잘 먹었어요 ㅋ","date":"Mon Dec 10 23:59:44 +0000 2018","retweets":"30","favorites":"20","mentions":[],"hashtags":[],"geo":"","raw":"항상 찾는 집입니다.잘 먹었어요 ㅋ","polarity":{"com":0,"pos":0.9047619049682539,"neg":0.07142857135714285,"neut":0.023809523674603175,"none":0},"intensity":{"high":0,"low":0.07142857133333333,"meium":0.9285714286666668,"none":0},"expressive":{"dir-action":0,"dir-explicit":0.238095238,"dir-speech":0.5476190476666667,"indirect":0.21428571433333332,"writing-device":0}},{"id":"24시 매일 불족발 1인보쌈 땡초불닭CESCO","permalink":"","username":"asdfg","text":"간단하게 먹읉때에는 항상 이집을 찾습니다.잘 먹었어요.","date":"Mon Dec 10 23:59:44 +0000 2018","retweets":"30","favorites":"20","mentions":[],"hashtags":[],"geo":"","raw":"간단하게 먹읉때에는 항상 이집을 찾습니다.잘 먹었어요.","polarity":{"com":0.004804804801921922,"pos":0.6288717290515488,"neg":0.3057057057222823,"neut":0.03993993981597598,"none":0.02067782060827113},"intensity":{"high":0.0863148864,"low":0.1691977692,"meium":0.7232089232,"none":0.0212784212},"expressive":{"dir-action":0.0006006006000000001,"dir-explicit":0.16563706559999997,"dir-speech":0.40849420859999996,"indirect":0.40081510079999993,"writing-device":0.0244530244}},{"id":"24시 매일 불족발 1인보쌈 땡초불닭CESCO","permalink":"","username":"asdfg","text":"1인 족발!!!나혼자산다 보면서 족발나오길래 너무 먹고싶어 주문했어용!ㅎㅎ 맛있네요:)족발자체가 조금..짠거말고는..ㅜㅜㅜ좋아요!!","date":"Mon Dec 10 23:59:44 +0000 2018","retweets":"30","favorites":"20","mentions":[],"hashtags":[],"geo":"","raw":"1인 족발!!!나혼자산다 보면서 족발나오길래 너무 먹고싶어 주문했어용!ㅎㅎ 맛있네요:)족발자체가 조금..짠거말고는..ㅜㅜㅜ좋아요!!","polarity":{"com":0.03238095239676191,"pos":0.4790238095520977,"neg":0.46138095235386195,"neut":0.0163690475983631,"none":0.010845238098915477},"intensity":{"high":0.07202380960000003,"low":0.15661904760000003,"meium":0.7596190475000001,"none":0.011738095300000003},"expressive":{"dir-action":0.00714285710142857,"dir-explicit":0.32654761906530944,"dir-speech":0.5177976191035595,"indirect":0.0835000000167,"writing-device":0.06501190471300237}},{"id":"24시 매일 불족발 1인보쌈 땡초불닭CESCO","permalink":"","username":"asdfg","text":"자주먹긴하는구나ㅋㅋㅋㅋㅋ","date":"Mon Dec 10 23:59:44 +0000 2018","retweets":"30","favorites":"20","mentions":[],"hashtags":[],"geo":"","raw":"자주먹긴하는구나ㅋㅋㅋㅋㅋ","polarity":{"com":0,"pos":0.375,"neg":0.25,"neut":0.375,"none":0},"intensity":{"high":0,"low":0.125,"meium":0.875,"none":0},"expressive":{"dir-action":0,"dir-explicit":0.125,"dir-speech":0.375,"indirect":0.5,"writing-device":0}},{"id":"24시 매일 불족발 1인보쌈 땡초불닭CESCO","permalink":"","username":"asdfg","text":"동태탕ㅅㅅㅅㅅㅅㅅㅅㅅ","date":"Mon Dec 10 23:59:44 +0000 2018","retweets":"30","favorites":"20","mentions":[],"hashtags":[],"geo":"","raw":"동태탕ㅅㅅㅅㅅㅅㅅㅅㅅ","polarity":{"com":null,"pos":null,"neg":null,"neut":null,"none":null},"intensity":{"high":null,"low":null,"meium":null,"none":null},"expressive":{"dir-action":null,"dir-explicit":null,"dir-speech":null,"indirect":null,"writing-device":null}},{"id":"24시 매일 불족발 1인보쌈 땡초불닭CESCO","permalink":"","username":"asdfg","text":"항상 멋있게 잘먹고있어요","date":"Mon Dec 10 23:59:44 +0000 2018","retweets":"30","favorites":"20","mentions":[],"hashtags":[],"geo":"","raw":"항상 멋있게 잘먹고있어요","polarity":{"com":0,"pos":0.8571428574285714,"neg":0.10714285705357143,"neut":0.035714285517857144,"none":0},"intensity":{"high":0,"low":0.107142857,"meium":0.8928571430000001,"none":0},"expressive":{"dir-action":0,"dir-explicit":0.357142857,"dir-speech":0.3214285715,"indirect":0.3214285715,"writing-device":0}},{"id":"24시 매일 불족발 1인보쌈 땡초불닭CESCO","permalink":"","username":"asdfg","text":"역시 보쌈은 이곳!","date":"Mon Dec 10 23:59:44 +0000 2018","retweets":"30","favorites":"20","mentions":[],"hashtags":[],"geo":"","raw":"역시 보쌈은 이곳!","polarity":{"com":0.00847457650423729,"pos":0.34463276817231636,"neg":0.27966101713983055,"neut":0.18361581909180794,"none":0.18361581909180794},"intensity":{"high":0.050847457550847464,"low":0.2344632767344633,"meium":0.5310734465310735,"none":0.18361581918361586},"expressive":{"dir-action":0,"dir-explicit":0.30225988715112995,"dir-speech":0.44632768372316384,"indirect":0.0677966100338983,"writing-device":0.1836158190918079}}]