[{"id":"청담족발","permalink":"","username":"asdfg","text":"맛있었어요. \n깔끔하네요.","date":"Mon Dec 10 23:59:44 +0000 2018","retweets":"30","favorites":"20","mentions":[],"hashtags":[],"geo":"","raw":"맛있었어요. \n깔끔하네요.","polarity":{"com":0.012012012,"pos":0.3063063065,"neg":0.653153153,"neut":0.0165165165,"none":0.012012012},"intensity":{"high":0.057057057,"low":0.042042042,"meium":0.8873873875,"none":0.0135135135},"expressive":{"dir-action":0.0015015015000000005,"dir-explicit":0.15615615600000002,"dir-speech":0.5450450450000001,"indirect":0.28378378400000004,"writing-device":0.013513513500000003}},{"id":"청담족발","permalink":"","username":"asdfg","text":"맛있게 잘먹었습니다","date":"Mon Dec 10 23:59:44 +0000 2018","retweets":"30","favorites":"20","mentions":[],"hashtags":[],"geo":"","raw":"맛있게 잘먹었습니다","polarity":{"com":0,"pos":0.35714285717857136,"neg":0.6071428573035714,"neut":0.03571428551785714,"none":0},"intensity":{"high":0,"low":0.107142857,"meium":0.8928571430000001,"none":0},"expressive":{"dir-action":0,"dir-explicit":0.107142857,"dir-speech":0.5714285715,"indirect":0.3214285715,"writing-device":0}},{"id":"청담족발","permalink":"","username":"asdfg","text":"진짜 맛있어요 매운족발은 매콤달콤한데 찾기가 힘든데 여긴 딱 맛있고 그냥족발도 온족이라 따뜻해서 맛있어요 포장도 깔!끔하고 채소도 깨끗하고 올바른느낌이에요 다만 무생채가아니라 무말랭이인데 잘못건조된건지 바람든맛이나요 묵은지나 마늘잎 굴젓!이 근데 너무 완벽해요 ㅎㅎ 잘시켰다는 생각들고 재주문 할 곳 생겨서 기분좋아요 유목민이었거든요 그리고 음료도 콜라 사이다중에 고를수있어서 좋아요 밤에 카페인 못먹는데! 암튼 기분좋게 먹어서 행복한밤!","date":"Mon Dec 10 23:59:44 +0000 2018","retweets":"30","favorites":"20","mentions":[],"hashtags":[],"geo":"","raw":"진짜 맛있어요 매운족발은 매콤달콤한데 찾기가 힘든데 여긴 딱 맛있고 그냥족발도 온족이라 따뜻해서 맛있어요 포장도 깔!끔하고 채소도 깨끗하고 올바른느낌이에요 다만 무생채가아니라 무말랭이인데 잘못건조된건지 바람든맛이나요 묵은지나 마늘잎 굴젓!이 근데 너무 완벽해요 ㅎㅎ 잘시켰다는 생각들고 재주문 할 곳 생겨서 기분좋아요 유목민이었거든요 그리고 음료도 콜라 사이다중에 고를수있어서 좋아요 밤에 카페인 못먹는데! 암튼 기분좋게 먹어서 행복한밤!","polarity":{"com":0.03356723284369851,"pos":0.3929206137690462,"neg":0.3981086723467088,"neut":0.06659241288740905,"none":0.10881106815313751},"intensity":{"high":0.14472951370175371,"low":0.09331954209718396,"meium":0.6524921472802215,"none":0.10945879692084079},"expressive":{"dir-action":0.00046553042219118693,"dir-explicit":0.30239228902428494,"dir-speech":0.34627499471024836,"indirect":0.2394397207618151,"writing-device":0.1114274650814604}},{"id":"청담족발","permalink":"","username":"asdfg","text":"양도많고 앞다리 뒷다리 뼈\n다양하게 반찬도많고 굳","date":"Mon Dec 10 23:59:44 +0000 2018","retweets":"30","favorites":"20","mentions":[],"hashtags":[],"geo":"","raw":"양도많고 앞다리 뒷다리 뼈\n다양하게 반찬도많고 굳","polarity":{"com":0,"pos":0.695652174,"neg":0.28260869549999995,"neut":0.021739130499999995,"none":0},"intensity":{"high":0.13043478256521743,"low":0.19960474309980236,"meium":0.6472332015736166,"none":0.02272727276136364},"expressive":{"dir-action":0,"dir-explicit":0.374505928937253,"dir-speech":0.10869565205434784,"indirect":0.5167984190083992,"writing-device":0}},{"id":"청담족발","permalink":"","username":"asdfg","text":"청담 생길때 부터 족발 먹을때 항상 시켜먹네요...","date":"Mon Dec 10 23:59:44 +0000 2018","retweets":"30","favorites":"20","mentions":[],"hashtags":[],"geo":"","raw":"청담 생길때 부터 족발 먹을때 항상 시켜먹네요...","polarity":{"com":0,"pos":0.4848484847186148,"neg":0.38961038974582557,"neut":0.07792207797773655,"none":0.04761904755782313},"intensity":{"high":0.05772005771428571,"low":0.18903318900000002,"meium":0.7056277057142858,"none":0.047619047571428576},"expressive":{"dir-action":0,"dir-explicit":0.1868686868571429,"dir-speech":0.6940836941428572,"indirect":0.07142857142857144,"writing-device":0.047619047571428576}},{"id":"청담족발","permalink":"","username":"asdfg","text":"맛있게 잘 먹었습니다~~","date":"Mon Dec 10 23:59:44 +0000 2018","retweets":"30","favorites":"20","mentions":[],"hashtags":[],"geo":"","raw":"맛있게 잘 먹었습니다~~","polarity":{"com":0,"pos":0.35714285717857136,"neg":0.6071428573035714,"neut":0.03571428551785714,"none":0},"intensity":{"high":0,"low":0.107142857,"meium":0.8928571430000001,"none":0},"expressive":{"dir-action":0,"dir-explicit":0.107142857,"dir-speech":0.5714285715,"indirect":0.3214285715,"writing-device":0}},{"id":"청담족발","permalink":"","username":"asdfg","text":"이틀동안 배터지게 먹었네요","date":"Mon Dec 10 23:59:44 +0000 2018","retweets":"30","favorites":"20","mentions":[],"hashtags":[],"geo":"","raw":"이틀동안 배터지게 먹었네요","polarity":{"com":0,"pos":0.333333333,"neg":0.666666667,"neut":0,"none":0},"intensity":{"high":0.22222222211111112,"low":0.2777777776388889,"meium":0.50000000025,"none":0},"expressive":{"dir-action":0,"dir-explicit":0.111111111,"dir-speech":0.888888889,"indirect":0,"writing-device":0}},{"id":"청담족발","permalink":"","username":"asdfg","text":"맛있게 잘 먹었습니다~~","date":"Mon Dec 10 23:59:44 +0000 2018","retweets":"30","favorites":"20","mentions":[],"hashtags":[],"geo":"","raw":"맛있게 잘 먹었습니다~~","polarity":{"com":0,"pos":0.35714285717857136,"neg":0.6071428573035714,"neut":0.03571428551785714,"none":0},"intensity":{"high":0,"low":0.107142857,"meium":0.8928571430000001,"none":0},"expressive":{"dir-action":0,"dir-explicit":0.107142857,"dir-speech":0.5714285715,"indirect":0.3214285715,"writing-device":0}},{"id":"청담족발","permalink":"","username":"asdfg","text":"맛있어요 양도많구요","date":"Mon Dec 10 23:59:44 +0000 2018","retweets":"30","favorites":"20","mentions":[],"hashtags":[],"geo":"","raw":"맛있어요 양도많구요","polarity":{"com":0,"pos":0.195652174,"neg":0.7826086955,"neut":0.0217391305,"none":0},"intensity":{"high":0.1304347825652174,"low":0.10869565205434782,"meium":0.7608695653804347,"none":0},"expressive":{"dir-action":0,"dir-explicit":0.2608695651304348,"dir-speech":0.6086956523043479,"indirect":0.1304347825652174,"writing-device":0}},{"id":"청담족발","permalink":"","username":"asdfg","text":"양은 좀 작았지만 부드럽고 맛은 좋았어요. 막국수가 기본 포함인줄 알았는데...아니었네요 ㅠ","date":"Mon Dec 10 23:59:44 +0000 2018","retweets":"30","favorites":"20","mentions":[],"hashtags":[],"geo":"","raw":"양은 좀 작았지만 부드럽고 맛은 좋았어요. 막국수가 기본 포함인줄 알았는데...아니었네요 ㅠ","polarity":{"com":0.0058189942857142865,"pos":0.6737621715714286,"neg":0.2545804988571429,"neut":0.024551487285714286,"none":0.041286848},"intensity":{"high":0.0697378951528197,"low":0.17554888616793551,"meium":0.7121508603874501,"none":0.04256235829179462},"expressive":{"dir-action":0,"dir-explicit":0.3990429505714285,"dir-speech":0.3307306255714285,"indirect":0.08328131257142857,"writing-device":0.1869451112857143}},{"id":"청담족발","permalink":"","username":"asdfg","text":"맛있어요 양도많네요","date":"Mon Dec 10 23:59:44 +0000 2018","retweets":"30","favorites":"20","mentions":[],"hashtags":[],"geo":"","raw":"맛있어요 양도많네요","polarity":{"com":0,"pos":0.195652174,"neg":0.7826086955,"neut":0.0217391305,"none":0},"intensity":{"high":0.1304347825652174,"low":0.10869565205434782,"meium":0.7608695653804347,"none":0},"expressive":{"dir-action":0,"dir-explicit":0.2608695651304348,"dir-speech":0.6086956523043479,"indirect":0.1304347825652174,"writing-device":0}},{"id":"청담족발","permalink":"","username":"asdfg","text":"배달도 빠르고 좋아요~~~","date":"Mon Dec 10 23:59:44 +0000 2018","retweets":"30","favorites":"20","mentions":[],"hashtags":[],"geo":"","raw":"배달도 빠르고 좋아요~~~","polarity":{"com":0,"pos":0.9733333333333333,"neg":0.013333333333333334,"neut":0,"none":0.013333333333333334},"intensity":{"high":0.06666666666666667,"low":0.12444444433333333,"meium":0.7955555556666667,"none":0.013333333333333334},"expressive":{"dir-action":0,"dir-explicit":0.19999999999999998,"dir-speech":0.39999999999999997,"indirect":0.38666666666666666,"writing-device":0.013333333333333334}},{"id":"청담족발","permalink":"","username":"asdfg","text":"배달은 65분소요 예상이엉는데 30분만에오셧고 늦어서죄송하다는말씀을 먼저하시는데 너무감사하더라고요^^ 맵고 맛잇고 좋습니다 또먹을게용ㅋㅋ","date":"Mon Dec 10 23:59:44 +0000 2018","retweets":"30","favorites":"20","mentions":[],"hashtags":[],"geo":"","raw":"배달은 65분소요 예상이엉는데 30분만에오셧고 늦어서죄송하다는말씀을 먼저하시는데 너무감사하더라고요^^ 맵고 맛잇고 좋습니다 또먹을게용ㅋㅋ","polarity":{"com":0.012981817066666668,"pos":0.4815136184666666,"neg":0.3773863792666666,"neut":0.05387564266666667,"none":0.07424254253333333},"intensity":{"high":0.09247589719383496,"low":0.06517548726232164,"meium":0.7671964202821869,"none":0.07515219526165653},"expressive":{"dir-action":0.002197392066959652,"dir-explicit":0.24308415043241122,"dir-speech":0.4220997989229466,"indirect":0.24509485456601263,"writing-device":0.08752380401166983}},{"id":"청담족발","permalink":"","username":"asdfg","text":"이름처럼 메뉴도반찬도깔끔하고신선했어요 ㅎ \n오랜만에만족하는곳봤네요","date":"Mon Dec 10 23:59:44 +0000 2018","retweets":"30","favorites":"20","mentions":[],"hashtags":[],"geo":"","raw":"이름처럼 메뉴도반찬도깔끔하고신선했어요 ㅎ \n오랜만에만족하는곳봤네요","polarity":{"com":0.03204732056685038,"pos":0.36533043894781,"neg":0.42611485751055506,"neut":0.04459172799362975,"none":0.13191565498115493},"intensity":{"high":0.10089714471428571,"low":0.061254934857142854,"meium":0.7051960452857143,"none":0.13265187514285715},"expressive":{"dir-action":0.001350659428185526,"dir-explicit":0.4282456254490727,"dir-speech":0.2835305350618484,"indirect":0.1565693409552659,"writing-device":0.13030383910562748}},{"id":"청담족발","permalink":"","username":"asdfg","text":"맛이 좀 변한거 같은데 그래도 맛있어요~^^배달하시는분도 친절하고~","date":"Mon Dec 10 23:59:44 +0000 2018","retweets":"30","favorites":"20","mentions":[],"hashtags":[],"geo":"","raw":"맛이 좀 변한거 같은데 그래도 맛있어요~^^배달하시는분도 친절하고~","polarity":{"com":0.0027649769999999996,"pos":0.6094470045714285,"neg":0.371812596,"neut":0.011981566857142856,"none":0.003993855571428571},"intensity":{"high":0.019969278,"low":0.016589861714285715,"meium":0.959139785,"none":0.004301075285714285},"expressive":{"dir-action":0.000921659,"dir-explicit":0.1377112135714286,"dir-speech":0.6278033794285713,"indirect":0.08671274957142858,"writing-device":0.14685099842857144}},{"id":"청담족발","permalink":"","username":"asdfg","text":"굿~","date":"Mon Dec 10 23:59:44 +0000 2018","retweets":"30","favorites":"20","mentions":[],"hashtags":[],"geo":"","raw":"굿~~~~~~~~~","polarity":{"com":0,"pos":1,"neg":0,"neut":0,"none":0},"intensity":{"high":0,"low":0,"meium":1,"none":0},"expressive":{"dir-action":0,"dir-explicit":0,"dir-speech":0,"indirect":1,"writing-device":0}},{"id":"청담족발","permalink":"","username":"asdfg","text":"껍데기가 쫌 짜서 뱔 하나 빼요\n배달빠르고 쫄깃 맛있어요","date":"Mon Dec 10 23:59:44 +0000 2018","retweets":"30","favorites":"20","mentions":[],"hashtags":[],"geo":"","raw":"껍데기가 쫌 짜서 뱔 하나 빼요\n배달빠르고 쫄깃 맛있어요","polarity":{"com":0,"pos":0.42857142849999996,"neg":0.53571428575,"neut":0.03571428575,"none":0},"intensity":{"high":0.25,"low":0.03571428575,"meium":0.71428571425,"none":0},"expressive":{"dir-action":0,"dir-explicit":0.3214285715,"dir-speech":0.6785714285,"indirect":0,"writing-device":0}},{"id":"청담족발","permalink":"","username":"asdfg","text":"맛있어요","date":"Mon Dec 10 23:59:44 +0000 2018","retweets":"30","favorites":"20","mentions":[],"hashtags":[],"geo":"","raw":"맛있어요","polarity":{"com":0,"pos":0,"neg":1,"neut":0,"none":0},"intensity":{"high":0,"low":0,"meium":1,"none":0},"expressive":{"dir-action":0,"dir-explicit":0,"dir-speech":1,"indirect":0,"writing-device":0}},{"id":"청담족발","permalink":"","username":"asdfg","text":"배달 빠르고 맛있고","date":"Mon Dec 10 23:59:44 +0000 2018","retweets":"30","favorites":"20","mentions":[],"hashtags":[],"geo":"","raw":"배달 빠르고 맛있고","polarity":{"com":0,"pos":0.5,"neg":0.5,"neut":0,"none":0},"intensity":{"high":0,"low":0,"meium":1,"none":0},"expressive":{"dir-action":0,"dir-explicit":0,"dir-speech":1,"indirect":0,"writing-device":0}},{"id":"청담족발","permalink":"","username":"asdfg","text":"맛도 좋았고 배달도 괜찮았습니다~단지 껍데기쪽에서 약간 냄새가 나서 별하나뺐지만 다음에 또 주문할거에요~","date":"Mon Dec 10 23:59:44 +0000 2018","retweets":"30","favorites":"20","mentions":[],"hashtags":[],"geo":"","raw":"맛도 좋았고 배달도 괜찮았습니다~단지 껍데기쪽에서 약간 냄새가 나서 별하나뺐지만 다음에 또 주문할거에요~","polarity":{"com":0.07841191068627601,"pos":0.4291527826592959,"neg":0.4477892000424777,"neut":0.006451612922580645,"none":0.038194493689369655},"intensity":{"high":0.051778329153846156,"low":0.08893300246153846,"meium":0.8209287486923077,"none":0.03835991969230769},"expressive":{"dir-action":0.0004962779230769231,"dir-explicit":0.08129504907692307,"dir-speech":0.4831029186153846,"indirect":0.3474607113076923,"writing-device":0.08764504307692308}},{"id":"청담족발","permalink":"","username":"asdfg","text":"저희는 여기족발만먹어요~","date":"Mon Dec 10 23:59:44 +0000 2018","retweets":"30","favorites":"20","mentions":[],"hashtags":[],"geo":"","raw":"저희는 여기족발만먹어요~","polarity":{"com":0,"pos":0.1587301585793651,"neg":0.7539682543769841,"neut":0.04761904752380952,"none":0.039682539519841305},"intensity":{"high":0.015873016,"low":0.11904761900000001,"meium":0.8253968255,"none":0.03968253950000004},"expressive":{"dir-action":0,"dir-explicit":0.0793650795,"dir-speech":0.8333333334999999,"indirect":0.03968253950000001,"writing-device":0.04761904750000001}},{"id":"청담족발","permalink":"","username":"asdfg","text":"배송도 빠르고 족발도 맛있어요~~^^ 종종 이용할게요~~","date":"Mon Dec 10 23:59:44 +0000 2018","retweets":"30","favorites":"20","mentions":[],"hashtags":[],"geo":"","raw":"배송도 빠르고 족발도 맛있어요~~^^ 종종 이용할게요~~","polarity":{"com":0.004761904666666667,"pos":0.47619047600000003,"neg":0.2190476193333334,"neut":0.009523809333333334,"none":0.2904761906666667},"intensity":{"high":0.09523809533333334,"low":0.4095238093333333,"meium":0.20476190466666666,"none":0.2904761906666667},"expressive":{"dir-action":0,"dir-explicit":0.12380952391746032,"dir-speech":0.5333333329777777,"indirect":0.05714285729523811,"writing-device":0.2857142858095238}},{"id":"청담족발","permalink":"","username":"asdfg","text":"맛도 양도 굿","date":"Mon Dec 10 23:59:44 +0000 2018","retweets":"30","favorites":"20","mentions":[],"hashtags":[],"geo":"","raw":"맛도 양도 굿","polarity":{"com":0,"pos":1,"neg":0,"neut":0,"none":0},"intensity":{"high":0,"low":0,"meium":1,"none":0},"expressive":{"dir-action":0,"dir-explicit":0,"dir-speech":0.5,"indirect":0.5,"writing-device":0}},{"id":"청담족발","permalink":"","username":"asdfg","text":"매운족발 여기저기 맛집 찾아다니면서 먹어봤는데 여기가 젤 맛있습니다~족발도 부드럽고 잡냄새 안나고 부추전도 항상 같이 시키는데 부추전도 가격대비 부추 듬뿍 들어가공~배달주문 요청사항도 항상 신경써주시고 어젠 평일이라 그런지 배달도 빠르고 지금도 자주 시키지만 앞으로도 족발은 여기서 시킬듯합니다~^^","date":"Mon Dec 10 23:59:44 +0000 2018","retweets":"30","favorites":"20","mentions":[],"hashtags":[],"geo":"","raw":"매운족발 여기저기 맛집 찾아다니면서 먹어봤는데 여기가 젤 맛있습니다~족발도 부드럽고 잡냄새 안나고 부추전도 항상 같이 시키는데 부추전도 가격대비 부추 듬뿍 들어가공~배달주문 요청사항도 항상 신경써주시고 어젠 평일이라 그런지 배달도 빠르고 지금도 자주 시키지만 앞으로도 족발은 여기서 시킬듯합니다~^^","polarity":{"com":0.0026631974347826087,"pos":0.5441462017391305,"neg":0.27283456747826085,"neut":0.10151849486956521,"none":0.07883753847826087},"intensity":{"high":0.15972131910084536,"low":0.1572045766658439,"meium":0.6042365657481945,"none":0.0788375384851163},"expressive":{"dir-action":0.021739130431947067,"dir-explicit":0.14926686471966083,"dir-speech":0.5253291883662613,"indirect":0.21766006327595733,"writing-device":0.08600475320617328}},{"id":"청담족발","permalink":"","username":"asdfg","text":"매운족발 정말 맛있습니다~\n같이 주는 부추무침도 맛있고 배달도 생각보다 빠르고~\n매운족발 좋아해서 여기저기 많이 시켜보다 리뷰보고 시켜봤는데 다른분들도 제 리뷰가 도움이 돼기를~^^","date":"Mon Dec 10 23:59:44 +0000 2018","retweets":"30","favorites":"20","mentions":[],"hashtags":[],"geo":"","raw":"매운족발 정말 맛있습니다~\n같이 주는 부추무침도 맛있고 배달도 생각보다 빠르고~\n매운족발 좋아해서 여기저기 많이 시켜보다 리뷰보고 시켜봤는데 다른분들도 제 리뷰가 도움이 돼기를~^^","polarity":{"com":0.01474358976923077,"pos":0.6794871794615385,"neg":0.21269841269230771,"neut":0.03505799753846155,"none":0.058012820538461546},"intensity":{"high":0.19642857146153847,"low":0.14310134307692304,"meium":0.6017704516923077,"none":0.05869963376923078},"expressive":{"dir-action":0,"dir-explicit":0.33907203905084066,"dir-speech":0.3238247862827827,"indirect":0.27963980467079697,"writing-device":0.05746336999557974}},{"id":"청담족발","permalink":"","username":"asdfg","text":"맛있어요. 족발도 맛있고 쟁반국수도 저렴하고 맛있네요","date":"Mon Dec 10 23:59:44 +0000 2018","retweets":"30","favorites":"20","mentions":[],"hashtags":[],"geo":"","raw":"맛있어요. 족발도 맛있고 쟁반국수도 저렴하고 맛있네요","polarity":{"com":0.007661947600000001,"pos":0.20823680819999998,"neg":0.5926898328,"neut":0.0123208922,"none":0.17909051920000002},"intensity":{"high":0.07996568,"low":0.0625311024,"meium":0.6778120978000001,"none":0.17969111980000002},"expressive":{"dir-action":0.0006006005997597598,"dir-explicit":0.13674817674530074,"dir-speech":0.5380180177847927,"indirect":0.1477992279408803,"writing-device":0.17683397692926642}},{"id":"청담족발","permalink":"","username":"asdfg","text":"가끔 시켜먹는데 깔끔해서좋아요 반반👍","date":"Mon Dec 10 23:59:44 +0000 2018","retweets":"30","favorites":"20","mentions":[],"hashtags":[],"geo":"","raw":"가끔 시켜먹는데 깔끔해서좋아요 반반👍","polarity":{"com":0.006006006,"pos":0.7164864865,"neg":0.25324324324999997,"neut":0.00825825825,"none":0.016006006},"intensity":{"high":0.10630630625000001,"low":0.3365765765,"meium":0.5403603605,"none":0.01675675675},"expressive":{"dir-action":0.0007507507500000002,"dir-explicit":0.28363363350000004,"dir-speech":0.26696696700000005,"indirect":0.43189189200000005,"writing-device":0.016756756750000004}},{"id":"청담족발","permalink":"","username":"asdfg","text":"직접전화했을때 왔던족발은 완전따뜻하고 맛있어서 시켰는데 왠일?요기요 시켰더니 다식어서 잡내 나고완전 맛없슴ㅠㅠ뭐죠 ?이런맛 절대안시킴 실망","date":"Mon Dec 10 23:59:44 +0000 2018","retweets":"30","favorites":"20","mentions":[],"hashtags":[],"geo":"","raw":"직접전화했을때 왔던족발은 완전따뜻하고 맛있어서 시켰는데 왠일?요기요 시켰더니 다식어서 잡내 나고완전 맛없슴ㅠㅠ뭐죠 ?이런맛 절대안시킴 실망","polarity":{"com":0.017477929461538463,"pos":0.47109428746153853,"neg":0.43595549707692316,"neut":0.06337152915384617,"none":0.012100756846153849},"intensity":{"high":0.06532862062543517,"low":0.11365229447902342,"meium":0.8087529020475005,"none":0.01226618284804095},"expressive":{"dir-action":0.0004962779231150983,"dir-explicit":0.2605638029431203,"dir-speech":0.41968413403228344,"indirect":0.30715502825439656,"writing-device":0.012100756847084674}},{"id":"청담족발","permalink":"","username":"asdfg","text":"야식으로 사줫는데 여자칭구가 잘먹엇대요","date":"Mon Dec 10 23:59:44 +0000 2018","retweets":"30","favorites":"20","mentions":[],"hashtags":[],"geo":"","raw":"야식으로 사줫는데 여자칭구가 잘먹엇대요","polarity":{"com":0.004464285750000001,"pos":0.38601190475,"neg":0.5827380952500001,"neut":0.020089285750000005,"none":0.0066964285000000005},"intensity":{"high":0.23601190475000003,"low":0.13928571425,"meium":0.6157738095,"none":0.0089285715},"expressive":{"dir-action":0,"dir-explicit":0.41041666675000005,"dir-speech":0.4614583332500001,"indirect":0.12142857150000001,"writing-device":0.0066964285000000005}},{"id":"청담족발","permalink":"","username":"asdfg","text":"족발을 부드럽게 만들어서 맛이 좋습니다. \n먹어본 집중 추천드리고 싶은 곳 중 하나입니다.\n많이 파세요.","date":"Mon Dec 10 23:59:44 +0000 2018","retweets":"30","favorites":"20","mentions":[],"hashtags":[],"geo":"","raw":"족발을 부드럽게 만들어서 맛이 좋습니다. \n먹어본 집중 추천드리고 싶은 곳 중 하나입니다.\n많이 파세요.","polarity":{"com":0.022935435495412916,"pos":0.5894565222821087,"neg":0.31444533553711096,"neut":0.06409513908718098,"none":0.009067567598186487},"intensity":{"high":0.0785585586,"low":0.12350054449999999,"meium":0.7888733293000001,"none":0.0090675676},"expressive":{"dir-action":0.0015015015001501504,"dir-explicit":0.39733788733973385,"dir-speech":0.49088860844908894,"indirect":0.09643716790964374,"writing-device":0.013834834801383486}},{"id":"청담족발","permalink":"","username":"asdfg","text":"한시간 넘게 기다리다가 결국 확인해 보니 요기오와 가맹점간에 떠넘기기..\n요기오는 주문들어 갔다고 하고 가맹점은 주문 밀려서 주문 받을건지 고객센터로 얘기해서 주문 안들어 갔다고 함.\n황당하네요.  \n고객은 주문하고 가맹점과 요기오에 확인전화까지 해야 하니 앱 이용 의미가 없네요.","date":"Mon Dec 10 23:59:44 +0000 2018","retweets":"30","favorites":"20","mentions":[],"hashtags":[],"geo":"","raw":"한시간 넘게 기다리다가 결국 확인해 보니 요기오와 가맹점간에 떠넘기기..\n요기오는 주문들어 갔다고 하고 가맹점은 주문 밀려서 주문 받을건지 고객센터로 얘기해서 주문 안들어 갔다고 함.\n황당하네요.  \n고객은 주문하고 가맹점과 요기오에 확인전화까지 해야 하니 앱 이용 의미가 없네요.","polarity":{"com":0.004085187433333333,"pos":0.4568782627666667,"neg":0.3884213627,"neut":0.04851242233333333,"none":0.10210276476666666},"intensity":{"high":0.15105570619496483,"low":0.08023181273065895,"meium":0.6657717481778075,"none":0.10294073289656863},"expressive":{"dir-action":0.000981337300032711,"dir-explicit":0.22466462124082212,"dir-speech":0.37074617041235824,"indirect":0.29227555897640917,"writing-device":0.11133231207037772}},{"id":"청담족발","permalink":"","username":"asdfg","text":"쫄깃쫄깃한식감이너무맛나요^^다만김치가좀아쉽네요","date":"Mon Dec 10 23:59:44 +0000 2018","retweets":"30","favorites":"20","mentions":[],"hashtags":[],"geo":"","raw":"쫄깃쫄깃한식감이너무맛나요^^다만김치가좀아쉽네요","polarity":{"com":0.0035714286,"pos":0.38214285719999996,"neg":0.3928571428,"neut":0.0160714286,"none":0.2053571428},"intensity":{"high":0.0321428572,"low":0.0214285714,"meium":0.7392857142,"none":0.20714285719999997},"expressive":{"dir-action":0,"dir-explicit":0.275,"dir-speech":0.2625,"indirect":0.25714285719999996,"writing-device":0.2053571428}},{"id":"청담족발","permalink":"","username":"asdfg","text":"들리던 소문에 비해 실상은 실망입니다\n맛에 대한 평가는 하지않겠습니다\n배달시간은 빨라서 좋습니다\n하지만, 주문내용과 실물사이에 이해되지 않는 부분이 있군요\n미니족 신미니족 하니씩주문해서 25000원밖에 안되서 싸구려시킨 손님이라서 만만하게 보신듯하네요\n미니족의 꼬들꼬들한 식감을 원해서 시킨건데 왜 큰족비계부분을 힘들게 뜯어서 미니족처럼 만드시나요\n미니족이 없었다면 없다고 하시던지...\n어머니랑 와이프 셋이서 기분좋게 한잔하려다가 기분만 상하네요","date":"Mon Dec 10 23:59:44 +0000 2018","retweets":"30","favorites":"20","mentions":[],"hashtags":[],"geo":"","raw":"들리던 소문에 비해 실상은 실망입니다\n맛에 대한 평가는 하지않겠습니다\n배달시간은 빨라서 좋습니다\n하지만, 주문내용과 실물사이에 이해되지 않는 부분이 있군요\n미니족 신미니족 하니씩주문해서 25000원밖에 안되서 싸구려시킨 손님이라서 만만하게 보신듯하네요\n미니족의 꼬들꼬들한 식감을 원해서 시킨건데 왜 큰족비계부분을 힘들게 뜯어서 미니족처럼 만드시나요\n미니족이 없었다면 없다고 하시던지...\n어머니랑 와이프 셋이서 기분좋게 한잔하려다가 기분만 상하네요","polarity":{"com":0.010913016815215105,"pos":0.4534169465287676,"neg":0.37258457266460077,"neut":0.09583881920548215,"none":0.06724664478593438},"intensity":{"high":0.1432939144360557,"low":0.10643741828107071,"meium":0.6804779918410149,"none":0.06979067544185863},"expressive":{"dir-action":0.027587964764609885,"dir-explicit":0.29489154722604694,"dir-speech":0.33416131199127164,"indirect":0.26811478014569023,"writing-device":0.0752443958723813}},{"id":"청담족발","permalink":"","username":"asdfg","text":"첨에 먹고싶었던 미니족발이 없어 아쉬웠지만 \n그래도 매콤달달한 신족발과 매운맛을 잡아주는 족발을 함께 먹으니 금상첨화!!!\n\n배달도 빨랐고 맛도 좋았네요","date":"Mon Dec 10 23:59:44 +0000 2018","retweets":"30","favorites":"20","mentions":[],"hashtags":[],"geo":"","raw":"첨에 먹고싶었던 미니족발이 없어 아쉬웠지만 \n그래도 매콤달달한 신족발과 매운맛을 잡아주는 족발을 함께 먹으니 금상첨화!!!\n\n배달도 빨랐고 맛도 좋았네요","polarity":{"com":0.04545454545454546,"pos":0.644698108909091,"neg":0.301426293,"neut":0.004784689000000001,"none":0.0036363636363636372},"intensity":{"high":0.07681324526574425,"low":0.09925419608188597,"meium":0.8155115060167717,"none":0.008421052635598085},"expressive":{"dir-action":0,"dir-explicit":0.294501405,"dir-speech":0.22707526400000003,"indirect":0.4747869673636364,"writing-device":0.0036363636363636364}},{"id":"청담족발","permalink":"","username":"asdfg","text":"자주 먹던 곳은 배달이 안되서 귀찮아서 그냥 시켜봤는데 먹을만은 하네요...\n매운족발은 조금 실망 ㅜㅜ 먹던 곳에서 먹어여겠네요","date":"Mon Dec 10 23:59:44 +0000 2018","retweets":"30","favorites":"20","mentions":[],"hashtags":[],"geo":"","raw":"자주 먹던 곳은 배달이 안되서 귀찮아서 그냥 시켜봤는데 먹을만은 하네요...\n매운족발은 조금 실망 ㅜㅜ 먹던 곳에서 먹어여겠네요","polarity":{"com":0.02958865822621713,"pos":0.4574404253142399,"neg":0.39021015363227535,"neut":0.04828464799257159,"none":0.07447611483469598},"intensity":{"high":0.12262218647097095,"low":0.15464584724266509,"meium":0.6473716781267209,"none":0.0753602881596431},"expressive":{"dir-action":0.0008841733077603208,"dir-explicit":0.26541589494349355,"dir-speech":0.5930048346610003,"indirect":0.054365859081105056,"writing-device":0.08632923800664069}},{"id":"청담족발","permalink":"","username":"asdfg","text":"매운족발 맛나요~~\n벌써 두번째 먹어봤는데도\n일반족발보단 맛있고 음식도 깔끔한거같아요~","date":"Mon Dec 10 23:59:44 +0000 2018","retweets":"30","favorites":"20","mentions":[],"hashtags":[],"geo":"","raw":"매운족발 맛나요~~\n벌써 두번째 먹어봤는데도\n일반족발보단 맛있고 음식도 깔끔한거같아요~","polarity":{"com":0.024953339146421907,"pos":0.3846713131978102,"neg":0.43417239149059605,"neut":0.015294143716470593,"none":0.14090881244870126},"intensity":{"high":0.0859783717142857,"low":0.08290461128571429,"meium":0.6897792041428571,"none":0.14133781285714284},"expressive":{"dir-action":0.0004290004284488571,"dir-explicit":0.13591680724688093,"dir-speech":0.4629421628677308,"indirect":0.11855789010898346,"writing-device":0.28215413934795597}}]