[{"id":"두꺼비왕족발보쌈 홍어삼합CESCO","permalink":"","username":"asdfg","text":"와 다른집은가격도 더비한데 양이어마어마합니다 소주서비스까지 잘먹겠습니당 !!","date":"Mon Dec 10 23:59:44 +0000 2018","retweets":"30","favorites":"20","mentions":[],"hashtags":[],"geo":"","raw":"와 다른집은가격도 더비한데 양이어마어마합니다 소주서비스까지 잘먹겠습니당 !!","polarity":{"com":0.00903985822322665,"pos":0.6098923484010991,"neg":0.20100521357788945,"neut":0.08785822367642868,"none":0.09220435612135602},"intensity":{"high":0.07434997134159442,"low":0.18454923713161656,"meium":0.647834343516426,"none":0.09326644801036293},"expressive":{"dir-action":0.001539989111111111,"dir-explicit":0.16004308033333334,"dir-speech":0.31727455955555556,"indirect":0.42890852244444444,"writing-device":0.09223384855555555}},{"id":"두꺼비왕족발보쌈 홍어삼합CESCO","permalink":"","username":"asdfg","text":"양도 푸짐하고 매번 배달도 빨리오네요 맛있게 먹겠습니다^^","date":"Mon Dec 10 23:59:44 +0000 2018","retweets":"30","favorites":"20","mentions":[],"hashtags":[],"geo":"","raw":"양도 푸짐하고 매번 배달도 빨리오네요 맛있게 먹겠습니다^^","polarity":{"com":0.0048048048000000005,"pos":0.48918918920000004,"neg":0.4945945946,"neut":0.0066066066,"none":0.0048048048000000005},"intensity":{"high":0.045045045,"low":0.06126126119999999,"meium":0.8882882884000001,"none":0.0054054053999999995},"expressive":{"dir-action":0.0006006006000000002,"dir-explicit":0.20690690680000004,"dir-speech":0.5735735736,"indirect":0.2135135136,"writing-device":0.0054054054}},{"id":"두꺼비왕족발보쌈 홍어삼합CESCO","permalink":"","username":"asdfg","text":"잘막았습니다~~##","date":"Mon Dec 10 23:59:44 +0000 2018","retweets":"30","favorites":"20","mentions":[],"hashtags":[],"geo":"","raw":"잘막았습니다~~##","polarity":{"com":0,"pos":0.7142857147142857,"neg":0.21428571421428572,"neut":0.07142857107142857,"none":0},"intensity":{"high":0,"low":0.214285714,"meium":0.785714286,"none":0},"expressive":{"dir-action":0,"dir-explicit":0.214285714,"dir-speech":0.142857143,"indirect":0.642857143,"writing-device":0}},{"id":"두꺼비왕족발보쌈 홍어삼합CESCO","permalink":"","username":"asdfg","text":"뻐있는 홍어 처음 먹어봐용.뼈있어서 먹기 힘들었어요.보쌈에도 뼈 많구ㅠㅠ야채 많다 싶었는데 막국수였어요.양 많아서 둘이 먹다 결국 남겼습니다.맛있어요","date":"Mon Dec 10 23:59:44 +0000 2018","retweets":"30","favorites":"20","mentions":[],"hashtags":[],"geo":"","raw":"뻐있는 홍어 처음 먹어봐용.뼈있어서 먹기 힘들었어요.보쌈에도 뼈 많구ㅠㅠ야채 많다 싶었는데 막국수였어요.양 많아서 둘이 먹다 결국 남겼습니다.맛있어요","polarity":{"com":0.01772011599852332,"pos":0.29639401755863387,"neg":0.5088021043742664,"neut":0.030003648164166362,"none":0.14708011390441},"intensity":{"high":0.10953313821230545,"low":0.1463426011443094,"meium":0.5966770394986154,"none":0.14744722114476966},"expressive":{"dir-action":0.0003671071667278512,"dir-explicit":0.2948078604658013,"dir-speech":0.3898106768149684,"indirect":0.16652838561108807,"writing-device":0.14848596994141433}},{"id":"두꺼비왕족발보쌈 홍어삼합CESCO","permalink":"","username":"asdfg","text":"김치가 맛이 안밴게 좀 아쉽지만 맛있습니다!","date":"Mon Dec 10 23:59:44 +0000 2018","retweets":"30","favorites":"20","mentions":[],"hashtags":[],"geo":"","raw":"김치가 맛이 안밴게 좀 아쉽지만 맛있습니다!","polarity":{"com":0.0035714285992857146,"pos":0.2590659341481868,"neg":0.6851648350629671,"neut":0.04684065939063188,"none":0.005357142798928576},"intensity":{"high":0.1475274726,"low":0.06758241759999999,"meium":0.7777472525999999,"none":0.007142857199999996},"expressive":{"dir-action":0,"dir-explicit":0.3365384616,"dir-speech":0.4009615384,"indirect":0.25714285719999996,"writing-device":0.005357142800000003}},{"id":"두꺼비왕족발보쌈 홍어삼합CESCO","permalink":"","username":"asdfg","text":"hfgyhbb hjgyyv hhftuftr","date":"Mon Dec 10 23:59:44 +0000 2018","retweets":"30","favorites":"20","mentions":[],"hashtags":[],"geo":"","raw":"hfgyhbb hjgyyv hhftuftr","polarity":{"com":null,"pos":null,"neg":null,"neut":null,"none":null},"intensity":{"high":null,"low":null,"meium":null,"none":null},"expressive":{"dir-action":null,"dir-explicit":null,"dir-speech":null,"indirect":null,"writing-device":null}},{"id":"두꺼비왕족발보쌈 홍어삼합CESCO","permalink":"","username":"asdfg","text":"2번째 시켜 먹는데 족발 냄새도 안나고 좋네요 ㅋㅋ 서비스 초록이도 굿입니다!!ㅋ","date":"Mon Dec 10 23:59:44 +0000 2018","retweets":"30","favorites":"20","mentions":[],"hashtags":[],"geo":"","raw":"2번째 시켜 먹는데 족발 냄새도 안나고 좋네요 ㅋㅋ 서비스 초록이도 굿입니다!!ㅋ","polarity":{"com":0,"pos":0.5838888888333333,"neg":0.3781944445,"neut":0.020833333333333332,"none":0.017083333333333336},"intensity":{"high":0.27060185183333335,"low":0.21037037033333336,"meium":0.5019444445,"none":0.017083333333333336},"expressive":{"dir-action":0,"dir-explicit":0.25162037033333334,"dir-speech":0.19421296300000002,"indirect":0.5266666666666667,"writing-device":0.0275}},{"id":"두꺼비왕족발보쌈 홍어삼합CESCO","permalink":"","username":"asdfg","text":"잘막았어요~~~~~~","date":"Mon Dec 10 23:59:44 +0000 2018","retweets":"30","favorites":"20","mentions":[],"hashtags":[],"geo":"","raw":"잘막았어요~~~~~~","polarity":{"com":0,"pos":0.7142857147142857,"neg":0.21428571421428572,"neut":0.07142857107142857,"none":0},"intensity":{"high":0,"low":0.214285714,"meium":0.785714286,"none":0},"expressive":{"dir-action":0,"dir-explicit":0.214285714,"dir-speech":0.142857143,"indirect":0.642857143,"writing-device":0}},{"id":"두꺼비왕족발보쌈 홍어삼합CESCO","permalink":"","username":"asdfg","text":"방금 시켜먹었는데 배달도 너무빠르고 고기도맛있네요다음에 또시켜먹을게여!!! 감사합니다!!!","date":"Mon Dec 10 23:59:44 +0000 2018","retweets":"30","favorites":"20","mentions":[],"hashtags":[],"geo":"","raw":"방금 시켜먹었는데 배달도 너무빠르고 고기도맛있네요다음에 또시켜먹을게여!!! 감사합니다!!!","polarity":{"com":0.014285714297142857,"pos":0.3336996336332601,"neg":0.49377289380124545,"neut":0.11538461537692307,"none":0.04285714289142857},"intensity":{"high":0.1442002442,"low":0.0818070818,"meium":0.7311355311000001,"none":0.0428571429},"expressive":{"dir-action":0,"dir-explicit":0.14664224659999997,"dir-speech":0.7819291819999998,"indirect":0.0142857143,"writing-device":0.05714285709999999}},{"id":"두꺼비왕족발보쌈 홍어삼합CESCO","permalink":"","username":"asdfg","text":"와 처음 시켜보는데 기가막히네요자주 시켜먹을께요~~ 번창하세요 사장님 :)","date":"Mon Dec 10 23:59:44 +0000 2018","retweets":"30","favorites":"20","mentions":[],"hashtags":[],"geo":"","raw":"와 처음 시켜보는데 기가막히네요자주 시켜먹을께요~~ 번창하세요 사장님 :)","polarity":{"com":0.032442396393511506,"pos":0.5556067586888784,"neg":0.26101382494779723,"neut":0.11677419357664515,"none":0.03416282639316743},"intensity":{"high":0.0501792114,"low":0.0676702508,"meium":0.8475576038,"none":0.034592934},"expressive":{"dir-action":0.0012903225997419356,"dir-explicit":0.1643830005671234,"dir-speech":0.40019457251996116,"indirect":0.39996927792000614,"writing-device":0.034162826393167436}}]