[{"id":"신라왕족발보쌈","permalink":"","username":"asdfg","text":"진짜 맛있게 잘 먹었습니다~","date":"Mon Dec 10 23:59:44 +0000 2018","retweets":"30","favorites":"20","mentions":[],"hashtags":[],"geo":"","raw":"진짜 맛있게 잘 먹었습니다~","polarity":{"com":0,"pos":0.35714285717857136,"neg":0.6071428573035714,"neut":0.03571428551785714,"none":0},"intensity":{"high":0,"low":0.107142857,"meium":0.8928571430000001,"none":0},"expressive":{"dir-action":0,"dir-explicit":0.107142857,"dir-speech":0.5714285715,"indirect":0.3214285715,"writing-device":0}},{"id":"신라왕족발보쌈","permalink":"","username":"asdfg","text":"웬만해선 리뷰안다는데..고기 잡내하나없고 퀄리티 장난아니네요;; 여기만 보쌈은 먹을거같네요.. 알바절대 아님요..","date":"Mon Dec 10 23:59:44 +0000 2018","retweets":"30","favorites":"20","mentions":[],"hashtags":[],"geo":"","raw":"웬만해선 리뷰안다는데..고기 잡내하나없고 퀄리티 장난아니네요;; 여기만 보쌈은 먹을거같네요.. 알바절대 아님요..","polarity":{"com":0.008988186998501967,"pos":0.4284705407619216,"neg":0.28073715370321045,"neut":0.10130970723311504,"none":0.18049441130325092},"intensity":{"high":0.05320762100886794,"low":0.13629943502271658,"meium":0.6299985326049997,"none":0.18049441136341574},"expressive":{"dir-action":0.08333333331944444,"dir-explicit":0.10268545023288575,"dir-speech":0.2953475432841087,"indirect":0.23965441337672427,"writing-device":0.27897925978683674}},{"id":"신라왕족발보쌈","permalink":"","username":"asdfg","text":"신왕족보는  두번째 먹는데 맛도좋고 양도\n푸짐 배달도 빨라서 좋아요","date":"Mon Dec 10 23:59:44 +0000 2018","retweets":"30","favorites":"20","mentions":[],"hashtags":[],"geo":"","raw":"신왕족보는  두번째 먹는데 맛도좋고 양도\n푸짐 배달도 빨라서 좋아요","polarity":{"com":0,"pos":0.7843990929692,"neg":0.17922902502560417,"neut":0.013605442144800776,"none":0.02276643986039521},"intensity":{"high":0.07755102042857144,"low":0.12480725614285716,"meium":0.7748752835714287,"none":0.022766439857142863},"expressive":{"dir-action":0,"dir-explicit":0.22585034014285713,"dir-speech":0.5492063492857143,"indirect":0.19990929699999999,"writing-device":0.025034013571428572}},{"id":"신라왕족발보쌈","permalink":"","username":"asdfg","text":"맛 양 배달 모두 만족해요 !! 잘먹었습니다","date":"Mon Dec 10 23:59:44 +0000 2018","retweets":"30","favorites":"20","mentions":[],"hashtags":[],"geo":"","raw":"맛 양 배달 모두 만족해요 !! 잘먹었습니다","polarity":{"com":0,"pos":0.6785714286696428,"neg":0.30357142857589287,"neut":0.017857142754464286,"none":0},"intensity":{"high":0,"low":0.0535714285,"meium":0.9464285715,"none":0},"expressive":{"dir-action":0,"dir-explicit":0.3035714285,"dir-speech":0.53571428575,"indirect":0.16071428575,"writing-device":0}},{"id":"신라왕족발보쌈","permalink":"","username":"asdfg","text":"배달도 빠르고 양도 많고 맛있어요","date":"Mon Dec 10 23:59:44 +0000 2018","retweets":"30","favorites":"20","mentions":[],"hashtags":[],"geo":"","raw":"배달도 빠르고 양도 많고 맛있어요","polarity":{"com":0,"pos":0.5978260870000001,"neg":0.39130434775,"neut":0.01086956525,"none":0},"intensity":{"high":0.06521739126630435,"low":0.13768115928442032,"meium":0.7971014494492753,"none":0},"expressive":{"dir-action":0,"dir-explicit":0.1304347825326087,"dir-speech":0.5543478261385869,"indirect":0.3152173913288044,"writing-device":0}},{"id":"신라왕족발보쌈","permalink":"","username":"asdfg","text":"배달도 빠르고 맛있어요~~","date":"Mon Dec 10 23:59:44 +0000 2018","retweets":"30","favorites":"20","mentions":[],"hashtags":[],"geo":"","raw":"배달도 빠르고 맛있어요~~","polarity":{"com":0,"pos":0.6666666666666666,"neg":0.3333333333333333,"neut":0,"none":0},"intensity":{"high":0,"low":0.111111111,"meium":0.888888889,"none":0},"expressive":{"dir-action":0,"dir-explicit":0,"dir-speech":0.6666666666666666,"indirect":0.3333333333333333,"writing-device":0}},{"id":"신라왕족발보쌈","permalink":"","username":"asdfg","text":"맛있어요\n새벽에 시켰는데 빨리왔어요\n아쉬운점은 서비스 막국수 혹은 주문 막국수의\n질적인면에서 업그레이드가 필요해 보여요!","date":"Mon Dec 10 23:59:44 +0000 2018","retweets":"30","favorites":"20","mentions":[],"hashtags":[],"geo":"","raw":"맛있어요\n새벽에 시켰는데 빨리왔어요\n아쉬운점은 서비스 막국수 혹은 주문 막국수의\n질적인면에서 업그레이드가 필요해 보여요!","polarity":{"com":0.008030580636363638,"pos":0.5718380427272728,"neg":0.2997668436363637,"neut":0.06436926245454547,"none":0.05599527054545455},"intensity":{"high":0.14833574090909088,"low":0.254901083,"meium":0.5397607137272727,"none":0.05700246236363637},"expressive":{"dir-action":0.0005865102727272728,"dir-explicit":0.3300531121818182,"dir-speech":0.2118701243636364,"indirect":0.3997124514545455,"writing-device":0.05777780172727273}},{"id":"신라왕족발보쌈","permalink":"","username":"asdfg","text":"항상맛났는데 이번에는 뭔가 살이랑 비계가 뚝뚝 끊기고 퍽퍽하네요 마지막 족발이었나 싶을정도로 ㅠㅠ 다음에는 더 맛있기를","date":"Mon Dec 10 23:59:44 +0000 2018","retweets":"30","favorites":"20","mentions":[],"hashtags":[],"geo":"","raw":"항상맛났는데 이번에는 뭔가 살이랑 비계가 뚝뚝 끊기고 퍽퍽하네요 마지막 족발이었나 싶을정도로 ㅠㅠ 다음에는 더 맛있기를","polarity":{"com":0.007447169232487808,"pos":0.35892662177513684,"neg":0.5198547860430435,"neut":0.041734982471169614,"none":0.07203644047816225},"intensity":{"high":0.04618137084615385,"low":0.08557604376923077,"meium":0.7946351583846154,"none":0.073607427},"expressive":{"dir-action":0.0018640851537027629,"dir-explicit":0.34101935674299855,"dir-speech":0.39082401181609056,"indirect":0.18716333198560287,"writing-device":0.07912921430160547}},{"id":"신라왕족발보쌈","permalink":"","username":"asdfg","text":"배송도 빠르고 포장도 깔끔하고 맛도 좋았어요! 또 주문할게요!","date":"Mon Dec 10 23:59:44 +0000 2018","retweets":"30","favorites":"20","mentions":[],"hashtags":[],"geo":"","raw":"배송도 빠르고 포장도 깔끔하고 맛도 좋았어요! 또 주문할게요!","polarity":{"com":0.007217388570397516,"pos":0.5044120716422269,"neg":0.3330196193809972,"neut":0.018741387854465517,"none":0.1366095325519129},"intensity":{"high":0.08525088614285714,"low":0.0863569757142857,"meium":0.6910463854285716,"none":0.1373457527142857},"expressive":{"dir-action":0.0013506594283784774,"dir-explicit":0.2935517479580641,"dir-speech":0.3100611473842769,"indirect":0.23861015725162707,"writing-device":0.15642628797765337}},{"id":"신라왕족발보쌈","permalink":"","username":"asdfg","text":"여윽시 이 집 족발이 맛납니다\n잘 막었으요\n막국수 슥슥 비벼서 독발하나 얹어서 먹으면 꿀임\n잘먹었습니다~~ 굿굿","date":"Mon Dec 10 23:59:44 +0000 2018","retweets":"30","favorites":"20","mentions":[],"hashtags":[],"geo":"","raw":"여윽시 이 집 족발이 맛납니다\n잘 막었으요\n막국수 슥슥 비벼서 독발하나 얹어서 먹으면 꿀임\n잘먹었습니다~~ 굿굿","polarity":{"com":0.003854625500963657,"pos":0.4617028529904258,"neg":0.5044708412511177,"neut":0.028870358632217593,"none":0.0011013216252753306},"intensity":{"high":0.027104747878388097,"low":0.18120236339765028,"meium":0.7900409063487551,"none":0.0016519823752064978},"expressive":{"dir-action":0.0005506607500688326,"dir-explicit":0.19561132077445145,"dir-speech":0.4280906930535114,"indirect":0.37409534304676195,"writing-device":0.001651982375206498}},{"id":"신라왕족발보쌈","permalink":"","username":"asdfg","text":"ㄱㄴㅇㄴ드그ㅡㅇㄱㄷㄱㄷ","date":"Mon Dec 10 23:59:44 +0000 2018","retweets":"30","favorites":"20","mentions":[],"hashtags":[],"geo":"","raw":"ㄱㄴㅇㄴ드그ㅡㅇㄱㄷㄱㄷ","polarity":{"com":0.13636363613636365,"pos":0.3181818183181818,"neg":0.4090909094090909,"neut":0.04545454504545454,"none":0.09090909109090908},"intensity":{"high":0.090909091,"low":0.045454545,"meium":0.772727273,"none":0.090909091},"expressive":{"dir-action":0,"dir-explicit":0.045454545,"dir-speech":0.772727273,"indirect":0.090909091,"writing-device":0.090909091}},{"id":"신라왕족발보쌈","permalink":"","username":"asdfg","text":"배달 빠르고 양도 많고 좋아요","date":"Mon Dec 10 23:59:44 +0000 2018","retweets":"30","favorites":"20","mentions":[],"hashtags":[],"geo":"","raw":"배달 빠르고 양도 많고 좋아요","polarity":{"com":0,"pos":0.7704347826666667,"neg":0.20173913033333332,"neut":0.014492753666666663,"none":0.013333333333333332},"intensity":{"high":0.1536231883845411,"low":0.08579710136193236,"meium":0.7472463769157488,"none":0.013333333337777779},"expressive":{"dir-action":0,"dir-explicit":0.373913043457971,"dir-speech":0.4724637681574879,"indirect":0.1402898550467633,"writing-device":0.013333333337777779}},{"id":"신라왕족발보쌈","permalink":"","username":"asdfg","text":"맛있었습니다.","date":"Mon Dec 10 23:59:44 +0000 2018","retweets":"30","favorites":"20","mentions":[],"hashtags":[],"geo":"","raw":"맛있었습니다.","polarity":{"com":0,"pos":0,"neg":1,"neut":0,"none":0},"intensity":{"high":0,"low":0,"meium":1,"none":0},"expressive":{"dir-action":0,"dir-explicit":0,"dir-speech":1,"indirect":0,"writing-device":0}},{"id":"신라왕족발보쌈","permalink":"","username":"asdfg","text":"배달도 빠르고 맜있게 잘 먹었습니다.","date":"Mon Dec 10 23:59:44 +0000 2018","retweets":"30","favorites":"20","mentions":[],"hashtags":[],"geo":"","raw":"배달도 빠르고 맜있게 잘 먹었습니다.","polarity":{"com":0,"pos":0.6794871793301283,"neg":0.28205128217948716,"neut":0.03846153849038462,"none":0},"intensity":{"high":0.047008547,"low":0.1965811965,"meium":0.7564102564999999,"none":0},"expressive":{"dir-action":0,"dir-explicit":0.1324786325,"dir-speech":0.6175213675,"indirect":0.25,"writing-device":0}},{"id":"신라왕족발보쌈","permalink":"","username":"asdfg","text":"배달도 빠르고 친절하세요~ 양도 푸짐하고 맛있어요","date":"Mon Dec 10 23:59:44 +0000 2018","retweets":"30","favorites":"20","mentions":[],"hashtags":[],"geo":"","raw":"배달도 빠르고 친절하세요~ 양도 푸짐하고 맛있어요","polarity":{"com":0.006006006,"pos":0.65315315325,"neg":0.3265765765,"neut":0.00825825825,"none":0.006006006},"intensity":{"high":0.0285285285,"low":0.10435435425,"meium":0.8603603605,"none":0.00675675675},"expressive":{"dir-action":0.0007507507500000002,"dir-explicit":0.07807807800000001,"dir-speech":0.5225225225000001,"indirect":0.391891892,"writing-device":0.0067567567500000005}},{"id":"신라왕족발보쌈","permalink":"","username":"asdfg","text":"이사하고 자장면먹는게 대부분이지만 저희부부는 족발을 시켰답니다 리뷰보고 시킨건디 맛있었어요!! 양도많고 깔끔하고 좋았습니다 많이 파세요~부자되세요~","date":"Mon Dec 10 23:59:44 +0000 2018","retweets":"30","favorites":"20","mentions":[],"hashtags":[],"geo":"","raw":"이사하고 자장면먹는게 대부분이지만 저희부부는 족발을 시켰답니다 리뷰보고 시킨건디 맛있었어요!! 양도많고 깔끔하고 좋았습니다 많이 파세요~부자되세요~","polarity":{"com":0.009598130845415529,"pos":0.4044580741996571,"neg":0.5090118642685375,"neut":0.05206945038061005,"none":0.024862480305779804},"intensity":{"high":0.10965858470074297,"low":0.13884772654914213,"meium":0.725273243748098,"none":0.026220445002016965},"expressive":{"dir-action":0.006155783616331659,"dir-explicit":0.32063112158778945,"dir-speech":0.4419923842987681,"indirect":0.20415693387756262,"writing-device":0.027063776619548275}},{"id":"신라왕족발보쌈","permalink":"","username":"asdfg","text":"막국수랑 보쌈 맛있네요","date":"Mon Dec 10 23:59:44 +0000 2018","retweets":"30","favorites":"20","mentions":[],"hashtags":[],"geo":"","raw":"막국수랑 보쌈 맛있네요","polarity":{"com":0,"pos":0,"neg":1,"neut":0,"none":0},"intensity":{"high":0,"low":0,"meium":1,"none":0},"expressive":{"dir-action":0,"dir-explicit":0,"dir-speech":1,"indirect":0,"writing-device":0}},{"id":"신라왕족발보쌈","permalink":"","username":"asdfg","text":"항상시켜먹지만 맛있어요\n막국수특히 짱맛났어요\n근데 따뜻한족발이 더맛있는거같아요\n차가우니까좀뻣뻣한감이\n그래도맛있어용","date":"Mon Dec 10 23:59:44 +0000 2018","retweets":"30","favorites":"20","mentions":[],"hashtags":[],"geo":"","raw":"항상시켜먹지만 맛있어요\n막국수특히 짱맛났어요\n근데 따뜻한족발이 더맛있는거같아요\n차가우니까좀뻣뻣한감이\n그래도맛있어용","polarity":{"com":0.0032216282307692304,"pos":0.5351277101538462,"neg":0.3874814374615384,"neut":0.012568475076923076,"none":0.061600749076923075},"intensity":{"high":0.045072270076923084,"low":0.03564993561538461,"meium":0.8567592317692309,"none":0.06251856253846154},"expressive":{"dir-action":0.0002310002307692308,"dir-explicit":0.22381034876923073,"dir-speech":0.48695137446153847,"indirect":0.15409860415384616,"writing-device":0.13490867238461537}},{"id":"신라왕족발보쌈","permalink":"","username":"asdfg","text":"대박...엄청빨리와서 깜놀...맛에 까놀","date":"Mon Dec 10 23:59:44 +0000 2018","retweets":"30","favorites":"20","mentions":[],"hashtags":[],"geo":"","raw":"대박...엄청빨리와서 깜놀...맛에 까놀","polarity":{"com":0.03030303033333333,"pos":0.696969697,"neg":0.2575757576666667,"neut":0,"none":0.015151514999999999},"intensity":{"high":0.015151515005050502,"low":0.045454545348484844,"meium":0.924242424641414,"none":0.015151515005050502},"expressive":{"dir-action":0,"dir-explicit":0.2575757576666667,"dir-speech":0.36363636366666663,"indirect":0.36363636366666663,"writing-device":0.015151514999999999}},{"id":"신라왕족발보쌈","permalink":"","username":"asdfg","text":"먹다갑자기생각나서찍음\n전자렌지에살짝돌려서먹음 더 맛있어욤ㅋ","date":"Mon Dec 10 23:59:44 +0000 2018","retweets":"30","favorites":"20","mentions":[],"hashtags":[],"geo":"","raw":"먹다갑자기생각나서찍음\n전자렌지에살짝돌려서먹음 더 맛있어욤ㅋ","polarity":{"com":0,"pos":0.19444444433333333,"neg":0.6805555556666666,"neut":0.08333333333333333,"none":0.041666666666666664},"intensity":{"high":0.037037037,"low":0.15740740733333333,"meium":0.763888889,"none":0.041666666666666664},"expressive":{"dir-action":0,"dir-explicit":0.2407407406666667,"dir-speech":0.5925925926666666,"indirect":0.125,"writing-device":0.041666666666666664}},{"id":"신라왕족발보쌈","permalink":"","username":"asdfg","text":"이번엔김치가좀 이런적없었는데 \n그래도계속 애용할거에요 \n한번쯤은그럴수있으니~ㅋ\n요기 김치없이도 맛나긴해용ㅋ\n잘먹었습니다","date":"Mon Dec 10 23:59:44 +0000 2018","retweets":"30","favorites":"20","mentions":[],"hashtags":[],"geo":"","raw":"이번엔김치가좀 이런적없었는데 \n그래도계속 애용할거에요 \n한번쯤은그럴수있으니~ㅋ\n요기 김치없이도 맛나긴해용ㅋ\n잘먹었습니다","polarity":{"com":0.004513427917795023,"pos":0.26537349139967664,"neg":0.5633119235574946,"neut":0.05211217226302804,"none":0.11468898486200556},"intensity":{"high":0.1411765527019608,"low":0.07951266560321149,"meium":0.6636985376659247,"none":0.11561224402890306},"expressive":{"dir-action":0.0005376344166218638,"dir-explicit":0.2261613734811532,"dir-speech":0.32459289055628393,"indirect":0.28073007322660587,"writing-device":0.16797802831933517}},{"id":"신라왕족발보쌈","permalink":"","username":"asdfg","text":"배달도 빠르고 맛있게 잘 먹었습니다~!","date":"Mon Dec 10 23:59:44 +0000 2018","retweets":"30","favorites":"20","mentions":[],"hashtags":[],"geo":"","raw":"배달도 빠르고 맛있게 잘 먹었습니다~!","polarity":{"com":0,"pos":0.6785714286696428,"neg":0.30357142857589287,"neut":0.017857142754464286,"none":0},"intensity":{"high":0,"low":0.13690476175,"meium":0.86309523825,"none":0},"expressive":{"dir-action":0,"dir-explicit":0.0535714285,"dir-speech":0.53571428575,"indirect":0.41071428575,"writing-device":0}},{"id":"신라왕족발보쌈","permalink":"","username":"asdfg","text":"항상 만족합니다~~","date":"Mon Dec 10 23:59:44 +0000 2018","retweets":"30","favorites":"20","mentions":[],"hashtags":[],"geo":"","raw":"항상 만족합니다~~","polarity":{"com":0.0096774195,"pos":0.758064516,"neg":0.176344086,"neut":0.041935484,"none":0.0139784945},"intensity":{"high":0.069892473,"low":0.058064516,"meium":0.8569892475,"none":0.0150537635},"expressive":{"dir-action":0.0032258065000000005,"dir-explicit":0.40698924750000004,"dir-speech":0.39731182800000003,"indirect":0.17849462350000003,"writing-device":0.013978494500000003}},{"id":"신라왕족발보쌈","permalink":"","username":"asdfg","text":"잘먹었습니다~\n번창하세요~","date":"Mon Dec 10 23:59:44 +0000 2018","retweets":"30","favorites":"20","mentions":[],"hashtags":[],"geo":"","raw":"잘먹었습니다~\n번창하세요~","polarity":{"com":0,"pos":0.7142857147142857,"neg":0.21428571421428572,"neut":0.07142857107142857,"none":0},"intensity":{"high":0,"low":0.214285714,"meium":0.785714286,"none":0},"expressive":{"dir-action":0,"dir-explicit":0.214285714,"dir-speech":0.142857143,"indirect":0.642857143,"writing-device":0}},{"id":"신라왕족발보쌈","permalink":"","username":"asdfg","text":"맛있게 잘먹었습니다 ㅎㅎ 양도 많아요","date":"Mon Dec 10 23:59:44 +0000 2018","retweets":"30","favorites":"20","mentions":[],"hashtags":[],"geo":"","raw":"맛있게 잘먹었습니다 ㅎㅎ 양도 많아요","polarity":{"com":0,"pos":0.36853002078951,"neg":0.5931677018643893,"neut":0.038302277346100755,"none":0},"intensity":{"high":0.08695652169565217,"low":0.14389233938129745,"meium":0.7691511389230504,"none":0},"expressive":{"dir-action":0,"dir-explicit":0.2453416147484472,"dir-speech":0.45341614915113876,"indirect":0.30124223610041406,"writing-device":0}},{"id":"신라왕족발보쌈","permalink":"","username":"asdfg","text":"양도 푸짐하고 맛있게 잘 먹었습니다.\n족발 좋아 하지 않았는데 너무 맛나게 먹었네요.\n함께 온 막국수와 고기를 싸서 먹으면 죅오~~!!!!","date":"Mon Dec 10 23:59:44 +0000 2018","retweets":"30","favorites":"20","mentions":[],"hashtags":[],"geo":"","raw":"양도 푸짐하고 맛있게 잘 먹었습니다.\n족발 좋아 하지 않았는데 너무 맛나게 먹었네요.\n함께 온 막국수와 고기를 싸서 먹으면 죅오~~!!!!","polarity":{"com":0.0384510370069911,"pos":0.4711708228129402,"neg":0.43561091917011124,"neut":0.031183009823851464,"none":0.023584211186106225},"intensity":{"high":0.10139945180896368,"low":0.11801157044381712,"meium":0.7556868342040285,"none":0.024902143543190716},"expressive":{"dir-action":0.002476009999774908,"dir-explicit":0.2918904581552827,"dir-speech":0.41649831959850014,"indirect":0.2615641657944032,"writing-device":0.027571046452038995}},{"id":"신라왕족발보쌈","permalink":"","username":"asdfg","text":"맛은많이 떨어지네요~양은많지만~보쌈김치도맛이없네요~족발도별루입니다","date":"Mon Dec 10 23:59:44 +0000 2018","retweets":"30","favorites":"20","mentions":[],"hashtags":[],"geo":"","raw":"맛은많이 떨어지네요~양은많지만~보쌈김치도맛이없네요~족발도별루입니다","polarity":{"com":0.005308790142857143,"pos":0.3702088004285714,"neg":0.4214900607142857,"neut":0.046756521,"none":0.1562358277142857},"intensity":{"high":0.11132828417466521,"low":0.18482056433852015,"meium":0.5400965267257419,"none":0.16375462476107275},"expressive":{"dir-action":0,"dir-explicit":0.3093242178129537,"dir-speech":0.3980125078002839,"indirect":0.13566714255204756,"writing-device":0.15699613183471486}},{"id":"신라왕족발보쌈","permalink":"","username":"asdfg","text":"첨 시켰는데~향두 글코 두루두루 나쁘지않고 배달 굿~넘 맛나게 흡입했어용~~^^","date":"Mon Dec 10 23:59:44 +0000 2018","retweets":"30","favorites":"20","mentions":[],"hashtags":[],"geo":"","raw":"첨 시켰는데~향두 글코 두루두루 나쁘지않고 배달 굿~넘 맛나게 흡입했어용~~^^","polarity":{"com":0.00483870975,"pos":0.5040322580000001,"neg":0.46317204300000003,"neut":0.020967742,"none":0.00698924725},"intensity":{"high":0.24327956975,"low":0.029032258,"meium":0.7201612905,"none":0.00752688175},"expressive":{"dir-action":0.12661290325,"dir-explicit":0.16182795700000002,"dir-speech":0.448655914,"indirect":0.2559139785,"writing-device":0.00698924725}},{"id":"신라왕족발보쌈","permalink":"","username":"asdfg","text":"배달 시간 적당했는데 국수는 미지근하고 좀 퍼져서... 그건 날씨 탓으로 하고 양은 적당하고 야들 야들한 식감은 괜찮았는데 저희 입맛에는 좀 짰어요.ㅠㅠ 쌈장없이 야채듬뿍 넣고 싸먹으면 괜찮을듯...","date":"Mon Dec 10 23:59:44 +0000 2018","retweets":"30","favorites":"20","mentions":[],"hashtags":[],"geo":"","raw":"배달 시간 적당했는데 국수는 미지근하고 좀 퍼져서... 그건 날씨 탓으로 하고 양은 적당하고 야들 야들한 식감은 괜찮았는데 저희 입맛에는 좀 짰어요.ㅠㅠ 쌈장없이 야채듬뿍 넣고 싸먹으면 괜찮을듯...","polarity":{"com":0.005532988000691625,"pos":0.6273160877659145,"neg":0.26415229084551906,"neut":0.02577901844072238,"none":0.07721961494715247},"intensity":{"high":0.06542246492932219,"low":0.0824440378021945,"meium":0.7729143190283857,"none":0.0792191782400976},"expressive":{"dir-action":0.03234376619154297,"dir-explicit":0.19161290089895164,"dir-speech":0.3564771949820596,"indirect":0.33783184822972895,"writing-device":0.08173428969771677}},{"id":"신라왕족발보쌈","permalink":"","username":"asdfg","text":"사진을 못찍었네요 넘 맛나게 잘묵었어요\n막국수도 맛나요 맛나","date":"Mon Dec 10 23:59:44 +0000 2018","retweets":"30","favorites":"20","mentions":[],"hashtags":[],"geo":"","raw":"사진을 못찍었네요 넘 맛나게 잘묵었어요\n막국수도 맛나요 맛나","polarity":{"com":0.011428571402285717,"pos":0.5407142857081428,"neg":0.3435714286687144,"neut":0.017142857003428574,"none":0.0871428572174286},"intensity":{"high":0.1135714286,"low":0.0757142856,"meium":0.7235714286,"none":0.0871428572},"expressive":{"dir-action":0,"dir-explicit":0.14999999996999996,"dir-speech":0.30857142853828573,"indirect":0.45571428570885714,"writing-device":0.08571428578285714}},{"id":"신라왕족발보쌈","permalink":"","username":"asdfg","text":"양도 푸짐 정말 맛있어요","date":"Mon Dec 10 23:59:44 +0000 2018","retweets":"30","favorites":"20","mentions":[],"hashtags":[],"geo":"","raw":"양도 푸짐 정말 맛있어요","polarity":{"com":0.0454545455,"pos":0.2954545455,"neg":0.6363636365,"neut":0,"none":0.0227272725},"intensity":{"high":0.022727272511363635,"low":0.06818181803409092,"meium":0.8863636369431818,"none":0.022727272511363635},"expressive":{"dir-action":0,"dir-explicit":0.13636363650000002,"dir-speech":0.5454545455,"indirect":0.29545454550000005,"writing-device":0.022727272500000003}},{"id":"신라왕족발보쌈","permalink":"","username":"asdfg","text":"음식받자마자 올려요\n양 많고  맛도좋고 냄새 안나며~\n요긴 쟁반국수가 갑이네요\n잘먹겠습니다 ~~사장님","date":"Mon Dec 10 23:59:44 +0000 2018","retweets":"30","favorites":"20","mentions":[],"hashtags":[],"geo":"","raw":"음식받자마자 올려요\n양 많고  맛도좋고 냄새 안나며~\n요긴 쟁반국수가 갑이네요\n잘먹겠습니다 ~~사장님","polarity":{"com":0.0025417574447268625,"pos":0.6268473026252053,"neg":0.31495645247943965,"neut":0.026518685002946525,"none":0.029135802447681762},"intensity":{"high":0.19875348604416745,"low":0.1869342913748743,"meium":0.5851764201300392,"none":0.02913580245091907},"expressive":{"dir-action":0,"dir-explicit":0.2617453318068606,"dir-speech":0.2260835808028982,"indirect":0.4808566357200952,"writing-device":0.03131445167014605}},{"id":"신라왕족발보쌈","permalink":"","username":"asdfg","text":"맛있고 양도 적당합니다~","date":"Mon Dec 10 23:59:44 +0000 2018","retweets":"30","favorites":"20","mentions":[],"hashtags":[],"geo":"","raw":"맛있고 양도 적당합니다~","polarity":{"com":0,"pos":0.5,"neg":0.5,"neut":0,"none":0},"intensity":{"high":0,"low":0,"meium":1,"none":0},"expressive":{"dir-action":0,"dir-explicit":0,"dir-speech":0.5,"indirect":0.5,"writing-device":0}},{"id":"신라왕족발보쌈","permalink":"","username":"asdfg","text":"맛 있 습 니 다 👍 따 봉\n\n냄새도 안나구요 양도 진짜 많아요! 맛있어요😁\n후회없었어요! 적극 추천합니다~ 수고하세요오","date":"Mon Dec 10 23:59:44 +0000 2018","retweets":"30","favorites":"20","mentions":[],"hashtags":[],"geo":"","raw":"맛 있 습 니 다 👍 따 봉\n\n냄새도 안나구요 양도 진짜 많아요! 맛있어요😁\n후회없었어요! 적극 추천합니다~ 수고하세요오","polarity":{"com":0.002951148111111111,"pos":0.47486214122222214,"neg":0.33872464777777783,"neut":0.08125640711111111,"none":0.10220565577777778},"intensity":{"high":0.35836021829351544,"low":0.04764048855026216,"meium":0.49071488872325386,"none":0.10328440443296838},"expressive":{"dir-action":0,"dir-explicit":0.2500788123055468,"dir-speech":0.3004664247443926,"indirect":0.33786206751801534,"writing-device":0.11159269543204525}},{"id":"신라왕족발보쌈","permalink":"","username":"asdfg","text":"처음 시켜 먹었는데 김치가 좀 매운 거 빼곤 괸찬았어여. \n4명이서 대자 하나 먹으닌깐 양은 딱이예요. \n와서 바로 먹느라 사진을 못찍었네요.","date":"Mon Dec 10 23:59:44 +0000 2018","retweets":"30","favorites":"20","mentions":[],"hashtags":[],"geo":"","raw":"처음 시켜 먹었는데 김치가 좀 매운 거 빼곤 괸찬았어여. \n4명이서 대자 하나 먹으닌깐 양은 딱이예요. \n와서 바로 먹느라 사진을 못찍었네요.","polarity":{"com":0.021442710697855725,"pos":0.4198291357580171,"neg":0.3926639745607336,"neut":0.09266328049073368,"none":0.0734008984926599},"intensity":{"high":0.08800032491760007,"low":0.07098896821419778,"meium":0.7662764225532553,"none":0.07473428431494686},"expressive":{"dir-action":0.00044052860004405284,"dir-explicit":0.19653340781965334,"dir-speech":0.3666030399366603,"indirect":0.3106208122310621,"writing-device":0.12580221141258022}},{"id":"신라왕족발보쌈","permalink":"","username":"asdfg","text":"사진으 찌었어야하는데..  다먹어서...\n쏘쏘 해요 동네에선.. 뭐 이정도면..","date":"Mon Dec 10 23:59:44 +0000 2018","retweets":"30","favorites":"20","mentions":[],"hashtags":[],"geo":"","raw":"사진으 찌었어야하는데..  다먹어서...\n쏘쏘 해요 동네에선.. 뭐 이정도면..","polarity":{"com":0.00429625875,"pos":0.442599166,"neg":0.199592912,"neut":0.170058598125,"none":0.18345306512500004},"intensity":{"high":0.0441880775,"low":0.24129479375000004,"meium":0.529627282,"none":0.18488984675000003},"expressive":{"dir-action":0.0014367816251795976,"dir-explicit":0.18768030202346003,"dir-speech":0.3930231575491279,"indirect":0.22764536852845568,"writing-device":0.19021439027377685}},{"id":"신라왕족발보쌈","permalink":"","username":"asdfg","text":"맛있어서 다시 주문했습니다\n많이 파세요","date":"Mon Dec 10 23:59:44 +0000 2018","retweets":"30","favorites":"20","mentions":[],"hashtags":[],"geo":"","raw":"맛있어서 다시 주문했습니다\n많이 파세요","polarity":{"com":0.0048387097500000005,"pos":0.3552227340000001,"neg":0.5484895035,"neut":0.04874551975000001,"none":0.04270353300000001},"intensity":{"high":0.07066052225,"low":0.167921147,"meium":0.71817716325,"none":0.0432411675},"expressive":{"dir-action":0.00161290325,"dir-explicit":0.169764465,"dir-speech":0.6411162315,"indirect":0.14480286725,"writing-device":0.042703533}},{"id":"신라왕족발보쌈","permalink":"","username":"asdfg","text":"요구사항도 친절하게 들어주시고 감사합니다!","date":"Mon Dec 10 23:59:44 +0000 2018","retweets":"30","favorites":"20","mentions":[],"hashtags":[],"geo":"","raw":"요구사항도 친절하게 들어주시고 감사합니다!","polarity":{"com":0.006624424000000001,"pos":0.5159370197500001,"neg":0.29531490025000007,"neut":0.06620583725000001,"none":0.11591781875000003},"intensity":{"high":0.3623271889094182,"low":0.0992703532251824,"meium":0.42194700464451323,"none":0.11645545322088614},"expressive":{"dir-action":0.0016129032495967742,"dir-explicit":0.20825652844793585,"dir-speech":0.523655913869086,"indirect":0.15234254996191435,"writing-device":0.11413210447146697}},{"id":"신라왕족발보쌈","permalink":"","username":"asdfg","text":"양도 많고 엄청 맛있었습니다~~!","date":"Mon Dec 10 23:59:44 +0000 2018","retweets":"30","favorites":"20","mentions":[],"hashtags":[],"geo":"","raw":"양도 많고 엄청 맛있었습니다~~!","polarity":{"com":0,"pos":0.195652174,"neg":0.7826086955,"neut":0.0217391305,"none":0},"intensity":{"high":0.1304347825652174,"low":0.10869565205434782,"meium":0.7608695653804347,"none":0},"expressive":{"dir-action":0,"dir-explicit":0.2608695651304348,"dir-speech":0.6086956523043479,"indirect":0.1304347825652174,"writing-device":0}},{"id":"신라왕족발보쌈","permalink":"","username":"asdfg","text":"양도 많고 맛있어요","date":"Mon Dec 10 23:59:44 +0000 2018","retweets":"30","favorites":"20","mentions":[],"hashtags":[],"geo":"","raw":"양도 많고 맛있어요","polarity":{"com":0,"pos":0.195652174,"neg":0.7826086955,"neut":0.0217391305,"none":0},"intensity":{"high":0.1304347825652174,"low":0.10869565205434782,"meium":0.7608695653804347,"none":0},"expressive":{"dir-action":0,"dir-explicit":0.2608695651304348,"dir-speech":0.6086956523043479,"indirect":0.1304347825652174,"writing-device":0}},{"id":"신라왕족발보쌈","permalink":"","username":"asdfg","text":"넘 맛있어요..가격 양 배달시간 만족이요","date":"Mon Dec 10 23:59:44 +0000 2018","retweets":"30","favorites":"20","mentions":[],"hashtags":[],"geo":"","raw":"넘 맛있어요..가격 양 배달시간 만족이요","polarity":{"com":0,"pos":0.5,"neg":0.5,"neut":0,"none":0},"intensity":{"high":0,"low":0,"meium":1,"none":0},"expressive":{"dir-action":0,"dir-explicit":0.25,"dir-speech":0.5,"indirect":0.25,"writing-device":0}},{"id":"신라왕족발보쌈","permalink":"","username":"asdfg","text":"상추는 조금 적었지만 맛은 굿!\n식어서 와서 큰 기대 안했는데 누린내 안나고 맛있네요","date":"Mon Dec 10 23:59:44 +0000 2018","retweets":"30","favorites":"20","mentions":[],"hashtags":[],"geo":"","raw":"상추는 조금 적었지만 맛은 굿!\n식어서 와서 큰 기대 안했는데 누린내 안나고 맛있네요","polarity":{"com":0.0021505376671445637,"pos":0.568355393904079,"neg":0.2974129593994251,"neut":0.12015643480447921,"none":0.01192467422487215},"intensity":{"high":0.07509348033333334,"low":0.12109516155555555,"meium":0.7878163175555555,"none":0.015995040555555555},"expressive":{"dir-action":0.0007168458888888887,"dir-explicit":0.19715919911111107,"dir-speech":0.4739875582222222,"indirect":0.3144480541111111,"writing-device":0.013688342666666664}},{"id":"신라왕족발보쌈","permalink":"","username":"asdfg","text":"맛있게 먹었습니다\n족발이 부드럽다 못해 흐물거림\n암튼 좀더 쫄깃 거렸음 좋겠습니다","date":"Mon Dec 10 23:59:44 +0000 2018","retweets":"30","favorites":"20","mentions":[],"hashtags":[],"geo":"","raw":"맛있게 먹었습니다\n족발이 부드럽다 못해 흐물거림\n암튼 좀더 쫄깃 거렸음 좋겠습니다","polarity":{"com":0.020291015829951495,"pos":0.32082100044652984,"neg":0.6236652565627224,"neut":0.020431414329928097,"none":0.014791312830868115},"intensity":{"high":0.07819818002606606,"low":0.09903212069967736,"meium":0.8129912986043304,"none":0.009778400669926132},"expressive":{"dir-action":0.0007342143334557024,"dir-explicit":0.21472612603578764,"dir-speech":0.5124579892520763,"indirect":0.25655614320942605,"writing-device":0.015525527169254254}},{"id":"신라왕족발보쌈","permalink":"","username":"asdfg","text":"월드컵 하는 날 시켜서 먹었어요~ 배달빨리해주셔서 보면서 게임 즐겼네요~^^","date":"Mon Dec 10 23:59:44 +0000 2018","retweets":"30","favorites":"20","mentions":[],"hashtags":[],"geo":"","raw":"월드컵 하는 날 시켜서 먹었어요~ 배달빨리해주셔서 보면서 게임 즐겼네요~^^","polarity":{"com":0.08066502470276213,"pos":0.48481116564502696,"neg":0.3411330050941239,"neut":0.03160919528119869,"none":0.06178160927688834},"intensity":{"high":0.07252326226499335,"low":0.0797755884057784,"meium":0.7826354677763898,"none":0.06506568155283837},"expressive":{"dir-action":0.003284072287121745,"dir-explicit":0.19677066222718742,"dir-speech":0.5090996169324713,"indirect":0.21325944180568263,"writing-device":0.07758620674753695}},{"id":"신라왕족발보쌈","permalink":"","username":"asdfg","text":"맜있고 양 많아요 정말 배부르게 먹고왔어요","date":"Mon Dec 10 23:59:44 +0000 2018","retweets":"30","favorites":"20","mentions":[],"hashtags":[],"geo":"","raw":"맜있고 양 많아요 정말 배부르게 먹고왔어요","polarity":{"com":0,"pos":0.5829451345000001,"neg":0.30797101450000003,"neut":0.046583851,"none":0.06250000000000001},"intensity":{"high":0.289423740572356,"low":0.1456176672864044,"meium":0.5024585921256146,"none":0.062500000015625},"expressive":{"dir-action":0,"dir-explicit":0.41813319525000003,"dir-speech":0.41843512775,"indirect":0.100931677,"writing-device":0.0625}},{"id":"신라왕족발보쌈","permalink":"","username":"asdfg","text":"메뉴에 식혜가 있던데 캔식혜를 안주시네여. \n쟁반국수는 맛있었습니다.","date":"Mon Dec 10 23:59:44 +0000 2018","retweets":"30","favorites":"20","mentions":[],"hashtags":[],"geo":"","raw":"메뉴에 식혜가 있던데 캔식혜를 안주시네여. \n쟁반국수는 맛있었습니다.","polarity":{"com":0.011146496755573249,"pos":0.6106331743053167,"neg":0.27796849313898425,"neut":0.05768329327884165,"none":0.042568542521284274},"intensity":{"high":0.041375998500000004,"low":0.385233132,"meium":0.530822327,"none":0.0425685425},"expressive":{"dir-action":0.003184713497611465,"dir-explicit":0.22931774532801166,"dir-speech":0.31446631926415025,"indirect":0.40490206869632345,"writing-device":0.04812915321390313}},{"id":"신라왕족발보쌈","permalink":"","username":"asdfg","text":"다괜찮았아요 잘먹었어요","date":"Mon Dec 10 23:59:44 +0000 2018","retweets":"30","favorites":"20","mentions":[],"hashtags":[],"geo":"","raw":"다괜찮았아요 잘먹었어요","polarity":{"com":0,"pos":0.7142857143571428,"neg":0.10714285705357143,"neut":0.035714285517857144,"none":0.14285714307142858},"intensity":{"high":0.1428571429285714,"low":0.10714285694642856,"meium":0.6071428571964285,"none":0.1428571429285714},"expressive":{"dir-action":0,"dir-explicit":0.3214285713392857,"dir-speech":0.21428571439285712,"indirect":0.3214285713392857,"writing-device":0.1428571429285714}},{"id":"신라왕족발보쌈","permalink":"","username":"asdfg","text":"양도많고 막국수도 서비스로오는건데 그냥 주문한것처럼 맛있어요\n몇번을시켜먹었는지몰라요\n정말맛있엉ᆢㄷ","date":"Mon Dec 10 23:59:44 +0000 2018","retweets":"30","favorites":"20","mentions":[],"hashtags":[],"geo":"","raw":"양도많고 막국수도 서비스로오는건데 그냥 주문한것처럼 맛있어요\n몇번을시켜먹었는지몰라요\n정말맛있엉ᆢㄷ","polarity":{"com":0.006196760272727271,"pos":0.29677965781818183,"neg":0.44701017390909087,"neut":0.07871284472727272,"none":0.17130056327272725},"intensity":{"high":0.14645199736363634,"low":0.07299679818181817,"meium":0.6090551377272727,"none":0.17149606672727272},"expressive":{"dir-action":0.0005865102727272728,"dir-explicit":0.20432930790909093,"dir-speech":0.493011461,"indirect":0.12601025281818182,"writing-device":0.176062468}},{"id":"신라왕족발보쌈","permalink":"","username":"asdfg","text":"보쌈은 무조건 여기서 시켜먹습니다 \n맛도 좋고 배달이 총알이에요!!!","date":"Mon Dec 10 23:59:44 +0000 2018","retweets":"30","favorites":"20","mentions":[],"hashtags":[],"geo":"","raw":"보쌈은 무조건 여기서 시켜먹습니다 \n맛도 좋고 배달이 총알이에요!!!","polarity":{"com":0.0028248588333333333,"pos":0.6848775893333333,"neg":0.2943314501666666,"neut":0.005649717499999998,"none":0.012316384166666665},"intensity":{"high":0.06880100434480017,"low":0.0663025736777171,"meium":0.8525800378087633,"none":0.012316384168719397},"expressive":{"dir-action":0,"dir-explicit":0.18223477716666667,"dir-speech":0.7561833020000001,"indirect":0.049265536666666665,"writing-device":0.012316384166666666}},{"id":"신라왕족발보쌈","permalink":"","username":"asdfg","text":"맛있어요~\n매번잘먹고있습니다","date":"Mon Dec 10 23:59:44 +0000 2018","retweets":"30","favorites":"20","mentions":[],"hashtags":[],"geo":"","raw":"맛있어요~\n매번잘먹고있습니다","polarity":{"com":0,"pos":0.35714285717857136,"neg":0.6071428573035714,"neut":0.03571428551785714,"none":0},"intensity":{"high":0,"low":0.107142857,"meium":0.8928571430000001,"none":0},"expressive":{"dir-action":0,"dir-explicit":0.107142857,"dir-speech":0.5714285715,"indirect":0.3214285715,"writing-device":0}},{"id":"신라왕족발보쌈","permalink":"","username":"asdfg","text":"맛잇게 잘먹엇어용~","date":"Mon Dec 10 23:59:44 +0000 2018","retweets":"30","favorites":"20","mentions":[],"hashtags":[],"geo":"","raw":"맛잇게 잘먹엇어용~","polarity":{"com":0,"pos":0.8571428574285714,"neg":0.10714285705357143,"neut":0.035714285517857144,"none":0},"intensity":{"high":0,"low":0.107142857,"meium":0.8928571430000001,"none":0},"expressive":{"dir-action":0,"dir-explicit":0.107142857,"dir-speech":0.5714285715,"indirect":0.3214285715,"writing-device":0}},{"id":"신라왕족발보쌈","permalink":"","username":"asdfg","text":"배달 빨리 빨리와요.","date":"Mon Dec 10 23:59:44 +0000 2018","retweets":"30","favorites":"20","mentions":[],"hashtags":[],"geo":"","raw":"배달 빨리 빨리와요.","polarity":{"com":0,"pos":0.75,"neg":0.25,"neut":0,"none":0},"intensity":{"high":0,"low":0,"meium":1,"none":0},"expressive":{"dir-action":0,"dir-explicit":0.25,"dir-speech":0.5,"indirect":0.25,"writing-device":0}},{"id":"신라왕족발보쌈","permalink":"","username":"asdfg","text":"와 동넨데... 첨 시캬먹어봣눈디 ㅋㅋㅋ 맛있네용","date":"Mon Dec 10 23:59:44 +0000 2018","retweets":"30","favorites":"20","mentions":[],"hashtags":[],"geo":"","raw":"와 동넨데... 첨 시캬먹어봣눈디 ㅋㅋㅋ 맛있네용","polarity":{"com":0.014285714202857142,"pos":0.2666666666533334,"neg":0.6047619049209524,"neut":0.11428571422285715,"none":0},"intensity":{"high":0.25079365080000005,"low":0.05873015859999999,"meium":0.6904761906,"none":0},"expressive":{"dir-action":0,"dir-explicit":0.15873015863174603,"dir-speech":0.4698412698939683,"indirect":0.3714285714742857,"writing-device":0}},{"id":"신라왕족발보쌈","permalink":"","username":"asdfg","text":"가격대비 괜찮네요..","date":"Mon Dec 10 23:59:44 +0000 2018","retweets":"30","favorites":"20","mentions":[],"hashtags":[],"geo":"","raw":"가격대비 괜찮네요..","polarity":{"com":0,"pos":1,"neg":0,"neut":0,"none":0},"intensity":{"high":0,"low":0,"meium":1,"none":0},"expressive":{"dir-action":0,"dir-explicit":0,"dir-speech":0,"indirect":1,"writing-device":0}},{"id":"신라왕족발보쌈","permalink":"","username":"asdfg","text":"리뷰가 많이 늦긴했지만 ㅋㅋ\n\n신라족발은 항상 진리입니다♥\n\n막국수는 제가 빼고 김치를 더 달라해서\n없는거구요. \n\n족발 쫄깃하고 넘나 맛있음!! 살도 많아요!!\n굿!!!!","date":"Mon Dec 10 23:59:44 +0000 2018","retweets":"30","favorites":"20","mentions":[],"hashtags":[],"geo":"","raw":"리뷰가 많이 늦긴했지만 ㅋㅋ\n\n신라족발은 항상 진리입니다♥\n\n막국수는 제가 빼고 김치를 더 달라해서\n없는거구요. \n\n족발 쫄깃하고 넘나 맛있음!! 살도 많아요!!\n굿!!!!","polarity":{"com":0.007595929000446819,"pos":0.4385464115552086,"neg":0.42441991443673055,"neut":0.03779674606104687,"none":0.09164099894656713},"intensity":{"high":0.11275806742503036,"low":0.19152583596370895,"meium":0.6019750831296442,"none":0.09374101348161659},"expressive":{"dir-action":0.0015289122943874548,"dir-explicit":0.30564910846570276,"dir-speech":0.30086522081779976,"indirect":0.2838581746971514,"writing-device":0.10809858372495855}},{"id":"신라왕족발보쌈","permalink":"","username":"asdfg","text":"항상 친절하시고 맛있습니다","date":"Mon Dec 10 23:59:44 +0000 2018","retweets":"30","favorites":"20","mentions":[],"hashtags":[],"geo":"","raw":"항상 친절하시고 맛있습니다","polarity":{"com":0.006451612999999999,"pos":0.505376344,"neg":0.4508960573333334,"neut":0.027956989333333335,"none":0.009318996333333334},"intensity":{"high":0.04659498199999999,"low":0.038709677333333324,"meium":0.9046594983333333,"none":0.010035842333333331},"expressive":{"dir-action":0.002150537666666667,"dir-explicit":0.271326165,"dir-speech":0.5982078853333334,"indirect":0.11899641566666667,"writing-device":0.009318996333333334}},{"id":"신라왕족발보쌈","permalink":"","username":"asdfg","text":"야식으로 출출할때 먹기 괜찮네요","date":"Mon Dec 10 23:59:44 +0000 2018","retweets":"30","favorites":"20","mentions":[],"hashtags":[],"geo":"","raw":"야식으로 출출할때 먹기 괜찮네요","polarity":{"com":0.003831417665389527,"pos":0.33710604688763124,"neg":0.3077461952307513,"neut":0.13636950662121014,"none":0.21494683359501773},"intensity":{"high":0.07985316166666667,"low":0.155526595,"meium":0.545841992,"none":0.2187782513333333},"expressive":{"dir-action":0.0038314176666666665,"dir-explicit":0.17417100100000002,"dir-speech":0.45560212733333333,"indirect":0.09875586566666666,"writing-device":0.26763958833333334}},{"id":"신라왕족발보쌈","permalink":"","username":"asdfg","text":"ㅂㄷㅅㅁㄷ귿ㅎㄱㄴㅌ","date":"Mon Dec 10 23:59:44 +0000 2018","retweets":"30","favorites":"20","mentions":[],"hashtags":[],"geo":"","raw":"ㅂㄷㅅㅁㄷ귿ㅎㄱㄴㅌ","polarity":{"com":0.13636363613636365,"pos":0.3181818183181818,"neg":0.4090909094090909,"neut":0.04545454504545454,"none":0.09090909109090908},"intensity":{"high":0.090909091,"low":0.045454545,"meium":0.772727273,"none":0.090909091},"expressive":{"dir-action":0,"dir-explicit":0.045454545,"dir-speech":0.772727273,"indirect":0.090909091,"writing-device":0.090909091}},{"id":"신라왕족발보쌈","permalink":"","username":"asdfg","text":"야식은 역시 족발 입니다","date":"Mon Dec 10 23:59:44 +0000 2018","retweets":"30","favorites":"20","mentions":[],"hashtags":[],"geo":"","raw":"야식은 역시 족발 입니다","polarity":{"com":0.019912485000000004,"pos":0.37077655900000006,"neg":0.418549906,"neut":0.06270078650000001,"none":0.12806026350000002},"intensity":{"high":0.11457294761457294,"low":0.10864628310864628,"meium":0.6487205056487205,"none":0.12806026362806025},"expressive":{"dir-action":0,"dir-explicit":0.3447435475,"dir-speech":0.3809682065,"indirect":0.13642406099999999,"writing-device":0.137864185}},{"id":"신라왕족발보쌈","permalink":"","username":"asdfg","text":"맛있습니당 양도많고 배달도 빨라요 근데 무김치가 너무 부족해요ㅠㅠ","date":"Mon Dec 10 23:59:44 +0000 2018","retweets":"30","favorites":"20","mentions":[],"hashtags":[],"geo":"","raw":"맛있습니당 양도많고 배달도 빨라요 근데 무김치가 너무 부족해요ㅠㅠ","polarity":{"com":0.0035714286,"pos":0.48214285720000005,"neg":0.4928571428,"neut":0.0160714286,"none":0.0053571428},"intensity":{"high":0.0321428572,"low":0.12142857139999999,"meium":0.8392857141999999,"none":0.007142857199999998},"expressive":{"dir-action":0,"dir-explicit":0.275,"dir-speech":0.5625,"indirect":0.15714285719999999,"writing-device":0.0053571428}},{"id":"신라왕족발보쌈","permalink":"","username":"asdfg","text":"친구랑 배고파서 새벽에 시켜먹었는데 사장님도 친절하시고 양도 많아서 맛있게 잘 먹었습니다~","date":"Mon Dec 10 23:59:44 +0000 2018","retweets":"30","favorites":"20","mentions":[],"hashtags":[],"geo":"","raw":"친구랑 배고파서 새벽에 시켜먹었는데 사장님도 친절하시고 양도 많아서 맛있게 잘 먹었습니다~","polarity":{"com":0.0044162826674027135,"pos":0.3615563568935927,"neg":0.5212382289202063,"neut":0.0355105856725851,"none":0.07727854584621309},"intensity":{"high":0.10910379418485064,"low":0.1473856643578976,"meium":0.665873572610979,"none":0.07763696884627283},"expressive":{"dir-action":0.0010752688333333334,"dir-explicit":0.24298997450000004,"dir-speech":0.4554416468333333,"indirect":0.22440504016666665,"writing-device":0.07608806966666666}},{"id":"신라왕족발보쌈","permalink":"","username":"asdfg","text":"보쌈, 쟁반국수쫄깃 맛있어요","date":"Mon Dec 10 23:59:44 +0000 2018","retweets":"30","favorites":"20","mentions":[],"hashtags":[],"geo":"","raw":"보쌈, 쟁반국수쫄깃 맛있어요","polarity":{"com":0,"pos":0,"neg":1,"neut":0,"none":0},"intensity":{"high":0,"low":0,"meium":1,"none":0},"expressive":{"dir-action":0,"dir-explicit":0,"dir-speech":1,"indirect":0,"writing-device":0}},{"id":"신라왕족발보쌈","permalink":"","username":"asdfg","text":"양도넉넉 하고먹을만해\n요","date":"Mon Dec 10 23:59:44 +0000 2018","retweets":"30","favorites":"20","mentions":[],"hashtags":[],"geo":"","raw":"양도넉넉 하고먹을만해\n요","polarity":{"com":0.006212369999999999,"pos":0.28981937566666666,"neg":0.465845649,"neut":0.027750410333333336,"none":0.210372195},"intensity":{"high":0.12297026095900991,"low":0.15431490594856173,"meium":0.508511220497163,"none":0.21420361259526546},"expressive":{"dir-action":0.003831417666666667,"dir-explicit":0.1896186826666667,"dir-speech":0.4971902936666667,"indirect":0.08987411066666667,"writing-device":0.21948549533333336}},{"id":"신라왕족발보쌈","permalink":"","username":"asdfg","text":"잘먹었습니다 잘먹었어오","date":"Mon Dec 10 23:59:44 +0000 2018","retweets":"30","favorites":"20","mentions":[],"hashtags":[],"geo":"","raw":"잘먹었습니다 잘먹었어오","polarity":{"com":0,"pos":0.7619047621746031,"neg":0.14285714276190475,"neut":0.09523809506349204,"none":0},"intensity":{"high":0.09523809533333333,"low":0.19047619033333332,"meium":0.7142857143333333,"none":0},"expressive":{"dir-action":0,"dir-explicit":0.28571428557142853,"dir-speech":0.23809523825396822,"indirect":0.47619047617460314,"writing-device":0}},{"id":"신라왕족발보쌈","permalink":"","username":"asdfg","text":"양도 많구 맛도 훌륭합니다👏👏👏\n자주시켜먹을꺼같아요 감사히 잘먹었습니다👍\n우리동네 맛집인정🌸🌸","date":"Mon Dec 10 23:59:44 +0000 2018","retweets":"30","favorites":"20","mentions":[],"hashtags":[],"geo":"","raw":"양도 많구 맛도 훌륭합니다👏👏👏\n자주시켜먹을꺼같아요 감사히 잘먹었습니다👍\n우리동네 맛집인정🌸🌸","polarity":{"com":0.015384615401538466,"pos":0.6493257948649327,"neg":0.2809417636280942,"neut":0.025776397502577642,"none":0.028571428602857146},"intensity":{"high":0.07108085150000001,"low":0.095304454,"meium":0.8050432659,"none":0.028571428599999997},"expressive":{"dir-action":0.005555555600555554,"dir-explicit":0.2376439985237644,"dir-speech":0.4195413282419541,"indirect":0.3039257843303926,"writing-device":0.03333333330333333}},{"id":"신라왕족발보쌈","permalink":"","username":"asdfg","text":"요기요에 올라오기전부터 자주 먹던곳이에요.\n다른데서도 먹어보긴했는데 여기만큼 만족스럽지않아서\n항상 신라에서만 먹엇는데 요기요에도 생겼네요.\n오늘은 제가 막국수 빼달래서 없는거고.\n평소 먹는 막국수도 너무 맛있어요!!\n요청사항도 잘 들어주시고\n배달 정말 빠릅니다! 고기도 좋아요!\n강추!!","date":"Mon Dec 10 23:59:44 +0000 2018","retweets":"30","favorites":"20","mentions":[],"hashtags":[],"geo":"","raw":"요기요에 올라오기전부터 자주 먹던곳이에요.\n다른데서도 먹어보긴했는데 여기만큼 만족스럽지않아서\n항상 신라에서만 먹엇는데 요기요에도 생겼네요.\n오늘은 제가 막국수 빼달래서 없는거고.\n평소 먹는 막국수도 너무 맛있어요!!\n요청사항도 잘 들어주시고\n배달 정말 빠릅니다! 고기도 좋아요!\n강추!!","polarity":{"com":0.013633295444444443,"pos":0.4353997842962962,"neg":0.3400781351851852,"neut":0.07384869685185184,"none":0.13704008822222222},"intensity":{"high":0.13036522881481483,"low":0.07232354796296298,"meium":0.6594858390370371,"none":0.1378253841851852},"expressive":{"dir-action":0.0004257130740110054,"dir-explicit":0.2604495017021556,"dir-speech":0.4469199250078637,"indirect":0.14097988223837335,"writing-device":0.1512249779775963}},{"id":"신라왕족발보쌈","permalink":"","username":"asdfg","text":"맛있거 푸짐해요 또 시켜먹어야겟당 ㅎ","date":"Mon Dec 10 23:59:44 +0000 2018","retweets":"30","favorites":"20","mentions":[],"hashtags":[],"geo":"","raw":"맛있거 푸짐해요 또 시켜먹어야겟당 ㅎ","polarity":{"com":0.006006005998498498,"pos":0.5222007721194498,"neg":0.3503861004124034,"neut":0.008258258247935435,"none":0.11314886322171278},"intensity":{"high":0.05630630625,"low":0.0765765765,"meium":0.75321750325,"none":0.113899614},"expressive":{"dir-action":0.00075075075,"dir-explicit":0.16934791924999998,"dir-speech":0.5383955385,"indirect":0.141891892,"writing-device":0.1496138995}},{"id":"신라왕족발보쌈","permalink":"","username":"asdfg","text":"가격대비 양도 많고 맛있네요","date":"Mon Dec 10 23:59:44 +0000 2018","retweets":"30","favorites":"20","mentions":[],"hashtags":[],"geo":"","raw":"가격대비 양도 많고 맛있네요","polarity":{"com":0,"pos":0.46376811599999995,"neg":0.5217391303333333,"neut":0.014492753666666663,"none":0},"intensity":{"high":0.08695652169565217,"low":0.07246376802415458,"meium":0.8405797102801932,"none":0},"expressive":{"dir-action":0,"dir-explicit":0.17391304339130437,"dir-speech":0.40579710146859904,"indirect":0.4202898551400967,"writing-device":0}},{"id":"신라왕족발보쌈","permalink":"","username":"asdfg","text":"배달이 10분만에 와서 잘못온줄알았어요 ㅋㅋ맛있게 질먹었습니다","date":"Mon Dec 10 23:59:44 +0000 2018","retweets":"30","favorites":"20","mentions":[],"hashtags":[],"geo":"","raw":"배달이 10분만에 와서 잘못온줄알았어요 ㅋㅋ맛있게 질먹었습니다","polarity":{"com":0,"pos":0.4166666666666667,"neg":0.5,"neut":0.08333333333333333,"none":0},"intensity":{"high":0.08333333333333333,"low":0.16666666666666666,"meium":0.75,"none":0},"expressive":{"dir-action":0,"dir-explicit":0.08333333333333333,"dir-speech":0.4166666666666667,"indirect":0.3333333333333333,"writing-device":0.16666666666666666}},{"id":"신라왕족발보쌈","permalink":"","username":"asdfg","text":"음 먹을만 하네요..","date":"Mon Dec 10 23:59:44 +0000 2018","retweets":"30","favorites":"20","mentions":[],"hashtags":[],"geo":"","raw":"음 먹을만 하네요..","polarity":{"com":0,"pos":0.458333333,"neg":0.3333333335,"neut":0,"none":0.2083333335},"intensity":{"high":0.097222222,"low":0.111111111,"meium":0.5833333334999999,"none":0.2083333335},"expressive":{"dir-action":0,"dir-explicit":0.2777777775,"dir-speech":0.388888889,"indirect":0.125,"writing-device":0.2083333335}},{"id":"신라왕족발보쌈","permalink":"","username":"asdfg","text":"배송도빠르고 맛도최고입니닷\n또시켜먹을께요\n김치대박맛나요","date":"Mon Dec 10 23:59:44 +0000 2018","retweets":"30","favorites":"20","mentions":[],"hashtags":[],"geo":"","raw":"배송도빠르고 맛도최고입니닷\n또시켜먹을께요\n김치대박맛나요","polarity":{"com":0.003785385142316373,"pos":0.5850705872021329,"neg":0.26965840110433453,"neut":0.014022383140853946,"none":0.1274632434103624},"intensity":{"high":0.1673615682857143,"low":0.064662424,"meium":0.6402055445714286,"none":0.12777046314285714},"expressive":{"dir-action":0.0009216589998683344,"dir-explicit":0.12353887798235158,"dir-speech":0.5225879599253446,"indirect":0.20610050468484278,"writing-device":0.14685099840759272}},{"id":"신라왕족발보쌈","permalink":"","username":"asdfg","text":"보쌈  중 시켰는데  둘이먹어도 많이 남았어요\n양도푸짐하고 맛있었어요!","date":"Mon Dec 10 23:59:44 +0000 2018","retweets":"30","favorites":"20","mentions":[],"hashtags":[],"geo":"","raw":"보쌈  중 시켰는데  둘이먹어도 많이 남았어요\n양도푸짐하고 맛있었어요!","polarity":{"com":0.010333980833333334,"pos":0.4319916203333333,"neg":0.4384936541666667,"neut":0.04108926416666667,"none":0.07809148049999999},"intensity":{"high":0.06044968817674161,"low":0.203236212867206,"meium":0.656987903609498,"none":0.07932619534655437},"expressive":{"dir-action":0.0012347148333333331,"dir-explicit":0.3001687338333333,"dir-speech":0.4400354098333332,"indirect":0.1804254223333333,"writing-device":0.07813571916666665}},{"id":"신라왕족발보쌈","permalink":"","username":"asdfg","text":"보쌈은 중랑구중에 여기가 최고인것같아요~^^","date":"Mon Dec 10 23:59:44 +0000 2018","retweets":"30","favorites":"20","mentions":[],"hashtags":[],"geo":"","raw":"보쌈은 중랑구중에 여기가 최고인것같아요~^^","polarity":{"com":0.0033898305993220346,"pos":0.5893682586821264,"neg":0.28459167954308173,"neut":0.02496147919500771,"none":0.09768875198046227},"intensity":{"high":0.2203389830440678,"low":0.09378531061875706,"meium":0.5881869543176375,"none":0.09768875201953775},"expressive":{"dir-action":0,"dir-explicit":0.24211607615157676,"dir-speech":0.41489470971702114,"indirect":0.2453004621509399,"writing-device":0.09768875198046224}},{"id":"신라왕족발보쌈","permalink":"","username":"asdfg","text":"일단 양이엄청나네요.. 맛도좋구요 족발이 살짝 식어있는게 그랬지만 오히려 더 쫄깃한 맛이있었던거 같아요","date":"Mon Dec 10 23:59:44 +0000 2018","retweets":"30","favorites":"20","mentions":[],"hashtags":[],"geo":"","raw":"일단 양이엄청나네요.. 맛도좋구요 족발이 살짝 식어있는게 그랬지만 오히려 더 쫄깃한 맛이있었던거 같아요","polarity":{"com":0.005315799916223684,"pos":0.49485264779209565,"neg":0.3257573073061869,"neut":0.025891599997842372,"none":0.1481826449876515},"intensity":{"high":0.21178391001764868,"low":0.04504861117042073,"meium":0.594367476382864,"none":0.14880000242906669},"expressive":{"dir-action":0.0006173574167181132,"dir-explicit":0.21504417560125372,"dir-speech":0.31658236710971516,"indirect":0.23562276410296856,"writing-device":0.23213333576934447}},{"id":"신라왕족발보쌈","permalink":"","username":"asdfg","text":"맛있게 잘먹었어요~~ 쟁반국수도푸짐하네요~~\n아빠가 입맛이 까다로우신편이신데 정말 맛있다고 하시네요~~ㅋㅋ","date":"Mon Dec 10 23:59:44 +0000 2018","retweets":"30","favorites":"20","mentions":[],"hashtags":[],"geo":"","raw":"맛있게 잘먹었어요~~ 쟁반국수도푸짐하네요~~\n아빠가 입맛이 까다로우신편이신데 정말 맛있다고 하시네요~~ㅋㅋ","polarity":{"com":0.008166459778685162,"pos":0.5605267981733919,"neg":0.2991101038110122,"neut":0.030646506892294055,"none":0.10155013134461667},"intensity":{"high":0.10862673977777777,"low":0.18569454266666668,"meium":0.6020283037777778,"none":0.10365041377777778},"expressive":{"dir-action":0.0021002824446778095,"dir-explicit":0.19859208535539913,"dir-speech":0.3953304240439256,"indirect":0.29856616681095177,"writing-device":0.10541104134504566}},{"id":"신라왕족발보쌈","permalink":"","username":"asdfg","text":"늦은시간에 덕분에 맛있게먹었습니다!","date":"Mon Dec 10 23:59:44 +0000 2018","retweets":"30","favorites":"20","mentions":[],"hashtags":[],"geo":"","raw":"늦은시간에 덕분에 맛있게먹었습니다!","polarity":{"com":0,"pos":0.14583333325,"neg":0.85416666675,"neut":0,"none":0},"intensity":{"high":0.09027777775,"low":0.0555555555,"meium":0.85416666675,"none":0},"expressive":{"dir-action":0,"dir-explicit":0.11805555549999999,"dir-speech":0.5694444445,"indirect":0.3125,"writing-device":0}},{"id":"신라왕족발보쌈","permalink":"","username":"asdfg","text":"저렴하게 잘 먹었습니다.\n고기를 좀만 더 두껍게 썰어주심 더 좋을 것 같아요","date":"Mon Dec 10 23:59:44 +0000 2018","retweets":"30","favorites":"20","mentions":[],"hashtags":[],"geo":"","raw":"저렴하게 잘 먹었습니다.\n고기를 좀만 더 두껍게 썰어주심 더 좋을 것 같아요","polarity":{"com":0.0034320034285714295,"pos":0.5876370845714286,"neg":0.151163061,"neut":0.1831896024285714,"none":0.07457824857142858},"intensity":{"high":0.11257530814285713,"low":0.055046617142857135,"meium":0.7573708257142858,"none":0.075007249},"expressive":{"dir-action":0.0004290004285101428,"dir-explicit":0.38251230980249823,"dir-speech":0.3313018915240997,"indirect":0.2107495492556072,"writing-device":0.07500724898928468}},{"id":"신라왕족발보쌈","permalink":"","username":"asdfg","text":"배달 맛 모두 만족 합니다","date":"Mon Dec 10 23:59:44 +0000 2018","retweets":"30","favorites":"20","mentions":[],"hashtags":[],"geo":"","raw":"배달 맛 모두 만족 합니다","polarity":{"com":0.0038314176666666665,"pos":0.77394636,"neg":0.134099617,"neut":0.02298850566666667,"none":0.06513409966666667},"intensity":{"high":0.03831417632056194,"low":0.04214559398595147,"meium":0.8505747123831418,"none":0.06896551731034482},"expressive":{"dir-action":0.003831417667943805,"dir-explicit":0.05363984668454661,"dir-speech":0.8045977012681992,"indirect":0.061302682020434214,"writing-device":0.0766283523588761}},{"id":"신라왕족발보쌈","permalink":"","username":"asdfg","text":"여긴 진짜 양은 굉장해요ㅎㅎ  살짝 아쉽다면\n어쩔수 없는거겠지만 앞발뒷발 섞여있네요 뭐\n어쩔수없는거겠죠ㅎ 잘먹었습니다","date":"Mon Dec 10 23:59:44 +0000 2018","retweets":"30","favorites":"20","mentions":[],"hashtags":[],"geo":"","raw":"여긴 진짜 양은 굉장해요ㅎㅎ  살짝 아쉽다면\n어쩔수 없는거겠지만 앞발뒷발 섞여있네요 뭐\n어쩔수없는거겠죠ㅎ 잘먹었습니다","polarity":{"com":0.03535887591961325,"pos":0.3541247663628438,"neg":0.5455483933787958,"neut":0.022641103585220097,"none":0.04232686075352725},"intensity":{"high":0.12215075242684591,"low":0.10005247367500437,"meium":0.7352196628946017,"none":0.04257711100354809},"expressive":{"dir-action":0.00025025025,"dir-explicit":0.21925981674999998,"dir-speech":0.4382446610833333,"indirect":0.28300149425,"writing-device":0.059243777666666664}},{"id":"신라왕족발보쌈","permalink":"","username":"asdfg","text":"너무 맛있고 양도 많았어요","date":"Mon Dec 10 23:59:44 +0000 2018","retweets":"30","favorites":"20","mentions":[],"hashtags":[],"geo":"","raw":"너무 맛있고 양도 많았어요","polarity":{"com":0.07142857150000001,"pos":0.26708074550000005,"neg":0.6397515525,"neut":0.021739130500000002,"none":0},"intensity":{"high":0.20186335410093165,"low":0.1801242235900621,"meium":0.6180124223090062,"none":0},"expressive":{"dir-action":0,"dir-explicit":0.5465838507732919,"dir-speech":0.2515527951257764,"indirect":0.20186335410093165,"writing-device":0}},{"id":"신라왕족발보쌈","permalink":"","username":"asdfg","text":"세번째 시켜먹어요 족발과 막국수가 맛있어요!","date":"Mon Dec 10 23:59:44 +0000 2018","retweets":"30","favorites":"20","mentions":[],"hashtags":[],"geo":"","raw":"세번째 시켜먹어요 족발과 막국수가 맛있어요!","polarity":{"com":0.0089285715,"pos":0.3720238095,"neg":0.5654761905,"neut":0.0401785715,"none":0.013392857},"intensity":{"high":0.1359126985,"low":0.1646825395,"meium":0.681547619,"none":0.017857143},"expressive":{"dir-action":0,"dir-explicit":0.298611111,"dir-speech":0.545138889,"indirect":0.142857143,"writing-device":0.013392857}},{"id":"신라왕족발보쌈","permalink":"","username":"asdfg","text":"배달은 빠른데요 아 진짜 이거먹고 아빠랑 둘이 배탈나서 하루종일 화장실에 갔거든요?진짜 죽는줄알았어요;","date":"Mon Dec 10 23:59:44 +0000 2018","retweets":"30","favorites":"20","mentions":[],"hashtags":[],"geo":"","raw":"배달은 빠른데요 아 진짜 이거먹고 아빠랑 둘이 배탈나서 하루종일 화장실에 갔거든요?진짜 죽는줄알았어요;","polarity":{"com":0.1437124549090909,"pos":0.38001844645454547,"neg":0.3063015010909091,"neut":0.16090217354545452,"none":0.009065424},"intensity":{"high":0.08302751182572977,"low":0.154300918650391,"meium":0.7532056649775642,"none":0.009465904546315082},"expressive":{"dir-action":0.00040048054549095274,"dir-explicit":0.13764517419433137,"dir-speech":0.563280178687571,"indirect":0.19829917110893633,"writing-device":0.10037499546367046}},{"id":"신라왕족발보쌈","permalink":"","username":"asdfg","text":"나쁘지 않습니다 괞찬았어요","date":"Mon Dec 10 23:59:44 +0000 2018","retweets":"30","favorites":"20","mentions":[],"hashtags":[],"geo":"","raw":"나쁘지 않습니다 괞찬았어요","polarity":{"com":0,"pos":0,"neg":1,"neut":0,"none":0},"intensity":{"high":0.333333333,"low":0,"meium":0.666666667,"none":0},"expressive":{"dir-action":0,"dir-explicit":0.333333333,"dir-speech":0,"indirect":0.666666667,"writing-device":0}},{"id":"신라왕족발보쌈","permalink":"","username":"asdfg","text":"여기는 이사를 두 번하면서도 계속 시켜 먹고 있어요\n맛도 좋고 양도 많아서 좋아요\n배달하는 분도 친절합니다","date":"Mon Dec 10 23:59:44 +0000 2018","retweets":"30","favorites":"20","mentions":[],"hashtags":[],"geo":"","raw":"여기는 이사를 두 번하면서도 계속 시켜 먹고 있어요\n맛도 좋고 양도 많아서 좋아요\n배달하는 분도 친절합니다","polarity":{"com":0.005923640250493637,"pos":0.6145558551345464,"neg":0.30827948752568995,"neut":0.025935077502161258,"none":0.04530593958710883},"intensity":{"high":0.13028172726085685,"low":0.07258728167271562,"meium":0.7516458399793038,"none":0.04548515108712377},"expressive":{"dir-action":0.0015992055830667993,"dir-explicit":0.27821321595363113,"dir-speech":0.5361053395773158,"indirect":0.1388407518101932,"writing-device":0.04524148707579308}},{"id":"신라왕족발보쌈","permalink":"","username":"asdfg","text":"김치가 짱 맛있어요 쟁반국수도 맛있고요 잘먹었습니다 보쌈은 무조건 여기요ㅎㅎ","date":"Mon Dec 10 23:59:44 +0000 2018","retweets":"30","favorites":"20","mentions":[],"hashtags":[],"geo":"","raw":"김치가 짱 맛있어요 쟁반국수도 맛있고요 잘먹었습니다 보쌈은 무조건 여기요ㅎㅎ","polarity":{"com":0.005992736143713248,"pos":0.45645970249377993,"neg":0.43806641306258093,"neut":0.02856710471836673,"none":0.07091404358155916},"intensity":{"high":0.05789519200827074,"low":0.22447250074635322,"meium":0.6454427533779203,"none":0.07218955386745565},"expressive":{"dir-action":0,"dir-explicit":0.14945520583579214,"dir-speech":0.47352559664663924,"indirect":0.307125562098982,"writing-device":0.06989363541858663}},{"id":"신라왕족발보쌈","permalink":"","username":"asdfg","text":"맛 양은 좋으나 배달이 불친절","date":"Mon Dec 10 23:59:44 +0000 2018","retweets":"30","favorites":"20","mentions":[],"hashtags":[],"geo":"","raw":"맛 양은 좋으나 배달이 불친절","polarity":{"com":0.005649717666666667,"pos":0.7853107343333332,"neg":0.18644067799999997,"neut":0.011299434999999997,"none":0.011299434999999997},"intensity":{"high":0.03389830501129944,"low":0.04519774001506591,"meium":0.9096045199698681,"none":0.011299435003766477},"expressive":{"dir-action":0,"dir-explicit":0.09039548033333332,"dir-speech":0.8531073446666666,"indirect":0.045197739999999986,"writing-device":0.011299434999999997}},{"id":"신라왕족발보쌈","permalink":"","username":"asdfg","text":"양참많내욯ㅎㅎㅎㅎㅎ","date":"Mon Dec 10 23:59:44 +0000 2018","retweets":"30","favorites":"20","mentions":[],"hashtags":[],"geo":"","raw":"양참많내욯ㅎㅎㅎㅎㅎ","polarity":{"com":0,"pos":1,"neg":0,"neut":0,"none":0},"intensity":{"high":1,"low":0,"meium":0,"none":0},"expressive":{"dir-action":0,"dir-explicit":1,"dir-speech":0,"indirect":0,"writing-device":0}},{"id":"신라왕족발보쌈","permalink":"","username":"asdfg","text":"구성은  깔끔, 양은 보통, 배달 빠름\n\n보쌈김치니 ???","date":"Mon Dec 10 23:59:44 +0000 2018","retweets":"30","favorites":"20","mentions":[],"hashtags":[],"geo":"","raw":"구성은  깔끔, 양은 보통, 배달 빠름\n\n보쌈김치니 ???","polarity":{"com":0.035952748,"pos":0.6489470979999999,"neg":0.277349769,"neut":0.011299434999999998,"none":0.02645095},"intensity":{"high":0.049049820032699885,"low":0.09065228539376818,"meium":0.8338469445558979,"none":0.026450950017633968},"expressive":{"dir-action":0,"dir-explicit":0.18130457133333336,"dir-speech":0.5500770416666667,"indirect":0.242167437,"writing-device":0.026450950000000004}},{"id":"신라왕족발보쌈","permalink":"","username":"asdfg","text":"너무 좋아요 배달도 빠르고!\n배달해주신 사장님께서도 너무 친절하시고\n보쌈 막국수도 맛있고요\n함께 나오는 야채들도 상태가 좋아요\n신뢰가 가는 곳이에요!","date":"Mon Dec 10 23:59:44 +0000 2018","retweets":"30","favorites":"20","mentions":[],"hashtags":[],"geo":"","raw":"너무 좋아요 배달도 빠르고!\n배달해주신 사장님께서도 너무 친절하시고\n보쌈 막국수도 맛있고요\n함께 나오는 야채들도 상태가 좋아요\n신뢰가 가는 곳이에요!","polarity":{"com":0.07923608653236643,"pos":0.4984018669616613,"neg":0.3580822402801475,"neut":0.026552345536419046,"none":0.03772746068940558},"intensity":{"high":0.10186990437677922,"low":0.09556303906957204,"meium":0.7639873566335393,"none":0.038579699920109255},"expressive":{"dir-action":0.0004962779230387478,"dir-explicit":0.2566613493648722,"dir-speech":0.3836981567397155,"indirect":0.32196620582138713,"writing-device":0.037178010150986304}},{"id":"신라왕족발보쌈","permalink":"","username":"asdfg","text":"사장님직접오신건지,인상넘좋으세요.\n김치 넘 맛있단 말을 계속 안남겼는데\n넘 맛있어서 미식가 남편 여기서만 먹어요.\n현금결재하면 쿠폰주시네요.ㅎ\n담엣 새우젓이랑 쌈장 빼고주셔도 되는데.\n제 번호에 남겨주세요.\n새우젓 쌈장 빼기요.\n새한아파트\n2266요. 😙","date":"Mon Dec 10 23:59:44 +0000 2018","retweets":"30","favorites":"20","mentions":[],"hashtags":[],"geo":"","raw":"사장님직접오신건지,인상넘좋으세요.\n김치 넘 맛있단 말을 계속 안남겼는데\n넘 맛있어서 미식가 남편 여기서만 먹어요.\n현금결재하면 쿠폰주시네요.ㅎ\n담엣 새우젓이랑 쌈장 빼고주셔도 되는데.\n제 번호에 남겨주세요.\n새우젓 쌈장 빼기요.\n새한아파트\n2266요. 😙","polarity":{"com":0.03543267105465498,"pos":0.34815296001786433,"neg":0.5268791877027201,"neut":0.052262192346792684,"none":0.03727298887796788},"intensity":{"high":0.06733114252941176,"low":0.10084735188235291,"meium":0.7945485167058823,"none":0.037272988882352934},"expressive":{"dir-action":0,"dir-explicit":0.25384455426425356,"dir-speech":0.4873877729426603,"indirect":0.21696812303329788,"writing-device":0.04179954975978829}},{"id":"신라왕족발보쌈","permalink":"","username":"asdfg","text":"고기김치양에 놀라고  쟁반막국수 크기에 놀라고 맛에 한번 더 놀랐네요 .. 진짜 앞으론 여기서만 시켜먹을래요 추추추추추추천합니다  다른곳이랑 다르게 상추 꼬다리까지 따서 오는 섬세함에 깜짝 놀랐습니다 번창하세요","date":"Mon Dec 10 23:59:44 +0000 2018","retweets":"30","favorites":"20","mentions":[],"hashtags":[],"geo":"","raw":"고기김치양에 놀라고  쟁반막국수 크기에 놀라고 맛에 한번 더 놀랐네요 .. 진짜 앞으론 여기서만 시켜먹을래요 추추추추추추천합니다  다른곳이랑 다르게 상추 꼬다리까지 따서 오는 섬세함에 깜짝 놀랐습니다 번창하세요","polarity":{"com":0.0179102856686567,"pos":0.4026895134336322,"neg":0.22622532002513612,"neut":0.2820604386980068,"none":0.07111444217456828},"intensity":{"high":0.11335334534592814,"low":0.07650126256405569,"meium":0.7363862230818208,"none":0.07375916900819547},"expressive":{"dir-action":0.0003584229444245321,"dir-explicit":0.23019440093165583,"dir-speech":0.3409715844810571,"indirect":0.34700113914738884,"writing-device":0.08147445249547364}},{"id":"신라왕족발보쌈","permalink":"","username":"asdfg","text":"난 참고로\n식신!!\n\n위생과 맛 양 \n85점","date":"Mon Dec 10 23:59:44 +0000 2018","retweets":"30","favorites":"20","mentions":[],"hashtags":[],"geo":"","raw":"난 참고로\n식신!!\n\n위생과 맛 양 \n85점","polarity":{"com":0.019230769009615387,"pos":0.2884615386442308,"neg":0.6730769233365385,"neut":0.019230769009615387,"none":0},"intensity":{"high":0.0384615385,"low":0.076923077,"meium":0.8846153845,"none":0},"expressive":{"dir-action":0,"dir-explicit":0.3846153845,"dir-speech":0.3653846155,"indirect":0.25,"writing-device":0}},{"id":"신라왕족발보쌈","permalink":"","username":"asdfg","text":"양도 많은편이고 배달도 빠르고 좋습니다요^^ 충성충성^^7","date":"Mon Dec 10 23:59:44 +0000 2018","retweets":"30","favorites":"20","mentions":[],"hashtags":[],"geo":"","raw":"양도 많은편이고 배달도 빠르고 좋습니다요^^ 충성충성^^7","polarity":{"com":0,"pos":0.7622608696000001,"neg":0.12104347820000001,"neut":0.10869565219999999,"none":0.008},"intensity":{"high":0.09217391301843478,"low":0.21814492744362898,"meium":0.6816811595363362,"none":0.008000000001599998},"expressive":{"dir-action":0,"dir-explicit":0.4243478260848696,"dir-speech":0.2834782608566956,"indirect":0.28417391305683476,"writing-device":0.008000000001599998}},{"id":"신라왕족발보쌈","permalink":"","username":"asdfg","text":"배달 빠르고 양도 많습니다~","date":"Mon Dec 10 23:59:44 +0000 2018","retweets":"30","favorites":"20","mentions":[],"hashtags":[],"geo":"","raw":"배달 빠르고 양도 많습니다~","polarity":{"com":0,"pos":0.695652174,"neg":0.2826086955,"neut":0.0217391305,"none":0},"intensity":{"high":0.1304347825652174,"low":0.10869565205434782,"meium":0.7608695653804347,"none":0},"expressive":{"dir-action":0,"dir-explicit":0.2608695651304348,"dir-speech":0.6086956523043479,"indirect":0.1304347825652174,"writing-device":0}},{"id":"신라왕족발보쌈","permalink":"","username":"asdfg","text":"맛있습니다. 여기서만 먹어요 족발은!","date":"Mon Dec 10 23:59:44 +0000 2018","retweets":"30","favorites":"20","mentions":[],"hashtags":[],"geo":"","raw":"맛있습니다. 여기서만 먹어요 족발은!","polarity":{"com":0.00423728825,"pos":0.21398305075000001,"neg":0.7648305085,"neut":0.00847457625,"none":0.00847457625},"intensity":{"high":0.025423728756355932,"low":0.03389830500847457,"meium":0.9322033899830509,"none":0.008474576252118643},"expressive":{"dir-action":0,"dir-explicit":0.06779661025,"dir-speech":0.8898305085,"indirect":0.033898305,"writing-device":0.00847457625}},{"id":"신라왕족발보쌈","permalink":"","username":"asdfg","text":"저희는 여기서만 먹어요 고기가 냄새도 거의 안 나고 배달빠르고 맛있어요. 근데 지난번이랑 오늘,쟁반국수가 면이 붙어서 오는건 왜 그런건지요? 암튼 맛있어요!","date":"Mon Dec 10 23:59:44 +0000 2018","retweets":"30","favorites":"20","mentions":[],"hashtags":[],"geo":"","raw":"저희는 여기서만 먹어요 고기가 냄새도 거의 안 나고 배달빠르고 맛있어요. 근데 지난번이랑 오늘,쟁반국수가 면이 붙어서 오는건 왜 그런건지요? 암튼 맛있어요!","polarity":{"com":0.0029761905002125845,"pos":0.3832199545988014,"neg":0.4647108843903364,"neut":0.02409297050172092,"none":0.12500000000892855},"intensity":{"high":0.18835034012940352,"low":0.10813492063513322,"meium":0.5904195011721128,"none":0.11309523806335034},"expressive":{"dir-action":0,"dir-explicit":0.19444444448611112,"dir-speech":0.5497448979607324,"indirect":0.13732993199019075,"writing-device":0.11848072556296567}},{"id":"신라왕족발보쌈","permalink":"","username":"asdfg","text":"맛도잇고 배달도 빠르고 양도 많고 좋은데 너무식어서왓네요ㅠㅠ따뜻한족발이먹고싶엇는데ㅠㅠ그래도 전자레인지에 돌려먹엇더니 야들야들하니 맛잇엇습니다\n다음엔 따뜻하게 갖다주시면 감사하겟습니다~~","date":"Mon Dec 10 23:59:44 +0000 2018","retweets":"30","favorites":"20","mentions":[],"hashtags":[],"geo":"","raw":"맛도잇고 배달도 빠르고 양도 많고 좋은데 너무식어서왓네요ㅠㅠ따뜻한족발이먹고싶엇는데ㅠㅠ그래도 전자레인지에 돌려먹엇더니 야들야들하니 맛잇엇습니다\n다음엔 따뜻하게 갖다주시면 감사하겟습니다~~","polarity":{"com":0.004147205062759201,"pos":0.6434334012902145,"neg":0.28930964733058184,"neut":0.020551289563784457,"none":0.04255845675265991},"intensity":{"high":0.13712911119607055,"low":0.08571870819285744,"meium":0.7334123149833383,"none":0.04373986562773375},"expressive":{"dir-action":0.0011814088752215139,"dir-explicit":0.23548737860665386,"dir-speech":0.4572400820232325,"indirect":0.2599224197987354,"writing-device":0.04616871069615664}},{"id":"신라왕족발보쌈","permalink":"","username":"asdfg","text":"배달하시는 분도 완전 친절하시구\n여기는 역시 막국수가 진짜진짜 별미인것 같아요\n보쌈도 맛있고 만족했습니다.","date":"Mon Dec 10 23:59:44 +0000 2018","retweets":"30","favorites":"20","mentions":[],"hashtags":[],"geo":"","raw":"배달하시는 분도 완전 친절하시구\n여기는 역시 막국수가 진짜진짜 별미인것 같아요\n보쌈도 맛있고 만족했습니다.","polarity":{"com":0.006111877818181818,"pos":0.4273629428181818,"neg":0.3669963142727273,"neut":0.06311450154545455,"none":0.13641436354545455},"intensity":{"high":0.05189157773670755,"low":0.06841729837607587,"meium":0.7422695684985944,"none":0.13742155538862208},"expressive":{"dir-action":0.0005865102726739537,"dir-explicit":0.3317321855152971,"dir-speech":0.37498995905681914,"indirect":0.15514380107680514,"writing-device":0.13754754407840478}},{"id":"신라왕족발보쌈","permalink":"","username":"asdfg","text":"배달이 미치도록 빠릅니다. 양은 처음주셨을때보다 약간 적어진거같아요 ㅠㅠ 믿고먹는맛이예요 ㅎㅎ 담엔 많이주세요","date":"Mon Dec 10 23:59:44 +0000 2018","retweets":"30","favorites":"20","mentions":[],"hashtags":[],"geo":"","raw":"배달이 미치도록 빠릅니다. 양은 처음주셨을때보다 약간 적어진거같아요 ㅠㅠ 믿고먹는맛이예요 ㅎㅎ 담엔 많이주세요","polarity":{"com":0.012987012998819361,"pos":0.511484979589865,"neg":0.42187459014346596,"neut":0.033451397087868054,"none":0.020202020179981635},"intensity":{"high":0.05913026372189727,"low":0.11209497571708228,"meium":0.8085727403810389,"none":0.02020202017998164},"expressive":{"dir-action":0,"dir-explicit":0.17561983472727274,"dir-speech":0.5340482750000001,"indirect":0.17777777772727274,"writing-device":0.11255411254545455}},{"id":"신라왕족발보쌈","permalink":"","username":"asdfg","text":"굿굿배달 굿굿 질과양","date":"Mon Dec 10 23:59:44 +0000 2018","retweets":"30","favorites":"20","mentions":[],"hashtags":[],"geo":"","raw":"굿굿배달 굿굿 질과양","polarity":{"com":0.009615384502403847,"pos":0.8942307694735577,"neg":0.08653846152163461,"neut":0.009615384502403847,"none":0},"intensity":{"high":0.01923076925,"low":0.0384615385,"meium":0.94230769225,"none":0},"expressive":{"dir-action":0,"dir-explicit":0.06730769225,"dir-speech":0.30769230775,"indirect":0.625,"writing-device":0}},{"id":"신라왕족발보쌈","permalink":"","username":"asdfg","text":"친절하시구 배달두 빠르시고 만족만족","date":"Mon Dec 10 23:59:44 +0000 2018","retweets":"30","favorites":"20","mentions":[],"hashtags":[],"geo":"","raw":"친절하시구 배달두 빠르시고 만족만족","polarity":{"com":0.00483870975,"pos":0.6290322580000001,"neg":0.33817204300000003,"neut":0.020967742,"none":0.00698924725},"intensity":{"high":0.0349462365,"low":0.11236559125000001,"meium":0.8451612905,"none":0.00752688175},"expressive":{"dir-action":0.00161290325,"dir-explicit":0.32849462375,"dir-speech":0.323655914,"indirect":0.33924731175,"writing-device":0.00698924725}},{"id":"신라왕족발보쌈","permalink":"","username":"asdfg","text":"진짜 맛있어요. 양도 너무너무 많구요!","date":"Mon Dec 10 23:59:44 +0000 2018","retweets":"30","favorites":"20","mentions":[],"hashtags":[],"geo":"","raw":"진짜 맛있어요. 양도 너무너무 많구요!","polarity":{"com":0.002380952333333333,"pos":0.201863354,"neg":0.63126294,"neut":0.01925465833333333,"none":0.14523809533333334},"intensity":{"high":0.13457556937819184,"low":0.11055900603685298,"meium":0.6096273292032091,"none":0.145238095381746},"expressive":{"dir-action":0,"dir-explicit":0.23581780533333338,"dir-speech":0.5057971013333333,"indirect":0.11552795033333334,"writing-device":0.142857143}},{"id":"신라왕족발보쌈","permalink":"","username":"asdfg","text":"그냥그냥 쏘쏘.. 남자둘이서 중먹어야 양이 되네요","date":"Mon Dec 10 23:59:44 +0000 2018","retweets":"30","favorites":"20","mentions":[],"hashtags":[],"geo":"","raw":"그냥그냥 쏘쏘.. 남자둘이서 중먹어야 양이 되네요","polarity":{"com":0.017488155593004737,"pos":0.2284819771086072,"neg":0.7044579279182168,"neut":0.036489069985404375,"none":0.013082869394766852},"intensity":{"high":0.15909086700000002,"low":0.089744087,"meium":0.7372011194,"none":0.0139639266},"expressive":{"dir-action":0.0008810571999999999,"dir-explicit":0.2178298654,"dir-speech":0.6290601134,"indirect":0.13071786759999998,"writing-device":0.0215110964}},{"id":"신라왕족발보쌈","permalink":"","username":"asdfg","text":"새벽에주문햇는데 늦게까지영업하시네요 맛있어요","date":"Mon Dec 10 23:59:44 +0000 2018","retweets":"30","favorites":"20","mentions":[],"hashtags":[],"geo":"","raw":"새벽에주문햇는데 늦게까지영업하시네요 맛있어요","polarity":{"com":0.00483870975,"pos":0.379032258,"neg":0.588172043,"neut":0.020967742,"none":0.00698924725},"intensity":{"high":0.0349462365,"low":0.029032258,"meium":0.92849462375,"none":0.00752688175},"expressive":{"dir-action":0.00161290325,"dir-explicit":0.32849462375,"dir-speech":0.323655914,"indirect":0.33924731175,"writing-device":0.00698924725}},{"id":"신라왕족발보쌈","permalink":"","username":"asdfg","text":"늦은시간까지 하는게 되게좋았고, 맛도맛이지만 양이많아서 좋았어요","date":"Mon Dec 10 23:59:44 +0000 2018","retweets":"30","favorites":"20","mentions":[],"hashtags":[],"geo":"","raw":"늦은시간까지 하는게 되게좋았고, 맛도맛이지만 양이많아서 좋았어요","polarity":{"com":0.0012771392220803173,"pos":0.5764176458248426,"neg":0.3621171892930981,"neut":0.0295877702189347,"none":0.030600255441044413},"intensity":{"high":0.12252613011111113,"low":0.07273303522222223,"meium":0.77286344,"none":0.03187739466666667},"expressive":{"dir-action":0.0012771392225060306,"dir-explicit":0.2711501087269222,"dir-speech":0.4692768999931726,"indirect":0.22386417904974756,"writing-device":0.03443167300765147}},{"id":"신라왕족발보쌈","permalink":"","username":"asdfg","text":"괜찮은 것 같아요.\n다만 음식이 많이 식어서 왔어요ㅠㅠ","date":"Mon Dec 10 23:59:44 +0000 2018","retweets":"30","favorites":"20","mentions":[],"hashtags":[],"geo":"","raw":"괜찮은 것 같아요.\n다만 음식이 많이 식어서 왔어요ㅠㅠ","polarity":{"com":0,"pos":0.3203463201699134,"neg":0.25757575768560603,"neut":0.05844155848538961,"none":0.36363636365909086},"intensity":{"high":0.0714285715,"low":0.03571428575,"meium":0.529220779,"none":0.36363636374999997},"expressive":{"dir-action":0,"dir-explicit":0.258658008620671,"dir-speech":0.31926406934036794,"indirect":0.05844155847077922,"writing-device":0.3636363635681818}},{"id":"신라왕족발보쌈","permalink":"","username":"asdfg","text":"맛잇엇음요ㅎ","date":"Mon Dec 10 23:59:44 +0000 2018","retweets":"30","favorites":"20","mentions":[],"hashtags":[],"geo":"","raw":"맛잇엇음요ㅎ","polarity":{"com":0,"pos":1,"neg":0,"neut":0,"none":0},"intensity":{"high":0,"low":0,"meium":1,"none":0},"expressive":{"dir-action":0,"dir-explicit":0,"dir-speech":1,"indirect":0,"writing-device":0}},{"id":"신라왕족발보쌈","permalink":"","username":"asdfg","text":"맛있는데 배달은 빨랐는데 다 식어서 푸석푸석하더라고요","date":"Mon Dec 10 23:59:44 +0000 2018","retweets":"30","favorites":"20","mentions":[],"hashtags":[],"geo":"","raw":"맛있는데 배달은 빨랐는데 다 식어서 푸석푸석하더라고요","polarity":{"com":0.0022988506000000005,"pos":0.6072249588000002,"neg":0.28045977020000007,"neut":0.013793103400000003,"none":0.09622331700000002},"intensity":{"high":0.08013136296794746,"low":0.09195402296321839,"meium":0.729392446508243,"none":0.09852216756059112},"expressive":{"dir-action":0.0022988506,"dir-explicit":0.1178981938,"dir-speech":0.5399014778000001,"indirect":0.2367816092,"writing-device":0.1031198686}},{"id":"신라왕족발보쌈","permalink":"","username":"asdfg","text":"그냥...뭐","date":"Mon Dec 10 23:59:44 +0000 2018","retweets":"30","favorites":"20","mentions":[],"hashtags":[],"geo":"","raw":"그냥...뭐","polarity":{"com":0,"pos":0.25,"neg":0.625,"neut":0,"none":0.125},"intensity":{"high":0,"low":0.25,"meium":0.625,"none":0.125},"expressive":{"dir-action":0,"dir-explicit":0,"dir-speech":0.875,"indirect":0,"writing-device":0.125}},{"id":"신라왕족발보쌈","permalink":"","username":"asdfg","text":"신라왕족발 냄새도 안나고 쫀득쫀득 맛있네요~~\n배송도 빨라서 좋았어요~","date":"Mon Dec 10 23:59:44 +0000 2018","retweets":"30","favorites":"20","mentions":[],"hashtags":[],"geo":"","raw":"신라왕족발 냄새도 안나고 쫀득쫀득 맛있네요~~\n배송도 빨라서 좋았어요~","polarity":{"com":0,"pos":0.5342857143333334,"neg":0.45904761899999996,"neut":0,"none":0.006666666666666667},"intensity":{"high":0.10476190481587301,"low":0.10984126981502647,"meium":0.778730158703545,"none":0.006666666665555556},"expressive":{"dir-action":0,"dir-explicit":0.31428571433333324,"dir-speech":0.3904761905,"indirect":0.28857142849999995,"writing-device":0.006666666666666666}},{"id":"신라왕족발보쌈","permalink":"","username":"asdfg","text":"예상보다 엄청빨리도착  국수도 하나도 안 불고  좋아요 맛있어요","date":"Mon Dec 10 23:59:44 +0000 2018","retweets":"30","favorites":"20","mentions":[],"hashtags":[],"geo":"","raw":"예상보다 엄청빨리도착  국수도 하나도 안 불고  좋아요 맛있어요","polarity":{"com":0,"pos":0.5283333333333333,"neg":0.43375,"neut":0.020833333333333332,"none":0.017083333333333336},"intensity":{"high":0.12708333333333333,"low":0.006666666666666667,"meium":0.8491666666666666,"none":0.017083333333333336},"expressive":{"dir-action":0,"dir-explicit":0.4229166666666666,"dir-speech":0.39791666666666664,"indirect":0.15166666666666664,"writing-device":0.027499999999999997}},{"id":"신라왕족발보쌈","permalink":"","username":"asdfg","text":"신라왕족발보쌈 먹어도 맛잇고 원래 몇년동안 자주이용해엇죠. 야식으로 빼먹을수없는 족발 보쌈이죠 ㅎㅎ 사랑해요","date":"Mon Dec 10 23:59:44 +0000 2018","retweets":"30","favorites":"20","mentions":[],"hashtags":[],"geo":"","raw":"신라왕족발보쌈 먹어도 맛잇고 원래 몇년동안 자주이용해엇죠. 야식으로 빼먹을수없는 족발 보쌈이죠 ㅎㅎ 사랑해요","polarity":{"com":0.036192810500000006,"pos":0.60312685675,"neg":0.28926767675,"neut":0.031134878250000005,"none":0.04027777775},"intensity":{"high":0.10482026138810252,"low":0.32624777179078096,"meium":0.5286541890660817,"none":0.040277777755034716},"expressive":{"dir-action":0,"dir-explicit":0.14976232925,"dir-speech":0.667624777125,"indirect":0.1273841355,"writing-device":0.055228758125}},{"id":"신라왕족발보쌈","permalink":"","username":"asdfg","text":"묵동 근처에서 맛,양 따져봤을 때 가성비 최고라 생각합니다. 일단 구성이 ... 족발,(중이상만 먹어서 그런지 모르지만 항상 컸던) 쟁반국수(대),야채세트(오이,당근,마늘,양파,쌈장), 상추, 냉콩나물국, 보쌈김치(매움), 식혜(작은캔), 콜라500(팹시) 입니다. 부수적으로 야채 상태를 안따지시는 분도 있지만... 식재료를 다뤄본 입장에서 봤을때 상당히 상태가 좋습니다... 2명이서 중자 시키면 배부르게 먹을 수 있구요.. (사실 전  혼자 시켜먹지만요... 근데 시켜먹을때는 혼자여도 개인적으로 무조건 중 이상 이라고 봅니다..)쟁반  국수도 넉넉하고 맛도 괜찮아요. 다른 족발 먹는것 보다 항상 양적인 측면에서 거의 탑이라 생각됩니다... 물론 맛도 중,상 급 됩니다. 사진이 없어서 쫌 그렇지만......(사진은 나중에.. ㅎ)  먹골역 근처가 집이신 분이라면 족발집 추천합니다.","date":"Mon Dec 10 23:59:44 +0000 2018","retweets":"30","favorites":"20","mentions":[],"hashtags":[],"geo":"","raw":"묵동 근처에서 맛,양 따져봤을 때 가성비 최고라 생각합니다. 일단 구성이 ... 족발,(중이상만 먹어서 그런지 모르지만 항상 컸던) 쟁반국수(대),야채세트(오이,당근,마늘,양파,쌈장), 상추, 냉콩나물국, 보쌈김치(매움), 식혜(작은캔), 콜라500(팹시) 입니다. 부수적으로 야채 상태를 안따지시는 분도 있지만... 식재료를 다뤄본 입장에서 봤을때 상당히 상태가 좋습니다... 2명이서 중자 시키면 배부르게 먹을 수 있구요.. (사실 전  혼자 시켜먹지만요... 근데 시켜먹을때는 혼자여도 개인적으로 무조건 중 이상 이라고 봅니다..)쟁반  국수도 넉넉하고 맛도 괜찮아요. 다른 족발 먹는것 보다 항상 양적인 측면에서 거의 탑이라 생각됩니다... 물론 맛도 중,상 급 됩니다. 사진이 없어서 쫌 그렇지만......(사진은 나중에.. ㅎ)  먹골역 근처가 집이신 분이라면 족발집 추천합니다.","polarity":{"com":0.0073920262454715046,"pos":0.5045749039072701,"neg":0.324179292277768,"neut":0.04923799082622418,"none":0.11461578674326621},"intensity":{"high":0.11362530305314611,"low":0.12206523459212708,"meium":0.6516884441785655,"none":0.11262101817616127},"expressive":{"dir-action":0.0005447588923160735,"dir-explicit":0.2535243761423619,"dir-speech":0.38904456365213913,"indirect":0.24027326075754274,"writing-device":0.11661304055564023}},{"id":"신라왕족발보쌈","permalink":"","username":"asdfg","text":"보쌈 시켜먹은것중서는 제일 좋앟어요 별5드림","date":"Mon Dec 10 23:59:44 +0000 2018","retweets":"30","favorites":"20","mentions":[],"hashtags":[],"geo":"","raw":"보쌈 시켜먹은것중서는 제일 좋앟어요 별5드림","polarity":{"com":0.022943723004588745,"pos":0.49595959589919186,"neg":0.3402597404680519,"neut":0.03174603160634921,"none":0.10909090902181819},"intensity":{"high":0.05036075021007216,"low":0.13520923502704185,"meium":0.7053391057410678,"none":0.10909090902181819},"expressive":{"dir-action":0,"dir-explicit":0.1672438674,"dir-speech":0.37373737379999994,"indirect":0.34199134200000003,"writing-device":0.11702741679999999}},{"id":"신라왕족발보쌈","permalink":"","username":"asdfg","text":"거짓말아니고 겁니 맛있습니다 ㅎㅎㅎ 족발이 촉촉하고 진한맛이라 좋았고요 야채들이 완전 깨끗해서 더 좋았습니다! 정말 강추합니다~ 많이 파시고 지금처럼 청결과 맛 지켜주세요^^","date":"Mon Dec 10 23:59:44 +0000 2018","retweets":"30","favorites":"20","mentions":[],"hashtags":[],"geo":"","raw":"거짓말아니고 겁니 맛있습니다 ㅎㅎㅎ 족발이 촉촉하고 진한맛이라 좋았고요 야채들이 완전 깨끗해서 더 좋았습니다! 정말 강추합니다~ 많이 파시고 지금처럼 청결과 맛 지켜주세요^^","polarity":{"com":0.012819930356227147,"pos":0.5741055178875638,"neg":0.29024998005069647,"neut":0.09776802985015942,"none":0.0250565418553531},"intensity":{"high":0.11140185229367155,"low":0.08131811272009415,"meium":0.78154071977011,"none":0.025739315216124235},"expressive":{"dir-action":0.07241856443374418,"dir-explicit":0.27151474544796533,"dir-speech":0.39578403331398454,"indirect":0.2346969514453355,"writing-device":0.025585705358970406}},{"id":"신라왕족발보쌈","permalink":"","username":"asdfg","text":"받자마자 허겁지겁 먹었어요\n포장도 깔끔하고 앞접시도 있고 고기도 양도 꽤 있고 부드럽고 김치가 양이 조금 모자랐네요\n쟁반국수도 서비스로 오면 맛없어서 맛만보고 버리는 경우가 많은데 괜찮습니다\n배달하신분도 늦은 시간이라 벨 안누르는 배려도 좋았구요 \n: ) 곧 이사가서 시켜먹지 못하겠지만 진작 알았음 종종 시켜먹었을 거예요!","date":"Mon Dec 10 23:59:44 +0000 2018","retweets":"30","favorites":"20","mentions":[],"hashtags":[],"geo":"","raw":"받자마자 허겁지겁 먹었어요\n포장도 깔끔하고 앞접시도 있고 고기도 양도 꽤 있고 부드럽고 김치가 양이 조금 모자랐네요\n쟁반국수도 서비스로 오면 맛없어서 맛만보고 버리는 경우가 많은데 괜찮습니다\n배달하신분도 늦은 시간이라 벨 안누르는 배려도 좋았구요 \n: ) 곧 이사가서 시켜먹지 못하겠지만 진작 알았음 종종 시켜먹었을 거예요!","polarity":{"com":0.0033801658996619826,"pos":0.4232893728910044,"neg":0.4488787544551121,"neut":0.09087990779091201,"none":0.03357179896330949},"intensity":{"high":0.06416268623333335,"low":0.15486672820000003,"meium":0.7478528736666668,"none":0.0331177119},"expressive":{"dir-action":0.00010010009999666334,"dir-explicit":0.268520445657716,"dir-speech":0.41328065438622397,"indirect":0.27236881999092105,"writing-device":0.04572997986514234}},{"id":"신라왕족발보쌈","permalink":"","username":"asdfg","text":"빠른 배달 만족이예요","date":"Mon Dec 10 23:59:44 +0000 2018","retweets":"30","favorites":"20","mentions":[],"hashtags":[],"geo":"","raw":"빠른 배달 만족이예요","polarity":{"com":0.007625272333333333,"pos":0.7952069716666667,"neg":0.09259259266666665,"neut":0.030501089333333332,"none":0.074074074},"intensity":{"high":0.04248366001416122,"low":0.13834422637944807,"meium":0.7450980395816993,"none":0.07407407402469136},"expressive":{"dir-action":0,"dir-explicit":0.13943355133333335,"dir-speech":0.4008714596666667,"indirect":0.3790849673333334,"writing-device":0.08061002166666668}},{"id":"신라왕족발보쌈","permalink":"","username":"asdfg","text":"소자시켰는데 다식어서오고 맛도없고..\n친구도 맛없다해서 남긴건 걍 다 버렸어요.\n별로.","date":"Mon Dec 10 23:59:44 +0000 2018","retweets":"30","favorites":"20","mentions":[],"hashtags":[],"geo":"","raw":"소자시켰는데 다식어서오고 맛도없고..\n친구도 맛없다해서 남긴건 걍 다 버렸어요.\n별로.","polarity":{"com":0.00687379,"pos":0.40409263166666665,"neg":0.29251412222222223,"neut":0.07725410922222221,"none":0.21926534688888888},"intensity":{"high":0.11077485095076672,"low":0.052525612198877504,"meium":0.6150783021710763,"none":0.22162123467927944},"expressive":{"dir-action":0.007449978776950003,"dir-explicit":0.19709092142254545,"dir-speech":0.4187394640645845,"indirect":0.1485347735390517,"writing-device":0.22818486219686834}}]