[{"id":"이윤성족발","permalink":"","username":"asdfg","text":"맛있어요\n반반메뉴로 시켜먹는데\n불족발도 일반족발처럼 왔으면 좋겠어요\n미니족처럼 거의 뼈에붙어있어서\n그게 좀 아쉽네요","date":"Mon Dec 10 23:59:44 +0000 2018","retweets":"30","favorites":"20","mentions":[],"hashtags":[],"geo":"","raw":"맛있어요\n반반메뉴로 시켜먹는데\n불족발도 일반족발처럼 왔으면 좋겠어요\n미니족처럼 거의 뼈에붙어있어서\n그게 좀 아쉽네요","polarity":{"com":0.0007142856999999999,"pos":0.4134285714,"neg":0.38685714289999995,"neut":0.1014285714,"none":0.09757142859999998},"intensity":{"high":0.062063492100000006,"low":0.13765079360000004,"meium":0.7193809524000001,"none":0.08090476190000001},"expressive":{"dir-action":0,"dir-explicit":0.407460317459254,"dir-speech":0.3377777777662222,"indirect":0.17457142858254285,"writing-device":0.08019047619198094}},{"id":"이윤성족발","permalink":"","username":"asdfg","text":"정말맛있게먹었어요~~~^^","date":"Mon Dec 10 23:59:44 +0000 2018","retweets":"30","favorites":"20","mentions":[],"hashtags":[],"geo":"","raw":"정말맛있게먹었어요~~~^^","polarity":{"com":0,"pos":0.5416666665000001,"neg":0.3333333335,"neut":0,"none":0.125},"intensity":{"high":0.3055555555,"low":0.111111111,"meium":0.4583333335,"none":0.125},"expressive":{"dir-action":0,"dir-explicit":0.361111111,"dir-speech":0.513888889,"indirect":0,"writing-device":0.125}},{"id":"이윤성족발","permalink":"","username":"asdfg","text":"매콤한뎈ㅋㅋ남미음식맛이라  좋네여.ㅋㅋ칠리.ㅋㅋ땀나고.여름에 ㅋ먹기 좋습니다  곁들이가 많아서 푸짐합니당  애들도.잘먹네여  ","date":"Mon Dec 10 23:59:44 +0000 2018","retweets":"30","favorites":"20","mentions":[],"hashtags":[],"geo":"","raw":"매콤한뎈ㅋㅋ남미음식맛이라  좋네여.ㅋㅋ칠리.ㅋㅋ땀나고.여름에 ㅋ먹기 좋습니다  곁들이가 많아서 푸짐합니당  애들도.잘먹네여  ","polarity":{"com":0.005519090500551909,"pos":0.5612844273561285,"neg":0.3616422136361642,"neut":0.015178035101517804,"none":0.05637623340563762},"intensity":{"high":0.13107679108689232,"low":0.10846761038915323,"meium":0.7034787645296521,"none":0.05697683399430231},"expressive":{"dir-action":0.0006006005999399399,"dir-explicit":0.30182754166981723,"dir-speech":0.2943672243705633,"indirect":0.3469420850653058,"writing-device":0.056262548294373736}},{"id":"이윤성족발","permalink":"","username":"asdfg","text":"불금이라 그런지 배달은 50분 가량\n소비되었어요. 맛은 나쁘지 않았습니다\n","date":"Mon Dec 10 23:59:44 +0000 2018","retweets":"30","favorites":"20","mentions":[],"hashtags":[],"geo":"","raw":"불금이라 그런지 배달은 50분 가량\n소비되었어요. 맛은 나쁘지 않았습니다\n","polarity":{"com":0.010062636166666666,"pos":0.5017701525,"neg":0.3775462963333333,"neut":0.031917211333333334,"none":0.07870370366666667},"intensity":{"high":0.1469362743578227,"low":0.055977668842662934,"meium":0.7162990197860498,"none":0.08078703701346449},"expressive":{"dir-action":0,"dir-explicit":0.22457788670409629,"dir-speech":0.45182461874197083,"indirect":0.24162581704027097,"writing-device":0.08197167751366195}},{"id":"이윤성족발","permalink":"","username":"asdfg","text":"야~ 기대없이 족발땡겨서 시켰는데 깜짝놀랬어요 대박!!  개꿀맛 맛있게 보내주셔서 감사합니다 ","date":"Mon Dec 10 23:59:44 +0000 2018","retweets":"30","favorites":"20","mentions":[],"hashtags":[],"geo":"","raw":"야~ 기대없이 족발땡겨서 시켰는데 깜짝놀랬어요 대박!!  개꿀맛 맛있게 보내주셔서 감사합니다 ","polarity":{"com":0,"pos":1,"neg":0,"neut":0,"none":0},"intensity":{"high":0.375,"low":0,"meium":0.625,"none":0},"expressive":{"dir-action":0,"dir-explicit":0.25,"dir-speech":0.6666666666666666,"indirect":0.08333333333333333,"writing-device":0}},{"id":"이윤성족발","permalink":"","username":"asdfg","text":"반반칠리  매콤하고 달달한게 매운거 못먹는 저도  맛나게  먹었내요~ 한방도  맛있어요 포장도  깔끔하고요,,배달 빠르고 친절합니다!! 앞으로  족발은  이집이내요","date":"Mon Dec 10 23:59:44 +0000 2018","retweets":"30","favorites":"20","mentions":[],"hashtags":[],"geo":"","raw":"반반칠리  매콤하고 달달한게 매운거 못먹는 저도  맛나게  먹었내요~ 한방도  맛있어요 포장도  깔끔하고요,,배달 빠르고 친절합니다!! 앞으로  족발은  이집이내요","polarity":{"com":0.005990393312125601,"pos":0.4509034506593185,"neg":0.48819244865698797,"neut":0.035832104810260494,"none":0.0190816025613074},"intensity":{"high":0.08202295911987356,"low":0.21399511429912535,"meium":0.6836721492072705,"none":0.020309777373730645},"expressive":{"dir-action":0.001496992,"dir-explicit":0.19220167531250004,"dir-speech":0.5003316269375,"indirect":0.24269088875,"writing-device":0.063278817}},{"id":"이윤성족발","permalink":"","username":"asdfg","text":"오랜만에 맛잇는 족발 먹었습니다.\n제 입에 맞는 족발 집 찾은거같네요~\n배달 빨리해주셔서 감사해요~\n","date":"Mon Dec 10 23:59:44 +0000 2018","retweets":"30","favorites":"20","mentions":[],"hashtags":[],"geo":"","raw":"오랜만에 맛잇는 족발 먹었습니다.\n제 입에 맞는 족발 집 찾은거같네요~\n배달 빨리해주셔서 감사해요~\n","polarity":{"com":0.0012771392222222222,"pos":0.5234142187777778,"neg":0.44593444022222223,"neut":0.007662835222222223,"none":0.021711366555555556},"intensity":{"high":0.16091954020434227,"low":0.057258407882526834,"meium":0.7588335461379073,"none":0.0229885057752235},"expressive":{"dir-action":0.0012771392223641265,"dir-explicit":0.10429970201158885,"dir-speech":0.700297999188922,"indirect":0.05747126433971903,"writing-device":0.13665389523740598}},{"id":"이윤성족발","permalink":"","username":"asdfg","text":"  오늘은 반반 주문했는데 매족은 맵지 않아서 아이도 먹을수 있네요 동치미도 맛있게 익었고 야채도 신선해서 좋네요. 오늘은 만족해요.","date":"Mon Dec 10 23:59:44 +0000 2018","retweets":"30","favorites":"20","mentions":[],"hashtags":[],"geo":"","raw":"  오늘은 반반 주문했는데 매족은 맵지 않아서 아이도 먹을수 있네요 동치미도 맛있게 익었고 야채도 신선해서 좋네요. 오늘은 만족해요.","polarity":{"com":0.007438461076923077,"pos":0.4186672092307692,"neg":0.4482241442307692,"neut":0.023106864,"none":0.10256332146153846},"intensity":{"high":0.08374022240394006,"low":0.08901633286669608,"meium":0.7243492712440806,"none":0.10289417348528328},"expressive":{"dir-action":0.0009925558460774958,"dir-explicit":0.281368165670664,"dir-speech":0.4778198352709369,"indirect":0.13780557229709187,"writing-device":0.10201387091522969}},{"id":"이윤성족발","permalink":"","username":"asdfg","text":"맛나네요ㅋ  감사히 잘묵겠습니다","date":"Mon Dec 10 23:59:44 +0000 2018","retweets":"30","favorites":"20","mentions":[],"hashtags":[],"geo":"","raw":"맛나네요ㅋ  감사히 잘묵겠습니다","polarity":{"com":0,"pos":0.7142857147142857,"neg":0.21428571421428572,"neut":0.07142857107142857,"none":0},"intensity":{"high":0,"low":0.214285714,"meium":0.785714286,"none":0},"expressive":{"dir-action":0,"dir-explicit":0.214285714,"dir-speech":0.142857143,"indirect":0.642857143,"writing-device":0}},{"id":"이윤성족발","permalink":"","username":"asdfg","text":"지금시켰는데 다들 맛나다고하니 기대가 되네용~~족발아 빨리와라~~~","date":"Mon Dec 10 23:59:44 +0000 2018","retweets":"30","favorites":"20","mentions":[],"hashtags":[],"geo":"","raw":"지금시켰는데 다들 맛나다고하니 기대가 되네용~~족발아 빨리와라~~~","polarity":{"com":0.011349671162883443,"pos":0.5596546213134485,"neg":0.31215812439594726,"neut":0.027217523324260827,"none":0.08962005980345998},"intensity":{"high":0.15626775006248814,"low":0.04605532680262978,"meium":0.7061411545292393,"none":0.09153576860564282},"expressive":{"dir-action":0.011174968164804172,"dir-explicit":0.4468683410921886,"dir-speech":0.21022537546496242,"indirect":0.23007482096165421,"writing-device":0.10165649431639058}},{"id":"이윤성족발","permalink":"","username":"asdfg","text":"2시간전 배달왔는데요.,,불족발아주맵게해달라 부탁드렸는데\n똑같이나왔네요..불족발이아니라  그냥 양념족발이라고 이름 바꾸심이,,조금실망했습니다","date":"Mon Dec 10 23:59:44 +0000 2018","retweets":"30","favorites":"20","mentions":[],"hashtags":[],"geo":"","raw":"2시간전 배달왔는데요.,,불족발아주맵게해달라 부탁드렸는데\n똑같이나왔네요..불족발이아니라  그냥 양념족발이라고 이름 바꾸심이,,조금실망했습니다","polarity":{"com":0.011142177427775558,"pos":0.29193751933629014,"neg":0.4588994383243643,"neut":0.17309675505906452,"none":0.06492410985250542},"intensity":{"high":0.06569453635714287,"low":0.15644214171428572,"meium":0.711649920857143,"none":0.06621340107142858},"expressive":{"dir-action":0.006698551643814077,"dir-explicit":0.38326694034046666,"dir-speech":0.3833157473404737,"indirect":0.1576163731653738,"writing-device":0.06910238750987177}},{"id":"이윤성족발","permalink":"","username":"asdfg","text":"보름좀지나서 또 생각나서 주문했다는..\n반반세트 불족발이 많이맵지않아서 오늘은 맴게부탁했어요~^^","date":"Mon Dec 10 23:59:44 +0000 2018","retweets":"30","favorites":"20","mentions":[],"hashtags":[],"geo":"","raw":"보름좀지나서 또 생각나서 주문했다는..\n반반세트 불족발이 많이맵지않아서 오늘은 맴게부탁했어요~^^","polarity":{"com":0.0021186441247351695,"pos":0.6040153347994981,"neg":0.3318200162085225,"neut":0.004237288124470338,"none":0.057808716742773915},"intensity":{"high":0.012711864376588982,"low":0.14194915251774365,"meium":0.7875302663484413,"none":0.05780871675722609},"expressive":{"dir-action":0,"dir-explicit":0.393422114625,"dir-speech":0.388962873375,"indirect":0.1419491525,"writing-device":0.0756658595}},{"id":"이윤성족발","permalink":"","username":"asdfg","text":"대박ㅡㅡ\n방금 배달통 다운받아서 먹었는데..\n배달이 다 씨레기라서 그동안 주문안했는데\n오늘 먹어보니~와우~\n여긴 진짜맛있어요~냄새하나도안나고~\n야들야들~맛집추천요♡\n족발은여기서 꼭 시켜야해요!!절대강추!!\n배달오신분도 완전 친절~부담스럽게친절하셔서 몸둘바를 모를정도ㅠ\n감사합니다~^^맛있는음식과 친절모드요♡\n대박나세요~^^","date":"Mon Dec 10 23:59:44 +0000 2018","retweets":"30","favorites":"20","mentions":[],"hashtags":[],"geo":"","raw":"대박ㅡㅡ\n방금 배달통 다운받아서 먹었는데..\n배달이 다 씨레기라서 그동안 주문안했는데\n오늘 먹어보니~와우~\n여긴 진짜맛있어요~냄새하나도안나고~\n야들야들~맛집추천요♡\n족발은여기서 꼭 시켜야해요!!절대강추!!\n배달오신분도 완전 친절~부담스럽게친절하셔서 몸둘바를 모를정도ㅠ\n감사합니다~^^맛있는음식과 친절모드요♡\n대박나세요~^^","polarity":{"com":0.0016091425555555554,"pos":0.42531216151851864,"neg":0.421933131074074,"neut":0.04929554514814815,"none":0.1018500197037037},"intensity":{"high":0.1563446581423576,"low":0.1564888501423523,"meium":0.5852368224598061,"none":0.10192966925548408},"expressive":{"dir-action":0.00023894862962077964,"dir-explicit":0.22213550132510604,"dir-speech":0.4719739040195566,"indirect":0.2040661765850346,"writing-device":0.101585469440682}},{"id":"이윤성족발","permalink":"","username":"asdfg","text":"다음에도 족발을 배달시켜먹을꺼라면 이집이 딱인듯합니다~아주 맛있게 잘 먹었던 기억이에여~ 입과 마음이 행복해지는 족발이였네요","date":"Mon Dec 10 23:59:44 +0000 2018","retweets":"30","favorites":"20","mentions":[],"hashtags":[],"geo":"","raw":"다음에도 족발을 배달시켜먹을꺼라면 이집이 딱인듯합니다~아주 맛있게 잘 먹었던 기억이에여~ 입과 마음이 행복해지는 족발이였네요","polarity":{"com":0.004927700800657026,"pos":0.4237741943231699,"neg":0.41179465192157266,"neut":0.09493459841265796,"none":0.06456885454194251},"intensity":{"high":0.10656160360710411,"low":0.08590826113906055,"meium":0.7429612807161975,"none":0.06456885453763793},"expressive":{"dir-action":0.004704704733333333,"dir-explicit":0.3569860617333333,"dir-speech":0.38887139239999996,"indirect":0.18127219653333335,"writing-device":0.0681656446}},{"id":"이윤성족발","permalink":"","username":"asdfg","text":"매운족발에 날치알 주먹밥 추가해서 먹었어요\n완전 맛있게 잘 먹었어요ㅠㅠ 먹다가 많이 맵다 싶어서 날치알 주먹밥이랑 같이 먹어주면 걍 끝이에여\n양념도 완전 취향저격이었는데 뭣보다 음식이 정갈하니 좋았어요!","date":"Mon Dec 10 23:59:44 +0000 2018","retweets":"30","favorites":"20","mentions":[],"hashtags":[],"geo":"","raw":"매운족발에 날치알 주먹밥 추가해서 먹었어요\n완전 맛있게 잘 먹었어요ㅠㅠ 먹다가 많이 맵다 싶어서 날치알 주먹밥이랑 같이 먹어주면 걍 끝이에여\n양념도 완전 취향저격이었는데 뭣보다 음식이 정갈하니 좋았어요!","polarity":{"com":0.0065146588120928335,"pos":0.47523393490779786,"neg":0.4047699781622018,"neut":0.04219728587236267,"none":0.07128414224554476},"intensity":{"high":0.13337340370417167,"low":0.1653924277706741,"meium":0.6293525995786691,"none":0.07188156894648519},"expressive":{"dir-action":0.0008662438748917196,"dir-explicit":0.2419255992822593,"dir-speech":0.4456126616942984,"indirect":0.22770563684653677,"writing-device":0.08388985830201376}},{"id":"이윤성족발","permalink":"","username":"asdfg","text":"겁나 맛난다는...진짜임ㅋㅋㅋ","date":"Mon Dec 10 23:59:44 +0000 2018","retweets":"30","favorites":"20","mentions":[],"hashtags":[],"geo":"","raw":"겁나 맛난다는...진짜임ㅋㅋㅋ","polarity":{"com":0,"pos":0.3333333333333333,"neg":0.3333333333333333,"neut":0.3333333333333333,"none":0},"intensity":{"high":0,"low":0,"meium":1,"none":0},"expressive":{"dir-action":0,"dir-explicit":0.3333333333333333,"dir-speech":0.3333333333333333,"indirect":0.3333333333333333,"writing-device":0}},{"id":"이윤성족발","permalink":"","username":"asdfg","text":"매은족발이 맛있네요. \n잘먹었습니다.","date":"Mon Dec 10 23:59:44 +0000 2018","retweets":"30","favorites":"20","mentions":[],"hashtags":[],"geo":"","raw":"매은족발이 맛있네요. \n잘먹었습니다.","polarity":{"com":0.01541850200770925,"pos":0.5730018882865009,"neg":0.3274071741637035,"neut":0.07976714903988356,"none":0.004405286502202643},"intensity":{"high":0.05286343602643172,"low":0.17322215208661107,"meium":0.7673064823836532,"none":0.006607929503303965},"expressive":{"dir-action":0.0022026430011013215,"dir-explicit":0.31419131515709564,"dir-speech":0.2520453116260227,"indirect":0.4249528007124764,"writing-device":0.006607929503303965}},{"id":"이윤성족발","permalink":"","username":"asdfg","text":"잘먹었습니다. 김치는 없어서 아쉽 ㅠ","date":"Mon Dec 10 23:59:44 +0000 2018","retweets":"30","favorites":"20","mentions":[],"hashtags":[],"geo":"","raw":"잘먹었습니다. 김치는 없어서 아쉽 ㅠ","polarity":{"com":0,"pos":0.5482804233333333,"neg":0.3677248676666667,"neut":0.023809523666666665,"none":0.060185185333333335},"intensity":{"high":0,"low":0.21494708992835093,"meium":0.7248677247583775,"none":0.060185185313271605},"expressive":{"dir-action":0,"dir-explicit":0.42791005266666665,"dir-speech":0.20502645499999997,"indirect":0.306878307,"writing-device":0.060185185333333335}},{"id":"이윤성족발","permalink":"","username":"asdfg","text":"  두번째 주문이네요 배달 시키는 족발중엔 맛있어요. 이번엔 물컹대는 비게가 좀 많았구요 같이 주신 국은 너무 짜서 버렸어요 야채와 막국수는 좋아요. 대체적으로 만족하나 이런부분은 개선 바랍니다.","date":"Mon Dec 10 23:59:44 +0000 2018","retweets":"30","favorites":"20","mentions":[],"hashtags":[],"geo":"","raw":"  두번째 주문이네요 배달 시키는 족발중엔 맛있어요. 이번엔 물컹대는 비게가 좀 많았구요 같이 주신 국은 너무 짜서 버렸어요 야채와 막국수는 좋아요. 대체적으로 만족하나 이런부분은 개선 바랍니다.","polarity":{"com":0.0012106537859737116,"pos":0.46017944931289567,"neg":0.4411575108088195,"neut":0.07153076944389945,"none":0.025921616648411777},"intensity":{"high":0.08688668078571428,"low":0.18933890964285713,"meium":0.6978527929285715,"none":0.025921616642857144},"expressive":{"dir-action":0,"dir-explicit":0.3642684193571428,"dir-speech":0.44907340442857135,"indirect":0.15733519899999998,"writing-device":0.029322977214285707}},{"id":"이윤성족발","permalink":"","username":"asdfg","text":"맛있습니다;;\n일주일사이에네번이나시텨먹고 톡남기는중....ㅋㅋ","date":"Mon Dec 10 23:59:44 +0000 2018","retweets":"30","favorites":"20","mentions":[],"hashtags":[],"geo":"","raw":"맛있습니다;;\n일주일사이에네번이나시텨먹고 톡남기는중....ㅋㅋ","polarity":{"com":0,"pos":0.31666666660000004,"neg":0.6583333334,"neut":0.025,"none":0},"intensity":{"high":0.0972222222,"low":0.111111111,"meium":0.7916666668,"none":0},"expressive":{"dir-action":0,"dir-explicit":0.2277777778,"dir-speech":0.7472222222,"indirect":0.025,"writing-device":0}},{"id":"이윤성족발","permalink":"","username":"asdfg","text":"맛있습니다;;\n일주일사이에네번이나시텨먹고 톡남기는중....ㅋㅋ","date":"Mon Dec 10 23:59:44 +0000 2018","retweets":"30","favorites":"20","mentions":[],"hashtags":[],"geo":"","raw":"맛있습니다;;\n일주일사이에네번이나시텨먹고 톡남기는중....ㅋㅋ","polarity":{"com":0,"pos":0.31666666660000004,"neg":0.6583333334,"neut":0.025,"none":0},"intensity":{"high":0.0972222222,"low":0.111111111,"meium":0.7916666668,"none":0},"expressive":{"dir-action":0,"dir-explicit":0.2277777778,"dir-speech":0.7472222222,"indirect":0.025,"writing-device":0}},{"id":"이윤성족발","permalink":"","username":"asdfg","text":"맛잇어요 ㅎㅎㅎㅎㅎㅎㅎ","date":"Mon Dec 10 23:59:44 +0000 2018","retweets":"30","favorites":"20","mentions":[],"hashtags":[],"geo":"","raw":"맛잇어요 ㅎㅎㅎㅎㅎㅎㅎ","polarity":{"com":0,"pos":1,"neg":0,"neut":0,"none":0},"intensity":{"high":0,"low":0,"meium":1,"none":0},"expressive":{"dir-action":0,"dir-explicit":0,"dir-speech":1,"indirect":0,"writing-device":0}},{"id":"이윤성족발","permalink":"","username":"asdfg","text":"맛있내요. 데리야끼족발 술안주로 완전 좋았어요ㅎ\n자주시킬게요~~","date":"Mon Dec 10 23:59:44 +0000 2018","retweets":"30","favorites":"20","mentions":[],"hashtags":[],"geo":"","raw":"맛있내요. 데리야끼족발 술안주로 완전 좋았어요ㅎ\n자주시킬게요~~","polarity":{"com":0,"pos":0.486111111,"neg":0.513888889,"neut":0,"none":0},"intensity":{"high":0.04166666673958333,"low":0.013888888996527777,"meium":0.9444444442638888,"none":0},"expressive":{"dir-action":0.013888889,"dir-explicit":0.22222222225,"dir-speech":0.3055555555,"indirect":0.45833333325000003,"writing-device":0}},{"id":"이윤성족발","permalink":"","username":"asdfg","text":"여태 시킨 배달족발중 가장 낫네요","date":"Mon Dec 10 23:59:44 +0000 2018","retweets":"30","favorites":"20","mentions":[],"hashtags":[],"geo":"","raw":"여태 시킨 배달족발중 가장 낫네요","polarity":{"com":0,"pos":1,"neg":0,"neut":0,"none":0},"intensity":{"high":0,"low":0.111111111,"meium":0.888888889,"none":0},"expressive":{"dir-action":0,"dir-explicit":0.5555555556666666,"dir-speech":0.44444444433333335,"indirect":0,"writing-device":0}},{"id":"이윤성족발","permalink":"","username":"asdfg","text":"평소 먹을때 몰랐는데\n다른데걸 먹어보니\n여기가 맛있는거였어요~~","date":"Mon Dec 10 23:59:44 +0000 2018","retweets":"30","favorites":"20","mentions":[],"hashtags":[],"geo":"","raw":"평소 먹을때 몰랐는데\n다른데걸 먹어보니\n여기가 맛있는거였어요~~","polarity":{"com":0,"pos":0.26623376614285715,"neg":0.6471861472857142,"neut":0.08658008657142857,"none":0},"intensity":{"high":0.09235209229890745,"low":0.15007215002143887,"meium":0.7575757576796537,"none":0},"expressive":{"dir-action":0,"dir-explicit":0.1847041847142857,"dir-speech":0.7676767677142857,"indirect":0.047619047571428576,"writing-device":0}},{"id":"이윤성족발","permalink":"","username":"asdfg","text":"여기 좋네요\n족발도 말랑탱탱하니 신선한 느낌이에요\n고기도 부드럽고 맛있어요\n이 근처 여기만큼 맛내는집 없는듯","date":"Mon Dec 10 23:59:44 +0000 2018","retweets":"30","favorites":"20","mentions":[],"hashtags":[],"geo":"","raw":"여기 좋네요\n족발도 말랑탱탱하니 신선한 느낌이에요\n고기도 부드럽고 맛있어요\n이 근처 여기만큼 맛내는집 없는듯","polarity":{"com":0.0035550944999999997,"pos":0.49572811724999993,"neg":0.3392091599166666,"neut":0.09302368866666665,"none":0.06848393966666666},"intensity":{"high":0.030992815494834527,"low":0.08817832615197028,"meium":0.8111368140314772,"none":0.069692044321718},"expressive":{"dir-action":0.0012081046666666665,"dir-explicit":0.1688010670833333,"dir-speech":0.6614347104999998,"indirect":0.09754360274999999,"writing-device":0.07101251499999998}},{"id":"이윤성족발","permalink":"","username":"asdfg","text":"매운거랑 안매운거 반반 시켰는데 맛있어요\n조금 비싸다 싶었는데 이정도 퀄리티면 저렴한걸로~\n전화받으시는분이랑 배달윈분도 넘 친절하셔서 기분 좋게 먹었어요\n번창하세요~~!","date":"Mon Dec 10 23:59:44 +0000 2018","retweets":"30","favorites":"20","mentions":[],"hashtags":[],"geo":"","raw":"매운거랑 안매운거 반반 시켰는데 맛있어요\n조금 비싸다 싶었는데 이정도 퀄리티면 저렴한걸로~\n전화받으시는분이랑 배달윈분도 넘 친절하셔서 기분 좋게 먹었어요\n번창하세요~~!","polarity":{"com":0.006956661200463777,"pos":0.373179726158212,"neg":0.4065255578937684,"neut":0.108920272873928,"none":0.10441778187362785},"intensity":{"high":0.08944450000596296,"low":0.19858252387990555,"meium":0.6072116248404807,"none":0.10476135127365076},"expressive":{"dir-action":0.0006303077332492923,"dir-explicit":0.23805212916825974,"dir-speech":0.36434039348475455,"indirect":0.2570837440990555,"writing-device":0.1398934255146809}},{"id":"이윤성족발","permalink":"","username":"asdfg","text":"배달도 총알처럼 와주시고 배달오신분이  사장님이신가요?  너무 친절하시네요  너무친절하셔서 기분이 좋아졌어요 족발은 와우~!! 깔끔하고 너무 부드럽고 입에서 녹네요 먹구나서도 자꾸 생각나는 맛이에요!!  족발맛있게 해주셔서 감사해요~당골찜꽁 ","date":"Mon Dec 10 23:59:44 +0000 2018","retweets":"30","favorites":"20","mentions":[],"hashtags":[],"geo":"","raw":"배달도 총알처럼 와주시고 배달오신분이  사장님이신가요?  너무 친절하시네요  너무친절하셔서 기분이 좋아졌어요 족발은 와우~!! 깔끔하고 너무 부드럽고 입에서 녹네요 먹구나서도 자꾸 생각나는 맛이에요!!  족발맛있게 해주셔서 감사해요~당골찜꽁 ","polarity":{"com":0.027763713130434776,"pos":0.4483595026086956,"neg":0.4257589583043478,"neut":0.064962433,"none":0.033155392956521736},"intensity":{"high":0.15453542944822043,"low":0.07207689978887626,"meium":0.7390318906729593,"none":0.03435578008994398},"expressive":{"dir-action":0.0015743936523108168,"dir-explicit":0.25751266680500107,"dir-speech":0.5612973972227215,"indirect":0.14475782431693546,"writing-device":0.034857718003031106}},{"id":"이윤성족발","permalink":"","username":"asdfg","text":"한방족발 매운족발 반반세트 먹었습니당 \n매운족발보다 한방족발이 더 맛있네요\n야채도 신선하고 많이 주시네요 \n","date":"Mon Dec 10 23:59:44 +0000 2018","retweets":"30","favorites":"20","mentions":[],"hashtags":[],"geo":"","raw":"한방족발 매운족발 반반세트 먹었습니당 \n매운족발보다 한방족발이 더 맛있네요\n야채도 신선하고 많이 주시네요 \n","polarity":{"com":0.005299539199999999,"pos":0.4794162823999999,"neg":0.3806963647999999,"neut":0.04185355859999999,"none":0.09273425499999999},"intensity":{"high":0.07875064000000001,"low":0.2016385048,"meium":0.6264464926000001,"none":0.09316436260000001},"expressive":{"dir-action":0.0012903225997419356,"dir-explicit":0.1888274449622345,"dir-speech":0.5855913978828816,"indirect":0.13298515097340297,"writing-device":0.09130568358173886}},{"id":"이윤성족발","permalink":"","username":"asdfg","text":"여기서 자주 시켜먹어요 깔끔하고 맛도 최고","date":"Mon Dec 10 23:59:44 +0000 2018","retweets":"30","favorites":"20","mentions":[],"hashtags":[],"geo":"","raw":"여기서 자주 시켜먹어요 깔끔하고 맛도 최고","polarity":{"com":0.004004004,"pos":0.7224724725000001,"neg":0.26401401399999996,"neut":0.0055055055000000006,"none":0.004004004},"intensity":{"high":0.16716716716666666,"low":0.21771771766666667,"meium":0.6106106106666666,"none":0.004504504499999999},"expressive":{"dir-action":0.0005005005000000001,"dir-explicit":0.08908908900000001,"dir-speech":0.6446446446666667,"indirect":0.26126126133333333,"writing-device":0.0045045045}},{"id":"이윤성족발","permalink":"","username":"asdfg","text":"정말 맛있어요ㅋ 중독성 있네요","date":"Mon Dec 10 23:59:44 +0000 2018","retweets":"30","favorites":"20","mentions":[],"hashtags":[],"geo":"","raw":"정말 맛있어요ㅋ 중독성 있네요","polarity":{"com":0.0044642855,"pos":0.544642857,"neg":0.080357143,"neut":0.017857143,"none":0.35267857150000004},"intensity":{"high":0.2723214285,"low":0.0267857145,"meium":0.3482142855,"none":0.35267857150000004},"expressive":{"dir-action":0,"dir-explicit":0.3482142855,"dir-speech":0.22767857149999998,"indirect":0.0714285715,"writing-device":0.35267857150000004}},{"id":"이윤성족발","permalink":"","username":"asdfg","text":"맛있어요~~~~<~~","date":"Mon Dec 10 23:59:44 +0000 2018","retweets":"30","favorites":"20","mentions":[],"hashtags":[],"geo":"","raw":"맛있어요~~~~<~~","polarity":{"com":0,"pos":0,"neg":1,"neut":0,"none":0},"intensity":{"high":0,"low":0,"meium":1,"none":0},"expressive":{"dir-action":0,"dir-explicit":0,"dir-speech":1,"indirect":0,"writing-device":0}},{"id":"이윤성족발","permalink":"","username":"asdfg","text":"아직먹기전인데 전화받으시는분이 너무친절하시네요","date":"Mon Dec 10 23:59:44 +0000 2018","retweets":"30","favorites":"20","mentions":[],"hashtags":[],"geo":"","raw":"아직먹기전인데 전화받으시는분이 너무친절하시네요","polarity":{"com":0.007038442666666665,"pos":0.5379321073333333,"neg":0.2312948868333333,"neut":0.04046499433333332,"none":0.1832695688333333},"intensity":{"high":0.0501572985167191,"low":0.044207351348069114,"meium":0.7220073582406691,"none":0.18362799189454268},"expressive":{"dir-action":0.001075268833154122,"dir-explicit":0.21867573829688738,"dir-speech":0.3053449159491092,"indirect":0.26776728328870547,"writing-device":0.20713679363214388}},{"id":"이윤성족발","permalink":"","username":"asdfg","text":"해당 리뷰는 배달통 운영 원칙에 따라 블라인드 처리 되었습니다.","date":"Mon Dec 10 23:59:44 +0000 2018","retweets":"30","favorites":"20","mentions":[],"hashtags":[],"geo":"","raw":"해당 리뷰는 배달통 운영 원칙에 따라 블라인드 처리 되었습니다.","polarity":{"com":0,"pos":0.4126984127063492,"neg":0.3075396826537698,"neut":0.2043650793521825,"none":0.07539682528769841},"intensity":{"high":0.035714285750000005,"low":0.08730158725,"meium":0.80158730175,"none":0.07539682525000001},"expressive":{"dir-action":0,"dir-explicit":0.44246031761061505,"dir-speech":0.2777777778194444,"indirect":0.20039682530009917,"writing-device":0.07936507926984127}}]