[{"id":"30년전통원조장충왕족발CESCO","permalink":"","username":"asdfg","text":"맛있게 잘먹었습니다.","date":"Mon Dec 10 23:59:44 +0000 2018","retweets":"30","favorites":"20","mentions":[],"hashtags":[],"geo":"","raw":"맛있게 잘먹었습니다.","polarity":{"com":0,"pos":0.35714285717857136,"neg":0.6071428573035714,"neut":0.03571428551785714,"none":0},"intensity":{"high":0,"low":0.107142857,"meium":0.8928571430000001,"none":0},"expressive":{"dir-action":0,"dir-explicit":0.107142857,"dir-speech":0.5714285715,"indirect":0.3214285715,"writing-device":0}},{"id":"30년전통원조장충왕족발CESCO","permalink":"","username":"asdfg","text":"맛있습니다^^  족발이 넘 맛있어요","date":"Mon Dec 10 23:59:44 +0000 2018","retweets":"30","favorites":"20","mentions":[],"hashtags":[],"geo":"","raw":"맛있습니다^^  족발이 넘 맛있어요","polarity":{"com":0.010279001333333334,"pos":0.14390602066666666,"neg":0.8135095446666667,"neut":0.029368575666666664,"none":0.002936857666666667},"intensity":{"high":0.0352422906784141,"low":0.04405286334801762,"meium":0.9162995596387664,"none":0.004405286334801762},"expressive":{"dir-action":0.0014684286671561425,"dir-explicit":0.13803230537934408,"dir-speech":0.7870778269290258,"indirect":0.06901615268967204,"writing-device":0.004405286334801761}},{"id":"30년전통원조장충왕족발CESCO","permalink":"","username":"asdfg","text":"우왕 기대안하고 시켰는데 맛있었어요 특히 고기가 촉촉!","date":"Mon Dec 10 23:59:44 +0000 2018","retweets":"30","favorites":"20","mentions":[],"hashtags":[],"geo":"","raw":"우왕 기대안하고 시켰는데 맛있었어요 특히 고기가 촉촉!","polarity":{"com":0.0074423964,"pos":0.4053686636,"neg":0.38339477720000004,"neut":0.0428456222,"none":0.1609485406},"intensity":{"high":0.1250998464,"low":0.05465437779999999,"meium":0.6570814131999999,"none":0.16316436259999997},"expressive":{"dir-action":0.0012903226,"dir-explicit":0.30779569900000003,"dir-speech":0.3314247312,"indirect":0.20854070660000001,"writing-device":0.1509485406}},{"id":"30년전통원조장충왕족발CESCO","permalink":"","username":"asdfg","text":"맛있게 잘먹었어요ㅋㅋㅋ불족발 맵지만 맛있네요","date":"Mon Dec 10 23:59:44 +0000 2018","retweets":"30","favorites":"20","mentions":[],"hashtags":[],"geo":"","raw":"맛있게 잘먹었어요ㅋㅋㅋ불족발 맵지만 맛있네요","polarity":{"com":0,"pos":0.17857142854464286,"neg":0.8035714287008928,"neut":0.017857142754464286,"none":0},"intensity":{"high":0,"low":0.0535714285,"meium":0.9464285715,"none":0},"expressive":{"dir-action":0,"dir-explicit":0.3035714285,"dir-speech":0.53571428575,"indirect":0.16071428575,"writing-device":0}},{"id":"30년전통원조장충왕족발CESCO","permalink":"","username":"asdfg","text":"양많고 맛있어요~다음에 또시킬께요","date":"Mon Dec 10 23:59:44 +0000 2018","retweets":"30","favorites":"20","mentions":[],"hashtags":[],"geo":"","raw":"양많고 맛있어요~다음에 또시킬께요","polarity":{"com":0,"pos":0.1335403727166149,"neg":0.7484472048128882,"neut":0.010869565247282607,"none":0.10714285722321429},"intensity":{"high":0.06521739126630434,"low":0.054347826013586946,"meium":0.7732919254433229,"none":0.1071428572767857},"expressive":{"dir-action":0,"dir-explicit":0.16614906829153728,"dir-speech":0.6257763976564441,"indirect":0.06521739126630435,"writing-device":0.1428571427857143}},{"id":"30년전통원조장충왕족발CESCO","permalink":"","username":"asdfg","text":"이제 김치는 보쌈김치 아니네요 ...ㅠ ㅠ","date":"Mon Dec 10 23:59:44 +0000 2018","retweets":"30","favorites":"20","mentions":[],"hashtags":[],"geo":"","raw":"이제 김치는 보쌈김치 아니네요 ...ㅠ ㅠ","polarity":{"com":0.16666666658333332,"pos":0.4920634922460317,"neg":0.2539682541269841,"neut":0.04761904752380952,"none":0.03968253951984127},"intensity":{"high":0.015873016000000004,"low":0.11904761900000001,"meium":0.8253968255,"none":0.03968253950000001},"expressive":{"dir-action":0,"dir-explicit":0.24603174612301587,"dir-speech":0.50000000025,"indirect":0.20634920610317461,"writing-device":0.04761904752380952}},{"id":"30년전통원조장충왕족발CESCO","permalink":"","username":"asdfg","text":"그럭저럭....그냥족발맛","date":"Mon Dec 10 23:59:44 +0000 2018","retweets":"30","favorites":"20","mentions":[],"hashtags":[],"geo":"","raw":"그럭저럭....그냥족발맛","polarity":{"com":0,"pos":0.5,"neg":0.5,"neut":0,"none":0},"intensity":{"high":0,"low":0,"meium":1,"none":0},"expressive":{"dir-action":0,"dir-explicit":0,"dir-speech":1,"indirect":0,"writing-device":0}},{"id":"30년전통원조장충왕족발CESCO","permalink":"","username":"asdfg","text":"맛있게 먹고 있어요ㅎ 쟁반국수는 약간 불었지만 먹을만해요 ","date":"Mon Dec 10 23:59:44 +0000 2018","retweets":"30","favorites":"20","mentions":[],"hashtags":[],"geo":"","raw":"맛있게 먹고 있어요ㅎ 쟁반국수는 약간 불었지만 먹을만해요 ","polarity":{"com":0,"pos":0.24603174581150797,"neg":0.7103174606775794,"neut":0.023809523755952383,"none":0.01984126975496032},"intensity":{"high":0.06349206350000001,"low":0.1706349205,"meium":0.74603174625,"none":0.019841269750000005},"expressive":{"dir-action":0,"dir-explicit":0.15079365075000004,"dir-speech":0.80555555575,"indirect":0.019841269750000005,"writing-device":0.023809523750000002}},{"id":"30년전통원조장충왕족발CESCO","permalink":"","username":"asdfg","text":"넘넘 맛있어용 ㅎㅎ!!","date":"Mon Dec 10 23:59:44 +0000 2018","retweets":"30","favorites":"20","mentions":[],"hashtags":[],"geo":"","raw":"넘넘 맛있어용 ㅎㅎ!!","polarity":{"com":0,"pos":0,"neg":1,"neut":0,"none":0},"intensity":{"high":0,"low":0,"meium":1,"none":0},"expressive":{"dir-action":0,"dir-explicit":0,"dir-speech":1,"indirect":0,"writing-device":0}},{"id":"30년전통원조장충왕족발CESCO","permalink":"","username":"asdfg","text":"먹을만 합니다~^^","date":"Mon Dec 10 23:59:44 +0000 2018","retweets":"30","favorites":"20","mentions":[],"hashtags":[],"geo":"","raw":"먹을만 합니다~^^","polarity":{"com":0,"pos":0.458333333,"neg":0.3333333335,"neut":0,"none":0.2083333335},"intensity":{"high":0.097222222,"low":0.111111111,"meium":0.5833333334999999,"none":0.2083333335},"expressive":{"dir-action":0,"dir-explicit":0.2777777775,"dir-speech":0.388888889,"indirect":0.125,"writing-device":0.2083333335}}]