[{"id":"장충왕족발보쌈전문점","permalink":"","username":"asdfg","text":"이빨좋으사람들만시켜드시도록ㅡㅡ만들어놓고3600시간은지난듯하네요 전자렌지돌려서 배달하는듯함 이빨다나가겟네ㅉ","date":"Mon Dec 10 23:59:44 +0000 2018","retweets":"30","favorites":"20","mentions":[],"hashtags":[],"geo":"","raw":"이빨좋으사람들만시켜드시도록ㅡㅡ만들어놓고3600시간은지난듯하네요 전자렌지돌려서 배달하는듯함 이빨다나가겟네ㅉ","polarity":{"com":0.0875,"pos":0.3873397435,"neg":0.348878205125,"neut":0.15544871799999999,"none":0.020833333375},"intensity":{"high":0.03125,"low":0.13878205125,"meium":0.809134615375,"none":0.020833333375},"expressive":{"dir-action":0,"dir-explicit":0.21394230769651443,"dir-speech":0.5439102563640225,"indirect":0.2213141025696715,"writing-device":0.020833333369791665}},{"id":"장충왕족발보쌈전문점","permalink":"","username":"asdfg","text":"중자시켰는데  살도많고 맛있네요\n막국수도 진공포장으로 와서 깔끔하고 좋았어요\n","date":"Mon Dec 10 23:59:44 +0000 2018","retweets":"30","favorites":"20","mentions":[],"hashtags":[],"geo":"","raw":"중자시켰는데  살도많고 맛있네요\n막국수도 진공포장으로 와서 깔끔하고 좋았어요\n","polarity":{"com":0.0038958601250000005,"pos":0.4478308898750001,"neg":0.41195633525,"neut":0.07384962600000002,"none":0.06246728875},"intensity":{"high":0.110563436125,"low":0.06391458225,"meium":0.7626793175,"none":0.062842664125},"expressive":{"dir-action":0.0073198198749999995,"dir-explicit":0.313581827125,"dir-speech":0.31621295200000005,"indirect":0.30093559400000003,"writing-device":0.061949806999999996}},{"id":"장충왕족발보쌈전문점","permalink":"","username":"asdfg","text":"자주시키는데\n보쌈이랑 부대찌개세트 주문하는데\n전화받는분이 잘모르시세요 여러가지하시는구나싶네요ㅜ\n그래도맛은그냥저냥좋으니패스","date":"Mon Dec 10 23:59:44 +0000 2018","retweets":"30","favorites":"20","mentions":[],"hashtags":[],"geo":"","raw":"자주시키는데\n보쌈이랑 부대찌개세트 주문하는데\n전화받는분이 잘모르시세요 여러가지하시는구나싶네요ㅜ\n그래도맛은그냥저냥좋으니패스","polarity":{"com":0,"pos":0.7071604937777778,"neg":0.24395061733333334,"neut":0.011111111111111112,"none":0.03777777777777777},"intensity":{"high":0.07777777777777778,"low":0.09209876544444445,"meium":0.7923456789999999,"none":0.03777777777777777},"expressive":{"dir-action":0.006172839555555556,"dir-explicit":0.3543209876666667,"dir-speech":0.3061728394444445,"indirect":0.29555555555555557,"writing-device":0.03777777777777777}},{"id":"장충왕족발보쌈전문점","permalink":"","username":"asdfg","text":"맛은있는데 고기가 하얗고 뼈가 많은데... 먹기좀 힘들어요.. ㅜㅜ김치는 맛나네요..","date":"Mon Dec 10 23:59:44 +0000 2018","retweets":"30","favorites":"20","mentions":[],"hashtags":[],"geo":"","raw":"맛은있는데 고기가 하얗고 뼈가 많은데... 먹기좀 힘들어요.. ㅜㅜ김치는 맛나네요..","polarity":{"com":0.0012755101430393585,"pos":0.46797052149542434,"neg":0.29280045361325713,"neut":0.1615646258802235,"none":0.07638888886805556},"intensity":{"high":0.08801020413028426,"low":0.11422902498368155,"meium":0.721371882039804,"none":0.07638888884623016},"expressive":{"dir-action":0,"dir-explicit":0.2212585032857143,"dir-speech":0.6275226758571428,"indirect":0.07256235828571429,"writing-device":0.07865646257142857}}]