[{"id":"왕선왕 족발보쌈","permalink":"","username":"asdfg","text":"ㅇㅋㅇㅋㅇㅋㅇㅋㅇㅋ","date":"Mon Dec 10 23:59:44 +0000 2018","retweets":"30","favorites":"20","mentions":[],"hashtags":[],"geo":"","raw":"ㅇㅋㅇㅋㅇㅋㅇㅋㅇㅋ","polarity":{"com":null,"pos":null,"neg":null,"neut":null,"none":null},"intensity":{"high":null,"low":null,"meium":null,"none":null},"expressive":{"dir-action":null,"dir-explicit":null,"dir-speech":null,"indirect":null,"writing-device":null}},{"id":"왕선왕 족발보쌈","permalink":"","username":"asdfg","text":"눈와서 한시간넘게 기다린거 이해하겠는데 콜라도 안왔잖아요 ","date":"Mon Dec 10 23:59:44 +0000 2018","retweets":"30","favorites":"20","mentions":[],"hashtags":[],"geo":"","raw":"눈와서 한시간넘게 기다린거 이해하겠는데 콜라도 안왔잖아요 ","polarity":{"com":0.004407013142857142,"pos":0.4411383017142857,"neg":0.5007124318571429,"neut":0.02183378357142857,"none":0.03190846971428571},"intensity":{"high":0.07210392498969945,"low":0.034652259137906816,"meium":0.859386090305802,"none":0.03385772556659176},"expressive":{"dir-action":0.002563695143223385,"dir-explicit":0.246414005035202,"dir-speech":0.2440595370348656,"indirect":0.3986996133426714,"writing-device":0.10826314944403759}},{"id":"왕선왕 족발보쌈","permalink":"","username":"asdfg","text":"양도 많고 고기도 야들야들하니 맛있었어요","date":"Mon Dec 10 23:59:44 +0000 2018","retweets":"30","favorites":"20","mentions":[],"hashtags":[],"geo":"","raw":"양도 많고 고기도 야들야들하니 맛있었어요","polarity":{"com":0.0028735632499999994,"pos":0.17828585699999996,"neg":0.4918790604999999,"neut":0.27811094449999996,"none":0.048850574749999987},"intensity":{"high":0.09395302350000001,"low":0.08595702150000001,"meium":0.7683658170000001,"none":0.051724138},"expressive":{"dir-action":0.002873563251436781,"dir-explicit":0.17066466758533233,"dir-speech":0.657796102078898,"indirect":0.1111944028055972,"writing-device":0.057471264278735626}},{"id":"왕선왕 족발보쌈","permalink":"","username":"asdfg","text":"잡내가 좀 나긴하는데 그럭저럭 고ㅑㄴ찮아요 ..근데 배달 1시간반만에옴..","date":"Mon Dec 10 23:59:44 +0000 2018","retweets":"30","favorites":"20","mentions":[],"hashtags":[],"geo":"","raw":"잡내가 좀 나긴하는데 그럭저럭 고ㅑㄴ찮아요 ..근데 배달 1시간반만에옴..","polarity":{"com":0,"pos":0.875,"neg":0,"neut":0.125,"none":0},"intensity":{"high":0,"low":0.25,"meium":0.75,"none":0},"expressive":{"dir-action":0,"dir-explicit":0.1,"dir-speech":0.525,"indirect":0.375,"writing-device":0}},{"id":"왕선왕 족발보쌈","permalink":"","username":"asdfg","text":"그리고 콜라 1.25리터 추가 했는데 500ml 2개 보내주셨네여","date":"Mon Dec 10 23:59:44 +0000 2018","retweets":"30","favorites":"20","mentions":[],"hashtags":[],"geo":"","raw":"그리고 콜라 1.25리터 추가 했는데 500ml 2개 보내주셨네여","polarity":{"com":0.20574712650000002,"pos":0.26091954,"neg":0.4011494255,"neut":0.0344827585,"none":0.0977011495},"intensity":{"high":0.15747126442126438,"low":0.0632183909683908,"meium":0.675862068662069,"none":0.10344827594827587},"expressive":{"dir-action":0.005747126502873562,"dir-explicit":0.08045977004022987,"dir-speech":0.5068965517534483,"indirect":0.291954023145977,"writing-device":0.11494252855747125}},{"id":"왕선왕 족발보쌈","permalink":"","username":"asdfg","text":"새우젓에 이건먼가요?? 몇번시켜먹었는데 전에는 맛있었는데 오늘은 고기비린내가 쫌 많이 나내요","date":"Mon Dec 10 23:59:44 +0000 2018","retweets":"30","favorites":"20","mentions":[],"hashtags":[],"geo":"","raw":"새우젓에 이건먼가요?? 몇번시켜먹었는데 전에는 맛있었는데 오늘은 고기비린내가 쫌 많이 나내요","polarity":{"com":0.005768211300576821,"pos":0.23863943872386395,"neg":0.5156544257515654,"neut":0.20371079222037108,"none":0.036227132003622715},"intensity":{"high":0.1074383991214877,"low":0.26736417725347283,"meium":0.5880774344176155,"none":0.037119989207423994},"expressive":{"dir-action":0,"dir-explicit":0.22509950310000007,"dir-speech":0.5699436414,"indirect":0.16518163760000001,"writing-device":0.039775217900000014}},{"id":"왕선왕 족발보쌈","permalink":"","username":"asdfg","text":"여름내내 먹고싶었던 굴보쌈 너무맛잇어요","date":"Mon Dec 10 23:59:44 +0000 2018","retweets":"30","favorites":"20","mentions":[],"hashtags":[],"geo":"","raw":"여름내내 먹고싶었던 굴보쌈 너무맛잇어요","polarity":{"com":0.07142857150000001,"pos":0.07142857150000001,"neg":0.857142857,"neut":0,"none":0},"intensity":{"high":0.07142857150000001,"low":0.07142857150000001,"meium":0.857142857,"none":0},"expressive":{"dir-action":0,"dir-explicit":0.7857142855,"dir-speech":0.142857143,"indirect":0.0714285715,"writing-device":0}},{"id":"왕선왕 족발보쌈","permalink":"","username":"asdfg","text":"오늘 조오오오금 질기고 배달도 좀 늦었어요 ㅠㅡㅠ 그래도 항상열심히 먹고있습니다 화이팅","date":"Mon Dec 10 23:59:44 +0000 2018","retweets":"30","favorites":"20","mentions":[],"hashtags":[],"geo":"","raw":"오늘 조오오오금 질기고 배달도 좀 늦었어요 ㅠㅡㅠ 그래도 항상열심히 먹고있습니다 화이팅","polarity":{"com":0,"pos":0.83333333325,"neg":0.16666666675,"neut":0,"none":0},"intensity":{"high":0.02777777775,"low":0.0555555555,"meium":0.91666666675,"none":0},"expressive":{"dir-action":0,"dir-explicit":0.2805555555,"dir-speech":0.7194444445,"indirect":0,"writing-device":0}},{"id":"왕선왕 족발보쌈","permalink":"","username":"asdfg","text":"배달 해주신 친절하신 아저씨분이 사장님맞으시죠?사장님 어쩜그렇게 인자하게 생기셨나요.. 가끔 족발생각이나면 여기시켜먹는데요.. 맛있어서 행복해지고,, 사장님의 인자하신 모습에 한번더 신뢰가 가서 음식이 더 정성스럽게 느껴집니다.. 요즘 추위가 더욱 빨리 찾아와서 많이 고생하실텐데 감사히 잘먹겠습니다~","date":"Mon Dec 10 23:59:44 +0000 2018","retweets":"30","favorites":"20","mentions":[],"hashtags":[],"geo":"","raw":"배달 해주신 친절하신 아저씨분이 사장님맞으시죠?사장님 어쩜그렇게 인자하게 생기셨나요.. 가끔 족발생각이나면 여기시켜먹는데요.. 맛있어서 행복해지고,, 사장님의 인자하신 모습에 한번더 신뢰가 가서 음식이 더 정성스럽게 느껴집니다.. 요즘 추위가 더욱 빨리 찾아와서 많이 고생하실텐데 감사히 잘먹겠습니다~","polarity":{"com":0.046660985384615376,"pos":0.5025810738846154,"neg":0.36320054292307685,"neut":0.03192077388461539,"none":0.05563662392307692},"intensity":{"high":0.10621738285023913,"low":0.10779275385029972,"meium":0.7295095466819043,"none":0.056480316617556946},"expressive":{"dir-action":0.001161989923166307,"dir-explicit":0.3040565541387736,"dir-speech":0.40053123687696396,"indirect":0.2384441610568034,"writing-device":0.05580605800429278}},{"id":"왕선왕 족발보쌈","permalink":"","username":"asdfg","text":"비릿내나고 퍽퍽하고 쟁반수는 다 불었고돈 아까워 죽겠네","date":"Mon Dec 10 23:59:44 +0000 2018","retweets":"30","favorites":"20","mentions":[],"hashtags":[],"geo":"","raw":"비릿내나고 퍽퍽하고 쟁반수는 다 불었고돈 아까워 죽겠네","polarity":{"com":0.006874014001374803,"pos":0.33831739586766346,"neg":0.5042692941008539,"neut":0.05114137601022827,"none":0.0993979200198796},"intensity":{"high":0.0881612416,"low":0.0892462732,"meium":0.7208957146,"none":0.1016967706},"expressive":{"dir-action":0.00229885060045977,"dir-explicit":0.24759007064951802,"dir-speech":0.3899481632779896,"indirect":0.24677227204935448,"writing-device":0.11339064342267813}}]