[{"id":"장군숯불족발보쌈","permalink":"","username":"asdfg","text":"양도 많고 친구랑 맛있게 먹었습니다 ㅎㅎ 담번에도 또 시켜먹을게요 ㅎㅎ","date":"Mon Dec 10 23:59:44 +0000 2018","retweets":"30","favorites":"20","mentions":[],"hashtags":[],"geo":"","raw":"양도 많고 친구랑 맛있게 먹었습니다 ㅎㅎ 담번에도 또 시켜먹을게요 ㅎㅎ","polarity":{"com":0.0011904761666666666,"pos":0.25370945466666667,"neg":0.642020359,"neut":0.0304606625,"none":0.07261904766666667},"intensity":{"high":0.16682482169447077,"low":0.12935357702155892,"meium":0.6312025536052005,"none":0.07261904767876984},"expressive":{"dir-action":0,"dir-explicit":0.23364964333333335,"dir-speech":0.6163244766666666,"indirect":0.0785973085,"writing-device":0.0714285715}},{"id":"장군숯불족발보쌈","permalink":"","username":"asdfg","text":"맛은평타..\n비계가 너무많음..ㅜㅜ","date":"Mon Dec 10 23:59:44 +0000 2018","retweets":"30","favorites":"20","mentions":[],"hashtags":[],"geo":"","raw":"맛은평타..\n비계가 너무많음..ㅜㅜ","polarity":{"com":0,"pos":0.5833333333958333,"neg":0.3333333333333333,"neut":0.08333333327083332,"none":0},"intensity":{"high":0,"low":0.125,"meium":0.875,"none":0},"expressive":{"dir-action":0,"dir-explicit":0.08333333327083332,"dir-speech":0.5833333333958333,"indirect":0.3333333333333333,"writing-device":0}},{"id":"장군숯불족발보쌈","permalink":"","username":"asdfg","text":"넘잘먹었어요\n양도많고 보쌈김치랑 무생채..정말 강추있니다\n생굴도오구 부모님 넘 좋아하셨음\n시켜먹는거 싫어하는 엄마도 김치 칭찬칭찬\n담에 또시켜먹을께욥","date":"Mon Dec 10 23:59:44 +0000 2018","retweets":"30","favorites":"20","mentions":[],"hashtags":[],"geo":"","raw":"넘잘먹었어요\n양도많고 보쌈김치랑 무생채..정말 강추있니다\n생굴도오구 부모님 넘 좋아하셨음\n시켜먹는거 싫어하는 엄마도 김치 칭찬칭찬\n담에 또시켜먹을께욥","polarity":{"com":0.019005102000000006,"pos":0.4315476189285714,"neg":0.4082482994285715,"neut":0.00867346935714286,"none":0.13252551028571433},"intensity":{"high":0.10324546484976818,"low":0.05904195006721129,"meium":0.7051870748067723,"none":0.13252551027624818},"expressive":{"dir-action":0,"dir-explicit":0.29373582760089495,"dir-speech":0.39465702951504905,"indirect":0.13367346940947522,"writing-device":0.17793367347458092}},{"id":"장군숯불족발보쌈","permalink":"","username":"asdfg","text":"진짜맛있어용 3명이 배터지게먹었어요 굿굿 사이드가 다 맛나고 양도 푸짐하네요 또 시켜먹을게요","date":"Mon Dec 10 23:59:44 +0000 2018","retweets":"30","favorites":"20","mentions":[],"hashtags":[],"geo":"","raw":"진짜맛있어용 3명이 배터지게먹었어요 굿굿 사이드가 다 맛나고 양도 푸짐하네요 또 시켜먹을게요","polarity":{"com":0.00908977137386378,"pos":0.40807109619899123,"neg":0.4966281770629215,"neut":0.02518698787185163,"none":0.06102396749237202},"intensity":{"high":0.0753471867594184,"low":0.09597874688699733,"meium":0.765607991220701,"none":0.06306607513288325},"expressive":{"dir-action":0.0009260361251157547,"dir-explicit":0.21108885190138615,"dir-speech":0.45063667655632966,"indirect":0.2575412890321927,"writing-device":0.07980714638497591}},{"id":"장군숯불족발보쌈","permalink":"","username":"asdfg","text":"석계에서 족발은 여기서만 시켜요ㅎㅎ오래된 곳은 이유가 있는 것 같아요 JMT~~","date":"Mon Dec 10 23:59:44 +0000 2018","retweets":"30","favorites":"20","mentions":[],"hashtags":[],"geo":"","raw":"석계에서 족발은 여기서만 시켜요ㅎㅎ오래된 곳은 이유가 있는 것 같아요 JMT~~","polarity":{"com":0.036723163992655364,"pos":0.3252656945349468,"neg":0.38459167952308165,"neut":0.06855122278628975,"none":0.18486823916302633},"intensity":{"high":0.17418513703483704,"low":0.037375054207475014,"meium":0.6035715695207143,"none":0.18486823923697365},"expressive":{"dir-action":0,"dir-explicit":0.45493658890901273,"dir-speech":0.29951009434009807,"indirect":0.06581328278683735,"writing-device":0.179740033964052}},{"id":"장군숯불족발보쌈","permalink":"","username":"asdfg","text":"동네에 이름났다한 체인점 족발집들 많지만\n장군족발이 최고네요\n매장에서만 먹다가 아기가 자는바람에 배달시켰는데\n정성가득 배달이 아쉽지않게 푸짐하게 왔습니다\n사장님 인심과 마음이 느껴져서 엄지척 저절로하게되네요\n샐러드랑 부추무침 보쌈김치에 굴까지 정말 넉넉하게주셨습니다\n맛있는것과 더불어 푸짐해서 더욱 사랑합니다 장군족발","date":"Mon Dec 10 23:59:44 +0000 2018","retweets":"30","favorites":"20","mentions":[],"hashtags":[],"geo":"","raw":"동네에 이름났다한 체인점 족발집들 많지만\n장군족발이 최고네요\n매장에서만 먹다가 아기가 자는바람에 배달시켰는데\n정성가득 배달이 아쉽지않게 푸짐하게 왔습니다\n사장님 인심과 마음이 느껴져서 엄지척 저절로하게되네요\n샐러드랑 부추무침 보쌈김치에 굴까지 정말 넉넉하게주셨습니다\n맛있는것과 더불어 푸짐해서 더욱 사랑합니다 장군족발","polarity":{"com":0.015582363499350734,"pos":0.5079216633538365,"neg":0.33684737448596463,"neut":0.03552796962351967,"none":0.1041206290373283},"intensity":{"high":0.17314186918109511,"low":0.07759801933979985,"meium":0.6415625037201301,"none":0.1076976077589748},"expressive":{"dir-action":0.0014902269585196116,"dir-explicit":0.2957155784119644,"dir-speech":0.33203901391650487,"indirect":0.2599969576574997,"writing-device":0.11075822305551143}},{"id":"장군숯불족발보쌈","permalink":"","username":"asdfg","text":"맛있어서 재주문했는데 요번엔 좀 까만색 이 너무 많아 별 두개 뺌","date":"Mon Dec 10 23:59:44 +0000 2018","retweets":"30","favorites":"20","mentions":[],"hashtags":[],"geo":"","raw":"맛있어서 재주문했는데 요번엔 좀 까만색 이 너무 많아 별 두개 뺌","polarity":{"com":0.0027649770003949944,"pos":0.4762270499251753,"neg":0.48008924006858417,"neut":0.02558700900365529,"none":0.015331724002190248},"intensity":{"high":0.14355204442857142,"low":0.05060346714285714,"meium":0.7902055447142857,"none":0.015638943714285713},"expressive":{"dir-action":0.000921659,"dir-explicit":0.06752980771428573,"dir-speech":0.4230414747142857,"indirect":0.4909077608571429,"writing-device":0.017599297714285714}},{"id":"장군숯불족발보쌈","permalink":"","username":"asdfg","text":"배달속도에 놀라고\n깔끔한 포장에 놀라고\n맛과양에 기절~~\n정말 잘먹었습니다","date":"Mon Dec 10 23:59:44 +0000 2018","retweets":"30","favorites":"20","mentions":[],"hashtags":[],"geo":"","raw":"배달속도에 놀라고\n깔끔한 포장에 놀라고\n맛과양에 기절~~\n정말 잘먹었습니다","polarity":{"com":0.003003003,"pos":0.47761824325,"neg":0.230996621625,"neut":0.25412912912499996,"none":0.034253003},"intensity":{"high":0.090653153125,"low":0.06953828824999998,"meium":0.8051801802499998,"none":0.03462837837499999},"expressive":{"dir-action":0.0003753753750000001,"dir-explicit":0.19181681675000004,"dir-speech":0.38973348350000003,"indirect":0.38344594600000004,"writing-device":0.034628378375000005}},{"id":"장군숯불족발보쌈","permalink":"","username":"asdfg","text":"금방 오고 양도 많고 좋았어요","date":"Mon Dec 10 23:59:44 +0000 2018","retweets":"30","favorites":"20","mentions":[],"hashtags":[],"geo":"","raw":"금방 오고 양도 많고 좋았어요","polarity":{"com":0,"pos":0.603768116,"neg":0.20173913033333335,"neut":0.18115942033333332,"none":0.013333333333333334},"intensity":{"high":0.1536231883845411,"low":0.08579710136193236,"meium":0.7472463769157488,"none":0.013333333337777779},"expressive":{"dir-action":0,"dir-explicit":0.373913043457971,"dir-speech":0.3057971014352657,"indirect":0.3069565217689855,"writing-device":0.013333333337777779}},{"id":"장군숯불족발보쌈","permalink":"","username":"asdfg","text":"우와 처음 배달앱으로 결제했는데요 진짜진짜 신세계에요 찾아보기 귀찮았는데 요기요결제 추천에떠서 구매했거든요! 삼십분만에 오고 양도 엄청 푸짐하고 샐러드랑 반찬 막국수까지 너무 맛있었어요! 어버이날이라 야식으로 주문했는데 뿌듯하고 기분 좋아요!! 재주문 의사 100%에요 다음에는 막국스 소스 넉넉하게 달라고하면 더 맛있을 것같아요ㅎㅎ 많이많이 파세요! 감사합니당","date":"Mon Dec 10 23:59:44 +0000 2018","retweets":"30","favorites":"20","mentions":[],"hashtags":[],"geo":"","raw":"우와 처음 배달앱으로 결제했는데요 진짜진짜 신세계에요 찾아보기 귀찮았는데 요기요결제 추천에떠서 구매했거든요! 삼십분만에 오고 양도 엄청 푸짐하고 샐러드랑 반찬 막국수까지 너무 맛있었어요! 어버이날이라 야식으로 주문했는데 뿌듯하고 기분 좋아요!! 재주문 의사 100%에요 다음에는 막국스 소스 넉넉하게 달라고하면 더 맛있을 것같아요ㅎㅎ 많이많이 파세요! 감사합니당","polarity":{"com":0.051520358517939194,"pos":0.42804572482287817,"neg":0.2993917861880243,"neut":0.10849094807566037,"none":0.11255118239549795},"intensity":{"high":0.12626811941010144,"low":0.0874449614069956,"meium":0.6709253814536741,"none":0.11536153772922891},"expressive":{"dir-action":0.0013362595199465496,"dir-explicit":0.25996479870960143,"dir-speech":0.3353631928265855,"indirect":0.28086365946876546,"writing-device":0.1224720894751011}}]