[{"id":"가장맛있는족발-봉화산역점","permalink":"","username":"asdfg","text":"항상맛잇음 굿굿굿굿굿","date":"Mon Dec 10 23:59:44 +0000 2018","retweets":"30","favorites":"20","mentions":[],"hashtags":[],"geo":"","raw":"항상맛잇음 굿굿굿굿굿","polarity":{"com":0,"pos":1,"neg":0,"neut":0,"none":0},"intensity":{"high":0,"low":0,"meium":1,"none":0},"expressive":{"dir-action":0,"dir-explicit":0.125,"dir-speech":0.125,"indirect":0.75,"writing-device":0}},{"id":"가장맛있는족발-봉화산역점","permalink":"","username":"asdfg","text":"다른 지점이랑 비교가 안될 정도로 맛있어요!!\n배 부를때 먹은건데도 너무 맛있어서 놀랬어요 ㅎㅎ\n이제 족발은 이곳에서만 먹어야겠어요 ㅎ","date":"Mon Dec 10 23:59:44 +0000 2018","retweets":"30","favorites":"20","mentions":[],"hashtags":[],"geo":"","raw":"다른 지점이랑 비교가 안될 정도로 맛있어요!!\n배 부를때 먹은건데도 너무 맛있어서 놀랬어요 ㅎㅎ\n이제 족발은 이곳에서만 먹어야겠어요 ㅎ","polarity":{"com":0.02886788354290275,"pos":0.2413193064217414,"neg":0.4890370929213903,"neut":0.0877877663211981,"none":0.15298795079276736},"intensity":{"high":0.06803490953322808,"low":0.2138338953681666,"meium":0.5651432443411428,"none":0.15298795075746247},"expressive":{"dir-action":0,"dir-explicit":0.16615110232047317,"dir-speech":0.5027003526540539,"indirect":0.177935178629072,"writing-device":0.15321336639640104}},{"id":"가장맛있는족발-봉화산역점","permalink":"","username":"asdfg","text":"2살애기랑 같이 먹으려고 반반족발 주문해써요^^\n애기가 잘먹네요 많이파세요~","date":"Mon Dec 10 23:59:44 +0000 2018","retweets":"30","favorites":"20","mentions":[],"hashtags":[],"geo":"","raw":"2살애기랑 같이 먹으려고 반반족발 주문해써요^^\n애기가 잘먹네요 많이파세요~","polarity":{"com":0.002551020428571428,"pos":0.5067254172857143,"neg":0.44655741099999996,"neut":0.04033962071428571,"none":0.0038265305714285706},"intensity":{"high":0.1708668315714286,"low":0.21083281800000003,"meium":0.6131983095714286,"none":0.005102040857142857},"expressive":{"dir-action":0.012987013,"dir-explicit":0.36814574314285714,"dir-speech":0.4320887445714286,"indirect":0.18295196871428573,"writing-device":0.0038265305714285714}},{"id":"가장맛있는족발-봉화산역점","permalink":"","username":"asdfg","text":"맛있고 빠르고 괜찮아요.","date":"Mon Dec 10 23:59:44 +0000 2018","retweets":"30","favorites":"20","mentions":[],"hashtags":[],"geo":"","raw":"맛있고 빠르고 괜찮아요.","polarity":{"com":0,"pos":0.5,"neg":0.5,"neut":0,"none":0},"intensity":{"high":0,"low":0.1666666665,"meium":0.8333333334999999,"none":0},"expressive":{"dir-action":0,"dir-explicit":0,"dir-speech":0.5,"indirect":0.5,"writing-device":0}},{"id":"가장맛있는족발-봉화산역점","permalink":"","username":"asdfg","text":"정말 맛있게 잘먹었어요~가족들끼리 즐거운 저녁이 되었네요. ㅎㅎ","date":"Mon Dec 10 23:59:44 +0000 2018","retweets":"30","favorites":"20","mentions":[],"hashtags":[],"geo":"","raw":"정말 맛있게 잘먹었어요~가족들끼리 즐거운 저녁이 되었네요. ㅎㅎ","polarity":{"com":0.033333333406666665,"pos":0.7928571429585715,"neg":0.10952380942190476,"neut":0.014285714202857142,"none":0.050000000010000004},"intensity":{"high":0.1833333334,"low":0.042857142800000005,"meium":0.7238095238000001,"none":0.05},"expressive":{"dir-action":0,"dir-explicit":0.5428571428,"dir-speech":0.1452380952,"indirect":0.261904762,"writing-device":0.05}},{"id":"가장맛있는족발-봉화산역점","permalink":"","username":"asdfg","text":"역시족발은가족입니당♥잡내도없고 너무맛있네여~~","date":"Mon Dec 10 23:59:44 +0000 2018","retweets":"30","favorites":"20","mentions":[],"hashtags":[],"geo":"","raw":"역시족발은가족입니당♥잡내도없고 너무맛있네여~~","polarity":{"com":0.04041991780808398,"pos":0.2843254178568651,"neg":0.4287237072857447,"neut":0.10145571902029116,"none":0.14507523802901504},"intensity":{"high":0.11906080184762433,"low":0.15811408426324564,"meium":0.5758081282303232,"none":0.14701698565880683},"expressive":{"dir-action":0,"dir-explicit":0.4042866930808573,"dir-speech":0.31891525306378304,"indirect":0.12197600442439518,"writing-device":0.15482204943096442}},{"id":"가장맛있는족발-봉화산역점","permalink":"","username":"asdfg","text":"정신없이 먹었어요 겉절이 훌륭한데\n급해서 양념소스가 많이들어갔나보네요 좀짰어요\n겉절이 양좀늘려주세요\n고추 마늘도요\n그럼 미친듯 먹을거같아요","date":"Mon Dec 10 23:59:44 +0000 2018","retweets":"30","favorites":"20","mentions":[],"hashtags":[],"geo":"","raw":"정신없이 먹었어요 겉절이 훌륭한데\n급해서 양념소스가 많이들어갔나보네요 좀짰어요\n겉절이 양좀늘려주세요\n고추 마늘도요\n그럼 미친듯 먹을거같아요","polarity":{"com":0.0048809523995119045,"pos":0.5714285713428571,"neg":0.34952380956504764,"neut":0.00976190469902381,"none":0.06440476199355953},"intensity":{"high":0.06706349209329365,"low":0.1586507935841349,"meium":0.7098809523290119,"none":0.06440476199355953},"expressive":{"dir-action":0,"dir-explicit":0.2957936508,"dir-speech":0.3819444444,"indirect":0.15440476190000002,"writing-device":0.1678571429}},{"id":"가장맛있는족발-봉화산역점","permalink":"","username":"asdfg","text":"두번째 시켜 먹는건데 맛나게 잘 먹었어요~","date":"Mon Dec 10 23:59:44 +0000 2018","retweets":"30","favorites":"20","mentions":[],"hashtags":[],"geo":"","raw":"두번째 시켜 먹는건데 맛나게 잘 먹었어요~","polarity":{"com":0.005952381001984127,"pos":0.3730158727910053,"neg":0.3353174604451058,"neut":0.03571428567857143,"none":0.25000000008333334},"intensity":{"high":0.0429894179856702,"low":0.16335978827888006,"meium":0.5436507938187831,"none":0.2499999999166667},"expressive":{"dir-action":0,"dir-explicit":0.16931216899999998,"dir-speech":0.34854497366666665,"indirect":0.2202380953333333,"writing-device":0.261904762}}]