[{"id":"원할머니보쌈 목동점","permalink":"","username":"asdfg","text":"배달도 빠르고 맛도 좋아요","date":"Mon Dec 10 23:59:44 +0000 2018","retweets":"30","favorites":"20","mentions":[],"hashtags":[],"geo":"","raw":"배달도 빠르고 맛도 좋아요","polarity":{"com":0,"pos":0.98,"neg":0.01,"neut":0,"none":0.01},"intensity":{"high":0.05,"low":0.09333333325,"meium":0.84666666675,"none":0.01},"expressive":{"dir-action":0,"dir-explicit":0.15,"dir-speech":0.55,"indirect":0.29,"writing-device":0.01}},{"id":"원할머니보쌈 목동점","permalink":"","username":"asdfg","text":"굳굳ㅎ","date":"Mon Dec 10 23:59:44 +0000 2018","retweets":"30","favorites":"20","mentions":[],"hashtags":[],"geo":"","raw":"굳굳ㅎㅎㅎㅎㅎㅎㅎㅎㅎㅎㅎㅎㅎㅎ","polarity":{"com":null,"pos":null,"neg":null,"neut":null,"none":null},"intensity":{"high":null,"low":null,"meium":null,"none":null},"expressive":{"dir-action":null,"dir-explicit":null,"dir-speech":null,"indirect":null,"writing-device":null}},{"id":"원할머니보쌈 목동점","permalink":"","username":"asdfg","text":"맛있어여~","date":"Mon Dec 10 23:59:44 +0000 2018","retweets":"30","favorites":"20","mentions":[],"hashtags":[],"geo":"","raw":"맛있어여~~~~~~~~~","polarity":{"com":null,"pos":null,"neg":null,"neut":null,"none":null},"intensity":{"high":null,"low":null,"meium":null,"none":null},"expressive":{"dir-action":null,"dir-explicit":null,"dir-speech":null,"indirect":null,"writing-device":null}},{"id":"원할머니보쌈 목동점","permalink":"","username":"asdfg","text":"정말 맛있습니다 깔끔하네여","date":"Mon Dec 10 23:59:44 +0000 2018","retweets":"30","favorites":"20","mentions":[],"hashtags":[],"geo":"","raw":"정말 맛있습니다 깔끔하네여","polarity":{"com":0.012012012,"pos":0.6813063065,"neg":0.153153153,"neut":0.0165165165,"none":0.137012012},"intensity":{"high":0.307057057,"low":0.042042042,"meium":0.5123873875,"none":0.1385135135},"expressive":{"dir-action":0.0015015015,"dir-explicit":0.406156156,"dir-speech":0.170045045,"indirect":0.283783784,"writing-device":0.1385135135}},{"id":"원할머니보쌈 목동점","permalink":"","username":"asdfg","text":"메뉴가 전부 다 맛있어요","date":"Mon Dec 10 23:59:44 +0000 2018","retweets":"30","favorites":"20","mentions":[],"hashtags":[],"geo":"","raw":"메뉴가 전부 다 맛있어요","polarity":{"com":0.0089285715,"pos":0.5625,"neg":0.232142857,"neut":0.0401785715,"none":0.15625},"intensity":{"high":0.22321428588839284,"low":0.05357142847321428,"meium":0.56249999971875,"none":0.16071428591964285},"expressive":{"dir-action":0,"dir-explicit":0.40178571429910714,"dir-speech":0.2991071428504464,"indirect":0.1428571429285714,"writing-device":0.156249999921875}},{"id":"원할머니보쌈 목동점","permalink":"","username":"asdfg","text":"매번 맛있게 먹고있습니다","date":"Mon Dec 10 23:59:44 +0000 2018","retweets":"30","favorites":"20","mentions":[],"hashtags":[],"geo":"","raw":"매번 맛있게 먹고있습니다","polarity":{"com":0,"pos":0.1666666665,"neg":0.8333333334999999,"neut":0,"none":0},"intensity":{"high":0.0555555555,"low":0.111111111,"meium":0.8333333334999999,"none":0},"expressive":{"dir-action":0,"dir-explicit":0.111111111,"dir-speech":0.888888889,"indirect":0,"writing-device":0}},{"id":"원할머니보쌈 목동점","permalink":"","username":"asdfg","text":"맛있어영~","date":"Mon Dec 10 23:59:44 +0000 2018","retweets":"30","favorites":"20","mentions":[],"hashtags":[],"geo":"","raw":"맛있어영~~~~~~~~~","polarity":{"com":null,"pos":null,"neg":null,"neut":null,"none":null},"intensity":{"high":null,"low":null,"meium":null,"none":null},"expressive":{"dir-action":null,"dir-explicit":null,"dir-speech":null,"indirect":null,"writing-device":null}},{"id":"원할머니보쌈 목동점","permalink":"","username":"asdfg","text":"배달원 관리좀 해주세요배달원 실수로 다른주소로 갔는데주소 제대로 안찍어줬냐면서 언성 높이는데 매우 불쾌합니다","date":"Mon Dec 10 23:59:44 +0000 2018","retweets":"30","favorites":"20","mentions":[],"hashtags":[],"geo":"","raw":"배달원 관리좀 해주세요배달원 실수로 다른주소로 갔는데주소 제대로 안찍어줬냐면서 언성 높이는데 매우 불쾌합니다","polarity":{"com":0.0038561365,"pos":0.5441399533750001,"neg":0.37088852937500005,"neut":0.041831833375,"none":0.039283547375000005},"intensity":{"high":0.16820457072897443,"low":0.178047999477744,"meium":0.6127582835484051,"none":0.04098914624487636},"expressive":{"dir-action":0.002243233250560808,"dir-explicit":0.24090987343522746,"dir-speech":0.23249148880812287,"indirect":0.4807615123701904,"writing-device":0.043593892135898475}},{"id":"원할머니보쌈 목동점","permalink":"","username":"asdfg","text":"양이 너무 많네요  맛나게 잘먹었어요","date":"Mon Dec 10 23:59:44 +0000 2018","retweets":"30","favorites":"20","mentions":[],"hashtags":[],"geo":"","raw":"양이 너무 많네요  맛나게 잘먹었어요","polarity":{"com":0,"pos":0.35714285717857136,"neg":0.6071428573035714,"neut":0.03571428551785714,"none":0},"intensity":{"high":0,"low":0.107142857,"meium":0.8928571430000001,"none":0},"expressive":{"dir-action":0,"dir-explicit":0.107142857,"dir-speech":0.5714285715,"indirect":0.3214285715,"writing-device":0}},{"id":"원할머니보쌈 목동점","permalink":"","username":"asdfg","text":"역시 원 최고입니다.너무 맛있어요","date":"Mon Dec 10 23:59:44 +0000 2018","retweets":"30","favorites":"20","mentions":[],"hashtags":[],"geo":"","raw":"역시 원 최고입니다.너무 맛있어요","polarity":{"com":0.047619047682539675,"pos":0.4920634921640212,"neg":0.23809523807936503,"neut":0.11111111103703702,"none":0.11111111103703702},"intensity":{"high":0.3809523811269841,"low":0.15873015871957669,"meium":0.3492063491164021,"none":0.11111111103703702},"expressive":{"dir-action":0,"dir-explicit":0.3015873014338624,"dir-speech":0.2063492064021164,"indirect":0.3809523811269841,"writing-device":0.11111111103703702}},{"id":"원할머니보쌈 목동점","permalink":"","username":"asdfg","text":"네번째 주문하네요.푸짐하고, 다양하고, 깔끔한 맛까지~^^만족합니다 ~","date":"Mon Dec 10 23:59:44 +0000 2018","retweets":"30","favorites":"20","mentions":[],"hashtags":[],"geo":"","raw":"네번째 주문하네요.푸짐하고, 다양하고, 깔끔한 맛까지~^^만족합니다 ~","polarity":{"com":0.008008007999999999,"pos":0.7042042043333332,"neg":0.2687687686666666,"neut":0.011011011,"none":0.008008007999999999},"intensity":{"high":0.038038038,"low":0.08863408866666667,"meium":0.8491673491666667,"none":0.024160524166666666},"expressive":{"dir-action":0.0010010010000000003,"dir-explicit":0.5131950131666667,"dir-speech":0.1966966966666667,"indirect":0.28009828016666666,"writing-device":0.009009009}},{"id":"원할머니보쌈 목동점","permalink":"","username":"asdfg","text":"맞있게잘먹었어요자주시켜먹을게요","date":"Mon Dec 10 23:59:44 +0000 2018","retweets":"30","favorites":"20","mentions":[],"hashtags":[],"geo":"","raw":"맞있게잘먹었어요자주시켜먹을게요","polarity":{"com":0,"pos":0.3739316236565171,"neg":0.5876068378530982,"neut":0.03846153849038462,"none":0},"intensity":{"high":0.11645299147088674,"low":0.1826923077043269,"meium":0.7008547008247862,"none":0},"expressive":{"dir-action":0.013888889,"dir-explicit":0.28525641025000004,"dir-speech":0.6175213675,"indirect":0.08333333325,"writing-device":0}},{"id":"원할머니보쌈 목동점","permalink":"","username":"asdfg","text":"이번꺼는 별로였네염~","date":"Mon Dec 10 23:59:44 +0000 2018","retweets":"30","favorites":"20","mentions":[],"hashtags":[],"geo":"","raw":"이번꺼는 별로였네염~","polarity":{"com":0.0076252723358750905,"pos":0.23436041074478678,"neg":0.595238095531746,"neut":0.06224712102074904,"none":0.10052910036684302},"intensity":{"high":0.053065670684355214,"low":0.10659819470219939,"meium":0.7398070342466023,"none":0.10052910036684301},"expressive":{"dir-action":0,"dir-explicit":0.5256769376666667,"dir-speech":0.28976034866666667,"indirect":0.07220666033333334,"writing-device":0.11235605333333333}},{"id":"원할머니보쌈 목동점","permalink":"","username":"asdfg","text":"맛있어용~","date":"Mon Dec 10 23:59:44 +0000 2018","retweets":"30","favorites":"20","mentions":[],"hashtags":[],"geo":"","raw":"맛있어용~~~~~~~~~~~","polarity":{"com":0,"pos":0,"neg":1,"neut":0,"none":0},"intensity":{"high":0,"low":0,"meium":1,"none":0},"expressive":{"dir-action":0,"dir-explicit":0,"dir-speech":1,"indirect":0,"writing-device":0}},{"id":"원할머니보쌈 목동점","permalink":"","username":"asdfg","text":"보쌈은 원할머니가 최고죠!!!^^","date":"Mon Dec 10 23:59:44 +0000 2018","retweets":"30","favorites":"20","mentions":[],"hashtags":[],"geo":"","raw":"보쌈은 원할머니가 최고죠!!!^^","polarity":{"com":0.017403148,"pos":0.3833232445,"neg":0.511803874,"neut":0.057127724000000005,"none":0.030342009499999996},"intensity":{"high":0.1312046005656023,"low":0.12136803856068401,"meium":0.7126210653563105,"none":0.03480629551740315},"expressive":{"dir-action":0,"dir-explicit":0.3230932205,"dir-speech":0.435911017,"indirect":0.210653753,"writing-device":0.030342009499999996}},{"id":"원할머니보쌈 목동점","permalink":"","username":"asdfg","text":"빠른배달 보장된 맛!역시 배달통이네요~^^","date":"Mon Dec 10 23:59:44 +0000 2018","retweets":"30","favorites":"20","mentions":[],"hashtags":[],"geo":"","raw":"빠른배달 보장된 맛!역시 배달통이네요~^^","polarity":{"com":0.010062636168343774,"pos":0.6823257081137211,"neg":0.12754629635459105,"neut":0.08747276684791214,"none":0.09259259251543211},"intensity":{"high":0.035825163345275045,"low":0.139311002046437,"meium":0.7301879087433959,"none":0.09467592586489197},"expressive":{"dir-action":0,"dir-explicit":0.2106889978684482,"dir-speech":0.45182461874197083,"indirect":0.241625817040271,"writing-device":0.09586056634931012}},{"id":"원할머니보쌈 목동점","permalink":"","username":"asdfg","text":"양은 많은데 평이 왜 이렇게 좋은지는 모르겠네요..평범해요..","date":"Mon Dec 10 23:59:44 +0000 2018","retweets":"30","favorites":"20","mentions":[],"hashtags":[],"geo":"","raw":"양은 많은데 평이 왜 이렇게 좋은지는 모르겠네요..평범해요..","polarity":{"com":0.00616740080123348,"pos":0.41209654548241925,"neg":0.3107365066621473,"neut":0.24536441664907285,"none":0.02563513040512702},"intensity":{"high":0.1196684938478674,"low":0.1255290264502116,"meium":0.7282862920913145,"none":0.02651618761060647},"expressive":{"dir-action":0.0008810572003524228,"dir-explicit":0.3389132411355653,"dir-speech":0.28905829031562336,"indirect":0.34145662053658266,"writing-device":0.029690790811876318}},{"id":"원할머니보쌈 목동점","permalink":"","username":"asdfg","text":"맛있어용 ㅎㅎㅎㅎㅎㅎㅎㅎ","date":"Mon Dec 10 23:59:44 +0000 2018","retweets":"30","favorites":"20","mentions":[],"hashtags":[],"geo":"","raw":"맛있어용 ㅎㅎㅎㅎㅎㅎㅎㅎ","polarity":{"com":0,"pos":0,"neg":1,"neut":0,"none":0},"intensity":{"high":0,"low":0,"meium":1,"none":0},"expressive":{"dir-action":0,"dir-explicit":0,"dir-speech":1,"indirect":0,"writing-device":0}},{"id":"원할머니보쌈 목동점","permalink":"","username":"asdfg","text":"기름이 절반 크기는 들쑥날쑥이네요.","date":"Mon Dec 10 23:59:44 +0000 2018","retweets":"30","favorites":"20","mentions":[],"hashtags":[],"geo":"","raw":"기름이 절반 크기는 들쑥날쑥이네요.","polarity":{"com":0.017904273672634762,"pos":0.37826643145942224,"neg":0.4087476401362493,"neut":0.09161569669720523,"none":0.10346595803448867},"intensity":{"high":0.08830796139220531,"low":0.15065105810043403,"meium":0.6561065937707378,"none":0.10493438673662292},"expressive":{"dir-action":0.0014684286671561428,"dir-explicit":0.330375909776792,"dir-speech":0.4101715088033905,"indirect":0.14122281304707426,"writing-device":0.11676133970558712}},{"id":"원할머니보쌈 목동점","permalink":"","username":"asdfg","text":"역시 원할머니보쌈 믿고먹어요 ㅎㅎ 엄청맛있어요","date":"Mon Dec 10 23:59:44 +0000 2018","retweets":"30","favorites":"20","mentions":[],"hashtags":[],"geo":"","raw":"역시 원할머니보쌈 믿고먹어요 ㅎㅎ 엄청맛있어요","polarity":{"com":0,"pos":0.2499999998125,"neg":0.5833333336458333,"neut":0.08333333327083334,"none":0.08333333327083334},"intensity":{"high":0.0694444445,"low":0.1805555555,"meium":0.66666666675,"none":0.08333333325},"expressive":{"dir-action":0,"dir-explicit":0.2222222221111111,"dir-speech":0.6111111113055555,"indirect":0.08333333329166666,"writing-device":0.08333333329166666}},{"id":"원할머니보쌈 목동점","permalink":"","username":"asdfg","text":"믿고 시키는 집 근데 이번엔 상추가 안왔던데...무슨 이유가 있겠죠..ㅋㅋ","date":"Mon Dec 10 23:59:44 +0000 2018","retweets":"30","favorites":"20","mentions":[],"hashtags":[],"geo":"","raw":"믿고 시키는 집 근데 이번엔 상추가 안왔던데...무슨 이유가 있겠죠..ㅋㅋ","polarity":{"com":0.00255102042893586,"pos":0.36592970519513285,"neg":0.5198412699314059,"neut":0.0965136054423591,"none":0.015164399002166346},"intensity":{"high":0.12273242641103822,"low":0.09693877555758017,"meium":0.7638888887480159,"none":0.016439909283365726},"expressive":{"dir-action":0,"dir-explicit":0.4095804989156544,"dir-speech":0.4017857143431123,"indirect":0.17120181402445744,"writing-device":0.017431972716775997}},{"id":"원할머니보쌈 목동점","permalink":"","username":"asdfg","text":"네, 그렇습니다. 언제나 맛있습니다.","date":"Mon Dec 10 23:59:44 +0000 2018","retweets":"30","favorites":"20","mentions":[],"hashtags":[],"geo":"","raw":"네, 그렇습니다. 언제나 맛있습니다.","polarity":{"com":0,"pos":0.125,"neg":0.75,"neut":0,"none":0.125},"intensity":{"high":0.1666666665,"low":0.0833333335,"meium":0.625,"none":0.125},"expressive":{"dir-action":0,"dir-explicit":0.04166666652083333,"dir-speech":0.6666666668333334,"indirect":0.16666666658333334,"writing-device":0.1250000000625}},{"id":"원할머니보쌈 목동점","permalink":"","username":"asdfg","text":"항상 맛있게 잘 먹고 있습니다~","date":"Mon Dec 10 23:59:44 +0000 2018","retweets":"30","favorites":"20","mentions":[],"hashtags":[],"geo":"","raw":"항상 맛있게 잘 먹고 있습니다~","polarity":{"com":0,"pos":0.8571428574285714,"neg":0.10714285705357143,"neut":0.035714285517857144,"none":0},"intensity":{"high":0,"low":0.107142857,"meium":0.8928571430000001,"none":0},"expressive":{"dir-action":0,"dir-explicit":0.357142857,"dir-speech":0.3214285715,"indirect":0.3214285715,"writing-device":0}},{"id":"원할머니보쌈 목동점","permalink":"","username":"asdfg","text":"단골이지만 이건아닌듯..오늘 비계가 너무 심합니다","date":"Mon Dec 10 23:59:44 +0000 2018","retweets":"30","favorites":"20","mentions":[],"hashtags":[],"geo":"","raw":"단골이지만 이건아닌듯..오늘 비계가 너무 심합니다","polarity":{"com":0.010183239999999998,"pos":0.5740838002499999,"neg":0.26884920625,"neut":0.04296510274999999,"none":0.10391865074999997},"intensity":{"high":0.07204131650000001,"low":0.0888772175,"meium":0.73293067225,"none":0.10615079374999999},"expressive":{"dir-action":0,"dir-explicit":0.23999183024999998,"dir-speech":0.212111928,"indirect":0.43907563025,"writing-device":0.10882061150000001}},{"id":"원할머니보쌈 목동점","permalink":"","username":"asdfg","text":"맛있게 먹었습니다ㅎ 또 시킬게요~","date":"Mon Dec 10 23:59:44 +0000 2018","retweets":"30","favorites":"20","mentions":[],"hashtags":[],"geo":"","raw":"맛있게 먹었습니다ㅎ 또 시킬게요~","polarity":{"com":0,"pos":0.1587301586137566,"neg":0.6984126984338624,"neut":0,"none":0.14285714295238094},"intensity":{"high":0.037037037,"low":0.074074074,"meium":0.7460317459999999,"none":0.142857143},"expressive":{"dir-action":0,"dir-explicit":0.12169312166666667,"dir-speech":0.687830688,"indirect":0,"writing-device":0.19047619033333332}},{"id":"원할머니보쌈 목동점","permalink":"","username":"asdfg","text":"배달통 사장님!! 포인트좀 많이주세요! 저만요 ㅎㅎ","date":"Mon Dec 10 23:59:44 +0000 2018","retweets":"30","favorites":"20","mentions":[],"hashtags":[],"geo":"","raw":"배달통 사장님!! 포인트좀 많이주세요! 저만요 ㅎㅎ","polarity":{"com":0,"pos":0.73333333325,"neg":0.26666666675,"neut":0,"none":0},"intensity":{"high":0,"low":0.08333333325,"meium":0.91666666675,"none":0},"expressive":{"dir-action":0,"dir-explicit":0.225,"dir-speech":0.675,"indirect":0.1,"writing-device":0}},{"id":"원할머니보쌈 목동점","permalink":"","username":"asdfg","text":"맛있어용 ㅎ","date":"Mon Dec 10 23:59:44 +0000 2018","retweets":"30","favorites":"20","mentions":[],"hashtags":[],"geo":"","raw":"맛있어용 ㅎㅎㅎㅎㅎㅎㅎㅎㅎㅎ","polarity":{"com":0,"pos":0,"neg":1,"neut":0,"none":0},"intensity":{"high":0,"low":0,"meium":1,"none":0},"expressive":{"dir-action":0,"dir-explicit":0,"dir-speech":1,"indirect":0,"writing-device":0}},{"id":"원할머니보쌈 목동점","permalink":"","username":"asdfg","text":"맛있어요 ㅎㅎㅎㅎㅎㅎ","date":"Mon Dec 10 23:59:44 +0000 2018","retweets":"30","favorites":"20","mentions":[],"hashtags":[],"geo":"","raw":"맛있어요 ㅎㅎㅎㅎㅎㅎ","polarity":{"com":0,"pos":0,"neg":1,"neut":0,"none":0},"intensity":{"high":0,"low":0,"meium":1,"none":0},"expressive":{"dir-action":0,"dir-explicit":0,"dir-speech":1,"indirect":0,"writing-device":0}},{"id":"원할머니보쌈 목동점","permalink":"","username":"asdfg","text":"괜찮앗어여 !!여러명이 대자시켜서 맛잇게먹엇어요","date":"Mon Dec 10 23:59:44 +0000 2018","retweets":"30","favorites":"20","mentions":[],"hashtags":[],"geo":"","raw":"괜찮앗어여 !!여러명이 대자시켜서 맛잇게먹엇어요","polarity":{"com":0,"pos":0.444444444,"neg":0.555555556,"neut":0,"none":0},"intensity":{"high":0.1666666668333333,"low":0.05555555594444444,"meium":0.7777777772222222,"none":0},"expressive":{"dir-action":0.055555556,"dir-explicit":0.388888889,"dir-speech":0.222222222,"indirect":0.333333333,"writing-device":0}},{"id":"원할머니보쌈 목동점","permalink":"","username":"asdfg","text":"단골입니다.먹어도 맛있어요.근데 혼자먹기 너무 많어요","date":"Mon Dec 10 23:59:44 +0000 2018","retweets":"30","favorites":"20","mentions":[],"hashtags":[],"geo":"","raw":"단골입니다.먹어도 맛있어요.근데 혼자먹기 너무 많어요","polarity":{"com":0,"pos":0.3318352060000001,"neg":0.5647940076000001,"neut":0.013483146000000001,"none":0.08988764040000002},"intensity":{"high":0.02896379520579276,"low":0.12459425702491884,"meium":0.7565543073513108,"none":0.08988764041797753},"expressive":{"dir-action":0,"dir-explicit":0.08039950058392012,"dir-speech":0.515855181096829,"indirect":0.28913857674217236,"writing-device":0.11460674157707866}},{"id":"원할머니보쌈 목동점","permalink":"","username":"asdfg","text":"늘 맛있게먹고있습니다","date":"Mon Dec 10 23:59:44 +0000 2018","retweets":"30","favorites":"20","mentions":[],"hashtags":[],"geo":"","raw":"늘 맛있게먹고있습니다","polarity":{"com":0,"pos":0.1666666665,"neg":0.8333333334999999,"neut":0,"none":0},"intensity":{"high":0.0555555555,"low":0.111111111,"meium":0.8333333334999999,"none":0},"expressive":{"dir-action":0,"dir-explicit":0.111111111,"dir-speech":0.888888889,"indirect":0,"writing-device":0}},{"id":"원할머니보쌈 목동점","permalink":"","username":"asdfg","text":"깔끔하고맛있어요~~~~","date":"Mon Dec 10 23:59:44 +0000 2018","retweets":"30","favorites":"20","mentions":[],"hashtags":[],"geo":"","raw":"깔끔하고맛있어요~~~~","polarity":{"com":0.012012012,"pos":0.3063063065,"neg":0.653153153,"neut":0.0165165165,"none":0.012012012},"intensity":{"high":0.057057057,"low":0.042042042,"meium":0.8873873875,"none":0.0135135135},"expressive":{"dir-action":0.0015015015000000005,"dir-explicit":0.15615615600000002,"dir-speech":0.5450450450000001,"indirect":0.28378378400000004,"writing-device":0.013513513500000003}},{"id":"원할머니보쌈 목동점","permalink":"","username":"asdfg","text":"항상시켜먹는 곳^^근데 혼자먹기에 너무많아요","date":"Mon Dec 10 23:59:44 +0000 2018","retweets":"30","favorites":"20","mentions":[],"hashtags":[],"geo":"","raw":"항상시켜먹는 곳^^근데 혼자먹기에 너무많아요","polarity":{"com":0.03333333339333332,"pos":0.36666666652666663,"neg":0.5666666666866665,"neut":0.033333333393333324,"none":0},"intensity":{"high":0.055555555600000014,"low":0.11111111100000001,"meium":0.8333333334,"none":0},"expressive":{"dir-action":0,"dir-explicit":0.24444444440000007,"dir-speech":0.6888888890000001,"indirect":0.06666666660000001,"writing-device":0}},{"id":"원할머니보쌈 목동점","permalink":"","username":"asdfg","text":"좋아요 ㅋㅋㅋ 깔끔하고 역시","date":"Mon Dec 10 23:59:44 +0000 2018","retweets":"30","favorites":"20","mentions":[],"hashtags":[],"geo":"","raw":"좋아요 ㅋㅋㅋ 깔끔하고 역시","polarity":{"com":0.008008008002669337,"pos":0.6219819822073274,"neg":0.11543543537181179,"neut":0.12212212204070738,"none":0.13245245237748415},"intensity":{"high":0.10470470470156824,"low":0.1524724723841575,"meium":0.6093693695364565,"none":0.13345345337781783},"expressive":{"dir-action":0.0010010010003336672,"dir-explicit":0.4152152151384051,"dir-speech":0.20780780773593593,"indirect":0.24252252274750752,"writing-device":0.13345345337781783}},{"id":"원할머니보쌈 목동점","permalink":"","username":"asdfg","text":"오랜만에 손님 접대로 시켰네요. 보쌈은 늘 먹던거라 역시지만 냉채족발이 정말 취향저격입니다. 소스도 맘에 들어요","date":"Mon Dec 10 23:59:44 +0000 2018","retweets":"30","favorites":"20","mentions":[],"hashtags":[],"geo":"","raw":"오랜만에 손님 접대로 시켰네요. 보쌈은 늘 먹던거라 역시지만 냉채족발이 정말 취향저격입니다. 소스도 맘에 들어요","polarity":{"com":0.007073166455831487,"pos":0.38488279452452423,"neg":0.41874544325795376,"neut":0.05567349073739519,"none":0.1336251050242955},"intensity":{"high":0.06285501129558363,"low":0.09732495239902725,"meium":0.7057944507111978,"none":0.13402558559419112},"expressive":{"dir-action":0.00040048054549095274,"dir-explicit":0.18869300756260846,"dir-speech":0.5264264782296751,"indirect":0.15165226992287748,"writing-device":0.132827763739348}},{"id":"원할머니보쌈 목동점","permalink":"","username":"asdfg","text":"늘상 맛있는 보쌈이죠~","date":"Mon Dec 10 23:59:44 +0000 2018","retweets":"30","favorites":"20","mentions":[],"hashtags":[],"geo":"","raw":"늘상 맛있는 보쌈이죠~","polarity":{"com":0.0114379085,"pos":0.1928104575,"neg":0.638888889,"neut":0.045751634,"none":0.111111111},"intensity":{"high":0.06372549003186273,"low":0.04084967302042484,"meium":0.7843137258921569,"none":0.11111111105555554},"expressive":{"dir-action":0,"dir-explicit":0.209150327,"dir-speech":0.6013071895,"indirect":0.068627451,"writing-device":0.1209150325}},{"id":"원할머니보쌈 목동점","permalink":"","username":"asdfg","text":"좋습니다^^ 또 시켜먹을게요!!!","date":"Mon Dec 10 23:59:44 +0000 2018","retweets":"30","favorites":"20","mentions":[],"hashtags":[],"geo":"","raw":"좋습니다^^ 또 시켜먹을게요!!!","polarity":{"com":0,"pos":0.4653968251782011,"neg":0.37841269854052906,"neut":0,"none":0.15619047628126984},"intensity":{"high":0.10370370366666667,"low":0.08740740733333335,"meium":0.6526984126666667,"none":0.15619047633333336},"expressive":{"dir-action":0,"dir-explicit":0.32169312166666664,"dir-speech":0.42116402133333336,"indirect":0.05333333333333334,"writing-device":0.2038095236666667}},{"id":"원할머니보쌈 목동점","permalink":"","username":"asdfg","text":"맛있게 잘 먹었어요~배달은 생각보다 오래걸렸지만... 편리함 때문에 또 이용할 생각입니다 ","date":"Mon Dec 10 23:59:44 +0000 2018","retweets":"30","favorites":"20","mentions":[],"hashtags":[],"geo":"","raw":"맛있게 잘 먹었어요~배달은 생각보다 오래걸렸지만... 편리함 때문에 또 이용할 생각입니다 ","polarity":{"com":0.0021505376666666664,"pos":0.38869687655555557,"neg":0.4254309608888889,"neut":0.07281105988888889,"none":0.110910565},"intensity":{"high":0.061827956895758665,"low":0.10152756434461417,"meium":0.7254949650806106,"none":0.11114951367901663},"expressive":{"dir-action":0.000716845888888889,"dir-explicit":0.18105052055555554,"dir-speech":0.4460957502222223,"indirect":0.24535330255555554,"writing-device":0.1267835807777778}},{"id":"원할머니보쌈 목동점","permalink":"","username":"asdfg","text":"처음엔 고기양이 적은줄 알았는데 양도많고 맛도있고 고기말고 다른거도 다 맛나네요 ㅎㅎ","date":"Mon Dec 10 23:59:44 +0000 2018","retweets":"30","favorites":"20","mentions":[],"hashtags":[],"geo":"","raw":"처음엔 고기양이 적은줄 알았는데 양도많고 맛도있고 고기말고 다른거도 다 맛나네요 ㅎㅎ","polarity":{"com":0.015178571399999998,"pos":0.3690907522,"neg":0.40195824709999994,"neut":0.11744306419999999,"none":0.09632936510000001},"intensity":{"high":0.08729727400000001,"low":0.1509057971,"meium":0.6654675638,"none":0.09632936510000001},"expressive":{"dir-action":0,"dir-explicit":0.23411835747658816,"dir-speech":0.43037008285696304,"indirect":0.0875948929912405,"writing-device":0.24791666667520837}},{"id":"원할머니보쌈 목동점","permalink":"","username":"asdfg","text":"엄청맛있아요 ㅎㅎㅎㅎㅎ","date":"Mon Dec 10 23:59:44 +0000 2018","retweets":"30","favorites":"20","mentions":[],"hashtags":[],"geo":"","raw":"엄청맛있아요 ㅎㅎㅎㅎㅎ","polarity":{"com":null,"pos":null,"neg":null,"neut":null,"none":null},"intensity":{"high":null,"low":null,"meium":null,"none":null},"expressive":{"dir-action":null,"dir-explicit":null,"dir-speech":null,"indirect":null,"writing-device":null}},{"id":"원할머니보쌈 목동점","permalink":"","username":"asdfg","text":"맛잇게 잘먹엇어여... 근데 주말여서 그런지 배달이 좀 늦엇어여..","date":"Mon Dec 10 23:59:44 +0000 2018","retweets":"30","favorites":"20","mentions":[],"hashtags":[],"geo":"","raw":"맛잇게 잘먹엇어여... 근데 주말여서 그런지 배달이 좀 늦엇어여..","polarity":{"com":0,"pos":0.8125,"neg":0.125,"neut":0,"none":0.0625},"intensity":{"high":0.08333333325,"low":0.04166666675,"meium":0.8125,"none":0.0625},"expressive":{"dir-action":0,"dir-explicit":0.12083333328020833,"dir-speech":0.7333333334333333,"indirect":0.08333333327083332,"writing-device":0.062500000015625}},{"id":"원할머니보쌈 목동점","permalink":"","username":"asdfg","text":"정말 맛있습니다 다음에는 족발도 먹어바야겠습니다","date":"Mon Dec 10 23:59:44 +0000 2018","retweets":"30","favorites":"20","mentions":[],"hashtags":[],"geo":"","raw":"정말 맛있습니다 다음에는 족발도 먹어바야겠습니다","polarity":{"com":0.0017857142504464284,"pos":0.32043650783010913,"neg":0.45912698436478167,"neut":0.027380952256845236,"none":0.19126984129781746},"intensity":{"high":0.16865079375,"low":0.08809523799999999,"meium":0.551984127,"none":0.19126984125000002},"expressive":{"dir-action":0,"dir-explicit":0.2111111111972222,"dir-speech":0.5541666666114583,"indirect":0.04126984123968254,"writing-device":0.19345238095163692}},{"id":"원할머니보쌈 목동점","permalink":"","username":"asdfg","text":"맛있어요 늘 맛있는듯","date":"Mon Dec 10 23:59:44 +0000 2018","retweets":"30","favorites":"20","mentions":[],"hashtags":[],"geo":"","raw":"맛있어요 늘 맛있는듯","polarity":{"com":0,"pos":0.16666666666666666,"neg":0.7777777776666667,"neut":0,"none":0.055555555666666666},"intensity":{"high":0,"low":0.05555555564814815,"meium":0.8888888887037038,"none":0.05555555564814815},"expressive":{"dir-action":0,"dir-explicit":0.055555555666666666,"dir-speech":0.7777777776666667,"indirect":0.111111111,"writing-device":0.055555555666666666}},{"id":"원할머니보쌈 목동점","permalink":"","username":"asdfg","text":"단골입니다.보쌈은 역시 할매보쌈이죠^^","date":"Mon Dec 10 23:59:44 +0000 2018","retweets":"30","favorites":"20","mentions":[],"hashtags":[],"geo":"","raw":"단골입니다.보쌈은 역시 할매보쌈이죠^^","polarity":{"com":0.01327499,"pos":0.5805177060000001,"neg":0.27903327066666667,"neut":0.04180052433333333,"none":0.085373509},"intensity":{"high":0.0763819650509213,"low":0.07243085538162057,"meium":0.7658136705105425,"none":0.08537350905691567},"expressive":{"dir-action":0,"dir-explicit":0.22982903166666668,"dir-speech":0.25397880433333336,"indirect":0.42428270733333334,"writing-device":0.09190945666666667}},{"id":"원할머니보쌈 목동점","permalink":"","username":"asdfg","text":"오우 뤠알 밥도둑 맛이 아주 에바쎄바드록바도 뺨칠 맛 동의? 어 보감~ 고기가 에바참치꽁치넙치갈치 앙 기무치~ 에 싸먹으면 개꿀맛 밥도둑","date":"Mon Dec 10 23:59:44 +0000 2018","retweets":"30","favorites":"20","mentions":[],"hashtags":[],"geo":"","raw":"오우 뤠알 밥도둑 맛이 아주 에바쎄바드록바도 뺨칠 맛 동의? 어 보감~ 고기가 에바참치꽁치넙치갈치 앙 기무치~ 에 싸먹으면 개꿀맛 밥도둑","polarity":{"com":0.0010204081427113703,"pos":0.6788806430458741,"neg":0.22983920853859444,"neut":0.015027829283567455,"none":0.07523191098925258},"intensity":{"high":0.08498247785714286,"low":0.07404658828571428,"meium":0.7657390228571429,"none":0.075231911},"expressive":{"dir-action":0,"dir-explicit":0.09723768297221781,"dir-speech":0.670202020094228,"indirect":0.1453617811013252,"writing-device":0.087198515832229}},{"id":"원할머니보쌈 목동점","permalink":"","username":"asdfg","text":"역시 짱 맛있어요.보쌈도먹고 족발도먹고 항상 보쌈만먹었는데....원 족발 진짜 맛있어요^^","date":"Mon Dec 10 23:59:44 +0000 2018","retweets":"30","favorites":"20","mentions":[],"hashtags":[],"geo":"","raw":"역시 짱 맛있어요.보쌈도먹고 족발도먹고 항상 보쌈만먹었는데....원 족발 진짜 맛있어요^^","polarity":{"com":0.0017857142502232142,"pos":0.2916666665364583,"neg":0.5107142859388393,"neut":0.045238095130654764,"none":0.15059523814382442},"intensity":{"high":0.07142857150892856,"low":0.08809523801101189,"meium":0.6898809523362351,"none":0.15059523814382442},"expressive":{"dir-action":0,"dir-explicit":0.20416666672447917,"dir-speech":0.5541666665557292,"indirect":0.09285714286339285,"writing-device":0.1488095238563988}},{"id":"원할머니보쌈 목동점","permalink":"","username":"asdfg","text":"엄마가 맛있게 잘 드셨다고 하네요","date":"Mon Dec 10 23:59:44 +0000 2018","retweets":"30","favorites":"20","mentions":[],"hashtags":[],"geo":"","raw":"엄마가 맛있게 잘 드셨다고 하네요","polarity":{"com":0.003831417667943806,"pos":0.3453749314484583,"neg":0.5388615218462872,"neut":0.04679802934893268,"none":0.06513409968837804},"intensity":{"high":0.03831417632056194,"low":0.11357416529547527,"meium":0.779146141073618,"none":0.06896551731034482},"expressive":{"dir-action":0.003831417667943805,"dir-explicit":0.12506841804168944,"dir-speech":0.5188834155062945,"indirect":0.27558839642519606,"writing-device":0.0766283523588761}},{"id":"원할머니보쌈 목동점","permalink":"","username":"asdfg","text":"존맛이여서 두번이나 시켰음","date":"Mon Dec 10 23:59:44 +0000 2018","retweets":"30","favorites":"20","mentions":[],"hashtags":[],"geo":"","raw":"존맛이여서 두번이나 시켰음","polarity":{"com":0,"pos":0.5833333333333334,"neg":0.375,"neut":0.041666666666666664,"none":0},"intensity":{"high":0.125,"low":0,"meium":0.875,"none":0},"expressive":{"dir-action":0,"dir-explicit":0.08333333333333333,"dir-speech":0.7083333333333334,"indirect":0.20833333333333334,"writing-device":0}},{"id":"원할머니보쌈 목동점","permalink":"","username":"asdfg","text":"양이넉넉해서 좋았어요","date":"Mon Dec 10 23:59:44 +0000 2018","retweets":"30","favorites":"20","mentions":[],"hashtags":[],"geo":"","raw":"양이넉넉해서 좋았어요","polarity":{"com":0.018287009333333337,"pos":0.6547768916666667,"neg":0.26227831333333335,"neut":0.04037958666666667,"none":0.024278199},"intensity":{"high":0.13994699537998231,"low":0.08541422469513807,"meium":0.747891151249297,"none":0.02674762867558254},"expressive":{"dir-action":0.00246942966748981,"dir-explicit":0.44213640948071214,"dir-speech":0.21710785673903596,"indirect":0.31153867543717956,"writing-device":0.026747628675582544}},{"id":"원할머니보쌈 목동점","permalink":"","username":"asdfg","text":"떡 맛있어여 ~!!","date":"Mon Dec 10 23:59:44 +0000 2018","retweets":"30","favorites":"20","mentions":[],"hashtags":[],"geo":"","raw":"떡 맛있어여 ~!!","polarity":{"com":0,"pos":1,"neg":0,"neut":0,"none":0},"intensity":{"high":0,"low":0,"meium":1,"none":0},"expressive":{"dir-action":0,"dir-explicit":0,"dir-speech":1,"indirect":0,"writing-device":0}},{"id":"원할머니보쌈 목동점","permalink":"","username":"asdfg","text":"맛있는데 중자 하나 비계가 많았어요","date":"Mon Dec 10 23:59:44 +0000 2018","retweets":"30","favorites":"20","mentions":[],"hashtags":[],"geo":"","raw":"맛있는데 중자 하나 비계가 많았어요","polarity":{"com":0,"pos":0.14285714300000002,"neg":0.857142857,"neut":0,"none":0},"intensity":{"high":0.21428571439285712,"low":0.1428571429285714,"meium":0.6428571426785714,"none":0},"expressive":{"dir-action":0,"dir-explicit":0.2857142855,"dir-speech":0.5714285715,"indirect":0.142857143,"writing-device":0}},{"id":"원할머니보쌈 목동점","permalink":"","username":"asdfg","text":"역시 맛있어요 너무잘먹었습니다","date":"Mon Dec 10 23:59:44 +0000 2018","retweets":"30","favorites":"20","mentions":[],"hashtags":[],"geo":"","raw":"역시 맛있어요 너무잘먹었습니다","polarity":{"com":0.04761904768253968,"pos":0.26984126975661377,"neg":0.46031746048677247,"neut":0.11111111103703704,"none":0.11111111103703704},"intensity":{"high":0.08465608469488536,"low":0.23280423274426806,"meium":0.5714285715238094,"none":0.11111111103703704},"expressive":{"dir-action":0,"dir-explicit":0.3756613754585537,"dir-speech":0.4656084658218695,"indirect":0.047619047682539675,"writing-device":0.11111111103703702}},{"id":"원할머니보쌈 목동점","permalink":"","username":"asdfg","text":"보쌈고기 냄새 안나고 맛있어요","date":"Mon Dec 10 23:59:44 +0000 2018","retweets":"30","favorites":"20","mentions":[],"hashtags":[],"geo":"","raw":"보쌈고기 냄새 안나고 맛있어요","polarity":{"com":0,"pos":0.11111111103703702,"neg":0.44444444448148146,"neut":0.44444444448148146,"none":0},"intensity":{"high":0,"low":0.22222222233333333,"meium":0.7777777776666667,"none":0},"expressive":{"dir-action":0,"dir-explicit":0,"dir-speech":0.888888889,"indirect":0.111111111,"writing-device":0}},{"id":"원할머니보쌈 목동점","permalink":"","username":"asdfg","text":"매번 보쌈땡길때 시켜먹어요깔끔하고 굿!","date":"Mon Dec 10 23:59:44 +0000 2018","retweets":"30","favorites":"20","mentions":[],"hashtags":[],"geo":"","raw":"매번 보쌈땡길때 시켜먹어요깔끔하고 굿!","polarity":{"com":0.006006005998498498,"pos":0.5773955773556512,"neg":0.3341523341664619,"neut":0.07644007648088998,"none":0.006006005998498498},"intensity":{"high":0.07903357899999999,"low":0.14475839475,"meium":0.7694512695,"none":0.00675675675},"expressive":{"dir-action":0.0007507507500000002,"dir-explicit":0.17908817900000001,"dir-speech":0.42151242150000007,"indirect":0.391891892,"writing-device":0.0067567567500000005}},{"id":"원할머니보쌈 목동점","permalink":"","username":"asdfg","text":"보쌈은 역 원할머니죠. ","date":"Mon Dec 10 23:59:44 +0000 2018","retweets":"30","favorites":"20","mentions":[],"hashtags":[],"geo":"","raw":"보쌈은 역 원할머니죠. ","polarity":{"com":0.016949153,"pos":0.355932203,"neg":0.559322034,"neut":0.033898305,"none":0.033898305},"intensity":{"high":0.10169491510169491,"low":0.1355932201355932,"meium":0.7288135597288136,"none":0.0338983050338983},"expressive":{"dir-action":0,"dir-explicit":0.271186441,"dir-speech":0.559322034,"indirect":0.13559322,"writing-device":0.033898305}},{"id":"원할머니보쌈 목동점","permalink":"","username":"asdfg","text":"맛있었어요~~~~!!!","date":"Mon Dec 10 23:59:44 +0000 2018","retweets":"30","favorites":"20","mentions":[],"hashtags":[],"geo":"","raw":"맛있었어요~~~~!!!","polarity":{"com":0,"pos":0,"neg":1,"neut":0,"none":0},"intensity":{"high":0,"low":0,"meium":1,"none":0},"expressive":{"dir-action":0,"dir-explicit":0,"dir-speech":1,"indirect":0,"writing-device":0}},{"id":"원할머니보쌈 목동점","permalink":"","username":"asdfg","text":"맛있어요~~~~~~~^^","date":"Mon Dec 10 23:59:44 +0000 2018","retweets":"30","favorites":"20","mentions":[],"hashtags":[],"geo":"","raw":"맛있어요~~~~~~~^^","polarity":{"com":0,"pos":0,"neg":1,"neut":0,"none":0},"intensity":{"high":0,"low":0,"meium":1,"none":0},"expressive":{"dir-action":0,"dir-explicit":0,"dir-speech":1,"indirect":0,"writing-device":0}},{"id":"원할머니보쌈 목동점","permalink":"","username":"asdfg","text":"너무 맛있습니다!!!","date":"Mon Dec 10 23:59:44 +0000 2018","retweets":"30","favorites":"20","mentions":[],"hashtags":[],"geo":"","raw":"너무 맛있습니다!!!","polarity":{"com":0.142857143,"pos":0.142857143,"neg":0.714285714,"neut":0,"none":0},"intensity":{"high":0.142857143,"low":0.142857143,"meium":0.714285714,"none":0},"expressive":{"dir-action":0,"dir-explicit":0.5714285710000001,"dir-speech":0.28571428600000004,"indirect":0.14285714300000002,"writing-device":0}},{"id":"원할머니보쌈 목동점","permalink":"","username":"asdfg","text":"보쌈만 먹다 보족은 첨이라 생각보다 야채가 많이 왔어요.","date":"Mon Dec 10 23:59:44 +0000 2018","retweets":"30","favorites":"20","mentions":[],"hashtags":[],"geo":"","raw":"보쌈만 먹다 보족은 첨이라 생각보다 야채가 많이 왔어요.","polarity":{"com":0.007964994,"pos":0.42331062360000005,"neg":0.434086629,"neut":0.0750803146,"none":0.059557438799999994},"intensity":{"high":0.06249584562499833,"low":0.29345851331738343,"meium":0.5844882022337953,"none":0.05955743882382297},"expressive":{"dir-action":0,"dir-explicit":0.412897419,"dir-speech":0.4440539492,"indirect":0.07956962440000001,"writing-device":0.0634790074}},{"id":"원할머니보쌈 목동점","permalink":"","username":"asdfg","text":"맛있습니다! 특히 떡쌈?!이 최고!!!","date":"Mon Dec 10 23:59:44 +0000 2018","retweets":"30","favorites":"20","mentions":[],"hashtags":[],"geo":"","raw":"맛있습니다! 특히 떡쌈?!이 최고!!!","polarity":{"com":0.010279001333333334,"pos":0.17723935400000002,"neg":0.5135095446666668,"neut":0.04603524233333334,"none":0.2529368576666667},"intensity":{"high":0.101908957367303,"low":0.060719530020239845,"meium":0.582966226194322,"none":0.2544052864181351},"expressive":{"dir-action":0.0014684286671561428,"dir-explicit":0.17136563872378854,"dir-speech":0.47041116015680373,"indirect":0.11901615270633871,"writing-device":0.23773861974591287}},{"id":"원할머니보쌈 목동점","permalink":"","username":"asdfg","text":"역시 맛있음..짱입니다.근데 혼자먹기 많음","date":"Mon Dec 10 23:59:44 +0000 2018","retweets":"30","favorites":"20","mentions":[],"hashtags":[],"geo":"","raw":"역시 맛있음..짱입니다.근데 혼자먹기 많음","polarity":{"com":0.0038126361673021057,"pos":0.34079949089013317,"neg":0.4058468582343078,"neut":0.08204205518034033,"none":0.1674989595279165},"intensity":{"high":0.0268598075134299,"low":0.13596362373464846,"meium":0.6696776091681722,"none":0.16749895958374947},"expressive":{"dir-action":0,"dir-explicit":0.155234878,"dir-speech":0.38957430666666665,"indirect":0.26382463100000003,"writing-device":0.19136618433333333}},{"id":"원할머니보쌈 목동점","permalink":"","username":"asdfg","text":"ㅋㅋㅋㅋㅋㅋㅋㅋ 너무 빨리왔어요 ㅋ\n무튼 잘 먹을게요\n원할머니는 늘 잘해주시니까요 ","date":"Mon Dec 10 23:59:44 +0000 2018","retweets":"30","favorites":"20","mentions":[],"hashtags":[],"geo":"","raw":"ㅋㅋㅋㅋㅋㅋㅋㅋ 너무 빨리왔어요 ㅋㅋㅋㅋㅋㅋㅋㅋㅋㅋㅋㅋㅋㅋ\n무튼 잘 먹을게요\n원할머니는 늘 잘해주시니까요 ","polarity":{"com":0.03571428576785714,"pos":0.4186507937093254,"neg":0.35912698417956346,"neut":0.16666666658333332,"none":0.019841269759920635},"intensity":{"high":0.04365079375,"low":0.14880952375,"meium":0.78769841275,"none":0.01984126975},"expressive":{"dir-action":0,"dir-explicit":0.23611111099999998,"dir-speech":0.39880952399999997,"indirect":0.34126984125,"writing-device":0.02380952375}},{"id":"원할머니보쌈 목동점","permalink":"","username":"asdfg","text":"보 쌈 맛 있 어 요 ~~!ㅁ!","date":"Mon Dec 10 23:59:44 +0000 2018","retweets":"30","favorites":"20","mentions":[],"hashtags":[],"geo":"","raw":"보 쌈 맛 있 어 요 ~~!ㅁ!","polarity":{"com":0,"pos":1,"neg":0,"neut":0,"none":0},"intensity":{"high":0,"low":0,"meium":1,"none":0},"expressive":{"dir-action":0,"dir-explicit":0,"dir-speech":1,"indirect":0,"writing-device":0}},{"id":"원할머니보쌈 목동점","permalink":"","username":"asdfg","text":"맛잇어요 매운족발은 처음시켜봣는데 생각보다 많이 맵더라고요 맛잇게매워서 다먹었네요ㅎㅎ","date":"Mon Dec 10 23:59:44 +0000 2018","retweets":"30","favorites":"20","mentions":[],"hashtags":[],"geo":"","raw":"맛잇어요 매운족발은 처음시켜봣는데 생각보다 많이 맵더라고요 맛잇게매워서 다먹었네요ㅎㅎ","polarity":{"com":0.002421307571428572,"pos":0.6540787500000002,"neg":0.23545870328571428,"neut":0.05642991657142858,"none":0.05161132257142858},"intensity":{"high":0.09582036199999999,"low":0.16302125371428572,"meium":0.6895470617142857,"none":0.05161132257142857},"expressive":{"dir-action":0,"dir-explicit":0.27099715596128615,"dir-speech":0.5798464583457362,"indirect":0.09754506312892214,"writing-device":0.05161132256405553}},{"id":"원할머니보쌈 목동점","permalink":"","username":"asdfg","text":"정말 맛있게 잘 먹었습니다","date":"Mon Dec 10 23:59:44 +0000 2018","retweets":"30","favorites":"20","mentions":[],"hashtags":[],"geo":"","raw":"정말 맛있게 잘 먹었습니다","polarity":{"com":0,"pos":0.7321428573660714,"neg":0.10714285705357143,"neut":0.035714285517857144,"none":0.1250000000625},"intensity":{"high":0.25,"low":0.107142857,"meium":0.5178571430000001,"none":0.125},"expressive":{"dir-action":0,"dir-explicit":0.357142857,"dir-speech":0.19642857149999998,"indirect":0.3214285715,"writing-device":0.125}},{"id":"원할머니보쌈 목동점","permalink":"","username":"asdfg","text":"보쌈은항상여기서시켜먹어요","date":"Mon Dec 10 23:59:44 +0000 2018","retweets":"30","favorites":"20","mentions":[],"hashtags":[],"geo":"","raw":"보쌈은항상여기서시켜먹어요","polarity":{"com":0.005649717666666667,"pos":0.39642184533333336,"neg":0.5753295669999999,"neut":0.011299434999999997,"none":0.011299434999999997},"intensity":{"high":0.07093534202364511,"low":0.11927181403975727,"meium":0.7984934089328312,"none":0.011299435003766477},"expressive":{"dir-action":0,"dir-explicit":0.16446955433333332,"dir-speech":0.7790332706666666,"indirect":0.04519773999999999,"writing-device":0.011299434999999998}},{"id":"원할머니보쌈 목동점","permalink":"","username":"asdfg","text":"원할머니 커플쌈 3명이먹어도 배불러용~~^\n전 자주 시켜먹어요 너무맛있음ㅋ","date":"Mon Dec 10 23:59:44 +0000 2018","retweets":"30","favorites":"20","mentions":[],"hashtags":[],"geo":"","raw":"원할머니 커플쌈 3명이먹어도 배불러용~~^\n전 자주 시켜먹어요 너무맛있음ㅋ","polarity":{"com":0.0289490245,"pos":0.32988951816666673,"neg":0.458342074,"neut":0.18135095450000002,"none":0.0014684288333333335},"intensity":{"high":0.1075682353512614,"low":0.2733491830455583,"meium":0.6168799384361467,"none":0.002202643167033774},"expressive":{"dir-action":0.0007342143334557024,"dir-explicit":0.27271985637878665,"dir-speech":0.48745425741457576,"indirect":0.23688902870614817,"writing-device":0.0022026431670337738}},{"id":"원할머니보쌈 목동점","permalink":"","username":"asdfg","text":"배달진짜빠르고맛있어용","date":"Mon Dec 10 23:59:44 +0000 2018","retweets":"30","favorites":"20","mentions":[],"hashtags":[],"geo":"","raw":"배달진짜빠르고맛있어용","polarity":{"com":0,"pos":0.6666666666666666,"neg":0.3333333333333333,"neut":0,"none":0},"intensity":{"high":0,"low":0.111111111,"meium":0.888888889,"none":0},"expressive":{"dir-action":0,"dir-explicit":0,"dir-speech":0.6666666666666666,"indirect":0.3333333333333333,"writing-device":0}},{"id":"원할머니보쌈 목동점","permalink":"","username":"asdfg","text":"맛있게 잘먹었습니다 앞으로도 이용할게요~","date":"Mon Dec 10 23:59:44 +0000 2018","retweets":"30","favorites":"20","mentions":[],"hashtags":[],"geo":"","raw":"맛있게 잘먹었습니다 앞으로도 이용할게요~","polarity":{"com":0.005299539201059907,"pos":0.35560675867112135,"neg":0.47910906309582185,"neut":0.06725038401345007,"none":0.09273425501854685},"intensity":{"high":0.056528417799999994,"low":0.1556067586,"meium":0.694700461,"none":0.09316436260000001},"expressive":{"dir-action":0.0012903225994838712,"dir-explicit":0.1761290323295484,"dir-speech":0.48082949300766825,"indirect":0.2171121351131552,"writing-device":0.12463901695014441}},{"id":"원할머니보쌈 목동점","permalink":"","username":"asdfg","text":"가끔 시켜먹으면 보쌈이 항상 식어서와요..너무 먼가요??","date":"Mon Dec 10 23:59:44 +0000 2018","retweets":"30","favorites":"20","mentions":[],"hashtags":[],"geo":"","raw":"가끔 시켜먹으면 보쌈이 항상 식어서와요..너무 먼가요??","polarity":{"com":0.043423536750000005,"pos":0.2269771345,"neg":0.7053702537500001,"neut":0.022026431750000002,"none":0.0022026432500000005},"intensity":{"high":0.33992378158498093,"low":0.12430948878107737,"meium":0.5324627648831156,"none":0.0033039647508259907},"expressive":{"dir-action":0.0011013215002753302,"dir-explicit":0.3019369273254842,"dir-speech":0.3561813860890453,"indirect":0.33747640033436915,"writing-device":0.003303964750825991}},{"id":"원할머니보쌈 목동점","permalink":"","username":"asdfg","text":"보족세트 포장이랑 양이 너무 성의없네요..전에는 괜찮았는데.. 보쌈 열어보고 깜짝 놀랐어요 엉성하게 반이나 담았나  싶고..족발도 마찬가지..\n담에 또 시키기 겁나네요.","date":"Mon Dec 10 23:59:44 +0000 2018","retweets":"30","favorites":"20","mentions":[],"hashtags":[],"geo":"","raw":"보족세트 포장이랑 양이 너무 성의없네요..전에는 괜찮았는데.. 보쌈 열어보고 깜짝 놀랐어요 엉성하게 반이나 담았나  싶고..족발도 마찬가지..\n담에 또 시키기 겁나네요.","polarity":{"com":0.016793440498800466,"pos":0.3334380325476115,"neg":0.35072912618923363,"neut":0.18513211384391914,"none":0.1139072869204352},"intensity":{"high":0.07894642392857143,"low":0.23765418721428572,"meium":0.5685841204285713,"none":0.11481526842857144},"expressive":{"dir-action":0.00021450021427039286,"dir-explicit":0.20080968219994216,"dir-speech":0.3286863587622367,"indirect":0.33145512261918175,"writing-device":0.13883433620436897}},{"id":"원할머니보쌈 목동점","permalink":"","username":"asdfg","text":"매번 주문해먹는데 보쌈김치 너무 맛있어요. 추가도 되니 실컷먹을수도 있고요~~","date":"Mon Dec 10 23:59:44 +0000 2018","retweets":"30","favorites":"20","mentions":[],"hashtags":[],"geo":"","raw":"매번 주문해먹는데 보쌈김치 너무 맛있어요. 추가도 되니 실컷먹을수도 있고요~~","polarity":{"com":0.024999999999999998,"pos":0.3581349205,"neg":0.41686507949999996,"neut":0.002380952333333333,"none":0.1976190476666667},"intensity":{"high":0.08465608466666667,"low":0.11693121683333334,"meium":0.6007936508333332,"none":0.1976190476666667},"expressive":{"dir-action":0,"dir-explicit":0.3877645501020393,"dir-speech":0.3777116402703815,"indirect":0.03809523816031746,"writing-device":0.19642857146726192}},{"id":"원할머니보쌈 목동점","permalink":"","username":"asdfg","text":"역시 맛있습니다. 족발도.","date":"Mon Dec 10 23:59:44 +0000 2018","retweets":"30","favorites":"20","mentions":[],"hashtags":[],"geo":"","raw":"역시 맛있습니다. 족발도.","polarity":{"com":0.0035714285017857143,"pos":0.27380952363690475,"neg":0.1642857145821429,"neut":0.17380952358690477,"none":0.3845238096922619},"intensity":{"high":0.07142857153571429,"low":0.22380952361190476,"meium":0.3202380951601191,"none":0.3845238096922619},"expressive":{"dir-action":0,"dir-explicit":0.2595238095,"dir-speech":0.31666666649999997,"indirect":0.042857143,"writing-device":0.380952381}},{"id":"원할머니보쌈 목동점","permalink":"","username":"asdfg","text":"예시  맛은 원할머니네요.","date":"Mon Dec 10 23:59:44 +0000 2018","retweets":"30","favorites":"20","mentions":[],"hashtags":[],"geo":"","raw":"예시  맛은 원할머니네요.","polarity":{"com":0.007625272333333333,"pos":0.6523498286666667,"neg":0.23544973566666663,"neut":0.030501089333333332,"none":0.074074074},"intensity":{"high":0.13772175537924058,"low":0.07485216302495072,"meium":0.7133520075711174,"none":0.07407407402469136},"expressive":{"dir-action":0,"dir-explicit":0.28229069433333337,"dir-speech":0.4008714596666667,"indirect":0.23622782433333336,"writing-device":0.08061002166666668}},{"id":"원할머니보쌈 목동점","permalink":"","username":"asdfg","text":"언제나 맛있게 잘먹고 있늡니다","date":"Mon Dec 10 23:59:44 +0000 2018","retweets":"30","favorites":"20","mentions":[],"hashtags":[],"geo":"","raw":"언제나 맛있게 잘먹고 있늡니다","polarity":{"com":0,"pos":0.35714285717857136,"neg":0.6071428573035714,"neut":0.03571428551785714,"none":0},"intensity":{"high":0,"low":0.107142857,"meium":0.8928571430000001,"none":0},"expressive":{"dir-action":0,"dir-explicit":0.107142857,"dir-speech":0.5714285715,"indirect":0.3214285715,"writing-device":0}},{"id":"원할머니보쌈 목동점","permalink":"","username":"asdfg","text":"족발양이 좀 작아 보임 맛은 좋음","date":"Mon Dec 10 23:59:44 +0000 2018","retweets":"30","favorites":"20","mentions":[],"hashtags":[],"geo":"","raw":"족발양이 좀 작아 보임 맛은 좋음","polarity":{"com":0,"pos":0.9733333333333333,"neg":0.013333333333333334,"neut":0,"none":0.013333333333333334},"intensity":{"high":0.06666666666666667,"low":0.013333333333333334,"meium":0.9066666666666666,"none":0.013333333333333334},"expressive":{"dir-action":0,"dir-explicit":0.3333333333333333,"dir-speech":0.6,"indirect":0.05333333333333334,"writing-device":0.013333333333333334}},{"id":"원할머니보쌈 목동점","permalink":"","username":"asdfg","text":"맛나요\n굿","date":"Mon Dec 10 23:59:44 +0000 2018","retweets":"30","favorites":"20","mentions":[],"hashtags":[],"geo":"","raw":"맛나요ㅋㅋㅋㅋㅋㅋㅋㅋㅋ\n굿","polarity":{"com":0,"pos":1,"neg":0,"neut":0,"none":0},"intensity":{"high":0,"low":0,"meium":1,"none":0},"expressive":{"dir-action":0,"dir-explicit":0,"dir-speech":0.5,"indirect":0.5,"writing-device":0}},{"id":"원할머니보쌈 목동점","permalink":"","username":"asdfg","text":"___tmp___4월이벤트\n불닭발or낙지볶음을 무료로준데요\n전화주문시미리꼭말씀해주세요","date":"Mon Dec 10 23:59:44 +0000 2018","retweets":"30","favorites":"20","mentions":[],"hashtags":[],"geo":"","raw":"******4월이벤트******\n불닭발or낙지볶음을 무료로준데요\n전화주문시미리꼭말씀해주세요","polarity":{"com":0.003003003,"pos":0.7611754612857143,"neg":0.1307164307142857,"neut":0.008580008571428571,"none":0.09652509642857143},"intensity":{"high":0.04397254399999999,"low":0.016302016285714285,"meium":0.8432003432857142,"none":0.09652509642857142},"expressive":{"dir-action":0.002145002143470001,"dir-explicit":0.19262119262646324,"dir-speech":0.13118833118033954,"indirect":0.5766623767361894,"writing-device":0.09738309731353804}},{"id":"원할머니보쌈 목동점","permalink":"","username":"asdfg","text":"맛디떠엽~~~배송도짱빠름","date":"Mon Dec 10 23:59:44 +0000 2018","retweets":"30","favorites":"20","mentions":[],"hashtags":[],"geo":"","raw":"맛디떠엽~~~배송도짱빠름","polarity":{"com":0.25,"pos":0.5714285715,"neg":0.1785714285,"neut":0,"none":0},"intensity":{"high":0.10714285722321429,"low":0.15476190471130954,"meium":0.7380952380654762,"none":0},"expressive":{"dir-action":0,"dir-explicit":0.0714285715,"dir-speech":0.28571428575,"indirect":0.64285714275,"writing-device":0}},{"id":"원할머니보쌈 목동점","permalink":"","username":"asdfg","text":"가격은 조금잇는편이만\n맛은 무시할수없네요~~~\n근데 무김치? 그게 너무달았어요ㅠㅜㅜ\n","date":"Mon Dec 10 23:59:44 +0000 2018","retweets":"30","favorites":"20","mentions":[],"hashtags":[],"geo":"","raw":"가격은 조금잇는편이만\n맛은 무시할수없네요~~~\n근데 무김치? 그게 너무달았어요ㅠㅜㅜ\n","polarity":{"com":0.03511825743358832,"pos":0.3468198414781171,"neg":0.42756608377536653,"neut":0.1051025701578718,"none":0.08539324715505618},"intensity":{"high":0.12670015816095714,"low":0.13988496844855497,"meium":0.647714406521102,"none":0.08570046686938577},"expressive":{"dir-action":0.000921659,"dir-explicit":0.37914705785714287,"dir-speech":0.23277193785714287,"indirect":0.2911433875714286,"writing-device":0.09601595771428571}},{"id":"원할머니보쌈 목동점","permalink":"","username":"asdfg","text":"맛은 당연 맛있지만 배달이 ㅜ 한시간반이나걸렸어요 ㅠㅠ토요일밤이라서그럴까요 너무오래기다림.....","date":"Mon Dec 10 23:59:44 +0000 2018","retweets":"30","favorites":"20","mentions":[],"hashtags":[],"geo":"","raw":"맛은 당연 맛있지만 배달이 ㅜ 한시간반이나걸렸어요 ㅠㅠ토요일밤이라서그럴까요 너무오래기다림.....","polarity":{"com":0.04365079366666666,"pos":0.5103174603333334,"neg":0.3293650793333333,"neut":0.027777777777777776,"none":0.08888888888888889},"intensity":{"high":0.04365079366666666,"low":0.126984127,"meium":0.7404761904444445,"none":0.08888888888888889},"expressive":{"dir-action":0,"dir-explicit":0.0912698412222222,"dir-speech":0.44285714288888883,"indirect":0.37698412699999995,"writing-device":0.08888888888888888}},{"id":"원할머니보쌈 목동점","permalink":"","username":"asdfg","text":"배달 신속 맛 정말 좋아요~ 친절한 서비스~","date":"Mon Dec 10 23:59:44 +0000 2018","retweets":"30","favorites":"20","mentions":[],"hashtags":[],"geo":"","raw":"배달 신속 맛 정말 좋아요~ 친절한 서비스~","polarity":{"com":0.0038709677999999997,"pos":0.8872258064,"neg":0.0785376344,"neut":0.0167741936,"none":0.013591397799999998},"intensity":{"high":0.0679569892,"low":0.23122580639999998,"meium":0.6867956989999999,"none":0.0140215054},"expressive":{"dir-action":0.0012903225999999998,"dir-explicit":0.18279569899999998,"dir-speech":0.49892473119999997,"indirect":0.3033978494,"writing-device":0.013591397799999997}},{"id":"원할머니보쌈 목동점","permalink":"","username":"asdfg","text":"마테차는 시킨후에 받은 쿠폰으로 쓰는거랍니더","date":"Mon Dec 10 23:59:44 +0000 2018","retweets":"30","favorites":"20","mentions":[],"hashtags":[],"geo":"","raw":"마테차는 시킨후에 받은 쿠폰으로 쓰는거랍니더","polarity":{"com":0,"pos":0.48460798449486936,"neg":0.42688792714229595,"neut":0.06204906202068302,"none":0.026455026342151678},"intensity":{"high":0.040885041000000004,"low":0.10966810966666667,"meium":0.8229918230000001,"none":0.026455026333333336},"expressive":{"dir-action":0.03030303033333333,"dir-explicit":0.24987974999999998,"dir-speech":0.5707070706666667,"indirect":0.11736411733333334,"writing-device":0.03174603166666667}},{"id":"원할머니보쌈 목동점","permalink":"","username":"asdfg","text":"오늘도 맛나게먹었ㄴㅔ요","date":"Mon Dec 10 23:59:44 +0000 2018","retweets":"30","favorites":"20","mentions":[],"hashtags":[],"geo":"","raw":"오늘도 맛나게먹었ㄴㅔ요","polarity":{"com":0.007142857,"pos":0.214285714,"neg":0.328571429,"neut":0.014285714,"none":0.435714286},"intensity":{"high":0.142857143,"low":0.114285714,"meium":0.307142857,"none":0.435714286},"expressive":{"dir-action":0,"dir-explicit":0.1857142858142857,"dir-speech":0.29999999969999996,"indirect":0.0857142859142857,"writing-device":0.42857142857142855}},{"id":"원할머니보쌈 목동점","permalink":"","username":"asdfg","text":"그냥 원할머니 보쌈맛 배달친절하심\n","date":"Mon Dec 10 23:59:44 +0000 2018","retweets":"30","favorites":"20","mentions":[],"hashtags":[],"geo":"","raw":"그냥 원할머니 보쌈맛 배달친절하심\n","polarity":{"com":0,"pos":0.5,"neg":0.5,"neut":0,"none":0},"intensity":{"high":0,"low":0,"meium":1,"none":0},"expressive":{"dir-action":0,"dir-explicit":0,"dir-speech":1,"indirect":0,"writing-device":0}},{"id":"원할머니보쌈 목동점","permalink":"","username":"asdfg","text":"지금 주문했는데 바쁘실텐데도 질문마다 친절히 대답해주셔서 먹기 전부터 감동이네요 아직 받진 않았지만 맛있게 잘 먹겠습니다!^^*","date":"Mon Dec 10 23:59:44 +0000 2018","retweets":"30","favorites":"20","mentions":[],"hashtags":[],"geo":"","raw":"지금 주문했는데 바쁘실텐데도 질문마다 친절히 대답해주셔서 먹기 전부터 감동이네요 아직 받진 않았지만 맛있게 잘 먹겠습니다!^^*","polarity":{"com":0.0022081413337013567,"pos":0.38295784256382637,"neg":0.34751237422458536,"neut":0.10540194568423365,"none":0.1619196961936533},"intensity":{"high":0.03545826933333333,"low":0.15875149333333333,"meium":0.6436913296666666,"none":0.16209890766666668},"expressive":{"dir-action":0.0005376344166218638,"dir-explicit":0.24957757297920186,"dir-speech":0.40682710363276436,"indirect":0.18041047956829914,"writing-device":0.16264720940311272}},{"id":"원할머니보쌈 목동점","permalink":"","username":"asdfg","text":"보쌈김치 맛있어서 보쌈만 주문해먹어요\n좀 비싼감이 있지만 맛있어요","date":"Mon Dec 10 23:59:44 +0000 2018","retweets":"30","favorites":"20","mentions":[],"hashtags":[],"geo":"","raw":"보쌈김치 맛있어서 보쌈만 주문해먹어요\n좀 비싼감이 있지만 맛있어요","polarity":{"com":0.0027649770003949966,"pos":0.3612785063373255,"neg":0.5503840246500549,"neut":0.01930757414561537,"none":0.06626491786660928},"intensity":{"high":0.050494308571428566,"low":0.055661900714285714,"meium":0.8272716531428571,"none":0.06657213757142857},"expressive":{"dir-action":0.0009216589999999999,"dir-explicit":0.3095671354285714,"dir-speech":0.5612588128571429,"indirect":0.06565047857142857,"writing-device":0.06260191414285714}},{"id":"원할머니보쌈 목동점","permalink":"","username":"asdfg","text":"올레!!!!!!너무맛잇네욤","date":"Mon Dec 10 23:59:44 +0000 2018","retweets":"30","favorites":"20","mentions":[],"hashtags":[],"geo":"","raw":"올레!!!!!!너무맛잇네욤","polarity":{"com":0.142857143,"pos":0.142857143,"neg":0.714285714,"neut":0,"none":0},"intensity":{"high":0.142857143,"low":0.142857143,"meium":0.714285714,"none":0},"expressive":{"dir-action":0,"dir-explicit":0.5714285710000001,"dir-speech":0.28571428600000004,"indirect":0.14285714300000002,"writing-device":0}},{"id":"원할머니보쌈 목동점","permalink":"","username":"asdfg","text":"***핫이슈이벤트***\n\n택1 순  하  리  증정 쿠폰!\n\n택2 저탄산음료  마  운  틴 듀  증정 쿠폰!\n\n선택하시고 주문하실때 꼭 말씀해주세요\n단소진시까지이며 중복쿠폰사용불가입니다!\n","date":"Mon Dec 10 23:59:44 +0000 2018","retweets":"30","favorites":"20","mentions":[],"hashtags":[],"geo":"","raw":"***핫이슈이벤트***\n\n택1 순  하  리  증정 쿠폰!\n\n택2 저탄산음료  마  운  틴 듀  증정 쿠폰!\n\n선택하시고 주문하실때 꼭 말씀해주세요\n단소진시까지이며 중복쿠폰사용불가입니다!\n","polarity":{"com":0.006032950857142856,"pos":0.5400768322857143,"neg":0.20911418328571424,"neut":0.11163354885714284,"none":0.1331424847142857},"intensity":{"high":0.07064409330589831,"low":0.12133478989180993,"meium":0.6680779059051651,"none":0.1399432108971266},"expressive":{"dir-action":0.0009216590002633312,"dir-explicit":0.40547710797299347,"dir-speech":0.2550166889300048,"indirect":0.19614743248461355,"writing-device":0.14243711161212488}},{"id":"원할머니보쌈 목동점","permalink":"","username":"asdfg","text":"너무맛있어요\n몇천원더주고\n원할머니시켜드세용","date":"Mon Dec 10 23:59:44 +0000 2018","retweets":"30","favorites":"20","mentions":[],"hashtags":[],"geo":"","raw":"너무맛있어요\n몇천원더주고\n원할머니시켜드세용","polarity":{"com":0.028571428599999997,"pos":0.5899240856000001,"neg":0.3554175292,"neut":0.017391304399999998,"none":0.008695652199999999},"intensity":{"high":0.23002070395399588,"low":0.05707384418858523,"meium":0.704209799659158,"none":0.00869565219826087},"expressive":{"dir-action":0.011111111200000003,"dir-explicit":0.35438233260000007,"dir-speech":0.16245686680000002,"indirect":0.46335403720000007,"writing-device":0.0086956522}},{"id":"원할머니보쌈 목동점","permalink":"","username":"asdfg","text":"가격은 좀비싸지만 맛과품질은 최상이에요~","date":"Mon Dec 10 23:59:44 +0000 2018","retweets":"30","favorites":"20","mentions":[],"hashtags":[],"geo":"","raw":"가격은 좀비싸지만 맛과품질은 최상이에요~","polarity":{"com":0,"pos":1,"neg":0,"neut":0,"none":0},"intensity":{"high":0,"low":0,"meium":1,"none":0},"expressive":{"dir-action":0,"dir-explicit":0.1,"dir-speech":0.4,"indirect":0.5,"writing-device":0}},{"id":"원할머니보쌈 목동점","permalink":"","username":"asdfg","text":"비싸지만 깔끔한 맛과 포장이 일품!!","date":"Mon Dec 10 23:59:44 +0000 2018","retweets":"30","favorites":"20","mentions":[],"hashtags":[],"geo":"","raw":"비싸지만 깔끔한 맛과 포장이 일품!!","polarity":{"com":0.006006006,"pos":0.43440315325,"neg":0.46199324325,"neut":0.0915915915,"none":0.006006006},"intensity":{"high":0.0285285285,"low":0.16685435425,"meium":0.7978603605,"none":0.00675675675},"expressive":{"dir-action":0.0007507507500000002,"dir-explicit":0.36974474475,"dir-speech":0.35585585575000006,"indirect":0.266891892,"writing-device":0.0067567567500000005}},{"id":"원할머니보쌈 목동점","permalink":"","username":"asdfg","text":"보쌈과, 김치와, 국수!!!!\n","date":"Mon Dec 10 23:59:44 +0000 2018","retweets":"30","favorites":"20","mentions":[],"hashtags":[],"geo":"","raw":"보쌈과, 김치와, 국수!!!!\n","polarity":{"com":null,"pos":null,"neg":null,"neut":null,"none":null},"intensity":{"high":null,"low":null,"meium":null,"none":null},"expressive":{"dir-action":null,"dir-explicit":null,"dir-speech":null,"indirect":null,"writing-device":null}},{"id":"원할머니보쌈 목동점","permalink":"","username":"asdfg","text":"김치가너무맛잇어요!!!!!\n원할머니보쌈 홀릭^^","date":"Mon Dec 10 23:59:44 +0000 2018","retweets":"30","favorites":"20","mentions":[],"hashtags":[],"geo":"","raw":"김치가너무맛잇어요!!!!!\n원할머니보쌈 홀릭^^","polarity":{"com":0.005952381,"pos":0.6607142856666667,"neg":0.2976190476666667,"neut":0.026785714333333335,"none":0.008928571333333333},"intensity":{"high":0.148809524,"low":0.08333333333333333,"meium":0.7559523806666667,"none":0.011904762},"expressive":{"dir-action":0,"dir-explicit":0.267857143,"dir-speech":0.43750000000000006,"indirect":0.2857142856666667,"writing-device":0.008928571333333335}},{"id":"원할머니보쌈 목동점","permalink":"","username":"asdfg","text":"반짝 이벤트!\n2월14일발렌타인데이에\n키세스 아몬드초콜릿드려요\n목동점에서 당일하루소진시까지","date":"Mon Dec 10 23:59:44 +0000 2018","retweets":"30","favorites":"20","mentions":[],"hashtags":[],"geo":"","raw":"반짝 이벤트!\n2월14일발렌타인데이에\n키세스 아몬드초콜릿드려요\n목동점에서 당일하루소진시까지","polarity":{"com":0.12,"pos":0.48636363639999997,"neg":0.1272727272,"neut":0.12,"none":0.1463636364},"intensity":{"high":0.20727272724145454,"low":0.03909090900781818,"meium":0.5981818183196363,"none":0.1554545454310909},"expressive":{"dir-action":0.20000000004000001,"dir-explicit":0.2781818182556364,"dir-speech":0.13727272722745457,"indirect":0.2290909090458182,"writing-device":0.1554545454310909}},{"id":"원할머니보쌈 목동점","permalink":"","username":"asdfg","text":"굳굳굳굳!!!!!\n김치가최고임","date":"Mon Dec 10 23:59:44 +0000 2018","retweets":"30","favorites":"20","mentions":[],"hashtags":[],"geo":"","raw":"굳굳굳굳!!!!!\n김치가최고임","polarity":{"com":0.017857143,"pos":0.410714286,"neg":0.464285714,"neut":0.080357143,"none":0.026785714},"intensity":{"high":0.160714286,"low":0.107142857,"meium":0.696428571,"none":0.035714286},"expressive":{"dir-action":0,"dir-explicit":0.37500000000000006,"dir-speech":0.31250000000000006,"indirect":0.28571428600000004,"writing-device":0.026785714000000002}},{"id":"원할머니보쌈 목동점","permalink":"","username":"asdfg","text":"냠냠냠\n김치가 맛잇네욤","date":"Mon Dec 10 23:59:44 +0000 2018","retweets":"30","favorites":"20","mentions":[],"hashtags":[],"geo":"","raw":"냠냠냠\n김치가 맛잇네욤","polarity":{"com":0.017857143,"pos":0.410714286,"neg":0.464285714,"neut":0.080357143,"none":0.026785714},"intensity":{"high":0.160714286,"low":0.107142857,"meium":0.696428571,"none":0.035714286},"expressive":{"dir-action":0,"dir-explicit":0.37500000000000006,"dir-speech":0.31250000000000006,"indirect":0.28571428600000004,"writing-device":0.026785714000000002}},{"id":"원할머니보쌈 목동점","permalink":"","username":"asdfg","text":"목동점이  최고다요~~~!!!\n김치김치!!!","date":"Mon Dec 10 23:59:44 +0000 2018","retweets":"30","favorites":"20","mentions":[],"hashtags":[],"geo":"","raw":"목동점이  최고다요~~~!!!\n김치김치!!!","polarity":{"com":0.015418502,"pos":0.573001888,"neg":0.220264317,"neut":0.0440528635,"none":0.14726242949999999},"intensity":{"high":0.195720579,"low":0.066079295,"meium":0.5887350535,"none":0.1494650725},"expressive":{"dir-action":0.002202643,"dir-explicit":0.4213341725,"dir-speech":0.323473883,"indirect":0.103524229,"writing-device":0.1494650725}},{"id":"원할머니보쌈 목동점","permalink":"","username":"asdfg","text":"신정네거리점 보다\n맛좋아요♡","date":"Mon Dec 10 23:59:44 +0000 2018","retweets":"30","favorites":"20","mentions":[],"hashtags":[],"geo":"","raw":"신정네거리점 보다\n맛좋아요♡","polarity":{"com":0,"pos":0.96,"neg":0.02,"neut":0,"none":0.02},"intensity":{"high":0.1,"low":0.02,"meium":0.86,"none":0.02},"expressive":{"dir-action":0,"dir-explicit":0.3,"dir-speech":0.1,"indirect":0.58,"writing-device":0.02}},{"id":"원할머니보쌈 목동점","permalink":"","username":"asdfg","text":"배달도빠르고친절해서좋았습니다~","date":"Mon Dec 10 23:59:44 +0000 2018","retweets":"30","favorites":"20","mentions":[],"hashtags":[],"geo":"","raw":"배달도빠르고친절해서좋았습니다~","polarity":{"com":0.00483870975,"pos":0.859032258,"neg":0.098172043,"neut":0.020967742,"none":0.01698924725},"intensity":{"high":0.0849462365,"low":0.12236559125,"meium":0.7751612905,"none":0.01752688175},"expressive":{"dir-action":0.00161290325,"dir-explicit":0.22849462375000001,"dir-speech":0.373655914,"indirect":0.37924731175,"writing-device":0.01698924725}},{"id":"원할머니보쌈 목동점","permalink":"","username":"asdfg","text":"해당 리뷰는 배달통 운영 원칙에 따라 블라인드 처리 되었습니다.","date":"Mon Dec 10 23:59:44 +0000 2018","retweets":"30","favorites":"20","mentions":[],"hashtags":[],"geo":"","raw":"해당 리뷰는 배달통 운영 원칙에 따라 블라인드 처리 되었습니다.","polarity":{"com":0,"pos":0.4126984127063492,"neg":0.3075396826537698,"neut":0.2043650793521825,"none":0.07539682528769841},"intensity":{"high":0.035714285750000005,"low":0.08730158725,"meium":0.80158730175,"none":0.07539682525000001},"expressive":{"dir-action":0,"dir-explicit":0.44246031761061505,"dir-speech":0.2777777778194444,"indirect":0.20039682530009917,"writing-device":0.07936507926984127}},{"id":"원할머니보쌈 목동점","permalink":"","username":"asdfg","text":"배달은 좀 늦은감이 있고 맛은 있었어요ㅋㅋ 불족발은 엄청매움","date":"Mon Dec 10 23:59:44 +0000 2018","retweets":"30","favorites":"20","mentions":[],"hashtags":[],"geo":"","raw":"배달은 좀 늦은감이 있고 맛은 있었어요ㅋㅋ 불족발은 엄청매움","polarity":{"com":0.014598351874999997,"pos":0.5982658759999999,"neg":0.311595449125,"neut":0.008701573874999998,"none":0.06683874912499999},"intensity":{"high":0.02397403963099351,"low":0.040691035635172755,"meium":0.8684961755921241,"none":0.06683874914170969},"expressive":{"dir-action":0,"dir-explicit":0.392542785625,"dir-speech":0.4319485335,"indirect":0.10866993175,"writing-device":0.066838749125}}]