[{"id":"할매보쌈족발","permalink":"","username":"asdfg","text":"맛있어요 또 시켜먹을거에요 ㅎㅎ","date":"Mon Dec 10 23:59:44 +0000 2018","retweets":"30","favorites":"20","mentions":[],"hashtags":[],"geo":"","raw":"맛있어요 또 시켜먹을거에요 ㅎㅎ","polarity":{"com":0,"pos":0.11904761897023809,"neg":0.7738095238065477,"neut":0,"none":0.10714285722321429},"intensity":{"high":0.02777777775,"low":0.0555555555,"meium":0.8095238095,"none":0.10714285725},"expressive":{"dir-action":0,"dir-explicit":0.09126984125,"dir-speech":0.640873016,"indirect":0,"writing-device":0.26785714275}},{"id":"할매보쌈족발","permalink":"","username":"asdfg","text":"우선 부침개는 없습니다\n김치도 무말랭이입니다\n맛은 있습니다","date":"Mon Dec 10 23:59:44 +0000 2018","retweets":"30","favorites":"20","mentions":[],"hashtags":[],"geo":"","raw":"우선 부침개는 없습니다\n김치도 무말랭이입니다\n맛은 있습니다","polarity":{"com":0.008228918833333331,"pos":0.4151726101666666,"neg":0.24317289649999996,"neut":0.03160999166666666,"none":0.3018155828333333},"intensity":{"high":0.06834884484472481,"low":0.11451901535241985,"meium":0.5149581339191597,"none":0.3021740058836957},"expressive":{"dir-action":0.001075268833154122,"dir-explicit":0.25716557245713906,"dir-speech":0.3412063391097989,"indirect":0.09665973915055671,"writing-device":0.30389308044935115}},{"id":"할매보쌈족발","permalink":"","username":"asdfg","text":"일요일 오전 11시쯤에 주문했는데 12시 넘어서 왔어요ㅠ 근데 맛은 좋아서 괜찮았어요","date":"Mon Dec 10 23:59:44 +0000 2018","retweets":"30","favorites":"20","mentions":[],"hashtags":[],"geo":"","raw":"일요일 오전 11시쯤에 주문했는데 12시 넘어서 왔어요ㅠ 근데 맛은 좋아서 괜찮았어요","polarity":{"com":0,"pos":0.7554285714,"neg":0.20800000000000002,"neut":0.028571428599999997,"none":0.008},"intensity":{"high":0.1638095238,"low":0.169904762,"meium":0.6582857142,"none":0.008},"expressive":{"dir-action":0,"dir-explicit":0.4723809524,"dir-speech":0.3923809524,"indirect":0.1272380952,"writing-device":0.008}},{"id":"할매보쌈족발","permalink":"","username":"asdfg","text":"혼자먹기에 양도 충분하고 제가 교정중이라 뼈를 못먹는데 요청사항에 적으니 오돌뼈 없는거 실화입니까ㅠㅠ!? 무한 갬동 ㅠㅠ\n여러분들 이곳입니다\n늦은시간이라 될까했는대 배송도 빠르고요 따끈따끈하고 맛도 좋아요!! 이곳이 답입니다!!","date":"Mon Dec 10 23:59:44 +0000 2018","retweets":"30","favorites":"20","mentions":[],"hashtags":[],"geo":"","raw":"혼자먹기에 양도 충분하고 제가 교정중이라 뼈를 못먹는데 요청사항에 적으니 오돌뼈 없는거 실화입니까ㅠㅠ!? 무한 갬동 ㅠㅠ\n여러분들 이곳입니다\n늦은시간이라 될까했는대 배송도 빠르고요 따끈따끈하고 맛도 좋아요!! 이곳이 답입니다!!","polarity":{"com":0.01550776291169498,"pos":0.3972753571393674,"neg":0.45540357813431276,"neut":0.03443438521439701,"none":0.09737891660022793},"intensity":{"high":0.13525292661457616,"low":0.07840565065558283,"meium":0.6865886675515908,"none":0.09975275517825014},"expressive":{"dir-action":0.0013215997826661566,"dir-explicit":0.29787973101295134,"dir-speech":0.3288156929273398,"indirect":0.24470085605411748,"writing-device":0.12728212022292534}},{"id":"할매보쌈족발","permalink":"","username":"asdfg","text":"오돌뼈가 너무 많았어요\n그래도 맛있게 먹엇어요","date":"Mon Dec 10 23:59:44 +0000 2018","retweets":"30","favorites":"20","mentions":[],"hashtags":[],"geo":"","raw":"오돌뼈가 너무 많았어요\n그래도 맛있게 먹엇어요","polarity":{"com":0.0059523810000000005,"pos":0.2673395446666667,"neg":0.676501035,"neut":0.04127846800000001,"none":0.008928571333333335},"intensity":{"high":0.140527950380176,"low":0.108178053702726,"meium":0.7393892339131297,"none":0.011904762003968252},"expressive":{"dir-action":0,"dir-explicit":0.29891304343297104,"dir-speech":0.5099637681699879,"indirect":0.18219461706073156,"writing-device":0.008928571336309523}},{"id":"할매보쌈족발","permalink":"","username":"asdfg","text":"ㄱ ㄱ ㄱ ㄱ ㄱ ㄱ","date":"Mon Dec 10 23:59:44 +0000 2018","retweets":"30","favorites":"20","mentions":[],"hashtags":[],"geo":"","raw":"ㄱ ㄱ ㄱ ㄱ ㄱ ㄱ","polarity":{"com":null,"pos":null,"neg":null,"neut":null,"none":null},"intensity":{"high":null,"low":null,"meium":null,"none":null},"expressive":{"dir-action":null,"dir-explicit":null,"dir-speech":null,"indirect":null,"writing-device":null}},{"id":"할매보쌈족발","permalink":"","username":"asdfg","text":"음식이 좋았어요.","date":"Mon Dec 10 23:59:44 +0000 2018","retweets":"30","favorites":"20","mentions":[],"hashtags":[],"geo":"","raw":"음식이 좋았어요.","polarity":{"com":0,"pos":1,"neg":0,"neut":0,"none":0},"intensity":{"high":0,"low":0,"meium":1,"none":0},"expressive":{"dir-action":0,"dir-explicit":0,"dir-speech":1,"indirect":0,"writing-device":0}},{"id":"할매보쌈족발","permalink":"","username":"asdfg","text":"정말 맛있습니다 ㅎㅎ","date":"Mon Dec 10 23:59:44 +0000 2018","retweets":"30","favorites":"20","mentions":[],"hashtags":[],"geo":"","raw":"정말 맛있습니다 ㅎㅎ","polarity":{"com":0,"pos":0.75,"neg":0,"neut":0,"none":0.25},"intensity":{"high":0.5,"low":0,"meium":0.25,"none":0.25},"expressive":{"dir-action":0,"dir-explicit":0.5,"dir-speech":0.25,"indirect":0,"writing-device":0.25}},{"id":"할매보쌈족발","permalink":"","username":"asdfg","text":"50분걸린대서 주문했는데\n1시간30분이나 걸리고\n보족 시켰는데\n보쌈고기는 살코기가 거의없고\n비추.","date":"Mon Dec 10 23:59:44 +0000 2018","retweets":"30","favorites":"20","mentions":[],"hashtags":[],"geo":"","raw":"50분걸린대서 주문했는데\n1시간30분이나 걸리고\n보족 시켰는데\n보쌈고기는 살코기가 거의없고\n비추.","polarity":{"com":0.005324945571428571,"pos":0.26637111157142856,"neg":0.5152169605714286,"neut":0.16127154742857144,"none":0.051815434857142864},"intensity":{"high":0.11914503669726499,"low":0.057747176563178966,"meium":0.7686298790330529,"none":0.05447790770650316},"expressive":{"dir-action":0,"dir-explicit":0.321740638,"dir-speech":0.3180131761428572,"indirect":0.24712700614285715,"writing-device":0.11311917971428571}},{"id":"할매보쌈족발","permalink":"","username":"asdfg","text":"맛나요","date":"Mon Dec 10 23:59:44 +0000 2018","retweets":"30","favorites":"20","mentions":[],"hashtags":[],"geo":"","raw":"맛나요","polarity":{"com":0,"pos":1,"neg":0,"neut":0,"none":0},"intensity":{"high":0,"low":0,"meium":1,"none":0},"expressive":{"dir-action":0,"dir-explicit":0,"dir-speech":1,"indirect":0,"writing-device":0}},{"id":"할매보쌈족발","permalink":"","username":"asdfg","text":"늘 주문해서 먹는대요 늘~\n한결 같은 맛이네오","date":"Mon Dec 10 23:59:44 +0000 2018","retweets":"30","favorites":"20","mentions":[],"hashtags":[],"geo":"","raw":"늘 주문해서 먹는대요 늘~\n한결 같은 맛이네오","polarity":{"com":0,"pos":0.64285714275,"neg":0.25,"neut":0.03571428575,"none":0.0714285715},"intensity":{"high":0.0515873015,"low":0.0555555555,"meium":0.8214285715,"none":0.0714285715},"expressive":{"dir-action":0,"dir-explicit":0.376984127,"dir-speech":0.48015873025,"indirect":0.0595238095,"writing-device":0.08333333325}},{"id":"할매보쌈족발","permalink":"","username":"asdfg","text":"맛있어요~~~^~~","date":"Mon Dec 10 23:59:44 +0000 2018","retweets":"30","favorites":"20","mentions":[],"hashtags":[],"geo":"","raw":"맛있어요~~~^~~","polarity":{"com":0,"pos":0,"neg":1,"neut":0,"none":0},"intensity":{"high":0,"low":0,"meium":1,"none":0},"expressive":{"dir-action":0,"dir-explicit":0,"dir-speech":1,"indirect":0,"writing-device":0}},{"id":"할매보쌈족발","permalink":"","username":"asdfg","text":"맛있게 잘 먹었어용~~","date":"Mon Dec 10 23:59:44 +0000 2018","retweets":"30","favorites":"20","mentions":[],"hashtags":[],"geo":"","raw":"맛있게 잘 먹었어용~~","polarity":{"com":0,"pos":0.35714285717857136,"neg":0.6071428573035714,"neut":0.03571428551785714,"none":0},"intensity":{"high":0,"low":0.107142857,"meium":0.8928571430000001,"none":0},"expressive":{"dir-action":0,"dir-explicit":0.107142857,"dir-speech":0.5714285715,"indirect":0.3214285715,"writing-device":0}},{"id":"할매보쌈족발","permalink":"","username":"asdfg","text":"맛나게 먹었어요.\n만족했습니다.","date":"Mon Dec 10 23:59:44 +0000 2018","retweets":"30","favorites":"20","mentions":[],"hashtags":[],"geo":"","raw":"맛나게 먹었어요.\n만족했습니다.","polarity":{"com":0,"pos":0.1666666665,"neg":0.8333333334999999,"neut":0,"none":0},"intensity":{"high":0.0555555555,"low":0.111111111,"meium":0.8333333334999999,"none":0},"expressive":{"dir-action":0,"dir-explicit":0.611111111,"dir-speech":0.388888889,"indirect":0,"writing-device":0}},{"id":"할매보쌈족발","permalink":"","username":"asdfg","text":"맛나게 잘먹엇습니다","date":"Mon Dec 10 23:59:44 +0000 2018","retweets":"30","favorites":"20","mentions":[],"hashtags":[],"geo":"","raw":"맛나게 잘먹엇습니다","polarity":{"com":null,"pos":null,"neg":null,"neut":null,"none":null},"intensity":{"high":null,"low":null,"meium":null,"none":null},"expressive":{"dir-action":null,"dir-explicit":null,"dir-speech":null,"indirect":null,"writing-device":null}},{"id":"할매보쌈족발","permalink":"","username":"asdfg","text":"진짜 맛있고 배달도 엄청 빨라요!!! 여기가 최고예용","date":"Mon Dec 10 23:59:44 +0000 2018","retweets":"30","favorites":"20","mentions":[],"hashtags":[],"geo":"","raw":"진짜 맛있고 배달도 엄청 빨라요!!! 여기가 최고예용","polarity":{"com":0,"pos":0.5648148148333333,"neg":0.43518518516666665,"neut":0,"none":0},"intensity":{"high":0.12962962966666666,"low":0.25,"meium":0.6203703703333333,"none":0},"expressive":{"dir-action":0,"dir-explicit":0,"dir-speech":0.5833333333333334,"indirect":0.4166666666666667,"writing-device":0}},{"id":"할매보쌈족발","permalink":"","username":"asdfg","text":"양도 푸짐하고 좋아요","date":"Mon Dec 10 23:59:44 +0000 2018","retweets":"30","favorites":"20","mentions":[],"hashtags":[],"geo":"","raw":"양도 푸짐하고 좋아요","polarity":{"com":0.012012012,"pos":0.7663063065,"neg":0.17315315299999998,"neut":0.0165165165,"none":0.032012012},"intensity":{"high":0.157057057,"low":0.062042042000000006,"meium":0.7473873875,"none":0.0335135135},"expressive":{"dir-action":0.0015015015,"dir-explicit":0.456156156,"dir-speech":0.145045045,"indirect":0.363783784,"writing-device":0.0335135135}},{"id":"할매보쌈족발","permalink":"","username":"asdfg","text":"맛있게 잘먹었는데 배달이 쫌만 빨랐다면..","date":"Mon Dec 10 23:59:44 +0000 2018","retweets":"30","favorites":"20","mentions":[],"hashtags":[],"geo":"","raw":"맛있게 잘먹었는데 배달이 쫌만 빨랐다면..","polarity":{"com":0.018181818203636364,"pos":0.6610389611322077,"neg":0.2974025974594805,"neut":0.014285714202857142,"none":0.009090909001818182},"intensity":{"high":0.00909090900181818,"low":0.13679653662735927,"meium":0.8450216453690043,"none":0.00909090900181818},"expressive":{"dir-action":0,"dir-explicit":0.09740259739999999,"dir-speech":0.4467532468,"indirect":0.4467532468,"writing-device":0.009090909}},{"id":"할매보쌈족발","permalink":"","username":"asdfg","text":"돼지잡내가 처음엔 안나다가 후반에 아래쪽고기애서 심하게나요","date":"Mon Dec 10 23:59:44 +0000 2018","retweets":"30","favorites":"20","mentions":[],"hashtags":[],"geo":"","raw":"돼지잡내가 처음엔 안나다가 후반에 아래쪽고기애서 심하게나요","polarity":{"com":0.028571428594285714,"pos":0.22207792215558442,"neg":0.4162337661167533,"neut":0.28636363634272727,"none":0.04675324679064934},"intensity":{"high":0.1181818182,"low":0.036363636399999996,"meium":0.7987012985999999,"none":0.046753246799999995},"expressive":{"dir-action":0,"dir-explicit":0.22380952380000002,"dir-speech":0.566017316,"indirect":0.11341991339999999,"writing-device":0.0967532468}},{"id":"할매보쌈족발","permalink":"","username":"asdfg","text":"맛은 솔직히 잘 모르겠어요 ㅎㅎ 새로운 맛이라 ㅎㅎ","date":"Mon Dec 10 23:59:44 +0000 2018","retweets":"30","favorites":"20","mentions":[],"hashtags":[],"geo":"","raw":"맛은 솔직히 잘 모르겠어요 ㅎㅎ 새로운 맛이라 ㅎㅎ","polarity":{"com":0,"pos":0.8035714287008928,"neg":0.05357142851339285,"neut":0.1428571427857143,"none":0},"intensity":{"high":0,"low":0.0535714285,"meium":0.9464285715,"none":0},"expressive":{"dir-action":0,"dir-explicit":0.1785714285,"dir-speech":0.53571428575,"indirect":0.28571428575,"writing-device":0}},{"id":"할매보쌈족발","permalink":"","username":"asdfg","text":"먹을만 합니당","date":"Mon Dec 10 23:59:44 +0000 2018","retweets":"30","favorites":"20","mentions":[],"hashtags":[],"geo":"","raw":"먹을만 합니당","polarity":{"com":0,"pos":0.458333333,"neg":0.3333333335,"neut":0,"none":0.2083333335},"intensity":{"high":0.097222222,"low":0.111111111,"meium":0.5833333334999999,"none":0.2083333335},"expressive":{"dir-action":0,"dir-explicit":0.2777777775,"dir-speech":0.388888889,"indirect":0.125,"writing-device":0.2083333335}},{"id":"할매보쌈족발","permalink":"","username":"asdfg","text":"너무 맛있다!배달도 빠르고 양도 많아요!","date":"Mon Dec 10 23:59:44 +0000 2018","retweets":"30","favorites":"20","mentions":[],"hashtags":[],"geo":"","raw":"너무 맛있다!배달도 빠르고 양도 많아요!","polarity":{"com":0.03571428575,"pos":0.63354037275,"neg":0.31987577624999997,"neut":0.01086956525,"none":0},"intensity":{"high":0.10093167702523292,"low":0.17339544504334886,"meium":0.7256728779314182,"none":0},"expressive":{"dir-action":0,"dir-explicit":0.27329192531832297,"dir-speech":0.37577639759394404,"indirect":0.35093167708773293,"writing-device":0}},{"id":"할매보쌈족발","permalink":"","username":"asdfg","text":"맛은없고 양도 없도 배달도 그저그렇고...\n밥을시켞는데 누른밥주시고;어쩔수없단말만하네여","date":"Mon Dec 10 23:59:44 +0000 2018","retweets":"30","favorites":"20","mentions":[],"hashtags":[],"geo":"","raw":"맛은없고 양도 없도 배달도 그저그렇고...\n밥을시켞는데 누른밥주시고;어쩔수없단말만하네여","polarity":{"com":0.03055310390909091,"pos":0.3700500146363636,"neg":0.5186541793636363,"neut":0.020574678818181816,"none":0.06016802327272727},"intensity":{"high":0.12282534079584993,"low":0.2724624889504613,"meium":0.498206989000326,"none":0.10650518125336268},"expressive":{"dir-action":0,"dir-explicit":0.21694942961664096,"dir-speech":0.4822120885016171,"indirect":0.2289317118882789,"writing-device":0.07190676999346303}},{"id":"할매보쌈족발","permalink":"","username":"asdfg","text":"배달도 빠른 편이시고 양도 많고 맛있었어요!","date":"Mon Dec 10 23:59:44 +0000 2018","retweets":"30","favorites":"20","mentions":[],"hashtags":[],"geo":"","raw":"배달도 빠른 편이시고 양도 많고 맛있었어요!","polarity":{"com":0,"pos":0.5978260870000001,"neg":0.39130434775,"neut":0.01086956525,"none":0},"intensity":{"high":0.06521739126630435,"low":0.13768115928442032,"meium":0.7971014494492753,"none":0},"expressive":{"dir-action":0,"dir-explicit":0.1304347825326087,"dir-speech":0.5543478261385869,"indirect":0.3152173913288044,"writing-device":0}},{"id":"할매보쌈족발","permalink":"","username":"asdfg","text":"다른덴줄 알고 시켰는데\n맛있어용~~^^♡","date":"Mon Dec 10 23:59:44 +0000 2018","retweets":"30","favorites":"20","mentions":[],"hashtags":[],"geo":"","raw":"다른덴줄 알고 시켰는데\n맛있어용~~^^♡","polarity":{"com":0,"pos":0,"neg":1,"neut":0,"none":0},"intensity":{"high":0,"low":0.5,"meium":0.5,"none":0},"expressive":{"dir-action":0,"dir-explicit":0,"dir-speech":0.5,"indirect":0,"writing-device":0.5}},{"id":"할매보쌈족발","permalink":"","username":"asdfg","text":"배달도 빠르고 맛있었어요~~\n담에 또 시켜먹을게요~~","date":"Mon Dec 10 23:59:44 +0000 2018","retweets":"30","favorites":"20","mentions":[],"hashtags":[],"geo":"","raw":"배달도 빠르고 맛있었어요~~\n담에 또 시켜먹을게요~~","polarity":{"com":0,"pos":0.4952380951009524,"neg":0.4190476191161905,"neut":0,"none":0.08571428578285714},"intensity":{"high":0.022222222200000002,"low":0.11111111100000001,"meium":0.7809523810000001,"none":0.08571428580000001},"expressive":{"dir-action":0,"dir-explicit":0.073015873,"dir-speech":0.6126984128,"indirect":0.2,"writing-device":0.1142857142}},{"id":"할매보쌈족발","permalink":"","username":"asdfg","text":"너무맛있어요진심레알대박","date":"Mon Dec 10 23:59:44 +0000 2018","retweets":"30","favorites":"20","mentions":[],"hashtags":[],"geo":"","raw":"너무맛있어요진심레알대박","polarity":{"com":0.142857143,"pos":0.142857143,"neg":0.714285714,"neut":0,"none":0},"intensity":{"high":0.142857143,"low":0.142857143,"meium":0.714285714,"none":0},"expressive":{"dir-action":0,"dir-explicit":0.5714285710000001,"dir-speech":0.28571428600000004,"indirect":0.14285714300000002,"writing-device":0}},{"id":"할매보쌈족발","permalink":"","username":"asdfg","text":"생각보다맛있어요\n또시켜먹을께요!!","date":"Mon Dec 10 23:59:44 +0000 2018","retweets":"30","favorites":"20","mentions":[],"hashtags":[],"geo":"","raw":"생각보다맛있어요\n또시켜먹을께요!!","polarity":{"com":0,"pos":0.21279761894680058,"neg":0.6071428570982144,"neut":0.062499999984375,"none":0.11755952397061012},"intensity":{"high":0.048611111,"low":0.11805555549999999,"meium":0.7157738095,"none":0.117559524},"expressive":{"dir-action":0,"dir-explicit":0.18501984124999998,"dir-speech":0.63045634925,"indirect":0.03125,"writing-device":0.1532738095}},{"id":"할매보쌈족발","permalink":"","username":"asdfg","text":"김치가  없네요...","date":"Mon Dec 10 23:59:44 +0000 2018","retweets":"30","favorites":"20","mentions":[],"hashtags":[],"geo":"","raw":"김치가  없네요...","polarity":{"com":0,"pos":0.27777777772222223,"neg":0.5555555554444445,"neut":0.05555555594444445,"none":0.1111111108888889},"intensity":{"high":0.166666667,"low":0.111111111,"meium":0.611111111,"none":0.111111111},"expressive":{"dir-action":0,"dir-explicit":0.5555555554444445,"dir-speech":0.16666666683333334,"indirect":0.16666666683333334,"writing-device":0.1111111108888889}},{"id":"할매보쌈족발","permalink":"","username":"asdfg","text":"맛잇고 양도 괜찮아요 ㅎ","date":"Mon Dec 10 23:59:44 +0000 2018","retweets":"30","favorites":"20","mentions":[],"hashtags":[],"geo":"","raw":"맛잇고 양도 괜찮아요 ㅎ","polarity":{"com":0.0035714285,"pos":0.607142857,"neg":0.1642857145,"neut":0.007142857,"none":0.217857143},"intensity":{"high":0.0714285715,"low":0.057142857,"meium":0.6535714285,"none":0.217857143},"expressive":{"dir-action":0,"dir-explicit":0.09285714295357143,"dir-speech":0.649999999675,"indirect":0.042857142978571426,"writing-device":0.21428571439285712}},{"id":"할매보쌈족발","permalink":"","username":"asdfg","text":"그냥 그랬어요 막국수 다 불어온건 좀 아쉽네요","date":"Mon Dec 10 23:59:44 +0000 2018","retweets":"30","favorites":"20","mentions":[],"hashtags":[],"geo":"","raw":"그냥 그랬어요 막국수 다 불어온건 좀 아쉽네요","polarity":{"com":0,"pos":0.5714285713333332,"neg":0.3333333333333333,"neut":0,"none":0.09523809533333333},"intensity":{"high":0.09523809530158729,"low":0,"meium":0.8095238093968253,"none":0.09523809530158729},"expressive":{"dir-action":0,"dir-explicit":0.27619047624126986,"dir-speech":0.6285714284571428,"indirect":0,"writing-device":0.09523809530158729}},{"id":"할매보쌈족발","permalink":"","username":"asdfg","text":"걍 먹을만해요~~","date":"Mon Dec 10 23:59:44 +0000 2018","retweets":"30","favorites":"20","mentions":[],"hashtags":[],"geo":"","raw":"걍 먹을만해요~~","polarity":{"com":0,"pos":0.333333333,"neg":0.666666667,"neut":0,"none":0},"intensity":{"high":0.111111111,"low":0.222222222,"meium":0.666666667,"none":0},"expressive":{"dir-action":0,"dir-explicit":0.222222222,"dir-speech":0.777777778,"indirect":0,"writing-device":0}},{"id":"할매보쌈족발","permalink":"","username":"asdfg","text":"맛있어요~~~~~~","date":"Mon Dec 10 23:59:44 +0000 2018","retweets":"30","favorites":"20","mentions":[],"hashtags":[],"geo":"","raw":"맛있어요~~~~~~","polarity":{"com":0,"pos":0,"neg":1,"neut":0,"none":0},"intensity":{"high":0,"low":0,"meium":1,"none":0},"expressive":{"dir-action":0,"dir-explicit":0,"dir-speech":1,"indirect":0,"writing-device":0}},{"id":"할매보쌈족발","permalink":"","username":"asdfg","text":"혼자 먹었지만 다음에는 중으로 시켜야 하나 하는 생각이...","date":"Mon Dec 10 23:59:44 +0000 2018","retweets":"30","favorites":"20","mentions":[],"hashtags":[],"geo":"","raw":"혼자 먹었지만 다음에는 중으로 시켜야 하나 하는 생각이...","polarity":{"com":0,"pos":0.20634920624126984,"neg":0.5301587303060318,"neut":0.24761904764952383,"none":0.015873015803174604},"intensity":{"high":0.006349206399999999,"low":0.1428571428,"meium":0.8349206349999999,"none":0.0158730158},"expressive":{"dir-action":0,"dir-explicit":0.288888889,"dir-speech":0.6095238096,"indirect":0.08253968240000001,"writing-device":0.019047619}},{"id":"할매보쌈족발","permalink":"","username":"asdfg","text":"아주 맛있게 잘 먹었습니다","date":"Mon Dec 10 23:59:44 +0000 2018","retweets":"30","favorites":"20","mentions":[],"hashtags":[],"geo":"","raw":"아주 맛있게 잘 먹었습니다","polarity":{"com":0,"pos":0.7321428573660714,"neg":0.23214285711607144,"neut":0.035714285517857144,"none":0},"intensity":{"high":0.125,"low":0.107142857,"meium":0.7678571430000001,"none":0},"expressive":{"dir-action":0,"dir-explicit":0.107142857,"dir-speech":0.19642857149999998,"indirect":0.6964285715,"writing-device":0}},{"id":"할매보쌈족발","permalink":"","username":"asdfg","text":"막국수고괜찮앗고 족발도 냄새안나고 괜찮앗어요","date":"Mon Dec 10 23:59:44 +0000 2018","retweets":"30","favorites":"20","mentions":[],"hashtags":[],"geo":"","raw":"막국수고괜찮앗고 족발도 냄새안나고 괜찮앗어요","polarity":{"com":0.010006224670002074,"pos":0.31107998743702664,"neg":0.31322751343774247,"neut":0.14637410504879134,"none":0.21931216940643738},"intensity":{"high":0.09010270769670088,"low":0.28755057576251686,"meium":0.4030345471343448,"none":0.21931216940643738},"expressive":{"dir-action":0,"dir-explicit":0.20133831326622056,"dir-speech":0.38976034853674657,"indirect":0.18543417360485526,"writing-device":0.2234671645921776}},{"id":"할매보쌈족발","permalink":"","username":"asdfg","text":"맛있어요~~~~~~","date":"Mon Dec 10 23:59:44 +0000 2018","retweets":"30","favorites":"20","mentions":[],"hashtags":[],"geo":"","raw":"맛있어요~~~~~~","polarity":{"com":0,"pos":0,"neg":1,"neut":0,"none":0},"intensity":{"high":0,"low":0,"meium":1,"none":0},"expressive":{"dir-action":0,"dir-explicit":0,"dir-speech":1,"indirect":0,"writing-device":0}},{"id":"할매보쌈족발","permalink":"","username":"asdfg","text":"정말 맛있었습니다 또먹어야짛ㅎ","date":"Mon Dec 10 23:59:44 +0000 2018","retweets":"30","favorites":"20","mentions":[],"hashtags":[],"geo":"","raw":"정말 맛있었습니다 또먹어야짛ㅎ","polarity":{"com":0,"pos":0.4464285712767857,"neg":0.21428571439285712,"neut":0,"none":0.33928571433035715},"intensity":{"high":0.25,"low":0,"meium":0.4107142855,"none":0.3392857145},"expressive":{"dir-action":0,"dir-explicit":0.32142857150000004,"dir-speech":0.267857143,"indirect":0,"writing-device":0.41071428550000005}},{"id":"할매보쌈족발","permalink":"","username":"asdfg","text":"맛있었고 양도 많았어요","date":"Mon Dec 10 23:59:44 +0000 2018","retweets":"30","favorites":"20","mentions":[],"hashtags":[],"geo":"","raw":"맛있었고 양도 많았어요","polarity":{"com":0,"pos":0.195652174,"neg":0.7826086955,"neut":0.0217391305,"none":0},"intensity":{"high":0.1304347825652174,"low":0.10869565205434782,"meium":0.7608695653804347,"none":0},"expressive":{"dir-action":0,"dir-explicit":0.2608695651304348,"dir-speech":0.6086956523043479,"indirect":0.1304347825652174,"writing-device":0}},{"id":"할매보쌈족발","permalink":"","username":"asdfg","text":"배달하시는 사장님~\n\n제가 시켜먹어서 죄송합니다\n추운데 시켜먹어서 많이 힘드셨죠?\n저도 나이 사십바라보는데\n어르신이 아무 인사도 없고 저멀리 한손으로\n귀찬은듯 건내셔서 죄송해 죽는줄 알았어요\n배달시켜 정말죄송합니다\n다신 안시킬게요","date":"Mon Dec 10 23:59:44 +0000 2018","retweets":"30","favorites":"20","mentions":[],"hashtags":[],"geo":"","raw":"배달하시는 사장님~\n\n제가 시켜먹어서 죄송합니다\n추운데 시켜먹어서 많이 힘드셨죠?\n저도 나이 사십바라보는데\n어르신이 아무 인사도 없고 저멀리 한손으로\n귀찬은듯 건내셔서 죄송해 죽는줄 알았어요\n배달시켜 정말죄송합니다\n다신 안시킬게요","polarity":{"com":0.006995327899999999,"pos":0.4943679016500001,"neg":0.41890258204999997,"neut":0.0382910269,"none":0.04144316149999999},"intensity":{"high":0.09075049439546248,"low":0.23332278948833388,"meium":0.6338554631183072,"none":0.04207125299789644},"expressive":{"dir-action":0.0008431452500843146,"dir-explicit":0.21406357317140637,"dir-speech":0.4970598023997059,"indirect":0.19398641976939865,"writing-device":0.09404705940940469}},{"id":"할매보쌈족발","permalink":"","username":"asdfg","text":"맛있었다 근데 배달이 1시간반걸릴거인정 그거빼곤 맛있었음","date":"Mon Dec 10 23:59:44 +0000 2018","retweets":"30","favorites":"20","mentions":[],"hashtags":[],"geo":"","raw":"맛있었다 근데 배달이 1시간반걸릴거인정 그거빼곤 맛있었음","polarity":{"com":0,"pos":0.5,"neg":0.5,"neut":0,"none":0},"intensity":{"high":0.047619047571428576,"low":0.14285714285714285,"meium":0.8095238095714284,"none":0},"expressive":{"dir-action":0,"dir-explicit":0,"dir-speech":0.6428571428571429,"indirect":0.35714285714285715,"writing-device":0}},{"id":"할매보쌈족발","permalink":"","username":"asdfg","text":"메뉴에는 분명히 김치라고 하는데 김치대신 무절림만 오고 상추는 말라있고 고기도 퍼석하고 막국수면발도 삶아놓은거 놔뒀다가 주는거같고 부추무침은 기름이 너무 많아 느끼하고 ㅡㅡ\n세상에!! 보쌈에ㅡ배추김치가 없다니 ㅡㅡ\n요기요에서 10%할인이래서 시켰는데 그래서 안주는건가?\n진짜 돈아까워서 먹지 두번은 안먹겠다..\n싼게 비지떡이라는.말이 딱 맞는듯","date":"Mon Dec 10 23:59:44 +0000 2018","retweets":"30","favorites":"20","mentions":[],"hashtags":[],"geo":"","raw":"메뉴에는 분명히 김치라고 하는데 김치대신 무절림만 오고 상추는 말라있고 고기도 퍼석하고 막국수면발도 삶아놓은거 놔뒀다가 주는거같고 부추무침은 기름이 너무 많아 느끼하고 ㅡㅡ\n세상에!! 보쌈에ㅡ배추김치가 없다니 ㅡㅡ\n요기요에서 10%할인이래서 시켰는데 그래서 안주는건가?\n진짜 돈아까워서 먹지 두번은 안먹겠다..\n싼게 비지떡이라는.말이 딱 맞는듯","polarity":{"com":0.007066799067137784,"pos":0.336975968422465,"neg":0.5101590764340106,"neut":0.09169202497277944,"none":0.054106131103607076},"intensity":{"high":0.15083220828174987,"low":0.08591308700859134,"meium":0.7086653317375332,"none":0.05458937297212562},"expressive":{"dir-action":0.0004832418666827747,"dir-explicit":0.21618312687387278,"dir-speech":0.46352180124878406,"indirect":0.2082956537736098,"writing-device":0.11151617623705053}},{"id":"할매보쌈족발","permalink":"","username":"asdfg","text":"맛있었는데양이너무적어요","date":"Mon Dec 10 23:59:44 +0000 2018","retweets":"30","favorites":"20","mentions":[],"hashtags":[],"geo":"","raw":"맛있었는데양이너무적어요","polarity":{"com":0.07142857150000001,"pos":0.07142857150000001,"neg":0.857142857,"neut":0,"none":0},"intensity":{"high":0.07142857150000001,"low":0.07142857150000001,"meium":0.857142857,"none":0},"expressive":{"dir-action":0,"dir-explicit":0.2857142855,"dir-speech":0.642857143,"indirect":0.0714285715,"writing-device":0}},{"id":"할매보쌈족발","permalink":"","username":"asdfg","text":"요기요에 나와있는데 메인 메뉴외에 부수적으로 같이 오는 음식을 보고 음식을 시켰는데 음식점에서는  부수적인 음식이 많이 없어졌다고 하는데 요기요의 메뉴판과 다른 이유를 알수가 없네요 그리고 제가 음식을 주문한 곳의 상호가 결제시 나오는것이 아니고 다른 상호가 찍혀서 나오는것 전문점이 아니고 여러가지의 음식을 취하는 곳이라고 여겨집니다 문제가 있는게 아닌가 생각이 듭니다","date":"Mon Dec 10 23:59:44 +0000 2018","retweets":"30","favorites":"20","mentions":[],"hashtags":[],"geo":"","raw":"요기요에 나와있는데 메인 메뉴외에 부수적으로 같이 오는 음식을 보고 음식을 시켰는데 음식점에서는  부수적인 음식이 많이 없어졌다고 하는데 요기요의 메뉴판과 다른 이유를 알수가 없네요 그리고 제가 음식을 주문한 곳의 상호가 결제시 나오는것이 아니고 다른 상호가 찍혀서 나오는것 전문점이 아니고 여러가지의 음식을 취하는 곳이라고 여겨집니다 문제가 있는게 아닌가 생각이 듭니다","polarity":{"com":0.02356342282514861,"pos":0.36778455603091886,"neg":0.4167587637155077,"neut":0.1444484426402295,"none":0.04744481478819535},"intensity":{"high":0.14446266652720433,"low":0.13510056504380002,"meium":0.6372710149749842,"none":0.08316575345401145},"expressive":{"dir-action":0.0072501151394310575,"dir-explicit":0.38056842369942795,"dir-speech":0.3790802918715338,"indirect":0.17851478431279616,"writing-device":0.05458638497681096}},{"id":"할매보쌈족발","permalink":"","username":"asdfg","text":"인간적으로 개 극혐입니다 보쌈중인데 다른곳보다 양도적고 너무 맛도...막국수는 몇젓가락 안됩니다 보쌈고기도 비계뿐입니다 진짜 이건 너무 아니다싶습니다","date":"Mon Dec 10 23:59:44 +0000 2018","retweets":"30","favorites":"20","mentions":[],"hashtags":[],"geo":"","raw":"인간적으로 개 극혐입니다 보쌈중인데 다른곳보다 양도적고 너무 맛도...막국수는 몇젓가락 안됩니다 보쌈고기도 비계뿐입니다 진짜 이건 너무 아니다싶습니다","polarity":{"com":0.03999950861846149,"pos":0.4284807039560369,"neg":0.2612492770970192,"neut":0.13605355770277336,"none":0.134216952625709},"intensity":{"high":0.07075758785159673,"low":0.11648313847049871,"meium":0.6785423210521956,"none":0.134216952625709},"expressive":{"dir-action":0,"dir-explicit":0.28683927013178157,"dir-speech":0.3453910039734315,"indirect":0.2313729269822021,"writing-device":0.13639679891258488}},{"id":"할매보쌈족발","permalink":"","username":"asdfg","text":"양 많이 주시네요. 여자 둘이서 절반 가까이 남겼어요. 막국수는 중박. 족발 껍질 콜라겐 짱짱 맛있었어요.","date":"Mon Dec 10 23:59:44 +0000 2018","retweets":"30","favorites":"20","mentions":[],"hashtags":[],"geo":"","raw":"양 많이 주시네요. 여자 둘이서 절반 가까이 남겼어요. 막국수는 중박. 족발 껍질 콜라겐 짱짱 맛있었어요.","polarity":{"com":0.0044052862863436125,"pos":0.2975016731853574,"neg":0.6434315283776331,"neut":0.042064990434580715,"none":0.012596521716085218},"intensity":{"high":0.05535327200790761,"low":0.16797276916685325,"meium":0.7634481105376354,"none":0.013225848287603693},"expressive":{"dir-action":0.0006293265715184752,"dir-explicit":0.1135784710162255,"dir-speech":0.5119222433588461,"indirect":0.35837653705119665,"writing-device":0.015493422002213346}},{"id":"할매보쌈족발","permalink":"","username":"asdfg","text":"ㅎㅎㅋ","date":"Mon Dec 10 23:59:44 +0000 2018","retweets":"30","favorites":"20","mentions":[],"hashtags":[],"geo":"","raw":"ㅎㅎㅋ","polarity":{"com":null,"pos":null,"neg":null,"neut":null,"none":null},"intensity":{"high":null,"low":null,"meium":null,"none":null},"expressive":{"dir-action":null,"dir-explicit":null,"dir-speech":null,"indirect":null,"writing-device":null}},{"id":"할매보쌈족발","permalink":"","username":"asdfg","text":"중자인데 양이 지나치게 적은 듯해요. 보쌈속도 신선하지 않았구요","date":"Mon Dec 10 23:59:44 +0000 2018","retweets":"30","favorites":"20","mentions":[],"hashtags":[],"geo":"","raw":"중자인데 양이 지나치게 적은 듯해요. 보쌈속도 신선하지 않았구요","polarity":{"com":0.008446131200000002,"pos":0.4692388782000001,"neg":0.43720430120000003,"neut":0.03507484720000001,"none":0.050035842200000014},"intensity":{"high":0.1478916296295783,"low":0.03956567560791313,"meium":0.7620767449524153,"none":0.05046594981009318},"expressive":{"dir-action":0.0012903226,"dir-explicit":0.2853447186,"dir-speech":0.19944760700000003,"indirect":0.459959941,"writing-device":0.05395741080000001}},{"id":"할매보쌈족발","permalink":"","username":"asdfg","text":"굿굿 맛나네여","date":"Mon Dec 10 23:59:44 +0000 2018","retweets":"30","favorites":"20","mentions":[],"hashtags":[],"geo":"","raw":"굿굿 맛나네여","polarity":{"com":0,"pos":1,"neg":0,"neut":0,"none":0},"intensity":{"high":0,"low":0,"meium":1,"none":0},"expressive":{"dir-action":0,"dir-explicit":0,"dir-speech":0,"indirect":1,"writing-device":0}},{"id":"할매보쌈족발","permalink":"","username":"asdfg","text":"보쌈느끼해여... 보쌈김치맛없음","date":"Mon Dec 10 23:59:44 +0000 2018","retweets":"30","favorites":"20","mentions":[],"hashtags":[],"geo":"","raw":"보쌈느끼해여... 보쌈김치맛없음","polarity":{"com":0,"pos":0.5,"neg":0.5,"neut":0,"none":0},"intensity":{"high":0,"low":0,"meium":1,"none":0},"expressive":{"dir-action":0,"dir-explicit":0,"dir-speech":0.5,"indirect":0.5,"writing-device":0}},{"id":"할매보쌈족발","permalink":"","username":"asdfg","text":"내가 먹어본 족발중 최악~~\n아무리 늦은시간에 시켰다고 해도\n너무오래된듯한 족발에 냄새두 나고 최악임","date":"Mon Dec 10 23:59:44 +0000 2018","retweets":"30","favorites":"20","mentions":[],"hashtags":[],"geo":"","raw":"내가 먹어본 족발중 최악~~\n아무리 늦은시간에 시켰다고 해도\n너무오래된듯한 족발에 냄새두 나고 최악임","polarity":{"com":0.026084286724901436,"pos":0.3427173661506621,"neg":0.5916690415825756,"neut":0.013845349998741333,"none":0.025683955543119644},"intensity":{"high":0.2638600514545455,"low":0.09495876809090907,"meium":0.6144522928181818,"none":0.02672888763636364},"expressive":{"dir-action":0.0010449320910990783,"dir-explicit":0.24468939277176172,"dir-speech":0.2729743697769044,"indirect":0.4486846748997608,"writing-device":0.03260663046047393}},{"id":"할매보쌈족발","permalink":"","username":"asdfg","text":"살이 없네요","date":"Mon Dec 10 23:59:44 +0000 2018","retweets":"30","favorites":"20","mentions":[],"hashtags":[],"geo":"","raw":"살이 없네요","polarity":{"com":0.019417476000000003,"pos":0.20388349500000003,"neg":0.5922330100000001,"neut":0.04854368900000001,"none":0.13592233000000004},"intensity":{"high":0.22330097077669905,"low":0.09708737890291264,"meium":0.5339805824660194,"none":0.14563106785436897},"expressive":{"dir-action":0,"dir-explicit":0.427184466,"dir-speech":0.213592233,"indirect":0.194174757,"writing-device":0.165048544}},{"id":"할매보쌈족발","permalink":"","username":"asdfg","text":"따뜻했으면 더 맛있었을텐데ㅎㅎ\n그래도 잘먹었어요~!!","date":"Mon Dec 10 23:59:44 +0000 2018","retweets":"30","favorites":"20","mentions":[],"hashtags":[],"geo":"","raw":"따뜻했으면 더 맛있었을텐데ㅎㅎ\n그래도 잘먹었어요~!!","polarity":{"com":0,"pos":0.6024844721506212,"neg":0.09704968927426241,"neut":0.03959627325989906,"none":0.2608695653152174},"intensity":{"high":0.04347826075,"low":0.075310559,"meium":0.6203416150000001,"none":0.26086956525},"expressive":{"dir-action":0,"dir-explicit":0.173136646,"dir-speech":0.11180124224999999,"indirect":0.45419254649999996,"writing-device":0.26086956525}},{"id":"할매보쌈족발","permalink":"","username":"asdfg","text":"양은 좀 넉넉한편인거 같은데 부침개를 안주셨네요.... 보쌈은 맛있었는데 족발은 그냥 그랬네요","date":"Mon Dec 10 23:59:44 +0000 2018","retweets":"30","favorites":"20","mentions":[],"hashtags":[],"geo":"","raw":"양은 좀 넉넉한편인거 같은데 부침개를 안주셨네요.... 보쌈은 맛있었는데 족발은 그냥 그랬네요","polarity":{"com":0.014644045287806289,"pos":0.486299264783757,"neg":0.3937372236276767,"neut":0.0922022328703146,"none":0.013117233430445316},"intensity":{"high":0.06446598658984744,"low":0.13946994746842,"meium":0.7825178320807193,"none":0.01354623386101321},"expressive":{"dir-action":0.00224883671364319,"dir-explicit":0.37851280746328214,"dir-speech":0.3038864993417467,"indirect":0.15803856166913183,"writing-device":0.15731329481219616}},{"id":"할매보쌈족발","permalink":"","username":"asdfg","text":"맛나요","date":"Mon Dec 10 23:59:44 +0000 2018","retweets":"30","favorites":"20","mentions":[],"hashtags":[],"geo":"","raw":"맛나요","polarity":{"com":0,"pos":1,"neg":0,"neut":0,"none":0},"intensity":{"high":0,"low":0,"meium":1,"none":0},"expressive":{"dir-action":0,"dir-explicit":0,"dir-speech":1,"indirect":0,"writing-device":0}},{"id":"할매보쌈족발","permalink":"","username":"asdfg","text":"특대를 시켰는데 양이 너무 적습니다. 이건 누구코에 붙이라고....너무하네요","date":"Mon Dec 10 23:59:44 +0000 2018","retweets":"30","favorites":"20","mentions":[],"hashtags":[],"geo":"","raw":"특대를 시켰는데 양이 너무 적습니다. 이건 누구코에 붙이라고....너무하네요","polarity":{"com":0.09372156504686079,"pos":0.3612374886806187,"neg":0.522747952761374,"neut":0.022292993511146497,"none":0},"intensity":{"high":0.1383075525,"low":0.1319381255,"meium":0.729754322,"none":0},"expressive":{"dir-action":0.006369426993630573,"dir-explicit":0.4831665145168334,"dir-speech":0.30209281169790714,"indirect":0.20518653329481343,"writing-device":0.0031847134968152864}},{"id":"할매보쌈족발","permalink":"","username":"asdfg","text":"보쌈족발셋트시켰는데...\n보쌈김치가아닌 신김치가오고.. 무무침도 오래된거같구..\n새우젖은 너무냄새나서 먹지도않았어요.,\n다음부턴 절대시켜먹지않을거같아요..이렇게나오는거면 제가 수육해먹는거보다 못하네요\n전화는 중곡에서받고 오는곳이 공릉이면 따로전화통화되게해야할듯요","date":"Mon Dec 10 23:59:44 +0000 2018","retweets":"30","favorites":"20","mentions":[],"hashtags":[],"geo":"","raw":"보쌈족발셋트시켰는데...\n보쌈김치가아닌 신김치가오고.. 무무침도 오래된거같구..\n새우젖은 너무냄새나서 먹지도않았어요.,\n다음부턴 절대시켜먹지않을거같아요..이렇게나오는거면 제가 수육해먹는거보다 못하네요\n전화는 중곡에서받고 오는곳이 공릉이면 따로전화통화되게해야할듯요","polarity":{"com":0.01712116113852142,"pos":0.3318869322528237,"neg":0.509558837155502,"neut":0.05652723341574232,"none":0.08490583603741053},"intensity":{"high":0.06692308454480106,"low":0.08764135847369227,"meium":0.7591212502662978,"none":0.08631430671520884},"expressive":{"dir-action":0.005171470103626603,"dir-explicit":0.19968775938619615,"dir-speech":0.4353795770839786,"indirect":0.1860868179029685,"writing-device":0.17367437552323015}},{"id":"할매보쌈족발","permalink":"","username":"asdfg","text":"완전맛있어요 군내도 하나도 안나고 아이도 배부른데 고기 자꾸 달라고 하네요","date":"Mon Dec 10 23:59:44 +0000 2018","retweets":"30","favorites":"20","mentions":[],"hashtags":[],"geo":"","raw":"완전맛있어요 군내도 하나도 안나고 아이도 배부른데 고기 자꾸 달라고 하네요","polarity":{"com":0.001915708833333333,"pos":0.4018541323333333,"neg":0.33044266566666664,"neut":0.22280377666666665,"none":0.04298371649999999},"intensity":{"high":0.0712404214881266,"low":0.06571565415571405,"meium":0.8181444990303093,"none":0.044899425325850104},"expressive":{"dir-action":0.001915708833652618,"dir-explicit":0.2931889710488648,"dir-speech":0.4692631362448772,"indirect":0.17648467436274745,"writing-device":0.05914750950985792}},{"id":"할매보쌈족발","permalink":"","username":"asdfg","text":"진짜맛있어요~","date":"Mon Dec 10 23:59:44 +0000 2018","retweets":"30","favorites":"20","mentions":[],"hashtags":[],"geo":"","raw":"진짜맛있어요~","polarity":{"com":0,"pos":0,"neg":1,"neut":0,"none":0},"intensity":{"high":0,"low":0,"meium":1,"none":0},"expressive":{"dir-action":0,"dir-explicit":0,"dir-speech":1,"indirect":0,"writing-device":0}},{"id":"할매보쌈족발","permalink":"","username":"asdfg","text":"맛있네요","date":"Mon Dec 10 23:59:44 +0000 2018","retweets":"30","favorites":"20","mentions":[],"hashtags":[],"geo":"","raw":"맛있네요","polarity":{"com":0,"pos":0,"neg":1,"neut":0,"none":0},"intensity":{"high":0,"low":0,"meium":1,"none":0},"expressive":{"dir-action":0,"dir-explicit":0,"dir-speech":1,"indirect":0,"writing-device":0}},{"id":"할매보쌈족발","permalink":"","username":"asdfg","text":"여기음식 먹지마세요...\n보쌈은 삶은지 오래된거 렌지에돌렸는지 딱딱하고 말랐고 막국수는 초장맛만나고....5천원짜리라도 안먹겠네요...요기요가 업체등록시키는데만 혈안인지 품질관리를 못하네요. 양심좀 가지고 장사합시다.","date":"Mon Dec 10 23:59:44 +0000 2018","retweets":"30","favorites":"20","mentions":[],"hashtags":[],"geo":"","raw":"여기음식 먹지마세요...\n보쌈은 삶은지 오래된거 렌지에돌렸는지 딱딱하고 말랐고 막국수는 초장맛만나고....5천원짜리라도 안먹겠네요...요기요가 업체등록시키는데만 혈안인지 품질관리를 못하네요. 양심좀 가지고 장사합시다.","polarity":{"com":0.006024165612115138,"pos":0.5077851540290753,"neg":0.40026528001115536,"neut":0.041261285117987996,"none":0.04466411522966625},"intensity":{"high":0.04369676561596631,"low":0.14163221584907026,"meium":0.7698400698077601,"none":0.044830948727203446},"expressive":{"dir-action":0.0008745476110625254,"dir-explicit":0.14814139643621438,"dir-speech":0.5063856825274231,"indirect":0.2696646310405742,"writing-device":0.07493374238472593}},{"id":"할매보쌈족발","permalink":"","username":"asdfg","text":"ㅣ싯ㄴㅇㄴㅈㄴㅈㄴㄷ","date":"Mon Dec 10 23:59:44 +0000 2018","retweets":"30","favorites":"20","mentions":[],"hashtags":[],"geo":"","raw":"ㅣ싯ㄴㅇㄴㅈㄴㅈㄴㄷ","polarity":{"com":0.13636363613636363,"pos":0.3181818183181818,"neg":0.4090909094090909,"neut":0.045454545045454535,"none":0.09090909109090908},"intensity":{"high":0.090909091,"low":0.04545454499999999,"meium":0.772727273,"none":0.090909091},"expressive":{"dir-action":0,"dir-explicit":0.04545454499999999,"dir-speech":0.772727273,"indirect":0.090909091,"writing-device":0.090909091}},{"id":"할매보쌈족발","permalink":"","username":"asdfg","text":"고시텔에서 혼자시켜먹는데 맛있었어요^^\n잘먹었습니다~~~","date":"Mon Dec 10 23:59:44 +0000 2018","retweets":"30","favorites":"20","mentions":[],"hashtags":[],"geo":"","raw":"고시텔에서 혼자시켜먹는데 맛있었어요^^\n잘먹었습니다~~~","polarity":{"com":0,"pos":0.2619047618154762,"neg":0.7202380954300595,"neut":0.017857142754464286,"none":0},"intensity":{"high":0.02777777775,"low":0.19246031724999998,"meium":0.779761905,"none":0},"expressive":{"dir-action":0,"dir-explicit":0.109126984,"dir-speech":0.6468253970000001,"indirect":0.244047619,"writing-device":0}},{"id":"할매보쌈족발","permalink":"","username":"asdfg","text":"보쌈은 괜찮았는데 냉채족발은 아닌듯 해요^^;","date":"Mon Dec 10 23:59:44 +0000 2018","retweets":"30","favorites":"20","mentions":[],"hashtags":[],"geo":"","raw":"보쌈은 괜찮았는데 냉채족발은 아닌듯 해요^^;","polarity":{"com":0.005649717664783427,"pos":0.34086628988637785,"neg":0.4642184555119272,"neut":0.06685499064438166,"none":0.12241054629252981},"intensity":{"high":0.033898305000000004,"low":0.10075329566666666,"meium":0.742937853,"none":0.12241054633333336},"expressive":{"dir-action":0,"dir-explicit":0.31261770266666666,"dir-speech":0.4086629,"indirect":0.156308851,"writing-device":0.12241054633333333}},{"id":"할매보쌈족발","permalink":"","username":"asdfg","text":"배달직원친절하신대   보쌈이그닥입맛에쫌안맞네요   면2게왔는대  하나는덜익었습니다","date":"Mon Dec 10 23:59:44 +0000 2018","retweets":"30","favorites":"20","mentions":[],"hashtags":[],"geo":"","raw":"배달직원친절하신대   보쌈이그닥입맛에쫌안맞네요   면2게왔는대  하나는덜익었습니다","polarity":{"com":0.010438237141365969,"pos":0.5260527296391354,"neg":0.3196985983829002,"neut":0.09788332284315954,"none":0.045927111993438983},"intensity":{"high":0.10891226788826065,"low":0.10051619174300462,"meium":0.7437078820696309,"none":0.04686365829910391},"expressive":{"dir-action":0.0015509855716501408,"dir-explicit":0.346754665620965,"dir-speech":0.4932235602133176,"indirect":0.10018465815716925,"writing-device":0.058286130436898016}},{"id":"할매보쌈족발","permalink":"","username":"asdfg","text":"와 뭔 음식을 이 따위로 만드냐!!! 고기는 퍽퍽하고, 무는 달고, 김치는 시큼하고... 먹다가 버렸다!!!","date":"Mon Dec 10 23:59:44 +0000 2018","retweets":"30","favorites":"20","mentions":[],"hashtags":[],"geo":"","raw":"와 뭔 음식을 이 따위로 만드냐!!! 고기는 퍽퍽하고, 무는 달고, 김치는 시큼하고... 먹다가 버렸다!!!","polarity":{"com":0.0044009527008801895,"pos":0.3288878304657776,"neg":0.3643178041728635,"neut":0.19653903613930784,"none":0.10585437652117088},"intensity":{"high":0.054562937389087414,"low":0.16423234526715355,"meium":0.6730514902653897,"none":0.10815322707836934},"expressive":{"dir-action":0.0038003521007600695,"dir-explicit":0.21714084304342818,"dir-speech":0.5141631022028326,"indirect":0.1483695707296739,"writing-device":0.11652613192330522}},{"id":"할매보쌈족발","permalink":"","username":"asdfg","text":"배달이 너무 느려요 30분걸린다면어 1시간30분 걸렸어요 배달기사와 싸울뻔 했어요","date":"Mon Dec 10 23:59:44 +0000 2018","retweets":"30","favorites":"20","mentions":[],"hashtags":[],"geo":"","raw":"배달이 너무 느려요 30분걸린다면어 1시간30분 걸렸어요 배달기사와 싸울뻔 했어요","polarity":{"com":0.0192939245,"pos":0.33933702787500003,"neg":0.608323070625,"neut":0.008620689625,"none":0.024425287375},"intensity":{"high":0.06347495899206562,"low":0.03366174062079228,"meium":0.8770012313903748,"none":0.025862068996767244},"expressive":{"dir-action":0.06393678163299209,"dir-explicit":0.18529351389816168,"dir-speech":0.3999384236749923,"indirect":0.3220956486652619,"writing-device":0.02873563212859195}},{"id":"할매보쌈족발","permalink":"","username":"asdfg","text":"보쌈에 김치 완전 조금오네요","date":"Mon Dec 10 23:59:44 +0000 2018","retweets":"30","favorites":"20","mentions":[],"hashtags":[],"geo":"","raw":"보쌈에 김치 완전 조금오네요","polarity":{"com":0,"pos":0.5,"neg":0.25,"neut":0.25,"none":0},"intensity":{"high":0,"low":0,"meium":1,"none":0},"expressive":{"dir-action":0,"dir-explicit":0.25,"dir-speech":0.25,"indirect":0.5,"writing-device":0}},{"id":"할매보쌈족발","permalink":"","username":"asdfg","text":"맛있더라","date":"Mon Dec 10 23:59:44 +0000 2018","retweets":"30","favorites":"20","mentions":[],"hashtags":[],"geo":"","raw":"맛있더라","polarity":{"com":0,"pos":0,"neg":1,"neut":0,"none":0},"intensity":{"high":0,"low":0,"meium":1,"none":0},"expressive":{"dir-action":0,"dir-explicit":0,"dir-speech":1,"indirect":0,"writing-device":0}},{"id":"할매보쌈족발","permalink":"","username":"asdfg","text":"진짜누구코에 붙이라고 장난하세요? 이건뭐 족발집이아니라 야채집인줄 진짜 고기도없고  별하나주는것도개아까운데 족발여기서시키지마세요","date":"Mon Dec 10 23:59:44 +0000 2018","retweets":"30","favorites":"20","mentions":[],"hashtags":[],"geo":"","raw":"진짜누구코에 붙이라고 장난하세요? 이건뭐 족발집이아니라 야채집인줄 진짜 고기도없고  별하나주는것도개아까운데 족발여기서시키지마세요","polarity":{"com":0.0019417475998058256,"pos":0.45577296485442265,"neg":0.33012073686698795,"neut":0.11511077918848892,"none":0.09705377149029464},"intensity":{"high":0.0525865073894827,"low":0.17509335326498135,"meium":0.6742954940651409,"none":0.0980246452803951},"expressive":{"dir-action":0.1,"dir-explicit":0.08117998509999999,"dir-speech":0.4968720438,"indirect":0.12454568079999999,"writing-device":0.19740229030000003}},{"id":"할매보쌈족발","permalink":"","username":"asdfg","text":"넘 늦어용~~","date":"Mon Dec 10 23:59:44 +0000 2018","retweets":"30","favorites":"20","mentions":[],"hashtags":[],"geo":"","raw":"넘 늦어용~~","polarity":{"com":null,"pos":null,"neg":null,"neut":null,"none":null},"intensity":{"high":null,"low":null,"meium":null,"none":null},"expressive":{"dir-action":null,"dir-explicit":null,"dir-speech":null,"indirect":null,"writing-device":null}},{"id":"할매보쌈족발","permalink":"","username":"asdfg","text":"플라스틱 조각같은 족발이 왔네요.. 얼마나 오래된 족발인지 지방 부분이 흰색이 아니고 노란색이었어요 살코기 부분은 우리집 강아지를 줘도 잘 안먹네요 얼마나 질기고 딱딱한게 왔는지","date":"Mon Dec 10 23:59:44 +0000 2018","retweets":"30","favorites":"20","mentions":[],"hashtags":[],"geo":"","raw":"플라스틱 조각같은 족발이 왔네요.. 얼마나 오래된 족발인지 지방 부분이 흰색이 아니고 노란색이었어요 살코기 부분은 우리집 강아지를 줘도 잘 안먹네요 얼마나 질기고 딱딱한게 왔는지","polarity":{"com":0.008763311066666668,"pos":0.47069849193333324,"neg":0.3183924109333333,"neut":0.15069219273333337,"none":0.051453593333333346},"intensity":{"high":0.11472566396392683,"low":0.14527180823873911,"meium":0.687761362783403,"none":0.052241165013930974},"expressive":{"dir-action":0.0007875716667716763,"dir-explicit":0.3385633703118085,"dir-speech":0.4410961804588129,"indirect":0.16152273035486972,"writing-device":0.058030147207737366}},{"id":"할매보쌈족발","permalink":"","username":"asdfg","text":"불족발 시켰는데 정말 형편없는 음식이었습니다.한점 먹고 다 버렸구요 고추장을 떡지게 바르고 차갑게 가져왔는데 화가 치밀어 오르네요. 올레족발, 잭슨족발 추천합니다.","date":"Mon Dec 10 23:59:44 +0000 2018","retweets":"30","favorites":"20","mentions":[],"hashtags":[],"geo":"","raw":"불족발 시켰는데 정말 형편없는 음식이었습니다.한점 먹고 다 버렸구요 고추장을 떡지게 바르고 차갑게 가져왔는데 화가 치밀어 오르네요. 올레족발, 잭슨족발 추천합니다.","polarity":{"com":0.0066589303642417205,"pos":0.49794135368163106,"neg":0.3175191537561381,"neut":0.057656301914332395,"none":0.12022426028365675},"intensity":{"high":0.16636029289396723,"low":0.129944827170005,"meium":0.5816139992198532,"none":0.12208088071617446},"expressive":{"dir-action":0.0024099334547645393,"dir-explicit":0.44525514894956864,"dir-speech":0.1620854623783714,"indirect":0.2645618670240511,"writing-device":0.12568758819324433}},{"id":"할매보쌈족발","permalink":"","username":"asdfg","text":"냉동고기썩은거 주는줄... 이정도일줄은 상상도 못했음...  질도 양도 엉망임.. 음식쓰레기","date":"Mon Dec 10 23:59:44 +0000 2018","retweets":"30","favorites":"20","mentions":[],"hashtags":[],"geo":"","raw":"냉동고기썩은거 주는줄... 이정도일줄은 상상도 못했음...  질도 양도 엉망임.. 음식쓰레기","polarity":{"com":0.0007142857,"pos":0.2047619047,"neg":0.5095238096,"neut":0.2080952381,"none":0.0769047619},"intensity":{"high":0.11428571430000001,"low":0.2314285714,"meium":0.5773809524,"none":0.0769047619},"expressive":{"dir-action":0,"dir-explicit":0.04523809529547619,"dir-speech":0.32999999996699997,"indirect":0.3985714285601428,"writing-device":0.22619047617738097}},{"id":"할매보쌈족발","permalink":"","username":"asdfg","text":"할매족발인데 할머님이 맛을 안보시나봐요....\n냉동실에 얼려놓으신건지 날이 추워서 그런거라기에는 해동도 덜되서 기름 떠서 오고 오고 허허 전체적으로 실망이네요\n다음부터는 다른집 갈렵니다","date":"Mon Dec 10 23:59:44 +0000 2018","retweets":"30","favorites":"20","mentions":[],"hashtags":[],"geo":"","raw":"할매족발인데 할머님이 맛을 안보시나봐요....\n냉동실에 얼려놓으신건지 날이 추워서 그런거라기에는 해동도 덜되서 기름 떠서 오고 오고 허허 전체적으로 실망이네요\n다음부터는 다른집 갈렵니다","polarity":{"com":0.07721282746151914,"pos":0.29889953231340677,"neg":0.40484576443967696,"neut":0.10071266539328583,"none":0.11832921039211139},"intensity":{"high":0.06655814460443722,"low":0.07750106353850006,"meium":0.7373178957158212,"none":0.11862289614124154},"expressive":{"dir-action":0.00029368573331375436,"dir-explicit":0.31462676191235817,"dir-speech":0.3598501031093433,"indirect":0.19851348778676578,"writing-device":0.12671596145821892}},{"id":"할매보쌈족발","permalink":"","username":"asdfg","text":"역시 리뷰가 안좋을 때는 시키지말아야하는 건데...","date":"Mon Dec 10 23:59:44 +0000 2018","retweets":"30","favorites":"20","mentions":[],"hashtags":[],"geo":"","raw":"역시 리뷰가 안좋을 때는 시키지말아야하는 건데...","polarity":{"com":0.007868089834644681,"pos":0.45399698957566625,"neg":0.1719307608619884,"neut":0.14195060202365845,"none":0.22425355770404226},"intensity":{"high":0.08225232631962462,"low":0.1100807334816532,"meium":0.5800095784033318,"none":0.22765736179539042},"expressive":{"dir-action":0.001915708833971903,"dir-explicit":0.25678024075226014,"dir-speech":0.39743773946581257,"indirect":0.10791324586930441,"writing-device":0.23595306507865102}},{"id":"할매보쌈족발","permalink":"","username":"asdfg","text":"너무 맛잇고 빨리오네요 아쉬운점은 쟁반국수랑 상추가 좀적어요ㅜㅜ","date":"Mon Dec 10 23:59:44 +0000 2018","retweets":"30","favorites":"20","mentions":[],"hashtags":[],"geo":"","raw":"너무 맛잇고 빨리오네요 아쉬운점은 쟁반국수랑 상추가 좀적어요ㅜㅜ","polarity":{"com":0.032142857206428566,"pos":0.36626984127325396,"neg":0.44682539688936507,"neut":0.08273809521654762,"none":0.07202380941440477},"intensity":{"high":0.10515873020000001,"low":0.05000000000000001,"meium":0.771031746,"none":0.07380952380000001},"expressive":{"dir-action":0,"dir-explicit":0.5115079363999999,"dir-speech":0.11964285719999997,"indirect":0.29682539699999994,"writing-device":0.07202380939999999}},{"id":"할매보쌈족발","permalink":"","username":"asdfg","text":"넘 허접해욤.. 완전 실망 ㅠㅠ. 맛은 비교적 그래두 먹을만 한데요, 가격대비 양도 넘 적고, 기타 야채류등도 넘 오래된거 보내주셨어욤.. 총체적 부실입니당.","date":"Mon Dec 10 23:59:44 +0000 2018","retweets":"30","favorites":"20","mentions":[],"hashtags":[],"geo":"","raw":"넘 허접해욤.. 완전 실망 ㅠㅠ. 맛은 비교적 그래두 먹을만 한데요, 가격대비 양도 넘 적고, 기타 야채류등도 넘 오래된거 보내주셨어욤.. 총체적 부실입니당.","polarity":{"com":0,"pos":0.5412457911620839,"neg":0.3821548821797606,"neut":0.030303030329966334,"none":0.04629629632818931},"intensity":{"high":0.021604938222222227,"low":0.05499438833333334,"meium":0.8771043771111112,"none":0.04629629633333334},"expressive":{"dir-action":0,"dir-explicit":0.23849607177777785,"dir-speech":0.3237934904444445,"indirect":0.33585858588888895,"writing-device":0.10185185188888891}},{"id":"할매보쌈족발","permalink":"","username":"asdfg","text":"아니;;;33000원짜리 보쌈기켯는데 누구코에붙이라고 양이 이런가요^^?..진짜 너무하네여","date":"Mon Dec 10 23:59:44 +0000 2018","retweets":"30","favorites":"20","mentions":[],"hashtags":[],"geo":"","raw":"아니;;;33000원짜리 보쌈기켯는데 누구코에붙이라고 양이 이런가요^^?..진짜 너무하네여","polarity":{"com":0.005139500665810083,"pos":0.5310439194114926,"neg":0.36180527743969915,"neut":0.029835802995027364,"none":0.07217549948797075},"intensity":{"high":0.09388377168231397,"low":0.08566279534761045,"meium":0.7475437191245906,"none":0.07290971384548495},"expressive":{"dir-action":0.0007342143333333332,"dir-explicit":0.21447069816666664,"dir-speech":0.1819227518333333,"indirect":0.5148111066666666,"writing-device":0.088061229}},{"id":"할매보쌈족발","permalink":"","username":"asdfg","text":"요청사항 반영x, 중자 서비스인 전이 없고, 국수는 양이 너무 적고, 맛보쌈시켰는데 맛김치없이 백김치 주먹만한거 배달해줌.\n고기 상태도 나쁜 편에 속함","date":"Mon Dec 10 23:59:44 +0000 2018","retweets":"30","favorites":"20","mentions":[],"hashtags":[],"geo":"","raw":"요청사항 반영x, 중자 서비스인 전이 없고, 국수는 양이 너무 적고, 맛보쌈시켰는데 맛김치없이 백김치 주먹만한거 배달해줌.\n고기 상태도 나쁜 편에 속함","polarity":{"com":0.013396079647846828,"pos":0.4477372218498669,"neg":0.3844026846108472,"neut":0.10839126341814063,"none":0.046072750473298396},"intensity":{"high":0.17748176370588237,"low":0.13179897105882357,"meium":0.6439489102941176,"none":0.046770354941176484},"expressive":{"dir-action":0.0036474805291972063,"dir-explicit":0.277256204454279,"dir-speech":0.3874987711536765,"indirect":0.25388618322035955,"writing-device":0.07771136064248754}},{"id":"할매보쌈족발","permalink":"","username":"asdfg","text":"음식 배달빠르고 좋아요","date":"Mon Dec 10 23:59:44 +0000 2018","retweets":"30","favorites":"20","mentions":[],"hashtags":[],"geo":"","raw":"음식 배달빠르고 좋아요","polarity":{"com":0,"pos":0.96,"neg":0.02,"neut":0,"none":0.02},"intensity":{"high":0.1,"low":0.02,"meium":0.86,"none":0.02},"expressive":{"dir-action":0,"dir-explicit":0.30000000000000004,"dir-speech":0.6000000000000001,"indirect":0.08000000000000002,"writing-device":0.020000000000000004}},{"id":"할매보쌈족발","permalink":"","username":"asdfg","text":"맛나게 잘먹어습니다","date":"Mon Dec 10 23:59:44 +0000 2018","retweets":"30","favorites":"20","mentions":[],"hashtags":[],"geo":"","raw":"맛나게 잘먹어습니다","polarity":{"com":0,"pos":0.7142857147142857,"neg":0.21428571421428572,"neut":0.07142857107142857,"none":0},"intensity":{"high":0,"low":0.214285714,"meium":0.785714286,"none":0},"expressive":{"dir-action":0,"dir-explicit":0.214285714,"dir-speech":0.142857143,"indirect":0.642857143,"writing-device":0}},{"id":"할매보쌈족발","permalink":"","username":"asdfg","text":"족발에서 돼지비린내 너무많이나요","date":"Mon Dec 10 23:59:44 +0000 2018","retweets":"30","favorites":"20","mentions":[],"hashtags":[],"geo":"","raw":"족발에서 돼지비린내 너무많이나요","polarity":{"com":0.0714285715,"pos":0.42857142849999996,"neg":0.5,"neut":0,"none":0},"intensity":{"high":0.107142857,"low":0.0714285715,"meium":0.8214285715,"none":0},"expressive":{"dir-action":0,"dir-explicit":0.39285714250000003,"dir-speech":0.21428571450000003,"indirect":0.392857143,"writing-device":0}},{"id":"할매보쌈족발","permalink":"","username":"asdfg","text":"정말. 맛없네요.. 고기는 기름범벅.. 김치랑 무김치는..  ㅜㅜ","date":"Mon Dec 10 23:59:44 +0000 2018","retweets":"30","favorites":"20","mentions":[],"hashtags":[],"geo":"","raw":"정말. 맛없네요.. 고기는 기름범벅.. 김치랑 무김치는..  ㅜㅜ","polarity":{"com":0,"pos":0.35582010578527334,"neg":0.1693121693897707,"neut":0.3650793651216931,"none":0.10978835970326277},"intensity":{"high":0.17724867733333335,"low":0.07936507933333332,"meium":0.6335978836666666,"none":0.10978835966666667},"expressive":{"dir-action":0,"dir-explicit":0.21957671966666667,"dir-speech":0.638888889,"indirect":0.026455026333333336,"writing-device":0.115079365}},{"id":"할매보쌈족발","permalink":"","username":"asdfg","text":"고기냄새가 너무 심하고, 쟁반국수(?)는 뭘까란 생각...\n중짜시켜 식구가 절반을 남기긴 처음","date":"Mon Dec 10 23:59:44 +0000 2018","retweets":"30","favorites":"20","mentions":[],"hashtags":[],"geo":"","raw":"고기냄새가 너무 심하고, 쟁반국수(?)는 뭘까란 생각...\n중짜시켜 식구가 절반을 남기긴 처음","polarity":{"com":0.02451260788616526,"pos":0.43044064684106215,"neg":0.28906879041232564,"neut":0.17758334842471296,"none":0.07839460643573391},"intensity":{"high":0.10230578356692288,"low":0.10665885245629546,"meium":0.7106566304122952,"none":0.08037873356448655},"expressive":{"dir-action":0.00333667,"dir-explicit":0.32079847366666664,"dir-speech":0.3870414287777778,"indirect":0.1953613191111111,"writing-device":0.09346210844444443}},{"id":"할매보쌈족발","permalink":"","username":"asdfg","text":"고기양도적고 신선하지않은것빼면 그런대로 먹을만하네요","date":"Mon Dec 10 23:59:44 +0000 2018","retweets":"30","favorites":"20","mentions":[],"hashtags":[],"geo":"","raw":"고기양도적고 신선하지않은것빼면 그런대로 먹을만하네요","polarity":{"com":0.0161516696,"pos":0.32427843780000004,"neg":0.3253413104,"neut":0.24300644080000003,"none":0.0912221414},"intensity":{"high":0.0959603308,"low":0.1091071764,"meium":0.7032802438,"none":0.09165224899999999},"expressive":{"dir-action":0.0012903226,"dir-explicit":0.20840973420000003,"dir-speech":0.4976883067999999,"indirect":0.19662759040000002,"writing-device":0.095984046}},{"id":"할매보쌈족발","permalink":"","username":"asdfg","text":"맛있네요","date":"Mon Dec 10 23:59:44 +0000 2018","retweets":"30","favorites":"20","mentions":[],"hashtags":[],"geo":"","raw":"맛있네요","polarity":{"com":0,"pos":0,"neg":1,"neut":0,"none":0},"intensity":{"high":0,"low":0,"meium":1,"none":0},"expressive":{"dir-action":0,"dir-explicit":0,"dir-speech":1,"indirect":0,"writing-device":0}},{"id":"할매보쌈족발","permalink":"","username":"asdfg","text":"맛이별로임고기는푸석하고맛이없음","date":"Mon Dec 10 23:59:44 +0000 2018","retweets":"30","favorites":"20","mentions":[],"hashtags":[],"geo":"","raw":"맛이별로임고기는푸석하고맛이없음","polarity":{"com":0.0019157088333333332,"pos":0.38697318,"neg":0.31704980850000003,"neut":0.17816091950000001,"none":0.11590038316666666},"intensity":{"high":0.019157088163473817,"low":0.021072796996487866,"meium":0.8419540228596744,"none":0.11781609198036398},"expressive":{"dir-action":0.001915708833652618,"dir-explicit":0.026819923337803326,"dir-speech":0.6522988506087166,"indirect":0.19731800769955302,"writing-device":0.12164750952027457}},{"id":"할매보쌈족발","permalink":"","username":"asdfg","text":"1시간 넘게 있다가 오고.......\n전화해서 취소하고 싶었는데 요기요 상담원한테 전화했다가... 상담원이 족발집 전화하고....\n또 상담원이 전화해서 전화주고...\n요기요앱도... 이 족발집도 비추입니다..","date":"Mon Dec 10 23:59:44 +0000 2018","retweets":"30","favorites":"20","mentions":[],"hashtags":[],"geo":"","raw":"1시간 넘게 있다가 오고.......\n전화해서 취소하고 싶었는데 요기요 상담원한테 전화했다가... 상담원이 족발집 전화하고....\n또 상담원이 전화해서 전화주고...\n요기요앱도... 이 족발집도 비추입니다..","polarity":{"com":0.010573448499118877,"pos":0.5224138397064654,"neg":0.34968872013752594,"neut":0.036842505996929786,"none":0.08048148565995987},"intensity":{"high":0.09224992151537499,"low":0.1300269436883378,"meium":0.6959698002826616,"none":0.08175333451362556},"expressive":{"dir-action":0.00234711758372452,"dir-explicit":0.2026695066171116,"dir-speech":0.2937821289656304,"indirect":0.4086760230681127,"writing-device":0.09252522376542087}},{"id":"할매보쌈족발","permalink":"","username":"asdfg","text":"좋음","date":"Mon Dec 10 23:59:44 +0000 2018","retweets":"30","favorites":"20","mentions":[],"hashtags":[],"geo":"","raw":"좋음","polarity":{"com":0,"pos":0.92,"neg":0.04,"neut":0,"none":0.04},"intensity":{"high":0.2,"low":0.04,"meium":0.72,"none":0.04},"expressive":{"dir-action":0,"dir-explicit":0.6,"dir-speech":0.2,"indirect":0.16,"writing-device":0.04}},{"id":"할매보쌈족발","permalink":"","username":"asdfg","text":"정말실망이에요~돼지도냄새나구맛이없구요보쌈고기는다말ㄹㅏ비틀어진오고ㅜ다신안시켜먹을라구요","date":"Mon Dec 10 23:59:44 +0000 2018","retweets":"30","favorites":"20","mentions":[],"hashtags":[],"geo":"","raw":"정말실망이에요~돼지도냄새나구맛이없구요보쌈고기는다말ㄹㅏ비틀어진오고ㅜ다신안시켜먹을라구요","polarity":{"com":0.0029511481111111114,"pos":0.48605760155555555,"neg":0.2381140735555556,"neut":0.11809215588888893,"none":0.15478502088888893},"intensity":{"high":0.19059605147084618,"low":0.05435009675362218,"meium":0.5991900822892489,"none":0.15586376948628278},"expressive":{"dir-action":0.006172839553497943,"dir-explicit":0.2867947466821796,"dir-speech":0.4816689781727771,"indirect":0.06813581953284362,"writing-device":0.15722761605870192}},{"id":"할매보쌈족발","permalink":"","username":"asdfg","text":"ㅋ","date":"Mon Dec 10 23:59:44 +0000 2018","retweets":"30","favorites":"20","mentions":[],"hashtags":[],"geo":"","raw":"ㅋ","polarity":{"com":null,"pos":null,"neg":null,"neut":null,"none":null},"intensity":{"high":null,"low":null,"meium":null,"none":null},"expressive":{"dir-action":null,"dir-explicit":null,"dir-speech":null,"indirect":null,"writing-device":null}},{"id":"할매보쌈족발","permalink":"","username":"asdfg","text":"처음요기요를 접해보고 주문했는데 주문대비 배달은빠르네요 그런데~~~음식이 쫌~~~생각보담신선해보이지 않더라구요~~똑 같은 돈주고 먹음서   쟁반국수는. 삐들삐들 비비기 힘들고~~처음치곤  별루였네요","date":"Mon Dec 10 23:59:44 +0000 2018","retweets":"30","favorites":"20","mentions":[],"hashtags":[],"geo":"","raw":"처음요기요를 접해보고 주문했는데 주문대비 배달은빠르네요 그런데~~~음식이 쫌~~~생각보담신선해보이지 않더라구요~~똑 같은 돈주고 먹음서   쟁반국수는. 삐들삐들 비비기 힘들고~~처음치곤  별루였네요","polarity":{"com":0.028246459898587675,"pos":0.565879957171706,"neg":0.3137474650843126,"neut":0.04228088549788596,"none":0.04984523234750773},"intensity":{"high":0.05353224695802984,"low":0.14570259532185542,"meium":0.7498674964624801,"none":0.05089766125763464},"expressive":{"dir-action":0.0011797876500000003,"dir-explicit":0.36477302615,"dir-speech":0.35894513345,"indirect":0.21847975614999998,"writing-device":0.05662229660000001}},{"id":"할매보쌈족발","permalink":"","username":"asdfg","text":"맛있습니다. 잘 먹었습니다.","date":"Mon Dec 10 23:59:44 +0000 2018","retweets":"30","favorites":"20","mentions":[],"hashtags":[],"geo":"","raw":"맛있습니다. 잘 먹었습니다.","polarity":{"com":0,"pos":0.35714285717857136,"neg":0.6071428573035714,"neut":0.03571428551785714,"none":0},"intensity":{"high":0,"low":0.107142857,"meium":0.8928571430000001,"none":0},"expressive":{"dir-action":0,"dir-explicit":0.107142857,"dir-speech":0.5714285715,"indirect":0.3214285715,"writing-device":0}},{"id":"할매보쌈족발","permalink":"","username":"asdfg","text":"보쌈을시켰는데 왠삼겹살을삶아서ㅡㅡ\n보쌈김치는어디로가고ㅡㅡ정말이건아닌거같네요","date":"Mon Dec 10 23:59:44 +0000 2018","retweets":"30","favorites":"20","mentions":[],"hashtags":[],"geo":"","raw":"보쌈을시켰는데 왠삼겹살을삶아서ㅡㅡ\n보쌈김치는어디로가고ㅡㅡ정말이건아닌거같네요","polarity":{"com":0.010819643166666667,"pos":0.28176037016666666,"neg":0.5866548365,"neut":0.06557359500000001,"none":0.05519155516666668},"intensity":{"high":0.08344039218057339,"low":0.0819576260136596,"meium":0.7794104266299018,"none":0.055191555175865256},"expressive":{"dir-action":0.005005005001668335,"dir-explicit":0.18583289172861095,"dir-speech":0.4429054723143018,"indirect":0.13912843321304283,"writing-device":0.22712819774237605}},{"id":"할매보쌈족발","permalink":"","username":"asdfg","text":"진짜 고기질이 부드럽고요\n밑반찬많이줘서 좋아요","date":"Mon Dec 10 23:59:44 +0000 2018","retweets":"30","favorites":"20","mentions":[],"hashtags":[],"geo":"","raw":"진짜 고기질이 부드럽고요\n밑반찬많이줘서 좋아요","polarity":{"com":0.007709251,"pos":0.42126284875,"neg":0.2590210475,"neut":0.29980420950000003,"none":0.01220264325},"intensity":{"high":0.07643171801910795,"low":0.18192853654548213,"meium":0.7283357806820839,"none":0.013303964753325993},"expressive":{"dir-action":0.0011013215002753302,"dir-explicit":0.3090797845772699,"dir-speech":0.5291972591322993,"indirect":0.14731767003682944,"writing-device":0.013303964753325993}},{"id":"할매보쌈족발","permalink":"","username":"asdfg","text":"족발이 냄새가 심하고  그리고 족발이 부드러운게 없었요","date":"Mon Dec 10 23:59:44 +0000 2018","retweets":"30","favorites":"20","mentions":[],"hashtags":[],"geo":"","raw":"족발이 냄새가 심하고  그리고 족발이 부드러운게 없었요","polarity":{"com":0.09590623018081874,"pos":0.37175315892564936,"neg":0.44137628871172474,"neut":0.08208295018358341,"none":0.008881371998223723},"intensity":{"high":0.12981822145192734,"low":0.12044585364817836,"meium":0.7373067240949227,"none":0.012429200804971677},"expressive":{"dir-action":0.0017621144007048456,"dir-explicit":0.30217722812087094,"dir-speech":0.465454930586182,"indirect":0.21996224048798488,"writing-device":0.010643486404257397}},{"id":"할매보쌈족발","permalink":"","username":"asdfg","text":"고기가 부드럽지 안네요...","date":"Mon Dec 10 23:59:44 +0000 2018","retweets":"30","favorites":"20","mentions":[],"hashtags":[],"geo":"","raw":"고기가 부드럽지 안네요...","polarity":{"com":0,"pos":0.44444444448148146,"neg":0.11111111103703702,"neut":0.44444444448148146,"none":0},"intensity":{"high":0,"low":0.22222222233333333,"meium":0.7777777776666667,"none":0},"expressive":{"dir-action":0,"dir-explicit":0.3333333333333333,"dir-speech":0.5555555556666666,"indirect":0.111111111,"writing-device":0}},{"id":"할매보쌈족발","permalink":"","username":"asdfg","text":"여기 보쌈 소는 정말 맛보기 수준임 ㅠ","date":"Mon Dec 10 23:59:44 +0000 2018","retweets":"30","favorites":"20","mentions":[],"hashtags":[],"geo":"","raw":"여기 보쌈 소는 정말 맛보기 수준임 ㅠ","polarity":{"com":0,"pos":0.27248677242416225,"neg":0.6693121695564374,"neut":0.031746031677248675,"none":0.026455026342151675},"intensity":{"high":0.010582010666666667,"low":0.07936507933333332,"meium":0.8835978836666666,"none":0.026455026333333336},"expressive":{"dir-action":0,"dir-explicit":0.052910053000000005,"dir-speech":0.5555555556666666,"indirect":0.35978835966666667,"writing-device":0.03174603166666667}},{"id":"할매보쌈족발","permalink":"","username":"asdfg","text":"너무 늦네요..","date":"Mon Dec 10 23:59:44 +0000 2018","retweets":"30","favorites":"20","mentions":[],"hashtags":[],"geo":"","raw":"너무 늦네요..","polarity":{"com":0.142857143,"pos":0.142857143,"neg":0.714285714,"neut":0,"none":0},"intensity":{"high":0.142857143,"low":0.142857143,"meium":0.714285714,"none":0},"expressive":{"dir-action":0,"dir-explicit":0.5714285710000001,"dir-speech":0.28571428600000004,"indirect":0.14285714300000002,"writing-device":0}},{"id":"할매보쌈족발","permalink":"","username":"asdfg","text":"비추","date":"Mon Dec 10 23:59:44 +0000 2018","retweets":"30","favorites":"20","mentions":[],"hashtags":[],"geo":"","raw":"비추","polarity":{"com":0,"pos":1,"neg":0,"neut":0,"none":0},"intensity":{"high":0,"low":0,"meium":1,"none":0},"expressive":{"dir-action":0,"dir-explicit":1,"dir-speech":0,"indirect":0,"writing-device":0}},{"id":"할매보쌈족발","permalink":"","username":"asdfg","text":"너무늦네요~~배고파돌아가시겠네","date":"Mon Dec 10 23:59:44 +0000 2018","retweets":"30","favorites":"20","mentions":[],"hashtags":[],"geo":"","raw":"너무늦네요~~배고파돌아가시겠네","polarity":{"com":0.142857143,"pos":0.142857143,"neg":0.714285714,"neut":0,"none":0},"intensity":{"high":0.142857143,"low":0.142857143,"meium":0.714285714,"none":0},"expressive":{"dir-action":0,"dir-explicit":0.5714285710000001,"dir-speech":0.28571428600000004,"indirect":0.14285714300000002,"writing-device":0}},{"id":"할매보쌈족발","permalink":"","username":"asdfg","text":"맛있어용\n소 사이즈가 2인분에  맞아요","date":"Mon Dec 10 23:59:44 +0000 2018","retweets":"30","favorites":"20","mentions":[],"hashtags":[],"geo":"","raw":"맛있어용\n소 사이즈가 2인분에  맞아요","polarity":{"com":0.008146592,"pos":0.4203781514,"neg":0.4873015872,"neut":0.0343720822,"none":0.0498015872},"intensity":{"high":0.10207749762041549,"low":0.03776844060755368,"meium":0.8085667601617132,"none":0.05158730161031745},"expressive":{"dir-action":0,"dir-explicit":0.319771242,"dir-speech":0.425245098,"indirect":0.20126050419999997,"writing-device":0.0537231558}},{"id":"할매보쌈족발","permalink":"","username":"asdfg","text":"맛있었어요\n국수는 좀 떡이였지만","date":"Mon Dec 10 23:59:44 +0000 2018","retweets":"30","favorites":"20","mentions":[],"hashtags":[],"geo":"","raw":"맛있었어요\n국수는 좀 떡이였지만","polarity":{"com":0,"pos":0.43915343914638444,"neg":0.5026455028342152,"neut":0.031746031677248675,"none":0.026455026342151675},"intensity":{"high":0.010582010666666667,"low":0.07936507933333332,"meium":0.8835978836666666,"none":0.026455026333333336},"expressive":{"dir-action":0,"dir-explicit":0.052910053000000005,"dir-speech":0.888888889,"indirect":0.026455026333333336,"writing-device":0.03174603166666667}},{"id":"할매보쌈족발","permalink":"","username":"asdfg","text":"맛이어요^^","date":"Mon Dec 10 23:59:44 +0000 2018","retweets":"30","favorites":"20","mentions":[],"hashtags":[],"geo":"","raw":"맛이어요^^","polarity":{"com":0,"pos":1,"neg":0,"neut":0,"none":0},"intensity":{"high":0,"low":0,"meium":1,"none":0},"expressive":{"dir-action":0,"dir-explicit":0,"dir-speech":1,"indirect":0,"writing-device":0}},{"id":"할매보쌈족발","permalink":"","username":"asdfg","text":"좀너무오래걸림","date":"Mon Dec 10 23:59:44 +0000 2018","retweets":"30","favorites":"20","mentions":[],"hashtags":[],"geo":"","raw":"좀너무오래걸림","polarity":{"com":0,"pos":0.5,"neg":0.5,"neut":0,"none":0},"intensity":{"high":0,"low":0,"meium":1,"none":0},"expressive":{"dir-action":0,"dir-explicit":0.2,"dir-speech":0.3,"indirect":0.5,"writing-device":0}},{"id":"할매보쌈족발","permalink":"","username":"asdfg","text":"ㅋㅋ","date":"Mon Dec 10 23:59:44 +0000 2018","retweets":"30","favorites":"20","mentions":[],"hashtags":[],"geo":"","raw":"ㅋㅋ","polarity":{"com":null,"pos":null,"neg":null,"neut":null,"none":null},"intensity":{"high":null,"low":null,"meium":null,"none":null},"expressive":{"dir-action":null,"dir-explicit":null,"dir-speech":null,"indirect":null,"writing-device":null}}]