[{"id":"미스터보쌈 선릉역점","permalink":"","username":"asdfg","text":"맛있어요 ㅎㅎ 고기양이 쪼끔 아쉽지만","date":"Mon Dec 10 23:59:44 +0000 2018","retweets":"30","favorites":"20","mentions":[],"hashtags":[],"geo":"","raw":"맛있어요 ㅎㅎ 고기양이 쪼끔 아쉽지만","polarity":{"com":0,"pos":0,"neg":0.6666666666666666,"neut":0.3333333333333333,"none":0},"intensity":{"high":0,"low":0,"meium":1,"none":0},"expressive":{"dir-action":0,"dir-explicit":0,"dir-speech":0.6666666666666666,"indirect":0.3333333333333333,"writing-device":0}},{"id":"미스터보쌈 선릉역점","permalink":"","username":"asdfg","text":"보쌈은 바베큐보단 미스터보쌈이더맛있네요둘이먹었는데 둘다 공감~! ","date":"Mon Dec 10 23:59:44 +0000 2018","retweets":"30","favorites":"20","mentions":[],"hashtags":[],"geo":"","raw":"보쌈은 바베큐보단 미스터보쌈이더맛있네요둘이먹었는데 둘다 공감~! ","polarity":{"com":0.030691632171781936,"pos":0.517638680586273,"neg":0.2348235962058039,"neut":0.1945764295324294,"none":0.022269661503711603},"intensity":{"high":0.04972181301657394,"low":0.05220105918406701,"meium":0.8750732519583577,"none":0.02300387584100129},"expressive":{"dir-action":0.0007342143334557024,"dir-explicit":0.20512298370085383,"dir-speech":0.6155471312692579,"indirect":0.1555917948592653,"writing-device":0.02300387583716731}},{"id":"미스터보쌈 선릉역점","permalink":"","username":"asdfg","text":"맛있게 잘먹었습니다양도 많아서 좋아요 ㅋㅋㅋ배달해주시는 분도 친절하게 해주셨어요다음에 또 주문할게요 ㅋㅋㅋ","date":"Mon Dec 10 23:59:44 +0000 2018","retweets":"30","favorites":"20","mentions":[],"hashtags":[],"geo":"","raw":"맛있게 잘먹었습니다양도 많아서 좋아요 ㅋㅋㅋ배달해주시는 분도 친절하게 해주셨어요다음에 또 주문할게요 ㅋㅋㅋ","polarity":{"com":0.004563993727272727,"pos":0.534658181909091,"neg":0.36732112163636366,"neut":0.028012365818181822,"none":0.06544433690909092},"intensity":{"high":0.05404658372235941,"low":0.05572550544947951,"meium":0.8233476349251503,"none":0.06688027590301089},"expressive":{"dir-action":0.0022179526365652684,"dir-explicit":0.27236539884294236,"dir-speech":0.4665101676787737,"indirect":0.17734033483430367,"writing-device":0.0815661460074151}},{"id":"미스터보쌈 선릉역점","permalink":"","username":"asdfg","text":"ㄱㄷㄱㄷ마이뜸ㄱㄷㄱ","date":"Mon Dec 10 23:59:44 +0000 2018","retweets":"30","favorites":"20","mentions":[],"hashtags":[],"geo":"","raw":"ㄱㄷㄱㄷ마이뜸ㄱㄷㄱ","polarity":{"com":null,"pos":null,"neg":null,"neut":null,"none":null},"intensity":{"high":null,"low":null,"meium":null,"none":null},"expressive":{"dir-action":null,"dir-explicit":null,"dir-speech":null,"indirect":null,"writing-device":null}},{"id":"미스터보쌈 선릉역점","permalink":"","username":"asdfg","text":"보쌈 양은 괜찮았으나 모텔에서 시킨건데 젓가락을 안주셔서ㅜㅜ. ","date":"Mon Dec 10 23:59:44 +0000 2018","retweets":"30","favorites":"20","mentions":[],"hashtags":[],"geo":"","raw":"보쌈 양은 괜찮았으나 모텔에서 시킨건데 젓가락을 안주셔서ㅜㅜ................ ","polarity":{"com":0.018609105666666667,"pos":0.32964077866666663,"neg":0.3442234606666667,"neut":0.043224217,"none":0.26430243800000003},"intensity":{"high":0.08689773299999999,"low":0.101092921,"meium":0.547706908,"none":0.26430243800000003},"expressive":{"dir-action":0.005005005001668335,"dir-explicit":0.2303211200767737,"dir-speech":0.33421345077807113,"indirect":0.1522512220507504,"writing-device":0.2782092020927364}},{"id":"미스터보쌈 선릉역점","permalink":"","username":"asdfg","text":"맛있게 잘먹었어요 근데 막국수 소스가 조금 시큼 했네요..","date":"Mon Dec 10 23:59:44 +0000 2018","retweets":"30","favorites":"20","mentions":[],"hashtags":[],"geo":"","raw":"맛있게 잘먹었어요 근데 막국수 소스가 조금 시큼 했네요..","polarity":{"com":0.007337849001834462,"pos":0.36170977009042743,"neg":0.5202175698800544,"neut":0.055187807763796955,"none":0.05554700326388675},"intensity":{"high":0.06891420373277145,"low":0.11196633822200841,"meium":0.7584667485603834,"none":0.06065270948483682},"expressive":{"dir-action":0.002873563250718391,"dir-explicit":0.18755131354688784,"dir-speech":0.46728756161682194,"indirect":0.27811986881953,"writing-device":0.06416769276604194}},{"id":"미스터보쌈 선릉역점","permalink":"","username":"asdfg","text":"맛도 맛있고 깔끔하게 오네요","date":"Mon Dec 10 23:59:44 +0000 2018","retweets":"30","favorites":"20","mentions":[],"hashtags":[],"geo":"","raw":"맛도 맛있고 깔끔하게 오네요","polarity":{"com":0.006006006,"pos":0.52815315325,"neg":0.3265765765,"neut":0.13325825825,"none":0.006006006},"intensity":{"high":0.0285285285,"low":0.021021021,"meium":0.94369369375,"none":0.00675675675},"expressive":{"dir-action":0.0007507507500000002,"dir-explicit":0.07807807800000001,"dir-speech":0.6475225225000001,"indirect":0.266891892,"writing-device":0.0067567567500000005}},{"id":"미스터보쌈 선릉역점","permalink":"","username":"asdfg","text":"맛있어요. 늘 시켜먹어요","date":"Mon Dec 10 23:59:44 +0000 2018","retweets":"30","favorites":"20","mentions":[],"hashtags":[],"geo":"","raw":"맛있어요. 늘 시켜먹어요","polarity":{"com":0,"pos":0.1666666665,"neg":0.8333333334999999,"neut":0,"none":0},"intensity":{"high":0.0555555555,"low":0.111111111,"meium":0.8333333334999999,"none":0},"expressive":{"dir-action":0,"dir-explicit":0.111111111,"dir-speech":0.888888889,"indirect":0,"writing-device":0}},{"id":"미스터보쌈 선릉역점","permalink":"","username":"asdfg","text":"항상 맛있데 먹고 있어요 ㅎ 휴","date":"Mon Dec 10 23:59:44 +0000 2018","retweets":"30","favorites":"20","mentions":[],"hashtags":[],"geo":"","raw":"항상 맛있데 먹고 있어요 ㅎ 휴","polarity":{"com":0,"pos":0.6666666665000001,"neg":0.3333333335,"neut":0,"none":0},"intensity":{"high":0.0555555555,"low":0.111111111,"meium":0.8333333334999999,"none":0},"expressive":{"dir-action":0,"dir-explicit":0.361111111,"dir-speech":0.638888889,"indirect":0,"writing-device":0}},{"id":"미스터보쌈 선릉역점","permalink":"","username":"asdfg","text":"배달도 빠르고 서비스주신 사이다도 맛있게 잘먹었어요","date":"Mon Dec 10 23:59:44 +0000 2018","retweets":"30","favorites":"20","mentions":[],"hashtags":[],"geo":"","raw":"배달도 빠르고 서비스주신 사이다도 맛있게 잘먹었어요","polarity":{"com":0.0014285714002857145,"pos":0.785714285757143,"neg":0.1085714286217143,"neut":0.017142857003428574,"none":0.0871428572174286},"intensity":{"high":0.028571428599999997,"low":0.3323809522,"meium":0.551904762,"none":0.0871428572},"expressive":{"dir-action":0,"dir-explicit":0.07999999998400001,"dir-speech":0.28857142854228574,"indirect":0.5457142856908571,"writing-device":0.08571428578285714}}]