[{"id":"대마족발-공릉점","permalink":"","username":"asdfg","text":"완전 짱입니다~~앞으로자주시켜먹을꺼야","date":"Mon Dec 10 23:59:44 +0000 2018","retweets":"30","favorites":"20","mentions":[],"hashtags":[],"geo":"","raw":"완전 짱입니다~~앞으로자주시켜먹을꺼야","polarity":{"com":0.0045751634,"pos":0.5104575162,"neg":0.38888888899999996,"neut":0.05163398699999999,"none":0.0444444444},"intensity":{"high":0.04771241820954248,"low":0.32745098026549024,"meium":0.5803921571160784,"none":0.04444444440888889},"expressive":{"dir-action":0,"dir-explicit":0.2614379085477125,"dir-speech":0.5294117646941177,"indirect":0.1274509803745098,"writing-device":0.08169934638366014}},{"id":"대마족발-공릉점","permalink":"","username":"asdfg","text":"서비스 참치마요 넘 맛있어요 고소하고\n족발 양도 엄청 많네요\n남자친구랑 여기 맛있다 하면서 먹었어요 :)","date":"Mon Dec 10 23:59:44 +0000 2018","retweets":"30","favorites":"20","mentions":[],"hashtags":[],"geo":"","raw":"서비스 참치마요 넘 맛있어요 고소하고\n족발 양도 엄청 많네요\n남자친구랑 여기 맛있다 하면서 먹었어요 :)","polarity":{"com":0.0038561364999999998,"pos":0.38282572412500004,"neg":0.560858885125,"neut":0.02453934325,"none":0.027919911},"intensity":{"high":0.12000518550000001,"low":0.2102724175,"meium":0.640096887125,"none":0.029625509875},"expressive":{"dir-action":0.0022432332505608076,"dir-explicit":0.15235742341308933,"dir-speech":0.5462815636365703,"indirect":0.2668875239417219,"writing-device":0.03223025575805756}},{"id":"대마족발-공릉점","permalink":"","username":"asdfg","text":"사진 보시면 아시겠지만..포장 및 내용물 매우 만족합니다. 전체적으로 만족 하며 특히 쟁반국순 서비스가 아니라 사이드 메뉴로 시켜도 되실정도로 맛나네여..제가 만점을 안드린검..여기 족발에 따뜻하게 하게 나와서 호불호가 있을듯 해서 한단계 낮게 드렸습니다...참고로 전 족발도 맛있었습니다. 아..건의..밑빈찬이 너무 좋았어요..근데..채소네 깻잎이 있거..밑반찬에..절인 깻잎이 있어서...중복적이라..하나는 변경했음 해요.^^ 맛나게 먹었습니다","date":"Mon Dec 10 23:59:44 +0000 2018","retweets":"30","favorites":"20","mentions":[],"hashtags":[],"geo":"","raw":"사진 보시면 아시겠지만..포장 및 내용물 매우 만족합니다. 전체적으로 만족 하며 특히 쟁반국순 서비스가 아니라 사이드 메뉴로 시켜도 되실정도로 맛나네여..제가 만점을 안드린검..여기 족발에 따뜻하게 하게 나와서 호불호가 있을듯 해서 한단계 낮게 드렸습니다...참고로 전 족발도 맛있었습니다. 아..건의..밑빈찬이 너무 좋았어요..근데..채소네 깻잎이 있거..밑반찬에..절인 깻잎이 있어서...중복적이라..하나는 변경했음 해요.^^ 맛나게 먹었습니다","polarity":{"com":0.007303445786993522,"pos":0.4162140625859135,"neg":0.425359062584805,"neut":0.06739180147667978,"none":0.08373162756560829},"intensity":{"high":0.05488096039061327,"low":0.16853689183827045,"meium":0.6923035481701634,"none":0.0842785996009528},"expressive":{"dir-action":0.002841809787792672,"dir-explicit":0.3609588738375467,"dir-speech":0.27192505817357804,"indirect":0.27738029899159455,"writing-device":0.08689395920948807}}]