[{"id":"혼술식당-본점","permalink":"","username":"asdfg","text":"스테이크볶음밥이 기대한것보다 너무 느끼했어요 ㅠ 좀 아쉽..다른 메뉴들은 다 맛있었어요","date":"Mon Dec 10 23:59:44 +0000 2018","retweets":"30","favorites":"20","mentions":[],"hashtags":[],"geo":"","raw":"스테이크볶음밥이 기대한것보다 너무 느끼했어요 ㅠ 좀 아쉽..다른 메뉴들은 다 맛있었어요","polarity":{"com":0.029526668625000006,"pos":0.35561606337500007,"neg":0.38926986825,"neut":0.16491746575,"none":0.060669933999999995},"intensity":{"high":0.07395574625924448,"low":0.19832985952479124,"meium":0.6659561649582446,"none":0.061758229257719795},"expressive":{"dir-action":0.0021635640002704453,"dir-explicit":0.27450277003431284,"dir-speech":0.5211910514401489,"indirect":0.13794582939224323,"writing-device":0.0641967851330246}},{"id":"혼술식당-본점","permalink":"","username":"asdfg","text":"맛있어요~ 꽁치도 많이넣어주셨어용~~","date":"Mon Dec 10 23:59:44 +0000 2018","retweets":"30","favorites":"20","mentions":[],"hashtags":[],"geo":"","raw":"맛있어요~ 꽁치도 많이넣어주셨어용~~","polarity":{"com":0,"pos":0.5,"neg":0.5,"neut":0,"none":0},"intensity":{"high":0,"low":0.5,"meium":0.5,"none":0},"expressive":{"dir-action":0,"dir-explicit":0,"dir-speech":1,"indirect":0,"writing-device":0}},{"id":"혼술식당-본점","permalink":"","username":"asdfg","text":"맛있게 먹었습니다 ㅋ 배달도 빠르고요~~ 그런데 곱빼기 시겼는데 생각보다 양이 많지 않네요.","date":"Mon Dec 10 23:59:44 +0000 2018","retweets":"30","favorites":"20","mentions":[],"hashtags":[],"geo":"","raw":"맛있게 먹었습니다 ㅋ 배달도 빠르고요~~ 그런데 곱빼기 시겼는데 생각보다 양이 많지 않네요.","polarity":{"com":0,"pos":0.5166062801666667,"neg":0.42753623183333334,"neut":0.0489130435,"none":0.0069444445},"intensity":{"high":0.07588566817931428,"low":0.17049114319508182,"meium":0.7466787441244463,"none":0.006944444501157406},"expressive":{"dir-action":0,"dir-explicit":0.1864935586977489,"dir-speech":0.5755837359292639,"indirect":0.2309782608718297,"writing-device":0.006944444501157406}},{"id":"혼술식당-본점","permalink":"","username":"asdfg","text":"가격대비좋구 맛잇음","date":"Mon Dec 10 23:59:44 +0000 2018","retweets":"30","favorites":"20","mentions":[],"hashtags":[],"geo":"","raw":"가격대비좋구 맛잇음","polarity":{"com":0,"pos":0.855,"neg":0.135,"neut":0,"none":0.01},"intensity":{"high":0.05,"low":0.01,"meium":0.9299999999999999,"none":0.01},"expressive":{"dir-action":0,"dir-explicit":0.15,"dir-speech":0.425,"indirect":0.415,"writing-device":0.01}},{"id":"혼술식당-본점","permalink":"","username":"asdfg","text":"양은 나쁘지않은데..\n너무짜요~~~~\n간간하게 먹는편인데도..\n너무짰어요","date":"Mon Dec 10 23:59:44 +0000 2018","retweets":"30","favorites":"20","mentions":[],"hashtags":[],"geo":"","raw":"양은 나쁘지않은데..\n너무짜요~~~~\n간간하게 먹는편인데도..\n너무짰어요","polarity":{"com":0.04880952383333334,"pos":0.22222222216666673,"neg":0.5706349206666667,"neut":0.08571428566666668,"none":0.07261904766666667},"intensity":{"high":0.1455026455,"low":0.187037037,"meium":0.5948412698333333,"none":0.07261904766666667},"expressive":{"dir-action":0,"dir-explicit":0.48068783041988533,"dir-speech":0.2748677249541887,"indirect":0.17301587313783068,"writing-device":0.07142857148809524}},{"id":"혼술식당-본점","permalink":"","username":"asdfg","text":"혼술 안주로 정말 딱이네용\n맛있는 안주 감사합니다~!~👍🏻👍🏻","date":"Mon Dec 10 23:59:44 +0000 2018","retweets":"30","favorites":"20","mentions":[],"hashtags":[],"geo":"","raw":"혼술 안주로 정말 딱이네용\n맛있는 안주 감사합니다~!~👍🏻👍🏻","polarity":{"com":0.004575163399999999,"pos":0.527124183,"neg":0.3555555555999999,"neut":0.018300653599999998,"none":0.09444444439999998},"intensity":{"high":0.32549019606509805,"low":0.016339869203267975,"meium":0.5637254903127451,"none":0.09444444441888888},"expressive":{"dir-action":0,"dir-explicit":0.2836601308,"dir-speech":0.4905228758,"indirect":0.1274509804,"writing-device":0.098366013}},{"id":"혼술식당-본점","permalink":"","username":"asdfg","text":"혼술 하기 딱좋아요 ㅋㅋㅋ 가격도 너무 좋고 맛도 굿굿 !!!! 다음엔 곱빼기로 시켜먹어야겟어요 !!!!!","date":"Mon Dec 10 23:59:44 +0000 2018","retweets":"30","favorites":"20","mentions":[],"hashtags":[],"geo":"","raw":"혼술 하기 딱좋아요 ㅋㅋㅋ 가격도 너무 좋고 맛도 굿굿 !!!! 다음엔 곱빼기로 시켜먹어야겟어요 !!!!!","polarity":{"com":0.01587301589065256,"pos":0.5792945326199218,"neg":0.3809876543756654,"neut":0.010582010556731336,"none":0.013262786557029203},"intensity":{"high":0.053968254,"low":0.07146384477777777,"meium":0.8613051146666666,"none":0.013262786555555557},"expressive":{"dir-action":0,"dir-explicit":0.22804232800000002,"dir-speech":0.4366843034444444,"indirect":0.32024691355555557,"writing-device":0.015026455000000001}},{"id":"혼술식당-본점","permalink":"","username":"asdfg","text":"제 여친이 제 아이디로 혼자 시켜먹어서 사진이 없어요.","date":"Mon Dec 10 23:59:44 +0000 2018","retweets":"30","favorites":"20","mentions":[],"hashtags":[],"geo":"","raw":"제 여친이 제 아이디로 혼자 시켜먹어서 사진이 없어요.","polarity":{"com":0.011214723998397898,"pos":0.36440797051937024,"neg":0.5753017037749569,"neut":0.027592370138915374,"none":0.02148323156835954},"intensity":{"high":0.08305455598813506,"low":0.1387488859801787,"meium":0.7546970373207575,"none":0.02349952071092864},"expressive":{"dir-action":0.0006293265715184752,"dir-explicit":0.18502028888357433,"dir-speech":0.47894335592556336,"indirect":0.30913358275844766,"writing-device":0.026273445860896204}},{"id":"혼술식당-본점","permalink":"","username":"asdfg","text":"배달업체 개째증이네요 진짜ㅡㅡ","date":"Mon Dec 10 23:59:44 +0000 2018","retweets":"30","favorites":"20","mentions":[],"hashtags":[],"geo":"","raw":"배달업체 개째증이네요 진짜ㅡㅡ","polarity":{"com":0.007625272333333333,"pos":0.7952069716666667,"neg":0.09259259266666665,"neut":0.030501089333333332,"none":0.074074074},"intensity":{"high":0.04248366001416121,"low":0.027233115342411036,"meium":0.8562091506187364,"none":0.07407407402469135},"expressive":{"dir-action":0,"dir-explicit":0.13943355133333335,"dir-speech":0.4008714596666667,"indirect":0.3790849673333334,"writing-device":0.08061002166666668}},{"id":"혼술식당-본점","permalink":"","username":"asdfg","text":"두부김치 김치맛 끝내줍니다.\n두부는 살짝 더 데치면 좋갰구요.살짝두부냄새 나네요.\n배달음식치고 ㅅㅍㅌㅊ 입니다.\n\n똥집도 역시 가격대비 끝내줍니다.","date":"Mon Dec 10 23:59:44 +0000 2018","retweets":"30","favorites":"20","mentions":[],"hashtags":[],"geo":"","raw":"두부김치 김치맛 끝내줍니다.\n두부는 살짝 더 데치면 좋갰구요.살짝두부냄새 나네요.\n배달음식치고 ㅅㅍㅌㅊ 입니다.\n\n똥집도 역시 가격대비 끝내줍니다.","polarity":{"com":0.0037523342504690413,"pos":0.5766273900720784,"neg":0.2860248447857531,"neut":0.035997949879499745,"none":0.09759748101219967},"intensity":{"high":0.18449589977306202,"low":0.06512960250814119,"meium":0.6527770167065972,"none":0.09759748101219969},"expressive":{"dir-action":0,"dir-explicit":0.1551257461056093,"dir-speech":0.43420360894572446,"indirect":0.3095309137113086,"writing-device":0.10113973123735753}},{"id":"혼술식당-본점","permalink":"","username":"asdfg","text":"육회 맛있음 배달도 빠르고","date":"Mon Dec 10 23:59:44 +0000 2018","retweets":"30","favorites":"20","mentions":[],"hashtags":[],"geo":"","raw":"육회 맛있음 배달도 빠르고","polarity":{"com":0,"pos":1,"neg":0,"neut":0,"none":0},"intensity":{"high":0,"low":0.111111111,"meium":0.888888889,"none":0},"expressive":{"dir-action":0,"dir-explicit":0,"dir-speech":0.6666666666666666,"indirect":0.3333333333333333,"writing-device":0}},{"id":"혼술식당-본점","permalink":"","username":"asdfg","text":"맛있게 잘먹었습니다. 스테이크볶음밥 매력적이예요~","date":"Mon Dec 10 23:59:44 +0000 2018","retweets":"30","favorites":"20","mentions":[],"hashtags":[],"geo":"","raw":"맛있게 잘먹었습니다. 스테이크볶음밥 매력적이예요~","polarity":{"com":0.010279001336759668,"pos":0.3820012587940004,"neg":0.5516047828505349,"neut":0.05317809935105936,"none":0.0029368576676456195},"intensity":{"high":0.03524229067841409,"low":0.11548143470516045,"meium":0.8448709882816235,"none":0.004405286334801761},"expressive":{"dir-action":0.0014684286671561425,"dir-explicit":0.20946087673648692,"dir-speech":0.5013635411671212,"indirect":0.2833018670944339,"writing-device":0.004405286334801761}},{"id":"혼술식당-본점","permalink":"","username":"asdfg","text":"배달료와서1000원더받아서 읭?스러웠음","date":"Mon Dec 10 23:59:44 +0000 2018","retweets":"30","favorites":"20","mentions":[],"hashtags":[],"geo":"","raw":"배달료와서1000원더받아서 읭?스러웠음","polarity":{"com":0.08333333325,"pos":0.71557971025,"neg":0.16847826075,"neut":0.0217391305,"none":0.01086956525},"intensity":{"high":0.04347826075,"low":0.0217391305,"meium":0.9239130435,"none":0.01086956525},"expressive":{"dir-action":0,"dir-explicit":0.20289855075000005,"dir-speech":0.61775362325,"indirect":0.16847826075000003,"writing-device":0.010869565250000001}},{"id":"혼술식당-본점","permalink":"","username":"asdfg","text":"역시나... 여긴 진짜 짱입니다...👍🏻 크으으으...👍🏻👍🏻👍🏻","date":"Mon Dec 10 23:59:44 +0000 2018","retweets":"30","favorites":"20","mentions":[],"hashtags":[],"geo":"","raw":"역시나... 여긴 진짜 짱입니다...👍🏻 크으으으...👍🏻👍🏻👍🏻","polarity":{"com":0.0114379085,"pos":0.6928104575,"neg":0.138888889,"neut":0.045751634,"none":0.111111111},"intensity":{"high":0.31372549015686274,"low":0.04084967302042484,"meium":0.5343137257671569,"none":0.11111111105555554},"expressive":{"dir-action":0,"dir-explicit":0.459150327,"dir-speech":0.1013071895,"indirect":0.318627451,"writing-device":0.1209150325}},{"id":"혼술식당-본점","permalink":"","username":"asdfg","text":"요긴한번도실망을시킨적이없습니다^^\n많이시켜먹었었는데요 먹을때마다 맛있습니다^^\n사진을못찍은적도많구요ㅋㅋ\n메뉴도다양하고 정말맛있습니다ㅎㅎ\n계속맛있는맛유지해주시구요~ 대박나세용! ^^\n맥주를빠트리시고 보내주셨네용ㅋㅋㅋ","date":"Mon Dec 10 23:59:44 +0000 2018","retweets":"30","favorites":"20","mentions":[],"hashtags":[],"geo":"","raw":"요긴한번도실망을시킨적이없습니다^^\n많이시켜먹었었는데요 먹을때마다 맛있습니다^^\n사진을못찍은적도많구요ㅋㅋ\n메뉴도다양하고 정말맛있습니다ㅎㅎ\n계속맛있는맛유지해주시구요~ 대박나세용! ^^\n맥주를빠트리시고 보내주셨네용ㅋㅋㅋ","polarity":{"com":0.007745052150000001,"pos":0.47035706795000004,"neg":0.4387642583999999,"neut":0.03760444015000001,"none":0.04552918135},"intensity":{"high":0.16471505534176425,"low":0.10177878679491105,"meium":0.6871263356656437,"none":0.046379822197681005},"expressive":{"dir-action":0.0021830048997816993,"dir-explicit":0.20545957112945407,"dir-speech":0.47009346815299063,"indirect":0.27486668482251336,"writing-device":0.04739727099526027}},{"id":"혼술식당-본점","permalink":"","username":"asdfg","text":"스테끼볶음밥 너무 맛있어요ㅋㅋㅋ\n육회는 첨먹었는데 역시나 굿임다~","date":"Mon Dec 10 23:59:44 +0000 2018","retweets":"30","favorites":"20","mentions":[],"hashtags":[],"geo":"","raw":"스테끼볶음밥 너무 맛있어요ㅋㅋㅋ\n육회는 첨먹었는데 역시나 굿임다~","polarity":{"com":0.023809523837301585,"pos":0.5846560845974427,"neg":0.3148148148858025,"neut":0.015873015835978836,"none":0.06084656084347442},"intensity":{"high":0.09523809531746034,"low":0.10052910048324516,"meium":0.7433862433761024,"none":0.06084656082319226},"expressive":{"dir-action":0,"dir-explicit":0.23015873012830687,"dir-speech":0.3359788361106702,"indirect":0.37037037027160497,"writing-device":0.06349206348941798}},{"id":"혼술식당-본점","permalink":"","username":"asdfg","text":"맛있게 잘 먹었습니다~! 감사해요~! 배달기사님께서도 친절하셨어요~ 그런데, 이거 곱배기 맞죠~? 맛있어서 너무 순삭해버려서인지...","date":"Mon Dec 10 23:59:44 +0000 2018","retweets":"30","favorites":"20","mentions":[],"hashtags":[],"geo":"","raw":"맛있게 잘 먹었습니다~! 감사해요~! 배달기사님께서도 친절하셨어요~ 그런데, 이거 곱배기 맞죠~? 맛있어서 너무 순삭해버려서인지...","polarity":{"com":0.13771819583070166,"pos":0.4874202858624927,"neg":0.3253083833023008,"neut":0.021742773365612977,"none":0.027810361638891848},"intensity":{"high":0.1798165990909091,"low":0.06873341709090909,"meium":0.7232486152727273,"none":0.02820136854545455},"expressive":{"dir-action":0.001173020545561184,"dir-explicit":0.2168994088379,"dir-speech":0.5571754411415614,"indirect":0.19694176783608563,"writing-device":0.027810361638891855}},{"id":"혼술식당-본점","permalink":"","username":"asdfg","text":"리뷰대로 충분히 맛있네요\n감자 다 빼고 고기 두조각만 더 있었으면 싶을 정도로..\n한가지 아쉬운 점은.. 한점 한점 염도가 너무 차이 납니다.. 짜고 싱겁고..\n뒤통수 뒤로 챱챱 뿌려주시길 ㅋㅋ","date":"Mon Dec 10 23:59:44 +0000 2018","retweets":"30","favorites":"20","mentions":[],"hashtags":[],"geo":"","raw":"리뷰대로 충분히 맛있네요\n감자 다 빼고 고기 두조각만 더 있었으면 싶을 정도로..\n한가지 아쉬운 점은.. 한점 한점 염도가 너무 차이 납니다.. 짜고 싱겁고..\n뒤통수 뒤로 챱챱 뿌려주시길 ㅋㅋ","polarity":{"com":0.00119047620031746,"pos":0.31196581194985756,"neg":0.39484126990529095,"neut":0.17544261291345137,"none":0.11655982903108264},"intensity":{"high":0.0365995116642267,"low":0.10778388272614774,"meium":0.7384615384841026,"none":0.11715506712552301},"expressive":{"dir-action":0,"dir-explicit":0.2522893773831807,"dir-speech":0.3958638583069424,"indirect":0.2369963370508669,"writing-device":0.11485042725900997}},{"id":"혼술식당-본점","permalink":"","username":"asdfg","text":"아~~~역시 마쉬써요~~~~","date":"Mon Dec 10 23:59:44 +0000 2018","retweets":"30","favorites":"20","mentions":[],"hashtags":[],"geo":"","raw":"아~~~역시 마쉬써요~~~~","polarity":{"com":0,"pos":0.48484848474242426,"neg":0.13636363656818182,"neut":0.2121212121060606,"none":0.16666666658333334},"intensity":{"high":0.04545454552272727,"low":0.2121212121060606,"meium":0.5757575757878788,"none":0.16666666658333334},"expressive":{"dir-action":0.04545454552272726,"dir-explicit":0.21212121210606058,"dir-speech":0.4393939392196969,"indirect":0.1363636365681818,"writing-device":0.16666666658333332}},{"id":"혼술식당-본점","permalink":"","username":"asdfg","text":"이건 둘이서 술마실때 시킨건데 역시나 존맛탱!\n아쉽게 사진을 못찍었음ㅜㅜ\n사장님 감사합니다","date":"Mon Dec 10 23:59:44 +0000 2018","retweets":"30","favorites":"20","mentions":[],"hashtags":[],"geo":"","raw":"이건 둘이서 술마실때 시킨건데 역시나 존맛탱!\n아쉽게 사진을 못찍었음ㅜㅜ\n사장님 감사합니다","polarity":{"com":0.007156996399284299,"pos":0.5127403911487259,"neg":0.3331942775666806,"neut":0.0488050553951195,"none":0.09810327949018967},"intensity":{"high":0.17169440861716945,"low":0.05401566380540157,"meium":0.6757461194675747,"none":0.09854380810985437},"expressive":{"dir-action":0.00044052860004405273,"dir-explicit":0.13356443231335643,"dir-speech":0.42570296774257027,"indirect":0.33621605033362156,"writing-device":0.10407602101040758}},{"id":"혼술식당-본점","permalink":"","username":"asdfg","text":"아 이걸 안썼네 남자분들 스테끼볶음밥곱배기에 소주한병 조합지림 딱맞음 존맛탱","date":"Mon Dec 10 23:59:44 +0000 2018","retweets":"30","favorites":"20","mentions":[],"hashtags":[],"geo":"","raw":"아 이걸 안썼네 남자분들 스테끼볶음밥곱배기에 소주한병 조합지림 딱맞음 존맛탱","polarity":{"com":0.015472159666666664,"pos":0.5883826577777777,"neg":0.3690075132222222,"neut":0.01898083222222222,"none":0.00815683711111111},"intensity":{"high":0.17195092568577233,"low":0.11984218056887135,"meium":0.6982008019664667,"none":0.010006091778889566},"expressive":{"dir-action":0.000716845889048188,"dir-explicit":0.1215502382492334,"dir-speech":0.5500833487889074,"indirect":0.31949272995988726,"writing-device":0.008156837112923742}},{"id":"혼술식당-본점","permalink":"","username":"asdfg","text":"진짜 리뷰 첨쓰는데 여기 가성비 최강입니다\n가성비아니더라도 맛양배달속도 개쩔어요 !\n사장님도 배달해주시는분도 개친절하시고요\n세번짼데 너무 괜찮아서 참을수없어서 리뷰씁니다","date":"Mon Dec 10 23:59:44 +0000 2018","retweets":"30","favorites":"20","mentions":[],"hashtags":[],"geo":"","raw":"진짜 리뷰 첨쓰는데 여기 가성비 최강입니다\n가성비아니더라도 맛양배달속도 개쩔어요 !\n사장님도 배달해주시는분도 개친절하시고요\n세번짼데 너무 괜찮아서 참을수없어서 리뷰씁니다","polarity":{"com":0.01783718868638517,"pos":0.4581895306588631,"neg":0.35704996729018434,"neut":0.05910523537130591,"none":0.10781807799326136},"intensity":{"high":0.1241177298125,"low":0.07726261450000002,"meium":0.6905327604375,"none":0.10808689525000001},"expressive":{"dir-action":0.01217008799847874,"dir-explicit":0.20763843878654525,"dir-speech":0.5093830263738273,"indirect":0.15801029991774873,"writing-device":0.11279814692340023}},{"id":"혼술식당-본점","permalink":"","username":"asdfg","text":"항상 너무 맛나고 좋아서 시켜먹는데  오늘도  이렇게  \n맛나게 먹엇습니다 감사합니다","date":"Mon Dec 10 23:59:44 +0000 2018","retweets":"30","favorites":"20","mentions":[],"hashtags":[],"geo":"","raw":"항상 너무 맛나고 좋아서 시켜먹는데  오늘도  이렇게  \n맛나게 먹엇습니다 감사합니다","polarity":{"com":0.0014285714000000001,"pos":0.6935238094000001,"neg":0.20704761920000006,"neut":0.0028571428000000003,"none":0.09514285720000001},"intensity":{"high":0.2907936508,"low":0.0753015872,"meium":0.5387619048000001,"none":0.09514285720000001},"expressive":{"dir-action":0,"dir-explicit":0.3015873015396826,"dir-speech":0.5555555554888889,"indirect":0.049142857190171425,"writing-device":0.09371428578125714}},{"id":"혼술식당-본점","permalink":"","username":"asdfg","text":"우선 배달도 빨랐구요 ! 양이 진짜많앗어요 ㅎㅎ 닭똥집은 튀김옷 양념이라해야하나 ? 맛있는데 좀많이 질겼어요ㅠㅠ  원래 닭똥집이 질긴 음식이긴하지만 너무 질겨서 별하나뺏어요ㅠ.ㅠ  육회비빔밥은  만족햇어요!! 고추장을 맛보면 그집이 맛집인지 아닌지 아는데 여기 고추장 맛잇더라구용 ㅎㅎㅎㅎ 앞으로 자주 시켜먹을게요 ~~ ☺☺","date":"Mon Dec 10 23:59:44 +0000 2018","retweets":"30","favorites":"20","mentions":[],"hashtags":[],"geo":"","raw":"우선 배달도 빨랐구요 ! 양이 진짜많앗어요 ㅎㅎ 닭똥집은 튀김옷 양념이라해야하나 ? 맛있는데 좀많이 질겼어요ㅠㅠ  원래 닭똥집이 질긴 음식이긴하지만 너무 질겨서 별하나뺏어요ㅠ.ㅠ  육회비빔밥은  만족햇어요!! 고추장을 맛보면 그집이 맛집인지 아닌지 아는데 여기 고추장 맛잇더라구용 ㅎㅎㅎㅎ 앞으로 자주 시켜먹을게요 ~~ ☺☺","polarity":{"com":0.013070332635175427,"pos":0.5277553937247496,"neg":0.28560654315585393,"neut":0.04637656272305667,"none":0.12719116776116446},"intensity":{"high":0.06471129713930505,"low":0.19345566991788435,"meium":0.6133966928006088,"none":0.12843634014220165},"expressive":{"dir-action":0.0019276730455421666,"dir-explicit":0.21278003560058092,"dir-speech":0.562949900480134,"indirect":0.07954284268543377,"writing-device":0.14279954818830903}},{"id":"혼술식당-본점","permalink":"","username":"asdfg","text":"첨 시켜 봣는데...생각 한게 빗나갈만큼...포장깔끙  맛과양 너무 맛나게 묵었네여^^","date":"Mon Dec 10 23:59:44 +0000 2018","retweets":"30","favorites":"20","mentions":[],"hashtags":[],"geo":"","raw":"첨 시켜 봣는데...생각 한게 빗나갈만큼...포장깔끙  맛과양 너무 맛나게 묵었네여^^","polarity":{"com":0.030357142871205358,"pos":0.44093406594488327,"neg":0.3438530219570184,"neut":0.0504807692436899,"none":0.13437499998320312},"intensity":{"high":0.0962225275,"low":0.14670329675,"meium":0.62269917575,"none":0.134375},"expressive":{"dir-action":0,"dir-explicit":0.30676510987500005,"dir-speech":0.35037774725,"indirect":0.208482142875,"writing-device":0.134375}},{"id":"혼술식당-본점","permalink":"","username":"asdfg","text":"자주 이용하고 있습니다","date":"Mon Dec 10 23:59:44 +0000 2018","retweets":"30","favorites":"20","mentions":[],"hashtags":[],"geo":"","raw":"자주 이용하고 있습니다","polarity":{"com":0.0096774195,"pos":0.758064516,"neg":0.176344086,"neut":0.041935484,"none":0.0139784945},"intensity":{"high":0.06989247300000001,"low":0.5580645160000001,"meium":0.35698924750000005,"none":0.015053763500000001},"expressive":{"dir-action":0.0032258065,"dir-explicit":0.1569892475,"dir-speech":0.647311828,"indirect":0.1784946235,"writing-device":0.0139784945}},{"id":"혼술식당-본점","permalink":"","username":"asdfg","text":"ㅇㅈ","date":"Mon Dec 10 23:59:44 +0000 2018","retweets":"30","favorites":"20","mentions":[],"hashtags":[],"geo":"","raw":"ㅇㅈ","polarity":{"com":null,"pos":null,"neg":null,"neut":null,"none":null},"intensity":{"high":null,"low":null,"meium":null,"none":null},"expressive":{"dir-action":null,"dir-explicit":null,"dir-speech":null,"indirect":null,"writing-device":null}},{"id":"혼술식당-본점","permalink":"","username":"asdfg","text":"None","date":"Mon Dec 10 23:59:44 +0000 2018","retweets":"30","favorites":"20","mentions":[],"hashtags":[],"geo":"","raw":"ㅇㅈㅇㅈㅇㅊㅇㅈㅇㅊㅇㅊㅇㅉㅇㅊㅇㅈㅇㅈㅇㅈ","polarity":{"com":null,"pos":null,"neg":null,"neut":null,"none":null},"intensity":{"high":null,"low":null,"meium":null,"none":null},"expressive":{"dir-action":null,"dir-explicit":null,"dir-speech":null,"indirect":null,"writing-device":null}},{"id":"혼술식당-본점","permalink":"","username":"asdfg","text":"멀어서 배달 안 해주실 줄 알앗는데 배달해주셔서 감동ㅠㅠ\n정말 맛있고 담번에 또 시켜먹을게요ㅎㅎㅎ","date":"Mon Dec 10 23:59:44 +0000 2018","retweets":"30","favorites":"20","mentions":[],"hashtags":[],"geo":"","raw":"멀어서 배달 안 해주실 줄 알앗는데 배달해주셔서 감동ㅠㅠ\n정말 맛있고 담번에 또 시켜먹을게요ㅎㅎㅎ","polarity":{"com":0,"pos":0.4069264068720976,"neg":0.429112554142808,"neut":0.10227272726342977,"none":0.06168831172166471},"intensity":{"high":0.18055555554545455,"low":0.1414141413636364,"meium":0.6163419913636363,"none":0.06168831172727273},"expressive":{"dir-action":0,"dir-explicit":0.13167388163636365,"dir-speech":0.448953824,"indirect":0.3446969697272727,"writing-device":0.07467532463636363}},{"id":"혼술식당-본점","permalink":"","username":"asdfg","text":"윸회슨 예전하고 그릇이 바뀌었드라구요.\n좀더 깔끔해진것 같아서 좋구요\n싱싱했어요\n스테이크도 맛있어요","date":"Mon Dec 10 23:59:44 +0000 2018","retweets":"30","favorites":"20","mentions":[],"hashtags":[],"geo":"","raw":"윸회슨 예전하고 그릇이 바뀌었드라구요.\n좀더 깔끔해진것 같아서 좋구요\n싱싱했어요\n스테이크도 맛있어요","polarity":{"com":0.0070677305704188965,"pos":0.5683931352045153,"neg":0.22500503968214217,"neut":0.037466578423219064,"none":0.16206751611970466},"intensity":{"high":0.08050379200000002,"low":0.05898301228571429,"meium":0.6961743168571428,"none":0.16433887885714288},"expressive":{"dir-action":0.0022713627142857138,"dir-explicit":0.233351145,"dir-speech":0.20812068071428572,"indirect":0.3896542687142857,"writing-device":0.16660254285714288}},{"id":"혼술식당-본점","permalink":"","username":"asdfg","text":"꼭 부탁드린다고 했는데ㅠㅠ 문을 두드리셨네요.. 배달원분들 주의 좀 부탁드려요 음식은 맛있을거같네요","date":"Mon Dec 10 23:59:44 +0000 2018","retweets":"30","favorites":"20","mentions":[],"hashtags":[],"geo":"","raw":"꼭 부탁드린다고 했는데ㅠㅠ 문을 두드리셨네요.. 배달원분들 주의 좀 부탁드려요 음식은 맛있을거같네요","polarity":{"com":0.0040633437142857136,"pos":0.47777685,"neg":0.3516601264285714,"neut":0.08612340314285713,"none":0.08037627671428571},"intensity":{"high":0.07856725386836674,"low":0.1564804764509258,"meium":0.6829339568118477,"none":0.08201831286885977},"expressive":{"dir-action":0.001642036143326296,"dir-explicit":0.28553894979586825,"dir-speech":0.34377835295536524,"indirect":0.14088113318310888,"writing-device":0.2281595279223313}},{"id":"혼술식당-본점","permalink":"","username":"asdfg","text":"맛잇어요  양도많고  스테이크","date":"Mon Dec 10 23:59:44 +0000 2018","retweets":"30","favorites":"20","mentions":[],"hashtags":[],"geo":"","raw":"맛잇어요  양도많고  스테이크","polarity":{"com":0,"pos":1,"neg":0,"neut":0,"none":0},"intensity":{"high":0,"low":0,"meium":1,"none":0},"expressive":{"dir-action":0,"dir-explicit":0.5,"dir-speech":0.5,"indirect":0,"writing-device":0}},{"id":"혼술식당-본점","permalink":"","username":"asdfg","text":"간편하게 즐길수 있고 맛도 있고 양도넉넉하고 부담스럽지 않게 즐길수있는 술안주도 되고\n 아이밥반찬도 되고 세식구에게 딱입니다.\n오늘도 주문 하고 기다리는중 ㅋㅋㅋ","date":"Mon Dec 10 23:59:44 +0000 2018","retweets":"30","favorites":"20","mentions":[],"hashtags":[],"geo":"","raw":"간편하게 즐길수 있고 맛도 있고 양도넉넉하고 부담스럽지 않게 즐길수있는 술안주도 되고\n 아이밥반찬도 되고 세식구에게 딱입니다.\n오늘도 주문 하고 기다리는중 ㅋㅋㅋ","polarity":{"com":0.005327449611111111,"pos":0.5578611765555554,"neg":0.19461386683333334,"neut":0.017760683,"none":0.22443682399999998},"intensity":{"high":0.07810624366666666,"low":0.08303339800000001,"meium":0.6136181312222222,"none":0.2252422271111111},"expressive":{"dir-action":0.0008054031109768772,"dir-explicit":0.22161953074084118,"dir-speech":0.23769563229371735,"indirect":0.31385804455880145,"writing-device":0.2260213892956631}},{"id":"혼술식당-본점","permalink":"","username":"asdfg","text":"항상 맛있고 배달도 빠르고 짱짱!!!","date":"Mon Dec 10 23:59:44 +0000 2018","retweets":"30","favorites":"20","mentions":[],"hashtags":[],"geo":"","raw":"항상 맛있고 배달도 빠르고 짱짱!!!","polarity":{"com":0,"pos":1,"neg":0,"neut":0,"none":0},"intensity":{"high":0,"low":0.111111111,"meium":0.888888889,"none":0},"expressive":{"dir-action":0,"dir-explicit":0.16666666666666666,"dir-speech":0.5,"indirect":0.3333333333333333,"writing-device":0}},{"id":"혼술식당-본점","permalink":"","username":"asdfg","text":"늦은시간 맛있게 잘 먹었습니다","date":"Mon Dec 10 23:59:44 +0000 2018","retweets":"30","favorites":"20","mentions":[],"hashtags":[],"geo":"","raw":"늦은시간 맛있게 잘 먹었습니다","polarity":{"com":0,"pos":0.3214285714404762,"neg":0.6547619048849207,"neut":0.023809523674603175,"none":0},"intensity":{"high":0.08333333333333333,"low":0.07142857133333333,"meium":0.8452380953333334,"none":0},"expressive":{"dir-action":0,"dir-explicit":0.15476190466666664,"dir-speech":0.21428571433333332,"indirect":0.6309523810000001,"writing-device":0}},{"id":"혼술식당-본점","permalink":"","username":"asdfg","text":"사진은 못찍었지만 맛있게 잘 먹었어요.\n월요일에 아들과 둘이 먹었는데 오늘은 아빠까지 셋이네요. 재주분 했습니다.\n번창하시고 수고 하세요.","date":"Mon Dec 10 23:59:44 +0000 2018","retweets":"30","favorites":"20","mentions":[],"hashtags":[],"geo":"","raw":"사진은 못찍었지만 맛있게 잘 먹었어요.\n월요일에 아들과 둘이 먹었는데 오늘은 아빠까지 셋이네요. 재주분 했습니다.\n번창하시고 수고 하세요.","polarity":{"com":0.008692716846822516,"pos":0.39262940526097145,"neg":0.4546587438811276,"neut":0.03897983638761383,"none":0.10503929762346456},"intensity":{"high":0.1319928005587681,"low":0.07524569316542241,"meium":0.6819530644126082,"none":0.11080844186320131},"expressive":{"dir-action":0.0026034926931087668,"dir-explicit":0.17650741474661769,"dir-speech":0.3672769642668544,"indirect":0.3379241237193613,"writing-device":0.11568800457405784}},{"id":"혼술식당-본점","permalink":"","username":"asdfg","text":"꼬막비빔밥에 꼬막 양이 매우 적고 꼬막 껍질 깨진게 많이 들어있어서 먹기 불편했습니다. 옛날 도시락은 맛있어요","date":"Mon Dec 10 23:59:44 +0000 2018","retweets":"30","favorites":"20","mentions":[],"hashtags":[],"geo":"","raw":"꼬막비빔밥에 꼬막 양이 매우 적고 꼬막 껍질 깨진게 많이 들어있어서 먹기 불편했습니다. 옛날 도시락은 맛있어요","polarity":{"com":0.005186284570687673,"pos":0.37000142180428547,"neg":0.5771736192032608,"neut":0.03880220385159968,"none":0.008836470570166217},"intensity":{"high":0.2042162927434595,"low":0.10067338644295334,"meium":0.6859666305265667,"none":0.009143690287020528},"expressive":{"dir-action":0.0009216590000000001,"dir-explicit":0.1592970665714286,"dir-speech":0.47486159428571434,"indirect":0.3560832095714286,"writing-device":0.008836470571428572}},{"id":"혼술식당-본점","permalink":"","username":"asdfg","text":"굿.. good... ^^","date":"Mon Dec 10 23:59:44 +0000 2018","retweets":"30","favorites":"20","mentions":[],"hashtags":[],"geo":"","raw":"굿.. good... ^^","polarity":{"com":0,"pos":1,"neg":0,"neut":0,"none":0},"intensity":{"high":0,"low":0,"meium":1,"none":0},"expressive":{"dir-action":0,"dir-explicit":0,"dir-speech":0,"indirect":1,"writing-device":0}},{"id":"혼술식당-본점","permalink":"","username":"asdfg","text":"맛있습니다. ....","date":"Mon Dec 10 23:59:44 +0000 2018","retweets":"30","favorites":"20","mentions":[],"hashtags":[],"geo":"","raw":"맛있습니다. ....","polarity":{"com":0,"pos":0,"neg":1,"neut":0,"none":0},"intensity":{"high":0,"low":0,"meium":1,"none":0},"expressive":{"dir-action":0,"dir-explicit":0,"dir-speech":1,"indirect":0,"writing-device":0}},{"id":"혼술식당-본점","permalink":"","username":"asdfg","text":"원래배민 봉글짱으로시키다가 \n어쩌다보니 요기루시켯네요\n역시 실망 없는 혼술식당.\n배달.맛.가격 오늘두\n만족하고 맛있게 먹을께요","date":"Mon Dec 10 23:59:44 +0000 2018","retweets":"30","favorites":"20","mentions":[],"hashtags":[],"geo":"","raw":"원래배민 봉글짱으로시키다가 \n어쩌다보니 요기루시켯네요\n역시 실망 없는 혼술식당.\n배달.맛.가격 오늘두\n만족하고 맛있게 먹을께요","polarity":{"com":0.0050903452499999995,"pos":0.5239347356666666,"neg":0.38963052866666675,"neut":0.038767529583333335,"none":0.042576860833333334},"intensity":{"high":0.08342322908333334,"low":0.14466468891666667,"meium":0.7285261596666667,"none":0.04338592233333334},"expressive":{"dir-action":0.0416666666736111,"dir-explicit":0.23467277953911211,"dir-speech":0.5235863898372644,"indirect":0.15159789644193294,"writing-device":0.048476267508079374}},{"id":"혼술식당-본점","permalink":"","username":"asdfg","text":"부담없고 맛있고 자주이용하네요","date":"Mon Dec 10 23:59:44 +0000 2018","retweets":"30","favorites":"20","mentions":[],"hashtags":[],"geo":"","raw":"부담없고 맛있고 자주이용하네요","polarity":{"com":0,"pos":0.4666666666666666,"neg":0.5333333333333333,"neut":0,"none":0},"intensity":{"high":0,"low":0.4000000000000001,"meium":0.6,"none":0},"expressive":{"dir-action":0,"dir-explicit":0.06666666666666667,"dir-speech":0.6666666666666665,"indirect":0.26666666666666666,"writing-device":0}},{"id":"혼술식당-본점","permalink":"","username":"asdfg","text":"맛있음\n되게맛있음","date":"Mon Dec 10 23:59:44 +0000 2018","retweets":"30","favorites":"20","mentions":[],"hashtags":[],"geo":"","raw":"맛있음\n되게맛있음","polarity":{"com":0,"pos":0,"neg":1,"neut":0,"none":0},"intensity":{"high":0,"low":0,"meium":1,"none":0},"expressive":{"dir-action":0,"dir-explicit":0,"dir-speech":1,"indirect":0,"writing-device":0}},{"id":"혼술식당-본점","permalink":"","username":"asdfg","text":"다음에도 또 시킬것 같네요 감사합니다","date":"Mon Dec 10 23:59:44 +0000 2018","retweets":"30","favorites":"20","mentions":[],"hashtags":[],"geo":"","raw":"다음에도 또 시킬것 같네요 감사합니다","polarity":{"com":0.001785714249553571,"pos":0.3262987011684253,"neg":0.423051948144237,"neut":0.026298701243425326,"none":0.22256493519435877},"intensity":{"high":0.28571428574999996,"low":0.02857142849999999,"meium":0.46314935049999995,"none":0.22256493524999996},"expressive":{"dir-action":0,"dir-explicit":0.11461038969269483,"dir-speech":0.6204545451897727,"indirect":0.04415584422792209,"writing-device":0.2207792208896104}},{"id":"혼술식당-본점","permalink":"","username":"asdfg","text":"짱맛잇어요\n양도 푸짐해서 오늘 또 시키는데\n리뷰 안썻길래 남겨요\n단골될듯","date":"Mon Dec 10 23:59:44 +0000 2018","retweets":"30","favorites":"20","mentions":[],"hashtags":[],"geo":"","raw":"짱맛잇어요\n양도 푸짐해서 오늘 또 시키는데\n리뷰 안썻길래 남겨요\n단골될듯","polarity":{"com":0.004452411571428572,"pos":0.5432984004285715,"neg":0.24715940428571434,"neut":0.054378868571428575,"none":0.15071091514285714},"intensity":{"high":0.03671017956618426,"low":0.14738616169323054,"meium":0.664763743190748,"none":0.15113991554983716},"expressive":{"dir-action":0.0004290004285101428,"dir-explicit":0.11536434398351937,"dir-speech":0.38225776794539174,"indirect":0.33142121709551126,"writing-device":0.17052767054706744}},{"id":"혼술식당-본점","permalink":"","username":"asdfg","text":"맛있네요~스테이크 코로케 굿굿\n옛날도시락도 맛있긴한데 고기에서 살짝 누린맛이 났어요 다음엔 더 맛있어지길바랍니다~","date":"Mon Dec 10 23:59:44 +0000 2018","retweets":"30","favorites":"20","mentions":[],"hashtags":[],"geo":"","raw":"맛있네요~스테이크 코로케 굿굿\n옛날도시락도 맛있긴한데 고기에서 살짝 누린맛이 났어요 다음엔 더 맛있어지길바랍니다~","polarity":{"com":0.0005952380833829366,"pos":0.547656203545638,"neg":0.3566271328630523,"neut":0.01474496158456208,"none":0.08037646392336471},"intensity":{"high":0.10664496759222042,"low":0.11831639017652636,"meium":0.6946621783078886,"none":0.0803764639233647},"expressive":{"dir-action":0,"dir-explicit":0.18654211996890968,"dir-speech":0.4786962725035506,"indirect":0.243358004876107,"writing-device":0.09140360265143273}},{"id":"혼술식당-본점","permalink":"","username":"asdfg","text":"굉장히 맛있어요. 추천합니다","date":"Mon Dec 10 23:59:44 +0000 2018","retweets":"30","favorites":"20","mentions":[],"hashtags":[],"geo":"","raw":"굉장히 맛있어요. 추천합니다","polarity":{"com":0,"pos":0.5,"neg":0.5,"neut":0,"none":0},"intensity":{"high":0.25,"low":0,"meium":0.75,"none":0},"expressive":{"dir-action":0,"dir-explicit":0,"dir-speech":0.5,"indirect":0.5,"writing-device":0}},{"id":"혼술식당-본점","permalink":"","username":"asdfg","text":"일단 계란찜이 포장요기애ㅜ담겨서 약간 찝찝..(포장용기 그대로 전자렌지 돌린듯한... 환경호르몬 느낌 강함..) 두부김치에 쓰인 돼지고기 퍽퍽 그 자체.... 고기질..별로... 다시 시켜먹을 생각 없어요","date":"Mon Dec 10 23:59:44 +0000 2018","retweets":"30","favorites":"20","mentions":[],"hashtags":[],"geo":"","raw":"일단 계란찜이 포장요기애ㅜ담겨서 약간 찝찝..(포장용기 그대로 전자렌지 돌린듯한... 환경호르몬 느낌 강함..) 두부김치에 쓰인 돼지고기 퍽퍽 그 자체.... 고기질..별로... 다시 시켜먹을 생각 없어요","polarity":{"com":0.002569750333333333,"pos":0.34262333050000005,"neg":0.40218690999999995,"neut":0.11150881058333333,"none":0.14111119858333335},"intensity":{"high":0.07858570492321547,"low":0.10036506767503044,"meium":0.6795709216399642,"none":0.14147830576178988},"expressive":{"dir-action":0.0003671071666972589,"dir-explicit":0.35451469011287623,"dir-speech":0.4009691921167474,"indirect":0.10267070484188923,"writing-device":0.14147830576178988}},{"id":"혼술식당-본점","permalink":"","username":"asdfg","text":"쫄뱅인 리뷰처럼 양과 맛이 훌륭하구요^^\n타코와사비에 야채가 마너서 첨엔 살짝 당황했는데 먹어보니 더 쪼아요~\n모찌리도후는 모찌모찌한것이 ㅋㅋㅋ 술안주로 짱입니당~\n배달비는 재공지하셔야겠네욤~워낙 가성비가 조으니 홧팅하세욤","date":"Mon Dec 10 23:59:44 +0000 2018","retweets":"30","favorites":"20","mentions":[],"hashtags":[],"geo":"","raw":"쫄뱅인 리뷰처럼 양과 맛이 훌륭하구요^^\n타코와사비에 야채가 마너서 첨엔 살짝 당황했는데 먹어보니 더 쪼아요~\n모찌리도후는 모찌모찌한것이 ㅋㅋㅋ 술안주로 짱입니당~\n배달비는 재공지하셔야겠네욤~워낙 가성비가 조으니 홧팅하세욤","polarity":{"com":0.008875411429416709,"pos":0.4730755575688643,"neg":0.3702760965114548,"neut":0.05369460081463759,"none":0.09407833367562651},"intensity":{"high":0.10802388066666667,"low":0.22373778823809526,"meium":0.572204723047619,"none":0.09603360804761903},"expressive":{"dir-action":0.0015145603810245026,"dir-explicit":0.2551603110121505,"dir-speech":0.4210904688771947,"indirect":0.22498993453452332,"writing-device":0.09724472519510688}},{"id":"혼술식당-본점","permalink":"","username":"asdfg","text":"처음 시켜 봤는데 맛있어요. 강추합니다.","date":"Mon Dec 10 23:59:44 +0000 2018","retweets":"30","favorites":"20","mentions":[],"hashtags":[],"geo":"","raw":"처음 시켜 봤는데 맛있어요. 강추합니다.","polarity":{"com":0.05407066064864311,"pos":0.3149001535617,"neg":0.5461341524846219,"neut":0.02795698932401434,"none":0.05693804398102066},"intensity":{"high":0.046594982,"low":0.03870967733333333,"meium":0.8570404506666667,"none":0.05765488999999999},"expressive":{"dir-action":0.002150537665949821,"dir-explicit":0.19989759360003417,"dir-speech":0.5743983614752006,"indirect":0.16661546327779486,"writing-device":0.05693804398102066}},{"id":"혼술식당-본점","permalink":"","username":"asdfg","text":"야식으로 제육두부김치 시켰는데 너무 맛있었어요! 처음 시켜봤는데 너무 성공적이여서 기분 좋게 맛있게 먹었네요ㅎㅎ","date":"Mon Dec 10 23:59:44 +0000 2018","retweets":"30","favorites":"20","mentions":[],"hashtags":[],"geo":"","raw":"야식으로 제육두부김치 시켰는데 너무 맛있었어요! 처음 시켜봤는데 너무 성공적이여서 기분 좋게 맛있게 먹었네요ㅎㅎ","polarity":{"com":0.06562977613348146,"pos":0.2113338728269523,"neg":0.6173544306260922,"neut":0.08401510384514069,"none":0.02166681656833331},"intensity":{"high":0.14322175273474594,"low":0.09144215687020602,"meium":0.7430399472490057,"none":0.0222961431460423},"expressive":{"dir-action":0.0006293265714285714,"dir-explicit":0.36641293799999997,"dir-speech":0.5198587512857142,"indirect":0.09080284100000001,"writing-device":0.02229614314285714}},{"id":"혼술식당-본점","permalink":"","username":"asdfg","text":"배달비가 따로붇네요..미리써놨으면  어땟을까요..단돈 천원이지만 기분은 썩좋진않네요..양은 많았어요..스테이크에서 무슨 양고기 비스무리한 냄새나구..사람이다르듯 입맛도 다른가봐요\n리뷰보고 기대를 너무많이 했네요","date":"Mon Dec 10 23:59:44 +0000 2018","retweets":"30","favorites":"20","mentions":[],"hashtags":[],"geo":"","raw":"배달비가 따로붇네요..미리써놨으면  어땟을까요..단돈 천원이지만 기분은 썩좋진않네요..양은 많았어요..스테이크에서 무슨 양고기 비스무리한 냄새나구..사람이다르듯 입맛도 다른가봐요\n리뷰보고 기대를 너무많이 했네요","polarity":{"com":0.003085844562692865,"pos":0.4681162259042572,"neg":0.36123132252257695,"neut":0.11723794600732736,"none":0.050328661003145536},"intensity":{"high":0.13954676200872165,"low":0.10506990131906686,"meium":0.7049202670440575,"none":0.050463069628153945},"expressive":{"dir-action":0.03733504399766656,"dir-explicit":0.2042270427997358,"dir-speech":0.4505849529093385,"indirect":0.25575317417151544,"writing-device":0.05209978612174376}},{"id":"혼술식당-본점","permalink":"","username":"asdfg","text":"맛있게 잘먹었습니다!!","date":"Mon Dec 10 23:59:44 +0000 2018","retweets":"30","favorites":"20","mentions":[],"hashtags":[],"geo":"","raw":"맛있게 잘먹었습니다!!","polarity":{"com":0,"pos":0.35714285717857136,"neg":0.6071428573035714,"neut":0.03571428551785714,"none":0},"intensity":{"high":0,"low":0.107142857,"meium":0.8928571430000001,"none":0},"expressive":{"dir-action":0,"dir-explicit":0.107142857,"dir-speech":0.5714285715,"indirect":0.3214285715,"writing-device":0}},{"id":"혼술식당-본점","permalink":"","username":"asdfg","text":"굿.","date":"Mon Dec 10 23:59:44 +0000 2018","retweets":"30","favorites":"20","mentions":[],"hashtags":[],"geo":"","raw":"굿.........","polarity":{"com":0,"pos":1,"neg":0,"neut":0,"none":0},"intensity":{"high":0,"low":0,"meium":1,"none":0},"expressive":{"dir-action":0,"dir-explicit":0,"dir-speech":0,"indirect":1,"writing-device":0}},{"id":"혼술식당-본점","permalink":"","username":"asdfg","text":"양도 많고 맛있네요 다음번에 다른 메뉴도 먹어봐야겠어요","date":"Mon Dec 10 23:59:44 +0000 2018","retweets":"30","favorites":"20","mentions":[],"hashtags":[],"geo":"","raw":"양도 많고 맛있네요 다음번에 다른 메뉴도 먹어봐야겠어요","polarity":{"com":0.002380952333333333,"pos":0.201863354,"neg":0.63126294,"neut":0.01925465833333333,"none":0.14523809533333334},"intensity":{"high":0.13457556937819184,"low":0.11055900603685301,"meium":0.6096273292032091,"none":0.14523809538174604},"expressive":{"dir-action":0,"dir-explicit":0.23581780533333338,"dir-speech":0.5057971013333333,"indirect":0.11552795033333334,"writing-device":0.142857143}},{"id":"혼술식당-본점","permalink":"","username":"asdfg","text":"꽃게탕 진짜 맛잇게먹엇어요ㅎㅎ","date":"Mon Dec 10 23:59:44 +0000 2018","retweets":"30","favorites":"20","mentions":[],"hashtags":[],"geo":"","raw":"꽃게탕 진짜 맛잇게먹엇어요ㅎㅎ","polarity":{"com":null,"pos":null,"neg":null,"neut":null,"none":null},"intensity":{"high":null,"low":null,"meium":null,"none":null},"expressive":{"dir-action":null,"dir-explicit":null,"dir-speech":null,"indirect":null,"writing-device":null}},{"id":"혼술식당-본점","permalink":"","username":"asdfg","text":"맛있게 잘 먹었습니다","date":"Mon Dec 10 23:59:44 +0000 2018","retweets":"30","favorites":"20","mentions":[],"hashtags":[],"geo":"","raw":"맛있게 잘 먹었습니다","polarity":{"com":0,"pos":0.35714285717857136,"neg":0.6071428573035714,"neut":0.03571428551785714,"none":0},"intensity":{"high":0,"low":0.107142857,"meium":0.8928571430000001,"none":0},"expressive":{"dir-action":0,"dir-explicit":0.107142857,"dir-speech":0.5714285715,"indirect":0.3214285715,"writing-device":0}},{"id":"혼술식당-본점","permalink":"","username":"asdfg","text":"빠른건좋지만...이건좀..ㅋㅋ","date":"Mon Dec 10 23:59:44 +0000 2018","retweets":"30","favorites":"20","mentions":[],"hashtags":[],"geo":"","raw":"빠른건좋지만...이건좀..ㅋㅋ","polarity":{"com":0.0093370682,"pos":0.7087432306,"neg":0.11434920639999999,"neut":0.0309990662,"none":0.1365714286},"intensity":{"high":0.07818860861563771,"low":0.10687955162137591,"meium":0.678360411135672,"none":0.13657142862731428},"expressive":{"dir-action":0,"dir-explicit":0.32016806740000003,"dir-speech":0.26718954240000004,"indirect":0.2673874884,"writing-device":0.1452549018}},{"id":"혼술식당-본점","permalink":"","username":"asdfg","text":"배달 정말 빨리왓구\n양도 엄청 푸짐하고\n소고기 진짜 진짜 맛있어요\n같이 있는 웨지 감자도 존맛탱👍\n담번에 또 시켜먹울거에요👊","date":"Mon Dec 10 23:59:44 +0000 2018","retweets":"30","favorites":"20","mentions":[],"hashtags":[],"geo":"","raw":"배달 정말 빨리왓구\n양도 엄청 푸짐하고\n소고기 진짜 진짜 맛있어요\n같이 있는 웨지 감자도 존맛탱👍\n담번에 또 시켜먹울거에요👊","polarity":{"com":0.003116688099688331,"pos":0.4219755469578024,"neg":0.36884491636311545,"neut":0.1172318746882768,"none":0.0888309738911169},"intensity":{"high":0.1131971257,"low":0.0698369798,"meium":0.7278346203,"none":0.0891312742},"expressive":{"dir-action":0.00030030029996996996,"dir-explicit":0.13908837408609118,"dir-speech":0.5800804375419919,"indirect":0.17782818538221717,"writing-device":0.10270270268972972}},{"id":"혼술식당-본점","permalink":"","username":"asdfg","text":"배달 너무 빨라서 놀랐어요!!","date":"Mon Dec 10 23:59:44 +0000 2018","retweets":"30","favorites":"20","mentions":[],"hashtags":[],"geo":"","raw":"배달 너무 빨라서 놀랐어요!!","polarity":{"com":0,"pos":0.6666666666666666,"neg":0,"neut":0.3333333333333333,"none":0},"intensity":{"high":0,"low":0.111111111,"meium":0.888888889,"none":0},"expressive":{"dir-action":0,"dir-explicit":0,"dir-speech":0.3333333333333333,"indirect":0.6666666666666666,"writing-device":0}},{"id":"혼술식당-본점","permalink":"","username":"asdfg","text":"너무 맛있었어요!!","date":"Mon Dec 10 23:59:44 +0000 2018","retweets":"30","favorites":"20","mentions":[],"hashtags":[],"geo":"","raw":"너무 맛있었어요!!","polarity":{"com":0.142857143,"pos":0.142857143,"neg":0.714285714,"neut":0,"none":0},"intensity":{"high":0.142857143,"low":0.142857143,"meium":0.714285714,"none":0},"expressive":{"dir-action":0,"dir-explicit":0.5714285710000001,"dir-speech":0.28571428600000004,"indirect":0.14285714300000002,"writing-device":0}},{"id":"혼술식당-본점","permalink":"","username":"asdfg","text":"매번 변함없이 맛있습니다..","date":"Mon Dec 10 23:59:44 +0000 2018","retweets":"30","favorites":"20","mentions":[],"hashtags":[],"geo":"","raw":"매번 변함없이 맛있습니다..","polarity":{"com":0,"pos":0,"neg":1,"neut":0,"none":0},"intensity":{"high":0,"low":0,"meium":1,"none":0},"expressive":{"dir-action":0,"dir-explicit":0,"dir-speech":1,"indirect":0,"writing-device":0}},{"id":"혼술식당-본점","permalink":"","username":"asdfg","text":"verry  god^^","date":"Mon Dec 10 23:59:44 +0000 2018","retweets":"30","favorites":"20","mentions":[],"hashtags":[],"geo":"","raw":"verry  goooooooooooooood^^","polarity":{"com":null,"pos":null,"neg":null,"neut":null,"none":null},"intensity":{"high":null,"low":null,"meium":null,"none":null},"expressive":{"dir-action":null,"dir-explicit":null,"dir-speech":null,"indirect":null,"writing-device":null}},{"id":"혼술식당-본점","permalink":"","username":"asdfg","text":"양이 진짜 너무 많아요 엄청엄청 많음. 근데 맛은 좀 평범해서 아쉬웟러요","date":"Mon Dec 10 23:59:44 +0000 2018","retweets":"30","favorites":"20","mentions":[],"hashtags":[],"geo":"","raw":"양이 진짜 너무 많아요 엄청엄청 많음. 근데 맛은 좀 평범해서 아쉬웟러요","polarity":{"com":0.0038709677999999997,"pos":0.5814866760000001,"neg":0.38358111260000005,"neut":0.0254698458,"none":0.0055913978},"intensity":{"high":0.08013090221602617,"low":0.0667040672133408,"meium":0.8471435251694286,"none":0.0060215054012043},"expressive":{"dir-action":0.0012903226002580646,"dir-explicit":0.24714352504942874,"dir-speech":0.6224029921244807,"indirect":0.12357176242471436,"writing-device":0.00559139780111828}},{"id":"혼술식당-본점","permalink":"","username":"asdfg","text":"오늘은 다른 날 보다 배달이 좀 많이 늦었네욥8ㅅ8..\n그치만 맛있습니당!! 12일에 처음 시켜먹었는데 벌써 3번째 주문이면 말 다한거 아닙니꽈!!!!!ㅎ-ㅎ","date":"Mon Dec 10 23:59:44 +0000 2018","retweets":"30","favorites":"20","mentions":[],"hashtags":[],"geo":"","raw":"오늘은 다른 날 보다 배달이 좀 많이 늦었네욥8ㅅ8..\n그치만 맛있습니당!! 12일에 처음 시켜먹었는데 벌써 3번째 주문이면 말 다한거 아닙니꽈!!!!!ㅎ-ㅎ","polarity":{"com":0.05075433046153846,"pos":0.35620442130769236,"neg":0.4852307140769231,"neut":0.015099343615384616,"none":0.09271119053846154},"intensity":{"high":0.03280624923076923,"low":0.044289550769230766,"meium":0.8301930094615385,"none":0.09271119053846154},"expressive":{"dir-action":0,"dir-explicit":0.2309603671183138,"dir-speech":0.4509863259306175,"indirect":0.18885296458633036,"writing-device":0.12920034236473843}},{"id":"혼술식당-본점","permalink":"","username":"asdfg","text":"잘먹었습니다 빠른배달도 감사합니다","date":"Mon Dec 10 23:59:44 +0000 2018","retweets":"30","favorites":"20","mentions":[],"hashtags":[],"geo":"","raw":"잘먹었습니다 빠른배달도 감사합니다","polarity":{"com":0,"pos":0.9285714287321428,"neg":0.05357142851339285,"neut":0.017857142754464286,"none":0},"intensity":{"high":0.25,"low":0.13690476175,"meium":0.61309523825,"none":0},"expressive":{"dir-action":0,"dir-explicit":0.0535714285,"dir-speech":0.53571428575,"indirect":0.41071428575,"writing-device":0}},{"id":"혼술식당-본점","permalink":"","username":"asdfg","text":"항상 배달도 빠르고 쫄뱅이 양 많구 맛있었어용!!","date":"Mon Dec 10 23:59:44 +0000 2018","retweets":"30","favorites":"20","mentions":[],"hashtags":[],"geo":"","raw":"항상 배달도 빠르고 쫄뱅이 양 많구 맛있었어용!!","polarity":{"com":0.0075959722,"pos":0.4074616248,"neg":0.46686349079999995,"neut":0.029173940399999997,"none":0.0889049718},"intensity":{"high":0.10189071604075627,"low":0.09276712163710683,"meium":0.7155561332862225,"none":0.0897860290359144},"expressive":{"dir-action":0.0008810572001762114,"dir-explicit":0.32431006646486205,"dir-speech":0.475724956895145,"indirect":0.11072646182214531,"writing-device":0.0883574576176715}},{"id":"혼술식당-본점","permalink":"","username":"asdfg","text":"집도 너무가깝고 리뷰보고 주문햇는데\n양념이 오래된건지 냄새나고 변했더라구요ㅜㅜ\n양념이 싱싱햇음 좋았을거같아요\n비주얼은 갑이었는데 아쉽넹ㆍ느","date":"Mon Dec 10 23:59:44 +0000 2018","retweets":"30","favorites":"20","mentions":[],"hashtags":[],"geo":"","raw":"집도 너무가깝고 리뷰보고 주문햇는데\n양념이 오래된건지 냄새나고 변했더라구요ㅜㅜ\n양념이 싱싱햇음 좋았을거같아요\n비주얼은 갑이었는데 아쉽넹ㆍ느","polarity":{"com":0.009946343416666665,"pos":0.49136815108333326,"neg":0.3819297566666667,"neut":0.028110609416666665,"none":0.08864513941666667},"intensity":{"high":0.07153806518455118,"low":0.18959843129739962,"meium":0.6494841497457042,"none":0.08937935377234484},"expressive":{"dir-action":0.0007342143334557024,"dir-explicit":0.4407591249067932,"dir-speech":0.250783614458464,"indirect":0.13040018177173335,"writing-device":0.17732286452955381}},{"id":"혼술식당-본점","permalink":"","username":"asdfg","text":"전 갠적으로 육회보단 스테이크가 더 맛있는듯욤^^","date":"Mon Dec 10 23:59:44 +0000 2018","retweets":"30","favorites":"20","mentions":[],"hashtags":[],"geo":"","raw":"전 갠적으로 육회보단 스테이크가 더 맛있는듯욤^^","polarity":{"com":0.030844155806168828,"pos":0.14577922082915581,"neg":0.5746753247149351,"neut":0.22516233764503243,"none":0.023538961004707787},"intensity":{"high":0.050324675400000005,"low":0.23051948039999998,"meium":0.6938311688000001,"none":0.025324675399999996},"expressive":{"dir-action":0,"dir-explicit":0.084090909,"dir-speech":0.8170454546,"indirect":0.0753246754,"writing-device":0.023538961}},{"id":"혼술식당-본점","permalink":"","username":"asdfg","text":"맛있어요......","date":"Mon Dec 10 23:59:44 +0000 2018","retweets":"30","favorites":"20","mentions":[],"hashtags":[],"geo":"","raw":"맛있어요......","polarity":{"com":0,"pos":0,"neg":1,"neut":0,"none":0},"intensity":{"high":0,"low":0,"meium":1,"none":0},"expressive":{"dir-action":0,"dir-explicit":0,"dir-speech":1,"indirect":0,"writing-device":0}},{"id":"혼술식당-본점","permalink":"","username":"asdfg","text":"항상 빠른 배송 감사합니다!!!\n완전 육회에 빠져서 자주 시켜먹고있어요ㅋㅋㅋ\n다이어트는 망한 것 같지만요..휴ㅠㅠㅠㅠ\n친구들한테도 전파 열심히 하구 있어요ㅋㅋㅋㅋ\n혼자 망할 수는 없으니까요ㅋㅋ\n아! 그런데 항상 배민으로 시키다가 \n요기요 어플로는 처음 시켜봤는데 배송비도 처음 나왔어요. \n마땅히 지불해야 하는 비용은 지불 하고\n앞으로도 계속 배송비 내고 시켜먹을 생각입니다.\n(저 진상 아니에요ㅜㅜ..)\n그런데 운영관리 차원에서 일관성 있게 배달비 청구하시면\n더욱 좋을 것 같아서요 건의 드립니다.\n번창하세요!!!^^","date":"Mon Dec 10 23:59:44 +0000 2018","retweets":"30","favorites":"20","mentions":[],"hashtags":[],"geo":"","raw":"항상 빠른 배송 감사합니다!!!\n완전 육회에 빠져서 자주 시켜먹고있어요ㅋㅋㅋ\n다이어트는 망한 것 같지만요..휴ㅠㅠㅠㅠ\n친구들한테도 전파 열심히 하구 있어요ㅋㅋㅋㅋ\n혼자 망할 수는 없으니까요ㅋㅋ\n아! 그런데 항상 배민으로 시키다가 \n요기요 어플로는 처음 시켜봤는데 배송비도 처음 나왔어요. \n마땅히 지불해야 하는 비용은 지불 하고\n앞으로도 계속 배송비 내고 시켜먹을 생각입니다.\n(저 진상 아니에요ㅜㅜ..)\n그런데 운영관리 차원에서 일관성 있게 배달비 청구하시면\n더욱 좋을 것 같아서요 건의 드립니다.\n번창하세요!!!^^","polarity":{"com":0.007131778913674418,"pos":0.4447507484475929,"neg":0.39642313759459225,"neut":0.02825475825472102,"none":0.12343957678941948},"intensity":{"high":0.15092779467708983,"low":0.138536997020655,"meium":0.5859018504808056,"none":0.12463335782144955},"expressive":{"dir-action":0.0010254780571135576,"dir-explicit":0.2359469749361158,"dir-speech":0.3649609411610011,"indirect":0.26837784859233205,"writing-device":0.12968875725343745}},{"id":"혼술식당-본점","permalink":"","username":"asdfg","text":"맛있습니다!! 고기 부드럽고 옛날 도시락 양 많고","date":"Mon Dec 10 23:59:44 +0000 2018","retweets":"30","favorites":"20","mentions":[],"hashtags":[],"geo":"","raw":"맛있습니다!! 고기 부드럽고 옛날 도시락 양 많고","polarity":{"com":0,"pos":0.13043478266666667,"neg":0.5217391303333333,"neut":0.347826087,"none":0},"intensity":{"high":0.08695652169565217,"low":0.07246376802415458,"meium":0.8405797102801932,"none":0},"expressive":{"dir-action":0,"dir-explicit":0.17391304339130437,"dir-speech":0.7391304349130435,"indirect":0.08695652169565218,"writing-device":0}},{"id":"혼술식당-본점","permalink":"","username":"asdfg","text":"아주맛나요 이제 이사해서 먹구싶어도 못먹겠네요ㅜㅜ","date":"Mon Dec 10 23:59:44 +0000 2018","retweets":"30","favorites":"20","mentions":[],"hashtags":[],"geo":"","raw":"아주맛나요 이제 이사해서 먹구싶어도 못먹겠네요ㅜㅜ","polarity":{"com":0.011559139833333336,"pos":0.4374103941666667,"neg":0.5323924731666667,"neut":0.013978494666666669,"none":0.004659498166666667},"intensity":{"high":0.19598267616666668,"low":0.064725209,"meium":0.7342741936666667,"none":0.005017921166666666},"expressive":{"dir-action":0.0010752688333333334,"dir-explicit":0.1477001195,"dir-speech":0.570400239,"indirect":0.2761648745,"writing-device":0.004659498166666667}},{"id":"혼술식당-본점","permalink":"","username":"asdfg","text":"옛날도시락 맛있었구요\n스테이크도 좀 얇는두께지만 부드럽고 소스도 맛도 좋더라구요\n양파가 많이 들어있었지만 그것도 좋았어요","date":"Mon Dec 10 23:59:44 +0000 2018","retweets":"30","favorites":"20","mentions":[],"hashtags":[],"geo":"","raw":"옛날도시락 맛있었구요\n스테이크도 좀 얇는두께지만 부드럽고 소스도 맛도 좋더라구요\n양파가 많이 들어있었지만 그것도 좋았어요","polarity":{"com":0.0017857142500000002,"pos":0.460238095125,"neg":0.364920635125,"neut":0.059126984,"none":0.11392857149999999},"intensity":{"high":0.060714285750000006,"low":0.10301587300000001,"meium":0.72234126975,"none":0.11392857149999999},"expressive":{"dir-action":0,"dir-explicit":0.3992063491501984,"dir-speech":0.4194444443951389,"indirect":0.06920634923269842,"writing-device":0.11214285722196429}},{"id":"혼술식당-본점","permalink":"","username":"asdfg","text":"육회 생각보다 맛있어요\n다음에 또 시켜먹을게요","date":"Mon Dec 10 23:59:44 +0000 2018","retweets":"30","favorites":"20","mentions":[],"hashtags":[],"geo":"","raw":"육회 생각보다 맛있어요\n다음에 또 시켜먹을게요","polarity":{"com":0,"pos":0.17023809516595237,"neg":0.6857142856628572,"neut":0.04999999999,"none":0.09404761918119048},"intensity":{"high":0.0388888888,"low":0.0944444444,"meium":0.7726190476,"none":0.0940476192},"expressive":{"dir-action":0,"dir-explicit":0.148015873,"dir-speech":0.7043650794,"indirect":0.025,"writing-device":0.1226190476}},{"id":"혼술식당-본점","permalink":"","username":"asdfg","text":"여기는 왜 하나같이 콩나물에 쉰내가 나나요?낚지볶음 니킨거에도 열자마자 콩나물 쉰내가\n다버렸어요 전에도 어떤음식 시킨거에 콩나물 쉰내나서 다버렸는데 이번에도 그러네요","date":"Mon Dec 10 23:59:44 +0000 2018","retweets":"30","favorites":"20","mentions":[],"hashtags":[],"geo":"","raw":"여기는 왜 하나같이 콩나물에 쉰내가 나나요?낚지볶음 니킨거에도 열자마자 콩나물 쉰내가\n다버렸어요 전에도 어떤음식 시킨거에 콩나물 쉰내나서 다버렸는데 이번에도 그러네요","polarity":{"com":0.006377551,"pos":0.19056122442857143,"neg":0.6071428572142857,"neut":0.08022959178571427,"none":0.11568877557142856},"intensity":{"high":0.13750000006160715,"low":0.1071428570637755,"meium":0.6390306121686407,"none":0.11632653070597668},"expressive":{"dir-action":0,"dir-explicit":0.24719387757223035,"dir-speech":0.4534438774418731,"indirect":0.113775510253207,"writing-device":0.18558673473268952}},{"id":"혼술식당-본점","permalink":"","username":"asdfg","text":"사장님 넘나 친절하시구,,,,, 서울 올라와서 유일하게 시키는 집이에용ㅎㅎㅎㅎㅎ 야끼소바 여전히 맛나용 사업 번창하세요^^!!! 음식은 다 먹구...?","date":"Mon Dec 10 23:59:44 +0000 2018","retweets":"30","favorites":"20","mentions":[],"hashtags":[],"geo":"","raw":"사장님 넘나 친절하시구,,,,, 서울 올라와서 유일하게 시키는 집이에용ㅎㅎㅎㅎㅎ 야끼소바 여전히 맛나용 사업 번창하세요^^!!! 음식은 다 먹구...?","polarity":{"com":0.004537999,"pos":0.484007654375,"neg":0.322334609125,"neut":0.014721159125000001,"none":0.174398578375},"intensity":{"high":0.08574053813571758,"low":0.1842430592730304,"meium":0.5553490069444186,"none":0.17466739564683342},"expressive":{"dir-action":0.08413978501051747,"dir-explicit":0.1425900613928238,"dir-speech":0.24563210015570405,"indirect":0.353239475044155,"writing-device":0.1743985783967998}},{"id":"혼술식당-본점","permalink":"","username":"asdfg","text":"배달은 진짜 엄청 빠르구요!! 육회는 맛있지만 메밀전병은 맛 없진 않아요..!","date":"Mon Dec 10 23:59:44 +0000 2018","retweets":"30","favorites":"20","mentions":[],"hashtags":[],"geo":"","raw":"배달은 진짜 엄청 빠르구요!! 육회는 맛있지만 메밀전병은 맛 없진 않아요..!","polarity":{"com":0.0060611048353537015,"pos":0.5324560555108188,"neg":0.3612380101204126,"neut":0.04548636401516212,"none":0.05475846551825282},"intensity":{"high":0.06474799166666666,"low":0.17370073466666666,"meium":0.7051746851666666,"none":0.0563765885},"expressive":{"dir-action":0,"dir-explicit":0.1693052041666667,"dir-speech":0.5177079335,"indirect":0.24808302250000003,"writing-device":0.06490383983333332}},{"id":"혼술식당-본점","permalink":"","username":"asdfg","text":"맛있어요......","date":"Mon Dec 10 23:59:44 +0000 2018","retweets":"30","favorites":"20","mentions":[],"hashtags":[],"geo":"","raw":"맛있어요......","polarity":{"com":0,"pos":0,"neg":1,"neut":0,"none":0},"intensity":{"high":0,"low":0,"meium":1,"none":0},"expressive":{"dir-action":0,"dir-explicit":0,"dir-speech":1,"indirect":0,"writing-device":0}},{"id":"혼술식당-본점","permalink":"","username":"asdfg","text":"너무맛있었네요 또시킬게요","date":"Mon Dec 10 23:59:44 +0000 2018","retweets":"30","favorites":"20","mentions":[],"hashtags":[],"geo":"","raw":"너무맛있었네요 또시킬게요","polarity":{"com":0.0714285714642857,"pos":0.1428571429285714,"neg":0.5714285712142857,"neut":0,"none":0.21428571439285712},"intensity":{"high":0.0714285715,"low":0.0714285715,"meium":0.6428571425,"none":0.2142857145},"expressive":{"dir-action":0,"dir-explicit":0.357142857,"dir-speech":0.285714286,"indirect":0.0714285715,"writing-device":0.2857142855}},{"id":"혼술식당-본점","permalink":"","username":"asdfg","text":"소고기 스테이크 맛나구여 도시락은 맛보다는 양이 괜찮아요~","date":"Mon Dec 10 23:59:44 +0000 2018","retweets":"30","favorites":"20","mentions":[],"hashtags":[],"geo":"","raw":"소고기 스테이크 맛나구여 도시락은 맛보다는 양이 괜찮아요~","polarity":{"com":0.00847457650423729,"pos":0.33669626016834814,"neg":0.5336292712668147,"neut":0.0645682000322841,"none":0.05663169202831585},"intensity":{"high":0.06672047353336025,"low":0.1868442290934221,"meium":0.6898036053449019,"none":0.05663169202831585},"expressive":{"dir-action":0,"dir-explicit":0.21495830000000002,"dir-speech":0.6129943505000001,"indirect":0.10747914950000001,"writing-device":0.0645682}},{"id":"혼술식당-본점","permalink":"","username":"asdfg","text":"고로케도 바삭바삭 하고 육회도 맛있어요~","date":"Mon Dec 10 23:59:44 +0000 2018","retweets":"30","favorites":"20","mentions":[],"hashtags":[],"geo":"","raw":"고로케도 바삭바삭 하고 육회도 맛있어요~","polarity":{"com":0.008593322333333332,"pos":0.250136836,"neg":0.3531472363333334,"neut":0.03251231500000001,"none":0.35561029033333336},"intensity":{"high":0.13355227162214922,"low":0.11833606996055464,"meium":0.38866995053711,"none":0.3594417078801861},"expressive":{"dir-action":0.003831417665389527,"dir-explicit":0.17744937060751687,"dir-speech":0.33793103422068965,"indirect":0.11844553929385146,"writing-device":0.3623426382125524}},{"id":"혼술식당-본점","permalink":"","username":"asdfg","text":"야식은 역시 혼술식당!","date":"Mon Dec 10 23:59:44 +0000 2018","retweets":"30","favorites":"20","mentions":[],"hashtags":[],"geo":"","raw":"야식은 역시 혼술식당!","polarity":{"com":0.0084745765,"pos":0.42796610150000003,"neg":0.529661017,"neut":0.0169491525,"none":0.0169491525},"intensity":{"high":0.05084745752542373,"low":0.06779661003389831,"meium":0.8644067799322034,"none":0.016949152508474577},"expressive":{"dir-action":0,"dir-explicit":0.38559322050000006,"dir-speech":0.27966101700000007,"indirect":0.31779661000000003,"writing-device":0.016949152500000002}},{"id":"혼술식당-본점","permalink":"","username":"asdfg","text":"15일날 주문해서 먹었는데, 진~짜 맛있게 잘먹었습니다.근데 이제발견한 저도 잘못이지만 배달하시는분 배달료 카드로1,000원 추가해서 결제하고, 현금으로 1,000원 또 받아가시고...결제하실때 분명히 알고 계셨을텐데...작은금액으로 맘이 상하네요.","date":"Mon Dec 10 23:59:44 +0000 2018","retweets":"30","favorites":"20","mentions":[],"hashtags":[],"geo":"","raw":"15일날 주문해서 먹었는데, 진~짜 맛있게 잘먹었습니다.근데 이제발견한 저도 잘못이지만 배달하시는분 배달료 카드로1,000원 추가해서 결제하고, 현금으로 1,000원 또 받아가시고...결제하실때 분명히 알고 계셨을텐데...작은금액으로 맘이 상하네요.","polarity":{"com":0.005697703157294979,"pos":0.5265732735761502,"neg":0.3362146241751353,"neut":0.04519234388997976,"none":0.0863220552014398},"intensity":{"high":0.06356820784545095,"low":0.13093305837531224,"meium":0.7184920765641312,"none":0.08700665721510562},"expressive":{"dir-action":0.0015900914736842104,"dir-explicit":0.20810112789473686,"dir-speech":0.4962050259473683,"indirect":0.19524635636842103,"writing-device":0.09885739831578945}},{"id":"혼술식당-본점","permalink":"","username":"asdfg","text":"맛도 양도 진짜 좋은데 소스통 옆이 찌그러져서 봉투안에 난리가 나서 왔어요..ㅜ","date":"Mon Dec 10 23:59:44 +0000 2018","retweets":"30","favorites":"20","mentions":[],"hashtags":[],"geo":"","raw":"맛도 양도 진짜 좋은데 소스통 옆이 찌그러져서 봉투안에 난리가 나서 왔어요..ㅜ","polarity":{"com":0.004405286285714287,"pos":0.560449519,"neg":0.39517756000000004,"neut":0.03299469571428572,"none":0.006972939000000001},"intensity":{"high":0.23755281846250756,"low":0.1878593904554085,"meium":0.5669855255095694,"none":0.00760226557251461},"expressive":{"dir-action":0.0006293265714285714,"dir-explicit":0.23670772271428572,"dir-speech":0.5903802931428571,"indirect":0.16468039199999998,"writing-device":0.007602265571428572}},{"id":"혼술식당-본점","permalink":"","username":"asdfg","text":"역시 계속 맛있네용","date":"Mon Dec 10 23:59:44 +0000 2018","retweets":"30","favorites":"20","mentions":[],"hashtags":[],"geo":"","raw":"역시 계속 맛있네용","polarity":{"com":0,"pos":0.16666666658333332,"neg":0.5000000002499999,"neut":0.16666666658333332,"none":0.16666666658333332},"intensity":{"high":0,"low":0.16666666658333332,"meium":0.6666666668333333,"none":0.16666666658333332},"expressive":{"dir-action":0,"dir-explicit":0.16666666658333332,"dir-speech":0.6666666668333333,"indirect":0,"writing-device":0.16666666658333332}},{"id":"혼술식당-본점","permalink":"","username":"asdfg","text":"배달도 빠르고 맛이 좋아요^^","date":"Mon Dec 10 23:59:44 +0000 2018","retweets":"30","favorites":"20","mentions":[],"hashtags":[],"geo":"","raw":"배달도 빠르고 맛이 좋아요^^","polarity":{"com":0,"pos":0.98,"neg":0.01,"neut":0,"none":0.01},"intensity":{"high":0.05,"low":0.09333333325,"meium":0.84666666675,"none":0.01},"expressive":{"dir-action":0,"dir-explicit":0.15,"dir-speech":0.55,"indirect":0.29,"writing-device":0.01}},{"id":"혼술식당-본점","permalink":"","username":"asdfg","text":"진짜진짜 맛있어요~~옛날도시락 스테이크 다 맛있어요","date":"Mon Dec 10 23:59:44 +0000 2018","retweets":"30","favorites":"20","mentions":[],"hashtags":[],"geo":"","raw":"진짜진짜 맛있어요~~옛날도시락 스테이크 다 맛있어요","polarity":{"com":0,"pos":0.35714285700000004,"neg":0.5000000000000001,"neut":0,"none":0.14285714300000002},"intensity":{"high":0.1428571429285714,"low":0,"meium":0.7142857141428571,"none":0.1428571429285714},"expressive":{"dir-action":0,"dir-explicit":0.21428571439285712,"dir-speech":0.6428571426785714,"indirect":0,"writing-device":0.1428571429285714}},{"id":"혼술식당-본점","permalink":"","username":"asdfg","text":"쫄뱅이 양은 많은데 골뱅이 몇개 없어요  꼬막비빔밥 짜고 맛별로에요","date":"Mon Dec 10 23:59:44 +0000 2018","retweets":"30","favorites":"20","mentions":[],"hashtags":[],"geo":"","raw":"쫄뱅이 양은 많은데 골뱅이 몇개 없어요  꼬막비빔밥 짜고 맛별로에요","polarity":{"com":0.012563620000000003,"pos":0.5067264762500001,"neg":0.39949475875000007,"neut":0.04503191925,"none":0.036183225750000006},"intensity":{"high":0.1474743520368686,"low":0.11165931827791484,"meium":0.7011545979252887,"none":0.03971173175992793},"expressive":{"dir-action":0.0011013215005506608,"dir-explicit":0.3407551281703776,"dir-speech":0.44805425447402714,"indirect":0.16552319508276161,"writing-device":0.04456610077228305}},{"id":"혼술식당-본점","permalink":"","username":"asdfg","text":"남편이랑 맛있어서 신나게 먹었어요!!","date":"Mon Dec 10 23:59:44 +0000 2018","retweets":"30","favorites":"20","mentions":[],"hashtags":[],"geo":"","raw":"남편이랑 맛있어서 신나게 먹었어요!!","polarity":{"com":0,"pos":0.19444444433333333,"neg":0.8055555556666666,"neut":0,"none":0},"intensity":{"high":0.037037037,"low":0.324074074,"meium":0.638888889,"none":0},"expressive":{"dir-action":0,"dir-explicit":0.074074074,"dir-speech":0.925925926,"indirect":0,"writing-device":0}},{"id":"혼술식당-본점","permalink":"","username":"asdfg","text":"혼술식당에 꽂혔어요~ 맛도 배달도 다 최고","date":"Mon Dec 10 23:59:44 +0000 2018","retweets":"30","favorites":"20","mentions":[],"hashtags":[],"geo":"","raw":"혼술식당에 꽂혔어요~ 맛도 배달도 다 최고","polarity":{"com":0,"pos":0.8035714285,"neg":0.125,"neut":0,"none":0.0714285715},"intensity":{"high":0.07142857148214285,"low":0,"meium":0.8571428570357142,"none":0.07142857148214285},"expressive":{"dir-action":0,"dir-explicit":0.23214285719196429,"dir-speech":0.5714285713571429,"indirect":0.12499999996875,"writing-device":0.07142857148214285}},{"id":"혼술식당-본점","permalink":"","username":"asdfg","text":"배달료 할증 1000원줬어요..","date":"Mon Dec 10 23:59:44 +0000 2018","retweets":"30","favorites":"20","mentions":[],"hashtags":[],"geo":"","raw":"배달료 할증 1000원줬어요..","polarity":{"com":0.0038314176666666665,"pos":0.6406130266666666,"neg":0.2674329503333333,"neut":0.02298850566666667,"none":0.06513409966666667},"intensity":{"high":0.03831417632056194,"low":0.04214559398595147,"meium":0.8505747123831418,"none":0.06896551731034482},"expressive":{"dir-action":0.003831417667943806,"dir-explicit":0.22030651340676882,"dir-speech":0.5045977011681992,"indirect":0.19463601539821201,"writing-device":0.07662835235887612}},{"id":"혼술식당-본점","permalink":"","username":"asdfg","text":"쫄뱅이\n최고! 맛있어요!!!","date":"Mon Dec 10 23:59:44 +0000 2018","retweets":"30","favorites":"20","mentions":[],"hashtags":[],"geo":"","raw":"쫄뱅이\n최고! 맛있어요!!!","polarity":{"com":0.030837004,"pos":0.431718062,"neg":0.440528634,"neut":0.088105727,"none":0.008810573},"intensity":{"high":0.10572687210572689,"low":0.13215859013215858,"meium":0.7488986787488987,"none":0.01321585901321586},"expressive":{"dir-action":0.004405286004405286,"dir-explicit":0.4140969164140969,"dir-speech":0.3612334803612335,"indirect":0.20704845820704845,"writing-device":0.01321585901321586}},{"id":"혼술식당-본점","permalink":"","username":"asdfg","text":"존맛탱 감사구리 양만 좀  ㅠ","date":"Mon Dec 10 23:59:44 +0000 2018","retweets":"30","favorites":"20","mentions":[],"hashtags":[],"geo":"","raw":"존맛탱 감사구리 양만 좀  ㅠ","polarity":{"com":0,"pos":1,"neg":0,"neut":0,"none":0},"intensity":{"high":0.3333333333333333,"low":0,"meium":0.6666666666666666,"none":0},"expressive":{"dir-action":0,"dir-explicit":0.13333333333333333,"dir-speech":0.8666666666666667,"indirect":0,"writing-device":0}},{"id":"혼술식당-본점","permalink":"","username":"asdfg","text":"맛있네요.배달도빨리오구요.","date":"Mon Dec 10 23:59:44 +0000 2018","retweets":"30","favorites":"20","mentions":[],"hashtags":[],"geo":"","raw":"맛있네요.배달도빨리오구요.","polarity":{"com":0,"pos":0.5,"neg":0.5,"neut":0,"none":0},"intensity":{"high":0,"low":0,"meium":1,"none":0},"expressive":{"dir-action":0,"dir-explicit":0.16666666666666666,"dir-speech":0.6666666666666666,"indirect":0.16666666666666666,"writing-device":0}},{"id":"혼술식당-본점","permalink":"","username":"asdfg","text":"배달도 빠르고 맛있어요","date":"Mon Dec 10 23:59:44 +0000 2018","retweets":"30","favorites":"20","mentions":[],"hashtags":[],"geo":"","raw":"배달도 빠르고 맛있어요","polarity":{"com":0,"pos":0.6666666666666666,"neg":0.3333333333333333,"neut":0,"none":0},"intensity":{"high":0,"low":0.111111111,"meium":0.888888889,"none":0},"expressive":{"dir-action":0,"dir-explicit":0,"dir-speech":0.6666666666666666,"indirect":0.3333333333333333,"writing-device":0}},{"id":"혼술식당-본점","permalink":"","username":"asdfg","text":"밤에 술안주로 최고입니다!","date":"Mon Dec 10 23:59:44 +0000 2018","retweets":"30","favorites":"20","mentions":[],"hashtags":[],"geo":"","raw":"밤에 술안주로 최고입니다!","polarity":{"com":0.125,"pos":0.625,"neg":0.125,"neut":0.125,"none":0},"intensity":{"high":0.625,"low":0,"meium":0.375,"none":0},"expressive":{"dir-action":0,"dir-explicit":0.125,"dir-speech":0.25,"indirect":0.625,"writing-device":0}},{"id":"혼술식당-본점","permalink":"","username":"asdfg","text":"스테이크 양이 계속줄고 감자 양파만 많아요","date":"Mon Dec 10 23:59:44 +0000 2018","retweets":"30","favorites":"20","mentions":[],"hashtags":[],"geo":"","raw":"스테이크 양이 계속줄고 감자 양파만 많아요","polarity":{"com":0,"pos":0.08974358954487177,"neg":0.6666666668333333,"neut":0.02564102551282051,"none":0.21794871810897434},"intensity":{"high":0.5512820515,"low":0.0256410255,"meium":0.205128205,"none":0.217948718},"expressive":{"dir-action":0,"dir-explicit":0.1153846155,"dir-speech":0.128205128,"indirect":0.5512820515,"writing-device":0.205128205}},{"id":"혼술식당-본점","permalink":"","username":"asdfg","text":"괜찮네요 스테이크는 다시 시켜먹어도 좋을듯하네요","date":"Mon Dec 10 23:59:44 +0000 2018","retweets":"30","favorites":"20","mentions":[],"hashtags":[],"geo":"","raw":"괜찮네요 스테이크는 다시 시켜먹어도 좋을듯하네요","polarity":{"com":0,"pos":0.523597883507866,"neg":0.4048677251349559,"neut":0.031746031677248675,"none":0.039788359679929455},"intensity":{"high":0.11428571433333334,"low":0.16677248666666666,"meium":0.6791534393333333,"none":0.03978835966666667},"expressive":{"dir-action":0,"dir-explicit":0.32698412699999996,"dir-speech":0.5481481483333333,"indirect":0.07978835966666666,"writing-device":0.045079364999999996}},{"id":"혼술식당-본점","permalink":"","username":"asdfg","text":"계란찜 강추...\n고등어는 보통\n도시락은 양이 너무 줄었어요...ㅜㅜ","date":"Mon Dec 10 23:59:44 +0000 2018","retweets":"30","favorites":"20","mentions":[],"hashtags":[],"geo":"","raw":"계란찜 강추...\n고등어는 보통\n도시락은 양이 너무 줄었어요...ㅜㅜ","polarity":{"com":0.005649717668549907,"pos":0.22446417340815472,"neg":0.689086180896362,"neut":0.04304546668101515,"none":0.03775446134591815},"intensity":{"high":0.04448031568149344,"low":0.12456281937485424,"meium":0.7932024035977342,"none":0.037754461345918144},"expressive":{"dir-action":0,"dir-explicit":0.14330553333333332,"dir-speech":0.7419962336666667,"indirect":0.07165276633333334,"writing-device":0.043045466666666664}},{"id":"혼술식당-본점","permalink":"","username":"asdfg","text":"예전보다 양이 조금 줄었네요...\n두부도....ㅜㅜ","date":"Mon Dec 10 23:59:44 +0000 2018","retweets":"30","favorites":"20","mentions":[],"hashtags":[],"geo":"","raw":"예전보다 양이 조금 줄었네요...\n두부도....ㅜㅜ","polarity":{"com":0.002380952333333333,"pos":0.4047619046666666,"neg":0.2761904763333333,"neut":0.1714285713333333,"none":0.14523809533333332},"intensity":{"high":0.047619047666666664,"low":0.20476190466666666,"meium":0.6023809523333333,"none":0.14523809533333334},"expressive":{"dir-action":0,"dir-explicit":0.3952380952015873,"dir-speech":0.09999999996666666,"indirect":0.36190476187936504,"writing-device":0.14285714295238094}},{"id":"혼술식당-본점","permalink":"","username":"asdfg","text":"전반적으로 맛있고 좋았어요","date":"Mon Dec 10 23:59:44 +0000 2018","retweets":"30","favorites":"20","mentions":[],"hashtags":[],"geo":"","raw":"전반적으로 맛있고 좋았어요","polarity":{"com":0,"pos":0.92,"neg":0.04,"neut":0,"none":0.04},"intensity":{"high":0.2,"low":0.04,"meium":0.72,"none":0.04},"expressive":{"dir-action":0,"dir-explicit":0.6,"dir-speech":0.2,"indirect":0.16,"writing-device":0.04}},{"id":"혼술식당-본점","permalink":"","username":"asdfg","text":"돼지고기 김치찜 시켰는데 괜찮아요~ 옛날 도시락은 계란이 없네요? 양은 많았어요~","date":"Mon Dec 10 23:59:44 +0000 2018","retweets":"30","favorites":"20","mentions":[],"hashtags":[],"geo":"","raw":"돼지고기 김치찜 시켰는데 괜찮아요~ 옛날 도시락은 계란이 없네요? 양은 많았어요~","polarity":{"com":0.005649717666666667,"pos":0.26662271,"neg":0.6730920889999998,"neut":0.04333604833333332,"none":0.011299434999999997},"intensity":{"high":0.15594254610396172,"low":0.1878369467918913,"meium":0.6273772124182515,"none":0.028843294685895533},"expressive":{"dir-action":0,"dir-explicit":0.47483483949161165,"dir-speech":0.32907988477635997,"indirect":0.18478584072826199,"writing-device":0.01129943500376648}},{"id":"혼술식당-본점","permalink":"","username":"asdfg","text":"넘 맛있어요^^또 시켜먹을께요","date":"Mon Dec 10 23:59:44 +0000 2018","retweets":"30","favorites":"20","mentions":[],"hashtags":[],"geo":"","raw":"넘 맛있어요^^또 시켜먹을께요","polarity":{"com":0,"pos":0.1587301586137566,"neg":0.6984126984338624,"neut":0,"none":0.14285714295238094},"intensity":{"high":0.037037037,"low":0.074074074,"meium":0.746031746,"none":0.142857143},"expressive":{"dir-action":0,"dir-explicit":0.12169312166666667,"dir-speech":0.687830688,"indirect":0,"writing-device":0.19047619033333332}},{"id":"혼술식당-본점","permalink":"","username":"asdfg","text":"볶음밥, 옛날 도시락 맛있었습니다. 제육은 간이 거의 안되어서 다시 양념해서 먹었답니다.","date":"Mon Dec 10 23:59:44 +0000 2018","retweets":"30","favorites":"20","mentions":[],"hashtags":[],"geo":"","raw":"볶음밥, 옛날 도시락 맛있었습니다. 제육은 간이 거의 안되어서 다시 양념해서 먹었답니다.","polarity":{"com":0.006050665333333333,"pos":0.32391496766666666,"neg":0.532954082,"neut":0.01962821216666667,"none":0.11745207283333332},"intensity":{"high":0.11035246368505876,"low":0.07899074567983179,"meium":0.7206240726201041,"none":0.09003271801500545},"expressive":{"dir-action":0.0010752688333333334,"dir-explicit":0.26948516133333333,"dir-speech":0.557668197,"indirect":0.08209707783333332,"writing-device":0.089674295}},{"id":"혼술식당-본점","permalink":"","username":"asdfg","text":"맛있어요 ㅋㅋ","date":"Mon Dec 10 23:59:44 +0000 2018","retweets":"30","favorites":"20","mentions":[],"hashtags":[],"geo":"","raw":"맛있어요 ㅋㅋ","polarity":{"com":0,"pos":0,"neg":1,"neut":0,"none":0},"intensity":{"high":0,"low":0,"meium":1,"none":0},"expressive":{"dir-action":0,"dir-explicit":0,"dir-speech":1,"indirect":0,"writing-device":0}},{"id":"혼술식당-본점","permalink":"","username":"asdfg","text":"흠...\n\n꼼장어는 비린내가 너무 심하고...너무 자극적입니다.\n\n결국 둘다 다음날 배탈나서 엄청고생했네요...;;\n\n옛날도시락 이랑 스테이크는 먹을만했어요.\n\n제육볶음... 솔직히 형편없었네요...\n\n뭔가호불호가갈릴것같지만..\n\n민감하신분들은 비추..","date":"Mon Dec 10 23:59:44 +0000 2018","retweets":"30","favorites":"20","mentions":[],"hashtags":[],"geo":"","raw":"흠...\n\n꼼장어는 비린내가 너무 심하고...너무 자극적입니다.\n\n결국 둘다 다음날 배탈나서 엄청고생했네요...;;\n\n옛날도시락 이랑 스테이크는 먹을만했어요.\n\n제육볶음... 솔직히 형편없었네요...\n\n뭔가호불호가갈릴것같지만..\n\n민감하신분들은 비추..","polarity":{"com":0.022566840418547243,"pos":0.3088459251090705,"neg":0.39190270603265853,"neut":0.1347894835945658,"none":0.14189504484515794},"intensity":{"high":0.09422733258333334,"low":0.17343014258333334,"meium":0.5887801731666668,"none":0.14356235166666664},"expressive":{"dir-action":0.000537634416577061,"dir-explicit":0.26437222828927137,"dir-speech":0.4215681768464053,"indirect":0.16734742605544212,"writing-device":0.14617453439230427}},{"id":"혼술식당-본점","permalink":"","username":"asdfg","text":"12시5분쯤 주문했는데 60분걸린다더니 1시40분 넘었네요...잠오는데 언제먹어요?","date":"Mon Dec 10 23:59:44 +0000 2018","retweets":"30","favorites":"20","mentions":[],"hashtags":[],"geo":"","raw":"12시5분쯤 주문했는데 60분걸린다더니 1시40분 넘었네요...잠오는데 언제먹어요?","polarity":{"com":0,"pos":0.4166666666666667,"neg":0.5,"neut":0.08333333333333333,"none":0},"intensity":{"high":0.22222222216666668,"low":0.11111111116666667,"meium":0.6666666666666666,"none":0},"expressive":{"dir-action":0,"dir-explicit":0.38888888889814816,"dir-speech":0.30555555555092595,"indirect":0.30555555555092595,"writing-device":0}},{"id":"혼술식당-본점","permalink":"","username":"asdfg","text":"완전맛나요 김치찌개 최고  엄지척","date":"Mon Dec 10 23:59:44 +0000 2018","retweets":"30","favorites":"20","mentions":[],"hashtags":[],"geo":"","raw":"완전맛나요 김치찌개 최고  엄지척","polarity":{"com":0.016666666666666666,"pos":0.5962962963333333,"neg":0.38703703700000003,"neut":0,"none":0},"intensity":{"high":0.27592592600000004,"low":0.016666666666666666,"meium":0.7074074073333333,"none":0},"expressive":{"dir-action":0,"dir-explicit":0.19999999999999998,"dir-speech":0.2833333333333333,"indirect":0.5166666666666667,"writing-device":0}},{"id":"혼술식당-본점","permalink":"","username":"asdfg","text":"배달은 좀늦었고 양이 엄청많아요\n골뱅이도 많이들었어요.","date":"Mon Dec 10 23:59:44 +0000 2018","retweets":"30","favorites":"20","mentions":[],"hashtags":[],"geo":"","raw":"배달은 좀늦었고 양이 엄청많아요\n골뱅이도 많이들었어요.","polarity":{"com":0,"pos":0.8478260870000001,"neg":0.14130434775,"neut":0.01086956525,"none":0},"intensity":{"high":0.06521739126630435,"low":0.3043478260760869,"meium":0.6304347826576087,"none":0},"expressive":{"dir-action":0,"dir-explicit":0.23043478255760869,"dir-speech":0.7043478261760869,"indirect":0.06521739126630435,"writing-device":0}},{"id":"혼술식당-본점","permalink":"","username":"asdfg","text":"마싯어요","date":"Mon Dec 10 23:59:44 +0000 2018","retweets":"30","favorites":"20","mentions":[],"hashtags":[],"geo":"","raw":"마싯어요","polarity":{"com":null,"pos":null,"neg":null,"neut":null,"none":null},"intensity":{"high":null,"low":null,"meium":null,"none":null},"expressive":{"dir-action":null,"dir-explicit":null,"dir-speech":null,"indirect":null,"writing-device":null}},{"id":"혼술식당-본점","permalink":"","username":"asdfg","text":"좋아요^^\n맛있어요^^","date":"Mon Dec 10 23:59:44 +0000 2018","retweets":"30","favorites":"20","mentions":[],"hashtags":[],"geo":"","raw":"좋아요^^\n맛있어요^^","polarity":{"com":0,"pos":0.46,"neg":0.52,"neut":0,"none":0.02},"intensity":{"high":0.1,"low":0.02,"meium":0.86,"none":0.02},"expressive":{"dir-action":0,"dir-explicit":0.30000000000000004,"dir-speech":0.6000000000000001,"indirect":0.08000000000000002,"writing-device":0.020000000000000004}},{"id":"혼술식당-본점","permalink":"","username":"asdfg","text":"술안주겸 식사겸 처음시켰는데 토욜이라 시간은 좀많이 걸렸는데 맛있었어요 특히 고로케는 계속먹고싶네요 느끼하지않고 물리지않아요","date":"Mon Dec 10 23:59:44 +0000 2018","retweets":"30","favorites":"20","mentions":[],"hashtags":[],"geo":"","raw":"술안주겸 식사겸 처음시켰는데 토욜이라 시간은 좀많이 걸렸는데 맛있었어요 특히 고로케는 계속먹고싶네요 느끼하지않고 물리지않아요","polarity":{"com":0.018975698399999998,"pos":0.3427598607000001,"neg":0.4894401545,"neut":0.026977439600000003,"none":0.12184684679999999},"intensity":{"high":0.08344222370834424,"low":0.067610089006761,"meium":0.7268005401726801,"none":0.12214714711221471},"expressive":{"dir-action":0.00030030029996996996,"dir-explicit":0.21472796327852722,"dir-speech":0.4315720342568429,"indirect":0.23270446917672954,"writing-device":0.12069523298793047}},{"id":"혼술식당-본점","permalink":"","username":"asdfg","text":"진짜맛잇어요! 옛날도시락 스테이크 둘다별다섯개요!\n첨리뷰남겨요! 지금처럼 맛잇는 음식 변치말아주세요 ㅜㅜ","date":"Mon Dec 10 23:59:44 +0000 2018","retweets":"30","favorites":"20","mentions":[],"hashtags":[],"geo":"","raw":"진짜맛잇어요! 옛날도시락 스테이크 둘다별다섯개요!\n첨리뷰남겨요! 지금처럼 맛잇는 음식 변치말아주세요 ㅜㅜ","polarity":{"com":0,"pos":0.6,"neg":0,"neut":0.4,"none":0},"intensity":{"high":0,"low":0,"meium":1,"none":0},"expressive":{"dir-action":0,"dir-explicit":0,"dir-speech":0.8,"indirect":0.2,"writing-device":0}},{"id":"혼술식당-본점","permalink":"","username":"asdfg","text":"음식 비쥬얼도 괜찮고 포장상태도 좋아서 매우 마음에 듭니다.\n그런데 음식이 전반적으로 짭니다.\n좀 심하다싶을 정도로 짜네요..\n사장님께서 신경을 써주셔야할듯 합니다....","date":"Mon Dec 10 23:59:44 +0000 2018","retweets":"30","favorites":"20","mentions":[],"hashtags":[],"geo":"","raw":"음식 비쥬얼도 괜찮고 포장상태도 좋아서 매우 마음에 듭니다.\n그런데 음식이 전반적으로 짭니다.\n좀 심하다싶을 정도로 짜네요..\n사장님께서 신경을 써주셔야할듯 합니다....","polarity":{"com":0.0038057010769230767,"pos":0.48173383269230763,"neg":0.23736868107692308,"neut":0.10222559353846156,"none":0.1748661916153846},"intensity":{"high":0.12470017706733073,"low":0.08311206491668369,"meium":0.6160985249526079,"none":0.17608923306337773},"expressive":{"dir-action":0.008216048462170463,"dir-explicit":0.2706389615592799,"dir-speech":0.3015754714078135,"indirect":0.24226138948017392,"writing-device":0.17730812909056215}},{"id":"혼술식당-본점","permalink":"","username":"asdfg","text":"새벽인데 생각보다 빨리와서 좋았어요~\n비가 많이 오는데 배달하시분께 미얀했어요ㅠㅠ\n쫄뱅이 야채 진짜 대박 맛있었어요~~\n제육도시락도 양도 많고 좋았습니당~^^\n앞으로 자주 이용할듯해요~~\n담엔 다른메뉴도 또 주문할께용~~!!ㅎㅎ","date":"Mon Dec 10 23:59:44 +0000 2018","retweets":"30","favorites":"20","mentions":[],"hashtags":[],"geo":"","raw":"새벽인데 생각보다 빨리와서 좋았어요~\n비가 많이 오는데 배달하시분께 미얀했어요ㅠㅠ\n쫄뱅이 야채 진짜 대박 맛있었어요~~\n제육도시락도 양도 많고 좋았습니당~^^\n앞으로 자주 이용할듯해요~~\n담엔 다른메뉴도 또 주문할께용~~!!ㅎㅎ","polarity":{"com":0.005138433765008144,"pos":0.4717139667924537,"neg":0.3655661573156216,"neut":0.07926084788701533,"none":0.07832059423990122},"intensity":{"high":0.0843897655443041,"low":0.1574928394983811,"meium":0.679411164002249,"none":0.07870623095506582},"expressive":{"dir-action":0.0006386411176094918,"dir-explicit":0.37882003486006943,"dir-speech":0.37456055797796706,"indirect":0.15635034252021474,"writing-device":0.0896304235241394}},{"id":"혼술식당-본점","permalink":"","username":"asdfg","text":"배달도 빠르고 좋았습니다. 앞으로 더 맛있는 음식 기대할게요!","date":"Mon Dec 10 23:59:44 +0000 2018","retweets":"30","favorites":"20","mentions":[],"hashtags":[],"geo":"","raw":"배달도 빠르고 좋았습니다. 앞으로 더 맛있는 음식 기대할게요!","polarity":{"com":0,"pos":0.8248309178333334,"neg":0.11898550716666668,"neut":0.0422705315,"none":0.013913043500000001},"intensity":{"high":0.0623188405,"low":0.13227053133333336,"meium":0.7914975846666668,"none":0.0139130435},"expressive":{"dir-action":0,"dir-explicit":0.2908212561181964,"dir-speech":0.3618357487730274,"indirect":0.3056521737823913,"writing-device":0.04169082132638486}},{"id":"혼술식당-본점","permalink":"","username":"asdfg","text":"배달시간은 쏘쏘였는데 진짜 맛있었어용ㅠ","date":"Mon Dec 10 23:59:44 +0000 2018","retweets":"30","favorites":"20","mentions":[],"hashtags":[],"geo":"","raw":"배달시간은 쏘쏘였는데 진짜 맛있었어용ㅠ","polarity":{"com":0.0099562425,"pos":0.43538827950000003,"neg":0.459274953,"neut":0.03135039325,"none":0.06403013175},"intensity":{"high":0.05728647377864324,"low":0.05432314152716157,"meium":0.8243602529121802,"none":0.06403013178201507},"expressive":{"dir-action":0,"dir-explicit":0.17237177375,"dir-speech":0.69048410325,"indirect":0.06821203049999999,"writing-device":0.0689320925}},{"id":"혼술식당-본점","permalink":"","username":"asdfg","text":"배달이 새벽에도 너무 늦어요...","date":"Mon Dec 10 23:59:44 +0000 2018","retweets":"30","favorites":"20","mentions":[],"hashtags":[],"geo":"","raw":"배달이 새벽에도 너무 늦어요...","polarity":{"com":0.002380952333333333,"pos":0.4047619046666666,"neg":0.44285714299999995,"neut":0.004761904666666666,"none":0.14523809533333332},"intensity":{"high":0.047619047666666664,"low":0.038095238,"meium":0.7690476190000001,"none":0.14523809533333334},"expressive":{"dir-action":0,"dir-explicit":0.06190476197936508,"dir-speech":0.4333333331888889,"indirect":0.36190476187936504,"writing-device":0.14285714295238094}},{"id":"혼술식당-본점","permalink":"","username":"asdfg","text":"쫄뱅이 마싰네요 야채도 많구\n옛날 도시락도 양이 생각보다 많네요\n잘먹었습니다^^","date":"Mon Dec 10 23:59:44 +0000 2018","retweets":"30","favorites":"20","mentions":[],"hashtags":[],"geo":"","raw":"쫄뱅이 마싰네요 야채도 많구\n옛날 도시락도 양이 생각보다 많네요\n잘먹었습니다^^","polarity":{"com":0.00632997683438833,"pos":0.5210989730868498,"neg":0.31365608355227603,"neut":0.0778830455129805,"none":0.08103192101350531},"intensity":{"high":0.09879781886626596,"low":0.1546868870515623,"meium":0.664749158721583,"none":0.08176613536058872},"expressive":{"dir-action":0.0007342143334557024,"dir-explicit":0.45180600774196766,"dir-speech":0.24663587670777265,"indirect":0.22024824203670804,"writing-device":0.08057565918009595}},{"id":"혼술식당-본점","permalink":"","username":"asdfg","text":"돈까스소바 빼곤 다괜찮은거 같아요.  소바면은 소바가루 비율이 더 많을텐데 밀가루 맛하고 향이 너무 나요 ㅠ \n제가 매운거 잘 못먹는데 돈까스소바 땀 조금 흘릴정도로 매워요 참고하세요!\n양 5점\n맛 4점\n시간 4점\n결과적으론 괜찮아요","date":"Mon Dec 10 23:59:44 +0000 2018","retweets":"30","favorites":"20","mentions":[],"hashtags":[],"geo":"","raw":"돈까스소바 빼곤 다괜찮은거 같아요.  소바면은 소바가루 비율이 더 많을텐데 밀가루 맛하고 향이 너무 나요 ㅠ \n제가 매운거 잘 못먹는데 돈까스소바 땀 조금 흘릴정도로 매워요 참고하세요!\n양 5점\n맛 4점\n시간 4점\n결과적으론 괜찮아요","polarity":{"com":0.009726295222762572,"pos":0.44572549608031803,"neg":0.4308963289128276,"neut":0.015547952667530443,"none":0.09810392711656134},"intensity":{"high":0.20080703343328848,"low":0.08209514493988358,"meium":0.6187549458545135,"none":0.09834287577231429},"expressive":{"dir-action":0.0007168458888490641,"dir-explicit":0.18714720171182517,"dir-speech":0.3276493817040195,"indirect":0.3030493102609417,"writing-device":0.18143726043436462}},{"id":"혼술식당-본점","permalink":"","username":"asdfg","text":"제가 요기요 식신레벨인데 리뷰는 처음 쓰네요.\n맛,양,포장상태 모두 좋았구요.  사진 참고하세요. 다른 메뉴도 앞으로 먹어보고 리뷰 올려야겠어요. 이제 막 오픈 하신거 같은데 앞으로도 처음처럼 변함없길 바래봅니다.","date":"Mon Dec 10 23:59:44 +0000 2018","retweets":"30","favorites":"20","mentions":[],"hashtags":[],"geo":"","raw":"제가 요기요 식신레벨인데 리뷰는 처음 쓰네요.\n맛,양,포장상태 모두 좋았구요.  사진 참고하세요. 다른 메뉴도 앞으로 먹어보고 리뷰 올려야겠어요. 이제 막 오픈 하신거 같은데 앞으로도 처음처럼 변함없길 바래봅니다.","polarity":{"com":0.003706681866666667,"pos":0.4951798726,"neg":0.349333151,"neut":0.024639717933333336,"none":0.12714057660000003},"intensity":{"high":0.0634479270624368,"low":0.10689161479287389,"meium":0.7017535980198831,"none":0.12790686012480623},"expressive":{"dir-action":0.0007662835332311621,"dir-explicit":0.17448769551006832,"dir-speech":0.4088716098788171,"indirect":0.20506165683932512,"writing-device":0.2108127542385583}}]