[{"id":"미스터피자-상계점","permalink":"","username":"asdfg","text":"맛있어요\n다음에 또 먹으게요","date":"Mon Dec 10 23:59:44 +0000 2018","retweets":"30","favorites":"20","mentions":[],"hashtags":[],"geo":"","raw":"맛있어요\n다음에 또 먹으게요","polarity":{"com":0,"pos":0.047619047650793646,"neg":0.8095238093968253,"neut":0,"none":0.14285714295238094},"intensity":{"high":0,"low":0,"meium":0.857142857,"none":0.142857143},"expressive":{"dir-action":0,"dir-explicit":0.047619047666666664,"dir-speech":0.761904762,"indirect":0,"writing-device":0.19047619033333332}},{"id":"미스터피자-상계점","permalink":"","username":"asdfg","text":"셋이먹어도 남아요!!","date":"Mon Dec 10 23:59:44 +0000 2018","retweets":"30","favorites":"20","mentions":[],"hashtags":[],"geo":"","raw":"셋이먹어도 남아요!!","polarity":{"com":0.030837004,"pos":0.431718062,"neg":0.440528634,"neut":0.088105727,"none":0.008810573},"intensity":{"high":0.10572687210572689,"low":0.13215859013215858,"meium":0.7488986787488987,"none":0.01321585901321586},"expressive":{"dir-action":0.004405286004405286,"dir-explicit":0.4140969164140969,"dir-speech":0.3612334803612335,"indirect":0.20704845820704845,"writing-device":0.01321585901321586}},{"id":"미스터피자-상계점","permalink":"","username":"asdfg","text":"맛은 나쁘지않지만..도우끝에가 취향은 아니었구요.\n도우끝이 흐물해서 토핑이 다 떨어졌어요ㅜㅜ\n새우도 통통하고 좋아요\n다시는 시켜먹지 않겠지만 먹을만했어요","date":"Mon Dec 10 23:59:44 +0000 2018","retweets":"30","favorites":"20","mentions":[],"hashtags":[],"geo":"","raw":"맛은 나쁘지않지만..도우끝에가 취향은 아니었구요.\n도우끝이 흐물해서 토핑이 다 떨어졌어요ㅜㅜ\n새우도 통통하고 좋아요\n다시는 시켜먹지 않겠지만 먹을만했어요","polarity":{"com":0.0023990241175059395,"pos":0.4658477890314207,"neg":0.3589340578024156,"neut":0.02418296441034218,"none":0.14863616463831553},"intensity":{"high":0.13295542746276734,"low":0.08700558552429379,"meium":0.6312763201393367,"none":0.1487626668736022},"expressive":{"dir-action":0.0003795066470141757,"dir-explicit":0.2064532347404173,"dir-speech":0.43653578124276043,"indirect":0.21076411256343955,"writing-device":0.14586736480636855}},{"id":"미스터피자-상계점","permalink":"","username":"asdfg","text":"오랜만에 시켜서 먹엇눈데 맛있네요 ^^","date":"Mon Dec 10 23:59:44 +0000 2018","retweets":"30","favorites":"20","mentions":[],"hashtags":[],"geo":"","raw":"오랜만에 시켜서 먹엇눈데 맛있네요 ^^","polarity":{"com":0.035714285517857144,"pos":0.250000000125,"neg":0.6785714288392857,"neut":0.035714285517857144,"none":0},"intensity":{"high":0.0714285715,"low":0.0357142855,"meium":0.8928571430000001,"none":0},"expressive":{"dir-action":0,"dir-explicit":0.28571428564285717,"dir-speech":0.5357142857678572,"indirect":0.1785714285892857,"writing-device":0}},{"id":"미스터피자-상계점","permalink":"","username":"asdfg","text":"마시따마시따 맛있습니다 ~!","date":"Mon Dec 10 23:59:44 +0000 2018","retweets":"30","favorites":"20","mentions":[],"hashtags":[],"geo":"","raw":"마시따마시따 맛있습니다 ~!","polarity":{"com":0,"pos":0,"neg":0.5,"neut":0.5,"none":0},"intensity":{"high":0,"low":0,"meium":0.5,"none":0.5},"expressive":{"dir-action":0,"dir-explicit":0.5,"dir-speech":0.5,"indirect":0,"writing-device":0}},{"id":"미스터피자-상계점","permalink":"","username":"asdfg","text":"진짜 맛있아요!!!","date":"Mon Dec 10 23:59:44 +0000 2018","retweets":"30","favorites":"20","mentions":[],"hashtags":[],"geo":"","raw":"진짜 맛있아요!!!","polarity":{"com":null,"pos":null,"neg":null,"neut":null,"none":null},"intensity":{"high":null,"low":null,"meium":null,"none":null},"expressive":{"dir-action":null,"dir-explicit":null,"dir-speech":null,"indirect":null,"writing-device":null}},{"id":"미스터피자-상계점","permalink":"","username":"asdfg","text":"미스터 피자는 항상 진리 !!!!!!!\n언제나 새롭고 고급스럽고 깔끔하게  맛있어요~~~\n배달도 빠르고 정확하시고, 약속된시간에\n어김없이 오시더라구요\n항상 피자는 미스터피자를 먹게되네요","date":"Mon Dec 10 23:59:44 +0000 2018","retweets":"30","favorites":"20","mentions":[],"hashtags":[],"geo":"","raw":"미스터 피자는 항상 진리 !!!!!!!\n언제나 새롭고 고급스럽고 깔끔하게  맛있어요~~~\n배달도 빠르고 정확하시고, 약속된시간에\n어김없이 오시더라구요\n항상 피자는 미스터피자를 먹게되네요","polarity":{"com":0.00834758566722317,"pos":0.46998317789799887,"neg":0.4482163838298811,"neut":0.057495655537166374,"none":0.01595719706773048},"intensity":{"high":0.08234790585568692,"low":0.10885174318548642,"meium":0.7926429536943143,"none":0.016157397264512343},"expressive":{"dir-action":0.0010494571331234421,"dir-explicit":0.3231036597353793,"dir-speech":0.3244821126017703,"indirect":0.3301506194006365,"writing-device":0.021214151129090506}},{"id":"미스터피자-상계점","permalink":"","username":"asdfg","text":"빠른 배달에 감사합니다!!","date":"Mon Dec 10 23:59:44 +0000 2018","retweets":"30","favorites":"20","mentions":[],"hashtags":[],"geo":"","raw":"빠른 배달에 감사합니다!!","polarity":{"com":0,"pos":1,"neg":0,"neut":0,"none":0},"intensity":{"high":0.3333333333333333,"low":0.111111111,"meium":0.5555555556666666,"none":0},"expressive":{"dir-action":0,"dir-explicit":0,"dir-speech":0.6666666666666666,"indirect":0.3333333333333333,"writing-device":0}},{"id":"미스터피자-상계점","permalink":"","username":"asdfg","text":"맛있게 먹었어요!!!","date":"Mon Dec 10 23:59:44 +0000 2018","retweets":"30","favorites":"20","mentions":[],"hashtags":[],"geo":"","raw":"맛있게 먹었어요!!!","polarity":{"com":0,"pos":0.1666666665,"neg":0.8333333334999999,"neut":0,"none":0},"intensity":{"high":0.0555555555,"low":0.111111111,"meium":0.8333333334999999,"none":0},"expressive":{"dir-action":0,"dir-explicit":0.111111111,"dir-speech":0.888888889,"indirect":0,"writing-device":0}},{"id":"미스터피자-상계점","permalink":"","username":"asdfg","text":"맛있었고 배달 빨리와서 너무 좋았어요~~~","date":"Mon Dec 10 23:59:44 +0000 2018","retweets":"30","favorites":"20","mentions":[],"hashtags":[],"geo":"","raw":"맛있었고 배달 빨리와서 너무 좋았어요~~~","polarity":{"com":0.03571428575,"pos":0.41071428575,"neg":0.42857142849999996,"neut":0.125,"none":0},"intensity":{"high":0.03571428575,"low":0.03571428575,"meium":0.9285714285,"none":0},"expressive":{"dir-action":0,"dir-explicit":0.14285714275,"dir-speech":0.6964285715,"indirect":0.16071428575,"writing-device":0}},{"id":"미스터피자-상계점","permalink":"","username":"asdfg","text":"잘 먹었어여.\n수고하세여","date":"Mon Dec 10 23:59:44 +0000 2018","retweets":"30","favorites":"20","mentions":[],"hashtags":[],"geo":"","raw":"잘 먹었어여.\n수고하세여","polarity":{"com":0,"pos":0.6904761908452381,"neg":0.27380952363690475,"neut":0.035714285517857144,"none":0},"intensity":{"high":0,"low":0.107142857,"meium":0.8928571430000001,"none":0},"expressive":{"dir-action":0,"dir-explicit":0.107142857,"dir-speech":0.404761905,"indirect":0.488095238,"writing-device":0}},{"id":"미스터피자-상계점","permalink":"","username":"asdfg","text":"빨리오고 맛있어욧 ㅎㅎ 새우올라간 피자가 맛나네요 ㅎㅎ","date":"Mon Dec 10 23:59:44 +0000 2018","retweets":"30","favorites":"20","mentions":[],"hashtags":[],"geo":"","raw":"빨리오고 맛있어욧 ㅎㅎ 새우올라간 피자가 맛나네요 ㅎㅎ","polarity":{"com":0,"pos":0.16666666666666666,"neg":0.8333333333333334,"neut":0,"none":0},"intensity":{"high":0.16666666666666666,"low":0,"meium":0.8333333333333334,"none":0},"expressive":{"dir-action":0,"dir-explicit":0.3333333333333333,"dir-speech":0.5,"indirect":0.16666666666666666,"writing-device":0}},{"id":"미스터피자-상계점","permalink":"","username":"asdfg","text":"맛있어요 피자는 언제나","date":"Mon Dec 10 23:59:44 +0000 2018","retweets":"30","favorites":"20","mentions":[],"hashtags":[],"geo":"","raw":"맛있어요 피자는 언제나","polarity":{"com":0,"pos":0.1587301585793651,"neg":0.7539682543769841,"neut":0.04761904752380952,"none":0.03968253951984128},"intensity":{"high":0.015873016000000004,"low":0.11904761900000001,"meium":0.8253968255,"none":0.03968253950000001},"expressive":{"dir-action":0,"dir-explicit":0.0793650795,"dir-speech":0.8333333334999999,"indirect":0.0396825395,"writing-device":0.0476190475}},{"id":"미스터피자-상계점","permalink":"","username":"asdfg","text":"베이컨에서 너무 냄새가 심해서 못 먹을 정도였습니다...","date":"Mon Dec 10 23:59:44 +0000 2018","retweets":"30","favorites":"20","mentions":[],"hashtags":[],"geo":"","raw":"베이컨에서 너무 냄새가 심해서 못 먹을 정도였습니다...","polarity":{"com":0.040178571499999996,"pos":0.23214285724999997,"neg":0.45089285700000004,"neut":0.07008928575000001,"none":0.20669642850000003},"intensity":{"high":0.16964285725,"low":0.0625,"meium":0.5589285712500001,"none":0.2089285715},"expressive":{"dir-action":0,"dir-explicit":0.34910714275,"dir-speech":0.21205357149999998,"indirect":0.23214285725000003,"writing-device":0.20669642850000003}},{"id":"미스터피자-상계점","permalink":"","username":"asdfg","text":"피자 크기도크고맛있어요^^","date":"Mon Dec 10 23:59:44 +0000 2018","retweets":"30","favorites":"20","mentions":[],"hashtags":[],"geo":"","raw":"피자 크기도크고맛있어요^^","polarity":{"com":0,"pos":0.5,"neg":0.5,"neut":0,"none":0},"intensity":{"high":0,"low":0,"meium":1,"none":0},"expressive":{"dir-action":0,"dir-explicit":0.5,"dir-speech":0.5,"indirect":0,"writing-device":0}},{"id":"미스터피자-상계점","permalink":"","username":"asdfg","text":"배달도 빨리오고 너무 맛있었어요ㅎㅎ 담에 또 시켜먹고싶네요","date":"Mon Dec 10 23:59:44 +0000 2018","retweets":"30","favorites":"20","mentions":[],"hashtags":[],"geo":"","raw":"배달도 빨리오고 너무 맛있었어요ㅎㅎ 담에 또 시켜먹고싶네요","polarity":{"com":0.028571428594285714,"pos":0.42380952371523817,"neg":0.46190476190761903,"neut":0,"none":0.08571428578285714},"intensity":{"high":0.0507936508,"low":0.073015873,"meium":0.7904761904,"none":0.0857142858},"expressive":{"dir-action":0,"dir-explicit":0.28730158720000004,"dir-speech":0.46984127,"indirect":0.12857142859999998,"writing-device":0.1142857142}},{"id":"미스터피자-상계점","permalink":"","username":"asdfg","text":"예상시간보다 20분 빨리왔어요\n잘먹었어요","date":"Mon Dec 10 23:59:44 +0000 2018","retweets":"30","favorites":"20","mentions":[],"hashtags":[],"geo":"","raw":"예상시간보다 20분 빨리왔어요\n잘먹었어요","polarity":{"com":0,"pos":0.5714285715238094,"neg":0.40476190480158736,"neut":0.023809523674603175,"none":0},"intensity":{"high":0.08333333333333333,"low":0.07142857133333333,"meium":0.8452380953333334,"none":0},"expressive":{"dir-action":0,"dir-explicit":0.48809523800000004,"dir-speech":0.047619047666666664,"indirect":0.4642857143333334,"writing-device":0}},{"id":"미스터피자-상계점","permalink":"","username":"asdfg","text":"역시 맛있어요~~~!","date":"Mon Dec 10 23:59:44 +0000 2018","retweets":"30","favorites":"20","mentions":[],"hashtags":[],"geo":"","raw":"역시 맛있어요~~~!","polarity":{"com":0,"pos":0.3333333333333333,"neg":0,"neut":0.3333333333333333,"none":0.3333333333333333},"intensity":{"high":0,"low":0.3333333333333333,"meium":0.3333333333333333,"none":0.3333333333333333},"expressive":{"dir-action":0,"dir-explicit":0.3333333333333333,"dir-speech":0.3333333333333333,"indirect":0,"writing-device":0.3333333333333333}},{"id":"미스터피자-상계점","permalink":"","username":"asdfg","text":"맛도 배달도  굳굳","date":"Mon Dec 10 23:59:44 +0000 2018","retweets":"30","favorites":"20","mentions":[],"hashtags":[],"geo":"","raw":"맛도 배달도  굳굳","polarity":{"com":0,"pos":1,"neg":0,"neut":0,"none":0},"intensity":{"high":0,"low":0,"meium":1,"none":0},"expressive":{"dir-action":0,"dir-explicit":0,"dir-speech":1,"indirect":0,"writing-device":0}},{"id":"미스터피자-상계점","permalink":"","username":"asdfg","text":"포스트잍!!!! 우왕~~~~ 잘 먹겠습니당!","date":"Mon Dec 10 23:59:44 +0000 2018","retweets":"30","favorites":"20","mentions":[],"hashtags":[],"geo":"","raw":"포스트잍!!!! 우왕~~~~ 잘 먹겠습니당!","polarity":{"com":0,"pos":0.7142857147142857,"neg":0.21428571421428572,"neut":0.07142857107142857,"none":0},"intensity":{"high":0,"low":0.214285714,"meium":0.785714286,"none":0},"expressive":{"dir-action":0,"dir-explicit":0.214285714,"dir-speech":0.142857143,"indirect":0.642857143,"writing-device":0}},{"id":"미스터피자-상계점","permalink":"","username":"asdfg","text":"맛도 합격 배달도 예상시간 보다 빠르고 4조각? 3조각? 먹으니까 배도 부르고 좋네요~~^^","date":"Mon Dec 10 23:59:44 +0000 2018","retweets":"30","favorites":"20","mentions":[],"hashtags":[],"geo":"","raw":"맛도 합격 배달도 예상시간 보다 빠르고 4조각? 3조각? 먹으니까 배도 부르고 좋네요~~^^","polarity":{"com":0,"pos":0.6923809523750001,"neg":0.240119047625,"neut":0.06250000000000001,"none":0.005000000000000001},"intensity":{"high":0.12371031748453623,"low":0.1726587301034177,"meium":0.6986309524126713,"none":0.004999999999375001},"expressive":{"dir-action":0,"dir-explicit":0.2322420635,"dir-speech":0.5150793651250001,"indirect":0.24767857137500002,"writing-device":0.005000000000000001}},{"id":"미스터피자-상계점","permalink":"","username":"asdfg","text":"맛있는데 좀 저렴해지면 더 자주 먹을것 같아요~","date":"Mon Dec 10 23:59:44 +0000 2018","retweets":"30","favorites":"20","mentions":[],"hashtags":[],"geo":"","raw":"맛있는데 좀 저렴해지면 더 자주 먹을것 같아요~","polarity":{"com":0,"pos":0.42397891951520433,"neg":0.44084321471183147,"neut":0.03557312259288538,"none":0.09960474318007907},"intensity":{"high":0.057004830799999996,"low":0.0618357488,"meium":0.7815546772,"none":0.0996047432},"expressive":{"dir-action":0,"dir-explicit":0.27464207294507165,"dir-speech":0.5727887570854423,"indirect":0.05296442678940711,"writing-device":0.09960474318007904}},{"id":"미스터피자-상계점","permalink":"","username":"asdfg","text":"맛있어요\n엣지가 크림치즈였는대 갈릭딥핑이랑촥이네요","date":"Mon Dec 10 23:59:44 +0000 2018","retweets":"30","favorites":"20","mentions":[],"hashtags":[],"geo":"","raw":"맛있어요\n엣지가 크림치즈였는대 갈릭딥핑이랑촥이네요","polarity":{"com":0.007625272333333333,"pos":0.46187363833333334,"neg":0.42592592599999995,"neut":0.030501089333333332,"none":0.074074074},"intensity":{"high":0.04248366001416121,"low":0.027233115342411036,"meium":0.8562091506187364,"none":0.07407407402469135},"expressive":{"dir-action":0,"dir-explicit":0.47276688466666666,"dir-speech":0.40087145966666665,"indirect":0.045751634000000006,"writing-device":0.08061002166666667}},{"id":"미스터피자-상계점","permalink":"","username":"asdfg","text":"배달이 빨라서 좋았어요","date":"Mon Dec 10 23:59:44 +0000 2018","retweets":"30","favorites":"20","mentions":[],"hashtags":[],"geo":"","raw":"배달이 빨라서 좋았어요","polarity":{"com":0,"pos":0.9733333333333333,"neg":0.013333333333333334,"neut":0,"none":0.013333333333333334},"intensity":{"high":0.06666666666666667,"low":0.12444444433333333,"meium":0.7955555556666667,"none":0.013333333333333334},"expressive":{"dir-action":0,"dir-explicit":0.19999999999999998,"dir-speech":0.39999999999999997,"indirect":0.38666666666666666,"writing-device":0.013333333333333334}},{"id":"미스터피자-상계점","permalink":"","username":"asdfg","text":"맛인ㅅ앜ㅅ러요ㅎㅎㅎㅎㅎ","date":"Mon Dec 10 23:59:44 +0000 2018","retweets":"30","favorites":"20","mentions":[],"hashtags":[],"geo":"","raw":"맛인ㅅ앜ㅅ러요ㅎㅎㅎㅎㅎ","polarity":{"com":null,"pos":null,"neg":null,"neut":null,"none":null},"intensity":{"high":null,"low":null,"meium":null,"none":null},"expressive":{"dir-action":null,"dir-explicit":null,"dir-speech":null,"indirect":null,"writing-device":null}},{"id":"미스터피자-상계점","permalink":"","username":"asdfg","text":"맛있게 잘먹었어요~~^^","date":"Mon Dec 10 23:59:44 +0000 2018","retweets":"30","favorites":"20","mentions":[],"hashtags":[],"geo":"","raw":"맛있게 잘먹었어요~~^^","polarity":{"com":0,"pos":0.35714285717857136,"neg":0.6071428573035714,"neut":0.03571428551785714,"none":0},"intensity":{"high":0,"low":0.107142857,"meium":0.8928571430000001,"none":0},"expressive":{"dir-action":0,"dir-explicit":0.107142857,"dir-speech":0.5714285715,"indirect":0.3214285715,"writing-device":0}},{"id":"미스터피자-상계점","permalink":"","username":"asdfg","text":"존맛 우삼겹 어무 맛있어요","date":"Mon Dec 10 23:59:44 +0000 2018","retweets":"30","favorites":"20","mentions":[],"hashtags":[],"geo":"","raw":"존맛 우삼겹 어무 맛있어요","polarity":{"com":0,"pos":0.5,"neg":0.5,"neut":0,"none":0},"intensity":{"high":0,"low":0,"meium":1,"none":0},"expressive":{"dir-action":0,"dir-explicit":0,"dir-speech":1,"indirect":0,"writing-device":0}},{"id":"미스터피자-상계점","permalink":"","username":"asdfg","text":"원래 미스터피자 좋아하는데 이번에 게살만땅으로 시켯는데 실패~\n게살이 겁나 짜요","date":"Mon Dec 10 23:59:44 +0000 2018","retweets":"30","favorites":"20","mentions":[],"hashtags":[],"geo":"","raw":"원래 미스터피자 좋아하는데 이번에 게살만땅으로 시켯는데 실패~\n게살이 겁나 짜요","polarity":{"com":0.0038546255004818283,"pos":0.5781863694472733,"neg":0.3032803650379101,"neut":0.017423472252177934,"none":0.0972551677621569},"intensity":{"high":0.0807982766350998,"low":0.1729300801466163,"meium":0.6484658147060582,"none":0.09780582851222573},"expressive":{"dir-action":0.0005506607500688326,"dir-explicit":0.43239398267904927,"dir-speech":0.265895943283237,"indirect":0.20655871302581985,"writing-device":0.09460070026182509}},{"id":"미스터피자-상계점","permalink":"","username":"asdfg","text":"오랜만에먹으니 맛있네요 배달도 빠르고\n잘먹었습니다~~~","date":"Mon Dec 10 23:59:44 +0000 2018","retweets":"30","favorites":"20","mentions":[],"hashtags":[],"geo":"","raw":"오랜만에먹으니 맛있네요 배달도 빠르고\n잘먹었습니다~~~","polarity":{"com":0,"pos":0.46666666669333334,"neg":0.5190476191038095,"neut":0.014285714202857142,"none":0},"intensity":{"high":0.1079365079784127,"low":0.21111111095777776,"meium":0.6809523810638095,"none":0},"expressive":{"dir-action":0,"dir-explicit":0.14444444439999998,"dir-speech":0.4126984128,"indirect":0.4428571428,"writing-device":0}},{"id":"미스터피자-상계점","permalink":"","username":"asdfg","text":"해쉬브라운 엣지 처음먹어봤는데 짭잘하고 고구마 달콤한게 정말 맛있네요. 오랜만에 먹어봤는데 맛있게 먹었습니다.","date":"Mon Dec 10 23:59:44 +0000 2018","retweets":"30","favorites":"20","mentions":[],"hashtags":[],"geo":"","raw":"해쉬브라운 엣지 처음먹어봤는데 짭잘하고 고구마 달콤한게 정말 맛있네요. 오랜만에 먹어봤는데 맛있게 먹었습니다.","polarity":{"com":0.003946475221783724,"pos":0.28545189741272753,"neg":0.6577937354824673,"neut":0.028427189330174754,"none":0.02438070255284658},"intensity":{"high":0.0710347836587739,"low":0.1231063069863215,"meium":0.7798674005800146,"none":0.025991508774889833},"expressive":{"dir-action":0.0016108062224012008,"dir-explicit":0.18862120290984685,"dir-speech":0.6977249132997472,"indirect":0.08349729045372192,"writing-device":0.02854578711428287}},{"id":"미스터피자-상계점","permalink":"","username":"asdfg","text":"배부르다 맛난다ㅋㅋ","date":"Mon Dec 10 23:59:44 +0000 2018","retweets":"30","favorites":"20","mentions":[],"hashtags":[],"geo":"","raw":"배부르다 맛난다ㅋㅋ","polarity":{"com":0,"pos":1,"neg":0,"neut":0,"none":0},"intensity":{"high":0,"low":0,"meium":1,"none":0},"expressive":{"dir-action":0,"dir-explicit":0,"dir-speech":1,"indirect":0,"writing-device":0}},{"id":"미스터피자-상계점","permalink":"","username":"asdfg","text":"빠른배달 \n굿이요 ^^","date":"Mon Dec 10 23:59:44 +0000 2018","retweets":"30","favorites":"20","mentions":[],"hashtags":[],"geo":"","raw":"빠른배달 \n굿이요 ^^","polarity":{"com":0,"pos":1,"neg":0,"neut":0,"none":0},"intensity":{"high":0,"low":0.1666666665,"meium":0.8333333334999999,"none":0},"expressive":{"dir-action":0,"dir-explicit":0,"dir-speech":0.5,"indirect":0.5,"writing-device":0}},{"id":"미스터피자-상계점","permalink":"","username":"asdfg","text":"둘이서먹는데 양도 많고 맛잇어요~","date":"Mon Dec 10 23:59:44 +0000 2018","retweets":"30","favorites":"20","mentions":[],"hashtags":[],"geo":"","raw":"둘이서먹는데 양도 많고 맛잇어요~","polarity":{"com":0.007709251000000001,"pos":0.53908893575,"neg":0.41810317300000005,"neut":0.032895997,"none":0.0022026432500000005},"intensity":{"high":0.11942688705971344,"low":0.1429430290714715,"meium":0.7343261191171631,"none":0.003303964751651982},"expressive":{"dir-action":0.0011013215005506605,"dir-explicit":0.28951456714475726,"dir-speech":0.5891006407945503,"indirect":0.11697950580848974,"writing-device":0.003303964751651982}},{"id":"미스터피자-상계점","permalink":"","username":"asdfg","text":"조카가 맛있었다고 하네요","date":"Mon Dec 10 23:59:44 +0000 2018","retweets":"30","favorites":"20","mentions":[],"hashtags":[],"geo":"","raw":"조카가 맛있었다고 하네요","polarity":{"com":0.014675698,"pos":0.366276683,"neg":0.4332922825,"neut":0.07466133,"none":0.1110940065},"intensity":{"high":0.1378284074310858,"low":0.11678981944160509,"meium":0.6240763541879618,"none":0.12130541893934728},"expressive":{"dir-action":0.005747126502873564,"dir-explicit":0.2679597701339799,"dir-speech":0.3631465516815733,"indirect":0.2348111661174056,"writing-device":0.1283353855641677}},{"id":"미스터피자-상계점","permalink":"","username":"asdfg","text":"배달도 빨리오고 네명이서 맛있게 먹었어요~","date":"Mon Dec 10 23:59:44 +0000 2018","retweets":"30","favorites":"20","mentions":[],"hashtags":[],"geo":"","raw":"배달도 빨리오고 네명이서 맛있게 먹었어요~","polarity":{"com":0,"pos":0.45833333325000003,"neg":0.54166666675,"neut":0,"none":0},"intensity":{"high":0.02777777775,"low":0.0555555555,"meium":0.91666666675,"none":0},"expressive":{"dir-action":0,"dir-explicit":0.1805555555,"dir-speech":0.6944444445,"indirect":0.125,"writing-device":0}},{"id":"미스터피자-상계점","permalink":"","username":"asdfg","text":"에그 타르트 엣지가 너무 맛있음","date":"Mon Dec 10 23:59:44 +0000 2018","retweets":"30","favorites":"20","mentions":[],"hashtags":[],"geo":"","raw":"에그 타르트 엣지가 너무 맛있음","polarity":{"com":0.0089285715,"pos":0.205357143,"neg":0.732142857,"neut":0.0401785715,"none":0.013392857},"intensity":{"high":0.080357143,"low":0.0535714285,"meium":0.8482142855,"none":0.017857143},"expressive":{"dir-action":0,"dir-explicit":0.1875,"dir-speech":0.65625,"indirect":0.142857143,"writing-device":0.013392857}},{"id":"미스터피자-상계점","permalink":"","username":"asdfg","text":"배달은좀오래걸렸어요 그래도맛은좋아요","date":"Mon Dec 10 23:59:44 +0000 2018","retweets":"30","favorites":"20","mentions":[],"hashtags":[],"geo":"","raw":"배달은좀오래걸렸어요 그래도맛은좋아요","polarity":{"com":0,"pos":0.784,"neg":0.20800000000000002,"neut":0,"none":0.008},"intensity":{"high":0.04,"low":0.008,"meium":0.944,"none":0.008},"expressive":{"dir-action":0,"dir-explicit":0.2,"dir-speech":0.56,"indirect":0.23199999999999998,"writing-device":0.008}},{"id":"미스터피자-상계점","permalink":"","username":"asdfg","text":"너무맛있어요너무맛있어","date":"Mon Dec 10 23:59:44 +0000 2018","retweets":"30","favorites":"20","mentions":[],"hashtags":[],"geo":"","raw":"너무맛있어요너무맛있어","polarity":{"com":0.142857143,"pos":0.142857143,"neg":0.714285714,"neut":0,"none":0},"intensity":{"high":0.142857143,"low":0.142857143,"meium":0.714285714,"none":0},"expressive":{"dir-action":0,"dir-explicit":0.5714285710000001,"dir-speech":0.28571428600000004,"indirect":0.14285714300000002,"writing-device":0}},{"id":"미스터피자-상계점","permalink":"","username":"asdfg","text":"비싼만큼 맛잇엇어요.","date":"Mon Dec 10 23:59:44 +0000 2018","retweets":"30","favorites":"20","mentions":[],"hashtags":[],"geo":"","raw":"비싼만큼 맛잇엇어요.","polarity":{"com":0.007625272333333333,"pos":0.46187363833333334,"neg":0.314814815,"neut":0.14161220033333333,"none":0.074074074},"intensity":{"high":0.04248366001416122,"low":0.13834422637944807,"meium":0.7450980395816993,"none":0.07407407402469136},"expressive":{"dir-action":0,"dir-explicit":0.3616557736666666,"dir-speech":0.5119825706666666,"indirect":0.045751634000000006,"writing-device":0.08061002166666667}},{"id":"미스터피자-상계점","permalink":"","username":"asdfg","text":"피자는 미스터피자ㅎ 그중 쉬림프골드","date":"Mon Dec 10 23:59:44 +0000 2018","retweets":"30","favorites":"20","mentions":[],"hashtags":[],"geo":"","raw":"피자는 미스터피자ㅎ 그중 쉬림프골드","polarity":{"com":0,"pos":0.3174603173174603,"neg":0.5079365085079365,"neut":0.09523809509523809,"none":0.07936507907936508},"intensity":{"high":0.031746032,"low":0.238095238,"meium":0.650793651,"none":0.079365079},"expressive":{"dir-action":0,"dir-explicit":0.158730159,"dir-speech":0.666666667,"indirect":0.079365079,"writing-device":0.095238095}},{"id":"미스터피자-상계점","permalink":"","username":"asdfg","text":"맛의정석입니다 굳 ~~^^","date":"Mon Dec 10 23:59:44 +0000 2018","retweets":"30","favorites":"20","mentions":[],"hashtags":[],"geo":"","raw":"맛의정석입니다 굳 ~~^^","polarity":{"com":0.007625272333333333,"pos":0.7952069716666667,"neg":0.09259259266666665,"neut":0.030501089333333332,"none":0.074074074},"intensity":{"high":0.04248366001416122,"low":0.36056644878685545,"meium":0.522875817174292,"none":0.07407407402469136},"expressive":{"dir-action":0,"dir-explicit":0.47276688466666666,"dir-speech":0.40087145966666665,"indirect":0.045751634000000006,"writing-device":0.08061002166666667}},{"id":"미스터피자-상계점","permalink":"","username":"asdfg","text":"미스터피자 자체는 늘 훌륭합니다. 치우천왕은... 개인적으론 불호입니다","date":"Mon Dec 10 23:59:44 +0000 2018","retweets":"30","favorites":"20","mentions":[],"hashtags":[],"geo":"","raw":"미스터피자 자체는 늘 훌륭합니다. 치우천왕은... 개인적으론 불호입니다","polarity":{"com":0.03523772121409509,"pos":0.4754390507901756,"neg":0.35082544594033016,"neut":0.053218842621287545,"none":0.08527893943411158},"intensity":{"high":0.07036020362814407,"low":0.1001684698400674,"meium":0.744192387097677,"none":0.08527893943411158},"expressive":{"dir-action":0,"dir-explicit":0.17873435980000002,"dir-speech":0.4402660706,"indirect":0.2886244584,"writing-device":0.0923751112}},{"id":"미스터피자-상계점","permalink":"","username":"asdfg","text":"처음 먹어보는데 아주 맛있네요 배달 해주시는분도 너무 친절하시네요","date":"Mon Dec 10 23:59:44 +0000 2018","retweets":"30","favorites":"20","mentions":[],"hashtags":[],"geo":"","raw":"처음 먹어보는데 아주 맛있네요 배달 해주시는분도 너무 친절하시네요","polarity":{"com":0.024193548428571427,"pos":0.35888011114285717,"neg":0.348456587,"neut":0.17048496814285713,"none":0.09798478528571429},"intensity":{"high":0.14185136426544984,"low":0.2506034671070566,"meium":0.5092531636415354,"none":0.09829200498595829},"expressive":{"dir-action":0.0009216589997366689,"dir-explicit":0.1756930730926591,"dir-speech":0.44038841344560326,"indirect":0.28376490363321,"writing-device":0.09923195082879087}},{"id":"미스터피자-상계점","permalink":"","username":"asdfg","text":"미스터피자는 언제나 맛있지요~~","date":"Mon Dec 10 23:59:44 +0000 2018","retweets":"30","favorites":"20","mentions":[],"hashtags":[],"geo":"","raw":"미스터피자는 언제나 맛있지요~~","polarity":{"com":0,"pos":0.1587301585793651,"neg":0.7539682543769841,"neut":0.04761904752380952,"none":0.03968253951984128},"intensity":{"high":0.015873016000000004,"low":0.11904761900000001,"meium":0.8253968255,"none":0.03968253950000001},"expressive":{"dir-action":0,"dir-explicit":0.0793650795,"dir-speech":0.8333333334999999,"indirect":0.0396825395,"writing-device":0.0476190475}},{"id":"미스터피자-상계점","permalink":"","username":"asdfg","text":"따듯하고 맛있었습니다~","date":"Mon Dec 10 23:59:44 +0000 2018","retweets":"30","favorites":"20","mentions":[],"hashtags":[],"geo":"","raw":"따듯하고 맛있었습니다~","polarity":{"com":0.012012012,"pos":0.3063063065,"neg":0.653153153,"neut":0.0165165165,"none":0.012012012},"intensity":{"high":0.057057057,"low":0.042042042,"meium":0.8873873875,"none":0.0135135135},"expressive":{"dir-action":0.0015015015000000005,"dir-explicit":0.15615615600000002,"dir-speech":0.5450450450000001,"indirect":0.28378378400000004,"writing-device":0.013513513500000003}},{"id":"미스터피자-상계점","permalink":"","username":"asdfg","text":"맛이랑 배달 다 괜찮네요","date":"Mon Dec 10 23:59:44 +0000 2018","retweets":"30","favorites":"20","mentions":[],"hashtags":[],"geo":"","raw":"맛이랑 배달 다 괜찮네요","polarity":{"com":0,"pos":1,"neg":0,"neut":0,"none":0},"intensity":{"high":0,"low":0,"meium":1,"none":0},"expressive":{"dir-action":0,"dir-explicit":0,"dir-speech":1,"indirect":0,"writing-device":0}},{"id":"미스터피자-상계점","permalink":"","username":"asdfg","text":"맛있게 잘먹었어요~~","date":"Mon Dec 10 23:59:44 +0000 2018","retweets":"30","favorites":"20","mentions":[],"hashtags":[],"geo":"","raw":"맛있게 잘먹었어요~~","polarity":{"com":0,"pos":0.35714285717857136,"neg":0.6071428573035714,"neut":0.03571428551785714,"none":0},"intensity":{"high":0,"low":0.107142857,"meium":0.8928571430000001,"none":0},"expressive":{"dir-action":0,"dir-explicit":0.107142857,"dir-speech":0.5714285715,"indirect":0.3214285715,"writing-device":0}},{"id":"미스터피자-상계점","permalink":"","username":"asdfg","text":"피자는 항상 여기서 시켜먹고 있어요","date":"Mon Dec 10 23:59:44 +0000 2018","retweets":"30","favorites":"20","mentions":[],"hashtags":[],"geo":"","raw":"피자는 항상 여기서 시켜먹고 있어요","polarity":{"com":0.0022321427505580353,"pos":0.37251984109312997,"neg":0.4588293653647073,"neut":0.032738095258184524,"none":0.13368055553342015},"intensity":{"high":0.04687500000000001,"low":0.12847222225000002,"meium":0.69097222225,"none":0.13368055550000005},"expressive":{"dir-action":0,"dir-explicit":0.144345238,"dir-speech":0.662450397,"indirect":0.0555555555,"writing-device":0.1376488095}},{"id":"미스터피자-상계점","permalink":"","username":"asdfg","text":"맛있고 배달도 빠르네요","date":"Mon Dec 10 23:59:44 +0000 2018","retweets":"30","favorites":"20","mentions":[],"hashtags":[],"geo":"","raw":"맛있고 배달도 빠르네요","polarity":{"com":0,"pos":0.6666666666666666,"neg":0.3333333333333333,"neut":0,"none":0},"intensity":{"high":0,"low":0.111111111,"meium":0.888888889,"none":0},"expressive":{"dir-action":0,"dir-explicit":0,"dir-speech":0.6666666666666666,"indirect":0.3333333333333333,"writing-device":0}},{"id":"미스터피자-상계점","permalink":"","username":"asdfg","text":"역시 미스터피자 맛나요\n배달이 느려서 별하나 뺐어요","date":"Mon Dec 10 23:59:44 +0000 2018","retweets":"30","favorites":"20","mentions":[],"hashtags":[],"geo":"","raw":"역시 미스터피자 맛나요\n배달이 느려서 별하나 뺐어요","polarity":{"com":0,"pos":0.8666666667733335,"neg":0,"neut":0.06666666661333334,"none":0.06666666661333334},"intensity":{"high":0.06666666661333334,"low":0.06666666661333334,"meium":0.8000000001600001,"none":0.06666666661333334},"expressive":{"dir-action":0,"dir-explicit":0.06666666661333334,"dir-speech":0.46666666669333334,"indirect":0.40000000008000003,"writing-device":0.06666666661333334}},{"id":"미스터피자-상계점","permalink":"","username":"asdfg","text":"배달이 너무 빨리와서 놀랐네요ㅋㅋ\n맛있어용~!","date":"Mon Dec 10 23:59:44 +0000 2018","retweets":"30","favorites":"20","mentions":[],"hashtags":[],"geo":"","raw":"배달이 너무 빨리와서 놀랐네요ㅋㅋ\n맛있어용~!","polarity":{"com":0.028571428599999997,"pos":0.3285714286,"neg":0.34285714279999996,"neut":0.3,"none":0},"intensity":{"high":0.028571428599999997,"low":0.028571428599999997,"meium":0.9428571428,"none":0},"expressive":{"dir-action":0,"dir-explicit":0.1142857142,"dir-speech":0.5571428572,"indirect":0.3285714286,"writing-device":0}},{"id":"미스터피자-상계점","permalink":"","username":"asdfg","text":"맛있어서 또 재구매합니다~^^","date":"Mon Dec 10 23:59:44 +0000 2018","retweets":"30","favorites":"20","mentions":[],"hashtags":[],"geo":"","raw":"맛있어서 또 재구매합니다~^^","polarity":{"com":0.006451612997849463,"pos":0.21966205826011267,"neg":0.5937532001354157,"neut":0.02795698932401434,"none":0.15217613928260798},"intensity":{"high":0.046594982,"low":0.03870967733333333,"meium":0.7618023553333333,"none":0.15289298533333334},"expressive":{"dir-action":0.002150537666666667,"dir-explicit":0.15227854600000001,"dir-speech":0.526779314,"indirect":0.11899641566666667,"writing-device":0.19979518666666665}},{"id":"미스터피자-상계점","permalink":"","username":"asdfg","text":"음.. 그냥 빵에 스파게티소스\n바른 맛?.. 배달은 좋았어요!","date":"Mon Dec 10 23:59:44 +0000 2018","retweets":"30","favorites":"20","mentions":[],"hashtags":[],"geo":"","raw":"음.. 그냥 빵에 스파게티소스\n바른 맛?.. 배달은 좋았어요!","polarity":{"com":0,"pos":0.73,"neg":0.26,"neut":0,"none":0.01},"intensity":{"high":0.05,"low":0.01,"meium":0.9299999999999999,"none":0.01},"expressive":{"dir-action":0,"dir-explicit":0.15,"dir-speech":0.8,"indirect":0.04,"writing-device":0.01}},{"id":"미스터피자-상계점","permalink":"","username":"asdfg","text":"맛잇을깡오오오오오오옹","date":"Mon Dec 10 23:59:44 +0000 2018","retweets":"30","favorites":"20","mentions":[],"hashtags":[],"geo":"","raw":"맛잇을깡오오오오오오옹","polarity":{"com":0.0105105105,"pos":0.780780781,"neg":0.174174174,"neut":0.03003003,"none":0.0045045045},"intensity":{"high":0.0705705705,"low":0.057057057,"meium":0.867867868,"none":0.0045045045},"expressive":{"dir-action":0.007507507503753754,"dir-explicit":0.17417417408708707,"dir-speech":0.6591591593295796,"indirect":0.15165165157582586,"writing-device":0.007507507503753754}},{"id":"미스터피자-상계점","permalink":"","username":"asdfg","text":"맛있게잘먹었습니다~~","date":"Mon Dec 10 23:59:44 +0000 2018","retweets":"30","favorites":"20","mentions":[],"hashtags":[],"geo":"","raw":"맛있게잘먹었습니다~~","polarity":{"com":0,"pos":0.35714285717857136,"neg":0.6071428573035714,"neut":0.03571428551785714,"none":0},"intensity":{"high":0,"low":0.107142857,"meium":0.8928571430000001,"none":0},"expressive":{"dir-action":0,"dir-explicit":0.107142857,"dir-speech":0.5714285715,"indirect":0.3214285715,"writing-device":0}},{"id":"미스터피자-상계점","permalink":"","username":"asdfg","text":"배달도 빠르고 맛있어요","date":"Mon Dec 10 23:59:44 +0000 2018","retweets":"30","favorites":"20","mentions":[],"hashtags":[],"geo":"","raw":"배달도 빠르고 맛있어요","polarity":{"com":0,"pos":0.6666666666666666,"neg":0.3333333333333333,"neut":0,"none":0},"intensity":{"high":0,"low":0.111111111,"meium":0.888888889,"none":0},"expressive":{"dir-action":0,"dir-explicit":0,"dir-speech":0.6666666666666666,"indirect":0.3333333333333333,"writing-device":0}},{"id":"미스터피자-상계점","permalink":"","username":"asdfg","text":"너무 맛있게 잘 먹었습니다\n다음에도 꼭 시킬게요~^^*","date":"Mon Dec 10 23:59:44 +0000 2018","retweets":"30","favorites":"20","mentions":[],"hashtags":[],"geo":"","raw":"너무 맛있게 잘 먹었습니다\n다음에도 꼭 시킬게요~^^*","polarity":{"com":0.037500000009375006,"pos":0.2678571428169643,"neg":0.5642857143910714,"neut":0.021428571255357146,"none":0.10892857152723216},"intensity":{"high":0.0714285715,"low":0.11785714274999999,"meium":0.70178571425,"none":0.1089285715},"expressive":{"dir-action":0,"dir-explicit":0.24285714268928568,"dir-speech":0.43214285714196427,"indirect":0.21785714294553568,"writing-device":0.10714285722321429}},{"id":"미스터피자-상계점","permalink":"","username":"asdfg","text":"역시 미스터피자ㅎㅎ 에그타르트 도우맛있어요","date":"Mon Dec 10 23:59:44 +0000 2018","retweets":"30","favorites":"20","mentions":[],"hashtags":[],"geo":"","raw":"역시 미스터피자ㅎㅎ 에그타르트 도우맛있어요","polarity":{"com":0.0023809523341269843,"pos":0.1825396823941799,"neg":0.4428571431476191,"neut":0.11587301570529102,"none":0.25634920641878306},"intensity":{"high":0.04761904768253968,"low":0.14920634904973545,"meium":0.5468253968489418,"none":0.25634920641878306},"expressive":{"dir-action":0,"dir-explicit":0.17301587300000001,"dir-speech":0.5444444443333334,"indirect":0.028571428666666673,"writing-device":0.25396825400000006}},{"id":"미스터피자-상계점","permalink":"","username":"asdfg","text":"아아아아아ㅏ아앙 어무ㅠ조아여","date":"Mon Dec 10 23:59:44 +0000 2018","retweets":"30","favorites":"20","mentions":[],"hashtags":[],"geo":"","raw":"아아아아아ㅏ아앙 어무ㅠ조아여","polarity":{"com":null,"pos":null,"neg":null,"neut":null,"none":null},"intensity":{"high":null,"low":null,"meium":null,"none":null},"expressive":{"dir-action":null,"dir-explicit":null,"dir-speech":null,"indirect":null,"writing-device":null}},{"id":"미스터피자-상계점","permalink":"","username":"asdfg","text":"배달도 빠른 편이고 맛 괜찮아요","date":"Mon Dec 10 23:59:44 +0000 2018","retweets":"30","favorites":"20","mentions":[],"hashtags":[],"geo":"","raw":"배달도 빠른 편이고 맛 괜찮아요","polarity":{"com":0,"pos":0.875,"neg":0,"neut":0.125,"none":0},"intensity":{"high":0,"low":0.20833333325,"meium":0.79166666675,"none":0},"expressive":{"dir-action":0,"dir-explicit":0.25,"dir-speech":0.5,"indirect":0.25,"writing-device":0}},{"id":"미스터피자-상계점","permalink":"","username":"asdfg","text":"연말이라 한시간 넘어서 오고 맛도 별로얐아요","date":"Mon Dec 10 23:59:44 +0000 2018","retweets":"30","favorites":"20","mentions":[],"hashtags":[],"geo":"","raw":"연말이라 한시간 넘어서 오고 맛도 별로얐아요","polarity":{"com":0.006874014,"pos":0.49149199899999996,"neg":0.2860153258,"neut":0.13209375699999998,"none":0.0835249042},"intensity":{"high":0.0984787018,"low":0.0416272256,"meium":0.7740703178,"none":0.0858237548},"expressive":{"dir-action":0.00229885060045977,"dir-explicit":0.1658440388331688,"dir-speech":0.5232814965046563,"indirect":0.21423258964284653,"writing-device":0.0943430244188686}},{"id":"미스터피자-상계점","permalink":"","username":"asdfg","text":"만족합니다~만족해요~","date":"Mon Dec 10 23:59:44 +0000 2018","retweets":"30","favorites":"20","mentions":[],"hashtags":[],"geo":"","raw":"만족합니다~만족해요~","polarity":{"com":0,"pos":0,"neg":1,"neut":0,"none":0},"intensity":{"high":0,"low":0,"meium":1,"none":0},"expressive":{"dir-action":0,"dir-explicit":1,"dir-speech":0,"indirect":0,"writing-device":0}},{"id":"미스터피자-상계점","permalink":"","username":"asdfg","text":"배달이 느리긴 했지만 맛있어ㅛ어요~","date":"Mon Dec 10 23:59:44 +0000 2018","retweets":"30","favorites":"20","mentions":[],"hashtags":[],"geo":"","raw":"배달이 느리긴 했지만 맛있어ㅛ어요~","polarity":{"com":0.0038314176666666665,"pos":0.549227259,"neg":0.186534074,"neut":0.04546041566666666,"none":0.21494683366666667},"intensity":{"high":0.04955013133333333,"low":0.06461750399999999,"meium":0.6670541133333333,"none":0.2187782513333333},"expressive":{"dir-action":0.0038314176666666665,"dir-explicit":0.11356494033333335,"dir-speech":0.516208188,"indirect":0.09875586566666666,"writing-device":0.26763958833333334}},{"id":"미스터피자-상계점","permalink":"","username":"asdfg","text":"주문했는데 아무 연락없이 배달이 안왔습니다. 최악이네요.","date":"Mon Dec 10 23:59:44 +0000 2018","retweets":"30","favorites":"20","mentions":[],"hashtags":[],"geo":"","raw":"주문했는데 아무 연락없이 배달이 안왔습니다. 최악이네요.","polarity":{"com":0,"pos":0.4485294118621323,"neg":0.49264705887316174,"neut":0.04411764701102941,"none":0.014705882253676469},"intensity":{"high":0.4191176471047794,"low":0.014705882253676474,"meium":0.5514705883878676,"none":0.01470588225367647},"expressive":{"dir-action":0,"dir-explicit":0.5294117647500001,"dir-speech":0.029411764750000003,"indirect":0.42647058825000006,"writing-device":0.014705882250000002}},{"id":"미스터피자-상계점","permalink":"","username":"asdfg","text":"맛잇고 예상배달시간 보다 빨리왓어요~굳이에용","date":"Mon Dec 10 23:59:44 +0000 2018","retweets":"30","favorites":"20","mentions":[],"hashtags":[],"geo":"","raw":"맛잇고 예상배달시간 보다 빨리왓어요~굳이에용","polarity":{"com":0,"pos":0.5833333333333334,"neg":0.4166666666666667,"neut":0,"none":0},"intensity":{"high":0.16666666666666666,"low":0,"meium":0.8333333333333334,"none":0},"expressive":{"dir-action":0,"dir-explicit":0.3333333333333333,"dir-speech":0.5,"indirect":0.16666666666666666,"writing-device":0}},{"id":"미스터피자-상계점","permalink":"","username":"asdfg","text":"맛은 있는데...\n맛있어서 다먹음...\n그런데 피클좀 많이 달라고 했는데...\n피클을 너무 조금 줘서 집앞 슈퍼에서 사다 먹었네요...\n담엔 피클 많이 주세요.","date":"Mon Dec 10 23:59:44 +0000 2018","retweets":"30","favorites":"20","mentions":[],"hashtags":[],"geo":"","raw":"맛은 있는데...\n맛있어서 다먹음...\n그런데 피클좀 많이 달라고 했는데...\n피클을 너무 조금 줘서 집앞 슈퍼에서 사다 먹었네요...\n담엔 피클 많이 주세요.","polarity":{"com":0.0034536537499999993,"pos":0.49474767241666656,"neg":0.3583541979166666,"neut":0.06465424783333333,"none":0.07879022808333332},"intensity":{"high":0.08590710473568217,"low":0.1448805641425199,"meium":0.6894642486350894,"none":0.07974808248670867},"expressive":{"dir-action":0.002209105666850759,"dir-explicit":0.3037815832753151,"dir-speech":0.49915412645826285,"indirect":0.11269089284272424,"writing-device":0.08216429175684702}},{"id":"미스터피자-상계점","permalink":"","username":"asdfg","text":"배달은85분걸리고피자는식은정도가아니라 치즈가다굳어서왔어요 일전에도 그랬고 이번에  또피자치즈가굳어서왔어요 아무리날씨가춥고 크리스마스라배달이밀렸다고해도 이건 넘심하네요 다시는안시켜먹을겁니다","date":"Mon Dec 10 23:59:44 +0000 2018","retweets":"30","favorites":"20","mentions":[],"hashtags":[],"geo":"","raw":"배달은85분걸리고피자는식은정도가아니라 치즈가다굳어서왔어요 일전에도 그랬고 이번에  또피자치즈가굳어서왔어요 아무리날씨가춥고 크리스마스라배달이밀렸다고해도 이건 넘심하네요 다시는안시켜먹을겁니다","polarity":{"com":0.009258326043075724,"pos":0.4474722479370665,"neg":0.3523276137238118,"neut":0.053335798475941915,"none":0.1376060138201041},"intensity":{"high":0.1111938092946788,"low":0.12814346703233537,"meium":0.6213923633807484,"none":0.13927036029223736},"expressive":{"dir-action":0.0004997501303913261,"dir-explicit":0.3097371577121968,"dir-speech":0.35752708649064974,"indirect":0.18253211524499718,"writing-device":0.14970389042176488}},{"id":"미스터피자-상계점","permalink":"","username":"asdfg","text":"맛나요 .맛도양도적당합니다~~","date":"Mon Dec 10 23:59:44 +0000 2018","retweets":"30","favorites":"20","mentions":[],"hashtags":[],"geo":"","raw":"맛나요 .맛도양도적당합니다~~","polarity":{"com":0.00571895425,"pos":0.59640522875,"neg":0.3194444445,"neut":0.022875817,"none":0.0555555555},"intensity":{"high":0.03186274500796568,"low":0.14542483653635618,"meium":0.7671568629417892,"none":0.05555555551388888},"expressive":{"dir-action":0,"dir-explicit":0.10457516350000001,"dir-speech":0.5506535947500001,"indirect":0.28431372550000006,"writing-device":0.06045751625000001}},{"id":"미스터피자-상계점","permalink":"","username":"asdfg","text":"역시 도미노가 맛은 있어요\n오래걸려문제지","date":"Mon Dec 10 23:59:44 +0000 2018","retweets":"30","favorites":"20","mentions":[],"hashtags":[],"geo":"","raw":"역시 도미노가 맛은 있어요\n오래걸려문제지","polarity":{"com":0.008701574002175394,"pos":0.27499495556874876,"neg":0.5059019371264755,"neut":0.11189719527797432,"none":0.0985043380246261},"intensity":{"high":0.06560230028280115,"low":0.14401735257200868,"meium":0.6896438660948219,"none":0.10073648105036825},"expressive":{"dir-action":0,"dir-explicit":0.24487994356121998,"dir-speech":0.30128884182532223,"indirect":0.35532687658883166,"writing-device":0.09850433802462609}},{"id":"미스터피자-상계점","permalink":"","username":"asdfg","text":"흥선대원군이 오열했어요","date":"Mon Dec 10 23:59:44 +0000 2018","retweets":"30","favorites":"20","mentions":[],"hashtags":[],"geo":"","raw":"흥선대원군이 오열했어요","polarity":{"com":0.016730614338910203,"pos":0.42176913714058967,"neg":0.43371777147790586,"neut":0.08907159669635718,"none":0.03871088034623696},"intensity":{"high":0.09241928336413976,"low":0.16212762005404252,"meium":0.7045569415681856,"none":0.04089615501363204},"expressive":{"dir-action":0.0036189663345396555,"dir-explicit":0.2956018567652006,"dir-speech":0.44084126781361377,"indirect":0.21446759473815588,"writing-device":0.04547031434849011}},{"id":"미스터피자-상계점","permalink":"","username":"asdfg","text":"맛있는데아주쪼금짭니다","date":"Mon Dec 10 23:59:44 +0000 2018","retweets":"30","favorites":"20","mentions":[],"hashtags":[],"geo":"","raw":"맛있는데아주쪼금짭니다","polarity":{"com":0,"pos":0.375,"neg":0.625,"neut":0,"none":0},"intensity":{"high":0.125,"low":0,"meium":0.875,"none":0},"expressive":{"dir-action":0,"dir-explicit":0,"dir-speech":0.625,"indirect":0.375,"writing-device":0}},{"id":"미스터피자-상계점","permalink":"","username":"asdfg","text":"피자샌드 은근 맛있네요. 배달도 정해진시간에 오고 좋은듯요","date":"Mon Dec 10 23:59:44 +0000 2018","retweets":"30","favorites":"20","mentions":[],"hashtags":[],"geo":"","raw":"피자샌드 은근 맛있네요. 배달도 정해진시간에 오고 좋은듯요","polarity":{"com":0,"pos":0.5283333333333333,"neg":0.35388888883333336,"neut":0.08333333333333333,"none":0.0344444445},"intensity":{"high":0.0749999999875,"low":0.034444444494259256,"meium":0.8561111110239815,"none":0.034444444494259256},"expressive":{"dir-action":0,"dir-explicit":0.16944444449999996,"dir-speech":0.5888888888333333,"indirect":0.20722222216666664,"writing-device":0.0344444445}},{"id":"미스터피자-상계점","permalink":"","username":"asdfg","text":"오랫만에 먹었는데 맛있네요..요즘은 토핑이 과한게 부담스러울때 좋은거같아요","date":"Mon Dec 10 23:59:44 +0000 2018","retweets":"30","favorites":"20","mentions":[],"hashtags":[],"geo":"","raw":"오랫만에 먹었는데 맛있네요..요즘은 토핑이 과한게 부담스러울때 좋은거같아요","polarity":{"com":0.013326210746668446,"pos":0.2998308889250423,"neg":0.6129321082217669,"neut":0.06857218235785695,"none":0.005338609748665348},"intensity":{"high":0.08285445677071361,"low":0.12418381703104596,"meium":0.7870724556967681,"none":0.00588927050147232},"expressive":{"dir-action":0.0005506607501376651,"dir-explicit":0.21874465567968618,"dir-speech":0.533455791508364,"indirect":0.11635962152908991,"writing-device":0.1308892705327223}},{"id":"미스터피자-상계점","permalink":"","username":"asdfg","text":"개살이 다른지점에 비해 너무 없음","date":"Mon Dec 10 23:59:44 +0000 2018","retweets":"30","favorites":"20","mentions":[],"hashtags":[],"geo":"","raw":"개살이 다른지점에 비해 너무 없음","polarity":{"com":0.047619047666666664,"pos":0.21428571433333332,"neg":0.738095238,"neut":0,"none":0},"intensity":{"high":0.047619047666666664,"low":0.380952381,"meium":0.5714285713333332,"none":0},"expressive":{"dir-action":0,"dir-explicit":0.19047619033333332,"dir-speech":0.5952380953333333,"indirect":0.21428571433333332,"writing-device":0}},{"id":"미스터피자-상계점","permalink":"","username":"asdfg","text":"좀 짰다. 가장자리에 들어간 고구마무스가 양이 적었다. 식감이 좀 딱딱했다.","date":"Mon Dec 10 23:59:44 +0000 2018","retweets":"30","favorites":"20","mentions":[],"hashtags":[],"geo":"","raw":"좀 짰다. 가장자리에 들어간 고구마무스가 양이 적었다. 식감이 좀 딱딱했다.","polarity":{"com":0.0035714286,"pos":0.5821428572,"neg":0.3428571428,"neut":0.06607142860000001,"none":0.0053571428},"intensity":{"high":0.0321428572,"low":0.12142857139999999,"meium":0.8392857141999999,"none":0.007142857199999998},"expressive":{"dir-action":0,"dir-explicit":0.23500000000000001,"dir-speech":0.4525,"indirect":0.3071428572,"writing-device":0.0053571428}},{"id":"미스터피자-상계점","permalink":"","username":"asdfg","text":"배달 빠르고 잘 먹었습니다","date":"Mon Dec 10 23:59:44 +0000 2018","retweets":"30","favorites":"20","mentions":[],"hashtags":[],"geo":"","raw":"배달 빠르고 잘 먹었습니다","polarity":{"com":0,"pos":0.8571428574285714,"neg":0.10714285705357143,"neut":0.035714285517857144,"none":0},"intensity":{"high":0,"low":0.107142857,"meium":0.8928571430000001,"none":0},"expressive":{"dir-action":0,"dir-explicit":0.107142857,"dir-speech":0.5714285715,"indirect":0.3214285715,"writing-device":0}},{"id":"미스터피자-상계점","permalink":"","username":"asdfg","text":"맛있었네요\n잘먹었어요","date":"Mon Dec 10 23:59:44 +0000 2018","retweets":"30","favorites":"20","mentions":[],"hashtags":[],"geo":"","raw":"맛있었네요\n잘먹었어요","polarity":{"com":0,"pos":0.35714285717857136,"neg":0.6071428573035714,"neut":0.03571428551785714,"none":0},"intensity":{"high":0,"low":0.107142857,"meium":0.8928571430000001,"none":0},"expressive":{"dir-action":0,"dir-explicit":0.107142857,"dir-speech":0.5714285715,"indirect":0.3214285715,"writing-device":0}},{"id":"미스터피자-상계점","permalink":"","username":"asdfg","text":"맛있어요","date":"Mon Dec 10 23:59:44 +0000 2018","retweets":"30","favorites":"20","mentions":[],"hashtags":[],"geo":"","raw":"맛있어요","polarity":{"com":0,"pos":0,"neg":1,"neut":0,"none":0},"intensity":{"high":0,"low":0,"meium":1,"none":0},"expressive":{"dir-action":0,"dir-explicit":0,"dir-speech":1,"indirect":0,"writing-device":0}},{"id":"미스터피자-상계점","permalink":"","username":"asdfg","text":"이거첨  먹어봤는데 맛있구요. 엣지 해쉬포테이토했는데 넘괜찮아요.구운갈릭이 토핑처럼 올라가있는데 바삭하니맛나요","date":"Mon Dec 10 23:59:44 +0000 2018","retweets":"30","favorites":"20","mentions":[],"hashtags":[],"geo":"","raw":"이거첨  먹어봤는데 맛있구요. 엣지 해쉬포테이토했는데 넘괜찮아요.구운갈릭이 토핑처럼 올라가있는데 바삭하니맛나요","polarity":{"com":0.10616860959999999,"pos":0.36530195070000004,"neg":0.4812182324,"neut":0.0240942212,"none":0.0232169861},"intensity":{"high":0.0671565458,"low":0.0796946626,"meium":0.8281267977999999,"none":0.025021993800000003},"expressive":{"dir-action":0.002235115200447023,"dir-explicit":0.2961217173592244,"dir-speech":0.5797428018159485,"indirect":0.09479457511895892,"writing-device":0.027105790505421157}},{"id":"미스터피자-상계점","permalink":"","username":"asdfg","text":"완전맛있고 완전빠름...\n처음주문해서먹어봤는데 언제올지도잘알려주고 너무괜찮으네요~~^^","date":"Mon Dec 10 23:59:44 +0000 2018","retweets":"30","favorites":"20","mentions":[],"hashtags":[],"geo":"","raw":"완전맛있고 완전빠름...\n처음주문해서먹어봤는데 언제올지도잘알려주고 너무괜찮으네요~~^^","polarity":{"com":0.03817747366242472,"pos":0.4166550295092606,"neg":0.4525593881719378,"neut":0.020165557219981606,"none":0.07244255143639527},"intensity":{"high":0.15991197168443466,"low":0.08396303012044033,"meium":0.6834434980759381,"none":0.07268150011918684},"expressive":{"dir-action":0.0007168458887295898,"dir-explicit":0.2996692476000735,"dir-speech":0.3305794762598712,"indirect":0.29738552960058096,"writing-device":0.07164890065074468}},{"id":"미스터피자-상계점","permalink":"","username":"asdfg","text":"언제나 맛있는 쉬림프","date":"Mon Dec 10 23:59:44 +0000 2018","retweets":"30","favorites":"20","mentions":[],"hashtags":[],"geo":"","raw":"언제나 맛있는 쉬림프","polarity":{"com":0,"pos":0,"neg":1,"neut":0,"none":0},"intensity":{"high":0,"low":0,"meium":1,"none":0},"expressive":{"dir-action":0,"dir-explicit":0,"dir-speech":1,"indirect":0,"writing-device":0}},{"id":"미스터피자-상계점","permalink":"","username":"asdfg","text":"맛나게먹었어요 ~","date":"Mon Dec 10 23:59:44 +0000 2018","retweets":"30","favorites":"20","mentions":[],"hashtags":[],"geo":"","raw":"맛나게먹었어요 ~","polarity":{"com":0,"pos":0.333333333,"neg":0.666666667,"neut":0,"none":0},"intensity":{"high":0.111111111,"low":0.222222222,"meium":0.666666667,"none":0},"expressive":{"dir-action":0,"dir-explicit":0.222222222,"dir-speech":0.777777778,"indirect":0,"writing-device":0}},{"id":"미스터피자-상계점","permalink":"","username":"asdfg","text":"항상 잘먹고 있습니다","date":"Mon Dec 10 23:59:44 +0000 2018","retweets":"30","favorites":"20","mentions":[],"hashtags":[],"geo":"","raw":"항상 잘먹고 있습니다","polarity":{"com":0,"pos":0.6666666665000001,"neg":0.3333333335,"neut":0,"none":0},"intensity":{"high":0.0555555555,"low":0.111111111,"meium":0.8333333334999999,"none":0},"expressive":{"dir-action":0,"dir-explicit":0.361111111,"dir-speech":0.638888889,"indirect":0,"writing-device":0}},{"id":"미스터피자-상계점","permalink":"","username":"asdfg","text":"짜지않게 해달라했는대 한입먹고 짜서 \n어머니랑 둘다못먹고 다시해달라고 주문하고  기다리는중ㆍ또55분 기다려야하나??쩝 배고푼대\n또짜면 우째ㆍㆍ","date":"Mon Dec 10 23:59:44 +0000 2018","retweets":"30","favorites":"20","mentions":[],"hashtags":[],"geo":"","raw":"짜지않게 해달라했는대 한입먹고 짜서 \n어머니랑 둘다못먹고 다시해달라고 주문하고  기다리는중ㆍ또55분 기다려야하나??쩝 배고푼대\n또짜면 우째ㆍㆍ","polarity":{"com":0.0016420361426225662,"pos":0.5476776915646174,"neg":0.33128078830981705,"neut":0.020056298354277673,"none":0.09934318562866526},"intensity":{"high":0.10882398940525201,"low":0.11613495976082823,"meium":0.6740558290698452,"none":0.10098522176407458},"expressive":{"dir-action":0.019499179002785597,"dir-explicit":0.19759168038537026,"dir-speech":0.3589999218369999,"indirect":0.2992317616856045,"writing-device":0.12467745708923962}},{"id":"미스터피자-상계점","permalink":"","username":"asdfg","text":"빵이 약간 뻗뻗했어요. 피자보다 스파게티가 더 나았습니다","date":"Mon Dec 10 23:59:44 +0000 2018","retweets":"30","favorites":"20","mentions":[],"hashtags":[],"geo":"","raw":"빵이 약간 뻗뻗했어요. 피자보다 스파게티가 더 나았습니다","polarity":{"com":0.024347073500000004,"pos":0.42121617400000005,"neg":0.452407174,"neut":0.08423143500000001,"none":0.017798143500000002},"intensity":{"high":0.1332205790666103,"low":0.11965072355982537,"meium":0.7226636248613318,"none":0.024465072512232535},"expressive":{"dir-action":0.002202643001101321,"dir-explicit":0.3945484581972742,"dir-speech":0.3368667401684333,"indirect":0.24638137212319067,"writing-device":0.020000786510000392}},{"id":"미스터피자-상계점","permalink":"","username":"asdfg","text":"피자가 많이 식어서 왔네요 스파게티면도 덜익은 상태고\n좀 실망스럽네오","date":"Mon Dec 10 23:59:44 +0000 2018","retweets":"30","favorites":"20","mentions":[],"hashtags":[],"geo":"","raw":"피자가 많이 식어서 왔네요 스파게티면도 덜익은 상태고\n좀 실망스럽네오","polarity":{"com":0.011105275375000001,"pos":0.5608076563750001,"neg":0.25226423912500007,"neut":0.09358076562500002,"none":0.08224206350000002},"intensity":{"high":0.09156162463644521,"low":0.1673552753959194,"meium":0.6588410364573551,"none":0.08224206351028027},"expressive":{"dir-action":0,"dir-explicit":0.34819094308147613,"dir-speech":0.38625116707671864,"indirect":0.1817577031022803,"writing-device":0.08380018673952498}},{"id":"미스터피자-상계점","permalink":"","username":"asdfg","text":"맛있어요","date":"Mon Dec 10 23:59:44 +0000 2018","retweets":"30","favorites":"20","mentions":[],"hashtags":[],"geo":"","raw":"맛있어요","polarity":{"com":0,"pos":0,"neg":1,"neut":0,"none":0},"intensity":{"high":0,"low":0,"meium":1,"none":0},"expressive":{"dir-action":0,"dir-explicit":0,"dir-speech":1,"indirect":0,"writing-device":0}},{"id":"미스터피자-상계점","permalink":"","username":"asdfg","text":"맛있어요. 그런데... 콤보 피자가 불고기 피자로 온듯?","date":"Mon Dec 10 23:59:44 +0000 2018","retweets":"30","favorites":"20","mentions":[],"hashtags":[],"geo":"","raw":"맛있어요. 그런데... 콤보 피자가 불고기 피자로 온듯?","polarity":{"com":0.00446428575,"pos":0.3526785715,"neg":0.44940476175,"neut":0.14508928575,"none":0.048363095249999995},"intensity":{"high":0.04017857148995536,"low":0.06845238098288689,"meium":0.8407738092898066,"none":0.05059523823735118},"expressive":{"dir-action":0,"dir-explicit":0.13541666675,"dir-speech":0.53645833325,"indirect":0.27976190474999996,"writing-device":0.048363095249999995}},{"id":"미스터피자-상계점","permalink":"","username":"asdfg","text":"하프앤하프 언제 먹어도 맛있어요ㅎ","date":"Mon Dec 10 23:59:44 +0000 2018","retweets":"30","favorites":"20","mentions":[],"hashtags":[],"geo":"","raw":"하프앤하프 언제 먹어도 맛있어요ㅎ","polarity":{"com":0,"pos":0,"neg":1,"neut":0,"none":0},"intensity":{"high":0.5,"low":0,"meium":0.5,"none":0},"expressive":{"dir-action":0,"dir-explicit":0,"dir-speech":1,"indirect":0,"writing-device":0}},{"id":"미스터피자-상계점","permalink":"","username":"asdfg","text":"마싯다","date":"Mon Dec 10 23:59:44 +0000 2018","retweets":"30","favorites":"20","mentions":[],"hashtags":[],"geo":"","raw":"마싯다","polarity":{"com":null,"pos":null,"neg":null,"neut":null,"none":null},"intensity":{"high":null,"low":null,"meium":null,"none":null},"expressive":{"dir-action":null,"dir-explicit":null,"dir-speech":null,"indirect":null,"writing-device":null}},{"id":"미스터피자-상계점","permalink":"","username":"asdfg","text":"언제 먹어도 맛있어요 최고","date":"Mon Dec 10 23:59:44 +0000 2018","retweets":"30","favorites":"20","mentions":[],"hashtags":[],"geo":"","raw":"언제 먹어도 맛있어요 최고","polarity":{"com":0,"pos":0.2962962963333333,"neg":0.7037037036666667,"neut":0,"none":0},"intensity":{"high":0.5925925926666666,"low":0,"meium":0.40740740733333336,"none":0},"expressive":{"dir-action":0,"dir-explicit":0,"dir-speech":0.6666666666666666,"indirect":0.3333333333333333,"writing-device":0}},{"id":"미스터피자-상계점","permalink":"","username":"asdfg","text":"너무 짜다. 아이들이 먹기에는 짜요. 어른이 먹기에도 짜요 .짜요짜요짜요.ㅜㅜ","date":"Mon Dec 10 23:59:44 +0000 2018","retweets":"30","favorites":"20","mentions":[],"hashtags":[],"geo":"","raw":"너무 짜다. 아이들이 먹기에는 짜요. 어른이 먹기에도 짜요 .짜요짜요짜요.ㅜㅜ","polarity":{"com":0.03395213683899202,"pos":0.415323691902554,"neg":0.3781833438963639,"neut":0.04818880067469813,"none":0.12435202668739201},"intensity":{"high":0.09177302836392434,"low":0.11818267187272755,"meium":0.6649580587216527,"none":0.12508624104169544},"expressive":{"dir-action":0.0007342143333333333,"dir-explicit":0.29137843100000005,"dir-speech":0.38603813533333337,"indirect":0.192039978,"writing-device":0.12980924133333335}},{"id":"미스터피자-상계점","permalink":"","username":"asdfg","text":"역쉬 미스터 언제먹어도 굿 나트륨양만 조금만더 줄여주심 좋겠네여 조금 짭잘하네용 ㅎㅎ","date":"Mon Dec 10 23:59:44 +0000 2018","retweets":"30","favorites":"20","mentions":[],"hashtags":[],"geo":"","raw":"역쉬 미스터 언제먹어도 굿 나트륨양만 조금만더 줄여주심 좋겠네여 조금 짭잘하네용 ㅎㅎ","polarity":{"com":0.0024193548756048385,"pos":0.474387923868597,"neg":0.31991935482997985,"neut":0.0858043837714511,"none":0.11746898265436724},"intensity":{"high":0.193114144,"low":0.21983664175,"meium":0.469311414375,"none":0.11773779987500001},"expressive":{"dir-action":0.000806451625,"dir-explicit":0.296939619625,"dir-speech":0.3759305210000001,"indirect":0.21526468162499998,"writing-device":0.111058726125}},{"id":"미스터피자-상계점","permalink":"","username":"asdfg","text":"맛있어요^^","date":"Mon Dec 10 23:59:44 +0000 2018","retweets":"30","favorites":"20","mentions":[],"hashtags":[],"geo":"","raw":"맛있어요^^","polarity":{"com":0,"pos":0,"neg":1,"neut":0,"none":0},"intensity":{"high":0,"low":0,"meium":1,"none":0},"expressive":{"dir-action":0,"dir-explicit":0,"dir-speech":1,"indirect":0,"writing-device":0}},{"id":"미스터피자-상계점","permalink":"","username":"asdfg","text":"빨리 도착해서 따뜻하게 잘먹었어요","date":"Mon Dec 10 23:59:44 +0000 2018","retweets":"30","favorites":"20","mentions":[],"hashtags":[],"geo":"","raw":"빨리 도착해서 따뜻하게 잘먹었어요","polarity":{"com":0.004838709751209677,"pos":0.6826036866706509,"neg":0.2667434715666858,"neut":0.03882488475970621,"none":0.006989247251747312},"intensity":{"high":0.0349462365,"low":0.0826036865,"meium":0.8749231952500001,"none":0.00752688175},"expressive":{"dir-action":0.00161290325,"dir-explicit":0.25706605225,"dir-speech":0.10937019975000001,"indirect":0.6249615975,"writing-device":0.00698924725}},{"id":"미스터피자-상계점","permalink":"","username":"asdfg","text":"비싼맛","date":"Mon Dec 10 23:59:44 +0000 2018","retweets":"30","favorites":"20","mentions":[],"hashtags":[],"geo":"","raw":"비싼맛","polarity":{"com":0,"pos":0.5,"neg":0.3333333335,"neut":0.1666666665,"none":0},"intensity":{"high":0,"low":0.1666666665,"meium":0.8333333334999999,"none":0},"expressive":{"dir-action":0,"dir-explicit":0.3333333335,"dir-speech":0.6666666665000001,"indirect":0,"writing-device":0}},{"id":"미스터피자-상계점","permalink":"","username":"asdfg","text":"보너스파우치시켰어여..빠른배달 친절하시구여.샐러드에 피자에 스파게티에 둘이서 흡입 짱짱짱!!","date":"Mon Dec 10 23:59:44 +0000 2018","retweets":"30","favorites":"20","mentions":[],"hashtags":[],"geo":"","raw":"보너스파우치시켰어여..빠른배달 친절하시구여.샐러드에 피자에 스파게티에 둘이서 흡입 짱짱짱!!","polarity":{"com":0.01254796075,"pos":0.7369617735,"neg":0.1983042015,"neut":0.04299417375,"none":0.009191890500000001},"intensity":{"high":0.06137795451534449,"low":0.1454052387863513,"meium":0.7823859601955966,"none":0.010830846502707712},"expressive":{"dir-action":0.002714224750678556,"dir-explicit":0.18201885279550473,"dir-speech":0.41396428410349106,"indirect":0.3910094263477524,"writing-device":0.010293212002573302}},{"id":"미스터피자-상계점","permalink":"","username":"asdfg","text":"좋아","date":"Mon Dec 10 23:59:44 +0000 2018","retweets":"30","favorites":"20","mentions":[],"hashtags":[],"geo":"","raw":"좋아","polarity":{"com":null,"pos":null,"neg":null,"neut":null,"none":null},"intensity":{"high":null,"low":null,"meium":null,"none":null},"expressive":{"dir-action":null,"dir-explicit":null,"dir-speech":null,"indirect":null,"writing-device":null}},{"id":"미스터피자-상계점","permalink":"","username":"asdfg","text":"시간정확 신속배달\n맛좋당^^","date":"Mon Dec 10 23:59:44 +0000 2018","retweets":"30","favorites":"20","mentions":[],"hashtags":[],"geo":"","raw":"시간정확 신속배달\n맛좋당^^","polarity":{"com":0,"pos":0.7233333333333333,"neg":0.26333333333333336,"neut":0,"none":0.013333333333333334},"intensity":{"high":0.15,"low":0.013333333333333334,"meium":0.8233333333333333,"none":0.013333333333333334},"expressive":{"dir-action":0,"dir-explicit":0.2833333333333333,"dir-speech":0.5666666666666667,"indirect":0.1366666666666667,"writing-device":0.013333333333333334}},{"id":"미스터피자-상계점","permalink":"","username":"asdfg","text":"주문도 정확했고 소요시간도 비슷했어요. 참 편리하네요..^^","date":"Mon Dec 10 23:59:44 +0000 2018","retweets":"30","favorites":"20","mentions":[],"hashtags":[],"geo":"","raw":"주문도 정확했고 소요시간도 비슷했어요. 참 편리하네요..^^","polarity":{"com":0.003870967799999999,"pos":0.5032258063999999,"neg":0.47053763439999996,"neut":0.016774193599999997,"none":0.005591397799999999},"intensity":{"high":0.22795698920000002,"low":0.0232258064,"meium":0.742795699,"none":0.0060215054},"expressive":{"dir-action":0.0012903226,"dir-explicit":0.862795699,"dir-speech":0.058924731200000004,"indirect":0.0713978494,"writing-device":0.0055913978}},{"id":"미스터피자-상계점","permalink":"","username":"asdfg","text":"주문이 잘못들어갓는지 크림파스타가 아닌 미트스파게티가왔네오ㅜ","date":"Mon Dec 10 23:59:44 +0000 2018","retweets":"30","favorites":"20","mentions":[],"hashtags":[],"geo":"","raw":"주문이 잘못들어갓는지 크림파스타가 아닌 미트스파게티가왔네오ㅜ","polarity":{"com":0.005952381,"pos":0.6035714286666667,"neg":0.3547619046666666,"neut":0.026785714333333335,"none":0.008928571333333333},"intensity":{"high":0.17023809533333334,"low":0.06904761899999999,"meium":0.7488095236666666,"none":0.011904762},"expressive":{"dir-action":0,"dir-explicit":0.6416666666666668,"dir-speech":0.1375,"indirect":0.211904762,"writing-device":0.008928571333333335}}]