[{"id":"24시 리츠델리피자CESCO","permalink":"","username":"asdfg","text":"맛있어요 또시켜먹을게요","date":"Mon Dec 10 23:59:44 +0000 2018","retweets":"30","favorites":"20","mentions":[],"hashtags":[],"geo":"","raw":"맛있어요 또시켜먹을게요","polarity":{"com":0,"pos":0.1587301586137566,"neg":0.6984126984338624,"neut":0,"none":0.14285714295238094},"intensity":{"high":0.037037037,"low":0.074074074,"meium":0.746031746,"none":0.142857143},"expressive":{"dir-action":0,"dir-explicit":0.12169312166666667,"dir-speech":0.687830688,"indirect":0,"writing-device":0.19047619033333332}},{"id":"24시 리츠델리피자CESCO","permalink":"","username":"asdfg","text":"마시쓰 마시쓰 페파로니 마시쓰","date":"Mon Dec 10 23:59:44 +0000 2018","retweets":"30","favorites":"20","mentions":[],"hashtags":[],"geo":"","raw":"마시쓰 마시쓰 페파로니 마시쓰","polarity":{"com":0,"pos":0,"neg":0,"neut":1,"none":0},"intensity":{"high":0,"low":0,"meium":0,"none":1},"expressive":{"dir-action":0,"dir-explicit":1,"dir-speech":0,"indirect":0,"writing-device":0}},{"id":"24시 리츠델리피자CESCO","permalink":"","username":"asdfg","text":"잘먹었습니당 ㅅ ㅎ","date":"Mon Dec 10 23:59:44 +0000 2018","retweets":"30","favorites":"20","mentions":[],"hashtags":[],"geo":"","raw":"잘먹었습니당 ㅅ ㅎ","polarity":{"com":0,"pos":0.7142857147142857,"neg":0.21428571421428572,"neut":0.07142857107142857,"none":0},"intensity":{"high":0,"low":0.214285714,"meium":0.785714286,"none":0},"expressive":{"dir-action":0,"dir-explicit":0.214285714,"dir-speech":0.142857143,"indirect":0.642857143,"writing-device":0}},{"id":"24시 리츠델리피자CESCO","permalink":"","username":"asdfg","text":"충격의. 피클과 할라피뇨의. 허......","date":"Mon Dec 10 23:59:44 +0000 2018","retweets":"30","favorites":"20","mentions":[],"hashtags":[],"geo":"","raw":"충격의............ 피클과 할라피뇨의........... 허......","polarity":{"com":0.013247613662250796,"pos":0.3012533278995822,"neg":0.5766608221411131,"neut":0.04182089731939303,"none":0.06701733897766088},"intensity":{"high":0.4187284887208477,"low":0.10429248659713837,"meium":0.40613026806257985,"none":0.07084875661943418},"expressive":{"dir-action":0.003831417667943805,"dir-explicit":0.4641859861547286,"dir-speech":0.24904214541634737,"indirect":0.20442885906814293,"writing-device":0.07851159169283718}},{"id":"24시 리츠델리피자CESCO","permalink":"","username":"asdfg","text":"빠르기는 보통이에요. 맛은 먹을만하고요. ^^","date":"Mon Dec 10 23:59:44 +0000 2018","retweets":"30","favorites":"20","mentions":[],"hashtags":[],"geo":"","raw":"빠르기는 보통이에요. 맛은 먹을만하고요. ^^","polarity":{"com":0.005718954251429738,"pos":0.5091036413772759,"neg":0.36309523834077384,"neut":0.046685340761671336,"none":0.07539682526884921},"intensity":{"high":0.06757703076689425,"low":0.13550420153387605,"meium":0.7215219424303804,"none":0.0753968252688492},"expressive":{"dir-action":0,"dir-explicit":0.19981325875,"dir-speech":0.661764706,"indirect":0.054154995250000004,"writing-device":0.08426704}},{"id":"24시 리츠델리피자CESCO","permalink":"","username":"asdfg","text":"쿠폰은 외 않 주시나요?","date":"Mon Dec 10 23:59:44 +0000 2018","retweets":"30","favorites":"20","mentions":[],"hashtags":[],"geo":"","raw":"쿠폰은 외 않 주시나요?","polarity":{"com":0.008474576500000002,"pos":0.4779661015,"neg":0.4796610170000001,"neut":0.016949152500000002,"none":0.016949152500000002},"intensity":{"high":0.05084745752542373,"low":0.06779661003389831,"meium":0.8644067799322034,"none":0.016949152508474577},"expressive":{"dir-action":0,"dir-explicit":0.38559322050000006,"dir-speech":0.32966101700000006,"indirect":0.26779661000000005,"writing-device":0.016949152500000002}},{"id":"24시 리츠델리피자CESCO","permalink":"","username":"asdfg","text":"페푸로니 피자 노뮤 마시쎠여","date":"Mon Dec 10 23:59:44 +0000 2018","retweets":"30","favorites":"20","mentions":[],"hashtags":[],"geo":"","raw":"페푸로니 피자 노뮤 마시쎠여","polarity":{"com":0,"pos":0.3333333335,"neg":0.1666666665,"neut":0.5,"none":0},"intensity":{"high":0,"low":0,"meium":0.5,"none":0.5},"expressive":{"dir-action":0,"dir-explicit":0.5,"dir-speech":0.3333333335,"indirect":0.1666666665,"writing-device":0}},{"id":"24시 리츠델리피자CESCO","permalink":"","username":"asdfg","text":"파마가 잘 됐네요 ㅎㅎ 역시 피자는 이 집입니당","date":"Mon Dec 10 23:59:44 +0000 2018","retweets":"30","favorites":"20","mentions":[],"hashtags":[],"geo":"","raw":"파마가 잘 됐네요 ㅎㅎ 역시 피자는 이 집입니당","polarity":{"com":0.014892183399999998,"pos":0.4877732854,"neg":0.2774633124,"neut":0.12065363879999998,"none":0.09921757999999999},"intensity":{"high":0.08754866739999997,"low":0.1545822102,"meium":0.6568658279999999,"none":0.10100329439999998},"expressive":{"dir-action":0,"dir-explicit":0.2639787362,"dir-speech":0.5304245284,"indirect":0.0956573824,"writing-device":0.10993935299999999}},{"id":"24시 리츠델리피자CESCO","permalink":"","username":"asdfg","text":"맛있어서 자주시켜먹어요","date":"Mon Dec 10 23:59:44 +0000 2018","retweets":"30","favorites":"20","mentions":[],"hashtags":[],"geo":"","raw":"맛있어서 자주시켜먹어요","polarity":{"com":0,"pos":0.259259259,"neg":0.7407407409999999,"neut":0,"none":0},"intensity":{"high":0.09259259263580247,"low":0.09259259263580247,"meium":0.8148148147283951,"none":0},"expressive":{"dir-action":0.018518518666666667,"dir-explicit":0.20370370366666668,"dir-speech":0.6666666666666666,"indirect":0.111111111,"writing-device":0}},{"id":"24시 리츠델리피자CESCO","permalink":"","username":"asdfg","text":"맛나게 잘먹었습돠 사진은 다먹어 버려서  못찍어네요ㅜ","date":"Mon Dec 10 23:59:44 +0000 2018","retweets":"30","favorites":"20","mentions":[],"hashtags":[],"geo":"","raw":"맛나게 잘먹었습돠 사진은 다먹어 버려서  못찍어네요ㅜ","polarity":{"com":0,"pos":0.7008928571752232,"neg":0.20982142855245536,"neut":0.017857142754464286,"none":0.07142857151785714},"intensity":{"high":0.16517857145870535,"low":0.05357142848660714,"meium":0.7098214285725446,"none":0.07142857148214285},"expressive":{"dir-action":0,"dir-explicit":0.2232142856941964,"dir-speech":0.1696428572075893,"indirect":0.5357142856160715,"writing-device":0.07142857148214285}},{"id":"24시 리츠델리피자CESCO","permalink":"","username":"asdfg","text":"ㅠㅠ 왜 포테이토엔 토마토소스가 안들어가나요..그래두잘먹엇습니당","date":"Mon Dec 10 23:59:44 +0000 2018","retweets":"30","favorites":"20","mentions":[],"hashtags":[],"geo":"","raw":"ㅠㅠ 왜 포테이토엔 토마토소스가 안들어가나요..그래두잘먹엇습니당","polarity":{"com":0.0035714286014285708,"pos":0.3884920635553968,"neg":0.4873015873949206,"neut":0.0994047618397619,"none":0.02123015860849206},"intensity":{"high":0.2384920636,"low":0.1119047618,"meium":0.6265873016000001,"none":0.023015873},"expressive":{"dir-action":0,"dir-explicit":0.1496031746,"dir-speech":0.574404762,"indirect":0.2515873016,"writing-device":0.0244047618}},{"id":"24시 리츠델리피자CESCO","permalink":"","username":"asdfg","text":"맛있는 음식 잘 먹었습니다 와이프랑 둘이 딱 맞는 양이었으요 ㅋ","date":"Mon Dec 10 23:59:44 +0000 2018","retweets":"30","favorites":"20","mentions":[],"hashtags":[],"geo":"","raw":"맛있는 음식 잘 먹었습니다 와이프랑 둘이 딱 맞는 양이었으요 ㅋ","polarity":{"com":0.007709251001927313,"pos":0.4253898331063475,"neg":0.5248146981312037,"neut":0.03988357450997089,"none":0.0022026432505506607},"intensity":{"high":0.08198727352049683,"low":0.08661107602165277,"meium":0.8280976857070244,"none":0.003303964750825991},"expressive":{"dir-action":0.0011013215002753302,"dir-explicit":0.2959845465739961,"dir-speech":0.4038004336009502,"indirect":0.2958097335739524,"writing-device":0.003303964750825991}},{"id":"24시 리츠델리피자CESCO","permalink":"","username":"asdfg","text":"우ㅜ우으우ㅜ우우우으ㅡ으으으으ㅜ우구ㅜㅜㅜ구국. ㄱ ","date":"Mon Dec 10 23:59:44 +0000 2018","retweets":"30","favorites":"20","mentions":[],"hashtags":[],"geo":"","raw":"우ㅜ우으우ㅜ우우우으ㅡ으으으으ㅜ우구ㅜㅜㅜ구국. ㄱ ","polarity":{"com":null,"pos":null,"neg":null,"neut":null,"none":null},"intensity":{"high":null,"low":null,"meium":null,"none":null},"expressive":{"dir-action":null,"dir-explicit":null,"dir-speech":null,"indirect":null,"writing-device":null}},{"id":"24시 리츠델리피자CESCO","permalink":"","username":"asdfg","text":"여기저기 볼 것 없고 피자는 여깁니다 여러분","date":"Mon Dec 10 23:59:44 +0000 2018","retweets":"30","favorites":"20","mentions":[],"hashtags":[],"geo":"","raw":"여기저기 볼 것 없고 피자는 여깁니다 여러분","polarity":{"com":0.021825396999999996,"pos":0.324074074,"neg":0.392857143,"neut":0.08068783033333334,"none":0.18055555566666667},"intensity":{"high":0.08730158733333333,"low":0.13359788333333336,"meium":0.5985449736666667,"none":0.1805555556666667},"expressive":{"dir-action":0,"dir-explicit":0.22486772507495592,"dir-speech":0.4861111111620371,"indirect":0.08134920636044973,"writing-device":0.2076719574025573}},{"id":"24시 리츠델리피자CESCO","permalink":"","username":"asdfg","text":"맛은있어요근데 박스가 두개라서 세상기대했는데콘셀러드 양이아쉽습니다매우매우 아쉬워요ㅎ","date":"Mon Dec 10 23:59:44 +0000 2018","retweets":"30","favorites":"20","mentions":[],"hashtags":[],"geo":"","raw":"맛은있어요근데 박스가 두개라서 세상기대했는데콘셀러드 양이아쉽습니다매우매우 아쉬워요ㅎ","polarity":{"com":0.009622194625,"pos":0.49348088675,"neg":0.39602710075,"neut":0.0360060155,"none":0.064863802375},"intensity":{"high":0.2907336201613417,"low":0.05112523850639064,"meium":0.5913417894489177,"none":0.06679935188334991},"expressive":{"dir-action":0.001357112375169639,"dir-explicit":0.2041046644005131,"dir-speech":0.36546428492068306,"indirect":0.36365947517045744,"writing-device":0.06541446313317681}},{"id":"24시 리츠델리피자CESCO","permalink":"","username":"asdfg","text":"곧 쿠폰 10개가 모아질 예정이네오 ㅎㅎ 맛있습니다.","date":"Mon Dec 10 23:59:44 +0000 2018","retweets":"30","favorites":"20","mentions":[],"hashtags":[],"geo":"","raw":"곧 쿠폰 10개가 모아질 예정이네오 ㅎㅎ 맛있습니다.","polarity":{"com":0.00446428575,"pos":0.31101190475,"neg":0.6160714285,"neut":0.0617559525,"none":0.0066964285},"intensity":{"high":0.0401785715,"low":0.02678571425,"meium":0.92410714275,"none":0.0089285715},"expressive":{"dir-action":0,"dir-explicit":0.34375,"dir-speech":0.578125,"indirect":0.0714285715,"writing-device":0.0066964285}},{"id":"24시 리츠델리피자CESCO","permalink":"","username":"asdfg","text":"여기는 맨날 먹어도 맛있어요","date":"Mon Dec 10 23:59:44 +0000 2018","retweets":"30","favorites":"20","mentions":[],"hashtags":[],"geo":"","raw":"여기는 맨날 먹어도 맛있어요","polarity":{"com":0,"pos":0.27777777766666667,"neg":0.7222222223333333,"neut":0,"none":0},"intensity":{"high":0.037037037,"low":0.074074074,"meium":0.888888889,"none":0},"expressive":{"dir-action":0,"dir-explicit":0.074074074,"dir-speech":0.925925926,"indirect":0,"writing-device":0}},{"id":"24시 리츠델리피자CESCO","permalink":"","username":"asdfg","text":"와 진짜 대박 헐 리얼 혼또니. ㅋㅋㅋㅋㅋ궤맛잇져용 ㄱㅅ","date":"Mon Dec 10 23:59:44 +0000 2018","retweets":"30","favorites":"20","mentions":[],"hashtags":[],"geo":"","raw":"와 진짜 대박 헐 리얼 혼또니. ㅋㅋㅋㅋㅋ궤맛잇져용 ㄱㅅ","polarity":{"com":0,"pos":0.5,"neg":0.375,"neut":0.125,"none":0},"intensity":{"high":0,"low":0,"meium":1,"none":0},"expressive":{"dir-action":0,"dir-explicit":0.375,"dir-speech":0.375,"indirect":0.25,"writing-device":0}},{"id":"24시 리츠델리피자CESCO","permalink":"","username":"asdfg","text":"오픈치킨 통통하니 맛남요~!!!","date":"Mon Dec 10 23:59:44 +0000 2018","retweets":"30","favorites":"20","mentions":[],"hashtags":[],"geo":"","raw":"오픈치킨 통통하니 맛남요~!!!","polarity":{"com":0.0096774195,"pos":0.758064516,"neg":0.176344086,"neut":0.041935484,"none":0.0139784945},"intensity":{"high":0.069892473,"low":0.058064516,"meium":0.8569892475,"none":0.0150537635},"expressive":{"dir-action":0.0032258065,"dir-explicit":0.1569892475,"dir-speech":0.647311828,"indirect":0.1784946235,"writing-device":0.0139784945}},{"id":"24시 리츠델리피자CESCO","permalink":"","username":"asdfg","text":"맛있어요 .. 짭조름 매콤 질리지않슴다","date":"Mon Dec 10 23:59:44 +0000 2018","retweets":"30","favorites":"20","mentions":[],"hashtags":[],"geo":"","raw":"맛있어요 .. 짭조름 매콤 질리지않슴다","polarity":{"com":0,"pos":0,"neg":1,"neut":0,"none":0},"intensity":{"high":0,"low":0,"meium":1,"none":0},"expressive":{"dir-action":0,"dir-explicit":0,"dir-speech":1,"indirect":0,"writing-device":0}},{"id":"24시 리츠델리피자CESCO","permalink":"","username":"asdfg","text":"맛있어요 여기 !!","date":"Mon Dec 10 23:59:44 +0000 2018","retweets":"30","favorites":"20","mentions":[],"hashtags":[],"geo":"","raw":"맛있어요 여기 !!","polarity":{"com":0,"pos":0.25,"neg":0.75,"neut":0,"none":0},"intensity":{"high":0,"low":0,"meium":1,"none":0},"expressive":{"dir-action":0,"dir-explicit":0,"dir-speech":1,"indirect":0,"writing-device":0}},{"id":"24시 리츠델리피자CESCO","permalink":"","username":"asdfg","text":"여기서 벌써 4번 째 주문해 먹엇네요","date":"Mon Dec 10 23:59:44 +0000 2018","retweets":"30","favorites":"20","mentions":[],"hashtags":[],"geo":"","raw":"여기서 벌써 4번 째 주문해 먹엇네요","polarity":{"com":0,"pos":0.25,"neg":0.5,"neut":0,"none":0.25},"intensity":{"high":0,"low":0,"meium":0.75,"none":0.25},"expressive":{"dir-action":0,"dir-explicit":0,"dir-speech":0.75,"indirect":0,"writing-device":0.25}},{"id":"24시 리츠델리피자CESCO","permalink":"","username":"asdfg","text":"항상크림치즈시켜먹는데..그냥 치즈크러스트가왔어요;;;;","date":"Mon Dec 10 23:59:44 +0000 2018","retweets":"30","favorites":"20","mentions":[],"hashtags":[],"geo":"","raw":"항상크림치즈시켜먹는데..그냥 치즈크러스트가왔어요;;;;","polarity":{"com":0.0035714286,"pos":0.371031746,"neg":0.5373015874,"neut":0.0160714286,"none":0.0720238094},"intensity":{"high":0.08769841278246031,"low":0.07698412698460316,"meium":0.7615079364476984,"none":0.0738095237852381},"expressive":{"dir-action":0.01111111120222222,"dir-explicit":0.2638888888527778,"dir-speech":0.4625000000924999,"indirect":0.1904761904380952,"writing-device":0.07202380941440475}},{"id":"24시 리츠델리피자CESCO","permalink":"","username":"asdfg","text":"피자는 먹을만 합니다 로제 누들떡볶이는 충격","date":"Mon Dec 10 23:59:44 +0000 2018","retweets":"30","favorites":"20","mentions":[],"hashtags":[],"geo":"","raw":"피자는 먹을만 합니다 로제 누들떡볶이는 충격","polarity":{"com":0,"pos":0.40608465593738974,"neg":0.3386243388924163,"neut":0.06349206337566138,"none":0.19179894179453263},"intensity":{"high":0.04894179900000001,"low":0.15873015866666668,"meium":0.6005291006666666,"none":0.1917989416666667},"expressive":{"dir-action":0,"dir-explicit":0.21693121699999998,"dir-speech":0.44444444466666666,"indirect":0.136243386,"writing-device":0.20238095233333334}},{"id":"24시 리츠델리피자CESCO","permalink":"","username":"asdfg","text":"맛있게먹었어요!!! 맛이좋아요","date":"Mon Dec 10 23:59:44 +0000 2018","retweets":"30","favorites":"20","mentions":[],"hashtags":[],"geo":"","raw":"맛있게먹었어요!!! 맛이좋아요","polarity":{"com":0,"pos":0.56333333325,"neg":0.42666666675,"neut":0,"none":0.01},"intensity":{"high":0.07777777775,"low":0.0655555555,"meium":0.84666666675,"none":0.01},"expressive":{"dir-action":0,"dir-explicit":0.2055555555,"dir-speech":0.7444444445,"indirect":0.04,"writing-device":0.01}},{"id":"24시 리츠델리피자CESCO","permalink":"","username":"asdfg","text":"매번 맛있게 잘먹고있습니다~근데 켄콜라 하나정도는 주면 좋겠어요","date":"Mon Dec 10 23:59:44 +0000 2018","retweets":"30","favorites":"20","mentions":[],"hashtags":[],"geo":"","raw":"매번 맛있게 잘먹고있습니다~근데 켄콜라 하나정도는 주면 좋겠어요","polarity":{"com":0,"pos":0.5332063492132825,"neg":0.3810158731524064,"neut":0.0619047618247619,"none":0.02387301580954921},"intensity":{"high":0.0463492064,"low":0.127047619,"meium":0.8027301588,"none":0.0238730158},"expressive":{"dir-action":0,"dir-explicit":0.2517460318,"dir-speech":0.5447619048,"indirect":0.1764444444,"writing-device":0.027047619000000002}},{"id":"24시 리츠델리피자CESCO","permalink":"","username":"asdfg","text":"배달도 친절하시고 오븐구이도 맛있네요ㅋㅋ챔스보면서 맛있게 먹었습니다","date":"Mon Dec 10 23:59:44 +0000 2018","retweets":"30","favorites":"20","mentions":[],"hashtags":[],"geo":"","raw":"배달도 친절하시고 오븐구이도 맛있네요ㅋㅋ챔스보면서 맛있게 먹었습니다","polarity":{"com":0.011360727164773212,"pos":0.41340245759776634,"neg":0.46076548908987247,"neut":0.03024833582829195,"none":0.08422299031929618},"intensity":{"high":0.09340331116666666,"low":0.08932838349999998,"meium":0.732686892,"none":0.08458141333333333},"expressive":{"dir-action":0.0010752688333333334,"dir-explicit":0.17587472266666668,"dir-speech":0.6384557945,"indirect":0.0946172555,"writing-device":0.0899769585}},{"id":"24시 리츠델리피자CESCO","permalink":"","username":"asdfg","text":"생각보다별로...였습니다","date":"Mon Dec 10 23:59:44 +0000 2018","retweets":"30","favorites":"20","mentions":[],"hashtags":[],"geo":"","raw":"생각보다별로...였습니다","polarity":{"com":0.007625272333333333,"pos":0.253540305,"neg":0.37037037033333337,"neut":0.11383442266666666,"none":0.25462962966666663},"intensity":{"high":0.07026143769008715,"low":0.11056644870352215,"meium":0.5645424838548475,"none":0.2546296297515432},"expressive":{"dir-action":0,"dir-explicit":0.2644335513333333,"dir-speech":0.38698257066666664,"indirect":0.08741830066666666,"writing-device":0.2611655773333333}},{"id":"24시 리츠델리피자CESCO","permalink":"","username":"asdfg","text":"나난ㅏ","date":"Mon Dec 10 23:59:44 +0000 2018","retweets":"30","favorites":"20","mentions":[],"hashtags":[],"geo":"","raw":"나나난나나나나나나ㅏ나나나나나나","polarity":{"com":0,"pos":0.357142857,"neg":0.642857143,"neut":0,"none":0},"intensity":{"high":0.0357142855,"low":0,"meium":0.9642857145,"none":0},"expressive":{"dir-action":0,"dir-explicit":0.357142857,"dir-speech":0.3214285715,"indirect":0.3214285715,"writing-device":0}},{"id":"24시 리츠델리피자CESCO","permalink":"","username":"asdfg","text":"배송도빠르고 잘먹었어요","date":"Mon Dec 10 23:59:44 +0000 2018","retweets":"30","favorites":"20","mentions":[],"hashtags":[],"geo":"","raw":"배송도빠르고 잘먹었어요","polarity":{"com":0.0035714285017857143,"pos":0.4642857142321428,"neg":0.27142857163571427,"neut":0.042857142521428575,"none":0.2178571431089286},"intensity":{"high":0.0714285715,"low":0.164285714,"meium":0.5464285715,"none":0.217857143},"expressive":{"dir-action":0,"dir-explicit":0.1999999999,"dir-speech":0.2214285713892857,"indirect":0.3642857143178571,"writing-device":0.21428571439285712}},{"id":"24시 리츠델리피자CESCO","permalink":"","username":"asdfg","text":"토핑추가하니까 치즈가 정~||||말 많네요...ㅋ","date":"Mon Dec 10 23:59:44 +0000 2018","retweets":"30","favorites":"20","mentions":[],"hashtags":[],"geo":"","raw":"토핑추가하니까 치즈가 정~||||말 많네요...ㅋ","polarity":{"com":0.012403994,"pos":0.4200588836666667,"neg":0.42664561633333337,"neut":0.09177974066666666,"none":0.049111765333333335},"intensity":{"high":0.1372034476209322,"low":0.12997951862334017,"meium":0.6800122317733294,"none":0.05280480198239841},"expressive":{"dir-action":0.0021505376659498206,"dir-explicit":0.26052369591315877,"dir-speech":0.4492881321835706,"indirect":0.23892586892035803,"writing-device":0.04911176531696274}},{"id":"24시 리츠델리피자CESCO","permalink":"","username":"asdfg","text":"맛있어용  오늘 하루도 화이팅 ","date":"Mon Dec 10 23:59:44 +0000 2018","retweets":"30","favorites":"20","mentions":[],"hashtags":[],"geo":"","raw":"맛있어용  오늘 하루도 화이팅 ","polarity":{"com":0.5,"pos":0,"neg":0.5,"neut":0,"none":0},"intensity":{"high":0.5,"low":0,"meium":0.5,"none":0},"expressive":{"dir-action":0,"dir-explicit":0.5,"dir-speech":0.5,"indirect":0,"writing-device":0}},{"id":"24시 리츠델리피자CESCO","permalink":"","username":"asdfg","text":"아주조금 식어서 왔지만 맛있어여 좀 식어서 그냥 쏘쏘에 한표","date":"Mon Dec 10 23:59:44 +0000 2018","retweets":"30","favorites":"20","mentions":[],"hashtags":[],"geo":"","raw":"아주조금 식어서 왔지만 맛있어여 좀 식어서 그냥 쏘쏘에 한표","polarity":{"com":0.0027649769999999996,"pos":0.4461816984285714,"neg":0.5146697388571428,"neut":0.03238973014285714,"none":0.003993855571428571},"intensity":{"high":0.23935703314285714,"low":0.036998025,"meium":0.7193438665714286,"none":0.004301075285714285},"expressive":{"dir-action":0.0009216589998683344,"dir-explicit":0.16322141769096837,"dir-speech":0.5104564406413634,"indirect":0.3214066270969419,"writing-device":0.003993855570858021}},{"id":"24시 리츠델리피자CESCO","permalink":"","username":"asdfg","text":"오븐구이치킨은진짜미치게맛남ㅋㅋ","date":"Mon Dec 10 23:59:44 +0000 2018","retweets":"30","favorites":"20","mentions":[],"hashtags":[],"geo":"","raw":"오븐구이치킨은진짜미치게맛남ㅋㅋ","polarity":{"com":0.035952748,"pos":0.398947098,"neg":0.5273497690000001,"neut":0.011299434999999998,"none":0.02645095},"intensity":{"high":0.1323831534215888,"low":0.0906522853937682,"meium":0.7505136111670092,"none":0.02645095001763397},"expressive":{"dir-action":0,"dir-explicit":0.2646379046666667,"dir-speech":0.4667437083333334,"indirect":0.242167437,"writing-device":0.026450950000000004}},{"id":"24시 리츠델리피자CESCO","permalink":"","username":"asdfg","text":"남친이랑야식으로배터져떠욤ㅋ 오븐치킨짱짜맨!!","date":"Mon Dec 10 23:59:44 +0000 2018","retweets":"30","favorites":"20","mentions":[],"hashtags":[],"geo":"","raw":"남친이랑야식으로배터져떠욤ㅋ 오븐치킨짱짜맨!!","polarity":{"com":0.5,"pos":0.142857143,"neg":0.357142857,"neut":0,"none":0},"intensity":{"high":0.21428571439285712,"low":0.1428571429285714,"meium":0.6428571426785714,"none":0},"expressive":{"dir-action":0,"dir-explicit":0.142857143,"dir-speech":0.0714285715,"indirect":0.7857142855,"writing-device":0}},{"id":"24시 리츠델리피자CESCO","permalink":"","username":"asdfg","text":"맛있게 잘 먹었습니다 ㅎㅎㅎㅎㅎ","date":"Mon Dec 10 23:59:44 +0000 2018","retweets":"30","favorites":"20","mentions":[],"hashtags":[],"geo":"","raw":"맛있게 잘 먹었습니다 ㅎㅎㅎㅎㅎ","polarity":{"com":0,"pos":0.35714285717857136,"neg":0.6071428573035714,"neut":0.03571428551785714,"none":0},"intensity":{"high":0,"low":0.107142857,"meium":0.8928571430000001,"none":0},"expressive":{"dir-action":0,"dir-explicit":0.107142857,"dir-speech":0.5714285715,"indirect":0.3214285715,"writing-device":0}},{"id":"24시 리츠델리피자CESCO","permalink":"","username":"asdfg","text":"정말맛있어요!!!!!!","date":"Mon Dec 10 23:59:44 +0000 2018","retweets":"30","favorites":"20","mentions":[],"hashtags":[],"geo":"","raw":"정말맛있어요!!!!!!","polarity":{"com":0,"pos":0.75,"neg":0,"neut":0,"none":0.25},"intensity":{"high":0.5,"low":0,"meium":0.25,"none":0.25},"expressive":{"dir-action":0,"dir-explicit":0.5,"dir-speech":0.25,"indirect":0,"writing-device":0.25}},{"id":"24시 리츠델리피자CESCO","permalink":"","username":"asdfg","text":"브랜드피자보다 더 맛있는듯","date":"Mon Dec 10 23:59:44 +0000 2018","retweets":"30","favorites":"20","mentions":[],"hashtags":[],"geo":"","raw":"브랜드피자보다 더 맛있는듯","polarity":{"com":0,"pos":0.5978260870000001,"neg":0.253623188,"neut":0.043478261,"none":0.10507246399999999},"intensity":{"high":0.08695652145652173,"low":0.12681159443659418,"meium":0.6811594201594202,"none":0.10507246394746375},"expressive":{"dir-action":0,"dir-explicit":0.3224637685,"dir-speech":0.3188405795,"indirect":0.253623188,"writing-device":0.10507246399999999}},{"id":"24시 리츠델리피자CESCO","permalink":"","username":"asdfg","text":"맛나요알차구요!!굳굳","date":"Mon Dec 10 23:59:44 +0000 2018","retweets":"30","favorites":"20","mentions":[],"hashtags":[],"geo":"","raw":"맛나요알차구요!!굳굳","polarity":{"com":0,"pos":1,"neg":0,"neut":0,"none":0},"intensity":{"high":0,"low":0,"meium":1,"none":0},"expressive":{"dir-action":0,"dir-explicit":0,"dir-speech":1,"indirect":0,"writing-device":0}},{"id":"24시 리츠델리피자CESCO","permalink":"","username":"asdfg","text":"불고기피자 맛있게 먹었어요","date":"Mon Dec 10 23:59:44 +0000 2018","retweets":"30","favorites":"20","mentions":[],"hashtags":[],"geo":"","raw":"불고기피자 맛있게 먹었어요","polarity":{"com":0,"pos":0.1666666665,"neg":0.8333333334999999,"neut":0,"none":0},"intensity":{"high":0.0555555555,"low":0.111111111,"meium":0.8333333334999999,"none":0},"expressive":{"dir-action":0,"dir-explicit":0.111111111,"dir-speech":0.888888889,"indirect":0,"writing-device":0}},{"id":"24시 리츠델리피자CESCO","permalink":"","username":"asdfg","text":"갈릭스테이크골드 맛있어요 ","date":"Mon Dec 10 23:59:44 +0000 2018","retweets":"30","favorites":"20","mentions":[],"hashtags":[],"geo":"","raw":"갈릭스테이크골드 맛있어요 ","polarity":{"com":0,"pos":0,"neg":1,"neut":0,"none":0},"intensity":{"high":0,"low":0,"meium":1,"none":0},"expressive":{"dir-action":0,"dir-explicit":0,"dir-speech":1,"indirect":0,"writing-device":0}},{"id":"24시 리츠델리피자CESCO","permalink":"","username":"asdfg","text":"맛있어서 자주 시켜먹어요","date":"Mon Dec 10 23:59:44 +0000 2018","retweets":"30","favorites":"20","mentions":[],"hashtags":[],"geo":"","raw":"맛있어서 자주 시켜먹어요","polarity":{"com":0,"pos":0.44444444433333335,"neg":0.5555555556666666,"neut":0,"none":0},"intensity":{"high":0.037037037,"low":0.40740740733333336,"meium":0.5555555556666666,"none":0},"expressive":{"dir-action":0,"dir-explicit":0.074074074,"dir-speech":0.925925926,"indirect":0,"writing-device":0}},{"id":"24시 리츠델리피자CESCO","permalink":"","username":"asdfg","text":"와 진짜 대박 큼...,사이즈보고놀램 맛도 굿굿 또시켜먹을게요","date":"Mon Dec 10 23:59:44 +0000 2018","retweets":"30","favorites":"20","mentions":[],"hashtags":[],"geo":"","raw":"와 진짜 대박 큼...,사이즈보고놀램 맛도 굿굿 또시켜먹을게요","polarity":{"com":0.005952380998299319,"pos":0.5487332862717905,"neg":0.28495191191858515,"neut":0.09318554997337555,"none":0.06717687083794946},"intensity":{"high":0.09386973185714284,"low":0.05350301028571427,"meium":0.7805242785714285,"none":0.07210297928571427},"expressive":{"dir-action":0,"dir-explicit":0.17859097659694156,"dir-speech":0.45139377592162766,"indirect":0.2764778326109254,"writing-device":0.09353741487050535}},{"id":"24시 리츠델리피자CESCO","permalink":"","username":"asdfg","text":"아직출발도안하시고50분걸린다고했는데 한시간이됬는데도안오시네요. 취소신청부탁드려요.","date":"Mon Dec 10 23:59:44 +0000 2018","retweets":"30","favorites":"20","mentions":[],"hashtags":[],"geo":"","raw":"아직출발도안하시고50분걸린다고했는데 한시간이됬는데도안오시네요. 취소신청부탁드려요.","polarity":{"com":0.00618426425,"pos":0.408480357,"neg":0.37142486425000004,"neut":0.08391961975000001,"none":0.12999089474999997},"intensity":{"high":0.07044081799999999,"low":0.07161013575,"meium":0.7259707091250001,"none":0.13197833712499996},"expressive":{"dir-action":0.00198744237524843,"dir-explicit":0.22009134277751138,"dir-speech":0.3718783229214848,"indirect":0.2720838487840105,"writing-device":0.1339590431417449}},{"id":"24시 리츠델리피자CESCO","permalink":"","username":"asdfg","text":"피자는 정말 맛있었는데 스파게티가 조금 아쉬웠어요 다음엔 그냥 치즈 파스타 먹어야겠음 ㅠㅠ","date":"Mon Dec 10 23:59:44 +0000 2018","retweets":"30","favorites":"20","mentions":[],"hashtags":[],"geo":"","raw":"피자는 정말 맛있었는데 스파게티가 조금 아쉬웠어요 다음엔 그냥 치즈 파스타 먹어야겠음 ㅠㅠ","polarity":{"com":0.0025510204293002913,"pos":0.19699546477057012,"neg":0.7352607712100745,"neut":0.03869047615391156,"none":0.026502267436143506},"intensity":{"high":0.04790249442857143,"low":0.11507936499999998,"meium":0.8092403628571428,"none":0.027777777714285714},"expressive":{"dir-action":0,"dir-explicit":0.13066893428571427,"dir-speech":0.6319444445714285,"indirect":0.20634920628571427,"writing-device":0.03103741485714286}},{"id":"24시 리츠델리피자CESCO","permalink":"","username":"asdfg","text":"맛이조금다른대에비해독득하네요맛있어요또시킬게요","date":"Mon Dec 10 23:59:44 +0000 2018","retweets":"30","favorites":"20","mentions":[],"hashtags":[],"geo":"","raw":"맛이조금다른대에비해독득하네요맛있어요또시킬게요","polarity":{"com":0,"pos":0.3785714285242857,"neg":0.4357142857128571,"neut":0.09999999998,"none":0.08571428578285714},"intensity":{"high":0,"low":0.25,"meium":0.6642857142,"none":0.0857142858},"expressive":{"dir-action":0,"dir-explicit":0.22857142860000002,"dir-speech":0.5071428572000001,"indirect":0.15,"writing-device":0.1142857142}},{"id":"24시 리츠델리피자CESCO","permalink":"","username":"asdfg","text":"그냥그래요 피자동네흔한 피자집","date":"Mon Dec 10 23:59:44 +0000 2018","retweets":"30","favorites":"20","mentions":[],"hashtags":[],"geo":"","raw":"그냥그래요 피자동네흔한 피자집","polarity":{"com":0,"pos":0.16666666666666666,"neg":0.8333333333333334,"neut":0,"none":0},"intensity":{"high":0,"low":0.055555555666666666,"meium":0.9444444443333334,"none":0},"expressive":{"dir-action":0,"dir-explicit":0.3333333333333333,"dir-speech":0.6666666666666666,"indirect":0,"writing-device":0}},{"id":"24시 리츠델리피자CESCO","permalink":"","username":"asdfg","text":"맛잇어용ㅎ","date":"Mon Dec 10 23:59:44 +0000 2018","retweets":"30","favorites":"20","mentions":[],"hashtags":[],"geo":"","raw":"맛잇어용ㅎㅎㅎㅎㅎㅎㅎㅎㅎㅎㅎ","polarity":{"com":0,"pos":1,"neg":0,"neut":0,"none":0},"intensity":{"high":0,"low":0,"meium":1,"none":0},"expressive":{"dir-action":0,"dir-explicit":0,"dir-speech":1,"indirect":0,"writing-device":0}},{"id":"24시 리츠델리피자CESCO","permalink":"","username":"asdfg","text":"맛있어요 갈릭포테이토 시켰는데 치즈가 가득해서 좋았어요 도우보다 치즈랑 토핑이 풍부한듯","date":"Mon Dec 10 23:59:44 +0000 2018","retweets":"30","favorites":"20","mentions":[],"hashtags":[],"geo":"","raw":"맛있어요 갈릭포테이토 시켰는데 치즈가 가득해서 좋았어요 도우보다 치즈랑 토핑이 풍부한듯","polarity":{"com":0.011419410125000001,"pos":0.426396219375,"neg":0.4144155333750001,"neut":0.03559339175,"none":0.112175445375},"intensity":{"high":0.1047943679869007,"low":0.09634683673795665,"meium":0.6832044606645995,"none":0.1156543346105432},"expressive":{"dir-action":0.0023628177502953525,"dir-explicit":0.27683871515960484,"dir-speech":0.3763687507970461,"indirect":0.22791074715348886,"writing-device":0.1165189691395649}},{"id":"24시 리츠델리피자CESCO","permalink":"","username":"asdfg","text":"역시나 맛있어요!!!^^","date":"Mon Dec 10 23:59:44 +0000 2018","retweets":"30","favorites":"20","mentions":[],"hashtags":[],"geo":"","raw":"역시나 맛있어요!!!^^","polarity":{"com":0,"pos":0,"neg":1,"neut":0,"none":0},"intensity":{"high":0,"low":0,"meium":1,"none":0},"expressive":{"dir-action":0,"dir-explicit":0,"dir-speech":1,"indirect":0,"writing-device":0}},{"id":"24시 리츠델리피자CESCO","permalink":"","username":"asdfg","text":"딱 옛날피자맛\n펩시인건 아쉽네요","date":"Mon Dec 10 23:59:44 +0000 2018","retweets":"30","favorites":"20","mentions":[],"hashtags":[],"geo":"","raw":"딱 옛날피자맛\n펩시인건 아쉽네요","polarity":{"com":0,"pos":0.3333333333333333,"neg":0.3333333333333333,"neut":0.3333333333333333,"none":0},"intensity":{"high":0,"low":0.3333333333333333,"meium":0.6666666666666666,"none":0},"expressive":{"dir-action":0,"dir-explicit":0,"dir-speech":0.3333333333333333,"indirect":0.6666666666666666,"writing-device":0}},{"id":"24시 리츠델리피자CESCO","permalink":"","username":"asdfg","text":"갈릭스테이크골드때문에 여기서 피자 시켜요!","date":"Mon Dec 10 23:59:44 +0000 2018","retweets":"30","favorites":"20","mentions":[],"hashtags":[],"geo":"","raw":"갈릭스테이크골드때문에 여기서 피자 시켜요!","polarity":{"com":0,"pos":0.2916666665,"neg":0.3333333335,"neut":0.125,"none":0.25},"intensity":{"high":0,"low":0,"meium":0.75,"none":0.25},"expressive":{"dir-action":0,"dir-explicit":0.12500000000000003,"dir-speech":0.5833333335,"indirect":0.041666666500000005,"writing-device":0.25000000000000006}},{"id":"24시 리츠델리피자CESCO","permalink":"","username":"asdfg","text":"제일 큰 사이즈 시켯는데 역시나\n기본에 충실한 맛이러 다들 너무 맛있게 먹었어요~~","date":"Mon Dec 10 23:59:44 +0000 2018","retweets":"30","favorites":"20","mentions":[],"hashtags":[],"geo":"","raw":"제일 큰 사이즈 시켯는데 역시나\n기본에 충실한 맛이러 다들 너무 맛있게 먹었어요~~","polarity":{"com":0.003220611888888889,"pos":0.6225942583333333,"neg":0.3198234217777778,"neut":0.017324671,"none":0.037037037},"intensity":{"high":0.09845262555555555,"low":0.07228978099999998,"meium":0.7867788327777777,"none":0.04247876066666666},"expressive":{"dir-action":0,"dir-explicit":0.2830954892536773,"dir-speech":0.4275103189363899,"indirect":0.25235715480581744,"writing-device":0.037037037004115224}},{"id":"24시 리츠델리피자CESCO","permalink":"","username":"asdfg","text":"냉정하게맛있음 처음리뷰달아봄","date":"Mon Dec 10 23:59:44 +0000 2018","retweets":"30","favorites":"20","mentions":[],"hashtags":[],"geo":"","raw":"냉정하게맛있음 처음리뷰달아봄","polarity":{"com":0.04055299548986174,"pos":0.48617511512845624,"neg":0.40960061439759987,"neut":0.020967741994758066,"none":0.04270353298932412},"intensity":{"high":0.1599462365,"low":0.029032258,"meium":0.767780338,"none":0.0432411675},"expressive":{"dir-action":0.0016129032495967742,"dir-explicit":0.2749231951812692,"dir-speech":0.4307987711423003,"indirect":0.2499615974375096,"writing-device":0.04270353298932412}},{"id":"24시 리츠델리피자CESCO","permalink":"","username":"asdfg","text":"어제먹었는데너무맛있엇어요맨날시켜먹는듯 ㅋㅋㅋ","date":"Mon Dec 10 23:59:44 +0000 2018","retweets":"30","favorites":"20","mentions":[],"hashtags":[],"geo":"","raw":"어제먹었는데너무맛있엇어요맨날시켜먹는듯 ㅋㅋㅋ","polarity":{"com":0.03571428575,"pos":0.32738095224999997,"neg":0.59523809525,"neut":0,"none":0.04166666675},"intensity":{"high":0.09126984122718254,"low":0.18849206345287697,"meium":0.6785714285803571,"none":0.04166666673958333},"expressive":{"dir-action":0,"dir-explicit":0.2956349205,"dir-speech":0.5436507937500001,"indirect":0.11904761900000001,"writing-device":0.041666666750000005}},{"id":"24시 리츠델리피자CESCO","permalink":"","username":"asdfg","text":"너무너무 맛있어요 ㅎㅎㅎ","date":"Mon Dec 10 23:59:44 +0000 2018","retweets":"30","favorites":"20","mentions":[],"hashtags":[],"geo":"","raw":"너무너무 맛있어요 ㅎㅎㅎ","polarity":{"com":0,"pos":0,"neg":1,"neut":0,"none":0},"intensity":{"high":0,"low":0,"meium":1,"none":0},"expressive":{"dir-action":0,"dir-explicit":0,"dir-speech":1,"indirect":0,"writing-device":0}},{"id":"24시 리츠델리피자CESCO","permalink":"","username":"asdfg","text":"배달아저씨가 어찌나 친절하신지 겁나 조신하게 두손모아 피자받음 아저쒸 또 시켜묵을께열^^","date":"Mon Dec 10 23:59:44 +0000 2018","retweets":"30","favorites":"20","mentions":[],"hashtags":[],"geo":"","raw":"배달아저씨가 어찌나 친절하신지 겁나 조신하게 두손모아 피자받음 아저쒸 또 시켜묵을께열^^","polarity":{"com":0.006285202332634977,"pos":0.4002176138444203,"neg":0.3944273766228414,"neut":0.142261904873082,"none":0.05680790232702135},"intensity":{"high":0.06325738177777779,"low":0.052048131,"meium":0.8264166239999999,"none":0.05827786322222222},"expressive":{"dir-action":0.001433691777777778,"dir-explicit":0.17032343411111112,"dir-speech":0.4240548728888889,"indirect":0.33150708311111116,"writing-device":0.07268091811111112}},{"id":"24시 리츠델리피자CESCO","permalink":"","username":"asdfg","text":"진심 거의 맨날 시켜먹는듯 피자도 엄청 맛잇지만 \n그 로제 떡볶이 진심 맛잇음 !!","date":"Mon Dec 10 23:59:44 +0000 2018","retweets":"30","favorites":"20","mentions":[],"hashtags":[],"geo":"","raw":"진심 거의 맨날 시켜먹는듯 피자도 엄청 맛잇지만 \n그 로제 떡볶이 진심 맛잇음 !!","polarity":{"com":0.001020408142857143,"pos":0.6496598638571429,"neg":0.2612244898571429,"neut":0.002040816285714286,"none":0.08605442185714286},"intensity":{"high":0.03628117913767412,"low":0.07188208613258827,"meium":0.8057823128848882,"none":0.08605442184484936},"expressive":{"dir-action":0,"dir-explicit":0.36780045351888563,"dir-speech":0.41587301579773245,"indirect":0.13129251698124392,"writing-device":0.08503401370213799}},{"id":"24시 리츠델리피자CESCO","permalink":"","username":"asdfg","text":"핵존맛탱 치즈폭탄임 ","date":"Mon Dec 10 23:59:44 +0000 2018","retweets":"30","favorites":"20","mentions":[],"hashtags":[],"geo":"","raw":"핵존맛탱 치즈폭탄임 ","polarity":{"com":0,"pos":0.5,"neg":0.5,"neut":0,"none":0},"intensity":{"high":0,"low":0,"meium":1,"none":0},"expressive":{"dir-action":0,"dir-explicit":0.5,"dir-speech":0.49999999999999994,"indirect":0,"writing-device":0}},{"id":"24시 리츠델리피자CESCO","permalink":"","username":"asdfg","text":"아주 평범하게 괜찮았어여","date":"Mon Dec 10 23:59:44 +0000 2018","retweets":"30","favorites":"20","mentions":[],"hashtags":[],"geo":"","raw":"아주 평범하게 괜찮았어여","polarity":{"com":0.012012012,"pos":0.6813063065,"neg":0.278153153,"neut":0.0165165165,"none":0.012012012},"intensity":{"high":0.182057057,"low":0.042042042,"meium":0.7623873875,"none":0.0135135135},"expressive":{"dir-action":0.0015015015000000003,"dir-explicit":0.15615615600000002,"dir-speech":0.17004504500000003,"indirect":0.658783784,"writing-device":0.013513513500000001}},{"id":"24시 리츠델리피자CESCO","permalink":"","username":"asdfg","text":"맛과위생에 있어서 최고입니다","date":"Mon Dec 10 23:59:44 +0000 2018","retweets":"30","favorites":"20","mentions":[],"hashtags":[],"geo":"","raw":"맛과위생에 있어서 최고입니다","polarity":{"com":0.0044642855,"pos":0.669642857,"neg":0.08035714300000002,"neut":0.017857143,"none":0.2276785715},"intensity":{"high":0.5223214285,"low":0.0267857145,"meium":0.2232142855,"none":0.2276785715},"expressive":{"dir-action":0,"dir-explicit":0.0982142855,"dir-speech":0.1026785715,"indirect":0.5714285715,"writing-device":0.2276785715}},{"id":"24시 리츠델리피자CESCO","permalink":"","username":"asdfg","text":"칭구따라시켜봤어 맛있네용~~콤비네이션~~구뜨  깔끔해용","date":"Mon Dec 10 23:59:44 +0000 2018","retweets":"30","favorites":"20","mentions":[],"hashtags":[],"geo":"","raw":"칭구따라시켜봤어 맛있네용~~콤비네이션~~구뜨  깔끔해용","polarity":{"com":0.008008008002669337,"pos":0.31531531543843844,"neg":0.5095095095031699,"neut":0.0850850850283617,"none":0.0820820820273607},"intensity":{"high":0.075075075,"low":0.06506506499999999,"meium":0.7767767769999999,"none":0.083083083},"expressive":{"dir-action":0.0010010010003336672,"dir-explicit":0.14114114104704703,"dir-speech":0.5115115115038371,"indirect":0.26326326342108775,"writing-device":0.08308308302769436}},{"id":"24시 리츠델리피자CESCO","permalink":"","username":"asdfg","text":"피치세트 짱~~~~~맛있어요","date":"Mon Dec 10 23:59:44 +0000 2018","retweets":"30","favorites":"20","mentions":[],"hashtags":[],"geo":"","raw":"피치세트 짱~~~~~맛있어요","polarity":{"com":0,"pos":0,"neg":1,"neut":0,"none":0},"intensity":{"high":0,"low":0,"meium":1,"none":0},"expressive":{"dir-action":0,"dir-explicit":0,"dir-speech":1,"indirect":0,"writing-device":0}},{"id":"24시 리츠델리피자CESCO","permalink":"","username":"asdfg","text":"별로였어요\n양파만엄청많고..","date":"Mon Dec 10 23:59:44 +0000 2018","retweets":"30","favorites":"20","mentions":[],"hashtags":[],"geo":"","raw":"별로였어요\n양파만엄청많고..","polarity":{"com":0.005718954251429738,"pos":0.48910311062227585,"neg":0.29408212557352054,"neut":0.04656589501164147,"none":0.1645299145411325},"intensity":{"high":0.12272116206136058,"low":0.08759317529379658,"meium":0.6251557480625779,"none":0.16452991458226496},"expressive":{"dir-action":0,"dir-explicit":0.2927022538231756,"dir-speech":0.16910398479227598,"indirect":0.375172142593793,"writing-device":0.1630216187907554}},{"id":"24시 리츠델리피자CESCO","permalink":"","username":"asdfg","text":"너무 맛있어요~!!!~!!","date":"Mon Dec 10 23:59:44 +0000 2018","retweets":"30","favorites":"20","mentions":[],"hashtags":[],"geo":"","raw":"너무 맛있어요~!!!~!!","polarity":{"com":0.142857143,"pos":0.142857143,"neg":0.714285714,"neut":0,"none":0},"intensity":{"high":0.142857143,"low":0.142857143,"meium":0.714285714,"none":0},"expressive":{"dir-action":0,"dir-explicit":0.5714285710000001,"dir-speech":0.28571428600000004,"indirect":0.14285714300000002,"writing-device":0}},{"id":"24시 리츠델리피자CESCO","permalink":"","username":"asdfg","text":"맛은있는데 왜 먹고 나서 배가 아픈지는..ㅠㅠ","date":"Mon Dec 10 23:59:44 +0000 2018","retweets":"30","favorites":"20","mentions":[],"hashtags":[],"geo":"","raw":"맛은있는데 왜 먹고 나서 배가 아픈지는..ㅠㅠ","polarity":{"com":0.008418367286916908,"pos":0.33463718819066246,"neg":0.5332766440761822,"neut":0.047278911578182696,"none":0.07638888886805556},"intensity":{"high":0.22213718825398038,"low":0.08962585041576772,"meium":0.6118480724840217,"none":0.07638888884623016},"expressive":{"dir-action":0,"dir-explicit":0.10583900228571429,"dir-speech":0.6378401361428573,"indirect":0.177664399,"writing-device":0.07865646257142857}},{"id":"24시 리츠델리피자CESCO","permalink":"","username":"asdfg","text":"갈릭포테이토골드 시켰는데 그냥 괜찮았어요","date":"Mon Dec 10 23:59:44 +0000 2018","retweets":"30","favorites":"20","mentions":[],"hashtags":[],"geo":"","raw":"갈릭포테이토골드 시켰는데 그냥 괜찮았어요","polarity":{"com":0,"pos":0,"neg":1,"neut":0,"none":0},"intensity":{"high":0,"low":0,"meium":1,"none":0},"expressive":{"dir-action":0,"dir-explicit":0,"dir-speech":1,"indirect":0,"writing-device":0}},{"id":"24시 리츠델리피자CESCO","permalink":"","username":"asdfg","text":"맛이 살아있네요~ 고르곤졸라 피자 맛있어요","date":"Mon Dec 10 23:59:44 +0000 2018","retweets":"30","favorites":"20","mentions":[],"hashtags":[],"geo":"","raw":"맛이 살아있네요~ 고르곤졸라 피자 맛있어요","polarity":{"com":0,"pos":0.537037037,"neg":0.44444444433333335,"neut":0.018518518666666667,"none":0},"intensity":{"high":0.037037037,"low":0.055555555666666666,"meium":0.9074074073333334,"none":0},"expressive":{"dir-action":0,"dir-explicit":0.07407407402469135,"dir-speech":0.7777777779259258,"indirect":0.1481481480493827,"writing-device":0}},{"id":"24시 리츠델리피자CESCO","permalink":"","username":"asdfg","text":"배달 빨라서 좋아요\n치즈도 많고 갈릭디핑소스, 치즈가루, 핫소스도 주셨네요 굿","date":"Mon Dec 10 23:59:44 +0000 2018","retweets":"30","favorites":"20","mentions":[],"hashtags":[],"geo":"","raw":"배달 빨라서 좋아요\n치즈도 많고 갈릭디핑소스, 치즈가루, 핫소스도 주셨네요 굿","polarity":{"com":0.0014285714000000001,"pos":0.8268571428000001,"neg":0.07371428580000002,"neut":0.0028571428000000003,"none":0.09514285720000001},"intensity":{"high":0.06857142860000001,"low":0.030857142800000004,"meium":0.8054285714,"none":0.09514285720000001},"expressive":{"dir-action":0,"dir-explicit":0.3571428571285714,"dir-speech":0.29999999994,"indirect":0.24914285715017145,"writing-device":0.09371428578125714}},{"id":"24시 리츠델리피자CESCO","permalink":"","username":"asdfg","text":"치즈크러스트 치즈가 너무 짜요ㅠㅠ\n그래도 친절하고 따끈한 상태로 와서 굳이여","date":"Mon Dec 10 23:59:44 +0000 2018","retweets":"30","favorites":"20","mentions":[],"hashtags":[],"geo":"","raw":"치즈크러스트 치즈가 너무 짜요ㅠㅠ\n그래도 친절하고 따끈한 상태로 와서 굳이여","polarity":{"com":0.010206001,"pos":0.3815759885,"neg":0.478880032,"neut":0.11621019066666667,"none":0.013127787833333335},"intensity":{"high":0.110768891,"low":0.21789266216666667,"meium":0.6558636401666667,"none":0.015474806666666665},"expressive":{"dir-action":0.0015757693333333332,"dir-explicit":0.16688180116666662,"dir-speech":0.24120229099999999,"indirect":0.5767118501666666,"writing-device":0.013628288333333332}},{"id":"24시 리츠델리피자CESCO","permalink":"","username":"asdfg","text":"넘나맛잇어요 강추드립니다","date":"Mon Dec 10 23:59:44 +0000 2018","retweets":"30","favorites":"20","mentions":[],"hashtags":[],"geo":"","raw":"넘나맛잇어요 강추드립니다","polarity":{"com":0,"pos":0.5,"neg":0.5,"neut":0,"none":0},"intensity":{"high":0.1666666665,"low":0.3333333335,"meium":0.5,"none":0},"expressive":{"dir-action":0,"dir-explicit":0.16666666658333332,"dir-speech":0.6666666668333333,"indirect":0.16666666658333332,"writing-device":0}},{"id":"24시 리츠델리피자CESCO","permalink":"","username":"asdfg","text":"맛나요....,.....","date":"Mon Dec 10 23:59:44 +0000 2018","retweets":"30","favorites":"20","mentions":[],"hashtags":[],"geo":"","raw":"맛나요....,.....","polarity":{"com":0,"pos":1,"neg":0,"neut":0,"none":0},"intensity":{"high":0,"low":0,"meium":1,"none":0},"expressive":{"dir-action":0,"dir-explicit":0,"dir-speech":1,"indirect":0,"writing-device":0}},{"id":"24시 리츠델리피자CESCO","permalink":"","username":"asdfg","text":"피자도 치킨도 맛있습니다~","date":"Mon Dec 10 23:59:44 +0000 2018","retweets":"30","favorites":"20","mentions":[],"hashtags":[],"geo":"","raw":"피자도 치킨도 맛있습니다~","polarity":{"com":0.007142857,"pos":0.214285714,"neg":0.328571429,"neut":0.014285714,"none":0.435714286},"intensity":{"high":0.142857143,"low":0.114285714,"meium":0.307142857,"none":0.435714286},"expressive":{"dir-action":0,"dir-explicit":0.1857142858142857,"dir-speech":0.29999999969999996,"indirect":0.0857142859142857,"writing-device":0.42857142857142855}},{"id":"24시 리츠델리피자CESCO","permalink":"","username":"asdfg","text":"그냥 스파게티가 젤 맛남","date":"Mon Dec 10 23:59:44 +0000 2018","retweets":"30","favorites":"20","mentions":[],"hashtags":[],"geo":"","raw":"그냥 스파게티가 젤 맛남","polarity":{"com":0.005952381,"pos":0.47023809533333333,"neg":0.48809523800000004,"neut":0.026785714333333335,"none":0.008928571333333333},"intensity":{"high":0.053571428666666664,"low":0.03571428566666666,"meium":0.8988095236666666,"none":0.011904761999999998},"expressive":{"dir-action":0,"dir-explicit":0.125,"dir-speech":0.7708333333333334,"indirect":0.09523809533333333,"writing-device":0.008928571333333333}},{"id":"24시 리츠델리피자CESCO","permalink":"","username":"asdfg","text":"갈릭스테이크 피자. 토핑이 많은건 아니고 일단 맛있긴했습니다. 치즈오븐스파게티는 걍 그럼.","date":"Mon Dec 10 23:59:44 +0000 2018","retweets":"30","favorites":"20","mentions":[],"hashtags":[],"geo":"","raw":"갈릭스테이크 피자. 토핑이 많은건 아니고 일단 맛있긴했습니다. 치즈오븐스파게티는 걍 그럼.","polarity":{"com":0.001915708833652618,"pos":0.27752368237958724,"neg":0.2612564550435428,"neut":0.03860322367310053,"none":0.4207009300701169},"intensity":{"high":0.030066071,"low":0.11365795833333332,"meium":0.43365933183333333,"none":0.4226166388333333},"expressive":{"dir-action":0.0019157088333333332,"dir-explicit":0.2082374966666667,"dir-speech":0.2775485385,"indirect":0.062605446,"writing-device":0.44969281}},{"id":"24시 리츠델리피자CESCO","permalink":"","username":"asdfg","text":"맛있게잘먹었습니다용또시킬게요","date":"Mon Dec 10 23:59:44 +0000 2018","retweets":"30","favorites":"20","mentions":[],"hashtags":[],"geo":"","raw":"맛있게잘먹었습니다용또시킬게요","polarity":{"com":0,"pos":0.2857142856666666,"neg":0.5476190476666667,"neut":0.023809523666666665,"none":0.142857143},"intensity":{"high":0,"low":0.07142857133333333,"meium":0.7857142856666668,"none":0.142857143},"expressive":{"dir-action":0,"dir-explicit":0.119047619,"dir-speech":0.47619047633333333,"indirect":0.21428571433333332,"writing-device":0.19047619033333332}},{"id":"24시 리츠델리피자CESCO","permalink":"","username":"asdfg","text":"맛있어요... 배달도. 빠름","date":"Mon Dec 10 23:59:44 +0000 2018","retweets":"30","favorites":"20","mentions":[],"hashtags":[],"geo":"","raw":"맛있어요... 배달도. 빠름","polarity":{"com":0,"pos":0.6666666666666666,"neg":0.3333333333333333,"neut":0,"none":0},"intensity":{"high":0,"low":0.111111111,"meium":0.888888889,"none":0},"expressive":{"dir-action":0,"dir-explicit":0,"dir-speech":0.6666666666666666,"indirect":0.3333333333333333,"writing-device":0}},{"id":"24시 리츠델리피자CESCO","permalink":"","username":"asdfg","text":" 배달 빠르고 치킨도 짜지 않음","date":"Mon Dec 10 23:59:44 +0000 2018","retweets":"30","favorites":"20","mentions":[],"hashtags":[],"geo":"","raw":" 배달 빠르고 치킨도 짜지 않음","polarity":{"com":0.002380952333333333,"pos":0.5714285713333332,"neg":0.2761904763333333,"neut":0.004761904666666666,"none":0.14523809533333332},"intensity":{"high":0.047619047666666664,"low":0.038095238,"meium":0.7690476190000001,"none":0.14523809533333334},"expressive":{"dir-action":0,"dir-explicit":0.06190476197936508,"dir-speech":0.5999999998,"indirect":0.19523809526825395,"writing-device":0.14285714295238094}},{"id":"24시 리츠델리피자CESCO","permalink":"","username":"asdfg","text":"음 생각보다는 별로였지만 괜찮","date":"Mon Dec 10 23:59:44 +0000 2018","retweets":"30","favorites":"20","mentions":[],"hashtags":[],"geo":"","raw":"음 생각보다는 별로였지만 괜찮","polarity":{"com":0.0076252723358750905,"pos":0.3593604107864535,"neg":0.37301587312433865,"neut":0.14558045438186015,"none":0.11441798937147266},"intensity":{"high":0.08084344836028115,"low":0.18993152806331054,"meium":0.6148070342049357,"none":0.11441798937147266},"expressive":{"dir-action":0,"dir-explicit":0.3173436043333333,"dir-speech":0.4425381263333333,"indirect":0.11387332700000001,"writing-device":0.12624494233333333}},{"id":"24시 리츠델리피자CESCO","permalink":"","username":"asdfg","text":"피자헛보다 맛있었어요~\n단골할게요~","date":"Mon Dec 10 23:59:44 +0000 2018","retweets":"30","favorites":"20","mentions":[],"hashtags":[],"geo":"","raw":"피자헛보다 맛있었어요~\n단골할게요~","polarity":{"com":0,"pos":0.5,"neg":0.5,"neut":0,"none":0},"intensity":{"high":0,"low":0,"meium":1,"none":0},"expressive":{"dir-action":0,"dir-explicit":0,"dir-speech":0.5,"indirect":0.5,"writing-device":0}},{"id":"24시 리츠델리피자CESCO","permalink":"","username":"asdfg","text":"가격대비 만족합니다맛있어요스파게티도맛나네요","date":"Mon Dec 10 23:59:44 +0000 2018","retweets":"30","favorites":"20","mentions":[],"hashtags":[],"geo":"","raw":"가격대비 만족합니다맛있어요스파게티도맛나네요","polarity":{"com":0.00178571425,"pos":0.3035714285,"neg":0.58214285725,"neut":0.0035714285,"none":0.1089285715},"intensity":{"high":0.03571428575,"low":0.0285714285,"meium":0.82678571425,"none":0.1089285715},"expressive":{"dir-action":0,"dir-explicit":0.29642857142589285,"dir-speech":0.32499999991875,"indirect":0.27142857143214283,"writing-device":0.10714285722321429}},{"id":"24시 리츠델리피자CESCO","permalink":"","username":"asdfg","text":"자주 시켜먹는이유는 다 맛이죠","date":"Mon Dec 10 23:59:44 +0000 2018","retweets":"30","favorites":"20","mentions":[],"hashtags":[],"geo":"","raw":"자주 시켜먹는이유는 다 맛이죠","polarity":{"com":0.0045751634,"pos":0.553314659,"neg":0.288888889,"neut":0.05163398699999999,"none":0.1015873016},"intensity":{"high":0.13818860877236228,"low":0.2941176469411764,"meium":0.46610644270677865,"none":0.10158730157968254},"expressive":{"dir-action":0,"dir-explicit":0.2804855275439029,"dir-speech":0.5532212884893557,"indirect":0.06078431378784314,"writing-device":0.10550887017889822}},{"id":"24시 리츠델리피자CESCO","permalink":"","username":"asdfg","text":"충전~~~~~~~~~##***","date":"Mon Dec 10 23:59:44 +0000 2018","retweets":"30","favorites":"20","mentions":[],"hashtags":[],"geo":"","raw":"충전~~~~~~~~~##***","polarity":{"com":null,"pos":null,"neg":null,"neut":null,"none":null},"intensity":{"high":null,"low":null,"meium":null,"none":null},"expressive":{"dir-action":null,"dir-explicit":null,"dir-speech":null,"indirect":null,"writing-device":null}},{"id":"24시 리츠델리피자CESCO","permalink":"","username":"asdfg","text":"오븐구이 치킨 맛있네요","date":"Mon Dec 10 23:59:44 +0000 2018","retweets":"30","favorites":"20","mentions":[],"hashtags":[],"geo":"","raw":"오븐구이 치킨 맛있네요","polarity":{"com":0,"pos":0,"neg":1,"neut":0,"none":0},"intensity":{"high":0,"low":0,"meium":1,"none":0},"expressive":{"dir-action":0,"dir-explicit":0,"dir-speech":1,"indirect":0,"writing-device":0}},{"id":"24시 리츠델리피자CESCO","permalink":"","username":"asdfg","text":"맛있어요^^~맛나맛나","date":"Mon Dec 10 23:59:44 +0000 2018","retweets":"30","favorites":"20","mentions":[],"hashtags":[],"geo":"","raw":"맛있어요^^~맛나맛나","polarity":{"com":0,"pos":0.6666666666666666,"neg":0.3333333333333333,"neut":0,"none":0},"intensity":{"high":0,"low":0,"meium":1,"none":0},"expressive":{"dir-action":0,"dir-explicit":0,"dir-speech":1,"indirect":0,"writing-device":0}},{"id":"24시 리츠델리피자CESCO","permalink":"","username":"asdfg","text":"항상 맛있어요~~ㅎㅎ","date":"Mon Dec 10 23:59:44 +0000 2018","retweets":"30","favorites":"20","mentions":[],"hashtags":[],"geo":"","raw":"항상 맛있어요~~ㅎㅎ","polarity":{"com":0,"pos":1,"neg":0,"neut":0,"none":0},"intensity":{"high":0,"low":0,"meium":1,"none":0},"expressive":{"dir-action":0,"dir-explicit":0.5,"dir-speech":0.5,"indirect":0,"writing-device":0}},{"id":"24시 리츠델리피자CESCO","permalink":"","username":"asdfg","text":"크기가완전크고 맛있어요 단골될듯","date":"Mon Dec 10 23:59:44 +0000 2018","retweets":"30","favorites":"20","mentions":[],"hashtags":[],"geo":"","raw":"크기가완전크고 맛있어요 단골될듯","polarity":{"com":0.003571428599999999,"pos":0.47179802959999995,"neg":0.4560755335999999,"neut":0.029864531999999992,"none":0.03869047619999999},"intensity":{"high":0.108004926178399,"low":0.068555008186289,"meium":0.7760673232447864,"none":0.047372742390525455},"expressive":{"dir-action":0,"dir-explicit":0.21867816099999998,"dir-speech":0.35675287339999995,"indirect":0.3858784894,"writing-device":0.0386904762}},{"id":"24시 리츠델리피자CESCO","permalink":"","username":"asdfg","text":"피자가너무짜요 스파게티는맛나요","date":"Mon Dec 10 23:59:44 +0000 2018","retweets":"30","favorites":"20","mentions":[],"hashtags":[],"geo":"","raw":"피자가너무짜요 스파게티는맛나요","polarity":{"com":0.005952381001984127,"pos":0.48082010582694007,"neg":0.41931216947310407,"neut":0.058531746019510576,"none":0.0353835976784612},"intensity":{"high":0.087962963,"low":0.11507936499999999,"meium":0.7585978836666666,"none":0.03835978833333333},"expressive":{"dir-action":0,"dir-explicit":0.24933862433333331,"dir-speech":0.37400793666666665,"indirect":0.335978836,"writing-device":0.040674603}},{"id":"24시 리츠델리피자CESCO","permalink":"","username":"asdfg","text":"제가 파인애플덕후라서 하와이안스페셜 시켜먹었어요 하와이안스페셜 시켜먹은거 잘 시켜먹은거 같아요 하와이안 스페셜에 파인애플 토핑이 많아서 좋았어요 그리고 피자 치즈도 많이 들어갔는지 죽죽 잘 늘어나서 더 좋았어요","date":"Mon Dec 10 23:59:44 +0000 2018","retweets":"30","favorites":"20","mentions":[],"hashtags":[],"geo":"","raw":"제가 파인애플덕후라서 하와이안스페셜 시켜먹었어요 하와이안스페셜 시켜먹은거 잘 시켜먹은거 같아요 하와이안 스페셜에 파인애플 토핑이 많아서 좋았어요 그리고 피자 치즈도 많이 들어갔는지 죽죽 잘 늘어나서 더 좋았어요","polarity":{"com":0,"pos":0.5389682539231614,"neg":0.42396825407066135,"neut":0.03373015867228836,"none":0.0033333333338888865},"intensity":{"high":0.08611111108333336,"low":0.2364682539166667,"meium":0.6740873016666666,"none":0.0033333333333333314},"expressive":{"dir-action":0,"dir-explicit":0.352579365,"dir-speech":0.424404762,"indirect":0.09468253966666666,"writing-device":0.12833333333333333}},{"id":"24시 리츠델리피자CESCO","permalink":"","username":"asdfg","text":"맛있어요~\n도우도 쫄깃하고 치즈도많이있구\n마지막입까지 맛있네요 ㅎㅎ","date":"Mon Dec 10 23:59:44 +0000 2018","retweets":"30","favorites":"20","mentions":[],"hashtags":[],"geo":"","raw":"맛있어요~\n도우도 쫄깃하고 치즈도많이있구\n마지막입까지 맛있네요 ㅎㅎ","polarity":{"com":0.005194480166666667,"pos":0.5014527515,"neg":0.29520689516666665,"neut":0.007886457833333334,"none":0.19025941533333332},"intensity":{"high":0.06555581551092597,"low":0.2073040572012173,"meium":0.5288044539214675,"none":0.1983356733663893},"expressive":{"dir-action":0.0005005005,"dir-explicit":0.2648226148333333,"dir-speech":0.421075621,"indirect":0.1164560665,"writing-device":0.19714519716666667}},{"id":"24시 리츠델리피자CESCO","permalink":"","username":"asdfg","text":"피자는 그냥 ..? ㅎㅎ 근데 오븐치킨이 진짜 짱임 ! ","date":"Mon Dec 10 23:59:44 +0000 2018","retweets":"30","favorites":"20","mentions":[],"hashtags":[],"geo":"","raw":"피자는 그냥 ..? ㅎㅎ 근데 오븐치킨이 진짜 짱임 ! ","polarity":{"com":0.01541850200770925,"pos":0.37458918968729454,"neg":0.47423257123711626,"neut":0.09167191104583594,"none":0.04408782602204391},"intensity":{"high":0.06873645203436822,"low":0.18512691409256343,"meium":0.699846164849923,"none":0.04629046902314523},"expressive":{"dir-action":0.002202643001101321,"dir-explicit":0.2864135376432067,"dir-speech":0.513950073756975,"indirect":0.14320676857160336,"writing-device":0.05422697702711348}},{"id":"24시 리츠델리피자CESCO","permalink":"","username":"asdfg","text":"맛없게 잘먹엇습니다^^","date":"Mon Dec 10 23:59:44 +0000 2018","retweets":"30","favorites":"20","mentions":[],"hashtags":[],"geo":"","raw":"맛없게 잘먹엇습니다^^","polarity":{"com":null,"pos":null,"neg":null,"neut":null,"none":null},"intensity":{"high":null,"low":null,"meium":null,"none":null},"expressive":{"dir-action":null,"dir-explicit":null,"dir-speech":null,"indirect":null,"writing-device":null}},{"id":"24시 리츠델리피자CESCO","permalink":"","username":"asdfg","text":"맛잇다고 리뷰달린거 지인들이 써올린듯. 저는 맛없게 먹엇습니다","date":"Mon Dec 10 23:59:44 +0000 2018","retweets":"30","favorites":"20","mentions":[],"hashtags":[],"geo":"","raw":"맛잇다고 리뷰달린거 지인들이 써올린듯. 저는 맛없게 먹엇습니다","polarity":{"com":0.015037593997851772,"pos":0.5200501253542785,"neg":0.4335839597952023,"neut":0.007518796998925886,"none":0.023809523853741493},"intensity":{"high":0,"low":0.10150375941407087,"meium":0.8746867167321876,"none":0.023809523853741493},"expressive":{"dir-action":0,"dir-explicit":0.2293233084285714,"dir-speech":0.5175438595714287,"indirect":0.15789473671428572,"writing-device":0.0952380952857143}},{"id":"24시 리츠델리피자CESCO","permalink":"","username":"asdfg","text":"리뷰에 올린 사진이랑 틀림. 맛도없고 서비스도 매우 불만족","date":"Mon Dec 10 23:59:44 +0000 2018","retweets":"30","favorites":"20","mentions":[],"hashtags":[],"geo":"","raw":"리뷰에 올린 사진이랑 틀림. 맛도없고 서비스도 매우 불만족","polarity":{"com":0.0032362460000000003,"pos":0.8117583603333334,"neg":0.1542610571666667,"neut":0.008090614833333334,"none":0.02265372166666667},"intensity":{"high":0.20388349513268608,"low":0.18284789646952535,"meium":0.5889967637351672,"none":0.024271844662621358},"expressive":{"dir-action":0,"dir-explicit":0.23786407766666662,"dir-speech":0.20226537216666662,"indirect":0.5323624594999999,"writing-device":0.027508090666666662}},{"id":"24시 리츠델리피자CESCO","permalink":"","username":"asdfg","text":"솔직히 싸구려맛피자. 맛잇다고 리뷰올린사람들 이해안감","date":"Mon Dec 10 23:59:44 +0000 2018","retweets":"30","favorites":"20","mentions":[],"hashtags":[],"geo":"","raw":"솔직히 싸구려맛피자. 맛잇다고 리뷰올린사람들 이해안감","polarity":{"com":0.05,"pos":0.51666666675,"neg":0.43333333325,"neut":0,"none":0},"intensity":{"high":0,"low":0.05,"meium":0.95,"none":0},"expressive":{"dir-action":0.25,"dir-explicit":0.16666666675,"dir-speech":0.45,"indirect":0.13333333325000002,"writing-device":0}},{"id":"24시 리츠델리피자CESCO","permalink":"","username":"asdfg","text":"피자 넘 맛나요 따끈따끈","date":"Mon Dec 10 23:59:44 +0000 2018","retweets":"30","favorites":"20","mentions":[],"hashtags":[],"geo":"","raw":"피자 넘 맛나요 따끈따끈","polarity":{"com":0,"pos":1,"neg":0,"neut":0,"none":0},"intensity":{"high":0,"low":0,"meium":1,"none":0},"expressive":{"dir-action":0,"dir-explicit":0,"dir-speech":1,"indirect":0,"writing-device":0}},{"id":"24시 리츠델리피자CESCO","permalink":"","username":"asdfg","text":"야채피자 첨 먹어봤는데 맛나요ㅋㅋ","date":"Mon Dec 10 23:59:44 +0000 2018","retweets":"30","favorites":"20","mentions":[],"hashtags":[],"geo":"","raw":"야채피자 첨 먹어봤는데 맛나요ㅋㅋ","polarity":{"com":0,"pos":0.6666666665000001,"neg":0.3333333335,"neut":0,"none":0},"intensity":{"high":0.0555555555,"low":0.111111111,"meium":0.8333333334999999,"none":0},"expressive":{"dir-action":0,"dir-explicit":0.111111111,"dir-speech":0.888888889,"indirect":0,"writing-device":0}},{"id":"24시 리츠델리피자CESCO","permalink":"","username":"asdfg","text":"맛있지 ㅇㅇ 충전 얍~~~,.,*#","date":"Mon Dec 10 23:59:44 +0000 2018","retweets":"30","favorites":"20","mentions":[],"hashtags":[],"geo":"","raw":"맛있지 ㅇㅇ 충전 얍~~~,.,*#","polarity":{"com":0,"pos":0,"neg":1,"neut":0,"none":0},"intensity":{"high":0,"low":0,"meium":1,"none":0},"expressive":{"dir-action":0,"dir-explicit":0,"dir-speech":1,"indirect":0,"writing-device":0}},{"id":"24시 리츠델리피자CESCO","permalink":"","username":"asdfg","text":"맛있음 충~~~~전~~","date":"Mon Dec 10 23:59:44 +0000 2018","retweets":"30","favorites":"20","mentions":[],"hashtags":[],"geo":"","raw":"맛있음 충~~~~전~~","polarity":{"com":0,"pos":0.5,"neg":0,"neut":0.5,"none":0},"intensity":{"high":0,"low":0.5,"meium":0.5,"none":0},"expressive":{"dir-action":0,"dir-explicit":0,"dir-speech":1,"indirect":0,"writing-device":0}},{"id":"24시 리츠델리피자CESCO","permalink":"","username":"asdfg","text":"맛있구 도우가 쫄깃 담백~~!♥*?!♥","date":"Mon Dec 10 23:59:44 +0000 2018","retweets":"30","favorites":"20","mentions":[],"hashtags":[],"geo":"","raw":"맛있구 도우가 쫄깃 담백~~!♥*?!♥","polarity":{"com":0.005952381,"pos":0.47023809533333333,"neg":0.48809523800000004,"neut":0.026785714333333335,"none":0.008928571333333333},"intensity":{"high":0.38690476199999996,"low":0.035714285666666665,"meium":0.5654761903333333,"none":0.011904762},"expressive":{"dir-action":0,"dir-explicit":0.4583333333333333,"dir-speech":0.4375,"indirect":0.09523809533333333,"writing-device":0.008928571333333333}},{"id":"24시 리츠델리피자CESCO","permalink":"","username":"asdfg","text":"도우가 맛있어요. 다른 데는 야채피자 잘 없어서 여기서 가끔 시켜요","date":"Mon Dec 10 23:59:44 +0000 2018","retweets":"30","favorites":"20","mentions":[],"hashtags":[],"geo":"","raw":"도우가 맛있어요. 다른 데는 야채피자 잘 없어서 여기서 가끔 시켜요","polarity":{"com":0.004464285751116071,"pos":0.6562500001640625,"neg":0.2946428570736608,"neut":0.03794642850948661,"none":0.006696428501674107},"intensity":{"high":0.2901785715,"low":0.08035714275,"meium":0.62053571425,"none":0.0089285715},"expressive":{"dir-action":0,"dir-explicit":0.3973214285,"dir-speech":0.36383928575,"indirect":0.23214285725,"writing-device":0.0066964285}},{"id":"24시 리츠델리피자CESCO","permalink":"","username":"asdfg","text":"맛잇어요~ 자주먹어야겟어요","date":"Mon Dec 10 23:59:44 +0000 2018","retweets":"30","favorites":"20","mentions":[],"hashtags":[],"geo":"","raw":"맛잇어요~ 자주먹어야겟어요","polarity":{"com":0,"pos":1,"neg":0,"neut":0,"none":0},"intensity":{"high":0,"low":0.5,"meium":0.5,"none":0},"expressive":{"dir-action":0,"dir-explicit":0,"dir-speech":1,"indirect":0,"writing-device":0}},{"id":"24시 리츠델리피자CESCO","permalink":"","username":"asdfg","text":"맛은 그냥저냥~~하네요~~ ","date":"Mon Dec 10 23:59:44 +0000 2018","retweets":"30","favorites":"20","mentions":[],"hashtags":[],"geo":"","raw":"맛은 그냥저냥~~하네요~~ ","polarity":{"com":0.0057471265,"pos":0.66091954,"neg":0.2011494255,"neut":0.0344827585,"none":0.0977011495},"intensity":{"high":0.05747126447126437,"low":0.0632183909683908,"meium":0.775862068612069,"none":0.10344827594827587},"expressive":{"dir-action":0.005747126502873563,"dir-explicit":0.08045977004022989,"dir-speech":0.7068965518534482,"indirect":0.09195402304597701,"writing-device":0.11494252855747127}},{"id":"24시 리츠델리피자CESCO","permalink":"","username":"asdfg","text":"아 맛있다 맛있다 ~~~","date":"Mon Dec 10 23:59:44 +0000 2018","retweets":"30","favorites":"20","mentions":[],"hashtags":[],"geo":"","raw":"아 맛있다 맛있다 ~~~","polarity":{"com":0,"pos":0,"neg":1,"neut":0,"none":0},"intensity":{"high":0,"low":0,"meium":1,"none":0},"expressive":{"dir-action":0,"dir-explicit":0,"dir-speech":1,"indirect":0,"writing-device":0}},{"id":"24시 리츠델리피자CESCO","permalink":"","username":"asdfg","text":"빨리 배달해주셔서 잘 먹었어요.","date":"Mon Dec 10 23:59:44 +0000 2018","retweets":"30","favorites":"20","mentions":[],"hashtags":[],"geo":"","raw":"빨리 배달해주셔서 잘 먹었어요.","polarity":{"com":0.006451613002150537,"pos":0.5768049155256016,"neg":0.3556579621185526,"neut":0.051766513017255496,"none":0.009318996336439666},"intensity":{"high":0.04659498199999999,"low":0.11013824866666665,"meium":0.833230927,"none":0.010035842333333331},"expressive":{"dir-action":0.0021505376666666664,"dir-explicit":0.3427547363333333,"dir-speech":0.145826933,"indirect":0.49994879666666664,"writing-device":0.009318996333333333}},{"id":"24시 리츠델리피자CESCO","permalink":"","username":"asdfg","text":"맛있게 잘 막었어요","date":"Mon Dec 10 23:59:44 +0000 2018","retweets":"30","favorites":"20","mentions":[],"hashtags":[],"geo":"","raw":"맛있게 잘 막었어요","polarity":{"com":0,"pos":0.35714285717857136,"neg":0.6071428573035714,"neut":0.03571428551785714,"none":0},"intensity":{"high":0,"low":0.107142857,"meium":0.8928571430000001,"none":0},"expressive":{"dir-action":0,"dir-explicit":0.107142857,"dir-speech":0.5714285715,"indirect":0.3214285715,"writing-device":0}},{"id":"24시 리츠델리피자CESCO","permalink":"","username":"asdfg","text":"먹을만 하네요ㅎㅎ배달이 빠른게 장점","date":"Mon Dec 10 23:59:44 +0000 2018","retweets":"30","favorites":"20","mentions":[],"hashtags":[],"geo":"","raw":"먹을만 하네요ㅎㅎ배달이 빠른게 장점","polarity":{"com":0,"pos":0.6602564100679487,"neg":0.22564102575487174,"neut":0.03076923079384615,"none":0.08333333338333332},"intensity":{"high":0.0542735042,"low":0.1572649572,"meium":0.7051282052,"none":0.0833333334},"expressive":{"dir-action":0,"dir-explicit":0.1726495726,"dir-speech":0.494017094,"indirect":0.25,"writing-device":0.08333333340000001}},{"id":"24시 리츠델리피자CESCO","permalink":"","username":"asdfg","text":"맛이ㅛ어요 갈릭 스테이크 배고파서 흡입했어요 ㅎ헤ㅔ헤","date":"Mon Dec 10 23:59:44 +0000 2018","retweets":"30","favorites":"20","mentions":[],"hashtags":[],"geo":"","raw":"맛이ㅛ어요 갈릭 스테이크 배고파서 흡입했어요 ㅎ헤ㅔ헤","polarity":{"com":0.019354838999999995,"pos":0.5161290319999999,"neg":0.35268817199999997,"neut":0.08387096799999999,"none":0.027956988999999995},"intensity":{"high":0.139784946,"low":0.116129032,"meium":0.713978495,"none":0.030107527},"expressive":{"dir-action":0.006451613,"dir-explicit":0.313978495,"dir-speech":0.294623656,"indirect":0.356989247,"writing-device":0.027956989}},{"id":"24시 리츠델리피자CESCO","permalink":"","username":"asdfg","text":"토핑추가까지 했는데 생각보다 토핑이 얇았어요^^;;;\n","date":"Mon Dec 10 23:59:44 +0000 2018","retweets":"30","favorites":"20","mentions":[],"hashtags":[],"geo":"","raw":"토핑추가까지 했는데 생각보다 토핑이 얇았어요^^;;;\n","polarity":{"com":0.010279001333333333,"pos":0.26890602066666663,"neg":0.5912873223333334,"neut":0.11270190899999998,"none":0.016825746666666665},"intensity":{"high":0.3963534017987844,"low":0.12738619670912874,"meium":0.4579662261526554,"none":0.018294175339431392},"expressive":{"dir-action":0.0014684286671561425,"dir-explicit":0.26303230542101075,"dir-speech":0.6065222712021741,"indirect":0.11068281937022759,"writing-device":0.01829417533943139}},{"id":"24시 리츠델리피자CESCO","permalink":"","username":"asdfg","text":"피자가 너무 먹고싶었는데 덕분에 맛있게 먹었네요","date":"Mon Dec 10 23:59:44 +0000 2018","retweets":"30","favorites":"20","mentions":[],"hashtags":[],"geo":"","raw":"피자가 너무 먹고싶었는데 덕분에 맛있게 먹었네요","polarity":{"com":0.00446428575,"pos":0.269345238,"neg":0.699404762,"neut":0.02008928575,"none":0.0066964285},"intensity":{"high":0.095734127,"low":0.13789682525,"meium":0.75744047625,"none":0.0089285715},"expressive":{"dir-action":0,"dir-explicit":0.20486111099999998,"dir-speech":0.717013889,"indirect":0.0714285715,"writing-device":0.0066964285}},{"id":"24시 리츠델리피자CESCO","permalink":"","username":"asdfg","text":"배달해주시는분도 넘친절하시고 맛있고 따뜻한음식 잘먹었어요","date":"Mon Dec 10 23:59:44 +0000 2018","retweets":"30","favorites":"20","mentions":[],"hashtags":[],"geo":"","raw":"배달해주시는분도 넘친절하시고 맛있고 따뜻한음식 잘먹었어요","polarity":{"com":0.0027649770003949966,"pos":0.711487820958784,"neg":0.25956769803708113,"neut":0.022185648431740805,"none":0.003993855571999123},"intensity":{"high":0.16282642085714286,"low":0.04720210657142857,"meium":0.7856703972857143,"none":0.004301075285714285},"expressive":{"dir-action":0.000921659,"dir-explicit":0.2540377441428571,"dir-speech":0.4196401141428571,"indirect":0.32140662714285717,"writing-device":0.003993855571428571}},{"id":"24시 리츠델리피자CESCO","permalink":"","username":"asdfg","text":"배달두 빠르고 맛있네요^^담에 또 주문할께요~","date":"Mon Dec 10 23:59:44 +0000 2018","retweets":"30","favorites":"20","mentions":[],"hashtags":[],"geo":"","raw":"배달두 빠르고 맛있네요^^담에 또 주문할께요~","polarity":{"com":0.003870967799225806,"pos":0.5317972348936405,"neg":0.35625192012874957,"neut":0.01677419359664516,"none":0.09130568358173886},"intensity":{"high":0.027956989199999997,"low":0.089892473,"meium":0.7904147466,"none":0.0917357912},"expressive":{"dir-action":0.0012903226,"dir-explicit":0.09136712760000001,"dir-speech":0.5160675884000001,"indirect":0.2713978494,"writing-device":0.119877112}},{"id":"24시 리츠델리피자CESCO","permalink":"","username":"asdfg","text":"비가와서 배달하시는분 수고하시는건알겠는데요\n30분걸린다던 배달이 한시간 넘게 걸리는건 너무하지않나요\n맛이고 뭐고를 떠나서 배고파죽는줄알았어요\n","date":"Mon Dec 10 23:59:44 +0000 2018","retweets":"30","favorites":"20","mentions":[],"hashtags":[],"geo":"","raw":"비가와서 배달하시는분 수고하시는건알겠는데요\n30분걸린다던 배달이 한시간 넘게 걸리는건 너무하지않나요\n맛이고 뭐고를 떠나서 배고파죽는줄알았어요\n","polarity":{"com":0.0844086021619773,"pos":0.42694223342072535,"neg":0.43155065758713607,"neut":0.013237340110375702,"none":0.04386116671978549},"intensity":{"high":0.04742832833333333,"low":0.11223163533333332,"meium":0.7963593952777779,"none":0.043980641055555554},"expressive":{"dir-action":0.00035842294442453224,"dir-explicit":0.25966707526335187,"dir-speech":0.4367022762535166,"indirect":0.19748224693347327,"writing-device":0.10578997860523391}},{"id":"24시 리츠델리피자CESCO","permalink":"","username":"asdfg","text":"피치셋트 맛나고좋음 \n배달아저씨도 쵝오:D\n","date":"Mon Dec 10 23:59:44 +0000 2018","retweets":"30","favorites":"20","mentions":[],"hashtags":[],"geo":"","raw":"피치셋트 맛나고좋음 \n배달아저씨도 쵝오:D\n","polarity":{"com":0.0035714285,"pos":0.607142857,"neg":0.1642857145,"neut":0.007142857,"none":0.217857143},"intensity":{"high":0.0714285715,"low":0.057142857,"meium":0.6535714285,"none":0.217857143},"expressive":{"dir-action":0,"dir-explicit":0.09285714295357143,"dir-speech":0.649999999675,"indirect":0.042857142978571426,"writing-device":0.21428571439285712}},{"id":"24시 리츠델리피자CESCO","permalink":"","username":"asdfg","text":"새우베이컨골드피자 최고에요 \n새우랑 베이컨의 조화가 아주 굿입니다\n웬만한 브랜드 피자보다 맛있었어요 \n가격이 비싼 것도 아니고 진짜 잘 먹었습니다","date":"Mon Dec 10 23:59:44 +0000 2018","retweets":"30","favorites":"20","mentions":[],"hashtags":[],"geo":"","raw":"새우베이컨골드피자 최고에요 \n새우랑 베이컨의 조화가 아주 굿입니다\n웬만한 브랜드 피자보다 맛있었어요 \n가격이 비싼 것도 아니고 진짜 잘 먹었습니다","polarity":{"com":0.005122859,"pos":0.6439788658888889,"neg":0.26489253577777777,"neut":0.06017958022222222,"none":0.02582615911111111},"intensity":{"high":0.14219277798420082,"low":0.2045780646439358,"meium":0.6264109347081767,"none":0.026818222663686872},"expressive":{"dir-action":0,"dir-explicit":0.16528786655555552,"dir-speech":0.21355820099999998,"indirect":0.5953277733333332,"writing-device":0.025826159111111104}},{"id":"24시 리츠델리피자CESCO","permalink":"","username":"asdfg","text":"주문했으니 취소는 안하겠지만 앞으로 여기서 피자 먹을 일은 없을듯.  방금 전에 전화 받은 남성분, 집안에 우환 있으세요??  황당하네, 진짜;;;","date":"Mon Dec 10 23:59:44 +0000 2018","retweets":"30","favorites":"20","mentions":[],"hashtags":[],"geo":"","raw":"주문했으니 취소는 안하겠지만 앞으로 여기서 피자 먹을 일은 없을듯.  방금 전에 전화 받은 남성분, 집안에 우환 있으세요??  황당하네, 진짜;;;","polarity":{"com":0.0840773809236731,"pos":0.4436177247869681,"neg":0.3057208995254767,"neut":0.10813492067567788,"none":0.05844907408820408},"intensity":{"high":0.015624999998697915,"low":0.25115740739573683,"meium":0.6747685185271025,"none":0.05844907407846257},"expressive":{"dir-action":0,"dir-explicit":0.15922619048673117,"dir-speech":0.5124834656239597,"indirect":0.25462962956211427,"writing-device":0.07366071432719495}},{"id":"24시 리츠델리피자CESCO","permalink":"","username":"asdfg","text":"단골이에요~도우도 쫄깃하고 고소하고 맛있어요 제 입맛엔 유명브랜드 피자보다 더 맛있는거같아요~배달도 빠르고 항상 만족해요","date":"Mon Dec 10 23:59:44 +0000 2018","retweets":"30","favorites":"20","mentions":[],"hashtags":[],"geo":"","raw":"단골이에요~도우도 쫄깃하고 고소하고 맛있어요 제 입맛엔 유명브랜드 피자보다 더 맛있는거같아요~배달도 빠르고 항상 만족해요","polarity":{"com":0.005375119923490395,"pos":0.5286360678868183,"neg":0.3863156638758704,"neut":0.030558100002350624,"none":0.04911504831147039},"intensity":{"high":0.05709232492307693,"low":0.08377022730769232,"meium":0.8094605472307692,"none":0.04967690053846153},"expressive":{"dir-action":0.0012235560768289573,"dir-explicit":0.17407497052507118,"dir-speech":0.4192578380446725,"indirect":0.2785029592093459,"writing-device":0.12694067614408147}},{"id":"24시 리츠델리피자CESCO","permalink":"","username":"asdfg","text":"피치세트시킴 피자 치킨 둘다 맛나고 가격대비 괜찮은 세트메뉴같아요 배달도 엄청 빠름ㅎ","date":"Mon Dec 10 23:59:44 +0000 2018","retweets":"30","favorites":"20","mentions":[],"hashtags":[],"geo":"","raw":"피치세트시킴 피자 치킨 둘다 맛나고 가격대비 괜찮은 세트메뉴같아요 배달도 엄청 빠름ㅎ","polarity":{"com":0,"pos":0.49470899466666657,"neg":0.2671957671666666,"neut":0.19047619049999998,"none":0.04761904766666666},"intensity":{"high":0.11507936512830688,"low":0.11243386246252204,"meium":0.7248677247583775,"none":0.047619047650793646},"expressive":{"dir-action":0.009259259333333332,"dir-explicit":0.16005291016666665,"dir-speech":0.2513227513333333,"indirect":0.5238095236666667,"writing-device":0.05555555549999999}},{"id":"24시 리츠델리피자CESCO","permalink":"","username":"asdfg","text":"진짜  전화받눈사람누구  아주 좀만더 하면  욕하겟내\n","date":"Mon Dec 10 23:59:44 +0000 2018","retweets":"30","favorites":"20","mentions":[],"hashtags":[],"geo":"","raw":"진짜  전화받눈사람누구  아주 좀만더 하면  욕하겟내\n","polarity":{"com":0.013409961802681994,"pos":0.5502652519100532,"neg":0.28601532565720306,"neut":0.0240495136048099,"none":0.126259947025252},"intensity":{"high":0.09350132638129972,"low":0.06887709998622457,"meium":0.7090627760581873,"none":0.1285587975742882},"expressive":{"dir-action":0.0022988506004597694,"dir-explicit":0.1116710876223342,"dir-speech":0.30626289406125257,"indirect":0.45173887429034776,"writing-device":0.12802829342560565}},{"id":"24시 리츠델리피자CESCO","permalink":"","username":"asdfg","text":"갈릭스테이크피자 맛있네요 \n갈릭들어간건 무조건 옳다!ㅋㅋㅋ\n토핑도 생각보다 꽤 올려주셔서 맛나게 먹었어요","date":"Mon Dec 10 23:59:44 +0000 2018","retweets":"30","favorites":"20","mentions":[],"hashtags":[],"geo":"","raw":"갈릭스테이크피자 맛있네요 \n갈릭들어간건 무조건 옳다!ㅋㅋㅋ\n토핑도 생각보다 꽤 올려주셔서 맛나게 먹었어요","polarity":{"com":0.005158730166666666,"pos":0.3809523808333333,"neg":0.41653439166666667,"neut":0.0546296295,"none":0.14272486783333335},"intensity":{"high":0.21957671950000002,"low":0.06931216916666666,"meium":0.5683862435,"none":0.14272486783333335},"expressive":{"dir-action":0,"dir-explicit":0.09841269848359789,"dir-speech":0.5268518517455246,"indirect":0.22923280429512788,"writing-device":0.14550264547574954}},{"id":"24시 리츠델리피자CESCO","permalink":"","username":"asdfg","text":"고구마피자 짱이에요 술먹은 다음날 애용합니다","date":"Mon Dec 10 23:59:44 +0000 2018","retweets":"30","favorites":"20","mentions":[],"hashtags":[],"geo":"","raw":"고구마피자 짱이에요 술먹은 다음날 애용합니다","polarity":{"com":0.007625272333333333,"pos":0.46187363833333334,"neg":0.42592592599999995,"neut":0.030501089333333332,"none":0.074074074},"intensity":{"high":0.04248366001416121,"low":0.027233115342411036,"meium":0.8562091506187364,"none":0.07407407402469135},"expressive":{"dir-action":0,"dir-explicit":0.13943355133333335,"dir-speech":0.06753812633333334,"indirect":0.7124183006666667,"writing-device":0.08061002166666667}},{"id":"24시 리츠델리피자CESCO","permalink":"","username":"asdfg","text":"포테이토피자랑 토마토스파게티요 괜츈해요~~^^","date":"Mon Dec 10 23:59:44 +0000 2018","retweets":"30","favorites":"20","mentions":[],"hashtags":[],"geo":"","raw":"포테이토피자랑 토마토스파게티요 괜츈해요~~^^","polarity":{"com":null,"pos":null,"neg":null,"neut":null,"none":null},"intensity":{"high":null,"low":null,"meium":null,"none":null},"expressive":{"dir-action":null,"dir-explicit":null,"dir-speech":null,"indirect":null,"writing-device":null}},{"id":"24시 리츠델리피자CESCO","permalink":"","username":"asdfg","text":"고구마피자 정말 맛잇어요","date":"Mon Dec 10 23:59:44 +0000 2018","retweets":"30","favorites":"20","mentions":[],"hashtags":[],"geo":"","raw":"고구마피자 정말 맛잇어요","polarity":{"com":0,"pos":0.75,"neg":0,"neut":0,"none":0.25},"intensity":{"high":0.5,"low":0,"meium":0.25,"none":0.25},"expressive":{"dir-action":0,"dir-explicit":0.5,"dir-speech":0.25,"indirect":0,"writing-device":0.25}},{"id":"24시 리츠델리피자CESCO","permalink":"","username":"asdfg","text":"맛잇네요 ㅎㅎ배달도 빠르고 좋아요","date":"Mon Dec 10 23:59:44 +0000 2018","retweets":"30","favorites":"20","mentions":[],"hashtags":[],"geo":"","raw":"맛잇네요 ㅎㅎ배달도 빠르고 좋아요","polarity":{"com":0,"pos":0.98,"neg":0.01,"neut":0,"none":0.01},"intensity":{"high":0.05,"low":0.09333333325,"meium":0.84666666675,"none":0.01},"expressive":{"dir-action":0,"dir-explicit":0.15,"dir-speech":0.55,"indirect":0.29,"writing-device":0.01}},{"id":"24시 리츠델리피자CESCO","permalink":"","username":"asdfg","text":"스파게티두 맛나구.아주 그냥 \n한마디로 맛나요!!","date":"Mon Dec 10 23:59:44 +0000 2018","retweets":"30","favorites":"20","mentions":[],"hashtags":[],"geo":"","raw":"스파게티두 맛나구.아주 그냥 \n한마디로 맛나요!!","polarity":{"com":0.3333333333333333,"pos":0.5833333333333334,"neg":0.08333333333333333,"neut":0,"none":0},"intensity":{"high":0.08333333333333333,"low":0,"meium":0.9166666666666666,"none":0},"expressive":{"dir-action":0,"dir-explicit":0,"dir-speech":0.75,"indirect":0.25,"writing-device":0}},{"id":"24시 리츠델리피자CESCO","permalink":"","username":"asdfg","text":"완전 맛나요!!짱\n번창하시규,대박나세요!!","date":"Mon Dec 10 23:59:44 +0000 2018","retweets":"30","favorites":"20","mentions":[],"hashtags":[],"geo":"","raw":"완전 맛나요!!짱\n번창하시규,대박나세요!!","polarity":{"com":0.016666666666666666,"pos":0.538095238,"neg":0.4452380953333333,"neut":0,"none":0},"intensity":{"high":0.040476190333333335,"low":0.016666666666666666,"meium":0.942857143,"none":0},"expressive":{"dir-action":0,"dir-explicit":0.2714285713333333,"dir-speech":0.33095238099999996,"indirect":0.3976190476666666,"writing-device":0}},{"id":"24시 리츠델리피자CESCO","permalink":"","username":"asdfg","text":"왜...쿠폰은 안주시나요...모으는재미에 시켜먹는데..","date":"Mon Dec 10 23:59:44 +0000 2018","retweets":"30","favorites":"20","mentions":[],"hashtags":[],"geo":"","raw":"왜...쿠폰은 안주시나요...모으는재미에 시켜먹는데..","polarity":{"com":0.0033898306,"pos":0.5378531072,"neg":0.44519774019999997,"neut":0.006779660999999999,"none":0.006779660999999999},"intensity":{"high":0.30409966686081996,"low":0.08694770381738955,"meium":0.6021729683204345,"none":0.006779661001355932},"expressive":{"dir-action":0,"dir-explicit":0.3817586556,"dir-speech":0.4981891932,"indirect":0.1132724902,"writing-device":0.006779660999999999}},{"id":"24시 리츠델리피자CESCO","permalink":"","username":"asdfg","text":"피자집은 여기가 제일 괜찮아용 맨날여기서시켜먹음","date":"Mon Dec 10 23:59:44 +0000 2018","retweets":"30","favorites":"20","mentions":[],"hashtags":[],"geo":"","raw":"피자집은 여기가 제일 괜찮아용 맨날여기서시켜먹음","polarity":{"com":0.00446428575,"pos":0.56101190475,"neg":0.40773809525000004,"neut":0.02008928575,"none":0.0066964285},"intensity":{"high":0.06795634925,"low":0.08234126975,"meium":0.8407738095,"none":0.0089285715},"expressive":{"dir-action":0,"dir-explicit":0.1493055555,"dir-speech":0.7725694445,"indirect":0.0714285715,"writing-device":0.0066964285}},{"id":"24시 리츠델리피자CESCO","permalink":"","username":"asdfg","text":"24시 피자집중엔 가장 괜찮지 싶습니다","date":"Mon Dec 10 23:59:44 +0000 2018","retweets":"30","favorites":"20","mentions":[],"hashtags":[],"geo":"","raw":"24시 피자집중엔 가장 괜찮지 싶습니다","polarity":{"com":0,"pos":0.75,"neg":0.25,"neut":0,"none":0},"intensity":{"high":0,"low":0,"meium":1,"none":0},"expressive":{"dir-action":0,"dir-explicit":0.5,"dir-speech":0,"indirect":0.5,"writing-device":0}},{"id":"24시 리츠델리피자CESCO","permalink":"","username":"asdfg","text":"피자도 크고 맛있어요.\n치킨은 그런저럭이구여 ㅎㅎ","date":"Mon Dec 10 23:59:44 +0000 2018","retweets":"30","favorites":"20","mentions":[],"hashtags":[],"geo":"","raw":"피자도 크고 맛있어요.\n치킨은 그런저럭이구여 ㅎㅎ","polarity":{"com":0.005649717666666667,"pos":0.45197740099999995,"neg":0.5197740113333332,"neut":0.011299434999999997,"none":0.011299434999999997},"intensity":{"high":0.03389830501129944,"low":0.04519774001506591,"meium":0.9096045199698681,"none":0.011299435003766477},"expressive":{"dir-action":0,"dir-explicit":0.4237288136666666,"dir-speech":0.5197740113333332,"indirect":0.045197739999999986,"writing-device":0.011299434999999997}},{"id":"24시 리츠델리피자CESCO","permalink":"","username":"asdfg","text":"구냥저냥~\n치킨,피자 둘다먹고싶을때 가끔 시키는곳\n저나받으시는분은 항상 친절해용","date":"Mon Dec 10 23:59:44 +0000 2018","retweets":"30","favorites":"20","mentions":[],"hashtags":[],"geo":"","raw":"구냥저냥~\n치킨,피자 둘다먹고싶을때 가끔 시키는곳\n저나받으시는분은 항상 친절해용","polarity":{"com":0.020833333369791665,"pos":0.5290854977427286,"neg":0.1987283550753179,"neut":0.17992424245501892,"none":0.07142857135714285},"intensity":{"high":0.0639430015,"low":0.186868686875,"meium":0.67775974025,"none":0.071428571375},"expressive":{"dir-action":0,"dir-explicit":0.224612193375,"dir-speech":0.5119949495,"indirect":0.19196428575,"writing-device":0.071428571375}},{"id":"24시 리츠델리피자CESCO","permalink":"","username":"asdfg","text":"굿  요기 느무맛잇음♡♡♡♡♡♡♡","date":"Mon Dec 10 23:59:44 +0000 2018","retweets":"30","favorites":"20","mentions":[],"hashtags":[],"geo":"","raw":"굿  요기 느무맛잇음♡♡♡♡♡♡♡","polarity":{"com":0,"pos":0.8333333333333334,"neg":0.16666666666666666,"neut":0,"none":0},"intensity":{"high":0,"low":0,"meium":1,"none":0},"expressive":{"dir-action":0,"dir-explicit":0,"dir-speech":0.5,"indirect":0.5,"writing-device":0}},{"id":"24시 리츠델리피자CESCO","permalink":"","username":"asdfg","text":"빠르고 맛있네요.일단 딤섬이 있어서 좋아요","date":"Mon Dec 10 23:59:44 +0000 2018","retweets":"30","favorites":"20","mentions":[],"hashtags":[],"geo":"","raw":"빠르고 맛있네요.일단 딤섬이 있어서 좋아요","polarity":{"com":0.015151515166666666,"pos":0.44412587416666666,"neg":0.33417249416666667,"neut":0.025641025666666668,"none":0.1809090908333333},"intensity":{"high":0.06655011651109168,"low":0.09777000768296167,"meium":0.6547707849424618,"none":0.1809090908634848},"expressive":{"dir-action":0,"dir-explicit":0.2608391608333333,"dir-speech":0.25361305366666664,"indirect":0.30463869466666665,"writing-device":0.1809090908333333}},{"id":"24시 리츠델리피자CESCO","permalink":"","username":"asdfg","text":"배달시간32분쯤\n피자는맛있네요~~도우가짱임","date":"Mon Dec 10 23:59:44 +0000 2018","retweets":"30","favorites":"20","mentions":[],"hashtags":[],"geo":"","raw":"배달시간32분쯤\n피자는맛있네요~~도우가짱임","polarity":{"com":0.0050000000010000005,"pos":0.38849206347769843,"neg":0.4601587302920318,"neut":0.03797619040759523,"none":0.1083730158216746},"intensity":{"high":0.0670634922,"low":0.09190476179999998,"meium":0.7308730158,"none":0.11015873020000003},"expressive":{"dir-action":0,"dir-explicit":0.34388888893122227,"dir-speech":0.4558333333088334,"indirect":0.09015873018196827,"writing-device":0.1101190475779762}},{"id":"24시 리츠델리피자CESCO","permalink":"","username":"asdfg","text":"굳\n♥♥♥♥♥^^♥","date":"Mon Dec 10 23:59:44 +0000 2018","retweets":"30","favorites":"20","mentions":[],"hashtags":[],"geo":"","raw":"굳\n♥♥♥♥♥^^♥","polarity":{"com":0,"pos":1,"neg":0,"neut":0,"none":0},"intensity":{"high":0,"low":1,"meium":0,"none":0},"expressive":{"dir-action":0,"dir-explicit":1,"dir-speech":0,"indirect":0,"writing-device":0}},{"id":"24시 리츠델리피자CESCO","permalink":"","username":"asdfg","text":"맛나요 요기서만시켜묵게됨","date":"Mon Dec 10 23:59:44 +0000 2018","retweets":"30","favorites":"20","mentions":[],"hashtags":[],"geo":"","raw":"맛나요 요기서만시켜묵게됨","polarity":{"com":0.018867924660377358,"pos":0.5189485564936839,"neg":0.24947589091684136,"neut":0.048540557983819815,"none":0.16416706994527763},"intensity":{"high":0.11594904062801699,"low":0.048540557983819815,"meium":0.6713433314428855,"none":0.16416706994527763},"expressive":{"dir-action":0,"dir-explicit":0.22786647325737783,"dir-speech":0.532010965822663,"indirect":0.07192388330935871,"writing-device":0.16819867761060042}},{"id":"24시 리츠델리피자CESCO","permalink":"","username":"asdfg","text":"기대되는집입니다\n자주시켜볼께요","date":"Mon Dec 10 23:59:44 +0000 2018","retweets":"30","favorites":"20","mentions":[],"hashtags":[],"geo":"","raw":"기대되는집입니다\n자주시켜볼께요","polarity":{"com":0.010416666747395832,"pos":0.7152777775711806,"neg":0.2430555556892361,"neut":0.020833333244791665,"none":0.010416666747395832},"intensity":{"high":0.08333333347916666,"low":0.03472222224131944,"meium":0.8715277775321181,"none":0.010416666747395832},"expressive":{"dir-action":0.013888889003472219,"dir-explicit":0.4305555556076388,"dir-speech":0.4201388888550347,"indirect":0.11458333327864581,"writing-device":0.02083333325520833}}]