[{"id":"미스터피자-청담점","permalink":"","username":"asdfg","text":"배달도 친절하고 양도 푸짐하고 미스터피자 맛있습니다!","date":"Mon Dec 10 23:59:44 +0000 2018","retweets":"30","favorites":"20","mentions":[],"hashtags":[],"geo":"","raw":"배달도 친절하고 양도 푸짐하고 미스터피자 맛있습니다!","polarity":{"com":0.010844715750000003,"pos":0.5321854112500001,"neg":0.4147486195,"neut":0.029226000250000005,"none":0.012995253250000003},"intensity":{"high":0.063474765,"low":0.050053279,"meium":0.8721883175,"none":0.0142836385},"expressive":{"dir-action":0.002363654,"dir-explicit":0.15657270175,"dir-speech":0.5961784365,"indirect":0.23113920375,"writing-device":0.013746004}},{"id":"미스터피자-청담점","permalink":"","username":"asdfg","text":"배달만 빨랐으면 만점인데 ㅋㅋㅋ","date":"Mon Dec 10 23:59:44 +0000 2018","retweets":"30","favorites":"20","mentions":[],"hashtags":[],"geo":"","raw":"배달만 빨랐으면 만점인데 ㅋㅋㅋ","polarity":{"com":0.007625272333333333,"pos":0.7952069716666667,"neg":0.09259259266666665,"neut":0.030501089333333332,"none":0.074074074},"intensity":{"high":0.04248366001416122,"low":0.13834422637944807,"meium":0.7450980395816993,"none":0.07407407402469136},"expressive":{"dir-action":0,"dir-explicit":0.13943355133333335,"dir-speech":0.4008714596666667,"indirect":0.3790849673333334,"writing-device":0.08061002166666668}},{"id":"미스터피자-청담점","permalink":"","username":"asdfg","text":"우와 솔직히 너무맛잇어여 폴드포크랑랍스타섞인거먹엇는데 회사 실장님이랑 이사님이랑 맛잇다고 놀래면서 먹엇네요!!!ㅜㅠㅜㅠ또먹울꺼에요!!","date":"Mon Dec 10 23:59:44 +0000 2018","retweets":"30","favorites":"20","mentions":[],"hashtags":[],"geo":"","raw":"우와 솔직히 너무맛잇어여 폴드포크랑랍스타섞인거먹엇는데 회사 실장님이랑 이사님이랑 맛잇다고 놀래면서 먹엇네요!!!ㅜㅠㅜㅠ또먹울꺼에요!!","polarity":{"com":0.043650793661816574,"pos":0.42619047617486777,"neg":0.4455026455060553,"neut":0,"none":0.08465608465726043},"intensity":{"high":0.1677248677777778,"low":0.06587301588888889,"meium":0.6817460316666667,"none":0.08465608466666667},"expressive":{"dir-action":0.05555555555555555,"dir-explicit":0.146031746,"dir-speech":0.4097883598888889,"indirect":0.23253968255555554,"writing-device":0.156084656}},{"id":"미스터피자-청담점","permalink":"","username":"asdfg","text":"남자한테 음식 사진 찍자 하지 맙시다ㅎㅎ\n팀회의 때문에 시켰는데 맛도 배달도 굿입니다.","date":"Mon Dec 10 23:59:44 +0000 2018","retweets":"30","favorites":"20","mentions":[],"hashtags":[],"geo":"","raw":"남자한테 음식 사진 찍자 하지 맙시다ㅎㅎ\n팀회의 때문에 시켰는데 맛도 배달도 굿입니다.","polarity":{"com":0.0016420361428571427,"pos":0.6293103447142857,"neg":0.22413793114285716,"neut":0.04556650242857142,"none":0.09934318557142856},"intensity":{"high":0.06403940884799438,"low":0.018062397425991087,"meium":0.8169129720261553,"none":0.10098522169985925},"expressive":{"dir-action":0.0016420361430917194,"dir-explicit":0.05870279143695754,"dir-speech":0.4638752053519822,"indirect":0.3715106731959301,"writing-device":0.10426929387203847}},{"id":"미스터피자-청담점","permalink":"","username":"asdfg","text":"맛있게잘먹었습니다~~~^^","date":"Mon Dec 10 23:59:44 +0000 2018","retweets":"30","favorites":"20","mentions":[],"hashtags":[],"geo":"","raw":"맛있게잘먹었습니다~~~^^","polarity":{"com":0,"pos":0.35714285717857136,"neg":0.6071428573035714,"neut":0.03571428551785714,"none":0},"intensity":{"high":0,"low":0.107142857,"meium":0.8928571430000001,"none":0},"expressive":{"dir-action":0,"dir-explicit":0.107142857,"dir-speech":0.5714285715,"indirect":0.3214285715,"writing-device":0}},{"id":"미스터피자-청담점","permalink":"","username":"asdfg","text":"맛있어요 배달도 빠르고","date":"Mon Dec 10 23:59:44 +0000 2018","retweets":"30","favorites":"20","mentions":[],"hashtags":[],"geo":"","raw":"맛있어요 배달도 빠르고","polarity":{"com":0,"pos":0.42857142866666664,"neg":0.5714285713333332,"neut":0,"none":0},"intensity":{"high":0.14285714295238094,"low":0.20634920626455028,"meium":0.6507936507830687,"none":0},"expressive":{"dir-action":0,"dir-explicit":0.09523809533333333,"dir-speech":0.380952381,"indirect":0.5238095236666667,"writing-device":0}},{"id":"미스터피자-청담점","permalink":"","username":"asdfg","text":"맛있어요","date":"Mon Dec 10 23:59:44 +0000 2018","retweets":"30","favorites":"20","mentions":[],"hashtags":[],"geo":"","raw":"맛있어요","polarity":{"com":0,"pos":0,"neg":1,"neut":0,"none":0},"intensity":{"high":0,"low":0,"meium":1,"none":0},"expressive":{"dir-action":0,"dir-explicit":0,"dir-speech":1,"indirect":0,"writing-device":0}},{"id":"미스터피자-청담점","permalink":"","username":"asdfg","text":"미스터피자하면 쉬림프골드죵 짱맛 ^^","date":"Mon Dec 10 23:59:44 +0000 2018","retweets":"30","favorites":"20","mentions":[],"hashtags":[],"geo":"","raw":"미스터피자하면 쉬림프골드죵 짱맛 ^^","polarity":{"com":0.006451612999999999,"pos":0.505376344,"neg":0.4508960573333334,"neut":0.027956989333333335,"none":0.009318996333333334},"intensity":{"high":0.04659498199999999,"low":0.038709677333333324,"meium":0.9046594983333333,"none":0.010035842333333331},"expressive":{"dir-action":0.002150537666666667,"dir-explicit":0.10465949833333334,"dir-speech":0.7648745519999999,"indirect":0.11899641566666667,"writing-device":0.009318996333333334}},{"id":"미스터피자-청담점","permalink":"","username":"asdfg","text":"햄버거 세트마냥 음료랑 감자튀김 같이 나오게꿈 시켯눈대 감자튀김 7개씩 넣어주던대.... ㅡㅡ 맵시콜라 제이루작운캔하나랑 ㅡㅡ...","date":"Mon Dec 10 23:59:44 +0000 2018","retweets":"30","favorites":"20","mentions":[],"hashtags":[],"geo":"","raw":"햄버거 세트마냥 음료랑 감자튀김 같이 나오게꿈 시켯눈대 감자튀김 7개씩 넣어주던대.... ㅡㅡ 맵시콜라 제이루작운캔하나랑 ㅡㅡ...","polarity":{"com":0.035714285666666665,"pos":0.5714285714999999,"neg":0.30952380949999997,"neut":0.08333333333333333,"none":0},"intensity":{"high":0.13095238099999998,"low":0.09523809516666666,"meium":0.7738095238333335,"none":0},"expressive":{"dir-action":0,"dir-explicit":0.28571428571428575,"dir-speech":0.40476190473412693,"indirect":0.3095238095515873,"writing-device":0}},{"id":"미스터피자-청담점","permalink":"","username":"asdfg","text":"토핑이 신선하고 고급스럽네요","date":"Mon Dec 10 23:59:44 +0000 2018","retweets":"30","favorites":"20","mentions":[],"hashtags":[],"geo":"","raw":"토핑이 신선하고 고급스럽네요","polarity":{"com":0.01673061433333333,"pos":0.3159490313333333,"neg":0.5977389353333332,"neut":0.057325564999999995,"none":0.012255854},"intensity":{"high":0.08183727269394575,"low":0.08276254069425418,"meium":0.8209590579403196,"none":0.014441128671480376},"expressive":{"dir-action":0.003618966334539655,"dir-explicit":0.24269180374756394,"dir-speech":0.21861904540620633,"indirect":0.5213459018404486,"writing-device":0.013724282671241424}},{"id":"미스터피자-청담점","permalink":"","username":"asdfg","text":".","date":"Mon Dec 10 23:59:44 +0000 2018","retweets":"30","favorites":"20","mentions":[],"hashtags":[],"geo":"","raw":".","polarity":{"com":null,"pos":null,"neg":null,"neut":null,"none":null},"intensity":{"high":null,"low":null,"meium":null,"none":null},"expressive":{"dir-action":null,"dir-explicit":null,"dir-speech":null,"indirect":null,"writing-device":null}},{"id":"미스터피자-청담점","permalink":"","username":"asdfg","text":"역시 미스터피자는 차우파자가 갑 입니다.. 맛있게 잘 먹었습니다^^","date":"Mon Dec 10 23:59:44 +0000 2018","retweets":"30","favorites":"20","mentions":[],"hashtags":[],"geo":"","raw":"역시 미스터피자는 차우파자가 갑 입니다.. 맛있게 잘 먹었습니다^^","polarity":{"com":0.004575163402745097,"pos":0.350140056010084,"neg":0.40000000023999993,"neut":0.11830065347098037,"none":0.12698412687619046},"intensity":{"high":0.031839402412735765,"low":0.17348272626939307,"meium":0.6676937444670775,"none":0.12698412685079366},"expressive":{"dir-action":0,"dir-explicit":0.22492997204498602,"dir-speech":0.46909430449381884,"indirect":0.17189542483437908,"writing-device":0.13408029862681609}},{"id":"미스터피자-청담점","permalink":"","username":"asdfg","text":"ㅏㅡㄱㄴㄷㅂㅅㅈㅇ.ㅂㅅㄱㅈ","date":"Mon Dec 10 23:59:44 +0000 2018","retweets":"30","favorites":"20","mentions":[],"hashtags":[],"geo":"","raw":"ㅏㅡㄱㄴㄷㅂㅅㅈㅇ.ㅂㅅㄱㅈ","polarity":{"com":0.13636363613636365,"pos":0.3181818183181818,"neg":0.4090909094090909,"neut":0.04545454504545454,"none":0.09090909109090908},"intensity":{"high":0.090909091,"low":0.045454545,"meium":0.772727273,"none":0.090909091},"expressive":{"dir-action":0,"dir-explicit":0.045454545,"dir-speech":0.772727273,"indirect":0.090909091,"writing-device":0.090909091}},{"id":"미스터피자-청담점","permalink":"","username":"asdfg","text":"저번엔 치우먹고 이번엔 다른거 시킨건데 새우는 기대보단 별로였어요 하지만 그래도 역시 맛나게 먹었습니당","date":"Mon Dec 10 23:59:44 +0000 2018","retweets":"30","favorites":"20","mentions":[],"hashtags":[],"geo":"","raw":"저번엔 치우먹고 이번엔 다른거 시킨건데 새우는 기대보단 별로였어요 하지만 그래도 역시 맛나게 먹었습니당","polarity":{"com":0.016099690551308977,"pos":0.31001381256727784,"neg":0.4691886398978868,"neut":0.06331651111393327,"none":0.14138134586959322},"intensity":{"high":0.058811954550801085,"low":0.13042668846640243,"meium":0.6693800111517618,"none":0.14138134583103468},"expressive":{"dir-action":0,"dir-explicit":0.307311078664301,"dir-speech":0.43841489776712855,"indirect":0.05952284491450206,"writing-device":0.19475117865406827}},{"id":"미스터피자-청담점","permalink":"","username":"asdfg","text":"그저그럼에도 불구하고 맛있음","date":"Mon Dec 10 23:59:44 +0000 2018","retweets":"30","favorites":"20","mentions":[],"hashtags":[],"geo":"","raw":"그저그럼에도 불구하고 맛있음","polarity":{"com":0,"pos":0,"neg":0.75,"neut":0,"none":0.25},"intensity":{"high":0,"low":0.25,"meium":0.5,"none":0.25},"expressive":{"dir-action":0,"dir-explicit":0,"dir-speech":0.5,"indirect":0.25,"writing-device":0.25}},{"id":"미스터피자-청담점","permalink":"","username":"asdfg","text":"ㅈ슨ㄱㄴㄷㅅㄱㄴㆍㄷ","date":"Mon Dec 10 23:59:44 +0000 2018","retweets":"30","favorites":"20","mentions":[],"hashtags":[],"geo":"","raw":"ㅈ슨ㄱㄴㄷㅅㄱㄴㆍㄷ","polarity":{"com":0.13636363613636365,"pos":0.3181818183181818,"neg":0.4090909094090909,"neut":0.04545454504545454,"none":0.09090909109090908},"intensity":{"high":0.090909091,"low":0.045454545,"meium":0.772727273,"none":0.090909091},"expressive":{"dir-action":0,"dir-explicit":0.045454545,"dir-speech":0.772727273,"indirect":0.090909091,"writing-device":0.090909091}},{"id":"미스터피자-청담점","permalink":"","username":"asdfg","text":"마시쪙마시쪙\n으흐그히드","date":"Mon Dec 10 23:59:44 +0000 2018","retweets":"30","favorites":"20","mentions":[],"hashtags":[],"geo":"","raw":"마시쪙마시쪙\n으흐그히드","polarity":{"com":0,"pos":0,"neg":0,"neut":1,"none":0},"intensity":{"high":0,"low":0,"meium":0,"none":1},"expressive":{"dir-action":0,"dir-explicit":1,"dir-speech":0,"indirect":0,"writing-device":0}},{"id":"미스터피자-청담점","permalink":"","username":"asdfg","text":"빠르고 맛있고 대만족입니다!굳굳굳","date":"Mon Dec 10 23:59:44 +0000 2018","retweets":"30","favorites":"20","mentions":[],"hashtags":[],"geo":"","raw":"빠르고 맛있고 대만족입니다!굳굳굳","polarity":{"com":0.007625272333333333,"pos":0.46187363833333334,"neg":0.42592592599999995,"neut":0.030501089333333332,"none":0.074074074},"intensity":{"high":0.04248366001416122,"low":0.13834422637944807,"meium":0.7450980395816993,"none":0.07407407402469136},"expressive":{"dir-action":0,"dir-explicit":0.13943355133333335,"dir-speech":0.4008714596666667,"indirect":0.3790849673333334,"writing-device":0.08061002166666668}},{"id":"미스터피자-청담점","permalink":"","username":"asdfg","text":"빠른배달..감사합니다.\n비오는날 주문해서 죄송해요.","date":"Mon Dec 10 23:59:44 +0000 2018","retweets":"30","favorites":"20","mentions":[],"hashtags":[],"geo":"","raw":"빠른배달..감사합니다.\n비오는날 주문해서 죄송해요.","polarity":{"com":0.09056314383333336,"pos":0.6881236075000001,"neg":0.19316574633333333,"neut":0.01948400016666667,"none":0.008663502166666668},"intensity":{"high":0.2089831766666667,"low":0.08892440816666669,"meium":0.6925699895,"none":0.009522425666666667},"expressive":{"dir-action":0.0015757693333333335,"dir-explicit":0.1877151345,"dir-speech":0.48078562433333333,"indirect":0.32075946916666664,"writing-device":0.009164002666666666}},{"id":"미스터피자-청담점","permalink":"","username":"asdfg","text":"진짜 거짓말 안치고 혼자서 20분만에 순삭했어요 너무 맛있어요 ㅜ","date":"Mon Dec 10 23:59:44 +0000 2018","retweets":"30","favorites":"20","mentions":[],"hashtags":[],"geo":"","raw":"진짜 거짓말 안치고 혼자서 20분만에 순삭했어요 너무 맛있어요 ㅜ","polarity":{"com":0.040552995499999994,"pos":0.16474654375,"neg":0.7667434715,"neut":0.020967742,"none":0.00698924725},"intensity":{"high":0.07066052225,"low":0.148079877,"meium":0.773732719,"none":0.00752688175},"expressive":{"dir-action":0.00161290325,"dir-explicit":0.30468509975,"dir-speech":0.31175115225,"indirect":0.3749615975,"writing-device":0.00698924725}},{"id":"미스터피자-청담점","permalink":"","username":"asdfg","text":"시카고딥이라면서요...이건 그냥 치즈피자네요 ㅠㅠ","date":"Mon Dec 10 23:59:44 +0000 2018","retweets":"30","favorites":"20","mentions":[],"hashtags":[],"geo":"","raw":"시카고딥이라면서요...이건 그냥 치즈피자네요 ㅠㅠ","polarity":{"com":0.01715686275,"pos":0.28921568625,"neg":0.45833333349999994,"neut":0.068627451,"none":0.1666666665},"intensity":{"high":0.09558823507169117,"low":0.06127450954595589,"meium":0.6764705887573529,"none":0.16666666662500002},"expressive":{"dir-action":0,"dir-explicit":0.3137254905,"dir-speech":0.40196078425000004,"indirect":0.10294117650000001,"writing-device":0.18137254875}},{"id":"미스터피자-청담점","permalink":"","username":"asdfg","text":"실패하지않는 맛이죠","date":"Mon Dec 10 23:59:44 +0000 2018","retweets":"30","favorites":"20","mentions":[],"hashtags":[],"geo":"","raw":"실패하지않는 맛이죠","polarity":{"com":0.0096774195,"pos":0.758064516,"neg":0.176344086,"neut":0.041935484,"none":0.0139784945},"intensity":{"high":0.069892473,"low":0.058064516,"meium":0.8569892475,"none":0.0150537635},"expressive":{"dir-action":0.0032258065,"dir-explicit":0.1569892475,"dir-speech":0.647311828,"indirect":0.1784946235,"writing-device":0.0139784945}},{"id":"미스터피자-청담점","permalink":"","username":"asdfg","text":"마싯엇수다\n나쁘지않아씀","date":"Mon Dec 10 23:59:44 +0000 2018","retweets":"30","favorites":"20","mentions":[],"hashtags":[],"geo":"","raw":"마싯엇수다\n나쁘지않아씀","polarity":{"com":0,"pos":0.318181818,"neg":0.6363636365,"neut":0.0454545455,"none":0},"intensity":{"high":0.212121212,"low":0.0454545455,"meium":0.7424242425,"none":0},"expressive":{"dir-action":0.0454545455,"dir-explicit":0.212121212,"dir-speech":0.2727272725,"indirect":0.46969697,"writing-device":0}},{"id":"미스터피자-청담점","permalink":"","username":"asdfg","text":"우삼겹 진심대존맛ㅜ.ㅜ","date":"Mon Dec 10 23:59:44 +0000 2018","retweets":"30","favorites":"20","mentions":[],"hashtags":[],"geo":"","raw":"우삼겹 진심대존맛ㅜ.ㅜ","polarity":{"com":0,"pos":1,"neg":0,"neut":0,"none":0},"intensity":{"high":0,"low":0,"meium":1,"none":0},"expressive":{"dir-action":0,"dir-explicit":0.5,"dir-speech":0.5,"indirect":0,"writing-device":0}},{"id":"미스터피자-청담점","permalink":"","username":"asdfg","text":"맛있게 잘먹었습니다!!","date":"Mon Dec 10 23:59:44 +0000 2018","retweets":"30","favorites":"20","mentions":[],"hashtags":[],"geo":"","raw":"맛있게 잘먹었습니다!!","polarity":{"com":0,"pos":0.35714285717857136,"neg":0.6071428573035714,"neut":0.03571428551785714,"none":0},"intensity":{"high":0,"low":0.107142857,"meium":0.8928571430000001,"none":0},"expressive":{"dir-action":0,"dir-explicit":0.107142857,"dir-speech":0.5714285715,"indirect":0.3214285715,"writing-device":0}},{"id":"미스터피자-청담점","permalink":"","username":"asdfg","text":"맛잇엇어요!!\n여럿이 오랜만에 많이시켜먹엇는게\n굿이영","date":"Mon Dec 10 23:59:44 +0000 2018","retweets":"30","favorites":"20","mentions":[],"hashtags":[],"geo":"","raw":"맛잇엇어요!!\n여럿이 오랜만에 많이시켜먹엇는게\n굿이영","polarity":{"com":0.010279001331620167,"pos":0.563564140239406,"neg":0.349691880941718,"neut":0.07352811982107864,"none":0.0029368576661771887},"intensity":{"high":0.08139613686046537,"low":0.20844032790281342,"meium":0.7057582489019194,"none":0.004405286334801761},"expressive":{"dir-action":0.0014684286671561425,"dir-explicit":0.3263513937754504,"dir-speech":0.5283883681761294,"indirect":0.13938652304646218,"writing-device":0.004405286334801761}},{"id":"미스터피자-청담점","permalink":"","username":"asdfg","text":"맛있습니다 \n추천합니다","date":"Mon Dec 10 23:59:44 +0000 2018","retweets":"30","favorites":"20","mentions":[],"hashtags":[],"geo":"","raw":"맛있습니다 \n추천합니다","polarity":{"com":0,"pos":0.5,"neg":0.5,"neut":0,"none":0},"intensity":{"high":0.25,"low":0,"meium":0.75,"none":0},"expressive":{"dir-action":0,"dir-explicit":0,"dir-speech":0.5,"indirect":0.5,"writing-device":0}},{"id":"미스터피자-청담점","permalink":"","username":"asdfg","text":"굿 맛있었어요!!","date":"Mon Dec 10 23:59:44 +0000 2018","retweets":"30","favorites":"20","mentions":[],"hashtags":[],"geo":"","raw":"굿 맛있었어요!!","polarity":{"com":0,"pos":1,"neg":0,"neut":0,"none":0},"intensity":{"high":0,"low":0,"meium":1,"none":0},"expressive":{"dir-action":0,"dir-explicit":0,"dir-speech":0,"indirect":1,"writing-device":0}},{"id":"미스터피자-청담점","permalink":"","username":"asdfg","text":"한일전 보면서 할인행사가로 너무 맛있게 먹었습니다 우승까지 해서 더 좋네요 ^^ 쉬림프골드 짱짱 맛나용","date":"Mon Dec 10 23:59:44 +0000 2018","retweets":"30","favorites":"20","mentions":[],"hashtags":[],"geo":"","raw":"한일전 보면서 할인행사가로 너무 맛있게 먹었습니다 우승까지 해서 더 좋네요 ^^ 쉬림프골드 짱짱 맛나용","polarity":{"com":0.023809523833333332,"pos":0.4126984126666666,"neg":0.39682539683333334,"neut":0.16666666666666666,"none":0},"intensity":{"high":0.29232804233333337,"low":0.22751322750000003,"meium":0.4801587301666667,"none":0},"expressive":{"dir-action":0,"dir-explicit":0.2989417988333333,"dir-speech":0.6772486773333334,"indirect":0.02380952383333333,"writing-device":0}},{"id":"미스터피자-청담점","permalink":"","username":"asdfg","text":"배달이 빨랐어요~!!!","date":"Mon Dec 10 23:59:44 +0000 2018","retweets":"30","favorites":"20","mentions":[],"hashtags":[],"geo":"","raw":"배달이 빨랐어요~!!!","polarity":{"com":0,"pos":1,"neg":0,"neut":0,"none":0},"intensity":{"high":0,"low":0.1666666665,"meium":0.8333333334999999,"none":0},"expressive":{"dir-action":0,"dir-explicit":0,"dir-speech":0.5,"indirect":0.5,"writing-device":0}},{"id":"미스터피자-청담점","permalink":"","username":"asdfg","text":"약간~ 피자가 옆으로 쏠려서 왔답니당 ㅜ\n그래도 맛있어서 괜춘~","date":"Mon Dec 10 23:59:44 +0000 2018","retweets":"30","favorites":"20","mentions":[],"hashtags":[],"geo":"","raw":"약간~ 피자가 옆으로 쏠려서 왔답니당 ㅜ\n그래도 맛있어서 괜춘~","polarity":{"com":0.1696428571666667,"pos":0.5446428571666667,"neg":0.24404761900000002,"neut":0.037202381,"none":0.0044642856666666664},"intensity":{"high":0.07440476199999999,"low":0.20833333333333331,"meium":0.7113095236666667,"none":0.005952380999999999},"expressive":{"dir-action":0,"dir-explicit":0.46726190475545637,"dir-speech":0.29017857145163695,"indirect":0.23809523812698416,"writing-device":0.004464285665922619}},{"id":"미스터피자-청담점","permalink":"","username":"asdfg","text":"애들이 먹고 싶다고 해서 시켰는데 맛있습니다.","date":"Mon Dec 10 23:59:44 +0000 2018","retweets":"30","favorites":"20","mentions":[],"hashtags":[],"geo":"","raw":"애들이 먹고 싶다고 해서 시켰는데 맛있습니다.","polarity":{"com":0.010582814250000001,"pos":0.18838928550000003,"neg":0.7107068712500001,"neut":0.03926781100000001,"none":0.051053218000000004},"intensity":{"high":0.05516735025,"low":0.064648843,"meium":0.8251557039999999,"none":0.05502810275},"expressive":{"dir-action":0.003974884751987442,"dir-explicit":0.14375411407187705,"dir-speech":0.44375664597187836,"indirect":0.3477391261738696,"writing-device":0.060775229030387616}},{"id":"미스터피자-청담점","permalink":"","username":"asdfg","text":"식지 않고 빠르게 배달와서 좋앗어요~~ 맛있어요!!","date":"Mon Dec 10 23:59:44 +0000 2018","retweets":"30","favorites":"20","mentions":[],"hashtags":[],"geo":"","raw":"식지 않고 빠르게 배달와서 좋앗어요~~ 맛있어요!!","polarity":{"com":0,"pos":0.5,"neg":0.5,"neut":0,"none":0},"intensity":{"high":0.25,"low":0.08333333325,"meium":0.66666666675,"none":0},"expressive":{"dir-action":0,"dir-explicit":0,"dir-speech":0.5,"indirect":0.5,"writing-device":0}},{"id":"미스터피자-청담점","permalink":"","username":"asdfg","text":"맛있게 잘해줘서 좋아요","date":"Mon Dec 10 23:59:44 +0000 2018","retweets":"30","favorites":"20","mentions":[],"hashtags":[],"geo":"","raw":"맛있게 잘해줘서 좋아요","polarity":{"com":0,"pos":0.46,"neg":0.52,"neut":0,"none":0.02},"intensity":{"high":0.1,"low":0.02,"meium":0.86,"none":0.02},"expressive":{"dir-action":0,"dir-explicit":0.30000000000000004,"dir-speech":0.6000000000000001,"indirect":0.08000000000000002,"writing-device":0.020000000000000004}},{"id":"미스터피자-청담점","permalink":"","username":"asdfg","text":"나쁘지않아요!!!!!","date":"Mon Dec 10 23:59:44 +0000 2018","retweets":"30","favorites":"20","mentions":[],"hashtags":[],"geo":"","raw":"나쁘지않아요!!!!!","polarity":{"com":0,"pos":0,"neg":1,"neut":0,"none":0},"intensity":{"high":0.333333333,"low":0,"meium":0.666666667,"none":0},"expressive":{"dir-action":0,"dir-explicit":0.333333333,"dir-speech":0,"indirect":0.666666667,"writing-device":0}},{"id":"미스터피자-청담점","permalink":"","username":"asdfg","text":"가격에 비해 양은 적은거 같고 맛은 그럭저럭 보통인것 같은데 하나 실망한점은 포테이토에서 몇몇 감자가 다 안익었엇어요","date":"Mon Dec 10 23:59:44 +0000 2018","retweets":"30","favorites":"20","mentions":[],"hashtags":[],"geo":"","raw":"가격에 비해 양은 적은거 같고 맛은 그럭저럭 보통인것 같은데 하나 실망한점은 포테이토에서 몇몇 감자가 다 안익었엇어요","polarity":{"com":0.006676422111111111,"pos":0.46457234455555557,"neg":0.3348826204444444,"neut":0.07555264477777777,"none":0.1183159681111111},"intensity":{"high":0.07224138156358238,"low":0.03388569278154285,"meium":0.7743259453082586,"none":0.1195469803466163},"expressive":{"dir-action":0.0007168458888092394,"dir-explicit":0.2767908369692455,"dir-speech":0.22128402408652403,"indirect":0.26960256463671084,"writing-device":0.2316057284187105}},{"id":"미스터피자-청담점","permalink":"","username":"asdfg","text":"빠르고 맛있는거면 최고인거아니겠슴까","date":"Mon Dec 10 23:59:44 +0000 2018","retweets":"30","favorites":"20","mentions":[],"hashtags":[],"geo":"","raw":"빠르고 맛있는거면 최고인거아니겠슴까","polarity":{"com":0,"pos":0.4,"neg":0.6,"neut":0,"none":0},"intensity":{"high":0.2,"low":0.06666666660000001,"meium":0.7333333334,"none":0},"expressive":{"dir-action":0,"dir-explicit":0,"dir-speech":0.5,"indirect":0.4,"writing-device":0.1}},{"id":"미스터피자-청담점","permalink":"","username":"asdfg","text":"다른 피자 시키려다가 전화를 하도 안받아서 시킨건데 맛있네요 전화 연락할 때 친절하게 안내해주셔서 서비스가 너무 만족스러웠습니다!","date":"Mon Dec 10 23:59:44 +0000 2018","retweets":"30","favorites":"20","mentions":[],"hashtags":[],"geo":"","raw":"다른 피자 시키려다가 전화를 하도 안받아서 시킨건데 맛있네요 전화 연락할 때 친절하게 안내해주셔서 서비스가 너무 만족스러웠습니다!","polarity":{"com":0.025236575634069402,"pos":0.5141564489532585,"neg":0.33388648178782854,"neut":0.05091404208628054,"none":0.07580645153856305},"intensity":{"high":0.07704080026572356,"low":0.16523117643952445,"meium":0.6813350613926059,"none":0.07639296190214609},"expressive":{"dir-action":0.0017595308183417755,"dir-explicit":0.19268654410842603,"dir-speech":0.2883264182989388,"indirect":0.4381743019489249,"writing-device":0.07905320482536847}},{"id":"미스터피자-청담점","permalink":"","username":"asdfg","text":"그냥그냥 그런피잔데 그냥먹는 그런피자","date":"Mon Dec 10 23:59:44 +0000 2018","retweets":"30","favorites":"20","mentions":[],"hashtags":[],"geo":"","raw":"그냥그냥 그런피잔데 그냥먹는 그런피자","polarity":{"com":0,"pos":0.05,"neg":0.75,"neut":0,"none":0.2},"intensity":{"high":0.125,"low":0,"meium":0.675,"none":0.2},"expressive":{"dir-action":0,"dir-explicit":0.125,"dir-speech":0.675,"indirect":0,"writing-device":0.2}},{"id":"미스터피자-청담점","permalink":"","username":"asdfg","text":"굉장히 괜찮았습니다.","date":"Mon Dec 10 23:59:44 +0000 2018","retweets":"30","favorites":"20","mentions":[],"hashtags":[],"geo":"","raw":"굉장히 괜찮았습니다.","polarity":{"com":null,"pos":null,"neg":null,"neut":null,"none":null},"intensity":{"high":null,"low":null,"meium":null,"none":null},"expressive":{"dir-action":null,"dir-explicit":null,"dir-speech":null,"indirect":null,"writing-device":null}},{"id":"미스터피자-청담점","permalink":"","username":"asdfg","text":"믿고 먹는미피~ 파스타도 더 맛있어진거 같네요 ㅎ 엣지 고를수 있는게 좋앗어요","date":"Mon Dec 10 23:59:44 +0000 2018","retweets":"30","favorites":"20","mentions":[],"hashtags":[],"geo":"","raw":"믿고 먹는미피~ 파스타도 더 맛있어진거 같네요 ㅎ 엣지 고를수 있는게 좋앗어요","polarity":{"com":0.0007936507776895943,"pos":0.196174196089314,"neg":0.6563085063715213,"neut":0.020533170553274093,"none":0.12619047620820104},"intensity":{"high":0.06083977754879557,"low":0.08340116676851098,"meium":0.7295685794744923,"none":0.12619047620820104},"expressive":{"dir-action":0,"dir-explicit":0.15358838688888887,"dir-speech":0.5577872744444445,"indirect":0.052116402111111106,"writing-device":0.23650793655555555}},{"id":"미스터피자-청담점","permalink":"","username":"asdfg","text":"Jonh na 맛있습니다!!!!!","date":"Mon Dec 10 23:59:44 +0000 2018","retweets":"30","favorites":"20","mentions":[],"hashtags":[],"geo":"","raw":"Jonh na 맛있습니다!!!!!","polarity":{"com":0,"pos":0,"neg":1,"neut":0,"none":0},"intensity":{"high":0,"low":0,"meium":1,"none":0},"expressive":{"dir-action":0,"dir-explicit":0,"dir-speech":1,"indirect":0,"writing-device":0}},{"id":"미스터피자-청담점","permalink":"","username":"asdfg","text":"감사합니다아!!!!","date":"Mon Dec 10 23:59:44 +0000 2018","retweets":"30","favorites":"20","mentions":[],"hashtags":[],"geo":"","raw":"감사합니다아!!!!","polarity":{"com":0,"pos":1,"neg":0,"neut":0,"none":0},"intensity":{"high":1,"low":0,"meium":0,"none":0},"expressive":{"dir-action":0,"dir-explicit":0,"dir-speech":1,"indirect":0,"writing-device":0}},{"id":"미스터피자-청담점","permalink":"","username":"asdfg","text":"핏자갑!!!!!!!!","date":"Mon Dec 10 23:59:44 +0000 2018","retweets":"30","favorites":"20","mentions":[],"hashtags":[],"geo":"","raw":"핏자갑!!!!!!!!","polarity":{"com":null,"pos":null,"neg":null,"neut":null,"none":null},"intensity":{"high":null,"low":null,"meium":null,"none":null},"expressive":{"dir-action":null,"dir-explicit":null,"dir-speech":null,"indirect":null,"writing-device":null}},{"id":"미스터피자-청담점","permalink":"","username":"asdfg","text":"1인 먹기 많지만 맛있어요","date":"Mon Dec 10 23:59:44 +0000 2018","retweets":"30","favorites":"20","mentions":[],"hashtags":[],"geo":"","raw":"1인 먹기 많지만 맛있어요","polarity":{"com":0,"pos":0.4419475656666667,"neg":0.38576779033333336,"neut":0.022471909999999998,"none":0.149812734},"intensity":{"high":0.011235955003745315,"low":0.35580524345193504,"meium":0.483146067494382,"none":0.14981273404993756},"expressive":{"dir-action":0,"dir-explicit":0.059925093646691636,"dir-speech":0.7116104867627965,"indirect":0.03745318365418227,"writing-device":0.19101123593632957}},{"id":"미스터피자-청담점","permalink":"","username":"asdfg","text":"환상의 맛!!! 고급진 맛!!! 정말로 기대이상","date":"Mon Dec 10 23:59:44 +0000 2018","retweets":"30","favorites":"20","mentions":[],"hashtags":[],"geo":"","raw":"환상의 맛!!! 고급진 맛!!! 정말로 기대이상","polarity":{"com":0,"pos":0.625,"neg":0.3333333333333333,"neut":0.041666666666666664,"none":0},"intensity":{"high":0.0625,"low":0,"meium":0.9375,"none":0},"expressive":{"dir-action":0,"dir-explicit":0.16666666666666666,"dir-speech":0.5,"indirect":0.3333333333333333,"writing-device":0}},{"id":"미스터피자-청담점","permalink":"","username":"asdfg","text":"토핑이 푸짐해요!!!","date":"Mon Dec 10 23:59:44 +0000 2018","retweets":"30","favorites":"20","mentions":[],"hashtags":[],"geo":"","raw":"토핑이 푸짐해요!!!","polarity":{"com":0.027430514000000003,"pos":0.5221653375,"neg":0.37341747,"neut":0.06056938,"none":0.0164172985},"intensity":{"high":0.10992049305496025,"low":0.10812133705406067,"meium":0.7618367268809184,"none":0.020121443010060722},"expressive":{"dir-action":0.003704144501852073,"dir-explicit":0.3632046141816023,"dir-speech":0.22566178511283094,"indirect":0.38730801319365404,"writing-device":0.020121443010060722}},{"id":"미스터피자-청담점","permalink":"","username":"asdfg","text":"이집 잘해요 맛있네요","date":"Mon Dec 10 23:59:44 +0000 2018","retweets":"30","favorites":"20","mentions":[],"hashtags":[],"geo":"","raw":"이집 잘해요 맛있네요","polarity":{"com":0,"pos":0.25,"neg":0.75,"neut":0,"none":0},"intensity":{"high":0,"low":0.0833333335,"meium":0.9166666665000001,"none":0},"expressive":{"dir-action":0,"dir-explicit":0,"dir-speech":1,"indirect":0,"writing-device":0}},{"id":"미스터피자-청담점","permalink":"","username":"asdfg","text":"페퍼로니 맛있고요~  배달 빨랐습니다~~","date":"Mon Dec 10 23:59:44 +0000 2018","retweets":"30","favorites":"20","mentions":[],"hashtags":[],"geo":"","raw":"페퍼로니 맛있고요~  배달 빨랐습니다~~","polarity":{"com":0,"pos":0.5,"neg":0.5,"neut":0,"none":0},"intensity":{"high":0,"low":0,"meium":1,"none":0},"expressive":{"dir-action":0,"dir-explicit":0,"dir-speech":1,"indirect":0,"writing-device":0}},{"id":"미스터피자-청담점","permalink":"","username":"asdfg","text":"너무 맛있게 먹었어여^^번창하세여","date":"Mon Dec 10 23:59:44 +0000 2018","retweets":"30","favorites":"20","mentions":[],"hashtags":[],"geo":"","raw":"너무 맛있게 먹었어여^^번창하세여","polarity":{"com":0.047619047666666664,"pos":0.380952381,"neg":0.5714285713333332,"neut":0,"none":0},"intensity":{"high":0.08465608466666667,"low":0.12169312166666667,"meium":0.7936507936666667,"none":0},"expressive":{"dir-action":0,"dir-explicit":0.26455026433333334,"dir-speech":0.576719577,"indirect":0.15873015866666665,"writing-device":0}},{"id":"미스터피자-청담점","permalink":"","username":"asdfg","text":"배달은 빠르고 괜찮으셨는데\n피자는 예전의 미피가 아니네요 ㅠㅠ","date":"Mon Dec 10 23:59:44 +0000 2018","retweets":"30","favorites":"20","mentions":[],"hashtags":[],"geo":"","raw":"배달은 빠르고 괜찮으셨는데\n피자는 예전의 미피가 아니네요 ㅠㅠ","polarity":{"com":0.0056497176000000005,"pos":0.5798762442000001,"neg":0.3671240248,"neut":0.030347053999999995,"none":0.0170029594},"intensity":{"high":0.13459779397308044,"low":0.15157384976968521,"meium":0.6968253968606348,"none":0.017002959396599408},"expressive":{"dir-action":0,"dir-explicit":0.1780737154,"dir-speech":0.5,"indirect":0.301748722,"writing-device":0.020177562599999997}},{"id":"미스터피자-청담점","permalink":"","username":"asdfg","text":"정말정말 너무너무맛있쯥니다","date":"Mon Dec 10 23:59:44 +0000 2018","retweets":"30","favorites":"20","mentions":[],"hashtags":[],"geo":"","raw":"정말정말 너무너무맛있쯥니다","polarity":{"com":0,"pos":0.75,"neg":0,"neut":0,"none":0.25},"intensity":{"high":0.5,"low":0,"meium":0.25,"none":0.25},"expressive":{"dir-action":0,"dir-explicit":0.5,"dir-speech":0.25,"indirect":0,"writing-device":0.25}},{"id":"미스터피자-청담점","permalink":"","username":"asdfg","text":"맛있었습니다  믿고먹","date":"Mon Dec 10 23:59:44 +0000 2018","retweets":"30","favorites":"20","mentions":[],"hashtags":[],"geo":"","raw":"맛있었습니다  믿고먹","polarity":{"com":0,"pos":0.222222222,"neg":0.7777777779999999,"neut":0,"none":0},"intensity":{"high":0.09259259263580247,"low":0.12962962962345678,"meium":0.7777777777407408,"none":0},"expressive":{"dir-action":0,"dir-explicit":0.18518518506172837,"dir-speech":0.7037037039012345,"indirect":0.11111111103703702,"writing-device":0}},{"id":"미스터피자-청담점","permalink":"","username":"asdfg","text":"맛있고 제 시간에 배달해줘서 좋았습니다","date":"Mon Dec 10 23:59:44 +0000 2018","retweets":"30","favorites":"20","mentions":[],"hashtags":[],"geo":"","raw":"맛있고 제 시간에 배달해줘서 좋았습니다","polarity":{"com":0,"pos":0.48,"neg":0.51,"neut":0,"none":0.01},"intensity":{"high":0.05,"low":0.01,"meium":0.9299999999999999,"none":0.01},"expressive":{"dir-action":0,"dir-explicit":0.15,"dir-speech":0.8,"indirect":0.04,"writing-device":0.01}},{"id":"미스터피자-청담점","permalink":"","username":"asdfg","text":"다 좋은데 배달상태가... 아까운 치즈들이 ...","date":"Mon Dec 10 23:59:44 +0000 2018","retweets":"30","favorites":"20","mentions":[],"hashtags":[],"geo":"","raw":"다 좋은데 배달상태가... 아까운 치즈들이 ...","polarity":{"com":0.03078007524230498,"pos":0.6496710525875823,"neg":0.20817669169795586,"neut":0.033247180491688205,"none":0.07812499998046875},"intensity":{"high":0.1116071429720982,"low":0.07941729323014567,"meium":0.7286184208178453,"none":0.0803571429799107},"expressive":{"dir-action":0,"dir-explicit":0.22720864669319782,"dir-speech":0.5969219923507695,"indirect":0.09774436097556391,"writing-device":0.07812499998046875}},{"id":"미스터피자-청담점","permalink":"","username":"asdfg","text":"미스터 피자는 피자계의 갑 이죠~~ 씨익\n최오!!!!","date":"Mon Dec 10 23:59:44 +0000 2018","retweets":"30","favorites":"20","mentions":[],"hashtags":[],"geo":"","raw":"미스터 피자는 피자계의 갑 이죠~~ 씨익\n최오!!!!","polarity":{"com":0.011437908505718955,"pos":0.3515406161757703,"neg":0.39285714319642856,"neut":0.09337068154668535,"none":0.15079365057539681},"intensity":{"high":0.07959850603979926,"low":0.15989729207994866,"meium":0.6097105513048553,"none":0.15079365057539681},"expressive":{"dir-action":0,"dir-explicit":0.2885154065,"dir-speech":0.434640523,"indirect":0.10830999050000001,"writing-device":0.16853408}},{"id":"미스터피자-청담점","permalink":"","username":"asdfg","text":"저는 너무 매웟어영 ㅠㅠ","date":"Mon Dec 10 23:59:44 +0000 2018","retweets":"30","favorites":"20","mentions":[],"hashtags":[],"geo":"","raw":"저는 너무 매웟어영 ㅠㅠ","polarity":{"com":0.0714285715,"pos":0.238095238,"neg":0.6904761905,"neut":0,"none":0},"intensity":{"high":0.0714285715,"low":0.238095238,"meium":0.6904761905,"none":0},"expressive":{"dir-action":0,"dir-explicit":0.2857142855,"dir-speech":0.642857143,"indirect":0.0714285715,"writing-device":0}},{"id":"미스터피자-청담점","permalink":"","username":"asdfg","text":"맛있게먹었어여 ㅎㅎㅎ","date":"Mon Dec 10 23:59:44 +0000 2018","retweets":"30","favorites":"20","mentions":[],"hashtags":[],"geo":"","raw":"맛있게먹었어여 ㅎㅎㅎ","polarity":{"com":0,"pos":0.1666666665,"neg":0.8333333334999999,"neut":0,"none":0},"intensity":{"high":0.0555555555,"low":0.111111111,"meium":0.8333333334999999,"none":0},"expressive":{"dir-action":0,"dir-explicit":0.111111111,"dir-speech":0.888888889,"indirect":0,"writing-device":0}},{"id":"미스터피자-청담점","permalink":"","username":"asdfg","text":"먹을만합니다~~~ㅎㅎ","date":"Mon Dec 10 23:59:44 +0000 2018","retweets":"30","favorites":"20","mentions":[],"hashtags":[],"geo":"","raw":"먹을만합니다~~~ㅎㅎ","polarity":{"com":0,"pos":0.333333333,"neg":0.666666667,"neut":0,"none":0},"intensity":{"high":0.111111111,"low":0.222222222,"meium":0.666666667,"none":0},"expressive":{"dir-action":0,"dir-explicit":0.222222222,"dir-speech":0.777777778,"indirect":0,"writing-device":0}},{"id":"미스터피자-청담점","permalink":"","username":"asdfg","text":"피자가 아주 맛있었어요^^. 나는 항상 프렌치 프라이를 좋아해요~~ 다음에도 여기에서 다시 주문할 것어요. 고맙습니다!","date":"Mon Dec 10 23:59:44 +0000 2018","retweets":"30","favorites":"20","mentions":[],"hashtags":[],"geo":"","raw":"피자가 아주 맛있었어요^^. 나는 항상 프렌치 프라이를 좋아해요~~ 다음에도 여기에서 다시 주문할 것어요. 고맙습니다!","polarity":{"com":0.012527816668058646,"pos":0.2970142020330016,"neg":0.5415089892823899,"neut":0.03184354167020484,"none":0.11710545034634505},"intensity":{"high":0.08705150477777777,"low":0.07564432588888888,"meium":0.7189677067777778,"none":0.11833646255555556},"expressive":{"dir-action":0.0021322741104003538,"dir-explicit":0.17722156282981505,"dir-speech":0.585912671026918,"indirect":0.11506847585053274,"writing-device":0.1196650161823339}},{"id":"미스터피자-청담점","permalink":"","username":"asdfg","text":"맛잇어요 배달도 초스피드 ㄷ ㄷ","date":"Mon Dec 10 23:59:44 +0000 2018","retweets":"30","favorites":"20","mentions":[],"hashtags":[],"geo":"","raw":"맛잇어요 배달도 초스피드 ㄷ ㄷ","polarity":{"com":0,"pos":0.642857143,"neg":0.357142857,"neut":0,"none":0},"intensity":{"high":0.21428571439285712,"low":0.1428571429285714,"meium":0.6428571426785714,"none":0},"expressive":{"dir-action":0,"dir-explicit":0.142857143,"dir-speech":0.5714285715,"indirect":0.2857142855,"writing-device":0}},{"id":"미스터피자-청담점","permalink":"","username":"asdfg","text":"맛있어요 강추 합니다 .","date":"Mon Dec 10 23:59:44 +0000 2018","retweets":"30","favorites":"20","mentions":[],"hashtags":[],"geo":"","raw":"맛있어요 강추 합니다 .","polarity":{"com":0.0057471265,"pos":0.16091954,"neg":0.7011494255,"neut":0.0344827585,"none":0.0977011495},"intensity":{"high":0.05747126447126437,"low":0.0632183909683908,"meium":0.775862068612069,"none":0.10344827594827587},"expressive":{"dir-action":0.005747126502873563,"dir-explicit":0.08045977004022989,"dir-speech":0.7068965518534482,"indirect":0.09195402304597701,"writing-device":0.11494252855747127}},{"id":"미스터피자-청담점","permalink":"","username":"asdfg","text":"맛있어여 허허 큰거 시켜서 두고두고 먹어요","date":"Mon Dec 10 23:59:44 +0000 2018","retweets":"30","favorites":"20","mentions":[],"hashtags":[],"geo":"","raw":"맛있어여 허허 큰거 시켜서 두고두고 먹어요","polarity":{"com":0,"pos":0.26053639833333336,"neg":0.7164750959999999,"neut":0.02298850566666667,"none":0},"intensity":{"high":0.1634738186666667,"low":0.09706257966666668,"meium":0.7279693486666667,"none":0.011494253000000003},"expressive":{"dir-action":0,"dir-explicit":0.25798212,"dir-speech":0.4719029373333334,"indirect":0.103448276,"writing-device":0.16666666666666666}},{"id":"미스터피자-청담점","permalink":"","username":"asdfg","text":"맛있어요ㅎ 미피가 어디가나용ㅋㅋ 항상 미피는 옳습니다","date":"Mon Dec 10 23:59:44 +0000 2018","retweets":"30","favorites":"20","mentions":[],"hashtags":[],"geo":"","raw":"맛있어요ㅎ 미피가 어디가나용ㅋㅋ 항상 미피는 옳습니다","polarity":{"com":0.0029761905000000003,"pos":0.2351190476666667,"neg":0.744047619,"neut":0.01339285716666667,"none":0.004464285666666667},"intensity":{"high":0.11011904766666665,"low":0.01785714283333333,"meium":0.8660714285,"none":0.005952380999999999},"expressive":{"dir-action":0,"dir-explicit":0.22916666666666666,"dir-speech":0.5520833333333334,"indirect":0.21428571433333332,"writing-device":0.0044642856666666664}},{"id":"미스터피자-청담점","permalink":"","username":"asdfg","text":"미스터피자 신메뉴라서 시켜봤는데 토핑도많고 꿀맛ㅋㅋ","date":"Mon Dec 10 23:59:44 +0000 2018","retweets":"30","favorites":"20","mentions":[],"hashtags":[],"geo":"","raw":"미스터피자 신메뉴라서 시켜봤는데 토핑도많고 꿀맛ㅋㅋ","polarity":{"com":0,"pos":0.6666666666666666,"neg":0.3333333333333333,"neut":0,"none":0},"intensity":{"high":0,"low":0.16666666666666666,"meium":0.8333333333333334,"none":0},"expressive":{"dir-action":0,"dir-explicit":0.3333333333333333,"dir-speech":0.22222222233333333,"indirect":0.44444444433333335,"writing-device":0}},{"id":"미스터피자-청담점","permalink":"","username":"asdfg","text":"너무너무맛있었어요❤️❤️❤️😍","date":"Mon Dec 10 23:59:44 +0000 2018","retweets":"30","favorites":"20","mentions":[],"hashtags":[],"geo":"","raw":"너무너무맛있었어요❤️❤️❤️😍","polarity":{"com":0,"pos":0,"neg":1,"neut":0,"none":0},"intensity":{"high":0,"low":0,"meium":1,"none":0},"expressive":{"dir-action":0,"dir-explicit":0,"dir-speech":1,"indirect":0,"writing-device":0}},{"id":"미스터피자-청담점","permalink":"","username":"asdfg","text":"맛있어요~ 배달도 생각보다 빨랐구ㅋ","date":"Mon Dec 10 23:59:44 +0000 2018","retweets":"30","favorites":"20","mentions":[],"hashtags":[],"geo":"","raw":"맛있어요~ 배달도 생각보다 빨랐구ㅋ","polarity":{"com":0,"pos":0.59375,"neg":0.33333333325000003,"neut":0.0625,"none":0.01041666675},"intensity":{"high":0.020833333250000002,"low":0.14583333325000003,"meium":0.8229166667500001,"none":0.010416666750000001},"expressive":{"dir-action":0,"dir-explicit":0.09375,"dir-speech":0.61458333325,"indirect":0.28125,"writing-device":0.01041666675}},{"id":"미스터피자-청담점","permalink":"","username":"asdfg","text":"맛잇어요 ㅎㅎㅎㅎㅎ","date":"Mon Dec 10 23:59:44 +0000 2018","retweets":"30","favorites":"20","mentions":[],"hashtags":[],"geo":"","raw":"맛잇어요 ㅎㅎㅎㅎㅎ","polarity":{"com":0,"pos":1,"neg":0,"neut":0,"none":0},"intensity":{"high":0,"low":0,"meium":1,"none":0},"expressive":{"dir-action":0,"dir-explicit":0,"dir-speech":1,"indirect":0,"writing-device":0}},{"id":"미스터피자-청담점","permalink":"","username":"asdfg","text":"담백하고 맛있는 미스터피자!\n요즘 악재가 많았는데 가맹점주님들은 힘내시길~","date":"Mon Dec 10 23:59:44 +0000 2018","retweets":"30","favorites":"20","mentions":[],"hashtags":[],"geo":"","raw":"담백하고 맛있는 미스터피자!\n요즘 악재가 많았는데 가맹점주님들은 힘내시길~","polarity":{"com":0.0034320034285714287,"pos":0.3194371168571429,"neg":0.6627686914285713,"neut":0.010930184857142857,"none":0.0034320034285714287},"intensity":{"high":0.21683440317383348,"low":0.060925055437275,"meium":0.7183795375311971,"none":0.0038610038576944285},"expressive":{"dir-action":0.0004290004285714286,"dir-explicit":0.35894612442857143,"dir-speech":0.38576264814285716,"indirect":0.25100122314285717,"writing-device":0.003861003857142857}},{"id":"미스터피자-청담점","permalink":"","username":"asdfg","text":"맛있네요 감자고구마 달콤달콤","date":"Mon Dec 10 23:59:44 +0000 2018","retweets":"30","favorites":"20","mentions":[],"hashtags":[],"geo":"","raw":"맛있네요 감자고구마 달콤달콤","polarity":{"com":0,"pos":0,"neg":1,"neut":0,"none":0},"intensity":{"high":0,"low":0,"meium":1,"none":0},"expressive":{"dir-action":0,"dir-explicit":0,"dir-speech":1,"indirect":0,"writing-device":0}},{"id":"미스터피자-청담점","permalink":"","username":"asdfg","text":"맛있어여 ㅎ 진짜요","date":"Mon Dec 10 23:59:44 +0000 2018","retweets":"30","favorites":"20","mentions":[],"hashtags":[],"geo":"","raw":"맛있어여 ㅎ 진짜요","polarity":{"com":null,"pos":null,"neg":null,"neut":null,"none":null},"intensity":{"high":null,"low":null,"meium":null,"none":null},"expressive":{"dir-action":null,"dir-explicit":null,"dir-speech":null,"indirect":null,"writing-device":null}},{"id":"미스터피자-청담점","permalink":"","username":"asdfg","text":"맛있습니다! 피자에 관자라니요!! 고급~","date":"Mon Dec 10 23:59:44 +0000 2018","retweets":"30","favorites":"20","mentions":[],"hashtags":[],"geo":"","raw":"맛있습니다! 피자에 관자라니요!! 고급~","polarity":{"com":0,"pos":0,"neg":0.888888889,"neut":0.111111111,"none":0},"intensity":{"high":0,"low":0.111111111,"meium":0.888888889,"none":0},"expressive":{"dir-action":0,"dir-explicit":0,"dir-speech":0.5555555556666666,"indirect":0.44444444433333335,"writing-device":0}},{"id":"미스터피자-청담점","permalink":"","username":"asdfg","text":"뜨끈뜨끈하게 배달해주시고 맛도 있어요~~~","date":"Mon Dec 10 23:59:44 +0000 2018","retweets":"30","favorites":"20","mentions":[],"hashtags":[],"geo":"","raw":"뜨끈뜨끈하게 배달해주시고 맛도 있어요~~~","polarity":{"com":0.005105706,"pos":0.6652811985,"neg":0.14075328425,"neut":0.02616995075,"none":0.1626898605},"intensity":{"high":0.039896346490025915,"low":0.045002052738749486,"meium":0.7495381770626155,"none":0.16556342370860913},"expressive":{"dir-action":0.002873563250718391,"dir-explicit":0.08933702777233425,"dir-speech":0.6547875616636969,"indirect":0.08169129727042282,"writing-device":0.17131055004282764}},{"id":"미스터피자-청담점","permalink":"","username":"asdfg","text":"배달 빨리오고 가격도 괜찮고 맛있었어요ㅎㅎ","date":"Mon Dec 10 23:59:44 +0000 2018","retweets":"30","favorites":"20","mentions":[],"hashtags":[],"geo":"","raw":"배달 빨리오고 가격도 괜찮고 맛있었어요ㅎㅎ","polarity":{"com":0,"pos":0.6666666666666666,"neg":0.3333333333333333,"neut":0,"none":0},"intensity":{"high":0,"low":0,"meium":1,"none":0},"expressive":{"dir-action":0,"dir-explicit":0,"dir-speech":0.6666666666666666,"indirect":0.3333333333333333,"writing-device":0}},{"id":"미스터피자-청담점","permalink":"","username":"asdfg","text":"에고 사진은 못찍었네여 그래도 정말 강추에요!!\n너무맛있어여 ㅎㅎㅎㅎ","date":"Mon Dec 10 23:59:44 +0000 2018","retweets":"30","favorites":"20","mentions":[],"hashtags":[],"geo":"","raw":"에고 사진은 못찍었네여 그래도 정말 강추에요!!\n너무맛있어여 ㅎㅎㅎㅎ","polarity":{"com":0.03571428575,"pos":0.56696428575,"neg":0.33482142849999996,"neut":0,"none":0.0625},"intensity":{"high":0.25446428575,"low":0.03571428575,"meium":0.6473214285,"none":0.0625},"expressive":{"dir-action":0,"dir-explicit":0.33035714275,"dir-speech":0.19642857149999998,"indirect":0.41071428575,"writing-device":0.0625}},{"id":"미스터피자-청담점","permalink":"","username":"asdfg","text":"도우가 조금 팍팍한거 빼고 맛있음","date":"Mon Dec 10 23:59:44 +0000 2018","retweets":"30","favorites":"20","mentions":[],"hashtags":[],"geo":"","raw":"도우가 조금 팍팍한거 빼고 맛있음","polarity":{"com":0.008376233399999999,"pos":0.40466537979999995,"neg":0.554118404,"neut":0.022678035200000002,"none":0.0101619476},"intensity":{"high":0.25496568,"low":0.038245388199999994,"meium":0.6942406692,"none":0.012548262599999999},"expressive":{"dir-action":0.0006006006000000001,"dir-explicit":0.3374624624,"dir-speech":0.38051801799999996,"indirect":0.1706563708,"writing-device":0.1107625482}},{"id":"미스터피자-청담점","permalink":"","username":"asdfg","text":"연말 바쁠때 시켜서 늦을거라는건 알고 있었는데\n전화주셔서 다시 안내해주시니 감사~~\n올만에 미피 먹었는데\n씨푸드빠에야쪽이 인기가 더 좋았어요~~\n근데 새우는 3마리ㅜㅜ\n그나마 3명이라 안싸우고 먹었습니다~~","date":"Mon Dec 10 23:59:44 +0000 2018","retweets":"30","favorites":"20","mentions":[],"hashtags":[],"geo":"","raw":"연말 바쁠때 시켜서 늦을거라는건 알고 있었는데\n전화주셔서 다시 안내해주시니 감사~~\n올만에 미피 먹었는데\n씨푸드빠에야쪽이 인기가 더 좋았어요~~\n근데 새우는 3마리ㅜㅜ\n그나마 3명이라 안싸우고 먹었습니다~~","polarity":{"com":0.00505137794388318,"pos":0.3872477416791946,"neg":0.4157833691760241,"neut":0.04624852610597238,"none":0.14566898509492568},"intensity":{"high":0.14405970173822885,"low":0.07645109578627235,"meium":0.6329599731258845,"none":0.14652922934961438},"expressive":{"dir-action":0.0006031610555555556,"dir-explicit":0.2139290615,"dir-speech":0.44500727594444445,"indirect":0.1849347263888889,"writing-device":0.1555257751111111}},{"id":"미스터피자-청담점","permalink":"","username":"asdfg","text":"와우","date":"Mon Dec 10 23:59:44 +0000 2018","retweets":"30","favorites":"20","mentions":[],"hashtags":[],"geo":"","raw":"와우","polarity":{"com":0.125,"pos":0.375,"neg":0.25,"neut":0.25,"none":0},"intensity":{"high":0,"low":0.125,"meium":0.875,"none":0},"expressive":{"dir-action":0.25,"dir-explicit":0,"dir-speech":0.375,"indirect":0.375,"writing-device":0}},{"id":"미스터피자-청담점","permalink":"","username":"asdfg","text":"최고!!!!!!!","date":"Mon Dec 10 23:59:44 +0000 2018","retweets":"30","favorites":"20","mentions":[],"hashtags":[],"geo":"","raw":"최고!!!!!!!","polarity":{"com":0,"pos":0.888888889,"neg":0.111111111,"neut":0,"none":0},"intensity":{"high":0.777777778,"low":0,"meium":0.222222222,"none":0},"expressive":{"dir-action":0,"dir-explicit":0,"dir-speech":0,"indirect":1,"writing-device":0}},{"id":"미스터피자-청담점","permalink":"","username":"asdfg","text":"엄청 맛있게 잘 먹었어요. 팀원들과 파티했죠","date":"Mon Dec 10 23:59:44 +0000 2018","retweets":"30","favorites":"20","mentions":[],"hashtags":[],"geo":"","raw":"엄청 맛있게 잘 먹었어요. 팀원들과 파티했죠","polarity":{"com":0.01208508650302127,"pos":0.4380384691095096,"neg":0.48232318187058076,"neut":0.06056401526514099,"none":0.006989247251747312},"intensity":{"high":0.04219261325,"low":0.122458759,"meium":0.8241985575,"none":0.01115007025},"expressive":{"dir-action":0.0016129032504032257,"dir-explicit":0.17554431304388607,"dir-speech":0.5006745476251686,"indirect":0.3151789888287947,"writing-device":0.006989247251747312}},{"id":"미스터피자-청담점","permalink":"","username":"asdfg","text":".        .","date":"Mon Dec 10 23:59:44 +0000 2018","retweets":"30","favorites":"20","mentions":[],"hashtags":[],"geo":"","raw":".        .","polarity":{"com":null,"pos":null,"neg":null,"neut":null,"none":null},"intensity":{"high":null,"low":null,"meium":null,"none":null},"expressive":{"dir-action":null,"dir-explicit":null,"dir-speech":null,"indirect":null,"writing-device":null}},{"id":"미스터피자-청담점","permalink":"","username":"asdfg","text":"미스터피자는 맛있어요","date":"Mon Dec 10 23:59:44 +0000 2018","retweets":"30","favorites":"20","mentions":[],"hashtags":[],"geo":"","raw":"미스터피자는 맛있어요","polarity":{"com":0,"pos":0.3174603173174603,"neg":0.5079365085079365,"neut":0.09523809509523809,"none":0.07936507907936508},"intensity":{"high":0.031746032,"low":0.238095238,"meium":0.650793651,"none":0.079365079},"expressive":{"dir-action":0,"dir-explicit":0.158730159,"dir-speech":0.666666667,"indirect":0.079365079,"writing-device":0.095238095}},{"id":"미스터피자-청담점","permalink":"","username":"asdfg","text":"맛있어요 담에 또 시켜 먹고싶어요","date":"Mon Dec 10 23:59:44 +0000 2018","retweets":"30","favorites":"20","mentions":[],"hashtags":[],"geo":"","raw":"맛있어요 담에 또 시켜 먹고싶어요","polarity":{"com":0,"pos":0.1587301586137566,"neg":0.6984126984338624,"neut":0,"none":0.14285714295238094},"intensity":{"high":0.037037037,"low":0.074074074,"meium":0.746031746,"none":0.142857143},"expressive":{"dir-action":0,"dir-explicit":0.12169312166666667,"dir-speech":0.687830688,"indirect":0,"writing-device":0.19047619033333332}},{"id":"미스터피자-청담점","permalink":"","username":"asdfg","text":"추운날에 배달해주시느라 고생하셨습니다.\n덕분에 편하게 맛있는 음식 먹어서 행복하네요.","date":"Mon Dec 10 23:59:44 +0000 2018","retweets":"30","favorites":"20","mentions":[],"hashtags":[],"geo":"","raw":"추운날에 배달해주시느라 고생하셨습니다.\n덕분에 편하게 맛있는 음식 먹어서 행복하네요.","polarity":{"com":0.07419354842857143,"pos":0.5023041474285714,"neg":0.4075268817142857,"neut":0.011981566857142856,"none":0.003993855571428571},"intensity":{"high":0.09933435728571428,"low":0.048335893428571426,"meium":0.848028674,"none":0.004301075285714285},"expressive":{"dir-action":0.000921659,"dir-explicit":0.24326676914285716,"dir-speech":0.5262160778571429,"indirect":0.22560163842857145,"writing-device":0.003993855571428571}},{"id":"미스터피자-청담점","permalink":"","username":"asdfg","text":"딱 제가 찾던 포테이토피자 였어요ㅠㅠㅠㅠㅠㅠㅠ 맛있습니다ㅠㅠㅠ 다음에도 시켜먹을께용~~","date":"Mon Dec 10 23:59:44 +0000 2018","retweets":"30","favorites":"20","mentions":[],"hashtags":[],"geo":"","raw":"딱 제가 찾던 포테이토피자 였어요ㅠㅠㅠㅠㅠㅠㅠ 맛있습니다ㅠㅠㅠ 다음에도 시켜먹을께용~~","polarity":{"com":0.005003112333333334,"pos":0.3222066603333334,"neg":0.5455026456666667,"neut":0.017631497000000003,"none":0.1096560846666667},"intensity":{"high":0.11118892001853149,"low":0.09351073751558513,"meium":0.6856442577809407,"none":0.10965608468494269},"expressive":{"dir-action":0,"dir-explicit":0.1615157174730807,"dir-speech":0.5705415499049097,"indirect":0.15620915030729846,"writing-device":0.11173358231471107}},{"id":"미스터피자-청담점","permalink":"","username":"asdfg","text":"많다고생각했는데 다먹어버렿. . .","date":"Mon Dec 10 23:59:44 +0000 2018","retweets":"30","favorites":"20","mentions":[],"hashtags":[],"geo":"","raw":"많다고생각했는데 다먹어버렿. . .","polarity":{"com":0,"pos":0.48974214183675263,"neg":0.30961791823012735,"neut":0.10540184463153272,"none":0.09523809530158729},"intensity":{"high":0.21249764733333332,"low":0.163372859,"meium":0.5288913983333333,"none":0.09523809533333333},"expressive":{"dir-action":0,"dir-explicit":0.468285338,"dir-speech":0.349520045,"indirect":0.08695652166666668,"writing-device":0.09523809533333333}},{"id":"미스터피자-청담점","permalink":"","username":"asdfg","text":"Dhdhrhehrr","date":"Mon Dec 10 23:59:44 +0000 2018","retweets":"30","favorites":"20","mentions":[],"hashtags":[],"geo":"","raw":"Dhdhrhehrr","polarity":{"com":null,"pos":null,"neg":null,"neut":null,"none":null},"intensity":{"high":null,"low":null,"meium":null,"none":null},"expressive":{"dir-action":null,"dir-explicit":null,"dir-speech":null,"indirect":null,"writing-device":null}},{"id":"미스터피자-청담점","permalink":"","username":"asdfg","text":"세일도 해주구 짱좋~","date":"Mon Dec 10 23:59:44 +0000 2018","retweets":"30","favorites":"20","mentions":[],"hashtags":[],"geo":"","raw":"세일도 해주구 짱좋~","polarity":{"com":0,"pos":0.2,"neg":0,"neut":0,"none":0.8},"intensity":{"high":0,"low":0,"meium":0.2,"none":0.8},"expressive":{"dir-action":0,"dir-explicit":0,"dir-speech":0.2,"indirect":0,"writing-device":0.8}},{"id":"미스터피자-청담점","permalink":"","username":"asdfg","text":"맛있고 자주 즐겨먹게 되네요","date":"Mon Dec 10 23:59:44 +0000 2018","retweets":"30","favorites":"20","mentions":[],"hashtags":[],"geo":"","raw":"맛있고 자주 즐겨먹게 되네요","polarity":{"com":0.014150943492924528,"pos":0.42767295578616354,"neg":0.5204402514897798,"neut":0.023584905738207547,"none":0.014150943492924528},"intensity":{"high":0.08909853247772535,"low":0.3291404611677149,"meium":0.5676100628580975,"none":0.014150943496462265},"expressive":{"dir-action":0,"dir-explicit":0.16876310270780923,"dir-speech":0.7793501048051624,"indirect":0.02830188674292453,"writing-device":0.02358490574410377}},{"id":"미스터피자-청담점","permalink":"","username":"asdfg","text":"맛나요맛나\n맛나요망나","date":"Mon Dec 10 23:59:44 +0000 2018","retweets":"30","favorites":"20","mentions":[],"hashtags":[],"geo":"","raw":"맛나요맛나\n맛나요망나","polarity":{"com":0,"pos":0.75,"neg":0.25,"neut":0,"none":0},"intensity":{"high":0,"low":0,"meium":1,"none":0},"expressive":{"dir-action":0,"dir-explicit":0.125,"dir-speech":0.875,"indirect":0,"writing-device":0}},{"id":"미스터피자-청담점","permalink":"","username":"asdfg","text":"빨라요 좋아용 늦게까지해서 최고","date":"Mon Dec 10 23:59:44 +0000 2018","retweets":"30","favorites":"20","mentions":[],"hashtags":[],"geo":"","raw":"빨라요 좋아용 늦게까지해서 최고","polarity":{"com":0.00287356325,"pos":0.53268199225,"neg":0.38835249050000004,"neut":0.01724137925,"none":0.05885057475},"intensity":{"high":0.27318007668170496,"low":0.041609195489597704,"meium":0.6234865898441283,"none":0.061724137984568966},"expressive":{"dir-action":0.002873563250718391,"dir-explicit":0.19022988504755747,"dir-speech":0.15344827578836207,"indirect":0.5859770116464943,"writing-device":0.06747126426686781}},{"id":"미스터피자-청담점","permalink":"","username":"asdfg","text":"브랜드 피자라서 기본이상은 하지만...\n그래도 재료를 좀더 큼지막하게 안 아꼈으면 좋겠네요~\n맛은 있어요.","date":"Mon Dec 10 23:59:44 +0000 2018","retweets":"30","favorites":"20","mentions":[],"hashtags":[],"geo":"","raw":"브랜드 피자라서 기본이상은 하지만...\n그래도 재료를 좀더 큼지막하게 안 아꼈으면 좋겠네요~\n맛은 있어요.","polarity":{"com":0.011810966876476372,"pos":0.6321810455790227,"neg":0.24500660215562584,"neut":0.034028951379253616,"none":0.07697243400962156},"intensity":{"high":0.11333873101416736,"low":0.05428348013178543,"meium":0.7550299794693788,"none":0.07734780938466848},"expressive":{"dir-action":0.0019677321245080673,"dir-explicit":0.3077914727980521,"dir-speech":0.32009257554497683,"indirect":0.2841917318039521,"writing-device":0.08595648772851087}},{"id":"미스터피자-청담점","permalink":"","username":"asdfg","text":"배달 무지빠르고 치즈맛있네용^^","date":"Mon Dec 10 23:59:44 +0000 2018","retweets":"30","favorites":"20","mentions":[],"hashtags":[],"geo":"","raw":"배달 무지빠르고 치즈맛있네용^^","polarity":{"com":0,"pos":0.6666666666666666,"neg":0.3333333333333333,"neut":0,"none":0},"intensity":{"high":0,"low":0.111111111,"meium":0.888888889,"none":0},"expressive":{"dir-action":0,"dir-explicit":0,"dir-speech":0.6666666666666666,"indirect":0.3333333333333333,"writing-device":0}},{"id":"미스터피자-청담점","permalink":"","username":"asdfg","text":"맛있고 배달도 빠르고 좋아요ㅎ","date":"Mon Dec 10 23:59:44 +0000 2018","retweets":"30","favorites":"20","mentions":[],"hashtags":[],"geo":"","raw":"맛있고 배달도 빠르고 좋아요ㅎ","polarity":{"com":0,"pos":0.73,"neg":0.26,"neut":0,"none":0.01},"intensity":{"high":0.05,"low":0.09333333325,"meium":0.84666666675,"none":0.01},"expressive":{"dir-action":0,"dir-explicit":0.15,"dir-speech":0.55,"indirect":0.29,"writing-device":0.01}},{"id":"미스터피자-청담점","permalink":"","username":"asdfg","text":"배달도빠르고 양도많아 좋네요~","date":"Mon Dec 10 23:59:44 +0000 2018","retweets":"30","favorites":"20","mentions":[],"hashtags":[],"geo":"","raw":"배달도빠르고 양도많아 좋네요~","polarity":{"com":0,"pos":0.827826087,"neg":0.15130434775,"neut":0.01086956525,"none":0.01},"intensity":{"high":0.11521739127880436,"low":0.14768115928692033,"meium":0.7271014494317752,"none":0.0100000000025},"expressive":{"dir-action":0,"dir-explicit":0.2804347825701087,"dir-speech":0.35434782608858695,"indirect":0.35521739133880437,"writing-device":0.0100000000025}},{"id":"미스터피자-청담점","permalink":"","username":"asdfg","text":"기본은 하는 미피","date":"Mon Dec 10 23:59:44 +0000 2018","retweets":"30","favorites":"20","mentions":[],"hashtags":[],"geo":"","raw":"기본은 하는 미피","polarity":{"com":0.0038314176666666665,"pos":0.44061302666666663,"neg":0.4674329503333334,"neut":0.02298850566666667,"none":0.06513409966666667},"intensity":{"high":0.03831417632056194,"low":0.04214559398595147,"meium":0.8505747123831418,"none":0.06896551731034482},"expressive":{"dir-action":0.003831417667943805,"dir-explicit":0.05363984668454661,"dir-speech":0.4712643678237547,"indirect":0.39463601546487864,"writing-device":0.0766283523588761}},{"id":"미스터피자-청담점","permalink":"","username":"asdfg","text":"돈내고 산 콜란데 펩시를 갖다주네\n피자도 맛없고 달기만 하고 최악이었음\n이 지점 정말 별로임","date":"Mon Dec 10 23:59:44 +0000 2018","retweets":"30","favorites":"20","mentions":[],"hashtags":[],"geo":"","raw":"돈내고 산 콜란데 펩시를 갖다주네\n피자도 맛없고 달기만 하고 최악이었음\n이 지점 정말 별로임","polarity":{"com":0.005747649333971962,"pos":0.19932261646659138,"neg":0.5733090689525899,"neut":0.06209685567356631,"none":0.15952380957328044},"intensity":{"high":0.14184612277777775,"low":0.19281164688888888,"meium":0.5058184207777777,"none":0.15952380955555556},"expressive":{"dir-action":0.0014154282217504128,"dir-explicit":0.0645131938673845,"dir-speech":0.5131634818289454,"indirect":0.26147002324617663,"writing-device":0.1594378728357429}},{"id":"미스터피자-청담점","permalink":"","username":"asdfg","text":"빠른 배달 맛있어요👏👏","date":"Mon Dec 10 23:59:44 +0000 2018","retweets":"30","favorites":"20","mentions":[],"hashtags":[],"geo":"","raw":"빠른 배달 맛있어요👏👏","polarity":{"com":0,"pos":1,"neg":0,"neut":0,"none":0},"intensity":{"high":0,"low":0.1666666665,"meium":0.8333333334999999,"none":0},"expressive":{"dir-action":0,"dir-explicit":0,"dir-speech":0.5,"indirect":0.5,"writing-device":0}},{"id":"미스터피자-청담점","permalink":"","username":"asdfg","text":"맛있었음","date":"Mon Dec 10 23:59:44 +0000 2018","retweets":"30","favorites":"20","mentions":[],"hashtags":[],"geo":"","raw":"맛있었음","polarity":{"com":0,"pos":0.25,"neg":0.75,"neut":0,"none":0},"intensity":{"high":0,"low":0,"meium":1,"none":0},"expressive":{"dir-action":0,"dir-explicit":0,"dir-speech":0.75,"indirect":0.25,"writing-device":0}},{"id":"미스터피자-청담점","permalink":"","username":"asdfg","text":"별하나도 아까움  스파게티 먼맛인지 싱겁고 맛이없음","date":"Mon Dec 10 23:59:44 +0000 2018","retweets":"30","favorites":"20","mentions":[],"hashtags":[],"geo":"","raw":"별하나도 아까움  스파게티 먼맛인지 싱겁고 맛이없음","polarity":{"com":0.014007421142857144,"pos":0.5435992578571429,"neg":0.37161410028571434,"neut":0.0020408162857142864,"none":0.06873840442857145},"intensity":{"high":0.02690166971812881,"low":0.08342609758334658,"meium":0.8209338282601334,"none":0.0687384044383912},"expressive":{"dir-action":0,"dir-explicit":0.1131106988409842,"dir-speech":0.34155844152263454,"indirect":0.477612863360341,"writing-device":0.06771799627604029}},{"id":"미스터피자-청담점","permalink":"","username":"asdfg","text":"새벽에 축구보면서 먹으니맛있네요","date":"Mon Dec 10 23:59:44 +0000 2018","retweets":"30","favorites":"20","mentions":[],"hashtags":[],"geo":"","raw":"새벽에 축구보면서 먹으니맛있네요","polarity":{"com":0.013888888995370371,"pos":0.2499999999166667,"neg":0.6944444444351852,"neut":0.02777777765740741,"none":0.013888888995370371},"intensity":{"high":0.09259259266666667,"low":0.10185185166666667,"meium":0.7916666666666667,"none":0.013888889000000001},"expressive":{"dir-action":0,"dir-explicit":0.18518518506172837,"dir-speech":0.74537037058179,"indirect":0.04166666668055555,"writing-device":0.02777777767592592}},{"id":"미스터피자-청담점","permalink":"","username":"asdfg","text":"맛있었어요~^^할인된 가격으로 저렴하고 풍부하게 잘먹어써용^^♡","date":"Mon Dec 10 23:59:44 +0000 2018","retweets":"30","favorites":"20","mentions":[],"hashtags":[],"geo":"","raw":"맛있었어요~^^할인된 가격으로 저렴하고 풍부하게 잘먹어써용^^♡","polarity":{"com":0.012221149716031594,"pos":0.5644106537949158,"neg":0.3695893713385128,"neut":0.0469148182924164,"none":0.00686400685812343},"intensity":{"high":0.058091045571428565,"low":0.08012328185714285,"meium":0.8522779505714285,"none":0.009507722},"expressive":{"dir-action":0.013845013857142856,"dir-explicit":0.2060456327142857,"dir-speech":0.2919274097142857,"indirect":0.480459936,"writing-device":0.007722007714285714}},{"id":"미스터피자-청담점","permalink":"","username":"asdfg","text":"새벽 두시까지네여!? 늦으시간에 배달오신분도 친절하고 좋네요~ 미피야 항상 맛잇네요","date":"Mon Dec 10 23:59:44 +0000 2018","retweets":"30","favorites":"20","mentions":[],"hashtags":[],"geo":"","raw":"새벽 두시까지네여!? 늦으시간에 배달오신분도 친절하고 좋네요~ 미피야 항상 맛잇네요","polarity":{"com":0.0033122119999999997,"pos":0.47902911600000003,"neg":0.232202904625,"neut":0.012269585250000001,"none":0.273186182125},"intensity":{"high":0.07737571563467198,"low":0.039483661379935454,"meium":0.6040038054505005,"none":0.27913681753489206},"expressive":{"dir-action":0.000806451625,"dir-explicit":0.148825234,"dir-speech":0.4913734115,"indirect":0.08101975975,"writing-device":0.27797514312500005}},{"id":"미스터피자-청담점","permalink":"","username":"asdfg","text":"예전에도 앞으로도 쭉 한결같은 개판이군요 별1점도 아깝습니다","date":"Mon Dec 10 23:59:44 +0000 2018","retweets":"30","favorites":"20","mentions":[],"hashtags":[],"geo":"","raw":"예전에도 앞으로도 쭉 한결같은 개판이군요 별1점도 아깝습니다","polarity":{"com":0.008710929166666668,"pos":0.5124292006666668,"neg":0.23770715350000002,"neut":0.02182714483333333,"none":0.21932557183333334},"intensity":{"high":0.08904971684817495,"low":0.07916928867986155,"meium":0.6117212082686202,"none":0.2200597862033433},"expressive":{"dir-action":0.0007342143330885951,"dir-explicit":0.1618732956127089,"dir-speech":0.21020557992993147,"indirect":0.4106985525297671,"writing-device":0.21648835759450388}},{"id":"미스터피자-청담점","permalink":"","username":"asdfg","text":"피자는 역시 미스터가 갑이여~","date":"Mon Dec 10 23:59:44 +0000 2018","retweets":"30","favorites":"20","mentions":[],"hashtags":[],"geo":"","raw":"피자는 역시 미스터가 갑이여~","polarity":{"com":0.016231382338743792,"pos":0.3866308884622103,"neg":0.4709169521569723,"neut":0.08790032169596675,"none":0.03832045534610682},"intensity":{"high":0.09939573003313193,"low":0.15913222838637742,"meium":0.6987069668995689,"none":0.042765074680921694},"expressive":{"dir-action":0.0014684286671561425,"dir-explicit":0.3159423584386474,"dir-speech":0.4468000491489333,"indirect":0.19070927439690305,"writing-device":0.04507988934835996}},{"id":"미스터피자-청담점","permalink":"","username":"asdfg","text":"잘 받고 잘 먹었습니다","date":"Mon Dec 10 23:59:44 +0000 2018","retweets":"30","favorites":"20","mentions":[],"hashtags":[],"geo":"","raw":"잘 받고 잘 먹었습니다","polarity":{"com":0,"pos":0.7142857147142857,"neg":0.21428571421428572,"neut":0.07142857107142857,"none":0},"intensity":{"high":0,"low":0.214285714,"meium":0.785714286,"none":0},"expressive":{"dir-action":0,"dir-explicit":0.214285714,"dir-speech":0.142857143,"indirect":0.642857143,"writing-device":0}},{"id":"미스터피자-청담점","permalink":"","username":"asdfg","text":"결제했는데 배달하시는분 오셔서는 결제 안되있다그러고 샐러드는 종류도 없고 양도적고 계란 요리만 2개나 넣어 놓고 이런걸 돈 받고 파나요?! 서비스필인데 정말 양심 없음!","date":"Mon Dec 10 23:59:44 +0000 2018","retweets":"30","favorites":"20","mentions":[],"hashtags":[],"geo":"","raw":"결제했는데 배달하시는분 오셔서는 결제 안되있다그러고 샐러드는 종류도 없고 양도적고 계란 요리만 2개나 넣어 놓고 이런걸 돈 받고 파나요?! 서비스필인데 정말 양심 없음!","polarity":{"com":0.0044347022782705225,"pos":0.4271973770474664,"neg":0.3829210871536579,"neut":0.02963997772551556,"none":0.15580685579508965},"intensity":{"high":0.09105548150505864,"low":0.10010213350556123,"meium":0.6529160548696066,"none":0.1559263301197737},"expressive":{"dir-action":0.0003584229444643568,"dir-explicit":0.2332910119018495,"dir-speech":0.35536730385307597,"indirect":0.24676785690259825,"writing-device":0.16421540439801194}},{"id":"미스터피자-청담점","permalink":"","username":"asdfg","text":"잘 먹었습니다.","date":"Mon Dec 10 23:59:44 +0000 2018","retweets":"30","favorites":"20","mentions":[],"hashtags":[],"geo":"","raw":"잘 먹었습니다.","polarity":{"com":0,"pos":0.7142857147142857,"neg":0.21428571421428572,"neut":0.07142857107142857,"none":0},"intensity":{"high":0,"low":0.214285714,"meium":0.785714286,"none":0},"expressive":{"dir-action":0,"dir-explicit":0.214285714,"dir-speech":0.142857143,"indirect":0.642857143,"writing-device":0}}]