[{"id":"영구스피자 성수한대점","permalink":"","username":"asdfg","text":"늘 먹던거 에요 ~ 마약옥수수 대박 맛잇음 ","date":"Mon Dec 10 23:59:44 +0000 2018","retweets":"30","favorites":"20","mentions":[],"hashtags":[],"geo":"","raw":"늘 먹던거 에요 ~ 마약옥수수 대박 맛잇음 ","polarity":{"com":0,"pos":0.3666666666,"neg":0.6333333334,"neut":0,"none":0},"intensity":{"high":0.2222222222,"low":0.0444444444,"meium":0.7333333334,"none":0},"expressive":{"dir-action":0,"dir-explicit":0.0444444444,"dir-speech":0.5555555556,"indirect":0.3,"writing-device":0.1}},{"id":"영구스피자 성수한대점","permalink":"","username":"asdfg","text":"급하게먹느라 사진은 못찍었어요.. 치즈도이치 치즈프라이 둘다먹어봫는데 개인적으론 치즈도이치가 더 맛있네요~","date":"Mon Dec 10 23:59:44 +0000 2018","retweets":"30","favorites":"20","mentions":[],"hashtags":[],"geo":"","raw":"급하게먹느라 사진은 못찍었어요.. 치즈도이치 치즈프라이 둘다먹어봫는데 개인적으론 치즈도이치가 더 맛있네요~","polarity":{"com":0.014042207751170184,"pos":0.37492784986457733,"neg":0.40462662353371887,"neut":0.09619859300801653,"none":0.11020472584251706},"intensity":{"high":0.12510221266666668,"low":0.08546777283333334,"meium":0.6784812410000001,"none":0.11094877349999999},"expressive":{"dir-action":0,"dir-explicit":0.1738606300543566,"dir-speech":0.4881207912519799,"indirect":0.229004329045166,"writing-device":0.10901424964849765}},{"id":"영구스피자 성수한대점","permalink":"","username":"asdfg","text":"꿀맛입니다 친구가 또 먹고싶다고 월급날 먹잡니다 진짜 늘 먹는맛인데 먹는사이즌데 너무 좋아요","date":"Mon Dec 10 23:59:44 +0000 2018","retweets":"30","favorites":"20","mentions":[],"hashtags":[],"geo":"","raw":"꿀맛입니다 친구가 또 먹고싶다고 월급날 먹잡니다 진짜 늘 먹는맛인데 먹는사이즌데 너무 좋아요","polarity":{"com":0.022940657777777776,"pos":0.36942369533333336,"neg":0.47045855388888885,"neut":0.08481818655555555,"none":0.05235890644444444},"intensity":{"high":0.0990896357997977,"low":0.12000726202666827,"meium":0.7275521321616784,"none":0.05335097001185577},"expressive":{"dir-action":0,"dir-explicit":0.272188505,"dir-speech":0.5374195975555556,"indirect":0.13367569255555556,"writing-device":0.05671620488888889}},{"id":"영구스피자 성수한대점","permalink":"","username":"asdfg","text":"너무 맛있게 잘먹었습니다~","date":"Mon Dec 10 23:59:44 +0000 2018","retweets":"30","favorites":"20","mentions":[],"hashtags":[],"geo":"","raw":"너무 맛있게 잘먹었습니다~","polarity":{"com":0.07142857153571429,"pos":0.4285714287142857,"neg":0.4642857142321429,"neut":0.035714285517857144,"none":0},"intensity":{"high":0.0714285715,"low":0.1785714285,"meium":0.75,"none":0},"expressive":{"dir-action":0,"dir-explicit":0.39285714250000003,"dir-speech":0.21428571450000003,"indirect":0.392857143,"writing-device":0}},{"id":"영구스피자 성수한대점","permalink":"","username":"asdfg","text":"오자마자 급하게 먹느라 상자만 찍엇네요 ;; ㅋ여긴 치즈가 넘 맛잇어요 그런데 요청사항 확인안하구 그냥 오셔셔 ㅠ  핫소스 하나만 와서 아쉬웟어요 ㅠ ","date":"Mon Dec 10 23:59:44 +0000 2018","retweets":"30","favorites":"20","mentions":[],"hashtags":[],"geo":"","raw":"오자마자 급하게 먹느라 상자만 찍엇네요 ;; ㅋ여긴 치즈가 넘 맛잇어요 그런데 요청사항 확인안하구 그냥 오셔셔 ㅠ  핫소스 하나만 와서 아쉬웟어요 ㅠ ","polarity":{"com":0.0031009985002584165,"pos":0.4961624620413469,"neg":0.34665258577888775,"neut":0.11319727542609978,"none":0.04088667825340723},"intensity":{"high":0.1428478705,"low":0.06996944208333333,"meium":0.74537275,"none":0.041809937416666665},"expressive":{"dir-action":0.0005376344166666667,"dir-explicit":0.26897368616666667,"dir-speech":0.5129664503333334,"indirect":0.178772303,"writing-device":0.03874992608333334}},{"id":"영구스피자 성수한대점","permalink":"","username":"asdfg","text":"단골입니다! 언제나늘맛있습니다","date":"Mon Dec 10 23:59:44 +0000 2018","retweets":"30","favorites":"20","mentions":[],"hashtags":[],"geo":"","raw":"단골입니다! 언제나늘맛있습니다","polarity":{"com":0,"pos":0.5,"neg":0.5,"neut":0,"none":0},"intensity":{"high":0,"low":0,"meium":1,"none":0},"expressive":{"dir-action":0,"dir-explicit":0,"dir-speech":0.5,"indirect":0.5,"writing-device":0}},{"id":"영구스피자 성수한대점","permalink":"","username":"asdfg","text":"랩핑지가 피자랑 일심합체했어여 맛은 나쁘지않아요 수고하세용","date":"Mon Dec 10 23:59:44 +0000 2018","retweets":"30","favorites":"20","mentions":[],"hashtags":[],"geo":"","raw":"랩핑지가 피자랑 일심합체했어여 맛은 나쁘지않아요 수고하세용","polarity":{"com":0.003870967799999999,"pos":0.5032258063999999,"neg":0.47053763439999996,"neut":0.016774193599999997,"none":0.005591397799999999},"intensity":{"high":0.19462365580000002,"low":0.22322580639999998,"meium":0.5761290324,"none":0.0060215054},"expressive":{"dir-action":0.0012903226,"dir-explicit":0.22946236559999997,"dir-speech":0.3589247312,"indirect":0.4047311828,"writing-device":0.0055913978}},{"id":"영구스피자 성수한대점","permalink":"","username":"asdfg","text":"배달도 빠르고 무난한 맛이에요","date":"Mon Dec 10 23:59:44 +0000 2018","retweets":"30","favorites":"20","mentions":[],"hashtags":[],"geo":"","raw":"배달도 빠르고 무난한 맛이에요","polarity":{"com":0,"pos":1,"neg":0,"neut":0,"none":0},"intensity":{"high":0,"low":0.33333333325000003,"meium":0.66666666675,"none":0},"expressive":{"dir-action":0,"dir-explicit":0.25,"dir-speech":0.5,"indirect":0.25,"writing-device":0}},{"id":"영구스피자 성수한대점","permalink":"","username":"asdfg","text":"여러가지로 고맙습니다~친절하고 맛있어요~","date":"Mon Dec 10 23:59:44 +0000 2018","retweets":"30","favorites":"20","mentions":[],"hashtags":[],"geo":"","raw":"여러가지로 고맙습니다~친절하고 맛있어요~","polarity":{"com":0.006451612999999999,"pos":0.1720430106666667,"neg":0.7842293906666667,"neut":0.027956989333333335,"none":0.009318996333333334},"intensity":{"high":0.15770609305256872,"low":0.14982078838327362,"meium":0.6824372762274791,"none":0.010035842336678613},"expressive":{"dir-action":0.0021505376666666664,"dir-explicit":0.10465949833333332,"dir-speech":0.5426523296666667,"indirect":0.3412186379999999,"writing-device":0.009318996333333333}},{"id":"영구스피자 성수한대점","permalink":"","username":"asdfg","text":"배달 빠르고 맛은 무난해요","date":"Mon Dec 10 23:59:44 +0000 2018","retweets":"30","favorites":"20","mentions":[],"hashtags":[],"geo":"","raw":"배달 빠르고 맛은 무난해요","polarity":{"com":0,"pos":0.75,"neg":0.20833333333333334,"neut":0.041666666666666664,"none":0},"intensity":{"high":0.125,"low":0,"meium":0.875,"none":0},"expressive":{"dir-action":0,"dir-explicit":0.041666666666666664,"dir-speech":0.6666666666666666,"indirect":0.2916666666666667,"writing-device":0}},{"id":"영구스피자 성수한대점","permalink":"","username":"asdfg","text":"30분 지났지만 아직 오지않아서....","date":"Mon Dec 10 23:59:44 +0000 2018","retweets":"30","favorites":"20","mentions":[],"hashtags":[],"geo":"","raw":"30분 지났지만 아직 오지않아서....","polarity":{"com":0,"pos":0.16666666650000003,"neg":0.46666666650000005,"neut":0.08333333350000001,"none":0.28333333350000006},"intensity":{"high":0,"low":0.1666666665,"meium":0.55,"none":0.2833333335},"expressive":{"dir-action":0,"dir-explicit":0.1999999999,"dir-speech":0.43333333328333334,"indirect":0.08333333345833333,"writing-device":0.28333333335833333}},{"id":"영구스피자 성수한대점","permalink":"","username":"asdfg","text":"진리입니다 엄지척!!","date":"Mon Dec 10 23:59:44 +0000 2018","retweets":"30","favorites":"20","mentions":[],"hashtags":[],"geo":"","raw":"진리입니다 엄지척!!","polarity":{"com":0.022875817,"pos":0.385620915,"neg":0.277777778,"neut":0.091503268,"none":0.222222222},"intensity":{"high":0.12745098012745096,"low":0.08169934608169935,"meium":0.5686274515686275,"none":0.2222222222222222},"expressive":{"dir-action":0,"dir-explicit":0.418300654,"dir-speech":0.202614379,"indirect":0.137254902,"writing-device":0.241830065}},{"id":"영구스피자 성수한대점","permalink":"","username":"asdfg","text":"배달도 빠르고 맛있어요","date":"Mon Dec 10 23:59:44 +0000 2018","retweets":"30","favorites":"20","mentions":[],"hashtags":[],"geo":"","raw":"배달도 빠르고 맛있어요","polarity":{"com":0,"pos":0.6666666666666666,"neg":0.3333333333333333,"neut":0,"none":0},"intensity":{"high":0,"low":0.111111111,"meium":0.888888889,"none":0},"expressive":{"dir-action":0,"dir-explicit":0,"dir-speech":0.6666666666666666,"indirect":0.3333333333333333,"writing-device":0}},{"id":"영구스피자 성수한대점","permalink":"","username":"asdfg","text":"배달도 빠르고 맛도 괜찮아요","date":"Mon Dec 10 23:59:44 +0000 2018","retweets":"30","favorites":"20","mentions":[],"hashtags":[],"geo":"","raw":"배달도 빠르고 맛도 괜찮아요","polarity":{"com":0,"pos":1,"neg":0,"neut":0,"none":0},"intensity":{"high":0,"low":0.111111111,"meium":0.888888889,"none":0},"expressive":{"dir-action":0,"dir-explicit":0,"dir-speech":0.6666666666666666,"indirect":0.3333333333333333,"writing-device":0}},{"id":"영구스피자 성수한대점","permalink":"","username":"asdfg","text":"치즈프라이는 그저그렇네요다음번엔 다른거 주문해볼게요","date":"Mon Dec 10 23:59:44 +0000 2018","retweets":"30","favorites":"20","mentions":[],"hashtags":[],"geo":"","raw":"치즈프라이는 그저그렇네요다음번엔 다른거 주문해볼게요","polarity":{"com":0.0032258065010752684,"pos":0.23350827774450272,"neg":0.64476019821492,"neut":0.04572452634857483,"none":0.07278119119092706},"intensity":{"high":0.08943505716666666,"low":0.12649769583333334,"meium":0.7109276328333333,"none":0.07313961416666667},"expressive":{"dir-action":0.001075268833512545,"dir-explicit":0.1191286910198548,"dir-speech":0.576881720596147,"indirect":0.14150878969025146,"writing-device":0.16140552986023426}},{"id":"영구스피자 성수한대점","permalink":"","username":"asdfg","text":"여긴 원래 콜라랑 피클 안주나오??? 딱 피자만 주셔서 당황.... 맛은 평범해여","date":"Mon Dec 10 23:59:44 +0000 2018","retweets":"30","favorites":"20","mentions":[],"hashtags":[],"geo":"","raw":"여긴 원래 콜라랑 피클 안주나오??? 딱 피자만 주셔서 당황.... 맛은 평범해여","polarity":{"com":0.01134792625141849,"pos":0.5577853598197232,"neg":0.3559907834194988,"neut":0.016894127377111767,"none":0.05798180313224772},"intensity":{"high":0.055293631125000006,"low":0.31378352825,"meium":0.5726722202500001,"none":0.058250620375000006},"expressive":{"dir-action":0.009735023001216876,"dir-explicit":0.328807751541101,"dir-speech":0.4736411438092051,"indirect":0.13303940676662993,"writing-device":0.05477667488184708}},{"id":"영구스피자 성수한대점","permalink":"","username":"asdfg","text":"처음 시켜봤는데 괜찮네요또 주문할게요","date":"Mon Dec 10 23:59:44 +0000 2018","retweets":"30","favorites":"20","mentions":[],"hashtags":[],"geo":"","raw":"처음 시켜봤는데 괜찮네요또 주문할게요","polarity":{"com":0.05407066063061955,"pos":0.36251920109165386,"neg":0.355657962096228,"neut":0.02795698931469534,"none":0.19979518686680317},"intensity":{"high":0.04659498199999999,"low":0.038709677333333324,"meium":0.7141833076666666,"none":0.20051203299999995},"expressive":{"dir-action":0.0021505376659498206,"dir-explicit":0.24751664125082776,"dir-speech":0.3363031235545656,"indirect":0.16661546327779483,"writing-device":0.2474142342508619}},{"id":"영구스피자 성수한대점","permalink":"","username":"asdfg","text":"기성비 너무 좋은 영구피자 맛도 좋아요","date":"Mon Dec 10 23:59:44 +0000 2018","retweets":"30","favorites":"20","mentions":[],"hashtags":[],"geo":"","raw":"기성비 너무 좋은 영구피자 맛도 좋아요","polarity":{"com":0,"pos":0.71,"neg":0.27,"neut":0,"none":0.02},"intensity":{"high":0.225,"low":0.020000000000000004,"meium":0.735,"none":0.020000000000000004},"expressive":{"dir-action":0,"dir-explicit":0.30000000000000004,"dir-speech":0.35000000000000003,"indirect":0.33,"writing-device":0.020000000000000004}},{"id":"영구스피자 성수한대점","permalink":"","username":"asdfg","text":"감자말이 비쥬얼 앵간하네 ","date":"Mon Dec 10 23:59:44 +0000 2018","retweets":"30","favorites":"20","mentions":[],"hashtags":[],"geo":"","raw":"감자말이 비쥬얼 앵간하네 ","polarity":{"com":0,"pos":0,"neg":1,"neut":0,"none":0},"intensity":{"high":0.5,"low":0,"meium":0.5,"none":0},"expressive":{"dir-action":0,"dir-explicit":0.5,"dir-speech":0,"indirect":0.5,"writing-device":0}},{"id":"영구스피자 성수한대점","permalink":"","username":"asdfg","text":"개꿀맛 다른지역가서 피자주문할때도 영구스있는지를 먼저찾아봄","date":"Mon Dec 10 23:59:44 +0000 2018","retweets":"30","favorites":"20","mentions":[],"hashtags":[],"geo":"","raw":"개꿀맛 다른지역가서 피자주문할때도 영구스있는지를 먼저찾아봄","polarity":{"com":0.02258251300376375,"pos":0.5284211542547369,"neg":0.2673229107112205,"neut":0.1740976645290163,"none":0.007575757501262626},"intensity":{"high":0.029868751171644795,"low":0.37623045739603844,"meium":0.5863250339310542,"none":0.007575757501262626},"expressive":{"dir-action":0.0021231423326256195,"dir-explicit":0.27793862190735374,"dir-speech":0.56823007131059,"indirect":0.14307083578564306,"writing-device":0.008637328663787556}},{"id":"영구스피자 성수한대점","permalink":"","username":"asdfg","text":"솔직히 여기만한 곳은 성수에없는듯 가격이강한듯하나 감수하고 먹을수있는 피자 친구부모님 가게여서 더욱 믿음이갑니다","date":"Mon Dec 10 23:59:44 +0000 2018","retweets":"30","favorites":"20","mentions":[],"hashtags":[],"geo":"","raw":"솔직히 여기만한 곳은 성수에없는듯 가격이강한듯하나 감수하고 먹을수있는 피자 친구부모님 가게여서 더욱 믿음이갑니다","polarity":{"com":0.034738709699999995,"pos":0.4679508366,"neg":0.35298942599999994,"neut":0.04038537179999999,"none":0.10393565589999997},"intensity":{"high":0.12410350108758966,"low":0.07509305569249068,"meium":0.6952413311304758,"none":0.1055621120894438},"expressive":{"dir-action":0.001085689900108569,"dir-explicit":0.26830376552683033,"dir-speech":0.46472271474647225,"indirect":0.1585990239158599,"writing-device":0.10728880591072887}},{"id":"영구스피자 성수한대점","permalink":"","username":"asdfg","text":"브랜드피자 제외하고\n우리 동네 피자 거의 다 먹어봤는데\n영구스가 최고예요\n진짜 맛있고 재료도 신경쓰시는것같아서 믿음이 갑니다","date":"Mon Dec 10 23:59:44 +0000 2018","retweets":"30","favorites":"20","mentions":[],"hashtags":[],"geo":"","raw":"브랜드피자 제외하고\n우리 동네 피자 거의 다 먹어봤는데\n영구스가 최고예요\n진짜 맛있고 재료도 신경쓰시는것같아서 믿음이 갑니다","polarity":{"com":0.022901255816099888,"pos":0.33856384306013054,"neg":0.43708251559662875,"neut":0.04908554563190131,"none":0.1523668398952394},"intensity":{"high":0.10201310665491148,"low":0.08558817537919787,"meium":0.6737757208497775,"none":0.1386229971161133},"expressive":{"dir-action":0.009251453635522596,"dir-explicit":0.2760489709749047,"dir-speech":0.42439361014323695,"indirect":0.15155697944076754,"writing-device":0.1387489858055683}},{"id":"영구스피자 성수한대점","permalink":"","username":"asdfg","text":"생각보다정말맛있어요!!\n치즈가정말맛있고넉넉합니다~\n치즈크러스트불고기피자먹었는데뭔가신선한재료사용한기분이에요ㅋ\n배달도빨리오고강추입니다~","date":"Mon Dec 10 23:59:44 +0000 2018","retweets":"30","favorites":"20","mentions":[],"hashtags":[],"geo":"","raw":"생각보다정말맛있어요!!\n치즈가정말맛있고넉넉합니다~\n치즈크러스트불고기피자먹었는데뭔가신선한재료사용한기분이에요ㅋ\n배달도빨리오고강추입니다~","polarity":{"com":0.0058869985454545444,"pos":0.3970255588181818,"neg":0.36803361800000006,"neut":0.17771758581818184,"none":0.05133623881818181},"intensity":{"high":0.14515671128592333,"low":0.15864986446896814,"meium":0.6437724967857975,"none":0.05242092745931098},"expressive":{"dir-action":0.0002730002727272728,"dir-explicit":0.2911668352727273,"dir-speech":0.5083014163636365,"indirect":0.14686697781818184,"writing-device":0.05339177027272728}},{"id":"영구스피자 성수한대점","permalink":"","username":"asdfg","text":"전반적으로 먹을만해요~","date":"Mon Dec 10 23:59:44 +0000 2018","retweets":"30","favorites":"20","mentions":[],"hashtags":[],"geo":"","raw":"전반적으로 먹을만해요~","polarity":{"com":0,"pos":0.333333333,"neg":0.666666667,"neut":0,"none":0},"intensity":{"high":0.111111111,"low":0.222222222,"meium":0.666666667,"none":0},"expressive":{"dir-action":0,"dir-explicit":0.222222222,"dir-speech":0.777777778,"indirect":0,"writing-device":0}},{"id":"영구스피자 성수한대점","permalink":"","username":"asdfg","text":"이마트 피자가 생긴후로 가격과크기에\n메리트가 없어졌어요...맛은 좋아여","date":"Mon Dec 10 23:59:44 +0000 2018","retweets":"30","favorites":"20","mentions":[],"hashtags":[],"geo":"","raw":"이마트 피자가 생긴후로 가격과크기에\n메리트가 없어졌어요...맛은 좋아여","polarity":{"com":0,"pos":0.6949206349007258,"neg":0.2755555555320635,"neut":0.007936507998866214,"none":0.021587301568344673},"intensity":{"high":0.05238095242857144,"low":0.09301587300000003,"meium":0.833015873,"none":0.021587301571428574},"expressive":{"dir-action":0,"dir-explicit":0.23650793653764174,"dir-speech":0.504761904785034,"indirect":0.2371428571089796,"writing-device":0.021587301568344673}}]