[{"id":"리츠 델리피자24시","permalink":"","username":"asdfg","text":"가격대비 아까운 별로인 피자","date":"Mon Dec 10 23:59:44 +0000 2018","retweets":"30","favorites":"20","mentions":[],"hashtags":[],"geo":"","raw":"가격대비 아까운 별로인 피자","polarity":{"com":0,"pos":1,"neg":0,"neut":0,"none":0},"intensity":{"high":0,"low":0.3333333333333333,"meium":0.6666666666666666,"none":0},"expressive":{"dir-action":0,"dir-explicit":0,"dir-speech":0.3333333333333333,"indirect":0.6666666666666666,"writing-device":0}},{"id":"리츠 델리피자24시","permalink":"","username":"asdfg","text":"ㅈㅇㄴㅂㅋㅊㅊㄴㅈㅇㅌ","date":"Mon Dec 10 23:59:44 +0000 2018","retweets":"30","favorites":"20","mentions":[],"hashtags":[],"geo":"","raw":"ㅈㅇㄴㅂㅋㅊㅊㄴㅈㅇㅌ","polarity":{"com":0.13636363613636365,"pos":0.3181818183181818,"neg":0.4090909094090909,"neut":0.04545454504545454,"none":0.09090909109090908},"intensity":{"high":0.090909091,"low":0.045454545,"meium":0.772727273,"none":0.090909091},"expressive":{"dir-action":0,"dir-explicit":0.045454545,"dir-speech":0.772727273,"indirect":0.090909091,"writing-device":0.090909091}},{"id":"리츠 델리피자24시","permalink":"","username":"asdfg","text":"나노듀야누뉴뵤ㅗ즄굳~~","date":"Mon Dec 10 23:59:44 +0000 2018","retweets":"30","favorites":"20","mentions":[],"hashtags":[],"geo":"","raw":"나노듀야누뉴뵤ㅗ즄굳~~","polarity":{"com":0,"pos":0,"neg":0,"neut":0,"none":1},"intensity":{"high":0,"low":0,"meium":0,"none":1},"expressive":{"dir-action":0,"dir-explicit":0,"dir-speech":0,"indirect":0,"writing-device":1}},{"id":"리츠 델리피자24시","permalink":"","username":"asdfg","text":"ㅗㅇㄴ츄ㅓㅕㅛㄹ포ㅛㅅㄹ","date":"Mon Dec 10 23:59:44 +0000 2018","retweets":"30","favorites":"20","mentions":[],"hashtags":[],"geo":"","raw":"ㅗㅇㄴ츄ㅓㅕㅛㄹ포ㅛㅅㄹ","polarity":{"com":0.04545454534848485,"pos":0.10606060603535354,"neg":0.4696969698232324,"neut":0.015151515005050504,"none":0.3636363637878788},"intensity":{"high":0.03030303033333333,"low":0.015151514999999999,"meium":0.2575757576666667,"none":0.696969697},"expressive":{"dir-action":0,"dir-explicit":0.015151514999999999,"dir-speech":0.2575757576666667,"indirect":0.03030303033333333,"writing-device":0.696969697}},{"id":"리츠 델리피자24시","permalink":"","username":"asdfg","text":"가격대비 구성도좋고 맛있어요~!","date":"Mon Dec 10 23:59:44 +0000 2018","retweets":"30","favorites":"20","mentions":[],"hashtags":[],"geo":"","raw":"가격대비 구성도좋고 맛있어요~!","polarity":{"com":0,"pos":0.6666666666666666,"neg":0.3333333333333333,"neut":0,"none":0},"intensity":{"high":0,"low":0,"meium":1,"none":0},"expressive":{"dir-action":0,"dir-explicit":0.3333333333333333,"dir-speech":0.3333333333333333,"indirect":0.3333333333333333,"writing-device":0}},{"id":"리츠 델리피자24시","permalink":"","username":"asdfg","text":"해당 리뷰는 배달통 운영 원칙에 따라 블라인드 처리 되었습니다.","date":"Mon Dec 10 23:59:44 +0000 2018","retweets":"30","favorites":"20","mentions":[],"hashtags":[],"geo":"","raw":"해당 리뷰는 배달통 운영 원칙에 따라 블라인드 처리 되었습니다.","polarity":{"com":0,"pos":0.4126984127063492,"neg":0.3075396826537698,"neut":0.2043650793521825,"none":0.07539682528769841},"intensity":{"high":0.035714285750000005,"low":0.08730158725,"meium":0.80158730175,"none":0.07539682525000001},"expressive":{"dir-action":0,"dir-explicit":0.44246031761061505,"dir-speech":0.2777777778194444,"indirect":0.20039682530009917,"writing-device":0.07936507926984127}},{"id":"리츠 델리피자24시","permalink":"","username":"asdfg","text":"해당 리뷰는 배달통 운영 원칙에 따라 블라인드 처리 되었습니다.","date":"Mon Dec 10 23:59:44 +0000 2018","retweets":"30","favorites":"20","mentions":[],"hashtags":[],"geo":"","raw":"해당 리뷰는 배달통 운영 원칙에 따라 블라인드 처리 되었습니다.","polarity":{"com":0,"pos":0.4126984127063492,"neg":0.3075396826537698,"neut":0.2043650793521825,"none":0.07539682528769841},"intensity":{"high":0.035714285750000005,"low":0.08730158725,"meium":0.80158730175,"none":0.07539682525000001},"expressive":{"dir-action":0,"dir-explicit":0.44246031761061505,"dir-speech":0.2777777778194444,"indirect":0.20039682530009917,"writing-device":0.07936507926984127}},{"id":"리츠 델리피자24시","permalink":"","username":"asdfg","text":"24시간이란점을 제외하면 맛으로는 크게 메리트는 없는듯...","date":"Mon Dec 10 23:59:44 +0000 2018","retweets":"30","favorites":"20","mentions":[],"hashtags":[],"geo":"","raw":"24시간이란점을 제외하면 맛으로는 크게 메리트는 없는듯...","polarity":{"com":0.006032950858004707,"pos":0.4420300377774329,"neg":0.28167654161166805,"neut":0.18151604731164514,"none":0.0887444224412492},"intensity":{"high":0.04271170828571428,"low":0.13965575471428568,"meium":0.7285808948571428,"none":0.08905164214285712},"expressive":{"dir-action":0.000921659,"dir-explicit":0.3832394249999999,"dir-speech":0.39246257642857146,"indirect":0.129563223,"writing-device":0.09381311657142857}}]