[{"id":"피자나라 치킨공주 명일점","permalink":"","username":"asdfg","text":"전화  잘  받으시는구만  먹을만 하구","date":"Mon Dec 10 23:59:44 +0000 2018","retweets":"30","favorites":"20","mentions":[],"hashtags":[],"geo":"","raw":"전화  잘  받으시는구만  먹을만 하구","polarity":{"com":0,"pos":0.52486559125,"neg":0.36290322575,"neut":0.008064516249999999,"none":0.10416666675},"intensity":{"high":0.05309139775000001,"low":0.03225806450000001,"meium":0.8104838710000001,"none":0.10416666675000001},"expressive":{"dir-action":0,"dir-explicit":0.18010752675000002,"dir-speech":0.28225806450000007,"indirect":0.43346774200000004,"writing-device":0.10416666675000001}},{"id":"피자나라 치킨공주 명일점","permalink":"","username":"asdfg","text":"~","date":"Mon Dec 10 23:59:44 +0000 2018","retweets":"30","favorites":"20","mentions":[],"hashtags":[],"geo":"","raw":"~~~~~~~~~~~~","polarity":{"com":null,"pos":null,"neg":null,"neut":null,"none":null},"intensity":{"high":null,"low":null,"meium":null,"none":null},"expressive":{"dir-action":null,"dir-explicit":null,"dir-speech":null,"indirect":null,"writing-device":null}},{"id":"피자나라 치킨공주 명일점","permalink":"","username":"asdfg","text":"왠일인가요? 전화를 잘 받네요. ㅋ 리뷰쓰기의 파워가 쎄네요. 종이메뉴가 더 좋네요.","date":"Mon Dec 10 23:59:44 +0000 2018","retweets":"30","favorites":"20","mentions":[],"hashtags":[],"geo":"","raw":"왠일인가요? 전화를 잘 받네요. ㅋ 리뷰쓰기의 파워가 쎄네요. 종이메뉴가 더 좋네요.","polarity":{"com":0.026994696281857897,"pos":0.5842112153451127,"neg":0.30326684952810473,"neut":0.053495646563786345,"none":0.03203159228113834},"intensity":{"high":0.14881482397874074,"low":0.09925123570010698,"meium":0.7173513274689497,"none":0.03458261285220248},"expressive":{"dir-action":0,"dir-explicit":0.352676456,"dir-speech":0.21962365585714286,"indirect":0.3956682958571429,"writing-device":0.03203159228571428}},{"id":"피자나라 치킨공주 명일점","permalink":"","username":"asdfg","text":"하늘에  별따기수준으로 주문하는 곳 즉, 전화연결이 오늘 운좋게 되어서 간만에 잘 먹었네요. 앞으로 제발 전화좀 받으세요. 11:30am 부터욧~~~ ^^","date":"Mon Dec 10 23:59:44 +0000 2018","retweets":"30","favorites":"20","mentions":[],"hashtags":[],"geo":"","raw":"하늘에  별따기수준으로 주문하는 곳 즉, 전화연결이 오늘 운좋게 되어서 간만에 잘 먹었네요. 앞으로 제발 전화좀 받으세요. 11:30am 부터욧~~~ ^^","polarity":{"com":0.02916211114935968,"pos":0.5462842768390332,"neg":0.3558904118683246,"neut":0.060554404221453174,"none":0.008108795921829417},"intensity":{"high":0.07059050446153846,"low":0.06262440461538461,"meium":0.8583374268461538,"none":0.008447664076923076},"expressive":{"dir-action":0.00033886815382008697,"dir-explicit":0.40560611427649185,"dir-speech":0.273875379363548,"indirect":0.29600870366953774,"writing-device":0.024170934536602233}},{"id":"피자나라 치킨공주 명일점","permalink":"","username":"asdfg","text":"기대이상! 정말 맛있었어요~아이들도 잘 먹었구요 양도 푸짐하네요ㅎㅎ","date":"Mon Dec 10 23:59:44 +0000 2018","retweets":"30","favorites":"20","mentions":[],"hashtags":[],"geo":"","raw":"기대이상! 정말 맛있었어요~아이들도 잘 먹었구요 양도 푸짐하네요ㅎㅎ","polarity":{"com":0.005194480167532414,"pos":0.6675782926112631,"neg":0.18914628919819104,"neut":0.019791219669965204,"none":0.1182897183530483},"intensity":{"high":0.14699520949999997,"low":0.09258544249999999,"meium":0.6416291291666666,"none":0.11879021883333334},"expressive":{"dir-action":0.0005005004999165834,"dir-explicit":0.3508615757748565,"dir-speech":0.22572930062904512,"indirect":0.30530888044911514,"writing-device":0.11759974264706673}},{"id":"피자나라 치킨공주 명일점","permalink":"","username":"asdfg","text":"길동에는 없어서 시켰으나\n오지 않는다고 하네요...","date":"Mon Dec 10 23:59:44 +0000 2018","retweets":"30","favorites":"20","mentions":[],"hashtags":[],"geo":"","raw":"길동에는 없어서 시켰으나\n오지 않는다고 하네요...","polarity":{"com":0.0038314176666666665,"pos":0.39894636,"neg":0.3007662836666667,"neut":0.18965517233333332,"none":0.10680076633333334},"intensity":{"high":0.03831417632056194,"low":0.1671455939442848,"meium":0.6839080457720306,"none":0.1106321839631226},"expressive":{"dir-action":0.003831417667943806,"dir-explicit":0.2619731800873244,"dir-speech":0.38793103446264365,"indirect":0.22796934874265645,"writing-device":0.11829501903943168}},{"id":"피자나라 치킨공주 명일점","permalink":"","username":"asdfg","text":"명일역에서 길동역이 멀어요? 배부르시네 ㅅ","date":"Mon Dec 10 23:59:44 +0000 2018","retweets":"30","favorites":"20","mentions":[],"hashtags":[],"geo":"","raw":"명일역에서 길동역이 멀어요? 배부르시네 ㅅㅅㅅㅅㅅㅅㅅㅅㅅㅅㅅ","polarity":{"com":0.030837004,"pos":0.431718062,"neg":0.440528634,"neut":0.088105727,"none":0.008810573},"intensity":{"high":0.10572687210572689,"low":0.13215859013215858,"meium":0.7488986787488987,"none":0.01321585901321586},"expressive":{"dir-action":0.004405286004405286,"dir-explicit":0.4140969164140969,"dir-speech":0.3612334803612335,"indirect":0.20704845820704845,"writing-device":0.01321585901321586}},{"id":"피자나라 치킨공주 명일점","permalink":"","username":"asdfg","text":"너무 맛있었어요!!! ","date":"Mon Dec 10 23:59:44 +0000 2018","retweets":"30","favorites":"20","mentions":[],"hashtags":[],"geo":"","raw":"너무 맛있었어요!!! ","polarity":{"com":0.142857143,"pos":0.142857143,"neg":0.714285714,"neut":0,"none":0},"intensity":{"high":0.142857143,"low":0.142857143,"meium":0.714285714,"none":0},"expressive":{"dir-action":0,"dir-explicit":0.5714285710000001,"dir-speech":0.28571428600000004,"indirect":0.14285714300000002,"writing-device":0}},{"id":"피자나라 치킨공주 명일점","permalink":"","username":"asdfg","text":"맛잇겟네요 번창하세요","date":"Mon Dec 10 23:59:44 +0000 2018","retweets":"30","favorites":"20","mentions":[],"hashtags":[],"geo":"","raw":"맛잇겟네요 번창하세요","polarity":{"com":0.0096774195,"pos":0.758064516,"neg":0.176344086,"neut":0.041935484,"none":0.0139784945},"intensity":{"high":0.069892473,"low":0.058064516,"meium":0.8569892475,"none":0.0150537635},"expressive":{"dir-action":0.0032258065,"dir-explicit":0.1569892475,"dir-speech":0.647311828,"indirect":0.1784946235,"writing-device":0.0139784945}},{"id":"피자나라 치킨공주 명일점","permalink":"","username":"asdfg","text":"전화받는아주머니 친절하시네용!","date":"Mon Dec 10 23:59:44 +0000 2018","retweets":"30","favorites":"20","mentions":[],"hashtags":[],"geo":"","raw":"전화받는아주머니 친절하시네용!","polarity":{"com":0.0096774195,"pos":0.758064516,"neg":0.176344086,"neut":0.041935484,"none":0.0139784945},"intensity":{"high":0.069892473,"low":0.058064516,"meium":0.8569892475,"none":0.0150537635},"expressive":{"dir-action":0.0032258065,"dir-explicit":0.1569892475,"dir-speech":0.147311828,"indirect":0.6784946235,"writing-device":0.0139784945}},{"id":"피자나라 치킨공주 명일점","permalink":"","username":"asdfg","text":"오늘도 굿굿 좋아욤  바삭바삭","date":"Mon Dec 10 23:59:44 +0000 2018","retweets":"30","favorites":"20","mentions":[],"hashtags":[],"geo":"","raw":"오늘도 굿굿 좋아욤  바삭바삭","polarity":{"com":0.0035714285,"pos":0.607142857,"neg":0.1642857145,"neut":0.007142857,"none":0.217857143},"intensity":{"high":0.0714285715,"low":0.057142857,"meium":0.6535714285,"none":0.217857143},"expressive":{"dir-action":0,"dir-explicit":0.09285714295357143,"dir-speech":0.149999999925,"indirect":0.5428571427285714,"writing-device":0.21428571439285712}},{"id":"피자나라 치킨공주 명일점","permalink":"","username":"asdfg","text":"2번째시켜서먹어요 ㅋㅋㅋㅋ맛있어요 ㅋㅋ","date":"Mon Dec 10 23:59:44 +0000 2018","retweets":"30","favorites":"20","mentions":[],"hashtags":[],"geo":"","raw":"2번째시켜서먹어요 ㅋㅋㅋㅋ맛있어요 ㅋㅋ","polarity":{"com":0,"pos":0.1666666665,"neg":0.8333333334999999,"neut":0,"none":0},"intensity":{"high":0.0555555555,"low":0.111111111,"meium":0.8333333334999999,"none":0},"expressive":{"dir-action":0,"dir-explicit":0.111111111,"dir-speech":0.888888889,"indirect":0,"writing-device":0}},{"id":"피자나라 치킨공주 명일점","permalink":"","username":"asdfg","text":"맛있다고둘 많이하길레 먹어봐요 ㅋㅋㅋ정말기대되요 ㅜㅜㅜㅜ 원래두개시키면하나는맛이없는데 여기는둘다맛있다고하네요 ㅋㅋㅋㅋ","date":"Mon Dec 10 23:59:44 +0000 2018","retweets":"30","favorites":"20","mentions":[],"hashtags":[],"geo":"","raw":"맛있다고둘 많이하길레 먹어봐요 ㅋㅋㅋ정말기대되요 ㅜㅜㅜㅜ 원래두개시키면하나는맛이없는데 여기는둘다맛있다고하네요 ㅋㅋㅋㅋ","polarity":{"com":0.0023778253076923075,"pos":0.46785167538461536,"neg":0.3661239405384616,"neut":0.09695125761538462,"none":0.06669530115384616},"intensity":{"high":0.12321042796208909,"low":0.14185839087942823,"meium":0.6666048807179678,"none":0.06832630044051499},"expressive":{"dir-action":0.005157677615384616,"dir-explicit":0.24719237169230773,"dir-speech":0.6059527181538462,"indirect":0.07010893353846154,"writing-device":0.07158829900000001}},{"id":"피자나라 치킨공주 명일점","permalink":"","username":"asdfg","text":"피자치킨둘다최고예욤 ㅎ","date":"Mon Dec 10 23:59:44 +0000 2018","retweets":"30","favorites":"20","mentions":[],"hashtags":[],"geo":"","raw":"피자치킨둘다최고예욤 ㅎ","polarity":{"com":0,"pos":0.4444444445,"neg":0.0555555555,"neut":0.5,"none":0},"intensity":{"high":0.388888889,"low":0,"meium":0.611111111,"none":0},"expressive":{"dir-action":0,"dir-explicit":0,"dir-speech":0.5,"indirect":0.5,"writing-device":0}},{"id":"피자나라 치킨공주 명일점","permalink":"","username":"asdfg","text":"핫리치는 진리ㅋㅋㅋ","date":"Mon Dec 10 23:59:44 +0000 2018","retweets":"30","favorites":"20","mentions":[],"hashtags":[],"geo":"","raw":"핫리치는 진리ㅋㅋㅋ","polarity":{"com":0,"pos":0.3174603173174603,"neg":0.5079365085079365,"neut":0.09523809509523809,"none":0.07936507907936508},"intensity":{"high":0.031746032,"low":0.238095238,"meium":0.650793651,"none":0.079365079},"expressive":{"dir-action":0,"dir-explicit":0.158730159,"dir-speech":0.666666667,"indirect":0.079365079,"writing-device":0.095238095}}]