[{"id":"레스투고","permalink":"","username":"asdfg","text":"늘 맛있고 깔끔합니다","date":"Mon Dec 10 23:59:44 +0000 2018","retweets":"30","favorites":"20","mentions":[],"hashtags":[],"geo":"","raw":"늘 맛있고 깔끔합니다","polarity":{"com":0.012012012,"pos":0.3063063065,"neg":0.653153153,"neut":0.0165165165,"none":0.012012012},"intensity":{"high":0.057057057,"low":0.042042042,"meium":0.8873873875,"none":0.0135135135},"expressive":{"dir-action":0.0015015015000000005,"dir-explicit":0.15615615600000002,"dir-speech":0.5450450450000001,"indirect":0.28378378400000004,"writing-device":0.013513513500000003}},{"id":"레스투고","permalink":"","username":"asdfg","text":"아들들이 잘 먹어서\n너무 자주? 주문합니다\n맛있어요\n\n한양 61동 ㅎ 아시지요? ㅎ","date":"Mon Dec 10 23:59:44 +0000 2018","retweets":"30","favorites":"20","mentions":[],"hashtags":[],"geo":"","raw":"아들들이 잘 먹어서\n너무 자주? 주문합니다\n맛있어요\n\n한양 61동 ㅎ 아시지요? ㅎ","polarity":{"com":0.023148549997106426,"pos":0.33553663408305784,"neg":0.5734270286783215,"neut":0.0309975418711253,"none":0.03689024537038871},"intensity":{"high":0.07069334325000001,"low":0.10068661487500001,"meium":0.789742354125,"none":0.03887768775000001},"expressive":{"dir-action":0.00198744237524843,"dir-explicit":0.3301743152912718,"dir-speech":0.5252693764406586,"indirect":0.08945397863618174,"writing-device":0.053114887256639355}},{"id":"레스투고","permalink":"","username":"asdfg","text":"우리 아들이 잘 먹어요","date":"Mon Dec 10 23:59:44 +0000 2018","retweets":"30","favorites":"20","mentions":[],"hashtags":[],"geo":"","raw":"우리 아들이 잘 먹어요","polarity":{"com":0.06156105266666668,"pos":0.43450431100000003,"neg":0.47162920300000005,"neut":0.02936857566666667,"none":0.0029368576666666674},"intensity":{"high":0.09792035336597345,"low":0.14376796304792264,"meium":0.753906397251302,"none":0.004405286334801761},"expressive":{"dir-action":0.0014684286671561425,"dir-explicit":0.2377474050792491,"dir-speech":0.6104396502034798,"indirect":0.14593922971531303,"writing-device":0.004405286334801761}},{"id":"레스투고","permalink":"","username":"asdfg","text":"도시락치고 비싼감이잇지만 항상만족해요","date":"Mon Dec 10 23:59:44 +0000 2018","retweets":"30","favorites":"20","mentions":[],"hashtags":[],"geo":"","raw":"도시락치고 비싼감이잇지만 항상만족해요","polarity":{"com":0.006451612999999998,"pos":0.505376344,"neg":0.3397849463333333,"neut":0.1390681003333333,"none":0.009318996333333333},"intensity":{"high":0.046594982,"low":0.14982078833333334,"meium":0.7935483873333333,"none":0.010035842333333333},"expressive":{"dir-action":0.002150537666666667,"dir-explicit":0.4935483873333333,"dir-speech":0.375985663,"indirect":0.11899641566666667,"writing-device":0.009318996333333334}},{"id":"레스투고","permalink":"","username":"asdfg","text":"몇번시켜먹었는데 오늘은 돼지 누린내가 너무많이나서 역해서 못먹었네요..비프는 괜찮았습니다 그리고 음식이 다 식어서 와서 더 그런것 같아요 ㅠ","date":"Mon Dec 10 23:59:44 +0000 2018","retweets":"30","favorites":"20","mentions":[],"hashtags":[],"geo":"","raw":"몇번시켜먹었는데 오늘은 돼지 누린내가 너무많이나서 역해서 못먹었네요..비프는 괜찮았습니다 그리고 음식이 다 식어서 와서 더 그런것 같아요 ㅠ","polarity":{"com":0.0031642087272727272,"pos":0.39354558218181823,"neg":0.4128468987272727,"neut":0.10213366063636364,"none":0.08830964972727272},"intensity":{"high":0.12083448973825768,"low":0.12232414682930218,"meium":0.6677200253334291,"none":0.08912133809901102},"expressive":{"dir-action":0,"dir-explicit":0.25760750181818187,"dir-speech":0.4605746705454544,"indirect":0.19206517645454546,"writing-device":0.08975265118181819}},{"id":"레스투고","permalink":"","username":"asdfg","text":"가격 대비 샐러드 양이 적게 느껴졌지만 잘먹었습니다.","date":"Mon Dec 10 23:59:44 +0000 2018","retweets":"30","favorites":"20","mentions":[],"hashtags":[],"geo":"","raw":"가격 대비 샐러드 양이 적게 느껴졌지만 잘먹었습니다.","polarity":{"com":0,"pos":0.7380952382460317,"neg":0.23809523807936508,"neut":0.023809523674603175,"none":0},"intensity":{"high":0.08333333333333333,"low":0.07142857133333333,"meium":0.8452380953333334,"none":0},"expressive":{"dir-action":0,"dir-explicit":0.3214285713333333,"dir-speech":0.047619047666666664,"indirect":0.6309523810000001,"writing-device":0}},{"id":"레스투고","permalink":"","username":"asdfg","text":"고급도시락맛잇어요 ㅎ","date":"Mon Dec 10 23:59:44 +0000 2018","retweets":"30","favorites":"20","mentions":[],"hashtags":[],"geo":"","raw":"고급도시락맛잇어요 ㅎ","polarity":{"com":0,"pos":0.5,"neg":0.5,"neut":0,"none":0},"intensity":{"high":0,"low":0,"meium":1,"none":0},"expressive":{"dir-action":0,"dir-explicit":0,"dir-speech":0.5,"indirect":0.5,"writing-device":0}},{"id":"레스투고","permalink":"","username":"asdfg","text":"맛있게 잘먹었슴다~","date":"Mon Dec 10 23:59:44 +0000 2018","retweets":"30","favorites":"20","mentions":[],"hashtags":[],"geo":"","raw":"맛있게 잘먹었슴다~","polarity":{"com":0,"pos":0.35714285717857136,"neg":0.6071428573035714,"neut":0.03571428551785714,"none":0},"intensity":{"high":0,"low":0.107142857,"meium":0.8928571430000001,"none":0},"expressive":{"dir-action":0,"dir-explicit":0.107142857,"dir-speech":0.5714285715,"indirect":0.3214285715,"writing-device":0}},{"id":"레스투고","permalink":"","username":"asdfg","text":"이번엔 뼈가 고기보다 커서 좀 놀랐어요. \n늘 배달이 친절하고 빨라서 시켜 먹는데, 이건 좀 심각한거 같아요. \n확인 바랍니다.","date":"Mon Dec 10 23:59:44 +0000 2018","retweets":"30","favorites":"20","mentions":[],"hashtags":[],"geo":"","raw":"이번엔 뼈가 고기보다 커서 좀 놀랐어요. \n늘 배달이 친절하고 빨라서 시켜 먹는데, 이건 좀 심각한거 같아요. \n확인 바랍니다.","polarity":{"com":0.006007987357571999,"pos":0.516010454179715,"neg":0.4184585547441756,"neut":0.03235485885945392,"none":0.02716814485908344},"intensity":{"high":0.0760165581482869,"low":0.08940511636352894,"meium":0.8039412612002815,"none":0.030637064287902648},"expressive":{"dir-action":0.0006753297142857144,"dir-explicit":0.29659056999999994,"dir-speech":0.3915859717142857,"indirect":0.209802565,"writing-device":0.10134556357142857}},{"id":"레스투고","permalink":"","username":"asdfg","text":"양이 늘 아쉬운데 (범스에 비해...) 요새 조금 늘어난거 같아서 4개 별 줬어요. \n배달하시는 분들이 늘 친절해서 좋아요.","date":"Mon Dec 10 23:59:44 +0000 2018","retweets":"30","favorites":"20","mentions":[],"hashtags":[],"geo":"","raw":"양이 늘 아쉬운데 (범스에 비해...) 요새 조금 늘어난거 같아서 4개 별 줬어요. \n배달하시는 분들이 늘 친절해서 좋아요.","polarity":{"com":0.017272777886969688,"pos":0.4823923671686231,"neg":0.41129309539874526,"neut":0.08051203043549866,"none":0.008529729110163364},"intensity":{"high":0.04950131311661126,"low":0.11097932645677548,"meium":0.8302612064255845,"none":0.009258154001028683},"expressive":{"dir-action":0.001206322111245147,"dir-explicit":0.2703709521411523,"dir-speech":0.2939256466993251,"indirect":0.31436676259048524,"writing-device":0.12013031645779226}},{"id":"레스투고","permalink":"","username":"asdfg","text":"도시락에 담겨서 잘 도착했어요~ 맛있게 잘 먹었습니다~\n배송이 빨라서 따끈하게 바로 한것처럼 먹었어요~","date":"Mon Dec 10 23:59:44 +0000 2018","retweets":"30","favorites":"20","mentions":[],"hashtags":[],"geo":"","raw":"도시락에 담겨서 잘 도착했어요~ 맛있게 잘 먹었습니다~\n배송이 빨라서 따끈하게 바로 한것처럼 먹었어요~","polarity":{"com":0.008398548377099638,"pos":0.5577593722644398,"neg":0.2718584368179646,"neut":0.061239984140310004,"none":0.10074365840018593},"intensity":{"high":0.05356277925,"low":0.137129814,"meium":0.7079195557500001,"none":0.101387851},"expressive":{"dir-action":0.0011818270001477287,"dir-explicit":0.18245301752280665,"dir-speech":0.26435905953304495,"indirect":0.4479108718059889,"writing-device":0.10409522413801192}},{"id":"레스투고","permalink":"","username":"asdfg","text":"LA갈비는 맛은 있는데 양이 작고, 치킨은 조금 맛이 갈비보단 떨어지는데 양이 많아서 상호보완적으로 잘 먹었네요. 늘 비가와도 바람이 불어도 예상시간보다 훨씬 빨리 와주시는 배달기사님 덕에 믿고 자주시켜 먹고 있어요","date":"Mon Dec 10 23:59:44 +0000 2018","retweets":"30","favorites":"20","mentions":[],"hashtags":[],"geo":"","raw":"LA갈비는 맛은 있는데 양이 작고, 치킨은 조금 맛이 갈비보단 떨어지는데 양이 많아서 상호보완적으로 잘 먹었네요. 늘 비가와도 바람이 불어도 예상시간보다 훨씬 빨리 와주시는 배달기사님 덕에 믿고 자주시켜 먹고 있어요","polarity":{"com":0.0108585187021717,"pos":0.4766812094453362,"neg":0.3987573835797513,"neut":0.052836995210567374,"none":0.06086589306217315},"intensity":{"high":0.1580943711658094,"low":0.10400398841040039,"meium":0.6768154830676816,"none":0.06108615735610862},"expressive":{"dir-action":0.002998042100299804,"dir-explicit":0.3954887292395488,"dir-speech":0.36424385393642433,"indirect":0.1749530586174953,"writing-device":0.062316316106231624}},{"id":"레스투고","permalink":"","username":"asdfg","text":"배달이 빨라서 양이 좀 적어도 자주 시켜 먹게 되는 듯. 늘 밝고 친절한 배달기사님 감사요 ^^","date":"Mon Dec 10 23:59:44 +0000 2018","retweets":"30","favorites":"20","mentions":[],"hashtags":[],"geo":"","raw":"배달이 빨라서 양이 좀 적어도 자주 시켜 먹게 되는 듯. 늘 밝고 친절한 배달기사님 감사요 ^^","polarity":{"com":0.006905328453289943,"pos":0.7327412897758653,"neg":0.22131356168703398,"neut":0.016200962815236194,"none":0.022838857268574757},"intensity":{"high":0.13601627961163337,"low":0.1756991706044183,"meium":0.6652501890608635,"none":0.02303436072308466},"expressive":{"dir-action":0.0005865102726739536,"dir-explicit":0.20203311270890606,"dir-speech":0.5768506734930134,"indirect":0.19426031452779452,"writing-device":0.026269388997611866}},{"id":"레스투고","permalink":"","username":"asdfg","text":"벌써 도착해서 맛있게 다 먹었는데... 아직도 배달 예정이라니... 참 한심합니다 요기요 문자알람. \n부릉 기사님은 오늘도 엄청나게 빨리 오셨네요. \n감사합니다 :)","date":"Mon Dec 10 23:59:44 +0000 2018","retweets":"30","favorites":"20","mentions":[],"hashtags":[],"geo":"","raw":"벌써 도착해서 맛있게 다 먹었는데... 아직도 배달 예정이라니... 참 한심합니다 요기요 문자알람. \n부릉 기사님은 오늘도 엄청나게 빨리 오셨네요. \n감사합니다 :)","polarity":{"com":0.00562257275,"pos":0.476103773,"neg":0.2955739950833334,"neut":0.03042400166666667,"none":0.19227565749999997},"intensity":{"high":0.2320137836666667,"low":0.03750767083333333,"meium":0.53777342625,"none":0.19270511925},"expressive":{"dir-action":0.0007878846665353526,"dir-explicit":0.33431358019428115,"dir-speech":0.33581250544403124,"indirect":0.1371553600604741,"writing-device":0.1919306696346782}},{"id":"레스투고","permalink":"","username":"asdfg","text":"LA갈비가 진짜 맛있는데 양이 너무너무너무 작습니다...\n부릉기사님이 배달 오시는데 너무 빠릅니다. \n요기요 문자알람으로 50-60분 걸린다고 했는데 30분만에 오셨습니다. \n너무 빨리 가라고 재촉하지 않으셨으면 하네요 ^^\n(뉴스에서보니 상점에서 빨리 가라고 재촉하는 경우가 많다는데 안전하게 오셨으면 합니다. )","date":"Mon Dec 10 23:59:44 +0000 2018","retweets":"30","favorites":"20","mentions":[],"hashtags":[],"geo":"","raw":"LA갈비가 진짜 맛있는데 양이 너무너무너무 작습니다...\n부릉기사님이 배달 오시는데 너무 빠릅니다. \n요기요 문자알람으로 50-60분 걸린다고 했는데 30분만에 오셨습니다. \n너무 빨리 가라고 재촉하지 않으셨으면 하네요 ^^\n(뉴스에서보니 상점에서 빨리 가라고 재촉하는 경우가 많다는데 안전하게 오셨으면 합니다. )","polarity":{"com":0.0305739759484713,"pos":0.39757873898012114,"neg":0.45729829462713506,"neut":0.060515282896974235,"none":0.05403370754729831},"intensity":{"high":0.08962641729103736,"low":0.07394518254260549,"meium":0.7796812810720319,"none":0.056747119094325296},"expressive":{"dir-action":0.002912144200728036,"dir-explicit":0.25057050341264264,"dir-speech":0.41405633085351407,"indirect":0.27095130266773787,"writing-device":0.06150971886537743}},{"id":"레스투고","permalink":"","username":"asdfg","text":"맛있네요~","date":"Mon Dec 10 23:59:44 +0000 2018","retweets":"30","favorites":"20","mentions":[],"hashtags":[],"geo":"","raw":"맛있네요~","polarity":{"com":0,"pos":0,"neg":1,"neut":0,"none":0},"intensity":{"high":0,"low":0,"meium":1,"none":0},"expressive":{"dir-action":0,"dir-explicit":0,"dir-speech":1,"indirect":0,"writing-device":0}},{"id":"레스투고","permalink":"","username":"asdfg","text":"배송 빠르고 주문음식 모두 맛있습니다.","date":"Mon Dec 10 23:59:44 +0000 2018","retweets":"30","favorites":"20","mentions":[],"hashtags":[],"geo":"","raw":"배송 빠르고 주문음식 모두 맛있습니다.","polarity":{"com":0,"pos":1,"neg":0,"neut":0,"none":0},"intensity":{"high":0,"low":0.111111111,"meium":0.888888889,"none":0},"expressive":{"dir-action":0,"dir-explicit":0.3333333333333333,"dir-speech":0.3333333333333333,"indirect":0.3333333333333333,"writing-device":0}},{"id":"레스투고","permalink":"","username":"asdfg","text":"오호호홋 여기 맛있네요!!","date":"Mon Dec 10 23:59:44 +0000 2018","retweets":"30","favorites":"20","mentions":[],"hashtags":[],"geo":"","raw":"오호호홋 여기 맛있네요!!","polarity":{"com":0,"pos":0.5,"neg":0.5,"neut":0,"none":0},"intensity":{"high":0,"low":0,"meium":1,"none":0},"expressive":{"dir-action":0,"dir-explicit":0,"dir-speech":1,"indirect":0,"writing-device":0}},{"id":"레스투고","permalink":"","username":"asdfg","text":"배달엄청빠르고 맛있네요 ㅎ","date":"Mon Dec 10 23:59:44 +0000 2018","retweets":"30","favorites":"20","mentions":[],"hashtags":[],"geo":"","raw":"배달엄청빠르고 맛있네요 ㅎ","polarity":{"com":0,"pos":0.6666666666666666,"neg":0.3333333333333333,"neut":0,"none":0},"intensity":{"high":0,"low":0.111111111,"meium":0.888888889,"none":0},"expressive":{"dir-action":0,"dir-explicit":0,"dir-speech":0.6666666666666666,"indirect":0.3333333333333333,"writing-device":0}},{"id":"레스투고","permalink":"","username":"asdfg","text":"전체적으로 맛있고 깔끔해요.","date":"Mon Dec 10 23:59:44 +0000 2018","retweets":"30","favorites":"20","mentions":[],"hashtags":[],"geo":"","raw":"전체적으로 맛있고 깔끔해요.","polarity":{"com":0.024024024,"pos":0.612612613,"neg":0.306306306,"neut":0.033033033,"none":0.024024024},"intensity":{"high":0.114114114,"low":0.084084084,"meium":0.774774775,"none":0.027027027},"expressive":{"dir-action":0.003003003,"dir-explicit":0.312312312,"dir-speech":0.09009009,"indirect":0.567567568,"writing-device":0.027027027}},{"id":"레스투고","permalink":"","username":"asdfg","text":"깔끔하고 정성스럽게 배달되었구요. 맛있게 잘 먹었습니다.","date":"Mon Dec 10 23:59:44 +0000 2018","retweets":"30","favorites":"20","mentions":[],"hashtags":[],"geo":"","raw":"깔끔하고 정성스럽게 배달되었구요. 맛있게 잘 먹었습니다.","polarity":{"com":0.020711888255177974,"pos":0.7140775231785194,"neg":0.2330891815582723,"neut":0.02611540100652885,"none":0.006006006001501502},"intensity":{"high":0.07264617550000001,"low":0.07459244949999999,"meium":0.8460046182500001,"none":0.00675675675},"expressive":{"dir-action":0.0007507507501876878,"dir-explicit":0.2198848005549712,"dir-speech":0.3229426905807357,"indirect":0.4496650013624162,"writing-device":0.006756756751689189}},{"id":"레스투고","permalink":"","username":"asdfg","text":"65분 걸린댓는데 45분정도 지나서 왔어요 ! 두번째 시켜먹는건데 매콤한거 좋아해서 매콤한거루 둘다 시켰는데 너무 맛있어요 양도 되게 많구. 포장도 엄청 깔끔하게오고 물티슈 까지와요!! 저번에 시킨 새우야끼소바는 제 입맛에는 약간 싱거워서 아쉬웠지만 다른건 너무너무 맛있었어여ㅎㅎㅎㅎ 앞으로도 자주시켜먹을게요","date":"Mon Dec 10 23:59:44 +0000 2018","retweets":"30","favorites":"20","mentions":[],"hashtags":[],"geo":"","raw":"65분 걸린댓는데 45분정도 지나서 왔어요 ! 두번째 시켜먹는건데 매콤한거 좋아해서 매콤한거루 둘다 시켰는데 너무 맛있어요 양도 되게 많구. 포장도 엄청 깔끔하게오고 물티슈 까지와요!! 저번에 시킨 새우야끼소바는 제 입맛에는 약간 싱거워서 아쉬웠지만 다른건 너무너무 맛있었어여ㅎㅎㅎㅎ 앞으로도 자주시켜먹을게요","polarity":{"com":0.00983288071463689,"pos":0.31602719643985816,"neg":0.46504799062375174,"neut":0.08321524700297196,"none":0.12587668521878131},"intensity":{"high":0.08913019010077641,"low":0.12083804234851156,"meium":0.663833332024012,"none":0.12619843552670007},"expressive":{"dir-action":0.0023058773211815133,"dir-explicit":0.2149035218341175,"dir-speech":0.3430258952489616,"indirect":0.2878576532548724,"writing-device":0.1519070523408671}},{"id":"레스투고","permalink":"","username":"asdfg","text":"거짓말 안할게요\n여기 주변 도시락집 거의 다 먹어봤는데 여기가 제일 맛있습니다.\n가격이 있는 편이기는 하나 고기의 양도 많습니다.\n불맛이 은은히 나는 것도 정말 좋구요\n만족합니다!","date":"Mon Dec 10 23:59:44 +0000 2018","retweets":"30","favorites":"20","mentions":[],"hashtags":[],"geo":"","raw":"거짓말 안할게요\n여기 주변 도시락집 거의 다 먹어봤는데 여기가 제일 맛있습니다.\n가격이 있는 편이기는 하나 고기의 양도 많습니다.\n불맛이 은은히 나는 것도 정말 좋구요\n만족합니다!","polarity":{"com":0.0016637300000978661,"pos":0.47100945749829476,"neg":0.36243170390367246,"neut":0.10087196171181599,"none":0.06402314688611901},"intensity":{"high":0.05305224240864397,"low":0.06555660976084962,"meium":0.8172414987166329,"none":0.06414964911387355},"expressive":{"dir-action":0.0003795066470364996,"dir-explicit":0.2959436462767092,"dir-speech":0.4971977500884001,"indirect":0.14152224328579283,"writing-device":0.06495685370206136}},{"id":"레스투고","permalink":"","username":"asdfg","text":"20분걸린다매요ㅠㅠ이틀 연속 시켜먹는데 너무해","date":"Mon Dec 10 23:59:44 +0000 2018","retweets":"30","favorites":"20","mentions":[],"hashtags":[],"geo":"","raw":"20분걸린다매요ㅠㅠ이틀 연속 시켜먹는데 너무해","polarity":{"com":0.035714285750000005,"pos":0.11904761900000001,"neg":0.84523809525,"neut":0,"none":0},"intensity":{"high":0.0634920635,"low":0.09126984125,"meium":0.8452380952499999,"none":0},"expressive":{"dir-action":0,"dir-explicit":0.44841269825,"dir-speech":0.265873016,"indirect":0.28571428575,"writing-device":0}},{"id":"레스투고","permalink":"","username":"asdfg","text":"설명이 없어서ㅋㅋ 메뉴에 설명좀 넣어주세요 \n맛은있네요 국물도 좀 주심좋겠은대ㅠㅠㅜ","date":"Mon Dec 10 23:59:44 +0000 2018","retweets":"30","favorites":"20","mentions":[],"hashtags":[],"geo":"","raw":"설명이 없어서ㅋㅋ 메뉴에 설명좀 넣어주세요 \n맛은있네요 국물도 좀 주심좋겠은대ㅠㅠㅜ","polarity":{"com":0.0022959182857142857,"pos":0.512708006142857,"neg":0.24044740985714283,"neut":0.02912087914285714,"none":0.2154277865714286},"intensity":{"high":0.13777472528571427,"low":0.029693877571428568,"meium":0.6171036105714286,"none":0.21542778657142858},"expressive":{"dir-action":0,"dir-explicit":0.2337127157903678,"dir-speech":0.44142464673102155,"indirect":0.1104552591112985,"writing-device":0.2144073783673122}}]