[{"id":"피자아이","permalink":"","username":"asdfg","text":"너무 맛있어서 사진찍는걸 잊었어요두께감도 있고 토핑도 실해요고구마,치즈 하프앤하프로 주문했는데여느 브랜드피자보다 훨씬 충실한! 후회하지않는 맛이예요자주 먹게 될것같아요","date":"Mon Dec 10 23:59:44 +0000 2018","retweets":"30","favorites":"20","mentions":[],"hashtags":[],"geo":"","raw":"너무 맛있어서 사진찍는걸 잊었어요두께감도 있고 토핑도 실해요고구마,치즈 하프앤하프로 주문했는데여느 브랜드피자보다 훨씬 충실한! 후회하지않는 맛이예요자주 먹게 될것같아요","polarity":{"com":0.01816014449610854,"pos":0.5021633963923936,"neg":0.3229294149308008,"neut":0.05259457020301545,"none":0.10415247397768161},"intensity":{"high":0.10076897213565936,"low":0.1367921250616577,"meium":0.6579792090958586,"none":0.10445969370682431},"expressive":{"dir-action":0.0009216589998025016,"dir-explicit":0.29177597550890516,"dir-speech":0.4215542545525241,"indirect":0.1794104232472692,"writing-device":0.10633768769149905}},{"id":"피자아이","permalink":"","username":"asdfg","text":"정말 잘 먹었습니다!","date":"Mon Dec 10 23:59:44 +0000 2018","retweets":"30","favorites":"20","mentions":[],"hashtags":[],"geo":"","raw":"정말 잘 먹었습니다!","polarity":{"com":0,"pos":0.5416666665000001,"neg":0.3333333335,"neut":0,"none":0.125},"intensity":{"high":0.3055555555,"low":0.111111111,"meium":0.4583333335,"none":0.125},"expressive":{"dir-action":0,"dir-explicit":0.361111111,"dir-speech":0.513888889,"indirect":0,"writing-device":0.125}},{"id":"피자아이","permalink":"","username":"asdfg","text":"언제나 늘 맛있게먹어요 ㅎㅎㅎㅎ","date":"Mon Dec 10 23:59:44 +0000 2018","retweets":"30","favorites":"20","mentions":[],"hashtags":[],"geo":"","raw":"언제나 늘 맛있게먹어요 ㅎㅎㅎㅎ","polarity":{"com":0,"pos":0.1666666665,"neg":0.8333333334999999,"neut":0,"none":0},"intensity":{"high":0.0555555555,"low":0.111111111,"meium":0.8333333334999999,"none":0},"expressive":{"dir-action":0,"dir-explicit":0.111111111,"dir-speech":0.888888889,"indirect":0,"writing-device":0}},{"id":"피자아이","permalink":"","username":"asdfg","text":"그전보단 못하는거같아요ㅠㅠ","date":"Mon Dec 10 23:59:44 +0000 2018","retweets":"30","favorites":"20","mentions":[],"hashtags":[],"geo":"","raw":"그전보단 못하는거같아요ㅠㅠ","polarity":{"com":0.06818181803409092,"pos":0.15909090907954546,"neg":0.7045454548522728,"neut":0.022727272511363635,"none":0.04545454552272727},"intensity":{"high":0.0454545455,"low":0.0227272725,"meium":0.8863636365,"none":0.0454545455},"expressive":{"dir-action":0,"dir-explicit":0.0227272725,"dir-speech":0.38636363650000005,"indirect":0.0454545455,"writing-device":0.5454545454999999}},{"id":"피자아이","permalink":"","username":"asdfg","text":"배달도 빠르고 맛도 좋아용^^","date":"Mon Dec 10 23:59:44 +0000 2018","retweets":"30","favorites":"20","mentions":[],"hashtags":[],"geo":"","raw":"배달도 빠르고 맛도 좋아용^^","polarity":{"com":0,"pos":0.98,"neg":0.01,"neut":0,"none":0.01},"intensity":{"high":0.05,"low":0.09333333325,"meium":0.84666666675,"none":0.01},"expressive":{"dir-action":0,"dir-explicit":0.15,"dir-speech":0.55,"indirect":0.29,"writing-device":0.01}},{"id":"피자아이","permalink":"","username":"asdfg","text":"존맛!입니다","date":"Mon Dec 10 23:59:44 +0000 2018","retweets":"30","favorites":"20","mentions":[],"hashtags":[],"geo":"","raw":"존맛!입니다!!!!!!!!!!!","polarity":{"com":0.0114379085,"pos":0.6928104575,"neg":0.138888889,"neut":0.045751634,"none":0.111111111},"intensity":{"high":0.06372549003186273,"low":0.04084967302042484,"meium":0.7843137258921569,"none":0.11111111105555554},"expressive":{"dir-action":0,"dir-explicit":0.209150327,"dir-speech":0.6013071895,"indirect":0.068627451,"writing-device":0.1209150325}},{"id":"피자아이","permalink":"","username":"asdfg","text":"빨간누들떡볶이는 양념이제스탈아니네용 로제만 시켜먹는걸로 ...!","date":"Mon Dec 10 23:59:44 +0000 2018","retweets":"30","favorites":"20","mentions":[],"hashtags":[],"geo":"","raw":"빨간누들떡볶이는 양념이제스탈아니네용 로제만 시켜먹는걸로 ...!","polarity":{"com":0.07142857142857142,"pos":0.34700854693880345,"neg":0.3523809525409523,"neut":0.04200244181680097,"none":0.1871794872748718},"intensity":{"high":0.06178266179999999,"low":0.11819291800000001,"meium":0.632844933,"none":0.18717948720000002},"expressive":{"dir-action":0,"dir-explicit":0.22551892564510378,"dir-speech":0.47350427349470087,"indirect":0.11098901102219781,"writing-device":0.18998778983799758}},{"id":"피자아이","permalink":"","username":"asdfg","text":"배달도 빠르고 맛있어요 ","date":"Mon Dec 10 23:59:44 +0000 2018","retweets":"30","favorites":"20","mentions":[],"hashtags":[],"geo":"","raw":"배달도 빠르고 맛있어요 ","polarity":{"com":0,"pos":0.6666666666666666,"neg":0.3333333333333333,"neut":0,"none":0},"intensity":{"high":0,"low":0.111111111,"meium":0.888888889,"none":0},"expressive":{"dir-action":0,"dir-explicit":0,"dir-speech":0.6666666666666666,"indirect":0.3333333333333333,"writing-device":0}},{"id":"피자아이","permalink":"","username":"asdfg","text":"맛있어요~~^^단골될듯\n배달속도도 괜찮아여","date":"Mon Dec 10 23:59:44 +0000 2018","retweets":"30","favorites":"20","mentions":[],"hashtags":[],"geo":"","raw":"맛있어요~~^^단골될듯\n배달속도도 괜찮아여","polarity":{"com":0,"pos":0.6333333333999999,"neg":0.33333333319999997,"neut":0,"none":0.03333333339999999},"intensity":{"high":0,"low":0.03333333339333333,"meium":0.9333333332133332,"none":0.03333333339333333},"expressive":{"dir-action":0,"dir-explicit":0.03333333339999999,"dir-speech":0.3999999999999999,"indirect":0.5333333332,"writing-device":0.03333333339999999}},{"id":"피자아이","permalink":"","username":"asdfg","text":"해당 리뷰는 배달통 운영 원칙에 따라 블라인드 처리 되었습니다.","date":"Mon Dec 10 23:59:44 +0000 2018","retweets":"30","favorites":"20","mentions":[],"hashtags":[],"geo":"","raw":"해당 리뷰는 배달통 운영 원칙에 따라 블라인드 처리 되었습니다.","polarity":{"com":0,"pos":0.4126984127063492,"neg":0.3075396826537698,"neut":0.2043650793521825,"none":0.07539682528769841},"intensity":{"high":0.035714285750000005,"low":0.08730158725,"meium":0.80158730175,"none":0.07539682525000001},"expressive":{"dir-action":0,"dir-explicit":0.44246031761061505,"dir-speech":0.2777777778194444,"indirect":0.20039682530009917,"writing-device":0.07936507926984127}},{"id":"피자아이","permalink":"","username":"asdfg","text":"피자피자아아아아아아","date":"Mon Dec 10 23:59:44 +0000 2018","retweets":"30","favorites":"20","mentions":[],"hashtags":[],"geo":"","raw":"피자피자아아아아아아","polarity":{"com":null,"pos":null,"neg":null,"neut":null,"none":null},"intensity":{"high":null,"low":null,"meium":null,"none":null},"expressive":{"dir-action":null,"dir-explicit":null,"dir-speech":null,"indirect":null,"writing-device":null}},{"id":"피자아이","permalink":"","username":"asdfg","text":"None","date":"Mon Dec 10 23:59:44 +0000 2018","retweets":"30","favorites":"20","mentions":[],"hashtags":[],"geo":"","raw":"","polarity":{"com":null,"pos":null,"neg":null,"neut":null,"none":null},"intensity":{"high":null,"low":null,"meium":null,"none":null},"expressive":{"dir-action":null,"dir-explicit":null,"dir-speech":null,"indirect":null,"writing-device":null}},{"id":"피자아이","permalink":"","username":"asdfg","text":"배달도빠르고맛있어요","date":"Mon Dec 10 23:59:44 +0000 2018","retweets":"30","favorites":"20","mentions":[],"hashtags":[],"geo":"","raw":"배달도빠르고맛있어요","polarity":{"com":0,"pos":0.6666666666666666,"neg":0.3333333333333333,"neut":0,"none":0},"intensity":{"high":0,"low":0.111111111,"meium":0.888888889,"none":0},"expressive":{"dir-action":0,"dir-explicit":0,"dir-speech":0.6666666666666666,"indirect":0.3333333333333333,"writing-device":0}},{"id":"피자아이","permalink":"","username":"asdfg","text":"배달도 빠르고맛있어요","date":"Mon Dec 10 23:59:44 +0000 2018","retweets":"30","favorites":"20","mentions":[],"hashtags":[],"geo":"","raw":"배달도 빠르고맛있어요","polarity":{"com":0,"pos":0.6666666666666666,"neg":0.3333333333333333,"neut":0,"none":0},"intensity":{"high":0,"low":0.111111111,"meium":0.888888889,"none":0},"expressive":{"dir-action":0,"dir-explicit":0,"dir-speech":0.6666666666666666,"indirect":0.3333333333333333,"writing-device":0}},{"id":"피자아이","permalink":"","username":"asdfg","text":"양도 적당하고 맛있어요~~","date":"Mon Dec 10 23:59:44 +0000 2018","retweets":"30","favorites":"20","mentions":[],"hashtags":[],"geo":"","raw":"양도 적당하고 맛있어요~~","polarity":{"com":0,"pos":0.5,"neg":0.5,"neut":0,"none":0},"intensity":{"high":0,"low":0,"meium":1,"none":0},"expressive":{"dir-action":0,"dir-explicit":0,"dir-speech":0.5,"indirect":0.5,"writing-device":0}},{"id":"피자아이","permalink":"","username":"asdfg","text":"양파칙힌  양파칙힌  양파","date":"Mon Dec 10 23:59:44 +0000 2018","retweets":"30","favorites":"20","mentions":[],"hashtags":[],"geo":"","raw":"양파칙힌  양파칙힌  양파","polarity":{"com":null,"pos":null,"neg":null,"neut":null,"none":null},"intensity":{"high":null,"low":null,"meium":null,"none":null},"expressive":{"dir-action":null,"dir-explicit":null,"dir-speech":null,"indirect":null,"writing-device":null}},{"id":"피자아이","permalink":"","username":"asdfg","text":"완전 맛있어요~~~굿","date":"Mon Dec 10 23:59:44 +0000 2018","retweets":"30","favorites":"20","mentions":[],"hashtags":[],"geo":"","raw":"완전 맛있어요~~~굿","polarity":{"com":0,"pos":0.75,"neg":0.25,"neut":0,"none":0},"intensity":{"high":0,"low":0,"meium":1,"none":0},"expressive":{"dir-action":0,"dir-explicit":0.25,"dir-speech":0,"indirect":0.75,"writing-device":0}},{"id":"피자아이","permalink":"","username":"asdfg","text":"맛임ㅅ다아아아아아아아아","date":"Mon Dec 10 23:59:44 +0000 2018","retweets":"30","favorites":"20","mentions":[],"hashtags":[],"geo":"","raw":"맛임ㅅ다아아아아아아아아","polarity":{"com":0,"pos":0.7272727271363637,"neg":0.18181818190909094,"neut":0.045454545477272734,"none":0.045454545477272734},"intensity":{"high":0.0454545455,"low":0.090909091,"meium":0.818181818,"none":0.0454545455},"expressive":{"dir-action":0,"dir-explicit":0.13636363643181817,"dir-speech":0.6818181816590909,"indirect":0.09090909095454545,"writing-device":0.09090909095454545}},{"id":"피자아이","permalink":"","username":"asdfg","text":"피자 맛있었어요~~~ㆍ~","date":"Mon Dec 10 23:59:44 +0000 2018","retweets":"30","favorites":"20","mentions":[],"hashtags":[],"geo":"","raw":"피자 맛있었어요~~~ㆍ~","polarity":{"com":0,"pos":0,"neg":1,"neut":0,"none":0},"intensity":{"high":0,"low":0,"meium":1,"none":0},"expressive":{"dir-action":0,"dir-explicit":0,"dir-speech":1,"indirect":0,"writing-device":0}},{"id":"피자아이","permalink":"","username":"asdfg","text":"굿굿 너무 좋아용 ~~마시성ㅅㅇ","date":"Mon Dec 10 23:59:44 +0000 2018","retweets":"30","favorites":"20","mentions":[],"hashtags":[],"geo":"","raw":"굿굿 너무 좋아용 ~~마시성ㅅㅇ","polarity":{"com":0.0714285715,"pos":0.5714285715,"neg":0.357142857,"neut":0,"none":0},"intensity":{"high":0.07142857150000001,"low":0.07142857150000001,"meium":0.857142857,"none":0},"expressive":{"dir-action":0,"dir-explicit":0.2857142855,"dir-speech":0.142857143,"indirect":0.5714285715,"writing-device":0}},{"id":"피자아이","permalink":"","username":"asdfg","text":"좋아요 ㅎㅎ 마싯어서 애용할거갘앵ㅅ","date":"Mon Dec 10 23:59:44 +0000 2018","retweets":"30","favorites":"20","mentions":[],"hashtags":[],"geo":"","raw":"좋아요 ㅎㅎ 마싯어서 애용할거갘앵ㅅ","polarity":{"com":0,"pos":0.64,"neg":0.3466666666666667,"neut":0,"none":0.013333333333333334},"intensity":{"high":0.06666666666666667,"low":0.013333333333333334,"meium":0.9066666666666666,"none":0.013333333333333334},"expressive":{"dir-action":0,"dir-explicit":0.20000000000000004,"dir-speech":0.2333333333333333,"indirect":0.3866666666666667,"writing-device":0.18000000000000002}},{"id":"피자아이","permalink":"","username":"asdfg","text":"오 이집 요리게에서 추천해주던뎅 다음주엔 너닷 ㅋ  부디 냄새 안나는 신선한닭이길~~","date":"Mon Dec 10 23:59:44 +0000 2018","retweets":"30","favorites":"20","mentions":[],"hashtags":[],"geo":"","raw":"오 이집 요리게에서 추천해주던뎅 다음주엔 너닷 ㅋ  부디 냄새 안나는 신선한닭이길~~","polarity":{"com":0.0030030030003753757,"pos":0.49349125918668646,"neg":0.4745482089343186,"neut":0.01603389100200424,"none":0.012923637876615456},"intensity":{"high":0.20573251825,"low":0.0945878915,"meium":0.686380577,"none":0.01329901325},"expressive":{"dir-action":0.000375375375,"dir-explicit":0.090130308875,"dir-speech":0.375844594625,"indirect":0.518366580875,"writing-device":0.015283140249999999}},{"id":"피자아이","permalink":"","username":"asdfg","text":"적리이이이이이이이입","date":"Mon Dec 10 23:59:44 +0000 2018","retweets":"30","favorites":"20","mentions":[],"hashtags":[],"geo":"","raw":"적리이이이이이이이입","polarity":{"com":null,"pos":null,"neg":null,"neut":null,"none":null},"intensity":{"high":null,"low":null,"meium":null,"none":null},"expressive":{"dir-action":null,"dir-explicit":null,"dir-speech":null,"indirect":null,"writing-device":null}},{"id":"피자아이","permalink":"","username":"asdfg","text":"마싱따 근데 감튀가 없다","date":"Mon Dec 10 23:59:44 +0000 2018","retweets":"30","favorites":"20","mentions":[],"hashtags":[],"geo":"","raw":"마싱따 근데 감튀가 없다","polarity":{"com":0,"pos":0.27777777772222223,"neg":0.5555555554444445,"neut":0.05555555594444445,"none":0.1111111108888889},"intensity":{"high":0.166666667,"low":0.111111111,"meium":0.611111111,"none":0.111111111},"expressive":{"dir-action":0,"dir-explicit":0.5555555554444445,"dir-speech":0.16666666683333334,"indirect":0.16666666683333334,"writing-device":0.1111111108888889}},{"id":"피자아이","permalink":"","username":"asdfg","text":"나만 쓰는가보다.....;;;;","date":"Mon Dec 10 23:59:44 +0000 2018","retweets":"30","favorites":"20","mentions":[],"hashtags":[],"geo":"","raw":"나만 쓰는가보다.....;;;;","polarity":{"com":0.024291939,"pos":0.4739948503333333,"neg":0.366835017,"neut":0.060804119666666656,"none":0.07407407399999999},"intensity":{"high":0.08945335702981778,"low":0.07420281235806761,"meium":0.7622697565874232,"none":0.07407407402469136},"expressive":{"dir-action":0.03030303033333333,"dir-explicit":0.20306991500000002,"dir-speech":0.5326896413333334,"indirect":0.15332739166666667,"writing-device":0.08061002166666667}},{"id":"피자아이","permalink":"","username":"asdfg","text":"피자두 맛있어요~ 콤보","date":"Mon Dec 10 23:59:44 +0000 2018","retweets":"30","favorites":"20","mentions":[],"hashtags":[],"geo":"","raw":"피자두 맛있어요~ 콤보","polarity":{"com":0.020833333489583335,"pos":0.20833333339583338,"neg":0.7083333331458334,"neut":0.04166666647916667,"none":0.020833333489583335},"intensity":{"high":0.0833333335,"low":0.0416666665,"meium":0.8541666665000001,"none":0.0208333335},"expressive":{"dir-action":0,"dir-explicit":0.16666666658333332,"dir-speech":0.7291666668645833,"indirect":0.06250000003125,"writing-device":0.041666666520833326}},{"id":"피자아이","permalink":"","username":"asdfg","text":"시켰당 맛있당 주말마다 먹는당","date":"Mon Dec 10 23:59:44 +0000 2018","retweets":"30","favorites":"20","mentions":[],"hashtags":[],"geo":"","raw":"시켰당 맛있당 주말마다 먹는당","polarity":{"com":0,"pos":0.25,"neg":0.75,"neut":0,"none":0},"intensity":{"high":0,"low":0,"meium":1,"none":0},"expressive":{"dir-action":0,"dir-explicit":0.25,"dir-speech":0.75,"indirect":0,"writing-device":0}},{"id":"피자아이","permalink":"","username":"asdfg","text":"얌냐암 맛있어~~~~~^^","date":"Mon Dec 10 23:59:44 +0000 2018","retweets":"30","favorites":"20","mentions":[],"hashtags":[],"geo":"","raw":"얌냐암 맛있어~~~~~^^","polarity":{"com":0,"pos":0,"neg":1,"neut":0,"none":0},"intensity":{"high":0,"low":0,"meium":1,"none":0},"expressive":{"dir-action":0,"dir-explicit":0,"dir-speech":1,"indirect":0,"writing-device":0}},{"id":"피자아이","permalink":"","username":"asdfg","text":"얌냐암 맛있어~~~~~^^","date":"Mon Dec 10 23:59:44 +0000 2018","retweets":"30","favorites":"20","mentions":[],"hashtags":[],"geo":"","raw":"얌냐암 맛있어~~~~~^^","polarity":{"com":0,"pos":0,"neg":1,"neut":0,"none":0},"intensity":{"high":0,"low":0,"meium":1,"none":0},"expressive":{"dir-action":0,"dir-explicit":0,"dir-speech":1,"indirect":0,"writing-device":0}},{"id":"피자아이","permalink":"","username":"asdfg","text":"그럭 저럭 먹을만 하네요~~!!","date":"Mon Dec 10 23:59:44 +0000 2018","retweets":"30","favorites":"20","mentions":[],"hashtags":[],"geo":"","raw":"그럭 저럭 먹을만 하네요~~!!","polarity":{"com":0,"pos":0.458333333,"neg":0.3333333335,"neut":0,"none":0.2083333335},"intensity":{"high":0.097222222,"low":0.111111111,"meium":0.5833333334999999,"none":0.2083333335},"expressive":{"dir-action":0,"dir-explicit":0.2777777775,"dir-speech":0.388888889,"indirect":0.125,"writing-device":0.2083333335}},{"id":"피자아이","permalink":"","username":"asdfg","text":"지겹게먹네ㅋㅋㅋㅋㅋㅋ","date":"Mon Dec 10 23:59:44 +0000 2018","retweets":"30","favorites":"20","mentions":[],"hashtags":[],"geo":"","raw":"지겹게먹네ㅋㅋㅋㅋㅋㅋ","polarity":{"com":0,"pos":0.1666666665,"neg":0.8333333334999999,"neut":0,"none":0},"intensity":{"high":0.0555555555,"low":0.111111111,"meium":0.8333333334999999,"none":0},"expressive":{"dir-action":0,"dir-explicit":0.111111111,"dir-speech":0.888888889,"indirect":0,"writing-device":0}},{"id":"피자아이","permalink":"","username":"asdfg","text":"일주일에 한 두번 꼭 먹네 ","date":"Mon Dec 10 23:59:44 +0000 2018","retweets":"30","favorites":"20","mentions":[],"hashtags":[],"geo":"","raw":"일주일에 한 두번 꼭 먹네 ","polarity":{"com":0,"pos":0.2916666665,"neg":0.6458333334999999,"neut":0.0625,"none":0},"intensity":{"high":0.2430555555,"low":0.111111111,"meium":0.6458333334999999,"none":0},"expressive":{"dir-action":0,"dir-explicit":0.23611111099999998,"dir-speech":0.701388889,"indirect":0.0625,"writing-device":0}},{"id":"피자아이","permalink":"","username":"asdfg","text":"맛있어요ㅠㅠ완전좋아정말","date":"Mon Dec 10 23:59:44 +0000 2018","retweets":"30","favorites":"20","mentions":[],"hashtags":[],"geo":"","raw":"맛있어요ㅠㅠ완전좋아정말","polarity":{"com":0,"pos":0.4166666666666667,"neg":0.5,"neut":0,"none":0.08333333333333333},"intensity":{"high":0.16666666666666666,"low":0,"meium":0.75,"none":0.08333333333333333},"expressive":{"dir-action":0,"dir-explicit":0.3333333333333333,"dir-speech":0.4166666666666667,"indirect":0.16666666666666666,"writing-device":0.08333333333333333}},{"id":"피자아이","permalink":"","username":"asdfg","text":"젤좋아 맛이쪙ㅠㅠㅠㅠㅠ후라이드","date":"Mon Dec 10 23:59:44 +0000 2018","retweets":"30","favorites":"20","mentions":[],"hashtags":[],"geo":"","raw":"젤좋아 맛이쪙ㅠㅠㅠㅠㅠ후라이드","polarity":{"com":0,"pos":0.96,"neg":0.02,"neut":0,"none":0.02},"intensity":{"high":0.1,"low":0.02,"meium":0.86,"none":0.02},"expressive":{"dir-action":0,"dir-explicit":0.30000000000000004,"dir-speech":0.6000000000000001,"indirect":0.08000000000000002,"writing-device":0.020000000000000004}},{"id":"피자아이","permalink":"","username":"asdfg","text":"양 푸짐하고 맛좋은곳이에요!!","date":"Mon Dec 10 23:59:44 +0000 2018","retweets":"30","favorites":"20","mentions":[],"hashtags":[],"geo":"","raw":"양 푸짐하고 맛좋은곳이에요!!","polarity":{"com":0.06356356364547881,"pos":0.7042042040985986,"neg":0.1576576576141141,"neut":0.0665665666444778,"none":0.008008007997330664},"intensity":{"high":0.09359359366666666,"low":0.028028028,"meium":0.8693693693333334,"none":0.009009009},"expressive":{"dir-action":0.0010010010000000003,"dir-explicit":0.2707707706666667,"dir-speech":0.53003003,"indirect":0.18918918933333334,"writing-device":0.009009009}},{"id":"피자아이","permalink":"","username":"asdfg","text":"여긴 다 맛있었어 냠냠냠","date":"Mon Dec 10 23:59:44 +0000 2018","retweets":"30","favorites":"20","mentions":[],"hashtags":[],"geo":"","raw":"여긴 다 맛있었어 냠냠냠","polarity":{"com":0,"pos":0.6571428570000001,"neg":0.20000000000000004,"neut":0,"none":0.14285714300000002},"intensity":{"high":0.2428571428785714,"low":0.09999999995,"meium":0.5142857142428571,"none":0.1428571429285714},"expressive":{"dir-action":0,"dir-explicit":0.6142857141928572,"dir-speech":0.1428571429285714,"indirect":0.09999999995,"writing-device":0.1428571429285714}},{"id":"피자아이","permalink":"","username":"asdfg","text":"잘먹었어요! 색도 깔끔하고 맛도 괜찮구요!\n후라이드 싫어하는데 진짜 맛있게 먹었어요!","date":"Mon Dec 10 23:59:44 +0000 2018","retweets":"30","favorites":"20","mentions":[],"hashtags":[],"geo":"","raw":"잘먹었어요! 색도 깔끔하고 맛도 괜찮구요!\n후라이드 싫어하는데 진짜 맛있게 먹었어요!","polarity":{"com":0.0040040040006673345,"pos":0.4433719434072287,"neg":0.5312097812552016,"neut":0.017410267336235043,"none":0.0040040040006673345},"intensity":{"high":0.0375375375,"low":0.08676533666666665,"meium":0.8711926213333334,"none":0.0045045045},"expressive":{"dir-action":0.0005005005000000001,"dir-explicit":0.12480337466666667,"dir-speech":0.5017875018333334,"indirect":0.36840411850000004,"writing-device":0.0045045045}},{"id":"피자아이","permalink":"","username":"asdfg","text":"아그리고 무슨밑에 튀김옷.말하시는데;;완전위생적으로보이는데전혀지저분한맛도아니고 깔끔합니당ㅋㅋ 밑에분말대로 떡이랑감자튀김넣어주시는데 돈추가로하면더넣어주고이런거잇엇음좋겟어용ㅋㅋ","date":"Mon Dec 10 23:59:44 +0000 2018","retweets":"30","favorites":"20","mentions":[],"hashtags":[],"geo":"","raw":"아그리고 무슨밑에 튀김옷.말하시는데;;완전위생적으로보이는데전혀지저분한맛도아니고 깔끔합니당ㅋㅋ 밑에분말대로 떡이랑감자튀김넣어주시는데 돈추가로하면더넣어주고이런거잇엇음좋겟어용ㅋㅋ","polarity":{"com":0.027031900058823524,"pos":0.4544244988235293,"neg":0.4433622258235293,"neut":0.0167345944117647,"none":0.05844678088235294},"intensity":{"high":0.06938728234885959,"low":0.06278792970218895,"meium":0.8083485800700972,"none":0.05947620787885436},"expressive":{"dir-action":0.0010294270000605545,"dir-explicit":0.19934147259996127,"dir-speech":0.31877379072463374,"indirect":0.39061507208180085,"writing-device":0.09024023759354355}},{"id":"피자아이","permalink":"","username":"asdfg","text":"여기대박임니당.양완전많고 완전싸고 일반브랜드매장맛저리가라할정도로맛잇습니다 ㅋㅋ A세트 시켜서 다섯명이서먹엇음...입이다들좀짧긴합니다만. 그래도양은완전많고맛잇어용!♥","date":"Mon Dec 10 23:59:44 +0000 2018","retweets":"30","favorites":"20","mentions":[],"hashtags":[],"geo":"","raw":"여기대박임니당.양완전많고 완전싸고 일반브랜드매장맛저리가라할정도로맛잇습니다 ㅋㅋ A세트 시켜서 다섯명이서먹엇음...입이다들좀짧긴합니다만. 그래도양은완전많고맛잇어용!!!!!!!!!!♥","polarity":{"com":0.003730515214285714,"pos":0.5495726412857143,"neg":0.3608332652857143,"neut":0.02201726128571429,"none":0.06384631692857143},"intensity":{"high":0.06691540429049396,"low":0.06304962250450354,"meium":0.8047298830574807,"none":0.0653050901475218},"expressive":{"dir-action":0.0008210180714285714,"dir-explicit":0.2524282482142857,"dir-speech":0.4938384959285714,"indirect":0.17637405607142856,"writing-device":0.07653818171428571}},{"id":"피자아이","permalink":"","username":"asdfg","text":"해당 리뷰는 배달통 운영 원칙에 따라 블라인드 처리 되었습니다.","date":"Mon Dec 10 23:59:44 +0000 2018","retweets":"30","favorites":"20","mentions":[],"hashtags":[],"geo":"","raw":"해당 리뷰는 배달통 운영 원칙에 따라 블라인드 처리 되었습니다.","polarity":{"com":0,"pos":0.4126984127063492,"neg":0.3075396826537698,"neut":0.2043650793521825,"none":0.07539682528769841},"intensity":{"high":0.035714285750000005,"low":0.08730158725,"meium":0.80158730175,"none":0.07539682525000001},"expressive":{"dir-action":0,"dir-explicit":0.44246031761061505,"dir-speech":0.2777777778194444,"indirect":0.20039682530009917,"writing-device":0.07936507926984127}},{"id":"피자아이","permalink":"","username":"asdfg","text":"저번에 시켜먹엇는데 감자튀김이랑 떡넣어주시네요! \n오늘도시켜먹우려구요ㅋㅋ\n튀김옷안까맣던데ㅡ.ㅡ","date":"Mon Dec 10 23:59:44 +0000 2018","retweets":"30","favorites":"20","mentions":[],"hashtags":[],"geo":"","raw":"저번에 시켜먹엇는데 감자튀김이랑 떡넣어주시네요! \n오늘도시켜먹우려구요ㅋㅋ\n튀김옷안까맣던데ㅡ.ㅡ","polarity":{"com":0,"pos":0.711111111237037,"neg":0.17777777772592593,"neut":0.11111111103703702,"none":0},"intensity":{"high":0.06666666666666667,"low":0.28888888900000004,"meium":0.6444444443333334,"none":0},"expressive":{"dir-action":0,"dir-explicit":0.19999999999999998,"dir-speech":0.6222222223333334,"indirect":0.1777777776666667,"writing-device":0}},{"id":"피자아이","permalink":"","username":"asdfg","text":"일반치킨과는확실히차별화된맛을 느낄수잇네요 강추요!!~","date":"Mon Dec 10 23:59:44 +0000 2018","retweets":"30","favorites":"20","mentions":[],"hashtags":[],"geo":"","raw":"일반치킨과는확실히차별화된맛을 느낄수잇네요 강추요!!~","polarity":{"com":0.008960027168160004,"pos":0.5131065299188511,"neg":0.3261364370543561,"neut":0.05184862550864144,"none":0.09994838034999137},"intensity":{"high":0.058153471333333324,"low":0.17079703833333332,"meium":0.6676627629999999,"none":0.10338672733333332},"expressive":{"dir-action":0,"dir-explicit":0.3042836173333333,"dir-speech":0.43668699183333337,"indirect":0.15101545366666666,"writing-device":0.10801393716666667}}]