[{"id":"리츠델리 피자CESCO","permalink":"","username":"asdfg","text":"스바아아아아 돈아까워.다신안시켜먹을 ㅉㅉ","date":"Mon Dec 10 23:59:44 +0000 2018","retweets":"30","favorites":"20","mentions":[],"hashtags":[],"geo":"","raw":"스바아아아아 돈아까워.다신안시켜먹을 ㅉㅉ","polarity":{"com":0,"pos":0.49801587275,"neg":0.43055555575,"neut":0,"none":0.07142857150000001},"intensity":{"high":0.14087301592956347,"low":0.06944444446527777,"meium":0.718253968140873,"none":0.0714285714642857},"expressive":{"dir-action":0.013888888996527777,"dir-explicit":0.2599206349350198,"dir-speech":0.44642857138839287,"indirect":0.20833333319791666,"writing-device":0.07142857148214285}},{"id":"리츠델리 피자CESCO","permalink":"","username":"asdfg","text":"좋아요 ㅋㅋ\n맛이있네요 지금 또 시켰어요~~^^","date":"Mon Dec 10 23:59:44 +0000 2018","retweets":"30","favorites":"20","mentions":[],"hashtags":[],"geo":"","raw":"좋아요 ㅋㅋ\n맛이있네요 지금 또 시켰어요~~^^","polarity":{"com":0.00223214275,"pos":0.64815476175,"neg":0.21684523825000002,"neut":0.0089285715,"none":0.12383928575},"intensity":{"high":0.061160714250000005,"low":0.02339285725,"meium":0.79160714275,"none":0.12383928575},"expressive":{"dir-action":0,"dir-explicit":0.19910714275,"dir-speech":0.5180059525,"indirect":0.159047619,"writing-device":0.12383928575}},{"id":"리츠델리 피자CESCO","permalink":"","username":"asdfg","text":"생각보다 별로...","date":"Mon Dec 10 23:59:44 +0000 2018","retweets":"30","favorites":"20","mentions":[],"hashtags":[],"geo":"","raw":"생각보다 별로...","polarity":{"com":0,"pos":0.1875,"neg":0.4166666665,"neut":0.125,"none":0.2708333335},"intensity":{"high":0.0416666665,"low":0.125,"meium":0.5625,"none":0.2708333335},"expressive":{"dir-action":0,"dir-explicit":0.1875,"dir-speech":0.4791666665,"indirect":0.0625,"writing-device":0.2708333335}},{"id":"리츠델리 피자CESCO","permalink":"","username":"asdfg","text":"ㅋ아직 피자는 못받았는데 전화받는분 서비스 진짜 ㅋ 뭐 화나셨나봐요 ㅋ전화로 계속 짜증 ㅡㅡ 서비스개선 좀 제발 부탁;;;;","date":"Mon Dec 10 23:59:44 +0000 2018","retweets":"30","favorites":"20","mentions":[],"hashtags":[],"geo":"","raw":"ㅋㅋㅋㅋㅋㅋㅋㅋㅋㅋㅋ아직 피자는 못받았는데 전화받는분 서비스 진짜 ㅋㅋㅋㅋㅋㅋㅋㅋㅋㅋㅋㅋㅋㅋㅋㅋ 뭐 화나셨나봐요 ㅋㅋㅋㅋㅋㅋㅋㅋㅋㅋㅋㅋ전화로 계속 짜증 ㅡㅡ 서비스개선 좀 제발 부탁;;;;","polarity":{"com":0.003787878818181818,"pos":0.5909323650909091,"neg":0.3160196434545454,"neut":0.019166317545454545,"none":0.07009379509090909},"intensity":{"high":0.12067681427272729,"low":0.17731462081818183,"meium":0.6319147698181818,"none":0.0700937950909091},"expressive":{"dir-action":0,"dir-explicit":0.17537820601594345,"dir-speech":0.39127565985375234,"indirect":0.3580214588507292,"writing-device":0.07532467527957498}},{"id":"리츠델리 피자CESCO","permalink":"","username":"asdfg","text":"갈릭스테이크 피자 주문해서 먹었는데 생각했던 것보다 그렇게 느끼하지도 않고 도우가 특히 맛있더라구요 완전 만족하면서 먹었습니당ㅎㅎ 마늘향도 은은하게 나구 자꾸 생각나는 맛이네요~ 앞으로 종종 이용할게요 많이 파세요~","date":"Mon Dec 10 23:59:44 +0000 2018","retweets":"30","favorites":"20","mentions":[],"hashtags":[],"geo":"","raw":"갈릭스테이크 피자 주문해서 먹었는데 생각했던 것보다 그렇게 느끼하지도 않고 도우가 특히 맛있더라구요 완전 만족하면서 먹었습니당ㅎㅎ 마늘향도 은은하게 나구 자꾸 생각나는 맛이네요~ 앞으로 종종 이용할게요 많이 파세요~","polarity":{"com":0.004785738110845239,"pos":0.44104786597549733,"neg":0.38201383208988815,"neut":0.04214636710876965,"none":0.1300061967149997},"intensity":{"high":0.13466106794444446,"low":0.18326844155555555,"meium":0.5332121082777778,"none":0.14885838222222222},"expressive":{"dir-action":0.00033366699998146296,"dir-explicit":0.3323965740370891,"dir-speech":0.3974118057001437,"indirect":0.11398898904922283,"writing-device":0.15586896421356283}},{"id":"리츠델리 피자CESCO","permalink":"","username":"asdfg","text":"●갈릭스테이크 피자","date":"Mon Dec 10 23:59:44 +0000 2018","retweets":"30","favorites":"20","mentions":[],"hashtags":[],"geo":"","raw":"●갈릭스테이크 피자","polarity":{"com":null,"pos":null,"neg":null,"neut":null,"none":null},"intensity":{"high":null,"low":null,"meium":null,"none":null},"expressive":{"dir-action":null,"dir-explicit":null,"dir-speech":null,"indirect":null,"writing-device":null}},{"id":"리츠델리 피자CESCO","permalink":"","username":"asdfg","text":"담백하기 먹기좋아오^^","date":"Mon Dec 10 23:59:44 +0000 2018","retweets":"30","favorites":"20","mentions":[],"hashtags":[],"geo":"","raw":"담백하기 먹기좋아오^^","polarity":{"com":0,"pos":0.6266666665,"neg":0.3533333335,"neut":0,"none":0.02},"intensity":{"high":0.1555555555,"low":0.131111111,"meium":0.6933333335,"none":0.02},"expressive":{"dir-action":0,"dir-explicit":0.411111111,"dir-speech":0.48888888900000005,"indirect":0.08,"writing-device":0.02}},{"id":"리츠델리 피자CESCO","permalink":"","username":"asdfg","text":"완전 맛있어요! \n친절하시고 ㅠㅠ 크림스파게이 대박 ㅠㅠㅠㅠㅠㅠ\n내일 똫시켜먹러어지ㅠㅠㅜ","date":"Mon Dec 10 23:59:44 +0000 2018","retweets":"30","favorites":"20","mentions":[],"hashtags":[],"geo":"","raw":"완전 맛있어요! \n친절하시고 ㅠㅠ 크림스파게이 대박 ㅠㅠㅠㅠㅠㅠ\n내일 똫시켜먹러어지ㅠㅠㅜ","polarity":{"com":0.003870967799999999,"pos":0.4921146952,"neg":0.48164874559999993,"neut":0.016774193599999997,"none":0.005591397799999999},"intensity":{"high":0.06129032258774194,"low":0.034336917593132614,"meium":0.8983512544203297,"none":0.006021505398795699},"expressive":{"dir-action":0.0124014338,"dir-explicit":0.6405734768,"dir-speech":0.1033691756,"indirect":0.23806451600000003,"writing-device":0.0055913978}},{"id":"리츠델리 피자CESCO","permalink":"","username":"asdfg","text":"맛있네요 배달도 빨리 해주네요 대체로 만족합니다","date":"Mon Dec 10 23:59:44 +0000 2018","retweets":"30","favorites":"20","mentions":[],"hashtags":[],"geo":"","raw":"맛있네요 배달도 빨리 해주네요 대체로 만족합니다","polarity":{"com":0,"pos":0.19642857149999998,"neg":0.8035714285,"neut":0,"none":0},"intensity":{"high":0.10714285722321429,"low":0.07142857148214285,"meium":0.8214285712946429,"none":0},"expressive":{"dir-action":0,"dir-explicit":0.4464285715,"dir-speech":0.28571428575,"indirect":0.26785714275,"writing-device":0}},{"id":"리츠델리 피자CESCO","permalink":"","username":"asdfg","text":"단골가게 등록입니당! 시켜놓고 냉동시켜놓고 이따금씩 피자먹고시풀때 아침에 하나씩 먹어요ㅋㅋㅋ징하죠잉","date":"Mon Dec 10 23:59:44 +0000 2018","retweets":"30","favorites":"20","mentions":[],"hashtags":[],"geo":"","raw":"단골가게 등록입니당! 시켜놓고 냉동시켜놓고 이따금씩 피자먹고시풀때 아침에 하나씩 먹어요ㅋㅋㅋ징하죠잉","polarity":{"com":0.0024193548746975803,"pos":0.4988595631876426,"neg":0.4506516781936686,"neut":0.04457478011942815,"none":0.003494623624563172},"intensity":{"high":0.20244786572469403,"low":0.23610703809548667,"meium":0.5576816553052898,"none":0.0037634408745295706},"expressive":{"dir-action":0.007750896125,"dir-explicit":0.16614125125,"dir-speech":0.6113229065,"indirect":0.21129032250000002,"writing-device":0.003494623625}},{"id":"리츠델리 피자CESCO","permalink":"","username":"asdfg","text":"치즈가 풍성하니 맛있어요! 치즈크러스트로 먹으면 마지막까지 즐겁답니당♡ 오븐구이 치킨도 맛나용","date":"Mon Dec 10 23:59:44 +0000 2018","retweets":"30","favorites":"20","mentions":[],"hashtags":[],"geo":"","raw":"치즈가 풍성하니 맛있어요! 치즈크러스트로 먹으면 마지막까지 즐겁답니당♡ 오븐구이 치킨도 맛나용","polarity":{"com":0.0070034319999999995,"pos":0.5101351351428571,"neg":0.395118588,"neut":0.01823941285714286,"none":0.069503432},"intensity":{"high":0.11125666485714285,"low":0.07539069671428571,"meium":0.7421446957142858,"none":0.07120794271428572},"expressive":{"dir-action":0.0004290004285101428,"dir-explicit":0.3707498313756072,"dir-speech":0.35433826680652303,"indirect":0.20557087711348987,"writing-device":0.0689120242758697}},{"id":"리츠델리 피자CESCO","permalink":"","username":"asdfg","text":"델리시리즈.. 이름은 다른데 아마도 같은 집인듯, .사실 처음 들어본 곳이라 혹시나 하고 시켰었는데...참 괜찮은 곳인듯...까탈스런 울 딸이 만족해하니... 치킨 피자 스파게티 까지 맛이 좋아 밤에 과식을 하게돤다 ㅋㅋ","date":"Mon Dec 10 23:59:44 +0000 2018","retweets":"30","favorites":"20","mentions":[],"hashtags":[],"geo":"","raw":"델리시리즈.. 이름은 다른데 아마도 같은 집인듯, .사실 처음 들어본 곳이라 혹시나 하고 시켰었는데...참 괜찮은 곳인듯...까탈스런 울 딸이 만족해하니... 치킨 피자 스파게티 까지 맛이 좋아 밤에 과식을 하게돤다 ㅋㅋ","polarity":{"com":0.04412285652631579,"pos":0.5231033111578948,"neg":0.24591882410526314,"neut":0.07831703289473683,"none":0.10853797531578947},"intensity":{"high":0.16057383646523296,"low":0.06265772652301801,"meium":0.6650012993860526,"none":0.11176713762569647},"expressive":{"dir-action":0.0008368178422373921,"dir-explicit":0.3392520948956714,"dir-speech":0.39251365979881797,"indirect":0.15191410286609172,"writing-device":0.11548332459718157}},{"id":"리츠델리 피자CESCO","permalink":"","username":"asdfg","text":"아무생각없이시켜봤는데 갠춘하네요","date":"Mon Dec 10 23:59:44 +0000 2018","retweets":"30","favorites":"20","mentions":[],"hashtags":[],"geo":"","raw":"아무생각없이시켜봤는데 갠춘하네요","polarity":{"com":0.0114379085,"pos":0.38031045750000003,"neg":0.3055555555,"neut":0.17075163399999999,"none":0.1319444445},"intensity":{"high":0.10539215655269608,"low":0.16584967308292484,"meium":0.5968137257984069,"none":0.13194444456597224},"expressive":{"dir-action":0,"dir-explicit":0.396650327,"dir-speech":0.330473856,"indirect":0.131127451,"writing-device":0.14174836600000001}},{"id":"리츠델리 피자CESCO","permalink":"","username":"asdfg","text":"맛잇음 ㅋ담에또시킬께요 마니파시구수고하세욤","date":"Mon Dec 10 23:59:44 +0000 2018","retweets":"30","favorites":"20","mentions":[],"hashtags":[],"geo":"","raw":"맛잇음 ㅋ담에또시킬께요 마니파시구수고하세욤","polarity":{"com":0,"pos":0.75,"neg":0.25,"neut":0,"none":0},"intensity":{"high":0,"low":0,"meium":1,"none":0},"expressive":{"dir-action":0,"dir-explicit":0,"dir-speech":0.75,"indirect":0.25,"writing-device":0}},{"id":"리츠델리 피자CESCO","permalink":"","username":"asdfg","text":"역시맛잇음 요\n쿠폰10장다모아가는데 미듐공짜로먹을거얌!!\n\n마니파세요^^","date":"Mon Dec 10 23:59:44 +0000 2018","retweets":"30","favorites":"20","mentions":[],"hashtags":[],"geo":"","raw":"역시맛잇음 요\n쿠폰10장다모아가는데 미듐공짜로먹을거얌!!\n\n마니파세요^^","polarity":{"com":0,"pos":0.36111111106018523,"neg":0.5277777779212963,"neut":0.05555555550925926,"none":0.05555555550925926},"intensity":{"high":0.01851851850308642,"low":0.0925925925154321,"meium":0.8333333334722223,"none":0.05555555550925926},"expressive":{"dir-action":0,"dir-explicit":0.0925925925154321,"dir-speech":0.601851851933642,"indirect":0.16666666669444444,"writing-device":0.13888888885648148}},{"id":"리츠델리 피자CESCO","permalink":"","username":"asdfg","text":"기대 안 했는데 짱 맛있어요 추천","date":"Mon Dec 10 23:59:44 +0000 2018","retweets":"30","favorites":"20","mentions":[],"hashtags":[],"geo":"","raw":"기대 안 했는데 짱 맛있어요 추천","polarity":{"com":0.0028735632499999994,"pos":0.4971264367499999,"neg":0.35057471274999996,"neut":0.10057471249999997,"none":0.048850574749999987},"intensity":{"high":0.14331896546417025,"low":0.0316091954920977,"meium":0.7733477010566631,"none":0.051724137987068965},"expressive":{"dir-action":0.002873563250718391,"dir-explicit":0.3110632183277658,"dir-speech":0.3534482758383621,"indirect":0.2751436783187859,"writing-device":0.05747126426436782}},{"id":"리츠델리 피자CESCO","permalink":"","username":"asdfg","text":"포테이토피자 미디움 이랑 사이다 시켰는데\n피자 맛있어요 ㅎ 배달도 빠른편이구여\n근데 포테이토피자인데 포테이토가 조금덜익은 것같아요 ㅠㅠ\n","date":"Mon Dec 10 23:59:44 +0000 2018","retweets":"30","favorites":"20","mentions":[],"hashtags":[],"geo":"","raw":"포테이토피자 미디움 이랑 사이다 시켰는데\n피자 맛있어요 ㅎ 배달도 빠른편이구여\n근데 포테이토피자인데 포테이토가 조금덜익은 것같아요 ㅠㅠ\n","polarity":{"com":0.005818994284883001,"pos":0.4838920416451583,"neg":0.3008142650998836,"neut":0.10896707169871898,"none":0.10050762727135604},"intensity":{"high":0.0411664665773095,"low":0.1460250765922893,"meium":0.7110253192444322,"none":0.10178313758596902},"expressive":{"dir-action":0,"dir-explicit":0.29514684667212193,"dir-speech":0.38527608008781766,"indirect":0.2162683255405331,"writing-device":0.10330874769952732}},{"id":"리츠델리 피자CESCO","permalink":"","username":"asdfg","text":"맛있어요. 맛있어요. 맛있어요","date":"Mon Dec 10 23:59:44 +0000 2018","retweets":"30","favorites":"20","mentions":[],"hashtags":[],"geo":"","raw":"맛있어요. 맛있어요. 맛있어요","polarity":{"com":0,"pos":0,"neg":1,"neut":0,"none":0},"intensity":{"high":0,"low":0,"meium":1,"none":0},"expressive":{"dir-action":0,"dir-explicit":0,"dir-speech":1,"indirect":0,"writing-device":0}},{"id":"리츠델리 피자CESCO","permalink":"","username":"asdfg","text":"여기맨날먹네요\n맛잇다맛잇다^^\n","date":"Mon Dec 10 23:59:44 +0000 2018","retweets":"30","favorites":"20","mentions":[],"hashtags":[],"geo":"","raw":"여기맨날먹네요\n맛잇다맛잇다^^\n","polarity":{"com":0,"pos":0.611111111,"neg":0.38888888899999996,"neut":0,"none":0},"intensity":{"high":0.037037037,"low":0.074074074,"meium":0.888888889,"none":0},"expressive":{"dir-action":0,"dir-explicit":0.074074074,"dir-speech":0.925925926,"indirect":0,"writing-device":0}},{"id":"리츠델리 피자CESCO","permalink":"","username":"asdfg","text":"여기맨날먹네요\n맛잇다맛잇다^^\n","date":"Mon Dec 10 23:59:44 +0000 2018","retweets":"30","favorites":"20","mentions":[],"hashtags":[],"geo":"","raw":"여기맨날먹네요\n맛잇다맛잇다^^\n","polarity":{"com":0,"pos":0.611111111,"neg":0.38888888899999996,"neut":0,"none":0},"intensity":{"high":0.037037037,"low":0.074074074,"meium":0.888888889,"none":0},"expressive":{"dir-action":0,"dir-explicit":0.074074074,"dir-speech":0.925925926,"indirect":0,"writing-device":0}},{"id":"리츠델리 피자CESCO","permalink":"","username":"asdfg","text":"여기맨날먹네요\n맛잇다맛잇다^^\n","date":"Mon Dec 10 23:59:44 +0000 2018","retweets":"30","favorites":"20","mentions":[],"hashtags":[],"geo":"","raw":"여기맨날먹네요\n맛잇다맛잇다^^\n","polarity":{"com":0,"pos":0.611111111,"neg":0.38888888899999996,"neut":0,"none":0},"intensity":{"high":0.037037037,"low":0.074074074,"meium":0.888888889,"none":0},"expressive":{"dir-action":0,"dir-explicit":0.074074074,"dir-speech":0.925925926,"indirect":0,"writing-device":0}},{"id":"리츠델리 피자CESCO","permalink":"","username":"asdfg","text":"여기맨날먹네요\n맛잇다맛잇다^^\n","date":"Mon Dec 10 23:59:44 +0000 2018","retweets":"30","favorites":"20","mentions":[],"hashtags":[],"geo":"","raw":"여기맨날먹네요\n맛잇다맛잇다^^\n","polarity":{"com":0,"pos":0.611111111,"neg":0.38888888899999996,"neut":0,"none":0},"intensity":{"high":0.037037037,"low":0.074074074,"meium":0.888888889,"none":0},"expressive":{"dir-action":0,"dir-explicit":0.074074074,"dir-speech":0.925925926,"indirect":0,"writing-device":0}},{"id":"리츠델리 피자CESCO","permalink":"","username":"asdfg","text":"여기맨날먹네요\n맛잇다맛잇다^^\n","date":"Mon Dec 10 23:59:44 +0000 2018","retweets":"30","favorites":"20","mentions":[],"hashtags":[],"geo":"","raw":"여기맨날먹네요\n맛잇다맛잇다^^\n","polarity":{"com":0,"pos":0.611111111,"neg":0.38888888899999996,"neut":0,"none":0},"intensity":{"high":0.037037037,"low":0.074074074,"meium":0.888888889,"none":0},"expressive":{"dir-action":0,"dir-explicit":0.074074074,"dir-speech":0.925925926,"indirect":0,"writing-device":0}},{"id":"리츠델리 피자CESCO","permalink":"","username":"asdfg","text":"역시맛나요 도우도그렇고파스타도 \n배달피자기대이상이요\n마니파세요","date":"Mon Dec 10 23:59:44 +0000 2018","retweets":"30","favorites":"20","mentions":[],"hashtags":[],"geo":"","raw":"역시맛나요 도우도그렇고파스타도 \n배달피자기대이상이요\n마니파세요","polarity":{"com":0.0028571428005714286,"pos":0.5523809523104762,"neg":0.13142857162628574,"neut":0.0723809522144762,"none":0.24095238104819047},"intensity":{"high":0.2821428572564286,"low":0.11238095222247618,"meium":0.36452380947290475,"none":0.24095238104819047},"expressive":{"dir-action":0,"dir-explicit":0.49095238090180954,"dir-speech":0.18666666656266667,"indirect":0.08428571438314286,"writing-device":0.23809523815238098}},{"id":"리츠델리 피자CESCO","permalink":"","username":"asdfg","text":"역시맛나요 도우도그렇고파스타도 \n배달피자기대이상이요\n마니파세요","date":"Mon Dec 10 23:59:44 +0000 2018","retweets":"30","favorites":"20","mentions":[],"hashtags":[],"geo":"","raw":"역시맛나요 도우도그렇고파스타도 \n배달피자기대이상이요\n마니파세요","polarity":{"com":0.0028571428005714286,"pos":0.5523809523104762,"neg":0.13142857162628574,"neut":0.0723809522144762,"none":0.24095238104819047},"intensity":{"high":0.2821428572564286,"low":0.11238095222247618,"meium":0.36452380947290475,"none":0.24095238104819047},"expressive":{"dir-action":0,"dir-explicit":0.49095238090180954,"dir-speech":0.18666666656266667,"indirect":0.08428571438314286,"writing-device":0.23809523815238098}},{"id":"리츠델리 피자CESCO","permalink":"","username":"asdfg","text":"역시맛나요 도우도그렇고파스타도 \n배달피자기대이상이요\n마니파세요","date":"Mon Dec 10 23:59:44 +0000 2018","retweets":"30","favorites":"20","mentions":[],"hashtags":[],"geo":"","raw":"역시맛나요 도우도그렇고파스타도 \n배달피자기대이상이요\n마니파세요","polarity":{"com":0.0028571428005714286,"pos":0.5523809523104762,"neg":0.13142857162628574,"neut":0.0723809522144762,"none":0.24095238104819047},"intensity":{"high":0.2821428572564286,"low":0.11238095222247618,"meium":0.36452380947290475,"none":0.24095238104819047},"expressive":{"dir-action":0,"dir-explicit":0.49095238090180954,"dir-speech":0.18666666656266667,"indirect":0.08428571438314286,"writing-device":0.23809523815238098}},{"id":"리츠델리 피자CESCO","permalink":"","username":"asdfg","text":"주문하는게 빠르고 편리하게 되어있네요","date":"Mon Dec 10 23:59:44 +0000 2018","retweets":"30","favorites":"20","mentions":[],"hashtags":[],"geo":"","raw":"주문하는게 빠르고 편리하게 되어있네요","polarity":{"com":0.014150943489386792,"pos":0.6904934684821298,"neg":0.21915820033563135,"neut":0.06204644420346516,"none":0.014150943489386792},"intensity":{"high":0.08055152397986212,"low":0.0812772134796807,"meium":0.8240203190439949,"none":0.014150943496462265},"expressive":{"dir-action":0,"dir-explicit":0.6901306240774674,"dir-speech":0.25798258343550434,"indirect":0.02830188674292453,"writing-device":0.02358490574410377}},{"id":"리츠델리 피자CESCO","permalink":"","username":"asdfg","text":"콘샐러드 진짜 조금주던데 당황햇어요ㅋㅋㄱㅋ\n 피자는 그냥 보통~~~~","date":"Mon Dec 10 23:59:44 +0000 2018","retweets":"30","favorites":"20","mentions":[],"hashtags":[],"geo":"","raw":"콘샐러드 진짜 조금주던데 당황햇어요ㅋㅋㄱㅋ\n 피자는 그냥 보통~~~~","polarity":{"com":0,"pos":0.10582010570194002,"neg":0.6693121695564374,"neut":0.19841269839947087,"none":0.026455026342151675},"intensity":{"high":0.010582010666666667,"low":0.5793650793333334,"meium":0.38359788366666664,"none":0.026455026333333336},"expressive":{"dir-action":0,"dir-explicit":0.7195767196666667,"dir-speech":0.22222222233333333,"indirect":0.026455026333333336,"writing-device":0.03174603166666667}},{"id":"리츠델리 피자CESCO","permalink":"","username":"asdfg","text":"식감은 괜찮은데 외국에서 먹은 피자같이 너무 짬","date":"Mon Dec 10 23:59:44 +0000 2018","retweets":"30","favorites":"20","mentions":[],"hashtags":[],"geo":"","raw":"식감은 괜찮은데 외국에서 먹은 피자같이 너무 짬","polarity":{"com":0.03571428575,"pos":0.36904761900000005,"neg":0.5952380952499999,"neut":0,"none":0},"intensity":{"high":0.1884920635,"low":0.09126984125,"meium":0.7202380952499999,"none":0},"expressive":{"dir-action":0,"dir-explicit":0.44841269825,"dir-speech":0.39087301599999996,"indirect":0.16071428575,"writing-device":0}},{"id":"리츠델리 피자CESCO","permalink":"","username":"asdfg","text":"그냥배달피자요ㅋ마니파세요","date":"Mon Dec 10 23:59:44 +0000 2018","retweets":"30","favorites":"20","mentions":[],"hashtags":[],"geo":"","raw":"그냥배달피자요ㅋ마니파세요","polarity":{"com":0,"pos":0,"neg":1,"neut":0,"none":0},"intensity":{"high":0,"low":0,"meium":1,"none":0},"expressive":{"dir-action":0,"dir-explicit":0,"dir-speech":1,"indirect":0,"writing-device":0}},{"id":"리츠델리 피자CESCO","permalink":"","username":"asdfg","text":"해당 리뷰는 배달통 운영 원칙에 따라 블라인드 처리 되었습니다.","date":"Mon Dec 10 23:59:44 +0000 2018","retweets":"30","favorites":"20","mentions":[],"hashtags":[],"geo":"","raw":"해당 리뷰는 배달통 운영 원칙에 따라 블라인드 처리 되었습니다.","polarity":{"com":0,"pos":0.4126984127063492,"neg":0.3075396826537698,"neut":0.2043650793521825,"none":0.07539682528769841},"intensity":{"high":0.035714285750000005,"low":0.08730158725,"meium":0.80158730175,"none":0.07539682525000001},"expressive":{"dir-action":0,"dir-explicit":0.44246031761061505,"dir-speech":0.2777777778194444,"indirect":0.20039682530009917,"writing-device":0.07936507926984127}},{"id":"리츠델리 피자CESCO","permalink":"","username":"asdfg","text":"맛좋고 배달친절하고 별다섯개당첨^^","date":"Mon Dec 10 23:59:44 +0000 2018","retweets":"30","favorites":"20","mentions":[],"hashtags":[],"geo":"","raw":"맛좋고 배달친절하고 별다섯개당첨^^","polarity":{"com":0.00483870975,"pos":0.8790322580000001,"neg":0.088172043,"neut":0.020967742,"none":0.00698924725},"intensity":{"high":0.0349462365,"low":0.029032258,"meium":0.92849462375,"none":0.00752688175},"expressive":{"dir-action":0.00161290325,"dir-explicit":0.07849462375,"dir-speech":0.573655914,"indirect":0.33924731175,"writing-device":0.00698924725}},{"id":"리츠델리 피자CESCO","permalink":"","username":"asdfg","text":"넘짰어요 저한테는그냥 솔직히배달빠는거빼곤...크림스파게티도 .....별로..시킨던곳으로시켜야겠다","date":"Mon Dec 10 23:59:44 +0000 2018","retweets":"30","favorites":"20","mentions":[],"hashtags":[],"geo":"","raw":"넘짰어요 저한테는그냥 솔직히배달빠는거빼곤...크림스파게티도 .....별로..시킨던곳으로시켜야겠다","polarity":{"com":0.024829931996452864,"pos":0.3877551019446064,"neg":0.42789115651030124,"neut":0.025850340139164235,"none":0.13367346940947522},"intensity":{"high":0.044217687142857134,"low":0.01632653057142857,"meium":0.8057823128571427,"none":0.13367346942857145},"expressive":{"dir-action":0,"dir-explicit":0.24081632653702625,"dir-speech":0.5428571427795919,"indirect":0.012244897998250728,"writing-device":0.2040816326851312}},{"id":"리츠델리 피자CESCO","permalink":"","username":"asdfg","text":"불고기피자에 치크추가 했는데\n맛있었으면 좋겠어요~파닭 맛있게 먹었었으니까ㅎ피자도 맛있을꺼라 믿어용","date":"Mon Dec 10 23:59:44 +0000 2018","retweets":"30","favorites":"20","mentions":[],"hashtags":[],"geo":"","raw":"불고기피자에 치크추가 했는데\n맛있었으면 좋겠어요~파닭 맛있게 먹었었으니까ㅎ피자도 맛있을꺼라 믿어용","polarity":{"com":0.0026624442857142855,"pos":0.4461130657142857,"neg":0.4434576591428572,"neut":0.011893033,"none":0.09587379785714287},"intensity":{"high":0.10508249282711928,"low":0.0956587692583832,"meium":0.7017429039423592,"none":0.09751583397213832},"expressive":{"dir-action":0.0016420361430917194,"dir-explicit":0.21459848303065693,"dir-speech":0.43212917349030416,"indirect":0.251850809321693,"writing-device":0.09977949801425422}},{"id":"리츠델리 피자CESCO","permalink":"","username":"asdfg","text":"기대없이 먹었는데 \n짱맛나네요ㅎㅎㅎ","date":"Mon Dec 10 23:59:44 +0000 2018","retweets":"30","favorites":"20","mentions":[],"hashtags":[],"geo":"","raw":"기대없이 먹었는데 \n짱맛나네요ㅎㅎㅎ","polarity":{"com":0,"pos":0.6666666665000001,"neg":0.3333333335,"neut":0,"none":0},"intensity":{"high":0.11805555549999999,"low":0.111111111,"meium":0.7708333334999999,"none":0},"expressive":{"dir-action":0,"dir-explicit":0.486111111,"dir-speech":0.388888889,"indirect":0.125,"writing-device":0}},{"id":"리츠델리 피자CESCO","permalink":"","username":"asdfg","text":" 맛나요맛나~~~굿굿굿","date":"Mon Dec 10 23:59:44 +0000 2018","retweets":"30","favorites":"20","mentions":[],"hashtags":[],"geo":"","raw":" 맛나요맛나~~~굿굿굿","polarity":{"com":0,"pos":1,"neg":0,"neut":0,"none":0},"intensity":{"high":0,"low":0,"meium":1,"none":0},"expressive":{"dir-action":0,"dir-explicit":0,"dir-speech":0.5,"indirect":0.5,"writing-device":0}},{"id":"리츠델리 피자CESCO","permalink":"","username":"asdfg","text":"피자맛나욤  불고기도맛잇고고구마도맛나고","date":"Mon Dec 10 23:59:44 +0000 2018","retweets":"30","favorites":"20","mentions":[],"hashtags":[],"geo":"","raw":"피자맛나욤  불고기도맛잇고고구마도맛나고","polarity":{"com":0.002380952333333333,"pos":0.738095238,"neg":0.10952380966666668,"neut":0.004761904666666666,"none":0.14523809533333334},"intensity":{"high":0.38095238099999995,"low":0.038095238,"meium":0.43571428566666665,"none":0.14523809533333332},"expressive":{"dir-action":0,"dir-explicit":0.3952380952015873,"dir-speech":0.4333333331888889,"indirect":0.028571428657142857,"writing-device":0.14285714295238094}},{"id":"리츠델리 피자CESCO","permalink":"","username":"asdfg","text":"맛잇습ㄴㅣ다 전 여기 단골요ㅎ","date":"Mon Dec 10 23:59:44 +0000 2018","retweets":"30","favorites":"20","mentions":[],"hashtags":[],"geo":"","raw":"맛잇습ㄴㅣ다 전 여기 단골요ㅎ","polarity":{"com":0,"pos":0.5,"neg":0,"neut":0.5,"none":0},"intensity":{"high":0,"low":0.5,"meium":0.5,"none":0},"expressive":{"dir-action":0,"dir-explicit":0,"dir-speech":0.5,"indirect":0.5,"writing-device":0}},{"id":"리츠델리 피자CESCO","permalink":"","username":"asdfg","text":"완전맛잇음\n담백합니다 야식으로 부담이없겟어요","date":"Mon Dec 10 23:59:44 +0000 2018","retweets":"30","favorites":"20","mentions":[],"hashtags":[],"geo":"","raw":"완전맛잇음\n담백합니다 야식으로 부담이없겟어요","polarity":{"com":0.008008008,"pos":0.7042042043333333,"neg":0.2687687686666666,"neut":0.011011011000000001,"none":0.008008008},"intensity":{"high":0.038038038,"low":0.36136136133333335,"meium":0.5915915916666666,"none":0.009009009},"expressive":{"dir-action":0.001001001,"dir-explicit":0.2707707706666667,"dir-speech":0.03003003,"indirect":0.6891891893333333,"writing-device":0.009009009}},{"id":"리츠델리 피자CESCO","permalink":"","username":"asdfg","text":"시간ᆞ가격ᆞ맛대비쵝오임~^^","date":"Mon Dec 10 23:59:44 +0000 2018","retweets":"30","favorites":"20","mentions":[],"hashtags":[],"geo":"","raw":"시간ᆞ가격ᆞ맛대비쵝오임~^^","polarity":{"com":0,"pos":0.75,"neg":0.25,"neut":0,"none":0},"intensity":{"high":0.08333333333333333,"low":0,"meium":0.9166666666666666,"none":0},"expressive":{"dir-action":0,"dir-explicit":0.08333333333333333,"dir-speech":0.5,"indirect":0.4166666666666667,"writing-device":0}},{"id":"리츠델리 피자CESCO","permalink":"","username":"asdfg","text":"느끼하지 않고 맛있는것 같아요","date":"Mon Dec 10 23:59:44 +0000 2018","retweets":"30","favorites":"20","mentions":[],"hashtags":[],"geo":"","raw":"느끼하지 않고 맛있는것 같아요","polarity":{"com":0.008008007997330667,"pos":0.23450723458849762,"neg":0.5566475564811174,"neut":0.04131404131956199,"none":0.15952315961349228},"intensity":{"high":0.038038038,"low":0.028028028,"meium":0.7734097733333334,"none":0.16052416066666667},"expressive":{"dir-action":0.0010010009996663332,"dir-explicit":0.1950131949349956,"dir-speech":0.42396942385867686,"indirect":0.2194922195935026,"writing-device":0.16052416061315863}},{"id":"리츠델리 피자CESCO","permalink":"","username":"asdfg","text":"오늘도 세트4~ 불고기 콤비 반반했는데 서비스로 해주셔서 넘 좋았어요 3번만 먹음 보너스다 음캬","date":"Mon Dec 10 23:59:44 +0000 2018","retweets":"30","favorites":"20","mentions":[],"hashtags":[],"geo":"","raw":"오늘도 세트4~ 불고기 콤비 반반했는데 서비스로 해주셔서 넘 좋았어요 3번만 먹음 보너스다 음캬","polarity":{"com":0.0063319915,"pos":0.6144232566666668,"neg":0.18725974200000006,"neut":0.027853699833333342,"none":0.16413131000000003},"intensity":{"high":0.14721648395092782,"low":0.23280858792239717,"meium":0.45356948634881017,"none":0.16640544177786487},"expressive":{"dir-action":0.00299097766616817,"dir-explicit":0.28153062495307823,"dir-speech":0.24902184079182965,"indirect":0.2977685964503719,"writing-device":0.168687960138552}},{"id":"리츠델리 피자CESCO","permalink":"","username":"asdfg","text":"세트4 넘 맛났어요 스파게티에도 치즈굿ㅠㅠ","date":"Mon Dec 10 23:59:44 +0000 2018","retweets":"30","favorites":"20","mentions":[],"hashtags":[],"geo":"","raw":"세트4 넘 맛났어요 스파게티에도 치즈굿ㅠㅠ","polarity":{"com":0.0035714285,"pos":0.607142857,"neg":0.1642857145,"neut":0.007142857,"none":0.217857143},"intensity":{"high":0.0714285715,"low":0.057142857,"meium":0.6535714285,"none":0.217857143},"expressive":{"dir-action":0,"dir-explicit":0.09285714295357143,"dir-speech":0.149999999925,"indirect":0.5428571427285714,"writing-device":0.21428571439285712}},{"id":"리츠델리 피자CESCO","permalink":"","username":"asdfg","text":"우왕 기본콤비네이션시켰는데 맛있게먹었어요 값도착하고 굿 ㅎㅎ","date":"Mon Dec 10 23:59:44 +0000 2018","retweets":"30","favorites":"20","mentions":[],"hashtags":[],"geo":"","raw":"우왕 기본콤비네이션시켰는데 맛있게먹었어요 값도착하고 굿 ㅎㅎ","polarity":{"com":0,"pos":0.6539682538571429,"neg":0.34603174614285714,"neut":0,"none":0},"intensity":{"high":0.03968253970861678,"low":0.06825396827596372,"meium":0.8920634920154195,"none":0},"expressive":{"dir-action":0.007936508,"dir-explicit":0.08730158728571429,"dir-speech":0.34285714285714286,"indirect":0.5619047618571429,"writing-device":0}},{"id":"리츠델리 피자CESCO","permalink":"","username":"asdfg","text":"토핑이랑 맛 배달시간 다만족해요","date":"Mon Dec 10 23:59:44 +0000 2018","retweets":"30","favorites":"20","mentions":[],"hashtags":[],"geo":"","raw":"토핑이랑 맛 배달시간 다만족해요","polarity":{"com":0,"pos":0.625,"neg":0.375,"neut":0,"none":0},"intensity":{"high":0.125,"low":0,"meium":0.875,"none":0},"expressive":{"dir-action":0,"dir-explicit":0.125,"dir-speech":0.75,"indirect":0.125,"writing-device":0}},{"id":"리츠델리 피자CESCO","permalink":"","username":"asdfg","text":"아  . .다 광고네 시켜먹을랫더니. .","date":"Mon Dec 10 23:59:44 +0000 2018","retweets":"30","favorites":"20","mentions":[],"hashtags":[],"geo":"","raw":"아  . .다 광고네 시켜먹을랫더니. .","polarity":{"com":0,"pos":0.6825396823333333,"neg":0.22222222233333333,"neut":0,"none":0.09523809533333333},"intensity":{"high":0.13227513228924162,"low":0.07407407397530864,"meium":0.6984126984338624,"none":0.09523809530158729},"expressive":{"dir-action":0,"dir-explicit":0.5502645501499117,"dir-speech":0.3544973545485009,"indirect":0,"writing-device":0.09523809530158729}},{"id":"리츠델리 피자CESCO","permalink":"","username":"asdfg","text":"해당 리뷰는 배달통 운영 원칙에 따라 블라인드 처리 되었습니다.","date":"Mon Dec 10 23:59:44 +0000 2018","retweets":"30","favorites":"20","mentions":[],"hashtags":[],"geo":"","raw":"해당 리뷰는 배달통 운영 원칙에 따라 블라인드 처리 되었습니다.","polarity":{"com":0,"pos":0.4126984127063492,"neg":0.3075396826537698,"neut":0.2043650793521825,"none":0.07539682528769841},"intensity":{"high":0.035714285750000005,"low":0.08730158725,"meium":0.80158730175,"none":0.07539682525000001},"expressive":{"dir-action":0,"dir-explicit":0.44246031761061505,"dir-speech":0.2777777778194444,"indirect":0.20039682530009917,"writing-device":0.07936507926984127}},{"id":"리츠델리 피자CESCO","permalink":"","username":"asdfg","text":"해당 리뷰는 배달통 운영 원칙에 따라 블라인드 처리 되었습니다.","date":"Mon Dec 10 23:59:44 +0000 2018","retweets":"30","favorites":"20","mentions":[],"hashtags":[],"geo":"","raw":"해당 리뷰는 배달통 운영 원칙에 따라 블라인드 처리 되었습니다.","polarity":{"com":0,"pos":0.4126984127063492,"neg":0.3075396826537698,"neut":0.2043650793521825,"none":0.07539682528769841},"intensity":{"high":0.035714285750000005,"low":0.08730158725,"meium":0.80158730175,"none":0.07539682525000001},"expressive":{"dir-action":0,"dir-explicit":0.44246031761061505,"dir-speech":0.2777777778194444,"indirect":0.20039682530009917,"writing-device":0.07936507926984127}},{"id":"리츠델리 피자CESCO","permalink":"","username":"asdfg","text":"세트4번만 항상시키다 항번에 다 먹고 치울려구 3번 시켰어요 맛있게 배터지게 잘먹었음 ㅋㅋ 역삼으로 이사와서 그런가 가까운가보내요 배달 완전 빠름 ㅋㅋ","date":"Mon Dec 10 23:59:44 +0000 2018","retweets":"30","favorites":"20","mentions":[],"hashtags":[],"geo":"","raw":"세트4번만 항상시키다 항번에 다 먹고 치울려구 3번 시켰어요 맛있게 배터지게 잘먹었음 ㅋㅋ 역삼으로 이사와서 그런가 가까운가보내요 배달 완전 빠름 ㅋㅋ","polarity":{"com":0.0295731508725813,"pos":0.4191016868838204,"neg":0.43732928362079915,"neut":0.044327661542198867,"none":0.06966821708060031},"intensity":{"high":0.1425996047143201,"low":0.11707704478438975,"meium":0.6705117642439318,"none":0.06981158625735846},"expressive":{"dir-action":0.0004301075333620071,"dir-explicit":0.2687840475512523,"dir-speech":0.32097080342139805,"indirect":0.34185622615612377,"writing-device":0.06795881533786391}},{"id":"리츠델리 피자CESCO","permalink":"","username":"asdfg","text":"세드4주문...\n도우가 맛나네요ㅋ","date":"Mon Dec 10 23:59:44 +0000 2018","retweets":"30","favorites":"20","mentions":[],"hashtags":[],"geo":"","raw":"세드4주문...\n도우가 맛나네요ㅋ","polarity":{"com":0,"pos":1,"neg":0,"neut":0,"none":0},"intensity":{"high":0.5,"low":0,"meium":0.5,"none":0},"expressive":{"dir-action":0,"dir-explicit":1,"dir-speech":0,"indirect":0,"writing-device":0}},{"id":"리츠델리 피자CESCO","permalink":"","username":"asdfg","text":"처음시키는데 기대되네요ㅎㅎ","date":"Mon Dec 10 23:59:44 +0000 2018","retweets":"30","favorites":"20","mentions":[],"hashtags":[],"geo":"","raw":"처음시키는데 기대되네요ㅎㅎ","polarity":{"com":0.14285714285714285,"pos":0.42857142857142855,"neg":0.2857142857142857,"neut":0,"none":0.14285714285714285},"intensity":{"high":0,"low":0,"meium":0.857142857,"none":0.142857143},"expressive":{"dir-action":0,"dir-explicit":0.28571428571428575,"dir-speech":0.42857142857142866,"indirect":0.14285714285714288,"writing-device":0.14285714285714288}},{"id":"리츠델리 피자CESCO","permalink":"","username":"asdfg","text":"자주시켜먹는곳인데 오븐치킨도 세트메뉴를 만들었으면 해요","date":"Mon Dec 10 23:59:44 +0000 2018","retweets":"30","favorites":"20","mentions":[],"hashtags":[],"geo":"","raw":"자주시켜먹는곳인데 오븐치킨도 세트메뉴를 만들었으면 해요","polarity":{"com":0.030883962828186007,"pos":0.4689837617551694,"neg":0.3532931949411178,"neut":0.041652982993057835,"none":0.10518609748246899},"intensity":{"high":0.1170406861276531,"low":0.08641671230452776,"meium":0.6894407952701864,"none":0.10710180629763272},"expressive":{"dir-action":0.011174968166666667,"dir-explicit":0.3262908228333334,"dir-speech":0.36896551716666665,"indirect":0.18382594416666667,"writing-device":0.10974274766666665}},{"id":"리츠델리 피자CESCO","permalink":"","username":"asdfg","text":"솔직히 그닥 맛없어요. 치즈도 적고 빵도 질겨요ㅜ","date":"Mon Dec 10 23:59:44 +0000 2018","retweets":"30","favorites":"20","mentions":[],"hashtags":[],"geo":"","raw":"솔직히 그닥 맛없어요. 치즈도 적고 빵도 질겨요ㅜ","polarity":{"com":0.007142857,"pos":0.214285714,"neg":0.328571429,"neut":0.014285714,"none":0.435714286},"intensity":{"high":0.142857143,"low":0.114285714,"meium":0.307142857,"none":0.435714286},"expressive":{"dir-action":0,"dir-explicit":0.1857142858142857,"dir-speech":0.29999999969999996,"indirect":0.0857142859142857,"writing-device":0.42857142857142855}},{"id":"리츠델리 피자CESCO","permalink":"","username":"asdfg","text":"무난하니 깔끔해요 치즈가 좀더 많이 들어갓으면좋겟어요","date":"Mon Dec 10 23:59:44 +0000 2018","retweets":"30","favorites":"20","mentions":[],"hashtags":[],"geo":"","raw":"무난하니 깔끔해요 치즈가 좀더 많이 들어갓으면좋겟어요","polarity":{"com":0.00446428575,"pos":0.43601190474999996,"neg":0.2549603175,"neut":0.29786706350000003,"none":0.0066964285},"intensity":{"high":0.0401785715,"low":0.6656746032499999,"meium":0.28521825375,"none":0.0089285715},"expressive":{"dir-action":0,"dir-explicit":0.3993055555,"dir-speech":0.46701388899999996,"indirect":0.126984127,"writing-device":0.0066964285}},{"id":"리츠델리 피자CESCO","permalink":"","username":"asdfg","text":"여기 맛있어요ㅎㅎ\n피자도 맛있고 치킨도 맛있음!\n피자는 꼭 여기서 시켜먹어용ㅎㅎ","date":"Mon Dec 10 23:59:44 +0000 2018","retweets":"30","favorites":"20","mentions":[],"hashtags":[],"geo":"","raw":"여기 맛있어요ㅎㅎ\n피자도 맛있고 치킨도 맛있음!\n피자는 꼭 여기서 시켜먹어용ㅎㅎ","polarity":{"com":0.002040816286005831,"pos":0.3684807254812115,"neg":0.47596371906799484,"neut":0.01768707471681244,"none":0.1358276644479754},"intensity":{"high":0.06122448985714285,"low":0.09841269828571428,"meium":0.7045351474285715,"none":0.13582766442857144},"expressive":{"dir-action":0,"dir-explicit":0.10748299325500485,"dir-speech":0.6492063491002267,"indirect":0.10725623582649821,"writing-device":0.13605442181827015}},{"id":"리츠델리 피자CESCO","permalink":"","username":"asdfg","text":"리츠델리ㅋㅋㅋ완전가격착하고\n맛도착한리츠델리ㅋㅋ\n벌써쿠폰으로도한번시켜먹었는데도\n쿠폰으로도나온음식이최고였다\n다른덴쿠폰으로시키멘성의없는데여긴쿠폰도최고의토핑이였다ㅋㅋ","date":"Mon Dec 10 23:59:44 +0000 2018","retweets":"30","favorites":"20","mentions":[],"hashtags":[],"geo":"","raw":"리츠델리ㅋㅋㅋ완전가격착하고\n맛도착한리츠델리ㅋㅋ\n벌써쿠폰으로도한번시켜먹었는데도\n쿠폰으로도나온음식이최고였다\n다른덴쿠폰으로시키멘성의없는데여긴쿠폰도최고의토핑이였다ㅋㅋ","polarity":{"com":0.008989772352412367,"pos":0.4281906164454004,"neg":0.3409972469799414,"neut":0.02548799899850071,"none":0.19633436522374506},"intensity":{"high":0.09457131906438654,"low":0.08579120100504653,"meium":0.6224728779777925,"none":0.19716460195277444},"expressive":{"dir-action":0.00025913447054250573,"dir-explicit":0.24556473372137097,"dir-speech":0.31124503418036853,"indirect":0.24399815842752975,"writing-device":0.19893293920018834}},{"id":"리츠델리 피자CESCO","permalink":"","username":"asdfg","text":"24시라서 새벽에시켜먹긴 좋음.\n맛은그럭저럭 괜찮은데 도우가 좀 질긴편이에요.","date":"Mon Dec 10 23:59:44 +0000 2018","retweets":"30","favorites":"20","mentions":[],"hashtags":[],"geo":"","raw":"24시라서 새벽에시켜먹긴 좋음.\n맛은그럭저럭 괜찮은데 도우가 좀 질긴편이에요.","polarity":{"com":0.0029761905,"pos":0.6940079364999999,"neg":0.19515873016666666,"neut":0.09672619050000002,"none":0.011130952333333333},"intensity":{"high":0.24530423283333333,"low":0.14489417983333333,"meium":0.5971825396666667,"none":0.012619047666666666},"expressive":{"dir-action":0,"dir-explicit":0.5328703703333333,"dir-speech":0.381712963,"indirect":0.07428571433333332,"writing-device":0.011130952333333333}},{"id":"리츠델리 피자CESCO","permalink":"","username":"asdfg","text":"아 낚였다!!치즈크러스트 시켰는데 치즈가 문제다 완전 싱겁구 아무맛 안나는 싸구려 치즈인거같다 솔직히 맛없다ㅠ","date":"Mon Dec 10 23:59:44 +0000 2018","retweets":"30","favorites":"20","mentions":[],"hashtags":[],"geo":"","raw":"아 낚였다!!치즈크러스트 시켰는데 치즈가 문제다 완전 싱겁구 아무맛 안나는 싸구려 치즈인거같다 솔직히 맛없다ㅠ","polarity":{"com":0.010601462833333332,"pos":0.3874688765,"neg":0.4794973544999999,"neut":0.043893946499999996,"none":0.07853835966666665},"intensity":{"high":0.06926937435642312,"low":0.06889978202296658,"meium":0.7818043885939348,"none":0.08002645502667548},"expressive":{"dir-action":0,"dir-explicit":0.20193355133333335,"dir-speech":0.45295479299999997,"indirect":0.09337068166666666,"writing-device":0.251740974}},{"id":"리츠델리 피자CESCO","permalink":"","username":"asdfg","text":"피자집중 젤 갠차는거같은 느끼하지않고 전 쿠폰열장모으면 피자 한판주는거 벌써 3번이나 시켜먹은 ^^","date":"Mon Dec 10 23:59:44 +0000 2018","retweets":"30","favorites":"20","mentions":[],"hashtags":[],"geo":"","raw":"피자집중 젤 갠차는거같은 느끼하지않고 전 쿠폰열장모으면 피자 한판주는거 벌써 3번이나 시켜먹은 ^^","polarity":{"com":0.0021840021820167276,"pos":0.31831831830166535,"neg":0.4649311649513574,"neut":0.16101166101463743,"none":0.05355485355032316},"intensity":{"high":0.07817287818181819,"low":0.16557496554545456,"meium":0.7024243024545455,"none":0.05382785381818182},"expressive":{"dir-action":0.00027300027272727275,"dir-explicit":0.29948759945454545,"dir-speech":0.41193071200000003,"indirect":0.1468906469090909,"writing-device":0.14141804136363637}},{"id":"리츠델리 피자CESCO","permalink":"","username":"asdfg","text":"피자하고 치킨하고 같이 있는 홈세트 시켜서 먹었는데 둘다 맛이 있었어요~\n특히 치킨은 다른데서 맛볼수 없는 단백하고 독특한맛이있어 더욱좋았어요..^^","date":"Mon Dec 10 23:59:44 +0000 2018","retweets":"30","favorites":"20","mentions":[],"hashtags":[],"geo":"","raw":"피자하고 치킨하고 같이 있는 홈세트 시켜서 먹었는데 둘다 맛이 있었어요~\n특히 치킨은 다른데서 맛볼수 없는 단백하고 독특한맛이있어 더욱좋았어요..^^","polarity":{"com":0.009384557588235294,"pos":0.5146798466470588,"neg":0.2591459875882353,"neut":0.08668273223529412,"none":0.13010687594117645},"intensity":{"high":0.2051831320708931,"low":0.08215757229895043,"meium":0.582172912975422,"none":0.13048638265473445},"expressive":{"dir-action":0.0011385199411764705,"dir-explicit":0.2173451739411765,"dir-speech":0.3871579450588235,"indirect":0.2613103086470588,"writing-device":0.13304805241176468}},{"id":"리츠델리 피자CESCO","permalink":"","username":"asdfg","text":"포테이토피자와크림스파게티\n넘 맛있어요.느끼하지도않구여~\n뭣보다도 피자랑 스파게티가 식지않아 넘 맛잇게먹었답니다","date":"Mon Dec 10 23:59:44 +0000 2018","retweets":"30","favorites":"20","mentions":[],"hashtags":[],"geo":"","raw":"포테이토피자와크림스파게티\n넘 맛있어요.느끼하지도않구여~\n뭣보다도 피자랑 스파게티가 식지않아 넘 맛잇게먹었답니다","polarity":{"com":0.007020860125,"pos":0.42627895750000006,"neg":0.41805019312499997,"neut":0.0333702005,"none":0.11527978874999999},"intensity":{"high":0.107394224625,"low":0.095877573875,"meium":0.6799569658750001,"none":0.11677123562500001},"expressive":{"dir-action":0.00037537537490615614,"dir-explicit":0.1991828882002043,"dir-speech":0.5194209833701448,"indirect":0.16715130320821217,"writing-device":0.11386944984653262}}]