[{"id":"46이너스 피자","permalink":"","username":"asdfg","text":"그저그래여 쌈마이느낌","date":"Mon Dec 10 23:59:44 +0000 2018","retweets":"30","favorites":"20","mentions":[],"hashtags":[],"geo":"","raw":"그저그래여 쌈마이느낌","polarity":{"com":0,"pos":0.4,"neg":0.35,"neut":0,"none":0.25},"intensity":{"high":0,"low":0.45,"meium":0.3,"none":0.25},"expressive":{"dir-action":0,"dir-explicit":0.1,"dir-speech":0.4,"indirect":0.25,"writing-device":0.25}},{"id":"46이너스 피자","permalink":"","username":"asdfg","text":"처음 시켜봤는대 크기에 놀라고 맛에 또 놀람 굳","date":"Mon Dec 10 23:59:44 +0000 2018","retweets":"30","favorites":"20","mentions":[],"hashtags":[],"geo":"","raw":"처음 시켜봤는대 크기에 놀라고 맛에 또 놀람 굳","polarity":{"com":0.03571428573214285,"pos":0.3928571428035714,"neg":0.17857142866071427,"neut":0.249999999875,"none":0.1428571429285714},"intensity":{"high":0,"low":0,"meium":0.857142857,"none":0.14285714300000002},"expressive":{"dir-action":0,"dir-explicit":0.10714285722321429,"dir-speech":0.42857142864285713,"indirect":0.28571428567857143,"writing-device":0.17857142845535712}},{"id":"46이너스 피자","permalink":"","username":"asdfg","text":"진짜맛남 글고사이즈가 장난아님ㅎㅎ","date":"Mon Dec 10 23:59:44 +0000 2018","retweets":"30","favorites":"20","mentions":[],"hashtags":[],"geo":"","raw":"진짜맛남 글고사이즈가 장난아님ㅎㅎ","polarity":{"com":0.027191558499999997,"pos":0.62540584425,"neg":0.30925324675,"neut":0.02008928575,"none":0.01806006475},"intensity":{"high":0.17654220779413554,"low":0.06087662326521915,"meium":0.7422889611855723,"none":0.02029220775507305},"expressive":{"dir-action":0.125,"dir-explicit":0.16193181825,"dir-speech":0.47585227274999997,"indirect":0.21915584425,"writing-device":0.01806006475}},{"id":"46이너스 피자","permalink":"","username":"asdfg","text":"기대이상의맛입니다  맛있어요~^^","date":"Mon Dec 10 23:59:44 +0000 2018","retweets":"30","favorites":"20","mentions":[],"hashtags":[],"geo":"","raw":"기대이상의맛입니다  맛있어요~^^","polarity":{"com":0.012781101246804724,"pos":0.49188545462702865,"neg":0.40136534839965865,"neut":0.037000110740749964,"none":0.056967984985758},"intensity":{"high":0.09842347950000001,"low":0.06703500600000002,"meium":0.7775735295,"none":0.056967985000000006},"expressive":{"dir-action":0,"dir-explicit":0.349984768,"dir-speech":0.383986928,"indirect":0.20415835825,"writing-device":0.06186994575}},{"id":"46이너스 피자","permalink":"","username":"asdfg","text":"기대하고있는중이랍니다 ㅎㅎ","date":"Mon Dec 10 23:59:44 +0000 2018","retweets":"30","favorites":"20","mentions":[],"hashtags":[],"geo":"","raw":"기대하고있는중이랍니다 ㅎㅎ","polarity":{"com":0.0114379085,"pos":0.6928104575,"neg":0.138888889,"neut":0.045751634,"none":0.111111111},"intensity":{"high":0.06372549003186273,"low":0.04084967302042484,"meium":0.7843137258921569,"none":0.11111111105555554},"expressive":{"dir-action":0,"dir-explicit":0.459150327,"dir-speech":0.1013071895,"indirect":0.318627451,"writing-device":0.1209150325}},{"id":"46이너스 피자","permalink":"","username":"asdfg","text":"피자는이너스가젤맛잇는거같아요\"","date":"Mon Dec 10 23:59:44 +0000 2018","retweets":"30","favorites":"20","mentions":[],"hashtags":[],"geo":"","raw":"피자는이너스가젤맛잇는거같아요\"","polarity":{"com":0,"pos":0.43915343914638444,"neg":0.5026455028342152,"neut":0.031746031677248675,"none":0.026455026342151675},"intensity":{"high":0.010582010666666667,"low":0.07936507933333332,"meium":0.8835978836666666,"none":0.026455026333333336},"expressive":{"dir-action":0,"dir-explicit":0.052910053000000005,"dir-speech":0.5555555556666666,"indirect":0.026455026333333336,"writing-device":0.365079365}},{"id":"46이너스 피자","permalink":"","username":"asdfg","text":"불고기피자 맛나요!\n글구 전화 받으시는 분들 모두 친절하시고 배달 해주시는 분들도 친절하셔서 기분이 더 좋아져요 ^^\n감사합니다 :)\n","date":"Mon Dec 10 23:59:44 +0000 2018","retweets":"30","favorites":"20","mentions":[],"hashtags":[],"geo":"","raw":"불고기피자 맛나요!\n글구 전화 받으시는 분들 모두 친절하시고 배달 해주시는 분들도 친절하셔서 기분이 더 좋아져요 ^^\n감사합니다 :)\n","polarity":{"com":0.008233727455293976,"pos":0.568825311506257,"neg":0.3048554064822596,"neut":0.08558543828050777,"none":0.032500116275681834},"intensity":{"high":0.17888658283444422,"low":0.06467935800587994,"meium":0.7222254128838387,"none":0.034208646275837154},"expressive":{"dir-action":0.0011730205455611838,"dir-explicit":0.17080916783370992,"dir-speech":0.5930677954175516,"indirect":0.1992243672908386,"writing-device":0.035725648912338696}},{"id":"46이너스 피자","permalink":"","username":"asdfg","text":"맛있음 아주~","date":"Mon Dec 10 23:59:44 +0000 2018","retweets":"30","favorites":"20","mentions":[],"hashtags":[],"geo":"","raw":"맛있음 아주~~~~~~~~~~","polarity":{"com":0,"pos":0.875,"neg":0.125,"neut":0,"none":0},"intensity":{"high":0.125,"low":0,"meium":0.875,"none":0},"expressive":{"dir-action":0,"dir-explicit":0,"dir-speech":0.625,"indirect":0.375,"writing-device":0}},{"id":"46이너스 피자","permalink":"","username":"asdfg","text":"쉬림프 피자랑  윙 아주 맛있게 잘 먹었어요","date":"Mon Dec 10 23:59:44 +0000 2018","retweets":"30","favorites":"20","mentions":[],"hashtags":[],"geo":"","raw":"쉬림프 피자랑  윙 아주 맛있게 잘 먹었어요","polarity":{"com":0,"pos":0.7321428573660714,"neg":0.23214285711607144,"neut":0.035714285517857144,"none":0},"intensity":{"high":0.125,"low":0.107142857,"meium":0.7678571430000001,"none":0},"expressive":{"dir-action":0,"dir-explicit":0.107142857,"dir-speech":0.19642857149999998,"indirect":0.6964285715,"writing-device":0}},{"id":"46이너스 피자","permalink":"","username":"asdfg","text":"맛이없는건아닌데~~\n스테이크피자랑쉬림프반반시켰는데\n새우가.그큰피자에 쪼그만한거에 한두개\n스테이크도 쪼그만한거 한개....\n토핑좀 더 인심써주셨으면좋겠네요~","date":"Mon Dec 10 23:59:44 +0000 2018","retweets":"30","favorites":"20","mentions":[],"hashtags":[],"geo":"","raw":"맛이없는건아닌데~~\n스테이크피자랑쉬림프반반시켰는데\n새우가.그큰피자에 쪼그만한거에 한두개\n스테이크도 쪼그만한거 한개....\n토핑좀 더 인심써주셨으면좋겠네요~","polarity":{"com":0.004037952363269277,"pos":0.5847103264013899,"neg":0.2813732692471479,"neut":0.036875023360284094,"none":0.09300342862790878},"intensity":{"high":0.133302055054554,"low":0.06616293343650101,"meium":0.7027024857174448,"none":0.09783252579150023},"expressive":{"dir-action":0.013314967907880455,"dir-explicit":0.33370026560602717,"dir-speech":0.31546923378950276,"indirect":0.2448446194322868,"writing-device":0.09267091326430263}},{"id":"46이너스 피자","permalink":"","username":"asdfg","text":"쉬림프디럭스 빅라지랑 스파게티 늘 시켜먹는데\n여기넘  맛나요~~^^","date":"Mon Dec 10 23:59:44 +0000 2018","retweets":"30","favorites":"20","mentions":[],"hashtags":[],"geo":"","raw":"쉬림프디럭스 빅라지랑 스파게티 늘 시켜먹는데\n여기넘  맛나요~~^^","polarity":{"com":0,"pos":0.611111111,"neg":0.38888888899999996,"neut":0,"none":0},"intensity":{"high":0.037037037,"low":0.074074074,"meium":0.888888889,"none":0},"expressive":{"dir-action":0,"dir-explicit":0.074074074,"dir-speech":0.925925926,"indirect":0,"writing-device":0}},{"id":"46이너스 피자","permalink":"","username":"asdfg","text":"저렴한가격인데 피자가 맛있어요ㅎ","date":"Mon Dec 10 23:59:44 +0000 2018","retweets":"30","favorites":"20","mentions":[],"hashtags":[],"geo":"","raw":"저렴한가격인데 피자가 맛있어요ㅎ","polarity":{"com":0.013960388999999998,"pos":0.6744422996666667,"neg":0.2568640066666667,"neut":0.037796725333333336,"none":0.016936579333333333},"intensity":{"high":0.09160946666666667,"low":0.06374231366666665,"meium":0.8237344486666667,"none":0.020913770999999994},"expressive":{"dir-action":0.001001001,"dir-explicit":0.229104104,"dir-speech":0.13419669666666667,"indirect":0.6177606179999999,"writing-device":0.01793758033333333}},{"id":"46이너스 피자","permalink":"","username":"asdfg","text":"첨 시켜봤는데 괜찮아요 ㅎㅎ\n완전 식고 오븐이나 프라이팬에 데워먹으면\n도우 끝이 더 바삭해지면서 맛나더라구요 ㅎㅎ \n전 다음날 다 식고 딱딱해진 피자를 미니오븐에 오분 정도 데워먹었는데 엄청 꿀맛ㅋ\n","date":"Mon Dec 10 23:59:44 +0000 2018","retweets":"30","favorites":"20","mentions":[],"hashtags":[],"geo":"","raw":"첨 시켜봤는데 괜찮아요 ㅎㅎ\n완전 식고 오븐이나 프라이팬에 데워먹으면\n도우 끝이 더 바삭해지면서 맛나더라구요 ㅎㅎ \n전 다음날 다 식고 딱딱해진 피자를 미니오븐에 오분 정도 데워먹었는데 엄청 꿀맛ㅋ\n","polarity":{"com":0.004953998556106001,"pos":0.5882115052875792,"neg":0.27013446580779277,"neut":0.06791696156310191,"none":0.06878306878542036},"intensity":{"high":0.18241049664639883,"low":0.08505150576832761,"meium":0.6637549288151384,"none":0.06878306877013522},"expressive":{"dir-action":0.0014154282217504128,"dir-explicit":0.3371763331098301,"dir-speech":0.3510823532163059,"indirect":0.2408351025863883,"writing-device":0.06949078286572528}},{"id":"46이너스 피자","permalink":"","username":"asdfg","text":"언제시켜도 짱입니다용\n","date":"Mon Dec 10 23:59:44 +0000 2018","retweets":"30","favorites":"20","mentions":[],"hashtags":[],"geo":"","raw":"언제시켜도 짱입니다용\n","polarity":{"com":0.0114379085,"pos":0.1928104575,"neg":0.638888889,"neut":0.045751634,"none":0.111111111},"intensity":{"high":0.5637254902818627,"low":0.04084967302042484,"meium":0.2843137256421569,"none":0.11111111105555556},"expressive":{"dir-action":0,"dir-explicit":0.209150327,"dir-speech":0.6013071895,"indirect":0.068627451,"writing-device":0.1209150325}},{"id":"46이너스 피자","permalink":"","username":"asdfg","text":"매번 피자는 여기서 먹어요! 맛있음ㅎㅎㅎ","date":"Mon Dec 10 23:59:44 +0000 2018","retweets":"30","favorites":"20","mentions":[],"hashtags":[],"geo":"","raw":"매번 피자는 여기서 먹어요! 맛있음ㅎㅎㅎ","polarity":{"com":0,"pos":0.3835978834611993,"neg":0.5582010585194003,"neut":0.031746031677248675,"none":0.026455026342151675},"intensity":{"high":0.047619047666666664,"low":0.15343915333333333,"meium":0.7724867726666668,"none":0.026455026333333336},"expressive":{"dir-action":0,"dir-explicit":0.126984127,"dir-speech":0.6481481483333333,"indirect":0.193121693,"writing-device":0.03174603166666667}},{"id":"46이너스 피자","permalink":"","username":"asdfg","text":"좋아용 사이즈고 크고 맛잇네용ㅎ","date":"Mon Dec 10 23:59:44 +0000 2018","retweets":"30","favorites":"20","mentions":[],"hashtags":[],"geo":"","raw":"좋아용 사이즈고 크고 맛잇네용ㅎ","polarity":{"com":0.00571895425,"pos":0.68847419425,"neg":0.20013409975,"neut":0.04011719625,"none":0.0655555555},"intensity":{"high":0.17669033129417255,"low":0.047666215761916556,"meium":0.7014672076753667,"none":0.07417624526854405},"expressive":{"dir-action":0,"dir-explicit":0.392506198,"dir-speech":0.38513635325,"indirect":0.1518999325,"writing-device":0.07045751625}},{"id":"46이너스 피자","permalink":"","username":"asdfg","text":"씬피자~~굿~이에요","date":"Mon Dec 10 23:59:44 +0000 2018","retweets":"30","favorites":"20","mentions":[],"hashtags":[],"geo":"","raw":"씬피자~~굿~이에요","polarity":{"com":0.0114379085,"pos":0.6928104575,"neg":0.138888889,"neut":0.045751634,"none":0.111111111},"intensity":{"high":0.06372549003186273,"low":0.04084967302042484,"meium":0.7843137258921569,"none":0.11111111105555554},"expressive":{"dir-action":0,"dir-explicit":0.209150327,"dir-speech":0.1013071895,"indirect":0.568627451,"writing-device":0.1209150325}},{"id":"46이너스 피자","permalink":"","username":"asdfg","text":"기대되는곳이네요좋아요","date":"Mon Dec 10 23:59:44 +0000 2018","retweets":"30","favorites":"20","mentions":[],"hashtags":[],"geo":"","raw":"기대되는곳이네요좋아요","polarity":{"com":0.05555555564814815,"pos":0.8066666663977778,"neg":0.06888888897703704,"neut":0.05555555564814815,"none":0.013333333328888891},"intensity":{"high":0.12222222233333331,"low":0.013333333333333332,"meium":0.851111111,"none":0.013333333333333332},"expressive":{"dir-action":0,"dir-explicit":0.7000000000000001,"dir-speech":0.2333333333333333,"indirect":0.05333333333333334,"writing-device":0.013333333333333334}},{"id":"46이너스 피자","permalink":"","username":"asdfg","text":"맛있음 여기는 자주 시켜먹음","date":"Mon Dec 10 23:59:44 +0000 2018","retweets":"30","favorites":"20","mentions":[],"hashtags":[],"geo":"","raw":"맛있음 여기는 자주 시켜먹음","polarity":{"com":0,"pos":0.70833333325,"neg":0.29166666674999997,"neut":0,"none":0},"intensity":{"high":0.02777777775,"low":0.3055555555,"meium":0.66666666675,"none":0},"expressive":{"dir-action":0,"dir-explicit":0.0555555555,"dir-speech":0.9444444445,"indirect":0,"writing-device":0}},{"id":"46이너스 피자","permalink":"","username":"asdfg","text":"피자 맛도 괜찮고 양도 엄청많아요","date":"Mon Dec 10 23:59:44 +0000 2018","retweets":"30","favorites":"20","mentions":[],"hashtags":[],"geo":"","raw":"피자 맛도 괜찮고 양도 엄청많아요","polarity":{"com":0,"pos":0.695652174,"neg":0.2826086955,"neut":0.0217391305,"none":0},"intensity":{"high":0.1304347825652174,"low":0.10869565205434782,"meium":0.7608695653804347,"none":0},"expressive":{"dir-action":0,"dir-explicit":0.2608695651304348,"dir-speech":0.6086956523043479,"indirect":0.1304347825652174,"writing-device":0}},{"id":"46이너스 피자","permalink":"","username":"asdfg","text":"배달도 빠르고 친절하시고 피자랑 파스타시켰는데 맛도 괜찮았구요.\n다만 한가지흠이라면 제가 시킨 피자는 좀 짜웠어요","date":"Mon Dec 10 23:59:44 +0000 2018","retweets":"30","favorites":"20","mentions":[],"hashtags":[],"geo":"","raw":"배달도 빠르고 친절하시고 피자랑 파스타시켰는데 맛도 괜찮았구요.\n다만 한가지흠이라면 제가 시킨 피자는 좀 짜웠어요","polarity":{"com":0.005278832000659854,"pos":0.5829568385728696,"neg":0.2117447517764681,"neut":0.033826541379228324,"none":0.16619303627077414},"intensity":{"high":0.058206078125000005,"low":0.10310156312500002,"meium":0.67223050525,"none":0.16646185350000003},"expressive":{"dir-action":0.007750896125,"dir-explicit":0.159987274625,"dir-speech":0.42326586549999995,"indirect":0.23836782012500002,"writing-device":0.170628143625}},{"id":"46이너스 피자","permalink":"","username":"asdfg","text":"쉬림프 디럭스 피자 맛있네요 ","date":"Mon Dec 10 23:59:44 +0000 2018","retweets":"30","favorites":"20","mentions":[],"hashtags":[],"geo":"","raw":"쉬림프 디럭스 피자 맛있네요 ","polarity":{"com":0,"pos":0,"neg":1,"neut":0,"none":0},"intensity":{"high":0,"low":0,"meium":1,"none":0},"expressive":{"dir-action":0,"dir-explicit":0,"dir-speech":1,"indirect":0,"writing-device":0}},{"id":"46이너스 피자","permalink":"","username":"asdfg","text":"여기씬피자맛있어요~~","date":"Mon Dec 10 23:59:44 +0000 2018","retweets":"30","favorites":"20","mentions":[],"hashtags":[],"geo":"","raw":"여기씬피자맛있어요~~","polarity":{"com":0,"pos":0,"neg":1,"neut":0,"none":0},"intensity":{"high":0,"low":0,"meium":1,"none":0},"expressive":{"dir-action":0,"dir-explicit":0,"dir-speech":1,"indirect":0,"writing-device":0}},{"id":"46이너스 피자","permalink":"","username":"asdfg","text":"고르곤 맛잇어요 근데 겨울이라 금방식어서 ㅠㅠ 치즈가질겨짐\n도우는 얇음. 고르곤좋아하면 추천","date":"Mon Dec 10 23:59:44 +0000 2018","retweets":"30","favorites":"20","mentions":[],"hashtags":[],"geo":"","raw":"고르곤 맛잇어요 근데 겨울이라 금방식어서 ㅠㅠ 치즈가질겨짐\n도우는 얇음. 고르곤좋아하면 추천","polarity":{"com":0.0025510204285714285,"pos":0.7610544218571429,"neg":0.17346938771428572,"neut":0.05909863942857143,"none":0.0038265305714285714},"intensity":{"high":0.10629251699999999,"low":0.05102040814285713,"meium":0.837585034,"none":0.005102040857142856},"expressive":{"dir-action":0,"dir-explicit":0.3511904761428571,"dir-speech":0.43749999999999994,"indirect":0.20748299328571426,"writing-device":0.0038265305714285706}},{"id":"46이너스 피자","permalink":"","username":"asdfg","text":"쉬림프 피자 식었지만 그래도 맛있었어요","date":"Mon Dec 10 23:59:44 +0000 2018","retweets":"30","favorites":"20","mentions":[],"hashtags":[],"geo":"","raw":"쉬림프 피자 식었지만 그래도 맛있었어요","polarity":{"com":0,"pos":0,"neg":1,"neut":0,"none":0},"intensity":{"high":0.5,"low":0,"meium":0.5,"none":0},"expressive":{"dir-action":0,"dir-explicit":0,"dir-speech":0.5,"indirect":0.5,"writing-device":0}},{"id":"46이너스 피자","permalink":"","username":"asdfg","text":"맛나요 식켜드세요 굿이요\n","date":"Mon Dec 10 23:59:44 +0000 2018","retweets":"30","favorites":"20","mentions":[],"hashtags":[],"geo":"","raw":"맛나요 식켜드세요 굿이요\n","polarity":{"com":0,"pos":1,"neg":0,"neut":0,"none":0},"intensity":{"high":0,"low":0,"meium":1,"none":0},"expressive":{"dir-action":0,"dir-explicit":0,"dir-speech":0.5,"indirect":0.5,"writing-device":0}},{"id":"46이너스 피자","permalink":"","username":"asdfg","text":"맛나요맛나요 시켜드세요\n\n","date":"Mon Dec 10 23:59:44 +0000 2018","retweets":"30","favorites":"20","mentions":[],"hashtags":[],"geo":"","raw":"맛나요맛나요 시켜드세요\n\n","polarity":{"com":0,"pos":1,"neg":0,"neut":0,"none":0},"intensity":{"high":0,"low":0,"meium":1,"none":0},"expressive":{"dir-action":0,"dir-explicit":0,"dir-speech":1,"indirect":0,"writing-device":0}},{"id":"46이너스 피자","permalink":"","username":"asdfg","text":"그냥평범평범 좋게좋게먹었음","date":"Mon Dec 10 23:59:44 +0000 2018","retweets":"30","favorites":"20","mentions":[],"hashtags":[],"geo":"","raw":"그냥평범평범 좋게좋게먹었음","polarity":{"com":0,"pos":0.5346666666,"neg":0.4493333334,"neut":0,"none":0.016},"intensity":{"high":0.10222222220000002,"low":0.0604444444,"meium":0.8213333333999999,"none":0.016},"expressive":{"dir-action":0,"dir-explicit":0.2844444444,"dir-speech":0.5355555556,"indirect":0.164,"writing-device":0.016}},{"id":"46이너스 피자","permalink":"","username":"asdfg","text":"불고기피자..진짜 최고ㅠㅠㅠㅠㅠ\n포테이토만먹다가 한번 시켜봤눈데 완전짱!","date":"Mon Dec 10 23:59:44 +0000 2018","retweets":"30","favorites":"20","mentions":[],"hashtags":[],"geo":"","raw":"불고기피자..진짜 최고ㅠㅠㅠㅠㅠ\n포테이토만먹다가 한번 시켜봤눈데 완전짱!","polarity":{"com":0,"pos":0.462962963,"neg":0.537037037,"neut":0,"none":0},"intensity":{"high":0.2592592593333333,"low":0,"meium":0.7407407406666667,"none":0},"expressive":{"dir-action":0,"dir-explicit":0.16666666666666666,"dir-speech":0.3333333333333333,"indirect":0.5,"writing-device":0}},{"id":"46이너스 피자","permalink":"","username":"asdfg","text":"언제오지? 배달시간이 안나오네 ","date":"Mon Dec 10 23:59:44 +0000 2018","retweets":"30","favorites":"20","mentions":[],"hashtags":[],"geo":"","raw":"언제오지? 배달시간이 안나오네 ","polarity":{"com":0,"pos":0.5,"neg":0.5,"neut":0,"none":0},"intensity":{"high":0.5,"low":0,"meium":0.5,"none":0},"expressive":{"dir-action":0,"dir-explicit":0.3333333333333333,"dir-speech":0.6666666666666666,"indirect":0,"writing-device":0}},{"id":"46이너스 피자","permalink":"","username":"asdfg","text":"양이 많구 맛도 좋네요 대만족","date":"Mon Dec 10 23:59:44 +0000 2018","retweets":"30","favorites":"20","mentions":[],"hashtags":[],"geo":"","raw":"양이 많구 맛도 좋네요 대만족","polarity":{"com":0,"pos":0.7704347826666667,"neg":0.20173913033333332,"neut":0.014492753666666663,"none":0.013333333333333332},"intensity":{"high":0.1536231883845411,"low":0.08579710136193236,"meium":0.7472463769157488,"none":0.013333333337777779},"expressive":{"dir-action":0,"dir-explicit":0.373913043457971,"dir-speech":0.4724637681574879,"indirect":0.1402898550467633,"writing-device":0.013333333337777779}},{"id":"46이너스 피자","permalink":"","username":"asdfg","text":"여기 무난하게 맛있고 괜찮네요 치즈도 실하구요","date":"Mon Dec 10 23:59:44 +0000 2018","retweets":"30","favorites":"20","mentions":[],"hashtags":[],"geo":"","raw":"여기 무난하게 맛있고 괜찮네요 치즈도 실하구요","polarity":{"com":0.002380952333333333,"pos":0.4047619046666666,"neg":0.44285714299999995,"neut":0.004761904666666666,"none":0.14523809533333332},"intensity":{"high":0.04761904766666666,"low":0.3714285713333333,"meium":0.43571428566666665,"none":0.14523809533333332},"expressive":{"dir-action":0,"dir-explicit":0.3952380952015873,"dir-speech":0.4333333331888889,"indirect":0.028571428657142857,"writing-device":0.14285714295238094}},{"id":"46이너스 피자","permalink":"","username":"asdfg","text":"청담동에서 여기만큼 괜찮은 피자집 없어요..\n배달도 평균적으로 빠른편이며 일단 배달인데도 갓구운듯한 피자여서 완전만족!!\n치즈크러스트를 넘 좋아하는데 도우부터 치즈까지 대만족입니다","date":"Mon Dec 10 23:59:44 +0000 2018","retweets":"30","favorites":"20","mentions":[],"hashtags":[],"geo":"","raw":"청담동에서 여기만큼 괜찮은 피자집 없어요..\n배달도 평균적으로 빠른편이며 일단 배달인데도 갓구운듯한 피자여서 완전만족!!\n치즈크러스트를 넘 좋아하는데 도우부터 치즈까지 대만족입니다","polarity":{"com":0.014832031867655469,"pos":0.5105118564340341,"neg":0.25439910175029323,"neut":0.04945854913663057,"none":0.17079846081138658},"intensity":{"high":0.13976347535196845,"low":0.11532482301537661,"meium":0.5710829378094777,"none":0.1738287638231772},"expressive":{"dir-action":0.0008492569332200991,"dir-explicit":0.3612562286184992,"dir-speech":0.270194724963974,"indirect":0.1913082086411589,"writing-device":0.17639158084314777}},{"id":"46이너스 피자","permalink":"","username":"asdfg","text":"일하다가 주문해서 먹었는데 크기도 크고\n맛도 맛있엇어용 ~~☆.☆\n","date":"Mon Dec 10 23:59:44 +0000 2018","retweets":"30","favorites":"20","mentions":[],"hashtags":[],"geo":"","raw":"일하다가 주문해서 먹었는데 크기도 크고\n맛도 맛있엇어용 ~~☆.☆\n","polarity":{"com":0,"pos":0.8666666665999999,"neg":0.13333333339999998,"neut":0,"none":0},"intensity":{"high":0.022222222200000006,"low":0.04444444440000001,"meium":0.9333333334,"none":0},"expressive":{"dir-action":0,"dir-explicit":0.4444444444,"dir-speech":0.5555555556,"indirect":0,"writing-device":0}},{"id":"46이너스 피자","permalink":"","username":"asdfg","text":"늘 친절해서 사무실에서 일할때 종종시킴","date":"Mon Dec 10 23:59:44 +0000 2018","retweets":"30","favorites":"20","mentions":[],"hashtags":[],"geo":"","raw":"늘 친절해서 사무실에서 일할때 종종시킴","polarity":{"com":0.03675464332108179,"pos":0.49022482883659185,"neg":0.3296839362234387,"neut":0.11886608029371132,"none":0.0244705113251765},"intensity":{"high":0.09204952736401649,"low":0.17507331372502444,"meium":0.7076898015692299,"none":0.025187357341729114},"expressive":{"dir-action":0.002150537666666667,"dir-explicit":0.25617465000000006,"dir-speech":0.40123818833333336,"indirect":0.31596611266666674,"writing-device":0.024470511333333337}},{"id":"46이너스 피자","permalink":"","username":"asdfg","text":"포테토피자 맛있어여 진짜크구~ ","date":"Mon Dec 10 23:59:44 +0000 2018","retweets":"30","favorites":"20","mentions":[],"hashtags":[],"geo":"","raw":"포테토피자 맛있어여 진짜크구~ ","polarity":{"com":0,"pos":0.224137931,"neg":0.7413793104999999,"neut":0.0344827585,"none":0},"intensity":{"high":0.1896551725,"low":0.0344827585,"meium":0.7586206895000001,"none":0.0172413795},"expressive":{"dir-action":0,"dir-explicit":0.275862069,"dir-speech":0.568965517,"indirect":0.155172414,"writing-device":0}},{"id":"46이너스 피자","permalink":"","username":"asdfg","text":"해당 리뷰는 배달통 운영 원칙에 따라 블라인드 처리 되었습니다.","date":"Mon Dec 10 23:59:44 +0000 2018","retweets":"30","favorites":"20","mentions":[],"hashtags":[],"geo":"","raw":"해당 리뷰는 배달통 운영 원칙에 따라 블라인드 처리 되었습니다.","polarity":{"com":0,"pos":0.4126984127063492,"neg":0.3075396826537698,"neut":0.2043650793521825,"none":0.07539682528769841},"intensity":{"high":0.035714285750000005,"low":0.08730158725,"meium":0.80158730175,"none":0.07539682525000001},"expressive":{"dir-action":0,"dir-explicit":0.44246031761061505,"dir-speech":0.2777777778194444,"indirect":0.20039682530009917,"writing-device":0.07936507926984127}},{"id":"46이너스 피자","permalink":"","username":"asdfg","text":"첨시켜봤는데 엄청 만족스럽네여~~~~\n늦은시간이라 한조각만 먹고 자려했는데 오빠랑 둘이서 피자랑 핫윙이랑 다 먹어버렸네여~~다욧은 낼부터 하는걸로...","date":"Mon Dec 10 23:59:44 +0000 2018","retweets":"30","favorites":"20","mentions":[],"hashtags":[],"geo":"","raw":"첨시켜봤는데 엄청 만족스럽네여~~~~\n늦은시간이라 한조각만 먹고 자려했는데 오빠랑 둘이서 피자랑 핫윙이랑 다 먹어버렸네여~~다욧은 낼부터 하는걸로...","polarity":{"com":0.014863566714285714,"pos":0.36397146107142847,"neg":0.47940523778571426,"neut":0.05389011514285714,"none":0.08786961928571427},"intensity":{"high":0.09813940127169435,"low":0.037793516208886636,"meium":0.7750617818892769,"none":0.0890053006301421},"expressive":{"dir-action":0.0051039353571428565,"dir-explicit":0.2606981662142857,"dir-speech":0.4436666245714286,"indirect":0.19818325692857144,"writing-device":0.09234801692857143}},{"id":"46이너스 피자","permalink":"","username":"asdfg","text":"세트시켜먹었는데, 윙이랑 스테이크 맛있엉. 근데 피자 도우랑 고구마무스는 싼티나요~^^ 그래도 가격대비 훌륭함","date":"Mon Dec 10 23:59:44 +0000 2018","retweets":"30","favorites":"20","mentions":[],"hashtags":[],"geo":"","raw":"세트시켜먹었는데, 윙이랑 스테이크 맛있엉. 근데 피자 도우랑 고구마무스는 싼티나요~^^ 그래도 가격대비 훌륭함","polarity":{"com":0,"pos":0.7278911563896987,"neg":0.24716553303530936,"neut":0.013605442144800776,"none":0.011337868430191125},"intensity":{"high":0.18707482997327501,"low":0.07369614513232912,"meium":0.7278911564674442,"none":0.011337868426951734},"expressive":{"dir-action":0.007936508,"dir-explicit":0.2528344671428572,"dir-speech":0.380952381,"indirect":0.3446712017142857,"writing-device":0.013605442142857142}},{"id":"46이너스 피자","permalink":"","username":"asdfg","text":"엊그제 L사이즈\n반반 먹었는데~포테이토\n맛있었어요^^","date":"Mon Dec 10 23:59:44 +0000 2018","retweets":"30","favorites":"20","mentions":[],"hashtags":[],"geo":"","raw":"엊그제 L사이즈\n반반 먹었는데~포테이토\n맛있었어요^^","polarity":{"com":0,"pos":0.1666666665,"neg":0.8333333334999999,"neut":0,"none":0},"intensity":{"high":0.0555555555,"low":0.111111111,"meium":0.8333333334999999,"none":0},"expressive":{"dir-action":0,"dir-explicit":0.111111111,"dir-speech":0.888888889,"indirect":0,"writing-device":0}}]