[{"id":"혼술식당-상계점","permalink":"","username":"asdfg","text":"걍 보통입니다 혼자먹기엔 머...","date":"Mon Dec 10 23:59:44 +0000 2018","retweets":"30","favorites":"20","mentions":[],"hashtags":[],"geo":"","raw":"걍 보통입니다 혼자먹기엔 머...","polarity":{"com":0.0114379085,"pos":0.359477124,"neg":0.4722222225,"neut":0.045751634,"none":0.111111111},"intensity":{"high":0.1192810455596405,"low":0.1519607840759804,"meium":0.6176470593088236,"none":0.11111111105555554},"expressive":{"dir-action":0,"dir-explicit":0.320261438,"dir-speech":0.4901960785,"indirect":0.068627451,"writing-device":0.1209150325}},{"id":"혼술식당-상계점","permalink":"","username":"asdfg","text":"쫄뱅이는 태어나서 먹은 쫄면 중 제일 맛있음\n편육은 굉장히 아쉬움..또 시킬것같진 않음\n똥집 양 많고 맛있음","date":"Mon Dec 10 23:59:44 +0000 2018","retweets":"30","favorites":"20","mentions":[],"hashtags":[],"geo":"","raw":"쫄뱅이는 태어나서 먹은 쫄면 중 제일 맛있음\n편육은 굉장히 아쉬움..또 시킬것같진 않음\n똥집 양 많고 맛있음","polarity":{"com":0.001540832090909091,"pos":0.22265970472727273,"neg":0.6453897182727273,"neut":0.03261471336363636,"none":0.09779503154545455},"intensity":{"high":0.04883342319069699,"low":0.0955815656537421,"meium":0.7577899795923255,"none":0.09779503156323546},"expressive":{"dir-action":0,"dir-explicit":0.2498356842727273,"dir-speech":0.5323051743636363,"indirect":0.104191094,"writing-device":0.11366804736363632}},{"id":"혼술식당-상계점","permalink":"","username":"asdfg","text":"굿굿쫄뱅이 맛있네요~ 양 진짜 많아요!!","date":"Mon Dec 10 23:59:44 +0000 2018","retweets":"30","favorites":"20","mentions":[],"hashtags":[],"geo":"","raw":"굿굿쫄뱅이 맛있네요~ 양 진짜 많아요!!","polarity":{"com":0.015418502,"pos":0.41151120500000005,"neg":0.5028730125,"neut":0.06579199399999999,"none":0.0044052865},"intensity":{"high":0.1832982186832982,"low":0.17477494717477496,"meium":0.6353189046353189,"none":0.0066079295066079295},"expressive":{"dir-action":0.002202643002202643,"dir-explicit":0.46791802346791805,"dir-speech":0.28931239228931244,"indirect":0.23395901173395903,"writing-device":0.0066079295066079295}},{"id":"혼술식당-상계점","permalink":"","username":"asdfg","text":"깔끔하긴한데 맛이 심심해요","date":"Mon Dec 10 23:59:44 +0000 2018","retweets":"30","favorites":"20","mentions":[],"hashtags":[],"geo":"","raw":"깔끔하긴한데 맛이 심심해요","polarity":{"com":0.008008007999999999,"pos":0.5375375376666666,"neg":0.4354354353333333,"neut":0.011011011,"none":0.008008007999999999},"intensity":{"high":0.038038038,"low":0.36136136133333335,"meium":0.5915915916666666,"none":0.009009009},"expressive":{"dir-action":0.0010010010000000003,"dir-explicit":0.4374374373333334,"dir-speech":0.36336336333333336,"indirect":0.18918918933333334,"writing-device":0.009009009}},{"id":"혼술식당-상계점","permalink":"","username":"asdfg","text":"사진을 찍을새가 없어요. 먹을려고 세팅해놓자마자 벌써 무너져있는 음식들!  맛있는건 알아서리... 오늘도 자알 먹었습니다.^^","date":"Mon Dec 10 23:59:44 +0000 2018","retweets":"30","favorites":"20","mentions":[],"hashtags":[],"geo":"","raw":"사진을 찍을새가 없어요. 먹을려고 세팅해놓자마자 벌써 무너져있는 음식들!  맛있는건 알아서리... 오늘도 자알 먹었습니다.^^","polarity":{"com":0.006164800332648356,"pos":0.504448073721728,"neg":0.34154238585093977,"neut":0.0306691438854812,"none":0.1171755962092027},"intensity":{"high":0.05707197755555556,"low":0.08820838222222221,"meium":0.7356947893333334,"none":0.1190248508888889},"expressive":{"dir-action":0.056272401438191955,"dir-explicit":0.24095059097322774,"dir-speech":0.31125057652097216,"indirect":0.2650434755261063,"writing-device":0.12648295554150188}},{"id":"혼술식당-상계점","permalink":"","username":"asdfg","text":"낙지볶음이 겁나 매웠지만 맛있었구요 고추잡채도 맛있었어요. 재주문인데 후회 없어요.^^","date":"Mon Dec 10 23:59:44 +0000 2018","retweets":"30","favorites":"20","mentions":[],"hashtags":[],"geo":"","raw":"낙지볶음이 겁나 매웠지만 맛있었구요 고추잡채도 맛있었어요. 재주문인데 후회 없어요.^^","polarity":{"com":0.009566222833333334,"pos":0.2606954975,"neg":0.5245078931666667,"neut":0.10848918833333332,"none":0.09674119816666667},"intensity":{"high":0.0905522595,"low":0.14058861383333332,"meium":0.6697655911666667,"none":0.0990935355},"expressive":{"dir-action":0.0007342143333333332,"dir-explicit":0.2902135636666667,"dir-speech":0.4196138093333333,"indirect":0.18829910733333333,"writing-device":0.10113930533333333}},{"id":"혼술식당-상계점","permalink":"","username":"asdfg","text":"완전 맛나요~~\n배달도 빠르구용~~~","date":"Mon Dec 10 23:59:44 +0000 2018","retweets":"30","favorites":"20","mentions":[],"hashtags":[],"geo":"","raw":"완전 맛나요~~\n배달도 빠르구용~~~","polarity":{"com":0.0125,"pos":0.5464285715,"neg":0.44107142850000003,"neut":0,"none":0},"intensity":{"high":0.11964285722008929,"low":0.16726190470818453,"meium":0.7130952380717261,"none":0},"expressive":{"dir-action":0,"dir-explicit":0.2214285715,"dir-speech":0.24821428574999999,"indirect":0.53035714275,"writing-device":0}},{"id":"혼술식당-상계점","permalink":"","username":"asdfg","text":"쫄뱅이외 시켰는데 생각했던것보다 양이 많았어요.골뱅이도 일반 통조림골뱅이가 아니었구요, 똥집도 자르지않은 생긴것 그대로의 큰 똥집이 왔구요.ㅎ 맛있게 잘 먹었습니다. 재주문할것같습니다.","date":"Mon Dec 10 23:59:44 +0000 2018","retweets":"30","favorites":"20","mentions":[],"hashtags":[],"geo":"","raw":"쫄뱅이외 시켰는데 생각했던것보다 양이 많았어요.골뱅이도 일반 통조림골뱅이가 아니었구요, 똥집도 자르지않은 생긴것 그대로의 큰 똥집이 왔구요.ㅎ 맛있게 잘 먹었습니다. 재주문할것같습니다.","polarity":{"com":0.007715035213183565,"pos":0.2707761388184605,"neg":0.40217794251397454,"neut":0.16221093340539844,"none":0.15711995004898285},"intensity":{"high":0.076173878,"low":0.1584730532142857,"meium":0.6075953635714285,"none":0.15775770521428567},"expressive":{"dir-action":0,"dir-explicit":0.24807932816112588,"dir-speech":0.44047770276275483,"indirect":0.15194206675315527,"writing-device":0.1595009023229641}},{"id":"혼술식당-상계점","permalink":"","username":"asdfg","text":"전반적으로 만족했습니다\n번창하세요","date":"Mon Dec 10 23:59:44 +0000 2018","retweets":"30","favorites":"20","mentions":[],"hashtags":[],"geo":"","raw":"전반적으로 만족했습니다\n번창하세요","polarity":{"com":0.009677419499999998,"pos":0.25806451599999997,"neg":0.676344086,"neut":0.041935483999999995,"none":0.013978494499999997},"intensity":{"high":0.069892473,"low":0.058064516,"meium":0.8569892475,"none":0.0150537635},"expressive":{"dir-action":0.0032258065,"dir-explicit":0.6569892475,"dir-speech":0.147311828,"indirect":0.1784946235,"writing-device":0.0139784945}},{"id":"혼술식당-상계점","permalink":"","username":"asdfg","text":"혼술하기에 제일 좋은 안주\n아쉬움이 있다면 탕 안주도 추가되었으면 합니다","date":"Mon Dec 10 23:59:44 +0000 2018","retweets":"30","favorites":"20","mentions":[],"hashtags":[],"geo":"","raw":"혼술하기에 제일 좋은 안주\n아쉬움이 있다면 탕 안주도 추가되었으면 합니다","polarity":{"com":0.011824465372043883,"pos":0.4499515395125121,"neg":0.3798315989050421,"neut":0.03268272774182932,"none":0.1257096684685726},"intensity":{"high":0.12098345459475414,"low":0.07702389385574403,"meium":0.6589523842102618,"none":0.14304026733923997},"expressive":{"dir-action":0.0022432332497195956,"dir-explicit":0.41730531369783685,"dir-speech":0.22475492509690562,"indirect":0.20622739072422155,"writing-device":0.14946913723131636}},{"id":"혼술식당-상계점","permalink":"","username":"asdfg","text":"와 소고기 부드러운거 사실임? 비쥬얼에 놀라고 맛에 놀라고 두번째시키는데 늘 실망시키지 않네요 짱짱!!","date":"Mon Dec 10 23:59:44 +0000 2018","retweets":"30","favorites":"20","mentions":[],"hashtags":[],"geo":"","raw":"와 소고기 부드러운거 사실임? 비쥬얼에 놀라고 맛에 놀라고 두번째시키는데 늘 실망시키지 않네요 짱짱!!","polarity":{"com":0,"pos":0.2777777777142857,"neg":0.22222222228571425,"neut":0.5,"none":0},"intensity":{"high":0.023809523853741493,"low":0.007936507998866213,"meium":0.9682539681473923,"none":0},"expressive":{"dir-action":0.007936508,"dir-explicit":0.05555555557142857,"dir-speech":0.4603174602857143,"indirect":0.40476190471428575,"writing-device":0.07142857142857142}},{"id":"혼술식당-상계점","permalink":"","username":"asdfg","text":"맛있습니다 쫄뱅이시켜먹는데 늘신선하고 \n배달도빠르고 저아여","date":"Mon Dec 10 23:59:44 +0000 2018","retweets":"30","favorites":"20","mentions":[],"hashtags":[],"geo":"","raw":"맛있습니다 쫄뱅이시켜먹는데 늘신선하고 \n배달도빠르고 저아여","polarity":{"com":0.008365307166666667,"pos":0.5468634045,"neg":0.4099805788333334,"neut":0.028662782500000008,"none":0.006127927000000002},"intensity":{"high":0.059437154843239526,"low":0.1339738628556623,"meium":0.7993684179665613,"none":0.00722056433453676},"expressive":{"dir-action":0.0018094831669682471,"dir-explicit":0.15838293885973048,"dir-speech":0.5722724857620455,"indirect":0.26067295087677883,"writing-device":0.006862141334477023}},{"id":"혼술식당-상계점","permalink":"","username":"asdfg","text":"단골맛집. 배달도 빨라오고 맛있어요.","date":"Mon Dec 10 23:59:44 +0000 2018","retweets":"30","favorites":"20","mentions":[],"hashtags":[],"geo":"","raw":"단골맛집. 배달도 빨라오고 맛있어요.","polarity":{"com":0,"pos":0.5,"neg":0.4166666666666667,"neut":0.08333333333333333,"none":0},"intensity":{"high":0,"low":0.11111111116666665,"meium":0.8888888888333333,"none":0},"expressive":{"dir-action":0,"dir-explicit":0,"dir-speech":0.6666666666666666,"indirect":0.3333333333333333,"writing-device":0}},{"id":"혼술식당-상계점","permalink":"","username":"asdfg","text":"대박 양도맛도 최고 가격도 착하고 너무 좋아요 추천합니다 진심","date":"Mon Dec 10 23:59:44 +0000 2018","retweets":"30","favorites":"20","mentions":[],"hashtags":[],"geo":"","raw":"대박 양도맛도 최고 가격도 착하고 너무 좋아요 추천합니다 진심","polarity":{"com":0.024999999999999998,"pos":0.7076719576666667,"neg":0.19232804233333334,"neut":0.002380952333333334,"none":0.07261904766666667},"intensity":{"high":0.2605820106666667,"low":0.042857142833333334,"meium":0.6239417988333333,"none":0.07261904766666667},"expressive":{"dir-action":0,"dir-explicit":0.2928571427845238,"dir-speech":0.2642857142892857,"indirect":0.37142857143809527,"writing-device":0.07142857148809524}},{"id":"혼술식당-상계점","permalink":"","username":"asdfg","text":"역시 맛있습니다~양도 푸짐해요!","date":"Mon Dec 10 23:59:44 +0000 2018","retweets":"30","favorites":"20","mentions":[],"hashtags":[],"geo":"","raw":"역시 맛있습니다~양도 푸짐해요!","polarity":{"com":0.012012012006006007,"pos":0.4729729732364865,"neg":0.15315315307657656,"neut":0.1831831830915916,"none":0.17867867858933933},"intensity":{"high":0.05705705702852852,"low":0.2087087086043543,"meium":0.554054054277027,"none":0.18018018009009004},"expressive":{"dir-action":0.001501501500750751,"dir-explicit":0.32282282266141143,"dir-speech":0.21171171160585586,"indirect":0.28378378414189187,"writing-device":0.1801801800900901}},{"id":"혼술식당-상계점","permalink":"","username":"asdfg","text":"옛날 도시락은 진리\n육회비빔밥은 살 짝 아쉬웠어요\n그래도 잘먹었습니다","date":"Mon Dec 10 23:59:44 +0000 2018","retweets":"30","favorites":"20","mentions":[],"hashtags":[],"geo":"","raw":"옛날 도시락은 진리\n육회비빔밥은 살 짝 아쉬웠어요\n그래도 잘먹었습니다","polarity":{"com":0.008474576502118645,"pos":0.35653753008913436,"neg":0.5832324456458081,"neut":0.03480629525870157,"none":0.016949152504237286},"intensity":{"high":0.3008474576504237,"low":0.12136803856068402,"meium":0.5608353512804177,"none":0.016949152508474577},"expressive":{"dir-action":0,"dir-explicit":0.4391646490000001,"dir-speech":0.3153753027500001,"indirect":0.22851089575000003,"writing-device":0.016949152500000002}},{"id":"혼술식당-상계점","permalink":"","username":"asdfg","text":"메밀전병운 언제먹어도 진짜맛있어요ㅠㅠ\n살짝 매콤하고 쫄깃해가지고 꼭시켜먹는안주에요!","date":"Mon Dec 10 23:59:44 +0000 2018","retweets":"30","favorites":"20","mentions":[],"hashtags":[],"geo":"","raw":"메밀전병운 언제먹어도 진짜맛있어요ㅠㅠ\n살짝 매콤하고 쫄깃해가지고 꼭시켜먹는안주에요!","polarity":{"com":0.0072298104999999994,"pos":0.35479027416666664,"neg":0.5542768574999999,"neut":0.019484000166666664,"none":0.06421905766666666},"intensity":{"high":0.22750169516666666,"low":0.07040588966666667,"meium":0.637014434,"none":0.06507798116666667},"expressive":{"dir-action":0.0015757693335959615,"dir-explicit":0.14141883819023643,"dir-speech":0.5826374762637728,"indirect":0.20964835803494136,"writing-device":0.06471955817745326}},{"id":"혼술식당-상계점","permalink":"","username":"asdfg","text":"김치전골 시켰어요!\n달짝지근하니 딱 제 스타일이에요\n젊으신 분들 입맛에 맞게 달달하게 잘 해주셨네용\n\n우동사리 추가했는데 전 너무 맛있네요\n라면사리는 기본으로 오던데 라면사리를 추가할걸 그랬어요. 라면이 엄~~청 맛있더라구요\n게다가 가격은 또 왜이렇게 착한지...\n\n진짜 너무너무 너무너무 좋은데\n딱 한가지 아쉬운점이라면\n\n고기가 너무 적어서....\n\n아 근데 고기가 너무 맛있는데 무슨 고기 쓰신건지\n알려주세요.. 고기 너무 맛있어요!","date":"Mon Dec 10 23:59:44 +0000 2018","retweets":"30","favorites":"20","mentions":[],"hashtags":[],"geo":"","raw":"김치전골 시켰어요!\n달짝지근하니 딱 제 스타일이에요\n젊으신 분들 입맛에 맞게 달달하게 잘 해주셨네용\n\n우동사리 추가했는데 전 너무 맛있네요\n라면사리는 기본으로 오던데 라면사리를 추가할걸 그랬어요. 라면이 엄~~청 맛있더라구요\n게다가 가격은 또 왜이렇게 착한지...\n\n진짜 너무너무 너무너무 좋은데\n딱 한가지 아쉬운점이라면\n\n고기가 너무 적어서....\n\n아 근데 고기가 너무 맛있는데 무슨 고기 쓰신건지\n알려주세요.. 고기 너무 맛있어요!","polarity":{"com":0.026920863695192244,"pos":0.3098862618419413,"neg":0.37070091039918607,"neut":0.18781912133855055,"none":0.10467284272512978},"intensity":{"high":0.09335917786889106,"low":0.09046106300753841,"meium":0.7104597949480937,"none":0.10571996417547666},"expressive":{"dir-action":0.029015128388888898,"dir-explicit":0.17405324952777784,"dir-speech":0.4888339438333334,"indirect":0.19703670905555556,"writing-device":0.11106096919444446}},{"id":"혼술식당-상계점","permalink":"","username":"asdfg","text":"와 짱짱!!!!! 다맛잇어요","date":"Mon Dec 10 23:59:44 +0000 2018","retweets":"30","favorites":"20","mentions":[],"hashtags":[],"geo":"","raw":"와 짱짱!!!!! 다맛잇어요","polarity":{"com":0,"pos":0.607142857,"neg":0,"neut":0.25000000000000006,"none":0.14285714300000002},"intensity":{"high":0.1428571429285714,"low":0,"meium":0.7142857141428571,"none":0.1428571429285714},"expressive":{"dir-action":0,"dir-explicit":0.21428571439285712,"dir-speech":0.39285714280357137,"indirect":0.249999999875,"writing-device":0.1428571429285714}},{"id":"혼술식당-상계점","permalink":"","username":"asdfg","text":"음식점이 아니라 요기요배달원 잘못이겠지만 앞집으로 잘못 배달되었네요ㅜㅜ\n좀더 신경써주시길..\n음식은 최고예요~","date":"Mon Dec 10 23:59:44 +0000 2018","retweets":"30","favorites":"20","mentions":[],"hashtags":[],"geo":"","raw":"음식점이 아니라 요기요배달원 잘못이겠지만 앞집으로 잘못 배달되었네요ㅜㅜ\n좀더 신경써주시길..\n음식은 최고예요~","polarity":{"com":0.006806144124149232,"pos":0.1609687981048789,"neg":0.6180686632977413,"neut":0.15310092448086238,"none":0.061055469992368064},"intensity":{"high":0.046376637125,"low":0.054875288875,"meium":0.836130104,"none":0.06261797},"expressive":{"dir-action":0,"dir-explicit":0.16330171422958725,"dir-speech":0.4071311633241086,"indirect":0.368511652453936,"writing-device":0.061055469992368064}},{"id":"혼술식당-상계점","permalink":"","username":"asdfg","text":"첫주문이었고 맛과양 둘다\n대만족입니다.\n한가지 아쉬운건\n김밥집처럼 \n조그마한 국물이 있었음 좋았는데\n그게 너무 아쉽네요.\n햄버거를 콜라같은 음료와 먹듯이\n비빔밥이나 덮밥류를 ...\n아무튼 맛은 좋습니다.\n담번에는 소고기스테이크를 \n먹어볼 예정입니다.","date":"Mon Dec 10 23:59:44 +0000 2018","retweets":"30","favorites":"20","mentions":[],"hashtags":[],"geo":"","raw":"첫주문이었고 맛과양 둘다\n대만족입니다.\n한가지 아쉬운건\n김밥집처럼 \n조그마한 국물이 있었음 좋았는데\n그게 너무 아쉽네요.\n햄버거를 콜라같은 음료와 먹듯이\n비빔밥이나 덮밥류를 ...\n아무튼 맛은 좋습니다.\n담번에는 소고기스테이크를 \n먹어볼 예정입니다.","polarity":{"com":0.0165991641840817,"pos":0.4686066310639009,"neg":0.32154141995293745,"neut":0.1617531357947845,"none":0.0314996490042954},"intensity":{"high":0.0872410991857837,"low":0.060557807593661736,"meium":0.820564944082753,"none":0.03163614913780165},"expressive":{"dir-action":0.0018736165904832689,"dir-explicit":0.3195028456546584,"dir-speech":0.460692587213479,"indirect":0.1797550353682375,"writing-device":0.03817591517314184}},{"id":"혼술식당-상계점","permalink":"","username":"asdfg","text":"가성비짱이에요!! 넘맛있어욤~^^","date":"Mon Dec 10 23:59:44 +0000 2018","retweets":"30","favorites":"20","mentions":[],"hashtags":[],"geo":"","raw":"가성비짱이에요!! 넘맛있어욤~^^","polarity":{"com":0,"pos":0.090909091,"neg":0.7727272725000001,"neut":0.090909091,"none":0.0454545455},"intensity":{"high":0.0454545455,"low":0.090909091,"meium":0.818181818,"none":0.0454545455},"expressive":{"dir-action":0,"dir-explicit":0,"dir-speech":0.909090909,"indirect":0.0454545455,"writing-device":0.0454545455}},{"id":"혼술식당-상계점","permalink":"","username":"asdfg","text":"굿","date":"Mon Dec 10 23:59:44 +0000 2018","retweets":"30","favorites":"20","mentions":[],"hashtags":[],"geo":"","raw":"굿","polarity":{"com":0,"pos":1,"neg":0,"neut":0,"none":0},"intensity":{"high":0,"low":0,"meium":1,"none":0},"expressive":{"dir-action":0,"dir-explicit":0,"dir-speech":0,"indirect":1,"writing-device":0}},{"id":"혼술식당-상계점","permalink":"","username":"asdfg","text":"항상 맛나게 막고 있습니다\n우동은 조금 짜게 하셨어요\n그래도 감사해요 맛난 음식","date":"Mon Dec 10 23:59:44 +0000 2018","retweets":"30","favorites":"20","mentions":[],"hashtags":[],"geo":"","raw":"항상 맛나게 막고 있습니다\n우동은 조금 짜게 하셨어요\n그래도 감사해요 맛난 음식","polarity":{"com":0.0056886812,"pos":0.6022209232000001,"neg":0.3256575104,"neut":0.0205727644,"none":0.0458601208},"intensity":{"high":0.24332748880000002,"low":0.0524060004,"meium":0.6561075394,"none":0.0481589714},"expressive":{"dir-action":0.00229885060045977,"dir-explicit":0.2530878628506176,"dir-speech":0.6279563609255913,"indirect":0.06390025321278005,"writing-device":0.05275667241055134}},{"id":"혼술식당-상계점","permalink":"","username":"asdfg","text":"늦은시간 시켜먹었는데 다 먹었습니다.","date":"Mon Dec 10 23:59:44 +0000 2018","retweets":"30","favorites":"20","mentions":[],"hashtags":[],"geo":"","raw":"늦은시간 시켜먹었는데 다 먹었습니다.","polarity":{"com":0,"pos":0.32440476175,"neg":0.60416666675,"neut":0,"none":0.0714285715},"intensity":{"high":0.1617063492095734,"low":0.05555555548611111,"meium":0.7113095238221726,"none":0.07142857148214285},"expressive":{"dir-action":0,"dir-explicit":0.2251984126937004,"dir-speech":0.3908730159022817,"indirect":0.312499999921875,"writing-device":0.07142857148214285}},{"id":"혼술식당-상계점","permalink":"","username":"asdfg","text":"양이 엄청 많고 맛도 있어요 친구들한테 추천해주려고요!","date":"Mon Dec 10 23:59:44 +0000 2018","retweets":"30","favorites":"20","mentions":[],"hashtags":[],"geo":"","raw":"양이 엄청 많고 맛도 있어요 친구들한테 추천해주려고요!","polarity":{"com":0.007582815600000001,"pos":0.6504658384,"neg":0.21765010360000003,"neut":0.033229813799999994,"none":0.0910714286},"intensity":{"high":0.1668995858333799,"low":0.08607660461721532,"meium":0.6530538301306108,"none":0.093969979418794},"expressive":{"dir-action":0,"dir-explicit":0.17841614887136648,"dir-speech":0.39759316775903736,"indirect":0.33291925473316775,"writing-device":0.0910714286364286}},{"id":"혼술식당-상계점","permalink":"","username":"asdfg","text":"가성비는 확실히 좋아요!!","date":"Mon Dec 10 23:59:44 +0000 2018","retweets":"30","favorites":"20","mentions":[],"hashtags":[],"geo":"","raw":"가성비는 확실히 좋아요!!","polarity":{"com":0,"pos":0.4730928331576976,"neg":0.36446368445482125,"neut":0.09235209236411737,"none":0.0700913900233638},"intensity":{"high":0.10755170766666666,"low":0.15330447333333333,"meium":0.6690524290000001,"none":0.07009139},"expressive":{"dir-action":0,"dir-explicit":0.25291005299999997,"dir-speech":0.5616161616666667,"indirect":0.11009139000000001,"writing-device":0.07538239533333334}},{"id":"혼술식당-상계점","permalink":"","username":"asdfg","text":"맛나게 잘먹었습니다","date":"Mon Dec 10 23:59:44 +0000 2018","retweets":"30","favorites":"20","mentions":[],"hashtags":[],"geo":"","raw":"맛나게 잘먹었습니다","polarity":{"com":0,"pos":0.7142857147142857,"neg":0.21428571421428572,"neut":0.07142857107142857,"none":0},"intensity":{"high":0,"low":0.214285714,"meium":0.785714286,"none":0},"expressive":{"dir-action":0,"dir-explicit":0.214285714,"dir-speech":0.142857143,"indirect":0.642857143,"writing-device":0}},{"id":"혼술식당-상계점","permalink":"","username":"asdfg","text":"역시 맛있습니다\n국물을 좀 주시면 좋은데 ..\n암튼 잘 먹었습니다","date":"Mon Dec 10 23:59:44 +0000 2018","retweets":"30","favorites":"20","mentions":[],"hashtags":[],"geo":"","raw":"역시 맛있습니다\n국물을 좀 주시면 좋은데 ..\n암튼 잘 먹었습니다","polarity":{"com":0.004204204201681681,"pos":0.6258361220503342,"neg":0.2005268124802107,"neut":0.09296439283718574,"none":0.07646846843058738},"intensity":{"high":0.06822822821364564,"low":0.14034663222806928,"meium":0.7149566711429912,"none":0.07646846841529369},"expressive":{"dir-action":0.003003003001201201,"dir-explicit":0.3991934791596774,"dir-speech":0.21890175888756072,"indirect":0.30123208932049284,"writing-device":0.07766966963106788}},{"id":"혼술식당-상계점","permalink":"","username":"asdfg","text":"너무 맛있고 양도 넉넉해 깜짝놀랐네요~조만간 다른 메뉴도다 시켜볼게요.  특히 닭모래집볶음 양도많고 넘맛나요! 청양고추만 추가 되었으면 최고였을듯ㅎ집에도 똑 떨어져서..ㅜㅜ","date":"Mon Dec 10 23:59:44 +0000 2018","retweets":"30","favorites":"20","mentions":[],"hashtags":[],"geo":"","raw":"너무 맛있고 양도 넉넉해 깜짝놀랐네요~조만간 다른 메뉴도다 시켜볼게요.  특히 닭모래집볶음 양도많고 넘맛나요! 청양고추만 추가 되었으면 최고였을듯ㅎ집에도 똑 떨어져서..ㅜㅜ","polarity":{"com":0.016445008998972187,"pos":0.40535089059966556,"neg":0.3017152717311428,"neut":0.0910832070568073,"none":0.18540562161341215},"intensity":{"high":0.2123363240625,"low":0.08936806093749998,"meium":0.51275558475,"none":0.18554003025000002},"expressive":{"dir-action":0.0004032258124243952,"dir-explicit":0.23955348714258373,"dir-speech":0.3049818659428159,"indirect":0.272138668573974,"writing-device":0.182922752528202}},{"id":"혼술식당-상계점","permalink":"","username":"asdfg","text":"먹다가 급하게 생각나서 사진찍었네요\n닭모래집튀김 정말 맛있구요\n스테이크도 연하고 딱 알맞게 익혀졌구요\n술값도 착하고\n자주먹게 될거 같아요\n모든 메뉴 다 섭렵할거에요","date":"Mon Dec 10 23:59:44 +0000 2018","retweets":"30","favorites":"20","mentions":[],"hashtags":[],"geo":"","raw":"먹다가 급하게 생각나서 사진찍었네요\n닭모래집튀김 정말 맛있구요\n스테이크도 연하고 딱 알맞게 익혀졌구요\n술값도 착하고\n자주먹게 될거 같아요\n모든 메뉴 다 섭렵할거에요","polarity":{"com":0.0073066110656924525,"pos":0.46738713527101505,"neg":0.3851742360819768,"neut":0.036043532461860865,"none":0.10408848511945487},"intensity":{"high":0.1193817284507491,"low":0.13515942244864543,"meium":0.6410836255811889,"none":0.10437522351941664},"expressive":{"dir-action":0.0008602150664372759,"dir-explicit":0.19853396008039095,"dir-speech":0.32004635664798764,"indirect":0.27490764079335794,"writing-device":0.20565182741182622}},{"id":"혼술식당-상계점","permalink":"","username":"asdfg","text":"늘 맛있게 먹고있어요\n근데 스테이크밥은 양이 좀 줄었네요  크\n암튼 잘먹었습니다","date":"Mon Dec 10 23:59:44 +0000 2018","retweets":"30","favorites":"20","mentions":[],"hashtags":[],"geo":"","raw":"늘 맛있게 먹고있어요\n근데 스테이크밥은 양이 좀 줄었네요  크\n암튼 잘먹었습니다","polarity":{"com":0,"pos":0.40952380948190475,"neg":0.576190476315238,"neut":0.014285714202857142,"none":0},"intensity":{"high":0.0222222222,"low":0.18730158719999998,"meium":0.6904761906,"none":0.1},"expressive":{"dir-action":0,"dir-explicit":0.2673015872,"dir-speech":0.6041269842,"indirect":0.12857142859999998,"writing-device":0}},{"id":"혼술식당-상계점","permalink":"","username":"asdfg","text":"스테이크 볶음밥 맛있습니다~ 처음 시켜먹어는데 고기가 부드러워서 좋네요!","date":"Mon Dec 10 23:59:44 +0000 2018","retweets":"30","favorites":"20","mentions":[],"hashtags":[],"geo":"","raw":"스테이크 볶음밥 맛있습니다~ 처음 시켜먹어는데 고기가 부드러워서 좋네요!","polarity":{"com":0.020408163285714286,"pos":0.4284807255714286,"neg":0.3571882087142857,"neut":0.15646258500000002,"none":0.03746031742857143},"intensity":{"high":0.04897959185714286,"low":0.07147392285714285,"meium":0.8420861678571427,"none":0.03746031742857143},"expressive":{"dir-action":0,"dir-explicit":0.32380952381088435,"dir-speech":0.5818594104883058,"indirect":0.05460317456362812,"writing-device":0.039727891137181726}},{"id":"혼술식당-상계점","permalink":"","username":"asdfg","text":"혼술식당 때문에 ㅋㅋㅋㅋ 술꾼이 될 것만 같아요 ㅋㅋㅋ","date":"Mon Dec 10 23:59:44 +0000 2018","retweets":"30","favorites":"20","mentions":[],"hashtags":[],"geo":"","raw":"혼술식당 때문에 ㅋㅋㅋㅋ 술꾼이 될 것만 같아요 ㅋㅋㅋ","polarity":{"com":0.04166666675,"pos":0.52083333325,"neg":0.25,"neut":0.0625,"none":0.125},"intensity":{"high":0.16666666675,"low":0,"meium":0.70833333325,"none":0.125},"expressive":{"dir-action":0,"dir-explicit":0.5625,"dir-speech":0.125,"indirect":0.1875,"writing-device":0.12499999999999999}},{"id":"혼술식당-상계점","permalink":"","username":"asdfg","text":"저 여기 단골된지 얼마안되었어요^^ ㅎㅎ 정말 맛있고 배달도 짱짱 빨라요. ~ 소주로 가끔 스트레스 푸는데 밤에 혼술하기도 좋고 양도 적당해요. 먹는양이 많지 않은 편이라 주로 모찌리도후나 닭모래집요리, 번데기탕 같은 사이드 위주로 시켜도 언제나 친절하고 정성돋게 배달해주세요^^ 강추입니다♡","date":"Mon Dec 10 23:59:44 +0000 2018","retweets":"30","favorites":"20","mentions":[],"hashtags":[],"geo":"","raw":"저 여기 단골된지 얼마안되었어요^^ ㅎㅎ 정말 맛있고 배달도 짱짱 빨라요. ~ 소주로 가끔 스트레스 푸는데 밤에 혼술하기도 좋고 양도 적당해요. 먹는양이 많지 않은 편이라 주로 모찌리도후나 닭모래집요리, 번데기탕 같은 사이드 위주로 시켜도 언제나 친절하고 정성돋게 배달해주세요^^ 강추입니다♡","polarity":{"com":0.014036396374999998,"pos":0.45746378741666655,"neg":0.3762446130416667,"neut":0.059688212208333334,"none":0.09256699095833332},"intensity":{"high":0.11613648367150568,"low":0.18563206863273463,"meium":0.6050540176502105,"none":0.09317743004554907},"expressive":{"dir-action":0.0002688172083221327,"dir-explicit":0.25785124761425626,"dir-speech":0.3878974842755043,"indirect":0.2589119585725453,"writing-device":0.09507049232937208}},{"id":"혼술식당-상계점","permalink":"","username":"asdfg","text":"맛있게잘먹었어요~^^","date":"Mon Dec 10 23:59:44 +0000 2018","retweets":"30","favorites":"20","mentions":[],"hashtags":[],"geo":"","raw":"맛있게잘먹었어요~^^","polarity":{"com":0,"pos":0.35714285717857136,"neg":0.6071428573035714,"neut":0.03571428551785714,"none":0},"intensity":{"high":0,"low":0.107142857,"meium":0.8928571430000001,"none":0},"expressive":{"dir-action":0,"dir-explicit":0.107142857,"dir-speech":0.5714285715,"indirect":0.3214285715,"writing-device":0}},{"id":"혼술식당-상계점","permalink":"","username":"asdfg","text":"처음시켜먹는데 맛있어요","date":"Mon Dec 10 23:59:44 +0000 2018","retweets":"30","favorites":"20","mentions":[],"hashtags":[],"geo":"","raw":"처음시켜먹는데 맛있어요","polarity":{"com":0.047619047650793646,"pos":0.2539682539153439,"neg":0.6507936507830687,"neut":0,"none":0.047619047650793646},"intensity":{"high":0.037037037,"low":0.074074074,"meium":0.8412698413333333,"none":0.047619047666666664},"expressive":{"dir-action":0,"dir-explicit":0.16931216927689594,"dir-speech":0.7354497354215168,"indirect":0.047619047650793646,"writing-device":0.047619047650793646}},{"id":"혼술식당-상계점","permalink":"","username":"asdfg","text":"도시락 양이 경이로워여 ㅋㅋㅋㅋ 저 가격으로 저정도 양은 못 먹죠","date":"Mon Dec 10 23:59:44 +0000 2018","retweets":"30","favorites":"20","mentions":[],"hashtags":[],"geo":"","raw":"도시락 양이 경이로워여 ㅋㅋㅋㅋ 저 가격으로 저정도 양은 못 먹죠","polarity":{"com":0.00423728825,"pos":0.5056497172500001,"neg":0.37316384199999997,"neut":0.025141243,"none":0.0918079095},"intensity":{"high":0.05320150651330037,"low":0.13945386053486347,"meium":0.7155367234288842,"none":0.09180790952295198},"expressive":{"dir-action":0,"dir-explicit":0.19001883249999998,"dir-speech":0.334274953,"indirect":0.383898305,"writing-device":0.0918079095}},{"id":"혼술식당-상계점","permalink":"","username":"asdfg","text":"옛날도시락에  다양한 재료가..제육에 스팸에 비엔나에 볶은김치에 양도 많았지만 우리가 흔히먹는 도시락맛보다는 한데 어우러지지못한 비빔밥같은..제육도 살짝 딱딱했고 후리가케보단 김가루에 참기름었다면 더좋지않았을까하는살짝아쉬움.닭똥집튀김은 냄새는 안났으나 튀김이 살짝 딱딱했구 계란찜은 일반 배달업체서오는맛이아니라 집에서해먹는 쫄깃하고 포슬포슬한맛이라 아주좋았습니다. 많이파세요.","date":"Mon Dec 10 23:59:44 +0000 2018","retweets":"30","favorites":"20","mentions":[],"hashtags":[],"geo":"","raw":"옛날도시락에  다양한 재료가..제육에 스팸에 비엔나에 볶은김치에 양도 많았지만 우리가 흔히먹는 도시락맛보다는 한데 어우러지지못한 비빔밥같은..제육도 살짝 딱딱했고 후리가케보단 김가루에 참기름었다면 더좋지않았을까하는살짝아쉬움.닭똥집튀김은 냄새는 안났으나 튀김이 살짝 딱딱했구 계란찜은 일반 배달업체서오는맛이아니라 집에서해먹는 쫄깃하고 포슬포슬한맛이라 아주좋았습니다. 많이파세요.","polarity":{"com":0.015824139625494504,"pos":0.49177890151536807,"neg":0.36666348766770823,"neut":0.06284572168946392,"none":0.06288774950196524},"intensity":{"high":0.09382330732129594,"low":0.13727110263786918,"meium":0.6929681286587158,"none":0.07593746138211913},"expressive":{"dir-action":0.0005907044375369189,"dir-explicit":0.21226243166951644,"dir-speech":0.42556139349534755,"indirect":0.2886164950492885,"writing-device":0.07296897534831054}},{"id":"혼술식당-상계점","permalink":"","username":"asdfg","text":"육회랑 고등어구이 시켜 먹었는데, 맛있네요.","date":"Mon Dec 10 23:59:44 +0000 2018","retweets":"30","favorites":"20","mentions":[],"hashtags":[],"geo":"","raw":"육회랑 고등어구이 시켜 먹었는데, 맛있네요.","polarity":{"com":0,"pos":0.1666666665,"neg":0.8333333334999999,"neut":0,"none":0},"intensity":{"high":0.0555555555,"low":0.111111111,"meium":0.8333333334999999,"none":0},"expressive":{"dir-action":0,"dir-explicit":0.111111111,"dir-speech":0.888888889,"indirect":0,"writing-device":0}},{"id":"혼술식당-상계점","permalink":"","username":"asdfg","text":"신랑은 술을 못먹어서 주말마다 저 혼자 먹는데. 이렇게 저렴한 가격에 집에서 술집 분위기 낼 수 있다는 거에 감동입니다♡♡ 정말 매주 시켜먹을래요!!!!!!!!","date":"Mon Dec 10 23:59:44 +0000 2018","retweets":"30","favorites":"20","mentions":[],"hashtags":[],"geo":"","raw":"신랑은 술을 못먹어서 주말마다 저 혼자 먹는데. 이렇게 저렴한 가격에 집에서 술집 분위기 낼 수 있다는 거에 감동입니다♡♡ 정말 매주 시켜먹을래요!!!!!!!!","polarity":{"com":0.004428156999999999,"pos":0.5140552174285714,"neg":0.3986173825,"neut":0.010261290357142855,"none":0.07263795271428572},"intensity":{"high":0.08065517086290394,"low":0.09249303779232093,"meium":0.753999338411,"none":0.07285245293377517},"expressive":{"dir-action":0.0012870012858062145,"dir-explicit":0.24711606273193687,"dir-speech":0.40047280945717667,"indirect":0.2421283874458663,"writing-device":0.10899573907921398}},{"id":"혼술식당-상계점","permalink":"","username":"asdfg","text":"좀 먹었는데 생각나서  찍었어요. 시켜드실분 참고하시라고...맛은 좋아요..양도 적당하고","date":"Mon Dec 10 23:59:44 +0000 2018","retweets":"30","favorites":"20","mentions":[],"hashtags":[],"geo":"","raw":"좀 먹었는데 생각나서  찍었어요. 시켜드실분 참고하시라고...맛은 좋아요..양도 적당하고","polarity":{"com":0,"pos":0.7207142857142858,"neg":0.08904761900000001,"neut":0.17857142857142858,"none":0.011666666714285715},"intensity":{"high":0.04047619042857143,"low":0.041428571428571426,"meium":0.7635714285714286,"none":0.15452380957142858},"expressive":{"dir-action":0,"dir-explicit":0.37499999999999994,"dir-speech":0.394047619,"indirect":0.21928571428571428,"writing-device":0.011666666714285713}},{"id":"혼술식당-상계점","permalink":"","username":"asdfg","text":"메인메뉴빼고 사이드메뉴로만 주문햇는데도\n맛있고 빠른배달에 너무 감사햇어요ㅜㅜ\n맛있게 잘먹었습니다^^\n깔끔하고 착한가격에 맛도 좋아요^^\n자주 주문할게요^^","date":"Mon Dec 10 23:59:44 +0000 2018","retweets":"30","favorites":"20","mentions":[],"hashtags":[],"geo":"","raw":"메인메뉴빼고 사이드메뉴로만 주문햇는데도\n맛있고 빠른배달에 너무 감사햇어요ㅜㅜ\n맛있게 잘먹었습니다^^\n깔끔하고 착한가격에 맛도 좋아요^^\n자주 주문할게요^^","polarity":{"com":0.012727492295614998,"pos":0.6437256209580854,"neg":0.24082755120480323,"neut":0.023048904179182223,"none":0.07967043136231418},"intensity":{"high":0.08267034351968584,"low":0.13818415498374303,"meium":0.6978196556237859,"none":0.0813258458727852},"expressive":{"dir-action":0.0019084189412887304,"dir-explicit":0.16178398171539907,"dir-speech":0.37631068455154776,"indirect":0.3780215048457659,"writing-device":0.08197540994599856}},{"id":"혼술식당-상계점","permalink":"","username":"asdfg","text":"배달빠르고 밥먹으며 반주하기 딱좋아요 양도 푸짐해서 더좋아요","date":"Mon Dec 10 23:59:44 +0000 2018","retweets":"30","favorites":"20","mentions":[],"hashtags":[],"geo":"","raw":"배달빠르고 밥먹으며 반주하기 딱좋아요 양도 푸짐해서 더좋아요","polarity":{"com":0.004452411571428572,"pos":0.5924140467142857,"neg":0.2678396764285714,"neut":0.006759821000000001,"none":0.1285340442857143},"intensity":{"high":0.13671017957142856,"low":0.10548139971428572,"meium":0.5574168045714286,"none":0.20039161614285714},"expressive":{"dir-action":0.00042900042851014286,"dir-explicit":0.39971808537146886,"dir-speech":0.3271557270961206,"indirect":0.14475455055074934,"writing-device":0.12794263655315105}},{"id":"혼술식당-상계점","permalink":"","username":"asdfg","text":"음식은 먹을만한데 튀김을 제대로 안해서 웬만하면 아무 말안할려고 했는데 튀기다 말아서 밀가루가 보이네요 처음 시키는데 신경좀 써주세요~!!","date":"Mon Dec 10 23:59:44 +0000 2018","retweets":"30","favorites":"20","mentions":[],"hashtags":[],"geo":"","raw":"음식은 먹을만한데 튀김을 제대로 안해서 웬만하면 아무 말안할려고 했는데 튀기다 말아서 밀가루가 보이네요 처음 시키는데 신경좀 써주세요~!!","polarity":{"com":0.01903339433121851,"pos":0.47835626083573823,"neg":0.32167360485314744,"neut":0.1395858792067127,"none":0.041350860773183236},"intensity":{"high":0.04111628166666667,"low":0.18504878811111114,"meium":0.7312069302222223,"none":0.042628},"expressive":{"dir-action":0.01137814933333333,"dir-explicit":0.2704143731111111,"dir-speech":0.4594045678888888,"indirect":0.2136206313333333,"writing-device":0.045182278333333326}},{"id":"혼술식당-상계점","permalink":"","username":"asdfg","text":"맛은 그저 그렇네요 배달은빨라요","date":"Mon Dec 10 23:59:44 +0000 2018","retweets":"30","favorites":"20","mentions":[],"hashtags":[],"geo":"","raw":"맛은 그저 그렇네요 배달은빨라요","polarity":{"com":0,"pos":0.6666666666666666,"neg":0.3333333333333333,"neut":0,"none":0},"intensity":{"high":0,"low":0.3333333333333333,"meium":0.6666666666666666,"none":0},"expressive":{"dir-action":0,"dir-explicit":0,"dir-speech":0.6666666666666666,"indirect":0.3333333333333333,"writing-device":0}},{"id":"혼술식당-상계점","permalink":"","username":"asdfg","text":"맛나는 스테끼 근데  양이 좀 줄은듯해요 ㅠㅠ","date":"Mon Dec 10 23:59:44 +0000 2018","retweets":"30","favorites":"20","mentions":[],"hashtags":[],"geo":"","raw":"맛나는 스테끼 근데  양이 좀 줄은듯해요 ㅠㅠ","polarity":{"com":0,"pos":1,"neg":0,"neut":0,"none":0},"intensity":{"high":0,"low":0,"meium":1,"none":0},"expressive":{"dir-action":0,"dir-explicit":0.2,"dir-speech":0.3,"indirect":0.5,"writing-device":0}},{"id":"혼술식당-상계점","permalink":"","username":"asdfg","text":"혼술식당은 맛이나 양이나 배달이나 최고인것같아요!\n육회를시킨줄알앗으나 제가잘못눌러서 소고기스테이크가왔어요...ㅠㅠ처음먹어보는거였는데...이것도 진짜맛나네요ㅋㅋ👍술말고 밥이랑먹었어요...진짜최고 진짜 일주일에 한번은 꼭 시켜먹는거같아요 단골단골!","date":"Mon Dec 10 23:59:44 +0000 2018","retweets":"30","favorites":"20","mentions":[],"hashtags":[],"geo":"","raw":"혼술식당은 맛이나 양이나 배달이나 최고인것같아요!\n육회를시킨줄알앗으나 제가잘못눌러서 소고기스테이크가왔어요...ㅠㅠ처음먹어보는거였는데...이것도 진짜맛나네요ㅋㅋ👍술말고 밥이랑먹었어요...진짜최고 진짜 일주일에 한번은 꼭 시켜먹는거같아요 단골단골!","polarity":{"com":0.01048297583958068,"pos":0.2598474739496061,"neg":0.602095180495916,"neut":0.07500608395699976,"none":0.05256828575789727},"intensity":{"high":0.18101252234172152,"low":0.13035302113564237,"meium":0.615709027873885,"none":0.07292542864875105},"expressive":{"dir-action":0.0005095541599184713,"dir-explicit":0.18533855989034584,"dir-speech":0.40072699801588374,"indirect":0.24781751140034916,"writing-device":0.1656073765335028}},{"id":"혼술식당-상계점","permalink":"","username":"asdfg","text":"개인적으로 MSG를 싫어하는편은 아닌데 이건 심하네요 조미료맛이 너무심해서 먹을수가 없네요  한두번 참고 먹다가 결국 버렸어요","date":"Mon Dec 10 23:59:44 +0000 2018","retweets":"30","favorites":"20","mentions":[],"hashtags":[],"geo":"","raw":"개인적으로 MSG를 싫어하는편은 아닌데 이건 심하네요 조미료맛이 너무심해서 먹을수가 없네요  한두번 참고 먹다가 결국 버렸어요","polarity":{"com":0.021031894699999998,"pos":0.3970275379,"neg":0.4140581376,"neut":0.0821986691,"none":0.0856837607},"intensity":{"high":0.13538524100000002,"low":0.1402199528,"meium":0.6387110455000001,"none":0.0856837607},"expressive":{"dir-action":0.0012738853997452228,"dir-explicit":0.36303601792739276,"dir-speech":0.4442483763111503,"indirect":0.10572433527885512,"writing-device":0.0857173850828565}},{"id":"혼술식당-상계점","permalink":"","username":"asdfg","text":"와 배달속도가 장난아니네요  55분예상시간이었는데  15분만에 온듯 . 타코와사비랑 소고기스테이크 시켰는데 소스하나가있는데  이게 뭔소스지 하고 고민하다 타코에 넣었는데  맛있긴했어요  스테이크소스이면  OTL......","date":"Mon Dec 10 23:59:44 +0000 2018","retweets":"30","favorites":"20","mentions":[],"hashtags":[],"geo":"","raw":"와 배달속도가 장난아니네요  55분예상시간이었는데  15분만에 온듯 . 타코와사비랑 소고기스테이크 시켰는데 소스하나가있는데  이게 뭔소스지 하고 고민하다 타코에 넣었는데  맛있긴했어요  스테이크소스이면  OTL......","polarity":{"com":0.005027676526315789,"pos":0.46074766863157895,"neg":0.36638651231578945,"neut":0.08972979694736843,"none":0.07810834557894737},"intensity":{"high":0.11198127162568518,"low":0.11902686062531438,"meium":0.6892036759637261,"none":0.07978819178527431},"expressive":{"dir-action":0.0012099213685484128,"dir-explicit":0.18393420591409834,"dir-speech":0.4301732186768603,"indirect":0.30088056097904003,"writing-device":0.08380209306145285}},{"id":"혼술식당-상계점","permalink":"","username":"asdfg","text":"3월초에 시켰는데 리뷰를 좀 늦게 남겨서 죄송하네요 ㅜㅜ 음식 정말 맛있게 먹었어요. 사실 배달오는 스테이크가 맛있겠어 하고 큰 기대 없이 시켰었는데 \n맛이 정말 좋았어요. 고기도 야채도 좋은 것 쓰셨구나 싶었고 양도 정말 많구요! 거기에 사이드라고 생각하고 시킨 옛날 도시락은 진짜 가성비 갑 ㅠㅠㅋ 양도 맛도 장난없다라구요ㅋ 미니김까지 넣어주시는 센스 ㅎ\n다음에도 또 시켜 먹을게요^^!","date":"Mon Dec 10 23:59:44 +0000 2018","retweets":"30","favorites":"20","mentions":[],"hashtags":[],"geo":"","raw":"3월초에 시켰는데 리뷰를 좀 늦게 남겨서 죄송하네요 ㅜㅜ 음식 정말 맛있게 먹었어요. 사실 배달오는 스테이크가 맛있겠어 하고 큰 기대 없이 시켰었는데 \n맛이 정말 좋았어요. 고기도 야채도 좋은 것 쓰셨구나 싶었고 양도 정말 많구요! 거기에 사이드라고 생각하고 시킨 옛날 도시락은 진짜 가성비 갑 ㅠㅠㅋ 양도 맛도 장난없다라구요ㅋ 미니김까지 넣어주시는 센스 ㅎ\n다음에도 또 시켜 먹을게요^^!","polarity":{"com":0.005464492785909445,"pos":0.4606558072664521,"neg":0.325329807404476,"neut":0.09696895728917747,"none":0.11158093525398502},"intensity":{"high":0.11827714775844833,"low":0.08396818075599771,"meium":0.6824821957987488,"none":0.11527247568680515},"expressive":{"dir-action":0.03668700392726119,"dir-explicit":0.2728708365616832,"dir-speech":0.4251805163419579,"indirect":0.14958404513751486,"writing-device":0.11567759803158295}},{"id":"혼술식당-상계점","permalink":"","username":"asdfg","text":"늘 맛있게 먹어요 ~^^ 양도적당하고 술안주로도 최고~~","date":"Mon Dec 10 23:59:44 +0000 2018","retweets":"30","favorites":"20","mentions":[],"hashtags":[],"geo":"","raw":"늘 맛있게 먹어요 ~^^ 양도적당하고 술안주로도 최고~~","polarity":{"com":0.00178571425,"pos":0.13690476175,"neg":0.748809524,"neut":0.0035714285,"none":0.1089285715},"intensity":{"high":0.0634920635,"low":0.209126984,"meium":0.618452381,"none":0.1089285715},"expressive":{"dir-action":0,"dir-explicit":0.10198412697450397,"dir-speech":0.5194444443701388,"indirect":0.27142857143214283,"writing-device":0.10714285722321429}},{"id":"혼술식당-상계점","permalink":"","username":"asdfg","text":"제가 날을 잘못잡았나 보네요. 일단 현금 모두 드렸는데 풀어보니 술이 안왔네요; 전화하니 하필 사장님 안나오신 날이셨고 직원분 혼자 고군분투...일단 그래서 배달도 좀 늦었지만 비도 오고... 패스하고요... 다음 시킬때 소주하나 주세요. 혼술하기 딱이긴 하네요.","date":"Mon Dec 10 23:59:44 +0000 2018","retweets":"30","favorites":"20","mentions":[],"hashtags":[],"geo":"","raw":"제가 날을 잘못잡았나 보네요. 일단 현금 모두 드렸는데 풀어보니 술이 안왔네요; 전화하니 하필 사장님 안나오신 날이셨고 직원분 혼자 고군분투...일단 그래서 배달도 좀 늦었지만 비도 오고... 패스하고요... 다음 시킬때 소주하나 주세요. 혼술하기 딱이긴 하네요.","polarity":{"com":0.04796748530017674,"pos":0.30539237853866147,"neg":0.436772196657672,"neut":0.08403137129704076,"none":0.12583656820644903},"intensity":{"high":0.07927410848515427,"low":0.09003335126869855,"meium":0.7046689687134494,"none":0.12602357153269775},"expressive":{"dir-action":0.011430575043478263,"dir-explicit":0.21809497565217395,"dir-speech":0.4062989117391304,"indirect":0.22486635999999996,"writing-device":0.13930917756521738}},{"id":"혼술식당-상계점","permalink":"","username":"asdfg","text":"구우우우우우우우우웃","date":"Mon Dec 10 23:59:44 +0000 2018","retweets":"30","favorites":"20","mentions":[],"hashtags":[],"geo":"","raw":"구우우우우우우우우웃","polarity":{"com":0.5,"pos":0.5,"neg":0,"neut":0,"none":0},"intensity":{"high":0,"low":0,"meium":1,"none":0},"expressive":{"dir-action":0,"dir-explicit":0,"dir-speech":0,"indirect":1,"writing-device":0}},{"id":"혼술식당-상계점","permalink":"","username":"asdfg","text":"스테이크볶음밥 양도 많고 고기도 실하게 들어있고 가성비 좋네요 지난번에 쏘야도 양이 엄청나서 깜놀했는데 담엔 \n또 다른거 시켜봐야겠어요","date":"Mon Dec 10 23:59:44 +0000 2018","retweets":"30","favorites":"20","mentions":[],"hashtags":[],"geo":"","raw":"스테이크볶음밥 양도 많고 고기도 실하게 들어있고 가성비 좋네요 지난번에 쏘야도 양이 엄청나서 깜놀했는데 담엔 \n또 다른거 시켜봐야겠어요","polarity":{"com":0.012272784694195814,"pos":0.3593038512091236,"neg":0.42657994852716613,"neut":0.1336245463282499,"none":0.06821886924126444},"intensity":{"high":0.09770094139964629,"low":0.11059416840162985,"meium":0.7226018476496311,"none":0.06910304254909277},"expressive":{"dir-action":0.000884173307760321,"dir-explicit":0.20511515809270117,"dir-speech":0.5428416910417571,"indirect":0.14115449931855034,"writing-device":0.11000447823923111}},{"id":"혼술식당-상계점","permalink":"","username":"asdfg","text":"새벽 출출한데 많은 양은 못먹겠고 그럴때 진짜 여기만한곳이 없다는 확신이 듭니다. 배달속도 진짜 빨라서 놀랐구요. 요리진짜 잘하시네요~! 오히려 잔뜩 할인받고 사먹는 기분이었어요~^^ 자주 애용할생각입니다.","date":"Mon Dec 10 23:59:44 +0000 2018","retweets":"30","favorites":"20","mentions":[],"hashtags":[],"geo":"","raw":"새벽 출출한데 많은 양은 못먹겠고 그럴때 진짜 여기만한곳이 없다는 확신이 듭니다. 배달속도 진짜 빨라서 놀랐구요. 요리진짜 잘하시네요~! 오히려 잔뜩 할인받고 사먹는 기분이었어요~^^ 자주 애용할생각입니다.","polarity":{"com":0.001472094222140439,"pos":0.5169154659712825,"neg":0.2851617986508243,"neut":0.11235779254931344,"none":0.08409284860643929},"intensity":{"high":0.14997295900833182,"low":0.206075958844782,"meium":0.5568147825864896,"none":0.08713629956039647},"expressive":{"dir-action":0.00035842294444444453,"dir-explicit":0.22871407500000007,"dir-speech":0.39735355822222224,"indirect":0.2898779206111112,"writing-device":0.08369602322222224}},{"id":"혼술식당-상계점","permalink":"","username":"asdfg","text":"맛있네요 자주 시킬께요~","date":"Mon Dec 10 23:59:44 +0000 2018","retweets":"30","favorites":"20","mentions":[],"hashtags":[],"geo":"","raw":"맛있네요 자주 시킬께요~","polarity":{"com":0,"pos":0,"neg":1,"neut":0,"none":0},"intensity":{"high":0,"low":0,"meium":1,"none":0},"expressive":{"dir-action":0,"dir-explicit":0,"dir-speech":1,"indirect":0,"writing-device":0}},{"id":"혼술식당-상계점","permalink":"","username":"asdfg","text":"예상시간보다 너무 빨리와서 놀랬어요...\n쫄면은 괜찮은데 \n골뱅이는 어디꺼 쓰시는지... 맛이 애매합니다","date":"Mon Dec 10 23:59:44 +0000 2018","retweets":"30","favorites":"20","mentions":[],"hashtags":[],"geo":"","raw":"예상시간보다 너무 빨리와서 놀랬어요...\n쫄면은 괜찮은데 \n골뱅이는 어디꺼 쓰시는지... 맛이 애매합니다","polarity":{"com":0.020860145875,"pos":0.5489791740000001,"neg":0.34916491162499996,"neut":0.0779927655,"none":0.003003003},"intensity":{"high":0.0747350435,"low":0.16473128975,"meium":0.757155288375,"none":0.003378378375},"expressive":{"dir-action":0.01173901175,"dir-explicit":0.27808124675,"dir-speech":0.427657365125,"indirect":0.279143998,"writing-device":0.003378378375}},{"id":"혼술식당-상계점","permalink":"","username":"asdfg","text":"맛있어요~~ 혼술하기 딱이네요~~","date":"Mon Dec 10 23:59:44 +0000 2018","retweets":"30","favorites":"20","mentions":[],"hashtags":[],"geo":"","raw":"맛있어요~~ 혼술하기 딱이네요~~","polarity":{"com":0,"pos":0.10861423233333334,"neg":0.7191011236666666,"neut":0.022471909999999998,"none":0.149812734},"intensity":{"high":0.011235955003745317,"low":0.022471910007490634,"meium":0.8164794009388265,"none":0.14981273404993758},"expressive":{"dir-action":0,"dir-explicit":0.059925093646691636,"dir-speech":0.3782771535405743,"indirect":0.37078651687640446,"writing-device":0.19101123593632957}},{"id":"혼술식당-상계점","permalink":"","username":"asdfg","text":"혼술하기딱좋은메뉴들.혼술족들에게적극추천2병먹기딱좋은양맛은만점드리긴좀부족하지만혼술에이가격에이정도양이면매우만족^^  대박나세용","date":"Mon Dec 10 23:59:44 +0000 2018","retweets":"30","favorites":"20","mentions":[],"hashtags":[],"geo":"","raw":"혼술하기딱좋은메뉴들...혼술족들에게적극추천...2병먹기딱좋은양...맛은만점드리긴좀부족하지만혼술에..이가격에...이정도양이면매우만족^^  대박나세용","polarity":{"com":0.004445721578947369,"pos":0.6340279358421054,"neg":0.2431342970526316,"neut":0.02141585189473684,"none":0.09697619363157896},"intensity":{"high":0.1515503897001632,"low":0.07530281332371608,"meium":0.6745318640710033,"none":0.09861493290511736},"expressive":{"dir-action":0.0003395585789473685,"dir-explicit":0.2572643057368421,"dir-speech":0.24583746505263163,"indirect":0.3869483635789474,"writing-device":0.10961030705263161}},{"id":"혼술식당-상계점","permalink":"","username":"asdfg","text":"가격대비 괜찮네요 ㅎㅎ","date":"Mon Dec 10 23:59:44 +0000 2018","retweets":"30","favorites":"20","mentions":[],"hashtags":[],"geo":"","raw":"가격대비 괜찮네요 ㅎㅎ","polarity":{"com":0,"pos":1,"neg":0,"neut":0,"none":0},"intensity":{"high":0,"low":0,"meium":1,"none":0},"expressive":{"dir-action":0,"dir-explicit":0,"dir-speech":0,"indirect":1,"writing-device":0}},{"id":"혼술식당-상계점","permalink":"","username":"asdfg","text":"계란찜 깔끔하네요\n질척 거리지 않코 딱 내 취향\n정말 맛나게  먹었습니다","date":"Mon Dec 10 23:59:44 +0000 2018","retweets":"30","favorites":"20","mentions":[],"hashtags":[],"geo":"","raw":"계란찜 깔끔하네요\n질척 거리지 않코 딱 내 취향\n정말 맛나게  먹었습니다","polarity":{"com":0.006006006,"pos":0.42398648650000004,"neg":0.36824324325,"neut":0.13325825825,"none":0.068506006},"intensity":{"high":0.22297297300000002,"low":0.0765765765,"meium":0.63119369375,"none":0.06925675675},"expressive":{"dir-action":0.0007507507500000002,"dir-explicit":0.25863363350000007,"dir-speech":0.5294669670000001,"indirect":0.14189189200000002,"writing-device":0.06925675675000001}},{"id":"혼술식당-상계점","permalink":"","username":"asdfg","text":"맛있어요 혼자 시켜먹기 진짜 좋아요 앞으로도 자주 이용할게요","date":"Mon Dec 10 23:59:44 +0000 2018","retweets":"30","favorites":"20","mentions":[],"hashtags":[],"geo":"","raw":"맛있어요 혼자 시켜먹기 진짜 좋아요 앞으로도 자주 이용할게요","polarity":{"com":0.0032258064999999996,"pos":0.5171326163333334,"neg":0.4265591398333333,"neut":0.0417562725,"none":0.01132616483333333},"intensity":{"high":0.07514934283333333,"low":0.28528076449999995,"meium":0.6278853048333333,"none":0.011684587833333327},"expressive":{"dir-action":0.001075268833154122,"dir-explicit":0.2171445639638092,"dir-speech":0.6565113500572481,"indirect":0.0861648744856392,"writing-device":0.03910394266014935}},{"id":"혼술식당-상계점","permalink":"","username":"asdfg","text":"스테이크 좋네요 살짝 아쉬움양이 ㅜㅜ","date":"Mon Dec 10 23:59:44 +0000 2018","retweets":"30","favorites":"20","mentions":[],"hashtags":[],"geo":"","raw":"스테이크 좋네요 살짝 아쉬움양이 ㅜㅜ","polarity":{"com":0,"pos":0.46,"neg":0.52,"neut":0,"none":0.02},"intensity":{"high":0.1,"low":0.02,"meium":0.86,"none":0.02},"expressive":{"dir-action":0,"dir-explicit":0.8,"dir-speech":0.1,"indirect":0.08,"writing-device":0.02}},{"id":"혼술식당-상계점","permalink":"","username":"asdfg","text":"맛있게 잘먹었습니다 배달도 빠르고 입맛없을때 훅 땡기는 맛이네요 다음에도 기대하겠습니다","date":"Mon Dec 10 23:59:44 +0000 2018","retweets":"30","favorites":"20","mentions":[],"hashtags":[],"geo":"","raw":"맛있게 잘먹었습니다 배달도 빠르고 입맛없을때 훅 땡기는 맛이네요 다음에도 기대하겠습니다","polarity":{"com":0.004591517199999999,"pos":0.42979346049999995,"neg":0.45657004029999987,"neut":0.04908562149999999,"none":0.05995936049999999},"intensity":{"high":0.10254235797949153,"low":0.14335627307132873,"meium":0.6929560808614088,"none":0.061145288087770935},"expressive":{"dir-action":0.0006451612999354839,"dir-explicit":0.16086954288391303,"dir-speech":0.49121119925087886,"indirect":0.28511640037148833,"writing-device":0.06215769619378423}},{"id":"혼술식당-상계점","permalink":"","username":"asdfg","text":"김치랑 두부가 좀 더 들어있으면 좋겠다는 생각!!","date":"Mon Dec 10 23:59:44 +0000 2018","retweets":"30","favorites":"20","mentions":[],"hashtags":[],"geo":"","raw":"김치랑 두부가 좀 더 들어있으면 좋겠다는 생각!!","polarity":{"com":0.004464285749999999,"pos":0.6003416149999999,"neg":0.2528830225,"neut":0.10432841624999997,"none":0.03798266049999999},"intensity":{"high":0.15449016550000003,"low":0.12102484475,"meium":0.68427018625,"none":0.0402148035},"expressive":{"dir-action":0,"dir-explicit":0.45706521749999995,"dir-speech":0.31879528975000004,"indirect":0.18615683225,"writing-device":0.037982660499999994}},{"id":"혼술식당-상계점","permalink":"","username":"asdfg","text":"맛있어요~근데 양이적어서 아쉬워염~","date":"Mon Dec 10 23:59:44 +0000 2018","retweets":"30","favorites":"20","mentions":[],"hashtags":[],"geo":"","raw":"맛있어요~근데 양이적어서 아쉬워염~","polarity":{"com":0,"pos":0.16666666666666666,"neg":0.8333333333333334,"neut":0,"none":0},"intensity":{"high":0.08333333333333333,"low":0,"meium":0.9166666666666666,"none":0},"expressive":{"dir-action":0,"dir-explicit":0.25,"dir-speech":0.3333333333333333,"indirect":0.4166666666666667,"writing-device":0}},{"id":"혼술식당-상계점","permalink":"","username":"asdfg","text":"리뷰보고 시켰는데..역시..꼬막무침 제가 생각한게 아니네요...꼬막만크지 맛은 많이 아쉬워요..제육두부김치는 고기가 다 말라있고....아쉽네요..","date":"Mon Dec 10 23:59:44 +0000 2018","retweets":"30","favorites":"20","mentions":[],"hashtags":[],"geo":"","raw":"리뷰보고 시켰는데..역시..꼬막무침 제가 생각한게 아니네요...꼬막만크지 맛은 많이 아쉬워요..제육두부김치는 고기가 다 말라있고....아쉽네요..","polarity":{"com":0.0019841270002204587,"pos":0.369175577485464,"neg":0.40958732637884304,"neut":0.1219883511246654,"none":0.09726461801080717},"intensity":{"high":0.051428509894603174,"low":0.19876728213319636,"meium":0.6515475264057277,"none":0.09825668156647296},"expressive":{"dir-action":0,"dir-explicit":0.23136585647015184,"dir-speech":0.48469200549829916,"indirect":0.18776285446530702,"writing-device":0.09617928356624217}},{"id":"혼술식당-상계점","permalink":"","username":"asdfg","text":"근래 배달음식중 최고로 만족했습니다. 배달시간도 정확했구요. 단골 되겠습니다. 요리 잘하시는데 메뉴좀 늘려주세요","date":"Mon Dec 10 23:59:44 +0000 2018","retweets":"30","favorites":"20","mentions":[],"hashtags":[],"geo":"","raw":"근래 배달음식중 최고로 만족했습니다. 배달시간도 정확했구요. 단골 되겠습니다. 요리 잘하시는데 메뉴좀 늘려주세요","polarity":{"com":0.0033122119999999997,"pos":0.71630184325,"neg":0.21015745012500003,"neut":0.012269585250000001,"none":0.057958909375},"intensity":{"high":0.035330261125,"low":0.070468509875,"meium":0.835973502375,"none":0.058227726625000004},"expressive":{"dir-action":0.0008064516248991936,"dir-explicit":0.32079493095990064,"dir-speech":0.4409946235698757,"indirect":0.18033794160245775,"writing-device":0.05706605224286674}},{"id":"혼술식당-상계점","permalink":"","username":"asdfg","text":"혼술 식당 맛나고 친구들이랑 간단히 먹고싶을때 꼭 생각나요 ㅎ.ㅎ","date":"Mon Dec 10 23:59:44 +0000 2018","retweets":"30","favorites":"20","mentions":[],"hashtags":[],"geo":"","raw":"혼술 식당 맛나고 친구들이랑 간단히 먹고싶을때 꼭 생각나요 ㅎ.ㅎ","polarity":{"com":0,"pos":0.5810606060837878,"neg":0.23939393935212122,"neut":0.10454545457909091,"none":0.074999999985},"intensity":{"high":0.0348484848,"low":0.1045454546,"meium":0.7856060605999999,"none":0.075},"expressive":{"dir-action":0.1333333334,"dir-explicit":0.2113636364,"dir-speech":0.2553030302,"indirect":0.325,"writing-device":0.075}},{"id":"혼술식당-상계점","permalink":"","username":"asdfg","text":"맛있게 잘먹었습니다","date":"Mon Dec 10 23:59:44 +0000 2018","retweets":"30","favorites":"20","mentions":[],"hashtags":[],"geo":"","raw":"맛있게 잘먹었습니다","polarity":{"com":0,"pos":0.35714285717857136,"neg":0.6071428573035714,"neut":0.03571428551785714,"none":0},"intensity":{"high":0,"low":0.107142857,"meium":0.8928571430000001,"none":0},"expressive":{"dir-action":0,"dir-explicit":0.107142857,"dir-speech":0.5714285715,"indirect":0.3214285715,"writing-device":0}},{"id":"혼술식당-상계점","permalink":"","username":"asdfg","text":"배불리 잘먹었습니다","date":"Mon Dec 10 23:59:44 +0000 2018","retweets":"30","favorites":"20","mentions":[],"hashtags":[],"geo":"","raw":"배불리 잘먹었습니다","polarity":{"com":0,"pos":0.7142857147142857,"neg":0.21428571421428572,"neut":0.07142857107142857,"none":0},"intensity":{"high":0,"low":0.214285714,"meium":0.785714286,"none":0},"expressive":{"dir-action":0,"dir-explicit":0.214285714,"dir-speech":0.142857143,"indirect":0.642857143,"writing-device":0}},{"id":"혼술식당-상계점","permalink":"","username":"asdfg","text":"리뷰 잘 안다는 성격인데 꼬막무침 꼬막도 엄청크고 야채도 많이 들어있어 같이 곁들여먹기 좋구요.제육두부김치는 와 정말 맛있다 정도는 아니지만 soso했으며 가격대비 양이 정말 푸짐합니다! 앞으로 자주 이용하겠습니다.","date":"Mon Dec 10 23:59:44 +0000 2018","retweets":"30","favorites":"20","mentions":[],"hashtags":[],"geo":"","raw":"리뷰 잘 안다는 성격인데 꼬막무침 꼬막도 엄청크고 야채도 많이 들어있어 같이 곁들여먹기 좋구요.제육두부김치는 와 정말 맛있다 정도는 아니지만 soso했으며 가격대비 양이 정말 푸짐합니다! 앞으로 자주 이용하겠습니다.","polarity":{"com":0.004886998789730896,"pos":0.5737080288196689,"neg":0.28250957517276365,"neut":0.04525213573922381,"none":0.09364326147861282},"intensity":{"high":0.18116616814835967,"low":0.23914959893478166,"meium":0.4831180325535201,"none":0.09656620036333861},"expressive":{"dir-action":0.0013344292105263156,"dir-explicit":0.28694381584210527,"dir-speech":0.3687772538421053,"indirect":0.2392145634736842,"writing-device":0.10372993763157895}},{"id":"혼술식당-상계점","permalink":"","username":"asdfg","text":"도시락은 지금 김치말고 잘 볶은 김치를 썻다면 훌륭할것이고 스테이크는 좀더 크게 썰어서 주셔야 할듯 하네요 \n감자 아주 맛있었구요","date":"Mon Dec 10 23:59:44 +0000 2018","retweets":"30","favorites":"20","mentions":[],"hashtags":[],"geo":"","raw":"도시락은 지금 김치말고 잘 볶은 김치를 썻다면 훌륭할것이고 스테이크는 좀더 크게 썰어서 주셔야 할듯 하네요 \n감자 아주 맛있었구요","polarity":{"com":0.009480196085703382,"pos":0.45370504144675966,"neg":0.29032691923924836,"neut":0.1258582955314646,"none":0.12062954769682406},"intensity":{"high":0.09639665882530028,"low":0.10052775174162268,"meium":0.6786146241101155,"none":0.12446096532296157},"expressive":{"dir-action":0.002019425583165048,"dir-explicit":0.2006788618999434,"dir-speech":0.3458324192211807,"indirect":0.3215024681398748,"writing-device":0.12996682515583607}},{"id":"혼술식당-상계점","permalink":"","username":"asdfg","text":"뭐이런?맛집을발견했나. 양 맛 최고입니다. 사진은 일부로안찍었습니다. 다들 시켜드시라고 사장님 번창하세요 자주시킬꺼같습니다.","date":"Mon Dec 10 23:59:44 +0000 2018","retweets":"30","favorites":"20","mentions":[],"hashtags":[],"geo":"","raw":"뭐이런?맛집을발견했나. 양 맛 최고입니다. 사진은 일부로안찍었습니다. 다들 시켜드시라고 사장님 번창하세요 자주시킬꺼같습니다.","polarity":{"com":0.007686432,"pos":0.5347991934166667,"neg":0.33687683566666665,"neut":0.049187330083333335,"none":0.07145020883333332},"intensity":{"high":0.12598061133333335,"low":0.08557652816666667,"meium":0.7156057106666668,"none":0.07283714983333334},"expressive":{"dir-action":0.006418515334403086,"dir-explicit":0.25972030962662007,"dir-speech":0.3902794258150466,"indirect":0.2608204657101368,"writing-device":0.08276128351379355}},{"id":"혼술식당-상계점","permalink":"","username":"asdfg","text":"와...\n퇴근 후 엄청 배고픈 상태고, 하나만 시키면 미안해서 두 개를 시켰는데...\n옛날도시락 양이 장난이 아닙니다 ㅎㅎ 놀란 마음 진정시키면서 허겁지겁 먹었네요^^ 근데 스테이크에서 또 놀랐네요\n양도 푸짐하고 구성도 딱 좋고 맛있기까지 합니다.\n(다른집은 스테이크 밑에 꼭 먹지도 않는 밥이 깔려 있어서 싫었는데, 대신 웨지감자가 들어 있어서 애주가로서 얼마나 기쁘던지 ㅎㅎ 혈액순환 잘 되라도 양파까지 듬뿍 ^^)\n\n패키지도 단순해서 치우기도 편하고 너무 맘에 듭니다.\n여기 때문에 다시 식신으로 등급 올라갈지도 모르겠네요ㅎㅎ","date":"Mon Dec 10 23:59:44 +0000 2018","retweets":"30","favorites":"20","mentions":[],"hashtags":[],"geo":"","raw":"와...\n퇴근 후 엄청 배고픈 상태고, 하나만 시키면 미안해서 두 개를 시켰는데...\n옛날도시락 양이 장난이 아닙니다 ㅎㅎ 놀란 마음 진정시키면서 허겁지겁 먹었네요^^ 근데 스테이크에서 또 놀랐네요\n양도 푸짐하고 구성도 딱 좋고 맛있기까지 합니다.\n(다른집은 스테이크 밑에 꼭 먹지도 않는 밥이 깔려 있어서 싫었는데, 대신 웨지감자가 들어 있어서 애주가로서 얼마나 기쁘던지 ㅎㅎ 혈액순환 잘 되라도 양파까지 듬뿍 ^^)\n\n패키지도 단순해서 치우기도 편하고 너무 맘에 듭니다.\n여기 때문에 다시 식신으로 등급 올라갈지도 모르겠네요ㅎㅎ","polarity":{"com":0.008401160675902734,"pos":0.38313722374008485,"neg":0.4072538313893853,"neut":0.07057795165055616,"none":0.1306298325440711},"intensity":{"high":0.12197506816216218,"low":0.0728335290810811,"meium":0.6593808351891891,"none":0.14581056756756758},"expressive":{"dir-action":0.028958426620838962,"dir-explicit":0.2181521957238337,"dir-speech":0.4025715625837144,"indirect":0.21979402050757307,"writing-device":0.13052379456403984}},{"id":"혼술식당-상계점","permalink":"","username":"asdfg","text":"맛있고다좋은데고등어에기름이너무많아요..","date":"Mon Dec 10 23:59:44 +0000 2018","retweets":"30","favorites":"20","mentions":[],"hashtags":[],"geo":"","raw":"맛있고다좋은데고등어에기름이너무많아요..","polarity":{"com":0,"pos":0.23809523799999996,"neg":0.6666666666666666,"neut":0,"none":0.09523809533333333},"intensity":{"high":0.0952380953015873,"low":0,"meium":0.8095238093968253,"none":0.09523809530158729},"expressive":{"dir-action":0,"dir-explicit":0.14285714295238094,"dir-speech":0.7619047617460316,"indirect":0,"writing-device":0.09523809530158729}},{"id":"혼술식당-상계점","permalink":"","username":"asdfg","text":"육회비빔밥이 쓴맛이 너무 강해요ㅠ \n두부김치는 너무 밋밋 심심 하네요....","date":"Mon Dec 10 23:59:44 +0000 2018","retweets":"30","favorites":"20","mentions":[],"hashtags":[],"geo":"","raw":"육회비빔밥이 쓴맛이 너무 강해요ㅠ \n두부김치는 너무 밋밋 심심 하네요....","polarity":{"com":0.010582814252645702,"pos":0.2677543648169386,"neg":0.5876909983969228,"neut":0.06307733476576932,"none":0.07089448776772363},"intensity":{"high":0.06310385825,"low":0.12417265249999998,"meium":0.73785411675,"none":0.0748693725},"expressive":{"dir-action":0.003974884751987442,"dir-explicit":0.1834366538417183,"dir-speech":0.6104233128052117,"indirect":0.1175803958087902,"writing-device":0.08458475279229237}},{"id":"혼술식당-상계점","permalink":"","username":"asdfg","text":"카레나베에 우동면 넣으니 꿀맛이네요","date":"Mon Dec 10 23:59:44 +0000 2018","retweets":"30","favorites":"20","mentions":[],"hashtags":[],"geo":"","raw":"카레나베에 우동면 넣으니 꿀맛이네요","polarity":{"com":0.007625272333333333,"pos":0.378540305,"neg":0.42592592599999995,"neut":0.11383442266666666,"none":0.074074074},"intensity":{"high":0.04248366001416121,"low":0.11056644870352214,"meium":0.7728758172576252,"none":0.07407407402469135},"expressive":{"dir-action":0,"dir-explicit":0.2227668846666667,"dir-speech":0.48420479299999997,"indirect":0.21241830066666667,"writing-device":0.08061002166666667}},{"id":"혼술식당-상계점","permalink":"","username":"asdfg","text":"맛나게잘먹었습니다","date":"Mon Dec 10 23:59:44 +0000 2018","retweets":"30","favorites":"20","mentions":[],"hashtags":[],"geo":"","raw":"맛나게잘먹었습니다","polarity":{"com":0,"pos":0.7142857147142857,"neg":0.21428571421428572,"neut":0.07142857107142857,"none":0},"intensity":{"high":0,"low":0.214285714,"meium":0.785714286,"none":0},"expressive":{"dir-action":0,"dir-explicit":0.214285714,"dir-speech":0.142857143,"indirect":0.642857143,"writing-device":0}},{"id":"혼술식당-상계점","permalink":"","username":"asdfg","text":"옛날도시락 밍밍하고 간도 안되어잇고 냄새나고 한숟가락 먹고 버렷어요ㅠ\n쫄뱅이는 맛잇어요..","date":"Mon Dec 10 23:59:44 +0000 2018","retweets":"30","favorites":"20","mentions":[],"hashtags":[],"geo":"","raw":"옛날도시락 밍밍하고 간도 안되어잇고 냄새나고 한숟가락 먹고 버렷어요ㅠ\n쫄뱅이는 맛잇어요..","polarity":{"com":0.006006006003003004,"pos":0.3158515659079258,"neg":0.536894037018447,"neut":0.11540111530770056,"none":0.02584727576292364},"intensity":{"high":0.0364650365,"low":0.24721149725,"meium":0.68972543975,"none":0.0265980265},"expressive":{"dir-action":0.00075075075,"dir-explicit":0.11776061774999999,"dir-speech":0.605855856,"indirect":0.245066495,"writing-device":0.030566280499999997}},{"id":"혼술식당-상계점","permalink":"","username":"asdfg","text":"생긴지 얼마 안된듯해 자세히 리뷰 남길게요~\n맛도 좋고 생노른자 따로 갖다주시는 센스도 좋았어요 ㅎㅎㅎ\n양이 진짜 많아서 가격 적당하다 생각하구요\n계란찜은 양 자체는 많지 않은데 계란은 아끼지 않으신 것 같아요 물 많이 탄 계란찜이 아니에요! 잘먹었습니다 애용할게요 ㅎㅎ","date":"Mon Dec 10 23:59:44 +0000 2018","retweets":"30","favorites":"20","mentions":[],"hashtags":[],"geo":"","raw":"생긴지 얼마 안된듯해 자세히 리뷰 남길게요~\n맛도 좋고 생노른자 따로 갖다주시는 센스도 좋았어요 ㅎㅎㅎ\n양이 진짜 많아서 가격 적당하다 생각하구요\n계란찜은 양 자체는 많지 않은데 계란은 아끼지 않으신 것 같아요 물 많이 탄 계란찜이 아니에요! 잘먹었습니다 애용할게요 ㅎㅎ","polarity":{"com":0.0043373786361664834,"pos":0.5666162591106084,"neg":0.29151015098674954,"neut":0.08479636476887288,"none":0.05273984649760274},"intensity":{"high":0.08653091578059373,"low":0.11770511260160957,"meium":0.7423194431583927,"none":0.053444528459404055},"expressive":{"dir-action":0.00013650013635122728,"dir-explicit":0.21948213020731983,"dir-speech":0.3338173911514712,"indirect":0.39296613114609397,"writing-device":0.053597847358763835}},{"id":"혼술식당-상계점","permalink":"","username":"asdfg","text":"맛났어요 김치전골","date":"Mon Dec 10 23:59:44 +0000 2018","retweets":"30","favorites":"20","mentions":[],"hashtags":[],"geo":"","raw":"맛났어요 김치전골","polarity":{"com":null,"pos":null,"neg":null,"neut":null,"none":null},"intensity":{"high":null,"low":null,"meium":null,"none":null},"expressive":{"dir-action":null,"dir-explicit":null,"dir-speech":null,"indirect":null,"writing-device":null}},{"id":"혼술식당-상계점","permalink":"","username":"asdfg","text":"꼬막비빔밥 맛나요!\n고로케도 맛나는데 양이 살짝 아쉽네요","date":"Mon Dec 10 23:59:44 +0000 2018","retweets":"30","favorites":"20","mentions":[],"hashtags":[],"geo":"","raw":"꼬막비빔밥 맛나요!\n고로케도 맛나는데 양이 살짝 아쉽네요","polarity":{"com":0.0075046685,"pos":0.39997665725000003,"neg":0.40158730175,"neut":0.0264472455,"none":0.164484127},"intensity":{"high":0.06757703076689425,"low":0.04899626501224907,"meium":0.7189425771797356,"none":0.16448412704112103},"expressive":{"dir-action":0,"dir-explicit":0.15100373496224906,"dir-speech":0.37565359465608655,"indirect":0.3057422969235644,"writing-device":0.16760037345809992}},{"id":"혼술식당-상계점","permalink":"","username":"asdfg","text":"잘 먹었습니다......","date":"Mon Dec 10 23:59:44 +0000 2018","retweets":"30","favorites":"20","mentions":[],"hashtags":[],"geo":"","raw":"잘 먹었습니다......","polarity":{"com":0,"pos":0.7142857147142857,"neg":0.21428571421428572,"neut":0.07142857107142857,"none":0},"intensity":{"high":0,"low":0.214285714,"meium":0.785714286,"none":0},"expressive":{"dir-action":0,"dir-explicit":0.214285714,"dir-speech":0.142857143,"indirect":0.642857143,"writing-device":0}},{"id":"혼술식당-상계점","permalink":"","username":"asdfg","text":"양 정말 푸짐하고 배달기사님도 친절하세요.\n근데 맛이 아쉽네요.\n우선 밥이 진밥을 넘어 떡밥입니다. ㅠㅠ\n밥만 잘지어도 50점 이상 먹고 들어가는데....\n신랑은 육회비빔밥 돈아까워서 꾸역꾸역 먹다가 결국 남겼어요.\n그나마 옛날도시락은 나은데 제육볶음이... \n제육볶음 맛없기가 쉽지않은데 맛없는 고추가루맛만 나네요.\n쫄뱅이는 양념이 맛있고 야채 가짓수가 많아요.\n주문한것 중에 쫄뱅이가 젤 낫네요~","date":"Mon Dec 10 23:59:44 +0000 2018","retweets":"30","favorites":"20","mentions":[],"hashtags":[],"geo":"","raw":"양 정말 푸짐하고 배달기사님도 친절하세요.\n근데 맛이 아쉽네요.\n우선 밥이 진밥을 넘어 떡밥입니다. ㅠㅠ\n밥만 잘지어도 50점 이상 먹고 들어가는데....\n신랑은 육회비빔밥 돈아까워서 꾸역꾸역 먹다가 결국 남겼어요.\n그나마 옛날도시락은 나은데 제육볶음이... \n제육볶음 맛없기가 쉽지않은데 맛없는 고추가루맛만 나네요.\n쫄뱅이는 양념이 맛있고 야채 가짓수가 많아요.\n주문한것 중에 쫄뱅이가 젤 낫네요~","polarity":{"com":0.007546047562971628,"pos":0.4609236173413077,"neg":0.3652411410228276,"neut":0.03876008268992251,"none":0.12752911138297057},"intensity":{"high":0.1105262850485197,"low":0.08861518070134612,"meium":0.6568513612588831,"none":0.14400717299125113},"expressive":{"dir-action":0.0007084523125442783,"dir-explicit":0.28760817001797545,"dir-speech":0.34323505752145217,"indirect":0.23878275920242387,"writing-device":0.12966556094560408}},{"id":"혼술식당-상계점","permalink":"","username":"asdfg","text":"제가 육회비빔밥을 처음먹어서 식당이랑 비교는 못하는데 맛나게 잘먹었습니다. 양도많고 소스도 넉넉히주셔서 밥조금더넣고 비비면 둘이서도 먹을수있을꺼같아요 도시락도 맘에들었고 김치찌개도 맛은있었습니다","date":"Mon Dec 10 23:59:44 +0000 2018","retweets":"30","favorites":"20","mentions":[],"hashtags":[],"geo":"","raw":"제가 육회비빔밥을 처음먹어서 식당이랑 비교는 못하는데 맛나게 잘먹었습니다. 양도많고 소스도 넉넉히주셔서 밥조금더넣고 비비면 둘이서도 먹을수있을꺼같아요 도시락도 맘에들었고 김치찌개도 맛은있었습니다","polarity":{"com":0.005013097166666667,"pos":0.3676132569999999,"neg":0.45829991205555554,"neut":0.03448839761111112,"none":0.13458533616666665},"intensity":{"high":0.09923743523876179,"low":0.18377311075285105,"meium":0.5562973107593828,"none":0.16069214324900422},"expressive":{"dir-action":0.0010789056111111112,"dir-explicit":0.2776590380555556,"dir-speech":0.36740983650000003,"indirect":0.2172334521111111,"writing-device":0.13661876772222223}}]