[{"id":"미스터파파 임실치즈피자 강남점","permalink":"","username":"asdfg","text":"역시 치즈지존!!!!!","date":"Mon Dec 10 23:59:44 +0000 2018","retweets":"30","favorites":"20","mentions":[],"hashtags":[],"geo":"","raw":"역시 치즈지존!!!!!","polarity":{"com":0,"pos":0.3333333333333333,"neg":0,"neut":0.3333333333333333,"none":0.3333333333333333},"intensity":{"high":0,"low":0.3333333333333333,"meium":0.3333333333333333,"none":0.3333333333333333},"expressive":{"dir-action":0,"dir-explicit":0.3333333333333333,"dir-speech":0.3333333333333333,"indirect":0,"writing-device":0.3333333333333333}},{"id":"미스터파파 임실치즈피자 강남점","permalink":"","username":"asdfg","text":"피자 맛있네요 근데 피클 핫소스 따로 추가 한건 안왔네요...ㅠㅠㅠㅠ","date":"Mon Dec 10 23:59:44 +0000 2018","retweets":"30","favorites":"20","mentions":[],"hashtags":[],"geo":"","raw":"피자 맛있네요 근데 피클 핫소스 따로 추가 한건 안왔네요...ㅠㅠㅠㅠ","polarity":{"com":0,"pos":0.0625,"neg":0.640625,"neut":0.28125,"none":0.015625},"intensity":{"high":0.203125,"low":0,"meium":0.78125,"none":0.015625},"expressive":{"dir-action":0,"dir-explicit":0.296875,"dir-speech":0.671875,"indirect":0,"writing-device":0.03125}},{"id":"미스터파파 임실치즈피자 강남점","permalink":"","username":"asdfg","text":"치즈가 넘쳐 흘러요~^^  맛도 넘쳐요^^","date":"Mon Dec 10 23:59:44 +0000 2018","retweets":"30","favorites":"20","mentions":[],"hashtags":[],"geo":"","raw":"치즈가 넘쳐 흘러요~^^  맛도 넘쳐요^^","polarity":{"com":0.005952381,"pos":0.8035714286666668,"neg":0.15476190466666667,"neut":0.026785714333333335,"none":0.008928571333333333},"intensity":{"high":0.38690476199999996,"low":0.035714285666666665,"meium":0.5654761903333333,"none":0.011904762},"expressive":{"dir-action":0,"dir-explicit":0.4583333333333333,"dir-speech":0.4375,"indirect":0.09523809533333333,"writing-device":0.008928571333333333}},{"id":"미스터파파 임실치즈피자 강남점","permalink":"","username":"asdfg","text":"여기 확실히  치즈가 많이 주는듯 도우도  흑미라 고소한것 같고 좋아요","date":"Mon Dec 10 23:59:44 +0000 2018","retweets":"30","favorites":"20","mentions":[],"hashtags":[],"geo":"","raw":"여기 확실히  치즈가 많이 주는듯 도우도  흑미라 고소한것 같고 좋아요","polarity":{"com":0.0032258064994623655,"pos":0.5878396870686934,"neg":0.2649429781225095,"neut":0.02913000982847833,"none":0.1148615184808564},"intensity":{"high":0.056630824323894866,"low":0.22046594979658898,"meium":0.6076832843987195,"none":0.11521994148079667},"expressive":{"dir-action":0.001075268833154122,"dir-explicit":0.3922287391012953,"dir-speech":0.3349625284441729,"indirect":0.15687194514052138,"writing-device":0.11486151848085643}},{"id":"미스터파파 임실치즈피자 강남점","permalink":"","username":"asdfg","text":"배달이 좀 늦었지만 피자는 맛있네요.근데 갈릭디핑 두개 추가했는데 하나밖에 안왔어요 ㅠ담에 챙겨주세요","date":"Mon Dec 10 23:59:44 +0000 2018","retweets":"30","favorites":"20","mentions":[],"hashtags":[],"geo":"","raw":"배달이 좀 늦었지만 피자는 맛있네요.근데 갈릭디핑 두개 추가했는데 하나밖에 안왔어요 ㅠ담에 챙겨주세요","polarity":{"com":0.003225806500537634,"pos":0.6329791772721631,"neg":0.26099697054349946,"neut":0.0744943676790824,"none":0.028303678004717274},"intensity":{"high":0.08067182966666667,"low":0.08284690216666667,"meium":0.8078191671666667,"none":0.028662101},"expressive":{"dir-action":0.0010752688333333334,"dir-explicit":0.3076538233333333,"dir-speech":0.5771793395,"indirect":0.07272572100000001,"writing-device":0.04136584733333334}},{"id":"미스터파파 임실치즈피자 강남점","permalink":"","username":"asdfg","text":"치즈너무많이주심ㅜㅜ","date":"Mon Dec 10 23:59:44 +0000 2018","retweets":"30","favorites":"20","mentions":[],"hashtags":[],"geo":"","raw":"치즈너무많이주심ㅜㅜ","polarity":{"com":0.142857143,"pos":0.142857143,"neg":0.714285714,"neut":0,"none":0},"intensity":{"high":0.142857143,"low":0.142857143,"meium":0.714285714,"none":0},"expressive":{"dir-action":0,"dir-explicit":0.5714285710000001,"dir-speech":0.28571428600000004,"indirect":0.14285714300000002,"writing-device":0}},{"id":"미스터파파 임실치즈피자 강남점","permalink":"","username":"asdfg","text":"콜라가 없을지는 상상도 못함","date":"Mon Dec 10 23:59:44 +0000 2018","retweets":"30","favorites":"20","mentions":[],"hashtags":[],"geo":"","raw":"콜라가 없을지는 상상도 못함","polarity":{"com":0,"pos":0.19841269833333333,"neg":0.5211640213333334,"neut":0.21693121699999998,"none":0.06349206333333333},"intensity":{"high":0.06613756633333333,"low":0.283068783,"meium":0.5873015873333333,"none":0.06349206333333333},"expressive":{"dir-action":0,"dir-explicit":0.23809523825396825,"dir-speech":0.44444444451851856,"indirect":0.24867724858377427,"writing-device":0.06878306864373901}},{"id":"미스터파파 임실치즈피자 강남점","permalink":"","username":"asdfg","text":"진심 치즈 너무 많이 토핑해주셔서 미디움인데 두조각 먹고 배불렀습니다.. 앞으로 피자는 무조건 여기입니다!! 너무 감사드립니다^^ ","date":"Mon Dec 10 23:59:44 +0000 2018","retweets":"30","favorites":"20","mentions":[],"hashtags":[],"geo":"","raw":"진심 치즈 너무 많이 토핑해주셔서 미디움인데 두조각 먹고 배불렀습니다.. 앞으로 피자는 무조건 여기입니다!! 너무 감사드립니다^^ ","polarity":{"com":0.036438326892937585,"pos":0.4079545796008839,"neg":0.47040450594115607,"neut":0.048586555338731845,"none":0.03661603222629067},"intensity":{"high":0.07731192834192355,"low":0.14191038412687895,"meium":0.7439227066382136,"none":0.036854980892983884},"expressive":{"dir-action":0.0007168458888092393,"dir-explicit":0.38030614873552154,"dir-speech":0.4644197465039533,"indirect":0.09548039043383551,"writing-device":0.059076868437880355}},{"id":"미스터파파 임실치즈피자 강남점","permalink":"","username":"asdfg","text":"식어도두꺼운피자입니다병원에서다같이머금ㅋㅋ","date":"Mon Dec 10 23:59:44 +0000 2018","retweets":"30","favorites":"20","mentions":[],"hashtags":[],"geo":"","raw":"식어도두꺼운피자입니다병원에서다같이머금ㅋㅋ","polarity":{"com":0.007625272333333333,"pos":0.128540305,"neg":0.7592592593333333,"neut":0.030501089333333332,"none":0.074074074},"intensity":{"high":0.37581699345860564,"low":0.027233115342411043,"meium":0.522875817174292,"none":0.07407407402469136},"expressive":{"dir-action":0,"dir-explicit":0.13943355133333335,"dir-speech":0.4008714596666667,"indirect":0.3790849673333334,"writing-device":0.08061002166666668}},{"id":"미스터파파 임실치즈피자 강남점","permalink":"","username":"asdfg","text":"졸맛탱크고맛있고두껍고 떡인줄알았응ㅋㅋ","date":"Mon Dec 10 23:59:44 +0000 2018","retweets":"30","favorites":"20","mentions":[],"hashtags":[],"geo":"","raw":"졸맛탱크고맛있고두껍고 떡인줄알았응ㅋㅋ","polarity":{"com":0.004575163399999999,"pos":0.4771241829999999,"neg":0.4555555555999999,"neut":0.018300653599999998,"none":0.04444444439999999},"intensity":{"high":0.025490196005098033,"low":0.21633986924326792,"meium":0.713725490342745,"none":0.04444444440888888},"expressive":{"dir-action":0,"dir-explicit":0.0836601308,"dir-speech":0.6405228758,"indirect":0.0274509804,"writing-device":0.248366013}},{"id":"미스터파파 임실치즈피자 강남점","permalink":"","username":"asdfg","text":"치즈짱짱 많아여~작응거 시켯는데 배불러서 다음날도 목엇오영","date":"Mon Dec 10 23:59:44 +0000 2018","retweets":"30","favorites":"20","mentions":[],"hashtags":[],"geo":"","raw":"치즈짱짱 많아여~작응거 시켯는데 배불러서 다음날도 목엇오영","polarity":{"com":0.002380952333333333,"pos":0.4685300206666667,"neg":0.3645962733333333,"neut":0.01925465833333333,"none":0.14523809533333334},"intensity":{"high":0.20124223606708075,"low":0.17722567272574186,"meium":0.4762939958254313,"none":0.145238095381746},"expressive":{"dir-action":0,"dir-explicit":0.4358178053333333,"dir-speech":0.23913043466666664,"indirect":0.18219461700000003,"writing-device":0.142857143}},{"id":"미스터파파 임실치즈피자 강남점","permalink":"","username":"asdfg","text":"뜨거운거 치즈 늘려가며 먹고싶었는데 미지근..개아쉽.. 치즈도 좀 준느낌.. ","date":"Mon Dec 10 23:59:44 +0000 2018","retweets":"30","favorites":"20","mentions":[],"hashtags":[],"geo":"","raw":"뜨거운거 치즈 늘려가며 먹고싶었는데 미지근..개아쉽.. 치즈도 좀 준느낌.. ","polarity":{"com":0.000892857125,"pos":0.474512987,"neg":0.39258658012500003,"neut":0.066179653625,"none":0.065827922125},"intensity":{"high":0.04310966812500001,"low":0.11479076475000001,"meium":0.776271645,"none":0.06582792212500001},"expressive":{"dir-action":0,"dir-explicit":0.1384920634826885,"dir-speech":0.4536616160682923,"indirect":0.2804112554649486,"writing-device":0.12743506498407062}},{"id":"미스터파파 임실치즈피자 강남점","permalink":"","username":"asdfg","text":"미친 치즈양!!! 치즈가 듬뿍 피자소스가 살짝 진하긴하지만 치즈이렇게 많이들어간거 어릴때먹던 피자이후로 처음 느껴요!!!스파게티에도 치즈가 와방! 버팔로윙은 냄새가 좀ㅠㅠ 그거빼고 좋았어요","date":"Mon Dec 10 23:59:44 +0000 2018","retweets":"30","favorites":"20","mentions":[],"hashtags":[],"geo":"","raw":"미친 치즈양!!! 치즈가 듬뿍 피자소스가 살짝 진하긴하지만 치즈이렇게 많이들어간거 어릴때먹던 피자이후로 처음 느껴요!!!스파게티에도 치즈가 와방! 버팔로윙은 냄새가 좀ㅠㅠ 그거빼고 좋았어요","polarity":{"com":0.01589184833121442,"pos":0.38896392554813813,"neg":0.4598163930053578,"neut":0.0547244469927034,"none":0.08060338612258622},"intensity":{"high":0.11969063274929205,"low":0.17427659475657017,"meium":0.6230484338164064,"none":0.08298433867773122},"expressive":{"dir-action":0,"dir-explicit":0.24509537981764762,"dir-speech":0.4330974864467138,"indirect":0.2001069043599786,"writing-device":0.12170022937565997}},{"id":"미스터파파 임실치즈피자 강남점","permalink":"","username":"asdfg","text":"맛잇게 먹엇어요 ^^ 굳굳굳","date":"Mon Dec 10 23:59:44 +0000 2018","retweets":"30","favorites":"20","mentions":[],"hashtags":[],"geo":"","raw":"맛잇게 먹엇어요 ^^ 굳굳굳","polarity":{"com":0,"pos":1,"neg":0,"neut":0,"none":0},"intensity":{"high":0,"low":0,"meium":1,"none":0},"expressive":{"dir-action":0,"dir-explicit":0,"dir-speech":1,"indirect":0,"writing-device":0}},{"id":"미스터파파 임실치즈피자 강남점","permalink":"","username":"asdfg","text":"다른 리뷰대로 치즈 진짜 많이 주시네요~이렇게 치즈 많은곳 처음!!","date":"Mon Dec 10 23:59:44 +0000 2018","retweets":"30","favorites":"20","mentions":[],"hashtags":[],"geo":"","raw":"다른 리뷰대로 치즈 진짜 많이 주시네요~이렇게 치즈 많은곳 처음!!","polarity":{"com":0.03333333339333334,"pos":0.44492753611101454,"neg":0.3241545893351691,"neut":0.06425120778714977,"none":0.13333333337333336},"intensity":{"high":0.08550724641710143,"low":0.22125603864425114,"meium":0.5599033815119806,"none":0.13333333342666664},"expressive":{"dir-action":0,"dir-explicit":0.2487922704497584,"dir-speech":0.3212560386642511,"indirect":0.2966183574593237,"writing-device":0.13333333342666664}},{"id":"미스터파파 임실치즈피자 강남점","permalink":"","username":"asdfg","text":"오늘도 역시 치즈 폭풍ㅎㅎ 근데 뭔가 발란스가 않맞다고 해야하나요? 도우는 너무 얇고 치즈는 무겁고 치즈질이 최상은 아니고 치즈가 엄청 많은 피자 ^^ 저번에도 좀 느꼈던 부분인데 그땐 치즈량 감동이 폭팔해서ㅎ 먹다보면 치즈만 먹고있는 나를 발견 조금더 연구를 해보세요 잘먹었습니다 항상 같은 컬리티를 유지하는 좋은집","date":"Mon Dec 10 23:59:44 +0000 2018","retweets":"30","favorites":"20","mentions":[],"hashtags":[],"geo":"","raw":"오늘도 역시 치즈 폭풍ㅎㅎ 근데 뭔가 발란스가 않맞다고 해야하나요? 도우는 너무 얇고 치즈는 무겁고 치즈질이 최상은 아니고 치즈가 엄청 많은 피자 ^^ 저번에도 좀 느꼈던 부분인데 그땐 치즈량 감동이 폭팔해서ㅎ 먹다보면 치즈만 먹고있는 나를 발견 조금더 연구를 해보세요 잘먹었습니다 항상 같은 컬리티를 유지하는 좋은집","polarity":{"com":0.005552460069731375,"pos":0.43192100678371326,"neg":0.39339969129564134,"neut":0.08250255439069,"none":0.08662428746022405},"intensity":{"high":0.07917762679310347,"low":0.14435106310344828,"meium":0.6883643954827585,"none":0.08810691462068967},"expressive":{"dir-action":0.0014544473447272795,"dir-explicit":0.2686315266366461,"dir-speech":0.4445105943486544,"indirect":0.19582561305546028,"writing-device":0.08957781861451189}},{"id":"미스터파파 임실치즈피자 강남점","permalink":"","username":"asdfg","text":"이집 피자는 절반이 치즈치즈 끊기가 이리 어려울줄이야","date":"Mon Dec 10 23:59:44 +0000 2018","retweets":"30","favorites":"20","mentions":[],"hashtags":[],"geo":"","raw":"이집 피자는 절반이 치즈치즈 끊기가 이리 어려울줄이야","polarity":{"com":0.0029761905004960314,"pos":0.3554894180592482,"neg":0.5945767195990962,"neut":0.029265873004877645,"none":0.01769179883628197},"intensity":{"high":0.05588624349068564,"low":0.25992063495667994,"meium":0.6650132273891645,"none":0.01917989416347002},"expressive":{"dir-action":0,"dir-explicit":0.20006613753334435,"dir-speech":0.40922619056820436,"indirect":0.2037037037006173,"writing-device":0.18700396819783402}},{"id":"미스터파파 임실치즈피자 강남점","permalink":"","username":"asdfg","text":"와진짜 치즈가 오지고 지렸다 원래 시키던곳이 끝나서 후기보고 함 시켜봤는데 먹다가 내맘흔들림 왠지 갈아탈거같아ㅋㅋ","date":"Mon Dec 10 23:59:44 +0000 2018","retweets":"30","favorites":"20","mentions":[],"hashtags":[],"geo":"","raw":"와진짜 치즈가 오지고 지렸다 원래 시키던곳이 끝나서 후기보고 함 시켜봤는데 먹다가 내맘흔들림 왠지 갈아탈거같아ㅋㅋ","polarity":{"com":0.002976190499999999,"pos":0.20734126983333334,"neg":0.6051587301666667,"neut":0.18005952383333337,"none":0.004464285666666667},"intensity":{"high":0.07308201066666668,"low":0.05489417983333334,"meium":0.8660714285,"none":0.0059523810000000005},"expressive":{"dir-action":0,"dir-explicit":0.099537037,"dir-speech":0.5983796296666667,"indirect":0.13095238099999998,"writing-device":0.1711309523333333}},{"id":"미스터파파 임실치즈피자 강남점","permalink":"","username":"asdfg","text":"배달은 좀 걸렷지만 맛잇어요 ㅎㅎ","date":"Mon Dec 10 23:59:44 +0000 2018","retweets":"30","favorites":"20","mentions":[],"hashtags":[],"geo":"","raw":"배달은 좀 걸렷지만 맛잇어요 ㅎㅎ","polarity":{"com":0,"pos":0.7264957265754987,"neg":0.11111111103703704,"neut":0.017094017005698008,"none":0.1452991453817664},"intensity":{"high":0.03418803433333333,"low":0.017094017,"meium":0.8034188033333334,"none":0.14529914533333335},"expressive":{"dir-action":0,"dir-explicit":0.2102564103333333,"dir-speech":0.6188034186666667,"indirect":0.03418803433333333,"writing-device":0.13675213666666666}},{"id":"미스터파파 임실치즈피자 강남점","permalink":"","username":"asdfg","text":"음~~~!!! 지금 한입 먹었는데 치즈가 어마어마하네요. 좋습니다!!!!  ^^  요즘 먹는집이 이상해져서 속상했던 차인데 단골 될꺼같아요","date":"Mon Dec 10 23:59:44 +0000 2018","retweets":"30","favorites":"20","mentions":[],"hashtags":[],"geo":"","raw":"음~~~!!! 지금 한입 먹었는데 치즈가 어마어마하네요. 좋습니다!!!!  ^^  요즘 먹는집이 이상해져서 속상했던 차인데 단골 될꺼같아요","polarity":{"com":0.0064756984,"pos":0.48170430510000006,"neg":0.4046703132000001,"neut":0.047275058700000004,"none":0.0598746246},"intensity":{"high":0.1044739697104474,"low":0.0882370731088237,"meium":0.7462211750746222,"none":0.06106778210610677},"expressive":{"dir-action":0.00030030030000000003,"dir-explicit":0.2685771696,"dir-speech":0.3545283835,"indirect":0.30969653269999997,"writing-device":0.0668976139}},{"id":"미스터파파 임실치즈피자 강남점","permalink":"","username":"asdfg","text":"피자가 오지도않구 왠지 식어서올꺼같음ㅜ","date":"Mon Dec 10 23:59:44 +0000 2018","retweets":"30","favorites":"20","mentions":[],"hashtags":[],"geo":"","raw":"피자가 오지도않구 왠지 식어서올꺼같음ㅜ","polarity":{"com":0.004999999999999999,"pos":0.2726190476,"neg":0.4252380952,"neut":0.1475,"none":0.1496428572},"intensity":{"high":0.2797619048,"low":0.0442857142,"meium":0.5245238094,"none":0.15142857159999998},"expressive":{"dir-action":0,"dir-explicit":0.16928571436614281,"dir-speech":0.2510714285497857,"indirect":0.421904761915619,"writing-device":0.15773809516845236}},{"id":"미스터파파 임실치즈피자 강남점","permalink":"","username":"asdfg","text":"이집피자 5번먹으면 턱에 보톡스맞아야함 굿","date":"Mon Dec 10 23:59:44 +0000 2018","retweets":"30","favorites":"20","mentions":[],"hashtags":[],"geo":"","raw":"이집피자 5번먹으면 턱에 보톡스맞아야함 굿","polarity":{"com":0,"pos":0.59722222225,"neg":0.40277777774999995,"neut":0,"none":0},"intensity":{"high":0.08333333325,"low":0.09722222224999999,"meium":0.8194444445,"none":0},"expressive":{"dir-action":0,"dir-explicit":0.19444444449999998,"dir-speech":0.47222222225,"indirect":0.33333333325000003,"writing-device":0}},{"id":"미스터파파 임실치즈피자 강남점","permalink":"","username":"asdfg","text":"치즈오븐스파게티 + 치킨텐더 10조각  시켰어요^^메인 피자를 주문을 안했고 별로 새벽에 주문을해서 정말 얼마나 잘되서올까 긴가민가했는데요 ㅋㅋ완전 제대로네요..^^!!  대박입니다~!! 다음에는 메인 피자랑 같이 주문 할게요!!번창하세요^^!!","date":"Mon Dec 10 23:59:44 +0000 2018","retweets":"30","favorites":"20","mentions":[],"hashtags":[],"geo":"","raw":"치즈오븐스파게티 + 치킨텐더 10조각  시켰어요^^메인 피자를 주문을 안했고 별로 새벽에 주문을해서 정말 얼마나 잘되서올까 긴가민가했는데요 ㅋㅋ완전 제대로네요..^^!!  대박입니다~!! 다음에는 메인 피자랑 같이 주문 할게요!!번창하세요^^!!","polarity":{"com":0.007488540706763357,"pos":0.4606016536424238,"neg":0.330669537450667,"neut":0.0642655078899136,"none":0.13697476031023234},"intensity":{"high":0.11705959575093416,"low":0.13501862410176252,"meium":0.6093417503400774,"none":0.1385800298072259},"expressive":{"dir-action":0.003743858882573168,"dir-explicit":0.2547082297796887,"dir-speech":0.35439045102084654,"indirect":0.24446423148496846,"writing-device":0.14269322883192317}},{"id":"미스터파파 임실치즈피자 강남점","permalink":"","username":"asdfg","text":"치즈가 진짜 최고네요 양도 많고 맛도 좋아요","date":"Mon Dec 10 23:59:44 +0000 2018","retweets":"30","favorites":"20","mentions":[],"hashtags":[],"geo":"","raw":"치즈가 진짜 최고네요 양도 많고 맛도 좋아요","polarity":{"com":0.0035714286,"pos":0.7221815046,"neg":0.2361228432,"neut":0.0247670808,"none":0.0133571428},"intensity":{"high":0.27987232585597444,"low":0.07290683221458134,"meium":0.6320779847264155,"none":0.015142857203028567},"expressive":{"dir-action":0,"dir-explicit":0.2993478260598696,"dir-speech":0.3459782608691957,"indirect":0.34131677026826335,"writing-device":0.01335714280267143}},{"id":"미스터파파 임실치즈피자 강남점","permalink":"","username":"asdfg","text":"잘먹고 리뷰 납깁니다.","date":"Mon Dec 10 23:59:44 +0000 2018","retweets":"30","favorites":"20","mentions":[],"hashtags":[],"geo":"","raw":"잘먹고 리뷰 납깁니다.","polarity":{"com":0,"pos":0.8571428574285714,"neg":0.10714285705357143,"neut":0.035714285517857144,"none":0},"intensity":{"high":0.25,"low":0.107142857,"meium":0.6428571430000001,"none":0},"expressive":{"dir-action":0,"dir-explicit":0.357142857,"dir-speech":0.0714285715,"indirect":0.5714285715,"writing-device":0}},{"id":"미스터파파 임실치즈피자 강남점","permalink":"","username":"asdfg","text":"넘모 꿀맛이자너 ㅎㅎ 다음번에도 먹어야할듯","date":"Mon Dec 10 23:59:44 +0000 2018","retweets":"30","favorites":"20","mentions":[],"hashtags":[],"geo":"","raw":"넘모 꿀맛이자너 ㅎㅎ 다음번에도 먹어야할듯","polarity":{"com":0.0123685285,"pos":0.366960714,"neg":0.37618306175000005,"neut":0.0428392395,"none":0.20164845625},"intensity":{"high":0.0908816359772796,"low":0.13488693821627828,"meium":0.568608084857848,"none":0.2056233409485942},"expressive":{"dir-action":0.003974884750993721,"dir-explicit":0.2318493523079623,"dir-speech":0.3520899790880224,"indirect":0.20250103080062526,"writing-device":0.20958475305239618}},{"id":"미스터파파 임실치즈피자 강남점","permalink":"","username":"asdfg","text":"치즈 굳ㄸ","date":"Mon Dec 10 23:59:44 +0000 2018","retweets":"30","favorites":"20","mentions":[],"hashtags":[],"geo":"","raw":"치즈 굳ㄸㄸㄸㄸㄸㄸㄸㄸㄸㄸ","polarity":{"com":null,"pos":null,"neg":null,"neut":null,"none":null},"intensity":{"high":null,"low":null,"meium":null,"none":null},"expressive":{"dir-action":null,"dir-explicit":null,"dir-speech":null,"indirect":null,"writing-device":null}},{"id":"미스터파파 임실치즈피자 강남점","permalink":"","username":"asdfg","text":"배송은 한시간 걸렷어요 퓨ㅠㅠ 하지만맛은잇으요 ","date":"Mon Dec 10 23:59:44 +0000 2018","retweets":"30","favorites":"20","mentions":[],"hashtags":[],"geo":"","raw":"배송은 한시간 걸렷어요 퓨ㅠㅠ 하지만맛은잇으요 ","polarity":{"com":0.0084745765,"pos":0.30296610150000003,"neg":0.654661017,"neut":0.0169491525,"none":0.0169491525},"intensity":{"high":0.17584745758792372,"low":0.06779661003389831,"meium":0.7394067798697034,"none":0.016949152508474577},"expressive":{"dir-action":0,"dir-explicit":0.26059322050000006,"dir-speech":0.5296610170000001,"indirect":0.19279661,"writing-device":0.016949152500000002}},{"id":"미스터파파 임실치즈피자 강남점","permalink":"","username":"asdfg","text":"피자가 무거울만큼 치즈 많이 넣어줌","date":"Mon Dec 10 23:59:44 +0000 2018","retweets":"30","favorites":"20","mentions":[],"hashtags":[],"geo":"","raw":"피자가 무거울만큼 치즈 많이 넣어줌","polarity":{"com":0.03625541133333333,"pos":0.44498557000000005,"neg":0.43085618099999995,"neut":0.06382275133333333,"none":0.024080086333333334},"intensity":{"high":0.06872294368957431,"low":0.26635401642211803,"meium":0.637866762879289,"none":0.027056277009018758},"expressive":{"dir-action":0,"dir-explicit":0.289983165,"dir-speech":0.31965488233333333,"indirect":0.3662818663333334,"writing-device":0.024080086333333334}},{"id":"미스터파파 임실치즈피자 강남점","permalink":"","username":"asdfg","text":"치즈 양도 많아서 좋았는데 도우가 덜익어 반죽을 씹는 느낌이었네요. 2프로 부족했네요","date":"Mon Dec 10 23:59:44 +0000 2018","retweets":"30","favorites":"20","mentions":[],"hashtags":[],"geo":"","raw":"치즈 양도 많아서 좋았는데 도우가 덜익어 반죽을 씹는 느낌이었네요. 2프로 부족했네요","polarity":{"com":0.004651497750000001,"pos":0.7547684582500002,"neg":0.20277390962500005,"neut":0.025963296500000007,"none":0.011842837875000001},"intensity":{"high":0.22017109965252135,"low":0.11008289913876035,"meium":0.6565182745820648,"none":0.013227726626653462},"expressive":{"dir-action":0.0008064516251008064,"dir-explicit":0.5013397031876674,"dir-speech":0.22806437002850805,"indirect":0.2579466372822433,"writing-device":0.011842837876480354}},{"id":"미스터파파 임실치즈피자 강남점","permalink":"","username":"asdfg","text":"배달빠르고 맛잇고 !! 피자는 요기서만 배달해용 ㅎㅎㅎ","date":"Mon Dec 10 23:59:44 +0000 2018","retweets":"30","favorites":"20","mentions":[],"hashtags":[],"geo":"","raw":"배달빠르고 맛잇고 !! 피자는 요기서만 배달해용 ㅎㅎㅎ","polarity":{"com":0.003870967801548387,"pos":0.6026153058410462,"neg":0.23879160269551666,"neut":0.04607822281843129,"none":0.10864390084345758},"intensity":{"high":0.0548190162,"low":0.0811012642,"meium":0.7550057112,"none":0.1090740084},"expressive":{"dir-action":0.0012903225999999998,"dir-explicit":0.140695577,"dir-speech":0.6435401157999999,"indirect":0.10778368579999997,"writing-device":0.10669029879999999}},{"id":"미스터파파 임실치즈피자 강남점","permalink":"","username":"asdfg","text":"치즈가 와우... 배불러쥭겟네","date":"Mon Dec 10 23:59:44 +0000 2018","retweets":"30","favorites":"20","mentions":[],"hashtags":[],"geo":"","raw":"치즈가 와우... 배불러쥭겟네","polarity":{"com":0.017857143,"pos":0.410714286,"neg":0.464285714,"neut":0.080357143,"none":0.026785714},"intensity":{"high":0.160714286,"low":0.107142857,"meium":0.696428571,"none":0.035714286},"expressive":{"dir-action":0,"dir-explicit":0.37500000000000006,"dir-speech":0.31250000000000006,"indirect":0.28571428600000004,"writing-device":0.026785714000000002}},{"id":"미스터파파 임실치즈피자 강남점","permalink":"","username":"asdfg","text":"완전맛있고 빵도 너무맜있어요!","date":"Mon Dec 10 23:59:44 +0000 2018","retweets":"30","favorites":"20","mentions":[],"hashtags":[],"geo":"","raw":"완전맛있고 빵도 너무맜있어요!","polarity":{"com":0.0035714285000000004,"pos":0.35714285700000004,"neg":0.41428571450000007,"neut":0.007142857000000001,"none":0.21785714300000003},"intensity":{"high":0.0714285715,"low":0.057142857,"meium":0.6535714285,"none":0.217857143},"expressive":{"dir-action":0,"dir-explicit":0.34285714282857144,"dir-speech":0.149999999925,"indirect":0.2928571428535714,"writing-device":0.21428571439285712}},{"id":"미스터파파 임실치즈피자 강남점","permalink":"","username":"asdfg","text":"맛잇게잘먹엇습니다 긋ㆍ굿","date":"Mon Dec 10 23:59:44 +0000 2018","retweets":"30","favorites":"20","mentions":[],"hashtags":[],"geo":"","raw":"맛잇게잘먹엇습니다 긋ㆍ굿","polarity":{"com":0,"pos":1,"neg":0,"neut":0,"none":0},"intensity":{"high":0,"low":0,"meium":1,"none":0},"expressive":{"dir-action":0,"dir-explicit":0,"dir-speech":0.5,"indirect":0.5,"writing-device":0}},{"id":"미스터파파 임실치즈피자 강남점","permalink":"","username":"asdfg","text":"네 생각보다 양은 많네요. 근데 쉬림프골드인데 새우가 몇마리 없네요","date":"Mon Dec 10 23:59:44 +0000 2018","retweets":"30","favorites":"20","mentions":[],"hashtags":[],"geo":"","raw":"네 생각보다 양은 많네요. 근데 쉬림프골드인데 새우가 몇마리 없네요","polarity":{"com":0.012030087200000001,"pos":0.3533046088,"neg":0.4465694452,"neut":0.10277647220000001,"none":0.0853193866},"intensity":{"high":0.17113382703422678,"low":0.15066417723013284,"meium":0.589155147117831,"none":0.08904684861780937},"expressive":{"dir-action":0,"dir-explicit":0.42344485008468896,"dir-speech":0.2808862498561772,"indirect":0.20060270204012057,"writing-device":0.09506619801901324}},{"id":"미스터파파 임실치즈피자 강남점","permalink":"","username":"asdfg","text":"맛있게잘먹어써요ㅎㅎ","date":"Mon Dec 10 23:59:44 +0000 2018","retweets":"30","favorites":"20","mentions":[],"hashtags":[],"geo":"","raw":"맛있게잘먹어써요ㅎㅎ","polarity":{"com":0,"pos":0.4502164501500721,"neg":0.49567099583189034,"neut":0.054112554018037516,"none":0},"intensity":{"high":0.030303030333333328,"low":0.10173160166666664,"meium":0.867965368,"none":0},"expressive":{"dir-action":0.03030303033333333,"dir-explicit":0.10173160166666666,"dir-speech":0.5627705626666667,"indirect":0.3051948053333333,"writing-device":0}},{"id":"미스터파파 임실치즈피자 강남점","permalink":"","username":"asdfg","text":"24000원 짜리 시키는데 작은캔 콜라하나도 안준다고? 말이되나 ? 그리고 50분 걸린다던 피자는 1시간25분?","date":"Mon Dec 10 23:59:44 +0000 2018","retweets":"30","favorites":"20","mentions":[],"hashtags":[],"geo":"","raw":"24000원 짜리 시키는데 작은캔 콜라하나도 안준다고? 말이되나 ? 그리고 50분 걸린다던 피자는 1시간25분?","polarity":{"com":0.00628930822152341,"pos":0.3880486505124391,"neg":0.5309834392743352,"neut":0.04928288577230189,"none":0.025395716219400476},"intensity":{"high":0.07090446242868789,"low":0.07132874120637138,"meium":0.832371080148362,"none":0.02539571621657873},"expressive":{"dir-action":0,"dir-explicit":0.35998524736444776,"dir-speech":0.4401461959021898,"indirect":0.16851629996255196,"writing-device":0.03135225677081062}},{"id":"미스터파파 임실치즈피자 강남점","permalink":"","username":"asdfg","text":"배달도빠르고 맛잇오요 배달하시는분도 친절하시네용 짱!!!","date":"Mon Dec 10 23:59:44 +0000 2018","retweets":"30","favorites":"20","mentions":[],"hashtags":[],"geo":"","raw":"배달도빠르고 맛잇오요 배달하시는분도 친절하시네용 짱!!!","polarity":{"com":0.0032258064999999996,"pos":0.877688172,"neg":0.10044802866666667,"neut":0.013978494666666667,"none":0.004659498166666667},"intensity":{"high":0.023297491,"low":0.07491039416666667,"meium":0.8967741936666666,"none":0.005017921166666666},"expressive":{"dir-action":0.0010752688333333334,"dir-explicit":0.09399641583333333,"dir-speech":0.632437276,"indirect":0.2678315411666667,"writing-device":0.004659498166666667}},{"id":"미스터파파 임실치즈피자 강남점","permalink":"","username":"asdfg","text":"두번째 역시 맛있었어용 ㅎㅎ","date":"Mon Dec 10 23:59:44 +0000 2018","retweets":"30","favorites":"20","mentions":[],"hashtags":[],"geo":"","raw":"두번째 역시 맛있었어용 ㅎㅎ","polarity":{"com":0,"pos":0.3333333333333333,"neg":0,"neut":0.3333333333333333,"none":0.3333333333333333},"intensity":{"high":0,"low":0.3333333333333333,"meium":0.3333333333333333,"none":0.3333333333333333},"expressive":{"dir-action":0,"dir-explicit":0.3333333333333333,"dir-speech":0.3333333333333333,"indirect":0,"writing-device":0.3333333333333333}},{"id":"미스터파파 임실치즈피자 강남점","permalink":"","username":"asdfg","text":"먹을만해여 특별한건없음","date":"Mon Dec 10 23:59:44 +0000 2018","retweets":"30","favorites":"20","mentions":[],"hashtags":[],"geo":"","raw":"먹을만해여 특별한건없음","polarity":{"com":0.006451613000000001,"pos":0.2831541216666667,"neg":0.6731182796666667,"neut":0.02795698933333333,"none":0.009318996333333338},"intensity":{"high":0.08363201899999999,"low":0.11278375133333333,"meium":0.7935483873333333,"none":0.010035842333333331},"expressive":{"dir-action":0.0021505376666666664,"dir-explicit":0.1787335723333333,"dir-speech":0.3574671446666666,"indirect":0.45232974899999995,"writing-device":0.009318996333333338}},{"id":"미스터파파 임실치즈피자 강남점","permalink":"","username":"asdfg","text":"치즈가 항상 맛있어요","date":"Mon Dec 10 23:59:44 +0000 2018","retweets":"30","favorites":"20","mentions":[],"hashtags":[],"geo":"","raw":"치즈가 항상 맛있어요","polarity":{"com":0.0089285715,"pos":0.205357143,"neg":0.732142857,"neut":0.0401785715,"none":0.013392857},"intensity":{"high":0.080357143,"low":0.0535714285,"meium":0.8482142855,"none":0.017857143},"expressive":{"dir-action":0,"dir-explicit":0.1875,"dir-speech":0.65625,"indirect":0.142857143,"writing-device":0.013392857}},{"id":"미스터파파 임실치즈피자 강남점","permalink":"","username":"asdfg","text":"갈릭소스안왔어여ㅜㅜ","date":"Mon Dec 10 23:59:44 +0000 2018","retweets":"30","favorites":"20","mentions":[],"hashtags":[],"geo":"","raw":"갈릭소스안왔어여ㅜㅜ","polarity":{"com":0,"pos":0.3333333333333333,"neg":0.3333333333333333,"neut":0.3333333333333333,"none":0},"intensity":{"high":0,"low":0.666666667,"meium":0.333333333,"none":0},"expressive":{"dir-action":0,"dir-explicit":0,"dir-speech":0.666666667,"indirect":0.333333333,"writing-device":0}},{"id":"미스터파파 임실치즈피자 강남점","permalink":"","username":"asdfg","text":"배달음식 시켜먹어본 것들 중에 가장 맛있었어용~ 배달해주시는 분도 친절하시구^^ 재료를 정말 아끼지 않은것같구 도우마저 빵부분도 안남기고 다먹었어용 동료들이랑 엄청 찬양하면서 맛있게 잘 먹었습니당ㅎㅎ","date":"Mon Dec 10 23:59:44 +0000 2018","retweets":"30","favorites":"20","mentions":[],"hashtags":[],"geo":"","raw":"배달음식 시켜먹어본 것들 중에 가장 맛있었어용~ 배달해주시는 분도 친절하시구^^ 재료를 정말 아끼지 않은것같구 도우마저 빵부분도 안남기고 다먹었어용 동료들이랑 엄청 찬양하면서 맛있게 잘 먹었습니당ㅎㅎ","polarity":{"com":0.008083754099595813,"pos":0.5858112924207095,"neg":0.2549897035872505,"neut":0.053131000647343454,"none":0.09798424924510078},"intensity":{"high":0.18323199688167682,"low":0.06843062764315695,"meium":0.6486326960851369,"none":0.09970467939002954},"expressive":{"dir-action":0.0009595233498560718,"dir-explicit":0.24134721636379794,"dir-speech":0.4272472588359129,"indirect":0.22413156816638027,"writing-device":0.10631443328405286}},{"id":"미스터파파 임실치즈피자 강남점","permalink":"","username":"asdfg","text":"치즈가진짜어마어마 살짝매콤한게 느끼함도없고맛잇어요","date":"Mon Dec 10 23:59:44 +0000 2018","retweets":"30","favorites":"20","mentions":[],"hashtags":[],"geo":"","raw":"치즈가진짜어마어마 살짝매콤한게 느끼함도없고맛잇어요","polarity":{"com":0.043549773826075035,"pos":0.5353042964107826,"neg":0.337393915277101,"neut":0.052630003157895004,"none":0.03112201132814633},"intensity":{"high":0.11250874131458188,"low":0.11984725848002545,"meium":0.7329152700445142,"none":0.03472873016087854},"expressive":{"dir-action":0.0005005005,"dir-explicit":0.253698181,"dir-speech":0.3847483358333333,"indirect":0.32457610183333335,"writing-device":0.03647688083333333}},{"id":"미스터파파 임실치즈피자 강남점","permalink":"","username":"asdfg","text":"스파게티가 오지고 지리고 고요고요한 밤에 시켜 먹으면딱임","date":"Mon Dec 10 23:59:44 +0000 2018","retweets":"30","favorites":"20","mentions":[],"hashtags":[],"geo":"","raw":"스파게티가 오지고 지리고 고요고요한 밤에 시켜 먹으면딱임","polarity":{"com":0.0718029955,"pos":0.37754416275,"neg":0.43341013824999997,"neut":0.10355702775,"none":0.013685675750000001},"intensity":{"high":0.16540258575000003,"low":0.11137352775000002,"meium":0.70676843325,"none":0.01645545325},"expressive":{"dir-action":0.00161290325,"dir-explicit":0.29030017925,"dir-speech":0.4712253585,"indirect":0.22317588324999998,"writing-device":0.013685675750000001}},{"id":"미스터파파 임실치즈피자 강남점","permalink":"","username":"asdfg","text":"넘나맛있는거~~피자와윙이 날실망시키지않았어요!","date":"Mon Dec 10 23:59:44 +0000 2018","retweets":"30","favorites":"20","mentions":[],"hashtags":[],"geo":"","raw":"넘나맛있는거~~피자와윙이 날실망시키지않았어요!","polarity":{"com":0,"pos":0.28888888879999997,"neg":0.7111111111999999,"neut":0,"none":0},"intensity":{"high":0.09999999998,"low":0.1444444445711111,"meium":0.7555555554488889,"none":0},"expressive":{"dir-action":0.011111111202222222,"dir-explicit":0.1444444444288889,"dir-speech":0.5111111111022223,"indirect":0.23333333324666664,"writing-device":0.10000000002000001}},{"id":"미스터파파 임실치즈피자 강남점","permalink":"","username":"asdfg","text":"맛있게 잘 먹었습니다 그런데 배달이 너무 늦었는지, 음식이 따뜻하지가 않았아요ㅠ 그래도 맛은 있었습니다~","date":"Mon Dec 10 23:59:44 +0000 2018","retweets":"30","favorites":"20","mentions":[],"hashtags":[],"geo":"","raw":"맛있게 잘 먹었습니다 그런데 배달이 너무 늦었는지, 음식이 따뜻하지가 않았아요ㅠ 그래도 맛은 있었습니다~","polarity":{"com":0.022960749113662304,"pos":0.49139749205459965,"neg":0.37573057770841456,"neut":0.045566644338396294,"none":0.06434453678492717},"intensity":{"high":0.0553611196728179,"low":0.08986390467665155,"meium":0.7896072956432897,"none":0.06516768000724085},"expressive":{"dir-action":0.0008231432223136826,"dir-explicit":0.18983912046553766,"dir-speech":0.5448259956160918,"indirect":0.19934406068881602,"writing-device":0.06516768000724085}},{"id":"미스터파파 임실치즈피자 강남점","permalink":"","username":"asdfg","text":"치즈완전 많이 줘요. 맛있습니다~~ ","date":"Mon Dec 10 23:59:44 +0000 2018","retweets":"30","favorites":"20","mentions":[],"hashtags":[],"geo":"","raw":"치즈완전 많이 줘요. 맛있습니다~~ ","polarity":{"com":0,"pos":0.55,"neg":0.45,"neut":0,"none":0},"intensity":{"high":0,"low":0,"meium":1,"none":0},"expressive":{"dir-action":0,"dir-explicit":0.5,"dir-speech":0.05,"indirect":0.45,"writing-device":0}},{"id":"미스터파파 임실치즈피자 강남점","permalink":"","username":"asdfg","text":"아직안왔습니다 먹지도 못함","date":"Mon Dec 10 23:59:44 +0000 2018","retweets":"30","favorites":"20","mentions":[],"hashtags":[],"geo":"","raw":"아직안왔습니다 먹지도 못함","polarity":{"com":0,"pos":0.20833333325,"neg":0.44166666675,"neut":0.25,"none":0.09999999999999999},"intensity":{"high":0.027777777750000003,"low":0.18055555550000002,"meium":0.69166666675,"none":0.09999999999999999},"expressive":{"dir-action":0,"dir-explicit":0.1555555555,"dir-speech":0.4944444445,"indirect":0.25,"writing-device":0.1}},{"id":"미스터파파 임실치즈피자 강남점","permalink":"","username":"asdfg","text":"맛있게 잘 먹었습니다","date":"Mon Dec 10 23:59:44 +0000 2018","retweets":"30","favorites":"20","mentions":[],"hashtags":[],"geo":"","raw":"맛있게 잘 먹었습니다","polarity":{"com":0,"pos":0.35714285717857136,"neg":0.6071428573035714,"neut":0.03571428551785714,"none":0},"intensity":{"high":0,"low":0.107142857,"meium":0.8928571430000001,"none":0},"expressive":{"dir-action":0,"dir-explicit":0.107142857,"dir-speech":0.5714285715,"indirect":0.3214285715,"writing-device":0}},{"id":"미스터파파 임실치즈피자 강남점","permalink":"","username":"asdfg","text":"배달피자중에 최고의 맛인거 같아요... 완존 맛있음","date":"Mon Dec 10 23:59:44 +0000 2018","retweets":"30","favorites":"20","mentions":[],"hashtags":[],"geo":"","raw":"배달피자중에 최고의 맛인거 같아요... 완존 맛있음","polarity":{"com":0.003812636166666666,"pos":0.5642701524999999,"neg":0.3796296296666666,"neut":0.015250544666666664,"none":0.037037036999999995},"intensity":{"high":0.18790849669798473,"low":0.06917211317819535,"meium":0.705882353117647,"none":0.03703703700617284},"expressive":{"dir-action":0,"dir-explicit":0.1808278868333333,"dir-speech":0.422657952,"indirect":0.18954248366666668,"writing-device":0.2069716775}},{"id":"미스터파파 임실치즈피자 강남점","permalink":"","username":"asdfg","text":"믿고시켜요진짜 맛있음","date":"Mon Dec 10 23:59:44 +0000 2018","retweets":"30","favorites":"20","mentions":[],"hashtags":[],"geo":"","raw":"믿고시켜요진짜 맛있음","polarity":{"com":0,"pos":0.1666666665,"neg":0.8333333334999999,"neut":0,"none":0},"intensity":{"high":0.08333333345833333,"low":0.08333333345833333,"meium":0.8333333330833332,"none":0},"expressive":{"dir-action":0,"dir-explicit":0.16666666658333332,"dir-speech":0.6666666668333333,"indirect":0.16666666658333332,"writing-device":0}},{"id":"미스터파파 임실치즈피자 강남점","permalink":"","username":"asdfg","text":"치즈피자 시켰는데아무리 치즈피자라고 해도그렇게 치즈를 많이 넣을줄은ㅎㅎ","date":"Mon Dec 10 23:59:44 +0000 2018","retweets":"30","favorites":"20","mentions":[],"hashtags":[],"geo":"","raw":"치즈피자 시켰는데아무리 치즈피자라고 해도그렇게 치즈를 많이 넣을줄은ㅎㅎ","polarity":{"com":0.011216048002243208,"pos":0.23029138284605824,"neg":0.6467018085293402,"neut":0.022710300804542057,"none":0.08908045981781608},"intensity":{"high":0.11640676477671866,"low":0.2828245113434351,"meium":0.5093894134981221,"none":0.09137931038172414},"expressive":{"dir-action":0.0048466214,"dir-explicit":0.12783146639999998,"dir-speech":0.4131195548,"indirect":0.1569514606,"writing-device":0.2972508968}},{"id":"미스터파파 임실치즈피자 강남점","permalink":"","username":"asdfg","text":"치즈많이들어있어서너무맛있어요ㅋㅋ두조각먹어도배부름ㅋ","date":"Mon Dec 10 23:59:44 +0000 2018","retweets":"30","favorites":"20","mentions":[],"hashtags":[],"geo":"","raw":"치즈많이들어있어서너무맛있어요ㅋㅋ두조각먹어도배부름ㅋ","polarity":{"com":0.047619047666666664,"pos":0.26984126966666666,"neg":0.6455026456666667,"neut":0.037037037,"none":0},"intensity":{"high":0.08465608466666667,"low":0.30687830699999996,"meium":0.6084656083333333,"none":0},"expressive":{"dir-action":0,"dir-explicit":0.33862433833333333,"dir-speech":0.5396825399999999,"indirect":0.12169312166666667,"writing-device":0}},{"id":"미스터파파 임실치즈피자 강남점","permalink":"","username":"asdfg","text":"맛있었어요~~~^^","date":"Mon Dec 10 23:59:44 +0000 2018","retweets":"30","favorites":"20","mentions":[],"hashtags":[],"geo":"","raw":"맛있었어요~~~^^","polarity":{"com":0,"pos":0,"neg":1,"neut":0,"none":0},"intensity":{"high":0,"low":0,"meium":1,"none":0},"expressive":{"dir-action":0,"dir-explicit":0,"dir-speech":1,"indirect":0,"writing-device":0}},{"id":"미스터파파 임실치즈피자 강남점","permalink":"","username":"asdfg","text":"단골등록하고 시켜먹어요\n치즈 완전많음","date":"Mon Dec 10 23:59:44 +0000 2018","retweets":"30","favorites":"20","mentions":[],"hashtags":[],"geo":"","raw":"단골등록하고 시켜먹어요\n치즈 완전많음","polarity":{"com":0.0038709677999999997,"pos":0.569892473,"neg":0.4038709678,"neut":0.0167741936,"none":0.0055913978},"intensity":{"high":0.05017921139999999,"low":0.06767025079999998,"meium":0.8761290324,"none":0.006021505399999998},"expressive":{"dir-action":0.0012903226,"dir-explicit":0.20724014340000002,"dir-speech":0.3144802868,"indirect":0.4713978494,"writing-device":0.0055913978}},{"id":"미스터파파 임실치즈피자 강남점","permalink":"","username":"asdfg","text":"피자맛있고버팔로윙 넘맛나서 정신없이 다비웠네요ㅋㅋ","date":"Mon Dec 10 23:59:44 +0000 2018","retweets":"30","favorites":"20","mentions":[],"hashtags":[],"geo":"","raw":"피자맛있고버팔로윙 넘맛나서 정신없이 다비웠네요ㅋㅋ","polarity":{"com":0,"pos":0.5714285713333332,"neg":0.3333333333333333,"neut":0,"none":0.09523809533333333},"intensity":{"high":0.09523809530158729,"low":0,"meium":0.8095238093968253,"none":0.09523809530158729},"expressive":{"dir-action":0,"dir-explicit":0.14285714295238094,"dir-speech":0.7619047617460317,"indirect":0,"writing-device":0.09523809530158729}},{"id":"미스터파파 임실치즈피자 강남점","permalink":"","username":"asdfg","text":"진짜맛있음\n 저번에 후기올리는거 손씻는다고 깜박함","date":"Mon Dec 10 23:59:44 +0000 2018","retweets":"30","favorites":"20","mentions":[],"hashtags":[],"geo":"","raw":"진짜맛있음\n 저번에 후기올리는거 손씻는다고 깜박함","polarity":{"com":0.00287356325,"pos":0.24712643675,"neg":0.683908046,"neut":0.01724137925,"none":0.04885057475},"intensity":{"high":0.02873563224281609,"low":0.0316091954920977,"meium":0.8879310342780172,"none":0.051724137987068965},"expressive":{"dir-action":0.002873563250718391,"dir-explicit":0.20689655180172414,"dir-speech":0.4784482758696121,"indirect":0.12931034478232759,"writing-device":0.1824712642956178}},{"id":"미스터파파 임실치즈피자 강남점","permalink":"","username":"asdfg","text":"리뷰 안쓰는데 남깁니다\n배달예상시간 30분인데 1시간만에 와서\n기분이 살짝 그랬는데 \n피자먹고나니 기분이 좋아졌습니다\n적당히 달고 치즈도 많고 맛있었습니다\n번창하세요","date":"Mon Dec 10 23:59:44 +0000 2018","retweets":"30","favorites":"20","mentions":[],"hashtags":[],"geo":"","raw":"리뷰 안쓰는데 남깁니다\n배달예상시간 30분인데 1시간만에 와서\n기분이 살짝 그랬는데 \n피자먹고나니 기분이 좋아졌습니다\n적당히 달고 치즈도 많고 맛있었습니다\n번창하세요","polarity":{"com":0.0035192213336266015,"pos":0.3807013844483918,"neg":0.42753882920229486,"neut":0.167392297430616,"none":0.02084826758507069},"intensity":{"high":0.15652891976304406,"low":0.09055977225754665,"meium":0.7318838288943237,"none":0.021027479085085628},"expressive":{"dir-action":0.0005376344166666667,"dir-explicit":0.28787511425000006,"dir-speech":0.5368068733333333,"indirect":0.15229812350000002,"writing-device":0.022482254500000003}},{"id":"미스터파파 임실치즈피자 강남점","permalink":"","username":"asdfg","text":"피자는 여기가 젤 맛있는거 같아요","date":"Mon Dec 10 23:59:44 +0000 2018","retweets":"30","favorites":"20","mentions":[],"hashtags":[],"geo":"","raw":"피자는 여기가 젤 맛있는거 같아요","polarity":{"com":0.004464285751116071,"pos":0.18204365079551094,"neg":0.743055555685764,"neut":0.0438988095109747,"none":0.026537698256634427},"intensity":{"high":0.048115079500000005,"low":0.08630952374999999,"meium":0.8368055555,"none":0.02876984125},"expressive":{"dir-action":0,"dir-explicit":0.13343253975,"dir-speech":0.49479166674999997,"indirect":0.09126984125,"writing-device":0.28050595224999997}},{"id":"미스터파파 임실치즈피자 강남점","permalink":"","username":"asdfg","text":"와아...엠 시켯는데 라지 온줄.......치즈도 엄청 두껍고 맛잇어요 ","date":"Mon Dec 10 23:59:44 +0000 2018","retweets":"30","favorites":"20","mentions":[],"hashtags":[],"geo":"","raw":"와아...엠 시켯는데 라지 온줄.......치즈도 엄청 두껍고 맛잇어요 ","polarity":{"com":0.0011904761666666666,"pos":0.5023809523333334,"neg":0.2825396826666667,"neut":0.08571428566666667,"none":0.12817460316666665},"intensity":{"high":0.08492063500000001,"low":0.219047619,"meium":0.5678571428333333,"none":0.12817460316666665},"expressive":{"dir-action":0,"dir-explicit":0.13095238097817458,"dir-speech":0.3611111111064815,"indirect":0.214285714297619,"writing-device":0.29365079361772484}},{"id":"미스터파파 임실치즈피자 강남점","permalink":"","username":"asdfg","text":"양도 많고 치즈도 듬뿍인데 토마토 페이스트가 많고 피자도 흘러내려서 그냥 그랬어요","date":"Mon Dec 10 23:59:44 +0000 2018","retweets":"30","favorites":"20","mentions":[],"hashtags":[],"geo":"","raw":"양도 많고 치즈도 듬뿍인데 토마토 페이스트가 많고 피자도 흘러내려서 그냥 그랬어요","polarity":{"com":0.0061935885000000005,"pos":0.24853516283333332,"neg":0.5357372901666667,"neut":0.027258826166666666,"none":0.18227513233333334},"intensity":{"high":0.18376771003062792,"low":0.13556272735592712,"meium":0.4983944302497324,"none":0.18227513236371248},"expressive":{"dir-action":0,"dir-explicit":0.31381615444769734,"dir-speech":0.3604771376065871,"indirect":0.14254455414290923,"writing-device":0.18316215380280632}},{"id":"미스터파파 임실치즈피자 강남점","permalink":"","username":"asdfg","text":"넘 맛있어요!!!!!^^다음에 또 시켜먹을거예용","date":"Mon Dec 10 23:59:44 +0000 2018","retweets":"30","favorites":"20","mentions":[],"hashtags":[],"geo":"","raw":"넘 맛있어요!!!!!^^다음에 또 시켜먹을거예용","polarity":{"com":0,"pos":0.24603174595899474,"neg":0.68253968255291,"neut":0,"none":0.07142857148809525},"intensity":{"high":0.0185185185,"low":0.20370370366666668,"meium":0.7063492063333333,"none":0.0714285715},"expressive":{"dir-action":0,"dir-explicit":0.060846560833333334,"dir-speech":0.593915344,"indirect":0.16666666666666666,"writing-device":0.1785714285}},{"id":"미스터파파 임실치즈피자 강남점","permalink":"","username":"asdfg","text":"항상 옳다 치즈 굿입니다요","date":"Mon Dec 10 23:59:44 +0000 2018","retweets":"30","favorites":"20","mentions":[],"hashtags":[],"geo":"","raw":"항상 옳다 치즈 굿입니다요","polarity":{"com":0,"pos":1,"neg":0,"neut":0,"none":0},"intensity":{"high":0,"low":0,"meium":1,"none":0},"expressive":{"dir-action":0,"dir-explicit":0.25,"dir-speech":0.25,"indirect":0.5,"writing-device":0}},{"id":"미스터파파 임실치즈피자 강남점","permalink":"","username":"asdfg","text":"배달시간 맛 위생 모두 만족해용 ㅎㅎ\n배달은 30분정도 소요된거같구여\n맛도 갠찬아용 별 다섯개!!!","date":"Mon Dec 10 23:59:44 +0000 2018","retweets":"30","favorites":"20","mentions":[],"hashtags":[],"geo":"","raw":"배달시간 맛 위생 모두 만족해용 ㅎㅎ\n배달은 30분정도 소요된거같구여\n맛도 갠찬아용 별 다섯개!!!","polarity":{"com":0.005685483899999999,"pos":0.7224462364999998,"neg":0.2106854839,"neut":0.0250537635,"none":0.036129032199999994},"intensity":{"high":0.0227284946,"low":0.1403629032,"meium":0.7993145162,"none":0.037594086000000006},"expressive":{"dir-action":0.0006451612999999999,"dir-explicit":0.10931451619999998,"dir-speech":0.5469623656,"indirect":0.20694892469999995,"writing-device":0.13612903219999997}},{"id":"미스터파파 임실치즈피자 강남점","permalink":"","username":"asdfg","text":"피자는 여기가 젤 맛있어요","date":"Mon Dec 10 23:59:44 +0000 2018","retweets":"30","favorites":"20","mentions":[],"hashtags":[],"geo":"","raw":"피자는 여기가 젤 맛있어요","polarity":{"com":0.005952381001984127,"pos":0.24272486774757498,"neg":0.6574074075524692,"neut":0.058531746019510576,"none":0.0353835976784612},"intensity":{"high":0.06415343933333333,"low":0.11507936499999998,"meium":0.7824074073333332,"none":0.03835978833333333},"expressive":{"dir-action":0,"dir-explicit":0.17791005299999998,"dir-speech":0.6597222223333333,"indirect":0.12169312166666667,"writing-device":0.040674603}},{"id":"미스터파파 임실치즈피자 강남점","permalink":"","username":"asdfg","text":"다같이다너무맛있게먹었어여~~담에또시켜먹겠습니당","date":"Mon Dec 10 23:59:44 +0000 2018","retweets":"30","favorites":"20","mentions":[],"hashtags":[],"geo":"","raw":"다같이다너무맛있게먹었어여~~담에또시켜먹겠습니당","polarity":{"com":0,"pos":0.30476190453904767,"neg":0.5523809524895238,"neut":0,"none":0.14285714297142857},"intensity":{"high":0.10158730157968254,"low":0.08888888878222222,"meium":0.6666666666666667,"none":0.14285714297142857},"expressive":{"dir-action":0,"dir-explicit":0.20317460315936509,"dir-speech":0.6253968254749207,"indirect":0,"writing-device":0.17142857136571427}},{"id":"미스터파파 임실치즈피자 강남점","permalink":"","username":"asdfg","text":"피자는 여기가 젤 맛있는듯","date":"Mon Dec 10 23:59:44 +0000 2018","retweets":"30","favorites":"20","mentions":[],"hashtags":[],"geo":"","raw":"피자는 여기가 젤 맛있는듯","polarity":{"com":0.0044642857511160705,"pos":0.3070436508267609,"neg":0.5763888888940971,"neut":0.04389880951097469,"none":0.06820436501705109},"intensity":{"high":0.04811507948797123,"low":0.12797619046800593,"meium":0.7534722220616319,"none":0.07043650798239087},"expressive":{"dir-action":0,"dir-explicit":0.1750992065,"dir-speech":0.578125,"indirect":0.1746031745,"writing-device":0.072172619}},{"id":"미스터파파 임실치즈피자 강남점","permalink":"","username":"asdfg","text":"피자는 이곳이 제일 맛있네요 치즈도 좋은듯","date":"Mon Dec 10 23:59:44 +0000 2018","retweets":"30","favorites":"20","mentions":[],"hashtags":[],"geo":"","raw":"피자는 이곳이 제일 맛있네요 치즈도 좋은듯","polarity":{"com":0.0061674008012334814,"pos":0.44983567588996715,"neg":0.45635969509127194,"neut":0.03666876440733375,"none":0.0509684638101937},"intensity":{"high":0.0274945808,"low":0.10738409900000001,"meium":0.8132717992000001,"none":0.051849521000000016},"expressive":{"dir-action":0.0008810572001762112,"dir-explicit":0.3478987484695797,"dir-speech":0.4722466960944493,"indirect":0.12394937402478987,"writing-device":0.05502412421100482}},{"id":"미스터파파 임실치즈피자 강남점","permalink":"","username":"asdfg","text":"맛있어요~ 치즈가 듬뿍올라가서 좋아요","date":"Mon Dec 10 23:59:44 +0000 2018","retweets":"30","favorites":"20","mentions":[],"hashtags":[],"geo":"","raw":"맛있어요~ 치즈가 듬뿍올라가서 좋아요","polarity":{"com":0.005952380999999999,"pos":0.4435714286666666,"neg":0.5014285713333333,"neut":0.026785714333333332,"none":0.022261904666666662},"intensity":{"high":0.12023809533333334,"low":0.049047618999999994,"meium":0.8054761903333333,"none":0.025238095333333332},"expressive":{"dir-action":0,"dir-explicit":0.32500000000000007,"dir-speech":0.5041666666666668,"indirect":0.14857142866666667,"writing-device":0.02226190466666667}},{"id":"미스터파파 임실치즈피자 강남점","permalink":"","username":"asdfg","text":"대박이에여  원래 리뷰안쓰는데\n너무 맛있네요 치즈  이렇게많은피자 처음보고 진짜 말이 필요없네요  피자 m시켰는데 L로 온줄알았어요\n자주 시켜먹으께용","date":"Mon Dec 10 23:59:44 +0000 2018","retweets":"30","favorites":"20","mentions":[],"hashtags":[],"geo":"","raw":"대박이에여  원래 리뷰안쓰는데\n너무 맛있네요 치즈  이렇게많은피자 처음보고 진짜 말이 필요없네요  피자 m시켰는데 L로 온줄알았어요\n자주 시켜먹으께용","polarity":{"com":0.031746031777777774,"pos":0.34771106511111116,"neg":0.5072463767777777,"neut":0.09742351044444446,"none":0.015873015888888887},"intensity":{"high":0.11275975767919554,"low":0.3610152595956684,"meium":0.5103519668344836,"none":0.015873015890652556},"expressive":{"dir-action":0,"dir-explicit":0.2334560232222222,"dir-speech":0.43068016266666664,"indirect":0.2088796871111111,"writing-device":0.126984127}},{"id":"미스터파파 임실치즈피자 강남점","permalink":"","username":"asdfg","text":"공원에서 먹는다고 했더니 비닐장갑까지 챙겨주셨음 ㅠㅠ치즈도 많고 정성을 먹은 기분....","date":"Mon Dec 10 23:59:44 +0000 2018","retweets":"30","favorites":"20","mentions":[],"hashtags":[],"geo":"","raw":"공원에서 먹는다고 했더니 비닐장갑까지 챙겨주셨음 ㅠㅠ치즈도 많고 정성을 먹은 기분....","polarity":{"com":0.0016420361428571425,"pos":0.33385579928571435,"neg":0.45790416485714286,"neut":0.08128078814285715,"none":0.12531721157142858},"intensity":{"high":0.12320246800000002,"low":0.12773050700000002,"meium":0.6156142708571428,"none":0.13345275414285715},"expressive":{"dir-action":0.001642036143326296,"dir-explicit":0.2820072647948592,"dir-speech":0.4754192168501198,"indirect":0.10419465588691275,"writing-device":0.13673682632478196}},{"id":"미스터파파 임실치즈피자 강남점","permalink":"","username":"asdfg","text":"맛있어용~!!!!~! ","date":"Mon Dec 10 23:59:44 +0000 2018","retweets":"30","favorites":"20","mentions":[],"hashtags":[],"geo":"","raw":"맛있어용~!!!!~! ","polarity":{"com":0,"pos":0,"neg":1,"neut":0,"none":0},"intensity":{"high":0,"low":0,"meium":1,"none":0},"expressive":{"dir-action":0,"dir-explicit":0,"dir-speech":1,"indirect":0,"writing-device":0}}]