[{"id":"롯데리아-홈플러스신내점","permalink":"","username":"asdfg","text":"신내점이 젤 맛있어요~\n양상추도 싱싱하고 풍성하게 넣어주구요~\n배달도 빨랐어요^^","date":"Mon Dec 10 23:59:44 +0000 2018","retweets":"30","favorites":"20","mentions":[],"hashtags":[],"geo":"","raw":"신내점이 젤 맛있어요~\n양상추도 싱싱하고 풍성하게 넣어주구요~\n배달도 빨랐어요^^","polarity":{"com":0.005497123777777777,"pos":0.5519825395555554,"neg":0.3523776571111111,"neut":0.019039661999999995,"none":0.07110301755555554},"intensity":{"high":0.040391838222222226,"low":0.07846826877777778,"meium":0.80827026,"none":0.07286963299999999},"expressive":{"dir-action":0.001766615444640735,"dir-explicit":0.08452563800939174,"dir-speech":0.47129925005236667,"indirect":0.36777823592975317,"writing-device":0.07463026056384782}},{"id":"롯데리아-홈플러스신내점","permalink":"","username":"asdfg","text":"잘먹었어요","date":"Mon Dec 10 23:59:44 +0000 2018","retweets":"30","favorites":"20","mentions":[],"hashtags":[],"geo":"","raw":"잘먹었어요","polarity":{"com":0,"pos":0.7142857147142857,"neg":0.21428571421428572,"neut":0.07142857107142857,"none":0},"intensity":{"high":0,"low":0.214285714,"meium":0.785714286,"none":0},"expressive":{"dir-action":0,"dir-explicit":0.214285714,"dir-speech":0.142857143,"indirect":0.642857143,"writing-device":0}},{"id":"롯데리아-홈플러스신내점","permalink":"","username":"asdfg","text":"소스가 좀 적은 편입니다","date":"Mon Dec 10 23:59:44 +0000 2018","retweets":"30","favorites":"20","mentions":[],"hashtags":[],"geo":"","raw":"소스가 좀 적은 편입니다","polarity":{"com":0.0059523810000000005,"pos":0.4517195766666667,"neg":0.33994709,"neut":0.19345238100000006,"none":0.008928571333333335},"intensity":{"high":0.12764550266666666,"low":0.2023809523333333,"meium":0.658068783,"none":0.011904762},"expressive":{"dir-action":0,"dir-explicit":0.6064814813333333,"dir-speech":0.10416666666666667,"indirect":0.2804232806666667,"writing-device":0.008928571333333333}},{"id":"롯데리아-홈플러스신내점","permalink":"","username":"asdfg","text":"잘먹었어요","date":"Mon Dec 10 23:59:44 +0000 2018","retweets":"30","favorites":"20","mentions":[],"hashtags":[],"geo":"","raw":"잘먹었어요","polarity":{"com":0,"pos":0.7142857147142857,"neg":0.21428571421428572,"neut":0.07142857107142857,"none":0},"intensity":{"high":0,"low":0.214285714,"meium":0.785714286,"none":0},"expressive":{"dir-action":0,"dir-explicit":0.214285714,"dir-speech":0.142857143,"indirect":0.642857143,"writing-device":0}},{"id":"롯데리아-홈플러스신내점","permalink":"","username":"asdfg","text":"롯데리아 만큼 하네요","date":"Mon Dec 10 23:59:44 +0000 2018","retweets":"30","favorites":"20","mentions":[],"hashtags":[],"geo":"","raw":"롯데리아 만큼 하네요","polarity":{"com":0.011494253,"pos":0.32183908,"neg":0.402298851,"neut":0.068965517,"none":0.195402299},"intensity":{"high":0.11494252888505746,"low":0.1264367818735632,"meium":0.5517241374482758,"none":0.20689655179310346},"expressive":{"dir-action":0.011494253011494253,"dir-explicit":0.16091954016091956,"dir-speech":0.4137931034137931,"indirect":0.18390804618390805,"writing-device":0.2298850572298851}},{"id":"롯데리아-홈플러스신내점","permalink":"","username":"asdfg","text":"잘먹었어요.자주 시켜요","date":"Mon Dec 10 23:59:44 +0000 2018","retweets":"30","favorites":"20","mentions":[],"hashtags":[],"geo":"","raw":"잘먹었어요.자주 시켜요","polarity":{"com":0,"pos":0.8571428574285714,"neg":0.10714285705357143,"neut":0.035714285517857144,"none":0},"intensity":{"high":0,"low":0.607142857,"meium":0.392857143,"none":0},"expressive":{"dir-action":0,"dir-explicit":0.107142857,"dir-speech":0.5714285715,"indirect":0.3214285715,"writing-device":0}},{"id":"롯데리아-홈플러스신내점","permalink":"","username":"asdfg","text":"배달도 빠르고 잘 먹었습니다","date":"Mon Dec 10 23:59:44 +0000 2018","retweets":"30","favorites":"20","mentions":[],"hashtags":[],"geo":"","raw":"배달도 빠르고 잘 먹었습니다","polarity":{"com":0,"pos":0.9047619049682539,"neg":0.07142857135714285,"neut":0.023809523674603175,"none":0},"intensity":{"high":0,"low":0.18253968233333331,"meium":0.8174603176666667,"none":0},"expressive":{"dir-action":0,"dir-explicit":0.07142857133333333,"dir-speech":0.380952381,"indirect":0.5476190476666667,"writing-device":0}},{"id":"롯데리아-홈플러스신내점","permalink":"","username":"asdfg","text":"역시 맛있어요\n롯데리아 짱~!","date":"Mon Dec 10 23:59:44 +0000 2018","retweets":"30","favorites":"20","mentions":[],"hashtags":[],"geo":"","raw":"역시 맛있어요\n롯데리아 짱~!","polarity":{"com":0,"pos":0.16666666658333332,"neg":0.5000000002499999,"neut":0.16666666658333332,"none":0.16666666658333332},"intensity":{"high":0,"low":0.16666666658333332,"meium":0.6666666668333333,"none":0.16666666658333332},"expressive":{"dir-action":0,"dir-explicit":0.16666666658333332,"dir-speech":0.6666666668333333,"indirect":0,"writing-device":0.16666666658333332}},{"id":"롯데리아-홈플러스신내점","permalink":"","username":"asdfg","text":"빠르고 맛있어요~~","date":"Mon Dec 10 23:59:44 +0000 2018","retweets":"30","favorites":"20","mentions":[],"hashtags":[],"geo":"","raw":"빠르고 맛있어요~~","polarity":{"com":0,"pos":0.5,"neg":0.5,"neut":0,"none":0},"intensity":{"high":0,"low":0.1666666665,"meium":0.8333333334999999,"none":0},"expressive":{"dir-action":0,"dir-explicit":0,"dir-speech":0.5,"indirect":0.5,"writing-device":0}},{"id":"롯데리아-홈플러스신내점","permalink":"","username":"asdfg","text":"배달이 빨라서 좋네요","date":"Mon Dec 10 23:59:44 +0000 2018","retweets":"30","favorites":"20","mentions":[],"hashtags":[],"geo":"","raw":"배달이 빨라서 좋네요","polarity":{"com":0,"pos":0.9733333333333333,"neg":0.013333333333333334,"neut":0,"none":0.013333333333333334},"intensity":{"high":0.06666666666666667,"low":0.12444444433333333,"meium":0.7955555556666667,"none":0.013333333333333334},"expressive":{"dir-action":0,"dir-explicit":0.19999999999999998,"dir-speech":0.39999999999999997,"indirect":0.38666666666666666,"writing-device":0.013333333333333334}},{"id":"롯데리아-홈플러스신내점","permalink":"","username":"asdfg","text":"배달도 빠르고 음식도 맛있네요","date":"Mon Dec 10 23:59:44 +0000 2018","retweets":"30","favorites":"20","mentions":[],"hashtags":[],"geo":"","raw":"배달도 빠르고 음식도 맛있네요","polarity":{"com":0.002380952333333333,"pos":0.738095238,"neg":0.10952380966666668,"neut":0.004761904666666666,"none":0.14523809533333334},"intensity":{"high":0.047619047666666664,"low":0.149206349,"meium":0.657936508,"none":0.14523809533333334},"expressive":{"dir-action":0,"dir-explicit":0.06190476197936508,"dir-speech":0.4333333331888889,"indirect":0.36190476187936504,"writing-device":0.14285714295238094}},{"id":"롯데리아-홈플러스신내점","permalink":"","username":"asdfg","text":"음식이 너무 괜찮았습니다.","date":"Mon Dec 10 23:59:44 +0000 2018","retweets":"30","favorites":"20","mentions":[],"hashtags":[],"geo":"","raw":"음식이 너무 괜찮았습니다.","polarity":{"com":0,"pos":0,"neg":1,"neut":0,"none":0},"intensity":{"high":0,"low":0,"meium":1,"none":0},"expressive":{"dir-action":0,"dir-explicit":0,"dir-speech":1,"indirect":0,"writing-device":0}},{"id":"롯데리아-홈플러스신내점","permalink":"","username":"asdfg","text":"배달도 빠르고 친절하고 맛있어요","date":"Mon Dec 10 23:59:44 +0000 2018","retweets":"30","favorites":"20","mentions":[],"hashtags":[],"geo":"","raw":"배달도 빠르고 친절하고 맛있어요","polarity":{"com":0.00483870975,"pos":0.6290322580000001,"neg":0.33817204300000003,"neut":0.020967742,"none":0.00698924725},"intensity":{"high":0.0349462365,"low":0.11236559125000001,"meium":0.8451612905,"none":0.00752688175},"expressive":{"dir-action":0.00161290325,"dir-explicit":0.07849462375,"dir-speech":0.5736559139999999,"indirect":0.33924731175,"writing-device":0.00698924725}},{"id":"롯데리아-홈플러스신내점","permalink":"","username":"asdfg","text":"배달도 빠르고 맛있게 잘먹었습니다~^^","date":"Mon Dec 10 23:59:44 +0000 2018","retweets":"30","favorites":"20","mentions":[],"hashtags":[],"geo":"","raw":"배달도 빠르고 맛있게 잘먹었습니다~^^","polarity":{"com":0,"pos":0.6785714286696428,"neg":0.30357142857589287,"neut":0.017857142754464286,"none":0},"intensity":{"high":0,"low":0.13690476175,"meium":0.86309523825,"none":0},"expressive":{"dir-action":0,"dir-explicit":0.0535714285,"dir-speech":0.53571428575,"indirect":0.41071428575,"writing-device":0}},{"id":"롯데리아-홈플러스신내점","permalink":"","username":"asdfg","text":"항상 고맙습니다 빠른배송 만족합니다 ^^","date":"Mon Dec 10 23:59:44 +0000 2018","retweets":"30","favorites":"20","mentions":[],"hashtags":[],"geo":"","raw":"항상 고맙습니다 빠른배송 만족합니다 ^^","polarity":{"com":0,"pos":0.6666666666666666,"neg":0.3333333333333333,"neut":0,"none":0},"intensity":{"high":0,"low":0.111111111,"meium":0.888888889,"none":0},"expressive":{"dir-action":0,"dir-explicit":0.5,"dir-speech":0.16666666666666666,"indirect":0.3333333333333333,"writing-device":0}},{"id":"롯데리아-홈플러스신내점","permalink":"","username":"asdfg","text":"감사합니다 맛있었어요","date":"Mon Dec 10 23:59:44 +0000 2018","retweets":"30","favorites":"20","mentions":[],"hashtags":[],"geo":"","raw":"감사합니다 맛있었어요","polarity":{"com":0,"pos":0.5,"neg":0.5,"neut":0,"none":0},"intensity":{"high":0.5,"low":0,"meium":0.5,"none":0},"expressive":{"dir-action":0,"dir-explicit":0,"dir-speech":1,"indirect":0,"writing-device":0}},{"id":"롯데리아-홈플러스신내점","permalink":"","username":"asdfg","text":"햄버거 먹고싶을땐 항상~","date":"Mon Dec 10 23:59:44 +0000 2018","retweets":"30","favorites":"20","mentions":[],"hashtags":[],"geo":"","raw":"햄버거 먹고싶을땐 항상~","polarity":{"com":0,"pos":0.6666666665000001,"neg":0.3333333335,"neut":0,"none":0},"intensity":{"high":0.0555555555,"low":0.111111111,"meium":0.8333333334999999,"none":0},"expressive":{"dir-action":0,"dir-explicit":0.361111111,"dir-speech":0.638888889,"indirect":0,"writing-device":0}},{"id":"롯데리아-홈플러스신내점","permalink":"","username":"asdfg","text":"정말 기름냄새그리우면 시켜먹어욤","date":"Mon Dec 10 23:59:44 +0000 2018","retweets":"30","favorites":"20","mentions":[],"hashtags":[],"geo":"","raw":"정말 기름냄새그리우면 시켜먹어욤","polarity":{"com":0,"pos":0.36111111100000004,"neg":0.5555555556666666,"neut":0,"none":0.08333333333333333},"intensity":{"high":0.537037037,"low":0.074074074,"meium":0.30555555566666665,"none":0.08333333333333333},"expressive":{"dir-action":0,"dir-explicit":0.24074074066666665,"dir-speech":0.34259259266666664,"indirect":0.3333333333333333,"writing-device":0.08333333333333333}},{"id":"롯데리아-홈플러스신내점","permalink":"","username":"asdfg","text":"배달도 빠르고 맛있어요","date":"Mon Dec 10 23:59:44 +0000 2018","retweets":"30","favorites":"20","mentions":[],"hashtags":[],"geo":"","raw":"배달도 빠르고 맛있어요","polarity":{"com":0,"pos":0.6666666666666666,"neg":0.3333333333333333,"neut":0,"none":0},"intensity":{"high":0,"low":0.111111111,"meium":0.888888889,"none":0},"expressive":{"dir-action":0,"dir-explicit":0,"dir-speech":0.6666666666666666,"indirect":0.3333333333333333,"writing-device":0}},{"id":"롯데리아-홈플러스신내점","permalink":"","username":"asdfg","text":"좋아요... . .","date":"Mon Dec 10 23:59:44 +0000 2018","retweets":"30","favorites":"20","mentions":[],"hashtags":[],"geo":"","raw":"좋아요... . .","polarity":{"com":0,"pos":0.92,"neg":0.04,"neut":0,"none":0.04},"intensity":{"high":0.2,"low":0.04,"meium":0.72,"none":0.04},"expressive":{"dir-action":0,"dir-explicit":0.6,"dir-speech":0.2,"indirect":0.16,"writing-device":0.04}},{"id":"롯데리아-홈플러스신내점","permalink":"","username":"asdfg","text":"맛나요","date":"Mon Dec 10 23:59:44 +0000 2018","retweets":"30","favorites":"20","mentions":[],"hashtags":[],"geo":"","raw":"맛나요","polarity":{"com":0,"pos":1,"neg":0,"neut":0,"none":0},"intensity":{"high":0,"low":0,"meium":1,"none":0},"expressive":{"dir-action":0,"dir-explicit":0,"dir-speech":1,"indirect":0,"writing-device":0}},{"id":"롯데리아-홈플러스신내점","permalink":"","username":"asdfg","text":"맛 배달 둘다만족합니다","date":"Mon Dec 10 23:59:44 +0000 2018","retweets":"30","favorites":"20","mentions":[],"hashtags":[],"geo":"","raw":"맛 배달 둘다만족합니다","polarity":{"com":0,"pos":0.5,"neg":0.5,"neut":0,"none":0},"intensity":{"high":0,"low":0,"meium":1,"none":0},"expressive":{"dir-action":0,"dir-explicit":0.5,"dir-speech":0.5,"indirect":0,"writing-device":0}},{"id":"롯데리아-홈플러스신내점","permalink":"","username":"asdfg","text":"배달은 40분정도 걸렸구요.\n배달하시는분도 친절하십니다.\n시킨거 다 맛있어요.\n안바삭할줄알았는데. 오징어링도 바삭.\n치즈스틱도 괜찮았어요.\n햄버건 당근맛있구요.\n잘먹었습니다.","date":"Mon Dec 10 23:59:44 +0000 2018","retweets":"30","favorites":"20","mentions":[],"hashtags":[],"geo":"","raw":"배달은 40분정도 걸렸구요.\n배달하시는분도 친절하십니다.\n시킨거 다 맛있어요.\n안바삭할줄알았는데. 오징어링도 바삭.\n치즈스틱도 괜찮았어요.\n햄버건 당근맛있구요.\n잘먹었습니다.","polarity":{"com":0.003008987066867266,"pos":0.40427723916028513,"neg":0.46370548416424706,"neut":0.029633543401975573,"none":0.099374746206625},"intensity":{"high":0.07352945072843137,"low":0.1256948637249537,"meium":0.7004912866199673,"none":0.10028439892664773},"expressive":{"dir-action":0.0011963910665869074,"dir-explicit":0.16765193252215657,"dir-speech":0.45925159343605,"indirect":0.16701220052219923,"writing-device":0.20488788245300749}},{"id":"롯데리아-홈플러스신내점","permalink":"","username":"asdfg","text":"치킨은 진짜 너무 맛있어요 다음번에 순살도 도전해볼게용 근데 치킨에 새우버거는 좀 느끼한 감이 있는 듯 해요 새우버거에 하얀 소스밖에 안들어가서..ㅎㅎㅠㅠ","date":"Mon Dec 10 23:59:44 +0000 2018","retweets":"30","favorites":"20","mentions":[],"hashtags":[],"geo":"","raw":"치킨은 진짜 너무 맛있어요 다음번에 순살도 도전해볼게용 근데 치킨에 새우버거는 좀 느끼한 감이 있는 듯 해요 새우버거에 하얀 소스밖에 안들어가서..ㅎㅎㅠㅠ","polarity":{"com":0.0183830320018383,"pos":0.3762195609376219,"neg":0.45378505624537835,"neut":0.041216943304121685,"none":0.11039540751103953},"intensity":{"high":0.03904122039999999,"low":0.0767296352,"meium":0.7735334366,"none":0.11069570779999997},"expressive":{"dir-action":0.00030030030000000003,"dir-explicit":0.3646990817,"dir-speech":0.278512641,"indirect":0.23420496759999998,"writing-device":0.12228300939999999}},{"id":"롯데리아-홈플러스신내점","permalink":"","username":"asdfg","text":"치킨은 진짜 롯데리아ㅋㅋㅋㅋ진짜 혼자 먹기에도 좋고 둘이 먹기에도 좋아요 ㅠㅠㅠ최고! 근데 치킨 무가 없는게 진짜 아쉬워요 ㅠㅠ김치랑 같이 먹었음 ㅠ","date":"Mon Dec 10 23:59:44 +0000 2018","retweets":"30","favorites":"20","mentions":[],"hashtags":[],"geo":"","raw":"치킨은 진짜 롯데리아ㅋㅋㅋㅋ진짜 혼자 먹기에도 좋고 둘이 먹기에도 좋아요 ㅠㅠㅠ최고! 근데 치킨 무가 없는게 진짜 아쉬워요 ㅠㅠ김치랑 같이 먹었음 ㅠ","polarity":{"com":0.006109421181262779,"pos":0.47863982122921445,"neg":0.4695212045936799,"neut":0.02949035227004633,"none":0.016239200725796436},"intensity":{"high":0.16231123756021013,"low":0.12990379573908215,"meium":0.690262672880933,"none":0.01752229381977476},"expressive":{"dir-action":0.0004004805454909528,"dir-explicit":0.3109236483009931,"dir-speech":0.31755655511977793,"indirect":0.35183179712289386,"writing-device":0.01928751891084432}},{"id":"롯데리아-홈플러스신내점","permalink":"","username":"asdfg","text":"맛있게 잘먹었네요ㅎㅎㅎ","date":"Mon Dec 10 23:59:44 +0000 2018","retweets":"30","favorites":"20","mentions":[],"hashtags":[],"geo":"","raw":"맛있게 잘먹었네요ㅎㅎㅎ","polarity":{"com":0,"pos":0.35714285717857136,"neg":0.6071428573035714,"neut":0.03571428551785714,"none":0},"intensity":{"high":0,"low":0.107142857,"meium":0.8928571430000001,"none":0},"expressive":{"dir-action":0,"dir-explicit":0.107142857,"dir-speech":0.5714285715,"indirect":0.3214285715,"writing-device":0}},{"id":"롯데리아-홈플러스신내점","permalink":"","username":"asdfg","text":"먹은 저녁부터 계속 설사를 합니다 열도 나고요 월요일에 병원가봐야할 것 같습니다 음식을 파시면서 먹는 사람의 건강을 생각하셨으면 좋겠습니다","date":"Mon Dec 10 23:59:44 +0000 2018","retweets":"30","favorites":"20","mentions":[],"hashtags":[],"geo":"","raw":"먹은 저녁부터 계속 설사를 합니다 열도 나고요 월요일에 병원가봐야할 것 같습니다 음식을 파시면서 먹는 사람의 건강을 생각하셨으면 좋겠습니다","polarity":{"com":0.012116559537529494,"pos":0.3879322504316975,"neg":0.4523441568882812,"neut":0.09384112830047375,"none":0.053765904842018},"intensity":{"high":0.07964990376310384,"low":0.0557688723034024,"meium":0.8099311457838515,"none":0.054650078149642296},"expressive":{"dir-action":0.013028185461538458,"dir-explicit":0.1995612883076923,"dir-speech":0.5157845726923076,"indirect":0.21474552838461533,"writing-device":0.05688042515384615}},{"id":"롯데리아-홈플러스신내점","permalink":"","username":"asdfg","text":"별점4개드리고갑니다","date":"Mon Dec 10 23:59:44 +0000 2018","retweets":"30","favorites":"20","mentions":[],"hashtags":[],"geo":"","raw":"별점4개드리고갑니다","polarity":{"com":0,"pos":1,"neg":0,"neut":0,"none":0},"intensity":{"high":0,"low":0,"meium":1,"none":0},"expressive":{"dir-action":0,"dir-explicit":0,"dir-speech":0,"indirect":1,"writing-device":0}},{"id":"롯데리아-홈플러스신내점","permalink":"","username":"asdfg","text":"별점4개드리고 갑니다","date":"Mon Dec 10 23:59:44 +0000 2018","retweets":"30","favorites":"20","mentions":[],"hashtags":[],"geo":"","raw":"별점4개드리고 갑니다","polarity":{"com":0,"pos":1,"neg":0,"neut":0,"none":0},"intensity":{"high":0,"low":0,"meium":1,"none":0},"expressive":{"dir-action":0,"dir-explicit":0,"dir-speech":0,"indirect":1,"writing-device":0}},{"id":"롯데리아-홈플러스신내점","permalink":"","username":"asdfg","text":"맛이 떨어져가는 느낌은 저만 느끼는건가요? ㅜㅠ 감자 사이즈 업글도 안되고..","date":"Mon Dec 10 23:59:44 +0000 2018","retweets":"30","favorites":"20","mentions":[],"hashtags":[],"geo":"","raw":"맛이 떨어져가는 느낌은 저만 느끼는건가요? ㅜㅠ 감자 사이즈 업글도 안되고..","polarity":{"com":0.002976190500496031,"pos":0.5834859584305809,"neg":0.20138888886689815,"neut":0.014499389502416565,"none":0.19764957269960826},"intensity":{"high":0.2284035409619327,"low":0.18414224663597628,"meium":0.3898046397683659,"none":0.19764957263372504},"expressive":{"dir-action":0.08333333333333333,"dir-explicit":0.13369963366666665,"dir-speech":0.48023504266666667,"indirect":0.10340354099999999,"writing-device":0.19932844933333335}},{"id":"롯데리아-홈플러스신내점","permalink":"","username":"asdfg","text":"치즈스틱은 여윽시 최고👍👍👍\n햄버거도 만족하고 잘 먹었습니당~","date":"Mon Dec 10 23:59:44 +0000 2018","retweets":"30","favorites":"20","mentions":[],"hashtags":[],"geo":"","raw":"치즈스틱은 여윽시 최고👍👍👍\n햄버거도 만족하고 잘 먹었습니당~","polarity":{"com":0.008689369801737871,"pos":0.5379043105075808,"neg":0.31319569206263914,"neut":0.04069671160813934,"none":0.09951391601990277},"intensity":{"high":0.23242295644648459,"low":0.11605873602321172,"meium":0.5515742839103148,"none":0.0999440236199888},"expressive":{"dir-action":0.0012903225997419358,"dir-explicit":0.19703298716059342,"dir-speech":0.25936056654812795,"indirect":0.44423077911115394,"writing-device":0.09808534458038295}},{"id":"롯데리아-홈플러스신내점","permalink":"","username":"asdfg","text":"늘 먹지만 맛있어요~~^^","date":"Mon Dec 10 23:59:44 +0000 2018","retweets":"30","favorites":"20","mentions":[],"hashtags":[],"geo":"","raw":"늘 먹지만 맛있어요~~^^","polarity":{"com":0,"pos":0.1666666665,"neg":0.8333333334999999,"neut":0,"none":0},"intensity":{"high":0.0555555555,"low":0.111111111,"meium":0.8333333334999999,"none":0},"expressive":{"dir-action":0,"dir-explicit":0.111111111,"dir-speech":0.888888889,"indirect":0,"writing-device":0}},{"id":"롯데리아-홈플러스신내점","permalink":"","username":"asdfg","text":"배달도 빠르구  맛있게 잘 먹었 습니다","date":"Mon Dec 10 23:59:44 +0000 2018","retweets":"30","favorites":"20","mentions":[],"hashtags":[],"geo":"","raw":"배달도 빠르구  맛있게 잘 먹었 습니다","polarity":{"com":0,"pos":0.6785714286696428,"neg":0.30357142857589287,"neut":0.017857142754464286,"none":0},"intensity":{"high":0,"low":0.13690476175,"meium":0.86309523825,"none":0},"expressive":{"dir-action":0,"dir-explicit":0.0535714285,"dir-speech":0.53571428575,"indirect":0.41071428575,"writing-device":0}},{"id":"롯데리아-홈플러스신내점","permalink":"","username":"asdfg","text":"무난하게 맛있게 먹었네요","date":"Mon Dec 10 23:59:44 +0000 2018","retweets":"30","favorites":"20","mentions":[],"hashtags":[],"geo":"","raw":"무난하게 맛있게 먹었네요","polarity":{"com":0,"pos":0.44444444433333335,"neg":0.5555555556666666,"neut":0,"none":0},"intensity":{"high":0.037037037,"low":0.40740740733333336,"meium":0.5555555556666666,"none":0},"expressive":{"dir-action":0,"dir-explicit":0.40740740733333336,"dir-speech":0.5925925926666666,"indirect":0,"writing-device":0}},{"id":"롯데리아-홈플러스신내점","permalink":"","username":"asdfg","text":"맛도긋 배달시간도 긋","date":"Mon Dec 10 23:59:44 +0000 2018","retweets":"30","favorites":"20","mentions":[],"hashtags":[],"geo":"","raw":"맛도긋 배달시간도 긋","polarity":{"com":0.002380952333333333,"pos":0.738095238,"neg":0.10952380966666668,"neut":0.004761904666666666,"none":0.14523809533333334},"intensity":{"high":0.047619047666666664,"low":0.038095238,"meium":0.7690476190000001,"none":0.14523809533333334},"expressive":{"dir-action":0,"dir-explicit":0.06190476197936508,"dir-speech":0.766666666411111,"indirect":0.028571428657142857,"writing-device":0.14285714295238094}},{"id":"롯데리아-홈플러스신내점","permalink":"","username":"asdfg","text":"빠른배송bb 예상시간보고 걱정했는데 20분일찍왔따ㅏ","date":"Mon Dec 10 23:59:44 +0000 2018","retweets":"30","favorites":"20","mentions":[],"hashtags":[],"geo":"","raw":"빠른배송bb 예상시간보고 걱정했는데 20분일찍왔따ㅏ","polarity":{"com":0,"pos":0.375,"neg":0.625,"neut":0,"none":0},"intensity":{"high":0.0625,"low":0.08333333325,"meium":0.85416666675,"none":0},"expressive":{"dir-action":0,"dir-explicit":0.1875,"dir-speech":0.25,"indirect":0.5625,"writing-device":0}},{"id":"롯데리아-홈플러스신내점","permalink":"","username":"asdfg","text":"배달이 빨랐어요\n근데 메세지는 안 보셨는지 전달이 안 되었더라구요^^;","date":"Mon Dec 10 23:59:44 +0000 2018","retweets":"30","favorites":"20","mentions":[],"hashtags":[],"geo":"","raw":"배달이 빨랐어요\n근데 메세지는 안 보셨는지 전달이 안 되었더라구요^^;","polarity":{"com":0,"pos":0.75,"neg":0.1875,"neut":0.06249999999999999,"none":0},"intensity":{"high":0.375,"low":0.08333333325,"meium":0.5416666667500001,"none":0},"expressive":{"dir-action":0,"dir-explicit":0.375,"dir-speech":0.3125,"indirect":0.25,"writing-device":0.0625}},{"id":"롯데리아-홈플러스신내점","permalink":"","username":"asdfg","text":"배달도 빠르고 맛있어요","date":"Mon Dec 10 23:59:44 +0000 2018","retweets":"30","favorites":"20","mentions":[],"hashtags":[],"geo":"","raw":"배달도 빠르고 맛있어요","polarity":{"com":0,"pos":0.6666666666666666,"neg":0.3333333333333333,"neut":0,"none":0},"intensity":{"high":0,"low":0.111111111,"meium":0.888888889,"none":0},"expressive":{"dir-action":0,"dir-explicit":0,"dir-speech":0.6666666666666666,"indirect":0.3333333333333333,"writing-device":0}},{"id":"롯데리아-홈플러스신내점","permalink":"","username":"asdfg","text":"배달도 빠르고 햄버거 감자튀김도 맛있었고 특히 감자튀김 양이 많았어요","date":"Mon Dec 10 23:59:44 +0000 2018","retweets":"30","favorites":"20","mentions":[],"hashtags":[],"geo":"","raw":"배달도 빠르고 햄버거 감자튀김도 맛있었고 특히 감자튀김 양이 많았어요","polarity":{"com":0.0014285714000000006,"pos":0.5628571428,"neg":0.1857142858,"neut":0.012857142800000004,"none":0.2371428572},"intensity":{"high":0.06857142860000001,"low":0.1495238094,"meium":0.5447619048,"none":0.2371428572},"expressive":{"dir-action":0,"dir-explicit":0.20714285715857145,"dir-speech":0.31999999993600003,"indirect":0.2471428571505714,"writing-device":0.22571428575485714}},{"id":"롯데리아-홈플러스신내점","permalink":"","username":"asdfg","text":"햄버거 생각날때마다 시켜 먹는곳","date":"Mon Dec 10 23:59:44 +0000 2018","retweets":"30","favorites":"20","mentions":[],"hashtags":[],"geo":"","raw":"햄버거 생각날때마다 시켜 먹는곳","polarity":{"com":0.05555555562962963,"pos":0.3989898987340068,"neg":0.39898989906734,"neut":0.14646464656902358,"none":0},"intensity":{"high":0.122895623,"low":0.164983165,"meium":0.712121212,"none":0},"expressive":{"dir-action":0,"dir-explicit":0.3013468013333333,"dir-speech":0.6986531986666668,"indirect":0,"writing-device":0}},{"id":"롯데리아-홈플러스신내점","permalink":"","username":"asdfg","text":"맛있는데 배달 너무 느림","date":"Mon Dec 10 23:59:44 +0000 2018","retweets":"30","favorites":"20","mentions":[],"hashtags":[],"geo":"","raw":"맛있는데 배달 너무 느림","polarity":{"com":0,"pos":0.5,"neg":0.5,"neut":0,"none":0},"intensity":{"high":0,"low":0,"meium":1,"none":0},"expressive":{"dir-action":0,"dir-explicit":0,"dir-speech":1,"indirect":0,"writing-device":0}},{"id":"롯데리아-홈플러스신내점","permalink":"","username":"asdfg","text":"바쁜시간이라 배달 늦은거 빼고는 좋아요","date":"Mon Dec 10 23:59:44 +0000 2018","retweets":"30","favorites":"20","mentions":[],"hashtags":[],"geo":"","raw":"바쁜시간이라 배달 늦은거 빼고는 좋아요","polarity":{"com":0,"pos":0.5425,"neg":0.4475,"neut":0,"none":0.01},"intensity":{"high":0.1125,"low":0.01,"meium":0.8674999999999999,"none":0.01},"expressive":{"dir-action":0,"dir-explicit":0.2125,"dir-speech":0.55,"indirect":0.10250000000000001,"writing-device":0.135}},{"id":"롯데리아-홈플러스신내점","permalink":"","username":"asdfg","text":"배달도 빠르고 맛있었습니다","date":"Mon Dec 10 23:59:44 +0000 2018","retweets":"30","favorites":"20","mentions":[],"hashtags":[],"geo":"","raw":"배달도 빠르고 맛있었습니다","polarity":{"com":0,"pos":0.6666666666666666,"neg":0.3333333333333333,"neut":0,"none":0},"intensity":{"high":0,"low":0.111111111,"meium":0.888888889,"none":0},"expressive":{"dir-action":0,"dir-explicit":0,"dir-speech":0.6666666666666666,"indirect":0.3333333333333333,"writing-device":0}},{"id":"롯데리아-홈플러스신내점","permalink":"","username":"asdfg","text":"배송도 빠르고 맛있었습니다만 세트를 시켰는데 콜라가 안 와서 기다리는데 20 분이 넘게 걸렸네요","date":"Mon Dec 10 23:59:44 +0000 2018","retweets":"30","favorites":"20","mentions":[],"hashtags":[],"geo":"","raw":"배송도 빠르고 맛있었습니다만 세트를 시켰는데 콜라가 안 와서 기다리는데 20 분이 넘게 걸렸네요","polarity":{"com":0.008698248376087282,"pos":0.46307722930788464,"neg":0.3905084167988136,"neut":0.07990360550998796,"none":0.05781250000722657},"intensity":{"high":0.054666173875,"low":0.042805959875,"meium":0.8435992947500001,"none":0.0589285715},"expressive":{"dir-action":0.0015923567494028662,"dir-explicit":0.11945234308020537,"dir-speech":0.4288714170891732,"indirect":0.39236806185286194,"writing-device":0.05771582122835656}},{"id":"롯데리아-홈플러스신내점","permalink":"","username":"asdfg","text":"간단하게 잘먹었습니다.\n감자튀김이 눅눅하긴했지만~","date":"Mon Dec 10 23:59:44 +0000 2018","retweets":"30","favorites":"20","mentions":[],"hashtags":[],"geo":"","raw":"간단하게 잘먹었습니다.\n감자튀김이 눅눅하긴했지만~","polarity":{"com":0.013271056202654213,"pos":0.4160910938832182,"neg":0.4726839010945368,"neut":0.05230656961046131,"none":0.04564737920912947},"intensity":{"high":0.066956703,"low":0.311393034,"meium":0.5722223754,"none":0.049427887600000005},"expressive":{"dir-action":0.003780508401512203,"dir-explicit":0.4203228965681291,"dir-speech":0.20159476328063788,"indirect":0.3202762431281104,"writing-device":0.05402558862161022}},{"id":"롯데리아-홈플러스신내점","permalink":"","username":"asdfg","text":"햄거거는 가격에 비해 ㅜ 토마토는 아삭한맛이없고  햄버거 넘 퍽 퍽   치킨은  바삭 바삭 ㅋ","date":"Mon Dec 10 23:59:44 +0000 2018","retweets":"30","favorites":"20","mentions":[],"hashtags":[],"geo":"","raw":"햄거거는 가격에 비해 ㅜ 토마토는 아삭한맛이없고  햄버거 넘 퍽 퍽   치킨은  바삭 바삭 ㅋ","polarity":{"com":0.00727332580290933,"pos":0.43894726657557886,"neg":0.4334856121733942,"neut":0.05458363682183346,"none":0.06571015862628407},"intensity":{"high":0.07769759,"low":0.14177421499999998,"meium":0.7128762887999999,"none":0.06765190620000001},"expressive":{"dir-action":0,"dir-explicit":0.20316624499999997,"dir-speech":0.6212495201999999,"indirect":0.09769962699999998,"writing-device":0.07788460779999999}},{"id":"롯데리아-홈플러스신내점","permalink":"","username":"asdfg","text":"빠른배송 안전한 음식 최곱니다","date":"Mon Dec 10 23:59:44 +0000 2018","retweets":"30","favorites":"20","mentions":[],"hashtags":[],"geo":"","raw":"빠른배송 안전한 음식 최곱니다","polarity":{"com":0,"pos":0.75,"neg":0.25,"neut":0,"none":0},"intensity":{"high":0.125,"low":0.1666666665,"meium":0.7083333334999999,"none":0},"expressive":{"dir-action":0,"dir-explicit":0.125,"dir-speech":0,"indirect":0.875,"writing-device":0}},{"id":"롯데리아-홈플러스신내점","permalink":"","username":"asdfg","text":"빠른배송 맛있고 안전합니다 ^^","date":"Mon Dec 10 23:59:44 +0000 2018","retweets":"30","favorites":"20","mentions":[],"hashtags":[],"geo":"","raw":"빠른배송 맛있고 안전합니다 ^^","polarity":{"com":0,"pos":0.5,"neg":0.5,"neut":0,"none":0},"intensity":{"high":0.08333333333333333,"low":0.111111111,"meium":0.8055555556666666,"none":0},"expressive":{"dir-action":0,"dir-explicit":0.08333333333333333,"dir-speech":0.3333333333333333,"indirect":0.5833333333333334,"writing-device":0}},{"id":"롯데리아-홈플러스신내점","permalink":"","username":"asdfg","text":"배달도 빠르게오고 잘먹었내요","date":"Mon Dec 10 23:59:44 +0000 2018","retweets":"30","favorites":"20","mentions":[],"hashtags":[],"geo":"","raw":"배달도 빠르게오고 잘먹었내요","polarity":{"com":0,"pos":0.8035714287008928,"neg":0.05357142851339285,"neut":0.1428571427857143,"none":0},"intensity":{"high":0,"low":0.13690476175,"meium":0.86309523825,"none":0},"expressive":{"dir-action":0,"dir-explicit":0.0535714285,"dir-speech":0.41071428575,"indirect":0.53571428575,"writing-device":0}},{"id":"롯데리아-홈플러스신내점","permalink":"","username":"asdfg","text":"맛있고 배달도 빨라요","date":"Mon Dec 10 23:59:44 +0000 2018","retweets":"30","favorites":"20","mentions":[],"hashtags":[],"geo":"","raw":"맛있고 배달도 빨라요","polarity":{"com":0,"pos":0.5,"neg":0.5,"neut":0,"none":0},"intensity":{"high":0,"low":0,"meium":1,"none":0},"expressive":{"dir-action":0,"dir-explicit":0,"dir-speech":1,"indirect":0,"writing-device":0}},{"id":"롯데리아-홈플러스신내점","permalink":"","username":"asdfg","text":"맛있고 배달도 빨라요","date":"Mon Dec 10 23:59:44 +0000 2018","retweets":"30","favorites":"20","mentions":[],"hashtags":[],"geo":"","raw":"맛있고 배달도 빨라요","polarity":{"com":0,"pos":0.5,"neg":0.5,"neut":0,"none":0},"intensity":{"high":0,"low":0,"meium":1,"none":0},"expressive":{"dir-action":0,"dir-explicit":0,"dir-speech":1,"indirect":0,"writing-device":0}},{"id":"롯데리아-홈플러스신내점","permalink":"","username":"asdfg","text":"강력추천 빠른배송 신선한 재료 \n재주문 할게요 ~~","date":"Mon Dec 10 23:59:44 +0000 2018","retweets":"30","favorites":"20","mentions":[],"hashtags":[],"geo":"","raw":"강력추천 빠른배송 신선한 재료 \n재주문 할게요 ~~","polarity":{"com":0.006169818399999999,"pos":0.5675936224,"neg":0.35099740459999995,"neut":0.030567297,"none":0.04467185759999999},"intensity":{"high":0.2509454949498109,"low":0.11517982937696403,"meium":0.5864738598827052,"none":0.047400815790519836},"expressive":{"dir-action":0.0035891732007178345,"dir-explicit":0.19497960703899592,"dir-speech":0.14168335182833666,"indirect":0.6081794587216359,"writing-device":0.05156840921031368}},{"id":"롯데리아-홈플러스신내점","permalink":"","username":"asdfg","text":"배송도 빠르고 맛있어요","date":"Mon Dec 10 23:59:44 +0000 2018","retweets":"30","favorites":"20","mentions":[],"hashtags":[],"geo":"","raw":"배송도 빠르고 맛있어요","polarity":{"com":0.0035714285,"pos":0.107142857,"neg":0.6642857145000001,"neut":0.007142857,"none":0.217857143},"intensity":{"high":0.0714285715,"low":0.057142857,"meium":0.6535714285,"none":0.217857143},"expressive":{"dir-action":0,"dir-explicit":0.09285714295357143,"dir-speech":0.649999999675,"indirect":0.042857142978571426,"writing-device":0.21428571439285712}},{"id":"롯데리아-홈플러스신내점","permalink":"","username":"asdfg","text":"배달도 빠르고 맛있어요","date":"Mon Dec 10 23:59:44 +0000 2018","retweets":"30","favorites":"20","mentions":[],"hashtags":[],"geo":"","raw":"배달도 빠르고 맛있어요","polarity":{"com":0,"pos":0.6666666666666666,"neg":0.3333333333333333,"neut":0,"none":0},"intensity":{"high":0,"low":0.111111111,"meium":0.888888889,"none":0},"expressive":{"dir-action":0,"dir-explicit":0,"dir-speech":0.6666666666666666,"indirect":0.3333333333333333,"writing-device":0}},{"id":"롯데리아-홈플러스신내점","permalink":"","username":"asdfg","text":"깨끗하게 포장되서 오고\n빠른배송도 마음에 들어요","date":"Mon Dec 10 23:59:44 +0000 2018","retweets":"30","favorites":"20","mentions":[],"hashtags":[],"geo":"","raw":"깨끗하게 포장되서 오고\n빠른배송도 마음에 들어요","polarity":{"com":0.0011904761666666668,"pos":0.47321428566666673,"neg":0.36726190483333343,"neut":0.08571428566666668,"none":0.07261904766666667},"intensity":{"high":0.023809523833333332,"low":0.11626984116666667,"meium":0.7873015873333333,"none":0.07261904766666667},"expressive":{"dir-action":0,"dir-explicit":0.22539682546243384,"dir-speech":0.29999999995,"indirect":0.4031746030994709,"writing-device":0.07142857148809524}},{"id":"롯데리아-홈플러스신내점","permalink":"","username":"asdfg","text":"컴퓨터하면서 먹으면 더 맛있네요","date":"Mon Dec 10 23:59:44 +0000 2018","retweets":"30","favorites":"20","mentions":[],"hashtags":[],"geo":"","raw":"컴퓨터하면서 먹으면 더 맛있네요","polarity":{"com":0,"pos":0.5144927535000001,"neg":0.42028985500000005,"neut":0.043478261000000004,"none":0.021739130500000002},"intensity":{"high":0.142512077,"low":0.154589372,"meium":0.6811594205,"none":0.0217391305},"expressive":{"dir-action":0,"dir-explicit":0.350241546,"dir-speech":0.541062802,"indirect":0.0869565215,"writing-device":0.0217391305}},{"id":"롯데리아-홈플러스신내점","permalink":"","username":"asdfg","text":"45분 걸린다고했는데  금방 와서 따뜻하게 먹음~^^","date":"Mon Dec 10 23:59:44 +0000 2018","retweets":"30","favorites":"20","mentions":[],"hashtags":[],"geo":"","raw":"45분 걸린다고했는데  금방 와서 따뜻하게 먹음~^^","polarity":{"com":0.00287356325,"pos":0.45545977,"neg":0.35057471275,"neut":0.14224137925,"none":0.04885057475},"intensity":{"high":0.02873563224281609,"low":0.0316091954920977,"meium":0.8879310342780172,"none":0.051724137987068965},"expressive":{"dir-action":0.0028735632507183905,"dir-explicit":0.04022988501005747,"dir-speech":0.22844827580711202,"indirect":0.6709770116677441,"writing-device":0.05747126426436781}},{"id":"롯데리아-홈플러스신내점","permalink":"","username":"asdfg","text":"감자튀김이 좀 눅눅한거 빼고는 굿~~^^","date":"Mon Dec 10 23:59:44 +0000 2018","retweets":"30","favorites":"20","mentions":[],"hashtags":[],"geo":"","raw":"감자튀김이 좀 눅눅한거 빼고는 굿~~^^","polarity":{"com":0.013715257000000002,"pos":0.5110826687500001,"neg":0.43670873499999996,"neut":0.03028469,"none":0.00820864925},"intensity":{"high":0.05496024651374007,"low":0.05406066851351517,"meium":0.8809183634702296,"none":0.01006072150251518},"expressive":{"dir-action":0.0018520722504630181,"dir-explicit":0.18160230704540056,"dir-speech":0.23783089255945772,"indirect":0.4436540066109135,"writing-device":0.1350607215337652}},{"id":"롯데리아-홈플러스신내점","permalink":"","username":"asdfg","text":"65분소요\n\n다식어서 옴","date":"Mon Dec 10 23:59:44 +0000 2018","retweets":"30","favorites":"20","mentions":[],"hashtags":[],"geo":"","raw":"65분소요\n\n다식어서 옴","polarity":{"com":0.090909091,"pos":0.590909091,"neg":0.272727273,"neut":0,"none":0.045454545},"intensity":{"high":0.04545454504545454,"low":0.13636363613636365,"meium":0.7727272737727272,"none":0.04545454504545454},"expressive":{"dir-action":0,"dir-explicit":0.272727273,"dir-speech":0.090909091,"indirect":0.590909091,"writing-device":0.045454545}},{"id":"롯데리아-홈플러스신내점","permalink":"","username":"asdfg","text":"배달도 빠르고 맛있어요","date":"Mon Dec 10 23:59:44 +0000 2018","retweets":"30","favorites":"20","mentions":[],"hashtags":[],"geo":"","raw":"배달도 빠르고 맛있어요","polarity":{"com":0,"pos":0.6666666666666666,"neg":0.3333333333333333,"neut":0,"none":0},"intensity":{"high":0,"low":0.111111111,"meium":0.888888889,"none":0},"expressive":{"dir-action":0,"dir-explicit":0,"dir-speech":0.6666666666666666,"indirect":0.3333333333333333,"writing-device":0}},{"id":"롯데리아-홈플러스신내점","permalink":"","username":"asdfg","text":"맛있어요~\n배달도 친절히 해주시네요","date":"Mon Dec 10 23:59:44 +0000 2018","retweets":"30","favorites":"20","mentions":[],"hashtags":[],"geo":"","raw":"맛있어요~\n배달도 친절히 해주시네요","polarity":{"com":0.0038314176666666665,"pos":0.44061302666666663,"neg":0.4674329503333334,"neut":0.02298850566666667,"none":0.06513409966666667},"intensity":{"high":0.03831417632056194,"low":0.04214559398595147,"meium":0.8505747123831418,"none":0.06896551731034482},"expressive":{"dir-action":0.003831417667943805,"dir-explicit":0.05363984668454661,"dir-speech":0.8045977012681992,"indirect":0.061302682020434214,"writing-device":0.0766283523588761}},{"id":"롯데리아-홈플러스신내점","permalink":"","username":"asdfg","text":"배달도 빠르고.. 맛은 보장되었고. ㅎ","date":"Mon Dec 10 23:59:44 +0000 2018","retweets":"30","favorites":"20","mentions":[],"hashtags":[],"geo":"","raw":"배달도 빠르고.. 맛은 보장되었고. ㅎ","polarity":{"com":0,"pos":1,"neg":0,"neut":0,"none":0},"intensity":{"high":0,"low":0.08333333325,"meium":0.91666666675,"none":0},"expressive":{"dir-action":0,"dir-explicit":0,"dir-speech":0.5,"indirect":0.5,"writing-device":0}},{"id":"롯데리아-홈플러스신내점","permalink":"","username":"asdfg","text":"이거 뭡니까~!!!\n주문한지 한 시간 지나고 온거까지 이해하겠지만 \n다 식어빠져서 어케 무슨 맛으로 먹으라는건지~!!!","date":"Mon Dec 10 23:59:44 +0000 2018","retweets":"30","favorites":"20","mentions":[],"hashtags":[],"geo":"","raw":"이거 뭡니까~!!!\n주문한지 한 시간 지나고 온거까지 이해하겠지만 \n다 식어빠져서 어케 무슨 맛으로 먹으라는건지~!!!","polarity":{"com":0.08643433183333334,"pos":0.42376472083333333,"neg":0.34952956991666667,"neut":0.051632104500000005,"none":0.08863927291666666},"intensity":{"high":0.0837056238193824,"low":0.0632157791561307,"meium":0.7642601126226233,"none":0.08881848440186359},"expressive":{"dir-action":0.0005376344166218638,"dir-explicit":0.3099611708075033,"dir-speech":0.44581519887951543,"indirect":0.11040386582413302,"writing-device":0.1332821300722265}},{"id":"롯데리아-홈플러스신내점","permalink":"","username":"asdfg","text":"감자튀김이 너무눅눅한게...애혀","date":"Mon Dec 10 23:59:44 +0000 2018","retweets":"30","favorites":"20","mentions":[],"hashtags":[],"geo":"","raw":"감자튀김이 너무눅눅한게...애혀","polarity":{"com":0.006006005998498499,"pos":0.24930699943767326,"neg":0.6919611918270097,"neut":0.04671979673832005,"none":0.006006005998498492},"intensity":{"high":0.04775929775,"low":0.07871332875,"meium":0.86677061675,"none":0.006756756749999995},"expressive":{"dir-action":0.0007507507500000002,"dir-explicit":0.15500115500000003,"dir-speech":0.4455994455,"indirect":0.391891892,"writing-device":0.006756756749999996}},{"id":"롯데리아-홈플러스신내점","permalink":"","username":"asdfg","text":"배달 빠르고 햄버거상태좋아요","date":"Mon Dec 10 23:59:44 +0000 2018","retweets":"30","favorites":"20","mentions":[],"hashtags":[],"geo":"","raw":"배달 빠르고 햄버거상태좋아요","polarity":{"com":0,"pos":0.625,"neg":0.375,"neut":0,"none":0},"intensity":{"high":0.125,"low":0,"meium":0.875,"none":0},"expressive":{"dir-action":0,"dir-explicit":0,"dir-speech":0.625,"indirect":0.375,"writing-device":0}},{"id":"롯데리아-홈플러스신내점","permalink":"","username":"asdfg","text":"배달 빠르고 좋아용","date":"Mon Dec 10 23:59:44 +0000 2018","retweets":"30","favorites":"20","mentions":[],"hashtags":[],"geo":"","raw":"배달 빠르고 좋아용","polarity":{"com":0,"pos":0.96,"neg":0.02,"neut":0,"none":0.02},"intensity":{"high":0.1,"low":0.02,"meium":0.86,"none":0.02},"expressive":{"dir-action":0,"dir-explicit":0.30000000000000004,"dir-speech":0.6000000000000001,"indirect":0.08000000000000002,"writing-device":0.020000000000000004}},{"id":"롯데리아-홈플러스신내점","permalink":"","username":"asdfg","text":"신속한배달\n맛있었습니다.","date":"Mon Dec 10 23:59:44 +0000 2018","retweets":"30","favorites":"20","mentions":[],"hashtags":[],"geo":"","raw":"신속한배달\n맛있었습니다.","polarity":{"com":0.0096774195,"pos":0.758064516,"neg":0.176344086,"neut":0.041935484,"none":0.0139784945},"intensity":{"high":0.069892473,"low":0.058064516,"meium":0.8569892475,"none":0.0150537635},"expressive":{"dir-action":0.0032258065,"dir-explicit":0.1569892475,"dir-speech":0.647311828,"indirect":0.1784946235,"writing-device":0.0139784945}},{"id":"롯데리아-홈플러스신내점","permalink":"","username":"asdfg","text":"빠른 배달 너무 좋습니다. ^^","date":"Mon Dec 10 23:59:44 +0000 2018","retweets":"30","favorites":"20","mentions":[],"hashtags":[],"geo":"","raw":"빠른 배달 너무 좋습니다. ^^","polarity":{"com":0,"pos":0.9733333333333333,"neg":0.013333333333333334,"neut":0,"none":0.013333333333333334},"intensity":{"high":0.06666666666666667,"low":0.12444444433333333,"meium":0.7955555556666667,"none":0.013333333333333334},"expressive":{"dir-action":0,"dir-explicit":0.19999999999999998,"dir-speech":0.39999999999999997,"indirect":0.38666666666666666,"writing-device":0.013333333333333334}},{"id":"롯데리아-홈플러스신내점","permalink":"","username":"asdfg","text":"배달도 빠르고 주문한메뉴들도 안식어오고 맛있게 잘먹었습니다~^^;;","date":"Mon Dec 10 23:59:44 +0000 2018","retweets":"30","favorites":"20","mentions":[],"hashtags":[],"geo":"","raw":"배달도 빠르고 주문한메뉴들도 안식어오고 맛있게 잘먹었습니다~^^;;","polarity":{"com":0,"pos":0.6020408163717201,"neg":0.3163265306166181,"neut":0.08163265301166181,"none":0},"intensity":{"high":0,"low":0.07823129242857142,"meium":0.9217687075714285,"none":0},"expressive":{"dir-action":0,"dir-explicit":0.17346938771428572,"dir-speech":0.5204081632857143,"indirect":0.306122449,"writing-device":0}},{"id":"롯데리아-홈플러스신내점","permalink":"","username":"asdfg","text":"배달빠르고 맛좋고!","date":"Mon Dec 10 23:59:44 +0000 2018","retweets":"30","favorites":"20","mentions":[],"hashtags":[],"geo":"","raw":"배달빠르고 맛좋고!","polarity":{"com":0,"pos":1,"neg":0,"neut":0,"none":0},"intensity":{"high":0,"low":0,"meium":1,"none":0},"expressive":{"dir-action":0,"dir-explicit":0,"dir-speech":1,"indirect":0,"writing-device":0}},{"id":"롯데리아-홈플러스신내점","permalink":"","username":"asdfg","text":"움식이 너무 식어서 오네요 탄산도 다빠지고","date":"Mon Dec 10 23:59:44 +0000 2018","retweets":"30","favorites":"20","mentions":[],"hashtags":[],"geo":"","raw":"움식이 너무 식어서 오네요 탄산도 다빠지고","polarity":{"com":0.03571428575,"pos":0.6785714285,"neg":0.1785714285,"neut":0.03571428575,"none":0.0714285715},"intensity":{"high":0.1785714287053571,"low":0.19642857145089285,"meium":0.5535714283616071,"none":0.07142857148214285},"expressive":{"dir-action":0,"dir-explicit":0.35714285707142857,"dir-speech":0.25000000012499995,"indirect":0.3214285713392857,"writing-device":0.0714285714642857}},{"id":"롯데리아-홈플러스신내점","permalink":"","username":"asdfg","text":"그냥저냥 먹었습니다~ㅋ","date":"Mon Dec 10 23:59:44 +0000 2018","retweets":"30","favorites":"20","mentions":[],"hashtags":[],"geo":"","raw":"그냥저냥 먹었습니다~ㅋ","polarity":{"com":0,"pos":0.333333333,"neg":0.666666667,"neut":0,"none":0},"intensity":{"high":0.111111111,"low":0.222222222,"meium":0.666666667,"none":0},"expressive":{"dir-action":0,"dir-explicit":0.222222222,"dir-speech":0.777777778,"indirect":0,"writing-device":0}},{"id":"롯데리아-홈플러스신내점","permalink":"","username":"asdfg","text":"자주 시켜먹는 매장이네요~","date":"Mon Dec 10 23:59:44 +0000 2018","retweets":"30","favorites":"20","mentions":[],"hashtags":[],"geo":"","raw":"자주 시켜먹는 매장이네요~","polarity":{"com":0.007625272333333332,"pos":0.5729847493333333,"neg":0.31481481499999997,"neut":0.03050108933333333,"none":0.07407407399999999},"intensity":{"high":0.0795206970265069,"low":0.43464052281154686,"meium":0.41176470613725497,"none":0.07407407402469136},"expressive":{"dir-action":0,"dir-explicit":0.21350762533333337,"dir-speech":0.6601307190000001,"indirect":0.04575163400000001,"writing-device":0.08061002166666668}},{"id":"롯데리아-홈플러스신내점","permalink":"","username":"asdfg","text":"집근처라 여기서 자주 시켜먹는데 맛있어요 ㅎㅅㅎ","date":"Mon Dec 10 23:59:44 +0000 2018","retweets":"30","favorites":"20","mentions":[],"hashtags":[],"geo":"","raw":"집근처라 여기서 자주 시켜먹는데 맛있어요 ㅎㅅㅎ","polarity":{"com":0.003812636166666666,"pos":0.4531590413333333,"neg":0.49074074083333324,"neut":0.015250544666666664,"none":0.037037036999999995},"intensity":{"high":0.03976034850662673,"low":0.2450980392075164,"meium":0.678104575279684,"none":0.03703703700617284},"expressive":{"dir-action":0,"dir-explicit":0.10675381266666667,"dir-speech":0.8300653594999999,"indirect":0.022875817000000003,"writing-device":0.040305010833333335}},{"id":"롯데리아-홈플러스신내점","permalink":"","username":"asdfg","text":"배달도 빠르고 맛있어요","date":"Mon Dec 10 23:59:44 +0000 2018","retweets":"30","favorites":"20","mentions":[],"hashtags":[],"geo":"","raw":"배달도 빠르고 맛있어요","polarity":{"com":0,"pos":0.6666666666666666,"neg":0.3333333333333333,"neut":0,"none":0},"intensity":{"high":0,"low":0.111111111,"meium":0.888888889,"none":0},"expressive":{"dir-action":0,"dir-explicit":0,"dir-speech":0.6666666666666666,"indirect":0.3333333333333333,"writing-device":0}},{"id":"롯데리아-홈플러스신내점","permalink":"","username":"asdfg","text":"여윽시 롯데리아는 새우버거가 최고네여 모짜새우 존맛탱","date":"Mon Dec 10 23:59:44 +0000 2018","retweets":"30","favorites":"20","mentions":[],"hashtags":[],"geo":"","raw":"여윽시 롯데리아는 새우버거가 최고네여 모짜새우 존맛탱","polarity":{"com":0.005952380998015872,"pos":0.6217532467927489,"neg":0.2759740259080087,"neut":0.05708874464763709,"none":0.039231601653589465},"intensity":{"high":0.08387445900000003,"low":0.09632034633333333,"meium":0.7775974023333334,"none":0.042207792333333334},"expressive":{"dir-action":0,"dir-explicit":0.2159090909280303,"dir-speech":0.5587121211470959,"indirect":0.15584415594805193,"writing-device":0.06953463197682178}},{"id":"롯데리아-홈플러스신내점","permalink":"","username":"asdfg","text":"배달도 빠르고 만족합니다.","date":"Mon Dec 10 23:59:44 +0000 2018","retweets":"30","favorites":"20","mentions":[],"hashtags":[],"geo":"","raw":"배달도 빠르고 만족합니다.","polarity":{"com":0,"pos":0.6666666666666666,"neg":0.3333333333333333,"neut":0,"none":0},"intensity":{"high":0,"low":0.111111111,"meium":0.888888889,"none":0},"expressive":{"dir-action":0,"dir-explicit":0.3333333333333333,"dir-speech":0.3333333333333333,"indirect":0.3333333333333333,"writing-device":0}},{"id":"롯데리아-홈플러스신내점","permalink":"","username":"asdfg","text":"배달도 빠르고 만족합니다.","date":"Mon Dec 10 23:59:44 +0000 2018","retweets":"30","favorites":"20","mentions":[],"hashtags":[],"geo":"","raw":"배달도 빠르고 만족합니다.","polarity":{"com":0,"pos":0.6666666666666666,"neg":0.3333333333333333,"neut":0,"none":0},"intensity":{"high":0,"low":0.111111111,"meium":0.888888889,"none":0},"expressive":{"dir-action":0,"dir-explicit":0.3333333333333333,"dir-speech":0.3333333333333333,"indirect":0.3333333333333333,"writing-device":0}},{"id":"롯데리아-홈플러스신내점","permalink":"","username":"asdfg","text":"역시 햄버거는 불고기~","date":"Mon Dec 10 23:59:44 +0000 2018","retweets":"30","favorites":"20","mentions":[],"hashtags":[],"geo":"","raw":"역시 햄버거는 불고기~","polarity":{"com":0,"pos":0.32539682532539677,"neg":0.25396825425396824,"neut":0.2142857142142857,"none":0.2063492062063492},"intensity":{"high":0.01587301600793651,"low":0.28571428564285717,"meium":0.49206349224603174,"none":0.20634920610317461},"expressive":{"dir-action":0,"dir-explicit":0.24603174612301587,"dir-speech":0.50000000025,"indirect":0.03968253951984128,"writing-device":0.2142857141071429}},{"id":"롯데리아-홈플러스신내점","permalink":"","username":"asdfg","text":"빠르고 맛있네요 감사합니다","date":"Mon Dec 10 23:59:44 +0000 2018","retweets":"30","favorites":"20","mentions":[],"hashtags":[],"geo":"","raw":"빠르고 맛있네요 감사합니다","polarity":{"com":0,"pos":0.6666666666666666,"neg":0.3333333333333333,"neut":0,"none":0},"intensity":{"high":0.3333333333333333,"low":0.111111111,"meium":0.5555555556666666,"none":0},"expressive":{"dir-action":0,"dir-explicit":0,"dir-speech":0.6666666666666666,"indirect":0.3333333333333333,"writing-device":0}},{"id":"롯데리아-홈플러스신내점","permalink":"","username":"asdfg","text":"맛있고 배달도 빠름 가격만 좀더 저렴했으면 ㅜ","date":"Mon Dec 10 23:59:44 +0000 2018","retweets":"30","favorites":"20","mentions":[],"hashtags":[],"geo":"","raw":"맛있고 배달도 빠름 가격만 좀더 저렴했으면 ㅜ","polarity":{"com":0.003870967799999999,"pos":0.7032258063999999,"neg":0.2705376344,"neut":0.016774193599999997,"none":0.005591397799999999},"intensity":{"high":0.027956989199999997,"low":0.089892473,"meium":0.8761290324,"none":0.0060215054},"expressive":{"dir-action":0.0012903226,"dir-explicit":0.06279569900000001,"dir-speech":0.45892473120000005,"indirect":0.4713978494,"writing-device":0.0055913978}},{"id":"롯데리아-홈플러스신내점","permalink":"","username":"asdfg","text":"맛잇다ㅏㅏㅏㅏㅏㅏㅏㅏ","date":"Mon Dec 10 23:59:44 +0000 2018","retweets":"30","favorites":"20","mentions":[],"hashtags":[],"geo":"","raw":"맛잇다ㅏㅏㅏㅏㅏㅏㅏㅏ","polarity":{"com":0,"pos":1,"neg":0,"neut":0,"none":0},"intensity":{"high":0,"low":0,"meium":1,"none":0},"expressive":{"dir-action":0,"dir-explicit":0,"dir-speech":1,"indirect":0,"writing-device":0}},{"id":"롯데리아-홈플러스신내점","permalink":"","username":"asdfg","text":"실수로 조금 멀리서 시켰는데 짜증내시더라구요","date":"Mon Dec 10 23:59:44 +0000 2018","retweets":"30","favorites":"20","mentions":[],"hashtags":[],"geo":"","raw":"실수로 조금 멀리서 시켰는데 짜증내시더라구요","polarity":{"com":0,"pos":0.25,"neg":0.5,"neut":0.25,"none":0},"intensity":{"high":0.125,"low":0.3125,"meium":0.5625,"none":0},"expressive":{"dir-action":0,"dir-explicit":0.75,"dir-speech":0.0625,"indirect":0.1875,"writing-device":0}},{"id":"롯데리아-홈플러스신내점","permalink":"","username":"asdfg","text":"배달원분이 친절했습니다","date":"Mon Dec 10 23:59:44 +0000 2018","retweets":"30","favorites":"20","mentions":[],"hashtags":[],"geo":"","raw":"배달원분이 친절했습니다","polarity":{"com":0.025095921499999993,"pos":0.47392354699999995,"neg":0.3966084029999999,"neut":0.08598834749999999,"none":0.018383781},"intensity":{"high":0.12275590906137795,"low":0.12414381106207191,"meium":0.7314385868657193,"none":0.021661693010830846},"expressive":{"dir-action":0.0054284495027142245,"dir-explicit":0.3640377056820189,"dir-speech":0.3279285681639643,"indirect":0.28201885264100945,"writing-device":0.02058642401029321}},{"id":"롯데리아-홈플러스신내점","permalink":"","username":"asdfg","text":"배달 엄청 빠르고 맛이 나쁘지 않았어요","date":"Mon Dec 10 23:59:44 +0000 2018","retweets":"30","favorites":"20","mentions":[],"hashtags":[],"geo":"","raw":"배달 엄청 빠르고 맛이 나쁘지 않았어요","polarity":{"com":0,"pos":0.75,"neg":0.25,"neut":0,"none":0},"intensity":{"high":0.08333333325,"low":0.08333333325,"meium":0.8333333334999999,"none":0},"expressive":{"dir-action":0,"dir-explicit":0.08333333325,"dir-speech":0.5,"indirect":0.41666666674999997,"writing-device":0}},{"id":"롯데리아-홈플러스신내점","permalink":"","username":"asdfg","text":"해쉬브라운 총두개가와야되는데 하나가빠져잇네요","date":"Mon Dec 10 23:59:44 +0000 2018","retweets":"30","favorites":"20","mentions":[],"hashtags":[],"geo":"","raw":"해쉬브라운 총두개가와야되는데 하나가빠져잇네요","polarity":{"com":0.025953078237023457,"pos":0.3801565355599217,"neg":0.43649115453175447,"neut":0.08100485645949757,"none":0.07639437521180281},"intensity":{"high":0.17041352991479325,"low":0.10876552969561722,"meium":0.6370887159314557,"none":0.08373222445813387},"expressive":{"dir-action":0.0028735632500000003,"dir-explicit":0.34093743225000006,"dir-speech":0.34460393625,"indirect":0.21713604125,"writing-device":0.09444902700000002}},{"id":"롯데리아-홈플러스신내점","permalink":"","username":"asdfg","text":"다좋은데 치즈스틱이 부러져서 와서 ㅠㅠ","date":"Mon Dec 10 23:59:44 +0000 2018","retweets":"30","favorites":"20","mentions":[],"hashtags":[],"geo":"","raw":"다좋은데 치즈스틱이 부러져서 와서 ㅠㅠ","polarity":{"com":0.010279001333333334,"pos":0.5486679253333333,"neg":0.14684287799999998,"neut":0.19603524233333333,"none":0.098174953},"intensity":{"high":0.130480386,"low":0.04405286333333333,"meium":0.725823369,"none":0.09964338166666666},"expressive":{"dir-action":0.0014684286666666665,"dir-explicit":0.28088944833333335,"dir-speech":0.38231592200000003,"indirect":0.23568281933333335,"writing-device":0.09964338166666666}},{"id":"롯데리아-홈플러스신내점","permalink":"","username":"asdfg","text":"쵭느네~♡","date":"Mon Dec 10 23:59:44 +0000 2018","retweets":"30","favorites":"20","mentions":[],"hashtags":[],"geo":"","raw":"쵭느네~~~~~~~~~~♡","polarity":{"com":0,"pos":0.8,"neg":0.2,"neut":0,"none":0},"intensity":{"high":0.2,"low":0.2,"meium":0.6,"none":0},"expressive":{"dir-action":0,"dir-explicit":0.6,"dir-speech":0.2,"indirect":0.2,"writing-device":0}},{"id":"롯데리아-홈플러스신내점","permalink":"","username":"asdfg","text":"맛있게 잘 먹었습니다.\n엘레베이터 없는 5층이라 배달원에게 미안해요.","date":"Mon Dec 10 23:59:44 +0000 2018","retweets":"30","favorites":"20","mentions":[],"hashtags":[],"geo":"","raw":"맛있게 잘 먹었습니다.\n엘레베이터 없는 5층이라 배달원에게 미안해요.","polarity":{"com":0.008446131201689227,"pos":0.5232071323046414,"neg":0.36895033287379014,"neut":0.04936056140987213,"none":0.05003584221000718},"intensity":{"high":0.05344718521068943,"low":0.08242281841648456,"meium":0.8136640465627327,"none":0.05046594981009318},"expressive":{"dir-action":0.0012903226,"dir-explicit":0.18931297260000002,"dir-speech":0.5280190356000001,"indirect":0.22742025840000002,"writing-device":0.05395741080000001}},{"id":"롯데리아-홈플러스신내점","permalink":"","username":"asdfg","text":"빠른 배송 감사드립니다.","date":"Mon Dec 10 23:59:44 +0000 2018","retweets":"30","favorites":"20","mentions":[],"hashtags":[],"geo":"","raw":"빠른 배송 감사드립니다.","polarity":{"com":0,"pos":1,"neg":0,"neut":0,"none":0},"intensity":{"high":0.5,"low":0.1666666665,"meium":0.3333333335,"none":0},"expressive":{"dir-action":0,"dir-explicit":0,"dir-speech":0.5,"indirect":0.5,"writing-device":0}},{"id":"롯데리아-홈플러스신내점","permalink":"","username":"asdfg","text":"만족합니다근데봉지안에사이다가뚜껑이열려서오더라고요 다음부터는관리잘해주시길","date":"Mon Dec 10 23:59:44 +0000 2018","retweets":"30","favorites":"20","mentions":[],"hashtags":[],"geo":"","raw":"만족합니다근데봉지안에사이다가뚜껑이열려서오더라고요 다음부터는관리잘해주시길","polarity":{"com":0.006956306715279472,"pos":0.2822522401831789,"neg":0.6340210973762886,"neut":0.0716851718673836,"none":0.005085183857869311},"intensity":{"high":0.06663445115237636,"low":0.15799544487971365,"meium":0.7683800832526257,"none":0.006990020715284289},"expressive":{"dir-action":0.0006293265715184752,"dir-explicit":0.34129955947732854,"dir-speech":0.3629143067661306,"indirect":0.2894422967556346,"writing-device":0.005714510429387787}},{"id":"롯데리아-홈플러스신내점","permalink":"","username":"asdfg","text":"늦은 시간이었는데 편하게 잘 먹었다는!","date":"Mon Dec 10 23:59:44 +0000 2018","retweets":"30","favorites":"20","mentions":[],"hashtags":[],"geo":"","raw":"늦은 시간이었는데 편하게 잘 먹었다는!","polarity":{"com":0,"pos":0.4563492063825397,"neg":0.4944444445977778,"neut":0.03333333321333333,"none":0.015873015806349207},"intensity":{"high":0.0563492064,"low":0.09047619039999999,"meium":0.8373015874,"none":0.0158730158},"expressive":{"dir-action":0,"dir-explicit":0.12460317459999999,"dir-speech":0.261904762,"indirect":0.5944444444,"writing-device":0.019047619}},{"id":"롯데리아-홈플러스신내점","permalink":"","username":"asdfg","text":"주문바뀌오고 미안하다는 말도 없고...","date":"Mon Dec 10 23:59:44 +0000 2018","retweets":"30","favorites":"20","mentions":[],"hashtags":[],"geo":"","raw":"주문바뀌오고 미안하다는 말도 없고...","polarity":{"com":0.004854369000000001,"pos":0.433323815,"neg":0.500999429,"neut":0.026841804500000007,"none":0.03398058250000001},"intensity":{"high":0.09994288975,"low":0.038977727,"meium":0.82467161625,"none":0.036407767},"expressive":{"dir-action":0,"dir-explicit":0.37150199875000006,"dir-speech":0.5386921760000001,"indirect":0.04854368925000001,"writing-device":0.041262136000000005}},{"id":"롯데리아-홈플러스신내점","permalink":"","username":"asdfg","text":"쿠폰주는 롯데리아는 처음이네요ㅎ\n다음에도 또 시킬께요~","date":"Mon Dec 10 23:59:44 +0000 2018","retweets":"30","favorites":"20","mentions":[],"hashtags":[],"geo":"","raw":"쿠폰주는 롯데리아는 처음이네요ㅎ\n다음에도 또 시킬께요~","polarity":{"com":0.029999999994,"pos":0.2829725829434055,"neg":0.49717171730056564,"neut":0.04008657999198268,"none":0.14976911977004617},"intensity":{"high":0.0531024532,"low":0.1068398268,"meium":0.6902886001999999,"none":0.14976911980000002},"expressive":{"dir-action":0,"dir-explicit":0.1805772006916537,"dir-speech":0.551774891668935,"indirect":0.09795093794122944,"writing-device":0.16969696969818185}},{"id":"롯데리아-홈플러스신내점","permalink":"","username":"asdfg","text":"배달도 빠르고 좋아욧","date":"Mon Dec 10 23:59:44 +0000 2018","retweets":"30","favorites":"20","mentions":[],"hashtags":[],"geo":"","raw":"배달도 빠르고 좋아욧","polarity":{"com":0,"pos":0.9733333333333333,"neg":0.013333333333333334,"neut":0,"none":0.013333333333333334},"intensity":{"high":0.06666666666666667,"low":0.12444444433333333,"meium":0.7955555556666667,"none":0.013333333333333334},"expressive":{"dir-action":0,"dir-explicit":0.19999999999999998,"dir-speech":0.39999999999999997,"indirect":0.38666666666666666,"writing-device":0.013333333333333334}},{"id":"롯데리아-홈플러스신내점","permalink":"","username":"asdfg","text":"빨리와서 좋아요~~","date":"Mon Dec 10 23:59:44 +0000 2018","retweets":"30","favorites":"20","mentions":[],"hashtags":[],"geo":"","raw":"빨리와서 좋아요~~","polarity":{"com":0,"pos":0.71,"neg":0.27,"neut":0,"none":0.02},"intensity":{"high":0.1,"low":0.02,"meium":0.86,"none":0.02},"expressive":{"dir-action":0,"dir-explicit":0.55,"dir-speech":0.1,"indirect":0.33,"writing-device":0.02}},{"id":"롯데리아-홈플러스신내점","permalink":"","username":"asdfg","text":"배달빠르고 배달시요청사항도 해주셔서 감사합니다 땡큐!","date":"Mon Dec 10 23:59:44 +0000 2018","retweets":"30","favorites":"20","mentions":[],"hashtags":[],"geo":"","raw":"배달빠르고 배달시요청사항도 해주셔서 감사합니다 땡큐!","polarity":{"com":0,"pos":0.8400000000000001,"neg":0,"neut":0,"none":0.16},"intensity":{"high":0.4,"low":0,"meium":0.44000000000000006,"none":0.16},"expressive":{"dir-action":0,"dir-explicit":0.20000000000000004,"dir-speech":0.64,"indirect":0,"writing-device":0.16000000000000003}},{"id":"롯데리아-홈플러스신내점","permalink":"","username":"asdfg","text":"맛나여","date":"Mon Dec 10 23:59:44 +0000 2018","retweets":"30","favorites":"20","mentions":[],"hashtags":[],"geo":"","raw":"맛나여","polarity":{"com":0,"pos":1,"neg":0,"neut":0,"none":0},"intensity":{"high":0,"low":0,"meium":1,"none":0},"expressive":{"dir-action":0,"dir-explicit":0,"dir-speech":1,"indirect":0,"writing-device":0}},{"id":"롯데리아-홈플러스신내점","permalink":"","username":"asdfg","text":"맛있어요","date":"Mon Dec 10 23:59:44 +0000 2018","retweets":"30","favorites":"20","mentions":[],"hashtags":[],"geo":"","raw":"맛있어요","polarity":{"com":0,"pos":0,"neg":1,"neut":0,"none":0},"intensity":{"high":0,"low":0,"meium":1,"none":0},"expressive":{"dir-action":0,"dir-explicit":0,"dir-speech":1,"indirect":0,"writing-device":0}},{"id":"롯데리아-홈플러스신내점","permalink":"","username":"asdfg","text":"뻐르고 좋아요😆","date":"Mon Dec 10 23:59:44 +0000 2018","retweets":"30","favorites":"20","mentions":[],"hashtags":[],"geo":"","raw":"뻐르고 좋아요😆","polarity":{"com":0.0114379085,"pos":0.6528104575,"neg":0.15888888899999998,"neut":0.045751634,"none":0.131111111},"intensity":{"high":0.16372549008186274,"low":0.06084967303042484,"meium":0.6443137258221568,"none":0.13111111106555556},"expressive":{"dir-action":0,"dir-explicit":0.509150327,"dir-speech":0.2013071895,"indirect":0.14862745100000002,"writing-device":0.1409150325}},{"id":"롯데리아-홈플러스신내점","permalink":"","username":"asdfg","text":"200원 이긴 하지만... \n시즈닝 하나가 빠졌네요 ㅠ","date":"Mon Dec 10 23:59:44 +0000 2018","retweets":"30","favorites":"20","mentions":[],"hashtags":[],"geo":"","raw":"200원 이긴 하지만... \n시즈닝 하나가 빠졌네요 ㅠ","polarity":{"com":0,"pos":0.30476190466666664,"neg":0.6476190476666666,"neut":0.04761904766666666,"none":0},"intensity":{"high":0.06666666666666667,"low":0.11428571433333334,"meium":0.819047619,"none":0},"expressive":{"dir-action":0,"dir-explicit":0.29523809533333334,"dir-speech":0.6380952379999999,"indirect":0.06666666666666667,"writing-device":0}},{"id":"롯데리아-홈플러스신내점","permalink":"","username":"asdfg","text":"맛있어여~~","date":"Mon Dec 10 23:59:44 +0000 2018","retweets":"30","favorites":"20","mentions":[],"hashtags":[],"geo":"","raw":"맛있어여~~","polarity":{"com":null,"pos":null,"neg":null,"neut":null,"none":null},"intensity":{"high":null,"low":null,"meium":null,"none":null},"expressive":{"dir-action":null,"dir-explicit":null,"dir-speech":null,"indirect":null,"writing-device":null}},{"id":"롯데리아-홈플러스신내점","permalink":"","username":"asdfg","text":"빠르고 좋아요","date":"Mon Dec 10 23:59:44 +0000 2018","retweets":"30","favorites":"20","mentions":[],"hashtags":[],"geo":"","raw":"빠르고 좋아요","polarity":{"com":0,"pos":0.96,"neg":0.02,"neut":0,"none":0.02},"intensity":{"high":0.1,"low":0.1866666665,"meium":0.6933333335,"none":0.02},"expressive":{"dir-action":0,"dir-explicit":0.3,"dir-speech":0.1,"indirect":0.58,"writing-device":0.02}},{"id":"롯데리아-홈플러스신내점","permalink":"","username":"asdfg","text":"맛있게 잘먹었습니다. 배달도 빠르구요","date":"Mon Dec 10 23:59:44 +0000 2018","retweets":"30","favorites":"20","mentions":[],"hashtags":[],"geo":"","raw":"맛있게 잘먹었습니다. 배달도 빠르구요","polarity":{"com":0,"pos":0.6785714286696428,"neg":0.30357142857589287,"neut":0.017857142754464286,"none":0},"intensity":{"high":0,"low":0.13690476175,"meium":0.86309523825,"none":0},"expressive":{"dir-action":0,"dir-explicit":0.0535714285,"dir-speech":0.53571428575,"indirect":0.41071428575,"writing-device":0}}]