[{"id":"이삭토스트석계역점","permalink":"","username":"asdfg","text":"완젼 뜨끈하게 배달되어 왔어요~!!\n덕분에 맛있게 잘먹었습니다^^","date":"Mon Dec 10 23:59:44 +0000 2018","retweets":"30","favorites":"20","mentions":[],"hashtags":[],"geo":"","raw":"완젼 뜨끈하게 배달되어 왔어요~!!\n덕분에 맛있게 잘먹었습니다^^","polarity":{"com":0.004804804800960962,"pos":0.6368082369273618,"neg":0.30411840406082374,"neut":0.04946374940989276,"none":0.004804804800960962},"intensity":{"high":0.07996568,"low":0.0882453882,"meium":0.8263835264000001,"none":0.0054054053999999995},"expressive":{"dir-action":0.0006006005998798799,"dir-explicit":0.1910338909617932,"dir-speech":0.5323037322935393,"indirect":0.27065637074586874,"writing-device":0.005405405398918918}},{"id":"이삭토스트석계역점","permalink":"","username":"asdfg","text":"따뜻하게 배달되고\n토스트 넘 맛있어요~^^♡","date":"Mon Dec 10 23:59:44 +0000 2018","retweets":"30","favorites":"20","mentions":[],"hashtags":[],"geo":"","raw":"따뜻하게 배달되고\n토스트 넘 맛있어요~^^♡","polarity":{"com":0,"pos":0.6666666666666666,"neg":0.3333333333333333,"neut":0,"none":0},"intensity":{"high":0,"low":0,"meium":1,"none":0},"expressive":{"dir-action":0,"dir-explicit":0,"dir-speech":0.6666666666666666,"indirect":0.3333333333333333,"writing-device":0}},{"id":"이삭토스트석계역점","permalink":"","username":"asdfg","text":"배달 해주시는분도  항상 친절하시고, 토스트는  언제나  뜨끈뜨끈 맛있어요^^","date":"Mon Dec 10 23:59:44 +0000 2018","retweets":"30","favorites":"20","mentions":[],"hashtags":[],"geo":"","raw":"배달 해주시는분도  항상 친절하시고, 토스트는  언제나  뜨끈뜨끈 맛있어요^^","polarity":{"com":0.003225806500537634,"pos":0.5972648915995441,"neg":0.3517707800586284,"neut":0.02985151050497525,"none":0.017887011336314502},"intensity":{"high":0.028588496333333335,"low":0.059037378333333335,"meium":0.894128691,"none":0.018245434333333335},"expressive":{"dir-action":0.0010752688333333334,"dir-explicit":0.20378477566666667,"dir-speech":0.6602150538333333,"indirect":0.11439238766666666,"writing-device":0.020532513999999998}},{"id":"이삭토스트석계역점","permalink":"","username":"asdfg","text":"토스트를 집에서 먹을구잇다니 그리고 딸바ㅜ최고","date":"Mon Dec 10 23:59:44 +0000 2018","retweets":"30","favorites":"20","mentions":[],"hashtags":[],"geo":"","raw":"토스트를 집에서 먹을구잇다니 그리고 딸바ㅜ최고","polarity":{"com":0.08891719741778345,"pos":0.4003680112800736,"neg":0.30179759386035954,"neut":0.00891719740178344,"none":0.20000000004000001},"intensity":{"high":0.24452937019999998,"low":0.068648266,"meium":0.4868223638,"none":0.2},"expressive":{"dir-action":0.002547770798980892,"dir-explicit":0.12342533615062987,"dir-speech":0.33924982306430007,"indirect":0.3335031846665987,"writing-device":0.20127388531949045}},{"id":"이삭토스트석계역점","permalink":"","username":"asdfg","text":"언제나 잘먹고 있습니다. 나중에 데워먹어도 맛있네요:)","date":"Mon Dec 10 23:59:44 +0000 2018","retweets":"30","favorites":"20","mentions":[],"hashtags":[],"geo":"","raw":"언제나 잘먹고 있습니다. 나중에 데워먹어도 맛있네요:)","polarity":{"com":0,"pos":0.5119047618779762,"neg":0.4702380953675595,"neut":0.017857142754464286,"none":0},"intensity":{"high":0.02777777775,"low":0.109126984,"meium":0.86309523825,"none":0},"expressive":{"dir-action":0,"dir-explicit":0.109126984,"dir-speech":0.73015873025,"indirect":0.16071428575,"writing-device":0}},{"id":"이삭토스트석계역점","permalink":"","username":"asdfg","text":"배불리 잘먹었습니다 너무 맛있어요","date":"Mon Dec 10 23:59:44 +0000 2018","retweets":"30","favorites":"20","mentions":[],"hashtags":[],"geo":"","raw":"배불리 잘먹었습니다 너무 맛있어요","polarity":{"com":0.07142857153571429,"pos":0.4285714287142857,"neg":0.4642857142321429,"neut":0.035714285517857144,"none":0},"intensity":{"high":0.0714285715,"low":0.1785714285,"meium":0.75,"none":0},"expressive":{"dir-action":0,"dir-explicit":0.39285714250000003,"dir-speech":0.21428571450000003,"indirect":0.392857143,"writing-device":0}},{"id":"이삭토스트석계역점","permalink":"","username":"asdfg","text":"굿굿 맛있어요ㅎㅎㅎ","date":"Mon Dec 10 23:59:44 +0000 2018","retweets":"30","favorites":"20","mentions":[],"hashtags":[],"geo":"","raw":"굿굿 맛있어요ㅎㅎㅎ","polarity":{"com":0,"pos":0.5,"neg":0.5,"neut":0,"none":0},"intensity":{"high":0,"low":0,"meium":1,"none":0},"expressive":{"dir-action":0,"dir-explicit":0,"dir-speech":0.5,"indirect":0.5,"writing-device":0}},{"id":"이삭토스트석계역점","permalink":"","username":"asdfg","text":"좋아요","date":"Mon Dec 10 23:59:44 +0000 2018","retweets":"30","favorites":"20","mentions":[],"hashtags":[],"geo":"","raw":"좋아요","polarity":{"com":0,"pos":0.92,"neg":0.04,"neut":0,"none":0.04},"intensity":{"high":0.2,"low":0.04,"meium":0.72,"none":0.04},"expressive":{"dir-action":0,"dir-explicit":0.6,"dir-speech":0.2,"indirect":0.16,"writing-device":0.04}},{"id":"이삭토스트석계역점","permalink":"","username":"asdfg","text":"배달도 빠르고 맛있었어요","date":"Mon Dec 10 23:59:44 +0000 2018","retweets":"30","favorites":"20","mentions":[],"hashtags":[],"geo":"","raw":"배달도 빠르고 맛있었어요","polarity":{"com":0,"pos":0.6666666666666666,"neg":0.3333333333333333,"neut":0,"none":0},"intensity":{"high":0,"low":0.111111111,"meium":0.888888889,"none":0},"expressive":{"dir-action":0,"dir-explicit":0,"dir-speech":0.6666666666666666,"indirect":0.3333333333333333,"writing-device":0}},{"id":"이삭토스트석계역점","permalink":"","username":"asdfg","text":"나름 만족 야체에 소스 좀 뿌려서 보내주시지...","date":"Mon Dec 10 23:59:44 +0000 2018","retweets":"30","favorites":"20","mentions":[],"hashtags":[],"geo":"","raw":"나름 만족 야체에 소스 좀 뿌려서 보내주시지...","polarity":{"com":0,"pos":1,"neg":0,"neut":0,"none":0},"intensity":{"high":0,"low":0,"meium":1,"none":0},"expressive":{"dir-action":0,"dir-explicit":0.2,"dir-speech":0.4666666665,"indirect":0.3333333335,"writing-device":0}},{"id":"이삭토스트석계역점","permalink":"","username":"asdfg","text":"맛있어요 배달도 빠르고 좋아요","date":"Mon Dec 10 23:59:44 +0000 2018","retweets":"30","favorites":"20","mentions":[],"hashtags":[],"geo":"","raw":"맛있어요 배달도 빠르고 좋아요","polarity":{"com":0,"pos":0.5514285715,"neg":0.43857142849999997,"neut":0,"none":0.01},"intensity":{"high":0.15714285721071428,"low":0.16476190470880955,"meium":0.6680952380829762,"none":0.0099999999975},"expressive":{"dir-action":0,"dir-explicit":0.2214285715,"dir-speech":0.33571428575,"indirect":0.43285714275,"writing-device":0.01}},{"id":"이삭토스트석계역점","permalink":"","username":"asdfg","text":"배달하시는분도 친절하시고 따끈따끈하게 잘 먹었습니다~","date":"Mon Dec 10 23:59:44 +0000 2018","retweets":"30","favorites":"20","mentions":[],"hashtags":[],"geo":"","raw":"배달하시는분도 친절하시고 따끈따끈하게 잘 먹었습니다~","polarity":{"com":0.006169818401233962,"pos":0.6604507653320901,"neg":0.2438545474487709,"neut":0.044853011208970596,"none":0.044671857608934364},"intensity":{"high":0.050945494989810894,"low":0.09137030558172593,"meium":0.8102833836379434,"none":0.047400815790519836},"expressive":{"dir-action":0.0035891732007178345,"dir-explicit":0.18783674983756735,"dir-speech":0.47025478049405095,"indirect":0.2867508872573502,"writing-device":0.05156840921031368}},{"id":"이삭토스트석계역점","permalink":"","username":"asdfg","text":"맛있는데 불고기 소스?흘러넘쳤어요 ㅠㅠ","date":"Mon Dec 10 23:59:44 +0000 2018","retweets":"30","favorites":"20","mentions":[],"hashtags":[],"geo":"","raw":"맛있는데 불고기 소스?흘러넘쳤어요 ㅠㅠ","polarity":{"com":0,"pos":0,"neg":1,"neut":0,"none":0},"intensity":{"high":0,"low":0,"meium":1,"none":0},"expressive":{"dir-action":0,"dir-explicit":0,"dir-speech":1,"indirect":0,"writing-device":0}},{"id":"이삭토스트석계역점","permalink":"","username":"asdfg","text":"좋아요.......","date":"Mon Dec 10 23:59:44 +0000 2018","retweets":"30","favorites":"20","mentions":[],"hashtags":[],"geo":"","raw":"좋아요.......","polarity":{"com":0,"pos":0.92,"neg":0.04,"neut":0,"none":0.04},"intensity":{"high":0.2,"low":0.04,"meium":0.72,"none":0.04},"expressive":{"dir-action":0,"dir-explicit":0.6,"dir-speech":0.2,"indirect":0.16,"writing-device":0.04}},{"id":"이삭토스트석계역점","permalink":"","username":"asdfg","text":"다른점보다 양배추가 많아서 좋습니다.\n딸바쥬스도 흐르지 않게 랩으로 씌워서 배송해주셨네요~~\n배송비 문의로 전화 문의드렸는데 사장님으로 추정되는 남자분께서 너무 친절하게 답변해주셨어요.","date":"Mon Dec 10 23:59:44 +0000 2018","retweets":"30","favorites":"20","mentions":[],"hashtags":[],"geo":"","raw":"다른점보다 양배추가 많아서 좋습니다.\n딸바쥬스도 흐르지 않게 랩으로 씌워서 배송해주셨네요~~\n배송비 문의로 전화 문의드렸는데 사장님으로 추정되는 남자분께서 너무 친절하게 답변해주셨어요.","polarity":{"com":0.013479262715248515,"pos":0.42346061003024715,"neg":0.39303708581378827,"neut":0.03681149878834368,"none":0.13321154265237223},"intensity":{"high":0.14479920998965717,"low":0.05822251478155553,"meium":0.6634595128811814,"none":0.1335187623476058},"expressive":{"dir-action":0.0009216589999341673,"dir-explicit":0.3016567917641673,"dir-speech":0.29889181483579347,"indirect":0.2658283958381551,"writing-device":0.1327013385619499}},{"id":"이삭토스트석계역점","permalink":"","username":"asdfg","text":"맛이 엄청 좋아요 잘 먹겠습니다","date":"Mon Dec 10 23:59:44 +0000 2018","retweets":"30","favorites":"20","mentions":[],"hashtags":[],"geo":"","raw":"맛이 엄청 좋아요 잘 먹겠습니다","polarity":{"com":0,"pos":0.8780952382926983,"neg":0.08476190469492063,"neut":0.023809523674603175,"none":0.013333333337777779},"intensity":{"high":0.06666666666666667,"low":0.08476190466666667,"meium":0.8352380953333333,"none":0.013333333333333334},"expressive":{"dir-action":0,"dir-explicit":0.2714285713333333,"dir-speech":0.44761904766666666,"indirect":0.26761904766666667,"writing-device":0.013333333333333334}},{"id":"이삭토스트석계역점","permalink":"","username":"asdfg","text":"다좋은데 배달료가 너무비싸요\n3천원은 진짜과한듯\n최고로 비싸게받음","date":"Mon Dec 10 23:59:44 +0000 2018","retweets":"30","favorites":"20","mentions":[],"hashtags":[],"geo":"","raw":"다좋은데 배달료가 너무비싸요\n3천원은 진짜과한듯\n최고로 비싸게받음","polarity":{"com":0.003867366222222222,"pos":0.4626364335555555,"neg":0.4231726648888889,"neut":0.05331631622222222,"none":0.05700721911111111},"intensity":{"high":0.2048691568661256,"low":0.09686314832257074,"meium":0.6402684121510812,"none":0.057999282660222286},"expressive":{"dir-action":0,"dir-explicit":0.2920579234119935,"dir-speech":0.3281372492968736,"indirect":0.3227976081863558,"writing-device":0.05700721910477696}},{"id":"이삭토스트석계역점","permalink":"","username":"asdfg","text":"토스트는 이삭이 최고!","date":"Mon Dec 10 23:59:44 +0000 2018","retweets":"30","favorites":"20","mentions":[],"hashtags":[],"geo":"","raw":"토스트는 이삭이 최고!","polarity":{"com":0.01541850200770925,"pos":0.37458918968729454,"neg":0.47423257123711626,"neut":0.09167191104583594,"none":0.04408782602204391},"intensity":{"high":0.06873645203436822,"low":0.18512691409256343,"meium":0.699846164849923,"none":0.04629046902314523},"expressive":{"dir-action":0.002202643001101321,"dir-explicit":0.2864135376432067,"dir-speech":0.513950073756975,"indirect":0.14320676857160336,"writing-device":0.05422697702711348}},{"id":"이삭토스트석계역점","permalink":"","username":"asdfg","text":"맛있게잘먹었습니다~\n배달도빠릅니다","date":"Mon Dec 10 23:59:44 +0000 2018","retweets":"30","favorites":"20","mentions":[],"hashtags":[],"geo":"","raw":"맛있게잘먹었습니다~\n배달도빠릅니다","polarity":{"com":0,"pos":0.6785714286696428,"neg":0.30357142857589287,"neut":0.017857142754464286,"none":0},"intensity":{"high":0,"low":0.13690476175,"meium":0.86309523825,"none":0},"expressive":{"dir-action":0,"dir-explicit":0.0535714285,"dir-speech":0.53571428575,"indirect":0.41071428575,"writing-device":0}},{"id":"이삭토스트석계역점","permalink":"","username":"asdfg","text":"넝넘 맛있어요 배달도 빨라요","date":"Mon Dec 10 23:59:44 +0000 2018","retweets":"30","favorites":"20","mentions":[],"hashtags":[],"geo":"","raw":"넝넘 맛있어요 배달도 빨라요","polarity":{"com":0,"pos":0.14285714300000002,"neg":0.857142857,"neut":0,"none":0},"intensity":{"high":0.21428571439285712,"low":0.1428571429285714,"meium":0.6428571426785714,"none":0},"expressive":{"dir-action":0,"dir-explicit":0.142857143,"dir-speech":0.5714285715,"indirect":0.2857142855,"writing-device":0}},{"id":"이삭토스트석계역점","permalink":"","username":"asdfg","text":"맛있어요 ㅎㅎㅎㅎ배달빨라요","date":"Mon Dec 10 23:59:44 +0000 2018","retweets":"30","favorites":"20","mentions":[],"hashtags":[],"geo":"","raw":"맛있어요 ㅎㅎㅎㅎ배달빨라요","polarity":{"com":0,"pos":0.5,"neg":0.5,"neut":0,"none":0},"intensity":{"high":0,"low":0,"meium":1,"none":0},"expressive":{"dir-action":0,"dir-explicit":0,"dir-speech":1,"indirect":0,"writing-device":0}},{"id":"이삭토스트석계역점","permalink":"","username":"asdfg","text":"덕분에 동생들도 배불리 잘 먹었습니다ㅎㅎ","date":"Mon Dec 10 23:59:44 +0000 2018","retweets":"30","favorites":"20","mentions":[],"hashtags":[],"geo":"","raw":"덕분에 동생들도 배불리 잘 먹었습니다ㅎㅎ","polarity":{"com":0,"pos":0.35714285717857136,"neg":0.6071428573035714,"neut":0.03571428551785714,"none":0},"intensity":{"high":0,"low":0.107142857,"meium":0.8928571430000001,"none":0},"expressive":{"dir-action":0,"dir-explicit":0.107142857,"dir-speech":0.5714285715,"indirect":0.3214285715,"writing-device":0}},{"id":"이삭토스트석계역점","permalink":"","username":"asdfg","text":"늘 시켜먹는 베이컨 베스트에 처음으로 피자 토스트 주문해서 먹어봤는데 피자 토스트도 맛있네요... 배달도 늘 빨라서 좋아요","date":"Mon Dec 10 23:59:44 +0000 2018","retweets":"30","favorites":"20","mentions":[],"hashtags":[],"geo":"","raw":"늘 시켜먹는 베이컨 베스트에 처음으로 피자 토스트 주문해서 먹어봤는데 피자 토스트도 맛있네요... 배달도 늘 빨라서 좋아요","polarity":{"com":0.01874999999765625,"pos":0.6536904760432887,"neg":0.24845238109394346,"neut":0.0017857142497767857,"none":0.07732142861533482},"intensity":{"high":0.070634920625,"low":0.11650793637500001,"meium":0.735535714375,"none":0.07732142862500001},"expressive":{"dir-action":0,"dir-explicit":0.31448412692137895,"dir-speech":0.43551587301612105,"indirect":0.17357142858160712,"writing-device":0.07642857148089285}},{"id":"이삭토스트석계역점","permalink":"","username":"asdfg","text":"맛있었고 배달도 빨라서 좋았어요!","date":"Mon Dec 10 23:59:44 +0000 2018","retweets":"30","favorites":"20","mentions":[],"hashtags":[],"geo":"","raw":"맛있었고 배달도 빨라서 좋았어요!","polarity":{"com":0,"pos":0.73,"neg":0.26,"neut":0,"none":0.01},"intensity":{"high":0.05,"low":0.09333333325,"meium":0.84666666675,"none":0.01},"expressive":{"dir-action":0,"dir-explicit":0.15,"dir-speech":0.55,"indirect":0.29,"writing-device":0.01}},{"id":"이삭토스트석계역점","permalink":"","username":"asdfg","text":"자주 시켜먹어요 맛 있어요","date":"Mon Dec 10 23:59:44 +0000 2018","retweets":"30","favorites":"20","mentions":[],"hashtags":[],"geo":"","raw":"자주 시켜먹어요 맛 있어요","polarity":{"com":0,"pos":0.7777777776666667,"neg":0.22222222233333333,"neut":0,"none":0},"intensity":{"high":0.037037037,"low":0.40740740733333336,"meium":0.5555555556666666,"none":0},"expressive":{"dir-action":0,"dir-explicit":0.074074074,"dir-speech":0.925925926,"indirect":0,"writing-device":0}},{"id":"이삭토스트석계역점","permalink":"","username":"asdfg","text":"배달도 빠르고 항상 맛있어요!","date":"Mon Dec 10 23:59:44 +0000 2018","retweets":"30","favorites":"20","mentions":[],"hashtags":[],"geo":"","raw":"배달도 빠르고 항상 맛있어요!","polarity":{"com":0,"pos":1,"neg":0,"neut":0,"none":0},"intensity":{"high":0,"low":0.111111111,"meium":0.888888889,"none":0},"expressive":{"dir-action":0,"dir-explicit":0.16666666666666666,"dir-speech":0.5,"indirect":0.3333333333333333,"writing-device":0}},{"id":"이삭토스트석계역점","permalink":"","username":"asdfg","text":"배달도 빨랐고\n토스트도 따뜻하게 왔어요\n레몬에이드도 랩핑작업 1차로 해주셔서\n하나도 새지않고 왔네요~^^\n맛있게 잘먹었습니다","date":"Mon Dec 10 23:59:44 +0000 2018","retweets":"30","favorites":"20","mentions":[],"hashtags":[],"geo":"","raw":"배달도 빨랐고\n토스트도 따뜻하게 왔어요\n레몬에이드도 랩핑작업 1차로 해주셔서\n하나도 새지않고 왔네요~^^\n맛있게 잘먹었습니다","polarity":{"com":0.0038310762310639294,"pos":0.5389138664260703,"neg":0.28637622094510584,"neut":0.08696692139130516,"none":0.08391191500645476},"intensity":{"high":0.12201534622138341,"low":0.18579098229340063,"meium":0.607166582953295,"none":0.08502708853192098},"expressive":{"dir-action":0.0011151735382041908,"dir-explicit":0.169369483191684,"dir-speech":0.4860129928109201,"indirect":0.25780581647896794,"writing-device":0.08569653398022388}},{"id":"이삭토스트석계역점","permalink":"","username":"asdfg","text":"예상시간보다 빨리 왔고요, 엄청 따뜻하게\n먹을 수 있어서 매우 만족합니다~!!\n아이들이 넘~맛있대요~^^\n날도 추워지니 따뜻한 토스트가 더\n생각날 것 같아요~^^","date":"Mon Dec 10 23:59:44 +0000 2018","retweets":"30","favorites":"20","mentions":[],"hashtags":[],"geo":"","raw":"예상시간보다 빨리 왔고요, 엄청 따뜻하게\n먹을 수 있어서 매우 만족합니다~!!\n아이들이 넘~맛있대요~^^\n날도 추워지니 따뜻한 토스트가 더\n생각날 것 같아요~^^","polarity":{"com":0.04476766516293603,"pos":0.5500904784541593,"neg":0.2817175208098569,"neut":0.022650322414779146,"none":0.10077401315826882},"intensity":{"high":0.14263419524999998,"low":0.03851339816666666,"meium":0.71715513425,"none":0.10169727233333332},"expressive":{"dir-action":0.0005376344166218638,"dir-explicit":0.27921622131006535,"dir-speech":0.22778219023101812,"indirect":0.39168994088402587,"writing-device":0.10077401315826884}},{"id":"이삭토스트석계역점","permalink":"","username":"asdfg","text":"맛도 좋고 간단하게 배불리 먹을 수 있어서 좋아요ㅎㅎ","date":"Mon Dec 10 23:59:44 +0000 2018","retweets":"30","favorites":"20","mentions":[],"hashtags":[],"geo":"","raw":"맛도 좋고 간단하게 배불리 먹을 수 있어서 좋아요ㅎㅎ","polarity":{"com":0.004004003999999999,"pos":0.6726576576666666,"neg":0.181051051,"neut":0.008283283333333334,"none":0.13400400399999998},"intensity":{"high":0.11253753749999999,"low":0.06716216216666666,"meium":0.6857957958333333,"none":0.13450450449999998},"expressive":{"dir-action":0.0005005005,"dir-explicit":0.3029779778333333,"dir-speech":0.40575575583333334,"indirect":0.15626126133333335,"writing-device":0.13450450449999998}},{"id":"이삭토스트석계역점","permalink":"","username":"asdfg","text":"맛있습니다. 또시킬게요","date":"Mon Dec 10 23:59:44 +0000 2018","retweets":"30","favorites":"20","mentions":[],"hashtags":[],"geo":"","raw":"맛있습니다. 또시킬게요","polarity":{"com":0,"pos":0.0714285714642857,"neg":0.7142857141428571,"neut":0,"none":0.21428571439285712},"intensity":{"high":0,"low":0,"meium":0.7857142855,"none":0.2142857145},"expressive":{"dir-action":0,"dir-explicit":0.0714285715,"dir-speech":0.642857143,"indirect":0,"writing-device":0.2857142855}},{"id":"이삭토스트석계역점","permalink":"","username":"asdfg","text":"맛있어요 ㅎㅎ 음료수 세지말라고 랩으로 감은 것도 감동이네용","date":"Mon Dec 10 23:59:44 +0000 2018","retweets":"30","favorites":"20","mentions":[],"hashtags":[],"geo":"","raw":"맛있어요 ㅎㅎ 음료수 세지말라고 랩으로 감은 것도 감동이네용","polarity":{"com":0.00571895425,"pos":0.14640522875,"neg":0.4694444445,"neut":0.272875817,"none":0.10555555550000001},"intensity":{"high":0.08186274502046569,"low":0.020424836505106212,"meium":0.7921568629480392,"none":0.1055555555263889},"expressive":{"dir-action":0,"dir-explicit":0.10457516350000001,"dir-speech":0.75065359475,"indirect":0.03431372550000001,"writing-device":0.11045751625000001}},{"id":"이삭토스트석계역점","permalink":"","username":"asdfg","text":"맛있게 잘  먹었습니다.언제나  맛있어요~~","date":"Mon Dec 10 23:59:44 +0000 2018","retweets":"30","favorites":"20","mentions":[],"hashtags":[],"geo":"","raw":"맛있게 잘  먹었습니다.언제나  맛있어요~~","polarity":{"com":0,"pos":0.23809523807936508,"neg":0.7380952382460317,"neut":0.023809523674603175,"none":0},"intensity":{"high":0,"low":0.07142857133333333,"meium":0.9285714286666668,"none":0},"expressive":{"dir-action":0,"dir-explicit":0.07142857133333333,"dir-speech":0.7142857143333333,"indirect":0.21428571433333332,"writing-device":0}},{"id":"이삭토스트석계역점","permalink":"","username":"asdfg","text":"매운 토스트 정말 맵네요^^;; \n잘 먹었습니다.","date":"Mon Dec 10 23:59:44 +0000 2018","retweets":"30","favorites":"20","mentions":[],"hashtags":[],"geo":"","raw":"매운 토스트 정말 맵네요^^;; \n잘 먹었습니다.","polarity":{"com":0,"pos":0.7321428573660714,"neg":0.10714285705357143,"neut":0.035714285517857144,"none":0.1250000000625},"intensity":{"high":0.25,"low":0.107142857,"meium":0.5178571430000001,"none":0.125},"expressive":{"dir-action":0,"dir-explicit":0.357142857,"dir-speech":0.19642857149999998,"indirect":0.3214285715,"writing-device":0.125}},{"id":"이삭토스트석계역점","permalink":"","username":"asdfg","text":"이삭토스트가 배달이라니!!\n넘나 조아요♡","date":"Mon Dec 10 23:59:44 +0000 2018","retweets":"30","favorites":"20","mentions":[],"hashtags":[],"geo":"","raw":"이삭토스트가 배달이라니!!\n넘나 조아요♡","polarity":{"com":0.013577653333333333,"pos":0.265445067,"neg":0.5806878306666666,"neut":0.057286803666666664,"none":0.08300264533333333},"intensity":{"high":0.2071661997357221,"low":0.28516962342838986,"meium":0.42168534080722847,"none":0.08597883602865962},"expressive":{"dir-action":0,"dir-explicit":0.37554466245851487,"dir-speech":0.282815904094272,"indirect":0.25210084041736697,"writing-device":0.0895385930298462}},{"id":"이삭토스트석계역점","permalink":"","username":"asdfg","text":"야채랑 안에 있는 음식들이 따로 노는 느낌 이었습니다","date":"Mon Dec 10 23:59:44 +0000 2018","retweets":"30","favorites":"20","mentions":[],"hashtags":[],"geo":"","raw":"야채랑 안에 있는 음식들이 따로 노는 느낌 이었습니다","polarity":{"com":0.028547932249999998,"pos":0.48657581450000004,"neg":0.265617168,"neut":0.1054197995,"none":0.11383928575},"intensity":{"high":0.01116071425,"low":0.33269110300000004,"meium":0.542308897,"none":0.11383928575},"expressive":{"dir-action":0,"dir-explicit":0.12542293225000004,"dir-speech":0.6153743735,"indirect":0.1453634085,"writing-device":0.11383928575000002}},{"id":"이삭토스트석계역점","permalink":"","username":"asdfg","text":"하나두 식지 않고 정말 맛있게  먹었습니다.","date":"Mon Dec 10 23:59:44 +0000 2018","retweets":"30","favorites":"20","mentions":[],"hashtags":[],"geo":"","raw":"하나두 식지 않고 정말 맛있게  먹었습니다.","polarity":{"com":0,"pos":0.44940476175,"neg":0.4523809525,"neut":0.03571428575,"none":0.0625},"intensity":{"high":0.40277777775,"low":0.09126984125,"meium":0.44345238099999995,"none":0.0625},"expressive":{"dir-action":0,"dir-explicit":0.251984127,"dir-speech":0.435515873,"indirect":0.25,"writing-device":0.0625}},{"id":"이삭토스트석계역점","permalink":"","username":"asdfg","text":"남편추천으로 먹어봤는데 넘넘 맛있어요!!!!","date":"Mon Dec 10 23:59:44 +0000 2018","retweets":"30","favorites":"20","mentions":[],"hashtags":[],"geo":"","raw":"남편추천으로 먹어봤는데 넘넘 맛있어요!!!!","polarity":{"com":0,"pos":0.19444444433333333,"neg":0.8055555556666666,"neut":0,"none":0},"intensity":{"high":0.037037037,"low":0.324074074,"meium":0.638888889,"none":0},"expressive":{"dir-action":0,"dir-explicit":0.074074074,"dir-speech":0.925925926,"indirect":0,"writing-device":0}},{"id":"이삭토스트석계역점","permalink":"","username":"asdfg","text":"출출할때 딱좋아요^^","date":"Mon Dec 10 23:59:44 +0000 2018","retweets":"30","favorites":"20","mentions":[],"hashtags":[],"geo":"","raw":"출출할때 딱좋아요^^","polarity":{"com":0.003831417665389528,"pos":0.5351584811549472,"neg":0.26864507157711837,"neut":0.1138975966287008,"none":0.0784674329738442},"intensity":{"high":0.1352838732882387,"low":0.1463880182845373,"meium":0.6360292577879902,"none":0.08229885063923371},"expressive":{"dir-action":0.003831417667943806,"dir-explicit":0.31424590743808195,"dir-speech":0.477324973825775,"indirect":0.11463601537154534,"writing-device":0.08996168569665389}},{"id":"이삭토스트석계역점","permalink":"","username":"asdfg","text":"빠른배달 감사합니다","date":"Mon Dec 10 23:59:44 +0000 2018","retweets":"30","favorites":"20","mentions":[],"hashtags":[],"geo":"","raw":"빠른배달 감사합니다","polarity":{"com":0.006451612999999998,"pos":0.8387096773333333,"neg":0.117562724,"neut":0.02795698933333333,"none":0.009318996333333333},"intensity":{"high":0.046594982,"low":0.14982078833333334,"meium":0.7935483873333333,"none":0.010035842333333333},"expressive":{"dir-action":0.0021505376666666664,"dir-explicit":0.10465949833333332,"dir-speech":0.4315412186666666,"indirect":0.45232974899999995,"writing-device":0.009318996333333333}},{"id":"이삭토스트석계역점","permalink":"","username":"asdfg","text":"토스트 진짜 좋아하는데 너무 잘 주문한 것 같아요 맛있게 먹었습니다ㅎㅎ","date":"Mon Dec 10 23:59:44 +0000 2018","retweets":"30","favorites":"20","mentions":[],"hashtags":[],"geo":"","raw":"토스트 진짜 좋아하는데 너무 잘 주문한 것 같아요 맛있게 먹었습니다ㅎㅎ","polarity":{"com":0.02380952382936508,"pos":0.427849927762025,"neg":0.45743145742376135,"neut":0.015151515164141413,"none":0.07575757582070707},"intensity":{"high":0.042328042333333336,"low":0.060846560833333334,"meium":0.8210678210000001,"none":0.07575757583333333},"expressive":{"dir-action":0,"dir-explicit":0.5110630109148229,"dir-speech":0.37421837427096355,"indirect":0.038961038993506496,"writing-device":0.07575757582070707}},{"id":"이삭토스트석계역점","permalink":"","username":"asdfg","text":"잘먹었습니다 잘먹었습니다","date":"Mon Dec 10 23:59:44 +0000 2018","retweets":"30","favorites":"20","mentions":[],"hashtags":[],"geo":"","raw":"잘먹었습니다 잘먹었습니다","polarity":{"com":0,"pos":0.7142857147142857,"neg":0.21428571421428572,"neut":0.07142857107142857,"none":0},"intensity":{"high":0,"low":0.214285714,"meium":0.785714286,"none":0},"expressive":{"dir-action":0,"dir-explicit":0.214285714,"dir-speech":0.142857143,"indirect":0.642857143,"writing-device":0}},{"id":"이삭토스트석계역점","permalink":"","username":"asdfg","text":"간편하게 먹기 딱좋습니다","date":"Mon Dec 10 23:59:44 +0000 2018","retweets":"30","favorites":"20","mentions":[],"hashtags":[],"geo":"","raw":"간편하게 먹기 딱좋습니다","polarity":{"com":0,"pos":0.751111111,"neg":0.23555555566666667,"neut":0,"none":0.013333333333333334},"intensity":{"high":0.10370370366666666,"low":0.08740740733333334,"meium":0.7955555556666667,"none":0.013333333333333334},"expressive":{"dir-action":0,"dir-explicit":0.274074074,"dir-speech":0.32592592600000003,"indirect":0.38666666666666666,"writing-device":0.013333333333333334}},{"id":"이삭토스트석계역점","permalink":"","username":"asdfg","text":"맛있네요~ 간단하게먹기좋아요","date":"Mon Dec 10 23:59:44 +0000 2018","retweets":"30","favorites":"20","mentions":[],"hashtags":[],"geo":"","raw":"맛있네요~ 간단하게먹기좋아요","polarity":{"com":0.006006006,"pos":0.4664864865,"neg":0.50324324325,"neut":0.00825825825,"none":0.016006006},"intensity":{"high":0.10630630625000001,"low":0.08657657649999999,"meium":0.7903603605,"none":0.01675675675},"expressive":{"dir-action":0.0007507507500000002,"dir-explicit":0.28363363350000004,"dir-speech":0.5169669670000001,"indirect":0.18189189200000003,"writing-device":0.016756756750000004}},{"id":"이삭토스트석계역점","permalink":"","username":"asdfg","text":"항상맛있게먹고있어요bb","date":"Mon Dec 10 23:59:44 +0000 2018","retweets":"30","favorites":"20","mentions":[],"hashtags":[],"geo":"","raw":"항상맛있게먹고있어요bb","polarity":{"com":0,"pos":0.6666666665000001,"neg":0.3333333335,"neut":0,"none":0},"intensity":{"high":0.0555555555,"low":0.111111111,"meium":0.8333333334999999,"none":0},"expressive":{"dir-action":0,"dir-explicit":0.361111111,"dir-speech":0.638888889,"indirect":0,"writing-device":0}},{"id":"이삭토스트석계역점","permalink":"","username":"asdfg","text":"따뜻하게오고 맛있어요","date":"Mon Dec 10 23:59:44 +0000 2018","retweets":"30","favorites":"20","mentions":[],"hashtags":[],"geo":"","raw":"따뜻하게오고 맛있어요","polarity":{"com":0,"pos":0.5,"neg":0.3333333333333333,"neut":0.16666666666666666,"none":0},"intensity":{"high":0,"low":0,"meium":1,"none":0},"expressive":{"dir-action":0,"dir-explicit":0,"dir-speech":0.5,"indirect":0.5,"writing-device":0}},{"id":"이삭토스트석계역점","permalink":"","username":"asdfg","text":"너무좋아요ㅜㅜ맛있어요 이삭 짱","date":"Mon Dec 10 23:59:44 +0000 2018","retweets":"30","favorites":"20","mentions":[],"hashtags":[],"geo":"","raw":"너무좋아요ㅜㅜ맛있어요 이삭 짱","polarity":{"com":0.07142857150000001,"pos":0.07142857150000001,"neg":0.857142857,"neut":0,"none":0},"intensity":{"high":0.07142857150000001,"low":0.07142857150000001,"meium":0.857142857,"none":0},"expressive":{"dir-action":0,"dir-explicit":0.2857142855,"dir-speech":0.642857143,"indirect":0.0714285715,"writing-device":0}},{"id":"이삭토스트석계역점","permalink":"","username":"asdfg","text":"빨리 배달해주셔서 맛있는 토스트를 따뜻하게 먹을 수 있었습니다. 감사해요.\n같이 주문한 음료는 이중포장 센스로 한 방울도 새지 않고 잘 왔어요. ^^","date":"Mon Dec 10 23:59:44 +0000 2018","retweets":"30","favorites":"20","mentions":[],"hashtags":[],"geo":"","raw":"빨리 배달해주셔서 맛있는 토스트를 따뜻하게 먹을 수 있었습니다. 감사해요.\n같이 주문한 음료는 이중포장 센스로 한 방울도 새지 않고 잘 왔어요. ^^","polarity":{"com":0.00817589614460912,"pos":0.4413466850231457,"neg":0.42633474951992884,"neut":0.03164142879249459,"none":0.09250124051982168},"intensity":{"high":0.16879687528571427,"low":0.1423512007857143,"meium":0.5958289634999999,"none":0.09302296042857142},"expressive":{"dir-action":0.0020460773567044124,"dir-explicit":0.22853281959388583,"dir-speech":0.39655549955788094,"indirect":0.27907132094019904,"writing-device":0.09379428255132981}},{"id":"이삭토스트석계역점","permalink":"","username":"asdfg","text":"따뜻한토스트  맛있습니다","date":"Mon Dec 10 23:59:44 +0000 2018","retweets":"30","favorites":"20","mentions":[],"hashtags":[],"geo":"","raw":"따뜻한토스트  맛있습니다","polarity":{"com":0,"pos":0.5,"neg":0.5,"neut":0,"none":0},"intensity":{"high":0,"low":0,"meium":1,"none":0},"expressive":{"dir-action":0,"dir-explicit":0,"dir-speech":0.5,"indirect":0.5,"writing-device":0}},{"id":"이삭토스트석계역점","permalink":"","username":"asdfg","text":"개존맛탱이에영ㅋㅋㅋㅋㅋ","date":"Mon Dec 10 23:59:44 +0000 2018","retweets":"30","favorites":"20","mentions":[],"hashtags":[],"geo":"","raw":"개존맛탱이에영ㅋㅋㅋㅋㅋ","polarity":{"com":0,"pos":1,"neg":0,"neut":0,"none":0},"intensity":{"high":0,"low":0,"meium":1,"none":0},"expressive":{"dir-action":0,"dir-explicit":0,"dir-speech":0.5,"indirect":0.5,"writing-device":0}},{"id":"이삭토스트석계역점","permalink":"","username":"asdfg","text":"너무나도 맛있습니다. \n집에서 토스트를 먹을 수 있다는게 신세계~~!!^^","date":"Mon Dec 10 23:59:44 +0000 2018","retweets":"30","favorites":"20","mentions":[],"hashtags":[],"geo":"","raw":"너무나도 맛있습니다. \n집에서 토스트를 먹을 수 있다는게 신세계~~!!^^","polarity":{"com":0.008917197399999997,"pos":0.34284664379999996,"neg":0.46521639719999985,"neut":0.0430197616,"none":0.13999999999999996},"intensity":{"high":0.2521362078,"low":0.1070243346,"meium":0.5008394575999999,"none":0.13999999999999999},"expressive":{"dir-action":0.002547770798980892,"dir-explicit":0.35718601985712556,"dir-speech":0.43548913922580434,"indirect":0.06350318477459872,"writing-device":0.14127388534349045}},{"id":"이삭토스트석계역점","permalink":"","username":"asdfg","text":"두번째인데 엄청 맛있습니다","date":"Mon Dec 10 23:59:44 +0000 2018","retweets":"30","favorites":"20","mentions":[],"hashtags":[],"geo":"","raw":"두번째인데 엄청 맛있습니다","polarity":{"com":0.0114379085,"pos":0.1928104575,"neg":0.638888889,"neut":0.045751634,"none":0.111111111},"intensity":{"high":0.06372549003186273,"low":0.04084967302042484,"meium":0.7843137258921569,"none":0.11111111105555554},"expressive":{"dir-action":0,"dir-explicit":0.209150327,"dir-speech":0.6013071895,"indirect":0.068627451,"writing-device":0.1209150325}},{"id":"이삭토스트석계역점","permalink":"","username":"asdfg","text":"배달 빠르고 안식고 매우깔끔해요","date":"Mon Dec 10 23:59:44 +0000 2018","retweets":"30","favorites":"20","mentions":[],"hashtags":[],"geo":"","raw":"배달 빠르고 안식고 매우깔끔해요","polarity":{"com":0.008008007999999999,"pos":0.8708708709999999,"neg":0.10210210199999997,"neut":0.011011011,"none":0.008008007999999999},"intensity":{"high":0.3713713713333333,"low":0.028028028,"meium":0.5915915916666666,"none":0.009009009},"expressive":{"dir-action":0.001001001,"dir-explicit":0.215215215,"dir-speech":0.3633633633333333,"indirect":0.41141141166666667,"writing-device":0.009009009}},{"id":"이삭토스트석계역점","permalink":"","username":"asdfg","text":"주인사장님께\n너무 친철합니다","date":"Mon Dec 10 23:59:44 +0000 2018","retweets":"30","favorites":"20","mentions":[],"hashtags":[],"geo":"","raw":"주인사장님께\n너무 친철합니다","polarity":{"com":0.07142857150000001,"pos":0.07142857150000001,"neg":0.857142857,"neut":0,"none":0},"intensity":{"high":0.07142857150000001,"low":0.07142857150000001,"meium":0.857142857,"none":0},"expressive":{"dir-action":0,"dir-explicit":0.7857142855,"dir-speech":0.142857143,"indirect":0.0714285715,"writing-device":0}},{"id":"이삭토스트석계역점","permalink":"","username":"asdfg","text":"누나랑 잘먹었습니다.","date":"Mon Dec 10 23:59:44 +0000 2018","retweets":"30","favorites":"20","mentions":[],"hashtags":[],"geo":"","raw":"누나랑 잘먹었습니다.","polarity":{"com":0,"pos":0.7142857147142857,"neg":0.21428571421428572,"neut":0.07142857107142857,"none":0},"intensity":{"high":0,"low":0.214285714,"meium":0.785714286,"none":0},"expressive":{"dir-action":0,"dir-explicit":0.214285714,"dir-speech":0.142857143,"indirect":0.642857143,"writing-device":0}},{"id":"이삭토스트석계역점","permalink":"","username":"asdfg","text":"늘 맛있게 먹습니다^^","date":"Mon Dec 10 23:59:44 +0000 2018","retweets":"30","favorites":"20","mentions":[],"hashtags":[],"geo":"","raw":"늘 맛있게 먹습니다^^","polarity":{"com":0,"pos":0.1666666665,"neg":0.8333333334999999,"neut":0,"none":0},"intensity":{"high":0.0555555555,"low":0.111111111,"meium":0.8333333334999999,"none":0},"expressive":{"dir-action":0,"dir-explicit":0.111111111,"dir-speech":0.888888889,"indirect":0,"writing-device":0}},{"id":"이삭토스트석계역점","permalink":"","username":"asdfg","text":"항상 맛있어용~~ 잘먹었습니다^^","date":"Mon Dec 10 23:59:44 +0000 2018","retweets":"30","favorites":"20","mentions":[],"hashtags":[],"geo":"","raw":"항상 맛있어용~~ 잘먹었습니다^^","polarity":{"com":0,"pos":0.8571428574285714,"neg":0.10714285705357143,"neut":0.035714285517857144,"none":0},"intensity":{"high":0,"low":0.107142857,"meium":0.8928571430000001,"none":0},"expressive":{"dir-action":0,"dir-explicit":0.357142857,"dir-speech":0.3214285715,"indirect":0.3214285715,"writing-device":0}},{"id":"이삭토스트석계역점","permalink":"","username":"asdfg","text":"맛있고 빠르게 잘먹었습니다","date":"Mon Dec 10 23:59:44 +0000 2018","retweets":"30","favorites":"20","mentions":[],"hashtags":[],"geo":"","raw":"맛있고 빠르게 잘먹었습니다","polarity":{"com":0,"pos":0.5714285715238094,"neg":0.40476190480158736,"neut":0.023809523674603175,"none":0},"intensity":{"high":0,"low":0.18253968233333331,"meium":0.8174603176666667,"none":0},"expressive":{"dir-action":0,"dir-explicit":0.07142857133333333,"dir-speech":0.380952381,"indirect":0.5476190476666667,"writing-device":0}},{"id":"이삭토스트석계역점","permalink":"","username":"asdfg","text":"아근데  진짜 맛있음  추천하겠","date":"Mon Dec 10 23:59:44 +0000 2018","retweets":"30","favorites":"20","mentions":[],"hashtags":[],"geo":"","raw":"아근데  진짜 맛있음  추천하겠","polarity":{"com":0,"pos":1,"neg":0,"neut":0,"none":0},"intensity":{"high":0.25,"low":0,"meium":0.75,"none":0},"expressive":{"dir-action":0,"dir-explicit":0,"dir-speech":0.5,"indirect":0.5,"writing-device":0}},{"id":"이삭토스트석계역점","permalink":"","username":"asdfg","text":"배부르게 잘먹었습니당^0^ 맛있었어요!","date":"Mon Dec 10 23:59:44 +0000 2018","retweets":"30","favorites":"20","mentions":[],"hashtags":[],"geo":"","raw":"배부르게 잘먹었습니당^0^ 맛있었어요!","polarity":{"com":0,"pos":0.35714285717857136,"neg":0.6071428573035714,"neut":0.03571428551785714,"none":0},"intensity":{"high":0,"low":0.107142857,"meium":0.8928571430000001,"none":0},"expressive":{"dir-action":0,"dir-explicit":0.107142857,"dir-speech":0.5714285715,"indirect":0.3214285715,"writing-device":0}},{"id":"이삭토스트석계역점","permalink":"","username":"asdfg","text":"커피안흐르게 잘배달해주심","date":"Mon Dec 10 23:59:44 +0000 2018","retweets":"30","favorites":"20","mentions":[],"hashtags":[],"geo":"","raw":"커피안흐르게 잘배달해주심","polarity":{"com":0.006451613002150537,"pos":0.4934715821644905,"neg":0.37649129545883037,"neut":0.09343317969781105,"none":0.03015232967671744},"intensity":{"high":0.15076164866666666,"low":0.11013824866666665,"meium":0.708230927,"none":0.03086917566666666},"expressive":{"dir-action":0.002150537666666667,"dir-explicit":0.40525473633333337,"dir-speech":0.20832693300000002,"indirect":0.33328213,"writing-device":0.050985662999999994}},{"id":"이삭토스트석계역점","permalink":"","username":"asdfg","text":"정말 빠르고 맛있게 잘먹었습니다.","date":"Mon Dec 10 23:59:44 +0000 2018","retweets":"30","favorites":"20","mentions":[],"hashtags":[],"geo":"","raw":"정말 빠르고 맛있게 잘먹었습니다.","polarity":{"com":0,"pos":0.4880952381626984,"neg":0.40476190480158736,"neut":0.023809523674603175,"none":0.08333333336111111},"intensity":{"high":0.16666666666666666,"low":0.07142857133333333,"meium":0.6785714286666668,"none":0.08333333333333333},"expressive":{"dir-action":0,"dir-explicit":0.238095238,"dir-speech":0.4642857143333334,"indirect":0.21428571433333332,"writing-device":0.08333333333333333}},{"id":"이삭토스트석계역점","permalink":"","username":"asdfg","text":"따뜻한토스트넘맛있게먹었습니다^^  맛있습니다","date":"Mon Dec 10 23:59:44 +0000 2018","retweets":"30","favorites":"20","mentions":[],"hashtags":[],"geo":"","raw":"따뜻한토스트넘맛있게먹었습니다^^  맛있습니다","polarity":{"com":0,"pos":0.33333333325000003,"neg":0.66666666675,"neut":0,"none":0},"intensity":{"high":0.02777777775,"low":0.0555555555,"meium":0.91666666675,"none":0},"expressive":{"dir-action":0,"dir-explicit":0.0555555555,"dir-speech":0.6944444445,"indirect":0.25,"writing-device":0}},{"id":"이삭토스트석계역점","permalink":"","username":"asdfg","text":"배달 정말빠르구 토스트도 너무 따뜻해서 맛있게 잘먹었습니다^-^","date":"Mon Dec 10 23:59:44 +0000 2018","retweets":"30","favorites":"20","mentions":[],"hashtags":[],"geo":"","raw":"배달 정말빠르구 토스트도 너무 따뜻해서 맛있게 잘먹었습니다^-^","polarity":{"com":0.0011904761668650795,"pos":0.6547619047757937,"neg":0.2571428572095239,"neut":0.014285714169047621,"none":0.07261904767876985},"intensity":{"high":0.023809523833333332,"low":0.11031746016666666,"meium":0.7932539683333334,"none":0.07261904766666667},"expressive":{"dir-action":0,"dir-explicit":0.06666666665555555,"dir-speech":0.4071428570988095,"indirect":0.4547619047575397,"writing-device":0.07142857148809524}},{"id":"이삭토스트석계역점","permalink":"","username":"asdfg","text":"맛있어요 원래 갓구워진거먹으면 끝장나는데좀식어서왔어도맛있었어요","date":"Mon Dec 10 23:59:44 +0000 2018","retweets":"30","favorites":"20","mentions":[],"hashtags":[],"geo":"","raw":"맛있어요 원래 갓구워진거먹으면 끝장나는데좀식어서왔어도맛있었어요","polarity":{"com":0,"pos":0.3333333333333333,"neg":0.6666666666666666,"neut":0,"none":0},"intensity":{"high":0,"low":0,"meium":1,"none":0},"expressive":{"dir-action":0,"dir-explicit":0.13333333333333333,"dir-speech":0.7000000000000001,"indirect":0,"writing-device":0.16666666666666666}},{"id":"이삭토스트석계역점","permalink":"","username":"asdfg","text":"역시 이삭토스트 짱맛있어요\n근데 배달비는 너무 하드함","date":"Mon Dec 10 23:59:44 +0000 2018","retweets":"30","favorites":"20","mentions":[],"hashtags":[],"geo":"","raw":"역시 이삭토스트 짱맛있어요\n근데 배달비는 너무 하드함","polarity":{"com":0,"pos":0.5301587302120636,"neg":0.3015873017206349,"neut":0.08571428563428575,"none":0.08253968243301589},"intensity":{"high":0.0063492064012698425,"low":0.11428571422285715,"meium":0.796825396959365,"none":0.08253968241650794},"expressive":{"dir-action":0,"dir-explicit":0.29841269845968255,"dir-speech":0.60000000012,"indirect":0.015873015803174604,"writing-device":0.08571428561714287}},{"id":"이삭토스트석계역점","permalink":"","username":"asdfg","text":"넘 맛있어요~~ 배달도 빠르고 맛도있구요~ ㅎㅎ\n따뜻하게 바로 먹을수있어서 좋네요^^","date":"Mon Dec 10 23:59:44 +0000 2018","retweets":"30","favorites":"20","mentions":[],"hashtags":[],"geo":"","raw":"넘 맛있어요~~ 배달도 빠르고 맛도있구요~ ㅎㅎ\n따뜻하게 바로 먹을수있어서 좋네요^^","polarity":{"com":0.0009920634444444446,"pos":0.5698148147777778,"neg":0.23500000000000001,"neut":0.024338624444444446,"none":0.16985449733333335},"intensity":{"high":0.0803571428799603,"low":0.09955026465560553,"meium":0.6502380951499735,"none":0.16985449731446062},"expressive":{"dir-action":0,"dir-explicit":0.12949735445883304,"dir-speech":0.33869047625985454,"indirect":0.3619576719291064,"writing-device":0.16985449735220606}},{"id":"이삭토스트석계역점","permalink":"","username":"asdfg","text":"괜찮앗어요","date":"Mon Dec 10 23:59:44 +0000 2018","retweets":"30","favorites":"20","mentions":[],"hashtags":[],"geo":"","raw":"괜찮앗어요","polarity":{"com":null,"pos":null,"neg":null,"neut":null,"none":null},"intensity":{"high":null,"low":null,"meium":null,"none":null},"expressive":{"dir-action":null,"dir-explicit":null,"dir-speech":null,"indirect":null,"writing-device":null}},{"id":"이삭토스트석계역점","permalink":"","username":"asdfg","text":"토스트가 따뜻하게 잘 배달와서 맛있게 먹었습니다!!매장에서 바로 사먹은듯한 기분이었어요! 아메리카노도 맛있었어요! 많이 녹지도 않았고 맛도 있고 완전 만족스럽습니다~~ 잘먹었습니다!","date":"Mon Dec 10 23:59:44 +0000 2018","retweets":"30","favorites":"20","mentions":[],"hashtags":[],"geo":"","raw":"토스트가 따뜻하게 잘 배달와서 맛있게 먹었습니다!!매장에서 바로 사먹은듯한 기분이었어요! 아메리카노도 맛있었어요! 많이 녹지도 않았고 맛도 있고 완전 만족스럽습니다~~ 잘먹었습니다!","polarity":{"com":0.007298507750912313,"pos":0.40843009498855376,"neg":0.4055689224881961,"neut":0.09900156851237518,"none":0.07970090625996262},"intensity":{"high":0.07811938118749999,"low":0.1082562473125,"meium":0.7331777418125,"none":0.08044662968750001},"expressive":{"dir-action":0.00018768768751173048,"dir-explicit":0.2059632635753727,"dir-speech":0.4324469822145279,"indirect":0.28195990114262254,"writing-device":0.07944216537996514}},{"id":"이삭토스트석계역점","permalink":"","username":"asdfg","text":"배달도엄청빠른데, 엄청 뜨겁고 맛있게왔습니다 \n완전만족스러워요 앞으로 자주배달시킬 것 같아요👏🏻💕","date":"Mon Dec 10 23:59:44 +0000 2018","retweets":"30","favorites":"20","mentions":[],"hashtags":[],"geo":"","raw":"배달도엄청빠른데, 엄청 뜨겁고 맛있게왔습니다 \n완전만족스러워요 앞으로 자주배달시킬 것 같아요👏🏻💕","polarity":{"com":0,"pos":0.5392496391460752,"neg":0.3419191919658081,"neut":0.07337662339266235,"none":0.04545454549545455},"intensity":{"high":0.04523809529547619,"low":0.1865079364813492,"meium":0.72279942272772,"none":0.045454545495454544},"expressive":{"dir-action":0.005555555598333333,"dir-explicit":0.2256854257322944,"dir-speech":0.4832611831550216,"indirect":0.223376623332987,"writing-device":0.062121212181363634}},{"id":"이삭토스트석계역점","permalink":"","username":"asdfg","text":"맛있네요\n배달도 빠르고요","date":"Mon Dec 10 23:59:44 +0000 2018","retweets":"30","favorites":"20","mentions":[],"hashtags":[],"geo":"","raw":"맛있네요\n배달도 빠르고요","polarity":{"com":0,"pos":0.42857142866666664,"neg":0.5714285713333332,"neut":0,"none":0},"intensity":{"high":0.14285714295238094,"low":0.20634920626455028,"meium":0.6507936507830687,"none":0},"expressive":{"dir-action":0,"dir-explicit":0.09523809533333333,"dir-speech":0.380952381,"indirect":0.5238095236666667,"writing-device":0}},{"id":"이삭토스트석계역점","permalink":"","username":"asdfg","text":"처음주문이라서   맛있을까했는데  맛있습니다   자주이용할것같아요^^","date":"Mon Dec 10 23:59:44 +0000 2018","retweets":"30","favorites":"20","mentions":[],"hashtags":[],"geo":"","raw":"처음주문이라서   맛있을까했는데  맛있습니다   자주이용할것같아요^^","polarity":{"com":0.02531817327848052,"pos":0.31813435919481875,"neg":0.47563246829267647,"neut":0.03591112513259682,"none":0.14500387410142745},"intensity":{"high":0.03462764414285714,"low":0.17259087542857143,"meium":0.6461355701428572,"none":0.14664591028571428},"expressive":{"dir-action":0.0016420361426225662,"dir-explicit":0.16252310754821098,"dir-speech":0.603828156056596,"indirect":0.07927559741724634,"writing-device":0.15273110283532412}},{"id":"이삭토스트석계역점","permalink":"","username":"asdfg","text":"배달빠르고 친절허시네요...무엇보다 맛이 좋아요..빵이 바삭했어요... 잘먹었습니다","date":"Mon Dec 10 23:59:44 +0000 2018","retweets":"30","favorites":"20","mentions":[],"hashtags":[],"geo":"","raw":"배달빠르고 친절허시네요...무엇보다 맛이 좋아요..빵이 바삭했어요... 잘먹었습니다","polarity":{"com":0.04500836142857143,"pos":0.6787827457142857,"neg":0.16971747,"neut":0.03264283071428571,"none":0.07384859214285713},"intensity":{"high":0.09905666770013477,"low":0.0732687265609616,"meium":0.7385676378944903,"none":0.08910696784441328},"expressive":{"dir-action":0.0022713627146101942,"dir-explicit":0.2374327776053475,"dir-speech":0.48437299992633903,"indirect":0.18353181974050453,"writing-device":0.0923910400131987}},{"id":"이삭토스트석계역점","permalink":"","username":"asdfg","text":"맛있어요~~^^\n배달도좋아요","date":"Mon Dec 10 23:59:44 +0000 2018","retweets":"30","favorites":"20","mentions":[],"hashtags":[],"geo":"","raw":"맛있어요~~^^\n배달도좋아요","polarity":{"com":0,"pos":0.64,"neg":0.3466666666666667,"neut":0,"none":0.013333333333333334},"intensity":{"high":0.06666666666666667,"low":0.013333333333333334,"meium":0.9066666666666666,"none":0.013333333333333334},"expressive":{"dir-action":0,"dir-explicit":0.19999999999999996,"dir-speech":0.7333333333333333,"indirect":0.05333333333333333,"writing-device":0.013333333333333332}},{"id":"이삭토스트석계역점","permalink":"","username":"asdfg","text":"맛잇어","date":"Mon Dec 10 23:59:44 +0000 2018","retweets":"30","favorites":"20","mentions":[],"hashtags":[],"geo":"","raw":"맛잇어","polarity":{"com":0,"pos":1,"neg":0,"neut":0,"none":0},"intensity":{"high":0,"low":0,"meium":1,"none":0},"expressive":{"dir-action":0,"dir-explicit":0,"dir-speech":1,"indirect":0,"writing-device":0}},{"id":"이삭토스트석계역점","permalink":"","username":"asdfg","text":"배달도 빠르고 토스트도 따뜻하고 맛있게 왔어요~ 잘먹었습니다~^-^","date":"Mon Dec 10 23:59:44 +0000 2018","retweets":"30","favorites":"20","mentions":[],"hashtags":[],"geo":"","raw":"배달도 빠르고 토스트도 따뜻하고 맛있게 왔어요~ 잘먹었습니다~^-^","polarity":{"com":0.004452411572064631,"pos":0.6283324140897618,"neg":0.2641662070377381,"neut":0.03737206586248173,"none":0.06567690143795385},"intensity":{"high":0.07752650614285714,"low":0.12697799828571427,"meium":0.7293895937142858,"none":0.06610590185714285},"expressive":{"dir-action":0.0004290004284488571,"dir-explicit":0.1629833915248619,"dir-speech":0.42307409445055033,"indirect":0.3484280199004492,"writing-device":0.06508549369568986}},{"id":"이삭토스트석계역점","permalink":"","username":"asdfg","text":"배달 빠르고 좋아용","date":"Mon Dec 10 23:59:44 +0000 2018","retweets":"30","favorites":"20","mentions":[],"hashtags":[],"geo":"","raw":"배달 빠르고 좋아용","polarity":{"com":0,"pos":0.96,"neg":0.02,"neut":0,"none":0.02},"intensity":{"high":0.1,"low":0.02,"meium":0.86,"none":0.02},"expressive":{"dir-action":0,"dir-explicit":0.30000000000000004,"dir-speech":0.6000000000000001,"indirect":0.08000000000000002,"writing-device":0.020000000000000004}},{"id":"이삭토스트석계역점","permalink":"","username":"asdfg","text":"맛있게 잘 먹었습니다","date":"Mon Dec 10 23:59:44 +0000 2018","retweets":"30","favorites":"20","mentions":[],"hashtags":[],"geo":"","raw":"맛있게 잘 먹었습니다","polarity":{"com":0,"pos":0.35714285717857136,"neg":0.6071428573035714,"neut":0.03571428551785714,"none":0},"intensity":{"high":0,"low":0.107142857,"meium":0.8928571430000001,"none":0},"expressive":{"dir-action":0,"dir-explicit":0.107142857,"dir-speech":0.5714285715,"indirect":0.3214285715,"writing-device":0}},{"id":"이삭토스트석계역점","permalink":"","username":"asdfg","text":"맛잇어","date":"Mon Dec 10 23:59:44 +0000 2018","retweets":"30","favorites":"20","mentions":[],"hashtags":[],"geo":"","raw":"맛잇어","polarity":{"com":0,"pos":1,"neg":0,"neut":0,"none":0},"intensity":{"high":0,"low":0,"meium":1,"none":0},"expressive":{"dir-action":0,"dir-explicit":0,"dir-speech":1,"indirect":0,"writing-device":0}},{"id":"이삭토스트석계역점","permalink":"","username":"asdfg","text":"굳굳굳굳굳굳굳ㅎㅎㅎㅎㅎㅎㅎ","date":"Mon Dec 10 23:59:44 +0000 2018","retweets":"30","favorites":"20","mentions":[],"hashtags":[],"geo":"","raw":"굳굳굳굳굳굳굳ㅎㅎㅎㅎㅎㅎㅎ","polarity":{"com":null,"pos":null,"neg":null,"neut":null,"none":null},"intensity":{"high":null,"low":null,"meium":null,"none":null},"expressive":{"dir-action":null,"dir-explicit":null,"dir-speech":null,"indirect":null,"writing-device":null}}]