[{"id":"반올림피자샵 경기하남점","permalink":"","username":"asdfg","text":"역시 피자는 반올림이에요 !!!고구마 피자 너무 맛있었고 스파게티도 맛있었어요 !","date":"Mon Dec 10 23:59:44 +0000 2018","retweets":"30","favorites":"20","mentions":[],"hashtags":[],"geo":"","raw":"역시 피자는 반올림이에요 !!!고구마 피자 너무 맛있었고 스파게티도 맛있었어요 !","polarity":{"com":0.03750000001875,"pos":0.25198412687599203,"neg":0.38769841294384927,"neut":0.11071428555535716,"none":0.21210317460605158},"intensity":{"high":0.07936507951984126,"low":0.2071428570517857,"meium":0.5013888888753472,"none":0.2121031745530258},"expressive":{"dir-action":0,"dir-explicit":0.31230158725,"dir-speech":0.3964285715,"indirect":0.076984127,"writing-device":0.21428571425}},{"id":"반올림피자샵 경기하남점","permalink":"","username":"asdfg","text":"너무맛나요자주시켜켜먹을께요 ","date":"Mon Dec 10 23:59:44 +0000 2018","retweets":"30","favorites":"20","mentions":[],"hashtags":[],"geo":"","raw":"너무맛나요자주시켜켜먹을께요 ","polarity":{"com":0.047619047666666664,"pos":0.30687830666666666,"neg":0.6455026456666667,"neut":0,"none":0},"intensity":{"high":0.1402116402865961,"low":0.1402116402865961,"meium":0.7195767194268078,"none":0},"expressive":{"dir-action":0.018518518666666667,"dir-explicit":0.39417989400000003,"dir-speech":0.4285714286666667,"indirect":0.15873015866666665,"writing-device":0}},{"id":"반올림피자샵 경기하남점","permalink":"","username":"asdfg","text":"너무 맛았어요 근데 스파케티가 조금 뷸어서 온것같아요","date":"Mon Dec 10 23:59:44 +0000 2018","retweets":"30","favorites":"20","mentions":[],"hashtags":[],"geo":"","raw":"너무 맛았어요 근데 스파케티가 조금 뷸어서 온것같아요","polarity":{"com":0.036013824992797226,"pos":0.3321219103335756,"neg":0.3789791927242041,"neut":0.1510274403697945,"none":0.10185763157962846},"intensity":{"high":0.088671275,"low":0.07322580639999998,"meium":0.7340294649999999,"none":0.10407345359999998},"expressive":{"dir-action":0.0012903225997419356,"dir-explicit":0.30662686773867465,"dir-speech":0.31493122473701374,"indirect":0.2752939533449412,"writing-device":0.10185763157962846}},{"id":"반올림피자샵 경기하남점","permalink":"","username":"asdfg","text":"맛있습니다. 근데 앞에서 전화달라는 요청은 전달이 안됐나보네요. 개짖는 소리때문에 제가 먼저 나가서 받으려했는데요","date":"Mon Dec 10 23:59:44 +0000 2018","retweets":"30","favorites":"20","mentions":[],"hashtags":[],"geo":"","raw":"맛있습니다. 근데 앞에서 전화달라는 요청은 전달이 안됐나보네요. 개짖는 소리때문에 제가 먼저 나가서 받으려했는데요","polarity":{"com":0.008412256416666665,"pos":0.3980343355833333,"neg":0.5162526886666666,"neut":0.047372142416666665,"none":0.02992857691666666},"intensity":{"high":0.074984106089582,"low":0.15372078501281006,"meium":0.7400415703950035,"none":0.031253538502604455},"expressive":{"dir-action":0.00132496158355416,"dir-explicit":0.19933581919988932,"dir-speech":0.5351428508391904,"indirect":0.21234325870205725,"writing-device":0.05185310967530886}},{"id":"반올림피자샵 경기하남점","permalink":"","username":"asdfg","text":"정말어이없어요  친구들이랑 저녁대신 피자 먹을랬는데 시킨지 한시간 반이 지나서 오고 배달하는 사람은 전화도 안받는건 물론 피자가 다 식어서 딱딱한 밀가루 맛으로 변하고.. 정말 화가나네요.. ","date":"Mon Dec 10 23:59:44 +0000 2018","retweets":"30","favorites":"20","mentions":[],"hashtags":[],"geo":"","raw":"정말어이없어요  친구들이랑 저녁대신 피자 먹을랬는데 시킨지 한시간 반이 지나서 오고 배달하는 사람은 전화도 안받는건 물론 피자가 다 식어서 딱딱한 밀가루 맛으로 변하고.. 정말 화가나네요.. ","polarity":{"com":0.0064086800476190475,"pos":0.4515784994285714,"neg":0.36650121580952383,"neut":0.018894423142857143,"none":0.15661718157142857},"intensity":{"high":0.17394884551552625,"low":0.0613229860446989,"meium":0.6063233748758893,"none":0.15840479356388548},"expressive":{"dir-action":0.03264615281107839,"dir-explicit":0.29190425834723355,"dir-speech":0.2759041278226621,"indirect":0.2387528543447025,"writing-device":0.16079260667432344}},{"id":"반올림피자샵 경기하남점","permalink":"","username":"asdfg","text":"너무 맛있습니다~~^^","date":"Mon Dec 10 23:59:44 +0000 2018","retweets":"30","favorites":"20","mentions":[],"hashtags":[],"geo":"","raw":"너무 맛있습니다~~^^","polarity":{"com":0.142857143,"pos":0.142857143,"neg":0.714285714,"neut":0,"none":0},"intensity":{"high":0.142857143,"low":0.142857143,"meium":0.714285714,"none":0},"expressive":{"dir-action":0,"dir-explicit":0.5714285710000001,"dir-speech":0.28571428600000004,"indirect":0.14285714300000002,"writing-device":0}},{"id":"반올림피자샵 경기하남점","permalink":"","username":"asdfg","text":"너무나  맛있게  잘먹었습니다","date":"Mon Dec 10 23:59:44 +0000 2018","retweets":"30","favorites":"20","mentions":[],"hashtags":[],"geo":"","raw":"너무나  맛있게  잘먹었습니다","polarity":{"com":0,"pos":0.3571428571785714,"neg":0.4821428572410714,"neut":0.16071428558035714,"none":0},"intensity":{"high":0.5,"low":0.107142857,"meium":0.392857143,"none":0},"expressive":{"dir-action":0,"dir-explicit":0.482142857,"dir-speech":0.0714285715,"indirect":0.4464285715,"writing-device":0}},{"id":"반올림피자샵 경기하남점","permalink":"","username":"asdfg","text":"맛있어요~ 또시켜먹을게요~","date":"Mon Dec 10 23:59:44 +0000 2018","retweets":"30","favorites":"20","mentions":[],"hashtags":[],"geo":"","raw":"맛있어요~ 또시켜먹을게요~","polarity":{"com":0,"pos":0.1587301586137566,"neg":0.6984126984338624,"neut":0,"none":0.14285714295238094},"intensity":{"high":0.037037037,"low":0.074074074,"meium":0.746031746,"none":0.142857143},"expressive":{"dir-action":0,"dir-explicit":0.12169312166666667,"dir-speech":0.687830688,"indirect":0,"writing-device":0.19047619033333332}},{"id":"반올림피자샵 경기하남점","permalink":"","username":"asdfg","text":"피자와 훈제치킨 맛있게 잘 먹었습니다.","date":"Mon Dec 10 23:59:44 +0000 2018","retweets":"30","favorites":"20","mentions":[],"hashtags":[],"geo":"","raw":"피자와 훈제치킨 맛있게 잘 먹었습니다.","polarity":{"com":0,"pos":0.4464285714821428,"neg":0.48809523816269845,"neut":0.06547619035515873,"none":0},"intensity":{"high":0.0625,"low":0.11309523799999999,"meium":0.824404762,"none":0},"expressive":{"dir-action":0,"dir-explicit":0.175595238,"dir-speech":0.5059523810000001,"indirect":0.318452381,"writing-device":0}},{"id":"반올림피자샵 경기하남점","permalink":"","username":"asdfg","text":"피자는 여기가 최고","date":"Mon Dec 10 23:59:44 +0000 2018","retweets":"30","favorites":"20","mentions":[],"hashtags":[],"geo":"","raw":"피자는 여기가 최고","polarity":{"com":0.008928571504464284,"pos":0.3640873016820436,"neg":0.48611111124305556,"neut":0.0877976190438988,"none":0.0530753965265377},"intensity":{"high":0.09623015900000001,"low":0.17261904749999998,"meium":0.673611111,"none":0.0575396825},"expressive":{"dir-action":0,"dir-explicit":0.2668650795,"dir-speech":0.4895833335,"indirect":0.1825396825,"writing-device":0.0610119045}}]