[{"id":"피자에땅-공릉점","permalink":"","username":"asdfg","text":"다신안먹을거임....","date":"Mon Dec 10 23:59:44 +0000 2018","retweets":"30","favorites":"20","mentions":[],"hashtags":[],"geo":"","raw":"다신안먹을거임....","polarity":{"com":0,"pos":0.34920634899999997,"neg":0.5555555556666666,"neut":0,"none":0.09523809533333333},"intensity":{"high":0.13227513228924162,"low":0.07407407397530864,"meium":0.6984126984338624,"none":0.09523809530158729},"expressive":{"dir-action":0,"dir-explicit":0.21693121692768957,"dir-speech":0.521164021159612,"indirect":0,"writing-device":0.2619047619126984}},{"id":"피자에땅-공릉점","permalink":"","username":"asdfg","text":"맛은 그럭저럭 이지만 배달은 퀵이네여ㅋㅋ","date":"Mon Dec 10 23:59:44 +0000 2018","retweets":"30","favorites":"20","mentions":[],"hashtags":[],"geo":"","raw":"맛은 그럭저럭 이지만 배달은 퀵이네여ㅋㅋ","polarity":{"com":0,"pos":1,"neg":0,"neut":0,"none":0},"intensity":{"high":0,"low":0,"meium":1,"none":0},"expressive":{"dir-action":0,"dir-explicit":0,"dir-speech":1,"indirect":0,"writing-device":0}},{"id":"피자에땅-공릉점","permalink":"","username":"asdfg","text":"배송도 빠르고 맛있게 잘먹었네요","date":"Mon Dec 10 23:59:44 +0000 2018","retweets":"30","favorites":"20","mentions":[],"hashtags":[],"geo":"","raw":"배송도 빠르고 맛있게 잘먹었네요","polarity":{"com":0.0023809523341269843,"pos":0.3095238094365079,"neg":0.514285714504762,"neut":0.028571428342857145,"none":0.14523809538174604},"intensity":{"high":0.04761904766666666,"low":0.10952380933333332,"meium":0.6976190476666666,"none":0.14523809533333332},"expressive":{"dir-action":0,"dir-explicit":0.13333333328888888,"dir-speech":0.48095238083968256,"indirect":0.24285714291904759,"writing-device":0.14285714295238094}},{"id":"피자에땅-공릉점","permalink":"","username":"asdfg","text":"맛있었고 배달 빨랐습니다.","date":"Mon Dec 10 23:59:44 +0000 2018","retweets":"30","favorites":"20","mentions":[],"hashtags":[],"geo":"","raw":"맛있었고 배달 빨랐습니다.","polarity":{"com":0,"pos":0.5,"neg":0.5,"neut":0,"none":0},"intensity":{"high":0,"low":0,"meium":1,"none":0},"expressive":{"dir-action":0,"dir-explicit":0,"dir-speech":1,"indirect":0,"writing-device":0}},{"id":"피자에땅-공릉점","permalink":"","username":"asdfg","text":"너무맛있었어요~!!!!!","date":"Mon Dec 10 23:59:44 +0000 2018","retweets":"30","favorites":"20","mentions":[],"hashtags":[],"geo":"","raw":"너무맛있었어요~!!!!!","polarity":{"com":0.142857143,"pos":0.142857143,"neg":0.714285714,"neut":0,"none":0},"intensity":{"high":0.142857143,"low":0.142857143,"meium":0.714285714,"none":0},"expressive":{"dir-action":0,"dir-explicit":0.5714285710000001,"dir-speech":0.28571428600000004,"indirect":0.14285714300000002,"writing-device":0}},{"id":"피자에땅-공릉점","permalink":"","username":"asdfg","text":"맛있어요 피자에땅 지점마다 맛이 다르겠지만 요기 맛있음!","date":"Mon Dec 10 23:59:44 +0000 2018","retweets":"30","favorites":"20","mentions":[],"hashtags":[],"geo":"","raw":"맛있어요 피자에땅 지점마다 맛이 다르겠지만 요기 맛있음!","polarity":{"com":0.0061674008,"pos":0.38634361240000004,"neg":0.5881057268000001,"neut":0.0176211454,"none":0.0017621146000000002},"intensity":{"high":0.021145374404229075,"low":0.026431718005286344,"meium":0.9497797357899559,"none":0.0026431718005286344},"expressive":{"dir-action":0.0008810572001762114,"dir-explicit":0.18281938323656388,"dir-speech":0.5722466961144493,"indirect":0.24140969164828194,"writing-device":0.0026431718005286344}},{"id":"피자에땅-공릉점","permalink":"","username":"asdfg","text":"맛있어요~\n떡볶이가 특이하게 맛나네요~\n피자도 맛있고 도우도 얇고 담백하니 좋은데..\n다만 피자에 치즈가 너무 없네요ㅜㅜ","date":"Mon Dec 10 23:59:44 +0000 2018","retweets":"30","favorites":"20","mentions":[],"hashtags":[],"geo":"","raw":"맛있어요~\n떡볶이가 특이하게 맛나네요~\n피자도 맛있고 도우도 얇고 담백하니 좋은데..\n다만 피자에 치즈가 너무 없네요ㅜㅜ","polarity":{"com":0.010254212636363638,"pos":0.4093295581818182,"neg":0.3524492521818182,"neut":0.032248491272727275,"none":0.19571848572727274},"intensity":{"high":0.2076675353447575,"low":0.07092342153900695,"meium":0.5227160644070259,"none":0.19869297870920974},"expressive":{"dir-action":0.0008595105452982709,"dir-explicit":0.3431730767557867,"dir-speech":0.27484599804093707,"indirect":0.18378079233022165,"writing-device":0.1973406223277562}},{"id":"피자에땅-공릉점","permalink":"","username":"asdfg","text":"좋아요 자주시켜먹을게요","date":"Mon Dec 10 23:59:44 +0000 2018","retweets":"30","favorites":"20","mentions":[],"hashtags":[],"geo":"","raw":"좋아요 자주시켜먹을게요","polarity":{"com":0,"pos":0.5659259256666668,"neg":0.420740741,"neut":0,"none":0.013333333333333334},"intensity":{"high":0.1592592592802469,"low":0.10592592596469136,"meium":0.7214814814261729,"none":0.01333333332888889},"expressive":{"dir-action":0.018518518666666667,"dir-explicit":0.4037037036666667,"dir-speech":0.4000000000000001,"indirect":0.16444444433333336,"writing-device":0.013333333333333334}},{"id":"피자에땅-공릉점","permalink":"","username":"asdfg","text":"마불피자 처음 먹어봤는데 맛있네요, 마늘과 불고기의 만남~ 딱이죠^^","date":"Mon Dec 10 23:59:44 +0000 2018","retweets":"30","favorites":"20","mentions":[],"hashtags":[],"geo":"","raw":"마불피자 처음 먹어봤는데 맛있네요, 마늘과 불고기의 만남~ 딱이죠^^","polarity":{"com":0.03874051432687658,"pos":0.3288393874451935,"neg":0.5395549209100743,"neut":0.031076996828153836,"none":0.06178818048970197},"intensity":{"high":0.057602832500000006,"low":0.07033102966666667,"meium":0.8102779573333334,"none":0.061788180500000005},"expressive":{"dir-action":0,"dir-explicit":0.3674806877720865,"dir-speech":0.3658813952723531,"indirect":0.20158176263306968,"writing-device":0.06505615432249065}},{"id":"피자에땅-공릉점","permalink":"","username":"asdfg","text":"맛도좋고 다 좋은데 배달왔더니 피자 왜 저꼴인가요?","date":"Mon Dec 10 23:59:44 +0000 2018","retweets":"30","favorites":"20","mentions":[],"hashtags":[],"geo":"","raw":"맛도좋고 다 좋은데 배달왔더니 피자 왜 저꼴인가요?","polarity":{"com":0.0038126361666666665,"pos":0.6699844381666665,"neg":0.21962962966666666,"neut":0.015250544666666666,"none":0.09132275133333333},"intensity":{"high":0.2688608776666666,"low":0.020283224333333336,"meium":0.6195331466666666,"none":0.09132275133333333},"expressive":{"dir-action":0,"dir-explicit":0.24114534712647576,"dir-speech":0.614721444064213,"indirect":0.049542483658409596,"writing-device":0.09459072515090154}},{"id":"피자에땅-공릉점","permalink":"","username":"asdfg","text":"앙 피자이 앙 배달이 앙 달피자","date":"Mon Dec 10 23:59:44 +0000 2018","retweets":"30","favorites":"20","mentions":[],"hashtags":[],"geo":"","raw":"앙 피자이 앙 배달이 앙 달피자","polarity":{"com":0,"pos":1,"neg":0,"neut":0,"none":0},"intensity":{"high":0,"low":0,"meium":1,"none":0},"expressive":{"dir-action":0,"dir-explicit":0,"dir-speech":0.5,"indirect":0.5,"writing-device":0}},{"id":"피자에땅-공릉점","permalink":"","username":"asdfg","text":"달피자 존맛탱 레귤러가 맛있어여 라지는 빵이 커서 그런가","date":"Mon Dec 10 23:59:44 +0000 2018","retweets":"30","favorites":"20","mentions":[],"hashtags":[],"geo":"","raw":"달피자 존맛탱 레귤러가 맛있어여 라지는 빵이 커서 그런가","polarity":{"com":0.002976190500496031,"pos":0.4963624339160604,"neg":0.4120370370686728,"neut":0.029265873004877634,"none":0.05935846550989307},"intensity":{"high":0.08763227516666668,"low":0.08531746033333333,"meium":0.7662037036666667,"none":0.06084656083333334},"expressive":{"dir-action":0,"dir-explicit":0.10284391535047399,"dir-speech":0.5520833334253472,"indirect":0.2830687830471781,"writing-device":0.06200396817700066}},{"id":"피자에땅-공릉점","permalink":"","username":"asdfg","text":"살-짝 매콤한 맛이 있어요 전 좋은데 애들은 좀 매워하네요","date":"Mon Dec 10 23:59:44 +0000 2018","retweets":"30","favorites":"20","mentions":[],"hashtags":[],"geo":"","raw":"살-짝 매콤한 맛이 있어요 전 좋은데 애들은 좀 매워하네요","polarity":{"com":0.004707513571428572,"pos":0.49312833242857146,"neg":0.28100294171428575,"neut":0.15267818842857145,"none":0.06848302385714286},"intensity":{"high":0.02267956728571429,"low":0.16252221614285714,"meium":0.7458861922857143,"none":0.06891202428571429},"expressive":{"dir-action":0.0004290004285714286,"dir-explicit":0.1441058404285714,"dir-speech":0.47077817614285716,"indirect":0.3157749587142857,"writing-device":0.06891202428571429}},{"id":"피자에땅-공릉점","permalink":"","username":"asdfg","text":"맛있어요!!! 핫치킨 넘넘 맛있어요 추천합니당","date":"Mon Dec 10 23:59:44 +0000 2018","retweets":"30","favorites":"20","mentions":[],"hashtags":[],"geo":"","raw":"맛있어요!!! 핫치킨 넘넘 맛있어요 추천합니당","polarity":{"com":0,"pos":0.3333333333333333,"neg":0.6666666666666666,"neut":0,"none":0},"intensity":{"high":0.16666666666666666,"low":0,"meium":0.8333333333333334,"none":0},"expressive":{"dir-action":0,"dir-explicit":0,"dir-speech":0.6666666666666666,"indirect":0.3333333333333333,"writing-device":0}},{"id":"피자에땅-공릉점","permalink":"","username":"asdfg","text":"잘먹엇습니다 ㅎㅎㅎㅎㅎ","date":"Mon Dec 10 23:59:44 +0000 2018","retweets":"30","favorites":"20","mentions":[],"hashtags":[],"geo":"","raw":"잘먹엇습니다 ㅎㅎㅎㅎㅎ","polarity":{"com":null,"pos":null,"neg":null,"neut":null,"none":null},"intensity":{"high":null,"low":null,"meium":null,"none":null},"expressive":{"dir-action":null,"dir-explicit":null,"dir-speech":null,"indirect":null,"writing-device":null}},{"id":"피자에땅-공릉점","permalink":"","username":"asdfg","text":"피자 ㄹㅇ 맛있음ㅇㅇ","date":"Mon Dec 10 23:59:44 +0000 2018","retweets":"30","favorites":"20","mentions":[],"hashtags":[],"geo":"","raw":"피자 ㄹㅇ 맛있음ㅇㅇ","polarity":{"com":0,"pos":0,"neg":1,"neut":0,"none":0},"intensity":{"high":0,"low":0,"meium":1,"none":0},"expressive":{"dir-action":0,"dir-explicit":0,"dir-speech":1,"indirect":0,"writing-device":0}},{"id":"피자에땅-공릉점","permalink":"","username":"asdfg","text":"배달도 빠르고 맛도 겁나맛있음~~^^","date":"Mon Dec 10 23:59:44 +0000 2018","retweets":"30","favorites":"20","mentions":[],"hashtags":[],"geo":"","raw":"배달도 빠르고 맛도 겁나맛있음~~^^","polarity":{"com":0,"pos":0.6,"neg":0.2,"neut":0.2,"none":0},"intensity":{"high":0,"low":0.06666666660000001,"meium":0.9333333334,"none":0},"expressive":{"dir-action":0,"dir-explicit":0,"dir-speech":0.6,"indirect":0.4,"writing-device":0}},{"id":"피자에땅-공릉점","permalink":"","username":"asdfg","text":"맛있게 잘 먹었습니다","date":"Mon Dec 10 23:59:44 +0000 2018","retweets":"30","favorites":"20","mentions":[],"hashtags":[],"geo":"","raw":"맛있게 잘 먹었습니다","polarity":{"com":0,"pos":0.35714285717857136,"neg":0.6071428573035714,"neut":0.03571428551785714,"none":0},"intensity":{"high":0,"low":0.107142857,"meium":0.8928571430000001,"none":0},"expressive":{"dir-action":0,"dir-explicit":0.107142857,"dir-speech":0.5714285715,"indirect":0.3214285715,"writing-device":0}},{"id":"피자에땅-공릉점","permalink":"","username":"asdfg","text":"1시간 걸려 먹었고 맛도 별로....ㅠㅠ","date":"Mon Dec 10 23:59:44 +0000 2018","retweets":"30","favorites":"20","mentions":[],"hashtags":[],"geo":"","raw":"1시간 걸려 먹었고 맛도 별로....ㅠㅠ","polarity":{"com":0,"pos":0.39583333325000003,"neg":0.47916666674999997,"neut":0,"none":0.125},"intensity":{"high":0.09027777775,"low":0.0555555555,"meium":0.72916666675,"none":0.125},"expressive":{"dir-action":0,"dir-explicit":0.11805555549999999,"dir-speech":0.6944444445,"indirect":0.0625,"writing-device":0.125}},{"id":"피자에땅-공릉점","permalink":"","username":"asdfg","text":"피자에땅 처음 시켰는데 진짜 맛나요 특히 핫소스?맛나 가운데 있는 소스 진짜 맛나요!! 다른데 피자 많이 시켜봤는데 타사보다 제일 이미지랑도 똑같고 짱이예용!!!","date":"Mon Dec 10 23:59:44 +0000 2018","retweets":"30","favorites":"20","mentions":[],"hashtags":[],"geo":"","raw":"피자에땅 처음 시켰는데 진짜 맛나요 특히 핫소스?맛나 가운데 있는 소스 진짜 맛나요!! 다른데 피자 많이 시켜봤는데 타사보다 제일 이미지랑도 똑같고 짱이예용!!!","polarity":{"com":0.003909036,"pos":0.5487741241666667,"neg":0.229336381,"neut":0.0249347365,"none":0.19304572233333336},"intensity":{"high":0.054991128254582584,"low":0.1587976074298998,"meium":0.5927984347993999,"none":0.1934128295161178},"expressive":{"dir-action":0.00036710716669725895,"dir-explicit":0.12098294401008192,"dir-speech":0.4143455149511955,"indirect":0.2756535091063045,"writing-device":0.18865092476572096}},{"id":"피자에땅-공릉점","permalink":"","username":"asdfg","text":"맛있게 잘먹었어요!!맛있습니다 ㅎㅎ","date":"Mon Dec 10 23:59:44 +0000 2018","retweets":"30","favorites":"20","mentions":[],"hashtags":[],"geo":"","raw":"맛있게 잘먹었어요!!맛있습니다 ㅎㅎ","polarity":{"com":0,"pos":0.23809523807936508,"neg":0.7380952382460317,"neut":0.023809523674603175,"none":0},"intensity":{"high":0,"low":0.07142857133333333,"meium":0.9285714286666668,"none":0},"expressive":{"dir-action":0,"dir-explicit":0.07142857133333333,"dir-speech":0.7142857143333333,"indirect":0.21428571433333332,"writing-device":0}},{"id":"피자에땅-공릉점","permalink":"","username":"asdfg","text":"요기요에서는 처음 시켜봤네요\n좋아요~","date":"Mon Dec 10 23:59:44 +0000 2018","retweets":"30","favorites":"20","mentions":[],"hashtags":[],"geo":"","raw":"요기요에서는 처음 시켜봤네요\n좋아요~","polarity":{"com":0,"pos":0.96,"neg":0.02,"neut":0,"none":0.02},"intensity":{"high":0.1,"low":0.02,"meium":0.86,"none":0.02},"expressive":{"dir-action":0,"dir-explicit":0.3,"dir-speech":0.1,"indirect":0.58,"writing-device":0.02}},{"id":"피자에땅-공릉점","permalink":"","username":"asdfg","text":"맛잇습니다 배달도 나름 빨랏던거 같구요","date":"Mon Dec 10 23:59:44 +0000 2018","retweets":"30","favorites":"20","mentions":[],"hashtags":[],"geo":"","raw":"맛잇습니다 배달도 나름 빨랏던거 같구요","polarity":{"com":0,"pos":0.5714285715,"neg":0.42857142849999996,"neut":0,"none":0},"intensity":{"high":0.10714285722321429,"low":0.07142857148214285,"meium":0.8214285712946429,"none":0},"expressive":{"dir-action":0,"dir-explicit":0.3214285715,"dir-speech":0.28571428575,"indirect":0.14285714275,"writing-device":0.25}},{"id":"피자에땅-공릉점","permalink":"","username":"asdfg","text":"오호홍 밋있고 조아용","date":"Mon Dec 10 23:59:44 +0000 2018","retweets":"30","favorites":"20","mentions":[],"hashtags":[],"geo":"","raw":"오호홍 밋있고 조아용","polarity":{"com":0.0044642855,"pos":0.669642857,"neg":0.080357143,"neut":0.017857143,"none":0.2276785715},"intensity":{"high":0.0223214285,"low":0.5267857145,"meium":0.2232142855,"none":0.2276785715},"expressive":{"dir-action":0,"dir-explicit":0.0982142855,"dir-speech":0.1026785715,"indirect":0.5714285715,"writing-device":0.2276785715}},{"id":"피자에땅-공릉점","permalink":"","username":"asdfg","text":"맛있습니다.맛있어요","date":"Mon Dec 10 23:59:44 +0000 2018","retweets":"30","favorites":"20","mentions":[],"hashtags":[],"geo":"","raw":"맛있습니다.맛있어요","polarity":{"com":0,"pos":0,"neg":1,"neut":0,"none":0},"intensity":{"high":0,"low":0,"meium":1,"none":0},"expressive":{"dir-action":0,"dir-explicit":0,"dir-speech":1,"indirect":0,"writing-device":0}},{"id":"피자에땅-공릉점","permalink":"","username":"asdfg","text":"따끈하게 배달되었고 맛도 좋았어요~","date":"Mon Dec 10 23:59:44 +0000 2018","retweets":"30","favorites":"20","mentions":[],"hashtags":[],"geo":"","raw":"따끈하게 배달되었고 맛도 좋았어요~","polarity":{"com":0.006006006,"pos":0.88315315325,"neg":0.08657657649999999,"neut":0.00825825825,"none":0.016006006},"intensity":{"high":0.0785285285,"low":0.031021021000000003,"meium":0.8736936937499999,"none":0.01675675675},"expressive":{"dir-action":0.00075075075,"dir-explicit":0.228078078,"dir-speech":0.5725225225,"indirect":0.181891892,"writing-device":0.01675675675}},{"id":"피자에땅-공릉점","permalink":"","username":"asdfg","text":"생각보다 빨리배달왔네여","date":"Mon Dec 10 23:59:44 +0000 2018","retweets":"30","favorites":"20","mentions":[],"hashtags":[],"geo":"","raw":"생각보다 빨리배달왔네여","polarity":{"com":0,"pos":0.4583333333333333,"neg":0.27777777766666667,"neut":0.25,"none":0.013888889},"intensity":{"high":0.027777777666666666,"low":0.08333333333333333,"meium":0.875,"none":0.013888889},"expressive":{"dir-action":0,"dir-explicit":0.2916666666666667,"dir-speech":0.31944444433333335,"indirect":0.375,"writing-device":0.013888889}},{"id":"피자에땅-공릉점","permalink":"","username":"asdfg","text":"완전 맛있게 먹었읍니다-","date":"Mon Dec 10 23:59:44 +0000 2018","retweets":"30","favorites":"20","mentions":[],"hashtags":[],"geo":"","raw":"완전 맛있게 먹었읍니다-","polarity":{"com":0,"pos":0.4166666665,"neg":0.5833333334999999,"neut":0,"none":0},"intensity":{"high":0.0555555555,"low":0.111111111,"meium":0.8333333334999999,"none":0},"expressive":{"dir-action":0,"dir-explicit":0.361111111,"dir-speech":0.388888889,"indirect":0.25,"writing-device":0}},{"id":"피자에땅-공릉점","permalink":"","username":"asdfg","text":"늘 먹지만, 도우도 맛있고 참 좋아요~(^o^)b","date":"Mon Dec 10 23:59:44 +0000 2018","retweets":"30","favorites":"20","mentions":[],"hashtags":[],"geo":"","raw":"늘 먹지만, 도우도 맛있고 참 좋아요~(^o^)b","polarity":{"com":0,"pos":0.58333333325,"neg":0.41666666674999997,"neut":0,"none":0},"intensity":{"high":0.52777777775,"low":0.0555555555,"meium":0.41666666674999997,"none":0},"expressive":{"dir-action":0,"dir-explicit":0.5555555555,"dir-speech":0.4444444445,"indirect":0,"writing-device":0}},{"id":"피자에땅-공릉점","permalink":"","username":"asdfg","text":"오리지널 피자도 진짜 맛있는 피자집~~","date":"Mon Dec 10 23:59:44 +0000 2018","retweets":"30","favorites":"20","mentions":[],"hashtags":[],"geo":"","raw":"오리지널 피자도 진짜 맛있는 피자집~~","polarity":{"com":0.002380952333333333,"pos":0.238095238,"neg":0.6095238096666667,"neut":0.004761904666666666,"none":0.14523809533333334},"intensity":{"high":0.04761904766666666,"low":0.09365079366666665,"meium":0.7134920633333333,"none":0.14523809533333332},"expressive":{"dir-action":0,"dir-explicit":0.06190476197936508,"dir-speech":0.766666666411111,"indirect":0.028571428657142857,"writing-device":0.14285714295238094}},{"id":"피자에땅-공릉점","permalink":"","username":"asdfg","text":"맛있게 잘 먹었습니다^^","date":"Mon Dec 10 23:59:44 +0000 2018","retweets":"30","favorites":"20","mentions":[],"hashtags":[],"geo":"","raw":"맛있게 잘 먹었습니다^^","polarity":{"com":0,"pos":0.35714285717857136,"neg":0.6071428573035714,"neut":0.03571428551785714,"none":0},"intensity":{"high":0,"low":0.107142857,"meium":0.8928571430000001,"none":0},"expressive":{"dir-action":0,"dir-explicit":0.107142857,"dir-speech":0.5714285715,"indirect":0.3214285715,"writing-device":0}},{"id":"피자에땅-공릉점","permalink":"","username":"asdfg","text":"피자에땅 딴게 갠찮아서 \n기본이먹고싶어 슈퍼슈프림시켰는데\n페페로니 피자인줄..페페로니만 올라가있었음 치즈는진짜없고 슈퍼슈프림같지가음.\n페페로니로잘못배달됬다해도 맛없음.\n먹고 개짜증남","date":"Mon Dec 10 23:59:44 +0000 2018","retweets":"30","favorites":"20","mentions":[],"hashtags":[],"geo":"","raw":"피자에땅 딴게 갠찮아서 \n기본이먹고싶어 슈퍼슈프림시켰는데\n페페로니 피자인줄..페페로니만 올라가있었음 치즈는진짜없고 슈퍼슈프림같지가음.\n페페로니로잘못배달됬다해도 맛없음.\n먹고 개짜증남","polarity":{"com":0.009887648999999998,"pos":0.36604347193750003,"neg":0.5079557748125,"neut":0.039164450375,"none":0.07694865387499998},"intensity":{"high":0.08078587612500002,"low":0.15659021256250003,"meium":0.6845104255625001,"none":0.07811348575},"expressive":{"dir-action":0.003472222249782986,"dir-explicit":0.20402479779974847,"dir-speech":0.33745156141640925,"indirect":0.3090350607306853,"writing-device":0.146016357803374}},{"id":"피자에땅-공릉점","permalink":"","username":"asdfg","text":"올해 먹은 피자중에 제일 짜게 느껴지네요","date":"Mon Dec 10 23:59:44 +0000 2018","retweets":"30","favorites":"20","mentions":[],"hashtags":[],"geo":"","raw":"올해 먹은 피자중에 제일 짜게 느껴지네요","polarity":{"com":0,"pos":0.6666666665000001,"neg":0.3333333335,"neut":0,"none":0},"intensity":{"high":0.0555555555,"low":0.2777777775,"meium":0.666666667,"none":0},"expressive":{"dir-action":0,"dir-explicit":0.4444444445,"dir-speech":0.5555555555,"indirect":0,"writing-device":0}},{"id":"피자에땅-공릉점","permalink":"","username":"asdfg","text":"친절하고 잘만들어주ㅕㅆ어요","date":"Mon Dec 10 23:59:44 +0000 2018","retweets":"30","favorites":"20","mentions":[],"hashtags":[],"geo":"","raw":"친절하고 잘만들어주ㅕㅆ어요","polarity":{"com":0.019354838999999995,"pos":0.5161290319999999,"neg":0.35268817199999997,"neut":0.08387096799999999,"none":0.027956988999999995},"intensity":{"high":0.139784946,"low":0.116129032,"meium":0.713978495,"none":0.030107527},"expressive":{"dir-action":0.006451613,"dir-explicit":0.313978495,"dir-speech":0.294623656,"indirect":0.356989247,"writing-device":0.027956989}},{"id":"피자에땅-공릉점","permalink":"","username":"asdfg","text":"여기 공릉점은 메뉴사진 보다\n실물이 더 푸짐하고 맛있습니다~^o^ \n그리고 배달하시는 분(사장님이 아닐까 생각함)도 참 친절하십니다~","date":"Mon Dec 10 23:59:44 +0000 2018","retweets":"30","favorites":"20","mentions":[],"hashtags":[],"geo":"","raw":"여기 공릉점은 메뉴사진 보다\n실물이 더 푸짐하고 맛있습니다~^o^ \n그리고 배달하시는 분(사장님이 아닐까 생각함)도 참 친절하십니다~","polarity":{"com":0.03508321571177977,"pos":0.6031652848140595,"neg":0.29803439355014033,"neut":0.036545378997389605,"none":0.027171726926630585},"intensity":{"high":0.14556744458182624,"low":0.05290658564663618,"meium":0.7736714694838337,"none":0.02785450028770389},"expressive":{"dir-action":0.000989993,"dir-explicit":0.2460493605714286,"dir-speech":0.5168884350714286,"indirect":0.2083713209285714,"writing-device":0.027700890428571427}},{"id":"피자에땅-공릉점","permalink":"","username":"asdfg","text":"맛있게 잘 먹었습니다","date":"Mon Dec 10 23:59:44 +0000 2018","retweets":"30","favorites":"20","mentions":[],"hashtags":[],"geo":"","raw":"맛있게 잘 먹었습니다","polarity":{"com":0,"pos":0.35714285717857136,"neg":0.6071428573035714,"neut":0.03571428551785714,"none":0},"intensity":{"high":0,"low":0.107142857,"meium":0.8928571430000001,"none":0},"expressive":{"dir-action":0,"dir-explicit":0.107142857,"dir-speech":0.5714285715,"indirect":0.3214285715,"writing-device":0}},{"id":"피자에땅-공릉점","permalink":"","username":"asdfg","text":"항상 잘 시켜먹고잇어요~","date":"Mon Dec 10 23:59:44 +0000 2018","retweets":"30","favorites":"20","mentions":[],"hashtags":[],"geo":"","raw":"항상 잘 시켜먹고잇어요~","polarity":{"com":0,"pos":0.6666666665000001,"neg":0.3333333335,"neut":0,"none":0},"intensity":{"high":0.0555555555,"low":0.111111111,"meium":0.8333333334999999,"none":0},"expressive":{"dir-action":0,"dir-explicit":0.361111111,"dir-speech":0.638888889,"indirect":0,"writing-device":0}},{"id":"피자에땅-공릉점","permalink":"","username":"asdfg","text":"맛있어요 추천드려요","date":"Mon Dec 10 23:59:44 +0000 2018","retweets":"30","favorites":"20","mentions":[],"hashtags":[],"geo":"","raw":"맛있어요 추천드려요","polarity":{"com":0,"pos":0.3333333335,"neg":0.5,"neut":0.1666666665,"none":0},"intensity":{"high":0.1666666665,"low":0,"meium":0.8333333334999999,"none":0},"expressive":{"dir-action":0,"dir-explicit":0.1666666665,"dir-speech":0.5,"indirect":0.3333333335,"writing-device":0}},{"id":"피자에땅-공릉점","permalink":"","username":"asdfg","text":"주문전에 위에 써진리뷰 글보고 살짝  걱정했는데  피자도 아주 따뜻하게 오고\n배달직원분도 아주친절하시고 맛도 좋아습니다\n사장님 피자 맛있게 만들어줘서 잘먹었습니다 다음에 또 시켜먹겠습니다","date":"Mon Dec 10 23:59:44 +0000 2018","retweets":"30","favorites":"20","mentions":[],"hashtags":[],"geo":"","raw":"주문전에 위에 써진리뷰 글보고 살짝  걱정했는데  피자도 아주 따뜻하게 오고\n배달직원분도 아주친절하시고 맛도 좋아습니다\n사장님 피자 맛있게 만들어줘서 잘먹었습니다 다음에 또 시켜먹겠습니다","polarity":{"com":0.0018689196111111106,"pos":0.48927360561111105,"neg":0.41332080116666664,"neut":0.019539063055555552,"none":0.07599761055555555},"intensity":{"high":0.07375107966666666,"low":0.054946697999999995,"meium":0.7951851374444444,"none":0.0761170848888889},"expressive":{"dir-action":0.03318670577224666,"dir-explicit":0.18984553880169242,"dir-speech":0.45728015509045333,"indirect":0.2365471326827977,"writing-device":0.08314046765280993}},{"id":"피자에땅-공릉점","permalink":"","username":"asdfg","text":"피자 식어서오고 스파게티 박스 찌그러져서 터져서오고  면은 불어서 오고  카드결제 요청했는데 현금받고 너무 실망스럽네요","date":"Mon Dec 10 23:59:44 +0000 2018","retweets":"30","favorites":"20","mentions":[],"hashtags":[],"geo":"","raw":"피자 식어서오고 스파게티 박스 찌그러져서 터져서오고  면은 불어서 오고  카드결제 요청했는데 현금받고 너무 실망스럽네요","polarity":{"com":0.025210084000000004,"pos":0.5860497425000001,"neg":0.32220791537500004,"neut":0.06653225812500001,"none":0},"intensity":{"high":0.306044998625,"low":0.15898617512500002,"meium":0.53496882625,"none":0},"expressive":{"dir-action":0,"dir-explicit":0.3514333151689292,"dir-speech":0.12169625914021204,"indirect":0.5268704256908588,"writing-device":0}},{"id":"피자에땅-공릉점","permalink":"","username":"asdfg","text":"맛있어용ㅇㅇㅇㅇ!!!!!!!","date":"Mon Dec 10 23:59:44 +0000 2018","retweets":"30","favorites":"20","mentions":[],"hashtags":[],"geo":"","raw":"맛있어용ㅇㅇㅇㅇ!!!!!!!","polarity":{"com":0,"pos":0,"neg":1,"neut":0,"none":0},"intensity":{"high":0,"low":0,"meium":1,"none":0},"expressive":{"dir-action":0,"dir-explicit":0,"dir-speech":1,"indirect":0,"writing-device":0}},{"id":"피자에땅-공릉점","permalink":"","username":"asdfg","text":"집 근처 피자에땅이 없어졌는데, 멀리서도 배달되서 너무 좋았습니다~\n맛있었고, 빠르게 배달 되서 매우 좋았어요!","date":"Mon Dec 10 23:59:44 +0000 2018","retweets":"30","favorites":"20","mentions":[],"hashtags":[],"geo":"","raw":"집 근처 피자에땅이 없어졌는데, 멀리서도 배달되서 너무 좋았습니다~\n맛있었고, 빠르게 배달 되서 매우 좋았어요!","polarity":{"com":0.020284327375,"pos":0.6058425797500001,"neg":0.35081484050000006,"neut":0.006067961125000001,"none":0.016990291250000004},"intensity":{"high":0.17076976422865378,"low":0.09249306523843835,"meium":0.7185332870351834,"none":0.018203883497724515},"expressive":{"dir-action":0,"dir-explicit":0.16649329624999998,"dir-speech":0.437413314875,"indirect":0.37546232087500003,"writing-device":0.020631068}},{"id":"피자에땅-공릉점","permalink":"","username":"asdfg","text":"맛있게 잘 먹었습니다","date":"Mon Dec 10 23:59:44 +0000 2018","retweets":"30","favorites":"20","mentions":[],"hashtags":[],"geo":"","raw":"맛있게 잘 먹었습니다","polarity":{"com":0,"pos":0.35714285717857136,"neg":0.6071428573035714,"neut":0.03571428551785714,"none":0},"intensity":{"high":0,"low":0.107142857,"meium":0.8928571430000001,"none":0},"expressive":{"dir-action":0,"dir-explicit":0.107142857,"dir-speech":0.5714285715,"indirect":0.3214285715,"writing-device":0}},{"id":"피자에땅-공릉점","permalink":"","username":"asdfg","text":"역시  맛있어요~~","date":"Mon Dec 10 23:59:44 +0000 2018","retweets":"30","favorites":"20","mentions":[],"hashtags":[],"geo":"","raw":"역시  맛있어요~~","polarity":{"com":0,"pos":0.3333333333333333,"neg":0,"neut":0.3333333333333333,"none":0.3333333333333333},"intensity":{"high":0,"low":0.3333333333333333,"meium":0.3333333333333333,"none":0.3333333333333333},"expressive":{"dir-action":0,"dir-explicit":0.3333333333333333,"dir-speech":0.3333333333333333,"indirect":0,"writing-device":0.3333333333333333}},{"id":"피자에땅-공릉점","permalink":"","username":"asdfg","text":"맛있게 잘 먹었습니다","date":"Mon Dec 10 23:59:44 +0000 2018","retweets":"30","favorites":"20","mentions":[],"hashtags":[],"geo":"","raw":"맛있게 잘 먹었습니다","polarity":{"com":0,"pos":0.35714285717857136,"neg":0.6071428573035714,"neut":0.03571428551785714,"none":0},"intensity":{"high":0,"low":0.107142857,"meium":0.8928571430000001,"none":0},"expressive":{"dir-action":0,"dir-explicit":0.107142857,"dir-speech":0.5714285715,"indirect":0.3214285715,"writing-device":0}},{"id":"피자에땅-공릉점","permalink":"","username":"asdfg","text":"맛있음맛있음맛있음맛","date":"Mon Dec 10 23:59:44 +0000 2018","retweets":"30","favorites":"20","mentions":[],"hashtags":[],"geo":"","raw":"맛있음맛있음맛있음맛","polarity":{"com":0,"pos":1,"neg":0,"neut":0,"none":0},"intensity":{"high":0,"low":0,"meium":1,"none":0},"expressive":{"dir-action":0,"dir-explicit":0,"dir-speech":1,"indirect":0,"writing-device":0}},{"id":"피자에땅-공릉점","permalink":"","username":"asdfg","text":"도우도 괜찮고 맛있어요","date":"Mon Dec 10 23:59:44 +0000 2018","retweets":"30","favorites":"20","mentions":[],"hashtags":[],"geo":"","raw":"도우도 괜찮고 맛있어요","polarity":{"com":0.002380952333333333,"pos":0.4047619046666666,"neg":0.44285714299999995,"neut":0.004761904666666666,"none":0.14523809533333332},"intensity":{"high":0.38095238099999995,"low":0.038095238,"meium":0.43571428566666665,"none":0.14523809533333332},"expressive":{"dir-action":0,"dir-explicit":0.3952380952015873,"dir-speech":0.4333333331888889,"indirect":0.028571428657142857,"writing-device":0.14285714295238094}},{"id":"피자에땅-공릉점","permalink":"","username":"asdfg","text":"맛있고 가득한 토핑에 온가족 즐겁게 먹었어요","date":"Mon Dec 10 23:59:44 +0000 2018","retweets":"30","favorites":"20","mentions":[],"hashtags":[],"geo":"","raw":"맛있고 가득한 토핑에 온가족 즐겁게 먹었어요","polarity":{"com":0.0032258064999999996,"pos":0.35521342450000004,"neg":0.4941348973333333,"neut":0.12761485833333333,"none":0.019811013333333332},"intensity":{"high":0.09030085799999998,"low":0.08669490599999999,"meium":0.8028347996666667,"none":0.02016943633333333},"expressive":{"dir-action":0.0010752688333333334,"dir-explicit":0.1227001195,"dir-speech":0.6650972086666667,"indirect":0.19131638966666667,"writing-device":0.019811013333333332}},{"id":"피자에땅-공릉점","permalink":"","username":"asdfg","text":"조아용 ㅋㅋ 맛잇게 잘목을게용","date":"Mon Dec 10 23:59:44 +0000 2018","retweets":"30","favorites":"20","mentions":[],"hashtags":[],"geo":"","raw":"조아용 ㅋㅋ 맛잇게 잘목을게용","polarity":{"com":0.010371605002074322,"pos":0.7415130677483026,"neg":0.2006325392401265,"neut":0.04391887160878377,"none":0.0035639164007127836},"intensity":{"high":0.04937360260987471,"low":0.29211168365842227,"meium":0.654069740130814,"none":0.0044449736008889944},"expressive":{"dir-action":0.0038840602015536244,"dir-explicit":0.1953461956781385,"dir-speech":0.3644817883457927,"indirect":0.43064178097225675,"writing-device":0.00564617480225847}},{"id":"피자에땅-공릉점","permalink":"","username":"asdfg","text":"좀 상태가 별로였어요","date":"Mon Dec 10 23:59:44 +0000 2018","retweets":"30","favorites":"20","mentions":[],"hashtags":[],"geo":"","raw":"좀 상태가 별로였어요","polarity":{"com":0.013577653333333333,"pos":0.5987784003333333,"neg":0.24735449733333334,"neut":0.057286803666666664,"none":0.08300264533333333},"intensity":{"high":0.09605508869868504,"low":0.06294740102098247,"meium":0.7550186742516729,"none":0.08597883602865962},"expressive":{"dir-action":0,"dir-explicit":0.3977668846666666,"dir-speech":0.3717047929999999,"indirect":0.1409897293333333,"writing-device":0.08953859299999999}},{"id":"피자에땅-공릉점","permalink":"","username":"asdfg","text":"추가요청사항좀 봐주세요 제발","date":"Mon Dec 10 23:59:44 +0000 2018","retweets":"30","favorites":"20","mentions":[],"hashtags":[],"geo":"","raw":"추가요청사항좀 봐주세요 제발","polarity":{"com":0,"pos":0.6666666666666666,"neg":0.3333333333333333,"neut":0,"none":0},"intensity":{"high":0.3333333333333333,"low":0,"meium":0.6666666666666666,"none":0},"expressive":{"dir-action":0,"dir-explicit":0.4666666666666666,"dir-speech":0.19999999999999998,"indirect":0.3333333333333333,"writing-device":0}},{"id":"피자에땅-공릉점","permalink":"","username":"asdfg","text":"토핑이  좀부실한듯합니다~달력도\n주셨네요","date":"Mon Dec 10 23:59:44 +0000 2018","retweets":"30","favorites":"20","mentions":[],"hashtags":[],"geo":"","raw":"토핑이  좀부실한듯합니다~달력도\n주셨네요","polarity":{"com":0.010279001333333334,"pos":0.14390602066666666,"neg":0.8135095446666667,"neut":0.029368575666666664,"none":0.002936857666666667},"intensity":{"high":0.0352422906784141,"low":0.04405286334801762,"meium":0.9162995596387664,"none":0.004405286334801762},"expressive":{"dir-action":0.0014684286671561425,"dir-explicit":0.13803230537934408,"dir-speech":0.45374449348458146,"indirect":0.4023494861341165,"writing-device":0.004405286334801761}},{"id":"피자에땅-공릉점","permalink":"","username":"asdfg","text":"굿굿 달력도주심굿굿","date":"Mon Dec 10 23:59:44 +0000 2018","retweets":"30","favorites":"20","mentions":[],"hashtags":[],"geo":"","raw":"굿굿 달력도주심굿굿","polarity":{"com":0,"pos":0.6666666666666666,"neg":0.3333333333333333,"neut":0,"none":0},"intensity":{"high":0,"low":0,"meium":1,"none":0},"expressive":{"dir-action":0,"dir-explicit":0,"dir-speech":0.3333333333333333,"indirect":0.6666666666666666,"writing-device":0}},{"id":"피자에땅-공릉점","permalink":"","username":"asdfg","text":"맛있게 잘 먹었습니다","date":"Mon Dec 10 23:59:44 +0000 2018","retweets":"30","favorites":"20","mentions":[],"hashtags":[],"geo":"","raw":"맛있게 잘 먹었습니다","polarity":{"com":0,"pos":0.35714285717857136,"neg":0.6071428573035714,"neut":0.03571428551785714,"none":0},"intensity":{"high":0,"low":0.107142857,"meium":0.8928571430000001,"none":0},"expressive":{"dir-action":0,"dir-explicit":0.107142857,"dir-speech":0.5714285715,"indirect":0.3214285715,"writing-device":0}},{"id":"피자에땅-공릉점","permalink":"","username":"asdfg","text":"맛있게 잘 먹었습니다","date":"Mon Dec 10 23:59:44 +0000 2018","retweets":"30","favorites":"20","mentions":[],"hashtags":[],"geo":"","raw":"맛있게 잘 먹었습니다","polarity":{"com":0,"pos":0.35714285717857136,"neg":0.6071428573035714,"neut":0.03571428551785714,"none":0},"intensity":{"high":0,"low":0.107142857,"meium":0.8928571430000001,"none":0},"expressive":{"dir-action":0,"dir-explicit":0.107142857,"dir-speech":0.5714285715,"indirect":0.3214285715,"writing-device":0}},{"id":"피자에땅-공릉점","permalink":"","username":"asdfg","text":"ㅇㅅㅇ","date":"Mon Dec 10 23:59:44 +0000 2018","retweets":"30","favorites":"20","mentions":[],"hashtags":[],"geo":"","raw":"ㅇㅅㅇ","polarity":{"com":null,"pos":null,"neg":null,"neut":null,"none":null},"intensity":{"high":null,"low":null,"meium":null,"none":null},"expressive":{"dir-action":null,"dir-explicit":null,"dir-speech":null,"indirect":null,"writing-device":null}},{"id":"피자에땅-공릉점","permalink":"","username":"asdfg","text":"맛있게 잘 먹었습니다.","date":"Mon Dec 10 23:59:44 +0000 2018","retweets":"30","favorites":"20","mentions":[],"hashtags":[],"geo":"","raw":"맛있게 잘 먹었습니다.","polarity":{"com":0,"pos":0.35714285717857136,"neg":0.6071428573035714,"neut":0.03571428551785714,"none":0},"intensity":{"high":0,"low":0.107142857,"meium":0.8928571430000001,"none":0},"expressive":{"dir-action":0,"dir-explicit":0.107142857,"dir-speech":0.5714285715,"indirect":0.3214285715,"writing-device":0}},{"id":"피자에땅-공릉점","permalink":"","username":"asdfg","text":"양도많고 배달도 빨리오고 너무맛있게잘먹었습니다","date":"Mon Dec 10 23:59:44 +0000 2018","retweets":"30","favorites":"20","mentions":[],"hashtags":[],"geo":"","raw":"양도많고 배달도 빨리오고 너무맛있게잘먹었습니다","polarity":{"com":0.028571428605714284,"pos":0.5496894411099379,"neg":0.39875776387975154,"neut":0.02298136640459627,"none":0},"intensity":{"high":0.08074534161614907,"low":0.11490683222298137,"meium":0.8043478261608696,"none":0},"expressive":{"dir-action":0,"dir-explicit":0.36149068307229815,"dir-speech":0.3291925466658385,"indirect":0.3093167702618633,"writing-device":0}},{"id":"피자에땅-공릉점","permalink":"","username":"asdfg","text":"맛있게 잘 먹었습니다","date":"Mon Dec 10 23:59:44 +0000 2018","retweets":"30","favorites":"20","mentions":[],"hashtags":[],"geo":"","raw":"맛있게 잘 먹었습니다","polarity":{"com":0,"pos":0.35714285717857136,"neg":0.6071428573035714,"neut":0.03571428551785714,"none":0},"intensity":{"high":0,"low":0.107142857,"meium":0.8928571430000001,"none":0},"expressive":{"dir-action":0,"dir-explicit":0.107142857,"dir-speech":0.5714285715,"indirect":0.3214285715,"writing-device":0}},{"id":"피자에땅-공릉점","permalink":"","username":"asdfg","text":"배달은좀늦지만\n피자는 맛있어요","date":"Mon Dec 10 23:59:44 +0000 2018","retweets":"30","favorites":"20","mentions":[],"hashtags":[],"geo":"","raw":"배달은좀늦지만\n피자는 맛있어요","polarity":{"com":0,"pos":0.7724867725908289,"neg":0.1693121693897707,"neut":0.031746031677248675,"none":0.026455026342151675},"intensity":{"high":0.010582010666666667,"low":0.07936507933333332,"meium":0.8835978836666666,"none":0.026455026333333336},"expressive":{"dir-action":0,"dir-explicit":0.18624338633333334,"dir-speech":0.7555555556666667,"indirect":0.026455026333333336,"writing-device":0.03174603166666667}},{"id":"피자에땅-공릉점","permalink":"","username":"asdfg","text":"배달 한시간 걸리는거 빼고는 다 좋아용","date":"Mon Dec 10 23:59:44 +0000 2018","retweets":"30","favorites":"20","mentions":[],"hashtags":[],"geo":"","raw":"배달 한시간 걸리는거 빼고는 다 좋아용","polarity":{"com":0,"pos":0.49107142849999996,"neg":0.4375,"neut":0,"none":0.0714285715},"intensity":{"high":0.13392857146651785,"low":0,"meium":0.7946428570513392,"none":0.07142857148214285},"expressive":{"dir-action":0,"dir-explicit":0.1696428572075893,"dir-speech":0.5714285713571429,"indirect":0.062499999984375,"writing-device":0.19642857145089285}},{"id":"피자에땅-공릉점","permalink":"","username":"asdfg","text":"맛나용 기본에 충실해용","date":"Mon Dec 10 23:59:44 +0000 2018","retweets":"30","favorites":"20","mentions":[],"hashtags":[],"geo":"","raw":"맛나용 기본에 충실해용","polarity":{"com":0,"pos":1,"neg":0,"neut":0,"none":0},"intensity":{"high":0,"low":0,"meium":1,"none":0},"expressive":{"dir-action":0,"dir-explicit":0,"dir-speech":0.5,"indirect":0.5,"writing-device":0}},{"id":"피자에땅-공릉점","permalink":"","username":"asdfg","text":"맛은 정말 짬뽕맛!! 새로운 맛에 도전해보려고 시켜봤는데 앞으로는 그냥 먹던구 먹으로구요ㅎㅎ 그래도 나쁘진않았어요. 신기한 맛이었습니다~ 시도는 좋았던것같아요ㅎㅎ","date":"Mon Dec 10 23:59:44 +0000 2018","retweets":"30","favorites":"20","mentions":[],"hashtags":[],"geo":"","raw":"맛은 정말 짬뽕맛!! 새로운 맛에 도전해보려고 시켜봤는데 앞으로는 그냥 먹던구 먹으로구요ㅎㅎ 그래도 나쁘진않았어요. 신기한 맛이었습니다~ 시도는 좋았던것같아요ㅎㅎ","polarity":{"com":0,"pos":0.6184893577886557,"neg":0.26580266964161264,"neut":0.05925324675370333,"none":0.05645472581602842},"intensity":{"high":0.07549603174999998,"low":0.06698412693749999,"meium":0.8010651154999999,"none":0.05645472581249999},"expressive":{"dir-action":0,"dir-explicit":0.28619227996422597,"dir-speech":0.4630997475046125,"indirect":0.18185245303976844,"writing-device":0.06885551949139308}},{"id":"피자에땅-공릉점","permalink":"","username":"asdfg","text":"자주 시켜먹는데 좋습니다~","date":"Mon Dec 10 23:59:44 +0000 2018","retweets":"30","favorites":"20","mentions":[],"hashtags":[],"geo":"","raw":"자주 시켜먹는데 좋습니다~","polarity":{"com":0,"pos":0.751111111,"neg":0.23555555566666667,"neut":0,"none":0.013333333333333334},"intensity":{"high":0.10370370366666666,"low":0.4207407406666667,"meium":0.4622222223333334,"none":0.013333333333333334},"expressive":{"dir-action":0,"dir-explicit":0.274074074,"dir-speech":0.6592592593333333,"indirect":0.05333333333333334,"writing-device":0.013333333333333334}},{"id":"피자에땅-공릉점","permalink":"","username":"asdfg","text":"맛있게 잘 먹었습니다.","date":"Mon Dec 10 23:59:44 +0000 2018","retweets":"30","favorites":"20","mentions":[],"hashtags":[],"geo":"","raw":"맛있게 잘 먹었습니다.","polarity":{"com":0,"pos":0.35714285717857136,"neg":0.6071428573035714,"neut":0.03571428551785714,"none":0},"intensity":{"high":0,"low":0.107142857,"meium":0.8928571430000001,"none":0},"expressive":{"dir-action":0,"dir-explicit":0.107142857,"dir-speech":0.5714285715,"indirect":0.3214285715,"writing-device":0}},{"id":"피자에땅-공릉점","permalink":"","username":"asdfg","text":"맛있네요\n가끔 시켜먹어요","date":"Mon Dec 10 23:59:44 +0000 2018","retweets":"30","favorites":"20","mentions":[],"hashtags":[],"geo":"","raw":"맛있네요\n가끔 시켜먹어요","polarity":{"com":0,"pos":0.1666666665,"neg":0.8333333334999999,"neut":0,"none":0},"intensity":{"high":0.0555555555,"low":0.111111111,"meium":0.8333333334999999,"none":0},"expressive":{"dir-action":0,"dir-explicit":0.111111111,"dir-speech":0.888888889,"indirect":0,"writing-device":0}},{"id":"피자에땅-공릉점","permalink":"","username":"asdfg","text":"역시 피자에땅은 맛있습니다","date":"Mon Dec 10 23:59:44 +0000 2018","retweets":"30","favorites":"20","mentions":[],"hashtags":[],"geo":"","raw":"역시 피자에땅은 맛있습니다","polarity":{"com":0,"pos":0.11111111103703702,"neg":0.6666666668888888,"neut":0.11111111103703702,"none":0.11111111103703702},"intensity":{"high":0,"low":0.11111111103703702,"meium":0.7777777779259258,"none":0.11111111103703702},"expressive":{"dir-action":0,"dir-explicit":0.11111111103703702,"dir-speech":0.44444444448148146,"indirect":0.3333333334444444,"writing-device":0.11111111103703702}},{"id":"피자에땅-공릉점","permalink":"","username":"asdfg","text":"역시 가성비는 피자에땅이네요...그래서 피자는 거의 피자에땅에서 시켜먹습니다. 맛있게 잘 먹었습니다","date":"Mon Dec 10 23:59:44 +0000 2018","retweets":"30","favorites":"20","mentions":[],"hashtags":[],"geo":"","raw":"역시 가성비는 피자에땅이네요...그래서 피자는 거의 피자에땅에서 시켜먹습니다. 맛있게 잘 먹었습니다","polarity":{"com":0,"pos":0.2879818593074182,"neg":0.5566893427466797,"neut":0.08503401347716232,"none":0.0702947844687399},"intensity":{"high":0.024943310717849044,"low":0.17800453502542923,"meium":0.7267573698181082,"none":0.07029478443861355},"expressive":{"dir-action":0,"dir-explicit":0.155328798165047,"dir-speech":0.3696145126242307,"indirect":0.4002267573428896,"writing-device":0.07482993186783286}},{"id":"피자에땅-공릉점","permalink":"","username":"asdfg","text":"엄마랑 남동생이랑 여동생 넷이서먹었는데 맛있더라고요 근데 짬뽕피자는 호불호가 갈릴듯요","date":"Mon Dec 10 23:59:44 +0000 2018","retweets":"30","favorites":"20","mentions":[],"hashtags":[],"geo":"","raw":"엄마랑 남동생이랑 여동생 넷이서먹었는데 맛있더라고요 근데 짬뽕피자는 호불호가 갈릴듯요","polarity":{"com":0.04267059243466723,"pos":0.28474657118353525,"neg":0.5946786937992399,"neut":0.037671566433953085,"none":0.04023257614860466},"intensity":{"high":0.09418547157142856,"low":0.12375508199999999,"meium":0.7399220334285715,"none":0.042137413},"expressive":{"dir-action":0.0006293265715184753,"dir-explicit":0.19095942345585132,"dir-speech":0.6359301798051329,"indirect":0.12935159373276453,"writing-device":0.043129476434732784}},{"id":"피자에땅-공릉점","permalink":"","username":"asdfg","text":"가격이  비싸긴한데   맛있어서  ok","date":"Mon Dec 10 23:59:44 +0000 2018","retweets":"30","favorites":"20","mentions":[],"hashtags":[],"geo":"","raw":"가격이  비싸긴한데   맛있어서  ok","polarity":{"com":0,"pos":0.6666666666666666,"neg":0.22222222233333333,"neut":0.111111111,"none":0},"intensity":{"high":0,"low":0.27777777766666667,"meium":0.7222222223333333,"none":0},"expressive":{"dir-action":0,"dir-explicit":0.22222222233333333,"dir-speech":0.111111111,"indirect":0.6666666666666666,"writing-device":0}},{"id":"피자에땅-공릉점","permalink":"","username":"asdfg","text":"너무친절하시고 맛있습니다","date":"Mon Dec 10 23:59:44 +0000 2018","retweets":"30","favorites":"20","mentions":[],"hashtags":[],"geo":"","raw":"너무친절하시고 맛있습니다","polarity":{"com":0.05407066066666666,"pos":0.21966205833333333,"neg":0.6889912953333334,"neut":0.027956989333333335,"none":0.009318996333333334},"intensity":{"high":0.09421402966666666,"low":0.086328725,"meium":0.809421403,"none":0.010035842333333333},"expressive":{"dir-action":0.002150537666666667,"dir-explicit":0.2951356886666667,"dir-speech":0.526779314,"indirect":0.16661546333333332,"writing-device":0.009318996333333334}},{"id":"피자에땅-공릉점","permalink":"","username":"asdfg","text":"맛있오요","date":"Mon Dec 10 23:59:44 +0000 2018","retweets":"30","favorites":"20","mentions":[],"hashtags":[],"geo":"","raw":"맛있오요","polarity":{"com":null,"pos":null,"neg":null,"neut":null,"none":null},"intensity":{"high":null,"low":null,"meium":null,"none":null},"expressive":{"dir-action":null,"dir-explicit":null,"dir-speech":null,"indirect":null,"writing-device":null}},{"id":"피자에땅-공릉점","permalink":"","username":"asdfg","text":"따뜻하고 빠른 배달 감사요\n토핑도 치즈도 많구~\n맛도 좋아 한번에  다 머거버렸네용~\n친절 신속 맛 엄지 척 !","date":"Mon Dec 10 23:59:44 +0000 2018","retweets":"30","favorites":"20","mentions":[],"hashtags":[],"geo":"","raw":"따뜻하고 빠른 배달 감사요\n토핑도 치즈도 많구~\n맛도 좋아 한번에  다 머거버렸네용~\n친절 신속 맛 엄지 척 !","polarity":{"com":0.000793650777777778,"pos":0.8720634920000001,"neg":0.04095238100000001,"neut":0.001587301555555556,"none":0.08460317466666668},"intensity":{"high":0.06984126988112874,"low":0.05417989410509112,"meium":0.7913756613565137,"none":0.08460317465726631},"expressive":{"dir-action":0,"dir-explicit":0.24603174605643738,"dir-speech":0.42063492057319224,"indirect":0.24952380950010583,"writing-device":0.08380952387026455}},{"id":"피자에땅-공릉점","permalink":"","username":"asdfg","text":"피자에땅 히트박스 OOOO 피자는 너무달고 같이온 떡볶이는 더달고(완전단맛) 치킨봉은 눅눅 콘샐러드 맛없게쉰맛 딱 한입씩 먹고 뚜껑닫아버림 역시 피자는 OOO시켜야지 아 돈아깝고 아직도입안이달아서 OOO","date":"Mon Dec 10 23:59:44 +0000 2018","retweets":"30","favorites":"20","mentions":[],"hashtags":[],"geo":"","raw":"피자에땅 히트박스 OOOO 피자는 너무달고 같이온 떡볶이는 더달고(완전단맛) 치킨봉은 눅눅 콘샐러드 맛없게쉰맛 딱 한입씩 먹고 뚜껑닫아버림 역시 피자는 OOO시켜야지 아 돈아깝고 아직도입안이달아서 OOO","polarity":{"com":0.007190549601438109,"pos":0.28217037192310074,"neg":0.5748350333149671,"neut":0.08797417268426148,"none":0.04782987247623263},"intensity":{"high":0.12356657781647556,"low":0.11389765281518636,"meium":0.7147058968952942,"none":0.04782987247304399},"expressive":{"dir-action":0,"dir-explicit":0.20948842753333333,"dir-speech":0.40853392693333335,"indirect":0.33097316986666664,"writing-device":0.05100447566666666}},{"id":"피자에땅-공릉점","permalink":"","username":"asdfg","text":"정성 가득한 피자^^\n잘 받았습니다\n토핑과 치즈도 풍성하고 \n야채도 듬뿍 넣어 주셨고\n곡물도우라 참 맛있어요\n주문도 친절히 받아주셨고\n배달도 빠르고\n대만족입니다\n자주 종종 이용할께용^^","date":"Mon Dec 10 23:59:44 +0000 2018","retweets":"30","favorites":"20","mentions":[],"hashtags":[],"geo":"","raw":"정성 가득한 피자^^\n잘 받았습니다\n토핑과 치즈도 풍성하고 \n야채도 듬뿍 넣어 주셨고\n곡물도우라 참 맛있어요\n주문도 친절히 받아주셨고\n배달도 빠르고\n대만족입니다\n자주 종종 이용할께용^^","polarity":{"com":0.007117649501016811,"pos":0.606010198586573,"neg":0.2859485289694213,"neut":0.021089707360155682,"none":0.07983391558283344},"intensity":{"high":0.21308819394379203,"low":0.1767751655126268,"meium":0.5300882247521492,"none":0.08004841579143204},"expressive":{"dir-action":0.0002145002142550714,"dir-explicit":0.3016181995997689,"dir-speech":0.33181165002402685,"indirect":0.28592708231629616,"writing-device":0.08042856784565305}},{"id":"피자에땅-공릉점","permalink":"","username":"asdfg","text":"그냥그래요 배달은 빠릅니다","date":"Mon Dec 10 23:59:44 +0000 2018","retweets":"30","favorites":"20","mentions":[],"hashtags":[],"geo":"","raw":"그냥그래요 배달은 빠릅니다","polarity":{"com":0,"pos":0.6666666666666666,"neg":0.3333333333333333,"neut":0,"none":0},"intensity":{"high":0,"low":0.111111111,"meium":0.888888889,"none":0},"expressive":{"dir-action":0,"dir-explicit":0,"dir-speech":0.6666666666666666,"indirect":0.3333333333333333,"writing-device":0}},{"id":"피자에땅-공릉점","permalink":"","username":"asdfg","text":"핫치즈 퐁듀소스랑 블루치즈 퐁듀소스 하나씩 주문했는데\n핫치즈만 2개왔어요ㅜㅜㅜ 처음 먹어보는 소스라서 어떨지궁금했는데 맛있어서 다행이였어요 그리고 달피자 맵피자 둘다 맛있게 잘 먹었어요~ 맛있습니다 굳!","date":"Mon Dec 10 23:59:44 +0000 2018","retweets":"30","favorites":"20","mentions":[],"hashtags":[],"geo":"","raw":"핫치즈 퐁듀소스랑 블루치즈 퐁듀소스 하나씩 주문했는데\n핫치즈만 2개왔어요ㅜㅜㅜ 처음 먹어보는 소스라서 어떨지궁금했는데 맛있어서 다행이였어요 그리고 달피자 맵피자 둘다 맛있게 잘 먹었어요~ 맛있습니다 굳!","polarity":{"com":0.04351792000334754,"pos":0.39035630033771973,"neg":0.3085470085621959,"neut":0.13186260693322022,"none":0.12571616416351664},"intensity":{"high":0.07153962177473382,"low":0.11645644447049665,"meium":0.6862877695912528,"none":0.12571616416351664},"expressive":{"dir-action":0,"dir-explicit":0.25505665780691433,"dir-speech":0.4202912723199552,"indirect":0.19939999673855385,"writing-device":0.1252520731345766}},{"id":"피자에땅-공릉점","permalink":"","username":"asdfg","text":"빠르고 맛난음식제공.. 감사^^","date":"Mon Dec 10 23:59:44 +0000 2018","retweets":"30","favorites":"20","mentions":[],"hashtags":[],"geo":"","raw":"빠르고 맛난음식제공.. 감사^^","polarity":{"com":0,"pos":1,"neg":0,"neut":0,"none":0},"intensity":{"high":0.3333333333333333,"low":0.111111111,"meium":0.5555555556666666,"none":0},"expressive":{"dir-action":0,"dir-explicit":0.3333333333333333,"dir-speech":0.3333333333333333,"indirect":0.3333333333333333,"writing-device":0}},{"id":"피자에땅-공릉점","permalink":"","username":"asdfg","text":"요기요 할인도받아서 가성비 좋게 잘먹었어요","date":"Mon Dec 10 23:59:44 +0000 2018","retweets":"30","favorites":"20","mentions":[],"hashtags":[],"geo":"","raw":"요기요 할인도받아서 가성비 좋게 잘먹었어요","polarity":{"com":0.0017857142504464287,"pos":0.5075974026268993,"neg":0.2820779220705195,"neut":0.06688311676672078,"none":0.14165584428541397},"intensity":{"high":0.10844155850000001,"low":0.1375974025,"meium":0.61230519475,"none":0.14165584425},"expressive":{"dir-action":0,"dir-explicit":0.24999999993749997,"dir-speech":0.36525974015868506,"indirect":0.24487012993878246,"writing-device":0.13987012996503248}},{"id":"피자에땅-공릉점","permalink":"","username":"asdfg","text":"배달도 빠르고 맛있어요","date":"Mon Dec 10 23:59:44 +0000 2018","retweets":"30","favorites":"20","mentions":[],"hashtags":[],"geo":"","raw":"배달도 빠르고 맛있어요","polarity":{"com":0,"pos":0.6666666666666666,"neg":0.3333333333333333,"neut":0,"none":0},"intensity":{"high":0,"low":0.111111111,"meium":0.888888889,"none":0},"expressive":{"dir-action":0,"dir-explicit":0,"dir-speech":0.6666666666666666,"indirect":0.3333333333333333,"writing-device":0}},{"id":"피자에땅-공릉점","permalink":"","username":"asdfg","text":"언제나 먹어도 맛있음","date":"Mon Dec 10 23:59:44 +0000 2018","retweets":"30","favorites":"20","mentions":[],"hashtags":[],"geo":"","raw":"언제나 먹어도 맛있음","polarity":{"com":0,"pos":0.1666666665,"neg":0.8333333334999999,"neut":0,"none":0},"intensity":{"high":0.0555555555,"low":0.111111111,"meium":0.8333333334999999,"none":0},"expressive":{"dir-action":0,"dir-explicit":0.111111111,"dir-speech":0.888888889,"indirect":0,"writing-device":0}},{"id":"피자에땅-공릉점","permalink":"","username":"asdfg","text":"맛있음","date":"Mon Dec 10 23:59:44 +0000 2018","retweets":"30","favorites":"20","mentions":[],"hashtags":[],"geo":"","raw":"맛있음","polarity":{"com":0,"pos":0,"neg":1,"neut":0,"none":0},"intensity":{"high":0,"low":0,"meium":1,"none":0},"expressive":{"dir-action":0,"dir-explicit":0,"dir-speech":1,"indirect":0,"writing-device":0}},{"id":"피자에땅-공릉점","permalink":"","username":"asdfg","text":"맛나당","date":"Mon Dec 10 23:59:44 +0000 2018","retweets":"30","favorites":"20","mentions":[],"hashtags":[],"geo":"","raw":"맛나당","polarity":{"com":null,"pos":null,"neg":null,"neut":null,"none":null},"intensity":{"high":null,"low":null,"meium":null,"none":null},"expressive":{"dir-action":null,"dir-explicit":null,"dir-speech":null,"indirect":null,"writing-device":null}},{"id":"피자에땅-공릉점","permalink":"","username":"asdfg","text":"맛있어요^^","date":"Mon Dec 10 23:59:44 +0000 2018","retweets":"30","favorites":"20","mentions":[],"hashtags":[],"geo":"","raw":"맛있어요^^","polarity":{"com":0,"pos":0,"neg":1,"neut":0,"none":0},"intensity":{"high":0,"low":0,"meium":1,"none":0},"expressive":{"dir-action":0,"dir-explicit":0,"dir-speech":1,"indirect":0,"writing-device":0}},{"id":"피자에땅-공릉점","permalink":"","username":"asdfg","text":".","date":"Mon Dec 10 23:59:44 +0000 2018","retweets":"30","favorites":"20","mentions":[],"hashtags":[],"geo":"","raw":".","polarity":{"com":null,"pos":null,"neg":null,"neut":null,"none":null},"intensity":{"high":null,"low":null,"meium":null,"none":null},"expressive":{"dir-action":null,"dir-explicit":null,"dir-speech":null,"indirect":null,"writing-device":null}},{"id":"피자에땅-공릉점","permalink":"","username":"asdfg","text":"이 가격대 피자중에 제일 맛있어요","date":"Mon Dec 10 23:59:44 +0000 2018","retweets":"30","favorites":"20","mentions":[],"hashtags":[],"geo":"","raw":"이 가격대 피자중에 제일 맛있어요","polarity":{"com":0,"pos":0.5,"neg":0.5,"neut":0,"none":0},"intensity":{"high":0,"low":0.1666666665,"meium":0.8333333334999999,"none":0},"expressive":{"dir-action":0,"dir-explicit":0.3333333335,"dir-speech":0.6666666665000001,"indirect":0,"writing-device":0}},{"id":"피자에땅-공릉점","permalink":"","username":"asdfg","text":"개맛없고 욕나옴","date":"Mon Dec 10 23:59:44 +0000 2018","retweets":"30","favorites":"20","mentions":[],"hashtags":[],"geo":"","raw":"개맛없고 욕나옴","polarity":{"com":0.03030303033333333,"pos":0.5303030303333333,"neg":0.42424242433333337,"neut":0,"none":0.015151514999999999},"intensity":{"high":0.3484848484494949,"low":0.04545454534848485,"meium":0.5909090911969698,"none":0.015151515005050504},"expressive":{"dir-action":0,"dir-explicit":0.090909091,"dir-speech":0.36363636366666663,"indirect":0.5303030303333333,"writing-device":0.015151514999999999}},{"id":"피자에땅-공릉점","permalink":"","username":"asdfg","text":"쏘쏘","date":"Mon Dec 10 23:59:44 +0000 2018","retweets":"30","favorites":"20","mentions":[],"hashtags":[],"geo":"","raw":"쏘쏘","polarity":{"com":null,"pos":null,"neg":null,"neut":null,"none":null},"intensity":{"high":null,"low":null,"meium":null,"none":null},"expressive":{"dir-action":null,"dir-explicit":null,"dir-speech":null,"indirect":null,"writing-device":null}},{"id":"피자에땅-공릉점","permalink":"","username":"asdfg","text":"맛은 굿!\n\n알바만 조금더 \n성의 있게 행동했음.","date":"Mon Dec 10 23:59:44 +0000 2018","retweets":"30","favorites":"20","mentions":[],"hashtags":[],"geo":"","raw":"맛은 굿!\n\n알바만 조금더 \n성의 있게 행동했음.........","polarity":{"com":0.0012755101430393587,"pos":0.530632152504376,"neg":0.30970866604424413,"neut":0.02485040843212149,"none":0.13353326287621906},"intensity":{"high":0.18873142899999998,"low":0.027401428857142855,"meium":0.6503338792857143,"none":0.13353326285714287},"expressive":{"dir-action":0,"dir-explicit":0.12935123885714286,"dir-speech":0.3237307464285714,"indirect":0.4170477555714286,"writing-device":0.12987025914285716}},{"id":"피자에땅-공릉점","permalink":"","username":"asdfg","text":"맛있어요~퐁듀피자  good!!","date":"Mon Dec 10 23:59:44 +0000 2018","retweets":"30","favorites":"20","mentions":[],"hashtags":[],"geo":"","raw":"맛있어요~퐁듀피자  good!!","polarity":{"com":0,"pos":0,"neg":1,"neut":0,"none":0},"intensity":{"high":0,"low":0,"meium":1,"none":0},"expressive":{"dir-action":0,"dir-explicit":0,"dir-speech":1,"indirect":0,"writing-device":0}},{"id":"피자에땅-공릉점","permalink":"","username":"asdfg","text":"좋아좋아\n난 푸른 고시텔","date":"Mon Dec 10 23:59:44 +0000 2018","retweets":"30","favorites":"20","mentions":[],"hashtags":[],"geo":"","raw":"좋아좋아\n난 푸른 고시텔","polarity":{"com":0,"pos":0.6133333333333334,"neg":0.36000000000000004,"neut":0,"none":0.02666666666666667},"intensity":{"high":0.13333333333333333,"low":0.02666666666666667,"meium":0.8133333333333334,"none":0.02666666666666667},"expressive":{"dir-action":0,"dir-explicit":0.5666666666666667,"dir-speech":0.3,"indirect":0.10666666666666667,"writing-device":0.02666666666666667}},{"id":"피자에땅-공릉점","permalink":"","username":"asdfg","text":"달피자 맛나용♡","date":"Mon Dec 10 23:59:44 +0000 2018","retweets":"30","favorites":"20","mentions":[],"hashtags":[],"geo":"","raw":"달피자 맛나용♡","polarity":{"com":0,"pos":1,"neg":0,"neut":0,"none":0},"intensity":{"high":0,"low":0,"meium":1,"none":0},"expressive":{"dir-action":0,"dir-explicit":0,"dir-speech":0.5,"indirect":0.5,"writing-device":0}},{"id":"피자에땅-공릉점","permalink":"","username":"asdfg","text":"맛있어요~~~","date":"Mon Dec 10 23:59:44 +0000 2018","retweets":"30","favorites":"20","mentions":[],"hashtags":[],"geo":"","raw":"맛있어요~~~","polarity":{"com":0,"pos":0,"neg":1,"neut":0,"none":0},"intensity":{"high":0,"low":0,"meium":1,"none":0},"expressive":{"dir-action":0,"dir-explicit":0,"dir-speech":1,"indirect":0,"writing-device":0}},{"id":"피자에땅-공릉점","permalink":"","username":"asdfg","text":"도우가 쫀득하니 불고기 피자 맛나요","date":"Mon Dec 10 23:59:44 +0000 2018","retweets":"30","favorites":"20","mentions":[],"hashtags":[],"geo":"","raw":"도우가 쫀득하니 불고기 피자 맛나요","polarity":{"com":0.0093029955,"pos":0.7317108295,"neg":0.2042434715,"neut":0.04105702775,"none":0.013685675750000001},"intensity":{"high":0.32512480800000004,"low":0.05581797225000001,"meium":0.6026017665000001,"none":0.01645545325},"expressive":{"dir-action":0.0016129032500000003,"dir-explicit":0.42224462375000005,"dir-speech":0.40178091400000004,"indirect":0.16067588325,"writing-device":0.013685675750000003}},{"id":"피자에땅-공릉점","permalink":"","username":"asdfg","text":"맛있어요 담백해서 애가 잘먹어요 까칠한아이인데 잘먹어요 다음에 또시킬게요 ...","date":"Mon Dec 10 23:59:44 +0000 2018","retweets":"30","favorites":"20","mentions":[],"hashtags":[],"geo":"","raw":"맛있어요 담백해서 애가 잘먹어요 까칠한아이인데 잘먹어요 다음에 또시킬게요 ...","polarity":{"com":0.003003003000375376,"pos":0.3511301480438913,"neg":0.5673061454459133,"neut":0.021986271877748285,"none":0.056574431632071806},"intensity":{"high":0.01426426425,"low":0.07970693899999999,"meium":0.8490789897500001,"none":0.056949807},"expressive":{"dir-action":0.000375375375,"dir-explicit":0.126092610375,"dir-speech":0.39518983275,"indirect":0.40353523175,"writing-device":0.07480694975}},{"id":"피자에땅-공릉점","permalink":"","username":"asdfg","text":"토핑이 많이 올라가긴 했는데 불고기에서 조금 냄새가 나서 오늘은 맛이 그냥 그냥이였어요.\n평소엔 맛있는데~ㅜㅜ","date":"Mon Dec 10 23:59:44 +0000 2018","retweets":"30","favorites":"20","mentions":[],"hashtags":[],"geo":"","raw":"토핑이 많이 올라가긴 했는데 불고기에서 조금 냄새가 나서 오늘은 맛이 그냥 그냥이였어요.\n평소엔 맛있는데~ㅜㅜ","polarity":{"com":0.007468747909769885,"pos":0.33834060066712185,"neg":0.4707727736791612,"neut":0.04046605836731509,"none":0.14295181937663198},"intensity":{"high":0.10744871457475874,"low":0.0710362642011917,"meium":0.6771177891846686,"none":0.1443972320393811},"expressive":{"dir-action":0.0014454126364950373,"dir-explicit":0.2214856658383169,"dir-speech":0.4019813144001802,"indirect":0.21413902329219447,"writing-device":0.16094858383281352}},{"id":"피자에땅-공릉점","permalink":"","username":"asdfg","text":"파스트라미 맛있어요","date":"Mon Dec 10 23:59:44 +0000 2018","retweets":"30","favorites":"20","mentions":[],"hashtags":[],"geo":"","raw":"파스트라미 맛있어요","polarity":{"com":0,"pos":0,"neg":1,"neut":0,"none":0},"intensity":{"high":0,"low":0,"meium":1,"none":0},"expressive":{"dir-action":0,"dir-explicit":0,"dir-speech":1,"indirect":0,"writing-device":0}},{"id":"피자에땅-공릉점","permalink":"","username":"asdfg","text":"피자 맛있게 먹었어용:)\n커팅 1번 깜박하셨는지ㅋㅋ4조각+대왕2조각이었어요ㅋㅋ\n꿀맛♡","date":"Mon Dec 10 23:59:44 +0000 2018","retweets":"30","favorites":"20","mentions":[],"hashtags":[],"geo":"","raw":"피자 맛있게 먹었어용:)\n커팅 1번 깜박하셨는지ㅋㅋ4조각+대왕2조각이었어요ㅋㅋ\n꿀맛♡","polarity":{"com":0.008592517500000002,"pos":0.2601983320000001,"neg":0.586685824,"neut":0.04011719625000001,"none":0.10440613025000002},"intensity":{"high":0.08837615500000001,"low":0.10758958750000001,"meium":0.696754564,"none":0.10727969350000001},"expressive":{"dir-action":0.002873563250718391,"dir-explicit":0.20036060405009015,"dir-speech":0.5985463151496366,"indirect":0.08029073702007268,"writing-device":0.11792878052948219}},{"id":"피자에땅-공릉점","permalink":"","username":"asdfg","text":"개꿀","date":"Mon Dec 10 23:59:44 +0000 2018","retweets":"30","favorites":"20","mentions":[],"hashtags":[],"geo":"","raw":"개꿀","polarity":{"com":null,"pos":null,"neg":null,"neut":null,"none":null},"intensity":{"high":null,"low":null,"meium":null,"none":null},"expressive":{"dir-action":null,"dir-explicit":null,"dir-speech":null,"indirect":null,"writing-device":null}},{"id":"피자에땅-공릉점","permalink":"","username":"asdfg","text":"맵피자짱짱맨","date":"Mon Dec 10 23:59:44 +0000 2018","retweets":"30","favorites":"20","mentions":[],"hashtags":[],"geo":"","raw":"맵피자짱짱맨","polarity":{"com":null,"pos":null,"neg":null,"neut":null,"none":null},"intensity":{"high":null,"low":null,"meium":null,"none":null},"expressive":{"dir-action":null,"dir-explicit":null,"dir-speech":null,"indirect":null,"writing-device":null}},{"id":"피자에땅-공릉점","permalink":"","username":"asdfg","text":"조금 느끼한 감 있지만 맛있게 잘 먹었어요 도우가 검은깨 도우라 좋은거 같아요 잘 먹었습니다","date":"Mon Dec 10 23:59:44 +0000 2018","retweets":"30","favorites":"20","mentions":[],"hashtags":[],"geo":"","raw":"조금 느끼한 감 있지만 맛있게 잘 먹었어요 도우가 검은깨 도우라 좋은거 같아요 잘 먹었습니다","polarity":{"com":0.0031166881006233376,"pos":0.4425469755885094,"neg":0.43534491638706896,"neut":0.06901758891380352,"none":0.049973831009994765},"intensity":{"high":0.07069712570000002,"low":0.14169412260000003,"meium":0.7373346204000001,"none":0.05027413130000001},"expressive":{"dir-action":0.00030030029996996996,"dir-explicit":0.42765980255723396,"dir-speech":0.21258043757874195,"indirect":0.20989961397901,"writing-device":0.149559845585044}},{"id":"피자에땅-공릉점","permalink":"","username":"asdfg","text":"맛있어요","date":"Mon Dec 10 23:59:44 +0000 2018","retweets":"30","favorites":"20","mentions":[],"hashtags":[],"geo":"","raw":"맛있어요","polarity":{"com":0,"pos":0,"neg":1,"neut":0,"none":0},"intensity":{"high":0,"low":0,"meium":1,"none":0},"expressive":{"dir-action":0,"dir-explicit":0,"dir-speech":1,"indirect":0,"writing-device":0}},{"id":"피자에땅-공릉점","permalink":"","username":"asdfg","text":"맛있네요","date":"Mon Dec 10 23:59:44 +0000 2018","retweets":"30","favorites":"20","mentions":[],"hashtags":[],"geo":"","raw":"맛있네요","polarity":{"com":0,"pos":0,"neg":1,"neut":0,"none":0},"intensity":{"high":0,"low":0,"meium":1,"none":0},"expressive":{"dir-action":0,"dir-explicit":0,"dir-speech":1,"indirect":0,"writing-device":0}},{"id":"피자에땅-공릉점","permalink":"","username":"asdfg","text":"별로예요....","date":"Mon Dec 10 23:59:44 +0000 2018","retweets":"30","favorites":"20","mentions":[],"hashtags":[],"geo":"","raw":"별로예요....","polarity":{"com":0,"pos":0,"neg":0.5,"neut":0,"none":0.5},"intensity":{"high":0,"low":0,"meium":0.5,"none":0.5},"expressive":{"dir-action":0,"dir-explicit":0,"dir-speech":0.5,"indirect":0,"writing-device":0.5}},{"id":"피자에땅-공릉점","permalink":"","username":"asdfg","text":"진짜 맛있어요~ 가격도 저렴해서 자주시켜먹는 메뉴예요~!!","date":"Mon Dec 10 23:59:44 +0000 2018","retweets":"30","favorites":"20","mentions":[],"hashtags":[],"geo":"","raw":"진짜 맛있어요~ 가격도 저렴해서 자주시켜먹는 메뉴예요~!!","polarity":{"com":0.004004004,"pos":0.3983983983333334,"neg":0.5880880881666667,"neut":0.0055055055000000006,"none":0.004004004},"intensity":{"high":0.06531531532244744,"low":0.06031031032328162,"meium":0.8698698698550217,"none":0.004504504499249249},"expressive":{"dir-action":0.009759759833333333,"dir-explicit":0.15390390383333333,"dir-speech":0.515015015,"indirect":0.31681681683333335,"writing-device":0.0045045045}},{"id":"피자에땅-공릉점","permalink":"","username":"asdfg","text":"2번째 글 남기지만 \n토핑 맛 짱!! 참고로 저는 \n푸른고시원 헤헤~~","date":"Mon Dec 10 23:59:44 +0000 2018","retweets":"30","favorites":"20","mentions":[],"hashtags":[],"geo":"","raw":"2번째 글 남기지만 \n토핑 맛 짱!! 참고로 저는 \n푸른고시원 헤헤~~","polarity":{"com":0,"pos":0.75,"neg":0.25,"neut":0,"none":0},"intensity":{"high":0.25,"low":0,"meium":0.75,"none":0},"expressive":{"dir-action":0.25,"dir-explicit":0,"dir-speech":0.75,"indirect":0,"writing-device":0}},{"id":"피자에땅-공릉점","permalink":"","username":"asdfg","text":"맛잇어요","date":"Mon Dec 10 23:59:44 +0000 2018","retweets":"30","favorites":"20","mentions":[],"hashtags":[],"geo":"","raw":"맛잇어요","polarity":{"com":0,"pos":1,"neg":0,"neut":0,"none":0},"intensity":{"high":0,"low":0,"meium":1,"none":0},"expressive":{"dir-action":0,"dir-explicit":0,"dir-speech":1,"indirect":0,"writing-device":0}},{"id":"피자에땅-공릉점","permalink":"","username":"asdfg","text":"친절하고 맛 있네요. 부자 되세요","date":"Mon Dec 10 23:59:44 +0000 2018","retweets":"30","favorites":"20","mentions":[],"hashtags":[],"geo":"","raw":"친절하고 맛 있네요. 부자 되세요","polarity":{"com":0.025319537649786977,"pos":0.6311625072458916,"neg":0.2559275038293817,"neut":0.05940353029373098,"none":0.028186920981208723},"intensity":{"high":0.128355988290548,"low":0.07015621830994793,"meium":0.7725840264091387,"none":0.028903766990365416},"expressive":{"dir-action":0.0021505376659498206,"dir-explicit":0.2556028945814657,"dir-speech":0.544748765818417,"indirect":0.15673226461442258,"writing-device":0.04076553731974482}},{"id":"피자에땅-공릉점","permalink":"","username":"asdfg","text":"맛은있어요~대체로만족인데 스파게티양은좀 작아요~ 그래도만족합니다^^","date":"Mon Dec 10 23:59:44 +0000 2018","retweets":"30","favorites":"20","mentions":[],"hashtags":[],"geo":"","raw":"맛은있어요~대체로만족인데 스파게티양은좀 작아요~ 그래도만족합니다^^","polarity":{"com":0.0017857142,"pos":0.46785714279999996,"neg":0.4321428572,"neut":0.007142857200000001,"none":0.0910714286},"intensity":{"high":0.008928571400000002,"low":0.0107142858,"meium":0.8892857142,"none":0.0910714286},"expressive":{"dir-action":0,"dir-explicit":0.43928571420000007,"dir-speech":0.44107142860000004,"indirect":0.028571428599999997,"writing-device":0.0910714286}},{"id":"피자에땅-공릉점","permalink":"","username":"asdfg","text":"아주 맛있게 잘 먹었구여 좋았어여","date":"Mon Dec 10 23:59:44 +0000 2018","retweets":"30","favorites":"20","mentions":[],"hashtags":[],"geo":"","raw":"아주 맛있게 잘 먹었구여 좋았어여","polarity":{"com":0,"pos":0.7947619049315873,"neg":0.16809523805603174,"neut":0.023809523674603175,"none":0.013333333337777779},"intensity":{"high":0.15,"low":0.08476190466666667,"meium":0.751904762,"none":0.013333333333333334},"expressive":{"dir-action":0,"dir-explicit":0.2714285713333333,"dir-speech":0.1976190476666667,"indirect":0.5176190476666667,"writing-device":0.013333333333333334}},{"id":"피자에땅-공릉점","permalink":"","username":"asdfg","text":"피자에땅 잘 식켜먹어요~\n맛있게 잘먹었습니다~^^","date":"Mon Dec 10 23:59:44 +0000 2018","retweets":"30","favorites":"20","mentions":[],"hashtags":[],"geo":"","raw":"피자에땅 잘 식켜먹어요~\n맛있게 잘먹었습니다~^^","polarity":{"com":0,"pos":0.34920634911640214,"neg":0.6269841272089947,"neut":0.023809523674603175,"none":0},"intensity":{"high":0.037037037,"low":0.14550264533333332,"meium":0.8174603176666667,"none":0},"expressive":{"dir-action":0,"dir-explicit":0.14550264533333332,"dir-speech":0.306878307,"indirect":0.5476190476666667,"writing-device":0}},{"id":"피자에땅-공릉점","permalink":"","username":"asdfg","text":"콜라 주문을 깜박해서 ㅠㅠ 퐁듀소스 맛있네요 웨지감자는 너무 짜요 피자는 맛있었어요~","date":"Mon Dec 10 23:59:44 +0000 2018","retweets":"30","favorites":"20","mentions":[],"hashtags":[],"geo":"","raw":"콜라 주문을 깜박해서 ㅠㅠ 퐁듀소스 맛있네요 웨지감자는 너무 짜요 피자는 맛있었어요~","polarity":{"com":0.00229885060091954,"pos":0.3913519429565408,"neg":0.48363437359345374,"neut":0.051888341420755345,"none":0.0708264914283306},"intensity":{"high":0.035686918592862625,"low":0.12052545157589492,"meium":0.7706622878458677,"none":0.07312534198537494},"expressive":{"dir-action":0.00229885060045977,"dir-explicit":0.29567597165913523,"dir-speech":0.5494252875098851,"indirect":0.06852764081370553,"writing-device":0.08407224941681445}},{"id":"피자에땅-공릉점","permalink":"","username":"asdfg","text":"맛있고 좋아었요,   아침엔  주문이  취소됐는대\n점심에는  주문이  됬어요,","date":"Mon Dec 10 23:59:44 +0000 2018","retweets":"30","favorites":"20","mentions":[],"hashtags":[],"geo":"","raw":"맛있고 좋아었요,   아침엔  주문이  취소됐는대\n점심에는  주문이  됬어요,","polarity":{"com":0.01416771543261935,"pos":0.41047953697442274,"neg":0.4834900407095686,"neut":0.0666696634476199,"none":0.02519304343576944},"intensity":{"high":0.05177797258622229,"low":0.11828680803379624,"meium":0.8016978085147708,"none":0.028237410865210696},"expressive":{"dir-action":0.0012586531432167579,"dir-explicit":0.23687916435339407,"dir-speech":0.6044000421726857,"indirect":0.1264752963218501,"writing-device":0.030986844008853383}},{"id":"피자에땅-공릉점","permalink":"","username":"asdfg","text":"짜지않고 양도 괜찮아서 다른데보다 자주시켜먹는거같습니다~수고하세요^^","date":"Mon Dec 10 23:59:44 +0000 2018","retweets":"30","favorites":"20","mentions":[],"hashtags":[],"geo":"","raw":"짜지않고 양도 괜찮아서 다른데보다 자주시켜먹는거같습니다~수고하세요^^","polarity":{"com":0.003785385143397912,"pos":0.4138687732019813,"neg":0.40684660977240666,"neut":0.06164143072309163,"none":0.11385780115912254},"intensity":{"high":0.12767902858966843,"low":0.2551386144650198,"meium":0.5030173360718596,"none":0.11416502087345214},"expressive":{"dir-action":0.0009216589998683344,"dir-explicit":0.1983688099716616,"dir-speech":0.3627240143767537,"indirect":0.1822909808311013,"writing-device":0.255694535820615}},{"id":"피자에땅-공릉점","permalink":"","username":"asdfg","text":"굿~~^^ 맛나게 먹었어요","date":"Mon Dec 10 23:59:44 +0000 2018","retweets":"30","favorites":"20","mentions":[],"hashtags":[],"geo":"","raw":"굿~~^^ 맛나게 먹었어요","polarity":{"com":0,"pos":0.6666666665000001,"neg":0.3333333335,"neut":0,"none":0},"intensity":{"high":0.0555555555,"low":0.111111111,"meium":0.8333333334999999,"none":0},"expressive":{"dir-action":0,"dir-explicit":0.111111111,"dir-speech":0.388888889,"indirect":0.5,"writing-device":0}},{"id":"피자에땅-공릉점","permalink":"","username":"asdfg","text":"오랜만에 먹었는데 여번히 맛있네요!\n추천합니다","date":"Mon Dec 10 23:59:44 +0000 2018","retweets":"30","favorites":"20","mentions":[],"hashtags":[],"geo":"","raw":"오랜만에 먹었는데 여번히 맛있네요!\n추천합니다","polarity":{"com":0,"pos":0.44444444433333335,"neg":0.5555555556666666,"neut":0,"none":0},"intensity":{"high":0.20370370366666668,"low":0.074074074,"meium":0.7222222223333333,"none":0},"expressive":{"dir-action":0,"dir-explicit":0.07407407399999999,"dir-speech":0.5925925926666666,"indirect":0.3333333333333333,"writing-device":0}},{"id":"피자에땅-공릉점","permalink":"","username":"asdfg","text":"아이가 좋아하네요\n저희도 맛있게 먹었어요","date":"Mon Dec 10 23:59:44 +0000 2018","retweets":"30","favorites":"20","mentions":[],"hashtags":[],"geo":"","raw":"아이가 좋아하네요\n저희도 맛있게 먹었어요","polarity":{"com":0.00178571425,"pos":0.54315476175,"neg":0.342559524,"neut":0.0035714285,"none":0.1089285715},"intensity":{"high":0.0634920635,"low":0.11537698399999999,"meium":0.712202381,"none":0.1089285715},"expressive":{"dir-action":0,"dir-explicit":0.3832341269041915,"dir-speech":0.3944444444013889,"indirect":0.11517857147120535,"writing-device":0.10714285722321429}},{"id":"피자에땅-공릉점","permalink":"","username":"asdfg","text":"딸친구들 와서 시켜줬는데.. 맛있다고 하네요. 친절하시구요^^","date":"Mon Dec 10 23:59:44 +0000 2018","retweets":"30","favorites":"20","mentions":[],"hashtags":[],"geo":"","raw":"딸친구들 와서 시켜줬는데.. 맛있다고 하네요. 친절하시구요^^","polarity":{"com":0.0119669198,"pos":0.2719414484,"neg":0.6234611728,"neut":0.0479586014,"none":0.044671857599999996},"intensity":{"high":0.05674259638865149,"low":0.08039722078392057,"meium":0.8125608162374879,"none":0.050299366589940143},"expressive":{"dir-action":0.0035891732014356682,"dir-explicit":0.12976221565190488,"dir-speech":0.6547268302618907,"indirect":0.16035337166414132,"writing-device":0.05156840922062735}},{"id":"피자에땅-공릉점","permalink":"","username":"asdfg","text":"지금껏 시킨 피자중에\n가장 토핑이 제대루에\n한xx피자 처럼 처음에만 잘해주고\n두번째부터 소홀한건 아니겠죠??\n\n아무튼 일단 별5개 진심","date":"Mon Dec 10 23:59:44 +0000 2018","retweets":"30","favorites":"20","mentions":[],"hashtags":[],"geo":"","raw":"지금껏 시킨 피자중에\n가장 토핑이 제대루에\n한xx피자 처럼 처음에만 잘해주고\n두번째부터 소홀한건 아니겠죠??\n\n아무튼 일단 별5개 진심","polarity":{"com":0.03892300566234189,"pos":0.5326454363852616,"neg":0.22412257053065307,"neut":0.024806527330577054,"none":0.17950246009116638},"intensity":{"high":0.08885431377777778,"low":0.07390678566666668,"meium":0.6534237861111112,"none":0.18381511444444446},"expressive":{"dir-action":0.001206322111111111,"dir-explicit":0.3588637757777777,"dir-speech":0.27652092033333336,"indirect":0.1826818188888889,"writing-device":0.18072716288888888}},{"id":"피자에땅-공릉점","permalink":"","username":"asdfg","text":"맛있네요","date":"Mon Dec 10 23:59:44 +0000 2018","retweets":"30","favorites":"20","mentions":[],"hashtags":[],"geo":"","raw":"맛있네요","polarity":{"com":0,"pos":0,"neg":1,"neut":0,"none":0},"intensity":{"high":0,"low":0,"meium":1,"none":0},"expressive":{"dir-action":0,"dir-explicit":0,"dir-speech":1,"indirect":0,"writing-device":0}},{"id":"피자에땅-공릉점","permalink":"","username":"asdfg","text":"다양한 구성에 아이와 함께 맛있게 먹었어요~","date":"Mon Dec 10 23:59:44 +0000 2018","retweets":"30","favorites":"20","mentions":[],"hashtags":[],"geo":"","raw":"다양한 구성에 아이와 함께 맛있게 먹었어요~","polarity":{"com":0.05,"pos":0.63958333325,"neg":0.31041666675,"neut":0,"none":0},"intensity":{"high":0.02777777775,"low":0.1777146465,"meium":0.771780303,"none":0.02272727275},"expressive":{"dir-action":0,"dir-explicit":0.25044191925000003,"dir-speech":0.3694444445,"indirect":0.38011363625,"writing-device":0}},{"id":"피자에땅-공릉점","permalink":"","username":"asdfg","text":"이것저것할인해서두판시켜먹었는데 졸맛 정말맛있었어요\n할인도자주해서 잘시켜먹을게요\n배달도빨리오고 만족!","date":"Mon Dec 10 23:59:44 +0000 2018","retweets":"30","favorites":"20","mentions":[],"hashtags":[],"geo":"","raw":"이것저것할인해서두판시켜먹었는데 졸맛 정말맛있었어요\n할인도자주해서 잘시켜먹을게요\n배달도빨리오고 만족!","polarity":{"com":0.002570757666880896,"pos":0.43028041136919004,"neg":0.5298468022941538,"neut":0.01868875466822406,"none":0.018613274001551102},"intensity":{"high":0.05363469699106088,"low":0.07973762732004372,"meium":0.8468773357755205,"none":0.019750339913374944},"expressive":{"dir-action":0.006125118500510425,"dir-explicit":0.2518764235209897,"dir-speech":0.46908764003909065,"indirect":0.25142398077095196,"writing-device":0.021486837168457232}},{"id":"피자에땅-공릉점","permalink":"","username":"asdfg","text":"배달시간은좀마음에안들었으나\n피타도우.이거대박ㅋㅋ완전얇음.완전좋음ㅋ\n먹을생각없다가 할인하길래 즉흥적으로시킨건데 아주맘에듬ㅋ뭔가밋밋하고 도우도얇고 바삭하고 질리지가않길래 먹다보니 어느새혼자서20분만에 라지한판클리서..ㅎㅎ;;글고 피자가 갓나온피자마냥 완전뜨겁게옴.예전에 피자에땅은 동네피자집정도여서 잘안시켰는데 만족스러움ㅋ\n담엔다른메뉴먹어야짓ㅋ","date":"Mon Dec 10 23:59:44 +0000 2018","retweets":"30","favorites":"20","mentions":[],"hashtags":[],"geo":"","raw":"배달시간은좀마음에안들었으나\n피타도우.이거대박ㅋㅋ완전얇음.완전좋음ㅋ\n먹을생각없다가 할인하길래 즉흥적으로시킨건데 아주맘에듬ㅋ뭔가밋밋하고 도우도얇고 바삭하고 질리지가않길래 먹다보니 어느새혼자서20분만에 라지한판클리서..ㅎㅎ;;글고 피자가 갓나온피자마냥 완전뜨겁게옴.예전에 피자에땅은 동네피자집정도여서 잘안시켰는데 만족스러움ㅋ\n담엔다른메뉴먹어야짓ㅋ","polarity":{"com":0.010469531077459973,"pos":0.445545774612592,"neg":0.4106843064056761,"neut":0.05923310128508887,"none":0.07406728661918292},"intensity":{"high":0.10875870351560918,"low":0.0901228328484647,"meium":0.725343101403214,"none":0.0757753622327122},"expressive":{"dir-action":0.0026470343334012054,"dir-explicit":0.2645697028272966,"dir-speech":0.3732845098813663,"indirect":0.2817983218533795,"writing-device":0.0777004311045564}},{"id":"피자에땅-공릉점","permalink":"","username":"asdfg","text":"꽤 먼 거리에서 시켰는데도 취소안하시고 따뜻하게 잘 갔다주셔서 좋았습니다. \n피자에땅 도우가 이렇게나 쫄깃했나 싶을만큼 별도크러스트 없어도 맛있었구요.\n달피자는 평소 즐겨먹던대로 여러가지 치즈와 달착지근한 소스에 짭짤한 새우로 포인트로 조화로운 맛을 보여줍니다.\n다음에는 미트 어쩌고하는 이번 신제품도 도전합니다","date":"Mon Dec 10 23:59:44 +0000 2018","retweets":"30","favorites":"20","mentions":[],"hashtags":[],"geo":"","raw":"꽤 먼 거리에서 시켰는데도 취소안하시고 따뜻하게 잘 갔다주셔서 좋았습니다. \n피자에땅 도우가 이렇게나 쫄깃했나 싶을만큼 별도크러스트 없어도 맛있었구요.\n달피자는 평소 즐겨먹던대로 여러가지 치즈와 달착지근한 소스에 짭짤한 새우로 포인트로 조화로운 맛을 보여줍니다.\n다음에는 미트 어쩌고하는 이번 신제품도 도전합니다","polarity":{"com":0.015498628162790191,"pos":0.4394576755909153,"neg":0.4533484161729047,"neut":0.020589663614895774,"none":0.0711056164584941},"intensity":{"high":0.11124893522221777,"low":0.13643765776979233,"meium":0.6799726903329041,"none":0.07234071667508576},"expressive":{"dir-action":0.0007726410322331404,"dir-explicit":0.20778676338039392,"dir-speech":0.37725315814912086,"indirect":0.34027294047289436,"writing-device":0.0739144969653576}},{"id":"피자에땅-공릉점","permalink":"","username":"asdfg","text":"맛있게 잘먹엇습니다!  핫바비큐는 진리네요!","date":"Mon Dec 10 23:59:44 +0000 2018","retweets":"30","favorites":"20","mentions":[],"hashtags":[],"geo":"","raw":"맛있게 잘먹엇습니다!  핫바비큐는 진리네요!","polarity":{"com":0.0076252723358750905,"pos":0.23436041074478678,"neg":0.595238095531746,"neut":0.06224712102074904,"none":0.10052910036684302},"intensity":{"high":0.053065670684355214,"low":0.10659819470219939,"meium":0.7398070342466023,"none":0.10052910036684301},"expressive":{"dir-action":0,"dir-explicit":0.19234360433333336,"dir-speech":0.623093682,"indirect":0.07220666033333335,"writing-device":0.11235605333333336}},{"id":"피자에땅-공릉점","permalink":"","username":"asdfg","text":"댓글을 안달 수가 없네요... 지금 할인받아서 샀다고 장난치나요? 무슨 피자에 치즈가 없어요? 십년전부터 피자에땅 사먹었는데 이런 경우는 없었네요 9500원 주고 피자빵 사먹음","date":"Mon Dec 10 23:59:44 +0000 2018","retweets":"30","favorites":"20","mentions":[],"hashtags":[],"geo":"","raw":"댓글을 안달 수가 없네요... 지금 할인받아서 샀다고 장난치나요? 무슨 피자에 치즈가 없어요? 십년전부터 피자에땅 사먹었는데 이런 경우는 없었네요 9500원 주고 피자빵 사먹음","polarity":{"com":0.0032362459997303124,"pos":0.2390283721467477,"neg":0.5159695398736692,"neut":0.1542973054871419,"none":0.08746853649271098},"intensity":{"high":0.140562109226573,"low":0.13804502906032587,"meium":0.632306202227949,"none":0.08908665948515224},"expressive":{"dir-action":0.04166666666319444,"dir-explicit":0.2238258458980145,"dir-speech":0.37505509738541204,"indirect":0.26712948456107255,"writing-device":0.09232290549230641}},{"id":"피자에땅-공릉점","permalink":"","username":"asdfg","text":"쏘 쏘","date":"Mon Dec 10 23:59:44 +0000 2018","retweets":"30","favorites":"20","mentions":[],"hashtags":[],"geo":"","raw":"쏘 쏘","polarity":{"com":null,"pos":null,"neg":null,"neut":null,"none":null},"intensity":{"high":null,"low":null,"meium":null,"none":null},"expressive":{"dir-action":null,"dir-explicit":null,"dir-speech":null,"indirect":null,"writing-device":null}}]