[{"id":"피자마루-공릉점","permalink":"","username":"asdfg","text":"배달받지도 않았는데 배송완료 떠있어서 전화걸었더니 80~90년대 짜장면집스럽게 전화받든데 죄송할 일입니다 그따위로 받을 일이아니고요 시카고 피자의 기본이 흘러내리는 소스와 치즌데 소스는 맛도느껴지지않고 치즈는 배달이 어떻게 이뤄진건진 모르겠지만 싹 굳어와서 맛도 없네요 가격에 비해 양도 심히 적은 편이구요 일반 피자집 레귤러사이즈네요 23900원인데 많이 별로네요 이 가게","date":"Mon Dec 10 23:59:44 +0000 2018","retweets":"30","favorites":"20","mentions":[],"hashtags":[],"geo":"","raw":"배달받지도 않았는데 배송완료 떠있어서 전화걸었더니 80~90년대 짜장면집스럽게 전화받든데 죄송할 일입니다 그따위로 받을 일이아니고요 시카고 피자의 기본이 흘러내리는 소스와 치즌데 소스는 맛도느껴지지않고 치즈는 배달이 어떻게 이뤄진건진 모르겠지만 싹 굳어와서 맛도 없네요 가격에 비해 양도 심히 적은 편이구요 일반 피자집 레귤러사이즈네요 23900원인데 많이 별로네요 이 가게","polarity":{"com":0.042759493582024515,"pos":0.4914960578223063,"neg":0.3068354131389302,"neut":0.07363372326043978,"none":0.0852753121962992},"intensity":{"high":0.07771933684372383,"low":0.17503199336613107,"meium":0.6653113474945362,"none":0.08193732229560886},"expressive":{"dir-action":0.000381083064503836,"dir-explicit":0.2610680409270623,"dir-speech":0.3638991287301968,"indirect":0.2904902113454681,"writing-device":0.08416153593276898}},{"id":"피자마루-공릉점","permalink":"","username":"asdfg","text":"몇번 시켜먹었는데 역시나 맛있었어요~~바이트안에 고구마만큼 치즈도 듬쁙 들어있씀 좋았겠지만 그래도 전체적으로 치즈도 많고 요청대로 따끈하고 식지않게 왔어요~~딸아이가 좋아하는 피자입니다^^","date":"Mon Dec 10 23:59:44 +0000 2018","retweets":"30","favorites":"20","mentions":[],"hashtags":[],"geo":"","raw":"몇번 시켜먹었는데 역시나 맛있었어요~~바이트안에 고구마만큼 치즈도 듬쁙 들어있씀 좋았겠지만 그래도 전체적으로 치즈도 많고 요청대로 따끈하고 식지않게 왔어요~~딸아이가 좋아하는 피자입니다^^","polarity":{"com":0.010175558250635972,"pos":0.4317470089019842,"neg":0.4571667812785729,"neut":0.051273102128204566,"none":0.04963754944060234},"intensity":{"high":0.22265102909033138,"low":0.09970760432496344,"meium":0.6272580937034072,"none":0.05038327288129791},"expressive":{"dir-action":0.00018768768747653904,"dir-explicit":0.31655301096043087,"dir-speech":0.4183830895727021,"indirect":0.21427191303571602,"writing-device":0.05060429874367447}},{"id":"피자마루-공릉점","permalink":"","username":"asdfg","text":"보기엔 양이 적은데 치즈가 진짜 많아서 생각보다 배부르고 진짜 맛있습니다","date":"Mon Dec 10 23:59:44 +0000 2018","retweets":"30","favorites":"20","mentions":[],"hashtags":[],"geo":"","raw":"보기엔 양이 적은데 치즈가 진짜 많아서 생각보다 배부르고 진짜 맛있습니다","polarity":{"com":0.0029761905004960314,"pos":0.33241315855540216,"neg":0.5617954910936326,"neut":0.07817891651302981,"none":0.024636243337439377},"intensity":{"high":0.13111053602185177,"low":0.13543823318923967,"meium":0.7073268921178878,"none":0.026124338671020722},"expressive":{"dir-action":0,"dir-explicit":0.36341154822723526,"dir-speech":0.4424818840737469,"indirect":0.16682482169447074,"writing-device":0.027281746004546956}},{"id":"피자마루-공릉점","permalink":"","username":"asdfg","text":"맛있었어요 피자마루~!!","date":"Mon Dec 10 23:59:44 +0000 2018","retweets":"30","favorites":"20","mentions":[],"hashtags":[],"geo":"","raw":"맛있었어요 피자마루~!!","polarity":{"com":0,"pos":0,"neg":1,"neut":0,"none":0},"intensity":{"high":0,"low":0,"meium":1,"none":0},"expressive":{"dir-action":0,"dir-explicit":0,"dir-speech":1,"indirect":0,"writing-device":0}},{"id":"피자마루-공릉점","permalink":"","username":"asdfg","text":"좋아요 좋아. 배달도 빠르고 맛도 좋고","date":"Mon Dec 10 23:59:44 +0000 2018","retweets":"30","favorites":"20","mentions":[],"hashtags":[],"geo":"","raw":"좋아요 좋아. 배달도 빠르고 맛도 좋고","polarity":{"com":0,"pos":0.96,"neg":0.02,"neut":0,"none":0.02},"intensity":{"high":0.10000000000000002,"low":0.0755555555,"meium":0.8044444445,"none":0.02},"expressive":{"dir-action":0,"dir-explicit":0.29999999999999993,"dir-speech":0.4333333333333333,"indirect":0.24666666666666662,"writing-device":0.019999999999999997}},{"id":"피자마루-공릉점","permalink":"","username":"asdfg","text":"맛 있는데 배달료가 너무 비싸네요","date":"Mon Dec 10 23:59:44 +0000 2018","retweets":"30","favorites":"20","mentions":[],"hashtags":[],"geo":"","raw":"맛 있는데 배달료가 너무 비싸네요","polarity":{"com":0.00446428575,"pos":0.6026785715,"neg":0.28273809525,"neut":0.10342261900000001,"none":0.0066964285},"intensity":{"high":0.0401785715,"low":0.1101190475,"meium":0.8407738095,"none":0.0089285715},"expressive":{"dir-action":0,"dir-explicit":0.26041666674999997,"dir-speech":0.66145833325,"indirect":0.0714285715,"writing-device":0.0066964285}},{"id":"피자마루-공릉점","permalink":"","username":"asdfg","text":"맛잇긴 한데 오래걸려요","date":"Mon Dec 10 23:59:44 +0000 2018","retweets":"30","favorites":"20","mentions":[],"hashtags":[],"geo":"","raw":"맛잇긴 한데 오래걸려요","polarity":{"com":0,"pos":0.58146067425,"neg":0.28932584275,"neut":0.0168539325,"none":0.1123595505},"intensity":{"high":0.00842696625210674,"low":0.14185393253546347,"meium":0.7373595506843398,"none":0.11235955052808988},"expressive":{"dir-action":0,"dir-explicit":0.044943820238764046,"dir-speech":0.28370786517907304,"indirect":0.5280898876179775,"writing-device":0.1432584269641854}},{"id":"피자마루-공릉점","permalink":"","username":"asdfg","text":"맛있었습니다 ~ ~ 배달이 엄청 빨라요","date":"Mon Dec 10 23:59:44 +0000 2018","retweets":"30","favorites":"20","mentions":[],"hashtags":[],"geo":"","raw":"맛있었습니다 ~ ~ 배달이 엄청 빨라요","polarity":{"com":0,"pos":0.5,"neg":0.5,"neut":0,"none":0},"intensity":{"high":0,"low":0,"meium":1,"none":0},"expressive":{"dir-action":0,"dir-explicit":0,"dir-speech":1,"indirect":0,"writing-device":0}},{"id":"피자마루-공릉점","permalink":"","username":"asdfg","text":"정말 맛있게 잘 먹었습니다.","date":"Mon Dec 10 23:59:44 +0000 2018","retweets":"30","favorites":"20","mentions":[],"hashtags":[],"geo":"","raw":"정말 맛있게 잘 먹었습니다.","polarity":{"com":0,"pos":0.7321428573660714,"neg":0.10714285705357143,"neut":0.035714285517857144,"none":0.1250000000625},"intensity":{"high":0.25,"low":0.107142857,"meium":0.5178571430000001,"none":0.125},"expressive":{"dir-action":0,"dir-explicit":0.357142857,"dir-speech":0.19642857149999998,"indirect":0.3214285715,"writing-device":0.125}},{"id":"피자마루-공릉점","permalink":"","username":"asdfg","text":"그냥 피자로써 맛있긴 한데 도우도 그렇고 생각했던 시카고피자느낌은 아니었어요 아쉬워요","date":"Mon Dec 10 23:59:44 +0000 2018","retweets":"30","favorites":"20","mentions":[],"hashtags":[],"geo":"","raw":"그냥 피자로써 맛있긴 한데 도우도 그렇고 생각했던 시카고피자느낌은 아니었어요 아쉬워요","polarity":{"com":0.0010204081427113703,"pos":0.41482353922645376,"neg":0.4070730233704181,"neut":0.05063267384990962,"none":0.1264503554105071},"intensity":{"high":0.03821058557688722,"low":0.27920410246845767,"meium":0.5561349565080193,"none":0.12645035544663574},"expressive":{"dir-action":0,"dir-explicit":0.11714786025224348,"dir-speech":0.4257551435926414,"indirect":0.3140105480531398,"writing-device":0.14308644810197527}},{"id":"피자마루-공릉점","permalink":"","username":"asdfg","text":"배달이 이상한데로 갔나봐여 안옴;;","date":"Mon Dec 10 23:59:44 +0000 2018","retweets":"30","favorites":"20","mentions":[],"hashtags":[],"geo":"","raw":"배달이 이상한데로 갔나봐여 안옴;;","polarity":{"com":0.010416666750000001,"pos":0.6875000000000001,"neg":0.18750000000000003,"neut":0.10416666650000002,"none":0.010416666750000001},"intensity":{"high":0.04166666675,"low":0.27083333325000003,"meium":0.67708333325,"none":0.01041666675},"expressive":{"dir-action":0,"dir-explicit":0.08333333327083332,"dir-speech":0.6145833334036458,"indirect":0.2812500000703125,"writing-device":0.02083333325520833}},{"id":"피자마루-공릉점","permalink":"","username":"asdfg","text":"너무맛있습니다! 다음에도 또이용할게요","date":"Mon Dec 10 23:59:44 +0000 2018","retweets":"30","favorites":"20","mentions":[],"hashtags":[],"geo":"","raw":"너무맛있습니다! 다음에도 또이용할게요","polarity":{"com":0.0375,"pos":0.33928571425,"neg":0.51071428575,"neut":0.0035714285,"none":0.1089285715},"intensity":{"high":0.07142857150000001,"low":0.31428571424999996,"meium":0.50535714275,"none":0.1089285715},"expressive":{"dir-action":0,"dir-explicit":0.1892857142026786,"dir-speech":0.6464285713383928,"indirect":0.057142857235714266,"writing-device":0.10714285722321429}},{"id":"피자마루-공릉점","permalink":"","username":"asdfg","text":"양도 좋고 맛있었어요","date":"Mon Dec 10 23:59:44 +0000 2018","retweets":"30","favorites":"20","mentions":[],"hashtags":[],"geo":"","raw":"양도 좋고 맛있었어요","polarity":{"com":0,"pos":0.46,"neg":0.52,"neut":0,"none":0.02},"intensity":{"high":0.1,"low":0.02,"meium":0.86,"none":0.02},"expressive":{"dir-action":0,"dir-explicit":0.30000000000000004,"dir-speech":0.6000000000000001,"indirect":0.08000000000000002,"writing-device":0.020000000000000004}},{"id":"피자마루-공릉점","permalink":"","username":"asdfg","text":"왜 사이다를 시켰는데 콜라가왔을까요..","date":"Mon Dec 10 23:59:44 +0000 2018","retweets":"30","favorites":"20","mentions":[],"hashtags":[],"geo":"","raw":"왜 사이다를 시켰는데 콜라가왔을까요..","polarity":{"com":0.020814376673604792,"pos":0.33011070677670357,"neg":0.5984986351994996,"neut":0.04164771001388257,"none":0.008928571336309523},"intensity":{"high":0.4314907493333333,"low":0.07605398833333334,"meium":0.4805505003333333,"none":0.011904762},"expressive":{"dir-action":0.004246284663835811,"dir-explicit":0.2566348194955768,"dir-speech":0.5436571123042288,"indirect":0.18441006987706,"writing-device":0.01105171365929886}},{"id":"피자마루-공릉점","permalink":"","username":"asdfg","text":"잘먹었어요~~~^^^^","date":"Mon Dec 10 23:59:44 +0000 2018","retweets":"30","favorites":"20","mentions":[],"hashtags":[],"geo":"","raw":"잘먹었어요~~~^^^^","polarity":{"com":0,"pos":0.7142857147142857,"neg":0.21428571421428572,"neut":0.07142857107142857,"none":0},"intensity":{"high":0,"low":0.214285714,"meium":0.785714286,"none":0},"expressive":{"dir-action":0,"dir-explicit":0.214285714,"dir-speech":0.142857143,"indirect":0.642857143,"writing-device":0}},{"id":"피자마루-공릉점","permalink":"","username":"asdfg","text":"라지여서 컸을 줄 알았는데 레귤러 보다 살짝 크네요 ^^\n그래도 토핑 듬뿍 뿌려주셔서 맛있었습니다","date":"Mon Dec 10 23:59:44 +0000 2018","retweets":"30","favorites":"20","mentions":[],"hashtags":[],"geo":"","raw":"라지여서 컸을 줄 알았는데 레귤러 보다 살짝 크네요 ^^\n그래도 토핑 듬뿍 뿌려주셔서 맛있었습니다","polarity":{"com":0,"pos":0.37931034480000003,"neg":0.5931034484,"neut":0.027586206800000002,"none":0},"intensity":{"high":0.251724138,"low":0.22758620680000002,"meium":0.5068965516,"none":0.0137931036},"expressive":{"dir-action":0.1,"dir-explicit":0.2206896552,"dir-speech":0.2551724136,"indirect":0.22413793120000003,"writing-device":0.2}},{"id":"피자마루-공릉점","permalink":"","username":"asdfg","text":"Jmt ,,, 진짜 마싯게 먹었어용ㅎㅎ최고","date":"Mon Dec 10 23:59:44 +0000 2018","retweets":"30","favorites":"20","mentions":[],"hashtags":[],"geo":"","raw":"Jmt ,,, 진짜 마싯게 먹었어용ㅎㅎ최고","polarity":{"com":0,"pos":0.611111111,"neg":0.388888889,"neut":0,"none":0},"intensity":{"high":0.44444444450000004,"low":0.111111111,"meium":0.4444444445,"none":0},"expressive":{"dir-action":0,"dir-explicit":0.111111111,"dir-speech":0.388888889,"indirect":0.5,"writing-device":0}},{"id":"피자마루-공릉점","permalink":"","username":"asdfg","text":"피자도 맛있구 스파게티도 맛있구\n너무너무 행복했어요 ㅠㅠ","date":"Mon Dec 10 23:59:44 +0000 2018","retweets":"30","favorites":"20","mentions":[],"hashtags":[],"geo":"","raw":"피자도 맛있구 스파게티도 맛있구\n너무너무 행복했어요 ㅠㅠ","polarity":{"com":0.004761904666666666,"pos":0.365079365,"neg":0.3301587303333334,"neut":0.009523809333333333,"none":0.2904761906666667},"intensity":{"high":0.24338624333333334,"low":0.076190476,"meium":0.38994709,"none":0.2904761906666667},"expressive":{"dir-action":0,"dir-explicit":0.3460317461026455,"dir-speech":0.2370370368419753,"indirect":0.13121693124585537,"writing-device":0.2857142858095238}},{"id":"피자마루-공릉점","permalink":"","username":"asdfg","text":"네네 잘 먹었습니다요 감사합니다","date":"Mon Dec 10 23:59:44 +0000 2018","retweets":"30","favorites":"20","mentions":[],"hashtags":[],"geo":"","raw":"네네 잘 먹었습니다요 감사합니다","polarity":{"com":0,"pos":0.8571428574285714,"neg":0.10714285705357143,"neut":0.035714285517857144,"none":0},"intensity":{"high":0.5,"low":0.107142857,"meium":0.392857143,"none":0},"expressive":{"dir-action":0,"dir-explicit":0.107142857,"dir-speech":0.5714285715,"indirect":0.3214285715,"writing-device":0}},{"id":"피자마루-공릉점","permalink":"","username":"asdfg","text":"냄새땜에 미치겠어서 먹다 찍었네요ㅠㅠㅋㅋㅋㅋㅋ\n맛있어용!! 둘이서 다 못먹을 줄 알았는데 안남겼어요!!\n남자친구랑 신명나게 먹었습니다 감사합니다아~~","date":"Mon Dec 10 23:59:44 +0000 2018","retweets":"30","favorites":"20","mentions":[],"hashtags":[],"geo":"","raw":"냄새땜에 미치겠어서 먹다 찍었네요ㅠㅠㅋㅋㅋㅋㅋ\n맛있어용!! 둘이서 다 못먹을 줄 알았는데 안남겼어요!!\n남자친구랑 신명나게 먹었습니다 감사합니다아~~","polarity":{"com":0.0023720772307692303,"pos":0.35738490576923077,"neg":0.5963868180769231,"neut":0.01639274823076923,"none":0.027463450692307687},"intensity":{"high":0.27850829415384615,"low":0.13837117353846154,"meium":0.5553182134615384,"none":0.02780231884615384},"expressive":{"dir-action":0.0003388681538461538,"dir-explicit":0.18821807776923077,"dir-speech":0.5064959820769231,"indirect":0.19541398392307693,"writing-device":0.10953308807692307}},{"id":"피자마루-공릉점","permalink":"","username":"asdfg","text":"굳굳 맛있어여 또 먹어야징","date":"Mon Dec 10 23:59:44 +0000 2018","retweets":"30","favorites":"20","mentions":[],"hashtags":[],"geo":"","raw":"굳굳 맛있어여 또 먹어야징","polarity":{"com":0,"pos":0.0714285714642857,"neg":0.7142857141428571,"neut":0,"none":0.21428571439285712},"intensity":{"high":0,"low":0,"meium":0.7857142855,"none":0.2142857145},"expressive":{"dir-action":0,"dir-explicit":0.0714285715,"dir-speech":0.642857143,"indirect":0,"writing-device":0.2857142855}},{"id":"피자마루-공릉점","permalink":"","username":"asdfg","text":"배달이조금 느렸지만 맛있고 양도많아서 좋았어용~👍🏻👍🏻","date":"Mon Dec 10 23:59:44 +0000 2018","retweets":"30","favorites":"20","mentions":[],"hashtags":[],"geo":"","raw":"배달이조금 느렸지만 맛있고 양도많아서 좋았어용~👍🏻👍🏻","polarity":{"com":0,"pos":0.4622608696,"neg":0.4210434782,"neut":0.10869565219999999,"none":0.008},"intensity":{"high":0.09217391301843479,"low":0.15147826083029564,"meium":0.7483478261496695,"none":0.0080000000016},"expressive":{"dir-action":0,"dir-explicit":0.4243478260848695,"dir-speech":0.4834782608966956,"indirect":0.08417391301683479,"writing-device":0.008000000001599998}},{"id":"피자마루-공릉점","permalink":"","username":"asdfg","text":"불고기피자를 시켰는데 고구마피자가 왓더군요\n가게에 전화를 했더니 그냥 드시면 안되겟냐고;;\n전화하는 도중에도 미안해하시는 느낌을 받지 못했습니다","date":"Mon Dec 10 23:59:44 +0000 2018","retweets":"30","favorites":"20","mentions":[],"hashtags":[],"geo":"","raw":"불고기피자를 시켰는데 고구마피자가 왓더군요\n가게에 전화를 했더니 그냥 드시면 안되겟냐고;;\n전화하는 도중에도 미안해하시는 느낌을 받지 못했습니다","polarity":{"com":0.0069585987000000005,"pos":0.5119124148,"neg":0.4049513909000001,"neut":0.026479319700000004,"none":0.0496982759},"intensity":{"high":0.0949728789094973,"low":0.10337517421033751,"meium":0.7545090896754508,"none":0.047142857204714284},"expressive":{"dir-action":0.0012738853996178345,"dir-explicit":0.1980849392405745,"dir-speech":0.4146007651756197,"indirect":0.3364194772990741,"writing-device":0.049620932885113725}},{"id":"피자마루-공릉점","permalink":"","username":"asdfg","text":"양도 괜찮고요\n맛도 넘 괜찮아서 좋았어요\n그리고배달도 빨라서\n좋고요","date":"Mon Dec 10 23:59:44 +0000 2018","retweets":"30","favorites":"20","mentions":[],"hashtags":[],"geo":"","raw":"양도 괜찮고요\n맛도 넘 괜찮아서 좋았어요\n그리고배달도 빨라서\n좋고요","polarity":{"com":0.05816326528571429,"pos":0.7506122448571428,"neg":0.11551020414285716,"neut":0.0020408162857142855,"none":0.07367346942857143},"intensity":{"high":0.106122449,"low":0.07537414957142859,"meium":0.744829932,"none":0.07367346942857143},"expressive":{"dir-action":0,"dir-explicit":0.19795918368600582,"dir-speech":0.47142857136122457,"indirect":0.2579591836774344,"writing-device":0.07265306127533527}},{"id":"피자마루-공릉점","permalink":"","username":"asdfg","text":"항상 맛있게 잘 먹고 있어요..감사감사","date":"Mon Dec 10 23:59:44 +0000 2018","retweets":"30","favorites":"20","mentions":[],"hashtags":[],"geo":"","raw":"항상 맛있게 잘 먹고 있어요..감사감사","polarity":{"com":0,"pos":0.9047619049682539,"neg":0.07142857135714285,"neut":0.023809523674603175,"none":0},"intensity":{"high":0.3333333333333333,"low":0.07142857133333333,"meium":0.5952380953333334,"none":0},"expressive":{"dir-action":0,"dir-explicit":0.238095238,"dir-speech":0.5476190476666667,"indirect":0.21428571433333332,"writing-device":0}},{"id":"피자마루-공릉점","permalink":"","username":"asdfg","text":"시카고피자를 먹을 수 있어서 너무 좋아요! \n전 맛있는데 신랑은 강한 향이난다고 해요. \n그래도 전 좋아요","date":"Mon Dec 10 23:59:44 +0000 2018","retweets":"30","favorites":"20","mentions":[],"hashtags":[],"geo":"","raw":"시카고피자를 먹을 수 있어서 너무 좋아요! \n전 맛있는데 신랑은 강한 향이난다고 해요. \n그래도 전 좋아요","polarity":{"com":0.023987392891554153,"pos":0.2203977325800442,"neg":0.5230129767247792,"neut":0.1293462751254829,"none":0.10325562267813952},"intensity":{"high":0.06036139433333333,"low":0.2084340281111111,"meium":0.6266718156666666,"none":0.10453276188888888},"expressive":{"dir-action":0.0026925674441452704,"dir-explicit":0.2201969270866448,"dir-speech":0.5826630474908151,"indirect":0.08665270365703859,"writing-device":0.10779475432135613}},{"id":"피자마루-공릉점","permalink":"","username":"asdfg","text":"박스가 뜨끈뜨끈 정말 메세지대로 식지않고 맛있게 배달됐습니다.\n항상 기본 콤비네이션 시켜 먹었는데 이번엔 바이트로 시켜봤어요~~\n하나씩 떼어 갈릭디핑소스에 콕 찍어 먹으니 정말 맛있더라구요^^","date":"Mon Dec 10 23:59:44 +0000 2018","retweets":"30","favorites":"20","mentions":[],"hashtags":[],"geo":"","raw":"박스가 뜨끈뜨끈 정말 메세지대로 식지않고 맛있게 배달됐습니다.\n항상 기본 콤비네이션 시켜 먹었는데 이번엔 바이트로 시켜봤어요~~\n하나씩 떼어 갈릭디핑소스에 콕 찍어 먹으니 정말 맛있더라구요^^","polarity":{"com":0.0013736263847210484,"pos":0.5083943833467996,"neg":0.3421855922570913,"neut":0.10141941393087843,"none":0.04662698408050978},"intensity":{"high":0.10882173384615387,"low":0.09737484730769232,"meium":0.7464896215384615,"none":0.0473137973076923},"expressive":{"dir-action":0,"dir-explicit":0.28952991453846155,"dir-speech":0.5447954823076923,"indirect":0.11782661784615384,"writing-device":0.0478479853076923}},{"id":"피자마루-공릉점","permalink":"","username":"asdfg","text":"맛있어요 ~~~~~~~","date":"Mon Dec 10 23:59:44 +0000 2018","retweets":"30","favorites":"20","mentions":[],"hashtags":[],"geo":"","raw":"맛있어요 ~~~~~~~","polarity":{"com":0,"pos":0,"neg":1,"neut":0,"none":0},"intensity":{"high":0,"low":0,"meium":1,"none":0},"expressive":{"dir-action":0,"dir-explicit":0,"dir-speech":1,"indirect":0,"writing-device":0}},{"id":"피자마루-공릉점","permalink":"","username":"asdfg","text":"전에 먹어보고 괜찮아서 또 시켰어요 정말 맛있어요😊","date":"Mon Dec 10 23:59:44 +0000 2018","retweets":"30","favorites":"20","mentions":[],"hashtags":[],"geo":"","raw":"전에 먹어보고 괜찮아서 또 시켰어요 정말 맛있어요😊","polarity":{"com":0.008333333396666667,"pos":0.32857142846857146,"neg":0.3023809524790476,"neut":0.2166666665133333,"none":0.14404761914238096},"intensity":{"high":0.15555555559999998,"low":0.261111111,"meium":0.43928571420000007,"none":0.1440476192},"expressive":{"dir-action":0,"dir-explicit":0.23968253964793648,"dir-speech":0.5543650795108731,"indirect":0.025000000005000002,"writing-device":0.18095238083619047}},{"id":"피자마루-공릉점","permalink":"","username":"asdfg","text":"정신없이 먹다 생각나서 남은 조각만 찍었네요~~두번째 주문이고 뜨끈뜨끈 맛있어요^^","date":"Mon Dec 10 23:59:44 +0000 2018","retweets":"30","favorites":"20","mentions":[],"hashtags":[],"geo":"","raw":"정신없이 먹다 생각나서 남은 조각만 찍었네요~~두번째 주문이고 뜨끈뜨끈 맛있어요^^","polarity":{"com":0,"pos":0.31463675205243946,"neg":0.5555555555925926,"neut":0.05021367517503561,"none":0.07959401717993234},"intensity":{"high":0.09116809116666667,"low":0.08725071216666667,"meium":0.7419871795,"none":0.07959401716666667},"expressive":{"dir-action":0,"dir-explicit":0.4296652421666667,"dir-speech":0.4570868945,"indirect":0.037927350500000005,"writing-device":0.07532051283333334}},{"id":"피자마루-공릉점","permalink":"","username":"asdfg","text":"맛있는데 소스맛이 강해서 다음엔 오리지널로 먹어볼까해요 배달은 빨랐습니다~","date":"Mon Dec 10 23:59:44 +0000 2018","retweets":"30","favorites":"20","mentions":[],"hashtags":[],"geo":"","raw":"맛있는데 소스맛이 강해서 다음엔 오리지널로 먹어볼까해요 배달은 빨랐습니다~","polarity":{"com":0,"pos":0.4563492063070437,"neg":0.39682539692460317,"neut":0.1369047618921131,"none":0.00992063487624008},"intensity":{"high":0.017857142875,"low":0.22420634912499998,"meium":0.7480158731250001,"none":0.009920634875},"expressive":{"dir-action":0,"dir-explicit":0.047619047625,"dir-speech":0.805555555625,"indirect":0.134920634875,"writing-device":0.011904761875}},{"id":"피자마루-공릉점","permalink":"","username":"asdfg","text":"너 왜이 피자 배달 할래?","date":"Mon Dec 10 23:59:44 +0000 2018","retweets":"30","favorites":"20","mentions":[],"hashtags":[],"geo":"","raw":"너 왜이 피자 배달 할래?","polarity":{"com":0,"pos":0.5,"neg":0.5,"neut":0,"none":0},"intensity":{"high":0.5,"low":0,"meium":0.5,"none":0},"expressive":{"dir-action":0,"dir-explicit":0,"dir-speech":1,"indirect":0,"writing-device":0}},{"id":"피자마루-공릉점","permalink":"","username":"asdfg","text":"진쨔 맛있어용!!!!!!","date":"Mon Dec 10 23:59:44 +0000 2018","retweets":"30","favorites":"20","mentions":[],"hashtags":[],"geo":"","raw":"진쨔 맛있어용!!!!!!","polarity":{"com":0,"pos":0,"neg":1,"neut":0,"none":0},"intensity":{"high":0,"low":0,"meium":1,"none":0},"expressive":{"dir-action":0,"dir-explicit":0,"dir-speech":1,"indirect":0,"writing-device":0}},{"id":"피자마루-공릉점","permalink":"","username":"asdfg","text":"따끈따끈 식지 않게 배달되어 치즈가 쭈~욱 늘어나네요ㅎㅎ\n첫주문이라 5천원 할인되어 착한 가격에 맛있게 잘 먹었어요^^","date":"Mon Dec 10 23:59:44 +0000 2018","retweets":"30","favorites":"20","mentions":[],"hashtags":[],"geo":"","raw":"따끈따끈 식지 않게 배달되어 치즈가 쭈~욱 늘어나네요ㅎㅎ\n첫주문이라 5천원 할인되어 착한 가격에 맛있게 잘 먹었어요^^","polarity":{"com":0.005032467545912042,"pos":0.6515151516046831,"neg":0.31812770557437514,"neut":0.022889610365717232,"none":0.002435064909312278},"intensity":{"high":0.17408008663636362,"low":0.03717532463636364,"meium":0.7843614718181818,"none":0.004383116909090909},"expressive":{"dir-action":0,"dir-explicit":0.22137445881818177,"dir-speech":0.2391233766363636,"indirect":0.5370670996363636,"writing-device":0.0024350649090909087}},{"id":"피자마루-공릉점","permalink":"","username":"asdfg","text":"우리 아이덜이 좋아라합니다","date":"Mon Dec 10 23:59:44 +0000 2018","retweets":"30","favorites":"20","mentions":[],"hashtags":[],"geo":"","raw":"우리 아이덜이 좋아라합니다","polarity":{"com":0.08267020350000001,"pos":0.43015030899999995,"neg":0.35499557950000005,"neut":0.0344827585,"none":0.0977011495},"intensity":{"high":0.0959328029520336,"low":0.10167992944916003,"meium":0.6989389916505304,"none":0.10344827594827587},"expressive":{"dir-action":0.005747126502873563,"dir-explicit":0.11892130855946066,"dir-speech":0.5530503977765252,"indirect":0.20733863860366933,"writing-device":0.11494252855747127}},{"id":"피자마루-공릉점","permalink":"","username":"asdfg","text":"맛있어요~~~~~~~","date":"Mon Dec 10 23:59:44 +0000 2018","retweets":"30","favorites":"20","mentions":[],"hashtags":[],"geo":"","raw":"맛있어요~~~~~~~","polarity":{"com":0,"pos":0,"neg":1,"neut":0,"none":0},"intensity":{"high":0,"low":0,"meium":1,"none":0},"expressive":{"dir-action":0,"dir-explicit":0,"dir-speech":1,"indirect":0,"writing-device":0}},{"id":"피자마루-공릉점","permalink":"","username":"asdfg","text":"맛있어요. 다음에 또 주문할게요~","date":"Mon Dec 10 23:59:44 +0000 2018","retweets":"30","favorites":"20","mentions":[],"hashtags":[],"geo":"","raw":"맛있어요. 다음에 또 주문할게요~","polarity":{"com":0.004838709748790322,"pos":0.16474654370881336,"neg":0.6953149000761712,"neut":0.020967741994758066,"none":0.11413210447146697},"intensity":{"high":0.03494623649999999,"low":0.02903225799999999,"meium":0.8213517664999999,"none":0.11466973899999998},"expressive":{"dir-action":0.00161290325,"dir-explicit":0.11420890950000001,"dir-speech":0.6450844855000001,"indirect":0.08924731175,"writing-device":0.14984639}},{"id":"피자마루-공릉점","permalink":"","username":"asdfg","text":"가성비 최고에요.","date":"Mon Dec 10 23:59:44 +0000 2018","retweets":"30","favorites":"20","mentions":[],"hashtags":[],"geo":"","raw":"가성비 최고에요.","polarity":{"com":0,"pos":0.5353535355,"neg":0.328282828,"neut":0.090909091,"none":0.0454545455},"intensity":{"high":0.4343434345,"low":0.090909091,"meium":0.429292929,"none":0.0454545455},"expressive":{"dir-action":0,"dir-explicit":0,"dir-speech":0.409090909,"indirect":0.5454545454999999,"writing-device":0.0454545455}},{"id":"피자마루-공릉점","permalink":"","username":"asdfg","text":"이것만 먹는데 다른데보다 여기가 젤 맛나용","date":"Mon Dec 10 23:59:44 +0000 2018","retweets":"30","favorites":"20","mentions":[],"hashtags":[],"geo":"","raw":"이것만 먹는데 다른데보다 여기가 젤 맛나용","polarity":{"com":0,"pos":0.44444444440740744,"neg":0.44444444457407406,"neut":0.05555555550925926,"none":0.05555555550925926},"intensity":{"high":0.2685185185447531,"low":0.0925925925154321,"meium":0.5833333334305556,"none":0.05555555550925926},"expressive":{"dir-action":0,"dir-explicit":0.1481481481666667,"dir-speech":0.6574074075,"indirect":0.13888888883333336,"writing-device":0.05555555550000001}},{"id":"피자마루-공릉점","permalink":"","username":"asdfg","text":"피자는 되게 맛있고 직원분도 친절하신데 예상배달시간보다 늦게 도착했어요 그래도 져아요!!!!♡","date":"Mon Dec 10 23:59:44 +0000 2018","retweets":"30","favorites":"20","mentions":[],"hashtags":[],"geo":"","raw":"피자는 되게 맛있고 직원분도 친절하신데 예상배달시간보다 늦게 도착했어요 그래도 져아요!!!!♡","polarity":{"com":0.005731566875716446,"pos":0.2892505119111563,"neg":0.5989855351998732,"neut":0.03465821812933228,"none":0.07137416788392177},"intensity":{"high":0.119271633375,"low":0.073079877,"meium":0.7357366872500001,"none":0.071911802375},"expressive":{"dir-action":0.0016129032497983872,"dir-explicit":0.24655017934418125,"dir-speech":0.38198924732725137,"indirect":0.29738223233782723,"writing-device":0.07246543774094182}},{"id":"피자마루-공릉점","permalink":"","username":"asdfg","text":"맛나여.맛나여.맛나여.맛나여.맛나여","date":"Mon Dec 10 23:59:44 +0000 2018","retweets":"30","favorites":"20","mentions":[],"hashtags":[],"geo":"","raw":"맛나여.맛나여.맛나여.맛나여.맛나여","polarity":{"com":0,"pos":1,"neg":0,"neut":0,"none":0},"intensity":{"high":0,"low":0,"meium":1,"none":0},"expressive":{"dir-action":0,"dir-explicit":0,"dir-speech":1,"indirect":0,"writing-device":0}},{"id":"피자마루-공릉점","permalink":"","username":"asdfg","text":"배달기사님 친절하고 맛있었어요~","date":"Mon Dec 10 23:59:44 +0000 2018","retweets":"30","favorites":"20","mentions":[],"hashtags":[],"geo":"","raw":"배달기사님 친절하고 맛있었어요~","polarity":{"com":0.006451612999999999,"pos":0.505376344,"neg":0.4508960573333334,"neut":0.027956989333333335,"none":0.009318996333333334},"intensity":{"high":0.04659498199999999,"low":0.038709677333333324,"meium":0.9046594983333333,"none":0.010035842333333331},"expressive":{"dir-action":0.002150537666666667,"dir-explicit":0.10465949833333334,"dir-speech":0.7648745519999999,"indirect":0.11899641566666667,"writing-device":0.009318996333333334}},{"id":"피자마루-공릉점","permalink":"","username":"asdfg","text":"맛은 있는데 배달이 너무... 너무.... 느려요....","date":"Mon Dec 10 23:59:44 +0000 2018","retweets":"30","favorites":"20","mentions":[],"hashtags":[],"geo":"","raw":"맛은 있는데 배달이 너무... 너무.... 느려요....","polarity":{"com":0.0589285714,"pos":0.525,"neg":0.3178571428,"neut":0.0071428572,"none":0.0910714286},"intensity":{"high":0.06607142860000001,"low":0.06785714300000001,"meium":0.7749999998000001,"none":0.09107142860000002},"expressive":{"dir-action":0,"dir-explicit":0.2678571426,"dir-speech":0.555357143,"indirect":0.0857142858,"writing-device":0.0910714286}},{"id":"피자마루-공릉점","permalink":"","username":"asdfg","text":"뜨끈뜨끈 하게 도착해서 맛있게 먹었어요","date":"Mon Dec 10 23:59:44 +0000 2018","retweets":"30","favorites":"20","mentions":[],"hashtags":[],"geo":"","raw":"뜨끈뜨끈 하게 도착해서 맛있게 먹었어요","polarity":{"com":0.0077122729999999995,"pos":0.29282536125,"neg":0.6054134225,"neut":0.038209121250000005,"none":0.055839822},"intensity":{"high":0.09145964647713507,"low":0.11619700897095074,"meium":0.7330923248167269,"none":0.059251019735187246},"expressive":{"dir-action":0.004486466501121616,"dir-explicit":0.17428006429357001,"dir-speech":0.6215486344053871,"indirect":0.1352243232838061,"writing-device":0.06446051151611512}},{"id":"피자마루-공릉점","permalink":"","username":"asdfg","text":"발 먹었엉ㅅ. \n치즈피자를 시켰는뎅.. 맛나네용","date":"Mon Dec 10 23:59:44 +0000 2018","retweets":"30","favorites":"20","mentions":[],"hashtags":[],"geo":"","raw":"발 먹었엉ㅅ. \n치즈피자를 시켰는뎅.. 맛나네용","polarity":{"com":0.022292993511146497,"pos":0.7898089173949044,"neg":0.16560509558280254,"neut":0.022292993511146497,"none":0},"intensity":{"high":0.066878981,"low":0.060509554,"meium":0.872611465,"none":0},"expressive":{"dir-action":0.006369426993630573,"dir-explicit":0.19745222930254774,"dir-speech":0.6592356683407642,"indirect":0.13375796186624203,"writing-device":0.0031847134968152864}},{"id":"피자마루-공릉점","permalink":"","username":"asdfg","text":"피자마루가 가성비 짱!!!","date":"Mon Dec 10 23:59:44 +0000 2018","retweets":"30","favorites":"20","mentions":[],"hashtags":[],"geo":"","raw":"피자마루가 가성비 짱!!!","polarity":{"com":0.017857143,"pos":0.410714286,"neg":0.464285714,"neut":0.080357143,"none":0.026785714},"intensity":{"high":0.160714286,"low":0.107142857,"meium":0.696428571,"none":0.035714286},"expressive":{"dir-action":0,"dir-explicit":0.37500000000000006,"dir-speech":0.31250000000000006,"indirect":0.28571428600000004,"writing-device":0.026785714000000002}},{"id":"피자마루-공릉점","permalink":"","username":"asdfg","text":"콜라도 주시고 빠르고 맛나네요","date":"Mon Dec 10 23:59:44 +0000 2018","retweets":"30","favorites":"20","mentions":[],"hashtags":[],"geo":"","raw":"콜라도 주시고 빠르고 맛나네요","polarity":{"com":0.0035714285,"pos":0.607142857,"neg":0.1642857145,"neut":0.007142857,"none":0.217857143},"intensity":{"high":0.0714285715,"low":0.2238095235,"meium":0.486904762,"none":0.217857143},"expressive":{"dir-action":0,"dir-explicit":0.09285714295357143,"dir-speech":0.149999999925,"indirect":0.5428571427285714,"writing-device":0.21428571439285712}},{"id":"피자마루-공릉점","permalink":"","username":"asdfg","text":"배달 조금 늦었지만 괜찮았어요\n맛있어요","date":"Mon Dec 10 23:59:44 +0000 2018","retweets":"30","favorites":"20","mentions":[],"hashtags":[],"geo":"","raw":"배달 조금 늦었지만 괜찮았어요\n맛있어요","polarity":{"com":0,"pos":0.3333333333333333,"neg":0.6666666666666666,"neut":0,"none":0},"intensity":{"high":0,"low":0,"meium":1,"none":0},"expressive":{"dir-action":0,"dir-explicit":0,"dir-speech":0.6666666666666666,"indirect":0.3333333333333333,"writing-device":0}},{"id":"피자마루-공릉점","permalink":"","username":"asdfg","text":"무난하게 맛있습니디 ! 가성비굳굳","date":"Mon Dec 10 23:59:44 +0000 2018","retweets":"30","favorites":"20","mentions":[],"hashtags":[],"geo":"","raw":"무난하게 맛있습니디 ! 가성비굳굳","polarity":{"com":0,"pos":0.7272727273333334,"neg":0.1818181816666667,"neut":0.060606060666666677,"none":0.030303030333333338},"intensity":{"high":0.03030303033333333,"low":0.393939394,"meium":0.5454545453333334,"none":0.03030303033333333},"expressive":{"dir-action":0,"dir-explicit":0.3333333333333333,"dir-speech":0.606060606,"indirect":0.03030303033333333,"writing-device":0.03030303033333333}},{"id":"피자마루-공릉점","permalink":"","username":"asdfg","text":"배달 빠르구요 맛도 준수하구요 이정도 가격에 이정도 맛이면 훌륭하네요~","date":"Mon Dec 10 23:59:44 +0000 2018","retweets":"30","favorites":"20","mentions":[],"hashtags":[],"geo":"","raw":"배달 빠르구요 맛도 준수하구요 이정도 가격에 이정도 맛이면 훌륭하네요~","polarity":{"com":0.0042883819999999994,"pos":0.704748566,"neg":0.12471655342857144,"neut":0.024636521285714284,"none":0.14160997728571428},"intensity":{"high":0.03861544614837363,"low":0.05656929429379561,"meium":0.7632052822518864,"none":0.14160997730594427},"expressive":{"dir-action":0,"dir-explicit":0.12438308669651672,"dir-speech":0.3575163398060691,"indirect":0.37470988394647003,"writing-device":0.1433906895509442}},{"id":"피자마루-공릉점","permalink":"","username":"asdfg","text":"배달은 느린데\n피자는 맛있어요","date":"Mon Dec 10 23:59:44 +0000 2018","retweets":"30","favorites":"20","mentions":[],"hashtags":[],"geo":"","raw":"배달은 느린데\n피자는 맛있어요","polarity":{"com":0,"pos":0.658730158829365,"neg":0.2539682541269841,"neut":0.04761904752380952,"none":0.03968253951984127},"intensity":{"high":0.015873016000000004,"low":0.11904761900000001,"meium":0.8253968255,"none":0.03968253950000001},"expressive":{"dir-action":0,"dir-explicit":0.0793650795,"dir-speech":0.8333333334999999,"indirect":0.0396825395,"writing-device":0.0476190475}},{"id":"피자마루-공릉점","permalink":"","username":"asdfg","text":"좋아좋아좋아맛있어연!","date":"Mon Dec 10 23:59:44 +0000 2018","retweets":"30","favorites":"20","mentions":[],"hashtags":[],"geo":"","raw":"좋아좋아좋아맛있어연!","polarity":{"com":0,"pos":0.6900000000000001,"neg":0.28,"neut":0,"none":0.03},"intensity":{"high":0.15000000000000002,"low":0.03,"meium":0.79,"none":0.03},"expressive":{"dir-action":0,"dir-explicit":0.44999999999999996,"dir-speech":0.4,"indirect":0.12,"writing-device":0.03}},{"id":"피자마루-공릉점","permalink":"","username":"asdfg","text":"피자는 정말 맛있네요 ㅎㅎ","date":"Mon Dec 10 23:59:44 +0000 2018","retweets":"30","favorites":"20","mentions":[],"hashtags":[],"geo":"","raw":"피자는 정말 맛있네요 ㅎㅎ","polarity":{"com":0,"pos":0.1587301585793651,"neg":0.7539682543769841,"neut":0.04761904752380952,"none":0.03968253951984128},"intensity":{"high":0.015873016000000004,"low":0.11904761900000001,"meium":0.8253968255,"none":0.03968253950000001},"expressive":{"dir-action":0,"dir-explicit":0.0793650795,"dir-speech":0.8333333334999999,"indirect":0.0396825395,"writing-device":0.0476190475}},{"id":"피자마루-공릉점","permalink":"","username":"asdfg","text":"맛있습니다. 베스트 메뉴 다 먹어보고 싶네요. 감사합니다.","date":"Mon Dec 10 23:59:44 +0000 2018","retweets":"30","favorites":"20","mentions":[],"hashtags":[],"geo":"","raw":"맛있습니다. 베스트 메뉴 다 먹어보고 싶네요. 감사합니다.","polarity":{"com":0.010416666747395832,"pos":0.5327380951168155,"neg":0.3541666666614583,"neut":0.020833333244791665,"none":0.08184523822953868},"intensity":{"high":0.3630952381592263,"low":0.02083333324479167,"meium":0.5342261903664436,"none":0.0818452382295387},"expressive":{"dir-action":0,"dir-explicit":0.19047619050000003,"dir-speech":0.6860119047500001,"indirect":0.03125000000000001,"writing-device":0.09226190475000001}},{"id":"피자마루-공릉점","permalink":"","username":"asdfg","text":"문프때문에 시켜봤는데요. 참 맛나고요.\n아이들도 매우 좋아하고 다만 피자ㅛㅏ이즈가 작게 느껴질 정도로 맛나네요. ㅋㅋㅋ","date":"Mon Dec 10 23:59:44 +0000 2018","retweets":"30","favorites":"20","mentions":[],"hashtags":[],"geo":"","raw":"문프때문에 시켜봤는데요. 참 맛나고요.\n아이들도 매우 좋아하고 다만 피자ㅛㅏ이즈가 작게 느껴질 정도로 맛나네요. ㅋㅋㅋ","polarity":{"com":0.0029761905,"pos":0.5763888888333334,"neg":0.16944444449999999,"neut":0.024503968333333334,"none":0.22668650783333333},"intensity":{"high":0.3601190476666667,"low":0.075,"meium":0.3367063491666667,"none":0.22817460316666663},"expressive":{"dir-action":0,"dir-explicit":0.3529761905,"dir-speech":0.1473214285,"indirect":0.2730158731666667,"writing-device":0.22668650783333333}},{"id":"피자마루-공릉점","permalink":"","username":"asdfg","text":"맛있어서 재주문했습니다","date":"Mon Dec 10 23:59:44 +0000 2018","retweets":"30","favorites":"20","mentions":[],"hashtags":[],"geo":"","raw":"맛있어서 재주문했습니다","polarity":{"com":0.006451612999999999,"pos":0.33870967733333335,"neg":0.617562724,"neut":0.027956989333333335,"none":0.009318996333333334},"intensity":{"high":0.21326164866666664,"low":0.038709677333333324,"meium":0.7379928316666666,"none":0.010035842333333331},"expressive":{"dir-action":0.0021505376666666664,"dir-explicit":0.10465949833333332,"dir-speech":0.4315412186666666,"indirect":0.45232974899999995,"writing-device":0.009318996333333333}},{"id":"피자마루-공릉점","permalink":"","username":"asdfg","text":"페퍼로니피자 정말맛있네요~\n특히 도우가 넘담백하고맛있어요","date":"Mon Dec 10 23:59:44 +0000 2018","retweets":"30","favorites":"20","mentions":[],"hashtags":[],"geo":"","raw":"페퍼로니피자 정말맛있네요~\n특히 도우가 넘담백하고맛있어요","polarity":{"com":0.0048048048000000005,"pos":0.2925225226,"neg":0.48126126120000007,"neut":0.0166066066,"none":0.20480480480000002},"intensity":{"high":0.3628228228,"low":0.026816816799999997,"meium":0.404954955,"none":0.2054054054},"expressive":{"dir-action":0.0006006006000000001,"dir-explicit":0.1824624624,"dir-speech":0.47801801800000004,"indirect":0.1435135136,"writing-device":0.1954054054}},{"id":"피자마루-공릉점","permalink":"","username":"asdfg","text":"맛있게 잘 먹었습니다~^^","date":"Mon Dec 10 23:59:44 +0000 2018","retweets":"30","favorites":"20","mentions":[],"hashtags":[],"geo":"","raw":"맛있게 잘 먹었습니다~^^","polarity":{"com":0,"pos":0.35714285717857136,"neg":0.6071428573035714,"neut":0.03571428551785714,"none":0},"intensity":{"high":0,"low":0.107142857,"meium":0.8928571430000001,"none":0},"expressive":{"dir-action":0,"dir-explicit":0.107142857,"dir-speech":0.5714285715,"indirect":0.3214285715,"writing-device":0}},{"id":"피자마루-공릉점","permalink":"","username":"asdfg","text":"오늘두 마싯게 잘먹었네요","date":"Mon Dec 10 23:59:44 +0000 2018","retweets":"30","favorites":"20","mentions":[],"hashtags":[],"geo":"","raw":"오늘두 마싯게 잘먹었네요","polarity":{"com":0,"pos":0.35897435882051276,"neg":0.5641025642179487,"neut":0.07692307696153847,"none":0},"intensity":{"high":0.09401709400000001,"low":0.22649572650000002,"meium":0.6794871795,"none":0},"expressive":{"dir-action":0,"dir-explicit":0.264957265,"dir-speech":0.735042735,"indirect":0,"writing-device":0}},{"id":"피자마루-공릉점","permalink":"","username":"asdfg","text":"마싯어요오오옹 짱","date":"Mon Dec 10 23:59:44 +0000 2018","retweets":"30","favorites":"20","mentions":[],"hashtags":[],"geo":"","raw":"마싯어요오오옹 짱","polarity":{"com":null,"pos":null,"neg":null,"neut":null,"none":null},"intensity":{"high":null,"low":null,"meium":null,"none":null},"expressive":{"dir-action":null,"dir-explicit":null,"dir-speech":null,"indirect":null,"writing-device":null}},{"id":"피자마루-공릉점","permalink":"","username":"asdfg","text":"항상 이것만 시켜먹어요~\n새해부터 피자로 배불리먹고~~","date":"Mon Dec 10 23:59:44 +0000 2018","retweets":"30","favorites":"20","mentions":[],"hashtags":[],"geo":"","raw":"항상 이것만 시켜먹어요~\n새해부터 피자로 배불리먹고~~","polarity":{"com":0.025000000004999995,"pos":0.49423076909884617,"neg":0.3833333334766666,"neut":0.01025641020205128,"none":0.08717948721743589},"intensity":{"high":0.064957265,"low":0.09914529899999999,"meium":0.7487179488,"none":0.0871794872},"expressive":{"dir-action":0,"dir-explicit":0.260042735,"dir-speech":0.6123931624,"indirect":0.045512820600000004,"writing-device":0.082051282}},{"id":"피자마루-공릉점","permalink":"","username":"asdfg","text":"오래간만에 시켰는데 따뜻하니 맛있네요.","date":"Mon Dec 10 23:59:44 +0000 2018","retweets":"30","favorites":"20","mentions":[],"hashtags":[],"geo":"","raw":"오래간만에 시켰는데 따뜻하니 맛있네요.","polarity":{"com":0,"pos":0.5,"neg":0.5,"neut":0,"none":0},"intensity":{"high":0,"low":0,"meium":1,"none":0},"expressive":{"dir-action":0,"dir-explicit":0,"dir-speech":0.5,"indirect":0.5,"writing-device":0}},{"id":"피자마루-공릉점","permalink":"","username":"asdfg","text":"피자&감튀 쵝오,,, 양도 많아서 행복햇숩니다!!!가족들이 항상 안먹는다고 하다가 막상 배달오면 엄청 잘먹네옄ㅋㅋㅋㅋ","date":"Mon Dec 10 23:59:44 +0000 2018","retweets":"30","favorites":"20","mentions":[],"hashtags":[],"geo":"","raw":"피자&감튀 쵝오,,, 양도 많아서 행복햇숩니다!!!가족들이 항상 안먹는다고 하다가 막상 배달오면 엄청 잘먹네옄ㅋㅋㅋㅋ","polarity":{"com":0.001915708833652618,"pos":0.6129048571021508,"neg":0.2907169927151195,"neut":0.05147872484191312,"none":0.042983716507163955},"intensity":{"high":0.11471868233333334,"low":0.09301896666666666,"meium":0.7473629256666667,"none":0.04489942533333333},"expressive":{"dir-action":0.001915708833971903,"dir-explicit":0.43074073081024694,"dir-speech":0.32692359177564123,"indirect":0.18127245906042416,"writing-device":0.05914750951971584}},{"id":"피자마루-공릉점","permalink":"","username":"asdfg","text":"먹을때마다 역시맛있당","date":"Mon Dec 10 23:59:44 +0000 2018","retweets":"30","favorites":"20","mentions":[],"hashtags":[],"geo":"","raw":"먹을때마다 역시맛있당","polarity":{"com":0,"pos":0.3434343433333334,"neg":0.3434343436666667,"neut":0.20202020200000004,"none":0.11111111100000003},"intensity":{"high":0.06734006735578,"low":0.2760942760920314,"meium":0.5454545455151515,"none":0.11111111103703702},"expressive":{"dir-action":0,"dir-explicit":0.24579124574859704,"dir-speech":0.6430976432143659,"indirect":0,"writing-device":0.11111111103703702}},{"id":"피자마루-공릉점","permalink":"","username":"asdfg","text":"적당히 맛나게 잘먹었습니다.\n배달은 예상시간보다 빨랐어요","date":"Mon Dec 10 23:59:44 +0000 2018","retweets":"30","favorites":"20","mentions":[],"hashtags":[],"geo":"","raw":"적당히 맛나게 잘먹었습니다.\n배달은 예상시간보다 빨랐어요","polarity":{"com":0,"pos":0.8035714287008928,"neg":0.17857142854464286,"neut":0.017857142754464286,"none":0},"intensity":{"high":0.0625,"low":0.13690476175,"meium":0.80059523825,"none":0},"expressive":{"dir-action":0,"dir-explicit":0.2410714285,"dir-speech":0.28571428575,"indirect":0.47321428575,"writing-device":0}},{"id":"피자마루-공릉점","permalink":"","username":"asdfg","text":"배달속도가 빨라요~~","date":"Mon Dec 10 23:59:44 +0000 2018","retweets":"30","favorites":"20","mentions":[],"hashtags":[],"geo":"","raw":"배달속도가 빨라요~~","polarity":{"com":0.0089285715,"pos":0.705357143,"neg":0.232142857,"neut":0.0401785715,"none":0.013392857},"intensity":{"high":0.080357143,"low":0.0535714285,"meium":0.8482142855,"none":0.017857143},"expressive":{"dir-action":0,"dir-explicit":0.1875,"dir-speech":0.65625,"indirect":0.142857143,"writing-device":0.013392857}},{"id":"피자마루-공릉점","permalink":"","username":"asdfg","text":"그냥저냥 먹을만함~","date":"Mon Dec 10 23:59:44 +0000 2018","retweets":"30","favorites":"20","mentions":[],"hashtags":[],"geo":"","raw":"그냥저냥 먹을만함~","polarity":{"com":0.045454545500000006,"pos":0.46212121200000006,"neg":0.46969697000000005,"neut":0,"none":0.022727272500000003},"intensity":{"high":0.07828282803914141,"low":0.17929292908964647,"meium":0.7196969703598485,"none":0.022727272511363635},"expressive":{"dir-action":0,"dir-explicit":0.2474747475,"dir-speech":0.43434343450000007,"indirect":0.29545454550000005,"writing-device":0.022727272500000003}},{"id":"피자마루-공릉점","permalink":"","username":"asdfg","text":"맛있어요 배달이 조금 늦게 왔지만 맛있게 먹었네요~","date":"Mon Dec 10 23:59:44 +0000 2018","retweets":"30","favorites":"20","mentions":[],"hashtags":[],"geo":"","raw":"맛있어요 배달이 조금 늦게 왔지만 맛있게 먹었네요~","polarity":{"com":0,"pos":0.24603174600000008,"neg":0.6468253968333334,"neut":0.10714285716666667,"none":0},"intensity":{"high":0.13756613764373898,"low":0.1917989418013668,"meium":0.6706349205548942,"none":0},"expressive":{"dir-action":0,"dir-explicit":0.32275132277954144,"dir-speech":0.5582010582402999,"indirect":0.11904761898015873,"writing-device":0}},{"id":"피자마루-공릉점","permalink":"","username":"asdfg","text":"점보피자 싸고맛도좋아요","date":"Mon Dec 10 23:59:44 +0000 2018","retweets":"30","favorites":"20","mentions":[],"hashtags":[],"geo":"","raw":"점보피자 싸고맛도좋아요","polarity":{"com":0,"pos":0.96,"neg":0.02,"neut":0,"none":0.02},"intensity":{"high":0.1,"low":0.02,"meium":0.86,"none":0.02},"expressive":{"dir-action":0,"dir-explicit":0.30000000000000004,"dir-speech":0.6000000000000001,"indirect":0.08000000000000002,"writing-device":0.020000000000000004}},{"id":"피자마루-공릉점","permalink":"","username":"asdfg","text":"두번다시 안시켜요 두번다시는 \n4ㅇ분이면 도착한다던 피자들이\n한시간넘게 아직도 도착안함\n거기다가 전화해서 왜 안오냐고 했더니\n사과라곤 성의없게하고 막힐시간이라고 말하고 \n장난합니까? 누군 피자집에서 일 안해봤나요 ?\n전화했을때 성의있게 미리 말하세요","date":"Mon Dec 10 23:59:44 +0000 2018","retweets":"30","favorites":"20","mentions":[],"hashtags":[],"geo":"","raw":"두번다시 안시켜요 두번다시는 \n4ㅇ분이면 도착한다던 피자들이\n한시간넘게 아직도 도착안함\n거기다가 전화해서 왜 안오냐고 했더니\n사과라곤 성의없게하고 막힐시간이라고 말하고 \n장난합니까? 누군 피자집에서 일 안해봤나요 ?\n전화했을때 성의있게 미리 말하세요","polarity":{"com":0.01017147296114725,"pos":0.4352049991371075,"neg":0.3739304980625411,"neut":0.08428903599675812,"none":0.096403993842446},"intensity":{"high":0.14554988514824807,"low":0.11500244788019223,"meium":0.6421454604753022,"none":0.0973022064962576},"expressive":{"dir-action":0.03915176407842891,"dir-explicit":0.18617869616100685,"dir-speech":0.45501402982519285,"indirect":0.21779067039299188,"writing-device":0.1018648395423794}},{"id":"피자마루-공릉점","permalink":"","username":"asdfg","text":"싸고 양 많고 좋아요","date":"Mon Dec 10 23:59:44 +0000 2018","retweets":"30","favorites":"20","mentions":[],"hashtags":[],"geo":"","raw":"싸고 양 많고 좋아요","polarity":{"com":0,"pos":0.6556521740000001,"neg":0.3026086955,"neut":0.0217391305,"none":0.02},"intensity":{"high":0.23043478261521738,"low":0.1286956520643478,"meium":0.6208695653104348,"none":0.020000000009999998},"expressive":{"dir-action":0,"dir-explicit":0.5608695652804347,"dir-speech":0.20869565210434782,"indirect":0.21043478260521742,"writing-device":0.020000000009999998}},{"id":"피자마루-공릉점","permalink":"","username":"asdfg","text":"배달시간도 항상 지키고 너무 맛있어요 자주 이용하고있어요😍","date":"Mon Dec 10 23:59:44 +0000 2018","retweets":"30","favorites":"20","mentions":[],"hashtags":[],"geo":"","raw":"배달시간도 항상 지키고 너무 맛있어요 자주 이용하고있어요😍","polarity":{"com":0.030000000000000006,"pos":0.6714285714000001,"neg":0.20857142860000003,"neut":0.0028571428000000003,"none":0.08714285720000002},"intensity":{"high":0.05714285720000001,"low":0.25142857139999997,"meium":0.6042857142,"none":0.0871428572},"expressive":{"dir-action":0,"dir-explicit":0.21809523800000002,"dir-speech":0.5838095238000001,"indirect":0.11238095240000003,"writing-device":0.08571428580000001}},{"id":"피자마루-공릉점","permalink":"","username":"asdfg","text":"맛도 괜찮고 배달시켜 먹기 안아까웠어요","date":"Mon Dec 10 23:59:44 +0000 2018","retweets":"30","favorites":"20","mentions":[],"hashtags":[],"geo":"","raw":"맛도 괜찮고 배달시켜 먹기 안아까웠어요","polarity":{"com":0,"pos":0.64583333325,"neg":0.30729166674999997,"neut":0.03125,"none":0.015625},"intensity":{"high":0.10590277775,"low":0.0555555555,"meium":0.82291666675,"none":0.015625},"expressive":{"dir-action":0,"dir-explicit":0.2274305555,"dir-speech":0.7413194445,"indirect":0,"writing-device":0.03125}},{"id":"피자마루-공릉점","permalink":"","username":"asdfg","text":"ㅇㅇㅇㅇㅇㅇ","date":"Mon Dec 10 23:59:44 +0000 2018","retweets":"30","favorites":"20","mentions":[],"hashtags":[],"geo":"","raw":"ㅇㅇㅇㅇㅇㅇ","polarity":{"com":null,"pos":null,"neg":null,"neut":null,"none":null},"intensity":{"high":null,"low":null,"meium":null,"none":null},"expressive":{"dir-action":null,"dir-explicit":null,"dir-speech":null,"indirect":null,"writing-device":null}},{"id":"피자마루-공릉점","permalink":"","username":"asdfg","text":"아까 통화했는데 입금안되었네요 입금해주세요~","date":"Mon Dec 10 23:59:44 +0000 2018","retweets":"30","favorites":"20","mentions":[],"hashtags":[],"geo":"","raw":"아까 통화했는데 입금안되었네요 입금해주세요~","polarity":{"com":0,"pos":0.5277777778425926,"neg":0.36111111112037036,"neut":0.11111111103703702,"none":0},"intensity":{"high":0.16666666666666666,"low":0.22222222233333333,"meium":0.611111111,"none":0},"expressive":{"dir-action":0,"dir-explicit":0.3333333333333333,"dir-speech":0.4722222223333333,"indirect":0.19444444433333333,"writing-device":0}},{"id":"피자마루-공릉점","permalink":"","username":"asdfg","text":"오랜만에 피자가 먹고싶어서 주문했는데 가격이 다른 피자들보다 저렴해서 별로 기대 안했는데 너무 맛있어서 놀랐어요~!! 이제 여기서만 시켜먹어야 겠어용ㅎㅎ\n잘먹었습니다~^-^ 번창하세요~~♡♡","date":"Mon Dec 10 23:59:44 +0000 2018","retweets":"30","favorites":"20","mentions":[],"hashtags":[],"geo":"","raw":"오랜만에 피자가 먹고싶어서 주문했는데 가격이 다른 피자들보다 저렴해서 별로 기대 안했는데 너무 맛있어서 놀랐어요~!! 이제 여기서만 시켜먹어야 겠어용ㅎㅎ\n잘먹었습니다~^-^ 번창하세요~~♡♡","polarity":{"com":0.015773308936487995,"pos":0.3922655764784531,"neg":0.3948395600789679,"neut":0.11652626142330529,"none":0.08059529308278574},"intensity":{"high":0.09140870514552119,"low":0.1597551360213007,"meium":0.6664792438221973,"none":0.08235691501098094},"expressive":{"dir-action":0.0002002002000133467,"dir-explicit":0.27899322761859957,"dir-speech":0.3422120882228141,"indirect":0.2982012028865467,"writing-device":0.08039328107202622}},{"id":"피자마루-공릉점","permalink":"","username":"asdfg","text":"배달 참 빠르네요!!! 몬스터 하와이안 쉬림프 피자로 주문 변경했는데 전화 받으시는 분도 친절하시고 피자 비주얼도 끝내주네요~ 너무 맛있게 잘 먹고 있습니다!! 몬스터피자 강추합니다😍","date":"Mon Dec 10 23:59:44 +0000 2018","retweets":"30","favorites":"20","mentions":[],"hashtags":[],"geo":"","raw":"배달 참 빠르네요!!! 몬스터 하와이안 쉬림프 피자로 주문 변경했는데 전화 받으시는 분도 친절하시고 피자 비주얼도 끝내주네요~ 너무 맛있게 잘 먹고 있습니다!! 몬스터피자 강추합니다😍","polarity":{"com":0.017338709752889783,"pos":0.6419290834403214,"neg":0.2415450588735908,"neut":0.05588837684264806,"none":0.04329877109054979},"intensity":{"high":0.058755760333333344,"low":0.15165130558333334,"meium":0.7457565285,"none":0.043836405583333335},"expressive":{"dir-action":0.0016129032498655913,"dir-explicit":0.26361367131136554,"dir-speech":0.31492575530708955,"indirect":0.37714413713523803,"writing-device":0.04270353299644137}},{"id":"피자마루-공릉점","permalink":"","username":"asdfg","text":"넘 맛있었습니다^^","date":"Mon Dec 10 23:59:44 +0000 2018","retweets":"30","favorites":"20","mentions":[],"hashtags":[],"geo":"","raw":"넘 맛있었습니다^^","polarity":{"com":null,"pos":null,"neg":null,"neut":null,"none":null},"intensity":{"high":null,"low":null,"meium":null,"none":null},"expressive":{"dir-action":null,"dir-explicit":null,"dir-speech":null,"indirect":null,"writing-device":null}},{"id":"피자마루-공릉점","permalink":"","username":"asdfg","text":"주문했는데 하도 배달안와서 전화해보니 잊어버렸다고 20분만 더 기다려달라고 하더니 전화한시점부터 다시 30분이 지나서야 왔는데 피자는 다 쏠려있습니다. 급히 오면 그럴수있겠다 생각했는데 피자는 하나도 안뜨겁고 치즈도 다 굳어서 딱딱해져서 하나 먹다 말았습니다. 차라리 편의점에서 파는 냉동피자가 맛있겠네요.","date":"Mon Dec 10 23:59:44 +0000 2018","retweets":"30","favorites":"20","mentions":[],"hashtags":[],"geo":"","raw":"주문했는데 하도 배달안와서 전화해보니 잊어버렸다고 20분만 더 기다려달라고 하더니 전화한시점부터 다시 30분이 지나서야 왔는데 피자는 다 쏠려있습니다. 급히 오면 그럴수있겠다 생각했는데 피자는 하나도 안뜨겁고 치즈도 다 굳어서 딱딱해져서 하나 먹다 말았습니다. 차라리 편의점에서 파는 냉동피자가 맛있겠네요.","polarity":{"com":0.009195402305147427,"pos":0.5281522741328829,"neg":0.24134155871663837,"neut":0.05815729122244846,"none":0.16315347362288293},"intensity":{"high":0.033716487650707984,"low":0.10250386795206506,"meium":0.6997382218826201,"none":0.1640414225146069},"expressive":{"dir-action":0.0004997501304347826,"dir-explicit":0.2747154977826087,"dir-speech":0.36271493995652176,"indirect":0.19746221213043472,"writing-device":0.1646076}},{"id":"피자마루-공릉점","permalink":"","username":"asdfg","text":"원래 전화로 항상시켜먹던덴데\n요기요에 올라온거 보고 냉큼 요기요로 시켰어요ㅋㅋ배달하시는 분 빠른배달 감사드려요\n맛도 굿굿!!!","date":"Mon Dec 10 23:59:44 +0000 2018","retweets":"30","favorites":"20","mentions":[],"hashtags":[],"geo":"","raw":"원래 전화로 항상시켜먹던덴데\n요기요에 올라온거 보고 냉큼 요기요로 시켰어요ㅋㅋ배달하시는 분 빠른배달 감사드려요\n맛도 굿굿!!!","polarity":{"com":0,"pos":0.787037037,"neg":0.21296296299999998,"neut":0,"none":0},"intensity":{"high":0.012345679,"low":0.13580246911111113,"meium":0.8518518518888888,"none":0},"expressive":{"dir-action":0,"dir-explicit":0.10802469133333333,"dir-speech":0.6975308642222222,"indirect":0.1388888888888889,"writing-device":0.05555555555555555}},{"id":"피자마루-공릉점","permalink":"","username":"asdfg","text":"도우가 참 맛있는 피자였어요~","date":"Mon Dec 10 23:59:44 +0000 2018","retweets":"30","favorites":"20","mentions":[],"hashtags":[],"geo":"","raw":"도우가 참 맛있는 피자였어요~","polarity":{"com":0.01018324,"pos":0.44908380025,"neg":0.435515873,"neut":0.04296510275,"none":0.062251983999999996},"intensity":{"high":0.32204131658051033,"low":0.04721055076180263,"meium":0.566264005641566,"none":0.06448412701612104},"expressive":{"dir-action":0,"dir-explicit":0.4483251635,"dir-speech":0.37877859475,"indirect":0.105742297,"writing-device":0.06715394475}},{"id":"피자마루-공릉점","permalink":"","username":"asdfg","text":"배달 시간도 빨랐고 좋았습니다","date":"Mon Dec 10 23:59:44 +0000 2018","retweets":"30","favorites":"20","mentions":[],"hashtags":[],"geo":"","raw":"배달 시간도 빨랐고 좋았습니다","polarity":{"com":0.002380952333333333,"pos":0.7114285713333333,"neg":0.12285714299999999,"neut":0.004761904666666666,"none":0.15857142866666663},"intensity":{"high":0.11428571433333333,"low":0.051428571333333326,"meium":0.6757142856666667,"none":0.15857142866666663},"expressive":{"dir-action":0,"dir-explicit":0.2619047619126984,"dir-speech":0.4999999998333333,"indirect":0.08190476197269841,"writing-device":0.15619047628126984}},{"id":"피자마루-공릉점","permalink":"","username":"asdfg","text":"맛은 괜찮은데 가격에 비해 크기가 상당히 작네요. . .처음에 잘못 배달된줄 알았어요","date":"Mon Dec 10 23:59:44 +0000 2018","retweets":"30","favorites":"20","mentions":[],"hashtags":[],"geo":"","raw":"맛은 괜찮은데 가격에 비해 크기가 상당히 작네요. . .처음에 잘못 배달된줄 알았어요","polarity":{"com":0.0247767857469029,"pos":0.46428571431696425,"neg":0.4671874999416015,"neut":0.02254464287218192,"none":0.021205357122349326},"intensity":{"high":0.031026785749999994,"low":0.14933035712499998,"meium":0.7957589284999999,"none":0.023883928624999995},"expressive":{"dir-action":0,"dir-explicit":0.14665178573166854,"dir-speech":0.3645089285794364,"indirect":0.3426339285821708,"writing-device":0.14620535710672436}},{"id":"피자마루-공릉점","permalink":"","username":"asdfg","text":"완전 맛있어요!!! 치즈추가해서 피클도없이 먹었는데 반했습니다!!! 배달해주시는분도 친절하시고 또 시켰어요","date":"Mon Dec 10 23:59:44 +0000 2018","retweets":"30","favorites":"20","mentions":[],"hashtags":[],"geo":"","raw":"완전 맛있어요!!! 치즈추가해서 피클도없이 먹었는데 반했습니다!!! 배달해주시는분도 친절하시고 또 시켰어요","polarity":{"com":0.003785385142316373,"pos":0.493800745929457,"neg":0.3609282423770102,"neut":0.014022383140853946,"none":0.1274632434103624},"intensity":{"high":0.056250457142857146,"low":0.064662424,"meium":0.7513166557142857,"none":0.12777046314285714},"expressive":{"dir-action":0.0009216589998683344,"dir-explicit":0.23068173510990264,"dir-speech":0.45115938850697723,"indirect":0.17038621897565912,"writing-device":0.14685099840759272}},{"id":"피자마루-공릉점","permalink":"","username":"asdfg","text":"치즈도 넉넉하고 배송도 빠르고 ㅎㅎ맛있어서 아빠가 4조각 드셨어요 👍🏻후기보니까 소스 빼먹으셨다는데 저는 갈릭디핑소스랑 핫소스 피클 안빼먹고 주셨네요 ㅎㅎ","date":"Mon Dec 10 23:59:44 +0000 2018","retweets":"30","favorites":"20","mentions":[],"hashtags":[],"geo":"","raw":"치즈도 넉넉하고 배송도 빠르고 ㅎㅎ맛있어서 아빠가 4조각 드셨어요 👍🏻후기보니까 소스 빼먹으셨다는데 저는 갈릭디핑소스랑 핫소스 피클 안빼먹고 주셨네요 ㅎㅎ","polarity":{"com":0.009997050625,"pos":0.411398005125,"neg":0.360014478875,"neut":0.059783890875,"none":0.1588065745},"intensity":{"high":0.09164521675,"low":0.132831939,"meium":0.616340894375,"none":0.159181949875},"expressive":{"dir-action":0.0003753753749530781,"dir-explicit":0.1271342771091082,"dir-speech":0.49771959456278503,"indirect":0.2121661840984792,"writing-device":0.16260456885467442}},{"id":"피자마루-공릉점","permalink":"","username":"asdfg","text":"배달이 한쪽으로 쏠려와서 제대로 못먹었네요","date":"Mon Dec 10 23:59:44 +0000 2018","retweets":"30","favorites":"20","mentions":[],"hashtags":[],"geo":"","raw":"배달이 한쪽으로 쏠려와서 제대로 못먹었네요","polarity":{"com":0,"pos":0.6333333332000001,"neg":0.2666666668,"neut":0.1,"none":0},"intensity":{"high":0.0222222222,"low":0.0444444444,"meium":0.9333333334,"none":0},"expressive":{"dir-action":0,"dir-explicit":0.3111111110622223,"dir-speech":0.5222222223044445,"indirect":0.16666666663333335,"writing-device":0}},{"id":"피자마루-공릉점","permalink":"","username":"asdfg","text":"치즈가 많이 들고 따뜻하게 배달와서 맛있게 먹었습니다.","date":"Mon Dec 10 23:59:44 +0000 2018","retweets":"30","favorites":"20","mentions":[],"hashtags":[],"geo":"","raw":"치즈가 많이 들고 따뜻하게 배달와서 맛있게 먹었습니다.","polarity":{"com":0,"pos":0.6666666666000001,"neg":0.3333333334,"neut":0,"none":0},"intensity":{"high":0.0222222222,"low":0.24444444440000002,"meium":0.7333333334,"none":0},"expressive":{"dir-action":0,"dir-explicit":0.24444444440000002,"dir-speech":0.5555555556,"indirect":0.2,"writing-device":0}},{"id":"피자마루-공릉점","permalink":"","username":"asdfg","text":"피자는 맛있는데 제가 주문한 피자가 아니라 다른 피자가 왔네요... 다음부터 주의해주세요","date":"Mon Dec 10 23:59:44 +0000 2018","retweets":"30","favorites":"20","mentions":[],"hashtags":[],"geo":"","raw":"피자는 맛있는데 제가 주문한 피자가 아니라 다른 피자가 왔네요... 다음부터 주의해주세요","polarity":{"com":0.006201996999999999,"pos":0.4018283836666666,"neg":0.49859617683333335,"neut":0.0710221455,"none":0.022351297},"intensity":{"high":0.11092976618515497,"low":0.1324500766887417,"meium":0.732422341788737,"none":0.024197815337366306},"expressive":{"dir-action":0.001075268833154122,"dir-explicit":0.41906255343015625,"dir-speech":0.4067428315988762,"indirect":0.14812254647531292,"writing-device":0.024996799662500534}},{"id":"피자마루-공릉점","permalink":"","username":"asdfg","text":"싸고 맛있어요","date":"Mon Dec 10 23:59:44 +0000 2018","retweets":"30","favorites":"20","mentions":[],"hashtags":[],"geo":"","raw":"싸고 맛있어요","polarity":{"com":0,"pos":0,"neg":1,"neut":0,"none":0},"intensity":{"high":0,"low":0,"meium":1,"none":0},"expressive":{"dir-action":0,"dir-explicit":0,"dir-speech":1,"indirect":0,"writing-device":0}},{"id":"피자마루-공릉점","permalink":"","username":"asdfg","text":"맛있고 배달도 빨라요","date":"Mon Dec 10 23:59:44 +0000 2018","retweets":"30","favorites":"20","mentions":[],"hashtags":[],"geo":"","raw":"맛있고 배달도 빨라요","polarity":{"com":0,"pos":0.5,"neg":0.5,"neut":0,"none":0},"intensity":{"high":0,"low":0,"meium":1,"none":0},"expressive":{"dir-action":0,"dir-explicit":0,"dir-speech":1,"indirect":0,"writing-device":0}},{"id":"피자마루-공릉점","permalink":"","username":"asdfg","text":"콜라랑 갈릭소스 원래 주셨던거 같은데 피자한판만 갖다 주셨네요...","date":"Mon Dec 10 23:59:44 +0000 2018","retweets":"30","favorites":"20","mentions":[],"hashtags":[],"geo":"","raw":"콜라랑 갈릭소스 원래 주셨던거 같은데 피자한판만 갖다 주셨네요...","polarity":{"com":0,"pos":0.4,"neg":0.475,"neut":0.125,"none":0},"intensity":{"high":0.08333333325,"low":0.04166666675,"meium":0.875,"none":0},"expressive":{"dir-action":0,"dir-explicit":0.41666666675,"dir-speech":0.10833333325000001,"indirect":0.22500000000000003,"writing-device":0.25000000000000006}}]