[{"id":"딜리셔스팩토리라멘&카레","permalink":"","username":"asdfg","text":"종종 시켜먹는곳입니다\n\n항상 정성스런 포장에\n빠른배달만족합니다","date":"Mon Dec 10 23:59:44 +0000 2018","retweets":"30","favorites":"20","mentions":[],"hashtags":[],"geo":"","raw":"종종 시켜먹는곳입니다\n\n항상 정성스런 포장에\n빠른배달만족합니다","polarity":{"com":0.030605629371174295,"pos":0.6254842661718144,"neg":0.3090982764613628,"neut":0.031317204371085344,"none":0.003494623624563172},"intensity":{"high":0.074254164,"low":0.115210573375,"meium":0.8067718217500001,"none":0.003763440875},"expressive":{"dir-action":0.0008064516251008064,"dir-explicit":0.2986427366623304,"dir-speech":0.39140312042392544,"indirect":0.30565306766320666,"writing-device":0.0034946236254368283}},{"id":"딜리셔스팩토리라멘&카레","permalink":"","username":"asdfg","text":"맛은 생생우동 이하\n추가로 시킨 카레는 카레가아니라 카레육수정도로보면됨\n그릇회수를피하기위해 일회용컵에 뜨거운육수를 부워왔지만 육수따라서 먹기 난이도 극상 부워먹으려다 식탁에 다부워버렸음\n카레우동은 그냥 맛이없음 카레라고시킨건데 신맛이나고 카레에들어가는 건더기는 아예존재하지않음 \n배달만 맘에들고 다른건 다 제로","date":"Mon Dec 10 23:59:44 +0000 2018","retweets":"30","favorites":"20","mentions":[],"hashtags":[],"geo":"","raw":"맛은 생생우동 이하\n추가로 시킨 카레는 카레가아니라 카레육수정도로보면됨\n그릇회수를피하기위해 일회용컵에 뜨거운육수를 부워왔지만 육수따라서 먹기 난이도 극상 부워먹으려다 식탁에 다부워버렸음\n카레우동은 그냥 맛이없음 카레라고시킨건데 신맛이나고 카레에들어가는 건더기는 아예존재하지않음 \n배달만 맘에들고 다른건 다 제로","polarity":{"com":0.00596147035522332,"pos":0.45663178573913754,"neg":0.3590524698941324,"neut":0.05799278555212856,"none":0.12036148845937818},"intensity":{"high":0.0789730867690985,"low":0.0826712628656341,"meium":0.7172439743730811,"none":0.12111167599218635},"expressive":{"dir-action":0.0004109307741405251,"dir-explicit":0.23271847632481055,"dir-speech":0.4459651906521335,"indirect":0.18698298649200218,"writing-device":0.13392241575691327}},{"id":"딜리셔스팩토리라멘&카레","permalink":"","username":"asdfg","text":"포장 잘되서 오고 면발 안불게 따로 줘서 좋았어요","date":"Mon Dec 10 23:59:44 +0000 2018","retweets":"30","favorites":"20","mentions":[],"hashtags":[],"geo":"","raw":"포장 잘되서 오고 면발 안불게 따로 줘서 좋았어요","polarity":{"com":0,"pos":0.37566666667513327,"neg":0.2496666666499333,"neut":0.3666666666733333,"none":0.008000000001599998},"intensity":{"high":0.039999999999999994,"low":0.19133333339999997,"meium":0.7606666665999999,"none":0.007999999999999998},"expressive":{"dir-action":0,"dir-explicit":0.22000000000000003,"dir-speech":0.4733333334,"indirect":0.2986666666,"writing-device":0.008}},{"id":"딜리셔스팩토리라멘&카레","permalink":"","username":"asdfg","text":"일단 다른 리뷰를 보고 우려?하면서 주문해봤습니다만..\n일단 배달은 빠르고 멀쩡히 와요(집이 가까워서 그런가)\n라멘 맛은 짜요. 그냥 짜요 저 짜게 먹고 애들도 입맛짜다하는데 짜요\n라멘이 짠맛이 원래 있기는 하다지만 짜요\n차슈는 2개인가 있고 누린내 그냥 나요\n면양은 뭐 다른집도 이정도 이니까 면양은 무난해요 원래 라멘이 좀적으니..\n짠맛을 좀 줄이고 차슈누린내를 해결하고 개수도 좀 넣어야 판매가능한 수준이 아닐까 싶네요","date":"Mon Dec 10 23:59:44 +0000 2018","retweets":"30","favorites":"20","mentions":[],"hashtags":[],"geo":"","raw":"일단 다른 리뷰를 보고 우려?하면서 주문해봤습니다만..\n일단 배달은 빠르고 멀쩡히 와요(집이 가까워서 그런가)\n라멘 맛은 짜요. 그냥 짜요 저 짜게 먹고 애들도 입맛짜다하는데 짜요\n라멘이 짠맛이 원래 있기는 하다지만 짜요\n차슈는 2개인가 있고 누린내 그냥 나요\n면양은 뭐 다른집도 이정도 이니까 면양은 무난해요 원래 라멘이 좀적으니..\n짠맛을 좀 줄이고 차슈누린내를 해결하고 개수도 좀 넣어야 판매가능한 수준이 아닐까 싶네요","polarity":{"com":0.007982986175399151,"pos":0.39153339831957673,"neg":0.4314115701965706,"neut":0.031515235526575765,"none":0.1375568097818778},"intensity":{"high":0.06832849768183286,"low":0.16468029909146809,"meium":0.6281344011128135,"none":0.1388568021138857},"expressive":{"dir-action":0.002208892800276112,"dir-explicit":0.2060402801507551,"dir-speech":0.4685702077835713,"indirect":0.1818679417227335,"writing-device":0.1413126775426641}},{"id":"딜리셔스팩토리라멘&카레","permalink":"","username":"asdfg","text":"돈코츠라멘 이랑 카레덮밥 너무 맛있어여~^^\n반찬 좀 마니 마니 주셨음 좋겠어여~^^","date":"Mon Dec 10 23:59:44 +0000 2018","retweets":"30","favorites":"20","mentions":[],"hashtags":[],"geo":"","raw":"돈코츠라멘 이랑 카레덮밥 너무 맛있어여~^^\n반찬 좀 마니 마니 주셨음 좋겠어여~^^","polarity":{"com":0.028571428599999997,"pos":0.5485714286000001,"neg":0.4228571428,"neut":0,"none":0},"intensity":{"high":0.028571428599999997,"low":0.028571428599999997,"meium":0.9428571428,"none":0},"expressive":{"dir-action":0,"dir-explicit":0.2142857142,"dir-speech":0.2771428572,"indirect":0.5085714286,"writing-device":0}},{"id":"딜리셔스팩토리라멘&카레","permalink":"","username":"asdfg","text":"배달 빠르구~~ 일본식 라멘 을 제대로 맛볼수 있어 행복해여~~","date":"Mon Dec 10 23:59:44 +0000 2018","retweets":"30","favorites":"20","mentions":[],"hashtags":[],"geo":"","raw":"배달 빠르구~~ 일본식 라멘 을 제대로 맛볼수 있어 행복해여~~","polarity":{"com":0,"pos":0.60416666675,"neg":0.2166666665,"neut":0.00416666675,"none":0.175},"intensity":{"high":0.248611111,"low":0.00416666675,"meium":0.57222222225,"none":0.175},"expressive":{"dir-action":0,"dir-explicit":0.3125,"dir-speech":0.3194444445,"indirect":0.1930555555,"writing-device":0.175}},{"id":"딜리셔스팩토리라멘&카레","permalink":"","username":"asdfg","text":"먹을만하긴 한데 넘 짜네요.","date":"Mon Dec 10 23:59:44 +0000 2018","retweets":"30","favorites":"20","mentions":[],"hashtags":[],"geo":"","raw":"먹을만하긴 한데 넘 짜네요.","polarity":{"com":0,"pos":0.5530586766666666,"neg":0.2746566793333333,"neut":0.022471909999999998,"none":0.149812734},"intensity":{"high":0.048272992016091,"low":0.2632126507544042,"meium":0.5387016231795672,"none":0.14981273404993758},"expressive":{"dir-action":0,"dir-explicit":0.1339991676220003,"dir-speech":0.30420307956526565,"indirect":0.37078651687640446,"writing-device":0.19101123593632957}},{"id":"딜리셔스팩토리라멘&카레","permalink":"","username":"asdfg","text":"라멘 여기꺼 먹어보구 일본 라멘 에 빠졌어여~^^\n국물 진하구 면두 따로 담겨와서 퍼지지않아서 더\n맛있네여~^^","date":"Mon Dec 10 23:59:44 +0000 2018","retweets":"30","favorites":"20","mentions":[],"hashtags":[],"geo":"","raw":"라멘 여기꺼 먹어보구 일본 라멘 에 빠졌어여~^^\n국물 진하구 면두 따로 담겨와서 퍼지지않아서 더\n맛있네여~^^","polarity":{"com":0,"pos":0.5286231883750001,"neg":0.26757246375000004,"neut":0.19836956525000002,"none":0.0054347826250000005},"intensity":{"high":0.06062801925,"low":0.188647343,"meium":0.745289855125,"none":0.005434782625},"expressive":{"dir-action":0,"dir-explicit":0.22506038650000001,"dir-speech":0.47276570050000005,"indirect":0.29673913037500005,"writing-device":0.0054347826250000005}},{"id":"딜리셔스팩토리라멘&카레","permalink":"","username":"asdfg","text":"국물이 많이 식어서 조금 아쉬웠어요\n이건 제욕심이긴하지만요..ㅎ","date":"Mon Dec 10 23:59:44 +0000 2018","retweets":"30","favorites":"20","mentions":[],"hashtags":[],"geo":"","raw":"국물이 많이 식어서 조금 아쉬웠어요\n이건 제욕심이긴하지만요..ㅎ","polarity":{"com":0.010742564200000002,"pos":0.230134462,"neg":0.5769946158000001,"neut":0.135921799,"none":0.04620655900000001},"intensity":{"high":0.04663557041865423,"low":0.14277158725710862,"meium":0.7635052261054022,"none":0.047087616218835046},"expressive":{"dir-action":0.0008810572001762115,"dir-explicit":0.4331461806866293,"dir-speech":0.44610290528922064,"indirect":0.06886067201377215,"writing-device":0.051009184810201856}},{"id":"딜리셔스팩토리라멘&카레","permalink":"","username":"asdfg","text":"라멘 제대로 먹는거같아만족해여~^^","date":"Mon Dec 10 23:59:44 +0000 2018","retweets":"30","favorites":"20","mentions":[],"hashtags":[],"geo":"","raw":"라멘 제대로 먹는거같아만족해여~^^","polarity":{"com":0,"pos":0.111111111,"neg":0.888888889,"neut":0,"none":0},"intensity":{"high":0,"low":0,"meium":1,"none":0},"expressive":{"dir-action":0,"dir-explicit":0.44444444448148146,"dir-speech":0.11111111103703702,"indirect":0.11111111103703702,"writing-device":0.3333333334444444}},{"id":"딜리셔스팩토리라멘&카레","permalink":"","username":"asdfg","text":"잘 먹었습니다~~~~~~~~","date":"Mon Dec 10 23:59:44 +0000 2018","retweets":"30","favorites":"20","mentions":[],"hashtags":[],"geo":"","raw":"잘 먹었습니다~~~~~~~~","polarity":{"com":0,"pos":0.7142857147142857,"neg":0.21428571421428572,"neut":0.07142857107142857,"none":0},"intensity":{"high":0,"low":0.214285714,"meium":0.785714286,"none":0},"expressive":{"dir-action":0,"dir-explicit":0.214285714,"dir-speech":0.142857143,"indirect":0.642857143,"writing-device":0}},{"id":"딜리셔스팩토리라멘&카레","permalink":"","username":"asdfg","text":"배달은 늦고 맛은 무난 그러나 랩은 왜싼건지 국물은 다 샜고(많이샘) 계란과 차슈는 다 능지처참 당하고 노른자는 맛도못봄 국물에 동화되서 차슈 6개중 5개에 오돌뼈가 있었음 차슈가 얇은편 양도 면이 모자라서 국물로 배채움\n맛은 둘째치고 배고프니 빨리먹고싶다\n배는 별로안고프고 맛있는거 땡긴다\n질보단 양이다 많이먹고싶다\n귀찮다 치우기 편한거 먹고싶다\n이중에 내가 하나라도 포함되면 비추천\n장문으로 쓰다가 글자수 모자라서 다시쓸정도로 나는 비추천...","date":"Mon Dec 10 23:59:44 +0000 2018","retweets":"30","favorites":"20","mentions":[],"hashtags":[],"geo":"","raw":"배달은 늦고 맛은 무난 그러나 랩은 왜싼건지 국물은 다 샜고(많이샘) 계란과 차슈는 다 능지처참 당하고 노른자는 맛도못봄 국물에 동화되서 차슈 6개중 5개에 오돌뼈가 있었음 차슈가 얇은편 양도 면이 모자라서 국물로 배채움\n맛은 둘째치고 배고프니 빨리먹고싶다\n배는 별로안고프고 맛있는거 땡긴다\n질보단 양이다 많이먹고싶다\n귀찮다 치우기 편한거 먹고싶다\n이중에 내가 하나라도 포함되면 비추천\n장문으로 쓰다가 글자수 모자라서 다시쓸정도로 나는 비추천...","polarity":{"com":0.007234572500516756,"pos":0.47743562551029306,"neg":0.4022566335763518,"neut":0.049022586955882574,"none":0.06405058145695601},"intensity":{"high":0.09890253669283099,"low":0.1440946523605737,"meium":0.692144406349813,"none":0.06485840459678235},"expressive":{"dir-action":0.002164502166563595,"dir-explicit":0.27375218272505936,"dir-speech":0.3875938915291623,"indirect":0.24361351672649462,"writing-device":0.09287590685272018}},{"id":"딜리셔스팩토리라멘&카레","permalink":"","username":"asdfg","text":"모르겠어요 맛은 있었는데\n면이 조금 이상했어용. 그래두 5점임\n맛있었으니까용","date":"Mon Dec 10 23:59:44 +0000 2018","retweets":"30","favorites":"20","mentions":[],"hashtags":[],"geo":"","raw":"모르겠어요 맛은 있었는데\n면이 조금 이상했어용. 그래두 5점임\n맛있었으니까용","polarity":{"com":0.0012755101430393585,"pos":0.41751700677393094,"neg":0.34081632662011657,"neut":0.08486394558355198,"none":0.15552721087936103},"intensity":{"high":0.02423469385714286,"low":0.22551020414285716,"meium":0.5947278911428572,"none":0.15552721085714286},"expressive":{"dir-action":0,"dir-explicit":0.33044217685714283,"dir-speech":0.368622449,"indirect":0.1454081632857143,"writing-device":0.15552721085714286}},{"id":"딜리셔스팩토리라멘&카레","permalink":"","username":"asdfg","text":"배달도 빠르고 음식도 맛있고 양도 딱 한끼에 배부르게 먹을만 했어요!!","date":"Mon Dec 10 23:59:44 +0000 2018","retweets":"30","favorites":"20","mentions":[],"hashtags":[],"geo":"","raw":"배달도 빠르고 음식도 맛있고 양도 딱 한끼에 배부르게 먹을만 했어요!!","polarity":{"com":0.0011904761666666668,"pos":0.6884920633333335,"neg":0.16587301600000004,"neut":0.0023809523333333336,"none":0.14206349216666667},"intensity":{"high":0.05621693116666668,"low":0.11164021150000002,"meium":0.6900793651666667,"none":0.14206349216666667},"expressive":{"dir-action":0,"dir-explicit":0.12354497347940918,"dir-speech":0.3462962962756173,"indirect":0.3892857142684524,"writing-device":0.14087301597652116}},{"id":"딜리셔스팩토리라멘&카레","permalink":"","username":"asdfg","text":"라멘 국이랑 면은 괜찮았는데 차슈? 고기가 4점 들어있는게 누린내가 안잡힌거마냥 냄새가 좀 나네요\n사이드로 시킨 것들은 다 가격대에 맞는 맛이었어요\n다시 시켜먹지늠 않을듯..","date":"Mon Dec 10 23:59:44 +0000 2018","retweets":"30","favorites":"20","mentions":[],"hashtags":[],"geo":"","raw":"라멘 국이랑 면은 괜찮았는데 차슈? 고기가 4점 들어있는게 누린내가 안잡힌거마냥 냄새가 좀 나네요\n사이드로 시킨 것들은 다 가격대에 맞는 맛이었어요\n다시 시켜먹지늠 않을듯..","polarity":{"com":0.007365319888479703,"pos":0.46105206519660813,"neg":0.39903769070005346,"neut":0.07209418666266144,"none":0.06045073755219719},"intensity":{"high":0.11713826293793678,"low":0.10791831621622676,"meium":0.7139966515158891,"none":0.0609467693299474},"expressive":{"dir-action":0,"dir-explicit":0.2529906822637228,"dir-speech":0.48618179652854554,"indirect":0.1712762546015958,"writing-device":0.08955126660613605}},{"id":"딜리셔스팩토리라멘&카레","permalink":"","username":"asdfg","text":"돈코츠라멘이랑 디른 라멘 주문했어여~^^\n국물 진국이구여~^^\n안에 숙주 랑 파랑 야채가 맛있었어여~^^\n아삭아삭!!","date":"Mon Dec 10 23:59:44 +0000 2018","retweets":"30","favorites":"20","mentions":[],"hashtags":[],"geo":"","raw":"돈코츠라멘이랑 디른 라멘 주문했어여~^^\n국물 진국이구여~^^\n안에 숙주 랑 파랑 야채가 맛있었어여~^^\n아삭아삭!!","polarity":{"com":0.0044642857511160705,"pos":0.561011904890253,"neg":0.3244047618311012,"neut":0.10342261902585566,"none":0.006696428501674106},"intensity":{"high":0.0401785715,"low":0.193452381,"meium":0.757440476,"none":0.0089285715},"expressive":{"dir-action":0,"dir-explicit":0.34375,"dir-speech":0.36979166674999997,"indirect":0.27976190475,"writing-device":0.0066964285}},{"id":"딜리셔스팩토리라멘&카레","permalink":"","username":"asdfg","text":"돈카츠라멘 두 맛있구 다른 라멘이랑 고로케두 맛있어여~^^\n고로케소스두 맛있네여~^^","date":"Mon Dec 10 23:59:44 +0000 2018","retweets":"30","favorites":"20","mentions":[],"hashtags":[],"geo":"","raw":"돈카츠라멘 두 맛있구 다른 라멘이랑 고로케두 맛있어여~^^\n고로케소스두 맛있네여~^^","polarity":{"com":0,"pos":0.125,"neg":0.875,"neut":0,"none":0},"intensity":{"high":0,"low":0,"meium":1,"none":0},"expressive":{"dir-action":0,"dir-explicit":0,"dir-speech":0.875,"indirect":0.125,"writing-device":0}},{"id":"딜리셔스팩토리라멘&카레","permalink":"","username":"asdfg","text":"라멘 두종류랑 감자고로케랑 야채고로케 주문했는데\n국물 시원하구 고로케는 고소하구 달콤소스 찍어 먹으니\n더 맛있네여~^^","date":"Mon Dec 10 23:59:44 +0000 2018","retweets":"30","favorites":"20","mentions":[],"hashtags":[],"geo":"","raw":"라멘 두종류랑 감자고로케랑 야채고로케 주문했는데\n국물 시원하구 고로케는 고소하구 달콤소스 찍어 먹으니\n더 맛있네여~^^","polarity":{"com":0.006196980429456712,"pos":0.6393124956627589,"neg":0.28678724232668384,"neut":0.042728374006104054,"none":0.02497490757499642},"intensity":{"high":0.08152417799999999,"low":0.10678387114285713,"meium":0.7859808231428571,"none":0.02571112771428571},"expressive":{"dir-action":0.0013506594285714287,"dir-explicit":0.3550720082857143,"dir-speech":0.44764371671428566,"indirect":0.16826213385714284,"writing-device":0.02767148171428571}},{"id":"딜리셔스팩토리라멘&카레","permalink":"","username":"asdfg","text":"돈코츠라멘 평노맛\n카레우동 존노맛\n감자고로켓 평존맛\n돈카츠 평노맛","date":"Mon Dec 10 23:59:44 +0000 2018","retweets":"30","favorites":"20","mentions":[],"hashtags":[],"geo":"","raw":"돈코츠라멘 평노맛\n카레우동 존노맛\n감자고로켓 평존맛\n돈카츠 평노맛","polarity":{"com":0.003812636166666666,"pos":0.8142701525,"neg":0.12962962966666663,"neut":0.015250544666666664,"none":0.037037036999999995},"intensity":{"high":0.021241830003540303,"low":0.013616557668936094,"meium":0.9281045753213508,"none":0.03703703700617284},"expressive":{"dir-action":0,"dir-explicit":0.06971677566666666,"dir-speech":0.7837690631666666,"indirect":0.10620915033333334,"writing-device":0.040305010833333335}},{"id":"딜리셔스팩토리라멘&카레","permalink":"","username":"asdfg","text":"양이 너무 적어요..맛은..먹을만 햇어요","date":"Mon Dec 10 23:59:44 +0000 2018","retweets":"30","favorites":"20","mentions":[],"hashtags":[],"geo":"","raw":"양이 너무 적어요..맛은..먹을만 햇어요","polarity":{"com":0,"pos":0.47916666650000006,"neg":0.41666666674999997,"neut":0,"none":0.10416666675},"intensity":{"high":0.048611111000000005,"low":0.055555555500000006,"meium":0.7916666667500001,"none":0.10416666675000001},"expressive":{"dir-action":0,"dir-explicit":0.13888888875000002,"dir-speech":0.6944444445000001,"indirect":0.06250000000000001,"writing-device":0.10416666675000001}},{"id":"딜리셔스팩토리라멘&카레","permalink":"","username":"asdfg","text":"아들이 일식 라멘을 좋아해서 아들은 라멘~~ 난 고로케~ 치킨텐더 여러가지 사이드두 주문했는데 ㅂㅐ달 빠르구 \n맛있구여~^^","date":"Mon Dec 10 23:59:44 +0000 2018","retweets":"30","favorites":"20","mentions":[],"hashtags":[],"geo":"","raw":"아들이 일식 라멘을 좋아해서 아들은 라멘~~ 난 고로케~ 치킨텐더 여러가지 사이드두 주문했는데 ㅂㅐ달 빠르구 \n맛있구여~^^","polarity":{"com":0.0023356690000000003,"pos":0.3777856532222222,"neg":0.486600472,"neut":0.01633517577777778,"none":0.11694302999999999},"intensity":{"high":0.035006020444444445,"low":0.038214197666666665,"meium":0.8098367518888889,"none":0.11694302999999999},"expressive":{"dir-action":0.0016683350001853706,"dir-explicit":0.2029565798003285,"dir-speech":0.5136295716126256,"indirect":0.1641351495737928,"writing-device":0.1176103640130678}},{"id":"딜리셔스팩토리라멘&카레","permalink":"","username":"asdfg","text":"첫주문인데 배달 엄청 빠르구~ 맛두 좋구 양두 푸짐하네여~^^","date":"Mon Dec 10 23:59:44 +0000 2018","retweets":"30","favorites":"20","mentions":[],"hashtags":[],"geo":"","raw":"첫주문인데 배달 엄청 빠르구~ 맛두 좋구 양두 푸짐하네여~^^","polarity":{"com":0.004004004000000001,"pos":0.9221021021666668,"neg":0.05771771766666667,"neut":0.005505505500000001,"none":0.010670670666666668},"intensity":{"high":0.05235235233333333,"low":0.07623623616666667,"meium":0.8602402403333334,"none":0.011171171166666667},"expressive":{"dir-action":0.0005005005,"dir-explicit":0.3187187186666667,"dir-speech":0.38168168166666666,"indirect":0.287927928,"writing-device":0.011171171166666667}},{"id":"딜리셔스팩토리라멘&카레","permalink":"","username":"asdfg","text":"라면 맛있었어요~\n배달도 빠르게 왔어요~\n다음에 또 시켜먹을게요~","date":"Mon Dec 10 23:59:44 +0000 2018","retweets":"30","favorites":"20","mentions":[],"hashtags":[],"geo":"","raw":"라면 맛있었어요~\n배달도 빠르게 왔어요~\n다음에 또 시켜먹을게요~","polarity":{"com":0,"pos":0.47619047607483,"neg":0.4421768707939747,"neut":0.020408163282798836,"none":0.061224489848396506},"intensity":{"high":0.056689342428571425,"low":0.09977324257142857,"meium":0.7823129251428572,"none":0.06122448985714286},"expressive":{"dir-action":0,"dir-explicit":0.11337868484094589,"dir-speech":0.6417233560511824,"indirect":0.16326530611953355,"writing-device":0.08163265298833819}},{"id":"딜리셔스팩토리라멘&카레","permalink":"","username":"asdfg","text":"양이 많았어요 근데 음식이 전체적으로 짜요....","date":"Mon Dec 10 23:59:44 +0000 2018","retweets":"30","favorites":"20","mentions":[],"hashtags":[],"geo":"","raw":"양이 많았어요 근데 음식이 전체적으로 짜요....","polarity":{"com":0.015418502,"pos":0.41151120500000005,"neg":0.5028730125,"neut":0.06579199399999999,"none":0.0044052865},"intensity":{"high":0.1832982186832982,"low":0.17477494717477496,"meium":0.6353189046353189,"none":0.0066079295066079295},"expressive":{"dir-action":0.002202643002202643,"dir-explicit":0.46791802346791805,"dir-speech":0.28931239228931244,"indirect":0.23395901173395903,"writing-device":0.0066079295066079295}},{"id":"딜리셔스팩토리라멘&카레","permalink":"","username":"asdfg","text":"맛있어요 짱짱~~~","date":"Mon Dec 10 23:59:44 +0000 2018","retweets":"30","favorites":"20","mentions":[],"hashtags":[],"geo":"","raw":"맛있어요 짱짱~~~","polarity":{"com":0,"pos":0,"neg":1,"neut":0,"none":0},"intensity":{"high":0,"low":0,"meium":1,"none":0},"expressive":{"dir-action":0,"dir-explicit":0,"dir-speech":1,"indirect":0,"writing-device":0}},{"id":"딜리셔스팩토리라멘&카레","permalink":"","username":"asdfg","text":"정말 맛있어~","date":"Mon Dec 10 23:59:44 +0000 2018","retweets":"30","favorites":"20","mentions":[],"hashtags":[],"geo":"","raw":"정말 맛있어~","polarity":{"com":0,"pos":0.75,"neg":0,"neut":0,"none":0.25},"intensity":{"high":0.5,"low":0,"meium":0.25,"none":0.25},"expressive":{"dir-action":0,"dir-explicit":0.5,"dir-speech":0.25,"indirect":0,"writing-device":0.25}},{"id":"딜리셔스팩토리라멘&카레","permalink":"","username":"asdfg","text":"친절친절  빨리오셨구요  먹는 도중 리뷰남겨요 \n전화한통 달라했는데 해주셔서 감동  \n냉모밀  너무 맛있어요 돈까스리조또도 뜨끈뜨끈한게 맛나구요  또 시킬께용ㅇㅇㅇ","date":"Mon Dec 10 23:59:44 +0000 2018","retweets":"30","favorites":"20","mentions":[],"hashtags":[],"geo":"","raw":"친절친절  빨리오셨구요  먹는 도중 리뷰남겨요 \n전화한통 달라했는데 해주셔서 감동  \n냉모밀  너무 맛있어요 돈까스리조또도 뜨끈뜨끈한게 맛나구요  또 시킬께용ㅇㅇㅇ","polarity":{"com":0.016121809268330414,"pos":0.41927612597656105,"neg":0.4005936593452926,"neut":0.032794791354692335,"none":0.13121361405512355},"intensity":{"high":0.061428992528701196,"low":0.08865081288491343,"meium":0.7155717842593896,"none":0.1343484103269959},"expressive":{"dir-action":0.003134796273582217,"dir-explicit":0.21543781887693758,"dir-speech":0.324418876179387,"indirect":0.29041648017011357,"writing-device":0.16659202849997962}},{"id":"딜리셔스팩토리라멘&카레","permalink":"","username":"asdfg","text":"배달도 빠르고 친절하네요. 잘 먹었습니다^^","date":"Mon Dec 10 23:59:44 +0000 2018","retweets":"30","favorites":"20","mentions":[],"hashtags":[],"geo":"","raw":"배달도 빠르고 친절하네요. 잘 먹었습니다^^","polarity":{"com":0.004838709751209677,"pos":0.8076036867019009,"neg":0.14174347153543584,"neut":0.03882488475970621,"none":0.006989247251747312},"intensity":{"high":0.0349462365,"low":0.16593701975,"meium":0.791589862,"none":0.00752688175},"expressive":{"dir-action":0.00161290325,"dir-explicit":0.13206605225,"dir-speech":0.35937019975,"indirect":0.4999615975,"writing-device":0.00698924725}},{"id":"딜리셔스팩토리라멘&카레","permalink":"","username":"asdfg","text":"맛있어요~","date":"Mon Dec 10 23:59:44 +0000 2018","retweets":"30","favorites":"20","mentions":[],"hashtags":[],"geo":"","raw":"맛있어요~","polarity":{"com":0,"pos":0,"neg":1,"neut":0,"none":0},"intensity":{"high":0,"low":0,"meium":1,"none":0},"expressive":{"dir-action":0,"dir-explicit":0,"dir-speech":1,"indirect":0,"writing-device":0}},{"id":"딜리셔스팩토리라멘&카레","permalink":"","username":"asdfg","text":"첨시켜본곳인데 포장도 꼼꼼하게 잘해주시고,깔끔하네요^^\n냉면도 맛있구요~\n단!제육이 너무 싱거워요^^;;약간 좀 더 매웠으면 좋겠어요^^","date":"Mon Dec 10 23:59:44 +0000 2018","retweets":"30","favorites":"20","mentions":[],"hashtags":[],"geo":"","raw":"첨시켜본곳인데 포장도 꼼꼼하게 잘해주시고,깔끔하네요^^\n냉면도 맛있구요~\n단!제육이 너무 싱거워요^^;;약간 좀 더 매웠으면 좋겠어요^^","polarity":{"com":0.025099446794980107,"pos":0.455484851708903,"neg":0.40910654751817865,"neut":0.036628426392674315,"none":0.07368072758526385},"intensity":{"high":0.10719137867856172,"low":0.07536954688492609,"meium":0.7423086212515382,"none":0.07513045318497391},"expressive":{"dir-action":0.007005281200700529,"dir-explicit":0.36478350273647836,"dir-speech":0.3517772081351777,"indirect":0.19555232331955522,"writing-device":0.08088168460808817}},{"id":"딜리셔스팩토리라멘&카레","permalink":"","username":"asdfg","text":"사장님 너무 맛있습니다ㅠㅠ 담부턴 전화로시킬게요 번창하세용ㅋ","date":"Mon Dec 10 23:59:44 +0000 2018","retweets":"30","favorites":"20","mentions":[],"hashtags":[],"geo":"","raw":"사장님 너무 맛있습니다ㅠㅠ 담부턴 전화로시킬게요 번창하세용ㅋ","polarity":{"com":0.03571428574999999,"pos":0.64682539675,"neg":0.3174603175,"neut":0,"none":0},"intensity":{"high":0.07738095248065475,"low":0.29960317467509917,"meium":0.623015872844246,"none":0},"expressive":{"dir-action":0.013888889,"dir-explicit":0.240079365,"dir-speech":0.376984127,"indirect":0.369047619,"writing-device":0}},{"id":"딜리셔스팩토리라멘&카레","permalink":"","username":"asdfg","text":"배달시간 40분정도 걸린다고 문자왔눈데 정확하게 40분 걸렸고 포장 깔끔하고 맛도 좋았어요~","date":"Mon Dec 10 23:59:44 +0000 2018","retweets":"30","favorites":"20","mentions":[],"hashtags":[],"geo":"","raw":"배달시간 40분정도 걸린다고 문자왔눈데 정확하게 40분 걸렸고 포장 깔끔하고 맛도 좋았어요~","polarity":{"com":0.003003003,"pos":0.49886824325,"neg":0.43599662162499997,"neut":0.0124624625,"none":0.049669669624999996},"intensity":{"high":0.03926426425,"low":0.07176051050000001,"meium":0.83893018025,"none":0.050045044999999996},"expressive":{"dir-action":0.0003753753750000001,"dir-explicit":0.33487237237500006,"dir-speech":0.28626126125000007,"indirect":0.32844594600000004,"writing-device":0.050045045}},{"id":"딜리셔스팩토리라멘&카레","permalink":"","username":"asdfg","text":"별점으로 말하겠습니다..","date":"Mon Dec 10 23:59:44 +0000 2018","retweets":"30","favorites":"20","mentions":[],"hashtags":[],"geo":"","raw":"별점으로 말하겠습니다..","polarity":{"com":0,"pos":1,"neg":0,"neut":0,"none":0},"intensity":{"high":0,"low":0,"meium":1,"none":0},"expressive":{"dir-action":0,"dir-explicit":0,"dir-speech":0,"indirect":1,"writing-device":0}},{"id":"딜리셔스팩토리라멘&카레","permalink":"","username":"asdfg","text":"잘먹었습니다~","date":"Mon Dec 10 23:59:44 +0000 2018","retweets":"30","favorites":"20","mentions":[],"hashtags":[],"geo":"","raw":"잘먹었습니다~","polarity":{"com":0,"pos":0.7142857147142857,"neg":0.21428571421428572,"neut":0.07142857107142857,"none":0},"intensity":{"high":0,"low":0.214285714,"meium":0.785714286,"none":0},"expressive":{"dir-action":0,"dir-explicit":0.214285714,"dir-speech":0.142857143,"indirect":0.642857143,"writing-device":0}},{"id":"딜리셔스팩토리라멘&카레","permalink":"","username":"asdfg","text":"분명히 매운고구마돈까스 시켯는데 오백원더주고 ㅡㅡ\n근데 그냥 돈까스오고ㅡㅡ 오백원더줫네\n맛은soso","date":"Mon Dec 10 23:59:44 +0000 2018","retweets":"30","favorites":"20","mentions":[],"hashtags":[],"geo":"","raw":"분명히 매운고구마돈까스 시켯는데 오백원더주고 ㅡㅡ\n근데 그냥 돈까스오고ㅡㅡ 오백원더줫네\n맛은soso","polarity":{"com":0,"pos":0.4926630435,"neg":0.401811594125,"neut":0.052989130499999995,"none":0.052536231875000006},"intensity":{"high":0.214311594125,"low":0.0779891305,"meium":0.6551630435,"none":0.052536231875000006},"expressive":{"dir-action":0,"dir-explicit":0.35081521750000005,"dir-speech":0.434420289875,"indirect":0.16222826075,"writing-device":0.052536231875000006}},{"id":"딜리셔스팩토리라멘&카레","permalink":"","username":"asdfg","text":"40분 걸린다하고 1시간 걸렸습니다 맛도 그냥저냥이구요","date":"Mon Dec 10 23:59:44 +0000 2018","retweets":"30","favorites":"20","mentions":[],"hashtags":[],"geo":"","raw":"40분 걸린다하고 1시간 걸렸습니다 맛도 그냥저냥이구요","polarity":{"com":0.00287356325,"pos":0.39295977,"neg":0.5380747127500001,"neut":0.01724137925,"none":0.04885057475},"intensity":{"high":0.0912356322271911,"low":0.0316091954920977,"meium":0.8254310342936422,"none":0.051724137987068965},"expressive":{"dir-action":0.002873563250718391,"dir-explicit":0.10272988502568246,"dir-speech":0.4784482758696121,"indirect":0.35847701158961925,"writing-device":0.05747126426436782}},{"id":"딜리셔스팩토리라멘&카레","permalink":"","username":"asdfg","text":"졸라 맛있어용ㅎㅎ","date":"Mon Dec 10 23:59:44 +0000 2018","retweets":"30","favorites":"20","mentions":[],"hashtags":[],"geo":"","raw":"졸라 맛있어용ㅎㅎ","polarity":{"com":0,"pos":0,"neg":1,"neut":0,"none":0},"intensity":{"high":0,"low":0,"meium":1,"none":0},"expressive":{"dir-action":0,"dir-explicit":0,"dir-speech":1,"indirect":0,"writing-device":0}},{"id":"딜리셔스팩토리라멘&카레","permalink":"","username":"asdfg","text":"가격대비 괜찮아용~치즈돈까스 맛잇어요!","date":"Mon Dec 10 23:59:44 +0000 2018","retweets":"30","favorites":"20","mentions":[],"hashtags":[],"geo":"","raw":"가격대비 괜찮아용~치즈돈까스 맛잇어요!","polarity":{"com":0,"pos":1,"neg":0,"neut":0,"none":0},"intensity":{"high":0,"low":0,"meium":1,"none":0},"expressive":{"dir-action":0,"dir-explicit":0,"dir-speech":0.5,"indirect":0.5,"writing-device":0}}]