[{"id":"피자샾24시청담점","permalink":"","username":"asdfg","text":"맛도좋고 치즈도 많아서 굿","date":"Mon Dec 10 23:59:44 +0000 2018","retweets":"30","favorites":"20","mentions":[],"hashtags":[],"geo":"","raw":"맛도좋고 치즈도 많아서 굿","polarity":{"com":0,"pos":0.98,"neg":0.009999999999999995,"neut":0,"none":0.009999999999999995},"intensity":{"high":0.05000000000000001,"low":0.009999999999999998,"meium":0.9299999999999999,"none":0.009999999999999995},"expressive":{"dir-action":0,"dir-explicit":0.39999999999999997,"dir-speech":0.3,"indirect":0.29,"writing-device":0.009999999999999995}},{"id":"피자샾24시청담점","permalink":"","username":"asdfg","text":"피자시켜서 속을 달래보네요","date":"Mon Dec 10 23:59:44 +0000 2018","retweets":"30","favorites":"20","mentions":[],"hashtags":[],"geo":"","raw":"피자시켜서 속을 달래보네요","polarity":{"com":0.044191919303872056,"pos":0.4082491580611673,"neg":0.4755892256829406,"neut":0.05808080796127947,"none":0.013888888990740741},"intensity":{"high":0.14141414161952862,"low":0.07659932664113356,"meium":0.7680976427439675,"none":0.01388888899537037},"expressive":{"dir-action":0.018518518672839504,"dir-explicit":0.30134680143378223,"dir-speech":0.2874579124291526,"indirect":0.36489898978829965,"writing-device":0.02777777767592592}},{"id":"피자샾24시청담점","permalink":"","username":"asdfg","text":"콤비 시켜서 맛있게 먹어요","date":"Mon Dec 10 23:59:44 +0000 2018","retweets":"30","favorites":"20","mentions":[],"hashtags":[],"geo":"","raw":"콤비 시켜서 맛있게 먹어요","polarity":{"com":0,"pos":0.1666666665,"neg":0.8333333334999999,"neut":0,"none":0},"intensity":{"high":0.0555555555,"low":0.111111111,"meium":0.8333333334999999,"none":0},"expressive":{"dir-action":0,"dir-explicit":0.111111111,"dir-speech":0.888888889,"indirect":0,"writing-device":0}},{"id":"피자샾24시청담점","permalink":"","username":"asdfg","text":"양이푸짐하네용맛나고\n담에또시켜머글께여^^","date":"Mon Dec 10 23:59:44 +0000 2018","retweets":"30","favorites":"20","mentions":[],"hashtags":[],"geo":"","raw":"양이푸짐하네용맛나고\n담에또시켜머글께여^^","polarity":{"com":0.006006005998498498,"pos":0.5638674388590331,"neg":0.3087194336728201,"neut":0.008258258247935435,"none":0.11314886322171278},"intensity":{"high":0.1535285285,"low":0.021021021,"meium":0.7115508365000001,"none":0.113899614},"expressive":{"dir-action":0.12575075075000003,"dir-explicit":0.11379236375,"dir-speech":0.468951094,"indirect":0.14189189200000002,"writing-device":0.14961389950000004}}]