[{"id":"피자나라치킨공주","permalink":"","username":"asdfg","text":"싸고 맛나요~역시 최고","date":"Mon Dec 10 23:59:44 +0000 2018","retweets":"30","favorites":"20","mentions":[],"hashtags":[],"geo":"","raw":"싸고 맛나요~역시 최고","polarity":{"com":0,"pos":0.6666666668333333,"neg":0,"neut":0.16666666658333332,"none":0.16666666658333332},"intensity":{"high":0,"low":0.16666666658333332,"meium":0.6666666668333333,"none":0.16666666658333332},"expressive":{"dir-action":0,"dir-explicit":0.16666666658333332,"dir-speech":0.6666666668333333,"indirect":0,"writing-device":0.16666666658333332}},{"id":"피자나라치킨공주","permalink":"","username":"asdfg","text":"다행히 현금이있었네요 배달료를 받는거면 미리 알려주셔야하는거아닌가요?뜬금없이 배달료 천원 달라고하면카드결재했는데...에휴","date":"Mon Dec 10 23:59:44 +0000 2018","retweets":"30","favorites":"20","mentions":[],"hashtags":[],"geo":"","raw":"다행히 현금이있었네요 배달료를 받는거면 미리 알려주셔야하는거아닌가요?뜬금없이 배달료 천원 달라고하면카드결재했는데...에휴","polarity":{"com":0.011418242501141823,"pos":0.4285931913428594,"neg":0.47512162844751205,"neut":0.05664865600566488,"none":0.028218281702821826},"intensity":{"high":0.1251710884,"low":0.0544979087,"meium":0.7907482421,"none":0.029582760800000003},"expressive":{"dir-action":0.0017945866001794584,"dir-explicit":0.20348527862034854,"dir-speech":0.3640166382364017,"indirect":0.34903693903490374,"writing-device":0.08166655750816665}},{"id":"피자나라치킨공주","permalink":"","username":"asdfg","text":"맛있게 잘 먹었습니다.","date":"Mon Dec 10 23:59:44 +0000 2018","retweets":"30","favorites":"20","mentions":[],"hashtags":[],"geo":"","raw":"맛있게 잘 먹었습니다.","polarity":{"com":0,"pos":0.35714285717857136,"neg":0.6071428573035714,"neut":0.03571428551785714,"none":0},"intensity":{"high":0,"low":0.107142857,"meium":0.8928571430000001,"none":0},"expressive":{"dir-action":0,"dir-explicit":0.107142857,"dir-speech":0.5714285715,"indirect":0.3214285715,"writing-device":0}},{"id":"피자나라치킨공주","permalink":"","username":"asdfg","text":"음...그냥싼맛에 다는 안먹은듯","date":"Mon Dec 10 23:59:44 +0000 2018","retweets":"30","favorites":"20","mentions":[],"hashtags":[],"geo":"","raw":"음...그냥싼맛에 다는 안먹은듯","polarity":{"com":0,"pos":0.4375,"neg":0.47395833325000003,"neut":0.03125,"none":0.05729166675},"intensity":{"high":0.07812499998046875,"low":0.04166666673958333,"meium":0.8229166665442708,"none":0.05729166673567708},"expressive":{"dir-action":0,"dir-explicit":0.21354166675,"dir-speech":0.63020833325,"indirect":0.08333333325,"writing-device":0.07291666675}},{"id":"피자나라치킨공주","permalink":"","username":"asdfg","text":"맛낭ㅋ","date":"Mon Dec 10 23:59:44 +0000 2018","retweets":"30","favorites":"20","mentions":[],"hashtags":[],"geo":"","raw":"맛낭ㅋㅋㅋㅋㅋㅋㅋㅋㅋ","polarity":{"com":0,"pos":1,"neg":0,"neut":0,"none":0},"intensity":{"high":0,"low":0,"meium":1,"none":0},"expressive":{"dir-action":0,"dir-explicit":0,"dir-speech":1,"indirect":0,"writing-device":0}},{"id":"피자나라치킨공주","permalink":"","username":"asdfg","text":"쏘쏫   맛있어요ㅋㅋㅋㅋㅋ","date":"Mon Dec 10 23:59:44 +0000 2018","retweets":"30","favorites":"20","mentions":[],"hashtags":[],"geo":"","raw":"쏘쏫   맛있어요ㅋㅋㅋㅋㅋ","polarity":{"com":0,"pos":0,"neg":1,"neut":0,"none":0},"intensity":{"high":0,"low":0,"meium":1,"none":0},"expressive":{"dir-action":0,"dir-explicit":0,"dir-speech":1,"indirect":0,"writing-device":0}},{"id":"피자나라치킨공주","permalink":"","username":"asdfg","text":"배달료를 무조건 내야 하는거면 애초에 가격에 포함 시키던가 해야지 전단지 화면에 가야만 배달료가 있다는 걸 알았네요","date":"Mon Dec 10 23:59:44 +0000 2018","retweets":"30","favorites":"20","mentions":[],"hashtags":[],"geo":"","raw":"배달료를 무조건 내야 하는거면 애초에 가격에 포함 시키던가 해야지 전단지 화면에 가야만 배달료가 있다는 걸 알았네요","polarity":{"com":0.0067574493013514885,"pos":0.46149043859229805,"neg":0.37418684997483725,"neut":0.06580414961316082,"none":0.0917611125183522},"intensity":{"high":0.07162071228567587,"low":0.08986595718202682,"meium":0.7444533674511093,"none":0.09405996308118802},"expressive":{"dir-action":0.0035727359996427263,"dir-explicit":0.18111491338188854,"dir-speech":0.480019507251998,"indirect":0.2385623391761438,"writing-device":0.09673050419032697}},{"id":"피자나라치킨공주","permalink":"","username":"asdfg","text":"양 개 적고맛 개 없고배달 존내 늦게 오고콜라도 미지근 하고이런 말 잘 안하는데 개 ㅈ같아서 못시켜먹겠네요.(먹다 개박쳐서ㅠ리뷰 처은 써봅니다)","date":"Mon Dec 10 23:59:44 +0000 2018","retweets":"30","favorites":"20","mentions":[],"hashtags":[],"geo":"","raw":"양 개 적고맛 개 없고배달 존내 늦게 오고콜라도 미지근 하고이런 말 잘 안하는데 개 ㅈ같아서 못시켜먹겠네요.(먹다 개박쳐서ㅠ리뷰 처은 써봅니다)","polarity":{"com":0.0023784116250000005,"pos":0.5097583643125001,"neg":0.33440376206250005,"neut":0.0610420165625,"none":0.09241744543750001},"intensity":{"high":0.08597382260887992,"low":0.06498937980031451,"meium":0.7552941652333823,"none":0.09374263235742328},"expressive":{"dir-action":0.048066875684495816,"dir-explicit":0.12109241911743174,"dir-speech":0.4163745825364766,"indirect":0.31554335460527855,"writing-device":0.09892276805631732}},{"id":"피자나라치킨공주","permalink":"","username":"asdfg","text":"치킨이  맛있어진듯..ㅋㅋ","date":"Mon Dec 10 23:59:44 +0000 2018","retweets":"30","favorites":"20","mentions":[],"hashtags":[],"geo":"","raw":"치킨이  맛있어진듯..ㅋㅋ","polarity":{"com":0.015418502,"pos":0.46585903100000003,"neg":0.3869309835,"neut":0.0440528635,"none":0.08773861999999999},"intensity":{"high":0.052863436,"low":0.14941262849999998,"meium":0.7077826725,"none":0.089941263},"expressive":{"dir-action":0.0022026430011013215,"dir-explicit":0.2903817916451909,"dir-speech":0.3472834066736417,"indirect":0.2701908956350954,"writing-device":0.08994126304497063}},{"id":"피자나라치킨공주","permalink":"","username":"asdfg","text":"피자보다 치킨이맛있어요","date":"Mon Dec 10 23:59:44 +0000 2018","retweets":"30","favorites":"20","mentions":[],"hashtags":[],"geo":"","raw":"피자보다 치킨이맛있어요","polarity":{"com":0.030837004,"pos":0.431718062,"neg":0.440528634,"neut":0.088105727,"none":0.008810573},"intensity":{"high":0.10572687210572689,"low":0.13215859013215858,"meium":0.7488986787488987,"none":0.01321585901321586},"expressive":{"dir-action":0.004405286004405286,"dir-explicit":0.4140969164140969,"dir-speech":0.3612334803612335,"indirect":0.20704845820704845,"writing-device":0.01321585901321586}}]