[{"id":"준스피자","permalink":"","username":"asdfg","text":"1번세트로 화이트콤비네이션피자에 크러스트 추가했는데 맛이 괜찮네요~ 가격도 저렴한데 크러스트 치즈가 듬뿍들어있어요~ 피클도 아삭하니 직접 만드시는것 같기도한데 피클많이 주셔서 좋아요ㅎㅎ","date":"Mon Dec 10 23:59:44 +0000 2018","retweets":"30","favorites":"20","mentions":[],"hashtags":[],"geo":"","raw":"1번세트로 화이트콤비네이션피자에 크러스트 추가했는데 맛이 괜찮네요~ 가격도 저렴한데 크러스트 치즈가 듬뿍들어있어요~ 피클도 아삭하니 직접 만드시는것 같기도한데 피클많이 주셔서 좋아요ㅎㅎ","polarity":{"com":0.006215426642413184,"pos":0.48576968067958787,"neg":0.3315652729048882,"neut":0.0354870207831795,"none":0.14096259898993124},"intensity":{"high":0.08442405913682685,"low":0.11366093370616707,"meium":0.6591255248814911,"none":0.14278948227551502},"expressive":{"dir-action":0.001496347785500522,"dir-explicit":0.187756315258892,"dir-speech":0.34393194666515253,"indirect":0.3241956450965435,"writing-device":0.14261974519391146}},{"id":"준스피자","permalink":"","username":"asdfg","text":"이번엔 불고기피자에 크러스트 ㅋㅋ 맛있어요^^\n치즈를 좋아해서 크러스트 포기할수 없네요;;","date":"Mon Dec 10 23:59:44 +0000 2018","retweets":"30","favorites":"20","mentions":[],"hashtags":[],"geo":"","raw":"이번엔 불고기피자에 크러스트 ㅋㅋ 맛있어요^^\n치즈를 좋아해서 크러스트 포기할수 없네요;;","polarity":{"com":0.018542109006180703,"pos":0.18840191406280063,"neg":0.7287466722429154,"neut":0.03441512484480504,"none":0.029894179843298063},"intensity":{"high":0.09425066566666666,"low":0.0654079465,"meium":0.8104472079999999,"none":0.029894179833333336},"expressive":{"dir-action":0.0021231423326256195,"dir-explicit":0.30338354739887213,"dir-speech":0.3697452228767516,"indirect":0.27448016707517325,"writing-device":0.05026792031657736}},{"id":"준스피자","permalink":"","username":"asdfg","text":"시켜먹어야지 벼르던중..낼 주문할려다 휴무인거보고 바로 주문!! 포테이토에 치즈크러스트추가 했는데 맛있네요^^\n피클도 맛나요ㅋㅋ 요일별로 다 먹어보고 싶네요~","date":"Mon Dec 10 23:59:44 +0000 2018","retweets":"30","favorites":"20","mentions":[],"hashtags":[],"geo":"","raw":"시켜먹어야지 벼르던중..낼 주문할려다 휴무인거보고 바로 주문!! 포테이토에 치즈크러스트추가 했는데 맛있네요^^\n피클도 맛나요ㅋㅋ 요일별로 다 먹어보고 싶네요~","polarity":{"com":0.01024458415305811,"pos":0.4322588273513648,"neg":0.40835754296858784,"neut":0.032673422997486656,"none":0.11646562252950264},"intensity":{"high":0.09605713199261097,"low":0.10022903053075159,"meium":0.6863640416395105,"none":0.11734979583712693},"expressive":{"dir-action":0.000884173307760321,"dir-explicit":0.23197908701784453,"dir-speech":0.42922304195609406,"indirect":0.17617004362893615,"writing-device":0.16174365408936492}},{"id":"준스피자","permalink":"","username":"asdfg","text":"여기가 값도싸고 질도조코진리^^♥","date":"Mon Dec 10 23:59:44 +0000 2018","retweets":"30","favorites":"20","mentions":[],"hashtags":[],"geo":"","raw":"여기가 값도싸고 질도조코진리^^♥","polarity":{"com":0,"pos":0.7666666666666666,"neg":0.2333333333333333,"neut":0,"none":0},"intensity":{"high":0,"low":0.06666666666666667,"meium":0.9333333333333332,"none":0},"expressive":{"dir-action":0,"dir-explicit":0,"dir-speech":0.4666666666666666,"indirect":0.5333333333333333,"writing-device":0}}]