[{"id":"리츠델리피자","permalink":"","username":"asdfg","text":"세트1번 맛있어요\n피자보단스파게티가 더ㅋ","date":"Mon Dec 10 23:59:44 +0000 2018","retweets":"30","favorites":"20","mentions":[],"hashtags":[],"geo":"","raw":"세트1번 맛있어요\n피자보단스파게티가 더ㅋ","polarity":{"com":0.05140692635046897,"pos":0.2429653680809884,"neg":0.6244588745414863,"neut":0.04193722934731241,"none":0.03923160167974386},"intensity":{"high":0.083874459,"low":0.050865800666666655,"meium":0.823051948,"none":0.04220779233333332},"expressive":{"dir-action":0,"dir-explicit":0.14015151499999998,"dir-speech":0.6950757576666666,"indirect":0.12554112566666664,"writing-device":0.03923160166666666}},{"id":"리츠델리피자","permalink":"","username":"asdfg","text":"24시동네피자들중별로인거같음ㅠ\n그냥그럼","date":"Mon Dec 10 23:59:44 +0000 2018","retweets":"30","favorites":"20","mentions":[],"hashtags":[],"geo":"","raw":"24시동네피자들중별로인거같음ㅠ\n그냥그럼","polarity":{"com":0.023978919599999995,"pos":0.27014869179999995,"neg":0.49367588939999996,"neut":0.04596273299999999,"none":0.16623376619999997},"intensity":{"high":0.03393562940678712,"low":0.059156785211831354,"meium":0.737775268347555,"none":0.16913231703382645},"expressive":{"dir-action":0,"dir-explicit":0.1464709204292942,"dir-speech":0.45979672509195935,"indirect":0.21797477884359498,"writing-device":0.17575757563515151}},{"id":"리츠델리피자","permalink":"","username":"asdfg","text":"피자 빵두 맛있어서 좋앗어요","date":"Mon Dec 10 23:59:44 +0000 2018","retweets":"30","favorites":"20","mentions":[],"hashtags":[],"geo":"","raw":"피자 빵두 맛있어서 좋앗어요","polarity":{"com":0,"pos":0,"neg":1,"neut":0,"none":0},"intensity":{"high":0,"low":0,"meium":1,"none":0},"expressive":{"dir-action":0,"dir-explicit":0,"dir-speech":1,"indirect":0,"writing-device":0}},{"id":"리츠델리피자","permalink":"","username":"asdfg","text":"맛있었어용 정신없이먹엇네 세트2로햇음^^","date":"Mon Dec 10 23:59:44 +0000 2018","retweets":"30","favorites":"20","mentions":[],"hashtags":[],"geo":"","raw":"맛있었어용 정신없이먹엇네 세트2로햇음^^","polarity":{"com":0.0038314176666666665,"pos":0.27394636,"neg":0.6340996170000001,"neut":0.02298850566666667,"none":0.06513409966666667},"intensity":{"high":0.03831417632056194,"low":0.04214559398595147,"meium":0.8505747123831418,"none":0.06896551731034482},"expressive":{"dir-action":0.003831417667943806,"dir-explicit":0.05363984668454662,"dir-speech":0.637931034545977,"indirect":0.22796934874265645,"writing-device":0.07662835235887612}}]