[{"id":"7번가피자 대치점","permalink":"","username":"asdfg","text":"맛나게 잘 먹었습니다 ㅎ","date":"Mon Dec 10 23:59:44 +0000 2018","retweets":"30","favorites":"20","mentions":[],"hashtags":[],"geo":"","raw":"맛나게 잘 먹었습니다 ㅎ","polarity":{"com":0,"pos":0.7142857147142857,"neg":0.21428571421428572,"neut":0.07142857107142857,"none":0},"intensity":{"high":0,"low":0.214285714,"meium":0.785714286,"none":0},"expressive":{"dir-action":0,"dir-explicit":0.214285714,"dir-speech":0.142857143,"indirect":0.642857143,"writing-device":0}},{"id":"7번가피자 대치점","permalink":"","username":"asdfg","text":"맛있긴했는데, 피자 크기가 생각보다 많이 작아요 세트의 경우에는","date":"Mon Dec 10 23:59:44 +0000 2018","retweets":"30","favorites":"20","mentions":[],"hashtags":[],"geo":"","raw":"맛있긴했는데, 피자 크기가 생각보다 많이 작아요 세트의 경우에는","polarity":{"com":0.009599997333333334,"pos":0.3275446533333333,"neg":0.5429600408333334,"neut":0.06869484016666666,"none":0.05120046833333333},"intensity":{"high":0.07477429747507523,"low":0.20227851843257383,"meium":0.6683429116105525,"none":0.05460427248179857},"expressive":{"dir-action":0.001915708833652618,"dir-explicit":0.1914183898652364,"dir-speech":0.5469747765911624,"indirect":0.200098027366683,"writing-device":0.05959309734326553}},{"id":"7번가피자 대치점","permalink":"","username":"asdfg","text":"올만에 잘 먹었습니다 ㅎㅎ","date":"Mon Dec 10 23:59:44 +0000 2018","retweets":"30","favorites":"20","mentions":[],"hashtags":[],"geo":"","raw":"올만에 잘 먹었습니다 ㅎㅎ","polarity":{"com":0,"pos":0.5992063491997356,"neg":0.07142857135714287,"neut":0.19047619039682542,"none":0.13888888904629632},"intensity":{"high":0.027777777666666666,"low":0.07142857133333333,"meium":0.761904762,"none":0.138888889},"expressive":{"dir-action":0,"dir-explicit":0.18253968233333331,"dir-speech":0.21428571433333332,"indirect":0.4642857143333334,"writing-device":0.138888889}},{"id":"7번가피자 대치점","permalink":"","username":"asdfg","text":"맛있게먹었습니다!!!!!!","date":"Mon Dec 10 23:59:44 +0000 2018","retweets":"30","favorites":"20","mentions":[],"hashtags":[],"geo":"","raw":"맛있게먹었습니다!!!!!!","polarity":{"com":0,"pos":0.1666666665,"neg":0.8333333334999999,"neut":0,"none":0},"intensity":{"high":0.0555555555,"low":0.111111111,"meium":0.8333333334999999,"none":0},"expressive":{"dir-action":0,"dir-explicit":0.111111111,"dir-speech":0.888888889,"indirect":0,"writing-device":0}},{"id":"7번가피자 대치점","permalink":"","username":"asdfg","text":"예상 시간보다 바른 배달과 맛도 좋아요**","date":"Mon Dec 10 23:59:44 +0000 2018","retweets":"30","favorites":"20","mentions":[],"hashtags":[],"geo":"","raw":"예상 시간보다 바른 배달과 맛도 좋아요**","polarity":{"com":0,"pos":0.855,"neg":0.135,"neut":0,"none":0.01},"intensity":{"high":0.1125,"low":0.01,"meium":0.8674999999999999,"none":0.01},"expressive":{"dir-action":0,"dir-explicit":0.3375,"dir-speech":0.55,"indirect":0.10250000000000001,"writing-device":0.01}},{"id":"7번가피자 대치점","permalink":"","username":"asdfg","text":"괜찮네요 괜찮네요 괜찮네요 ","date":"Mon Dec 10 23:59:44 +0000 2018","retweets":"30","favorites":"20","mentions":[],"hashtags":[],"geo":"","raw":"괜찮네요 괜찮네요 괜찮네요 ","polarity":{"com":null,"pos":null,"neg":null,"neut":null,"none":null},"intensity":{"high":null,"low":null,"meium":null,"none":null},"expressive":{"dir-action":null,"dir-explicit":null,"dir-speech":null,"indirect":null,"writing-device":null}},{"id":"7번가피자 대치점","permalink":"","username":"asdfg","text":"피자가 아주커서 맘에들었어요ㅋㅋ","date":"Mon Dec 10 23:59:44 +0000 2018","retweets":"30","favorites":"20","mentions":[],"hashtags":[],"geo":"","raw":"피자가 아주커서 맘에들었어요ㅋㅋ","polarity":{"com":0.005952381,"pos":0.28633004933333334,"neg":0.6490147783333333,"neut":0.04977422,"none":0.008928571333333333},"intensity":{"high":0.18000821033333333,"low":0.05870279133333334,"meium":0.7378899833333333,"none":0.023399015},"expressive":{"dir-action":0,"dir-explicit":0.308908046,"dir-speech":0.4834770113333333,"indirect":0.19868637133333333,"writing-device":0.008928571333333333}},{"id":"7번가피자 대치점","permalink":"","username":"asdfg","text":"맛나게 잘먹었습니다 ㅎㅎ","date":"Mon Dec 10 23:59:44 +0000 2018","retweets":"30","favorites":"20","mentions":[],"hashtags":[],"geo":"","raw":"맛나게 잘먹었습니다 ㅎㅎ","polarity":{"com":0,"pos":0.7142857147142857,"neg":0.21428571421428572,"neut":0.07142857107142857,"none":0},"intensity":{"high":0,"low":0.214285714,"meium":0.785714286,"none":0},"expressive":{"dir-action":0,"dir-explicit":0.214285714,"dir-speech":0.142857143,"indirect":0.642857143,"writing-device":0}},{"id":"7번가피자 대치점","permalink":"","username":"asdfg","text":"피자 여기 맛집입니다. 맛있음","date":"Mon Dec 10 23:59:44 +0000 2018","retweets":"30","favorites":"20","mentions":[],"hashtags":[],"geo":"","raw":"피자 여기 맛집입니다. 맛있음","polarity":{"com":0,"pos":0.5,"neg":0.5,"neut":0,"none":0},"intensity":{"high":0,"low":0,"meium":1,"none":0},"expressive":{"dir-action":0,"dir-explicit":0,"dir-speech":1,"indirect":0,"writing-device":0}},{"id":"7번가피자 대치점","permalink":"","username":"asdfg","text":"아주아주 배터지게먹었어요","date":"Mon Dec 10 23:59:44 +0000 2018","retweets":"30","favorites":"20","mentions":[],"hashtags":[],"geo":"","raw":"아주아주 배터지게먹었어요","polarity":{"com":0,"pos":0.45634920633333326,"neg":0.5436507936666667,"neut":0,"none":0},"intensity":{"high":0.26322751324559085,"low":0.16931216927689594,"meium":0.5674603174775132,"none":0},"expressive":{"dir-action":0,"dir-explicit":0.16931216933333335,"dir-speech":0.39021164033333333,"indirect":0.44047619033333335,"writing-device":0}},{"id":"7번가피자 대치점","permalink":"","username":"asdfg","text":"우아아아아앙 피자가 현관문 뚫고 오는 줄넘나 맛있어요@@","date":"Mon Dec 10 23:59:44 +0000 2018","retweets":"30","favorites":"20","mentions":[],"hashtags":[],"geo":"","raw":"우아아아아앙 피자가 현관문 뚫고 오는 줄넘나 맛있어요@@","polarity":{"com":0.0035714286,"pos":0.4535714286,"neg":0.4928571428,"neut":0.0446428572,"none":0.0053571428},"intensity":{"high":0.0892857144,"low":0.25,"meium":0.6535714284,"none":0.0071428572},"expressive":{"dir-action":0,"dir-explicit":0.16071428576785715,"dir-speech":0.4815476191036905,"indirect":0.15238095236952381,"writing-device":0.20535714275892858}},{"id":"7번가피자 대치점","permalink":"","username":"asdfg","text":"맛있네용 ㄹㅇ맛잇네용 ㄹㅇ루다가","date":"Mon Dec 10 23:59:44 +0000 2018","retweets":"30","favorites":"20","mentions":[],"hashtags":[],"geo":"","raw":"맛있네용 ㄹㅇ맛잇네용 ㄹㅇ루다가","polarity":{"com":0,"pos":0.5,"neg":0.5,"neut":0,"none":0},"intensity":{"high":0,"low":0,"meium":1,"none":0},"expressive":{"dir-action":0,"dir-explicit":0,"dir-speech":1,"indirect":0,"writing-device":0}},{"id":"7번가피자 대치점","permalink":"","username":"asdfg","text":"맛있어요 배달도빨라요","date":"Mon Dec 10 23:59:44 +0000 2018","retweets":"30","favorites":"20","mentions":[],"hashtags":[],"geo":"","raw":"맛있어요 배달도빨라요","polarity":{"com":0,"pos":0.5,"neg":0.5,"neut":0,"none":0},"intensity":{"high":0,"low":0,"meium":1,"none":0},"expressive":{"dir-action":0,"dir-explicit":0,"dir-speech":1,"indirect":0,"writing-device":0}},{"id":"7번가피자 대치점","permalink":"","username":"asdfg","text":"맛있었고 너무 좋았어요!!!","date":"Mon Dec 10 23:59:44 +0000 2018","retweets":"30","favorites":"20","mentions":[],"hashtags":[],"geo":"","raw":"맛있었고 너무 좋았어요!!!","polarity":{"com":0.07142857150000001,"pos":0.07142857150000001,"neg":0.857142857,"neut":0,"none":0},"intensity":{"high":0.07142857150000001,"low":0.07142857150000001,"meium":0.857142857,"none":0},"expressive":{"dir-action":0,"dir-explicit":0.2857142855,"dir-speech":0.642857143,"indirect":0.0714285715,"writing-device":0}},{"id":"7번가피자 대치점","permalink":"","username":"asdfg","text":"항상맛잇게잘먹고있습니다~","date":"Mon Dec 10 23:59:44 +0000 2018","retweets":"30","favorites":"20","mentions":[],"hashtags":[],"geo":"","raw":"항상맛잇게잘먹고있습니다~","polarity":{"com":0,"pos":0.8571428574285714,"neg":0.10714285705357143,"neut":0.035714285517857144,"none":0},"intensity":{"high":0,"low":0.107142857,"meium":0.8928571430000001,"none":0},"expressive":{"dir-action":0,"dir-explicit":0.357142857,"dir-speech":0.3214285715,"indirect":0.3214285715,"writing-device":0}},{"id":"7번가피자 대치점","permalink":"","username":"asdfg","text":"되게 맛있게 잘 먹었습니다 ^^","date":"Mon Dec 10 23:59:44 +0000 2018","retweets":"30","favorites":"20","mentions":[],"hashtags":[],"geo":"","raw":"되게 맛있게 잘 먹었습니다 ^^","polarity":{"com":0,"pos":0.35714285717857136,"neg":0.6071428573035714,"neut":0.03571428551785714,"none":0},"intensity":{"high":0,"low":0.107142857,"meium":0.8928571430000001,"none":0},"expressive":{"dir-action":0,"dir-explicit":0.107142857,"dir-speech":0.5714285715,"indirect":0.3214285715,"writing-device":0}},{"id":"7번가피자 대치점","permalink":"","username":"asdfg","text":"항상 시켜먹지만 정말 맛있습니다","date":"Mon Dec 10 23:59:44 +0000 2018","retweets":"30","favorites":"20","mentions":[],"hashtags":[],"geo":"","raw":"항상 시켜먹지만 정말 맛있습니다","polarity":{"com":0,"pos":0.6944444443333334,"neg":0.22222222233333333,"neut":0,"none":0.08333333333333333},"intensity":{"high":0.20370370366666668,"low":0.074074074,"meium":0.638888889,"none":0.08333333333333333},"expressive":{"dir-action":0,"dir-explicit":0.40740740733333336,"dir-speech":0.5092592593333333,"indirect":0,"writing-device":0.08333333333333333}},{"id":"7번가피자 대치점","permalink":"","username":"asdfg","text":"칠리랑 새우를 따로봐서 통새우가 들어가는줄알고 잘못시키긴했지만 생각보다 맛있었음!","date":"Mon Dec 10 23:59:44 +0000 2018","retweets":"30","favorites":"20","mentions":[],"hashtags":[],"geo":"","raw":"칠리랑 새우를 따로봐서 통새우가 들어가는줄알고 잘못시키긴했지만 생각보다 맛있었음!","polarity":{"com":0.012844894444444444,"pos":0.3255200626666667,"neg":0.5116775696666667,"neut":0.06607307888888889,"none":0.08388439433333333},"intensity":{"high":0.0770136268888889,"low":0.19503864555555558,"meium":0.6417941304444444,"none":0.0861535971111111},"expressive":{"dir-action":0.0026925674441452704,"dir-explicit":0.20210362364421072,"dir-speech":0.28847361863461407,"indirect":0.28883308963457405,"writing-device":0.2178971006424559}},{"id":"7번가피자 대치점","permalink":"","username":"asdfg","text":"배달도 빠르고 맛도 담백해요","date":"Mon Dec 10 23:59:44 +0000 2018","retweets":"30","favorites":"20","mentions":[],"hashtags":[],"geo":"","raw":"배달도 빠르고 맛도 담백해요","polarity":{"com":0.006006006,"pos":0.90315315325,"neg":0.0765765765,"neut":0.00825825825,"none":0.006006006},"intensity":{"high":0.0285285285,"low":0.10435435425,"meium":0.8603603605,"none":0.00675675675},"expressive":{"dir-action":0.0007507507500000002,"dir-explicit":0.07807807800000001,"dir-speech":0.5225225225000001,"indirect":0.391891892,"writing-device":0.0067567567500000005}},{"id":"7번가피자 대치점","permalink":"","username":"asdfg","text":"그냥저냥그냥저냥그냥저냥","date":"Mon Dec 10 23:59:44 +0000 2018","retweets":"30","favorites":"20","mentions":[],"hashtags":[],"geo":"","raw":"그냥저냥그냥저냥그냥저냥","polarity":{"com":null,"pos":null,"neg":null,"neut":null,"none":null},"intensity":{"high":null,"low":null,"meium":null,"none":null},"expressive":{"dir-action":null,"dir-explicit":null,"dir-speech":null,"indirect":null,"writing-device":null}},{"id":"7번가피자 대치점","permalink":"","username":"asdfg","text":"맛잇어요!!!! 치즈짱","date":"Mon Dec 10 23:59:44 +0000 2018","retweets":"30","favorites":"20","mentions":[],"hashtags":[],"geo":"","raw":"맛잇어요!!!! 치즈짱","polarity":{"com":0,"pos":1,"neg":0,"neut":0,"none":0},"intensity":{"high":0,"low":0,"meium":1,"none":0},"expressive":{"dir-action":0,"dir-explicit":0,"dir-speech":1,"indirect":0,"writing-device":0}},{"id":"7번가피자 대치점","permalink":"","username":"asdfg","text":"맛있어욬ㅋ","date":"Mon Dec 10 23:59:44 +0000 2018","retweets":"30","favorites":"20","mentions":[],"hashtags":[],"geo":"","raw":"맛있어욬ㅋㅋㅋㅋㅋㅋㅋㅋㅋㅋ","polarity":{"com":null,"pos":null,"neg":null,"neut":null,"none":null},"intensity":{"high":null,"low":null,"meium":null,"none":null},"expressive":{"dir-action":null,"dir-explicit":null,"dir-speech":null,"indirect":null,"writing-device":null}},{"id":"7번가피자 대치점","permalink":"","username":"asdfg","text":"작을줄 알고 시켰는데양이 너무~~ 푸짐해서 맛있게 먹었어요!맛도 너무 좋고 여러가지 시켜먹고싶을때 굉장히 좋아요! 이정도 양에 이가격이면 가성비 짱짱입니다!!","date":"Mon Dec 10 23:59:44 +0000 2018","retweets":"30","favorites":"20","mentions":[],"hashtags":[],"geo":"","raw":"작을줄 알고 시켰는데양이 너무~~ 푸짐해서 맛있게 먹었어요!맛도 너무 좋고 여러가지 시켜먹고싶을때 굉장히 좋아요! 이정도 양에 이가격이면 가성비 짱짱입니다!!","polarity":{"com":0.021234811498672825,"pos":0.3831471712260533,"neg":0.5077281989682669,"neut":0.03708546687268215,"none":0.05080435143432473},"intensity":{"high":0.10046939126255866,"low":0.17738166639717273,"meium":0.6711569032088945,"none":0.05099203913137399},"expressive":{"dir-action":0.00018768768748826957,"dir-explicit":0.20534043873716626,"dir-speech":0.4930865978441822,"indirect":0.1871141749883054,"writing-device":0.11427110074285808}},{"id":"7번가피자 대치점","permalink":"","username":"asdfg","text":"피자는 무조건 7번가  쿠폰도 다 모아가네요!","date":"Mon Dec 10 23:59:44 +0000 2018","retweets":"30","favorites":"20","mentions":[],"hashtags":[],"geo":"","raw":"피자는 무조건 7번가  쿠폰도 다 모아가네요!","polarity":{"com":0.002380952334126984,"pos":0.5105820105035273,"neg":0.27883597909294533,"neut":0.03650793634550264,"none":0.1716931217238977},"intensity":{"high":0.16076516100000002,"low":0.143101343,"meium":0.5244403743333333,"none":0.1716931216666667},"expressive":{"dir-action":0,"dir-explicit":0.31994301989335233,"dir-speech":0.3735042735421652,"indirect":0.13194953195601683,"writing-device":0.1746031746084656}},{"id":"7번가피자 대치점","permalink":"","username":"asdfg","text":"피자 실하고 맛도 좋구 친절하네요~~","date":"Mon Dec 10 23:59:44 +0000 2018","retweets":"30","favorites":"20","mentions":[],"hashtags":[],"geo":"","raw":"피자 실하고 맛도 좋구 친절하네요~~","polarity":{"com":0.009677419499999998,"pos":0.738064516,"neg":0.186344086,"neut":0.041935483999999995,"none":0.023978494499999992},"intensity":{"high":0.119892473,"low":0.06806451599999999,"meium":0.7869892475,"none":0.0250537635},"expressive":{"dir-action":0.0032258065,"dir-explicit":0.3069892475,"dir-speech":0.44731182799999997,"indirect":0.2184946235,"writing-device":0.0239784945}},{"id":"7번가피자 대치점","permalink":"","username":"asdfg","text":"항상 혼자서 1인 1판하기 좋아요! 부담없이 먹는 곳 ㅎㅎ","date":"Mon Dec 10 23:59:44 +0000 2018","retweets":"30","favorites":"20","mentions":[],"hashtags":[],"geo":"","raw":"항상 혼자서 1인 1판하기 좋아요! 부담없이 먹는 곳 ㅎㅎ","polarity":{"com":0.023809523853741493,"pos":0.6036918137709012,"neg":0.27485286253216384,"neut":0.033440342423794234,"none":0.06420545741939922},"intensity":{"high":0.04449794900635685,"low":0.2128054217446865,"meium":0.6784911718112131,"none":0.06420545743774364},"expressive":{"dir-action":0,"dir-explicit":0.22885678611016333,"dir-speech":0.4160870340834162,"indirect":0.27319422153240086,"writing-device":0.08186195827401972}},{"id":"7번가피자 대치점","permalink":"","username":"asdfg","text":"느무 맛있어용ㅇ","date":"Mon Dec 10 23:59:44 +0000 2018","retweets":"30","favorites":"20","mentions":[],"hashtags":[],"geo":"","raw":"느무 맛있어용ㅇㅇㅇㅇㅇㅇㅇㅇㅇ","polarity":{"com":0,"pos":0,"neg":1,"neut":0,"none":0},"intensity":{"high":0,"low":0,"meium":1,"none":0},"expressive":{"dir-action":0,"dir-explicit":0,"dir-speech":1,"indirect":0,"writing-device":0}},{"id":"7번가피자 대치점","permalink":"","username":"asdfg","text":"치즈진짜 마싯어요 짱","date":"Mon Dec 10 23:59:44 +0000 2018","retweets":"30","favorites":"20","mentions":[],"hashtags":[],"geo":"","raw":"치즈진짜 마싯어요 짱","polarity":{"com":null,"pos":null,"neg":null,"neut":null,"none":null},"intensity":{"high":null,"low":null,"meium":null,"none":null},"expressive":{"dir-action":null,"dir-explicit":null,"dir-speech":null,"indirect":null,"writing-device":null}},{"id":"7번가피자 대치점","permalink":"","username":"asdfg","text":"굿","date":"Mon Dec 10 23:59:44 +0000 2018","retweets":"30","favorites":"20","mentions":[],"hashtags":[],"geo":"","raw":"굿!@!@!@!!!!@@@@!!!","polarity":{"com":0,"pos":1,"neg":0,"neut":0,"none":0},"intensity":{"high":0,"low":0,"meium":1,"none":0},"expressive":{"dir-action":0,"dir-explicit":0,"dir-speech":0,"indirect":1,"writing-device":0}},{"id":"7번가피자 대치점","permalink":"","username":"asdfg","text":"처음 시켜봤는데 맛났어용 종종 시켜먹어야겠어요 ","date":"Mon Dec 10 23:59:44 +0000 2018","retweets":"30","favorites":"20","mentions":[],"hashtags":[],"geo":"","raw":"처음 시켜봤는데 맛났어용 종종 시켜먹어야겠어요 ","polarity":{"com":0.14285714285714285,"pos":0.42857142857142855,"neg":0.2857142857142857,"neut":0,"none":0.14285714285714285},"intensity":{"high":0,"low":0,"meium":0.857142857,"none":0.142857143},"expressive":{"dir-action":0,"dir-explicit":0.28571428571428575,"dir-speech":0.42857142857142866,"indirect":0.14285714285714288,"writing-device":0.14285714285714288}},{"id":"7번가피자 대치점","permalink":"","username":"asdfg","text":"마시쩌영 ㅠ 짱짱이에요 ㅎㅎ","date":"Mon Dec 10 23:59:44 +0000 2018","retweets":"30","favorites":"20","mentions":[],"hashtags":[],"geo":"","raw":"마시쩌영 ㅠ 짱짱이에요 ㅎㅎ","polarity":{"com":0.022875817,"pos":0.385620915,"neg":0.277777778,"neut":0.091503268,"none":0.222222222},"intensity":{"high":0.12745098012745096,"low":0.08169934608169935,"meium":0.5686274515686275,"none":0.2222222222222222},"expressive":{"dir-action":0,"dir-explicit":0.418300654,"dir-speech":0.202614379,"indirect":0.137254902,"writing-device":0.241830065}},{"id":"7번가피자 대치점","permalink":"","username":"asdfg","text":"석쇠에 구워 불맛나서 좋긴한데 오븐스파게티가 치즈가 너무 많아서 먹는데 힘들더라구요 치즈 좋아하시는 분들은 좋아하실듯","date":"Mon Dec 10 23:59:44 +0000 2018","retweets":"30","favorites":"20","mentions":[],"hashtags":[],"geo":"","raw":"석쇠에 구워 불맛나서 좋긴한데 오븐스파게티가 치즈가 너무 많아서 먹는데 힘들더라구요 치즈 좋아하시는 분들은 좋아하실듯","polarity":{"com":0.0029761905000000003,"pos":0.49419599725,"neg":0.3807919254166667,"neut":0.10034937891666666,"none":0.021686507916666667},"intensity":{"high":0.08040315158333333,"low":0.23838049225,"meium":0.6580417529166666,"none":0.023174603249999995},"expressive":{"dir-action":0,"dir-explicit":0.39374281111614523,"dir-speech":0.33719662986143306,"indirect":0.24737405110394786,"writing-device":0.021686507918473878}},{"id":"7번가피자 대치점","permalink":"","username":"asdfg","text":"맛있어용 쏘쏘행ㅇ ㅎㅎㅎ","date":"Mon Dec 10 23:59:44 +0000 2018","retweets":"30","favorites":"20","mentions":[],"hashtags":[],"geo":"","raw":"맛있어용 쏘쏘행ㅇ ㅎㅎㅎ","polarity":{"com":0,"pos":0,"neg":1,"neut":0,"none":0},"intensity":{"high":0,"low":0,"meium":1,"none":0},"expressive":{"dir-action":0,"dir-explicit":0,"dir-speech":1,"indirect":0,"writing-device":0}},{"id":"7번가피자 대치점","permalink":"","username":"asdfg","text":"피자 맛있게 잘먹었습니다.","date":"Mon Dec 10 23:59:44 +0000 2018","retweets":"30","favorites":"20","mentions":[],"hashtags":[],"geo":"","raw":"피자 맛있게 잘먹었습니다.","polarity":{"com":0,"pos":0.35714285717857136,"neg":0.6071428573035714,"neut":0.03571428551785714,"none":0},"intensity":{"high":0,"low":0.107142857,"meium":0.8928571430000001,"none":0},"expressive":{"dir-action":0,"dir-explicit":0.107142857,"dir-speech":0.5714285715,"indirect":0.3214285715,"writing-device":0}},{"id":"7번가피자 대치점","permalink":"","username":"asdfg","text":"식어서 먹어도 맛있어요 ㅎㅎ","date":"Mon Dec 10 23:59:44 +0000 2018","retweets":"30","favorites":"20","mentions":[],"hashtags":[],"geo":"","raw":"식어서 먹어도 맛있어요 ㅎㅎ","polarity":{"com":0,"pos":0.111111111,"neg":0.888888889,"neut":0,"none":0},"intensity":{"high":0.37037037033333337,"low":0.074074074,"meium":0.5555555556666666,"none":0},"expressive":{"dir-action":0,"dir-explicit":0.074074074,"dir-speech":0.5925925926666666,"indirect":0.3333333333333333,"writing-device":0}},{"id":"7번가피자 대치점","permalink":"","username":"asdfg","text":"피자치킨스파게티 다 먹고싶었는데 둘이먹기도 조금많은양이고 샐러드와감자튀김도 대충주지않는느낌이다 맛있다","date":"Mon Dec 10 23:59:44 +0000 2018","retweets":"30","favorites":"20","mentions":[],"hashtags":[],"geo":"","raw":"피자치킨스파게티 다 먹고싶었는데 둘이먹기도 조금많은양이고 샐러드와감자튀김도 대충주지않는느낌이다 맛있다","polarity":{"com":0.0060855678,"pos":0.42574528479999996,"neg":0.350971428,"neut":0.036237297,"none":0.18096042240000001},"intensity":{"high":0.11101188462220238,"low":0.1070534954214107,"meium":0.6005336689201067,"none":0.1814009510362802},"expressive":{"dir-action":0.00044052859999999997,"dir-explicit":0.2980922415000001,"dir-speech":0.3784810592,"indirect":0.1403387211,"writing-device":0.1826474496}},{"id":"7번가피자 대치점","permalink":"","username":"asdfg","text":"모르고 스파게티를 2개..그래도 맛있게 먹었어요..남거서 버린게 아까웠어요","date":"Mon Dec 10 23:59:44 +0000 2018","retweets":"30","favorites":"20","mentions":[],"hashtags":[],"geo":"","raw":"모르고 스파게티를 2개..그래도 맛있게 먹었어요..남거서 버린게 아까웠어요","polarity":{"com":0.007430997833333332,"pos":0.2579277586666667,"neg":0.6349025533333333,"neut":0.049738690166666676,"none":0.05000000000000001},"intensity":{"high":0.053632025,"low":0.1623350935,"meium":0.7340328815,"none":0.05000000000000001},"expressive":{"dir-action":0.0021231423326256195,"dir-explicit":0.22913649809028783,"dir-speech":0.46475946784508015,"indirect":0.2529193205823602,"writing-device":0.051061571149646136}},{"id":"7번가피자 대치점","permalink":"","username":"asdfg","text":"맛있어요 ! 가성비짱 !","date":"Mon Dec 10 23:59:44 +0000 2018","retweets":"30","favorites":"20","mentions":[],"hashtags":[],"geo":"","raw":"맛있어요 ! 가성비짱 !","polarity":{"com":0,"pos":0,"neg":1,"neut":0,"none":0},"intensity":{"high":0.25,"low":0,"meium":0.75,"none":0},"expressive":{"dir-action":0,"dir-explicit":0,"dir-speech":0.5,"indirect":0.5,"writing-device":0}},{"id":"7번가피자 대치점","permalink":"","username":"asdfg","text":"ㅇㅅ","date":"Mon Dec 10 23:59:44 +0000 2018","retweets":"30","favorites":"20","mentions":[],"hashtags":[],"geo":"","raw":"ㅇㅅㅅㅅㅅㅅㅅㅅㅅㅅ","polarity":{"com":null,"pos":null,"neg":null,"neut":null,"none":null},"intensity":{"high":null,"low":null,"meium":null,"none":null},"expressive":{"dir-action":null,"dir-explicit":null,"dir-speech":null,"indirect":null,"writing-device":null}},{"id":"7번가피자 대치점","permalink":"","username":"asdfg","text":"오늘은 피자가 너무심하게 식어서와써여..그리구 쿠폰도 안주시고.......","date":"Mon Dec 10 23:59:44 +0000 2018","retweets":"30","favorites":"20","mentions":[],"hashtags":[],"geo":"","raw":"오늘은 피자가 너무심하게 식어서와써여..그리구 쿠폰도 안주시고.......","polarity":{"com":0.0631355932857143,"pos":0.3310422627142857,"neg":0.4321294928571429,"neut":0.10277860757142858,"none":0.07091404357142858},"intensity":{"high":0.24231077646318727,"low":0.06399012600914145,"meium":0.6215095436602156,"none":0.07218955386745565},"expressive":{"dir-action":0.012987012998144712,"dir-explicit":0.13182997398116714,"dir-speech":0.4024680826567903,"indirect":0.3828212949453112,"writing-device":0.06989363541858662}},{"id":"7번가피자 대치점","permalink":"","username":"asdfg","text":"중독대떵...토핑가득 치즈도 좋은거쓰시는거같고","date":"Mon Dec 10 23:59:44 +0000 2018","retweets":"30","favorites":"20","mentions":[],"hashtags":[],"geo":"","raw":"중독대떵...토핑가득 치즈도 좋은거쓰시는거같고","polarity":{"com":0,"pos":0.3,"neg":0.7,"neut":0,"none":0},"intensity":{"high":0.3,"low":0,"meium":0.7,"none":0},"expressive":{"dir-action":0,"dir-explicit":0.3,"dir-speech":0.1,"indirect":0.3,"writing-device":0.3}},{"id":"7번가피자 대치점","permalink":"","username":"asdfg","text":"맛있어요^^ ....자주 시켜먹게 되네요","date":"Mon Dec 10 23:59:44 +0000 2018","retweets":"30","favorites":"20","mentions":[],"hashtags":[],"geo":"","raw":"맛있어요^^ ....자주 시켜먹게 되네요","polarity":{"com":0.01886792465408805,"pos":0.23689727450873513,"neg":0.693920335204053,"neut":0.03144654097903564,"none":0.01886792465408805},"intensity":{"high":0.11879804329373397,"low":0.10552061496482647,"meium":0.7568134170810621,"none":0.018867924660377358},"expressive":{"dir-action":0,"dir-explicit":0.22501747025832747,"dir-speech":0.7058001397647332,"indirect":0.037735848987421376,"writing-device":0.03144654098951781}},{"id":"7번가피자 대치점","permalink":"","username":"asdfg","text":"맛있게 잘 먹었습니다.","date":"Mon Dec 10 23:59:44 +0000 2018","retweets":"30","favorites":"20","mentions":[],"hashtags":[],"geo":"","raw":"맛있게 잘 먹었습니다.","polarity":{"com":0,"pos":0.35714285717857136,"neg":0.6071428573035714,"neut":0.03571428551785714,"none":0},"intensity":{"high":0,"low":0.107142857,"meium":0.8928571430000001,"none":0},"expressive":{"dir-action":0,"dir-explicit":0.107142857,"dir-speech":0.5714285715,"indirect":0.3214285715,"writing-device":0}},{"id":"7번가피자 대치점","permalink":"","username":"asdfg","text":"타코야끼 피자인줄..브랜드피자보다 훨 맛있네요^^..\n","date":"Mon Dec 10 23:59:44 +0000 2018","retweets":"30","favorites":"20","mentions":[],"hashtags":[],"geo":"","raw":"타코야끼 피자인줄..브랜드피자보다 훨 맛있네요^^..\n","polarity":{"com":0.0045751634,"pos":0.277124183,"neg":0.4555555556,"neut":0.0183006536,"none":0.24444444440000002},"intensity":{"high":0.025490196005098036,"low":0.31633986926326796,"meium":0.41372549028274513,"none":0.2444444444488889},"expressive":{"dir-action":0,"dir-explicit":0.0836601308,"dir-speech":0.24052287579999998,"indirect":0.2274509804,"writing-device":0.44836601300000006}},{"id":"7번가피자 대치점","permalink":"","username":"asdfg","text":"맛있어요 또 시켜야지요","date":"Mon Dec 10 23:59:44 +0000 2018","retweets":"30","favorites":"20","mentions":[],"hashtags":[],"geo":"","raw":"맛있어요 또 시켜야지요","polarity":{"com":0,"pos":0.0714285714642857,"neg":0.7142857141428571,"neut":0,"none":0.21428571439285712},"intensity":{"high":0,"low":0,"meium":0.7857142855,"none":0.2142857145},"expressive":{"dir-action":0,"dir-explicit":0.0714285715,"dir-speech":0.642857143,"indirect":0,"writing-device":0.2857142855}},{"id":"7번가피자 대치점","permalink":"","username":"asdfg","text":"역시 맛이있어여!!!","date":"Mon Dec 10 23:59:44 +0000 2018","retweets":"30","favorites":"20","mentions":[],"hashtags":[],"geo":"","raw":"역시 맛이있어여!!!","polarity":{"com":0,"pos":0.24358974362179486,"neg":0.34615384617307693,"neut":0.2435897436217949,"none":0.16666666658333334},"intensity":{"high":0.07692307703846155,"low":0.20512820510256413,"meium":0.551282051275641,"none":0.16666666658333334},"expressive":{"dir-action":0,"dir-explicit":0.5128205127564102,"dir-speech":0.2820512821410256,"indirect":0.038461538519230766,"writing-device":0.16666666658333332}},{"id":"7번가피자 대치점","permalink":"","username":"asdfg","text":"세번째먹어보는데 변함없는맛이네요 맛있어용","date":"Mon Dec 10 23:59:44 +0000 2018","retweets":"30","favorites":"20","mentions":[],"hashtags":[],"geo":"","raw":"세번째먹어보는데 변함없는맛이네요 맛있어용","polarity":{"com":0,"pos":0.44444444433333335,"neg":0.5555555556666666,"neut":0,"none":0},"intensity":{"high":0.037037037,"low":0.074074074,"meium":0.888888889,"none":0},"expressive":{"dir-action":0,"dir-explicit":0.074074074,"dir-speech":0.925925926,"indirect":0,"writing-device":0}},{"id":"7번가피자 대치점","permalink":"","username":"asdfg","text":"맛있고 배달도 빠르고 친절하셨어요\n잘먹었습니다","date":"Mon Dec 10 23:59:44 +0000 2018","retweets":"30","favorites":"20","mentions":[],"hashtags":[],"geo":"","raw":"맛있고 배달도 빠르고 친절하셨어요\n잘먹었습니다","polarity":{"com":0.0038709678007741934,"pos":0.6460829493292166,"neg":0.313394777262679,"neut":0.03105990780621198,"none":0.00559139780111828},"intensity":{"high":0.027956989199999997,"low":0.1327496158,"meium":0.8332718896,"none":0.0060215054},"expressive":{"dir-action":0.0012903226,"dir-explicit":0.10565284180000001,"dir-speech":0.48749615980000005,"indirect":0.39996927800000004,"writing-device":0.0055913978}},{"id":"7번가피자 대치점","permalink":"","username":"asdfg","text":"정말로여긴 프렌차이즈보다 맛있음","date":"Mon Dec 10 23:59:44 +0000 2018","retweets":"30","favorites":"20","mentions":[],"hashtags":[],"geo":"","raw":"정말로여긴 프렌차이즈보다 맛있음","polarity":{"com":0,"pos":0.3,"neg":0.7,"neut":0,"none":0},"intensity":{"high":0.1,"low":0.1,"meium":0.8,"none":0},"expressive":{"dir-action":0,"dir-explicit":0.4,"dir-speech":0.5,"indirect":0.1,"writing-device":0}},{"id":"7번가피자 대치점","permalink":"","username":"asdfg","text":"맛있어용 ㅠㅅ ㅠ 그냥 맛있음","date":"Mon Dec 10 23:59:44 +0000 2018","retweets":"30","favorites":"20","mentions":[],"hashtags":[],"geo":"","raw":"맛있어용 ㅠㅅ ㅠ 그냥 맛있음","polarity":{"com":0,"pos":0.16666666666666666,"neg":0.8333333333333334,"neut":0,"none":0},"intensity":{"high":0,"low":0,"meium":1,"none":0},"expressive":{"dir-action":0,"dir-explicit":0,"dir-speech":0.8333333333333334,"indirect":0.16666666666666666,"writing-device":0}},{"id":"7번가피자 대치점","permalink":"","username":"asdfg","text":"기본으로 시켜먹어도 늘 맛이 있어서 좋아요 ^_^","date":"Mon Dec 10 23:59:44 +0000 2018","retweets":"30","favorites":"20","mentions":[],"hashtags":[],"geo":"","raw":"기본으로 시켜먹어도 늘 맛이 있어서 좋아요 ^_^","polarity":{"com":0.0014880951666666666,"pos":0.7321031745000001,"neg":0.1778968255,"neut":0.005952381,"none":0.08255952383333333},"intensity":{"high":0.09262566133333333,"low":0.08596560850000001,"meium":0.7388492063333333,"none":0.08255952383333333},"expressive":{"dir-action":0,"dir-explicit":0.26977513216666665,"dir-speech":0.39718915350000006,"indirect":0.2504761905,"writing-device":0.08255952383333333}},{"id":"7번가피자 대치점","permalink":"","username":"asdfg","text":"양도 많고 맛있습니다^^","date":"Mon Dec 10 23:59:44 +0000 2018","retweets":"30","favorites":"20","mentions":[],"hashtags":[],"geo":"","raw":"양도 많고 맛있습니다^^","polarity":{"com":0,"pos":0.195652174,"neg":0.7826086955,"neut":0.0217391305,"none":0},"intensity":{"high":0.1304347825652174,"low":0.10869565205434782,"meium":0.7608695653804347,"none":0},"expressive":{"dir-action":0,"dir-explicit":0.2608695651304348,"dir-speech":0.6086956523043479,"indirect":0.1304347825652174,"writing-device":0}},{"id":"7번가피자 대치점","permalink":"","username":"asdfg","text":"맛있어요 치즈도 좋구요","date":"Mon Dec 10 23:59:44 +0000 2018","retweets":"30","favorites":"20","mentions":[],"hashtags":[],"geo":"","raw":"맛있어요 치즈도 좋구요","polarity":{"com":0,"pos":0.5,"neg":0.5,"neut":0,"none":0},"intensity":{"high":0,"low":0,"meium":1,"none":0},"expressive":{"dir-action":0,"dir-explicit":0.5,"dir-speech":0.5,"indirect":0,"writing-device":0}},{"id":"7번가피자 대치점","permalink":"","username":"asdfg","text":"맛있고 배달도 빠르고 친절하네요","date":"Mon Dec 10 23:59:44 +0000 2018","retweets":"30","favorites":"20","mentions":[],"hashtags":[],"geo":"","raw":"맛있고 배달도 빠르고 친절하네요","polarity":{"com":0.00483870975,"pos":0.6290322580000001,"neg":0.33817204300000003,"neut":0.020967742,"none":0.00698924725},"intensity":{"high":0.0349462365,"low":0.11236559125000001,"meium":0.8451612905,"none":0.00752688175},"expressive":{"dir-action":0.00161290325,"dir-explicit":0.07849462375,"dir-speech":0.573655914,"indirect":0.33924731175,"writing-device":0.00698924725}},{"id":"7번가피자 대치점","permalink":"","username":"asdfg","text":"피자 여러군대 시켜먹어봤지만 여기가 짱임!!!!\n앞으로도 잘부탁드립니다 ㅎㅎ","date":"Mon Dec 10 23:59:44 +0000 2018","retweets":"30","favorites":"20","mentions":[],"hashtags":[],"geo":"","raw":"피자 여러군대 시켜먹어봤지만 여기가 짱임!!!!\n앞으로도 잘부탁드립니다 ㅎㅎ","polarity":{"com":0.00178571425,"pos":0.345238095,"neg":0.498809524,"neut":0.04523809525,"none":0.1089285715},"intensity":{"high":0.0634920635,"low":0.16746031725,"meium":0.66011904775,"none":0.1089285715},"expressive":{"dir-action":0,"dir-explicit":0.14365079367817463,"dir-speech":0.6861111109069444,"indirect":0.02142857148928572,"writing-device":0.14880952392559527}},{"id":"7번가피자 대치점","permalink":"","username":"asdfg","text":"우왕 친절하시구요! \n남친이 가성비 좋다고 칭찬칭찬\n패밀리세트 먹었고 \n콜라 500ml서비스로 오는데 \n모르고 또 추가;) \n참고하세요! ","date":"Mon Dec 10 23:59:44 +0000 2018","retweets":"30","favorites":"20","mentions":[],"hashtags":[],"geo":"","raw":"우왕 친절하시구요! \n남친이 가성비 좋다고 칭찬칭찬\n패밀리세트 먹었고 \n콜라 500ml서비스로 오는데 \n모르고 또 추가;) \n참고하세요! ","polarity":{"com":0.003519061636043722,"pos":0.4961691185912574,"neg":0.35021628596816223,"neut":0.0751423149931689,"none":0.07495321881136789},"intensity":{"high":0.06974105373361283,"low":0.1775730741070521,"meium":0.6773416464252129,"none":0.07534422573412221},"expressive":{"dir-action":0.0011730205454545456,"dir-explicit":0.16835089854545454,"dir-speech":0.43581053154545457,"indirect":0.3067253176363636,"writing-device":0.08794023172727272}},{"id":"7번가피자 대치점","permalink":"","username":"asdfg","text":"가끔 오븐스파게티 먹고싶을때 사이드랑 같이 시키는데 맛있어요","date":"Mon Dec 10 23:59:44 +0000 2018","retweets":"30","favorites":"20","mentions":[],"hashtags":[],"geo":"","raw":"가끔 오븐스파게티 먹고싶을때 사이드랑 같이 시키는데 맛있어요","polarity":{"com":0,"pos":0.2992424241751894,"neg":0.632575757591856,"neut":0.06818181823295454,"none":0},"intensity":{"high":0.17550505049999998,"low":0.24873737375,"meium":0.57575757575,"none":0},"expressive":{"dir-action":0,"dir-explicit":0.10101010099999999,"dir-speech":0.773989899,"indirect":0.125,"writing-device":0}},{"id":"7번가피자 대치점","permalink":"","username":"asdfg","text":"너무맛있음!!!!!","date":"Mon Dec 10 23:59:44 +0000 2018","retweets":"30","favorites":"20","mentions":[],"hashtags":[],"geo":"","raw":"너무맛있음!!!!!","polarity":{"com":0.07142857150000001,"pos":0.32142857150000004,"neg":0.607142857,"neut":0,"none":0},"intensity":{"high":0.07142857150000001,"low":0.07142857150000001,"meium":0.857142857,"none":0},"expressive":{"dir-action":0,"dir-explicit":0.2857142855,"dir-speech":0.39285714299999996,"indirect":0.3214285715,"writing-device":0}},{"id":"7번가피자 대치점","permalink":"","username":"asdfg","text":"고구마피자 먹었는데 맛있네요 ","date":"Mon Dec 10 23:59:44 +0000 2018","retweets":"30","favorites":"20","mentions":[],"hashtags":[],"geo":"","raw":"고구마피자 먹었는데 맛있네요 ","polarity":{"com":0,"pos":0.1666666665,"neg":0.8333333334999999,"neut":0,"none":0},"intensity":{"high":0.0555555555,"low":0.111111111,"meium":0.8333333334999999,"none":0},"expressive":{"dir-action":0,"dir-explicit":0.111111111,"dir-speech":0.888888889,"indirect":0,"writing-device":0}},{"id":"7번가피자 대치점","permalink":"","username":"asdfg","text":"굳ㅈㅅㅌㅅㄷㅅㄷ습ㄷ븟","date":"Mon Dec 10 23:59:44 +0000 2018","retweets":"30","favorites":"20","mentions":[],"hashtags":[],"geo":"","raw":"굳ㅈㅅㅌㅅㄷㅅㄷ습ㄷ븟","polarity":{"com":null,"pos":null,"neg":null,"neut":null,"none":null},"intensity":{"high":null,"low":null,"meium":null,"none":null},"expressive":{"dir-action":null,"dir-explicit":null,"dir-speech":null,"indirect":null,"writing-device":null}},{"id":"7번가피자 대치점","permalink":"","username":"asdfg","text":"맛있었습니다!","date":"Mon Dec 10 23:59:44 +0000 2018","retweets":"30","favorites":"20","mentions":[],"hashtags":[],"geo":"","raw":"맛있었습니다!!!!!!!!!!!!!!!!!!!","polarity":{"com":0,"pos":0,"neg":1,"neut":0,"none":0},"intensity":{"high":0,"low":0,"meium":1,"none":0},"expressive":{"dir-action":0,"dir-explicit":0,"dir-speech":1,"indirect":0,"writing-device":0}},{"id":"7번가피자 대치점","permalink":"","username":"asdfg","text":"아주 맛있엇어용!","date":"Mon Dec 10 23:59:44 +0000 2018","retweets":"30","favorites":"20","mentions":[],"hashtags":[],"geo":"","raw":"아주 맛있엇어용!!!!!!!!!!!!!!","polarity":{"com":0,"pos":0.75,"neg":0.25,"neut":0,"none":0},"intensity":{"high":0.25,"low":0,"meium":0.75,"none":0},"expressive":{"dir-action":0,"dir-explicit":0,"dir-speech":0.25,"indirect":0.75,"writing-device":0}},{"id":"7번가피자 대치점","permalink":"","username":"asdfg","text":"배달 맛 서비스가 아주 좋아요","date":"Mon Dec 10 23:59:44 +0000 2018","retweets":"30","favorites":"20","mentions":[],"hashtags":[],"geo":"","raw":"배달 맛 서비스가 아주 좋아요","polarity":{"com":0,"pos":0.9166666666666666,"neg":0.08333333333333333,"neut":0,"none":0},"intensity":{"high":0.08333333333333333,"low":0.3333333333333333,"meium":0.5833333333333334,"none":0},"expressive":{"dir-action":0,"dir-explicit":0,"dir-speech":0.4166666666666667,"indirect":0.5833333333333334,"writing-device":0}},{"id":"7번가피자 대치점","permalink":"","username":"asdfg","text":"흠.. 정말 만족했어요 ㅋㅋ 담에도 시켜먹을께요 ^^","date":"Mon Dec 10 23:59:44 +0000 2018","retweets":"30","favorites":"20","mentions":[],"hashtags":[],"geo":"","raw":"흠.. 정말 만족했어요 ㅋㅋ 담에도 시켜먹을께요 ^^","polarity":{"com":0.006624423999999998,"pos":0.45343701974999995,"neg":0.336981567,"neut":0.024539170499999995,"none":0.17841781874999998},"intensity":{"high":0.2234383,"low":0.113159242,"meium":0.48444700475,"none":0.17895545325},"expressive":{"dir-action":0.0016129032495967742,"dir-explicit":0.30547875067363034,"dir-speech":0.40560035839859987,"indirect":0.11067588322233102,"writing-device":0.17663210445584196}},{"id":"7번가피자 대치점","permalink":"","username":"asdfg","text":"믿은만큼 치즈듬뿍에..S사이즈도 반이상 혼자 못먹는데 맛있어서 다 먹고 배불러 후회 ..ㅠㅠ..\n","date":"Mon Dec 10 23:59:44 +0000 2018","retweets":"30","favorites":"20","mentions":[],"hashtags":[],"geo":"","raw":"믿은만큼 치즈듬뿍에..S사이즈도 반이상 혼자 못먹는데 맛있어서 다 먹고 배불러 후회 ..ㅠㅠ..\n","polarity":{"com":0.014007421142857144,"pos":0.3539734074285715,"neg":0.5025664812857144,"neut":0.019897959142857143,"none":0.109554731},"intensity":{"high":0.16295609154814916,"low":0.07747371670321805,"meium":0.6500154607642835,"none":0.10955473098434934},"expressive":{"dir-action":0,"dir-explicit":0.24576376010774803,"dir-speech":0.3764223870890825,"indirect":0.2692795299615315,"writing-device":0.10853432284163796}},{"id":"7번가피자 대치점","permalink":"","username":"asdfg","text":"맛도 배달도\n비쥬얼도굿굿","date":"Mon Dec 10 23:59:44 +0000 2018","retweets":"30","favorites":"20","mentions":[],"hashtags":[],"geo":"","raw":"맛도 배달도\n비쥬얼도굿굿","polarity":{"com":0.00178571425,"pos":0.8035714285,"neg":0.08214285725,"neut":0.0035714285,"none":0.1089285715},"intensity":{"high":0.03571428575,"low":0.0285714285,"meium":0.82678571425,"none":0.1089285715},"expressive":{"dir-action":0,"dir-explicit":0.046428571488392856,"dir-speech":0.5749999998562499,"indirect":0.27142857143214283,"writing-device":0.10714285722321429}},{"id":"7번가피자 대치점","permalink":"","username":"asdfg","text":"오랜만에 맛있는 피자 먹었어요!!^^ ","date":"Mon Dec 10 23:59:44 +0000 2018","retweets":"30","favorites":"20","mentions":[],"hashtags":[],"geo":"","raw":"오랜만에 맛있는 피자 먹었어요!!^^ ","polarity":{"com":0,"pos":0.333333333,"neg":0.666666667,"neut":0,"none":0},"intensity":{"high":0.111111111,"low":0.222222222,"meium":0.666666667,"none":0},"expressive":{"dir-action":0,"dir-explicit":0.222222222,"dir-speech":0.777777778,"indirect":0,"writing-device":0}},{"id":"7번가피자 대치점","permalink":"","username":"asdfg","text":"리뷰 잘안쓰는데 완전 맛있어서 안남길수가 없네요ㅋ 패밀리박스 기대안했는데 피자 뿐만 아니라 스파게티도 너무 맛있고, 사이드 다 너무 맛있어요! 토핑 진짜 가득하고 피클도 수제라 맛있는데 통도 귀여워요ㅠㅋㅋ 자주 애용할게요~","date":"Mon Dec 10 23:59:44 +0000 2018","retweets":"30","favorites":"20","mentions":[],"hashtags":[],"geo":"","raw":"리뷰 잘안쓰는데 완전 맛있어서 안남길수가 없네요ㅋ 패밀리박스 기대안했는데 피자 뿐만 아니라 스파게티도 너무 맛있고, 사이드 다 너무 맛있어요! 토핑 진짜 가득하고 피클도 수제라 맛있는데 통도 귀여워요ㅠㅋㅋ 자주 애용할게요~","polarity":{"com":0.004369161368651008,"pos":0.3780257561777908,"neg":0.39809662849463673,"neut":0.04717148368669324,"none":0.17233697027222827},"intensity":{"high":0.10476972468421054,"low":0.1194119757368421,"meium":0.6032549568947368,"none":0.17256334268421053},"expressive":{"dir-action":0.005463806156744461,"dir-explicit":0.25129824921025296,"dir-speech":0.4169247095438053,"indirect":0.1683264785961418,"writing-device":0.15798675649305544}},{"id":"7번가피자 대치점","permalink":"","username":"asdfg","text":"평소에 하프엔하프로 피자를마니먹는데 \n리뷰를보니 토핑가짓수도많고추천이많길래  \n시켜보았어요\n배달이오래걸리긴했지만 라지셋트를시켜서그런지\n첨엔 상자크기에 압도되고 열어보았을때 깔끔하게 빠진것없이 잘 고정되게만든 포장과 피클도그렇고 신경을쓴듯한 배달에감사했어요\n큰피자를 좋아해서 시켰는데 이렇게 양이많을줄은..\n푸짐하고 배달원분도그렇고 흠잡을거없이\n만족했습니당\n","date":"Mon Dec 10 23:59:44 +0000 2018","retweets":"30","favorites":"20","mentions":[],"hashtags":[],"geo":"","raw":"평소에 하프엔하프로 피자를마니먹는데 \n리뷰를보니 토핑가짓수도많고추천이많길래  \n시켜보았어요\n배달이오래걸리긴했지만 라지셋트를시켜서그런지\n첨엔 상자크기에 압도되고 열어보았을때 깔끔하게 빠진것없이 잘 고정되게만든 포장과 피클도그렇고 신경을쓴듯한 배달에감사했어요\n큰피자를 좋아해서 시켰는데 이렇게 양이많을줄은..\n푸짐하고 배달원분도그렇고 흠잡을거없이\n만족했습니당\n","polarity":{"com":0.007354321344117884,"pos":0.4507491690772713,"neg":0.3895408298096355,"neut":0.08334115501428707,"none":0.06901452475468821},"intensity":{"high":0.12924797983595704,"low":0.13524765649344275,"meium":0.6649758742094272,"none":0.07052848946117306},"expressive":{"dir-action":0.003860904542305585,"dir-explicit":0.29931169450009826,"dir-speech":0.3672055572332564,"indirect":0.2158534867691638,"writing-device":0.11376835695517594}},{"id":"7번가피자 대치점","permalink":"","username":"asdfg","text":"넘맛있음 ㅠㅠ  배달도 친절하심","date":"Mon Dec 10 23:59:44 +0000 2018","retweets":"30","favorites":"20","mentions":[],"hashtags":[],"geo":"","raw":"넘맛있음 ㅠㅠ  배달도 친절하심","polarity":{"com":0,"pos":0.5,"neg":0.5,"neut":0,"none":0},"intensity":{"high":0,"low":0,"meium":1,"none":0},"expressive":{"dir-action":0,"dir-explicit":0,"dir-speech":1,"indirect":0,"writing-device":0}},{"id":"7번가피자 대치점","permalink":"","username":"asdfg","text":"전보다 피자맛이.... 치킨은 정말 맛있네요","date":"Mon Dec 10 23:59:44 +0000 2018","retweets":"30","favorites":"20","mentions":[],"hashtags":[],"geo":"","raw":"전보다 피자맛이.... 치킨은 정말 맛있네요","polarity":{"com":0.00423728825,"pos":0.33898305075,"neg":0.3898305085,"neut":0.25847457625,"none":0.00847457625},"intensity":{"high":0.025423728756355932,"low":0.2838983050709746,"meium":0.6822033899205509,"none":0.008474576252118643},"expressive":{"dir-action":0,"dir-explicit":0.06779661025,"dir-speech":0.8898305085,"indirect":0.033898305,"writing-device":0.00847457625}},{"id":"7번가피자 대치점","permalink":"","username":"asdfg","text":"예상 일찍 배달해주셨네요. 다시 이용하도록 할께요.(^○^)","date":"Mon Dec 10 23:59:44 +0000 2018","retweets":"30","favorites":"20","mentions":[],"hashtags":[],"geo":"","raw":"예상 일찍 배달해주셨네요. 다시 이용하도록 할께요.(^○^)","polarity":{"com":0.0052598566,"pos":0.5675115206000001,"neg":0.24990271379999998,"neut":0.0195519714,"none":0.15777393759999997},"intensity":{"high":0.11902841777619433,"low":0.02878136199424373,"meium":0.6939861750612029,"none":0.1582040451683592},"expressive":{"dir-action":0.0012903226,"dir-explicit":0.26358934980000004,"dir-speech":0.4295596518,"indirect":0.138064516,"writing-device":0.1674961598}},{"id":"7번가피자 대치점","permalink":"","username":"asdfg","text":"잘먹고잇어용ㅋㅋㅋㅋ","date":"Mon Dec 10 23:59:44 +0000 2018","retweets":"30","favorites":"20","mentions":[],"hashtags":[],"geo":"","raw":"잘먹고잇어용ㅋㅋㅋㅋ","polarity":{"com":0,"pos":0.7142857147142857,"neg":0.21428571421428572,"neut":0.07142857107142857,"none":0},"intensity":{"high":0,"low":0.214285714,"meium":0.785714286,"none":0},"expressive":{"dir-action":0,"dir-explicit":0.214285714,"dir-speech":0.142857143,"indirect":0.642857143,"writing-device":0}},{"id":"7번가피자 대치점","permalink":"","username":"asdfg","text":"너무 맛있어요 진짜!!! 전 콤비네이션 먹었네요","date":"Mon Dec 10 23:59:44 +0000 2018","retweets":"30","favorites":"20","mentions":[],"hashtags":[],"geo":"","raw":"너무 맛있어요 진짜!!! 전 콤비네이션 먹었네요","polarity":{"com":0.047619047666666664,"pos":0.15873015866666665,"neg":0.4603174603333333,"neut":0.3333333333333333,"none":0},"intensity":{"high":0.08465608466666667,"low":0.45502645500000005,"meium":0.4603174603333333,"none":0},"expressive":{"dir-action":0,"dir-explicit":0.26455026433333334,"dir-speech":0.687830688,"indirect":0.047619047666666664,"writing-device":0}},{"id":"7번가피자 대치점","permalink":"","username":"asdfg","text":"완전맛있어용\n도우도 통실통실하고 ","date":"Mon Dec 10 23:59:44 +0000 2018","retweets":"30","favorites":"20","mentions":[],"hashtags":[],"geo":"","raw":"완전맛있어용\n도우도 통실통실하고 ","polarity":{"com":0.0035714285000000004,"pos":0.35714285700000004,"neg":0.41428571450000007,"neut":0.007142857000000001,"none":0.21785714300000003},"intensity":{"high":0.0714285715,"low":0.057142857,"meium":0.6535714285,"none":0.217857143},"expressive":{"dir-action":0,"dir-explicit":0.34285714282857144,"dir-speech":0.149999999925,"indirect":0.2928571428535714,"writing-device":0.21428571439285712}},{"id":"7번가피자 대치점","permalink":"","username":"asdfg","text":"매우좋다 포인트굿 오베리굿 ","date":"Mon Dec 10 23:59:44 +0000 2018","retweets":"30","favorites":"20","mentions":[],"hashtags":[],"geo":"","raw":"매우좋다 포인트굿 오베리굿 ","polarity":{"com":0,"pos":1,"neg":0,"neut":0,"none":0},"intensity":{"high":0.3333333333333333,"low":0,"meium":0.6666666666666666,"none":0},"expressive":{"dir-action":0,"dir-explicit":0.111111111,"dir-speech":0,"indirect":0.888888889,"writing-device":0}},{"id":"7번가피자 대치점","permalink":"","username":"asdfg","text":"맛잇게먹엇어영ㅋㅋㅋㅋ","date":"Mon Dec 10 23:59:44 +0000 2018","retweets":"30","favorites":"20","mentions":[],"hashtags":[],"geo":"","raw":"맛잇게먹엇어영ㅋㅋㅋㅋ","polarity":{"com":0,"pos":1,"neg":0,"neut":0,"none":0},"intensity":{"high":0,"low":0,"meium":1,"none":0},"expressive":{"dir-action":0,"dir-explicit":0,"dir-speech":1,"indirect":0,"writing-device":0}},{"id":"7번가피자 대치점","permalink":"","username":"asdfg","text":"맨날 맛잇게 잘먹어요 ㄱㅅㄱㅅ","date":"Mon Dec 10 23:59:44 +0000 2018","retweets":"30","favorites":"20","mentions":[],"hashtags":[],"geo":"","raw":"맨날 맛잇게 잘먹어요 ㄱㅅㄱㅅ","polarity":{"com":0,"pos":0.8571428574285714,"neg":0.10714285705357143,"neut":0.035714285517857144,"none":0},"intensity":{"high":0,"low":0.107142857,"meium":0.8928571430000001,"none":0},"expressive":{"dir-action":0,"dir-explicit":0.107142857,"dir-speech":0.5714285715,"indirect":0.3214285715,"writing-device":0}},{"id":"7번가피자 대치점","permalink":"","username":"asdfg","text":"매우좋음 포인트굿 베리굿 ","date":"Mon Dec 10 23:59:44 +0000 2018","retweets":"30","favorites":"20","mentions":[],"hashtags":[],"geo":"","raw":"매우좋음 포인트굿 베리굿 ","polarity":{"com":0,"pos":0.875,"neg":0.125,"neut":0,"none":0},"intensity":{"high":0.25,"low":0,"meium":0.75,"none":0},"expressive":{"dir-action":0,"dir-explicit":0.08333333325,"dir-speech":0.125,"indirect":0.79166666675,"writing-device":0}},{"id":"7번가피자 대치점","permalink":"","username":"asdfg","text":"아저씨 겁나 친절 ㅋㅋㅋㅋ","date":"Mon Dec 10 23:59:44 +0000 2018","retweets":"30","favorites":"20","mentions":[],"hashtags":[],"geo":"","raw":"아저씨 겁나 친절 ㅋㅋㅋㅋ","polarity":{"com":0,"pos":0,"neg":0,"neut":1,"none":0},"intensity":{"high":0,"low":0,"meium":1,"none":0},"expressive":{"dir-action":0,"dir-explicit":0,"dir-speech":0,"indirect":1,"writing-device":0}},{"id":"7번가피자 대치점","permalink":"","username":"asdfg","text":"세트 처음 먹엇는데 가족들이랑 맛나게먹엇어여 ㅋㅋ","date":"Mon Dec 10 23:59:44 +0000 2018","retweets":"30","favorites":"20","mentions":[],"hashtags":[],"geo":"","raw":"세트 처음 먹엇는데 가족들이랑 맛나게먹엇어여 ㅋㅋ","polarity":{"com":0.04296066248925984,"pos":0.5625776396093557,"neg":0.25367494843658134,"neut":0.02173913049456522,"none":0.1190476189702381},"intensity":{"high":0.0989130435,"low":0.0898550725,"meium":0.6885610765,"none":0.12267080749999999},"expressive":{"dir-action":0,"dir-explicit":0.26490683225,"dir-speech":0.34011387174999996,"indirect":0.275931677,"writing-device":0.119047619}},{"id":"7번가피자 대치점","permalink":"","username":"asdfg","text":"지난번에 시켜먹고 맛있어서 오늘도 시켜봅니다","date":"Mon Dec 10 23:59:44 +0000 2018","retweets":"30","favorites":"20","mentions":[],"hashtags":[],"geo":"","raw":"지난번에 시켜먹고 맛있어서 오늘도 시켜봅니다","polarity":{"com":0.00178571425,"pos":0.38690476175000005,"neg":0.498809524,"neut":0.0035714285,"none":0.1089285715},"intensity":{"high":0.0634920635,"low":0.084126984,"meium":0.743452381,"none":0.1089285715},"expressive":{"dir-action":0,"dir-explicit":0.10198412697450397,"dir-speech":0.7694444443076388,"indirect":0.02142857149464286,"writing-device":0.10714285722321429}},{"id":"7번가피자 대치점","permalink":"","username":"asdfg","text":"첨시키는건데 싼데 맛잇어서 놀랏어요 잘먹엇습니당","date":"Mon Dec 10 23:59:44 +0000 2018","retweets":"30","favorites":"20","mentions":[],"hashtags":[],"geo":"","raw":"첨시키는건데 싼데 맛잇어서 놀랏어요 잘먹엇습니당","polarity":{"com":0.0035714286007142854,"pos":0.6460317459292063,"neg":0.17896825403579364,"neut":0.021428571404285713,"none":0.15000000003},"intensity":{"high":0.036904761985238094,"low":0.09801587316079365,"meium":0.7150793649139682,"none":0.14999999994},"expressive":{"dir-action":0.01111111120222222,"dir-explicit":0.20158730144031745,"dir-speech":0.36468253967293646,"indirect":0.2654761904530952,"writing-device":0.15714285723142857}},{"id":"7번가피자 대치점","permalink":"","username":"asdfg","text":"저렴한 패밀리 박스 시켰어요 ㅎ 같이오는 윙이랑 스파게티 짱 맛있어여!","date":"Mon Dec 10 23:59:44 +0000 2018","retweets":"30","favorites":"20","mentions":[],"hashtags":[],"geo":"","raw":"저렴한 패밀리 박스 시켰어요 ㅎ 같이오는 윙이랑 스파게티 짱 맛있어여!","polarity":{"com":0.008008007999999999,"pos":0.37087087099999994,"neg":0.6021021019999999,"neut":0.011011011,"none":0.008008007999999999},"intensity":{"high":0.20470470466666668,"low":0.19469469466666667,"meium":0.5915915916666666,"none":0.009009009},"expressive":{"dir-action":0.0010010010000000003,"dir-explicit":0.104104104,"dir-speech":0.53003003,"indirect":0.355855856,"writing-device":0.009009009}},{"id":"7번가피자 대치점","permalink":"","username":"asdfg","text":"맛있어서  또주문했어요 다욧트중인데 큰일이에요~~","date":"Mon Dec 10 23:59:44 +0000 2018","retweets":"30","favorites":"20","mentions":[],"hashtags":[],"geo":"","raw":"맛있어서  또주문했어요 다욧트중인데 큰일이에요~~","polarity":{"com":0.003870967799225806,"pos":0.4746543777050691,"neg":0.35625192012874957,"neut":0.01677419359664516,"none":0.14844854077031028},"intensity":{"high":0.08509984638298002,"low":0.023225806395354844,"meium":0.7427956988514409,"none":0.14887864837022427},"expressive":{"dir-action":0.0012903225997419358,"dir-explicit":0.3770814133245838,"dir-speech":0.37321044552535787,"indirect":0.07139784938572044,"writing-device":0.17701996916459603}},{"id":"7번가피자 대치점","permalink":"","username":"asdfg","text":"맛있게 잘먹었습니다..도우도 얇고   버터향이 나는것 같은데 바삭하고  요즘 먹은 피자중 젤맛있었던것 같아요","date":"Mon Dec 10 23:59:44 +0000 2018","retweets":"30","favorites":"20","mentions":[],"hashtags":[],"geo":"","raw":"맛있게 잘먹었습니다..도우도 얇고   버터향이 나는것 같은데 바삭하고  요즘 먹은 피자중 젤맛있었던것 같아요","polarity":{"com":0.001863710999813629,"pos":0.37655620226234443,"neg":0.433909538856609,"neut":0.03364979839663503,"none":0.15402074948459799},"intensity":{"high":0.03689107829631089,"low":0.10105637648989438,"meium":0.7068823704293119,"none":0.155170174784483},"expressive":{"dir-action":0.001149425299770115,"dir-explicit":0.19952629746009476,"dir-speech":0.48313977200337205,"indirect":0.15942976566811404,"writing-device":0.15675473956864902}},{"id":"7번가피자 대치점","permalink":"","username":"asdfg","text":"배달 왜이리 느려요?벌써 50분째 다신 주문 안할듯...","date":"Mon Dec 10 23:59:44 +0000 2018","retweets":"30","favorites":"20","mentions":[],"hashtags":[],"geo":"","raw":"배달 왜이리 느려요?벌써 50분째 다신 주문 안할듯...","polarity":{"com":0,"pos":0.7499999999999999,"neg":0.22222222216666665,"neut":0,"none":0.027777777833333326},"intensity":{"high":0.16666666663888888,"low":0.19444444446759257,"meium":0.6111111110648147,"none":0.027777777828703703},"expressive":{"dir-action":0,"dir-explicit":0.027777777833333326,"dir-speech":0.41666666666666663,"indirect":0.5277777776666667,"writing-device":0.027777777833333326}}]