[{"id":"반올림피자샵","permalink":"","username":"asdfg","text":"오늘은  피클이 너무 오래된게 왔어요.아무 생각없이 피자랑 함께 2개 집어 먹다가 3개째는 피클만 먹었는데 아삭함도 적고 좀 오래된 식초냄새가 나더라구요.오늘 굉장히 바쁘셔서 그러시겠지만 신경써주세요","date":"Mon Dec 10 23:59:44 +0000 2018","retweets":"30","favorites":"20","mentions":[],"hashtags":[],"geo":"","raw":"오늘은  피클이 너무 오래된게 왔어요.아무 생각없이 피자랑 함께 2개 집어 먹다가 3개째는 피클만 먹었는데 아삭함도 적고 좀 오래된 식초냄새가 나더라구요.오늘 굉장히 바쁘셔서 그러시겠지만 신경써주세요","polarity":{"com":0.015988331332267444,"pos":0.3565858366428943,"neg":0.452290170636514,"neut":0.10194984845987001,"none":0.07318581292845429},"intensity":{"high":0.10479613248063951,"low":0.06135226794151364,"meium":0.7606657866347555,"none":0.07318581294309146},"expressive":{"dir-action":0,"dir-explicit":0.16057915593333336,"dir-speech":0.4555474906,"indirect":0.309380351,"writing-device":0.07449300246666668}},{"id":"반올림피자샵","permalink":"","username":"asdfg","text":"피자는 피자샵~^^~~~~","date":"Mon Dec 10 23:59:44 +0000 2018","retweets":"30","favorites":"20","mentions":[],"hashtags":[],"geo":"","raw":"피자는 피자샵~^^~~~~","polarity":{"com":0,"pos":0.3174603173174603,"neg":0.5079365085079365,"neut":0.09523809509523809,"none":0.07936507907936508},"intensity":{"high":0.031746032,"low":0.238095238,"meium":0.650793651,"none":0.079365079},"expressive":{"dir-action":0,"dir-explicit":0.158730159,"dir-speech":0.666666667,"indirect":0.079365079,"writing-device":0.095238095}},{"id":"반올림피자샵","permalink":"","username":"asdfg","text":"좀 늦게 추문했는데 배달해 주셔서 감사합니다","date":"Mon Dec 10 23:59:44 +0000 2018","retweets":"30","favorites":"20","mentions":[],"hashtags":[],"geo":"","raw":"좀 늦게 추문했는데 배달해 주셔서 감사합니다","polarity":{"com":0.00483870975,"pos":0.8790322580000001,"neg":0.088172043,"neut":0.020967742,"none":0.00698924725},"intensity":{"high":0.2849462365,"low":0.029032258,"meium":0.67849462375,"none":0.00752688175},"expressive":{"dir-action":0.00161290325,"dir-explicit":0.17849462375000003,"dir-speech":0.7236559140000001,"indirect":0.08924731175,"writing-device":0.00698924725}},{"id":"반올림피자샵","permalink":"","username":"asdfg","text":"너무 맛있는 요리를 만들어 주셔서 감사합니다..^^완벽해요 ㅠㅠ 재주문 고고고!! 단골될거예요 사랑합니다. ","date":"Mon Dec 10 23:59:44 +0000 2018","retweets":"30","favorites":"20","mentions":[],"hashtags":[],"geo":"","raw":"너무 맛있는 요리를 만들어 주셔서 감사합니다..^^완벽해요 ㅠㅠ 재주문 고고고!! 단골될거예요 사랑합니다. ","polarity":{"com":0.0385087799,"pos":0.5759991704999999,"neg":0.3352443972,"neut":0.025229731300000002,"none":0.0250179211},"intensity":{"high":0.21100930692110098,"low":0.041760859804176084,"meium":0.7219968583721997,"none":0.025232974902523297},"expressive":{"dir-action":0.000645161299935484,"dir-explicit":0.2965246181703476,"dir-speech":0.35675677056432437,"indirect":0.31909474456809056,"writing-device":0.026978705397302138}},{"id":"반올림피자샵","permalink":"","username":"asdfg","text":"항상조아요  추천ㅇ드려요","date":"Mon Dec 10 23:59:44 +0000 2018","retweets":"30","favorites":"20","mentions":[],"hashtags":[],"geo":"","raw":"항상조아요  추천ㅇ드려요","polarity":{"com":0,"pos":0.8333333334999999,"neg":0,"neut":0.1666666665,"none":0},"intensity":{"high":0.1666666665,"low":0,"meium":0.8333333334999999,"none":0},"expressive":{"dir-action":0,"dir-explicit":0.4166666665,"dir-speech":0.25,"indirect":0.3333333335,"writing-device":0}},{"id":"반올림피자샵","permalink":"","username":"asdfg","text":"갑자기 알람와서 리뷰해달래서 함8번째 재주문 믿고주문하지요","date":"Mon Dec 10 23:59:44 +0000 2018","retweets":"30","favorites":"20","mentions":[],"hashtags":[],"geo":"","raw":"갑자기 알람와서 리뷰해달래서 함8번째 재주문 믿고주문하지요","polarity":{"com":0.0032258064999999996,"pos":0.47491039416666664,"neg":0.29489247316666667,"neut":0.18064516133333333,"none":0.04632616483333333},"intensity":{"high":0.13440860214426523,"low":0.13046594981158902,"meium":0.6884408602185933,"none":0.04668458782555257},"expressive":{"dir-action":0.001075268833512545,"dir-explicit":0.27455197137909204,"dir-speech":0.2713261648785543,"indirect":0.40672043006778674,"writing-device":0.04632616484105436}},{"id":"반올림피자샵","permalink":"","username":"asdfg","text":"맛은있어요 다만 배달이 너무늦고 츄러스가 너무 딱딱합니다..갈릭디핑도 추가로시켰는데 안왔어요 그래도 피자는 맛있습니다 가끔 느끼한거 땡길때 같이온 소스랑 찍어먹으면 좋을것같네요 맛있습니다","date":"Mon Dec 10 23:59:44 +0000 2018","retweets":"30","favorites":"20","mentions":[],"hashtags":[],"geo":"","raw":"맛은있어요 다만 배달이 너무늦고 츄러스가 너무 딱딱합니다..갈릭디핑도 추가로시켰는데 안왔어요 그래도 피자는 맛있습니다 가끔 느끼한거 땡길때 같이온 소스랑 찍어먹으면 좋을것같네요 맛있습니다","polarity":{"com":0.013761643277013241,"pos":0.4162960056990947,"neg":0.3923679686448684,"neut":0.07621116310687716,"none":0.10136321927214649},"intensity":{"high":0.0885009372826945,"low":0.08004274389333572,"meium":0.7292634007627368,"none":0.10219291806123294},"expressive":{"dir-action":0.0003336669999629259,"dir-explicit":0.24969414119447841,"dir-speech":0.4621283573375413,"indirect":0.1533226147607419,"writing-device":0.13452121970727543}},{"id":"반올림피자샵","permalink":"","username":"asdfg","text":"20대 남자인데도 이렇게 남네 피자는 내일 먹어야지 ","date":"Mon Dec 10 23:59:44 +0000 2018","retweets":"30","favorites":"20","mentions":[],"hashtags":[],"geo":"","raw":"20대 남자인데도 이렇게 남네 피자는 내일 먹어야지 ","polarity":{"com":0.0014285714002857143,"pos":0.2230158728446032,"neg":0.6506349209301271,"neut":0.021904761804380952,"none":0.1030158730206032},"intensity":{"high":0.12380952380000002,"low":0.11492063479999999,"meium":0.6582539684,"none":0.10301587300000001},"expressive":{"dir-action":0,"dir-explicit":0.16333333336733333,"dir-speech":0.48222222230355555,"indirect":0.2496825395500635,"writing-device":0.10476190477904762}},{"id":"반올림피자샵","permalink":"","username":"asdfg","text":"배달 한시간가까이걸려서 짜증나있었는데맛이나 정성은 굳특히 스파게티 그어떤피자집가도 똑같고 소스적은경우도많은데 여긴 소스랑햄이 잔뜩!피클도 잘안먹는편인데 직접만들었는지 식초가강하지않아서 개운한맛에 다 먹었음아그냥 다맛있음 여기 짱임","date":"Mon Dec 10 23:59:44 +0000 2018","retweets":"30","favorites":"20","mentions":[],"hashtags":[],"geo":"","raw":"배달 한시간가까이걸려서 짜증나있었는데맛이나 정성은 굳특히 스파게티 그어떤피자집가도 똑같고 소스적은경우도많은데 여긴 소스랑햄이 잔뜩!피클도 잘안먹는편인데 직접만들었는지 식초가강하지않아서 개운한맛에 다 먹었음아그냥 다맛있음 여기 짱임","polarity":{"com":0.005600173583333334,"pos":0.44505642470833334,"neg":0.443615901375,"neut":0.068853917625,"none":0.03687358270833334},"intensity":{"high":0.07706686313142223,"low":0.10910313825909192,"meium":0.7762757133563564,"none":0.03755428525312953},"expressive":{"dir-action":0.00030867870833333334,"dir-explicit":0.304976199375,"dir-speech":0.4817968595,"indirect":0.17342945337499996,"writing-device":0.03948880904166666}},{"id":"반올림피자샵","permalink":"","username":"asdfg","text":"맛도 괜찮고 자주이용해서 좋은데 휴무를 표시하고 문닫았음 좋을듯해요","date":"Mon Dec 10 23:59:44 +0000 2018","retweets":"30","favorites":"20","mentions":[],"hashtags":[],"geo":"","raw":"맛도 괜찮고 자주이용해서 좋은데 휴무를 표시하고 문닫았음 좋을듯해요","polarity":{"com":0.007992603250999077,"pos":0.6269683583283711,"neg":0.23632062877954008,"neut":0.07855711938481964,"none":0.05016129025627016},"intensity":{"high":0.08002619687500001,"low":0.2221435175,"meium":0.647400178125,"none":0.0504301075},"expressive":{"dir-action":0.002398808374400298,"dir-explicit":0.2261103691934724,"dir-speech":0.4974702075006325,"indirect":0.22306314631923424,"writing-device":0.05095746861226063}},{"id":"반올림피자샵","permalink":"","username":"asdfg","text":"치킨슈림프 추천 메뉴라 해서 먹어봤는데 맛있네요. 근데 서비스 옥수수 저번에 너무 적게 주셔서 마니 좀 부탁드렸는데. 아예 안보냄 ㅋ 많이 달라고 해서 화난듯 ㅋ","date":"Mon Dec 10 23:59:44 +0000 2018","retweets":"30","favorites":"20","mentions":[],"hashtags":[],"geo":"","raw":"치킨슈림프 추천 메뉴라 해서 먹어봤는데 맛있네요. 근데 서비스 옥수수 저번에 너무 적게 주셔서 마니 좀 부탁드렸는데. 아예 안보냄 ㅋ 많이 달라고 해서 화난듯 ㅋ","polarity":{"com":0.09715380408333334,"pos":0.384989053,"neg":0.36036991433333326,"neut":0.04853128983333333,"none":0.10895593874999998},"intensity":{"high":0.08893222039443362,"low":0.19501459595124632,"meium":0.6051815360987046,"none":0.11087164755561543},"expressive":{"dir-action":0.001915708833652618,"dir-explicit":0.20730934128455156,"dir-speech":0.3649972633108328,"indirect":0.31107462146851245,"writing-device":0.1147030651024505}},{"id":"반올림피자샵","permalink":"","username":"asdfg","text":" 양이 엄청나네요, 잘먹겠습니다~","date":"Mon Dec 10 23:59:44 +0000 2018","retweets":"30","favorites":"20","mentions":[],"hashtags":[],"geo":"","raw":" 양이 엄청나네요, 잘먹겠습니다~","polarity":{"com":0,"pos":0.7321428573660714,"neg":0.23214285711607144,"neut":0.035714285517857144,"none":0},"intensity":{"high":0.375,"low":0.107142857,"meium":0.5178571430000001,"none":0},"expressive":{"dir-action":0,"dir-explicit":0.23214285699999998,"dir-speech":0.0714285715,"indirect":0.6964285715,"writing-device":0}},{"id":"반올림피자샵","permalink":"","username":"asdfg","text":"맛있었습니다. ~~~~~=","date":"Mon Dec 10 23:59:44 +0000 2018","retweets":"30","favorites":"20","mentions":[],"hashtags":[],"geo":"","raw":"맛있었습니다. ~~~~~=","polarity":{"com":0,"pos":0,"neg":1,"neut":0,"none":0},"intensity":{"high":0,"low":0,"meium":1,"none":0},"expressive":{"dir-action":0,"dir-explicit":0,"dir-speech":1,"indirect":0,"writing-device":0}},{"id":"반올림피자샵","permalink":"","username":"asdfg","text":"맛있어요 혼자먹기에 많아서 나눠먹었어요","date":"Mon Dec 10 23:59:44 +0000 2018","retweets":"30","favorites":"20","mentions":[],"hashtags":[],"geo":"","raw":"맛있어요 혼자먹기에 많아서 나눠먹었어요","polarity":{"com":0.06666666660000001,"pos":0.34492753620000005,"neg":0.5797101450000001,"neut":0.0086956522,"none":0},"intensity":{"high":0.09661835741932367,"low":0.13236714962647345,"meium":0.7710144929542029,"none":0},"expressive":{"dir-action":0,"dir-explicit":0.19323671483864738,"dir-speech":0.6879227055375846,"indirect":0.11884057962376815,"writing-device":0}},{"id":"반올림피자샵","permalink":"","username":"asdfg","text":"너무 맛있어요추천이요","date":"Mon Dec 10 23:59:44 +0000 2018","retweets":"30","favorites":"20","mentions":[],"hashtags":[],"geo":"","raw":"너무 맛있어요추천이요","polarity":{"com":0.0714285715,"pos":0.404761905,"neg":0.357142857,"neut":0.1666666665,"none":0},"intensity":{"high":0.238095238,"low":0.0714285715,"meium":0.6904761905,"none":0},"expressive":{"dir-action":0,"dir-explicit":0.452380952,"dir-speech":0.142857143,"indirect":0.404761905,"writing-device":0}},{"id":"반올림피자샵","permalink":"","username":"asdfg","text":"정말 좋아요 ㅎㅎ  맛있었습니다","date":"Mon Dec 10 23:59:44 +0000 2018","retweets":"30","favorites":"20","mentions":[],"hashtags":[],"geo":"","raw":"정말 좋아요 ㅎㅎ  맛있었습니다","polarity":{"com":0,"pos":0.375,"neg":0.5,"neut":0,"none":0.125},"intensity":{"high":0.25,"low":0,"meium":0.625,"none":0.125},"expressive":{"dir-action":0,"dir-explicit":0.25,"dir-speech":0.625,"indirect":0,"writing-device":0.125}},{"id":"반올림피자샵","permalink":"","username":"asdfg","text":"손님과 가족 모임 피자로 최고","date":"Mon Dec 10 23:59:44 +0000 2018","retweets":"30","favorites":"20","mentions":[],"hashtags":[],"geo":"","raw":"손님과 가족 모임 피자로 최고","polarity":{"com":0,"pos":0.8296296296666666,"neg":0.17037037033333335,"neut":0,"none":0},"intensity":{"high":0.32592592600000003,"low":0,"meium":0.674074074,"none":0},"expressive":{"dir-action":0,"dir-explicit":0.06666666666666667,"dir-speech":0.19999999999999998,"indirect":0.7333333333333334,"writing-device":0}},{"id":"반올림피자샵","permalink":"","username":"asdfg","text":"재주문입니다. 뭐 말이 필요합니까","date":"Mon Dec 10 23:59:44 +0000 2018","retweets":"30","favorites":"20","mentions":[],"hashtags":[],"geo":"","raw":"재주문입니다. 뭐 말이 필요합니까","polarity":{"com":0.005718954251429738,"pos":0.4297385621074347,"neg":0.34027777783506946,"neut":0.022875817005718953,"none":0.20138888880034722},"intensity":{"high":0.24019607837009804,"low":0.1454248365727124,"meium":0.4129901962064951,"none":0.20138888885069445},"expressive":{"dir-action":0,"dir-explicit":0.1879084967969771,"dir-speech":0.32148692808037177,"indirect":0.2843137255710784,"writing-device":0.20629084955157273}},{"id":"반올림피자샵","permalink":"","username":"asdfg","text":"맛있게 잘 먹었습니다~","date":"Mon Dec 10 23:59:44 +0000 2018","retweets":"30","favorites":"20","mentions":[],"hashtags":[],"geo":"","raw":"맛있게 잘 먹었습니다~","polarity":{"com":0,"pos":0.35714285717857136,"neg":0.6071428573035714,"neut":0.03571428551785714,"none":0},"intensity":{"high":0,"low":0.107142857,"meium":0.8928571430000001,"none":0},"expressive":{"dir-action":0,"dir-explicit":0.107142857,"dir-speech":0.5714285715,"indirect":0.3214285715,"writing-device":0}},{"id":"반올림피자샵","permalink":"","username":"asdfg","text":"잘 먹겠습니다 !!!","date":"Mon Dec 10 23:59:44 +0000 2018","retweets":"30","favorites":"20","mentions":[],"hashtags":[],"geo":"","raw":"잘 먹겠습니다 !!!","polarity":{"com":0,"pos":0.7142857147142857,"neg":0.21428571421428572,"neut":0.07142857107142857,"none":0},"intensity":{"high":0,"low":0.214285714,"meium":0.785714286,"none":0},"expressive":{"dir-action":0,"dir-explicit":0.214285714,"dir-speech":0.142857143,"indirect":0.642857143,"writing-device":0}},{"id":"반올림피자샵","permalink":"","username":"asdfg","text":"피자는 항상 여기 시켜야할듯요 배달도 빨라요","date":"Mon Dec 10 23:59:44 +0000 2018","retweets":"30","favorites":"20","mentions":[],"hashtags":[],"geo":"","raw":"피자는 항상 여기 시켜야할듯요 배달도 빨라요","polarity":{"com":0.0022988506004597694,"pos":0.5278598795055719,"neg":0.34871373846974274,"neut":0.032840722406568136,"none":0.08828680901765734},"intensity":{"high":0.02933771218826492,"low":0.10623973735750411,"meium":0.7738368908904653,"none":0.09058565956376576},"expressive":{"dir-action":0.00229885060045977,"dir-explicit":0.09726327321945266,"dir-speech":0.6827586207365518,"indirect":0.11932129162386426,"writing-device":0.09835796381967159}},{"id":"반올림피자샵","permalink":"","username":"asdfg","text":"~","date":"Mon Dec 10 23:59:44 +0000 2018","retweets":"30","favorites":"20","mentions":[],"hashtags":[],"geo":"","raw":"~~~~~~~~~","polarity":{"com":null,"pos":null,"neg":null,"neut":null,"none":null},"intensity":{"high":null,"low":null,"meium":null,"none":null},"expressive":{"dir-action":null,"dir-explicit":null,"dir-speech":null,"indirect":null,"writing-device":null}},{"id":"반올림피자샵","permalink":"","username":"asdfg","text":"5번째 재주문입니다. 역시 맛있어","date":"Mon Dec 10 23:59:44 +0000 2018","retweets":"30","favorites":"20","mentions":[],"hashtags":[],"geo":"","raw":"5번째 재주문입니다. 역시 맛있어","polarity":{"com":0,"pos":0.6369047619092262,"neg":0.12500000003125,"neut":0.08333333327083334,"none":0.15476190478869048},"intensity":{"high":0.19642857149999998,"low":0.08333333325,"meium":0.5654761905,"none":0.15476190475},"expressive":{"dir-action":0,"dir-explicit":0.1904761905,"dir-speech":0.32142857150000004,"indirect":0.33333333325000003,"writing-device":0.15476190475}},{"id":"반올림피자샵","permalink":"","username":"asdfg","text":"소보루 옵션으로 시켰는데 소보루 가루가 너무 부서지네요.. 이 집 피자맛은 뭐 항상 좋았습니다","date":"Mon Dec 10 23:59:44 +0000 2018","retweets":"30","favorites":"20","mentions":[],"hashtags":[],"geo":"","raw":"소보루 옵션으로 시켰는데 소보루 가루가 너무 부서지네요.. 이 집 피자맛은 뭐 항상 좋았습니다","polarity":{"com":0.0035714286,"pos":0.6661428572,"neg":0.25085714280000004,"neut":0.0160714286,"none":0.0633571428},"intensity":{"high":0.0721428572,"low":0.16276190480000002,"meium":0.6999523807999999,"none":0.06514285719999999},"expressive":{"dir-action":0,"dir-explicit":0.195,"dir-speech":0.6525000000000001,"indirect":0.0891428572,"writing-device":0.0633571428}},{"id":"반올림피자샵","permalink":"","username":"asdfg","text":"잘 먹었습니다 ~~~~~","date":"Mon Dec 10 23:59:44 +0000 2018","retweets":"30","favorites":"20","mentions":[],"hashtags":[],"geo":"","raw":"잘 먹었습니다 ~~~~~","polarity":{"com":0,"pos":0.7142857147142857,"neg":0.21428571421428572,"neut":0.07142857107142857,"none":0},"intensity":{"high":0,"low":0.214285714,"meium":0.785714286,"none":0},"expressive":{"dir-action":0,"dir-explicit":0.214285714,"dir-speech":0.142857143,"indirect":0.642857143,"writing-device":0}},{"id":"반올림피자샵","permalink":"","username":"asdfg","text":"항상 맛있게 먹어서 피자는 피자샵에서만 먹어요!!오늘도 잘 먹겠습니당","date":"Mon Dec 10 23:59:44 +0000 2018","retweets":"30","favorites":"20","mentions":[],"hashtags":[],"geo":"","raw":"항상 맛있게 먹어서 피자는 피자샵에서만 먹어요!!오늘도 잘 먹겠습니당","polarity":{"com":0.0011904761668650793,"pos":0.3664021162277337,"neg":0.5283068785880511,"neut":0.018253968169708996,"none":0.08584656084764111},"intensity":{"high":0.06613756616666665,"low":0.13280423266666666,"meium":0.7152116403333334,"none":0.08584656083333335},"expressive":{"dir-action":0,"dir-explicit":0.21481481479753087,"dir-speech":0.6703703703882716,"indirect":0.027513227495414468,"writing-device":0.08730158731878307}},{"id":"반올림피자샵","permalink":"","username":"asdfg","text":"피자 배달이 1시간 30분 이나 걸리다니요... 정말 기다리다가 지쳐쓰러지는줄 알았습니다 이정도로 늦으면 연락한번 줄만도 한데 전화를 두번이나 할때까지 연락도 없네요","date":"Mon Dec 10 23:59:44 +0000 2018","retweets":"30","favorites":"20","mentions":[],"hashtags":[],"geo":"","raw":"피자 배달이 1시간 30분 이나 걸리다니요... 정말 기다리다가 지쳐쓰러지는줄 알았습니다 이정도로 늦으면 연락한번 줄만도 한데 전화를 두번이나 할때까지 연락도 없네요","polarity":{"com":0.0008841733076242943,"pos":0.34119041874298534,"neg":0.5723796318790477,"neut":0.035899445381853884,"none":0.049646330688488734},"intensity":{"high":0.1946808938311784,"low":0.12301261960592212,"meium":0.6317759825667865,"none":0.050530503996113044},"expressive":{"dir-action":0.0008841733078283344,"dir-explicit":0.18277469656658074,"dir-speech":0.35694678882414566,"indirect":0.29940318304606206,"writing-device":0.15999115825538326}},{"id":"반올림피자샵","permalink":"","username":"asdfg","text":"맛을떠나서 리뷰이벤트는 사기엿네요  이벤트를그냥내리세요","date":"Mon Dec 10 23:59:44 +0000 2018","retweets":"30","favorites":"20","mentions":[],"hashtags":[],"geo":"","raw":"맛을떠나서 리뷰이벤트는 사기엿네요  이벤트를그냥내리세요","polarity":{"com":0.03333333333333333,"pos":0.5666666666666665,"neg":0.36666666666666664,"neut":0.03333333333333333,"none":0},"intensity":{"high":0,"low":0.06666666666666667,"meium":0.9333333333333332,"none":0},"expressive":{"dir-action":0,"dir-explicit":0.16666666666666666,"dir-speech":0.5,"indirect":0.3333333333333333,"writing-device":0}},{"id":"반올림피자샵","permalink":"","username":"asdfg","text":"피자 크기가 제각각... 그래도 맛은 있네요","date":"Mon Dec 10 23:59:44 +0000 2018","retweets":"30","favorites":"20","mentions":[],"hashtags":[],"geo":"","raw":"피자 크기가 제각각... 그래도 맛은 있네요","polarity":{"com":0.008928571333333335,"pos":0.5833333333333334,"neg":0.20833333333333337,"neut":0.03869047633333334,"none":0.1607142856666667},"intensity":{"high":0.068452381,"low":0.053571428666666664,"meium":0.714285714,"none":0.16369047633333333},"expressive":{"dir-action":0,"dir-explicit":0.19047619033333335,"dir-speech":0.5059523810000001,"indirect":0.14285714300000002,"writing-device":0.1607142856666667}},{"id":"반올림피자샵","permalink":"","username":"asdfg","text":"통마늘불고기 맛있었어요~~ㅎㅎ 근데 리뷰쓴다했는데 마약옥수수가 안와서..슬펐어요 ㅠㅠ ","date":"Mon Dec 10 23:59:44 +0000 2018","retweets":"30","favorites":"20","mentions":[],"hashtags":[],"geo":"","raw":"통마늘불고기 맛있었어요~~ㅎㅎ 근데 리뷰쓴다했는데 마약옥수수가 안와서..슬펐어요 ㅠㅠ ","polarity":{"com":0.004193056571428571,"pos":0.2669881431428571,"neg":0.5913302625714286,"neut":0.10574739300000001,"none":0.03174114471428571},"intensity":{"high":0.19522370082925372,"low":0.04635553285052063,"meium":0.7237620751823196,"none":0.03465869113790589},"expressive":{"dir-action":0.014629049144947006,"dir-explicit":0.08954694729850671,"dir-speech":0.395963949770852,"indirect":0.46319280078045616,"writing-device":0.03666725300523818}},{"id":"반올림피자샵","permalink":"","username":"asdfg","text":"또시켜먹었어요맛있어요~~~","date":"Mon Dec 10 23:59:44 +0000 2018","retweets":"30","favorites":"20","mentions":[],"hashtags":[],"geo":"","raw":"또시켜먹었어요맛있어요~~~","polarity":{"com":0,"pos":0.1587301586137566,"neg":0.6984126984338624,"neut":0,"none":0.14285714295238094},"intensity":{"high":0.037037037,"low":0.074074074,"meium":0.746031746,"none":0.142857143},"expressive":{"dir-action":0,"dir-explicit":0.12169312166666667,"dir-speech":0.687830688,"indirect":0,"writing-device":0.19047619033333332}},{"id":"반올림피자샵","permalink":"","username":"asdfg","text":"통마늘불고기 마싯써ㅓㅓㅓ요ㅛㅗㅛㅛㅛ!!!","date":"Mon Dec 10 23:59:44 +0000 2018","retweets":"30","favorites":"20","mentions":[],"hashtags":[],"geo":"","raw":"통마늘불고기 마싯써ㅓㅓㅓ요ㅛㅗㅛㅛㅛ!!!","polarity":{"com":0,"pos":0.636363636,"neg":0.272727273,"neut":0.090909091,"none":0},"intensity":{"high":0.090909091,"low":0.090909091,"meium":0.818181818,"none":0},"expressive":{"dir-action":0.090909091,"dir-explicit":0.090909091,"dir-speech":0.545454545,"indirect":0.272727273,"writing-device":0}},{"id":"반올림피자샵","permalink":"","username":"asdfg","text":"언제먹어도 맛있어요~~","date":"Mon Dec 10 23:59:44 +0000 2018","retweets":"30","favorites":"20","mentions":[],"hashtags":[],"geo":"","raw":"언제먹어도 맛있어요~~","polarity":{"com":0,"pos":0,"neg":1,"neut":0,"none":0},"intensity":{"high":0.5,"low":0,"meium":0.5,"none":0},"expressive":{"dir-action":0,"dir-explicit":0,"dir-speech":1,"indirect":0,"writing-device":0}},{"id":"반올림피자샵","permalink":"","username":"asdfg","text":"4번째 주문입니다 항상말하지만 여기가 진리","date":"Mon Dec 10 23:59:44 +0000 2018","retweets":"30","favorites":"20","mentions":[],"hashtags":[],"geo":"","raw":"4번째 주문입니다 항상말하지만 여기가 진리","polarity":{"com":0,"pos":0.8333333333333334,"neg":0.16666666666666666,"neut":0,"none":0},"intensity":{"high":0,"low":0,"meium":1,"none":0},"expressive":{"dir-action":0,"dir-explicit":0.5,"dir-speech":0.5,"indirect":0,"writing-device":0}},{"id":"반올림피자샵","permalink":"","username":"asdfg","text":"두번째인데 잘먹었어요 ~~","date":"Mon Dec 10 23:59:44 +0000 2018","retweets":"30","favorites":"20","mentions":[],"hashtags":[],"geo":"","raw":"두번째인데 잘먹었어요 ~~","polarity":{"com":0.011437908505718953,"pos":0.5499533147749766,"neg":0.24603174612301584,"neut":0.08146591954073296,"none":0.11111111105555554},"intensity":{"high":0.06372549003186274,"low":0.1479925300739963,"meium":0.6771708688385855,"none":0.11111111105555556},"expressive":{"dir-action":0,"dir-explicit":0.316293184,"dir-speech":0.172735761,"indirect":0.3900560225,"writing-device":0.1209150325}},{"id":"반올림피자샵","permalink":"","username":"asdfg","text":"맛있습니당~~~ㅎㅎ ","date":"Mon Dec 10 23:59:44 +0000 2018","retweets":"30","favorites":"20","mentions":[],"hashtags":[],"geo":"","raw":"맛있습니당~~~ㅎㅎ ","polarity":{"com":0,"pos":0,"neg":1,"neut":0,"none":0},"intensity":{"high":0,"low":0,"meium":1,"none":0},"expressive":{"dir-action":0,"dir-explicit":0,"dir-speech":1,"indirect":0,"writing-device":0}},{"id":"반올림피자샵","permalink":"","username":"asdfg","text":"맛있어요 마약옥수수는 깜빡하신듯ㅎ","date":"Mon Dec 10 23:59:44 +0000 2018","retweets":"30","favorites":"20","mentions":[],"hashtags":[],"geo":"","raw":"맛있어요 마약옥수수는 깜빡하신듯ㅎ","polarity":{"com":0,"pos":0.20436507930109124,"neg":0.7103174604275794,"neut":0.023809523755952376,"none":0.061507936515376976},"intensity":{"high":0.25793650793551587,"low":0.10119047622470237,"meium":0.5793650793551587,"none":0.061507936484623014},"expressive":{"dir-action":0,"dir-explicit":0.0813492065,"dir-speech":0.5,"indirect":0.35317460300000003,"writing-device":0.0654761905}},{"id":"반올림피자샵","permalink":"","username":"asdfg","text":"잘 먹었습니다 피자샵 가성비는 정말 최고예요","date":"Mon Dec 10 23:59:44 +0000 2018","retweets":"30","favorites":"20","mentions":[],"hashtags":[],"geo":"","raw":"잘 먹었습니다 피자샵 가성비는 정말 최고예요","polarity":{"com":0,"pos":0.5533910535266956,"neg":0.31691919190845963,"neut":0.08712121204356062,"none":0.042568542521284274},"intensity":{"high":0.28066378075,"low":0.15854978349999999,"meium":0.51821789325,"none":0.0425685425},"expressive":{"dir-action":0,"dir-explicit":0.09325396825,"dir-speech":0.406926407,"indirect":0.45328282825,"writing-device":0.0465367965}},{"id":"반올림피자샵","permalink":"","username":"asdfg","text":"마약옥수수 가져다주시고 맛있어요","date":"Mon Dec 10 23:59:44 +0000 2018","retweets":"30","favorites":"20","mentions":[],"hashtags":[],"geo":"","raw":"마약옥수수 가져다주시고 맛있어요","polarity":{"com":0,"pos":0,"neg":1,"neut":0,"none":0},"intensity":{"high":0.5,"low":0,"meium":0.5,"none":0},"expressive":{"dir-action":0,"dir-explicit":0,"dir-speech":0.5,"indirect":0.5,"writing-device":0}},{"id":"반올림피자샵","permalink":"","username":"asdfg","text":"브랜드 피자보다 훨씬 맛있습니다.항상 감사합니다!!","date":"Mon Dec 10 23:59:44 +0000 2018","retweets":"30","favorites":"20","mentions":[],"hashtags":[],"geo":"","raw":"브랜드 피자보다 훨씬 맛있습니다.항상 감사합니다!!","polarity":{"com":0.006451612999999999,"pos":0.7275985663333332,"neg":0.22867383500000002,"neut":0.027956989333333335,"none":0.009318996333333334},"intensity":{"high":0.2317801673333333,"low":0.07574671433333333,"meium":0.6824372759999999,"none":0.010035842333333331},"expressive":{"dir-action":0.002150537666666667,"dir-explicit":0.5305854243333333,"dir-speech":0.264874552,"indirect":0.19307048966666665,"writing-device":0.009318996333333334}},{"id":"반올림피자샵","permalink":"","username":"asdfg","text":"가격대비 좋았습니다~","date":"Mon Dec 10 23:59:44 +0000 2018","retweets":"30","favorites":"20","mentions":[],"hashtags":[],"geo":"","raw":"가격대비 좋았습니다~","polarity":{"com":0,"pos":0.96,"neg":0.02,"neut":0,"none":0.02},"intensity":{"high":0.1,"low":0.02,"meium":0.86,"none":0.02},"expressive":{"dir-action":0,"dir-explicit":0.3,"dir-speech":0.1,"indirect":0.58,"writing-device":0.02}},{"id":"반올림피자샵","permalink":"","username":"asdfg","text":"배달은 빨랐는데....스프라이트 주문했는데 콜라가 오고...리뷰 작성한다고 썼는데 마약옥수수도 오지 않았습니다. ","date":"Mon Dec 10 23:59:44 +0000 2018","retweets":"30","favorites":"20","mentions":[],"hashtags":[],"geo":"","raw":"배달은 빨랐는데....스프라이트 주문했는데 콜라가 오고...리뷰 작성한다고 썼는데 마약옥수수도 오지 않았습니다. ","polarity":{"com":0.005544354875,"pos":0.5971865835,"neg":0.30228407350000003,"neut":0.0336778645,"none":0.061307123625},"intensity":{"high":0.19178318325000004,"low":0.095225003375,"meium":0.6502998010000001,"none":0.06269201237500001},"expressive":{"dir-action":0.012170087998478738,"dir-explicit":0.24570023396928747,"dir-speech":0.30657227508667845,"indirect":0.3751431364531071,"writing-device":0.060414266492448215}},{"id":"반올림피자샵","permalink":"","username":"asdfg","text":"또 시켜 먹었습니다역시 메이져 피자보다 여기 하나 시켜먹는게 훨씬 나음그리고 전화 받으신 분 사장님인지는 모르겠으나 엄청 착하심 28살 청년 레굴러 사이즈 먹고 한 조각 남김 양도 좋고 배달도 빠름@저 노란색은 채다 치즈임","date":"Mon Dec 10 23:59:44 +0000 2018","retweets":"30","favorites":"20","mentions":[],"hashtags":[],"geo":"","raw":"또 시켜 먹었습니다역시 메이져 피자보다 여기 하나 시켜먹는게 훨씬 나음그리고 전화 받으신 분 사장님인지는 모르겠으나 엄청 착하심 28살 청년 레굴러 사이즈 먹고 한 조각 남김 양도 좋고 배달도 빠름@저 노란색은 채다 치즈임","polarity":{"com":0.0019912485000000008,"pos":0.48841953615000006,"neg":0.4030430249000001,"neut":0.03539095775000001,"none":0.0711552327},"intensity":{"high":0.06141455970614146,"low":0.10297451836029745,"meium":0.7644556892264457,"none":0.07115523270711552},"expressive":{"dir-action":0,"dir-explicit":0.30208119235,"dir-speech":0.4100931577,"indirect":0.20775351719999993,"writing-device":0.08007213275}},{"id":"반올림피자샵","permalink":"","username":"asdfg","text":"맛있게 잘 먹었습니다아아아","date":"Mon Dec 10 23:59:44 +0000 2018","retweets":"30","favorites":"20","mentions":[],"hashtags":[],"geo":"","raw":"맛있게 잘 먹었습니다아아아","polarity":{"com":0,"pos":0.38961038966666667,"neg":0.525974026,"neut":0.054112554,"none":0.03030303033333333},"intensity":{"high":0.03030303033333333,"low":0.13203463199999999,"meium":0.8073593073333334,"none":0.03030303033333333},"expressive":{"dir-action":0,"dir-explicit":0.16233766227922075,"dir-speech":0.5021645021659452,"indirect":0.2748917749083694,"writing-device":0.06060606064646464}},{"id":"반올림피자샵","permalink":"","username":"asdfg","text":"음식양도 적당했고 맛있었어요! ","date":"Mon Dec 10 23:59:44 +0000 2018","retweets":"30","favorites":"20","mentions":[],"hashtags":[],"geo":"","raw":"음식양도 적당했고 맛있었어요! ","polarity":{"com":0,"pos":0.5,"neg":0.5,"neut":0,"none":0},"intensity":{"high":0,"low":0,"meium":1,"none":0},"expressive":{"dir-action":0,"dir-explicit":0,"dir-speech":0.5,"indirect":0.5,"writing-device":0}},{"id":"반올림피자샵","permalink":"","username":"asdfg","text":"맛있어요. 양도 많고 좋아요 ㅎㅎ","date":"Mon Dec 10 23:59:44 +0000 2018","retweets":"30","favorites":"20","mentions":[],"hashtags":[],"geo":"","raw":"맛있어요. 양도 많고 좋아요 ㅎㅎ","polarity":{"com":0,"pos":0.43710144933333334,"neg":0.5350724636666666,"neut":0.014492753666666663,"none":0.013333333333333332},"intensity":{"high":0.1536231883845411,"low":0.08579710136193236,"meium":0.7472463769157488,"none":0.013333333337777779},"expressive":{"dir-action":0,"dir-explicit":0.373913043457971,"dir-speech":0.4724637681574879,"indirect":0.1402898550467633,"writing-device":0.013333333337777779}},{"id":"반올림피자샵","permalink":"","username":"asdfg","text":"아직배달이 안왔는데요..","date":"Mon Dec 10 23:59:44 +0000 2018","retweets":"30","favorites":"20","mentions":[],"hashtags":[],"geo":"","raw":"아직배달이 안왔는데요..","polarity":{"com":0,"pos":0.25,"neg":0.55,"neut":0,"none":0.2},"intensity":{"high":0.25,"low":0,"meium":0.5499999999999999,"none":0.2},"expressive":{"dir-action":0,"dir-explicit":0.7,"dir-speech":0.10000000000000003,"indirect":0,"writing-device":0.2}},{"id":"반올림피자샵","permalink":"","username":"asdfg","text":"피자샵은 강남1호점에서는 오늘이 처음이지만 다른 지점에선 오래도록 이용해 온 브랜드입니다 여기 강남1호점도 역시나 맛있어요 가격 맛 서비스 뭐 하나 빠지지 않는 피자샵 자주 애용할거 같습니다 ","date":"Mon Dec 10 23:59:44 +0000 2018","retweets":"30","favorites":"20","mentions":[],"hashtags":[],"geo":"","raw":"피자샵은 강남1호점에서는 오늘이 처음이지만 다른 지점에선 오래도록 이용해 온 브랜드입니다 여기 강남1호점도 역시나 맛있어요 가격 맛 서비스 뭐 하나 빠지지 않는 피자샵 자주 애용할거 같습니다 ","polarity":{"com":0.003481165235908441,"pos":0.46707187249418913,"neg":0.4028540084828565,"neut":0.08093760042604783,"none":0.045655353360998005},"intensity":{"high":0.02543664147358079,"low":0.29132171868133205,"meium":0.6374597842514659,"none":0.045781855593621405},"expressive":{"dir-action":0.00037950664705882356,"dir-explicit":0.1925474624117647,"dir-speech":0.5061281833529412,"indirect":0.19344514864705883,"writing-device":0.10749969894117647}},{"id":"반올림피자샵","permalink":"","username":"asdfg","text":"잘먹었습니다~양도 맛도 나쁘지 않네요","date":"Mon Dec 10 23:59:44 +0000 2018","retweets":"30","favorites":"20","mentions":[],"hashtags":[],"geo":"","raw":"잘먹었습니다~양도 맛도 나쁘지 않네요","polarity":{"com":0,"pos":0.5714285715238094,"neg":0.40476190480158736,"neut":0.023809523674603175,"none":0},"intensity":{"high":0.111111111,"low":0.07142857133333333,"meium":0.8174603176666667,"none":0},"expressive":{"dir-action":0,"dir-explicit":0.18253968233333331,"dir-speech":0.380952381,"indirect":0.43650793666666665,"writing-device":0}},{"id":"반올림피자샵","permalink":"","username":"asdfg","text":"리뷰가 좋아서 시켜봤는데 배달도 예상시간보다 빠르고, 친절하시네요. 그리고 무엇보다 맛있습니다!! 마약옥수수 부탁드린다구 썼는데 안왓네욤.. 다음에 부탁드려용~^^","date":"Mon Dec 10 23:59:44 +0000 2018","retweets":"30","favorites":"20","mentions":[],"hashtags":[],"geo":"","raw":"리뷰가 좋아서 시켜봤는데 배달도 예상시간보다 빠르고, 친절하시네요. 그리고 무엇보다 맛있습니다!! 마약옥수수 부탁드린다구 썼는데 안왓네욤.. 다음에 부탁드려용~^^","polarity":{"com":0.028176295906529425,"pos":0.4251675743249848,"neg":0.47664638632030487,"neut":0.034557927451403826,"none":0.03545181599677711},"intensity":{"high":0.20242141779977987,"low":0.058864937540103184,"meium":0.6939901740278192,"none":0.04472347063229787},"expressive":{"dir-action":0.008850973090104457,"dir-explicit":0.2263740780703296,"dir-speech":0.4193459521436958,"indirect":0.29603089970036084,"writing-device":0.04939809699550927}},{"id":"반올림피자샵","permalink":"","username":"asdfg","text":"빠른배달 그리고 잘먹었습니다","date":"Mon Dec 10 23:59:44 +0000 2018","retweets":"30","favorites":"20","mentions":[],"hashtags":[],"geo":"","raw":"빠른배달 그리고 잘먹었습니다","polarity":{"com":0,"pos":0.9047619049682539,"neg":0.07142857135714285,"neut":0.023809523674603175,"none":0},"intensity":{"high":0,"low":0.18253968233333331,"meium":0.8174603176666667,"none":0},"expressive":{"dir-action":0,"dir-explicit":0.07142857133333333,"dir-speech":0.380952381,"indirect":0.5476190476666667,"writing-device":0}},{"id":"반올림피자샵","permalink":"","username":"asdfg","text":"여기 진짜.맛있어요...리뷰 남긴다고 하면 마약옥수수 준다고 써있는데 안 주네요 이제 안 주는거면 문구를 지워야 할것 같아요","date":"Mon Dec 10 23:59:44 +0000 2018","retweets":"30","favorites":"20","mentions":[],"hashtags":[],"geo":"","raw":"여기 진짜.맛있어요...리뷰 남긴다고 하면 마약옥수수 준다고 써있는데 안 주네요 이제 안 주는거면 문구를 지워야 할것 같아요","polarity":{"com":0.005631207749999999,"pos":0.3250473934166666,"neg":0.5685142941666668,"neut":0.03036126691666666,"none":0.07044583774999999},"intensity":{"high":0.14204600922632565,"low":0.03873348024354442,"meium":0.746858963958857,"none":0.07236154657127308},"expressive":{"dir-action":0.010553037582453914,"dir-explicit":0.25669832522860847,"dir-speech":0.42277752254810186,"indirect":0.2332473649805627,"writing-device":0.07672374966027301}},{"id":"반올림피자샵","permalink":"","username":"asdfg","text":"맛있어요~~!! 세트로 시킬수있어서 좋아요 ","date":"Mon Dec 10 23:59:44 +0000 2018","retweets":"30","favorites":"20","mentions":[],"hashtags":[],"geo":"","raw":"맛있어요~~!! 세트로 시킬수있어서 좋아요 ","polarity":{"com":0,"pos":0.38999999999999996,"neg":0.3577777776666667,"neut":0.0055555556666666665,"none":0.24666666666666667},"intensity":{"high":0.08333333333333333,"low":0.018888889000000002,"meium":0.651111111,"none":0.24666666666666667},"expressive":{"dir-action":0,"dir-explicit":0.22777777766666665,"dir-speech":0.4555555556666666,"indirect":0.07,"writing-device":0.24666666666666667}},{"id":"반올림피자샵","permalink":"","username":"asdfg","text":"맛있었어요 파인애플 많아서 좋아요 어니언 측이한 소스는 은근히 중독되는 맛이에요","date":"Mon Dec 10 23:59:44 +0000 2018","retweets":"30","favorites":"20","mentions":[],"hashtags":[],"geo":"","raw":"맛있었어요 파인애플 많아서 좋아요 어니언 측이한 소스는 은근히 중독되는 맛이에요","polarity":{"com":0.002419354875302419,"pos":0.5181117121897639,"neg":0.43323025892915373,"neut":0.027823415503477923,"none":0.018415258502301905},"intensity":{"high":0.14155006789269378,"low":0.0764519467595565,"meium":0.7633139095954142,"none":0.01868407575233551},"expressive":{"dir-action":0.0008064516251008064,"dir-explicit":0.32430597304053826,"dir-speech":0.42233520342779185,"indirect":0.23215298640401913,"writing-device":0.02039938550254992}},{"id":"반올림피자샵","permalink":"","username":"asdfg","text":"맛있네요 잘먹었습니다~","date":"Mon Dec 10 23:59:44 +0000 2018","retweets":"30","favorites":"20","mentions":[],"hashtags":[],"geo":"","raw":"맛있네요 잘먹었습니다~","polarity":{"com":0,"pos":0.35714285717857136,"neg":0.6071428573035714,"neut":0.03571428551785714,"none":0},"intensity":{"high":0,"low":0.107142857,"meium":0.8928571430000001,"none":0},"expressive":{"dir-action":0,"dir-explicit":0.107142857,"dir-speech":0.5714285715,"indirect":0.3214285715,"writing-device":0}},{"id":"반올림피자샵","permalink":"","username":"asdfg","text":"맛있어용 ㅎㅎㅎㅎ 오늘 또 시켜먹어요 ㅎㅎ","date":"Mon Dec 10 23:59:44 +0000 2018","retweets":"30","favorites":"20","mentions":[],"hashtags":[],"geo":"","raw":"맛있어용 ㅎㅎㅎㅎ 오늘 또 시켜먹어요 ㅎㅎ","polarity":{"com":0,"pos":0.1587301586137566,"neg":0.6984126984338624,"neut":0,"none":0.14285714295238094},"intensity":{"high":0.037037037,"low":0.074074074,"meium":0.746031746,"none":0.142857143},"expressive":{"dir-action":0,"dir-explicit":0.12169312166666667,"dir-speech":0.687830688,"indirect":0,"writing-device":0.19047619033333332}},{"id":"반올림피자샵","permalink":"","username":"asdfg","text":"해당 리뷰는 배달통 운영 원칙에 따라 블라인드 처리 되었습니다.","date":"Mon Dec 10 23:59:44 +0000 2018","retweets":"30","favorites":"20","mentions":[],"hashtags":[],"geo":"","raw":"해당 리뷰는 배달통 운영 원칙에 따라 블라인드 처리 되었습니다.","polarity":{"com":0,"pos":0.4126984127063492,"neg":0.3075396826537698,"neut":0.2043650793521825,"none":0.07539682528769841},"intensity":{"high":0.035714285750000005,"low":0.08730158725,"meium":0.80158730175,"none":0.07539682525000001},"expressive":{"dir-action":0,"dir-explicit":0.44246031761061505,"dir-speech":0.2777777778194444,"indirect":0.20039682530009917,"writing-device":0.07936507926984127}},{"id":"반올림피자샵","permalink":"","username":"asdfg","text":"맛있어요 양도 적지않구요","date":"Mon Dec 10 23:59:44 +0000 2018","retweets":"30","favorites":"20","mentions":[],"hashtags":[],"geo":"","raw":"맛있어요 양도 적지않구요","polarity":{"com":0.0035714285,"pos":0.107142857,"neg":0.6642857145000001,"neut":0.007142857,"none":0.217857143},"intensity":{"high":0.0714285715,"low":0.057142857,"meium":0.6535714285,"none":0.217857143},"expressive":{"dir-action":0,"dir-explicit":0.09285714295357143,"dir-speech":0.649999999675,"indirect":0.042857142978571426,"writing-device":0.21428571439285712}},{"id":"반올림피자샵","permalink":"","username":"asdfg","text":"맛있게 잘먹었습니다  자주 시켜먹을께요~","date":"Mon Dec 10 23:59:44 +0000 2018","retweets":"30","favorites":"20","mentions":[],"hashtags":[],"geo":"","raw":"맛있게 잘먹었습니다  자주 시켜먹을께요~","polarity":{"com":0,"pos":0.34920634911640214,"neg":0.6269841272089948,"neut":0.023809523674603175,"none":0},"intensity":{"high":0.037037037,"low":0.14550264533333332,"meium":0.8174603176666667,"none":0},"expressive":{"dir-action":0,"dir-explicit":0.14550264533333332,"dir-speech":0.6402116403333333,"indirect":0.21428571433333332,"writing-device":0}},{"id":"반올림피자샵","permalink":"","username":"asdfg","text":"배달빠르고 요청사항 꼼꼼히 체크하심ㅋㅋ서비스 옥수수는 양은 적으나 마약임ㅋㅋ맛있음6번째 주문인데 늘 만족하나 도우가 씬이 없는게 아쉬움 ㅠㅠ 얇은 도우가 좋은데 너무 두꺼워서..조금은 부담이..도우가좀얇았으면 좋겠어요..오늘은 피자가 종이에 조금 붙어서 토핑이 흘러내려서 슬펐어요ㅠㅠ","date":"Mon Dec 10 23:59:44 +0000 2018","retweets":"30","favorites":"20","mentions":[],"hashtags":[],"geo":"","raw":"배달빠르고 요청사항 꼼꼼히 체크하심ㅋㅋ서비스 옥수수는 양은 적으나 마약임ㅋㅋ맛있음6번째 주문인데 늘 만족하나 도우가 씬이 없는게 아쉬움 ㅠㅠ 얇은 도우가 좋은데 너무 두꺼워서..조금은 부담이..도우가좀얇았으면 좋겠어요..오늘은 피자가 종이에 조금 붙어서 토핑이 흘러내려서 슬펐어요ㅠㅠ","polarity":{"com":0.013815993461538462,"pos":0.5159673546923076,"neg":0.3848138232692308,"neut":0.046652896461538466,"none":0.03874993211538461},"intensity":{"high":0.23216771765110272,"low":0.14119246971402963,"meium":0.5846659350899487,"none":0.04197387754491905},"expressive":{"dir-action":0.0001694340769230769,"dir-explicit":0.44779517980769223,"dir-speech":0.27359621538461537,"indirect":0.23918402919230772,"writing-device":0.03925514153846154}},{"id":"반올림피자샵","permalink":"","username":"asdfg","text":"불고기피자 맛있네요~^^","date":"Mon Dec 10 23:59:44 +0000 2018","retweets":"30","favorites":"20","mentions":[],"hashtags":[],"geo":"","raw":"불고기피자 맛있네요~^^","polarity":{"com":0,"pos":0,"neg":1,"neut":0,"none":0},"intensity":{"high":0,"low":0,"meium":1,"none":0},"expressive":{"dir-action":0,"dir-explicit":0,"dir-speech":1,"indirect":0,"writing-device":0}},{"id":"반올림피자샵","permalink":"","username":"asdfg","text":"맛있었어요  ㅎㅎ 담에  또시켜 먹을게요","date":"Mon Dec 10 23:59:44 +0000 2018","retweets":"30","favorites":"20","mentions":[],"hashtags":[],"geo":"","raw":"맛있었어요  ㅎㅎ 담에  또시켜 먹을게요","polarity":{"com":0,"pos":0.1587301586137566,"neg":0.6984126984338624,"neut":0,"none":0.14285714295238094},"intensity":{"high":0.037037037,"low":0.074074074,"meium":0.746031746,"none":0.142857143},"expressive":{"dir-action":0,"dir-explicit":0.12169312166666667,"dir-speech":0.687830688,"indirect":0,"writing-device":0.19047619033333332}},{"id":"반올림피자샵","permalink":"","username":"asdfg","text":"음..일단배달 40분걸린다고했는데 한시간정도 걸렸구요피자는 엄청맛있지도않지만 그렇다고맛없지는 않음~서비스로주신 마약옥수수도 그저그랬고 갈릭소스도 500원치고는 양이너무적고 맛도 일반갈릭소스맛이아니어서 몇번먹다말았어요~평이넘좋아서 기대가컷나봐요 재주문의사는 없을듯요ㅠ","date":"Mon Dec 10 23:59:44 +0000 2018","retweets":"30","favorites":"20","mentions":[],"hashtags":[],"geo":"","raw":"음..일단배달 40분걸린다고했는데 한시간정도 걸렸구요피자는 엄청맛있지도않지만 그렇다고맛없지는 않음~서비스로주신 마약옥수수도 그저그랬고 갈릭소스도 500원치고는 양이너무적고 맛도 일반갈릭소스맛이아니어서 몇번먹다말았어요~평이넘좋아서 기대가컷나봐요 재주문의사는 없을듯요ㅠ","polarity":{"com":0.0069360822227360055,"pos":0.45334316521876616,"neg":0.3631303088417133,"neut":0.03689868022495545,"none":0.13969176349182902},"intensity":{"high":0.10998398509889068,"low":0.14678191327998721,"meium":0.6026909120071084,"none":0.1405431896140137},"expressive":{"dir-action":0.025542784185185186,"dir-explicit":0.20211690892592596,"dir-speech":0.3789317642592593,"indirect":0.25078037259259256,"writing-device":0.14262817003703704}},{"id":"반올림피자샵","permalink":"","username":"asdfg","text":"잘먹었습니다 비오는날이었는데 배달 감사드려요","date":"Mon Dec 10 23:59:44 +0000 2018","retweets":"30","favorites":"20","mentions":[],"hashtags":[],"geo":"","raw":"잘먹었습니다 비오는날이었는데 배달 감사드려요","polarity":{"com":0.16666666672222222,"pos":0.5714285715238094,"neg":0.23809523807936508,"neut":0.023809523674603175,"none":0},"intensity":{"high":0,"low":0.07142857133333333,"meium":0.9285714286666668,"none":0},"expressive":{"dir-action":0,"dir-explicit":0.238095238,"dir-speech":0.5476190476666667,"indirect":0.21428571433333332,"writing-device":0}},{"id":"반올림피자샵","permalink":"","username":"asdfg","text":"세상에나 맛나네요 당분간 ㄱㄱ할게요","date":"Mon Dec 10 23:59:44 +0000 2018","retweets":"30","favorites":"20","mentions":[],"hashtags":[],"geo":"","raw":"세상에나 맛나네요 당분간 ㄱㄱ할게요","polarity":{"com":0.006451612999999999,"pos":0.493471582,"neg":0.4628008193333333,"neut":0.027956989333333335,"none":0.009318996333333334},"intensity":{"high":0.36207117233333336,"low":0.03870967733333333,"meium":0.589183308,"none":0.010035842333333333},"expressive":{"dir-action":0.0021505376666666664,"dir-explicit":0.17608806966666665,"dir-speech":0.39582693299999994,"indirect":0.4166154633333333,"writing-device":0.009318996333333333}},{"id":"반올림피자샵","permalink":"","username":"asdfg","text":"맛있었습니다 박스가 너무 커서 당황했어요.. 완전 잘먹었는데... 스파게티가 좀 맛이없어서 당황했어요 제일 기대했는데 ㅠㅠㅠㅠ그래도 맛있어서 젛았습니달","date":"Mon Dec 10 23:59:44 +0000 2018","retweets":"30","favorites":"20","mentions":[],"hashtags":[],"geo":"","raw":"맛있었습니다 박스가 너무 커서 당황했어요.. 완전 잘먹었는데... 스파게티가 좀 맛이없어서 당황했어요 제일 기대했는데 ㅠㅠㅠㅠ그래도 맛있어서 젛았습니달","polarity":{"com":0.0042409047692307696,"pos":0.3313016355384615,"neg":0.6284792096923077,"neut":0.021401807076923077,"none":0.014576442923076924},"intensity":{"high":0.11808853837553167,"low":0.20019698706152333,"meium":0.6623650592567412,"none":0.01934941530620389},"expressive":{"dir-action":0,"dir-explicit":0.4193177558461538,"dir-speech":0.36571546499999996,"indirect":0.1981498582307692,"writing-device":0.01681692092307692}},{"id":"반올림피자샵","permalink":"","username":"asdfg","text":"잘먹었습니다. 담에 리치골드 서비스 꼭 부탁드려요 ㅋㅋ","date":"Mon Dec 10 23:59:44 +0000 2018","retweets":"30","favorites":"20","mentions":[],"hashtags":[],"geo":"","raw":"잘먹었습니다. 담에 리치골드 서비스 꼭 부탁드려요 ㅋㅋ","polarity":{"com":0,"pos":0.8571428574285714,"neg":0.10714285705357143,"neut":0.035714285517857144,"none":0},"intensity":{"high":0,"low":0.607142857,"meium":0.392857143,"none":0},"expressive":{"dir-action":0,"dir-explicit":0.107142857,"dir-speech":0.0714285715,"indirect":0.8214285715,"writing-device":0}},{"id":"반올림피자샵","permalink":"","username":"asdfg","text":"피자는 반올림 ㅇㅈ합니다.괜히 메이져 피자에 돈쓰는거 보다 여기가 남","date":"Mon Dec 10 23:59:44 +0000 2018","retweets":"30","favorites":"20","mentions":[],"hashtags":[],"geo":"","raw":"피자는 반올림 ㅇㅈ합니다.괜히 메이져 피자에 돈쓰는거 보다 여기가 남","polarity":{"com":0.0027649770003949966,"pos":0.29765562132823653,"neg":0.658660668665523,"neut":0.02558700900365529,"none":0.015331724002190248},"intensity":{"high":0.024504425428571428,"low":0.05060346714285714,"meium":0.9092531637142857,"none":0.015638943714285713},"expressive":{"dir-action":0.000921659,"dir-explicit":0.2461012362857143,"dir-speech":0.4230414747142857,"indirect":0.24090776085714286,"writing-device":0.08902786914285714}},{"id":"반올림피자샵","permalink":"","username":"asdfg","text":"피자가 다른 빅사이즈피자들보다 맛있구요스파게티에도 내용물을 마니 넣어주네여 이제 반올림 마니 시켜먹을듯하네요 ","date":"Mon Dec 10 23:59:44 +0000 2018","retweets":"30","favorites":"20","mentions":[],"hashtags":[],"geo":"","raw":"피자가 다른 빅사이즈피자들보다 맛있구요스파게티에도 내용물을 마니 넣어주네여 이제 반올림 마니 시켜먹을듯하네요 ","polarity":{"com":0.0071436731250000005,"pos":0.23511496737499998,"neg":0.556988160625,"neut":0.145162787,"none":0.055590411875},"intensity":{"high":0.08426186275,"low":0.0762552925,"meium":0.7820808386250001,"none":0.057402006125},"expressive":{"dir-action":0.0018768768752346096,"dir-explicit":0.11627473738953434,"dir-speech":0.6201641859525205,"indirect":0.2062358942757795,"writing-device":0.05544830550693104}},{"id":"반올림피자샵","permalink":"","username":"asdfg","text":"배달해주신분 매우 시니컬 ㅋㅋ맛나보이네요매번 어플주문이라 골드티켓 쿠폰이 쌓이네요..매일 있단걸 잊어서 하하","date":"Mon Dec 10 23:59:44 +0000 2018","retweets":"30","favorites":"20","mentions":[],"hashtags":[],"geo":"","raw":"배달해주신분 매우 시니컬 ㅋㅋ맛나보이네요매번 어플주문이라 골드티켓 쿠폰이 쌓이네요..매일 있단걸 잊어서 하하","polarity":{"com":0.0056807964285714285,"pos":0.6071672061428571,"neg":0.2466061314285714,"neut":0.07423619228571429,"none":0.06630967371428571},"intensity":{"high":0.030409961290058567,"low":0.09498524087071217,"meium":0.8076657975439522,"none":0.06693900029527701},"expressive":{"dir-action":0.0006293265715184752,"dir-explicit":0.2122179267446026,"dir-speech":0.607727231943961,"indirect":0.11248651444464093,"writing-device":0.06693900029527701}},{"id":"반올림피자샵","permalink":"","username":"asdfg","text":"깔끔하고 맛있습니다!!","date":"Mon Dec 10 23:59:44 +0000 2018","retweets":"30","favorites":"20","mentions":[],"hashtags":[],"geo":"","raw":"깔끔하고 맛있습니다!!","polarity":{"com":0.012012012,"pos":0.3063063065,"neg":0.653153153,"neut":0.0165165165,"none":0.012012012},"intensity":{"high":0.057057057,"low":0.042042042,"meium":0.8873873875,"none":0.0135135135},"expressive":{"dir-action":0.0015015015000000005,"dir-explicit":0.15615615600000002,"dir-speech":0.5450450450000001,"indirect":0.28378378400000004,"writing-device":0.013513513500000003}},{"id":"반올림피자샵","permalink":"","username":"asdfg","text":"아 맛나네요.배달도 빠르고 배달원분도 친절하시고 너무 잘먹었네요 쿠폰도 조금 모아도 되고요ㅎ마약옥수수 맛나요.콜라가 없다는건 몰랐지만 그래도 만족해요.","date":"Mon Dec 10 23:59:44 +0000 2018","retweets":"30","favorites":"20","mentions":[],"hashtags":[],"geo":"","raw":"아 맛나네요.배달도 빠르고 배달원분도 친절하시고 너무 잘먹었네요 쿠폰도 조금 모아도 되고요ㅎ마약옥수수 맛나요.콜라가 없다는건 몰랐지만 그래도 만족해요.","polarity":{"com":0.017065152463253637,"pos":0.430776541247178,"neg":0.4159474055834772,"neut":0.03025605619394879,"none":0.10595484451214238},"intensity":{"high":0.16843736399999998,"low":0.12047908766666666,"meium":0.6049853346,"none":0.10609821373333335},"expressive":{"dir-action":0.00043010753321863797,"dir-explicit":0.3147419248494021,"dir-speech":0.3213910373809624,"indirect":0.25461155386543693,"writing-device":0.1088253763709799}},{"id":"반올림피자샵","permalink":"","username":"asdfg","text":"리뷰를약속합니다 하면마약옥수순가뭔ㄱ‥ 준대놓고안줌","date":"Mon Dec 10 23:59:44 +0000 2018","retweets":"30","favorites":"20","mentions":[],"hashtags":[],"geo":"","raw":"리뷰를약속합니다 하면마약옥수순가뭔ㄱ‥ 준대놓고안줌","polarity":{"com":0.012572513166666667,"pos":0.3423249305,"neg":0.4992146871666667,"neut":0.07835829083333333,"none":0.06752957833333333},"intensity":{"high":0.26171726978971377,"low":0.1212035476464661,"meium":0.5472754724087875,"none":0.06980371015503271},"expressive":{"dir-action":0.005114119998295294,"dir-explicit":0.19042162776985946,"dir-speech":0.3681177130439608,"indirect":0.34685674821771445,"writing-device":0.08948979097017007}},{"id":"반올림피자샵","permalink":"","username":"asdfg","text":"고기가 크고 씹는맛도있다 불고기추천","date":"Mon Dec 10 23:59:44 +0000 2018","retweets":"30","favorites":"20","mentions":[],"hashtags":[],"geo":"","raw":"고기가 크고 씹는맛도있다 불고기추천","polarity":{"com":0,"pos":0.52873563225,"neg":0.12068965525,"neut":0.35057471250000005,"none":0},"intensity":{"high":0.17816091950000001,"low":0.01724137925,"meium":0.7959770115,"none":0.00862068975},"expressive":{"dir-action":0,"dir-explicit":0.22126436775,"dir-speech":0.5344827585,"indirect":0.24425287375,"writing-device":0}},{"id":"반올림피자샵","permalink":"","username":"asdfg","text":"갈릭디핑소스 주문하는걸 깜빡했는데 그냥와서 좋네요!!피클도 국물없고 까기쉬워서 편하고..토핑이 푸짐한거같아요 맛있습니다 시켜드세여","date":"Mon Dec 10 23:59:44 +0000 2018","retweets":"30","favorites":"20","mentions":[],"hashtags":[],"geo":"","raw":"갈릭디핑소스 주문하는걸 깜빡했는데 그냥와서 좋네요!!피클도 국물없고 까기쉬워서 편하고..토핑이 푸짐한거같아요 맛있습니다 시켜드세여","polarity":{"com":0.006785113416666667,"pos":0.4290972125833333,"neg":0.4673032815833334,"neut":0.043108458000000016,"none":0.05370593441666667},"intensity":{"high":0.065499925,"low":0.052856869499999994,"meium":0.8265108521666665,"none":0.055132353333333335},"expressive":{"dir-action":0.0006173574166666667,"dir-explicit":0.278275665,"dir-speech":0.38040965025,"indirect":0.20120875575,"writing-device":0.13948857158333333}},{"id":"반올림피자샵","permalink":"","username":"asdfg","text":"통마늘불고기피자 맛있어요 마늘때문에 느끼한 맛도 없고 그렇다고 마늘 냄새도 심하게 나지 않고 조화가 좋네요 불고기도 잡내같은거 안나고 깔끔해요 이 집 갈릭소스 진짜 엄 청 엄청 맛있어요 오는지모르고 소스 하나 더 시켜서 두개로 먹었는데 시키기 잘 한 것 같네요 배달 스파게티랑 마약옥수수 누락된거 빠르게 가져다주시고 감사합니다 ~ 다만 마약옥수수에서 특유의 .. 그 향신료..? 겨드랑이냄새같은게.. ㅎ 먹을 땐 괜찮은 것 같지만ㅠㅠ 맛있게 피자 먼저 먹느라 사진이 없네요 또 시킬게요","date":"Mon Dec 10 23:59:44 +0000 2018","retweets":"30","favorites":"20","mentions":[],"hashtags":[],"geo":"","raw":"통마늘불고기피자 맛있어요 마늘때문에 느끼한 맛도 없고 그렇다고 마늘 냄새도 심하게 나지 않고 조화가 좋네요 불고기도 잡내같은거 안나고 깔끔해요 이 집 갈릭소스 진짜 엄 청 엄청 맛있어요 오는지모르고 소스 하나 더 시켜서 두개로 먹었는데 시키기 잘 한 것 같네요 배달 스파게티랑 마약옥수수 누락된거 빠르게 가져다주시고 감사합니다 ~ 다만 마약옥수수에서 특유의 .. 그 향신료..? 겨드랑이냄새같은게.. ㅎ 먹을 땐 괜찮은 것 같지만ㅠㅠ 맛있게 피자 먼저 먹느라 사진이 없네요 또 시킬게요","polarity":{"com":0.0055945835244405415,"pos":0.37984675898701536,"neg":0.42439641490756036,"neut":0.07244850849275515,"none":0.11771373408822862},"intensity":{"high":0.18875169379056245,"low":0.08662463299566878,"meium":0.6057495708197124,"none":0.11887410239405632},"expressive":{"dir-action":0.000737806775,"dir-explicit":0.19743182857500002,"dir-speech":0.36531049480000005,"indirect":0.2834107385000001,"writing-device":0.15310913135}},{"id":"반올림피자샵","permalink":"","username":"asdfg","text":"맛있었어요 담에또 주문할께요 ","date":"Mon Dec 10 23:59:44 +0000 2018","retweets":"30","favorites":"20","mentions":[],"hashtags":[],"geo":"","raw":"맛있었어요 담에또 주문할께요 ","polarity":{"com":0.006451612997849463,"pos":0.21966205826011267,"neg":0.5937532001354157,"neut":0.02795698932401434,"none":0.15217613928260798},"intensity":{"high":0.046594982,"low":0.03870967733333333,"meium":0.7618023553333333,"none":0.15289298533333334},"expressive":{"dir-action":0.002150537666666667,"dir-explicit":0.15227854600000001,"dir-speech":0.526779314,"indirect":0.11899641566666667,"writing-device":0.19979518666666665}},{"id":"반올림피자샵","permalink":"","username":"asdfg","text":"항상 맛있게 먹고있습니다.","date":"Mon Dec 10 23:59:44 +0000 2018","retweets":"30","favorites":"20","mentions":[],"hashtags":[],"geo":"","raw":"항상 맛있게 먹고있습니다.","polarity":{"com":0,"pos":0.6666666665000001,"neg":0.3333333335,"neut":0,"none":0},"intensity":{"high":0.0555555555,"low":0.111111111,"meium":0.8333333334999999,"none":0},"expressive":{"dir-action":0,"dir-explicit":0.361111111,"dir-speech":0.638888889,"indirect":0,"writing-device":0}},{"id":"반올림피자샵","permalink":"","username":"asdfg","text":"진짜 짱맛있어요 짱맛있네요 마약옥수수도 대박ㅠㅠ 하리보도 챙겨주시고 소스도 짱맛있어요ㅋㅋㅋㅠㅠ 진짜 감사합니다 자주 시켜먹을게요!!!","date":"Mon Dec 10 23:59:44 +0000 2018","retweets":"30","favorites":"20","mentions":[],"hashtags":[],"geo":"","raw":"진짜 짱맛있어요 짱맛있네요 마약옥수수도 대박ㅠㅠ 하리보도 챙겨주시고 소스도 짱맛있어요ㅋㅋㅋㅠㅠ 진짜 감사합니다 자주 시켜먹을게요!!!","polarity":{"com":0.0015873015555555555,"pos":0.19576719566666664,"neg":0.5915343916666668,"neut":0.1142857142222222,"none":0.09682539688888889},"intensity":{"high":0.266313933,"low":0.16119929444444445,"meium":0.4756613756666667,"none":0.09682539688888889},"expressive":{"dir-action":0,"dir-explicit":0.06596119931867529,"dir-speech":0.5975308640894376,"indirect":0.2412698412797178,"writing-device":0.09523809531216931}},{"id":"반올림피자샵","permalink":"","username":"asdfg","text":"늦게까지안해서 아시워요ㅠ","date":"Mon Dec 10 23:59:44 +0000 2018","retweets":"30","favorites":"20","mentions":[],"hashtags":[],"geo":"","raw":"늦게까지안해서 아시워요ㅠ","polarity":{"com":0,"pos":0,"neg":1,"neut":0,"none":0},"intensity":{"high":0,"low":0,"meium":1,"none":0},"expressive":{"dir-action":0,"dir-explicit":0,"dir-speech":0,"indirect":1,"writing-device":0}}]