[{"id":"피자타임CESCO","permalink":"","username":"asdfg","text":"맛있어요 피자 굿굿굿","date":"Mon Dec 10 23:59:44 +0000 2018","retweets":"30","favorites":"20","mentions":[],"hashtags":[],"geo":"","raw":"맛있어요 피자 굿굿굿","polarity":{"com":0,"pos":0.6666666666666666,"neg":0.3333333333333333,"neut":0,"none":0},"intensity":{"high":0,"low":0,"meium":1,"none":0},"expressive":{"dir-action":0,"dir-explicit":0,"dir-speech":0.3333333333333333,"indirect":0.6666666666666666,"writing-device":0}},{"id":"피자타임CESCO","permalink":"","username":"asdfg","text":"로제누들떡볶이 맛있어요","date":"Mon Dec 10 23:59:44 +0000 2018","retweets":"30","favorites":"20","mentions":[],"hashtags":[],"geo":"","raw":"로제누들떡볶이 맛있어요","polarity":{"com":0,"pos":0,"neg":1,"neut":0,"none":0},"intensity":{"high":0,"low":0,"meium":1,"none":0},"expressive":{"dir-action":0,"dir-explicit":0,"dir-speech":1,"indirect":0,"writing-device":0}},{"id":"피자타임CESCO","permalink":"","username":"asdfg","text":"간만에먹으니까 좋았음요","date":"Mon Dec 10 23:59:44 +0000 2018","retweets":"30","favorites":"20","mentions":[],"hashtags":[],"geo":"","raw":"간만에먹으니까 좋았음요","polarity":{"com":0,"pos":0.6266666665,"neg":0.3533333335,"neut":0,"none":0.02},"intensity":{"high":0.1555555555,"low":0.131111111,"meium":0.6933333335,"none":0.02},"expressive":{"dir-action":0,"dir-explicit":0.411111111,"dir-speech":0.48888888900000005,"indirect":0.08,"writing-device":0.02}},{"id":"피자타임CESCO","permalink":"","username":"asdfg","text":"맛있게 잘 먹었습니다~","date":"Mon Dec 10 23:59:44 +0000 2018","retweets":"30","favorites":"20","mentions":[],"hashtags":[],"geo":"","raw":"맛있게 잘 먹었습니다~","polarity":{"com":0,"pos":0.35714285717857136,"neg":0.6071428573035714,"neut":0.03571428551785714,"none":0},"intensity":{"high":0,"low":0.107142857,"meium":0.8928571430000001,"none":0},"expressive":{"dir-action":0,"dir-explicit":0.107142857,"dir-speech":0.5714285715,"indirect":0.3214285715,"writing-device":0}},{"id":"피자타임CESCO","permalink":"","username":"asdfg","text":"시장피자같은 너낌적인 너낌. 오랜만에 먹는 맛이었음 ㅋㅋㅋ","date":"Mon Dec 10 23:59:44 +0000 2018","retweets":"30","favorites":"20","mentions":[],"hashtags":[],"geo":"","raw":"시장피자같은 너낌적인 너낌. 오랜만에 먹는 맛이었음 ㅋㅋㅋ","polarity":{"com":0.025974026,"pos":0.5599876314285714,"neg":0.33982683985714285,"neut":0.020408163285714286,"none":0.05380333942857143},"intensity":{"high":0.042465470869275844,"low":0.1183261181766646,"meium":0.7854050715101157,"none":0.053803339443943804},"expressive":{"dir-action":0,"dir-explicit":0.19810348385714285,"dir-speech":0.46701710999999996,"indirect":0.2742733457142857,"writing-device":0.060606060428571425}},{"id":"피자타임CESCO","permalink":"","username":"asdfg","text":"로제 떡볶이 : 중상맵기: 적당함(불닭 못먹음)피자: 중~하 (콤비네이션)특이사항: 리츠델리와 같은 계열사로 보임 포장지가 리츠델리 포장지재구매 의사 : 모르겠음","date":"Mon Dec 10 23:59:44 +0000 2018","retweets":"30","favorites":"20","mentions":[],"hashtags":[],"geo":"","raw":"로제 떡볶이 : 중상맵기: 적당함(불닭 못먹음)피자: 중~하 (콤비네이션)특이사항: 리츠델리와 같은 계열사로 보임 포장지가 리츠델리 포장지재구매 의사 : 모르겠음","polarity":{"com":0.045454545454545456,"pos":0.32399435772727275,"neg":0.5082397003636363,"neut":0.028206624818181814,"none":0.09410477163636365},"intensity":{"high":0.04581326909507394,"low":0.06521961182411087,"meium":0.7948623474358966,"none":0.09410477164491862},"expressive":{"dir-action":0,"dir-explicit":0.35595359696764056,"dir-speech":0.13888078216919264,"indirect":0.3954958898731368,"writing-device":0.10966973099003002}},{"id":"피자타임CESCO","permalink":"","username":"asdfg","text":"로제 떡볶이 겁나 매워요 ㅋㅋ","date":"Mon Dec 10 23:59:44 +0000 2018","retweets":"30","favorites":"20","mentions":[],"hashtags":[],"geo":"","raw":"로제 떡볶이 겁나 매워요 ㅋㅋ","polarity":{"com":0,"pos":0,"neg":0,"neut":1,"none":0},"intensity":{"high":0,"low":0,"meium":1,"none":0},"expressive":{"dir-action":0,"dir-explicit":0,"dir-speech":0,"indirect":1,"writing-device":0}},{"id":"피자타임CESCO","permalink":"","username":"asdfg","text":"생각보다 맛있고 다시 시키고싶은집","date":"Mon Dec 10 23:59:44 +0000 2018","retweets":"30","favorites":"20","mentions":[],"hashtags":[],"geo":"","raw":"생각보다 맛있고 다시 시키고싶은집","polarity":{"com":0,"pos":0.482142857,"neg":0.373015873,"neut":0.08333333333333333,"none":0.06150793666666666},"intensity":{"high":0.07539682533333332,"low":0.138888889,"meium":0.724206349,"none":0.06150793666666666},"expressive":{"dir-action":0,"dir-explicit":0.17261904766666666,"dir-speech":0.724206349,"indirect":0.041666666666666664,"writing-device":0.06150793666666666}},{"id":"피자타임CESCO","permalink":"","username":"asdfg","text":"언제먹어도맛있는 페페로니","date":"Mon Dec 10 23:59:44 +0000 2018","retweets":"30","favorites":"20","mentions":[],"hashtags":[],"geo":"","raw":"언제먹어도맛있는 페페로니","polarity":{"com":0,"pos":0,"neg":1,"neut":0,"none":0},"intensity":{"high":0.5,"low":0,"meium":0.5,"none":0},"expressive":{"dir-action":0,"dir-explicit":0,"dir-speech":1,"indirect":0,"writing-device":0}},{"id":"피자타임CESCO","permalink":"","username":"asdfg","text":"전화를왜안받으시죠?쿠폰을썻는데도 6500원을더긁으셨네요 빨리처리해주세요.","date":"Mon Dec 10 23:59:44 +0000 2018","retweets":"30","favorites":"20","mentions":[],"hashtags":[],"geo":"","raw":"전화를왜안받으시죠?쿠폰을썻는데도 6500원을더긁으셨네요 빨리처리해주세요.","polarity":{"com":0.005767979999999999,"pos":0.7682415134285714,"neg":0.20014807428571424,"neut":0.020561575428571427,"none":0.005280856857142859},"intensity":{"high":0.06870372671428572,"low":0.06146330657142857,"meium":0.8642448901428572,"none":0.005588076571428573},"expressive":{"dir-action":0.0030666611432952373,"dir-explicit":0.32318954904616987,"dir-speech":0.33042028204720286,"indirect":0.3371846500481692,"writing-device":0.006138857715162697}},{"id":"피자타임CESCO","permalink":"","username":"asdfg","text":"잘먹었습니다 다음에도 맛있게 ","date":"Mon Dec 10 23:59:44 +0000 2018","retweets":"30","favorites":"20","mentions":[],"hashtags":[],"geo":"","raw":"잘먹었습니다 다음에도 맛있게 ","polarity":{"com":0.0023809523341269843,"pos":0.3095238094365079,"neg":0.5142857145047619,"neut":0.028571428342857145,"none":0.14523809538174604},"intensity":{"high":0.04761904766666666,"low":0.10952380933333332,"meium":0.6976190476666666,"none":0.14523809533333332},"expressive":{"dir-action":0,"dir-explicit":0.13333333328888888,"dir-speech":0.48095238083968256,"indirect":0.24285714291904759,"writing-device":0.14285714295238094}},{"id":"피자타임CESCO","permalink":"","username":"asdfg","text":"피자는역시 여기지리지요","date":"Mon Dec 10 23:59:44 +0000 2018","retweets":"30","favorites":"20","mentions":[],"hashtags":[],"geo":"","raw":"피자는역시 여기지리지요","polarity":{"com":0,"pos":0.4087301587043651,"neg":0.5039682542519841,"neut":0.04761904752380952,"none":0.03968253951984128},"intensity":{"high":0.015873016000000004,"low":0.11904761900000001,"meium":0.8253968255,"none":0.03968253950000001},"expressive":{"dir-action":0,"dir-explicit":0.0793650795,"dir-speech":0.8333333334999999,"indirect":0.0396825395,"writing-device":0.0476190475}},{"id":"피자타임CESCO","permalink":"","username":"asdfg","text":"피자 너무맛나요 또먹어야징","date":"Mon Dec 10 23:59:44 +0000 2018","retweets":"30","favorites":"20","mentions":[],"hashtags":[],"geo":"","raw":"피자 너무맛나요 또먹어야징","polarity":{"com":0.0714285714642857,"pos":0.1428571429285714,"neg":0.5714285712142857,"neut":0,"none":0.21428571439285712},"intensity":{"high":0.0714285715,"low":0.0714285715,"meium":0.6428571425,"none":0.2142857145},"expressive":{"dir-action":0,"dir-explicit":0.357142857,"dir-speech":0.285714286,"indirect":0.0714285715,"writing-device":0.2857142855}},{"id":"피자타임CESCO","permalink":"","username":"asdfg","text":"맛있음 매우우우으우우우우","date":"Mon Dec 10 23:59:44 +0000 2018","retweets":"30","favorites":"20","mentions":[],"hashtags":[],"geo":"","raw":"맛있음 매우우우으우우우우","polarity":{"com":0,"pos":0.5,"neg":0.5,"neut":0,"none":0},"intensity":{"high":0.5,"low":0,"meium":0.5,"none":0},"expressive":{"dir-action":0,"dir-explicit":0.1666666665,"dir-speech":0.5,"indirect":0.3333333335,"writing-device":0}},{"id":"피자타임CESCO","permalink":"","username":"asdfg","text":"처음시켜봣는데 나쁘지않았어요 굿","date":"Mon Dec 10 23:59:44 +0000 2018","retweets":"30","favorites":"20","mentions":[],"hashtags":[],"geo":"","raw":"처음시켜봣는데 나쁘지않았어요 굿","polarity":{"com":0.035714285741071425,"pos":0.6821428570794643,"neg":0.1630952382092262,"neut":0,"none":0.11904761897023809},"intensity":{"high":0.09166666675,"low":0.05,"meium":0.73928571425,"none":0.119047619},"expressive":{"dir-action":0,"dir-explicit":0.22142857144464287,"dir-speech":0.1988095239502976,"indirect":0.4607142856348214,"writing-device":0.11904761897023809}},{"id":"피자타임CESCO","permalink":"","username":"asdfg","text":"크기도 크고 맛있어요~","date":"Mon Dec 10 23:59:44 +0000 2018","retweets":"30","favorites":"20","mentions":[],"hashtags":[],"geo":"","raw":"크기도 크고 맛있어요~","polarity":{"com":0,"pos":0.5,"neg":0.5,"neut":0,"none":0},"intensity":{"high":0,"low":0,"meium":1,"none":0},"expressive":{"dir-action":0,"dir-explicit":0.5,"dir-speech":0.5,"indirect":0,"writing-device":0}},{"id":"피자타임CESCO","permalink":"","username":"asdfg","text":"맛나요ㆍ오ㆍㅇㆍㅇㆍ옹오오오","date":"Mon Dec 10 23:59:44 +0000 2018","retweets":"30","favorites":"20","mentions":[],"hashtags":[],"geo":"","raw":"맛나요ㆍ오ㆍㅇㆍㅇㆍ옹오오오","polarity":{"com":0,"pos":0.75,"neg":0,"neut":0.25,"none":0},"intensity":{"high":0,"low":0,"meium":1,"none":0},"expressive":{"dir-action":0,"dir-explicit":0,"dir-speech":0.75,"indirect":0.25,"writing-device":0}},{"id":"피자타임CESCO","permalink":"","username":"asdfg","text":"ㅠㅠㅠㅠㅜㅜㅜㅜㅜㅝㅓ","date":"Mon Dec 10 23:59:44 +0000 2018","retweets":"30","favorites":"20","mentions":[],"hashtags":[],"geo":"","raw":"ㅠㅠㅠㅠㅜㅜㅜㅜㅜㅝㅓ","polarity":{"com":null,"pos":null,"neg":null,"neut":null,"none":null},"intensity":{"high":null,"low":null,"meium":null,"none":null},"expressive":{"dir-action":null,"dir-explicit":null,"dir-speech":null,"indirect":null,"writing-device":null}},{"id":"피자타임CESCO","permalink":"","username":"asdfg","text":"상위 업체들이 다 같은거 같은데...","date":"Mon Dec 10 23:59:44 +0000 2018","retweets":"30","favorites":"20","mentions":[],"hashtags":[],"geo":"","raw":"상위 업체들이 다 같은거 같은데...","polarity":{"com":0,"pos":0.5,"neg":0.5,"neut":0,"none":0},"intensity":{"high":0,"low":0,"meium":1,"none":0},"expressive":{"dir-action":0,"dir-explicit":0,"dir-speech":0.5,"indirect":0,"writing-device":0.5}},{"id":"피자타임CESCO","permalink":"","username":"asdfg","text":"첨엔 24시간이라 별로믿음안갔는데 이젠 낮에도 여기서 시켜먹어요~ 굿","date":"Mon Dec 10 23:59:44 +0000 2018","retweets":"30","favorites":"20","mentions":[],"hashtags":[],"geo":"","raw":"첨엔 24시간이라 별로믿음안갔는데 이젠 낮에도 여기서 시켜먹어요~ 굿","polarity":{"com":0.004288382001225253,"pos":0.36914765896261365,"neg":0.37346938796384843,"neut":0.07633720145038207,"none":0.1767573696219307},"intensity":{"high":0.05902360943700336,"low":0.1889955981698565,"meium":0.5752234227964605,"none":0.1767573695966796},"expressive":{"dir-action":0,"dir-explicit":0.14070961726561293,"dir-speech":0.4448179272221689,"indirect":0.23366679996661907,"writing-device":0.18080565554559921}},{"id":"피자타임CESCO","permalink":"","username":"asdfg","text":"잘먹었습니다!!!!!","date":"Mon Dec 10 23:59:44 +0000 2018","retweets":"30","favorites":"20","mentions":[],"hashtags":[],"geo":"","raw":"잘먹었습니다!!!!!","polarity":{"com":0,"pos":0.7142857147142857,"neg":0.21428571421428572,"neut":0.07142857107142857,"none":0},"intensity":{"high":0,"low":0.214285714,"meium":0.785714286,"none":0},"expressive":{"dir-action":0,"dir-explicit":0.214285714,"dir-speech":0.142857143,"indirect":0.642857143,"writing-device":0}},{"id":"피자타임CESCO","permalink":"","username":"asdfg","text":"먹을만해요ㅎ 피클이 좀 적어서 아쉽네요","date":"Mon Dec 10 23:59:44 +0000 2018","retweets":"30","favorites":"20","mentions":[],"hashtags":[],"geo":"","raw":"먹을만해요ㅎ 피클이 좀 적어서 아쉽네요","polarity":{"com":0.010279001333333336,"pos":0.2550171316666667,"neg":0.7023984336666668,"neut":0.02936857566666667,"none":0.0029368576666666674},"intensity":{"high":0.07227932769075977,"low":0.11812693737270896,"meium":0.8051884486017294,"none":0.004405286334801761},"expressive":{"dir-action":0.0014684286671561425,"dir-explicit":0.21210637940403543,"dir-speech":0.3796704194598901,"indirect":0.4023494861341165,"writing-device":0.004405286334801761}},{"id":"피자타임CESCO","permalink":"","username":"asdfg","text":"왠만한 대형피자전문점보다 맛있네요~ 내스타일","date":"Mon Dec 10 23:59:44 +0000 2018","retweets":"30","favorites":"20","mentions":[],"hashtags":[],"geo":"","raw":"왠만한 대형피자전문점보다 맛있네요~ 내스타일","polarity":{"com":0,"pos":0.5,"neg":0.5,"neut":0,"none":0},"intensity":{"high":0.5,"low":0,"meium":0.5,"none":0},"expressive":{"dir-action":0,"dir-explicit":0,"dir-speech":0.5,"indirect":0.5,"writing-device":0}},{"id":"피자타임CESCO","permalink":"","username":"asdfg","text":"맛잇엇어요맛있엇어요","date":"Mon Dec 10 23:59:44 +0000 2018","retweets":"30","favorites":"20","mentions":[],"hashtags":[],"geo":"","raw":"맛잇엇어요맛있엇어요","polarity":{"com":0,"pos":1,"neg":0,"neut":0,"none":0},"intensity":{"high":0,"low":0,"meium":1,"none":0},"expressive":{"dir-action":0,"dir-explicit":0,"dir-speech":1,"indirect":0,"writing-device":0}},{"id":"피자타임CESCO","permalink":"","username":"asdfg","text":"ㅡ                                                                                        ","date":"Mon Dec 10 23:59:44 +0000 2018","retweets":"30","favorites":"20","mentions":[],"hashtags":[],"geo":"","raw":"ㅡㅡㅡㅡㅡㅡㅡㅡㅡㅡㅡㅡㅡㅡㅡㅡㅡㅡㅡㅡㅡㅡ                                                                                        ","polarity":{"com":null,"pos":null,"neg":null,"neut":null,"none":null},"intensity":{"high":null,"low":null,"meium":null,"none":null},"expressive":{"dir-action":null,"dir-explicit":null,"dir-speech":null,"indirect":null,"writing-device":null}},{"id":"피자타임CESCO","permalink":"","username":"asdfg","text":"자주시켜먹습니다^^","date":"Mon Dec 10 23:59:44 +0000 2018","retweets":"30","favorites":"20","mentions":[],"hashtags":[],"geo":"","raw":"자주시켜먹습니다^^","polarity":{"com":0,"pos":0.38888888850000003,"neg":0.6111111115,"neut":0,"none":0},"intensity":{"high":0.13888888893055554,"low":0.13888888893055554,"meium":0.7222222221388889,"none":0},"expressive":{"dir-action":0.027777778,"dir-explicit":0.3055555555,"dir-speech":0.5,"indirect":0.1666666665,"writing-device":0}},{"id":"피자타임CESCO","permalink":"","username":"asdfg","text":"ㅡㅡ???왜 리츠델리피자가옴","date":"Mon Dec 10 23:59:44 +0000 2018","retweets":"30","favorites":"20","mentions":[],"hashtags":[],"geo":"","raw":"ㅡㅡ???왜 리츠델리피자가옴","polarity":{"com":0.054383116999999995,"pos":0.5008116885,"neg":0.3685064935,"neut":0.0401785715,"none":0.0361201295},"intensity":{"high":0.10308441555154221,"low":0.12175324656087662,"meium":0.7345779223672889,"none":0.04058441552029221},"expressive":{"dir-action":0,"dir-explicit":0.3238636365,"dir-speech":0.2017045455,"indirect":0.4383116885,"writing-device":0.0361201295}},{"id":"피자타임CESCO","permalink":"","username":"asdfg","text":"너무맛잇어요 다시시켜먹을게여","date":"Mon Dec 10 23:59:44 +0000 2018","retweets":"30","favorites":"20","mentions":[],"hashtags":[],"geo":"","raw":"너무맛잇어요 다시시켜먹을게여","polarity":{"com":0.035714285741071425,"pos":0.3580586079104853,"neg":0.5320512821169872,"neut":0.03846153849038462,"none":0.03571428574107142},"intensity":{"high":0.1184371185,"low":0.148962149,"meium":0.69688644675,"none":0.03571428574999999},"expressive":{"dir-action":0,"dir-explicit":0.311050061,"dir-speech":0.6175213675,"indirect":0.035714285750000005,"writing-device":0.035714285750000005}},{"id":"피자타임CESCO","permalink":"","username":"asdfg","text":"쏘쏘 sosososososo","date":"Mon Dec 10 23:59:44 +0000 2018","retweets":"30","favorites":"20","mentions":[],"hashtags":[],"geo":"","raw":"쏘쏘 sosososososo","polarity":{"com":null,"pos":null,"neg":null,"neut":null,"none":null},"intensity":{"high":null,"low":null,"meium":null,"none":null},"expressive":{"dir-action":null,"dir-explicit":null,"dir-speech":null,"indirect":null,"writing-device":null}},{"id":"피자타임CESCO","permalink":"","username":"asdfg","text":"맛잇네요 맨날시켜먹어야지","date":"Mon Dec 10 23:59:44 +0000 2018","retweets":"30","favorites":"20","mentions":[],"hashtags":[],"geo":"","raw":"맛잇네요 맨날시켜먹어야지","polarity":{"com":0,"pos":0.6666666665000001,"neg":0.3333333335,"neut":0,"none":0},"intensity":{"high":0.0555555555,"low":0.111111111,"meium":0.8333333334999999,"none":0},"expressive":{"dir-action":0,"dir-explicit":0.111111111,"dir-speech":0.888888889,"indirect":0,"writing-device":0}},{"id":"피자타임CESCO","permalink":"","username":"asdfg","text":"배달 맛 서비스 아주 좋아요","date":"Mon Dec 10 23:59:44 +0000 2018","retweets":"30","favorites":"20","mentions":[],"hashtags":[],"geo":"","raw":"배달 맛 서비스 아주 좋아요","polarity":{"com":0,"pos":0.9733333333333333,"neg":0.013333333333333334,"neut":0,"none":0.013333333333333334},"intensity":{"high":0.06666666666666667,"low":0.3466666666666667,"meium":0.5733333333333334,"none":0.013333333333333334},"expressive":{"dir-action":0,"dir-explicit":0.19999999999999998,"dir-speech":0.39999999999999997,"indirect":0.38666666666666666,"writing-device":0.013333333333333334}},{"id":"피자타임CESCO","permalink":"","username":"asdfg","text":"배달 맛 서비스 아주 좋아요","date":"Mon Dec 10 23:59:44 +0000 2018","retweets":"30","favorites":"20","mentions":[],"hashtags":[],"geo":"","raw":"배달 맛 서비스 아주 좋아요","polarity":{"com":0,"pos":0.9733333333333333,"neg":0.013333333333333334,"neut":0,"none":0.013333333333333334},"intensity":{"high":0.06666666666666667,"low":0.3466666666666667,"meium":0.5733333333333334,"none":0.013333333333333334},"expressive":{"dir-action":0,"dir-explicit":0.19999999999999998,"dir-speech":0.39999999999999997,"indirect":0.38666666666666666,"writing-device":0.013333333333333334}},{"id":"피자타임CESCO","permalink":"","username":"asdfg","text":"종종 새벽에 피자 먹고싶으면 시키는곳이에요. 도우빵이특이해요. 근데 전체적으로 좀 짜요.","date":"Mon Dec 10 23:59:44 +0000 2018","retweets":"30","favorites":"20","mentions":[],"hashtags":[],"geo":"","raw":"종종 새벽에 피자 먹고싶으면 시키는곳이에요. 도우빵이특이해요. 근데 전체적으로 좀 짜요.","polarity":{"com":0.03733356116044441,"pos":0.49924435675012596,"neg":0.3258535947790244,"neut":0.05882151265686307,"none":0.07874697465354216},"intensity":{"high":0.11102445651850408,"low":0.09746592634957767,"meium":0.7116700051186118,"none":0.07983961201330661},"expressive":{"dir-action":0.0018094831666666665,"dir-explicit":0.3393353198333333,"dir-speech":0.4722724856666667,"indirect":0.1082919985,"writing-device":0.07829071283333333}},{"id":"피자타임CESCO","permalink":"","username":"asdfg","text":"치킨은 완전 마싯게 먹엇구요 피자는 딱 그냥 그런 보통입니다","date":"Mon Dec 10 23:59:44 +0000 2018","retweets":"30","favorites":"20","mentions":[],"hashtags":[],"geo":"","raw":"치킨은 완전 마싯게 먹엇구요 피자는 딱 그냥 그런 보통입니다","polarity":{"com":0.009956242502489061,"pos":0.26475335881618833,"neg":0.5862590801465648,"neut":0.05515991701378998,"none":0.08387140152096785},"intensity":{"high":0.06522298178261149,"low":0.11384695105692347,"meium":0.7370586656185293,"none":0.0838714015419357},"expressive":{"dir-action":0,"dir-explicit":0.21205431349999998,"dir-speech":0.60715077,"indirect":0.08805330025,"writing-device":0.09274161624999999}},{"id":"피자타임CESCO","permalink":"","username":"asdfg","text":"피자 치킨 세트 ㅈㄴ 알참 맛있어여 근데 매운 양념으로도 세트 있우면 좋겠네요","date":"Mon Dec 10 23:59:44 +0000 2018","retweets":"30","favorites":"20","mentions":[],"hashtags":[],"geo":"","raw":"피자 치킨 세트 ㅈㄴ 알참 맛있어여 근데 매운 양념으로도 세트 있우면 좋겠네요","polarity":{"com":0.038108766009527194,"pos":0.46793831161698457,"neg":0.22459415605614855,"neut":0.02386363625596591,"none":0.2454951300613738},"intensity":{"high":0.06960227275,"low":0.303327922,"meium":0.38157467525,"none":0.24549513},"expressive":{"dir-action":0,"dir-explicit":0.23189935044202514,"dir-speech":0.31952110392011973,"indirect":0.20487012994878245,"writing-device":0.24370941568907264}},{"id":"피자타임CESCO","permalink":"","username":"asdfg","text":"치킨은 갠찮다. 델리치킨집맛.  피자는 여전히 빵이 짜다.","date":"Mon Dec 10 23:59:44 +0000 2018","retweets":"30","favorites":"20","mentions":[],"hashtags":[],"geo":"","raw":"치킨은 갠찮다. 델리치킨집맛.  피자는 여전히 빵이 짜다.","polarity":{"com":0.009557231401911448,"pos":0.4638792592927759,"neg":0.40155743528031157,"neut":0.04344842540868969,"none":0.08155764861631154},"intensity":{"high":0.1049764210209953,"low":0.13450274302690055,"meium":0.6780821301356165,"none":0.08243870581648775},"expressive":{"dir-action":0.0008810571999999999,"dir-explicit":0.25451698899999997,"dir-speech":0.5745872934,"indirect":0.0844013514,"writing-device":0.085613309}},{"id":"피자타임CESCO","permalink":"","username":"asdfg","text":"고구마피자에  고구마 무스 많이 올려달라고 부탁드렸는데 정말 많이 주셨어요~ 달달한거 좋아하는데 덕분에 맛있게 잘 먹었습니다!","date":"Mon Dec 10 23:59:44 +0000 2018","retweets":"30","favorites":"20","mentions":[],"hashtags":[],"geo":"","raw":"고구마피자에  고구마 무스 많이 올려달라고 부탁드렸는데 정말 많이 주셨어요~ 달달한거 좋아하는데 덕분에 맛있게 잘 먹었습니다!","polarity":{"com":0.0016420361430917192,"pos":0.3884940181983563,"neg":0.5103057316443294,"neut":0.0359293141479899,"none":0.0636288998662327},"intensity":{"high":0.08784893270173587,"low":0.1280397216959943,"meium":0.7188404096115942,"none":0.06527093599067559},"expressive":{"dir-action":0.0016420361430917194,"dir-explicit":0.22820392517545773,"dir-speech":0.42317225748902465,"indirect":0.20699820160099974,"writing-device":0.1399835795914262}},{"id":"피자타임CESCO","permalink":"","username":"asdfg","text":"갈릭 포테이토 골드 맛있어요!! 진짜 막 갈릭향이 너무 심하게  느껴지는게 아니라 은은하게 느껴지고 감자랑 은근히 잘어울리네요!\n여기에 치즈크러스트로 바꿔서 빵끝부분가지 다 먹었어요ㅎㅎ","date":"Mon Dec 10 23:59:44 +0000 2018","retweets":"30","favorites":"20","mentions":[],"hashtags":[],"geo":"","raw":"갈릭 포테이토 골드 맛있어요!! 진짜 막 갈릭향이 너무 심하게  느껴지는게 아니라 은은하게 느껴지고 감자랑 은근히 잘어울리네요!\n여기에 치즈크러스트로 바꿔서 빵끝부분가지 다 먹었어요ㅎㅎ","polarity":{"com":0,"pos":0.4959096458888889,"neg":0.42509157511111106,"neut":0.025030525,"none":0.053968254},"intensity":{"high":0.11251526254305387,"low":0.049450549438949935,"meium":0.7840659340239927,"none":0.053968253994003526},"expressive":{"dir-action":0,"dir-explicit":0.21117216119875862,"dir-speech":0.48009768005776693,"indirect":0.2547619047494709,"writing-device":0.053968253994003526}},{"id":"피자타임CESCO","permalink":"","username":"asdfg","text":"피자 크기에 진짜 놀랐네요. 양만 많은게 아니라 맛도 괜찮아서 남겨요 ㅎㅎㅎ 시켜먹어도 후회안할거같네요 ","date":"Mon Dec 10 23:59:44 +0000 2018","retweets":"30","favorites":"20","mentions":[],"hashtags":[],"geo":"","raw":"피자 크기에 진짜 놀랐네요. 양만 많은게 아니라 맛도 괜찮아서 남겨요 ㅎㅎㅎ 시켜먹어도 후회안할거같네요 ","polarity":{"com":0,"pos":0.3013218665283826,"neg":0.5276317884960526,"neut":0.17104634497556478,"none":0},"intensity":{"high":0.06412910758058987,"low":0.2386261081769466,"meium":0.6972447842424635,"none":0},"expressive":{"dir-action":0,"dir-explicit":0.15023623716431947,"dir-speech":0.5267823963609689,"indirect":0.1801242235971606,"writing-device":0.142857142877551}},{"id":"피자타임CESCO","permalink":"","username":"asdfg","text":"밥하기 귀찮아서 시켰는데 정말 맛있게 먹었네요 포테이토피자가 정말 맛있어요","date":"Mon Dec 10 23:59:44 +0000 2018","retweets":"30","favorites":"20","mentions":[],"hashtags":[],"geo":"","raw":"밥하기 귀찮아서 시켰는데 정말 맛있게 먹었네요 포테이토피자가 정말 맛있어요","polarity":{"com":0.0029761904999999994,"pos":0.30331505266666664,"neg":0.5480426253333333,"neut":0.024628812166666663,"none":0.12103731933333332},"intensity":{"high":0.1342555436890426,"low":0.14946346819157724,"meium":0.5104222400850704,"none":0.20585874803430979},"expressive":{"dir-action":0,"dir-explicit":0.29616625045063893,"dir-speech":0.4958515397506914,"indirect":0.06634563948894238,"writing-device":0.14163657030972723}},{"id":"피자타임CESCO","permalink":"","username":"asdfg","text":"생각보다 피자가 좀 입맛에 안맞았던듯...3만5천원이면 그냥 외식을하는 편이 나은듯해요 쏘쏘였어요","date":"Mon Dec 10 23:59:44 +0000 2018","retweets":"30","favorites":"20","mentions":[],"hashtags":[],"geo":"","raw":"생각보다 피자가 좀 입맛에 안맞았던듯...3만5천원이면 그냥 외식을하는 편이 나은듯해요 쏘쏘였어요","polarity":{"com":0.0037029963639729994,"pos":0.4928486547720771,"neg":0.36318542557847144,"neut":0.0865111195533192,"none":0.05375180373215926},"intensity":{"high":0.16607779474237072,"low":0.12863933446623993,"meium":0.65071937869552,"none":0.05456349209586941},"expressive":{"dir-action":0,"dir-explicit":0.48256196427272724,"dir-speech":0.2722073677272727,"indirect":0.18401451490909093,"writing-device":0.06121615309090909}},{"id":"피자타임CESCO","permalink":"","username":"asdfg","text":"단호박피자 매니아인데\n여기는 사진과도 다르고\n단호박피자는 큐브로 넣어줘야되는데\n그냥 단호박 썰어서 덩그러니","date":"Mon Dec 10 23:59:44 +0000 2018","retweets":"30","favorites":"20","mentions":[],"hashtags":[],"geo":"","raw":"단호박피자 매니아인데\n여기는 사진과도 다르고\n단호박피자는 큐브로 넣어줘야되는데\n그냥 단호박 썰어서 덩그러니","polarity":{"com":0.007968328874003958,"pos":0.43863806519517023,"neg":0.4564502845679437,"neut":0.025482928996814636,"none":0.07146039236606747},"intensity":{"high":0.07748577424031428,"low":0.08084007186489499,"meium":0.7702137615287232,"none":0.07146039236606747},"expressive":{"dir-action":0,"dir-explicit":0.19965932920008517,"dir-speech":0.5382861634904285,"indirect":0.18478586395380353,"writing-device":0.07726864335568284}},{"id":"피자타임CESCO","permalink":"","username":"asdfg","text":"피자 치킨셋 시켜서 맥주에 한잔했는데 술안주 죽이네요","date":"Mon Dec 10 23:59:44 +0000 2018","retweets":"30","favorites":"20","mentions":[],"hashtags":[],"geo":"","raw":"피자 치킨셋 시켜서 맥주에 한잔했는데 술안주 죽이네요","polarity":{"com":0.019354838999999995,"pos":0.5161290319999999,"neg":0.35268817199999997,"neut":0.08387096799999999,"none":0.027956988999999995},"intensity":{"high":0.139784946,"low":0.116129032,"meium":0.713978495,"none":0.030107527},"expressive":{"dir-action":0.006451613,"dir-explicit":0.313978495,"dir-speech":0.294623656,"indirect":0.356989247,"writing-device":0.027956989}},{"id":"피자타임CESCO","permalink":"","username":"asdfg","text":"푸짐한 토핑에 맛도 기대이상이네요 단골할게요~번창하세요","date":"Mon Dec 10 23:59:44 +0000 2018","retweets":"30","favorites":"20","mentions":[],"hashtags":[],"geo":"","raw":"푸짐한 토핑에 맛도 기대이상이네요 단골할게요~번창하세요","polarity":{"com":0.011042446666666664,"pos":0.7523937599999999,"neg":0.1561287093333333,"neut":0.03473454483333333,"none":0.04570053916666666},"intensity":{"high":0.0843916733473986,"low":0.04698541034116423,"meium":0.8220634536370105,"none":0.04655946267442657},"expressive":{"dir-action":0.0015757693333333337,"dir-explicit":0.29909857683333335,"dir-speech":0.2645546875,"indirect":0.38530195283333335,"writing-device":0.049469013500000006}},{"id":"피자타임CESCO","permalink":"","username":"asdfg","text":"배달메뉴 잘못알아듣고 다른 메뉴 맘대로 보내놓고 뻔뻔하시네요 배달 자주 시켜먹는편이라 괜찮은집이면 단골하려고했는데 그럴맘 싹 없어졌습니다 다른집 찾아봐야겠네요. ","date":"Mon Dec 10 23:59:44 +0000 2018","retweets":"30","favorites":"20","mentions":[],"hashtags":[],"geo":"","raw":"배달메뉴 잘못알아듣고 다른 메뉴 맘대로 보내놓고 뻔뻔하시네요 배달 자주 시켜먹는편이라 괜찮은집이면 단골하려고했는데 그럴맘 싹 없어졌습니다 다른집 찾아봐야겠네요. ","polarity":{"com":0.002207980642857143,"pos":0.5067692995714286,"neg":0.36610601728571435,"neut":0.04410780042857143,"none":0.08080890207142857},"intensity":{"high":0.09842328855033786,"low":0.17129480967757965,"meium":0.6479585003611518,"none":0.08232340141093071},"expressive":{"dir-action":0.0008210180714872155,"dir-explicit":0.1854314652989594,"dir-speech":0.48200144696300007,"indirect":0.2463936695890281,"writing-device":0.08535240007752518}},{"id":"피자타임CESCO","permalink":"","username":"asdfg","text":"푸짐한 토핑과 맛에 즐거움을 느끼네요","date":"Mon Dec 10 23:59:44 +0000 2018","retweets":"30","favorites":"20","mentions":[],"hashtags":[],"geo":"","raw":"푸짐한 토핑과 맛에 즐거움을 느끼네요","polarity":{"com":0.020828520673609508,"pos":0.7298452302432816,"neg":0.21748671740582887,"neut":0.023831523674610507,"none":0.008008008002669336},"intensity":{"high":0.06367906366666665,"low":0.07931007933333334,"meium":0.848001848,"none":0.009009009},"expressive":{"dir-action":0.0010010010000000003,"dir-explicit":0.527181027,"dir-speech":0.106953107,"indirect":0.355855856,"writing-device":0.009009009}},{"id":"피자타임CESCO","permalink":"","username":"asdfg","text":"오븐구이 치킨 마약치킨","date":"Mon Dec 10 23:59:44 +0000 2018","retweets":"30","favorites":"20","mentions":[],"hashtags":[],"geo":"","raw":"오븐구이 치킨 마약치킨","polarity":{"com":0,"pos":0,"neg":1,"neut":0,"none":0},"intensity":{"high":1,"low":0,"meium":0,"none":0},"expressive":{"dir-action":0,"dir-explicit":0,"dir-speech":0,"indirect":1,"writing-device":0}},{"id":"피자타임CESCO","permalink":"","username":"asdfg","text":"요기 맛남 특히 치킨이 마약입니다","date":"Mon Dec 10 23:59:44 +0000 2018","retweets":"30","favorites":"20","mentions":[],"hashtags":[],"geo":"","raw":"요기 맛남 특히 치킨이 마약입니다","polarity":{"com":0,"pos":0.3666666666666667,"neg":0.3666666666666667,"neut":0.016666666666666666,"none":0.25},"intensity":{"high":0.39999999999999997,"low":0.016666666666666666,"meium":0.3333333333333333,"none":0.25},"expressive":{"dir-action":0,"dir-explicit":0.03333333333333333,"dir-speech":0.35000000000000003,"indirect":0.3833333333333333,"writing-device":0.2333333333333333}},{"id":"피자타임CESCO","permalink":"","username":"asdfg","text":"마싰어요~^^\n24시간 배달도 되고 좋아용","date":"Mon Dec 10 23:59:44 +0000 2018","retweets":"30","favorites":"20","mentions":[],"hashtags":[],"geo":"","raw":"마싰어요~^^\n24시간 배달도 되고 좋아용","polarity":{"com":0.002380952333333333,"pos":0.46142857133333326,"neg":0.372857143,"neut":0.004761904666666666,"none":0.15857142866666663},"intensity":{"high":0.19761904766666666,"low":0.051428571333333326,"meium":0.5923809523333333,"none":0.15857142866666663},"expressive":{"dir-action":0,"dir-explicit":0.34523809521825394,"dir-speech":0.3333333332222222,"indirect":0.16523809527825398,"writing-device":0.15619047628126984}},{"id":"피자타임CESCO","permalink":"","username":"asdfg","text":"혼자먹을거라 불고기피자 m사이즈에 리치골드 추가 했어요 ㅎㅎ 먹어보니 간이잘되잇다해야하나 ㅋㅋ 맛잇구 토핑도 잘되어 왔네요 맛있습니당 ","date":"Mon Dec 10 23:59:44 +0000 2018","retweets":"30","favorites":"20","mentions":[],"hashtags":[],"geo":"","raw":"혼자먹을거라 불고기피자 m사이즈에 리치골드 추가 했어요 ㅎㅎ 먹어보니 간이잘되잇다해야하나 ㅋㅋ 맛잇구 토핑도 잘되어 왔네요 맛있습니당 ","polarity":{"com":0.0027392148184308377,"pos":0.40700104476427285,"neg":0.468816241406256,"neut":0.04630541864057322,"none":0.0751380803704671},"intensity":{"high":0.0699606907145526,"low":0.12933771206739314,"meium":0.7234736526866411,"none":0.0772279445314131},"expressive":{"dir-action":0.002089864181818182,"dir-explicit":0.15075881972727276,"dir-speech":0.623431357909091,"indirect":0.14296163609090912,"writing-device":0.08075832209090911}},{"id":"피자타임CESCO","permalink":"","username":"asdfg","text":"쏘쏘 .. \n친구랑 아침에 시켜먹었는데 미듐사이즈가 작아서\n한판 다 먹긴 했지만 치즈와 토핑이 한참 부실했던 ..\n아침에 주문해서 그런가요? 흑 ","date":"Mon Dec 10 23:59:44 +0000 2018","retweets":"30","favorites":"20","mentions":[],"hashtags":[],"geo":"","raw":"쏘쏘 .. \n친구랑 아침에 시켜먹었는데 미듐사이즈가 작아서\n한판 다 먹긴 했지만 치즈와 토핑이 한참 부실했던 ..\n아침에 주문해서 그런가요? 흑 ","polarity":{"com":0.0050157000000000005,"pos":0.46507817450000005,"neg":0.4283705444166666,"neut":0.06145236558333333,"none":0.0400832155},"intensity":{"high":0.07807827016666667,"low":0.08140411166666665,"meium":0.7983653934166667,"none":0.04215222475},"expressive":{"dir-action":0.0013249615836645734,"dir-explicit":0.2481495194787041,"dir-speech":0.4980346227911753,"indirect":0.2091670103022918,"writing-device":0.04332388584416431}},{"id":"피자타임CESCO","permalink":"","username":"asdfg","text":"먹을만 했어요 \n치킨은 좀 부실?싱거웠지만 ","date":"Mon Dec 10 23:59:44 +0000 2018","retweets":"30","favorites":"20","mentions":[],"hashtags":[],"geo":"","raw":"먹을만 했어요 \n치킨은 좀 부실?싱거웠지만 ","polarity":{"com":0,"pos":0.6388888886666668,"neg":0.22222222233333333,"neut":0,"none":0.13888888900000002},"intensity":{"high":0.06481481466666668,"low":0.074074074,"meium":0.7222222223333334,"none":0.13888888900000002},"expressive":{"dir-action":0,"dir-explicit":0.18518518500000003,"dir-speech":0.5925925926666668,"indirect":0.08333333333333334,"writing-device":0.13888888900000002}},{"id":"피자타임CESCO","permalink":"","username":"asdfg","text":"정성도들어있고 배달도빨랐지만 제입에는 짰어요ㅠㅠ","date":"Mon Dec 10 23:59:44 +0000 2018","retweets":"30","favorites":"20","mentions":[],"hashtags":[],"geo":"","raw":"정성도들어있고 배달도빨랐지만 제입에는 짰어요ㅠㅠ","polarity":{"com":0.0014285714002857143,"pos":0.7063492063412699,"neg":0.16730158743346032,"neut":0.021904761804380952,"none":0.1030158730206032},"intensity":{"high":0.034920635,"low":0.137142857,"meium":0.7249206349999999,"none":0.10301587300000001},"expressive":{"dir-action":0,"dir-explicit":0.06888888898622222,"dir-speech":0.39333333332133336,"indirect":0.4330158729133968,"writing-device":0.10476190477904762}},{"id":"피자타임CESCO","permalink":"","username":"asdfg","text":"내입맛에는 별루~넘 짜요ㅠ\n","date":"Mon Dec 10 23:59:44 +0000 2018","retweets":"30","favorites":"20","mentions":[],"hashtags":[],"geo":"","raw":"내입맛에는 별루~넘 짜요ㅠ\n","polarity":{"com":0,"pos":0.1587301585793651,"neg":0.5039682542519841,"neut":0.29761904764880953,"none":0.03968253951984128},"intensity":{"high":0.0992063495,"low":0.119047619,"meium":0.742063492,"none":0.0396825395},"expressive":{"dir-action":0,"dir-explicit":0.0793650795,"dir-speech":0.8333333334999999,"indirect":0.0396825395,"writing-device":0.0476190475}},{"id":"피자타임CESCO","permalink":"","username":"asdfg","text":"흠..가객대비의 아쉬움ㅠ셋트메뉴..","date":"Mon Dec 10 23:59:44 +0000 2018","retweets":"30","favorites":"20","mentions":[],"hashtags":[],"geo":"","raw":"흠..가객대비의 아쉬움ㅠ셋트메뉴..","polarity":{"com":0,"pos":0.5,"neg":0.5,"neut":0,"none":0},"intensity":{"high":0,"low":0,"meium":1,"none":0},"expressive":{"dir-action":0,"dir-explicit":1,"dir-speech":0,"indirect":0,"writing-device":0}},{"id":"피자타임CESCO","permalink":"","username":"asdfg","text":"맛있을까?첨시키는데ㅡㅡ..두렵다.셋트시켰는데..ㅡㅡ흠..","date":"Mon Dec 10 23:59:44 +0000 2018","retweets":"30","favorites":"20","mentions":[],"hashtags":[],"geo":"","raw":"맛있을까?첨시키는데ㅡㅡ..두렵다.셋트시켰는데..ㅡㅡ흠..","polarity":{"com":0,"pos":0.296296296,"neg":0.703703704,"neut":0,"none":0},"intensity":{"high":0.11111111125925927,"low":0.037037037308641975,"meium":0.8518518514320987,"none":0},"expressive":{"dir-action":0.037037037333333335,"dir-explicit":0.2592592593333333,"dir-speech":0.4814814813333334,"indirect":0.222222222,"writing-device":0}},{"id":"피자타임CESCO","permalink":"","username":"asdfg","text":"귀찮아서 이런거 안 쓰는데\n넘 맘에들어서 남겨요.\n오전 8시에 주문했는데 친절히 주문전화 받아주셨그여. \n\n미듐 시켰는데 토핑 허접하지않게 올려서왔어요\n다른곳 미듐 시키면 화날정도로 허접하게오는데\n혼자 먹는거라 라지는 부담인데\n이제 자주 여기 이용해야겠네요.\n 피클 핫소스\n다꼼꼼하게 왔어요.\n\n기대 안했는데 모처럼 기분좋게 배달음식 만족하며\n먹어보네요.","date":"Mon Dec 10 23:59:44 +0000 2018","retweets":"30","favorites":"20","mentions":[],"hashtags":[],"geo":"","raw":"귀찮아서 이런거 안 쓰는데\n넘 맘에들어서 남겨요.\n오전 8시에 주문했는데 친절히 주문전화 받아주셨그여. \n\n미듐 시켰는데 토핑 허접하지않게 올려서왔어요\n다른곳 미듐 시키면 화날정도로 허접하게오는데\n혼자 먹는거라 라지는 부담인데\n이제 자주 여기 이용해야겠네요.\n 피클 핫소스\n다꼼꼼하게 왔어요.\n\n기대 안했는데 모처럼 기분좋게 배달음식 만족하며\n먹어보네요.","polarity":{"com":0.007871127714285714,"pos":0.46308787850000005,"neg":0.38821768746428564,"neut":0.039013989357142856,"none":0.10180931696428572},"intensity":{"high":0.08930244642538203,"low":0.06704987403331965,"meium":0.7413510486163803,"none":0.10229663092491796},"expressive":{"dir-action":0.0038876770352977486,"dir-explicit":0.3165242575018009,"dir-speech":0.44067947738135577,"indirect":0.11674342766606322,"writing-device":0.12216516041548232}},{"id":"피자타임CESCO","permalink":"","username":"asdfg","text":"피자 괜찮습니다.\n이집은 토핑이 아주 신선하고 많이 나오네요\n대체적으로 만족해요\n리뷰달면 뭐 주나요?ㅎ","date":"Mon Dec 10 23:59:44 +0000 2018","retweets":"30","favorites":"20","mentions":[],"hashtags":[],"geo":"","raw":"피자 괜찮습니다.\n이집은 토핑이 아주 신선하고 많이 나오네요\n대체적으로 만족해요\n리뷰달면 뭐 주나요?ㅎ","polarity":{"com":0.013996857142857142,"pos":0.4622139084285714,"neg":0.43472392485714284,"neut":0.041997246714285716,"none":0.04706806285714286},"intensity":{"high":0.06470480074201634,"low":0.2880056332662881,"meium":0.5986556302565667,"none":0.04863393573512882},"expressive":{"dir-action":0.0021803121434800887,"dir-explicit":0.4876226812821779,"dir-speech":0.33234466438066984,"indirect":0.12952562617986446,"writing-device":0.04832671601380763}}]