[{"id":"김준현의피자헤븐 고덕점","permalink":"","username":"asdfg","text":"맛있게 잘먹었습니다^^","date":"Mon Dec 10 23:59:44 +0000 2018","retweets":"30","favorites":"20","mentions":[],"hashtags":[],"geo":"","raw":"맛있게 잘먹었습니다^^","polarity":{"com":0,"pos":0.35714285717857136,"neg":0.6071428573035714,"neut":0.03571428551785714,"none":0},"intensity":{"high":0,"low":0.107142857,"meium":0.8928571430000001,"none":0},"expressive":{"dir-action":0,"dir-explicit":0.107142857,"dir-speech":0.5714285715,"indirect":0.3214285715,"writing-device":0}},{"id":"김준현의피자헤븐 고덕점","permalink":"","username":"asdfg","text":"요기피자는 그럭저럭피자였음돠 ","date":"Mon Dec 10 23:59:44 +0000 2018","retweets":"30","favorites":"20","mentions":[],"hashtags":[],"geo":"","raw":"요기피자는 그럭저럭피자였음돠 ","polarity":{"com":0.0076252723358750905,"pos":0.401027077467009,"neg":0.4285714288095238,"neut":0.06224712102074904,"none":0.10052910036684302},"intensity":{"high":0.053065670684355214,"low":0.10659819470219939,"meium":0.7398070342466023,"none":0.10052910036684301},"expressive":{"dir-action":0,"dir-explicit":0.19234360433333333,"dir-speech":0.45642701533333335,"indirect":0.238873327,"writing-device":0.11235605333333333}},{"id":"김준현의피자헤븐 고덕점","permalink":"","username":"asdfg","text":"피자 맛있게 잘먹었어요.","date":"Mon Dec 10 23:59:44 +0000 2018","retweets":"30","favorites":"20","mentions":[],"hashtags":[],"geo":"","raw":"피자 맛있게 잘먹었어요.","polarity":{"com":0,"pos":0.35714285717857136,"neg":0.6071428573035714,"neut":0.03571428551785714,"none":0},"intensity":{"high":0,"low":0.107142857,"meium":0.8928571430000001,"none":0},"expressive":{"dir-action":0,"dir-explicit":0.107142857,"dir-speech":0.5714285715,"indirect":0.3214285715,"writing-device":0}},{"id":"김준현의피자헤븐 고덕점","permalink":"","username":"asdfg","text":"한조각 흡입후 사진ㅋㅋㅋㅋㅋ늦은시간인데도 맛있게잘시켜먹었습니다!","date":"Mon Dec 10 23:59:44 +0000 2018","retweets":"30","favorites":"20","mentions":[],"hashtags":[],"geo":"","raw":"한조각 흡입후 사진ㅋㅋㅋㅋㅋ늦은시간인데도 맛있게잘시켜먹었습니다!","polarity":{"com":0.0011904761668650795,"pos":0.33531746022255293,"neg":0.5765873017627646,"neut":0.014285714169047621,"none":0.07261904767876985},"intensity":{"high":0.083994709,"low":0.09179894166666668,"meium":0.7515873016666667,"none":0.07261904766666667},"expressive":{"dir-action":0,"dir-explicit":0.22870370362854942,"dir-speech":0.3701058201049824,"indirect":0.329761904778373,"writing-device":0.07142857148809524}},{"id":"김준현의피자헤븐 고덕점","permalink":"","username":"asdfg","text":"배달도 빠르고 맛있네요~^^","date":"Mon Dec 10 23:59:44 +0000 2018","retweets":"30","favorites":"20","mentions":[],"hashtags":[],"geo":"","raw":"배달도 빠르고 맛있네요~^^","polarity":{"com":0,"pos":0.6666666666666666,"neg":0.3333333333333333,"neut":0,"none":0},"intensity":{"high":0,"low":0.111111111,"meium":0.888888889,"none":0},"expressive":{"dir-action":0,"dir-explicit":0,"dir-speech":0.6666666666666666,"indirect":0.3333333333333333,"writing-device":0}},{"id":"김준현의피자헤븐 고덕점","permalink":"","username":"asdfg","text":"맛있게잘먹었습니다 굿!!!","date":"Mon Dec 10 23:59:44 +0000 2018","retweets":"30","favorites":"20","mentions":[],"hashtags":[],"geo":"","raw":"맛있게잘먹었습니다 굿!!!","polarity":{"com":0,"pos":0.5714285715238094,"neg":0.40476190480158736,"neut":0.023809523674603175,"none":0},"intensity":{"high":0,"low":0.07142857133333333,"meium":0.9285714286666668,"none":0},"expressive":{"dir-action":0,"dir-explicit":0.07142857133333333,"dir-speech":0.380952381,"indirect":0.5476190476666667,"writing-device":0}},{"id":"김준현의피자헤븐 고덕점","permalink":"","username":"asdfg","text":"ㅡ","date":"Mon Dec 10 23:59:44 +0000 2018","retweets":"30","favorites":"20","mentions":[],"hashtags":[],"geo":"","raw":"ㅡㅡㅡㅡㅡㅡㅡㅡㅡㅡㅡㅡ","polarity":{"com":null,"pos":null,"neg":null,"neut":null,"none":null},"intensity":{"high":null,"low":null,"meium":null,"none":null},"expressive":{"dir-action":null,"dir-explicit":null,"dir-speech":null,"indirect":null,"writing-device":null}},{"id":"김준현의피자헤븐 고덕점","permalink":"","username":"asdfg","text":"역시 실망시키지 않는 주문!좀 많이 식어서 치즈가 늘어나지는 않았지만식어도 맛있는건 함정ㅋ","date":"Mon Dec 10 23:59:44 +0000 2018","retweets":"30","favorites":"20","mentions":[],"hashtags":[],"geo":"","raw":"역시 실망시키지 않는 주문!좀 많이 식어서 치즈가 늘어나지는 않았지만식어도 맛있는건 함정ㅋ","polarity":{"com":0.0017857143003571427,"pos":0.35059523807011905,"neg":0.5527777779105556,"neut":0.050892857110178574,"none":0.043948412608789685},"intensity":{"high":0.23591269849999996,"low":0.0734126984,"meium":0.6458333332999999,"none":0.0448412698},"expressive":{"dir-action":0.005555555600555555,"dir-explicit":0.26559523812655955,"dir-speech":0.3134722222313472,"indirect":0.3698412698369842,"writing-device":0.04553571420455357}},{"id":"김준현의피자헤븐 고덕점","permalink":"","username":"asdfg","text":"배달이 빨라서  너무뜨거워 식혀먹었습니다  전체적인 맛이나  치즈상태등  최상입니다  추천합니다~","date":"Mon Dec 10 23:59:44 +0000 2018","retweets":"30","favorites":"20","mentions":[],"hashtags":[],"geo":"","raw":"배달이 빨라서  너무뜨거워 식혀먹었습니다  전체적인 맛이나  치즈상태등  최상입니다  추천합니다~","polarity":{"com":0.020956530777777774,"pos":0.6108258117777777,"neg":0.2985008818888889,"neut":0.02033405955555556,"none":0.049382716},"intensity":{"high":0.13987446825330543,"low":0.0957568211323904,"meium":0.7149859946033302,"none":0.04938271601097394},"expressive":{"dir-action":0,"dir-explicit":0.18113912233333332,"dir-speech":0.4131912024444444,"indirect":0.35192966077777776,"writing-device":0.05374001444444445}},{"id":"김준현의피자헤븐 고덕점","permalink":"","username":"asdfg","text":"맛나게 잘 먹었습니다.","date":"Mon Dec 10 23:59:44 +0000 2018","retweets":"30","favorites":"20","mentions":[],"hashtags":[],"geo":"","raw":"맛나게 잘 먹었습니다.","polarity":{"com":0,"pos":0.7142857147142857,"neg":0.21428571421428572,"neut":0.07142857107142857,"none":0},"intensity":{"high":0,"low":0.214285714,"meium":0.785714286,"none":0},"expressive":{"dir-action":0,"dir-explicit":0.214285714,"dir-speech":0.142857143,"indirect":0.642857143,"writing-device":0}}]