[{"id":"미스터피자-공릉점","permalink":"","username":"asdfg","text":"랍스터피자치고는 랍스터가별로없네요","date":"Mon Dec 10 23:59:44 +0000 2018","retweets":"30","favorites":"20","mentions":[],"hashtags":[],"geo":"","raw":"랍스터피자치고는 랍스터가별로없네요","polarity":{"com":0.012424872999999998,"pos":0.42708814933333333,"neg":0.352172908,"neut":0.04296694400000001,"none":0.16534712566666668},"intensity":{"high":0.1280050856239983,"low":0.06807674531064109,"meium":0.6323586067892139,"none":0.1715595622761468},"expressive":{"dir-action":0.22222222233333333,"dir-explicit":0.267394822,"dir-speech":0.17536407766666665,"indirect":0.15996301433333335,"writing-device":0.17505586366666667}},{"id":"미스터피자-공릉점","permalink":"","username":"asdfg","text":"맛나용 피자는 미스터 피자","date":"Mon Dec 10 23:59:44 +0000 2018","retweets":"30","favorites":"20","mentions":[],"hashtags":[],"geo":"","raw":"맛나용 피자는 미스터 피자","polarity":{"com":0,"pos":0.658730158829365,"neg":0.2539682541269841,"neut":0.04761904752380952,"none":0.03968253951984127},"intensity":{"high":0.015873016000000004,"low":0.11904761900000001,"meium":0.8253968255,"none":0.03968253950000001},"expressive":{"dir-action":0,"dir-explicit":0.0793650795,"dir-speech":0.8333333334999999,"indirect":0.0396825395,"writing-device":0.0476190475}},{"id":"미스터피자-공릉점","permalink":"","username":"asdfg","text":"짜요.짜요.짜요.짜요.짜요.짜요.","date":"Mon Dec 10 23:59:44 +0000 2018","retweets":"30","favorites":"20","mentions":[],"hashtags":[],"geo":"","raw":"짜요.짜요.짜요.짜요.짜요.짜요.","polarity":{"com":null,"pos":null,"neg":null,"neut":null,"none":null},"intensity":{"high":null,"low":null,"meium":null,"none":null},"expressive":{"dir-action":null,"dir-explicit":null,"dir-speech":null,"indirect":null,"writing-device":null}},{"id":"미스터피자-공릉점","permalink":"","username":"asdfg","text":"항상 맛있습니다~^^","date":"Mon Dec 10 23:59:44 +0000 2018","retweets":"30","favorites":"20","mentions":[],"hashtags":[],"geo":"","raw":"항상 맛있습니다~^^","polarity":{"com":0,"pos":1,"neg":0,"neut":0,"none":0},"intensity":{"high":0,"low":0,"meium":1,"none":0},"expressive":{"dir-action":0,"dir-explicit":0.5,"dir-speech":0.5,"indirect":0,"writing-device":0}},{"id":"미스터피자-공릉점","permalink":"","username":"asdfg","text":"이 피자는 단백하고 \n참 맛납니다~~~*","date":"Mon Dec 10 23:59:44 +0000 2018","retweets":"30","favorites":"20","mentions":[],"hashtags":[],"geo":"","raw":"이 피자는 단백하고 \n참 맛납니다~~~*","polarity":{"com":0.006451613002150538,"pos":0.6111964498703988,"neg":0.28687489342895833,"neut":0.05970302101990101,"none":0.035774022678591345},"intensity":{"high":0.39051032599999996,"low":0.11807475666666666,"meium":0.4549240486666666,"none":0.03649086866666666},"expressive":{"dir-action":0.002150537666666667,"dir-explicit":0.4909028846666667,"dir-speech":0.3204301076666667,"indirect":0.14545144200000001,"writing-device":0.041065027999999996}},{"id":"미스터피자-공릉점","permalink":"","username":"asdfg","text":"랍스타인데 새우가와서 잘못온 줄 알고 전화했는데 안에 들어있다는 말씀에 고냥 먹었어요 사실 아직도 잘 모르겠지만ㅋㅋㅋ 차라리 조금 더 싸게 새우천왕 시키는게 나을 것 같아용","date":"Mon Dec 10 23:59:44 +0000 2018","retweets":"30","favorites":"20","mentions":[],"hashtags":[],"geo":"","raw":"랍스타인데 새우가와서 잘못온 줄 알고 전화했는데 안에 들어있다는 말씀에 고냥 먹었어요 사실 아직도 잘 모르겠지만ㅋㅋㅋ 차라리 조금 더 싸게 새우천왕 시키는게 나을 것 같아용","polarity":{"com":0.0031917211331205513,"pos":0.27685413711487633,"neg":0.433053983104463,"neut":0.12428231352504783,"none":0.16261784512249208},"intensity":{"high":0.07460377313830693,"low":0.18818573581254572,"meium":0.5739974077715998,"none":0.16321308327754755},"expressive":{"dir-action":0,"dir-explicit":0.23211044950238532,"dir-speech":0.3089123131588116,"indirect":0.22886172650281844,"writing-device":0.23011551083598458}},{"id":"미스터피자-공릉점","permalink":"","username":"asdfg","text":"양도 많고 맛있어요","date":"Mon Dec 10 23:59:44 +0000 2018","retweets":"30","favorites":"20","mentions":[],"hashtags":[],"geo":"","raw":"양도 많고 맛있어요","polarity":{"com":0,"pos":0.195652174,"neg":0.7826086955,"neut":0.0217391305,"none":0},"intensity":{"high":0.1304347825652174,"low":0.10869565205434782,"meium":0.7608695653804347,"none":0},"expressive":{"dir-action":0,"dir-explicit":0.2608695651304348,"dir-speech":0.6086956523043479,"indirect":0.1304347825652174,"writing-device":0}},{"id":"미스터피자-공릉점","permalink":"","username":"asdfg","text":"맛있어요👍🏻 다음에도 또 먹을려구요 ㅎ","date":"Mon Dec 10 23:59:44 +0000 2018","retweets":"30","favorites":"20","mentions":[],"hashtags":[],"geo":"","raw":"맛있어요👍🏻 다음에도 또 먹을려구요 ㅎ","polarity":{"com":0.002380952333333333,"pos":0.07142857133333332,"neg":0.7761904763333333,"neut":0.004761904666666666,"none":0.14523809533333332},"intensity":{"high":0.047619047666666664,"low":0.038095238,"meium":0.7690476190000001,"none":0.14523809533333334},"expressive":{"dir-action":0,"dir-explicit":0.06190476197936508,"dir-speech":0.766666666411111,"indirect":0.028571428657142857,"writing-device":0.14285714295238094}},{"id":"미스터피자-공릉점","permalink":"","username":"asdfg","text":"배달도 빠르고 주문그대로에요.","date":"Mon Dec 10 23:59:44 +0000 2018","retweets":"30","favorites":"20","mentions":[],"hashtags":[],"geo":"","raw":"배달도 빠르고 주문그대로에요.","polarity":{"com":0,"pos":0.75,"neg":0.25,"neut":0,"none":0},"intensity":{"high":0,"low":0.08333333325,"meium":0.91666666675,"none":0},"expressive":{"dir-action":0,"dir-explicit":0.25,"dir-speech":0.5,"indirect":0.25,"writing-device":0}},{"id":"미스터피자-공릉점","permalink":"","username":"asdfg","text":"역시 맛은 보장합니다. 그러나 할인이 많이 되길래 아싸하고 시켰더니 씬 피자 시킨 줄 알았어요. 요거 아쉽네요 라지 사이즈인데\n참......","date":"Mon Dec 10 23:59:44 +0000 2018","retweets":"30","favorites":"20","mentions":[],"hashtags":[],"geo":"","raw":"역시 맛은 보장합니다. 그러나 할인이 많이 되길래 아싸하고 시켰더니 씬 피자 시킨 줄 알았어요. 요거 아쉽네요 라지 사이즈인데\n참......","polarity":{"com":0.006575534334063949,"pos":0.29159431292128823,"neg":0.4840505168315612,"neut":0.0602895415622544,"none":0.15749009435083225},"intensity":{"high":0.040992315680330765,"low":0.185194992395065,"meium":0.6160836488720279,"none":0.15772904305257637},"expressive":{"dir-action":0.0007168458889685385,"dir-explicit":0.1855702506872856,"dir-speech":0.3062844521451427,"indirect":0.2366485965818498,"writing-device":0.2707798546967533}},{"id":"미스터피자-공릉점","permalink":"","username":"asdfg","text":"언제 먹어도 맛납니다\n애들 간식으로 최고네요~~**","date":"Mon Dec 10 23:59:44 +0000 2018","retweets":"30","favorites":"20","mentions":[],"hashtags":[],"geo":"","raw":"언제 먹어도 맛납니다\n애들 간식으로 최고네요~~**","polarity":{"com":0,"pos":0.47222222225,"neg":0.52777777775,"neut":0,"none":0},"intensity":{"high":0.4444444445,"low":0,"meium":0.5555555555,"none":0},"expressive":{"dir-action":0,"dir-explicit":0,"dir-speech":0.5,"indirect":0.5,"writing-device":0}},{"id":"미스터피자-공릉점","permalink":"","username":"asdfg","text":"배달도 엄청 빠르고 너무 배부르게 잘먹었어용ㅎㅎㅎㅎ","date":"Mon Dec 10 23:59:44 +0000 2018","retweets":"30","favorites":"20","mentions":[],"hashtags":[],"geo":"","raw":"배달도 엄청 빠르고 너무 배부르게 잘먹었어용ㅎㅎㅎㅎ","polarity":{"com":0.03571428575892857,"pos":0.7142857144285715,"neg":0.2321428570580357,"neut":0.017857142754464286,"none":0},"intensity":{"high":0.03571428575,"low":0.17261904749999998,"meium":0.79166666675,"none":0},"expressive":{"dir-action":0,"dir-explicit":0.19642857125,"dir-speech":0.35714285725,"indirect":0.44642857150000004,"writing-device":0}},{"id":"미스터피자-공릉점","permalink":"","username":"asdfg","text":"양이 푸짐해서 좋았어요. 사실 랍스타 부분은 좀 실망스러웠지만 맛있었어요~~","date":"Mon Dec 10 23:59:44 +0000 2018","retweets":"30","favorites":"20","mentions":[],"hashtags":[],"geo":"","raw":"양이 푸짐해서 좋았어요. 사실 랍스타 부분은 좀 실망스러웠지만 맛있었어요~~","polarity":{"com":0.011835364714285717,"pos":0.5660034825714286,"neg":0.2797244302857143,"neut":0.10471900471428573,"none":0.037717717714285726},"intensity":{"high":0.07008352885714286,"low":0.08915486914285715,"meium":0.8026148838571429,"none":0.038146718142857146},"expressive":{"dir-action":0.00042900042863271436,"dir-explicit":0.3236076411890868,"dir-speech":0.44984480277854927,"indirect":0.18797183745542453,"writing-device":0.038146718148306676}},{"id":"미스터피자-공릉점","permalink":"","username":"asdfg","text":"단백하며\n아주 맛납니다\n애들이 정말 잘먹네요~~**","date":"Mon Dec 10 23:59:44 +0000 2018","retweets":"30","favorites":"20","mentions":[],"hashtags":[],"geo":"","raw":"단백하며\n아주 맛납니다\n애들이 정말 잘먹네요~~**","polarity":{"com":0.010038368602007674,"pos":0.4824265616964853,"neg":0.4515005040903001,"neut":0.048681053209736216,"none":0.0073535124014707035},"intensity":{"high":0.09910236361982047,"low":0.09251466721850292,"meium":0.7997182919599437,"none":0.008664677201732935},"expressive":{"dir-action":0.002171379800434276,"dir-explicit":0.18847222503769445,"dir-speech":0.20974285584194854,"indirect":0.5913789697182759,"writing-device":0.008234569601646913}},{"id":"미스터피자-공릉점","permalink":"","username":"asdfg","text":"맛도 좋고 배달도 빨라요^^","date":"Mon Dec 10 23:59:44 +0000 2018","retweets":"30","favorites":"20","mentions":[],"hashtags":[],"geo":"","raw":"맛도 좋고 배달도 빨라요^^","polarity":{"com":0,"pos":0.73,"neg":0.26,"neut":0,"none":0.01},"intensity":{"high":0.05,"low":0.135,"meium":0.8049999999999999,"none":0.01},"expressive":{"dir-action":0,"dir-explicit":0.15,"dir-speech":0.675,"indirect":0.165,"writing-device":0.01}},{"id":"미스터피자-공릉점","permalink":"","username":"asdfg","text":"정말맛이게잘먹었승니가 담에또 !","date":"Mon Dec 10 23:59:44 +0000 2018","retweets":"30","favorites":"20","mentions":[],"hashtags":[],"geo":"","raw":"정말맛이게잘먹었승니가 담에또 !","polarity":{"com":0.004464285748883928,"pos":0.3258928571685268,"neg":0.47321428563169643,"neut":0.02008928574497768,"none":0.1763392857059152},"intensity":{"high":0.4151785715,"low":0.02678571425,"meium":0.3794642855,"none":0.17857142874999998},"expressive":{"dir-action":0,"dir-explicit":0.25446428575,"dir-speech":0.4620535715,"indirect":0.0714285715,"writing-device":0.21205357125000002}},{"id":"미스터피자-공릉점","permalink":"","username":"asdfg","text":"배부르게잘먹었습니다","date":"Mon Dec 10 23:59:44 +0000 2018","retweets":"30","favorites":"20","mentions":[],"hashtags":[],"geo":"","raw":"배부르게잘먹었습니다","polarity":{"com":0,"pos":0.7142857147142857,"neg":0.21428571421428572,"neut":0.07142857107142857,"none":0},"intensity":{"high":0,"low":0.214285714,"meium":0.785714286,"none":0},"expressive":{"dir-action":0,"dir-explicit":0.214285714,"dir-speech":0.142857143,"indirect":0.642857143,"writing-device":0}},{"id":"미스터피자-공릉점","permalink":"","username":"asdfg","text":"빠른 배달로 만족합니다","date":"Mon Dec 10 23:59:44 +0000 2018","retweets":"30","favorites":"20","mentions":[],"hashtags":[],"geo":"","raw":"빠른 배달로 만족합니다","polarity":{"com":0,"pos":0.6666666666666666,"neg":0.3333333333333333,"neut":0,"none":0},"intensity":{"high":0,"low":0.111111111,"meium":0.888888889,"none":0},"expressive":{"dir-action":0,"dir-explicit":0.3333333333333333,"dir-speech":0.3333333333333333,"indirect":0.3333333333333333,"writing-device":0}},{"id":"미스터피자-공릉점","permalink":"","username":"asdfg","text":"배달도 빠르고 맛있고 좋네요","date":"Mon Dec 10 23:59:44 +0000 2018","retweets":"30","favorites":"20","mentions":[],"hashtags":[],"geo":"","raw":"배달도 빠르고 맛있고 좋네요","polarity":{"com":0,"pos":0.73,"neg":0.26,"neut":0,"none":0.01},"intensity":{"high":0.05,"low":0.09333333325,"meium":0.84666666675,"none":0.01},"expressive":{"dir-action":0,"dir-explicit":0.15,"dir-speech":0.55,"indirect":0.29,"writing-device":0.01}},{"id":"미스터피자-공릉점","permalink":"","username":"asdfg","text":"항상 이것만먹는데 항상 맛있어요~^^","date":"Mon Dec 10 23:59:44 +0000 2018","retweets":"30","favorites":"20","mentions":[],"hashtags":[],"geo":"","raw":"항상 이것만먹는데 항상 맛있어요~^^","polarity":{"com":0,"pos":0.6666666666666666,"neg":0.3333333333333333,"neut":0,"none":0},"intensity":{"high":0,"low":0,"meium":1,"none":0},"expressive":{"dir-action":0,"dir-explicit":0.3333333333333333,"dir-speech":0.6666666666666666,"indirect":0,"writing-device":0}},{"id":"미스터피자-공릉점","permalink":"","username":"asdfg","text":"달지않으며\n단백하며 맛나네요~~**","date":"Mon Dec 10 23:59:44 +0000 2018","retweets":"30","favorites":"20","mentions":[],"hashtags":[],"geo":"","raw":"달지않으며\n단백하며 맛나네요~~**","polarity":{"com":0.019354838999999995,"pos":0.5161290319999999,"neg":0.35268817199999997,"neut":0.08387096799999999,"none":0.027956988999999995},"intensity":{"high":0.139784946,"low":0.116129032,"meium":0.713978495,"none":0.030107527},"expressive":{"dir-action":0.006451613,"dir-explicit":0.313978495,"dir-speech":0.294623656,"indirect":0.356989247,"writing-device":0.027956989}},{"id":"미스터피자-공릉점","permalink":"","username":"asdfg","text":"느끼하고 기름짐.다신 안시킬듯.","date":"Mon Dec 10 23:59:44 +0000 2018","retweets":"30","favorites":"20","mentions":[],"hashtags":[],"geo":"","raw":"느끼하고 기름짐.다신 안시킬듯.","polarity":{"com":0.008008008002669337,"pos":0.48198198216066074,"neg":0.32432432410810813,"neut":0.12212212204070738,"none":0.06356356368785453},"intensity":{"high":0.03803803798732066,"low":0.3058058058980648,"meium":0.5915915914694696,"none":0.06456456464514515},"expressive":{"dir-action":0.0010010010000000003,"dir-explicit":0.15965965966666668,"dir-speech":0.36336336333333336,"indirect":0.4114114113333334,"writing-device":0.06456456466666667}},{"id":"미스터피자-공릉점","permalink":"","username":"asdfg","text":"생각보다 맛잇는데요.. 잘먹엇습니다 ㅎ","date":"Mon Dec 10 23:59:44 +0000 2018","retweets":"30","favorites":"20","mentions":[],"hashtags":[],"geo":"","raw":"생각보다 맛잇는데요.. 잘먹엇습니다 ㅎ","polarity":{"com":0,"pos":0.6875,"neg":0.1666666665,"neut":0.125,"none":0.0208333335},"intensity":{"high":0.0416666665,"low":0.125,"meium":0.8125,"none":0.0208333335},"expressive":{"dir-action":0,"dir-explicit":0.1875,"dir-speech":0.7291666665000001,"indirect":0.0625,"writing-device":0.0208333335}},{"id":"미스터피자-공릉점","permalink":"","username":"asdfg","text":"맛나게 자~알 먹었습니다 ㅡ","date":"Mon Dec 10 23:59:44 +0000 2018","retweets":"30","favorites":"20","mentions":[],"hashtags":[],"geo":"","raw":"맛나게 자~알 먹었습니다 ㅡ","polarity":{"com":0,"pos":0.333333333,"neg":0.666666667,"neut":0,"none":0},"intensity":{"high":0.111111111,"low":0.222222222,"meium":0.666666667,"none":0},"expressive":{"dir-action":0,"dir-explicit":0.222222222,"dir-speech":0.777777778,"indirect":0,"writing-device":0}},{"id":"미스터피자-공릉점","permalink":"","username":"asdfg","text":"맛있긴 한데 도우가 얇아서 축 늘어지고 집어먹기 힘들었어요","date":"Mon Dec 10 23:59:44 +0000 2018","retweets":"30","favorites":"20","mentions":[],"hashtags":[],"geo":"","raw":"맛있긴 한데 도우가 얇아서 축 늘어지고 집어먹기 힘들었어요","polarity":{"com":0.004464285750000001,"pos":0.3526785715,"neg":0.6160714285000001,"neut":0.020089285750000005,"none":0.006696428500000005},"intensity":{"high":0.0401785715,"low":0.40178571425,"meium":0.54910714275,"none":0.008928571499999996},"expressive":{"dir-action":0,"dir-explicit":0.09374999999999999,"dir-speech":0.578125,"indirect":0.3214285715,"writing-device":0.00669642849999999}},{"id":"미스터피자-공릉점","permalink":"","username":"asdfg","text":"2만 7천원 가까이주고 먹었는데 \n도우 그냥 그저그렇고 \n피자 다굳었고\n새우 3마리들어가있네여\n만오천원 주고 먹는 그냥 일반 피자집이 훨씬 나아여~","date":"Mon Dec 10 23:59:44 +0000 2018","retweets":"30","favorites":"20","mentions":[],"hashtags":[],"geo":"","raw":"2만 7천원 가까이주고 먹었는데 \n도우 그냥 그저그렇고 \n피자 다굳었고\n새우 3마리들어가있네여\n만오천원 주고 먹는 그냥 일반 피자집이 훨씬 나아여~","polarity":{"com":0,"pos":0.42099567100000007,"neg":0.5303030302727273,"neut":0,"none":0.048701298727272725},"intensity":{"high":0.21789321790909097,"low":0.15656565654545457,"meium":0.5768398268181819,"none":0.048701298727272725},"expressive":{"dir-action":0,"dir-explicit":0.3697691197272728,"dir-speech":0.4704184704545455,"indirect":0.11111111109090911,"writing-device":0.048701298727272725}},{"id":"미스터피자-공릉점","permalink":"","username":"asdfg","text":"맛있었어요. 배달 직원도 친잘했구요~~~","date":"Mon Dec 10 23:59:44 +0000 2018","retweets":"30","favorites":"20","mentions":[],"hashtags":[],"geo":"","raw":"맛있었어요. 배달 직원도 친잘했구요~~~","polarity":{"com":0.002380952333333333,"pos":0.4047619046666666,"neg":0.44285714299999995,"neut":0.004761904666666666,"none":0.14523809533333332},"intensity":{"high":0.047619047666666664,"low":0.038095238,"meium":0.7690476190000001,"none":0.14523809533333334},"expressive":{"dir-action":0,"dir-explicit":0.06190476197936508,"dir-speech":0.766666666411111,"indirect":0.028571428657142857,"writing-device":0.14285714295238094}},{"id":"미스터피자-공릉점","permalink":"","username":"asdfg","text":"처음시켜먹어봤는데 맛있어보이네요","date":"Mon Dec 10 23:59:44 +0000 2018","retweets":"30","favorites":"20","mentions":[],"hashtags":[],"geo":"","raw":"처음시켜먹어봤는데 맛있어보이네요","polarity":{"com":0.035714285741071425,"pos":0.3311011904172247,"neg":0.5818452381045387,"neut":0.01562499999609375,"none":0.035714285741071425},"intensity":{"high":0.04340277775,"low":0.13368055550000002,"meium":0.7872023810000001,"none":0.035714285750000005},"expressive":{"dir-action":0,"dir-explicit":0.2832341269291915,"dir-speech":0.5984623016003845,"indirect":0.08258928572935267,"writing-device":0.035714285741071425}},{"id":"미스터피자-공릉점","permalink":"","username":"asdfg","text":"아가가 잘먹어요 치즈가 짜지 않아 좋네요","date":"Mon Dec 10 23:59:44 +0000 2018","retweets":"30","favorites":"20","mentions":[],"hashtags":[],"geo":"","raw":"아가가 잘먹어요 치즈가 짜지 않아 좋네요","polarity":{"com":0.0089285715,"pos":0.51869047625,"neg":0.40880952375,"neut":0.0401785715,"none":0.023392857},"intensity":{"high":0.15813492075000005,"low":0.119126984,"meium":0.69488095225,"none":0.027857143000000004},"expressive":{"dir-action":0,"dir-explicit":0.3930555555,"dir-speech":0.40069444449999997,"indirect":0.182857143,"writing-device":0.023392857}},{"id":"미스터피자-공릉점","permalink":"","username":"asdfg","text":"아주 단백하며\n맛납니당~~~~^^","date":"Mon Dec 10 23:59:44 +0000 2018","retweets":"30","favorites":"20","mentions":[],"hashtags":[],"geo":"","raw":"아주 단백하며\n맛납니당~~~~^^","polarity":{"com":0.006451612999999998,"pos":0.755376344,"neg":0.20089605733333332,"neut":0.02795698933333333,"none":0.009318996333333333},"intensity":{"high":0.12992831533333332,"low":0.038709677333333324,"meium":0.8213261649999999,"none":0.010035842333333331},"expressive":{"dir-action":0.0021505376666666664,"dir-explicit":0.10465949833333332,"dir-speech":0.5148745519999999,"indirect":0.36899641566666663,"writing-device":0.009318996333333333}},{"id":"미스터피자-공릉점","permalink":"","username":"asdfg","text":"밤12시에 피자가 배달되기에 시켰는데 늦은 시간이라 그런지 확실히 재료들의 상태도 안좋고 피자도 많이 식어있네요..","date":"Mon Dec 10 23:59:44 +0000 2018","retweets":"30","favorites":"20","mentions":[],"hashtags":[],"geo":"","raw":"밤12시에 피자가 배달되기에 시켰는데 늦은 시간이라 그런지 확실히 재료들의 상태도 안좋고 피자도 많이 식어있네요..","polarity":{"com":0.030535714299999996,"pos":0.32857142859999994,"neg":0.5618452380999999,"neut":0.051369047599999995,"none":0.027678571399999997},"intensity":{"high":0.10815476190000002,"low":0.1527976191,"meium":0.7092261904,"none":0.029821428599999995},"expressive":{"dir-action":0,"dir-explicit":0.37208333333720833,"dir-speech":0.3070833333307083,"indirect":0.2931547619293155,"writing-device":0.027678571402767863}},{"id":"미스터피자-공릉점","permalink":"","username":"asdfg","text":"정말 맜있어요 다음에또 시킬게요","date":"Mon Dec 10 23:59:44 +0000 2018","retweets":"30","favorites":"20","mentions":[],"hashtags":[],"geo":"","raw":"정말 맜있어요 다음에또 시킬게요","polarity":{"com":0,"pos":0.29761904756746027,"neg":0.47619047617460314,"neut":0,"none":0.2261904762579365},"intensity":{"high":0.16666666666666666,"low":0,"meium":0.607142857,"none":0.22619047633333333},"expressive":{"dir-action":0,"dir-explicit":0.21428571433333332,"dir-speech":0.511904762,"indirect":0,"writing-device":0.27380952366666667}},{"id":"미스터피자-공릉점","permalink":"","username":"asdfg","text":"오래만에 시켜먹었는데  맛있어요","date":"Mon Dec 10 23:59:44 +0000 2018","retweets":"30","favorites":"20","mentions":[],"hashtags":[],"geo":"","raw":"오래만에 시켜먹었는데  맛있어요","polarity":{"com":0,"pos":0.3055555553333334,"neg":0.5555555556666667,"neut":0,"none":0.13888888900000002},"intensity":{"high":0.06481481466666668,"low":0.074074074,"meium":0.7222222223333334,"none":0.13888888900000002},"expressive":{"dir-action":0,"dir-explicit":0.18518518500000003,"dir-speech":0.5925925926666668,"indirect":0.08333333333333334,"writing-device":0.13888888900000002}},{"id":"미스터피자-공릉점","permalink":"","username":"asdfg","text":"배달빠르고 맛있어요","date":"Mon Dec 10 23:59:44 +0000 2018","retweets":"30","favorites":"20","mentions":[],"hashtags":[],"geo":"","raw":"배달빠르고 맛있어요","polarity":{"com":0,"pos":0.5,"neg":0.5,"neut":0,"none":0},"intensity":{"high":0,"low":0,"meium":1,"none":0},"expressive":{"dir-action":0,"dir-explicit":0,"dir-speech":1,"indirect":0,"writing-device":0}},{"id":"미스터피자-공릉점","permalink":"","username":"asdfg","text":"피자는 맛있었는데 배달이 조금 오래 걸렸어요","date":"Mon Dec 10 23:59:44 +0000 2018","retweets":"30","favorites":"20","mentions":[],"hashtags":[],"geo":"","raw":"피자는 맛있었는데 배달이 조금 오래 걸렸어요","polarity":{"com":0,"pos":0.32936507933234127,"neg":0.501984127125496,"neut":0.14880952378720239,"none":0.019841269754960318},"intensity":{"high":0.007936508,"low":0.1845238095,"meium":0.78769841275,"none":0.01984126975},"expressive":{"dir-action":0,"dir-explicit":0.28968253975,"dir-speech":0.41666666674999997,"indirect":0.26984126975,"writing-device":0.02380952375}},{"id":"미스터피자-공릉점","permalink":"","username":"asdfg","text":"단백하고 맛있네요~\n양도 적당하며\n배달도 상당히 빠르네요\n잘 먹었습니다","date":"Mon Dec 10 23:59:44 +0000 2018","retweets":"30","favorites":"20","mentions":[],"hashtags":[],"geo":"","raw":"단백하고 맛있네요~\n양도 적당하며\n배달도 상당히 빠르네요\n잘 먹었습니다","polarity":{"com":0.0032258065005376342,"pos":0.7050691244508449,"neg":0.26116231437686044,"neut":0.025883256504313876,"none":0.00465949816744325},"intensity":{"high":0.023297490999999997,"low":0.11062467983333331,"meium":0.861059908,"none":0.0050179211666666656},"expressive":{"dir-action":0.0010752688333333334,"dir-explicit":0.08804403483333334,"dir-speech":0.4062467998333333,"indirect":0.49997439833333335,"writing-device":0.004659498166666667}},{"id":"미스터피자-공릉점","permalink":"","username":"asdfg","text":"배달도 빠르고 맛있습니다~","date":"Mon Dec 10 23:59:44 +0000 2018","retweets":"30","favorites":"20","mentions":[],"hashtags":[],"geo":"","raw":"배달도 빠르고 맛있습니다~","polarity":{"com":0,"pos":0.6666666666666666,"neg":0.3333333333333333,"neut":0,"none":0},"intensity":{"high":0,"low":0.111111111,"meium":0.888888889,"none":0},"expressive":{"dir-action":0,"dir-explicit":0,"dir-speech":0.6666666666666666,"indirect":0.3333333333333333,"writing-device":0}},{"id":"미스터피자-공릉점","permalink":"","username":"asdfg","text":"부드럽고 맛있게 잘먹었습니다","date":"Mon Dec 10 23:59:44 +0000 2018","retweets":"30","favorites":"20","mentions":[],"hashtags":[],"geo":"","raw":"부드럽고 맛있게 잘먹었습니다","polarity":{"com":0,"pos":0.5714285715238094,"neg":0.40476190480158736,"neut":0.023809523674603175,"none":0},"intensity":{"high":0,"low":0.07142857133333333,"meium":0.9285714286666668,"none":0},"expressive":{"dir-action":0,"dir-explicit":0.4047619046666666,"dir-speech":0.38095238099999995,"indirect":0.2142857143333333,"writing-device":0}},{"id":"미스터피자-공릉점","permalink":"","username":"asdfg","text":"빠른 배달. 그것보다 맛이 끝내주네요~~~","date":"Mon Dec 10 23:59:44 +0000 2018","retweets":"30","favorites":"20","mentions":[],"hashtags":[],"geo":"","raw":"빠른 배달. 그것보다 맛이 끝내주네요~~~","polarity":{"com":0,"pos":0.75,"neg":0.16666666675,"neut":0.08333333325,"none":0},"intensity":{"high":0,"low":0.08333333325,"meium":0.91666666675,"none":0},"expressive":{"dir-action":0,"dir-explicit":0,"dir-speech":0.75,"indirect":0.25,"writing-device":0}},{"id":"미스터피자-공릉점","permalink":"","username":"asdfg","text":"신속배달과 맛있었습니다","date":"Mon Dec 10 23:59:44 +0000 2018","retweets":"30","favorites":"20","mentions":[],"hashtags":[],"geo":"","raw":"신속배달과 맛있었습니다","polarity":{"com":0,"pos":0.5,"neg":0.5,"neut":0,"none":0},"intensity":{"high":0,"low":0,"meium":1,"none":0},"expressive":{"dir-action":0,"dir-explicit":0,"dir-speech":1,"indirect":0,"writing-device":0}},{"id":"미스터피자-공릉점","permalink":"","username":"asdfg","text":"언제 먹어도 맛나네요\n잘 먹었습니다\n번창하세요!","date":"Mon Dec 10 23:59:44 +0000 2018","retweets":"30","favorites":"20","mentions":[],"hashtags":[],"geo":"","raw":"언제 먹어도 맛나네요\n잘 먹었습니다\n번창하세요!","polarity":{"com":0.006451613002150537,"pos":0.4101382488033794,"neg":0.5223246288407748,"neut":0.051766513017255496,"none":0.009318996336439666},"intensity":{"high":0.3799283153333333,"low":0.11013824866666666,"meium":0.4998975936666667,"none":0.010035842333333333},"expressive":{"dir-action":0.0021505376666666664,"dir-explicit":0.17608806966666665,"dir-speech":0.47916026633333325,"indirect":0.33328212999999995,"writing-device":0.009318996333333333}},{"id":"미스터피자-공릉점","permalink":"","username":"asdfg","text":"단백하며\n양도 푸짐!\n맛나게 잘 먹었네요^^","date":"Mon Dec 10 23:59:44 +0000 2018","retweets":"30","favorites":"20","mentions":[],"hashtags":[],"geo":"","raw":"단백하며\n양도 푸짐!\n맛나게 잘 먹었네요^^","polarity":{"com":0.036754643345584884,"pos":0.607107945869036,"neg":0.27990038642663345,"neut":0.0517665130172555,"none":0.02447051134149017},"intensity":{"high":0.06174649702058217,"low":0.1555927940518643,"meium":0.7574733515858245,"none":0.02518735734172912},"expressive":{"dir-action":0.002150537666666667,"dir-explicit":0.2669971606666667,"dir-speech":0.17612996333333333,"indirect":0.530251827,"writing-device":0.024470511333333334}},{"id":"미스터피자-공릉점","permalink":"","username":"asdfg","text":"아이랑 맛나게 먹어서여","date":"Mon Dec 10 23:59:44 +0000 2018","retweets":"30","favorites":"20","mentions":[],"hashtags":[],"geo":"","raw":"아이랑 맛나게 먹어서여","polarity":{"com":0,"pos":0.5,"neg":0.5,"neut":0,"none":0},"intensity":{"high":0.0555555555,"low":0.111111111,"meium":0.8333333334999999,"none":0},"expressive":{"dir-action":0,"dir-explicit":0.111111111,"dir-speech":0.7222222225,"indirect":0.1666666665,"writing-device":0}},{"id":"미스터피자-공릉점","permalink":"","username":"asdfg","text":"예상한 맛\n예상치 못한 양\n가성비 평범","date":"Mon Dec 10 23:59:44 +0000 2018","retweets":"30","favorites":"20","mentions":[],"hashtags":[],"geo":"","raw":"예상한 맛\n예상치 못한 양\n가성비 평범","polarity":{"com":0.003225806499462365,"pos":0.37781878843703026,"neg":0.37670194710388294,"neut":0.21669531813055073,"none":0.02555813982907364},"intensity":{"high":0.1562650981666667,"low":0.06689924833333334,"meium":0.7566662171666667,"none":0.020169436333333336},"expressive":{"dir-action":0.0010752688333333334,"dir-explicit":0.28221480666666665,"dir-speech":0.40960551,"indirect":0.28154627466666665,"writing-device":0.025558139833333337}},{"id":"미스터피자-공릉점","permalink":"","username":"asdfg","text":"포테이토 새우 반반 맛있어요","date":"Mon Dec 10 23:59:44 +0000 2018","retweets":"30","favorites":"20","mentions":[],"hashtags":[],"geo":"","raw":"포테이토 새우 반반 맛있어요","polarity":{"com":0,"pos":0,"neg":1,"neut":0,"none":0},"intensity":{"high":0,"low":0,"meium":1,"none":0},"expressive":{"dir-action":0,"dir-explicit":0,"dir-speech":1,"indirect":0,"writing-device":0}},{"id":"미스터피자-공릉점","permalink":"","username":"asdfg","text":"에그타르트 엣지 꼭 드세여","date":"Mon Dec 10 23:59:44 +0000 2018","retweets":"30","favorites":"20","mentions":[],"hashtags":[],"geo":"","raw":"에그타르트 엣지 꼭 드세여","polarity":{"com":0,"pos":0.25,"neg":0.75,"neut":0,"none":0},"intensity":{"high":0,"low":0,"meium":1,"none":0},"expressive":{"dir-action":0,"dir-explicit":0.25,"dir-speech":0.75,"indirect":0,"writing-device":0}},{"id":"미스터피자-공릉점","permalink":"","username":"asdfg","text":"맛있게 잘 먹었습니다","date":"Mon Dec 10 23:59:44 +0000 2018","retweets":"30","favorites":"20","mentions":[],"hashtags":[],"geo":"","raw":"맛있게 잘 먹었습니다","polarity":{"com":0,"pos":0.35714285717857136,"neg":0.6071428573035714,"neut":0.03571428551785714,"none":0},"intensity":{"high":0,"low":0.107142857,"meium":0.8928571430000001,"none":0},"expressive":{"dir-action":0,"dir-explicit":0.107142857,"dir-speech":0.5714285715,"indirect":0.3214285715,"writing-device":0}},{"id":"미스터피자-공릉점","permalink":"","username":"asdfg","text":"맛있습니다~늦게까지주문되서좋았어요","date":"Mon Dec 10 23:59:44 +0000 2018","retweets":"30","favorites":"20","mentions":[],"hashtags":[],"geo":"","raw":"맛있습니다~늦게까지주문되서좋았어요","polarity":{"com":0,"pos":0.48,"neg":0.51,"neut":0,"none":0.01},"intensity":{"high":0.05,"low":0.01,"meium":0.9299999999999999,"none":0.01},"expressive":{"dir-action":0,"dir-explicit":0.4,"dir-speech":0.3,"indirect":0.29,"writing-device":0.01}},{"id":"미스터피자-공릉점","permalink":"","username":"asdfg","text":"맛있게 잘 먹었습니다.^^","date":"Mon Dec 10 23:59:44 +0000 2018","retweets":"30","favorites":"20","mentions":[],"hashtags":[],"geo":"","raw":"맛있게 잘 먹었습니다.^^","polarity":{"com":0,"pos":0.35714285717857136,"neg":0.6071428573035714,"neut":0.03571428551785714,"none":0},"intensity":{"high":0,"low":0.107142857,"meium":0.8928571430000001,"none":0},"expressive":{"dir-action":0,"dir-explicit":0.107142857,"dir-speech":0.5714285715,"indirect":0.3214285715,"writing-device":0}},{"id":"미스터피자-공릉점","permalink":"","username":"asdfg","text":"맛잇어요\n동네에 피자집이 없어서 고민햇는데 다행이에요","date":"Mon Dec 10 23:59:44 +0000 2018","retweets":"30","favorites":"20","mentions":[],"hashtags":[],"geo":"","raw":"맛잇어요\n동네에 피자집이 없어서 고민햇는데 다행이에요","polarity":{"com":0.008458658599999998,"pos":0.467900882,"neg":0.42400215760000004,"neut":0.0280093914,"none":0.0716289104},"intensity":{"high":0.0701503902,"low":0.11909067840000001,"meium":0.7371882733999999,"none":0.073570658},"expressive":{"dir-action":0,"dir-explicit":0.219097024,"dir-speech":0.48324132239999995,"indirect":0.21628593179999997,"writing-device":0.0813757218}},{"id":"미스터피자-공릉점","permalink":"","username":"asdfg","text":"미스터피자는 믿고 선택하는거죠","date":"Mon Dec 10 23:59:44 +0000 2018","retweets":"30","favorites":"20","mentions":[],"hashtags":[],"geo":"","raw":"미스터피자는 믿고 선택하는거죠","polarity":{"com":0.012403994004134665,"pos":0.30167264010055755,"neg":0.32854156010951385,"neut":0.07160778302386926,"none":0.2857740227619247},"intensity":{"high":0.06312937364562354,"low":0.13593189962135604,"meium":0.5144478581618507,"none":0.2864908685711697},"expressive":{"dir-action":0.002150537666666667,"dir-explicit":0.18137907500000003,"dir-speech":0.36209677433333337,"indirect":0.15140382300000002,"writing-device":0.30296978999999996}},{"id":"미스터피자-공릉점","permalink":"","username":"asdfg","text":"배달이 빨라서 좋네요","date":"Mon Dec 10 23:59:44 +0000 2018","retweets":"30","favorites":"20","mentions":[],"hashtags":[],"geo":"","raw":"배달이 빨라서 좋네요","polarity":{"com":0,"pos":0.9733333333333333,"neg":0.013333333333333334,"neut":0,"none":0.013333333333333334},"intensity":{"high":0.06666666666666667,"low":0.12444444433333333,"meium":0.7955555556666667,"none":0.013333333333333334},"expressive":{"dir-action":0,"dir-explicit":0.19999999999999998,"dir-speech":0.39999999999999997,"indirect":0.38666666666666666,"writing-device":0.013333333333333334}},{"id":"미스터피자-공릉점","permalink":"","username":"asdfg","text":"배달은 시간 정확한거 같구요\n맛도 양호합니다~","date":"Mon Dec 10 23:59:44 +0000 2018","retweets":"30","favorites":"20","mentions":[],"hashtags":[],"geo":"","raw":"배달은 시간 정확한거 같구요\n맛도 양호합니다~","polarity":{"com":0.006451612999999998,"pos":0.5470430106666667,"neg":0.40922939066666664,"neut":0.02795698933333333,"none":0.009318996333333333},"intensity":{"high":0.08826164866666666,"low":0.038709677333333324,"meium":0.8629928316666666,"none":0.010035842333333331},"expressive":{"dir-action":0.002150537666666667,"dir-explicit":0.14632616499999998,"dir-speech":0.514874552,"indirect":0.16066308233333335,"writing-device":0.175985663}},{"id":"미스터피자-공릉점","permalink":"","username":"asdfg","text":"너무 좋았어요~ㅎㅎㅎㅎㅎㅎㅋㅋ","date":"Mon Dec 10 23:59:44 +0000 2018","retweets":"30","favorites":"20","mentions":[],"hashtags":[],"geo":"","raw":"너무 좋았어요~ㅎㅎㅎㅎㅎㅎㅋㅋ","polarity":{"com":0.142857143,"pos":0.142857143,"neg":0.714285714,"neut":0,"none":0},"intensity":{"high":0.142857143,"low":0.142857143,"meium":0.714285714,"none":0},"expressive":{"dir-action":0,"dir-explicit":0.5714285710000001,"dir-speech":0.28571428600000004,"indirect":0.14285714300000002,"writing-device":0}},{"id":"미스터피자-공릉점","permalink":"","username":"asdfg","text":"맛있어요!!!!!!!!","date":"Mon Dec 10 23:59:44 +0000 2018","retweets":"30","favorites":"20","mentions":[],"hashtags":[],"geo":"","raw":"맛있어요!!!!!!!!","polarity":{"com":0,"pos":0,"neg":1,"neut":0,"none":0},"intensity":{"high":0,"low":0,"meium":1,"none":0},"expressive":{"dir-action":0,"dir-explicit":0,"dir-speech":1,"indirect":0,"writing-device":0}},{"id":"미스터피자-공릉점","permalink":"","username":"asdfg","text":"배달만 빨리되면 딱인데","date":"Mon Dec 10 23:59:44 +0000 2018","retweets":"30","favorites":"20","mentions":[],"hashtags":[],"geo":"","raw":"배달만 빨리되면 딱인데","polarity":{"com":0.007625272333333333,"pos":0.628540305,"neg":0.2592592593333333,"neut":0.030501089333333332,"none":0.074074074},"intensity":{"high":0.04248366001416121,"low":0.027233115342411036,"meium":0.8562091506187364,"none":0.07407407402469135},"expressive":{"dir-action":0,"dir-explicit":0.30610021800000004,"dir-speech":0.40087145966666665,"indirect":0.21241830066666667,"writing-device":0.08061002166666667}},{"id":"미스터피자-공릉점","permalink":"","username":"asdfg","text":"치우천왕도 맛있었는데 새우천왕이 더 맛있네여^^","date":"Mon Dec 10 23:59:44 +0000 2018","retweets":"30","favorites":"20","mentions":[],"hashtags":[],"geo":"","raw":"치우천왕도 맛있었는데 새우천왕이 더 맛있네여^^","polarity":{"com":0.0035714285000000004,"pos":0.6071428569999999,"neg":0.16428571449999999,"neut":0.007142857000000001,"none":0.21785714299999995},"intensity":{"high":0.0714285715,"low":0.057142857000000005,"meium":0.6535714284999999,"none":0.217857143},"expressive":{"dir-action":0,"dir-explicit":0.0928571429535714,"dir-speech":0.6499999996749999,"indirect":0.04285714297857144,"writing-device":0.21428571439285712}},{"id":"미스터피자-공릉점","permalink":"","username":"asdfg","text":"배달하시는 분도 친절하시고 토핑도 적당량 잘 올라가서 맛있게 먹었어요","date":"Mon Dec 10 23:59:44 +0000 2018","retweets":"30","favorites":"20","mentions":[],"hashtags":[],"geo":"","raw":"배달하시는 분도 친절하시고 토핑도 적당량 잘 올라가서 맛있게 먹었어요","polarity":{"com":0.003785385143397912,"pos":0.5040048276434292,"neg":0.4017445689145349,"neut":0.024226464717746636,"none":0.06623875358089125},"intensity":{"high":0.05625045714285713,"low":0.09527466885714284,"meium":0.7819289007142858,"none":0.06654597328571428},"expressive":{"dir-action":0.0009216589998683344,"dir-explicit":0.1694572452615061,"dir-speech":0.5736083680609131,"indirect":0.19079438225845796,"writing-device":0.06521834541925452}},{"id":"미스터피자-공릉점","permalink":"","username":"asdfg","text":"달달한 불고기맛과 왕새우의 조합\n맛도 좋고 푸짐했어요\n새우가 너무커서 반씩 자른줄 알았는데 한마리를 통으로 사용했네요\n맛있게 잘 먹었어요","date":"Mon Dec 10 23:59:44 +0000 2018","retweets":"30","favorites":"20","mentions":[],"hashtags":[],"geo":"","raw":"달달한 불고기맛과 왕새우의 조합\n맛도 좋고 푸짐했어요\n새우가 너무커서 반씩 자른줄 알았는데 한마리를 통으로 사용했네요\n맛있게 잘 먹었어요","polarity":{"com":0.010128400834177365,"pos":0.5870422375489202,"neg":0.34437102152869753,"neut":0.03380878008615073,"none":0.02464956000205413},"intensity":{"high":0.07420355507096607,"low":0.2426211808762298,"meium":0.6566445904738926,"none":0.026530673578911555},"expressive":{"dir-action":0.0025570599997869112,"dir-explicit":0.19089388548409217,"dir-speech":0.4179648810485029,"indirect":0.2771969313935669,"writing-device":0.11138724207405105}},{"id":"미스터피자-공릉점","permalink":"","username":"asdfg","text":"맛나는데 미피 너무 비싸요","date":"Mon Dec 10 23:59:44 +0000 2018","retweets":"30","favorites":"20","mentions":[],"hashtags":[],"geo":"","raw":"맛나는데 미피 너무 비싸요","polarity":{"com":0.07142857150000001,"pos":0.07142857150000001,"neg":0.857142857,"neut":0,"none":0},"intensity":{"high":0.07142857150000001,"low":0.07142857150000001,"meium":0.857142857,"none":0},"expressive":{"dir-action":0,"dir-explicit":0.2857142855,"dir-speech":0.642857143,"indirect":0.0714285715,"writing-device":0}},{"id":"미스터피자-공릉점","permalink":"","username":"asdfg","text":"친구집에서 시켰는데 맛있었어요 ㅎㅎ 포테이토피자중에 갑인듯","date":"Mon Dec 10 23:59:44 +0000 2018","retweets":"30","favorites":"20","mentions":[],"hashtags":[],"geo":"","raw":"친구집에서 시켰는데 맛있었어요 ㅎㅎ 포테이토피자중에 갑인듯","polarity":{"com":0.0045751634,"pos":0.47712418300000004,"neg":0.4222222222,"neut":0.0183006536,"none":0.07777777779999999},"intensity":{"high":0.025490196,"low":0.1496732026,"meium":0.7470588236,"none":0.07777777779999999},"expressive":{"dir-action":0,"dir-explicit":0.2503267976,"dir-speech":0.573856209,"indirect":0.094117647,"writing-device":0.08169934640000001}},{"id":"미스터피자-공릉점","permalink":"","username":"asdfg","text":"맛있어요^^ 자주시켜먹습니당","date":"Mon Dec 10 23:59:44 +0000 2018","retweets":"30","favorites":"20","mentions":[],"hashtags":[],"geo":"","raw":"맛있어요^^ 자주시켜먹습니당","polarity":{"com":0,"pos":0.259259259,"neg":0.7407407409999999,"neut":0,"none":0},"intensity":{"high":0.09259259263580247,"low":0.09259259263580247,"meium":0.8148148147283951,"none":0},"expressive":{"dir-action":0.018518518666666667,"dir-explicit":0.20370370366666668,"dir-speech":0.6666666666666666,"indirect":0.111111111,"writing-device":0}},{"id":"미스터피자-공릉점","permalink":"","username":"asdfg","text":"맛있게 잘 먹었습니다!!","date":"Mon Dec 10 23:59:44 +0000 2018","retweets":"30","favorites":"20","mentions":[],"hashtags":[],"geo":"","raw":"맛있게 잘 먹었습니다!!","polarity":{"com":0,"pos":0.35714285717857136,"neg":0.6071428573035714,"neut":0.03571428551785714,"none":0},"intensity":{"high":0,"low":0.107142857,"meium":0.8928571430000001,"none":0},"expressive":{"dir-action":0,"dir-explicit":0.107142857,"dir-speech":0.5714285715,"indirect":0.3214285715,"writing-device":0}},{"id":"미스터피자-공릉점","permalink":"","username":"asdfg","text":"항상 맛있게 먹고 있습니다~ ^.^","date":"Mon Dec 10 23:59:44 +0000 2018","retweets":"30","favorites":"20","mentions":[],"hashtags":[],"geo":"","raw":"항상 맛있게 먹고 있습니다~ ^.^","polarity":{"com":0,"pos":0.6666666665000001,"neg":0.3333333335,"neut":0,"none":0},"intensity":{"high":0.0555555555,"low":0.111111111,"meium":0.8333333334999999,"none":0},"expressive":{"dir-action":0,"dir-explicit":0.361111111,"dir-speech":0.638888889,"indirect":0,"writing-device":0}},{"id":"미스터피자-공릉점","permalink":"","username":"asdfg","text":"맛은있는데 조금 부담대는 가격","date":"Mon Dec 10 23:59:44 +0000 2018","retweets":"30","favorites":"20","mentions":[],"hashtags":[],"geo":"","raw":"맛은있는데 조금 부담대는 가격","polarity":{"com":0.0022321427505580353,"pos":0.6016865079004216,"neg":0.16716269854179067,"neut":0.032738095258184524,"none":0.19618055554904515},"intensity":{"high":0.14409722225000002,"low":0.07291666675,"meium":0.5868055555,"none":0.19618055550000002},"expressive":{"dir-action":0,"dir-explicit":0.2137896825,"dir-speech":0.5305059525,"indirect":0.0555555555,"writing-device":0.20014880950000002}},{"id":"미스터피자-공릉점","permalink":"","username":"asdfg","text":"음식도 맛있고 배달도 빠르고\n배달 하신 분이 참 친철\n하셔서 좋았습니다\n다음에 또 시켜 먹을께요","date":"Mon Dec 10 23:59:44 +0000 2018","retweets":"30","favorites":"20","mentions":[],"hashtags":[],"geo":"","raw":"음식도 맛있고 배달도 빠르고\n배달 하신 분이 참 친철\n하셔서 좋았습니다\n다음에 또 시켜 먹을께요","polarity":{"com":0.0006493506363046044,"pos":0.5706493505844864,"neg":0.31489177497137344,"neut":0.0012987012726092088,"none":0.11251082253522629},"intensity":{"high":0.04126984127272727,"low":0.06453102445454545,"meium":0.7816883117272727,"none":0.11251082254545454},"expressive":{"dir-action":0.06060606063085399,"dir-explicit":0.19552669552767943,"dir-speech":0.5057720057722025,"indirect":0.11324675326243211,"writing-device":0.12484848480683197}},{"id":"미스터피자-공릉점","permalink":"","username":"asdfg","text":"기대하고 먹었는데 가격대비 너무 별로였습니다 빵이 눅눅하고 싸구려 맛이 나고 소스와 토핑도 따로 노는 느낌이어서ㅠ완전 배고파서 먹었는데도 그닥 맛있지 않아서 조금 실망입니다","date":"Mon Dec 10 23:59:44 +0000 2018","retweets":"30","favorites":"20","mentions":[],"hashtags":[],"geo":"","raw":"기대하고 먹었는데 가격대비 너무 별로였습니다 빵이 눅눅하고 싸구려 맛이 나고 소스와 토핑도 따로 노는 느낌이어서ㅠ완전 배고파서 먹었는데도 그닥 맛있지 않아서 조금 실망입니다","polarity":{"com":0.015162089352941176,"pos":0.4325686907058823,"neg":0.4239501412941177,"neut":0.04898333670588235,"none":0.07933574194117649},"intensity":{"high":0.06620803512933082,"low":0.12326555184528219,"meium":0.7307548893642507,"none":0.07977152366113617},"expressive":{"dir-action":0.05925931111416122,"dir-explicit":0.3029595366292377,"dir-speech":0.3292836570394539,"indirect":0.2272595026336906,"writing-device":0.08123799258345658}},{"id":"미스터피자-공릉점","permalink":"","username":"asdfg","text":"맛있었요!\n근대 배달 너무 오래걸린느낌이라 기다리다 지칠뻔했는데 맛있게 잘먹어서 기분 좋았어요!","date":"Mon Dec 10 23:59:44 +0000 2018","retweets":"30","favorites":"20","mentions":[],"hashtags":[],"geo":"","raw":"맛있었요!\n근대 배달 너무 오래걸린느낌이라 기다리다 지칠뻔했는데 맛있게 잘먹어서 기분 좋았어요!","polarity":{"com":0,"pos":0.4392857143049107,"neg":0.48928571431116075,"neut":0.07142857138392857,"none":0},"intensity":{"high":0.0625,"low":0.07678571425,"meium":0.86071428575,"none":0},"expressive":{"dir-action":0,"dir-explicit":0.11428571425,"dir-speech":0.430357142875,"indirect":0.455357142875,"writing-device":0}},{"id":"미스터피자-공릉점","permalink":"","username":"asdfg","text":"존맛탱~빠른배달!! 짱입니다","date":"Mon Dec 10 23:59:44 +0000 2018","retweets":"30","favorites":"20","mentions":[],"hashtags":[],"geo":"","raw":"존맛탱~빠른배달!! 짱입니다","polarity":{"com":0.00571895425,"pos":0.84640522875,"neg":0.0694444445,"neut":0.022875817,"none":0.0555555555},"intensity":{"high":0.03186274500796568,"low":0.10375816977593955,"meium":0.8088235297022058,"none":0.05555555551388889},"expressive":{"dir-action":0,"dir-explicit":0.10457516350000001,"dir-speech":0.5506535947500001,"indirect":0.28431372550000006,"writing-device":0.06045751625000001}},{"id":"미스터피자-공릉점","permalink":"","username":"asdfg","text":"바삭바삭하고\n스윗하고 양도 적당했당~^^","date":"Mon Dec 10 23:59:44 +0000 2018","retweets":"30","favorites":"20","mentions":[],"hashtags":[],"geo":"","raw":"바삭바삭하고\n스윗하고 양도 적당했당~^^","polarity":{"com":0.012663982999999998,"pos":0.35075127533333333,"neg":0.3611861506666667,"neut":0.05570739966666668,"none":0.21969119133333334},"intensity":{"high":0.13252820595582393,"low":0.11895050929368316,"meium":0.5242818298252394,"none":0.2242394549252535},"expressive":{"dir-action":0.005981955333333333,"dir-explicit":0.22020410700000004,"dir-speech":0.33613891966666665,"indirect":0.20887052633333333,"writing-device":0.22880449166666664}},{"id":"미스터피자-공릉점","permalink":"","username":"asdfg","text":"맛있어용대박슨~~~~~~~","date":"Mon Dec 10 23:59:44 +0000 2018","retweets":"30","favorites":"20","mentions":[],"hashtags":[],"geo":"","raw":"맛있어용대박슨~~~~~~~","polarity":{"com":0,"pos":0,"neg":1,"neut":0,"none":0},"intensity":{"high":0,"low":0,"meium":1,"none":0},"expressive":{"dir-action":0,"dir-explicit":0,"dir-speech":1,"indirect":0,"writing-device":0}},{"id":"미스터피자-공릉점","permalink":"","username":"asdfg","text":"맛있고 빠른배달~^^","date":"Mon Dec 10 23:59:44 +0000 2018","retweets":"30","favorites":"20","mentions":[],"hashtags":[],"geo":"","raw":"맛있고 빠른배달~^^","polarity":{"com":0,"pos":0.6666666666666666,"neg":0.3333333333333333,"neut":0,"none":0},"intensity":{"high":0,"low":0.111111111,"meium":0.888888889,"none":0},"expressive":{"dir-action":0,"dir-explicit":0,"dir-speech":0.6666666666666666,"indirect":0.3333333333333333,"writing-device":0}},{"id":"미스터피자-공릉점","permalink":"","username":"asdfg","text":"피자는.그렇다치고, 김치스파게티 ..;; 개꿀맛!!!!!하","date":"Mon Dec 10 23:59:44 +0000 2018","retweets":"30","favorites":"20","mentions":[],"hashtags":[],"geo":"","raw":"피자는.그렇다치고, 김치스파게티 ..;; 개꿀맛!!!!!하","polarity":{"com":0,"pos":0.6613756615537919,"neg":0.16931216938977073,"neut":0.031746031677248675,"none":0.1375661373791887},"intensity":{"high":0.010582010666666666,"low":0.07936507933333331,"meium":0.7724867726666667,"none":0.1375661373333333},"expressive":{"dir-action":0.22222222233333333,"dir-explicit":0.052910053000000005,"dir-speech":0.5555555556666666,"indirect":0.026455026333333336,"writing-device":0.1428571426666667}},{"id":"미스터피자-공릉점","permalink":"","username":"asdfg","text":"미피미피 맛있어요~  신메뉴","date":"Mon Dec 10 23:59:44 +0000 2018","retweets":"30","favorites":"20","mentions":[],"hashtags":[],"geo":"","raw":"미피미피 맛있어요~  신메뉴","polarity":{"com":0,"pos":0.3333333333333333,"neg":0.6666666666666666,"neut":0,"none":0},"intensity":{"high":0.16666666666666666,"low":0,"meium":0.8333333333333334,"none":0},"expressive":{"dir-action":0,"dir-explicit":0.16666666666666666,"dir-speech":0.5555555556666666,"indirect":0.27777777766666667,"writing-device":0}},{"id":"미스터피자-공릉점","permalink":"","username":"asdfg","text":"쉬림프골드 너무너무 맛있어요","date":"Mon Dec 10 23:59:44 +0000 2018","retweets":"30","favorites":"20","mentions":[],"hashtags":[],"geo":"","raw":"쉬림프골드 너무너무 맛있어요","polarity":{"com":0,"pos":0,"neg":1,"neut":0,"none":0},"intensity":{"high":0,"low":0,"meium":1,"none":0},"expressive":{"dir-action":0,"dir-explicit":0,"dir-speech":1,"indirect":0,"writing-device":0}},{"id":"미스터피자-공릉점","permalink":"","username":"asdfg","text":"시푸트 빠에야 엄청 맛잇어요","date":"Mon Dec 10 23:59:44 +0000 2018","retweets":"30","favorites":"20","mentions":[],"hashtags":[],"geo":"","raw":"시푸트 빠에야 엄청 맛잇어요","polarity":{"com":0,"pos":0.5,"neg":0,"neut":0,"none":0.5},"intensity":{"high":0,"low":0,"meium":0.5,"none":0.5},"expressive":{"dir-action":0,"dir-explicit":0,"dir-speech":0.5,"indirect":0,"writing-device":0.5}},{"id":"미스터피자-공릉점","permalink":"","username":"asdfg","text":"배달은빨리왔구요 맛은그다지 셀러드소스가조금 약했어요","date":"Mon Dec 10 23:59:44 +0000 2018","retweets":"30","favorites":"20","mentions":[],"hashtags":[],"geo":"","raw":"배달은빨리왔구요 맛은그다지 셀러드소스가조금 약했어요","polarity":{"com":0,"pos":0.625,"neg":0.25,"neut":0.125,"none":0},"intensity":{"high":0,"low":0.125,"meium":0.875,"none":0},"expressive":{"dir-action":0,"dir-explicit":0.375,"dir-speech":0.5,"indirect":0.125,"writing-device":0}},{"id":"미스터피자-공릉점","permalink":"","username":"asdfg","text":"언제나 맛있어요~ 매일 시켜도 먹을 수 있을것 같아요 ㅋㅋ","date":"Mon Dec 10 23:59:44 +0000 2018","retweets":"30","favorites":"20","mentions":[],"hashtags":[],"geo":"","raw":"언제나 맛있어요~ 매일 시켜도 먹을 수 있을것 같아요 ㅋㅋ","polarity":{"com":0,"pos":0.16856060595785985,"neg":0.5159090908710227,"neut":0.026893939493276512,"none":0.2886363636778409},"intensity":{"high":0.04027777774999999,"low":0.059722222249999984,"meium":0.61136363625,"none":0.28863636375},"expressive":{"dir-action":0,"dir-explicit":0.14457070696385735,"dir-speech":0.5315656566171085,"indirect":0.03522727274119318,"writing-device":0.2886363636778409}},{"id":"미스터피자-공릉점","permalink":"","username":"asdfg","text":"스테이크는 아닌거같고요 불고기같네요\n큼릭한 새우는 맘에 들지만 맛은 스테이크쪽이 낫고요\n크림스파게티는 그냥저냥요\n피자 도우가 좀 더 얇음 좋겠어요\n크림치즈 엣지 맛있네요","date":"Mon Dec 10 23:59:44 +0000 2018","retweets":"30","favorites":"20","mentions":[],"hashtags":[],"geo":"","raw":"스테이크는 아닌거같고요 불고기같네요\n큼릭한 새우는 맘에 들지만 맛은 스테이크쪽이 낫고요\n크림스파게티는 그냥저냥요\n피자 도우가 좀 더 얇음 좋겠어요\n크림치즈 엣지 맛있네요","polarity":{"com":0.002188940118033342,"pos":0.49477926732260813,"neg":0.4184777494856137,"neut":0.04796401442022894,"none":0.03659002865351588},"intensity":{"high":0.12809012611764703,"low":0.07608703776470588,"meium":0.7565526975294118,"none":0.0392701385882353},"expressive":{"dir-action":0.00037950664708114745,"dir-explicit":0.3567177411386305,"dir-speech":0.41032899961237224,"indirect":0.13155795365479753,"writing-device":0.1010157989471186}},{"id":"미스터피자-공릉점","permalink":"","username":"asdfg","text":"맛있게 잘 먹었습니다","date":"Mon Dec 10 23:59:44 +0000 2018","retweets":"30","favorites":"20","mentions":[],"hashtags":[],"geo":"","raw":"맛있게 잘 먹었습니다","polarity":{"com":0,"pos":0.35714285717857136,"neg":0.6071428573035714,"neut":0.03571428551785714,"none":0},"intensity":{"high":0,"low":0.107142857,"meium":0.8928571430000001,"none":0},"expressive":{"dir-action":0,"dir-explicit":0.107142857,"dir-speech":0.5714285715,"indirect":0.3214285715,"writing-device":0}},{"id":"미스터피자-공릉점","permalink":"","username":"asdfg","text":"다른곳보다 토핑이 거의 없네요.. 이게 원래 삼만원이넘는가격.. 음..","date":"Mon Dec 10 23:59:44 +0000 2018","retweets":"30","favorites":"20","mentions":[],"hashtags":[],"geo":"","raw":"다른곳보다 토핑이 거의 없네요.. 이게 원래 삼만원이넘는가격.. 음..","polarity":{"com":0.02821481013882646,"pos":0.6569121040490126,"neg":0.27721837624611173,"neut":0.03639605628051485,"none":0.0012586532855344784},"intensity":{"high":0.22938955320839702,"low":0.209355989059816,"meium":0.5593664778741048,"none":0.00188797985768228},"expressive":{"dir-action":0.0006293265715184752,"dir-explicit":0.4162995594880428,"dir-speech":0.40874764005839254,"indirect":0.17243549402463365,"writing-device":0.0018879798574125686}},{"id":"미스터피자-공릉점","permalink":"","username":"asdfg","text":"한시간만에 왔네요 ㅠㅠ ㅠㅠ ㅠㅠ","date":"Mon Dec 10 23:59:44 +0000 2018","retweets":"30","favorites":"20","mentions":[],"hashtags":[],"geo":"","raw":"한시간만에 왔네요 ㅠㅠ ㅠㅠ ㅠㅠ","polarity":{"com":0,"pos":0.3397435896698718,"neg":0.16666666658333332,"neut":0.2756410256378205,"none":0.21794871810897437},"intensity":{"high":0.0512820515,"low":0.0256410255,"meium":0.7051282050000001,"none":0.217948718},"expressive":{"dir-action":0,"dir-explicit":0.1153846155,"dir-speech":0.378205128,"indirect":0.3012820515,"writing-device":0.205128205}},{"id":"미스터피자-공릉점","permalink":"","username":"asdfg","text":"음...맛있음!!! 역시 미스터피자","date":"Mon Dec 10 23:59:44 +0000 2018","retweets":"30","favorites":"20","mentions":[],"hashtags":[],"geo":"","raw":"음...맛있음!!! 역시 미스터피자","polarity":{"com":0,"pos":0.6666666668333333,"neg":0,"neut":0.16666666658333332,"none":0.16666666658333332},"intensity":{"high":0,"low":0.16666666658333332,"meium":0.6666666668333333,"none":0.16666666658333332},"expressive":{"dir-action":0,"dir-explicit":0.16666666658333332,"dir-speech":0.6666666668333333,"indirect":0,"writing-device":0.16666666658333332}},{"id":"미스터피자-공릉점","permalink":"","username":"asdfg","text":"존맛 ㄱㄴㄷㄹㅁㅂㅅ","date":"Mon Dec 10 23:59:44 +0000 2018","retweets":"30","favorites":"20","mentions":[],"hashtags":[],"geo":"","raw":"존맛 ㄱㄴㄷㄹㅁㅂㅅ","polarity":{"com":0.04545454534848485,"pos":0.439393939479798,"neg":0.3030303031010101,"neut":0.015151515005050504,"none":0.19696969706565656},"intensity":{"high":0.03030303033333333,"low":0.015151514999999999,"meium":0.590909091,"none":0.36363636366666663},"expressive":{"dir-action":0,"dir-explicit":0.015151514999999999,"dir-speech":0.590909091,"indirect":0.03030303033333333,"writing-device":0.36363636366666663}},{"id":"미스터피자-공릉점","permalink":"","username":"asdfg","text":"맛있고 배달이 빠른편입니다^^","date":"Mon Dec 10 23:59:44 +0000 2018","retweets":"30","favorites":"20","mentions":[],"hashtags":[],"geo":"","raw":"맛있고 배달이 빠른편입니다^^","polarity":{"com":0,"pos":0.625,"neg":0.25,"neut":0.125,"none":0},"intensity":{"high":0,"low":0.20833333325,"meium":0.79166666675,"none":0},"expressive":{"dir-action":0,"dir-explicit":0.25,"dir-speech":0.5,"indirect":0.25,"writing-device":0}},{"id":"미스터피자-공릉점","permalink":"","username":"asdfg","text":"빠른배송 너무 맘에 들어요.\n맛은 다들 아실테고","date":"Mon Dec 10 23:59:44 +0000 2018","retweets":"30","favorites":"20","mentions":[],"hashtags":[],"geo":"","raw":"빠른배송 너무 맘에 들어요.\n맛은 다들 아실테고","polarity":{"com":0.034368529999999994,"pos":0.5329192546,"neg":0.41532091099999996,"neut":0.017391304399999998,"none":0},"intensity":{"high":0.034368529999999994,"low":0.12712215319999998,"meium":0.835610766,"none":0.0028985507999999996},"expressive":{"dir-action":0,"dir-explicit":0.14906832282981367,"dir-speech":0.5701863355140373,"indirect":0.2807453416561491,"writing-device":0}},{"id":"미스터피자-공릉점","permalink":"","username":"asdfg","text":"맛있게 잘 먹었어요","date":"Mon Dec 10 23:59:44 +0000 2018","retweets":"30","favorites":"20","mentions":[],"hashtags":[],"geo":"","raw":"맛있게 잘 먹었어요","polarity":{"com":0,"pos":0.35714285717857136,"neg":0.6071428573035714,"neut":0.03571428551785714,"none":0},"intensity":{"high":0,"low":0.107142857,"meium":0.8928571430000001,"none":0},"expressive":{"dir-action":0,"dir-explicit":0.107142857,"dir-speech":0.5714285715,"indirect":0.3214285715,"writing-device":0}},{"id":"미스터피자-공릉점","permalink":"","username":"asdfg","text":"좋습니다~ 맛있게 먹었어요!","date":"Mon Dec 10 23:59:44 +0000 2018","retweets":"30","favorites":"20","mentions":[],"hashtags":[],"geo":"","raw":"좋습니다~ 맛있게 먹었어요!","polarity":{"com":0,"pos":0.6266666665,"neg":0.3533333335,"neut":0,"none":0.02},"intensity":{"high":0.1555555555,"low":0.131111111,"meium":0.6933333335,"none":0.02},"expressive":{"dir-action":0,"dir-explicit":0.411111111,"dir-speech":0.48888888900000005,"indirect":0.08,"writing-device":0.02}},{"id":"미스터피자-공릉점","permalink":"","username":"asdfg","text":"맛나요\nㅋ\n사실 더 맛나요","date":"Mon Dec 10 23:59:44 +0000 2018","retweets":"30","favorites":"20","mentions":[],"hashtags":[],"geo":"","raw":"맛나요\nㅋ\n사실 더 맛나요","polarity":{"com":0,"pos":0.7999999999999998,"neg":0.06666666666666667,"neut":0.06666666666666667,"none":0.06666666666666667},"intensity":{"high":0,"low":0,"meium":0.9333333333333332,"none":0.06666666666666667},"expressive":{"dir-action":0,"dir-explicit":0.19999999999999996,"dir-speech":0.7333333333333333,"indirect":0,"writing-device":0.06666666666666667}},{"id":"미스터피자-공릉점","permalink":"","username":"asdfg","text":"피자 토핑이 뭐랄까 가격대비 너무 저렴하네요 스윗피자 마스코트인 크린베리는 아예없고 아몬드도 거의 없고 파인애플은 손에 꼽을 수 있는 갯수만있고 그나마 옥수수는 많은데 제가 옥수수피자를 시킨 건 아니잖아요?\n\n전 스윗피자가 먹고싶었지 옥수수와 치즈 범벅이 된 피자를 먹고싶은게 아니였어요.\n리뷰 좋아서 시켰는데 실망이 크네요","date":"Mon Dec 10 23:59:44 +0000 2018","retweets":"30","favorites":"20","mentions":[],"hashtags":[],"geo":"","raw":"피자 토핑이 뭐랄까 가격대비 너무 저렴하네요 스윗피자 마스코트인 크린베리는 아예없고 아몬드도 거의 없고 파인애플은 손에 꼽을 수 있는 갯수만있고 그나마 옥수수는 많은데 제가 옥수수피자를 시킨 건 아니잖아요?\n\n전 스윗피자가 먹고싶었지 옥수수와 치즈 범벅이 된 피자를 먹고싶은게 아니였어요.\n리뷰 좋아서 시켰는데 실망이 크네요","polarity":{"com":0.021932488752741564,"pos":0.41681506467710183,"neg":0.3607147727950894,"neut":0.04496549917228735,"none":0.15557217460277986},"intensity":{"high":0.10222985253740706,"low":0.11926235766169739,"meium":0.6216294047657654,"none":0.15687838503513002},"expressive":{"dir-action":0.0011866962914194382,"dir-explicit":0.2922704453141103,"dir-speech":0.34902280901062027,"indirect":0.1991594060418418,"writing-device":0.1583606433420082}},{"id":"미스터피자-공릉점","permalink":"","username":"asdfg","text":"ㅋㅋㅋㅋㅋㅋ4ㄷㅇㅊㅎㅍㅍ","date":"Mon Dec 10 23:59:44 +0000 2018","retweets":"30","favorites":"20","mentions":[],"hashtags":[],"geo":"","raw":"ㅋㅋㅋㅋㅋㅋ4ㄷㅇㅊㅎㅍㅍ","polarity":{"com":null,"pos":null,"neg":null,"neut":null,"none":null},"intensity":{"high":null,"low":null,"meium":null,"none":null},"expressive":{"dir-action":null,"dir-explicit":null,"dir-speech":null,"indirect":null,"writing-device":null}},{"id":"미스터피자-공릉점","permalink":"","username":"asdfg","text":"맛있네요~ 또시켜먹고싶어요~","date":"Mon Dec 10 23:59:44 +0000 2018","retweets":"30","favorites":"20","mentions":[],"hashtags":[],"geo":"","raw":"맛있네요~ 또시켜먹고싶어요~","polarity":{"com":0,"pos":0.1587301586137566,"neg":0.6984126984338624,"neut":0,"none":0.14285714295238094},"intensity":{"high":0.037037037,"low":0.074074074,"meium":0.746031746,"none":0.142857143},"expressive":{"dir-action":0,"dir-explicit":0.12169312166666667,"dir-speech":0.687830688,"indirect":0,"writing-device":0.19047619033333332}},{"id":"미스터피자-공릉점","permalink":"","username":"asdfg","text":"그냥그냥 괜찮아요~","date":"Mon Dec 10 23:59:44 +0000 2018","retweets":"30","favorites":"20","mentions":[],"hashtags":[],"geo":"","raw":"그냥그냥 괜찮아요~","polarity":{"com":0,"pos":0,"neg":1,"neut":0,"none":0},"intensity":{"high":0,"low":0,"meium":1,"none":0},"expressive":{"dir-action":0,"dir-explicit":0,"dir-speech":1,"indirect":0,"writing-device":0}},{"id":"미스터피자-공릉점","permalink":"","username":"asdfg","text":"맛은 정말좋고요\n반반 메뉴라서 더 좋았고\n아쉬운점은 야이 적어요","date":"Mon Dec 10 23:59:44 +0000 2018","retweets":"30","favorites":"20","mentions":[],"hashtags":[],"geo":"","raw":"맛은 정말좋고요\n반반 메뉴라서 더 좋았고\n아쉬운점은 야이 적어요","polarity":{"com":0,"pos":0.6468253968066894,"neg":0.22222222231746033,"neut":0.0476190475782313,"none":0.08333333329761906},"intensity":{"high":0.17460317457142857,"low":0.14285714285714285,"meium":0.5992063492857144,"none":0.08333333328571428},"expressive":{"dir-action":0,"dir-explicit":0.37301587300000005,"dir-speech":0.1785714285714286,"indirect":0.36507936514285716,"writing-device":0.0833333332857143}},{"id":"미스터피자-공릉점","permalink":"","username":"asdfg","text":"리뷰보고 주문했는데~지금까지 먹은피자중에\n제일 맛있었어요~!","date":"Mon Dec 10 23:59:44 +0000 2018","retweets":"30","favorites":"20","mentions":[],"hashtags":[],"geo":"","raw":"리뷰보고 주문했는데~지금까지 먹은피자중에\n제일 맛있었어요~!","polarity":{"com":0,"pos":0.5454545454999999,"neg":0.284090909,"neut":0,"none":0.1704545455},"intensity":{"high":0.034090909008522734,"low":0.09469696952367425,"meium":0.6893939396723484,"none":0.18181818179545456},"expressive":{"dir-action":0,"dir-explicit":0.43939393960984846,"dir-speech":0.3674242423418561,"indirect":0.01136363625284091,"writing-device":0.18181818179545456}},{"id":"미스터피자-공릉점","permalink":"","username":"asdfg","text":"연말이라달력을주실줄알앗는데조기소진됫나안주셧나보네요..갠적으로맛은평타네요..","date":"Mon Dec 10 23:59:44 +0000 2018","retweets":"30","favorites":"20","mentions":[],"hashtags":[],"geo":"","raw":"연말이라달력을주실줄알앗는데조기소진됫나안주셧나보네요..갠적으로맛은평타네요..","polarity":{"com":0.00717138711031429,"pos":0.378031953513552,"neg":0.5660493827148834,"neut":0.01942628899784152,"none":0.02932098766340878},"intensity":{"high":0.1437908496826434,"low":0.07389251989709918,"meium":0.7529956427503328,"none":0.029320987669924557},"expressive":{"dir-action":0,"dir-explicit":0.13907044301545227,"dir-speech":0.4178830791575426,"indirect":0.40691721137854636,"writing-device":0.036129266448458805}},{"id":"미스터피자-공릉점","permalink":"","username":"asdfg","text":"맛없음..ㅠ반죽이 덜익듯..한 그런맛이었어여ㅠ","date":"Mon Dec 10 23:59:44 +0000 2018","retweets":"30","favorites":"20","mentions":[],"hashtags":[],"geo":"","raw":"맛없음..ㅠ반죽이 덜익듯..한 그런맛이었어여ㅠ","polarity":{"com":0,"pos":0.7083333334270833,"neg":0.2083333333020833,"neut":0,"none":0.08333333327083332},"intensity":{"high":0,"low":0,"meium":0.91666666675,"none":0.08333333325},"expressive":{"dir-action":0,"dir-explicit":0.2500000000625,"dir-speech":0.4583333333645833,"indirect":0.2083333333020833,"writing-device":0.08333333327083332}},{"id":"미스터피자-공릉점","permalink":"","username":"asdfg","text":"피자 도우가 너무질어서 별로네요","date":"Mon Dec 10 23:59:44 +0000 2018","retweets":"30","favorites":"20","mentions":[],"hashtags":[],"geo":"","raw":"피자 도우가 너무질어서 별로네요","polarity":{"com":0.005952381,"pos":0.47023809533333333,"neg":0.32142857133333336,"neut":0.026785714333333335,"none":0.175595238},"intensity":{"high":0.38690476199999996,"low":0.035714285666666665,"meium":0.39880952366666667,"none":0.17857142866666667},"expressive":{"dir-action":0,"dir-explicit":0.4583333333333333,"dir-speech":0.2708333333333333,"indirect":0.09523809533333333,"writing-device":0.175595238}},{"id":"미스터피자-공릉점","permalink":"","username":"asdfg","text":"굿 좋아요...\n배송만 빠르다면요","date":"Mon Dec 10 23:59:44 +0000 2018","retweets":"30","favorites":"20","mentions":[],"hashtags":[],"geo":"","raw":"굿 좋아요...\n배송만 빠르다면요","polarity":{"com":0,"pos":0.5897435897948717,"neg":0.16666666658333332,"neut":0.02564102551282051,"none":0.21794871810897434},"intensity":{"high":0.0512820515,"low":0.0256410255,"meium":0.7051282050000001,"none":0.217948718},"expressive":{"dir-action":0,"dir-explicit":0.1153846155,"dir-speech":0.128205128,"indirect":0.5512820515,"writing-device":0.205128205}},{"id":"미스터피자-공릉점","permalink":"","username":"asdfg","text":"맛있어요.역시 미스터피자.","date":"Mon Dec 10 23:59:44 +0000 2018","retweets":"30","favorites":"20","mentions":[],"hashtags":[],"geo":"","raw":"맛있어요.역시 미스터피자.","polarity":{"com":0,"pos":0.16666666658333332,"neg":0.5000000002499999,"neut":0.16666666658333332,"none":0.16666666658333332},"intensity":{"high":0,"low":0.16666666658333332,"meium":0.6666666668333333,"none":0.16666666658333332},"expressive":{"dir-action":0,"dir-explicit":0.16666666658333332,"dir-speech":0.6666666668333333,"indirect":0,"writing-device":0.16666666658333332}},{"id":"미스터피자-공릉점","permalink":"","username":"asdfg","text":".","date":"Mon Dec 10 23:59:44 +0000 2018","retweets":"30","favorites":"20","mentions":[],"hashtags":[],"geo":"","raw":"...................","polarity":{"com":null,"pos":null,"neg":null,"neut":null,"none":null},"intensity":{"high":null,"low":null,"meium":null,"none":null},"expressive":{"dir-action":null,"dir-explicit":null,"dir-speech":null,"indirect":null,"writing-device":null}},{"id":"미스터피자-공릉점","permalink":"","username":"asdfg","text":"배달도 빠르고 맛있어요~","date":"Mon Dec 10 23:59:44 +0000 2018","retweets":"30","favorites":"20","mentions":[],"hashtags":[],"geo":"","raw":"배달도 빠르고 맛있어요~","polarity":{"com":0,"pos":0.6666666666666666,"neg":0.3333333333333333,"neut":0,"none":0},"intensity":{"high":0,"low":0.111111111,"meium":0.888888889,"none":0},"expressive":{"dir-action":0,"dir-explicit":0,"dir-speech":0.6666666666666666,"indirect":0.3333333333333333,"writing-device":0}},{"id":"미스터피자-공릉점","permalink":"","username":"asdfg","text":"맛있습니다~!!^^","date":"Mon Dec 10 23:59:44 +0000 2018","retweets":"30","favorites":"20","mentions":[],"hashtags":[],"geo":"","raw":"맛있습니다~!!^^","polarity":{"com":0,"pos":0,"neg":1,"neut":0,"none":0},"intensity":{"high":0,"low":0,"meium":1,"none":0},"expressive":{"dir-action":0,"dir-explicit":0,"dir-speech":1,"indirect":0,"writing-device":0}},{"id":"미스터피자-공릉점","permalink":"","username":"asdfg","text":"맛나게 잘 먹었씀돠","date":"Mon Dec 10 23:59:44 +0000 2018","retweets":"30","favorites":"20","mentions":[],"hashtags":[],"geo":"","raw":"맛나게 잘 먹었씀돠","polarity":{"com":0,"pos":0.6753246753376623,"neg":0.24350649362175322,"neut":0.08116883104058442,"none":0},"intensity":{"high":0.0454545455,"low":0.15259740249999998,"meium":0.801948052,"none":0},"expressive":{"dir-action":0.045454545500000006,"dir-explicit":0.1525974025,"dir-speech":0.34415584400000004,"indirect":0.45779220800000003,"writing-device":0}},{"id":"미스터피자-공릉점","permalink":"","username":"asdfg","text":"배송이야 항상 맘에 들구요\n맛도 좋지요^^","date":"Mon Dec 10 23:59:44 +0000 2018","retweets":"30","favorites":"20","mentions":[],"hashtags":[],"geo":"","raw":"배송이야 항상 맘에 들구요\n맛도 좋지요^^","polarity":{"com":0,"pos":0.9733333333333333,"neg":0.013333333333333334,"neut":0,"none":0.013333333333333334},"intensity":{"high":0.06666666666666667,"low":0.013333333333333334,"meium":0.9066666666666666,"none":0.013333333333333334},"expressive":{"dir-action":0,"dir-explicit":0.3666666666666667,"dir-speech":0.5666666666666667,"indirect":0.05333333333333334,"writing-device":0.013333333333333334}},{"id":"미스터피자-공릉점","permalink":"","username":"asdfg","text":"가운데 있는 치즈가 굳어있는건 넘 아쉽지만 그래도 게살과 소스의 맛이 최고에요 해쉬브라운 엣지도 나름 먹을만 하네요 ~다음에도 또 시켜먹을 것 같아요","date":"Mon Dec 10 23:59:44 +0000 2018","retweets":"30","favorites":"20","mentions":[],"hashtags":[],"geo":"","raw":"가운데 있는 치즈가 굳어있는건 넘 아쉽지만 그래도 게살과 소스의 맛이 최고에요 해쉬브라운 엣지도 나름 먹을만 하네요 ~다음에도 또 시켜먹을 것 같아요","polarity":{"com":0.011594822332560347,"pos":0.31133179191257787,"neg":0.4499830504366678,"neut":0.03673826453088411,"none":0.19035207078730984},"intensity":{"high":0.08659696419422687,"low":0.10079849605994677,"meium":0.6205972615586267,"none":0.1920072781871995},"expressive":{"dir-action":0.0010599692665960018,"dir-explicit":0.21678583458554765,"dir-speech":0.3685128907087658,"indirect":0.22006177778532923,"writing-device":0.19357952765376135}},{"id":"미스터피자-공릉점","permalink":"","username":"asdfg","text":"마시쩡 마시짱 할인쿠폰 요긴합니당","date":"Mon Dec 10 23:59:44 +0000 2018","retweets":"30","favorites":"20","mentions":[],"hashtags":[],"geo":"","raw":"마시쩡 마시짱 할인쿠폰 요긴합니당","polarity":{"com":0.012012012,"pos":0.3063063065,"neg":0.153153153,"neut":0.5165165165,"none":0.012012012},"intensity":{"high":0.057057057,"low":0.042042042,"meium":0.3873873875,"none":0.5135135135},"expressive":{"dir-action":0.0015015015000000005,"dir-explicit":0.6561561560000001,"dir-speech":0.045045045000000006,"indirect":0.28378378400000004,"writing-device":0.013513513500000003}},{"id":"미스터피자-공릉점","permalink":"","username":"asdfg","text":"진짜진짜맛있었어요!","date":"Mon Dec 10 23:59:44 +0000 2018","retweets":"30","favorites":"20","mentions":[],"hashtags":[],"geo":"","raw":"진짜진짜맛있었어요!","polarity":{"com":0,"pos":0,"neg":1,"neut":0,"none":0},"intensity":{"high":0,"low":0,"meium":1,"none":0},"expressive":{"dir-action":0,"dir-explicit":0,"dir-speech":1,"indirect":0,"writing-device":0}},{"id":"미스터피자-공릉점","permalink":"","username":"asdfg","text":"맛있어용ლ(╹◡╹ლ)","date":"Mon Dec 10 23:59:44 +0000 2018","retweets":"30","favorites":"20","mentions":[],"hashtags":[],"geo":"","raw":"맛있어용ლ(╹◡╹ლ)","polarity":{"com":0,"pos":0,"neg":1,"neut":0,"none":0},"intensity":{"high":0,"low":0,"meium":1,"none":0},"expressive":{"dir-action":0,"dir-explicit":0,"dir-speech":1,"indirect":0,"writing-device":0}},{"id":"미스터피자-공릉점","permalink":"","username":"asdfg","text":"맛잇음","date":"Mon Dec 10 23:59:44 +0000 2018","retweets":"30","favorites":"20","mentions":[],"hashtags":[],"geo":"","raw":"맛잇음","polarity":{"com":0,"pos":0.75,"neg":0.25,"neut":0,"none":0},"intensity":{"high":0,"low":0,"meium":1,"none":0},"expressive":{"dir-action":0,"dir-explicit":0,"dir-speech":0.75,"indirect":0.25,"writing-device":0}},{"id":"미스터피자-공릉점","permalink":"","username":"asdfg","text":"좋아요","date":"Mon Dec 10 23:59:44 +0000 2018","retweets":"30","favorites":"20","mentions":[],"hashtags":[],"geo":"","raw":"좋아요","polarity":{"com":0,"pos":0.92,"neg":0.04,"neut":0,"none":0.04},"intensity":{"high":0.2,"low":0.04,"meium":0.72,"none":0.04},"expressive":{"dir-action":0,"dir-explicit":0.6,"dir-speech":0.2,"indirect":0.16,"writing-device":0.04}},{"id":"미스터피자-공릉점","permalink":"","username":"asdfg","text":"맛있게먹었습니다","date":"Mon Dec 10 23:59:44 +0000 2018","retweets":"30","favorites":"20","mentions":[],"hashtags":[],"geo":"","raw":"맛있게먹었습니다","polarity":{"com":0,"pos":0.1666666665,"neg":0.8333333334999999,"neut":0,"none":0},"intensity":{"high":0.0555555555,"low":0.111111111,"meium":0.8333333334999999,"none":0},"expressive":{"dir-action":0,"dir-explicit":0.111111111,"dir-speech":0.888888889,"indirect":0,"writing-device":0}},{"id":"미스터피자-공릉점","permalink":"","username":"asdfg","text":"만원할인되서 진짜 말도안되는 가격에 먹었어욥!!","date":"Mon Dec 10 23:59:44 +0000 2018","retweets":"30","favorites":"20","mentions":[],"hashtags":[],"geo":"","raw":"만원할인되서 진짜 말도안되는 가격에 먹었어욥!!","polarity":{"com":0.009375,"pos":0.42708333325000003,"neg":0.53854166675,"neut":0.025000000000000005,"none":0},"intensity":{"high":0.04965277775,"low":0.0774305555,"meium":0.86979166675,"none":0.0031249999999999993},"expressive":{"dir-action":0,"dir-explicit":0.4336805555,"dir-speech":0.23819444450000002,"indirect":0.328125,"writing-device":0}},{"id":"미스터피자-공릉점","permalink":"","username":"asdfg","text":"에그타르트 엣지 강추!","date":"Mon Dec 10 23:59:44 +0000 2018","retweets":"30","favorites":"20","mentions":[],"hashtags":[],"geo":"","raw":"에그타르트 엣지 강추!","polarity":{"com":0,"pos":0.25,"neg":0.75,"neut":0,"none":0},"intensity":{"high":0,"low":0,"meium":1,"none":0},"expressive":{"dir-action":0,"dir-explicit":0.25,"dir-speech":0.75,"indirect":0,"writing-device":0}},{"id":"미스터피자-공릉점","permalink":"","username":"asdfg","text":"잘먹었습니다~ 근데 먹으면 치즈나 무언가가 약간 부족한 느낌이 들었지만 그래도 잘먹었어요!","date":"Mon Dec 10 23:59:44 +0000 2018","retweets":"30","favorites":"20","mentions":[],"hashtags":[],"geo":"","raw":"잘먹었습니다~ 근데 먹으면 치즈나 무언가가 약간 부족한 느낌이 들었지만 그래도 잘먹었어요!","polarity":{"com":0.0022321428755580357,"pos":0.46532738099133186,"neg":0.46994047624248514,"neut":0.05915178563978795,"none":0.0033482142508370533},"intensity":{"high":0.033978174625,"low":0.175992063375,"meium":0.78556547625,"none":0.00446428575},"expressive":{"dir-action":0,"dir-explicit":0.21572420624999994,"dir-speech":0.45949900799999993,"indirect":0.3214285714999999,"writing-device":0.003348214249999999}},{"id":"미스터피자-공릉점","permalink":"","username":"asdfg","text":"급하게 주문하느라 할인혜택 못받고 주문했네요.. 아깝지만 피자는 맛있었어요ㅎ","date":"Mon Dec 10 23:59:44 +0000 2018","retweets":"30","favorites":"20","mentions":[],"hashtags":[],"geo":"","raw":"급하게 주문하느라 할인혜택 못받고 주문했네요.. 아깝지만 피자는 맛있었어요ㅎ","polarity":{"com":0,"pos":0.6731150794182788,"neg":0.28323412707080853,"neut":0.023809523755952376,"none":0.019841269754960318},"intensity":{"high":0.10168650800000001,"low":0.059523809500000004,"meium":0.8189484127500001,"none":0.019841269750000005},"expressive":{"dir-action":0,"dir-explicit":0.60218253975,"dir-speech":0.22916666675,"indirect":0.14484126975,"writing-device":0.02380952375}},{"id":"미스터피자-공릉점","permalink":"","username":"asdfg","text":"훌륭한 맛이었습니다. 처음 주문해 본 메뉴인데 이렇게 만족스러운 적이 드물었던 것 같아요.","date":"Mon Dec 10 23:59:44 +0000 2018","retweets":"30","favorites":"20","mentions":[],"hashtags":[],"geo":"","raw":"훌륭한 맛이었습니다. 처음 주문해 본 메뉴인데 이렇게 만족스러운 적이 드물었던 것 같아요.","polarity":{"com":0.05600877988879824,"pos":0.4171230466165754,"neg":0.336314993232737,"neut":0.03496166599300767,"none":0.15559151426888168},"intensity":{"high":0.04339025930433903,"low":0.028116171102811616,"meium":0.7726870014772688,"none":0.15580656811558066},"expressive":{"dir-action":0.0006451612999354839,"dir-explicit":0.26240540407375945,"dir-speech":0.2899294311710071,"indirect":0.2853010382714699,"writing-device":0.1617189651838281}},{"id":"미스터피자-공릉점","permalink":"","username":"asdfg","text":"맛있는데 배송은 약간 느려요","date":"Mon Dec 10 23:59:44 +0000 2018","retweets":"30","favorites":"20","mentions":[],"hashtags":[],"geo":"","raw":"맛있는데 배송은 약간 느려요","polarity":{"com":0.008474576500000002,"pos":0.17796610150000003,"neg":0.7796610170000001,"neut":0.016949152500000002,"none":0.016949152500000002},"intensity":{"high":0.05084745752542373,"low":0.06779661003389831,"meium":0.8644067799322034,"none":0.016949152508474577},"expressive":{"dir-action":0,"dir-explicit":0.1355932205,"dir-speech":0.779661017,"indirect":0.06779661,"writing-device":0.0169491525}},{"id":"미스터피자-공릉점","permalink":"","username":"asdfg","text":"잘먹었어요","date":"Mon Dec 10 23:59:44 +0000 2018","retweets":"30","favorites":"20","mentions":[],"hashtags":[],"geo":"","raw":"잘먹었어요","polarity":{"com":0,"pos":0.7142857147142857,"neg":0.21428571421428572,"neut":0.07142857107142857,"none":0},"intensity":{"high":0,"low":0.214285714,"meium":0.785714286,"none":0},"expressive":{"dir-action":0,"dir-explicit":0.214285714,"dir-speech":0.142857143,"indirect":0.642857143,"writing-device":0}},{"id":"미스터피자-공릉점","permalink":"","username":"asdfg","text":"30분 후에 온다면서 40분 후에 왔네요. 일단 전화받는 분 부터 너무 미숙했구요, 씬 피자 시켰는데 두꺼운 도우로 온 것 같아 전화를 드렸더니 20분동안 통화중이셔서 20분 끝에 전화 연결 되었네요! 제가 시킨 포테이토는 씬 피자로 만들어도 원래 이렇게 일반스럽다네요! 치즈가 딱딱히 굳었다고 했더니 이탈리아산 치즈는 원래 이렇다네요~ 원래 딱딱한 치즈를 사용하는 OOOOO, 다시는 안 시켜먹을 듯 합니다*^^*","date":"Mon Dec 10 23:59:44 +0000 2018","retweets":"30","favorites":"20","mentions":[],"hashtags":[],"geo":"","raw":"30분 후에 온다면서 40분 후에 왔네요. 일단 전화받는 분 부터 너무 미숙했구요, 씬 피자 시켰는데 두꺼운 도우로 온 것 같아 전화를 드렸더니 20분동안 통화중이셔서 20분 끝에 전화 연결 되었네요! 제가 시킨 포테이토는 씬 피자로 만들어도 원래 이렇게 일반스럽다네요! 치즈가 딱딱히 굳었다고 했더니 이탈리아산 치즈는 원래 이렇다네요~ 원래 딱딱한 치즈를 사용하는 OOOOO, 다시는 안 시켜먹을 듯 합니다*^^*","polarity":{"com":0.009337000055555556,"pos":0.49461192925,"neg":0.3372931390000001,"neut":0.06957193505555556,"none":0.08918599663888892},"intensity":{"high":0.10232124593875994,"low":0.1521992322137667,"meium":0.6555233334358044,"none":0.0899561884116691},"expressive":{"dir-action":0.0011149815554316689,"dir-explicit":0.28250243294083305,"dir-speech":0.40067966906659125,"indirect":0.22163255678092966,"writing-device":0.09407035965621441}}]