[{"id":"반올림피자샵 경기하남점","permalink":"","username":"asdfg","text":"역시 피자는 반올림이에요 !!!고구마 피자 너무 맛있었고 스파게티도 맛있었어요 !","date":"Mon Dec 10 23:59:44 +0000 2018","retweets":"30","favorites":"20","mentions":[],"hashtags":[],"geo":"","raw":"역시 피자는 반올림이에요 !!!고구마 피자 너무 맛있었고 스파게티도 맛있었어요 !","polarity":{"com":0.03750000001875,"pos":0.25198412687599203,"neg":0.38769841294384927,"neut":0.11071428555535716,"none":0.21210317460605158},"intensity":{"high":0.07936507951984126,"low":0.2071428570517857,"meium":0.5013888888753472,"none":0.2121031745530258},"expressive":{"dir-action":0,"dir-explicit":0.31230158725,"dir-speech":0.3964285715,"indirect":0.076984127,"writing-device":0.21428571425}},{"id":"반올림피자샵 경기하남점","permalink":"","username":"asdfg","text":"너무맛나요자주시켜켜먹을께요 ","date":"Mon Dec 10 23:59:44 +0000 2018","retweets":"30","favorites":"20","mentions":[],"hashtags":[],"geo":"","raw":"너무맛나요자주시켜켜먹을께요 ","polarity":{"com":0.047619047666666664,"pos":0.30687830666666666,"neg":0.6455026456666667,"neut":0,"none":0},"intensity":{"high":0.1402116402865961,"low":0.1402116402865961,"meium":0.7195767194268078,"none":0},"expressive":{"dir-action":0.018518518666666667,"dir-explicit":0.39417989400000003,"dir-speech":0.4285714286666667,"indirect":0.15873015866666665,"writing-device":0}},{"id":"반올림피자샵 경기하남점","permalink":"","username":"asdfg","text":"너무 맛았어요 근데 스파케티가 조금 뷸어서 온것같아요","date":"Mon Dec 10 23:59:44 +0000 2018","retweets":"30","favorites":"20","mentions":[],"hashtags":[],"geo":"","raw":"너무 맛았어요 근데 스파케티가 조금 뷸어서 온것같아요","polarity":{"com":0.036013824992797226,"pos":0.3321219103335756,"neg":0.3789791927242041,"neut":0.1510274403697945,"none":0.10185763157962846},"intensity":{"high":0.088671275,"low":0.07322580639999998,"meium":0.7340294649999999,"none":0.10407345359999998},"expressive":{"dir-action":0.0012903225997419356,"dir-explicit":0.30662686773867465,"dir-speech":0.31493122473701374,"indirect":0.2752939533449412,"writing-device":0.10185763157962846}},{"id":"반올림피자샵 경기하남점","permalink":"","username":"asdfg","text":"맛있습니다. 근데 앞에서 전화달라는 요청은 전달이 안됐나보네요. 개짖는 소리때문에 제가 먼저 나가서 받으려했는데요","date":"Mon Dec 10 23:59:44 +0000 2018","retweets":"30","favorites":"20","mentions":[],"hashtags":[],"geo":"","raw":"맛있습니다. 근데 앞에서 전화달라는 요청은 전달이 안됐나보네요. 개짖는 소리때문에 제가 먼저 나가서 받으려했는데요","polarity":{"com":0.008412256416666665,"pos":0.3980343355833333,"neg":0.5162526886666666,"neut":0.047372142416666665,"none":0.02992857691666666},"intensity":{"high":0.074984106089582,"low":0.15372078501281006,"meium":0.7400415703950035,"none":0.031253538502604455},"expressive":{"dir-action":0.00132496158355416,"dir-explicit":0.19933581919988932,"dir-speech":0.5351428508391904,"indirect":0.21234325870205725,"writing-device":0.05185310967530886}},{"id":"반올림피자샵 경기하남점","permalink":"","username":"asdfg","text":"정말어이없어요  친구들이랑 저녁대신 피자 먹을랬는데 시킨지 한시간 반이 지나서 오고 배달하는 사람은 전화도 안받는건 물론 피자가 다 식어서 딱딱한 밀가루 맛으로 변하고.. 정말 화가나네요.. ","date":"Mon Dec 10 23:59:44 +0000 2018","retweets":"30","favorites":"20","mentions":[],"hashtags":[],"geo":"","raw":"정말어이없어요  친구들이랑 저녁대신 피자 먹을랬는데 시킨지 한시간 반이 지나서 오고 배달하는 사람은 전화도 안받는건 물론 피자가 다 식어서 딱딱한 밀가루 맛으로 변하고.. 정말 화가나네요.. ","polarity":{"com":0.0064086800476190475,"pos":0.4515784994285714,"neg":0.36650121580952383,"neut":0.018894423142857143,"none":0.15661718157142857},"intensity":{"high":0.17394884551552625,"low":0.0613229860446989,"meium":0.6063233748758893,"none":0.15840479356388548},"expressive":{"dir-action":0.03264615281107839,"dir-explicit":0.29190425834723355,"dir-speech":0.2759041278226621,"indirect":0.2387528543447025,"writing-device":0.16079260667432344}},{"id":"반올림피자샵 경기하남점","permalink":"","username":"asdfg","text":"너무 맛있습니다~~^^","date":"Mon Dec 10 23:59:44 +0000 2018","retweets":"30","favorites":"20","mentions":[],"hashtags":[],"geo":"","raw":"너무 맛있습니다~~^^","polarity":{"com":0.142857143,"pos":0.142857143,"neg":0.714285714,"neut":0,"none":0},"intensity":{"high":0.142857143,"low":0.142857143,"meium":0.714285714,"none":0},"expressive":{"dir-action":0,"dir-explicit":0.5714285710000001,"dir-speech":0.28571428600000004,"indirect":0.14285714300000002,"writing-device":0}},{"id":"반올림피자샵 경기하남점","permalink":"","username":"asdfg","text":"너무나  맛있게  잘먹었습니다","date":"Mon Dec 10 23:59:44 +0000 2018","retweets":"30","favorites":"20","mentions":[],"hashtags":[],"geo":"","raw":"너무나  맛있게  잘먹었습니다","polarity":{"com":0,"pos":0.3571428571785714,"neg":0.4821428572410714,"neut":0.16071428558035714,"none":0},"intensity":{"high":0.5,"low":0.107142857,"meium":0.392857143,"none":0},"expressive":{"dir-action":0,"dir-explicit":0.482142857,"dir-speech":0.0714285715,"indirect":0.4464285715,"writing-device":0}},{"id":"반올림피자샵 경기하남점","permalink":"","username":"asdfg","text":"맛있어요~ 또시켜먹을게요~","date":"Mon Dec 10 23:59:44 +0000 2018","retweets":"30","favorites":"20","mentions":[],"hashtags":[],"geo":"","raw":"맛있어요~ 또시켜먹을게요~","polarity":{"com":0,"pos":0.1587301586137566,"neg":0.6984126984338624,"neut":0,"none":0.14285714295238094},"intensity":{"high":0.037037037,"low":0.074074074,"meium":0.746031746,"none":0.142857143},"expressive":{"dir-action":0,"dir-explicit":0.12169312166666667,"dir-speech":0.687830688,"indirect":0,"writing-device":0.19047619033333332}},{"id":"반올림피자샵 경기하남점","permalink":"","username":"asdfg","text":"피자와 훈제치킨 맛있게 잘 먹었습니다.","date":"Mon Dec 10 23:59:44 +0000 2018","retweets":"30","favorites":"20","mentions":[],"hashtags":[],"geo":"","raw":"피자와 훈제치킨 맛있게 잘 먹었습니다.","polarity":{"com":0,"pos":0.4464285714821428,"neg":0.48809523816269845,"neut":0.06547619035515873,"none":0},"intensity":{"high":0.0625,"low":0.11309523799999999,"meium":0.824404762,"none":0},"expressive":{"dir-action":0,"dir-explicit":0.175595238,"dir-speech":0.5059523810000001,"indirect":0.318452381,"writing-device":0}},{"id":"반올림피자샵 경기하남점","permalink":"","username":"asdfg","text":"피자는 여기가 최고","date":"Mon Dec 10 23:59:44 +0000 2018","retweets":"30","favorites":"20","mentions":[],"hashtags":[],"geo":"","raw":"피자는 여기가 최고","polarity":{"com":0.008928571504464284,"pos":0.3640873016820436,"neg":0.48611111124305556,"neut":0.0877976190438988,"none":0.0530753965265377},"intensity":{"high":0.09623015900000001,"low":0.17261904749999998,"meium":0.673611111,"none":0.0575396825},"expressive":{"dir-action":0,"dir-explicit":0.2668650795,"dir-speech":0.4895833335,"indirect":0.1825396825,"writing-device":0.0610119045}},{"id":"반올림피자샵 경기하남점","permalink":"","username":"asdfg","text":"간만에 주문하네요 잘먹겠습니다","date":"Mon Dec 10 23:59:44 +0000 2018","retweets":"30","favorites":"20","mentions":[],"hashtags":[],"geo":"","raw":"간만에 주문하네요 잘먹겠습니다","polarity":{"com":0,"pos":0.8571428574285714,"neg":0.10714285705357143,"neut":0.035714285517857144,"none":0},"intensity":{"high":0,"low":0.107142857,"meium":0.8928571430000001,"none":0},"expressive":{"dir-action":0,"dir-explicit":0.607142857,"dir-speech":0.0714285715,"indirect":0.3214285715,"writing-device":0}},{"id":"반올림피자샵 경기하남점","permalink":"","username":"asdfg","text":"너무 맛잇습니다!!","date":"Mon Dec 10 23:59:44 +0000 2018","retweets":"30","favorites":"20","mentions":[],"hashtags":[],"geo":"","raw":"너무 맛잇습니다!!","polarity":{"com":0.142857143,"pos":0.142857143,"neg":0.714285714,"neut":0,"none":0},"intensity":{"high":0.142857143,"low":0.142857143,"meium":0.714285714,"none":0},"expressive":{"dir-action":0,"dir-explicit":0.5714285710000001,"dir-speech":0.28571428600000004,"indirect":0.14285714300000002,"writing-device":0}},{"id":"반올림피자샵 경기하남점","permalink":"","username":"asdfg","text":"수제고구마 치즈후라이 둘다놓칠수없어 반반했어요~치즈후라이가 넘사벽이지만ㅠㅠ 수제고구마도 굿굿스파게티도 정말맛있었어요!","date":"Mon Dec 10 23:59:44 +0000 2018","retweets":"30","favorites":"20","mentions":[],"hashtags":[],"geo":"","raw":"수제고구마 치즈후라이 둘다놓칠수없어 반반했어요~치즈후라이가 넘사벽이지만ㅠㅠ 수제고구마도 굿굿스파게티도 정말맛있었어요!","polarity":{"com":0.014104018,"pos":0.29743689939999995,"neg":0.42852278550000006,"neut":0.13509694739999997,"none":0.12483934970000002},"intensity":{"high":0.11136644981113666,"low":0.056687599605668756,"meium":0.7059986898705999,"none":0.1259472607125947},"expressive":{"dir-action":0.0006451612998709678,"dir-explicit":0.2745374387450925,"dir-speech":0.36430713672713855,"indirect":0.22513870065497224,"writing-device":0.13537156257292568}},{"id":"반올림피자샵 경기하남점","permalink":"","username":"asdfg","text":"오ㅓㅠ디혀ㅛㅇㅇ수ㅜㅡ","date":"Mon Dec 10 23:59:44 +0000 2018","retweets":"30","favorites":"20","mentions":[],"hashtags":[],"geo":"","raw":"오ㅓㅠ디혀ㅛㅇㅇ수ㅜㅡ","polarity":{"com":0,"pos":0,"neg":1,"neut":0,"none":0},"intensity":{"high":0,"low":0,"meium":1,"none":0},"expressive":{"dir-action":0,"dir-explicit":0,"dir-speech":1,"indirect":0,"writing-device":0}},{"id":"반올림피자샵 경기하남점","permalink":"","username":"asdfg","text":"맛있고 깔끔하니 좋네요 ㅎ","date":"Mon Dec 10 23:59:44 +0000 2018","retweets":"30","favorites":"20","mentions":[],"hashtags":[],"geo":"","raw":"맛있고 깔끔하니 좋네요 ㅎ","polarity":{"com":0.008008007999999999,"pos":0.510870871,"neg":0.4487687686666666,"neut":0.011011011,"none":0.02134134133333333},"intensity":{"high":0.10470470466666666,"low":0.04136136133333334,"meium":0.8315915916666666,"none":0.022342342333333334},"expressive":{"dir-action":0.0010010010000000003,"dir-explicit":0.30410410400000004,"dir-speech":0.43003003,"indirect":0.2425225226666667,"writing-device":0.022342342333333338}},{"id":"반올림피자샵 경기하남점","permalink":"","username":"asdfg","text":"50분이면 된다고 떠서 주문 진행 했는데아무런 연락도 없이 1시간 30분이나 걸렸네요.중간에 두차례나 확인 전화도 했는데 말이예요.덕분에 다 식어서 바이트는 밀가루 덩어리같고퍽퍽해서 애도 안 먹네요.콜라가 잘못 인계됐으면 우선 피자는 배달하고 다음에 가져오시던가 아니면 부분환불이나 쿠폰처리하셔도 될것인데.피자를 이렇게 보내시면 누가 이걸 맛있다고 먹나요.제가 전화드렸을때라도 솔직하게 말씀해주셨으면지금처럼 기분은 안나빴을겁니다.","date":"Mon Dec 10 23:59:44 +0000 2018","retweets":"30","favorites":"20","mentions":[],"hashtags":[],"geo":"","raw":"50분이면 된다고 떠서 주문 진행 했는데아무런 연락도 없이 1시간 30분이나 걸렸네요.중간에 두차례나 확인 전화도 했는데 말이예요.덕분에 다 식어서 바이트는 밀가루 덩어리같고퍽퍽해서 애도 안 먹네요.콜라가 잘못 인계됐으면 우선 피자는 배달하고 다음에 가져오시던가 아니면 부분환불이나 쿠폰처리하셔도 될것인데.피자를 이렇게 보내시면 누가 이걸 맛있다고 먹나요.제가 전화드렸을때라도 솔직하게 말씀해주셨으면지금처럼 기분은 안나빴을겁니다.","polarity":{"com":0.059111413574999994,"pos":0.33487809807499996,"neg":0.38463256437499993,"neut":0.09514365805000001,"none":0.126234265925},"intensity":{"high":0.14221397817866788,"low":0.11349608158297557,"meium":0.6163809133075429,"none":0.12790902693081363},"expressive":{"dir-action":0.00171720602495707,"dir-explicit":0.22543461121936414,"dir-speech":0.3422868306414428,"indirect":0.27491263989312714,"writing-device":0.15564871222110876}},{"id":"반올림피자샵 경기하남점","permalink":"","username":"asdfg","text":"너무너무 맛있어요 탁히 스파게티가 굿좝","date":"Mon Dec 10 23:59:44 +0000 2018","retweets":"30","favorites":"20","mentions":[],"hashtags":[],"geo":"","raw":"너무너무 맛있어요 탁히 스파게티가 굿좝","polarity":{"com":0.0089285715,"pos":0.205357143,"neg":0.732142857,"neut":0.0401785715,"none":0.013392857},"intensity":{"high":0.080357143,"low":0.0535714285,"meium":0.8482142855,"none":0.017857143},"expressive":{"dir-action":0,"dir-explicit":0.1875,"dir-speech":0.65625,"indirect":0.142857143,"writing-device":0.013392857}},{"id":"반올림피자샵 경기하남점","permalink":"","username":"asdfg","text":"까르보나라 소스가 부족해서 맛이 안낫어요..ㅠ그거빼곤 다 맛잇엇습니다!","date":"Mon Dec 10 23:59:44 +0000 2018","retweets":"30","favorites":"20","mentions":[],"hashtags":[],"geo":"","raw":"까르보나라 소스가 부족해서 맛이 안낫어요..ㅠ그거빼곤 다 맛잇엇습니다!","polarity":{"com":0.005315997428571429,"pos":0.6273041474285714,"neg":0.2684962694285714,"neut":0.04131830157142857,"none":0.057565284142857144},"intensity":{"high":0.17600669297485622,"low":0.06761026984748425,"meium":0.6972350230432521,"none":0.059148014134407435},"expressive":{"dir-action":0.0009216589998683345,"dir-explicit":0.2578642748203051,"dir-speech":0.36861970594734006,"indirect":0.30610050467055705,"writing-device":0.06649385556192945}},{"id":"반올림피자샵 경기하남점","permalink":"","username":"asdfg","text":"먹을만했어요~~~~~","date":"Mon Dec 10 23:59:44 +0000 2018","retweets":"30","favorites":"20","mentions":[],"hashtags":[],"geo":"","raw":"먹을만했어요~~~~~","polarity":{"com":0,"pos":0.333333333,"neg":0.666666667,"neut":0,"none":0},"intensity":{"high":0.111111111,"low":0.222222222,"meium":0.666666667,"none":0},"expressive":{"dir-action":0,"dir-explicit":0.222222222,"dir-speech":0.777777778,"indirect":0,"writing-device":0}},{"id":"반올림피자샵 경기하남점","permalink":"","username":"asdfg","text":"맛있게 잘 먹었습니다 ㅎ","date":"Mon Dec 10 23:59:44 +0000 2018","retweets":"30","favorites":"20","mentions":[],"hashtags":[],"geo":"","raw":"맛있게 잘 먹었습니다 ㅎ","polarity":{"com":0,"pos":0.35714285717857136,"neg":0.6071428573035714,"neut":0.03571428551785714,"none":0},"intensity":{"high":0,"low":0.107142857,"meium":0.8928571430000001,"none":0},"expressive":{"dir-action":0,"dir-explicit":0.107142857,"dir-speech":0.5714285715,"indirect":0.3214285715,"writing-device":0}},{"id":"반올림피자샵 경기하남점","permalink":"","username":"asdfg","text":"맛있어요 두툼하고 좋네요","date":"Mon Dec 10 23:59:44 +0000 2018","retweets":"30","favorites":"20","mentions":[],"hashtags":[],"geo":"","raw":"맛있어요 두툼하고 좋네요","polarity":{"com":0.008008007999999999,"pos":0.510870871,"neg":0.4487687686666666,"neut":0.011011011,"none":0.02134134133333333},"intensity":{"high":0.10470470466666666,"low":0.04136136133333334,"meium":0.8315915916666666,"none":0.022342342333333334},"expressive":{"dir-action":0.0010010010000000003,"dir-explicit":0.30410410400000004,"dir-speech":0.43003003,"indirect":0.2425225226666667,"writing-device":0.022342342333333338}},{"id":"반올림피자샵 경기하남점","permalink":"","username":"asdfg","text":"맛잇엇어요 윙이 특히 너무 맛잇엇습니다!!","date":"Mon Dec 10 23:59:44 +0000 2018","retweets":"30","favorites":"20","mentions":[],"hashtags":[],"geo":"","raw":"맛잇엇어요 윙이 특히 너무 맛잇엇습니다!!","polarity":{"com":0.05789804900000001,"pos":0.5248584016666668,"neg":0.38493811600000005,"neut":0.02936857566666667,"none":0.0029368576666666674},"intensity":{"high":0.08286133836095377,"low":0.09167191103055729,"meium":0.8210614642736871,"none":0.004405286334801761},"expressive":{"dir-action":0.0014684286671561425,"dir-explicit":0.3285084957761695,"dir-speech":0.5489825888496608,"indirect":0.11663520037221173,"writing-device":0.004405286334801761}},{"id":"반올림피자샵 경기하남점","permalink":"","username":"asdfg","text":"잘막었습니다 ㅎㅎ배달도 빠르고 친절하시고 양도 많아요 ㅎ","date":"Mon Dec 10 23:59:44 +0000 2018","retweets":"30","favorites":"20","mentions":[],"hashtags":[],"geo":"","raw":"잘막었습니다 ㅎㅎ배달도 빠르고 친절하시고 양도 많아요 ㅎ","polarity":{"com":0.0038709678007741934,"pos":0.7243438189448689,"neg":0.22643825544528765,"neut":0.03975556000795111,"none":0.00559139780111828},"intensity":{"high":0.08013090221602619,"low":0.17622787663524558,"meium":0.7376197157475239,"none":0.006021505401204301},"expressive":{"dir-action":0.0012903226002580646,"dir-explicit":0.21000066784200017,"dir-speech":0.33097442066619487,"indirect":0.45214319109042866,"writing-device":0.00559139780111828}},{"id":"반올림피자샵 경기하남점","permalink":"","username":"asdfg","text":"맛있게 먹었어요 또 시킬게요~","date":"Mon Dec 10 23:59:44 +0000 2018","retweets":"30","favorites":"20","mentions":[],"hashtags":[],"geo":"","raw":"맛있게 먹었어요 또 시킬게요~","polarity":{"com":0,"pos":0.1587301586137566,"neg":0.6984126984338624,"neut":0,"none":0.14285714295238094},"intensity":{"high":0.037037037,"low":0.074074074,"meium":0.7460317459999999,"none":0.142857143},"expressive":{"dir-action":0,"dir-explicit":0.12169312166666667,"dir-speech":0.687830688,"indirect":0,"writing-device":0.19047619033333332}},{"id":"반올림피자샵 경기하남점","permalink":"","username":"asdfg","text":"넘나맛잇어요 ㅎㅎ또시켜먹을게요","date":"Mon Dec 10 23:59:44 +0000 2018","retweets":"30","favorites":"20","mentions":[],"hashtags":[],"geo":"","raw":"넘나맛잇어요 ㅎㅎ또시켜먹을게요","polarity":{"com":0,"pos":0.36904761890773813,"neg":0.5238095238690477,"neut":0,"none":0.10714285722321429},"intensity":{"high":0.111111111,"low":0.22222222225,"meium":0.5595238095,"none":0.10714285725},"expressive":{"dir-action":0,"dir-explicit":0.1746031745436508,"dir-speech":0.5992063493998017,"indirect":0.08333333327083334,"writing-device":0.1428571427857143}},{"id":"반올림피자샵 경기하남점","permalink":"","username":"asdfg","text":"맛있게 잘먹었습니다. 월드컵 독일 이겼다고 웨지감자 서비스 주셨는데 잘먹었어요~","date":"Mon Dec 10 23:59:44 +0000 2018","retweets":"30","favorites":"20","mentions":[],"hashtags":[],"geo":"","raw":"맛있게 잘먹었습니다. 월드컵 독일 이겼다고 웨지감자 서비스 주셨는데 잘먹었어요~","polarity":{"com":0,"pos":0.48571428579428566,"neg":0.48571428579428566,"neut":0.02857142841142857,"none":0},"intensity":{"high":0,"low":0.2857142856,"meium":0.7142857144000001,"none":0},"expressive":{"dir-action":0,"dir-explicit":0.0857142856,"dir-speech":0.45714285720000003,"indirect":0.45714285720000003,"writing-device":0}},{"id":"반올림피자샵 경기하남점","permalink":"","username":"asdfg","text":"맛잇게 잘먹었습니다!!!!","date":"Mon Dec 10 23:59:44 +0000 2018","retweets":"30","favorites":"20","mentions":[],"hashtags":[],"geo":"","raw":"맛잇게 잘먹었습니다!!!!","polarity":{"com":0,"pos":0.8571428574285714,"neg":0.10714285705357143,"neut":0.035714285517857144,"none":0},"intensity":{"high":0,"low":0.107142857,"meium":0.8928571430000001,"none":0},"expressive":{"dir-action":0,"dir-explicit":0.107142857,"dir-speech":0.5714285715,"indirect":0.3214285715,"writing-device":0}},{"id":"반올림피자샵 경기하남점","permalink":"","username":"asdfg","text":"토핑도 많이 올려 주시고 친절하신데 맛있기까지! 다음에 또 시켜 먹을게요^^","date":"Mon Dec 10 23:59:44 +0000 2018","retweets":"30","favorites":"20","mentions":[],"hashtags":[],"geo":"","raw":"토핑도 많이 올려 주시고 친절하신데 맛있기까지! 다음에 또 시켜 먹을게요^^","polarity":{"com":0.0027649769996050027,"pos":0.3105910985270584,"neg":0.512041414783994,"neut":0.011981566855431204,"none":0.16262094283391126},"intensity":{"high":0.055322813293617545,"low":0.19768654274252664,"meium":0.5775689749396528,"none":0.16942166902420308},"expressive":{"dir-action":0.0009216590001316656,"dir-explicit":0.10999527872999933,"dir-speech":0.6420684795202956,"indirect":0.05749197029392743,"writing-device":0.18952261245564608}},{"id":"반올림피자샵 경기하남점","permalink":"","username":"asdfg","text":"첫주문이고요 리뷰에 치즈후라이 얘기가 많길래 그걸로 시켰어요 맛있고 좋았어요 만족스럽네요","date":"Mon Dec 10 23:59:44 +0000 2018","retweets":"30","favorites":"20","mentions":[],"hashtags":[],"geo":"","raw":"첫주문이고요 리뷰에 치즈후라이 얘기가 많길래 그걸로 시켰어요 맛있고 좋았어요 만족스럽네요","polarity":{"com":0.003401360571428572,"pos":0.4594380361428572,"neg":0.4560741397142858,"neut":0.015281474857142862,"none":0.06580498871428572},"intensity":{"high":0.12252785158893256,"low":0.0481080547211583,"meium":0.7635591049662228,"none":0.06580498872368644},"expressive":{"dir-action":0,"dir-explicit":0.4720398304960057,"dir-speech":0.3929606624847087,"indirect":0.06579315786654187,"writing-device":0.06920634915274375}},{"id":"반올림피자샵 경기하남점","permalink":"","username":"asdfg","text":"타지역에서 먹어보고 하남에도 있어서 몇번먹어봤는데 역시나 맛있어요","date":"Mon Dec 10 23:59:44 +0000 2018","retweets":"30","favorites":"20","mentions":[],"hashtags":[],"geo":"","raw":"타지역에서 먹어보고 하남에도 있어서 몇번먹어봤는데 역시나 맛있어요","polarity":{"com":0,"pos":0.1866666666,"neg":0.6483333333999999,"neut":0.025,"none":0.13999999999999999},"intensity":{"high":0.09722222220000001,"low":0.06444444440000001,"meium":0.6983333333999999,"none":0.13999999999999999},"expressive":{"dir-action":0,"dir-explicit":0.1644444444,"dir-speech":0.5205555556,"indirect":0.175,"writing-device":0.13999999999999999}},{"id":"반올림피자샵 경기하남점","permalink":"","username":"asdfg","text":"치즈후라이 믿고먹습니다","date":"Mon Dec 10 23:59:44 +0000 2018","retweets":"30","favorites":"20","mentions":[],"hashtags":[],"geo":"","raw":"치즈후라이 믿고먹습니다","polarity":{"com":0,"pos":0.333333333,"neg":0.666666667,"neut":0,"none":0},"intensity":{"high":0.13888888893055554,"low":0.19444444440277775,"meium":0.6666666666666666,"none":0},"expressive":{"dir-action":0,"dir-explicit":0.2777777776388889,"dir-speech":0.5555555557777778,"indirect":0.16666666658333334,"writing-device":0}},{"id":"반올림피자샵 경기하남점","permalink":"","username":"asdfg","text":"맛잇게먹엇습니다 ㅎㅎ","date":"Mon Dec 10 23:59:44 +0000 2018","retweets":"30","favorites":"20","mentions":[],"hashtags":[],"geo":"","raw":"맛잇게먹엇습니다 ㅎㅎ","polarity":{"com":null,"pos":null,"neg":null,"neut":null,"none":null},"intensity":{"high":null,"low":null,"meium":null,"none":null},"expressive":{"dir-action":null,"dir-explicit":null,"dir-speech":null,"indirect":null,"writing-device":null}},{"id":"반올림피자샵 경기하남점","permalink":"","username":"asdfg","text":"맛있는데 배달 50분걸리고 식어서옴 ㅜㅠ ","date":"Mon Dec 10 23:59:44 +0000 2018","retweets":"30","favorites":"20","mentions":[],"hashtags":[],"geo":"","raw":"맛있는데 배달 50분걸리고 식어서옴 ㅜㅠ ","polarity":{"com":0,"pos":0.3,"neg":0.6,"neut":0.1,"none":0},"intensity":{"high":0.2,"low":0,"meium":0.8,"none":0},"expressive":{"dir-action":0,"dir-explicit":0,"dir-speech":0.5,"indirect":0.5,"writing-device":0}},{"id":"반올림피자샵 경기하남점","permalink":"","username":"asdfg","text":"가격대비 무난했어요 특별히엄청맛있다거나한건없었구요...모바일결제가된단점에서 편리했음.....","date":"Mon Dec 10 23:59:44 +0000 2018","retweets":"30","favorites":"20","mentions":[],"hashtags":[],"geo":"","raw":"가격대비 무난했어요 특별히엄청맛있다거나한건없었구요...모바일결제가된단점에서 편리했음.....","polarity":{"com":0.0024271844996966024,"pos":0.5084399823114449,"neg":0.4319836716960021,"neut":0.04015887024498015,"none":0.016990291247876217},"intensity":{"high":0.16427625772946544,"low":0.1598631951050171,"meium":0.6576566636677929,"none":0.018203883497724515},"expressive":{"dir-action":0,"dir-explicit":0.337488967375,"dir-speech":0.28238084725,"indirect":0.359499117375,"writing-device":0.020631068}},{"id":"반올림피자샵 경기하남점","permalink":"","username":"asdfg","text":"맛잇게 잘먹었어요 ㅎㅎ","date":"Mon Dec 10 23:59:44 +0000 2018","retweets":"30","favorites":"20","mentions":[],"hashtags":[],"geo":"","raw":"맛잇게 잘먹었어요 ㅎㅎ","polarity":{"com":0,"pos":0.8571428574285714,"neg":0.10714285705357143,"neut":0.035714285517857144,"none":0},"intensity":{"high":0,"low":0.107142857,"meium":0.8928571430000001,"none":0},"expressive":{"dir-action":0,"dir-explicit":0.107142857,"dir-speech":0.5714285715,"indirect":0.3214285715,"writing-device":0}},{"id":"반올림피자샵 경기하남점","permalink":"","username":"asdfg","text":"맛있습니다만 스파게티는별로네요 ㅠ","date":"Mon Dec 10 23:59:44 +0000 2018","retweets":"30","favorites":"20","mentions":[],"hashtags":[],"geo":"","raw":"맛있습니다만 스파게티는별로네요 ㅠ","polarity":{"com":0,"pos":0.1587301585793651,"neg":0.7539682543769841,"neut":0.04761904752380952,"none":0.03968253951984128},"intensity":{"high":0.015873016000000004,"low":0.11904761900000001,"meium":0.8253968255,"none":0.03968253950000001},"expressive":{"dir-action":0,"dir-explicit":0.0793650795,"dir-speech":0.8333333334999999,"indirect":0.0396825395,"writing-device":0.0476190475}},{"id":"반올림피자샵 경기하남점","permalink":"","username":"asdfg","text":"여기 저번에 한달전에시켰었거든요 그때 콤비네이션이랑 오븐스파게티 셋트로 시켜가지고 먹으면서 피자는 그냥 그릏네??.. 의외로 스파게티가 은근 더 깔끔하며 맛있다 이렇게 느꼈는데리뷰에 그 치즈후라이? 강추라 해서 저도 함 시켜봤는데강추 그 이상이네요  누나랑 부모님 몰래 야무지게 처묵는데 서로 감탄 또 감탄 도미노나 피자헛에 비빌 수 있는 맛과 양입니다 대표메뉴로 치즈후라이 하셔도 될듯! 이거 대표로 박고 사람들 몇번 시켜먹다보면 입소문 타서 많이 주문할걸요? 여튼 돼지누나와 덩생의 리뷰였슴다","date":"Mon Dec 10 23:59:44 +0000 2018","retweets":"30","favorites":"20","mentions":[],"hashtags":[],"geo":"","raw":"여기 저번에 한달전에시켰었거든요 그때 콤비네이션이랑 오븐스파게티 셋트로 시켜가지고 먹으면서 피자는 그냥 그릏네??.. 의외로 스파게티가 은근 더 깔끔하며 맛있다 이렇게 느꼈는데리뷰에 그 치즈후라이? 강추라 해서 저도 함 시켜봤는데강추 그 이상이네요  누나랑 부모님 몰래 야무지게 처묵는데 서로 감탄 또 감탄 도미노나 피자헛에 비빌 수 있는 맛과 양입니다 대표메뉴로 치즈후라이 하셔도 될듯! 이거 대표로 박고 사람들 몇번 시켜먹다보면 입소문 타서 많이 주문할걸요? 여튼 돼지누나와 덩생의 리뷰였슴다","polarity":{"com":0.04404549177849715,"pos":0.47208307165799485,"neg":0.3315296490417793,"neut":0.04991710415313017,"none":0.10242468336859845},"intensity":{"high":0.08333382268749999,"low":0.12447038412500001,"meium":0.68861265296875,"none":0.10358314021875},"expressive":{"dir-action":0.01143051421946441,"dir-explicit":0.19720969404357563,"dir-speech":0.4314616340269664,"indirect":0.24724666010920288,"writing-device":0.11265149760079071}},{"id":"반올림피자샵 경기하남점","permalink":"","username":"asdfg","text":"배달도빠르고 맛이좋군요!","date":"Mon Dec 10 23:59:44 +0000 2018","retweets":"30","favorites":"20","mentions":[],"hashtags":[],"geo":"","raw":"배달도빠르고 맛이좋군요!","polarity":{"com":0,"pos":0.98,"neg":0.01,"neut":0,"none":0.01},"intensity":{"high":0.05,"low":0.09333333325,"meium":0.84666666675,"none":0.01},"expressive":{"dir-action":0,"dir-explicit":0.15,"dir-speech":0.55,"indirect":0.29,"writing-device":0.01}},{"id":"반올림피자샵 경기하남점","permalink":"","username":"asdfg","text":"피자샵은 언제 먹어도 맛있습니다","date":"Mon Dec 10 23:59:44 +0000 2018","retweets":"30","favorites":"20","mentions":[],"hashtags":[],"geo":"","raw":"피자샵은 언제 먹어도 맛있습니다","polarity":{"com":0.0056497176666666675,"pos":0.22975517866666664,"neg":0.7419962336666667,"neut":0.011299434999999998,"none":0.011299434999999998},"intensity":{"high":0.07093534202364511,"low":0.11927181403975727,"meium":0.7984934089328312,"none":0.011299435003766477},"expressive":{"dir-action":0,"dir-explicit":0.16446955433333332,"dir-speech":0.7790332706666666,"indirect":0.04519773999999999,"writing-device":0.011299434999999998}},{"id":"반올림피자샵 경기하남점","permalink":"","username":"asdfg","text":"치즈후라이 진립니다..두번머겅 또머겅 계속머겅","date":"Mon Dec 10 23:59:44 +0000 2018","retweets":"30","favorites":"20","mentions":[],"hashtags":[],"geo":"","raw":"치즈후라이 진립니다..두번머겅 또머겅 계속머겅","polarity":{"com":0,"pos":0.1309523809563492,"neg":0.684523809438492,"neut":0.041666666652777774,"none":0.14285714295238094},"intensity":{"high":0.4583333333333333,"low":0,"meium":0.39880952366666667,"none":0.142857143},"expressive":{"dir-action":0,"dir-explicit":0.13095238099999998,"dir-speech":0.30357142866666664,"indirect":0.375,"writing-device":0.19047619033333332}},{"id":"반올림피자샵 경기하남점","permalink":"","username":"asdfg","text":"싸고 맛있네요 피자는 여기서 시켜야 할듯","date":"Mon Dec 10 23:59:44 +0000 2018","retweets":"30","favorites":"20","mentions":[],"hashtags":[],"geo":"","raw":"싸고 맛있네요 피자는 여기서 시켜야 할듯","polarity":{"com":0.004838709751209677,"pos":0.3333973373333493,"neg":0.5484895033871224,"neut":0.04477726576119432,"none":0.0684971837671243},"intensity":{"high":0.04288274448927931,"low":0.13022273421744432,"meium":0.7578597030605351,"none":0.06903481823274128},"expressive":{"dir-action":0.00161290325,"dir-explicit":0.15984383025,"dir-speech":0.5736559139999999,"indirect":0.19242191475,"writing-device":0.07246543775}},{"id":"반올림피자샵 경기하남점","permalink":"","username":"asdfg","text":"맛있게 먹었어요 ㅎㅎ배달빠르네요","date":"Mon Dec 10 23:59:44 +0000 2018","retweets":"30","favorites":"20","mentions":[],"hashtags":[],"geo":"","raw":"맛있게 먹었어요 ㅎㅎ배달빠르네요","polarity":{"com":0,"pos":0.44444444433333335,"neg":0.5555555556666666,"neut":0,"none":0},"intensity":{"high":0.037037037,"low":0.074074074,"meium":0.888888889,"none":0},"expressive":{"dir-action":0,"dir-explicit":0.074074074,"dir-speech":0.925925926,"indirect":0,"writing-device":0}},{"id":"반올림피자샵 경기하남점","permalink":"","username":"asdfg","text":"주문빠르고 정말 맛잇네요","date":"Mon Dec 10 23:59:44 +0000 2018","retweets":"30","favorites":"20","mentions":[],"hashtags":[],"geo":"","raw":"주문빠르고 정말 맛잇네요","polarity":{"com":0,"pos":0.875,"neg":0,"neut":0,"none":0.125},"intensity":{"high":0.25,"low":0,"meium":0.625,"none":0.125},"expressive":{"dir-action":0,"dir-explicit":0.75,"dir-speech":0.125,"indirect":0,"writing-device":0.125}},{"id":"반올림피자샵 경기하남점","permalink":"","username":"asdfg","text":"다른데 먹어봣는데 결국 여기서 시키네용... 어무니 아부지가 좋아하세요","date":"Mon Dec 10 23:59:44 +0000 2018","retweets":"30","favorites":"20","mentions":[],"hashtags":[],"geo":"","raw":"다른데 먹어봣는데 결국 여기서 시키네용... 어무니 아부지가 좋아하세요","polarity":{"com":0.0035714286007142854,"pos":0.37547619047509523,"neg":0.43285714288657146,"neut":0.08273809521654762,"none":0.10535714282107142},"intensity":{"high":0.16103174603220635,"low":0.17253968243450793,"meium":0.5592857143118571,"none":0.10714285722142858},"expressive":{"dir-action":0,"dir-explicit":0.3727777778,"dir-speech":0.25805555560000004,"indirect":0.2638095238,"writing-device":0.1053571428}},{"id":"반올림피자샵 경기하남점","permalink":"","username":"asdfg","text":"동생이랑 배부르게 먹었어용 너무맛있었습니당","date":"Mon Dec 10 23:59:44 +0000 2018","retweets":"30","favorites":"20","mentions":[],"hashtags":[],"geo":"","raw":"동생이랑 배부르게 먹었어용 너무맛있었습니당","polarity":{"com":0.0714285715,"pos":0.238095238,"neg":0.6904761905,"neut":0,"none":0},"intensity":{"high":0.126984127,"low":0.1825396825,"meium":0.6904761905,"none":0},"expressive":{"dir-action":0,"dir-explicit":0.3968253965,"dir-speech":0.531746032,"indirect":0.0714285715,"writing-device":0}},{"id":"반올림피자샵 경기하남점","permalink":"","username":"asdfg","text":"완전꿀맛맛있어여 ㅋ쨩","date":"Mon Dec 10 23:59:44 +0000 2018","retweets":"30","favorites":"20","mentions":[],"hashtags":[],"geo":"","raw":"완전꿀맛맛있어여 ㅋ쨩","polarity":{"com":0,"pos":0.75,"neg":0.25,"neut":0,"none":0},"intensity":{"high":0,"low":0,"meium":1,"none":0},"expressive":{"dir-action":0,"dir-explicit":0.25,"dir-speech":0.5,"indirect":0.25,"writing-device":0}},{"id":"반올림피자샵 경기하남점","permalink":"","username":"asdfg","text":"스파게티는 맛있는데 피지는 그냥 그렇네.  배달은 50분 걸림","date":"Mon Dec 10 23:59:44 +0000 2018","retweets":"30","favorites":"20","mentions":[],"hashtags":[],"geo":"","raw":"스파게티는 맛있는데 피지는 그냥 그렇네.  배달은 50분 걸림","polarity":{"com":0,"pos":0.37698412695079364,"neg":0.5031746034012698,"neut":0.03809523801523809,"none":0.08174603163269842},"intensity":{"high":0.07936507940000001,"low":0.12857142859999998,"meium":0.7103174604,"none":0.0817460316},"expressive":{"dir-action":0,"dir-explicit":0.08015873021603176,"dir-speech":0.5333333335066667,"indirect":0.2984126982596826,"writing-device":0.08809523801761905}},{"id":"반올림피자샵 경기하남점","permalink":"","username":"asdfg","text":"잘먹었습니다~~~~~|","date":"Mon Dec 10 23:59:44 +0000 2018","retweets":"30","favorites":"20","mentions":[],"hashtags":[],"geo":"","raw":"잘먹었습니다~~~~~|","polarity":{"com":0,"pos":0.7142857147142857,"neg":0.21428571421428572,"neut":0.07142857107142857,"none":0},"intensity":{"high":0,"low":0.214285714,"meium":0.785714286,"none":0},"expressive":{"dir-action":0,"dir-explicit":0.214285714,"dir-speech":0.142857143,"indirect":0.642857143,"writing-device":0}},{"id":"반올림피자샵 경기하남점","permalink":"","username":"asdfg","text":"치즈후라이 정말 맛있네요. 달달합니다~","date":"Mon Dec 10 23:59:44 +0000 2018","retweets":"30","favorites":"20","mentions":[],"hashtags":[],"geo":"","raw":"치즈후라이 정말 맛있네요. 달달합니다~","polarity":{"com":0.0057471265,"pos":0.53591954,"neg":0.2011494255,"neut":0.0344827585,"none":0.2227011495},"intensity":{"high":0.3074712643462644,"low":0.0632183909683908,"meium":0.4008620687995689,"none":0.22844827588577585},"expressive":{"dir-action":0.005747126502873564,"dir-explicit":0.3304597701652299,"dir-speech":0.3318965516659483,"indirect":0.09195402304597702,"writing-device":0.2399425286199713}},{"id":"반올림피자샵 경기하남점","permalink":"","username":"asdfg","text":"너무너무맛있었어요 배달도빨라요","date":"Mon Dec 10 23:59:44 +0000 2018","retweets":"30","favorites":"20","mentions":[],"hashtags":[],"geo":"","raw":"너무너무맛있었어요 배달도빨라요","polarity":{"com":0,"pos":0.5,"neg":0.5,"neut":0,"none":0},"intensity":{"high":0,"low":0,"meium":1,"none":0},"expressive":{"dir-action":0,"dir-explicit":0,"dir-speech":1,"indirect":0,"writing-device":0}},{"id":"반올림피자샵 경기하남점","permalink":"","username":"asdfg","text":"아부지가 맛있나봐요 또시킵니다...","date":"Mon Dec 10 23:59:44 +0000 2018","retweets":"30","favorites":"20","mentions":[],"hashtags":[],"geo":"","raw":"아부지가 맛있나봐요 또시킵니다...","polarity":{"com":0.019841269986772485,"pos":0.3234126984510582,"neg":0.4365079363756613,"neut":0.05456349196362434,"none":0.1656746032228836},"intensity":{"high":0.10912698433333334,"low":0.06349206333333333,"meium":0.6587301583333333,"none":0.16865079400000002},"expressive":{"dir-action":0,"dir-explicit":0.2837301587612434,"dir-speech":0.3521825397840609,"indirect":0.13690476204563493,"writing-device":0.22718253940906083}},{"id":"반올림피자샵 경기하남점","permalink":"","username":"asdfg","text":"맛있어요~~!!!!!","date":"Mon Dec 10 23:59:44 +0000 2018","retweets":"30","favorites":"20","mentions":[],"hashtags":[],"geo":"","raw":"맛있어요~~!!!!!","polarity":{"com":0,"pos":0,"neg":1,"neut":0,"none":0},"intensity":{"high":0,"low":0,"meium":1,"none":0},"expressive":{"dir-action":0,"dir-explicit":0,"dir-speech":1,"indirect":0,"writing-device":0}},{"id":"반올림피자샵 경기하남점","permalink":"","username":"asdfg","text":"내가 먹은건 아니고 갑자기 치즈에 빠지신 아버지(내년 환갑)께서 이 집 피자가 맛있다며 치즈 많은걸로 시켜달라 하셔서 시킵니다. 지금쯤이면  흡입중이시겠네요. 제 몫까지 맛있게 드셔주셨으면 좋겠네요","date":"Mon Dec 10 23:59:44 +0000 2018","retweets":"30","favorites":"20","mentions":[],"hashtags":[],"geo":"","raw":"내가 먹은건 아니고 갑자기 치즈에 빠지신 아버지(내년 환갑)께서 이 집 피자가 맛있다며 치즈 많은걸로 시켜달라 하셔서 시킵니다. 지금쯤이면  흡입중이시겠네요. 제 몫까지 맛있게 드셔주셨으면 좋겠네요","polarity":{"com":0.005431195499999999,"pos":0.3844803844285714,"neg":0.41832702078571427,"neut":0.060556875142857125,"none":0.13120452414285713},"intensity":{"high":0.13392458359056064,"low":0.1275984858753712,"meium":0.6025668799432239,"none":0.1359100505908443},"expressive":{"dir-action":0.0008210180716045039,"dir-explicit":0.2265450229056882,"dir-speech":0.48526953817541496,"indirect":0.14734884888871763,"writing-device":0.14001557195857475}},{"id":"반올림피자샵 경기하남점","permalink":"","username":"asdfg","text":"맛있던데영 오늘또쥬뮨하려규욤","date":"Mon Dec 10 23:59:44 +0000 2018","retweets":"30","favorites":"20","mentions":[],"hashtags":[],"geo":"","raw":"맛있던데영 오늘또쥬뮨하려규욤","polarity":{"com":0.006451612997849463,"pos":0.21966205826011267,"neg":0.5937532001354157,"neut":0.02795698932401434,"none":0.15217613928260798},"intensity":{"high":0.046594982,"low":0.03870967733333333,"meium":0.7618023553333333,"none":0.15289298533333334},"expressive":{"dir-action":0.002150537666666667,"dir-explicit":0.15227854600000001,"dir-speech":0.526779314,"indirect":0.11899641566666667,"writing-device":0.19979518666666665}},{"id":"반올림피자샵 경기하남점","permalink":"","username":"asdfg","text":"맛있게먹었어요 배송도빨라요","date":"Mon Dec 10 23:59:44 +0000 2018","retweets":"30","favorites":"20","mentions":[],"hashtags":[],"geo":"","raw":"맛있게먹었어요 배송도빨라요","polarity":{"com":0.002380952333333333,"pos":0.18253968233333331,"neg":0.6650793653333333,"neut":0.004761904666666666,"none":0.14523809533333334},"intensity":{"high":0.08465608466666667,"low":0.11216931200000001,"meium":0.657936508,"none":0.14523809533333334},"expressive":{"dir-action":0,"dir-explicit":0.13597883595467372,"dir-speech":0.6925925924358024,"indirect":0.028571428657142857,"writing-device":0.14285714295238094}},{"id":"반올림피자샵 경기하남점","permalink":"","username":"asdfg","text":"맛잇어요 잘먹었습니다","date":"Mon Dec 10 23:59:44 +0000 2018","retweets":"30","favorites":"20","mentions":[],"hashtags":[],"geo":"","raw":"맛잇어요 잘먹었습니다","polarity":{"com":0,"pos":0.8571428574285714,"neg":0.10714285705357143,"neut":0.035714285517857144,"none":0},"intensity":{"high":0,"low":0.107142857,"meium":0.8928571430000001,"none":0},"expressive":{"dir-action":0,"dir-explicit":0.107142857,"dir-speech":0.5714285715,"indirect":0.3214285715,"writing-device":0}},{"id":"반올림피자샵 경기하남점","permalink":"","username":"asdfg","text":"배송빠르고 음식 맛있네요","date":"Mon Dec 10 23:59:44 +0000 2018","retweets":"30","favorites":"20","mentions":[],"hashtags":[],"geo":"","raw":"배송빠르고 음식 맛있네요","polarity":{"com":0,"pos":0.5,"neg":0.5,"neut":0,"none":0},"intensity":{"high":0,"low":0.1666666665,"meium":0.8333333334999999,"none":0},"expressive":{"dir-action":0,"dir-explicit":0,"dir-speech":0.5,"indirect":0.5,"writing-device":0}},{"id":"반올림피자샵 경기하남점","permalink":"","username":"asdfg","text":"배송빠르고 맛있어요 잘먹엇어요","date":"Mon Dec 10 23:59:44 +0000 2018","retweets":"30","favorites":"20","mentions":[],"hashtags":[],"geo":"","raw":"배송빠르고 맛있어요 잘먹엇어요","polarity":{"com":0,"pos":0.5,"neg":0.5,"neut":0,"none":0},"intensity":{"high":0,"low":0.1666666665,"meium":0.8333333334999999,"none":0},"expressive":{"dir-action":0,"dir-explicit":0,"dir-speech":0.5,"indirect":0.5,"writing-device":0}},{"id":"반올림피자샵 경기하남점","permalink":"","username":"asdfg","text":"맛있네요. 사이즈도적당하고식구가적은집은좋아요","date":"Mon Dec 10 23:59:44 +0000 2018","retweets":"30","favorites":"20","mentions":[],"hashtags":[],"geo":"","raw":"맛있네요. 사이즈도적당하고식구가적은집은좋아요","polarity":{"com":0.008474576500000002,"pos":0.17796610150000003,"neg":0.7796610170000001,"neut":0.016949152500000002,"none":0.016949152500000002},"intensity":{"high":0.05084745752542374,"low":0.1927966100963983,"meium":0.7394067798697034,"none":0.016949152508474577},"expressive":{"dir-action":0,"dir-explicit":0.1355932205,"dir-speech":0.529661017,"indirect":0.31779661000000003,"writing-device":0.0169491525}},{"id":"반올림피자샵 경기하남점","permalink":"","username":"asdfg","text":"레귤러 사이즈가 생각보다 작네요 피자 크기에 조금 실망햇지만 맛있어요","date":"Mon Dec 10 23:59:44 +0000 2018","retweets":"30","favorites":"20","mentions":[],"hashtags":[],"geo":"","raw":"레귤러 사이즈가 생각보다 작네요 피자 크기에 조금 실망햇지만 맛있어요","polarity":{"com":0.005870279199999998,"pos":0.24651067319999992,"neg":0.5733169129999999,"neut":0.12986453199999998,"none":0.04443760259999999},"intensity":{"high":0.055131362988973726,"low":0.1467159277706568,"meium":0.7496305416500739,"none":0.04852216759029557},"expressive":{"dir-action":0.00229885060045977,"dir-explicit":0.3071839080614368,"dir-speech":0.5452586207090516,"indirect":0.0939244664187849,"writing-device":0.05133415421026684}}]