﻿[{
  "id": "123456789012345678",
  "permalink": "",
  "username": "usame",
  "text": "아니... 6시52분에 65분 배달소요 된다면서요.. \n지금 8시52분인데.. 아직도 배달안오면 어떡합니까?\n회원주문내역 보니까 접수완료라고 표시되어있는데 왜 안오시는거죠? 차라리 주문취소됬다고 문자라도 보내주시던가.. 너무하신거 아니예요?  가게에 전화드렸는데 연결도 안되시고... 되게 난처하네요..",
  "datetime": "Sun Jan 01 23:59:58 +0000 2017",
  "retweets": 30,
  "favorites": 20,
  "mentions": [],
  "hashtags": "#This #tweet",
  "geo": null
},{
  "id": "123456789012345678",
  "permalink": "",
  "username": "usme",
  "text": "맛은 타수육이라누생각보디 양념 닭 먹는것같이 특별함이 없었습니다. 거기에 배달하시는분이 카드 기계를 안가져오셔서\n무통장 입금 해달라고.... \nㅡㅡ;;",
  "datetime": "Sun Jan 01 23:59:58 +0000 2017",
  "retweets": 30,
  "favorites": 20,
  "mentions": [],
  "hashtags": "#This #tweet",
  "geo": null
}]