[{
	"id": "123456789012345678",
	"permalink": "https://twitter.com/username/status/123456789012345678",
	"username": "username",
	"text": "양이 적다는 후기가 많던데\n저는 딱 2번 나눠먹을 양이었어요~\n평소에 좀 많이 드시거나 남자 두 명이서 먹기엔\n적을 수도 있을 것 같긴 하네요 ㅎㅎ\n암튼 포장도 잘 돼있고 맛도 있고 잘 먹었습니다 😊😊",
	"datetime": "2017-01-01 11:11",
	"retweets": 30,
	"favorites": 20,
	"mentions": "@abcd @efgh",
	"hashtags": "#This #tweet",
	"geo": ""
}, {
	"id": "11111111",
	"permalink": "https://twitter.com/username/status/123456789012345678",
	"username": "username",
	"text": "아니... 6시52분에 65분 배달소요 된다면서요.. \n지금 8시52분인데.. 아직도 배달안오면 어떡합니까?\n회원주문내역 보니까 접수완료라고 표시되어있는데 왜 안오시는거죠? 차라리 주문취소됬다고 문자라도 보내주시던가.. 너무하신거 아니예요?  가게에 전화드렸는데 연결도 안되시고... 되게 난처하네요..,맛은 타수육이라누생각보디 양념 닭 먹는것같이 특별함이 없었습니다. 거기에 배달하시는분이 카드 기계를 안가져오셔서\n무통장 입금 해달라고.... \nㅡㅡ;;, 어니언은 따뜻할 때 제일 맛있고 갈릭은 식은거 데워먹어도 맛있음,  아 너무 매워요.그래도 맛있어요.연속 댓글2개 달고 별 만점 드립니다., 배달시간 훨씬 지났는데도 안오네요.아직도 나가기전에 먹을려고 했는데 이러다가는 먹지도 못하고 나가게 되요, 자주 시켜먹습니다. 맛있어요.,    일단 깻잎치킨집과 같은 곳이에요~\n치바로우를 즐겨 먹어서 다른 맛이 없나 했더니 팔더리구요.\n와사비 맛은 특이해서 사먹었는데 나쁘지 않아요\n치바로우 좋아하시는 분은 꼭 한번 드셔보시면 좋을 것 같네요",
	"datetime": "2017-01-01 11:11",
	"retweets": 30,
	"favorites": 20,
	"mentions": "@abcd @efgh",
	"hashtags": "#This #tweet",
	"geo": ""
}]