﻿[{
  "id": "1071555014341013504",
  "permalink": "",
  "username": "มนุษย์",
  "text": "RT @YuruginaiHikari: ☆이예찬 ft 방준혁☆ CUT\n\nTheir friendship so cutee, wanna hug both of them💓\n\n#UNDERNINETEEN #아더나인틴 #LEEYECHAN #이예찬 #BANGJUNHY…",
  "date": "Sat Dec 08 23:59:58 +0000 2018",
  "retweets": 14,
  "favorites": 0,
  "mentions": [
    {
      "screen_name": "YuruginaiHikari",
      "name": "카나리아❣",
      "id": 1644278485,
      "id_str": "1644278485",
      "indices": [
        3,
        19
      ]
    }
  ],
  "hashtags": [
    {
      "text": "UNDERNINETEEN",
      "indices": [
        91,
        105
      ]
    },
    {
      "text": "아더나인틴",
      "indices": [
        106,
        112
      ]
    },
    {
      "text": "LEEYECHAN",
      "indices": [
        113,
        123
      ]
    },
    {
      "text": "이예찬",
      "indices": [
        124,
        128
      ]
    }
  ],
  "geo": null
},{
  "id": "1071553721752899584",
  "permalink": "",
  "username": "🦁⛅",
  "text": "RT @shineofyou_yc: hq, 181206 #언더나인틴 #신예찬 \n\n팬들 환호소리 귀담아듣는 모습이 너무너무 예쁜 예차니😭💕💕 눈코입귀손 안예쁜 구석이 단 1도 없는 소중한 우리 예찬이🙏🏻\n\nhttps://t.co/AV2MyIHTsb ht…",
  "date": "Sat Dec 08 23:54:50 +0000 2018",
  "retweets": 73,
  "favorites": 0,
  "mentions": [
    {
      "screen_name": "shineofyou_yc",
      "name": "shine of you✨",
      "id": 1070674666191126528,
      "id_str": "1070674666191126528",
      "indices": [
        3,
        17
      ]
    }
  ],
  "hashtags": [
    {
      "text": "언더나인틴",
      "indices": [
        30,
        36
      ]
    },
    {
      "text": "신예찬",
      "indices": [
        37,
        41
      ]
    }
  ],
  "geo": null
},{
  "id": "1071553648549720064",
  "permalink": "",
  "username": "유메",
  "text": "예찬이 보고 좋아서 죽기 전에 얼어서 죽게 생김",
  "date": "Sat Dec 08 23:54:32 +0000 2018",
  "retweets": 0,
  "favorites": 1,
  "mentions": [],
  "hashtags": [],
  "geo": null
},{
  "id": "1071553611446939648",
  "permalink": "",
  "username": "큐링이",
  "text": "RT @frythemall: 나 하은이라는이름인애들중에 왜케 교회다니는애들이많지 생각하다가 하은이 하나님의은혜 줄인거라는거듣고 충격먹엇어.. 그이후로 하 나 예 자로시작하는이름보면 궁예질들어감\n하나? 하나님나라? 예지? 예수님의지혜? 예은?예수님의은…",
  "date": "Sat Dec 08 23:54:24 +0000 2018",
  "retweets": 22656,
  "favorites": 0,
  "mentions": [
    {
      "screen_name": "frythemall",
      "name": "튀겨버려",
      "id": 3066199944,
      "id_str": "3066199944",
      "indices": [
        3,
        14
      ]
    }
  ],
  "hashtags": [],
  "geo": null
},{
  "id": "1071553286765916166",
  "permalink": "",
  "username": "카나리아❣",
  "text": "☆이예찬 ft 방준혁☆ CUT\n\nTheir friendship so cutee, wanna hug both of them💓\n\n#UNDERNINETEEN #아더나인틴 #LEEYECHAN #이예찬… https://t.co/hAKrp9ndvk",
  "date": "Sat Dec 08 23:53:06 +0000 2018",
  "retweets": 14,
  "favorites": 31,
  "mentions": [],
  "hashtags": [
    {
      "text": "UNDERNINETEEN",
      "indices": [
        70,
        84
      ]
    },
    {
      "text": "아더나인틴",
      "indices": [
        85,
        91
      ]
    },
    {
      "text": "LEEYECHAN",
      "indices": [
        92,
        102
      ]
    },
    {
      "text": "이예찬",
      "indices": [
        103,
        107
      ]
    }
  ],
  "geo": null
},{
  "id": "1071550996403212288",
  "permalink": "",
  "username": "arc",
  "text": "RT @Yechan_Fan: 예찬이 오빠 1위 하게 해주세요~~\n\n#언더나인틴 #신예찬 #UNDERNINETEEN #shinyechan #UNDER19 https://t.co/zv4XeQoBwb",
  "date": "Sat Dec 08 23:44:00 +0000 2018",
  "retweets": 56,
  "favorites": 0,
  "mentions": [
    {
      "screen_name": "Yechan_Fan",
      "name": "예차니",
      "id": 1057982797376188417,
      "id_str": "1057982797376188417",
      "indices": [
        3,
        14
      ]
    }
  ],
  "hashtags": [
    {
      "text": "언더나인틴",
      "indices": [
        37,
        43
      ]
    },
    {
      "text": "신예찬",
      "indices": [
        44,
        48
      ]
    },
    {
      "text": "UNDERNINETEEN",
      "indices": [
        49,
        63
      ]
    },
    {
      "text": "shinyechan",
      "indices": [
        64,
        75
      ]
    },
    {
      "text": "UNDER19",
      "indices": [
        76,
        84
      ]
    }
  ],
  "geo": null
},{
  "id": "1071550472631140352",
  "permalink": "",
  "username": "beee💜",
  "text": "RT @Yechan_Fan: 예찬이 오빠 1위 하게 해주세요~~\n\n#언더나인틴 #신예찬 #UNDERNINETEEN #shinyechan #UNDER19 https://t.co/zv4XeQoBwb",
  "date": "Sat Dec 08 23:41:55 +0000 2018",
  "retweets": 56,
  "favorites": 0,
  "mentions": [
    {
      "screen_name": "Yechan_Fan",
      "name": "예차니",
      "id": 1057982797376188417,
      "id_str": "1057982797376188417",
      "indices": [
        3,
        14
      ]
    }
  ],
  "hashtags": [
    {
      "text": "언더나인틴",
      "indices": [
        37,
        43
      ]
    },
    {
      "text": "신예찬",
      "indices": [
        44,
        48
      ]
    },
    {
      "text": "UNDERNINETEEN",
      "indices": [
        49,
        63
      ]
    },
    {
      "text": "shinyechan",
      "indices": [
        64,
        75
      ]
    },
    {
      "text": "UNDER19",
      "indices": [
        76,
        84
      ]
    }
  ],
  "geo": null
},{
  "id": "1071550140928782336",
  "permalink": "",
  "username": "永才 🧸",
  "text": "RT @Yechan_Fan: 뼛속까지 착한 우리 선비 예찬이 ㅠㅠ\n\n#언더나인틴 #신예찬 #undernineteen #shinyechan #UNDER19 https://t.co/DE50kymhGq",
  "date": "Sat Dec 08 23:40:36 +0000 2018",
  "retweets": 31,
  "favorites": 0,
  "mentions": [
    {
      "screen_name": "Yechan_Fan",
      "name": "예차니",
      "id": 1057982797376188417,
      "id_str": "1057982797376188417",
      "indices": [
        3,
        14
      ]
    }
  ],
  "hashtags": [
    {
      "text": "언더나인틴",
      "indices": [
        38,
        44
      ]
    },
    {
      "text": "신예찬",
      "indices": [
        45,
        49
      ]
    },
    {
      "text": "undernineteen",
      "indices": [
        50,
        64
      ]
    },
    {
      "text": "shinyechan",
      "indices": [
        65,
        76
      ]
    },
    {
      "text": "UNDER19",
      "indices": [
        77,
        85
      ]
    }
  ],
  "geo": null
},{
  "id": "1071545401486921728",
  "permalink": "",
  "username": "Andy🍊+a👼gel💜Roy🌹",
  "text": "RT @Yechan_Fan: 예찬이 오빠 1위 하게 해주세요~~\n\n#언더나인틴 #신예찬 #UNDERNINETEEN #shinyechan #UNDER19 https://t.co/zv4XeQoBwb",
  "date": "Sat Dec 08 23:21:46 +0000 2018",
  "retweets": 56,
  "favorites": 0,
  "mentions": [
    {
      "screen_name": "Yechan_Fan",
      "name": "예차니",
      "id": 1057982797376188417,
      "id_str": "1057982797376188417",
      "indices": [
        3,
        14
      ]
    }
  ],
  "hashtags": [
    {
      "text": "언더나인틴",
      "indices": [
        37,
        43
      ]
    },
    {
      "text": "신예찬",
      "indices": [
        44,
        48
      ]
    },
    {
      "text": "UNDERNINETEEN",
      "indices": [
        49,
        63
      ]
    },
    {
      "text": "shinyechan",
      "indices": [
        64,
        75
      ]
    },
    {
      "text": "UNDER19",
      "indices": [
        76,
        84
      ]
    }
  ],
  "geo": null
},{
  "id": "1071544108563410944",
  "permalink": "",
  "username": "예차니",
  "text": "예찬이 오빠 1위 하게 해주세요~~\n\n#언더나인틴 #신예찬 #UNDERNINETEEN #shinyechan #UNDER19 https://t.co/zv4XeQoBwb",
  "date": "Sat Dec 08 23:16:38 +0000 2018",
  "retweets": 56,
  "favorites": 69,
  "mentions": [],
  "hashtags": [
    {
      "text": "언더나인틴",
      "indices": [
        21,
        27
      ]
    },
    {
      "text": "신예찬",
      "indices": [
        28,
        32
      ]
    },
    {
      "text": "UNDERNINETEEN",
      "indices": [
        33,
        47
      ]
    },
    {
      "text": "shinyechan",
      "indices": [
        48,
        59
      ]
    },
    {
      "text": "UNDER19",
      "indices": [
        60,
        68
      ]
    }
  ],
  "geo": null
},{
  "id": "1071539955132821505",
  "permalink": "",
  "username": "지금 이 시각 서지경은?",
  "text": "잘생긴 예찬이가 오전 8시를 알려드립니다. 다들 잠은 집에 가서 자세요. 왜 시체가 되어있어.",
  "date": "Sat Dec 08 23:00:08 +0000 2018",
  "retweets": 0,
  "favorites": 0,
  "mentions": [],
  "hashtags": [],
  "geo": null
},{
  "id": "1071538136965033984",
  "permalink": "",
  "username": "arc",
  "text": "RT @Yechan_Fan: 뼛속까지 착한 우리 선비 예찬이 ㅠㅠ\n\n#언더나인틴 #신예찬 #undernineteen #shinyechan #UNDER19 https://t.co/DE50kymhGq",
  "date": "Sat Dec 08 22:52:54 +0000 2018",
  "retweets": 31,
  "favorites": 0,
  "mentions": [
    {
      "screen_name": "Yechan_Fan",
      "name": "예차니",
      "id": 1057982797376188417,
      "id_str": "1057982797376188417",
      "indices": [
        3,
        14
      ]
    }
  ],
  "hashtags": [
    {
      "text": "언더나인틴",
      "indices": [
        38,
        44
      ]
    },
    {
      "text": "신예찬",
      "indices": [
        45,
        49
      ]
    },
    {
      "text": "undernineteen",
      "indices": [
        50,
        64
      ]
    },
    {
      "text": "shinyechan",
      "indices": [
        65,
        76
      ]
    },
    {
      "text": "UNDER19",
      "indices": [
        77,
        85
      ]
    }
  ],
  "geo": null
},{
  "id": "1071536849846325249",
  "permalink": "",
  "username": "odek🍈",
  "text": "RT @Yechan_Fan: 뼛속까지 착한 우리 선비 예찬이 ㅠㅠ\n\n#언더나인틴 #신예찬 #undernineteen #shinyechan #UNDER19 https://t.co/DE50kymhGq",
  "date": "Sat Dec 08 22:47:47 +0000 2018",
  "retweets": 31,
  "favorites": 0,
  "mentions": [
    {
      "screen_name": "Yechan_Fan",
      "name": "예차니",
      "id": 1057982797376188417,
      "id_str": "1057982797376188417",
      "indices": [
        3,
        14
      ]
    }
  ],
  "hashtags": [
    {
      "text": "언더나인틴",
      "indices": [
        38,
        44
      ]
    },
    {
      "text": "신예찬",
      "indices": [
        45,
        49
      ]
    },
    {
      "text": "undernineteen",
      "indices": [
        50,
        64
      ]
    },
    {
      "text": "shinyechan",
      "indices": [
        65,
        76
      ]
    },
    {
      "text": "UNDER19",
      "indices": [
        77,
        85
      ]
    }
  ],
  "geo": null
},{
  "id": "1071535385690304512",
  "permalink": "",
  "username": "예차니",
  "text": "뼛속까지 착한 우리 선비 예찬이 ㅠㅠ\n\n#언더나인틴 #신예찬 #undernineteen #shinyechan #UNDER19 https://t.co/DE50kymhGq",
  "date": "Sat Dec 08 22:41:58 +0000 2018",
  "retweets": 31,
  "favorites": 37,
  "mentions": [],
  "hashtags": [
    {
      "text": "언더나인틴",
      "indices": [
        22,
        28
      ]
    },
    {
      "text": "신예찬",
      "indices": [
        29,
        33
      ]
    },
    {
      "text": "undernineteen",
      "indices": [
        34,
        48
      ]
    },
    {
      "text": "shinyechan",
      "indices": [
        49,
        60
      ]
    },
    {
      "text": "UNDER19",
      "indices": [
        61,
        69
      ]
    }
  ],
  "geo": null
},{
  "id": "1071529299126013952",
  "permalink": "",
  "username": "sam ً[ semi-ia bc 📌 ]",
  "text": "RT @shineofyou_yc: hq, 181206 #언더나인틴 #신예찬\n\n하루2번 보컬팀 예찬이에게 많이 많이 투표해주세요😘😘😘 \n\nhttps://t.co/AV2MyIHTsb https://t.co/gNW0P2di6l",
  "date": "Sat Dec 08 22:17:47 +0000 2018",
  "retweets": 109,
  "favorites": 0,
  "mentions": [
    {
      "screen_name": "shineofyou_yc",
      "name": "shine of you✨",
      "id": 1070674666191126528,
      "id_str": "1070674666191126528",
      "indices": [
        3,
        17
      ]
    }
  ],
  "hashtags": [
    {
      "text": "언더나인틴",
      "indices": [
        30,
        36
      ]
    },
    {
      "text": "신예찬",
      "indices": [
        37,
        41
      ]
    }
  ],
  "geo": null
},{
  "id": "1071526740277764097",
  "permalink": "",
  "username": "예찬",
  "text": "RT @shineofyou_yc: hq, 181206 #언더나인틴 #신예찬\n\n하루2번 보컬팀 예찬이에게 많이 많이 투표해주세요😘😘😘 \n\nhttps://t.co/AV2MyIHTsb https://t.co/gNW0P2di6l",
  "date": "Sat Dec 08 22:07:37 +0000 2018",
  "retweets": 109,
  "favorites": 0,
  "mentions": [
    {
      "screen_name": "shineofyou_yc",
      "name": "shine of you✨",
      "id": 1070674666191126528,
      "id_str": "1070674666191126528",
      "indices": [
        3,
        17
      ]
    }
  ],
  "hashtags": [
    {
      "text": "언더나인틴",
      "indices": [
        30,
        36
      ]
    },
    {
      "text": "신예찬",
      "indices": [
        37,
        41
      ]
    }
  ],
  "geo": null
},{
  "id": "1071526611370033154",
  "permalink": "",
  "username": "예찬",
  "text": "RT @shineofyou_yc: hq, 181206 #언더나인틴 #신예찬 \n\n팬들 환호소리 귀담아듣는 모습이 너무너무 예쁜 예차니😭💕💕 눈코입귀손 안예쁜 구석이 단 1도 없는 소중한 우리 예찬이🙏🏻\n\nhttps://t.co/AV2MyIHTsb ht…",
  "date": "Sat Dec 08 22:07:06 +0000 2018",
  "retweets": 73,
  "favorites": 0,
  "mentions": [
    {
      "screen_name": "shineofyou_yc",
      "name": "shine of you✨",
      "id": 1070674666191126528,
      "id_str": "1070674666191126528",
      "indices": [
        3,
        17
      ]
    }
  ],
  "hashtags": [
    {
      "text": "언더나인틴",
      "indices": [
        30,
        36
      ]
    },
    {
      "text": "신예찬",
      "indices": [
        37,
        41
      ]
    }
  ],
  "geo": null
},{
  "id": "1071525709187825665",
  "permalink": "",
  "username": "예찬",
  "text": "RT @yechanyechan514: #언더나인틴 #트친소 #신예찬\n\n비록 2n살이지만 고투마로우를 들을 때 만큼은 소녀인 팬입니다 ..\n1117 역조공이랑 1206 2차 방청 다녀왔어요!\n 탐라 복작복작하게 함께 예찬이 해주실 분들 어서오세요🐥 h…",
  "date": "Sat Dec 08 22:03:31 +0000 2018",
  "retweets": 11,
  "favorites": 0,
  "mentions": [
    {
      "screen_name": "yechanyechan514",
      "name": "꿀짱",
      "id": 922694712183570432,
      "id_str": "922694712183570432",
      "indices": [
        3,
        19
      ]
    }
  ],
  "hashtags": [
    {
      "text": "언더나인틴",
      "indices": [
        21,
        27
      ]
    },
    {
      "text": "트친소",
      "indices": [
        28,
        32
      ]
    },
    {
      "text": "신예찬",
      "indices": [
        33,
        37
      ]
    }
  ],
  "geo": null
},{
  "id": "1071515570355363841",
  "permalink": "",
  "username": "[방청가게해주세요제발]진석진아💞",
  "text": "작은 예찬이 너무 귀여워ㅠㅠㅠㅠㅠㅠ어제 방송 보는 내내 ' 귀여워ㅜㅜㅜㅜ😂 ' 무한 반복함ㅋㅋㅋㅋㅋㅋㅋㅋㅋㅋ",
  "date": "Sat Dec 08 21:23:14 +0000 2018",
  "retweets": 0,
  "favorites": 2,
  "mentions": [],
  "hashtags": [],
  "geo": null
},{
  "id": "1071501213097615360",
  "permalink": "",
  "username": "Lê Trần Yến Thanh",
  "text": "RT @shineofyou_yc: hq, 181206 #언더나인틴 #신예찬\n\n하루2번 보컬팀 예찬이에게 많이 많이 투표해주세요😘😘😘 \n\nhttps://t.co/AV2MyIHTsb https://t.co/gNW0P2di6l",
  "date": "Sat Dec 08 20:26:11 +0000 2018",
  "retweets": 109,
  "favorites": 0,
  "mentions": [
    {
      "screen_name": "shineofyou_yc",
      "name": "shine of you✨",
      "id": 1070674666191126528,
      "id_str": "1070674666191126528",
      "indices": [
        3,
        17
      ]
    }
  ],
  "hashtags": [
    {
      "text": "언더나인틴",
      "indices": [
        30,
        36
      ]
    },
    {
      "text": "신예찬",
      "indices": [
        37,
        41
      ]
    }
  ],
  "geo": null
},{
  "id": "1071501201118650368",
  "permalink": "",
  "username": "Lê Trần Yến Thanh",
  "text": "RT @shineofyou_yc: hq, 181206 #언더나인틴 #신예찬 \n\n팬들 환호소리 귀담아듣는 모습이 너무너무 예쁜 예차니😭💕💕 눈코입귀손 안예쁜 구석이 단 1도 없는 소중한 우리 예찬이🙏🏻\n\nhttps://t.co/AV2MyIHTsb ht…",
  "date": "Sat Dec 08 20:26:08 +0000 2018",
  "retweets": 73,
  "favorites": 0,
  "mentions": [
    {
      "screen_name": "shineofyou_yc",
      "name": "shine of you✨",
      "id": 1070674666191126528,
      "id_str": "1070674666191126528",
      "indices": [
        3,
        17
      ]
    }
  ],
  "hashtags": [
    {
      "text": "언더나인틴",
      "indices": [
        30,
        36
      ]
    },
    {
      "text": "신예찬",
      "indices": [
        37,
        41
      ]
    }
  ],
  "geo": null
},{
  "id": "1071486671168782336",
  "permalink": "",
  "username": "별하",
  "text": "RT @frythemall: 나 하은이라는이름인애들중에 왜케 교회다니는애들이많지 생각하다가 하은이 하나님의은혜 줄인거라는거듣고 충격먹엇어.. 그이후로 하 나 예 자로시작하는이름보면 궁예질들어감\n하나? 하나님나라? 예지? 예수님의지혜? 예은?예수님의은…",
  "date": "Sat Dec 08 19:28:24 +0000 2018",
  "retweets": 22656,
  "favorites": 0,
  "mentions": [
    {
      "screen_name": "frythemall",
      "name": "튀겨버려",
      "id": 3066199944,
      "id_str": "3066199944",
      "indices": [
        3,
        14
      ]
    }
  ],
  "hashtags": [],
  "geo": null
},{
  "id": "1071485824296923136",
  "permalink": "",
  "username": "오랜지주스🍹",
  "text": "현 : 하 그러면 심심할테지만 어쩔수없지… (피부에 좋은 거 바르면서 예찬이도 막 발라줌 뭉댕문댕)",
  "date": "Sat Dec 08 19:25:02 +0000 2018",
  "retweets": 0,
  "favorites": 1,
  "mentions": [],
  "hashtags": [],
  "geo": null
},{
  "id": "1071485131288829952",
  "permalink": "",
  "username": "짜티",
  "text": "RT @frythemall: 나 하은이라는이름인애들중에 왜케 교회다니는애들이많지 생각하다가 하은이 하나님의은혜 줄인거라는거듣고 충격먹엇어.. 그이후로 하 나 예 자로시작하는이름보면 궁예질들어감\n하나? 하나님나라? 예지? 예수님의지혜? 예은?예수님의은…",
  "date": "Sat Dec 08 19:22:17 +0000 2018",
  "retweets": 22656,
  "favorites": 0,
  "mentions": [
    {
      "screen_name": "frythemall",
      "name": "튀겨버려",
      "id": 3066199944,
      "id_str": "3066199944",
      "indices": [
        3,
        14
      ]
    }
  ],
  "hashtags": [],
  "geo": null
},{
  "id": "1071483843406782464",
  "permalink": "",
  "username": "오랜지주스🍹",
  "text": "현이 막 예찬이 댈고 신상품으로 나온 마스크팩 사와서 같이 누워서 햇을거같다고(현 : 앜ㅋㅋㅋ 이거하는동안 웃으면 안 되는데ㅋㅋㅋㅋ(Tv보면서 웃음참기))",
  "date": "Sat Dec 08 19:17:10 +0000 2018",
  "retweets": 0,
  "favorites": 1,
  "mentions": [],
  "hashtags": [],
  "geo": null
},{
  "id": "1071483476270972928",
  "permalink": "",
  "username": "🌌라이트닝⚡",
  "text": "RT @frythemall: 나 하은이라는이름인애들중에 왜케 교회다니는애들이많지 생각하다가 하은이 하나님의은혜 줄인거라는거듣고 충격먹엇어.. 그이후로 하 나 예 자로시작하는이름보면 궁예질들어감\n하나? 하나님나라? 예지? 예수님의지혜? 예은?예수님의은…",
  "date": "Sat Dec 08 19:15:42 +0000 2018",
  "retweets": 22656,
  "favorites": 0,
  "mentions": [
    {
      "screen_name": "frythemall",
      "name": "튀겨버려",
      "id": 3066199944,
      "id_str": "3066199944",
      "indices": [
        3,
        14
      ]
    }
  ],
  "hashtags": [],
  "geo": null
},{
  "id": "1071482459244511232",
  "permalink": "",
  "username": "콜 리",
  "text": "RT @frythemall: 나 하은이라는이름인애들중에 왜케 교회다니는애들이많지 생각하다가 하은이 하나님의은혜 줄인거라는거듣고 충격먹엇어.. 그이후로 하 나 예 자로시작하는이름보면 궁예질들어감\n하나? 하나님나라? 예지? 예수님의지혜? 예은?예수님의은…",
  "date": "Sat Dec 08 19:11:40 +0000 2018",
  "retweets": 22656,
  "favorites": 0,
  "mentions": [
    {
      "screen_name": "frythemall",
      "name": "튀겨버려",
      "id": 3066199944,
      "id_str": "3066199944",
      "indices": [
        3,
        14
      ]
    }
  ],
  "hashtags": [],
  "geo": null
},{
  "id": "1071482402952736768",
  "permalink": "",
  "username": "𝙻𝙾𝚅𝙴 혜밍 𝚂𝙷𝙾𝚃",
  "text": "RT @frythemall: 나 하은이라는이름인애들중에 왜케 교회다니는애들이많지 생각하다가 하은이 하나님의은혜 줄인거라는거듣고 충격먹엇어.. 그이후로 하 나 예 자로시작하는이름보면 궁예질들어감\n하나? 하나님나라? 예지? 예수님의지혜? 예은?예수님의은…",
  "date": "Sat Dec 08 19:11:26 +0000 2018",
  "retweets": 22656,
  "favorites": 0,
  "mentions": [
    {
      "screen_name": "frythemall",
      "name": "튀겨버려",
      "id": 3066199944,
      "id_str": "3066199944",
      "indices": [
        3,
        14
      ]
    }
  ],
  "hashtags": [],
  "geo": null
},{
  "id": "1071481425981976577",
  "permalink": "",
  "username": "탄탄",
  "text": "RT @frythemall: 나 하은이라는이름인애들중에 왜케 교회다니는애들이많지 생각하다가 하은이 하나님의은혜 줄인거라는거듣고 충격먹엇어.. 그이후로 하 나 예 자로시작하는이름보면 궁예질들어감\n하나? 하나님나라? 예지? 예수님의지혜? 예은?예수님의은…",
  "date": "Sat Dec 08 19:07:33 +0000 2018",
  "retweets": 22656,
  "favorites": 0,
  "mentions": [
    {
      "screen_name": "frythemall",
      "name": "튀겨버려",
      "id": 3066199944,
      "id_str": "3066199944",
      "indices": [
        3,
        14
      ]
    }
  ],
  "hashtags": [],
  "geo": null
},{
  "id": "1071473343872679936",
  "permalink": "",
  "username": "콤프턴산란",
  "text": "RT @frythemall: 나 하은이라는이름인애들중에 왜케 교회다니는애들이많지 생각하다가 하은이 하나님의은혜 줄인거라는거듣고 충격먹엇어.. 그이후로 하 나 예 자로시작하는이름보면 궁예질들어감\n하나? 하나님나라? 예지? 예수님의지혜? 예은?예수님의은…",
  "date": "Sat Dec 08 18:35:26 +0000 2018",
  "retweets": 22656,
  "favorites": 0,
  "mentions": [
    {
      "screen_name": "frythemall",
      "name": "튀겨버려",
      "id": 3066199944,
      "id_str": "3066199944",
      "indices": [
        3,
        14
      ]
    }
  ],
  "hashtags": [],
  "geo": null
},{
  "id": "1071471307366137857",
  "permalink": "",
  "username": "*어어어어*",
  "text": "RT @shineofyou_yc: hq, 181206 #언더나인틴 #신예찬 \n\n팬들 환호소리 귀담아듣는 모습이 너무너무 예쁜 예차니😭💕💕 눈코입귀손 안예쁜 구석이 단 1도 없는 소중한 우리 예찬이🙏🏻\n\nhttps://t.co/AV2MyIHTsb ht…",
  "date": "Sat Dec 08 18:27:21 +0000 2018",
  "retweets": 73,
  "favorites": 0,
  "mentions": [
    {
      "screen_name": "shineofyou_yc",
      "name": "shine of you✨",
      "id": 1070674666191126528,
      "id_str": "1070674666191126528",
      "indices": [
        3,
        17
      ]
    }
  ],
  "hashtags": [
    {
      "text": "언더나인틴",
      "indices": [
        30,
        36
      ]
    },
    {
      "text": "신예찬",
      "indices": [
        37,
        41
      ]
    }
  ],
  "geo": null
},{
  "id": "1071469323430940672",
  "permalink": "",
  "username": "선",
  "text": "RT @frythemall: 나 하은이라는이름인애들중에 왜케 교회다니는애들이많지 생각하다가 하은이 하나님의은혜 줄인거라는거듣고 충격먹엇어.. 그이후로 하 나 예 자로시작하는이름보면 궁예질들어감\n하나? 하나님나라? 예지? 예수님의지혜? 예은?예수님의은…",
  "date": "Sat Dec 08 18:19:28 +0000 2018",
  "retweets": 22656,
  "favorites": 0,
  "mentions": [
    {
      "screen_name": "frythemall",
      "name": "튀겨버려",
      "id": 3066199944,
      "id_str": "3066199944",
      "indices": [
        3,
        14
      ]
    }
  ],
  "hashtags": [],
  "geo": null
},{
  "id": "1071469123824046080",
  "permalink": "",
  "username": "맹드",
  "text": "RT @frythemall: 나 하은이라는이름인애들중에 왜케 교회다니는애들이많지 생각하다가 하은이 하나님의은혜 줄인거라는거듣고 충격먹엇어.. 그이후로 하 나 예 자로시작하는이름보면 궁예질들어감\n하나? 하나님나라? 예지? 예수님의지혜? 예은?예수님의은…",
  "date": "Sat Dec 08 18:18:40 +0000 2018",
  "retweets": 22656,
  "favorites": 0,
  "mentions": [
    {
      "screen_name": "frythemall",
      "name": "튀겨버려",
      "id": 3066199944,
      "id_str": "3066199944",
      "indices": [
        3,
        14
      ]
    }
  ],
  "hashtags": [],
  "geo": null
},{
  "id": "1071467389387186177",
  "permalink": "",
  "username": "✨빔✨",
  "text": "RT @frythemall: 나 하은이라는이름인애들중에 왜케 교회다니는애들이많지 생각하다가 하은이 하나님의은혜 줄인거라는거듣고 충격먹엇어.. 그이후로 하 나 예 자로시작하는이름보면 궁예질들어감\n하나? 하나님나라? 예지? 예수님의지혜? 예은?예수님의은…",
  "date": "Sat Dec 08 18:11:47 +0000 2018",
  "retweets": 22656,
  "favorites": 0,
  "mentions": [
    {
      "screen_name": "frythemall",
      "name": "튀겨버려",
      "id": 3066199944,
      "id_str": "3066199944",
      "indices": [
        3,
        14
      ]
    }
  ],
  "hashtags": [],
  "geo": null
},{
  "id": "1071466407664136192",
  "permalink": "",
  "username": "라빛",
  "text": "RT @ckslwkf: 예찬이 팬보구 하트 💕💕 #언더나인틴 #신예찬 https://t.co/ASFOFAlku3",
  "date": "Sat Dec 08 18:07:53 +0000 2018",
  "retweets": 145,
  "favorites": 0,
  "mentions": [
    {
      "screen_name": "ckslwkf",
      "name": "예잘",
      "id": 1058691821570650113,
      "id_str": "1058691821570650113",
      "indices": [
        3,
        11
      ]
    }
  ],
  "hashtags": [
    {
      "text": "언더나인틴",
      "indices": [
        27,
        33
      ]
    },
    {
      "text": "신예찬",
      "indices": [
        34,
        38
      ]
    }
  ],
  "geo": null
},{
  "id": "1071455663707078673",
  "permalink": "",
  "username": "𝑒𝑙𝑙𝑎♡다현",
  "text": "RT @chaniifantasy: 181208 바스타데이 예찬 \n\n깨물하트  (˘̩̩ε˘̩ƪ) (˘̩̩ε˘̩ƪ) (˘̩̩ε˘̩ƪ) (˘̩̩ε˘̩ƪ) 귀여워 (˘̩̩ε˘̩ƪ) (˘̩̩ε˘̩ƪ) (˘̩̩ε˘̩ƪ) 너무 귀엽구 사랑스럽고 ,,,, 와그작…",
  "date": "Sat Dec 08 17:25:11 +0000 2018",
  "retweets": 13,
  "favorites": 0,
  "mentions": [
    {
      "screen_name": "chaniifantasy",
      "name": "🌈 차니판타지 ⭐️",
      "id": 1048964057720451072,
      "id_str": "1048964057720451072",
      "indices": [
        3,
        17
      ]
    }
  ],
  "hashtags": [],
  "geo": null
},{
  "id": "1071455227121827840",
  "permalink": "",
  "username": "-",
  "text": "RT @chaniifantasy: 181208 바스타데이 예찬 \n\n깨물하트  (˘̩̩ε˘̩ƪ) (˘̩̩ε˘̩ƪ) (˘̩̩ε˘̩ƪ) (˘̩̩ε˘̩ƪ) 귀여워 (˘̩̩ε˘̩ƪ) (˘̩̩ε˘̩ƪ) (˘̩̩ε˘̩ƪ) 너무 귀엽구 사랑스럽고 ,,,, 와그작…",
  "date": "Sat Dec 08 17:23:27 +0000 2018",
  "retweets": 13,
  "favorites": 0,
  "mentions": [
    {
      "screen_name": "chaniifantasy",
      "name": "🌈 차니판타지 ⭐️",
      "id": 1048964057720451072,
      "id_str": "1048964057720451072",
      "indices": [
        3,
        17
      ]
    }
  ],
  "hashtags": [],
  "geo": null
},{
  "id": "1071455065150414848",
  "permalink": "",
  "username": "-",
  "text": "RT @chaniifantasy: 181208 바스타데이 예찬\n\n예찬이 요즘 미모가 ㅁㅐ 일 리즈를 갱신하구있어 너무 예뿌다 예찬아 (˘̩̩ε˘̩ƪ) .... 🖤\n\n#핑크판타지 #예찬 #핑크판타지예찬 https://t.co/RsrSOBtEoY",
  "date": "Sat Dec 08 17:22:48 +0000 2018",
  "retweets": 8,
  "favorites": 0,
  "mentions": [
    {
      "screen_name": "chaniifantasy",
      "name": "🌈 차니판타지 ⭐️",
      "id": 1048964057720451072,
      "id_str": "1048964057720451072",
      "indices": [
        3,
        17
      ]
    }
  ],
  "hashtags": [
    {
      "text": "핑크판타지",
      "indices": [
        92,
        98
      ]
    },
    {
      "text": "예찬",
      "indices": [
        99,
        102
      ]
    },
    {
      "text": "핑크판타지예찬",
      "indices": [
        103,
        111
      ]
    }
  ],
  "geo": null
},{
  "id": "1071452910100180994",
  "permalink": "",
  "username": "류아🌺메인트 메미 단체 팬아트",
  "text": "RT @rider_yellin: 하은 하랑 하람 주은 예찬 ... \n와 무교인 나로서는 이게 종교쪽에서 따온 이름인거 1도 예상 못함..ㅋㅋㅋㅋ\n대학 동기 중에 이름이 '그리' 인 애가 있었고 걔 동생이 '스도' 였던 적은 있었어도....",
  "date": "Sat Dec 08 17:14:15 +0000 2018",
  "retweets": 1876,
  "favorites": 0,
  "mentions": [
    {
      "screen_name": "rider_yellin",
      "name": "울프타는 옐린",
      "id": 991502852030803968,
      "id_str": "991502852030803968",
      "indices": [
        3,
        16
      ]
    }
  ],
  "hashtags": [],
  "geo": null
},{
  "id": "1071452203162963969",
  "permalink": "",
  "username": "𝑒𝑙𝑙𝑎♡다현",
  "text": "RT @chaniifantasy: 181208 바스타데이 예찬\n\n예찬이 요즘 미모가 ㅁㅐ 일 리즈를 갱신하구있어 너무 예뿌다 예찬아 (˘̩̩ε˘̩ƪ) .... 🖤\n\n#핑크판타지 #예찬 #핑크판타지예찬 https://t.co/RsrSOBtEoY",
  "date": "Sat Dec 08 17:11:26 +0000 2018",
  "retweets": 8,
  "favorites": 0,
  "mentions": [
    {
      "screen_name": "chaniifantasy",
      "name": "🌈 차니판타지 ⭐️",
      "id": 1048964057720451072,
      "id_str": "1048964057720451072",
      "indices": [
        3,
        17
      ]
    }
  ],
  "hashtags": [
    {
      "text": "핑크판타지",
      "indices": [
        92,
        98
      ]
    },
    {
      "text": "예찬",
      "indices": [
        99,
        102
      ]
    },
    {
      "text": "핑크판타지예찬",
      "indices": [
        103,
        111
      ]
    }
  ],
  "geo": null
},{
  "id": "1071451778120585216",
  "permalink": "",
  "username": "i'm a; luvit 🐰... only pink fantasy ♡",
  "text": "RT @chaniifantasy: 181208 바스타데이 예찬\n\n예찬이 요즘 미모가 ㅁㅐ 일 리즈를 갱신하구있어 너무 예뿌다 예찬아 (˘̩̩ε˘̩ƪ) .... 🖤\n\n#핑크판타지 #예찬 #핑크판타지예찬 https://t.co/RsrSOBtEoY",
  "date": "Sat Dec 08 17:09:45 +0000 2018",
  "retweets": 8,
  "favorites": 0,
  "mentions": [
    {
      "screen_name": "chaniifantasy",
      "name": "🌈 차니판타지 ⭐️",
      "id": 1048964057720451072,
      "id_str": "1048964057720451072",
      "indices": [
        3,
        17
      ]
    }
  ],
  "hashtags": [
    {
      "text": "핑크판타지",
      "indices": [
        92,
        98
      ]
    },
    {
      "text": "예찬",
      "indices": [
        99,
        102
      ]
    },
    {
      "text": "핑크판타지예찬",
      "indices": [
        103,
        111
      ]
    }
  ],
  "geo": null
},{
  "id": "1071451295729508352",
  "permalink": "",
  "username": "👽",
  "text": "RT @shineofyou_yc: hq, 181206 #언더나인틴 #신예찬\n\n하루2번 보컬팀 예찬이에게 많이 많이 투표해주세요😘😘😘 \n\nhttps://t.co/AV2MyIHTsb https://t.co/gNW0P2di6l",
  "date": "Sat Dec 08 17:07:50 +0000 2018",
  "retweets": 109,
  "favorites": 0,
  "mentions": [
    {
      "screen_name": "shineofyou_yc",
      "name": "shine of you✨",
      "id": 1070674666191126528,
      "id_str": "1070674666191126528",
      "indices": [
        3,
        17
      ]
    }
  ],
  "hashtags": [
    {
      "text": "언더나인틴",
      "indices": [
        30,
        36
      ]
    },
    {
      "text": "신예찬",
      "indices": [
        37,
        41
      ]
    }
  ],
  "geo": null
},{
  "id": "1071450972080259073",
  "permalink": "",
  "username": "🧸𝔅𝔯𝔦 🧸",
  "text": "RT @chaniifantasy: 181208 바스타데이 예찬 \n\n깨물하트  (˘̩̩ε˘̩ƪ) (˘̩̩ε˘̩ƪ) (˘̩̩ε˘̩ƪ) (˘̩̩ε˘̩ƪ) 귀여워 (˘̩̩ε˘̩ƪ) (˘̩̩ε˘̩ƪ) (˘̩̩ε˘̩ƪ) 너무 귀엽구 사랑스럽고 ,,,, 와그작…",
  "date": "Sat Dec 08 17:06:32 +0000 2018",
  "retweets": 13,
  "favorites": 0,
  "mentions": [
    {
      "screen_name": "chaniifantasy",
      "name": "🌈 차니판타지 ⭐️",
      "id": 1048964057720451072,
      "id_str": "1048964057720451072",
      "indices": [
        3,
        17
      ]
    }
  ],
  "hashtags": [],
  "geo": null
},{
  "id": "1071450877800538112",
  "permalink": "",
  "username": "보경(ㅂㄷㄱ)",
  "text": "RT @rider_yellin: 하은 하랑 하람 주은 예찬 ... \n와 무교인 나로서는 이게 종교쪽에서 따온 이름인거 1도 예상 못함..ㅋㅋㅋㅋ\n대학 동기 중에 이름이 '그리' 인 애가 있었고 걔 동생이 '스도' 였던 적은 있었어도....",
  "date": "Sat Dec 08 17:06:10 +0000 2018",
  "retweets": 1876,
  "favorites": 0,
  "mentions": [
    {
      "screen_name": "rider_yellin",
      "name": "울프타는 옐린",
      "id": 991502852030803968,
      "id_str": "991502852030803968",
      "indices": [
        3,
        16
      ]
    }
  ],
  "hashtags": [],
  "geo": null
},{
  "id": "1071449972539764737",
  "permalink": "",
  "username": "Miauw",
  "text": "RT @shineofyou_yc: hq, 181206 #언더나인틴 #신예찬 \n\n팬들 환호소리 귀담아듣는 모습이 너무너무 예쁜 예차니😭💕💕 눈코입귀손 안예쁜 구석이 단 1도 없는 소중한 우리 예찬이🙏🏻\n\nhttps://t.co/AV2MyIHTsb ht…",
  "date": "Sat Dec 08 17:02:34 +0000 2018",
  "retweets": 73,
  "favorites": 0,
  "mentions": [
    {
      "screen_name": "shineofyou_yc",
      "name": "shine of you✨",
      "id": 1070674666191126528,
      "id_str": "1070674666191126528",
      "indices": [
        3,
        17
      ]
    }
  ],
  "hashtags": [
    {
      "text": "언더나인틴",
      "indices": [
        30,
        36
      ]
    },
    {
      "text": "신예찬",
      "indices": [
        37,
        41
      ]
    }
  ],
  "geo": null
},{
  "id": "1071449116692099072",
  "permalink": "",
  "username": "ailen",
  "text": "RT @chaniifantasy: 181208 바스타데이 예찬 \n\n깨물하트  (˘̩̩ε˘̩ƪ) (˘̩̩ε˘̩ƪ) (˘̩̩ε˘̩ƪ) (˘̩̩ε˘̩ƪ) 귀여워 (˘̩̩ε˘̩ƪ) (˘̩̩ε˘̩ƪ) (˘̩̩ε˘̩ƪ) 너무 귀엽구 사랑스럽고 ,,,, 와그작…",
  "date": "Sat Dec 08 16:59:10 +0000 2018",
  "retweets": 13,
  "favorites": 0,
  "mentions": [
    {
      "screen_name": "chaniifantasy",
      "name": "🌈 차니판타지 ⭐️",
      "id": 1048964057720451072,
      "id_str": "1048964057720451072",
      "indices": [
        3,
        17
      ]
    }
  ],
  "hashtags": [],
  "geo": null
},{
  "id": "1071447968455086082",
  "permalink": "",
  "username": "𝙀𝙕𝙍𝘼𝙆𝙄𝙈",
  "text": "RT @ckslwkf: 예찬이 팬보구 하트 💕💕 #언더나인틴 #신예찬 https://t.co/ASFOFAlku3",
  "date": "Sat Dec 08 16:54:36 +0000 2018",
  "retweets": 145,
  "favorites": 0,
  "mentions": [
    {
      "screen_name": "ckslwkf",
      "name": "예잘",
      "id": 1058691821570650113,
      "id_str": "1058691821570650113",
      "indices": [
        3,
        11
      ]
    }
  ],
  "hashtags": [
    {
      "text": "언더나인틴",
      "indices": [
        27,
        33
      ]
    },
    {
      "text": "신예찬",
      "indices": [
        34,
        38
      ]
    }
  ],
  "geo": null
},{
  "id": "1071447856542756864",
  "permalink": "",
  "username": "𝙀𝙕𝙍𝘼𝙆𝙄𝙈",
  "text": "RT @shineofyou_yc: hq, 181206 #언더나인틴 #신예찬 \n\n팬들 환호소리 귀담아듣는 모습이 너무너무 예쁜 예차니😭💕💕 눈코입귀손 안예쁜 구석이 단 1도 없는 소중한 우리 예찬이🙏🏻\n\nhttps://t.co/AV2MyIHTsb ht…",
  "date": "Sat Dec 08 16:54:10 +0000 2018",
  "retweets": 73,
  "favorites": 0,
  "mentions": [
    {
      "screen_name": "shineofyou_yc",
      "name": "shine of you✨",
      "id": 1070674666191126528,
      "id_str": "1070674666191126528",
      "indices": [
        3,
        17
      ]
    }
  ],
  "hashtags": [
    {
      "text": "언더나인틴",
      "indices": [
        30,
        36
      ]
    },
    {
      "text": "신예찬",
      "indices": [
        37,
        41
      ]
    }
  ],
  "geo": null
},{
  "id": "1071447843380977664",
  "permalink": "",
  "username": "𝙀𝙕𝙍𝘼𝙆𝙄𝙈",
  "text": "RT @shineofyou_yc: hq, 181206 #언더나인틴 #신예찬\n\n하루2번 보컬팀 예찬이에게 많이 많이 투표해주세요😘😘😘 \n\nhttps://t.co/AV2MyIHTsb https://t.co/gNW0P2di6l",
  "date": "Sat Dec 08 16:54:07 +0000 2018",
  "retweets": 109,
  "favorites": 0,
  "mentions": [
    {
      "screen_name": "shineofyou_yc",
      "name": "shine of you✨",
      "id": 1070674666191126528,
      "id_str": "1070674666191126528",
      "indices": [
        3,
        17
      ]
    }
  ],
  "hashtags": [
    {
      "text": "언더나인틴",
      "indices": [
        30,
        36
      ]
    },
    {
      "text": "신예찬",
      "indices": [
        37,
        41
      ]
    }
  ],
  "geo": null
},{
  "id": "1071447456833884160",
  "permalink": "",
  "username": "£서바충",
  "text": "@Doyum_ 헐~저도 그쪽분들이 티 엄청내고 진짜 뭔 시장 온 것처럼 떠드셔서 별 소리 다 들엇어요 거기랑 작예찬네...픽한 적도 없엇는데 앞으로도 그럴 생각0",
  "date": "Sat Dec 08 16:52:34 +0000 2018",
  "retweets": 0,
  "favorites": 0,
  "mentions": [
    {
      "screen_name": "Doyum_",
      "name": "홍조",
      "id": 885352417612541952,
      "id_str": "885352417612541952",
      "indices": [
        0,
        7
      ]
    }
  ],
  "hashtags": [],
  "geo": null
},{
  "id": "1071447254995689472",
  "permalink": "",
  "username": "Oliver 🐯",
  "text": "RT @shineofyou_yc: hq, 181206 #언더나인틴 #신예찬\n\n하루2번 보컬팀 예찬이에게 많이 많이 투표해주세요😘😘😘 \n\nhttps://t.co/AV2MyIHTsb https://t.co/gNW0P2di6l",
  "date": "Sat Dec 08 16:51:46 +0000 2018",
  "retweets": 109,
  "favorites": 0,
  "mentions": [
    {
      "screen_name": "shineofyou_yc",
      "name": "shine of you✨",
      "id": 1070674666191126528,
      "id_str": "1070674666191126528",
      "indices": [
        3,
        17
      ]
    }
  ],
  "hashtags": [
    {
      "text": "언더나인틴",
      "indices": [
        30,
        36
      ]
    },
    {
      "text": "신예찬",
      "indices": [
        37,
        41
      ]
    }
  ],
  "geo": null
},{
  "id": "1071446794557685760",
  "permalink": "",
  "username": "cream",
  "text": "예찬이가 2222 찍고 있길래 콩 드립 치려다가 김콩 생각나서...(왈칵",
  "date": "Sat Dec 08 16:49:56 +0000 2018",
  "retweets": 0,
  "favorites": 0,
  "mentions": [],
  "hashtags": [],
  "geo": null
},{
  "id": "1071446674294288384",
  "permalink": "",
  "username": "앵구",
  "text": "RT @frythemall: 나 하은이라는이름인애들중에 왜케 교회다니는애들이많지 생각하다가 하은이 하나님의은혜 줄인거라는거듣고 충격먹엇어.. 그이후로 하 나 예 자로시작하는이름보면 궁예질들어감\n하나? 하나님나라? 예지? 예수님의지혜? 예은?예수님의은…",
  "date": "Sat Dec 08 16:49:28 +0000 2018",
  "retweets": 22656,
  "favorites": 0,
  "mentions": [
    {
      "screen_name": "frythemall",
      "name": "튀겨버려",
      "id": 3066199944,
      "id_str": "3066199944",
      "indices": [
        3,
        14
      ]
    }
  ],
  "hashtags": [],
  "geo": null
},{
  "id": "1071444414994644992",
  "permalink": "",
  "username": "슈크림",
  "text": "RT @ckslwkf: 예찬이 팬보구 하트 💕💕 #언더나인틴 #신예찬 https://t.co/ASFOFAlku3",
  "date": "Sat Dec 08 16:40:29 +0000 2018",
  "retweets": 145,
  "favorites": 0,
  "mentions": [
    {
      "screen_name": "ckslwkf",
      "name": "예잘",
      "id": 1058691821570650113,
      "id_str": "1058691821570650113",
      "indices": [
        3,
        11
      ]
    }
  ],
  "hashtags": [
    {
      "text": "언더나인틴",
      "indices": [
        27,
        33
      ]
    },
    {
      "text": "신예찬",
      "indices": [
        34,
        38
      ]
    }
  ],
  "geo": null
},{
  "id": "1071444304374054912",
  "permalink": "",
  "username": "옴뇸뇸",
  "text": "RT @emmastaste: 언제부터 좁은 곳에 두근거리지 않게 되었을까. 요시타케 신스케의 &lt;좁아서 두근두근&gt;을 보면 나도 책상 밑, 미끄럼틀 아래 등 틈만 발견하면 몸을 욱여넣는 좁은 곳 마니아였다는 것이 떠오른다. 이런 향수에 유머를 끼얹어 다…",
  "date": "Sat Dec 08 16:40:03 +0000 2018",
  "retweets": 461,
  "favorites": 0,
  "mentions": [
    {
      "screen_name": "emmastaste",
      "name": "엠마의취향",
      "id": 1025199276538744833,
      "id_str": "1025199276538744833",
      "indices": [
        3,
        14
      ]
    }
  ],
  "hashtags": [],
  "geo": null
},{
  "id": "1071444257993412608",
  "permalink": "",
  "username": "슈크림",
  "text": "RT @shineofyou_yc: hq, 181206 #언더나인틴 #신예찬\n\n하루2번 보컬팀 예찬이에게 많이 많이 투표해주세요😘😘😘 \n\nhttps://t.co/AV2MyIHTsb https://t.co/gNW0P2di6l",
  "date": "Sat Dec 08 16:39:52 +0000 2018",
  "retweets": 109,
  "favorites": 0,
  "mentions": [
    {
      "screen_name": "shineofyou_yc",
      "name": "shine of you✨",
      "id": 1070674666191126528,
      "id_str": "1070674666191126528",
      "indices": [
        3,
        17
      ]
    }
  ],
  "hashtags": [
    {
      "text": "언더나인틴",
      "indices": [
        30,
        36
      ]
    },
    {
      "text": "신예찬",
      "indices": [
        37,
        41
      ]
    }
  ],
  "geo": null
},{
  "id": "1071443723240669185",
  "permalink": "",
  "username": "D!t 👑",
  "text": "RT @shineofyou_yc: hq, 181206 #언더나인틴 #신예찬\n\n하루2번 보컬팀 예찬이에게 많이 많이 투표해주세요😘😘😘 \n\nhttps://t.co/AV2MyIHTsb https://t.co/gNW0P2di6l",
  "date": "Sat Dec 08 16:37:44 +0000 2018",
  "retweets": 109,
  "favorites": 0,
  "mentions": [
    {
      "screen_name": "shineofyou_yc",
      "name": "shine of you✨",
      "id": 1070674666191126528,
      "id_str": "1070674666191126528",
      "indices": [
        3,
        17
      ]
    }
  ],
  "hashtags": [
    {
      "text": "언더나인틴",
      "indices": [
        30,
        36
      ]
    },
    {
      "text": "신예찬",
      "indices": [
        37,
        41
      ]
    }
  ],
  "geo": null
},{
  "id": "1071442341846671362",
  "permalink": "",
  "username": "애이",
  "text": "@XAI_AX 빼빼로인줄 알고 예찬이 주려고 뽑아왔어.......",
  "date": "Sat Dec 08 16:32:15 +0000 2018",
  "retweets": 0,
  "favorites": 0,
  "mentions": [
    {
      "screen_name": "XAI_AX",
      "name": "해적페스 달라",
      "id": 3297562387,
      "id_str": "3297562387",
      "indices": [
        0,
        7
      ]
    }
  ],
  "hashtags": [],
  "geo": null
},{
  "id": "1071442014498103296",
  "permalink": "",
  "username": "riam",
  "text": "RT @chaniifantasy: 181208 바스타데이 예찬 \n\n깨물하트  (˘̩̩ε˘̩ƪ) (˘̩̩ε˘̩ƪ) (˘̩̩ε˘̩ƪ) (˘̩̩ε˘̩ƪ) 귀여워 (˘̩̩ε˘̩ƪ) (˘̩̩ε˘̩ƪ) (˘̩̩ε˘̩ƪ) 너무 귀엽구 사랑스럽고 ,,,, 와그작…",
  "date": "Sat Dec 08 16:30:57 +0000 2018",
  "retweets": 13,
  "favorites": 0,
  "mentions": [
    {
      "screen_name": "chaniifantasy",
      "name": "🌈 차니판타지 ⭐️",
      "id": 1048964057720451072,
      "id_str": "1048964057720451072",
      "indices": [
        3,
        17
      ]
    }
  ],
  "hashtags": [],
  "geo": null
},{
  "id": "1071441752983261184",
  "permalink": "",
  "username": "Nur Inayah R ∞",
  "text": "RT @shineofyou_yc: hq, 181206 #언더나인틴 #신예찬\n\n하루2번 보컬팀 예찬이에게 많이 많이 투표해주세요😘😘😘 \n\nhttps://t.co/AV2MyIHTsb https://t.co/gNW0P2di6l",
  "date": "Sat Dec 08 16:29:54 +0000 2018",
  "retweets": 109,
  "favorites": 0,
  "mentions": [
    {
      "screen_name": "shineofyou_yc",
      "name": "shine of you✨",
      "id": 1070674666191126528,
      "id_str": "1070674666191126528",
      "indices": [
        3,
        17
      ]
    }
  ],
  "hashtags": [
    {
      "text": "언더나인틴",
      "indices": [
        30,
        36
      ]
    },
    {
      "text": "신예찬",
      "indices": [
        37,
        41
      ]
    }
  ],
  "geo": null
},{
  "id": "1071441713036636160",
  "permalink": "",
  "username": "Nur Inayah R ∞",
  "text": "RT @shineofyou_yc: hq, 181206 #언더나인틴 #신예찬 \n\n팬들 환호소리 귀담아듣는 모습이 너무너무 예쁜 예차니😭💕💕 눈코입귀손 안예쁜 구석이 단 1도 없는 소중한 우리 예찬이🙏🏻\n\nhttps://t.co/AV2MyIHTsb ht…",
  "date": "Sat Dec 08 16:29:45 +0000 2018",
  "retweets": 73,
  "favorites": 0,
  "mentions": [
    {
      "screen_name": "shineofyou_yc",
      "name": "shine of you✨",
      "id": 1070674666191126528,
      "id_str": "1070674666191126528",
      "indices": [
        3,
        17
      ]
    }
  ],
  "hashtags": [
    {
      "text": "언더나인틴",
      "indices": [
        30,
        36
      ]
    },
    {
      "text": "신예찬",
      "indices": [
        37,
        41
      ]
    }
  ],
  "geo": null
},{
  "id": "1071441578810458113",
  "permalink": "",
  "username": "yeah_cold",
  "text": "RT @ckslwkf: 예찬이 팬보구 하트 💕💕 #언더나인틴 #신예찬 https://t.co/ASFOFAlku3",
  "date": "Sat Dec 08 16:29:13 +0000 2018",
  "retweets": 145,
  "favorites": 0,
  "mentions": [
    {
      "screen_name": "ckslwkf",
      "name": "예잘",
      "id": 1058691821570650113,
      "id_str": "1058691821570650113",
      "indices": [
        3,
        11
      ]
    }
  ],
  "hashtags": [
    {
      "text": "언더나인틴",
      "indices": [
        27,
        33
      ]
    },
    {
      "text": "신예찬",
      "indices": [
        34,
        38
      ]
    }
  ],
  "geo": null
},{
  "id": "1071441524557144064",
  "permalink": "",
  "username": "May Belle",
  "text": "RT @library_of_Jane: 하나의 정열은 그 주위에 굳건한 요새의 성벽들을 쌓아두고자 한다. 그때 나는 하나하나의 사물을 아름답게 만드는 비밀을 예찬했다. 비밀이 없이는 행복도 없다는 것을. / 장 그르니에, '섬'",
  "date": "Sat Dec 08 16:29:00 +0000 2018",
  "retweets": 2,
  "favorites": 0,
  "mentions": [
    {
      "screen_name": "library_of_Jane",
      "name": "제인의 서재",
      "id": 901066809582829572,
      "id_str": "901066809582829572",
      "indices": [
        3,
        19
      ]
    }
  ],
  "hashtags": [],
  "geo": null
},{
  "id": "1071440438475649024",
  "permalink": "",
  "username": "훤이💎🌻",
  "text": "RT @shineofyou_yc: hq, 181206 #언더나인틴 #신예찬\n\n하루2번 보컬팀 예찬이에게 많이 많이 투표해주세요😘😘😘 \n\nhttps://t.co/AV2MyIHTsb https://t.co/gNW0P2di6l",
  "date": "Sat Dec 08 16:24:41 +0000 2018",
  "retweets": 109,
  "favorites": 0,
  "mentions": [
    {
      "screen_name": "shineofyou_yc",
      "name": "shine of you✨",
      "id": 1070674666191126528,
      "id_str": "1070674666191126528",
      "indices": [
        3,
        17
      ]
    }
  ],
  "hashtags": [
    {
      "text": "언더나인틴",
      "indices": [
        30,
        36
      ]
    },
    {
      "text": "신예찬",
      "indices": [
        37,
        41
      ]
    }
  ],
  "geo": null
},{
  "id": "1071438003971768320",
  "permalink": "",
  "username": "Tamara Zambra 따마라",
  "text": "RT @shineofyou_yc: hq, 181206 #언더나인틴 #신예찬 \n\n팬들 환호소리 귀담아듣는 모습이 너무너무 예쁜 예차니😭💕💕 눈코입귀손 안예쁜 구석이 단 1도 없는 소중한 우리 예찬이🙏🏻\n\nhttps://t.co/AV2MyIHTsb ht…",
  "date": "Sat Dec 08 16:15:01 +0000 2018",
  "retweets": 73,
  "favorites": 0,
  "mentions": [
    {
      "screen_name": "shineofyou_yc",
      "name": "shine of you✨",
      "id": 1070674666191126528,
      "id_str": "1070674666191126528",
      "indices": [
        3,
        17
      ]
    }
  ],
  "hashtags": [
    {
      "text": "언더나인틴",
      "indices": [
        30,
        36
      ]
    },
    {
      "text": "신예찬",
      "indices": [
        37,
        41
      ]
    }
  ],
  "geo": null
},{
  "id": "1071435811080429569",
  "permalink": "",
  "username": "จะเปย์โอปป้าจนกว่าเงินในบัญชีจะหมด",
  "text": "RT @shineofyou_yc: hq, 181206 #언더나인틴 #신예찬\n\n하루2번 보컬팀 예찬이에게 많이 많이 투표해주세요😘😘😘 \n\nhttps://t.co/AV2MyIHTsb https://t.co/gNW0P2di6l",
  "date": "Sat Dec 08 16:06:18 +0000 2018",
  "retweets": 109,
  "favorites": 0,
  "mentions": [
    {
      "screen_name": "shineofyou_yc",
      "name": "shine of you✨",
      "id": 1070674666191126528,
      "id_str": "1070674666191126528",
      "indices": [
        3,
        17
      ]
    }
  ],
  "hashtags": [
    {
      "text": "언더나인틴",
      "indices": [
        30,
        36
      ]
    },
    {
      "text": "신예찬",
      "indices": [
        37,
        41
      ]
    }
  ],
  "geo": null
},{
  "id": "1071435401351426048",
  "permalink": "",
  "username": "이모부의 일상을 알려주는 지아",
  "text": "예찬: 가위바위보를 못하는 사람은 더 못하는 사람과 연습해보면 좋대!! 그래서 나도 친해진 나뭇잎을 상대로 9승 1패 했더니 자신감이 붙었어! 이제 다 이기고 다닐 거야 이얏호~~!!\n\n백연: 1패를 했다고...?",
  "date": "Sat Dec 08 16:04:40 +0000 2018",
  "retweets": 2,
  "favorites": 0,
  "mentions": [],
  "hashtags": [],
  "geo": null
},{
  "id": "1071433887388065792",
  "permalink": "",
  "username": "😎",
  "text": "RT @frythemall: 나 하은이라는이름인애들중에 왜케 교회다니는애들이많지 생각하다가 하은이 하나님의은혜 줄인거라는거듣고 충격먹엇어.. 그이후로 하 나 예 자로시작하는이름보면 궁예질들어감\n하나? 하나님나라? 예지? 예수님의지혜? 예은?예수님의은…",
  "date": "Sat Dec 08 15:58:39 +0000 2018",
  "retweets": 22656,
  "favorites": 0,
  "mentions": [
    {
      "screen_name": "frythemall",
      "name": "튀겨버려",
      "id": 3066199944,
      "id_str": "3066199944",
      "indices": [
        3,
        14
      ]
    }
  ],
  "hashtags": [],
  "geo": null
},{
  "id": "1071433283798487040",
  "permalink": "",
  "username": "mabi ♡ harin",
  "text": "RT @chaniifantasy: 181208 바스타데이 예찬\n\n예찬이 요즘 미모가 ㅁㅐ 일 리즈를 갱신하구있어 너무 예뿌다 예찬아 (˘̩̩ε˘̩ƪ) .... 🖤\n\n#핑크판타지 #예찬 #핑크판타지예찬 https://t.co/RsrSOBtEoY",
  "date": "Sat Dec 08 15:56:15 +0000 2018",
  "retweets": 8,
  "favorites": 0,
  "mentions": [
    {
      "screen_name": "chaniifantasy",
      "name": "🌈 차니판타지 ⭐️",
      "id": 1048964057720451072,
      "id_str": "1048964057720451072",
      "indices": [
        3,
        17
      ]
    }
  ],
  "hashtags": [
    {
      "text": "핑크판타지",
      "indices": [
        92,
        98
      ]
    },
    {
      "text": "예찬",
      "indices": [
        99,
        102
      ]
    },
    {
      "text": "핑크판타지예찬",
      "indices": [
        103,
        111
      ]
    }
  ],
  "geo": null
},{
  "id": "1071432456270573568",
  "permalink": "",
  "username": "mal",
  "text": "RT @shineofyou_yc: hq, 181206 #언더나인틴 #신예찬\n\n예찬이보구 오늘 하루도 잘 보내시고 언더나인틴 투표도 하러갑씨다🥳🥳\n\nhttps://t.co/AV2MyIHTsb https://t.co/WKjBs9D9Xt",
  "date": "Sat Dec 08 15:52:58 +0000 2018",
  "retweets": 163,
  "favorites": 0,
  "mentions": [
    {
      "screen_name": "shineofyou_yc",
      "name": "shine of you✨",
      "id": 1070674666191126528,
      "id_str": "1070674666191126528",
      "indices": [
        3,
        17
      ]
    }
  ],
  "hashtags": [
    {
      "text": "언더나인틴",
      "indices": [
        30,
        36
      ]
    },
    {
      "text": "신예찬",
      "indices": [
        37,
        41
      ]
    }
  ],
  "geo": null
},{
  "id": "1071431717196509185",
  "permalink": "",
  "username": "☆~ENG~☆",
  "text": "RT @shineofyou_yc: hq, 181206 #언더나인틴 #신예찬\n\n예찬이보구 오늘 하루도 잘 보내시고 언더나인틴 투표도 하러갑씨다🥳🥳\n\nhttps://t.co/AV2MyIHTsb https://t.co/WKjBs9D9Xt",
  "date": "Sat Dec 08 15:50:02 +0000 2018",
  "retweets": 163,
  "favorites": 0,
  "mentions": [
    {
      "screen_name": "shineofyou_yc",
      "name": "shine of you✨",
      "id": 1070674666191126528,
      "id_str": "1070674666191126528",
      "indices": [
        3,
        17
      ]
    }
  ],
  "hashtags": [
    {
      "text": "언더나인틴",
      "indices": [
        30,
        36
      ]
    },
    {
      "text": "신예찬",
      "indices": [
        37,
        41
      ]
    }
  ],
  "geo": null
},{
  "id": "1071431695272882181",
  "permalink": "",
  "username": "h e r a💫",
  "text": "RT @yechanyechan514: #언더나인틴 #트친소 #신예찬\n\n비록 2n살이지만 고투마로우를 들을 때 만큼은 소녀인 팬입니다 ..\n1117 역조공이랑 1206 2차 방청 다녀왔어요!\n 탐라 복작복작하게 함께 예찬이 해주실 분들 어서오세요🐥 h…",
  "date": "Sat Dec 08 15:49:57 +0000 2018",
  "retweets": 11,
  "favorites": 0,
  "mentions": [
    {
      "screen_name": "yechanyechan514",
      "name": "꿀짱",
      "id": 922694712183570432,
      "id_str": "922694712183570432",
      "indices": [
        3,
        19
      ]
    }
  ],
  "hashtags": [
    {
      "text": "언더나인틴",
      "indices": [
        21,
        27
      ]
    },
    {
      "text": "트친소",
      "indices": [
        28,
        32
      ]
    },
    {
      "text": "신예찬",
      "indices": [
        33,
        37
      ]
    }
  ],
  "geo": null
},{
  "id": "1071431130644017152",
  "permalink": "",
  "username": "토끼",
  "text": "@NaOH_B02 작예찬이 리더였을때 막 홧팅 하자구 햇는대 구1서가 막 무시하는 얼굴로 에베베 거렷서요 ㅜㅜ",
  "date": "Sat Dec 08 15:47:42 +0000 2018",
  "retweets": 0,
  "favorites": 0,
  "mentions": [],
  "hashtags": [],
  "geo": null
},{
  "id": "1071429795626409984",
  "permalink": "",
  "username": "틴탑 8년 동안 고마워 💕",
  "text": "RT @shineofyou_yc: hq, 181206 #언더나인틴 #신예찬\n\n하루2번 보컬팀 예찬이에게 많이 많이 투표해주세요😘😘😘 \n\nhttps://t.co/AV2MyIHTsb https://t.co/gNW0P2di6l",
  "date": "Sat Dec 08 15:42:24 +0000 2018",
  "retweets": 109,
  "favorites": 0,
  "mentions": [
    {
      "screen_name": "shineofyou_yc",
      "name": "shine of you✨",
      "id": 1070674666191126528,
      "id_str": "1070674666191126528",
      "indices": [
        3,
        17
      ]
    }
  ],
  "hashtags": [
    {
      "text": "언더나인틴",
      "indices": [
        30,
        36
      ]
    },
    {
      "text": "신예찬",
      "indices": [
        37,
        41
      ]
    }
  ],
  "geo": null
},{
  "id": "1071426338047766528",
  "permalink": "",
  "username": "핑크돼지",
  "text": "RT @shineofyou_yc: hq, 181206 #언더나인틴 #신예찬\n\n하루2번 보컬팀 예찬이에게 많이 많이 투표해주세요😘😘😘 \n\nhttps://t.co/AV2MyIHTsb https://t.co/gNW0P2di6l",
  "date": "Sat Dec 08 15:28:39 +0000 2018",
  "retweets": 109,
  "favorites": 0,
  "mentions": [
    {
      "screen_name": "shineofyou_yc",
      "name": "shine of you✨",
      "id": 1070674666191126528,
      "id_str": "1070674666191126528",
      "indices": [
        3,
        17
      ]
    }
  ],
  "hashtags": [
    {
      "text": "언더나인틴",
      "indices": [
        30,
        36
      ]
    },
    {
      "text": "신예찬",
      "indices": [
        37,
        41
      ]
    }
  ],
  "geo": null
},{
  "id": "1071425503867764738",
  "permalink": "",
  "username": "허니버터찬",
  "text": "RT @shineofyou_yc: hq, 181206 #언더나인틴 #신예찬\n\n하루2번 보컬팀 예찬이에게 많이 많이 투표해주세요😘😘😘 \n\nhttps://t.co/AV2MyIHTsb https://t.co/gNW0P2di6l",
  "date": "Sat Dec 08 15:25:20 +0000 2018",
  "retweets": 109,
  "favorites": 0,
  "mentions": [
    {
      "screen_name": "shineofyou_yc",
      "name": "shine of you✨",
      "id": 1070674666191126528,
      "id_str": "1070674666191126528",
      "indices": [
        3,
        17
      ]
    }
  ],
  "hashtags": [
    {
      "text": "언더나인틴",
      "indices": [
        30,
        36
      ]
    },
    {
      "text": "신예찬",
      "indices": [
        37,
        41
      ]
    }
  ],
  "geo": null
},{
  "id": "1071425496196440064",
  "permalink": "",
  "username": "허니버터찬",
  "text": "RT @shineofyou_yc: hq, 181206 #언더나인틴 #신예찬 \n\n팬들 환호소리 귀담아듣는 모습이 너무너무 예쁜 예차니😭💕💕 눈코입귀손 안예쁜 구석이 단 1도 없는 소중한 우리 예찬이🙏🏻\n\nhttps://t.co/AV2MyIHTsb ht…",
  "date": "Sat Dec 08 15:25:19 +0000 2018",
  "retweets": 73,
  "favorites": 0,
  "mentions": [
    {
      "screen_name": "shineofyou_yc",
      "name": "shine of you✨",
      "id": 1070674666191126528,
      "id_str": "1070674666191126528",
      "indices": [
        3,
        17
      ]
    }
  ],
  "hashtags": [
    {
      "text": "언더나인틴",
      "indices": [
        30,
        36
      ]
    },
    {
      "text": "신예찬",
      "indices": [
        37,
        41
      ]
    }
  ],
  "geo": null
},{
  "id": "1071424827179724801",
  "permalink": "",
  "username": "d.",
  "text": "RT @shineofyou_yc: hq, 181206 #언더나인틴 #신예찬 \n\n팬들 환호소리 귀담아듣는 모습이 너무너무 예쁜 예차니😭💕💕 눈코입귀손 안예쁜 구석이 단 1도 없는 소중한 우리 예찬이🙏🏻\n\nhttps://t.co/AV2MyIHTsb ht…",
  "date": "Sat Dec 08 15:22:39 +0000 2018",
  "retweets": 73,
  "favorites": 0,
  "mentions": [
    {
      "screen_name": "shineofyou_yc",
      "name": "shine of you✨",
      "id": 1070674666191126528,
      "id_str": "1070674666191126528",
      "indices": [
        3,
        17
      ]
    }
  ],
  "hashtags": [
    {
      "text": "언더나인틴",
      "indices": [
        30,
        36
      ]
    },
    {
      "text": "신예찬",
      "indices": [
        37,
        41
      ]
    }
  ],
  "geo": null
},{
  "id": "1071424383061680128",
  "permalink": "",
  "username": "🎗𝚝𝚘𝚝𝚜",
  "text": "@SANCHIPINCHIZ ㅋㄱㅋㅋㅋㅋㅋㅋㅋㅋㅋ예찬이 도 에린에 떳군요 한결 청우 리나와 서문 정모합시다!!",
  "date": "Sat Dec 08 15:20:53 +0000 2018",
  "retweets": 0,
  "favorites": 0,
  "mentions": [
    {
      "screen_name": "SANCHIPINCHIZ",
      "name": "👈갓캐 금불어붕알",
      "id": 865935180602548225,
      "id_str": "865935180602548225",
      "indices": [
        0,
        14
      ]
    }
  ],
  "hashtags": [],
  "geo": null
},{
  "id": "1071424185585397760",
  "permalink": "",
  "username": "팝🍿[17-20일이 시험,,]",
  "text": "RT @MBC_Under19: 🍋언더나인틴 본격 레몬 먹기 대결🍋\n📢 '랩팀' 이예찬 VS 방준혁\n\n#MBC #언더나인틴 #UNDERNINETEEN #레몬_먹기_대결 #이예찬 #방준혁 https://t.co/ik9I8qjIgz",
  "date": "Sat Dec 08 15:20:06 +0000 2018",
  "retweets": 513,
  "favorites": 0,
  "mentions": [
    {
      "screen_name": "MBC_Under19",
      "name": "MBC 언더나인틴",
      "id": 1042612844108238848,
      "id_str": "1042612844108238848",
      "indices": [
        3,
        15
      ]
    }
  ],
  "hashtags": [
    {
      "text": "MBC",
      "indices": [
        56,
        60
      ]
    },
    {
      "text": "언더나인틴",
      "indices": [
        61,
        67
      ]
    },
    {
      "text": "UNDERNINETEEN",
      "indices": [
        68,
        82
      ]
    },
    {
      "text": "레몬_먹기_대결",
      "indices": [
        83,
        92
      ]
    },
    {
      "text": "이예찬",
      "indices": [
        93,
        97
      ]
    },
    {
      "text": "방준혁",
      "indices": [
        98,
        102
      ]
    }
  ],
  "geo": null
},{
  "id": "1071423272770691073",
  "permalink": "",
  "username": "진주",
  "text": "RT @MBC_Under19: 🍋언더나인틴 본격 레몬 먹기 대결🍋\n📢 '랩팀' 이예찬 VS 방준혁\n\n#MBC #언더나인틴 #UNDERNINETEEN #레몬_먹기_대결 #이예찬 #방준혁 https://t.co/ik9I8qjIgz",
  "date": "Sat Dec 08 15:16:28 +0000 2018",
  "retweets": 513,
  "favorites": 0,
  "mentions": [
    {
      "screen_name": "MBC_Under19",
      "name": "MBC 언더나인틴",
      "id": 1042612844108238848,
      "id_str": "1042612844108238848",
      "indices": [
        3,
        15
      ]
    }
  ],
  "hashtags": [
    {
      "text": "MBC",
      "indices": [
        56,
        60
      ]
    },
    {
      "text": "언더나인틴",
      "indices": [
        61,
        67
      ]
    },
    {
      "text": "UNDERNINETEEN",
      "indices": [
        68,
        82
      ]
    },
    {
      "text": "레몬_먹기_대결",
      "indices": [
        83,
        92
      ]
    },
    {
      "text": "이예찬",
      "indices": [
        93,
        97
      ]
    },
    {
      "text": "방준혁",
      "indices": [
        98,
        102
      ]
    }
  ],
  "geo": null
},{
  "id": "1071422352712318976",
  "permalink": "",
  "username": "기보",
  "text": "이 작품을 로맨스로 보지 않는데(그런 걸로만 소비되기에 아까운 작품) 대한민국의 연애강박 연애예찬론 연애에 미친 k감성에 오랫동안 세뇌되어 로맨스가 없으면 작품을 안 보는 사람들을 위해 추가함.....이것때… https://t.co/H2D5YyEkGd",
  "date": "Sat Dec 08 15:12:49 +0000 2018",
  "retweets": 0,
  "favorites": 0,
  "mentions": [],
  "hashtags": [],
  "geo": null
},{
  "id": "1071421529580158983",
  "permalink": "",
  "username": "언나",
  "text": "RT @shineofyou_yc: hq, 181206 #언더나인틴 #신예찬 \n\n팬들 환호소리 귀담아듣는 모습이 너무너무 예쁜 예차니😭💕💕 눈코입귀손 안예쁜 구석이 단 1도 없는 소중한 우리 예찬이🙏🏻\n\nhttps://t.co/AV2MyIHTsb ht…",
  "date": "Sat Dec 08 15:09:33 +0000 2018",
  "retweets": 73,
  "favorites": 0,
  "mentions": [
    {
      "screen_name": "shineofyou_yc",
      "name": "shine of you✨",
      "id": 1070674666191126528,
      "id_str": "1070674666191126528",
      "indices": [
        3,
        17
      ]
    }
  ],
  "hashtags": [
    {
      "text": "언더나인틴",
      "indices": [
        30,
        36
      ]
    },
    {
      "text": "신예찬",
      "indices": [
        37,
        41
      ]
    }
  ],
  "geo": null
},{
  "id": "1071421292652331009",
  "permalink": "",
  "username": "Chan~유",
  "text": "RT @shineofyou_yc: hq, 181206 #언더나인틴 #신예찬\n\n하루2번 보컬팀 예찬이에게 많이 많이 투표해주세요😘😘😘 \n\nhttps://t.co/AV2MyIHTsb https://t.co/gNW0P2di6l",
  "date": "Sat Dec 08 15:08:36 +0000 2018",
  "retweets": 109,
  "favorites": 0,
  "mentions": [
    {
      "screen_name": "shineofyou_yc",
      "name": "shine of you✨",
      "id": 1070674666191126528,
      "id_str": "1070674666191126528",
      "indices": [
        3,
        17
      ]
    }
  ],
  "hashtags": [
    {
      "text": "언더나인틴",
      "indices": [
        30,
        36
      ]
    },
    {
      "text": "신예찬",
      "indices": [
        37,
        41
      ]
    }
  ],
  "geo": null
},{
  "id": "1071420813260218368",
  "permalink": "",
  "username": "Chan~유",
  "text": "RT @shineofyou_yc: hq, 181206 #언더나인틴 #신예찬 \n\n팬들 환호소리 귀담아듣는 모습이 너무너무 예쁜 예차니😭💕💕 눈코입귀손 안예쁜 구석이 단 1도 없는 소중한 우리 예찬이🙏🏻\n\nhttps://t.co/AV2MyIHTsb ht…",
  "date": "Sat Dec 08 15:06:42 +0000 2018",
  "retweets": 73,
  "favorites": 0,
  "mentions": [
    {
      "screen_name": "shineofyou_yc",
      "name": "shine of you✨",
      "id": 1070674666191126528,
      "id_str": "1070674666191126528",
      "indices": [
        3,
        17
      ]
    }
  ],
  "hashtags": [
    {
      "text": "언더나인틴",
      "indices": [
        30,
        36
      ]
    },
    {
      "text": "신예찬",
      "indices": [
        37,
        41
      ]
    }
  ],
  "geo": null
},{
  "id": "1071419577391734787",
  "permalink": "",
  "username": "도원🕺",
  "text": "왕 ㅋㅋ 새로짠캐 예찬이 리멬이라구해두 믿을듯 취향 존나 똑같다 어떡해... 좀 다른캐 내고싶은데 취향캐아니면 정안간단말야",
  "date": "Sat Dec 08 15:01:47 +0000 2018",
  "retweets": 0,
  "favorites": 1,
  "mentions": [],
  "hashtags": [],
  "geo": null
},{
  "id": "1071418311685038080",
  "permalink": "",
  "username": "😆바나비😆",
  "text": "@wm_xbp 오늘도 예찬이 투표&gt;&lt; 열심히 해서 우리 예찬이 꼭 데뷔시캬야죠ㅎㅎㅎ https://t.co/LB2F00MhPE",
  "date": "Sat Dec 08 14:56:46 +0000 2018",
  "retweets": 0,
  "favorites": 0,
  "mentions": [],
  "hashtags": [],
  "geo": null
},{
  "id": "1071418180977885184",
  "permalink": "",
  "username": "逸話",
  "text": "(어느샌가 기다란 곰방대를 다시 꺼내어 물었다. 아, 그녀석도 안에 잡혀들어갔던가. 느릿하게 꽃내음이 나는 연기를 뱉어냈다.)\n\n- 예찬하는, 미색.",
  "date": "Sat Dec 08 14:56:14 +0000 2018",
  "retweets": 0,
  "favorites": 0,
  "mentions": [],
  "hashtags": [],
  "geo": null
},{
  "id": "1071417965176741891",
  "permalink": "",
  "username": "Andy🍊+a👼gel💜Roy🌹",
  "text": "RT @shineofyou_yc: hq, 181206 #언더나인틴 #신예찬\n\n예찬이보구 오늘 하루도 잘 보내시고 언더나인틴 투표도 하러갑씨다🥳🥳\n\nhttps://t.co/AV2MyIHTsb https://t.co/WKjBs9D9Xt",
  "date": "Sat Dec 08 14:55:23 +0000 2018",
  "retweets": 163,
  "favorites": 0,
  "mentions": [
    {
      "screen_name": "shineofyou_yc",
      "name": "shine of you✨",
      "id": 1070674666191126528,
      "id_str": "1070674666191126528",
      "indices": [
        3,
        17
      ]
    }
  ],
  "hashtags": [
    {
      "text": "언더나인틴",
      "indices": [
        30,
        36
      ]
    },
    {
      "text": "신예찬",
      "indices": [
        37,
        41
      ]
    }
  ],
  "geo": null
},{
  "id": "1071417935573315584",
  "permalink": "",
  "username": "Andy🍊+a👼gel💜Roy🌹",
  "text": "RT @shineofyou_yc: hq, 181206 #언더나인틴 #신예찬\n\n하루2번 보컬팀 예찬이에게 많이 많이 투표해주세요😘😘😘 \n\nhttps://t.co/AV2MyIHTsb https://t.co/gNW0P2di6l",
  "date": "Sat Dec 08 14:55:16 +0000 2018",
  "retweets": 109,
  "favorites": 0,
  "mentions": [
    {
      "screen_name": "shineofyou_yc",
      "name": "shine of you✨",
      "id": 1070674666191126528,
      "id_str": "1070674666191126528",
      "indices": [
        3,
        17
      ]
    }
  ],
  "hashtags": [
    {
      "text": "언더나인틴",
      "indices": [
        30,
        36
      ]
    },
    {
      "text": "신예찬",
      "indices": [
        37,
        41
      ]
    }
  ],
  "geo": null
},{
  "id": "1071417670120042497",
  "permalink": "",
  "username": "Andy🍊+a👼gel💜Roy🌹",
  "text": "RT @shineofyou_yc: hq, 181206 #언더나인틴 #신예찬 \n\n팬들 환호소리 귀담아듣는 모습이 너무너무 예쁜 예차니😭💕💕 눈코입귀손 안예쁜 구석이 단 1도 없는 소중한 우리 예찬이🙏🏻\n\nhttps://t.co/AV2MyIHTsb ht…",
  "date": "Sat Dec 08 14:54:13 +0000 2018",
  "retweets": 73,
  "favorites": 0,
  "mentions": [
    {
      "screen_name": "shineofyou_yc",
      "name": "shine of you✨",
      "id": 1070674666191126528,
      "id_str": "1070674666191126528",
      "indices": [
        3,
        17
      ]
    }
  ],
  "hashtags": [
    {
      "text": "언더나인틴",
      "indices": [
        30,
        36
      ]
    },
    {
      "text": "신예찬",
      "indices": [
        37,
        41
      ]
    }
  ],
  "geo": null
},{
  "id": "1071417602570825728",
  "permalink": "",
  "username": "Kimamuk",
  "text": "RT @yechanyechan514: #언더나인틴 #트친소 #신예찬\n\n비록 2n살이지만 고투마로우를 들을 때 만큼은 소녀인 팬입니다 ..\n1117 역조공이랑 1206 2차 방청 다녀왔어요!\n 탐라 복작복작하게 함께 예찬이 해주실 분들 어서오세요🐥 h…",
  "date": "Sat Dec 08 14:53:57 +0000 2018",
  "retweets": 11,
  "favorites": 0,
  "mentions": [
    {
      "screen_name": "yechanyechan514",
      "name": "꿀짱",
      "id": 922694712183570432,
      "id_str": "922694712183570432",
      "indices": [
        3,
        19
      ]
    }
  ],
  "hashtags": [
    {
      "text": "언더나인틴",
      "indices": [
        21,
        27
      ]
    },
    {
      "text": "트친소",
      "indices": [
        28,
        32
      ]
    },
    {
      "text": "신예찬",
      "indices": [
        33,
        37
      ]
    }
  ],
  "geo": null
},{
  "id": "1071417486254297088",
  "permalink": "",
  "username": "Lia Aprilia",
  "text": "RT @shineofyou_yc: hq, 181206 #언더나인틴 #신예찬\n\n하루2번 보컬팀 예찬이에게 많이 많이 투표해주세요😘😘😘 \n\nhttps://t.co/AV2MyIHTsb https://t.co/gNW0P2di6l",
  "date": "Sat Dec 08 14:53:29 +0000 2018",
  "retweets": 109,
  "favorites": 0,
  "mentions": [
    {
      "screen_name": "shineofyou_yc",
      "name": "shine of you✨",
      "id": 1070674666191126528,
      "id_str": "1070674666191126528",
      "indices": [
        3,
        17
      ]
    }
  ],
  "hashtags": [
    {
      "text": "언더나인틴",
      "indices": [
        30,
        36
      ]
    },
    {
      "text": "신예찬",
      "indices": [
        37,
        41
      ]
    }
  ],
  "geo": null
},{
  "id": "1071417465387679745",
  "permalink": "",
  "username": "🐓신예애찬🐔",
  "text": "RT @shineofyou_yc: hq, 181206 #언더나인틴 #신예찬 \n\n팬들 환호소리 귀담아듣는 모습이 너무너무 예쁜 예차니😭💕💕 눈코입귀손 안예쁜 구석이 단 1도 없는 소중한 우리 예찬이🙏🏻\n\nhttps://t.co/AV2MyIHTsb ht…",
  "date": "Sat Dec 08 14:53:24 +0000 2018",
  "retweets": 73,
  "favorites": 0,
  "mentions": [
    {
      "screen_name": "shineofyou_yc",
      "name": "shine of you✨",
      "id": 1070674666191126528,
      "id_str": "1070674666191126528",
      "indices": [
        3,
        17
      ]
    }
  ],
  "hashtags": [
    {
      "text": "언더나인틴",
      "indices": [
        30,
        36
      ]
    },
    {
      "text": "신예찬",
      "indices": [
        37,
        41
      ]
    }
  ],
  "geo": null
},{
  "id": "1071417330888888320",
  "permalink": "",
  "username": "🐓신예애찬🐔",
  "text": "RT @shineofyou_yc: hq, 181206 #언더나인틴 #신예찬\n\n하루2번 보컬팀 예찬이에게 많이 많이 투표해주세요😘😘😘 \n\nhttps://t.co/AV2MyIHTsb https://t.co/gNW0P2di6l",
  "date": "Sat Dec 08 14:52:52 +0000 2018",
  "retweets": 109,
  "favorites": 0,
  "mentions": [
    {
      "screen_name": "shineofyou_yc",
      "name": "shine of you✨",
      "id": 1070674666191126528,
      "id_str": "1070674666191126528",
      "indices": [
        3,
        17
      ]
    }
  ],
  "hashtags": [
    {
      "text": "언더나인틴",
      "indices": [
        30,
        36
      ]
    },
    {
      "text": "신예찬",
      "indices": [
        37,
        41
      ]
    }
  ],
  "geo": null
},{
  "id": "1071416979871825920",
  "permalink": "",
  "username": "🐓신예애찬🐔",
  "text": "RT @yechanyechan514: #언더나인틴 #트친소 #신예찬\n\n비록 2n살이지만 고투마로우를 들을 때 만큼은 소녀인 팬입니다 ..\n1117 역조공이랑 1206 2차 방청 다녀왔어요!\n 탐라 복작복작하게 함께 예찬이 해주실 분들 어서오세요🐥 h…",
  "date": "Sat Dec 08 14:51:28 +0000 2018",
  "retweets": 11,
  "favorites": 0,
  "mentions": [
    {
      "screen_name": "yechanyechan514",
      "name": "꿀짱",
      "id": 922694712183570432,
      "id_str": "922694712183570432",
      "indices": [
        3,
        19
      ]
    }
  ],
  "hashtags": [
    {
      "text": "언더나인틴",
      "indices": [
        21,
        27
      ]
    },
    {
      "text": "트친소",
      "indices": [
        28,
        32
      ]
    },
    {
      "text": "신예찬",
      "indices": [
        33,
        37
      ]
    }
  ],
  "geo": null
},{
  "id": "1071416330073460736",
  "permalink": "",
  "username": "[❄동결❄]⚡엘비스⚡",
  "text": "RT @frythemall: 나 하은이라는이름인애들중에 왜케 교회다니는애들이많지 생각하다가 하은이 하나님의은혜 줄인거라는거듣고 충격먹엇어.. 그이후로 하 나 예 자로시작하는이름보면 궁예질들어감\n하나? 하나님나라? 예지? 예수님의지혜? 예은?예수님의은…",
  "date": "Sat Dec 08 14:48:53 +0000 2018",
  "retweets": 22656,
  "favorites": 0,
  "mentions": [
    {
      "screen_name": "frythemall",
      "name": "튀겨버려",
      "id": 3066199944,
      "id_str": "3066199944",
      "indices": [
        3,
        14
      ]
    }
  ],
  "hashtags": [],
  "geo": null
},{
  "id": "1071415629989609472",
  "permalink": "",
  "username": "주니",
  "text": "울 준혁이는 소속사가 문제다 . . 예찬이랑 손 잡고 티오피 나오자",
  "date": "Sat Dec 08 14:46:06 +0000 2018",
  "retweets": 0,
  "favorites": 1,
  "mentions": [],
  "hashtags": [],
  "geo": null
},{
  "id": "1071411986552909825",
  "permalink": "",
  "username": "아삭",
  "text": "RT @frythemall: 나 하은이라는이름인애들중에 왜케 교회다니는애들이많지 생각하다가 하은이 하나님의은혜 줄인거라는거듣고 충격먹엇어.. 그이후로 하 나 예 자로시작하는이름보면 궁예질들어감\n하나? 하나님나라? 예지? 예수님의지혜? 예은?예수님의은…",
  "date": "Sat Dec 08 14:31:38 +0000 2018",
  "retweets": 22656,
  "favorites": 0,
  "mentions": [
    {
      "screen_name": "frythemall",
      "name": "튀겨버려",
      "id": 3066199944,
      "id_str": "3066199944",
      "indices": [
        3,
        14
      ]
    }
  ],
  "hashtags": [],
  "geo": null
},{
  "id": "1071411129568522241",
  "permalink": "",
  "username": "[반동결] 🍮마감 다할때까지 못 옴🍡",
  "text": "범속, 유흥, 불출, 찬미, 예찬, 탄복, 찬양 솔직히 여러분 이 단어들중에 제대로 뜻 알고 있는 단어 절반 안 넘죠 (아님)",
  "date": "Sat Dec 08 14:28:13 +0000 2018",
  "retweets": 0,
  "favorites": 0,
  "mentions": [],
  "hashtags": [],
  "geo": null
}]