[{
  "id": "1074472657901342720",
  "permalink": "",
  "username": "노을/ 12.14",
  "text": "RT @BluestarseaK: 여러분 이거 읽으세요.\n\n[조아라]\n- 작품명 : 일어나지 않은 것들에 관하여\n- 작가명 : 서사희\n\n스포는 안하겠는데 정말 순식간에 다 읽었고, 와, 라는 말밖에 안 나옵니다. 제발 읽어주세요. 진짜 읽고 나면 인간…",
  "date": "Mon Dec 17 01:13:39 +0000 2018",
  "retweets": 2,
  "favorites": 0,
  "mentions": [
    {
      "screen_name": "BluestarseaK",
      "name": "[❄️반동결❄️] 물소금별(아령이) ✪ ω ✪",
      "id": 771324926,
      "id_str": "771324926",
      "indices": [
        3,
        16
      ]
    }
  ],
  "hashtags": [],
  "geo": null
},{
  "id": "1074471972203986944",
  "permalink": "",
  "username": "조아라(JOARA)",
  "text": "RT @BluestarseaK: 여러분 이거 읽으세요.\n\n[조아라]\n- 작품명 : 일어나지 않은 것들에 관하여\n- 작가명 : 서사희\n\n스포는 안하겠는데 정말 순식간에 다 읽었고, 와, 라는 말밖에 안 나옵니다. 제발 읽어주세요. 진짜 읽고 나면 인간…",
  "date": "Mon Dec 17 01:10:55 +0000 2018",
  "retweets": 2,
  "favorites": 0,
  "mentions": [
    {
      "screen_name": "BluestarseaK",
      "name": "[❄️반동결❄️] 물소금별(아령이) ✪ ω ✪",
      "id": 771324926,
      "id_str": "771324926",
      "indices": [
        3,
        16
      ]
    }
  ],
  "hashtags": [],
  "geo": null
},{
  "id": "1074471674697797632",
  "permalink": "",
  "username": "𝔽𝕝𝕒𝕞𝕖",
  "text": "@052bu 휴 부부님의 캐해석에 박수를 보냅니다(ㅋㅋㅋㅋㅋ그져 예가 먼저 올라탈거 같구 막 그래요 그래도 예찬이가 같이 장단 맞춰 주다니 예는 마냥 좋을거 같애요ㅜㅜㅋㅋㅋㅋㅋ이브는...괜쟈나요 예가 좋대잖아요(ㅋㅋㅋ흫흐흑",
  "date": "Mon Dec 17 01:09:44 +0000 2018",
  "retweets": 0,
  "favorites": 1,
  "mentions": [
    {
      "screen_name": "052bu",
      "name": "뷰부부",
      "id": 3936692600,
      "id_str": "3936692600",
      "indices": [
        0,
        6
      ]
    }
  ],
  "hashtags": [],
  "geo": null
},{
  "id": "1074471273021894657",
  "permalink": "",
  "username": "Aaron J. Deschamps",
  "text": "RT @ye_chan04: 픽 남으신 분들 랩팀 👉🏻이예찬👈🏻 투표 한번씩만 부탁 드려요🥺💝\n#언더나인틴 #이예찬 #예찬살려 https://t.co/kpuq1Z1Gry",
  "date": "Mon Dec 17 01:08:08 +0000 2018",
  "retweets": 11,
  "favorites": 0,
  "mentions": [
    {
      "screen_name": "ye_chan04",
      "name": "🐤ZERO",
      "id": 1061119762502057984,
      "id_str": "1061119762502057984",
      "indices": [
        3,
        13
      ]
    }
  ],
  "hashtags": [
    {
      "text": "언더나인틴",
      "indices": [
        52,
        58
      ]
    },
    {
      "text": "이예찬",
      "indices": [
        59,
        63
      ]
    },
    {
      "text": "예찬살려",
      "indices": [
        64,
        69
      ]
    }
  ],
  "geo": null
},{
  "id": "1074470814051819520",
  "permalink": "",
  "username": "요히",
  "text": "RT @ckslwkf: 예찬이 팬보구 하트 💕💕 #언더나인틴 #신예찬 https://t.co/ASFOFAlku3",
  "date": "Mon Dec 17 01:06:19 +0000 2018",
  "retweets": 145,
  "favorites": 0,
  "mentions": [
    {
      "screen_name": "ckslwkf",
      "name": "예잘",
      "id": 1058691821570650113,
      "id_str": "1058691821570650113",
      "indices": [
        3,
        11
      ]
    }
  ],
  "hashtags": [
    {
      "text": "언더나인틴",
      "indices": [
        27,
        33
      ]
    },
    {
      "text": "신예찬",
      "indices": [
        34,
        38
      ]
    }
  ],
  "geo": null
},{
  "id": "1074469677424754688",
  "permalink": "",
  "username": "YiHan0228",
  "text": "RT @Bluemoon_514: 181117 상암 역조공 #언더나인틴 #신예찬 \n\n예찬이 눈에 별박았나봐 너무 예뻐 💛🧡🌟💫✨ https://t.co/iw9F7cMgOm",
  "date": "Mon Dec 17 01:01:48 +0000 2018",
  "retweets": 30,
  "favorites": 0,
  "mentions": [
    {
      "screen_name": "Bluemoon_514",
      "name": "푸른달🌙",
      "id": 1064160425762160640,
      "id_str": "1064160425762160640",
      "indices": [
        3,
        16
      ]
    }
  ],
  "hashtags": [
    {
      "text": "언더나인틴",
      "indices": [
        32,
        38
      ]
    },
    {
      "text": "신예찬",
      "indices": [
        39,
        43
      ]
    }
  ],
  "geo": null
},{
  "id": "1074469649092210688",
  "permalink": "",
  "username": "YiHan0228",
  "text": "RT @Bluemoon_514: 181117 상암 역조공 #언더나인틴 #신예찬 \n\n예쁜 예찬이 안녕 🥰👋 https://t.co/LcEWEd29xA",
  "date": "Mon Dec 17 01:01:41 +0000 2018",
  "retweets": 37,
  "favorites": 0,
  "mentions": [
    {
      "screen_name": "Bluemoon_514",
      "name": "푸른달🌙",
      "id": 1064160425762160640,
      "id_str": "1064160425762160640",
      "indices": [
        3,
        16
      ]
    }
  ],
  "hashtags": [
    {
      "text": "언더나인틴",
      "indices": [
        32,
        38
      ]
    },
    {
      "text": "신예찬",
      "indices": [
        39,
        43
      ]
    }
  ],
  "geo": null
},{
  "id": "1074469051508830208",
  "permalink": "",
  "username": "หวังว่าจะมีวันที่ดีมากขึ้น",
  "text": "RT @Bluemoon_514: 181117 상암 역조공 #언더나인틴 #신예찬 \n\n예찬이 눈에 별박았나봐 너무 예뻐 💛🧡🌟💫✨ https://t.co/iw9F7cMgOm",
  "date": "Mon Dec 17 00:59:19 +0000 2018",
  "retweets": 30,
  "favorites": 0,
  "mentions": [
    {
      "screen_name": "Bluemoon_514",
      "name": "푸른달🌙",
      "id": 1064160425762160640,
      "id_str": "1064160425762160640",
      "indices": [
        3,
        16
      ]
    }
  ],
  "hashtags": [
    {
      "text": "언더나인틴",
      "indices": [
        32,
        38
      ]
    },
    {
      "text": "신예찬",
      "indices": [
        39,
        43
      ]
    }
  ],
  "geo": null
},{
  "id": "1074467659008233472",
  "permalink": "",
  "username": "หวังว่าจะมีวันที่ดีมากขึ้น",
  "text": "RT @Bluemoon_514: 181117 상암 역조공 #언더나인틴 #신예찬 \n\n예쁜 예찬이 안녕 🥰👋 https://t.co/LcEWEd29xA",
  "date": "Mon Dec 17 00:53:47 +0000 2018",
  "retweets": 37,
  "favorites": 0,
  "mentions": [
    {
      "screen_name": "Bluemoon_514",
      "name": "푸른달🌙",
      "id": 1064160425762160640,
      "id_str": "1064160425762160640",
      "indices": [
        3,
        16
      ]
    }
  ],
  "hashtags": [
    {
      "text": "언더나인틴",
      "indices": [
        32,
        38
      ]
    },
    {
      "text": "신예찬",
      "indices": [
        39,
        43
      ]
    }
  ],
  "geo": null
},{
  "id": "1074465346944266241",
  "permalink": "",
  "username": "Aaron J. Deschamps",
  "text": "RT @Bluemoon_514: 181117 상암 역조공 #언더나인틴 #신예찬 \n\n예쁜 예찬이 안녕 🥰👋 https://t.co/LcEWEd29xA",
  "date": "Mon Dec 17 00:44:35 +0000 2018",
  "retweets": 37,
  "favorites": 0,
  "mentions": [
    {
      "screen_name": "Bluemoon_514",
      "name": "푸른달🌙",
      "id": 1064160425762160640,
      "id_str": "1064160425762160640",
      "indices": [
        3,
        16
      ]
    }
  ],
  "hashtags": [
    {
      "text": "언더나인틴",
      "indices": [
        32,
        38
      ]
    },
    {
      "text": "신예찬",
      "indices": [
        39,
        43
      ]
    }
  ],
  "geo": null
},{
  "id": "1074465334222942208",
  "permalink": "",
  "username": "Aaron J. Deschamps",
  "text": "RT @Bluemoon_514: 181117 상암 역조공 #언더나인틴 #신예찬 \n\n예찬이 눈에 별박았나봐 너무 예뻐 💛🧡🌟💫✨ https://t.co/iw9F7cMgOm",
  "date": "Mon Dec 17 00:44:32 +0000 2018",
  "retweets": 30,
  "favorites": 0,
  "mentions": [
    {
      "screen_name": "Bluemoon_514",
      "name": "푸른달🌙",
      "id": 1064160425762160640,
      "id_str": "1064160425762160640",
      "indices": [
        3,
        16
      ]
    }
  ],
  "hashtags": [
    {
      "text": "언더나인틴",
      "indices": [
        32,
        38
      ]
    },
    {
      "text": "신예찬",
      "indices": [
        39,
        43
      ]
    }
  ],
  "geo": null
},{
  "id": "1074462065249546240",
  "permalink": "",
  "username": "จะซัพพอร์ตวันนาวันตลอดไป✨",
  "text": "RT @mignon_JJS: 진성이 애교에 도염이와 예찬이 반응 ㅋㅋㅋㅋㅋㅋㅋㅋㅋㅋㅋㅋㅋㅋㅋㅋㅋㅋㅋㅋㅋㅋㅋㅋㅋㅋㅋㅋㅋㅋㅋㅋㅋㅋ\n\n#언더나인틴 #정진성 #전도염 #신예찬 https://t.co/M07vGsiiru",
  "date": "Mon Dec 17 00:31:33 +0000 2018",
  "retweets": 83,
  "favorites": 0,
  "mentions": [
    {
      "screen_name": "mignon_JJS",
      "name": "미그논",
      "id": 1069876252104830980,
      "id_str": "1069876252104830980",
      "indices": [
        3,
        14
      ]
    }
  ],
  "hashtags": [
    {
      "text": "언더나인틴",
      "indices": [
        72,
        78
      ]
    },
    {
      "text": "정진성",
      "indices": [
        79,
        83
      ]
    },
    {
      "text": "전도염",
      "indices": [
        84,
        88
      ]
    },
    {
      "text": "신예찬",
      "indices": [
        89,
        93
      ]
    }
  ],
  "geo": null
},{
  "id": "1074461673707040768",
  "permalink": "",
  "username": "모찌예방🌸",
  "text": "RT @mignon_JJS: 진성이 애교에 도염이와 예찬이 반응 ㅋㅋㅋㅋㅋㅋㅋㅋㅋㅋㅋㅋㅋㅋㅋㅋㅋㅋㅋㅋㅋㅋㅋㅋㅋㅋㅋㅋㅋㅋㅋㅋㅋㅋ\n\n#언더나인틴 #정진성 #전도염 #신예찬 https://t.co/M07vGsiiru",
  "date": "Mon Dec 17 00:30:00 +0000 2018",
  "retweets": 83,
  "favorites": 0,
  "mentions": [
    {
      "screen_name": "mignon_JJS",
      "name": "미그논",
      "id": 1069876252104830980,
      "id_str": "1069876252104830980",
      "indices": [
        3,
        14
      ]
    }
  ],
  "hashtags": [
    {
      "text": "언더나인틴",
      "indices": [
        72,
        78
      ]
    },
    {
      "text": "정진성",
      "indices": [
        79,
        83
      ]
    },
    {
      "text": "전도염",
      "indices": [
        84,
        88
      ]
    },
    {
      "text": "신예찬",
      "indices": [
        89,
        93
      ]
    }
  ],
  "geo": null
},{
  "id": "1074457247479025664",
  "permalink": "",
  "username": "전",
  "text": "RT @dkdlellll: 언더나인틴 &lt;랩&gt;팀 포지션 대결 직캠 조회수 (12.16 10:55)\n\n구한서 1,149\n김성호 1,462\n김예준 9,179\n남도현 1,898\n박성원 2,198\n박진오 864\n방준혁 5,906\n유용하 3,086\n이상민 3,…",
  "date": "Mon Dec 17 00:12:24 +0000 2018",
  "retweets": 0,
  "favorites": 0,
  "mentions": [
    {
      "screen_name": "dkdlellll",
      "name": "라온",
      "id": 1071462576913973248,
      "id_str": "1071462576913973248",
      "indices": [
        3,
        13
      ]
    }
  ],
  "hashtags": [],
  "geo": null
},{
  "id": "1074456962601955328",
  "permalink": "",
  "username": "𝔽𝕝𝕒𝕞𝕖",
  "text": "@052bu 저도 이름 돌려봤다가 개만 잔뜩이라 웃었어요 어찌 저리 댕댕이들만 가득한지ㅋㅋ그러믄여 앞으로도 예찬이의 댕댕이일 텐데여!!(ㅋㅋㅋㅋㅋㅋㅋ휴 더 야하게 들렸스면(??",
  "date": "Mon Dec 17 00:11:16 +0000 2018",
  "retweets": 0,
  "favorites": 0,
  "mentions": [
    {
      "screen_name": "052bu",
      "name": "뷰부부",
      "id": 3936692600,
      "id_str": "3936692600",
      "indices": [
        0,
        6
      ]
    }
  ],
  "hashtags": [],
  "geo": null
}]