﻿[{
  "id": "11234",
  "permalink": "https://twitter.com/username/status/123456789012345678",
  "username": "username",
  "text": "좋아여돟아여좋아여좋",
  "date": "Fri Dec 07 23:59:58 +0000 2018",
  "retweets": "30",
  "favorites": "20",
  "mentions": [],
  "hashtags": [],
  "geo": null
},{
  "id": "11234",
  "permalink": "https://twitter.com/username/status/123456789012345678",
  "username": "username",
  "text": "배달비가 프랜차이즈중 제일 비싸네요 ㅠㅠ",
  "date": "Fri Dec 07 23:59:58 +0000 2018",
  "retweets": "30",
  "favorites": "20",  
  "mentions": [],
  "hashtags": [],
  "geo": null
},{
  "id": "11234",
  "permalink": "https://twitter.com/username/status/123456789012345678",
  "username": "username",
  "text": "wm좀식었지만괸찮아요",
  "date": "Fri Dec 07 23:59:58 +0000 2018",
  "retweets": "30",
  "favorites": "20",
  "mentions": [],
  "hashtags": [],
  "geo": null
},{
  "id": "11234",
  "permalink": "https://twitter.com/username/status/123456789012345678",
  "username": "username",
  "text": "배달원분도 착하시고 배달도 은근 빨리왔어요 게다가 너무 맛있엇어요 ㅜㅜ",
  "date": "Fri Dec 07 23:59:58 +0000 2018",
  "retweets": "30",
  "favorites": "20",
  "mentions": [],
  "hashtags": [],
  "geo": null
},{
  "id": "11234",
  "permalink": "https://twitter.com/username/status/123456789012345678",
  "username": "username",
  "text": "역시 치킨은 bbq입니다 ㅎㅎ",
  "date": "Fri Dec 07 23:59:58 +0000 2018",
  "retweets": "30",
  "favorites": "20",
  "mentions": [],
  "hashtags": [],
  "geo": null
},{
  "id": "11234",
  "permalink": "https://twitter.com/username/status/123456789012345678",
  "username": "username",
  "text": "바삭하고 정말 맛있네요",
  "date": "Fri Dec 07 23:59:58 +0000 2018",
  "retweets": "30",
  "favorites": "20",
  "mentions": [],
  "hashtags": [],
  "geo": null
}]