[{
  "id": "1072641618937810945",
  "permalink": "",
  "username": "국민주권에 도전하지말라",
  "text": "RT @pcwgood: 세월호깃발을 가장 먼저 올렸고 가장 끝까지 지켰던 사람. \n촛불을 가장 먼저 들었고 가장 끝까지 지키고 있는 사람.\n세월호가 상징하는 적폐를 촛불이 상징하는 개혁으로 뚫어낼 사람.\n\n씨바. 정치인에대한 예찬은 오글거려서 안하는…",
  "date": "Tue Dec 11 23:57:45 +0000 2018",
  "retweets": 172,
  "favorites": 0,
  "mentions": [
    {
      "screen_name": "pcwgood",
      "name": "쓰러지면 밟힌다",
      "id": 199207207,
      "id_str": "199207207",
      "indices": [
        3,
        11
      ]
    }
  ],
  "hashtags": [],
  "geo": null
},{
  "id": "1072640767515131904",
  "permalink": "",
  "username": "stef",
  "text": "RT @tenderrrrrrrrrr: 181209 강남 언더나인틴 게릴라 스테이지\n\n이예찬\n\n#언더나인틴 #이예찬 https://t.co/msbZld5GNR",
  "date": "Tue Dec 11 23:54:22 +0000 2018",
  "retweets": 28,
  "favorites": 0,
  "mentions": [
    {
      "screen_name": "tenderrrrrrrrrr",
      "name": "TENDER",
      "id": 705321367479005184,
      "id_str": "705321367479005184",
      "indices": [
        3,
        19
      ]
    }
  ],
  "hashtags": [
    {
      "text": "언더나인틴",
      "indices": [
        52,
        58
      ]
    },
    {
      "text": "이예찬",
      "indices": [
        59,
        63
      ]
    }
  ],
  "geo": null
},{
  "id": "1072639390533513216",
  "permalink": "",
  "username": "갠봇구하는중인사미",
  "text": "RT @frythemall: 나 하은이라는이름인애들중에 왜케 교회다니는애들이많지 생각하다가 하은이 하나님의은혜 줄인거라는거듣고 충격먹엇어.. 그이후로 하 나 예 자로시작하는이름보면 궁예질들어감\n하나? 하나님나라? 예지? 예수님의지혜? 예은?예수님의은…",
  "date": "Tue Dec 11 23:48:54 +0000 2018",
  "retweets": 22656,
  "favorites": 0,
  "mentions": [
    {
      "screen_name": "frythemall",
      "name": "튀겨버려",
      "id": 3066199944,
      "id_str": "3066199944",
      "indices": [
        3,
        14
      ]
    }
  ],
  "hashtags": [],
  "geo": null
},{
  "id": "1072639290860032002",
  "permalink": "",
  "username": "카르페디엠",
  "text": "RT @pcwgood: 세월호깃발을 가장 먼저 올렸고 가장 끝까지 지켰던 사람. \n촛불을 가장 먼저 들었고 가장 끝까지 지키고 있는 사람.\n세월호가 상징하는 적폐를 촛불이 상징하는 개혁으로 뚫어낼 사람.\n\n씨바. 정치인에대한 예찬은 오글거려서 안하는…",
  "date": "Tue Dec 11 23:48:30 +0000 2018",
  "retweets": 172,
  "favorites": 0,
  "mentions": [
    {
      "screen_name": "pcwgood",
      "name": "쓰러지면 밟힌다",
      "id": 199207207,
      "id_str": "199207207",
      "indices": [
        3,
        11
      ]
    }
  ],
  "hashtags": [],
  "geo": null
},{
  "id": "1072638694128058368",
  "permalink": "",
  "username": "그날까지.72",
  "text": "RT @pcwgood: 세월호깃발을 가장 먼저 올렸고 가장 끝까지 지켰던 사람. \n촛불을 가장 먼저 들었고 가장 끝까지 지키고 있는 사람.\n세월호가 상징하는 적폐를 촛불이 상징하는 개혁으로 뚫어낼 사람.\n\n씨바. 정치인에대한 예찬은 오글거려서 안하는…",
  "date": "Tue Dec 11 23:46:08 +0000 2018",
  "retweets": 172,
  "favorites": 0,
  "mentions": [
    {
      "screen_name": "pcwgood",
      "name": "쓰러지면 밟힌다",
      "id": 199207207,
      "id_str": "199207207",
      "indices": [
        3,
        11
      ]
    }
  ],
  "hashtags": [],
  "geo": null
},{
  "id": "1072638259258425344",
  "permalink": "",
  "username": "기본소득-飛上",
  "text": "RT @pcwgood: 세월호깃발을 가장 먼저 올렸고 가장 끝까지 지켰던 사람. \n촛불을 가장 먼저 들었고 가장 끝까지 지키고 있는 사람.\n세월호가 상징하는 적폐를 촛불이 상징하는 개혁으로 뚫어낼 사람.\n\n씨바. 정치인에대한 예찬은 오글거려서 안하는…",
  "date": "Tue Dec 11 23:44:24 +0000 2018",
  "retweets": 172,
  "favorites": 0,
  "mentions": [
    {
      "screen_name": "pcwgood",
      "name": "쓰러지면 밟힌다",
      "id": 199207207,
      "id_str": "199207207",
      "indices": [
        3,
        11
      ]
    }
  ],
  "hashtags": [],
  "geo": null
},{
  "id": "1072637578036330496",
  "permalink": "",
  "username": "Dpp",
  "text": "RT @frythemall: 나 하은이라는이름인애들중에 왜케 교회다니는애들이많지 생각하다가 하은이 하나님의은혜 줄인거라는거듣고 충격먹엇어.. 그이후로 하 나 예 자로시작하는이름보면 궁예질들어감\n하나? 하나님나라? 예지? 예수님의지혜? 예은?예수님의은…",
  "date": "Tue Dec 11 23:41:41 +0000 2018",
  "retweets": 22656,
  "favorites": 0,
  "mentions": [
    {
      "screen_name": "frythemall",
      "name": "튀겨버려",
      "id": 3066199944,
      "id_str": "3066199944",
      "indices": [
        3,
        14
      ]
    }
  ],
  "hashtags": [],
  "geo": null
},{
  "id": "1072637545719234562",
  "permalink": "",
  "username": "✨김컴마팡인 김몌먕✨",
  "text": "RT @frythemall: 나 하은이라는이름인애들중에 왜케 교회다니는애들이많지 생각하다가 하은이 하나님의은혜 줄인거라는거듣고 충격먹엇어.. 그이후로 하 나 예 자로시작하는이름보면 궁예질들어감\n하나? 하나님나라? 예지? 예수님의지혜? 예은?예수님의은…",
  "date": "Tue Dec 11 23:41:34 +0000 2018",
  "retweets": 22656,
  "favorites": 0,
  "mentions": [
    {
      "screen_name": "frythemall",
      "name": "튀겨버려",
      "id": 3066199944,
      "id_str": "3066199944",
      "indices": [
        3,
        14
      ]
    }
  ],
  "hashtags": [],
  "geo": null
},{
  "id": "1072637437938143232",
  "permalink": "",
  "username": "이엘๑ơ ₃ ơ~♡ ✩⃛ೄ｡:",
  "text": "RT @frythemall: 나 하은이라는이름인애들중에 왜케 교회다니는애들이많지 생각하다가 하은이 하나님의은혜 줄인거라는거듣고 충격먹엇어.. 그이후로 하 나 예 자로시작하는이름보면 궁예질들어감\n하나? 하나님나라? 예지? 예수님의지혜? 예은?예수님의은…",
  "date": "Tue Dec 11 23:41:08 +0000 2018",
  "retweets": 22656,
  "favorites": 0,
  "mentions": [
    {
      "screen_name": "frythemall",
      "name": "튀겨버려",
      "id": 3066199944,
      "id_str": "3066199944",
      "indices": [
        3,
        14
      ]
    }
  ],
  "hashtags": [],
  "geo": null
},{
  "id": "1072637259994800128",
  "permalink": "",
  "username": "VENDETTA",
  "text": "RT @frythemall: 나 하은이라는이름인애들중에 왜케 교회다니는애들이많지 생각하다가 하은이 하나님의은혜 줄인거라는거듣고 충격먹엇어.. 그이후로 하 나 예 자로시작하는이름보면 궁예질들어감\n하나? 하나님나라? 예지? 예수님의지혜? 예은?예수님의은…",
  "date": "Tue Dec 11 23:40:26 +0000 2018",
  "retweets": 22656,
  "favorites": 0,
  "mentions": [
    {
      "screen_name": "frythemall",
      "name": "튀겨버려",
      "id": 3066199944,
      "id_str": "3066199944",
      "indices": [
        3,
        14
      ]
    }
  ],
  "hashtags": [],
  "geo": null
},{
  "id": "1072637246099070977",
  "permalink": "",
  "username": "The Justice",
  "text": "RT @pcwgood: 세월호깃발을 가장 먼저 올렸고 가장 끝까지 지켰던 사람. \n촛불을 가장 먼저 들었고 가장 끝까지 지키고 있는 사람.\n세월호가 상징하는 적폐를 촛불이 상징하는 개혁으로 뚫어낼 사람.\n\n씨바. 정치인에대한 예찬은 오글거려서 안하는…",
  "date": "Tue Dec 11 23:40:22 +0000 2018",
  "retweets": 172,
  "favorites": 0,
  "mentions": [
    {
      "screen_name": "pcwgood",
      "name": "쓰러지면 밟힌다",
      "id": 199207207,
      "id_str": "199207207",
      "indices": [
        3,
        11
      ]
    }
  ],
  "hashtags": [],
  "geo": null
},{
  "id": "1072636578974052354",
  "permalink": "",
  "username": "나무애인.55",
  "text": "RT @pcwgood: 세월호깃발을 가장 먼저 올렸고 가장 끝까지 지켰던 사람. \n촛불을 가장 먼저 들었고 가장 끝까지 지키고 있는 사람.\n세월호가 상징하는 적폐를 촛불이 상징하는 개혁으로 뚫어낼 사람.\n\n씨바. 정치인에대한 예찬은 오글거려서 안하는…",
  "date": "Tue Dec 11 23:37:43 +0000 2018",
  "retweets": 172,
  "favorites": 0,
  "mentions": [
    {
      "screen_name": "pcwgood",
      "name": "쓰러지면 밟힌다",
      "id": 199207207,
      "id_str": "199207207",
      "indices": [
        3,
        11
      ]
    }
  ],
  "hashtags": [],
  "geo": null
},{
  "id": "1072636349545635840",
  "permalink": "",
  "username": "민",
  "text": "RT @frythemall: 나 하은이라는이름인애들중에 왜케 교회다니는애들이많지 생각하다가 하은이 하나님의은혜 줄인거라는거듣고 충격먹엇어.. 그이후로 하 나 예 자로시작하는이름보면 궁예질들어감\n하나? 하나님나라? 예지? 예수님의지혜? 예은?예수님의은…",
  "date": "Tue Dec 11 23:36:49 +0000 2018",
  "retweets": 22656,
  "favorites": 0,
  "mentions": [
    {
      "screen_name": "frythemall",
      "name": "튀겨버려",
      "id": 3066199944,
      "id_str": "3066199944",
      "indices": [
        3,
        14
      ]
    }
  ],
  "hashtags": [],
  "geo": null
},{
  "id": "1072634963852435456",
  "permalink": "",
  "username": "파랑새",
  "text": "RT @pcwgood: 세월호깃발을 가장 먼저 올렸고 가장 끝까지 지켰던 사람. \n촛불을 가장 먼저 들었고 가장 끝까지 지키고 있는 사람.\n세월호가 상징하는 적폐를 촛불이 상징하는 개혁으로 뚫어낼 사람.\n\n씨바. 정치인에대한 예찬은 오글거려서 안하는…",
  "date": "Tue Dec 11 23:31:18 +0000 2018",
  "retweets": 172,
  "favorites": 0,
  "mentions": [
    {
      "screen_name": "pcwgood",
      "name": "쓰러지면 밟힌다",
      "id": 199207207,
      "id_str": "199207207",
      "indices": [
        3,
        11
      ]
    }
  ],
  "hashtags": [],
  "geo": null
},{
  "id": "1072634809317494785",
  "permalink": "",
  "username": "[딩고에 김블루가 나왔습니다]크루크류",
  "text": "RT @frythemall: 나 하은이라는이름인애들중에 왜케 교회다니는애들이많지 생각하다가 하은이 하나님의은혜 줄인거라는거듣고 충격먹엇어.. 그이후로 하 나 예 자로시작하는이름보면 궁예질들어감\n하나? 하나님나라? 예지? 예수님의지혜? 예은?예수님의은…",
  "date": "Tue Dec 11 23:30:41 +0000 2018",
  "retweets": 22656,
  "favorites": 0,
  "mentions": [
    {
      "screen_name": "frythemall",
      "name": "튀겨버려",
      "id": 3066199944,
      "id_str": "3066199944",
      "indices": [
        3,
        14
      ]
    }
  ],
  "hashtags": [],
  "geo": null
},{
  "id": "1072634405280190464",
  "permalink": "",
  "username": "78일",
  "text": "RT @frythemall: 나 하은이라는이름인애들중에 왜케 교회다니는애들이많지 생각하다가 하은이 하나님의은혜 줄인거라는거듣고 충격먹엇어.. 그이후로 하 나 예 자로시작하는이름보면 궁예질들어감\n하나? 하나님나라? 예지? 예수님의지혜? 예은?예수님의은…",
  "date": "Tue Dec 11 23:29:05 +0000 2018",
  "retweets": 22656,
  "favorites": 0,
  "mentions": [
    {
      "screen_name": "frythemall",
      "name": "튀겨버려",
      "id": 3066199944,
      "id_str": "3066199944",
      "indices": [
        3,
        14
      ]
    }
  ],
  "hashtags": [],
  "geo": null
},{
  "id": "1072633872221908998",
  "permalink": "",
  "username": "예누나",
  "text": "@peachylenol 이예찬, 배현준 그리고 수런",
  "date": "Tue Dec 11 23:26:58 +0000 2018",
  "retweets": 0,
  "favorites": 1,
  "mentions": [
    {
      "screen_name": "peachylenol",
      "name": "ㅅㅇㄹ",
      "id": 910866979967328256,
      "id_str": "910866979967328256",
      "indices": [
        0,
        12
      ]
    }
  ],
  "hashtags": [],
  "geo": null
},{
  "id": "1072631980297216000",
  "permalink": "",
  "username": "김태은",
  "text": "RT @pcwgood: 세월호깃발을 가장 먼저 올렸고 가장 끝까지 지켰던 사람. \n촛불을 가장 먼저 들었고 가장 끝까지 지키고 있는 사람.\n세월호가 상징하는 적폐를 촛불이 상징하는 개혁으로 뚫어낼 사람.\n\n씨바. 정치인에대한 예찬은 오글거려서 안하는…",
  "date": "Tue Dec 11 23:19:27 +0000 2018",
  "retweets": 172,
  "favorites": 0,
  "mentions": [
    {
      "screen_name": "pcwgood",
      "name": "쓰러지면 밟힌다",
      "id": 199207207,
      "id_str": "199207207",
      "indices": [
        3,
        11
      ]
    }
  ],
  "hashtags": [],
  "geo": null
},{
  "id": "1072631014504173568",
  "permalink": "",
  "username": "🐝수계🐝 6 ♡이재명 사법살인 반대",
  "text": "RT @pcwgood: 세월호깃발을 가장 먼저 올렸고 가장 끝까지 지켰던 사람. \n촛불을 가장 먼저 들었고 가장 끝까지 지키고 있는 사람.\n세월호가 상징하는 적폐를 촛불이 상징하는 개혁으로 뚫어낼 사람.\n\n씨바. 정치인에대한 예찬은 오글거려서 안하는…",
  "date": "Tue Dec 11 23:15:37 +0000 2018",
  "retweets": 172,
  "favorites": 0,
  "mentions": [
    {
      "screen_name": "pcwgood",
      "name": "쓰러지면 밟힌다",
      "id": 199207207,
      "id_str": "199207207",
      "indices": [
        3,
        11
      ]
    }
  ],
  "hashtags": [],
  "geo": null
},{
  "id": "1072630502354489345",
  "permalink": "",
  "username": "고구려인",
  "text": "RT @pcwgood: 세월호깃발을 가장 먼저 올렸고 가장 끝까지 지켰던 사람. \n촛불을 가장 먼저 들었고 가장 끝까지 지키고 있는 사람.\n세월호가 상징하는 적폐를 촛불이 상징하는 개혁으로 뚫어낼 사람.\n\n씨바. 정치인에대한 예찬은 오글거려서 안하는…",
  "date": "Tue Dec 11 23:13:34 +0000 2018",
  "retweets": 172,
  "favorites": 0,
  "mentions": [
    {
      "screen_name": "pcwgood",
      "name": "쓰러지면 밟힌다",
      "id": 199207207,
      "id_str": "199207207",
      "indices": [
        3,
        11
      ]
    }
  ],
  "hashtags": [],
  "geo": null
},{
  "id": "1072630194823942144",
  "permalink": "",
  "username": "Aaron J. Deschamps",
  "text": "RT @RabbitChu_1218: 181209 강남 게릴라 \n#언더나인틴 #UNDERNINETEEN #박성원 #이예찬\n\n예찬이 귀여워하는 성원이 . . . ㄱㅇㅇ 😭❤️ https://t.co/rOvN8wZV4r",
  "date": "Tue Dec 11 23:12:21 +0000 2018",
  "retweets": 51,
  "favorites": 0,
  "mentions": [
    {
      "screen_name": "RabbitChu_1218",
      "name": "Rabbit Chu",
      "id": 1060301973239427072,
      "id_str": "1060301973239427072",
      "indices": [
        3,
        18
      ]
    }
  ],
  "hashtags": [
    {
      "text": "언더나인틴",
      "indices": [
        35,
        41
      ]
    },
    {
      "text": "UNDERNINETEEN",
      "indices": [
        42,
        56
      ]
    },
    {
      "text": "박성원",
      "indices": [
        57,
        61
      ]
    },
    {
      "text": "이예찬",
      "indices": [
        62,
        66
      ]
    }
  ],
  "geo": null
},{
  "id": "1072630089358159873",
  "permalink": "",
  "username": "[님이 트친소 마음 눌렀어요] 좌구차",
  "text": "@XY73sgGPVJ4RjZu 아잉 예찬 님\n당신의 인장이 더\n입니다",
  "date": "Tue Dec 11 23:11:56 +0000 2018",
  "retweets": 0,
  "favorites": 0,
  "mentions": [
    {
      "screen_name": "XY73sgGPVJ4RjZu",
      "name": "예찬 🥰🥺🥰",
      "id": 1011138278374821888,
      "id_str": "1011138278374821888",
      "indices": [
        0,
        16
      ]
    }
  ],
  "hashtags": [],
  "geo": null
},{
  "id": "1072628628914094080",
  "permalink": "",
  "username": "bernard christopher",
  "text": "RT @pcwgood: 세월호깃발을 가장 먼저 올렸고 가장 끝까지 지켰던 사람. \n촛불을 가장 먼저 들었고 가장 끝까지 지키고 있는 사람.\n세월호가 상징하는 적폐를 촛불이 상징하는 개혁으로 뚫어낼 사람.\n\n씨바. 정치인에대한 예찬은 오글거려서 안하는…",
  "date": "Tue Dec 11 23:06:08 +0000 2018",
  "retweets": 172,
  "favorites": 0,
  "mentions": [
    {
      "screen_name": "pcwgood",
      "name": "쓰러지면 밟힌다",
      "id": 199207207,
      "id_str": "199207207",
      "indices": [
        3,
        11
      ]
    }
  ],
  "hashtags": [],
  "geo": null
},{
  "id": "1072628519857987586",
  "permalink": "",
  "username": "🐤ZERO",
  "text": "지갑 지하철에 놓고내려서 이예찬 포카랑 내 지갑 사라짐ㅠ 지갑 20만원인데 ㅅㅂ",
  "date": "Tue Dec 11 23:05:42 +0000 2018",
  "retweets": 0,
  "favorites": 0,
  "mentions": [],
  "hashtags": [],
  "geo": null
},{
  "id": "1072628357861388289",
  "permalink": "",
  "username": "꽃날다.100 응원합니다!!",
  "text": "RT @pcwgood: 세월호깃발을 가장 먼저 올렸고 가장 끝까지 지켰던 사람. \n촛불을 가장 먼저 들었고 가장 끝까지 지키고 있는 사람.\n세월호가 상징하는 적폐를 촛불이 상징하는 개혁으로 뚫어낼 사람.\n\n씨바. 정치인에대한 예찬은 오글거려서 안하는…",
  "date": "Tue Dec 11 23:05:03 +0000 2018",
  "retweets": 172,
  "favorites": 0,
  "mentions": [
    {
      "screen_name": "pcwgood",
      "name": "쓰러지면 밟힌다",
      "id": 199207207,
      "id_str": "199207207",
      "indices": [
        3,
        11
      ]
    }
  ],
  "hashtags": [],
  "geo": null
},{
  "id": "1072627120596234243",
  "permalink": "",
  "username": "지금 이 시각 서지경은?",
  "text": "잘생긴 예찬이가 오전 8시를 알려드립니다. 다들 잠은 집에 가서 자세요. 왜 시체가 되어있어.",
  "date": "Tue Dec 11 23:00:08 +0000 2018",
  "retweets": 0,
  "favorites": 0,
  "mentions": [],
  "hashtags": [],
  "geo": null
},{
  "id": "1072626638414905344",
  "permalink": "",
  "username": "🌘박 릐람🌔",
  "text": "RT @frythemall: 나 하은이라는이름인애들중에 왜케 교회다니는애들이많지 생각하다가 하은이 하나님의은혜 줄인거라는거듣고 충격먹엇어.. 그이후로 하 나 예 자로시작하는이름보면 궁예질들어감\n하나? 하나님나라? 예지? 예수님의지혜? 예은?예수님의은…",
  "date": "Tue Dec 11 22:58:13 +0000 2018",
  "retweets": 22656,
  "favorites": 0,
  "mentions": [
    {
      "screen_name": "frythemall",
      "name": "튀겨버려",
      "id": 3066199944,
      "id_str": "3066199944",
      "indices": [
        3,
        14
      ]
    }
  ],
  "hashtags": [],
  "geo": null
},{
  "id": "1072625925903273985",
  "permalink": "",
  "username": "Stamp.Boon",
  "text": "RT @y0ungwon_: 181209 언더나인틴 강남 게릴라 콘서트\n\n예찬이란테 역조공날 준 플카 보여주면서 이거 준거 기억나? 아니까 폭풍끄덕임 ㅜㅜ 사랑해 신예찬 😭😭😭😭❤️❤️❤️❤️\n\n#언더나인틴 #신예찬 #UNDERNINTEEN https…",
  "date": "Tue Dec 11 22:55:23 +0000 2018",
  "retweets": 15,
  "favorites": 0,
  "mentions": [],
  "hashtags": [
    {
      "text": "언더나인틴",
      "indices": [
        108,
        114
      ]
    },
    {
      "text": "신예찬",
      "indices": [
        115,
        119
      ]
    },
    {
      "text": "UNDERNINTEEN",
      "indices": [
        120,
        133
      ]
    }
  ],
  "geo": null
},{
  "id": "1072625725243604993",
  "permalink": "",
  "username": "[월요일에 전화] 탄조",
  "text": "@hospital91 당근이죠ㅠ 훤이는 예찬이를 위해서 아침에 가볍게 차릴거 같아요 자긴 고기 안 먹어서 아마 고기반찬 내오거나 아님 아침에 미리 부른 사람이 와서 차려놓은 아침 먹을거 같구요....",
  "date": "Tue Dec 11 22:54:35 +0000 2018",
  "retweets": 0,
  "favorites": 0,
  "mentions": [
    {
      "screen_name": "hospital91",
      "name": "전신2장 해야하는거3장",
      "id": 977594197661294592,
      "id_str": "977594197661294592",
      "indices": [
        0,
        11
      ]
    }
  ],
  "hashtags": [],
  "geo": null
},{
  "id": "1072625411048255489",
  "permalink": "",
  "username": "진보의 별* 노회찬/봉워너비",
  "text": "RT @pcwgood: 세월호깃발을 가장 먼저 올렸고 가장 끝까지 지켰던 사람. \n촛불을 가장 먼저 들었고 가장 끝까지 지키고 있는 사람.\n세월호가 상징하는 적폐를 촛불이 상징하는 개혁으로 뚫어낼 사람.\n\n씨바. 정치인에대한 예찬은 오글거려서 안하는…",
  "date": "Tue Dec 11 22:53:21 +0000 2018",
  "retweets": 172,
  "favorites": 0,
  "mentions": [
    {
      "screen_name": "pcwgood",
      "name": "쓰러지면 밟힌다",
      "id": 199207207,
      "id_str": "199207207",
      "indices": [
        3,
        11
      ]
    }
  ],
  "hashtags": [],
  "geo": null
},{
  "id": "1072625168500043782",
  "permalink": "",
  "username": "포푸",
  "text": "RT @frythemall: 나 하은이라는이름인애들중에 왜케 교회다니는애들이많지 생각하다가 하은이 하나님의은혜 줄인거라는거듣고 충격먹엇어.. 그이후로 하 나 예 자로시작하는이름보면 궁예질들어감\n하나? 하나님나라? 예지? 예수님의지혜? 예은?예수님의은…",
  "date": "Tue Dec 11 22:52:23 +0000 2018",
  "retweets": 22656,
  "favorites": 0,
  "mentions": [
    {
      "screen_name": "frythemall",
      "name": "튀겨버려",
      "id": 3066199944,
      "id_str": "3066199944",
      "indices": [
        3,
        14
      ]
    }
  ],
  "hashtags": [],
  "geo": null
},{
  "id": "1072624760780177411",
  "permalink": "",
  "username": "다삐",
  "text": "RT @frythemall: 나 하은이라는이름인애들중에 왜케 교회다니는애들이많지 생각하다가 하은이 하나님의은혜 줄인거라는거듣고 충격먹엇어.. 그이후로 하 나 예 자로시작하는이름보면 궁예질들어감\n하나? 하나님나라? 예지? 예수님의지혜? 예은?예수님의은…",
  "date": "Tue Dec 11 22:50:46 +0000 2018",
  "retweets": 22656,
  "favorites": 0,
  "mentions": [
    {
      "screen_name": "frythemall",
      "name": "튀겨버려",
      "id": 3066199944,
      "id_str": "3066199944",
      "indices": [
        3,
        14
      ]
    }
  ],
  "hashtags": [],
  "geo": null
},{
  "id": "1072623635737862144",
  "permalink": "",
  "username": "정환",
  "text": "RT @pcwgood: 세월호깃발을 가장 먼저 올렸고 가장 끝까지 지켰던 사람. \n촛불을 가장 먼저 들었고 가장 끝까지 지키고 있는 사람.\n세월호가 상징하는 적폐를 촛불이 상징하는 개혁으로 뚫어낼 사람.\n\n씨바. 정치인에대한 예찬은 오글거려서 안하는…",
  "date": "Tue Dec 11 22:46:17 +0000 2018",
  "retweets": 172,
  "favorites": 0,
  "mentions": [
    {
      "screen_name": "pcwgood",
      "name": "쓰러지면 밟힌다",
      "id": 199207207,
      "id_str": "199207207",
      "indices": [
        3,
        11
      ]
    }
  ],
  "hashtags": [],
  "geo": null
},{
  "id": "1072623549461000193",
  "permalink": "",
  "username": "억강부약",
  "text": "RT @pcwgood: 세월호깃발을 가장 먼저 올렸고 가장 끝까지 지켰던 사람. \n촛불을 가장 먼저 들었고 가장 끝까지 지키고 있는 사람.\n세월호가 상징하는 적폐를 촛불이 상징하는 개혁으로 뚫어낼 사람.\n\n씨바. 정치인에대한 예찬은 오글거려서 안하는…",
  "date": "Tue Dec 11 22:45:57 +0000 2018",
  "retweets": 172,
  "favorites": 0,
  "mentions": [
    {
      "screen_name": "pcwgood",
      "name": "쓰러지면 밟힌다",
      "id": 199207207,
      "id_str": "199207207",
      "indices": [
        3,
        11
      ]
    }
  ],
  "hashtags": [],
  "geo": null
},{
  "id": "1072621875946250242",
  "permalink": "",
  "username": "오시리안",
  "text": "세상 이라는 넓은 싸움터 에서,\n인생의 야영지에서,\n말 못하고 쫓기는 마 소가 되지 말고 싸움하는 영웅이 되라.\n**롱펠로우(인생예찬)**\n~~부산 남항대교 풍경~~ https://t.co/oqC9aiALC1",
  "date": "Tue Dec 11 22:39:18 +0000 2018",
  "retweets": 0,
  "favorites": 0,
  "mentions": [],
  "hashtags": [],
  "geo": null
},{
  "id": "1072621361015808001",
  "permalink": "",
  "username": "오시리안",
  "text": "세상 이라는 넓은 싸움터 에서,\n인생의 야영지에서,\n말 못하고 쫓기는 마 소가 되지 말고 싸움하는 영웅이 되라.\n**롱펠로우(인생예찬)**\n\n~~부산항 풍경~~ https://t.co/o2N6gedXpb",
  "date": "Tue Dec 11 22:37:15 +0000 2018",
  "retweets": 0,
  "favorites": 0,
  "mentions": [],
  "hashtags": [],
  "geo": null
},{
  "id": "1072620340851945475",
  "permalink": "",
  "username": "강옥남",
  "text": "RT @pcwgood: 세월호깃발을 가장 먼저 올렸고 가장 끝까지 지켰던 사람. \n촛불을 가장 먼저 들었고 가장 끝까지 지키고 있는 사람.\n세월호가 상징하는 적폐를 촛불이 상징하는 개혁으로 뚫어낼 사람.\n\n씨바. 정치인에대한 예찬은 오글거려서 안하는…",
  "date": "Tue Dec 11 22:33:12 +0000 2018",
  "retweets": 172,
  "favorites": 0,
  "mentions": [
    {
      "screen_name": "pcwgood",
      "name": "쓰러지면 밟힌다",
      "id": 199207207,
      "id_str": "199207207",
      "indices": [
        3,
        11
      ]
    }
  ],
  "hashtags": [],
  "geo": null
},{
  "id": "1072615180561997826",
  "permalink": "",
  "username": "오헌철",
  "text": "RT @pcwgood: 세월호깃발을 가장 먼저 올렸고 가장 끝까지 지켰던 사람. \n촛불을 가장 먼저 들었고 가장 끝까지 지키고 있는 사람.\n세월호가 상징하는 적폐를 촛불이 상징하는 개혁으로 뚫어낼 사람.\n\n씨바. 정치인에대한 예찬은 오글거려서 안하는…",
  "date": "Tue Dec 11 22:12:41 +0000 2018",
  "retweets": 172,
  "favorites": 0,
  "mentions": [
    {
      "screen_name": "pcwgood",
      "name": "쓰러지면 밟힌다",
      "id": 199207207,
      "id_str": "199207207",
      "indices": [
        3,
        11
      ]
    }
  ],
  "hashtags": [],
  "geo": null
},{
  "id": "1072613861910560768",
  "permalink": "",
  "username": "경기도민",
  "text": "RT @pcwgood: 세월호깃발을 가장 먼저 올렸고 가장 끝까지 지켰던 사람. \n촛불을 가장 먼저 들었고 가장 끝까지 지키고 있는 사람.\n세월호가 상징하는 적폐를 촛불이 상징하는 개혁으로 뚫어낼 사람.\n\n씨바. 정치인에대한 예찬은 오글거려서 안하는…",
  "date": "Tue Dec 11 22:07:27 +0000 2018",
  "retweets": 172,
  "favorites": 0,
  "mentions": [
    {
      "screen_name": "pcwgood",
      "name": "쓰러지면 밟힌다",
      "id": 199207207,
      "id_str": "199207207",
      "indices": [
        3,
        11
      ]
    }
  ],
  "hashtags": [],
  "geo": null
},{
  "id": "1072613845091475458",
  "permalink": "",
  "username": "🐋 [ SD 커미션 ] 유노미아 🐋",
  "text": "RT @frythemall: 나 하은이라는이름인애들중에 왜케 교회다니는애들이많지 생각하다가 하은이 하나님의은혜 줄인거라는거듣고 충격먹엇어.. 그이후로 하 나 예 자로시작하는이름보면 궁예질들어감\n하나? 하나님나라? 예지? 예수님의지혜? 예은?예수님의은…",
  "date": "Tue Dec 11 22:07:23 +0000 2018",
  "retweets": 22656,
  "favorites": 0,
  "mentions": [
    {
      "screen_name": "frythemall",
      "name": "튀겨버려",
      "id": 3066199944,
      "id_str": "3066199944",
      "indices": [
        3,
        14
      ]
    }
  ],
  "hashtags": [],
  "geo": null
},{
  "id": "1072613564261773312",
  "permalink": "",
  "username": "🐝항상 최선.88🐝",
  "text": "RT @pcwgood: 세월호깃발을 가장 먼저 올렸고 가장 끝까지 지켰던 사람. \n촛불을 가장 먼저 들었고 가장 끝까지 지키고 있는 사람.\n세월호가 상징하는 적폐를 촛불이 상징하는 개혁으로 뚫어낼 사람.\n\n씨바. 정치인에대한 예찬은 오글거려서 안하는…",
  "date": "Tue Dec 11 22:06:16 +0000 2018",
  "retweets": 172,
  "favorites": 0,
  "mentions": [
    {
      "screen_name": "pcwgood",
      "name": "쓰러지면 밟힌다",
      "id": 199207207,
      "id_str": "199207207",
      "indices": [
        3,
        11
      ]
    }
  ],
  "hashtags": [],
  "geo": null
},{
  "id": "1072613517738549253",
  "permalink": "",
  "username": "신정희 81",
  "text": "RT @pcwgood: 세월호깃발을 가장 먼저 올렸고 가장 끝까지 지켰던 사람. \n촛불을 가장 먼저 들었고 가장 끝까지 지키고 있는 사람.\n세월호가 상징하는 적폐를 촛불이 상징하는 개혁으로 뚫어낼 사람.\n\n씨바. 정치인에대한 예찬은 오글거려서 안하는…",
  "date": "Tue Dec 11 22:06:05 +0000 2018",
  "retweets": 172,
  "favorites": 0,
  "mentions": [
    {
      "screen_name": "pcwgood",
      "name": "쓰러지면 밟힌다",
      "id": 199207207,
      "id_str": "199207207",
      "indices": [
        3,
        11
      ]
    }
  ],
  "hashtags": [],
  "geo": null
},{
  "id": "1072611513930788864",
  "permalink": "",
  "username": "열심히 사세요 코다님",
  "text": "RT @frythemall: 나 하은이라는이름인애들중에 왜케 교회다니는애들이많지 생각하다가 하은이 하나님의은혜 줄인거라는거듣고 충격먹엇어.. 그이후로 하 나 예 자로시작하는이름보면 궁예질들어감\n하나? 하나님나라? 예지? 예수님의지혜? 예은?예수님의은…",
  "date": "Tue Dec 11 21:58:07 +0000 2018",
  "retweets": 22656,
  "favorites": 0,
  "mentions": [
    {
      "screen_name": "frythemall",
      "name": "튀겨버려",
      "id": 3066199944,
      "id_str": "3066199944",
      "indices": [
        3,
        14
      ]
    }
  ],
  "hashtags": [],
  "geo": null
},{
  "id": "1072610751045603330",
  "permalink": "",
  "username": "Bruce Park_337",
  "text": "RT @pcwgood: 세월호깃발을 가장 먼저 올렸고 가장 끝까지 지켰던 사람. \n촛불을 가장 먼저 들었고 가장 끝까지 지키고 있는 사람.\n세월호가 상징하는 적폐를 촛불이 상징하는 개혁으로 뚫어낼 사람.\n\n씨바. 정치인에대한 예찬은 오글거려서 안하는…",
  "date": "Tue Dec 11 21:55:05 +0000 2018",
  "retweets": 172,
  "favorites": 0,
  "mentions": [
    {
      "screen_name": "pcwgood",
      "name": "쓰러지면 밟힌다",
      "id": 199207207,
      "id_str": "199207207",
      "indices": [
        3,
        11
      ]
    }
  ],
  "hashtags": [],
  "geo": null
},{
  "id": "1072609617681747968",
  "permalink": "",
  "username": "바이킹",
  "text": "RT @pcwgood: 세월호깃발을 가장 먼저 올렸고 가장 끝까지 지켰던 사람. \n촛불을 가장 먼저 들었고 가장 끝까지 지키고 있는 사람.\n세월호가 상징하는 적폐를 촛불이 상징하는 개혁으로 뚫어낼 사람.\n\n씨바. 정치인에대한 예찬은 오글거려서 안하는…",
  "date": "Tue Dec 11 21:50:35 +0000 2018",
  "retweets": 172,
  "favorites": 0,
  "mentions": [
    {
      "screen_name": "pcwgood",
      "name": "쓰러지면 밟힌다",
      "id": 199207207,
      "id_str": "199207207",
      "indices": [
        3,
        11
      ]
    }
  ],
  "hashtags": [],
  "geo": null
},{
  "id": "1072607266413645824",
  "permalink": "",
  "username": "🌌상태:섬바디투러브",
  "text": "RT @frythemall: 나 하은이라는이름인애들중에 왜케 교회다니는애들이많지 생각하다가 하은이 하나님의은혜 줄인거라는거듣고 충격먹엇어.. 그이후로 하 나 예 자로시작하는이름보면 궁예질들어감\n하나? 하나님나라? 예지? 예수님의지혜? 예은?예수님의은…",
  "date": "Tue Dec 11 21:41:15 +0000 2018",
  "retweets": 22656,
  "favorites": 0,
  "mentions": [
    {
      "screen_name": "frythemall",
      "name": "튀겨버려",
      "id": 3066199944,
      "id_str": "3066199944",
      "indices": [
        3,
        14
      ]
    }
  ],
  "hashtags": [],
  "geo": null
},{
  "id": "1072606015479271426",
  "permalink": "",
  "username": "승우다인아빠",
  "text": "RT @pcwgood: 세월호깃발을 가장 먼저 올렸고 가장 끝까지 지켰던 사람. \n촛불을 가장 먼저 들었고 가장 끝까지 지키고 있는 사람.\n세월호가 상징하는 적폐를 촛불이 상징하는 개혁으로 뚫어낼 사람.\n\n씨바. 정치인에대한 예찬은 오글거려서 안하는…",
  "date": "Tue Dec 11 21:36:16 +0000 2018",
  "retweets": 172,
  "favorites": 0,
  "mentions": [
    {
      "screen_name": "pcwgood",
      "name": "쓰러지면 밟힌다",
      "id": 199207207,
      "id_str": "199207207",
      "indices": [
        3,
        11
      ]
    }
  ],
  "hashtags": [],
  "geo": null
},{
  "id": "1072604036157837312",
  "permalink": "",
  "username": "임승택 Standing up for Democracy",
  "text": "RT @pcwgood: 세월호깃발을 가장 먼저 올렸고 가장 끝까지 지켰던 사람. \n촛불을 가장 먼저 들었고 가장 끝까지 지키고 있는 사람.\n세월호가 상징하는 적폐를 촛불이 상징하는 개혁으로 뚫어낼 사람.\n\n씨바. 정치인에대한 예찬은 오글거려서 안하는…",
  "date": "Tue Dec 11 21:28:24 +0000 2018",
  "retweets": 172,
  "favorites": 0,
  "mentions": [
    {
      "screen_name": "pcwgood",
      "name": "쓰러지면 밟힌다",
      "id": 199207207,
      "id_str": "199207207",
      "indices": [
        3,
        11
      ]
    }
  ],
  "hashtags": [],
  "geo": null
},{
  "id": "1072602382276665344",
  "permalink": "",
  "username": "그대이름은 무식한 조센진!",
  "text": "RT @pcwgood: 세월호깃발을 가장 먼저 올렸고 가장 끝까지 지켰던 사람. \n촛불을 가장 먼저 들었고 가장 끝까지 지키고 있는 사람.\n세월호가 상징하는 적폐를 촛불이 상징하는 개혁으로 뚫어낼 사람.\n\n씨바. 정치인에대한 예찬은 오글거려서 안하는…",
  "date": "Tue Dec 11 21:21:50 +0000 2018",
  "retweets": 172,
  "favorites": 0,
  "mentions": [
    {
      "screen_name": "pcwgood",
      "name": "쓰러지면 밟힌다",
      "id": 199207207,
      "id_str": "199207207",
      "indices": [
        3,
        11
      ]
    }
  ],
  "hashtags": [],
  "geo": null
},{
  "id": "1072598950950133761",
  "permalink": "",
  "username": "Take 1. 小狐狸 🦊",
  "text": "RT @RabbitChu_1218: 181209 강남 게릴라 \n#언더나인틴 #UNDERNINETEEN #박성원 #이예찬\n\n예찬이 귀여워하는 성원이 . . . ㄱㅇㅇ 😭❤️ https://t.co/rOvN8wZV4r",
  "date": "Tue Dec 11 21:08:12 +0000 2018",
  "retweets": 51,
  "favorites": 0,
  "mentions": [
    {
      "screen_name": "RabbitChu_1218",
      "name": "Rabbit Chu",
      "id": 1060301973239427072,
      "id_str": "1060301973239427072",
      "indices": [
        3,
        18
      ]
    }
  ],
  "hashtags": [
    {
      "text": "언더나인틴",
      "indices": [
        35,
        41
      ]
    },
    {
      "text": "UNDERNINETEEN",
      "indices": [
        42,
        56
      ]
    },
    {
      "text": "박성원",
      "indices": [
        57,
        61
      ]
    },
    {
      "text": "이예찬",
      "indices": [
        62,
        66
      ]
    }
  ],
  "geo": null
},{
  "id": "1072593489773379585",
  "permalink": "",
  "username": "호떡아빠",
  "text": "RT @pcwgood: 세월호깃발을 가장 먼저 올렸고 가장 끝까지 지켰던 사람. \n촛불을 가장 먼저 들었고 가장 끝까지 지키고 있는 사람.\n세월호가 상징하는 적폐를 촛불이 상징하는 개혁으로 뚫어낼 사람.\n\n씨바. 정치인에대한 예찬은 오글거려서 안하는…",
  "date": "Tue Dec 11 20:46:30 +0000 2018",
  "retweets": 172,
  "favorites": 0,
  "mentions": [
    {
      "screen_name": "pcwgood",
      "name": "쓰러지면 밟힌다",
      "id": 199207207,
      "id_str": "199207207",
      "indices": [
        3,
        11
      ]
    }
  ],
  "hashtags": [],
  "geo": null
},{
  "id": "1072581429635239943",
  "permalink": "",
  "username": "@08_hkkim 정의를 위하여",
  "text": "RT @pcwgood: 세월호깃발을 가장 먼저 올렸고 가장 끝까지 지켰던 사람. \n촛불을 가장 먼저 들었고 가장 끝까지 지키고 있는 사람.\n세월호가 상징하는 적폐를 촛불이 상징하는 개혁으로 뚫어낼 사람.\n\n씨바. 정치인에대한 예찬은 오글거려서 안하는…",
  "date": "Tue Dec 11 19:58:35 +0000 2018",
  "retweets": 172,
  "favorites": 0,
  "mentions": [
    {
      "screen_name": "pcwgood",
      "name": "쓰러지면 밟힌다",
      "id": 199207207,
      "id_str": "199207207",
      "indices": [
        3,
        11
      ]
    }
  ],
  "hashtags": [],
  "geo": null
},{
  "id": "1072580173554507776",
  "permalink": "",
  "username": "누군가의 망상인형",
  "text": "사람들 사이에는 섬이 있대. 그 섬이 무엇인 줄 알아?\n'고독'이야. 고독이라니, 말만 들으면 정말 멋진 말 같지만\n어차피 모두들 고독이라는거, 무서워하잖아? 그럴 바에 왜 고통스러운 이 감각을 예찬하는 것이지?",
  "date": "Tue Dec 11 19:53:35 +0000 2018",
  "retweets": 0,
  "favorites": 0,
  "mentions": [],
  "hashtags": [],
  "geo": null
},{
  "id": "1072570339635412993",
  "permalink": "",
  "username": "김수원",
  "text": "RT @pcwgood: 세월호깃발을 가장 먼저 올렸고 가장 끝까지 지켰던 사람. \n촛불을 가장 먼저 들었고 가장 끝까지 지키고 있는 사람.\n세월호가 상징하는 적폐를 촛불이 상징하는 개혁으로 뚫어낼 사람.\n\n씨바. 정치인에대한 예찬은 오글거려서 안하는…",
  "date": "Tue Dec 11 19:14:31 +0000 2018",
  "retweets": 172,
  "favorites": 0,
  "mentions": [
    {
      "screen_name": "pcwgood",
      "name": "쓰러지면 밟힌다",
      "id": 199207207,
      "id_str": "199207207",
      "indices": [
        3,
        11
      ]
    }
  ],
  "hashtags": [],
  "geo": null
},{
  "id": "1072568615298314240",
  "permalink": "",
  "username": "이수니",
  "text": "RT @pcwgood: 세월호깃발을 가장 먼저 올렸고 가장 끝까지 지켰던 사람. \n촛불을 가장 먼저 들었고 가장 끝까지 지키고 있는 사람.\n세월호가 상징하는 적폐를 촛불이 상징하는 개혁으로 뚫어낼 사람.\n\n씨바. 정치인에대한 예찬은 오글거려서 안하는…",
  "date": "Tue Dec 11 19:07:39 +0000 2018",
  "retweets": 172,
  "favorites": 0,
  "mentions": [
    {
      "screen_name": "pcwgood",
      "name": "쓰러지면 밟힌다",
      "id": 199207207,
      "id_str": "199207207",
      "indices": [
        3,
        11
      ]
    }
  ],
  "hashtags": [],
  "geo": null
},{
  "id": "1072567232092348416",
  "permalink": "",
  "username": "어린왕자",
  "text": "RT @pcwgood: 세월호깃발을 가장 먼저 올렸고 가장 끝까지 지켰던 사람. \n촛불을 가장 먼저 들었고 가장 끝까지 지키고 있는 사람.\n세월호가 상징하는 적폐를 촛불이 상징하는 개혁으로 뚫어낼 사람.\n\n씨바. 정치인에대한 예찬은 오글거려서 안하는…",
  "date": "Tue Dec 11 19:02:10 +0000 2018",
  "retweets": 172,
  "favorites": 0,
  "mentions": [
    {
      "screen_name": "pcwgood",
      "name": "쓰러지면 밟힌다",
      "id": 199207207,
      "id_str": "199207207",
      "indices": [
        3,
        11
      ]
    }
  ],
  "hashtags": [],
  "geo": null
},{
  "id": "1072566585376825345",
  "permalink": "",
  "username": "Junhyuk, 방.",
  "text": "RT @MBC_Under19: 🍋언더나인틴 본격 레몬 먹기 대결🍋\n📢 '랩팀' 이예찬 VS 방준혁\n\n#MBC #언더나인틴 #UNDERNINETEEN #레몬_먹기_대결 #이예찬 #방준혁 https://t.co/ik9I8qjIgz",
  "date": "Tue Dec 11 18:59:35 +0000 2018",
  "retweets": 513,
  "favorites": 0,
  "mentions": [
    {
      "screen_name": "MBC_Under19",
      "name": "MBC 언더나인틴",
      "id": 1042612844108238848,
      "id_str": "1042612844108238848",
      "indices": [
        3,
        15
      ]
    }
  ],
  "hashtags": [
    {
      "text": "MBC",
      "indices": [
        56,
        60
      ]
    },
    {
      "text": "언더나인틴",
      "indices": [
        61,
        67
      ]
    },
    {
      "text": "UNDERNINETEEN",
      "indices": [
        68,
        82
      ]
    },
    {
      "text": "레몬_먹기_대결",
      "indices": [
        83,
        92
      ]
    },
    {
      "text": "이예찬",
      "indices": [
        93,
        97
      ]
    },
    {
      "text": "방준혁",
      "indices": [
        98,
        102
      ]
    }
  ],
  "geo": null
},{
  "id": "1072564212633911296",
  "permalink": "",
  "username": "걸어가세",
  "text": "RT @pcwgood: 세월호깃발을 가장 먼저 올렸고 가장 끝까지 지켰던 사람. \n촛불을 가장 먼저 들었고 가장 끝까지 지키고 있는 사람.\n세월호가 상징하는 적폐를 촛불이 상징하는 개혁으로 뚫어낼 사람.\n\n씨바. 정치인에대한 예찬은 오글거려서 안하는…",
  "date": "Tue Dec 11 18:50:10 +0000 2018",
  "retweets": 172,
  "favorites": 0,
  "mentions": [
    {
      "screen_name": "pcwgood",
      "name": "쓰러지면 밟힌다",
      "id": 199207207,
      "id_str": "199207207",
      "indices": [
        3,
        11
      ]
    }
  ],
  "hashtags": [],
  "geo": null
},{
  "id": "1072560147690602496",
  "permalink": "",
  "username": "사시존치 내국인서민보호 탐관오리•친일파•비양심병역거부척결 대입절대평가",
  "text": "RT @pcwgood: 세월호깃발을 가장 먼저 올렸고 가장 끝까지 지켰던 사람. \n촛불을 가장 먼저 들었고 가장 끝까지 지키고 있는 사람.\n세월호가 상징하는 적폐를 촛불이 상징하는 개혁으로 뚫어낼 사람.\n\n씨바. 정치인에대한 예찬은 오글거려서 안하는…",
  "date": "Tue Dec 11 18:34:01 +0000 2018",
  "retweets": 172,
  "favorites": 0,
  "mentions": [
    {
      "screen_name": "pcwgood",
      "name": "쓰러지면 밟힌다",
      "id": 199207207,
      "id_str": "199207207",
      "indices": [
        3,
        11
      ]
    }
  ],
  "hashtags": [],
  "geo": null
},{
  "id": "1072558682825723904",
  "permalink": "",
  "username": "박종채",
  "text": "RT @pcwgood: 세월호깃발을 가장 먼저 올렸고 가장 끝까지 지켰던 사람. \n촛불을 가장 먼저 들었고 가장 끝까지 지키고 있는 사람.\n세월호가 상징하는 적폐를 촛불이 상징하는 개혁으로 뚫어낼 사람.\n\n씨바. 정치인에대한 예찬은 오글거려서 안하는…",
  "date": "Tue Dec 11 18:28:11 +0000 2018",
  "retweets": 172,
  "favorites": 0,
  "mentions": [
    {
      "screen_name": "pcwgood",
      "name": "쓰러지면 밟힌다",
      "id": 199207207,
      "id_str": "199207207",
      "indices": [
        3,
        11
      ]
    }
  ],
  "hashtags": [],
  "geo": null
},{
  "id": "1072556035557261314",
  "permalink": "",
  "username": "TWIT ON",
  "text": "RT @pcwgood: 세월호깃발을 가장 먼저 올렸고 가장 끝까지 지켰던 사람. \n촛불을 가장 먼저 들었고 가장 끝까지 지키고 있는 사람.\n세월호가 상징하는 적폐를 촛불이 상징하는 개혁으로 뚫어낼 사람.\n\n씨바. 정치인에대한 예찬은 오글거려서 안하는…",
  "date": "Tue Dec 11 18:17:40 +0000 2018",
  "retweets": 172,
  "favorites": 0,
  "mentions": [
    {
      "screen_name": "pcwgood",
      "name": "쓰러지면 밟힌다",
      "id": 199207207,
      "id_str": "199207207",
      "indices": [
        3,
        11
      ]
    }
  ],
  "hashtags": [],
  "geo": null
},{
  "id": "1072553565053468673",
  "permalink": "",
  "username": "TJ Fox",
  "text": "RT @pcwgood: 세월호깃발을 가장 먼저 올렸고 가장 끝까지 지켰던 사람. \n촛불을 가장 먼저 들었고 가장 끝까지 지키고 있는 사람.\n세월호가 상징하는 적폐를 촛불이 상징하는 개혁으로 뚫어낼 사람.\n\n씨바. 정치인에대한 예찬은 오글거려서 안하는…",
  "date": "Tue Dec 11 18:07:51 +0000 2018",
  "retweets": 172,
  "favorites": 0,
  "mentions": [
    {
      "screen_name": "pcwgood",
      "name": "쓰러지면 밟힌다",
      "id": 199207207,
      "id_str": "199207207",
      "indices": [
        3,
        11
      ]
    }
  ],
  "hashtags": [],
  "geo": null
},{
  "id": "1072551667676180480",
  "permalink": "",
  "username": "고백신1045(탈노비문)",
  "text": "RT @pcwgood: 세월호깃발을 가장 먼저 올렸고 가장 끝까지 지켰던 사람. \n촛불을 가장 먼저 들었고 가장 끝까지 지키고 있는 사람.\n세월호가 상징하는 적폐를 촛불이 상징하는 개혁으로 뚫어낼 사람.\n\n씨바. 정치인에대한 예찬은 오글거려서 안하는…",
  "date": "Tue Dec 11 18:00:19 +0000 2018",
  "retweets": 172,
  "favorites": 0,
  "mentions": [
    {
      "screen_name": "pcwgood",
      "name": "쓰러지면 밟힌다",
      "id": 199207207,
      "id_str": "199207207",
      "indices": [
        3,
        11
      ]
    }
  ],
  "hashtags": [],
  "geo": null
},{
  "id": "1072547498244407296",
  "permalink": "",
  "username": "이르카ㆍ74☄🌊⛈",
  "text": "RT @pcwgood: 세월호깃발을 가장 먼저 올렸고 가장 끝까지 지켰던 사람. \n촛불을 가장 먼저 들었고 가장 끝까지 지키고 있는 사람.\n세월호가 상징하는 적폐를 촛불이 상징하는 개혁으로 뚫어낼 사람.\n\n씨바. 정치인에대한 예찬은 오글거려서 안하는…",
  "date": "Tue Dec 11 17:43:45 +0000 2018",
  "retweets": 172,
  "favorites": 0,
  "mentions": [
    {
      "screen_name": "pcwgood",
      "name": "쓰러지면 밟힌다",
      "id": 199207207,
      "id_str": "199207207",
      "indices": [
        3,
        11
      ]
    }
  ],
  "hashtags": [],
  "geo": null
},{
  "id": "1072547096006418433",
  "permalink": "",
  "username": "기본소득으로세상을바꾸자!",
  "text": "RT @pcwgood: 세월호깃발을 가장 먼저 올렸고 가장 끝까지 지켰던 사람. \n촛불을 가장 먼저 들었고 가장 끝까지 지키고 있는 사람.\n세월호가 상징하는 적폐를 촛불이 상징하는 개혁으로 뚫어낼 사람.\n\n씨바. 정치인에대한 예찬은 오글거려서 안하는…",
  "date": "Tue Dec 11 17:42:09 +0000 2018",
  "retweets": 172,
  "favorites": 0,
  "mentions": [
    {
      "screen_name": "pcwgood",
      "name": "쓰러지면 밟힌다",
      "id": 199207207,
      "id_str": "199207207",
      "indices": [
        3,
        11
      ]
    }
  ],
  "hashtags": [],
  "geo": null
},{
  "id": "1072546842540474368",
  "permalink": "",
  "username": "긍정의 힘.45 이재명 사법살인 반대",
  "text": "RT @pcwgood: 세월호깃발을 가장 먼저 올렸고 가장 끝까지 지켰던 사람. \n촛불을 가장 먼저 들었고 가장 끝까지 지키고 있는 사람.\n세월호가 상징하는 적폐를 촛불이 상징하는 개혁으로 뚫어낼 사람.\n\n씨바. 정치인에대한 예찬은 오글거려서 안하는…",
  "date": "Tue Dec 11 17:41:08 +0000 2018",
  "retweets": 172,
  "favorites": 0,
  "mentions": [
    {
      "screen_name": "pcwgood",
      "name": "쓰러지면 밟힌다",
      "id": 199207207,
      "id_str": "199207207",
      "indices": [
        3,
        11
      ]
    }
  ],
  "hashtags": [],
  "geo": null
},{
  "id": "1072543457699356675",
  "permalink": "",
  "username": "뀰🍊",
  "text": "RT @jecristonom: \"로베르트 무질의 동시대인들은 그의 책들보다는 그의 지성을 훨씬 예찬했다. 그들의 견해에 의하면 그가 소설이 아니라 에세이를 써야 했다는 것이다. 이 견해를 반박하는 데는 단 하나의 부정적 증거만으로도 충분하다. 무질의…",
  "date": "Tue Dec 11 17:27:41 +0000 2018",
  "retweets": 5,
  "favorites": 0,
  "mentions": [
    {
      "screen_name": "jecristonom",
      "name": "Yoon Kim",
      "id": 796632655307669504,
      "id_str": "796632655307669504",
      "indices": [
        3,
        15
      ]
    }
  ],
  "hashtags": [],
  "geo": null
},{
  "id": "1072542722815352832",
  "permalink": "",
  "username": "좌청룡입니다",
  "text": "ㄱ - 권호진 고인호 권도화 금강산 고은찬 김도현 권민\nㄷ - 도민준 도지민 독고재윤\nㅁ - 마츠카와\nㅂ - 백인겸 박지수\nㅇ - 이효모 이기원 이기찬 일지니 이시와타 이태희 이우주 요시오카 이재일\nㅈ -… https://t.co/PjUebu5dPw",
  "date": "Tue Dec 11 17:24:46 +0000 2018",
  "retweets": 0,
  "favorites": 0,
  "mentions": [],
  "hashtags": [],
  "geo": null
},{
  "id": "1072540739714863105",
  "permalink": "",
  "username": "b ♡ bin",
  "text": "RT @mignon_JJS: 작은 예찬 : 형은 그냥 귀여워요\n진성 : 알아~\n큰 예찬 : 엏ㅎㅎ\n진성 : ....어 여기 예찬이 또 있다~!\n큰 예찬 : 으이구 으이구~ 진정해~~!\n\nㅋㅋㅋㅋㅋㅋㅋㅋㅋㅋㅋㅋㅋㅋㅋㅋㅋㅋㅋㅋㅋㅋㅋㅋㅋㅋㅋㅋㅋㅋㅋㅋㅋㅋㅋ…",
  "date": "Tue Dec 11 17:16:53 +0000 2018",
  "retweets": 69,
  "favorites": 0,
  "mentions": [
    {
      "screen_name": "mignon_JJS",
      "name": "미그논",
      "id": 1069876252104830980,
      "id_str": "1069876252104830980",
      "indices": [
        3,
        14
      ]
    }
  ],
  "hashtags": [],
  "geo": null
},{
  "id": "1072537987177738241",
  "permalink": "",
  "username": "밀키스(야옹~어디간거야~돌아와)",
  "text": "RT @pcwgood: 세월호깃발을 가장 먼저 올렸고 가장 끝까지 지켰던 사람. \n촛불을 가장 먼저 들었고 가장 끝까지 지키고 있는 사람.\n세월호가 상징하는 적폐를 촛불이 상징하는 개혁으로 뚫어낼 사람.\n\n씨바. 정치인에대한 예찬은 오글거려서 안하는…",
  "date": "Tue Dec 11 17:05:57 +0000 2018",
  "retweets": 172,
  "favorites": 0,
  "mentions": [
    {
      "screen_name": "pcwgood",
      "name": "쓰러지면 밟힌다",
      "id": 199207207,
      "id_str": "199207207",
      "indices": [
        3,
        11
      ]
    }
  ],
  "hashtags": [],
  "geo": null
},{
  "id": "1072537705173659648",
  "permalink": "",
  "username": "주녀기",
  "text": "@rodaryeha_99 큰예찬이도,,, 잘부탁드려요,,",
  "date": "Tue Dec 11 17:04:50 +0000 2018",
  "retweets": 0,
  "favorites": 0,
  "mentions": [
    {
      "screen_name": "rodaryeha_99",
      "name": "다례",
      "id": 1071953014783598592,
      "id_str": "1071953014783598592",
      "indices": [
        0,
        13
      ]
    }
  ],
  "hashtags": [],
  "geo": null
},{
  "id": "1072534888199393281",
  "permalink": "",
  "username": "✨하은 시험 끝✨",
  "text": "RT @frythemall: 나 하은이라는이름인애들중에 왜케 교회다니는애들이많지 생각하다가 하은이 하나님의은혜 줄인거라는거듣고 충격먹엇어.. 그이후로 하 나 예 자로시작하는이름보면 궁예질들어감\n하나? 하나님나라? 예지? 예수님의지혜? 예은?예수님의은…",
  "date": "Tue Dec 11 16:53:38 +0000 2018",
  "retweets": 22656,
  "favorites": 0,
  "mentions": [
    {
      "screen_name": "frythemall",
      "name": "튀겨버려",
      "id": 3066199944,
      "id_str": "3066199944",
      "indices": [
        3,
        14
      ]
    }
  ],
  "hashtags": [],
  "geo": null
},{
  "id": "1072534079332106240",
  "permalink": "",
  "username": "고토부키 란",
  "text": "RT @frythemall: 나 하은이라는이름인애들중에 왜케 교회다니는애들이많지 생각하다가 하은이 하나님의은혜 줄인거라는거듣고 충격먹엇어.. 그이후로 하 나 예 자로시작하는이름보면 궁예질들어감\n하나? 하나님나라? 예지? 예수님의지혜? 예은?예수님의은…",
  "date": "Tue Dec 11 16:50:25 +0000 2018",
  "retweets": 22656,
  "favorites": 0,
  "mentions": [
    {
      "screen_name": "frythemall",
      "name": "튀겨버려",
      "id": 3066199944,
      "id_str": "3066199944",
      "indices": [
        3,
        14
      ]
    }
  ],
  "hashtags": [],
  "geo": null
},{
  "id": "1072533748296663040",
  "permalink": "",
  "username": "최태용",
  "text": "RT @pcwgood: 세월호깃발을 가장 먼저 올렸고 가장 끝까지 지켰던 사람. \n촛불을 가장 먼저 들었고 가장 끝까지 지키고 있는 사람.\n세월호가 상징하는 적폐를 촛불이 상징하는 개혁으로 뚫어낼 사람.\n\n씨바. 정치인에대한 예찬은 오글거려서 안하는…",
  "date": "Tue Dec 11 16:49:06 +0000 2018",
  "retweets": 172,
  "favorites": 0,
  "mentions": [
    {
      "screen_name": "pcwgood",
      "name": "쓰러지면 밟힌다",
      "id": 199207207,
      "id_str": "199207207",
      "indices": [
        3,
        11
      ]
    }
  ],
  "hashtags": [],
  "geo": null
},{
  "id": "1072531307157221377",
  "permalink": "",
  "username": "가루쓰 둥둥",
  "text": "우리 예찬이 그 콜라광고처럼 나와... 자꾸 한번씩 나타나는거 그거 먼쥬알지 그래서 씨발 내가 다 봐야해... 이런 한컷한컷때문에 다 보는 나 https://t.co/TMfFjQWPKF",
  "date": "Tue Dec 11 16:39:24 +0000 2018",
  "retweets": 0,
  "favorites": 0,
  "mentions": [],
  "hashtags": [],
  "geo": null
},{
  "id": "1072531225661845504",
  "permalink": "",
  "username": "진보는 생존90",
  "text": "RT @pcwgood: 세월호깃발을 가장 먼저 올렸고 가장 끝까지 지켰던 사람. \n촛불을 가장 먼저 들었고 가장 끝까지 지키고 있는 사람.\n세월호가 상징하는 적폐를 촛불이 상징하는 개혁으로 뚫어낼 사람.\n\n씨바. 정치인에대한 예찬은 오글거려서 안하는…",
  "date": "Tue Dec 11 16:39:05 +0000 2018",
  "retweets": 172,
  "favorites": 0,
  "mentions": [
    {
      "screen_name": "pcwgood",
      "name": "쓰러지면 밟힌다",
      "id": 199207207,
      "id_str": "199207207",
      "indices": [
        3,
        11
      ]
    }
  ],
  "hashtags": [],
  "geo": null
},{
  "id": "1072530111436636161",
  "permalink": "",
  "username": "김문배",
  "text": "RT @pcwgood: 세월호깃발을 가장 먼저 올렸고 가장 끝까지 지켰던 사람. \n촛불을 가장 먼저 들었고 가장 끝까지 지키고 있는 사람.\n세월호가 상징하는 적폐를 촛불이 상징하는 개혁으로 뚫어낼 사람.\n\n씨바. 정치인에대한 예찬은 오글거려서 안하는…",
  "date": "Tue Dec 11 16:34:39 +0000 2018",
  "retweets": 172,
  "favorites": 0,
  "mentions": [
    {
      "screen_name": "pcwgood",
      "name": "쓰러지면 밟힌다",
      "id": 199207207,
      "id_str": "199207207",
      "indices": [
        3,
        11
      ]
    }
  ],
  "hashtags": [],
  "geo": null
},{
  "id": "1072530014464299010",
  "permalink": "",
  "username": "Alikha Oktaryana🍑",
  "text": "RT @LOVEBOMB_chan_: 2018.12.09 언더나인틴 게릴라 이벤트 출근길\n\n예찬이 웃는게 너무 좋아 💦 항상 그렇게 예쁘게만 웃어줘 🥰 \n\n#언더나인틴 #신예찬 #shinyechan\n\n오늘도 내일도 오전도 오후도 예찬 투표하기🤙🏻 ht…",
  "date": "Tue Dec 11 16:34:16 +0000 2018",
  "retweets": 70,
  "favorites": 0,
  "mentions": [
    {
      "screen_name": "LOVEBOMB_chan_",
      "name": "ʟᴏᴠᴇ ʙᴏᴍʙ ❤️💣",
      "id": 1064153705564360705,
      "id_str": "1064153705564360705",
      "indices": [
        3,
        18
      ]
    }
  ],
  "hashtags": [
    {
      "text": "언더나인틴",
      "indices": [
        86,
        92
      ]
    },
    {
      "text": "신예찬",
      "indices": [
        93,
        97
      ]
    },
    {
      "text": "shinyechan",
      "indices": [
        98,
        109
      ]
    }
  ],
  "geo": null
},{
  "id": "1072529949825884161",
  "permalink": "",
  "username": "Alikha Oktaryana🍑",
  "text": "RT @LOVEBOMB_chan_: 2018.12.09 게릴라 이벤트 출근길 pre.\n#언더나인틴 #신예찬 #예찬 \n예찬이는 매일이 화보지 💝 https://t.co/2uhmbMg0pK",
  "date": "Tue Dec 11 16:34:01 +0000 2018",
  "retweets": 108,
  "favorites": 0,
  "mentions": [
    {
      "screen_name": "LOVEBOMB_chan_",
      "name": "ʟᴏᴠᴇ ʙᴏᴍʙ ❤️💣",
      "id": 1064153705564360705,
      "id_str": "1064153705564360705",
      "indices": [
        3,
        18
      ]
    }
  ],
  "hashtags": [
    {
      "text": "언더나인틴",
      "indices": [
        48,
        54
      ]
    },
    {
      "text": "신예찬",
      "indices": [
        55,
        59
      ]
    },
    {
      "text": "예찬",
      "indices": [
        60,
        63
      ]
    }
  ],
  "geo": null
},{
  "id": "1072529735127887872",
  "permalink": "",
  "username": "Alikha Oktaryana🍑",
  "text": "RT @LOVEBOMB_chan_: 2018.11.17 언더나인 역조공 이벤트\n-\n오늘도 내일도 예찬이 많은 투표 부탁드립니다🙏🏻\n-\n#언더나인틴 #신예찬 #shinyechan https://t.co/MZVJQbOAjz",
  "date": "Tue Dec 11 16:33:10 +0000 2018",
  "retweets": 74,
  "favorites": 0,
  "mentions": [
    {
      "screen_name": "LOVEBOMB_chan_",
      "name": "ʟᴏᴠᴇ ʙᴏᴍʙ ❤️💣",
      "id": 1064153705564360705,
      "id_str": "1064153705564360705",
      "indices": [
        3,
        18
      ]
    }
  ],
  "hashtags": [
    {
      "text": "언더나인틴",
      "indices": [
        75,
        81
      ]
    },
    {
      "text": "신예찬",
      "indices": [
        82,
        86
      ]
    },
    {
      "text": "shinyechan",
      "indices": [
        87,
        98
      ]
    }
  ],
  "geo": null
},{
  "id": "1072529696406016000",
  "permalink": "",
  "username": "Alikha Oktaryana🍑",
  "text": "RT @LOVEBOMB_chan_: 2018.11.17 언더나인 역조공 이벤트\n-\n오늘도 잊지않고 예찬이 투표하기🤙🏻\n-\n#언더나인틴 #신예찬 #shinyechan https://t.co/GH52OWZCyM",
  "date": "Tue Dec 11 16:33:00 +0000 2018",
  "retweets": 39,
  "favorites": 0,
  "mentions": [
    {
      "screen_name": "LOVEBOMB_chan_",
      "name": "ʟᴏᴠᴇ ʙᴏᴍʙ ❤️💣",
      "id": 1064153705564360705,
      "id_str": "1064153705564360705",
      "indices": [
        3,
        18
      ]
    }
  ],
  "hashtags": [
    {
      "text": "언더나인틴",
      "indices": [
        68,
        74
      ]
    },
    {
      "text": "신예찬",
      "indices": [
        75,
        79
      ]
    },
    {
      "text": "shinyechan",
      "indices": [
        80,
        91
      ]
    }
  ],
  "geo": null
},{
  "id": "1072529591074463744",
  "permalink": "",
  "username": "Alikha Oktaryana🍑",
  "text": "RT @LOVEBOMB_chan_: 예찬이 최고된다..💝 예찬이 데뷔한다..💘 \n\n#언더나인틴 #신예찬 #예찬 https://t.co/6FNRaEt76i",
  "date": "Tue Dec 11 16:32:35 +0000 2018",
  "retweets": 7,
  "favorites": 0,
  "mentions": [
    {
      "screen_name": "LOVEBOMB_chan_",
      "name": "ʟᴏᴠᴇ ʙᴏᴍʙ ❤️💣",
      "id": 1064153705564360705,
      "id_str": "1064153705564360705",
      "indices": [
        3,
        18
      ]
    }
  ],
  "hashtags": [
    {
      "text": "언더나인틴",
      "indices": [
        46,
        52
      ]
    },
    {
      "text": "신예찬",
      "indices": [
        53,
        57
      ]
    },
    {
      "text": "예찬",
      "indices": [
        58,
        61
      ]
    }
  ],
  "geo": null
},{
  "id": "1072529215608811521",
  "permalink": "",
  "username": "문재인과 이재명은 원팀이다.",
  "text": "RT @pcwgood: 세월호깃발을 가장 먼저 올렸고 가장 끝까지 지켰던 사람. \n촛불을 가장 먼저 들었고 가장 끝까지 지키고 있는 사람.\n세월호가 상징하는 적폐를 촛불이 상징하는 개혁으로 뚫어낼 사람.\n\n씨바. 정치인에대한 예찬은 오글거려서 안하는…",
  "date": "Tue Dec 11 16:31:06 +0000 2018",
  "retweets": 172,
  "favorites": 0,
  "mentions": [
    {
      "screen_name": "pcwgood",
      "name": "쓰러지면 밟힌다",
      "id": 199207207,
      "id_str": "199207207",
      "indices": [
        3,
        11
      ]
    }
  ],
  "hashtags": [],
  "geo": null
},{
  "id": "1072529126836355074",
  "permalink": "",
  "username": "🍒 지로 : 죽여줘요 🍒",
  "text": "RT @frythemall: 나 하은이라는이름인애들중에 왜케 교회다니는애들이많지 생각하다가 하은이 하나님의은혜 줄인거라는거듣고 충격먹엇어.. 그이후로 하 나 예 자로시작하는이름보면 궁예질들어감\n하나? 하나님나라? 예지? 예수님의지혜? 예은?예수님의은…",
  "date": "Tue Dec 11 16:30:45 +0000 2018",
  "retweets": 22656,
  "favorites": 0,
  "mentions": [
    {
      "screen_name": "frythemall",
      "name": "튀겨버려",
      "id": 3066199944,
      "id_str": "3066199944",
      "indices": [
        3,
        14
      ]
    }
  ],
  "hashtags": [],
  "geo": null
},{
  "id": "1072528703572377601",
  "permalink": "",
  "username": "슬픔맨",
  "text": "RT @frythemall: 나 하은이라는이름인애들중에 왜케 교회다니는애들이많지 생각하다가 하은이 하나님의은혜 줄인거라는거듣고 충격먹엇어.. 그이후로 하 나 예 자로시작하는이름보면 궁예질들어감\n하나? 하나님나라? 예지? 예수님의지혜? 예은?예수님의은…",
  "date": "Tue Dec 11 16:29:04 +0000 2018",
  "retweets": 22656,
  "favorites": 0,
  "mentions": [
    {
      "screen_name": "frythemall",
      "name": "튀겨버려",
      "id": 3066199944,
      "id_str": "3066199944",
      "indices": [
        3,
        14
      ]
    }
  ],
  "hashtags": [],
  "geo": null
},{
  "id": "1072527227458330624",
  "permalink": "",
  "username": "🍗뿌링클🍗",
  "text": "@NY4N6_33H 뽀매...포메... ?예찬..이...?",
  "date": "Tue Dec 11 16:23:12 +0000 2018",
  "retweets": 0,
  "favorites": 0,
  "mentions": [
    {
      "screen_name": "NY4N6_33H",
      "name": "💛지금 비숑한테 거짓말을 하셨나요?💜",
      "id": 963071532984451074,
      "id_str": "963071532984451074",
      "indices": [
        0,
        10
      ]
    }
  ],
  "hashtags": [],
  "geo": null
},{
  "id": "1072526362265743360",
  "permalink": "",
  "username": "또쟈",
  "text": "RT @frythemall: 나 하은이라는이름인애들중에 왜케 교회다니는애들이많지 생각하다가 하은이 하나님의은혜 줄인거라는거듣고 충격먹엇어.. 그이후로 하 나 예 자로시작하는이름보면 궁예질들어감\n하나? 하나님나라? 예지? 예수님의지혜? 예은?예수님의은…",
  "date": "Tue Dec 11 16:19:45 +0000 2018",
  "retweets": 22656,
  "favorites": 0,
  "mentions": [
    {
      "screen_name": "frythemall",
      "name": "튀겨버려",
      "id": 3066199944,
      "id_str": "3066199944",
      "indices": [
        3,
        14
      ]
    }
  ],
  "hashtags": [],
  "geo": null
},{
  "id": "1072525785188188160",
  "permalink": "",
  "username": "질소🐰",
  "text": "RT @frythemall: 나 하은이라는이름인애들중에 왜케 교회다니는애들이많지 생각하다가 하은이 하나님의은혜 줄인거라는거듣고 충격먹엇어.. 그이후로 하 나 예 자로시작하는이름보면 궁예질들어감\n하나? 하나님나라? 예지? 예수님의지혜? 예은?예수님의은…",
  "date": "Tue Dec 11 16:17:28 +0000 2018",
  "retweets": 22656,
  "favorites": 0,
  "mentions": [
    {
      "screen_name": "frythemall",
      "name": "튀겨버려",
      "id": 3066199944,
      "id_str": "3066199944",
      "indices": [
        3,
        14
      ]
    }
  ],
  "hashtags": [],
  "geo": null
},{
  "id": "1072525281657790465",
  "permalink": "",
  "username": "생명과 사랑1234",
  "text": "RT @pcwgood: 세월호깃발을 가장 먼저 올렸고 가장 끝까지 지켰던 사람. \n촛불을 가장 먼저 들었고 가장 끝까지 지키고 있는 사람.\n세월호가 상징하는 적폐를 촛불이 상징하는 개혁으로 뚫어낼 사람.\n\n씨바. 정치인에대한 예찬은 오글거려서 안하는…",
  "date": "Tue Dec 11 16:15:28 +0000 2018",
  "retweets": 172,
  "favorites": 0,
  "mentions": [
    {
      "screen_name": "pcwgood",
      "name": "쓰러지면 밟힌다",
      "id": 199207207,
      "id_str": "199207207",
      "indices": [
        3,
        11
      ]
    }
  ],
  "hashtags": [],
  "geo": null
},{
  "id": "1072525266155655168",
  "permalink": "",
  "username": "오류",
  "text": "RT @frythemall: 나 하은이라는이름인애들중에 왜케 교회다니는애들이많지 생각하다가 하은이 하나님의은혜 줄인거라는거듣고 충격먹엇어.. 그이후로 하 나 예 자로시작하는이름보면 궁예질들어감\n하나? 하나님나라? 예지? 예수님의지혜? 예은?예수님의은…",
  "date": "Tue Dec 11 16:15:24 +0000 2018",
  "retweets": 22656,
  "favorites": 0,
  "mentions": [
    {
      "screen_name": "frythemall",
      "name": "튀겨버려",
      "id": 3066199944,
      "id_str": "3066199944",
      "indices": [
        3,
        14
      ]
    }
  ],
  "hashtags": [],
  "geo": null
},{
  "id": "1072525080314421248",
  "permalink": "",
  "username": "Double M🍊",
  "text": "RT @RabbitChu_1218: 181209 강남 게릴라 \n#언더나인틴 #UNDERNINETEEN #박성원 #이예찬\n\n예찬이 귀여워하는 성원이 . . . ㄱㅇㅇ 😭❤️ https://t.co/rOvN8wZV4r",
  "date": "Tue Dec 11 16:14:40 +0000 2018",
  "retweets": 51,
  "favorites": 0,
  "mentions": [
    {
      "screen_name": "RabbitChu_1218",
      "name": "Rabbit Chu",
      "id": 1060301973239427072,
      "id_str": "1060301973239427072",
      "indices": [
        3,
        18
      ]
    }
  ],
  "hashtags": [
    {
      "text": "언더나인틴",
      "indices": [
        35,
        41
      ]
    },
    {
      "text": "UNDERNINETEEN",
      "indices": [
        42,
        56
      ]
    },
    {
      "text": "박성원",
      "indices": [
        57,
        61
      ]
    },
    {
      "text": "이예찬",
      "indices": [
        62,
        66
      ]
    }
  ],
  "geo": null
},{
  "id": "1072524323452260353",
  "permalink": "",
  "username": "예찬이만믿고간다",
  "text": "예찬 눈이 넘 예뿌당 🤤",
  "date": "Tue Dec 11 16:11:39 +0000 2018",
  "retweets": 0,
  "favorites": 0,
  "mentions": [],
  "hashtags": [],
  "geo": null
},{
  "id": "1072523664254492674",
  "permalink": "",
  "username": "꺄아아",
  "text": "RT @frythemall: 나 하은이라는이름인애들중에 왜케 교회다니는애들이많지 생각하다가 하은이 하나님의은혜 줄인거라는거듣고 충격먹엇어.. 그이후로 하 나 예 자로시작하는이름보면 궁예질들어감\n하나? 하나님나라? 예지? 예수님의지혜? 예은?예수님의은…",
  "date": "Tue Dec 11 16:09:02 +0000 2018",
  "retweets": 22656,
  "favorites": 0,
  "mentions": [
    {
      "screen_name": "frythemall",
      "name": "튀겨버려",
      "id": 3066199944,
      "id_str": "3066199944",
      "indices": [
        3,
        14
      ]
    }
  ],
  "hashtags": [],
  "geo": null
},{
  "id": "1072523155900641282",
  "permalink": "",
  "username": "💖커미션 수요조사중 붱붱붱💖",
  "text": "RT @frythemall: 나 하은이라는이름인애들중에 왜케 교회다니는애들이많지 생각하다가 하은이 하나님의은혜 줄인거라는거듣고 충격먹엇어.. 그이후로 하 나 예 자로시작하는이름보면 궁예질들어감\n하나? 하나님나라? 예지? 예수님의지혜? 예은?예수님의은…",
  "date": "Tue Dec 11 16:07:01 +0000 2018",
  "retweets": 22656,
  "favorites": 0,
  "mentions": [
    {
      "screen_name": "frythemall",
      "name": "튀겨버려",
      "id": 3066199944,
      "id_str": "3066199944",
      "indices": [
        3,
        14
      ]
    }
  ],
  "hashtags": [],
  "geo": null
},{
  "id": "1072522761967468544",
  "permalink": "",
  "username": "[선거나앞2기 준비중]얼음",
  "text": "RT @frythemall: 나 하은이라는이름인애들중에 왜케 교회다니는애들이많지 생각하다가 하은이 하나님의은혜 줄인거라는거듣고 충격먹엇어.. 그이후로 하 나 예 자로시작하는이름보면 궁예질들어감\n하나? 하나님나라? 예지? 예수님의지혜? 예은?예수님의은…",
  "date": "Tue Dec 11 16:05:27 +0000 2018",
  "retweets": 22656,
  "favorites": 0,
  "mentions": [
    {
      "screen_name": "frythemall",
      "name": "튀겨버려",
      "id": 3066199944,
      "id_str": "3066199944",
      "indices": [
        3,
        14
      ]
    }
  ],
  "hashtags": [],
  "geo": null
},{
  "id": "1072522301978132482",
  "permalink": "",
  "username": "예찬이만믿고간다",
  "text": "@mydream_514 저흰 이미 친구지만,, 많은 얘기를 해보지않아서 멘션보냅니다 •• 예찬이 주접 같이 많이많이 떨어여 •• 🥰",
  "date": "Tue Dec 11 16:03:37 +0000 2018",
  "retweets": 0,
  "favorites": 1,
  "mentions": [
    {
      "screen_name": "mydream_514",
      "name": "유메",
      "id": 1058245564150640642,
      "id_str": "1058245564150640642",
      "indices": [
        0,
        12
      ]
    }
  ],
  "hashtags": [],
  "geo": null
},{
  "id": "1072522071698219008",
  "permalink": "",
  "username": "[ 꽃가람고 부괄 (신청서접수!!) ] 🖤잉기님🍤💙",
  "text": "RT @frythemall: 나 하은이라는이름인애들중에 왜케 교회다니는애들이많지 생각하다가 하은이 하나님의은혜 줄인거라는거듣고 충격먹엇어.. 그이후로 하 나 예 자로시작하는이름보면 궁예질들어감\n하나? 하나님나라? 예지? 예수님의지혜? 예은?예수님의은…",
  "date": "Tue Dec 11 16:02:43 +0000 2018",
  "retweets": 22656,
  "favorites": 0,
  "mentions": [
    {
      "screen_name": "frythemall",
      "name": "튀겨버려",
      "id": 3066199944,
      "id_str": "3066199944",
      "indices": [
        3,
        14
      ]
    }
  ],
  "hashtags": [],
  "geo": null
},{
  "id": "1072521780726779904",
  "permalink": "",
  "username": "오늘도 맑음, 지금은 몇 시?",
  "text": "예찬이 서후에게 무어라 굿나잇 인사를 하면 좋을지 고민하는 오전 1시. 밤은 천천히 깊어만 가고 있다.",
  "date": "Tue Dec 11 16:01:33 +0000 2018",
  "retweets": 0,
  "favorites": 0,
  "mentions": [],
  "hashtags": [],
  "geo": null
},{
  "id": "1072521753434435586",
  "permalink": "",
  "username": "🍓구판님🍋",
  "text": "RT @frythemall: 나 하은이라는이름인애들중에 왜케 교회다니는애들이많지 생각하다가 하은이 하나님의은혜 줄인거라는거듣고 충격먹엇어.. 그이후로 하 나 예 자로시작하는이름보면 궁예질들어감\n하나? 하나님나라? 예지? 예수님의지혜? 예은?예수님의은…",
  "date": "Tue Dec 11 16:01:27 +0000 2018",
  "retweets": 22656,
  "favorites": 0,
  "mentions": [
    {
      "screen_name": "frythemall",
      "name": "튀겨버려",
      "id": 3066199944,
      "id_str": "3066199944",
      "indices": [
        3,
        14
      ]
    }
  ],
  "hashtags": [],
  "geo": null
},{
  "id": "1072521475268194304",
  "permalink": "",
  "username": "무직형 ㅏ랑",
  "text": "RT @jecristonom: \"로베르트 무질의 동시대인들은 그의 책들보다는 그의 지성을 훨씬 예찬했다. 그들의 견해에 의하면 그가 소설이 아니라 에세이를 써야 했다는 것이다. 이 견해를 반박하는 데는 단 하나의 부정적 증거만으로도 충분하다. 무질의…",
  "date": "Tue Dec 11 16:00:20 +0000 2018",
  "retweets": 5,
  "favorites": 0,
  "mentions": [
    {
      "screen_name": "jecristonom",
      "name": "Yoon Kim",
      "id": 796632655307669504,
      "id_str": "796632655307669504",
      "indices": [
        3,
        15
      ]
    }
  ],
  "hashtags": [],
  "geo": null
}]