[{
  "id": "1071917319495008261",
  "permalink": "",
  "username": "끼토토",
  "text": "RT @frythemall: 나 하은이라는이름인애들중에 왜케 교회다니는애들이많지 생각하다가 하은이 하나님의은혜 줄인거라는거듣고 충격먹엇어.. 그이후로 하 나 예 자로시작하는이름보면 궁예질들어감\n하나? 하나님나라? 예지? 예수님의지혜? 예은?예수님의은…",
  "date": "Sun Dec 09 23:59:38 +0000 2018",
  "retweets": 22656,
  "favorites": 0,
  "mentions": [
    {
      "screen_name": "frythemall",
      "name": "튀겨버려",
      "id": 3066199944,
      "id_str": "3066199944",
      "indices": [
        3,
        14
      ]
    }
  ],
  "hashtags": [],
  "geo": null
},{
  "id": "1071915662946197504",
  "permalink": "",
  "username": "김 링딩동링딩동 링디기디기링딩동",
  "text": "RT @lesmy2017: 이야기 셋! 사이다는 가짜입니다! \n\n사이다 예찬하던 사람들!\n김빠진 사이다인 것 알고\n이거 설탕물이잖여!\n이젠 뭘 마셔야 하는고....\n\n탄산의 세계엔\n사이다만 있는 게 아닙니다!\n치느님과 단짝인 콜라도 있고 \n콜라 친구…",
  "date": "Sun Dec 09 23:53:03 +0000 2018",
  "retweets": 29,
  "favorites": 0,
  "mentions": [
    {
      "screen_name": "lesmy2017",
      "name": "#천원문파 레미! #아고라 문파님들 환영합니다!👍 #중앙선관위안을 지지합니다!👍",
      "id": 62868446,
      "id_str": "62868446",
      "indices": [
        3,
        13
      ]
    }
  ],
  "hashtags": [],
  "geo": null
},{
  "id": "1071914458761416705",
  "permalink": "",
  "username": "[고운산소]건리우601❤선한253",
  "text": "@POSTIRRE 안녕하세요 예찬이 오너님 고운이 걔 엄마 산솝니다ㅜㅠㅜ",
  "date": "Sun Dec 09 23:48:16 +0000 2018",
  "retweets": 0,
  "favorites": 0,
  "mentions": [
    {
      "screen_name": "POSTIRRE",
      "name": "한가람 넌 내꺼야 ! 이레",
      "id": 901076738678980609,
      "id_str": "901076738678980609",
      "indices": [
        0,
        9
      ]
    }
  ],
  "hashtags": [],
  "geo": null
},{
  "id": "1071913670861447168",
  "permalink": "",
  "username": "뚜우",
  "text": "RT @fox_jungwoo: 현재까지 소속사 공개된 맴버\nHNB 김정우 코스케 해피페이스\n유용하(위키드) 김준서 위엔터\nㅇㅇㅅ 김시현 춘엔터\n스타힐 보이즈 정진성 임형빈 이승환 송병희 전도염 페이브\ndsp boyz이상민 박시영 전찬빈 송재원 강준혁…",
  "date": "Sun Dec 09 23:45:08 +0000 2018",
  "retweets": 23,
  "favorites": 0,
  "mentions": [
    {
      "screen_name": "fox_jungwoo",
      "name": "김정우 주문 코스케 으르렁 사막여우🦊",
      "id": 958330567220604928,
      "id_str": "958330567220604928",
      "indices": [
        3,
        15
      ]
    }
  ],
  "hashtags": [],
  "geo": null
},{
  "id": "1071910268194549761",
  "permalink": "",
  "username": "제이창 데뷔하자 ㅜㅜ",
  "text": "RT @h_2min: 😳\n내 심장이......... 헉! \n\n#신예찬 #언더나인틴 #예찬 #shinyechan #yechan #UNDERNINETEEN #Under19 https://t.co/NKE3FnyRA1",
  "date": "Sun Dec 09 23:31:37 +0000 2018",
  "retweets": 4,
  "favorites": 0,
  "mentions": [
    {
      "screen_name": "h_2min",
      "name": "갓예찬0514",
      "id": 4533514032,
      "id_str": "4533514032",
      "indices": [
        3,
        10
      ]
    }
  ],
  "hashtags": [
    {
      "text": "신예찬",
      "indices": [
        34,
        38
      ]
    },
    {
      "text": "언더나인틴",
      "indices": [
        39,
        45
      ]
    },
    {
      "text": "예찬",
      "indices": [
        46,
        49
      ]
    },
    {
      "text": "shinyechan",
      "indices": [
        50,
        61
      ]
    },
    {
      "text": "yechan",
      "indices": [
        62,
        69
      ]
    },
    {
      "text": "UNDERNINETEEN",
      "indices": [
        70,
        84
      ]
    },
    {
      "text": "Under19",
      "indices": [
        85,
        93
      ]
    }
  ],
  "geo": null
},{
  "id": "1071909446933110786",
  "permalink": "",
  "username": "예누나",
  "text": "이예찬 팬들 맞팔했다~ (✪ω✪)",
  "date": "Sun Dec 09 23:28:21 +0000 2018",
  "retweets": 0,
  "favorites": 0,
  "mentions": [],
  "hashtags": [],
  "geo": null
},{
  "id": "1071909178610921473",
  "permalink": "",
  "username": "arc",
  "text": "RT @h_2min: 😳\n내 심장이......... 헉! \n\n#신예찬 #언더나인틴 #예찬 #shinyechan #yechan #UNDERNINETEEN #Under19 https://t.co/NKE3FnyRA1",
  "date": "Sun Dec 09 23:27:17 +0000 2018",
  "retweets": 4,
  "favorites": 0,
  "mentions": [
    {
      "screen_name": "h_2min",
      "name": "갓예찬0514",
      "id": 4533514032,
      "id_str": "4533514032",
      "indices": [
        3,
        10
      ]
    }
  ],
  "hashtags": [
    {
      "text": "신예찬",
      "indices": [
        34,
        38
      ]
    },
    {
      "text": "언더나인틴",
      "indices": [
        39,
        45
      ]
    },
    {
      "text": "예찬",
      "indices": [
        46,
        49
      ]
    },
    {
      "text": "shinyechan",
      "indices": [
        50,
        61
      ]
    },
    {
      "text": "yechan",
      "indices": [
        62,
        69
      ]
    },
    {
      "text": "UNDERNINETEEN",
      "indices": [
        70,
        84
      ]
    },
    {
      "text": "Under19",
      "indices": [
        85,
        93
      ]
    }
  ],
  "geo": null
},{
  "id": "1071904699698229248",
  "permalink": "",
  "username": "win 👼🏻 예창이",
  "text": "RT @radiant_syc: 181209 강남 게릴라 공연 #언더나인틴 #신예찬 #UNDERNINETEEN\n\n예찬이 안녕🤗 추운 날씨에도 불구하고 멋진 공연해줘서 고마오~~💓 https://t.co/dW78bVkOEu",
  "date": "Sun Dec 09 23:09:30 +0000 2018",
  "retweets": 74,
  "favorites": 0,
  "mentions": [
    {
      "screen_name": "radiant_syc",
      "name": "RADIANT",
      "id": 1070682451758829568,
      "id_str": "1070682451758829568",
      "indices": [
        3,
        15
      ]
    }
  ],
  "hashtags": [
    {
      "text": "언더나인틴",
      "indices": [
        34,
        40
      ]
    },
    {
      "text": "신예찬",
      "indices": [
        41,
        45
      ]
    },
    {
      "text": "UNDERNINETEEN",
      "indices": [
        46,
        60
      ]
    }
  ],
  "geo": null
},{
  "id": "1071902332537819136",
  "permalink": "",
  "username": "지금 이 시각 서지경은?",
  "text": "잘생긴 예찬이가 오전 8시를 알려드립니다. 다들 잠은 집에 가서 자세요. 왜 시체가 되어있어.",
  "date": "Sun Dec 09 23:00:05 +0000 2018",
  "retweets": 0,
  "favorites": 0,
  "mentions": [],
  "hashtags": [],
  "geo": null
},{
  "id": "1071895478038552576",
  "permalink": "",
  "username": "니치(해킹당햇엇음)",
  "text": "크리스천들의 은밀한 자녀 작명법(예찬이 예준이..)에 대한 거울쌍으로 80년대-90년대 초반생에는 전직 운동권 시민들의 은밀한 작명법이 존재한다. 민주 민정이 민희.. 일단 이름에 민짜 들어가면 성분을 의심해보도록 하자",
  "date": "Sun Dec 09 22:32:51 +0000 2018",
  "retweets": 1,
  "favorites": 3,
  "mentions": [],
  "hashtags": [],
  "geo": null
},{
  "id": "1071892034921869318",
  "permalink": "",
  "username": "체리 🌸 | Check Pinned!",
  "text": "RT @m_mmmm56: 예찬이 ㄹㅇ진지하게 1분동안 춤춘거ㅋㅋㅋㅋㅋㅋ예찬아미안 왤케 기냐고 했음 #신예찬 https://t.co/FetUa2YJze",
  "date": "Sun Dec 09 22:19:10 +0000 2018",
  "retweets": 13,
  "favorites": 0,
  "mentions": [
    {
      "screen_name": "m_mmmm56",
      "name": "미뇽이",
      "id": 1071063400770224128,
      "id_str": "1071063400770224128",
      "indices": [
        3,
        12
      ]
    }
  ],
  "hashtags": [
    {
      "text": "신예찬",
      "indices": [
        55,
        59
      ]
    }
  ],
  "geo": null
},{
  "id": "1071890857681334272",
  "permalink": "",
  "username": "arc",
  "text": "RT @m_mmmm56: 예찬이 ㄹㅇ진지하게 1분동안 춤춘거ㅋㅋㅋㅋㅋㅋ예찬아미안 왤케 기냐고 했음 #신예찬 https://t.co/FetUa2YJze",
  "date": "Sun Dec 09 22:14:29 +0000 2018",
  "retweets": 13,
  "favorites": 0,
  "mentions": [
    {
      "screen_name": "m_mmmm56",
      "name": "미뇽이",
      "id": 1071063400770224128,
      "id_str": "1071063400770224128",
      "indices": [
        3,
        12
      ]
    }
  ],
  "hashtags": [
    {
      "text": "신예찬",
      "indices": [
        55,
        59
      ]
    }
  ],
  "geo": null
},{
  "id": "1071889878038671360",
  "permalink": "",
  "username": "라면사리",
  "text": "RT @Bang_Cherry_13: 보이세요 예찬이가 저한태 인사해조써여 ㅠㅠㅠㅠㅜㅠㅠㅠㅠㅠ 넘 당황해서 카메라 바르끄고 소리지름 ㅋㅋㅋㅋㅋㅋㅋㅋㅋㅋ \n\n#언더나인틴 #신예찬 https://t.co/rHTgJG4bch",
  "date": "Sun Dec 09 22:10:36 +0000 2018",
  "retweets": 34,
  "favorites": 0,
  "mentions": [
    {
      "screen_name": "Bang_Cherry_13",
      "name": "체리🍒",
      "id": 2317133671,
      "id_str": "2317133671",
      "indices": [
        3,
        18
      ]
    }
  ],
  "hashtags": [
    {
      "text": "언더나인틴",
      "indices": [
        86,
        92
      ]
    },
    {
      "text": "신예찬",
      "indices": [
        93,
        97
      ]
    }
  ],
  "geo": null
},{
  "id": "1071889661788704768",
  "permalink": "",
  "username": "Renati Karromah",
  "text": "RT @Yechan_Fan: 예찬이 오빠 1위 하게 해주세요~~\n\n#언더나인틴 #신예찬 #UNDERNINETEEN #shinyechan #UNDER19 https://t.co/zv4XeQoBwb",
  "date": "Sun Dec 09 22:09:44 +0000 2018",
  "retweets": 56,
  "favorites": 0,
  "mentions": [
    {
      "screen_name": "Yechan_Fan",
      "name": "예차니",
      "id": 1057982797376188417,
      "id_str": "1057982797376188417",
      "indices": [
        3,
        14
      ]
    }
  ],
  "hashtags": [
    {
      "text": "언더나인틴",
      "indices": [
        37,
        43
      ]
    },
    {
      "text": "신예찬",
      "indices": [
        44,
        48
      ]
    },
    {
      "text": "UNDERNINETEEN",
      "indices": [
        49,
        63
      ]
    },
    {
      "text": "shinyechan",
      "indices": [
        64,
        75
      ]
    },
    {
      "text": "UNDER19",
      "indices": [
        76,
        84
      ]
    }
  ],
  "geo": null
},{
  "id": "1071889269088649217",
  "permalink": "",
  "username": "Aaron J. Deschamps",
  "text": "RT @LOVEBOMB_chan_: 2018.12.09 게릴라 이벤트 출근길 pre.\n#언더나인틴 #신예찬 #예찬 \n예찬이는 매일이 화보지 💝 https://t.co/2uhmbMg0pK",
  "date": "Sun Dec 09 22:08:11 +0000 2018",
  "retweets": 108,
  "favorites": 0,
  "mentions": [
    {
      "screen_name": "LOVEBOMB_chan_",
      "name": "ʟᴏᴠᴇ ʙᴏᴍʙ ❤️💣",
      "id": 1064153705564360705,
      "id_str": "1064153705564360705",
      "indices": [
        3,
        18
      ]
    }
  ],
  "hashtags": [
    {
      "text": "언더나인틴",
      "indices": [
        48,
        54
      ]
    },
    {
      "text": "신예찬",
      "indices": [
        55,
        59
      ]
    },
    {
      "text": "예찬",
      "indices": [
        60,
        63
      ]
    }
  ],
  "geo": null
},{
  "id": "1071889141510496256",
  "permalink": "",
  "username": "Aaron J. Deschamps",
  "text": "RT @Yechan_Fan: 보컬팀의 럽미라잇 9초 맛보기\n예찬이가 또 센터야!!!\n\n#언더나인틴 #신예찬 #UNDERNINETEEN #UNDER19 #shinyechan https://t.co/BxxWcItZ9G",
  "date": "Sun Dec 09 22:07:40 +0000 2018",
  "retweets": 17,
  "favorites": 0,
  "mentions": [
    {
      "screen_name": "Yechan_Fan",
      "name": "예차니",
      "id": 1057982797376188417,
      "id_str": "1057982797376188417",
      "indices": [
        3,
        14
      ]
    }
  ],
  "hashtags": [
    {
      "text": "언더나인틴",
      "indices": [
        48,
        54
      ]
    },
    {
      "text": "신예찬",
      "indices": [
        55,
        59
      ]
    },
    {
      "text": "UNDERNINETEEN",
      "indices": [
        60,
        74
      ]
    },
    {
      "text": "UNDER19",
      "indices": [
        75,
        83
      ]
    },
    {
      "text": "shinyechan",
      "indices": [
        84,
        95
      ]
    }
  ],
  "geo": null
},{
  "id": "1071879856520974336",
  "permalink": "",
  "username": "Dalgiel Hamlihn",
  "text": "어 ..어린이의 사정이라는 것도 있는 법이야.. (시선 피함) ....? ...!! ...!! 예찬이는 천재야..? 그런 생각 못했어... (감탄)",
  "date": "Sun Dec 09 21:30:47 +0000 2018",
  "retweets": 0,
  "favorites": 0,
  "mentions": [],
  "hashtags": [],
  "geo": null
},{
  "id": "1071872719396974593",
  "permalink": "",
  "username": "andy0_0❤",
  "text": "RT @Yechan_Fan: 뼛속까지 착한 우리 선비 예찬이 ㅠㅠ\n\n#언더나인틴 #신예찬 #undernineteen #shinyechan #UNDER19 https://t.co/DE50kymhGq",
  "date": "Sun Dec 09 21:02:25 +0000 2018",
  "retweets": 31,
  "favorites": 0,
  "mentions": [
    {
      "screen_name": "Yechan_Fan",
      "name": "예차니",
      "id": 1057982797376188417,
      "id_str": "1057982797376188417",
      "indices": [
        3,
        14
      ]
    }
  ],
  "hashtags": [
    {
      "text": "언더나인틴",
      "indices": [
        38,
        44
      ]
    },
    {
      "text": "신예찬",
      "indices": [
        45,
        49
      ]
    },
    {
      "text": "undernineteen",
      "indices": [
        50,
        64
      ]
    },
    {
      "text": "shinyechan",
      "indices": [
        65,
        76
      ]
    },
    {
      "text": "UNDER19",
      "indices": [
        77,
        85
      ]
    }
  ],
  "geo": null
},{
  "id": "1071856693728833536",
  "permalink": "",
  "username": "진성",
  "text": "RT @bkjghy1219: 진성이가 알려줬어 진짜 애기다 예찬아,,, ㅠㅜㅜ\n\n#언더나인틴 #보컬팀 #정진성 #랩팀 #이예찬 #언더나인틴_게릴라공연 https://t.co/8VIzsJgMY4",
  "date": "Sun Dec 09 19:58:44 +0000 2018",
  "retweets": 26,
  "favorites": 0,
  "mentions": [
    {
      "screen_name": "bkjghy1219",
      "name": "주녀기",
      "id": 1063814914014232577,
      "id_str": "1063814914014232577",
      "indices": [
        3,
        14
      ]
    }
  ],
  "hashtags": [
    {
      "text": "언더나인틴",
      "indices": [
        45,
        51
      ]
    },
    {
      "text": "보컬팀",
      "indices": [
        52,
        56
      ]
    },
    {
      "text": "정진성",
      "indices": [
        57,
        61
      ]
    },
    {
      "text": "랩팀",
      "indices": [
        62,
        65
      ]
    },
    {
      "text": "이예찬",
      "indices": [
        66,
        70
      ]
    },
    {
      "text": "언더나인틴_게릴라공연",
      "indices": [
        71,
        83
      ]
    }
  ],
  "geo": null
},{
  "id": "1071854481288060928",
  "permalink": "",
  "username": "🌼천사☄",
  "text": "RT @frythemall: 나 하은이라는이름인애들중에 왜케 교회다니는애들이많지 생각하다가 하은이 하나님의은혜 줄인거라는거듣고 충격먹엇어.. 그이후로 하 나 예 자로시작하는이름보면 궁예질들어감\n하나? 하나님나라? 예지? 예수님의지혜? 예은?예수님의은…",
  "date": "Sun Dec 09 19:49:57 +0000 2018",
  "retweets": 22656,
  "favorites": 0,
  "mentions": [
    {
      "screen_name": "frythemall",
      "name": "튀겨버려",
      "id": 3066199944,
      "id_str": "3066199944",
      "indices": [
        3,
        14
      ]
    }
  ],
  "hashtags": [],
  "geo": null
},{
  "id": "1071844227863068672",
  "permalink": "",
  "username": "Rey",
  "text": "RT @Yechan_Fan: 언더나인틴 보컬팀의 얼굴 예찬이와 진성이 ♡♡♡♡\n\n#언더나인틴 #신예찬 #UNDERNINETEEN #UNDER19 #shinyechan #정진성 #JUNGJINSUNG https://t.co/R4oUIBYAhY",
  "date": "Sun Dec 09 19:09:12 +0000 2018",
  "retweets": 46,
  "favorites": 0,
  "mentions": [
    {
      "screen_name": "Yechan_Fan",
      "name": "예차니",
      "id": 1057982797376188417,
      "id_str": "1057982797376188417",
      "indices": [
        3,
        14
      ]
    }
  ],
  "hashtags": [
    {
      "text": "언더나인틴",
      "indices": [
        45,
        51
      ]
    },
    {
      "text": "신예찬",
      "indices": [
        52,
        56
      ]
    },
    {
      "text": "UNDERNINETEEN",
      "indices": [
        57,
        71
      ]
    },
    {
      "text": "UNDER19",
      "indices": [
        72,
        80
      ]
    },
    {
      "text": "shinyechan",
      "indices": [
        81,
        92
      ]
    },
    {
      "text": "정진성",
      "indices": [
        93,
        97
      ]
    },
    {
      "text": "JUNGJINSUNG",
      "indices": [
        98,
        110
      ]
    }
  ],
  "geo": null
},{
  "id": "1071840921342291969",
  "permalink": "",
  "username": "Aaron J. Deschamps",
  "text": "RT @Baery_0106: 예찬이를 귀여워 하는 귀여운 현준이 \n#언더나인틴 #배현준 #현준 #언더나인틴_게릴라공연 https://t.co/VX4r3CFUh3",
  "date": "Sun Dec 09 18:56:04 +0000 2018",
  "retweets": 14,
  "favorites": 0,
  "mentions": [
    {
      "screen_name": "Baery_0106",
      "name": "베리",
      "id": 967770012571201536,
      "id_str": "967770012571201536",
      "indices": [
        3,
        14
      ]
    }
  ],
  "hashtags": [
    {
      "text": "언더나인틴",
      "indices": [
        37,
        43
      ]
    },
    {
      "text": "배현준",
      "indices": [
        44,
        48
      ]
    },
    {
      "text": "현준",
      "indices": [
        49,
        52
      ]
    },
    {
      "text": "언더나인틴_게릴라공연",
      "indices": [
        53,
        65
      ]
    }
  ],
  "geo": null
},{
  "id": "1071840493917691907",
  "permalink": "",
  "username": "예찬",
  "text": "RT @Yechan_Fan: 뼛속까지 착한 우리 선비 예찬이 ㅠㅠ\n\n#언더나인틴 #신예찬 #undernineteen #shinyechan #UNDER19 https://t.co/DE50kymhGq",
  "date": "Sun Dec 09 18:54:22 +0000 2018",
  "retweets": 31,
  "favorites": 0,
  "mentions": [
    {
      "screen_name": "Yechan_Fan",
      "name": "예차니",
      "id": 1057982797376188417,
      "id_str": "1057982797376188417",
      "indices": [
        3,
        14
      ]
    }
  ],
  "hashtags": [
    {
      "text": "언더나인틴",
      "indices": [
        38,
        44
      ]
    },
    {
      "text": "신예찬",
      "indices": [
        45,
        49
      ]
    },
    {
      "text": "undernineteen",
      "indices": [
        50,
        64
      ]
    },
    {
      "text": "shinyechan",
      "indices": [
        65,
        76
      ]
    },
    {
      "text": "UNDER19",
      "indices": [
        77,
        85
      ]
    }
  ],
  "geo": null
},{
  "id": "1071840474984521732",
  "permalink": "",
  "username": "예찬",
  "text": "RT @Yechan_Fan: 예찬이 오빠 1위 하게 해주세요~~\n\n#언더나인틴 #신예찬 #UNDERNINETEEN #shinyechan #UNDER19 https://t.co/zv4XeQoBwb",
  "date": "Sun Dec 09 18:54:17 +0000 2018",
  "retweets": 56,
  "favorites": 0,
  "mentions": [
    {
      "screen_name": "Yechan_Fan",
      "name": "예차니",
      "id": 1057982797376188417,
      "id_str": "1057982797376188417",
      "indices": [
        3,
        14
      ]
    }
  ],
  "hashtags": [
    {
      "text": "언더나인틴",
      "indices": [
        37,
        43
      ]
    },
    {
      "text": "신예찬",
      "indices": [
        44,
        48
      ]
    },
    {
      "text": "UNDERNINETEEN",
      "indices": [
        49,
        63
      ]
    },
    {
      "text": "shinyechan",
      "indices": [
        64,
        75
      ]
    },
    {
      "text": "UNDER19",
      "indices": [
        76,
        84
      ]
    }
  ],
  "geo": null
},{
  "id": "1071839370187956224",
  "permalink": "",
  "username": "Aaron J. Deschamps",
  "text": "RT @Bang_Cherry_13: 보이세요 예찬이가 저한태 인사해조써여 ㅠㅠㅠㅠㅜㅠㅠㅠㅠㅠ 넘 당황해서 카메라 바르끄고 소리지름 ㅋㅋㅋㅋㅋㅋㅋㅋㅋㅋ \n\n#언더나인틴 #신예찬 https://t.co/rHTgJG4bch",
  "date": "Sun Dec 09 18:49:54 +0000 2018",
  "retweets": 34,
  "favorites": 0,
  "mentions": [
    {
      "screen_name": "Bang_Cherry_13",
      "name": "체리🍒",
      "id": 2317133671,
      "id_str": "2317133671",
      "indices": [
        3,
        18
      ]
    }
  ],
  "hashtags": [
    {
      "text": "언더나인틴",
      "indices": [
        86,
        92
      ]
    },
    {
      "text": "신예찬",
      "indices": [
        93,
        97
      ]
    }
  ],
  "geo": null
},{
  "id": "1071838501883105280",
  "permalink": "",
  "username": "Aaron J. Deschamps",
  "text": "RT @h_2min: 😳\n내 심장이......... 헉! \n\n#신예찬 #언더나인틴 #예찬 #shinyechan #yechan #UNDERNINETEEN #Under19 https://t.co/NKE3FnyRA1",
  "date": "Sun Dec 09 18:46:27 +0000 2018",
  "retweets": 4,
  "favorites": 0,
  "mentions": [
    {
      "screen_name": "h_2min",
      "name": "선비찬♡",
      "id": 4533514032,
      "id_str": "4533514032",
      "indices": [
        3,
        10
      ]
    }
  ],
  "hashtags": [
    {
      "text": "신예찬",
      "indices": [
        34,
        38
      ]
    },
    {
      "text": "언더나인틴",
      "indices": [
        39,
        45
      ]
    },
    {
      "text": "예찬",
      "indices": [
        46,
        49
      ]
    },
    {
      "text": "shinyechan",
      "indices": [
        50,
        61
      ]
    },
    {
      "text": "yechan",
      "indices": [
        62,
        69
      ]
    },
    {
      "text": "UNDERNINETEEN",
      "indices": [
        70,
        84
      ]
    },
    {
      "text": "Under19",
      "indices": [
        85,
        93
      ]
    }
  ],
  "geo": null
},{
  "id": "1071838238183186435",
  "permalink": "",
  "username": "예찬",
  "text": "RT @jej991008: 20181209 #언더나인틴_게릴라공연\n#신예찬 잘 생겼어 ㅠㅠ 예찬이ㅣㅣ https://t.co/iENVpRoDQ4",
  "date": "Sun Dec 09 18:45:24 +0000 2018",
  "retweets": 14,
  "favorites": 0,
  "mentions": [
    {
      "screen_name": "jej991008",
      "name": "후니워니❤🐰🐶",
      "id": 999256650413359106,
      "id_str": "999256650413359106",
      "indices": [
        3,
        13
      ]
    }
  ],
  "hashtags": [
    {
      "text": "언더나인틴_게릴라공연",
      "indices": [
        24,
        36
      ]
    },
    {
      "text": "신예찬",
      "indices": [
        37,
        41
      ]
    }
  ],
  "geo": null
},{
  "id": "1071836742058106885",
  "permalink": "",
  "username": "Aaron J. Deschamps",
  "text": "RT @bkjghy1219: 진성이가 알려줬어 진짜 애기다 예찬아,,, ㅠㅜㅜ\n\n#언더나인틴 #보컬팀 #정진성 #랩팀 #이예찬 #언더나인틴_게릴라공연 https://t.co/8VIzsJgMY4",
  "date": "Sun Dec 09 18:39:27 +0000 2018",
  "retweets": 26,
  "favorites": 0,
  "mentions": [
    {
      "screen_name": "bkjghy1219",
      "name": "주녀기",
      "id": 1063814914014232577,
      "id_str": "1063814914014232577",
      "indices": [
        3,
        14
      ]
    }
  ],
  "hashtags": [
    {
      "text": "언더나인틴",
      "indices": [
        45,
        51
      ]
    },
    {
      "text": "보컬팀",
      "indices": [
        52,
        56
      ]
    },
    {
      "text": "정진성",
      "indices": [
        57,
        61
      ]
    },
    {
      "text": "랩팀",
      "indices": [
        62,
        65
      ]
    },
    {
      "text": "이예찬",
      "indices": [
        66,
        70
      ]
    },
    {
      "text": "언더나인틴_게릴라공연",
      "indices": [
        71,
        83
      ]
    }
  ],
  "geo": null
},{
  "id": "1071835048230309888",
  "permalink": "",
  "username": "Nur Inayah R ∞",
  "text": "RT @Yechan_Fan: 뼛속까지 착한 우리 선비 예찬이 ㅠㅠ\n\n#언더나인틴 #신예찬 #undernineteen #shinyechan #UNDER19 https://t.co/DE50kymhGq",
  "date": "Sun Dec 09 18:32:43 +0000 2018",
  "retweets": 31,
  "favorites": 0,
  "mentions": [
    {
      "screen_name": "Yechan_Fan",
      "name": "예차니",
      "id": 1057982797376188417,
      "id_str": "1057982797376188417",
      "indices": [
        3,
        14
      ]
    }
  ],
  "hashtags": [
    {
      "text": "언더나인틴",
      "indices": [
        38,
        44
      ]
    },
    {
      "text": "신예찬",
      "indices": [
        45,
        49
      ]
    },
    {
      "text": "undernineteen",
      "indices": [
        50,
        64
      ]
    },
    {
      "text": "shinyechan",
      "indices": [
        65,
        76
      ]
    },
    {
      "text": "UNDER19",
      "indices": [
        77,
        85
      ]
    }
  ],
  "geo": null
},{
  "id": "1071834725109526528",
  "permalink": "",
  "username": "Nur Inayah R ∞",
  "text": "RT @LOVEBOMB_chan_: 2018.12.09 게릴라 이벤트 출근길 pre.\n#언더나인틴 #신예찬 #예찬 \n예찬이는 매일이 화보지 💝 https://t.co/2uhmbMg0pK",
  "date": "Sun Dec 09 18:31:26 +0000 2018",
  "retweets": 108,
  "favorites": 0,
  "mentions": [
    {
      "screen_name": "LOVEBOMB_chan_",
      "name": "♥ ʟᴏᴠᴇ ʙᴏᴍʙ ♥",
      "id": 1064153705564360705,
      "id_str": "1064153705564360705",
      "indices": [
        3,
        18
      ]
    }
  ],
  "hashtags": [
    {
      "text": "언더나인틴",
      "indices": [
        48,
        54
      ]
    },
    {
      "text": "신예찬",
      "indices": [
        55,
        59
      ]
    },
    {
      "text": "예찬",
      "indices": [
        60,
        63
      ]
    }
  ],
  "geo": null
},{
  "id": "1071833837288783873",
  "permalink": "",
  "username": "예찬",
  "text": "RT @radiant_syc: 181209 강남 게릴라 공연 #언더나인틴 #신예찬 #UNDERNINETEEN\n\n예찬이 안녕🤗 추운 날씨에도 불구하고 멋진 공연해줘서 고마오~~💓 https://t.co/dW78bVkOEu",
  "date": "Sun Dec 09 18:27:55 +0000 2018",
  "retweets": 74,
  "favorites": 0,
  "mentions": [
    {
      "screen_name": "radiant_syc",
      "name": "RADIANT",
      "id": 1070682451758829568,
      "id_str": "1070682451758829568",
      "indices": [
        3,
        15
      ]
    }
  ],
  "hashtags": [
    {
      "text": "언더나인틴",
      "indices": [
        34,
        40
      ]
    },
    {
      "text": "신예찬",
      "indices": [
        41,
        45
      ]
    },
    {
      "text": "UNDERNINETEEN",
      "indices": [
        46,
        60
      ]
    }
  ],
  "geo": null
},{
  "id": "1071833817957027840",
  "permalink": "",
  "username": "최리엣 공부해",
  "text": "음... 예찬가 안무는 김별끝이 짜주겠지...?^^....",
  "date": "Sun Dec 09 18:27:50 +0000 2018",
  "retweets": 0,
  "favorites": 1,
  "mentions": [],
  "hashtags": [],
  "geo": null
},{
  "id": "1071833813074894848",
  "permalink": "",
  "username": "Nur Inayah R ∞",
  "text": "RT @3pm_15m: 181209\n아 내 심장 ㅠㅠㅠㅠ 예찬이 춤 ㅠㅠㅠㅠ\n-\n#UNDERNINETEEN #언더나인틴_게릴라공연 #신예찬 https://t.co/fq4K1RduLy",
  "date": "Sun Dec 09 18:27:49 +0000 2018",
  "retweets": 45,
  "favorites": 0,
  "mentions": [
    {
      "screen_name": "3pm_15m",
      "name": "승랭이",
      "id": 995653433427247104,
      "id_str": "995653433427247104",
      "indices": [
        3,
        11
      ]
    }
  ],
  "hashtags": [
    {
      "text": "UNDERNINETEEN",
      "indices": [
        45,
        59
      ]
    },
    {
      "text": "언더나인틴_게릴라공연",
      "indices": [
        60,
        72
      ]
    },
    {
      "text": "신예찬",
      "indices": [
        73,
        77
      ]
    }
  ],
  "geo": null
},{
  "id": "1071833481087377408",
  "permalink": "",
  "username": "bucinnya junhyuk",
  "text": "RT @Baery_0106: 예찬이를 귀여워 하는 귀여운 현준이 \n#언더나인틴 #배현준 #현준 #언더나인틴_게릴라공연 https://t.co/VX4r3CFUh3",
  "date": "Sun Dec 09 18:26:30 +0000 2018",
  "retweets": 14,
  "favorites": 0,
  "mentions": [
    {
      "screen_name": "Baery_0106",
      "name": "베리",
      "id": 967770012571201536,
      "id_str": "967770012571201536",
      "indices": [
        3,
        14
      ]
    }
  ],
  "hashtags": [
    {
      "text": "언더나인틴",
      "indices": [
        37,
        43
      ]
    },
    {
      "text": "배현준",
      "indices": [
        44,
        48
      ]
    },
    {
      "text": "현준",
      "indices": [
        49,
        52
      ]
    },
    {
      "text": "언더나인틴_게릴라공연",
      "indices": [
        53,
        65
      ]
    }
  ],
  "geo": null
},{
  "id": "1071833136487636992",
  "permalink": "",
  "username": "Weronika",
  "text": "RT @shineofyou_yc: hq, 181206 #언더나인틴 #신예찬\n\n하루2번 보컬팀 예찬이에게 많이 많이 투표해주세요😘😘😘 \n\nhttps://t.co/AV2MyIHTsb https://t.co/gNW0P2di6l",
  "date": "Sun Dec 09 18:25:08 +0000 2018",
  "retweets": 109,
  "favorites": 0,
  "mentions": [
    {
      "screen_name": "shineofyou_yc",
      "name": "shine of you✨",
      "id": 1070674666191126528,
      "id_str": "1070674666191126528",
      "indices": [
        3,
        17
      ]
    }
  ],
  "hashtags": [
    {
      "text": "언더나인틴",
      "indices": [
        30,
        36
      ]
    },
    {
      "text": "신예찬",
      "indices": [
        37,
        41
      ]
    }
  ],
  "geo": null
},{
  "id": "1071832620609212416",
  "permalink": "",
  "username": "예찬",
  "text": "RT @m_mmmm56: 예찬이 ㄹㅇ진지하게 1분동안 춤춘거ㅋㅋㅋㅋㅋㅋ예찬아미안 왤케 기냐고 했음 #신예찬 https://t.co/FetUa2YJze",
  "date": "Sun Dec 09 18:23:05 +0000 2018",
  "retweets": 13,
  "favorites": 0,
  "mentions": [
    {
      "screen_name": "m_mmmm56",
      "name": "미뇽이",
      "id": 1071063400770224128,
      "id_str": "1071063400770224128",
      "indices": [
        3,
        12
      ]
    }
  ],
  "hashtags": [
    {
      "text": "신예찬",
      "indices": [
        55,
        59
      ]
    }
  ],
  "geo": null
},{
  "id": "1071830738587152384",
  "permalink": "",
  "username": "คูมมัมน้อนกีจุง🐹",
  "text": "RT @radiant_syc: 181209 강남 게릴라 공연 #언더나인틴 #신예찬 #UNDERNINETEEN\n\n예찬이 안녕🤗 추운 날씨에도 불구하고 멋진 공연해줘서 고마오~~💓 https://t.co/dW78bVkOEu",
  "date": "Sun Dec 09 18:15:36 +0000 2018",
  "retweets": 74,
  "favorites": 0,
  "mentions": [
    {
      "screen_name": "radiant_syc",
      "name": "RADIANT",
      "id": 1070682451758829568,
      "id_str": "1070682451758829568",
      "indices": [
        3,
        15
      ]
    }
  ],
  "hashtags": [
    {
      "text": "언더나인틴",
      "indices": [
        34,
        40
      ]
    },
    {
      "text": "신예찬",
      "indices": [
        41,
        45
      ]
    },
    {
      "text": "UNDERNINETEEN",
      "indices": [
        46,
        60
      ]
    }
  ],
  "geo": null
},{
  "id": "1071830180035883008",
  "permalink": "",
  "username": "최리엣 공부해",
  "text": "잠이 안 오는군\n생산적인 일을 해볼까\n공부는 하기 실으닉가\n예찬가 안무를 짜자!",
  "date": "Sun Dec 09 18:13:23 +0000 2018",
  "retweets": 0,
  "favorites": 14,
  "mentions": [],
  "hashtags": [],
  "geo": null
},{
  "id": "1071828727707795456",
  "permalink": "",
  "username": "재호현수사랑해",
  "text": "RT @frythemall: 나 하은이라는이름인애들중에 왜케 교회다니는애들이많지 생각하다가 하은이 하나님의은혜 줄인거라는거듣고 충격먹엇어.. 그이후로 하 나 예 자로시작하는이름보면 궁예질들어감\n하나? 하나님나라? 예지? 예수님의지혜? 예은?예수님의은…",
  "date": "Sun Dec 09 18:07:36 +0000 2018",
  "retweets": 22656,
  "favorites": 0,
  "mentions": [
    {
      "screen_name": "frythemall",
      "name": "튀겨버려",
      "id": 3066199944,
      "id_str": "3066199944",
      "indices": [
        3,
        14
      ]
    }
  ],
  "hashtags": [],
  "geo": null
},{
  "id": "1071827350285778944",
  "permalink": "",
  "username": "예누나",
  "text": "RT @bkjghy1219: 진성이가 알려줬어 진짜 애기다 예찬아,,, ㅠㅜㅜ\n\n#언더나인틴 #보컬팀 #정진성 #랩팀 #이예찬 #언더나인틴_게릴라공연 https://t.co/8VIzsJgMY4",
  "date": "Sun Dec 09 18:02:08 +0000 2018",
  "retweets": 26,
  "favorites": 0,
  "mentions": [
    {
      "screen_name": "bkjghy1219",
      "name": "주녀기",
      "id": 1063814914014232577,
      "id_str": "1063814914014232577",
      "indices": [
        3,
        14
      ]
    }
  ],
  "hashtags": [
    {
      "text": "언더나인틴",
      "indices": [
        45,
        51
      ]
    },
    {
      "text": "보컬팀",
      "indices": [
        52,
        56
      ]
    },
    {
      "text": "정진성",
      "indices": [
        57,
        61
      ]
    },
    {
      "text": "랩팀",
      "indices": [
        62,
        65
      ]
    },
    {
      "text": "이예찬",
      "indices": [
        66,
        70
      ]
    },
    {
      "text": "언더나인틴_게릴라공연",
      "indices": [
        71,
        83
      ]
    }
  ],
  "geo": null
},{
  "id": "1071825074087292928",
  "permalink": "",
  "username": "🌱",
  "text": "RT @Baery_0106: 예찬이를 귀여워 하는 귀여운 현준이 \n#언더나인틴 #배현준 #현준 #언더나인틴_게릴라공연 https://t.co/VX4r3CFUh3",
  "date": "Sun Dec 09 17:53:05 +0000 2018",
  "retweets": 14,
  "favorites": 0,
  "mentions": [
    {
      "screen_name": "Baery_0106",
      "name": "베리",
      "id": 967770012571201536,
      "id_str": "967770012571201536",
      "indices": [
        3,
        14
      ]
    }
  ],
  "hashtags": [
    {
      "text": "언더나인틴",
      "indices": [
        37,
        43
      ]
    },
    {
      "text": "배현준",
      "indices": [
        44,
        48
      ]
    },
    {
      "text": "현준",
      "indices": [
        49,
        52
      ]
    },
    {
      "text": "언더나인틴_게릴라공연",
      "indices": [
        53,
        65
      ]
    }
  ],
  "geo": null
},{
  "id": "1071818664167391232",
  "permalink": "",
  "username": "Kimamuk",
  "text": "RT @m_mmmm56: 예찬이 ㄹㅇ진지하게 1분동안 춤춘거ㅋㅋㅋㅋㅋㅋ예찬아미안 왤케 기냐고 했음 #신예찬 https://t.co/FetUa2YJze",
  "date": "Sun Dec 09 17:27:37 +0000 2018",
  "retweets": 13,
  "favorites": 0,
  "mentions": [
    {
      "screen_name": "m_mmmm56",
      "name": "미뇽이",
      "id": 1071063400770224128,
      "id_str": "1071063400770224128",
      "indices": [
        3,
        12
      ]
    }
  ],
  "hashtags": [
    {
      "text": "신예찬",
      "indices": [
        55,
        59
      ]
    }
  ],
  "geo": null
},{
  "id": "1071815289476501504",
  "permalink": "",
  "username": "밤블비",
  "text": "RT @unna_yechan: 181117 상암MBC 언더나인틴 역조공 이벤트\n\n반짝반짝 빛나는 예차니 ٩(๑˃́ꇴ˂̀๑)\n예찬이는 연예인 하려고 태어났나봐 T_T\n\n#MBC #언더나인틴 #신예찬 https://t.co/752BU4Ebib",
  "date": "Sun Dec 09 17:14:13 +0000 2018",
  "retweets": 44,
  "favorites": 0,
  "mentions": [
    {
      "screen_name": "unna_yechan",
      "name": "예사찬랑",
      "id": 705309539579490306,
      "id_str": "705309539579490306",
      "indices": [
        3,
        15
      ]
    }
  ],
  "hashtags": [
    {
      "text": "MBC",
      "indices": [
        93,
        97
      ]
    },
    {
      "text": "언더나인틴",
      "indices": [
        98,
        104
      ]
    },
    {
      "text": "신예찬",
      "indices": [
        105,
        109
      ]
    }
  ],
  "geo": null
},{
  "id": "1071812973767798784",
  "permalink": "",
  "username": "밤블비",
  "text": "RT @jsjsj136: #언더나인틴 #신예찬 아니 아... 예찬이가 저보고 눈웃음으로 인살르 해줬어요 저 놀라서 손 덜덜 떨리는데 진짜 아 https://t.co/xE391qofRR",
  "date": "Sun Dec 09 17:05:00 +0000 2018",
  "retweets": 25,
  "favorites": 0,
  "mentions": [
    {
      "screen_name": "jsjsj136",
      "name": "옅은 홍조",
      "id": 1045950780295995392,
      "id_str": "1045950780295995392",
      "indices": [
        3,
        12
      ]
    }
  ],
  "hashtags": [
    {
      "text": "언더나인틴",
      "indices": [
        14,
        20
      ]
    },
    {
      "text": "신예찬",
      "indices": [
        21,
        25
      ]
    }
  ],
  "geo": null
},{
  "id": "1071812869430292480",
  "permalink": "",
  "username": "☃︎밍   도☃︎",
  "text": "RT @bkjghy1219: 진성이가 알려줬어 진짜 애기다 예찬아,,, ㅠㅜㅜ\n\n#언더나인틴 #보컬팀 #정진성 #랩팀 #이예찬 #언더나인틴_게릴라공연 https://t.co/8VIzsJgMY4",
  "date": "Sun Dec 09 17:04:36 +0000 2018",
  "retweets": 26,
  "favorites": 0,
  "mentions": [
    {
      "screen_name": "bkjghy1219",
      "name": "주녀기",
      "id": 1063814914014232577,
      "id_str": "1063814914014232577",
      "indices": [
        3,
        14
      ]
    }
  ],
  "hashtags": [
    {
      "text": "언더나인틴",
      "indices": [
        45,
        51
      ]
    },
    {
      "text": "보컬팀",
      "indices": [
        52,
        56
      ]
    },
    {
      "text": "정진성",
      "indices": [
        57,
        61
      ]
    },
    {
      "text": "랩팀",
      "indices": [
        62,
        65
      ]
    },
    {
      "text": "이예찬",
      "indices": [
        66,
        70
      ]
    },
    {
      "text": "언더나인틴_게릴라공연",
      "indices": [
        71,
        83
      ]
    }
  ],
  "geo": null
},{
  "id": "1071812567918534656",
  "permalink": "",
  "username": "☃︎밍   도☃︎",
  "text": "아 예찬이 개귀엽다ㅜㅠㅠ",
  "date": "Sun Dec 09 17:03:24 +0000 2018",
  "retweets": 0,
  "favorites": 0,
  "mentions": [],
  "hashtags": [],
  "geo": null
},{
  "id": "1071811348726599680",
  "permalink": "",
  "username": "주녀기",
  "text": "진성이가 알려줬어 진짜 애기다 예찬아,,, ㅠㅜㅜ\n\n#언더나인틴 #보컬팀 #정진성 #랩팀 #이예찬 #언더나인틴_게릴라공연 https://t.co/8VIzsJgMY4",
  "date": "Sun Dec 09 16:58:33 +0000 2018",
  "retweets": 26,
  "favorites": 33,
  "mentions": [],
  "hashtags": [
    {
      "text": "언더나인틴",
      "indices": [
        29,
        35
      ]
    },
    {
      "text": "보컬팀",
      "indices": [
        36,
        40
      ]
    },
    {
      "text": "정진성",
      "indices": [
        41,
        45
      ]
    },
    {
      "text": "랩팀",
      "indices": [
        46,
        49
      ]
    },
    {
      "text": "이예찬",
      "indices": [
        50,
        54
      ]
    },
    {
      "text": "언더나인틴_게릴라공연",
      "indices": [
        55,
        67
      ]
    }
  ],
  "geo": null
},{
  "id": "1071810491536658432",
  "permalink": "",
  "username": "밤블비",
  "text": "RT @m_mmmm56: 예찬이 ㄹㅇ진지하게 1분동안 춤춘거ㅋㅋㅋㅋㅋㅋ예찬아미안 왤케 기냐고 했음 #신예찬 https://t.co/FetUa2YJze",
  "date": "Sun Dec 09 16:55:09 +0000 2018",
  "retweets": 13,
  "favorites": 0,
  "mentions": [
    {
      "screen_name": "m_mmmm56",
      "name": "미뇽이",
      "id": 1071063400770224128,
      "id_str": "1071063400770224128",
      "indices": [
        3,
        12
      ]
    }
  ],
  "hashtags": [
    {
      "text": "신예찬",
      "indices": [
        55,
        59
      ]
    }
  ],
  "geo": null
},{
  "id": "1071808898741395456",
  "permalink": "",
  "username": "hana loves junhyuk ❤️",
  "text": "RT @radiant_syc: 181209 강남 게릴라 공연 #언더나인틴 #신예찬 #UNDERNINETEEN\n\n예찬이 안녕🤗 추운 날씨에도 불구하고 멋진 공연해줘서 고마오~~💓 https://t.co/dW78bVkOEu",
  "date": "Sun Dec 09 16:48:49 +0000 2018",
  "retweets": 74,
  "favorites": 0,
  "mentions": [
    {
      "screen_name": "radiant_syc",
      "name": "RADIANT",
      "id": 1070682451758829568,
      "id_str": "1070682451758829568",
      "indices": [
        3,
        15
      ]
    }
  ],
  "hashtags": [
    {
      "text": "언더나인틴",
      "indices": [
        34,
        40
      ]
    },
    {
      "text": "신예찬",
      "indices": [
        41,
        45
      ]
    },
    {
      "text": "UNDERNINETEEN",
      "indices": [
        46,
        60
      ]
    }
  ],
  "geo": null
},{
  "id": "1071807586666573824",
  "permalink": "",
  "username": "NesNes",
  "text": "RT @m_mmmm56: 예찬이 ㄹㅇ진지하게 1분동안 춤춘거ㅋㅋㅋㅋㅋㅋ예찬아미안 왤케 기냐고 했음 #신예찬 https://t.co/FetUa2YJze",
  "date": "Sun Dec 09 16:43:36 +0000 2018",
  "retweets": 13,
  "favorites": 0,
  "mentions": [
    {
      "screen_name": "m_mmmm56",
      "name": "미뇽이",
      "id": 1071063400770224128,
      "id_str": "1071063400770224128",
      "indices": [
        3,
        12
      ]
    }
  ],
  "hashtags": [
    {
      "text": "신예찬",
      "indices": [
        55,
        59
      ]
    }
  ],
  "geo": null
},{
  "id": "1071807358857228288",
  "permalink": "",
  "username": "얼빠★내적인싸",
  "text": "RT @frythemall: 나 하은이라는이름인애들중에 왜케 교회다니는애들이많지 생각하다가 하은이 하나님의은혜 줄인거라는거듣고 충격먹엇어.. 그이후로 하 나 예 자로시작하는이름보면 궁예질들어감\n하나? 하나님나라? 예지? 예수님의지혜? 예은?예수님의은…",
  "date": "Sun Dec 09 16:42:42 +0000 2018",
  "retweets": 22656,
  "favorites": 0,
  "mentions": [
    {
      "screen_name": "frythemall",
      "name": "튀겨버려",
      "id": 3066199944,
      "id_str": "3066199944",
      "indices": [
        3,
        14
      ]
    }
  ],
  "hashtags": [],
  "geo": null
},{
  "id": "1071805273860239360",
  "permalink": "",
  "username": "가영",
  "text": "RT @frythemall: 나 하은이라는이름인애들중에 왜케 교회다니는애들이많지 생각하다가 하은이 하나님의은혜 줄인거라는거듣고 충격먹엇어.. 그이후로 하 나 예 자로시작하는이름보면 궁예질들어감\n하나? 하나님나라? 예지? 예수님의지혜? 예은?예수님의은…",
  "date": "Sun Dec 09 16:34:25 +0000 2018",
  "retweets": 22656,
  "favorites": 0,
  "mentions": [
    {
      "screen_name": "frythemall",
      "name": "튀겨버려",
      "id": 3066199944,
      "id_str": "3066199944",
      "indices": [
        3,
        14
      ]
    }
  ],
  "hashtags": [],
  "geo": null
},{
  "id": "1071805009250021376",
  "permalink": "",
  "username": "곱",
  "text": "RT @rider_yellin: 하은 하랑 하람 주은 예찬 ... \n와 무교인 나로서는 이게 종교쪽에서 따온 이름인거 1도 예상 못함..ㅋㅋㅋㅋ\n대학 동기 중에 이름이 '그리' 인 애가 있었고 걔 동생이 '스도' 였던 적은 있었어도....",
  "date": "Sun Dec 09 16:33:22 +0000 2018",
  "retweets": 1876,
  "favorites": 0,
  "mentions": [
    {
      "screen_name": "rider_yellin",
      "name": "울프타는 옐린",
      "id": 991502852030803968,
      "id_str": "991502852030803968",
      "indices": [
        3,
        16
      ]
    }
  ],
  "hashtags": [],
  "geo": null
},{
  "id": "1071804628772171776",
  "permalink": "",
  "username": "ㅇ",
  "text": "RT @frythemall: 나 하은이라는이름인애들중에 왜케 교회다니는애들이많지 생각하다가 하은이 하나님의은혜 줄인거라는거듣고 충격먹엇어.. 그이후로 하 나 예 자로시작하는이름보면 궁예질들어감\n하나? 하나님나라? 예지? 예수님의지혜? 예은?예수님의은…",
  "date": "Sun Dec 09 16:31:51 +0000 2018",
  "retweets": 22656,
  "favorites": 0,
  "mentions": [
    {
      "screen_name": "frythemall",
      "name": "튀겨버려",
      "id": 3066199944,
      "id_str": "3066199944",
      "indices": [
        3,
        14
      ]
    }
  ],
  "hashtags": [],
  "geo": null
},{
  "id": "1071804157906960384",
  "permalink": "",
  "username": "ยงเดอเรลล่า🍀🐸",
  "text": "RT @Yechan_Fan: 언더나인틴 보컬팀의 얼굴 예찬이와 진성이 ♡♡♡♡\n\n#언더나인틴 #신예찬 #UNDERNINETEEN #UNDER19 #shinyechan #정진성 #JUNGJINSUNG https://t.co/R4oUIBYAhY",
  "date": "Sun Dec 09 16:29:59 +0000 2018",
  "retweets": 46,
  "favorites": 0,
  "mentions": [
    {
      "screen_name": "Yechan_Fan",
      "name": "예차니",
      "id": 1057982797376188417,
      "id_str": "1057982797376188417",
      "indices": [
        3,
        14
      ]
    }
  ],
  "hashtags": [
    {
      "text": "언더나인틴",
      "indices": [
        45,
        51
      ]
    },
    {
      "text": "신예찬",
      "indices": [
        52,
        56
      ]
    },
    {
      "text": "UNDERNINETEEN",
      "indices": [
        57,
        71
      ]
    },
    {
      "text": "UNDER19",
      "indices": [
        72,
        80
      ]
    },
    {
      "text": "shinyechan",
      "indices": [
        81,
        92
      ]
    },
    {
      "text": "정진성",
      "indices": [
        93,
        97
      ]
    },
    {
      "text": "JUNGJINSUNG",
      "indices": [
        98,
        110
      ]
    }
  ],
  "geo": null
},{
  "id": "1071803410918268929",
  "permalink": "",
  "username": "ยงเดอเรลล่า🍀🐸",
  "text": "RT @Bang_Cherry_13: 보이세요 예찬이가 저한태 인사해조써여 ㅠㅠㅠㅠㅜㅠㅠㅠㅠㅠ 넘 당황해서 카메라 바르끄고 소리지름 ㅋㅋㅋㅋㅋㅋㅋㅋㅋㅋ \n\n#언더나인틴 #신예찬 https://t.co/rHTgJG4bch",
  "date": "Sun Dec 09 16:27:00 +0000 2018",
  "retweets": 34,
  "favorites": 0,
  "mentions": [
    {
      "screen_name": "Bang_Cherry_13",
      "name": "체리🍒",
      "id": 2317133671,
      "id_str": "2317133671",
      "indices": [
        3,
        18
      ]
    }
  ],
  "hashtags": [
    {
      "text": "언더나인틴",
      "indices": [
        86,
        92
      ]
    },
    {
      "text": "신예찬",
      "indices": [
        93,
        97
      ]
    }
  ],
  "geo": null
},{
  "id": "1071802755663060992",
  "permalink": "",
  "username": "jane 제인 up10tion got7 BF  🇹🇭23❤",
  "text": "RT @Yechan_Fan: 언더나인틴 보컬팀의 얼굴 예찬이와 진성이 ♡♡♡♡\n\n#언더나인틴 #신예찬 #UNDERNINETEEN #UNDER19 #shinyechan #정진성 #JUNGJINSUNG https://t.co/R4oUIBYAhY",
  "date": "Sun Dec 09 16:24:24 +0000 2018",
  "retweets": 46,
  "favorites": 0,
  "mentions": [
    {
      "screen_name": "Yechan_Fan",
      "name": "예차니",
      "id": 1057982797376188417,
      "id_str": "1057982797376188417",
      "indices": [
        3,
        14
      ]
    }
  ],
  "hashtags": [
    {
      "text": "언더나인틴",
      "indices": [
        45,
        51
      ]
    },
    {
      "text": "신예찬",
      "indices": [
        52,
        56
      ]
    },
    {
      "text": "UNDERNINETEEN",
      "indices": [
        57,
        71
      ]
    },
    {
      "text": "UNDER19",
      "indices": [
        72,
        80
      ]
    },
    {
      "text": "shinyechan",
      "indices": [
        81,
        92
      ]
    },
    {
      "text": "정진성",
      "indices": [
        93,
        97
      ]
    },
    {
      "text": "JUNGJINSUNG",
      "indices": [
        98,
        110
      ]
    }
  ],
  "geo": null
},{
  "id": "1071802699983675392",
  "permalink": "",
  "username": "Brick",
  "text": "RT @Bang_Cherry_13: 보이세요 예찬이가 저한태 인사해조써여 ㅠㅠㅠㅠㅜㅠㅠㅠㅠㅠ 넘 당황해서 카메라 바르끄고 소리지름 ㅋㅋㅋㅋㅋㅋㅋㅋㅋㅋ \n\n#언더나인틴 #신예찬 https://t.co/rHTgJG4bch",
  "date": "Sun Dec 09 16:24:11 +0000 2018",
  "retweets": 34,
  "favorites": 0,
  "mentions": [
    {
      "screen_name": "Bang_Cherry_13",
      "name": "체리🍒",
      "id": 2317133671,
      "id_str": "2317133671",
      "indices": [
        3,
        18
      ]
    }
  ],
  "hashtags": [
    {
      "text": "언더나인틴",
      "indices": [
        86,
        92
      ]
    },
    {
      "text": "신예찬",
      "indices": [
        93,
        97
      ]
    }
  ],
  "geo": null
},{
  "id": "1071801852159700992",
  "permalink": "",
  "username": "릿",
  "text": "RT @Bang_Cherry_13: 보이세요 예찬이가 저한태 인사해조써여 ㅠㅠㅠㅠㅜㅠㅠㅠㅠㅠ 넘 당황해서 카메라 바르끄고 소리지름 ㅋㅋㅋㅋㅋㅋㅋㅋㅋㅋ \n\n#언더나인틴 #신예찬 https://t.co/rHTgJG4bch",
  "date": "Sun Dec 09 16:20:49 +0000 2018",
  "retweets": 34,
  "favorites": 0,
  "mentions": [
    {
      "screen_name": "Bang_Cherry_13",
      "name": "체리🍒",
      "id": 2317133671,
      "id_str": "2317133671",
      "indices": [
        3,
        18
      ]
    }
  ],
  "hashtags": [
    {
      "text": "언더나인틴",
      "indices": [
        86,
        92
      ]
    },
    {
      "text": "신예찬",
      "indices": [
        93,
        97
      ]
    }
  ],
  "geo": null
},{
  "id": "1071801838423298048",
  "permalink": "",
  "username": "밍",
  "text": "RT @Baery_0106: 예찬이를 귀여워 하는 귀여운 현준이 \n#언더나인틴 #배현준 #현준 #언더나인틴_게릴라공연 https://t.co/VX4r3CFUh3",
  "date": "Sun Dec 09 16:20:46 +0000 2018",
  "retweets": 14,
  "favorites": 0,
  "mentions": [
    {
      "screen_name": "Baery_0106",
      "name": "베리",
      "id": 967770012571201536,
      "id_str": "967770012571201536",
      "indices": [
        3,
        14
      ]
    }
  ],
  "hashtags": [
    {
      "text": "언더나인틴",
      "indices": [
        37,
        43
      ]
    },
    {
      "text": "배현준",
      "indices": [
        44,
        48
      ]
    },
    {
      "text": "현준",
      "indices": [
        49,
        52
      ]
    },
    {
      "text": "언더나인틴_게릴라공연",
      "indices": [
        53,
        65
      ]
    }
  ],
  "geo": null
},{
  "id": "1071801507647877120",
  "permalink": "",
  "username": "소용돌이💫",
  "text": "RT @frythemall: 나 하은이라는이름인애들중에 왜케 교회다니는애들이많지 생각하다가 하은이 하나님의은혜 줄인거라는거듣고 충격먹엇어.. 그이후로 하 나 예 자로시작하는이름보면 궁예질들어감\n하나? 하나님나라? 예지? 예수님의지혜? 예은?예수님의은…",
  "date": "Sun Dec 09 16:19:27 +0000 2018",
  "retweets": 22656,
  "favorites": 0,
  "mentions": [
    {
      "screen_name": "frythemall",
      "name": "튀겨버려",
      "id": 3066199944,
      "id_str": "3066199944",
      "indices": [
        3,
        14
      ]
    }
  ],
  "hashtags": [],
  "geo": null
},{
  "id": "1071799499884916737",
  "permalink": "",
  "username": "상준자",
  "text": "작은 예찬이 말 듣는 중인 우리 토깽이상민 #이상민토끼냐 https://t.co/m8Tyu1VblS",
  "date": "Sun Dec 09 16:11:28 +0000 2018",
  "retweets": 0,
  "favorites": 0,
  "mentions": [],
  "hashtags": [
    {
      "text": "이상민토끼냐",
      "indices": [
        24,
        31
      ]
    }
  ],
  "geo": null
},{
  "id": "1071798326029238273",
  "permalink": "",
  "username": "• ㅅ •",
  "text": "RT @hy0117__: (j4f) (pre-Under19) 우리 예찬이 너무 잘생겼어요😍\n#언더나인틴 #Undernineteen #신예찬 #예찬 #Yechan #Shinyechan https://t.co/D7IY7mIJny",
  "date": "Sun Dec 09 16:06:48 +0000 2018",
  "retweets": 6,
  "favorites": 0,
  "mentions": [
    {
      "screen_name": "hy0117__",
      "name": "예찬아 사랑 100개 주세요❤",
      "id": 764905656134447104,
      "id_str": "764905656134447104",
      "indices": [
        3,
        12
      ]
    }
  ],
  "hashtags": [
    {
      "text": "언더나인틴",
      "indices": [
        51,
        57
      ]
    },
    {
      "text": "Undernineteen",
      "indices": [
        58,
        72
      ]
    },
    {
      "text": "신예찬",
      "indices": [
        73,
        77
      ]
    },
    {
      "text": "예찬",
      "indices": [
        78,
        81
      ]
    },
    {
      "text": "Yechan",
      "indices": [
        82,
        89
      ]
    },
    {
      "text": "Shinyechan",
      "indices": [
        90,
        101
      ]
    }
  ],
  "geo": null
},{
  "id": "1071796215266729985",
  "permalink": "",
  "username": "박성덕",
  "text": "RT @lesmy2017: 이야기 셋! 사이다는 가짜입니다! \n\n사이다 예찬하던 사람들!\n김빠진 사이다인 것 알고\n이거 설탕물이잖여!\n이젠 뭘 마셔야 하는고....\n\n탄산의 세계엔\n사이다만 있는 게 아닙니다!\n치느님과 단짝인 콜라도 있고 \n콜라 친구…",
  "date": "Sun Dec 09 15:58:25 +0000 2018",
  "retweets": 29,
  "favorites": 0,
  "mentions": [
    {
      "screen_name": "lesmy2017",
      "name": "#천원문파 레미! #아고라 문파님들 환영합니다!👍 #중앙선관위안을 지지합니다!👍",
      "id": 62868446,
      "id_str": "62868446",
      "indices": [
        3,
        13
      ]
    }
  ],
  "hashtags": [],
  "geo": null
},{
  "id": "1071794184099631106",
  "permalink": "",
  "username": "bunny🐰",
  "text": "RT @Bang_Cherry_13: 보이세요 예찬이가 저한태 인사해조써여 ㅠㅠㅠㅠㅜㅠㅠㅠㅠㅠ 넘 당황해서 카메라 바르끄고 소리지름 ㅋㅋㅋㅋㅋㅋㅋㅋㅋㅋ \n\n#언더나인틴 #신예찬 https://t.co/rHTgJG4bch",
  "date": "Sun Dec 09 15:50:21 +0000 2018",
  "retweets": 34,
  "favorites": 0,
  "mentions": [
    {
      "screen_name": "Bang_Cherry_13",
      "name": "체리🍒",
      "id": 2317133671,
      "id_str": "2317133671",
      "indices": [
        3,
        18
      ]
    }
  ],
  "hashtags": [
    {
      "text": "언더나인틴",
      "indices": [
        86,
        92
      ]
    },
    {
      "text": "신예찬",
      "indices": [
        93,
        97
      ]
    }
  ],
  "geo": null
},{
  "id": "1071793895338500097",
  "permalink": "",
  "username": "서하늘착즙녀",
  "text": "@cat_c3 류님께서 세상에 내려오자\n\n지구상의 모든 화가들이 그의 빛나는 얼굴을 감히 그리기 위해 붓을 들었으며\n\n모든 작곡가들이 그의 아름다움을 예찬하기 위한 곡을 만들었고\n\n모든 사람들이 그의 미모에… https://t.co/SmjN3J3TIy",
  "date": "Sun Dec 09 15:49:12 +0000 2018",
  "retweets": 0,
  "favorites": 0,
  "mentions": [
    {
      "screen_name": "cat_c3",
      "name": "🌱잎쑥🌱",
      "id": 2890894592,
      "id_str": "2890894592",
      "indices": [
        0,
        7
      ]
    }
  ],
  "hashtags": [],
  "geo": null
},{
  "id": "1071793336917352448",
  "permalink": "",
  "username": "luna 💕",
  "text": "RT @LOVEBOMB_chan_: 2018.12.09 게릴라 이벤트 출근길 pre.\n#언더나인틴 #신예찬 #예찬 \n예찬이는 매일이 화보지 💝 https://t.co/2uhmbMg0pK",
  "date": "Sun Dec 09 15:46:59 +0000 2018",
  "retweets": 108,
  "favorites": 0,
  "mentions": [
    {
      "screen_name": "LOVEBOMB_chan_",
      "name": "ʟᴏᴠᴇ ʙᴏᴍʙ ❤️💣",
      "id": 1064153705564360705,
      "id_str": "1064153705564360705",
      "indices": [
        3,
        18
      ]
    }
  ],
  "hashtags": [
    {
      "text": "언더나인틴",
      "indices": [
        48,
        54
      ]
    },
    {
      "text": "신예찬",
      "indices": [
        55,
        59
      ]
    },
    {
      "text": "예찬",
      "indices": [
        60,
        63
      ]
    }
  ],
  "geo": null
},{
  "id": "1071792370876731392",
  "permalink": "",
  "username": "우리소현이🐣🍒🌈💞🍭🍦🍫🎈✨",
  "text": "RT @Bang_Cherry_13: 보이세요 예찬이가 저한태 인사해조써여 ㅠㅠㅠㅠㅜㅠㅠㅠㅠㅠ 넘 당황해서 카메라 바르끄고 소리지름 ㅋㅋㅋㅋㅋㅋㅋㅋㅋㅋ \n\n#언더나인틴 #신예찬 https://t.co/rHTgJG4bch",
  "date": "Sun Dec 09 15:43:08 +0000 2018",
  "retweets": 34,
  "favorites": 0,
  "mentions": [
    {
      "screen_name": "Bang_Cherry_13",
      "name": "체리🍒",
      "id": 2317133671,
      "id_str": "2317133671",
      "indices": [
        3,
        18
      ]
    }
  ],
  "hashtags": [
    {
      "text": "언더나인틴",
      "indices": [
        86,
        92
      ]
    },
    {
      "text": "신예찬",
      "indices": [
        93,
        97
      ]
    }
  ],
  "geo": null
},{
  "id": "1071790847102832641",
  "permalink": "",
  "username": "프듀 돌리는 기계",
  "text": "RT @rkawk_040514: 님들 마감할때 예찬가 들으면서 하세요 진짜 약간 성스러워서 이걸 빨리 하고 기도드려야할것같음",
  "date": "Sun Dec 09 15:37:05 +0000 2018",
  "retweets": 1,
  "favorites": 0,
  "mentions": [
    {
      "screen_name": "rkawk_040514",
      "name": "ゐずみ ⚾ [ㅇㅈㅁㅈ연성에언급]",
      "id": 890427472906301442,
      "id_str": "890427472906301442",
      "indices": [
        3,
        16
      ]
    }
  ],
  "hashtags": [],
  "geo": null
},{
  "id": "1071790654865338369",
  "permalink": "",
  "username": "ゐずみ ⚾ [ㅇㅈㅁㅈ연성에언급]",
  "text": "님들 마감할때 예찬가 들으면서 하세요 진짜 약간 성스러워서 이걸 빨리 하고 기도드려야할것같음",
  "date": "Sun Dec 09 15:36:19 +0000 2018",
  "retweets": 1,
  "favorites": 0,
  "mentions": [],
  "hashtags": [],
  "geo": null
},{
  "id": "1071790159199268864",
  "permalink": "",
  "username": "Lia Aprilia",
  "text": "RT @LOVEBOMB_chan_: 2018.12.09 게릴라 이벤트 출근길 pre.\n#언더나인틴 #신예찬 #예찬 \n예찬이는 매일이 화보지 💝 https://t.co/2uhmbMg0pK",
  "date": "Sun Dec 09 15:34:21 +0000 2018",
  "retweets": 108,
  "favorites": 0,
  "mentions": [
    {
      "screen_name": "LOVEBOMB_chan_",
      "name": "ʟᴏᴠᴇ ʙᴏᴍʙ ❤️💣",
      "id": 1064153705564360705,
      "id_str": "1064153705564360705",
      "indices": [
        3,
        18
      ]
    }
  ],
  "hashtags": [
    {
      "text": "언더나인틴",
      "indices": [
        48,
        54
      ]
    },
    {
      "text": "신예찬",
      "indices": [
        55,
        59
      ]
    },
    {
      "text": "예찬",
      "indices": [
        60,
        63
      ]
    }
  ],
  "geo": null
},{
  "id": "1071789177648238593",
  "permalink": "",
  "username": "nico",
  "text": "RT @Yechan_Fan: 뼛속까지 착한 우리 선비 예찬이 ㅠㅠ\n\n#언더나인틴 #신예찬 #undernineteen #shinyechan #UNDER19 https://t.co/DE50kymhGq",
  "date": "Sun Dec 09 15:30:27 +0000 2018",
  "retweets": 31,
  "favorites": 0,
  "mentions": [
    {
      "screen_name": "Yechan_Fan",
      "name": "예차니",
      "id": 1057982797376188417,
      "id_str": "1057982797376188417",
      "indices": [
        3,
        14
      ]
    }
  ],
  "hashtags": [
    {
      "text": "언더나인틴",
      "indices": [
        38,
        44
      ]
    },
    {
      "text": "신예찬",
      "indices": [
        45,
        49
      ]
    },
    {
      "text": "undernineteen",
      "indices": [
        50,
        64
      ]
    },
    {
      "text": "shinyechan",
      "indices": [
        65,
        76
      ]
    },
    {
      "text": "UNDER19",
      "indices": [
        77,
        85
      ]
    }
  ],
  "geo": null
},{
  "id": "1071788700567097344",
  "permalink": "",
  "username": "🔥김태우 으르렁🔥 쩨리",
  "text": "근데 예찬이 준혁이 소속사 티오피..진짜 환멸나기로 유명한 소속사든데 내친구도 소속사때매 탈덕한..",
  "date": "Sun Dec 09 15:28:33 +0000 2018",
  "retweets": 0,
  "favorites": 0,
  "mentions": [],
  "hashtags": [],
  "geo": null
},{
  "id": "1071788221133053957",
  "permalink": "",
  "username": "꿀짱",
  "text": "@_vnavna_prd 저도 역조공 때 실물보고 입덕해섴ㅋㅋㅋ 예찬이 쪽이었는데 너무너무..잘생겨서 눈을 뗄 수가 없더라구요\n물론 사진도 킹갓제너럴 예찬이는 신이지만 뭔가 실제로 봐야 18살의 은근한 풋풋상… https://t.co/oGJ95qiIkG",
  "date": "Sun Dec 09 15:26:39 +0000 2018",
  "retweets": 0,
  "favorites": 0,
  "mentions": [
    {
      "screen_name": "_vnavna_prd",
      "name": "POM",
      "id": 857994915086688256,
      "id_str": "857994915086688256",
      "indices": [
        0,
        12
      ]
    }
  ],
  "hashtags": [],
  "geo": null
},{
  "id": "1071787444989612032",
  "permalink": "",
  "username": "팝🍿[17-20일이 시험,,]",
  "text": "@j_t_h_03 진짜 그 말 딱 예찬이꺼ㅜㅜ",
  "date": "Sun Dec 09 15:23:34 +0000 2018",
  "retweets": 0,
  "favorites": 0,
  "mentions": [
    {
      "screen_name": "j_t_h_03",
      "name": "게릴라 가는 둥 이",
      "id": 1059464124600467457,
      "id_str": "1059464124600467457",
      "indices": [
        0,
        9
      ]
    }
  ],
  "hashtags": [],
  "geo": null
},{
  "id": "1071786765525037056",
  "permalink": "",
  "username": "꿀짱",
  "text": "@_vnavna_prd 주변분들 보면 예찬이는 진짜 실물보고 입덕하는거같아요 어떤 사진을 봐도 예찬이 특유의 분위기가 안담겨요ㅠㅠㅠ",
  "date": "Sun Dec 09 15:20:52 +0000 2018",
  "retweets": 0,
  "favorites": 0,
  "mentions": [
    {
      "screen_name": "_vnavna_prd",
      "name": "POM",
      "id": 857994915086688256,
      "id_str": "857994915086688256",
      "indices": [
        0,
        12
      ]
    }
  ],
  "hashtags": [],
  "geo": null
},{
  "id": "1071786664970702848",
  "permalink": "",
  "username": "미뇽이",
  "text": "예찬이 ㄹㅇ진지하게 1분동안 춤춘거ㅋㅋㅋㅋㅋㅋ예찬아미안 왤케 기냐고 했음 #신예찬 https://t.co/FetUa2YJze",
  "date": "Sun Dec 09 15:20:28 +0000 2018",
  "retweets": 13,
  "favorites": 26,
  "mentions": [],
  "hashtags": [
    {
      "text": "신예찬",
      "indices": [
        41,
        45
      ]
    }
  ],
  "geo": null
},{
  "id": "1071786418572222468",
  "permalink": "",
  "username": "베람🍓",
  "text": "택현이는 역시 잘생겼더라 팬서비스도 잘해주고 진짜착해보여 ㅠㅠㅠㅠㅠ 유용하는 진짜 역시 실물파 ....! 송병희 진짜 짱기여움 ㅠㅠㅠㅠㅠㅠ 김영원도 잘생겻고 김태우도 개잘생김ㅠㅠㅠㅠ 예찬이하얀모자 너무 기엽고 잘어울렷어 진짜 세상살기 행벅해",
  "date": "Sun Dec 09 15:19:29 +0000 2018",
  "retweets": 0,
  "favorites": 1,
  "mentions": [],
  "hashtags": [],
  "geo": null
},{
  "id": "1071785865410572288",
  "permalink": "",
  "username": "Lan.",
  "text": "RT @Bang_Cherry_13: 보이세요 예찬이가 저한태 인사해조써여 ㅠㅠㅠㅠㅜㅠㅠㅠㅠㅠ 넘 당황해서 카메라 바르끄고 소리지름 ㅋㅋㅋㅋㅋㅋㅋㅋㅋㅋ \n\n#언더나인틴 #신예찬 https://t.co/rHTgJG4bch",
  "date": "Sun Dec 09 15:17:17 +0000 2018",
  "retweets": 34,
  "favorites": 0,
  "mentions": [
    {
      "screen_name": "Bang_Cherry_13",
      "name": "체리🍒",
      "id": 2317133671,
      "id_str": "2317133671",
      "indices": [
        3,
        18
      ]
    }
  ],
  "hashtags": [
    {
      "text": "언더나인틴",
      "indices": [
        86,
        92
      ]
    },
    {
      "text": "신예찬",
      "indices": [
        93,
        97
      ]
    }
  ],
  "geo": null
},{
  "id": "1071785714067488768",
  "permalink": "",
  "username": "청연",
  "text": "RT @frythemall: 나 하은이라는이름인애들중에 왜케 교회다니는애들이많지 생각하다가 하은이 하나님의은혜 줄인거라는거듣고 충격먹엇어.. 그이후로 하 나 예 자로시작하는이름보면 궁예질들어감\n하나? 하나님나라? 예지? 예수님의지혜? 예은?예수님의은…",
  "date": "Sun Dec 09 15:16:41 +0000 2018",
  "retweets": 22656,
  "favorites": 0,
  "mentions": [
    {
      "screen_name": "frythemall",
      "name": "튀겨버려",
      "id": 3066199944,
      "id_str": "3066199944",
      "indices": [
        3,
        14
      ]
    }
  ],
  "hashtags": [],
  "geo": null
},{
  "id": "1071785009277796355",
  "permalink": "",
  "username": "김무명¹⁹",
  "text": "RT @Bang_Cherry_13: 보이세요 예찬이가 저한태 인사해조써여 ㅠㅠㅠㅠㅜㅠㅠㅠㅠㅠ 넘 당황해서 카메라 바르끄고 소리지름 ㅋㅋㅋㅋㅋㅋㅋㅋㅋㅋ \n\n#언더나인틴 #신예찬 https://t.co/rHTgJG4bch",
  "date": "Sun Dec 09 15:13:53 +0000 2018",
  "retweets": 34,
  "favorites": 0,
  "mentions": [
    {
      "screen_name": "Bang_Cherry_13",
      "name": "체리🍒",
      "id": 2317133671,
      "id_str": "2317133671",
      "indices": [
        3,
        18
      ]
    }
  ],
  "hashtags": [
    {
      "text": "언더나인틴",
      "indices": [
        86,
        92
      ]
    },
    {
      "text": "신예찬",
      "indices": [
        93,
        97
      ]
    }
  ],
  "geo": null
},{
  "id": "1071782879728783360",
  "permalink": "",
  "username": "진까살🔨 정성",
  "text": "RT @Yechan_Fan: 언더나인틴 보컬팀의 얼굴 예찬이와 진성이 ♡♡♡♡\n\n#언더나인틴 #신예찬 #UNDERNINETEEN #UNDER19 #shinyechan #정진성 #JUNGJINSUNG https://t.co/R4oUIBYAhY",
  "date": "Sun Dec 09 15:05:25 +0000 2018",
  "retweets": 46,
  "favorites": 0,
  "mentions": [
    {
      "screen_name": "Yechan_Fan",
      "name": "예차니",
      "id": 1057982797376188417,
      "id_str": "1057982797376188417",
      "indices": [
        3,
        14
      ]
    }
  ],
  "hashtags": [
    {
      "text": "언더나인틴",
      "indices": [
        45,
        51
      ]
    },
    {
      "text": "신예찬",
      "indices": [
        52,
        56
      ]
    },
    {
      "text": "UNDERNINETEEN",
      "indices": [
        57,
        71
      ]
    },
    {
      "text": "UNDER19",
      "indices": [
        72,
        80
      ]
    },
    {
      "text": "shinyechan",
      "indices": [
        81,
        92
      ]
    },
    {
      "text": "정진성",
      "indices": [
        93,
        97
      ]
    },
    {
      "text": "JUNGJINSUNG",
      "indices": [
        98,
        110
      ]
    }
  ],
  "geo": null
},{
  "id": "1071782709423304704",
  "permalink": "",
  "username": "재",
  "text": "RT @Yechan_Fan: 언더나인틴 보컬팀의 얼굴 예찬이와 진성이 ♡♡♡♡\n\n#언더나인틴 #신예찬 #UNDERNINETEEN #UNDER19 #shinyechan #정진성 #JUNGJINSUNG https://t.co/R4oUIBYAhY",
  "date": "Sun Dec 09 15:04:45 +0000 2018",
  "retweets": 46,
  "favorites": 0,
  "mentions": [
    {
      "screen_name": "Yechan_Fan",
      "name": "예차니",
      "id": 1057982797376188417,
      "id_str": "1057982797376188417",
      "indices": [
        3,
        14
      ]
    }
  ],
  "hashtags": [
    {
      "text": "언더나인틴",
      "indices": [
        45,
        51
      ]
    },
    {
      "text": "신예찬",
      "indices": [
        52,
        56
      ]
    },
    {
      "text": "UNDERNINETEEN",
      "indices": [
        57,
        71
      ]
    },
    {
      "text": "UNDER19",
      "indices": [
        72,
        80
      ]
    },
    {
      "text": "shinyechan",
      "indices": [
        81,
        92
      ]
    },
    {
      "text": "정진성",
      "indices": [
        93,
        97
      ]
    },
    {
      "text": "JUNGJINSUNG",
      "indices": [
        98,
        110
      ]
    }
  ],
  "geo": null
},{
  "id": "1071781420895395841",
  "permalink": "",
  "username": "ฮวังสวีท",
  "text": "RT @Bang_Cherry_13: 보이세요 예찬이가 저한태 인사해조써여 ㅠㅠㅠㅠㅜㅠㅠㅠㅠㅠ 넘 당황해서 카메라 바르끄고 소리지름 ㅋㅋㅋㅋㅋㅋㅋㅋㅋㅋ \n\n#언더나인틴 #신예찬 https://t.co/rHTgJG4bch",
  "date": "Sun Dec 09 14:59:38 +0000 2018",
  "retweets": 34,
  "favorites": 0,
  "mentions": [
    {
      "screen_name": "Bang_Cherry_13",
      "name": "체리🍒",
      "id": 2317133671,
      "id_str": "2317133671",
      "indices": [
        3,
        18
      ]
    }
  ],
  "hashtags": [
    {
      "text": "언더나인틴",
      "indices": [
        86,
        92
      ]
    },
    {
      "text": "신예찬",
      "indices": [
        93,
        97
      ]
    }
  ],
  "geo": null
},{
  "id": "1071780788054573058",
  "permalink": "",
  "username": "달",
  "text": "RT @frythemall: 나 하은이라는이름인애들중에 왜케 교회다니는애들이많지 생각하다가 하은이 하나님의은혜 줄인거라는거듣고 충격먹엇어.. 그이후로 하 나 예 자로시작하는이름보면 궁예질들어감\n하나? 하나님나라? 예지? 예수님의지혜? 예은?예수님의은…",
  "date": "Sun Dec 09 14:57:07 +0000 2018",
  "retweets": 22656,
  "favorites": 0,
  "mentions": [
    {
      "screen_name": "frythemall",
      "name": "튀겨버려",
      "id": 3066199944,
      "id_str": "3066199944",
      "indices": [
        3,
        14
      ]
    }
  ],
  "hashtags": [],
  "geo": null
},{
  "id": "1071780288332673025",
  "permalink": "",
  "username": "🍗뿌링클🍗",
  "text": "@NY4N6_33H 이봄해는 찬이는 싫어? 하면서 또 슬픈눈으로 바라보고 막 장난치면서 놀림 ㅋㅋㅎㅎㅌㅎㅋㅋ 예찬아 귀야워...사랑해..",
  "date": "Sun Dec 09 14:55:08 +0000 2018",
  "retweets": 0,
  "favorites": 0,
  "mentions": [
    {
      "screen_name": "NY4N6_33H",
      "name": "💛지금 비숑한테 거짓말을 하셨나요?💜",
      "id": 963071532984451074,
      "id_str": "963071532984451074",
      "indices": [
        0,
        10
      ]
    }
  ],
  "hashtags": [],
  "geo": null
},{
  "id": "1071780257491894274",
  "permalink": "",
  "username": "Siwon's Wifeu",
  "text": "RT @radiant_syc: 181209 강남 게릴라 공연 #언더나인틴 #신예찬 #UNDERNINETEEN\n\n예찬이 안녕🤗 추운 날씨에도 불구하고 멋진 공연해줘서 고마오~~💓 https://t.co/dW78bVkOEu",
  "date": "Sun Dec 09 14:55:00 +0000 2018",
  "retweets": 74,
  "favorites": 0,
  "mentions": [
    {
      "screen_name": "radiant_syc",
      "name": "RADIANT",
      "id": 1070682451758829568,
      "id_str": "1070682451758829568",
      "indices": [
        3,
        15
      ]
    }
  ],
  "hashtags": [
    {
      "text": "언더나인틴",
      "indices": [
        34,
        40
      ]
    },
    {
      "text": "신예찬",
      "indices": [
        41,
        45
      ]
    },
    {
      "text": "UNDERNINETEEN",
      "indices": [
        46,
        60
      ]
    }
  ],
  "geo": null
},{
  "id": "1071779627402575873",
  "permalink": "",
  "username": "갓예찬0514",
  "text": "RT @Bang_Cherry_13: 보이세요 예찬이가 저한태 인사해조써여 ㅠㅠㅠㅠㅜㅠㅠㅠㅠㅠ 넘 당황해서 카메라 바르끄고 소리지름 ㅋㅋㅋㅋㅋㅋㅋㅋㅋㅋ \n\n#언더나인틴 #신예찬 https://t.co/rHTgJG4bch",
  "date": "Sun Dec 09 14:52:30 +0000 2018",
  "retweets": 34,
  "favorites": 0,
  "mentions": [
    {
      "screen_name": "Bang_Cherry_13",
      "name": "체리🍒",
      "id": 2317133671,
      "id_str": "2317133671",
      "indices": [
        3,
        18
      ]
    }
  ],
  "hashtags": [
    {
      "text": "언더나인틴",
      "indices": [
        86,
        92
      ]
    },
    {
      "text": "신예찬",
      "indices": [
        93,
        97
      ]
    }
  ],
  "geo": null
},{
  "id": "1071778363272921089",
  "permalink": "",
  "username": "ㄷㅡ6 🌱토이의스케치북",
  "text": "RT @lesmy2017: 이야기 셋! 사이다는 가짜입니다! \n\n사이다 예찬하던 사람들!\n김빠진 사이다인 것 알고\n이거 설탕물이잖여!\n이젠 뭘 마셔야 하는고....\n\n탄산의 세계엔\n사이다만 있는 게 아닙니다!\n치느님과 단짝인 콜라도 있고 \n콜라 친구…",
  "date": "Sun Dec 09 14:47:29 +0000 2018",
  "retweets": 29,
  "favorites": 0,
  "mentions": [
    {
      "screen_name": "lesmy2017",
      "name": "#천원문파 레미! #아고라 문파님들 환영합니다!👍 #혜경궁이씨였어?😱",
      "id": 62868446,
      "id_str": "62868446",
      "indices": [
        3,
        13
      ]
    }
  ],
  "hashtags": [],
  "geo": null
},{
  "id": "1071777559203860481",
  "permalink": "",
  "username": "พรี่พวย",
  "text": "RT @Bang_Cherry_13: 보이세요 예찬이가 저한태 인사해조써여 ㅠㅠㅠㅠㅜㅠㅠㅠㅠㅠ 넘 당황해서 카메라 바르끄고 소리지름 ㅋㅋㅋㅋㅋㅋㅋㅋㅋㅋ \n\n#언더나인틴 #신예찬 https://t.co/rHTgJG4bch",
  "date": "Sun Dec 09 14:44:17 +0000 2018",
  "retweets": 34,
  "favorites": 0,
  "mentions": [
    {
      "screen_name": "Bang_Cherry_13",
      "name": "체리🍒",
      "id": 2317133671,
      "id_str": "2317133671",
      "indices": [
        3,
        18
      ]
    }
  ],
  "hashtags": [
    {
      "text": "언더나인틴",
      "indices": [
        86,
        92
      ]
    },
    {
      "text": "신예찬",
      "indices": [
        93,
        97
      ]
    }
  ],
  "geo": null
},{
  "id": "1071777495370743808",
  "permalink": "",
  "username": "하영",
  "text": "RT @Yechan_Fan: 언더나인틴 보컬팀의 얼굴 예찬이와 진성이 ♡♡♡♡\n\n#언더나인틴 #신예찬 #UNDERNINETEEN #UNDER19 #shinyechan #정진성 #JUNGJINSUNG https://t.co/R4oUIBYAhY",
  "date": "Sun Dec 09 14:44:02 +0000 2018",
  "retweets": 46,
  "favorites": 0,
  "mentions": [
    {
      "screen_name": "Yechan_Fan",
      "name": "예차니",
      "id": 1057982797376188417,
      "id_str": "1057982797376188417",
      "indices": [
        3,
        14
      ]
    }
  ],
  "hashtags": [
    {
      "text": "언더나인틴",
      "indices": [
        45,
        51
      ]
    },
    {
      "text": "신예찬",
      "indices": [
        52,
        56
      ]
    },
    {
      "text": "UNDERNINETEEN",
      "indices": [
        57,
        71
      ]
    },
    {
      "text": "UNDER19",
      "indices": [
        72,
        80
      ]
    },
    {
      "text": "shinyechan",
      "indices": [
        81,
        92
      ]
    },
    {
      "text": "정진성",
      "indices": [
        93,
        97
      ]
    },
    {
      "text": "JUNGJINSUNG",
      "indices": [
        98,
        110
      ]
    }
  ],
  "geo": null
},{
  "id": "1071776982684192768",
  "permalink": "",
  "username": "갓예찬0514",
  "text": "😳\n내 심장이......... 헉! \n\n#신예찬 #언더나인틴 #예찬 #shinyechan #yechan #UNDERNINETEEN #Under19 https://t.co/NKE3FnyRA1",
  "date": "Sun Dec 09 14:41:59 +0000 2018",
  "retweets": 4,
  "favorites": 9,
  "mentions": [],
  "hashtags": [
    {
      "text": "신예찬",
      "indices": [
        22,
        26
      ]
    },
    {
      "text": "언더나인틴",
      "indices": [
        27,
        33
      ]
    },
    {
      "text": "예찬",
      "indices": [
        34,
        37
      ]
    },
    {
      "text": "shinyechan",
      "indices": [
        38,
        49
      ]
    },
    {
      "text": "yechan",
      "indices": [
        50,
        57
      ]
    },
    {
      "text": "UNDERNINETEEN",
      "indices": [
        58,
        72
      ]
    },
    {
      "text": "Under19",
      "indices": [
        73,
        81
      ]
    }
  ],
  "geo": null
},{
  "id": "1071776794368327681",
  "permalink": "",
  "username": "🤙🏼",
  "text": "RT @lee_ye_chan1122: 세상 귀여운 예찬이 입꾹꾹 좀 보세요 (●´ω｀●) #언더나인틴_이예찬 https://t.co/3BswNPwG8m",
  "date": "Sun Dec 09 14:41:15 +0000 2018",
  "retweets": 6,
  "favorites": 0,
  "mentions": [
    {
      "screen_name": "lee_ye_chan1122",
      "name": "예찬할미",
      "id": 750234228185374721,
      "id_str": "750234228185374721",
      "indices": [
        3,
        19
      ]
    }
  ],
  "hashtags": [
    {
      "text": "언더나인틴_이예찬",
      "indices": [
        50,
        60
      ]
    }
  ],
  "geo": null
},{
  "id": "1071775683632750593",
  "permalink": "",
  "username": "Risnaa",
  "text": "RT @Bang_Cherry_13: 보이세요 예찬이가 저한태 인사해조써여 ㅠㅠㅠㅠㅜㅠㅠㅠㅠㅠ 넘 당황해서 카메라 바르끄고 소리지름 ㅋㅋㅋㅋㅋㅋㅋㅋㅋㅋ \n\n#언더나인틴 #신예찬 https://t.co/rHTgJG4bch",
  "date": "Sun Dec 09 14:36:50 +0000 2018",
  "retweets": 34,
  "favorites": 0,
  "mentions": [
    {
      "screen_name": "Bang_Cherry_13",
      "name": "체리🍒",
      "id": 2317133671,
      "id_str": "2317133671",
      "indices": [
        3,
        18
      ]
    }
  ],
  "hashtags": [
    {
      "text": "언더나인틴",
      "indices": [
        86,
        92
      ]
    },
    {
      "text": "신예찬",
      "indices": [
        93,
        97
      ]
    }
  ],
  "geo": null
},{
  "id": "1071775539843624961",
  "permalink": "",
  "username": "หนูยูครู้กกกก",
  "text": "RT @SUNGWON_com: 양치도구를 안 챙긴 예찬이와 빌려준다는 준혁이와 손가락으로 양치하라는 성원이 ㅋㅋㅋㅋㅋ\n\n#이예찬 #박성원 #방준혁 #언더나인틴 https://t.co/jIE5RAs9kf",
  "date": "Sun Dec 09 14:36:15 +0000 2018",
  "retweets": 41,
  "favorites": 0,
  "mentions": [
    {
      "screen_name": "SUNGWON_com",
      "name": "성원의 이름으로",
      "id": 1057576052111761408,
      "id_str": "1057576052111761408",
      "indices": [
        3,
        15
      ]
    }
  ],
  "hashtags": [
    {
      "text": "이예찬",
      "indices": [
        67,
        71
      ]
    },
    {
      "text": "박성원",
      "indices": [
        72,
        76
      ]
    },
    {
      "text": "방준혁",
      "indices": [
        77,
        81
      ]
    },
    {
      "text": "언더나인틴",
      "indices": [
        82,
        88
      ]
    }
  ],
  "geo": null
},{
  "id": "1071775106236506113",
  "permalink": "",
  "username": "제이",
  "text": "@XY73sgGPVJ4RjZu 예찬님이 더 예쁘세요ㅠㅠ",
  "date": "Sun Dec 09 14:34:32 +0000 2018",
  "retweets": 0,
  "favorites": 0,
  "mentions": [
    {
      "screen_name": "XY73sgGPVJ4RjZu",
      "name": "예찬 🥰🥺🥰",
      "id": 1011138278374821888,
      "id_str": "1011138278374821888",
      "indices": [
        0,
        16
      ]
    }
  ],
  "hashtags": [],
  "geo": null
},{
  "id": "1071774591842799616",
  "permalink": "",
  "username": "mybabyyechanissocute",
  "text": "RT @lee_ye_chan1122: 세상 귀여운 예찬이 입꾹꾹 좀 보세요 (●´ω｀●) #언더나인틴_이예찬 https://t.co/3BswNPwG8m",
  "date": "Sun Dec 09 14:32:29 +0000 2018",
  "retweets": 6,
  "favorites": 0,
  "mentions": [
    {
      "screen_name": "lee_ye_chan1122",
      "name": "예찬할미",
      "id": 750234228185374721,
      "id_str": "750234228185374721",
      "indices": [
        3,
        19
      ]
    }
  ],
  "hashtags": [
    {
      "text": "언더나인틴_이예찬",
      "indices": [
        50,
        60
      ]
    }
  ],
  "geo": null
},{
  "id": "1071773882015657985",
  "permalink": "",
  "username": "หาวห่าว😊",
  "text": "RT @Yechan_Fan: 언더나인틴 보컬팀의 얼굴 예찬이와 진성이 ♡♡♡♡\n\n#언더나인틴 #신예찬 #UNDERNINETEEN #UNDER19 #shinyechan #정진성 #JUNGJINSUNG https://t.co/R4oUIBYAhY",
  "date": "Sun Dec 09 14:29:40 +0000 2018",
  "retweets": 46,
  "favorites": 0,
  "mentions": [
    {
      "screen_name": "Yechan_Fan",
      "name": "예차니",
      "id": 1057982797376188417,
      "id_str": "1057982797376188417",
      "indices": [
        3,
        14
      ]
    }
  ],
  "hashtags": [
    {
      "text": "언더나인틴",
      "indices": [
        45,
        51
      ]
    },
    {
      "text": "신예찬",
      "indices": [
        52,
        56
      ]
    },
    {
      "text": "UNDERNINETEEN",
      "indices": [
        57,
        71
      ]
    },
    {
      "text": "UNDER19",
      "indices": [
        72,
        80
      ]
    },
    {
      "text": "shinyechan",
      "indices": [
        81,
        92
      ]
    },
    {
      "text": "정진성",
      "indices": [
        93,
        97
      ]
    },
    {
      "text": "JUNGJINSUNG",
      "indices": [
        98,
        110
      ]
    }
  ],
  "geo": null
},{
  "id": "1071772817790656513",
  "permalink": "",
  "username": "🐓신예애찬🐔",
  "text": "RT @Bang_Cherry_13: 보이세요 예찬이가 저한태 인사해조써여 ㅠㅠㅠㅠㅜㅠㅠㅠㅠㅠ 넘 당황해서 카메라 바르끄고 소리지름 ㅋㅋㅋㅋㅋㅋㅋㅋㅋㅋ \n\n#언더나인틴 #신예찬 https://t.co/rHTgJG4bch",
  "date": "Sun Dec 09 14:25:26 +0000 2018",
  "retweets": 34,
  "favorites": 0,
  "mentions": [
    {
      "screen_name": "Bang_Cherry_13",
      "name": "체리🍒",
      "id": 2317133671,
      "id_str": "2317133671",
      "indices": [
        3,
        18
      ]
    }
  ],
  "hashtags": [
    {
      "text": "언더나인틴",
      "indices": [
        86,
        92
      ]
    },
    {
      "text": "신예찬",
      "indices": [
        93,
        97
      ]
    }
  ],
  "geo": null
},{
  "id": "1071772401426448384",
  "permalink": "",
  "username": "𝐜𝐚𝐦𝐢𝐥𝐚",
  "text": "RT @Baery_0106: 예찬이를 귀여워 하는 귀여운 현준이 \n#언더나인틴 #배현준 #현준 #언더나인틴_게릴라공연 https://t.co/VX4r3CFUh3",
  "date": "Sun Dec 09 14:23:47 +0000 2018",
  "retweets": 14,
  "favorites": 0,
  "mentions": [
    {
      "screen_name": "Baery_0106",
      "name": "베리",
      "id": 967770012571201536,
      "id_str": "967770012571201536",
      "indices": [
        3,
        14
      ]
    }
  ],
  "hashtags": [
    {
      "text": "언더나인틴",
      "indices": [
        37,
        43
      ]
    },
    {
      "text": "배현준",
      "indices": [
        44,
        48
      ]
    },
    {
      "text": "현준",
      "indices": [
        49,
        52
      ]
    },
    {
      "text": "언더나인틴_게릴라공연",
      "indices": [
        53,
        65
      ]
    }
  ],
  "geo": null
}]