[{
  "id": "1073365914865754112",
  "permalink": "",
  "username": "최지현",
  "text": "RT @O1O514: #언더나인틴 #신예찬\n자기는 잘생기지 않앗다고... 잘생긴 예찬이가 말했다 🤔 https://t.co/5h1i0lkqh3",
  "date": "Thu Dec 13 23:55:50 +0000 2018",
  "retweets": 32,
  "favorites": 0,
  "mentions": [
    {
      "screen_name": "O1O514",
      "name": "공주",
      "id": 1049355987914653697,
      "id_str": "1049355987914653697",
      "indices": [
        3,
        10
      ]
    }
  ],
  "hashtags": [
    {
      "text": "언더나인틴",
      "indices": [
        12,
        18
      ]
    },
    {
      "text": "신예찬",
      "indices": [
        19,
        23
      ]
    }
  ],
  "geo": null
},{
  "id": "1073359520028475392",
  "permalink": "",
  "username": "[~12/21✈️] 렆시🌟",
  "text": "@kmcht_ ㅋㅋㅋ ㅋㅋㅋ ㅋㅋㅋㅋ 어제의 속눈썹예찬트윗by첫님을 보고 유심히 봤거든요 역시나 히바리 속눈썹 묘사를 빼놓지 않고 해두신 거예요 웃음이 났죠.....ㅌㅌㅋㅋㅋㅋㅋ ㅋㅋㅋㅋ 저도 속눈썹 완전 엄청 많이 좋아하니 노 프라블럼이에요!",
  "date": "Thu Dec 13 23:30:26 +0000 2018",
  "retweets": 0,
  "favorites": 1,
  "mentions": [
    {
      "screen_name": "kmcht_",
      "name": "첫",
      "id": 998868808314966017,
      "id_str": "998868808314966017",
      "indices": [
        0,
        7
      ]
    }
  ],
  "hashtags": [],
  "geo": null
},{
  "id": "1073358865004093440",
  "permalink": "",
  "username": "[페어구했는]됴타",
  "text": "RT @yebonghee: 언더나인틴 이예찬 방준혁 입니다\n참고로 14살 15살이구요,,,,",
  "date": "Thu Dec 13 23:27:50 +0000 2018",
  "retweets": 137,
  "favorites": 0,
  "mentions": [
    {
      "screen_name": "yebonghee",
      "name": "예봉희",
      "id": 968484218211770368,
      "id_str": "968484218211770368",
      "indices": [
        3,
        13
      ]
    }
  ],
  "hashtags": [],
  "geo": null
},{
  "id": "1073351946843578368",
  "permalink": "",
  "username": "지금 이 시각 서지경은?",
  "text": "잘생긴 예찬이가 오전 8시를 알려드립니다. 다들 잠은 집에 가서 자세요. 왜 시체가 되어있어.",
  "date": "Thu Dec 13 23:00:20 +0000 2018",
  "retweets": 0,
  "favorites": 0,
  "mentions": [],
  "hashtags": [],
  "geo": null
},{
  "id": "1073351866094780416",
  "permalink": "",
  "username": "예쁜 내새끼 괴롭히면 뒤진다",
  "text": "RT @yebonghee: 언더나인틴 이예찬 방준혁 입니다\n참고로 14살 15살이구요,,,,",
  "date": "Thu Dec 13 23:00:01 +0000 2018",
  "retweets": 137,
  "favorites": 0,
  "mentions": [
    {
      "screen_name": "yebonghee",
      "name": "예봉희",
      "id": 968484218211770368,
      "id_str": "968484218211770368",
      "indices": [
        3,
        13
      ]
    }
  ],
  "hashtags": [],
  "geo": null
},{
  "id": "1073351549588369409",
  "permalink": "",
  "username": "💕🐻~빵희야~🐻💕",
  "text": "RT @h_2min: 아구아구 조아 넘 조아용~\n#신예찬 #정진성 #전도염 #김준서 #송병희 #송재원 \n예전에 제가 재원이 친한 친구가 만났고 그 친구가 예찬이도 알고있다고 해서 재원이랑 예찬이 응원해요 ^^ https://t.co/OcGiwAYo6W",
  "date": "Thu Dec 13 22:58:45 +0000 2018",
  "retweets": 28,
  "favorites": 0,
  "mentions": [
    {
      "screen_name": "h_2min",
      "name": "선비찬♡",
      "id": 4533514032,
      "id_str": "4533514032",
      "indices": [
        3,
        10
      ]
    }
  ],
  "hashtags": [
    {
      "text": "신예찬",
      "indices": [
        27,
        31
      ]
    },
    {
      "text": "정진성",
      "indices": [
        32,
        36
      ]
    },
    {
      "text": "전도염",
      "indices": [
        37,
        41
      ]
    },
    {
      "text": "김준서",
      "indices": [
        42,
        46
      ]
    },
    {
      "text": "송병희",
      "indices": [
        47,
        51
      ]
    },
    {
      "text": "송재원",
      "indices": [
        52,
        56
      ]
    }
  ],
  "geo": null
},{
  "id": "1073351483750404096",
  "permalink": "",
  "username": "Coil🌼",
  "text": "RT @yebonghee: 언더나인틴 이예찬 방준혁 입니다\n참고로 14살 15살이구요,,,,",
  "date": "Thu Dec 13 22:58:30 +0000 2018",
  "retweets": 137,
  "favorites": 0,
  "mentions": [
    {
      "screen_name": "yebonghee",
      "name": "예봉희",
      "id": 968484218211770368,
      "id_str": "968484218211770368",
      "indices": [
        3,
        13
      ]
    }
  ],
  "hashtags": [],
  "geo": null
},{
  "id": "1073348126247800832",
  "permalink": "",
  "username": "JUNS0E",
  "text": "RT @junsoooo01: 아니 이짤 예찬이 뒤에 준서ㅋㄱㅋㅋㄱ신났네 https://t.co/FcvE0zweFd",
  "date": "Thu Dec 13 22:45:09 +0000 2018",
  "retweets": 3,
  "favorites": 0,
  "mentions": [
    {
      "screen_name": "junsoooo01",
      "name": "쭈쒠",
      "id": 1061114166159659008,
      "id_str": "1061114166159659008",
      "indices": [
        3,
        14
      ]
    }
  ],
  "hashtags": [],
  "geo": null
},{
  "id": "1073347739075862528",
  "permalink": "",
  "username": "JUNS0E",
  "text": "RT @h_2min: 아구아구 조아 넘 조아용~\n#신예찬 #정진성 #전도염 #김준서 #송병희 #송재원 \n예전에 제가 재원이 친한 친구가 만났고 그 친구가 예찬이도 알고있다고 해서 재원이랑 예찬이 응원해요 ^^ https://t.co/OcGiwAYo6W",
  "date": "Thu Dec 13 22:43:37 +0000 2018",
  "retweets": 28,
  "favorites": 0,
  "mentions": [
    {
      "screen_name": "h_2min",
      "name": "선비찬♡",
      "id": 4533514032,
      "id_str": "4533514032",
      "indices": [
        3,
        10
      ]
    }
  ],
  "hashtags": [
    {
      "text": "신예찬",
      "indices": [
        27,
        31
      ]
    },
    {
      "text": "정진성",
      "indices": [
        32,
        36
      ]
    },
    {
      "text": "전도염",
      "indices": [
        37,
        41
      ]
    },
    {
      "text": "김준서",
      "indices": [
        42,
        46
      ]
    },
    {
      "text": "송병희",
      "indices": [
        47,
        51
      ]
    },
    {
      "text": "송재원",
      "indices": [
        52,
        56
      ]
    }
  ],
  "geo": null
},{
  "id": "1073346110205382656",
  "permalink": "",
  "username": "𝐬𝐚𝐫𝐚𝐡 ♥ 𝐲𝐞𝐜𝐡𝐚𝐧",
  "text": "RT @99unna99: 181209 강남 게릴라 스테이지\n\n나는 예찬이가 부럽다는게 학계의 정설...😂😂\n성원이도 애긴데 애기가 애기를 귀여워한다는게 너무 귀엽고... \n\n#언더나인틴 #UNDERNINETEEN #랩팀 #박성원 #이예찬 https:…",
  "date": "Thu Dec 13 22:37:09 +0000 2018",
  "retweets": 79,
  "favorites": 0,
  "mentions": [
    {
      "screen_name": "99unna99",
      "name": "태짱",
      "id": 705306409420910592,
      "id_str": "705306409420910592",
      "indices": [
        3,
        12
      ]
    }
  ],
  "hashtags": [
    {
      "text": "언더나인틴",
      "indices": [
        97,
        103
      ]
    },
    {
      "text": "UNDERNINETEEN",
      "indices": [
        104,
        118
      ]
    },
    {
      "text": "랩팀",
      "indices": [
        119,
        122
      ]
    },
    {
      "text": "박성원",
      "indices": [
        123,
        127
      ]
    },
    {
      "text": "이예찬",
      "indices": [
        128,
        132
      ]
    }
  ],
  "geo": null
},{
  "id": "1073339930032533504",
  "permalink": "",
  "username": "Shin Yechan let's debut!!!",
  "text": "RT @O1O514: #언더나인틴 #신예찬\n자기는 잘생기지 않앗다고... 잘생긴 예찬이가 말했다 🤔 https://t.co/5h1i0lkqh3",
  "date": "Thu Dec 13 22:12:35 +0000 2018",
  "retweets": 32,
  "favorites": 0,
  "mentions": [
    {
      "screen_name": "O1O514",
      "name": "공주",
      "id": 1049355987914653697,
      "id_str": "1049355987914653697",
      "indices": [
        3,
        10
      ]
    }
  ],
  "hashtags": [
    {
      "text": "언더나인틴",
      "indices": [
        12,
        18
      ]
    },
    {
      "text": "신예찬",
      "indices": [
        19,
        23
      ]
    }
  ],
  "geo": null
},{
  "id": "1073333489921998848",
  "permalink": "",
  "username": "준서사랑",
  "text": "RT @junsoooo01: 아니 이짤 예찬이 뒤에 준서ㅋㄱㅋㅋㄱ신났네 https://t.co/FcvE0zweFd",
  "date": "Thu Dec 13 21:47:00 +0000 2018",
  "retweets": 3,
  "favorites": 0,
  "mentions": [
    {
      "screen_name": "junsoooo01",
      "name": "쭈쒠",
      "id": 1061114166159659008,
      "id_str": "1061114166159659008",
      "indices": [
        3,
        14
      ]
    }
  ],
  "hashtags": [],
  "geo": null
},{
  "id": "1073333058789564416",
  "permalink": "",
  "username": "준서사랑",
  "text": "RT @h_2min: 아구아구 조아 넘 조아용~\n#신예찬 #정진성 #전도염 #김준서 #송병희 #송재원 \n예전에 제가 재원이 친한 친구가 만났고 그 친구가 예찬이도 알고있다고 해서 재원이랑 예찬이 응원해요 ^^ https://t.co/OcGiwAYo6W",
  "date": "Thu Dec 13 21:45:17 +0000 2018",
  "retweets": 28,
  "favorites": 0,
  "mentions": [
    {
      "screen_name": "h_2min",
      "name": "선비찬♡",
      "id": 4533514032,
      "id_str": "4533514032",
      "indices": [
        3,
        10
      ]
    }
  ],
  "hashtags": [
    {
      "text": "신예찬",
      "indices": [
        27,
        31
      ]
    },
    {
      "text": "정진성",
      "indices": [
        32,
        36
      ]
    },
    {
      "text": "전도염",
      "indices": [
        37,
        41
      ]
    },
    {
      "text": "김준서",
      "indices": [
        42,
        46
      ]
    },
    {
      "text": "송병희",
      "indices": [
        47,
        51
      ]
    },
    {
      "text": "송재원",
      "indices": [
        52,
        56
      ]
    }
  ],
  "geo": null
},{
  "id": "1073303376379539457",
  "permalink": "",
  "username": "Lê Trần Yến Thanh",
  "text": "RT @RabbitChu_1218: 181209 강남 게릴라 \n#언더나인틴 #UNDERNINETEEN #박성원 #이예찬\n\n예찬이 귀여워하는 성원이 . . . ㄱㅇㅇ 😭❤️ https://t.co/rOvN8wZV4r",
  "date": "Thu Dec 13 19:47:20 +0000 2018",
  "retweets": 51,
  "favorites": 0,
  "mentions": [
    {
      "screen_name": "RabbitChu_1218",
      "name": "Rabbit Chu",
      "id": 1060301973239427072,
      "id_str": "1060301973239427072",
      "indices": [
        3,
        18
      ]
    }
  ],
  "hashtags": [
    {
      "text": "언더나인틴",
      "indices": [
        35,
        41
      ]
    },
    {
      "text": "UNDERNINETEEN",
      "indices": [
        42,
        56
      ]
    },
    {
      "text": "박성원",
      "indices": [
        57,
        61
      ]
    },
    {
      "text": "이예찬",
      "indices": [
        62,
        66
      ]
    }
  ],
  "geo": null
},{
  "id": "1073303132619165696",
  "permalink": "",
  "username": "Lê Trần Yến Thanh",
  "text": "RT @99unna99: 181209 강남 게릴라 스테이지\n\n나는 예찬이가 부럽다는게 학계의 정설...😂😂\n성원이도 애긴데 애기가 애기를 귀여워한다는게 너무 귀엽고... \n\n#언더나인틴 #UNDERNINETEEN #랩팀 #박성원 #이예찬 https:…",
  "date": "Thu Dec 13 19:46:22 +0000 2018",
  "retweets": 79,
  "favorites": 0,
  "mentions": [
    {
      "screen_name": "99unna99",
      "name": "태짱",
      "id": 705306409420910592,
      "id_str": "705306409420910592",
      "indices": [
        3,
        12
      ]
    }
  ],
  "hashtags": [
    {
      "text": "언더나인틴",
      "indices": [
        97,
        103
      ]
    },
    {
      "text": "UNDERNINETEEN",
      "indices": [
        104,
        118
      ]
    },
    {
      "text": "랩팀",
      "indices": [
        119,
        122
      ]
    },
    {
      "text": "박성원",
      "indices": [
        123,
        127
      ]
    },
    {
      "text": "이예찬",
      "indices": [
        128,
        132
      ]
    }
  ],
  "geo": null
},{
  "id": "1073299780560871424",
  "permalink": "",
  "username": "dea",
  "text": "RT @h_2min: 이 얼굴이 잘생기지 않았고요? 에헤이~~~~ 뽕이지 ㅋㅋㅋㅋ\n예찬아 네가 아마 몰랐지만 다른 사람들에게 네 존재가 정말 특별하고 얼굴은 아마 이 세상에서 졜 잘생긴 얼굴이야..\n누나가 그렇게 생각해 예차나 ^^\n#신예찬 #예찬…",
  "date": "Thu Dec 13 19:33:03 +0000 2018",
  "retweets": 3,
  "favorites": 0,
  "mentions": [
    {
      "screen_name": "h_2min",
      "name": "갓예찬0514",
      "id": 4533514032,
      "id_str": "4533514032",
      "indices": [
        3,
        10
      ]
    }
  ],
  "hashtags": [
    {
      "text": "신예찬",
      "indices": [
        130,
        134
      ]
    },
    {
      "text": "예찬",
      "indices": [
        135,
        138
      ]
    }
  ],
  "geo": null
},{
  "id": "1073298384390217728",
  "permalink": "",
  "username": "염우 따까리 익레기뇽",
  "text": "@t_em2 이즈 &lt; 쓰레기 (쓸모없는 버려야할 것들)\n예찬론 &lt; 어떤 대상을 매우 좋게 여겨 찬양하고 (이하생략)\n모순 덩어리에요!! 유익한 진리같은 건 없다구요 아앋 익레기통은 화만 모셔요 이 넓은 품으… https://t.co/355AJTTxsg",
  "date": "Thu Dec 13 19:27:30 +0000 2018",
  "retweets": 0,
  "favorites": 0,
  "mentions": [
    {
      "screen_name": "t_em2",
      "name": "✨뎀베해피함✨",
      "id": 2881748846,
      "id_str": "2881748846",
      "indices": [
        0,
        6
      ]
    }
  ],
  "hashtags": [],
  "geo": null
},{
  "id": "1073294343895539712",
  "permalink": "",
  "username": "✨뎀베해피함✨",
  "text": "@icnyong 이게 머가 모순적인 논리예요!! 그 화 머시기 예찬론보다 유익한 진리들만 담겨있는데 ㅋ ㅋ ㅋㅋㄱㄱ그럼 이제 익레기룡...¿어이업어 먼 개명까지 해요ㅋ ㅋㄱ걔랑 닮은 인형이래 그런걸 왜 줘요… https://t.co/Up8Cegr4Yu",
  "date": "Thu Dec 13 19:11:27 +0000 2018",
  "retweets": 0,
  "favorites": 0,
  "mentions": [
    {
      "screen_name": "icnyong",
      "name": "염우 따까리 익레기뇽",
      "id": 904800085996847104,
      "id_str": "904800085996847104",
      "indices": [
        0,
        8
      ]
    }
  ],
  "hashtags": [],
  "geo": null
},{
  "id": "1073293827673223168",
  "permalink": "",
  "username": "앤캐악개 이바",
  "text": "나는 그.. 서예찬이 너에게 상처를 주기 싫다고 말하는 부분이 인상깊었는데... 정말로 얘가 사람됐구나 싶어서",
  "date": "Thu Dec 13 19:09:24 +0000 2018",
  "retweets": 0,
  "favorites": 2,
  "mentions": [],
  "hashtags": [],
  "geo": null
},{
  "id": "1073291327670910976",
  "permalink": "",
  "username": "ㅅㅎ",
  "text": "RT @h_2min: 아구아구 조아 넘 조아용~\n#신예찬 #정진성 #전도염 #김준서 #송병희 #송재원 \n예전에 제가 재원이 친한 친구가 만났고 그 친구가 예찬이도 알고있다고 해서 재원이랑 예찬이 응원해요 ^^ https://t.co/OcGiwAYo6W",
  "date": "Thu Dec 13 18:59:27 +0000 2018",
  "retweets": 28,
  "favorites": 0,
  "mentions": [
    {
      "screen_name": "h_2min",
      "name": "선비찬♡",
      "id": 4533514032,
      "id_str": "4533514032",
      "indices": [
        3,
        10
      ]
    }
  ],
  "hashtags": [
    {
      "text": "신예찬",
      "indices": [
        27,
        31
      ]
    },
    {
      "text": "정진성",
      "indices": [
        32,
        36
      ]
    },
    {
      "text": "전도염",
      "indices": [
        37,
        41
      ]
    },
    {
      "text": "김준서",
      "indices": [
        42,
        46
      ]
    },
    {
      "text": "송병희",
      "indices": [
        47,
        51
      ]
    },
    {
      "text": "송재원",
      "indices": [
        52,
        56
      ]
    }
  ],
  "geo": null
},{
  "id": "1073281995680014337",
  "permalink": "",
  "username": "the apple of my eyes.",
  "text": "RT @radiant_syc: 181209 강남 게릴라 공연 #언더나인틴 #신예찬 #UNDERNINETEEN\n\n예찬이 안녕🤗 추운 날씨에도 불구하고 멋진 공연해줘서 고마오~~💓 https://t.co/dW78bVkOEu",
  "date": "Thu Dec 13 18:22:23 +0000 2018",
  "retweets": 74,
  "favorites": 0,
  "mentions": [
    {
      "screen_name": "radiant_syc",
      "name": "RADIANT",
      "id": 1070682451758829568,
      "id_str": "1070682451758829568",
      "indices": [
        3,
        15
      ]
    }
  ],
  "hashtags": [
    {
      "text": "언더나인틴",
      "indices": [
        34,
        40
      ]
    },
    {
      "text": "신예찬",
      "indices": [
        41,
        45
      ]
    },
    {
      "text": "UNDERNINETEEN",
      "indices": [
        46,
        60
      ]
    }
  ],
  "geo": null
},{
  "id": "1073279273601970176",
  "permalink": "",
  "username": "• ㅅ •",
  "text": "RT @O1O514: #언더나인틴 #신예찬\n자기는 잘생기지 않앗다고... 잘생긴 예찬이가 말했다 🤔 https://t.co/5h1i0lkqh3",
  "date": "Thu Dec 13 18:11:34 +0000 2018",
  "retweets": 32,
  "favorites": 0,
  "mentions": [
    {
      "screen_name": "O1O514",
      "name": "공주",
      "id": 1049355987914653697,
      "id_str": "1049355987914653697",
      "indices": [
        3,
        10
      ]
    }
  ],
  "hashtags": [
    {
      "text": "언더나인틴",
      "indices": [
        12,
        18
      ]
    },
    {
      "text": "신예찬",
      "indices": [
        19,
        23
      ]
    }
  ],
  "geo": null
},{
  "id": "1073278644645068800",
  "permalink": "",
  "username": "zx.",
  "text": "RT @RabbitChu_1218: 181209 강남 게릴라 \n#언더나인틴 #UNDERNINETEEN #박성원 #이예찬\n\n예찬이 귀여워하는 성원이 . . . ㄱㅇㅇ 😭❤️ https://t.co/rOvN8wZV4r",
  "date": "Thu Dec 13 18:09:04 +0000 2018",
  "retweets": 51,
  "favorites": 0,
  "mentions": [
    {
      "screen_name": "RabbitChu_1218",
      "name": "Rabbit Chu",
      "id": 1060301973239427072,
      "id_str": "1060301973239427072",
      "indices": [
        3,
        18
      ]
    }
  ],
  "hashtags": [
    {
      "text": "언더나인틴",
      "indices": [
        35,
        41
      ]
    },
    {
      "text": "UNDERNINETEEN",
      "indices": [
        42,
        56
      ]
    },
    {
      "text": "박성원",
      "indices": [
        57,
        61
      ]
    },
    {
      "text": "이예찬",
      "indices": [
        62,
        66
      ]
    }
  ],
  "geo": null
},{
  "id": "1073274069225635840",
  "permalink": "",
  "username": "유메",
  "text": "예찬아 누난 예찬이한테서 벽이 느껴져....\n\n\"완벽\" https://t.co/7yccJCUpL1",
  "date": "Thu Dec 13 17:50:53 +0000 2018",
  "retweets": 0,
  "favorites": 2,
  "mentions": [],
  "hashtags": [],
  "geo": null
},{
  "id": "1073270900454088704",
  "permalink": "",
  "username": "수 채",
  "text": "RT @yebonghee: 언더나인틴 이예찬 방준혁 입니다\n참고로 14살 15살이구요,,,,",
  "date": "Thu Dec 13 17:38:17 +0000 2018",
  "retweets": 137,
  "favorites": 0,
  "mentions": [
    {
      "screen_name": "yebonghee",
      "name": "예봉희",
      "id": 968484218211770368,
      "id_str": "968484218211770368",
      "indices": [
        3,
        13
      ]
    }
  ],
  "hashtags": [],
  "geo": null
},{
  "id": "1073266956466216960",
  "permalink": "",
  "username": "𝐛𝐨𝐮𝐪𝐮𝐞𝐭",
  "text": "RT @RabbitChu_1218: 181209 강남 게릴라 \n#언더나인틴 #UNDERNINETEEN #박성원 #이예찬\n\n예찬이 귀여워하는 성원이 . . . ㄱㅇㅇ 😭❤️ https://t.co/rOvN8wZV4r",
  "date": "Thu Dec 13 17:22:37 +0000 2018",
  "retweets": 51,
  "favorites": 0,
  "mentions": [
    {
      "screen_name": "RabbitChu_1218",
      "name": "Rabbit Chu",
      "id": 1060301973239427072,
      "id_str": "1060301973239427072",
      "indices": [
        3,
        18
      ]
    }
  ],
  "hashtags": [
    {
      "text": "언더나인틴",
      "indices": [
        35,
        41
      ]
    },
    {
      "text": "UNDERNINETEEN",
      "indices": [
        42,
        56
      ]
    },
    {
      "text": "박성원",
      "indices": [
        57,
        61
      ]
    },
    {
      "text": "이예찬",
      "indices": [
        62,
        66
      ]
    }
  ],
  "geo": null
},{
  "id": "1073266766934028288",
  "permalink": "",
  "username": "Kimamuk",
  "text": "RT @h_2min: 아구아구 조아 넘 조아용~\n#신예찬 #정진성 #전도염 #김준서 #송병희 #송재원 \n예전에 제가 재원이 친한 친구가 만났고 그 친구가 예찬이도 알고있다고 해서 재원이랑 예찬이 응원해요 ^^ https://t.co/OcGiwAYo6W",
  "date": "Thu Dec 13 17:21:52 +0000 2018",
  "retweets": 28,
  "favorites": 0,
  "mentions": [
    {
      "screen_name": "h_2min",
      "name": "선비찬♡",
      "id": 4533514032,
      "id_str": "4533514032",
      "indices": [
        3,
        10
      ]
    }
  ],
  "hashtags": [
    {
      "text": "신예찬",
      "indices": [
        27,
        31
      ]
    },
    {
      "text": "정진성",
      "indices": [
        32,
        36
      ]
    },
    {
      "text": "전도염",
      "indices": [
        37,
        41
      ]
    },
    {
      "text": "김준서",
      "indices": [
        42,
        46
      ]
    },
    {
      "text": "송병희",
      "indices": [
        47,
        51
      ]
    },
    {
      "text": "송재원",
      "indices": [
        52,
        56
      ]
    }
  ],
  "geo": null
},{
  "id": "1073264840750190592",
  "permalink": "",
  "username": "Kimamuk",
  "text": "RT @h_2min: 이 얼굴이 잘생기지 않았고요? 에헤이~~~~ 뽕이지 ㅋㅋㅋㅋ\n예찬아 네가 아마 몰랐지만 다른 사람들에게 네 존재가 정말 특별하고 얼굴은 아마 이 세상에서 졜 잘생긴 얼굴이야..\n누나가 그렇게 생각해 예차나 ^^\n#신예찬 #예찬…",
  "date": "Thu Dec 13 17:14:12 +0000 2018",
  "retweets": 3,
  "favorites": 0,
  "mentions": [
    {
      "screen_name": "h_2min",
      "name": "선비찬♡",
      "id": 4533514032,
      "id_str": "4533514032",
      "indices": [
        3,
        10
      ]
    }
  ],
  "hashtags": [
    {
      "text": "신예찬",
      "indices": [
        130,
        134
      ]
    },
    {
      "text": "예찬",
      "indices": [
        135,
        138
      ]
    }
  ],
  "geo": null
},{
  "id": "1073262770991198208",
  "permalink": "",
  "username": "坤坤的女人❤도영🐰민현👑",
  "text": "RT @YuruginaiHikari: ☆이예찬 ft 방준혁☆ CUT\n\nTheir friendship so cutee, wanna hug both of them💓\n\n#UNDERNINETEEN #아더나인틴 #LEEYECHAN #이예찬 #BANGJUNHY…",
  "date": "Thu Dec 13 17:05:59 +0000 2018",
  "retweets": 14,
  "favorites": 0,
  "mentions": [
    {
      "screen_name": "YuruginaiHikari",
      "name": "카나리아❣",
      "id": 1644278485,
      "id_str": "1644278485",
      "indices": [
        3,
        19
      ]
    }
  ],
  "hashtags": [
    {
      "text": "UNDERNINETEEN",
      "indices": [
        91,
        105
      ]
    },
    {
      "text": "아더나인틴",
      "indices": [
        106,
        112
      ]
    },
    {
      "text": "LEEYECHAN",
      "indices": [
        113,
        123
      ]
    },
    {
      "text": "이예찬",
      "indices": [
        124,
        128
      ]
    }
  ],
  "geo": null
},{
  "id": "1073260976760188928",
  "permalink": "",
  "username": "유메",
  "text": "예찬이도 해시태그 걸어줘 ㅠㅠ https://t.co/N0mEvnZmbS",
  "date": "Thu Dec 13 16:58:51 +0000 2018",
  "retweets": 0,
  "favorites": 1,
  "mentions": [],
  "hashtags": [],
  "geo": null
},{
  "id": "1073260815757656064",
  "permalink": "",
  "username": "유메",
  "text": "ㅠㅠ예찬이도 소개해줘 https://t.co/G7B7AqzM0n",
  "date": "Thu Dec 13 16:58:13 +0000 2018",
  "retweets": 0,
  "favorites": 1,
  "mentions": [],
  "hashtags": [],
  "geo": null
},{
  "id": "1073260728629510144",
  "permalink": "",
  "username": "L",
  "text": "RT @yebonghee: 언더나인틴 이예찬 방준혁 입니다\n참고로 14살 15살이구요,,,,",
  "date": "Thu Dec 13 16:57:52 +0000 2018",
  "retweets": 137,
  "favorites": 0,
  "mentions": [
    {
      "screen_name": "yebonghee",
      "name": "예봉희",
      "id": 968484218211770368,
      "id_str": "968484218211770368",
      "indices": [
        3,
        13
      ]
    }
  ],
  "hashtags": [],
  "geo": null
},{
  "id": "1073260655908536325",
  "permalink": "",
  "username": "유메",
  "text": "예찬이가 보고 싶은 새벽이야.........신예찬 모하니 자니....? 예찬아 누나한테 셀카 좀 보내주면 안될까 왜 좋은거 너 혼자만 봐ㅠㅠ",
  "date": "Thu Dec 13 16:57:35 +0000 2018",
  "retweets": 0,
  "favorites": 1,
  "mentions": [],
  "hashtags": [],
  "geo": null
},{
  "id": "1073255299656499200",
  "permalink": "",
  "username": "Kimamuk",
  "text": "RT @mydream_514: 신예찬 자기 안잘생겼다고 할때 진짜 진심으로 엥?????했어 예찬군 겸손이 지나치시네요 당신이 안잘생겼으면 이 나라에서 누가 잘생겼단 말입니까. 물론 그걸 모르는 것도 나름의 매력이 있지만 그래도 빨리 잘생긴거 인정하세…",
  "date": "Thu Dec 13 16:36:18 +0000 2018",
  "retweets": 6,
  "favorites": 0,
  "mentions": [
    {
      "screen_name": "mydream_514",
      "name": "유메",
      "id": 1058245564150640642,
      "id_str": "1058245564150640642",
      "indices": [
        3,
        15
      ]
    }
  ],
  "hashtags": [],
  "geo": null
},{
  "id": "1073253393466970112",
  "permalink": "",
  "username": "นิยา",
  "text": "RT @h_2min: 아구아구 조아 넘 조아용~\n#신예찬 #정진성 #전도염 #김준서 #송병희 #송재원 \n예전에 제가 재원이 친한 친구가 만났고 그 친구가 예찬이도 알고있다고 해서 재원이랑 예찬이 응원해요 ^^ https://t.co/OcGiwAYo6W",
  "date": "Thu Dec 13 16:28:43 +0000 2018",
  "retweets": 28,
  "favorites": 0,
  "mentions": [
    {
      "screen_name": "h_2min",
      "name": "선비찬♡",
      "id": 4533514032,
      "id_str": "4533514032",
      "indices": [
        3,
        10
      ]
    }
  ],
  "hashtags": [
    {
      "text": "신예찬",
      "indices": [
        27,
        31
      ]
    },
    {
      "text": "정진성",
      "indices": [
        32,
        36
      ]
    },
    {
      "text": "전도염",
      "indices": [
        37,
        41
      ]
    },
    {
      "text": "김준서",
      "indices": [
        42,
        46
      ]
    },
    {
      "text": "송병희",
      "indices": [
        47,
        51
      ]
    },
    {
      "text": "송재원",
      "indices": [
        52,
        56
      ]
    }
  ],
  "geo": null
},{
  "id": "1073253295014047744",
  "permalink": "",
  "username": "Kimamuk",
  "text": "RT @O1O514: #언더나인틴 #신예찬\n자기는 잘생기지 않앗다고... 잘생긴 예찬이가 말했다 🤔 https://t.co/5h1i0lkqh3",
  "date": "Thu Dec 13 16:28:20 +0000 2018",
  "retweets": 32,
  "favorites": 0,
  "mentions": [
    {
      "screen_name": "O1O514",
      "name": "공주",
      "id": 1049355987914653697,
      "id_str": "1049355987914653697",
      "indices": [
        3,
        10
      ]
    }
  ],
  "hashtags": [
    {
      "text": "언더나인틴",
      "indices": [
        12,
        18
      ]
    },
    {
      "text": "신예찬",
      "indices": [
        19,
        23
      ]
    }
  ],
  "geo": null
},{
  "id": "1073252946622668800",
  "permalink": "",
  "username": "12코 플랜 메인트🕺 바헤🐹",
  "text": "RT @baahe_: #바헤네_댄스연습실\n\n이게 뭐냐면요\n커미션 진행중인\n예찬가 안무 초안이랍니다!!\n짜는거 너무 어렵다 힝찌 https://t.co/ZrROHUkiNy",
  "date": "Thu Dec 13 16:26:57 +0000 2018",
  "retweets": 7,
  "favorites": 0,
  "mentions": [
    {
      "screen_name": "baahe_",
      "name": "12코 플랜 메인트🕺 바헤🐹",
      "id": 968708340246368256,
      "id_str": "968708340246368256",
      "indices": [
        3,
        10
      ]
    }
  ],
  "hashtags": [
    {
      "text": "바헤네_댄스연습실",
      "indices": [
        12,
        22
      ]
    }
  ],
  "geo": null
},{
  "id": "1073248542444011520",
  "permalink": "",
  "username": "Maria",
  "text": "RT @h_2min: 어머나 어머나 여러분들이 제가 얼마나 행복한지 모르죠? 이 사진 봤을때 진짜 완전 너무 행복해요 제가 ㅠㅠㅠㅠ 이 셋이가 제 고정픽인데 갑자기 사진 같이 찍었다니 ㅜㅜㅜㅜㅜ 드디어 성원이랑 예찬이 만났어 흑 흑 흑 같이 데뷔 하…",
  "date": "Thu Dec 13 16:09:27 +0000 2018",
  "retweets": 4,
  "favorites": 0,
  "mentions": [
    {
      "screen_name": "h_2min",
      "name": "선비찬♡",
      "id": 4533514032,
      "id_str": "4533514032",
      "indices": [
        3,
        10
      ]
    }
  ],
  "hashtags": [],
  "geo": null
},{
  "id": "1073248194119659520",
  "permalink": "",
  "username": "인걔누",
  "text": "@chomyang 개인적인 생각이지만 짞예찬이는 다램쥐상같어요ㅋㅋㅋㅋㅋㅋㅋㅋ ㅠㅠㅜㅋㅋㅋㅋ 큰예찬이는... 큰갱엃쥐상같고.... ㅜ ㅠㅠㅠㅜ볼빵빵쓰담이 해주고싶어요 둘다",
  "date": "Thu Dec 13 16:08:04 +0000 2018",
  "retweets": 0,
  "favorites": 0,
  "mentions": [
    {
      "screen_name": "chomyang",
      "name": "천 → 트친소무멘팔",
      "id": 1072882203497885697,
      "id_str": "1072882203497885697",
      "indices": [
        0,
        9
      ]
    }
  ],
  "hashtags": [],
  "geo": null
},{
  "id": "1073247727213981696",
  "permalink": "",
  "username": "Maria",
  "text": "RT @h_2min: 아구아구 조아 넘 조아용~\n#신예찬 #정진성 #전도염 #김준서 #송병희 #송재원 \n예전에 제가 재원이 친한 친구가 만났고 그 친구가 예찬이도 알고있다고 해서 재원이랑 예찬이 응원해요 ^^ https://t.co/OcGiwAYo6W",
  "date": "Thu Dec 13 16:06:12 +0000 2018",
  "retweets": 28,
  "favorites": 0,
  "mentions": [
    {
      "screen_name": "h_2min",
      "name": "갓예찬0514",
      "id": 4533514032,
      "id_str": "4533514032",
      "indices": [
        3,
        10
      ]
    }
  ],
  "hashtags": [
    {
      "text": "신예찬",
      "indices": [
        27,
        31
      ]
    },
    {
      "text": "정진성",
      "indices": [
        32,
        36
      ]
    },
    {
      "text": "전도염",
      "indices": [
        37,
        41
      ]
    },
    {
      "text": "김준서",
      "indices": [
        42,
        46
      ]
    },
    {
      "text": "송병희",
      "indices": [
        47,
        51
      ]
    },
    {
      "text": "송재원",
      "indices": [
        52,
        56
      ]
    }
  ],
  "geo": null
},{
  "id": "1073247695324606464",
  "permalink": "",
  "username": "천",
  "text": "@BeBANG_0 신.....예찬이요? 이....예찬이요?... 물론둘다빼밧갱얼쥐긴하지만..... 맞아요.... 그들은찐갱얼쥐.... 머리스담스담간식마구마구주고싶어요.....",
  "date": "Thu Dec 13 16:06:05 +0000 2018",
  "retweets": 0,
  "favorites": 0,
  "mentions": [
    {
      "screen_name": "BeBANG_0",
      "name": "인걔누",
      "id": 2928708973,
      "id_str": "2928708973",
      "indices": [
        0,
        9
      ]
    }
  ],
  "hashtags": [],
  "geo": null
},{
  "id": "1073245602819915776",
  "permalink": "",
  "username": "갓예찬0514",
  "text": "이 얼굴이 잘생기지 않았고요? 에헤이~~~~ 뽕이지 ㅋㅋㅋㅋ\n예찬아 네가 아마 몰랐지만 다른 사람들에게 네 존재가 정말 특별하고 얼굴은 아마 이 세상에서 졜 잘생긴 얼굴이야..\n누나가 그렇게 생각해 예차나… https://t.co/dpdNdUS5aQ",
  "date": "Thu Dec 13 15:57:46 +0000 2018",
  "retweets": 3,
  "favorites": 8,
  "mentions": [],
  "hashtags": [],
  "geo": null
},{
  "id": "1073244981370904576",
  "permalink": "",
  "username": "김읍읍",
  "text": "이예찬 어디서 들어봣는데 어디 나왓엇던애임?",
  "date": "Thu Dec 13 15:55:18 +0000 2018",
  "retweets": 0,
  "favorites": 0,
  "mentions": [],
  "hashtags": [],
  "geo": null
},{
  "id": "1073241018504380416",
  "permalink": "",
  "username": "우리소현이🐣🍒🌈💞🍭🍦🍫🎈✨",
  "text": "RT @h_2min: 아구아구 조아 넘 조아용~\n#신예찬 #정진성 #전도염 #김준서 #송병희 #송재원 \n예전에 제가 재원이 친한 친구가 만났고 그 친구가 예찬이도 알고있다고 해서 재원이랑 예찬이 응원해요 ^^ https://t.co/OcGiwAYo6W",
  "date": "Thu Dec 13 15:39:33 +0000 2018",
  "retweets": 28,
  "favorites": 0,
  "mentions": [
    {
      "screen_name": "h_2min",
      "name": "선비찬♡",
      "id": 4533514032,
      "id_str": "4533514032",
      "indices": [
        3,
        10
      ]
    }
  ],
  "hashtags": [
    {
      "text": "신예찬",
      "indices": [
        27,
        31
      ]
    },
    {
      "text": "정진성",
      "indices": [
        32,
        36
      ]
    },
    {
      "text": "전도염",
      "indices": [
        37,
        41
      ]
    },
    {
      "text": "김준서",
      "indices": [
        42,
        46
      ]
    },
    {
      "text": "송병희",
      "indices": [
        47,
        51
      ]
    },
    {
      "text": "송재원",
      "indices": [
        52,
        56
      ]
    }
  ],
  "geo": null
},{
  "id": "1073240864363696128",
  "permalink": "",
  "username": "◆ MR.YECHAN ◆",
  "text": "RT @h_2min: 아구아구 조아 넘 조아용~\n#신예찬 #정진성 #전도염 #김준서 #송병희 #송재원 \n예전에 제가 재원이 친한 친구가 만났고 그 친구가 예찬이도 알고있다고 해서 재원이랑 예찬이 응원해요 ^^ https://t.co/OcGiwAYo6W",
  "date": "Thu Dec 13 15:38:56 +0000 2018",
  "retweets": 28,
  "favorites": 0,
  "mentions": [
    {
      "screen_name": "h_2min",
      "name": "선비찬♡",
      "id": 4533514032,
      "id_str": "4533514032",
      "indices": [
        3,
        10
      ]
    }
  ],
  "hashtags": [
    {
      "text": "신예찬",
      "indices": [
        27,
        31
      ]
    },
    {
      "text": "정진성",
      "indices": [
        32,
        36
      ]
    },
    {
      "text": "전도염",
      "indices": [
        37,
        41
      ]
    },
    {
      "text": "김준서",
      "indices": [
        42,
        46
      ]
    },
    {
      "text": "송병희",
      "indices": [
        47,
        51
      ]
    },
    {
      "text": "송재원",
      "indices": [
        52,
        56
      ]
    }
  ],
  "geo": null
},{
  "id": "1073240543461703681",
  "permalink": "",
  "username": "Doyum 🐻❤️",
  "text": "RT @h_2min: 아구아구 조아 넘 조아용~\n#신예찬 #정진성 #전도염 #김준서 #송병희 #송재원 \n예전에 제가 재원이 친한 친구가 만났고 그 친구가 예찬이도 알고있다고 해서 재원이랑 예찬이 응원해요 ^^ https://t.co/OcGiwAYo6W",
  "date": "Thu Dec 13 15:37:40 +0000 2018",
  "retweets": 28,
  "favorites": 0,
  "mentions": [
    {
      "screen_name": "h_2min",
      "name": "갓예찬0514",
      "id": 4533514032,
      "id_str": "4533514032",
      "indices": [
        3,
        10
      ]
    }
  ],
  "hashtags": [
    {
      "text": "신예찬",
      "indices": [
        27,
        31
      ]
    },
    {
      "text": "정진성",
      "indices": [
        32,
        36
      ]
    },
    {
      "text": "전도염",
      "indices": [
        37,
        41
      ]
    },
    {
      "text": "김준서",
      "indices": [
        42,
        46
      ]
    },
    {
      "text": "송병희",
      "indices": [
        47,
        51
      ]
    },
    {
      "text": "송재원",
      "indices": [
        52,
        56
      ]
    }
  ],
  "geo": null
},{
  "id": "1073240375068831751",
  "permalink": "",
  "username": "미스터",
  "text": "럽미라잇보다.. 중독 이런거 해주지 앗 근머 내 우주는 전부 너야 예찬이가 해주.. 면 좋겠다",
  "date": "Thu Dec 13 15:36:59 +0000 2018",
  "retweets": 0,
  "favorites": 2,
  "mentions": [],
  "hashtags": [],
  "geo": null
},{
  "id": "1073239743796629504",
  "permalink": "",
  "username": "공주",
  "text": "예찬이 보고 싶어 ~ ,,,",
  "date": "Thu Dec 13 15:34:29 +0000 2018",
  "retweets": 0,
  "favorites": 1,
  "mentions": [],
  "hashtags": [],
  "geo": null
},{
  "id": "1073239545640964097",
  "permalink": "",
  "username": "( ㅇㅅㅇ )",
  "text": "RT @h_2min: 아구아구 조아 넘 조아용~\n#신예찬 #정진성 #전도염 #김준서 #송병희 #송재원 \n예전에 제가 재원이 친한 친구가 만났고 그 친구가 예찬이도 알고있다고 해서 재원이랑 예찬이 응원해요 ^^ https://t.co/OcGiwAYo6W",
  "date": "Thu Dec 13 15:33:42 +0000 2018",
  "retweets": 28,
  "favorites": 0,
  "mentions": [
    {
      "screen_name": "h_2min",
      "name": "갓예찬0514",
      "id": 4533514032,
      "id_str": "4533514032",
      "indices": [
        3,
        10
      ]
    }
  ],
  "hashtags": [
    {
      "text": "신예찬",
      "indices": [
        27,
        31
      ]
    },
    {
      "text": "정진성",
      "indices": [
        32,
        36
      ]
    },
    {
      "text": "전도염",
      "indices": [
        37,
        41
      ]
    },
    {
      "text": "김준서",
      "indices": [
        42,
        46
      ]
    },
    {
      "text": "송병희",
      "indices": [
        47,
        51
      ]
    },
    {
      "text": "송재원",
      "indices": [
        52,
        56
      ]
    }
  ],
  "geo": null
},{
  "id": "1073238354198650880",
  "permalink": "",
  "username": "KIMJUNSEO [TH]👑",
  "text": "RT @h_2min: 아구아구 조아 넘 조아용~\n#신예찬 #정진성 #전도염 #김준서 #송병희 #송재원 \n예전에 제가 재원이 친한 친구가 만났고 그 친구가 예찬이도 알고있다고 해서 재원이랑 예찬이 응원해요 ^^ https://t.co/OcGiwAYo6W",
  "date": "Thu Dec 13 15:28:58 +0000 2018",
  "retweets": 28,
  "favorites": 0,
  "mentions": [
    {
      "screen_name": "h_2min",
      "name": "갓예찬0514",
      "id": 4533514032,
      "id_str": "4533514032",
      "indices": [
        3,
        10
      ]
    }
  ],
  "hashtags": [
    {
      "text": "신예찬",
      "indices": [
        27,
        31
      ]
    },
    {
      "text": "정진성",
      "indices": [
        32,
        36
      ]
    },
    {
      "text": "전도염",
      "indices": [
        37,
        41
      ]
    },
    {
      "text": "김준서",
      "indices": [
        42,
        46
      ]
    },
    {
      "text": "송병희",
      "indices": [
        47,
        51
      ]
    },
    {
      "text": "송재원",
      "indices": [
        52,
        56
      ]
    }
  ],
  "geo": null
},{
  "id": "1073236296183631872",
  "permalink": "",
  "username": "라부",
  "text": "RT @summer_comicbot: 그날 은호를 받아들인 것은 은호에 대한 일종의 내 보상이었다. 은호는 잘못이 없으니까. \n\n하지만 \n그럼 내 잘못은 뭐지?\n\n/썸머, &lt;생명예찬&gt;",
  "date": "Thu Dec 13 15:20:47 +0000 2018",
  "retweets": 5,
  "favorites": 0,
  "mentions": [
    {
      "screen_name": "summer_comicbot",
      "name": "썸머님 만화 대사봇",
      "id": 945776451114057728,
      "id_str": "945776451114057728",
      "indices": [
        3,
        19
      ]
    }
  ],
  "hashtags": [],
  "geo": null
},{
  "id": "1073235840455925761",
  "permalink": "",
  "username": "[D-1] 시험기간 河 彬",
  "text": "나 걔네 다 좋아 빈이연이 예찬이... 걔네 다 내사랑이야 난 연이생각햇는데 옷이 좀.   . ..",
  "date": "Thu Dec 13 15:18:58 +0000 2018",
  "retweets": 0,
  "favorites": 1,
  "mentions": [],
  "hashtags": [],
  "geo": null
},{
  "id": "1073235163562164225",
  "permalink": "",
  "username": "쭈쭈바",
  "text": "예찬이 데려올줄알앗어 https://t.co/UvaujvXJ3d",
  "date": "Thu Dec 13 15:16:17 +0000 2018",
  "retweets": 0,
  "favorites": 1,
  "mentions": [],
  "hashtags": [],
  "geo": null
},{
  "id": "1073235034830602240",
  "permalink": "",
  "username": "[D-1] 시험기간 河 彬",
  "text": "ㅋ.ㅋㅋ.ㅋ.ㅋ.ㅋ. 난 예찬이가 그리고싶엇다구\n이제 예찬이 그릴수 잇어 난 행복한 모자야",
  "date": "Thu Dec 13 15:15:46 +0000 2018",
  "retweets": 0,
  "favorites": 1,
  "mentions": [],
  "hashtags": [],
  "geo": null
},{
  "id": "1073232479119585281",
  "permalink": "",
  "username": "🌶고추사냥꾼🌶",
  "text": "RT @yebonghee: 언더나인틴 이예찬 방준혁 입니다\n참고로 14살 15살이구요,,,,",
  "date": "Thu Dec 13 15:05:37 +0000 2018",
  "retweets": 137,
  "favorites": 0,
  "mentions": [
    {
      "screen_name": "yebonghee",
      "name": "예봉희",
      "id": 968484218211770368,
      "id_str": "968484218211770368",
      "indices": [
        3,
        13
      ]
    }
  ],
  "hashtags": [],
  "geo": null
},{
  "id": "1073231803928825856",
  "permalink": "",
  "username": "🍀",
  "text": "RT @ckslwkf: 예찬이는 마자용이지?&gt;〰️&lt; https://t.co/OesXLYdZ5o",
  "date": "Thu Dec 13 15:02:56 +0000 2018",
  "retweets": 28,
  "favorites": 0,
  "mentions": [
    {
      "screen_name": "ckslwkf",
      "name": "예잘",
      "id": 1058691821570650113,
      "id_str": "1058691821570650113",
      "indices": [
        3,
        11
      ]
    }
  ],
  "hashtags": [],
  "geo": null
},{
  "id": "1073230804623384577",
  "permalink": "",
  "username": "박윤진",
  "text": "RT @bkjghy1219: 진성이가 알려줬어 진짜 애기다 예찬아,,, ㅠㅜㅜ\n\n#언더나인틴 #보컬팀 #정진성 #랩팀 #이예찬 #언더나인틴_게릴라공연 https://t.co/8VIzsJgMY4",
  "date": "Thu Dec 13 14:58:58 +0000 2018",
  "retweets": 26,
  "favorites": 0,
  "mentions": [
    {
      "screen_name": "bkjghy1219",
      "name": "주녀기",
      "id": 1063814914014232577,
      "id_str": "1063814914014232577",
      "indices": [
        3,
        14
      ]
    }
  ],
  "hashtags": [
    {
      "text": "언더나인틴",
      "indices": [
        45,
        51
      ]
    },
    {
      "text": "보컬팀",
      "indices": [
        52,
        56
      ]
    },
    {
      "text": "정진성",
      "indices": [
        57,
        61
      ]
    },
    {
      "text": "랩팀",
      "indices": [
        62,
        65
      ]
    },
    {
      "text": "이예찬",
      "indices": [
        66,
        70
      ]
    },
    {
      "text": "언더나인틴_게릴라공연",
      "indices": [
        71,
        83
      ]
    }
  ],
  "geo": null
},{
  "id": "1073228273956450305",
  "permalink": "",
  "username": "จะซัพพอร์ตวันนาวันตลอดไป✨",
  "text": "RT @O1O514: #언더나인틴 #신예찬\n자기는 잘생기지 않앗다고... 잘생긴 예찬이가 말했다 🤔 https://t.co/5h1i0lkqh3",
  "date": "Thu Dec 13 14:48:54 +0000 2018",
  "retweets": 32,
  "favorites": 0,
  "mentions": [
    {
      "screen_name": "O1O514",
      "name": "공주",
      "id": 1049355987914653697,
      "id_str": "1049355987914653697",
      "indices": [
        3,
        10
      ]
    }
  ],
  "hashtags": [
    {
      "text": "언더나인틴",
      "indices": [
        12,
        18
      ]
    },
    {
      "text": "신예찬",
      "indices": [
        19,
        23
      ]
    }
  ],
  "geo": null
},{
  "id": "1073228020033282053",
  "permalink": "",
  "username": "🐓신예애찬🐔",
  "text": "RT @O1O514: #언더나인틴 #신예찬\n자기는 잘생기지 않앗다고... 잘생긴 예찬이가 말했다 🤔 https://t.co/5h1i0lkqh3",
  "date": "Thu Dec 13 14:47:54 +0000 2018",
  "retweets": 32,
  "favorites": 0,
  "mentions": [
    {
      "screen_name": "O1O514",
      "name": "공주",
      "id": 1049355987914653697,
      "id_str": "1049355987914653697",
      "indices": [
        3,
        10
      ]
    }
  ],
  "hashtags": [
    {
      "text": "언더나인틴",
      "indices": [
        12,
        18
      ]
    },
    {
      "text": "신예찬",
      "indices": [
        19,
        23
      ]
    }
  ],
  "geo": null
},{
  "id": "1073225277143056384",
  "permalink": "",
  "username": "arc",
  "text": "RT @O1O514: #언더나인틴 #신예찬\n자기는 잘생기지 않앗다고... 잘생긴 예찬이가 말했다 🤔 https://t.co/5h1i0lkqh3",
  "date": "Thu Dec 13 14:37:00 +0000 2018",
  "retweets": 32,
  "favorites": 0,
  "mentions": [
    {
      "screen_name": "O1O514",
      "name": "공주",
      "id": 1049355987914653697,
      "id_str": "1049355987914653697",
      "indices": [
        3,
        10
      ]
    }
  ],
  "hashtags": [
    {
      "text": "언더나인틴",
      "indices": [
        12,
        18
      ]
    },
    {
      "text": "신예찬",
      "indices": [
        19,
        23
      ]
    }
  ],
  "geo": null
},{
  "id": "1073224971592261633",
  "permalink": "",
  "username": "유메",
  "text": "아 팔로하래매~~~~인스타 있대매~~~예찬이는 어딨냐고~~~~ https://t.co/kfl7pQ4VR1",
  "date": "Thu Dec 13 14:35:47 +0000 2018",
  "retweets": 0,
  "favorites": 2,
  "mentions": [],
  "hashtags": [],
  "geo": null
},{
  "id": "1073224539973144576",
  "permalink": "",
  "username": "듀이ˢᵃʸˢ",
  "text": "RT @yebonghee: 언더나인틴 이예찬 방준혁 입니다\n참고로 14살 15살이구요,,,,",
  "date": "Thu Dec 13 14:34:04 +0000 2018",
  "retweets": 137,
  "favorites": 0,
  "mentions": [
    {
      "screen_name": "yebonghee",
      "name": "예봉희",
      "id": 968484218211770368,
      "id_str": "968484218211770368",
      "indices": [
        3,
        13
      ]
    }
  ],
  "hashtags": [],
  "geo": null
},{
  "id": "1073224137097629701",
  "permalink": "",
  "username": "toei_crazy",
  "text": "RT @h_2min: 아구아구 조아 넘 조아용~\n#신예찬 #정진성 #전도염 #김준서 #송병희 #송재원 \n예전에 제가 재원이 친한 친구가 만났고 그 친구가 예찬이도 알고있다고 해서 재원이랑 예찬이 응원해요 ^^ https://t.co/OcGiwAYo6W",
  "date": "Thu Dec 13 14:32:28 +0000 2018",
  "retweets": 28,
  "favorites": 0,
  "mentions": [
    {
      "screen_name": "h_2min",
      "name": "선비찬♡",
      "id": 4533514032,
      "id_str": "4533514032",
      "indices": [
        3,
        10
      ]
    }
  ],
  "hashtags": [
    {
      "text": "신예찬",
      "indices": [
        27,
        31
      ]
    },
    {
      "text": "정진성",
      "indices": [
        32,
        36
      ]
    },
    {
      "text": "전도염",
      "indices": [
        37,
        41
      ]
    },
    {
      "text": "김준서",
      "indices": [
        42,
        46
      ]
    },
    {
      "text": "송병희",
      "indices": [
        47,
        51
      ]
    },
    {
      "text": "송재원",
      "indices": [
        52,
        56
      ]
    }
  ],
  "geo": null
},{
  "id": "1073223831672647681",
  "permalink": "",
  "username": "스즈키",
  "text": "RT @notemmerssu: 생명예찬 초판이 1.11... 재판이 11.1... ㅋㅋㅋㅋㅋ 신기하네",
  "date": "Thu Dec 13 14:31:15 +0000 2018",
  "retweets": 15,
  "favorites": 0,
  "mentions": [
    {
      "screen_name": "notemmerssu",
      "name": "썸머~",
      "id": 1017274537665179648,
      "id_str": "1017274537665179648",
      "indices": [
        3,
        15
      ]
    }
  ],
  "hashtags": [],
  "geo": null
},{
  "id": "1073223559479156738",
  "permalink": "",
  "username": "녹용💎",
  "text": "RT @frythemall: 나 하은이라는이름인애들중에 왜케 교회다니는애들이많지 생각하다가 하은이 하나님의은혜 줄인거라는거듣고 충격먹엇어.. 그이후로 하 나 예 자로시작하는이름보면 궁예질들어감\n하나? 하나님나라? 예지? 예수님의지혜? 예은?예수님의은…",
  "date": "Thu Dec 13 14:30:10 +0000 2018",
  "retweets": 22656,
  "favorites": 0,
  "mentions": [
    {
      "screen_name": "frythemall",
      "name": "튀겨버려",
      "id": 3066199944,
      "id_str": "3066199944",
      "indices": [
        3,
        14
      ]
    }
  ],
  "hashtags": [],
  "geo": null
},{
  "id": "1073223349587734529",
  "permalink": "",
  "username": "썸머님 만화 대사봇",
  "text": "그날 은호를 받아들인 것은 은호에 대한 일종의 내 보상이었다. 은호는 잘못이 없으니까. \n\n하지만 \n그럼 내 잘못은 뭐지?\n\n/썸머, &lt;생명예찬&gt;",
  "date": "Thu Dec 13 14:29:20 +0000 2018",
  "retweets": 5,
  "favorites": 4,
  "mentions": [],
  "hashtags": [],
  "geo": null
},{
  "id": "1073222953444069376",
  "permalink": "",
  "username": "쭈쭈바",
  "text": "아니면 예찬이",
  "date": "Thu Dec 13 14:27:46 +0000 2018",
  "retweets": 0,
  "favorites": 0,
  "mentions": [],
  "hashtags": [],
  "geo": null
},{
  "id": "1073222336399138817",
  "permalink": "",
  "username": "유메",
  "text": "@O1O514 @TOPmedia_Kr 아 근까ㅡㅡ 왜 더팬 애들만 챙겨주지 왜 예찬준혁이는...",
  "date": "Thu Dec 13 14:25:19 +0000 2018",
  "retweets": 0,
  "favorites": 0,
  "mentions": [
    {
      "screen_name": "O1O514",
      "name": "공주",
      "id": 1049355987914653697,
      "id_str": "1049355987914653697",
      "indices": [
        0,
        7
      ]
    },
    {
      "screen_name": "TOPmedia_Kr",
      "name": "TOPmedia Official",
      "id": 121305711,
      "id_str": "121305711",
      "indices": [
        8,
        20
      ]
    }
  ],
  "hashtags": [],
  "geo": null
},{
  "id": "1073221838015098881",
  "permalink": "",
  "username": "h. 병희",
  "text": "RT @h_2min: 아구아구 조아 넘 조아용~\n#신예찬 #정진성 #전도염 #김준서 #송병희 #송재원 \n예전에 제가 재원이 친한 친구가 만났고 그 친구가 예찬이도 알고있다고 해서 재원이랑 예찬이 응원해요 ^^ https://t.co/OcGiwAYo6W",
  "date": "Thu Dec 13 14:23:20 +0000 2018",
  "retweets": 28,
  "favorites": 0,
  "mentions": [
    {
      "screen_name": "h_2min",
      "name": "갓예찬0514",
      "id": 4533514032,
      "id_str": "4533514032",
      "indices": [
        3,
        10
      ]
    }
  ],
  "hashtags": [
    {
      "text": "신예찬",
      "indices": [
        27,
        31
      ]
    },
    {
      "text": "정진성",
      "indices": [
        32,
        36
      ]
    },
    {
      "text": "전도염",
      "indices": [
        37,
        41
      ]
    },
    {
      "text": "김준서",
      "indices": [
        42,
        46
      ]
    },
    {
      "text": "송병희",
      "indices": [
        47,
        51
      ]
    },
    {
      "text": "송재원",
      "indices": [
        52,
        56
      ]
    }
  ],
  "geo": null
},{
  "id": "1073221169656913920",
  "permalink": "",
  "username": "최애 찍듯 대리찍사",
  "text": "181209 언더나인틴 강남 데이터\n김강민: 83\n박성원: 252\n이상민: 406\n이승환: 292 (출근길 포함)\n이예찬: 20 (출근길)\n최수민: 51\n배현준 :6 (출근길)\n임윤서 :23(출근길포함)\n싸… https://t.co/W8QLW9ZEiF",
  "date": "Thu Dec 13 14:20:40 +0000 2018",
  "retweets": 0,
  "favorites": 0,
  "mentions": [],
  "hashtags": [],
  "geo": null
},{
  "id": "1073220998944546816",
  "permalink": "",
  "username": "예차니",
  "text": "RT @h_2min: 아구아구 조아 넘 조아용~\n#신예찬 #정진성 #전도염 #김준서 #송병희 #송재원 \n예전에 제가 재원이 친한 친구가 만났고 그 친구가 예찬이도 알고있다고 해서 재원이랑 예찬이 응원해요 ^^ https://t.co/OcGiwAYo6W",
  "date": "Thu Dec 13 14:20:00 +0000 2018",
  "retweets": 28,
  "favorites": 0,
  "mentions": [
    {
      "screen_name": "h_2min",
      "name": "갓예찬0514",
      "id": 4533514032,
      "id_str": "4533514032",
      "indices": [
        3,
        10
      ]
    }
  ],
  "hashtags": [
    {
      "text": "신예찬",
      "indices": [
        27,
        31
      ]
    },
    {
      "text": "정진성",
      "indices": [
        32,
        36
      ]
    },
    {
      "text": "전도염",
      "indices": [
        37,
        41
      ]
    },
    {
      "text": "김준서",
      "indices": [
        42,
        46
      ]
    },
    {
      "text": "송병희",
      "indices": [
        47,
        51
      ]
    },
    {
      "text": "송재원",
      "indices": [
        52,
        56
      ]
    }
  ],
  "geo": null
},{
  "id": "1073220055918231552",
  "permalink": "",
  "username": "갓예찬0514",
  "text": "아구아구 조아 넘 조아용~\n#신예찬 #정진성 #전도염 #김준서 #송병희 #송재원 \n예전에 제가 재원이 친한 친구가 만났고 그 친구가 예찬이도 알고있다고 해서 재원이랑 예찬이 응원해요 ^^ https://t.co/OcGiwAYo6W",
  "date": "Thu Dec 13 14:16:15 +0000 2018",
  "retweets": 28,
  "favorites": 28,
  "mentions": [],
  "hashtags": [
    {
      "text": "신예찬",
      "indices": [
        15,
        19
      ]
    },
    {
      "text": "정진성",
      "indices": [
        20,
        24
      ]
    },
    {
      "text": "전도염",
      "indices": [
        25,
        29
      ]
    },
    {
      "text": "김준서",
      "indices": [
        30,
        34
      ]
    },
    {
      "text": "송병희",
      "indices": [
        35,
        39
      ]
    },
    {
      "text": "송재원",
      "indices": [
        40,
        44
      ]
    }
  ],
  "geo": null
},{
  "id": "1073219200926109696",
  "permalink": "",
  "username": "Katuii 🐰",
  "text": "RT @mydream_514: 신예찬 자기 안잘생겼다고 할때 진짜 진심으로 엥?????했어 예찬군 겸손이 지나치시네요 당신이 안잘생겼으면 이 나라에서 누가 잘생겼단 말입니까. 물론 그걸 모르는 것도 나름의 매력이 있지만 그래도 빨리 잘생긴거 인정하세…",
  "date": "Thu Dec 13 14:12:51 +0000 2018",
  "retweets": 6,
  "favorites": 0,
  "mentions": [
    {
      "screen_name": "mydream_514",
      "name": "유메",
      "id": 1058245564150640642,
      "id_str": "1058245564150640642",
      "indices": [
        3,
        15
      ]
    }
  ],
  "hashtags": [],
  "geo": null
},{
  "id": "1073216987101257729",
  "permalink": "",
  "username": "은월🌸",
  "text": "RT @frythemall: 나 하은이라는이름인애들중에 왜케 교회다니는애들이많지 생각하다가 하은이 하나님의은혜 줄인거라는거듣고 충격먹엇어.. 그이후로 하 나 예 자로시작하는이름보면 궁예질들어감\n하나? 하나님나라? 예지? 예수님의지혜? 예은?예수님의은…",
  "date": "Thu Dec 13 14:04:03 +0000 2018",
  "retweets": 22656,
  "favorites": 0,
  "mentions": [
    {
      "screen_name": "frythemall",
      "name": "튀겨버려",
      "id": 3066199944,
      "id_str": "3066199944",
      "indices": [
        3,
        14
      ]
    }
  ],
  "hashtags": [],
  "geo": null
},{
  "id": "1073214994869714944",
  "permalink": "",
  "username": "가루쓰 둥둥",
  "text": "아도랏노진짴ㅋㅋㅋㅋㅋ 이거 언젠가 예찬이앞에서 해주는 날 왔으면..(˘̩̩̩ε˘̩ƪ) https://t.co/e9JIG1Pe9f",
  "date": "Thu Dec 13 13:56:08 +0000 2018",
  "retweets": 0,
  "favorites": 0,
  "mentions": [],
  "hashtags": [],
  "geo": null
},{
  "id": "1073211858562121730",
  "permalink": "",
  "username": "이아🧣",
  "text": "전 면까살 예찬론자고요 이에 반대하는 분이 있다면 블블부탁",
  "date": "Thu Dec 13 13:43:41 +0000 2018",
  "retweets": 0,
  "favorites": 1,
  "mentions": [],
  "hashtags": [],
  "geo": null
},{
  "id": "1073210315817406464",
  "permalink": "",
  "username": "[무멘맞괄]•오직",
  "text": "7 . 언더나인틴 정진성 !!!!!!!!!!!!!!!! ❤❤❤❤❤\nFeat , 전도염 이예찬  ❤❤",
  "date": "Thu Dec 13 13:37:33 +0000 2018",
  "retweets": 0,
  "favorites": 0,
  "mentions": [],
  "hashtags": [],
  "geo": null
},{
  "id": "1073204872512557056",
  "permalink": "",
  "username": "플리",
  "text": "RT @mydream_514: 신예찬 자기 안잘생겼다고 할때 진짜 진심으로 엥?????했어 예찬군 겸손이 지나치시네요 당신이 안잘생겼으면 이 나라에서 누가 잘생겼단 말입니까. 물론 그걸 모르는 것도 나름의 매력이 있지만 그래도 빨리 잘생긴거 인정하세…",
  "date": "Thu Dec 13 13:15:55 +0000 2018",
  "retweets": 6,
  "favorites": 0,
  "mentions": [
    {
      "screen_name": "mydream_514",
      "name": "유메",
      "id": 1058245564150640642,
      "id_str": "1058245564150640642",
      "indices": [
        3,
        15
      ]
    }
  ],
  "hashtags": [],
  "geo": null
},{
  "id": "1073200292034801664",
  "permalink": "",
  "username": "쭈쒠",
  "text": "아니 이짤 예찬이 뒤에 준서ㅋㄱㅋㅋㄱ신났네 https://t.co/FcvE0zweFd",
  "date": "Thu Dec 13 12:57:43 +0000 2018",
  "retweets": 3,
  "favorites": 3,
  "mentions": [],
  "hashtags": [],
  "geo": null
},{
  "id": "1073199688516481025",
  "permalink": "",
  "username": "🍒ʏᴏsʜɪʜᴀʀᴀ ʏᴜᴋɪ🍒",
  "text": "RT @yebonghee: 언더나인틴 이예찬 방준혁 입니다\n참고로 14살 15살이구요,,,,",
  "date": "Thu Dec 13 12:55:19 +0000 2018",
  "retweets": 137,
  "favorites": 0,
  "mentions": [
    {
      "screen_name": "yebonghee",
      "name": "예봉희",
      "id": 968484218211770368,
      "id_str": "968484218211770368",
      "indices": [
        3,
        13
      ]
    }
  ],
  "hashtags": [],
  "geo": null
},{
  "id": "1073195154930946049",
  "permalink": "",
  "username": "모하",
  "text": "RT @frythemall: 나 하은이라는이름인애들중에 왜케 교회다니는애들이많지 생각하다가 하은이 하나님의은혜 줄인거라는거듣고 충격먹엇어.. 그이후로 하 나 예 자로시작하는이름보면 궁예질들어감\n하나? 하나님나라? 예지? 예수님의지혜? 예은?예수님의은…",
  "date": "Thu Dec 13 12:37:18 +0000 2018",
  "retweets": 22656,
  "favorites": 0,
  "mentions": [
    {
      "screen_name": "frythemall",
      "name": "튀겨버려",
      "id": 3066199944,
      "id_str": "3066199944",
      "indices": [
        3,
        14
      ]
    }
  ],
  "hashtags": [],
  "geo": null
},{
  "id": "1073193271029952512",
  "permalink": "",
  "username": "벼리",
  "text": "RT @LOVEBOMB_chan_: 🌟신예찬 슬로건 수량 조사🌟\n\n👉🏻 https://t.co/SQ2no52ify\n👉🏻60*20 스웨이드 반사 슬로건 입니다.\n👉🏻구매가 확실하신 분만 폼 작성 부탁드립니다.\n👉🏻 수정을 원하시는 분이 많아 수정후 다…",
  "date": "Thu Dec 13 12:29:49 +0000 2018",
  "retweets": 36,
  "favorites": 0,
  "mentions": [
    {
      "screen_name": "LOVEBOMB_chan_",
      "name": "ʟᴏᴠᴇ ʙᴏᴍʙ ❤️💣",
      "id": 1064153705564360705,
      "id_str": "1064153705564360705",
      "indices": [
        3,
        18
      ]
    }
  ],
  "hashtags": [],
  "geo": null
},{
  "id": "1073190291673214976",
  "permalink": "",
  "username": "☁シファ",
  "text": "RT @RabbitChu_1218: 181209 강남 게릴라 \n#언더나인틴 #UNDERNINETEEN #박성원 #이예찬\n\n예찬이 귀여워하는 성원이 . . . ㄱㅇㅇ 😭❤️ https://t.co/rOvN8wZV4r",
  "date": "Thu Dec 13 12:17:59 +0000 2018",
  "retweets": 51,
  "favorites": 0,
  "mentions": [
    {
      "screen_name": "RabbitChu_1218",
      "name": "Rabbit Chu",
      "id": 1060301973239427072,
      "id_str": "1060301973239427072",
      "indices": [
        3,
        18
      ]
    }
  ],
  "hashtags": [
    {
      "text": "언더나인틴",
      "indices": [
        35,
        41
      ]
    },
    {
      "text": "UNDERNINETEEN",
      "indices": [
        42,
        56
      ]
    },
    {
      "text": "박성원",
      "indices": [
        57,
        61
      ]
    },
    {
      "text": "이예찬",
      "indices": [
        62,
        66
      ]
    }
  ],
  "geo": null
},{
  "id": "1073188717404155906",
  "permalink": "",
  "username": "Nur Inayah R ∞",
  "text": "RT @h_2min: 성원이한테 방송분량이 계속 이렇게 많이 해주시면 정말 감사해요.. 근데 예찬이도요 제발 엠비씨...\n\n#박성원 #성원 #언더나인틴 #undernineteen #under19 #parksungwon #sungwon https://…",
  "date": "Thu Dec 13 12:11:43 +0000 2018",
  "retweets": 7,
  "favorites": 0,
  "mentions": [
    {
      "screen_name": "h_2min",
      "name": "선비찬♡",
      "id": 4533514032,
      "id_str": "4533514032",
      "indices": [
        3,
        10
      ]
    }
  ],
  "hashtags": [
    {
      "text": "박성원",
      "indices": [
        69,
        73
      ]
    },
    {
      "text": "성원",
      "indices": [
        74,
        77
      ]
    },
    {
      "text": "언더나인틴",
      "indices": [
        78,
        84
      ]
    },
    {
      "text": "undernineteen",
      "indices": [
        85,
        99
      ]
    },
    {
      "text": "under19",
      "indices": [
        100,
        108
      ]
    },
    {
      "text": "parksungwon",
      "indices": [
        109,
        121
      ]
    },
    {
      "text": "sungwon",
      "indices": [
        122,
        130
      ]
    }
  ],
  "geo": null
},{
  "id": "1073188076178923522",
  "permalink": "",
  "username": "[시험기간]sprout진성🌱",
  "text": "RT @bkjghy1219: 진성이가 알려줬어 진짜 애기다 예찬아,,, ㅠㅜㅜ\n\n#언더나인틴 #보컬팀 #정진성 #랩팀 #이예찬 #언더나인틴_게릴라공연 https://t.co/8VIzsJgMY4",
  "date": "Thu Dec 13 12:09:10 +0000 2018",
  "retweets": 26,
  "favorites": 0,
  "mentions": [
    {
      "screen_name": "bkjghy1219",
      "name": "주녀기",
      "id": 1063814914014232577,
      "id_str": "1063814914014232577",
      "indices": [
        3,
        14
      ]
    }
  ],
  "hashtags": [
    {
      "text": "언더나인틴",
      "indices": [
        45,
        51
      ]
    },
    {
      "text": "보컬팀",
      "indices": [
        52,
        56
      ]
    },
    {
      "text": "정진성",
      "indices": [
        57,
        61
      ]
    },
    {
      "text": "랩팀",
      "indices": [
        62,
        65
      ]
    },
    {
      "text": "이예찬",
      "indices": [
        66,
        70
      ]
    },
    {
      "text": "언더나인틴_게릴라공연",
      "indices": [
        71,
        83
      ]
    }
  ],
  "geo": null
},{
  "id": "1073188064040611840",
  "permalink": "",
  "username": "[ 진셩영셕 살려 ] SHY",
  "text": "RT @O1O514: #언더나인틴 #신예찬\n자기는 잘생기지 않앗다고... 잘생긴 예찬이가 말했다 🤔 https://t.co/5h1i0lkqh3",
  "date": "Thu Dec 13 12:09:07 +0000 2018",
  "retweets": 32,
  "favorites": 0,
  "mentions": [
    {
      "screen_name": "O1O514",
      "name": "공주",
      "id": 1049355987914653697,
      "id_str": "1049355987914653697",
      "indices": [
        3,
        10
      ]
    }
  ],
  "hashtags": [
    {
      "text": "언더나인틴",
      "indices": [
        12,
        18
      ]
    },
    {
      "text": "신예찬",
      "indices": [
        19,
        23
      ]
    }
  ],
  "geo": null
},{
  "id": "1073187768442904576",
  "permalink": "",
  "username": "[ 진셩영셕 살려 ] SHY",
  "text": "도대체 그럼 어떤 얼굴이 잘생긴 얼굴이야 예찬아...?????????? https://t.co/CWjtDiIOJ3",
  "date": "Thu Dec 13 12:07:57 +0000 2018",
  "retweets": 0,
  "favorites": 1,
  "mentions": [],
  "hashtags": [],
  "geo": null
},{
  "id": "1073187591048974336",
  "permalink": "",
  "username": "애끼성원🐰",
  "text": "RT @RabbitChu_1218: 181209 강남 게릴라 \n#언더나인틴 #UNDERNINETEEN #박성원 #이예찬\n\n예찬이 귀여워하는 성원이 . . . ㄱㅇㅇ 😭❤️ https://t.co/rOvN8wZV4r",
  "date": "Thu Dec 13 12:07:15 +0000 2018",
  "retweets": 51,
  "favorites": 0,
  "mentions": [
    {
      "screen_name": "RabbitChu_1218",
      "name": "Rabbit Chu",
      "id": 1060301973239427072,
      "id_str": "1060301973239427072",
      "indices": [
        3,
        18
      ]
    }
  ],
  "hashtags": [
    {
      "text": "언더나인틴",
      "indices": [
        35,
        41
      ]
    },
    {
      "text": "UNDERNINETEEN",
      "indices": [
        42,
        56
      ]
    },
    {
      "text": "박성원",
      "indices": [
        57,
        61
      ]
    },
    {
      "text": "이예찬",
      "indices": [
        62,
        66
      ]
    }
  ],
  "geo": null
},{
  "id": "1073182302367141890",
  "permalink": "",
  "username": "갓예찬0514",
  "text": "예차니가 여학생들 사이에서 아주 인기가 많다.. 학교 축제에서 춤출때 뱀파이어 오빠라는 별명이가 얻었고 온 여학생들이 예찬의 매력과 잘생긴 얼굴에 반했어 ㅋㅋ 예차니가 나왔을때 여학생들이 다 우성우성했고 \"… https://t.co/jgp7KQvEAF",
  "date": "Thu Dec 13 11:46:14 +0000 2018",
  "retweets": 0,
  "favorites": 1,
  "mentions": [],
  "hashtags": [],
  "geo": null
},{
  "id": "1073180805738815489",
  "permalink": "",
  "username": "🍼",
  "text": "RT @frythemall: 나 하은이라는이름인애들중에 왜케 교회다니는애들이많지 생각하다가 하은이 하나님의은혜 줄인거라는거듣고 충격먹엇어.. 그이후로 하 나 예 자로시작하는이름보면 궁예질들어감\n하나? 하나님나라? 예지? 예수님의지혜? 예은?예수님의은…",
  "date": "Thu Dec 13 11:40:17 +0000 2018",
  "retweets": 22656,
  "favorites": 0,
  "mentions": [
    {
      "screen_name": "frythemall",
      "name": "튀겨버려",
      "id": 3066199944,
      "id_str": "3066199944",
      "indices": [
        3,
        14
      ]
    }
  ],
  "hashtags": [],
  "geo": null
},{
  "id": "1073180772826136576",
  "permalink": "",
  "username": "뎜 비 ❄️",
  "text": "RT @tommoot: #언더나인틴 #신예찬\n자기는 잘생기지 않앗다고... 잘생긴 예찬이가 말했다 🤔 https://t.co/5h1i0lkqh3",
  "date": "Thu Dec 13 11:40:09 +0000 2018",
  "retweets": 32,
  "favorites": 0,
  "mentions": [],
  "hashtags": [
    {
      "text": "언더나인틴",
      "indices": [
        13,
        19
      ]
    },
    {
      "text": "신예찬",
      "indices": [
        20,
        24
      ]
    }
  ],
  "geo": null
},{
  "id": "1073180438619840513",
  "permalink": "",
  "username": "iel🌱(이엘)",
  "text": "RT @mydream_514: 신예찬 자기 안잘생겼다고 할때 진짜 진심으로 엥?????했어 예찬군 겸손이 지나치시네요 당신이 안잘생겼으면 이 나라에서 누가 잘생겼단 말입니까. 물론 그걸 모르는 것도 나름의 매력이 있지만 그래도 빨리 잘생긴거 인정하세…",
  "date": "Thu Dec 13 11:38:49 +0000 2018",
  "retweets": 6,
  "favorites": 0,
  "mentions": [
    {
      "screen_name": "mydream_514",
      "name": "유메",
      "id": 1058245564150640642,
      "id_str": "1058245564150640642",
      "indices": [
        3,
        15
      ]
    }
  ],
  "hashtags": [],
  "geo": null
},{
  "id": "1073179512794304513",
  "permalink": "",
  "username": "녁주",
  "text": "RT @ye_chan04: 내가 보고싶어서 올리는 이예찬 사진 모음 \n\n타래 계속 https://t.co/2U0hSg8lSv",
  "date": "Thu Dec 13 11:35:09 +0000 2018",
  "retweets": 1,
  "favorites": 0,
  "mentions": [
    {
      "screen_name": "ye_chan04",
      "name": "[맞괄해]🐤ZERO",
      "id": 1061119762502057984,
      "id_str": "1061119762502057984",
      "indices": [
        3,
        13
      ]
    }
  ],
  "hashtags": [],
  "geo": null
},{
  "id": "1073178707890565120",
  "permalink": "",
  "username": "제희",
  "text": "RT @tommoot: #언더나인틴 #신예찬\n자기는 잘생기지 않앗다고... 잘생긴 예찬이가 말했다 🤔 https://t.co/5h1i0lkqh3",
  "date": "Thu Dec 13 11:31:57 +0000 2018",
  "retweets": 32,
  "favorites": 0,
  "mentions": [],
  "hashtags": [
    {
      "text": "언더나인틴",
      "indices": [
        13,
        19
      ]
    },
    {
      "text": "신예찬",
      "indices": [
        20,
        24
      ]
    }
  ],
  "geo": null
},{
  "id": "1073178636180586496",
  "permalink": "",
  "username": "녁주",
  "text": "예찬이 잘컸으면 좋겠다..\n할미가 그것만 바라..\n물론 잘크겠지만..\n그래도 .. .\n포뇨닮은 우리 예짜니 https://t.co/By8RRwrG9A",
  "date": "Thu Dec 13 11:31:40 +0000 2018",
  "retweets": 0,
  "favorites": 1,
  "mentions": [],
  "hashtags": [],
  "geo": null
},{
  "id": "1073177520193732610",
  "permalink": "",
  "username": "Aaron J. Deschamps",
  "text": "RT @tommoot: #언더나인틴 #신예찬\n자기는 잘생기지 않앗다고... 잘생긴 예찬이가 말했다 🤔 https://t.co/5h1i0lkqh3",
  "date": "Thu Dec 13 11:27:14 +0000 2018",
  "retweets": 32,
  "favorites": 0,
  "mentions": [],
  "hashtags": [
    {
      "text": "언더나인틴",
      "indices": [
        13,
        19
      ]
    },
    {
      "text": "신예찬",
      "indices": [
        20,
        24
      ]
    }
  ],
  "geo": null
},{
  "id": "1073177426832777216",
  "permalink": "",
  "username": "예차니",
  "text": "RT @mydream_514: 신예찬 자기 안잘생겼다고 할때 진짜 진심으로 엥?????했어 예찬군 겸손이 지나치시네요 당신이 안잘생겼으면 이 나라에서 누가 잘생겼단 말입니까. 물론 그걸 모르는 것도 나름의 매력이 있지만 그래도 빨리 잘생긴거 인정하세…",
  "date": "Thu Dec 13 11:26:51 +0000 2018",
  "retweets": 6,
  "favorites": 0,
  "mentions": [
    {
      "screen_name": "mydream_514",
      "name": "유메",
      "id": 1058245564150640642,
      "id_str": "1058245564150640642",
      "indices": [
        3,
        15
      ]
    }
  ],
  "hashtags": [],
  "geo": null
},{
  "id": "1073174837630164992",
  "permalink": "",
  "username": "유메",
  "text": "RT @tommoot: #언더나인틴 #신예찬\n자기는 잘생기지 않앗다고... 잘생긴 예찬이가 말했다 🤔 https://t.co/5h1i0lkqh3",
  "date": "Thu Dec 13 11:16:34 +0000 2018",
  "retweets": 32,
  "favorites": 0,
  "mentions": [],
  "hashtags": [
    {
      "text": "언더나인틴",
      "indices": [
        13,
        19
      ]
    },
    {
      "text": "신예찬",
      "indices": [
        20,
        24
      ]
    }
  ],
  "geo": null
},{
  "id": "1073173920197443584",
  "permalink": "",
  "username": "iel🌱(이엘)",
  "text": "RT @tommoot: #언더나인틴 #신예찬\n자기는 잘생기지 않앗다고... 잘생긴 예찬이가 말했다 🤔 https://t.co/5h1i0lkqh3",
  "date": "Thu Dec 13 11:12:55 +0000 2018",
  "retweets": 32,
  "favorites": 0,
  "mentions": [],
  "hashtags": [
    {
      "text": "언더나인틴",
      "indices": [
        13,
        19
      ]
    },
    {
      "text": "신예찬",
      "indices": [
        20,
        24
      ]
    }
  ],
  "geo": null
},{
  "id": "1073173520966795264",
  "permalink": "",
  "username": "🐰🥕",
  "text": "RT @mydream_514: 신예찬 자기 안잘생겼다고 할때 진짜 진심으로 엥?????했어 예찬군 겸손이 지나치시네요 당신이 안잘생겼으면 이 나라에서 누가 잘생겼단 말입니까. 물론 그걸 모르는 것도 나름의 매력이 있지만 그래도 빨리 잘생긴거 인정하세…",
  "date": "Thu Dec 13 11:11:20 +0000 2018",
  "retweets": 6,
  "favorites": 0,
  "mentions": [
    {
      "screen_name": "mydream_514",
      "name": "유메",
      "id": 1058245564150640642,
      "id_str": "1058245564150640642",
      "indices": [
        3,
        15
      ]
    }
  ],
  "hashtags": [],
  "geo": null
}]