[{
  "id": "1074091067304161281",
  "permalink": "",
  "username": "asdfghjkl",
  "text": "RT @youth_chanjun: 181209 게릴라 공연\n\n웃고 있는 예찬이 귀여워 &gt;&lt;\n\n#신예찬 #ShinYechan #언더나인틴 #Undernineteen @MBC_Under19 https://t.co/nQga4NNTbp",
  "date": "Sat Dec 15 23:57:20 +0000 2018",
  "retweets": 36,
  "favorites": 0,
  "mentions": [
    {
      "screen_name": "youth_chanjun",
      "name": "청춘_예찬+준혁",
      "id": 1063726518667362305,
      "id_str": "1063726518667362305",
      "indices": [
        3,
        17
      ]
    },
    {
      "screen_name": "MBC_Under19",
      "name": "MBC 언더나인틴",
      "id": 1042612844108238848,
      "id_str": "1042612844108238848",
      "indices": [
        97,
        109
      ]
    }
  ],
  "hashtags": [
    {
      "text": "신예찬",
      "indices": [
        58,
        62
      ]
    },
    {
      "text": "ShinYechan",
      "indices": [
        63,
        74
      ]
    },
    {
      "text": "언더나인틴",
      "indices": [
        75,
        81
      ]
    },
    {
      "text": "Undernineteen",
      "indices": [
        82,
        96
      ]
    }
  ],
  "geo": null
},{
  "id": "1074086981724860417",
  "permalink": "",
  "username": "chàng trai MaguMagu",
  "text": "RT @mignon_JJS: 진성이 애교에 도염이와 예찬이 반응 ㅋㅋㅋㅋㅋㅋㅋㅋㅋㅋㅋㅋㅋㅋㅋㅋㅋㅋㅋㅋㅋㅋㅋㅋㅋㅋㅋㅋㅋㅋㅋㅋㅋㅋ\n\n#언더나인틴 #정진성 #전도염 #신예찬 https://t.co/M07vGsiiru",
  "date": "Sat Dec 15 23:41:06 +0000 2018",
  "retweets": 83,
  "favorites": 0,
  "mentions": [
    {
      "screen_name": "mignon_JJS",
      "name": "미그논",
      "id": 1069876252104830980,
      "id_str": "1069876252104830980",
      "indices": [
        3,
        14
      ]
    }
  ],
  "hashtags": [
    {
      "text": "언더나인틴",
      "indices": [
        72,
        78
      ]
    },
    {
      "text": "정진성",
      "indices": [
        79,
        83
      ]
    },
    {
      "text": "전도염",
      "indices": [
        84,
        88
      ]
    },
    {
      "text": "신예찬",
      "indices": [
        89,
        93
      ]
    }
  ],
  "geo": null
},{
  "id": "1074084864339705856",
  "permalink": "",
  "username": "버드",
  "text": "RT @cherrychocoice: 랩팀\n1.김성호(▲3)\n2.최수민(▼1)\n3.방준혁(▼1)\n4.이상민(▲3)\n5.박성원(▲4)\n6.유용하(▲5)\n7.정현준(▼1)\n8.김예준(▼3)\n9.남도현(▲3)\n10.정택현(▼2)\n11.이예찬(▼8)\n12.박…",
  "date": "Sat Dec 15 23:32:41 +0000 2018",
  "retweets": 1,
  "favorites": 0,
  "mentions": [
    {
      "screen_name": "cherrychocoice",
      "name": "cream",
      "id": 966118206963240960,
      "id_str": "966118206963240960",
      "indices": [
        3,
        18
      ]
    }
  ],
  "hashtags": [],
  "geo": null
},{
  "id": "1074084769019772929",
  "permalink": "",
  "username": "~12/17국장🐬네이레🐬",
  "text": "@kira_SSun ㅋㅋㅋㅋㅋㄲㅋㅋㅋㅋㅋㅋ 아 예찬가 진짜 잠 잘깼는데 이제 몸이 적응했나봄ㅠㅠㅠ",
  "date": "Sat Dec 15 23:32:19 +0000 2018",
  "retweets": 0,
  "favorites": 0,
  "mentions": [
    {
      "screen_name": "kira_SSun",
      "name": "전국제패 썬",
      "id": 807102378746839040,
      "id_str": "807102378746839040",
      "indices": [
        0,
        10
      ]
    }
  ],
  "hashtags": [],
  "geo": null
},{
  "id": "1074079151500550145",
  "permalink": "",
  "username": "jinsung enthusiast",
  "text": "RT @mignon_JJS: 진성이 애교에 도염이와 예찬이 반응 ㅋㅋㅋㅋㅋㅋㅋㅋㅋㅋㅋㅋㅋㅋㅋㅋㅋㅋㅋㅋㅋㅋㅋㅋㅋㅋㅋㅋㅋㅋㅋㅋㅋㅋ\n\n#언더나인틴 #정진성 #전도염 #신예찬 https://t.co/M07vGsiiru",
  "date": "Sat Dec 15 23:09:59 +0000 2018",
  "retweets": 83,
  "favorites": 0,
  "mentions": [
    {
      "screen_name": "mignon_JJS",
      "name": "미그논",
      "id": 1069876252104830980,
      "id_str": "1069876252104830980",
      "indices": [
        3,
        14
      ]
    }
  ],
  "hashtags": [
    {
      "text": "언더나인틴",
      "indices": [
        72,
        78
      ]
    },
    {
      "text": "정진성",
      "indices": [
        79,
        83
      ]
    },
    {
      "text": "전도염",
      "indices": [
        84,
        88
      ]
    },
    {
      "text": "신예찬",
      "indices": [
        89,
        93
      ]
    }
  ],
  "geo": null
},{
  "id": "1074076664185810945",
  "permalink": "",
  "username": "지금 이 시각 서지경은?",
  "text": "잘생긴 예찬이가 오전 8시를 알려드립니다. 다들 잠은 집에 가서 자세요. 왜 시체가 되어있어.",
  "date": "Sat Dec 15 23:00:06 +0000 2018",
  "retweets": 0,
  "favorites": 0,
  "mentions": [],
  "hashtags": [],
  "geo": null
},{
  "id": "1074074105073295360",
  "permalink": "",
  "username": "💖~Pink Fantasy~💖",
  "text": "RT @mydoll_ent: 《Pinkfantasy♡이리와》\nMember Teaser Photo\n🐰🐰🐰🐰🐰🐰🐰🐰🐰\nYECHAN / 예찬 1995.11.26\n취미 : 성대에 꿀바르기\n특기 : 노래, 춤\n키 : 159\n🐰🐰🐰🐰🐰🐰🐰🐰🐰 #핑크판타지 #p…",
  "date": "Sat Dec 15 22:49:56 +0000 2018",
  "retweets": 76,
  "favorites": 0,
  "mentions": [
    {
      "screen_name": "mydoll_ent",
      "name": "마이돌엔터테인먼트",
      "id": 1011302998541156352,
      "id_str": "1011302998541156352",
      "indices": [
        3,
        14
      ]
    }
  ],
  "hashtags": [
    {
      "text": "핑크판타지",
      "indices": [
        130,
        136
      ]
    }
  ],
  "geo": null
},{
  "id": "1074073183316307968",
  "permalink": "",
  "username": "💖~Pink Fantasy~💖",
  "text": "RT @mydoll_ent: [#예찬] 안무영상을 찍기 위해 \n의사로 변신한 예찬입니다!\n핑크판타지의 할로윈 버전 이리와 보시면서 즐거운 할로윈 되세요 여러분!🐰🎶\n#핑크판타지 #Pinkfantasy #마이돌엔터테인먼트 https://t.co/cjv…",
  "date": "Sat Dec 15 22:46:16 +0000 2018",
  "retweets": 117,
  "favorites": 0,
  "mentions": [
    {
      "screen_name": "mydoll_ent",
      "name": "마이돌엔터테인먼트",
      "id": 1011302998541156352,
      "id_str": "1011302998541156352",
      "indices": [
        3,
        14
      ]
    }
  ],
  "hashtags": [
    {
      "text": "예찬",
      "indices": [
        17,
        20
      ]
    },
    {
      "text": "핑크판타지",
      "indices": [
        92,
        98
      ]
    },
    {
      "text": "Pinkfantasy",
      "indices": [
        99,
        111
      ]
    },
    {
      "text": "마이돌엔터테인먼트",
      "indices": [
        112,
        122
      ]
    }
  ],
  "geo": null
},{
  "id": "1074072046785617920",
  "permalink": "",
  "username": "D&E #Hyukjae💕",
  "text": "RT @JJS_Archive: 181214 2차경연 비하인드 영상 정진성 CUT\n진성이 손 작은 거 너무 귀엽고 예찬이랑 대보는 것도 귀여워 죽어😭\n-\n#언더나인틴 #UNDERNINETEEN #정진성 #진성 #이예찬 #예찬 https://t.co/9…",
  "date": "Sat Dec 15 22:41:45 +0000 2018",
  "retweets": 18,
  "favorites": 0,
  "mentions": [
    {
      "screen_name": "JJS_Archive",
      "name": "정진성 아카이브",
      "id": 1066189207788445697,
      "id_str": "1066189207788445697",
      "indices": [
        3,
        15
      ]
    }
  ],
  "hashtags": [
    {
      "text": "언더나인틴",
      "indices": [
        85,
        91
      ]
    },
    {
      "text": "UNDERNINETEEN",
      "indices": [
        92,
        106
      ]
    },
    {
      "text": "정진성",
      "indices": [
        107,
        111
      ]
    },
    {
      "text": "진성",
      "indices": [
        112,
        115
      ]
    },
    {
      "text": "이예찬",
      "indices": [
        116,
        120
      ]
    },
    {
      "text": "예찬",
      "indices": [
        121,
        124
      ]
    }
  ],
  "geo": null
},{
  "id": "1074069303677206529",
  "permalink": "",
  "username": "팡주팡주팡팡주",
  "text": "가사도 정말 좋아 진짜로 밀짚모자 쓴 여자애 뒷모습이 금잔화 닮았다고 생각해서 쓰게 된 가사라는데 존나 사랑을예찬하고싶다 모든노래는 어떤 면에서 러브송이라는 띵언제조기 묭선생의 말을 생각하면 그런 맘이 두배로 강해진다",
  "date": "Sat Dec 15 22:30:51 +0000 2018",
  "retweets": 1,
  "favorites": 1,
  "mentions": [],
  "hashtags": [],
  "geo": null
},{
  "id": "1074066793499570176",
  "permalink": "",
  "username": "Ayu yuliansyah",
  "text": "RT @mignon_JJS: 진성이 애교에 도염이와 예찬이 반응 ㅋㅋㅋㅋㅋㅋㅋㅋㅋㅋㅋㅋㅋㅋㅋㅋㅋㅋㅋㅋㅋㅋㅋㅋㅋㅋㅋㅋㅋㅋㅋㅋㅋㅋ\n\n#언더나인틴 #정진성 #전도염 #신예찬 https://t.co/M07vGsiiru",
  "date": "Sat Dec 15 22:20:53 +0000 2018",
  "retweets": 83,
  "favorites": 0,
  "mentions": [
    {
      "screen_name": "mignon_JJS",
      "name": "미그논",
      "id": 1069876252104830980,
      "id_str": "1069876252104830980",
      "indices": [
        3,
        14
      ]
    }
  ],
  "hashtags": [
    {
      "text": "언더나인틴",
      "indices": [
        72,
        78
      ]
    },
    {
      "text": "정진성",
      "indices": [
        79,
        83
      ]
    },
    {
      "text": "전도염",
      "indices": [
        84,
        88
      ]
    },
    {
      "text": "신예찬",
      "indices": [
        89,
        93
      ]
    }
  ],
  "geo": null
},{
  "id": "1074066193357524992",
  "permalink": "",
  "username": "Ayu yuliansyah",
  "text": "RT @youth_chanjun: 181209 게릴라 공연\n\n웃고 있는 예찬이 귀여워 &gt;&lt;\n\n#신예찬 #ShinYechan #언더나인틴 #Undernineteen @MBC_Under19 https://t.co/nQga4NNTbp",
  "date": "Sat Dec 15 22:18:30 +0000 2018",
  "retweets": 36,
  "favorites": 0,
  "mentions": [
    {
      "screen_name": "youth_chanjun",
      "name": "청춘_예찬+준혁",
      "id": 1063726518667362305,
      "id_str": "1063726518667362305",
      "indices": [
        3,
        17
      ]
    },
    {
      "screen_name": "MBC_Under19",
      "name": "MBC 언더나인틴",
      "id": 1042612844108238848,
      "id_str": "1042612844108238848",
      "indices": [
        97,
        109
      ]
    }
  ],
  "hashtags": [
    {
      "text": "신예찬",
      "indices": [
        58,
        62
      ]
    },
    {
      "text": "ShinYechan",
      "indices": [
        63,
        74
      ]
    },
    {
      "text": "언더나인틴",
      "indices": [
        75,
        81
      ]
    },
    {
      "text": "Undernineteen",
      "indices": [
        82,
        96
      ]
    }
  ],
  "geo": null
},{
  "id": "1074055329611042816",
  "permalink": "",
  "username": "arc",
  "text": "RT @youth_chanjun: 181209 게릴라 공연\n\n웃고 있는 예찬이 귀여워 &gt;&lt;\n\n#신예찬 #ShinYechan #언더나인틴 #Undernineteen @MBC_Under19 https://t.co/nQga4NNTbp",
  "date": "Sat Dec 15 21:35:20 +0000 2018",
  "retweets": 36,
  "favorites": 0,
  "mentions": [
    {
      "screen_name": "youth_chanjun",
      "name": "청춘_예찬+준혁",
      "id": 1063726518667362305,
      "id_str": "1063726518667362305",
      "indices": [
        3,
        17
      ]
    },
    {
      "screen_name": "MBC_Under19",
      "name": "MBC 언더나인틴",
      "id": 1042612844108238848,
      "id_str": "1042612844108238848",
      "indices": [
        97,
        109
      ]
    }
  ],
  "hashtags": [
    {
      "text": "신예찬",
      "indices": [
        58,
        62
      ]
    },
    {
      "text": "ShinYechan",
      "indices": [
        63,
        74
      ]
    },
    {
      "text": "언더나인틴",
      "indices": [
        75,
        81
      ]
    },
    {
      "text": "Undernineteen",
      "indices": [
        82,
        96
      ]
    }
  ],
  "geo": null
},{
  "id": "1074043093169594368",
  "permalink": "",
  "username": "Kari Ramirez",
  "text": "RT @RabbitChu_1218: 181209 강남 게릴라 \n#언더나인틴 #UNDERNINETEEN #박성원 #이예찬\n\n예찬이 귀여워하는 성원이 . . . ㄱㅇㅇ 😭❤️ https://t.co/rOvN8wZV4r",
  "date": "Sat Dec 15 20:46:42 +0000 2018",
  "retweets": 51,
  "favorites": 0,
  "mentions": [
    {
      "screen_name": "RabbitChu_1218",
      "name": "Rabbit Chu",
      "id": 1060301973239427072,
      "id_str": "1060301973239427072",
      "indices": [
        3,
        18
      ]
    }
  ],
  "hashtags": [
    {
      "text": "언더나인틴",
      "indices": [
        35,
        41
      ]
    },
    {
      "text": "UNDERNINETEEN",
      "indices": [
        42,
        56
      ]
    },
    {
      "text": "박성원",
      "indices": [
        57,
        61
      ]
    },
    {
      "text": "이예찬",
      "indices": [
        62,
        66
      ]
    }
  ],
  "geo": null
},{
  "id": "1074042643145871360",
  "permalink": "",
  "username": "• ㅅ •",
  "text": "RT @luver_1267: 예찬이는 진짜 대단히엄청나게 오져여ㅜㅜㅜㅜ https://t.co/sj3jv4GCP6",
  "date": "Sat Dec 15 20:44:55 +0000 2018",
  "retweets": 5,
  "favorites": 0,
  "mentions": [
    {
      "screen_name": "luver_1267",
      "name": "러버💜",
      "id": 1065189240705695745,
      "id_str": "1065189240705695745",
      "indices": [
        3,
        14
      ]
    }
  ],
  "hashtags": [],
  "geo": null
},{
  "id": "1074022947000446976",
  "permalink": "",
  "username": "이름은 비워들 수 없습니다",
  "text": "RT @frythemall: 나 하은이라는이름인애들중에 왜케 교회다니는애들이많지 생각하다가 하은이 하나님의은혜 줄인거라는거듣고 충격먹엇어.. 그이후로 하 나 예 자로시작하는이름보면 궁예질들어감\n하나? 하나님나라? 예지? 예수님의지혜? 예은?예수님의은…",
  "date": "Sat Dec 15 19:26:39 +0000 2018",
  "retweets": 22656,
  "favorites": 0,
  "mentions": [
    {
      "screen_name": "frythemall",
      "name": "튀겨버려",
      "id": 3066199944,
      "id_str": "3066199944",
      "indices": [
        3,
        14
      ]
    }
  ],
  "hashtags": [],
  "geo": null
},{
  "id": "1074016343467294720",
  "permalink": "",
  "username": "Aaron J. Deschamps",
  "text": "RT @99unna99: 181209 강남 게릴라 스테이지\n\n나는 예찬이가 부럽다는게 학계의 정설...😂😂\n성원이도 애긴데 애기가 애기를 귀여워한다는게 너무 귀엽고... \n\n#언더나인틴 #UNDERNINETEEN #랩팀 #박성원 #이예찬 https:…",
  "date": "Sat Dec 15 19:00:25 +0000 2018",
  "retweets": 79,
  "favorites": 0,
  "mentions": [
    {
      "screen_name": "99unna99",
      "name": "태짱",
      "id": 705306409420910592,
      "id_str": "705306409420910592",
      "indices": [
        3,
        12
      ]
    }
  ],
  "hashtags": [
    {
      "text": "언더나인틴",
      "indices": [
        97,
        103
      ]
    },
    {
      "text": "UNDERNINETEEN",
      "indices": [
        104,
        118
      ]
    },
    {
      "text": "랩팀",
      "indices": [
        119,
        122
      ]
    },
    {
      "text": "박성원",
      "indices": [
        123,
        127
      ]
    },
    {
      "text": "이예찬",
      "indices": [
        128,
        132
      ]
    }
  ],
  "geo": null
},{
  "id": "1074012734709063681",
  "permalink": "",
  "username": "크카스 모ㅏ!",
  "text": "카니발리즘 요소 있대서 아 그럼 분명 식인 하는 미식가가 한명쯤은 있겠지 하는 마음으로 먹는 쪽이 아니라 먹히는 쪽을 노리자!! 했는데 식인예찬가가 샬롯 하나뿐이지 뭐애요 https://t.co/xfTUoM2I1J",
  "date": "Sat Dec 15 18:46:04 +0000 2018",
  "retweets": 0,
  "favorites": 4,
  "mentions": [],
  "hashtags": [],
  "geo": null
},{
  "id": "1074011485964136448",
  "permalink": "",
  "username": "Aaron J. Deschamps",
  "text": "RT @youth_chanjun: 181209 게릴라 공연\n\n웃고 있는 예찬이 귀여워 &gt;&lt;\n\n#신예찬 #ShinYechan #언더나인틴 #Undernineteen @MBC_Under19 https://t.co/nQga4NNTbp",
  "date": "Sat Dec 15 18:41:07 +0000 2018",
  "retweets": 36,
  "favorites": 0,
  "mentions": [
    {
      "screen_name": "youth_chanjun",
      "name": "청춘_예찬+준혁",
      "id": 1063726518667362305,
      "id_str": "1063726518667362305",
      "indices": [
        3,
        17
      ]
    },
    {
      "screen_name": "MBC_Under19",
      "name": "MBC 언더나인틴",
      "id": 1042612844108238848,
      "id_str": "1042612844108238848",
      "indices": [
        97,
        109
      ]
    }
  ],
  "hashtags": [
    {
      "text": "신예찬",
      "indices": [
        58,
        62
      ]
    },
    {
      "text": "ShinYechan",
      "indices": [
        63,
        74
      ]
    },
    {
      "text": "언더나인틴",
      "indices": [
        75,
        81
      ]
    },
    {
      "text": "Undernineteen",
      "indices": [
        82,
        96
      ]
    }
  ],
  "geo": null
},{
  "id": "1074009799115792385",
  "permalink": "",
  "username": "bia",
  "text": "RT @youth_chanjun: 181209 게릴라 공연\n\n웃고 있는 예찬이 귀여워 &gt;&lt;\n\n#신예찬 #ShinYechan #언더나인틴 #Undernineteen @MBC_Under19 https://t.co/nQga4NNTbp",
  "date": "Sat Dec 15 18:34:24 +0000 2018",
  "retweets": 36,
  "favorites": 0,
  "mentions": [
    {
      "screen_name": "youth_chanjun",
      "name": "청춘_예찬+준혁",
      "id": 1063726518667362305,
      "id_str": "1063726518667362305",
      "indices": [
        3,
        17
      ]
    },
    {
      "screen_name": "MBC_Under19",
      "name": "MBC 언더나인틴",
      "id": 1042612844108238848,
      "id_str": "1042612844108238848",
      "indices": [
        97,
        109
      ]
    }
  ],
  "hashtags": [
    {
      "text": "신예찬",
      "indices": [
        58,
        62
      ]
    },
    {
      "text": "ShinYechan",
      "indices": [
        63,
        74
      ]
    },
    {
      "text": "언더나인틴",
      "indices": [
        75,
        81
      ]
    },
    {
      "text": "Undernineteen",
      "indices": [
        82,
        96
      ]
    }
  ],
  "geo": null
},{
  "id": "1074009030329155585",
  "permalink": "",
  "username": "Lê Trần Yến Thanh",
  "text": "RT @mignon_JJS: 진성이 애교에 도염이와 예찬이 반응 ㅋㅋㅋㅋㅋㅋㅋㅋㅋㅋㅋㅋㅋㅋㅋㅋㅋㅋㅋㅋㅋㅋㅋㅋㅋㅋㅋㅋㅋㅋㅋㅋㅋㅋ\n\n#언더나인틴 #정진성 #전도염 #신예찬 https://t.co/M07vGsiiru",
  "date": "Sat Dec 15 18:31:21 +0000 2018",
  "retweets": 83,
  "favorites": 0,
  "mentions": [
    {
      "screen_name": "mignon_JJS",
      "name": "미그논",
      "id": 1069876252104830980,
      "id_str": "1069876252104830980",
      "indices": [
        3,
        14
      ]
    }
  ],
  "hashtags": [
    {
      "text": "언더나인틴",
      "indices": [
        72,
        78
      ]
    },
    {
      "text": "정진성",
      "indices": [
        79,
        83
      ]
    },
    {
      "text": "전도염",
      "indices": [
        84,
        88
      ]
    },
    {
      "text": "신예찬",
      "indices": [
        89,
        93
      ]
    }
  ],
  "geo": null
},{
  "id": "1074008723427749888",
  "permalink": "",
  "username": "🌼มะแจ้ม🌼",
  "text": "RT @h_2min: 아구아구 조아 넘 조아용~\n#신예찬 #정진성 #전도염 #김준서 #송병희 #송재원 \n예전에 제가 재원이 친한 친구가 만났고 그 친구가 예찬이도 알고있다고 해서 재원이랑 예찬이 응원해요 ^^ https://t.co/OcGiwAYo6W",
  "date": "Sat Dec 15 18:30:08 +0000 2018",
  "retweets": 28,
  "favorites": 0,
  "mentions": [
    {
      "screen_name": "h_2min",
      "name": "갓예찬0514",
      "id": 4533514032,
      "id_str": "4533514032",
      "indices": [
        3,
        10
      ]
    }
  ],
  "hashtags": [
    {
      "text": "신예찬",
      "indices": [
        27,
        31
      ]
    },
    {
      "text": "정진성",
      "indices": [
        32,
        36
      ]
    },
    {
      "text": "전도염",
      "indices": [
        37,
        41
      ]
    },
    {
      "text": "김준서",
      "indices": [
        42,
        46
      ]
    },
    {
      "text": "송병희",
      "indices": [
        47,
        51
      ]
    },
    {
      "text": "송재원",
      "indices": [
        52,
        56
      ]
    }
  ],
  "geo": null
},{
  "id": "1074004553396236288",
  "permalink": "",
  "username": "talya ☼",
  "text": "RT @youth_chanjun: 181209 게릴라 공연\n\n웃고 있는 예찬이 귀여워 &gt;&lt;\n\n#신예찬 #ShinYechan #언더나인틴 #Undernineteen @MBC_Under19 https://t.co/nQga4NNTbp",
  "date": "Sat Dec 15 18:13:34 +0000 2018",
  "retweets": 36,
  "favorites": 0,
  "mentions": [
    {
      "screen_name": "youth_chanjun",
      "name": "청춘_예찬+준혁",
      "id": 1063726518667362305,
      "id_str": "1063726518667362305",
      "indices": [
        3,
        17
      ]
    },
    {
      "screen_name": "MBC_Under19",
      "name": "MBC 언더나인틴",
      "id": 1042612844108238848,
      "id_str": "1042612844108238848",
      "indices": [
        97,
        109
      ]
    }
  ],
  "hashtags": [
    {
      "text": "신예찬",
      "indices": [
        58,
        62
      ]
    },
    {
      "text": "ShinYechan",
      "indices": [
        63,
        74
      ]
    },
    {
      "text": "언더나인틴",
      "indices": [
        75,
        81
      ]
    },
    {
      "text": "Undernineteen",
      "indices": [
        82,
        96
      ]
    }
  ],
  "geo": null
},{
  "id": "1074003381771939840",
  "permalink": "",
  "username": "🌼มะแจ้ม🌼",
  "text": "RT @MBC_Under19: 🍋언더나인틴 본격 레몬 먹기 대결🍋\n📢 '랩팀' 이예찬 VS 방준혁\n\n#MBC #언더나인틴 #UNDERNINETEEN #레몬_먹기_대결 #이예찬 #방준혁 https://t.co/ik9I8qjIgz",
  "date": "Sat Dec 15 18:08:54 +0000 2018",
  "retweets": 513,
  "favorites": 0,
  "mentions": [
    {
      "screen_name": "MBC_Under19",
      "name": "MBC 언더나인틴",
      "id": 1042612844108238848,
      "id_str": "1042612844108238848",
      "indices": [
        3,
        15
      ]
    }
  ],
  "hashtags": [
    {
      "text": "MBC",
      "indices": [
        56,
        60
      ]
    },
    {
      "text": "언더나인틴",
      "indices": [
        61,
        67
      ]
    },
    {
      "text": "UNDERNINETEEN",
      "indices": [
        68,
        82
      ]
    },
    {
      "text": "레몬_먹기_대결",
      "indices": [
        83,
        92
      ]
    },
    {
      "text": "이예찬",
      "indices": [
        93,
        97
      ]
    },
    {
      "text": "방준혁",
      "indices": [
        98,
        102
      ]
    }
  ],
  "geo": null
},{
  "id": "1074000207010918400",
  "permalink": "",
  "username": "逸話",
  "text": "뭐야아, 거창한 거라도 물어볼 줄 알았건마안. 당연히 그렇지이. 난 쾌락이면 종류불문 전부 환영이니까아.\n\n- 예찬하는, 미색.",
  "date": "Sat Dec 15 17:56:17 +0000 2018",
  "retweets": 0,
  "favorites": 0,
  "mentions": [],
  "hashtags": [],
  "geo": null
},{
  "id": "1073999250747342848",
  "permalink": "",
  "username": "리을",
  "text": "RT @yebonghee: 언더나인틴 이예찬 방준혁 입니다\n참고로 14살 15살이구요,,,,",
  "date": "Sat Dec 15 17:52:29 +0000 2018",
  "retweets": 137,
  "favorites": 0,
  "mentions": [
    {
      "screen_name": "yebonghee",
      "name": "예봉희",
      "id": 968484218211770368,
      "id_str": "968484218211770368",
      "indices": [
        3,
        13
      ]
    }
  ],
  "hashtags": [],
  "geo": null
},{
  "id": "1073999014922575880",
  "permalink": "",
  "username": "ทัมมิ้",
  "text": "RT @MBC_Under19: 🍋언더나인틴 본격 레몬 먹기 대결🍋\n📢 '랩팀' 이예찬 VS 방준혁\n\n#MBC #언더나인틴 #UNDERNINETEEN #레몬_먹기_대결 #이예찬 #방준혁 https://t.co/ik9I8qjIgz",
  "date": "Sat Dec 15 17:51:33 +0000 2018",
  "retweets": 513,
  "favorites": 0,
  "mentions": [
    {
      "screen_name": "MBC_Under19",
      "name": "MBC 언더나인틴",
      "id": 1042612844108238848,
      "id_str": "1042612844108238848",
      "indices": [
        3,
        15
      ]
    }
  ],
  "hashtags": [
    {
      "text": "MBC",
      "indices": [
        56,
        60
      ]
    },
    {
      "text": "언더나인틴",
      "indices": [
        61,
        67
      ]
    },
    {
      "text": "UNDERNINETEEN",
      "indices": [
        68,
        82
      ]
    },
    {
      "text": "레몬_먹기_대결",
      "indices": [
        83,
        92
      ]
    },
    {
      "text": "이예찬",
      "indices": [
        93,
        97
      ]
    },
    {
      "text": "방준혁",
      "indices": [
        98,
        102
      ]
    }
  ],
  "geo": null
},{
  "id": "1073998603415252992",
  "permalink": "",
  "username": "fir ✨",
  "text": "RT @JJS_Archive: 181214 2차경연 비하인드 영상 정진성 CUT\n진성이 손 작은 거 너무 귀엽고 예찬이랑 대보는 것도 귀여워 죽어😭\n-\n#언더나인틴 #UNDERNINETEEN #정진성 #진성 #이예찬 #예찬 https://t.co/9…",
  "date": "Sat Dec 15 17:49:55 +0000 2018",
  "retweets": 18,
  "favorites": 0,
  "mentions": [
    {
      "screen_name": "JJS_Archive",
      "name": "정진성 아카이브",
      "id": 1066189207788445697,
      "id_str": "1066189207788445697",
      "indices": [
        3,
        15
      ]
    }
  ],
  "hashtags": [
    {
      "text": "언더나인틴",
      "indices": [
        85,
        91
      ]
    },
    {
      "text": "UNDERNINETEEN",
      "indices": [
        92,
        106
      ]
    },
    {
      "text": "정진성",
      "indices": [
        107,
        111
      ]
    },
    {
      "text": "진성",
      "indices": [
        112,
        115
      ]
    },
    {
      "text": "이예찬",
      "indices": [
        116,
        120
      ]
    },
    {
      "text": "예찬",
      "indices": [
        121,
        124
      ]
    }
  ],
  "geo": null
},{
  "id": "1073998404265672705",
  "permalink": "",
  "username": "felix",
  "text": "RT @mignon_JJS: 진성이 애교에 도염이와 예찬이 반응 ㅋㅋㅋㅋㅋㅋㅋㅋㅋㅋㅋㅋㅋㅋㅋㅋㅋㅋㅋㅋㅋㅋㅋㅋㅋㅋㅋㅋㅋㅋㅋㅋㅋㅋ\n\n#언더나인틴 #정진성 #전도염 #신예찬 https://t.co/M07vGsiiru",
  "date": "Sat Dec 15 17:49:08 +0000 2018",
  "retweets": 83,
  "favorites": 0,
  "mentions": [
    {
      "screen_name": "mignon_JJS",
      "name": "미그논",
      "id": 1069876252104830980,
      "id_str": "1069876252104830980",
      "indices": [
        3,
        14
      ]
    }
  ],
  "hashtags": [
    {
      "text": "언더나인틴",
      "indices": [
        72,
        78
      ]
    },
    {
      "text": "정진성",
      "indices": [
        79,
        83
      ]
    },
    {
      "text": "전도염",
      "indices": [
        84,
        88
      ]
    },
    {
      "text": "신예찬",
      "indices": [
        89,
        93
      ]
    }
  ],
  "geo": null
},{
  "id": "1073997536946315264",
  "permalink": "",
  "username": "4✦오늘생일인대마✦7",
  "text": "예찬이 환생했구요 이름 창세기임 https://t.co/mezlzNk7Kz",
  "date": "Sat Dec 15 17:45:41 +0000 2018",
  "retweets": 0,
  "favorites": 1,
  "mentions": [],
  "hashtags": [],
  "geo": null
},{
  "id": "1073996869531971585",
  "permalink": "",
  "username": "jjan",
  "text": "@letsgohomesun 언더나인틴 이예찬 김예준",
  "date": "Sat Dec 15 17:43:02 +0000 2018",
  "retweets": 0,
  "favorites": 1,
  "mentions": [
    {
      "screen_name": "letsgohomesun",
      "name": "현준아선우먹어봐제발",
      "id": 1065882474314485760,
      "id_str": "1065882474314485760",
      "indices": [
        0,
        14
      ]
    }
  ],
  "hashtags": [],
  "geo": null
},{
  "id": "1073996711427760130",
  "permalink": "",
  "username": "𝘭𝘺𝘥𝘪𝘢 𝘭𝘶𝘷𝘴 민♡!",
  "text": "RT @youth_chanjun: 181209 게릴라 공연\n\n웃고 있는 예찬이 귀여워 &gt;&lt;\n\n#신예찬 #ShinYechan #언더나인틴 #Undernineteen @MBC_Under19 https://t.co/nQga4NNTbp",
  "date": "Sat Dec 15 17:42:24 +0000 2018",
  "retweets": 36,
  "favorites": 0,
  "mentions": [
    {
      "screen_name": "youth_chanjun",
      "name": "청춘_예찬+준혁",
      "id": 1063726518667362305,
      "id_str": "1063726518667362305",
      "indices": [
        3,
        17
      ]
    },
    {
      "screen_name": "MBC_Under19",
      "name": "MBC 언더나인틴",
      "id": 1042612844108238848,
      "id_str": "1042612844108238848",
      "indices": [
        97,
        109
      ]
    }
  ],
  "hashtags": [
    {
      "text": "신예찬",
      "indices": [
        58,
        62
      ]
    },
    {
      "text": "ShinYechan",
      "indices": [
        63,
        74
      ]
    },
    {
      "text": "언더나인틴",
      "indices": [
        75,
        81
      ]
    },
    {
      "text": "Undernineteen",
      "indices": [
        82,
        96
      ]
    }
  ],
  "geo": null
},{
  "id": "1073996519957807104",
  "permalink": "",
  "username": "ana ♡ xiao day",
  "text": "RT @youth_chanjun: 181209 게릴라 공연\n\n웃고 있는 예찬이 귀여워 &gt;&lt;\n\n#신예찬 #ShinYechan #언더나인틴 #Undernineteen @MBC_Under19 https://t.co/nQga4NNTbp",
  "date": "Sat Dec 15 17:41:38 +0000 2018",
  "retweets": 36,
  "favorites": 0,
  "mentions": [
    {
      "screen_name": "youth_chanjun",
      "name": "청춘_예찬+준혁",
      "id": 1063726518667362305,
      "id_str": "1063726518667362305",
      "indices": [
        3,
        17
      ]
    },
    {
      "screen_name": "MBC_Under19",
      "name": "MBC 언더나인틴",
      "id": 1042612844108238848,
      "id_str": "1042612844108238848",
      "indices": [
        97,
        109
      ]
    }
  ],
  "hashtags": [
    {
      "text": "신예찬",
      "indices": [
        58,
        62
      ]
    },
    {
      "text": "ShinYechan",
      "indices": [
        63,
        74
      ]
    },
    {
      "text": "언더나인틴",
      "indices": [
        75,
        81
      ]
    },
    {
      "text": "Undernineteen",
      "indices": [
        82,
        96
      ]
    }
  ],
  "geo": null
},{
  "id": "1073995219752779777",
  "permalink": "",
  "username": "DAP",
  "text": "@uHKu_ 작전이 먹혔군요..후후후 무제님은 예쁘다 못해 아름답고 멋있고 위대하고 특히나 그 연성이 너무나 찬란하고......(너무나 예찬적) 아무튼 다음주가 시험이라니ㅠㅠㅠ이번주 힘내시고 다음주에는 더… https://t.co/QdFY6rRlzA",
  "date": "Sat Dec 15 17:36:28 +0000 2018",
  "retweets": 0,
  "favorites": 0,
  "mentions": [
    {
      "screen_name": "uHKu_",
      "name": "무제",
      "id": 1040598858068180992,
      "id_str": "1040598858068180992",
      "indices": [
        0,
        6
      ]
    }
  ],
  "hashtags": [],
  "geo": null
},{
  "id": "1073991151366037509",
  "permalink": "",
  "username": "🐓신예애찬🐔",
  "text": "RT @yechanyechan514: V LIVE에서 비디오를 시청할 수 있습니다\nhttps://t.co/PUwifCHTPU\n\n대체 애들 춤 몇번이나 다시 시킨거예요ㅠㅠㅠㅠ 예찬이 뽀송했는데 시작부터 등이 젖어있다니ㅠㅠㅜㅠㅠㅠ",
  "date": "Sat Dec 15 17:20:18 +0000 2018",
  "retweets": 1,
  "favorites": 0,
  "mentions": [
    {
      "screen_name": "yechanyechan514",
      "name": "꿀짱",
      "id": 922694712183570432,
      "id_str": "922694712183570432",
      "indices": [
        3,
        19
      ]
    }
  ],
  "hashtags": [],
  "geo": null
},{
  "id": "1073990070493884416",
  "permalink": "",
  "username": "(계이계정)(트친소중)merdi🚀🚀🚀",
  "text": "아 예찬님이시구나",
  "date": "Sat Dec 15 17:16:01 +0000 2018",
  "retweets": 0,
  "favorites": 0,
  "mentions": [],
  "hashtags": [],
  "geo": null
},{
  "id": "1073989609317556225",
  "permalink": "",
  "username": "ยงเดอเรลล่า🍀🐸",
  "text": "RT @youth_chanjun: 181209 게릴라 공연\n\n웃고 있는 예찬이 귀여워 &gt;&lt;\n\n#신예찬 #ShinYechan #언더나인틴 #Undernineteen @MBC_Under19 https://t.co/nQga4NNTbp",
  "date": "Sat Dec 15 17:14:11 +0000 2018",
  "retweets": 36,
  "favorites": 0,
  "mentions": [
    {
      "screen_name": "youth_chanjun",
      "name": "청춘_예찬+준혁",
      "id": 1063726518667362305,
      "id_str": "1063726518667362305",
      "indices": [
        3,
        17
      ]
    },
    {
      "screen_name": "MBC_Under19",
      "name": "MBC 언더나인틴",
      "id": 1042612844108238848,
      "id_str": "1042612844108238848",
      "indices": [
        97,
        109
      ]
    }
  ],
  "hashtags": [
    {
      "text": "신예찬",
      "indices": [
        58,
        62
      ]
    },
    {
      "text": "ShinYechan",
      "indices": [
        63,
        74
      ]
    },
    {
      "text": "언더나인틴",
      "indices": [
        75,
        81
      ]
    },
    {
      "text": "Undernineteen",
      "indices": [
        82,
        96
      ]
    }
  ],
  "geo": null
},{
  "id": "1073988672003833857",
  "permalink": "",
  "username": "มุมิ",
  "text": "RT @99unna99: 181209 강남 게릴라 스테이지\n\n나는 예찬이가 부럽다는게 학계의 정설...😂😂\n성원이도 애긴데 애기가 애기를 귀여워한다는게 너무 귀엽고... \n\n#언더나인틴 #UNDERNINETEEN #랩팀 #박성원 #이예찬 https:…",
  "date": "Sat Dec 15 17:10:27 +0000 2018",
  "retweets": 79,
  "favorites": 0,
  "mentions": [
    {
      "screen_name": "99unna99",
      "name": "태짱",
      "id": 705306409420910592,
      "id_str": "705306409420910592",
      "indices": [
        3,
        12
      ]
    }
  ],
  "hashtags": [
    {
      "text": "언더나인틴",
      "indices": [
        97,
        103
      ]
    },
    {
      "text": "UNDERNINETEEN",
      "indices": [
        104,
        118
      ]
    },
    {
      "text": "랩팀",
      "indices": [
        119,
        122
      ]
    },
    {
      "text": "박성원",
      "indices": [
        123,
        127
      ]
    },
    {
      "text": "이예찬",
      "indices": [
        128,
        132
      ]
    }
  ],
  "geo": null
},{
  "id": "1073988165432532992",
  "permalink": "",
  "username": "jjan",
  "text": "@fishcakebar 언더나인틴 김예준 이예찬",
  "date": "Sat Dec 15 17:08:27 +0000 2018",
  "retweets": 0,
  "favorites": 1,
  "mentions": [
    {
      "screen_name": "fishcakebar",
      "name": "민매",
      "id": 1009839454196883456,
      "id_str": "1009839454196883456",
      "indices": [
        0,
        12
      ]
    }
  ],
  "hashtags": [],
  "geo": null
},{
  "id": "1073987180123455488",
  "permalink": "",
  "username": "머부",
  "text": "RT @mignon_JJS: 진성이 애교에 도염이와 예찬이 반응 ㅋㅋㅋㅋㅋㅋㅋㅋㅋㅋㅋㅋㅋㅋㅋㅋㅋㅋㅋㅋㅋㅋㅋㅋㅋㅋㅋㅋㅋㅋㅋㅋㅋㅋ\n\n#언더나인틴 #정진성 #전도염 #신예찬 https://t.co/M07vGsiiru",
  "date": "Sat Dec 15 17:04:32 +0000 2018",
  "retweets": 83,
  "favorites": 0,
  "mentions": [
    {
      "screen_name": "mignon_JJS",
      "name": "미그논",
      "id": 1069876252104830980,
      "id_str": "1069876252104830980",
      "indices": [
        3,
        14
      ]
    }
  ],
  "hashtags": [
    {
      "text": "언더나인틴",
      "indices": [
        72,
        78
      ]
    },
    {
      "text": "정진성",
      "indices": [
        79,
        83
      ]
    },
    {
      "text": "전도염",
      "indices": [
        84,
        88
      ]
    },
    {
      "text": "신예찬",
      "indices": [
        89,
        93
      ]
    }
  ],
  "geo": null
},{
  "id": "1073986575820718080",
  "permalink": "",
  "username": "jjan",
  "text": "@qmmmnp 언더나인틴 이예찬 김예준",
  "date": "Sat Dec 15 17:02:08 +0000 2018",
  "retweets": 0,
  "favorites": 1,
  "mentions": [
    {
      "screen_name": "qmmmnp",
      "name": "햄슨",
      "id": 1051505585823178753,
      "id_str": "1051505585823178753",
      "indices": [
        0,
        7
      ]
    }
  ],
  "hashtags": [],
  "geo": null
},{
  "id": "1073986150119948289",
  "permalink": "",
  "username": "cream",
  "text": "큰예찬이 또 2등이라 콩드립 치고 싶은데 그 때마다 김콩 생각나서 못하겠는 거야...(롬곡",
  "date": "Sat Dec 15 17:00:26 +0000 2018",
  "retweets": 0,
  "favorites": 0,
  "mentions": [],
  "hashtags": [],
  "geo": null
},{
  "id": "1073985747789570048",
  "permalink": "",
  "username": "jjan",
  "text": "@01ssun08 언더나인틴 이예찬이요!!",
  "date": "Sat Dec 15 16:58:50 +0000 2018",
  "retweets": 0,
  "favorites": 0,
  "mentions": [
    {
      "screen_name": "01ssun08",
      "name": "미녀",
      "id": 914487940792819712,
      "id_str": "914487940792819712",
      "indices": [
        0,
        9
      ]
    }
  ],
  "hashtags": [],
  "geo": null
},{
  "id": "1073984153262178305",
  "permalink": "",
  "username": "cream",
  "text": "랩팀\n1.김성호(▲3)\n2.최수민(▼1)\n3.방준혁(▼1)\n4.이상민(▲3)\n5.박성원(▲4)\n6.유용하(▲5)\n7.정현준(▼1)\n8.김예준(▼3)\n9.남도현(▲3)\n10.정택현(▼2)\n11.이예찬(▼8)… https://t.co/qHCYG9fNjv",
  "date": "Sat Dec 15 16:52:30 +0000 2018",
  "retweets": 1,
  "favorites": 0,
  "mentions": [],
  "hashtags": [],
  "geo": null
},{
  "id": "1073982739588640768",
  "permalink": "",
  "username": "D💜",
  "text": "RT @onemansdream00: 그날 우리는 마지막 잔을 부딪치며 기쁘면서도 슬픈, 힘들면서도 즐거운 삶을 예찬했다. 그리고 우리모두 오랫동안 함께이기를 바랐다. 그날은 내 머릿속에 잔상처럼 남아 오래도록 기억될거 같다. &lt;우지현&gt;\n\n자주.가끔,…",
  "date": "Sat Dec 15 16:46:53 +0000 2018",
  "retweets": 9,
  "favorites": 0,
  "mentions": [
    {
      "screen_name": "onemansdream00",
      "name": "한 남자의 꿈",
      "id": 740884338,
      "id_str": "740884338",
      "indices": [
        3,
        18
      ]
    }
  ],
  "hashtags": [],
  "geo": null
},{
  "id": "1073982388517117952",
  "permalink": "",
  "username": "Honey10 Layla01 S",
  "text": "RT @Yechan_Fan: 등이 땀으로 흠뻑 젖을 만큼 열심히 춘 예찬이 ♡♡♡ \n예찬아! 하드캐리로 대역전 가자!!!\n\n#언더나인틴 #신예찬 #UNDERNINETEEN #UNDER19 #SHINYECHAN \n\nhttps://t.co/edtwVs3…",
  "date": "Sat Dec 15 16:45:29 +0000 2018",
  "retweets": 6,
  "favorites": 0,
  "mentions": [
    {
      "screen_name": "Yechan_Fan",
      "name": "예차니",
      "id": 1057982797376188417,
      "id_str": "1057982797376188417",
      "indices": [
        3,
        14
      ]
    }
  ],
  "hashtags": [
    {
      "text": "언더나인틴",
      "indices": [
        69,
        75
      ]
    },
    {
      "text": "신예찬",
      "indices": [
        76,
        80
      ]
    },
    {
      "text": "UNDERNINETEEN",
      "indices": [
        81,
        95
      ]
    },
    {
      "text": "UNDER19",
      "indices": [
        96,
        104
      ]
    },
    {
      "text": "SHINYECHAN",
      "indices": [
        105,
        116
      ]
    }
  ],
  "geo": null
},{
  "id": "1073976816442830848",
  "permalink": "",
  "username": "인걔누",
  "text": "작예찬 쉴드는 못쳐주겍다....내가 저상황이엇어도 개빡치긴햇을듯 근ㄷㅔ 방송나오는건데 대처 너무잘못함 옆집일이 아니고 아이돌준비하는애들끼린디",
  "date": "Sat Dec 15 16:23:21 +0000 2018",
  "retweets": 0,
  "favorites": 0,
  "mentions": [],
  "hashtags": [],
  "geo": null
},{
  "id": "1073974895221006336",
  "permalink": "",
  "username": "suo",
  "text": "@misangeos @miroD930 갸, 부개찌개 존나 좋아해요.\n예전에 갸 무명때 강헌하고 둘이 부대찌개 예찬론자 였어요.\n국물 기본 베이스가 MSG 범벅인 그 부대찌개!",
  "date": "Sat Dec 15 16:15:43 +0000 2018",
  "retweets": 0,
  "favorites": 1,
  "mentions": [
    {
      "screen_name": "misangeos",
      "name": "park so young",
      "id": 69883080,
      "id_str": "69883080",
      "indices": [
        0,
        10
      ]
    },
    {
      "screen_name": "miroD930",
      "name": "迷路",
      "id": 4557465433,
      "id_str": "4557465433",
      "indices": [
        11,
        20
      ]
    }
  ],
  "hashtags": [],
  "geo": null
},{
  "id": "1073972779991453697",
  "permalink": "",
  "username": "인걔누",
  "text": "게다가 애긴데 넘세게말함ㅡㅡ어케화내 설득하라구.....작예찬이도 의견수용은 잘안됏던것같음",
  "date": "Sat Dec 15 16:07:18 +0000 2018",
  "retweets": 0,
  "favorites": 3,
  "mentions": [],
  "hashtags": [],
  "geo": null
},{
  "id": "1073971919475552256",
  "permalink": "",
  "username": "꿀짱",
  "text": "@m_mmmm56 아니 그냥 그 때 느낀거얔ㅋㅋㅋㅋ 성원아..~ㅠㅠ 예찬아..~!ㅠㅠ 이렁느낌 안볼수없게..",
  "date": "Sat Dec 15 16:03:53 +0000 2018",
  "retweets": 0,
  "favorites": 0,
  "mentions": [
    {
      "screen_name": "m_mmmm56",
      "name": "미뇽이",
      "id": 1071063400770224128,
      "id_str": "1071063400770224128",
      "indices": [
        0,
        9
      ]
    }
  ],
  "hashtags": [],
  "geo": null
},{
  "id": "1073969972244697088",
  "permalink": "",
  "username": "รูดอล์ฟ",
  "text": "RT @youth_chanjun: 181209 게릴라 공연\n\n웃고 있는 예찬이 귀여워 &gt;&lt;\n\n#신예찬 #ShinYechan #언더나인틴 #Undernineteen @MBC_Under19 https://t.co/nQga4NNTbp",
  "date": "Sat Dec 15 15:56:09 +0000 2018",
  "retweets": 36,
  "favorites": 0,
  "mentions": [
    {
      "screen_name": "youth_chanjun",
      "name": "청춘_예찬+준혁",
      "id": 1063726518667362305,
      "id_str": "1063726518667362305",
      "indices": [
        3,
        17
      ]
    },
    {
      "screen_name": "MBC_Under19",
      "name": "MBC 언더나인틴",
      "id": 1042612844108238848,
      "id_str": "1042612844108238848",
      "indices": [
        97,
        109
      ]
    }
  ],
  "hashtags": [
    {
      "text": "신예찬",
      "indices": [
        58,
        62
      ]
    },
    {
      "text": "ShinYechan",
      "indices": [
        63,
        74
      ]
    },
    {
      "text": "언더나인틴",
      "indices": [
        75,
        81
      ]
    },
    {
      "text": "Undernineteen",
      "indices": [
        82,
        96
      ]
    }
  ],
  "geo": null
},{
  "id": "1073968828625780737",
  "permalink": "",
  "username": "[❄️반동결❄️] 물소금별(아령이) ✪ ω ✪",
  "text": "@follower_Rai 음, 전 굳이 작가가 직접적으로 인간예찬론을 펼치지 않아도, 작가가 그린 캐릭터가 역경과 고난 속에서도 포기하지 않고 성장하고 자신의 길을 찾는 것만으로도 충분히 인간예찬이라고 생각… https://t.co/ZHJZjc2zgV",
  "date": "Sat Dec 15 15:51:36 +0000 2018",
  "retweets": 0,
  "favorites": 1,
  "mentions": [
    {
      "screen_name": "follower_Rai",
      "name": "👱‍♀️🌹라이사니이다!",
      "id": 795658753127292928,
      "id_str": "795658753127292928",
      "indices": [
        0,
        13
      ]
    }
  ],
  "hashtags": [],
  "geo": null
},{
  "id": "1073968060640313344",
  "permalink": "",
  "username": "👱‍♀️🌹라이사니이다!",
  "text": "@BluestarseaK 앗 이건 인간예찬은 아니에요 아마도...?",
  "date": "Sat Dec 15 15:48:33 +0000 2018",
  "retweets": 0,
  "favorites": 0,
  "mentions": [
    {
      "screen_name": "BluestarseaK",
      "name": "[❄️반동결❄️] 물소금별(아령이) ✪ ω ✪",
      "id": 771324926,
      "id_str": "771324926",
      "indices": [
        0,
        13
      ]
    }
  ],
  "hashtags": [],
  "geo": null
},{
  "id": "1073967623988101120",
  "permalink": "",
  "username": "엄덕구",
  "text": "RT @mignon_JJS: 진성이 애교에 도염이와 예찬이 반응 ㅋㅋㅋㅋㅋㅋㅋㅋㅋㅋㅋㅋㅋㅋㅋㅋㅋㅋㅋㅋㅋㅋㅋㅋㅋㅋㅋㅋㅋㅋㅋㅋㅋㅋ\n\n#언더나인틴 #정진성 #전도염 #신예찬 https://t.co/M07vGsiiru",
  "date": "Sat Dec 15 15:46:49 +0000 2018",
  "retweets": 83,
  "favorites": 0,
  "mentions": [
    {
      "screen_name": "mignon_JJS",
      "name": "미그논",
      "id": 1069876252104830980,
      "id_str": "1069876252104830980",
      "indices": [
        3,
        14
      ]
    }
  ],
  "hashtags": [
    {
      "text": "언더나인틴",
      "indices": [
        72,
        78
      ]
    },
    {
      "text": "정진성",
      "indices": [
        79,
        83
      ]
    },
    {
      "text": "전도염",
      "indices": [
        84,
        88
      ]
    },
    {
      "text": "신예찬",
      "indices": [
        89,
        93
      ]
    }
  ],
  "geo": null
},{
  "id": "1073967525895884801",
  "permalink": "",
  "username": "d.",
  "text": "RT @youth_chanjun: 181209 게릴라 공연\n\n웃고 있는 예찬이 귀여워 &gt;&lt;\n\n#신예찬 #ShinYechan #언더나인틴 #Undernineteen @MBC_Under19 https://t.co/nQga4NNTbp",
  "date": "Sat Dec 15 15:46:26 +0000 2018",
  "retweets": 36,
  "favorites": 0,
  "mentions": [
    {
      "screen_name": "youth_chanjun",
      "name": "청춘_예찬+준혁",
      "id": 1063726518667362305,
      "id_str": "1063726518667362305",
      "indices": [
        3,
        17
      ]
    },
    {
      "screen_name": "MBC_Under19",
      "name": "MBC 언더나인틴",
      "id": 1042612844108238848,
      "id_str": "1042612844108238848",
      "indices": [
        97,
        109
      ]
    }
  ],
  "hashtags": [
    {
      "text": "신예찬",
      "indices": [
        58,
        62
      ]
    },
    {
      "text": "ShinYechan",
      "indices": [
        63,
        74
      ]
    },
    {
      "text": "언더나인틴",
      "indices": [
        75,
        81
      ]
    },
    {
      "text": "Undernineteen",
      "indices": [
        82,
        96
      ]
    }
  ],
  "geo": null
},{
  "id": "1073965783414272000",
  "permalink": "",
  "username": "[17's💎] Sylvia Kim ➹ ♥︎ ✛ Getting Closer",
  "text": "RT @youth_chanjun: 181209 게릴라 공연\n\n웃고 있는 예찬이 귀여워 &gt;&lt;\n\n#신예찬 #ShinYechan #언더나인틴 #Undernineteen @MBC_Under19 https://t.co/nQga4NNTbp",
  "date": "Sat Dec 15 15:39:30 +0000 2018",
  "retweets": 36,
  "favorites": 0,
  "mentions": [
    {
      "screen_name": "youth_chanjun",
      "name": "청춘_예찬+준혁",
      "id": 1063726518667362305,
      "id_str": "1063726518667362305",
      "indices": [
        3,
        17
      ]
    },
    {
      "screen_name": "MBC_Under19",
      "name": "MBC 언더나인틴",
      "id": 1042612844108238848,
      "id_str": "1042612844108238848",
      "indices": [
        97,
        109
      ]
    }
  ],
  "hashtags": [
    {
      "text": "신예찬",
      "indices": [
        58,
        62
      ]
    },
    {
      "text": "ShinYechan",
      "indices": [
        63,
        74
      ]
    },
    {
      "text": "언더나인틴",
      "indices": [
        75,
        81
      ]
    },
    {
      "text": "Undernineteen",
      "indices": [
        82,
        96
      ]
    }
  ],
  "geo": null
},{
  "id": "1073964626709176321",
  "permalink": "",
  "username": "✭・・ɬк💜",
  "text": "RT @youth_chanjun: 181209 게릴라 공연\n\n웃고 있는 예찬이 귀여워 &gt;&lt;\n\n#신예찬 #ShinYechan #언더나인틴 #Undernineteen @MBC_Under19 https://t.co/nQga4NNTbp",
  "date": "Sat Dec 15 15:34:54 +0000 2018",
  "retweets": 36,
  "favorites": 0,
  "mentions": [
    {
      "screen_name": "youth_chanjun",
      "name": "청춘_예찬+준혁",
      "id": 1063726518667362305,
      "id_str": "1063726518667362305",
      "indices": [
        3,
        17
      ]
    },
    {
      "screen_name": "MBC_Under19",
      "name": "MBC 언더나인틴",
      "id": 1042612844108238848,
      "id_str": "1042612844108238848",
      "indices": [
        97,
        109
      ]
    }
  ],
  "hashtags": [
    {
      "text": "신예찬",
      "indices": [
        58,
        62
      ]
    },
    {
      "text": "ShinYechan",
      "indices": [
        63,
        74
      ]
    },
    {
      "text": "언더나인틴",
      "indices": [
        75,
        81
      ]
    },
    {
      "text": "Undernineteen",
      "indices": [
        82,
        96
      ]
    }
  ],
  "geo": null
},{
  "id": "1073961468452757514",
  "permalink": "",
  "username": "4✦오늘생일인대마✦7",
  "text": "예찬이 환생 넣어야지; https://t.co/eV4MnnLiRb",
  "date": "Sat Dec 15 15:22:21 +0000 2018",
  "retweets": 0,
  "favorites": 1,
  "mentions": [],
  "hashtags": [],
  "geo": null
},{
  "id": "1073961300504436736",
  "permalink": "",
  "username": "[❄️반동결❄️] 물소금별(아령이) ✪ ω ✪",
  "text": "@follower_Rai 정말 와...시대는 인간에게 아무것도 바라지 않아요, 그러니 오지 않은 내일이 아닌 곁에 있는 사람을, 오늘을 사랑해주세요가 절절히 와닿는 글이었어요...와 생각 없이 봤다가 저 지… https://t.co/eyD6DKZviL",
  "date": "Sat Dec 15 15:21:41 +0000 2018",
  "retweets": 0,
  "favorites": 1,
  "mentions": [
    {
      "screen_name": "follower_Rai",
      "name": "👱‍♀️🌹라이사니이다!",
      "id": 795658753127292928,
      "id_str": "795658753127292928",
      "indices": [
        0,
        13
      ]
    }
  ],
  "hashtags": [],
  "geo": null
},{
  "id": "1073960618430947329",
  "permalink": "",
  "username": "밤블비",
  "text": "RT @youth_chanjun: 181209 게릴라 공연\n\n웃고 있는 예찬이 귀여워 &gt;&lt;\n\n#신예찬 #ShinYechan #언더나인틴 #Undernineteen @MBC_Under19 https://t.co/nQga4NNTbp",
  "date": "Sat Dec 15 15:18:59 +0000 2018",
  "retweets": 36,
  "favorites": 0,
  "mentions": [
    {
      "screen_name": "youth_chanjun",
      "name": "청춘_예찬+준혁",
      "id": 1063726518667362305,
      "id_str": "1063726518667362305",
      "indices": [
        3,
        17
      ]
    },
    {
      "screen_name": "MBC_Under19",
      "name": "MBC 언더나인틴",
      "id": 1042612844108238848,
      "id_str": "1042612844108238848",
      "indices": [
        97,
        109
      ]
    }
  ],
  "hashtags": [
    {
      "text": "신예찬",
      "indices": [
        58,
        62
      ]
    },
    {
      "text": "ShinYechan",
      "indices": [
        63,
        74
      ]
    },
    {
      "text": "언더나인틴",
      "indices": [
        75,
        81
      ]
    },
    {
      "text": "Undernineteen",
      "indices": [
        82,
        96
      ]
    }
  ],
  "geo": null
},{
  "id": "1073960217707073536",
  "permalink": "",
  "username": "Novianty Dewi",
  "text": "RT @youth_chanjun: 181209 게릴라 공연\n\n웃고 있는 예찬이 귀여워 &gt;&lt;\n\n#신예찬 #ShinYechan #언더나인틴 #Undernineteen @MBC_Under19 https://t.co/nQga4NNTbp",
  "date": "Sat Dec 15 15:17:23 +0000 2018",
  "retweets": 36,
  "favorites": 0,
  "mentions": [
    {
      "screen_name": "youth_chanjun",
      "name": "청춘_예찬+준혁",
      "id": 1063726518667362305,
      "id_str": "1063726518667362305",
      "indices": [
        3,
        17
      ]
    },
    {
      "screen_name": "MBC_Under19",
      "name": "MBC 언더나인틴",
      "id": 1042612844108238848,
      "id_str": "1042612844108238848",
      "indices": [
        97,
        109
      ]
    }
  ],
  "hashtags": [
    {
      "text": "신예찬",
      "indices": [
        58,
        62
      ]
    },
    {
      "text": "ShinYechan",
      "indices": [
        63,
        74
      ]
    },
    {
      "text": "언더나인틴",
      "indices": [
        75,
        81
      ]
    },
    {
      "text": "Undernineteen",
      "indices": [
        82,
        96
      ]
    }
  ],
  "geo": null
},{
  "id": "1073960134710153217",
  "permalink": "",
  "username": "郑世珠1127",
  "text": "RT @youth_chanjun: 181209 게릴라 공연\n\n웃고 있는 예찬이 귀여워 &gt;&lt;\n\n#신예찬 #ShinYechan #언더나인틴 #Undernineteen @MBC_Under19 https://t.co/nQga4NNTbp",
  "date": "Sat Dec 15 15:17:03 +0000 2018",
  "retweets": 36,
  "favorites": 0,
  "mentions": [
    {
      "screen_name": "youth_chanjun",
      "name": "청춘_예찬+준혁",
      "id": 1063726518667362305,
      "id_str": "1063726518667362305",
      "indices": [
        3,
        17
      ]
    },
    {
      "screen_name": "MBC_Under19",
      "name": "MBC 언더나인틴",
      "id": 1042612844108238848,
      "id_str": "1042612844108238848",
      "indices": [
        97,
        109
      ]
    }
  ],
  "hashtags": [
    {
      "text": "신예찬",
      "indices": [
        58,
        62
      ]
    },
    {
      "text": "ShinYechan",
      "indices": [
        63,
        74
      ]
    },
    {
      "text": "언더나인틴",
      "indices": [
        75,
        81
      ]
    },
    {
      "text": "Undernineteen",
      "indices": [
        82,
        96
      ]
    }
  ],
  "geo": null
},{
  "id": "1073959825057312768",
  "permalink": "",
  "username": "💜BTS💜",
  "text": "RT @mignon_JJS: 진성이 애교에 도염이와 예찬이 반응 ㅋㅋㅋㅋㅋㅋㅋㅋㅋㅋㅋㅋㅋㅋㅋㅋㅋㅋㅋㅋㅋㅋㅋㅋㅋㅋㅋㅋㅋㅋㅋㅋㅋㅋ\n\n#언더나인틴 #정진성 #전도염 #신예찬 https://t.co/M07vGsiiru",
  "date": "Sat Dec 15 15:15:50 +0000 2018",
  "retweets": 83,
  "favorites": 0,
  "mentions": [
    {
      "screen_name": "mignon_JJS",
      "name": "미그논",
      "id": 1069876252104830980,
      "id_str": "1069876252104830980",
      "indices": [
        3,
        14
      ]
    }
  ],
  "hashtags": [
    {
      "text": "언더나인틴",
      "indices": [
        72,
        78
      ]
    },
    {
      "text": "정진성",
      "indices": [
        79,
        83
      ]
    },
    {
      "text": "전도염",
      "indices": [
        84,
        88
      ]
    },
    {
      "text": "신예찬",
      "indices": [
        89,
        93
      ]
    }
  ],
  "geo": null
},{
  "id": "1073959647659188225",
  "permalink": "",
  "username": "คนหน้าแมว잉!🐈🌻",
  "text": "RT @youth_chanjun: 181209 게릴라 공연\n\n웃고 있는 예찬이 귀여워 &gt;&lt;\n\n#신예찬 #ShinYechan #언더나인틴 #Undernineteen @MBC_Under19 https://t.co/nQga4NNTbp",
  "date": "Sat Dec 15 15:15:07 +0000 2018",
  "retweets": 36,
  "favorites": 0,
  "mentions": [
    {
      "screen_name": "youth_chanjun",
      "name": "청춘_예찬+준혁",
      "id": 1063726518667362305,
      "id_str": "1063726518667362305",
      "indices": [
        3,
        17
      ]
    },
    {
      "screen_name": "MBC_Under19",
      "name": "MBC 언더나인틴",
      "id": 1042612844108238848,
      "id_str": "1042612844108238848",
      "indices": [
        97,
        109
      ]
    }
  ],
  "hashtags": [
    {
      "text": "신예찬",
      "indices": [
        58,
        62
      ]
    },
    {
      "text": "ShinYechan",
      "indices": [
        63,
        74
      ]
    },
    {
      "text": "언더나인틴",
      "indices": [
        75,
        81
      ]
    },
    {
      "text": "Undernineteen",
      "indices": [
        82,
        96
      ]
    }
  ],
  "geo": null
},{
  "id": "1073959502880206848",
  "permalink": "",
  "username": "익수",
  "text": "RT @mignon_JJS: 진성이 애교에 도염이와 예찬이 반응 ㅋㅋㅋㅋㅋㅋㅋㅋㅋㅋㅋㅋㅋㅋㅋㅋㅋㅋㅋㅋㅋㅋㅋㅋㅋㅋㅋㅋㅋㅋㅋㅋㅋㅋ\n\n#언더나인틴 #정진성 #전도염 #신예찬 https://t.co/M07vGsiiru",
  "date": "Sat Dec 15 15:14:33 +0000 2018",
  "retweets": 83,
  "favorites": 0,
  "mentions": [
    {
      "screen_name": "mignon_JJS",
      "name": "미그논",
      "id": 1069876252104830980,
      "id_str": "1069876252104830980",
      "indices": [
        3,
        14
      ]
    }
  ],
  "hashtags": [
    {
      "text": "언더나인틴",
      "indices": [
        72,
        78
      ]
    },
    {
      "text": "정진성",
      "indices": [
        79,
        83
      ]
    },
    {
      "text": "전도염",
      "indices": [
        84,
        88
      ]
    },
    {
      "text": "신예찬",
      "indices": [
        89,
        93
      ]
    }
  ],
  "geo": null
},{
  "id": "1073959097051959296",
  "permalink": "",
  "username": "Zy！",
  "text": "RT @youth_chanjun: 181209 게릴라 공연\n\n웃고 있는 예찬이 귀여워 &gt;&lt;\n\n#신예찬 #ShinYechan #언더나인틴 #Undernineteen @MBC_Under19 https://t.co/nQga4NNTbp",
  "date": "Sat Dec 15 15:12:56 +0000 2018",
  "retweets": 36,
  "favorites": 0,
  "mentions": [
    {
      "screen_name": "youth_chanjun",
      "name": "청춘_예찬+준혁",
      "id": 1063726518667362305,
      "id_str": "1063726518667362305",
      "indices": [
        3,
        17
      ]
    },
    {
      "screen_name": "MBC_Under19",
      "name": "MBC 언더나인틴",
      "id": 1042612844108238848,
      "id_str": "1042612844108238848",
      "indices": [
        97,
        109
      ]
    }
  ],
  "hashtags": [
    {
      "text": "신예찬",
      "indices": [
        58,
        62
      ]
    },
    {
      "text": "ShinYechan",
      "indices": [
        63,
        74
      ]
    },
    {
      "text": "언더나인틴",
      "indices": [
        75,
        81
      ]
    },
    {
      "text": "Undernineteen",
      "indices": [
        82,
        96
      ]
    }
  ],
  "geo": null
},{
  "id": "1073958738187284480",
  "permalink": "",
  "username": "낭",
  "text": "만년 2등 예찬이 1등하는게 제가 받고싶은 선물입니다,,,",
  "date": "Sat Dec 15 15:11:31 +0000 2018",
  "retweets": 0,
  "favorites": 0,
  "mentions": [],
  "hashtags": [],
  "geo": null
},{
  "id": "1073958696537870336",
  "permalink": "",
  "username": "*어어어어*",
  "text": "RT @youth_chanjun: 181209 게릴라 공연\n\n웃고 있는 예찬이 귀여워 &gt;&lt;\n\n#신예찬 #ShinYechan #언더나인틴 #Undernineteen @MBC_Under19 https://t.co/nQga4NNTbp",
  "date": "Sat Dec 15 15:11:21 +0000 2018",
  "retweets": 36,
  "favorites": 0,
  "mentions": [
    {
      "screen_name": "youth_chanjun",
      "name": "청춘_예찬+준혁",
      "id": 1063726518667362305,
      "id_str": "1063726518667362305",
      "indices": [
        3,
        17
      ]
    },
    {
      "screen_name": "MBC_Under19",
      "name": "MBC 언더나인틴",
      "id": 1042612844108238848,
      "id_str": "1042612844108238848",
      "indices": [
        97,
        109
      ]
    }
  ],
  "hashtags": [
    {
      "text": "신예찬",
      "indices": [
        58,
        62
      ]
    },
    {
      "text": "ShinYechan",
      "indices": [
        63,
        74
      ]
    },
    {
      "text": "언더나인틴",
      "indices": [
        75,
        81
      ]
    },
    {
      "text": "Undernineteen",
      "indices": [
        82,
        96
      ]
    }
  ],
  "geo": null
},{
  "id": "1073958691882201088",
  "permalink": "",
  "username": "Chan~유",
  "text": "RT @youth_chanjun: 181209 게릴라 공연\n\n웃고 있는 예찬이 귀여워 &gt;&lt;\n\n#신예찬 #ShinYechan #언더나인틴 #Undernineteen @MBC_Under19 https://t.co/nQga4NNTbp",
  "date": "Sat Dec 15 15:11:19 +0000 2018",
  "retweets": 36,
  "favorites": 0,
  "mentions": [
    {
      "screen_name": "youth_chanjun",
      "name": "청춘_예찬+준혁",
      "id": 1063726518667362305,
      "id_str": "1063726518667362305",
      "indices": [
        3,
        17
      ]
    },
    {
      "screen_name": "MBC_Under19",
      "name": "MBC 언더나인틴",
      "id": 1042612844108238848,
      "id_str": "1042612844108238848",
      "indices": [
        97,
        109
      ]
    }
  ],
  "hashtags": [
    {
      "text": "신예찬",
      "indices": [
        58,
        62
      ]
    },
    {
      "text": "ShinYechan",
      "indices": [
        63,
        74
      ]
    },
    {
      "text": "언더나인틴",
      "indices": [
        75,
        81
      ]
    },
    {
      "text": "Undernineteen",
      "indices": [
        82,
        96
      ]
    }
  ],
  "geo": null
},{
  "id": "1073958511854272512",
  "permalink": "",
  "username": "청춘_예찬+준혁",
  "text": "181209 게릴라 공연\n\n웃고 있는 예찬이 귀여워 &gt;&lt;\n\n#신예찬 #ShinYechan #언더나인틴 #Undernineteen @MBC_Under19 https://t.co/nQga4NNTbp",
  "date": "Sat Dec 15 15:10:37 +0000 2018",
  "retweets": 36,
  "favorites": 56,
  "mentions": [
    {
      "screen_name": "MBC_Under19",
      "name": "MBC 언더나인틴",
      "id": 1042612844108238848,
      "id_str": "1042612844108238848",
      "indices": [
        78,
        90
      ]
    }
  ],
  "hashtags": [
    {
      "text": "신예찬",
      "indices": [
        39,
        43
      ]
    },
    {
      "text": "ShinYechan",
      "indices": [
        44,
        55
      ]
    },
    {
      "text": "언더나인틴",
      "indices": [
        56,
        62
      ]
    },
    {
      "text": "Undernineteen",
      "indices": [
        63,
        77
      ]
    }
  ],
  "geo": null
},{
  "id": "1073958204298514432",
  "permalink": "",
  "username": "[❄️반동결❄️] 물소금별(아령이) ✪ ω ✪",
  "text": "여러분 이거 읽으세요.\n\n[조아라]\n- 작품명 : 일어나지 않은 것들에 관하여\n- 작가명 : 서사희\n\n스포는 안하겠는데 정말 순식간에 다 읽었고, 와, 라는 말밖에 안 나옵니다. 제발 읽어주세요. 진짜 읽고… https://t.co/PwiWwlHnMp",
  "date": "Sat Dec 15 15:09:23 +0000 2018",
  "retweets": 2,
  "favorites": 5,
  "mentions": [],
  "hashtags": [],
  "geo": null
},{
  "id": "1073956726037069824",
  "permalink": "",
  "username": "[월요일에 전화] 탄조",
  "text": "이와중에 예찬이랑 손 잡았... 어? 손잡아도 되는 건가? 어? 박살 아냐?",
  "date": "Sat Dec 15 15:03:31 +0000 2018",
  "retweets": 0,
  "favorites": 0,
  "mentions": [],
  "hashtags": [],
  "geo": null
},{
  "id": "1073955701905489920",
  "permalink": "",
  "username": "건베",
  "text": "RT @jye9807: 아놔 다른 시는 다 그냥저냥할만한데 두루뭉실 하게 말도안되는 은유직유써가면서 자연이나 천국 예찬하는 시들은 진짜 짱나고 하나도 머릿속에 안남고 그냥 하품만 나네 .. 이 ㅁㅊ 영국의정철놈들아",
  "date": "Sat Dec 15 14:59:27 +0000 2018",
  "retweets": 1,
  "favorites": 0,
  "mentions": [
    {
      "screen_name": "jye9807",
      "name": "뭉",
      "id": 1886240251,
      "id_str": "1886240251",
      "indices": [
        3,
        11
      ]
    }
  ],
  "hashtags": [],
  "geo": null
},{
  "id": "1073955327043719168",
  "permalink": "",
  "username": "천",
  "text": "RT @mignon_JJS: 진성이 애교에 도염이와 예찬이 반응 ㅋㅋㅋㅋㅋㅋㅋㅋㅋㅋㅋㅋㅋㅋㅋㅋㅋㅋㅋㅋㅋㅋㅋㅋㅋㅋㅋㅋㅋㅋㅋㅋㅋㅋ\n\n#언더나인틴 #정진성 #전도염 #신예찬 https://t.co/M07vGsiiru",
  "date": "Sat Dec 15 14:57:57 +0000 2018",
  "retweets": 83,
  "favorites": 0,
  "mentions": [
    {
      "screen_name": "mignon_JJS",
      "name": "미그논",
      "id": 1069876252104830980,
      "id_str": "1069876252104830980",
      "indices": [
        3,
        14
      ]
    }
  ],
  "hashtags": [
    {
      "text": "언더나인틴",
      "indices": [
        72,
        78
      ]
    },
    {
      "text": "정진성",
      "indices": [
        79,
        83
      ]
    },
    {
      "text": "전도염",
      "indices": [
        84,
        88
      ]
    },
    {
      "text": "신예찬",
      "indices": [
        89,
        93
      ]
    }
  ],
  "geo": null
},{
  "id": "1073955281795637248",
  "permalink": "",
  "username": "왜",
  "text": "같은 인용문이 있는걸로 봐서 학사에서 다룬 소로킨이랑은 꽤나 다른 부분인 것 같은데 1940년부터 사상전환 조금씩 보인 후로 예언가적이고 사랑예찬 뭐 이렇게 바뀌었다로 흐지부지 끝나게 배웠는데 대체 멀 한… https://t.co/1p6UcCWXSY",
  "date": "Sat Dec 15 14:57:46 +0000 2018",
  "retweets": 0,
  "favorites": 0,
  "mentions": [],
  "hashtags": [],
  "geo": null
},{
  "id": "1073953591847641090",
  "permalink": "",
  "username": "청아",
  "text": "RT @yechan1206: 아 이 정도면 예찬 오지는 발전 인정? 인정 근데 점점 갈 수록 미완인 그림이 많아진다... https://t.co/6WIl1JPX0z",
  "date": "Sat Dec 15 14:51:04 +0000 2018",
  "retweets": 2,
  "favorites": 0,
  "mentions": [
    {
      "screen_name": "yechan1206",
      "name": "[satisfying]예찬",
      "id": 874933894063169536,
      "id_str": "874933894063169536",
      "indices": [
        3,
        14
      ]
    }
  ],
  "hashtags": [],
  "geo": null
},{
  "id": "1073953205455773696",
  "permalink": "",
  "username": "ㅅㅎ",
  "text": "RT @mignon_JJS: 진성이 애교에 도염이와 예찬이 반응 ㅋㅋㅋㅋㅋㅋㅋㅋㅋㅋㅋㅋㅋㅋㅋㅋㅋㅋㅋㅋㅋㅋㅋㅋㅋㅋㅋㅋㅋㅋㅋㅋㅋㅋ\n\n#언더나인틴 #정진성 #전도염 #신예찬 https://t.co/M07vGsiiru",
  "date": "Sat Dec 15 14:49:31 +0000 2018",
  "retweets": 83,
  "favorites": 0,
  "mentions": [
    {
      "screen_name": "mignon_JJS",
      "name": "미그논",
      "id": 1069876252104830980,
      "id_str": "1069876252104830980",
      "indices": [
        3,
        14
      ]
    }
  ],
  "hashtags": [
    {
      "text": "언더나인틴",
      "indices": [
        72,
        78
      ]
    },
    {
      "text": "정진성",
      "indices": [
        79,
        83
      ]
    },
    {
      "text": "전도염",
      "indices": [
        84,
        88
      ]
    },
    {
      "text": "신예찬",
      "indices": [
        89,
        93
      ]
    }
  ],
  "geo": null
},{
  "id": "1073951782621999110",
  "permalink": "",
  "username": "트친소 맞팔 해주십사 오전",
  "text": "@YitcH6 지랄하네, , , 누난 다 예찬이 맘 안다 새꺄~",
  "date": "Sat Dec 15 14:43:52 +0000 2018",
  "retweets": 0,
  "favorites": 0,
  "mentions": [
    {
      "screen_name": "YitcH6",
      "name": "예찬",
      "id": 1073518008184664064,
      "id_str": "1073518008184664064",
      "indices": [
        0,
        7
      ]
    }
  ],
  "hashtags": [],
  "geo": null
},{
  "id": "1073951557761134594",
  "permalink": "",
  "username": "유메",
  "text": "예찬이ㅡ앞머리 팔랑팔랑 너무 귀여워🤦‍♀️",
  "date": "Sat Dec 15 14:42:59 +0000 2018",
  "retweets": 0,
  "favorites": 1,
  "mentions": [],
  "hashtags": [],
  "geo": null
},{
  "id": "1073950669852205057",
  "permalink": "",
  "username": "🍰",
  "text": "RT @LOVEBOMB_chan_: 🌟신예찬 슬로건 수량 조사🌟\n\n👉🏻 https://t.co/SQ2no52ify\n👉🏻60*20 스웨이드 반사 슬로건 입니다.\n👉🏻구매가 확실하신 분만 폼 작성 부탁드립니다.\n👉🏻 수정을 원하시는 분이 많아 수정후 다…",
  "date": "Sat Dec 15 14:39:27 +0000 2018",
  "retweets": 36,
  "favorites": 0,
  "mentions": [
    {
      "screen_name": "LOVEBOMB_chan_",
      "name": "ʟᴏᴠᴇ ʙᴏᴍʙ ❤️💣",
      "id": 1064153705564360705,
      "id_str": "1064153705564360705",
      "indices": [
        3,
        18
      ]
    }
  ],
  "hashtags": [],
  "geo": null
},{
  "id": "1073950320395309061",
  "permalink": "",
  "username": "YiYi",
  "text": "RT @REECHO_SYC: #언더나인틴\n#신예찬\n예찬이잘해💫💫💫\nhttps://t.co/bGAvF4FytR",
  "date": "Sat Dec 15 14:38:04 +0000 2018",
  "retweets": 5,
  "favorites": 0,
  "mentions": [
    {
      "screen_name": "REECHO_SYC",
      "name": "REECHO_SYC",
      "id": 1067778257095819264,
      "id_str": "1067778257095819264",
      "indices": [
        3,
        14
      ]
    }
  ],
  "hashtags": [
    {
      "text": "언더나인틴",
      "indices": [
        16,
        22
      ]
    },
    {
      "text": "신예찬",
      "indices": [
        23,
        27
      ]
    }
  ],
  "geo": null
},{
  "id": "1073949903519240199",
  "permalink": "",
  "username": "신너영",
  "text": "RT @mignon_JJS: 진성이 애교에 도염이와 예찬이 반응 ㅋㅋㅋㅋㅋㅋㅋㅋㅋㅋㅋㅋㅋㅋㅋㅋㅋㅋㅋㅋㅋㅋㅋㅋㅋㅋㅋㅋㅋㅋㅋㅋㅋㅋ\n\n#언더나인틴 #정진성 #전도염 #신예찬 https://t.co/M07vGsiiru",
  "date": "Sat Dec 15 14:36:24 +0000 2018",
  "retweets": 83,
  "favorites": 0,
  "mentions": [
    {
      "screen_name": "mignon_JJS",
      "name": "미그논",
      "id": 1069876252104830980,
      "id_str": "1069876252104830980",
      "indices": [
        3,
        14
      ]
    }
  ],
  "hashtags": [
    {
      "text": "언더나인틴",
      "indices": [
        72,
        78
      ]
    },
    {
      "text": "정진성",
      "indices": [
        79,
        83
      ]
    },
    {
      "text": "전도염",
      "indices": [
        84,
        88
      ]
    },
    {
      "text": "신예찬",
      "indices": [
        89,
        93
      ]
    }
  ],
  "geo": null
},{
  "id": "1073948614253113344",
  "permalink": "",
  "username": "RIRI💜대휘🐣",
  "text": "RT @mignon_JJS: 진성이 애교에 도염이와 예찬이 반응 ㅋㅋㅋㅋㅋㅋㅋㅋㅋㅋㅋㅋㅋㅋㅋㅋㅋㅋㅋㅋㅋㅋㅋㅋㅋㅋㅋㅋㅋㅋㅋㅋㅋㅋ\n\n#언더나인틴 #정진성 #전도염 #신예찬 https://t.co/M07vGsiiru",
  "date": "Sat Dec 15 14:31:17 +0000 2018",
  "retweets": 83,
  "favorites": 0,
  "mentions": [
    {
      "screen_name": "mignon_JJS",
      "name": "미그논",
      "id": 1069876252104830980,
      "id_str": "1069876252104830980",
      "indices": [
        3,
        14
      ]
    }
  ],
  "hashtags": [
    {
      "text": "언더나인틴",
      "indices": [
        72,
        78
      ]
    },
    {
      "text": "정진성",
      "indices": [
        79,
        83
      ]
    },
    {
      "text": "전도염",
      "indices": [
        84,
        88
      ]
    },
    {
      "text": "신예찬",
      "indices": [
        89,
        93
      ]
    }
  ],
  "geo": null
},{
  "id": "1073946486809845761",
  "permalink": "",
  "username": "Roller Coaster #หลงด้อมจนไดั",
  "text": "RT @h_2min: 성원이한테 방송분량이 계속 이렇게 많이 해주시면 정말 감사해요.. 근데 예찬이도요 제발 엠비씨...\n\n#박성원 #성원 #언더나인틴 #undernineteen #under19 #parksungwon #sungwon https://…",
  "date": "Sat Dec 15 14:22:50 +0000 2018",
  "retweets": 7,
  "favorites": 0,
  "mentions": [
    {
      "screen_name": "h_2min",
      "name": "갓예찬0514",
      "id": 4533514032,
      "id_str": "4533514032",
      "indices": [
        3,
        10
      ]
    }
  ],
  "hashtags": [
    {
      "text": "박성원",
      "indices": [
        69,
        73
      ]
    },
    {
      "text": "성원",
      "indices": [
        74,
        77
      ]
    },
    {
      "text": "언더나인틴",
      "indices": [
        78,
        84
      ]
    },
    {
      "text": "undernineteen",
      "indices": [
        85,
        99
      ]
    },
    {
      "text": "under19",
      "indices": [
        100,
        108
      ]
    },
    {
      "text": "parksungwon",
      "indices": [
        109,
        121
      ]
    },
    {
      "text": "sungwon",
      "indices": [
        122,
        130
      ]
    }
  ],
  "geo": null
},{
  "id": "1073946193837871105",
  "permalink": "",
  "username": "Baek Yebin's cheek enthusiast",
  "text": "RT @luver_1267: 예찬이는 진짜 대단히엄청나게 오져여ㅜㅜㅜㅜ https://t.co/sj3jv4GCP6",
  "date": "Sat Dec 15 14:21:40 +0000 2018",
  "retweets": 5,
  "favorites": 0,
  "mentions": [
    {
      "screen_name": "luver_1267",
      "name": "러버💜",
      "id": 1065189240705695745,
      "id_str": "1065189240705695745",
      "indices": [
        3,
        14
      ]
    }
  ],
  "hashtags": [],
  "geo": null
},{
  "id": "1073946046496010240",
  "permalink": "",
  "username": "뾰월🐹",
  "text": "RT @mignon_JJS: 진성이 애교에 도염이와 예찬이 반응 ㅋㅋㅋㅋㅋㅋㅋㅋㅋㅋㅋㅋㅋㅋㅋㅋㅋㅋㅋㅋㅋㅋㅋㅋㅋㅋㅋㅋㅋㅋㅋㅋㅋㅋ\n\n#언더나인틴 #정진성 #전도염 #신예찬 https://t.co/M07vGsiiru",
  "date": "Sat Dec 15 14:21:05 +0000 2018",
  "retweets": 83,
  "favorites": 0,
  "mentions": [
    {
      "screen_name": "mignon_JJS",
      "name": "미그논",
      "id": 1069876252104830980,
      "id_str": "1069876252104830980",
      "indices": [
        3,
        14
      ]
    }
  ],
  "hashtags": [
    {
      "text": "언더나인틴",
      "indices": [
        72,
        78
      ]
    },
    {
      "text": "정진성",
      "indices": [
        79,
        83
      ]
    },
    {
      "text": "전도염",
      "indices": [
        84,
        88
      ]
    },
    {
      "text": "신예찬",
      "indices": [
        89,
        93
      ]
    }
  ],
  "geo": null
},{
  "id": "1073943233309204480",
  "permalink": "",
  "username": "바나나킥",
  "text": "RT @yhyhjsg111: 이렇게 투표하다간 이번에도 랩팀 꼴찌하면 예찬이 택현이 떨어져요 #예찬살려 #택현살려",
  "date": "Sat Dec 15 14:09:54 +0000 2018",
  "retweets": 8,
  "favorites": 0,
  "mentions": [
    {
      "screen_name": "yhyhjsg111",
      "name": "낭",
      "id": 1062985659260973056,
      "id_str": "1062985659260973056",
      "indices": [
        3,
        14
      ]
    }
  ],
  "hashtags": [
    {
      "text": "예찬살려",
      "indices": [
        52,
        57
      ]
    },
    {
      "text": "택현살려",
      "indices": [
        58,
        63
      ]
    }
  ],
  "geo": null
},{
  "id": "1073942728801583105",
  "permalink": "",
  "username": "베리",
  "text": "@lovely_JUNHYUK 귀염 뽀짝 뽀짝한 볼이 둘다 모찌같은 현준이랑 작은 예찬이요ㅠㅠㅠㅠㅜㅜㅠ",
  "date": "Sat Dec 15 14:07:54 +0000 2018",
  "retweets": 0,
  "favorites": 1,
  "mentions": [
    {
      "screen_name": "lovely_JUNHYUK",
      "name": "슬",
      "id": 1073881300346429440,
      "id_str": "1073881300346429440",
      "indices": [
        0,
        15
      ]
    }
  ],
  "hashtags": [],
  "geo": null
},{
  "id": "1073942626112397312",
  "permalink": "",
  "username": "꿀짱",
  "text": "@BBOSIHYUN 다른 애들 봐도 땀범벅.. 도원경은 무대의상 어두워서 괜찮았던거같은데 럽미라잇 보니깐 예찬이 등이랑 가슴이랑 아무튼 땀날 수 있는데는 다 나는거같아요 ㅠㅠㅠ",
  "date": "Sat Dec 15 14:07:29 +0000 2018",
  "retweets": 0,
  "favorites": 0,
  "mentions": [
    {
      "screen_name": "BBOSIHYUN",
      "name": "뽀시",
      "id": 1058662929426350080,
      "id_str": "1058662929426350080",
      "indices": [
        0,
        10
      ]
    }
  ],
  "hashtags": [],
  "geo": null
},{
  "id": "1073942303729946625",
  "permalink": "",
  "username": "Ⓢ",
  "text": "RT @mignon_JJS: 진성이 애교에 도염이와 예찬이 반응 ㅋㅋㅋㅋㅋㅋㅋㅋㅋㅋㅋㅋㅋㅋㅋㅋㅋㅋㅋㅋㅋㅋㅋㅋㅋㅋㅋㅋㅋㅋㅋㅋㅋㅋ\n\n#언더나인틴 #정진성 #전도염 #신예찬 https://t.co/M07vGsiiru",
  "date": "Sat Dec 15 14:06:12 +0000 2018",
  "retweets": 83,
  "favorites": 0,
  "mentions": [
    {
      "screen_name": "mignon_JJS",
      "name": "미그논",
      "id": 1069876252104830980,
      "id_str": "1069876252104830980",
      "indices": [
        3,
        14
      ]
    }
  ],
  "hashtags": [
    {
      "text": "언더나인틴",
      "indices": [
        72,
        78
      ]
    },
    {
      "text": "정진성",
      "indices": [
        79,
        83
      ]
    },
    {
      "text": "전도염",
      "indices": [
        84,
        88
      ]
    },
    {
      "text": "신예찬",
      "indices": [
        89,
        93
      ]
    }
  ],
  "geo": null
},{
  "id": "1073942251380719616",
  "permalink": "",
  "username": "- 김강우. -",
  "text": "RT @mignon_JJS: 진성이 애교에 도염이와 예찬이 반응 ㅋㅋㅋㅋㅋㅋㅋㅋㅋㅋㅋㅋㅋㅋㅋㅋㅋㅋㅋㅋㅋㅋㅋㅋㅋㅋㅋㅋㅋㅋㅋㅋㅋㅋ\n\n#언더나인틴 #정진성 #전도염 #신예찬 https://t.co/M07vGsiiru",
  "date": "Sat Dec 15 14:06:00 +0000 2018",
  "retweets": 83,
  "favorites": 0,
  "mentions": [
    {
      "screen_name": "mignon_JJS",
      "name": "미그논",
      "id": 1069876252104830980,
      "id_str": "1069876252104830980",
      "indices": [
        3,
        14
      ]
    }
  ],
  "hashtags": [
    {
      "text": "언더나인틴",
      "indices": [
        72,
        78
      ]
    },
    {
      "text": "정진성",
      "indices": [
        79,
        83
      ]
    },
    {
      "text": "전도염",
      "indices": [
        84,
        88
      ]
    },
    {
      "text": "신예찬",
      "indices": [
        89,
        93
      ]
    }
  ],
  "geo": null
},{
  "id": "1073941938615664646",
  "permalink": "",
  "username": "꿀짱",
  "text": "V LIVE에서 비디오를 시청할 수 있습니다\nhttps://t.co/PUwifCHTPU\n\n대체 애들 춤 몇번이나 다시 시킨거예요ㅠㅠㅠㅠ 예찬이 뽀송했는데 시작부터 등이 젖어있다니ㅠㅠㅜㅠㅠㅠ",
  "date": "Sat Dec 15 14:04:45 +0000 2018",
  "retweets": 1,
  "favorites": 4,
  "mentions": [],
  "hashtags": [],
  "geo": null
},{
  "id": "1073941122911657984",
  "permalink": "",
  "username": "• kijungmama​ 🐣",
  "text": "RT @mignon_JJS: 진성이 애교에 도염이와 예찬이 반응 ㅋㅋㅋㅋㅋㅋㅋㅋㅋㅋㅋㅋㅋㅋㅋㅋㅋㅋㅋㅋㅋㅋㅋㅋㅋㅋㅋㅋㅋㅋㅋㅋㅋㅋ\n\n#언더나인틴 #정진성 #전도염 #신예찬 https://t.co/M07vGsiiru",
  "date": "Sat Dec 15 14:01:31 +0000 2018",
  "retweets": 83,
  "favorites": 0,
  "mentions": [
    {
      "screen_name": "mignon_JJS",
      "name": "미그논",
      "id": 1069876252104830980,
      "id_str": "1069876252104830980",
      "indices": [
        3,
        14
      ]
    }
  ],
  "hashtags": [
    {
      "text": "언더나인틴",
      "indices": [
        72,
        78
      ]
    },
    {
      "text": "정진성",
      "indices": [
        79,
        83
      ]
    },
    {
      "text": "전도염",
      "indices": [
        84,
        88
      ]
    },
    {
      "text": "신예찬",
      "indices": [
        89,
        93
      ]
    }
  ],
  "geo": null
},{
  "id": "1073940115985027074",
  "permalink": "",
  "username": "POM",
  "text": "RT @O1O514: #언더나인틴 #신예찬\n엥 예찬이가 시작부터 무대를 찢어버렸어용 💦💦 https://t.co/XIQht1Ci6R",
  "date": "Sat Dec 15 13:57:31 +0000 2018",
  "retweets": 10,
  "favorites": 0,
  "mentions": [
    {
      "screen_name": "O1O514",
      "name": "공주",
      "id": 1049355987914653697,
      "id_str": "1049355987914653697",
      "indices": [
        3,
        10
      ]
    }
  ],
  "hashtags": [
    {
      "text": "언더나인틴",
      "indices": [
        12,
        18
      ]
    },
    {
      "text": "신예찬",
      "indices": [
        19,
        23
      ]
    }
  ],
  "geo": null
},{
  "id": "1073939708718108673",
  "permalink": "",
  "username": "รูดอล์ฟ",
  "text": "RT @MBC_Under19: 🍋언더나인틴 본격 레몬 먹기 대결🍋\n📢 '랩팀' 이예찬 VS 방준혁\n\n#MBC #언더나인틴 #UNDERNINETEEN #레몬_먹기_대결 #이예찬 #방준혁 https://t.co/ik9I8qjIgz",
  "date": "Sat Dec 15 13:55:54 +0000 2018",
  "retweets": 513,
  "favorites": 0,
  "mentions": [
    {
      "screen_name": "MBC_Under19",
      "name": "MBC 언더나인틴",
      "id": 1042612844108238848,
      "id_str": "1042612844108238848",
      "indices": [
        3,
        15
      ]
    }
  ],
  "hashtags": [
    {
      "text": "MBC",
      "indices": [
        56,
        60
      ]
    },
    {
      "text": "언더나인틴",
      "indices": [
        61,
        67
      ]
    },
    {
      "text": "UNDERNINETEEN",
      "indices": [
        68,
        82
      ]
    },
    {
      "text": "레몬_먹기_대결",
      "indices": [
        83,
        92
      ]
    },
    {
      "text": "이예찬",
      "indices": [
        93,
        97
      ]
    },
    {
      "text": "방준혁",
      "indices": [
        98,
        102
      ]
    }
  ],
  "geo": null
},{
  "id": "1073939289346469888",
  "permalink": "",
  "username": "📍U19,YGTB,AFA18",
  "text": "RT @O1O514: #언더나인틴 #신예찬\n엥 예찬이가 시작부터 무대를 찢어버렸어용 💦💦 https://t.co/XIQht1Ci6R",
  "date": "Sat Dec 15 13:54:14 +0000 2018",
  "retweets": 10,
  "favorites": 0,
  "mentions": [
    {
      "screen_name": "O1O514",
      "name": "공주",
      "id": 1049355987914653697,
      "id_str": "1049355987914653697",
      "indices": [
        3,
        10
      ]
    }
  ],
  "hashtags": [
    {
      "text": "언더나인틴",
      "indices": [
        12,
        18
      ]
    },
    {
      "text": "신예찬",
      "indices": [
        19,
        23
      ]
    }
  ],
  "geo": null
},{
  "id": "1073939022978793472",
  "permalink": "",
  "username": "오월",
  "text": "근데 난 버즈 노래 중엔 남자는 몰라랑 미완예찬 비망록이 더 좋았음 아 사랑은 가슴이 시킨다 ㅋㅋㅋㅋㅋ 1st도 좋았고... 버즈 노래 전반적으로 다 좋았던 듯",
  "date": "Sat Dec 15 13:53:10 +0000 2018",
  "retweets": 0,
  "favorites": 1,
  "mentions": [],
  "hashtags": [],
  "geo": null
},{
  "id": "1073938834520330241",
  "permalink": "",
  "username": "쿙",
  "text": "RT @shineofyou_yc: https://t.co/gNBBL1ZPvs\n\n예찬이 럽미라잇 직캠💖💖💖\n많이 많이 봅시다 하루 두번 11번가 투표와 함께 럽미라잇 직캠도 고고٩(ˊᗜˋ*)و https://t.co/QheF0tk7mK",
  "date": "Sat Dec 15 13:52:25 +0000 2018",
  "retweets": 19,
  "favorites": 0,
  "mentions": [
    {
      "screen_name": "shineofyou_yc",
      "name": "shine of you✨",
      "id": 1070674666191126528,
      "id_str": "1070674666191126528",
      "indices": [
        3,
        17
      ]
    }
  ],
  "hashtags": [],
  "geo": null
},{
  "id": "1073938615095353344",
  "permalink": "",
  "username": "택빈",
  "text": "RT @uknow_th: 순위 올려야할 고정픽\n\n김영석 14위\n장루이 14위\n박진오 12위\n이예찬 11위\n정택현 10위",
  "date": "Sat Dec 15 13:51:33 +0000 2018",
  "retweets": 9,
  "favorites": 0,
  "mentions": [
    {
      "screen_name": "uknow_th",
      "name": "[퉆링크프로필] 택현이 아라?🤷🏻‍♂️",
      "id": 1023434457296994304,
      "id_str": "1023434457296994304",
      "indices": [
        3,
        12
      ]
    }
  ],
  "hashtags": [],
  "geo": null
},{
  "id": "1073938331694653440",
  "permalink": "",
  "username": "몽",
  "text": "RT @uknow_th: 순위 올려야할 고정픽\n\n김영석 14위\n장루이 14위\n박진오 12위\n이예찬 11위\n정택현 10위",
  "date": "Sat Dec 15 13:50:25 +0000 2018",
  "retweets": 9,
  "favorites": 0,
  "mentions": [
    {
      "screen_name": "uknow_th",
      "name": "[퉆링크프로필] 택현이 아라?🤷🏻‍♂️",
      "id": 1023434457296994304,
      "id_str": "1023434457296994304",
      "indices": [
        3,
        12
      ]
    }
  ],
  "hashtags": [],
  "geo": null
}]