[{
  "id": "1073726972017004544",
  "permalink": "",
  "username": "예차니",
  "text": "RT @JJS_Archive: 181214 2차경연 비하인드 영상 정진성 CUT\n예찬이 형이랑 샌드위치 2개씩 들구 복도에서 냠냠🌯\n-\n#언더나인틴 #UNDERNINETEEN #정진성 #진성 #신예찬 #예찬 https://t.co/Y7NnBFg8dk",
  "date": "Fri Dec 14 23:50:33 +0000 2018",
  "retweets": 15,
  "favorites": 0,
  "mentions": [
    {
      "screen_name": "JJS_Archive",
      "name": "정진성 아카이브",
      "id": 1066189207788445697,
      "id_str": "1066189207788445697",
      "indices": [
        3,
        15
      ]
    }
  ],
  "hashtags": [
    {
      "text": "언더나인틴",
      "indices": [
        76,
        82
      ]
    },
    {
      "text": "UNDERNINETEEN",
      "indices": [
        83,
        97
      ]
    },
    {
      "text": "정진성",
      "indices": [
        98,
        102
      ]
    },
    {
      "text": "진성",
      "indices": [
        103,
        106
      ]
    },
    {
      "text": "신예찬",
      "indices": [
        107,
        111
      ]
    },
    {
      "text": "예찬",
      "indices": [
        112,
        115
      ]
    }
  ],
  "geo": null
},{
  "id": "1073725258933317636",
  "permalink": "",
  "username": "예차니",
  "text": "RT @O1O514: #언더나인틴 #신예찬\n중학교 지인분께서 말해 주셨던 예찬이 과거‼️ 착하고 운동도 잘하구 공부도 잘했대요 😭 도대체 부족한 게 모야 신예찬💧💖 https://t.co/KlBpDNeHlI",
  "date": "Fri Dec 14 23:43:45 +0000 2018",
  "retweets": 11,
  "favorites": 0,
  "mentions": [
    {
      "screen_name": "O1O514",
      "name": "공주",
      "id": 1049355987914653697,
      "id_str": "1049355987914653697",
      "indices": [
        3,
        10
      ]
    }
  ],
  "hashtags": [
    {
      "text": "언더나인틴",
      "indices": [
        12,
        18
      ]
    },
    {
      "text": "신예찬",
      "indices": [
        19,
        23
      ]
    }
  ],
  "geo": null
},{
  "id": "1073721130576359424",
  "permalink": "",
  "username": "Aaron J. Deschamps",
  "text": "RT @JJS_Archive: 181214 2차경연 비하인드 영상 정진성 CUT\n예찬이 형이랑 샌드위치 2개씩 들구 복도에서 냠냠🌯\n-\n#언더나인틴 #UNDERNINETEEN #정진성 #진성 #신예찬 #예찬 https://t.co/Y7NnBFg8dk",
  "date": "Fri Dec 14 23:27:20 +0000 2018",
  "retweets": 15,
  "favorites": 0,
  "mentions": [
    {
      "screen_name": "JJS_Archive",
      "name": "정진성 아카이브",
      "id": 1066189207788445697,
      "id_str": "1066189207788445697",
      "indices": [
        3,
        15
      ]
    }
  ],
  "hashtags": [
    {
      "text": "언더나인틴",
      "indices": [
        76,
        82
      ]
    },
    {
      "text": "UNDERNINETEEN",
      "indices": [
        83,
        97
      ]
    },
    {
      "text": "정진성",
      "indices": [
        98,
        102
      ]
    },
    {
      "text": "진성",
      "indices": [
        103,
        106
      ]
    },
    {
      "text": "신예찬",
      "indices": [
        107,
        111
      ]
    },
    {
      "text": "예찬",
      "indices": [
        112,
        115
      ]
    }
  ],
  "geo": null
},{
  "id": "1073720763415293953",
  "permalink": "",
  "username": "Aaron J. Deschamps",
  "text": "RT @JJS_Archive: 181214 2차경연 비하인드 영상 정진성 CUT\n진성이 손 작은 거 너무 귀엽고 예찬이랑 대보는 것도 귀여워 죽어😭\n-\n#언더나인틴 #UNDERNINETEEN #정진성 #진성 #이예찬 #예찬 https://t.co/9…",
  "date": "Fri Dec 14 23:25:53 +0000 2018",
  "retweets": 18,
  "favorites": 0,
  "mentions": [
    {
      "screen_name": "JJS_Archive",
      "name": "정진성 아카이브",
      "id": 1066189207788445697,
      "id_str": "1066189207788445697",
      "indices": [
        3,
        15
      ]
    }
  ],
  "hashtags": [
    {
      "text": "언더나인틴",
      "indices": [
        85,
        91
      ]
    },
    {
      "text": "UNDERNINETEEN",
      "indices": [
        92,
        106
      ]
    },
    {
      "text": "정진성",
      "indices": [
        107,
        111
      ]
    },
    {
      "text": "진성",
      "indices": [
        112,
        115
      ]
    },
    {
      "text": "이예찬",
      "indices": [
        116,
        120
      ]
    },
    {
      "text": "예찬",
      "indices": [
        121,
        124
      ]
    }
  ],
  "geo": null
},{
  "id": "1073714596068782081",
  "permalink": "",
  "username": "하 진",
  "text": "기다리고 있어. 네가 내게 선물할 끝을. .....하지만 예찬아. 이제는, 내 끝이 곧 너의 끝이길 기도해.",
  "date": "Fri Dec 14 23:01:23 +0000 2018",
  "retweets": 0,
  "favorites": 0,
  "mentions": [],
  "hashtags": [],
  "geo": null
},{
  "id": "1073714284184530944",
  "permalink": "",
  "username": "지금 이 시각 서지경은?",
  "text": "잘생긴 예찬이가 오전 8시를 알려드립니다. 다들 잠은 집에 가서 자세요. 왜 시체가 되어있어.",
  "date": "Fri Dec 14 23:00:08 +0000 2018",
  "retweets": 0,
  "favorites": 0,
  "mentions": [],
  "hashtags": [],
  "geo": null
},{
  "id": "1073711250385686528",
  "permalink": "",
  "username": "Kimamuk",
  "text": "RT @O1O514: #언더나인틴 #신예찬\n중학교 지인분께서 말해 주셨던 예찬이 과거‼️ 착하고 운동도 잘하구 공부도 잘했대요 😭 도대체 부족한 게 모야 신예찬💧💖 https://t.co/KlBpDNeHlI",
  "date": "Fri Dec 14 22:48:05 +0000 2018",
  "retweets": 11,
  "favorites": 0,
  "mentions": [
    {
      "screen_name": "O1O514",
      "name": "공주",
      "id": 1049355987914653697,
      "id_str": "1049355987914653697",
      "indices": [
        3,
        10
      ]
    }
  ],
  "hashtags": [
    {
      "text": "언더나인틴",
      "indices": [
        12,
        18
      ]
    },
    {
      "text": "신예찬",
      "indices": [
        19,
        23
      ]
    }
  ],
  "geo": null
},{
  "id": "1073710528676093952",
  "permalink": "",
  "username": "청풍",
  "text": "RT @onemansdream00: 그날 우리는 마지막 잔을 부딪치며 기쁘면서도 슬픈, 힘들면서도 즐거운 삶을 예찬했다. 그리고 우리모두 오랫동안 함께이기를 바랐다. 그날은 내 머릿속에 잔상처럼 남아 오래도록 기억될거 같다. &lt;우지현&gt;\n\n자주.가끔,…",
  "date": "Fri Dec 14 22:45:13 +0000 2018",
  "retweets": 9,
  "favorites": 0,
  "mentions": [
    {
      "screen_name": "onemansdream00",
      "name": "한 남자의 꿈",
      "id": 740884338,
      "id_str": "740884338",
      "indices": [
        3,
        18
      ]
    }
  ],
  "hashtags": [],
  "geo": null
},{
  "id": "1073692610043117569",
  "permalink": "",
  "username": "한승연",
  "text": "RT @onemansdream00: 그날 우리는 마지막 잔을 부딪치며 기쁘면서도 슬픈, 힘들면서도 즐거운 삶을 예찬했다. 그리고 우리모두 오랫동안 함께이기를 바랐다. 그날은 내 머릿속에 잔상처럼 남아 오래도록 기억될거 같다. &lt;우지현&gt;\n\n자주.가끔,…",
  "date": "Fri Dec 14 21:34:01 +0000 2018",
  "retweets": 9,
  "favorites": 0,
  "mentions": [
    {
      "screen_name": "onemansdream00",
      "name": "한 남자의 꿈",
      "id": 740884338,
      "id_str": "740884338",
      "indices": [
        3,
        18
      ]
    }
  ],
  "hashtags": [],
  "geo": null
},{
  "id": "1073664223475986432",
  "permalink": "",
  "username": "쏜",
  "text": "RT @soouuj: 생명예찬 아세요?\n-아니요\n\n정말 참담하다\n-노력해도 사랑받지 못한다는건\n\n고등학교 정도는\n-그냥 같은데 갈 걸 그랬어\n\n또 이런 곳에\n-혼자 있는구나\n\n동아를 보면\n-사람들이 왜 시를 쓰는지 알것같아\n\n생명예찬 아세요?\n-아니요",
  "date": "Fri Dec 14 19:41:13 +0000 2018",
  "retweets": 13,
  "favorites": 0,
  "mentions": [
    {
      "screen_name": "soouuj",
      "name": "🍠고구마요정🍠",
      "id": 785359966769000448,
      "id_str": "785359966769000448",
      "indices": [
        3,
        10
      ]
    }
  ],
  "hashtags": [],
  "geo": null
},{
  "id": "1073662627077746688",
  "permalink": "",
  "username": "준",
  "text": "#언더나인틴_트친소 #언더나인틴트친소\n\n&gt; 전도염, 코스케, 김영석, 지진석, 김정우, 이예찬. \n\n전부 제 픽입니다. 김시현, 정진성, 수런 등 등 픽은 아니지만 대부분 좋아하는 편입니다. 굿즈 제작도 해요~",
  "date": "Fri Dec 14 19:34:52 +0000 2018",
  "retweets": 5,
  "favorites": 47,
  "mentions": [],
  "hashtags": [
    {
      "text": "언더나인틴_트친소",
      "indices": [
        0,
        10
      ]
    },
    {
      "text": "언더나인틴트친소",
      "indices": [
        11,
        20
      ]
    }
  ],
  "geo": null
},{
  "id": "1073656164322164737",
  "permalink": "",
  "username": "enjel",
  "text": "RT @JJS_Archive: 181214 2차경연 비하인드 영상 정진성 CUT\n진성이 손 작은 거 너무 귀엽고 예찬이랑 대보는 것도 귀여워 죽어😭\n-\n#언더나인틴 #UNDERNINETEEN #정진성 #진성 #이예찬 #예찬 https://t.co/9…",
  "date": "Fri Dec 14 19:09:11 +0000 2018",
  "retweets": 18,
  "favorites": 0,
  "mentions": [
    {
      "screen_name": "JJS_Archive",
      "name": "정진성 아카이브",
      "id": 1066189207788445697,
      "id_str": "1066189207788445697",
      "indices": [
        3,
        15
      ]
    }
  ],
  "hashtags": [
    {
      "text": "언더나인틴",
      "indices": [
        85,
        91
      ]
    },
    {
      "text": "UNDERNINETEEN",
      "indices": [
        92,
        106
      ]
    },
    {
      "text": "정진성",
      "indices": [
        107,
        111
      ]
    },
    {
      "text": "진성",
      "indices": [
        112,
        115
      ]
    },
    {
      "text": "이예찬",
      "indices": [
        116,
        120
      ]
    },
    {
      "text": "예찬",
      "indices": [
        121,
        124
      ]
    }
  ],
  "geo": null
},{
  "id": "1073654962792452096",
  "permalink": "",
  "username": "훅",
  "text": "RT @frythemall: 나 하은이라는이름인애들중에 왜케 교회다니는애들이많지 생각하다가 하은이 하나님의은혜 줄인거라는거듣고 충격먹엇어.. 그이후로 하 나 예 자로시작하는이름보면 궁예질들어감\n하나? 하나님나라? 예지? 예수님의지혜? 예은?예수님의은…",
  "date": "Fri Dec 14 19:04:25 +0000 2018",
  "retweets": 22656,
  "favorites": 0,
  "mentions": [
    {
      "screen_name": "frythemall",
      "name": "튀겨버려",
      "id": 3066199944,
      "id_str": "3066199944",
      "indices": [
        3,
        14
      ]
    }
  ],
  "hashtags": [],
  "geo": null
},{
  "id": "1073650116047732736",
  "permalink": "",
  "username": "🔥",
  "text": "RT @h_2min: 아구아구 조아 넘 조아용~\n#신예찬 #정진성 #전도염 #김준서 #송병희 #송재원 \n예전에 제가 재원이 친한 친구가 만났고 그 친구가 예찬이도 알고있다고 해서 재원이랑 예찬이 응원해요 ^^ https://t.co/OcGiwAYo6W",
  "date": "Fri Dec 14 18:45:09 +0000 2018",
  "retweets": 28,
  "favorites": 0,
  "mentions": [
    {
      "screen_name": "h_2min",
      "name": "갓예찬0514",
      "id": 4533514032,
      "id_str": "4533514032",
      "indices": [
        3,
        10
      ]
    }
  ],
  "hashtags": [
    {
      "text": "신예찬",
      "indices": [
        27,
        31
      ]
    },
    {
      "text": "정진성",
      "indices": [
        32,
        36
      ]
    },
    {
      "text": "전도염",
      "indices": [
        37,
        41
      ]
    },
    {
      "text": "김준서",
      "indices": [
        42,
        46
      ]
    },
    {
      "text": "송병희",
      "indices": [
        47,
        51
      ]
    },
    {
      "text": "송재원",
      "indices": [
        52,
        56
      ]
    }
  ],
  "geo": null
},{
  "id": "1073649283059003397",
  "permalink": "",
  "username": "숯검댕이로 만들어버릴거야",
  "text": "예찬이 인장 멍멍이같아서 귀여워",
  "date": "Fri Dec 14 18:41:51 +0000 2018",
  "retweets": 0,
  "favorites": 2,
  "mentions": [],
  "hashtags": [],
  "geo": null
},{
  "id": "1073643104836583426",
  "permalink": "",
  "username": "춰",
  "text": "&lt;로마 ROMA&gt; 평론이랍시고 인생예찬 네글자 써갈겨놓고 자아도취하는 인간들은 머리박고 반성 좀 했으면 좋겠고. \n무해하고 나이브하고 착한 이야기, 끝없이 아름다운 실버스크린에 혹할 수 밖에 없지만 오리엔탈… https://t.co/hpFYwkX0Lz",
  "date": "Fri Dec 14 18:17:18 +0000 2018",
  "retweets": 0,
  "favorites": 0,
  "mentions": [],
  "hashtags": [],
  "geo": null
},{
  "id": "1073640048699080706",
  "permalink": "",
  "username": "may ♡'s sungwon",
  "text": "RT @h_2min: 성원이한테 방송분량이 계속 이렇게 많이 해주시면 정말 감사해요.. 근데 예찬이도요 제발 엠비씨...\n\n#박성원 #성원 #언더나인틴 #undernineteen #under19 #parksungwon #sungwon https://…",
  "date": "Fri Dec 14 18:05:09 +0000 2018",
  "retweets": 7,
  "favorites": 0,
  "mentions": [
    {
      "screen_name": "h_2min",
      "name": "갓예찬0514",
      "id": 4533514032,
      "id_str": "4533514032",
      "indices": [
        3,
        10
      ]
    }
  ],
  "hashtags": [
    {
      "text": "박성원",
      "indices": [
        69,
        73
      ]
    },
    {
      "text": "성원",
      "indices": [
        74,
        77
      ]
    },
    {
      "text": "언더나인틴",
      "indices": [
        78,
        84
      ]
    },
    {
      "text": "undernineteen",
      "indices": [
        85,
        99
      ]
    },
    {
      "text": "under19",
      "indices": [
        100,
        108
      ]
    },
    {
      "text": "parksungwon",
      "indices": [
        109,
        121
      ]
    },
    {
      "text": "sungwon",
      "indices": [
        122,
        130
      ]
    }
  ],
  "geo": null
},{
  "id": "1073637802821136384",
  "permalink": "",
  "username": "❤메인트 계이❤ 2 연 0 겸 0 💞",
  "text": "안녕히쭘새ㅐ요 우주야 피예찬이 머리 박을게미안크악",
  "date": "Fri Dec 14 17:56:14 +0000 2018",
  "retweets": 0,
  "favorites": 1,
  "mentions": [],
  "hashtags": [],
  "geo": null
},{
  "id": "1073632475878895621",
  "permalink": "",
  "username": "미스터",
  "text": "엔ㄸㄸ 하니까...죽기전에  츄잉껌 예찬이 보고싶어졌어요",
  "date": "Fri Dec 14 17:35:04 +0000 2018",
  "retweets": 0,
  "favorites": 2,
  "mentions": [],
  "hashtags": [],
  "geo": null
},{
  "id": "1073631358054887424",
  "permalink": "",
  "username": "솔",
  "text": "@h2o2_1214 나쁜 아이로 시작해서 귀엽고 맑은 애들로 남았다는 게 마음이 찡해진다 나까지 맑아지는 기분이야 😊 예찬이 분명 그네 타고 춥다고 괜히 화내다가 은근슬쩍 지욱이 안을 거야!!!",
  "date": "Fri Dec 14 17:30:37 +0000 2018",
  "retweets": 0,
  "favorites": 0,
  "mentions": [
    {
      "screen_name": "h2o2_1214",
      "name": "소독약 ก็็็็็็็็็็็็็ʕ•͡ᴥ•ʔ ก้้้้้้้้้้้้้้้",
      "id": 1376642214,
      "id_str": "1376642214",
      "indices": [
        0,
        10
      ]
    }
  ],
  "hashtags": [],
  "geo": null
},{
  "id": "1073630459463004160",
  "permalink": "",
  "username": "솔",
  "text": "@h2o2_1214 내가 더 고맙지 ㅠㅠ 지욱이는 잘 지내고 있어? 잘 지낸다면 분명히 예찬이도 잘 지내고 있을 거야 💕🥰 둘이 첫눈도 같이 맞이했을 텐데 둘이 신나서 방방 뛰어 다녔으면 좋겠다!!! 정말 귀엽고 사랑스러운 아기들 💖💖",
  "date": "Fri Dec 14 17:27:03 +0000 2018",
  "retweets": 0,
  "favorites": 0,
  "mentions": [
    {
      "screen_name": "h2o2_1214",
      "name": "소독약 ก็็็็็็็็็็็็็ʕ•͡ᴥ•ʔ ก้้้้้้้้้้้้้้้",
      "id": 1376642214,
      "id_str": "1376642214",
      "indices": [
        0,
        10
      ]
    }
  ],
  "hashtags": [],
  "geo": null
},{
  "id": "1073630327627669504",
  "permalink": "",
  "username": "🐓신예애찬🐔",
  "text": "RT @JJS_Archive: 181214 2차경연 비하인드 영상 정진성 CUT\n예찬이 형이랑 샌드위치 2개씩 들구 복도에서 냠냠🌯\n-\n#언더나인틴 #UNDERNINETEEN #정진성 #진성 #신예찬 #예찬 https://t.co/Y7NnBFg8dk",
  "date": "Fri Dec 14 17:26:31 +0000 2018",
  "retweets": 15,
  "favorites": 0,
  "mentions": [
    {
      "screen_name": "JJS_Archive",
      "name": "정진성 아카이브",
      "id": 1066189207788445697,
      "id_str": "1066189207788445697",
      "indices": [
        3,
        15
      ]
    }
  ],
  "hashtags": [
    {
      "text": "언더나인틴",
      "indices": [
        76,
        82
      ]
    },
    {
      "text": "UNDERNINETEEN",
      "indices": [
        83,
        97
      ]
    },
    {
      "text": "정진성",
      "indices": [
        98,
        102
      ]
    },
    {
      "text": "진성",
      "indices": [
        103,
        106
      ]
    },
    {
      "text": "신예찬",
      "indices": [
        107,
        111
      ]
    },
    {
      "text": "예찬",
      "indices": [
        112,
        115
      ]
    }
  ],
  "geo": null
},{
  "id": "1073630128352030721",
  "permalink": "",
  "username": "소독약 ก็็็็็็็็็็็็็ʕ•͡ᴥ•ʔ ก้้้้้้้้้้้้้้้",
  "text": "@SOLVE1Y 헉우리예찬이엉덩이 넘죠아! (쭈물쭈물) 우리 예쨔니 잘 지내고 있겠찌? 용기님두!!! 헤헤 나도 언제나 고마워요! 쨔라애!",
  "date": "Fri Dec 14 17:25:44 +0000 2018",
  "retweets": 0,
  "favorites": 1,
  "mentions": [
    {
      "screen_name": "SOLVE1Y",
      "name": "솔",
      "id": 860169598888321025,
      "id_str": "860169598888321025",
      "indices": [
        0,
        8
      ]
    }
  ],
  "hashtags": [],
  "geo": null
},{
  "id": "1073625872991543296",
  "permalink": "",
  "username": "솔",
  "text": "@h2o2_1214 헐 생일이라니 (이마깸) ^p^... 사랑해요 냑 님 ㅠㅠ 맛있는 거 많이 먹고 재미있게 잘 즐겼길 바라고 주말도 행복하게 보냈음 좋겠어! 선물은 예찬이 엉덩이로 할게 덤으로 내 사랑도 받아 줘 ㅠㅠ 💖 생일 축하하고 늘 고마워요!",
  "date": "Fri Dec 14 17:08:49 +0000 2018",
  "retweets": 0,
  "favorites": 1,
  "mentions": [
    {
      "screen_name": "h2o2_1214",
      "name": "소독약 ก็็็็็็็็็็็็็ʕ•͡ᴥ•ʔ ก้้้้้้้้้้้้้้้",
      "id": 1376642214,
      "id_str": "1376642214",
      "indices": [
        0,
        10
      ]
    }
  ],
  "hashtags": [],
  "geo": null
},{
  "id": "1073621141225332736",
  "permalink": "",
  "username": "다라나고",
  "text": "아니 예찬이 왤케 잘생겼지 진짜 볼때마다 누가 빚어놓은거같아",
  "date": "Fri Dec 14 16:50:01 +0000 2018",
  "retweets": 0,
  "favorites": 0,
  "mentions": [],
  "hashtags": [],
  "geo": null
},{
  "id": "1073619775559856135",
  "permalink": "",
  "username": "` 4 for LAL",
  "text": "RT @mignon_JJS: 작은 예찬 : 형은 그냥 귀여워요\n진성 : 알아~\n큰 예찬 : 엏ㅎㅎ\n진성 : ....어 여기 예찬이 또 있다~!\n큰 예찬 : 으이구 으이구~ 진정해~~!\n\nㅋㅋㅋㅋㅋㅋㅋㅋㅋㅋㅋㅋㅋㅋㅋㅋㅋㅋㅋㅋㅋㅋㅋㅋㅋㅋㅋㅋㅋㅋㅋㅋㅋㅋㅋ…",
  "date": "Fri Dec 14 16:44:36 +0000 2018",
  "retweets": 69,
  "favorites": 0,
  "mentions": [
    {
      "screen_name": "mignon_JJS",
      "name": "미그논",
      "id": 1069876252104830980,
      "id_str": "1069876252104830980",
      "indices": [
        3,
        14
      ]
    }
  ],
  "hashtags": [],
  "geo": null
},{
  "id": "1073618790032658433",
  "permalink": "",
  "username": "유메",
  "text": "@yhyhjsg111 아 시러 ㅠㅠㅠㅠㅠㅠㅠㅠ빨리 예찬이ㅜ보고 싶오",
  "date": "Fri Dec 14 16:40:41 +0000 2018",
  "retweets": 0,
  "favorites": 0,
  "mentions": [
    {
      "screen_name": "yhyhjsg111",
      "name": "낭",
      "id": 1062985659260973056,
      "id_str": "1062985659260973056",
      "indices": [
        0,
        11
      ]
    }
  ],
  "hashtags": [],
  "geo": null
},{
  "id": "1073616985831792640",
  "permalink": "",
  "username": "미스터",
  "text": "이 영광을 예찬에게 돌립니다 https://t.co/e55QBqe2Xp",
  "date": "Fri Dec 14 16:33:30 +0000 2018",
  "retweets": 0,
  "favorites": 2,
  "mentions": [],
  "hashtags": [],
  "geo": null
},{
  "id": "1073615621407924224",
  "permalink": "",
  "username": "공주",
  "text": "RT @m_mmmm56: 예찬이 ㄹㅇ진지하게 1분동안 춤춘거ㅋㅋㅋㅋㅋㅋ예찬아미안 왤케 기냐고 했음 #신예찬 https://t.co/FetUa2YJze",
  "date": "Fri Dec 14 16:28:05 +0000 2018",
  "retweets": 13,
  "favorites": 0,
  "mentions": [
    {
      "screen_name": "m_mmmm56",
      "name": "미뇽이",
      "id": 1071063400770224128,
      "id_str": "1071063400770224128",
      "indices": [
        3,
        12
      ]
    }
  ],
  "hashtags": [
    {
      "text": "신예찬",
      "indices": [
        55,
        59
      ]
    }
  ],
  "geo": null
},{
  "id": "1073614241859395584",
  "permalink": "",
  "username": "갓예찬0514",
  "text": "예찬이가 남중 남고 다니네.. 좋아쓰 ㅋㅋㅋ",
  "date": "Fri Dec 14 16:22:36 +0000 2018",
  "retweets": 0,
  "favorites": 1,
  "mentions": [],
  "hashtags": [],
  "geo": null
},{
  "id": "1073612840840265728",
  "permalink": "",
  "username": "뮳",
  "text": "헉방금 예찬이 내 챗 읽어준건가 기뻐해두되나!?!??!!",
  "date": "Fri Dec 14 16:17:02 +0000 2018",
  "retweets": 0,
  "favorites": 2,
  "mentions": [],
  "hashtags": [],
  "geo": null
},{
  "id": "1073610821039616001",
  "permalink": "",
  "username": "뮳",
  "text": "예찬이 라방한다",
  "date": "Fri Dec 14 16:09:01 +0000 2018",
  "retweets": 0,
  "favorites": 1,
  "mentions": [],
  "hashtags": [],
  "geo": null
},{
  "id": "1073607654742740994",
  "permalink": "",
  "username": "逸話",
  "text": "아악, 저 묵주파이터가 이젠 내 머리통을 노리네에.\n\n- 예찬하는, 미색.",
  "date": "Fri Dec 14 15:56:26 +0000 2018",
  "retweets": 0,
  "favorites": 0,
  "mentions": [],
  "hashtags": [],
  "geo": null
},{
  "id": "1073604524458143744",
  "permalink": "",
  "username": "nwz 🥕",
  "text": "RT @mignon_JJS: 아 예찬이 진성이 조합 진짜 귀여워 죽겠네 ㅋㅋㅋㅋㅋㅋㅋㅋㅋ 4컷 만화냐고 ㅋㅋㅋㅋㅋㅋㅋ 끝까지 뒤로 숨기고 가 ㅋㅋㅋㅋㅋㅋㅋㅋㅋㅋㅋㅋㅋㅋ https://t.co/eI2VTgumEm",
  "date": "Fri Dec 14 15:43:59 +0000 2018",
  "retweets": 15,
  "favorites": 0,
  "mentions": [
    {
      "screen_name": "mignon_JJS",
      "name": "미그논",
      "id": 1069876252104830980,
      "id_str": "1069876252104830980",
      "indices": [
        3,
        14
      ]
    }
  ],
  "hashtags": [],
  "geo": null
},{
  "id": "1073602544243359744",
  "permalink": "",
  "username": "lilac",
  "text": "RT @JJS_Archive: 181214 2차경연 비하인드 영상 정진성 CUT\n진성이 손 작은 거 너무 귀엽고 예찬이랑 대보는 것도 귀여워 죽어😭\n-\n#언더나인틴 #UNDERNINETEEN #정진성 #진성 #이예찬 #예찬 https://t.co/9…",
  "date": "Fri Dec 14 15:36:07 +0000 2018",
  "retweets": 18,
  "favorites": 0,
  "mentions": [
    {
      "screen_name": "JJS_Archive",
      "name": "정진성 아카이브",
      "id": 1066189207788445697,
      "id_str": "1066189207788445697",
      "indices": [
        3,
        15
      ]
    }
  ],
  "hashtags": [
    {
      "text": "언더나인틴",
      "indices": [
        85,
        91
      ]
    },
    {
      "text": "UNDERNINETEEN",
      "indices": [
        92,
        106
      ]
    },
    {
      "text": "정진성",
      "indices": [
        107,
        111
      ]
    },
    {
      "text": "진성",
      "indices": [
        112,
        115
      ]
    },
    {
      "text": "이예찬",
      "indices": [
        116,
        120
      ]
    },
    {
      "text": "예찬",
      "indices": [
        121,
        124
      ]
    }
  ],
  "geo": null
},{
  "id": "1073602311673409538",
  "permalink": "",
  "username": "갓예찬0514",
  "text": "난 왜 이러지 이름은 신예찬이고 프사는 박성원 ㅋㅋㅋ 둘다 넘 좋은데 어떡하지.. 예찬이는 내 사랑 그리고 성원이는 내 아기 아 나 ㅁㅊ 진짜",
  "date": "Fri Dec 14 15:35:12 +0000 2018",
  "retweets": 0,
  "favorites": 0,
  "mentions": [],
  "hashtags": [],
  "geo": null
},{
  "id": "1073601897246875648",
  "permalink": "",
  "username": "애끼성원🐰",
  "text": "아 용하 너무귀여운데 뒤에 예찬이가 너무귀여웤ㅋㅋㅋㅋ 시강이얔ㅋㅋㅋㅋㅋㅋㅋㅋㅋㅋ https://t.co/mcz7eTfWqe",
  "date": "Fri Dec 14 15:33:33 +0000 2018",
  "retweets": 0,
  "favorites": 3,
  "mentions": [],
  "hashtags": [],
  "geo": null
},{
  "id": "1073599277971062784",
  "permalink": "",
  "username": "만월",
  "text": "@mydream_514 유메님 앞으로  잘 부탁드려요~! 예찬이 너무 잘생겼어요...  ㅠㅠ",
  "date": "Fri Dec 14 15:23:09 +0000 2018",
  "retweets": 0,
  "favorites": 1,
  "mentions": [
    {
      "screen_name": "mydream_514",
      "name": "유메",
      "id": 1058245564150640642,
      "id_str": "1058245564150640642",
      "indices": [
        0,
        12
      ]
    }
  ],
  "hashtags": [],
  "geo": null
},{
  "id": "1073598758909239296",
  "permalink": "",
  "username": "Biwnamfon",
  "text": "RT @bkjghy1219: 진성이가 알려줬어 진짜 애기다 예찬아,,, ㅠㅜㅜ\n\n#언더나인틴 #보컬팀 #정진성 #랩팀 #이예찬 #언더나인틴_게릴라공연 https://t.co/8VIzsJgMY4",
  "date": "Fri Dec 14 15:21:05 +0000 2018",
  "retweets": 26,
  "favorites": 0,
  "mentions": [
    {
      "screen_name": "bkjghy1219",
      "name": "주녀기",
      "id": 1063814914014232577,
      "id_str": "1063814914014232577",
      "indices": [
        3,
        14
      ]
    }
  ],
  "hashtags": [
    {
      "text": "언더나인틴",
      "indices": [
        45,
        51
      ]
    },
    {
      "text": "보컬팀",
      "indices": [
        52,
        56
      ]
    },
    {
      "text": "정진성",
      "indices": [
        57,
        61
      ]
    },
    {
      "text": "랩팀",
      "indices": [
        62,
        65
      ]
    },
    {
      "text": "이예찬",
      "indices": [
        66,
        70
      ]
    },
    {
      "text": "언더나인틴_게릴라공연",
      "indices": [
        71,
        83
      ]
    }
  ],
  "geo": null
},{
  "id": "1073598065930514432",
  "permalink": "",
  "username": "sossi00",
  "text": "@Praise_0824 예찬이 아파??? 아프지마ㅜㅜㅜㅜ 빨리 나아야돼ㅜㅜㅜㅜ 꼬옥))) 토닥쓰담))",
  "date": "Fri Dec 14 15:18:20 +0000 2018",
  "retweets": 0,
  "favorites": 0,
  "mentions": [
    {
      "screen_name": "Praise_0824",
      "name": "예블",
      "id": 1012855668259237888,
      "id_str": "1012855668259237888",
      "indices": [
        0,
        12
      ]
    }
  ],
  "hashtags": [],
  "geo": null
},{
  "id": "1073594040921149441",
  "permalink": "",
  "username": "📚홀리📚",
  "text": "예찬 안 받니이이",
  "date": "Fri Dec 14 15:02:20 +0000 2018",
  "retweets": 0,
  "favorites": 0,
  "mentions": [],
  "hashtags": [],
  "geo": null
},{
  "id": "1073587974749642752",
  "permalink": "",
  "username": "난항상행복해",
  "text": "RT @WadSqXuLjlOSfK6: 뇌가 좋아하는 메세지 1\n\n매일 아침 눈을 뜨면서 당신을 칭찬하기 시작하여 \n24시간 내내 당신을 칭찬하십시오.\n\n당신의 모든 장점을 찾아내어 칭찬하고\n당신의 무한한 가능성을 예찬하십시오. \n\n당신의 뇌에서 좋은…",
  "date": "Fri Dec 14 14:38:14 +0000 2018",
  "retweets": 1,
  "favorites": 0,
  "mentions": [
    {
      "screen_name": "WadSqXuLjlOSfK6",
      "name": "불면",
      "id": 1042912547630800898,
      "id_str": "1042912547630800898",
      "indices": [
        3,
        19
      ]
    }
  ],
  "hashtags": [],
  "geo": null
},{
  "id": "1073586914198835200",
  "permalink": "",
  "username": "유메",
  "text": "RT @JJS_Archive: 181214 2차경연 비하인드 영상 정진성 CUT\n예찬이 형이랑 샌드위치 2개씩 들구 복도에서 냠냠🌯\n-\n#언더나인틴 #UNDERNINETEEN #정진성 #진성 #신예찬 #예찬 https://t.co/Y7NnBFg8dk",
  "date": "Fri Dec 14 14:34:01 +0000 2018",
  "retweets": 15,
  "favorites": 0,
  "mentions": [
    {
      "screen_name": "JJS_Archive",
      "name": "정진성 아카이브",
      "id": 1066189207788445697,
      "id_str": "1066189207788445697",
      "indices": [
        3,
        15
      ]
    }
  ],
  "hashtags": [
    {
      "text": "언더나인틴",
      "indices": [
        76,
        82
      ]
    },
    {
      "text": "UNDERNINETEEN",
      "indices": [
        83,
        97
      ]
    },
    {
      "text": "정진성",
      "indices": [
        98,
        102
      ]
    },
    {
      "text": "진성",
      "indices": [
        103,
        106
      ]
    },
    {
      "text": "신예찬",
      "indices": [
        107,
        111
      ]
    },
    {
      "text": "예찬",
      "indices": [
        112,
        115
      ]
    }
  ],
  "geo": null
},{
  "id": "1073584951168122885",
  "permalink": "",
  "username": "진별⭐",
  "text": "RT @mignon_JJS: 아 예찬이 진성이 조합 진짜 귀여워 죽겠네 ㅋㅋㅋㅋㅋㅋㅋㅋㅋ 4컷 만화냐고 ㅋㅋㅋㅋㅋㅋㅋ 끝까지 뒤로 숨기고 가 ㅋㅋㅋㅋㅋㅋㅋㅋㅋㅋㅋㅋㅋㅋ https://t.co/eI2VTgumEm",
  "date": "Fri Dec 14 14:26:13 +0000 2018",
  "retweets": 15,
  "favorites": 0,
  "mentions": [
    {
      "screen_name": "mignon_JJS",
      "name": "미그논",
      "id": 1069876252104830980,
      "id_str": "1069876252104830980",
      "indices": [
        3,
        14
      ]
    }
  ],
  "hashtags": [],
  "geo": null
},{
  "id": "1073579167105478656",
  "permalink": "",
  "username": "슈르만",
  "text": "00.\n*\n밤새 당신을 예찬하는 나의 밤색 스프링노트처럼\n당신의 눈동자가 붉어요.\n당신의 눈빛이 나를 감금하고\n세상의 모든 들꽃들이 당신의 향기를 모방합니다.\n\n여름은 여러모로 당신과 닮았습니다.\n어느덧 도… https://t.co/O8j6UlGmO7",
  "date": "Fri Dec 14 14:03:14 +0000 2018",
  "retweets": 0,
  "favorites": 1,
  "mentions": [],
  "hashtags": [],
  "geo": null
},{
  "id": "1073575896190054401",
  "permalink": "",
  "username": "꿀짱",
  "text": "@BBOSIHYUN 헉 뽀시님 대치동 사시나요ㅋㅋㅋㅋㅋㅋㅋㅋㅋㅋㅋㅋㅋ 지인이랑 페북에 예찬이 친구가 올린 홍보글 귀엽다고 얘기하다가 혹시 더 있나 찾아보자 이러면서 지인이 찾아줬어요ㅋㅋㅋㅋㅋㅋㅋㅋㅋ",
  "date": "Fri Dec 14 13:50:14 +0000 2018",
  "retweets": 0,
  "favorites": 1,
  "mentions": [
    {
      "screen_name": "BBOSIHYUN",
      "name": "맞팔좀 해주세요,,,, 뽀시",
      "id": 1058662929426350080,
      "id_str": "1058662929426350080",
      "indices": [
        0,
        10
      ]
    }
  ],
  "hashtags": [],
  "geo": null
},{
  "id": "1073575435764559873",
  "permalink": "",
  "username": "피할수 없으면 즐겨라",
  "text": "RT @onemansdream00: 그날 우리는 마지막 잔을 부딪치며 기쁘면서도 슬픈, 힘들면서도 즐거운 삶을 예찬했다. 그리고 우리모두 오랫동안 함께이기를 바랐다. 그날은 내 머릿속에 잔상처럼 남아 오래도록 기억될거 같다. &lt;우지현&gt;\n\n자주.가끔,…",
  "date": "Fri Dec 14 13:48:24 +0000 2018",
  "retweets": 9,
  "favorites": 0,
  "mentions": [
    {
      "screen_name": "onemansdream00",
      "name": "한 남자의 꿈",
      "id": 740884338,
      "id_str": "740884338",
      "indices": [
        3,
        18
      ]
    }
  ],
  "hashtags": [],
  "geo": null
},{
  "id": "1073574450975502336",
  "permalink": "",
  "username": "타마(03즈살려~)",
  "text": "RT @JJS_Archive: 181214 2차경연 비하인드 영상 정진성 CUT\n예찬이 형이랑 샌드위치 2개씩 들구 복도에서 냠냠🌯\n-\n#언더나인틴 #UNDERNINETEEN #정진성 #진성 #신예찬 #예찬 https://t.co/Y7NnBFg8dk",
  "date": "Fri Dec 14 13:44:29 +0000 2018",
  "retweets": 15,
  "favorites": 0,
  "mentions": [
    {
      "screen_name": "JJS_Archive",
      "name": "정진성 아카이브",
      "id": 1066189207788445697,
      "id_str": "1066189207788445697",
      "indices": [
        3,
        15
      ]
    }
  ],
  "hashtags": [
    {
      "text": "언더나인틴",
      "indices": [
        76,
        82
      ]
    },
    {
      "text": "UNDERNINETEEN",
      "indices": [
        83,
        97
      ]
    },
    {
      "text": "정진성",
      "indices": [
        98,
        102
      ]
    },
    {
      "text": "진성",
      "indices": [
        103,
        106
      ]
    },
    {
      "text": "신예찬",
      "indices": [
        107,
        111
      ]
    },
    {
      "text": "예찬",
      "indices": [
        112,
        115
      ]
    }
  ],
  "geo": null
},{
  "id": "1073574124193144833",
  "permalink": "",
  "username": "[시험기간]sprout진성🌱",
  "text": "RT @mignon_JJS: 아 예찬이 진성이 조합 진짜 귀여워 죽겠네 ㅋㅋㅋㅋㅋㅋㅋㅋㅋ 4컷 만화냐고 ㅋㅋㅋㅋㅋㅋㅋ 끝까지 뒤로 숨기고 가 ㅋㅋㅋㅋㅋㅋㅋㅋㅋㅋㅋㅋㅋㅋ https://t.co/eI2VTgumEm",
  "date": "Fri Dec 14 13:43:11 +0000 2018",
  "retweets": 15,
  "favorites": 0,
  "mentions": [
    {
      "screen_name": "mignon_JJS",
      "name": "미그논",
      "id": 1069876252104830980,
      "id_str": "1069876252104830980",
      "indices": [
        3,
        14
      ]
    }
  ],
  "hashtags": [],
  "geo": null
},{
  "id": "1073572882498740226",
  "permalink": "",
  "username": "Erikson, who?",
  "text": "루이스 선배는 태양과도 같아요. 제가 제일 존경하는 사람이죠. 눈이 부신 햇살에 비춰지면 경외감이 들어요. 입가에 머금은 미소가 유난히 자비로 설명되고는 해서. 너무 예찬했나. 근데 정말인걸요.",
  "date": "Fri Dec 14 13:38:15 +0000 2018",
  "retweets": 0,
  "favorites": 0,
  "mentions": [],
  "hashtags": [],
  "geo": null
},{
  "id": "1073570457121566720",
  "permalink": "",
  "username": "🐰도도🐰",
  "text": "RT @JJS_Archive: 181214 2차경연 비하인드 영상 정진성 CUT\n예찬이 형이랑 샌드위치 2개씩 들구 복도에서 냠냠🌯\n-\n#언더나인틴 #UNDERNINETEEN #정진성 #진성 #신예찬 #예찬 https://t.co/Y7NnBFg8dk",
  "date": "Fri Dec 14 13:28:37 +0000 2018",
  "retweets": 15,
  "favorites": 0,
  "mentions": [
    {
      "screen_name": "JJS_Archive",
      "name": "정진성 아카이브",
      "id": 1066189207788445697,
      "id_str": "1066189207788445697",
      "indices": [
        3,
        15
      ]
    }
  ],
  "hashtags": [
    {
      "text": "언더나인틴",
      "indices": [
        76,
        82
      ]
    },
    {
      "text": "UNDERNINETEEN",
      "indices": [
        83,
        97
      ]
    },
    {
      "text": "정진성",
      "indices": [
        98,
        102
      ]
    },
    {
      "text": "진성",
      "indices": [
        103,
        106
      ]
    },
    {
      "text": "신예찬",
      "indices": [
        107,
        111
      ]
    },
    {
      "text": "예찬",
      "indices": [
        112,
        115
      ]
    }
  ],
  "geo": null
},{
  "id": "1073566273932390403",
  "permalink": "",
  "username": "PPiinnkkyy",
  "text": "RT @ckslwkf: #언더나인틴 #신예찬 \n예찬이 넘 잘생겼어 그니가 폴라 주세요 ㅠㅠ https://t.co/tbw7IPvBy0",
  "date": "Fri Dec 14 13:12:00 +0000 2018",
  "retweets": 36,
  "favorites": 0,
  "mentions": [
    {
      "screen_name": "ckslwkf",
      "name": "예잘",
      "id": 1058691821570650113,
      "id_str": "1058691821570650113",
      "indices": [
        3,
        11
      ]
    }
  ],
  "hashtags": [
    {
      "text": "언더나인틴",
      "indices": [
        13,
        19
      ]
    },
    {
      "text": "신예찬",
      "indices": [
        20,
        24
      ]
    }
  ],
  "geo": null
},{
  "id": "1073566029593206784",
  "permalink": "",
  "username": "성노동 이론 봇🌹",
  "text": "인간이 존재하지 않는 도덕과 윤리는 공허한 예찬에 불과하다.",
  "date": "Fri Dec 14 13:11:02 +0000 2018",
  "retweets": 0,
  "favorites": 0,
  "mentions": [],
  "hashtags": [],
  "geo": null
},{
  "id": "1073565975692206081",
  "permalink": "",
  "username": "PPiinnkkyy",
  "text": "RT @O1O514: 예찬이 중졸사 ㅠㅠㅠㅠㅠㅠ 💖💖💖💖💖 #언더나인틴 #신예찬 https://t.co/0OWTkFn9bK",
  "date": "Fri Dec 14 13:10:49 +0000 2018",
  "retweets": 29,
  "favorites": 0,
  "mentions": [
    {
      "screen_name": "O1O514",
      "name": "공주",
      "id": 1049355987914653697,
      "id_str": "1049355987914653697",
      "indices": [
        3,
        10
      ]
    }
  ],
  "hashtags": [
    {
      "text": "언더나인틴",
      "indices": [
        33,
        39
      ]
    },
    {
      "text": "신예찬",
      "indices": [
        40,
        44
      ]
    }
  ],
  "geo": null
},{
  "id": "1073565943589040130",
  "permalink": "",
  "username": "PPiinnkkyy",
  "text": "RT @ckslwkf: 예찬이 팬보구 하트 💕💕 #언더나인틴 #신예찬 https://t.co/ASFOFAlku3",
  "date": "Fri Dec 14 13:10:41 +0000 2018",
  "retweets": 145,
  "favorites": 0,
  "mentions": [
    {
      "screen_name": "ckslwkf",
      "name": "예잘",
      "id": 1058691821570650113,
      "id_str": "1058691821570650113",
      "indices": [
        3,
        11
      ]
    }
  ],
  "hashtags": [
    {
      "text": "언더나인틴",
      "indices": [
        27,
        33
      ]
    },
    {
      "text": "신예찬",
      "indices": [
        34,
        38
      ]
    }
  ],
  "geo": null
},{
  "id": "1073565930335031296",
  "permalink": "",
  "username": "PPiinnkkyy",
  "text": "RT @shineofyou_yc: hq, 181206 #언더나인틴 #신예찬 \n\n팬들 환호소리 귀담아듣는 모습이 너무너무 예쁜 예차니😭💕💕 눈코입귀손 안예쁜 구석이 단 1도 없는 소중한 우리 예찬이🙏🏻\n\nhttps://t.co/AV2MyIHTsb ht…",
  "date": "Fri Dec 14 13:10:38 +0000 2018",
  "retweets": 73,
  "favorites": 0,
  "mentions": [
    {
      "screen_name": "shineofyou_yc",
      "name": "shine of you✨",
      "id": 1070674666191126528,
      "id_str": "1070674666191126528",
      "indices": [
        3,
        17
      ]
    }
  ],
  "hashtags": [
    {
      "text": "언더나인틴",
      "indices": [
        30,
        36
      ]
    },
    {
      "text": "신예찬",
      "indices": [
        37,
        41
      ]
    }
  ],
  "geo": null
},{
  "id": "1073561895246868482",
  "permalink": "",
  "username": "Stamp.Boon",
  "text": "RT @O1O514: #언더나인틴 #신예찬\n자기는 잘생기지 않앗다고... 잘생긴 예찬이가 말했다 🤔 https://t.co/5h1i0lkqh3",
  "date": "Fri Dec 14 12:54:36 +0000 2018",
  "retweets": 32,
  "favorites": 0,
  "mentions": [
    {
      "screen_name": "O1O514",
      "name": "공주",
      "id": 1049355987914653697,
      "id_str": "1049355987914653697",
      "indices": [
        3,
        10
      ]
    }
  ],
  "hashtags": [
    {
      "text": "언더나인틴",
      "indices": [
        12,
        18
      ]
    },
    {
      "text": "신예찬",
      "indices": [
        19,
        23
      ]
    }
  ],
  "geo": null
},{
  "id": "1073561772735381507",
  "permalink": "",
  "username": "devideviantif",
  "text": "RT @ye_chan04: #트친소 #언더나인틴_트친소\n\n원픽 이예찬입니당 파란색은 돌아가면서 뽑는중이에요!! 오프 자주뛰구 저 재밌습니다. 저랑 같이 덕질하면서 언나 팔분 구해용 취향표 보고 와주세요{^•=•^} 무멘맞괄 할게용🧸💛 https://…",
  "date": "Fri Dec 14 12:54:07 +0000 2018",
  "retweets": 7,
  "favorites": 0,
  "mentions": [
    {
      "screen_name": "ye_chan04",
      "name": "[맞괄해]🐤ZERO",
      "id": 1061119762502057984,
      "id_str": "1061119762502057984",
      "indices": [
        3,
        13
      ]
    }
  ],
  "hashtags": [
    {
      "text": "트친소",
      "indices": [
        15,
        19
      ]
    },
    {
      "text": "언더나인틴_트친소",
      "indices": [
        20,
        30
      ]
    }
  ],
  "geo": null
},{
  "id": "1073561264985686018",
  "permalink": "",
  "username": "LIKEEE",
  "text": "RT @JJS_Archive: 181214 2차경연 비하인드 영상 정진성 CUT\n진성이 손 작은 거 너무 귀엽고 예찬이랑 대보는 것도 귀여워 죽어😭\n-\n#언더나인틴 #UNDERNINETEEN #정진성 #진성 #이예찬 #예찬 https://t.co/9…",
  "date": "Fri Dec 14 12:52:06 +0000 2018",
  "retweets": 18,
  "favorites": 0,
  "mentions": [
    {
      "screen_name": "JJS_Archive",
      "name": "정진성 아카이브",
      "id": 1066189207788445697,
      "id_str": "1066189207788445697",
      "indices": [
        3,
        15
      ]
    }
  ],
  "hashtags": [
    {
      "text": "언더나인틴",
      "indices": [
        85,
        91
      ]
    },
    {
      "text": "UNDERNINETEEN",
      "indices": [
        92,
        106
      ]
    },
    {
      "text": "정진성",
      "indices": [
        107,
        111
      ]
    },
    {
      "text": "진성",
      "indices": [
        112,
        115
      ]
    },
    {
      "text": "이예찬",
      "indices": [
        116,
        120
      ]
    },
    {
      "text": "예찬",
      "indices": [
        121,
        124
      ]
    }
  ],
  "geo": null
},{
  "id": "1073560334785363971",
  "permalink": "",
  "username": "한하나",
  "text": "RT @Seodeokjun_wbot: 밤새 당신을 예찬하는 나의 밤색 스프링노트처럼\n당신의 눈동자가 붉어요.\n당신의 눈빛이 나를 감금하고\n세상의 모든 들꽃들이 당신의 향기를 모방합니다.\n\n여름은 여러모로 당신과 닮았습니다.\n어느덧 도둑처럼 찾아든다든…",
  "date": "Fri Dec 14 12:48:24 +0000 2018",
  "retweets": 1,
  "favorites": 0,
  "mentions": [
    {
      "screen_name": "Seodeokjun_wbot",
      "name": "서덕준 봇",
      "id": 986276221267804160,
      "id_str": "986276221267804160",
      "indices": [
        3,
        19
      ]
    }
  ],
  "hashtags": [],
  "geo": null
},{
  "id": "1073560298353680385",
  "permalink": "",
  "username": "소 현",
  "text": "RT @re_errr: 나는 나는 새후니 배꼽이 제일 부러워 똥그란게 아니라 약간 위아래로 긴 거 'ㅅ' \n(15초 뒤) 난 새후니 배꼽이! 진짜 맘에 들어! &lt;ㅋㅋㅋㅋㅋㅋㅋㅋㅋㅋ 배꼽예찬론자야 ㅋㅋㅋ 네네 맘에 쏙 드시는 거 넘잘알겟구뇨 ◜ㅅ◝…",
  "date": "Fri Dec 14 12:48:15 +0000 2018",
  "retweets": 1,
  "favorites": 0,
  "mentions": [
    {
      "screen_name": "re_errr",
      "name": "아리",
      "id": 713747529343508481,
      "id_str": "713747529343508481",
      "indices": [
        3,
        11
      ]
    }
  ],
  "hashtags": [],
  "geo": null
},{
  "id": "1073559567236136960",
  "permalink": "",
  "username": "서덕준 봇",
  "text": "밤새 당신을 예찬하는 나의 밤색 스프링노트처럼\n당신의 눈동자가 붉어요.\n당신의 눈빛이 나를 감금하고\n세상의 모든 들꽃들이 당신의 향기를 모방합니다.\n\n여름은 여러모로 당신과 닮았습니다.\n어느덧 도둑처럼 찾아… https://t.co/g8wSd8CgvJ",
  "date": "Fri Dec 14 12:45:21 +0000 2018",
  "retweets": 1,
  "favorites": 2,
  "mentions": [],
  "hashtags": [],
  "geo": null
},{
  "id": "1073557980539310080",
  "permalink": "",
  "username": "진진자라",
  "text": "RT @JJS_Archive: 181214 2차경연 비하인드 영상 정진성 CUT\n진성이 손 작은 거 너무 귀엽고 예찬이랑 대보는 것도 귀여워 죽어😭\n-\n#언더나인틴 #UNDERNINETEEN #정진성 #진성 #이예찬 #예찬 https://t.co/9…",
  "date": "Fri Dec 14 12:39:02 +0000 2018",
  "retweets": 18,
  "favorites": 0,
  "mentions": [
    {
      "screen_name": "JJS_Archive",
      "name": "정진성 아카이브",
      "id": 1066189207788445697,
      "id_str": "1066189207788445697",
      "indices": [
        3,
        15
      ]
    }
  ],
  "hashtags": [
    {
      "text": "언더나인틴",
      "indices": [
        85,
        91
      ]
    },
    {
      "text": "UNDERNINETEEN",
      "indices": [
        92,
        106
      ]
    },
    {
      "text": "정진성",
      "indices": [
        107,
        111
      ]
    },
    {
      "text": "진성",
      "indices": [
        112,
        115
      ]
    },
    {
      "text": "이예찬",
      "indices": [
        116,
        120
      ]
    },
    {
      "text": "예찬",
      "indices": [
        121,
        124
      ]
    }
  ],
  "geo": null
},{
  "id": "1073557528624095234",
  "permalink": "",
  "username": "🐰도도🐰",
  "text": "RT @JJS_Archive: 181214 2차경연 비하인드 영상 정진성 CUT\n진성이 손 작은 거 너무 귀엽고 예찬이랑 대보는 것도 귀여워 죽어😭\n-\n#언더나인틴 #UNDERNINETEEN #정진성 #진성 #이예찬 #예찬 https://t.co/9…",
  "date": "Fri Dec 14 12:37:15 +0000 2018",
  "retweets": 18,
  "favorites": 0,
  "mentions": [
    {
      "screen_name": "JJS_Archive",
      "name": "정진성 아카이브",
      "id": 1066189207788445697,
      "id_str": "1066189207788445697",
      "indices": [
        3,
        15
      ]
    }
  ],
  "hashtags": [
    {
      "text": "언더나인틴",
      "indices": [
        85,
        91
      ]
    },
    {
      "text": "UNDERNINETEEN",
      "indices": [
        92,
        106
      ]
    },
    {
      "text": "정진성",
      "indices": [
        107,
        111
      ]
    },
    {
      "text": "진성",
      "indices": [
        112,
        115
      ]
    },
    {
      "text": "이예찬",
      "indices": [
        116,
        120
      ]
    },
    {
      "text": "예찬",
      "indices": [
        121,
        124
      ]
    }
  ],
  "geo": null
},{
  "id": "1073556222098329607",
  "permalink": "",
  "username": "Sweetest Boy",
  "text": "RT @mignon_JJS: 아 예찬이 진성이 조합 진짜 귀여워 죽겠네 ㅋㅋㅋㅋㅋㅋㅋㅋㅋ 4컷 만화냐고 ㅋㅋㅋㅋㅋㅋㅋ 끝까지 뒤로 숨기고 가 ㅋㅋㅋㅋㅋㅋㅋㅋㅋㅋㅋㅋㅋㅋ https://t.co/eI2VTgumEm",
  "date": "Fri Dec 14 12:32:03 +0000 2018",
  "retweets": 15,
  "favorites": 0,
  "mentions": [
    {
      "screen_name": "mignon_JJS",
      "name": "미그논",
      "id": 1069876252104830980,
      "id_str": "1069876252104830980",
      "indices": [
        3,
        14
      ]
    }
  ],
  "hashtags": [],
  "geo": null
},{
  "id": "1073555798037385216",
  "permalink": "",
  "username": "🐓신예애찬🐔",
  "text": "RT @O1O514: #언더나인틴 #신예찬\n중학교 지인분께서 말해 주셨던 예찬이 과거‼️ 착하고 운동도 잘하구 공부도 잘했대요 😭 도대체 부족한 게 모야 신예찬💧💖 https://t.co/KlBpDNeHlI",
  "date": "Fri Dec 14 12:30:22 +0000 2018",
  "retweets": 11,
  "favorites": 0,
  "mentions": [
    {
      "screen_name": "O1O514",
      "name": "공주",
      "id": 1049355987914653697,
      "id_str": "1049355987914653697",
      "indices": [
        3,
        10
      ]
    }
  ],
  "hashtags": [
    {
      "text": "언더나인틴",
      "indices": [
        12,
        18
      ]
    },
    {
      "text": "신예찬",
      "indices": [
        19,
        23
      ]
    }
  ],
  "geo": null
},{
  "id": "1073555447439736832",
  "permalink": "",
  "username": "RIRI💜대휘🐣",
  "text": "RT @JJS_Archive: 181214 2차경연 비하인드 영상 정진성 CUT\n진성이 손 작은 거 너무 귀엽고 예찬이랑 대보는 것도 귀여워 죽어😭\n-\n#언더나인틴 #UNDERNINETEEN #정진성 #진성 #이예찬 #예찬 https://t.co/9…",
  "date": "Fri Dec 14 12:28:59 +0000 2018",
  "retweets": 18,
  "favorites": 0,
  "mentions": [
    {
      "screen_name": "JJS_Archive",
      "name": "정진성 아카이브",
      "id": 1066189207788445697,
      "id_str": "1066189207788445697",
      "indices": [
        3,
        15
      ]
    }
  ],
  "hashtags": [
    {
      "text": "언더나인틴",
      "indices": [
        85,
        91
      ]
    },
    {
      "text": "UNDERNINETEEN",
      "indices": [
        92,
        106
      ]
    },
    {
      "text": "정진성",
      "indices": [
        107,
        111
      ]
    },
    {
      "text": "진성",
      "indices": [
        112,
        115
      ]
    },
    {
      "text": "이예찬",
      "indices": [
        116,
        120
      ]
    },
    {
      "text": "예찬",
      "indices": [
        121,
        124
      ]
    }
  ],
  "geo": null
},{
  "id": "1073553536875520000",
  "permalink": "",
  "username": "진성",
  "text": "RT @JJS_Archive: 181214 2차경연 비하인드 영상 정진성 CUT\n진성이 손 작은 거 너무 귀엽고 예찬이랑 대보는 것도 귀여워 죽어😭\n-\n#언더나인틴 #UNDERNINETEEN #정진성 #진성 #이예찬 #예찬 https://t.co/9…",
  "date": "Fri Dec 14 12:21:23 +0000 2018",
  "retweets": 18,
  "favorites": 0,
  "mentions": [
    {
      "screen_name": "JJS_Archive",
      "name": "정진성 아카이브",
      "id": 1066189207788445697,
      "id_str": "1066189207788445697",
      "indices": [
        3,
        15
      ]
    }
  ],
  "hashtags": [
    {
      "text": "언더나인틴",
      "indices": [
        85,
        91
      ]
    },
    {
      "text": "UNDERNINETEEN",
      "indices": [
        92,
        106
      ]
    },
    {
      "text": "정진성",
      "indices": [
        107,
        111
      ]
    },
    {
      "text": "진성",
      "indices": [
        112,
        115
      ]
    },
    {
      "text": "이예찬",
      "indices": [
        116,
        120
      ]
    },
    {
      "text": "예찬",
      "indices": [
        121,
        124
      ]
    }
  ],
  "geo": null
},{
  "id": "1073552619652575232",
  "permalink": "",
  "username": "🐰도도🐰",
  "text": "RT @mignon_JJS: 아 예찬이 진성이 조합 진짜 귀여워 죽겠네 ㅋㅋㅋㅋㅋㅋㅋㅋㅋ 4컷 만화냐고 ㅋㅋㅋㅋㅋㅋㅋ 끝까지 뒤로 숨기고 가 ㅋㅋㅋㅋㅋㅋㅋㅋㅋㅋㅋㅋㅋㅋ https://t.co/eI2VTgumEm",
  "date": "Fri Dec 14 12:17:44 +0000 2018",
  "retweets": 15,
  "favorites": 0,
  "mentions": [
    {
      "screen_name": "mignon_JJS",
      "name": "미그논",
      "id": 1069876252104830980,
      "id_str": "1069876252104830980",
      "indices": [
        3,
        14
      ]
    }
  ],
  "hashtags": [],
  "geo": null
},{
  "id": "1073552125244796931",
  "permalink": "",
  "username": "연천프린스",
  "text": "RT @JJS_Archive: 181214 2차경연 비하인드 영상 정진성 CUT\n진성이 손 작은 거 너무 귀엽고 예찬이랑 대보는 것도 귀여워 죽어😭\n-\n#언더나인틴 #UNDERNINETEEN #정진성 #진성 #이예찬 #예찬 https://t.co/9…",
  "date": "Fri Dec 14 12:15:46 +0000 2018",
  "retweets": 18,
  "favorites": 0,
  "mentions": [
    {
      "screen_name": "JJS_Archive",
      "name": "정진성 아카이브",
      "id": 1066189207788445697,
      "id_str": "1066189207788445697",
      "indices": [
        3,
        15
      ]
    }
  ],
  "hashtags": [
    {
      "text": "언더나인틴",
      "indices": [
        85,
        91
      ]
    },
    {
      "text": "UNDERNINETEEN",
      "indices": [
        92,
        106
      ]
    },
    {
      "text": "정진성",
      "indices": [
        107,
        111
      ]
    },
    {
      "text": "진성",
      "indices": [
        112,
        115
      ]
    },
    {
      "text": "이예찬",
      "indices": [
        116,
        120
      ]
    },
    {
      "text": "예찬",
      "indices": [
        121,
        124
      ]
    }
  ],
  "geo": null
},{
  "id": "1073551999755374592",
  "permalink": "",
  "username": "진성",
  "text": "RT @mignon_JJS: 아 예찬이 진성이 조합 진짜 귀여워 죽겠네 ㅋㅋㅋㅋㅋㅋㅋㅋㅋ 4컷 만화냐고 ㅋㅋㅋㅋㅋㅋㅋ 끝까지 뒤로 숨기고 가 ㅋㅋㅋㅋㅋㅋㅋㅋㅋㅋㅋㅋㅋㅋ https://t.co/eI2VTgumEm",
  "date": "Fri Dec 14 12:15:17 +0000 2018",
  "retweets": 15,
  "favorites": 0,
  "mentions": [
    {
      "screen_name": "mignon_JJS",
      "name": "미그논",
      "id": 1069876252104830980,
      "id_str": "1069876252104830980",
      "indices": [
        3,
        14
      ]
    }
  ],
  "hashtags": [],
  "geo": null
},{
  "id": "1073551742053244934",
  "permalink": "",
  "username": "[일해라 엠비C]종깅이20181110",
  "text": "RT @shineofyou_yc: hq, 181206 #언더나인틴 #신예찬\n\n예찬이보구 오늘 하루도 잘 보내시고 언더나인틴 투표도 하러갑씨다🥳🥳\n\nhttps://t.co/AV2MyIHTsb https://t.co/WKjBs9D9Xt",
  "date": "Fri Dec 14 12:14:15 +0000 2018",
  "retweets": 163,
  "favorites": 0,
  "mentions": [
    {
      "screen_name": "shineofyou_yc",
      "name": "shine of you✨",
      "id": 1070674666191126528,
      "id_str": "1070674666191126528",
      "indices": [
        3,
        17
      ]
    }
  ],
  "hashtags": [
    {
      "text": "언더나인틴",
      "indices": [
        30,
        36
      ]
    },
    {
      "text": "신예찬",
      "indices": [
        37,
        41
      ]
    }
  ],
  "geo": null
},{
  "id": "1073551329308471296",
  "permalink": "",
  "username": "또 기",
  "text": "RT @mignon_JJS: 아 예찬이 진성이 조합 진짜 귀여워 죽겠네 ㅋㅋㅋㅋㅋㅋㅋㅋㅋ 4컷 만화냐고 ㅋㅋㅋㅋㅋㅋㅋ 끝까지 뒤로 숨기고 가 ㅋㅋㅋㅋㅋㅋㅋㅋㅋㅋㅋㅋㅋㅋ https://t.co/eI2VTgumEm",
  "date": "Fri Dec 14 12:12:37 +0000 2018",
  "retweets": 15,
  "favorites": 0,
  "mentions": [
    {
      "screen_name": "mignon_JJS",
      "name": "미그논",
      "id": 1069876252104830980,
      "id_str": "1069876252104830980",
      "indices": [
        3,
        14
      ]
    }
  ],
  "hashtags": [],
  "geo": null
},{
  "id": "1073550821076267008",
  "permalink": "",
  "username": "정이트",
  "text": "RT @mignon_JJS: 아 예찬이 진성이 조합 진짜 귀여워 죽겠네 ㅋㅋㅋㅋㅋㅋㅋㅋㅋ 4컷 만화냐고 ㅋㅋㅋㅋㅋㅋㅋ 끝까지 뒤로 숨기고 가 ㅋㅋㅋㅋㅋㅋㅋㅋㅋㅋㅋㅋㅋㅋ https://t.co/eI2VTgumEm",
  "date": "Fri Dec 14 12:10:36 +0000 2018",
  "retweets": 15,
  "favorites": 0,
  "mentions": [
    {
      "screen_name": "mignon_JJS",
      "name": "미그논",
      "id": 1069876252104830980,
      "id_str": "1069876252104830980",
      "indices": [
        3,
        14
      ]
    }
  ],
  "hashtags": [],
  "geo": null
},{
  "id": "1073550118937276423",
  "permalink": "",
  "username": "미그논",
  "text": "아 예찬이 진성이 조합 진짜 귀여워 죽겠네 ㅋㅋㅋㅋㅋㅋㅋㅋㅋ 4컷 만화냐고 ㅋㅋㅋㅋㅋㅋㅋ 끝까지 뒤로 숨기고 가 ㅋㅋㅋㅋㅋㅋㅋㅋㅋㅋㅋㅋㅋㅋ https://t.co/eI2VTgumEm",
  "date": "Fri Dec 14 12:07:48 +0000 2018",
  "retweets": 15,
  "favorites": 29,
  "mentions": [],
  "hashtags": [],
  "geo": null
},{
  "id": "1073550067707990016",
  "permalink": "",
  "username": "💙",
  "text": "RT @JJS_Archive: 181214 2차경연 비하인드 영상 정진성 CUT\n예찬이 형이랑 샌드위치 2개씩 들구 복도에서 냠냠🌯\n-\n#언더나인틴 #UNDERNINETEEN #정진성 #진성 #신예찬 #예찬 https://t.co/Y7NnBFg8dk",
  "date": "Fri Dec 14 12:07:36 +0000 2018",
  "retweets": 15,
  "favorites": 0,
  "mentions": [
    {
      "screen_name": "JJS_Archive",
      "name": "정진성 아카이브",
      "id": 1066189207788445697,
      "id_str": "1066189207788445697",
      "indices": [
        3,
        15
      ]
    }
  ],
  "hashtags": [
    {
      "text": "언더나인틴",
      "indices": [
        76,
        82
      ]
    },
    {
      "text": "UNDERNINETEEN",
      "indices": [
        83,
        97
      ]
    },
    {
      "text": "정진성",
      "indices": [
        98,
        102
      ]
    },
    {
      "text": "진성",
      "indices": [
        103,
        106
      ]
    },
    {
      "text": "신예찬",
      "indices": [
        107,
        111
      ]
    },
    {
      "text": "예찬",
      "indices": [
        112,
        115
      ]
    }
  ],
  "geo": null
},{
  "id": "1073549920357904385",
  "permalink": "",
  "username": "정진성 아카이브",
  "text": "181214 2차경연 비하인드 영상 정진성 CUT\n진성이 손 작은 거 너무 귀엽고 예찬이랑 대보는 것도 귀여워 죽어😭\n-\n#언더나인틴 #UNDERNINETEEN #정진성 #진성 #이예찬 #예찬 https://t.co/90HZpfKmeH",
  "date": "Fri Dec 14 12:07:01 +0000 2018",
  "retweets": 18,
  "favorites": 24,
  "mentions": [],
  "hashtags": [
    {
      "text": "언더나인틴",
      "indices": [
        68,
        74
      ]
    },
    {
      "text": "UNDERNINETEEN",
      "indices": [
        75,
        89
      ]
    },
    {
      "text": "정진성",
      "indices": [
        90,
        94
      ]
    },
    {
      "text": "진성",
      "indices": [
        95,
        98
      ]
    },
    {
      "text": "이예찬",
      "indices": [
        99,
        103
      ]
    },
    {
      "text": "예찬",
      "indices": [
        104,
        107
      ]
    }
  ],
  "geo": null
},{
  "id": "1073548380029087744",
  "permalink": "",
  "username": "진성",
  "text": "RT @JJS_Archive: 181214 2차경연 비하인드 영상 정진성 CUT\n예찬이 형이랑 샌드위치 2개씩 들구 복도에서 냠냠🌯\n-\n#언더나인틴 #UNDERNINETEEN #정진성 #진성 #신예찬 #예찬 https://t.co/Y7NnBFg8dk",
  "date": "Fri Dec 14 12:00:54 +0000 2018",
  "retweets": 15,
  "favorites": 0,
  "mentions": [
    {
      "screen_name": "JJS_Archive",
      "name": "정진성 아카이브",
      "id": 1066189207788445697,
      "id_str": "1066189207788445697",
      "indices": [
        3,
        15
      ]
    }
  ],
  "hashtags": [
    {
      "text": "언더나인틴",
      "indices": [
        76,
        82
      ]
    },
    {
      "text": "UNDERNINETEEN",
      "indices": [
        83,
        97
      ]
    },
    {
      "text": "정진성",
      "indices": [
        98,
        102
      ]
    },
    {
      "text": "진성",
      "indices": [
        103,
        106
      ]
    },
    {
      "text": "신예찬",
      "indices": [
        107,
        111
      ]
    },
    {
      "text": "예찬",
      "indices": [
        112,
        115
      ]
    }
  ],
  "geo": null
},{
  "id": "1073548251603685376",
  "permalink": "",
  "username": "정진성 아카이브",
  "text": "181214 2차경연 비하인드 영상 정진성 CUT\n예찬이 형이랑 샌드위치 2개씩 들구 복도에서 냠냠🌯\n-\n#언더나인틴 #UNDERNINETEEN #정진성 #진성 #신예찬 #예찬 https://t.co/Y7NnBFg8dk",
  "date": "Fri Dec 14 12:00:23 +0000 2018",
  "retweets": 15,
  "favorites": 17,
  "mentions": [],
  "hashtags": [
    {
      "text": "언더나인틴",
      "indices": [
        59,
        65
      ]
    },
    {
      "text": "UNDERNINETEEN",
      "indices": [
        66,
        80
      ]
    },
    {
      "text": "정진성",
      "indices": [
        81,
        85
      ]
    },
    {
      "text": "진성",
      "indices": [
        86,
        89
      ]
    },
    {
      "text": "신예찬",
      "indices": [
        90,
        94
      ]
    },
    {
      "text": "예찬",
      "indices": [
        95,
        98
      ]
    }
  ],
  "geo": null
},{
  "id": "1073544411580002309",
  "permalink": "",
  "username": "꿀짱",
  "text": "우왁 예찬이 옆태보고 가세요 예술이예요 https://t.co/go9cJ1F2rm",
  "date": "Fri Dec 14 11:45:07 +0000 2018",
  "retweets": 0,
  "favorites": 4,
  "mentions": [],
  "hashtags": [],
  "geo": null
},{
  "id": "1073541588498837504",
  "permalink": "",
  "username": "히나 🤦🏻‍♀️ 크레이지푸어코리안",
  "text": "어제 크레이지 리치 아시안 2권 들어갔는데 부자란 무엇인가. 내가 가난뱅이라 그런가 이제 니콜라스 영 집안에 대한 작가의 예찬 좀 짜증난다. 그래서 뭐 어쩌라고 싶네. 아니 이 좁은 나라 식물원 옆에 네비에… https://t.co/bNHqrJnwth",
  "date": "Fri Dec 14 11:33:54 +0000 2018",
  "retweets": 0,
  "favorites": 0,
  "mentions": [],
  "hashtags": [],
  "geo": null
},{
  "id": "1073541381476339713",
  "permalink": "",
  "username": "YiHan0228",
  "text": "RT @shineofyou_yc: hq, 181206 #언더나인틴 #신예찬\n\n예찬이보구 오늘 하루도 잘 보내시고 언더나인틴 투표도 하러갑씨다🥳🥳\n\nhttps://t.co/AV2MyIHTsb https://t.co/WKjBs9D9Xt",
  "date": "Fri Dec 14 11:33:05 +0000 2018",
  "retweets": 163,
  "favorites": 0,
  "mentions": [
    {
      "screen_name": "shineofyou_yc",
      "name": "shine of you✨",
      "id": 1070674666191126528,
      "id_str": "1070674666191126528",
      "indices": [
        3,
        17
      ]
    }
  ],
  "hashtags": [
    {
      "text": "언더나인틴",
      "indices": [
        30,
        36
      ]
    },
    {
      "text": "신예찬",
      "indices": [
        37,
        41
      ]
    }
  ],
  "geo": null
},{
  "id": "1073541318423408640",
  "permalink": "",
  "username": "YiHan0228",
  "text": "RT @shineofyou_yc: hq, 181206 #언더나인틴 #신예찬\n\n하루2번 보컬팀 예찬이에게 많이 많이 투표해주세요😘😘😘 \n\nhttps://t.co/AV2MyIHTsb https://t.co/gNW0P2di6l",
  "date": "Fri Dec 14 11:32:50 +0000 2018",
  "retweets": 109,
  "favorites": 0,
  "mentions": [
    {
      "screen_name": "shineofyou_yc",
      "name": "shine of you✨",
      "id": 1070674666191126528,
      "id_str": "1070674666191126528",
      "indices": [
        3,
        17
      ]
    }
  ],
  "hashtags": [
    {
      "text": "언더나인틴",
      "indices": [
        30,
        36
      ]
    },
    {
      "text": "신예찬",
      "indices": [
        37,
        41
      ]
    }
  ],
  "geo": null
},{
  "id": "1073541294268461056",
  "permalink": "",
  "username": "YiHan0228",
  "text": "RT @shineofyou_yc: hq, 181206 #언더나인틴 #신예찬 \n\n팬들 환호소리 귀담아듣는 모습이 너무너무 예쁜 예차니😭💕💕 눈코입귀손 안예쁜 구석이 단 1도 없는 소중한 우리 예찬이🙏🏻\n\nhttps://t.co/AV2MyIHTsb ht…",
  "date": "Fri Dec 14 11:32:44 +0000 2018",
  "retweets": 73,
  "favorites": 0,
  "mentions": [
    {
      "screen_name": "shineofyou_yc",
      "name": "shine of you✨",
      "id": 1070674666191126528,
      "id_str": "1070674666191126528",
      "indices": [
        3,
        17
      ]
    }
  ],
  "hashtags": [
    {
      "text": "언더나인틴",
      "indices": [
        30,
        36
      ]
    },
    {
      "text": "신예찬",
      "indices": [
        37,
        41
      ]
    }
  ],
  "geo": null
},{
  "id": "1073540642460954626",
  "permalink": "",
  "username": "YiHan0228",
  "text": "RT @LOVEBOMB_chan_: 2018.12.09 언더나인틴 게릴라 이벤트 출근길\n\n예찬이 웃는게 너무 좋아 💦 항상 그렇게 예쁘게만 웃어줘 🥰 \n\n#언더나인틴 #신예찬 #shinyechan\n\n오늘도 내일도 오전도 오후도 예찬 투표하기🤙🏻 ht…",
  "date": "Fri Dec 14 11:30:09 +0000 2018",
  "retweets": 70,
  "favorites": 0,
  "mentions": [
    {
      "screen_name": "LOVEBOMB_chan_",
      "name": "ʟᴏᴠᴇ ʙᴏᴍʙ ❤️💣",
      "id": 1064153705564360705,
      "id_str": "1064153705564360705",
      "indices": [
        3,
        18
      ]
    }
  ],
  "hashtags": [
    {
      "text": "언더나인틴",
      "indices": [
        86,
        92
      ]
    },
    {
      "text": "신예찬",
      "indices": [
        93,
        97
      ]
    },
    {
      "text": "shinyechan",
      "indices": [
        98,
        109
      ]
    }
  ],
  "geo": null
},{
  "id": "1073539676454105088",
  "permalink": "",
  "username": "누리엄마.",
  "text": "RT @onemansdream00: 그날 우리는 마지막 잔을 부딪치며 기쁘면서도 슬픈, 힘들면서도 즐거운 삶을 예찬했다. 그리고 우리모두 오랫동안 함께이기를 바랐다. 그날은 내 머릿속에 잔상처럼 남아 오래도록 기억될거 같다. &lt;우지현&gt;\n\n자주.가끔,…",
  "date": "Fri Dec 14 11:26:18 +0000 2018",
  "retweets": 9,
  "favorites": 0,
  "mentions": [
    {
      "screen_name": "onemansdream00",
      "name": "한 남자의 꿈",
      "id": 740884338,
      "id_str": "740884338",
      "indices": [
        3,
        18
      ]
    }
  ],
  "hashtags": [],
  "geo": null
},{
  "id": "1073537778674151424",
  "permalink": "",
  "username": "불면",
  "text": "뇌가 좋아하는 메세지 1\n\n매일 아침 눈을 뜨면서 당신을 칭찬하기 시작하여 \n24시간 내내 당신을 칭찬하십시오.\n\n당신의 모든 장점을 찾아내어 칭찬하고\n당신의 무한한 가능성을 예찬하십시오. \n\n당신의 뇌에서… https://t.co/LKj5IBNcrt",
  "date": "Fri Dec 14 11:18:46 +0000 2018",
  "retweets": 1,
  "favorites": 2,
  "mentions": [],
  "hashtags": [],
  "geo": null
},{
  "id": "1073534664021659650",
  "permalink": "",
  "username": "제이",
  "text": "RT @K9158544: @moonlitterrace 예찬이가 동생이에요~",
  "date": "Fri Dec 14 11:06:23 +0000 2018",
  "retweets": 2,
  "favorites": 0,
  "mentions": [
    {
      "screen_name": "K9158544",
      "name": "I love Hesuh!",
      "id": 212909830,
      "id_str": "212909830",
      "indices": [
        3,
        12
      ]
    },
    {
      "screen_name": "moonlitterrace",
      "name": "A아V브RIL릴",
      "id": 3767363353,
      "id_str": "3767363353",
      "indices": [
        14,
        29
      ]
    }
  ],
  "hashtags": [],
  "geo": null
},{
  "id": "1073534556664324096",
  "permalink": "",
  "username": "타리",
  "text": "어떤 캐릭터도 편파하지 않습니다. 다만 저는 올캐러 성향이기 때문에 그때 꽂힌 아이를 열렬히 예찬할 뿐입니다...\n\n자캐/드림계 @tari_townz\n\n관계짜기 좋아합니다. 제 캐가 마이너.. 연인드림이 없… https://t.co/fLcSD43U4G",
  "date": "Fri Dec 14 11:05:58 +0000 2018",
  "retweets": 0,
  "favorites": 0,
  "mentions": [
    {
      "screen_name": "tari_townz",
      "name": "타운즈",
      "id": 1017642994214711296,
      "id_str": "1017642994214711296",
      "indices": [
        72,
        83
      ]
    }
  ],
  "hashtags": [],
  "geo": null
},{
  "id": "1073534088127033347",
  "permalink": "",
  "username": "주녀기",
  "text": "헉 팀당 한장이네,,,\n그럼 보컬은 예찬이 랩은 준혁이나 용하,,, 퍼포는 준서나 승환이나 도염이 나오게 해주세요,,,",
  "date": "Fri Dec 14 11:04:06 +0000 2018",
  "retweets": 0,
  "favorites": 2,
  "mentions": [],
  "hashtags": [],
  "geo": null
},{
  "id": "1073532817508716544",
  "permalink": "",
  "username": "A아V브RIL릴",
  "text": "RT @K9158544: @moonlitterrace 예찬이가 동생이에요~",
  "date": "Fri Dec 14 10:59:03 +0000 2018",
  "retweets": 2,
  "favorites": 0,
  "mentions": [
    {
      "screen_name": "K9158544",
      "name": "I love Hesuh!",
      "id": 212909830,
      "id_str": "212909830",
      "indices": [
        3,
        12
      ]
    },
    {
      "screen_name": "moonlitterrace",
      "name": "A아V브RIL릴",
      "id": 3767363353,
      "id_str": "3767363353",
      "indices": [
        14,
        29
      ]
    }
  ],
  "hashtags": [],
  "geo": null
},{
  "id": "1073530840880009216",
  "permalink": "",
  "username": "🍒Maya🍒",
  "text": "RT @yebonghee: 언더나인틴 이예찬 방준혁 입니다\n참고로 14살 15살이구요,,,,",
  "date": "Fri Dec 14 10:51:12 +0000 2018",
  "retweets": 137,
  "favorites": 0,
  "mentions": [
    {
      "screen_name": "yebonghee",
      "name": "예봉희",
      "id": 968484218211770368,
      "id_str": "968484218211770368",
      "indices": [
        3,
        13
      ]
    }
  ],
  "hashtags": [],
  "geo": null
},{
  "id": "1073530414977830912",
  "permalink": "",
  "username": "한 남자의 꿈",
  "text": "그날 우리는 마지막 잔을 부딪치며 기쁘면서도 슬픈, 힘들면서도 즐거운 삶을 예찬했다. 그리고 우리모두 오랫동안 함께이기를 바랐다. 그날은 내 머릿속에 잔상처럼 남아 오래도록 기억될거 같다. &lt;우지현&gt;\n\n자주… https://t.co/Ug63ImpdGC",
  "date": "Fri Dec 14 10:49:30 +0000 2018",
  "retweets": 9,
  "favorites": 14,
  "mentions": [],
  "hashtags": [],
  "geo": null
},{
  "id": "1073530395746914305",
  "permalink": "",
  "username": "다례",
  "text": "RT @bkjghy1219: 난 준혁이랑 용하랑 예찬이 주세요 엠비씨,,",
  "date": "Fri Dec 14 10:49:26 +0000 2018",
  "retweets": 1,
  "favorites": 0,
  "mentions": [
    {
      "screen_name": "bkjghy1219",
      "name": "주녀기",
      "id": 1063814914014232577,
      "id_str": "1063814914014232577",
      "indices": [
        3,
        14
      ]
    }
  ],
  "hashtags": [],
  "geo": null
},{
  "id": "1073530332962381824",
  "permalink": "",
  "username": "주녀기",
  "text": "난 준혁이랑 용하랑 예찬이 주세요 엠비씨,,",
  "date": "Fri Dec 14 10:49:11 +0000 2018",
  "retweets": 1,
  "favorites": 2,
  "mentions": [],
  "hashtags": [],
  "geo": null
},{
  "id": "1073528233252012032",
  "permalink": "",
  "username": "Koonahla",
  "text": "RT @mignon_JJS: 작은 예찬 : 형은 그냥 귀여워요\n진성 : 알아~\n큰 예찬 : 엏ㅎㅎ\n진성 : ....어 여기 예찬이 또 있다~!\n큰 예찬 : 으이구 으이구~ 진정해~~!\n\nㅋㅋㅋㅋㅋㅋㅋㅋㅋㅋㅋㅋㅋㅋㅋㅋㅋㅋㅋㅋㅋㅋㅋㅋㅋㅋㅋㅋㅋㅋㅋㅋㅋㅋㅋ…",
  "date": "Fri Dec 14 10:40:50 +0000 2018",
  "retweets": 69,
  "favorites": 0,
  "mentions": [
    {
      "screen_name": "mignon_JJS",
      "name": "미그논",
      "id": 1069876252104830980,
      "id_str": "1069876252104830980",
      "indices": [
        3,
        14
      ]
    }
  ],
  "hashtags": [],
  "geo": null
},{
  "id": "1073528045607088130",
  "permalink": "",
  "username": "밤블비",
  "text": "RT @O1O514: #언더나인틴 #신예찬\n중학교 지인분께서 말해 주셨던 예찬이 과거‼️ 착하고 운동도 잘하구 공부도 잘했대요 😭 도대체 부족한 게 모야 신예찬💧💖 https://t.co/KlBpDNeHlI",
  "date": "Fri Dec 14 10:40:05 +0000 2018",
  "retweets": 11,
  "favorites": 0,
  "mentions": [
    {
      "screen_name": "O1O514",
      "name": "공주",
      "id": 1049355987914653697,
      "id_str": "1049355987914653697",
      "indices": [
        3,
        10
      ]
    }
  ],
  "hashtags": [
    {
      "text": "언더나인틴",
      "indices": [
        12,
        18
      ]
    },
    {
      "text": "신예찬",
      "indices": [
        19,
        23
      ]
    }
  ],
  "geo": null
},{
  "id": "1073527220344217600",
  "permalink": "",
  "username": "갓예찬0514",
  "text": "RT @O1O514: #언더나인틴 #신예찬\n중학교 지인분께서 말해 주셨던 예찬이 과거‼️ 착하고 운동도 잘하구 공부도 잘했대요 😭 도대체 부족한 게 모야 신예찬💧💖 https://t.co/KlBpDNeHlI",
  "date": "Fri Dec 14 10:36:49 +0000 2018",
  "retweets": 11,
  "favorites": 0,
  "mentions": [
    {
      "screen_name": "O1O514",
      "name": "공주",
      "id": 1049355987914653697,
      "id_str": "1049355987914653697",
      "indices": [
        3,
        10
      ]
    }
  ],
  "hashtags": [
    {
      "text": "언더나인틴",
      "indices": [
        12,
        18
      ]
    },
    {
      "text": "신예찬",
      "indices": [
        19,
        23
      ]
    }
  ],
  "geo": null
},{
  "id": "1073524674653343745",
  "permalink": "",
  "username": "옥수수런(론)[방청가게해주세요]",
  "text": "박성원 기엽ㄱ당^♡^ \n이예찬 기엽ㄱ당\"♡\"\n방준혁 기엽ㄱ당;;♡;;\n유용하 기엽ㄱ당*♡*",
  "date": "Fri Dec 14 10:26:42 +0000 2018",
  "retweets": 0,
  "favorites": 0,
  "mentions": [],
  "hashtags": [],
  "geo": null
},{
  "id": "1073523223155757056",
  "permalink": "",
  "username": "💙",
  "text": "RT @mignon_JJS: 작은 예찬 : 형은 그냥 귀여워요\n진성 : 알아~\n큰 예찬 : 엏ㅎㅎ\n진성 : ....어 여기 예찬이 또 있다~!\n큰 예찬 : 으이구 으이구~ 진정해~~!\n\nㅋㅋㅋㅋㅋㅋㅋㅋㅋㅋㅋㅋㅋㅋㅋㅋㅋㅋㅋㅋㅋㅋㅋㅋㅋㅋㅋㅋㅋㅋㅋㅋㅋㅋㅋ…",
  "date": "Fri Dec 14 10:20:56 +0000 2018",
  "retweets": 69,
  "favorites": 0,
  "mentions": [
    {
      "screen_name": "mignon_JJS",
      "name": "미그논",
      "id": 1069876252104830980,
      "id_str": "1069876252104830980",
      "indices": [
        3,
        14
      ]
    }
  ],
  "hashtags": [],
  "geo": null
}]