[{
  "id": "1074453599122423809",
  "permalink": "",
  "username": "` Shin Yechan Myanmar `",
  "text": "RT @Bluemoon_514: 181117 상암 역조공 #언더나인틴 #신예찬 \n\n예쁜 예찬이 안녕 🥰👋 https://t.co/LcEWEd29xA",
  "date": "Sun Dec 16 23:57:55 +0000 2018",
  "retweets": 37,
  "favorites": 0,
  "mentions": [
    {
      "screen_name": "Bluemoon_514",
      "name": "푸른달🌙",
      "id": 1064160425762160640,
      "id_str": "1064160425762160640",
      "indices": [
        3,
        16
      ]
    }
  ],
  "hashtags": [
    {
      "text": "언더나인틴",
      "indices": [
        32,
        38
      ]
    },
    {
      "text": "신예찬",
      "indices": [
        39,
        43
      ]
    }
  ],
  "geo": null
},{
  "id": "1074453570483773440",
  "permalink": "",
  "username": "` Shin Yechan Myanmar `",
  "text": "RT @Bluemoon_514: 181117 상암 역조공 #언더나인틴 #신예찬 \n\n예찬이 눈에 별박았나봐 너무 예뻐 💛🧡🌟💫✨ https://t.co/iw9F7cMgOm",
  "date": "Sun Dec 16 23:57:48 +0000 2018",
  "retweets": 30,
  "favorites": 0,
  "mentions": [
    {
      "screen_name": "Bluemoon_514",
      "name": "푸른달🌙",
      "id": 1064160425762160640,
      "id_str": "1064160425762160640",
      "indices": [
        3,
        16
      ]
    }
  ],
  "hashtags": [
    {
      "text": "언더나인틴",
      "indices": [
        32,
        38
      ]
    },
    {
      "text": "신예찬",
      "indices": [
        39,
        43
      ]
    }
  ],
  "geo": null
},{
  "id": "1074449276397211648",
  "permalink": "",
  "username": ".",
  "text": "RT @Bluemoon_514: 181117 상암 역조공 #언더나인틴 #신예찬 \n\n예찬이 눈에 별박았나봐 너무 예뻐 💛🧡🌟💫✨ https://t.co/iw9F7cMgOm",
  "date": "Sun Dec 16 23:40:44 +0000 2018",
  "retweets": 30,
  "favorites": 0,
  "mentions": [
    {
      "screen_name": "Bluemoon_514",
      "name": "푸른달🌙",
      "id": 1064160425762160640,
      "id_str": "1064160425762160640",
      "indices": [
        3,
        16
      ]
    }
  ],
  "hashtags": [
    {
      "text": "언더나인틴",
      "indices": [
        32,
        38
      ]
    },
    {
      "text": "신예찬",
      "indices": [
        39,
        43
      ]
    }
  ],
  "geo": null
},{
  "id": "1074449270340694017",
  "permalink": "",
  "username": ".",
  "text": "RT @Bluemoon_514: 181117 상암 역조공 #언더나인틴 #신예찬 \n\n예쁜 예찬이 안녕 🥰👋 https://t.co/LcEWEd29xA",
  "date": "Sun Dec 16 23:40:43 +0000 2018",
  "retweets": 37,
  "favorites": 0,
  "mentions": [
    {
      "screen_name": "Bluemoon_514",
      "name": "푸른달🌙",
      "id": 1064160425762160640,
      "id_str": "1064160425762160640",
      "indices": [
        3,
        16
      ]
    }
  ],
  "hashtags": [
    {
      "text": "언더나인틴",
      "indices": [
        32,
        38
      ]
    },
    {
      "text": "신예찬",
      "indices": [
        39,
        43
      ]
    }
  ],
  "geo": null
},{
  "id": "1074448562698674176",
  "permalink": "",
  "username": "재잘재잘..",
  "text": "RT @frythemall: 나 하은이라는이름인애들중에 왜케 교회다니는애들이많지 생각하다가 하은이 하나님의은혜 줄인거라는거듣고 충격먹엇어.. 그이후로 하 나 예 자로시작하는이름보면 궁예질들어감\n하나? 하나님나라? 예지? 예수님의지혜? 예은?예수님의은…",
  "date": "Sun Dec 16 23:37:54 +0000 2018",
  "retweets": 22656,
  "favorites": 0,
  "mentions": [
    {
      "screen_name": "frythemall",
      "name": "튀겨버려",
      "id": 3066199944,
      "id_str": "3066199944",
      "indices": [
        3,
        14
      ]
    }
  ],
  "hashtags": [],
  "geo": null
},{
  "id": "1074444953525268481",
  "permalink": "",
  "username": "bucin minhyunbin👀",
  "text": "RT @MBC_Under19: [김신영의 TMI/선공개] 이예찬 캐리어 속에 들어있는 잇템!\n\nhttps://t.co/EPESAhqv9S\n\n#MBC #언더나인틴 #UNDERNINETEEN",
  "date": "Sun Dec 16 23:23:33 +0000 2018",
  "retweets": 135,
  "favorites": 0,
  "mentions": [
    {
      "screen_name": "MBC_Under19",
      "name": "MBC 언더나인틴",
      "id": 1042612844108238848,
      "id_str": "1042612844108238848",
      "indices": [
        3,
        15
      ]
    }
  ],
  "hashtags": [
    {
      "text": "MBC",
      "indices": [
        78,
        82
      ]
    },
    {
      "text": "언더나인틴",
      "indices": [
        83,
        89
      ]
    },
    {
      "text": "UNDERNINETEEN",
      "indices": [
        90,
        104
      ]
    }
  ],
  "geo": null
},{
  "id": "1074443851664773120",
  "permalink": "",
  "username": "buzz, but chuck",
  "text": "and while we're at it, did the 임선아 who wrote funny rock, thorn, tomorrow, go away!,  일 년 쯤이면..., and 미완예찬 write 손 깍지 (because it's you)?",
  "date": "Sun Dec 16 23:19:11 +0000 2018",
  "retweets": 1,
  "favorites": 0,
  "mentions": [],
  "hashtags": [],
  "geo": null
},{
  "id": "1074442233108037633",
  "permalink": "",
  "username": "d.",
  "text": "RT @Bluemoon_514: 181117 상암 역조공 #언더나인틴 #신예찬 \n\n예찬이 눈에 별박았나봐 너무 예뻐 💛🧡🌟💫✨ https://t.co/iw9F7cMgOm",
  "date": "Sun Dec 16 23:12:45 +0000 2018",
  "retweets": 30,
  "favorites": 0,
  "mentions": [
    {
      "screen_name": "Bluemoon_514",
      "name": "푸른달🌙",
      "id": 1064160425762160640,
      "id_str": "1064160425762160640",
      "indices": [
        3,
        16
      ]
    }
  ],
  "hashtags": [
    {
      "text": "언더나인틴",
      "indices": [
        32,
        38
      ]
    },
    {
      "text": "신예찬",
      "indices": [
        39,
        43
      ]
    }
  ],
  "geo": null
},{
  "id": "1074441965670989824",
  "permalink": "",
  "username": "eunhae's daughter 🌸",
  "text": "RT @MBC_Under19: [김신영의 TMI/선공개] 이예찬 캐리어 속에 들어있는 잇템!\n\nhttps://t.co/EPESAhqv9S\n\n#MBC #언더나인틴 #UNDERNINETEEN",
  "date": "Sun Dec 16 23:11:41 +0000 2018",
  "retweets": 135,
  "favorites": 0,
  "mentions": [
    {
      "screen_name": "MBC_Under19",
      "name": "MBC 언더나인틴",
      "id": 1042612844108238848,
      "id_str": "1042612844108238848",
      "indices": [
        3,
        15
      ]
    }
  ],
  "hashtags": [
    {
      "text": "MBC",
      "indices": [
        78,
        82
      ]
    },
    {
      "text": "언더나인틴",
      "indices": [
        83,
        89
      ]
    },
    {
      "text": "UNDERNINETEEN",
      "indices": [
        90,
        104
      ]
    }
  ],
  "geo": null
},{
  "id": "1074441659717283841",
  "permalink": "",
  "username": "d.",
  "text": "RT @Bluemoon_514: 181117 상암 역조공 #언더나인틴 #신예찬 \n\n예쁜 예찬이 안녕 🥰👋 https://t.co/LcEWEd29xA",
  "date": "Sun Dec 16 23:10:28 +0000 2018",
  "retweets": 37,
  "favorites": 0,
  "mentions": [
    {
      "screen_name": "Bluemoon_514",
      "name": "푸른달🌙",
      "id": 1064160425762160640,
      "id_str": "1064160425762160640",
      "indices": [
        3,
        16
      ]
    }
  ],
  "hashtags": [
    {
      "text": "언더나인틴",
      "indices": [
        32,
        38
      ]
    },
    {
      "text": "신예찬",
      "indices": [
        39,
        43
      ]
    }
  ],
  "geo": null
},{
  "id": "1074439057243918337",
  "permalink": "",
  "username": "지금 이 시각 서지경은?",
  "text": "잘생긴 예찬이가 오전 8시를 알려드립니다. 다들 잠은 집에 가서 자세요. 왜 시체가 되어있어.",
  "date": "Sun Dec 16 23:00:08 +0000 2018",
  "retweets": 0,
  "favorites": 0,
  "mentions": [],
  "hashtags": [],
  "geo": null
},{
  "id": "1074438517013438464",
  "permalink": "",
  "username": "b ♡ bin",
  "text": "RT @Bluemoon_514: 181117 상암 역조공 #언더나인틴 #신예찬 \n\n예찬이 눈에 별박았나봐 너무 예뻐 💛🧡🌟💫✨ https://t.co/iw9F7cMgOm",
  "date": "Sun Dec 16 22:57:59 +0000 2018",
  "retweets": 30,
  "favorites": 0,
  "mentions": [
    {
      "screen_name": "Bluemoon_514",
      "name": "푸른달🌙",
      "id": 1064160425762160640,
      "id_str": "1064160425762160640",
      "indices": [
        3,
        16
      ]
    }
  ],
  "hashtags": [
    {
      "text": "언더나인틴",
      "indices": [
        32,
        38
      ]
    },
    {
      "text": "신예찬",
      "indices": [
        39,
        43
      ]
    }
  ],
  "geo": null
},{
  "id": "1074437834205945856",
  "permalink": "",
  "username": "b ♡ bin",
  "text": "RT @Bluemoon_514: 181117 상암 역조공 #언더나인틴 #신예찬 \n\n예쁜 예찬이 안녕 🥰👋 https://t.co/LcEWEd29xA",
  "date": "Sun Dec 16 22:55:16 +0000 2018",
  "retweets": 37,
  "favorites": 0,
  "mentions": [
    {
      "screen_name": "Bluemoon_514",
      "name": "푸른달🌙",
      "id": 1064160425762160640,
      "id_str": "1064160425762160640",
      "indices": [
        3,
        16
      ]
    }
  ],
  "hashtags": [
    {
      "text": "언더나인틴",
      "indices": [
        32,
        38
      ]
    },
    {
      "text": "신예찬",
      "indices": [
        39,
        43
      ]
    }
  ],
  "geo": null
},{
  "id": "1074437652336631808",
  "permalink": "",
  "username": "へろへろ苺",
  "text": "RT @Bluemoon_514: 181117 상암 역조공 #언더나인틴 #신예찬 \n\n예쁜 예찬이 안녕 🥰👋 https://t.co/LcEWEd29xA",
  "date": "Sun Dec 16 22:54:33 +0000 2018",
  "retweets": 37,
  "favorites": 0,
  "mentions": [
    {
      "screen_name": "Bluemoon_514",
      "name": "푸른달🌙",
      "id": 1064160425762160640,
      "id_str": "1064160425762160640",
      "indices": [
        3,
        16
      ]
    }
  ],
  "hashtags": [
    {
      "text": "언더나인틴",
      "indices": [
        32,
        38
      ]
    },
    {
      "text": "신예찬",
      "indices": [
        39,
        43
      ]
    }
  ],
  "geo": null
},{
  "id": "1074436185395650560",
  "permalink": "",
  "username": "🐓신예애찬🐔",
  "text": "RT @Bluemoon_514: 181117 상암 역조공 #언더나인틴 #신예찬 \n\n예찬이 눈에 별박았나봐 너무 예뻐 💛🧡🌟💫✨ https://t.co/iw9F7cMgOm",
  "date": "Sun Dec 16 22:48:43 +0000 2018",
  "retweets": 30,
  "favorites": 0,
  "mentions": [
    {
      "screen_name": "Bluemoon_514",
      "name": "푸른달🌙",
      "id": 1064160425762160640,
      "id_str": "1064160425762160640",
      "indices": [
        3,
        16
      ]
    }
  ],
  "hashtags": [
    {
      "text": "언더나인틴",
      "indices": [
        32,
        38
      ]
    },
    {
      "text": "신예찬",
      "indices": [
        39,
        43
      ]
    }
  ],
  "geo": null
},{
  "id": "1074436161307697153",
  "permalink": "",
  "username": "🐓신예애찬🐔",
  "text": "RT @Bluemoon_514: 181117 상암 역조공 #언더나인틴 #신예찬 \n\n예쁜 예찬이 안녕 🥰👋 https://t.co/LcEWEd29xA",
  "date": "Sun Dec 16 22:48:37 +0000 2018",
  "retweets": 37,
  "favorites": 0,
  "mentions": [
    {
      "screen_name": "Bluemoon_514",
      "name": "푸른달🌙",
      "id": 1064160425762160640,
      "id_str": "1064160425762160640",
      "indices": [
        3,
        16
      ]
    }
  ],
  "hashtags": [
    {
      "text": "언더나인틴",
      "indices": [
        32,
        38
      ]
    },
    {
      "text": "신예찬",
      "indices": [
        39,
        43
      ]
    }
  ],
  "geo": null
},{
  "id": "1074432951557926912",
  "permalink": "",
  "username": "앙군",
  "text": "RT @MBC_entertain: 귀여운 예찬이를 귀여워 하는 준혁&amp;택현이도 귀여워 🤦‍♀️\n인싸 아이템까지 준비한 예찬이! 🐰\n#김신영의_TMI 오늘 밤 8시 45분\n\n#언더나인틴 #예비돌 #정택현 #방준혁 #이예찬 https://t.co/L3JF…",
  "date": "Sun Dec 16 22:35:52 +0000 2018",
  "retweets": 135,
  "favorites": 0,
  "mentions": [
    {
      "screen_name": "MBC_entertain",
      "name": "MBC예능연구소",
      "id": 4144012572,
      "id_str": "4144012572",
      "indices": [
        3,
        17
      ]
    }
  ],
  "hashtags": [
    {
      "text": "김신영의_TMI",
      "indices": [
        76,
        85
      ]
    },
    {
      "text": "언더나인틴",
      "indices": [
        99,
        105
      ]
    },
    {
      "text": "예비돌",
      "indices": [
        106,
        110
      ]
    },
    {
      "text": "정택현",
      "indices": [
        111,
        115
      ]
    },
    {
      "text": "방준혁",
      "indices": [
        116,
        120
      ]
    },
    {
      "text": "이예찬",
      "indices": [
        121,
        125
      ]
    }
  ],
  "geo": null
},{
  "id": "1074431592053932033",
  "permalink": "",
  "username": "Atika Cahya Dyni",
  "text": "RT @Bluemoon_514: 181117 상암 역조공 #언더나인틴 #신예찬 \n\n예쁜 예찬이 안녕 🥰👋 https://t.co/LcEWEd29xA",
  "date": "Sun Dec 16 22:30:28 +0000 2018",
  "retweets": 37,
  "favorites": 0,
  "mentions": [
    {
      "screen_name": "Bluemoon_514",
      "name": "푸른달🌙",
      "id": 1064160425762160640,
      "id_str": "1064160425762160640",
      "indices": [
        3,
        16
      ]
    }
  ],
  "hashtags": [
    {
      "text": "언더나인틴",
      "indices": [
        32,
        38
      ]
    },
    {
      "text": "신예찬",
      "indices": [
        39,
        43
      ]
    }
  ],
  "geo": null
},{
  "id": "1074431474143621120",
  "permalink": "",
  "username": "Atika Cahya Dyni",
  "text": "RT @Bluemoon_514: 181117 상암 역조공 #언더나인틴 #신예찬 \n\n예찬이 눈에 별박았나봐 너무 예뻐 💛🧡🌟💫✨ https://t.co/iw9F7cMgOm",
  "date": "Sun Dec 16 22:30:00 +0000 2018",
  "retweets": 30,
  "favorites": 0,
  "mentions": [
    {
      "screen_name": "Bluemoon_514",
      "name": "푸른달🌙",
      "id": 1064160425762160640,
      "id_str": "1064160425762160640",
      "indices": [
        3,
        16
      ]
    }
  ],
  "hashtags": [
    {
      "text": "언더나인틴",
      "indices": [
        32,
        38
      ]
    },
    {
      "text": "신예찬",
      "indices": [
        39,
        43
      ]
    }
  ],
  "geo": null
},{
  "id": "1074429355021848576",
  "permalink": "",
  "username": "• ㅅ •",
  "text": "RT @Bluemoon_514: 181117 상암 역조공 #언더나인틴 #신예찬 \n\n예찬이 눈에 별박았나봐 너무 예뻐 💛🧡🌟💫✨ https://t.co/iw9F7cMgOm",
  "date": "Sun Dec 16 22:21:34 +0000 2018",
  "retweets": 30,
  "favorites": 0,
  "mentions": [
    {
      "screen_name": "Bluemoon_514",
      "name": "푸른달🌙",
      "id": 1064160425762160640,
      "id_str": "1064160425762160640",
      "indices": [
        3,
        16
      ]
    }
  ],
  "hashtags": [
    {
      "text": "언더나인틴",
      "indices": [
        32,
        38
      ]
    },
    {
      "text": "신예찬",
      "indices": [
        39,
        43
      ]
    }
  ],
  "geo": null
},{
  "id": "1074429308322512896",
  "permalink": "",
  "username": "• ㅅ •",
  "text": "RT @yechan0514: 181117 상암 역조공 이벤트 \n\n보정알못 메이가 예쁜 예찬이 다 같이 보겠다구 이렇게 올리네요😅 예찬이 미모가 다 캐리 했다😢❤ 예찬아 지금처럼 열심히 좋은 무대 하면서 꼭 데뷔하자 아이돌 신예찬 응원 많이 많이 할게…",
  "date": "Sun Dec 16 22:21:23 +0000 2018",
  "retweets": 30,
  "favorites": 0,
  "mentions": [
    {
      "screen_name": "yechan0514",
      "name": "May💙",
      "id": 1061852850504949760,
      "id_str": "1061852850504949760",
      "indices": [
        3,
        14
      ]
    }
  ],
  "hashtags": [],
  "geo": null
},{
  "id": "1074426318169759744",
  "permalink": "",
  "username": "ً",
  "text": "RT @RabbitChu_1218: 181209 강남 게릴라 \n#언더나인틴 #UNDERNINETEEN #박성원 #이예찬\n\n예찬이 귀여워하는 성원이 . . . ㄱㅇㅇ 😭❤️ https://t.co/rOvN8wZV4r",
  "date": "Sun Dec 16 22:09:30 +0000 2018",
  "retweets": 51,
  "favorites": 0,
  "mentions": [
    {
      "screen_name": "RabbitChu_1218",
      "name": "Rabbit Chu",
      "id": 1060301973239427072,
      "id_str": "1060301973239427072",
      "indices": [
        3,
        18
      ]
    }
  ],
  "hashtags": [
    {
      "text": "언더나인틴",
      "indices": [
        35,
        41
      ]
    },
    {
      "text": "UNDERNINETEEN",
      "indices": [
        42,
        56
      ]
    },
    {
      "text": "박성원",
      "indices": [
        57,
        61
      ]
    },
    {
      "text": "이예찬",
      "indices": [
        62,
        66
      ]
    }
  ],
  "geo": null
},{
  "id": "1074425494311845888",
  "permalink": "",
  "username": "예잘",
  "text": "오전 투표 했다... 오늘은 안까먹구..\nhttps://t.co/ARdqmuvNeY\n예찬이 뽑아주세요..",
  "date": "Sun Dec 16 22:06:14 +0000 2018",
  "retweets": 0,
  "favorites": 0,
  "mentions": [],
  "hashtags": [],
  "geo": null
},{
  "id": "1074424058891055105",
  "permalink": "",
  "username": "예잘",
  "text": "RT @Bluemoon_514: 181117 상암 역조공 #언더나인틴 #신예찬 \n\n예찬이 눈에 별박았나봐 너무 예뻐 💛🧡🌟💫✨ https://t.co/iw9F7cMgOm",
  "date": "Sun Dec 16 22:00:32 +0000 2018",
  "retweets": 30,
  "favorites": 0,
  "mentions": [
    {
      "screen_name": "Bluemoon_514",
      "name": "푸른달🌙",
      "id": 1064160425762160640,
      "id_str": "1064160425762160640",
      "indices": [
        3,
        16
      ]
    }
  ],
  "hashtags": [
    {
      "text": "언더나인틴",
      "indices": [
        32,
        38
      ]
    },
    {
      "text": "신예찬",
      "indices": [
        39,
        43
      ]
    }
  ],
  "geo": null
},{
  "id": "1074424026934665217",
  "permalink": "",
  "username": "예잘",
  "text": "RT @Bluemoon_514: 181117 상암 역조공 #언더나인틴 #신예찬 \n\n예쁜 예찬이 안녕 🥰👋 https://t.co/LcEWEd29xA",
  "date": "Sun Dec 16 22:00:24 +0000 2018",
  "retweets": 37,
  "favorites": 0,
  "mentions": [
    {
      "screen_name": "Bluemoon_514",
      "name": "푸른달🌙",
      "id": 1064160425762160640,
      "id_str": "1064160425762160640",
      "indices": [
        3,
        16
      ]
    }
  ],
  "hashtags": [
    {
      "text": "언더나인틴",
      "indices": [
        32,
        38
      ]
    },
    {
      "text": "신예찬",
      "indices": [
        39,
        43
      ]
    }
  ],
  "geo": null
},{
  "id": "1074419543483633664",
  "permalink": "",
  "username": "#EXO #LoveShot #언더나인틴",
  "text": "RT @MBC_Under19: [김신영의 TMI/선공개] 이예찬 캐리어 속에 들어있는 잇템!\n\nhttps://t.co/EPESAhqv9S\n\n#MBC #언더나인틴 #UNDERNINETEEN",
  "date": "Sun Dec 16 21:42:35 +0000 2018",
  "retweets": 135,
  "favorites": 0,
  "mentions": [
    {
      "screen_name": "MBC_Under19",
      "name": "MBC 언더나인틴",
      "id": 1042612844108238848,
      "id_str": "1042612844108238848",
      "indices": [
        3,
        15
      ]
    }
  ],
  "hashtags": [
    {
      "text": "MBC",
      "indices": [
        78,
        82
      ]
    },
    {
      "text": "언더나인틴",
      "indices": [
        83,
        89
      ]
    },
    {
      "text": "UNDERNINETEEN",
      "indices": [
        90,
        104
      ]
    }
  ],
  "geo": null
},{
  "id": "1074414834798624768",
  "permalink": "",
  "username": "뉴스공장",
  "text": "강기정 돌직구 [ 나경원 예찬 ] 진성호 개박살! [ 나경원은 친박 등에 탄 독! ] 나경원은 부지런하고, 꽃길만 걷지않았고 [ ... https://t.co/KMZoSutj60 @YouTube 님이 공유",
  "date": "Sun Dec 16 21:23:52 +0000 2018",
  "retweets": 0,
  "favorites": 0,
  "mentions": [
    {
      "screen_name": "YouTube",
      "name": "YouTube",
      "id": 10228272,
      "id_str": "10228272",
      "indices": [
        100,
        108
      ]
    }
  ],
  "hashtags": [],
  "geo": null
},{
  "id": "1074410140114120704",
  "permalink": "",
  "username": "talya ☼",
  "text": "RT @Bluemoon_514: 181117 상암 역조공 #언더나인틴 #신예찬 \n\n예쁜 예찬이 안녕 🥰👋 https://t.co/LcEWEd29xA",
  "date": "Sun Dec 16 21:05:13 +0000 2018",
  "retweets": 37,
  "favorites": 0,
  "mentions": [
    {
      "screen_name": "Bluemoon_514",
      "name": "푸른달🌙",
      "id": 1064160425762160640,
      "id_str": "1064160425762160640",
      "indices": [
        3,
        16
      ]
    }
  ],
  "hashtags": [
    {
      "text": "언더나인틴",
      "indices": [
        32,
        38
      ]
    },
    {
      "text": "신예찬",
      "indices": [
        39,
        43
      ]
    }
  ],
  "geo": null
},{
  "id": "1074407260774793216",
  "permalink": "",
  "username": "bucinnya junhyuk",
  "text": "RT @Bluemoon_514: 181117 상암 역조공 #언더나인틴 #신예찬 \n\n예찬이 눈에 별박았나봐 너무 예뻐 💛🧡🌟💫✨ https://t.co/iw9F7cMgOm",
  "date": "Sun Dec 16 20:53:47 +0000 2018",
  "retweets": 30,
  "favorites": 0,
  "mentions": [
    {
      "screen_name": "Bluemoon_514",
      "name": "푸른달🌙",
      "id": 1064160425762160640,
      "id_str": "1064160425762160640",
      "indices": [
        3,
        16
      ]
    }
  ],
  "hashtags": [
    {
      "text": "언더나인틴",
      "indices": [
        32,
        38
      ]
    },
    {
      "text": "신예찬",
      "indices": [
        39,
        43
      ]
    }
  ],
  "geo": null
},{
  "id": "1074407210199932928",
  "permalink": "",
  "username": "bucinnya junhyuk",
  "text": "RT @Bluemoon_514: 181117 상암 역조공 #언더나인틴 #신예찬 \n\n예쁜 예찬이 안녕 🥰👋 https://t.co/LcEWEd29xA",
  "date": "Sun Dec 16 20:53:35 +0000 2018",
  "retweets": 37,
  "favorites": 0,
  "mentions": [
    {
      "screen_name": "Bluemoon_514",
      "name": "푸른달🌙",
      "id": 1064160425762160640,
      "id_str": "1064160425762160640",
      "indices": [
        3,
        16
      ]
    }
  ],
  "hashtags": [
    {
      "text": "언더나인틴",
      "indices": [
        32,
        38
      ]
    },
    {
      "text": "신예찬",
      "indices": [
        39,
        43
      ]
    }
  ],
  "geo": null
},{
  "id": "1074406054006419456",
  "permalink": "",
  "username": "arc",
  "text": "RT @Bluemoon_514: 181117 상암 역조공 #언더나인틴 #신예찬 \n\n예찬이 눈에 별박았나봐 너무 예뻐 💛🧡🌟💫✨ https://t.co/iw9F7cMgOm",
  "date": "Sun Dec 16 20:48:59 +0000 2018",
  "retweets": 30,
  "favorites": 0,
  "mentions": [
    {
      "screen_name": "Bluemoon_514",
      "name": "푸른달🌙",
      "id": 1064160425762160640,
      "id_str": "1064160425762160640",
      "indices": [
        3,
        16
      ]
    }
  ],
  "hashtags": [
    {
      "text": "언더나인틴",
      "indices": [
        32,
        38
      ]
    },
    {
      "text": "신예찬",
      "indices": [
        39,
        43
      ]
    }
  ],
  "geo": null
},{
  "id": "1074404251852361728",
  "permalink": "",
  "username": "arc",
  "text": "RT @Bluemoon_514: 181117 상암 역조공 #언더나인틴 #신예찬 \n\n예쁜 예찬이 안녕 🥰👋 https://t.co/LcEWEd29xA",
  "date": "Sun Dec 16 20:41:49 +0000 2018",
  "retweets": 37,
  "favorites": 0,
  "mentions": [
    {
      "screen_name": "Bluemoon_514",
      "name": "푸른달🌙",
      "id": 1064160425762160640,
      "id_str": "1064160425762160640",
      "indices": [
        3,
        16
      ]
    }
  ],
  "hashtags": [
    {
      "text": "언더나인틴",
      "indices": [
        32,
        38
      ]
    },
    {
      "text": "신예찬",
      "indices": [
        39,
        43
      ]
    }
  ],
  "geo": null
},{
  "id": "1074395285390950400",
  "permalink": "",
  "username": "＊しまりす🐿️다람쥐🐿️chipmunk＊",
  "text": "RT @Bluemoon_514: 181117 상암 역조공 #언더나인틴 #신예찬 \n\n예쁜 예찬이 안녕 🥰👋 https://t.co/LcEWEd29xA",
  "date": "Sun Dec 16 20:06:11 +0000 2018",
  "retweets": 37,
  "favorites": 0,
  "mentions": [
    {
      "screen_name": "Bluemoon_514",
      "name": "푸른달🌙",
      "id": 1064160425762160640,
      "id_str": "1064160425762160640",
      "indices": [
        3,
        16
      ]
    }
  ],
  "hashtags": [
    {
      "text": "언더나인틴",
      "indices": [
        32,
        38
      ]
    },
    {
      "text": "신예찬",
      "indices": [
        39,
        43
      ]
    }
  ],
  "geo": null
},{
  "id": "1074389707864330241",
  "permalink": "",
  "username": "sam ♡s 성호",
  "text": "RT @Bluemoon_514: 181117 상암 역조공 #언더나인틴 #신예찬 \n\n예찬이 눈에 별박았나봐 너무 예뻐 💛🧡🌟💫✨ https://t.co/iw9F7cMgOm",
  "date": "Sun Dec 16 19:44:02 +0000 2018",
  "retweets": 30,
  "favorites": 0,
  "mentions": [
    {
      "screen_name": "Bluemoon_514",
      "name": "푸른달🌙",
      "id": 1064160425762160640,
      "id_str": "1064160425762160640",
      "indices": [
        3,
        16
      ]
    }
  ],
  "hashtags": [
    {
      "text": "언더나인틴",
      "indices": [
        32,
        38
      ]
    },
    {
      "text": "신예찬",
      "indices": [
        39,
        43
      ]
    }
  ],
  "geo": null
},{
  "id": "1074389601014374402",
  "permalink": "",
  "username": "나",
  "text": "예찬하는 작화도 난 정말 별로인 게, 다리 휘청휘청 흐물흐물 과장된 움직임이 사람을 사람같지 않게 그리는 게 기분 더러움. 빙과도 작화 때문에 본 거 절대로 아니고 노림수가 노골적이라 기분 나쁠 때가 많았음… https://t.co/w1ECbSLeXS",
  "date": "Sun Dec 16 19:43:36 +0000 2018",
  "retweets": 0,
  "favorites": 0,
  "mentions": [],
  "hashtags": [],
  "geo": null
},{
  "id": "1074389498392244224",
  "permalink": "",
  "username": "win 👼🏻 예창이",
  "text": "RT @Bluemoon_514: 181117 상암 역조공 #언더나인틴 #신예찬 \n\n예찬이 눈에 별박았나봐 너무 예뻐 💛🧡🌟💫✨ https://t.co/iw9F7cMgOm",
  "date": "Sun Dec 16 19:43:12 +0000 2018",
  "retweets": 30,
  "favorites": 0,
  "mentions": [
    {
      "screen_name": "Bluemoon_514",
      "name": "푸른달🌙",
      "id": 1064160425762160640,
      "id_str": "1064160425762160640",
      "indices": [
        3,
        16
      ]
    }
  ],
  "hashtags": [
    {
      "text": "언더나인틴",
      "indices": [
        32,
        38
      ]
    },
    {
      "text": "신예찬",
      "indices": [
        39,
        43
      ]
    }
  ],
  "geo": null
},{
  "id": "1074388661486051328",
  "permalink": "",
  "username": "Rey",
  "text": "RT @Bluemoon_514: 181117 상암 역조공 #언더나인틴 #신예찬 \n\n예쁜 예찬이 안녕 🥰👋 https://t.co/LcEWEd29xA",
  "date": "Sun Dec 16 19:39:52 +0000 2018",
  "retweets": 37,
  "favorites": 0,
  "mentions": [
    {
      "screen_name": "Bluemoon_514",
      "name": "푸른달🌙",
      "id": 1064160425762160640,
      "id_str": "1064160425762160640",
      "indices": [
        3,
        16
      ]
    }
  ],
  "hashtags": [
    {
      "text": "언더나인틴",
      "indices": [
        32,
        38
      ]
    },
    {
      "text": "신예찬",
      "indices": [
        39,
        43
      ]
    }
  ],
  "geo": null
},{
  "id": "1074382214673117191",
  "permalink": "",
  "username": "ً",
  "text": "RT @jjonu__: 우리 사랑스러운 아가들\n예찬이 (๑•́ ₃ •̀๑) 준혁이 https://t.co/0y2PplcERO",
  "date": "Sun Dec 16 19:14:15 +0000 2018",
  "retweets": 13,
  "favorites": 0,
  "mentions": [
    {
      "screen_name": "jjonu__",
      "name": "ㅈㅈ",
      "id": 1072714238072807424,
      "id_str": "1072714238072807424",
      "indices": [
        3,
        11
      ]
    }
  ],
  "hashtags": [],
  "geo": null
},{
  "id": "1074376974351720448",
  "permalink": "",
  "username": "예찬",
  "text": "RT @Bluemoon_514: 181117 상암 역조공 #언더나인틴 #신예찬 \n\n예쁜 예찬이 안녕 🥰👋 https://t.co/LcEWEd29xA",
  "date": "Sun Dec 16 18:53:26 +0000 2018",
  "retweets": 37,
  "favorites": 0,
  "mentions": [
    {
      "screen_name": "Bluemoon_514",
      "name": "푸른달🌙",
      "id": 1064160425762160640,
      "id_str": "1064160425762160640",
      "indices": [
        3,
        16
      ]
    }
  ],
  "hashtags": [
    {
      "text": "언더나인틴",
      "indices": [
        32,
        38
      ]
    },
    {
      "text": "신예찬",
      "indices": [
        39,
        43
      ]
    }
  ],
  "geo": null
},{
  "id": "1074376928583389185",
  "permalink": "",
  "username": "예찬",
  "text": "RT @Bluemoon_514: 181117 상암 역조공 #언더나인틴 #신예찬 \n\n예찬이 눈에 별박았나봐 너무 예뻐 💛🧡🌟💫✨ https://t.co/iw9F7cMgOm",
  "date": "Sun Dec 16 18:53:15 +0000 2018",
  "retweets": 30,
  "favorites": 0,
  "mentions": [
    {
      "screen_name": "Bluemoon_514",
      "name": "푸른달🌙",
      "id": 1064160425762160640,
      "id_str": "1064160425762160640",
      "indices": [
        3,
        16
      ]
    }
  ],
  "hashtags": [
    {
      "text": "언더나인틴",
      "indices": [
        32,
        38
      ]
    },
    {
      "text": "신예찬",
      "indices": [
        39,
        43
      ]
    }
  ],
  "geo": null
},{
  "id": "1074376675322785793",
  "permalink": "",
  "username": "정이트",
  "text": "예찬아 눈이 다 환해진다",
  "date": "Sun Dec 16 18:52:15 +0000 2018",
  "retweets": 0,
  "favorites": 0,
  "mentions": [],
  "hashtags": [],
  "geo": null
},{
  "id": "1074376641084833792",
  "permalink": "",
  "username": "예찬",
  "text": "RT @yechan0514: 181117 상암 역조공 이벤트 \n\n보정알못 메이가 예쁜 예찬이 다 같이 보겠다구 이렇게 올리네요😅 예찬이 미모가 다 캐리 했다😢❤ 예찬아 지금처럼 열심히 좋은 무대 하면서 꼭 데뷔하자 아이돌 신예찬 응원 많이 많이 할게…",
  "date": "Sun Dec 16 18:52:06 +0000 2018",
  "retweets": 30,
  "favorites": 0,
  "mentions": [
    {
      "screen_name": "yechan0514",
      "name": "May💙",
      "id": 1061852850504949760,
      "id_str": "1061852850504949760",
      "indices": [
        3,
        14
      ]
    }
  ],
  "hashtags": [],
  "geo": null
},{
  "id": "1074376598768345088",
  "permalink": "",
  "username": "정이트",
  "text": "RT @Bluemoon_514: 181117 상암 역조공 #언더나인틴 #신예찬 \n\n예쁜 예찬이 안녕 🥰👋 https://t.co/LcEWEd29xA",
  "date": "Sun Dec 16 18:51:56 +0000 2018",
  "retweets": 37,
  "favorites": 0,
  "mentions": [
    {
      "screen_name": "Bluemoon_514",
      "name": "푸른달🌙",
      "id": 1064160425762160640,
      "id_str": "1064160425762160640",
      "indices": [
        3,
        16
      ]
    }
  ],
  "hashtags": [
    {
      "text": "언더나인틴",
      "indices": [
        32,
        38
      ]
    },
    {
      "text": "신예찬",
      "indices": [
        39,
        43
      ]
    }
  ],
  "geo": null
},{
  "id": "1074375270486941697",
  "permalink": "",
  "username": "bang junhyuk pics",
  "text": "RT @MBC_entertain: 귀여운 예찬이를 귀여워 하는 준혁&amp;택현이도 귀여워 🤦‍♀️\n인싸 아이템까지 준비한 예찬이! 🐰\n#김신영의_TMI 오늘 밤 8시 45분\n\n#언더나인틴 #예비돌 #정택현 #방준혁 #이예찬 https://t.co/L3JF…",
  "date": "Sun Dec 16 18:46:40 +0000 2018",
  "retweets": 135,
  "favorites": 0,
  "mentions": [
    {
      "screen_name": "MBC_entertain",
      "name": "MBC예능연구소",
      "id": 4144012572,
      "id_str": "4144012572",
      "indices": [
        3,
        17
      ]
    }
  ],
  "hashtags": [
    {
      "text": "김신영의_TMI",
      "indices": [
        76,
        85
      ]
    },
    {
      "text": "언더나인틴",
      "indices": [
        99,
        105
      ]
    },
    {
      "text": "예비돌",
      "indices": [
        106,
        110
      ]
    },
    {
      "text": "정택현",
      "indices": [
        111,
        115
      ]
    },
    {
      "text": "방준혁",
      "indices": [
        116,
        120
      ]
    },
    {
      "text": "이예찬",
      "indices": [
        121,
        125
      ]
    }
  ],
  "geo": null
},{
  "id": "1074373717969448960",
  "permalink": "",
  "username": "hana loves junhyuk ❤️",
  "text": "RT @Bluemoon_514: 181117 상암 역조공 #언더나인틴 #신예찬 \n\n예쁜 예찬이 안녕 🥰👋 https://t.co/LcEWEd29xA",
  "date": "Sun Dec 16 18:40:29 +0000 2018",
  "retweets": 37,
  "favorites": 0,
  "mentions": [
    {
      "screen_name": "Bluemoon_514",
      "name": "푸른달🌙",
      "id": 1064160425762160640,
      "id_str": "1064160425762160640",
      "indices": [
        3,
        16
      ]
    }
  ],
  "hashtags": [
    {
      "text": "언더나인틴",
      "indices": [
        32,
        38
      ]
    },
    {
      "text": "신예찬",
      "indices": [
        39,
        43
      ]
    }
  ],
  "geo": null
},{
  "id": "1074373612390371328",
  "permalink": "",
  "username": "스윗뇽하",
  "text": "RT @uknow_th: 순위 올려야할 고정픽\n\n김영석 14위\n장루이 14위\n박진오 12위\n이예찬 11위\n정택현 10위",
  "date": "Sun Dec 16 18:40:04 +0000 2018",
  "retweets": 9,
  "favorites": 0,
  "mentions": [
    {
      "screen_name": "uknow_th",
      "name": "[퉆링크프로필] 택현이 아라?🤷🏻‍♂️",
      "id": 1023434457296994304,
      "id_str": "1023434457296994304",
      "indices": [
        3,
        12
      ]
    }
  ],
  "hashtags": [],
  "geo": null
},{
  "id": "1074371903068897280",
  "permalink": "",
  "username": "유메",
  "text": "RT @Bluemoon_514: 181117 상암 역조공 #언더나인틴 #신예찬 \n\n예쁜 예찬이 안녕 🥰👋 https://t.co/LcEWEd29xA",
  "date": "Sun Dec 16 18:33:17 +0000 2018",
  "retweets": 37,
  "favorites": 0,
  "mentions": [
    {
      "screen_name": "Bluemoon_514",
      "name": "푸른달🌙",
      "id": 1064160425762160640,
      "id_str": "1064160425762160640",
      "indices": [
        3,
        16
      ]
    }
  ],
  "hashtags": [
    {
      "text": "언더나인틴",
      "indices": [
        32,
        38
      ]
    },
    {
      "text": "신예찬",
      "indices": [
        39,
        43
      ]
    }
  ],
  "geo": null
},{
  "id": "1074371485425229824",
  "permalink": "",
  "username": "ⓣⓐⓡⓝ",
  "text": "RT @Bluemoon_514: 181117 상암 역조공 #언더나인틴 #신예찬 \n\n예찬이 눈에 별박았나봐 너무 예뻐 💛🧡🌟💫✨ https://t.co/iw9F7cMgOm",
  "date": "Sun Dec 16 18:31:37 +0000 2018",
  "retweets": 30,
  "favorites": 0,
  "mentions": [
    {
      "screen_name": "Bluemoon_514",
      "name": "푸른달🌙",
      "id": 1064160425762160640,
      "id_str": "1064160425762160640",
      "indices": [
        3,
        16
      ]
    }
  ],
  "hashtags": [
    {
      "text": "언더나인틴",
      "indices": [
        32,
        38
      ]
    },
    {
      "text": "신예찬",
      "indices": [
        39,
        43
      ]
    }
  ],
  "geo": null
},{
  "id": "1074371230692794368",
  "permalink": "",
  "username": "yana 💌 sungwon !!!",
  "text": "RT @jsjsj136: #언더나인틴 #신예찬 \n\n예찬이 춤 추는 거 언제 찍었더라...? https://t.co/igC9JaUjoj",
  "date": "Sun Dec 16 18:30:36 +0000 2018",
  "retweets": 14,
  "favorites": 0,
  "mentions": [
    {
      "screen_name": "jsjsj136",
      "name": "옅은 홍조",
      "id": 1045950780295995392,
      "id_str": "1045950780295995392",
      "indices": [
        3,
        12
      ]
    }
  ],
  "hashtags": [
    {
      "text": "언더나인틴",
      "indices": [
        14,
        20
      ]
    },
    {
      "text": "신예찬",
      "indices": [
        21,
        25
      ]
    }
  ],
  "geo": null
},{
  "id": "1074369118831169536",
  "permalink": "",
  "username": "•Sof•",
  "text": "RT @MBC_Under19: [김신영의 TMI/선공개] 이예찬 캐리어 속에 들어있는 잇템!\n\nhttps://t.co/EPESAhqv9S\n\n#MBC #언더나인틴 #UNDERNINETEEN",
  "date": "Sun Dec 16 18:22:13 +0000 2018",
  "retweets": 135,
  "favorites": 0,
  "mentions": [
    {
      "screen_name": "MBC_Under19",
      "name": "MBC 언더나인틴",
      "id": 1042612844108238848,
      "id_str": "1042612844108238848",
      "indices": [
        3,
        15
      ]
    }
  ],
  "hashtags": [
    {
      "text": "MBC",
      "indices": [
        78,
        82
      ]
    },
    {
      "text": "언더나인틴",
      "indices": [
        83,
        89
      ]
    },
    {
      "text": "UNDERNINETEEN",
      "indices": [
        90,
        104
      ]
    }
  ],
  "geo": null
},{
  "id": "1074368693717463040",
  "permalink": "",
  "username": "bia",
  "text": "RT @ye_chan04: 픽 남으신 분들 랩팀 👉🏻이예찬👈🏻 투표 한번씩만 부탁 드려요🥺💝\n#언더나인틴 #이예찬 #예찬살려 https://t.co/kpuq1Z1Gry",
  "date": "Sun Dec 16 18:20:32 +0000 2018",
  "retweets": 11,
  "favorites": 0,
  "mentions": [
    {
      "screen_name": "ye_chan04",
      "name": "🐤ZERO",
      "id": 1061119762502057984,
      "id_str": "1061119762502057984",
      "indices": [
        3,
        13
      ]
    }
  ],
  "hashtags": [
    {
      "text": "언더나인틴",
      "indices": [
        52,
        58
      ]
    },
    {
      "text": "이예찬",
      "indices": [
        59,
        63
      ]
    },
    {
      "text": "예찬살려",
      "indices": [
        64,
        69
      ]
    }
  ],
  "geo": null
},{
  "id": "1074364092268240897",
  "permalink": "",
  "username": "🍤젬스패트는 클스마스가 100일🦐리틀언데드",
  "text": "@kii_sik 오디랑 미식예찬간다!!!! 배경이 일본인데요 여행 함땡기던가 일본에 있던 오디랑 함 마주칠까요 (이렇게 일정을 잡고) 이거 타이만이고 식인소재 나와요",
  "date": "Sun Dec 16 18:02:14 +0000 2018",
  "retweets": 0,
  "favorites": 0,
  "mentions": [
    {
      "screen_name": "kii_sik",
      "name": "주말은 키들의 합작이라며 바보야!",
      "id": 939863415123722240,
      "id_str": "939863415123722240",
      "indices": [
        0,
        8
      ]
    }
  ],
  "hashtags": [],
  "geo": null
},{
  "id": "1074363944603512832",
  "permalink": "",
  "username": "PPiinnkkyy",
  "text": "RT @Bluemoon_514: 181117 상암 역조공 #언더나인틴 #신예찬 \n\n예쁜 예찬이 안녕 🥰👋 https://t.co/LcEWEd29xA",
  "date": "Sun Dec 16 18:01:39 +0000 2018",
  "retweets": 37,
  "favorites": 0,
  "mentions": [
    {
      "screen_name": "Bluemoon_514",
      "name": "푸른달🌙",
      "id": 1064160425762160640,
      "id_str": "1064160425762160640",
      "indices": [
        3,
        16
      ]
    }
  ],
  "hashtags": [
    {
      "text": "언더나인틴",
      "indices": [
        32,
        38
      ]
    },
    {
      "text": "신예찬",
      "indices": [
        39,
        43
      ]
    }
  ],
  "geo": null
},{
  "id": "1074363920540852224",
  "permalink": "",
  "username": "PPiinnkkyy",
  "text": "RT @Bluemoon_514: 181117 상암 역조공 #언더나인틴 #신예찬 \n\n예찬이 눈에 별박았나봐 너무 예뻐 💛🧡🌟💫✨ https://t.co/iw9F7cMgOm",
  "date": "Sun Dec 16 18:01:34 +0000 2018",
  "retweets": 30,
  "favorites": 0,
  "mentions": [
    {
      "screen_name": "Bluemoon_514",
      "name": "푸른달🌙",
      "id": 1064160425762160640,
      "id_str": "1064160425762160640",
      "indices": [
        3,
        16
      ]
    }
  ],
  "hashtags": [
    {
      "text": "언더나인틴",
      "indices": [
        32,
        38
      ]
    },
    {
      "text": "신예찬",
      "indices": [
        39,
        43
      ]
    }
  ],
  "geo": null
},{
  "id": "1074363463818895360",
  "permalink": "",
  "username": "김토깽",
  "text": "큰예찬이.....누너예도 보고싶네요",
  "date": "Sun Dec 16 17:59:45 +0000 2018",
  "retweets": 0,
  "favorites": 0,
  "mentions": [],
  "hashtags": [],
  "geo": null
},{
  "id": "1074358546387558400",
  "permalink": "",
  "username": "bia",
  "text": "RT @Bluemoon_514: 181117 상암 역조공 #언더나인틴 #신예찬 \n\n예쁜 예찬이 안녕 🥰👋 https://t.co/LcEWEd29xA",
  "date": "Sun Dec 16 17:40:12 +0000 2018",
  "retweets": 37,
  "favorites": 0,
  "mentions": [
    {
      "screen_name": "Bluemoon_514",
      "name": "푸른달🌙",
      "id": 1064160425762160640,
      "id_str": "1064160425762160640",
      "indices": [
        3,
        16
      ]
    }
  ],
  "hashtags": [
    {
      "text": "언더나인틴",
      "indices": [
        32,
        38
      ]
    },
    {
      "text": "신예찬",
      "indices": [
        39,
        43
      ]
    }
  ],
  "geo": null
},{
  "id": "1074358535339749376",
  "permalink": "",
  "username": "bia",
  "text": "RT @Bluemoon_514: 181117 상암 역조공 #언더나인틴 #신예찬 \n\n예찬이 눈에 별박았나봐 너무 예뻐 💛🧡🌟💫✨ https://t.co/iw9F7cMgOm",
  "date": "Sun Dec 16 17:40:10 +0000 2018",
  "retweets": 30,
  "favorites": 0,
  "mentions": [
    {
      "screen_name": "Bluemoon_514",
      "name": "푸른달🌙",
      "id": 1064160425762160640,
      "id_str": "1064160425762160640",
      "indices": [
        3,
        16
      ]
    }
  ],
  "hashtags": [
    {
      "text": "언더나인틴",
      "indices": [
        32,
        38
      ]
    },
    {
      "text": "신예찬",
      "indices": [
        39,
        43
      ]
    }
  ],
  "geo": null
},{
  "id": "1074355740150616064",
  "permalink": "",
  "username": "un성콘 어떤날어떤자리든👉👉시바",
  "text": "@blacktea_Latte_ ㅋㅋㅋㅋㅋㄱㅋㅋㄱㅋㅋㅋㄱㅋㅋ샘 바루 그런맛에 자첫후기 보는거예오~!~!!!((( ㅋㅋㅋㄱㅋㅋㅋㅋㅋㅋ샘 저가 예상하는데 초반엔 끄아앙이게모야하시다 점점 밍징미모 예찬하시게될ㄹ것,,,,",
  "date": "Sun Dec 16 17:29:03 +0000 2018",
  "retweets": 0,
  "favorites": 0,
  "mentions": [
    {
      "screen_name": "blacktea_Latte_",
      "name": "Un셩 21밤 구합니다... 𝓛𝓪𝓽𝓽𝓮🍓",
      "id": 1048412265962074112,
      "id_str": "1048412265962074112",
      "indices": [
        0,
        16
      ]
    }
  ],
  "hashtags": [],
  "geo": null
},{
  "id": "1074353909613789184",
  "permalink": "",
  "username": "vi",
  "text": "RT @MBC_entertain: 귀여운 예찬이를 귀여워 하는 준혁&amp;택현이도 귀여워 🤦‍♀️\n인싸 아이템까지 준비한 예찬이! 🐰\n#김신영의_TMI 오늘 밤 8시 45분\n\n#언더나인틴 #예비돌 #정택현 #방준혁 #이예찬 https://t.co/L3JF…",
  "date": "Sun Dec 16 17:21:47 +0000 2018",
  "retweets": 135,
  "favorites": 0,
  "mentions": [
    {
      "screen_name": "MBC_entertain",
      "name": "MBC예능연구소",
      "id": 4144012572,
      "id_str": "4144012572",
      "indices": [
        3,
        17
      ]
    }
  ],
  "hashtags": [
    {
      "text": "김신영의_TMI",
      "indices": [
        76,
        85
      ]
    },
    {
      "text": "언더나인틴",
      "indices": [
        99,
        105
      ]
    },
    {
      "text": "예비돌",
      "indices": [
        106,
        110
      ]
    },
    {
      "text": "정택현",
      "indices": [
        111,
        115
      ]
    },
    {
      "text": "방준혁",
      "indices": [
        116,
        120
      ]
    },
    {
      "text": "이예찬",
      "indices": [
        121,
        125
      ]
    }
  ],
  "geo": null
},{
  "id": "1074353809734815744",
  "permalink": "",
  "username": "Alikha Oktaryana🍑",
  "text": "RT @Bluemoon_514: 181117 상암 역조공 #언더나인틴 #신예찬 \n\n예쁜 예찬이 안녕 🥰👋 https://t.co/LcEWEd29xA",
  "date": "Sun Dec 16 17:21:23 +0000 2018",
  "retweets": 37,
  "favorites": 0,
  "mentions": [
    {
      "screen_name": "Bluemoon_514",
      "name": "푸른달🌙",
      "id": 1064160425762160640,
      "id_str": "1064160425762160640",
      "indices": [
        3,
        16
      ]
    }
  ],
  "hashtags": [
    {
      "text": "언더나인틴",
      "indices": [
        32,
        38
      ]
    },
    {
      "text": "신예찬",
      "indices": [
        39,
        43
      ]
    }
  ],
  "geo": null
},{
  "id": "1074351669553487872",
  "permalink": "",
  "username": "P.P",
  "text": "ㅇㅏ기 예찬이에겐 너무 버거운 조별과제에여,,,,아동학대로 신고하자",
  "date": "Sun Dec 16 17:12:53 +0000 2018",
  "retweets": 0,
  "favorites": 0,
  "mentions": [],
  "hashtags": [],
  "geo": null
},{
  "id": "1074351497234640896",
  "permalink": "",
  "username": "Baek Yebin's cheek enthusiast",
  "text": "RT @Bluemoon_514: 181117 상암 역조공 #언더나인틴 #신예찬 \n\n예쁜 예찬이 안녕 🥰👋 https://t.co/LcEWEd29xA",
  "date": "Sun Dec 16 17:12:12 +0000 2018",
  "retweets": 37,
  "favorites": 0,
  "mentions": [
    {
      "screen_name": "Bluemoon_514",
      "name": "푸른달🌙",
      "id": 1064160425762160640,
      "id_str": "1064160425762160640",
      "indices": [
        3,
        16
      ]
    }
  ],
  "hashtags": [
    {
      "text": "언더나인틴",
      "indices": [
        32,
        38
      ]
    },
    {
      "text": "신예찬",
      "indices": [
        39,
        43
      ]
    }
  ],
  "geo": null
},{
  "id": "1074351389881511936",
  "permalink": "",
  "username": "허니버터찬",
  "text": "RT @Bluemoon_514: 181117 상암 역조공 #언더나인틴 #신예찬 \n\n예쁜 예찬이 안녕 🥰👋 https://t.co/LcEWEd29xA",
  "date": "Sun Dec 16 17:11:46 +0000 2018",
  "retweets": 37,
  "favorites": 0,
  "mentions": [
    {
      "screen_name": "Bluemoon_514",
      "name": "푸른달🌙",
      "id": 1064160425762160640,
      "id_str": "1064160425762160640",
      "indices": [
        3,
        16
      ]
    }
  ],
  "hashtags": [
    {
      "text": "언더나인틴",
      "indices": [
        32,
        38
      ]
    },
    {
      "text": "신예찬",
      "indices": [
        39,
        43
      ]
    }
  ],
  "geo": null
},{
  "id": "1074350474281725953",
  "permalink": "",
  "username": "ً",
  "text": "RT @MBC_entertain: 귀여운 예찬이를 귀여워 하는 준혁&amp;택현이도 귀여워 🤦‍♀️\n인싸 아이템까지 준비한 예찬이! 🐰\n#김신영의_TMI 오늘 밤 8시 45분\n\n#언더나인틴 #예비돌 #정택현 #방준혁 #이예찬 https://t.co/L3JF…",
  "date": "Sun Dec 16 17:08:08 +0000 2018",
  "retweets": 135,
  "favorites": 0,
  "mentions": [
    {
      "screen_name": "MBC_entertain",
      "name": "MBC예능연구소",
      "id": 4144012572,
      "id_str": "4144012572",
      "indices": [
        3,
        17
      ]
    }
  ],
  "hashtags": [
    {
      "text": "김신영의_TMI",
      "indices": [
        76,
        85
      ]
    },
    {
      "text": "언더나인틴",
      "indices": [
        99,
        105
      ]
    },
    {
      "text": "예비돌",
      "indices": [
        106,
        110
      ]
    },
    {
      "text": "정택현",
      "indices": [
        111,
        115
      ]
    },
    {
      "text": "방준혁",
      "indices": [
        116,
        120
      ]
    },
    {
      "text": "이예찬",
      "indices": [
        121,
        125
      ]
    }
  ],
  "geo": null
},{
  "id": "1074349656274956289",
  "permalink": "",
  "username": "유메✨",
  "text": "RT @Bluemoon_514: 181117 상암 역조공 #언더나인틴 #신예찬 \n\n예찬이 눈에 별박았나봐 너무 예뻐 💛🧡🌟💫✨ https://t.co/iw9F7cMgOm",
  "date": "Sun Dec 16 17:04:53 +0000 2018",
  "retweets": 30,
  "favorites": 0,
  "mentions": [
    {
      "screen_name": "Bluemoon_514",
      "name": "푸른달🌙",
      "id": 1064160425762160640,
      "id_str": "1064160425762160640",
      "indices": [
        3,
        16
      ]
    }
  ],
  "hashtags": [
    {
      "text": "언더나인틴",
      "indices": [
        32,
        38
      ]
    },
    {
      "text": "신예찬",
      "indices": [
        39,
        43
      ]
    }
  ],
  "geo": null
},{
  "id": "1074348706969772033",
  "permalink": "",
  "username": "프에르",
  "text": "저런 트윗이 더짜증남... 생태학하는 입장에서 너무 짜증난다. 뭐 기사에서 고양이 다 잡아족쳐야된다 한것도아니고 고양이가 생태계내에서 미치는 타 생물들에대한 교란 영향력이 얼마나큰데 .. 보면 저런 고양이예… https://t.co/i0g9V1wEye",
  "date": "Sun Dec 16 17:01:06 +0000 2018",
  "retweets": 0,
  "favorites": 1,
  "mentions": [],
  "hashtags": [],
  "geo": null
},{
  "id": "1074347198211514369",
  "permalink": "",
  "username": "ทัมมิ้",
  "text": "RT @h_2min: 성원이한테 방송분량이 계속 이렇게 많이 해주시면 정말 감사해요.. 근데 예찬이도요 제발 엠비씨...\n\n#박성원 #성원 #언더나인틴 #undernineteen #under19 #parksungwon #sungwon https://…",
  "date": "Sun Dec 16 16:55:07 +0000 2018",
  "retweets": 7,
  "favorites": 0,
  "mentions": [
    {
      "screen_name": "h_2min",
      "name": "갓예찬0514",
      "id": 4533514032,
      "id_str": "4533514032",
      "indices": [
        3,
        10
      ]
    }
  ],
  "hashtags": [
    {
      "text": "박성원",
      "indices": [
        69,
        73
      ]
    },
    {
      "text": "성원",
      "indices": [
        74,
        77
      ]
    },
    {
      "text": "언더나인틴",
      "indices": [
        78,
        84
      ]
    },
    {
      "text": "undernineteen",
      "indices": [
        85,
        99
      ]
    },
    {
      "text": "under19",
      "indices": [
        100,
        108
      ]
    },
    {
      "text": "parksungwon",
      "indices": [
        109,
        121
      ]
    },
    {
      "text": "sungwon",
      "indices": [
        122,
        130
      ]
    }
  ],
  "geo": null
},{
  "id": "1074346200860569600",
  "permalink": "",
  "username": "슈마일",
  "text": "@hoya048 그쵸... 어 근데 저희 어쩌다가 여기까지 왔..죸ㅋㅋㅋㅋ? 고시키 외모 얘기하다가 오이카와 성격이나 그런 행동 같은 거에 공감하고 예찬(? 하고 있네요..ㅋㅋㅋㅋ 아무튼 오이카와 꼭 행복해라.. 꼭.. 성인이 되면 누구보다 웃어..",
  "date": "Sun Dec 16 16:51:09 +0000 2018",
  "retweets": 0,
  "favorites": 1,
  "mentions": [
    {
      "screen_name": "hoya048",
      "name": "[메인]한라산에 올라가서 얏호 세상에서 제일 간지철철 예쁜 호얏밈 하다가 넘어져!!",
      "id": 1064138337030553601,
      "id_str": "1064138337030553601",
      "indices": [
        0,
        8
      ]
    }
  ],
  "hashtags": [],
  "geo": null
},{
  "id": "1074346111303860225",
  "permalink": "",
  "username": "𝕝𝕠𝕦𝕚𝕤𝕖",
  "text": "RT @Bluemoon_514: 181117 상암 역조공 #언더나인틴 #신예찬 \n\n예쁜 예찬이 안녕 🥰👋 https://t.co/LcEWEd29xA",
  "date": "Sun Dec 16 16:50:47 +0000 2018",
  "retweets": 37,
  "favorites": 0,
  "mentions": [
    {
      "screen_name": "Bluemoon_514",
      "name": "푸른달🌙",
      "id": 1064160425762160640,
      "id_str": "1064160425762160640",
      "indices": [
        3,
        16
      ]
    }
  ],
  "hashtags": [
    {
      "text": "언더나인틴",
      "indices": [
        32,
        38
      ]
    },
    {
      "text": "신예찬",
      "indices": [
        39,
        43
      ]
    }
  ],
  "geo": null
},{
  "id": "1074346100147003393",
  "permalink": "",
  "username": "𝕝𝕠𝕦𝕚𝕤𝕖",
  "text": "RT @Bluemoon_514: 181117 상암 역조공 #언더나인틴 #신예찬 \n\n예찬이 눈에 별박았나봐 너무 예뻐 💛🧡🌟💫✨ https://t.co/iw9F7cMgOm",
  "date": "Sun Dec 16 16:50:45 +0000 2018",
  "retweets": 30,
  "favorites": 0,
  "mentions": [
    {
      "screen_name": "Bluemoon_514",
      "name": "푸른달🌙",
      "id": 1064160425762160640,
      "id_str": "1064160425762160640",
      "indices": [
        3,
        16
      ]
    }
  ],
  "hashtags": [
    {
      "text": "언더나인틴",
      "indices": [
        32,
        38
      ]
    },
    {
      "text": "신예찬",
      "indices": [
        39,
        43
      ]
    }
  ],
  "geo": null
},{
  "id": "1074346009839292416",
  "permalink": "",
  "username": "아로니아",
  "text": "RT @Bluemoon_514: 181117 상암 역조공 #언더나인틴 #신예찬 \n\n예찬이 눈에 별박았나봐 너무 예뻐 💛🧡🌟💫✨ https://t.co/iw9F7cMgOm",
  "date": "Sun Dec 16 16:50:23 +0000 2018",
  "retweets": 30,
  "favorites": 0,
  "mentions": [
    {
      "screen_name": "Bluemoon_514",
      "name": "푸른달🌙",
      "id": 1064160425762160640,
      "id_str": "1064160425762160640",
      "indices": [
        3,
        16
      ]
    }
  ],
  "hashtags": [
    {
      "text": "언더나인틴",
      "indices": [
        32,
        38
      ]
    },
    {
      "text": "신예찬",
      "indices": [
        39,
        43
      ]
    }
  ],
  "geo": null
},{
  "id": "1074345855769993217",
  "permalink": "",
  "username": "백구",
  "text": "RT @Bluemoon_514: 181117 상암 역조공 #언더나인틴 #신예찬 \n\n예찬이 눈에 별박았나봐 너무 예뻐 💛🧡🌟💫✨ https://t.co/iw9F7cMgOm",
  "date": "Sun Dec 16 16:49:47 +0000 2018",
  "retweets": 30,
  "favorites": 0,
  "mentions": [
    {
      "screen_name": "Bluemoon_514",
      "name": "푸른달🌙",
      "id": 1064160425762160640,
      "id_str": "1064160425762160640",
      "indices": [
        3,
        16
      ]
    }
  ],
  "hashtags": [
    {
      "text": "언더나인틴",
      "indices": [
        32,
        38
      ]
    },
    {
      "text": "신예찬",
      "indices": [
        39,
        43
      ]
    }
  ],
  "geo": null
},{
  "id": "1074345782088687617",
  "permalink": "",
  "username": "hwani♡",
  "text": "RT @Bluemoon_514: 181117 상암 역조공 #언더나인틴 #신예찬 \n\n예쁜 예찬이 안녕 🥰👋 https://t.co/LcEWEd29xA",
  "date": "Sun Dec 16 16:49:29 +0000 2018",
  "retweets": 37,
  "favorites": 0,
  "mentions": [
    {
      "screen_name": "Bluemoon_514",
      "name": "푸른달🌙",
      "id": 1064160425762160640,
      "id_str": "1064160425762160640",
      "indices": [
        3,
        16
      ]
    }
  ],
  "hashtags": [
    {
      "text": "언더나인틴",
      "indices": [
        32,
        38
      ]
    },
    {
      "text": "신예찬",
      "indices": [
        39,
        43
      ]
    }
  ],
  "geo": null
},{
  "id": "1074345768973086720",
  "permalink": "",
  "username": "hwani♡",
  "text": "RT @Bluemoon_514: 181117 상암 역조공 #언더나인틴 #신예찬 \n\n예찬이 눈에 별박았나봐 너무 예뻐 💛🧡🌟💫✨ https://t.co/iw9F7cMgOm",
  "date": "Sun Dec 16 16:49:26 +0000 2018",
  "retweets": 30,
  "favorites": 0,
  "mentions": [
    {
      "screen_name": "Bluemoon_514",
      "name": "푸른달🌙",
      "id": 1064160425762160640,
      "id_str": "1064160425762160640",
      "indices": [
        3,
        16
      ]
    }
  ],
  "hashtags": [
    {
      "text": "언더나인틴",
      "indices": [
        32,
        38
      ]
    },
    {
      "text": "신예찬",
      "indices": [
        39,
        43
      ]
    }
  ],
  "geo": null
},{
  "id": "1074344737354637312",
  "permalink": "",
  "username": "오 즈",
  "text": "RT @Bluemoon_514: 181117 상암 역조공 #언더나인틴 #신예찬 \n\n예찬이 눈에 별박았나봐 너무 예뻐 💛🧡🌟💫✨ https://t.co/iw9F7cMgOm",
  "date": "Sun Dec 16 16:45:20 +0000 2018",
  "retweets": 30,
  "favorites": 0,
  "mentions": [
    {
      "screen_name": "Bluemoon_514",
      "name": "푸른달🌙",
      "id": 1064160425762160640,
      "id_str": "1064160425762160640",
      "indices": [
        3,
        16
      ]
    }
  ],
  "hashtags": [
    {
      "text": "언더나인틴",
      "indices": [
        32,
        38
      ]
    },
    {
      "text": "신예찬",
      "indices": [
        39,
        43
      ]
    }
  ],
  "geo": null
},{
  "id": "1074344682413481985",
  "permalink": "",
  "username": "오 즈",
  "text": "RT @Bluemoon_514: 181117 상암 역조공 #언더나인틴 #신예찬 \n\n예쁜 예찬이 안녕 🥰👋 https://t.co/LcEWEd29xA",
  "date": "Sun Dec 16 16:45:07 +0000 2018",
  "retweets": 37,
  "favorites": 0,
  "mentions": [
    {
      "screen_name": "Bluemoon_514",
      "name": "푸른달🌙",
      "id": 1064160425762160640,
      "id_str": "1064160425762160640",
      "indices": [
        3,
        16
      ]
    }
  ],
  "hashtags": [
    {
      "text": "언더나인틴",
      "indices": [
        32,
        38
      ]
    },
    {
      "text": "신예찬",
      "indices": [
        39,
        43
      ]
    }
  ],
  "geo": null
},{
  "id": "1074344655330861056",
  "permalink": "",
  "username": "임웅재",
  "text": "RT @MBC_Under19: 🍋언더나인틴 본격 레몬 먹기 대결🍋\n📢 '랩팀' 이예찬 VS 방준혁\n\n#MBC #언더나인틴 #UNDERNINETEEN #레몬_먹기_대결 #이예찬 #방준혁 https://t.co/ik9I8qjIgz",
  "date": "Sun Dec 16 16:45:00 +0000 2018",
  "retweets": 513,
  "favorites": 0,
  "mentions": [
    {
      "screen_name": "MBC_Under19",
      "name": "MBC 언더나인틴",
      "id": 1042612844108238848,
      "id_str": "1042612844108238848",
      "indices": [
        3,
        15
      ]
    }
  ],
  "hashtags": [
    {
      "text": "MBC",
      "indices": [
        56,
        60
      ]
    },
    {
      "text": "언더나인틴",
      "indices": [
        61,
        67
      ]
    },
    {
      "text": "UNDERNINETEEN",
      "indices": [
        68,
        82
      ]
    },
    {
      "text": "레몬_먹기_대결",
      "indices": [
        83,
        92
      ]
    },
    {
      "text": "이예찬",
      "indices": [
        93,
        97
      ]
    },
    {
      "text": "방준혁",
      "indices": [
        98,
        102
      ]
    }
  ],
  "geo": null
},{
  "id": "1074343076632522752",
  "permalink": "",
  "username": "유웬웬웬웬웬웬",
  "text": "RT @LOVEBOMB_chan_: 🌟신예찬 슬로건 수량 조사🌟\n\n👉🏻 https://t.co/SQ2no52ify\n👉🏻60*20 스웨이드 반사 슬로건 입니다.\n👉🏻구매가 확실하신 분만 폼 작성 부탁드립니다.\n👉🏻 수정을 원하시는 분이 많아 수정후 다…",
  "date": "Sun Dec 16 16:38:44 +0000 2018",
  "retweets": 36,
  "favorites": 0,
  "mentions": [
    {
      "screen_name": "LOVEBOMB_chan_",
      "name": "ʟᴏᴠᴇ ʙᴏᴍʙ ❤️💣",
      "id": 1064153705564360705,
      "id_str": "1064153705564360705",
      "indices": [
        3,
        18
      ]
    }
  ],
  "hashtags": [],
  "geo": null
},{
  "id": "1074342942427336704",
  "permalink": "",
  "username": "Zy！",
  "text": "RT @Bluemoon_514: 181117 상암 역조공 #언더나인틴 #신예찬 \n\n예찬이 눈에 별박았나봐 너무 예뻐 💛🧡🌟💫✨ https://t.co/iw9F7cMgOm",
  "date": "Sun Dec 16 16:38:12 +0000 2018",
  "retweets": 30,
  "favorites": 0,
  "mentions": [
    {
      "screen_name": "Bluemoon_514",
      "name": "푸른달🌙",
      "id": 1064160425762160640,
      "id_str": "1064160425762160640",
      "indices": [
        3,
        16
      ]
    }
  ],
  "hashtags": [
    {
      "text": "언더나인틴",
      "indices": [
        32,
        38
      ]
    },
    {
      "text": "신예찬",
      "indices": [
        39,
        43
      ]
    }
  ],
  "geo": null
},{
  "id": "1074342578856722432",
  "permalink": "",
  "username": "밤블비",
  "text": "RT @Bluemoon_514: 181117 상암 역조공 #언더나인틴 #신예찬 \n\n예찬이 눈에 별박았나봐 너무 예뻐 💛🧡🌟💫✨ https://t.co/iw9F7cMgOm",
  "date": "Sun Dec 16 16:36:45 +0000 2018",
  "retweets": 30,
  "favorites": 0,
  "mentions": [
    {
      "screen_name": "Bluemoon_514",
      "name": "푸른달🌙",
      "id": 1064160425762160640,
      "id_str": "1064160425762160640",
      "indices": [
        3,
        16
      ]
    }
  ],
  "hashtags": [
    {
      "text": "언더나인틴",
      "indices": [
        32,
        38
      ]
    },
    {
      "text": "신예찬",
      "indices": [
        39,
        43
      ]
    }
  ],
  "geo": null
},{
  "id": "1074342542844424192",
  "permalink": "",
  "username": "푸른달🌙",
  "text": "181117 상암 역조공 #언더나인틴 #신예찬 \n\n예찬이 눈에 별박았나봐 너무 예뻐 💛🧡🌟💫✨ https://t.co/iw9F7cMgOm",
  "date": "Sun Dec 16 16:36:37 +0000 2018",
  "retweets": 30,
  "favorites": 27,
  "mentions": [],
  "hashtags": [
    {
      "text": "언더나인틴",
      "indices": [
        14,
        20
      ]
    },
    {
      "text": "신예찬",
      "indices": [
        21,
        25
      ]
    }
  ],
  "geo": null
},{
  "id": "1074342275910516738",
  "permalink": "",
  "username": "ⓣⓐⓡⓝ",
  "text": "RT @Bluemoon_514: 181117 상암 역조공 #언더나인틴 #신예찬 \n\n예쁜 예찬이 안녕 🥰👋 https://t.co/LcEWEd29xA",
  "date": "Sun Dec 16 16:35:33 +0000 2018",
  "retweets": 37,
  "favorites": 0,
  "mentions": [
    {
      "screen_name": "Bluemoon_514",
      "name": "푸른달🌙",
      "id": 1064160425762160640,
      "id_str": "1064160425762160640",
      "indices": [
        3,
        16
      ]
    }
  ],
  "hashtags": [
    {
      "text": "언더나인틴",
      "indices": [
        32,
        38
      ]
    },
    {
      "text": "신예찬",
      "indices": [
        39,
        43
      ]
    }
  ],
  "geo": null
},{
  "id": "1074342204586348544",
  "permalink": "",
  "username": "Baek Yebin's cheek enthusiast",
  "text": "RT @yechan0514: 181117 상암 역조공 이벤트 \n\n보정알못 메이가 예쁜 예찬이 다 같이 보겠다구 이렇게 올리네요😅 예찬이 미모가 다 캐리 했다😢❤ 예찬아 지금처럼 열심히 좋은 무대 하면서 꼭 데뷔하자 아이돌 신예찬 응원 많이 많이 할게…",
  "date": "Sun Dec 16 16:35:16 +0000 2018",
  "retweets": 30,
  "favorites": 0,
  "mentions": [
    {
      "screen_name": "yechan0514",
      "name": "May💙",
      "id": 1061852850504949760,
      "id_str": "1061852850504949760",
      "indices": [
        3,
        14
      ]
    }
  ],
  "hashtags": [],
  "geo": null
},{
  "id": "1074341482008666112",
  "permalink": "",
  "username": "elizuam #틴탑 #7EEN7OP",
  "text": "RT @h_2min: 여러분 신예찬 많이 많이 투표해주세요.. \n이 친구가 너무 잘생기고 착하고 노래 잘 부르고 춤 잘 추고 운동도 잘하고 기타 잘하고 공부도 잘해요 \n진짜 다 최고예요.. 인성까지도 최고!\n신예찬은 우리 대한민국의 미래예요^^\n#신…",
  "date": "Sun Dec 16 16:32:24 +0000 2018",
  "retweets": 24,
  "favorites": 0,
  "mentions": [
    {
      "screen_name": "h_2min",
      "name": "갓예찬0514",
      "id": 4533514032,
      "id_str": "4533514032",
      "indices": [
        3,
        10
      ]
    }
  ],
  "hashtags": [],
  "geo": null
},{
  "id": "1074341464904130561",
  "permalink": "",
  "username": "*어어어어*",
  "text": "RT @Bluemoon_514: 181117 상암 역조공 #언더나인틴 #신예찬 \n\n예쁜 예찬이 안녕 🥰👋 https://t.co/LcEWEd29xA",
  "date": "Sun Dec 16 16:32:20 +0000 2018",
  "retweets": 37,
  "favorites": 0,
  "mentions": [
    {
      "screen_name": "Bluemoon_514",
      "name": "푸른달🌙",
      "id": 1064160425762160640,
      "id_str": "1064160425762160640",
      "indices": [
        3,
        16
      ]
    }
  ],
  "hashtags": [
    {
      "text": "언더나인틴",
      "indices": [
        32,
        38
      ]
    },
    {
      "text": "신예찬",
      "indices": [
        39,
        43
      ]
    }
  ],
  "geo": null
}]