[{"id":"88대반점","permalink":"","username":"asdfg","text":"고기가 다 부서졌어요 마지막 남은 고기였나봐요 \n살짝 아쉬웠어요","date":"Mon Dec 10 23:59:44 +0000 2018","retweets":"30","favorites":"20","mentions":[],"hashtags":[],"geo":"","raw":"고기가 다 부서졌어요 마지막 남은 고기였나봐요 \n살짝 아쉬웠어요","polarity":{"com":0.011641662426908336,"pos":0.4103579283699489,"neg":0.32196663981114765,"neut":0.1726764151181891,"none":0.0833573542738061},"intensity":{"high":0.09736097829962301,"low":0.04294655700613523,"meium":0.7763351103966193,"none":0.08335735429762249},"expressive":{"dir-action":0,"dir-explicit":0.3501988367142857,"dir-speech":0.3579977188571429,"indirect":0.19969258885714286,"writing-device":0.09211085557142858}},{"id":"88대반점","permalink":"","username":"asdfg","text":"이틀연속 먹었어요 존맛탱...♡♡♡♡♡","date":"Mon Dec 10 23:59:44 +0000 2018","retweets":"30","favorites":"20","mentions":[],"hashtags":[],"geo":"","raw":"이틀연속 먹었어요 존맛탱...♡♡♡♡♡","polarity":{"com":0,"pos":0.3333333333333333,"neg":0.6666666666666666,"neut":0,"none":0},"intensity":{"high":0,"low":0,"meium":1,"none":0},"expressive":{"dir-action":0,"dir-explicit":0.3333333333333333,"dir-speech":0.3333333333333333,"indirect":0.3333333333333333,"writing-device":0}},{"id":"88대반점","permalink":"","username":"asdfg","text":"먹다가 급하게 찍었어요 \n일단 마라샹궈 너무맛있어요ㅠㅠㅠㅠ\n고량주먹으려고 시킨건데 술 치워버리고 밥이랑 먹으니\n최고임미다...다음에 또 시켜먹을래요♡\n스티커 주신건 잘 받았는데 붙이는 판이 안 왔나봐요 ㅎㅎㅎ\n다음에 꼭 스티커판도 보내주세용!!!!","date":"Mon Dec 10 23:59:44 +0000 2018","retweets":"30","favorites":"20","mentions":[],"hashtags":[],"geo":"","raw":"먹다가 급하게 찍었어요 \n일단 마라샹궈 너무맛있어요ㅠㅠㅠㅠ\n고량주먹으려고 시킨건데 술 치워버리고 밥이랑 먹으니\n최고임미다...다음에 또 시켜먹을래요♡\n스티커 주신건 잘 받았는데 붙이는 판이 안 왔나봐요 ㅎㅎㅎ\n다음에 꼭 스티커판도 보내주세용!!!!","polarity":{"com":0.011243386277777776,"pos":0.2616843032777778,"neg":0.556106702,"neut":0.029100529055555553,"none":0.14186507938888887},"intensity":{"high":0.08608906527299504,"low":0.14164462076990864,"meium":0.6026234567998542,"none":0.169642857157242},"expressive":{"dir-action":0,"dir-explicit":0.1512345677945816,"dir-speech":0.49492945338832545,"indirect":0.19973544974441507,"writing-device":0.15410052907267788}},{"id":"88대반점","permalink":"","username":"asdfg","text":"들어가는 재료 요청사항에 써주신대로 해주신것도 좋았고 맛있어요 ㅎㅎ 둘이서 밥이랑 같이먹으면 배부를 양이고 매운거 잘 못먹는데 무난하게 먹을 정도로 별로 안매웠습니당 마라샹궈 땡기면 또 시켜먹을듯!","date":"Mon Dec 10 23:59:44 +0000 2018","retweets":"30","favorites":"20","mentions":[],"hashtags":[],"geo":"","raw":"들어가는 재료 요청사항에 써주신대로 해주신것도 좋았고 맛있어요 ㅎㅎ 둘이서 밥이랑 같이먹으면 배부를 양이고 매운거 잘 못먹는데 무난하게 먹을 정도로 별로 안매웠습니당 마라샹궈 땡기면 또 시켜먹을듯!","polarity":{"com":0.0049149404,"pos":0.41255887944999986,"neg":0.45795743195000005,"neut":0.031588537,"none":0.0929802112},"intensity":{"high":0.13775335635688768,"low":0.1785115289589256,"meium":0.5655346391782767,"none":0.11820047550591004},"expressive":{"dir-action":0.005402661549729866,"dir-explicit":0.25444230203727786,"dir-speech":0.4367855124781608,"indirect":0.1767273278411636,"writing-device":0.12664219609366786}},{"id":"88대반점","permalink":"","username":"asdfg","text":"진짜 매번먹어도 진짜 맛있어요","date":"Mon Dec 10 23:59:44 +0000 2018","retweets":"30","favorites":"20","mentions":[],"hashtags":[],"geo":"","raw":"진짜 매번먹어도 진짜 맛있어요","polarity":{"com":0,"pos":0.1666666665,"neg":0.8333333334999999,"neut":0,"none":0},"intensity":{"high":0.0555555555,"low":0.111111111,"meium":0.8333333334999999,"none":0},"expressive":{"dir-action":0,"dir-explicit":0.111111111,"dir-speech":0.888888889,"indirect":0,"writing-device":0}},{"id":"88대반점","permalink":"","username":"asdfg","text":"맛있어요ㅠㅠ 진짜 맛있음\n목이버섯은 추가했는데두 적은거 같았어요,,,,","date":"Mon Dec 10 23:59:44 +0000 2018","retweets":"30","favorites":"20","mentions":[],"hashtags":[],"geo":"","raw":"맛있어요ㅠㅠ 진짜 맛있음\n목이버섯은 추가했는데두 적은거 같았어요,,,,","polarity":{"com":0.0051862845714285705,"pos":0.4737865255714286,"neg":0.49536653742857134,"neut":0.016824181857142857,"none":0.00883647057142857},"intensity":{"high":0.06624315472374902,"low":0.0359603217194229,"meium":0.8886528332698075,"none":0.009143690287020527},"expressive":{"dir-action":0.14377880185714287,"dir-explicit":0.14708705428571428,"dir-speech":0.40770652714285716,"indirect":0.14973400328571426,"writing-device":0.1516936134285714}},{"id":"88대반점","permalink":"","username":"asdfg","text":"완전맛있어요 배달도 많이 빨라졌네요 근데 밑반찬빼달라고 부탁드렸는데  왜..요청사항 안읽으시나봐요","date":"Mon Dec 10 23:59:44 +0000 2018","retweets":"30","favorites":"20","mentions":[],"hashtags":[],"geo":"","raw":"완전맛있어요 배달도 많이 빨라졌네요 근데 밑반찬빼달라고 부탁드렸는데  왜..요청사항 안읽으시나봐요","polarity":{"com":0.0032679738571428575,"pos":0.39352407628571434,"neg":0.5157312925714286,"neut":0.04680205414285715,"none":0.040674603142857146},"intensity":{"high":0.4097889155714286,"low":0.13185274114285714,"meium":0.4176837401428571,"none":0.04067460314285714},"expressive":{"dir-action":0,"dir-explicit":0.44481959457142856,"dir-speech":0.2983610111428571,"indirect":0.2044150992857143,"writing-device":0.052404295000000004}},{"id":"88대반점","permalink":"","username":"asdfg","text":"언제나같이 엄청 맛있어용💕💕 배고파서 사진을 못찍었네요ㅠㅠ 마라향궈는 88대반점에서만 먹어용ㅋㅋㅋㅋㅋㅋ저번에 배*의 민*으로 시켰을 때 리뷰를 깜빡해서 여기에다가 쓰는곤데 여기 꿔바로우도 진짜 맛있어요!! 다들 마라향궈 꿔바로우 드세요~~!~!","date":"Mon Dec 10 23:59:44 +0000 2018","retweets":"30","favorites":"20","mentions":[],"hashtags":[],"geo":"","raw":"언제나같이 엄청 맛있어용💕💕 배고파서 사진을 못찍었네요ㅠㅠ 마라향궈는 88대반점에서만 먹어용ㅋㅋㅋㅋㅋㅋ저번에 배*의 민*으로 시켰을 때 리뷰를 깜빡해서 여기에다가 쓰는곤데 여기 꿔바로우도 진짜 맛있어요!! 다들 마라향궈 꿔바로우 드세요~~!~!","polarity":{"com":0.002346630894860349,"pos":0.39151288512586907,"neg":0.43762084481250635,"neut":0.09667335684719333,"none":0.07184628231957087},"intensity":{"high":0.11069866093571594,"low":0.14956833314215068,"meium":0.6678867236139067,"none":0.0718462823082267},"expressive":{"dir-action":0.0054551549997128865,"dir-explicit":0.1995077687263417,"dir-speech":0.49266732260564916,"indirect":0.22935281646161298,"writing-device":0.07301693720668333}},{"id":"88대반점","permalink":"","username":"asdfg","text":"역시 맛있어용 잘먹엇숩니다","date":"Mon Dec 10 23:59:44 +0000 2018","retweets":"30","favorites":"20","mentions":[],"hashtags":[],"geo":"","raw":"역시 맛있어용 잘먹엇숩니다","polarity":{"com":0,"pos":0.3333333333333333,"neg":0,"neut":0.3333333333333333,"none":0.3333333333333333},"intensity":{"high":0,"low":0.3333333333333333,"meium":0.3333333333333333,"none":0.3333333333333333},"expressive":{"dir-action":0,"dir-explicit":0.3333333333333333,"dir-speech":0.3333333333333333,"indirect":0,"writing-device":0.3333333333333333}},{"id":"88대반점","permalink":"","username":"asdfg","text":"가격때문에 좀 망설여지지만 양도 많고 (밥이랑 먹으면 3끼도 먹겠어요) 맛도있고 요청사항도 잘 들어주셔서 너무 좋아요~!","date":"Mon Dec 10 23:59:44 +0000 2018","retweets":"30","favorites":"20","mentions":[],"hashtags":[],"geo":"","raw":"가격때문에 좀 망설여지지만 양도 많고 (밥이랑 먹으면 3끼도 먹겠어요) 맛도있고 요청사항도 잘 들어주셔서 너무 좋아요~!","polarity":{"com":0.013244047583333335,"pos":0.5628666320833334,"neg":0.34184351283333336,"neut":0.007789855083333335,"none":0.07425595241666667},"intensity":{"high":0.15112074417926008,"low":0.12271250284355938,"meium":0.610244133884187,"none":0.11592261909299356},"expressive":{"dir-action":0,"dir-explicit":0.3183129168333334,"dir-speech":0.38866819075000003,"indirect":0.21935817808333338,"writing-device":0.07366071433333335}},{"id":"88대반점","permalink":"","username":"asdfg","text":"맛도 두 음식모두 좋고, 매우 만족합니다","date":"Mon Dec 10 23:59:44 +0000 2018","retweets":"30","favorites":"20","mentions":[],"hashtags":[],"geo":"","raw":"맛도 두 음식모두 좋고, 매우 만족합니다","polarity":{"com":0.00483870975,"pos":0.8790322580000001,"neg":0.088172043,"neut":0.020967742,"none":0.00698924725},"intensity":{"high":0.2849462365,"low":0.029032258,"meium":0.67849462375,"none":0.00752688175},"expressive":{"dir-action":0.00161290325,"dir-explicit":0.16182795700000002,"dir-speech":0.573655914,"indirect":0.2559139785,"writing-device":0.00698924725}},{"id":"88대반점","permalink":"","username":"asdfg","text":"양고기 냄새로 안나고 맛있어요\n너무 많아서 다음날 밥이랑 볶아서 볶음밥으로 해먹었어요","date":"Mon Dec 10 23:59:44 +0000 2018","retweets":"30","favorites":"20","mentions":[],"hashtags":[],"geo":"","raw":"양고기 냄새로 안나고 맛있어요\n너무 많아서 다음날 밥이랑 볶아서 볶음밥으로 해먹었어요","polarity":{"com":0,"pos":0.049999999999999996,"neg":0.9125,"neut":0.025,"none":0.0125},"intensity":{"high":0.2625,"low":0.1,"meium":0.525,"none":0.1125},"expressive":{"dir-action":0,"dir-explicit":0.2375,"dir-speech":0.5375,"indirect":0.2,"writing-device":0.025}},{"id":"88대반점","permalink":"","username":"asdfg","text":"잘먹었어요 근데 삼겹살볶음밥에 고기가 전보다 적어진것같아요","date":"Mon Dec 10 23:59:44 +0000 2018","retweets":"30","favorites":"20","mentions":[],"hashtags":[],"geo":"","raw":"잘먹었어요 근데 삼겹살볶음밥에 고기가 전보다 적어진것같아요","polarity":{"com":0,"pos":0.20129870125,"neg":0.1444805195,"neut":0.5405844155,"none":0.11363636375},"intensity":{"high":0,"low":0.3035714285,"meium":0.5827922077500001,"none":0.11363636375},"expressive":{"dir-action":0,"dir-explicit":0.12175324671956167,"dir-speech":0.5811688311047079,"indirect":0.1834415584541396,"writing-device":0.1136363637215909}},{"id":"88대반점","permalink":"","username":"asdfg","text":"배달은 느리긴하구요.. 맛이 강한편이네요..","date":"Mon Dec 10 23:59:44 +0000 2018","retweets":"30","favorites":"20","mentions":[],"hashtags":[],"geo":"","raw":"배달은 느리긴하구요.. 맛이 강한편이네요..","polarity":{"com":0.00287356325,"pos":0.66192044425,"neg":0.1399005555,"neut":0.034095311749999996,"none":0.16121012525},"intensity":{"high":0.0371625985,"low":0.048463127999999994,"meium":0.750290585,"none":0.1640836885},"expressive":{"dir-action":0.00287356325,"dir-explicit":0.08517370525000001,"dir-speech":0.637156141,"indirect":0.07406689925,"writing-device":0.20072969125}},{"id":"88대반점","permalink":"","username":"asdfg","text":"맛있게 잘 먹었어요^^","date":"Mon Dec 10 23:59:44 +0000 2018","retweets":"30","favorites":"20","mentions":[],"hashtags":[],"geo":"","raw":"맛있게 잘 먹었어요^^","polarity":{"com":0,"pos":0.35714285717857136,"neg":0.6071428573035714,"neut":0.03571428551785714,"none":0},"intensity":{"high":0,"low":0.107142857,"meium":0.8928571430000001,"none":0},"expressive":{"dir-action":0,"dir-explicit":0.107142857,"dir-speech":0.5714285715,"indirect":0.3214285715,"writing-device":0}},{"id":"88대반점","permalink":"","username":"asdfg","text":"맛있게 잘 먹었습니다","date":"Mon Dec 10 23:59:44 +0000 2018","retweets":"30","favorites":"20","mentions":[],"hashtags":[],"geo":"","raw":"맛있게 잘 먹었습니다","polarity":{"com":0,"pos":0.35714285717857136,"neg":0.6071428573035714,"neut":0.03571428551785714,"none":0},"intensity":{"high":0,"low":0.107142857,"meium":0.8928571430000001,"none":0},"expressive":{"dir-action":0,"dir-explicit":0.107142857,"dir-speech":0.5714285715,"indirect":0.3214285715,"writing-device":0}},{"id":"88대반점","permalink":"","username":"asdfg","text":"와... 맵게 달라구 하긴 햇는데 여자친구가 먹고 이곤 본토보다 더 맵다고.. ㅋㅋㅋㅋㅋ 그래두 맛잇엇어요~~","date":"Mon Dec 10 23:59:44 +0000 2018","retweets":"30","favorites":"20","mentions":[],"hashtags":[],"geo":"","raw":"와... 맵게 달라구 하긴 햇는데 여자친구가 먹고 이곤 본토보다 더 맵다고.. ㅋㅋㅋㅋㅋ 그래두 맛잇엇어요~~","polarity":{"com":0.004193056571428571,"pos":0.41831507714285715,"neg":0.43435680114285713,"neut":0.10518274028571428,"none":0.03795232485714285},"intensity":{"high":0.09993855112858022,"low":0.08150516584549924,"meium":0.7776864117460448,"none":0.040869871279875736},"expressive":{"dir-action":0.0016420361430917194,"dir-explicit":0.14488291573498327,"dir-speech":0.6472344185210335,"indirect":0.1633621964519089,"writing-device":0.04287843314898264}},{"id":"88대반점","permalink":"","username":"asdfg","text":"밥 양이 많아서 좋았어요","date":"Mon Dec 10 23:59:44 +0000 2018","retweets":"30","favorites":"20","mentions":[],"hashtags":[],"geo":"","raw":"밥 양이 많아서 좋았어요","polarity":{"com":0,"pos":0.47333333333333333,"neg":0.5133333333333333,"neut":0,"none":0.013333333333333334},"intensity":{"high":0.06666666666666667,"low":0.26333333333333336,"meium":0.49,"none":0.18000000000000002},"expressive":{"dir-action":0,"dir-explicit":0.6166666666666667,"dir-speech":0.31666666666666665,"indirect":0.05333333333333334,"writing-device":0.013333333333333334}},{"id":"88대반점","permalink":"","username":"asdfg","text":"배달 빠르고 진짜 맛있어요~","date":"Mon Dec 10 23:59:44 +0000 2018","retweets":"30","favorites":"20","mentions":[],"hashtags":[],"geo":"","raw":"배달 빠르고 진짜 맛있어요~","polarity":{"com":0,"pos":0.5,"neg":0.5,"neut":0,"none":0},"intensity":{"high":0,"low":0,"meium":1,"none":0},"expressive":{"dir-action":0,"dir-explicit":0,"dir-speech":1,"indirect":0,"writing-device":0}},{"id":"88대반점","permalink":"","username":"asdfg","text":"마라탕 강추~ 야채도 듬뿍 국물도 칼칼","date":"Mon Dec 10 23:59:44 +0000 2018","retweets":"30","favorites":"20","mentions":[],"hashtags":[],"geo":"","raw":"마라탕 강추~ 야채도 듬뿍 국물도 칼칼","polarity":{"com":0.007142857,"pos":0.214285714,"neg":0.328571429,"neut":0.014285714,"none":0.435714286},"intensity":{"high":0.142857143,"low":0.114285714,"meium":0.307142857,"none":0.435714286},"expressive":{"dir-action":0,"dir-explicit":0.1857142858142857,"dir-speech":0.29999999969999996,"indirect":0.0857142859142857,"writing-device":0.42857142857142855}},{"id":"88대반점","permalink":"","username":"asdfg","text":"음료수도 끼워주시고 스티커도 안 잊고 챙겨주셔서감사합니다.\n 이제 5장인데 춘권 글자 위에 붙이면 되는건가요?\n음식은 다른것보다 여기 가지볶음밥이 너무 취향이라 계속 생각나요 \n꿔바로우도 좋아해서 시켰는데 오늘따라 찹쌀인지 떡익지 쫄깃한 부분이 너무 두꺼워서 별로였어요ㅠ \n예전엔얇고 바삭한 식감이었는데 왜이렇게바뀌었나요\n내가 떡강정을먹는건지 꿔바로우를 먹는건지 모르겠더라고요..\n그런데 볶음밥은 여전히 맛있어서 총점은 5점 드려요 다음에는 신경써주세요ㅠㅠ","date":"Mon Dec 10 23:59:44 +0000 2018","retweets":"30","favorites":"20","mentions":[],"hashtags":[],"geo":"","raw":"음료수도 끼워주시고 스티커도 안 잊고 챙겨주셔서감사합니다.\n 이제 5장인데 춘권 글자 위에 붙이면 되는건가요?\n음식은 다른것보다 여기 가지볶음밥이 너무 취향이라 계속 생각나요 \n꿔바로우도 좋아해서 시켰는데 오늘따라 찹쌀인지 떡익지 쫄깃한 부분이 너무 두꺼워서 별로였어요ㅠ \n예전엔얇고 바삭한 식감이었는데 왜이렇게바뀌었나요\n내가 떡강정을먹는건지 꿔바로우를 먹는건지 모르겠더라고요..\n그런데 볶음밥은 여전히 맛있어서 총점은 5점 드려요 다음에는 신경써주세요ㅠㅠ","polarity":{"com":0.016342703444807614,"pos":0.38002563278622276,"neg":0.39047025238645494,"neut":0.08976235289088363,"none":0.1233990584916311},"intensity":{"high":0.1171636788966998,"low":0.07565521127171035,"meium":0.6837153179344699,"none":0.12346579189711995},"expressive":{"dir-action":0.002370021066666667,"dir-explicit":0.20787521457777777,"dir-speech":0.4846013829333333,"indirect":0.17550776277777777,"writing-device":0.12964561864444446}},{"id":"88대반점","permalink":"","username":"asdfg","text":"밑반찬필요없다고빼달라고 부탁하는걸 까먹었네요 아까워라\n\n맨날 꿔바로우만 먹다가 어제 다른곳에서  꿔바로우를 먹어서 다른걸시켜봤는데 맛있어요\n근데 좀 많이 중극스러운맛이라 계속 먹다보니 제 입에는 좀 부담스럽네요\n갑자기 향신로향이 훅 치고 들어올때가있고 씹다보면 모래알같은것이 서걱거리는데 콩인지 야채인지?\n볶음밥은 잘 맞았습니다 앞으로는 세트메뉴시킬 때 가지랑 삼겹으로 가야겠어요.\n참 쿠폰은 4장인데 스티커는3개뿐이에요. 첫번째 시킬때 안주셨던것같은데..","date":"Mon Dec 10 23:59:44 +0000 2018","retweets":"30","favorites":"20","mentions":[],"hashtags":[],"geo":"","raw":"밑반찬필요없다고빼달라고 부탁하는걸 까먹었네요 아까워라\n\n맨날 꿔바로우만 먹다가 어제 다른곳에서  꿔바로우를 먹어서 다른걸시켜봤는데 맛있어요\n근데 좀 많이 중극스러운맛이라 계속 먹다보니 제 입에는 좀 부담스럽네요\n갑자기 향신로향이 훅 치고 들어올때가있고 씹다보면 모래알같은것이 서걱거리는데 콩인지 야채인지?\n볶음밥은 잘 맞았습니다 앞으로는 세트메뉴시킬 때 가지랑 삼겹으로 가야겠어요.\n참 쿠폰은 4장인데 스티커는3개뿐이에요. 첫번째 시킬때 안주셨던것같은데..","polarity":{"com":0.01991892459476383,"pos":0.34043104980141836,"neg":0.3532672415153984,"neut":0.1817854587575766,"none":0.10459732533084294},"intensity":{"high":0.09464211320174311,"low":0.1437991914218808,"meium":0.6568564822686734,"none":0.10470221310770268},"expressive":{"dir-action":0.01760396102339038,"dir-explicit":0.19622665385247084,"dir-speech":0.5280788371064744,"indirect":0.14560029402034283,"writing-device":0.11249025399732165}},{"id":"88대반점","permalink":"","username":"asdfg","text":"몇번을 시켜도 다 맛있어요.항상 믿고 시킵니다.","date":"Mon Dec 10 23:59:44 +0000 2018","retweets":"30","favorites":"20","mentions":[],"hashtags":[],"geo":"","raw":"몇번을 시켜도 다 맛있어요.항상 믿고 시킵니다.","polarity":{"com":0,"pos":0.6547619046666666,"neg":0.20833333333333334,"neut":0.041666666666666664,"none":0.09523809533333333},"intensity":{"high":0.2202380952599206,"low":0,"meium":0.684523809438492,"none":0.09523809530158729},"expressive":{"dir-action":0,"dir-explicit":0.3928571428690476,"dir-speech":0.47023809517658727,"indirect":0.041666666652777774,"writing-device":0.09523809530158729}},{"id":"88대반점","permalink":"","username":"asdfg","text":"제입맛엔 그닥...해물매운면ㅜㅜ","date":"Mon Dec 10 23:59:44 +0000 2018","retweets":"30","favorites":"20","mentions":[],"hashtags":[],"geo":"","raw":"제입맛엔 그닥...해물매운면ㅜㅜ","polarity":{"com":0,"pos":0.8293650794573412,"neg":0.12698412703174602,"neut":0.023809523755952376,"none":0.019841269754960318},"intensity":{"high":0.007936508,"low":0.3095238095,"meium":0.66269841275,"none":0.01984126975},"expressive":{"dir-action":0,"dir-explicit":0.16468253975,"dir-speech":0.41666666674999997,"indirect":0.39484126975,"writing-device":0.02380952375}},{"id":"88대반점","permalink":"","username":"asdfg","text":"꿔바로우.. 내가 꿔바로우를 잘못 알고있었나 생각들 정도록.. 고기는 없고 찹쌀옷만있네요 ㅡㅡ 찹쌀튀김을 16000원 주고 사먹었네요 대패삼겹살을 찹쌀가루로 튀겼다ㅡㅡ 고기가 없어요 한개만 그런가 했는데 다 그렇네요 완전 어이없음","date":"Mon Dec 10 23:59:44 +0000 2018","retweets":"30","favorites":"20","mentions":[],"hashtags":[],"geo":"","raw":"꿔바로우.. 내가 꿔바로우를 잘못 알고있었나 생각들 정도록.. 고기는 없고 찹쌀옷만있네요 ㅡㅡ 찹쌀튀김을 16000원 주고 사먹었네요 대패삼겹살을 찹쌀가루로 튀겼다ㅡㅡ 고기가 없어요 한개만 그런가 했는데 다 그렇네요 완전 어이없음","polarity":{"com":0.006631172954846872,"pos":0.32552807978752396,"neg":0.3063192004230145,"neut":0.2344847468742947,"none":0.12703679996031986},"intensity":{"high":0.09223603766504801,"low":0.08918573152923896,"meium":0.6901363522836115,"none":0.12844187852210145},"expressive":{"dir-action":0.0024665062273848412,"dir-explicit":0.21663371305530152,"dir-speech":0.4156052137461639,"indirect":0.23024028110137454,"writing-device":0.13505428586977522}},{"id":"88대반점","permalink":"","username":"asdfg","text":"먹을민 합니다 배달이잖아요","date":"Mon Dec 10 23:59:44 +0000 2018","retweets":"30","favorites":"20","mentions":[],"hashtags":[],"geo":"","raw":"먹을민 합니다 배달이잖아요","polarity":{"com":0,"pos":0.7777777776666667,"neg":0.22222222233333333,"neut":0,"none":0},"intensity":{"high":0.037037037,"low":0.074074074,"meium":0.888888889,"none":0},"expressive":{"dir-action":0,"dir-explicit":0.40740740733333336,"dir-speech":0.5925925926666666,"indirect":0,"writing-device":0}},{"id":"88대반점","permalink":"","username":"asdfg","text":"리뷰 잘 안남기는데 사장님께서 너무 친절하셔서 남깁니다. 배달 기사님 실수로 다른 집에 배달이 가서 1시간 정도 기다렸는데, 새로 조리해서 갖다주시겠다고 말씀해주셔서 감동했습니다. 음식이 식지 않아서 괜찮다고는 말씀드렸지만 두번 세번 확인해주셔서 감사했고, 마라탕 꿔바로우 모두 정말 맛있게 먹었습니다. 즐거운 연휴 되시고 번창하세요^^!","date":"Mon Dec 10 23:59:44 +0000 2018","retweets":"30","favorites":"20","mentions":[],"hashtags":[],"geo":"","raw":"리뷰 잘 안남기는데 사장님께서 너무 친절하셔서 남깁니다. 배달 기사님 실수로 다른 집에 배달이 가서 1시간 정도 기다렸는데, 새로 조리해서 갖다주시겠다고 말씀해주셔서 감동했습니다. 음식이 식지 않아서 괜찮다고는 말씀드렸지만 두번 세번 확인해주셔서 감사했고, 마라탕 꿔바로우 모두 정말 맛있게 먹었습니다. 즐거운 연휴 되시고 번창하세요^^!","polarity":{"com":0.013379012042896564,"pos":0.47445885732719745,"neg":0.330017462420434,"neut":0.14150040473297823,"none":0.04064426347649372},"intensity":{"high":0.13065334869565218,"low":0.12980569286956523,"meium":0.698331154173913,"none":0.041209804260869565},"expressive":{"dir-action":0.0013135538261440675,"dir-explicit":0.16945409822475888,"dir-speech":0.5646615262854201,"indirect":0.2220943349226997,"writing-device":0.04247648674097723}},{"id":"88대반점","permalink":"","username":"asdfg","text":"맛있어요 가지볶음밥 넘나 제 타입 근데 배달이 넘느려요ㅠ","date":"Mon Dec 10 23:59:44 +0000 2018","retweets":"30","favorites":"20","mentions":[],"hashtags":[],"geo":"","raw":"맛있어요 가지볶음밥 넘나 제 타입 근데 배달이 넘느려요ㅠ","polarity":{"com":0,"pos":0.2363636364,"neg":0.709090909,"neut":0.036363636399999996,"none":0.018181818199999998},"intensity":{"high":0.0848484848,"low":0.16969696979999999,"meium":0.7272727272,"none":0.018181818199999998},"expressive":{"dir-action":0,"dir-explicit":0.06666666661333334,"dir-speech":0.8303030303660606,"indirect":0.0848484848169697,"writing-device":0.018181818203636364}},{"id":"88대반점","permalink":"","username":"asdfg","text":"별 기대안하고 먹었는데 존맛","date":"Mon Dec 10 23:59:44 +0000 2018","retweets":"30","favorites":"20","mentions":[],"hashtags":[],"geo":"","raw":"별 기대안하고 먹었는데 존맛","polarity":{"com":0,"pos":0.58333333325,"neg":0.41666666674999997,"neut":0,"none":0},"intensity":{"high":0.02777777775,"low":0.3055555555,"meium":0.66666666675,"none":0},"expressive":{"dir-action":0,"dir-explicit":0.0555555555,"dir-speech":0.6944444445,"indirect":0.25,"writing-device":0}},{"id":"88대반점","permalink":"","username":"asdfg","text":"맛잇게 잘먹엇습니다 ㅎㅎㅎ","date":"Mon Dec 10 23:59:44 +0000 2018","retweets":"30","favorites":"20","mentions":[],"hashtags":[],"geo":"","raw":"맛잇게 잘먹엇습니다 ㅎㅎㅎ","polarity":{"com":0,"pos":1,"neg":0,"neut":0,"none":0},"intensity":{"high":0,"low":0,"meium":1,"none":0},"expressive":{"dir-action":0,"dir-explicit":0,"dir-speech":1,"indirect":0,"writing-device":0}},{"id":"88대반점","permalink":"","username":"asdfg","text":"마파두부는양은많은데 무맛이였어요 빨개서매콤할줄알았는데 아무맛이안나고 기름맛만나는 무맛 가지볶음밥이랑 파인애플볶음밥을 시켰는데 파인애플볶음밥에 들어가있는 고기조각이 냄새가 너무나서 못먹었고 그나마 가지볶음밥만 조금 먹었는데..콜라가 젤 맛있었어요","date":"Mon Dec 10 23:59:44 +0000 2018","retweets":"30","favorites":"20","mentions":[],"hashtags":[],"geo":"","raw":"마파두부는양은많은데 무맛이였어요 빨개서매콤할줄알았는데 아무맛이안나고 기름맛만나는 무맛 가지볶음밥이랑 파인애플볶음밥을 시켰는데 파인애플볶음밥에 들어가있는 고기조각이 냄새가 너무나서 못먹었고 그나마 가지볶음밥만 조금 먹었는데..콜라가 젤 맛있었어요","polarity":{"com":0.02118712704963687,"pos":0.41621774542059214,"neg":0.4040194578956209,"neut":0.07890054824560959,"none":0.07967512138854049},"intensity":{"high":0.09886673858084445,"low":0.11779206272550401,"meium":0.7024629614478537,"none":0.08087823724579794},"expressive":{"dir-action":0.00106777638110492,"dir-explicit":0.22995484055666018,"dir-speech":0.5055740267388915,"indirect":0.13295936420947038,"writing-device":0.13044399211387292}},{"id":"88대반점","permalink":"","username":"asdfg","text":"좀 짜지만 맛있네요","date":"Mon Dec 10 23:59:44 +0000 2018","retweets":"30","favorites":"20","mentions":[],"hashtags":[],"geo":"","raw":"좀 짜지만 맛있네요","polarity":{"com":0,"pos":0.5,"neg":0.5,"neut":0,"none":0},"intensity":{"high":0,"low":0,"meium":1,"none":0},"expressive":{"dir-action":0,"dir-explicit":0.2,"dir-speech":0.8,"indirect":0,"writing-device":0}},{"id":"88대반점","permalink":"","username":"asdfg","text":"우천이라 다소 오래 걸렸지만 비를 뚫고 배달오신분께 감사드려요~ 큰 새우 빼고 다른걸로 추가 부탁드렸는데 흔쾌히 조절해주셔서 감사드립니다^^","date":"Mon Dec 10 23:59:44 +0000 2018","retweets":"30","favorites":"20","mentions":[],"hashtags":[],"geo":"","raw":"우천이라 다소 오래 걸렸지만 비를 뚫고 배달오신분께 감사드려요~ 큰 새우 빼고 다른걸로 추가 부탁드렸는데 흔쾌히 조절해주셔서 감사드립니다^^","polarity":{"com":0.0035911800771993214,"pos":0.5696404114284338,"neg":0.29598753740738365,"neut":0.04286878315714376,"none":0.0879120879298394},"intensity":{"high":0.28745538881345467,"low":0.043335636545128564,"meium":0.5786443667813299,"none":0.09056460786008685},"expressive":{"dir-action":0,"dir-explicit":0.13994085707692308,"dir-speech":0.3338881086923078,"indirect":0.4349191489230769,"writing-device":0.09125188530769231}},{"id":"88대반점","permalink":"","username":"asdfg","text":"가지볶음밥이랑 꿔바로우 핵존맛 계란볶음밥은 나쁘진않지만 너무 심심해요 저번에 시켰을때는 식어서맛이없는줄알았는데 다음에는 다른 볶음밥을 주문하려고요. 가볶밥저럼 간 센거 추천해주세여  또먹고싶다..참 스티커주셔서좋았어요 쿠폰만 두장이었는데","date":"Mon Dec 10 23:59:44 +0000 2018","retweets":"30","favorites":"20","mentions":[],"hashtags":[],"geo":"","raw":"가지볶음밥이랑 꿔바로우 핵존맛 계란볶음밥은 나쁘진않지만 너무 심심해요 저번에 시켰을때는 식어서맛이없는줄알았는데 다음에는 다른 볶음밥을 주문하려고요. 가볶밥저럼 간 센거 추천해주세여  또먹고싶다..참 스티커주셔서좋았어요 쿠폰만 두장이었는데","polarity":{"com":0.011910596334325884,"pos":0.3863329563238611,"neg":0.43283724916106986,"neut":0.0906891055075574,"none":0.07823009267318586},"intensity":{"high":0.062341055127597536,"low":0.13007635600541984,"meium":0.7078102954878255,"none":0.09977229337915719},"expressive":{"dir-action":0.001288385166774032,"dir-explicit":0.21949185310162436,"dir-speech":0.46948707758079056,"indirect":0.16038987422169917,"writing-device":0.14934280992911192}},{"id":"88대반점","permalink":"","username":"asdfg","text":"꿔바로우가 약간제입맛에는 단편인데 다른분들은 좋아하실거같습니다. 짬뽕은 굿","date":"Mon Dec 10 23:59:44 +0000 2018","retweets":"30","favorites":"20","mentions":[],"hashtags":[],"geo":"","raw":"꿔바로우가 약간제입맛에는 단편인데 다른분들은 좋아하실거같습니다. 짬뽕은 굿","polarity":{"com":0.005768211300576821,"pos":0.3553061054355306,"neg":0.42259887014225994,"neut":0.14676634781467662,"none":0.06956046530695606},"intensity":{"high":0.042160621308432115,"low":0.07291973281458392,"meium":0.8144663233628933,"none":0.07045332251409066},"expressive":{"dir-action":0,"dir-explicit":0.24732172542473213,"dir-speech":0.45744364134574433,"indirect":0.12212608201221262,"writing-device":0.17310855121731086}},{"id":"88대반점","permalink":"","username":"asdfg","text":"배달  시간이 예상 시간보다 오래 걸렸는데ㅠㅠ\n마파두부밥은 처음 시켜 먹어봤는데.. 다음엔 다른 메뉴 먹을 것 같고요..\n\n역시나 마라향궈 진짜 ㅋㅋㅋㅋㅋㅋ\n넘 마싯네여ㅠㅠ 매주 생각나서 큰일이에여ㅠㅠ\n마라향궈 대박맛집🤟🏻","date":"Mon Dec 10 23:59:44 +0000 2018","retweets":"30","favorites":"20","mentions":[],"hashtags":[],"geo":"","raw":"배달  시간이 예상 시간보다 오래 걸렸는데ㅠㅠ\n마파두부밥은 처음 시켜 먹어봤는데.. 다음엔 다른 메뉴 먹을 것 같고요..\n\n역시나 마라향궈 진짜 ㅋㅋㅋㅋㅋㅋ\n넘 마싯네여ㅠㅠ 매주 생각나서 큰일이에여ㅠㅠ\n마라향궈 대박맛집🤟🏻","polarity":{"com":0.015120766460375324,"pos":0.3516112676652607,"neg":0.5353020694972845,"neut":0.028135090843989605,"none":0.06983080553308993},"intensity":{"high":0.05670354662410824,"low":0.1074152014011408,"meium":0.7272500398041923,"none":0.10863121217055864},"expressive":{"dir-action":0.00033886815382008697,"dir-explicit":0.21107797936837858,"dir-speech":0.5689584378793108,"indirect":0.14672574406563646,"writing-device":0.07289897053285392}},{"id":"88대반점","permalink":"","username":"asdfg","text":"우육면은 면이 너무 불었음\n고기가 넓적한 슬라이스 타입이 아닌 카레에 들어가듯 큐브형여서 영...\n유린기는 생닭을 튀긴게 아닌 마트에서 파는 냉동식품 치킨까스를 튀긴듯함. 분식느낌이...이럴거면 양이라도 많던지...양도 적음...영 기분나쁨\n중식 메뉴가 많아서 기대 했으나 그냥 동네 중국집이 나을듯...","date":"Mon Dec 10 23:59:44 +0000 2018","retweets":"30","favorites":"20","mentions":[],"hashtags":[],"geo":"","raw":"우육면은 면이 너무 불었음\n고기가 넓적한 슬라이스 타입이 아닌 카레에 들어가듯 큐브형여서 영...\n유린기는 생닭을 튀긴게 아닌 마트에서 파는 냉동식품 치킨까스를 튀긴듯함. 분식느낌이...이럴거면 양이라도 많던지...양도 적음...영 기분나쁨\n중식 메뉴가 많아서 기대 했으나 그냥 동네 중국집이 나을듯...","polarity":{"com":0.012329966959999997,"pos":0.49866519155999994,"neg":0.40695438747999996,"neut":0.05694669631999999,"none":0.025103757679999995},"intensity":{"high":0.08511009269361762,"low":0.17394429862783115,"meium":0.7150121651144019,"none":0.025933443564149356},"expressive":{"dir-action":0.0004725430000567051,"dir-explicit":0.2862207271943465,"dir-speech":0.3644818300437378,"indirect":0.32182936471861956,"writing-device":0.026995535043239458}},{"id":"88대반점","permalink":"","username":"asdfg","text":"이국적인 맛이지만 향신료 향이 너무 강하지 않아서 거부감 없이 색다르고 맛있어서 자꾸 시키게 되네요~","date":"Mon Dec 10 23:59:44 +0000 2018","retweets":"30","favorites":"20","mentions":[],"hashtags":[],"geo":"","raw":"이국적인 맛이지만 향신료 향이 너무 강하지 않아서 거부감 없이 색다르고 맛있어서 자꾸 시키게 되네요~","polarity":{"com":0.011354227284092255,"pos":0.29387100752944706,"neg":0.5947800503436028,"neut":0.05175906842117728,"none":0.04823564642168063},"intensity":{"high":0.07845779815406538,"low":0.03355178543336453,"meium":0.7921357223988765,"none":0.09585469401369354},"expressive":{"dir-action":0,"dir-explicit":0.18887303357142857,"dir-speech":0.5704596304285714,"indirect":0.13662068600000002,"writing-device":0.10404665}},{"id":"88대반점","permalink":"","username":"asdfg","text":"못먹어서 맛은 모르겠는데\n다신 안시킵니다\n배달실수 있을수는 있는데\n두번째 전화에서 업체에서 전화안갔냐고 하기 전에 죄송하단 말이 먼저인거 같은데,\n업체랑 문제는 알아서 풀고 주문한건 다시 가져다 주든지 안되겠음 연락해서 취소를 하든지 하셔야지 변명만하시길래 취소해달라고 두시간 지났다고 업체랑은 알아서 하시라고 했더니 그제서야 죄송한데 일분안에 해결하겠다고 하고 먼저 끊으더라구요?\n아무리 맛있는데라도 해도 갑질당한 식당 음식 안먹습니다","date":"Mon Dec 10 23:59:44 +0000 2018","retweets":"30","favorites":"20","mentions":[],"hashtags":[],"geo":"","raw":"못먹어서 맛은 모르겠는데\n다신 안시킵니다\n배달실수 있을수는 있는데\n두번째 전화에서 업체에서 전화안갔냐고 하기 전에 죄송하단 말이 먼저인거 같은데,\n업체랑 문제는 알아서 풀고 주문한건 다시 가져다 주든지 안되겠음 연락해서 취소를 하든지 하셔야지 변명만하시길래 취소해달라고 두시간 지났다고 업체랑은 알아서 하시라고 했더니 그제서야 죄송한데 일분안에 해결하겠다고 하고 먼저 끊으더라구요?\n아무리 맛있는데라도 해도 갑질당한 식당 음식 안먹습니다","polarity":{"com":0.004088811139534884,"pos":0.4406454722325582,"neg":0.40397960579069764,"neut":0.051578010697674426,"none":0.0997081001395349},"intensity":{"high":0.10793151033879707,"low":0.08530672210834354,"meium":0.7043844733763363,"none":0.10237729417652304},"expressive":{"dir-action":0.010842665976492033,"dir-explicit":0.2149362952508154,"dir-speech":0.3983056204558533,"indirect":0.23930620545955103,"writing-device":0.13660921285728808}},{"id":"88대반점","permalink":"","username":"asdfg","text":"대자로 시켰는데 아무리봐도 대자같지 않고 배달도 한시간이상 걸림 다신 안먹음","date":"Mon Dec 10 23:59:44 +0000 2018","retweets":"30","favorites":"20","mentions":[],"hashtags":[],"geo":"","raw":"대자로 시켰는데 아무리봐도 대자같지 않고 배달도 한시간이상 걸림 다신 안먹음","polarity":{"com":0.005208333374348958,"pos":0.4211309523223586,"neg":0.4453124999443359,"neut":0.04389880949451264,"none":0.08444940486444381},"intensity":{"high":0.13876488098265438,"low":0.010416666623697916,"meium":0.7663690475292039,"none":0.08444940486444381},"expressive":{"dir-action":0,"dir-explicit":0.248139881,"dir-speech":0.38430059525000004,"indirect":0.26413690475,"writing-device":0.103422619}},{"id":"88대반점","permalink":"","username":"asdfg","text":"배달이 좀 늦긴한데 맛있음!","date":"Mon Dec 10 23:59:44 +0000 2018","retweets":"30","favorites":"20","mentions":[],"hashtags":[],"geo":"","raw":"배달이 좀 늦긴한데 맛있음!","polarity":{"com":0,"pos":0.7651685394000002,"neg":0.13146067420000002,"neut":0.013483146000000001,"none":0.08988764040000002},"intensity":{"high":0.006741573001348314,"low":0.11348314602269663,"meium":0.7898876405579776,"none":0.08988764041797753},"expressive":{"dir-action":0,"dir-explicit":0.115955056176809,"dir-speech":0.4469662921106068,"indirect":0.3224719101355056,"writing-device":0.11460674157707865}},{"id":"88대반점","permalink":"","username":"asdfg","text":"양도 많고 맛도 있어요! 가지 가지덮밥 좋아해서 시켜봤는데 완전 취향저격이예요ㅠㅠ 꿔바로우도 진짜 맛있고 마파두부도 완전 양 많아용!","date":"Mon Dec 10 23:59:44 +0000 2018","retweets":"30","favorites":"20","mentions":[],"hashtags":[],"geo":"","raw":"양도 많고 맛도 있어요! 가지 가지덮밥 좋아해서 시켜봤는데 완전 취향저격이예요ㅠㅠ 꿔바로우도 진짜 맛있고 마파두부도 완전 양 많아용!","polarity":{"com":0.0026503656666666668,"pos":0.41855557000000004,"neg":0.3567540048333333,"neut":0.13022157708333332,"none":0.09181848241666667},"intensity":{"high":0.06539517151634879,"low":0.07654485268580287,"meium":0.766241493358227,"none":0.09181848243962128},"expressive":{"dir-action":0,"dir-explicit":0.3048506238262127,"dir-speech":0.4161891068540473,"indirect":0.18550779996304365,"writing-device":0.09345246935669645}},{"id":"88대반점","permalink":"","username":"asdfg","text":"마파두부는 언제나 맛잇어요","date":"Mon Dec 10 23:59:44 +0000 2018","retweets":"30","favorites":"20","mentions":[],"hashtags":[],"geo":"","raw":"마파두부는 언제나 맛잇어요","polarity":{"com":0,"pos":0.658730158829365,"neg":0.2539682541269841,"neut":0.04761904752380952,"none":0.03968253951984127},"intensity":{"high":0.015873016000000004,"low":0.11904761900000001,"meium":0.8253968255,"none":0.03968253950000001},"expressive":{"dir-action":0,"dir-explicit":0.0793650795,"dir-speech":0.8333333334999999,"indirect":0.0396825395,"writing-device":0.0476190475}},{"id":"88대반점","permalink":"","username":"asdfg","text":"정말 맛있게 잘 먹었습니다~ 꿔바로우가 아직도 자꾸 자꾸 생각이나네용!!","date":"Mon Dec 10 23:59:44 +0000 2018","retweets":"30","favorites":"20","mentions":[],"hashtags":[],"geo":"","raw":"정말 맛있게 잘 먹었습니다~ 꿔바로우가 아직도 자꾸 자꾸 생각이나네용!!","polarity":{"com":0.0031250000003906248,"pos":0.30282738091285344,"neg":0.3717261905464658,"neut":0.16659226189582405,"none":0.15572916664446615},"intensity":{"high":0.125446428625,"low":0.100297619,"meium":0.5757440476250001,"none":0.19851190475},"expressive":{"dir-action":0,"dir-explicit":0.2260416666532552,"dir-speech":0.3590029761698754,"indirect":0.16845238102105653,"writing-device":0.24650297615581288}},{"id":"88대반점","permalink":"","username":"asdfg","text":"처음시켰는데 다른메뉴도 궁금하게만드는 맛이네여 ^^","date":"Mon Dec 10 23:59:44 +0000 2018","retweets":"30","favorites":"20","mentions":[],"hashtags":[],"geo":"","raw":"처음시켰는데 다른메뉴도 궁금하게만드는 맛이네여 ^^","polarity":{"com":0.03480480479303903,"pos":0.5741708740851658,"neg":0.2456568657508686,"neut":0.024848364795030324,"none":0.12051909057589617},"intensity":{"high":0.0513942514,"low":0.055058575,"meium":0.7724274824,"none":0.12111969120000002},"expressive":{"dir-action":0.0006006005996396397,"dir-explicit":0.24905586905056648,"dir-speech":0.44065538053560677,"indirect":0.18999703008600174,"writing-device":0.11969111972818533}},{"id":"88대반점","permalink":"","username":"asdfg","text":"와 사장님 정말 너무 맛있습니다!!! 자장면 먹고 싶어서 중식 찾다가 다른 곳들 맛뜩찮아서 기대반걱정반 시켜봤는데 자장면 안 먹고 여기서 먹길 잘했네요!!!!","date":"Mon Dec 10 23:59:44 +0000 2018","retweets":"30","favorites":"20","mentions":[],"hashtags":[],"geo":"","raw":"와 사장님 정말 너무 맛있습니다!!! 자장면 먹고 싶어서 중식 찾다가 다른 곳들 맛뜩찮아서 기대반걱정반 시켜봤는데 자장면 안 먹고 여기서 먹길 잘했네요!!!!","polarity":{"com":0.017604387834800363,"pos":0.48580148612381685,"neg":0.3887119604490593,"neut":0.08704883225725407,"none":0.020833333335069443},"intensity":{"high":0.11944676141666667,"low":0.11458228016666668,"meium":0.7451376250833333,"none":0.020833333333333332},"expressive":{"dir-action":0.001061571166489738,"dir-explicit":0.22768383712871934,"dir-speech":0.49446255858425625,"indirect":0.25542791420742866,"writing-device":0.021364118913105978}},{"id":"88대반점","permalink":"","username":"asdfg","text":"최고였어요!!! 맛잇엇습니당","date":"Mon Dec 10 23:59:44 +0000 2018","retweets":"30","favorites":"20","mentions":[],"hashtags":[],"geo":"","raw":"최고였어요!!! 맛잇엇습니당","polarity":{"com":0,"pos":1,"neg":0,"neut":0,"none":0},"intensity":{"high":0.5,"low":0,"meium":0.5,"none":0},"expressive":{"dir-action":0,"dir-explicit":0,"dir-speech":0.5,"indirect":0.5,"writing-device":0}},{"id":"88대반점","permalink":"","username":"asdfg","text":"다음엨 대자를 먹어야겠네요. 맛있었어요 재주문할게요 ㅎ","date":"Mon Dec 10 23:59:44 +0000 2018","retweets":"30","favorites":"20","mentions":[],"hashtags":[],"geo":"","raw":"다음엨 대자를 먹어야겠네요. 맛있었어요 재주문할게요 ㅎ","polarity":{"com":0.014861995671620663,"pos":0.1932059447310686,"neg":0.6104033972034677,"neut":0.18152866239384288,"none":0},"intensity":{"high":0.044585987333333334,"low":0.20700636933333336,"meium":0.7484076433333332,"none":0},"expressive":{"dir-action":0.004246284663835811,"dir-explicit":0.29830148613446567,"dir-speech":0.606157112262562,"indirect":0.0891719746072187,"writing-device":0.0021231423319179057}},{"id":"88대반점","permalink":"","username":"asdfg","text":"배달 최소금액이 올라서 마라탕 먹기 부담스럽네요 ㅜ 그래도 맛있습니다... 전처럼 자주 시켜먹긴 어렵겠지만...","date":"Mon Dec 10 23:59:44 +0000 2018","retweets":"30","favorites":"20","mentions":[],"hashtags":[],"geo":"","raw":"배달 최소금액이 올라서 마라탕 먹기 부담스럽네요 ㅜ 그래도 맛있습니다... 전처럼 자주 시켜먹긴 어렵겠지만...","polarity":{"com":0.003426333777777778,"pos":0.4151644406666667,"neg":0.4595296366666667,"neut":0.12090063633333334,"none":0.0009789525555555555},"intensity":{"high":0.0523118041111111,"low":0.31380245355555547,"meium":0.6324173135555554,"none":0.0014684287777777774},"expressive":{"dir-action":0.0004894762222766084,"dir-explicit":0.15465274368385032,"dir-speech":0.6732940199636993,"indirect":0.17009533135223284,"writing-device":0.0014684287779409366}},{"id":"88대반점","permalink":"","username":"asdfg","text":"비오는데도 빠르게 배달됐어요 다른 마라탕전문점에 비해 가격대비 양이 적다고 생각하지만 친절합니다","date":"Mon Dec 10 23:59:44 +0000 2018","retweets":"30","favorites":"20","mentions":[],"hashtags":[],"geo":"","raw":"비오는데도 빠르게 배달됐어요 다른 마라탕전문점에 비해 가격대비 양이 적다고 생각하지만 친절합니다","polarity":{"com":0.004416282665930619,"pos":0.5990085182334985,"neg":0.2574826607904196,"neut":0.06181399248969766,"none":0.07727854582045357},"intensity":{"high":0.10392519666666666,"low":0.08385700316666667,"meium":0.7345808313333334,"none":0.07763696883333333},"expressive":{"dir-action":0.001075268833154122,"dir-explicit":0.28403970595266004,"dir-speech":0.35667970010722005,"indirect":0.28211725545298044,"writing-device":0.07608806965398532}},{"id":"88대반점","permalink":"","username":"asdfg","text":"확실히 자극적이긴하네요..\n덮밥은 흰밥과 따로 먹어야하루정도며 마라샹궈는 맥주 없이느먹기 힘들지만 워낙 중독성있어서 조만간 또 먹을 듯요 ㅋㅋㅋ","date":"Mon Dec 10 23:59:44 +0000 2018","retweets":"30","favorites":"20","mentions":[],"hashtags":[],"geo":"","raw":"확실히 자극적이긴하네요..\n덮밥은 흰밥과 따로 먹어야하루정도며 마라샹궈는 맥주 없이느먹기 힘들지만 워낙 중독성있어서 조만간 또 먹을 듯요 ㅋㅋㅋ","polarity":{"com":0.046392894003866064,"pos":0.281780923856815,"neg":0.32508287161042354,"neut":0.16078558343006544,"none":0.1859577270988298},"intensity":{"high":0.08002343868000392,"low":0.06540905609423484,"meium":0.6682426709447072,"none":0.18632483428105415},"expressive":{"dir-action":0.0003671071666972589,"dir-explicit":0.24730107968727508,"dir-speech":0.2941061668578422,"indirect":0.25867329885488943,"writing-device":0.19955234743329606}},{"id":"88대반점","permalink":"","username":"asdfg","text":"리뷰만 보고 시켜 먹엇네요 \n음. 쏘쏘 합니다","date":"Mon Dec 10 23:59:44 +0000 2018","retweets":"30","favorites":"20","mentions":[],"hashtags":[],"geo":"","raw":"리뷰만 보고 시켜 먹엇네요 \n음. 쏘쏘 합니다","polarity":{"com":0.0057471265,"pos":0.16091954,"neg":0.7011494255,"neut":0.0344827585,"none":0.0977011495},"intensity":{"high":0.3074712643462644,"low":0.0632183909683908,"meium":0.525862068737069,"none":0.10344827594827587},"expressive":{"dir-action":0.005747126502873563,"dir-explicit":0.58045977029023,"dir-speech":0.20689655160344828,"indirect":0.09195402304597701,"writing-device":0.11494252855747127}},{"id":"88대반점","permalink":"","username":"asdfg","text":"일요일점심이라 각오했습니다만 1시간 15분걸렸습니다. \n리뷰보고 제 기대가 너무 컸던것 같습니다. \n꿔바로우는 피가 두꺼웠고 산라탕은 계란탕에 가까웠고 가지덮밥은 많이 싱거웠고 토마토계란덮밥의 계란은 너무 거칠었습니다. \n가격이 가격인만큼 재료는 신선한걸 쓰시는듯 했습니다.","date":"Mon Dec 10 23:59:44 +0000 2018","retweets":"30","favorites":"20","mentions":[],"hashtags":[],"geo":"","raw":"일요일점심이라 각오했습니다만 1시간 15분걸렸습니다. \n리뷰보고 제 기대가 너무 컸던것 같습니다. \n꿔바로우는 피가 두꺼웠고 산라탕은 계란탕에 가까웠고 가지덮밥은 많이 싱거웠고 토마토계란덮밥의 계란은 너무 거칠었습니다. \n가격이 가격인만큼 재료는 신선한걸 쓰시는듯 했습니다.","polarity":{"com":0.009748439629268576,"pos":0.3912317707632876,"neg":0.4280182861322956,"neut":0.08829212544117436,"none":0.0827093780339737},"intensity":{"high":0.08667990656197629,"low":0.13226498500979741,"meium":0.6965470314219664,"none":0.08450807700625983},"expressive":{"dir-action":0.00035017096296296297,"dir-explicit":0.18387546070370375,"dir-speech":0.3937922935925926,"indirect":0.33784736848148145,"writing-device":0.08413470625925923}},{"id":"88대반점","permalink":"","username":"asdfg","text":"와 동네 중국집들 마파주부에 실망해서 여기시켜봤는데 오랜만에 맛있는 마파두부를 먹었네요 신라탕도 맛있음 담엔 지삼선을 먹어볼까 생각중","date":"Mon Dec 10 23:59:44 +0000 2018","retweets":"30","favorites":"20","mentions":[],"hashtags":[],"geo":"","raw":"와 동네 중국집들 마파주부에 실망해서 여기시켜봤는데 오랜만에 맛있는 마파두부를 먹었네요 신라탕도 맛있음 담엔 지삼선을 먹어볼까 생각중","polarity":{"com":0.010325148113405588,"pos":0.478882923773085,"neg":0.3763874495280861,"neut":0.11785017469285562,"none":0.016554303892567623},"intensity":{"high":0.04640086444444444,"low":0.15385151866666666,"meium":0.7813440583333333,"none":0.018403558555555557},"expressive":{"dir-action":0.002132274110874192,"dir-explicit":0.15739179509362314,"dir-speech":0.6448124871505764,"indirect":0.17663775720259584,"writing-device":0.019025686442330478}},{"id":"88대반점","permalink":"","username":"asdfg","text":"와? 맛있네요? 오.....","date":"Mon Dec 10 23:59:44 +0000 2018","retweets":"30","favorites":"20","mentions":[],"hashtags":[],"geo":"","raw":"와? 맛있네요? 오.....","polarity":{"com":0,"pos":0.5,"neg":0,"neut":0.5,"none":0},"intensity":{"high":0,"low":0,"meium":1,"none":0},"expressive":{"dir-action":0,"dir-explicit":0,"dir-speech":0.5,"indirect":0.5,"writing-device":0}},{"id":"88대반점","permalink":"","username":"asdfg","text":"맛도 좋고 양도많고 빠른배달 감사합니다","date":"Mon Dec 10 23:59:44 +0000 2018","retweets":"30","favorites":"20","mentions":[],"hashtags":[],"geo":"","raw":"맛도 좋고 양도많고 빠른배달 감사합니다","polarity":{"com":0.0032258064999999996,"pos":0.8045722300000001,"neg":0.15965092716666668,"neut":0.021224871500000003,"none":0.011326164833333333},"intensity":{"high":0.10010908518335151,"low":0.11780894485296817,"meium":0.7703973821283995,"none":0.011684587835280764},"expressive":{"dir-action":0.0010752688335125451,"dir-explicit":0.23928627087321439,"dir-speech":0.4520024934086671,"indirect":0.296309802049385,"writing-device":0.01132616483522103}},{"id":"88대반점","permalink":"","username":"asdfg","text":"잘 먹었어요 본격적인 중국음식을 배달로 먹을 수 있다는게 좋네요","date":"Mon Dec 10 23:59:44 +0000 2018","retweets":"30","favorites":"20","mentions":[],"hashtags":[],"geo":"","raw":"잘 먹었어요 본격적인 중국음식을 배달로 먹을 수 있다는게 좋네요","polarity":{"com":0.006270976857142856,"pos":0.375630987,"neg":0.42885004314285713,"neut":0.05621496,"none":0.133033033},"intensity":{"high":0.0723751870103393,"low":0.12567961344652567,"meium":0.6689121665241302,"none":0.1330330330190047},"expressive":{"dir-action":0.002145002143163572,"dir-explicit":0.2277403684611058,"dir-speech":0.4715059967816438,"indirect":0.16191647830884523,"writing-device":0.13669215430524173}},{"id":"88대반점","permalink":"","username":"asdfg","text":"친절한 쪽지에 감동입니다ㅠㅠ\n 빠른 배달도 정말 감사합니다 \n양도 적당하고 소스가 진짜 맛있네요 자극적이고 새콤하고 너무 좋았어욥 \n다음에 다른메뉴로 또 주문할게요 잘먹었습니다!!!","date":"Mon Dec 10 23:59:44 +0000 2018","retweets":"30","favorites":"20","mentions":[],"hashtags":[],"geo":"","raw":"친절한 쪽지에 감동입니다ㅠㅠ\n 빠른 배달도 정말 감사합니다 \n양도 적당하고 소스가 진짜 맛있네요 자극적이고 새콤하고 너무 좋았어욥 \n다음에 다른메뉴로 또 주문할게요 잘먹었습니다!!!","polarity":{"com":0.0165600571875,"pos":0.498583167,"neg":0.3651099549375,"neut":0.032957198874999996,"none":0.086789622},"intensity":{"high":0.1301566304375,"low":0.08977393981250001,"meium":0.69154687625,"none":0.08852255350000002},"expressive":{"dir-action":0.0017125301250000002,"dir-explicit":0.18804845062500003,"dir-speech":0.41390816243749995,"indirect":0.29749074174999995,"writing-device":0.0988401150625}},{"id":"88대반점","permalink":"","username":"asdfg","text":"집 앞이라 언젠가 시켜 먹어봐야지!! 하고 시켰는데 오자마자 냄새 대박이고 마파두부덮밥 양 엄청많구여 해물볶음면 완전 진짜 맛있어요ㅠㅠㅠ 해물도 많고요 나중에 다른것도 시켜먹을거에용 :)","date":"Mon Dec 10 23:59:44 +0000 2018","retweets":"30","favorites":"20","mentions":[],"hashtags":[],"geo":"","raw":"집 앞이라 언젠가 시켜 먹어봐야지!! 하고 시켰는데 오자마자 냄새 대박이고 마파두부덮밥 양 엄청많구여 해물볶음면 완전 진짜 맛있어요ㅠㅠㅠ 해물도 많고요 나중에 다른것도 시켜먹을거에용 :)","polarity":{"com":0.003367405117845142,"pos":0.45202266220306025,"neg":0.4288081450252241,"neut":0.06639903806272936,"none":0.04940274959114134},"intensity":{"high":0.14036880055418277,"low":0.144215954260744,"meium":0.6653363630585888,"none":0.050078882126484495},"expressive":{"dir-action":0.0006761325294913095,"dir-explicit":0.24296300526387798,"dir-speech":0.49364521894042884,"indirect":0.17956592637406657,"writing-device":0.08314971689213524}},{"id":"88대반점","permalink":"","username":"asdfg","text":"잘 먹었습이다~또 주문할게요!","date":"Mon Dec 10 23:59:44 +0000 2018","retweets":"30","favorites":"20","mentions":[],"hashtags":[],"geo":"","raw":"잘 먹었습이다~또 주문할게요!","polarity":{"com":0.006451612999999999,"pos":0.45775729633333334,"neg":0.33184843833333333,"neut":0.05176651299999999,"none":0.15217613933333332},"intensity":{"high":0.046594982,"low":0.11013824866666666,"meium":0.690373784,"none":0.15289298533333334},"expressive":{"dir-action":0.002150537666666667,"dir-explicit":0.22370711733333334,"dir-speech":0.24106502833333332,"indirect":0.33328213,"writing-device":0.19979518666666665}},{"id":"88대반점","permalink":"","username":"asdfg","text":"토요일 점심시간에 주문해서인지 소요시간이 55분이라는 문자를 받았을때는 조금 당혹스러웠지만 배달된 음식을 마주했을때에는 맛에 깜짝 놀라버렸습니다. 특히 꿔바로우는 조금 남겨서 저녁때 마무리했는데도 끝까지 바삭한 식감이 아주 일품입니다.","date":"Mon Dec 10 23:59:44 +0000 2018","retweets":"30","favorites":"20","mentions":[],"hashtags":[],"geo":"","raw":"토요일 점심시간에 주문해서인지 소요시간이 55분이라는 문자를 받았을때는 조금 당혹스러웠지만 배달된 음식을 마주했을때에는 맛에 깜짝 놀라버렸습니다. 특히 꿔바로우는 조금 남겨서 저녁때 마무리했는데도 끝까지 바삭한 식감이 아주 일품입니다.","polarity":{"com":0.008449660000469426,"pos":0.4420188009134455,"neg":0.3164519200731363,"neut":0.0752459300597359,"none":0.157833688953213},"intensity":{"high":0.12569929090983878,"low":0.0843870285140645,"meium":0.6294352647715725,"none":0.16047841580452418},"expressive":{"dir-action":0.0011925904446432097,"dir-explicit":0.2950613632158436,"dir-speech":0.36378924350507597,"indirect":0.17849647986308273,"writing-device":0.1614603229713545}},{"id":"88대반점","permalink":"","username":"asdfg","text":"진짜 중국 음식 맛 나여 향신료에 거부감있음 좀 부담스러울것같긴한데 전좋네요 두사람이서 배터지게 먹고 조금 나맜음 배달은 느리네요50분...ㅠ","date":"Mon Dec 10 23:59:44 +0000 2018","retweets":"30","favorites":"20","mentions":[],"hashtags":[],"geo":"","raw":"진짜 중국 음식 맛 나여 향신료에 거부감있음 좀 부담스러울것같긴한데 전좋네요 두사람이서 배터지게 먹고 조금 나맜음 배달은 느리네요50분...ㅠ","polarity":{"com":0.006314390166140467,"pos":0.4246083897979493,"neg":0.3929729570505856,"neut":0.13540061632204994,"none":0.040703646663274695},"intensity":{"high":0.06815400358333334,"low":0.17862747733333337,"meium":0.7125148724166667,"none":0.04070364666666667},"expressive":{"dir-action":0,"dir-explicit":0.2337326165,"dir-speech":0.5683832221666666,"indirect":0.1571805146666667,"writing-device":0.04070364666666667}},{"id":"88대반점","permalink":"","username":"asdfg","text":"완전 맛있게 먹었어요 \n\n음료수도 완전 취향저격...\n\n가격이 좀 쎈가.. 싶었는데 이게 배달 퀄리티라는거 생각하면 납득은되는 ㅎㅎ 또 시킬것같아요 !","date":"Mon Dec 10 23:59:44 +0000 2018","retweets":"30","favorites":"20","mentions":[],"hashtags":[],"geo":"","raw":"완전 맛있게 먹었어요 \n\n음료수도 완전 취향저격...\n\n가격이 좀 쎈가.. 싶었는데 이게 배달 퀄리티라는거 생각하면 납득은되는 ㅎㅎ 또 시킬것같아요 !","polarity":{"com":0.007065152464782626,"pos":0.43736624781670225,"neg":0.4222004118207465,"neut":0.02499391092666829,"none":0.10837427697110019},"intensity":{"high":0.11776581326666666,"low":0.04191172913333333,"meium":0.7318048114000001,"none":0.1085176462},"expressive":{"dir-action":0.0004301075332473118,"dir-explicit":0.19390868409455161,"dir-speech":0.43214472811357096,"indirect":0.21893833815621233,"writing-device":0.15457814210241771}},{"id":"88대반점","permalink":"","username":"asdfg","text":"두번째 재주문인데 처음보다 못하네요 배달도 65분 걸리고 배달 늦는 간 이해 하는데 연근 빼고 건두부 많이 넣어달라고 말씀드렸는데 건두부는 거의 없고 연근도 들너있네요.... 다음부터 신경써주세요","date":"Mon Dec 10 23:59:44 +0000 2018","retweets":"30","favorites":"20","mentions":[],"hashtags":[],"geo":"","raw":"두번째 재주문인데 처음보다 못하네요 배달도 65분 걸리고 배달 늦는 간 이해 하는데 연근 빼고 건두부 많이 넣어달라고 말씀드렸는데 건두부는 거의 없고 연근도 들너있네요.... 다음부터 신경써주세요","polarity":{"com":0.011836580235294117,"pos":0.4048914825294117,"neg":0.41457579805882355,"neut":0.08214095076470587,"none":0.08655518841176471},"intensity":{"high":0.1371707496978135,"low":0.09858876164125947,"meium":0.6771141980189933,"none":0.08712629064193375},"expressive":{"dir-action":0,"dir-explicit":0.20176523115273348,"dir-speech":0.3803067381905521,"indirect":0.3279925942555303,"writing-device":0.08993543640118407}},{"id":"88대반점","permalink":"","username":"asdfg","text":"양도 많고 적당히 제가 원했던 맛이네요 건두부 많이달라하시니까 많이넣어주시고 쪽지도 붙어있고 자주 시키겠습니다!!!!","date":"Mon Dec 10 23:59:44 +0000 2018","retweets":"30","favorites":"20","mentions":[],"hashtags":[],"geo":"","raw":"양도 많고 적당히 제가 원했던 맛이네요 건두부 많이달라하시니까 많이넣어주시고 쪽지도 붙어있고 자주 시키겠습니다!!!!","polarity":{"com":0.00207079,"pos":0.5474921267777778,"neg":0.3415406055555555,"neut":0.03877241266666667,"none":0.070124065},"intensity":{"high":0.057629915222222224,"low":0.3225064716666666,"meium":0.548462408888889,"none":0.07140120422222222},"expressive":{"dir-action":0.0012771392223641263,"dir-explicit":0.1458686000162076,"dir-speech":0.560255057728917,"indirect":0.21943737124660415,"writing-device":0.07316183178590685}},{"id":"88대반점","permalink":"","username":"asdfg","text":"양도많고 맛도 좋고 감사합니다","date":"Mon Dec 10 23:59:44 +0000 2018","retweets":"30","favorites":"20","mentions":[],"hashtags":[],"geo":"","raw":"양도많고 맛도 좋고 감사합니다","polarity":{"com":0,"pos":0.827826087,"neg":0.15130434775,"neut":0.01086956525,"none":0.01},"intensity":{"high":0.3652173913413044,"low":0.06434782601608695,"meium":0.5604347826401087,"none":0.0100000000025},"expressive":{"dir-action":0,"dir-explicit":0.2804347825701087,"dir-speech":0.6043478261510868,"indirect":0.10521739127630436,"writing-device":0.0100000000025}},{"id":"88대반점","permalink":"","username":"asdfg","text":"음...리뷰보고 시켰다가 낭패네요 고기향만 나는 야채덮밥에 댤걀국을 비싸게 시켜먹었네요","date":"Mon Dec 10 23:59:44 +0000 2018","retweets":"30","favorites":"20","mentions":[],"hashtags":[],"geo":"","raw":"음...리뷰보고 시켰다가 낭패네요 고기향만 나는 야채덮밥에 댤걀국을 비싸게 시켜먹었네요","polarity":{"com":0.004204204201681682,"pos":0.27836847831134737,"neg":0.3712569713485028,"neut":0.24131604129652645,"none":0.10485430484194175},"intensity":{"high":0.0773124774,"low":0.12514272499999998,"meium":0.6926904928,"none":0.10485430480000002},"expressive":{"dir-action":0.0030030030006006005,"dir-explicit":0.19201399203840278,"dir-speech":0.6038346039207669,"indirect":0.09704649701940932,"writing-device":0.1041019040208204}},{"id":"88대반점","permalink":"","username":"asdfg","text":"너무 맛있어요 가지 안좋아하는데 볶음밥은 맛있네요 양은 조금 적은듯도하지만  배가 크게 고프지 않아서 딱 좋았어요 다음에는 다른 메뉴도 시켜볼게요","date":"Mon Dec 10 23:59:44 +0000 2018","retweets":"30","favorites":"20","mentions":[],"hashtags":[],"geo":"","raw":"너무 맛있어요 가지 안좋아하는데 볶음밥은 맛있네요 양은 조금 적은듯도하지만  배가 크게 고프지 않아서 딱 좋았어요 다음에는 다른 메뉴도 시켜볼게요","polarity":{"com":0.015324858834610404,"pos":0.3529085143627424,"neg":0.5298225786274852,"neut":0.030940494669245044,"none":0.07100355350591696},"intensity":{"high":0.171954512,"low":0.11064758375000001,"meium":0.6435207875,"none":0.07387711675000001},"expressive":{"dir-action":0,"dir-explicit":0.3495246193875396,"dir-speech":0.36438721088630105,"indirect":0.2091487696492376,"writing-device":0.07693940007692171}},{"id":"88대반점","permalink":"","username":"asdfg","text":"리뷰 좋길래 시켰는데 진짜 맛있어요ㅋㅋㅋ 멘보샤 새우튀김 생각했는데 안에 속이 있는 그런 거였는데 맛있었어요. 양고기덮밥은 맵기보다는 고추가 있어서 칼칼하고 맛났어요! 근데 마라탕은 너무 기름이 많고 좀 건더기가 부실해서 ㅠㅠ다음번엔 다른 국물을 시켜보려고요ㅋㅋㅋ 어쨋든 단골 될 거 같습니다 ㅎㅎㅎ","date":"Mon Dec 10 23:59:44 +0000 2018","retweets":"30","favorites":"20","mentions":[],"hashtags":[],"geo":"","raw":"리뷰 좋길래 시켰는데 진짜 맛있어요ㅋㅋㅋ 멘보샤 새우튀김 생각했는데 안에 속이 있는 그런 거였는데 맛있었어요. 양고기덮밥은 맵기보다는 고추가 있어서 칼칼하고 맛났어요! 근데 마라탕은 너무 기름이 많고 좀 건더기가 부실해서 ㅠㅠ다음번엔 다른 국물을 시켜보려고요ㅋㅋㅋ 어쨋든 단골 될 거 같습니다 ㅎㅎㅎ","polarity":{"com":0.007579571409435432,"pos":0.4178191751553553,"neg":0.4477512235658068,"neut":0.06359213863925418,"none":0.06325789123014809},"intensity":{"high":0.06175285732660268,"low":0.1265627098808949,"meium":0.7477864455110618,"none":0.06389798728144064},"expressive":{"dir-action":0.0011122559545454548,"dir-explicit":0.24941778904545456,"dir-speech":0.4454945403636364,"indirect":0.1858985591818182,"writing-device":0.11807685545454545}},{"id":"88대반점","permalink":"","username":"asdfg","text":"담엔밥류를 먹어볼게요","date":"Mon Dec 10 23:59:44 +0000 2018","retweets":"30","favorites":"20","mentions":[],"hashtags":[],"geo":"","raw":"담엔밥류를 먹어볼게요","polarity":{"com":0.02229299352229299,"pos":0.44853907594853903,"neg":0.4195733499195733,"neut":0.06991204106991203,"none":0.03968253953968254},"intensity":{"high":0.08275199700000001,"low":0.179557173,"meium":0.6980082905,"none":0.0396825395},"expressive":{"dir-action":0.006369426993630573,"dir-explicit":0.27681730872318266,"dir-speech":0.492569002007431,"indirect":0.1734405013265595,"writing-device":0.05080376094919623}},{"id":"88대반점","permalink":"","username":"asdfg","text":"광진구내최고맛있는중국집!!!!!!!!","date":"Mon Dec 10 23:59:44 +0000 2018","retweets":"30","favorites":"20","mentions":[],"hashtags":[],"geo":"","raw":"광진구내최고맛있는중국집!!!!!!!!","polarity":{"com":0,"pos":0.888888889,"neg":0.111111111,"neut":0,"none":0},"intensity":{"high":0.777777778,"low":0,"meium":0.222222222,"none":0},"expressive":{"dir-action":0,"dir-explicit":0,"dir-speech":0,"indirect":1,"writing-device":0}},{"id":"88대반점","permalink":"","username":"asdfg","text":"갑자기 마라샹궈가 좀 순해진 느낌이에오.. ㅠ 다음에는 맵게 해달라구 부탁드려야겟어요 ㅎㅎ","date":"Mon Dec 10 23:59:44 +0000 2018","retweets":"30","favorites":"20","mentions":[],"hashtags":[],"geo":"","raw":"갑자기 마라샹궈가 좀 순해진 느낌이에오.. ㅠ 다음에는 맵게 해달라구 부탁드려야겟어요 ㅎㅎ","polarity":{"com":0.00489189933414865,"pos":0.30833561388472264,"neg":0.4707535122451256,"neut":0.1240934591873489,"none":0.09192551534865426},"intensity":{"high":0.05123380782479437,"low":0.22861247946189792,"meium":0.6248243932291959,"none":0.09532931948411179},"expressive":{"dir-action":0.001915708833652618,"dir-explicit":0.14910828319151803,"dir-speech":0.6154932951025822,"indirect":0.13316456852219408,"writing-device":0.10031814435005303}},{"id":"88대반점","permalink":"","username":"asdfg","text":"진짜 맛잇게 먹엇어용","date":"Mon Dec 10 23:59:44 +0000 2018","retweets":"30","favorites":"20","mentions":[],"hashtags":[],"geo":"","raw":"진짜 맛잇게 먹엇어용","polarity":{"com":0,"pos":1,"neg":0,"neut":0,"none":0},"intensity":{"high":0,"low":0,"meium":1,"none":0},"expressive":{"dir-action":0,"dir-explicit":0,"dir-speech":1,"indirect":0,"writing-device":0}},{"id":"88대반점","permalink":"","username":"asdfg","text":"진짜 이런음식을 배달로 먹다니 진짜 맛있긴한대 약간 느끼한 맛이 있어요 그래도 맛있습니다","date":"Mon Dec 10 23:59:44 +0000 2018","retweets":"30","favorites":"20","mentions":[],"hashtags":[],"geo":"","raw":"진짜 이런음식을 배달로 먹다니 진짜 맛있긴한대 약간 느끼한 맛이 있어요 그래도 맛있습니다","polarity":{"com":0.007710516571428572,"pos":0.40668474599999993,"neg":0.49743365814285717,"neut":0.018401054142857143,"none":0.06977002514285714},"intensity":{"high":0.058715603285714284,"low":0.06771312128571429,"meium":0.8033722498571428,"none":0.07019902557142857},"expressive":{"dir-action":0.0025740025717962862,"dir-explicit":0.15418735045059817,"dir-speech":0.6273633328039091,"indirect":0.14481828773497404,"writing-device":0.07105702643872244}},{"id":"88대반점","permalink":"","username":"asdfg","text":"마파두부는 너무 맛있습니다!! 양도 많고 잘 먹었습니다~!","date":"Mon Dec 10 23:59:44 +0000 2018","retweets":"30","favorites":"20","mentions":[],"hashtags":[],"geo":"","raw":"마파두부는 너무 맛있습니다!! 양도 많고 잘 먹었습니다~!","polarity":{"com":0,"pos":0.35576259492788126,"neg":0.57185990353593,"neut":0.05253623177626811,"none":0.019841269759920635},"intensity":{"high":0.07315389926828847,"low":0.16744306404186074,"meium":0.7395617669348904,"none":0.019841269754960318},"expressive":{"dir-action":0,"dir-explicit":0.22368875080592218,"dir-speech":0.5067287786266822,"indirect":0.24577294681144324,"writing-device":0.02380952375595238}},{"id":"88대반점","permalink":"","username":"asdfg","text":"맛있어요, 나중에 마라샹궈 시킬때 사이즈 선택할수있으면 더 좋을것같아요~","date":"Mon Dec 10 23:59:44 +0000 2018","retweets":"30","favorites":"20","mentions":[],"hashtags":[],"geo":"","raw":"맛있어요, 나중에 마라샹궈 시킬때 사이즈 선택할수있으면 더 좋을것같아요~","polarity":{"com":0.0027649769992100066,"pos":0.4600963551542582,"neg":0.30189917605660027,"neut":0.06631057126676841,"none":0.16892892052316316},"intensity":{"high":0.11152771957142857,"low":0.05793185314285715,"meium":0.661304287,"none":0.16923614028571426},"expressive":{"dir-action":0.0009216589998683344,"dir-explicit":0.2645510403907784,"dir-speech":0.49447004607221856,"indirect":0.07112833398983881,"writing-device":0.16892892054729583}},{"id":"88대반점","permalink":"","username":"asdfg","text":"해물볶음면은 못먹을정도로 짭니다\n이거 간을 잘못하신거 아니고서야 이 정도가 가능한지......\n\n나머지는 쏘쏘.. 우육면은 쌀국수 국물이랑 차이 못느끼겠고.. 꿔버로우는 누린내 좀 납니다","date":"Mon Dec 10 23:59:44 +0000 2018","retweets":"30","favorites":"20","mentions":[],"hashtags":[],"geo":"","raw":"해물볶음면은 못먹을정도로 짭니다\n이거 간을 잘못하신거 아니고서야 이 정도가 가능한지......\n\n나머지는 쏘쏘.. 우육면은 쌀국수 국물이랑 차이 못느끼겠고.. 꿔버로우는 누린내 좀 납니다","polarity":{"com":0.0714285714387755,"pos":0.40844671198692095,"neg":0.4053004536293286,"neut":0.05586734693655248,"none":0.058956916008422414},"intensity":{"high":0.04620181407142858,"low":0.2262755102142857,"meium":0.6685657597142857,"none":0.058956916000000005},"expressive":{"dir-action":0,"dir-explicit":0.2589852608571429,"dir-speech":0.27797619050000005,"indirect":0.3660997732142857,"writing-device":0.09693877542857145}},{"id":"88대반점","permalink":"","username":"asdfg","text":"일단 너무 짭니다. 향이 너무 약해요.\n짠맛은 지금에 25%만 하셔도 밥이랑 먹을 수 있겠어요. 양배추 한포기 다 썰어서 볶아일 간이 맛겠어요. 주방장 음식하는거 관리 좀 하세요. 일부러 짜게(못 먹을만큼)하는거 아니면 이렇게 짤수가 없습니다(저도 외식업 10년이 넘었어요)","date":"Mon Dec 10 23:59:44 +0000 2018","retweets":"30","favorites":"20","mentions":[],"hashtags":[],"geo":"","raw":"일단 너무 짭니다. 향이 너무 약해요.\n짠맛은 지금에 25%만 하셔도 밥이랑 먹을 수 있겠어요. 양배추 한포기 다 썰어서 볶아일 간이 맛겠어요. 주방장 음식하는거 관리 좀 하세요. 일부러 짜게(못 먹을만큼)하는거 아니면 이렇게 짤수가 없습니다(저도 외식업 10년이 넘었어요)","polarity":{"com":0.020618411666666666,"pos":0.3154118063333333,"neg":0.4537978851904762,"neut":0.027879652428571426,"none":0.18229224438095232},"intensity":{"high":0.0955266688095238,"low":0.13778573514285714,"meium":0.559178955,"none":0.20750864104761907},"expressive":{"dir-action":0.0016116859526111933,"dir-explicit":0.20228976469556526,"dir-speech":0.4010916242001559,"indirect":0.1616017854040384,"writing-device":0.23340513974762933}},{"id":"88대반점","permalink":"","username":"asdfg","text":"마라샹궈가 너무 먹고싶은데 검색하니 여기 밖에 안나와 반신반의하며 주문했어요. 보통 가게에서 마라샹궈 최저금액이 2만원인데 배달 포함 그 가격이니 아주 괜찮은듯 합니다. 맛도 꽤나 地道해요 ^^","date":"Mon Dec 10 23:59:44 +0000 2018","retweets":"30","favorites":"20","mentions":[],"hashtags":[],"geo":"","raw":"마라샹궈가 너무 먹고싶은데 검색하니 여기 밖에 안나와 반신반의하며 주문했어요. 보통 가게에서 마라샹궈 최저금액이 2만원인데 배달 포함 그 가격이니 아주 괜찮은듯 합니다. 맛도 꽤나 地道해요 ^^","polarity":{"com":0.007163170294117646,"pos":0.6224794357058824,"neg":0.29035886200000005,"neut":0.03656903476470588,"none":0.04342949723529412},"intensity":{"high":0.1056087648885652,"low":0.08246575653426269,"meium":0.7667824997509872,"none":0.045142978826184885},"expressive":{"dir-action":0.001694280294316974,"dir-explicit":0.2983919405645168,"dir-speech":0.4369411403455224,"indirect":0.21242573643675597,"writing-device":0.05054690235888787}},{"id":"88대반점","permalink":"","username":"asdfg","text":"오늘 날씨가 너무 추워서 그런지 몰라도 많이 식어서 왔네요. 꿔바로우는 따뜻해야 맛있는데 .. \n그리고 꿔바로우 소스를 이렇게 버물려서 올줄이야.. 우육탕도 다 뿛어서 국물이 거의 없었어요. ㅠㅠ 맛은 있는데 아쉽네요.","date":"Mon Dec 10 23:59:44 +0000 2018","retweets":"30","favorites":"20","mentions":[],"hashtags":[],"geo":"","raw":"오늘 날씨가 너무 추워서 그런지 몰라도 많이 식어서 왔네요. 꿔바로우는 따뜻해야 맛있는데 .. \n그리고 꿔바로우 소스를 이렇게 버물려서 올줄이야.. 우육탕도 다 뿛어서 국물이 거의 없었어요. ㅠㅠ 맛은 있는데 아쉽네요.","polarity":{"com":0.0039650945002202825,"pos":0.4250581335791699,"neg":0.2969499489609417,"neut":0.18044216689891346,"none":0.09358465606075471},"intensity":{"high":0.0691042783294942,"low":0.13778589410345632,"meium":0.6990291397389428,"none":0.09408068782810663},"expressive":{"dir-action":0.0007077141110717938,"dir-explicit":0.17383508015700913,"dir-speech":0.4225649861431909,"indirect":0.25339815093036683,"writing-device":0.14949406865836143}},{"id":"88대반점","permalink":"","username":"asdfg","text":"따뜻하게 목을수 있어서 좋아요 . 덮밥 꽤 맛있어요 :-)","date":"Mon Dec 10 23:59:44 +0000 2018","retweets":"30","favorites":"20","mentions":[],"hashtags":[],"geo":"","raw":"따뜻하게 목을수 있어서 좋아요 . 덮밥 꽤 맛있어요 :-)","polarity":{"com":0.0017857142,"pos":0.8518571427999999,"neg":0.04014285720000001,"neut":0.0071428572,"none":0.0990714286},"intensity":{"high":0.24892857140000002,"low":0.0187142858,"meium":0.6332857142,"none":0.0990714286},"expressive":{"dir-action":0.20000000000000004,"dir-explicit":0.1592857142,"dir-speech":0.08107142860000002,"indirect":0.46057142860000005,"writing-device":0.09907142860000001}},{"id":"88대반점","permalink":"","username":"asdfg","text":"마리샹궈 배달은 첨 먹어보는데 괜찮아요 밥반찬으로 좋아요","date":"Mon Dec 10 23:59:44 +0000 2018","retweets":"30","favorites":"20","mentions":[],"hashtags":[],"geo":"","raw":"마리샹궈 배달은 첨 먹어보는데 괜찮아요 밥반찬으로 좋아요","polarity":{"com":0,"pos":0.56333333325,"neg":0.42666666675,"neut":0,"none":0.01},"intensity":{"high":0.07777777775,"low":0.1905555555,"meium":0.59666666675,"none":0.135},"expressive":{"dir-action":0,"dir-explicit":0.3305555555,"dir-speech":0.6194444445,"indirect":0.04,"writing-device":0.01}},{"id":"88대반점","permalink":"","username":"asdfg","text":"가격대비 음식양과 퀄리티가 매우 떨어집니다 \n한 7천원 정도에 팔아도 될거 같은 마라탕이네요 삼겹살 볶음밥도 삼겹살 조각 매우 조금 들어있습니다 별로예요","date":"Mon Dec 10 23:59:44 +0000 2018","retweets":"30","favorites":"20","mentions":[],"hashtags":[],"geo":"","raw":"가격대비 음식양과 퀄리티가 매우 떨어집니다 \n한 7천원 정도에 팔아도 될거 같은 마라탕이네요 삼겹살 볶음밥도 삼겹살 조각 매우 조금 들어있습니다 별로예요","polarity":{"com":0.008036891614148172,"pos":0.42087021062755847,"neg":0.4232612251656521,"neut":0.026704031918968616,"none":0.12112764067367268},"intensity":{"high":0.2379209303846154,"low":0.045959041538461545,"meium":0.5943055741538462,"none":0.12181445392307694},"expressive":{"dir-action":0,"dir-explicit":0.2203983431968618,"dir-speech":0.28113361695674866,"indirect":0.2965557195697606,"writing-device":0.2019123202766289}},{"id":"88대반점","permalink":"","username":"asdfg","text":"아주 맛잇엇다! 특히 마라샹궈는 중국에서 먹어본 맛과 매우 비슷햇다. 혹시 중국인이신지?.. \n매우 만족스러웠지만, 한가지 아쉬운점이 잇다면 볶음밥에 야채(당근,오이) 가 너무 굵었다. ㅠ","date":"Mon Dec 10 23:59:44 +0000 2018","retweets":"30","favorites":"20","mentions":[],"hashtags":[],"geo":"","raw":"아주 맛잇엇다! 특히 마라샹궈는 중국에서 먹어본 맛과 매우 비슷햇다. 혹시 중국인이신지?.. \n매우 만족스러웠지만, 한가지 아쉬운점이 잇다면 볶음밥에 야채(당근,오이) 가 너무 굵었다. ㅠ","polarity":{"com":0.017854912251115934,"pos":0.4599023676537438,"neg":0.37222514327326406,"neut":0.05629963669101873,"none":0.09371794013085738},"intensity":{"high":0.21190187706249994,"low":0.10480759312499997,"meium":0.5885788685,"none":0.09471166131249997},"expressive":{"dir-action":0.0009937211877484302,"dir-explicit":0.2279378281819845,"dir-speech":0.3525327497131332,"indirect":0.321916027892979,"writing-device":0.0966196730241549}}]