[{"id":"찌개매니아","permalink":"","username":"asdfg","text":"* 맛있어요 다음에도 또 시켜 먹을깨요 군대 제대하면요 ㅎㅎ","date":"Mon Dec 10 23:59:44 +0000 2018","retweets":"30","favorites":"20","mentions":[],"hashtags":[],"geo":"","raw":"* 맛있어요 다음에도 또 시켜 먹을깨요 군대 제대하면요 ㅎㅎ","polarity":{"com":0.0052995392,"pos":0.2127496158,"neg":0.6695852536,"neut":0.0196313364,"none":0.092734255},"intensity":{"high":0.07875064000000001,"low":0.09052739359999999,"meium":0.7375576038,"none":0.09316436260000001},"expressive":{"dir-action":0.0012903225997419356,"dir-explicit":0.1443830005711234,"dir-speech":0.674480286665104,"indirect":0.08854070658229185,"writing-device":0.09130568358173886}}]