[{"id":"매운사랑중식빠","permalink":"","username":"asdfg","text":"무난하게 먹었어요","date":"Mon Dec 10 23:59:44 +0000 2018","retweets":"30","favorites":"20","mentions":[],"hashtags":[],"geo":"","raw":"무난하게 먹었어요","polarity":{"com":0,"pos":0.6666666665000001,"neg":0.3333333335,"neut":0,"none":0},"intensity":{"high":0.0555555555,"low":0.611111111,"meium":0.3333333335,"none":0},"expressive":{"dir-action":0,"dir-explicit":0.611111111,"dir-speech":0.388888889,"indirect":0,"writing-device":0}},{"id":"매운사랑중식빠","permalink":"","username":"asdfg","text":"너무 맛있고 배달이 빨랐어요.야쿠르트까지 주셔서 고맙습니다.","date":"Mon Dec 10 23:59:44 +0000 2018","retweets":"30","favorites":"20","mentions":[],"hashtags":[],"geo":"","raw":"너무 맛있고 배달이 빨랐어요.야쿠르트까지 주셔서 고맙습니다.","polarity":{"com":0.03571428575,"pos":0.5811688312500001,"neg":0.2126623375,"neut":0,"none":0.1704545455},"intensity":{"high":0.0698051947674513,"low":0.13041125528260283,"meium":0.6179653681544913,"none":0.18181818179545456},"expressive":{"dir-action":0,"dir-explicit":0.1655844155413961,"dir-speech":0.3555194805888799,"indirect":0.2970779220742695,"writing-device":0.18181818179545456}},{"id":"매운사랑중식빠","permalink":"","username":"asdfg","text":"너무 맛있고 양도 많아서 좋네요 ㅎㅎ","date":"Mon Dec 10 23:59:44 +0000 2018","retweets":"30","favorites":"20","mentions":[],"hashtags":[],"geo":"","raw":"너무 맛있고 양도 많아서 좋네요 ㅎㅎ","polarity":{"com":0.04761904766666666,"pos":0.4847204969999999,"neg":0.4398343683333332,"neut":0.014492753666666663,"none":0.013333333333333332},"intensity":{"high":0.20124223606708072,"low":0.13341614904447205,"meium":0.6520082815506695,"none":0.013333333337777779},"expressive":{"dir-action":0,"dir-explicit":0.5643892338547964,"dir-speech":0.23436853007812286,"indirect":0.18790890272930297,"writing-device":0.013333333337777779}},{"id":"매운사랑중식빠","permalink":"","username":"asdfg","text":"너무 맛있고 양도 많아서 좋네요 ㅎㅎ","date":"Mon Dec 10 23:59:44 +0000 2018","retweets":"30","favorites":"20","mentions":[],"hashtags":[],"geo":"","raw":"너무 맛있고 양도 많아서 좋네요 ㅎㅎ","polarity":{"com":0.04761904766666666,"pos":0.4847204969999999,"neg":0.4398343683333332,"neut":0.014492753666666663,"none":0.013333333333333332},"intensity":{"high":0.20124223606708072,"low":0.13341614904447205,"meium":0.6520082815506695,"none":0.013333333337777779},"expressive":{"dir-action":0,"dir-explicit":0.5643892338547964,"dir-speech":0.23436853007812286,"indirect":0.18790890272930297,"writing-device":0.013333333337777779}},{"id":"매운사랑중식빠","permalink":"","username":"asdfg","text":"정말 맛이었요. 배달도 빠르니까엉","date":"Mon Dec 10 23:59:44 +0000 2018","retweets":"30","favorites":"20","mentions":[],"hashtags":[],"geo":"","raw":"정말 맛이었요. 배달도 빠르니까엉","polarity":{"com":0,"pos":0.9166666666666666,"neg":0,"neut":0,"none":0.08333333333333333},"intensity":{"high":0.16666666666666666,"low":0.111111111,"meium":0.638888889,"none":0.08333333333333333},"expressive":{"dir-action":0,"dir-explicit":0.16666666666666666,"dir-speech":0.4166666666666667,"indirect":0.3333333333333333,"writing-device":0.08333333333333333}},{"id":"매운사랑중식빠","permalink":"","username":"asdfg","text":"일단 배달 예상시간(보통1시간?) 보다는 일찍 와요.\n지삼선은 애기들 먹을까 싶어 주문했는데 빨간거 보고\n아앙~ 시러 매워 이러고 맛도 안보네요.ㅜ\n마라샹궈 안맵고 맛있는데 먹다보니 후워구워 소스에 찍어먹고 싶어서 급한대로 집에 있는 마장+고추기름+다진마늘 에 찍어 먹으니 쨩쨩 맛있네요!!","date":"Mon Dec 10 23:59:44 +0000 2018","retweets":"30","favorites":"20","mentions":[],"hashtags":[],"geo":"","raw":"일단 배달 예상시간(보통1시간?) 보다는 일찍 와요.\n지삼선은 애기들 먹을까 싶어 주문했는데 빨간거 보고\n아앙~ 시러 매워 이러고 맛도 안보네요.ㅜ\n마라샹궈 안맵고 맛있는데 먹다보니 후워구워 소스에 찍어먹고 싶어서 급한대로 집에 있는 마장+고추기름+다진마늘 에 찍어 먹으니 쨩쨩 맛있네요!!","polarity":{"com":0.0023853578696689287,"pos":0.40436045127845044,"neg":0.49905167371735,"neut":0.026734888957684125,"none":0.06746762817684641},"intensity":{"high":0.05744159182858442,"low":0.09486601183021157,"meium":0.7795946484251998,"none":0.06809774791600424},"expressive":{"dir-action":0,"dir-explicit":0.20633455309592758,"dir-speech":0.5333650682405812,"indirect":0.16837622874645114,"writing-device":0.09192414991704016}},{"id":"매운사랑중식빠","permalink":"","username":"asdfg","text":"너무 맛있게 잘먹었어요 !!!!!!!","date":"Mon Dec 10 23:59:44 +0000 2018","retweets":"30","favorites":"20","mentions":[],"hashtags":[],"geo":"","raw":"너무 맛있게 잘먹었어요 !!!!!!!","polarity":{"com":0.07142857153571429,"pos":0.4285714287142857,"neg":0.4642857142321429,"neut":0.035714285517857144,"none":0},"intensity":{"high":0.0714285715,"low":0.1785714285,"meium":0.75,"none":0},"expressive":{"dir-action":0,"dir-explicit":0.39285714250000003,"dir-speech":0.21428571450000003,"indirect":0.392857143,"writing-device":0}},{"id":"매운사랑중식빠","permalink":"","username":"asdfg","text":"셋 다 무난했는데 꿔바로우에 파 당근 마늘 같은 야채가 하나도 없어요. 그리고 중국에 있을때 먹던 꿔바로우가 아니네요.. 신맛이 안나요.\n마라두부는 남편이 다 먹고 전 두 조각 정도 먹었는데 괜찮은 거 같아요.\n마라갈비는 조금 냄새가 나서... 다음번엔 다른거 먹으려구요.","date":"Mon Dec 10 23:59:44 +0000 2018","retweets":"30","favorites":"20","mentions":[],"hashtags":[],"geo":"","raw":"셋 다 무난했는데 꿔바로우에 파 당근 마늘 같은 야채가 하나도 없어요. 그리고 중국에 있을때 먹던 꿔바로우가 아니네요.. 신맛이 안나요.\n마라두부는 남편이 다 먹고 전 두 조각 정도 먹었는데 괜찮은 거 같아요.\n마라갈비는 조금 냄새가 나서... 다음번엔 다른거 먹으려구요.","polarity":{"com":0.0026665706667777737,"pos":0.31484802897145203,"neg":0.4391887869349662,"neut":0.13693167279737214,"none":0.10636494062943187},"intensity":{"high":0.12076469865660294,"low":0.11109321907407556,"meium":0.660943488236588,"none":0.10719859403273344},"expressive":{"dir-action":0.00026881720834453403,"dir-explicit":0.1965345176748556,"dir-speech":0.40834606147534774,"indirect":0.22267878471761163,"writing-device":0.17217181892384054}},{"id":"매운사랑중식빠","permalink":"","username":"asdfg","text":"양도 진짜 많고 맛있어요!!\n배달은 좀 오래걸렸지만 그래도 다음에 또 시켜먹고 싶네요","date":"Mon Dec 10 23:59:44 +0000 2018","retweets":"30","favorites":"20","mentions":[],"hashtags":[],"geo":"","raw":"양도 진짜 많고 맛있어요!!\n배달은 좀 오래걸렸지만 그래도 다음에 또 시켜먹고 싶네요","polarity":{"com":0,"pos":0.35843685295519545,"neg":0.5825569358021804,"neut":0.005434782624320652,"none":0.05357142861830357},"intensity":{"high":0.04649758450581219,"low":0.05495169075686896,"meium":0.8449792961056224,"none":0.05357142863169642},"expressive":{"dir-action":0,"dir-explicit":0.16085231189510654,"dir-speech":0.6101104210762638,"indirect":0.1576086956447011,"writing-device":0.07142857138392857}},{"id":"매운사랑중식빠","permalink":"","username":"asdfg","text":"마라샹궈 진짜 맛있어요ㅜㅠ 또 주문할게요!","date":"Mon Dec 10 23:59:44 +0000 2018","retweets":"30","favorites":"20","mentions":[],"hashtags":[],"geo":"","raw":"마라샹궈 진짜 맛있어요ㅜㅠ 또 주문할게요!","polarity":{"com":0.006451612997849463,"pos":0.21966205826011267,"neg":0.5937532001354157,"neut":0.02795698932401434,"none":0.15217613928260798},"intensity":{"high":0.046594982,"low":0.03870967733333333,"meium":0.7618023553333333,"none":0.15289298533333334},"expressive":{"dir-action":0.002150537666666667,"dir-explicit":0.15227854600000001,"dir-speech":0.526779314,"indirect":0.11899641566666667,"writing-device":0.19979518666666665}},{"id":"매운사랑중식빠","permalink":"","username":"asdfg","text":"맛있어서 또 시켰어요. \n싹 비웠어요~","date":"Mon Dec 10 23:59:44 +0000 2018","retweets":"30","favorites":"20","mentions":[],"hashtags":[],"geo":"","raw":"맛있어서 또 시켰어요. \n싹 비웠어요~","polarity":{"com":0,"pos":0.0714285714642857,"neg":0.7142857141428571,"neut":0,"none":0.21428571439285712},"intensity":{"high":0,"low":0,"meium":0.7857142855,"none":0.2142857145},"expressive":{"dir-action":0,"dir-explicit":0.0714285715,"dir-speech":0.642857143,"indirect":0,"writing-device":0.2857142855}},{"id":"매운사랑중식빠","permalink":"","username":"asdfg","text":"맛있어요. 또 주문할께요.","date":"Mon Dec 10 23:59:44 +0000 2018","retweets":"30","favorites":"20","mentions":[],"hashtags":[],"geo":"","raw":"맛있어요. 또 주문할께요.","polarity":{"com":0.006451612997849463,"pos":0.21966205826011267,"neg":0.5937532001354157,"neut":0.02795698932401434,"none":0.15217613928260798},"intensity":{"high":0.046594982,"low":0.03870967733333333,"meium":0.7618023553333333,"none":0.15289298533333334},"expressive":{"dir-action":0.002150537666666667,"dir-explicit":0.15227854600000001,"dir-speech":0.526779314,"indirect":0.11899641566666667,"writing-device":0.19979518666666665}},{"id":"매운사랑중식빠","permalink":"","username":"asdfg","text":"맛있는데 상궈에 돼지고기 딱 1개 들어가있네요..\n햄을 안좋아해서\n햄대신 돼지고기선택할수있었으먼해요 ㅜㅠ","date":"Mon Dec 10 23:59:44 +0000 2018","retweets":"30","favorites":"20","mentions":[],"hashtags":[],"geo":"","raw":"맛있는데 상궈에 돼지고기 딱 1개 들어가있네요..\n햄을 안좋아해서\n햄대신 돼지고기선택할수있었으먼해요 ㅜㅠ","polarity":{"com":0.006451612999999999,"pos":0.1720430106666667,"neg":0.7842293906666667,"neut":0.027956989333333335,"none":0.009318996333333334},"intensity":{"high":0.04659498199999999,"low":0.038709677333333324,"meium":0.9046594983333333,"none":0.010035842333333331},"expressive":{"dir-action":0.002150537666666667,"dir-explicit":0.43799283166666664,"dir-speech":0.43154121866666667,"indirect":0.11899641566666667,"writing-device":0.009318996333333334}},{"id":"매운사랑중식빠","permalink":"","username":"asdfg","text":"조아조아 조아조아 조아요","date":"Mon Dec 10 23:59:44 +0000 2018","retweets":"30","favorites":"20","mentions":[],"hashtags":[],"geo":"","raw":"조아조아 조아조아 조아요","polarity":{"com":null,"pos":null,"neg":null,"neut":null,"none":null},"intensity":{"high":null,"low":null,"meium":null,"none":null},"expressive":{"dir-action":null,"dir-explicit":null,"dir-speech":null,"indirect":null,"writing-device":null}},{"id":"매운사랑중식빠","permalink":"","username":"asdfg","text":"마라두부는 항상 맛있네요 ~^^","date":"Mon Dec 10 23:59:44 +0000 2018","retweets":"30","favorites":"20","mentions":[],"hashtags":[],"geo":"","raw":"마라두부는 항상 맛있네요 ~^^","polarity":{"com":0,"pos":0.1587301585793651,"neg":0.7539682543769841,"neut":0.04761904752380952,"none":0.03968253951984128},"intensity":{"high":0.015873016000000004,"low":0.11904761900000001,"meium":0.8253968255,"none":0.03968253950000001},"expressive":{"dir-action":0,"dir-explicit":0.0793650795,"dir-speech":0.8333333334999999,"indirect":0.0396825395,"writing-device":0.0476190475}},{"id":"매운사랑중식빠","permalink":"","username":"asdfg","text":"데리야키닭갈비밥 이라고 하는데 밥이없네요","date":"Mon Dec 10 23:59:44 +0000 2018","retweets":"30","favorites":"20","mentions":[],"hashtags":[],"geo":"","raw":"데리야키닭갈비밥 이라고 하는데 밥이없네요","polarity":{"com":0.004415961285714286,"pos":0.2893889392857143,"neg":0.4515997897142857,"neut":0.01678702942857143,"none":0.2378082802857143},"intensity":{"high":0.07213002383653427,"low":0.17478916580720308,"meium":0.36938638860874673,"none":0.3836944217475159},"expressive":{"dir-action":0.0016420361430917194,"dir-explicit":0.22687200088955314,"dir-speech":0.2562931433223276,"indirect":0.26829754332404254,"writing-device":0.24689527632098507}},{"id":"매운사랑중식빠","permalink":"","username":"asdfg","text":"냠냠 또 시켜먹었어요 역시 ... 너무 맛있네용 👍🏻👍🏻👍🏻👍🏻👍🏻 담엔 또 뭘 시켜먹을지 크크 😋","date":"Mon Dec 10 23:59:44 +0000 2018","retweets":"30","favorites":"20","mentions":[],"hashtags":[],"geo":"","raw":"냠냠 또 시켜먹었어요 역시 ... 너무 맛있네용 👍🏻👍🏻👍🏻👍🏻👍🏻 담엔 또 뭘 시켜먹을지 크크 😋","polarity":{"com":0.027313027337885504,"pos":0.305233805217539,"neg":0.4443014444073836,"neut":0.08143858134690643,"none":0.14171314169028554},"intensity":{"high":0.07114257117852377,"low":0.17510367502918392,"meium":0.6120406121020068,"none":0.14171314169028554},"expressive":{"dir-action":0.0025025025008341673,"dir-explicit":0.29615329609871777,"dir-speech":0.4445874448148625,"indirect":0.08758758752919586,"writing-device":0.1691691690563897}},{"id":"매운사랑중식빠","permalink":"","username":"asdfg","text":"맛있어요 마라요리 최고네요","date":"Mon Dec 10 23:59:44 +0000 2018","retweets":"30","favorites":"20","mentions":[],"hashtags":[],"geo":"","raw":"맛있어요 마라요리 최고네요","polarity":{"com":0.007625272333333333,"pos":0.46187363833333334,"neg":0.42592592599999995,"neut":0.030501089333333332,"none":0.074074074},"intensity":{"high":0.04248366001416121,"low":0.027233115342411036,"meium":0.8562091506187364,"none":0.07407407402469135},"expressive":{"dir-action":0,"dir-explicit":0.47276688466666666,"dir-speech":0.40087145966666665,"indirect":0.045751634000000006,"writing-device":0.08061002166666667}},{"id":"매운사랑중식빠","permalink":"","username":"asdfg","text":"배달.....너무 늦었어요 ㅠㅠㅠ 맛있는게ㅠㅠㅠㅠ","date":"Mon Dec 10 23:59:44 +0000 2018","retweets":"30","favorites":"20","mentions":[],"hashtags":[],"geo":"","raw":"배달.....너무 늦었어요 ㅠㅠㅠ 맛있는게ㅠㅠㅠㅠ","polarity":{"com":0.035714285741071425,"pos":0.381868131904533,"neg":0.543956043864011,"neut":0.03846153849038462,"none":0},"intensity":{"high":0.054945055000000007,"low":0.0934065935,"meium":0.8516483515,"none":0},"expressive":{"dir-action":0,"dir-explicit":0.21978021975,"dir-speech":0.7445054945,"indirect":0.035714285750000005,"writing-device":0}},{"id":"매운사랑중식빠","permalink":"","username":"asdfg","text":"정말 맛있어요!!","date":"Mon Dec 10 23:59:44 +0000 2018","retweets":"30","favorites":"20","mentions":[],"hashtags":[],"geo":"","raw":"정말 맛있어요!!","polarity":{"com":0,"pos":0.75,"neg":0,"neut":0,"none":0.25},"intensity":{"high":0.5,"low":0,"meium":0.25,"none":0.25},"expressive":{"dir-action":0,"dir-explicit":0.5,"dir-speech":0.25,"indirect":0,"writing-device":0.25}},{"id":"매운사랑중식빠","permalink":"","username":"asdfg","text":"맛잇어요ㅡㅡㅡㅡㅡㅡ","date":"Mon Dec 10 23:59:44 +0000 2018","retweets":"30","favorites":"20","mentions":[],"hashtags":[],"geo":"","raw":"맛잇어요ㅡㅡㅡㅡㅡㅡ","polarity":{"com":0,"pos":1,"neg":0,"neut":0,"none":0},"intensity":{"high":0,"low":0,"meium":1,"none":0},"expressive":{"dir-action":0,"dir-explicit":0,"dir-speech":1,"indirect":0,"writing-device":0}},{"id":"매운사랑중식빠","permalink":"","username":"asdfg","text":"꿔바로우는 바삭하니 소스도 입맛에 딱맞고 또시켜먹고 싶어요\n어향육슬덮밥은 고수가 들어가는줄 몰랐는데 고수인지 아무튼 향신료 냄새가 강하더라구요ㅜㅜ담에 시킬땐 빼달라구해야겠어요ㅠㅜ","date":"Mon Dec 10 23:59:44 +0000 2018","retweets":"30","favorites":"20","mentions":[],"hashtags":[],"geo":"","raw":"꿔바로우는 바삭하니 소스도 입맛에 딱맞고 또시켜먹고 싶어요\n어향육슬덮밥은 고수가 들어가는줄 몰랐는데 고수인지 아무튼 향신료 냄새가 강하더라구요ㅜㅜ담에 시킬땐 빼달라구해야겠어요ㅠㅜ","polarity":{"com":0.0058707094610868675,"pos":0.31180550482216884,"neg":0.4414311548121976,"neut":0.11197512414523268,"none":0.12891750675931404},"intensity":{"high":0.15238409124249108,"low":0.15031129293463932,"meium":0.5668161225051397,"none":0.13048849331772988},"expressive":{"dir-action":0.000884173307760321,"dir-explicit":0.17936583401379738,"dir-speech":0.33047430956388263,"indirect":0.2688347235591411,"writing-device":0.22044095955541854}},{"id":"매운사랑중식빠","permalink":"","username":"asdfg","text":"맛있다 좀짜다 내용물이 좀많았음촣겠다","date":"Mon Dec 10 23:59:44 +0000 2018","retweets":"30","favorites":"20","mentions":[],"hashtags":[],"geo":"","raw":"맛있다 좀짜다 내용물이 좀많았음촣겠다","polarity":{"com":0.0038126361666666665,"pos":0.5461542105,"neg":0.39049919483333334,"neut":0.0224969215,"none":0.037037037},"intensity":{"high":0.0647200908549067,"low":0.216515108405505,"meium":0.6817277637272426,"none":0.037037037012345675},"expressive":{"dir-action":0,"dir-explicit":0.3900066307316678,"dir-speech":0.4200009472366668,"indirect":0.14968741119161458,"writing-device":0.04030501084005084}},{"id":"매운사랑중식빠","permalink":"","username":"asdfg","text":"너~~무 맛있어요 밥도둑이에요~ㅎㅎ","date":"Mon Dec 10 23:59:44 +0000 2018","retweets":"30","favorites":"20","mentions":[],"hashtags":[],"geo":"","raw":"너~~무 맛있어요 밥도둑이에요~ㅎㅎ","polarity":{"com":0,"pos":0,"neg":1,"neut":0,"none":0},"intensity":{"high":0,"low":0,"meium":1,"none":0},"expressive":{"dir-action":0,"dir-explicit":0,"dir-speech":1,"indirect":0,"writing-device":0}},{"id":"매운사랑중식빠","permalink":"","username":"asdfg","text":"西红柿炒鸡蛋里放 辣椒油。。","date":"Mon Dec 10 23:59:44 +0000 2018","retweets":"30","favorites":"20","mentions":[],"hashtags":[],"geo":"","raw":"西红柿炒鸡蛋里放 辣椒油。。","polarity":{"com":null,"pos":null,"neg":null,"neut":null,"none":null},"intensity":{"high":null,"low":null,"meium":null,"none":null},"expressive":{"dir-action":null,"dir-explicit":null,"dir-speech":null,"indirect":null,"writing-device":null}},{"id":"매운사랑중식빠","permalink":"","username":"asdfg","text":"맛은 너무나 좋았는데...마한 맛이 많이 약하네요 ㅠㅡㅠ.....","date":"Mon Dec 10 23:59:44 +0000 2018","retweets":"30","favorites":"20","mentions":[],"hashtags":[],"geo":"","raw":"맛은 너무나 좋았는데...마한 맛이 많이 약하네요 ㅠㅡㅠ.....","polarity":{"com":0,"pos":0.58333333325,"neg":0.32638888899999996,"neut":0.09027777775,"none":0},"intensity":{"high":0.25,"low":0.138888889,"meium":0.611111111,"none":0},"expressive":{"dir-action":0,"dir-explicit":0.2430555555,"dir-speech":0.638888889,"indirect":0.11805555549999999,"writing-device":0}},{"id":"매운사랑중식빠","permalink":"","username":"asdfg","text":"둘다맛납니다!\n깐궈닭고기는 살고기부위다보니 역시 깐궈곱창보다는 덜바삭합니다 \n마라샹궈는 재료양 모두만족합니다 굳굳","date":"Mon Dec 10 23:59:44 +0000 2018","retweets":"30","favorites":"20","mentions":[],"hashtags":[],"geo":"","raw":"둘다맛납니다!\n깐궈닭고기는 살고기부위다보니 역시 깐궈곱창보다는 덜바삭합니다 \n마라샹궈는 재료양 모두만족합니다 굳굳","polarity":{"com":0.007251575902175471,"pos":0.4540349064362105,"neg":0.2695463214808639,"neut":0.1855217436556565,"none":0.08364545252509362},"intensity":{"high":0.051663223800000005,"low":0.2373518194,"meium":0.6259750252,"none":0.0850099316},"expressive":{"dir-action":0.0017945866005383755,"dir-explicit":0.16177551784853264,"dir-speech":0.6500083427950024,"indirect":0.09039925302711976,"writing-device":0.09602229972880667}},{"id":"매운사랑중식빠","permalink":"","username":"asdfg","text":"非常好吃 推荐给住在附近的同胞小可爱们 就是量能再多一些就更好了","date":"Mon Dec 10 23:59:44 +0000 2018","retweets":"30","favorites":"20","mentions":[],"hashtags":[],"geo":"","raw":"非常好吃 推荐给住在附近的同胞小可爱们 就是量能再多一些就更好了","polarity":{"com":null,"pos":null,"neg":null,"neut":null,"none":null},"intensity":{"high":null,"low":null,"meium":null,"none":null},"expressive":{"dir-action":null,"dir-explicit":null,"dir-speech":null,"indirect":null,"writing-device":null}},{"id":"매운사랑중식빠","permalink":"","username":"asdfg","text":"주문한지 1시간..아직 도착 안했는데 주문완료가 뜨네요","date":"Mon Dec 10 23:59:44 +0000 2018","retweets":"30","favorites":"20","mentions":[],"hashtags":[],"geo":"","raw":"주문한지 1시간..아직 도착 안했는데 주문완료가 뜨네요","polarity":{"com":0.0029761905,"pos":0.443452381,"neg":0.46904761899999997,"neut":0.013392857166666668,"none":0.07113095233333334},"intensity":{"high":0.068452381,"low":0.1845238095,"meium":0.6744047618333333,"none":0.07261904766666667},"expressive":{"dir-action":0,"dir-explicit":0.5041666666666667,"dir-speech":0.3354166666666667,"indirect":0.08928571433333332,"writing-device":0.07113095233333334}},{"id":"매운사랑중식빠","permalink":"","username":"asdfg","text":"맛나요ㅡㅡㅡㅡㅡㅡㅡㅡ","date":"Mon Dec 10 23:59:44 +0000 2018","retweets":"30","favorites":"20","mentions":[],"hashtags":[],"geo":"","raw":"맛나요ㅡㅡㅡㅡㅡㅡㅡㅡ","polarity":{"com":0,"pos":1,"neg":0,"neut":0,"none":0},"intensity":{"high":0,"low":0,"meium":1,"none":0},"expressive":{"dir-action":0,"dir-explicit":0,"dir-speech":1,"indirect":0,"writing-device":0}},{"id":"매운사랑중식빠","permalink":"","username":"asdfg","text":"맛있네요 또생각나는군요","date":"Mon Dec 10 23:59:44 +0000 2018","retweets":"30","favorites":"20","mentions":[],"hashtags":[],"geo":"","raw":"맛있네요 또생각나는군요","polarity":{"com":0,"pos":0.0714285714642857,"neg":0.7142857141428571,"neut":0,"none":0.21428571439285712},"intensity":{"high":0,"low":0,"meium":0.7857142855,"none":0.2142857145},"expressive":{"dir-action":0,"dir-explicit":0.0714285715,"dir-speech":0.642857143,"indirect":0,"writing-device":0.2857142855}},{"id":"매운사랑중식빠","permalink":"","username":"asdfg","text":"有点慢 味道还可以 希望可以增加菜单","date":"Mon Dec 10 23:59:44 +0000 2018","retweets":"30","favorites":"20","mentions":[],"hashtags":[],"geo":"","raw":"有点慢 味道还可以 希望可以增加菜单","polarity":{"com":null,"pos":null,"neg":null,"neut":null,"none":null},"intensity":{"high":null,"low":null,"meium":null,"none":null},"expressive":{"dir-action":null,"dir-explicit":null,"dir-speech":null,"indirect":null,"writing-device":null}},{"id":"매운사랑중식빠","permalink":"","username":"asdfg","text":"내가 애정하는 단골집 오늘도 시킴 ㅋㅋㅋ 감사합니다 사장님 맛있게 잘먹을게요^^","date":"Mon Dec 10 23:59:44 +0000 2018","retweets":"30","favorites":"20","mentions":[],"hashtags":[],"geo":"","raw":"내가 애정하는 단골집 오늘도 시킴 ㅋㅋㅋ 감사합니다 사장님 맛있게 잘먹을게요^^","polarity":{"com":0.016341991336057,"pos":0.5865800865977634,"neg":0.30259740271709956,"neut":0.01428571416904762,"none":0.08019480518003247},"intensity":{"high":0.19805194803300866,"low":0.07748917734624819,"meium":0.6442640694407108,"none":0.08019480518003247},"expressive":{"dir-action":0,"dir-explicit":0.2787878787868687,"dir-speech":0.42229437226295097,"indirect":0.21991341996334776,"writing-device":0.07900432898683261}},{"id":"매운사랑중식빠","permalink":"","username":"asdfg","text":"넘 맛있엉요~~~","date":"Mon Dec 10 23:59:44 +0000 2018","retweets":"30","favorites":"20","mentions":[],"hashtags":[],"geo":"","raw":"넘 맛있엉요~~~","polarity":{"com":null,"pos":null,"neg":null,"neut":null,"none":null},"intensity":{"high":null,"low":null,"meium":null,"none":null},"expressive":{"dir-action":null,"dir-explicit":null,"dir-speech":null,"indirect":null,"writing-device":null}},{"id":"매운사랑중식빠","permalink":"","username":"asdfg","text":"맛있어요~","date":"Mon Dec 10 23:59:44 +0000 2018","retweets":"30","favorites":"20","mentions":[],"hashtags":[],"geo":"","raw":"맛있어요~~~~~~~~~","polarity":{"com":0,"pos":0,"neg":1,"neut":0,"none":0},"intensity":{"high":0,"low":0,"meium":1,"none":0},"expressive":{"dir-action":0,"dir-explicit":0,"dir-speech":1,"indirect":0,"writing-device":0}},{"id":"매운사랑중식빠","permalink":"","username":"asdfg","text":"많이 바쁘신나봐요 공기밥이랑 같이 시켰는데 요리만 왔어요ㅠㅠ 전화했더니 전화도 안 받으시고ㅠㅠ그래도 맛있고 배달도 빨리오고 별 5개 드릴게요","date":"Mon Dec 10 23:59:44 +0000 2018","retweets":"30","favorites":"20","mentions":[],"hashtags":[],"geo":"","raw":"많이 바쁘신나봐요 공기밥이랑 같이 시켰는데 요리만 왔어요ㅠㅠ 전화했더니 전화도 안 받으시고ㅠㅠ그래도 맛있고 배달도 빨리오고 별 5개 드릴게요","polarity":{"com":0.003846153846153846,"pos":0.6525641025384615,"neg":0.28215811969230764,"neut":0.056623931615384614,"none":0.004807692307692307},"intensity":{"high":0.06634615384615385,"low":0.08504273507692309,"meium":0.8438034187692308,"none":0.004807692307692308},"expressive":{"dir-action":0,"dir-explicit":0.19305555553846152,"dir-speech":0.43023504276923075,"indirect":0.3670940170769231,"writing-device":0.009615384615384616}},{"id":"매운사랑중식빠","permalink":"","username":"asdfg","text":"단골인데 ㅋㅋㅋ 자주 시켜 먹어요\n중국음식이라 기름은 좀 많이 들어가는듯 한데 느끼한건 딱히 없고 진짜 다 맛있어요 \n볶음밥도 넘 맛있고 \n자주 애용할게요^^","date":"Mon Dec 10 23:59:44 +0000 2018","retweets":"30","favorites":"20","mentions":[],"hashtags":[],"geo":"","raw":"단골인데 ㅋㅋㅋ 자주 시켜 먹어요\n중국음식이라 기름은 좀 많이 들어가는듯 한데 느끼한건 딱히 없고 진짜 다 맛있어요 \n볶음밥도 넘 맛있고 \n자주 애용할게요^^","polarity":{"com":0.0072890335625,"pos":0.513640378375,"neg":0.3350965593125,"neut":0.0365455459375,"none":0.1074284828125},"intensity":{"high":0.07548910086556387,"low":0.18509622016436297,"meium":0.6310573037336179,"none":0.10835737523645532},"expressive":{"dir-action":0.0005909134999261358,"dir-explicit":0.16609313835423836,"dir-speech":0.5363174429329604,"indirect":0.18529478953933812,"writing-device":0.11170371567353703}},{"id":"매운사랑중식빠","permalink":"","username":"asdfg","text":"집에 밥은 있는데 반찬 없어서 시켜봤는데 와 ㅠ 너무 맛있어요 ㅠㅠㅠㅠ 마라두부 평이 좋아서 시켜보니 역시 맛있네용 마라 제대로라 입이 얼얼 ㅋㅋ 양고기도 즈란 팍팍 들어 맛있고 얼얼한 입 계란탕으로 달래면서 먹는데 ㅠ 너무 잘 시킨 것 같아요 대만족 ~~ 심지어 지금 리뷰 쓰려고 보니까 예상배달 시간 아직 10분 넘게 남았다고 ㅋㅋ 종종 반찬으로 시켜먹을게요 하오츠하오츠","date":"Mon Dec 10 23:59:44 +0000 2018","retweets":"30","favorites":"20","mentions":[],"hashtags":[],"geo":"","raw":"집에 밥은 있는데 반찬 없어서 시켜봤는데 와 ㅠ 너무 맛있어요 ㅠㅠㅠㅠ 마라두부 평이 좋아서 시켜보니 역시 맛있네용 마라 제대로라 입이 얼얼 ㅋㅋ 양고기도 즈란 팍팍 들어 맛있고 얼얼한 입 계란탕으로 달래면서 먹는데 ㅠ 너무 잘 시킨 것 같아요 대만족 ~~ 심지어 지금 리뷰 쓰려고 보니까 예상배달 시간 아직 10분 넘게 남았다고 ㅋㅋ 종종 반찬으로 시켜먹을게요 하오츠하오츠","polarity":{"com":0.01253114376923077,"pos":0.36266042511538465,"neg":0.4786100161538461,"neut":0.04223786723076923,"none":0.10396054773076924},"intensity":{"high":0.1147612710044139,"low":0.10537214288866815,"meium":0.6565597690252524,"none":0.12330681708166565},"expressive":{"dir-action":0.0036120036153846156,"dir-explicit":0.21392537634615388,"dir-speech":0.437168105923077,"indirect":0.24149319153846155,"writing-device":0.10380132257692307}},{"id":"매운사랑중식빠","permalink":"","username":"asdfg","text":"맛있네요! 정말 딱 중국에서 먹었던 그 맛입니다. 앞으로도 자주 애용할게요","date":"Mon Dec 10 23:59:44 +0000 2018","retweets":"30","favorites":"20","mentions":[],"hashtags":[],"geo":"","raw":"맛있네요! 정말 딱 중국에서 먹었던 그 맛입니다. 앞으로도 자주 애용할게요","polarity":{"com":0.002419354875,"pos":0.49159946225000006,"neg":0.439919354875,"neut":0.031317204375,"none":0.034744623625000005},"intensity":{"high":0.09386200712500001,"low":0.20896057337499999,"meium":0.662163978625,"none":0.03501344087500001},"expressive":{"dir-action":0.0008064516248991937,"dir-explicit":0.15035842298120522,"dir-speech":0.748633512531421,"indirect":0.04462365586942205,"writing-device":0.05557795699305276}},{"id":"매운사랑중식빠","permalink":"","username":"asdfg","text":"배민에서 시키다가 공기밥이 없어서 오랜만에 요기요에서시키네요\n배민에도 주류 공기밥 옵션 넣어주세욧\n\n쯔란양고기 마라두부 둘다 역시 맛납니다\n쯔란은 쯔란향 나고 고추가 알싸해서 더좋네요\n이런 중식류는 다 향신료향이 제대로 나야 맛나는거같아요 \n\n양배추도 기본찬 추가되서 더 좋네요","date":"Mon Dec 10 23:59:44 +0000 2018","retweets":"30","favorites":"20","mentions":[],"hashtags":[],"geo":"","raw":"배민에서 시키다가 공기밥이 없어서 오랜만에 요기요에서시키네요\n배민에도 주류 공기밥 옵션 넣어주세욧\n\n쯔란양고기 마라두부 둘다 역시 맛납니다\n쯔란은 쯔란향 나고 고추가 알싸해서 더좋네요\n이런 중식류는 다 향신료향이 제대로 나야 맛나는거같아요 \n\n양배추도 기본찬 추가되서 더 좋네요","polarity":{"com":0.007629781249999999,"pos":0.4494260439499999,"neg":0.36841583329999994,"neut":0.09214529034999998,"none":0.08238305115},"intensity":{"high":0.13717046805685854,"low":0.08995498655449775,"meium":0.6872633365343631,"none":0.08561120885428056},"expressive":{"dir-action":0.00015015014998498495,"dir-explicit":0.30194931601980496,"dir-speech":0.3871623444612837,"indirect":0.17525843838247412,"writing-device":0.135479750986452}},{"id":"매운사랑중식빠","permalink":"","username":"asdfg","text":"좀먹고 찍었지만 전에 시켜보니 맛있어서 다른메뉴도 주문했는데  맛있네요^^","date":"Mon Dec 10 23:59:44 +0000 2018","retweets":"30","favorites":"20","mentions":[],"hashtags":[],"geo":"","raw":"좀먹고 찍었지만 전에 시켜보니 맛있어서 다른메뉴도 주문했는데  맛있네요^^","polarity":{"com":0.005299539199999999,"pos":0.14608294919999998,"neg":0.5362519202,"neut":0.21963133639999996,"none":0.09273425499999999},"intensity":{"high":0.056528417799999994,"low":0.24608294919999998,"meium":0.6042242704,"none":0.09316436260000001},"expressive":{"dir-action":0.0012903225997419356,"dir-explicit":0.0999385561800123,"dir-speech":0.718924731056215,"indirect":0.08854070658229185,"writing-device":0.09130568358173886}},{"id":"매운사랑중식빠","permalink":"","username":"asdfg","text":"꿔바로우 고기가 조금 퍽퍽해서 살짝 아쉬웠지만 마라두부는 맛있게 잘먹었습니다","date":"Mon Dec 10 23:59:44 +0000 2018","retweets":"30","favorites":"20","mentions":[],"hashtags":[],"geo":"","raw":"꿔바로우 고기가 조금 퍽퍽해서 살짝 아쉬웠지만 마라두부는 맛있게 잘먹었습니다","polarity":{"com":0.0014367816253591955,"pos":0.2108648055527162,"neg":0.3488984675872246,"neut":0.36278735634069686,"none":0.07601258889400316},"intensity":{"high":0.01833607012270799,"low":0.1556855501055393,"meium":0.7485290092814338,"none":0.07744937049031883},"expressive":{"dir-action":0.001436781625359195,"dir-explicit":0.19174192667293546,"dir-speech":0.44458128086114523,"indirect":0.2799329501949832,"writing-device":0.08230706064557676}},{"id":"매운사랑중식빠","permalink":"","username":"asdfg","text":"전 이집 단골이에요 \nㅋㅋㅋㅋ 맛있구요 배달시간도 괜찮고 \n자주 애용할게요\n음식 넘맛있게 보이죠 \n계속 먹느라 정신없어서 오늘은 받자마자 찍었어요 \n잘먹을게요 그리고 고맙습니다 사장님 ㅋㅋ","date":"Mon Dec 10 23:59:44 +0000 2018","retweets":"30","favorites":"20","mentions":[],"hashtags":[],"geo":"","raw":"전 이집 단골이에요 \nㅋㅋㅋㅋ 맛있구요 배달시간도 괜찮고 \n자주 애용할게요\n음식 넘맛있게 보이죠 \n계속 먹느라 정신없어서 오늘은 받자마자 찍었어요 \n잘먹을게요 그리고 고맙습니다 사장님 ㅋㅋ","polarity":{"com":0.005101743538853981,"pos":0.403750275261827,"neg":0.43135731749471984,"neut":0.10442206354649401,"none":0.05536860015810529},"intensity":{"high":0.12109907571093834,"low":0.2416276687294812,"meium":0.5817392293971907,"none":0.05553402616238986},"expressive":{"dir-action":0.0004962779230387479,"dir-explicit":0.15603581460338187,"dir-speech":0.5913013239545152,"indirect":0.19583913829262778,"writing-device":0.05632744522643635}},{"id":"매운사랑중식빠","permalink":"","username":"asdfg","text":"마라두부 너무 맛있네요 양도 좋고  만족합니다","date":"Mon Dec 10 23:59:44 +0000 2018","retweets":"30","favorites":"20","mentions":[],"hashtags":[],"geo":"","raw":"마라두부 너무 맛있네요 양도 좋고  만족합니다","polarity":{"com":0.047619047666666664,"pos":0.380952381,"neg":0.5714285713333332,"neut":0,"none":0},"intensity":{"high":0.047619047666666664,"low":0.04761904766666667,"meium":0.9047619046666666,"none":0},"expressive":{"dir-action":0,"dir-explicit":0.8571428569999999,"dir-speech":0.09523809533333331,"indirect":0.04761904766666666,"writing-device":0}},{"id":"매운사랑중식빠","permalink":"","username":"asdfg","text":"맛있얶어요!!! 또 시킬게용","date":"Mon Dec 10 23:59:44 +0000 2018","retweets":"30","favorites":"20","mentions":[],"hashtags":[],"geo":"","raw":"맛있얶어요!!! 또 시킬게용","polarity":{"com":0,"pos":0.14285714285714285,"neg":0.42857142857142855,"neut":0,"none":0.42857142857142855},"intensity":{"high":0,"low":0,"meium":0.571428571,"none":0.428571429},"expressive":{"dir-action":0,"dir-explicit":0.142857143,"dir-speech":0.285714286,"indirect":0,"writing-device":0.571428571}},{"id":"매운사랑중식빠","permalink":"","username":"asdfg","text":"전생에 중국인 이었던것 같은 맛입니다 입에 잘맞네요\n배달음식아닌거 같아요","date":"Mon Dec 10 23:59:44 +0000 2018","retweets":"30","favorites":"20","mentions":[],"hashtags":[],"geo":"","raw":"전생에 중국인 이었던것 같은 맛입니다 입에 잘맞네요\n배달음식아닌거 같아요","polarity":{"com":0,"pos":0.5091991341666667,"neg":0.3879870130000001,"neut":0.027056277000000004,"none":0.07575757583333334},"intensity":{"high":0.08333333333333333,"low":0.035714285666666665,"meium":0.8051948051666667,"none":0.07575757583333333},"expressive":{"dir-action":0,"dir-explicit":0.08116883115313851,"dir-speech":0.5124458874145923,"indirect":0.16396103897267314,"writing-device":0.24242424245959593}},{"id":"매운사랑중식빠","permalink":"","username":"asdfg","text":"이번은 재주문인데 배달 또 1시간 10분을 걸렸어요.지난 번과 똑같아요.\n안 좋은 평가를 남기고 싶진 않아서 저번에 좋게 말했는데.배달문제를 해결하겠다고 해도 아직 해결이 안 돼서,같은 문제는 두번 용서를 못 하겠어요.\n게다가 맛도 덜어지고 양이 적어요.더 이상 할 말이 없어요.","date":"Mon Dec 10 23:59:44 +0000 2018","retweets":"30","favorites":"20","mentions":[],"hashtags":[],"geo":"","raw":"이번은 재주문인데 배달 또 1시간 10분을 걸렸어요.지난 번과 똑같아요.\n안 좋은 평가를 남기고 싶진 않아서 저번에 좋게 말했는데.배달문제를 해결하겠다고 해도 아직 해결이 안 돼서,같은 문제는 두번 용서를 못 하겠어요.\n게다가 맛도 덜어지고 양이 적어요.더 이상 할 말이 없어요.","polarity":{"com":0.008868246286347732,"pos":0.38219786406301415,"neg":0.4863211023561659,"neut":0.05404751793243197,"none":0.06856526936204038},"intensity":{"high":0.17566836410714287,"low":0.055112193214285725,"meium":0.6980622675,"none":0.07115717517857145},"expressive":{"dir-action":0.001095882857025441,"dir-explicit":0.30581094007437737,"dir-speech":0.3327926054286293,"indirect":0.28756354393347533,"writing-device":0.07273702770649247}},{"id":"매운사랑중식빠","permalink":"","username":"asdfg","text":"이것저것 먹어봐야 할거 같아요","date":"Mon Dec 10 23:59:44 +0000 2018","retweets":"30","favorites":"20","mentions":[],"hashtags":[],"geo":"","raw":"이것저것 먹어봐야 할거 같아요","polarity":{"com":0.0038314176666666665,"pos":0.21839080433333335,"neg":0.6896551726666665,"neut":0.02298850566666667,"none":0.06513409966666667},"intensity":{"high":0.07535121330821627,"low":0.11621966796126013,"meium":0.7394636014201789,"none":0.06896551731034484},"expressive":{"dir-action":0.003831417667943806,"dir-explicit":0.12771392070923798,"dir-speech":0.39719029379906345,"indirect":0.06130268202043423,"writing-device":0.40996168580332054}},{"id":"매운사랑중식빠","permalink":"","username":"asdfg","text":"조금먹고 찍었는데 양도 괜찮은데 너무 제입맛에 맞네요..^^다음엔 딴 메뉴랑 시켜먹어야겠어요^^","date":"Mon Dec 10 23:59:44 +0000 2018","retweets":"30","favorites":"20","mentions":[],"hashtags":[],"geo":"","raw":"조금먹고 찍었는데 양도 괜찮은데 너무 제입맛에 맞네요..^^다음엔 딴 메뉴랑 시켜먹어야겠어요^^","polarity":{"com":0.025464083999999998,"pos":0.25886851914285713,"neg":0.546131673,"neut":0.09514585485714286,"none":0.074389869},"intensity":{"high":0.09727506827181787,"low":0.16881125326159838,"meium":0.6595238094772109,"none":0.07438986898937289},"expressive":{"dir-action":0,"dir-explicit":0.38615242708769254,"dir-speech":0.3852607709449628,"indirect":0.15294976740672148,"writing-device":0.0756370345606233}},{"id":"매운사랑중식빠","permalink":"","username":"asdfg","text":"超過時間了 ？？\n是在釣蝦子？","date":"Mon Dec 10 23:59:44 +0000 2018","retweets":"30","favorites":"20","mentions":[],"hashtags":[],"geo":"","raw":"超過時間了 ？？\n是在釣蝦子？","polarity":{"com":null,"pos":null,"neg":null,"neut":null,"none":null},"intensity":{"high":null,"low":null,"meium":null,"none":null},"expressive":{"dir-action":null,"dir-explicit":null,"dir-speech":null,"indirect":null,"writing-device":null}},{"id":"매운사랑중식빠","permalink":"","username":"asdfg","text":"맛있어서 먹다 찍었어요ㅠㅠ 양 진짜 많고 맛있어요 이번엔 배달도 빨리왔네요 번창하세요!!","date":"Mon Dec 10 23:59:44 +0000 2018","retweets":"30","favorites":"20","mentions":[],"hashtags":[],"geo":"","raw":"맛있어서 먹다 찍었어요ㅠㅠ 양 진짜 많고 맛있어요 이번엔 배달도 빨리왔네요 번창하세요!!","polarity":{"com":0.000892857125111607,"pos":0.21954796402744348,"neg":0.6335489994541936,"neut":0.08162525876020314,"none":0.06438492063304811},"intensity":{"high":0.06832298138354037,"low":0.09899930976237492,"meium":0.7682927882210366,"none":0.06438492063304813},"expressive":{"dir-action":0,"dir-explicit":0.26105072462500006,"dir-speech":0.5577294686250001,"indirect":0.11574361625000001,"writing-device":0.06547619050000002}},{"id":"매운사랑중식빠","permalink":"","username":"asdfg","text":"너므너므~맛있어용.중국에서먹던맛이랑똑같아요","date":"Mon Dec 10 23:59:44 +0000 2018","retweets":"30","favorites":"20","mentions":[],"hashtags":[],"geo":"","raw":"너므너므~맛있어용.중국에서먹던맛이랑똑같아요","polarity":{"com":0,"pos":0.33333333325000003,"neg":0.66666666675,"neut":0,"none":0},"intensity":{"high":0.02777777775,"low":0.0555555555,"meium":0.91666666675,"none":0},"expressive":{"dir-action":0,"dir-explicit":0.0555555555,"dir-speech":0.9444444445,"indirect":0,"writing-device":0}},{"id":"매운사랑중식빠","permalink":"","username":"asdfg","text":"넘 맛있어요 배달은 늦었지만ㅠㅠ 여유있게 주문하시는거 추천드려요 양 많고 맛있어서 재주문 의향 100번요👍👍👍👍","date":"Mon Dec 10 23:59:44 +0000 2018","retweets":"30","favorites":"20","mentions":[],"hashtags":[],"geo":"","raw":"넘 맛있어요 배달은 늦었지만ㅠㅠ 여유있게 주문하시는거 추천드려요 양 많고 맛있어서 재주문 의향 100번요👍👍👍👍","polarity":{"com":0,"pos":0.36141304350000003,"neg":0.633152173875,"neut":0.005434782625,"none":0},"intensity":{"high":0.09510869563688859,"low":0.02717391300339674,"meium":0.8777173913597147,"none":0},"expressive":{"dir-action":0,"dir-explicit":0.19021739127377718,"dir-speech":0.46467391305808425,"indirect":0.2826086956603261,"writing-device":0.0625000000078125}},{"id":"매운사랑중식빠","permalink":"","username":"asdfg","text":"볶음밥에  고수가 월래 업는건가요?\n  향라육슬 볶음밥인데  고수가 업어요","date":"Mon Dec 10 23:59:44 +0000 2018","retweets":"30","favorites":"20","mentions":[],"hashtags":[],"geo":"","raw":"볶음밥에  고수가 월래 업는건가요?\n  향라육슬 볶음밥인데  고수가 업어요","polarity":{"com":0.0152894492,"pos":0.45569561159999994,"neg":0.2662698412,"neut":0.057586368,"none":0.20515873},"intensity":{"high":0.293347339,"low":0.0699112978,"meium":0.4280112044,"none":0.20873015879999998},"expressive":{"dir-action":0,"dir-explicit":0.247945845,"dir-speech":0.1905228758,"indirect":0.3453081234,"writing-device":0.2162231558}},{"id":"매운사랑중식빠","permalink":"","username":"asdfg","text":"마라두부 진짜 제대로입니다 볶음면도 맛있어요!!","date":"Mon Dec 10 23:59:44 +0000 2018","retweets":"30","favorites":"20","mentions":[],"hashtags":[],"geo":"","raw":"마라두부 진짜 제대로입니다 볶음면도 맛있어요!!","polarity":{"com":0,"pos":0.5714285713333332,"neg":0.3333333333333333,"neut":0,"none":0.09523809533333333},"intensity":{"high":0.09523809530158729,"low":0,"meium":0.8095238093968253,"none":0.09523809530158729},"expressive":{"dir-action":0,"dir-explicit":0.14285714295238092,"dir-speech":0.6507936507830687,"indirect":0.11111111096296294,"writing-device":0.09523809530158728}},{"id":"매운사랑중식빠","permalink":"","username":"asdfg","text":"깐궈곱창 재료없다고 감자소고기볶음 추천해주셔서 주문했는데 지삼선이랑 너무나 맛이 비슷했어요~~ㅠㅠ\n그점이 좀 아쉽네요..다음엔 안먹어본 요리로 주문해보려고요","date":"Mon Dec 10 23:59:44 +0000 2018","retweets":"30","favorites":"20","mentions":[],"hashtags":[],"geo":"","raw":"깐궈곱창 재료없다고 감자소고기볶음 추천해주셔서 주문했는데 지삼선이랑 너무나 맛이 비슷했어요~~ㅠㅠ\n그점이 좀 아쉽네요..다음엔 안먹어본 요리로 주문해보려고요","polarity":{"com":0.008155024142274639,"pos":0.48917033775077357,"neg":0.32313299769120474,"neut":0.1491504089893464,"none":0.03039123142640062},"intensity":{"high":0.1742185861553013,"low":0.02134466114438176,"meium":0.7737308579838379,"none":0.03070589471647899},"expressive":{"dir-action":0.0003146632857817136,"dir-explicit":0.47481644645888926,"dir-speech":0.3484214390746618,"indirect":0.12193203274041403,"writing-device":0.054515418440253316}},{"id":"매운사랑중식빠","permalink":"","username":"asdfg","text":"너무너무 맛있어서 \n또 주문했네요\n먹어도 먹어도 맛있네요 번창하세요!","date":"Mon Dec 10 23:59:44 +0000 2018","retweets":"30","favorites":"20","mentions":[],"hashtags":[],"geo":"","raw":"너무너무 맛있어서 \n또 주문했네요\n먹어도 먹어도 맛있네요 번창하세요!","polarity":{"com":0.005529953999210007,"pos":0.2631116961052698,"neg":0.6381830151945452,"neut":0.023963133710862415,"none":0.06921220099011255},"intensity":{"high":0.07168458771428572,"low":0.09667178685714285,"meium":0.7618169850000001,"none":0.06982664042857144},"expressive":{"dir-action":0.0018433180000000003,"dir-explicit":0.17360836814285716,"dir-speech":0.632931022,"indirect":0.10199692771428573,"writing-device":0.08962036414285715}},{"id":"매운사랑중식빠","permalink":"","username":"asdfg","text":"잘먹었어요 다양하게 맛보았는데 다 맛있네요.","date":"Mon Dec 10 23:59:44 +0000 2018","retweets":"30","favorites":"20","mentions":[],"hashtags":[],"geo":"","raw":"잘먹었어요 다양하게 맛보았는데 다 맛있네요.","polarity":{"com":0,"pos":0.7321428571830356,"neg":0.17857142854464286,"neut":0.017857142754464286,"none":0.07142857151785714},"intensity":{"high":0.19642857145089285,"low":0.14448051946387985,"meium":0.5649350648587662,"none":0.09415584422646103},"expressive":{"dir-action":0,"dir-explicit":0.3993506494001623,"dir-speech":0.10714285722321429,"indirect":0.4220779218944805,"writing-device":0.07142857148214285}},{"id":"매운사랑중식빠","permalink":"","username":"asdfg","text":"진짜 맛있었어요.제입맛에 딱맞았습니다😆\n닭날개 강추","date":"Mon Dec 10 23:59:44 +0000 2018","retweets":"30","favorites":"20","mentions":[],"hashtags":[],"geo":"","raw":"진짜 맛있었어요.제입맛에 딱맞았습니다😆\n닭날개 강추","polarity":{"com":0,"pos":0.38888888899999996,"neg":0.611111111,"neut":0,"none":0},"intensity":{"high":0.0555555555,"low":0,"meium":0.9444444445,"none":0},"expressive":{"dir-action":0,"dir-explicit":0.138888889,"dir-speech":0.52777777775,"indirect":0.33333333325000003,"writing-device":0}},{"id":"매운사랑중식빠","permalink":"","username":"asdfg","text":"콜라도 같이 시켯는데 배달 안해줫아요 .급한일 잇어서 음식만 받고 나갓는데..지금 확인 해보니.콜라가 없네오","date":"Mon Dec 10 23:59:44 +0000 2018","retweets":"30","favorites":"20","mentions":[],"hashtags":[],"geo":"","raw":"콜라도 같이 시켯는데 배달 안해줫아요 .급한일 잇어서 음식만 받고 나갓는데..지금 확인 해보니.콜라가 없네오","polarity":{"com":0.0005952380833333333,"pos":0.48493080983333336,"neg":0.24193121708333334,"neut":0.09342694341666666,"none":0.17911579158333338},"intensity":{"high":0.1014041515,"low":0.098056573,"meium":0.6214234839166667,"none":0.17911579158333335},"expressive":{"dir-action":0,"dir-explicit":0.19886039888352325,"dir-speech":0.2721611722046398,"indirect":0.3525946276079009,"writing-device":0.17638380130393605}},{"id":"매운사랑중식빠","permalink":"","username":"asdfg","text":"명절연휴에 정말 맛난음식을 먹게해주셔서 고맙습니다.\n기대이상으로 맛있었습니다\n싹싹 다 비우고도 또 맛보고싶어지네요","date":"Mon Dec 10 23:59:44 +0000 2018","retweets":"30","favorites":"20","mentions":[],"hashtags":[],"geo":"","raw":"명절연휴에 정말 맛난음식을 먹게해주셔서 고맙습니다.\n기대이상으로 맛있었습니다\n싹싹 다 비우고도 또 맛보고싶어지네요","polarity":{"com":0.0026624442857142855,"pos":0.500058644,"neg":0.3186957542857143,"neut":0.011893033,"none":0.16669012442857142},"intensity":{"high":0.23835913678904025,"low":0.10581749939833784,"meium":0.4874912032892882,"none":0.1683321605233337},"expressive":{"dir-action":0.0016420361426225662,"dir-explicit":0.36074360780560805,"dir-speech":0.32135819838266305,"indirect":0.1456603331220485,"writing-device":0.17059582454705774}},{"id":"매운사랑중식빠","permalink":"","username":"asdfg","text":"인생 마파두부 ㅎ ㅎ ㅎ","date":"Mon Dec 10 23:59:44 +0000 2018","retweets":"30","favorites":"20","mentions":[],"hashtags":[],"geo":"","raw":"인생 마파두부 ㅎ ㅎ ㅎ","polarity":{"com":0,"pos":0.5,"neg":0.5,"neut":0,"none":0},"intensity":{"high":0,"low":0.5,"meium":0.5,"none":0},"expressive":{"dir-action":0,"dir-explicit":0,"dir-speech":0.5,"indirect":0.5,"writing-device":0}},{"id":"매운사랑중식빠","permalink":"","username":"asdfg","text":"너무 맛있어요.  감사합니다.","date":"Mon Dec 10 23:59:44 +0000 2018","retweets":"30","favorites":"20","mentions":[],"hashtags":[],"geo":"","raw":"너무 맛있어요.  감사합니다.","polarity":{"com":0.0714285715,"pos":0.5714285715,"neg":0.357142857,"neut":0,"none":0},"intensity":{"high":0.5714285715,"low":0.0714285715,"meium":0.357142857,"none":0},"expressive":{"dir-action":0,"dir-explicit":0.2857142855,"dir-speech":0.642857143,"indirect":0.0714285715,"writing-device":0}},{"id":"매운사랑중식빠","permalink":"","username":"asdfg","text":"맛있어서먹다말고찍음.너무맛있어요.연휴에도수고많네요.고맙습니다.잘먹을께요","date":"Mon Dec 10 23:59:44 +0000 2018","retweets":"30","favorites":"20","mentions":[],"hashtags":[],"geo":"","raw":"맛있어서먹다말고찍음.너무맛있어요.연휴에도수고많네요.고맙습니다.잘먹을께요","polarity":{"com":0.021428571431632654,"pos":0.3280094646182871,"neg":0.5698609879385516,"neut":0.018456078002636583,"none":0.06224489800889214},"intensity":{"high":0.09395642315627949,"low":0.13014887101859268,"meium":0.7136498078162358,"none":0.06224489800889213},"expressive":{"dir-action":0,"dir-explicit":0.2450557032857143,"dir-speech":0.4605343587142857,"indirect":0.2331854481428571,"writing-device":0.06122448985714286}},{"id":"매운사랑중식빠","permalink":"","username":"asdfg","text":"너무 맛있어요\n연휴인데 수고많으세요 감사합니다","date":"Mon Dec 10 23:59:44 +0000 2018","retweets":"30","favorites":"20","mentions":[],"hashtags":[],"geo":"","raw":"너무 맛있어요\n연휴인데 수고많으세요 감사합니다","polarity":{"com":0.041433239999999996,"pos":0.4799456015,"neg":0.38932022075,"neut":0.03374538225,"none":0.0555555555},"intensity":{"high":0.3827944221913972,"low":0.11048694830524346,"meium":0.45116307397558153,"none":0.05555555552777777},"expressive":{"dir-action":0,"dir-explicit":0.37786708884446674,"dir-speech":0.42642999235660745,"indirect":0.13524540253381134,"writing-device":0.06045751626511438}},{"id":"매운사랑중식빠","permalink":"","username":"asdfg","text":"배달 빨리오고 맛있게 먹었어요.양 많으면 좋겠음 ㅠㅜ","date":"Mon Dec 10 23:59:44 +0000 2018","retweets":"30","favorites":"20","mentions":[],"hashtags":[],"geo":"","raw":"배달 빨리오고 맛있게 먹었어요.양 많으면 좋겠음 ㅠㅜ","polarity":{"com":0.003267973857142857,"pos":0.5198506068571429,"neg":0.354920635,"neut":0.08450046685714285,"none":0.03746031742857143},"intensity":{"high":0.06265172729466453,"low":0.04913165257844738,"meium":0.8507563026929651,"none":0.037460317433922904},"expressive":{"dir-action":0,"dir-explicit":0.17721755371428569,"dir-speech":0.5971988795714285,"indirect":0.18532212885714286,"writing-device":0.040261437857142854}},{"id":"매운사랑중식빠","permalink":"","username":"asdfg","text":"마파두부 지삼선 다 맛있었고 양 많았어요. 같은류 88대반점보다 훨 가성비 좋은듯\n다른 메뉴도 시켜봐야겠어요","date":"Mon Dec 10 23:59:44 +0000 2018","retweets":"30","favorites":"20","mentions":[],"hashtags":[],"geo":"","raw":"마파두부 지삼선 다 맛있었고 양 많았어요. 같은류 88대반점보다 훨 가성비 좋은듯\n다른 메뉴도 시켜봐야겠어요","polarity":{"com":0.000892857125,"pos":0.4262236495,"neg":0.36198875387500007,"neut":0.0478049125,"none":0.163089827},"intensity":{"high":0.13444852248319397,"low":0.09002023336374747,"meium":0.6124414171734448,"none":0.16308982697961377},"expressive":{"dir-action":0,"dir-explicit":0.3048007247118999,"dir-speech":0.38093473545238316,"indirect":0.1461151891067356,"writing-device":0.16814935072898135}},{"id":"매운사랑중식빠","permalink":"","username":"asdfg","text":"가격도 저렴한데 양까지 엄청 많아요~맛있게 잘먹었습니다","date":"Mon Dec 10 23:59:44 +0000 2018","retweets":"30","favorites":"20","mentions":[],"hashtags":[],"geo":"","raw":"가격도 저렴한데 양까지 엄청 많아요~맛있게 잘먹었습니다","polarity":{"com":0.004804804800960961,"pos":0.5800041715160008,"neg":0.24443460944888695,"neut":0.029587973005917596,"none":0.1411684412282337},"intensity":{"high":0.10226946304090781,"low":0.11224312944489727,"meium":0.634627456653851,"none":0.15085995086034398},"expressive":{"dir-action":0.0006006006002402403,"dir-explicit":0.22784924949113972,"dir-speech":0.11734043464693619,"indirect":0.5033497644013398,"writing-device":0.15085995086034398}},{"id":"매운사랑중식빠","permalink":"","username":"asdfg","text":"이렇게 시킨 음식만 담겨 오는 배달음식은 보기에도 넘 조촐하게 느껴지는건 어쩔 수 없는거 같아요. 반찬이 있어도 적게 먹긴하지만 국물이라던지 더하시는게 어떨까 싶네요.\n밥도 따로 담아야 되니까요. \n맛은 있어서 담에도  시켜볼 예정이지만, 아쉬운점 적어봐요.","date":"Mon Dec 10 23:59:44 +0000 2018","retweets":"30","favorites":"20","mentions":[],"hashtags":[],"geo":"","raw":"이렇게 시킨 음식만 담겨 오는 배달음식은 보기에도 넘 조촐하게 느껴지는건 어쩔 수 없는거 같아요. 반찬이 있어도 적게 먹긴하지만 국물이라던지 더하시는게 어떨까 싶네요.\n밥도 따로 담아야 되니까요. \n맛은 있어서 담에도  시켜볼 예정이지만, 아쉬운점 적어봐요.","polarity":{"com":0.020129112229995035,"pos":0.38887390871581257,"neg":0.3719660296395397,"neut":0.08735388722740943,"none":0.13167706218724318},"intensity":{"high":0.09818480880391596,"low":0.07263696753566778,"meium":0.6777128054739342,"none":0.1514654181864821},"expressive":{"dir-action":0.0005575867691878779,"dir-explicit":0.27833645659397416,"dir-speech":0.3519731390883098,"indirect":0.19127225310067136,"writing-device":0.17786056444785686}},{"id":"매운사랑중식빠","permalink":"","username":"asdfg","text":"으흠~~꿀맛👍👍👍\n빠르고 맛있고 깨끗하고~","date":"Mon Dec 10 23:59:44 +0000 2018","retweets":"30","favorites":"20","mentions":[],"hashtags":[],"geo":"","raw":"으흠~~꿀맛👍👍👍\n빠르고 맛있고 깨끗하고~","polarity":{"com":0,"pos":0.6666666666666666,"neg":0.3333333333333333,"neut":0,"none":0},"intensity":{"high":0,"low":0.111111111,"meium":0.888888889,"none":0},"expressive":{"dir-action":0,"dir-explicit":0.22222222233333333,"dir-speech":0.3333333333333333,"indirect":0.44444444433333335,"writing-device":0}},{"id":"매운사랑중식빠","permalink":"","username":"asdfg","text":"量足，好吃!好吃😋好吃😋\n特别下饭，其实我口味很叼，\n确实满足 还会再定","date":"Mon Dec 10 23:59:44 +0000 2018","retweets":"30","favorites":"20","mentions":[],"hashtags":[],"geo":"","raw":"量足，好吃!好吃😋好吃😋\n特别下饭，其实我口味很叼，\n确实满足 还会再定","polarity":{"com":null,"pos":null,"neg":null,"neut":null,"none":null},"intensity":{"high":null,"low":null,"meium":null,"none":null},"expressive":{"dir-action":null,"dir-explicit":null,"dir-speech":null,"indirect":null,"writing-device":null}}]