[{"id":"궁마루-구의점","permalink":"","username":"asdfg","text":"여기 항상 맛있어요.\n근데 오늘은 짜장이 좀 짜네요","date":"Mon Dec 10 23:59:44 +0000 2018","retweets":"30","favorites":"20","mentions":[],"hashtags":[],"geo":"","raw":"여기 항상 맛있어요.\n근데 오늘은 짜장이 좀 짜네요","polarity":{"com":0.01194653925,"pos":0.32191256625000003,"neg":0.624962667,"neut":0.030501007999999996,"none":0.0106772195},"intensity":{"high":0.05185544677592773,"low":0.06693795253346899,"meium":0.869428059684714,"none":0.011778541005889272},"expressive":{"dir-action":0.0011013215002753302,"dir-explicit":0.17132083929283018,"dir-speech":0.7301388786825347,"indirect":0.0856604195214151,"writing-device":0.011778541002944634}},{"id":"궁마루-구의점","permalink":"","username":"asdfg","text":"그냥 평법한 맛\n탕수육이 예전처럼 맛있지 않음\n여기 탕수육 때문에 먹었던건데...","date":"Mon Dec 10 23:59:44 +0000 2018","retweets":"30","favorites":"20","mentions":[],"hashtags":[],"geo":"","raw":"그냥 평법한 맛\n탕수육이 예전처럼 맛있지 않음\n여기 탕수육 때문에 먹었던건데...","polarity":{"com":0.006086768375000001,"pos":0.3024766623750001,"neg":0.487357746,"neut":0.046727501625,"none":0.157351321625},"intensity":{"high":0.02933689075,"low":0.050994030125,"meium":0.63676709675,"none":0.28290198237499997},"expressive":{"dir-action":0.0005506607500688326,"dir-explicit":0.11971846363996481,"dir-speech":0.49133474068641686,"indirect":0.22602986677825374,"writing-device":0.16236626814529578}},{"id":"궁마루-구의점","permalink":"","username":"asdfg","text":"그냥 저냥 잘 먹었네요","date":"Mon Dec 10 23:59:44 +0000 2018","retweets":"30","favorites":"20","mentions":[],"hashtags":[],"geo":"","raw":"그냥 저냥 잘 먹었네요","polarity":{"com":0,"pos":0.35714285717857136,"neg":0.6071428573035714,"neut":0.03571428551785714,"none":0},"intensity":{"high":0,"low":0.107142857,"meium":0.8928571430000001,"none":0},"expressive":{"dir-action":0,"dir-explicit":0.107142857,"dir-speech":0.5714285715,"indirect":0.3214285715,"writing-device":0}},{"id":"궁마루-구의점","permalink":"","username":"asdfg","text":"배달겁나 느리네요ㅇㅇㅇ","date":"Mon Dec 10 23:59:44 +0000 2018","retweets":"30","favorites":"20","mentions":[],"hashtags":[],"geo":"","raw":"배달겁나 느리네요ㅇㅇㅇ","polarity":{"com":0,"pos":0.857142857,"neg":0.14285714300000002,"neut":0,"none":0},"intensity":{"high":0.0357142855,"low":0,"meium":0.9642857145,"none":0},"expressive":{"dir-action":0,"dir-explicit":0.107142857,"dir-speech":0.5714285715,"indirect":0.3214285715,"writing-device":0}},{"id":"궁마루-구의점","permalink":"","username":"asdfg","text":"맛은  넘 좋았는데 배달할때 다 흘리고 소스는 다~쏟아져서  반절만 남아있어서 아쉬웠다~^^","date":"Mon Dec 10 23:59:44 +0000 2018","retweets":"30","favorites":"20","mentions":[],"hashtags":[],"geo":"","raw":"맛은  넘 좋았는데 배달할때 다 흘리고 소스는 다~쏟아져서  반절만 남아있어서 아쉬웠다~^^","polarity":{"com":0,"pos":0.5112329645555556,"neg":0.4346192080000001,"neut":0.0408850408888889,"none":0.013262786555555557},"intensity":{"high":0.25807279144444445,"low":0.061202501222222226,"meium":0.6674619207777778,"none":0.013262786555555553},"expressive":{"dir-action":0,"dir-explicit":0.32672759344444446,"dir-speech":0.40942760944444445,"indirect":0.2488183421111111,"writing-device":0.015026454999999994}},{"id":"궁마루-구의점","permalink":"","username":"asdfg","text":"전체적으로 밍숭맹숭하지만 맛있긴하고 양이 많아요\n대신 추석인지라 배달이 두시간걸렸네요","date":"Mon Dec 10 23:59:44 +0000 2018","retweets":"30","favorites":"20","mentions":[],"hashtags":[],"geo":"","raw":"전체적으로 밍숭맹숭하지만 맛있긴하고 양이 많아요\n대신 추석인지라 배달이 두시간걸렸네요","polarity":{"com":0.0016420361430917192,"pos":0.4954961863564994,"neg":0.3154504209022072,"neut":0.03302022271900289,"none":0.15439113387919873},"intensity":{"high":0.10886915172983846,"low":0.06607512386658217,"meium":0.669022554381289,"none":0.15603317002229047},"expressive":{"dir-action":0.0016420361430917196,"dir-explicit":0.19188616888455517,"dir-speech":0.5032037320718863,"indirect":0.12995732358999393,"writing-device":0.17331073931047297}},{"id":"궁마루-구의점","permalink":"","username":"asdfg","text":"다 괜찮은데 추석이라 그런가요\n중국집인데 배달에 1시간 30분이 걸리네요?","date":"Mon Dec 10 23:59:44 +0000 2018","retweets":"30","favorites":"20","mentions":[],"hashtags":[],"geo":"","raw":"다 괜찮은데 추석이라 그런가요\n중국집인데 배달에 1시간 30분이 걸리네요?","polarity":{"com":0.003267973857142857,"pos":0.5071295184285713,"neg":0.2896825397142857,"neut":0.013071895428571428,"none":0.18684807257142858},"intensity":{"high":0.09473789514285715,"low":0.011671335142857144,"meium":0.7067426971428572,"none":0.18684807257142858},"expressive":{"dir-action":0,"dir-explicit":0.15669601183475773,"dir-speech":0.4554755235063606,"indirect":0.19817927168597438,"writing-device":0.18964919297290725}},{"id":"궁마루-구의점","permalink":"","username":"asdfg","text":"역시 궁마루네요 ㅎㅎㅎ 맛있어요^^ 번창하시고 즐거운 한가위 되세요~~!","date":"Mon Dec 10 23:59:44 +0000 2018","retweets":"30","favorites":"20","mentions":[],"hashtags":[],"geo":"","raw":"역시 궁마루네요 ㅎㅎㅎ 맛있어요^^ 번창하시고 즐거운 한가위 되세요~~!","polarity":{"com":0.016472404997254598,"pos":0.4354069617607655,"neg":0.3409267149431789,"neut":0.10050786531658203,"none":0.10668605298221899},"intensity":{"high":0.12708649085451443,"low":0.10425022235070837,"meium":0.6616188107769364,"none":0.10704447601784074},"expressive":{"dir-action":0.0010752688333333334,"dir-explicit":0.3364071118333333,"dir-speech":0.36169900166666663,"indirect":0.18457528266666667,"writing-device":0.116243335}},{"id":"궁마루-구의점","permalink":"","username":"asdfg","text":"그럭저럭 다시시켜먹을거 같진 않아요","date":"Mon Dec 10 23:59:44 +0000 2018","retweets":"30","favorites":"20","mentions":[],"hashtags":[],"geo":"","raw":"그럭저럭 다시시켜먹을거 같진 않아요","polarity":{"com":0,"pos":0.3055555553263889,"neg":0.6150793654037698,"neut":0.02380952375595238,"none":0.05555555551388889},"intensity":{"high":0.0714285715,"low":0.11507936499999999,"meium":0.757936508,"none":0.0555555555},"expressive":{"dir-action":0,"dir-explicit":0.130952381,"dir-speech":0.53968253975,"indirect":0.01984126975,"writing-device":0.3095238095}},{"id":"궁마루-구의점","permalink":"","username":"asdfg","text":"정말좋아여맛있러요ㅎㅎㅎ","date":"Mon Dec 10 23:59:44 +0000 2018","retweets":"30","favorites":"20","mentions":[],"hashtags":[],"geo":"","raw":"정말좋아여맛있러요ㅎㅎㅎ","polarity":{"com":0,"pos":0.75,"neg":0,"neut":0,"none":0.25},"intensity":{"high":0.5,"low":0,"meium":0.25,"none":0.25},"expressive":{"dir-action":0,"dir-explicit":0.5,"dir-speech":0.25,"indirect":0,"writing-device":0.25}},{"id":"궁마루-구의점","permalink":"","username":"asdfg","text":"정말 맛있었어요!!!","date":"Mon Dec 10 23:59:44 +0000 2018","retweets":"30","favorites":"20","mentions":[],"hashtags":[],"geo":"","raw":"정말 맛있었어요!!!","polarity":{"com":0,"pos":0.75,"neg":0,"neut":0,"none":0.25},"intensity":{"high":0.5,"low":0,"meium":0.25,"none":0.25},"expressive":{"dir-action":0,"dir-explicit":0.5,"dir-speech":0.25,"indirect":0,"writing-device":0.25}},{"id":"궁마루-구의점","permalink":"","username":"asdfg","text":"탕수육 양은 살짝 적은 느낌...\n그래도 맛있어요 근데 만두가 들어잇는게 약간 흠...차라리 탕슉으로 채워주세요ㅎㅎ","date":"Mon Dec 10 23:59:44 +0000 2018","retweets":"30","favorites":"20","mentions":[],"hashtags":[],"geo":"","raw":"탕수육 양은 살짝 적은 느낌...\n그래도 맛있어요 근데 만두가 들어잇는게 약간 흠...차라리 탕슉으로 채워주세요ㅎㅎ","polarity":{"com":0.005801049332366492,"pos":0.399284386266786,"neg":0.5401169609099805,"neut":0.04468360032588607,"none":0.010114003164980996},"intensity":{"high":0.0935924166822654,"low":0.14558421802426402,"meium":0.7492212667915369,"none":0.011602098501933682},"expressive":{"dir-action":0,"dir-explicit":0.26638719883333334,"dir-speech":0.5606882876666667,"indirect":0.1628105103333333,"writing-device":0.010114003166666672}},{"id":"궁마루-구의점","permalink":"","username":"asdfg","text":"맛있게잘먹었습니다~ㅎ","date":"Mon Dec 10 23:59:44 +0000 2018","retweets":"30","favorites":"20","mentions":[],"hashtags":[],"geo":"","raw":"맛있게잘먹었습니다~ㅎ","polarity":{"com":0,"pos":0.35714285717857136,"neg":0.6071428573035714,"neut":0.03571428551785714,"none":0},"intensity":{"high":0,"low":0.107142857,"meium":0.8928571430000001,"none":0},"expressive":{"dir-action":0,"dir-explicit":0.107142857,"dir-speech":0.5714285715,"indirect":0.3214285715,"writing-device":0}},{"id":"궁마루-구의점","permalink":"","username":"asdfg","text":"솔직히 밍밍합니다...양이많아서 좋아했는데...아무맛도 안나요 면에서 국물도...\n실망입니다 ㅠ","date":"Mon Dec 10 23:59:44 +0000 2018","retweets":"30","favorites":"20","mentions":[],"hashtags":[],"geo":"","raw":"솔직히 밍밍합니다...양이많아서 좋아했는데...아무맛도 안나요 면에서 국물도...\n실망입니다 ㅠ","polarity":{"com":0.006755337250000001,"pos":0.60672794875,"neg":0.25504661300000003,"neut":0.038412534500000005,"none":0.09305756650000001},"intensity":{"high":0.119723975279931,"low":0.18718255604679565,"meium":0.5996605267749152,"none":0.09343294189835823},"expressive":{"dir-action":0.0003753753750000001,"dir-explicit":0.45319579775,"dir-speech":0.24969947162500003,"indirect":0.19392579012500002,"writing-device":0.10280356512500002}},{"id":"궁마루-구의점","permalink":"","username":"asdfg","text":"맛잇어요 탕수육이 특히 맛잇네요","date":"Mon Dec 10 23:59:44 +0000 2018","retweets":"30","favorites":"20","mentions":[],"hashtags":[],"geo":"","raw":"맛잇어요 탕수육이 특히 맛잇네요","polarity":{"com":0.010279001333333336,"pos":0.8105726873333334,"neg":0.146842878,"neut":0.02936857566666667,"none":0.0029368576666666674},"intensity":{"high":0.0352422906784141,"low":0.04405286334801762,"meium":0.9162995596387664,"none":0.004405286334801762},"expressive":{"dir-action":0.0014684286671561425,"dir-explicit":0.13803230537934408,"dir-speech":0.7870778269290258,"indirect":0.06901615268967204,"writing-device":0.004405286334801761}},{"id":"궁마루-구의점","permalink":"","username":"asdfg","text":"탕수육 짜장 짬뽕 세트주문했는데 괜찮아요.짜장에 메추리알 데코레이션까지 ㅋㅋ","date":"Mon Dec 10 23:59:44 +0000 2018","retweets":"30","favorites":"20","mentions":[],"hashtags":[],"geo":"","raw":"탕수육 짜장 짬뽕 세트주문했는데 괜찮아요.짜장에 메추리알 데코레이션까지 ㅋㅋ","polarity":{"com":0,"pos":0.5340909091164773,"neg":0.16666666670833336,"neut":0.022727272744318187,"none":0.27651515143087124},"intensity":{"high":0.09848484852462121,"low":0.05681818176420455,"meium":0.5568181818892045,"none":0.2878787878219697},"expressive":{"dir-action":0,"dir-explicit":0.340909091,"dir-speech":0.16666666675,"indirect":0.18181818175,"writing-device":0.3106060605}},{"id":"궁마루-구의점","permalink":"","username":"asdfg","text":"배송빨라요\n맛도 괜찮아요","date":"Mon Dec 10 23:59:44 +0000 2018","retweets":"30","favorites":"20","mentions":[],"hashtags":[],"geo":"","raw":"배송빨라요\n맛도 괜찮아요","polarity":{"com":0,"pos":1,"neg":0,"neut":0,"none":0},"intensity":{"high":0,"low":0,"meium":1,"none":0},"expressive":{"dir-action":0,"dir-explicit":0,"dir-speech":1,"indirect":0,"writing-device":0}},{"id":"궁마루-구의점","permalink":"","username":"asdfg","text":"몽가 이번은 면의 물기를 덜 털었나 좀 맹맹하고 묽었어요 짜장소스가..탕수육은 여전히 맛있어요!! 근데 짜장2+탕슉보다 짜장1+탕슉에서 탕슉양이 더 적네요 가격은 짜장차이인 줄 알았는데","date":"Mon Dec 10 23:59:44 +0000 2018","retweets":"30","favorites":"20","mentions":[],"hashtags":[],"geo":"","raw":"몽가 이번은 면의 물기를 덜 털었나 좀 맹맹하고 묽었어요 짜장소스가..탕수육은 여전히 맛있어요!! 근데 짜장2+탕슉보다 짜장1+탕슉에서 탕슉양이 더 적네요 가격은 짜장차이인 줄 알았는데","polarity":{"com":0.007955100539073468,"pos":0.4723611629594124,"neg":0.477429137729033,"neut":0.028745588463749666,"none":0.01350901030873146},"intensity":{"high":0.08470695139113131,"low":0.1253582654711814,"meium":0.7755079593673467,"none":0.014426823770340522},"expressive":{"dir-action":0.03967245053235808,"dir-explicit":0.21180024704433845,"dir-speech":0.3614280984059341,"indirect":0.29594616064677753,"writing-device":0.09115304337059182}},{"id":"궁마루-구의점","permalink":"","username":"asdfg","text":"좋아요 만족합니당 ㅋㅋ","date":"Mon Dec 10 23:59:44 +0000 2018","retweets":"30","favorites":"20","mentions":[],"hashtags":[],"geo":"","raw":"좋아요 만족합니당 ㅋㅋ","polarity":{"com":0,"pos":0.46,"neg":0.52,"neut":0,"none":0.02},"intensity":{"high":0.1,"low":0.02,"meium":0.86,"none":0.02},"expressive":{"dir-action":0,"dir-explicit":0.8,"dir-speech":0.1,"indirect":0.08,"writing-device":0.02}},{"id":"궁마루-구의점","permalink":"","username":"asdfg","text":"오 근래 배달해 먹은 것들 중에 제일 괜찮아요\n건대 근처 중국요리 배달 중 제일 낫네요","date":"Mon Dec 10 23:59:44 +0000 2018","retweets":"30","favorites":"20","mentions":[],"hashtags":[],"geo":"","raw":"오 근래 배달해 먹은 것들 중에 제일 괜찮아요\n건대 근처 중국요리 배달 중 제일 낫네요","polarity":{"com":0.003401360571428571,"pos":0.6173469387142857,"neg":0.310090703,"neut":0.009070294714285715,"none":0.060090703},"intensity":{"high":0.06065759628571429,"low":0.04308390014285714,"meium":0.8361678005714285,"none":0.060090703},"expressive":{"dir-action":0,"dir-explicit":0.23639455785714286,"dir-speech":0.6230158729999999,"indirect":0.07709750571428572,"writing-device":0.06349206342857143}},{"id":"궁마루-구의점","permalink":"","username":"asdfg","text":"탕짬뽕시켰는데.. 짜장면이와서.. 당황했지만 맛있엇어욤~","date":"Mon Dec 10 23:59:44 +0000 2018","retweets":"30","favorites":"20","mentions":[],"hashtags":[],"geo":"","raw":"탕짬뽕시켰는데.. 짜장면이와서.. 당황했지만 맛있엇어욤~","polarity":{"com":0,"pos":0.361111111,"neg":0.38888888899999996,"neut":0.25,"none":0},"intensity":{"high":0.04166666673958332,"low":0.2638888889340278,"meium":0.6944444443263889,"none":0},"expressive":{"dir-action":0.013888889,"dir-explicit":0.34722222225,"dir-speech":0.5555555555,"indirect":0.08333333324999999,"writing-device":0}},{"id":"궁마루-구의점","permalink":"","username":"asdfg","text":"맛있어요\n많이파세요 잘 먹었습니다","date":"Mon Dec 10 23:59:44 +0000 2018","retweets":"30","favorites":"20","mentions":[],"hashtags":[],"geo":"","raw":"맛있어요\n많이파세요 잘 먹었습니다","polarity":{"com":0,"pos":0.34920634911640214,"neg":0.589947090196649,"neut":0.060846560686948846,"none":0},"intensity":{"high":0,"low":0.25661375666666664,"meium":0.7433862433333333,"none":0},"expressive":{"dir-action":0,"dir-explicit":0.14550264533333332,"dir-speech":0.5661375663333333,"indirect":0.2883597883333333,"writing-device":0}},{"id":"궁마루-구의점","permalink":"","username":"asdfg","text":"처음 시켜봤는데 괜찮은 것 같아요. \n다음에 수제비짬뽕을 한번 먹어볼까봐여","date":"Mon Dec 10 23:59:44 +0000 2018","retweets":"30","favorites":"20","mentions":[],"hashtags":[],"geo":"","raw":"처음 시켜봤는데 괜찮은 것 같아요. \n다음에 수제비짬뽕을 한번 먹어볼까봐여","polarity":{"com":0.030901437234549276,"pos":0.3642969268178515,"neg":0.47887904126056047,"neut":0.03970447710514776,"none":0.08621811758189094},"intensity":{"high":0.07319819825000001,"low":0.06287537525000002,"meium":0.7777083088750001,"none":0.08621811762500001},"expressive":{"dir-action":0.0018768768752346094,"dir-explicit":0.22445984940305747,"dir-speech":0.5362273800670284,"indirect":0.14005035876750627,"writing-device":0.09738553488717318}},{"id":"궁마루-구의점","permalink":"","username":"asdfg","text":"김치까지 주시는 센스~ 친절하셔서 좋네요 맛도 굳","date":"Mon Dec 10 23:59:44 +0000 2018","retweets":"30","favorites":"20","mentions":[],"hashtags":[],"geo":"","raw":"김치까지 주시는 센스~ 친절하셔서 좋네요 맛도 굳","polarity":{"com":0.0038709678007741934,"pos":0.5870815063174163,"neg":0.20739766324147954,"neut":0.03582181260716437,"none":0.1658280500331656},"intensity":{"high":0.10157892282031579,"low":0.08793576301758715,"meium":0.6351362475270272,"none":0.17534906663506983},"expressive":{"dir-action":0.0012903226002580646,"dir-explicit":0.23272354904654471,"dir-speech":0.4595307918919061,"indirect":0.12836177422567238,"writing-device":0.17809356223561873}},{"id":"궁마루-구의점","permalink":"","username":"asdfg","text":"맛있어요","date":"Mon Dec 10 23:59:44 +0000 2018","retweets":"30","favorites":"20","mentions":[],"hashtags":[],"geo":"","raw":"맛있어요","polarity":{"com":0,"pos":0,"neg":1,"neut":0,"none":0},"intensity":{"high":0,"low":0,"meium":1,"none":0},"expressive":{"dir-action":0,"dir-explicit":0,"dir-speech":1,"indirect":0,"writing-device":0}},{"id":"궁마루-구의점","permalink":"","username":"asdfg","text":"괜찮아요\n맛있는 편이에요","date":"Mon Dec 10 23:59:44 +0000 2018","retweets":"30","favorites":"20","mentions":[],"hashtags":[],"geo":"","raw":"괜찮아요\n맛있는 편이에요","polarity":{"com":0,"pos":0.25,"neg":0.5,"neut":0.25,"none":0},"intensity":{"high":0,"low":0.25,"meium":0.75,"none":0},"expressive":{"dir-action":0,"dir-explicit":0.5,"dir-speech":0.5,"indirect":0,"writing-device":0}},{"id":"궁마루-구의점","permalink":"","username":"asdfg","text":"다 좋은데 짜장소스가 굉장히 맛없습니다.\n짬뽕도 별로...","date":"Mon Dec 10 23:59:44 +0000 2018","retweets":"30","favorites":"20","mentions":[],"hashtags":[],"geo":"","raw":"다 좋은데 짜장소스가 굉장히 맛없습니다.\n짬뽕도 별로...","polarity":{"com":0.008333333333333331,"pos":0.4464285713333333,"neg":0.2642857143333333,"neut":0.031547619,"none":0.24940476199999997},"intensity":{"high":0.19642857160119045,"low":0.07380952364206349,"meium":0.4773809521742064,"none":0.2523809525825397},"expressive":{"dir-action":0,"dir-explicit":0.3297619047801587,"dir-speech":0.2994047618003968,"indirect":0.12380952391746032,"writing-device":0.2470238095019841}},{"id":"궁마루-구의점","permalink":"","username":"asdfg","text":"짜장면 양은 많은데 조금 싱거운듯‥\n\n탕수육은 맛은있는데 양이 좀 적음\n배달은 보통!!그냥 쏘쏘","date":"Mon Dec 10 23:59:44 +0000 2018","retweets":"30","favorites":"20","mentions":[],"hashtags":[],"geo":"","raw":"짜장면 양은 많은데 조금 싱거운듯‥\n\n탕수육은 맛은있는데 양이 좀 적음\n배달은 보통!!그냥 쏘쏘","polarity":{"com":0.00423728825,"pos":0.40148305075,"neg":0.493997175125,"neut":0.07097457625,"none":0.029307909624999996},"intensity":{"high":0.025423728753177964,"low":0.11723163838965395,"meium":0.8280367232285046,"none":0.029307909628663486},"expressive":{"dir-action":0,"dir-explicit":0.263629943625,"dir-speech":0.506497175125,"indirect":0.20056497162500003,"writing-device":0.029307909624999996}},{"id":"궁마루-구의점","permalink":"","username":"asdfg","text":"양이진짜많네요!!!","date":"Mon Dec 10 23:59:44 +0000 2018","retweets":"30","favorites":"20","mentions":[],"hashtags":[],"geo":"","raw":"양이진짜많네요!!!","polarity":{"com":0,"pos":0.391304348,"neg":0.565217391,"neut":0.043478261,"none":0},"intensity":{"high":0.2608695652608696,"low":0.21739130421739128,"meium":0.5217391305217391,"none":0},"expressive":{"dir-action":0,"dir-explicit":0.5217391305217391,"dir-speech":0.2173913042173913,"indirect":0.2608695652608696,"writing-device":0}},{"id":"궁마루-구의점","permalink":"","username":"asdfg","text":"배달 빨리와서 좋았고\n짬뽕 국물 진짜 진해서 좋았어요\n구런데 탕수육이 좀 식어서 아숩...","date":"Mon Dec 10 23:59:44 +0000 2018","retweets":"30","favorites":"20","mentions":[],"hashtags":[],"geo":"","raw":"배달 빨리와서 좋았고\n짬뽕 국물 진짜 진해서 좋았어요\n구런데 탕수육이 좀 식어서 아숩...","polarity":{"com":0.005139500666666667,"pos":0.628619677,"neg":0.25342143899999997,"neut":0.09801762116666667,"none":0.014801762166666668},"intensity":{"high":0.2509544787084924,"low":0.035359765005893294,"meium":0.698149779783025,"none":0.015535976502589331},"expressive":{"dir-action":0.0007342143334557024,"dir-explicit":0.26901615271150264,"dir-speech":0.3768722467294787,"indirect":0.3378414097229736,"writing-device":0.01553597650258933}},{"id":"궁마루-구의점","permalink":"","username":"asdfg","text":"평소에 탕수육은 자주시켜먹어서 깐쇼새우들어간 메뉴먹어봤는데 탕수육이 더 맛있는거같아요","date":"Mon Dec 10 23:59:44 +0000 2018","retweets":"30","favorites":"20","mentions":[],"hashtags":[],"geo":"","raw":"평소에 탕수육은 자주시켜먹어서 깐쇼새우들어간 메뉴먹어봤는데 탕수육이 더 맛있는거같아요","polarity":{"com":0.0024213075714285717,"pos":0.4238633304285714,"neg":0.5283158462857143,"neut":0.040556900714285714,"none":0.004842615},"intensity":{"high":0.07008340057142856,"low":0.09079903142857142,"meium":0.834274953,"none":0.004842615},"expressive":{"dir-action":0.007936508,"dir-explicit":0.15778853914285712,"dir-speech":0.5838714017142858,"indirect":0.10270379328571429,"writing-device":0.14769975785714287}},{"id":"궁마루-구의점","permalink":"","username":"asdfg","text":"고기짬뽕 재주문 했어요.고기짬뽕이 맛있어서 다른 음식도 괜찮을거라는 생각도 듭니다.\n짬뽕종류가 많으니 다음엔 다른거 한번시켜먹어봐야겠어요.","date":"Mon Dec 10 23:59:44 +0000 2018","retweets":"30","favorites":"20","mentions":[],"hashtags":[],"geo":"","raw":"고기짬뽕 재주문 했어요.고기짬뽕이 맛있어서 다른 음식도 괜찮을거라는 생각도 듭니다.\n짬뽕종류가 많으니 다음엔 다른거 한번시켜먹어봐야겠어요.","polarity":{"com":0.004122842833676903,"pos":0.2321085977693424,"neg":0.5149446185429121,"neut":0.1888829210990736,"none":0.059941019754995085},"intensity":{"high":0.074606048,"low":0.13424802700000002,"meium":0.7298799436666666,"none":0.06126598133333333},"expressive":{"dir-action":0.0013249615834437464,"dir-explicit":0.1599550750966629,"dir-speech":0.6034744375502894,"indirect":0.12966965576080577,"writing-device":0.10557587000879798}},{"id":"궁마루-구의점","permalink":"","username":"asdfg","text":"리뷰보고 주문한 고기짬뽕입니다.탕수육 세트중 짜장과 고기짬뽕으로 변경 가능한 메뉴가 있으면 좋을텐데..탕수육 포기하고 시켰는데 고기가 많고 정말 괜찮아요.","date":"Mon Dec 10 23:59:44 +0000 2018","retweets":"30","favorites":"20","mentions":[],"hashtags":[],"geo":"","raw":"리뷰보고 주문한 고기짬뽕입니다.탕수육 세트중 짜장과 고기짬뽕으로 변경 가능한 메뉴가 있으면 좋을텐데..탕수육 포기하고 시켰는데 고기가 많고 정말 괜찮아요.","polarity":{"com":0.004718258077286019,"pos":0.45725406811209646,"neg":0.21168279140089866,"neut":0.20302708909254055,"none":0.12331779331717828},"intensity":{"high":0.09924950939988454,"low":0.08716063993648625,"meium":0.6902720573369648,"none":0.12331779332666426},"expressive":{"dir-action":0,"dir-explicit":0.3818902756923077,"dir-speech":0.29475657846153847,"indirect":0.19852705692307693,"writing-device":0.12482608892307692}},{"id":"궁마루-구의점","permalink":"","username":"asdfg","text":"고기짬뽕 진짜 맛있었고 콩나물짬뽕은 해장에 좋을듯 하네요","date":"Mon Dec 10 23:59:44 +0000 2018","retweets":"30","favorites":"20","mentions":[],"hashtags":[],"geo":"","raw":"고기짬뽕 진짜 맛있었고 콩나물짬뽕은 해장에 좋을듯 하네요","polarity":{"com":0.0033898306,"pos":0.3551864406,"neg":0.38653107340000004,"neut":0.20677966099999998,"none":0.0481129944},"intensity":{"high":0.06033898300000001,"low":0.0684519774,"meium":0.8230960452000001,"none":0.048112994400000005},"expressive":{"dir-action":0,"dir-explicit":0.2075706216,"dir-speech":0.6185310734,"indirect":0.1257853106,"writing-device":0.0481129944}},{"id":"궁마루-구의점","permalink":"","username":"asdfg","text":"저렴한가격에 만족합니다!!","date":"Mon Dec 10 23:59:44 +0000 2018","retweets":"30","favorites":"20","mentions":[],"hashtags":[],"geo":"","raw":"저렴한가격에 만족합니다!!","polarity":{"com":0.008008007999999999,"pos":0.5375375376666666,"neg":0.4354354353333333,"neut":0.011011011,"none":0.008008007999999999},"intensity":{"high":0.038038038,"low":0.028028028,"meium":0.924924925,"none":0.009009009},"expressive":{"dir-action":0.0010010010000000003,"dir-explicit":0.4374374373333334,"dir-speech":0.030030030000000003,"indirect":0.5225225226666667,"writing-device":0.009009009}},{"id":"궁마루-구의점","permalink":"","username":"asdfg","text":"여기 고기짬뽕이 진리인데","date":"Mon Dec 10 23:59:44 +0000 2018","retweets":"30","favorites":"20","mentions":[],"hashtags":[],"geo":"","raw":"여기 고기짬뽕이 진리인데","polarity":{"com":0.017904273666666665,"pos":0.4391129923333333,"neg":0.4061021373333333,"neut":0.05986966499999999,"none":0.07701093166666666},"intensity":{"high":0.07772595071848397,"low":0.07128597871419065,"meium":0.7725087101816726,"none":0.07847936038565291},"expressive":{"dir-action":0.0014684286671561428,"dir-explicit":0.27746585675915525,"dir-speech":0.5212826198404276,"indirect":0.1147677867049226,"writing-device":0.08501530802833845}},{"id":"궁마루-구의점","permalink":"","username":"asdfg","text":"개쓰레기 맛은 아예무맛이고 배달은 개느리고 걸어서10분거리인데도 양도무슨.....","date":"Mon Dec 10 23:59:44 +0000 2018","retweets":"30","favorites":"20","mentions":[],"hashtags":[],"geo":"","raw":"개쓰레기 맛은 아예무맛이고 배달은 개느리고 걸어서10분거리인데도 양도무슨.....","polarity":{"com":0.0037161531,"pos":0.4814192343,"neg":0.31849206360000004,"neut":0.0120074696,"none":0.1843650794},"intensity":{"high":0.06631652660663165,"low":0.1310270774131027,"meium":0.6182913165618291,"none":0.1843650794184365},"expressive":{"dir-action":0,"dir-explicit":0.2039729225592054,"dir-speech":0.38026143782394767,"indirect":0.23086834735382633,"writing-device":0.18489729226302054}},{"id":"궁마루-구의점","permalink":"","username":"asdfg","text":"맛은평범 짬뽕에서 철수세미나왓어요 몇개 안시켯는데 그걸 누락시켜갔다주곤 사과한마디없네요 깐쇼새우도 참 적게도 주네요","date":"Mon Dec 10 23:59:44 +0000 2018","retweets":"30","favorites":"20","mentions":[],"hashtags":[],"geo":"","raw":"맛은평범 짬뽕에서 철수세미나왓어요 몇개 안시켯는데 그걸 누락시켜갔다주곤 사과한마디없네요 깐쇼새우도 참 적게도 주네요","polarity":{"com":0.10142857138985716,"pos":0.3753823952624617,"neg":0.3544011545645599,"neut":0.06346320339365367,"none":0.10532467538946755},"intensity":{"high":0.10564213568943581,"low":0.08477633479152238,"meium":0.7042568541295743,"none":0.10532467538946756},"expressive":{"dir-action":0.005555555598333333,"dir-explicit":0.20774891773767531,"dir-speech":0.5204040402438788,"indirect":0.15330447335400865,"writing-device":0.11298701306610391}},{"id":"궁마루-구의점","permalink":"","username":"asdfg","text":"진심 왠만하면 그냥 먹지 이런글 안쓰는데 배달은 중국집음식인데 배달시간도 그렇고 배달와서 한다는말이 탕수육 소스 안가져왔다고 다시 가지고 온다는말 한마디 남기고 30분이 넘도록 안가져오네요...면발에서는 밀가루 맛.텁텁하고. 전혀 쫄깃하지 않고 고기짬뽕은 고기는 많은데 고추가루맛만 엄청나네....결국 그대로 남겼네요","date":"Mon Dec 10 23:59:44 +0000 2018","retweets":"30","favorites":"20","mentions":[],"hashtags":[],"geo":"","raw":"진심 왠만하면 그냥 먹지 이런글 안쓰는데 배달은 중국집음식인데 배달시간도 그렇고 배달와서 한다는말이 탕수육 소스 안가져왔다고 다시 가지고 온다는말 한마디 남기고 30분이 넘도록 안가져오네요...면발에서는 밀가루 맛.텁텁하고. 전혀 쫄깃하지 않고 고기짬뽕은 고기는 많은데 고추가루맛만 엄청나네....결국 그대로 남겼네요","polarity":{"com":0.0053407649672007436,"pos":0.5209873874520987,"neg":0.3093999995976066,"neut":0.09350525300935053,"none":0.07076659497374334},"intensity":{"high":0.12064070187470938,"low":0.07468246890497883,"meium":0.7331800494155453,"none":0.07149677980476644},"expressive":{"dir-action":0.020427154533333332,"dir-explicit":0.19914874200000005,"dir-speech":0.5202579518666667,"indirect":0.1836924596,"writing-device":0.076473692}},{"id":"궁마루-구의점","permalink":"","username":"asdfg","text":"요구사항 잘 챙겨주셔서 좋았습니다~ 근데 면발이 불어 비벼먹기 좀 힘들었네요ㅠㅠ","date":"Mon Dec 10 23:59:44 +0000 2018","retweets":"30","favorites":"20","mentions":[],"hashtags":[],"geo":"","raw":"요구사항 잘 챙겨주셔서 좋았습니다~ 근데 면발이 불어 비벼먹기 좀 힘들었네요ㅠㅠ","polarity":{"com":0.005139500667523251,"pos":0.6221117404370187,"neg":0.31024683588504115,"neut":0.05436682750906114,"none":0.008135095501355851},"intensity":{"high":0.09725077500000001,"low":0.12922219883333333,"meium":0.7646577163333333,"none":0.008869309833333333},"expressive":{"dir-action":0.0007342143334557024,"dir-explicit":0.36398969756066496,"dir-speech":0.4303114002383852,"indirect":0.19609537803268257,"writing-device":0.008869309834811552}},{"id":"궁마루-구의점","permalink":"","username":"asdfg","text":"면은 불었는데.. 이렇게 불은 면은 처음 맛보네요 ㅡㅡ\n그러나 양은 괜찮고.. 맛은 완전 나쁘지는 않아요.. \n나가서 사올걸.. 짜파게티 먹는게...","date":"Mon Dec 10 23:59:44 +0000 2018","retweets":"30","favorites":"20","mentions":[],"hashtags":[],"geo":"","raw":"면은 불었는데.. 이렇게 불은 면은 처음 맛보네요 ㅡㅡ\n그러나 양은 괜찮고.. 맛은 완전 나쁘지는 않아요.. \n나가서 사올걸.. 짜파게티 먹는게...","polarity":{"com":0.014986163998929559,"pos":0.47999376189428616,"neg":0.3593698540457593,"neut":0.07973684906573308,"none":0.0659133709952919},"intensity":{"high":0.050343462003595976,"low":0.21738189844409872,"meium":0.6663612685475973,"none":0.06591337100470811},"expressive":{"dir-action":0,"dir-explicit":0.2508722916249377,"dir-speech":0.48628420946526535,"indirect":0.1957963410574431,"writing-device":0.06704715785235377}},{"id":"궁마루-구의점","permalink":"","username":"asdfg","text":"맛있어요","date":"Mon Dec 10 23:59:44 +0000 2018","retweets":"30","favorites":"20","mentions":[],"hashtags":[],"geo":"","raw":"맛있어요","polarity":{"com":0,"pos":0,"neg":1,"neut":0,"none":0},"intensity":{"high":0,"low":0,"meium":1,"none":0},"expressive":{"dir-action":0,"dir-explicit":0,"dir-speech":1,"indirect":0,"writing-device":0}},{"id":"궁마루-구의점","permalink":"","username":"asdfg","text":"양이많아요ㅋ~~번창하세요","date":"Mon Dec 10 23:59:44 +0000 2018","retweets":"30","favorites":"20","mentions":[],"hashtags":[],"geo":"","raw":"양이많아요ㅋ~~번창하세요","polarity":{"com":0.009677419499999998,"pos":0.4537166899999999,"neg":0.4589527814999999,"neut":0.06367461449999999,"none":0.013978494499999997},"intensity":{"high":0.20032725560016365,"low":0.16676016808338007,"meium":0.6178588128089294,"none":0.015053763507526881},"expressive":{"dir-action":0.003225806501612903,"dir-explicit":0.4178588127089294,"dir-speech":0.25600748012800373,"indirect":0.3089294061544647,"writing-device":0.013978494506989247}},{"id":"궁마루-구의점","permalink":"","username":"asdfg","text":"별하나도 아까운곳\n면은다 팅팅불어오고 주문을 뻘로보는지 자장면하나 잘못갖고와서 다시갖다주는데 2시간정도 걸리고.....\n이런중국집 보다보다 처음임!\n맛있기라도 하면 이해하지만 맛도없고  화난다","date":"Mon Dec 10 23:59:44 +0000 2018","retweets":"30","favorites":"20","mentions":[],"hashtags":[],"geo":"","raw":"별하나도 아까운곳\n면은다 팅팅불어오고 주문을 뻘로보는지 자장면하나 잘못갖고와서 다시갖다주는데 2시간정도 걸리고.....\n이런중국집 보다보다 처음임!\n맛있기라도 하면 이해하지만 맛도없고  화난다","polarity":{"com":0.01794139646742211,"pos":0.5220096552608219,"neg":0.2687235367172841,"neut":0.04564506458018029,"none":0.14568034697429175},"intensity":{"high":0.07408003335294117,"low":0.07158878241176471,"meium":0.7074036024705883,"none":0.14692758176470588},"expressive":{"dir-action":0.0006761325294515372,"dir-explicit":0.2894128299582007,"dir-speech":0.3313790348430223,"indirect":0.21735783489513869,"writing-device":0.1611741677741867}},{"id":"궁마루-구의점","permalink":"","username":"asdfg","text":"지영점이라 그런지 역시 맛나요","date":"Mon Dec 10 23:59:44 +0000 2018","retweets":"30","favorites":"20","mentions":[],"hashtags":[],"geo":"","raw":"지영점이라 그런지 역시 맛나요","polarity":{"com":0.012500000003125,"pos":0.24583333331145832,"neg":0.26250000006562496,"neut":0.08333333327083332,"none":0.3958333333489583},"intensity":{"high":0.09583333327395832,"low":0.137500000034375,"meium":0.3708333333427083,"none":0.3958333333489583},"expressive":{"dir-action":0,"dir-explicit":0.12916666656458334,"dir-speech":0.3791666666895833,"indirect":0.09583333329791667,"writing-device":0.3958333334479167}},{"id":"궁마루-구의점","permalink":"","username":"asdfg","text":"맛은괜찮은데 상태가좀 그런?","date":"Mon Dec 10 23:59:44 +0000 2018","retweets":"30","favorites":"20","mentions":[],"hashtags":[],"geo":"","raw":"맛은괜찮은데 상태가좀 그런?","polarity":{"com":0,"pos":0.75,"neg":0.25,"neut":0,"none":0},"intensity":{"high":0.08333333333333333,"low":0,"meium":0.9166666666666666,"none":0},"expressive":{"dir-action":0,"dir-explicit":0.13333333333333333,"dir-speech":0.6166666666666667,"indirect":0.25,"writing-device":0}},{"id":"궁마루-구의점","permalink":"","username":"asdfg","text":"0점\nㅡㅡ\n단무지안가져옴\n젓가락안가져옴\n명절에 배달 1일알바 쓰시는건지\n안쓰러워서 그냥됬다고했는데\n짬뽕 3젓가락먹고 짜서 다버림\n탕수육은..랩이 왜뜯어져있는지ㅡㅡ\n탕수육 하나도안먹음 ㅡㅡ\n별점 0점인데 등록하려면 별점줘야되서\n1점ㅡㅡ","date":"Mon Dec 10 23:59:44 +0000 2018","retweets":"30","favorites":"20","mentions":[],"hashtags":[],"geo":"","raw":"0점\nㅡㅡ\n단무지안가져옴\n젓가락안가져옴\n명절에 배달 1일알바 쓰시는건지\n안쓰러워서 그냥됬다고했는데\n짬뽕 3젓가락먹고 짜서 다버림\n탕수육은..랩이 왜뜯어져있는지ㅡㅡ\n탕수육 하나도안먹음 ㅡㅡ\n별점 0점인데 등록하려면 별점줘야되서\n1점ㅡㅡ","polarity":{"com":0.01816739843399272,"pos":0.5055609737606278,"neg":0.30166223672601467,"neut":0.05952148299741212,"none":0.1150879080819527},"intensity":{"high":0.0667222196608768,"low":0.1646384346736485,"meium":0.6533599033895687,"none":0.11527944227590603},"expressive":{"dir-action":0.00019153417389638835,"dir-explicit":0.21055477389473437,"dir-speech":0.3966420557915964,"indirect":0.2666162343681204,"writing-device":0.12599540177165264}},{"id":"궁마루-구의점","permalink":"","username":"asdfg","text":"뭔 중국집 배달소요시간이55분? 그렇다고 치자 55분 지나도 안오고 전화해보니 음식 나오지도 않았다 사람 마냥 기다리란소리 그럴꺼면 소요시간 보내지마라 별하나도 아깝다 결제 취소 요청했더니 알겠다더니 30분넘도록 취소도 안해주네 이래서 어떻게 장사하지?","date":"Mon Dec 10 23:59:44 +0000 2018","retweets":"30","favorites":"20","mentions":[],"hashtags":[],"geo":"","raw":"뭔 중국집 배달소요시간이55분? 그렇다고 치자 55분 지나도 안오고 전화해보니 음식 나오지도 않았다 사람 마냥 기다리란소리 그럴꺼면 소요시간 보내지마라 별하나도 아깝다 결제 취소 요청했더니 알겠다더니 30분넘도록 취소도 안해주네 이래서 어떻게 장사하지?","polarity":{"com":0.009078254952380951,"pos":0.5078961529047619,"neg":0.3342618638095238,"neut":0.030593990571428573,"none":0.11816973776190476},"intensity":{"high":0.14063729105431608,"low":0.136445754577926,"meium":0.6046448100287927,"none":0.11827214433896534},"expressive":{"dir-action":0.035454611947316014,"dir-explicit":0.23878715391826852,"dir-speech":0.32270225781104256,"indirect":0.2806439355789556,"writing-device":0.12241204074441736}},{"id":"궁마루-구의점","permalink":"","username":"asdfg","text":"음식이 너무 짭니다. 뜨거운물 끓여서 더넣은 뒤에 겨우 먹었네요..","date":"Mon Dec 10 23:59:44 +0000 2018","retweets":"30","favorites":"20","mentions":[],"hashtags":[],"geo":"","raw":"음식이 너무 짭니다. 뜨거운물 끓여서 더넣은 뒤에 겨우 먹었네요..","polarity":{"com":0,"pos":0.34371980683333336,"neg":0.4539855071666667,"neut":0.11171497583333334,"none":0.09057971016666666},"intensity":{"high":0.0623188405,"low":0.21449275366666667,"meium":0.6326086956666667,"none":0.09057971016666666},"expressive":{"dir-action":0,"dir-explicit":0.154710145,"dir-speech":0.4312801931666667,"indirect":0.24009661833333332,"writing-device":0.1739130435}},{"id":"궁마루-구의점","permalink":"","username":"asdfg","text":"솔찍히 처음시킨곳은 기대안하는 타입입니다\n그런데 해산물도 풍부했고 배달도 빨랐고 단무지도 달큰하니 맛났습니다\n제가 매운걸 잘 못먹는데도 불구하고 짬뽕은 맛나게 매콤했구요 사실 가리비살이 조금 비리긴 했지만 냉동이란걸 알고있어 감안할수 있었습니다\n다른 음식도 한번 맛보고 싶네요\n감사히 잘먹었습니다","date":"Mon Dec 10 23:59:44 +0000 2018","retweets":"30","favorites":"20","mentions":[],"hashtags":[],"geo":"","raw":"솔찍히 처음시킨곳은 기대안하는 타입입니다\n그런데 해산물도 풍부했고 배달도 빨랐고 단무지도 달큰하니 맛났습니다\n제가 매운걸 잘 못먹는데도 불구하고 짬뽕은 맛나게 매콤했구요 사실 가리비살이 조금 비리긴 했지만 냉동이란걸 알고있어 감안할수 있었습니다\n다른 음식도 한번 맛보고 싶네요\n감사히 잘먹었습니다","polarity":{"com":0.006921718680276869,"pos":0.45649355057825985,"neg":0.27811716521112473,"neut":0.056758931042270366,"none":0.20170863448806836},"intensity":{"high":0.14037002469122958,"low":0.09855017380788401,"meium":0.5585673108046854,"none":0.202512490696201},"expressive":{"dir-action":0.0014920281998806375,"dir-explicit":0.23517532694118592,"dir-speech":0.3306544931335476,"indirect":0.2288787223416897,"writing-device":0.20379942938369608}},{"id":"궁마루-구의점","permalink":"","username":"asdfg","text":"처음 먹어봤는데 생각보다 너무 맛있었네요. 어른들도 아이들도 모두 만족한 맛이네요. 종종 이용해야겠어요.","date":"Mon Dec 10 23:59:44 +0000 2018","retweets":"30","favorites":"20","mentions":[],"hashtags":[],"geo":"","raw":"처음 먹어봤는데 생각보다 너무 맛있었네요. 어른들도 아이들도 모두 만족한 맛이네요. 종종 이용해야겠어요.","polarity":{"com":0.040816326565597666,"pos":0.27806122453170556,"neg":0.6190476189115647,"neut":0.035714285709183675,"none":0.026360544281948492},"intensity":{"high":0.03231292514285714,"low":0.056122449,"meium":0.8852040815714286,"none":0.026360544285714282},"expressive":{"dir-action":0,"dir-explicit":0.3188775509544461,"dir-speech":0.5960884353434159,"indirect":0.0586734694201895,"writing-device":0.026360544281948495}},{"id":"궁마루-구의점","permalink":"","username":"asdfg","text":"흠;;","date":"Mon Dec 10 23:59:44 +0000 2018","retweets":"30","favorites":"20","mentions":[],"hashtags":[],"geo":"","raw":"흠;;","polarity":{"com":null,"pos":null,"neg":null,"neut":null,"none":null},"intensity":{"high":null,"low":null,"meium":null,"none":null},"expressive":{"dir-action":null,"dir-explicit":null,"dir-speech":null,"indirect":null,"writing-device":null}},{"id":"궁마루-구의점","permalink":"","username":"asdfg","text":"깐쇼새우는 별루네용...그때 탕수육이랑 만두  짬뽕은 짱맛났능데.... 깐교새우는 간이 좀약하구 새우도 자숙새우 비슷하구....ㅠㅠㅠ그래도 한번만 더먹어봅니다...","date":"Mon Dec 10 23:59:44 +0000 2018","retweets":"30","favorites":"20","mentions":[],"hashtags":[],"geo":"","raw":"깐쇼새우는 별루네용...그때 탕수육이랑 만두  짬뽕은 짱맛났능데.... 깐교새우는 간이 좀약하구 새우도 자숙새우 비슷하구....ㅠㅠㅠ그래도 한번만 더먹어봅니다...","polarity":{"com":0.0026768900005948643,"pos":0.5444998607876665,"neg":0.293981107954218,"neut":0.049411573899869235,"none":0.10943056735765125},"intensity":{"high":0.05444147822827128,"low":0.11238649390137628,"meium":0.7237414605248601,"none":0.1094305673454923},"expressive":{"dir-action":0,"dir-explicit":0.16318025987075777,"dir-speech":0.6289085260412323,"indirect":0.10035963198884892,"writing-device":0.10755158209916092}},{"id":"궁마루-구의점","permalink":"","username":"asdfg","text":"맛죠앙","date":"Mon Dec 10 23:59:44 +0000 2018","retweets":"30","favorites":"20","mentions":[],"hashtags":[],"geo":"","raw":"맛죠앙","polarity":{"com":0,"pos":1,"neg":0,"neut":0,"none":0},"intensity":{"high":0,"low":0,"meium":1,"none":0},"expressive":{"dir-action":0,"dir-explicit":0,"dir-speech":1,"indirect":0,"writing-device":0}},{"id":"궁마루-구의점","permalink":"","username":"asdfg","text":"요청한 서비스가 제대로 접수되지않았지만 배달이 빠르고 맛은 좋았습니다","date":"Mon Dec 10 23:59:44 +0000 2018","retweets":"30","favorites":"20","mentions":[],"hashtags":[],"geo":"","raw":"요청한 서비스가 제대로 접수되지않았지만 배달이 빠르고 맛은 좋았습니다","polarity":{"com":0.005357142857142857,"pos":0.8992857142857144,"neg":0.07535714285714286,"neut":0.014285714285714289,"none":0.005714285714285715},"intensity":{"high":0.1839285714285714,"low":0.20869047614285716,"meium":0.5998809524285714,"none":0.007500000000000001},"expressive":{"dir-action":0,"dir-explicit":0.30178571428571427,"dir-speech":0.3392857142857143,"indirect":0.35321428571428576,"writing-device":0.005714285714285714}},{"id":"궁마루-구의점","permalink":"","username":"asdfg","text":"오늘은 짜장 팅팅불어옴... 에잇","date":"Mon Dec 10 23:59:44 +0000 2018","retweets":"30","favorites":"20","mentions":[],"hashtags":[],"geo":"","raw":"오늘은 짜장 팅팅불어옴... 에잇","polarity":{"com":0.053929121999999996,"pos":0.47342064699999997,"neg":0.4160246535,"neut":0.0169491525,"none":0.039676425},"intensity":{"high":0.07357473007357473,"low":0.13597842813597844,"meium":0.7507704167507704,"none":0.03967642503967643},"expressive":{"dir-action":0,"dir-explicit":0.271956857,"dir-speech":0.3251155625,"indirect":0.3632511555,"writing-device":0.039676425}},{"id":"궁마루-구의점","permalink":"","username":"asdfg","text":"배달치곤 괜찮은집.. 근데 딴데보다 좀 비쌈","date":"Mon Dec 10 23:59:44 +0000 2018","retweets":"30","favorites":"20","mentions":[],"hashtags":[],"geo":"","raw":"배달치곤 괜찮은집.. 근데 딴데보다 좀 비쌈","polarity":{"com":0.0181818182,"pos":0.7181818182000002,"neg":0.18787878800000002,"neut":0,"none":0.07575757560000002},"intensity":{"high":0.04242424240848485,"low":0.06060606061212121,"meium":0.8212121213642424,"none":0.07575757561515152},"expressive":{"dir-action":0,"dir-explicit":0.13454545460000003,"dir-speech":0.5715151516000001,"indirect":0.21818181820000002,"writing-device":0.07575757560000002}},{"id":"궁마루-구의점","permalink":"","username":"asdfg","text":"맛있습니다!!","date":"Mon Dec 10 23:59:44 +0000 2018","retweets":"30","favorites":"20","mentions":[],"hashtags":[],"geo":"","raw":"맛있습니다!!","polarity":{"com":0,"pos":0,"neg":1,"neut":0,"none":0},"intensity":{"high":0,"low":0,"meium":1,"none":0},"expressive":{"dir-action":0,"dir-explicit":0,"dir-speech":1,"indirect":0,"writing-device":0}},{"id":"궁마루-구의점","permalink":"","username":"asdfg","text":"여기서 처음시켰는데 마파밥도맛있고 군만두도 바삭하니좋네요 배달도빨랐습니다 나중에또시킬의향있네요","date":"Mon Dec 10 23:59:44 +0000 2018","retweets":"30","favorites":"20","mentions":[],"hashtags":[],"geo":"","raw":"여기서 처음시켰는데 마파밥도맛있고 군만두도 바삭하니좋네요 배달도빨랐습니다 나중에또시킬의향있네요","polarity":{"com":0.014201901997633014,"pos":0.48890325658518274,"neg":0.3454891900257518,"neut":0.009913793081681034,"none":0.14149185830975136},"intensity":{"high":0.041870210746510816,"low":0.0973022714918915,"meium":0.6767111383602742,"none":0.18411637940132367},"expressive":{"dir-action":0.0009578544165868454,"dir-explicit":0.17263615215228034,"dir-speech":0.527786330039351,"indirect":0.1429447181547546,"writing-device":0.1556749452370271}},{"id":"궁마루-구의점","permalink":"","username":"asdfg","text":"음식이 너무 짜네요 \n당분간 중식은 못먹을듯 싶어요","date":"Mon Dec 10 23:59:44 +0000 2018","retweets":"30","favorites":"20","mentions":[],"hashtags":[],"geo":"","raw":"음식이 너무 짜네요 \n당분간 중식은 못먹을듯 싶어요","polarity":{"com":0.00423728825,"pos":0.297316384,"neg":0.6398305085,"neut":0.00847457625,"none":0.050141242999999995},"intensity":{"high":0.053201506499999995,"low":0.13112052725,"meium":0.76553672325,"none":0.050141242999999995},"expressive":{"dir-action":0,"dir-explicit":0.1650188325,"dir-speech":0.66760828625,"indirect":0.11723163824999999,"writing-device":0.050141242999999995}},{"id":"궁마루-구의점","permalink":"","username":"asdfg","text":"삼선짬뽕은 해물이 풍부해서 좋았습니다. 그런데 주문 시간대가 좀 늦어서인지 국물이 생각보다 훨씬 진하고 걸쭉하더라구요. 얼큰하고 자극적인걸 좋아하시는 분들에게 좋을 것 같습니다.","date":"Mon Dec 10 23:59:44 +0000 2018","retweets":"30","favorites":"20","mentions":[],"hashtags":[],"geo":"","raw":"삼선짬뽕은 해물이 풍부해서 좋았습니다. 그런데 주문 시간대가 좀 늦어서인지 국물이 생각보다 훨씬 진하고 걸쭉하더라구요. 얼큰하고 자극적인걸 좋아하시는 분들에게 좋을 것 같습니다.","polarity":{"com":0.012274354749232852,"pos":0.4516818942842699,"neg":0.350063163165621,"neut":0.05995219887125299,"none":0.12602838892962323},"intensity":{"high":0.1237968677184492,"low":0.07963242745740809,"meium":0.6681524468545382,"none":0.12841825796960454},"expressive":{"dir-action":0.0009260361251157545,"dir-explicit":0.3088577278511072,"dir-speech":0.28067411209758425,"indirect":0.28136220866017025,"writing-device":0.12817991526602251}},{"id":"궁마루-구의점","permalink":"","username":"asdfg","text":"새로운데서먹어보고싶어서 찾다가\n쟁반짜장과 삼선짬뽕밥 시켯어여\n큰기대안했는데 배달도 빨랐구 쟁반짜장 매콤하니 맛있었구요. 삼선짬뽕도 기름맛이 좀 느껴지긴햇지만 요기요에서 배달시켜먹은것중에 제일맛있는 삼선짬뽕이엇던거같아요","date":"Mon Dec 10 23:59:44 +0000 2018","retweets":"30","favorites":"20","mentions":[],"hashtags":[],"geo":"","raw":"새로운데서먹어보고싶어서 찾다가\n쟁반짜장과 삼선짬뽕밥 시켯어여\n큰기대안했는데 배달도 빨랐구 쟁반짜장 매콤하니 맛있었구요. 삼선짬뽕도 기름맛이 좀 느껴지긴햇지만 요기요에서 배달시켜먹은것중에 제일맛있는 삼선짬뽕이엇던거같아요","polarity":{"com":0.006384126738852865,"pos":0.5479988549326957,"neg":0.38501293941804293,"neut":0.018916798042655787,"none":0.041687280867752724},"intensity":{"high":0.0976038546998958,"low":0.10161093509137437,"meium":0.7354439473363237,"none":0.06534126287240613},"expressive":{"dir-action":0.0006026044348088089,"dir-explicit":0.24410148188017833,"dir-speech":0.4637745551505989,"indirect":0.20349748544363036,"writing-device":0.08802387309078365}}]