[{"id":"대무짜장양꼬치","permalink":"","username":"asdfg","text":"여긴 정말 아님\n이럴거면 장사 하면 않된다 생각 함","date":"Mon Dec 10 23:59:44 +0000 2018","retweets":"30","favorites":"20","mentions":[],"hashtags":[],"geo":"","raw":"여긴 정말 아님\n이럴거면 장사 하면 않된다 생각 함","polarity":{"com":0.018181818199999998,"pos":0.4631818182,"neg":0.40121212120000005,"neut":0.05,"none":0.0674242424},"intensity":{"high":0.16575757563315152,"low":0.11727272722345454,"meium":0.6495454547299091,"none":0.06742424241348485},"expressive":{"dir-action":0,"dir-explicit":0.3895454546,"dir-speech":0.3598484848,"indirect":0.1831818182,"writing-device":0.0674242424}},{"id":"대무짜장양꼬치","permalink":"","username":"asdfg","text":"면이 풀어지지도 않고 뭉쳐서 비비기 힘들고여 단무지 포장 상태도 좋지 않고 짜장이 짭니다","date":"Mon Dec 10 23:59:44 +0000 2018","retweets":"30","favorites":"20","mentions":[],"hashtags":[],"geo":"","raw":"면이 풀어지지도 않고 뭉쳐서 비비기 힘들고여 단무지 포장 상태도 좋지 않고 짜장이 짭니다","polarity":{"com":0.006329976833333333,"pos":0.46183396266666654,"neg":0.4406833438333333,"neut":0.017065240166666665,"none":0.07408747649999999},"intensity":{"high":0.04143066917357178,"low":0.4160740507360124,"meium":0.46767358924461216,"none":0.07482169084580362},"expressive":{"dir-action":0.0007342143333333332,"dir-explicit":0.5166352003333333,"dir-speech":0.27687224666666665,"indirect":0.132127124,"writing-device":0.07363121466666665}},{"id":"대무짜장양꼬치","permalink":"","username":"asdfg","text":"곱빼기 시켰는데 이정도 온 거 보면 원래 양은 얼마나 되는거예요? 그리고 짜장면 면은 졸면서 만드셨어요? 밀가루 맛이 너무 나는게 전분가루 안 넣으신 것 같은데... 이거 환불은 안 되나요?","date":"Mon Dec 10 23:59:44 +0000 2018","retweets":"30","favorites":"20","mentions":[],"hashtags":[],"geo":"","raw":"곱빼기 시켰는데 이정도 온 거 보면 원래 양은 얼마나 되는거예요? 그리고 짜장면 면은 졸면서 만드셨어요? 밀가루 맛이 너무 나는게 전분가루 안 넣으신 것 같은데... 이거 환불은 안 되나요?","polarity":{"com":0.06789698298801819,"pos":0.35517379158438106,"neg":0.4582354522720762,"neut":0.051009715638057104,"none":0.06768405751746752},"intensity":{"high":0.051091708411764684,"low":0.20916684599999996,"meium":0.6720573880588235,"none":0.06768405752941176},"expressive":{"dir-action":0,"dir-explicit":0.23686726110680378,"dir-speech":0.4998621323823935,"indirect":0.16122173389375832,"writing-device":0.10204887261704444}},{"id":"대무짜장양꼬치","permalink":"","username":"asdfg","text":"양은 짱 많은거 같아요 고기간만 살짝 덜 짜면 좋겠어요","date":"Mon Dec 10 23:59:44 +0000 2018","retweets":"30","favorites":"20","mentions":[],"hashtags":[],"geo":"","raw":"양은 짱 많은거 같아요 고기간만 살짝 덜 짜면 좋겠어요","polarity":{"com":0,"pos":0.37269788184317443,"neg":0.4846376811211594,"neut":0.023690078005922516,"none":0.11897435902974358},"intensity":{"high":0.14085841703521462,"low":0.07716833876929209,"meium":0.6629988851657498,"none":0.11897435902974361},"expressive":{"dir-action":0,"dir-explicit":0.3381270903345317,"dir-speech":0.1684503900421126,"indirect":0.13085841703271459,"writing-device":0.36256410259064104}},{"id":"대무짜장양꼬치","permalink":"","username":"asdfg","text":"제 입에는 고기간이 다소 세지만 남자친구가 좋아하는 음식!","date":"Mon Dec 10 23:59:44 +0000 2018","retweets":"30","favorites":"20","mentions":[],"hashtags":[],"geo":"","raw":"제 입에는 고기간이 다소 세지만 남자친구가 좋아하는 음식!","polarity":{"com":0.009738829403895533,"pos":0.2678759689071504,"neg":0.5492168380196867,"neut":0.06299660322519865,"none":0.11017176044406872},"intensity":{"high":0.08015025861603006,"low":0.10573574722114716,"meium":0.7012754621402552,"none":0.11283853202256776},"expressive":{"dir-action":0.0008810572001762112,"dir-explicit":0.23571926124714382,"dir-speech":0.5193620807038724,"indirect":0.13493838522698764,"writing-device":0.10909921562181983}},{"id":"대무짜장양꼬치","permalink":"","username":"asdfg","text":"첫번째 사진 양갈비 두번째가 양꼬치예요~\n양갈비는 갈빗대처럼 조그만 뼈가 붙어있어요\n둘다 맛은 있지만 저처럼 은근 발라먹기 귀찮으신 분들은 양꼬치 추천이요","date":"Mon Dec 10 23:59:44 +0000 2018","retweets":"30","favorites":"20","mentions":[],"hashtags":[],"geo":"","raw":"첫번째 사진 양갈비 두번째가 양꼬치예요~\n양갈비는 갈빗대처럼 조그만 뼈가 붙어있어요\n둘다 맛은 있지만 저처럼 은근 발라먹기 귀찮으신 분들은 양꼬치 추천이요","polarity":{"com":0.005626556167135546,"pos":0.4330940709527578,"neg":0.26736111118894673,"neut":0.22637527235219793,"none":0.06754298933896193},"intensity":{"high":0.08080940709006744,"low":0.17860060684821671,"meium":0.6715589013892965,"none":0.06903108467241925},"expressive":{"dir-action":0,"dir-explicit":0.17325124491666669,"dir-speech":0.5397846639166667,"indirect":0.21646436358333335,"writing-device":0.07049972758333335}},{"id":"대무짜장양꼬치","permalink":"","username":"asdfg","text":"혹시 입맛에 안맞을까 걱정했는데 염통보다 양꼬치가 더 맛있었어요 양꼬치 꼭 드세요~\n반찬으로 온 짜사이(자차이)랑 땅콩도 맛있었네요\n배달오신분이 엄청 친절하게 맛있게 드시라고 인사해 주셨는데 안타깝게도 꼬치가 세로로 기울여져 랩사이로 육즙이 줄줄새서 움직이지 않게 조심해 주셔야할거 같아요~","date":"Mon Dec 10 23:59:44 +0000 2018","retweets":"30","favorites":"20","mentions":[],"hashtags":[],"geo":"","raw":"혹시 입맛에 안맞을까 걱정했는데 염통보다 양꼬치가 더 맛있었어요 양꼬치 꼭 드세요~\n반찬으로 온 짜사이(자차이)랑 땅콩도 맛있었네요\n배달오신분이 엄청 친절하게 맛있게 드시라고 인사해 주셨는데 안타깝게도 꼬치가 세로로 기울여져 랩사이로 육즙이 줄줄새서 움직이지 않게 조심해 주셔야할거 같아요~","polarity":{"com":0.007249311119999999,"pos":0.31601315868,"neg":0.55958539684,"neut":0.05244302356000001,"none":0.0647091098},"intensity":{"high":0.10661575876426461,"low":0.06727992800269118,"meium":0.7596106601103845,"none":0.06649365312265973},"expressive":{"dir-action":0.0015863865601269107,"dir-explicit":0.1895990971751679,"dir-speech":0.3906385745912511,"indirect":0.3098065272247845,"writing-device":0.10836941444866956}},{"id":"대무짜장양꼬치","permalink":"","username":"asdfg","text":"분명히 벨 누르지말라고햇는데 새벽에벨누르고난리네요\n맛은잇어요","date":"Mon Dec 10 23:59:44 +0000 2018","retweets":"30","favorites":"20","mentions":[],"hashtags":[],"geo":"","raw":"분명히 벨 누르지말라고햇는데 새벽에벨누르고난리네요\n맛은잇어요","polarity":{"com":0.0038314176666666665,"pos":0.44061302666666663,"neg":0.4674329503333334,"neut":0.02298850566666667,"none":0.06513409966666667},"intensity":{"high":0.03831417632056194,"low":0.3754789272081737,"meium":0.5172413791609195,"none":0.06896551731034482},"expressive":{"dir-action":0.003831417667943806,"dir-explicit":0.05363984668454662,"dir-speech":0.8045977012681992,"indirect":0.06130268202043423,"writing-device":0.07662835235887612}}]