[{"id":"전설의짬뽕-성수점","permalink":"","username":"asdfg","text":"철판만두 처음시켜먹어봣는데, 진짜 맛있어요.\n짬뽕은 항상맛있고","date":"Mon Dec 10 23:59:44 +0000 2018","retweets":"30","favorites":"20","mentions":[],"hashtags":[],"geo":"","raw":"철판만두 처음시켜먹어봣는데, 진짜 맛있어요.\n짬뽕은 항상맛있고","polarity":{"com":0.022829470853881498,"pos":0.3454052806649421,"neg":0.5540528076351352,"neut":0.004842614999308196,"none":0.07286982584673288},"intensity":{"high":0.08278181329754027,"low":0.07968792029709827,"meium":0.7646604405378087,"none":0.07286982586755283},"expressive":{"dir-action":0,"dir-explicit":0.19701756411471172,"dir-speech":0.5903339867728093,"indirect":0.1397786232657459,"writing-device":0.07286982584673288}},{"id":"전설의짬뽕-성수점","permalink":"","username":"asdfg","text":"맛 오지고요 지리고요👍👍👍👍👍👍","date":"Mon Dec 10 23:59:44 +0000 2018","retweets":"30","favorites":"20","mentions":[],"hashtags":[],"geo":"","raw":"맛 오지고요 지리고요👍👍👍👍👍👍","polarity":{"com":0,"pos":1,"neg":0,"neut":0,"none":0},"intensity":{"high":0,"low":0,"meium":1,"none":0},"expressive":{"dir-action":0,"dir-explicit":0,"dir-speech":1,"indirect":0,"writing-device":0}},{"id":"전설의짬뽕-성수점","permalink":"","username":"asdfg","text":"맛나유맛나~~!!!배달은 좀 느렸어요","date":"Mon Dec 10 23:59:44 +0000 2018","retweets":"30","favorites":"20","mentions":[],"hashtags":[],"geo":"","raw":"맛나유맛나~~!!!배달은 좀 느렸어요","polarity":{"com":0,"pos":1,"neg":0,"neut":0,"none":0},"intensity":{"high":0,"low":0,"meium":1,"none":0},"expressive":{"dir-action":0,"dir-explicit":0.1,"dir-speech":0.9,"indirect":0,"writing-device":0}},{"id":"전설의짬뽕-성수점","permalink":"","username":"asdfg","text":"엄청 맛잇습니당👍👍👍👍","date":"Mon Dec 10 23:59:44 +0000 2018","retweets":"30","favorites":"20","mentions":[],"hashtags":[],"geo":"","raw":"엄청 맛잇습니당👍👍👍👍","polarity":{"com":0,"pos":1,"neg":0,"neut":0,"none":0},"intensity":{"high":0,"low":0,"meium":1,"none":0},"expressive":{"dir-action":0,"dir-explicit":0,"dir-speech":1,"indirect":0,"writing-device":0}},{"id":"전설의짬뽕-성수점","permalink":"","username":"asdfg","text":"배달은 빨랐는데...\n쟁반짜장이 아닌...일반짜장 섞어 가져다준줄;;;\n해물도 거의없고...뭐하러 이걸 먹겠어요;;;\n탕수육만 맛나네요","date":"Mon Dec 10 23:59:44 +0000 2018","retweets":"30","favorites":"20","mentions":[],"hashtags":[],"geo":"","raw":"배달은 빨랐는데...\n쟁반짜장이 아닌...일반짜장 섞어 가져다준줄;;;\n해물도 거의없고...뭐하러 이걸 먹겠어요;;;\n탕수육만 맛나네요","polarity":{"com":0.005217939727747086,"pos":0.4420643439492785,"neg":0.4419393703129036,"neut":0.018383380092580306,"none":0.09239496591749047},"intensity":{"high":0.15323274545454546,"low":0.31366993536363635,"meium":0.43941926018181815,"none":0.09367805900000001},"expressive":{"dir-action":0.0004004805454545454,"dir-explicit":0.17999882918181817,"dir-speech":0.4008194315454545,"indirect":0.23540923672727274,"writing-device":0.183372022}},{"id":"전설의짬뽕-성수점","permalink":"","username":"asdfg","text":"삼선짬뽕이 9000원인데 쭈꾸미 들어있는거 빼고 일반짬뽕과 별차이 없네요!","date":"Mon Dec 10 23:59:44 +0000 2018","retweets":"30","favorites":"20","mentions":[],"hashtags":[],"geo":"","raw":"삼선짬뽕이 9000원인데 쭈꾸미 들어있는거 빼고 일반짬뽕과 별차이 없네요!","polarity":{"com":0.013167765573309682,"pos":0.27060886489580127,"neg":0.6520657512360095,"neut":0.031152933290164705,"none":0.033004685004714956},"intensity":{"high":0.044300132726942894,"low":0.12395772717827365,"meium":0.7981081285137452,"none":0.03363401158103829},"expressive":{"dir-action":0.0006293265715184753,"dir-explicit":0.22880404846125774,"dir-speech":0.3992310129141759,"indirect":0.26347190860906744,"writing-device":0.10786370344398055}},{"id":"전설의짬뽕-성수점","permalink":"","username":"asdfg","text":"배달이 신속하게 오네요","date":"Mon Dec 10 23:59:44 +0000 2018","retweets":"30","favorites":"20","mentions":[],"hashtags":[],"geo":"","raw":"배달이 신속하게 오네요","polarity":{"com":0.006451612999999998,"pos":0.6720430106666666,"neg":0.117562724,"neut":0.19462365599999998,"none":0.009318996333333333},"intensity":{"high":0.04659498199999999,"low":0.038709677333333324,"meium":0.9046594983333333,"none":0.010035842333333331},"expressive":{"dir-action":0.002150537666666667,"dir-explicit":0.10465949833333334,"dir-speech":0.5982078853333334,"indirect":0.2856630823333333,"writing-device":0.009318996333333334}},{"id":"전설의짬뽕-성수점","permalink":"","username":"asdfg","text":"맛이나 양 모두 만족했었어요\n특히 도착 예상시간보다 훨씬 빨리와서 좋았습니다 ^^","date":"Mon Dec 10 23:59:44 +0000 2018","retweets":"30","favorites":"20","mentions":[],"hashtags":[],"geo":"","raw":"맛이나 양 모두 만족했었어요\n특히 도착 예상시간보다 훨씬 빨리와서 좋았습니다 ^^","polarity":{"com":0.002419354875,"pos":0.650349462375,"neg":0.165752688125,"neut":0.079233871,"none":0.102244623625},"intensity":{"high":0.16816756275,"low":0.039655017875000004,"meium":0.6896639785,"none":0.10251344087500001},"expressive":{"dir-action":0.000806451625,"dir-explicit":0.31771953412500004,"dir-speech":0.380577957,"indirect":0.204901433625,"writing-device":0.095994623625}},{"id":"전설의짬뽕-성수점","permalink":"","username":"asdfg","text":"쟁반짜장이  면만 많고  소스가  적어  싱거웠어요\n만들어놓은 일반짜장소스 넣어 저어놓은  느낌 ㅜㅜ","date":"Mon Dec 10 23:59:44 +0000 2018","retweets":"30","favorites":"20","mentions":[],"hashtags":[],"geo":"","raw":"쟁반짜장이  면만 많고  소스가  적어  싱거웠어요\n만들어놓은 일반짜장소스 넣어 저어놓은  느낌 ㅜㅜ","polarity":{"com":0.004405286286343612,"pos":0.36094140805156305,"neg":0.5402220393628888,"neut":0.030901550718700214,"none":0.06352971558050424},"intensity":{"high":0.029755853575679402,"low":0.16576624545225235,"meium":0.7403188588200456,"none":0.06415904215202273},"expressive":{"dir-action":0.0006293265714285714,"dir-explicit":0.2580578012857143,"dir-speech":0.47175130299999996,"indirect":0.2090655307142857,"writing-device":0.06049603842857143}},{"id":"전설의짬뽕-성수점","permalink":"","username":"asdfg","text":"매장맛 그대로 맛있습니다.","date":"Mon Dec 10 23:59:44 +0000 2018","retweets":"30","favorites":"20","mentions":[],"hashtags":[],"geo":"","raw":"매장맛 그대로 맛있습니다.","polarity":{"com":0,"pos":0.5,"neg":0.5,"neut":0,"none":0},"intensity":{"high":0,"low":0,"meium":1,"none":0},"expressive":{"dir-action":0,"dir-explicit":0,"dir-speech":1,"indirect":0,"writing-device":0}},{"id":"전설의짬뽕-성수점","permalink":"","username":"asdfg","text":"좋구요~ 맛있고 괜찮은거 같습니다~","date":"Mon Dec 10 23:59:44 +0000 2018","retweets":"30","favorites":"20","mentions":[],"hashtags":[],"geo":"","raw":"좋구요~ 맛있고 괜찮은거 같습니다~","polarity":{"com":0,"pos":0.46,"neg":0.52,"neut":0,"none":0.02},"intensity":{"high":0.1,"low":0.02,"meium":0.86,"none":0.02},"expressive":{"dir-action":0,"dir-explicit":0.3,"dir-speech":0.09999999999999998,"indirect":0.08,"writing-device":0.52}},{"id":"전설의짬뽕-성수점","permalink":"","username":"asdfg","text":"맛잇게잘먹었습니다~","date":"Mon Dec 10 23:59:44 +0000 2018","retweets":"30","favorites":"20","mentions":[],"hashtags":[],"geo":"","raw":"맛잇게잘먹었습니다~","polarity":{"com":0,"pos":0.8571428574285714,"neg":0.10714285705357143,"neut":0.035714285517857144,"none":0},"intensity":{"high":0,"low":0.107142857,"meium":0.8928571430000001,"none":0},"expressive":{"dir-action":0,"dir-explicit":0.107142857,"dir-speech":0.5714285715,"indirect":0.3214285715,"writing-device":0}},{"id":"전설의짬뽕-성수점","permalink":"","username":"asdfg","text":"성수중국집은 요기요~","date":"Mon Dec 10 23:59:44 +0000 2018","retweets":"30","favorites":"20","mentions":[],"hashtags":[],"geo":"","raw":"성수중국집은 요기요~","polarity":{"com":0.016949153,"pos":0.355932203,"neg":0.559322034,"neut":0.033898305,"none":0.033898305},"intensity":{"high":0.10169491510169491,"low":0.1355932201355932,"meium":0.7288135597288136,"none":0.0338983050338983},"expressive":{"dir-action":0,"dir-explicit":0.271186441,"dir-speech":0.559322034,"indirect":0.13559322,"writing-device":0.033898305}},{"id":"전설의짬뽕-성수점","permalink":"","username":"asdfg","text":"맛있네요 또시켜먹어야지","date":"Mon Dec 10 23:59:44 +0000 2018","retweets":"30","favorites":"20","mentions":[],"hashtags":[],"geo":"","raw":"맛있네요 또시켜먹어야지","polarity":{"com":0,"pos":0.1587301586137566,"neg":0.6984126984338624,"neut":0,"none":0.14285714295238094},"intensity":{"high":0.037037037,"low":0.074074074,"meium":0.746031746,"none":0.142857143},"expressive":{"dir-action":0,"dir-explicit":0.12169312166666667,"dir-speech":0.687830688,"indirect":0,"writing-device":0.19047619033333332}},{"id":"전설의짬뽕-성수점","permalink":"","username":"asdfg","text":"맛있게 먹었습니다. 다음에 또 시킬게요. 그런데 완벽한 맛은아니라 별4개드려요","date":"Mon Dec 10 23:59:44 +0000 2018","retweets":"30","favorites":"20","mentions":[],"hashtags":[],"geo":"","raw":"맛있게 먹었습니다. 다음에 또 시킬게요. 그런데 완벽한 맛은아니라 별4개드려요","polarity":{"com":0.002419354874395161,"pos":0.3932707076516823,"neg":0.47586257825603434,"neut":0.023304383869173904,"none":0.10514297534871425},"intensity":{"high":0.044182519994477185,"low":0.061524675992309416,"meium":0.7888810114013899,"none":0.10541179261182353},"expressive":{"dir-action":0.000806451625,"dir-explicit":0.132959155625,"dir-speech":0.5704054906250001,"indirect":0.17603391225,"writing-device":0.11979498987500001}},{"id":"전설의짬뽕-성수점","permalink":"","username":"asdfg","text":"맛있게 잘 먹었습니다~~","date":"Mon Dec 10 23:59:44 +0000 2018","retweets":"30","favorites":"20","mentions":[],"hashtags":[],"geo":"","raw":"맛있게 잘 먹었습니다~~","polarity":{"com":0,"pos":0.35714285717857136,"neg":0.6071428573035714,"neut":0.03571428551785714,"none":0},"intensity":{"high":0,"low":0.107142857,"meium":0.8928571430000001,"none":0},"expressive":{"dir-action":0,"dir-explicit":0.107142857,"dir-speech":0.5714285715,"indirect":0.3214285715,"writing-device":0}},{"id":"전설의짬뽕-성수점","permalink":"","username":"asdfg","text":"홍합짬뽕 정말 푸짐해요.","date":"Mon Dec 10 23:59:44 +0000 2018","retweets":"30","favorites":"20","mentions":[],"hashtags":[],"geo":"","raw":"홍합짬뽕 정말 푸짐해요.","polarity":{"com":0.012012012,"pos":0.6813063065,"neg":0.153153153,"neut":0.0165165165,"none":0.137012012},"intensity":{"high":0.307057057,"low":0.042042042,"meium":0.5123873875,"none":0.1385135135},"expressive":{"dir-action":0.0015015015,"dir-explicit":0.406156156,"dir-speech":0.170045045,"indirect":0.283783784,"writing-device":0.1385135135}},{"id":"전설의짬뽕-성수점","permalink":"","username":"asdfg","text":"맛있었습니다 굿굿굿","date":"Mon Dec 10 23:59:44 +0000 2018","retweets":"30","favorites":"20","mentions":[],"hashtags":[],"geo":"","raw":"맛있었습니다 굿굿굿","polarity":{"com":0,"pos":0.6666666666666666,"neg":0.3333333333333333,"neut":0,"none":0},"intensity":{"high":0,"low":0,"meium":1,"none":0},"expressive":{"dir-action":0,"dir-explicit":0,"dir-speech":0.3333333333333333,"indirect":0.6666666666666666,"writing-device":0}},{"id":"전설의짬뽕-성수점","permalink":"","username":"asdfg","text":"진짜 별로입니다.\n배달도 늦고 짬뽕이라는게 안에 홍합도 없고\n야채도 없어서 실망을 많이했네요.\n진짜 여기 짬뽕 다 없애버리고 싶어서\n다 먹어 치워버렸습니다","date":"Mon Dec 10 23:59:44 +0000 2018","retweets":"30","favorites":"20","mentions":[],"hashtags":[],"geo":"","raw":"진짜 별로입니다.\n배달도 늦고 짬뽕이라는게 안에 홍합도 없고\n야채도 없어서 실망을 많이했네요.\n진짜 여기 짬뽕 다 없애버리고 싶어서\n다 먹어 치워버렸습니다","polarity":{"com":0.004615924249615339,"pos":0.38185069746817907,"neg":0.4574969532118752,"neut":0.031197916580733506,"none":0.12483850848959677},"intensity":{"high":0.08599052490233491,"low":0.04608495607565251,"meium":0.7421281561263119,"none":0.1257963628957006},"expressive":{"dir-action":0.0022091056670348504,"dir-explicit":0.22992253120498707,"dir-speech":0.447094060907849,"indirect":0.19092774311515462,"writing-device":0.12984655910497442}},{"id":"전설의짬뽕-성수점","permalink":"","username":"asdfg","text":"빠르고 맛남 굿굿!!","date":"Mon Dec 10 23:59:44 +0000 2018","retweets":"30","favorites":"20","mentions":[],"hashtags":[],"geo":"","raw":"빠르고 맛남 굿굿!!","polarity":{"com":0,"pos":1,"neg":0,"neut":0,"none":0},"intensity":{"high":0,"low":0.111111111,"meium":0.888888889,"none":0},"expressive":{"dir-action":0,"dir-explicit":0,"dir-speech":0.3333333333333333,"indirect":0.6666666666666666,"writing-device":0}},{"id":"전설의짬뽕-성수점","permalink":"","username":"asdfg","text":"맛 너무좋아요. 면이 딱딱하고 짜장소스가 너무 적어서 덕지덕지 ㅠㅠ 탕수육 최고입니다 ~~~ 맛은 좋아요 면이 불어서 좀 아쉽지만 맛은 최고 ~~","date":"Mon Dec 10 23:59:44 +0000 2018","retweets":"30","favorites":"20","mentions":[],"hashtags":[],"geo":"","raw":"맛 너무좋아요. 면이 딱딱하고 짜장소스가 너무 적어서 덕지덕지 ㅠㅠ 탕수육 최고입니다 ~~~ 맛은 좋아요 면이 불어서 좀 아쉽지만 맛은 최고 ~~","polarity":{"com":0.0034900972499999996,"pos":0.8960179823333334,"neg":0.08014192758333334,"neut":0.009449181333333334,"none":0.010900811500000001},"intensity":{"high":0.2043838481666667,"low":0.18926891175000002,"meium":0.5944521306666667,"none":0.011895109416666667},"expressive":{"dir-action":0.00025025025,"dir-explicit":0.357276026,"dir-speech":0.3668825075,"indirect":0.26444015449999997,"writing-device":0.011151061750000002}},{"id":"전설의짬뽕-성수점","permalink":"","username":"asdfg","text":"정말 오랜만에 배달로 맛있는 짬뽕과 탕수육을 먹었내요\n종종 생각날때마다 시켜야겠어요 ^^","date":"Mon Dec 10 23:59:44 +0000 2018","retweets":"30","favorites":"20","mentions":[],"hashtags":[],"geo":"","raw":"정말 오랜만에 배달로 맛있는 짬뽕과 탕수육을 먹었내요\n종종 생각날때마다 시켜야겠어요 ^^","polarity":{"com":0.007692307600000001,"pos":0.5381118882,"neg":0.341958042,"neut":0.062237762200000005,"none":0.05},"intensity":{"high":0.1335664336,"low":0.1853146854,"meium":0.631118881,"none":0.05},"expressive":{"dir-action":0,"dir-explicit":0.1902097902,"dir-speech":0.6597902098,"indirect":0.1,"writing-device":0.05}},{"id":"전설의짬뽕-성수점","permalink":"","username":"asdfg","text":"중국음식도 면을 따로 주니 좋네요~~\n게살볶음밥에 양상추는 좀 ㅜㅜ\n다 익어서 도착하니 차라리 오이를 올리시는게 ㅎ","date":"Mon Dec 10 23:59:44 +0000 2018","retweets":"30","favorites":"20","mentions":[],"hashtags":[],"geo":"","raw":"중국음식도 면을 따로 주니 좋네요~~\n게살볶음밥에 양상추는 좀 ㅜㅜ\n다 익어서 도착하니 차라리 오이를 올리시는게 ㅎ","polarity":{"com":0.00921047040092105,"pos":0.4807955558480796,"neg":0.377029311037703,"neut":0.045188697804518875,"none":0.0877759649087776},"intensity":{"high":0.11519245868848077,"low":0.09744124369025589,"meium":0.6993752789300623,"none":0.08799101869120089},"expressive":{"dir-action":0.0034205481989738355,"dir-explicit":0.32379394830286184,"dir-speech":0.41761019557471696,"indirect":0.16528878385041337,"writing-device":0.08988652407303403}},{"id":"전설의짬뽕-성수점","permalink":"","username":"asdfg","text":"가격대가 좀 있긴 핟\n지만 맛있어요! 남편도 한번 먹어보더니\n해장은 항상 여기서 시켜달라고^^\n홍합이 진짜 많아요!\n자주 시킬께요\n배달은 느린편ㅠ\n사진은 급히 먹느라 못찍었네요","date":"Mon Dec 10 23:59:44 +0000 2018","retweets":"30","favorites":"20","mentions":[],"hashtags":[],"geo":"","raw":"가격대가 좀 있긴 핟\n지만 맛있어요! 남편도 한번 먹어보더니\n해장은 항상 여기서 시켜달라고^^\n홍합이 진짜 많아요!\n자주 시킬께요\n배달은 느린편ㅠ\n사진은 급히 먹느라 못찍었네요","polarity":{"com":0.006312350999628684,"pos":0.512627582263963,"neg":0.43555022197437926,"neut":0.03897094717417817,"none":0.006538897587850652},"intensity":{"high":0.08193497219092971,"low":0.188435122445018,"meium":0.7223066631862894,"none":0.007323242177762925},"expressive":{"dir-action":0.00025913447063396485,"dir-explicit":0.20743923127190103,"dir-speech":0.6155491593439203,"indirect":0.16750346250014764,"writing-device":0.009249012413396884}},{"id":"전설의짬뽕-성수점","permalink":"","username":"asdfg","text":"짜장은 조금 실망 (살짝 불어서 옴) 근데 짬뽕은 ㄹㅇ JMT","date":"Mon Dec 10 23:59:44 +0000 2018","retweets":"30","favorites":"20","mentions":[],"hashtags":[],"geo":"","raw":"짜장은 조금 실망 (살짝 불어서 옴) 근데 짬뽕은 ㄹㅇ JMT","polarity":{"com":0.008474576499999999,"pos":0.4279661014999999,"neg":0.4046610169999999,"neut":0.14194915249999998,"none":0.016949152499999995},"intensity":{"high":0.05084745752542374,"low":0.06779661003389831,"meium":0.8644067799322034,"none":0.016949152508474577},"expressive":{"dir-action":0,"dir-explicit":0.2605932205,"dir-speech":0.404661017,"indirect":0.31779661000000003,"writing-device":0.0169491525}},{"id":"전설의짬뽕-성수점","permalink":"","username":"asdfg","text":"어제 주문했는데 배달누락으로 배달도 못받고.... 뒤늦게 확인전화했더니 취소해주신다고 했는데 아직 주문취소도 안대고.....","date":"Mon Dec 10 23:59:44 +0000 2018","retweets":"30","favorites":"20","mentions":[],"hashtags":[],"geo":"","raw":"어제 주문했는데 배달누락으로 배달도 못받고.... 뒤늦게 확인전화했더니 취소해주신다고 했는데 아직 주문취소도 안대고.....","polarity":{"com":0.007292964090909091,"pos":0.5026367066363636,"neg":0.3399113092727273,"neut":0.03113603954545455,"none":0.11902298045454547},"intensity":{"high":0.09452914036363637,"low":0.05042544600000001,"meium":0.7345864941818182,"none":0.12045891945454548},"expressive":{"dir-action":0.0022179526363636363,"dir-explicit":0.27662649727272726,"dir-speech":0.43233225399999997,"indirect":0.16553233890909091,"writing-device":0.12329095718181819}},{"id":"전설의짬뽕-성수점","permalink":"","username":"asdfg","text":"짬뽕도 탕수육도 너무나도 맛잇엇읍니다~ \n배달만빨리왓음 더 좋앗으면 좋을듯해요~^^","date":"Mon Dec 10 23:59:44 +0000 2018","retweets":"30","favorites":"20","mentions":[],"hashtags":[],"geo":"","raw":"짬뽕도 탕수육도 너무나도 맛잇엇읍니다~ \n배달만빨리왓음 더 좋앗으면 좋을듯해요~^^","polarity":{"com":0.0055380485,"pos":0.518016278875,"neg":0.2471756385,"neut":0.0276646165,"none":0.201605417625},"intensity":{"high":0.11624193151453024,"low":0.0689391262586174,"meium":0.6132135245766517,"none":0.20160541765020068},"expressive":{"dir-action":0,"dir-explicit":0.31921304763029507,"dir-speech":0.3258702755027986,"indirect":0.15353885031742293,"writing-device":0.2013778265494833}},{"id":"전설의짬뽕-성수점","permalink":"","username":"asdfg","text":"모든게 다 완벽! 굿굿 하지만  짬봉 홍합에 살도 얼마 없는데 너무 껍질만 많아사  쓰레기 버릴게 많네요 그것만 빼면 매우 굿!!","date":"Mon Dec 10 23:59:44 +0000 2018","retweets":"30","favorites":"20","mentions":[],"hashtags":[],"geo":"","raw":"모든게 다 완벽! 굿굿 하지만  짬봉 홍합에 살도 얼마 없는데 너무 껍질만 많아사  쓰레기 버릴게 많네요 그것만 빼면 매우 굿!!","polarity":{"com":0.011873184306778984,"pos":0.4292369875054433,"neg":0.45176883250371,"neut":0.05855947761088004,"none":0.04856151807318757},"intensity":{"high":0.27032384059459047,"low":0.06016264907229518,"meium":0.6200678189523025,"none":0.04944569138081187},"expressive":{"dir-action":0.000884173307760321,"dir-explicit":0.2368078429412929,"dir-speech":0.4108102330316008,"indirect":0.30225609940786585,"writing-device":0.04924165131148013}},{"id":"전설의짬뽕-성수점","permalink":"","username":"asdfg","text":"아니 무슨 전화도 인받고 배달을 시킨지 2시간지났는데 뭐하는거에요 장사 개 ㅈ같이 하네 ㅋ","date":"Mon Dec 10 23:59:44 +0000 2018","retweets":"30","favorites":"20","mentions":[],"hashtags":[],"geo":"","raw":"아니 무슨 전화도 인받고 배달을 시킨지 2시간지났는데 뭐하는거에요 장사 개 ㅈ같이 하네 ㅋ","polarity":{"com":0.0014367816248204023,"pos":0.6282980667964627,"neg":0.3144919018356885,"neut":0.01998432599750196,"none":0.035788923745526384},"intensity":{"high":0.05698145249287732,"low":0.16353187047955853,"meium":0.7422609716572174,"none":0.037225705370346786},"expressive":{"dir-action":0.001436781625,"dir-explicit":0.085455851625,"dir-speech":0.472178683375,"indirect":0.32696577849999997,"writing-device":0.11396290487499999}},{"id":"전설의짬뽕-성수점","permalink":"","username":"asdfg","text":"리뷰 안 쓰려다가 이건 써야할 것 같은 맛이라서 씁니다\n맛있어요!! 음식도 맛있고 배달도 잘 해주셨어요 잘 먹을게요~","date":"Mon Dec 10 23:59:44 +0000 2018","retweets":"30","favorites":"20","mentions":[],"hashtags":[],"geo":"","raw":"리뷰 안 쓰려다가 이건 써야할 것 같은 맛이라서 씁니다\n맛있어요!! 음식도 맛있고 배달도 잘 해주셨어요 잘 먹을게요~","polarity":{"com":0.004077475384929037,"pos":0.43498770764884526,"neg":0.37443514356726426,"neut":0.07086224562083557,"none":0.11563742777812597},"intensity":{"high":0.05246241253442597,"low":0.11627916822182469,"meium":0.7138526448681652,"none":0.11740577437558415},"expressive":{"dir-action":0.015754360615384613,"dir-explicit":0.12266809146153847,"dir-speech":0.5701885897692308,"indirect":0.16948764561538462,"writing-device":0.12190131253846154}},{"id":"전설의짬뽕-성수점","permalink":"","username":"asdfg","text":"맛있는데 약간 맵네요 양은 엄청많고 배달도 빨랐어요","date":"Mon Dec 10 23:59:44 +0000 2018","retweets":"30","favorites":"20","mentions":[],"hashtags":[],"geo":"","raw":"맛있는데 약간 맵네요 양은 엄청많고 배달도 빨랐어요","polarity":{"com":0.0033898305999999997,"pos":0.5494473101999999,"neg":0.42490788499999993,"neut":0.015475313199999997,"none":0.0067796609999999985},"intensity":{"high":0.07251289602900517,"low":0.13726357145490545,"meium":0.7834438715133776,"none":0.006779661002711864},"expressive":{"dir-action":0,"dir-explicit":0.15858511423171703,"dir-speech":0.5553426677110685,"indirect":0.27929255705585854,"writing-device":0.006779661001355932}},{"id":"전설의짬뽕-성수점","permalink":"","username":"asdfg","text":"맛있습니다다다다다다","date":"Mon Dec 10 23:59:44 +0000 2018","retweets":"30","favorites":"20","mentions":[],"hashtags":[],"geo":"","raw":"맛있습니다다다다다다","polarity":{"com":0,"pos":0,"neg":1,"neut":0,"none":0},"intensity":{"high":0,"low":0,"meium":1,"none":0},"expressive":{"dir-action":0,"dir-explicit":0,"dir-speech":1,"indirect":0,"writing-device":0}},{"id":"전설의짬뽕-성수점","permalink":"","username":"asdfg","text":"여태것 먹은거중에 제일 맛있네용배달도 늦께안오고 전에 조선한분식서 시켰는데 한시간이나 기다리고왕짜증났는데 다음에 또시켜먹을께용짬봉도 홍합도 많이 들어가있구 근데 쿠폰은없나용?ㅎㅎ수고하세요","date":"Mon Dec 10 23:59:44 +0000 2018","retweets":"30","favorites":"20","mentions":[],"hashtags":[],"geo":"","raw":"여태것 먹은거중에 제일 맛있네용배달도 늦께안오고 전에 조선한분식서 시켰는데 한시간이나 기다리고왕짜증났는데 다음에 또시켜먹을께용짬봉도 홍합도 많이 들어가있구 근데 쿠폰은없나용?ㅎㅎ수고하세요","polarity":{"com":0.005518698062155081,"pos":0.31454178573034114,"neg":0.47364438228289724,"neut":0.0830481839948095,"none":0.12324694992979707},"intensity":{"high":0.09583758186302031,"low":0.1984104912876987,"meium":0.5815177688648102,"none":0.12423415798447073},"expressive":{"dir-action":0.0015248424374046973,"dir-explicit":0.17147740223928265,"dir-speech":0.5089201846556924,"indirect":0.18315163892605302,"writing-device":0.13492593174156717}},{"id":"전설의짬뽕-성수점","permalink":"","username":"asdfg","text":"직접 가서 먹을때는 맛있었는데\n배달 시키니까 1시간 넘어서 오고 면은 다 불어있네요\n배달은 비추입니다","date":"Mon Dec 10 23:59:44 +0000 2018","retweets":"30","favorites":"20","mentions":[],"hashtags":[],"geo":"","raw":"직접 가서 먹을때는 맛있었는데\n배달 시키니까 1시간 넘어서 오고 면은 다 불어있네요\n배달은 비추입니다","polarity":{"com":0,"pos":0.672619047625,"neg":0.25,"neut":0.041666666625,"none":0.03571428575},"intensity":{"high":0.09126984123859129,"low":0.27777777771527784,"meium":0.5952380953005953,"none":0.03571428574553572},"expressive":{"dir-action":0,"dir-explicit":0.185515873,"dir-speech":0.5496031746250001,"indirect":0.22916666662500002,"writing-device":0.03571428575}},{"id":"전설의짬뽕-성수점","permalink":"","username":"asdfg","text":"감사합니다/////","date":"Mon Dec 10 23:59:44 +0000 2018","retweets":"30","favorites":"20","mentions":[],"hashtags":[],"geo":"","raw":"감사합니다/////","polarity":{"com":0,"pos":1,"neg":0,"neut":0,"none":0},"intensity":{"high":1,"low":0,"meium":0,"none":0},"expressive":{"dir-action":0,"dir-explicit":0,"dir-speech":1,"indirect":0,"writing-device":0}},{"id":"전설의짬뽕-성수점","permalink":"","username":"asdfg","text":"맛있어요 근데 면이조금 뿐듯","date":"Mon Dec 10 23:59:44 +0000 2018","retweets":"30","favorites":"20","mentions":[],"hashtags":[],"geo":"","raw":"맛있어요 근데 면이조금 뿐듯","polarity":{"com":0,"pos":0.5,"neg":0.44444444433333335,"neut":0,"none":0.055555555666666666},"intensity":{"high":0,"low":0.3888888888703704,"meium":0.5555555554814815,"none":0.05555555564814815},"expressive":{"dir-action":0,"dir-explicit":0.38888888899999996,"dir-speech":0.44444444433333335,"indirect":0.111111111,"writing-device":0.055555555666666666}},{"id":"전설의짬뽕-성수점","permalink":"","username":"asdfg","text":"감사합니다~~~~~","date":"Mon Dec 10 23:59:44 +0000 2018","retweets":"30","favorites":"20","mentions":[],"hashtags":[],"geo":"","raw":"감사합니다~~~~~","polarity":{"com":0,"pos":1,"neg":0,"neut":0,"none":0},"intensity":{"high":1,"low":0,"meium":0,"none":0},"expressive":{"dir-action":0,"dir-explicit":0,"dir-speech":1,"indirect":0,"writing-device":0}},{"id":"전설의짬뽕-성수점","permalink":"","username":"asdfg","text":"잘먹었습니다. 요청사항도 들어주시고! 빠르고 맛나네요","date":"Mon Dec 10 23:59:44 +0000 2018","retweets":"30","favorites":"20","mentions":[],"hashtags":[],"geo":"","raw":"잘먹었습니다. 요청사항도 들어주시고! 빠르고 맛나네요","polarity":{"com":0.0017857142504464287,"pos":0.7321428571830357,"neg":0.13571428578392858,"neut":0.021428571255357146,"none":0.10892857152723216},"intensity":{"high":0.28571428575,"low":0.16547619025,"meium":0.43988095250000003,"none":0.1089285715},"expressive":{"dir-action":0,"dir-explicit":0.3499999999125,"dir-speech":0.11071428572232143,"indirect":0.43214285714196427,"writing-device":0.10714285722321429}},{"id":"전설의짬뽕-성수점","permalink":"","username":"asdfg","text":"짬뽕이~~역시 대단쓰해","date":"Mon Dec 10 23:59:44 +0000 2018","retweets":"30","favorites":"20","mentions":[],"hashtags":[],"geo":"","raw":"짬뽕이~~역시 대단쓰해","polarity":{"com":0.015418502007709252,"pos":0.3825256976912628,"neg":0.22026431711013217,"neut":0.21071953010535976,"none":0.171071953085536},"intensity":{"high":0.05286343605286344,"low":0.23274596173274598,"meium":0.541116006041116,"none":0.17327459617327462},"expressive":{"dir-action":0.002202643002202643,"dir-explicit":0.37371512487371517,"dir-speech":0.3472834068472834,"indirect":0.10352422910352423,"writing-device":0.17327459617327462}},{"id":"전설의짬뽕-성수점","permalink":"","username":"asdfg","text":"가격대비 맛두괜찮구요 혼자먹기에는  딱이네요","date":"Mon Dec 10 23:59:44 +0000 2018","retweets":"30","favorites":"20","mentions":[],"hashtags":[],"geo":"","raw":"가격대비 맛두괜찮구요 혼자먹기에는  딱이네요","polarity":{"com":0.004575163400915032,"pos":0.6072829131214565,"neg":0.2904761906580952,"neut":0.037348272607469646,"none":0.060317460212063474},"intensity":{"high":0.05406162461081233,"low":0.10840336122168068,"meium":0.7772175539554436,"none":0.0603174602120635},"expressive":{"dir-action":0,"dir-explicit":0.159850607,"dir-speech":0.5294117648,"indirect":0.2433239962,"writing-device":0.067413632}},{"id":"전설의짬뽕-성수점","permalink":"","username":"asdfg","text":"맛있게\n잘 먹었어용","date":"Mon Dec 10 23:59:44 +0000 2018","retweets":"30","favorites":"20","mentions":[],"hashtags":[],"geo":"","raw":"맛있게\n잘 먹었어용","polarity":{"com":0,"pos":0.35714285717857136,"neg":0.6071428573035714,"neut":0.03571428551785714,"none":0},"intensity":{"high":0,"low":0.107142857,"meium":0.8928571430000001,"none":0},"expressive":{"dir-action":0,"dir-explicit":0.107142857,"dir-speech":0.5714285715,"indirect":0.3214285715,"writing-device":0}},{"id":"전설의짬뽕-성수점","permalink":"","username":"asdfg","text":"우리동네 맛집 추가요","date":"Mon Dec 10 23:59:44 +0000 2018","retweets":"30","favorites":"20","mentions":[],"hashtags":[],"geo":"","raw":"우리동네 맛집 추가요","polarity":{"com":0.076923077,"pos":0.769230769,"neg":0.153846154,"neut":0,"none":0},"intensity":{"high":0.0384615385,"low":0.0384615385,"meium":0.923076923,"none":0},"expressive":{"dir-action":0,"dir-explicit":0.0384615385,"dir-speech":0.846153846,"indirect":0.1153846155,"writing-device":0}},{"id":"전설의짬뽕-성수점","permalink":"","username":"asdfg","text":"굿굿굿굿굿ㅎㅎㅎㅎㅎㅎ","date":"Mon Dec 10 23:59:44 +0000 2018","retweets":"30","favorites":"20","mentions":[],"hashtags":[],"geo":"","raw":"굿굿굿굿굿ㅎㅎㅎㅎㅎㅎ","polarity":{"com":0,"pos":1,"neg":0,"neut":0,"none":0},"intensity":{"high":0,"low":0,"meium":1,"none":0},"expressive":{"dir-action":0,"dir-explicit":0,"dir-speech":0,"indirect":1,"writing-device":0}},{"id":"전설의짬뽕-성수점","permalink":"","username":"asdfg","text":"양이 많고 배달음식이라 가정할때 성수지역 내기준 원픽!!!","date":"Mon Dec 10 23:59:44 +0000 2018","retweets":"30","favorites":"20","mentions":[],"hashtags":[],"geo":"","raw":"양이 많고 배달음식이라 가정할때 성수지역 내기준 원픽!!!","polarity":{"com":0.0060329508562810075,"pos":0.3795272369457819,"neg":0.3656171006620548,"neut":0.2130828242552739,"none":0.0357398872806086},"intensity":{"high":0.08843065459669447,"low":0.31256385080358967,"meium":0.5629583875894166,"none":0.036047107010299166},"expressive":{"dir-action":0.0009216590001316656,"dir-explicit":0.3479766373354252,"dir-speech":0.5046873082149553,"indirect":0.10787338772969621,"writing-device":0.038541007719791576}},{"id":"전설의짬뽕-성수점","permalink":"","username":"asdfg","text":"홍합만 많이 들어있네요~~","date":"Mon Dec 10 23:59:44 +0000 2018","retweets":"30","favorites":"20","mentions":[],"hashtags":[],"geo":"","raw":"홍합만 많이 들어있네요~~","polarity":{"com":0,"pos":0.08974358954487177,"neg":0.6666666668333333,"neut":0.02564102551282051,"none":0.21794871810897434},"intensity":{"high":0.0512820515,"low":0.0256410255,"meium":0.7051282050000001,"none":0.217948718},"expressive":{"dir-action":0,"dir-explicit":0.1153846155,"dir-speech":0.6282051280000001,"indirect":0.0512820515,"writing-device":0.205128205}},{"id":"전설의짬뽕-성수점","permalink":"","username":"asdfg","text":"와...그냥 가서 드세요 탕수육 다른거 씁니다. 가서먹는건 진짜 맛잇는데 ..","date":"Mon Dec 10 23:59:44 +0000 2018","retweets":"30","favorites":"20","mentions":[],"hashtags":[],"geo":"","raw":"와...그냥 가서 드세요 탕수육 다른거 씁니다. 가서먹는건 진짜 맛잇는데 ..","polarity":{"com":0.0034013605714285715,"pos":0.32189239328571434,"neg":0.49515563800000006,"neut":0.10647289214285716,"none":0.07307771600000001},"intensity":{"high":0.037930323571428566,"low":0.06905792614285713,"meium":0.8199340342857143,"none":0.073077716},"expressive":{"dir-action":0,"dir-explicit":0.05782312928571428,"dir-speech":0.7041847041428573,"indirect":0.09008451871428572,"writing-device":0.14790764785714286}},{"id":"전설의짬뽕-성수점","permalink":"","username":"asdfg","text":"역시 가서 먹는게 나을뻔... 배달은 이집의 맛을 경감시키네요. 그래도 편하게 잘 먹었네요","date":"Mon Dec 10 23:59:44 +0000 2018","retweets":"30","favorites":"20","mentions":[],"hashtags":[],"geo":"","raw":"역시 가서 먹는게 나을뻔... 배달은 이집의 맛을 경감시키네요. 그래도 편하게 잘 먹었네요","polarity":{"com":0.002335669000259519,"pos":0.6412859746268096,"neg":0.24959941636106656,"neut":0.06874090200763788,"none":0.03803803800422645},"intensity":{"high":0.05509355511111111,"low":0.13003113,"meium":0.7768372768888888,"none":0.038038038},"expressive":{"dir-action":0.007841174557298039,"dir-explicit":0.20164120160036472,"dir-speech":0.49853516522189667,"indirect":0.25327708661183934,"writing-device":0.038705372008601205}},{"id":"전설의짬뽕-성수점","permalink":"","username":"asdfg","text":"짬뽕 굿 홍합도 굿 맛도 굿","date":"Mon Dec 10 23:59:44 +0000 2018","retweets":"30","favorites":"20","mentions":[],"hashtags":[],"geo":"","raw":"짬뽕 굿 홍합도 굿 맛도 굿","polarity":{"com":0.00178571425,"pos":0.8035714285,"neg":0.08214285725,"neut":0.0035714285,"none":0.1089285715},"intensity":{"high":0.03571428575,"low":0.0285714285,"meium":0.82678571425,"none":0.1089285715},"expressive":{"dir-action":0,"dir-explicit":0.046428571488392856,"dir-speech":0.32499999991875,"indirect":0.5214285713696428,"writing-device":0.10714285722321429}},{"id":"전설의짬뽕-성수점","permalink":"","username":"asdfg","text":"잘먹엇숩니다.....","date":"Mon Dec 10 23:59:44 +0000 2018","retweets":"30","favorites":"20","mentions":[],"hashtags":[],"geo":"","raw":"잘먹엇숩니다.....","polarity":{"com":null,"pos":null,"neg":null,"neut":null,"none":null},"intensity":{"high":null,"low":null,"meium":null,"none":null},"expressive":{"dir-action":null,"dir-explicit":null,"dir-speech":null,"indirect":null,"writing-device":null}},{"id":"전설의짬뽕-성수점","permalink":"","username":"asdfg","text":"짬뽕이 너무 맛있어요!!!!짜장도 맛있는데 소스가 쫌 부족한거같아요ㅜㅜ","date":"Mon Dec 10 23:59:44 +0000 2018","retweets":"30","favorites":"20","mentions":[],"hashtags":[],"geo":"","raw":"짬뽕이 너무 맛있어요!!!!짜장도 맛있는데 소스가 쫌 부족한거같아요ㅜㅜ","polarity":{"com":0.004999999999999998,"pos":0.12499999999999997,"neg":0.7585714285999998,"neut":0.0189285714,"none":0.09249999999999999},"intensity":{"high":0.060714285800000004,"low":0.0442857142,"meium":0.8007142856,"none":0.0942857144},"expressive":{"dir-action":0,"dir-explicit":0.16214285716757143,"dir-speech":0.3724999999255,"indirect":0.17428571436514287,"writing-device":0.29107142854178575}},{"id":"전설의짬뽕-성수점","permalink":"","username":"asdfg","text":"맜있어요","date":"Mon Dec 10 23:59:44 +0000 2018","retweets":"30","favorites":"20","mentions":[],"hashtags":[],"geo":"","raw":"맜있어요","polarity":{"com":null,"pos":null,"neg":null,"neut":null,"none":null},"intensity":{"high":null,"low":null,"meium":null,"none":null},"expressive":{"dir-action":null,"dir-explicit":null,"dir-speech":null,"indirect":null,"writing-device":null}},{"id":"전설의짬뽕-성수점","permalink":"","username":"asdfg","text":"맛과 양모두 만족했답니다  감솨해용","date":"Mon Dec 10 23:59:44 +0000 2018","retweets":"30","favorites":"20","mentions":[],"hashtags":[],"geo":"","raw":"맛과 양모두 만족했답니다  감솨해용","polarity":{"com":0,"pos":0.25,"neg":0.75,"neut":0,"none":0},"intensity":{"high":0,"low":0,"meium":1,"none":0},"expressive":{"dir-action":0,"dir-explicit":1,"dir-speech":0,"indirect":0,"writing-device":0}},{"id":"전설의짬뽕-성수점","permalink":"","username":"asdfg","text":"1시간이 다 되어 도착한 음식\n짜장은 면은 불고 소스는 없어 비벼지지도 않고 따로 갖다 준 짬뽕면은 풀어지지도 않고 탕수육소스는 맛은 맹탕에 양도 얼마 안되고 이걸 19,000원을 결제 했네\n사장님 이런 음식 팔면 안되죠\n너무 화가 나서 전화하니 받지도 않네","date":"Mon Dec 10 23:59:44 +0000 2018","retweets":"30","favorites":"20","mentions":[],"hashtags":[],"geo":"","raw":"1시간이 다 되어 도착한 음식\n짜장은 면은 불고 소스는 없어 비벼지지도 않고 따로 갖다 준 짬뽕면은 풀어지지도 않고 탕수육소스는 맛은 맹탕에 양도 얼마 안되고 이걸 19,000원을 결제 했네\n사장님 이런 음식 팔면 안되죠\n너무 화가 나서 전화하니 받지도 않네","polarity":{"com":0.014770970250615459,"pos":0.41114926239213123,"neg":0.4192368424758017,"neut":0.06603936508608498,"none":0.0888035597953668},"intensity":{"high":0.18498782675770778,"low":0.13036672371376526,"meium":0.5947525234414481,"none":0.08989292608707887},"expressive":{"dir-action":0.001373370041552219,"dir-explicit":0.2803031456849747,"dir-speech":0.43389563925550867,"indirect":0.19416873485881925,"writing-device":0.09025911015914506}},{"id":"전설의짬뽕-성수점","permalink":"","username":"asdfg","text":"짬뽕은 맛있는데 탕수육 소스가 너무 밍밍하고 탕수육자체도 너무 기름지네요ㅠㅠ","date":"Mon Dec 10 23:59:44 +0000 2018","retweets":"30","favorites":"20","mentions":[],"hashtags":[],"geo":"","raw":"짬뽕은 맛있는데 탕수육 소스가 너무 밍밍하고 탕수육자체도 너무 기름지네요ㅠㅠ","polarity":{"com":0.016493294250000002,"pos":0.398386204,"neg":0.41462137075000005,"neut":0.04039354875000001,"none":0.13010558225},"intensity":{"high":0.12984511453246128,"low":0.11027646877756911,"meium":0.6267899406566976,"none":0.13308847603327215},"expressive":{"dir-action":0.0007507507498123123,"dir-explicit":0.2860532596784867,"dir-speech":0.31547803092113047,"indirect":0.2686473399328382,"writing-device":0.12907061871773234}},{"id":"전설의짬뽕-성수점","permalink":"","username":"asdfg","text":"냉짬뽕 부재료가 부족해 보였지만 맛있었어요","date":"Mon Dec 10 23:59:44 +0000 2018","retweets":"30","favorites":"20","mentions":[],"hashtags":[],"geo":"","raw":"냉짬뽕 부재료가 부족해 보였지만 맛있었어요","polarity":{"com":0.0093029955,"pos":0.3723358295,"neg":0.5479934715,"neut":0.05668202775,"none":0.013685675750000001},"intensity":{"high":0.09074980800000002,"low":0.13394297225000004,"meium":0.7588517665000001,"none":0.01645545325},"expressive":{"dir-action":0.0016129032500000003,"dir-explicit":0.32849462375000005,"dir-speech":0.44865591400000004,"indirect":0.20755088325,"writing-device":0.013685675750000003}},{"id":"전설의짬뽕-성수점","permalink":"","username":"asdfg","text":"양이 조오오금 더있으면 좋겠네요 맛은 있습니다","date":"Mon Dec 10 23:59:44 +0000 2018","retweets":"30","favorites":"20","mentions":[],"hashtags":[],"geo":"","raw":"양이 조오오금 더있으면 좋겠네요 맛은 있습니다","polarity":{"com":0,"pos":0.96,"neg":0.02,"neut":0,"none":0.02},"intensity":{"high":0.1,"low":0.02,"meium":0.86,"none":0.02},"expressive":{"dir-action":0,"dir-explicit":0.30000000000000004,"dir-speech":0.6000000000000001,"indirect":0.08000000000000002,"writing-device":0.020000000000000004}},{"id":"전설의짬뽕-성수점","permalink":"","username":"asdfg","text":"깔끔하고 맜있네요\n동네 중국집보단 맛있네요\n\n탕수육 양좀 늘려주세요","date":"Mon Dec 10 23:59:44 +0000 2018","retweets":"30","favorites":"20","mentions":[],"hashtags":[],"geo":"","raw":"깔끔하고 맜있네요\n동네 중국집보단 맛있네요\n\n탕수육 양좀 늘려주세요","polarity":{"com":0.0534625533511542,"pos":0.6435981438811995,"neg":0.23846573841282195,"neut":0.02616252600872085,"none":0.038311038346103686},"intensity":{"high":0.06834106833333332,"low":0.04317954300000001,"meium":0.8491673493333334,"none":0.03931203933333333},"expressive":{"dir-action":0.0010010010000000003,"dir-explicit":0.2525889523333334,"dir-speech":0.4876057876666668,"indirect":0.21949221966666668,"writing-device":0.03931203933333334}},{"id":"전설의짬뽕-성수점","permalink":"","username":"asdfg","text":"20분만에 배달오고 짱맛있어요 역시 믿고 먹는 전설의짬뽕 ㅎㅎㅎㅎ","date":"Mon Dec 10 23:59:44 +0000 2018","retweets":"30","favorites":"20","mentions":[],"hashtags":[],"geo":"","raw":"20분만에 배달오고 짱맛있어요 역시 믿고 먹는 전설의짬뽕 ㅎㅎㅎㅎ","polarity":{"com":0.0056497176000000005,"pos":0.44971751400000004,"neg":0.39887005659999997,"neut":0.0779661016,"none":0.06779661020000001},"intensity":{"high":0.0504708098,"low":0.14839924659999998,"meium":0.7333333334,"none":0.06779661020000001},"expressive":{"dir-action":0,"dir-explicit":0.15743879463148774,"dir-speech":0.6888888889377778,"indirect":0.08587570621717515,"writing-device":0.06779661021355933}},{"id":"전설의짬뽕-성수점","permalink":"","username":"asdfg","text":"바삭바삭 탕수육 찹살가루 튀김옷으로 맛있었지만 양이 살짝 작은 느낌\n삼선해물짬뽕은 얼큰하니 맛있었지만 해물 종류가 다양하지 않아 살짝 아쉬운 느낌입니다 반찬으로 나오는 생양파 더 부탁드렸는데 많이 주셔서 감사합니다 ^^","date":"Mon Dec 10 23:59:44 +0000 2018","retweets":"30","favorites":"20","mentions":[],"hashtags":[],"geo":"","raw":"바삭바삭 탕수육 찹살가루 튀김옷으로 맛있었지만 양이 살짝 작은 느낌\n삼선해물짬뽕은 얼큰하니 맛있었지만 해물 종류가 다양하지 않아 살짝 아쉬운 느낌입니다 반찬으로 나오는 생양파 더 부탁드렸는데 많이 주셔서 감사합니다 ^^","polarity":{"com":0.008783772466666666,"pos":0.6075772903333334,"neg":0.3517571026666666,"neut":0.02325799593333333,"none":0.0086238386},"intensity":{"high":0.10196713454013114,"low":0.1280783704752052,"meium":0.7609870869840657,"none":0.008967408000597827},"expressive":{"dir-action":0.005392212467026147,"dir-explicit":0.21891164174792746,"dir-speech":0.5316911822354461,"indirect":0.23518092474901203,"writing-device":0.00882403880058827}}]