[{"id":"중화닭날개","permalink":"","username":"asdfg","text":"배달도 빠르고 포장도 깔끔하고 맛잇어요 마라갈비 맛나요  미니닭날개보다 맛잇어요 닭날개 시키실뿐들 참고용 아 서비스로 오이무침도 주셧어요!!! 잘먹울게용","date":"Mon Dec 10 23:59:44 +0000 2018","retweets":"30","favorites":"20","mentions":[],"hashtags":[],"geo":"","raw":"배달도 빠르고 포장도 깔끔하고 맛잇어요 마라갈비 맛나요  미니닭날개보다 맛잇어요 닭날개 시키실뿐들 참고용 아 서비스로 오이무침도 주셧어요!!! 잘먹울게용","polarity":{"com":0.02008334864285714,"pos":0.7287070233571428,"neg":0.16554071735714282,"neut":0.0033799104999999996,"none":0.08228900014285714},"intensity":{"high":0.018355089785714283,"low":0.22204472914285714,"meium":0.6716021752142857,"none":0.08799800585714285},"expressive":{"dir-action":0.03592878592600509,"dir-explicit":0.07128761413776517,"dir-speech":0.3479185229037201,"indirect":0.46287178075265195,"writing-device":0.08199329627985763}},{"id":"중화닭날개","permalink":"","username":"asdfg","text":"배달이 1시간 30분이나 걸렸어요..ㅠㅠ\n건두부말이는 생각보다 입맛에 안맞았고\n닭날개는 좀 매운편이지만 맥주랑 마시니까 맛있었습니다. 배달이 늦었지만 향신료 잘 안 가리는편이어서 잘 먹었습니다~","date":"Mon Dec 10 23:59:44 +0000 2018","retweets":"30","favorites":"20","mentions":[],"hashtags":[],"geo":"","raw":"배달이 1시간 30분이나 걸렸어요..ㅠㅠ\n건두부말이는 생각보다 입맛에 안맞았고\n닭날개는 좀 매운편이지만 맥주랑 마시니까 맛있었습니다. 배달이 늦었지만 향신료 잘 안 가리는편이어서 잘 먹었습니다~","polarity":{"com":0,"pos":0.47431657852349735,"neg":0.42401895945955875,"neut":0.08035714279117065,"none":0.021307319225773447},"intensity":{"high":0.14597663138888892,"low":0.10833333327777779,"meium":0.7243827161111112,"none":0.02130731922222223},"expressive":{"dir-action":0,"dir-explicit":0.250914903,"dir-speech":0.3082341269999999,"indirect":0.3929673721111111,"writing-device":0.047883597888888886}},{"id":"중화닭날개","permalink":"","username":"asdfg","text":"일주일에 거이한번씩 가게 방문하는 단골입니당~\n배달은 처음 시켯는데요,가게에서 먹는거랑 똑같습니당^^\n장사 대박마세욤!!!","date":"Mon Dec 10 23:59:44 +0000 2018","retweets":"30","favorites":"20","mentions":[],"hashtags":[],"geo":"","raw":"일주일에 거이한번씩 가게 방문하는 단골입니당~\n배달은 처음 시켯는데요,가게에서 먹는거랑 똑같습니당^^\n장사 대박마세욤!!!","polarity":{"com":0.02317314028240383,"pos":0.5040048276422849,"neg":0.4185813035116312,"neut":0.029838709710023035,"none":0.02440201885365685},"intensity":{"high":0.08941372242857143,"low":0.04833589342857142,"meium":0.8375411455714286,"none":0.024709238571428566},"expressive":{"dir-action":0.0009216589998683344,"dir-explicit":0.15313071469240988,"dir-speech":0.5894246946300821,"indirect":0.23212091282398273,"writing-device":0.024402018853656855}},{"id":"중화닭날개","permalink":"","username":"asdfg","text":"배달도빠르고 짱맛잇어요 서비스 오리무침 핵맛탱","date":"Mon Dec 10 23:59:44 +0000 2018","retweets":"30","favorites":"20","mentions":[],"hashtags":[],"geo":"","raw":"배달도빠르고 짱맛잇어요 서비스 오리무침 핵맛탱","polarity":{"com":0,"pos":1,"neg":0,"neut":0,"none":0},"intensity":{"high":0,"low":0.26666666660000005,"meium":0.7333333334,"none":0},"expressive":{"dir-action":0,"dir-explicit":0,"dir-speech":0.6,"indirect":0.4,"writing-device":0}},{"id":"중화닭날개","permalink":"","username":"asdfg","text":"사장님 친절하고 좋아요 진짜 맛집인데 후 저도 많이 시켜먹지만 후기는 귀찮아서 잘안적지만ㅋㅋㅋㅋ 진짜 맛있어요.","date":"Mon Dec 10 23:59:44 +0000 2018","retweets":"30","favorites":"20","mentions":[],"hashtags":[],"geo":"","raw":"사장님 친절하고 좋아요 진짜 맛집인데 후 저도 많이 시켜먹지만 후기는 귀찮아서 잘안적지만ㅋㅋㅋㅋ 진짜 맛있어요.","polarity":{"com":0.0038391505465015865,"pos":0.533301499236355,"neg":0.35388074300560385,"neut":0.03575663210066091,"none":0.07322197511087872},"intensity":{"high":0.06478701564225336,"low":0.17851941847077454,"meium":0.6832760873348432,"none":0.07341747855212885},"expressive":{"dir-action":0.0005865102727272728,"dir-explicit":0.24166240681818182,"dir-speech":0.5491772617272727,"indirect":0.13445731581818182,"writing-device":0.07411650536363637}},{"id":"중화닭날개","permalink":"","username":"asdfg","text":"단골입니다 ㅋㅋ 자주 시켜먹을께요 \n닭날개 꿀맛","date":"Mon Dec 10 23:59:44 +0000 2018","retweets":"30","favorites":"20","mentions":[],"hashtags":[],"geo":"","raw":"단골입니다 ㅋㅋ 자주 시켜먹을께요 \n닭날개 꿀맛","polarity":{"com":0,"pos":0.83333333325,"neg":0.16666666675,"neut":0,"none":0},"intensity":{"high":0.02777777775,"low":0.3055555555,"meium":0.66666666675,"none":0},"expressive":{"dir-action":0,"dir-explicit":0.0555555555,"dir-speech":0.4444444445,"indirect":0.5,"writing-device":0}},{"id":"중화닭날개","permalink":"","username":"asdfg","text":"건두부말이랑 양볶음 진짜 맛잇네요","date":"Mon Dec 10 23:59:44 +0000 2018","retweets":"30","favorites":"20","mentions":[],"hashtags":[],"geo":"","raw":"건두부말이랑 양볶음 진짜 맛잇네요","polarity":{"com":0,"pos":0.6944444443333333,"neg":0.23765432099999997,"neut":0.037037036999999995,"none":0.030864197666666662},"intensity":{"high":0.12037037029320986,"low":0.055555555648148146,"meium":0.7932098764022634,"none":0.0308641976563786},"expressive":{"dir-action":0,"dir-explicit":0.11419753096193418,"dir-speech":0.6635802467788067,"indirect":0.19135802460288068,"writing-device":0.030864197656378604}},{"id":"중화닭날개","permalink":"","username":"asdfg","text":"닭날개 넘 매운데 맛남","date":"Mon Dec 10 23:59:44 +0000 2018","retweets":"30","favorites":"20","mentions":[],"hashtags":[],"geo":"","raw":"닭날개 넘 매운데 맛남","polarity":{"com":0,"pos":1,"neg":0,"neut":0,"none":0},"intensity":{"high":0,"low":0,"meium":1,"none":0},"expressive":{"dir-action":0,"dir-explicit":0,"dir-speech":0.5,"indirect":0.5,"writing-device":0}},{"id":"중화닭날개","permalink":"","username":"asdfg","text":"！！！！？？？？，，，，","date":"Mon Dec 10 23:59:44 +0000 2018","retweets":"30","favorites":"20","mentions":[],"hashtags":[],"geo":"","raw":"！！！！？？？？，，，，","polarity":{"com":null,"pos":null,"neg":null,"neut":null,"none":null},"intensity":{"high":null,"low":null,"meium":null,"none":null},"expressive":{"dir-action":null,"dir-explicit":null,"dir-speech":null,"indirect":null,"writing-device":null}}]