[{"id":"진화쿵푸마라탕-구의점","permalink":"","username":"asdfg","text":"맛잇긴한데\n감자채볶음은 8천원치고는 양이 별로 없네욤...\n서비스로는 만두가 없네욤?따로 시켜야하나요?","date":"Mon Dec 10 23:59:44 +0000 2018","retweets":"30","favorites":"20","mentions":[],"hashtags":[],"geo":"","raw":"맛잇긴한데\n감자채볶음은 8천원치고는 양이 별로 없네욤...\n서비스로는 만두가 없네욤?따로 시켜야하나요?","polarity":{"com":0.0028443406,"pos":0.4606342712,"neg":0.2858446282,"neut":0.1253657473,"none":0.1253110127},"intensity":{"high":0.10817168100000003,"low":0.16112363510000005,"meium":0.6042442459,"none":0.12646043800000004},"expressive":{"dir-action":0.067816092,"dir-explicit":0.1479725029,"dir-speech":0.43064484709999995,"indirect":0.22321996790000004,"writing-device":0.1303465901}},{"id":"진화쿵푸마라탕-구의점","permalink":"","username":"asdfg","text":"최고에요!마라탕 너무 좋아해서 함 시켜봤는데 속재료들이 다 제가 좋아하는것들 뿐이라 너무 행복했어요....천엽이랑 양도 들어있고ㅜㅜ최고최고 후회안해요 양도 어마무지하고 마라맛도 퐉 나서 넘 좋았습니다 굳이 건대까지 가서 먹을필요없어요 땡길때마다 여기서 배달해먹으려구요 💗사장님 많이파세요💗","date":"Mon Dec 10 23:59:44 +0000 2018","retweets":"30","favorites":"20","mentions":[],"hashtags":[],"geo":"","raw":"최고에요!!!!!!!!!!!!!!!!!!!!!!!마라탕 너무 좋아해서 함 시켜봤는데 속재료들이 다 제가 좋아하는것들 뿐이라 너무 행복했어요....천엽이랑 양도 들어있고ㅜㅜ최고최고 후회안해요 양도 어마무지하고 마라맛도 퐉 나서 넘 좋았습니다 굳이 건대까지 가서 먹을필요없어요 땡길때마다 여기서 배달해먹으려구요 💗사장님 많이파세요💗","polarity":{"com":0.02204346617199622,"pos":0.4553761113082282,"neg":0.431171705005985,"neut":0.04209377386590489,"none":0.04931494364788566},"intensity":{"high":0.13434763382608694,"low":0.14521455791304347,"meium":0.6705476625217393,"none":0.049890145739130434},"expressive":{"dir-action":0.0005610098260869566,"dir-explicit":0.17646334108695655,"dir-speech":0.5341653107391304,"indirect":0.2384601980434783,"writing-device":0.05035014030434782}},{"id":"진화쿵푸마라탕-구의점","permalink":"","username":"asdfg","text":"맛은 제가 먹어본것중에  제일 맛잇네요~~\n사진은 깜빡햇네요ㅠ\n담에 또 주문해야 겟어요","date":"Mon Dec 10 23:59:44 +0000 2018","retweets":"30","favorites":"20","mentions":[],"hashtags":[],"geo":"","raw":"맛은 제가 먹어본것중에  제일 맛잇네요~~\n사진은 깜빡햇네요ㅠ\n담에 또 주문해야 겟어요","polarity":{"com":0.010702809219843817,"pos":0.5521022768773106,"neg":0.28009555993775653,"neut":0.0332957645481565,"none":0.12380358941693254},"intensity":{"high":0.066221923992642,"low":0.0697207164366977,"meium":0.7387376822512514,"none":0.1253196773194089},"expressive":{"dir-action":0.0019939851115542188,"dir-explicit":0.15065004625570003,"dir-speech":0.5070639433349031,"indirect":0.18950887037544642,"writing-device":0.15078315492239625}},{"id":"진화쿵푸마라탕-구의점","permalink":"","username":"asdfg","text":"너무 맛있게 먹었습니다!!! 진짜 인정합니다 배달로 처음먹어보는데 행벜","date":"Mon Dec 10 23:59:44 +0000 2018","retweets":"30","favorites":"20","mentions":[],"hashtags":[],"geo":"","raw":"너무 맛있게 먹었습니다!!! 진짜 인정합니다 배달로 처음먹어보는데 행벜","polarity":{"com":0.05714285718857143,"pos":0.5809523808838095,"neg":0.33333333333333337,"neut":0,"none":0.028571428594285714},"intensity":{"high":0.05079365080000001,"low":0.13968253960000004,"meium":0.7809523810000001,"none":0.028571428600000004},"expressive":{"dir-action":0,"dir-explicit":0.34920634913015874,"dir-speech":0.4984126985003175,"indirect":0.1238095237752381,"writing-device":0.028571428594285717}},{"id":"진화쿵푸마라탕-구의점","permalink":"","username":"asdfg","text":"양도 많고 배달도 빠르고 맛있어요 !!!! 다음번엔 소스 조금만 더 많이 해주세용 하트","date":"Mon Dec 10 23:59:44 +0000 2018","retweets":"30","favorites":"20","mentions":[],"hashtags":[],"geo":"","raw":"양도 많고 배달도 빠르고 맛있어요 !!!! 다음번엔 소스 조금만 더 많이 해주세용 하트","polarity":{"com":0,"pos":0.651095583206387,"neg":0.32164423741520554,"neut":0.01733954450216744,"none":0.00992063487624008},"intensity":{"high":0.036576949629572114,"low":0.34860248441857533,"meium":0.6048999310756126,"none":0.00992063487624008},"expressive":{"dir-action":0,"dir-explicit":0.08505866113563232,"dir-speech":0.6105072464513133,"indirect":0.29252933053656616,"writing-device":0.011904761876488097}},{"id":"진화쿵푸마라탕-구의점","permalink":"","username":"asdfg","text":"맛이 너무너무너무너무너무너무너무 있어서 너무 많이 먹었다. 배가 터질것같다.","date":"Mon Dec 10 23:59:44 +0000 2018","retweets":"30","favorites":"20","mentions":[],"hashtags":[],"geo":"","raw":"맛이 너무너무너무너무너무너무너무 있어서 너무 많이 먹었다. 배가 터질것같다.","polarity":{"com":0.04209183670827259,"pos":0.3335652442380621,"neg":0.47626777978910456,"neut":0.018089053854558702,"none":0.129986085410002},"intensity":{"high":0.12429138326795834,"low":0.12103174612556687,"meium":0.6246907851964727,"none":0.12998608541000198},"expressive":{"dir-action":0,"dir-explicit":0.3028499276710214,"dir-speech":0.4113198310840972,"indirect":0.1558441558348794,"writing-device":0.12998608541000198}},{"id":"진화쿵푸마라탕-구의점","permalink":"","username":"asdfg","text":"와우\n정말 양과 맛 빠른배달까지 \n너무 맛나게 먹고있습니다","date":"Mon Dec 10 23:59:44 +0000 2018","retweets":"30","favorites":"20","mentions":[],"hashtags":[],"geo":"","raw":"와우\n정말 양과 맛 빠른배달까지 \n너무 맛나게 먹고있습니다","polarity":{"com":0.030219780171703296,"pos":0.6338522589389755,"neg":0.28785103788130845,"neut":0.00641025633440171,"none":0.04166666667361111},"intensity":{"high":0.1384818885,"low":0.14204314199999998,"meium":0.6778083028333333,"none":0.041666666666666664},"expressive":{"dir-action":0,"dir-explicit":0.2604802603333333,"dir-speech":0.4240435491666667,"indirect":0.27380952383333335,"writing-device":0.041666666666666664}},{"id":"진화쿵푸마라탕-구의점","permalink":"","username":"asdfg","text":"60분걸린다더니 40분만에 배달왔어요! 조리시간 감안하면 빠른 것 같아요. 요청사항에 적어둔 재료 골고루 다 넣어주셨고 배달원 너무 친절하심. 추운 날씨 배달해주셔서 감사합니다^^","date":"Mon Dec 10 23:59:44 +0000 2018","retweets":"30","favorites":"20","mentions":[],"hashtags":[],"geo":"","raw":"60분걸린다더니 40분만에 배달왔어요! 조리시간 감안하면 빠른 것 같아요. 요청사항에 적어둔 재료 골고루 다 넣어주셨고 배달원 너무 친절하심. 추운 날씨 배달해주셔서 감사합니다^^","polarity":{"com":0.012477844768270935,"pos":0.6153765588757403,"neg":0.32158540382141654,"neut":0.013444619922042723,"none":0.037115572612529575},"intensity":{"high":0.19481862223076923,"low":0.04556303907692307,"meium":0.7223373400769231,"none":0.037280998615384614},"expressive":{"dir-action":0.0004962779230387479,"dir-explicit":0.33908725682007024,"dir-speech":0.40478124027655527,"indirect":0.21851965236780618,"writing-device":0.03711557261252957}},{"id":"진화쿵푸마라탕-구의점","permalink":"","username":"asdfg","text":"진짜 대박..... 꿔바로우 양도 다른데보다 겁나 많아요 마파두부 5천원실화 ... 엄청맛있어요","date":"Mon Dec 10 23:59:44 +0000 2018","retweets":"30","favorites":"20","mentions":[],"hashtags":[],"geo":"","raw":"진짜 대박..... 꿔바로우 양도 다른데보다 겁나 많아요 마파두부 5천원실화 ... 엄청맛있어요","polarity":{"com":0.0008928571250000001,"pos":0.3048654243750001,"neg":0.27839026925000004,"neut":0.2780538302500001,"none":0.137797619},"intensity":{"high":0.0712991718839124,"low":0.06229296063278662,"meium":0.7286102484660762,"none":0.1377976190172247},"expressive":{"dir-action":0,"dir-explicit":0.08843167701105395,"dir-speech":0.3771739130471467,"indirect":0.3974896480496862,"writing-device":0.1369047618921131}},{"id":"진화쿵푸마라탕-구의점","permalink":"","username":"asdfg","text":"너무 밋있어요!!!","date":"Mon Dec 10 23:59:44 +0000 2018","retweets":"30","favorites":"20","mentions":[],"hashtags":[],"geo":"","raw":"너무 밋있어요!!!","polarity":{"com":0.142857143,"pos":0.142857143,"neg":0.714285714,"neut":0,"none":0},"intensity":{"high":0.142857143,"low":0.142857143,"meium":0.714285714,"none":0},"expressive":{"dir-action":0,"dir-explicit":0.5714285710000001,"dir-speech":0.28571428600000004,"indirect":0.14285714300000002,"writing-device":0}},{"id":"진화쿵푸마라탕-구의점","permalink":"","username":"asdfg","text":"너무 밋있어요!!!","date":"Mon Dec 10 23:59:44 +0000 2018","retweets":"30","favorites":"20","mentions":[],"hashtags":[],"geo":"","raw":"너무 밋있어요!!!","polarity":{"com":0.142857143,"pos":0.142857143,"neg":0.714285714,"neut":0,"none":0},"intensity":{"high":0.142857143,"low":0.142857143,"meium":0.714285714,"none":0},"expressive":{"dir-action":0,"dir-explicit":0.5714285710000001,"dir-speech":0.28571428600000004,"indirect":0.14285714300000002,"writing-device":0}},{"id":"진화쿵푸마라탕-구의점","permalink":"","username":"asdfg","text":"너무 밋있어요 !!!","date":"Mon Dec 10 23:59:44 +0000 2018","retweets":"30","favorites":"20","mentions":[],"hashtags":[],"geo":"","raw":"너무 밋있어요 !!!","polarity":{"com":0.142857143,"pos":0.142857143,"neg":0.714285714,"neut":0,"none":0},"intensity":{"high":0.142857143,"low":0.142857143,"meium":0.714285714,"none":0},"expressive":{"dir-action":0,"dir-explicit":0.5714285710000001,"dir-speech":0.28571428600000004,"indirect":0.14285714300000002,"writing-device":0}},{"id":"진화쿵푸마라탕-구의점","permalink":"","username":"asdfg","text":"맛있어요~ 잘 먹었습니다!","date":"Mon Dec 10 23:59:44 +0000 2018","retweets":"30","favorites":"20","mentions":[],"hashtags":[],"geo":"","raw":"맛있어요~ 잘 먹었습니다!","polarity":{"com":0,"pos":0.35714285717857136,"neg":0.6071428573035714,"neut":0.03571428551785714,"none":0},"intensity":{"high":0,"low":0.107142857,"meium":0.8928571430000001,"none":0},"expressive":{"dir-action":0,"dir-explicit":0.107142857,"dir-speech":0.5714285715,"indirect":0.3214285715,"writing-device":0}},{"id":"진화쿵푸마라탕-구의점","permalink":"","username":"asdfg","text":"不说这是麻辣拌 我还以为是食物垃圾\n스레기인줄 알았어요","date":"Mon Dec 10 23:59:44 +0000 2018","retweets":"30","favorites":"20","mentions":[],"hashtags":[],"geo":"","raw":"不说这是麻辣拌 我还以为是食物垃圾\n스레기인줄 알았어요","polarity":{"com":0,"pos":0,"neg":1,"neut":0,"none":0},"intensity":{"high":0,"low":1,"meium":0,"none":0},"expressive":{"dir-action":0,"dir-explicit":0,"dir-speech":0,"indirect":0,"writing-device":1}},{"id":"진화쿵푸마라탕-구의점","permalink":"","username":"asdfg","text":"완전 맛있어요 요즘 여기만 이용합니다 ㅋ","date":"Mon Dec 10 23:59:44 +0000 2018","retweets":"30","favorites":"20","mentions":[],"hashtags":[],"geo":"","raw":"완전 맛있어요 요즘 여기만 이용합니다 ㅋ","polarity":{"com":0,"pos":0.6666666666666666,"neg":0.3333333333333333,"neut":0,"none":0},"intensity":{"high":0,"low":0.3333333333333333,"meium":0.6666666666666666,"none":0},"expressive":{"dir-action":0,"dir-explicit":0.16666666666666666,"dir-speech":0.6666666666666666,"indirect":0.16666666666666663,"writing-device":0}},{"id":"진화쿵푸마라탕-구의점","permalink":"","username":"asdfg","text":"빠르고 물만두 맛있어요","date":"Mon Dec 10 23:59:44 +0000 2018","retweets":"30","favorites":"20","mentions":[],"hashtags":[],"geo":"","raw":"빠르고 물만두 맛있어요","polarity":{"com":0,"pos":0.5,"neg":0.5,"neut":0,"none":0},"intensity":{"high":0,"low":0.1666666665,"meium":0.8333333334999999,"none":0},"expressive":{"dir-action":0,"dir-explicit":0,"dir-speech":0.5,"indirect":0.5,"writing-device":0}},{"id":"진화쿵푸마라탕-구의점","permalink":"","username":"asdfg","text":"꿔바로우랑 감자채둫다만족","date":"Mon Dec 10 23:59:44 +0000 2018","retweets":"30","favorites":"20","mentions":[],"hashtags":[],"geo":"","raw":"꿔바로우랑 감자채둫다만족","polarity":{"com":0,"pos":0.111111111,"neg":0.38888888899999996,"neut":0.38888888899999996,"none":0.111111111},"intensity":{"high":0,"low":0.055555555666666666,"meium":0.8333333333333334,"none":0.111111111},"expressive":{"dir-action":0,"dir-explicit":0.3333333334444444,"dir-speech":0.44444444448148146,"indirect":0.11111111103703702,"writing-device":0.11111111103703702}},{"id":"진화쿵푸마라탕-구의점","permalink":"","username":"asdfg","text":"너무 우리가족 스타일이네요!!지금 막 들어가고 있아요!!근데..어향육슬 메뉴 사진엔 꽃빵이 있던데 꽃빵은 따로 시키는 건가요??좋아해서 따로 시켜보려고 했는데 없었던 걸로 기억해요..근데 안와서 슬픕니다..어떻게 시키는 지좀 알려주시면 다음반에 주문할 때 꼭 주문할게요!!","date":"Mon Dec 10 23:59:44 +0000 2018","retweets":"30","favorites":"20","mentions":[],"hashtags":[],"geo":"","raw":"너무 우리가족 스타일이네요!!지금 막 들어가고 있아요!!근데..어향육슬 메뉴 사진엔 꽃빵이 있던데 꽃빵은 따로 시키는 건가요??좋아해서 따로 시켜보려고 했는데 없었던 걸로 기억해요..근데 안와서 슬픕니다..어떻게 시키는 지좀 알려주시면 다음반에 주문할 때 꼭 주문할게요!!","polarity":{"com":0.012554967624999996,"pos":0.4185814200416666,"neg":0.37086249424999995,"neut":0.13491683366666665,"none":0.06308428441666665},"intensity":{"high":0.08358773221529897,"low":0.07584849271465405,"meium":0.77700056343975,"none":0.06356321163029693},"expressive":{"dir-action":0.00047892720833333336,"dir-explicit":0.36214156620833343,"dir-speech":0.3908845077083333,"indirect":0.17689933362500002,"writing-device":0.06959566525000001}},{"id":"진화쿵푸마라탕-구의점","permalink":"","username":"asdfg","text":"너무 맛잇어서 다음날 또 시켜먹기!!","date":"Mon Dec 10 23:59:44 +0000 2018","retweets":"30","favorites":"20","mentions":[],"hashtags":[],"geo":"","raw":"너무 맛잇어서 다음날 또 시켜먹기!!","polarity":{"com":0.047619047650793646,"pos":0.20634920626455028,"neg":0.6031746031322751,"neut":0,"none":0.14285714295238094},"intensity":{"high":0.08465608466666667,"low":0.12169312166666667,"meium":0.6507936506666666,"none":0.142857143},"expressive":{"dir-action":0,"dir-explicit":0.312169312,"dir-speech":0.44973545,"indirect":0.047619047666666664,"writing-device":0.19047619033333332}},{"id":"진화쿵푸마라탕-구의점","permalink":"","username":"asdfg","text":"리뷰가 좋아서 시켯는데 엄지척입니다 \n맛잇어요 여러분~~~","date":"Mon Dec 10 23:59:44 +0000 2018","retweets":"30","favorites":"20","mentions":[],"hashtags":[],"geo":"","raw":"리뷰가 좋아서 시켯는데 엄지척입니다 \n맛잇어요 여러분~~~","polarity":{"com":0.01018324,"pos":0.64908380025,"neg":0.235515873,"neut":0.04296510275,"none":0.062251983999999996},"intensity":{"high":0.12204131653051033,"low":0.09721055077430264,"meium":0.716264005679066,"none":0.06448412701612104},"expressive":{"dir-action":0,"dir-explicit":0.3483251635,"dir-speech":0.42877859475,"indirect":0.155742297,"writing-device":0.06715394475}},{"id":"진화쿵푸마라탕-구의점","permalink":"","username":"asdfg","text":"마라탕 맛있어요","date":"Mon Dec 10 23:59:44 +0000 2018","retweets":"30","favorites":"20","mentions":[],"hashtags":[],"geo":"","raw":"마라탕 맛있어요","polarity":{"com":0,"pos":0,"neg":1,"neut":0,"none":0},"intensity":{"high":0,"low":0,"meium":1,"none":0},"expressive":{"dir-action":0,"dir-explicit":0,"dir-speech":1,"indirect":0,"writing-device":0}},{"id":"진화쿵푸마라탕-구의점","permalink":"","username":"asdfg","text":"대라고 하기엔 적지만 그래도 맛있네요","date":"Mon Dec 10 23:59:44 +0000 2018","retweets":"30","favorites":"20","mentions":[],"hashtags":[],"geo":"","raw":"대라고 하기엔 적지만 그래도 맛있네요","polarity":{"com":0,"pos":0.16564916544376612,"neg":0.6137566140758377,"neut":0.0488400486992267,"none":0.17175417178116947},"intensity":{"high":0.044770045,"low":0.09645909633333333,"meium":0.687016687,"none":0.1717541716666667},"expressive":{"dir-action":0,"dir-explicit":0.12983313,"dir-speech":0.6410256409999999,"indirect":0.060643060666666665,"writing-device":0.1684981683333333}},{"id":"진화쿵푸마라탕-구의점","permalink":"","username":"asdfg","text":"너무 맛있게 먹었어요 다음에는 직접가서 먹어 보고 싶네요^^","date":"Mon Dec 10 23:59:44 +0000 2018","retweets":"30","favorites":"20","mentions":[],"hashtags":[],"geo":"","raw":"너무 맛있게 먹었어요 다음에는 직접가서 먹어 보고 싶네요^^","polarity":{"com":0.02636054428571428,"pos":0.2464955678571428,"neg":0.6453823954285715,"neut":0.05148422999999999,"none":0.03027726242857142},"intensity":{"high":0.09348587928571428,"low":0.15579262,"meium":0.7204442382857142,"none":0.030277262428571428},"expressive":{"dir-action":0,"dir-explicit":0.21541950103077423,"dir-speech":0.683493094383356,"indirect":0.06259018758037002,"writing-device":0.0384972170054996}},{"id":"진화쿵푸마라탕-구의점","permalink":"","username":"asdfg","text":"마라탕은 첨먹어봤어요 양도 엄청 많네여","date":"Mon Dec 10 23:59:44 +0000 2018","retweets":"30","favorites":"20","mentions":[],"hashtags":[],"geo":"","raw":"마라탕은 첨먹어봤어요 양도 엄청 많네여","polarity":{"com":0.0060230025,"pos":0.32371389949999996,"neg":0.52994438025,"neut":0.022915569999999996,"none":0.11740314775},"intensity":{"high":0.15413318357706657,"low":0.17237311508618655,"meium":0.5560905535280453,"none":0.11740314780870158},"expressive":{"dir-action":0,"dir-explicit":0.30021551975,"dir-speech":0.463622779,"indirect":0.12054426775,"writing-device":0.1156174335}},{"id":"진화쿵푸마라탕-구의점","permalink":"","username":"asdfg","text":"마라탕을 배달 시켜 보는건 처음인데, 배달이 되는걸로 놀랐고 생각보다 굉장히 맛나서 좋았습니다. 배달 특성상 어느정도 식는거는 데워 먹으면 되서 문제 될게 없었고, 꿔바로우 바삭하니 좋았어요. 많이 달지 않아 계속 먹어도 물리지 않았습니다 ㅎㅎ\n저만 매운걸 좋아해서 매운 소스 따로 달라 부탁드렸는데 따로 챙겨주셔서 정말 감사했어요.\n사업 번창하시고 정말 잘 먹었습니다. 다음에 또 시키겠습니다. 감사합니다~~♡","date":"Mon Dec 10 23:59:44 +0000 2018","retweets":"30","favorites":"20","mentions":[],"hashtags":[],"geo":"","raw":"마라탕을 배달 시켜 보는건 처음인데, 배달이 되는걸로 놀랐고 생각보다 굉장히 맛나서 좋았습니다. 배달 특성상 어느정도 식는거는 데워 먹으면 되서 문제 될게 없었고, 꿔바로우 바삭하니 좋았어요. 많이 달지 않아 계속 먹어도 물리지 않았습니다 ㅎㅎ\n저만 매운걸 좋아해서 매운 소스 따로 달라 부탁드렸는데 따로 챙겨주셔서 정말 감사했어요.\n사업 번창하시고 정말 잘 먹었습니다. 다음에 또 시키겠습니다. 감사합니다~~♡","polarity":{"com":0.010158681483682545,"pos":0.4233756500296106,"neg":0.32341448450674565,"neut":0.16314810993879894,"none":0.07990307404116226},"intensity":{"high":0.15988278318629576,"low":0.09804357799159627,"meium":0.6603521421719698,"none":0.08172149665013818},"expressive":{"dir-action":0.0009417394571428569,"dir-explicit":0.19395951991428567,"dir-speech":0.5423433774857143,"indirect":0.15981124194285712,"writing-device":0.10294412120000002}},{"id":"진화쿵푸마라탕-구의점","permalink":"","username":"asdfg","text":"크\n추울땐마라탕이죠\n또시캬먹었어용\n그때먹었던거랑 내용물이조금다르더라구요\n매일조금씩달라지는건진모르겠지만 못먹어본재료도먹어봐서좋았어요!!","date":"Mon Dec 10 23:59:44 +0000 2018","retweets":"30","favorites":"20","mentions":[],"hashtags":[],"geo":"","raw":"크\n추울땐마라탕이죠\n또시캬먹었어용\n그때먹었던거랑 내용물이조금다르더라구요\n매일조금씩달라지는건진모르겠지만 못먹어본재료도먹어봐서좋았어요!!","polarity":{"com":0.00753968258207672,"pos":0.5126785713312203,"neg":0.32128968261311847,"neut":0.051190476074801594,"none":0.1073015873987831},"intensity":{"high":0.12463624342705301,"low":0.2174867723514573,"meium":0.5505753967958812,"none":0.10730158742560848},"expressive":{"dir-action":0,"dir-explicit":0.38339947094861665,"dir-speech":0.33862433861155206,"indirect":0.1524206349293684,"writing-device":0.12555555551046296}},{"id":"진화쿵푸마라탕-구의점","permalink":"","username":"asdfg","text":"넘맛있어서먹고찍었네요\n예상한맛그대로네요좋아요~~","date":"Mon Dec 10 23:59:44 +0000 2018","retweets":"30","favorites":"20","mentions":[],"hashtags":[],"geo":"","raw":"넘맛있어서먹고찍었네요\n예상한맛그대로네요좋아요~~","polarity":{"com":0,"pos":0.68833333325,"neg":0.30166666675,"neut":0,"none":0.01},"intensity":{"high":0.20277777775,"low":0.0655555555,"meium":0.72166666675,"none":0.01},"expressive":{"dir-action":0,"dir-explicit":0.45555555550000004,"dir-speech":0.49444444449999997,"indirect":0.04,"writing-device":0.01}},{"id":"진화쿵푸마라탕-구의점","permalink":"","username":"asdfg","text":"맛있게 잘 먹었어요 다음엔 저도 물만두 서비스 주세요","date":"Mon Dec 10 23:59:44 +0000 2018","retweets":"30","favorites":"20","mentions":[],"hashtags":[],"geo":"","raw":"맛있게 잘 먹었어요 다음엔 저도 물만두 서비스 주세요","polarity":{"com":0.0011904761670634922,"pos":0.3743386242914462,"neg":0.5084656086694885,"neut":0.03015873001005291,"none":0.08584656086194886},"intensity":{"high":0.029100529166666667,"low":0.261111111,"meium":0.623941799,"none":0.08584656083333335},"expressive":{"dir-action":0,"dir-explicit":0.09312169315114639,"dir-speech":0.5182539682469577,"indirect":0.3013227512831129,"writing-device":0.08730158731878308}},{"id":"진화쿵푸마라탕-구의점","permalink":"","username":"asdfg","text":"맛있어요 ㅎㅎㅋㅋㅋ","date":"Mon Dec 10 23:59:44 +0000 2018","retweets":"30","favorites":"20","mentions":[],"hashtags":[],"geo":"","raw":"맛있어요 ㅎㅎㅋㅋㅋ","polarity":{"com":0,"pos":0,"neg":1,"neut":0,"none":0},"intensity":{"high":0,"low":0,"meium":1,"none":0},"expressive":{"dir-action":0,"dir-explicit":0,"dir-speech":1,"indirect":0,"writing-device":0}},{"id":"진화쿵푸마라탕-구의점","permalink":"","username":"asdfg","text":"후기가 좋아서 시킨 마라탕...\n기대를 저버리지 않았네요 수제비같이 넓은 면발도 있는데 이거 면발 식감 끝내줍니다. 아주매운 맛 선택했는데 제입에는 조금 더 매웠으면 좋겠네요 보내주신 만두도 맛있고 아무튼 굿입니다 ^^","date":"Mon Dec 10 23:59:44 +0000 2018","retweets":"30","favorites":"20","mentions":[],"hashtags":[],"geo":"","raw":"후기가 좋아서 시킨 마라탕...\n기대를 저버리지 않았네요 수제비같이 넓은 면발도 있는데 이거 면발 식감 끝내줍니다. 아주매운 맛 선택했는데 제입에는 조금 더 매웠으면 좋겠네요 보내주신 만두도 맛있고 아무튼 굿입니다 ^^","polarity":{"com":0.06527217744157952,"pos":0.6202650952262666,"neg":0.20733717913795857,"neut":0.02254427762640902,"none":0.08458127056778633},"intensity":{"high":0.131188465625,"low":0.0814130851875,"meium":0.70212473425,"none":0.0852737149375},"expressive":{"dir-action":0.0004032258124747984,"dir-explicit":0.2632302381085481,"dir-speech":0.37675863428895257,"indirect":0.27448099629534495,"writing-device":0.08512690549467956}},{"id":"진화쿵푸마라탕-구의점","permalink":"","username":"asdfg","text":"밤에 마라탕이 너무 먹고 싶어서 자다가 깼습니다(...) 아침에 눈뜨자마자 배달되는 곳을 찾다가 다른 지점 오프라인 매장에서도 맛있게 먹었던 곳이라 여기서 바로 주문했어요.\n\n매운맛을 진짜 좋아하는데 제일 매운맛을 주문해도 좋았을 것같았어요. 진짜 넘넘 먹고 싶었는데 양도 넉넉하고 맛있게 잘먹었습니다ㅜㅜ♡","date":"Mon Dec 10 23:59:44 +0000 2018","retweets":"30","favorites":"20","mentions":[],"hashtags":[],"geo":"","raw":"밤에 마라탕이 너무 먹고 싶어서 자다가 깼습니다(...) 아침에 눈뜨자마자 배달되는 곳을 찾다가 다른 지점 오프라인 매장에서도 맛있게 먹었던 곳이라 여기서 바로 주문했어요.\n\n매운맛을 진짜 좋아하는데 제일 매운맛을 주문해도 좋았을 것같았어요. 진짜 넘넘 먹고 싶었는데 양도 넉넉하고 맛있게 잘먹었습니다ㅜㅜ♡","polarity":{"com":0.021429124999142832,"pos":0.4268704013029252,"neg":0.35600443798575976,"neut":0.12380550051504777,"none":0.07189053519712436},"intensity":{"high":0.07202277851999998,"low":0.12554154516,"meium":0.7302529779599999,"none":0.07218269835999998},"expressive":{"dir-action":0.00183745036,"dir-explicit":0.25159408003999995,"dir-speech":0.5131815300800001,"indirect":0.16146723227999998,"writing-device":0.07191970724}},{"id":"진화쿵푸마라탕-구의점","permalink":"","username":"asdfg","text":"믿고 시키는 건더기가 너무나도 푸짐한 마라탕~! 물만듀 서비스까지 완벽합니다 ㅎㅎㅎ","date":"Mon Dec 10 23:59:44 +0000 2018","retweets":"30","favorites":"20","mentions":[],"hashtags":[],"geo":"","raw":"믿고 시키는 건더기가 너무나도 푸짐한 마라탕~! 물만듀 서비스까지 완벽합니다 ㅎㅎㅎ","polarity":{"com":0.009768408999999999,"pos":0.46958213971428575,"neg":0.41693118399999995,"neut":0.030220979714285712,"none":0.07349728757142857},"intensity":{"high":0.13201959369542576,"low":0.2554726219635039,"meium":0.5369987663518574,"none":0.075509017989213},"expressive":{"dir-action":0.0013506594285714287,"dir-explicit":0.24576263228571427,"dir-speech":0.21864958271428567,"indirect":0.46133124571428574,"writing-device":0.07290587985714285}},{"id":"진화쿵푸마라탕-구의점","permalink":"","username":"asdfg","text":"처음 먹어본 마라향궈. 살짝 매콤한게 술 좋아하시는분 강추! 정말 맛있네요.\n물만두 서비스 너무 감사해요~\n앞으로 자주 시켜먹을게요^^","date":"Mon Dec 10 23:59:44 +0000 2018","retweets":"30","favorites":"20","mentions":[],"hashtags":[],"geo":"","raw":"처음 먹어본 마라향궈. 살짝 매콤한게 술 좋아하시는분 강추! 정말 맛있네요.\n물만두 서비스 너무 감사해요~\n앞으로 자주 시켜먹을게요^^","polarity":{"com":0.01737898616232192,"pos":0.667427729833143,"neg":0.24057436560652304,"neut":0.036406598907565015,"none":0.03821231949044692},"intensity":{"high":0.16406791408333332,"low":0.2461451835833333,"meium":0.5513243325833334,"none":0.038462569749999995},"expressive":{"dir-action":0.0002502502499791458,"dir-explicit":0.2814950939765421,"dir-speech":0.4886455823759462,"indirect":0.1737853925688512,"writing-device":0.05582368082868135}},{"id":"진화쿵푸마라탕-구의점","permalink":"","username":"asdfg","text":"양도 많고 맛도 좋아요~~~","date":"Mon Dec 10 23:59:44 +0000 2018","retweets":"30","favorites":"20","mentions":[],"hashtags":[],"geo":"","raw":"양도 많고 맛도 좋아요~~~","polarity":{"com":0,"pos":0.7704347826666667,"neg":0.20173913033333332,"neut":0.014492753666666663,"none":0.013333333333333332},"intensity":{"high":0.1536231883845411,"low":0.08579710136193236,"meium":0.7472463769157488,"none":0.013333333337777779},"expressive":{"dir-action":0,"dir-explicit":0.373913043457971,"dir-speech":0.4724637681574879,"indirect":0.1402898550467633,"writing-device":0.013333333337777779}},{"id":"진화쿵푸마라탕-구의점","permalink":"","username":"asdfg","text":"맛있게 잘먹엇습니다! 재료가 다양해서 좋았아요","date":"Mon Dec 10 23:59:44 +0000 2018","retweets":"30","favorites":"20","mentions":[],"hashtags":[],"geo":"","raw":"맛있게 잘먹엇습니다! 재료가 다양해서 좋았아요","polarity":{"com":0.0093029955,"pos":0.4617108295,"neg":0.4642434715,"neut":0.04105702775,"none":0.023685675750000003},"intensity":{"high":0.125124808,"low":0.06581797225,"meium":0.7826017665,"none":0.026455453249999997},"expressive":{"dir-action":0.0016129032500000003,"dir-explicit":0.32224462375,"dir-speech":0.45178091400000003,"indirect":0.20067588325000002,"writing-device":0.023685675750000006}},{"id":"진화쿵푸마라탕-구의점","permalink":"","username":"asdfg","text":"맛있어요~~~~~~~","date":"Mon Dec 10 23:59:44 +0000 2018","retweets":"30","favorites":"20","mentions":[],"hashtags":[],"geo":"","raw":"맛있어요~~~~~~~","polarity":{"com":0,"pos":0,"neg":1,"neut":0,"none":0},"intensity":{"high":0,"low":0,"meium":1,"none":0},"expressive":{"dir-action":0,"dir-explicit":0,"dir-speech":1,"indirect":0,"writing-device":0}},{"id":"진화쿵푸마라탕-구의점","permalink":"","username":"asdfg","text":"량피 새콤달콤하고 너무 맛있어요 ㅠㅠㅠㅠㅠ 산라분도 맛있구 다 맛있네요 물만두도 서비스로 주셔서 잘 먹었습니다 다음에 또 시킬게요 !!","date":"Mon Dec 10 23:59:44 +0000 2018","retweets":"30","favorites":"20","mentions":[],"hashtags":[],"geo":"","raw":"량피 새콤달콤하고 너무 맛있어요 ㅠㅠㅠㅠㅠ 산라분도 맛있구 다 맛있네요 물만두도 서비스로 주셔서 잘 먹었습니다 다음에 또 시킬게요 !!","polarity":{"com":0.016469716454545456,"pos":0.30504270499999997,"neg":0.5200538200909091,"neut":0.012093912,"none":0.14633984645454545},"intensity":{"high":0.12076362080720332,"low":0.06089076081264629,"meium":0.6717327716662062,"none":0.14661284671394428},"expressive":{"dir-action":0.0002730002726528181,"dir-explicit":0.27644397637915163,"dir-speech":0.3900081899845433,"indirect":0.17497367504318898,"writing-device":0.15830115832046332}},{"id":"진화쿵푸마라탕-구의점","permalink":"","username":"asdfg","text":"맛있어요 ㅋㅋㅋㅋㅋㅋㅋ","date":"Mon Dec 10 23:59:44 +0000 2018","retweets":"30","favorites":"20","mentions":[],"hashtags":[],"geo":"","raw":"맛있어요 ㅋㅋㅋㅋㅋㅋㅋ","polarity":{"com":0,"pos":0,"neg":1,"neut":0,"none":0},"intensity":{"high":0,"low":0,"meium":1,"none":0},"expressive":{"dir-action":0,"dir-explicit":0,"dir-speech":1,"indirect":0,"writing-device":0}},{"id":"진화쿵푸마라탕-구의점","permalink":"","username":"asdfg","text":"jmt jmt jmt jmt","date":"Mon Dec 10 23:59:44 +0000 2018","retweets":"30","favorites":"20","mentions":[],"hashtags":[],"geo":"","raw":"jmt jmt jmt jmt","polarity":{"com":null,"pos":null,"neg":null,"neut":null,"none":null},"intensity":{"high":null,"low":null,"meium":null,"none":null},"expressive":{"dir-action":null,"dir-explicit":null,"dir-speech":null,"indirect":null,"writing-device":null}},{"id":"진화쿵푸마라탕-구의점","permalink":"","username":"asdfg","text":"산라탕?\n너무 중국식이였어요\n너무 강한 중국이여서 다 버림","date":"Mon Dec 10 23:59:44 +0000 2018","retweets":"30","favorites":"20","mentions":[],"hashtags":[],"geo":"","raw":"산라탕?\n너무 중국식이였어요\n너무 강한 중국이여서 다 버림","polarity":{"com":0.05707131342857143,"pos":0.2823614294285714,"neg":0.568439497,"neut":0.013071895428571428,"none":0.07905586471428572},"intensity":{"high":0.10633344244376192,"low":0.07196818115313831,"meium":0.7426425116775204,"none":0.07905586472557942},"expressive":{"dir-action":0,"dir-explicit":0.3232080710966846,"dir-speech":0.4500951896499864,"indirect":0.14483975412216576,"writing-device":0.08185698513116328}},{"id":"진화쿵푸마라탕-구의점","permalink":"","username":"asdfg","text":"일단 마라탕이 진짜 맛있네요 양많구 밑반찬이랑 서비스로 주신 물만두도 잘 먹었습니다","date":"Mon Dec 10 23:59:44 +0000 2018","retweets":"30","favorites":"20","mentions":[],"hashtags":[],"geo":"","raw":"일단 마라탕이 진짜 맛있네요 양많구 밑반찬이랑 서비스로 주신 물만두도 잘 먹었습니다","polarity":{"com":0.005425694428571429,"pos":0.33866306528571427,"neg":0.4287120172857143,"neut":0.020838528857142855,"none":0.20636069414285715},"intensity":{"high":0.08865209873961488,"low":0.24086540435453296,"meium":0.46349247613242645,"none":0.20699002077342574},"expressive":{"dir-action":0.0006293265715184752,"dir-explicit":0.19196750774170965,"dir-speech":0.37948608033992665,"indirect":0.2219474727459925,"writing-device":0.2059696126008528}},{"id":"진화쿵푸마라탕-구의점","permalink":"","username":"asdfg","text":"대박 가격대비 만족도 정말 좋습니다. 재주문의사 100%","date":"Mon Dec 10 23:59:44 +0000 2018","retweets":"30","favorites":"20","mentions":[],"hashtags":[],"geo":"","raw":"대박 가격대비 만족도 정말 좋습니다. 재주문의사 100%","polarity":{"com":0,"pos":0.5833333333333334,"neg":0.16666666666666666,"neut":0.16666666666666666,"none":0.08333333333333333},"intensity":{"high":0.16666666666666666,"low":0.16666666666666666,"meium":0.5833333333333334,"none":0.08333333333333333},"expressive":{"dir-action":0,"dir-explicit":0.3333333333333333,"dir-speech":0.25,"indirect":0.3333333333333333,"writing-device":0.08333333333333333}},{"id":"진화쿵푸마라탕-구의점","permalink":"","username":"asdfg","text":"냄세가 너무 좋아요 잘먹을게옹","date":"Mon Dec 10 23:59:44 +0000 2018","retweets":"30","favorites":"20","mentions":[],"hashtags":[],"geo":"","raw":"냄세가 너무 좋아요 잘먹을게옹","polarity":{"com":0.04761904768253968,"pos":0.45238095248412696,"neg":0.47619047615873017,"neut":0.023809523674603175,"none":0},"intensity":{"high":0.13095238099999998,"low":0.16071428566666665,"meium":0.7083333333333334,"none":0},"expressive":{"dir-action":0,"dir-explicit":0.42857142833333334,"dir-speech":0.18452380966666668,"indirect":0.38690476199999996,"writing-device":0}},{"id":"진화쿵푸마라탕-구의점","permalink":"","username":"asdfg","text":"양도 좋고 맛도 좋고 오랫만에 마라탕 잘 먹었네요 그런데 많이 먹으면 약간 느끼할 수도 있으니 조금 맵게 드시는게 좋을것 같습니다","date":"Mon Dec 10 23:59:44 +0000 2018","retweets":"30","favorites":"20","mentions":[],"hashtags":[],"geo":"","raw":"양도 좋고 맛도 좋고 오랫만에 마라탕 잘 먹었네요 그런데 많이 먹으면 약간 느끼할 수도 있으니 조금 맵게 드시는게 좋을것 같습니다","polarity":{"com":0.0024024023997597597,"pos":0.5100756135489924,"neg":0.26063224017393677,"neut":0.09603279599039671,"none":0.1308569478869143},"intensity":{"high":0.05910371910000001,"low":0.1664694585,"meium":0.6432695742,"none":0.1311572482},"expressive":{"dir-action":0.00030030029996996996,"dir-explicit":0.36542398286345756,"dir-speech":0.3187628662681237,"indirect":0.1843556023815644,"writing-device":0.13115724818688426}},{"id":"진화쿵푸마라탕-구의점","permalink":"","username":"asdfg","text":"맛도 좋고 포장도 깔끔","date":"Mon Dec 10 23:59:44 +0000 2018","retweets":"30","favorites":"20","mentions":[],"hashtags":[],"geo":"","raw":"맛도 좋고 포장도 깔끔","polarity":{"com":0,"pos":0.6816666666666666,"neg":0.305,"neut":0,"none":0.013333333333333334},"intensity":{"high":0.06666666666666667,"low":0.09666666666666666,"meium":0.8233333333333333,"none":0.013333333333333334},"expressive":{"dir-action":0,"dir-explicit":0.3666666666666667,"dir-speech":0.39999999999999997,"indirect":0.22,"writing-device":0.013333333333333334}},{"id":"진화쿵푸마라탕-구의점","permalink":"","username":"asdfg","text":"너무 맛이없어요ㅠ 전에 마라향궈 시켜 먹는데 너무 맛이 있으니까 이번에 마라룽샤를 시켰어요. 근데 진짜 맛없는 건데요. 가재는 깨끗하지도 않고  맛도 좀 이상해요. 다시 마라룽샤 시키지 않을 거에요.","date":"Mon Dec 10 23:59:44 +0000 2018","retweets":"30","favorites":"20","mentions":[],"hashtags":[],"geo":"","raw":"너무 맛이없어요ㅠ 전에 마라향궈 시켜 먹는데 너무 맛이 있으니까 이번에 마라룽샤를 시켰어요. 근데 진짜 맛없는 건데요. 가재는 깨끗하지도 않고  맛도 좀 이상해요. 다시 마라룽샤 시키지 않을 거에요.","polarity":{"com":0.023415944502926993,"pos":0.3184922119773115,"neg":0.47583770099697964,"neut":0.09251079894906385,"none":0.08974334357371792},"intensity":{"high":0.07904969237005939,"low":0.1524054013654747,"meium":0.6753776803952888,"none":0.09316722586917706},"expressive":{"dir-action":0.001199404187275112,"dir-explicit":0.3347861946872276,"dir-speech":0.4568468294143412,"indirect":0.08299836117193782,"writing-device":0.12416921053921828}},{"id":"진화쿵푸마라탕-구의점","permalink":"","username":"asdfg","text":"너무 맛있어요!! 잘먹겠습니다!","date":"Mon Dec 10 23:59:44 +0000 2018","retweets":"30","favorites":"20","mentions":[],"hashtags":[],"geo":"","raw":"너무 맛있어요!! 잘먹겠습니다!","polarity":{"com":0.07142857153571429,"pos":0.4285714287142857,"neg":0.4642857142321429,"neut":0.035714285517857144,"none":0},"intensity":{"high":0.0714285715,"low":0.1785714285,"meium":0.75,"none":0},"expressive":{"dir-action":0,"dir-explicit":0.39285714250000003,"dir-speech":0.21428571450000003,"indirect":0.392857143,"writing-device":0}},{"id":"진화쿵푸마라탕-구의점","permalink":"","username":"asdfg","text":"맛있어요~","date":"Mon Dec 10 23:59:44 +0000 2018","retweets":"30","favorites":"20","mentions":[],"hashtags":[],"geo":"","raw":"맛있어요~~~~~~~~~","polarity":{"com":0,"pos":0,"neg":1,"neut":0,"none":0},"intensity":{"high":0,"low":0,"meium":1,"none":0},"expressive":{"dir-action":0,"dir-explicit":0,"dir-speech":1,"indirect":0,"writing-device":0}},{"id":"진화쿵푸마라탕-구의점","permalink":"","username":"asdfg","text":"맛있습니다~~~~~~~","date":"Mon Dec 10 23:59:44 +0000 2018","retweets":"30","favorites":"20","mentions":[],"hashtags":[],"geo":"","raw":"맛있습니다~~~~~~~","polarity":{"com":0,"pos":0,"neg":1,"neut":0,"none":0},"intensity":{"high":0,"low":0,"meium":1,"none":0},"expressive":{"dir-action":0,"dir-explicit":0,"dir-speech":1,"indirect":0,"writing-device":0}},{"id":"진화쿵푸마라탕-구의점","permalink":"","username":"asdfg","text":"양 완전 많아요 맛있게 잘 먹었습니다 감사합니다!","date":"Mon Dec 10 23:59:44 +0000 2018","retweets":"30","favorites":"20","mentions":[],"hashtags":[],"geo":"","raw":"양 완전 많아요 맛있게 잘 먹었습니다 감사합니다!","polarity":{"com":0,"pos":0.5535714286383928,"neg":0.42857142860714287,"neut":0.017857142754464286,"none":0},"intensity":{"high":0.25,"low":0.0535714285,"meium":0.6964285715,"none":0},"expressive":{"dir-action":0,"dir-explicit":0.1785714285,"dir-speech":0.53571428575,"indirect":0.28571428575,"writing-device":0}},{"id":"진화쿵푸마라탕-구의점","permalink":"","username":"asdfg","text":"양도 많고 맛있네요~ 물만두도 잘 먹었습니다 ^^","date":"Mon Dec 10 23:59:44 +0000 2018","retweets":"30","favorites":"20","mentions":[],"hashtags":[],"geo":"","raw":"양도 많고 맛있네요~ 물만두도 잘 먹었습니다 ^^","polarity":{"com":0.00178571425,"pos":0.23473084875,"neg":0.64011387175,"neut":0.014440993749999999,"none":0.1089285715},"intensity":{"high":0.12870945478217738,"low":0.1384748100346187,"meium":0.6238871636559717,"none":0.10892857152723215},"expressive":{"dir-action":0,"dir-explicit":0.23241890950000002,"dir-speech":0.5737922705,"indirect":0.08664596275,"writing-device":0.10714285725}},{"id":"진화쿵푸마라탕-구의점","permalink":"","username":"asdfg","text":"맛있게 잘 먹었습니다~~","date":"Mon Dec 10 23:59:44 +0000 2018","retweets":"30","favorites":"20","mentions":[],"hashtags":[],"geo":"","raw":"맛있게 잘 먹었습니다~~","polarity":{"com":0,"pos":0.35714285717857136,"neg":0.6071428573035714,"neut":0.03571428551785714,"none":0},"intensity":{"high":0,"low":0.107142857,"meium":0.8928571430000001,"none":0},"expressive":{"dir-action":0,"dir-explicit":0.107142857,"dir-speech":0.5714285715,"indirect":0.3214285715,"writing-device":0}},{"id":"진화쿵푸마라탕-구의점","permalink":"","username":"asdfg","text":"잘먹었습니다 ㅎㅎ 배달시간도 괜찮고 감자덮밥이랑 물만두 맛있네요","date":"Mon Dec 10 23:59:44 +0000 2018","retweets":"30","favorites":"20","mentions":[],"hashtags":[],"geo":"","raw":"잘먹었습니다 ㅎㅎ 배달시간도 괜찮고 감자덮밥이랑 물만두 맛있네요","polarity":{"com":0.0017857142504464287,"pos":0.48214285712053573,"neg":0.3857142858464286,"neut":0.021428571255357142,"none":0.10892857152723215},"intensity":{"high":0.03571428575,"low":0.082142857,"meium":0.7732142857500001,"none":0.1089285715},"expressive":{"dir-action":0,"dir-explicit":0.099999999975,"dir-speech":0.6107142855973215,"indirect":0.18214285720446427,"writing-device":0.10714285722321429}},{"id":"진화쿵푸마라탕-구의점","permalink":"","username":"asdfg","text":"엄청맛있다 엄청매워요","date":"Mon Dec 10 23:59:44 +0000 2018","retweets":"30","favorites":"20","mentions":[],"hashtags":[],"geo":"","raw":"엄청맛있다 엄청매워요","polarity":{"com":0,"pos":0,"neg":1,"neut":0,"none":0},"intensity":{"high":0,"low":0,"meium":1,"none":0},"expressive":{"dir-action":0,"dir-explicit":0,"dir-speech":1,"indirect":0,"writing-device":0}},{"id":"진화쿵푸마라탕-구의점","permalink":"","username":"asdfg","text":"너무 좋은 음식이다. 매일 먹고 싶은것.","date":"Mon Dec 10 23:59:44 +0000 2018","retweets":"30","favorites":"20","mentions":[],"hashtags":[],"geo":"","raw":"너무 좋은 음식이다. 매일 먹고 싶은것.","polarity":{"com":0.047385620999999996,"pos":0.27497665725,"neg":0.47817460325000005,"neut":0.038748832750000003,"none":0.16071428575},"intensity":{"high":0.11122782427780695,"low":0.131535947532884,"meium":0.5965219423991305,"none":0.16071428579017857},"expressive":{"dir-action":0,"dir-explicit":0.3486227825,"dir-speech":0.399859944,"indirect":0.07994864624999999,"writing-device":0.17156862725}},{"id":"진화쿵푸마라탕-구의점","permalink":"","username":"asdfg","text":"둘이 먹으려고 시켰는데 생각보다 배달이 빨라서 좋았습니다!","date":"Mon Dec 10 23:59:44 +0000 2018","retweets":"30","favorites":"20","mentions":[],"hashtags":[],"geo":"","raw":"둘이 먹으려고 시켰는데 생각보다 배달이 빨라서 좋았습니다!","polarity":{"com":0.0061674008,"pos":0.7453436123999999,"neg":0.1627723934,"neut":0.0676211454,"none":0.018095448},"intensity":{"high":0.07781204101556241,"low":0.15109838463021968,"meium":0.7521130691504226,"none":0.0189765052037953},"expressive":{"dir-action":0.0008810572001762114,"dir-explicit":0.2778193832555639,"dir-speech":0.40391336268078265,"indirect":0.29840969165968195,"writing-device":0.0189765052037953}},{"id":"진화쿵푸마라탕-구의점","permalink":"","username":"asdfg","text":"맛있는데 배송이 너무 느립니다.","date":"Mon Dec 10 23:59:44 +0000 2018","retweets":"30","favorites":"20","mentions":[],"hashtags":[],"geo":"","raw":"맛있는데 배송이 너무 느립니다.","polarity":{"com":0,"pos":0,"neg":1,"neut":0,"none":0},"intensity":{"high":0,"low":0,"meium":1,"none":0},"expressive":{"dir-action":0,"dir-explicit":0,"dir-speech":1,"indirect":0,"writing-device":0}},{"id":"진화쿵푸마라탕-구의점","permalink":"","username":"asdfg","text":"맛있는데 배송이 너무 느립니다.","date":"Mon Dec 10 23:59:44 +0000 2018","retweets":"30","favorites":"20","mentions":[],"hashtags":[],"geo":"","raw":"맛있는데 배송이 너무 느립니다.","polarity":{"com":0,"pos":0,"neg":1,"neut":0,"none":0},"intensity":{"high":0,"low":0,"meium":1,"none":0},"expressive":{"dir-action":0,"dir-explicit":0,"dir-speech":1,"indirect":0,"writing-device":0}},{"id":"진화쿵푸마라탕-구의점","permalink":"","username":"asdfg","text":"완전 맛있고 양이 도 많고 사장님도 친절합니다!!","date":"Mon Dec 10 23:59:44 +0000 2018","retweets":"30","favorites":"20","mentions":[],"hashtags":[],"geo":"","raw":"완전 맛있고 양이 도 많고 사장님도 친절합니다!!","polarity":{"com":0.006624424,"pos":0.5576036865000001,"neg":0.29531490025000007,"neut":0.024539170500000006,"none":0.11591781875000001},"intensity":{"high":0.32066052225,"low":0.0576036865,"meium":0.505280338,"none":0.11645545325000001},"expressive":{"dir-action":0.0016129032495967742,"dir-explicit":0.4999231951250192,"dir-speech":0.148655913962836,"indirect":0.23567588319108101,"writing-device":0.11413210447146697}},{"id":"진화쿵푸마라탕-구의점","permalink":"","username":"asdfg","text":"炒饭和凉皮很好吃 但是酸辣粉很不好吃，希望改进","date":"Mon Dec 10 23:59:44 +0000 2018","retweets":"30","favorites":"20","mentions":[],"hashtags":[],"geo":"","raw":"炒饭和凉皮很好吃 但是酸辣粉很不好吃，希望改进","polarity":{"com":null,"pos":null,"neg":null,"neut":null,"none":null},"intensity":{"high":null,"low":null,"meium":null,"none":null},"expressive":{"dir-action":null,"dir-explicit":null,"dir-speech":null,"indirect":null,"writing-device":null}},{"id":"진화쿵푸마라탕-구의점","permalink":"","username":"asdfg","text":"맛있어요~~~~중국맛","date":"Mon Dec 10 23:59:44 +0000 2018","retweets":"30","favorites":"20","mentions":[],"hashtags":[],"geo":"","raw":"맛있어요~~~~중국맛","polarity":{"com":0,"pos":0,"neg":1,"neut":0,"none":0},"intensity":{"high":0,"low":0,"meium":1,"none":0},"expressive":{"dir-action":0,"dir-explicit":0,"dir-speech":1,"indirect":0,"writing-device":0}},{"id":"진화쿵푸마라탕-구의점","permalink":"","username":"asdfg","text":"배달 빠르고 맛있어요","date":"Mon Dec 10 23:59:44 +0000 2018","retweets":"30","favorites":"20","mentions":[],"hashtags":[],"geo":"","raw":"배달 빠르고 맛있어요","polarity":{"com":0,"pos":0.5,"neg":0.5,"neut":0,"none":0},"intensity":{"high":0,"low":0,"meium":1,"none":0},"expressive":{"dir-action":0,"dir-explicit":0,"dir-speech":1,"indirect":0,"writing-device":0}}]