[{"id":"프로찌개","permalink":"","username":"asdfg","text":"처음 시켜먹었었는데 또 시켜먹게 됐지요. 갠적으론 김치찌개가 참 갠찮은것 같아요. 부대찌개는 라면이 담겨져와서 한참 후에 먹는건 지양해야겠어요.","date":"Mon Dec 10 23:59:44 +0000 2018","retweets":"30","favorites":"20","mentions":[],"hashtags":[],"geo":"","raw":"처음 시켜먹었었는데 또 시켜먹게 됐지요. 갠적으론 김치찌개가 참 갠찮은것 같아요. 부대찌개는 라면이 담겨져와서 한참 후에 먹는건 지양해야겠어요.","polarity":{"com":0.026764523529764737,"pos":0.3347259323553699,"neg":0.4895918124680545,"neut":0.07201670539039778,"none":0.07690102625641321},"intensity":{"high":0.07764304287184287,"low":0.09463004927297534,"meium":0.7499369577166625,"none":0.07778995013851933},"expressive":{"dir-action":0.00029368573331375425,"dir-explicit":0.23988337538400778,"dir-speech":0.5468365524968776,"indirect":0.11951933745869871,"writing-device":0.0934670489271022}},{"id":"프로찌개","permalink":"","username":"asdfg","text":"맛 괜찮아요~","date":"Mon Dec 10 23:59:44 +0000 2018","retweets":"30","favorites":"20","mentions":[],"hashtags":[],"geo":"","raw":"맛 괜찮아요~","polarity":{"com":0,"pos":1,"neg":0,"neut":0,"none":0},"intensity":{"high":0,"low":0,"meium":1,"none":0},"expressive":{"dir-action":0,"dir-explicit":0,"dir-speech":1,"indirect":0,"writing-device":0}},{"id":"프로찌개","permalink":"","username":"asdfg","text":"맛있게 잘먹었어요. 둘이서 먹으니까 한 이틀은 먹었나봐요.","date":"Mon Dec 10 23:59:44 +0000 2018","retweets":"30","favorites":"20","mentions":[],"hashtags":[],"geo":"","raw":"맛있게 잘먹었어요. 둘이서 먹으니까 한 이틀은 먹었나봐요.","polarity":{"com":0.014908804,"pos":0.3753226631666666,"neg":0.5495782859999999,"neut":0.046127655999999996,"none":0.014062590833333333},"intensity":{"high":0.0808665941936222,"low":0.13126551321042185,"meium":0.773071087424357,"none":0.014796805171598936},"expressive":{"dir-action":0.0007342143335780715,"dir-explicit":0.24252077108084028,"dir-speech":0.549920628183307,"indirect":0.1850831368950277,"writing-device":0.021741249507247085}}]