[{"id":"치킨마트두마리치킨전문점-본점","permalink":"","username":"asdfg","text":"리뷰보고 처음 시켜봤는데 양도 많고 \n치킨튀김도 바삭바삭 맛있어요. \n요청사항도 잘 들어주시고 배달오신 분께서 \n매우 친절하셔서 음식 받을때부터 \n기분이 좋았어요~ 다음에 또 재주문 할게요","date":"Mon Dec 10 23:59:44 +0000 2018","retweets":"30","favorites":"20","mentions":[],"hashtags":[],"geo":"","raw":"리뷰보고 처음 시켜봤는데 양도 많고 \n치킨튀김도 바삭바삭 맛있어요. \n요청사항도 잘 들어주시고 배달오신 분께서 \n매우 친절하셔서 음식 받을때부터 \n기분이 좋았어요~ 다음에 또 재주문 할게요","polarity":{"com":0.011766513064313365,"pos":0.3858132516561707,"neg":0.40697222678527223,"neut":0.09739373298052127,"none":0.09805427551372249},"intensity":{"high":0.22708734308180584,"low":0.09759008633983934,"meium":0.577124925838475,"none":0.09819764473987984},"expressive":{"dir-action":0.0004301075332759856,"dir-explicit":0.3025310609596625,"dir-speech":0.4515676500064576,"indirect":0.13884547744815393,"writing-device":0.1066257040524499}},{"id":"치킨마트두마리치킨전문점-본점","permalink":"","username":"asdfg","text":"이게 뭐죠? 맛은 괜찮았는데 이빨 본 뜰때 쓰는 그거같이 생긴게 닭에 붙어서 같이 튀겨져있네요;;; 기분 팍 상합니다 과자먹다가 벌레 나오는 기분이네요","date":"Mon Dec 10 23:59:44 +0000 2018","retweets":"30","favorites":"20","mentions":[],"hashtags":[],"geo":"","raw":"이게 뭐죠? 맛은 괜찮았는데 이빨 본 뜰때 쓰는 그거같이 생긴게 닭에 붙어서 같이 튀겨져있네요;;; 기분 팍 상합니다 과자먹다가 벌레 나오는 기분이네요","polarity":{"com":0.0769230769112426,"pos":0.23704500627122385,"neg":0.3839878070947711,"neut":0.30204410972276247,"none":0},"intensity":{"high":0.2522264060769231,"low":0.20967067123076924,"meium":0.5381029226923078,"none":0},"expressive":{"dir-action":0,"dir-explicit":0.20859482399999998,"dir-speech":0.6375590221538462,"indirect":0.15384615384615385,"writing-device":0}},{"id":"치킨마트두마리치킨전문점-본점","permalink":"","username":"asdfg","text":"맛있어요 \n또 시키고 싶은맛","date":"Mon Dec 10 23:59:44 +0000 2018","retweets":"30","favorites":"20","mentions":[],"hashtags":[],"geo":"","raw":"맛있어요 \n또 시키고 싶은맛","polarity":{"com":0,"pos":0.38095238087301586,"neg":0.47619047617460314,"neut":0,"none":0.14285714295238094},"intensity":{"high":0,"low":0,"meium":0.857142857,"none":0.142857143},"expressive":{"dir-action":0,"dir-explicit":0.047619047666666664,"dir-speech":0.761904762,"indirect":0,"writing-device":0.19047619033333332}},{"id":"치킨마트두마리치킨전문점-본점","permalink":"","username":"asdfg","text":"맛있고 양도 많아 잘 먹었습니다","date":"Mon Dec 10 23:59:44 +0000 2018","retweets":"30","favorites":"20","mentions":[],"hashtags":[],"geo":"","raw":"맛있고 양도 많아 잘 먹었습니다","polarity":{"com":0,"pos":0.36853002078951,"neg":0.5931677018643893,"neut":0.038302277346100755,"none":0},"intensity":{"high":0.08695652169565218,"low":0.14389233938129745,"meium":0.7691511389230504,"none":0},"expressive":{"dir-action":0,"dir-explicit":0.2453416147484472,"dir-speech":0.45341614915113876,"indirect":0.30124223610041406,"writing-device":0}},{"id":"치킨마트두마리치킨전문점-본점","permalink":"","username":"asdfg","text":"후라이드 치킨도 바삭하니 너무 맛있었구요\n다른 치킨은 아이들에게 인기가 너무 좋았어요 양도 푸짐하니 배도 부르게 먹었네요","date":"Mon Dec 10 23:59:44 +0000 2018","retweets":"30","favorites":"20","mentions":[],"hashtags":[],"geo":"","raw":"후라이드 치킨도 바삭하니 너무 맛있었구요\n다른 치킨은 아이들에게 인기가 너무 좋았어요 양도 푸짐하니 배도 부르게 먹었네요","polarity":{"com":0.02934253361764173,"pos":0.3829838224909987,"neg":0.4177112332629009,"neut":0.0834429336987264,"none":0.08651947692973228},"intensity":{"high":0.1612190905384615,"low":0.1816223023846154,"meium":0.5684091293846154,"none":0.08874947769230769},"expressive":{"dir-action":0.0011151735384615385,"dir-explicit":0.3351707865384616,"dir-speech":0.3631143162307692,"indirect":0.21229562776923078,"writing-device":0.0883040959230769}},{"id":"치킨마트두마리치킨전문점-본점","permalink":"","username":"asdfg","text":"맛있네요 양념이 살짝 단맛이 강한것 빼고 양도 많고 배달도 빨라서 좋았습니다","date":"Mon Dec 10 23:59:44 +0000 2018","retweets":"30","favorites":"20","mentions":[],"hashtags":[],"geo":"","raw":"맛있네요 양념이 살짝 단맛이 강한것 빼고 양도 많고 배달도 빨라서 좋았습니다","polarity":{"com":0.006830816,"pos":0.622639706,"neg":0.28746428487500003,"neut":0.024384506375,"none":0.058680686749999995},"intensity":{"high":0.07876106251969027,"low":0.10028103827507026,"meium":0.7617265516904316,"none":0.059231347514807825},"expressive":{"dir-action":0.0005506607501376651,"dir-explicit":0.21479696617869923,"dir-speech":0.5139947647534987,"indirect":0.2084500704271125,"writing-device":0.06220753789055188}},{"id":"치킨마트두마리치킨전문점-본점","permalink":"","username":"asdfg","text":"언제나 최고네요. 맛있고 배달빠르고 양도 많고. 다만 예전보다 소스 양이 절반 가까이 줄은듯 하네요? 적은 소스 필요하다는 사람한테만 적게 주고 예전처럼 풍족하게 소스를 넣었으면 좋겠네요","date":"Mon Dec 10 23:59:44 +0000 2018","retweets":"30","favorites":"20","mentions":[],"hashtags":[],"geo":"","raw":"언제나 최고네요. 맛있고 배달빠르고 양도 많고. 다만 예전보다 소스 양이 절반 가까이 줄은듯 하네요? 적은 소스 필요하다는 사람한테만 적게 주고 예전처럼 풍족하게 소스를 넣었으면 좋겠네요","polarity":{"com":0.0057178642503573655,"pos":0.613694212538356,"neg":0.2710585492044411,"neut":0.016004925626000307,"none":0.09352444838084527},"intensity":{"high":0.13680310162499998,"low":0.04714617312499999,"meium":0.7223385891875,"none":0.09371213606249998},"expressive":{"dir-action":0.0009838660624385085,"dir-explicit":0.23903445248506036,"dir-speech":0.2807709516699518,"indirect":0.38387501435100785,"writing-device":0.09533571543154153}},{"id":"치킨마트두마리치킨전문점-본점","permalink":"","username":"asdfg","text":"맛과 양에 아주 만족합니다","date":"Mon Dec 10 23:59:44 +0000 2018","retweets":"30","favorites":"20","mentions":[],"hashtags":[],"geo":"","raw":"맛과 양에 아주 만족합니다","polarity":{"com":0.006451612999999998,"pos":0.755376344,"neg":0.20089605733333332,"neut":0.02795698933333333,"none":0.009318996333333333},"intensity":{"high":0.12992831533333332,"low":0.038709677333333324,"meium":0.8213261649999999,"none":0.010035842333333331},"expressive":{"dir-action":0.0021505376666666664,"dir-explicit":0.10465949833333332,"dir-speech":0.5148745519999999,"indirect":0.36899641566666663,"writing-device":0.009318996333333333}},{"id":"치킨마트두마리치킨전문점-본점","permalink":"","username":"asdfg","text":"치즈맛은 맛있어요.","date":"Mon Dec 10 23:59:44 +0000 2018","retweets":"30","favorites":"20","mentions":[],"hashtags":[],"geo":"","raw":"치즈맛은 맛있어요.","polarity":{"com":0,"pos":0.5,"neg":0.5,"neut":0,"none":0},"intensity":{"high":0,"low":0,"meium":1,"none":0},"expressive":{"dir-action":0,"dir-explicit":0,"dir-speech":1,"indirect":0,"writing-device":0}},{"id":"치킨마트두마리치킨전문점-본점","permalink":"","username":"asdfg","text":"네네치킨 상위호환 양많고 존맛","date":"Mon Dec 10 23:59:44 +0000 2018","retweets":"30","favorites":"20","mentions":[],"hashtags":[],"geo":"","raw":"네네치킨 상위호환 양많고 존맛","polarity":{"com":0,"pos":0.695652174,"neg":0.2826086955,"neut":0.0217391305,"none":0},"intensity":{"high":0.1304347825652174,"low":0.10869565205434782,"meium":0.7608695653804347,"none":0},"expressive":{"dir-action":0,"dir-explicit":0.2608695651304348,"dir-speech":0.6086956523043479,"indirect":0.1304347825652174,"writing-device":0}},{"id":"치킨마트두마리치킨전문점-본점","permalink":"","username":"asdfg","text":"뭐 하나 빠질게 없이 정말 좋네요^^\n맛 대박이고요 양 엄청나네요^^\n사실 혼자 치킨 두마리 가능하지만 여기껀 힘들 정도로 양이 많네요 재료 아끼지 않는 모습이 소스에 그대로 보입니다 밥 비벼 먹고 싶을 정도네요^^\n혼자사는 자취생들을 위해 공기밥 1000원에 파시는 것도 괜찮을 듯 합니다^^\n오늘 처음 시켰지만 앞으로 계속 여기서 시킬 듯 보입니다 사장님 지금처럼만 파신다면 언젠간 좋은날 오실거 같네요^^","date":"Mon Dec 10 23:59:44 +0000 2018","retweets":"30","favorites":"20","mentions":[],"hashtags":[],"geo":"","raw":"뭐 하나 빠질게 없이 정말 좋네요^^\n맛 대박이고요 양 엄청나네요^^\n사실 혼자 치킨 두마리 가능하지만 여기껀 힘들 정도로 양이 많네요 재료 아끼지 않는 모습이 소스에 그대로 보입니다 밥 비벼 먹고 싶을 정도네요^^\n혼자사는 자취생들을 위해 공기밥 1000원에 파시는 것도 괜찮을 듯 합니다^^\n오늘 처음 시켰지만 앞으로 계속 여기서 시킬 듯 보입니다 사장님 지금처럼만 파신다면 언젠간 좋은날 오실거 같네요^^","polarity":{"com":0.02002461776470588,"pos":0.4150858418529412,"neg":0.42595187802941176,"neut":0.042781451058823514,"none":0.09615621129411762},"intensity":{"high":0.104401619,"low":0.12052561814705882,"meium":0.6640811019705883,"none":0.11099166088235295},"expressive":{"dir-action":0.00012956723528649602,"dir-explicit":0.26559558727849436,"dir-speech":0.40886909065241944,"indirect":0.19530362925321737,"writing-device":0.13010212558058218}},{"id":"치킨마트두마리치킨전문점-본점","permalink":"","username":"asdfg","text":"잘먹었습니다!!!!","date":"Mon Dec 10 23:59:44 +0000 2018","retweets":"30","favorites":"20","mentions":[],"hashtags":[],"geo":"","raw":"잘먹었습니다!!!!","polarity":{"com":0,"pos":0.7142857147142857,"neg":0.21428571421428572,"neut":0.07142857107142857,"none":0},"intensity":{"high":0,"low":0.214285714,"meium":0.785714286,"none":0},"expressive":{"dir-action":0,"dir-explicit":0.214285714,"dir-speech":0.142857143,"indirect":0.642857143,"writing-device":0}},{"id":"치킨마트두마리치킨전문점-본점","permalink":"","username":"asdfg","text":"맛나게 잘먹엇습니당","date":"Mon Dec 10 23:59:44 +0000 2018","retweets":"30","favorites":"20","mentions":[],"hashtags":[],"geo":"","raw":"맛나게 잘먹엇습니당","polarity":{"com":0,"pos":0.7142857147142857,"neg":0.21428571421428572,"neut":0.07142857107142857,"none":0},"intensity":{"high":0,"low":0.214285714,"meium":0.785714286,"none":0},"expressive":{"dir-action":0,"dir-explicit":0.214285714,"dir-speech":0.142857143,"indirect":0.642857143,"writing-device":0}},{"id":"치킨마트두마리치킨전문점-본점","permalink":"","username":"asdfg","text":"리뷰보고 괜찮은것 같아서 시켰는데\n진짜 너무 맛있네요ㅠㅠ특히 눈꽃치즈는\n네네치킨 스노윙맛이랑 똑같구 후라이드도\n바삭하니 넘 맛있어요 그리고 이맛에 이양에\n가격도 이만원이니 부담없을거같아요\n엄마도 같이 드시고 있는데 맛있다고 하셔요ㅋㅋ\n담에 또 시켜먹을게요~~","date":"Mon Dec 10 23:59:44 +0000 2018","retweets":"30","favorites":"20","mentions":[],"hashtags":[],"geo":"","raw":"리뷰보고 괜찮은것 같아서 시켰는데\n진짜 너무 맛있네요ㅠㅠ특히 눈꽃치즈는\n네네치킨 스노윙맛이랑 똑같구 후라이드도\n바삭하니 넘 맛있어요 그리고 이맛에 이양에\n가격도 이만원이니 부담없을거같아요\n엄마도 같이 드시고 있는데 맛있다고 하셔요ㅋㅋ\n담에 또 시켜먹을게요~~","polarity":{"com":0.02437654949756235,"pos":0.2843834241215617,"neg":0.5229355128477065,"neut":0.028160026747183996,"none":0.14014448678598557},"intensity":{"high":0.09512870669524358,"low":0.0942683279952866,"meium":0.6693090532165346,"none":0.14129391209293532},"expressive":{"dir-action":0.001149425300057471,"dir-explicit":0.14635763605731789,"dir-speech":0.47681125587384043,"indirect":0.17394582965869726,"writing-device":0.20173585311008677}},{"id":"치킨마트두마리치킨전문점-본점","permalink":"","username":"asdfg","text":"뭐.. 양많고 맛있고 말이 필요한가요,,","date":"Mon Dec 10 23:59:44 +0000 2018","retweets":"30","favorites":"20","mentions":[],"hashtags":[],"geo":"","raw":"뭐.. 양많고 맛있고 말이 필요한가요,,","polarity":{"com":0.0038709677999999997,"pos":0.281486676,"neg":0.6335811126,"neut":0.0254698458,"none":0.0555913978},"intensity":{"high":0.18013090223602618,"low":0.1667040672333408,"meium":0.5971435251194287,"none":0.056021505411204306},"expressive":{"dir-action":0.0012903226002580646,"dir-explicit":0.2671435250534287,"dir-speech":0.4524029920904806,"indirect":0.22357176244471438,"writing-device":0.05559139781111828}},{"id":"치킨마트두마리치킨전문점-본점","permalink":"","username":"asdfg","text":"양도 많고 배달도 빠르고 다 좋아요!!!꼭 드셔보세용","date":"Mon Dec 10 23:59:44 +0000 2018","retweets":"30","favorites":"20","mentions":[],"hashtags":[],"geo":"","raw":"양도 많고 배달도 빠르고 다 좋아요!!!꼭 드셔보세용","polarity":{"com":0,"pos":0.7953761215,"neg":0.0942028985,"neut":0.007246376833333333,"none":0.10317460316666667},"intensity":{"high":0.09109730850000002,"low":0.2584541061666667,"meium":0.5472739821666667,"none":0.10317460316666667},"expressive":{"dir-action":0,"dir-explicit":0.15838509319306418,"dir-speech":0.3060731538843455,"indirect":0.4323671497387279,"writing-device":0.10317460318386244}},{"id":"치킨마트두마리치킨전문점-본점","permalink":"","username":"asdfg","text":"제가웬만하면 귀찮아서글안쓰는데 맛은 노랑통닭맛나고 가성비작살납니다 배달도뭐 빨리온편이고 우선 양에놀랐습니다 재구매로시켜먹고선 글씁니다","date":"Mon Dec 10 23:59:44 +0000 2018","retweets":"30","favorites":"20","mentions":[],"hashtags":[],"geo":"","raw":"제가웬만하면 귀찮아서글안쓰는데 맛은 노랑통닭맛나고 가성비작살납니다 배달도뭐 빨리온편이고 우선 양에놀랐습니다 재구매로시켜먹고선 글씁니다","polarity":{"com":0,"pos":0.5822510822142857,"neg":0.15963203464285716,"neut":0.16233766235714286,"none":0.09577922078571428},"intensity":{"high":0.05663780664285715,"low":0.17821067821428568,"meium":0.6693722943571428,"none":0.09577922078571428},"expressive":{"dir-action":0.042207792214285715,"dir-explicit":0.1295093795,"dir-speech":0.49224386721428576,"indirect":0.24025974028571428,"writing-device":0.09577922078571428}},{"id":"치킨마트두마리치킨전문점-본점","permalink":"","username":"asdfg","text":"양도 많고 맛있구 배달원도 친절하시구 다 좋았어요!","date":"Mon Dec 10 23:59:44 +0000 2018","retweets":"30","favorites":"20","mentions":[],"hashtags":[],"geo":"","raw":"양도 많고 맛있구 배달원도 친절하시구 다 좋았어요!!!!!!!!!!!","polarity":{"com":0.0052995392,"pos":0.36720096159999993,"neg":0.44929539840000005,"neut":0.028326988600000002,"none":0.1498771122},"intensity":{"high":0.165845188,"low":0.08956121,"meium":0.5942863822000001,"none":0.15030721980000003},"expressive":{"dir-action":0.0012903225997419356,"dir-explicit":0.29000066794199986,"dir-speech":0.41954584911609083,"indirect":0.14071461957185707,"writing-device":0.14844854077031028}},{"id":"치킨마트두마리치킨전문점-본점","permalink":"","username":"asdfg","text":"배달은 빠르지도 느리지않았고 맜있어요!!!","date":"Mon Dec 10 23:59:44 +0000 2018","retweets":"30","favorites":"20","mentions":[],"hashtags":[],"geo":"","raw":"배달은 빠르지도 느리지않았고 맜있어요!!!","polarity":{"com":0.002380952333333333,"pos":0.738095238,"neg":0.10952380966666668,"neut":0.004761904666666666,"none":0.14523809533333334},"intensity":{"high":0.047619047666666664,"low":0.149206349,"meium":0.657936508,"none":0.14523809533333334},"expressive":{"dir-action":0,"dir-explicit":0.06190476197936508,"dir-speech":0.4333333331888889,"indirect":0.36190476187936504,"writing-device":0.14285714295238094}},{"id":"치킨마트두마리치킨전문점-본점","permalink":"","username":"asdfg","text":"배송빠르고 잘먹었습니다","date":"Mon Dec 10 23:59:44 +0000 2018","retweets":"30","favorites":"20","mentions":[],"hashtags":[],"geo":"","raw":"배송빠르고 잘먹었습니다","polarity":{"com":0,"pos":0.8571428574285714,"neg":0.10714285705357143,"neut":0.035714285517857144,"none":0},"intensity":{"high":0,"low":0.2738095235,"meium":0.7261904765,"none":0},"expressive":{"dir-action":0,"dir-explicit":0.107142857,"dir-speech":0.0714285715,"indirect":0.8214285715,"writing-device":0}},{"id":"치킨마트두마리치킨전문점-본점","permalink":"","username":"asdfg","text":"배달빠르네요\n양도 많아요 조금 달아요","date":"Mon Dec 10 23:59:44 +0000 2018","retweets":"30","favorites":"20","mentions":[],"hashtags":[],"geo":"","raw":"배달빠르네요\n양도 많아요 조금 달아요","polarity":{"com":0,"pos":0.6666666666666666,"neg":0.16666666666666666,"neut":0.16666666666666666,"none":0},"intensity":{"high":0,"low":0.16666666666666666,"meium":0.8333333333333334,"none":0},"expressive":{"dir-action":0,"dir-explicit":0.6666666666666666,"dir-speech":0.3333333333333333,"indirect":0,"writing-device":0}},{"id":"치킨마트두마리치킨전문점-본점","permalink":"","username":"asdfg","text":"여기치킨맛잇어해요 매번 주문합니다","date":"Mon Dec 10 23:59:44 +0000 2018","retweets":"30","favorites":"20","mentions":[],"hashtags":[],"geo":"","raw":"여기치킨맛잇어해요 매번 주문합니다","polarity":{"com":0,"pos":0.8333333333333334,"neg":0.16666666666666666,"neut":0,"none":0},"intensity":{"high":0,"low":0,"meium":1,"none":0},"expressive":{"dir-action":0,"dir-explicit":0.3333333333333333,"dir-speech":0.6666666666666666,"indirect":0,"writing-device":0}},{"id":"치킨마트두마리치킨전문점-본점","permalink":"","username":"asdfg","text":"배달엄청빠르고 양많고 맛좋습니다","date":"Mon Dec 10 23:59:44 +0000 2018","retweets":"30","favorites":"20","mentions":[],"hashtags":[],"geo":"","raw":"배달엄청빠르고 양많고 맛좋습니다","polarity":{"com":0,"pos":0.8478260870000001,"neg":0.14130434775,"neut":0.01086956525,"none":0},"intensity":{"high":0.06521739126630435,"low":0.13768115928442032,"meium":0.7971014494492753,"none":0},"expressive":{"dir-action":0,"dir-explicit":0.1304347825326087,"dir-speech":0.5543478261385869,"indirect":0.3152173913288044,"writing-device":0}},{"id":"치킨마트두마리치킨전문점-본점","permalink":"","username":"asdfg","text":"양이 푸짐해서 여러번 나눠 먹었습니다 잘 먹었습니다","date":"Mon Dec 10 23:59:44 +0000 2018","retweets":"30","favorites":"20","mentions":[],"hashtags":[],"geo":"","raw":"양이 푸짐해서 여러번 나눠 먹었습니다 잘 먹었습니다","polarity":{"com":0.006006006001501502,"pos":0.4775579151193895,"neg":0.4530646718632662,"neut":0.05736540101434135,"none":0.006006006001501502},"intensity":{"high":0.15005630625,"low":0.13014800499999998,"meium":0.713038932,"none":0.00675675675},"expressive":{"dir-action":0.00075075075,"dir-explicit":0.24970506199999998,"dir-speech":0.40893125275000003,"indirect":0.33385617775,"writing-device":0.00675675675}},{"id":"치킨마트두마리치킨전문점-본점","permalink":"","username":"asdfg","text":"정말 맛있고 양도 많고 배달도 빠르네요. 항상 잘 먹고있네요. 번창하세요","date":"Mon Dec 10 23:59:44 +0000 2018","retweets":"30","favorites":"20","mentions":[],"hashtags":[],"geo":"","raw":"정말 맛있고 양도 많고 배달도 빠르네요. 항상 잘 먹고있네요. 번창하세요","polarity":{"com":0.0027649769999999996,"pos":0.7129666732857143,"neg":0.22636746142857142,"neut":0.018192747000000002,"none":0.03970814128571428},"intensity":{"high":0.1445379460206483,"low":0.127010841589573,"meium":0.6884358513840623,"none":0.04001536100571648},"expressive":{"dir-action":0.0009216590001316656,"dir-explicit":0.2939914067562845,"dir-speech":0.434256105490608,"indirect":0.23112268746158898,"writing-device":0.039708141291386875}},{"id":"치킨마트두마리치킨전문점-본점","permalink":"","username":"asdfg","text":"양도 많고 맛있고 자주 이용해야겠네요..사진은 1/3만 접시에 덜어논거예요..","date":"Mon Dec 10 23:59:44 +0000 2018","retweets":"30","favorites":"20","mentions":[],"hashtags":[],"geo":"","raw":"양도 많고 맛있고 자주 이용해야겠네요..사진은 1/3만 접시에 덜어논거예요..","polarity":{"com":0.0038126361666666665,"pos":0.6294875438333334,"neg":0.30716586149999997,"neut":0.0224969215,"none":0.037037037},"intensity":{"high":0.0647200908549067,"low":0.216515108405505,"meium":0.6817277637272426,"none":0.037037037012345675},"expressive":{"dir-action":0,"dir-explicit":0.32333996405389004,"dir-speech":0.40333428056722237,"indirect":0.2330207445388368,"writing-device":0.04030501084005084}},{"id":"치킨마트두마리치킨전문점-본점","permalink":"","username":"asdfg","text":"양많고 감자도 주고 배달도 빨리오고 다 좋은데 간이 너무 쎄네요 너무짜고 달아서 간이 좀만 약하면 훨씬 좋을거같아요","date":"Mon Dec 10 23:59:44 +0000 2018","retweets":"30","favorites":"20","mentions":[],"hashtags":[],"geo":"","raw":"양많고 감자도 주고 배달도 빨리오고 다 좋은데 간이 너무 쎄네요 너무짜고 달아서 간이 좀만 약하면 훨씬 좋을거같아요","polarity":{"com":0.024404761916666667,"pos":0.4254658385,"neg":0.4851966873333333,"neut":0.004813664583333333,"none":0.06011904766666667},"intensity":{"high":0.20626294,"low":0.05144927533333333,"meium":0.6821687369999999,"none":0.06011904766666667},"expressive":{"dir-action":0,"dir-explicit":0.3899068322175078,"dir-speech":0.33121118013906575,"indirect":0.1360248447386646,"writing-device":0.1428571429047619}},{"id":"치킨마트두마리치킨전문점-본점","permalink":"","username":"asdfg","text":"정말 맛있게 먹었습니다. 번창하세요~","date":"Mon Dec 10 23:59:44 +0000 2018","retweets":"30","favorites":"20","mentions":[],"hashtags":[],"geo":"","raw":"정말 맛있게 먹었습니다. 번창하세요~","polarity":{"com":0,"pos":0.5416666665000001,"neg":0.3333333335,"neut":0,"none":0.125},"intensity":{"high":0.3055555555,"low":0.111111111,"meium":0.4583333335,"none":0.125},"expressive":{"dir-action":0,"dir-explicit":0.361111111,"dir-speech":0.513888889,"indirect":0,"writing-device":0.125}},{"id":"치킨마트두마리치킨전문점-본점","permalink":"","username":"asdfg","text":"맛있어서 또 시키는데 오늘은 비가와서 그런지 배달이 좀 느리네용","date":"Mon Dec 10 23:59:44 +0000 2018","retweets":"30","favorites":"20","mentions":[],"hashtags":[],"geo":"","raw":"맛있어서 또 시키는데 오늘은 비가와서 그런지 배달이 좀 느리네용","polarity":{"com":0.05004035513570852,"pos":0.4879222875017254,"neg":0.3554133518063695,"neut":0.004842614999308197,"none":0.10178139055688837},"intensity":{"high":0.0621468925803067,"low":0.04317998386331142,"meium":0.7928917329704132,"none":0.10178139058596877},"expressive":{"dir-action":0,"dir-explicit":0.17581575002511654,"dir-speech":0.6350051886621436,"indirect":0.0669895075809985,"writing-device":0.12218955373174137}},{"id":"치킨마트두마리치킨전문점-본점","permalink":"","username":"asdfg","text":"배송시간메세지 55분 실제배송 80분 치킨은 미지근","date":"Mon Dec 10 23:59:44 +0000 2018","retweets":"30","favorites":"20","mentions":[],"hashtags":[],"geo":"","raw":"배송시간메세지 55분 실제배송 80분 치킨은 미지근","polarity":{"com":0.0056497176666666675,"pos":0.20197740100000003,"neg":0.436440678,"neut":0.011299434999999998,"none":0.3446327683333333},"intensity":{"high":0.11723163837241055,"low":0.04519774001506591,"meium":0.49293785316431266,"none":0.3446327684482109},"expressive":{"dir-action":0,"dir-explicit":0.17372881366666668,"dir-speech":0.35310734466666666,"indirect":0.12853107333333333,"writing-device":0.3446327683333333}},{"id":"치킨마트두마리치킨전문점-본점","permalink":"","username":"asdfg","text":"맛있게 먹었습니다ㅏ","date":"Mon Dec 10 23:59:44 +0000 2018","retweets":"30","favorites":"20","mentions":[],"hashtags":[],"geo":"","raw":"맛있게 먹었습니다ㅏ","polarity":{"com":0,"pos":0.1666666665,"neg":0.8333333334999999,"neut":0,"none":0},"intensity":{"high":0.0555555555,"low":0.111111111,"meium":0.8333333334999999,"none":0},"expressive":{"dir-action":0,"dir-explicit":0.111111111,"dir-speech":0.888888889,"indirect":0,"writing-device":0}},{"id":"치킨마트두마리치킨전문점-본점","permalink":"","username":"asdfg","text":"배달은 다른 음식점이랑 비슷해요 근데 졸맛임;; 진짜맛있음","date":"Mon Dec 10 23:59:44 +0000 2018","retweets":"30","favorites":"20","mentions":[],"hashtags":[],"geo":"","raw":"배달은 다른 음식점이랑 비슷해요 근데 졸맛임;; 진짜맛있음","polarity":{"com":0,"pos":0.5,"neg":0.5,"neut":0,"none":0},"intensity":{"high":0,"low":0,"meium":1,"none":0},"expressive":{"dir-action":0,"dir-explicit":0,"dir-speech":0.75,"indirect":0.25,"writing-device":0}},{"id":"치킨마트두마리치킨전문점-본점","permalink":"","username":"asdfg","text":"잘먹었어요","date":"Mon Dec 10 23:59:44 +0000 2018","retweets":"30","favorites":"20","mentions":[],"hashtags":[],"geo":"","raw":"잘먹었어요","polarity":{"com":0,"pos":0.7142857147142857,"neg":0.21428571421428572,"neut":0.07142857107142857,"none":0},"intensity":{"high":0,"low":0.214285714,"meium":0.785714286,"none":0},"expressive":{"dir-action":0,"dir-explicit":0.214285714,"dir-speech":0.142857143,"indirect":0.642857143,"writing-device":0}},{"id":"치킨마트두마리치킨전문점-본점","permalink":"","username":"asdfg","text":"치킨을 시켰는데 쓰레기가 왔네요 치킨 튀기셨으면 택시라도 타고 바로 가져다 주셔야지 말라 비틀어질때까지 뒀다가 배달 오시는게 어딨습니까 기름 떨이도 제대로 안된 쓰레기 치킨이 다 식어서 역겨운 맛이 났습니다 배달와줄 기사님이 없으면 바로 가져다 줄수 있을때까지 기다렸다 튀겨야 하는거 아닌가요? 그와 별개로 맛도 형편 없었습니다 직접 치킨도 튀겨보고 이곳저곳 많이 먹어봤는데 제 인생 최악의 치킨이네요 2만원 아까워서 꾸역꾸역 5조각 먹고 음식물 쓰레기통에 버렸습니다 간장치킨이 아니라 기름치킨이네요ㅋㅋ우웩 속 안좋아","date":"Mon Dec 10 23:59:44 +0000 2018","retweets":"30","favorites":"20","mentions":[],"hashtags":[],"geo":"","raw":"치킨을 시켰는데 쓰레기가 왔네요 치킨 튀기셨으면 택시라도 타고 바로 가져다 주셔야지 말라 비틀어질때까지 뒀다가 배달 오시는게 어딨습니까 기름 떨이도 제대로 안된 쓰레기 치킨이 다 식어서 역겨운 맛이 났습니다 배달와줄 기사님이 없으면 바로 가져다 줄수 있을때까지 기다렸다 튀겨야 하는거 아닌가요? 그와 별개로 맛도 형편 없었습니다 직접 치킨도 튀겨보고 이곳저곳 많이 먹어봤는데 제 인생 최악의 치킨이네요 2만원 아까워서 꾸역꾸역 5조각 먹고 음식물 쓰레기통에 버렸습니다 간장치킨이 아니라 기름치킨이네요ㅋㅋ우웩 속 안좋아","polarity":{"com":0.006243058145427845,"pos":0.4236210998404458,"neg":0.4020624716728689,"neut":0.05742128279647492,"none":0.11065208754478265},"intensity":{"high":0.1740942335121951,"low":0.09529673195121953,"meium":0.6195691533414633,"none":0.11103988119512197},"expressive":{"dir-action":0.0007540135122319032,"dir-explicit":0.26397906893970624,"dir-speech":0.4330343778260017,"indirect":0.1766660451305691,"writing-device":0.12556649459149108}},{"id":"치킨마트두마리치킨전문점-본점","permalink":"","username":"asdfg","text":"양도 적당하고 맛도 좋았어요","date":"Mon Dec 10 23:59:44 +0000 2018","retweets":"30","favorites":"20","mentions":[],"hashtags":[],"geo":"","raw":"양도 적당하고 맛도 좋았어요","polarity":{"com":0,"pos":0.9733333333333333,"neg":0.013333333333333334,"neut":0,"none":0.013333333333333334},"intensity":{"high":0.06666666666666667,"low":0.013333333333333334,"meium":0.9066666666666666,"none":0.013333333333333334},"expressive":{"dir-action":0,"dir-explicit":0.19999999999999998,"dir-speech":0.39999999999999997,"indirect":0.38666666666666666,"writing-device":0.013333333333333334}},{"id":"치킨마트두마리치킨전문점-본점","permalink":"","username":"asdfg","text":"걍 인생치킨  먹어보셈","date":"Mon Dec 10 23:59:44 +0000 2018","retweets":"30","favorites":"20","mentions":[],"hashtags":[],"geo":"","raw":"걍 인생치킨  먹어보셈","polarity":{"com":0,"pos":0.4166666665,"neg":0.25,"neut":0.0833333335,"none":0.25},"intensity":{"high":0.0833333335,"low":0.25,"meium":0.4166666665,"none":0.25},"expressive":{"dir-action":0,"dir-explicit":0.08333333345833333,"dir-speech":0.3333333333333333,"indirect":0.249999999875,"writing-device":0.3333333333333333}},{"id":"치킨마트두마리치킨전문점-본점","permalink":"","username":"asdfg","text":"맛있었어요~~ 또 시켜먹을게요~♡","date":"Mon Dec 10 23:59:44 +0000 2018","retweets":"30","favorites":"20","mentions":[],"hashtags":[],"geo":"","raw":"맛있었어요~~ 또 시켜먹을게요~♡","polarity":{"com":0,"pos":0.1587301586137566,"neg":0.6984126984338624,"neut":0,"none":0.14285714295238094},"intensity":{"high":0.037037037,"low":0.074074074,"meium":0.746031746,"none":0.142857143},"expressive":{"dir-action":0,"dir-explicit":0.12169312166666667,"dir-speech":0.687830688,"indirect":0,"writing-device":0.19047619033333332}},{"id":"치킨마트두마리치킨전문점-본점","permalink":"","username":"asdfg","text":"맛있는것 같아용 추천해요","date":"Mon Dec 10 23:59:44 +0000 2018","retweets":"30","favorites":"20","mentions":[],"hashtags":[],"geo":"","raw":"맛있는것 같아용 추천해요","polarity":{"com":0,"pos":0.36363636354545453,"neg":0.45454545451515155,"neut":0.030303030323232324,"none":0.15151515161616164},"intensity":{"high":0.16666666666666666,"low":0,"meium":0.6818181816666667,"none":0.15151515166666665},"expressive":{"dir-action":0,"dir-explicit":0.09090909096969697,"dir-speech":0.3939393938686869,"indirect":0.36363636354545453,"writing-device":0.15151515161616164}},{"id":"치킨마트두마리치킨전문점-본점","permalink":"","username":"asdfg","text":"처음 시켰는데 양도 맛도 기대이상이라서 만족합니다.","date":"Mon Dec 10 23:59:44 +0000 2018","retweets":"30","favorites":"20","mentions":[],"hashtags":[],"geo":"","raw":"처음 시켰는데 양도 맛도 기대이상이라서 만족합니다.","polarity":{"com":0.03314659199337068,"pos":0.5628384686874323,"neg":0.31269841273746035,"neut":0.01830065359633987,"none":0.07301587298539682},"intensity":{"high":0.05049019601009805,"low":0.01633986920326798,"meium":0.8601540617720309,"none":0.07301587301460319},"expressive":{"dir-action":0,"dir-explicit":0.4908029879018394,"dir-speech":0.3262371615347526,"indirect":0.10602240897879552,"writing-device":0.0769374415846125}},{"id":"치킨마트두마리치킨전문점-본점","permalink":"","username":"asdfg","text":"인생 치킨집을 드디어 찾았습니다","date":"Mon Dec 10 23:59:44 +0000 2018","retweets":"30","favorites":"20","mentions":[],"hashtags":[],"geo":"","raw":"인생 치킨집을 드디어 찾았습니다","polarity":{"com":0,"pos":0.3333333333333333,"neg":0.3333333333333333,"neut":0,"none":0.3333333333333333},"intensity":{"high":0,"low":0.22222222233333333,"meium":0.44444444433333335,"none":0.3333333333333333},"expressive":{"dir-action":0,"dir-explicit":0,"dir-speech":0.5,"indirect":0.16666666666666666,"writing-device":0.3333333333333333}},{"id":"치킨마트두마리치킨전문점-본점","permalink":"","username":"asdfg","text":"후라이드는 바삭하고 갈릭은 소스가 맛있었어용","date":"Mon Dec 10 23:59:44 +0000 2018","retweets":"30","favorites":"20","mentions":[],"hashtags":[],"geo":"","raw":"후라이드는 바삭하고 갈릭은 소스가 맛있었어용","polarity":{"com":0.011575137252893783,"pos":0.3514864715878716,"neg":0.48346077687086525,"neut":0.06961476501740368,"none":0.08386284927096573},"intensity":{"high":0.10227444050000001,"low":0.15181702425,"meium":0.65693997975,"none":0.0889685555},"expressive":{"dir-action":0.0028735632507183905,"dir-explicit":0.24145903506036473,"dir-speech":0.4880704511220176,"indirect":0.17114515779278627,"writing-device":0.09645179277411293}},{"id":"치킨마트두마리치킨전문점-본점","permalink":"","username":"asdfg","text":"맛이 좀 그러네요.....","date":"Mon Dec 10 23:59:44 +0000 2018","retweets":"30","favorites":"20","mentions":[],"hashtags":[],"geo":"","raw":"맛이 좀 그러네요.....","polarity":{"com":0,"pos":1,"neg":0,"neut":0,"none":0},"intensity":{"high":0,"low":0,"meium":1,"none":0},"expressive":{"dir-action":0,"dir-explicit":0.2,"dir-speech":0.8,"indirect":0,"writing-device":0}},{"id":"치킨마트두마리치킨전문점-본점","permalink":"","username":"asdfg","text":"양이 많긴한데 너무 조각조각나있어서 먹기불편...","date":"Mon Dec 10 23:59:44 +0000 2018","retweets":"30","favorites":"20","mentions":[],"hashtags":[],"geo":"","raw":"양이 많긴한데 너무 조각조각나있어서 먹기불편...","polarity":{"com":0,"pos":0.60973084875,"neg":0.379399586,"neut":0.01086956525,"none":0},"intensity":{"high":0.11085231177771308,"low":0.23490338155872584,"meium":0.654244306663561,"none":0},"expressive":{"dir-action":0,"dir-explicit":0.23956176655989042,"dir-speech":0.2845065563211266,"indirect":0.47593167711898293,"writing-device":0}},{"id":"치킨마트두마리치킨전문점-본점","permalink":"","username":"asdfg","text":"양념치킨은 달달한 맛이예요~ \n소스 많이 달라고 했더니 찰랑찰랑하게 많이주셔서 좋아요~^^ \n배달은 금요일이라 그런지 예상시간 50분이 다 걸리긴 했어요\n그래도 맛있어서 괜찮아요~^^","date":"Mon Dec 10 23:59:44 +0000 2018","retweets":"30","favorites":"20","mentions":[],"hashtags":[],"geo":"","raw":"양념치킨은 달달한 맛이예요~ \n소스 많이 달라고 했더니 찰랑찰랑하게 많이주셔서 좋아요~^^ \n배달은 금요일이라 그런지 예상시간 50분이 다 걸리긴 했어요\n그래도 맛있어서 괜찮아요~^^","polarity":{"com":0.004644233062499999,"pos":0.4397653992499999,"neg":0.3970256779999999,"neut":0.03887100474999999,"none":0.11969368493749998},"intensity":{"high":0.08693841749999999,"low":0.1238622763125,"meium":0.6673504488124999,"none":0.12184885737500001},"expressive":{"dir-action":0.0021551724380387935,"dir-explicit":0.22269575668067396,"dir-speech":0.5072453101893113,"indirect":0.1327943492831986,"writing-device":0.13510941140877739}},{"id":"치킨마트두마리치킨전문점-본점","permalink":"","username":"asdfg","text":"맛있어요 갈릭 추천","date":"Mon Dec 10 23:59:44 +0000 2018","retweets":"30","favorites":"20","mentions":[],"hashtags":[],"geo":"","raw":"맛있어요 갈릭 추천","polarity":{"com":0,"pos":0.3333333335,"neg":0.5,"neut":0.1666666665,"none":0},"intensity":{"high":0.1666666665,"low":0,"meium":0.8333333334999999,"none":0},"expressive":{"dir-action":0,"dir-explicit":0.1666666665,"dir-speech":0.5,"indirect":0.3333333335,"writing-device":0}},{"id":"치킨마트두마리치킨전문점-본점","permalink":"","username":"asdfg","text":"축구 하는 날이라 그런가 주문을 했는데 65분이라녀ㅠㅠ배달이 느려용 배고파서 돌아가시는 줄 알았네여\n그래도 양 많고 진짜 맛있어서 좋았습니다~ㅎ","date":"Mon Dec 10 23:59:44 +0000 2018","retweets":"30","favorites":"20","mentions":[],"hashtags":[],"geo":"","raw":"축구 하는 날이라 그런가 주문을 했는데 65분이라녀ㅠㅠ배달이 느려용 배고파서 돌아가시는 줄 알았네여\n그래도 양 많고 진짜 맛있어서 좋았습니다~ㅎ","polarity":{"com":0.04962402936363635,"pos":0.4173275839090909,"neg":0.4261448064545455,"neut":0.024810233,"none":0.08209334727272727},"intensity":{"high":0.10468535781818183,"low":0.15987553463636364,"meium":0.6512558960909091,"none":0.08418321145454545},"expressive":{"dir-action":0.002089864182578132,"dir-explicit":0.3132011089320732,"dir-speech":0.38917502032333634,"indirect":0.11447944476890161,"writing-device":0.18105456179311077}},{"id":"치킨마트두마리치킨전문점-본점","permalink":"","username":"asdfg","text":"맛정말좋았고 양도 많았습니다 하지만 배달은 약간아쉽네요","date":"Mon Dec 10 23:59:44 +0000 2018","retweets":"30","favorites":"20","mentions":[],"hashtags":[],"geo":"","raw":"맛정말좋았고 양도 많았습니다 하지만 배달은 약간아쉽네요","polarity":{"com":0,"pos":0.6622608696000001,"neg":0.3210434782,"neut":0.008695652199999999,"none":0.008},"intensity":{"high":0.09217391301843479,"low":0.05147826081029565,"meium":0.8483478261696696,"none":0.0080000000016},"expressive":{"dir-action":0,"dir-explicit":0.22434782604486955,"dir-speech":0.4834782608966956,"indirect":0.2841739130568348,"writing-device":0.0080000000016}},{"id":"치킨마트두마리치킨전문점-본점","permalink":"","username":"asdfg","text":"우와...눈꽃치즈.. 가루를 아주 듬뿍듬뿍 이건 혜자네요. 거기에 순상양이 어마어마 하네요. 맛도 끝내주고... 왜 이제야 이런곳을 알았는지... 항상 번창하세요. 최고네요!!","date":"Mon Dec 10 23:59:44 +0000 2018","retweets":"30","favorites":"20","mentions":[],"hashtags":[],"geo":"","raw":"우와...눈꽃치즈.. 가루를 아주 듬뿍듬뿍 이건 혜자네요. 거기에 순상양이 어마어마 하네요. 맛도 끝내주고... 왜 이제야 이런곳을 알았는지... 항상 번창하세요. 최고네요!!","polarity":{"com":0.012914790001291478,"pos":0.5123813812512381,"neg":0.2915614737291562,"neut":0.13770314671377032,"none":0.04543920830454392},"intensity":{"high":0.23994410672399444,"low":0.057744285805774426,"meium":0.6550673914655066,"none":0.04724421600472442},"expressive":{"dir-action":0.0035090006,"dir-explicit":0.32022000640000003,"dir-speech":0.40907359559999995,"indirect":0.2152716577,"writing-device":0.05192573970000001}},{"id":"치킨마트두마리치킨전문점-본점","permalink":"","username":"asdfg","text":"눈꽃치즈와 갈릭을 시켰는데 갈릭은 평소와 같이 맛있고 양도 많았어요!^^\n하지만 치즈에서 약간 탄맛이 나서 제대로 못먹었네요ㅠ\n그래도 맛있고 양도 많으니 다음에도 주문하겠습니다!\n번창하세요^^","date":"Mon Dec 10 23:59:44 +0000 2018","retweets":"30","favorites":"20","mentions":[],"hashtags":[],"geo":"","raw":"눈꽃치즈와 갈릭을 시켰는데 갈릭은 평소와 같이 맛있고 양도 많았어요!^^\n하지만 치즈에서 약간 탄맛이 나서 제대로 못먹었네요ㅠ\n그래도 맛있고 양도 많으니 다음에도 주문하겠습니다!\n번창하세요^^","polarity":{"com":0.005987336357142858,"pos":0.4162570442142858,"neg":0.5136500397857142,"neut":0.025924466928571425,"none":0.03818111271428571},"intensity":{"high":0.1335387073857583,"low":0.12523256731254984,"meium":0.702740392864873,"none":0.03848833243681892},"expressive":{"dir-action":0.0019941600718558915,"dir-explicit":0.23189468533540603,"dir-speech":0.49683132339217806,"indirect":0.23117992212096714,"writing-device":0.038099909079592834}},{"id":"치킨마트두마리치킨전문점-본점","permalink":"","username":"asdfg","text":"싱겁구 같이오는 소금이나 머스터드도없이 치킨무만와서 아쉽네요ㅜㅜ\n그거빼면 먹을만하구 양두많아요","date":"Mon Dec 10 23:59:44 +0000 2018","retweets":"30","favorites":"20","mentions":[],"hashtags":[],"geo":"","raw":"싱겁구 같이오는 소금이나 머스터드도없이 치킨무만와서 아쉽네요ㅜㅜ\n그거빼면 먹을만하구 양두많아요","polarity":{"com":0.0008928571251116072,"pos":0.38980132179872523,"neg":0.424223602553028,"neut":0.07613075325951636,"none":0.10895146526361896},"intensity":{"high":0.18134190689766774,"low":0.13814766139226844,"meium":0.5715589664464449,"none":0.10895146526361893},"expressive":{"dir-action":0,"dir-explicit":0.145055608625,"dir-speech":0.38144741725,"indirect":0.36864349425,"writing-device":0.104853479875}},{"id":"치킨마트두마리치킨전문점-본점","permalink":"","username":"asdfg","text":"애들이 먹고싶다해서 시켰는데 맛 있다고 하네요~","date":"Mon Dec 10 23:59:44 +0000 2018","retweets":"30","favorites":"20","mentions":[],"hashtags":[],"geo":"","raw":"애들이 먹고싶다해서 시켰는데 맛 있다고 하네요~","polarity":{"com":0.010765102,"pos":0.4150792444000001,"neg":0.44902526720000013,"neut":0.04520735220000001,"none":0.0799230342},"intensity":{"high":0.06712238598657552,"low":0.07700643078459872,"meium":0.770469390645906,"none":0.08540179258291965},"expressive":{"dir-action":0.0054787584032872545,"dir-explicit":0.1471871992883123,"dir-speech":0.4377639374626584,"indirect":0.31497291018898377,"writing-device":0.09459719465675832}},{"id":"치킨마트두마리치킨전문점-본점","permalink":"","username":"asdfg","text":"맛있어요!! 근데 순살 시켰는데 젓가랏이나 이쑤시개가 없어서 좀 아쉬웠어요ㅠㅠㅠ 다음엔 넣어주셨으면 좋겠어요!!","date":"Mon Dec 10 23:59:44 +0000 2018","retweets":"30","favorites":"20","mentions":[],"hashtags":[],"geo":"","raw":"맛있어요!! 근데 순살 시켰는데 젓가랏이나 이쑤시개가 없어서 좀 아쉬웠어요ㅠㅠㅠ 다음엔 넣어주셨으면 좋겠어요!!","polarity":{"com":0,"pos":0.439404761875,"neg":0.450436508,"neut":0.081349206375,"none":0.02880952375},"intensity":{"high":0.049801587375000005,"low":0.048650793625,"meium":0.87273809525,"none":0.028809523750000003},"expressive":{"dir-action":0,"dir-explicit":0.2767857143404018,"dir-speech":0.5791666666776042,"indirect":0.11325396823584324,"writing-device":0.030793650746150796}},{"id":"치킨마트두마리치킨전문점-본점","permalink":"","username":"asdfg","text":"서울과기대생이 인정하는 치킨집 솔직히 두마리치킨 퀄리티가아니다 존맛 존바삭 존탱구리 \n머스타드가 없다는게 살짝 아쉽긴 하지만 그래도 다른거로 커버가능한 맛","date":"Mon Dec 10 23:59:44 +0000 2018","retweets":"30","favorites":"20","mentions":[],"hashtags":[],"geo":"","raw":"서울과기대생이 인정하는 치킨집 솔직히 두마리치킨 퀄리티가아니다 존맛 존바삭 존탱구리 \n머스타드가 없다는게 살짝 아쉽긴 하지만 그래도 다른거로 커버가능한 맛","polarity":{"com":0.005681659927759763,"pos":0.4441281158651246,"neg":0.4590639562915623,"neut":0.06469293320504386,"none":0.026433334710509522},"intensity":{"high":0.07248274121428573,"low":0.07967244785714286,"meium":0.8194844298571429,"none":0.02836038107142857},"expressive":{"dir-action":0.0015965108572568937,"dir-explicit":0.25016020108929715,"dir-speech":0.38329461417023536,"indirect":0.33573762173826693,"writing-device":0.029211052144943652}},{"id":"치킨마트두마리치킨전문점-본점","permalink":"","username":"asdfg","text":"양도굿 😋맛도굿😍","date":"Mon Dec 10 23:59:44 +0000 2018","retweets":"30","favorites":"20","mentions":[],"hashtags":[],"geo":"","raw":"양도굿 😋맛도굿😍","polarity":{"com":0,"pos":1,"neg":0,"neut":0,"none":0},"intensity":{"high":0,"low":0,"meium":1,"none":0},"expressive":{"dir-action":0,"dir-explicit":0,"dir-speech":0.3333333333333333,"indirect":0.6666666666666666,"writing-device":0}},{"id":"치킨마트두마리치킨전문점-본점","permalink":"","username":"asdfg","text":"간장양념 넘 맘에 드네요. 후라이드도 깔끔하고~\n아이들하고 맛있게 잘 먹었습니다.\n가격대비 대만족입니다~  ^^","date":"Mon Dec 10 23:59:44 +0000 2018","retweets":"30","favorites":"20","mentions":[],"hashtags":[],"geo":"","raw":"간장양념 넘 맘에 드네요. 후라이드도 깔끔하고~\n아이들하고 맛있게 잘 먹었습니다.\n가격대비 대만족입니다~  ^^","polarity":{"com":0.00900711633483452,"pos":0.440181778406697,"neg":0.40210925223368493,"neut":0.03504176433917363,"none":0.11366008868561002},"intensity":{"high":0.06407037284401174,"low":0.106202000184367,"meium":0.7155670377859279,"none":0.11416058918569343},"expressive":{"dir-action":0.0005005004999165834,"dir-explicit":0.21224501813129254,"dir-speech":0.3844983637692503,"indirect":0.2865180307855803,"writing-device":0.11623808681396033}},{"id":"치킨마트두마리치킨전문점-본점","permalink":"","username":"asdfg","text":"순살인데 양도 많고 맛도 좋네요 한가지 아쉬운거면 빠뜨렸는지 원래 없는건지 몰라도 보통 후라이드 치킨류에는 머스타드 소스나 소금을 주는데 없네여 ㅎㅎ; \n싸고 양 많아서 자주 이용하게 될거 같습니다","date":"Mon Dec 10 23:59:44 +0000 2018","retweets":"30","favorites":"20","mentions":[],"hashtags":[],"geo":"","raw":"순살인데 양도 많고 맛도 좋네요 한가지 아쉬운거면 빠뜨렸는지 원래 없는건지 몰라도 보통 후라이드 치킨류에는 머스타드 소스나 소금을 주는데 없네여 ㅎㅎ; \n싸고 양 많아서 자주 이용하게 될거 같습니다","polarity":{"com":0.005518573882028319,"pos":0.4844108886185641,"neg":0.39634238050609755,"neut":0.03800702905658782,"none":0.0757211279367223},"intensity":{"high":0.09743589824102565,"low":0.20942654489467216,"meium":0.6172899266833699,"none":0.07584763018093223},"expressive":{"dir-action":0.0003795066470811474,"dir-explicit":0.22884974554287352,"dir-speech":0.4006291513765075,"indirect":0.23034263607237307,"writing-device":0.13979896036116463}},{"id":"치킨마트두마리치킨전문점-본점","permalink":"","username":"asdfg","text":"순살을 시켰었는데ㅎㅎ 바삭한 느낌이 강했고 양념은 맛있네요ㅎ","date":"Mon Dec 10 23:59:44 +0000 2018","retweets":"30","favorites":"20","mentions":[],"hashtags":[],"geo":"","raw":"순살을 시켰었는데ㅎㅎ 바삭한 느낌이 강했고 양념은 맛있네요ㅎ","polarity":{"com":0.0071108515,"pos":0.61944282075,"neg":0.29040522125,"neut":0.0257159555,"none":0.057325151},"intensity":{"high":0.054159361,"low":0.1655075005,"meium":0.7201344242500001,"none":0.06019871425},"expressive":{"dir-action":0.002873563250718391,"dir-explicit":0.15802649528950663,"dir-speech":0.4432787843608197,"indirect":0.3298753165824688,"writing-device":0.06594584051648647}},{"id":"치킨마트두마리치킨전문점-본점","permalink":"","username":"asdfg","text":"꿀맛 담날되도맛나는 취킨","date":"Mon Dec 10 23:59:44 +0000 2018","retweets":"30","favorites":"20","mentions":[],"hashtags":[],"geo":"","raw":"꿀맛 담날되도맛나는 취킨","polarity":{"com":0.25357142850000003,"pos":0.10714285700000001,"neg":0.41428571450000007,"neut":0.007142857000000001,"none":0.21785714300000003},"intensity":{"high":0.0714285715,"low":0.057142857,"meium":0.6535714285,"none":0.217857143},"expressive":{"dir-action":0,"dir-explicit":0.34285714282857144,"dir-speech":0.3999999998,"indirect":0.042857142978571426,"writing-device":0.21428571439285712}},{"id":"치킨마트두마리치킨전문점-본점","permalink":"","username":"asdfg","text":"대박 처음시켜먹는데 가격대비 엄청맛있고 좋았어요\n후라이드는 바삭바삭하고 ㅠㅠ 양념도 익숙한맛이 참 ㅠㅠ 치킨의 표본인거같아요 굿굿 자주시켜먹어야지","date":"Mon Dec 10 23:59:44 +0000 2018","retweets":"30","favorites":"20","mentions":[],"hashtags":[],"geo":"","raw":"대박 처음시켜먹는데 가격대비 엄청맛있고 좋았어요\n후라이드는 바삭바삭하고 ㅠㅠ 양념도 익숙한맛이 참 ㅠㅠ 치킨의 표본인거같아요 굿굿 자주시켜먹어야지","polarity":{"com":0.012842237561697356,"pos":0.5666577346520839,"neg":0.35814374554011597,"neut":0.01951275343628045,"none":0.04284352880982227},"intensity":{"high":0.12526696048434163,"low":0.07329200274083848,"meium":0.757879117155265,"none":0.043561919619554766},"expressive":{"dir-action":0.0041906130625,"dir-explicit":0.230539774375,"dir-speech":0.4389222930625,"indirect":0.216631064625,"writing-device":0.109716254875}},{"id":"치킨마트두마리치킨전문점-본점","permalink":"","username":"asdfg","text":"맛은 그냥...평범한 가격대가 있으니 가성비했어요^_^!! 양은 진짜 둘이서 이틀동안 먹었네요 정말 대박 ㅠㅠㅋㅋㅋㅋㅋ 간장치킨은 진짜맛잇는데 양념치킨은 고추장맛이 좀 과했어요!! 그거만빼면 진짜 최고에요!!! 그래도 저렴한 가격에 맛있는 치킨 보내주셔서 정말정말 감사합니다 맛있게 잘먹었습니다 ㅎㅎ 감사합니다 ㅎㅎ","date":"Mon Dec 10 23:59:44 +0000 2018","retweets":"30","favorites":"20","mentions":[],"hashtags":[],"geo":"","raw":"맛은 그냥...평범한 가격대가 있으니 가성비했어요^_^!! 양은 진짜 둘이서 이틀동안 먹었네요 정말 대박 ㅠㅠㅋㅋㅋㅋㅋ 간장치킨은 진짜맛잇는데 양념치킨은 고추장맛이 좀 과했어요!! 그거만빼면 진짜 최고에요!!! 그래도 저렴한 가격에 맛있는 치킨 보내주셔서 정말정말 감사합니다 맛있게 잘먹었습니다 ㅎㅎ 감사합니다 ㅎㅎ","polarity":{"com":0.006017423541917392,"pos":0.63784025048491,"neg":0.28918427901204935,"neut":0.030613810626275578,"none":0.03634423633484768},"intensity":{"high":0.2224937149630195,"low":0.07360565872366785,"meium":0.6670684997639726,"none":0.03683212654934003},"expressive":{"dir-action":0.000846313125,"dir-explicit":0.17274365079166665,"dir-speech":0.5438459674166667,"indirect":0.24591115362500002,"writing-device":0.03665291504166667}},{"id":"치킨마트두마리치킨전문점-본점","permalink":"","username":"asdfg","text":"그냥그래요 싼마이로 잘먹엇어요","date":"Mon Dec 10 23:59:44 +0000 2018","retweets":"30","favorites":"20","mentions":[],"hashtags":[],"geo":"","raw":"그냥그래요 싼마이로 잘먹엇어요","polarity":{"com":0,"pos":0.5,"neg":0.5,"neut":0,"none":0},"intensity":{"high":0,"low":0,"meium":1,"none":0},"expressive":{"dir-action":0,"dir-explicit":0.5,"dir-speech":0.5,"indirect":0,"writing-device":0}},{"id":"치킨마트두마리치킨전문점-본점","permalink":"","username":"asdfg","text":"소스가 좀 과한감이 없지않아있었지만 맛있네요","date":"Mon Dec 10 23:59:44 +0000 2018","retweets":"30","favorites":"20","mentions":[],"hashtags":[],"geo":"","raw":"소스가 좀 과한감이 없지않아있었지만 맛있네요","polarity":{"com":0.0059523810000000005,"pos":0.13690476199999999,"neg":0.8214285713333334,"neut":0.02678571433333334,"none":0.008928571333333335},"intensity":{"high":0.053571428666666664,"low":0.03571428566666666,"meium":0.8988095236666666,"none":0.011904761999999998},"expressive":{"dir-action":0,"dir-explicit":0.4583333333333333,"dir-speech":0.4375,"indirect":0.09523809533333333,"writing-device":0.008928571333333333}}]