[{"id":"마미쿡-묵동자이점","permalink":"","username":"asdfg","text":"항상 잘 먹고 있습니다.","date":"Mon Dec 10 23:59:44 +0000 2018","retweets":"30","favorites":"20","mentions":[],"hashtags":[],"geo":"","raw":"항상 잘 먹고 있습니다.","polarity":{"com":0,"pos":0.6666666665000001,"neg":0.3333333335,"neut":0,"none":0},"intensity":{"high":0.0555555555,"low":0.111111111,"meium":0.8333333334999999,"none":0},"expressive":{"dir-action":0,"dir-explicit":0.361111111,"dir-speech":0.638888889,"indirect":0,"writing-device":0}},{"id":"마미쿡-묵동자이점","permalink":"","username":"asdfg","text":"배달 전 문자서비스는 정말 좋았습니다.\n맛도 양도 푸짐. 맛있었어요.","date":"Mon Dec 10 23:59:44 +0000 2018","retweets":"30","favorites":"20","mentions":[],"hashtags":[],"geo":"","raw":"배달 전 문자서비스는 정말 좋았습니다.\n맛도 양도 푸짐. 맛있었어요.","polarity":{"com":0.018181818199999995,"pos":0.8681818182,"neg":0.05454545459999999,"neut":0,"none":0.05909090899999999},"intensity":{"high":0.10909090902181819,"low":0.22727272724545455,"meium":0.6045454547209091,"none":0.05909090901181818},"expressive":{"dir-action":0,"dir-explicit":0.1545454546,"dir-speech":0.4681818182,"indirect":0.31818181819999997,"writing-device":0.059090909000000004}},{"id":"마미쿡-묵동자이점","permalink":"","username":"asdfg","text":"치킨은 일본식 가라아게 느낌이었고 전체적으로 맛있었습니다","date":"Mon Dec 10 23:59:44 +0000 2018","retweets":"30","favorites":"20","mentions":[],"hashtags":[],"geo":"","raw":"치킨은 일본식 가라아게 느낌이었고 전체적으로 맛있었습니다","polarity":{"com":0.00423728825,"pos":0.33443759625,"neg":0.5761941447500001,"neut":0.053929121749999996,"none":0.031201848999999997},"intensity":{"high":0.04815100151203775,"low":0.1793528505448382,"meium":0.7412942989353236,"none":0.03120184900780046},"expressive":{"dir-action":0,"dir-explicit":0.11779661025,"dir-speech":0.794375963,"indirect":0.056625577749999996,"writing-device":0.031201848999999997}},{"id":"마미쿡-묵동자이점","permalink":"","username":"asdfg","text":"배달도 빠르고 출발문자도 보내주셔서 좋아요\n순살치킨도 바삭하니 맛있고 버거들도 소스까지 다 맛있네요. 서비스로 받은 너겟도 푸짐해서 좋았어요. 딱 한가지 아쉬운건 버거패티가 조금만 더 두터웠으면 좋겠어요","date":"Mon Dec 10 23:59:44 +0000 2018","retweets":"30","favorites":"20","mentions":[],"hashtags":[],"geo":"","raw":"배달도 빠르고 출발문자도 보내주셔서 좋아요\n순살치킨도 바삭하니 맛있고 버거들도 소스까지 다 맛있네요. 서비스로 받은 너겟도 푸짐해서 좋았어요. 딱 한가지 아쉬운건 버거패티가 조금만 더 두터웠으면 좋겠어요","polarity":{"com":0.00499155547642817,"pos":0.47821754497515323,"neg":0.33434847625401665,"neut":0.018203993715152574,"none":0.16423842957924947},"intensity":{"high":0.1076624549098887,"low":0.11459885019593329,"meium":0.6102202475528676,"none":0.1675184473413104},"expressive":{"dir-action":0.0006903455237437766,"dir-explicit":0.2284635542163368,"dir-speech":0.3592907045848295,"indirect":0.24501526635761756,"writing-device":0.16654012931747234}},{"id":"마미쿡-묵동자이점","permalink":"","username":"asdfg","text":"배달빠르구 가성비 짱짱맨","date":"Mon Dec 10 23:59:44 +0000 2018","retweets":"30","favorites":"20","mentions":[],"hashtags":[],"geo":"","raw":"배달빠르구 가성비 짱짱맨","polarity":{"com":0,"pos":0.590909091,"neg":0.2727272725,"neut":0.090909091,"none":0.0454545455},"intensity":{"high":0.0454545455,"low":0.090909091,"meium":0.818181818,"none":0.0454545455},"expressive":{"dir-action":0,"dir-explicit":0,"dir-speech":0.909090909,"indirect":0.0454545455,"writing-device":0.0454545455}},{"id":"마미쿡-묵동자이점","permalink":"","username":"asdfg","text":"버거 맛은있었습니다 \n포장지 기름으로 범벅+소스 다 질질새서옴  짜증났습니다 감자튀김 3개먹고버렸습니다 \n처음시켜보는데 다음번엔 안시켜먹습니다.","date":"Mon Dec 10 23:59:44 +0000 2018","retweets":"30","favorites":"20","mentions":[],"hashtags":[],"geo":"","raw":"버거 맛은있었습니다 \n포장지 기름으로 범벅+소스 다 질질새서옴  짜증났습니다 감자튀김 3개먹고버렸습니다 \n처음시켜보는데 다음번엔 안시켜먹습니다.","polarity":{"com":0.021683673425473757,"pos":0.4498299317928814,"neg":0.36139455794837216,"neut":0.040816326565597666,"none":0.12627551026767492},"intensity":{"high":0.15036848069280448,"low":0.07114512470412211,"meium":0.6522108843353984,"none":0.12627551026767492},"expressive":{"dir-action":0,"dir-explicit":0.26502267563856496,"dir-speech":0.5321712018479511,"indirect":0.04081632655976676,"writing-device":0.16198979595371718}},{"id":"마미쿡-묵동자이점","permalink":"","username":"asdfg","text":"맛있게 잘 먹었습니다^^\n소스가 맛있어요^^","date":"Mon Dec 10 23:59:44 +0000 2018","retweets":"30","favorites":"20","mentions":[],"hashtags":[],"geo":"","raw":"맛있게 잘 먹었습니다^^\n소스가 맛있어요^^","polarity":{"com":0.005952381001984127,"pos":0.375000000125,"neg":0.5595238095198414,"neut":0.050595238016865086,"none":0.008928571336309523},"intensity":{"high":0.053571428666666664,"low":0.10714285699999998,"meium":0.8273809523333333,"none":0.011904761999999998},"expressive":{"dir-action":0,"dir-explicit":0.19642857133333333,"dir-speech":0.4851190476666667,"indirect":0.30952380966666665,"writing-device":0.008928571333333333}},{"id":"마미쿡-묵동자이점","permalink":"","username":"asdfg","text":"먹을만하게 먹었어요~","date":"Mon Dec 10 23:59:44 +0000 2018","retweets":"30","favorites":"20","mentions":[],"hashtags":[],"geo":"","raw":"먹을만하게 먹었어요~","polarity":{"com":0,"pos":0.333333333,"neg":0.666666667,"neut":0,"none":0},"intensity":{"high":0.111111111,"low":0.222222222,"meium":0.666666667,"none":0},"expressive":{"dir-action":0,"dir-explicit":0.222222222,"dir-speech":0.777777778,"indirect":0,"writing-device":0}},{"id":"마미쿡-묵동자이점","permalink":"","username":"asdfg","text":"처음 주문해봤는데 진짜 너무 맛있어요.. 배달 햄버거 먹어본중에 출발했다고 문자도 주시고 이렇게 뜨겁게 배달온건 처음인듯;; 너겟도 뜨끈뜨끈 버거도 뜨끈 감자튀김도 뜨끈ㅜㅜㅋㅋㅋ 정말 맛있게 잘 먹었습니다!! 햄버거를 자주 먹진 않지만 먹게되면 또 주문하게될거같아요~!! 글고 음료컵 넘 귀여워요ㅋㅋㅋ","date":"Mon Dec 10 23:59:44 +0000 2018","retweets":"30","favorites":"20","mentions":[],"hashtags":[],"geo":"","raw":"처음 주문해봤는데 진짜 너무 맛있어요.. 배달 햄버거 먹어본중에 출발했다고 문자도 주시고 이렇게 뜨겁게 배달온건 처음인듯;; 너겟도 뜨끈뜨끈 버거도 뜨끈 감자튀김도 뜨끈ㅜㅜㅋㅋㅋ 정말 맛있게 잘 먹었습니다!! 햄버거를 자주 먹진 않지만 먹게되면 또 주문하게될거같아요~!! 글고 음료컵 넘 귀여워요ㅋㅋㅋ","polarity":{"com":0.02439740409924182,"pos":0.3765251671074957,"neg":0.4254932640300873,"neut":0.05555409002490445,"none":0.1180300747382707},"intensity":{"high":0.10604913346813115,"low":0.11374350477741468,"meium":0.6619548175638682,"none":0.11825254419058587},"expressive":{"dir-action":0.0011066790686602263,"dir-explicit":0.2555432513432984,"dir-speech":0.3955473552701938,"indirect":0.18629645415550442,"writing-device":0.16150626016234312}},{"id":"마미쿡-묵동자이점","permalink":"","username":"asdfg","text":"마미쿡 맛있어용!~~","date":"Mon Dec 10 23:59:44 +0000 2018","retweets":"30","favorites":"20","mentions":[],"hashtags":[],"geo":"","raw":"마미쿡 맛있어용!~~","polarity":{"com":0,"pos":0,"neg":1,"neut":0,"none":0},"intensity":{"high":0,"low":0,"meium":1,"none":0},"expressive":{"dir-action":0,"dir-explicit":0,"dir-speech":1,"indirect":0,"writing-device":0}},{"id":"마미쿡-묵동자이점","permalink":"","username":"asdfg","text":"맛있게 먹었습니다! 배달도 예상시간보다 빠르고 대만족!👍","date":"Mon Dec 10 23:59:44 +0000 2018","retweets":"30","favorites":"20","mentions":[],"hashtags":[],"geo":"","raw":"맛있게 먹었습니다! 배달도 예상시간보다 빠르고 대만족!👍","polarity":{"com":0,"pos":0.5666666666,"neg":0.43333333339999996,"neut":0,"none":0},"intensity":{"high":0.07222222219999999,"low":0.111111111,"meium":0.8166666668,"none":0},"expressive":{"dir-action":0,"dir-explicit":0.1944444444,"dir-speech":0.5555555556,"indirect":0.25,"writing-device":0}},{"id":"마미쿡-묵동자이점","permalink":"","username":"asdfg","text":"양도 많고 맛도 있어용","date":"Mon Dec 10 23:59:44 +0000 2018","retweets":"30","favorites":"20","mentions":[],"hashtags":[],"geo":"","raw":"양도 많고 맛도 있어용","polarity":{"com":0.0029761903333333332,"pos":0.576863354,"neg":0.24197722566666668,"neut":0.026397515666666666,"none":0.15178571433333335},"intensity":{"high":0.10183747403394582,"low":0.09032091103010696,"meium":0.6560559005520186,"none":0.15178571438392857},"expressive":{"dir-action":0,"dir-explicit":0.23938923374646306,"dir-speech":0.47424948249141646,"indirect":0.13457556937819184,"writing-device":0.15178571438392857}},{"id":"마미쿡-묵동자이점","permalink":"","username":"asdfg","text":"배달도빠르고 맛도좋고 친절하셔서 good","date":"Mon Dec 10 23:59:44 +0000 2018","retweets":"30","favorites":"20","mentions":[],"hashtags":[],"geo":"","raw":"배달도빠르고 맛도좋고 친절하셔서 good","polarity":{"com":0.0038709677999999997,"pos":0.8872258064,"neg":0.0785376344,"neut":0.0167741936,"none":0.013591397799999998},"intensity":{"high":0.0679569892,"low":0.097892473,"meium":0.8201290324,"none":0.0140215054},"expressive":{"dir-action":0.0012903226,"dir-explicit":0.182795699,"dir-speech":0.4989247312000001,"indirect":0.3033978494,"writing-device":0.013591397799999998}},{"id":"마미쿡-묵동자이점","permalink":"","username":"asdfg","text":"포장도 깔끔하게 되어서 왔어요~\n맛 별 하나 깎은 건 포테이토가 너무 짜서요 ㅠ\n버거, 강정은 훌륭합니다~\n맛있게 잘 먹었습니다.","date":"Mon Dec 10 23:59:44 +0000 2018","retweets":"30","favorites":"20","mentions":[],"hashtags":[],"geo":"","raw":"포장도 깔끔하게 되어서 왔어요~\n맛 별 하나 깎은 건 포테이토가 너무 짜서요 ㅠ\n버거, 강정은 훌륭합니다~\n맛있게 잘 먹었습니다.","polarity":{"com":0.013945811798605419,"pos":0.5779944490422004,"neg":0.32834575566716545,"neut":0.06318039939368196,"none":0.016533584098346644},"intensity":{"high":0.10216347340000001,"low":0.1255243868,"meium":0.7542850979000001,"none":0.018027041900000002},"expressive":{"dir-action":0.00060060059987988,"dir-explicit":0.3152212682369558,"dir-speech":0.3677339141264533,"indirect":0.29553644744089275,"writing-device":0.020907769595818446}},{"id":"마미쿡-묵동자이점","permalink":"","username":"asdfg","text":"요청사항 항상 잘 챙겨주시고 맛있어요~ 잘 먹었습니다!","date":"Mon Dec 10 23:59:44 +0000 2018","retweets":"30","favorites":"20","mentions":[],"hashtags":[],"geo":"","raw":"요청사항 항상 잘 챙겨주시고 맛있어요~ 잘 먹었습니다!","polarity":{"com":0,"pos":0.6785714286696428,"neg":0.30357142857589287,"neut":0.017857142754464286,"none":0},"intensity":{"high":0.25,"low":0.0535714285,"meium":0.6964285715,"none":0},"expressive":{"dir-action":0,"dir-explicit":0.4285714285,"dir-speech":0.41071428575,"indirect":0.16071428575,"writing-device":0}},{"id":"마미쿡-묵동자이점","permalink":"","username":"asdfg","text":"한국 축구할때 시켜서그런지\n\n아침에튀겨논듯한\n기름에 쩌들어서 치킨이왔네요\n\n다버렸음\n\n저번에는 깨끗하고\n진짜맛있었는데\n\n아생각하니깐 열받네\n\n같은 요리하는사람으로서\n\n너무했습니다","date":"Mon Dec 10 23:59:44 +0000 2018","retweets":"30","favorites":"20","mentions":[],"hashtags":[],"geo":"","raw":"한국 축구할때 시켜서그런지\n\n아침에튀겨논듯한\n기름에 쩌들어서 치킨이왔네요\n\n다버렸음\n\n저번에는 깨끗하고\n진짜맛있었는데\n\n아생각하니깐 열받네\n\n같은 요리하는사람으로서\n\n너무했습니다","polarity":{"com":0.0057623380764798195,"pos":0.4433263868120518,"neg":0.33582116805109075,"neut":0.14364775014279635,"none":0.07144235691758134},"intensity":{"high":0.08212575953214417,"low":0.09484708845424253,"meium":0.7514193690960448,"none":0.07160778291756864},"expressive":{"dir-action":0.0004962779230769231,"dir-explicit":0.2364121543076923,"dir-speech":0.5536878891538461,"indirect":0.13307731684615384,"writing-device":0.07632636176923077}},{"id":"마미쿡-묵동자이점","permalink":"","username":"asdfg","text":"한두번먹은것도아닌데 오늘정말진짜최악중최악이에요\n치킨은 눅눅 기름듬뿍먹은 치킨이고요\n모짜렐라햄버거도 그런데  어떻게하면 햄버거에서 밀가루맛나냐구여 모짜렐라도낮은온도기름에서했겠죠\n\n그리고 버거셋트에서 콜라는 왜 안보내세요?\n\n와진짜...하...","date":"Mon Dec 10 23:59:44 +0000 2018","retweets":"30","favorites":"20","mentions":[],"hashtags":[],"geo":"","raw":"한두번먹은것도아닌데 오늘정말진짜최악중최악이에요\n치킨은 눅눅 기름듬뿍먹은 치킨이고요\n모짜렐라햄버거도 그런데  어떻게하면 햄버거에서 밀가루맛나냐구여 모짜렐라도낮은온도기름에서했겠죠\n\n그리고 버거셋트에서 콜라는 왜 안보내세요?\n\n와진짜...하...","polarity":{"com":0.005210776250325674,"pos":0.36961464039810094,"neg":0.45742580146608913,"neut":0.0677744789417359,"none":0.09997430294374839},"intensity":{"high":0.2887184837235899,"low":0.06555183944569398,"meium":0.5447616526930952,"none":0.10096802413762103},"expressive":{"dir-action":0.0322437211875,"dir-explicit":0.254125028125,"dir-speech":0.3493439990625,"indirect":0.257430561,"writing-device":0.106856690625}},{"id":"마미쿡-묵동자이점","permalink":"","username":"asdfg","text":"평소에 접할 수 있는 치킨과 햄버거가 아니여서 좋았습니다 다음에 또 주문할께요 맛있게 잘 먹었습니다^^","date":"Mon Dec 10 23:59:44 +0000 2018","retweets":"30","favorites":"20","mentions":[],"hashtags":[],"geo":"","raw":"평소에 접할 수 있는 치킨과 햄버거가 아니여서 좋았습니다 다음에 또 주문할께요 맛있게 잘 먹었습니다^^","polarity":{"com":0.008408168889823129,"pos":0.39232325026581366,"neg":0.4310353564923373,"neut":0.032309431892478827,"none":0.13592379245954708},"intensity":{"high":0.06971358988888889,"low":0.07200782488888888,"meium":0.7211237805555556,"none":0.13715480466666669},"expressive":{"dir-action":0.000716845888888889,"dir-explicit":0.22207616155555557,"dir-speech":0.40368122033333337,"indirect":0.22172896400000003,"writing-device":0.1517968082222222}},{"id":"마미쿡-묵동자이점","permalink":"","username":"asdfg","text":"여기 시켜먹은 후로 롯리나 맥날 안가요ㅋㅋ 맛있고 배송도 빠르고 짱짱!👍👍","date":"Mon Dec 10 23:59:44 +0000 2018","retweets":"30","favorites":"20","mentions":[],"hashtags":[],"geo":"","raw":"여기 시켜먹은 후로 롯리나 맥날 안가요ㅋㅋ 맛있고 배송도 빠르고 짱짱!👍👍","polarity":{"com":0.07244897957142857,"pos":0.2619047618571429,"neg":0.5197278912857143,"neut":0.0020408162857142855,"none":0.14387755100000002},"intensity":{"high":0.056689342428571425,"low":0.048072562285714285,"meium":0.7513605442857143,"none":0.14387755100000002},"expressive":{"dir-action":0,"dir-explicit":0.22154195011120828,"dir-speech":0.5825396824882085,"indirect":0.053061224563848396,"writing-device":0.1428571428367347}},{"id":"마미쿡-묵동자이점","permalink":"","username":"asdfg","text":"배달 예상시간보다 빠르게 도착했고 역시나 맛있었습니다!! 오늘은 햄버거 소스를 많이 뿌려주셨는지 평소보다 더 맵고 먹을 때 소스가 뚝뚝 떨어져서 좀 불편했네용😂","date":"Mon Dec 10 23:59:44 +0000 2018","retweets":"30","favorites":"20","mentions":[],"hashtags":[],"geo":"","raw":"배달 예상시간보다 빠르게 도착했고 역시나 맛있었습니다!! 오늘은 햄버거 소스를 많이 뿌려주셨는지 평소보다 더 맵고 먹을 때 소스가 뚝뚝 떨어져서 좀 불편했네용😂","polarity":{"com":0.008435854357142857,"pos":0.5550817327142857,"neg":0.3760293112142857,"neut":0.04901908328571429,"none":0.011434018428571427},"intensity":{"high":0.14654787858189627,"low":0.1079466142219962,"meium":0.7331265139095091,"none":0.012378993286598498},"expressive":{"dir-action":0.0018315771425954893,"dir-explicit":0.26438208310508826,"dir-speech":0.48427486464510355,"indirect":0.2376224976089111,"writing-device":0.011888977498301576}},{"id":"마미쿡-묵동자이점","permalink":"","username":"asdfg","text":"처음 시켜먹어봤는데 배달 출발한다고 문자해 주신 거 너무 좋네요. 게다가 포장도 꼼꼼하게 잘 해주시구 무엇보다 맛있어요! 감자가 좀 눅눅하긴 하지만 그거 외엔 전부 괜찮습니다:) 잘 먹었어요! 종종 버거 생각날 때 주문할게요!","date":"Mon Dec 10 23:59:44 +0000 2018","retweets":"30","favorites":"20","mentions":[],"hashtags":[],"geo":"","raw":"처음 시켜먹어봤는데 배달 출발한다고 문자해 주신 거 너무 좋네요. 게다가 포장도 꼼꼼하게 잘 해주시구 무엇보다 맛있어요! 감자가 좀 눅눅하긴 하지만 그거 외엔 전부 괜찮습니다:) 잘 먹었어요! 종종 버거 생각날 때 주문할게요!","polarity":{"com":0.037269859553484996,"pos":0.3649845069797232,"neg":0.47560780930691066,"neut":0.05194290888600316,"none":0.07019491527387806},"intensity":{"high":0.09155187398982757,"low":0.1607546053154717,"meium":0.6704590442032823,"none":0.07723447649141839},"expressive":{"dir-action":0.001713838444254018,"dir-explicit":0.2747497620805834,"dir-speech":0.47862002578015334,"indirect":0.1672702357591922,"writing-device":0.07764613793581711}},{"id":"마미쿡-묵동자이점","permalink":"","username":"asdfg","text":"맛있어요~~^^~~~","date":"Mon Dec 10 23:59:44 +0000 2018","retweets":"30","favorites":"20","mentions":[],"hashtags":[],"geo":"","raw":"맛있어요~~^^~~~","polarity":{"com":0,"pos":0,"neg":1,"neut":0,"none":0},"intensity":{"high":0,"low":0,"meium":1,"none":0},"expressive":{"dir-action":0,"dir-explicit":0,"dir-speech":1,"indirect":0,"writing-device":0}},{"id":"마미쿡-묵동자이점","permalink":"","username":"asdfg","text":"하와이안 스테이크버거 육즙 장난 오지고요~돈가츠버거 바삭함 지리고요~","date":"Mon Dec 10 23:59:44 +0000 2018","retweets":"30","favorites":"20","mentions":[],"hashtags":[],"geo":"","raw":"하와이안 스테이크버거 육즙 장난 오지고요~돈가츠버거 바삭함 지리고요~","polarity":{"com":0,"pos":0.6111111112037036,"neg":0.2777777777592592,"neut":0.11111111103703702,"none":0},"intensity":{"high":0,"low":0.22222222233333333,"meium":0.7777777776666667,"none":0},"expressive":{"dir-action":0.3333333333333333,"dir-explicit":0,"dir-speech":0.38888888899999996,"indirect":0.27777777766666667,"writing-device":0}},{"id":"마미쿡-묵동자이점","permalink":"","username":"asdfg","text":"생일 상에 감자튀김을 꼭 놓고싶다고 해서\n골고루 주문해서 놨는데\n싱거워서 그런지 생각보다 많이 남겼더라고요;;\n아쉬워서 별 하나 뺍니다\n\n마미쿡 원래 음식 맛있는데\n양념감자가 떨어져서 일반 감자 시켰더니ㅠㅠ\n\n그래도 꼼꼼히 전화로 메뉴 체크 해주시고\n배달도 빨라 좋았습니다\n\n번창하세요","date":"Mon Dec 10 23:59:44 +0000 2018","retweets":"30","favorites":"20","mentions":[],"hashtags":[],"geo":"","raw":"생일 상에 감자튀김을 꼭 놓고싶다고 해서\n골고루 주문해서 놨는데\n싱거워서 그런지 생각보다 많이 남겼더라고요;;\n아쉬워서 별 하나 뺍니다\n\n마미쿡 원래 음식 맛있는데\n양념감자가 떨어져서 일반 감자 시켰더니ㅠㅠ\n\n그래도 꼼꼼히 전화로 메뉴 체크 해주시고\n배달도 빨라 좋았습니다\n\n번창하세요","polarity":{"com":0.00457165218181818,"pos":0.5466611547727271,"neg":0.3750680453181818,"neut":0.03669096745454545,"none":0.037008180272727266},"intensity":{"high":0.08915047162825904,"low":0.17811867371108012,"meium":0.6940763946641748,"none":0.03865445999648596},"expressive":{"dir-action":0.04776848850868519,"dir-explicit":0.2297136351781298,"dir-speech":0.34522154815367667,"indirect":0.3368803514248874,"writing-device":0.04041597673462109}},{"id":"마미쿡-묵동자이점","permalink":"","username":"asdfg","text":"또 시켜먹었어요 ㅎㅎ 배달도 빠르고 맛있습니다!! 오자마자 흡입해서 사진도 못찍었네요..ㅎ","date":"Mon Dec 10 23:59:44 +0000 2018","retweets":"30","favorites":"20","mentions":[],"hashtags":[],"geo":"","raw":"또 시켜먹었어요 ㅎㅎ 배달도 빠르고 맛있습니다!! 오자마자 흡입해서 사진도 못찍었네요..ㅎ","polarity":{"com":0.002150537666427718,"pos":0.5408132786065764,"neg":0.3414362519620627,"neut":0.06487455199279173,"none":0.05072537977214162},"intensity":{"high":0.06954400633333334,"low":0.07463162077777778,"meium":0.8048600444444445,"none":0.05096432844444445},"expressive":{"dir-action":0.000716845888888889,"dir-explicit":0.10322865111111111,"dir-speech":0.4564573022222223,"indirect":0.37299880522222223,"writing-device":0.06659839555555555}},{"id":"마미쿡-묵동자이점","permalink":"","username":"asdfg","text":"잘먹었습니다\n양많고맛있고배부르고등따시고 한숨자야지\n남은건저녁에 맥주량~~~","date":"Mon Dec 10 23:59:44 +0000 2018","retweets":"30","favorites":"20","mentions":[],"hashtags":[],"geo":"","raw":"잘먹었습니다\n양많고맛있고배부르고등따시고 한숨자야지\n남은건저녁에 맥주량~~~","polarity":{"com":0,"pos":0.2711180124542236,"neg":0.6059006211211801,"neut":0.12298136642459627,"none":0},"intensity":{"high":0.05217391301043479,"low":0.08633540361726709,"meium":0.8614906833722981,"none":0},"expressive":{"dir-action":0,"dir-explicit":0.197204968839441,"dir-speech":0.37204968947441,"indirect":0.43074534168614903,"writing-device":0}},{"id":"마미쿡-묵동자이점","permalink":"","username":"asdfg","text":"쪼금 비싼데 맛있게 잘 묵었슴다!","date":"Mon Dec 10 23:59:44 +0000 2018","retweets":"30","favorites":"20","mentions":[],"hashtags":[],"geo":"","raw":"쪼금 비싼데 맛있게 잘 묵었슴다!","polarity":{"com":0,"pos":0.23809523807936508,"neg":0.6269841272089947,"neut":0.13492063471164023,"none":0},"intensity":{"high":0,"low":0.18253968233333331,"meium":0.8174603176666667,"none":0},"expressive":{"dir-action":0,"dir-explicit":0.29365079366666663,"dir-speech":0.492063492,"indirect":0.2142857143333333,"writing-device":0}},{"id":"마미쿡-묵동자이점","permalink":"","username":"asdfg","text":"첫 주문인데 배달안내문자도 따로 보내주시고 포장도 꼼꼼하게 돼있어서 좋았어요! ㅎㅎ 가격 맞추느라 감자튀김 많이 시켰는데 감자튀김 도톰하니 정말 맛있네요😋 앞으로도 종종 시켜먹을 것 같아요!💗","date":"Mon Dec 10 23:59:44 +0000 2018","retweets":"30","favorites":"20","mentions":[],"hashtags":[],"geo":"","raw":"첫 주문인데 배달안내문자도 따로 보내주시고 포장도 꼼꼼하게 돼있어서 좋았어요! ㅎㅎ 가격 맞추느라 감자튀김 많이 시켰는데 감자튀김 도톰하니 정말 맛있네요😋 앞으로도 종종 시켜먹을 것 같아요!💗","polarity":{"com":0.007093850998581231,"pos":0.5084193800316494,"neg":0.31878006273624404,"neut":0.03957309799208538,"none":0.12613360824143996},"intensity":{"high":0.10474433725270077,"low":0.12896953518280405,"meium":0.6391860355814418,"none":0.1271000919830533},"expressive":{"dir-action":0.0009664837330756043,"dir-explicit":0.3187552663816653,"dir-speech":0.3383549344431053,"indirect":0.20061620301316901,"writing-device":0.14130711242898478}},{"id":"마미쿡-묵동자이점","permalink":"","username":"asdfg","text":"빠른 배달로 따듯하게 먹었습니다","date":"Mon Dec 10 23:59:44 +0000 2018","retweets":"30","favorites":"20","mentions":[],"hashtags":[],"geo":"","raw":"빠른 배달로 따듯하게 먹었습니다","polarity":{"com":0.006006006,"pos":0.7364864865,"neg":0.24324324325,"neut":0.00825825825,"none":0.006006006},"intensity":{"high":0.05630630625000001,"low":0.15990990975000002,"meium":0.7770270272500001,"none":0.0067567567500000005},"expressive":{"dir-action":0.0007507507500000002,"dir-explicit":0.13363363350000002,"dir-speech":0.466966967,"indirect":0.391891892,"writing-device":0.0067567567500000005}},{"id":"마미쿡-묵동자이점","permalink":"","username":"asdfg","text":"습기가 차서 눅눅해진거 빼고는 괜찮네요 맛있었습니다.","date":"Mon Dec 10 23:59:44 +0000 2018","retweets":"30","favorites":"20","mentions":[],"hashtags":[],"geo":"","raw":"습기가 차서 눅눅해진거 빼고는 괜찮네요 맛있었습니다.","polarity":{"com":0,"pos":0.3333333333333333,"neg":0.6666666666666666,"neut":0,"none":0},"intensity":{"high":0,"low":0,"meium":1,"none":0},"expressive":{"dir-action":0,"dir-explicit":0,"dir-speech":0.8333333333333334,"indirect":0,"writing-device":0.16666666666666666}},{"id":"마미쿡-묵동자이점","permalink":"","username":"asdfg","text":"햄버거 진짜 맛있어요!!!!","date":"Mon Dec 10 23:59:44 +0000 2018","retweets":"30","favorites":"20","mentions":[],"hashtags":[],"geo":"","raw":"햄버거 진짜 맛있어요!!!!","polarity":{"com":0,"pos":0,"neg":1,"neut":0,"none":0},"intensity":{"high":0,"low":0,"meium":1,"none":0},"expressive":{"dir-action":0,"dir-explicit":0,"dir-speech":1,"indirect":0,"writing-device":0}},{"id":"마미쿡-묵동자이점","permalink":"","username":"asdfg","text":"신림 마미쿡은 콘샐러드 꽉채워주는데 여깅 반 채워주네영 햄버거는 맛있어요","date":"Mon Dec 10 23:59:44 +0000 2018","retweets":"30","favorites":"20","mentions":[],"hashtags":[],"geo":"","raw":"신림 마미쿡은 콘샐러드 꽉채워주는데 여깅 반 채워주네영 햄버거는 맛있어요","polarity":{"com":0.004237288251059322,"pos":0.668348130167087,"neg":0.26681463556670365,"neut":0.03228410000807102,"none":0.028315846007078958},"intensity":{"high":0.03336023675834006,"low":0.34342211458585553,"meium":0.5949018026487254,"none":0.028315846007078958},"expressive":{"dir-action":0,"dir-explicit":0.10747915,"dir-speech":0.348163842,"indirect":0.5120729079999999,"writing-device":0.032284099999999996}},{"id":"마미쿡-묵동자이점","permalink":"","username":"asdfg","text":"치킨은 제 스타일이 아니였어요ㅠㅠ 닭 비린내가 살짝 나서 아쉬웠습니다. 후라이드에는 소금을 같이 넣어주시면 더 좋을 것 같아요ㅎㅎ 하지만 햄버거는 최고네요. 통살도 두툼하고 양배추도 많이 들어있어서 언제 먹어도 만족스럽습니다.","date":"Mon Dec 10 23:59:44 +0000 2018","retweets":"30","favorites":"20","mentions":[],"hashtags":[],"geo":"","raw":"치킨은 제 스타일이 아니였어요ㅠㅠ 닭 비린내가 살짝 나서 아쉬웠습니다. 후라이드에는 소금을 같이 넣어주시면 더 좋을 것 같아요ㅎㅎ 하지만 햄버거는 최고네요. 통살도 두툼하고 양배추도 많이 들어있어서 언제 먹어도 만족스럽습니다.","polarity":{"com":0.009409101470034759,"pos":0.47967346044237225,"neg":0.39044777062409125,"neut":0.039269605644748844,"none":0.08120006181875294},"intensity":{"high":0.14356043994117648,"low":0.18894469129411767,"meium":0.5855929495882353,"none":0.08190191917647059},"expressive":{"dir-action":0.00017664723527333564,"dir-explicit":0.2983148640237277,"dir-speech":0.36092580142812636,"indirect":0.2561851620875076,"writing-device":0.084397525225365}},{"id":"마미쿡-묵동자이점","permalink":"","username":"asdfg","text":"3번째 후기네요^^항상 맛있게 잘먹고 있습니다~^^\n(근데 ㅠ이번에 통살치킨버거 치킨살이 많이 두꺼워서 그랬나바요ㅠ덜익었어더라구요ㅠ)","date":"Mon Dec 10 23:59:44 +0000 2018","retweets":"30","favorites":"20","mentions":[],"hashtags":[],"geo":"","raw":"3번째 후기네요^^항상 맛있게 잘먹고 있습니다~^^\n(근데 ㅠ이번에 통살치킨버거 치킨살이 많이 두꺼워서 그랬나바요ㅠ덜익었어더라구요ㅠ)","polarity":{"com":0.0032679738576097106,"pos":0.4946036384992291,"neg":0.2697426797528204,"neut":0.05157135315022448,"none":0.18081435474011634},"intensity":{"high":0.09067105087009586,"low":0.1340710197334387,"meium":0.5944435746563491,"none":0.18081435474011634},"expressive":{"dir-action":0,"dir-explicit":0.35710516100000006,"dir-speech":0.2912440338571428,"indirect":0.16803532999999998,"writing-device":0.18361547514285714}},{"id":"마미쿡-묵동자이점","permalink":"","username":"asdfg","text":"맛있습니다\n콜라에뽁뽁이...그사이케쳡....\n내손엔 치킨기름...\nㅋㅋㅋㅋ케찹 포기ㅋ\n으핳핳핳\n기사님출발전에 연락주시니 넘나 고맙습니다\n잘먹었습니다","date":"Mon Dec 10 23:59:44 +0000 2018","retweets":"30","favorites":"20","mentions":[],"hashtags":[],"geo":"","raw":"맛있습니다\n콜라에뽁뽁이...그사이케쳡....\n내손엔 치킨기름...\nㅋㅋㅋㅋ케찹 포기ㅋ\n으핳핳핳\n기사님출발전에 연락주시니 넘나 고맙습니다\n잘먹었습니다","polarity":{"com":0.0034263337785391855,"pos":0.22927378816206084,"neg":0.6180834285817963,"neut":0.1394191548087598,"none":0.009797294668843845},"intensity":{"high":0.052311804116923544,"low":0.25013402325001494,"meium":0.6872674017430298,"none":0.010286770890031867},"expressive":{"dir-action":0.0004894762223309947,"dir-explicit":0.18004956915112216,"dir-speech":0.5115656248914591,"indirect":0.29584489039907674,"writing-device":0.01205043933601121}},{"id":"마미쿡-묵동자이점","permalink":"","username":"asdfg","text":"햄버거는 맘스터치 이후로 본적 없었던 엄청난 치킨버거였습니다.\n그에 비해서 감튀의 눅눅함과 다소 요상한 맛의 후라이드가 아쉽네요.\n세트에 양념치킨이라는 선택지가 있었으면 좋겠네요..","date":"Mon Dec 10 23:59:44 +0000 2018","retweets":"30","favorites":"20","mentions":[],"hashtags":[],"geo":"","raw":"햄버거는 맘스터치 이후로 본적 없었던 엄청난 치킨버거였습니다.\n그에 비해서 감튀의 눅눅함과 다소 요상한 맛의 후라이드가 아쉽네요.\n세트에 양념치킨이라는 선택지가 있었으면 좋겠네요..","polarity":{"com":0.022415129000000002,"pos":0.48426424725,"neg":0.36170090741666666,"neut":0.03454206433333334,"none":0.097077652},"intensity":{"high":0.14259618633333335,"low":0.17793302508333333,"meium":0.5816490889166667,"none":0.0978216996666667},"expressive":{"dir-action":0,"dir-explicit":0.22477546623126873,"dir-speech":0.3739868043021678,"indirect":0.3012033392248997,"writing-device":0.10003439024166381}},{"id":"마미쿡-묵동자이점","permalink":"","username":"asdfg","text":"맛있었습니다 감자튀김이 쫌눅눅했지만","date":"Mon Dec 10 23:59:44 +0000 2018","retweets":"30","favorites":"20","mentions":[],"hashtags":[],"geo":"","raw":"맛있었습니다 감자튀김이 쫌눅눅했지만","polarity":{"com":0.01673061433333333,"pos":0.3159490313333333,"neg":0.5977389353333333,"neut":0.057325564999999995,"none":0.012255854},"intensity":{"high":0.08183727269394575,"low":0.08276254069425418,"meium":0.8209590579403196,"none":0.014441128671480376},"expressive":{"dir-action":0.0036189663345396555,"dir-explicit":0.24269180374756397,"dir-speech":0.5519523788506508,"indirect":0.18801256839600422,"writing-device":0.013724282671241428}},{"id":"마미쿡-묵동자이점","permalink":"","username":"asdfg","text":"완전 맛있어여 배달이여서 치즈가 늘어나진않지만 버거에 치즈도 많이 넣어주셔서 치즈로 버거가 싸여있는정도 였어요!! 배달도 짱빠르게 왔어여!!","date":"Mon Dec 10 23:59:44 +0000 2018","retweets":"30","favorites":"20","mentions":[],"hashtags":[],"geo":"","raw":"완전 맛있어여 배달이여서 치즈가 늘어나진않지만 버거에 치즈도 많이 넣어주셔서 치즈로 버거가 싸여있는정도 였어요!! 배달도 짱빠르게 왔어여!!","polarity":{"com":0.0035714286003571422,"pos":0.5781746032578173,"neg":0.2650793650265079,"neut":0.059880952405988085,"none":0.09329365070932935},"intensity":{"high":0.10674603188932538,"low":0.2214285713778571,"meium":0.5767460316423254,"none":0.09507936509049204},"expressive":{"dir-action":0,"dir-explicit":0.23230158737676987,"dir-speech":0.386309523861369,"indirect":0.2865079364713492,"writing-device":0.0948809522905119}},{"id":"마미쿡-묵동자이점","permalink":"","username":"asdfg","text":"맛있고 푸짐하게 먹을수 있어 좋았어요!","date":"Mon Dec 10 23:59:44 +0000 2018","retweets":"30","favorites":"20","mentions":[],"hashtags":[],"geo":"","raw":"맛있고 푸짐하게 먹을수 있어 좋았어요!","polarity":{"com":0.0048048048,"pos":0.42318918920000004,"neg":0.4092612612,"neut":0.00993994,"none":0.1528048048},"intensity":{"high":0.09504504500000001,"low":0.07259459459999999,"meium":0.678954955,"none":0.1534054054},"expressive":{"dir-action":0.0006006006000000001,"dir-explicit":0.24357357339999997,"dir-speech":0.44690690699999996,"indirect":0.15551351360000001,"writing-device":0.1534054054}},{"id":"마미쿡-묵동자이점","permalink":"","username":"asdfg","text":"두번째 리뷰 라서ㅋㅋ맛나용ㅋ","date":"Mon Dec 10 23:59:44 +0000 2018","retweets":"30","favorites":"20","mentions":[],"hashtags":[],"geo":"","raw":"두번째 리뷰 라서ㅋㅋ맛나용ㅋ","polarity":{"com":0,"pos":1,"neg":0,"neut":0,"none":0},"intensity":{"high":0,"low":0,"meium":1,"none":0},"expressive":{"dir-action":0,"dir-explicit":0,"dir-speech":1,"indirect":0,"writing-device":0}},{"id":"마미쿡-묵동자이점","permalink":"","username":"asdfg","text":"잘먹었네요.\n다음에도 시켜먹어요","date":"Mon Dec 10 23:59:44 +0000 2018","retweets":"30","favorites":"20","mentions":[],"hashtags":[],"geo":"","raw":"잘먹었네요.\n다음에도 시켜먹어요","polarity":{"com":0.0017857142504464287,"pos":0.31547619032886903,"neg":0.5523809526380953,"neut":0.021428571255357146,"none":0.10892857152723216},"intensity":{"high":0.0634920635,"low":0.1376984125,"meium":0.6898809525,"none":0.1089285715},"expressive":{"dir-action":0,"dir-explicit":0.1555555554611111,"dir-speech":0.5551587301112104,"indirect":0.18214285720446427,"writing-device":0.10714285722321429}},{"id":"마미쿡-묵동자이점","permalink":"","username":"asdfg","text":"감사합니다! 잘 받았어요. 리뷰는 처음 남기는데 친절하신 사장님이 생각나 리뷰 남깁니당 ㅠㅠ 시켜먹을때마다 너무 질 좋은 버거를 싸게 먹을 수 있어서 감사합니다! 그나저나 치킨 왜이렇게 맛있나요ㅠㅠㅠㅠㅠ 야들야들한 치킨 살이 넘 최고에요! 버거나 치킨이나 둘다 넘 맛있네요! 흑흑.. 마미쿡.. 나만 알고싶은 맛집입니당... 다들 시켜먹으세여!!","date":"Mon Dec 10 23:59:44 +0000 2018","retweets":"30","favorites":"20","mentions":[],"hashtags":[],"geo":"","raw":"감사합니다! 잘 받았어요. 리뷰는 처음 남기는데 친절하신 사장님이 생각나 리뷰 남깁니당 ㅠㅠ 시켜먹을때마다 너무 질 좋은 버거를 싸게 먹을 수 있어서 감사합니다! 그나저나 치킨 왜이렇게 맛있나요ㅠㅠㅠㅠㅠ 야들야들한 치킨 살이 넘 최고에요! 버거나 치킨이나 둘다 넘 맛있네요! 흑흑.. 마미쿡.. 나만 알고싶은 맛집입니당... 다들 시켜먹으세여!!","polarity":{"com":0.012124867750433031,"pos":0.5028908320893891,"neg":0.37763785129920135,"neut":0.03916978835854178,"none":0.06817666050243487},"intensity":{"high":0.20816555572172019,"low":0.09448028611051718,"meium":0.6284257627367295,"none":0.06892839543103314},"expressive":{"dir-action":0.0008427054642556177,"dir-explicit":0.19636823031441544,"dir-speech":0.5040876649105683,"indirect":0.2119071799924319,"writing-device":0.08679421931832877}},{"id":"마미쿡-묵동자이점","permalink":"","username":"asdfg","text":"냉동닭사용 안하는거같은ㅋ 치킨이 기름에  쩔어있지않고... 저도 모르게 폭풍흡입했네요ㅋ\n바삭바삭~ㅋ햄버거도~완전 집에서  만든듯한~\n또 생각나서  지금 또 주문합니다^^ㅋ","date":"Mon Dec 10 23:59:44 +0000 2018","retweets":"30","favorites":"20","mentions":[],"hashtags":[],"geo":"","raw":"냉동닭사용 안하는거같은ㅋ 치킨이 기름에  쩔어있지않고... 저도 모르게 폭풍흡입했네요ㅋ\n바삭바삭~ㅋ햄버거도~완전 집에서  만든듯한~\n또 생각나서  지금 또 주문합니다^^ㅋ","polarity":{"com":0.006390794915601534,"pos":0.42328006167945326,"neg":0.4282759643452873,"neut":0.02892137116184644,"none":0.11313180789781138},"intensity":{"high":0.044012825587001064,"low":0.21296878710108072,"meium":0.6291610492190968,"none":0.11385733809282145},"expressive":{"dir-action":0.0014423759998798016,"dir-explicit":0.20625174498281235,"dir-speech":0.35054372905412134,"indirect":0.22171561598152367,"writing-device":0.22004653398166274}},{"id":"마미쿡-묵동자이점","permalink":"","username":"asdfg","text":"맛있어요 대체로.. 불고기햄버거 패티에서 조금 냄새가 조금나지만 그럭저럭.. 먹을만해요 포장은 깔끔합니다","date":"Mon Dec 10 23:59:44 +0000 2018","retweets":"30","favorites":"20","mentions":[],"hashtags":[],"geo":"","raw":"맛있어요 대체로.. 불고기햄버거 패티에서 조금 냄새가 조금나지만 그럭저럭.. 먹을만해요 포장은 깔끔합니다","polarity":{"com":0.0059830238579975745,"pos":0.3444496301920642,"neg":0.5207988600743998,"neut":0.023524603860503517,"none":0.10524388201503486},"intensity":{"high":0.141214802,"low":0.10210445914285715,"meium":0.649732346142857,"none":0.10694839271428572},"expressive":{"dir-action":0.00042900042857142853,"dir-explicit":0.30575768071428566,"dir-speech":0.38382544628571424,"indirect":0.20797799385714283,"writing-device":0.1020098787142857}},{"id":"마미쿡-묵동자이점","permalink":"","username":"asdfg","text":"맛있어요 배달빨라요 또 시켜야지요","date":"Mon Dec 10 23:59:44 +0000 2018","retweets":"30","favorites":"20","mentions":[],"hashtags":[],"geo":"","raw":"맛있어요 배달빨라요 또 시켜야지요","polarity":{"com":0,"pos":0.38095238087301586,"neg":0.47619047617460314,"neut":0,"none":0.14285714295238094},"intensity":{"high":0,"low":0,"meium":0.857142857,"none":0.142857143},"expressive":{"dir-action":0,"dir-explicit":0.047619047666666664,"dir-speech":0.761904762,"indirect":0,"writing-device":0.19047619033333332}},{"id":"마미쿡-묵동자이점","permalink":"","username":"asdfg","text":"먹을만해욤~ 냠냠~~~","date":"Mon Dec 10 23:59:44 +0000 2018","retweets":"30","favorites":"20","mentions":[],"hashtags":[],"geo":"","raw":"먹을만해욤~ 냠냠~~~","polarity":{"com":0,"pos":0.333333333,"neg":0.666666667,"neut":0,"none":0},"intensity":{"high":0.111111111,"low":0.222222222,"meium":0.666666667,"none":0},"expressive":{"dir-action":0,"dir-explicit":0.222222222,"dir-speech":0.777777778,"indirect":0,"writing-device":0}},{"id":"마미쿡-묵동자이점","permalink":"","username":"asdfg","text":"맛있어요~~\n가격도 괜찮네요~~^^","date":"Mon Dec 10 23:59:44 +0000 2018","retweets":"30","favorites":"20","mentions":[],"hashtags":[],"geo":"","raw":"맛있어요~~\n가격도 괜찮네요~~^^","polarity":{"com":0,"pos":0.5,"neg":0.5,"neut":0,"none":0},"intensity":{"high":0,"low":0,"meium":1,"none":0},"expressive":{"dir-action":0,"dir-explicit":0,"dir-speech":0.5,"indirect":0.5,"writing-device":0}},{"id":"마미쿡-묵동자이점","permalink":"","username":"asdfg","text":"불고기버거 냄새 너무 많이나요..\n감자튀김도 너무 눅눅합니다\n이게 튀김인건지ㅜㅜ\n그래도스테이크버거는 맛있어요~","date":"Mon Dec 10 23:59:44 +0000 2018","retweets":"30","favorites":"20","mentions":[],"hashtags":[],"geo":"","raw":"불고기버거 냄새 너무 많이나요..\n감자튀김도 너무 눅눅합니다\n이게 튀김인건지ㅜㅜ\n그래도스테이크버거는 맛있어요~","polarity":{"com":0.008987480126123434,"pos":0.24184268290523034,"neg":0.5126434471890804,"neut":0.04761068838095134,"none":0.18891570139861447},"intensity":{"high":0.3042531765,"low":0.14091142087499997,"meium":0.36554432587499996,"none":0.18929107675},"expressive":{"dir-action":0.0003753753749530781,"dir-explicit":0.17108852547861395,"dir-speech":0.3674908364540636,"indirect":0.26374764996703154,"writing-device":0.1972976127253378}},{"id":"마미쿡-묵동자이점","permalink":"","username":"asdfg","text":"양은 좀 적지만 건강하고 깨끗해요","date":"Mon Dec 10 23:59:44 +0000 2018","retweets":"30","favorites":"20","mentions":[],"hashtags":[],"geo":"","raw":"양은 좀 적지만 건강하고 깨끗해요","polarity":{"com":0.006451613002150537,"pos":0.5652054038550685,"neg":0.2286738350762246,"neut":0.04505100634835033,"none":0.15461814171820604},"intensity":{"high":0.08078301633333332,"low":0.05580369433333332,"meium":0.7080783016666666,"none":0.15533498766666667},"expressive":{"dir-action":0.002150537666666667,"dir-explicit":0.3149159086666667,"dir-speech":0.38367797066666665,"indirect":0.15318445,"writing-device":0.146071133}},{"id":"마미쿡-묵동자이점","permalink":"","username":"asdfg","text":"만족스러워요 \n양이 많아서 버거 하나 아예 먹지도 못했어요 하\n최소주문금액 맞추려가보니...\n아이들이랑 저랑 먹는데 스테이크버거 두께가 2센티가까이 되네요 생각보다 두꺼웠고 양상추가 많아서 맛있었어요 \n윙도 맛있고 \n다만 저는 따뜻한 아메리카노를 생각하고있다가 아이스가 와서 당황했어요 생각해보니 요청하지않아그런가 생각했어요 둘째출산한지 얼마 안됐는데 아이스를 물었더니 참 ㅜㅜ \n사실 커피땜애시킨건데 좀 아쉬웠어요 다음부터는 요청하면 될거같애요 \n배달도 친절했고 전반적으로 만족해요","date":"Mon Dec 10 23:59:44 +0000 2018","retweets":"30","favorites":"20","mentions":[],"hashtags":[],"geo":"","raw":"만족스러워요 \n양이 많아서 버거 하나 아예 먹지도 못했어요 하\n최소주문금액 맞추려가보니...\n아이들이랑 저랑 먹는데 스테이크버거 두께가 2센티가까이 되네요 생각보다 두꺼웠고 양상추가 많아서 맛있었어요 \n윙도 맛있고 \n다만 저는 따뜻한 아메리카노를 생각하고있다가 아이스가 와서 당황했어요 생각해보니 요청하지않아그런가 생각했어요 둘째출산한지 얼마 안됐는데 아이스를 물었더니 참 ㅜㅜ \n사실 커피땜애시킨건데 좀 아쉬웠어요 다음부터는 요청하면 될거같애요 \n배달도 친절했고 전반적으로 만족해요","polarity":{"com":0.006572556122111523,"pos":0.4310271043519762,"neg":0.4174384544248155,"neut":0.0554932887330608,"none":0.08946859636803581},"intensity":{"high":0.15424084113881747,"low":0.14093891921263713,"meium":0.6143806247261278,"none":0.09043961492241759},"expressive":{"dir-action":0.0011667207315934909,"dir-explicit":0.39332590020552927,"dir-speech":0.3364360076744941,"indirect":0.17813481644603563,"writing-device":0.09093655494234769}},{"id":"마미쿡-묵동자이점","permalink":"","username":"asdfg","text":"ㅎ","date":"Mon Dec 10 23:59:44 +0000 2018","retweets":"30","favorites":"20","mentions":[],"hashtags":[],"geo":"","raw":"ㅎ","polarity":{"com":null,"pos":null,"neg":null,"neut":null,"none":null},"intensity":{"high":null,"low":null,"meium":null,"none":null},"expressive":{"dir-action":null,"dir-explicit":null,"dir-speech":null,"indirect":null,"writing-device":null}},{"id":"마미쿡-묵동자이점","permalink":"","username":"asdfg","text":"양도 많고 콜라는 500ml왔음. 저는 햄버거 먹고 싶을때 맥날보다 여기서 시켜먹을 것 같습니다. 번창하세요","date":"Mon Dec 10 23:59:44 +0000 2018","retweets":"30","favorites":"20","mentions":[],"hashtags":[],"geo":"","raw":"양도 많고 콜라는 500ml왔음. 저는 햄버거 먹고 싶을때 맥날보다 여기서 시켜먹을 것 같습니다. 번창하세요","polarity":{"com":0.043279569913060034,"pos":0.3482865958876428,"neg":0.4710928999607423,"neut":0.09051864065912345,"none":0.046822293579431476},"intensity":{"high":0.06212765467184397,"low":0.13517671867793138,"meium":0.7556941215629744,"none":0.047001505087250116},"expressive":{"dir-action":0.0005376344166666667,"dir-explicit":0.19945314025000005,"dir-speech":0.6028530985833332,"indirect":0.14901108183333334,"writing-device":0.04814504491666666}},{"id":"마미쿡-묵동자이점","permalink":"","username":"asdfg","text":"음식맛은 좋은데 세트를 시켜서 온 콜라가 245ml,,,\n500ml는 와야하는거 아닌지...\n만약 따로 시켰으면 1500원인데...\n설마 세트라고 작은게 온건가요?","date":"Mon Dec 10 23:59:44 +0000 2018","retweets":"30","favorites":"20","mentions":[],"hashtags":[],"geo":"","raw":"음식맛은 좋은데 세트를 시켜서 온 콜라가 245ml,,,\n500ml는 와야하는거 아닌지...\n만약 따로 시켰으면 1500원인데...\n설마 세트라고 작은게 온건가요?","polarity":{"com":0.008820795616063137,"pos":0.41471510680113194,"neg":0.3161575003320121,"neut":0.1592469577045575,"none":0.10105963954623536},"intensity":{"high":0.06641476991796809,"low":0.07682569160947494,"meium":0.7541289124035285,"none":0.10263062606902841},"expressive":{"dir-action":0.0018640851537027627,"dir-explicit":0.1913058223698996,"dir-speech":0.5331810137282169,"indirect":0.12550887537496086,"writing-device":0.14814020337321998}},{"id":"마미쿡-묵동자이점","permalink":"","username":"asdfg","text":"맛나요~~","date":"Mon Dec 10 23:59:44 +0000 2018","retweets":"30","favorites":"20","mentions":[],"hashtags":[],"geo":"","raw":"맛나요~~","polarity":{"com":0,"pos":1,"neg":0,"neut":0,"none":0},"intensity":{"high":0,"low":0,"meium":1,"none":0},"expressive":{"dir-action":0,"dir-explicit":0,"dir-speech":1,"indirect":0,"writing-device":0}},{"id":"마미쿡-묵동자이점","permalink":"","username":"asdfg","text":"따뜻하고 맛있었어요~ 감자튀김이 조금만 덜 짜면 참 좋을듯해요","date":"Mon Dec 10 23:59:44 +0000 2018","retweets":"30","favorites":"20","mentions":[],"hashtags":[],"geo":"","raw":"따뜻하고 맛있었어요~ 감자튀김이 조금만 덜 짜면 참 좋을듯해요","polarity":{"com":0.006167400801233481,"pos":0.5222410483044482,"neg":0.3547723934709545,"neut":0.027877555605575508,"none":0.08894160181778832},"intensity":{"high":0.24165819504833164,"low":0.03668812820733763,"meium":0.6318310177263662,"none":0.08982265901796453},"expressive":{"dir-action":0.0008810572001762112,"dir-explicit":0.3289732294657946,"dir-speech":0.32352874726470576,"indirect":0.26192251225238444,"writing-device":0.08469445381693888}},{"id":"마미쿡-묵동자이점","permalink":"","username":"asdfg","text":"배달원 친절랍니다","date":"Mon Dec 10 23:59:44 +0000 2018","retweets":"30","favorites":"20","mentions":[],"hashtags":[],"geo":"","raw":"배달원 친절랍니다","polarity":{"com":null,"pos":null,"neg":null,"neut":null,"none":null},"intensity":{"high":null,"low":null,"meium":null,"none":null},"expressive":{"dir-action":null,"dir-explicit":null,"dir-speech":null,"indirect":null,"writing-device":null}},{"id":"마미쿡-묵동자이점","permalink":"","username":"asdfg","text":"롯~리~ 보다 훨 맛있어요ㅋㅋ","date":"Mon Dec 10 23:59:44 +0000 2018","retweets":"30","favorites":"20","mentions":[],"hashtags":[],"geo":"","raw":"롯~리~ 보다 훨 맛있어요ㅋㅋ","polarity":{"com":0.01388888899537037,"pos":0.1388888889537037,"neg":0.638888888787037,"neut":0.027777777657407406,"none":0.18055555560648148},"intensity":{"high":0.055555555666666666,"low":0.027777777666666666,"meium":0.736111111,"none":0.18055555566666667},"expressive":{"dir-action":0,"dir-explicit":0.11111111103703702,"dir-speech":0.6527777778842592,"indirect":0.04166666668055555,"writing-device":0.19444444439814812}},{"id":"마미쿡-묵동자이점","permalink":"","username":"asdfg","text":"상호와 어울리는 치킨입니다만...양이 적어요...","date":"Mon Dec 10 23:59:44 +0000 2018","retweets":"30","favorites":"20","mentions":[],"hashtags":[],"geo":"","raw":"상호와 어울리는 치킨입니다만...양이 적어요...","polarity":{"com":0.0114379085,"pos":0.4150326795,"neg":0.416666667,"neut":0.045751634,"none":0.111111111},"intensity":{"high":0.17483660108741828,"low":0.04084967302042484,"meium":0.6732026148366014,"none":0.11111111105555554},"expressive":{"dir-action":0,"dir-explicit":0.43137254900000005,"dir-speech":0.10130718950000002,"indirect":0.34640522900000004,"writing-device":0.12091503250000002}}]