[{"id":"오븐마루-태릉역점","permalink":"","username":"asdfg","text":"맛있어요!\n다음엔 까르보 먹어볼려구요!\n배달시간도 알맞고 양도딱입니다!","date":"Mon Dec 10 23:59:44 +0000 2018","retweets":"30","favorites":"20","mentions":[],"hashtags":[],"geo":"","raw":"맛있어요!\n다음엔 까르보 먹어볼려구요!\n배달시간도 알맞고 양도딱입니다!","polarity":{"com":0.005003112334167185,"pos":0.3195611577199269,"neg":0.5190476192531746,"neut":0.033504512838917415,"none":0.12288359785381392},"intensity":{"high":0.05034235917505706,"low":0.07234671634539111,"meium":0.7544273266257379,"none":0.12288359785381395},"expressive":{"dir-action":0,"dir-explicit":0.1271241831454793,"dir-speech":0.69488017421752,"indirect":0.05038904449160182,"writing-device":0.1276065981453989}},{"id":"오븐마루-태릉역점","permalink":"","username":"asdfg","text":"배송도 빠르고 맛있게 잘 먹었네요","date":"Mon Dec 10 23:59:44 +0000 2018","retweets":"30","favorites":"20","mentions":[],"hashtags":[],"geo":"","raw":"배송도 빠르고 맛있게 잘 먹었네요","polarity":{"com":0.0023809523341269843,"pos":0.3095238094365079,"neg":0.514285714504762,"neut":0.028571428342857145,"none":0.14523809538174604},"intensity":{"high":0.04761904766666666,"low":0.10952380933333332,"meium":0.6976190476666666,"none":0.14523809533333332},"expressive":{"dir-action":0,"dir-explicit":0.13333333328888888,"dir-speech":0.48095238083968256,"indirect":0.24285714291904759,"writing-device":0.14285714295238094}},{"id":"오븐마루-태릉역점","permalink":"","username":"asdfg","text":"먹을수록 맵고 맛있어요 ㅎㅎ 배달도 빨랐구요!!","date":"Mon Dec 10 23:59:44 +0000 2018","retweets":"30","favorites":"20","mentions":[],"hashtags":[],"geo":"","raw":"먹을수록 맵고 맛있어요 ㅎㅎ 배달도 빨랐구요!!","polarity":{"com":0,"pos":0.58333333325,"neg":0.41666666674999997,"neut":0,"none":0},"intensity":{"high":0.02777777775,"low":0.13888888875,"meium":0.8333333334999999,"none":0},"expressive":{"dir-action":0,"dir-explicit":0.0555555555,"dir-speech":0.6944444445,"indirect":0.25,"writing-device":0}},{"id":"오븐마루-태릉역점","permalink":"","username":"asdfg","text":"치킨먹고 두시간 후, 죽다살아놨습니다. 물설사를계속해서...치킨이문제인지 다른게문제인지 알수가없네요...몆번시켜먹었는데 이날만..맛은있습니다.","date":"Mon Dec 10 23:59:44 +0000 2018","retweets":"30","favorites":"20","mentions":[],"hashtags":[],"geo":"","raw":"치킨먹고 두시간 후, 죽다살아놨습니다. 물설사를계속해서...치킨이문제인지 다른게문제인지 알수가없네요...몆번시켜먹었는데 이날만..맛은있습니다.","polarity":{"com":0.05713248468421054,"pos":0.3507195474736842,"neg":0.4380863141052633,"neut":0.06535540705263158,"none":0.08870624668421055},"intensity":{"high":0.13600006808126316,"low":0.1096022431283373,"meium":0.6654595849295705,"none":0.08893810386082908},"expressive":{"dir-action":0.026547646632976186,"dir-explicit":0.3311394179121653,"dir-speech":0.36393311838757536,"indirect":0.18394256843073384,"writing-device":0.09443724863654931}},{"id":"오븐마루-태릉역점","permalink":"","username":"asdfg","text":"잘먹엇습니다ㅎㅎㅎㅎㅎ","date":"Mon Dec 10 23:59:44 +0000 2018","retweets":"30","favorites":"20","mentions":[],"hashtags":[],"geo":"","raw":"잘먹엇습니다ㅎㅎㅎㅎㅎ","polarity":{"com":null,"pos":null,"neg":null,"neut":null,"none":null},"intensity":{"high":null,"low":null,"meium":null,"none":null},"expressive":{"dir-action":null,"dir-explicit":null,"dir-speech":null,"indirect":null,"writing-device":null}},{"id":"오븐마루-태릉역점","permalink":"","username":"asdfg","text":"맛잇어요~~~~!!!","date":"Mon Dec 10 23:59:44 +0000 2018","retweets":"30","favorites":"20","mentions":[],"hashtags":[],"geo":"","raw":"맛잇어요~~~~!!!","polarity":{"com":0,"pos":1,"neg":0,"neut":0,"none":0},"intensity":{"high":0,"low":0,"meium":1,"none":0},"expressive":{"dir-action":0,"dir-explicit":0,"dir-speech":1,"indirect":0,"writing-device":0}},{"id":"오븐마루-태릉역점","permalink":"","username":"asdfg","text":"구운치킨은 육즙을 그대로 먹을 수 있는 순살이 제맛인데 \n순살이랑 뼈닭 차이가 2,500원이라니 ㅠㅠ \n순살을 포기못해 울며 시켜요 슬픕니다","date":"Mon Dec 10 23:59:44 +0000 2018","retweets":"30","favorites":"20","mentions":[],"hashtags":[],"geo":"","raw":"구운치킨은 육즙을 그대로 먹을 수 있는 순살이 제맛인데 \n순살이랑 뼈닭 차이가 2,500원이라니 ㅠㅠ \n순살을 포기못해 울며 시켜요 슬픕니다","polarity":{"com":0.03196172281818182,"pos":0.44843483763636366,"neg":0.375228332,"neut":0.03399897372727272,"none":0.11037613381818182},"intensity":{"high":0.07450576483850158,"low":0.09173979747956541,"meium":0.722566615469791,"none":0.11118782221214214},"expressive":{"dir-action":0.04681954682243814,"dir-explicit":0.19424469565402222,"dir-speech":0.2536194141139654,"indirect":0.3908291466718935,"writing-device":0.11448719673768067}},{"id":"오븐마루-태릉역점","permalink":"","username":"asdfg","text":"너무 맛있어요. 또  먹고 싶은 맛 있어 요","date":"Mon Dec 10 23:59:44 +0000 2018","retweets":"30","favorites":"20","mentions":[],"hashtags":[],"geo":"","raw":"너무 맛있어요. 또  먹고 싶은 맛 있어 요","polarity":{"com":0.047619047650793646,"pos":0.4285714285238095,"neg":0.38095238087301586,"neut":0,"none":0.14285714295238094},"intensity":{"high":0.047619047666666664,"low":0.047619047666666664,"meium":0.7619047616666667,"none":0.142857143},"expressive":{"dir-action":0,"dir-explicit":0.238095238,"dir-speech":0.5238095239999999,"indirect":0.047619047666666664,"writing-device":0.19047619033333332}},{"id":"오븐마루-태릉역점","permalink":"","username":"asdfg","text":"맛있어요  가격대비  굿","date":"Mon Dec 10 23:59:44 +0000 2018","retweets":"30","favorites":"20","mentions":[],"hashtags":[],"geo":"","raw":"맛있어요  가격대비  굿","polarity":{"com":0,"pos":0.6666666666666666,"neg":0.3333333333333333,"neut":0,"none":0},"intensity":{"high":0,"low":0,"meium":1,"none":0},"expressive":{"dir-action":0,"dir-explicit":0,"dir-speech":0.3333333333333333,"indirect":0.6666666666666666,"writing-device":0}},{"id":"오븐마루-태릉역점","permalink":"","username":"asdfg","text":"속은 촉촉하고 겉은 안타고 바삭한게 맛있었어요\n아무래도 양은 좀 적어보여요.  그치만 보통 다른 구운치킨집이 비싼거에 비하면? 가격대비 맛도 양도 좋은 곳 인정이요.^^","date":"Mon Dec 10 23:59:44 +0000 2018","retweets":"30","favorites":"20","mentions":[],"hashtags":[],"geo":"","raw":"속은 촉촉하고 겉은 안타고 바삭한게 맛있었어요\n아무래도 양은 좀 적어보여요.  그치만 보통 다른 구운치킨집이 비싼거에 비하면? 가격대비 맛도 양도 좋은 곳 인정이요.^^","polarity":{"com":0.08180593630227426,"pos":0.4046019453244247,"neg":0.3273218278965848,"neut":0.06580652411677418,"none":0.12046376635994203},"intensity":{"high":0.12772821013298297,"low":0.09807435756862967,"meium":0.6530152751033135,"none":0.1211821571950739},"expressive":{"dir-action":0.06321839081645114,"dir-explicit":0.24764706395297797,"dir-speech":0.4391936862149496,"indirect":0.09644899419352806,"writing-device":0.15349186482209326}},{"id":"오븐마루-태릉역점","permalink":"","username":"asdfg","text":"여기 까르보치킨 꼭드셔보세요 진짜 개존맛탱임","date":"Mon Dec 10 23:59:44 +0000 2018","retweets":"30","favorites":"20","mentions":[],"hashtags":[],"geo":"","raw":"여기 까르보치킨 꼭드셔보세요 진짜 개존맛탱임","polarity":{"com":0,"pos":0.6333333334000001,"neg":0.30000000000000004,"neut":0,"none":0.06666666660000001},"intensity":{"high":0,"low":0,"meium":0.9333333334,"none":0.06666666660000001},"expressive":{"dir-action":0,"dir-explicit":0.20000000004000001,"dir-speech":0.46666666669333334,"indirect":0.2666666666533334,"writing-device":0.06666666661333334}},{"id":"오븐마루-태릉역점","permalink":"","username":"asdfg","text":"맛있게 잘  먹었어요","date":"Mon Dec 10 23:59:44 +0000 2018","retweets":"30","favorites":"20","mentions":[],"hashtags":[],"geo":"","raw":"맛있게 잘  먹었어요","polarity":{"com":0,"pos":0.35714285717857136,"neg":0.6071428573035714,"neut":0.03571428551785714,"none":0},"intensity":{"high":0,"low":0.107142857,"meium":0.8928571430000001,"none":0},"expressive":{"dir-action":0,"dir-explicit":0.107142857,"dir-speech":0.5714285715,"indirect":0.3214285715,"writing-device":0}},{"id":"오븐마루-태릉역점","permalink":"","username":"asdfg","text":"맛잇네요 또시킬게요","date":"Mon Dec 10 23:59:44 +0000 2018","retweets":"30","favorites":"20","mentions":[],"hashtags":[],"geo":"","raw":"맛잇네요 또시킬게요","polarity":{"com":0,"pos":0.5714285712142857,"neg":0.21428571439285712,"neut":0,"none":0.21428571439285712},"intensity":{"high":0,"low":0,"meium":0.7857142855,"none":0.2142857145},"expressive":{"dir-action":0,"dir-explicit":0.0714285715,"dir-speech":0.642857143,"indirect":0,"writing-device":0.2857142855}},{"id":"오븐마루-태릉역점","permalink":"","username":"asdfg","text":"감사히 잘먹었습니자","date":"Mon Dec 10 23:59:44 +0000 2018","retweets":"30","favorites":"20","mentions":[],"hashtags":[],"geo":"","raw":"감사히 잘먹었습니자","polarity":{"com":0,"pos":0.7142857147142857,"neg":0.21428571421428572,"neut":0.07142857107142857,"none":0},"intensity":{"high":0,"low":0.214285714,"meium":0.785714286,"none":0},"expressive":{"dir-action":0,"dir-explicit":0.214285714,"dir-speech":0.142857143,"indirect":0.642857143,"writing-device":0}},{"id":"오븐마루-태릉역점","permalink":"","username":"asdfg","text":"아이랑 같이 먹기도 좋고 맛도 많이 느낄할줄 알앗는데 하나도 안느끼하고 맛잇네요 굿입니다","date":"Mon Dec 10 23:59:44 +0000 2018","retweets":"30","favorites":"20","mentions":[],"hashtags":[],"geo":"","raw":"아이랑 같이 먹기도 좋고 맛도 많이 느낄할줄 알앗는데 하나도 안느끼하고 맛잇네요 굿입니다","polarity":{"com":0.0027321751538461544,"pos":0.49633144884615393,"neg":0.37631822338461535,"neut":0.036997446461538464,"none":0.08762070615384618},"intensity":{"high":0.15704281868022746,"low":0.11799488960630808,"meium":0.6362264120279826,"none":0.08873587968548186},"expressive":{"dir-action":0.001115173538547321,"dir-explicit":0.13797448924138264,"dir-speech":0.3926216620302017,"indirect":0.3729767566440751,"writing-device":0.09531191854579323}},{"id":"오븐마루-태릉역점","permalink":"","username":"asdfg","text":"늦은 시간에 매콤한게 먹고 싶었는데 딱 왔네요 호\n정말 맛있세 먹었습니다 감사합니당","date":"Mon Dec 10 23:59:44 +0000 2018","retweets":"30","favorites":"20","mentions":[],"hashtags":[],"geo":"","raw":"늦은 시간에 매콤한게 먹고 싶었는데 딱 왔네요 호\n정말 맛있세 먹었습니다 감사합니당","polarity":{"com":0.003003002999624625,"pos":0.4788201663151475,"neg":0.398063929325242,"neut":0.08585989836426751,"none":0.034253002995718373},"intensity":{"high":0.25651853775,"low":0.067134442125,"meium":0.64171864175,"none":0.034628378375},"expressive":{"dir-action":0.0003753753750000001,"dir-explicit":0.19902835525000004,"dir-speech":0.47627194500000003,"indirect":0.28969594600000004,"writing-device":0.034628378375000005}},{"id":"오븐마루-태릉역점","permalink":"","username":"asdfg","text":"배달도 빠르고 맛도 있어서 좋았어요.\n반반 시키고 후회함ㅠ","date":"Mon Dec 10 23:59:44 +0000 2018","retweets":"30","favorites":"20","mentions":[],"hashtags":[],"geo":"","raw":"배달도 빠르고 맛도 있어서 좋았어요.\n반반 시키고 후회함ㅠ","polarity":{"com":0.0014880951666666666,"pos":0.876547619,"neg":0.03345238100000001,"neut":0.005952381,"none":0.08255952383333333},"intensity":{"high":0.04077380950000001,"low":0.07115079366666667,"meium":0.805515873,"none":0.08255952383333334},"expressive":{"dir-action":0,"dir-explicit":0.29940476183333337,"dir-speech":0.4008928571666667,"indirect":0.21714285716666668,"writing-device":0.08255952383333333}},{"id":"오븐마루-태릉역점","permalink":"","username":"asdfg","text":"항상잘먹고잇어요 배달료없어서좋아요","date":"Mon Dec 10 23:59:44 +0000 2018","retweets":"30","favorites":"20","mentions":[],"hashtags":[],"geo":"","raw":"항상잘먹고잇어요 배달료없어서좋아요","polarity":{"com":0.0038834952,"pos":0.6914433656,"neg":0.2597799354,"neut":0.0097087378,"none":0.035184466000000005},"intensity":{"high":0.10688241637862352,"low":0.0718619201856276,"meium":0.7841294498431741,"none":0.03712621359257476},"expressive":{"dir-action":0,"dir-explicit":0.34988133759999995,"dir-speech":0.5382740021999999,"indirect":0.07083495139999998,"writing-device":0.041009708799999996}},{"id":"오븐마루-태릉역점","permalink":"","username":"asdfg","text":"매일 1닭인 듯~ 매일 끌리는 맛이에요~ 오이지널도 맛있지만 바베큐 로스트 정말 강추!","date":"Mon Dec 10 23:59:44 +0000 2018","retweets":"30","favorites":"20","mentions":[],"hashtags":[],"geo":"","raw":"매일 1닭인 듯~ 매일 끌리는 맛이에요~ 오이지널도 맛있지만 바베큐 로스트 정말 강추!","polarity":{"com":0.0014285714000000001,"pos":0.6928571428000001,"neg":0.13238095240000003,"neut":0.0028571428000000003,"none":0.17047619060000002},"intensity":{"high":0.12857142857428572,"low":0.0561904761887619,"meium":0.6447619046710477,"none":0.17047619056590474},"expressive":{"dir-action":0,"dir-explicit":0.1704761905659047,"dir-speech":0.3766666665246666,"indirect":0.28380952374323803,"writing-device":0.16904761916619043}},{"id":"오븐마루-태릉역점","permalink":"","username":"asdfg","text":"오늘 또 시켰어요! 너무 맛있어서 어머님 드시라고요~어머님이 맛있게 드셔서 더 좋아요!\n담레 또 시킬게요~","date":"Mon Dec 10 23:59:44 +0000 2018","retweets":"30","favorites":"20","mentions":[],"hashtags":[],"geo":"","raw":"오늘 또 시켰어요! 너무 맛있어서 어머님 드시라고요~어머님이 맛있게 드셔서 더 좋아요!\n담레 또 시킬게요~","polarity":{"com":0.03473882938610446,"pos":0.3720578980511768,"neg":0.40239144103904334,"neut":0.01762114539295154,"none":0.1731906861307237},"intensity":{"high":0.14971680302994336,"low":0.05500314661100063,"meium":0.6212083069242417,"none":0.17407174343481435},"expressive":{"dir-action":0.0008810572001762114,"dir-explicit":0.4542479546908496,"dir-speech":0.24367526764873504,"indirect":0.06998112021399623,"writing-device":0.23121460024624294}},{"id":"오븐마루-태릉역점","permalink":"","username":"asdfg","text":"좋아요 많이 파세요.","date":"Mon Dec 10 23:59:44 +0000 2018","retweets":"30","favorites":"20","mentions":[],"hashtags":[],"geo":"","raw":"좋아요 많이 파세요.","polarity":{"com":0,"pos":0.6266666665,"neg":0.297777778,"neut":0.0555555555,"none":0.02},"intensity":{"high":0.1,"low":0.297777778,"meium":0.582222222,"none":0.02},"expressive":{"dir-action":0,"dir-explicit":0.411111111,"dir-speech":0.377777778,"indirect":0.191111111,"writing-device":0.02}},{"id":"오븐마루-태릉역점","permalink":"","username":"asdfg","text":"여기 진짜 맛있네요! 오븐 오리지날은 쫄깃하니 담백한게 제일이고 바베큐로스트 첨 시켰는데요 와~진짜 맛있었어서 후기쓰는 오늘도 또 주문했다능...ㅎㅎㅎ","date":"Mon Dec 10 23:59:44 +0000 2018","retweets":"30","favorites":"20","mentions":[],"hashtags":[],"geo":"","raw":"여기 진짜 맛있네요! 오븐 오리지날은 쫄깃하니 담백한게 제일이고 바베큐로스트 첨 시켰는데요 와~진짜 맛있었어서 후기쓰는 오늘도 또 주문했다능...ㅎㅎㅎ","polarity":{"com":0.0079179895826735,"pos":0.4335035898805414,"neg":0.41771246563185727,"neut":0.07920904982673257,"none":0.06165690507819525},"intensity":{"high":0.06400528617733421,"low":0.06845206417807535,"meium":0.8053852440508975,"none":0.06215740559369289},"expressive":{"dir-action":0.00807625808266031,"dir-explicit":0.24153561697987205,"dir-speech":0.4983232357918064,"indirect":0.18886873473426094,"writing-device":0.06319615441140032}},{"id":"오븐마루-태릉역점","permalink":"","username":"asdfg","text":"배달해주시는 분이 너무 친절하다~~\n먼저 인사도 건네시고 받는사람도 기분좋구~~맛있는 치킨맛에 더 기분좋구~~하지만 양은 작아서 슬픔..","date":"Mon Dec 10 23:59:44 +0000 2018","retweets":"30","favorites":"20","mentions":[],"hashtags":[],"geo":"","raw":"배달해주시는 분이 너무 친절하다~~\n먼저 인사도 건네시고 받는사람도 기분좋구~~맛있는 치킨맛에 더 기분좋구~~하지만 양은 작아서 슬픔..","polarity":{"com":0.001853231538461538,"pos":0.6439999325384614,"neg":0.2956476468461538,"neut":0.012876815846153843,"none":0.045622373230769224},"intensity":{"high":0.09211518146862423,"low":0.11891290108607024,"meium":0.743349544211027,"none":0.045622373234278646},"expressive":{"dir-action":0,"dir-explicit":0.23248141313596302,"dir-speech":0.553284778265132,"indirect":0.1691608859100646,"writing-device":0.045072922688840555}},{"id":"오븐마루-태릉역점","permalink":"","username":"asdfg","text":"너무 담백하고 맛있는 오븐치킨~~~~~~^^\n하지만 양이 적어서 조금아쉽지만 맛있어서 또주문!!","date":"Mon Dec 10 23:59:44 +0000 2018","retweets":"30","favorites":"20","mentions":[],"hashtags":[],"geo":"","raw":"너무 담백하고 맛있는 오븐치킨~~~~~~^^\n하지만 양이 적어서 조금아쉽지만 맛있어서 또주문!!","polarity":{"com":0.027813527828697743,"pos":0.1497211498083798,"neg":0.6581939080569678,"neut":0.08883883881852686,"none":0.0754325754874279},"intensity":{"high":0.04282854283333334,"low":0.12115687116666667,"meium":0.76008151,"none":0.075933076},"expressive":{"dir-action":0.0005005005,"dir-explicit":0.33776633766666664,"dir-speech":0.4435864436666667,"indirect":0.11840411849999999,"writing-device":0.09974259966666667}},{"id":"오븐마루-태릉역점","permalink":"","username":"asdfg","text":"맛잇음  또시켜야겟네용","date":"Mon Dec 10 23:59:44 +0000 2018","retweets":"30","favorites":"20","mentions":[],"hashtags":[],"geo":"","raw":"맛잇음  또시켜야겟네용","polarity":{"com":0,"pos":0.5714285712142857,"neg":0.21428571439285712,"neut":0,"none":0.21428571439285712},"intensity":{"high":0,"low":0,"meium":0.7857142855,"none":0.2142857145},"expressive":{"dir-action":0,"dir-explicit":0.0714285715,"dir-speech":0.642857143,"indirect":0,"writing-device":0.2857142855}},{"id":"오븐마루-태릉역점","permalink":"","username":"asdfg","text":"맛있네요! 치즈칠리 !","date":"Mon Dec 10 23:59:44 +0000 2018","retweets":"30","favorites":"20","mentions":[],"hashtags":[],"geo":"","raw":"맛있네요! 치즈칠리 !","polarity":{"com":0,"pos":0,"neg":1,"neut":0,"none":0},"intensity":{"high":0,"low":0,"meium":1,"none":0},"expressive":{"dir-action":0,"dir-explicit":0,"dir-speech":1,"indirect":0,"writing-device":0}},{"id":"오븐마루-태릉역점","permalink":"","username":"asdfg","text":"오븐마루는 별미죠^^양만 좀 많았으면ㅜㅜ","date":"Mon Dec 10 23:59:44 +0000 2018","retweets":"30","favorites":"20","mentions":[],"hashtags":[],"geo":"","raw":"오븐마루는 별미죠^^양만 좀 많았으면ㅜㅜ","polarity":{"com":0,"pos":0.658730158829365,"neg":0.2539682541269841,"neut":0.04761904752380952,"none":0.03968253951984127},"intensity":{"high":0.015873016000000004,"low":0.11904761900000001,"meium":0.8253968255,"none":0.03968253950000001},"expressive":{"dir-action":0,"dir-explicit":0.2793650795,"dir-speech":0.6333333335,"indirect":0.0396825395,"writing-device":0.0476190475}},{"id":"오븐마루-태릉역점","permalink":"","username":"asdfg","text":"껍질이 쫄깃하니 맛있는게 일품이네요! 첫주문 성공~","date":"Mon Dec 10 23:59:44 +0000 2018","retweets":"30","favorites":"20","mentions":[],"hashtags":[],"geo":"","raw":"껍질이 쫄깃하니 맛있는게 일품이네요! 첫주문 성공~","polarity":{"com":0.007816640165363894,"pos":0.3971414854338098,"neg":0.507603757582066,"neut":0.046397075825600494,"none":0.04104104099315982},"intensity":{"high":0.05308136184218023,"low":0.06609211017768202,"meium":0.8392849864732143,"none":0.04154154150692359},"expressive":{"dir-action":0.0005005005000000001,"dir-explicit":0.3397175456666667,"dir-speech":0.3308353601666667,"indirect":0.28413707833333335,"writing-device":0.044809515333333334}},{"id":"오븐마루-태릉역점","permalink":"","username":"asdfg","text":"파닭 현미베이크 쥰맛 ㅜㅜㅜㅜㅜㅜ\n진짜 님들 꼭 먹어보세여 진짜 인생치킨","date":"Mon Dec 10 23:59:44 +0000 2018","retweets":"30","favorites":"20","mentions":[],"hashtags":[],"geo":"","raw":"파닭 현미베이크 쥰맛 ㅜㅜㅜㅜㅜㅜ\n진짜 님들 꼭 먹어보세여 진짜 인생치킨","polarity":{"com":0.007246376750000001,"pos":0.5887681157500001,"neg":0.382246377,"neut":0.021739130500000002,"none":0},"intensity":{"high":0.0350241545,"low":0.220410628,"meium":0.740942029,"none":0.0036231885},"expressive":{"dir-action":0,"dir-explicit":0.09903381627475845,"dir-speech":0.4607487923651872,"indirect":0.4402173913600544,"writing-device":0}},{"id":"오븐마루-태릉역점","permalink":"","username":"asdfg","text":"체인점 멋 그대로입니다","date":"Mon Dec 10 23:59:44 +0000 2018","retweets":"30","favorites":"20","mentions":[],"hashtags":[],"geo":"","raw":"체인점 멋 그대로입니다","polarity":{"com":0,"pos":0.6,"neg":0.4,"neut":0,"none":0},"intensity":{"high":0,"low":0.2,"meium":0.8,"none":0},"expressive":{"dir-action":0,"dir-explicit":0.4,"dir-speech":0.2,"indirect":0.4,"writing-device":0}},{"id":"오븐마루-태릉역점","permalink":"","username":"asdfg","text":"언제 시켜먹어도 변하지 않는 그 매콤달콤한  바베큐맛 다음에 또 시켜먹고 싶어지는 맛입니다","date":"Mon Dec 10 23:59:44 +0000 2018","retweets":"30","favorites":"20","mentions":[],"hashtags":[],"geo":"","raw":"언제 시켜먹어도 변하지 않는 그 매콤달콤한  바베큐맛 다음에 또 시켜먹고 싶어지는 맛입니다","polarity":{"com":0.0030030029996246247,"pos":0.5527670526809042,"neg":0.38352638357705915,"neut":0.0041291291244838595,"none":0.056574431617928196},"intensity":{"high":0.16704204200000003,"low":0.066066066,"meium":0.7099420850000001,"none":0.056949807000000005},"expressive":{"dir-action":0.000375375375,"dir-explicit":0.23745173737500003,"dir-speech":0.6164199914999999,"indirect":0.070945946,"writing-device":0.07480694975}},{"id":"오븐마루-태릉역점","permalink":"","username":"asdfg","text":"현미베이크의 바삭함과 달콤한 맛이 매운거 못먹는 사람들에게 강추합니다","date":"Mon Dec 10 23:59:44 +0000 2018","retweets":"30","favorites":"20","mentions":[],"hashtags":[],"geo":"","raw":"현미베이크의 바삭함과 달콤한 맛이 매운거 못먹는 사람들에게 강추합니다","polarity":{"com":0.04056314383333333,"pos":0.47701249633333326,"neg":0.4542768575,"neut":0.019484000166666664,"none":0.008663502166666667},"intensity":{"high":0.0608350285,"low":0.10373922299999999,"meium":0.8259033228333333,"none":0.009522425666666666},"expressive":{"dir-action":0.0015757693333333335,"dir-explicit":0.14141883816666667,"dir-speech":0.5770819206666667,"indirect":0.18742613583333334,"writing-device":0.092497336}},{"id":"오븐마루-태릉역점","permalink":"","username":"asdfg","text":"가격도 저렴하고 배달이 정말 빠르고 친절하시고 치킨은 매콤하고 장말 맛있습니다 단점은 양이 아쉽습니다.","date":"Mon Dec 10 23:59:44 +0000 2018","retweets":"30","favorites":"20","mentions":[],"hashtags":[],"geo":"","raw":"가격도 저렴하고 배달이 정말 빠르고 친절하시고 치킨은 매콤하고 장말 맛있습니다 단점은 양이 아쉽습니다.","polarity":{"com":0.010471731272727273,"pos":0.5708185929999999,"neg":0.36046831381818184,"neut":0.024721915090909093,"none":0.033519446818181815},"intensity":{"high":0.18867590557975927,"low":0.05018627364548841,"meium":0.7264763894048138,"none":0.03466143136993844},"expressive":{"dir-action":0.0015329913637757268,"dir-explicit":0.19308058874482553,"dir-speech":0.3768508500342592,"indirect":0.39406964194491545,"writing-device":0.03446592791222418}},{"id":"오븐마루-태릉역점","permalink":"","username":"asdfg","text":"맛있게 잘먹었습니다! ^^","date":"Mon Dec 10 23:59:44 +0000 2018","retweets":"30","favorites":"20","mentions":[],"hashtags":[],"geo":"","raw":"맛있게 잘먹었습니다! ^^","polarity":{"com":0,"pos":0.35714285717857136,"neg":0.6071428573035714,"neut":0.03571428551785714,"none":0},"intensity":{"high":0,"low":0.107142857,"meium":0.8928571430000001,"none":0},"expressive":{"dir-action":0,"dir-explicit":0.107142857,"dir-speech":0.5714285715,"indirect":0.3214285715,"writing-device":0}},{"id":"오븐마루-태릉역점","permalink":"","username":"asdfg","text":"늘먹지만정말카르보치킨은정말짱!","date":"Mon Dec 10 23:59:44 +0000 2018","retweets":"30","favorites":"20","mentions":[],"hashtags":[],"geo":"","raw":"늘먹지만정말카르보치킨은정말짱!","polarity":{"com":0.005649717666666667,"pos":0.47975517866666667,"neg":0.40866290033333325,"neut":0.011299434999999997,"none":0.09463276833333333},"intensity":{"high":0.23760200874586734,"low":0.11927181403975727,"meium":0.5484934088494978,"none":0.09463276836487759},"expressive":{"dir-action":0,"dir-explicit":0.331136221,"dir-speech":0.5290332706666666,"indirect":0.04519773999999999,"writing-device":0.09463276833333334}},{"id":"오븐마루-태릉역점","permalink":"","username":"asdfg","text":"치즈칠리 추천해주셔서 먹어봤는데, 맛있더라고요.\n앞으로 치즈칠리만 먹을듯요~~ㅎ","date":"Mon Dec 10 23:59:44 +0000 2018","retweets":"30","favorites":"20","mentions":[],"hashtags":[],"geo":"","raw":"치즈칠리 추천해주셔서 먹어봤는데, 맛있더라고요.\n앞으로 치즈칠리만 먹을듯요~~ㅎ","polarity":{"com":0,"pos":0.361111111,"neg":0.5833333333333333,"neut":0.027777777833333326,"none":0.027777777833333326},"intensity":{"high":0.10185185181635802,"low":0.12037037031327158,"meium":0.7500000000416666,"none":0.027777777828703696},"expressive":{"dir-action":0,"dir-explicit":0.09259259265123457,"dir-speech":0.6296296295617285,"indirect":0.2222222221296297,"writing-device":0.05555555565740741}},{"id":"오븐마루-태릉역점","permalink":"","username":"asdfg","text":"데리갈릭과 오리지날 시켜서 먹었는데, 맛있더라고요.","date":"Mon Dec 10 23:59:44 +0000 2018","retweets":"30","favorites":"20","mentions":[],"hashtags":[],"geo":"","raw":"데리갈릭과 오리지날 시켜서 먹었는데, 맛있더라고요.","polarity":{"com":0,"pos":0.1666666665,"neg":0.8333333334999999,"neut":0,"none":0},"intensity":{"high":0.0555555555,"low":0.111111111,"meium":0.8333333334999999,"none":0},"expressive":{"dir-action":0,"dir-explicit":0.111111111,"dir-speech":0.888888889,"indirect":0,"writing-device":0}},{"id":"오븐마루-태릉역점","permalink":"","username":"asdfg","text":"괜찮아요......","date":"Mon Dec 10 23:59:44 +0000 2018","retweets":"30","favorites":"20","mentions":[],"hashtags":[],"geo":"","raw":"괜찮아요......","polarity":{"com":null,"pos":null,"neg":null,"neut":null,"none":null},"intensity":{"high":null,"low":null,"meium":null,"none":null},"expressive":{"dir-action":null,"dir-explicit":null,"dir-speech":null,"indirect":null,"writing-device":null}},{"id":"오븐마루-태릉역점","permalink":"","username":"asdfg","text":"굿~","date":"Mon Dec 10 23:59:44 +0000 2018","retweets":"30","favorites":"20","mentions":[],"hashtags":[],"geo":"","raw":"굿~~~~~~~~~~","polarity":{"com":0,"pos":1,"neg":0,"neut":0,"none":0},"intensity":{"high":0,"low":0,"meium":1,"none":0},"expressive":{"dir-action":0,"dir-explicit":0,"dir-speech":0,"indirect":1,"writing-device":0}},{"id":"오븐마루-태릉역점","permalink":"","username":"asdfg","text":"양이 너무 적어요. 말도 안되게. 그리고 캔콜라도 없구. 안시킬거임. 반마리분량인듯.","date":"Mon Dec 10 23:59:44 +0000 2018","retweets":"30","favorites":"20","mentions":[],"hashtags":[],"geo":"","raw":"양이 너무 적어요. 말도 안되게. 그리고 캔콜라도 없구. 안시킬거임. 반마리분량인듯.","polarity":{"com":0.0032679738576097106,"pos":0.17413632116773375,"neg":0.7063492063866214,"neut":0.06069094300867013,"none":0.055555555579365076},"intensity":{"high":0.01820728285714285,"low":0.13071895428571426,"meium":0.7955182072857142,"none":0.05555555557142855},"expressive":{"dir-action":0,"dir-explicit":0.2740429506105776,"dir-speech":0.4337068160619581,"indirect":0.16246498588035213,"writing-device":0.12978524744711217}},{"id":"오븐마루-태릉역점","permalink":"","username":"asdfg","text":"구성물도 깔끔하고, 치킨도 맛있습니다. 다만 배달중에 좀 흔들렸는지, 스프라이트 뚜껑 열자마자 콸콸콸 터진게 살짝 아쉽습니다.\n아무튼 만족하면서 먹었습니다.","date":"Mon Dec 10 23:59:44 +0000 2018","retweets":"30","favorites":"20","mentions":[],"hashtags":[],"geo":"","raw":"구성물도 깔끔하고, 치킨도 맛있습니다. 다만 배달중에 좀 흔들렸는지, 스프라이트 뚜껑 열자마자 콸콸콸 터진게 살짝 아쉽습니다.\n아무튼 만족하면서 먹었습니다.","polarity":{"com":0.0034827034542288453,"pos":0.40234540232705945,"neg":0.4022716023270662,"neut":0.019586419543673964,"none":0.17231387234797144},"intensity":{"high":0.05344205345454545,"low":0.09990729981818182,"meium":0.6740637740909091,"none":0.17258687263636363},"expressive":{"dir-action":0.00027300027267763635,"dir-explicit":0.29821109821850705,"dir-speech":0.34183414175603016,"indirect":0.18839358842029205,"writing-device":0.17128817133249308}},{"id":"오븐마루-태릉역점","permalink":"","username":"asdfg","text":"혼자먹기 매우 좋은 양입니다! 사진을 잘 못찍어서 좀 이상하게 나왔을수는 있지만 맛은 보장할 수 있습니다ㅏㅏㅏ 또 시켜먹을게용","date":"Mon Dec 10 23:59:44 +0000 2018","retweets":"30","favorites":"20","mentions":[],"hashtags":[],"geo":"","raw":"혼자먹기 매우 좋은 양입니다! 사진을 잘 못찍어서 좀 이상하게 나왔을수는 있지만 맛은 보장할 수 있습니다ㅏㅏㅏ 또 시켜먹을게용","polarity":{"com":0.0075772818,"pos":0.5392045889333333,"neg":0.3066131928666667,"neut":0.0220590136,"none":0.12454592280000001},"intensity":{"high":0.04413699347255161,"low":0.08230727914430763,"meium":0.7488664353665155,"none":0.12468929201662525},"expressive":{"dir-action":0.005192012266666666,"dir-explicit":0.19069780853333337,"dir-speech":0.4028787072000001,"indirect":0.2576148498,"writing-device":0.14361662220000002}},{"id":"오븐마루-태릉역점","permalink":"","username":"asdfg","text":"담백하니 맛있어요.\n바베큐는 고추장맛이 많이 나는데 \n살짝 더 매콤했음 맛있을거같아요","date":"Mon Dec 10 23:59:44 +0000 2018","retweets":"30","favorites":"20","mentions":[],"hashtags":[],"geo":"","raw":"담백하니 맛있어요.\n바베큐는 고추장맛이 많이 나는데 \n살짝 더 매콤했음 맛있을거같아요","polarity":{"com":0.004819873667202209,"pos":0.441687496604632,"neg":0.48848884283205424,"neut":0.04557885878284209,"none":0.019424928113269437},"intensity":{"high":0.051062014999999995,"low":0.1200911591111111,"meium":0.8088492821111112,"none":0.01999754377777778},"expressive":{"dir-action":0.0010505128888888891,"dir-explicit":0.16505600644444446,"dir-speech":0.4901426438888889,"indirect":0.21111746211111115,"writing-device":0.1326333746666667}},{"id":"오븐마루-태릉역점","permalink":"","username":"asdfg","text":"어머니가 제치킨을 뺏어먹은건 살면서 처음이네요.","date":"Mon Dec 10 23:59:44 +0000 2018","retweets":"30","favorites":"20","mentions":[],"hashtags":[],"geo":"","raw":"어머니가 제치킨을 뺏어먹은건 살면서 처음이네요.","polarity":{"com":0.02681252685331249,"pos":0.38181038180259846,"neg":0.48400441250228504,"neut":0.025586811282059023,"none":0.08178586755974486},"intensity":{"high":0.132407918,"low":0.1546240117142857,"meium":0.6311822027142858,"none":0.08178586757142857},"expressive":{"dir-action":0.0021450021431635717,"dir-explicit":0.18014953731144995,"dir-speech":0.4559048844937007,"indirect":0.2757553471822508,"writing-device":0.08604522886943504}},{"id":"오븐마루-태릉역점","permalink":"","username":"asdfg","text":"맛있어요~~~잘먹겠습니다","date":"Mon Dec 10 23:59:44 +0000 2018","retweets":"30","favorites":"20","mentions":[],"hashtags":[],"geo":"","raw":"맛있어요~~~잘먹겠습니다","polarity":{"com":0,"pos":0.35714285717857136,"neg":0.6071428573035714,"neut":0.03571428551785714,"none":0},"intensity":{"high":0,"low":0.107142857,"meium":0.8928571430000001,"none":0},"expressive":{"dir-action":0,"dir-explicit":0.107142857,"dir-speech":0.5714285715,"indirect":0.3214285715,"writing-device":0}},{"id":"오븐마루-태릉역점","permalink":"","username":"asdfg","text":"가격도 좋고 배달도 빠르고 맛있네요^^","date":"Mon Dec 10 23:59:44 +0000 2018","retweets":"30","favorites":"20","mentions":[],"hashtags":[],"geo":"","raw":"가격도 좋고 배달도 빠르고 맛있네요^^","polarity":{"com":0,"pos":0.784,"neg":0.20800000000000002,"neut":0,"none":0.008},"intensity":{"high":0.04,"low":0.0746666666,"meium":0.8773333334,"none":0.008},"expressive":{"dir-action":0,"dir-explicit":0.11999999999999997,"dir-speech":0.43999999999999995,"indirect":0.43199999999999994,"writing-device":0.007999999999999998}},{"id":"오븐마루-태릉역점","permalink":"","username":"asdfg","text":"사진을 못 찍었는데 정말 맛있게 잘 먹었습니다.","date":"Mon Dec 10 23:59:44 +0000 2018","retweets":"30","favorites":"20","mentions":[],"hashtags":[],"geo":"","raw":"사진을 못 찍었는데 정말 맛있게 잘 먹었습니다.","polarity":{"com":0,"pos":0.7098214286774553,"neg":0.20982142855245536,"neut":0.017857142754464286,"none":0.062500000015625},"intensity":{"high":0.21875,"low":0.0535714285,"meium":0.6651785715,"none":0.0625},"expressive":{"dir-action":0,"dir-explicit":0.2410714285,"dir-speech":0.16071428575,"indirect":0.53571428575,"writing-device":0.0625}},{"id":"오븐마루-태릉역점","permalink":"","username":"asdfg","text":"늘 즐겨먹는 오븐마루~~오늘은 첨으로 닭발도 시켜봤네요.매워매어~~매운거 좋아하심 딱이네요.다만 무뼈인줄 알았는데ㅜㅜ더 맵!","date":"Mon Dec 10 23:59:44 +0000 2018","retweets":"30","favorites":"20","mentions":[],"hashtags":[],"geo":"","raw":"늘 즐겨먹는 오븐마루~~오늘은 첨으로 닭발도 시켜봤네요.매워매어~~매운거 좋아하심 딱이네요.다만 무뼈인줄 알았는데ㅜㅜ더 맵!","polarity":{"com":0.006270078700000001,"pos":0.415615954,"neg":0.39554573,"neut":0.030386136299999998,"none":0.15218210100000001},"intensity":{"high":0.08082876962424863,"low":0.16081706564824513,"meium":0.6061720636818517,"none":0.15218210104565463},"expressive":{"dir-action":0,"dir-explicit":0.23082708410000002,"dir-speech":0.25466763959999994,"indirect":0.20840160670000002,"writing-device":0.3061036696}},{"id":"오븐마루-태릉역점","permalink":"","username":"asdfg","text":"맛잇어요 배달도 잘해주셧오요","date":"Mon Dec 10 23:59:44 +0000 2018","retweets":"30","favorites":"20","mentions":[],"hashtags":[],"geo":"","raw":"맛잇어요 배달도 잘해주셧오요","polarity":{"com":0,"pos":0.642857143,"neg":0.357142857,"neut":0,"none":0},"intensity":{"high":0.21428571439285712,"low":0.1428571429285714,"meium":0.6428571426785714,"none":0},"expressive":{"dir-action":0,"dir-explicit":0.142857143,"dir-speech":0.5714285715,"indirect":0.2857142855,"writing-device":0}},{"id":"오븐마루-태릉역점","permalink":"","username":"asdfg","text":"진짜 맛있어요..! 양도 많고ㅠㅠ 앞으로 야작할 때 매일 시켜먹을게요","date":"Mon Dec 10 23:59:44 +0000 2018","retweets":"30","favorites":"20","mentions":[],"hashtags":[],"geo":"","raw":"진짜 맛있어요..! 양도 많고ㅠㅠ 앞으로 야작할 때 매일 시켜먹을게요","polarity":{"com":0,"pos":0.2843214755431357,"neg":0.6191040842761791,"neut":0.0965744401806851,"none":0},"intensity":{"high":0.09257795341851559,"low":0.209134826441827,"meium":0.6982872201396575,"none":0},"expressive":{"dir-action":0,"dir-explicit":0.21848924019999996,"dir-speech":0.6960035133999999,"indirect":0.052173912999999995,"writing-device":0.03333333339999999}},{"id":"오븐마루-태릉역점","permalink":"","username":"asdfg","text":"아마시다","date":"Mon Dec 10 23:59:44 +0000 2018","retweets":"30","favorites":"20","mentions":[],"hashtags":[],"geo":"","raw":"아ㅏㅏㅏㅏㅏㅏㅏㅏㅏ마시다","polarity":{"com":0,"pos":1,"neg":0,"neut":0,"none":0},"intensity":{"high":0,"low":0,"meium":1,"none":0},"expressive":{"dir-action":0,"dir-explicit":0,"dir-speech":1,"indirect":0,"writing-device":0}},{"id":"오븐마루-태릉역점","permalink":"","username":"asdfg","text":"여기서 계속 시켜먹고있어요. 담백하고 맛있어요","date":"Mon Dec 10 23:59:44 +0000 2018","retweets":"30","favorites":"20","mentions":[],"hashtags":[],"geo":"","raw":"여기서 계속 시켜먹고있어요. 담백하고 맛있어요","polarity":{"com":0.0048048048000000005,"pos":0.28918918920000003,"neg":0.6945945946000001,"neut":0.0066066066,"none":0.0048048048000000005},"intensity":{"high":0.245045045,"low":0.06126126119999999,"meium":0.6882882884,"none":0.0054054053999999995},"expressive":{"dir-action":0.0006006006000000002,"dir-explicit":0.1069069068,"dir-speech":0.5735735736,"indirect":0.3135135136,"writing-device":0.0054054054}},{"id":"오븐마루-태릉역점","permalink":"","username":"asdfg","text":"구운닭중에 가장 맛있는거 같애요^^","date":"Mon Dec 10 23:59:44 +0000 2018","retweets":"30","favorites":"20","mentions":[],"hashtags":[],"geo":"","raw":"구운닭중에 가장 맛있는거 같애요^^","polarity":{"com":0.010752688329749105,"pos":0.5376344084874551,"neg":0.45161290318279573,"neut":0,"none":0},"intensity":{"high":0.15053763428315411,"low":0.010752688329749105,"meium":0.8279569890573476,"none":0.010752688329749105},"expressive":{"dir-action":0,"dir-explicit":0.06451612899999999,"dir-speech":0.188172043,"indirect":0.569892473,"writing-device":0.17741935499999997}},{"id":"오븐마루-태릉역점","permalink":"","username":"asdfg","text":"담백하게 맛있어요.\n튀김옷 안땡길땐 오븐치킨!","date":"Mon Dec 10 23:59:44 +0000 2018","retweets":"30","favorites":"20","mentions":[],"hashtags":[],"geo":"","raw":"담백하게 맛있어요.\n튀김옷 안땡길땐 오븐치킨!","polarity":{"com":0.008008008002669337,"pos":0.31531531543843844,"neg":0.5465465465155155,"neut":0.12212212204070738,"none":0.008008008002669337},"intensity":{"high":0.038038038,"low":0.2502502503333333,"meium":0.7027027026666667,"none":0.009009009},"expressive":{"dir-action":0.0010010010000000003,"dir-explicit":0.104104104,"dir-speech":0.5855855856666666,"indirect":0.3003003003333334,"writing-device":0.009009009}},{"id":"오븐마루-태릉역점","permalink":"","username":"asdfg","text":"순삭해서..사진이ㅠㅠ\n처음 시켜먹었는데 진짜 맛있네요ㅎㅎ\n가성비 짱이에요ㅋㅋ","date":"Mon Dec 10 23:59:44 +0000 2018","retweets":"30","favorites":"20","mentions":[],"hashtags":[],"geo":"","raw":"순삭해서..사진이ㅠㅠ\n처음 시켜먹었는데 진짜 맛있네요ㅎㅎ\n가성비 짱이에요ㅋㅋ","polarity":{"com":0.026441114139079833,"pos":0.40649612722764344,"neg":0.44690020679329995,"neut":0.05102748827842464,"none":0.06913506356155213},"intensity":{"high":0.06703658972386237,"low":0.08598125458371159,"meium":0.7775398723967915,"none":0.06944228329563461},"expressive":{"dir-action":0.0009216589998683344,"dir-explicit":0.17717366526040376,"dir-speech":0.5031098656424128,"indirect":0.24685862610759163,"writing-device":0.0719361839897234}},{"id":"오븐마루-태릉역점","permalink":"","username":"asdfg","text":"맛도 좋고 혼자먹기에 아주 좋은양","date":"Mon Dec 10 23:59:44 +0000 2018","retweets":"30","favorites":"20","mentions":[],"hashtags":[],"geo":"","raw":"맛도 좋고 혼자먹기에 아주 좋은양","polarity":{"com":0,"pos":0.6675,"neg":0.3225,"neut":0,"none":0.01},"intensity":{"high":0.1125,"low":0.09333333325,"meium":0.78416666675,"none":0.01},"expressive":{"dir-action":0,"dir-explicit":0.15,"dir-speech":0.52916666675,"indirect":0.31083333325,"writing-device":0.01}},{"id":"오븐마루-태릉역점","permalink":"","username":"asdfg","text":"오븐마루는 늘 양이 조금 적어 아쉽긴 하지만\n대체재가 없어 맛있게 먹고있어요.\n반반메뉴 시켰는데 양념 맛도 무료로 고를 수 있었어요\n데리랑 고민하다 달달인가로 시켰는데 갈비양념처럼 달달했어요\n가격도 다른 곳에 비해 비싼 편은 아니고\n오늘도 잘 먹었습니다 감사합니다.","date":"Mon Dec 10 23:59:44 +0000 2018","retweets":"30","favorites":"20","mentions":[],"hashtags":[],"geo":"","raw":"오븐마루는 늘 양이 조금 적어 아쉽긴 하지만\n대체재가 없어 맛있게 먹고있어요.\n반반메뉴 시켰는데 양념 맛도 무료로 고를 수 있었어요\n데리랑 고민하다 달달인가로 시켰는데 갈비양념처럼 달달했어요\n가격도 다른 곳에 비해 비싼 편은 아니고\n오늘도 잘 먹었습니다 감사합니다.","polarity":{"com":0.009839901499508004,"pos":0.4018267650799087,"neg":0.40316639312984176,"neut":0.08265051994586747,"none":0.10251642034487417},"intensity":{"high":0.10883552278911644,"low":0.11720717018827931,"meium":0.6702914613829708,"none":0.10366584563963342},"expressive":{"dir-action":0.0011494253000000002,"dir-explicit":0.27914750960000007,"dir-speech":0.38415708815000005,"indirect":0.22914477285,"writing-device":0.10640120410000002}},{"id":"오븐마루-태릉역점","permalink":"","username":"asdfg","text":"까르보베이크 존맛이에요...최고...","date":"Mon Dec 10 23:59:44 +0000 2018","retweets":"30","favorites":"20","mentions":[],"hashtags":[],"geo":"","raw":"까르보베이크 존맛이에요...최고...","polarity":{"com":0,"pos":0.888888889,"neg":0.111111111,"neut":0,"none":0},"intensity":{"high":0.777777778,"low":0,"meium":0.222222222,"none":0},"expressive":{"dir-action":0,"dir-explicit":0,"dir-speech":0,"indirect":1,"writing-device":0}},{"id":"오븐마루-태릉역점","permalink":"","username":"asdfg","text":"마마마아앙이이잉어어어요오ㅗ","date":"Mon Dec 10 23:59:44 +0000 2018","retweets":"30","favorites":"20","mentions":[],"hashtags":[],"geo":"","raw":"마마마아앙이이잉어어어요오ㅗ","polarity":{"com":0.030837004,"pos":0.431718062,"neg":0.440528634,"neut":0.088105727,"none":0.008810573},"intensity":{"high":0.10572687210572689,"low":0.13215859013215858,"meium":0.7488986787488987,"none":0.01321585901321586},"expressive":{"dir-action":0.004405286004405286,"dir-explicit":0.4140969164140969,"dir-speech":0.3612334803612335,"indirect":0.20704845820704845,"writing-device":0.01321585901321586}},{"id":"오븐마루-태릉역점","permalink":"","username":"asdfg","text":"맛있네요 ^^\n매운 거 좋아하는데 맛있게 먹었어요~~","date":"Mon Dec 10 23:59:44 +0000 2018","retweets":"30","favorites":"20","mentions":[],"hashtags":[],"geo":"","raw":"맛있네요 ^^\n매운 거 좋아하는데 맛있게 먹었어요~~","polarity":{"com":0,"pos":0.08333333325,"neg":0.91666666675,"neut":0,"none":0},"intensity":{"high":0.02777777775,"low":0.0555555555,"meium":0.91666666675,"none":0},"expressive":{"dir-action":0,"dir-explicit":0.0555555555,"dir-speech":0.8194444445,"indirect":0,"writing-device":0.125}},{"id":"오븐마루-태릉역점","permalink":"","username":"asdfg","text":"배달이 좀 늦었지만  ....  맛있어요 오븐마루","date":"Mon Dec 10 23:59:44 +0000 2018","retweets":"30","favorites":"20","mentions":[],"hashtags":[],"geo":"","raw":"배달이 좀 늦었지만  ....  맛있어요 오븐마루","polarity":{"com":0,"pos":0.6666666666666666,"neg":0.3333333333333333,"neut":0,"none":0},"intensity":{"high":0,"low":0,"meium":1,"none":0},"expressive":{"dir-action":0,"dir-explicit":0.13333333333333333,"dir-speech":0.8666666666666667,"indirect":0,"writing-device":0}},{"id":"오븐마루-태릉역점","permalink":"","username":"asdfg","text":"요기요로는 처음 시켜봤고 전에 여러번 먹어봤는데 항상 맛있어요!><\n치즈칠리b","date":"Mon Dec 10 23:59:44 +0000 2018","retweets":"30","favorites":"20","mentions":[],"hashtags":[],"geo":"","raw":"요기요로는 처음 시켜봤고 전에 여러번 먹어봤는데 항상 맛있어요!><\n치즈칠리b","polarity":{"com":0,"pos":0.5625,"neg":0.15625,"neut":0.28125,"none":0},"intensity":{"high":0.09375,"low":0.25,"meium":0.65625,"none":0},"expressive":{"dir-action":0,"dir-explicit":0.1875,"dir-speech":0.53125,"indirect":0.28125,"writing-device":0}},{"id":"오븐마루-태릉역점","permalink":"","username":"asdfg","text":"너무맛있어사 양이 적게느껴지는거같기도","date":"Mon Dec 10 23:59:44 +0000 2018","retweets":"30","favorites":"20","mentions":[],"hashtags":[],"geo":"","raw":"너무맛있어사 양이 적게느껴지는거같기도","polarity":{"com":0.030000000000000006,"pos":0.22698412680000005,"neg":0.6530158732000001,"neut":0.0028571428000000003,"none":0.08714285720000002},"intensity":{"high":0.1682539682,"low":0.0514285714,"meium":0.6931746032,"none":0.0871428572},"expressive":{"dir-action":0,"dir-explicit":0.37365079352526986,"dir-speech":0.18380952376323811,"indirect":0.1568253969686349,"writing-device":0.2857142857428571}},{"id":"오븐마루-태릉역점","permalink":"","username":"asdfg","text":"사장님! 맛있게 잘먹었습니다! \n너무 바삭하고  맛있어요~\n최고! ^^","date":"Mon Dec 10 23:59:44 +0000 2018","retweets":"30","favorites":"20","mentions":[],"hashtags":[],"geo":"","raw":"사장님! 맛있게 잘먹었습니다! \n너무 바삭하고  맛있어요~\n최고! ^^","polarity":{"com":0.030870279206174057,"pos":0.41357416528271485,"neg":0.48839627809767927,"neut":0.028078817605615765,"none":0.03908045980781609},"intensity":{"high":0.20711548995857687,"low":0.09671592778065681,"meium":0.6547892718690421,"none":0.04137931039172414},"expressive":{"dir-action":0.00229885060045977,"dir-explicit":0.18932676503786533,"dir-speech":0.3684729064736946,"indirect":0.3939244664787849,"writing-device":0.045977011409195405}},{"id":"오븐마루-태릉역점","permalink":"","username":"asdfg","text":"맛있게 먹었습니다. 눅눅해지는 부분이 아쉽네요","date":"Mon Dec 10 23:59:44 +0000 2018","retweets":"30","favorites":"20","mentions":[],"hashtags":[],"geo":"","raw":"맛있게 먹었습니다. 눅눅해지는 부분이 아쉽네요","polarity":{"com":0,"pos":0.44444444433333335,"neg":0.5555555556666666,"neut":0,"none":0},"intensity":{"high":0.037037037,"low":0.07407407399999999,"meium":0.888888889,"none":0},"expressive":{"dir-action":0,"dir-explicit":0.074074074,"dir-speech":0.925925926,"indirect":0,"writing-device":0}},{"id":"오븐마루-태릉역점","permalink":"","username":"asdfg","text":"오븐마루 첨먹어봣는데 진짜 너무맛잇고 배달도빨라요 굳굳","date":"Mon Dec 10 23:59:44 +0000 2018","retweets":"30","favorites":"20","mentions":[],"hashtags":[],"geo":"","raw":"오븐마루 첨먹어봣는데 진짜 너무맛잇고 배달도빨라요 굳굳","polarity":{"com":0.028571428599999997,"pos":0.4552380952,"neg":0.5161904762,"neut":0,"none":0},"intensity":{"high":0.09079365079999999,"low":0.21301587299999997,"meium":0.6961904762,"none":0},"expressive":{"dir-action":0,"dir-explicit":0.2787301586,"dir-speech":0.5526984128000001,"indirect":0.16857142860000002,"writing-device":0}},{"id":"오븐마루-태릉역점","permalink":"","username":"asdfg","text":"배달이 많이 늦었지만 맛도 좋고 생각보다 양도많고 잘먹었어요~ 똑같은 프랜차이즈라도 지점마다 차이가 큰데 태릉점은 깨끗한 환경에서 신경써서 조리해주시는 것 같아요.","date":"Mon Dec 10 23:59:44 +0000 2018","retweets":"30","favorites":"20","mentions":[],"hashtags":[],"geo":"","raw":"배달이 많이 늦었지만 맛도 좋고 생각보다 양도많고 잘먹었어요~ 똑같은 프랜차이즈라도 지점마다 차이가 큰데 태릉점은 깨끗한 환경에서 신경써서 조리해주시는 것 같아요.","polarity":{"com":0.003770501,"pos":0.394344145875,"neg":0.455646554375,"neut":0.10735808375,"none":0.038880715},"intensity":{"high":0.08748730457343591,"low":0.16331493189541438,"meium":0.7099949522137493,"none":0.039202811317400346},"expressive":{"dir-action":0.0005909135,"dir-explicit":0.22521572418750002,"dir-speech":0.481249456125,"indirect":0.2538755035,"writing-device":0.0390684026875}},{"id":"오븐마루-태릉역점","permalink":"","username":"asdfg","text":"배달원이 너머진건지 치킨이너머진건지 국물이다흘러서 먹기 힘들더군요","date":"Mon Dec 10 23:59:44 +0000 2018","retweets":"30","favorites":"20","mentions":[],"hashtags":[],"geo":"","raw":"배달원이 너머진건지 치킨이너머진건지 국물이다흘러서 먹기 힘들더군요","polarity":{"com":0.01490451783333333,"pos":0.25725490866666667,"neg":0.39749551316666665,"neut":0.0418395945,"none":0.2885054658333333},"intensity":{"high":0.06333387483333333,"low":0.17387050266666668,"meium":0.4735559423333333,"none":0.2892396801666667},"expressive":{"dir-action":0.0007342143334557024,"dir-explicit":0.24124615570687435,"dir-speech":0.39027093956504516,"indirect":0.06333627434388937,"writing-device":0.30441241605073543}},{"id":"오븐마루-태릉역점","permalink":"","username":"asdfg","text":"너무 맛있게 잘먹었습니다~~ㅎㅎ","date":"Mon Dec 10 23:59:44 +0000 2018","retweets":"30","favorites":"20","mentions":[],"hashtags":[],"geo":"","raw":"너무 맛있게 잘먹었습니다~~ㅎㅎ","polarity":{"com":0.07142857153571429,"pos":0.4285714287142857,"neg":0.4642857142321429,"neut":0.035714285517857144,"none":0},"intensity":{"high":0.0714285715,"low":0.1785714285,"meium":0.75,"none":0},"expressive":{"dir-action":0,"dir-explicit":0.39285714250000003,"dir-speech":0.21428571450000003,"indirect":0.392857143,"writing-device":0}},{"id":"오븐마루-태릉역점","permalink":"","username":"asdfg","text":"깔끔하고 맛도 있네요ㅎㅎ 다음에 더 시켜먹어야겠어요","date":"Mon Dec 10 23:59:44 +0000 2018","retweets":"30","favorites":"20","mentions":[],"hashtags":[],"geo":"","raw":"깔끔하고 맛도 있네요ㅎㅎ 다음에 더 시켜먹어야겠어요","polarity":{"com":0.006590519,"pos":0.5295101002,"neg":0.32818672699999996,"neut":0.031140768200000002,"none":0.1045718856},"intensity":{"high":0.06653400279999999,"low":0.044922407,"meium":0.7833711040000001,"none":0.1051724862},"expressive":{"dir-action":0.0006006006000000001,"dir-explicit":0.1974003506,"dir-speech":0.5199590117999999,"indirect":0.1768675508,"writing-device":0.1051724862}},{"id":"오븐마루-태릉역점","permalink":"","username":"asdfg","text":"c","date":"Mon Dec 10 23:59:44 +0000 2018","retweets":"30","favorites":"20","mentions":[],"hashtags":[],"geo":"","raw":"cccccccccccccccc","polarity":{"com":null,"pos":null,"neg":null,"neut":null,"none":null},"intensity":{"high":null,"low":null,"meium":null,"none":null},"expressive":{"dir-action":null,"dir-explicit":null,"dir-speech":null,"indirect":null,"writing-device":null}},{"id":"오븐마루-태릉역점","permalink":"","username":"asdfg","text":"항상 맛잇게먹고있습니다\n근데 여긴왜 오리지널로스트가 없나여??","date":"Mon Dec 10 23:59:44 +0000 2018","retweets":"30","favorites":"20","mentions":[],"hashtags":[],"geo":"","raw":"항상 맛잇게먹고있습니다\n근데 여긴왜 오리지널로스트가 없나여??","polarity":{"com":0,"pos":0.44222222211155565,"neg":0.5244444444951111,"neut":0.011111111197777777,"none":0.022222222195555554},"intensity":{"high":0.2955555556,"low":0.10666666660000002,"meium":0.5755555556,"none":0.0222222222},"expressive":{"dir-action":0,"dir-explicit":0.4155555555168889,"dir-speech":0.48888888890222226,"indirect":0.07333333338533335,"writing-device":0.022222222195555558}},{"id":"오븐마루-태릉역점","permalink":"","username":"asdfg","text":"처음 시켜보는데 맛나네요~","date":"Mon Dec 10 23:59:44 +0000 2018","retweets":"30","favorites":"20","mentions":[],"hashtags":[],"geo":"","raw":"처음 시켜보는데 맛나네요~","polarity":{"com":0.14285714285714285,"pos":0.42857142857142855,"neg":0.2857142857142857,"neut":0,"none":0.14285714285714285},"intensity":{"high":0,"low":0,"meium":0.857142857,"none":0.142857143},"expressive":{"dir-action":0,"dir-explicit":0.28571428571428575,"dir-speech":0.42857142857142866,"indirect":0.14285714285714288,"writing-device":0.14285714285714288}},{"id":"오븐마루-태릉역점","permalink":"","username":"asdfg","text":"언제먹어도 항상  맛나요","date":"Mon Dec 10 23:59:44 +0000 2018","retweets":"30","favorites":"20","mentions":[],"hashtags":[],"geo":"","raw":"언제먹어도 항상  맛나요","polarity":{"com":0.016666666666666666,"pos":0.4666666666666666,"neg":0.5166666666666667,"neut":0,"none":0},"intensity":{"high":0.35000000000000003,"low":0.016666666666666666,"meium":0.6333333333333333,"none":0},"expressive":{"dir-action":0,"dir-explicit":0.19999999999999998,"dir-speech":0.7833333333333333,"indirect":0.016666666666666666,"writing-device":0}},{"id":"오븐마루-태릉역점","permalink":"","username":"asdfg","text":"뿌랑클인지  그냥 치킨인지  모를정도로  뿌려진게 없음요","date":"Mon Dec 10 23:59:44 +0000 2018","retweets":"30","favorites":"20","mentions":[],"hashtags":[],"geo":"","raw":"뿌랑클인지  그냥 치킨인지  모를정도로  뿌려진게 없음요","polarity":{"com":0,"pos":0.156321839,"neg":0.6698850576,"neut":0.047126436800000004,"none":0.12666666659999998},"intensity":{"high":0.07586206900000002,"low":0.20045977,"meium":0.5901149426000001,"none":0.13356321840000002},"expressive":{"dir-action":0,"dir-explicit":0.3370114944,"dir-speech":0.29425287339999995,"indirect":0.24206896560000005,"writing-device":0.12666666659999998}},{"id":"오븐마루-태릉역점","permalink":"","username":"asdfg","text":"구워서 기름지지 않아 좋았습니다 ㅎ","date":"Mon Dec 10 23:59:44 +0000 2018","retweets":"30","favorites":"20","mentions":[],"hashtags":[],"geo":"","raw":"구워서 기름지지 않아 좋았습니다 ㅎ","polarity":{"com":0,"pos":0.92,"neg":0.04,"neut":0,"none":0.04},"intensity":{"high":0.2,"low":0.04,"meium":0.72,"none":0.04},"expressive":{"dir-action":0,"dir-explicit":0.6,"dir-speech":0.2,"indirect":0.16,"writing-device":0.04}},{"id":"오븐마루-태릉역점","permalink":"","username":"asdfg","text":"까르보는 실망이 컸네요..\n오리지날이 짱인듯합니다 ㅎㅎㅎ ㅠㅠㅠ","date":"Mon Dec 10 23:59:44 +0000 2018","retweets":"30","favorites":"20","mentions":[],"hashtags":[],"geo":"","raw":"까르보는 실망이 컸네요..\n오리지날이 짱인듯합니다 ㅎㅎㅎ ㅠㅠㅠ","polarity":{"com":0.02384487199403878,"pos":0.30850141092287464,"neg":0.5337432696165642,"neut":0.06573558198356609,"none":0.06817486548295629},"intensity":{"high":0.09996112979998056,"low":0.0742978172871489,"meium":0.7564648658782324,"none":0.0692761870346381},"expressive":{"dir-action":0.0011013215005506605,"dir-explicit":0.29143272589571634,"dir-speech":0.5055452982527726,"indirect":0.11732584005866291,"writing-device":0.0845948142922974}},{"id":"오븐마루-태릉역점","permalink":"","username":"asdfg","text":"언제나 이용합니당","date":"Mon Dec 10 23:59:44 +0000 2018","retweets":"30","favorites":"20","mentions":[],"hashtags":[],"geo":"","raw":"언제나 이용합니당","polarity":{"com":0,"pos":1,"neg":0,"neut":0,"none":0},"intensity":{"high":0,"low":1,"meium":0,"none":0},"expressive":{"dir-action":0,"dir-explicit":0,"dir-speech":1,"indirect":0,"writing-device":0}},{"id":"오븐마루-태릉역점","permalink":"","username":"asdfg","text":"착한 가격에 베이크치킨 넘넘 잘 먹었습니당!!^^","date":"Mon Dec 10 23:59:44 +0000 2018","retweets":"30","favorites":"20","mentions":[],"hashtags":[],"geo":"","raw":"착한 가격에 베이크치킨 넘넘 잘 먹었습니당!!^^","polarity":{"com":0,"pos":0.9047619049682539,"neg":0.07142857135714285,"neut":0.023809523674603175,"none":0},"intensity":{"high":0,"low":0.07142857133333333,"meium":0.9285714286666668,"none":0},"expressive":{"dir-action":0,"dir-explicit":0.07142857133333333,"dir-speech":0.047619047666666664,"indirect":0.8809523810000001,"writing-device":0}},{"id":"오븐마루-태릉역점","permalink":"","username":"asdfg","text":"정말 맛있어요!! 먹다가 이건 리뷰 안 쓰면 양심없는 것 같아서 조금 먹고 사진찍고 리뷰쓰는중입니다 ㅎㅎ 진짜 맛있어요ㅠㅠ 엄마랑 할머니 두분이 같이 여행가셔서 아빠랑 둘이 먹고 있는데 여행 돌아오시면 다시한번 주문해서 이 집 맛있는거 자랑해야 겠어요","date":"Mon Dec 10 23:59:44 +0000 2018","retweets":"30","favorites":"20","mentions":[],"hashtags":[],"geo":"","raw":"정말 맛있어요!! 먹다가 이건 리뷰 안 쓰면 양심없는 것 같아서 조금 먹고 사진찍고 리뷰쓰는중입니다 ㅎㅎ 진짜 맛있어요ㅠㅠ 엄마랑 할머니 두분이 같이 여행가셔서 아빠랑 둘이 먹고 있는데 여행 돌아오시면 다시한번 주문해서 이 집 맛있는거 자랑해야 겠어요","polarity":{"com":0.015384174286446867,"pos":0.4705794907843133,"neg":0.3845907543040281,"neut":0.07676022909889335,"none":0.05268535152631835},"intensity":{"high":0.06989714967332354,"low":0.12586277534532025,"meium":0.7512425413572613,"none":0.052997533624095004},"expressive":{"dir-action":0.004845999523809523,"dir-explicit":0.27182976795238095,"dir-speech":0.5314829080000001,"indirect":0.11420296685714286,"writing-device":0.07763835766666666}},{"id":"오븐마루-태릉역점","permalink":"","username":"asdfg","text":"너무맛잇어용^^","date":"Mon Dec 10 23:59:44 +0000 2018","retweets":"30","favorites":"20","mentions":[],"hashtags":[],"geo":"","raw":"너무맛잇어용^^","polarity":{"com":0.142857143,"pos":0.142857143,"neg":0.714285714,"neut":0,"none":0},"intensity":{"high":0.142857143,"low":0.142857143,"meium":0.714285714,"none":0},"expressive":{"dir-action":0,"dir-explicit":0.5714285710000001,"dir-speech":0.28571428600000004,"indirect":0.14285714300000002,"writing-device":0}},{"id":"오븐마루-태릉역점","permalink":"","username":"asdfg","text":"맛있고 양도 넉넉하네요.","date":"Mon Dec 10 23:59:44 +0000 2018","retweets":"30","favorites":"20","mentions":[],"hashtags":[],"geo":"","raw":"맛있고 양도 넉넉하네요.","polarity":{"com":0.010388960333333334,"pos":0.27563277566666666,"neg":0.544959245,"neut":0.015772915666666668,"none":0.15324610333333333},"intensity":{"high":0.08565708566666667,"low":0.066123266,"meium":0.6939725440000001,"none":0.15424710433333333},"expressive":{"dir-action":0.001001000999666333,"dir-explicit":0.1660088659446637,"dir-speech":0.46336336317887883,"indirect":0.2177606179274131,"writing-device":0.15186615194937794}},{"id":"오븐마루-태릉역점","permalink":"","username":"asdfg","text":"자주 시켜먹는 곳이예요 현미베이크 맛나네요~~^^","date":"Mon Dec 10 23:59:44 +0000 2018","retweets":"30","favorites":"20","mentions":[],"hashtags":[],"geo":"","raw":"자주 시켜먹는 곳이예요 현미베이크 맛나네요~~^^","polarity":{"com":0,"pos":0.44444444433333335,"neg":0.5555555556666666,"neut":0,"none":0},"intensity":{"high":0.037037036999999995,"low":0.40740740733333336,"meium":0.5555555556666666,"none":0},"expressive":{"dir-action":0,"dir-explicit":0.07407407399999999,"dir-speech":0.925925926,"indirect":0,"writing-device":0}},{"id":"오븐마루-태릉역점","permalink":"","username":"asdfg","text":"졸맛!","date":"Mon Dec 10 23:59:44 +0000 2018","retweets":"30","favorites":"20","mentions":[],"hashtags":[],"geo":"","raw":"졸맛!","polarity":{"com":0,"pos":1,"neg":0,"neut":0,"none":0},"intensity":{"high":0,"low":0,"meium":1,"none":0},"expressive":{"dir-action":0,"dir-explicit":0,"dir-speech":1,"indirect":0,"writing-device":0}},{"id":"오븐마루-태릉역점","permalink":"","username":"asdfg","text":"맛있었어요. 근데 양이 넘 작은것같아요 담엔  2마리 시켜먹을께요^^","date":"Mon Dec 10 23:59:44 +0000 2018","retweets":"30","favorites":"20","mentions":[],"hashtags":[],"geo":"","raw":"맛있었어요. 근데 양이 넘 작은것같아요 담엔  2마리 시켜먹을께요^^","polarity":{"com":0,"pos":0.24834054819999998,"neg":0.6076479077999998,"neut":0.03722943719999999,"none":0.10678210679999998},"intensity":{"high":0.028571428599999997,"low":0.092063492,"meium":0.7725829726,"none":0.1067821068},"expressive":{"dir-action":0,"dir-explicit":0.13073593077385282,"dir-speech":0.7252525252549495,"indirect":0.03405483399318904,"writing-device":0.10995670997800867}},{"id":"오븐마루-태릉역점","permalink":"","username":"asdfg","text":"먹을만함","date":"Mon Dec 10 23:59:44 +0000 2018","retweets":"30","favorites":"20","mentions":[],"hashtags":[],"geo":"","raw":"먹을만함","polarity":{"com":0.045454545500000006,"pos":0.46212121200000006,"neg":0.46969697000000005,"neut":0,"none":0.022727272500000003},"intensity":{"high":0.07828282803914141,"low":0.17929292908964647,"meium":0.7196969703598485,"none":0.022727272511363635},"expressive":{"dir-action":0,"dir-explicit":0.2474747475,"dir-speech":0.43434343450000007,"indirect":0.29545454550000005,"writing-device":0.022727272500000003}},{"id":"오븐마루-태릉역점","permalink":"","username":"asdfg","text":"맛있어용","date":"Mon Dec 10 23:59:44 +0000 2018","retweets":"30","favorites":"20","mentions":[],"hashtags":[],"geo":"","raw":"맛있어용","polarity":{"com":0,"pos":0,"neg":1,"neut":0,"none":0},"intensity":{"high":0,"low":0,"meium":1,"none":0},"expressive":{"dir-action":0,"dir-explicit":0,"dir-speech":1,"indirect":0,"writing-device":0}},{"id":"오븐마루-태릉역점","permalink":"","username":"asdfg","text":"자주 가고 첨 시켰는데 맛있어요","date":"Mon Dec 10 23:59:44 +0000 2018","retweets":"30","favorites":"20","mentions":[],"hashtags":[],"geo":"","raw":"자주 가고 첨 시켰는데 맛있어요","polarity":{"com":0,"pos":0.5,"neg":0.5,"neut":0,"none":0},"intensity":{"high":0,"low":0.5,"meium":0.5,"none":0},"expressive":{"dir-action":0,"dir-explicit":0,"dir-speech":1,"indirect":0,"writing-device":0}},{"id":"오븐마루-태릉역점","permalink":"","username":"asdfg","text":"음식도 괜찮고 주인분 센스도 좋으시고 배달하시는분도 좋고 전부 맘에 쏙드네요^^","date":"Mon Dec 10 23:59:44 +0000 2018","retweets":"30","favorites":"20","mentions":[],"hashtags":[],"geo":"","raw":"음식도 괜찮고 주인분 센스도 좋으시고 배달하시는분도 좋고 전부 맘에 쏙드네요^^","polarity":{"com":0.0010204081428571428,"pos":0.7434693877142857,"neg":0.17027210885714283,"neut":0.011564625857142857,"none":0.07367346942857142},"intensity":{"high":0.09659863942857141,"low":0.05632653057142857,"meium":0.7734013605714286,"none":0.07367346942857143},"expressive":{"dir-action":0,"dir-explicit":0.28129251699999996,"dir-speech":0.39047619042857146,"indirect":0.2555782312857143,"writing-device":0.07265306128571428}}]