[{"id":"교촌치킨-공릉1호점","permalink":"","username":"asdfg","text":"입맛은 없는데 오늘 하루종일 시험 세개보고 기운빠져서 냥냥비용으로 홧김에 시켰어요 넘모 맛있었어욥 입맛없는것 치고 혼자 3분의 1 먹어버렸어요","date":"Mon Dec 10 23:59:44 +0000 2018","retweets":"30","favorites":"20","mentions":[],"hashtags":[],"geo":"","raw":"입맛은 없는데 오늘 하루종일 시험 세개보고 기운빠져서 냥냥비용으로 홧김에 시켰어요 넘모 맛있었어욥 입맛없는것 치고 혼자 3분의 1 먹어버렸어요","polarity":{"com":0.04762296566269809,"pos":0.27976941414335255,"neg":0.5700459622024963,"neut":0.0557110772453574,"none":0.046850580746095785},"intensity":{"high":0.08659559023556741,"low":0.07653739090391044,"meium":0.7892073766184654,"none":0.04765964224205674},"expressive":{"dir-action":0,"dir-explicit":0.2552987324166667,"dir-speech":0.31872527866666667,"indirect":0.37471409675,"writing-device":0.05126189216666666}},{"id":"교촌치킨-공릉1호점","permalink":"","username":"asdfg","text":"정말 맛있고 빠르고 정확한 배달이네요","date":"Mon Dec 10 23:59:44 +0000 2018","retweets":"30","favorites":"20","mentions":[],"hashtags":[],"geo":"","raw":"정말 맛있고 빠르고 정확한 배달이네요","polarity":{"com":0,"pos":0.6875,"neg":0.25,"neut":0,"none":0.0625},"intensity":{"high":0.125,"low":0.08333333325,"meium":0.72916666675,"none":0.0625},"expressive":{"dir-action":0,"dir-explicit":0.375,"dir-speech":0.3125,"indirect":0.25,"writing-device":0.0625}},{"id":"교촌치킨-공릉1호점","permalink":"","username":"asdfg","text":"너무너무 맛있었어요. 식지않게 배달해주셔서 감사합니다","date":"Mon Dec 10 23:59:44 +0000 2018","retweets":"30","favorites":"20","mentions":[],"hashtags":[],"geo":"","raw":"너무너무 맛있었어요. 식지않게 배달해주셔서 감사합니다","polarity":{"com":0,"pos":0.5,"neg":0.5,"neut":0,"none":0},"intensity":{"high":0.5,"low":0,"meium":0.5,"none":0},"expressive":{"dir-action":0,"dir-explicit":0,"dir-speech":0.75,"indirect":0.25,"writing-device":0}},{"id":"교촌치킨-공릉1호점","permalink":"","username":"asdfg","text":"맛있어요.양도 좋구요!!","date":"Mon Dec 10 23:59:44 +0000 2018","retweets":"30","favorites":"20","mentions":[],"hashtags":[],"geo":"","raw":"맛있어요.양도 좋구요!!","polarity":{"com":0,"pos":0.46,"neg":0.52,"neut":0,"none":0.02},"intensity":{"high":0.1,"low":0.02,"meium":0.86,"none":0.02},"expressive":{"dir-action":0,"dir-explicit":0.30000000000000004,"dir-speech":0.6000000000000001,"indirect":0.08000000000000002,"writing-device":0.020000000000000004}},{"id":"교촌치킨-공릉1호점","permalink":"","username":"asdfg","text":"배달도 예상도착시간보다 10분 먼저 와주셨고,,\n본가에 있는 교촌이 닭도 작고 퍼석퍼석하게 튀겨서 걱정을 했는데 공릉1호점은 닭 크기도 작지않고 튀김정도도 적당하고 너무 맛있게 먹었어요!! 또 시켜먹을거예요 :)","date":"Mon Dec 10 23:59:44 +0000 2018","retweets":"30","favorites":"20","mentions":[],"hashtags":[],"geo":"","raw":"배달도 예상도착시간보다 10분 먼저 와주셨고,,\n본가에 있는 교촌이 닭도 작고 퍼석퍼석하게 튀겨서 걱정을 했는데 공릉1호점은 닭 크기도 작지않고 튀김정도도 적당하고 너무 맛있게 먹었어요!! 또 시켜먹을거예요 :)","polarity":{"com":0.0109948469,"pos":0.39811504909999995,"neg":0.4152920312000001,"neut":0.03451612375,"none":0.14108194905000004},"intensity":{"high":0.08905242189554738,"low":0.07272382989636382,"meium":0.6957721095652114,"none":0.14245163864287744},"expressive":{"dir-action":0.0013696896000684844,"dir-explicit":0.24479283156223963,"dir-speech":0.3560580478678029,"indirect":0.24660037041233,"writing-device":0.15117906055755895}},{"id":"교촌치킨-공릉1호점","permalink":"","username":"asdfg","text":"배달료는 어쩔수없지만 맛은 있어요","date":"Mon Dec 10 23:59:44 +0000 2018","retweets":"30","favorites":"20","mentions":[],"hashtags":[],"geo":"","raw":"배달료는 어쩔수없지만 맛은 있어요","polarity":{"com":0.015119047603023808,"pos":0.5780158729156032,"neg":0.24039682544807936,"neut":0.039523809607904754,"none":0.1269444444253889},"intensity":{"high":0.0952777778,"low":0.065,"meium":0.7127777778000001,"none":0.12694444440000002},"expressive":{"dir-action":0,"dir-explicit":0.12436507940000001,"dir-speech":0.6210714286,"indirect":0.1044444444,"writing-device":0.1501190476}},{"id":"교촌치킨-공릉1호점","permalink":"","username":"asdfg","text":"항상 믿고 먹는 허니콤보! 오늘도 역시나 맛있네요ㅎㅎ","date":"Mon Dec 10 23:59:44 +0000 2018","retweets":"30","favorites":"20","mentions":[],"hashtags":[],"geo":"","raw":"항상 믿고 먹는 허니콤보! 오늘도 역시나 맛있네요ㅎㅎ","polarity":{"com":0.00178571425,"pos":0.38690476175000005,"neg":0.498809524,"neut":0.0035714285,"none":0.1089285715},"intensity":{"high":0.0634920635,"low":0.084126984,"meium":0.743452381,"none":0.1089285715},"expressive":{"dir-action":0,"dir-explicit":0.22698412694325398,"dir-speech":0.6444444443388889,"indirect":0.021428571494642862,"writing-device":0.1071428572232143}},{"id":"교촌치킨-공릉1호점","permalink":"","username":"asdfg","text":"허니콤보만 먹다 오랜만에 오리지널 먹었는데 이젠 간장 별로네요.. 허니콤보가 최곱니더!","date":"Mon Dec 10 23:59:44 +0000 2018","retweets":"30","favorites":"20","mentions":[],"hashtags":[],"geo":"","raw":"허니콤보만 먹다 오랜만에 오리지널 먹었는데 이젠 간장 별로네요.. 허니콤보가 최곱니더!","polarity":{"com":0,"pos":0.34057971,"neg":0.50181159425,"neut":0.0217391305,"none":0.13586956525},"intensity":{"high":0.09903381624999999,"low":0.1328502415,"meium":0.632246377,"none":0.13586956525},"expressive":{"dir-action":0,"dir-explicit":0.23067632850000006,"dir-speech":0.5899758455,"indirect":0.043478260750000004,"writing-device":0.13586956525000002}},{"id":"교촌치킨-공릉1호점","permalink":"","username":"asdfg","text":"너무너무 맛있었어요~배달도 빠르고 좋았습니다","date":"Mon Dec 10 23:59:44 +0000 2018","retweets":"30","favorites":"20","mentions":[],"hashtags":[],"geo":"","raw":"너무너무 맛있었어요~배달도 빠르고 좋았습니다","polarity":{"com":0,"pos":0.73,"neg":0.26,"neut":0,"none":0.01},"intensity":{"high":0.05,"low":0.09333333325,"meium":0.84666666675,"none":0.01},"expressive":{"dir-action":0,"dir-explicit":0.15,"dir-speech":0.55,"indirect":0.29,"writing-device":0.01}},{"id":"교촌치킨-공릉1호점","permalink":"","username":"asdfg","text":"맛있어용 다른사람들은 양이 적다고 하지만 전 교촌도 양이 많게 느껴지는..\n원래 리뷰같은거 안쓰는데 배달해주신분이 너무너무 친절하셨어요!","date":"Mon Dec 10 23:59:44 +0000 2018","retweets":"30","favorites":"20","mentions":[],"hashtags":[],"geo":"","raw":"맛있어용 다른사람들은 양이 적다고 하지만 전 교촌도 양이 많게 느껴지는..\n원래 리뷰같은거 안쓰는데 배달해주신분이 너무너무 친절하셨어요!","polarity":{"com":0.02084932025,"pos":0.43519216400000005,"neg":0.39993978433333327,"neut":0.11714524408333334,"none":0.02687348733333333},"intensity":{"high":0.05680491700473375,"low":0.23243305943603612,"meium":0.6833422175569452,"none":0.02741980600228499},"expressive":{"dir-action":0.008480499167373375,"dir-explicit":0.21705823235142155,"dir-speech":0.5745140687145428,"indirect":0.12707168467725596,"writing-device":0.07287551508940629}},{"id":"교촌치킨-공릉1호점","permalink":"","username":"asdfg","text":"오늘따라 배달도 너무 금방 와주시고 닭이 살도 너무 실해서 맛있습니다 교촌 허니콤보 최고","date":"Mon Dec 10 23:59:44 +0000 2018","retweets":"30","favorites":"20","mentions":[],"hashtags":[],"geo":"","raw":"오늘따라 배달도 너무 금방 와주시고 닭이 살도 너무 실해서 맛있습니다 교촌 허니콤보 최고","polarity":{"com":0.03571428575,"pos":0.521825396875,"neg":0.37996031737499997,"neut":0.0625,"none":0},"intensity":{"high":0.132936508,"low":0.03571428575,"meium":0.83134920625,"none":0},"expressive":{"dir-action":0,"dir-explicit":0.20535714275,"dir-speech":0.3839285715,"indirect":0.41071428575,"writing-device":0}},{"id":"교촌치킨-공릉1호점","permalink":"","username":"asdfg","text":"흑흑 완벽했습니다 소스 잔뜩 묻혀져있어서 너무 행복했어요","date":"Mon Dec 10 23:59:44 +0000 2018","retweets":"30","favorites":"20","mentions":[],"hashtags":[],"geo":"","raw":"흑흑 완벽했습니다 소스 잔뜩 묻혀져있어서 너무 행복했어요","polarity":{"com":0.04539170524999999,"pos":0.29377880175,"neg":0.6049155144999999,"neut":0.041935483999999995,"none":0.013978494499999997},"intensity":{"high":0.10560675875,"low":0.09377880175,"meium":0.785560676,"none":0.0150537635},"expressive":{"dir-action":0.0032258065,"dir-explicit":0.29984639025,"dir-speech":0.21874039950000002,"indirect":0.46420890925,"writing-device":0.0139784945}},{"id":"교촌치킨-공릉1호점","permalink":"","username":"asdfg","text":"역시 허니콤보는 식으면 더맛있 크","date":"Mon Dec 10 23:59:44 +0000 2018","retweets":"30","favorites":"20","mentions":[],"hashtags":[],"geo":"","raw":"역시 허니콤보는 식으면 더맛있 크","polarity":{"com":0.01041666675,"pos":0.2995689655,"neg":0.47485632199999994,"neut":0.12140804575,"none":0.09375},"intensity":{"high":0.38649425309662355,"low":0.12140804578035203,"meium":0.38972701134743176,"none":0.10237068977559267},"expressive":{"dir-action":0,"dir-explicit":0.30459770115229884,"dir-speech":0.2323994251161997,"indirect":0.3588362071794181,"writing-device":0.10416666655208334}},{"id":"교촌치킨-공릉1호점","permalink":"","username":"asdfg","text":"허니콤보 처음먹어봤는데 맛있었어요!","date":"Mon Dec 10 23:59:44 +0000 2018","retweets":"30","favorites":"20","mentions":[],"hashtags":[],"geo":"","raw":"허니콤보 처음먹어봤는데 맛있었어요!","polarity":{"com":0.0714285714642857,"pos":0.21428571439285712,"neg":0.6428571426785714,"neut":0,"none":0.0714285714642857},"intensity":{"high":0,"low":0,"meium":0.9285714285,"none":0.0714285715},"expressive":{"dir-action":0,"dir-explicit":0.1428571429285714,"dir-speech":0.7142857141428571,"indirect":0.0714285714642857,"writing-device":0.0714285714642857}},{"id":"교촌치킨-공릉1호점","permalink":"","username":"asdfg","text":"교촌 허니콤보 역시 맛나네용","date":"Mon Dec 10 23:59:44 +0000 2018","retweets":"30","favorites":"20","mentions":[],"hashtags":[],"geo":"","raw":"교촌 허니콤보 역시 맛나네용","polarity":{"com":0,"pos":0.3333333333333333,"neg":0,"neut":0.3333333333333333,"none":0.3333333333333333},"intensity":{"high":0,"low":0.3333333333333333,"meium":0.3333333333333333,"none":0.3333333333333333},"expressive":{"dir-action":0,"dir-explicit":0.3333333333333333,"dir-speech":0.3333333333333333,"indirect":0,"writing-device":0.3333333333333333}},{"id":"교촌치킨-공릉1호점","permalink":"","username":"asdfg","text":"맛있네여.치킨은 교촌이 진리인듯여","date":"Mon Dec 10 23:59:44 +0000 2018","retweets":"30","favorites":"20","mentions":[],"hashtags":[],"geo":"","raw":"맛있네여.치킨은 교촌이 진리인듯여","polarity":{"com":0.0141323948,"pos":0.334654236,"neg":0.5221923558,"neut":0.04270146,"none":0.0863195534},"intensity":{"high":0.06697455342678983,"low":0.10322356464128943,"meium":0.7426012712970405,"none":0.08720061063488024},"expressive":{"dir-action":0.0008810572001762114,"dir-explicit":0.25405013565081,"dir-speech":0.4913006452982602,"indirect":0.16264598263252922,"writing-device":0.09112217921822444}},{"id":"교촌치킨-공릉1호점","permalink":"","username":"asdfg","text":"항상 시키는 거지만 오늘따라 양념이 하나도 안묻혀있어서 슬펐습니다 그냥 아무 양념도 바르지 않은 치킨을 먹는 듯 하였습니다 흙 다음에는 꼭 양념이 가득한 허니콤보를 맛볼 수 있었으면 좋겠네요 😭😭","date":"Mon Dec 10 23:59:44 +0000 2018","retweets":"30","favorites":"20","mentions":[],"hashtags":[],"geo":"","raw":"항상 시키는 거지만 오늘따라 양념이 하나도 안묻혀있어서 슬펐습니다 그냥 아무 양념도 바르지 않은 치킨을 먹는 듯 하였습니다 흙 다음에는 꼭 양념이 가득한 허니콤보를 맛볼 수 있었으면 좋겠네요 😭😭","polarity":{"com":0.0057307926257163504,"pos":0.3206431406025805,"neg":0.5147089364393386,"neut":0.02782420306597803,"none":0.13109292726638663},"intensity":{"high":0.08537950013567244,"low":0.09206330394900793,"meium":0.6909136078988642,"none":0.13164358801645543},"expressive":{"dir-action":0.0005506607500344164,"dir-explicit":0.29198176014324884,"dir-speech":0.3967598913997975,"indirect":0.17889553869868097,"writing-device":0.13181214900823826}},{"id":"교촌치킨-공릉1호점","permalink":"","username":"asdfg","text":"웨지감자 쿠폰이 있을때도 있고 없을때도 있고 한길만 걸어주세요!","date":"Mon Dec 10 23:59:44 +0000 2018","retweets":"30","favorites":"20","mentions":[],"hashtags":[],"geo":"","raw":"웨지감자 쿠폰이 있을때도 있고 없을때도 있고 한길만 걸어주세요!","polarity":{"com":0.003883495200776699,"pos":0.10744336562148868,"neg":0.723574807144715,"neut":0.05073437881014688,"none":0.11436395322287281},"intensity":{"high":0.09594224558081156,"low":0.44505850131098823,"meium":0.3426935523314613,"none":0.11630570077673885},"expressive":{"dir-action":0,"dir-explicit":0.27005227779999996,"dir-speech":0.5401543440000001,"indirect":0.0747323874,"writing-device":0.11506099080000001}},{"id":"교촌치킨-공릉1호점","permalink":"","username":"asdfg","text":"엽떡이랑같이먹었었어요 짱맛","date":"Mon Dec 10 23:59:44 +0000 2018","retweets":"30","favorites":"20","mentions":[],"hashtags":[],"geo":"","raw":"엽떡이랑같이먹었었어요 짱맛","polarity":{"com":0,"pos":0.8333333333333334,"neg":0.16666666666666666,"neut":0,"none":0},"intensity":{"high":0.16666666666666666,"low":0.16666666666666666,"meium":0.6666666666666666,"none":0},"expressive":{"dir-action":0,"dir-explicit":0,"dir-speech":0.8333333333333334,"indirect":0.16666666666666666,"writing-device":0}},{"id":"교촌치킨-공릉1호점","permalink":"","username":"asdfg","text":"교촌은 진리져..맛나게 잘먹었습니다","date":"Mon Dec 10 23:59:44 +0000 2018","retweets":"30","favorites":"20","mentions":[],"hashtags":[],"geo":"","raw":"교촌은 진리져..맛나게 잘먹었습니다","polarity":{"com":0.005649717668549906,"pos":0.3567393057855797,"neg":0.5912025828637342,"neut":0.03510895867836964,"none":0.011299435003766475},"intensity":{"high":0.03389830501129944,"low":0.11662631137220876,"meium":0.8381759486127253,"none":0.011299435003766477},"expressive":{"dir-action":0,"dir-explicit":0.495157385,"dir-speech":0.23405972566666666,"indirect":0.2594834543333333,"writing-device":0.011299434999999998}},{"id":"교촌치킨-공릉1호점","permalink":"","username":"asdfg","text":"넘모 잘먹었습니당 옴뇸뇸😈😈","date":"Mon Dec 10 23:59:44 +0000 2018","retweets":"30","favorites":"20","mentions":[],"hashtags":[],"geo":"","raw":"넘모 잘먹었습니당 옴뇸뇸😈😈","polarity":{"com":0,"pos":0.6071428573035714,"neg":0.10714285705357143,"neut":0.28571428564285717,"none":0},"intensity":{"high":0,"low":0.107142857,"meium":0.8928571430000001,"none":0},"expressive":{"dir-action":0,"dir-explicit":0.107142857,"dir-speech":0.3214285715,"indirect":0.5714285715,"writing-device":0}},{"id":"교촌치킨-공릉1호점","permalink":"","username":"asdfg","text":"옴뇸뇸 저번보다 나아졌어요\n맛있게 잘먹었습니당 🙃🙃","date":"Mon Dec 10 23:59:44 +0000 2018","retweets":"30","favorites":"20","mentions":[],"hashtags":[],"geo":"","raw":"옴뇸뇸 저번보다 나아졌어요\n맛있게 잘먹었습니당 🙃🙃","polarity":{"com":0,"pos":0.5714285715238094,"neg":0.40476190480158736,"neut":0.023809523674603175,"none":0},"intensity":{"high":0,"low":0.07142857133333333,"meium":0.9285714286666668,"none":0},"expressive":{"dir-action":0,"dir-explicit":0.07142857133333333,"dir-speech":0.380952381,"indirect":0.5476190476666667,"writing-device":0}},{"id":"교촌치킨-공릉1호점","permalink":"","username":"asdfg","text":"맛있습니다. 배달비만 빼면 좋을텐데 말이져","date":"Mon Dec 10 23:59:44 +0000 2018","retweets":"30","favorites":"20","mentions":[],"hashtags":[],"geo":"","raw":"맛있습니다. 배달비만 빼면 좋을텐데 말이져","polarity":{"com":0,"pos":0.48666666666666664,"neg":0.34,"neut":0,"none":0.17333333333333334},"intensity":{"high":0.1722222221666667,"low":0.006666666666666668,"meium":0.6477777778333333,"none":0.17333333333333334},"expressive":{"dir-action":0,"dir-explicit":0.18333333333333335,"dir-speech":0.3666666666666667,"indirect":0.27666666666666667,"writing-device":0.17333333333333334}},{"id":"교촌치킨-공릉1호점","permalink":"","username":"asdfg","text":"배달도 좋고 맛도 좋습니다.","date":"Mon Dec 10 23:59:44 +0000 2018","retweets":"30","favorites":"20","mentions":[],"hashtags":[],"geo":"","raw":"배달도 좋고 맛도 좋습니다.","polarity":{"com":0,"pos":0.96,"neg":0.02,"neut":0,"none":0.02},"intensity":{"high":0.10000000000000002,"low":0.020000000000000004,"meium":0.86,"none":0.020000000000000004},"expressive":{"dir-action":0,"dir-explicit":0.3,"dir-speech":0.6000000000000001,"indirect":0.08,"writing-device":0.02}},{"id":"교촌치킨-공릉1호점","permalink":"","username":"asdfg","text":"요즘 너무 오래 튀긴 것 같아요\n허니콤보는 양념에 눅눅한 맛인데\n넘모 바삭바삭해서 슬퍼요","date":"Mon Dec 10 23:59:44 +0000 2018","retweets":"30","favorites":"20","mentions":[],"hashtags":[],"geo":"","raw":"요즘 너무 오래 튀긴 것 같아요\n허니콤보는 양념에 눅눅한 맛인데\n넘모 바삭바삭해서 슬퍼요","polarity":{"com":0.03143458384816154,"pos":0.3692692276087802,"neg":0.4575991287264002,"neut":0.039462996274439145,"none":0.10223406354221883},"intensity":{"high":0.07694006470329427,"low":0.062387334562516085,"meium":0.7563675006062331,"none":0.10430510012795642},"expressive":{"dir-action":0.0020710365717244335,"dir-explicit":0.23581728989083103,"dir-speech":0.3471069991924438,"indirect":0.3014631211859233,"writing-device":0.11354155315907737}},{"id":"교촌치킨-공릉1호점","permalink":"","username":"asdfg","text":"손님이 와서 급하게 시킨 치킨.\n언제 먹어도 맛나요~","date":"Mon Dec 10 23:59:44 +0000 2018","retweets":"30","favorites":"20","mentions":[],"hashtags":[],"geo":"","raw":"손님이 와서 급하게 시킨 치킨.\n언제 먹어도 맛나요~","polarity":{"com":0,"pos":0.625,"neg":0.25,"neut":0.125,"none":0},"intensity":{"high":0.25,"low":0,"meium":0.75,"none":0},"expressive":{"dir-action":0,"dir-explicit":0,"dir-speech":0.625,"indirect":0.375,"writing-device":0}},{"id":"교촌치킨-공릉1호점","permalink":"","username":"asdfg","text":"배달료가 있어서 좀  부담스러운데 항상 맛있어요~","date":"Mon Dec 10 23:59:44 +0000 2018","retweets":"30","favorites":"20","mentions":[],"hashtags":[],"geo":"","raw":"배달료가 있어서 좀  부담스러운데 항상 맛있어요~","polarity":{"com":0.0117647058,"pos":0.814973262,"neg":0.1368983958,"neut":0.018181818199999998,"none":0.018181818199999998},"intensity":{"high":0.0352941176,"low":0.036363636399999996,"meium":0.9101604278,"none":0.018181818199999998},"expressive":{"dir-action":0,"dir-explicit":0.323315508,"dir-speech":0.4863101604000001,"indirect":0.1721925134,"writing-device":0.018181818199999998}},{"id":"교촌치킨-공릉1호점","permalink":"","username":"asdfg","text":"넘 맛있어용 감사해요","date":"Mon Dec 10 23:59:44 +0000 2018","retweets":"30","favorites":"20","mentions":[],"hashtags":[],"geo":"","raw":"넘 맛있어용 감사해요","polarity":{"com":0,"pos":0.5,"neg":0.5,"neut":0,"none":0},"intensity":{"high":0.5,"low":0,"meium":0.5,"none":0},"expressive":{"dir-action":0,"dir-explicit":0,"dir-speech":1,"indirect":0,"writing-device":0}},{"id":"교촌치킨-공릉1호점","permalink":"","username":"asdfg","text":"와 배달 생각보다 되게 빠르네요? 맛있고 둘이서 잘 먹었습니다!!","date":"Mon Dec 10 23:59:44 +0000 2018","retweets":"30","favorites":"20","mentions":[],"hashtags":[],"geo":"","raw":"와 배달 생각보다 되게 빠르네요? 맛있고 둘이서 잘 먹었습니다!!","polarity":{"com":0.0061674008012334814,"pos":0.7292007553458403,"neg":0.13096286962619258,"neut":0.13190685962638138,"none":0.0017621146003524233},"intensity":{"high":0.021145374404229075,"low":0.1359555274271911,"meium":0.8402559263680512,"none":0.0026431718005286344},"expressive":{"dir-action":0.0008810572001762114,"dir-explicit":0.1256765260251353,"dir-speech":0.40081812468016365,"indirect":0.46998112029399625,"writing-device":0.0026431718005286344}},{"id":"교촌치킨-공릉1호점","permalink":"","username":"asdfg","text":"아주 맛있어요 감사합니다","date":"Mon Dec 10 23:59:44 +0000 2018","retweets":"30","favorites":"20","mentions":[],"hashtags":[],"geo":"","raw":"아주 맛있어요 감사합니다","polarity":{"com":0,"pos":0.875,"neg":0.125,"neut":0,"none":0},"intensity":{"high":0.625,"low":0,"meium":0.375,"none":0},"expressive":{"dir-action":0,"dir-explicit":0,"dir-speech":0.625,"indirect":0.375,"writing-device":0}},{"id":"교촌치킨-공릉1호점","permalink":"","username":"asdfg","text":"배달료 정말...짜증","date":"Mon Dec 10 23:59:44 +0000 2018","retweets":"30","favorites":"20","mentions":[],"hashtags":[],"geo":"","raw":"배달료 정말...짜증","polarity":{"com":0,"pos":0.875,"neg":0,"neut":0,"none":0.125},"intensity":{"high":0.25,"low":0,"meium":0.625,"none":0.125},"expressive":{"dir-action":0,"dir-explicit":0.25,"dir-speech":0.625,"indirect":0,"writing-device":0.125}},{"id":"교촌치킨-공릉1호점","permalink":"","username":"asdfg","text":"배달료가2000원부과되어서 아쉽지만...봉.날개 반반 맛있어요~","date":"Mon Dec 10 23:59:44 +0000 2018","retweets":"30","favorites":"20","mentions":[],"hashtags":[],"geo":"","raw":"배달료가2000원부과되어서 아쉽지만...봉.날개 반반 맛있어요~","polarity":{"com":0.011071428599999999,"pos":0.3571428572,"neg":0.5903571428000001,"neut":0.0360714286,"none":0.0053571428},"intensity":{"high":0.049642857199999994,"low":0.038928571399999994,"meium":0.9017857141999999,"none":0.009642857199999997},"expressive":{"dir-action":0,"dir-explicit":0.1775,"dir-speech":0.49749999999999994,"indirect":0.31964285719999996,"writing-device":0.0053571428}},{"id":"교촌치킨-공릉1호점","permalink":"","username":"asdfg","text":"약간 과하게 튀긴느낌이있는것같아요  그대신 엄청나게 바삭바삭합니다.","date":"Mon Dec 10 23:59:44 +0000 2018","retweets":"30","favorites":"20","mentions":[],"hashtags":[],"geo":"","raw":"약간 과하게 튀긴느낌이있는것같아요  그대신 엄청나게 바삭바삭합니다.","polarity":{"com":0.004084564799183086,"pos":0.46040677690791865,"neg":0.275329900144934,"neut":0.03911777879217644,"none":0.22106097935578783},"intensity":{"high":0.1819170771636166,"low":0.11600164217679967,"meium":0.4787214507042557,"none":0.22335982995532805},"expressive":{"dir-action":0.0022988506,"dir-explicit":0.21601507680000004,"dir-speech":0.32019368559999994,"indirect":0.23353485599999999,"writing-device":0.227957531}},{"id":"교촌치킨-공릉1호점","permalink":"","username":"asdfg","text":"허니콤보 짱맛~~~ 또먹을래요~~~ 배달도 굿.","date":"Mon Dec 10 23:59:44 +0000 2018","retweets":"30","favorites":"20","mentions":[],"hashtags":[],"geo":"","raw":"허니콤보 짱맛~~~ 또먹을래요~~~ 배달도 굿.","polarity":{"com":0,"pos":0.6071428570982143,"neg":0.28571428567857143,"neut":0,"none":0.10714285722321429},"intensity":{"high":0.10714285722321429,"low":0.07142857148214285,"meium":0.7142857140714285,"none":0.10714285722321429},"expressive":{"dir-action":0,"dir-explicit":0.10714285725,"dir-speech":0.35714285725,"indirect":0.39285714275,"writing-device":0.14285714275}},{"id":"교촌치킨-공릉1호점","permalink":"","username":"asdfg","text":"좋아요맛있어요친절해요","date":"Mon Dec 10 23:59:44 +0000 2018","retweets":"30","favorites":"20","mentions":[],"hashtags":[],"geo":"","raw":"좋아요맛있어요친절해요","polarity":{"com":0.006451612999999999,"pos":0.4787096773333334,"neg":0.46422939066666674,"neut":0.027956989333333335,"none":0.022652329666666665},"intensity":{"high":0.11326164866666666,"low":0.05204301066666667,"meium":0.811326165,"none":0.02336917566666667},"expressive":{"dir-action":0.002150537666666667,"dir-explicit":0.30465949833333333,"dir-speech":0.4982078853333333,"indirect":0.172329749,"writing-device":0.022652329666666665}},{"id":"교촌치킨-공릉1호점","permalink":"","username":"asdfg","text":"배송도 빠르고 맛있었어용 ㅎㅎ","date":"Mon Dec 10 23:59:44 +0000 2018","retweets":"30","favorites":"20","mentions":[],"hashtags":[],"geo":"","raw":"배송도 빠르고 맛있었어용 ㅎㅎ","polarity":{"com":0.0035714285,"pos":0.107142857,"neg":0.6642857145000001,"neut":0.007142857,"none":0.217857143},"intensity":{"high":0.0714285715,"low":0.057142857,"meium":0.6535714285,"none":0.217857143},"expressive":{"dir-action":0,"dir-explicit":0.09285714295357143,"dir-speech":0.649999999675,"indirect":0.042857142978571426,"writing-device":0.21428571439285712}},{"id":"교촌치킨-공릉1호점","permalink":"","username":"asdfg","text":"주문한지 20분만에 도착했어요 진짜 배달두 빠르고 쫀맛!!!!","date":"Mon Dec 10 23:59:44 +0000 2018","retweets":"30","favorites":"20","mentions":[],"hashtags":[],"geo":"","raw":"주문한지 20분만에 도착했어요 진짜 배달두 빠르고 쫀맛!!!!","polarity":{"com":0.0038709677999999997,"pos":0.9032258064,"neg":0.07053763440000001,"neut":0.0167741936,"none":0.0055913978},"intensity":{"high":0.027956989199999994,"low":0.08989247299999999,"meium":0.8761290324,"none":0.006021505399999998},"expressive":{"dir-action":0.0012903226,"dir-explicit":0.262795699,"dir-speech":0.45892473119999994,"indirect":0.2713978494,"writing-device":0.0055913978}},{"id":"교촌치킨-공릉1호점","permalink":"","username":"asdfg","text":"여기서 시켜먹은지 이제 1년 됐네요 진짜 넘맛있구 양도 적당해요 앞으로도 잘부탁드료요 ㅎㅅㅎ~!","date":"Mon Dec 10 23:59:44 +0000 2018","retweets":"30","favorites":"20","mentions":[],"hashtags":[],"geo":"","raw":"여기서 시켜먹은지 이제 1년 됐네요 진짜 넘맛있구 양도 적당해요 앞으로도 잘부탁드료요 ㅎㅅㅎ~!","polarity":{"com":0.044119995990195546,"pos":0.4916641707796301,"neg":0.3789258261380164,"neut":0.030588000437647103,"none":0.05470200665451065},"intensity":{"high":0.055472363660503066,"low":0.08490898799056566,"meium":0.8049166416883426,"none":0.054702006660588665},"expressive":{"dir-action":0,"dir-explicit":0.15119629963306747,"dir-speech":0.601933379866237,"indirect":0.17025057396216656,"writing-device":0.07661974653852895}}]