[{"id":"호식이두마리치킨-공릉1호점","permalink":"","username":"asdfg","text":"맛있게 잘먹었습니다 배달 해주셔서 감사해요","date":"Mon Dec 10 23:59:44 +0000 2018","retweets":"30","favorites":"20","mentions":[],"hashtags":[],"geo":"","raw":"맛있게 잘먹었습니다 배달 해주셔서 감사해요","polarity":{"com":0.00229885060045977,"pos":0.4643678160928736,"neg":0.4661740558932348,"neut":0.028078817605615765,"none":0.03908045980781609},"intensity":{"high":0.3087027914765189,"low":0.12528735634988505,"meium":0.5246305417901478,"none":0.041379310383448276},"expressive":{"dir-action":0.0022988506004597703,"dir-explicit":0.1321839080264368,"dir-speech":0.5399014779079804,"indirect":0.27963875205592775,"writing-device":0.04597701140919541}},{"id":"호식이두마리치킨-공릉1호점","permalink":"","username":"asdfg","text":"배달도 빠르고 맛있게 잘 먹었어요 ㅎㅎ","date":"Mon Dec 10 23:59:44 +0000 2018","retweets":"30","favorites":"20","mentions":[],"hashtags":[],"geo":"","raw":"배달도 빠르고 맛있게 잘 먹었어요 ㅎㅎ","polarity":{"com":0,"pos":0.6785714286696428,"neg":0.30357142857589287,"neut":0.017857142754464286,"none":0},"intensity":{"high":0,"low":0.13690476175,"meium":0.86309523825,"none":0},"expressive":{"dir-action":0,"dir-explicit":0.0535714285,"dir-speech":0.53571428575,"indirect":0.41071428575,"writing-device":0}},{"id":"호식이두마리치킨-공릉1호점","permalink":"","username":"asdfg","text":"아덜램이랑 맛저녁 했네요! 역시 호식인 간장이 진리인 것 같네요 ^ _ ^ 잘 먹었습니다! ^ _ ^","date":"Mon Dec 10 23:59:44 +0000 2018","retweets":"30","favorites":"20","mentions":[],"hashtags":[],"geo":"","raw":"아덜램이랑 맛저녁 했네요! 역시 호식인 간장이 진리인 것 같네요 ^ _ ^ 잘 먹었습니다! ^ _ ^","polarity":{"com":0.011010361376376296,"pos":0.4579158888072395,"neg":0.24703813990587978,"neut":0.10446859688805857,"none":0.1795670130224459},"intensity":{"high":0.05944642014729241,"low":0.12120163892045059,"meium":0.6377974854891741,"none":0.1815544554430829},"expressive":{"dir-action":0.0019874423754968605,"dir-explicit":0.2789955105697489,"dir-speech":0.3547829999636958,"indirect":0.17490406779372603,"writing-device":0.1893299792973325}},{"id":"호식이두마리치킨-공릉1호점","permalink":"","username":"asdfg","text":"매번 먹지만 양과맛은 아주 훌륭합니다.","date":"Mon Dec 10 23:59:44 +0000 2018","retweets":"30","favorites":"20","mentions":[],"hashtags":[],"geo":"","raw":"매번 먹지만 양과맛은 아주 훌륭합니다.","polarity":{"com":0.01385267275346317,"pos":0.5665471533916367,"neg":0.3930356368482589,"neut":0.018089960754522492,"none":0.008474576252118643},"intensity":{"high":0.07243227576810807,"low":0.12791539903197885,"meium":0.7911777489477945,"none":0.008474576252118643},"expressive":{"dir-action":0,"dir-explicit":0.190659858,"dir-speech":0.39196726075,"indirect":0.408898305,"writing-device":0.00847457625}},{"id":"호식이두마리치킨-공릉1호점","permalink":"","username":"asdfg","text":"닭이좀 눅눅햇어요... ㅠㅠ","date":"Mon Dec 10 23:59:44 +0000 2018","retweets":"30","favorites":"20","mentions":[],"hashtags":[],"geo":"","raw":"닭이좀 눅눅햇어요... ㅠㅠ","polarity":{"com":0.0038314176666666665,"pos":0.77394636,"neg":0.134099617,"neut":0.02298850566666667,"none":0.06513409966666667},"intensity":{"high":0.03831417632056194,"low":0.04214559398595147,"meium":0.8505747123831418,"none":0.06896551731034482},"expressive":{"dir-action":0.003831417667943805,"dir-explicit":0.18697318006232436,"dir-speech":0.337931034445977,"indirect":0.39463601546487864,"writing-device":0.0766283523588761}},{"id":"호식이두마리치킨-공릉1호점","permalink":"","username":"asdfg","text":"가성비 호식이 좋아요~","date":"Mon Dec 10 23:59:44 +0000 2018","retweets":"30","favorites":"20","mentions":[],"hashtags":[],"geo":"","raw":"가성비 호식이 좋아요~","polarity":{"com":0,"pos":0.590909091,"neg":0.2727272725,"neut":0.09090909099999998,"none":0.0454545455},"intensity":{"high":0.0454545455,"low":0.09090909099999998,"meium":0.818181818,"none":0.0454545455},"expressive":{"dir-action":0,"dir-explicit":0,"dir-speech":0.9090909090000001,"indirect":0.045454545500000006,"writing-device":0.045454545500000006}},{"id":"호식이두마리치킨-공릉1호점","permalink":"","username":"asdfg","text":"먹다가 사진찍었습니다 하하하하하\n잘먹었어요! 맛있습니다","date":"Mon Dec 10 23:59:44 +0000 2018","retweets":"30","favorites":"20","mentions":[],"hashtags":[],"geo":"","raw":"먹다가 사진찍었습니다 하하하하하\n잘먹었어요! 맛있습니다","polarity":{"com":0,"pos":0.5119047618779762,"neg":0.4702380953675595,"neut":0.017857142754464286,"none":0},"intensity":{"high":0.02777777775,"low":0.109126984,"meium":0.86309523825,"none":0},"expressive":{"dir-action":0,"dir-explicit":0.109126984,"dir-speech":0.48015873025,"indirect":0.41071428575,"writing-device":0}},{"id":"호식이두마리치킨-공릉1호점","permalink":"","username":"asdfg","text":"치킨이식어서왓네요ㅜ아쉽..","date":"Mon Dec 10 23:59:44 +0000 2018","retweets":"30","favorites":"20","mentions":[],"hashtags":[],"geo":"","raw":"치킨이식어서왓네요ㅜ아쉽..","polarity":{"com":0,"pos":0,"neg":1,"neut":0,"none":0},"intensity":{"high":0,"low":0,"meium":1,"none":0},"expressive":{"dir-action":0,"dir-explicit":0,"dir-speech":0,"indirect":1,"writing-device":0}},{"id":"호식이두마리치킨-공릉1호점","permalink":"","username":"asdfg","text":"처음시켜봤는데 맛있어요","date":"Mon Dec 10 23:59:44 +0000 2018","retweets":"30","favorites":"20","mentions":[],"hashtags":[],"geo":"","raw":"처음시켜봤는데 맛있어요","polarity":{"com":0.0714285714642857,"pos":0.21428571439285712,"neg":0.6428571426785714,"neut":0,"none":0.0714285714642857},"intensity":{"high":0,"low":0,"meium":0.9285714285,"none":0.0714285715},"expressive":{"dir-action":0,"dir-explicit":0.1428571429285714,"dir-speech":0.7142857141428571,"indirect":0.0714285714642857,"writing-device":0.0714285714642857}},{"id":"호식이두마리치킨-공릉1호점","permalink":"","username":"asdfg","text":"맛과 양은 좋지만 배달이 늦는게 흠입니다","date":"Mon Dec 10 23:59:44 +0000 2018","retweets":"30","favorites":"20","mentions":[],"hashtags":[],"geo":"","raw":"맛과 양은 좋지만 배달이 늦는게 흠입니다","polarity":{"com":0.0045751633990849675,"pos":0.7380472598523905,"neg":0.15586324796882733,"neut":0.049069884390186023,"none":0.05244444438951111},"intensity":{"high":0.08087481141617496,"low":0.07049371541409874,"meium":0.7961870287592374,"none":0.05244444441048889},"expressive":{"dir-action":0,"dir-explicit":0.2651985924,"dir-speech":0.6189844142,"indirect":0.059450980400000006,"writing-device":0.05636601299999999}},{"id":"호식이두마리치킨-공릉1호점","permalink":"","username":"asdfg","text":"배달이 아주 엉망이네여 도착도 안했는데 완료라고 뜨고 위치 못찾아서 저와통화중에 대화중간에 먼저 끊어버리고\n배달하신분이 사장님이라는 직원분 말이 더 어이없네요 사장님이 그렇게 불친절하시고 책임감도 없으시네요\n그후에 바통터치해서 온 배달오신분은 사과말한마디없고 그냥 틱던저주고가고 치킨은 이미 다식어서 오고","date":"Mon Dec 10 23:59:44 +0000 2018","retweets":"30","favorites":"20","mentions":[],"hashtags":[],"geo":"","raw":"배달이 아주 엉망이네여 도착도 안했는데 완료라고 뜨고 위치 못찾아서 저와통화중에 대화중간에 먼저 끊어버리고\n배달하신분이 사장님이라는 직원분 말이 더 어이없네요 사장님이 그렇게 불친절하시고 책임감도 없으시네요\n그후에 바통터치해서 온 배달오신분은 사과말한마디없고 그냥 틱던저주고가고 치킨은 이미 다식어서 오고","polarity":{"com":0.03986642536666667,"pos":0.5260632959666667,"neg":0.34323170359999994,"neut":0.057048391899999995,"none":0.03379018316666667},"intensity":{"high":0.10947798014063187,"low":0.10066087547337739,"meium":0.7549866570836657,"none":0.03487448730232497},"expressive":{"dir-action":0.0007237932666907932,"dir-explicit":0.24784048184159468,"dir-speech":0.4715378673823846,"indirect":0.24321864624144063,"writing-device":0.03667921126788931}},{"id":"호식이두마리치킨-공릉1호점","permalink":"","username":"asdfg","text":"호식이 두마리 양념 애들 먹기에 괜찮았는데 좀 매워졌네요. 약간. 배달이 밀려서 좀 늦긴했네요.","date":"Mon Dec 10 23:59:44 +0000 2018","retweets":"30","favorites":"20","mentions":[],"hashtags":[],"geo":"","raw":"호식이 두마리 양념 애들 먹기에 괜찮았는데 좀 매워졌네요. 약간. 배달이 밀려서 좀 늦긴했네요.","polarity":{"com":0.10423312569999998,"pos":0.5412733172,"neg":0.26667975229999996,"neut":0.0224486974,"none":0.0653651074},"intensity":{"high":0.036548837703654885,"low":0.15482333241548235,"meium":0.7416727685741672,"none":0.0669550613066955},"expressive":{"dir-action":0.0015899539001589952,"dir-explicit":0.17770139591777015,"dir-speech":0.3887635822388764,"indirect":0.3503316055350332,"writing-device":0.08161346240816135}},{"id":"호식이두마리치킨-공릉1호점","permalink":"","username":"asdfg","text":"시간이 지나도 안오길래 기다리고 있으니까 배달하시는 분한테서 전화가 왔더라구요 .“주소지로 맞게 찾아  왔는데 시킨적 없다는데요? “라고하길래 “주소 다시 확인해 봐요.요기요에서 이 주소로 많이 시켜 먹었는데 ..?” 라고해도 그럴리 없다고 자기는 맞게 찾아 갔는데 마치 내가 주소를 잘못적은거 아니냔 늬앙스로 계속 말씀하시길래 한 삼분정도 실랑이를 하다가..결국 주소 다시 보내달라고 해서 문자로 다시 보냈더니 이분도 안되서 오더군요..닭을 받고 나서야 배달하는 분 잘못이 아니란걸 알았죠.영수증에 주소제대로 안적은거 누굽니까..","date":"Mon Dec 10 23:59:44 +0000 2018","retweets":"30","favorites":"20","mentions":[],"hashtags":[],"geo":"","raw":"시간이 지나도 안오길래 기다리고 있으니까 배달하시는 분한테서 전화가 왔더라구요 .“주소지로 맞게 찾아  왔는데 시킨적 없다는데요? “라고하길래 “주소 다시 확인해 봐요.요기요에서 이 주소로 많이 시켜 먹었는데 ..?” 라고해도 그럴리 없다고 자기는 맞게 찾아 갔는데 마치 내가 주소를 잘못적은거 아니냔 늬앙스로 계속 말씀하시길래 한 삼분정도 실랑이를 하다가..결국 주소 다시 보내달라고 해서 문자로 다시 보냈더니 이분도 안되서 오더군요..닭을 받고 나서야 배달하는 분 잘못이 아니란걸 알았죠.영수증에 주소제대로 안적은거 누굽니까..","polarity":{"com":0.004866377265504751,"pos":0.44381626985484957,"neg":0.3772717760562152,"neut":0.06052938639022571,"none":0.11351619043320475},"intensity":{"high":0.11725256417649474,"low":0.09986554652449804,"meium":0.6682957269182676,"none":0.11458616238073965},"expressive":{"dir-action":0.004508731591652705,"dir-explicit":0.19686726356339312,"dir-speech":0.379051417657998,"indirect":0.29250724774316295,"writing-device":0.12706533944379325}},{"id":"호식이두마리치킨-공릉1호점","permalink":"","username":"asdfg","text":"항상 시켜먹습니다~ 간장과 양념 모두 맛있어요ㅎ","date":"Mon Dec 10 23:59:44 +0000 2018","retweets":"30","favorites":"20","mentions":[],"hashtags":[],"geo":"","raw":"항상 시켜먹습니다~ 간장과 양념 모두 맛있어요ㅎ","polarity":{"com":0.009615384502403847,"pos":0.7275641026818911,"neg":0.2532051283133013,"neut":0.009615384502403847,"none":0},"intensity":{"high":0.047008547,"low":0.094017094,"meium":0.858974359,"none":0},"expressive":{"dir-action":0,"dir-explicit":0.24786324775,"dir-speech":0.62713675225,"indirect":0.125,"writing-device":0}},{"id":"호식이두마리치킨-공릉1호점","permalink":"","username":"asdfg","text":"요즘 여기만 시켜먹는듯","date":"Mon Dec 10 23:59:44 +0000 2018","retweets":"30","favorites":"20","mentions":[],"hashtags":[],"geo":"","raw":"요즘 여기만 시켜먹는듯","polarity":{"com":0,"pos":0.44444444433333335,"neg":0.5,"neut":0,"none":0.055555555666666666},"intensity":{"high":0.03703703698765432,"low":0.12962962962345678,"meium":0.7777777777407408,"none":0.05555555564814815},"expressive":{"dir-action":0,"dir-explicit":0.12962962966666666,"dir-speech":0.7037037036666667,"indirect":0.111111111,"writing-device":0.055555555666666666}},{"id":"호식이두마리치킨-공릉1호점","permalink":"","username":"asdfg","text":"순살 먹었는데 양도 적당하고 배송빠르고\n\n좋았어요","date":"Mon Dec 10 23:59:44 +0000 2018","retweets":"30","favorites":"20","mentions":[],"hashtags":[],"geo":"","raw":"순살 먹었는데 양도 적당하고 배송빠르고\n\n좋았어요","polarity":{"com":0,"pos":0.855,"neg":0.135,"neut":0,"none":0.01},"intensity":{"high":0.05,"low":0.09333333325,"meium":0.84666666675,"none":0.01},"expressive":{"dir-action":0,"dir-explicit":0.275,"dir-speech":0.05,"indirect":0.665,"writing-device":0.01}},{"id":"호식이두마리치킨-공릉1호점","permalink":"","username":"asdfg","text":"배달은 빨랐고, 좀 짰습니다","date":"Mon Dec 10 23:59:44 +0000 2018","retweets":"30","favorites":"20","mentions":[],"hashtags":[],"geo":"","raw":"배달은 빨랐고, 좀 짰습니다","polarity":{"com":0,"pos":1,"neg":0,"neut":0,"none":0},"intensity":{"high":0,"low":0.111111111,"meium":0.888888889,"none":0},"expressive":{"dir-action":0,"dir-explicit":0.13333333333333333,"dir-speech":0.5333333333333333,"indirect":0.3333333333333333,"writing-device":0}},{"id":"호식이두마리치킨-공릉1호점","permalink":"","username":"asdfg","text":"맛있고 양도 꽤 많아요. 추천.","date":"Mon Dec 10 23:59:44 +0000 2018","retweets":"30","favorites":"20","mentions":[],"hashtags":[],"geo":"","raw":"맛있고 양도 꽤 많아요. 추천.","polarity":{"com":0.00178571425,"pos":0.31806418225,"neg":0.47344720500000004,"neut":0.097774327,"none":0.1089285715},"intensity":{"high":0.18426501029606623,"low":0.0829192545207298,"meium":0.6238871636559717,"none":0.10892857152723213},"expressive":{"dir-action":0,"dir-explicit":0.26019668725,"dir-speech":0.379347826,"indirect":0.2533126295,"writing-device":0.10714285725}},{"id":"호식이두마리치킨-공릉1호점","permalink":"","username":"asdfg","text":"맛있게 잘 먹었습니다^^","date":"Mon Dec 10 23:59:44 +0000 2018","retweets":"30","favorites":"20","mentions":[],"hashtags":[],"geo":"","raw":"맛있게 잘 먹었습니다^^","polarity":{"com":0,"pos":0.35714285717857136,"neg":0.6071428573035714,"neut":0.03571428551785714,"none":0},"intensity":{"high":0,"low":0.107142857,"meium":0.8928571430000001,"none":0},"expressive":{"dir-action":0,"dir-explicit":0.107142857,"dir-speech":0.5714285715,"indirect":0.3214285715,"writing-device":0}},{"id":"호식이두마리치킨-공릉1호점","permalink":"","username":"asdfg","text":"배달도빨리오고 텐더시켜봤는데 부들부들하고 맛있어요!","date":"Mon Dec 10 23:59:44 +0000 2018","retweets":"30","favorites":"20","mentions":[],"hashtags":[],"geo":"","raw":"배달도빨리오고 텐더시켜봤는데 부들부들하고 맛있어요!","polarity":{"com":0.0019157088333333332,"pos":0.4195818756666667,"neg":0.3460353156666667,"neut":0.025987006500000003,"none":0.2064800933333333},"intensity":{"high":0.04814259532530957,"low":0.035565550660739076,"meium":0.7078960518820173,"none":0.20839580213193404},"expressive":{"dir-action":0.001915708833652618,"dir-explicit":0.18986340169831056,"dir-speech":0.45302348824217054,"indirect":0.14297018152382837,"writing-device":0.21222721970203787}},{"id":"호식이두마리치킨-공릉1호점","permalink":"","username":"asdfg","text":"땡초+후라이드가 젤맛있다 개인적으로","date":"Mon Dec 10 23:59:44 +0000 2018","retweets":"30","favorites":"20","mentions":[],"hashtags":[],"geo":"","raw":"땡초+후라이드가 젤맛있다 개인적으로","polarity":{"com":0.0089285715,"pos":0.205357143,"neg":0.732142857,"neut":0.0401785715,"none":0.013392857},"intensity":{"high":0.080357143,"low":0.0535714285,"meium":0.8482142855,"none":0.017857143},"expressive":{"dir-action":0,"dir-explicit":0.1875,"dir-speech":0.65625,"indirect":0.142857143,"writing-device":0.013392857}},{"id":"호식이두마리치킨-공릉1호점","permalink":"","username":"asdfg","text":"맛있게 먹었습니다 :)","date":"Mon Dec 10 23:59:44 +0000 2018","retweets":"30","favorites":"20","mentions":[],"hashtags":[],"geo":"","raw":"맛있게 먹었습니다 :)","polarity":{"com":0,"pos":0.1666666665,"neg":0.8333333334999999,"neut":0,"none":0},"intensity":{"high":0.0555555555,"low":0.111111111,"meium":0.8333333334999999,"none":0},"expressive":{"dir-action":0,"dir-explicit":0.111111111,"dir-speech":0.888888889,"indirect":0,"writing-device":0}},{"id":"호식이두마리치킨-공릉1호점","permalink":"","username":"asdfg","text":"순살 시켰는데 딱 양이 맞았어요. 다른 체인점은 순살하면 퍽퍽살만 들어있는 곳도 있는데 여기는 골고루 있어서 맛잇었어요","date":"Mon Dec 10 23:59:44 +0000 2018","retweets":"30","favorites":"20","mentions":[],"hashtags":[],"geo":"","raw":"순살 시켰는데 딱 양이 맞았어요. 다른 체인점은 순살하면 퍽퍽살만 들어있는 곳도 있는데 여기는 골고루 있어서 맛잇었어요","polarity":{"com":0.019254439098074554,"pos":0.5250773472474922,"neg":0.3831147430616885,"neut":0.023627925797637207,"none":0.048925544795107447},"intensity":{"high":0.05352266610535227,"low":0.018916464901891646,"meium":0.8786353241878636,"none":0.04892554480489256},"expressive":{"dir-action":0,"dir-explicit":0.35231705680000003,"dir-speech":0.4375790288,"indirect":0.1611783696,"writing-device":0.048925544800000005}},{"id":"호식이두마리치킨-공릉1호점","permalink":"","username":"asdfg","text":"맛 좋네요\n가성비 갑","date":"Mon Dec 10 23:59:44 +0000 2018","retweets":"30","favorites":"20","mentions":[],"hashtags":[],"geo":"","raw":"맛 좋네요\n가성비 갑","polarity":{"com":0,"pos":0.590909091,"neg":0.2727272725,"neut":0.090909091,"none":0.0454545455},"intensity":{"high":0.0454545455,"low":0.090909091,"meium":0.818181818,"none":0.0454545455},"expressive":{"dir-action":0,"dir-explicit":0,"dir-speech":0.909090909,"indirect":0.0454545455,"writing-device":0.0454545455}},{"id":"호식이두마리치킨-공릉1호점","permalink":"","username":"asdfg","text":"간장 냄새가 조금 양념은  그럭저럭","date":"Mon Dec 10 23:59:44 +0000 2018","retweets":"30","favorites":"20","mentions":[],"hashtags":[],"geo":"","raw":"간장 냄새가 조금 양념은  그럭저럭","polarity":{"com":0.005649717666666667,"pos":0.36864406766666663,"neg":0.5197740113333332,"neut":0.011299434999999997,"none":0.09463276833333333},"intensity":{"high":0.5338983051779661,"low":0.04519774001506591,"meium":0.3262711864420904,"none":0.09463276836487759},"expressive":{"dir-action":0,"dir-explicit":0.257062147,"dir-speech":0.26977401133333334,"indirect":0.37853107333333336,"writing-device":0.09463276833333334}},{"id":"호식이두마리치킨-공릉1호점","permalink":"","username":"asdfg","text":"ㅂㅅㄴㄱㄴㅅㅇㅂㄴㄷㅈㅅㅂㄴㄷㅈ","date":"Mon Dec 10 23:59:44 +0000 2018","retweets":"30","favorites":"20","mentions":[],"hashtags":[],"geo":"","raw":"ㅂㅅㄴㄱㄴㅅㅇㅂㄴㄷㅈㅅㅂㄴㄷㅈ","polarity":{"com":0.13636363613636365,"pos":0.3181818183181818,"neg":0.4090909094090909,"neut":0.04545454504545454,"none":0.09090909109090908},"intensity":{"high":0.090909091,"low":0.045454545,"meium":0.772727273,"none":0.090909091},"expressive":{"dir-action":0,"dir-explicit":0.045454545,"dir-speech":0.772727273,"indirect":0.090909091,"writing-device":0.090909091}},{"id":"호식이두마리치킨-공릉1호점","permalink":"","username":"asdfg","text":"괜찮습니다.......","date":"Mon Dec 10 23:59:44 +0000 2018","retweets":"30","favorites":"20","mentions":[],"hashtags":[],"geo":"","raw":"괜찮습니다.......","polarity":{"com":null,"pos":null,"neg":null,"neut":null,"none":null},"intensity":{"high":null,"low":null,"meium":null,"none":null},"expressive":{"dir-action":null,"dir-explicit":null,"dir-speech":null,"indirect":null,"writing-device":null}},{"id":"호식이두마리치킨-공릉1호점","permalink":"","username":"asdfg","text":"기숙사에서 먹었는데 친절하게 미리 전화두 주시구 감사했어요. 셋이서 두마리 오분컷했네요.","date":"Mon Dec 10 23:59:44 +0000 2018","retweets":"30","favorites":"20","mentions":[],"hashtags":[],"geo":"","raw":"기숙사에서 먹었는데 친절하게 미리 전화두 주시구 감사했어요. 셋이서 두마리 오분컷했네요.","polarity":{"com":0.009935240285714284,"pos":0.6853299227142856,"neg":0.2589388064285714,"neut":0.03654966614285714,"none":0.009246364428571428},"intensity":{"high":0.21377255360196748,"low":0.08380555372625792,"meium":0.6919317622417045,"none":0.010490130430070018},"expressive":{"dir-action":0.002472644571781806,"dir-explicit":0.180610875454373,"dir-speech":0.532608367218944,"indirect":0.2744324217534903,"writing-device":0.009875691001410811}},{"id":"호식이두마리치킨-공릉1호점","permalink":"","username":"asdfg","text":"맛있게 매워요~~  ㅎㅎ","date":"Mon Dec 10 23:59:44 +0000 2018","retweets":"30","favorites":"20","mentions":[],"hashtags":[],"geo":"","raw":"맛있게 매워요~~  ㅎㅎ","polarity":{"com":0,"pos":0,"neg":1,"neut":0,"none":0},"intensity":{"high":0,"low":0,"meium":1,"none":0},"expressive":{"dir-action":0,"dir-explicit":0,"dir-speech":1,"indirect":0,"writing-device":0}},{"id":"호식이두마리치킨-공릉1호점","permalink":"","username":"asdfg","text":"맛있습니다 ㅎㅎ 또 시킬게요~~","date":"Mon Dec 10 23:59:44 +0000 2018","retweets":"30","favorites":"20","mentions":[],"hashtags":[],"geo":"","raw":"맛있습니다 ㅎㅎ 또 시킬게요~~","polarity":{"com":0,"pos":0.0714285714642857,"neg":0.7142857141428571,"neut":0,"none":0.21428571439285712},"intensity":{"high":0,"low":0,"meium":0.7857142855,"none":0.2142857145},"expressive":{"dir-action":0,"dir-explicit":0.0714285715,"dir-speech":0.642857143,"indirect":0,"writing-device":0.2857142855}},{"id":"호식이두마리치킨-공릉1호점","permalink":"","username":"asdfg","text":"기대안하고 시켰는데 생각보다 맛있어서\n배달도 빠르고 맛도 있고 양도 적당했어쇼!","date":"Mon Dec 10 23:59:44 +0000 2018","retweets":"30","favorites":"20","mentions":[],"hashtags":[],"geo":"","raw":"기대안하고 시켰는데 생각보다 맛있어서\n배달도 빠르고 맛도 있고 양도 적당했어쇼!","polarity":{"com":0.00353542625,"pos":0.77880184325,"neg":0.10584197387500001,"neut":0.04619815675,"none":0.065622599875},"intensity":{"high":0.049095142,"low":0.09412922425,"meium":0.7908842166250001,"none":0.065891417125},"expressive":{"dir-action":0.000806451625,"dir-explicit":0.20442588325,"dir-speech":0.36978926650000005,"indirect":0.35935579875,"writing-device":0.065622599875}},{"id":"호식이두마리치킨-공릉1호점","permalink":"","username":"asdfg","text":"맛나요~","date":"Mon Dec 10 23:59:44 +0000 2018","retweets":"30","favorites":"20","mentions":[],"hashtags":[],"geo":"","raw":"맛나요~~~~~~~~~~","polarity":{"com":0,"pos":1,"neg":0,"neut":0,"none":0},"intensity":{"high":0,"low":0,"meium":1,"none":0},"expressive":{"dir-action":0,"dir-explicit":0,"dir-speech":1,"indirect":0,"writing-device":0}},{"id":"호식이두마리치킨-공릉1호점","permalink":"","username":"asdfg","text":"맛있었고 너무 너무 양념이 맛있어요 역시 추천합니다","date":"Mon Dec 10 23:59:44 +0000 2018","retweets":"30","favorites":"20","mentions":[],"hashtags":[],"geo":"","raw":"맛있었고 너무 너무 양념이 맛있어요 역시 추천합니다","polarity":{"com":0.03860979720772195,"pos":0.2848075140569615,"neg":0.5015005041003,"neut":0.10106200562021239,"none":0.07402017901480402},"intensity":{"high":0.07767379223106952,"low":0.14489561965795825,"meium":0.7020992442808397,"none":0.07533134383013254},"expressive":{"dir-action":0.002171379800868552,"dir-explicit":0.326567463130627,"dir-speech":0.45498095118199244,"indirect":0.14137896965655158,"writing-device":0.07490123622996049}},{"id":"호식이두마리치킨-공릉1호점","permalink":"","username":"asdfg","text":"가격에 비해 양도 훌륭한것 같습니다","date":"Mon Dec 10 23:59:44 +0000 2018","retweets":"30","favorites":"20","mentions":[],"hashtags":[],"geo":"","raw":"가격에 비해 양도 훌륭한것 같습니다","polarity":{"com":0.00779172024805207,"pos":0.479451854380137,"neg":0.24962852468759286,"neut":0.034556959491360756,"none":0.22857094119285726},"intensity":{"high":0.06424281425,"low":0.049592449499999997,"meium":0.6568430442500001,"none":0.229321692},"expressive":{"dir-action":0.0007507507496246246,"dir-explicit":0.19268846765365574,"dir-speech":0.14297706792851148,"indirect":0.43604773603197605,"writing-device":0.227535977636232}},{"id":"호식이두마리치킨-공릉1호점","permalink":"","username":"asdfg","text":"맛있어요 잘먹었어요~","date":"Mon Dec 10 23:59:44 +0000 2018","retweets":"30","favorites":"20","mentions":[],"hashtags":[],"geo":"","raw":"맛있어요 잘먹었어요~","polarity":{"com":0,"pos":0.35714285717857136,"neg":0.6071428573035714,"neut":0.03571428551785714,"none":0},"intensity":{"high":0,"low":0.107142857,"meium":0.8928571430000001,"none":0},"expressive":{"dir-action":0,"dir-explicit":0.107142857,"dir-speech":0.5714285715,"indirect":0.3214285715,"writing-device":0}},{"id":"호식이두마리치킨-공릉1호점","permalink":"","username":"asdfg","text":"잘먹엇오요 굳굳~~","date":"Mon Dec 10 23:59:44 +0000 2018","retweets":"30","favorites":"20","mentions":[],"hashtags":[],"geo":"","raw":"잘먹엇오요 굳굳~~","polarity":{"com":null,"pos":null,"neg":null,"neut":null,"none":null},"intensity":{"high":null,"low":null,"meium":null,"none":null},"expressive":{"dir-action":null,"dir-explicit":null,"dir-speech":null,"indirect":null,"writing-device":null}},{"id":"호식이두마리치킨-공릉1호점","permalink":"","username":"asdfg","text":"배달도 빠르고 맛있었습니다!","date":"Mon Dec 10 23:59:44 +0000 2018","retweets":"30","favorites":"20","mentions":[],"hashtags":[],"geo":"","raw":"배달도 빠르고 맛있었습니다!","polarity":{"com":0,"pos":0.6666666666666666,"neg":0.3333333333333333,"neut":0,"none":0},"intensity":{"high":0,"low":0.111111111,"meium":0.888888889,"none":0},"expressive":{"dir-action":0,"dir-explicit":0,"dir-speech":0.6666666666666666,"indirect":0.3333333333333333,"writing-device":0}},{"id":"호식이두마리치킨-공릉1호점","permalink":"","username":"asdfg","text":"양많고 맛있는데 간장소스가 너무부족해요 ㅜ","date":"Mon Dec 10 23:59:44 +0000 2018","retweets":"30","favorites":"20","mentions":[],"hashtags":[],"geo":"","raw":"양많고 맛있는데 간장소스가 너무부족해요 ㅜ","polarity":{"com":0.004464285750000001,"pos":0.20050465850000002,"neg":0.7573757762500001,"neut":0.030958851000000006,"none":0.0066964285000000005},"intensity":{"high":0.105395962776349,"low":0.08113354027028337,"meium":0.8045419254511355,"none":0.008928571502232141},"expressive":{"dir-action":0,"dir-explicit":0.28668478257167124,"dir-speech":0.4449728261112432,"indirect":0.2616459628154115,"writing-device":0.006696428501674107}},{"id":"호식이두마리치킨-공릉1호점","permalink":"","username":"asdfg","text":"개인적으로 불짬뽕치킨보다 더 맛있었어요!! 딱 적당히 매콤한 ㅎㅎㅎ 잘먹었습니다","date":"Mon Dec 10 23:59:44 +0000 2018","retweets":"30","favorites":"20","mentions":[],"hashtags":[],"geo":"","raw":"개인적으로 불짬뽕치킨보다 더 맛있었어요!! 딱 적당히 매콤한 ㅎㅎㅎ 잘먹었습니다","polarity":{"com":0.006006006001501502,"pos":0.5056376253764094,"neg":0.42362626585590657,"neut":0.04785453151196363,"none":0.01687557125421889},"intensity":{"high":0.07200678925,"low":0.09633158,"meium":0.8140353087500001,"none":0.017626322},"expressive":{"dir-action":0.0007507507500000002,"dir-explicit":0.5012147240000001,"dir-speech":0.13432376475000002,"indirect":0.34608443850000004,"writing-device":0.017626322000000003}},{"id":"호식이두마리치킨-공릉1호점","permalink":"","username":"asdfg","text":"호식이 괜찮네요\n양이 늘었으면","date":"Mon Dec 10 23:59:44 +0000 2018","retweets":"30","favorites":"20","mentions":[],"hashtags":[],"geo":"","raw":"호식이 괜찮네요\n양이 늘었으면","polarity":{"com":0.015418502,"pos":0.6158590310000001,"neg":0.320264317,"neut":0.0440528635,"none":0.0044052865},"intensity":{"high":0.15286343607643174,"low":0.16607929508303967,"meium":0.6744493393372246,"none":0.006607929503303965},"expressive":{"dir-action":0.0022026430011013215,"dir-explicit":0.5070484582535242,"dir-speech":0.2806167401403084,"indirect":0.20352422910176213,"writing-device":0.006607929503303965}},{"id":"호식이두마리치킨-공릉1호점","permalink":"","username":"asdfg","text":"굿~","date":"Mon Dec 10 23:59:44 +0000 2018","retweets":"30","favorites":"20","mentions":[],"hashtags":[],"geo":"","raw":"굿~~~~~~~~~~","polarity":{"com":0,"pos":1,"neg":0,"neut":0,"none":0},"intensity":{"high":0,"low":0,"meium":1,"none":0},"expressive":{"dir-action":0,"dir-explicit":0,"dir-speech":0,"indirect":1,"writing-device":0}},{"id":"호식이두마리치킨-공릉1호점","permalink":"","username":"asdfg","text":"아주맛나게먹었어요 항상감사합니다~","date":"Mon Dec 10 23:59:44 +0000 2018","retweets":"30","favorites":"20","mentions":[],"hashtags":[],"geo":"","raw":"아주맛나게먹었어요 항상감사합니다~","polarity":{"com":0.00483870975,"pos":0.64986559125,"neg":0.31733870975,"neut":0.020967742,"none":0.00698924725},"intensity":{"high":0.12522401425,"low":0.0845878135,"meium":0.7826612905,"none":0.00752688175},"expressive":{"dir-action":0.00161290325,"dir-explicit":0.25905017925,"dir-speech":0.45560035849999997,"indirect":0.27674731175,"writing-device":0.00698924725}},{"id":"호식이두마리치킨-공릉1호점","permalink":"","username":"asdfg","text":"배달도 빨랐고 맛있었어요","date":"Mon Dec 10 23:59:44 +0000 2018","retweets":"30","favorites":"20","mentions":[],"hashtags":[],"geo":"","raw":"배달도 빨랐고 맛있었어요","polarity":{"com":0,"pos":0.6666666666666666,"neg":0.3333333333333333,"neut":0,"none":0},"intensity":{"high":0,"low":0.111111111,"meium":0.888888889,"none":0},"expressive":{"dir-action":0,"dir-explicit":0,"dir-speech":0.6666666666666666,"indirect":0.3333333333333333,"writing-device":0}},{"id":"호식이두마리치킨-공릉1호점","permalink":"","username":"asdfg","text":"또 주문하고있어요 넘 맛져요","date":"Mon Dec 10 23:59:44 +0000 2018","retweets":"30","favorites":"20","mentions":[],"hashtags":[],"geo":"","raw":"또 주문하고있어요 넘 맛져요","polarity":{"com":0.006451612997849463,"pos":0.5529953914823349,"neg":0.2604198669131934,"neut":0.02795698932401434,"none":0.15217613928260798},"intensity":{"high":0.046594982,"low":0.03870967733333333,"meium":0.7618023553333333,"none":0.15289298533333334},"expressive":{"dir-action":0.002150537666666667,"dir-explicit":0.15227854600000001,"dir-speech":0.526779314,"indirect":0.11899641566666667,"writing-device":0.19979518666666665}},{"id":"호식이두마리치킨-공릉1호점","permalink":"","username":"asdfg","text":"처음시켜봤는데 요청사항 안보셨나보네요 ㅜㅜ\n그리고 날개 하나가 없더라구요.. 맛은 좋았지만 살짝 아쉬운게 있네요","date":"Mon Dec 10 23:59:44 +0000 2018","retweets":"30","favorites":"20","mentions":[],"hashtags":[],"geo":"","raw":"처음시켜봤는데 요청사항 안보셨나보네요 ㅜㅜ\n그리고 날개 하나가 없더라구요.. 맛은 좋았지만 살짝 아쉬운게 있네요","polarity":{"com":0.05490375326274477,"pos":0.5092141838165064,"neg":0.3338493545756638,"neut":0.06926487744195184,"none":0.03276783090313312},"intensity":{"high":0.16971733771184389,"low":0.11461034117139907,"meium":0.6820218776652709,"none":0.03365044345148632},"expressive":{"dir-action":0,"dir-explicit":0.2945126071818182,"dir-speech":0.45215973345454546,"indirect":0.2141241120909091,"writing-device":0.03920354727272727}},{"id":"호식이두마리치킨-공릉1호점","permalink":"","username":"asdfg","text":"맛잇엇어요!!!!!!","date":"Mon Dec 10 23:59:44 +0000 2018","retweets":"30","favorites":"20","mentions":[],"hashtags":[],"geo":"","raw":"맛잇엇어요!!!!!!","polarity":{"com":0,"pos":1,"neg":0,"neut":0,"none":0},"intensity":{"high":0,"low":0,"meium":1,"none":0},"expressive":{"dir-action":0,"dir-explicit":0,"dir-speech":1,"indirect":0,"writing-device":0}},{"id":"호식이두마리치킨-공릉1호점","permalink":"","username":"asdfg","text":"아들이 좋아해서 늘 시켜먹어요.","date":"Mon Dec 10 23:59:44 +0000 2018","retweets":"30","favorites":"20","mentions":[],"hashtags":[],"geo":"","raw":"아들이 좋아해서 늘 시켜먹어요.","polarity":{"com":0,"pos":0.44444444433333335,"neg":0.5555555556666666,"neut":0,"none":0},"intensity":{"high":0.037037037,"low":0.074074074,"meium":0.888888889,"none":0},"expressive":{"dir-action":0,"dir-explicit":0.40740740733333336,"dir-speech":0.5925925926666666,"indirect":0,"writing-device":0}},{"id":"호식이두마리치킨-공릉1호점","permalink":"","username":"asdfg","text":"배달도빠르게오고맛있었어요!!근데간장소스조금만더뭍혀주시면좋을것같아용","date":"Mon Dec 10 23:59:44 +0000 2018","retweets":"30","favorites":"20","mentions":[],"hashtags":[],"geo":"","raw":"배달도빠르게오고맛있었어요!!근데간장소스조금만더뭍혀주시면좋을것같아용","polarity":{"com":0,"pos":0.644415584336512,"neg":0.2005194805427829,"neut":0.08441558441651205,"none":0.07064935070419294},"intensity":{"high":0.028571428571428577,"low":0.05333333328571429,"meium":0.8474458874285714,"none":0.07064935071428571},"expressive":{"dir-action":0,"dir-explicit":0.12467532469647497,"dir-speech":0.5545454544922078,"indirect":0.25012987010712434,"writing-device":0.07064935070419295}},{"id":"호식이두마리치킨-공릉1호점","permalink":"","username":"asdfg","text":"맛있엇어용!!!!!!!!","date":"Mon Dec 10 23:59:44 +0000 2018","retweets":"30","favorites":"20","mentions":[],"hashtags":[],"geo":"","raw":"맛있엇어용!!!!!!!!","polarity":{"com":0,"pos":1,"neg":0,"neut":0,"none":0},"intensity":{"high":0,"low":0,"meium":1,"none":0},"expressive":{"dir-action":0,"dir-explicit":0,"dir-speech":1,"indirect":0,"writing-device":0}},{"id":"호식이두마리치킨-공릉1호점","permalink":"","username":"asdfg","text":"맛도좋고 배달해주시는분이 친절하고 빨리와서 너무 좋았어요","date":"Mon Dec 10 23:59:44 +0000 2018","retweets":"30","favorites":"20","mentions":[],"hashtags":[],"geo":"","raw":"맛도좋고 배달해주시는분이 친절하고 빨리와서 너무 좋았어요","polarity":{"com":0.023173140285714284,"pos":0.7255694535714285,"neg":0.22956769800000001,"neut":0.011981566857142857,"none":0.009708141285714286},"intensity":{"high":0.06894886985714285,"low":0.04271231071428572,"meium":0.8783234584285714,"none":0.010015361},"expressive":{"dir-action":0.0009216589999999999,"dir-explicit":0.28362958085714285,"dir-speech":0.5400482774285714,"indirect":0.16569234142857145,"writing-device":0.009708141285714284}},{"id":"호식이두마리치킨-공릉1호점","permalink":"","username":"asdfg","text":"배송도 빠르고 맛있게 잘먹었네요","date":"Mon Dec 10 23:59:44 +0000 2018","retweets":"30","favorites":"20","mentions":[],"hashtags":[],"geo":"","raw":"배송도 빠르고 맛있게 잘먹었네요","polarity":{"com":0.0023809523341269843,"pos":0.3095238094365079,"neg":0.514285714504762,"neut":0.028571428342857145,"none":0.14523809538174604},"intensity":{"high":0.04761904766666666,"low":0.10952380933333332,"meium":0.6976190476666666,"none":0.14523809533333332},"expressive":{"dir-action":0,"dir-explicit":0.13333333328888888,"dir-speech":0.48095238083968256,"indirect":0.24285714291904759,"writing-device":0.14285714295238094}},{"id":"호식이두마리치킨-공릉1호점","permalink":"","username":"asdfg","text":"가격도좋고 맛도좋네요.","date":"Mon Dec 10 23:59:44 +0000 2018","retweets":"30","favorites":"20","mentions":[],"hashtags":[],"geo":"","raw":"가격도좋고 맛도좋네요.","polarity":{"com":0,"pos":0.96,"neg":0.02,"neut":0,"none":0.02},"intensity":{"high":0.10000000000000002,"low":0.020000000000000004,"meium":0.86,"none":0.020000000000000004},"expressive":{"dir-action":0,"dir-explicit":0.30000000000000004,"dir-speech":0.35000000000000003,"indirect":0.33,"writing-device":0.020000000000000004}},{"id":"호식이두마리치킨-공릉1호점","permalink":"","username":"asdfg","text":"느므누무 맛있어요..","date":"Mon Dec 10 23:59:44 +0000 2018","retweets":"30","favorites":"20","mentions":[],"hashtags":[],"geo":"","raw":"느므누무 맛있어요..","polarity":{"com":0,"pos":0,"neg":1,"neut":0,"none":0},"intensity":{"high":0,"low":0,"meium":1,"none":0},"expressive":{"dir-action":0,"dir-explicit":0,"dir-speech":1,"indirect":0,"writing-device":0}},{"id":"호식이두마리치킨-공릉1호점","permalink":"","username":"asdfg","text":"배달도 빠르고 맛도 있습니다","date":"Mon Dec 10 23:59:44 +0000 2018","retweets":"30","favorites":"20","mentions":[],"hashtags":[],"geo":"","raw":"배달도 빠르고 맛도 있습니다","polarity":{"com":0,"pos":1,"neg":0,"neut":0,"none":0},"intensity":{"high":0,"low":0.111111111,"meium":0.888888889,"none":0},"expressive":{"dir-action":0,"dir-explicit":0,"dir-speech":0.6666666666666666,"indirect":0.3333333333333333,"writing-device":0}},{"id":"호식이두마리치킨-공릉1호점","permalink":"","username":"asdfg","text":"맛있게 잘먹어요~^^","date":"Mon Dec 10 23:59:44 +0000 2018","retweets":"30","favorites":"20","mentions":[],"hashtags":[],"geo":"","raw":"맛있게 잘먹어요~^^","polarity":{"com":0,"pos":0.35714285717857136,"neg":0.6071428573035714,"neut":0.03571428551785714,"none":0},"intensity":{"high":0,"low":0.107142857,"meium":0.8928571430000001,"none":0},"expressive":{"dir-action":0,"dir-explicit":0.107142857,"dir-speech":0.5714285715,"indirect":0.3214285715,"writing-device":0}},{"id":"호식이두마리치킨-공릉1호점","permalink":"","username":"asdfg","text":"면이랑 먹으면 괜찮은데 그냥 먹으면 많이 짰습니다... 양은 많아서 좋네요","date":"Mon Dec 10 23:59:44 +0000 2018","retweets":"30","favorites":"20","mentions":[],"hashtags":[],"geo":"","raw":"면이랑 먹으면 괜찮은데 그냥 먹으면 많이 짰습니다... 양은 많아서 좋네요","polarity":{"com":0,"pos":0.4963285023333333,"neg":0.47123993566666655,"neut":0.02576489533333333,"none":0.006666666666666666},"intensity":{"high":0.09533011268255503,"low":0.3391948470565325,"meium":0.5588083735931347,"none":0.006666666667777779},"expressive":{"dir-action":0,"dir-explicit":0.34436392905739405,"dir-speech":0.4584541064097424,"indirect":0.1905152978650859,"writing-device":0.006666666667777779}},{"id":"호식이두마리치킨-공릉1호점","permalink":"","username":"asdfg","text":"이번엔 좀 뻣뻣했어요.","date":"Mon Dec 10 23:59:44 +0000 2018","retweets":"30","favorites":"20","mentions":[],"hashtags":[],"geo":"","raw":"이번엔 좀 뻣뻣했어요.","polarity":{"com":0.006451613002150538,"pos":0.2778631164259544,"neg":0.6202082268734027,"neut":0.05970302101990101,"none":0.035774022678591345},"intensity":{"high":0.057176992666666655,"low":0.11807475666666666,"meium":0.7882573819999998,"none":0.03649086866666666},"expressive":{"dir-action":0.002150537666666667,"dir-explicit":0.4909028846666667,"dir-speech":0.3204301076666667,"indirect":0.14545144200000001,"writing-device":0.041065027999999996}},{"id":"호식이두마리치킨-공릉1호점","permalink":"","username":"asdfg","text":"추가 주문에 소스랑 음료 1.25로 업그레이드했는데\n치킨만 배달왔어요ㅠ\n추가 주문 확인 안되셨나봐요ㅠ","date":"Mon Dec 10 23:59:44 +0000 2018","retweets":"30","favorites":"20","mentions":[],"hashtags":[],"geo":"","raw":"추가 주문에 소스랑 음료 1.25로 업그레이드했는데\n치킨만 배달왔어요ㅠ\n추가 주문 확인 안되셨나봐요ㅠ","polarity":{"com":0.008717358001245337,"pos":0.5636594587948085,"neg":0.20514592931502082,"neut":0.1502599550214657,"none":0.07221729886745962},"intensity":{"high":0.058430816571428575,"low":0.13105872614285716,"meium":0.7379859387142856,"none":0.07252451857142858},"expressive":{"dir-action":0.0009216590001316656,"dir-explicit":0.41115443705873633,"dir-speech":0.31086198747298033,"indirect":0.20255524045750786,"writing-device":0.07450667601064381}},{"id":"호식이두마리치킨-공릉1호점","permalink":"","username":"asdfg","text":"항상 잘 먹고있어요. 감사합니다 ^^","date":"Mon Dec 10 23:59:44 +0000 2018","retweets":"30","favorites":"20","mentions":[],"hashtags":[],"geo":"","raw":"항상 잘 먹고있어요. 감사합니다 ^^","polarity":{"com":0,"pos":0.7777777776666667,"neg":0.22222222233333333,"neut":0,"none":0},"intensity":{"high":0.37037037033333337,"low":0.074074074,"meium":0.5555555556666666,"none":0},"expressive":{"dir-action":0,"dir-explicit":0.24074074066666665,"dir-speech":0.7592592593333333,"indirect":0,"writing-device":0}},{"id":"호식이두마리치킨-공릉1호점","permalink":"","username":"asdfg","text":"존맛탱구리♡♡♡♡♡","date":"Mon Dec 10 23:59:44 +0000 2018","retweets":"30","favorites":"20","mentions":[],"hashtags":[],"geo":"","raw":"존맛탱구리♡♡♡♡♡","polarity":{"com":0,"pos":1,"neg":0,"neut":0,"none":0},"intensity":{"high":0,"low":0,"meium":1,"none":0},"expressive":{"dir-action":0,"dir-explicit":0,"dir-speech":1,"indirect":0,"writing-device":0}},{"id":"호식이두마리치킨-공릉1호점","permalink":"","username":"asdfg","text":"맛잇어요!!! 배달도 빠르고 배달해주시는 분도 친절하시구 좋아용","date":"Mon Dec 10 23:59:44 +0000 2018","retweets":"30","favorites":"20","mentions":[],"hashtags":[],"geo":"","raw":"맛잇어요!!! 배달도 빠르고 배달해주시는 분도 친절하시구 좋아용","polarity":{"com":0.0027649769999999996,"pos":0.7816919025714286,"neg":0.1938534122857143,"neut":0.011981566857142857,"none":0.009708141285714286},"intensity":{"high":0.10976519641289069,"low":0.11073952155560866,"meium":0.7694799210329315,"none":0.010015360998569235},"expressive":{"dir-action":0.000921659,"dir-explicit":0.2070989687142857,"dir-speech":0.44821154271428576,"indirect":0.33405968828571425,"writing-device":0.009708141285714286}},{"id":"호식이두마리치킨-공릉1호점","permalink":"","username":"asdfg","text":"다음날 다른곳으로 가져갈꺼라서 바로 안열고 오늘 먹을라고 열었는데 이거 두마리 맞나요 양도 적고 다리 날개가 후라이드한개 양념 한개씩밖에 안들어있는데요\n분명 두마리 세트로 시킨고 결제도 한고 같은데 어떻게 된건지 한두번 시켜먹는거도 아니고 \n바로 확인한게 아니라 바꿔 달라고 도 못하고 어이가없네요","date":"Mon Dec 10 23:59:44 +0000 2018","retweets":"30","favorites":"20","mentions":[],"hashtags":[],"geo":"","raw":"다음날 다른곳으로 가져갈꺼라서 바로 안열고 오늘 먹을라고 열었는데 이거 두마리 맞나요 양도 적고 다리 날개가 후라이드한개 양념 한개씩밖에 안들어있는데요\n분명 두마리 세트로 시킨고 결제도 한고 같은데 어떻게 된건지 한두번 시켜먹는거도 아니고 \n바로 확인한게 아니라 바꿔 달라고 도 못하고 어이가없네요","polarity":{"com":0.04373267062604456,"pos":0.3703236042716127,"neg":0.3690034794384993,"neut":0.046132775658977866,"none":0.17080747000486543},"intensity":{"high":0.12991369695800575,"low":0.10007360625999508,"meium":0.5987642384934156,"none":0.17124845828858345},"expressive":{"dir-action":0.00043010753329032265,"dir-explicit":0.22380910461095246,"dir-speech":0.3508844929649116,"indirect":0.23050937594361573,"writing-device":0.19436691894723}},{"id":"호식이두마리치킨-공릉1호점","permalink":"","username":"asdfg","text":"비가 많이 오긴 했지만...\n요기에서 제시한 시간보다 훨씬 늦게 왔어요. 한시간 넘은 듯...ㅜㅜ\n양념치킨에 소스 많이 넣어달라고 했는데, 많이 넣어주셔서 맛있게 잘 먹었습니다.","date":"Mon Dec 10 23:59:44 +0000 2018","retweets":"30","favorites":"20","mentions":[],"hashtags":[],"geo":"","raw":"비가 많이 오긴 했지만...\n요기에서 제시한 시간보다 훨씬 늦게 왔어요. 한시간 넘은 듯...ㅜㅜ\n양념치킨에 소스 많이 넣어달라고 했는데, 많이 넣어주셔서 맛있게 잘 먹었습니다.","polarity":{"com":0.002298850600153257,"pos":0.40801860962720116,"neg":0.44659733636310656,"neut":0.09289363247285959,"none":0.05019157093667943},"intensity":{"high":0.11240649523669158,"low":0.1416894728288828,"meium":0.6767469437528674,"none":0.06915708818155811},"expressive":{"dir-action":0.002298850600306514,"dir-explicit":0.28430031017124,"dir-speech":0.4004834884533978,"indirect":0.25582922823411064,"writing-device":0.057088122540945085}},{"id":"호식이두마리치킨-공릉1호점","permalink":"","username":"asdfg","text":"배달 빨라요!","date":"Mon Dec 10 23:59:44 +0000 2018","retweets":"30","favorites":"20","mentions":[],"hashtags":[],"geo":"","raw":"배달 빨라요!!!!!!!!!!!!!!","polarity":{"com":0,"pos":1,"neg":0,"neut":0,"none":0},"intensity":{"high":0,"low":0,"meium":1,"none":0},"expressive":{"dir-action":0,"dir-explicit":0,"dir-speech":1,"indirect":0,"writing-device":0}},{"id":"호식이두마리치킨-공릉1호점","permalink":"","username":"asdfg","text":"치킨  양념이  조금  적어서  맛이  약한듯  싶어요.","date":"Mon Dec 10 23:59:44 +0000 2018","retweets":"30","favorites":"20","mentions":[],"hashtags":[],"geo":"","raw":"치킨  양념이  조금  적어서  맛이  약한듯  싶어요.","polarity":{"com":0.007709251,"pos":0.4829295155,"neg":0.44346549175000005,"neut":0.02202643175,"none":0.043869309999999995},"intensity":{"high":0.026431718000000003,"low":0.07470631425,"meium":0.85389133625,"none":0.044970631500000004},"expressive":{"dir-action":0.0011013215002753302,"dir-explicit":0.1451908957862977,"dir-speech":0.5486417033871605,"indirect":0.26009544781502386,"writing-device":0.04497063151124265}},{"id":"호식이두마리치킨-공릉1호점","permalink":"","username":"asdfg","text":"정말 맛있었어요 배달도 빨리왔어요","date":"Mon Dec 10 23:59:44 +0000 2018","retweets":"30","favorites":"20","mentions":[],"hashtags":[],"geo":"","raw":"정말 맛있었어요 배달도 빨리왔어요","polarity":{"com":0,"pos":0.511904762,"neg":0.4047619046666666,"neut":0,"none":0.08333333333333333},"intensity":{"high":0.30952380956349207,"low":0.09523809530158729,"meium":0.5119047618293651,"none":0.08333333330555555},"expressive":{"dir-action":0,"dir-explicit":0.42857142866666664,"dir-speech":0.13095238099999998,"indirect":0.357142857,"writing-device":0.08333333333333333}},{"id":"호식이두마리치킨-공릉1호점","permalink":"","username":"asdfg","text":"매운간장 너무 맛잇어요 👍🏻","date":"Mon Dec 10 23:59:44 +0000 2018","retweets":"30","favorites":"20","mentions":[],"hashtags":[],"geo":"","raw":"매운간장 너무 맛잇어요 👍🏻","polarity":{"com":0.142857143,"pos":0.142857143,"neg":0.714285714,"neut":0,"none":0},"intensity":{"high":0.142857143,"low":0.142857143,"meium":0.714285714,"none":0},"expressive":{"dir-action":0,"dir-explicit":0.5714285710000001,"dir-speech":0.28571428600000004,"indirect":0.14285714300000002,"writing-device":0}},{"id":"호식이두마리치킨-공릉1호점","permalink":"","username":"asdfg","text":"맛나게 먹었습니다아아","date":"Mon Dec 10 23:59:44 +0000 2018","retweets":"30","favorites":"20","mentions":[],"hashtags":[],"geo":"","raw":"맛나게 먹었습니다아아","polarity":{"com":0,"pos":0.333333333,"neg":0.666666667,"neut":0,"none":0},"intensity":{"high":0.111111111,"low":0.222222222,"meium":0.666666667,"none":0},"expressive":{"dir-action":0,"dir-explicit":0.222222222,"dir-speech":0.777777778,"indirect":0,"writing-device":0}},{"id":"호식이두마리치킨-공릉1호점","permalink":"","username":"asdfg","text":"잘먹었습니다 맛있네요","date":"Mon Dec 10 23:59:44 +0000 2018","retweets":"30","favorites":"20","mentions":[],"hashtags":[],"geo":"","raw":"잘먹었습니다 맛있네요","polarity":{"com":0,"pos":0.35714285717857136,"neg":0.6071428573035714,"neut":0.03571428551785714,"none":0},"intensity":{"high":0,"low":0.107142857,"meium":0.8928571430000001,"none":0},"expressive":{"dir-action":0,"dir-explicit":0.107142857,"dir-speech":0.5714285715,"indirect":0.3214285715,"writing-device":0}},{"id":"호식이두마리치킨-공릉1호점","permalink":"","username":"asdfg","text":"간장소스 넘나취향저격..! 맛있어요흐","date":"Mon Dec 10 23:59:44 +0000 2018","retweets":"30","favorites":"20","mentions":[],"hashtags":[],"geo":"","raw":"간장소스 넘나취향저격..! 맛있어요흐","polarity":{"com":0,"pos":0.3333333333333333,"neg":0.6666666666666666,"neut":0,"none":0},"intensity":{"high":0.111111111,"low":0.22222222233333333,"meium":0.6666666666666666,"none":0},"expressive":{"dir-action":0,"dir-explicit":0.11111111103703702,"dir-speech":0.7777777779259258,"indirect":0.11111111103703702,"writing-device":0}},{"id":"호식이두마리치킨-공릉1호점","permalink":"","username":"asdfg","text":"맛있어요 배달도 빨리오규","date":"Mon Dec 10 23:59:44 +0000 2018","retweets":"30","favorites":"20","mentions":[],"hashtags":[],"geo":"","raw":"맛있어요 배달도 빨리오규","polarity":{"com":0,"pos":0.09523809533333333,"neg":0.9047619046666666,"neut":0,"none":0},"intensity":{"high":0.14285714295238094,"low":0.2619047619126984,"meium":0.5952380951349205,"none":0},"expressive":{"dir-action":0,"dir-explicit":0.09523809533333333,"dir-speech":0.5476190476666667,"indirect":0.357142857,"writing-device":0}},{"id":"호식이두마리치킨-공릉1호점","permalink":"","username":"asdfg","text":"양도 많고 맛도 있네요😁😁","date":"Mon Dec 10 23:59:44 +0000 2018","retweets":"30","favorites":"20","mentions":[],"hashtags":[],"geo":"","raw":"양도 많고 맛도 있네요😁😁","polarity":{"com":0.0029761903333333332,"pos":0.576863354,"neg":0.24197722566666668,"neut":0.026397515666666666,"none":0.15178571433333335},"intensity":{"high":0.10183747403394582,"low":0.09032091103010696,"meium":0.6560559005520186,"none":0.15178571438392857},"expressive":{"dir-action":0,"dir-explicit":0.23938923374646306,"dir-speech":0.47424948249141646,"indirect":0.13457556937819184,"writing-device":0.15178571438392857}},{"id":"호식이두마리치킨-공릉1호점","permalink":"","username":"asdfg","text":"맛잇어요 시켜드세요","date":"Mon Dec 10 23:59:44 +0000 2018","retweets":"30","favorites":"20","mentions":[],"hashtags":[],"geo":"","raw":"맛잇어요 시켜드세요","polarity":{"com":0,"pos":1,"neg":0,"neut":0,"none":0},"intensity":{"high":0,"low":0,"meium":1,"none":0},"expressive":{"dir-action":0,"dir-explicit":0,"dir-speech":1,"indirect":0,"writing-device":0}},{"id":"호식이두마리치킨-공릉1호점","permalink":"","username":"asdfg","text":"맛있어요~~ 뜨거워서 손 데일뻔 했네요 ㅎㅎ","date":"Mon Dec 10 23:59:44 +0000 2018","retweets":"30","favorites":"20","mentions":[],"hashtags":[],"geo":"","raw":"맛있어요~~ 뜨거워서 손 데일뻔 했네요 ㅎㅎ","polarity":{"com":0.0028735632500000003,"pos":0.37212643675,"neg":0.4755747127500001,"neut":0.10057471250000001,"none":0.04885057475000001},"intensity":{"high":0.02873563224281609,"low":0.0316091954920977,"meium":0.8879310342780172,"none":0.051724137987068965},"expressive":{"dir-action":0.0028735632507183905,"dir-explicit":0.04022988501005747,"dir-speech":0.5617816091404454,"indirect":0.33764367833441083,"writing-device":0.05747126426436781}},{"id":"호식이두마리치킨-공릉1호점","permalink":"","username":"asdfg","text":"순살이 부드럽고 맛이ㅛㅡㅁ","date":"Mon Dec 10 23:59:44 +0000 2018","retweets":"30","favorites":"20","mentions":[],"hashtags":[],"geo":"","raw":"순살이 부드럽고 맛이ㅛㅡㅁ","polarity":{"com":0,"pos":1,"neg":0,"neut":0,"none":0},"intensity":{"high":0,"low":0,"meium":1,"none":0},"expressive":{"dir-action":0,"dir-explicit":0.5,"dir-speech":0.5,"indirect":0,"writing-device":0}},{"id":"호식이두마리치킨-공릉1호점","permalink":"","username":"asdfg","text":"믿고 먹는 호식이! 양도 많고 맛잇어요 특히 매운간장 존맛탱","date":"Mon Dec 10 23:59:44 +0000 2018","retweets":"30","favorites":"20","mentions":[],"hashtags":[],"geo":"","raw":"믿고 먹는 호식이! 양도 많고 맛잇어요 특히 매운간장 존맛탱","polarity":{"com":0.004405286285714286,"pos":0.5128127251428573,"neg":0.3484399084285714,"neut":0.02594056971428571,"none":0.10840151042857142},"intensity":{"high":0.120624887874375,"low":0.11263411187323345,"meium":0.6577101632368157,"none":0.10903083701557585},"expressive":{"dir-action":0.0006293265716982828,"dir-explicit":0.22734165738314646,"dir-speech":0.5342479852289634,"indirect":0.13589305091538273,"writing-device":0.10188797990080913}},{"id":"호식이두마리치킨-공릉1호점","permalink":"","username":"asdfg","text":"맛있어요\n배달도 빠르고","date":"Mon Dec 10 23:59:44 +0000 2018","retweets":"30","favorites":"20","mentions":[],"hashtags":[],"geo":"","raw":"맛있어요\n배달도 빠르고","polarity":{"com":0,"pos":0.42857142866666664,"neg":0.5714285713333332,"neut":0,"none":0},"intensity":{"high":0.14285714295238094,"low":0.20634920626455028,"meium":0.6507936507830687,"none":0},"expressive":{"dir-action":0,"dir-explicit":0.09523809533333333,"dir-speech":0.380952381,"indirect":0.5238095236666667,"writing-device":0}},{"id":"호식이두마리치킨-공릉1호점","permalink":"","username":"asdfg","text":"맛도좋고 가격도 좋고 배달시간도 좋았어요 다음에 또 주문할꺼같아요.","date":"Mon Dec 10 23:59:44 +0000 2018","retweets":"30","favorites":"20","mentions":[],"hashtags":[],"geo":"","raw":"맛도좋고 가격도 좋고 배달시간도 좋았어요 다음에 또 주문할꺼같아요.","polarity":{"com":0.0019354838998064516,"pos":0.6737081412326291,"neg":0.2194592933780541,"neut":0.02267281109773272,"none":0.08222427039177757},"intensity":{"high":0.0635023041,"low":0.019612903199999997,"meium":0.8344454685,"none":0.0824393242},"expressive":{"dir-action":0.0006451613,"dir-explicit":0.2942549924000001,"dir-speech":0.4123195085,"indirect":0.19150844849999998,"writing-device":0.1012718893}},{"id":"호식이두마리치킨-공릉1호점","permalink":"","username":"asdfg","text":"날덥고 5층에다 끝방인데\n배달원이 친절해요\n감사합니다\n배달기사님","date":"Mon Dec 10 23:59:44 +0000 2018","retweets":"30","favorites":"20","mentions":[],"hashtags":[],"geo":"","raw":"날덥고 5층에다 끝방인데\n배달원이 친절해요\n감사합니다\n배달기사님","polarity":{"com":0.09228547016666667,"pos":0.5362231628333334,"neg":0.2697177353333334,"neut":0.029934832500000005,"none":0.07183879916666668},"intensity":{"high":0.27219630875739875,"low":0.03564298934521433,"meium":0.6195876883731959,"none":0.07257301352419102},"expressive":{"dir-action":0.0007342143334557024,"dir-explicit":0.2553995950425666,"dir-speech":0.5439746432573291,"indirect":0.12405056002067509,"writing-device":0.0758409873459735}},{"id":"호식이두마리치킨-공릉1호점","permalink":"","username":"asdfg","text":"양이 딱 배 차는정도네요","date":"Mon Dec 10 23:59:44 +0000 2018","retweets":"30","favorites":"20","mentions":[],"hashtags":[],"geo":"","raw":"양이 딱 배 차는정도네요","polarity":{"com":0,"pos":0.14285714300000002,"neg":0.35714285700000004,"neut":0.1,"none":0.4},"intensity":{"high":0.21428571439285712,"low":0.1428571429285714,"meium":0.2428571428785714,"none":0.3999999998},"expressive":{"dir-action":0,"dir-explicit":0.242857143,"dir-speech":0.0714285715,"indirect":0.2857142855,"writing-device":0.4}},{"id":"호식이두마리치킨-공릉1호점","permalink":"","username":"asdfg","text":"배달도 빠르고 맛있게 잘 먹었네요","date":"Mon Dec 10 23:59:44 +0000 2018","retweets":"30","favorites":"20","mentions":[],"hashtags":[],"geo":"","raw":"배달도 빠르고 맛있게 잘 먹었네요","polarity":{"com":0,"pos":0.6785714286696428,"neg":0.30357142857589287,"neut":0.017857142754464286,"none":0},"intensity":{"high":0,"low":0.13690476175,"meium":0.86309523825,"none":0},"expressive":{"dir-action":0,"dir-explicit":0.0535714285,"dir-speech":0.53571428575,"indirect":0.41071428575,"writing-device":0}},{"id":"호식이두마리치킨-공릉1호점","permalink":"","username":"asdfg","text":"땡초불닭 맛있어요~~","date":"Mon Dec 10 23:59:44 +0000 2018","retweets":"30","favorites":"20","mentions":[],"hashtags":[],"geo":"","raw":"땡초불닭 맛있어요~~","polarity":{"com":0,"pos":0.25,"neg":0.75,"neut":0,"none":0},"intensity":{"high":0,"low":0,"meium":1,"none":0},"expressive":{"dir-action":0,"dir-explicit":0.5,"dir-speech":0.5,"indirect":0,"writing-device":0}},{"id":"호식이두마리치킨-공릉1호점","permalink":"","username":"asdfg","text":"배송도 빠르고 맛있게 잘먹었네요","date":"Mon Dec 10 23:59:44 +0000 2018","retweets":"30","favorites":"20","mentions":[],"hashtags":[],"geo":"","raw":"배송도 빠르고 맛있게 잘먹었네요","polarity":{"com":0.0023809523341269843,"pos":0.3095238094365079,"neg":0.514285714504762,"neut":0.028571428342857145,"none":0.14523809538174604},"intensity":{"high":0.04761904766666666,"low":0.10952380933333332,"meium":0.6976190476666666,"none":0.14523809533333332},"expressive":{"dir-action":0,"dir-explicit":0.13333333328888888,"dir-speech":0.48095238083968256,"indirect":0.24285714291904759,"writing-device":0.14285714295238094}},{"id":"호식이두마리치킨-공릉1호점","permalink":"","username":"asdfg","text":"호식이두마리치킨 너무 맛있어요~","date":"Mon Dec 10 23:59:44 +0000 2018","retweets":"30","favorites":"20","mentions":[],"hashtags":[],"geo":"","raw":"호식이두마리치킨 너무 맛있어요~","polarity":{"com":0.0868470735,"pos":0.2872876025,"neg":0.577407174,"neut":0.0440528635,"none":0.0044052865},"intensity":{"high":0.12429200756214599,"low":0.1375078665687539,"meium":0.7315921963657961,"none":0.006607929503303964},"expressive":{"dir-action":0.002202643001101321,"dir-explicit":0.49276274374638135,"dir-speech":0.3234738831617369,"indirect":0.1749528005874764,"writing-device":0.006607929503303964}},{"id":"호식이두마리치킨-공릉1호점","permalink":"","username":"asdfg","text":"양념이 제일 맛있어요\n배달도 빨라요","date":"Mon Dec 10 23:59:44 +0000 2018","retweets":"30","favorites":"20","mentions":[],"hashtags":[],"geo":"","raw":"양념이 제일 맛있어요\n배달도 빨라요","polarity":{"com":0.010279001333333336,"pos":0.23914411600000005,"neg":0.7182714493333334,"neut":0.02936857566666667,"none":0.0029368576666666674},"intensity":{"high":0.17809943366666667,"low":0.13929095866666666,"meium":0.6782043213333333,"none":0.004405286333333334},"expressive":{"dir-action":0.0014684286671561425,"dir-explicit":0.23327040074442346,"dir-speech":0.5013635411671212,"indirect":0.25949234308649743,"writing-device":0.004405286334801761}},{"id":"호식이두마리치킨-공릉1호점","permalink":"","username":"asdfg","text":"존맛탱다시 구매의사 있음","date":"Mon Dec 10 23:59:44 +0000 2018","retweets":"30","favorites":"20","mentions":[],"hashtags":[],"geo":"","raw":"존맛탱다시 구매의사 있음","polarity":{"com":0,"pos":0.5238095236666667,"neg":0.42857142866666664,"neut":0,"none":0.047619047666666664},"intensity":{"high":0.047619047666666664,"low":0,"meium":0.9047619046666666,"none":0.047619047666666664},"expressive":{"dir-action":0,"dir-explicit":0.380952381,"dir-speech":0.5714285713333332,"indirect":0,"writing-device":0.047619047666666664}},{"id":"호식이두마리치킨-공릉1호점","permalink":"","username":"asdfg","text":"맛있어요 정말룽 ㅋ","date":"Mon Dec 10 23:59:44 +0000 2018","retweets":"30","favorites":"20","mentions":[],"hashtags":[],"geo":"","raw":"맛있어요 정말룽 ㅋ","polarity":{"com":0,"pos":0.375,"neg":0.5,"neut":0,"none":0.125},"intensity":{"high":0.25,"low":0,"meium":0.625,"none":0.125},"expressive":{"dir-action":0,"dir-explicit":0.25,"dir-speech":0.625,"indirect":0,"writing-device":0.125}},{"id":"호식이두마리치킨-공릉1호점","permalink":"","username":"asdfg","text":"맛ㅇㅅ고 양도 적당하고 조아요","date":"Mon Dec 10 23:59:44 +0000 2018","retweets":"30","favorites":"20","mentions":[],"hashtags":[],"geo":"","raw":"맛ㅇㅅ고 양도 적당하고 조아요","polarity":{"com":0.007625272333333333,"pos":0.7952069716666667,"neg":0.09259259266666665,"neut":0.030501089333333332,"none":0.074074074},"intensity":{"high":0.04248366001416121,"low":0.027233115342411036,"meium":0.8562091506187364,"none":0.07407407402469135},"expressive":{"dir-action":0,"dir-explicit":0.13943355133333335,"dir-speech":0.4008714596666667,"indirect":0.3790849673333334,"writing-device":0.08061002166666668}},{"id":"호식이두마리치킨-공릉1호점","permalink":"","username":"asdfg","text":"짭쪼름한 간장 치킨 잘 먹었습니당!","date":"Mon Dec 10 23:59:44 +0000 2018","retweets":"30","favorites":"20","mentions":[],"hashtags":[],"geo":"","raw":"짭쪼름한 간장 치킨 잘 먹었습니당!","polarity":{"com":0.009677419504838709,"pos":0.6152073733076037,"neg":0.28348694314174344,"neut":0.07764976953882487,"none":0.013978494506989247},"intensity":{"high":0.069892473,"low":0.165207373,"meium":0.7498463905,"none":0.0150537635},"expressive":{"dir-action":0.0032258065,"dir-explicit":0.2641321045,"dir-speech":0.21874039950000002,"indirect":0.499923195,"writing-device":0.0139784945}},{"id":"호식이두마리치킨-공릉1호점","permalink":"","username":"asdfg","text":"첫주문잘부탁드린다는 메모에도 불구하고\n중저가브랜드답게\n양 굉장히 적구요.\n소스양도 아끼시는지 보시는 것처럼 밑에는 거의 묻어있지 않네요\n재주문의사 절대없습니다\n치킨은 배달료받아도 역시 대기업인가봅니다.\n주문하시는 분들 참고하세요","date":"Mon Dec 10 23:59:44 +0000 2018","retweets":"30","favorites":"20","mentions":[],"hashtags":[],"geo":"","raw":"첫주문잘부탁드린다는 메모에도 불구하고\n중저가브랜드답게\n양 굉장히 적구요.\n소스양도 아끼시는지 보시는 것처럼 밑에는 거의 묻어있지 않네요\n재주문의사 절대없습니다\n치킨은 배달료받아도 역시 대기업인가봅니다.\n주문하시는 분들 참고하세요","polarity":{"com":0.006802236778533582,"pos":0.4520702453835634,"neg":0.3038051041448672,"neut":0.07455954489717327,"none":0.16276286879586252},"intensity":{"high":0.10216774451702797,"low":0.09811199379412977,"meium":0.6361522398838031,"none":0.1635680218050391},"expressive":{"dir-action":0,"dir-explicit":0.4048802881560977,"dir-speech":0.22024199980224912,"indirect":0.20503099124500349,"writing-device":0.16984672079664961}},{"id":"호식이두마리치킨-공릉1호점","permalink":"","username":"asdfg","text":"진짜 배부르게 잘목었다","date":"Mon Dec 10 23:59:44 +0000 2018","retweets":"30","favorites":"20","mentions":[],"hashtags":[],"geo":"","raw":"진짜 배부르게 잘목었다","polarity":{"com":0,"pos":0.7142857147142857,"neg":0.21428571421428572,"neut":0.07142857107142857,"none":0},"intensity":{"high":0,"low":0.214285714,"meium":0.785714286,"none":0},"expressive":{"dir-action":0,"dir-explicit":0.214285714,"dir-speech":0.142857143,"indirect":0.642857143,"writing-device":0}}]