[{"id":"BHC-묵동먹골점","permalink":"","username":"asdfg","text":"배달시간 1시간 걸린다고 알람이 나와서 기다렸는데 1시간 넘도록 오지않고 배달완료로 나오길래  전화했더니 죄송합니다라는 말이 먼저 안나오고 저희가 완료친거 아니라는 엉뚱한말을 먼저 하시네요? 그럼 완료를 누가치죠? 설사 매장에서 한게 아니더라도 죄송합니다가 먼저 나와야하는게 아닐까요?  더 웃긴건 아직 출발도 안했다는거에 어이가 없어서 실소가 나옵니다. 고객 응대를 머같이 하시네요. 치킨을 받아보기도전에 이런식이라면 안먹어도 맛을 알거같네요. 즐거운 주말을 덕분에 기분 안좋게 보냅니다.","date":"Mon Dec 10 23:59:44 +0000 2018","retweets":"30","favorites":"20","mentions":[],"hashtags":[],"geo":"","raw":"배달시간 1시간 걸린다고 알람이 나와서 기다렸는데 1시간 넘도록 오지않고 배달완료로 나오길래  전화했더니 죄송합니다라는 말이 먼저 안나오고 저희가 완료친거 아니라는 엉뚱한말을 먼저 하시네요? 그럼 완료를 누가치죠? 설사 매장에서 한게 아니더라도 죄송합니다가 먼저 나와야하는게 아닐까요?  더 웃긴건 아직 출발도 안했다는거에 어이가 없어서 실소가 나옵니다. 고객 응대를 머같이 하시네요. 치킨을 받아보기도전에 이런식이라면 안먹어도 맛을 알거같네요. 즐거운 주말을 덕분에 기분 안좋게 보냅니다.","polarity":{"com":0.02656555027398891,"pos":0.4330231166581762,"neg":0.37420598011030964,"neut":0.0889420409786482,"none":0.0772633119788772},"intensity":{"high":0.12099443126502006,"low":0.09294253412996528,"meium":0.7075968027876395,"none":0.0784662318173752},"expressive":{"dir-action":0.016119210371600825,"dir-explicit":0.25150358957344093,"dir-speech":0.3961915658786554,"indirect":0.20736053953682196,"writing-device":0.12882509463948086}},{"id":"BHC-묵동먹골점","permalink":"","username":"asdfg","text":"다른데보다 소스도 더 낙낙하고 맛있게 잘 먹엇어요~~~","date":"Mon Dec 10 23:59:44 +0000 2018","retweets":"30","favorites":"20","mentions":[],"hashtags":[],"geo":"","raw":"다른데보다 소스도 더 낙낙하고 맛있게 잘 먹엇어요~~~","polarity":{"com":0.005003112335001037,"pos":0.35792094611930697,"neg":0.38677248696225747,"neut":0.08509181436169727,"none":0.1652116402217372},"intensity":{"high":0.12838468720946153,"low":0.12393401787464466,"meium":0.5824696546941565,"none":0.16521164022173718},"expressive":{"dir-action":0,"dir-explicit":0.2474945534587509,"dir-speech":0.30202303144966286,"indirect":0.28319327728613447,"writing-device":0.1672891378054518}},{"id":"BHC-묵동먹골점","permalink":"","username":"asdfg","text":"맛있고 친절하셨어요.","date":"Mon Dec 10 23:59:44 +0000 2018","retweets":"30","favorites":"20","mentions":[],"hashtags":[],"geo":"","raw":"맛있고 친절하셨어요.","polarity":{"com":0.009677419499999998,"pos":0.25806451599999997,"neg":0.676344086,"neut":0.041935483999999995,"none":0.013978494499999997},"intensity":{"high":0.069892473,"low":0.058064516,"meium":0.8569892475,"none":0.0150537635},"expressive":{"dir-action":0.0032258065,"dir-explicit":0.1569892475,"dir-speech":0.647311828,"indirect":0.1784946235,"writing-device":0.0139784945}},{"id":"BHC-묵동먹골점","permalink":"","username":"asdfg","text":"맛있어요 뿌링클\n치즈볼은 워낙 유행이라 처음 시켜봤는데 개인적으로는 스틱이 더 맛있어요 \n잘먹었습니다","date":"Mon Dec 10 23:59:44 +0000 2018","retweets":"30","favorites":"20","mentions":[],"hashtags":[],"geo":"","raw":"맛있어요 뿌링클\n치즈볼은 워낙 유행이라 처음 시켜봤는데 개인적으로는 스틱이 더 맛있어요 \n잘먹었습니다","polarity":{"com":0.019975787002496973,"pos":0.5330656906916332,"neg":0.3812521454226565,"neut":0.03369131100421142,"none":0.03201506587900188},"intensity":{"high":0.06409391150801175,"low":0.08211746113526468,"meium":0.817463216602183,"none":0.03632541075454067},"expressive":{"dir-action":0,"dir-explicit":0.18520509222684936,"dir-speech":0.4919185383135102,"indirect":0.28887717658889034,"writing-device":0.0339991928707501}},{"id":"BHC-묵동먹골점","permalink":"","username":"asdfg","text":"윙과 다리 둘다 놓칠 수 없었습니다. 윙하고 다리 반반 섞인 메뉴도 나왔으면 좋겠어요^^ 잘 먹었습니다~","date":"Mon Dec 10 23:59:44 +0000 2018","retweets":"30","favorites":"20","mentions":[],"hashtags":[],"geo":"","raw":"윙과 다리 둘다 놓칠 수 없었습니다. 윙하고 다리 반반 섞인 메뉴도 나왔으면 좋겠어요^^ 잘 먹었습니다~","polarity":{"com":0.013162590102632517,"pos":0.3174956870634991,"neg":0.4815032494963007,"neut":0.12747134582549427,"none":0.06036712751207343},"intensity":{"high":0.0959565166,"low":0.1671879947,"meium":0.6762733074,"none":0.0605821813},"expressive":{"dir-action":0.0006451612999354839,"dir-explicit":0.28498759307150123,"dir-speech":0.2401583362759842,"indirect":0.4045560675595444,"writing-device":0.06965284179303471}},{"id":"BHC-묵동먹골점","permalink":"","username":"asdfg","text":"어제 먹고 넘 맛있어서\n오늘 또 먹었어요^^♡","date":"Mon Dec 10 23:59:44 +0000 2018","retweets":"30","favorites":"20","mentions":[],"hashtags":[],"geo":"","raw":"어제 먹고 넘 맛있어서\n오늘 또 먹었어요^^♡","polarity":{"com":0,"pos":0.1587301586137566,"neg":0.6984126984338624,"neut":0,"none":0.14285714295238094},"intensity":{"high":0.037037037,"low":0.074074074,"meium":0.7460317459999999,"none":0.142857143},"expressive":{"dir-action":0,"dir-explicit":0.12169312166666667,"dir-speech":0.687830688,"indirect":0,"writing-device":0.19047619033333332}},{"id":"BHC-묵동먹골점","permalink":"","username":"asdfg","text":"맛나요 \n다음엔 한마리로  시켜볼께요","date":"Mon Dec 10 23:59:44 +0000 2018","retweets":"30","favorites":"20","mentions":[],"hashtags":[],"geo":"","raw":"맛나요 \n다음엔 한마리로  시켜볼께요","polarity":{"com":0,"pos":0.43915343914638444,"neg":0.5026455028342152,"neut":0.031746031677248675,"none":0.026455026342151675},"intensity":{"high":0.010582010666666667,"low":0.07936507933333332,"meium":0.8835978836666666,"none":0.026455026333333336},"expressive":{"dir-action":0,"dir-explicit":0.052910053000000005,"dir-speech":0.888888889,"indirect":0.026455026333333336,"writing-device":0.03174603166666667}},{"id":"BHC-묵동먹골점","permalink":"","username":"asdfg","text":"매콤하니 맛있었어요~","date":"Mon Dec 10 23:59:44 +0000 2018","retweets":"30","favorites":"20","mentions":[],"hashtags":[],"geo":"","raw":"매콤하니 맛있었어요~","polarity":{"com":0.012012012,"pos":0.3063063065,"neg":0.653153153,"neut":0.0165165165,"none":0.012012012},"intensity":{"high":0.057057057,"low":0.042042042,"meium":0.8873873875,"none":0.0135135135},"expressive":{"dir-action":0.0015015015000000005,"dir-explicit":0.15615615600000002,"dir-speech":0.5450450450000001,"indirect":0.28378378400000004,"writing-device":0.013513513500000003}},{"id":"BHC-묵동먹골점","permalink":"","username":"asdfg","text":"크흡 너무 맛있어서 다 먹고 찍었네요\n특히 사장님이 너무 친절하시네요\n치하오? 는 오... 진짜 빠져들어서먹어요.\n특히 고추 튀긴거 있는데 그거 별미입니다 여러분.\n할인 할때 챙겨드셔보세요!!","date":"Mon Dec 10 23:59:44 +0000 2018","retweets":"30","favorites":"20","mentions":[],"hashtags":[],"geo":"","raw":"크흡 너무 맛있어서 다 먹고 찍었네요\n특히 사장님이 너무 친절하시네요\n치하오? 는 오... 진짜 빠져들어서먹어요.\n특히 고추 튀긴거 있는데 그거 별미입니다 여러분.\n할인 할때 챙겨드셔보세요!!","polarity":{"com":0.014537606856104456,"pos":0.28412154147970564,"neg":0.4527474754676609,"neut":0.04506827963963799,"none":0.20352509655689108},"intensity":{"high":0.10537643469923191,"low":0.07784639827459337,"meium":0.612277442555389,"none":0.20449972447078574},"expressive":{"dir-action":0.0012818475714285714,"dir-explicit":0.20416787171428577,"dir-speech":0.4155220139285714,"indirect":0.10388161935714287,"writing-device":0.2751466474285714}},{"id":"BHC-묵동먹골점","permalink":"","username":"asdfg","text":"뿌링클 역시 bhc","date":"Mon Dec 10 23:59:44 +0000 2018","retweets":"30","favorites":"20","mentions":[],"hashtags":[],"geo":"","raw":"뿌링클 역시 bhc","polarity":{"com":0,"pos":0.224137931,"neg":0.2413793105,"neut":0.5344827585,"none":0},"intensity":{"high":0.1896551725,"low":0.0344827585,"meium":0.2586206895,"none":0.5172413795},"expressive":{"dir-action":0,"dir-explicit":0.775862069,"dir-speech":0.068965517,"indirect":0.155172414,"writing-device":0}},{"id":"BHC-묵동먹골점","permalink":"","username":"asdfg","text":"사진을 찍었는데 사라져서ᆢ\n맛있게 잘 먹었어요~","date":"Mon Dec 10 23:59:44 +0000 2018","retweets":"30","favorites":"20","mentions":[],"hashtags":[],"geo":"","raw":"사진을 찍었는데 사라져서ᆢ\n맛있게 잘 먹었어요~","polarity":{"com":0,"pos":0.4285714286071428,"neg":0.5535714286383928,"neut":0.017857142754464286,"none":0},"intensity":{"high":0,"low":0.0535714285,"meium":0.9464285715,"none":0},"expressive":{"dir-action":0,"dir-explicit":0.0535714285,"dir-speech":0.28571428575,"indirect":0.66071428575,"writing-device":0}},{"id":"BHC-묵동먹골점","permalink":"","username":"asdfg","text":"우선 집과 거리가 있는 곳이지만 따뜻하고 빠르게 음식 보내주셔서 좋았어요! 하지만 뿌링클을 시켰는데 후라이드를 먹은 느낌....\n가루 많이 뿌려달라고 요청사항에 적기까지 했는데 가루가 아예없고 뿌링클맛이 하나도 안났어요. 치킨 맛이 정말 아쉽네요. 가장 중요한건데ㅜㅜ\n그래도 치즈볼은 처음 먹어보는건데 맛있네요","date":"Mon Dec 10 23:59:44 +0000 2018","retweets":"30","favorites":"20","mentions":[],"hashtags":[],"geo":"","raw":"우선 집과 거리가 있는 곳이지만 따뜻하고 빠르게 음식 보내주셔서 좋았어요! 하지만 뿌링클을 시켰는데 후라이드를 먹은 느낌....\n가루 많이 뿌려달라고 요청사항에 적기까지 했는데 가루가 아예없고 뿌링클맛이 하나도 안났어요. 치킨 맛이 정말 아쉽네요. 가장 중요한건데ㅜㅜ\n그래도 치즈볼은 처음 먹어보는건데 맛있네요","polarity":{"com":0.016411969592592595,"pos":0.4724510856296296,"neg":0.351358495074074,"neut":0.040733964444444444,"none":0.11904448525925926},"intensity":{"high":0.17181697139468025,"low":0.1122681056213135,"meium":0.5947426155485377,"none":0.12117230743546874},"expressive":{"dir-action":0.0014300284443914805,"dir-explicit":0.2873487492856538,"dir-speech":0.3739847719861487,"indirect":0.21265146243656846,"writing-device":0.1245849878472376}},{"id":"BHC-묵동먹골점","permalink":"","username":"asdfg","text":"잘먹었습니다~~~~","date":"Mon Dec 10 23:59:44 +0000 2018","retweets":"30","favorites":"20","mentions":[],"hashtags":[],"geo":"","raw":"잘먹었습니다~~~~","polarity":{"com":0,"pos":0.7142857147142857,"neg":0.21428571421428572,"neut":0.07142857107142857,"none":0},"intensity":{"high":0,"low":0.214285714,"meium":0.785714286,"none":0},"expressive":{"dir-action":0,"dir-explicit":0.214285714,"dir-speech":0.142857143,"indirect":0.642857143,"writing-device":0}},{"id":"BHC-묵동먹골점","permalink":"","username":"asdfg","text":"쿠와쿠와바삭바삭 잘먹었습니다!!","date":"Mon Dec 10 23:59:44 +0000 2018","retweets":"30","favorites":"20","mentions":[],"hashtags":[],"geo":"","raw":"쿠와쿠와바삭바삭 잘먹었습니다!!","polarity":{"com":0,"pos":0.7857142858928571,"neg":0.10714285705357142,"neut":0.10714285705357142,"none":0},"intensity":{"high":0.142857143,"low":0.1785714285,"meium":0.6785714285,"none":0},"expressive":{"dir-action":0,"dir-explicit":0.3214285713392857,"dir-speech":0.2857142858571428,"indirect":0.39285714280357137,"writing-device":0}},{"id":"BHC-묵동먹골점","permalink":"","username":"asdfg","text":"따뜻해도 맛있고  식으면 별로일줄알았는데 그것역시 맛나네요  근데  치즈볼은 ㅜ 그돈주고 재주문 절대안함  넘비싸고  맛도 ㅜ","date":"Mon Dec 10 23:59:44 +0000 2018","retweets":"30","favorites":"20","mentions":[],"hashtags":[],"geo":"","raw":"따뜻해도 맛있고  식으면 별로일줄알았는데 그것역시 맛나네요  근데  치즈볼은 ㅜ 그돈주고 재주문 절대안함  넘비싸고  맛도 ㅜ","polarity":{"com":0.001412429416666667,"pos":0.4046610169166667,"neg":0.5188323917500001,"neut":0.030602636500000006,"none":0.04449152541666668},"intensity":{"high":0.1751412429312618,"low":0.09463276834121942,"meium":0.6857344633071446,"none":0.0444915254203743},"expressive":{"dir-action":0,"dir-explicit":0.18926553675000002,"dir-speech":0.37994350283333334,"indirect":0.30296610166666665,"writing-device":0.12782485875}},{"id":"BHC-묵동먹골점","permalink":"","username":"asdfg","text":"치즈볼 정말 존맛탱입니다","date":"Mon Dec 10 23:59:44 +0000 2018","retweets":"30","favorites":"20","mentions":[],"hashtags":[],"geo":"","raw":"치즈볼 정말 존맛탱입니다","polarity":{"com":0.007625272333333333,"pos":0.7118736383333334,"neg":0.09259259266666665,"neut":0.030501089333333332,"none":0.15740740733333333},"intensity":{"high":0.20915032673638345,"low":0.027233115342411043,"meium":0.606209150535403,"none":0.15740740738580247},"expressive":{"dir-action":0,"dir-explicit":0.30610021800000004,"dir-speech":0.48420479299999997,"indirect":0.045751634000000006,"writing-device":0.163943355}},{"id":"BHC-묵동먹골점","permalink":"","username":"asdfg","text":"연휴라 배달이 어쩔수없이 늦어졌지만\n맛있게 잘 먹었습니당ㅎ","date":"Mon Dec 10 23:59:44 +0000 2018","retweets":"30","favorites":"20","mentions":[],"hashtags":[],"geo":"","raw":"연휴라 배달이 어쩔수없이 늦어졌지만\n맛있게 잘 먹었습니당ㅎ","polarity":{"com":0.050000000010000004,"pos":0.3428571428685714,"neg":0.5928571429185714,"neut":0.014285714202857142,"none":0},"intensity":{"high":0.05,"low":0.0428571428,"meium":0.9071428572,"none":0},"expressive":{"dir-action":0,"dir-explicit":0.1428571428,"dir-speech":0.6785714286,"indirect":0.1785714286,"writing-device":0}},{"id":"BHC-묵동먹골점","permalink":"","username":"asdfg","text":"항상맛있는음식해주셔서 감사합니다","date":"Mon Dec 10 23:59:44 +0000 2018","retweets":"30","favorites":"20","mentions":[],"hashtags":[],"geo":"","raw":"항상맛있는음식해주셔서 감사합니다","polarity":{"com":0.006451612999999998,"pos":0.8387096773333333,"neg":0.117562724,"neut":0.02795698933333333,"none":0.009318996333333333},"intensity":{"high":0.3799283153333333,"low":0.03870967733333333,"meium":0.571326165,"none":0.010035842333333333},"expressive":{"dir-action":0.002150537666666667,"dir-explicit":0.271326165,"dir-speech":0.5982078853333334,"indirect":0.11899641566666667,"writing-device":0.009318996333333334}},{"id":"BHC-묵동먹골점","permalink":"","username":"asdfg","text":"후라이드는 bhc !!!!","date":"Mon Dec 10 23:59:44 +0000 2018","retweets":"30","favorites":"20","mentions":[],"hashtags":[],"geo":"","raw":"후라이드는 bhc !!!!","polarity":{"com":0,"pos":0.3174603173174603,"neg":0.5079365085079365,"neut":0.09523809509523809,"none":0.07936507907936508},"intensity":{"high":0.031746032,"low":0.238095238,"meium":0.650793651,"none":0.079365079},"expressive":{"dir-action":0,"dir-explicit":0.158730159,"dir-speech":0.666666667,"indirect":0.079365079,"writing-device":0.095238095}},{"id":"BHC-묵동먹골점","permalink":"","username":"asdfg","text":"이제 작은닭 쓰시나요? 예전과 다르게 살이 너무 없다ㅡㅡ.이쁜 손글씨에 감동했는데 닭이 너무 실망이다.달라진건지 오늘 하루 뿐이건지. 연휴라 늦은 배달은 이해하지만 이건좀...","date":"Mon Dec 10 23:59:44 +0000 2018","retweets":"30","favorites":"20","mentions":[],"hashtags":[],"geo":"","raw":"이제 작은닭 쓰시나요? 예전과 다르게 살이 너무 없다ㅡㅡ.이쁜 손글씨에 감동했는데 닭이 너무 실망이다.달라진건지 오늘 하루 뿐이건지. 연휴라 늦은 배달은 이해하지만 이건좀...","polarity":{"com":0.0463242140550697,"pos":0.5338650569754666,"neg":0.29647310269981436,"neut":0.060008414845263605,"none":0.06332921142438575},"intensity":{"high":0.09197545233031192,"low":0.07727243843325356,"meium":0.7671910406474511,"none":0.06356106858898332},"expressive":{"dir-action":0.00023185715790693983,"dir-explicit":0.29113950548900736,"dir-speech":0.2664679373824457,"indirect":0.3746559486512977,"writing-device":0.06750475131934236}},{"id":"BHC-묵동먹골점","permalink":"","username":"asdfg","text":"배달원 분도 친절하시고 치킨도 맛있었어요! 전부터 계속 이용해왔는데 한결같고 좋습니당","date":"Mon Dec 10 23:59:44 +0000 2018","retweets":"30","favorites":"20","mentions":[],"hashtags":[],"geo":"","raw":"배달원 분도 친절하시고 치킨도 맛있었어요! 전부터 계속 이용해왔는데 한결같고 좋습니당","polarity":{"com":0.069124424,"pos":0.404746543625,"neg":0.17531490025000002,"neut":0.22989631337500002,"none":0.12091781875},"intensity":{"high":0.13137480799999998,"low":0.267960829375,"meium":0.47920890937499994,"none":0.12145545325000001},"expressive":{"dir-action":0.0016129032493951614,"dir-explicit":0.315994623756502,"dir-speech":0.41472734246947734,"indirect":0.1485330260693001,"writing-device":0.11913210445532546}},{"id":"BHC-묵동먹골점","permalink":"","username":"asdfg","text":"치즈볼 정말맛있어요~!!","date":"Mon Dec 10 23:59:44 +0000 2018","retweets":"30","favorites":"20","mentions":[],"hashtags":[],"geo":"","raw":"치즈볼 정말맛있어요~!!","polarity":{"com":0,"pos":0.75,"neg":0,"neut":0,"none":0.25},"intensity":{"high":0.5,"low":0,"meium":0.25,"none":0.25},"expressive":{"dir-action":0,"dir-explicit":0.5,"dir-speech":0.25,"indirect":0,"writing-device":0.25}},{"id":"BHC-묵동먹골점","permalink":"","username":"asdfg","text":"요즘 맘스터치의 마살라 치킨이 엄청난 마케팅을 하면서 각광을 받고있지만 다수의 분들이 실망하면서 BHC의 카리퀸 제품이 재조명 받고 있어서 시켜봤습다. 맛은 생각한것 보다 더 깔끔하고 맛있는 커리맛이네요 안 시켜보신붐들도 드셔보시길 바랍니다 ! 개인적으로는 BHC 메뉴중에선 제일 마음에 드네요. 여기 사장님께서 주문과 동시에 정성껏 만들어주셔서 이 지점 가까운 분들은 여기 이용하세요 (리뷰 이벤트는 제가 다른 지점과 오해했네요 죄송합니다 ㅠ ㅋㅋ 잘먹었습니다)","date":"Mon Dec 10 23:59:44 +0000 2018","retweets":"30","favorites":"20","mentions":[],"hashtags":[],"geo":"","raw":"요즘 맘스터치의 마살라 치킨이 엄청난 마케팅을 하면서 각광을 받고있지만 다수의 분들이 실망하면서 BHC의 카리퀸 제품이 재조명 받고 있어서 시켜봤습다. 맛은 생각한것 보다 더 깔끔하고 맛있는 커리맛이네요 안 시켜보신붐들도 드셔보시길 바랍니다 ! 개인적으로는 BHC 메뉴중에선 제일 마음에 드네요. 여기 사장님께서 주문과 동시에 정성껏 만들어주셔서 이 지점 가까운 분들은 여기 이용하세요 (리뷰 이벤트는 제가 다른 지점과 오해했네요 죄송합니다 ㅠ ㅋㅋ 잘먹었습니다)","polarity":{"com":0.009692184438787993,"pos":0.6068287834486139,"neg":0.28600365509058523,"neut":0.060193495144873335,"none":0.03728188187713946},"intensity":{"high":0.1040194467754137,"low":0.17870042508884387,"meium":0.6796394080156274,"none":0.03764072012011509},"expressive":{"dir-action":0.0005686467804739355,"dir-explicit":0.3183464997727232,"dir-speech":0.4175742331117664,"indirect":0.22365676348234986,"writing-device":0.03985385685268648}},{"id":"BHC-묵동먹골점","permalink":"","username":"asdfg","text":"Good chicken!!","date":"Mon Dec 10 23:59:44 +0000 2018","retweets":"30","favorites":"20","mentions":[],"hashtags":[],"geo":"","raw":"Good chicken!!","polarity":{"com":null,"pos":null,"neg":null,"neut":null,"none":null},"intensity":{"high":null,"low":null,"meium":null,"none":null},"expressive":{"dir-action":null,"dir-explicit":null,"dir-speech":null,"indirect":null,"writing-device":null}},{"id":"BHC-묵동먹골점","permalink":"","username":"asdfg","text":"아....먹골점에서 여러번 시켜먹을때 이런 적 없엇는데 \n머리카락이 있었어요......그리고 튀김이 두껍고...가루는 적고 치킨 살이 너무 부드러워요 분홍색에....","date":"Mon Dec 10 23:59:44 +0000 2018","retweets":"30","favorites":"20","mentions":[],"hashtags":[],"geo":"","raw":"아....먹골점에서 여러번 시켜먹을때 이런 적 없엇는데 \n머리카락이 있었어요......그리고 튀김이 두껍고...가루는 적고 치킨 살이 너무 부드러워요 분홍색에....","polarity":{"com":0.017369414701736943,"pos":0.31261847063126186,"neg":0.5210361579521036,"neut":0.1068250582106825,"none":0.04215089850421509},"intensity":{"high":0.12111964031211196,"low":0.12849835431284984,"meium":0.707790578270779,"none":0.042591427104259144},"expressive":{"dir-action":0.00044052860004405273,"dir-explicit":0.37572704093757264,"dir-speech":0.4965343260496534,"indirect":0.08311937570831192,"writing-device":0.04417872870441787}},{"id":"BHC-묵동먹골점","permalink":"","username":"asdfg","text":"짜지 않고 좋아여 자주 시켜먹는 매뉴입니다","date":"Mon Dec 10 23:59:44 +0000 2018","retweets":"30","favorites":"20","mentions":[],"hashtags":[],"geo":"","raw":"짜지 않고 좋아여 자주 시켜먹는 매뉴입니다","polarity":{"com":0.00571895425,"pos":0.659738562,"neg":0.24611111125000001,"neut":0.022875817,"none":0.0655555555},"intensity":{"high":0.10964052277741013,"low":0.3359803920839951,"meium":0.48882352962220593,"none":0.06555555551638889},"expressive":{"dir-action":0,"dir-explicit":0.310130719,"dir-speech":0.54509803925,"indirect":0.07431372550000001,"writing-device":0.07045751625}},{"id":"BHC-묵동먹골점","permalink":"","username":"asdfg","text":"맛잇게 먹엇어요 전날 축구보면서 치킨먹엇는데 맛없었거든요ㅜㅜ 오늘은 너무 만족스럽네용","date":"Mon Dec 10 23:59:44 +0000 2018","retweets":"30","favorites":"20","mentions":[],"hashtags":[],"geo":"","raw":"맛잇게 먹엇어요 전날 축구보면서 치킨먹엇는데 맛없었거든요ㅜㅜ 오늘은 너무 만족스럽네용","polarity":{"com":0.01172316399765537,"pos":0.5145197738970961,"neg":0.43519774011296053,"neut":0.023446327595310738,"none":0.015112994396977402},"intensity":{"high":0.09367231641873447,"low":0.08378531061675706,"meium":0.8074293785614859,"none":0.015112994403022597},"expressive":{"dir-action":0,"dir-explicit":0.4409039548881808,"dir-speech":0.4435310734887062,"indirect":0.09211864401842373,"writing-device":0.023446327604689267}},{"id":"BHC-묵동먹골점","permalink":"","username":"asdfg","text":"다른 매장보다도\n소스도 많고 닭도 바싹하니\n넘좋았어요","date":"Mon Dec 10 23:59:44 +0000 2018","retweets":"30","favorites":"20","mentions":[],"hashtags":[],"geo":"","raw":"다른 매장보다도\n소스도 많고 닭도 바싹하니\n넘좋았어요","polarity":{"com":0.0037274219999999998,"pos":0.6912249588,"neg":0.154174056,"neut":0.016650246200000003,"none":0.134223317},"intensity":{"high":0.09155993438168801,"low":0.056144499188771096,"meium":0.7157733988568453,"none":0.13652216757269556},"expressive":{"dir-action":0.0022988506,"dir-explicit":0.38932676520000004,"dir-speech":0.18275862059999998,"indirect":0.28592446639999997,"writing-device":0.1396912972}},{"id":"BHC-묵동먹골점","permalink":"","username":"asdfg","text":"맛초킹은 제 최애이기에 맛있게 잘 먹었습니다.","date":"Mon Dec 10 23:59:44 +0000 2018","retweets":"30","favorites":"20","mentions":[],"hashtags":[],"geo":"","raw":"맛초킹은 제 최애이기에 맛있게 잘 먹었습니다.","polarity":{"com":0.0033898306006779665,"pos":0.41404358348280873,"neg":0.5547215497109443,"neut":0.021065375204213074,"none":0.006779661001355932},"intensity":{"high":0.020338983004067796,"low":0.06997578681399515,"meium":0.9029055691805811,"none":0.006779661001355932},"expressive":{"dir-action":0,"dir-explicit":0.09709443099999998,"dir-speech":0.5404358354,"indirect":0.35569007259999996,"writing-device":0.0067796609999999985}},{"id":"BHC-묵동먹골점","permalink":"","username":"asdfg","text":"맛있음\n치즈볼은 역시 끝내줌","date":"Mon Dec 10 23:59:44 +0000 2018","retweets":"30","favorites":"20","mentions":[],"hashtags":[],"geo":"","raw":"맛있음\n치즈볼은 역시 끝내줌","polarity":{"com":0.035952748,"pos":0.6489470979999999,"neg":0.277349769,"neut":0.011299434999999998,"none":0.02645095},"intensity":{"high":0.049049820032699885,"low":0.09065228539376818,"meium":0.8338469445558979,"none":0.026450950017633968},"expressive":{"dir-action":0,"dir-explicit":0.18130457133333336,"dir-speech":0.5500770416666667,"indirect":0.242167437,"writing-device":0.026450950000000004}},{"id":"BHC-묵동먹골점","permalink":"","username":"asdfg","text":"매번 맛있게 먹고 있습니다 ㅎ 더우실텐데 건강 유의하시고 지금처럼 맛있게 만들어주세요!","date":"Mon Dec 10 23:59:44 +0000 2018","retweets":"30","favorites":"20","mentions":[],"hashtags":[],"geo":"","raw":"매번 맛있게 먹고 있습니다 ㅎ 더우실텐데 건강 유의하시고 지금처럼 맛있게 만들어주세요!","polarity":{"com":0.002419354875,"pos":0.39506239425,"neg":0.43762002375,"neut":0.030968820875,"none":0.13392940625},"intensity":{"high":0.0531011375,"low":0.06277885662500002,"meium":0.7499217823750001,"none":0.13419822350000002},"expressive":{"dir-action":0.000806451625,"dir-explicit":0.22616667275,"dir-speech":0.51183724725,"indirect":0.127260222125,"writing-device":0.13392940625}},{"id":"BHC-묵동먹골점","permalink":"","username":"asdfg","text":"전화도 친절하게 받아주시고 배달도 빠르고 잘 먹었습니다 ㅎ","date":"Mon Dec 10 23:59:44 +0000 2018","retweets":"30","favorites":"20","mentions":[],"hashtags":[],"geo":"","raw":"전화도 친절하게 받아주시고 배달도 빠르고 잘 먹었습니다 ㅎ","polarity":{"com":0.0032258065005376342,"pos":0.7910906297985152,"neg":0.1697644648616274,"neut":0.0312596006718766,"none":0.00465949816744325},"intensity":{"high":0.04480286733333333,"low":0.13213005616666665,"meium":0.8180491553333334,"none":0.005017921166666666},"expressive":{"dir-action":0.0010752688333333334,"dir-explicit":0.15256016383333332,"dir-speech":0.26108550950000003,"indirect":0.5806195596666667,"writing-device":0.004659498166666667}},{"id":"BHC-묵동먹골점","permalink":"","username":"asdfg","text":"순살뿌링클x 순살양념치킨o 호기로 매운거 시켰다가 헉해서 안매운걸로 시켜먹었어요 너무 맛있었음 달고 바삭했어요 가슴살 너무 좋아해서 bhc가 저한테 딱 맞네요 이번엔 양념이 좀 적어서 강정처럼 왔는데 양념이 더 많으면 진짜 양념치킨 제 베스트인거 같아요 배달요청사항도 잘 들어주셔서 너무 감사합니다 잘먹었습니다!","date":"Mon Dec 10 23:59:44 +0000 2018","retweets":"30","favorites":"20","mentions":[],"hashtags":[],"geo":"","raw":"순살뿌링클x 순살양념치킨o 호기로 매운거 시켰다가 헉해서 안매운걸로 시켜먹었어요 너무 맛있었음 달고 바삭했어요 가슴살 너무 좋아해서 bhc가 저한테 딱 맞네요 이번엔 양념이 좀 적어서 강정처럼 왔는데 양념이 더 많으면 진짜 양념치킨 제 베스트인거 같아요 배달요청사항도 잘 들어주셔서 너무 감사합니다 잘먹었습니다!","polarity":{"com":0.021821114039461603,"pos":0.4113584395271879,"neg":0.45459353742088077,"neut":0.05810460093238198,"none":0.05412230808008765},"intensity":{"high":0.10271480211491535,"low":0.08287013511418037,"meium":0.7575906931762071,"none":0.05682436959469721},"expressive":{"dir-action":0.0012535335186578,"dir-explicit":0.3121967172569108,"dir-speech":0.3848771296723938,"indirect":0.18404034750193038,"writing-device":0.11763227205010728}},{"id":"BHC-묵동먹골점","permalink":"","username":"asdfg","text":"순살뿌링클 -> 순살매운양념치킨으로 변경해서 먹었는데 제 생각보다 훨 매워서 먹는데 고생했어요 후아 단데 맵기는 굽네볼케이노 조금 약한 정도예요 그래도 너무너무 맛있었어요 베어먹으면서 양념 안묻은 부분 찍어먹어도 될 정도로 양념도 넉넉히 주셔서 좋았어요 배달도 귯 잘먹었습니다","date":"Mon Dec 10 23:59:44 +0000 2018","retweets":"30","favorites":"20","mentions":[],"hashtags":[],"geo":"","raw":"순살뿌링클 -> 순살매운양념치킨으로 변경해서 먹었는데 제 생각보다 훨 매워서 먹는데 고생했어요 후아 단데 맵기는 굽네볼케이노 조금 약한 정도예요 그래도 너무너무 맛있었어요 베어먹으면서 양념 안묻은 부분 찍어먹어도 될 정도로 양념도 넉넉히 주셔서 좋았어요 배달도 귯 잘먹었습니다","polarity":{"com":0.004657104954333769,"pos":0.3564626422110699,"neg":0.45740328016102727,"neut":0.07614066795108453,"none":0.10533630472248474},"intensity":{"high":0.12067084062539357,"low":0.14165979925984912,"meium":0.6305701538063118,"none":0.10709920630844554},"expressive":{"dir-action":0.0005865102726739537,"dir-explicit":0.3396541940600314,"dir-speech":0.37757645182931127,"indirect":0.17261503948430773,"writing-device":0.10956780435367566}},{"id":"BHC-묵동먹골점","permalink":"","username":"asdfg","text":"ㅜㅜ뿌링클 넘 맛있어요\n따끈따끈할때 먹으니까 바삭하니 존맛탱~!~!~!!!","date":"Mon Dec 10 23:59:44 +0000 2018","retweets":"30","favorites":"20","mentions":[],"hashtags":[],"geo":"","raw":"ㅜㅜ뿌링클 넘 맛있어요\n따끈따끈할때 먹으니까 바삭하니 존맛탱~!~!~!!!","polarity":{"com":0.0032840722852451325,"pos":0.35079862652131444,"neg":0.5215703837826328,"neut":0.06851768913306891,"none":0.05582922827773868},"intensity":{"high":0.10001492768571002,"low":0.08493805054716055,"meium":0.7510076127854264,"none":0.06403940898170303},"expressive":{"dir-action":0.0032840722866525917,"dir-explicit":0.1507687714716482,"dir-speech":0.5405284370115795,"indirect":0.23973727435421063,"writing-device":0.06568144487590898}},{"id":"BHC-묵동먹골점","permalink":"","username":"asdfg","text":"어제 저녁 비 그치고 주문해서 그런지 소요시간이 긴거 같은데 배달오신분 와서 계산하시는 모습보고 오히려 제가 민폐일까.. 미안하더라구요   음식도 안식고 따뜻하게 배달해주셔서 감사합니다. 맛,양 생각보다 너무 잘와서 잘먹었습니다.다으에 또 주문할께요!","date":"Mon Dec 10 23:59:44 +0000 2018","retweets":"30","favorites":"20","mentions":[],"hashtags":[],"geo":"","raw":"어제 저녁 비 그치고 주문해서 그런지 소요시간이 긴거 같은데 배달오신분 와서 계산하시는 모습보고 오히려 제가 민폐일까.. 미안하더라구요   음식도 안식고 따뜻하게 배달해주셔서 감사합니다. 맛,양 생각보다 너무 잘와서 잘먹었습니다.다으에 또 주문할께요!","polarity":{"com":0.009622513916666665,"pos":0.5356927940833334,"neg":0.31339819083333326,"neut":0.06995126904166667,"none":0.071335232125},"intensity":{"high":0.1562161154231757,"low":0.054924236668955184,"meium":0.7172555985298856,"none":0.07160404937798351},"expressive":{"dir-action":0.0008064516249999999,"dir-explicit":0.22984118829166664,"dir-speech":0.38787934979166666,"indirect":0.26199935616666664,"writing-device":0.11947365412500001}},{"id":"BHC-묵동먹골점","permalink":"","username":"asdfg","text":"뿌링클 짱짱 순살도 좋고 시즈닝도 많고 완죤굿","date":"Mon Dec 10 23:59:44 +0000 2018","retweets":"30","favorites":"20","mentions":[],"hashtags":[],"geo":"","raw":"뿌링클 짱짱 순살도 좋고 시즈닝도 많고 완죤굿","polarity":{"com":0,"pos":0.7736551724,"neg":0.20455172419999998,"neut":0.013793103400000001,"none":0.007999999999999997},"intensity":{"high":0.11586206899999998,"low":0.021793103399999996,"meium":0.8474482757999999,"none":0.014896551799999987},"expressive":{"dir-action":0,"dir-explicit":0.5303448276,"dir-speech":0.06758620679999999,"indirect":0.39406896560000004,"writing-device":0.007999999999999997}},{"id":"BHC-묵동먹골점","permalink":"","username":"asdfg","text":"항상 맛있게 먹고 있습니다 근데 콜팝은 별로네요ㅎ","date":"Mon Dec 10 23:59:44 +0000 2018","retweets":"30","favorites":"20","mentions":[],"hashtags":[],"geo":"","raw":"항상 맛있게 먹고 있습니다 근데 콜팝은 별로네요ㅎ","polarity":{"com":0,"pos":0.44444444433333335,"neg":0.5555555556666666,"neut":0,"none":0},"intensity":{"high":0.03703703699999999,"low":0.07407407399999999,"meium":0.888888889,"none":0},"expressive":{"dir-action":0,"dir-explicit":0.24074074066666665,"dir-speech":0.7592592593333333,"indirect":0,"writing-device":0}},{"id":"BHC-묵동먹골점","permalink":"","username":"asdfg","text":"잘 먹었습니다 뿌링클 시즈닝이 많아서 좋았어요:) 번창하세요!","date":"Mon Dec 10 23:59:44 +0000 2018","retweets":"30","favorites":"20","mentions":[],"hashtags":[],"geo":"","raw":"잘 먹었습니다 뿌링클 시즈닝이 많아서 좋았어요:) 번창하세요!","polarity":{"com":0.0038709678007741934,"pos":0.6197381217239476,"neg":0.31794650146358927,"neut":0.04485301120897061,"none":0.013591397802718279},"intensity":{"high":0.14381905820000004,"low":0.13787605260000005,"meium":0.6973868320000001,"none":0.020918057200000003},"expressive":{"dir-action":0.0012903226,"dir-explicit":0.4859976694,"dir-speech":0.20508236659999998,"indirect":0.29403824359999997,"writing-device":0.013591397799999998}},{"id":"BHC-묵동먹골점","permalink":"","username":"asdfg","text":"맛있어요 맛있어요 맛있어요","date":"Mon Dec 10 23:59:44 +0000 2018","retweets":"30","favorites":"20","mentions":[],"hashtags":[],"geo":"","raw":"맛있어요 맛있어요 맛있어요","polarity":{"com":0,"pos":0,"neg":1,"neut":0,"none":0},"intensity":{"high":0,"low":0,"meium":1,"none":0},"expressive":{"dir-action":0,"dir-explicit":0,"dir-speech":1,"indirect":0,"writing-device":0}},{"id":"BHC-묵동먹골점","permalink":"","username":"asdfg","text":"저녁 시간이라 주문이 많아서 그런지 예상 시간보다 20분 정도 늦어진 것 외엔 만족했습니다~ 치하오 맛있네요^^","date":"Mon Dec 10 23:59:44 +0000 2018","retweets":"30","favorites":"20","mentions":[],"hashtags":[],"geo":"","raw":"저녁 시간이라 주문이 많아서 그런지 예상 시간보다 20분 정도 늦어진 것 외엔 만족했습니다~ 치하오 맛있네요^^","polarity":{"com":0.004316436300431643,"pos":0.3796322268379632,"neg":0.46964769924696476,"neut":0.035274605403527455,"none":0.1111290322111129},"intensity":{"high":0.13292259391329225,"low":0.10176473201017645,"meium":0.6539685880653968,"none":0.1113440860111344},"expressive":{"dir-action":0.0006451613001290323,"dir-explicit":0.35269874677053975,"dir-speech":0.334534829366907,"indirect":0.1970239764394048,"writing-device":0.11509728612301946}},{"id":"BHC-묵동먹골점","permalink":"","username":"asdfg","text":"뿌링클순살시켯는데 맛잇엇으나..\n뼈있는게 더 맛난거같아여","date":"Mon Dec 10 23:59:44 +0000 2018","retweets":"30","favorites":"20","mentions":[],"hashtags":[],"geo":"","raw":"뿌링클순살시켯는데 맛잇엇으나..\n뼈있는게 더 맛난거같아여","polarity":{"com":0.000992063444444444,"pos":0.4859195402222222,"neg":0.3503329685555555,"neut":0.011631089222222224,"none":0.15112433855555554},"intensity":{"high":0.140756705,"low":0.03583743844444445,"meium":0.6684501003333333,"none":0.15495575622222224},"expressive":{"dir-action":0,"dir-explicit":0.23974183544444447,"dir-speech":0.3566616493333334,"indirect":0.19691662111111113,"writing-device":0.20667989411111115}},{"id":"BHC-묵동먹골점","permalink":"","username":"asdfg","text":"요즘엔 뿌링클에 뿌링뿌링 소스를 안 주시나봐요... 알았으면 미리 주문하는건데ㅠ","date":"Mon Dec 10 23:59:44 +0000 2018","retweets":"30","favorites":"20","mentions":[],"hashtags":[],"geo":"","raw":"요즘엔 뿌링클에 뿌링뿌링 소스를 안 주시나봐요... 알았으면 미리 주문하는건데ㅠ","polarity":{"com":0.010407188335067862,"pos":0.5038420295839736,"neg":0.2879638438813273,"neut":0.044407909840734644,"none":0.1533790283588965},"intensity":{"high":0.045711704659048065,"low":0.09908399281681933,"meium":0.7018252742163625,"none":0.15337902830777017},"expressive":{"dir-action":0.0021231423322717624,"dir-explicit":0.3996317434668507,"dir-speech":0.2622957280355188,"indirect":0.1577593879211203,"writing-device":0.17818999824423834}},{"id":"BHC-묵동먹골점","permalink":"","username":"asdfg","text":"다른곳에비해 양이너무적어요 퍽퍽살도 없고 먹을라하면 살보다 튀김이 더많고 너무짜증났습니다","date":"Mon Dec 10 23:59:44 +0000 2018","retweets":"30","favorites":"20","mentions":[],"hashtags":[],"geo":"","raw":"다른곳에비해 양이너무적어요 퍽퍽살도 없고 먹을라하면 살보다 튀김이 더많고 너무짜증났습니다","polarity":{"com":0.05369918688292231,"pos":0.40497446595500286,"neg":0.4729374025030069,"neut":0.03157509699649166,"none":0.03681384766257624},"intensity":{"high":0.10019284042217937,"low":0.0812734076486059,"meium":0.7793640163823635,"none":0.03916973554685117},"expressive":{"dir-action":0.0012771392223641263,"dir-explicit":0.38368704115374297,"dir-speech":0.386287965154032,"indirect":0.18486634324276294,"writing-device":0.04388151122709794}},{"id":"BHC-묵동먹골점","permalink":"","username":"asdfg","text":"맛잇긴한데 너무 비쌈 ㅠ","date":"Mon Dec 10 23:59:44 +0000 2018","retweets":"30","favorites":"20","mentions":[],"hashtags":[],"geo":"","raw":"맛잇긴한데 너무 비쌈 ㅠ","polarity":{"com":0.0714285715,"pos":0.5714285715,"neg":0.357142857,"neut":0,"none":0},"intensity":{"high":0.07142857150000001,"low":0.07142857150000001,"meium":0.857142857,"none":0},"expressive":{"dir-action":0,"dir-explicit":0.2857142855,"dir-speech":0.642857143,"indirect":0.0714285715,"writing-device":0}},{"id":"BHC-묵동먹골점","permalink":"","username":"asdfg","text":"평소에 종종 시켜먹는데 오늘 유난히 기름 깨끗하다고 느꼈어용~! 오늘 좀 빠싹익어서 뻑뻑한 게 아쉬웠지만 ㅠ 그래도 맛있았습니다 ㅎㅎ","date":"Mon Dec 10 23:59:44 +0000 2018","retweets":"30","favorites":"20","mentions":[],"hashtags":[],"geo":"","raw":"평소에 종종 시켜먹는데 오늘 유난히 기름 깨끗하다고 느꼈어용~! 오늘 좀 빠싹익어서 뻑뻑한 게 아쉬웠지만 ㅠ 그래도 맛있았습니다 ㅎㅎ","polarity":{"com":0.004004003999332667,"pos":0.49953799958341033,"neg":0.28075190578654136,"neut":0.0450354199924941,"none":0.17067067063822156},"intensity":{"high":0.06424693916666667,"low":0.11729036733333333,"meium":0.6472915223333333,"none":0.17117117116666666},"expressive":{"dir-action":0.0005005005,"dir-explicit":0.29037114033333333,"dir-speech":0.37391814883333335,"indirect":0.16403903916666665,"writing-device":0.17117117116666666}},{"id":"BHC-묵동먹골점","permalink":"","username":"asdfg","text":"두번째 주문.  교촌 윙먹다가\n후라이드 먹고싶어서 주문.\n정신없이 먹다가 언능 씁니다.\n봉 좋아하고 bbq 빵가루향 좋아하는 사람은 강추. 진짜 맛난다","date":"Mon Dec 10 23:59:44 +0000 2018","retweets":"30","favorites":"20","mentions":[],"hashtags":[],"geo":"","raw":"두번째 주문.  교촌 윙먹다가\n후라이드 먹고싶어서 주문.\n정신없이 먹다가 언능 씁니다.\n봉 좋아하고 bbq 빵가루향 좋아하는 사람은 강추. 진짜 맛난다","polarity":{"com":0.0017857142999999995,"pos":0.6713744587999999,"neg":0.3070346321,"neut":0.0171266234,"none":0.0026785713999999995},"intensity":{"high":0.0473845599,"low":0.0642496392,"meium":0.8847943723,"none":0.0035714286},"expressive":{"dir-action":0.009090909099999997,"dir-explicit":0.49103535349999994,"dir-speech":0.39135101009999995,"indirect":0.10584415589999999,"writing-device":0.0026785713999999995}},{"id":"BHC-묵동먹골점","permalink":"","username":"asdfg","text":"맛도 맛잇지만 배달도 되게 빠르고 콜라를 주문하지 않았는데도 1.25L짜리와 함께 보내주셨어용 너무 감사하고 서비스 최고네여 앞으로 bhc는 여기서만 시켜먹겟습니당 번창하세요~~♥️","date":"Mon Dec 10 23:59:44 +0000 2018","retweets":"30","favorites":"20","mentions":[],"hashtags":[],"geo":"","raw":"맛도 맛잇지만 배달도 되게 빠르고 콜라를 주문하지 않았는데도 1.25L짜리와 함께 보내주셨어용 너무 감사하고 서비스 최고네여 앞으로 bhc는 여기서만 시켜먹겟습니당 번창하세요~~♥️","polarity":{"com":0.028886377672443946,"pos":0.5821755279164351,"neg":0.2858253457904984,"neut":0.03598669667386401,"none":0.06712605194675855},"intensity":{"high":0.06296422573333334,"low":0.18591241373333334,"meium":0.6837105702,"none":0.06741279033333333},"expressive":{"dir-action":0.0017094719995441412,"dir-explicit":0.18389283895096195,"dir-speech":0.4707302868078053,"indirect":0.2661330018623646,"writing-device":0.07753440037932416}},{"id":"BHC-묵동먹골점","permalink":"","username":"asdfg","text":"하 역시 기대하고 먹어두 맛잇네용 잘먹었습니다 월요병 완치됬어요ㅋㅋㅋㅋㅋ","date":"Mon Dec 10 23:59:44 +0000 2018","retweets":"30","favorites":"20","mentions":[],"hashtags":[],"geo":"","raw":"하 역시 기대하고 먹어두 맛잇네용 잘먹었습니다 월요병 완치됬어요ㅋㅋㅋㅋㅋ","polarity":{"com":0.003870967801548386,"pos":0.5794162826317664,"neg":0.24672811069869122,"neut":0.09772657443909062,"none":0.07225806442890322},"intensity":{"high":0.05017921141003585,"low":0.1771940602354388,"meium":0.6999385563399878,"none":0.07268817201453764},"expressive":{"dir-action":0.0012903226002580644,"dir-explicit":0.21676395284335276,"dir-speech":0.5097183821019436,"indirect":0.19996927803999381,"writing-device":0.0722580644144516}},{"id":"BHC-묵동먹골점","permalink":"","username":"asdfg","text":"뿌링클은 날 버리지않았어ㅠ","date":"Mon Dec 10 23:59:44 +0000 2018","retweets":"30","favorites":"20","mentions":[],"hashtags":[],"geo":"","raw":"뿌링클은 날 버리지않았어ㅠ","polarity":{"com":0.008474576500000002,"pos":0.17796610150000003,"neg":0.7796610170000001,"neut":0.016949152500000002,"none":0.016949152500000002},"intensity":{"high":0.05084745752542373,"low":0.06779661003389831,"meium":0.8644067799322034,"none":0.016949152508474577},"expressive":{"dir-action":0,"dir-explicit":0.6355932205,"dir-speech":0.279661017,"indirect":0.06779661,"writing-device":0.0169491525}},{"id":"BHC-묵동먹골점","permalink":"","username":"asdfg","text":"마싯어요마싯어요마싯어요","date":"Mon Dec 10 23:59:44 +0000 2018","retweets":"30","favorites":"20","mentions":[],"hashtags":[],"geo":"","raw":"마싯어요마싯어요마싯어요","polarity":{"com":null,"pos":null,"neg":null,"neut":null,"none":null},"intensity":{"high":null,"low":null,"meium":null,"none":null},"expressive":{"dir-action":null,"dir-explicit":null,"dir-speech":null,"indirect":null,"writing-device":null}},{"id":"BHC-묵동먹골점","permalink":"","username":"asdfg","text":"전 맛초킹.뿌링클 매니아지만\n여기 후라이드도 진짜 맛있어유~~\n저희는 집에서도 해바리기유를 써요 좋다고해서~~\n그러서인지 튀김이 바삭하고 고소하네요\n중복기념으로 집에서 맛나게 먹었습니다~~♡♡♡","date":"Mon Dec 10 23:59:44 +0000 2018","retweets":"30","favorites":"20","mentions":[],"hashtags":[],"geo":"","raw":"전 맛초킹.뿌링클 매니아지만\n여기 후라이드도 진짜 맛있어유~~\n저희는 집에서도 해바리기유를 써요 좋다고해서~~\n그러서인지 튀김이 바삭하고 고소하네요\n중복기념으로 집에서 맛나게 먹었습니다~~♡♡♡","polarity":{"com":0.005312024438164003,"pos":0.36255320254531914,"neg":0.3694187000461774,"neut":0.12430257320303784,"none":0.1384134997673017},"intensity":{"high":0.08858217361946363,"low":0.17941460292628664,"meium":0.5895347515881542,"none":0.14246847186609576},"expressive":{"dir-action":0.0018997996877374748,"dir-explicit":0.1873380215234173,"dir-speech":0.4886059694985757,"indirect":0.18002627589750328,"writing-device":0.14212993339276628}},{"id":"BHC-묵동먹골점","permalink":"","username":"asdfg","text":"닭상태가 매우 별로......","date":"Mon Dec 10 23:59:44 +0000 2018","retweets":"30","favorites":"20","mentions":[],"hashtags":[],"geo":"","raw":"닭상태가 매우 별로......","polarity":{"com":0.005952381,"pos":0.47023809533333333,"neg":0.32142857133333336,"neut":0.026785714333333335,"none":0.175595238},"intensity":{"high":0.053571428666666664,"low":0.03571428566666666,"meium":0.7321428569999999,"none":0.17857142866666664},"expressive":{"dir-action":0,"dir-explicit":0.125,"dir-speech":0.2708333333333333,"indirect":0.42857142866666664,"writing-device":0.175595238}},{"id":"BHC-묵동먹골점","permalink":"","username":"asdfg","text":"다른지점에서 시켜보다가 주문해봤는데 맛있었어요 다만 청양고추가 없고 양념이 적은게 아쉬웠어요 ㅠㅠㅠㅠ  맛은 good!!","date":"Mon Dec 10 23:59:44 +0000 2018","retweets":"30","favorites":"20","mentions":[],"hashtags":[],"geo":"","raw":"다른지점에서 시켜보다가 주문해봤는데 맛있었어요 다만 청양고추가 없고 양념이 적은게 아쉬웠어요 ㅠㅠㅠㅠ  맛은 good!!","polarity":{"com":0.00717138710872065,"pos":0.4405200826309378,"neg":0.4679487179551281,"neut":0.04269314565243562,"none":0.041666666652777774},"intensity":{"high":0.08752304345416922,"low":0.16743478012971497,"meium":0.7033755097448195,"none":0.041666666671296294},"expressive":{"dir-action":0,"dir-explicit":0.3738757612222222,"dir-speech":0.5022135634444445,"indirect":0.07543572988888887,"writing-device":0.04847494544444444}},{"id":"BHC-묵동먹골점","permalink":"","username":"asdfg","text":"배송도 빠르고 맛나요.^^","date":"Mon Dec 10 23:59:44 +0000 2018","retweets":"30","favorites":"20","mentions":[],"hashtags":[],"geo":"","raw":"배송도 빠르고 맛나요.^^","polarity":{"com":0.010006224666666664,"pos":0.5333022096666666,"neg":0.20211640233333333,"neut":0.035262994,"none":0.2193121693333333},"intensity":{"high":0.09010270769670088,"low":0.06532835335510943,"meium":0.6252567695417522,"none":0.21931216940643738},"expressive":{"dir-action":0,"dir-explicit":0.20133831326622056,"dir-speech":0.5008714594997096,"indirect":0.07432306264189231,"writing-device":0.2234671645921776}},{"id":"BHC-묵동먹골점","permalink":"","username":"asdfg","text":"역시 최고에요!! 항상 시켜먹고 있습니다","date":"Mon Dec 10 23:59:44 +0000 2018","retweets":"30","favorites":"20","mentions":[],"hashtags":[],"geo":"","raw":"역시 최고에요!! 항상 시켜먹고 있습니다","polarity":{"com":0,"pos":0.5555555555185185,"neg":0.22222222240740738,"neut":0.11111111103703702,"none":0.11111111103703702},"intensity":{"high":0.037037037012345675,"low":0.18518518506172837,"meium":0.6666666668888888,"none":0.11111111103703702},"expressive":{"dir-action":0,"dir-explicit":0.35185185178395056,"dir-speech":0.5370370371790123,"indirect":0,"writing-device":0.11111111103703702}},{"id":"BHC-묵동먹골점","permalink":"","username":"asdfg","text":"맛있어요~ 안먹어본거라 시켰는데 괜찮네요 치즈볼은 10개 왔습니다","date":"Mon Dec 10 23:59:44 +0000 2018","retweets":"30","favorites":"20","mentions":[],"hashtags":[],"geo":"","raw":"맛있어요~ 안먹어본거라 시켰는데 괜찮네요 치즈볼은 10개 왔습니다","polarity":{"com":0.009769303331705117,"pos":0.25376647829103893,"neg":0.589748116735042,"neut":0.12370527297938247,"none":0.02301082866283153},"intensity":{"high":0.09681026368280173,"low":0.03648775883941462,"meium":0.8436911488072819,"none":0.0230108286705018},"expressive":{"dir-action":0,"dir-explicit":0.21533662903588946,"dir-speech":0.6175258946029211,"indirect":0.12676553668779425,"writing-device":0.04037193967339532}},{"id":"BHC-묵동먹골점","permalink":"","username":"asdfg","text":"진리의 맛초킹 & 치즈볼!!\n최강조합이에요 넘맛있어요~~♡♡","date":"Mon Dec 10 23:59:44 +0000 2018","retweets":"30","favorites":"20","mentions":[],"hashtags":[],"geo":"","raw":"진리의 맛초킹 & 치즈볼!!\n최강조합이에요 넘맛있어요~~♡♡","polarity":{"com":0.017041468327652843,"pos":0.322513939559162,"neg":0.5351537978216154,"neut":0.0493334809835555,"none":0.07595731330801422},"intensity":{"high":0.08956463933333332,"low":0.08938000800000001,"meium":0.7450980393333334,"none":0.07595731333333333},"expressive":{"dir-action":0,"dir-explicit":0.21664635733333334,"dir-speech":0.5119825706666666,"indirect":0.188877811,"writing-device":0.082493261}},{"id":"BHC-묵동먹골점","permalink":"","username":"asdfg","text":"역시! 맛이 좋네여 ㅎ","date":"Mon Dec 10 23:59:44 +0000 2018","retweets":"30","favorites":"20","mentions":[],"hashtags":[],"geo":"","raw":"역시! 맛이 좋네여 ㅎ","polarity":{"com":0,"pos":0.7511111112503703,"neg":0.013333333337777777,"neut":0.11111111103703702,"none":0.12444444437481479},"intensity":{"high":0.06666666668888889,"low":0.12444444437481479,"meium":0.6844444445614815,"none":0.12444444437481479},"expressive":{"dir-action":0,"dir-explicit":0.31111111110370365,"dir-speech":0.5111111111703703,"indirect":0.05333333335111111,"writing-device":0.12444444437481479}},{"id":"BHC-묵동먹골점","permalink":"","username":"asdfg","text":"양도진짜많고 너무맛잇얼여ㅠㅠ진짜바삭하고좋아요 짱이에요'!!","date":"Mon Dec 10 23:59:44 +0000 2018","retweets":"30","favorites":"20","mentions":[],"hashtags":[],"geo":"","raw":"양도진짜많고 너무맛잇얼여ㅠㅠ진짜바삭하고좋아요 짱이에요'!!","polarity":{"com":0.038587849,"pos":0.44400014275,"neg":0.430450489,"neut":0.0281109445,"none":0.05885057475},"intensity":{"high":0.17966730925000002,"low":0.13167130725,"meium":0.6269372455,"none":0.061724138000000005},"expressive":{"dir-action":0.0028735632514367815,"dir-explicit":0.463521810481761,"dir-speech":0.2792246733896123,"indirect":0.18690868859345436,"writing-device":0.06747126428373564}},{"id":"BHC-묵동먹골점","permalink":"","username":"asdfg","text":"시즈닝 양념이 많이 비싼가요? 후라이드인줄 알았어요.","date":"Mon Dec 10 23:59:44 +0000 2018","retweets":"30","favorites":"20","mentions":[],"hashtags":[],"geo":"","raw":"시즈닝 양념이 많이 비싼가요? 후라이드인줄 알았어요.","polarity":{"com":0,"pos":0.1666666665,"neg":0.8333333334999999,"neut":0,"none":0},"intensity":{"high":0,"low":0.5,"meium":0.5,"none":0},"expressive":{"dir-action":0,"dir-explicit":0.1666666665,"dir-speech":0.3333333335,"indirect":0,"writing-device":0.5}},{"id":"BHC-묵동먹골점","permalink":"","username":"asdfg","text":"다른 지점보다 맛있는거 같아요","date":"Mon Dec 10 23:59:44 +0000 2018","retweets":"30","favorites":"20","mentions":[],"hashtags":[],"geo":"","raw":"다른 지점보다 맛있는거 같아요","polarity":{"com":0,"pos":0,"neg":1,"neut":0,"none":0},"intensity":{"high":0,"low":0.5,"meium":0.5,"none":0},"expressive":{"dir-action":0,"dir-explicit":0,"dir-speech":0.5,"indirect":0,"writing-device":0.5}},{"id":"BHC-묵동먹골점","permalink":"","username":"asdfg","text":"안녕하세요 여러분 오늘은 근로자의날이지 오늘 오랜만에 이런식의","date":"Mon Dec 10 23:59:44 +0000 2018","retweets":"30","favorites":"20","mentions":[],"hashtags":[],"geo":"","raw":"안녕하세요 여러분 오늘은 근로자의날이지 오늘 오랜만에 이런식의","polarity":{"com":0.023135396990745842,"pos":0.48430479140627813,"neg":0.36903104305238765,"neut":0.06445337817421866,"none":0.05907539037636986},"intensity":{"high":0.1302833434,"low":0.1412605908,"meium":0.6689505677999998,"none":0.059505498000000004},"expressive":{"dir-action":0.0012903226,"dir-explicit":0.2933484852,"dir-speech":0.344645347,"indirect":0.2977188862,"writing-device":0.062996959}},{"id":"BHC-묵동먹골점","permalink":"","username":"asdfg","text":"오 갈비레오 맛있어요~~\n다리살이라 촉촉하고 부드럽고\n양념이 넘 맛있어서 밥이랑 같이 싹싹 먹었어요ㅎㅎ\n그리고 치즈볼 첨 시켜봤는데\n진짜 대박~~~ 이걸 이제 알았다니ㅠㅠ\n찹쌀도너츠처럼 쫀득쫀득하고 안에 모짜렐라 치즈가 듬뿍.. 고소하고 넘 맛나네요ㅠㅠ \n강추합니당ㅎㅎ 많이 파세요❣❣","date":"Mon Dec 10 23:59:44 +0000 2018","retweets":"30","favorites":"20","mentions":[],"hashtags":[],"geo":"","raw":"오 갈비레오 맛있어요~~\n다리살이라 촉촉하고 부드럽고\n양념이 넘 맛있어서 밥이랑 같이 싹싹 먹었어요ㅎㅎ\n그리고 치즈볼 첨 시켜봤는데\n진짜 대박~~~ 이걸 이제 알았다니ㅠㅠ\n찹쌀도너츠처럼 쫀득쫀득하고 안에 모짜렐라 치즈가 듬뿍.. 고소하고 넘 맛나네요ㅠㅠ \n강추합니당ㅎㅎ 많이 파세요❣❣","polarity":{"com":0.06464106341556711,"pos":0.290972323017116,"neg":0.5775320646810314,"neut":0.04997733923823396,"none":0.016877209648051596},"intensity":{"high":0.2071802758823529,"low":0.23779063164705883,"meium":0.5070266365294117,"none":0.04800245594117647},"expressive":{"dir-action":0.06051780971300209,"dir-explicit":0.20720105237731778,"dir-speech":0.510398464530635,"indirect":0.20271793172973152,"writing-device":0.019164741649313494}},{"id":"BHC-묵동먹골점","permalink":"","username":"asdfg","text":"배달 엄청빠르네요 사장님 손편지까지..!!","date":"Mon Dec 10 23:59:44 +0000 2018","retweets":"30","favorites":"20","mentions":[],"hashtags":[],"geo":"","raw":"배달 엄청빠르네요 사장님 손편지까지..!!","polarity":{"com":0,"pos":0.6704545454999999,"neg":0.159090909,"neut":0,"none":0.1704545455},"intensity":{"high":0.034090909008522734,"low":0.09469696952367425,"meium":0.6893939396723484,"none":0.18181818179545456},"expressive":{"dir-action":0,"dir-explicit":0.02272727275568182,"dir-speech":0.40909090910227275,"indirect":0.3863636363465909,"writing-device":0.18181818179545456}},{"id":"BHC-묵동먹골점","permalink":"","username":"asdfg","text":"맛있게 잘 먹었습니다.\n조카와 먹다보니 사진을 \n못찍어 아쉽네요 ㅠㅠ\n그리고 디저트 푸딩 감사합니다.","date":"Mon Dec 10 23:59:44 +0000 2018","retweets":"30","favorites":"20","mentions":[],"hashtags":[],"geo":"","raw":"맛있게 잘 먹었습니다.\n조카와 먹다보니 사진을 \n못찍어 아쉽네요 ㅠㅠ\n그리고 디저트 푸딩 감사합니다.","polarity":{"com":0.05000000000625,"pos":0.45282738093160346,"neg":0.4882440476860305,"neut":0.00892857137611607,"none":0},"intensity":{"high":0.210763888875,"low":0.054563492,"meium":0.734672619125,"none":0},"expressive":{"dir-action":0,"dir-explicit":0.08581349199999999,"dir-speech":0.471329365125,"indirect":0.442857142875,"writing-device":0}},{"id":"BHC-묵동먹골점","permalink":"","username":"asdfg","text":"그럭저럭 먹을만 해습니다. 바삭한 치킨이 먹고싶어서 시켰는데 바삭하진않네요","date":"Mon Dec 10 23:59:44 +0000 2018","retweets":"30","favorites":"20","mentions":[],"hashtags":[],"geo":"","raw":"그럭저럭 먹을만 해습니다. 바삭한 치킨이 먹고싶어서 시켰는데 바삭하진않네요","polarity":{"com":0.007055209502351736,"pos":0.38683624312894543,"neg":0.39179399896393136,"neut":0.04205155651401718,"none":0.17226299189075434},"intensity":{"high":0.07447664616666667,"low":0.11981880533333335,"meium":0.6307916335,"none":0.17491291500000006},"expressive":{"dir-action":0.0026499231679916278,"dir-explicit":0.21488369510744187,"dir-speech":0.42546739371273373,"indirect":0.17560915275447125,"writing-device":0.18138983525736158}},{"id":"BHC-묵동먹골점","permalink":"","username":"asdfg","text":"BHC 저의 최애는 맛초킹 입니다. 맛초킹은 워낙 유명하니 패스하고 이번에 소이 바베큐를 시켜봤는데 리뷰를 봤더니 생각보다 좋지 않아 고민했지만 새로운 걸 먹어보자 해서 주문. 먹어본 결과 다음에는 시켜먹을 것 같진 않아요. 맛이 없진 않습니다만 아주 맛있다가 아니라 먹을 만 하네 정도입니다. 뭐 사람의 입맛은 다 다르니까요.","date":"Mon Dec 10 23:59:44 +0000 2018","retweets":"30","favorites":"20","mentions":[],"hashtags":[],"geo":"","raw":"BHC 저의 최애는 맛초킹 입니다. 맛초킹은 워낙 유명하니 패스하고 이번에 소이 바베큐를 시켜봤는데 리뷰를 봤더니 생각보다 좋지 않아 고민했지만 새로운 걸 먹어보자 해서 주문. 먹어본 결과 다음에는 시켜먹을 것 같진 않아요. 맛이 없진 않습니다만 아주 맛있다가 아니라 먹을 만 하네 정도입니다. 뭐 사람의 입맛은 다 다르니까요.","polarity":{"com":0.00743587997368421,"pos":0.4285613518421053,"neg":0.3876873762105263,"neut":0.0870567103421053,"none":0.08925868163157893},"intensity":{"high":0.07995063071052633,"low":0.12313214652631578,"meium":0.7069873814736842,"none":0.08992984128947369},"expressive":{"dir-action":0.0009772719210783495,"dir-explicit":0.2661002774280552,"dir-speech":0.42003068324789555,"indirect":0.2185042016636449,"writing-device":0.094387565739326}},{"id":"BHC-묵동먹골점","permalink":"","username":"asdfg","text":"가끔씩생각나는 쁘링클~~\n배달음식에 정성스런\n사장님의 손글씨에 감동하며\n가족과 쉬는날 행복한시간 된것같네요\n감사합니다^^\n많이파시고 대박나세요~","date":"Mon Dec 10 23:59:44 +0000 2018","retweets":"30","favorites":"20","mentions":[],"hashtags":[],"geo":"","raw":"가끔씩생각나는 쁘링클~~\n배달음식에 정성스런\n사장님의 손글씨에 감동하며\n가족과 쉬는날 행복한시간 된것같네요\n감사합니다^^\n많이파시고 대박나세요~","polarity":{"com":0.04129845485419297,"pos":0.5344531997475391,"neg":0.2930084074790708,"neut":0.09677547763594464,"none":0.03446446028325254},"intensity":{"high":0.15835674642857148,"low":0.05290357892857143,"meium":0.7516585502857144,"none":0.03708112435714285},"expressive":{"dir-action":0.00046082950000000006,"dir-explicit":0.20556278700000002,"dir-speech":0.42654350714285716,"indirect":0.3329684160714286,"writing-device":0.03446446028571429}},{"id":"BHC-묵동먹골점","permalink":"","username":"asdfg","text":"제가 애정하는 뿌링클 시켰어요~~\n겉은 바삭바사삭~~ 속은 부드러워요~~ 소스도 넉넉히 뿌려주셔서 완전 꿀맛이여요ㅎㅎ\n여기 먹골점은 너무 기름지지않게 깔끔하게 튀겨주시는것같아요~ 냄새도 안나구요!!\n역시나 이번에도 맛있네용~~\n저녁시간인데도 배달 늦지않게 오셔서 따뜻하게 한끼 잘먹었습니다~~\n수고하세요~~♡♡","date":"Mon Dec 10 23:59:44 +0000 2018","retweets":"30","favorites":"20","mentions":[],"hashtags":[],"geo":"","raw":"제가 애정하는 뿌링클 시켰어요~~\n겉은 바삭바사삭~~ 속은 부드러워요~~ 소스도 넉넉히 뿌려주셔서 완전 꿀맛이여요ㅎㅎ\n여기 먹골점은 너무 기름지지않게 깔끔하게 튀겨주시는것같아요~ 냄새도 안나구요!!\n역시나 이번에도 맛있네용~~\n저녁시간인데도 배달 늦지않게 오셔서 따뜻하게 한끼 잘먹었습니다~~\n수고하세요~~♡♡","polarity":{"com":0.013462180999388082,"pos":0.4238066856170997,"neg":0.4248061567079634,"neut":0.03722297781648987,"none":0.10070199885905903},"intensity":{"high":0.1332303703696923,"low":0.04943129177497415,"meium":0.7149324407143152,"none":0.10240589714101846},"expressive":{"dir-action":0.00013650013633881818,"dir-explicit":0.3656694846607873,"dir-speech":0.218271435687587,"indirect":0.31321719739759685,"writing-device":0.10270538211768994}},{"id":"BHC-묵동먹골점","permalink":"","username":"asdfg","text":"치킨이 식고 너무 말라있었습니다. 친구랑 시켜먹으려고 전날부터 기대를 너무 했던 걸까요..... 배달이 많을 시간도 아니였는데 (오후 12시쯤) 도저히 맛있게 먹을 수 없어 절반 이상 남겼고 이건 아니다 싶어 전화드렸는데 원래 하던 메뉴얼대로 하셨다는 말밖에 듣기 못했습니다.. 앞으로는 개선해주세요. 아쉽네요 정말","date":"Mon Dec 10 23:59:44 +0000 2018","retweets":"30","favorites":"20","mentions":[],"hashtags":[],"geo":"","raw":"치킨이 식고 너무 말라있었습니다. 친구랑 시켜먹으려고 전날부터 기대를 너무 했던 걸까요..... 배달이 많을 시간도 아니였는데 (오후 12시쯤) 도저히 맛있게 먹을 수 없어 절반 이상 남겼고 이건 아니다 싶어 전화드렸는데 원래 하던 메뉴얼대로 하셨다는 말밖에 듣기 못했습니다.. 앞으로는 개선해주세요. 아쉽네요 정말","polarity":{"com":0.019319654584138313,"pos":0.4638705499776612,"neg":0.4374136478932255,"neut":0.03727812612655324,"none":0.04211802141842157},"intensity":{"high":0.17399738929166664,"low":0.16150250895833332,"meium":0.6230667754166667,"none":0.04143332633333333},"expressive":{"dir-action":0.0014620835832724129,"dir-explicit":0.2693538719054436,"dir-speech":0.37615927381766007,"indirect":0.296431541070982,"writing-device":0.05659322962264194}},{"id":"BHC-묵동먹골점","permalink":"","username":"asdfg","text":"정성담은 치킨에 서비스로 푸딩까지 주셔서 감사히 잘 먹었습니다.^^","date":"Mon Dec 10 23:59:44 +0000 2018","retweets":"30","favorites":"20","mentions":[],"hashtags":[],"geo":"","raw":"정성담은 치킨에 서비스로 푸딩까지 주셔서 감사히 잘 먹었습니다.^^","polarity":{"com":0.004237288251059322,"pos":0.5630090248907523,"neg":0.22749284605687323,"neut":0.026331719006582925,"none":0.17892912179473228},"intensity":{"high":0.05951463777975732,"low":0.3488333699244167,"meium":0.40135923420067965,"none":0.1902927580951464},"expressive":{"dir-action":0,"dir-explicit":0.1440953115360238,"dir-speech":0.20963570330240894,"indirect":0.45597622711399405,"writing-device":0.1902927580475732}},{"id":"BHC-묵동먹골점","permalink":"","username":"asdfg","text":"맛있어오오오ㆍㅇ~~~","date":"Mon Dec 10 23:59:44 +0000 2018","retweets":"30","favorites":"20","mentions":[],"hashtags":[],"geo":"","raw":"맛있어오오오ㆍㅇ~~~","polarity":{"com":null,"pos":null,"neg":null,"neut":null,"none":null},"intensity":{"high":null,"low":null,"meium":null,"none":null},"expressive":{"dir-action":null,"dir-explicit":null,"dir-speech":null,"indirect":null,"writing-device":null}},{"id":"BHC-묵동먹골점","permalink":"","username":"asdfg","text":"빠르게 배달됐고 뜨거워서 너무 맛있었어요! 손글씨까지 써주셔서 감동했네요! 나중에 또 주문할게요~^^","date":"Mon Dec 10 23:59:44 +0000 2018","retweets":"30","favorites":"20","mentions":[],"hashtags":[],"geo":"","raw":"빠르게 배달됐고 뜨거워서 너무 맛있었어요! 손글씨까지 써주셔서 감동했네요! 나중에 또 주문할게요~^^","polarity":{"com":0.01622119819837788,"pos":0.6104873620389513,"neg":0.2768272587723173,"neut":0.05081133919491887,"none":0.04565284179543472},"intensity":{"high":0.037355118,"low":0.0683228599,"meium":0.8484541265000001,"none":0.0458678956},"expressive":{"dir-action":0.0097360704,"dir-explicit":0.11191733,"dir-speech":0.4744840106,"indirect":0.343924033,"writing-device":0.059938556}},{"id":"BHC-묵동먹골점","permalink":"","username":"asdfg","text":"나쁘지않아요 연근이 있는데 식감이 튀긴건 아닌것 같고 말린? 느낌이에요 맛있었음 비에치씨는 순살이 너무너무 맛있어요 식었을때 잡내 누린내도 전혀 안나서 민감한 저한테 진짜 딱이예요 전 오히려 식은게 더 좋았어요 약간 강정느낌나서ㅎ 잘먹었습니다","date":"Mon Dec 10 23:59:44 +0000 2018","retweets":"30","favorites":"20","mentions":[],"hashtags":[],"geo":"","raw":"나쁘지않아요 연근이 있는데 식감이 튀긴건 아닌것 같고 말린? 느낌이에요 맛있었음 비에치씨는 순살이 너무너무 맛있어요 식었을때 잡내 누린내도 전혀 안나서 민감한 저한테 진짜 딱이예요 전 오히려 식은게 더 좋았어요 약간 강정느낌나서ㅎ 잘먹었습니다","polarity":{"com":0.0016403621578084022,"pos":0.3596267885600197,"neg":0.49462687028975655,"neut":0.09269630715301601,"none":0.0514096718393995},"intensity":{"high":0.11302946500000002,"low":0.15240206289473687,"meium":0.6830007474736842,"none":0.05156772463157895},"expressive":{"dir-action":0.0001580527894570471,"dir-explicit":0.17263151535024931,"dir-speech":0.5816429717282482,"indirect":0.19108620166409618,"writing-device":0.054481258467949344}},{"id":"BHC-묵동먹골점","permalink":"","username":"asdfg","text":"소이바베큐 달콤 짭짤하니 맛있게 잘먹었어요~~\n저번에는 뿌링클, 맛초킹 시켰었는데 \n여기 치킨이 다 바삭바삭하니~~ 맛있게 만들어주시는것 같아요~~!!\n맥주랑 제대로 어울리네용ㅎㅎ\n골고루 돌아가면서 먹어야겠어요~ 또시킬게요~♡♡","date":"Mon Dec 10 23:59:44 +0000 2018","retweets":"30","favorites":"20","mentions":[],"hashtags":[],"geo":"","raw":"소이바베큐 달콤 짭짤하니 맛있게 잘먹었어요~~\n저번에는 뿌링클, 맛초킹 시켰었는데 \n여기 치킨이 다 바삭바삭하니~~ 맛있게 만들어주시는것 같아요~~!!\n맥주랑 제대로 어울리네용ㅎㅎ\n골고루 돌아가면서 먹어야겠어요~ 또시킬게요~♡♡","polarity":{"com":0.002537019785714286,"pos":0.45930650728571437,"neg":0.3938204357857143,"neut":0.03610449292857143,"none":0.10823154421428571},"intensity":{"high":0.04572235856816269,"low":0.057770743710159216,"meium":0.7847767810153731,"none":0.11173011670630499},"expressive":{"dir-action":0.0010355182857142858,"dir-explicit":0.2577448624285715,"dir-speech":0.4740585159285714,"indirect":0.1449141363571429,"writing-device":0.12224696700000003}},{"id":"BHC-묵동먹골점","permalink":"","username":"asdfg","text":"연근생각보다 괸찬네요ㅋㅋ 고구마가 몇게없어서 아쉬웠지만 맛있게먹었습니다 리뷰쓰면서 다른매뉴재주문했어요ㅋ","date":"Mon Dec 10 23:59:44 +0000 2018","retweets":"30","favorites":"20","mentions":[],"hashtags":[],"geo":"","raw":"연근생각보다 괸찬네요ㅋㅋ 고구마가 몇게없어서 아쉬웠지만 맛있게먹었습니다 리뷰쓰면서 다른매뉴재주문했어요ㅋ","polarity":{"com":0.0060087798999999996,"pos":0.3157161202,"neg":0.5867478937,"neut":0.059664047,"none":0.031863159200000005},"intensity":{"high":0.12133037471213305,"low":0.12014358811201435,"meium":0.7255549669725555,"none":0.032971070203297106},"expressive":{"dir-action":0.009736070399999998,"dir-explicit":0.2462077129,"dir-speech":0.39246370239999995,"indirect":0.3177685707999999,"writing-device":0.033823943499999995}},{"id":"BHC-묵동먹골점","permalink":"","username":"asdfg","text":"BHC는 후라이드도 맛있는듯","date":"Mon Dec 10 23:59:44 +0000 2018","retweets":"30","favorites":"20","mentions":[],"hashtags":[],"geo":"","raw":"BHC는 후라이드도 맛있는듯","polarity":{"com":0.0023809523341269843,"pos":0.3439153437813051,"neg":0.3899470901299824,"neut":0.036507936345502645,"none":0.22724867740908292},"intensity":{"high":0.05820105831393299,"low":0.17301587294232804,"meium":0.5415343914861552,"none":0.22724867725758383},"expressive":{"dir-action":0,"dir-explicit":0.17037037060987656,"dir-speech":0.43333333318888884,"indirect":0.1661375659446208,"writing-device":0.23015873025661376}},{"id":"BHC-묵동먹골점","permalink":"","username":"asdfg","text":"진리의 맛초킹\n정말 맛있음","date":"Mon Dec 10 23:59:44 +0000 2018","retweets":"30","favorites":"20","mentions":[],"hashtags":[],"geo":"","raw":"진리의 맛초킹\n정말 맛있음","polarity":{"com":0.009416195996861268,"pos":0.6106403011297865,"neg":0.2758945385747018,"neut":0.018832391660389202,"none":0.08521657263826114},"intensity":{"high":0.2137476459287508,"low":0.062146892645951045,"meium":0.6388888887870371,"none":0.08521657263826116},"expressive":{"dir-action":0,"dir-explicit":0.24387947266666665,"dir-speech":0.36111111100000004,"indirect":0.30979284366666665,"writing-device":0.08521657266666667}},{"id":"BHC-묵동먹골점","permalink":"","username":"asdfg","text":"양도많이 주시고  배달도 빠르고 나무랄데 없네요 훌륭합니다","date":"Mon Dec 10 23:59:44 +0000 2018","retweets":"30","favorites":"20","mentions":[],"hashtags":[],"geo":"","raw":"양도많이 주시고  배달도 빠르고 나무랄데 없네요 훌륭합니다","polarity":{"com":0,"pos":0.6388888888333335,"neg":0.2870370371666667,"neut":0.0185185185,"none":0.05555555550000001},"intensity":{"high":0.027777777833333336,"low":0.1481481481666667,"meium":0.7685185185000001,"none":0.05555555550000001},"expressive":{"dir-action":0,"dir-explicit":0.037037037,"dir-speech":0.2870370371666667,"indirect":0.6203703703333334,"writing-device":0.05555555550000001}},{"id":"BHC-묵동먹골점","permalink":"","username":"asdfg","text":"비도 오는데 빠르고 친절한 배달 감사합니다 치킨은 짭짤하고 매콤하니 치밥하기 좋네요 먹다가 새로나온 치킨이니 참고하시라고 사진 올려요","date":"Mon Dec 10 23:59:44 +0000 2018","retweets":"30","favorites":"20","mentions":[],"hashtags":[],"geo":"","raw":"비도 오는데 빠르고 친절한 배달 감사합니다 치킨은 짭짤하고 매콤하니 치밥하기 좋네요 먹다가 새로나온 치킨이니 참고하시라고 사진 올려요","polarity":{"com":0.012809731937499999,"pos":0.4942632773749999,"neg":0.282421334125,"neut":0.12128213712500001,"none":0.08922351943750001},"intensity":{"high":0.05901643694487706,"low":0.11945781276493224,"meium":0.6379080382047385,"none":0.18361771208545222},"expressive":{"dir-action":0.0056461126875,"dir-explicit":0.2650557255625,"dir-speech":0.32214316275,"indirect":0.30556770043750003,"writing-device":0.1015872985625}},{"id":"BHC-묵동먹골점","permalink":"","username":"asdfg","text":"너무맛있게 잘먹었어요. 배달도준수한시간이왔고 여러모로만족스러웠습니다.","date":"Mon Dec 10 23:59:44 +0000 2018","retweets":"30","favorites":"20","mentions":[],"hashtags":[],"geo":"","raw":"너무맛있게 잘먹었어요. 배달도준수한시간이왔고 여러모로만족스러웠습니다.","polarity":{"com":0.020408163288629738,"pos":0.5153061225021865,"neg":0.38265306119752185,"neut":0.08163265301166181,"none":0},"intensity":{"high":0.056122449,"low":0.05102040814285714,"meium":0.8928571428571429,"none":0},"expressive":{"dir-action":0,"dir-explicit":0.2908163264285714,"dir-speech":0.34693877557142855,"indirect":0.36224489800000004,"writing-device":0}},{"id":"BHC-묵동먹골점","permalink":"","username":"asdfg","text":"뿌링클 가루 듬뿍종뿌려주시면 완벽합니다","date":"Mon Dec 10 23:59:44 +0000 2018","retweets":"30","favorites":"20","mentions":[],"hashtags":[],"geo":"","raw":"뿌링클 가루 듬뿍종뿌려주시면 완벽합니다","polarity":{"com":0.006451612999999998,"pos":0.6548016313333332,"neg":0.2784822643333333,"neut":0.050945495,"none":0.009318996333333333},"intensity":{"high":0.33969843033333325,"low":0.06169818299999999,"meium":0.5770732913333333,"none":0.02153009533333333},"expressive":{"dir-action":0.1688172043333333,"dir-explicit":0.28856754433333326,"dir-speech":0.14418489666666665,"indirect":0.3891113583333333,"writing-device":0.009318996333333333}},{"id":"BHC-묵동먹골점","permalink":"","username":"asdfg","text":"맛도 맛있구 양도 많고 최고에요❣\n\n그리고 제가 요청사항에 덜 짜게해달라고 부탁드렸는데\n진짜 양념 적게 해주셔서 넘 맛있고 감동받았습니다!\n보통은 전화로 말해도 비슷하게주시거든요..\n\n가족들도 튀김옷도 두껍지않고 짜지않아서 맛있대요❤\n튀김옷 얇아도 바삭하고 매콤하고 \n너무 만족했어요 ㅋㅋ\n\n아그리고 원래 후기에 귀찮아서 사진안찍는데 손편지 써주신거보고 사진두 찍었습니다 감사합니당\n다음에도 꼭 여기서시킬래요❣❣","date":"Mon Dec 10 23:59:44 +0000 2018","retweets":"30","favorites":"20","mentions":[],"hashtags":[],"geo":"","raw":"맛도 맛있구 양도 많고 최고에요❣\n\n그리고 제가 요청사항에 덜 짜게해달라고 부탁드렸는데\n진짜 양념 적게 해주셔서 넘 맛있고 감동받았습니다!\n보통은 전화로 말해도 비슷하게주시거든요..\n\n가족들도 튀김옷도 두껍지않고 짜지않아서 맛있대요❤\n튀김옷 얇아도 바삭하고 매콤하고 \n너무 만족했어요 ㅋㅋ\n\n아그리고 원래 후기에 귀찮아서 사진안찍는데 손편지 써주신거보고 사진두 찍었습니다 감사합니당\n다음에도 꼭 여기서시킬래요❣❣","polarity":{"com":0.021768691903225806,"pos":0.5097282330322581,"neg":0.38373217461290327,"neut":0.027811642096774197,"none":0.05695925835483871},"intensity":{"high":0.1551039557096774,"low":0.09870575248387096,"meium":0.6879524431290324,"none":0.058237848677419345},"expressive":{"dir-action":0.004349886000280638,"dir-explicit":0.1870479461410999,"dir-speech":0.4721480517401387,"indirect":0.2758892640177993,"writing-device":0.06056485210068161}},{"id":"BHC-묵동먹골점","permalink":"","username":"asdfg","text":"비도 오고 오래 걸린건 미리 문자주셔서\n이해할 수 있는데 기름이 뭉친거라고 해야하나\n후라이드에 하얗게 뭉친게 넘 많아서 아쉽네요\n이사와서 첨 시켰는데 속상하네요","date":"Mon Dec 10 23:59:44 +0000 2018","retweets":"30","favorites":"20","mentions":[],"hashtags":[],"geo":"","raw":"비도 오고 오래 걸린건 미리 문자주셔서\n이해할 수 있는데 기름이 뭉친거라고 해야하나\n후라이드에 하얗게 뭉친게 넘 많아서 아쉽네요\n이사와서 첨 시켰는데 속상하네요","polarity":{"com":0.02853386528367615,"pos":0.35703746383164014,"neg":0.4428387191112258,"neut":0.07695796656593157,"none":0.09463198520752629},"intensity":{"high":0.0479967218605712,"low":0.07945081879138934,"meium":0.7767847927697703,"none":0.09576766657826911},"expressive":{"dir-action":0.0011356813573862171,"dir-explicit":0.2587644187697352,"dir-speech":0.3451674734311073,"indirect":0.2601077578414516,"writing-device":0.13482466860031955}},{"id":"BHC-묵동먹골점","permalink":"","username":"asdfg","text":"메모와 함께 배달해 주시고 맛있는 후식 뿌띠첼도 함께 보내 주셔서 기분좋게 잘 먹었네요~ 감사합니다^^","date":"Mon Dec 10 23:59:44 +0000 2018","retweets":"30","favorites":"20","mentions":[],"hashtags":[],"geo":"","raw":"메모와 함께 배달해 주시고 맛있는 후식 뿌띠첼도 함께 보내 주셔서 기분좋게 잘 먹었네요~ 감사합니다^^","polarity":{"com":0.03352054537500001,"pos":0.43267089087500005,"neg":0.37652649775,"neut":0.09411482325000002,"none":0.06316724275000002},"intensity":{"high":0.2436635945,"low":0.066004224125,"meium":0.6268961213750001,"none":0.06343606},"expressive":{"dir-action":0.000806451625,"dir-explicit":0.21841397850000002,"dir-speech":0.4869767665,"indirect":0.22632008450000002,"writing-device":0.067482718875}},{"id":"BHC-묵동먹골점","permalink":"","username":"asdfg","text":"기분좋게잘먹을거같네용ㅎ오자마자인증샷!\n근데젓가락이없어서손으로먹어야게떠요ㅜ흑..\n쁘띠첼도잘먹겠습니다!♡♡♡♡","date":"Mon Dec 10 23:59:44 +0000 2018","retweets":"30","favorites":"20","mentions":[],"hashtags":[],"geo":"","raw":"기분좋게잘먹을거같네용ㅎ오자마자인증샷!\n근데젓가락이없어서손으로먹어야게떠요ㅜ흑..\n쁘띠첼도잘먹겠습니다!♡♡♡♡","polarity":{"com":0.125000000015625,"pos":0.2625313282828164,"neg":0.4719611529339951,"neut":0.14050751876756346,"none":0},"intensity":{"high":0.08954678362499999,"low":0.08087928149999998,"meium":0.8229949874999999,"none":0.006578947374999998},"expressive":{"dir-action":0,"dir-explicit":0.19601086037499998,"dir-speech":0.328895154625,"indirect":0.350093985,"writing-device":0.125}},{"id":"BHC-묵동먹골점","permalink":"","username":"asdfg","text":"메모편지 감동이예요^^ 후기 잘 안쓰는데 이렇게 쓰게되네요 ㅎㅎ 양도 많아요 맛있고 따뜻하게왔고 튀김옷도 바삭하고요! 기분 좋네요^^ 성공하세요!!","date":"Mon Dec 10 23:59:44 +0000 2018","retweets":"30","favorites":"20","mentions":[],"hashtags":[],"geo":"","raw":"메모편지 감동이예요^^ 후기 잘 안쓰는데 이렇게 쓰게되네요 ㅎㅎ 양도 많아요 맛있고 따뜻하게왔고 튀김옷도 바삭하고요! 기분 좋네요^^ 성공하세요!!","polarity":{"com":0.019660063141452855,"pos":0.49635310539311767,"neg":0.3074468288351824,"neut":0.07979807220858585,"none":0.09674193042166128},"intensity":{"high":0.13796319456157405,"low":0.07795817585157441,"meium":0.6865156810938203,"none":0.09756294849303121},"expressive":{"dir-action":0.013808031070442286,"dir-explicit":0.20327703355690882,"dir-speech":0.32379605076258594,"indirect":0.3577286863315909,"writing-device":0.10139019827847212}},{"id":"BHC-묵동먹골점","permalink":"","username":"asdfg","text":"맛있네요 자주시켜 먹을듯","date":"Mon Dec 10 23:59:44 +0000 2018","retweets":"30","favorites":"20","mentions":[],"hashtags":[],"geo":"","raw":"맛있네요 자주시켜 먹을듯","polarity":{"com":0,"pos":0.31944444425000007,"neg":0.6388888890000001,"neut":0,"none":0.041666666750000005},"intensity":{"high":0.06944444446527777,"low":0.11111111119444443,"meium":0.777777777611111,"none":0.04166666672916666},"expressive":{"dir-action":0.013888888999999996,"dir-explicit":0.19444444449999995,"dir-speech":0.5833333332499999,"indirect":0.16666666649999998,"writing-device":0.04166666674999999}},{"id":"BHC-묵동먹골점","permalink":"","username":"asdfg","text":"치즈볼 진짜 맛있었어요! 양념이 좀 짜긴 했지만 치즈볼이랑 먹으니까 단짠단짠 좋았어요!","date":"Mon Dec 10 23:59:44 +0000 2018","retweets":"30","favorites":"20","mentions":[],"hashtags":[],"geo":"","raw":"치즈볼 진짜 맛있었어요! 양념이 좀 짜긴 했지만 치즈볼이랑 먹으니까 단짠단짠 좋았어요!","polarity":{"com":0.007055209499999999,"pos":0.5011484125,"neg":0.424915692,"neut":0.026178540666666663,"none":0.04070214533333333},"intensity":{"high":0.17196341866666667,"low":0.08680293233333335,"meium":0.6978815804999999,"none":0.0433520685},"expressive":{"dir-action":0.002649923167549974,"dir-explicit":0.31620644643873547,"dir-speech":0.458800726986267,"indirect":0.1751594173917198,"writing-device":0.047183486015727825}}]