[{"id":"둘둘치킨-먹골점","permalink":"","username":"asdfg","text":"가격대비 양이 좀...심각하네요\n게다가 요기요 수수료때문이라고 음료도 빼시고...\n별롭니다","date":"Mon Dec 10 23:59:44 +0000 2018","retweets":"30","favorites":"20","mentions":[],"hashtags":[],"geo":"","raw":"가격대비 양이 좀...심각하네요\n게다가 요기요 수수료때문이라고 음료도 빼시고...\n별롭니다","polarity":{"com":0.0010204081428571428,"pos":0.4591836734285714,"neg":0.1897959184285714,"neut":0.07346938771428571,"none":0.2765306122857143},"intensity":{"high":0.16326530614285714,"low":0.01632653057142857,"meium":0.543877551,"none":0.2765306122857143},"expressive":{"dir-action":0,"dir-explicit":0.1551020408349854,"dir-speech":0.12857142855306122,"indirect":0.4408163265084548,"writing-device":0.2755102041034985}},{"id":"둘둘치킨-먹골점","permalink":"","username":"asdfg","text":"무난합니동ㅋ배고파서다먹음","date":"Mon Dec 10 23:59:44 +0000 2018","retweets":"30","favorites":"20","mentions":[],"hashtags":[],"geo":"","raw":"무난합니동ㅋ배고파서다먹음","polarity":{"com":0,"pos":0.48809523799999993,"neg":0.375,"neut":0.041666666666666664,"none":0.09523809533333333},"intensity":{"high":0.2202380952599206,"low":0,"meium":0.684523809438492,"none":0.09523809530158729},"expressive":{"dir-action":0,"dir-explicit":0.18452380960515874,"dir-speech":0.2619047619126984,"indirect":0.4583333331805555,"writing-device":0.09523809530158729}},{"id":"둘둘치킨-먹골점","permalink":"","username":"asdfg","text":"장난하시나요 이걸돈주고파는건가요  장난하는것도아니고  요기요  가려가면서  입점시키셔야겠네요 \n만원에  세마리 짜리못하네요\n돈주고  먹으라해도  안시킬거 같네요","date":"Mon Dec 10 23:59:44 +0000 2018","retweets":"30","favorites":"20","mentions":[],"hashtags":[],"geo":"","raw":"장난하시나요 이걸돈주고파는건가요  장난하는것도아니고  요기요  가려가면서  입점시키셔야겠네요 \n만원에  세마리 짜리못하네요\n돈주고  먹으라해도  안시킬거 같네요","polarity":{"com":0.001956759733463784,"pos":0.485005722165667,"neg":0.38929467089261965,"neut":0.04132208786942147,"none":0.08242075933882805},"intensity":{"high":0.2356546582352461,"low":0.08338101878888253,"meium":0.5977772801202964,"none":0.08318704285557507},"expressive":{"dir-action":0.13409961687560665,"dir-explicit":0.030304688868686976,"dir-speech":0.4734279577648952,"indirect":0.2084005075472267,"writing-device":0.15376722894358452}},{"id":"둘둘치킨-먹골점","permalink":"","username":"asdfg","text":"양념이 좀 적네요 포장이 종이였는데 닭에 은박지조각이 있어서 당황스러웠지만;;; 이해합니다 옮겨담으실때 실수였겠죠 조금만 더 신경써주세요","date":"Mon Dec 10 23:59:44 +0000 2018","retweets":"30","favorites":"20","mentions":[],"hashtags":[],"geo":"","raw":"양념이 좀 적네요 포장이 종이였는데 닭에 은박지조각이 있어서 당황스러웠지만;;; 이해합니다 옮겨담으실때 실수였겠죠 조금만 더 신경써주세요","polarity":{"com":0.005105909199659605,"pos":0.4414601775705693,"neg":0.41194827450587007,"neut":0.108370086859442,"none":0.03311555186445896},"intensity":{"high":0.08949522888456574,"low":0.19931599417319656,"meium":0.6777795393355558,"none":0.03340923760668185},"expressive":{"dir-action":0.0063542918004236195,"dir-explicit":0.43145145576209676,"dir-speech":0.2887921550192528,"indirect":0.23737848074915857,"writing-device":0.03602361666906825}},{"id":"둘둘치킨-먹골점","permalink":"","username":"asdfg","text":"사이다를 시켰더니 깍두기물이 담겨옴\n재배달 없이 2천원 환불 해줌","date":"Mon Dec 10 23:59:44 +0000 2018","retweets":"30","favorites":"20","mentions":[],"hashtags":[],"geo":"","raw":"사이다를 시켰더니 깍두기물이 담겨옴\n재배달 없이 2천원 환불 해줌","polarity":{"com":0.019356439717050918,"pos":0.5053133703579018,"neg":0.391038685341577,"neut":0.07779799815397115,"none":0.006493506429499072},"intensity":{"high":0.14941131059277304,"low":0.06534039200933435,"meium":0.7787547909683935,"none":0.006493506429499072},"expressive":{"dir-action":0.0018198362851943326,"dir-explicit":0.1715664378081239,"dir-speech":0.3013400611996171,"indirect":0.5178702401377513,"writing-device":0.007403424569313306}},{"id":"둘둘치킨-먹골점","permalink":"","username":"asdfg","text":"배달은 만족하나 기름이 오래된 느낌이 강하고 양도 별로에요 개인적으로","date":"Mon Dec 10 23:59:44 +0000 2018","retweets":"30","favorites":"20","mentions":[],"hashtags":[],"geo":"","raw":"배달은 만족하나 기름이 오래된 느낌이 강하고 양도 별로에요 개인적으로","polarity":{"com":0.0061674008,"pos":0.6463436124,"neg":0.3281057268,"neut":0.0176211454,"none":0.0017621146000000002},"intensity":{"high":0.02114537440422908,"low":0.10643171802128636,"meium":0.869779735773956,"none":0.002643171800528635},"expressive":{"dir-action":0.0008810572001762114,"dir-explicit":0.3228193832645639,"dir-speech":0.43224669608644933,"indirect":0.24140969164828194,"writing-device":0.0026431718005286344}},{"id":"둘둘치킨-먹골점","permalink":"","username":"asdfg","text":"맛은 변함없네용 얇은.. 튀김옷.. 근데좀 짜더라구용 근데 다리도 아프신데 늦은새벼기켰는데.. 배달 해주시고..\n너무 감사했어영","date":"Mon Dec 10 23:59:44 +0000 2018","retweets":"30","favorites":"20","mentions":[],"hashtags":[],"geo":"","raw":"맛은 변함없네용 얇은.. 튀김옷.. 근데좀 짜더라구용 근데 다리도 아프신데 늦은새벼기켰는데.. 배달 해주시고..\n너무 감사했어영","polarity":{"com":0.017370623499999998,"pos":0.4766539541,"neg":0.41835584509999996,"neut":0.0652836485,"none":0.022335928799999998},"intensity":{"high":0.08261560468347688,"low":0.16711372426657725,"meium":0.726570263154686,"none":0.023700407895259918},"expressive":{"dir-action":0.0017945866001794584,"dir-explicit":0.22320408922232043,"dir-speech":0.27369881882736996,"indirect":0.47551830074755175,"writing-device":0.02578420460257842}},{"id":"둘둘치킨-먹골점","permalink":"","username":"asdfg","text":"배달도빠르고 맛있었어요","date":"Mon Dec 10 23:59:44 +0000 2018","retweets":"30","favorites":"20","mentions":[],"hashtags":[],"geo":"","raw":"배달도빠르고 맛있었어요","polarity":{"com":0,"pos":0.6666666666666666,"neg":0.3333333333333333,"neut":0,"none":0},"intensity":{"high":0,"low":0.111111111,"meium":0.888888889,"none":0},"expressive":{"dir-action":0,"dir-explicit":0,"dir-speech":0.6666666666666666,"indirect":0.3333333333333333,"writing-device":0}},{"id":"둘둘치킨-먹골점","permalink":"","username":"asdfg","text":"둘둘치킨.좋와하는대\n이번에마늘치킨시켰는대\n바삭하지도않고\n마늘양녕도다뭉쳐있기만하내요\n그냥후라이드만시켜야겠어요","date":"Mon Dec 10 23:59:44 +0000 2018","retweets":"30","favorites":"20","mentions":[],"hashtags":[],"geo":"","raw":"둘둘치킨.좋와하는대\n이번에마늘치킨시켰는대\n바삭하지도않고\n마늘양녕도다뭉쳐있기만하내요\n그냥후라이드만시켜야겠어요","polarity":{"com":0.00564185075,"pos":0.21387299799999998,"neg":0.495960679625,"neut":0.022675989125000004,"none":0.26184848250000003},"intensity":{"high":0.08838855347790285,"low":0.06583659973354085,"meium":0.5822207654794448,"none":0.2635540813091115},"expressive":{"dir-action":0.00918767774885154,"dir-explicit":0.27940193696507476,"dir-speech":0.31632987258545875,"indirect":0.13070739973366158,"writing-device":0.26437311296695337}},{"id":"둘둘치킨-먹골점","permalink":"","username":"asdfg","text":"맛은 그럭저럭인데 배달이 잘못왔네요","date":"Mon Dec 10 23:59:44 +0000 2018","retweets":"30","favorites":"20","mentions":[],"hashtags":[],"geo":"","raw":"맛은 그럭저럭인데 배달이 잘못왔네요","polarity":{"com":0.00571895425,"pos":0.59640522875,"neg":0.3194444445,"neut":0.022875817,"none":0.0555555555},"intensity":{"high":0.15686274503921566,"low":0.02042483650510621,"meium":0.7671568629417892,"none":0.05555555551388888},"expressive":{"dir-action":0,"dir-explicit":0.2295751635,"dir-speech":0.55065359475,"indirect":0.1593137255,"writing-device":0.06045751625}},{"id":"둘둘치킨-먹골점","permalink":"","username":"asdfg","text":"역시 둘둘이죠 오랜만에 먹어도 변하지 않는 맛 최곱니다 리뷰가 별루 안 좋아서 고민 했는데 둘둘은 원래 닭이 크지 않아요 배달 시간도 4분 남겨 놓고 딱 도착 하셨구요 오늘 비도 오고 늦은 시간이었는데 아마도 여자 사장님이 직접 오신 듯 해요 골뱅이도 맛있게 후룩 ~~ 오랜만에 진짜 맛있는 치킨 먹었습니다 혼자 다 먹고 기분 좋게 잠들 듯 해요 참고로 음료는 서비스 되지 않나 봐요 캔콜라 작은거 오는 줄 알고 안 시켰는데 서비스 음료 없는 줄 알았음 따로 시켰을텐데 말이죠 ^^","date":"Mon Dec 10 23:59:44 +0000 2018","retweets":"30","favorites":"20","mentions":[],"hashtags":[],"geo":"","raw":"역시 둘둘이죠 오랜만에 먹어도 변하지 않는 맛 최곱니다 리뷰가 별루 안 좋아서 고민 했는데 둘둘은 원래 닭이 크지 않아요 배달 시간도 4분 남겨 놓고 딱 도착 하셨구요 오늘 비도 오고 늦은 시간이었는데 아마도 여자 사장님이 직접 오신 듯 해요 골뱅이도 맛있게 후룩 ~~ 오랜만에 진짜 맛있는 치킨 먹었습니다 혼자 다 먹고 기분 좋게 잠들 듯 해요 참고로 음료는 서비스 되지 않나 봐요 캔콜라 작은거 오는 줄 알고 안 시켰는데 서비스 음료 없는 줄 알았음 따로 시켰을텐데 말이죠 ^^","polarity":{"com":0.005178675051149263,"pos":0.32046497886357783,"neg":0.5192046543969434,"neut":0.07588117938266974,"none":0.07927051230565972},"intensity":{"high":0.11368591578321169,"low":0.1613913756244727,"meium":0.6438824627544737,"none":0.08104024583784204},"expressive":{"dir-action":0.0004076804871899404,"dir-explicit":0.2443875972883176,"dir-speech":0.41338773103624066,"indirect":0.19123501908182652,"writing-device":0.15058197210642518}},{"id":"둘둘치킨-먹골점","permalink":"","username":"asdfg","text":"수고하셨습니다 명절인데 배달하시고","date":"Mon Dec 10 23:59:44 +0000 2018","retweets":"30","favorites":"20","mentions":[],"hashtags":[],"geo":"","raw":"수고하셨습니다 명절인데 배달하시고","polarity":{"com":0.01407688533333333,"pos":0.6339166489999999,"neg":0.21015531666666665,"neut":0.05845807866666666,"none":0.08339307033333332},"intensity":{"high":0.0890786420296929,"low":0.06594279268864761,"meium":0.7608686489202896,"none":0.08410991636136998},"expressive":{"dir-action":0.002150537666666667,"dir-explicit":0.24409304966666667,"dir-speech":0.499079345,"indirect":0.16474804966666667,"writing-device":0.08992901800000001}},{"id":"둘둘치킨-먹골점","permalink":"","username":"asdfg","text":"주소를 못찾아서...한시간 넘게 기다렸는데..\n전화를 해도..어딘지 모르겠다고 하고..\n다 식은거 아니냐니깐..아니라더니..전 차가운 닭을 먹었어요...다신 안시켜 먹을꺼예요..","date":"Mon Dec 10 23:59:44 +0000 2018","retweets":"30","favorites":"20","mentions":[],"hashtags":[],"geo":"","raw":"주소를 못찾아서...한시간 넘게 기다렸는데..\n전화를 해도..어딘지 모르겠다고 하고..\n다 식은거 아니냐니깐..아니라더니..전 차가운 닭을 먹었어요...다신 안시켜 먹을꺼예요..","polarity":{"com":0.003258299470588236,"pos":0.4590482406470589,"neg":0.4110234903529413,"neut":0.044495663588235305,"none":0.08217430594117647},"intensity":{"high":0.07154455781511242,"low":0.2018618795056633,"meium":0.6437431242183832,"none":0.0828504384608411},"expressive":{"dir-action":0.001559368706065808,"dir-explicit":0.20566534773007827,"dir-speech":0.2766674158560785,"indirect":0.4024949981649994,"writing-device":0.11361286954277798}},{"id":"둘둘치킨-먹골점","permalink":"","username":"asdfg","text":"약간맛나네요허허러로","date":"Mon Dec 10 23:59:44 +0000 2018","retweets":"30","favorites":"20","mentions":[],"hashtags":[],"geo":"","raw":"약간맛나네요허허러로","polarity":{"com":null,"pos":null,"neg":null,"neut":null,"none":null},"intensity":{"high":null,"low":null,"meium":null,"none":null},"expressive":{"dir-action":null,"dir-explicit":null,"dir-speech":null,"indirect":null,"writing-device":null}},{"id":"둘둘치킨-먹골점","permalink":"","username":"asdfg","text":"잘 먹었는데요\n밤 12시가 넘었을때는 보통 다 노크하시던데...\n앞으론 벨누르지 마시고 노크로하는\n에티켓이 있었으면 합니다 ^^;\n자는 애들 다 깰까봐 조마 조마 했습니다 ^^\n치킨은 맛나게 잘 먹었습니다 ^^","date":"Mon Dec 10 23:59:44 +0000 2018","retweets":"30","favorites":"20","mentions":[],"hashtags":[],"geo":"","raw":"잘 먹었는데요\n밤 12시가 넘었을때는 보통 다 노크하시던데...\n앞으론 벨누르지 마시고 노크로하는\n에티켓이 있었으면 합니다 ^^;\n자는 애들 다 깰까봐 조마 조마 했습니다 ^^\n치킨은 맛나게 잘 먹었습니다 ^^","polarity":{"com":0.026253529160658262,"pos":0.3596534721431214,"neg":0.4376601818881748,"neut":0.1052714209584496,"none":0.07116139584959591},"intensity":{"high":0.09574515429563257,"low":0.13677096386594292,"meium":0.6943944177485487,"none":0.07308946408987589},"expressive":{"dir-action":0.002154440631692339,"dir-explicit":0.2021789515369568,"dir-speech":0.4253139137592271,"indirect":0.2827817399622517,"writing-device":0.08757095410987215}},{"id":"둘둘치킨-먹골점","permalink":"","username":"asdfg","text":"ㅎ","date":"Mon Dec 10 23:59:44 +0000 2018","retweets":"30","favorites":"20","mentions":[],"hashtags":[],"geo":"","raw":"ㅎ","polarity":{"com":null,"pos":null,"neg":null,"neut":null,"none":null},"intensity":{"high":null,"low":null,"meium":null,"none":null},"expressive":{"dir-action":null,"dir-explicit":null,"dir-speech":null,"indirect":null,"writing-device":null}},{"id":"둘둘치킨-먹골점","permalink":"","username":"asdfg","text":"잘먹었어요","date":"Mon Dec 10 23:59:44 +0000 2018","retweets":"30","favorites":"20","mentions":[],"hashtags":[],"geo":"","raw":"잘먹었어요","polarity":{"com":0,"pos":0.7142857147142857,"neg":0.21428571421428572,"neut":0.07142857107142857,"none":0},"intensity":{"high":0,"low":0.214285714,"meium":0.785714286,"none":0},"expressive":{"dir-action":0,"dir-explicit":0.214285714,"dir-speech":0.142857143,"indirect":0.642857143,"writing-device":0}},{"id":"둘둘치킨-먹골점","permalink":"","username":"asdfg","text":"냠 냠","date":"Mon Dec 10 23:59:44 +0000 2018","retweets":"30","favorites":"20","mentions":[],"hashtags":[],"geo":"","raw":"냠 냠","polarity":{"com":null,"pos":null,"neg":null,"neut":null,"none":null},"intensity":{"high":null,"low":null,"meium":null,"none":null},"expressive":{"dir-action":null,"dir-explicit":null,"dir-speech":null,"indirect":null,"writing-device":null}},{"id":"둘둘치킨-먹골점","permalink":"","username":"asdfg","text":"17000원 치고는 너무 양이 심각하게 적네요... 굶은 닭 쓰셨나용","date":"Mon Dec 10 23:59:44 +0000 2018","retweets":"30","favorites":"20","mentions":[],"hashtags":[],"geo":"","raw":"17000원 치고는 너무 양이 심각하게 적네요... 굶은 닭 쓰셨나용","polarity":{"com":0.028571428600000004,"pos":0.4507936508000001,"neg":0.453968254,"neut":0,"none":0.06666666660000001},"intensity":{"high":0.273015873,"low":0.028571428599999997,"meium":0.6317460318,"none":0.06666666660000001},"expressive":{"dir-action":0.13333333340000003,"dir-explicit":0.20317460300000004,"dir-speech":0.05714285720000001,"indirect":0.5396825398,"writing-device":0.06666666660000001}},{"id":"둘둘치킨-먹골점","permalink":"","username":"asdfg","text":"맛잇엇는데 머리카락 나왓어여 ㅠ ㅠ","date":"Mon Dec 10 23:59:44 +0000 2018","retweets":"30","favorites":"20","mentions":[],"hashtags":[],"geo":"","raw":"맛잇엇는데 머리카락 나왓어여 ㅠ ㅠ","polarity":{"com":0,"pos":0.8380952380000001,"neg":0.161904762,"neut":0,"none":0},"intensity":{"high":0.09047619033333332,"low":0.06666666666666667,"meium":0.842857143,"none":0},"expressive":{"dir-action":0,"dir-explicit":0.2714285713333333,"dir-speech":0.44761904766666666,"indirect":0.28095238100000003,"writing-device":0}},{"id":"둘둘치킨-먹골점","permalink":"","username":"asdfg","text":"지금 먹었는데 덜익었어요\n애기깰까봐 다시전화하고 그런건 못하는데\n닭다리가 완전 생닭 겉만 뜨겁네요 ..\n내일 전자렌지에 데워먹을라고 넣어놨네요","date":"Mon Dec 10 23:59:44 +0000 2018","retweets":"30","favorites":"20","mentions":[],"hashtags":[],"geo":"","raw":"지금 먹었는데 덜익었어요\n애기깰까봐 다시전화하고 그런건 못하는데\n닭다리가 완전 생닭 겉만 뜨겁네요 ..\n내일 전자렌지에 데워먹을라고 넣어놨네요","polarity":{"com":0.006573220749452232,"pos":0.402504826466458,"neg":0.46234087262813833,"neut":0.06944385449421303,"none":0.05913722566173857},"intensity":{"high":0.08588290066666665,"low":0.09862981424999999,"meium":0.7583003635,"none":0.05718692158333332},"expressive":{"dir-action":0.04220430108685035,"dir-explicit":0.24978923077081577,"dir-speech":0.48545208254045435,"indirect":0.16208168993017347,"writing-device":0.06047269567170606}},{"id":"둘둘치킨-먹골점","permalink":"","username":"asdfg","text":"너무 별로에요 양도 적고 치킨이 말라비틀어졌어요","date":"Mon Dec 10 23:59:44 +0000 2018","retweets":"30","favorites":"20","mentions":[],"hashtags":[],"geo":"","raw":"너무 별로에요 양도 적고 치킨이 말라비틀어졌어요","polarity":{"com":0.0868470735,"pos":0.2872876025,"neg":0.577407174,"neut":0.0440528635,"none":0.0044052865},"intensity":{"high":0.12429200756214599,"low":0.1375078665687539,"meium":0.7315921963657961,"none":0.006607929503303964},"expressive":{"dir-action":0.002202643001101321,"dir-explicit":0.49276274374638135,"dir-speech":0.3234738831617369,"indirect":0.1749528005874764,"writing-device":0.006607929503303964}},{"id":"둘둘치킨-먹골점","permalink":"","username":"asdfg","text":"이야 여기는 도대체 무슨 닭이길래 날개가3개죠? 신기하네 양념시켰는데 왜케 맛이 셔요?? 희안한 닭집이네","date":"Mon Dec 10 23:59:44 +0000 2018","retweets":"30","favorites":"20","mentions":[],"hashtags":[],"geo":"","raw":"이야 여기는 도대체 무슨 닭이길래 날개가3개죠? 신기하네 양념시켰는데 왜케 맛이 셔요?? 희안한 닭집이네","polarity":{"com":0.006676422111111111,"pos":0.6952120752222223,"neg":0.23892302444444447,"neut":0.028414597666666666,"none":0.030773880555555553},"intensity":{"high":0.0660685421111111,"low":0.04005853233333332,"meium":0.8618680327777777,"none":0.03200489277777777},"expressive":{"dir-action":0.006889685444444444,"dir-explicit":0.16624089311111112,"dir-speech":0.336884473,"indirect":0.45703241866666666,"writing-device":0.032952529777777774}},{"id":"둘둘치킨-먹골점","permalink":"","username":"asdfg","text":"너무 바짝튀겨서...살짝  건강생각은 하게되지만...맛있어요~","date":"Mon Dec 10 23:59:44 +0000 2018","retweets":"30","favorites":"20","mentions":[],"hashtags":[],"geo":"","raw":"너무 바짝튀겨서...살짝  건강생각은 하게되지만...맛있어요~","polarity":{"com":0.03989218338404313,"pos":0.40404312663838277,"neg":0.5258760105896496,"neut":0.01886792459245283,"none":0.0113207547954717},"intensity":{"high":0.0776280323844744,"low":0.04743935319051213,"meium":0.8636118596272776,"none":0.01132075479773585},"expressive":{"dir-action":0,"dir-explicit":0.37151841859999996,"dir-speech":0.1917340522,"indirect":0.41787960460000007,"writing-device":0.0188679246}},{"id":"둘둘치킨-먹골점","permalink":"","username":"asdfg","text":"사실 치킨보단 골뱅이무침이 먹고싶어서 시켰어요 ㅎㅎ 골뱅이도 크고 양도 많고 만족합니다^^!! 치킨도 맛나요~~ 또 시켜야겠어요! 굿굿~♥","date":"Mon Dec 10 23:59:44 +0000 2018","retweets":"30","favorites":"20","mentions":[],"hashtags":[],"geo":"","raw":"사실 치킨보단 골뱅이무침이 먹고싶어서 시켰어요 ㅎㅎ 골뱅이도 크고 양도 많고 만족합니다^^!! 치킨도 맛나요~~ 또 시켜야겠어요! 굿굿~♥","polarity":{"com":0.0224343497,"pos":0.42983470849999994,"neg":0.3921979792,"neut":0.03913242470000001,"none":0.1164005379},"intensity":{"high":0.06503626711300725,"low":0.05592901531118581,"meium":0.7621936510524387,"none":0.11684106652336823},"expressive":{"dir-action":0.00044052860004405284,"dir-explicit":0.4009862020400986,"dir-speech":0.29870663432987066,"indirect":0.16945414001694542,"writing-device":0.13041249501304125}},{"id":"둘둘치킨-먹골점","permalink":"","username":"asdfg","text":"치킨은 맛있는데 생맥주는 완전 비추 ㅜㅜ\n탄산  하나도  없어요 먹다 버림","date":"Mon Dec 10 23:59:44 +0000 2018","retweets":"30","favorites":"20","mentions":[],"hashtags":[],"geo":"","raw":"치킨은 맛있는데 생맥주는 완전 비추 ㅜㅜ\n탄산  하나도  없어요 먹다 버림","polarity":{"com":0.0060611048343435165,"pos":0.32081584372013594,"neg":0.5781692270963614,"neut":0.053422872008903804,"none":0.04153095234025515},"intensity":{"high":0.07797550483333333,"low":0.1393092003333333,"meium":0.7395662195,"none":0.043149075333333335},"expressive":{"dir-action":0,"dir-explicit":0.394172929,"dir-speech":0.4886074043333333,"indirect":0.06818884266666667,"writing-device":0.049030823999999994}}]