[{"id":"상구비어-상봉점","permalink":"","username":"asdfg","text":"생각보다 빨리 배달왔고요~ 포장상태도 깔끔했습니다~~ 감자튀김을 좋아하는데 맛있네요^^ 맥주 생각날때는 상구비어만 시킬래요 ㅎㅎ","date":"Mon Dec 10 23:59:44 +0000 2018","retweets":"30","favorites":"20","mentions":[],"hashtags":[],"geo":"","raw":"생각보다 빨리 배달왔고요~ 포장상태도 깔끔했습니다~~ 감자튀김을 좋아하는데 맛있네요^^ 맥주 생각날때는 상구비어만 시킬래요 ㅎㅎ","polarity":{"com":0.004751871700475187,"pos":0.3638130154363813,"neg":0.4071274615407128,"neut":0.12928321261292833,"none":0.09502443870950245},"intensity":{"high":0.0609680666,"low":0.08958109110000004,"meium":0.7542113497999999,"none":0.09523949250000002},"expressive":{"dir-action":0.0021466628,"dir-explicit":0.24538103600000002,"dir-speech":0.4127685562999999,"indirect":0.2473570939,"writing-device":0.092346651}},{"id":"상구비어-상봉점","permalink":"","username":"asdfg","text":"항상맛있어요~\n근데 첨 먹은 떡볶기는...\n달아도 넘흐달아요...\n고것만빼믄 항상 썹쓰도 주시고 맛나요^^","date":"Mon Dec 10 23:59:44 +0000 2018","retweets":"30","favorites":"20","mentions":[],"hashtags":[],"geo":"","raw":"항상맛있어요~\n근데 첨 먹은 떡볶기는...\n달아도 넘흐달아요...\n고것만빼믄 항상 썹쓰도 주시고 맛나요^^","polarity":{"com":0.0008928571252232143,"pos":0.46390415136597607,"neg":0.3545634922136409,"neut":0.020100732505025184,"none":0.1605387667901347},"intensity":{"high":0.11103479862499999,"low":0.078235653125,"meium":0.6501907815,"none":0.16053876675},"expressive":{"dir-action":0,"dir-explicit":0.266346153875,"dir-speech":0.43760683762499997,"indirect":0.13762210012499998,"writing-device":0.158424908375}},{"id":"상구비어-상봉점","permalink":"","username":"asdfg","text":"너무 마싯게 먹구있습니다!! \n소스들도 하나같이 너무 마싯어요!!","date":"Mon Dec 10 23:59:44 +0000 2018","retweets":"30","favorites":"20","mentions":[],"hashtags":[],"geo":"","raw":"너무 마싯게 먹구있습니다!! \n소스들도 하나같이 너무 마싯어요!!","polarity":{"com":0.0714285715,"pos":0.15476190474999998,"neg":0.77380952375,"neut":0,"none":0},"intensity":{"high":0.09920634924999999,"low":0.12698412699999997,"meium":0.77380952375,"none":0},"expressive":{"dir-action":0,"dir-explicit":0.341269841,"dir-speech":0.5873015875,"indirect":0.07142857149999998,"writing-device":0}},{"id":"상구비어-상봉점","permalink":"","username":"asdfg","text":"닭의 자세가 너무 당당해서 당황을 했지만 맛있었어요~~ 뒤늦게되서야 댓글을 다네요ㅋㅋㅋ","date":"Mon Dec 10 23:59:44 +0000 2018","retweets":"30","favorites":"20","mentions":[],"hashtags":[],"geo":"","raw":"닭의 자세가 너무 당당해서 당황을 했지만 맛있었어요~~ 뒤늦게되서야 댓글을 다네요ㅋㅋㅋ","polarity":{"com":0.023439463328124563,"pos":0.3713394125841468,"neg":0.5590754337646499,"neut":0.01814501555152333,"none":0.028000674771555406},"intensity":{"high":0.11145363230856585,"low":0.2070703941762066,"meium":0.6521981595217337,"none":0.029277813993493818},"expressive":{"dir-action":0.056832694777777776,"dir-explicit":0.2427975888888889,"dir-speech":0.282125559,"indirect":0.3822191928888889,"writing-device":0.036024964444444446}},{"id":"상구비어-상봉점","permalink":"","username":"asdfg","text":"배달무지 빠르고...\n옛날통닭은 완죤 맛나요~\n썹쓰로주신 가라아게도 쵝오~!!!\n꼼꼼하게 소스도 요거조거 많이 주셔서 좋아요~^^","date":"Mon Dec 10 23:59:44 +0000 2018","retweets":"30","favorites":"20","mentions":[],"hashtags":[],"geo":"","raw":"배달무지 빠르고...\n옛날통닭은 완죤 맛나요~\n썹쓰로주신 가라아게도 쵝오~!!!\n꼼꼼하게 소스도 요거조거 많이 주셔서 좋아요~^^","polarity":{"com":0.004272912,"pos":0.5541494225999999,"neg":0.2759773844,"neut":0.042436454299999996,"none":0.1231638267},"intensity":{"high":0.0793260821,"low":0.1601308501,"meium":0.6362298157999999,"none":0.12431325200000001},"expressive":{"dir-action":0.0011494252998850575,"dir-explicit":0.16257567748374244,"dir-speech":0.5146852510485315,"indirect":0.19640611508035938,"writing-device":0.12518353108748165}},{"id":"상구비어-상봉점","permalink":"","username":"asdfg","text":"오홍홍 조와용","date":"Mon Dec 10 23:59:44 +0000 2018","retweets":"30","favorites":"20","mentions":[],"hashtags":[],"geo":"","raw":"오홍홍 조와용","polarity":{"com":0,"pos":0.625,"neg":0.25,"neut":0.125,"none":0},"intensity":{"high":0.1875,"low":0.125,"meium":0.6875,"none":0},"expressive":{"dir-action":0,"dir-explicit":0.3125,"dir-speech":0.375,"indirect":0.3125,"writing-device":0}},{"id":"상구비어-상봉점","permalink":"","username":"asdfg","text":"맛있어요~ 추천합니다","date":"Mon Dec 10 23:59:44 +0000 2018","retweets":"30","favorites":"20","mentions":[],"hashtags":[],"geo":"","raw":"맛있어요~ 추천합니다","polarity":{"com":0,"pos":0.5,"neg":0.5,"neut":0,"none":0},"intensity":{"high":0.25,"low":0,"meium":0.75,"none":0},"expressive":{"dir-action":0,"dir-explicit":0,"dir-speech":0.5,"indirect":0.5,"writing-device":0}},{"id":"상구비어-상봉점","permalink":"","username":"asdfg","text":"맛있어요. 서비스안주로 치킨텐더 3개가 왔어요.   집에서 맥주 땡길때 하지만 주변에 아는 사람 없이 혼자일때 시켜먹으면 아주 좋습니다.\n튀김류 위주로 먹어봤는데 맛있네요. 다음에는 감자 나 카프레제같은 다른것도 먹어봐야겠어요","date":"Mon Dec 10 23:59:44 +0000 2018","retweets":"30","favorites":"20","mentions":[],"hashtags":[],"geo":"","raw":"맛있어요. 서비스안주로 치킨텐더 3개가 왔어요.   집에서 맥주 땡길때 하지만 주변에 아는 사람 없이 혼자일때 시켜먹으면 아주 좋습니다.\n튀김류 위주로 먹어봤는데 맛있네요. 다음에는 감자 나 카프레제같은 다른것도 먹어봐야겠어요","polarity":{"com":0.0033369408633330054,"pos":0.3607544245126587,"neg":0.5295698372700391,"neut":0.04085979076901275,"none":0.06547900658495645},"intensity":{"high":0.0628523375909091,"low":0.23957174799999995,"meium":0.6316910636363636,"none":0.06588485077272727},"expressive":{"dir-action":0,"dir-explicit":0.11244324958579804,"dir-speech":0.559532044065476,"indirect":0.2576919676246504,"writing-device":0.07033273872407579}},{"id":"상구비어-상봉점","permalink":"","username":"asdfg","text":"서비스로 물만두 왔어요.\n오다리 튀김 무난하구요\n\n닭똥집튀김은 사실 무미한 튀김을 기대했는데\n매콤하게해서 맛있었어요. 기대한 맛과는 달랐지만 더 맛있더라고요.\n오다리에 사워크림 넘 좋아해서 시켰는데 수년전에는 맛잇었는데 지금 사워크림 먹어보니 입맛에 안맞네요. 다른소스가 있어서 맛있게 먹었어요 .\n청포도 맥주 시켰는데 너무 새콤달콤하고 맛있어서 술먹었는지도 모를만큼 맛있어서 안취할ㄲ","date":"Mon Dec 10 23:59:44 +0000 2018","retweets":"30","favorites":"20","mentions":[],"hashtags":[],"geo":"","raw":"서비스로 물만두 왔어요.\n오다리 튀김 무난하구요\n\n닭똥집튀김은 사실 무미한 튀김을 기대했는데\n매콤하게해서 맛있었어요. 기대한 맛과는 달랐지만 더 맛있더라고요.\n오다리에 사워크림 넘 좋아해서 시켰는데 수년전에는 맛잇었는데 지금 사워크림 먹어보니 입맛에 안맞네요. 다른소스가 있어서 맛있게 먹었어요 .\n청포도 맥주 시켰는데 너무 새콤달콤하고 맛있어서 술먹었는지도 모를만큼 맛있어서 안취할ㄲ","polarity":{"com":0.010725142767381676,"pos":0.43162481669544167,"neg":0.41675773386111725,"neut":0.07790814513852722,"none":0.06298416153753228},"intensity":{"high":0.06034800583132174,"low":0.2392111360586929,"meium":0.6368016700121066,"none":0.06363918809787869},"expressive":{"dir-action":0.0007983957333599467,"dir-explicit":0.28610288530953687,"dir-speech":0.3171758404772392,"indirect":0.331919779311064,"writing-device":0.0640030991688001}},{"id":"상구비어-상봉점","permalink":"","username":"asdfg","text":"포장상태 배달속도 맛 모두 대만족이요!!!","date":"Mon Dec 10 23:59:44 +0000 2018","retweets":"30","favorites":"20","mentions":[],"hashtags":[],"geo":"","raw":"포장상태 배달속도 맛 모두 대만족이요!!!","polarity":{"com":0,"pos":0.7083333333333334,"neg":0.2916666666666667,"neut":0,"none":0},"intensity":{"high":0,"low":0.08333333333333333,"meium":0.9166666666666666,"none":0},"expressive":{"dir-action":0,"dir-explicit":0.16666666666666666,"dir-speech":0.6666666666666666,"indirect":0.16666666666666666,"writing-device":0}},{"id":"상구비어-상봉점","permalink":"","username":"asdfg","text":"리뷰보고 좋아서 시켰는데, 여긴일단 배달하시는분(배달대행아니고 자체배달인거같음)부터가  엄청 친절함 치킨은 옛날통닭 그맛이고 맛은쏘쏘,\n오다리튀김 이거 예술임 개인적으로 강추임\n\n다시 재주문할의향 100%있음\n서비스 귤3개는 잘 먹을게요","date":"Mon Dec 10 23:59:44 +0000 2018","retweets":"30","favorites":"20","mentions":[],"hashtags":[],"geo":"","raw":"리뷰보고 좋아서 시켰는데, 여긴일단 배달하시는분(배달대행아니고 자체배달인거같음)부터가  엄청 친절함 치킨은 옛날통닭 그맛이고 맛은쏘쏘,\n오다리튀김 이거 예술임 개인적으로 강추임\n\n다시 재주문할의향 100%있음\n서비스 귤3개는 잘 먹을게요","polarity":{"com":0.11205273072222223,"pos":0.566520043,"neg":0.27972423999999996,"neut":0.029661016944444445,"none":0.012041969333333334},"intensity":{"high":0.03580844766865602,"low":0.2153107344564061,"meium":0.7368388485409354,"none":0.01204196933400233},"expressive":{"dir-action":0,"dir-explicit":0.25355797688888887,"dir-speech":0.5263115415555555,"indirect":0.15253295666666666,"writing-device":0.06759752488888889}},{"id":"상구비어-상봉점","permalink":"","username":"asdfg","text":"치킨을 시켰는데 츄러스가 같이 오네요\n청포도맥주도 맛났습니다\n안주와 맥주가 필요할 때\n가성비 최고입니다","date":"Mon Dec 10 23:59:44 +0000 2018","retweets":"30","favorites":"20","mentions":[],"hashtags":[],"geo":"","raw":"치킨을 시켰는데 츄러스가 같이 오네요\n청포도맥주도 맛났습니다\n안주와 맥주가 필요할 때\n가성비 최고입니다","polarity":{"com":0.009248111443416876,"pos":0.5113379159431847,"neg":0.28575730452380477,"neut":0.13518425565164618,"none":0.05847241243794752},"intensity":{"high":0.22484676588888888,"low":0.10628242744444444,"meium":0.6081753184444444,"none":0.060695488222222226},"expressive":{"dir-action":0.002385180888888889,"dir-explicit":0.2324843678888889,"dir-speech":0.3590137546666667,"indirect":0.34777060088888884,"writing-device":0.058346095666666674}},{"id":"상구비어-상봉점","permalink":"","username":"asdfg","text":"안주로 먹었는데 딱 좋게 먹을수있엉ㄹㄷ","date":"Mon Dec 10 23:59:44 +0000 2018","retweets":"30","favorites":"20","mentions":[],"hashtags":[],"geo":"","raw":"안주로 먹었는데 딱 좋게 먹을수있엉ㄹㄷ","polarity":{"com":0.00406504075,"pos":0.45154471525000006,"neg":0.396178862,"neut":0.00813008125,"none":0.14008130075},"intensity":{"high":0.14214092125,"low":0.12924119225,"meium":0.58650406525,"none":0.14211382125000002},"expressive":{"dir-action":0,"dir-explicit":0.29972899725,"dir-speech":0.48766937675,"indirect":0.064390244,"writing-device":0.148211382}},{"id":"상구비어-상봉점","permalink":"","username":"asdfg","text":"다 느므 맛나지만 그중에서도 오다리 강추!!\n넘나 제 취향저격","date":"Mon Dec 10 23:59:44 +0000 2018","retweets":"30","favorites":"20","mentions":[],"hashtags":[],"geo":"","raw":"다 느므 맛나지만 그중에서도 오다리 강추!!\n넘나 제 취향저격","polarity":{"com":0.0014285714000000001,"pos":0.1857142856,"neg":0.6657142858000001,"neut":0.0028571428000000003,"none":0.14428571440000001},"intensity":{"high":0.15238095236952384,"low":0.356190476128762,"meium":0.34714285713057147,"none":0.14428571437114288},"expressive":{"dir-action":0,"dir-explicit":0.18952380956209525,"dir-speech":0.3838095237232381,"indirect":0.2838095237432381,"writing-device":0.14285714297142857}},{"id":"상구비어-상봉점","permalink":"","username":"asdfg","text":"첫주문인데 서비스까지ㅠ\n너무 맛있구 잘먹었습니다!\n이제 여기서만 시킬려구요!!","date":"Mon Dec 10 23:59:44 +0000 2018","retweets":"30","favorites":"20","mentions":[],"hashtags":[],"geo":"","raw":"첫주문인데 서비스까지ㅠ\n너무 맛있구 잘먹었습니다!\n이제 여기서만 시킬려구요!!","polarity":{"com":0.02380952384126984,"pos":0.5477716728492572,"neg":0.3353174602784391,"neut":0.02045177034015059,"none":0.0726495726908832},"intensity":{"high":0.08257020766666665,"low":0.23473748466666666,"meium":0.610042735,"none":0.07264957266666666},"expressive":{"dir-action":0,"dir-explicit":0.336080586,"dir-speech":0.28083028083333333,"indirect":0.31471306483333333,"writing-device":0.06837606833333333}},{"id":"상구비어-상봉점","permalink":"","username":"asdfg","text":"배달 짱 빨라요!\n다 맛있지만 먹태 껍질?이 진짜 존맛탱이에요 \n잘먹었습니당!!!","date":"Mon Dec 10 23:59:44 +0000 2018","retweets":"30","favorites":"20","mentions":[],"hashtags":[],"geo":"","raw":"배달 짱 빨라요!\n다 맛있지만 먹태 껍질?이 진짜 존맛탱이에요 \n잘먹었습니당!!!","polarity":{"com":0,"pos":0.6071428571517856,"neg":0.30357142857589287,"neut":0.017857142754464286,"none":0.07142857151785714},"intensity":{"high":0.07142857148214285,"low":0.05357142848660714,"meium":0.8035714285491071,"none":0.07142857148214285},"expressive":{"dir-action":0,"dir-explicit":0.1607142857098214,"dir-speech":0.35714285716071426,"indirect":0.41071428564732143,"writing-device":0.07142857148214285}},{"id":"상구비어-상봉점","permalink":"","username":"asdfg","text":"가성비좋네요 서비ㅅ도굿","date":"Mon Dec 10 23:59:44 +0000 2018","retweets":"30","favorites":"20","mentions":[],"hashtags":[],"geo":"","raw":"가성비좋네요 서비ㅅ도굿","polarity":{"com":0.00178571425,"pos":0.32902597400000005,"neg":0.4785064935000001,"neut":0.049025974,"none":0.14165584425},"intensity":{"high":0.2334415585,"low":0.084025974,"meium":0.54087662325,"none":0.14165584425},"expressive":{"dir-action":0,"dir-explicit":0.19642857145089285,"dir-speech":0.3295454544176136,"indirect":0.33415584416646105,"writing-device":0.13987012996503248}},{"id":"상구비어-상봉점","permalink":"","username":"asdfg","text":"집안에서 맥주 뚝딱할 때 시키면 딱이네요\n잘먹었어요","date":"Mon Dec 10 23:59:44 +0000 2018","retweets":"30","favorites":"20","mentions":[],"hashtags":[],"geo":"","raw":"집안에서 맥주 뚝딱할 때 시키면 딱이네요\n잘먹었어요","polarity":{"com":0.0038314176666666665,"pos":0.46658705266666667,"neg":0.3267403096666667,"neut":0.13770712033333332,"none":0.06513409966666667},"intensity":{"high":0.06861720664379427,"low":0.20448325626517222,"meium":0.6579340197806887,"none":0.06896551731034482},"expressive":{"dir-action":0.003831417667943806,"dir-explicit":0.18567447872855813,"dir-speech":0.45827735481942583,"indirect":0.2755883964251961,"writing-device":0.07662835235887612}},{"id":"상구비어-상봉점","permalink":"","username":"asdfg","text":"나가긴 귀찮고 집에서 맛있는 안주랑 맥주가 먹고 싶었는데 딱이에요! 갈릭소스 많이 많이 많이 달라고 했더니 엄청 주셨어요 감사해요ㅎㅎ 잘먹겠습니다~","date":"Mon Dec 10 23:59:44 +0000 2018","retweets":"30","favorites":"20","mentions":[],"hashtags":[],"geo":"","raw":"나가긴 귀찮고 집에서 맛있는 안주랑 맥주가 먹고 싶었는데 딱이에요! 갈릭소스 많이 많이 많이 달라고 했더니 엄청 주셨어요 감사해요ㅎㅎ 잘먹겠습니다~","polarity":{"com":0.007030839167252571,"pos":0.5351454757112621,"neg":0.38517834353209823,"neut":0.03784329816982028,"none":0.03480204341956684},"intensity":{"high":0.20029205166666667,"low":0.16436848691666664,"meium":0.5995795635833333,"none":0.03575989783333333},"expressive":{"dir-action":0.0009578544167464879,"dir-explicit":0.21334771451777898,"dir-speech":0.46651279295554265,"indirect":0.279872044606656,"writing-device":0.0393095935032758}},{"id":"상구비어-상봉점","permalink":"","username":"asdfg","text":"아 이래서 서비스를 주시는구나ㅠ\n7500원짜리 켄터키치킨 양이 너무ᆢ\n맛은 있는데 너무적어서 디오씨가 생각나요.\n잘 먹을게요ᆢ\n\n비교컷으로 담배곽","date":"Mon Dec 10 23:59:44 +0000 2018","retweets":"30","favorites":"20","mentions":[],"hashtags":[],"geo":"","raw":"아 이래서 서비스를 주시는구나ㅠ\n7500원짜리 켄터키치킨 양이 너무ᆢ\n맛은 있는데 너무적어서 디오씨가 생각나요.\n잘 먹을게요ᆢ\n\n비교컷으로 담배곽","polarity":{"com":0.013798701273981702,"pos":0.5610389610510036,"neg":0.3475108224861374,"neut":0.032467532457497054,"none":0.04518398273138037},"intensity":{"high":0.024621212090909093,"low":0.24188311690909092,"meium":0.6883116882727273,"none":0.045183982727272726},"expressive":{"dir-action":0,"dir-explicit":0.16883116872727275,"dir-speech":0.3811147186363636,"indirect":0.40487012990909094,"writing-device":0.045183982727272726}},{"id":"상구비어-상봉점","permalink":"","username":"asdfg","text":"기대이상으로 포장도 깔끔하고  술안주로 딱이네요!\n서비스도 주셔서 너무 잘 먹었습니다ㅎㅎ","date":"Mon Dec 10 23:59:44 +0000 2018","retweets":"30","favorites":"20","mentions":[],"hashtags":[],"geo":"","raw":"기대이상으로 포장도 깔끔하고  술안주로 딱이네요!\n서비스도 주셔서 너무 잘 먹었습니다ㅎㅎ","polarity":{"com":0.023719623000000002,"pos":0.5749280005,"neg":0.35500455812500004,"neut":0.015567037625000002,"none":0.030780780750000004},"intensity":{"high":0.07756666850969583,"low":0.222607849402826,"meium":0.6686693259585836,"none":0.031156156128894517},"expressive":{"dir-action":0.000375375375,"dir-explicit":0.346782969875,"dir-speech":0.294524566625,"indirect":0.324709951625,"writing-device":0.0336071365}}]