[{"id":"네네치킨-공릉점","permalink":"","username":"asdfg","text":"ㅎㅎㅎㅎㅎ다음엔 호식이로~","date":"Mon Dec 10 23:59:44 +0000 2018","retweets":"30","favorites":"20","mentions":[],"hashtags":[],"geo":"","raw":"ㅎㅎㅎㅎㅎ다음엔 호식이로~","polarity":{"com":0,"pos":0.1587301585793651,"neg":0.7539682543769841,"neut":0.04761904752380952,"none":0.03968253951984128},"intensity":{"high":0.015873016000000004,"low":0.11904761900000001,"meium":0.8253968255,"none":0.03968253950000001},"expressive":{"dir-action":0,"dir-explicit":0.0793650795,"dir-speech":0.8333333334999999,"indirect":0.0396825395,"writing-device":0.0476190475}},{"id":"네네치킨-공릉점","permalink":"","username":"asdfg","text":"ㅋㅋㅋㅋㅋㅋ좋아!ㅠㅠ","date":"Mon Dec 10 23:59:44 +0000 2018","retweets":"30","favorites":"20","mentions":[],"hashtags":[],"geo":"","raw":"ㅋㅋㅋㅋㅋㅋ좋아!ㅠㅠ","polarity":{"com":0,"pos":0.92,"neg":0.04,"neut":0,"none":0.04},"intensity":{"high":0.2,"low":0.04,"meium":0.72,"none":0.04},"expressive":{"dir-action":0,"dir-explicit":0.6,"dir-speech":0.2,"indirect":0.16,"writing-device":0.04}},{"id":"네네치킨-공릉점","permalink":"","username":"asdfg","text":"너무 맛나요~~ 자주시켜먹을 것 같아요","date":"Mon Dec 10 23:59:44 +0000 2018","retweets":"30","favorites":"20","mentions":[],"hashtags":[],"geo":"","raw":"너무 맛나요~~ 자주시켜먹을 것 같아요","polarity":{"com":0.03857142859228572,"pos":0.28230880214353815,"neg":0.5700288600859942,"neut":0.018181818196363636,"none":0.09090909098181818},"intensity":{"high":0.09412698418117461,"low":0.09412698418117461,"meium":0.7208369406558326,"none":0.09090909098181818},"expressive":{"dir-action":0.011111111197777775,"dir-explicit":0.31105339093778933,"dir-speech":0.4635064935072987,"indirect":0.12341991337531599,"writing-device":0.09090909098181817}},{"id":"네네치킨-공릉점","permalink":"","username":"asdfg","text":"비비큐가 맛있긴하지만 \n가격인상에 배달료에  \n너무 비싸요..\n그나마 요기요에서 시키는 네네치킨이 \n제일 싸네요...\n그럭저럭 맛도 괜찮고요..","date":"Mon Dec 10 23:59:44 +0000 2018","retweets":"30","favorites":"20","mentions":[],"hashtags":[],"geo":"","raw":"비비큐가 맛있긴하지만 \n가격인상에 배달료에  \n너무 비싸요..\n그나마 요기요에서 시키는 네네치킨이 \n제일 싸네요...\n그럭저럭 맛도 괜찮고요..","polarity":{"com":0.0203045543,"pos":0.5632971268,"neg":0.21787022839999998,"neut":0.030484411700000002,"none":0.1680436788},"intensity":{"high":0.0557948695055795,"low":0.07426777690742678,"meium":0.6994108636699411,"none":0.1705264899170527},"expressive":{"dir-action":0.0015899539003179906,"dir-explicit":0.20345536414069107,"dir-speech":0.38414056637682814,"indirect":0.22652208174530444,"writing-device":0.1842920338368584}},{"id":"네네치킨-공릉점","permalink":"","username":"asdfg","text":"크리미언 존맛탱! 중독돼서 계속 생각나는 맛이에요 ㅎ","date":"Mon Dec 10 23:59:44 +0000 2018","retweets":"30","favorites":"20","mentions":[],"hashtags":[],"geo":"","raw":"크리미언 존맛탱! 중독돼서 계속 생각나는 맛이에요 ㅎ","polarity":{"com":0,"pos":0.4,"neg":0.6,"neut":0,"none":0},"intensity":{"high":0.3,"low":0,"meium":0.7,"none":0},"expressive":{"dir-action":0,"dir-explicit":0,"dir-speech":0.6,"indirect":0.4,"writing-device":0}},{"id":"네네치킨-공릉점","permalink":"","username":"asdfg","text":"배달도빠르고 맛있습니다","date":"Mon Dec 10 23:59:44 +0000 2018","retweets":"30","favorites":"20","mentions":[],"hashtags":[],"geo":"","raw":"배달도빠르고 맛있습니다","polarity":{"com":0,"pos":0.6666666666666666,"neg":0.3333333333333333,"neut":0,"none":0},"intensity":{"high":0,"low":0.111111111,"meium":0.888888889,"none":0},"expressive":{"dir-action":0,"dir-explicit":0,"dir-speech":0.6666666666666666,"indirect":0.3333333333333333,"writing-device":0}},{"id":"네네치킨-공릉점","permalink":"","username":"asdfg","text":"정말강추입니다\n넘나맛잇습니다\n다만기본으로나가는콜라가생략되어아쉽습니다","date":"Mon Dec 10 23:59:44 +0000 2018","retweets":"30","favorites":"20","mentions":[],"hashtags":[],"geo":"","raw":"정말강추입니다\n넘나맛잇습니다\n다만기본으로나가는콜라가생략되어아쉽습니다","polarity":{"com":0.00869255111111111,"pos":0.3801483556666667,"neg":0.3866181657777778,"neut":0.05798449011111111,"none":0.16655643733333336},"intensity":{"high":0.13433317768159256,"low":0.13255654112583962,"meium":0.5641728913960192,"none":0.1689373897965486},"expressive":{"dir-action":0,"dir-explicit":0.23768155413752018,"dir-speech":0.36371641248485737,"indirect":0.2298669468033186,"writing-device":0.16873508657430392}},{"id":"네네치킨-공릉점","permalink":"","username":"asdfg","text":"올만 맛남 ㅋ ㅋ ㅋ ㅋ ㅋ ㅋ ㅋ ㄱ","date":"Mon Dec 10 23:59:44 +0000 2018","retweets":"30","favorites":"20","mentions":[],"hashtags":[],"geo":"","raw":"올만 맛남 ㅋ ㅋ ㅋ ㅋ ㅋ ㅋ ㅋ ㄱ","polarity":{"com":0,"pos":0.21474358960737175,"neg":0.5416666667708333,"neut":0.02564102551282051,"none":0.21794871810897434},"intensity":{"high":0.0512820515,"low":0.0256410255,"meium":0.7051282050000001,"none":0.217948718},"expressive":{"dir-action":0,"dir-explicit":0.2403846155,"dir-speech":0.128205128,"indirect":0.4262820515,"writing-device":0.205128205}},{"id":"네네치킨-공릉점","permalink":"","username":"asdfg","text":"항상 네네는 믿고 먹어용","date":"Mon Dec 10 23:59:44 +0000 2018","retweets":"30","favorites":"20","mentions":[],"hashtags":[],"geo":"","raw":"항상 네네는 믿고 먹어용","polarity":{"com":0,"pos":0.5555555553333335,"neg":0.44444444466666666,"neut":0,"none":0},"intensity":{"high":0.09259259263580247,"low":0.12962962962345678,"meium":0.7777777777407408,"none":0},"expressive":{"dir-action":0,"dir-explicit":0.35185185178395056,"dir-speech":0.5370370371790123,"indirect":0.11111111103703702,"writing-device":0}},{"id":"네네치킨-공릉점","permalink":"","username":"asdfg","text":"순살크리미언 맛나요~^^\n양념치킨도 양념을 많이 넣어주셔서 듬뿍듬뿍 촉촉하게 먹을수있어서 좋아요♡","date":"Mon Dec 10 23:59:44 +0000 2018","retweets":"30","favorites":"20","mentions":[],"hashtags":[],"geo":"","raw":"순살크리미언 맛나요~^^\n양념치킨도 양념을 많이 넣어주셔서 듬뿍듬뿍 촉촉하게 먹을수있어서 좋아요♡","polarity":{"com":0.10281638779999999,"pos":0.3612513942,"neg":0.40835864439999997,"neut":0.0091012441,"none":0.1184723295},"intensity":{"high":0.19784427279999997,"low":0.05072887169999999,"meium":0.632954526,"none":0.11847232949999997},"expressive":{"dir-action":0.1015015015,"dir-explicit":0.21062848559999997,"dir-speech":0.5096096096,"indirect":0.059901758900000004,"writing-device":0.11835864439999999}},{"id":"네네치킨-공릉점","permalink":"","username":"asdfg","text":"배달빨라용! 양념이 아주 달달","date":"Mon Dec 10 23:59:44 +0000 2018","retweets":"30","favorites":"20","mentions":[],"hashtags":[],"geo":"","raw":"배달빨라용! 양념이 아주 달달","polarity":{"com":0.015418501999999997,"pos":0.7158590309999999,"neg":0.22026431699999993,"neut":0.04405286349999999,"none":0.004405286499999999},"intensity":{"high":0.05286343602643172,"low":0.06607929503303965,"meium":0.8744493394372247,"none":0.006607929503303965},"expressive":{"dir-action":0.002202643001101321,"dir-explicit":0.2070484581035242,"dir-speech":0.6806167403403084,"indirect":0.1035242290517621,"writing-device":0.006607929503303964}},{"id":"네네치킨-공릉점","permalink":"","username":"asdfg","text":"배송도 빠르고 맛있게 잘 먹었네요","date":"Mon Dec 10 23:59:44 +0000 2018","retweets":"30","favorites":"20","mentions":[],"hashtags":[],"geo":"","raw":"배송도 빠르고 맛있게 잘 먹었네요","polarity":{"com":0.0023809523341269843,"pos":0.3095238094365079,"neg":0.514285714504762,"neut":0.028571428342857145,"none":0.14523809538174604},"intensity":{"high":0.04761904766666666,"low":0.10952380933333332,"meium":0.6976190476666666,"none":0.14523809533333332},"expressive":{"dir-action":0,"dir-explicit":0.13333333328888888,"dir-speech":0.48095238083968256,"indirect":0.24285714291904759,"writing-device":0.14285714295238094}},{"id":"네네치킨-공릉점","permalink":"","username":"asdfg","text":"항상 맛나게 잘 먹고 있어요 ㅋ","date":"Mon Dec 10 23:59:44 +0000 2018","retweets":"30","favorites":"20","mentions":[],"hashtags":[],"geo":"","raw":"항상 맛나게 잘 먹고 있어요 ㅋ","polarity":{"com":0,"pos":0.8571428574285714,"neg":0.10714285705357143,"neut":0.035714285517857144,"none":0},"intensity":{"high":0,"low":0.107142857,"meium":0.8928571430000001,"none":0},"expressive":{"dir-action":0,"dir-explicit":0.357142857,"dir-speech":0.3214285715,"indirect":0.3214285715,"writing-device":0}},{"id":"네네치킨-공릉점","permalink":"","username":"asdfg","text":"제 입맛엔 그냥 그렇네여","date":"Mon Dec 10 23:59:44 +0000 2018","retweets":"30","favorites":"20","mentions":[],"hashtags":[],"geo":"","raw":"제 입맛엔 그냥 그렇네여","polarity":{"com":0,"pos":0.18915343906305113,"neg":0.6693121695564374,"neut":0.031746031677248675,"none":0.10978835970326277},"intensity":{"high":0.12169312166666668,"low":0.134920635,"meium":0.6335978836666667,"none":0.10978835966666668},"expressive":{"dir-action":0,"dir-explicit":0.08068783069356261,"dir-speech":0.6666666668888889,"indirect":0.1375661373791887,"writing-device":0.1150793650383598}},{"id":"네네치킨-공릉점","permalink":"","username":"asdfg","text":"나쁘지 않았습니다. 양념은 생각보다 많이짜고 답니다.","date":"Mon Dec 10 23:59:44 +0000 2018","retweets":"30","favorites":"20","mentions":[],"hashtags":[],"geo":"","raw":"나쁘지 않았습니다. 양념은 생각보다 많이짜고 답니다.","polarity":{"com":0.0056497176666666675,"pos":0.22975517866666664,"neg":0.7049591966666666,"neut":0.048336472,"none":0.011299434999999998},"intensity":{"high":0.14500941604833648,"low":0.23038292541012761,"meium":0.6133082235377695,"none":0.011299435003766477},"expressive":{"dir-action":0,"dir-explicit":0.2755806653333333,"dir-speech":0.3716258633333333,"indirect":0.34149403633333336,"writing-device":0.011299434999999998}},{"id":"네네치킨-공릉점","permalink":"","username":"asdfg","text":"배달이 놀랄만큼 빨랐어요ㅎㅎ\n맛도 완젼~~~맛있었어요\n콜라를 사이다로 바꿔달라고 요청했는데 사이다로 잘 왔어요~~주문할때 사이다도 선택할 수 있으면 좋겠어요^-^","date":"Mon Dec 10 23:59:44 +0000 2018","retweets":"30","favorites":"20","mentions":[],"hashtags":[],"geo":"","raw":"배달이 놀랄만큼 빨랐어요ㅎㅎ\n맛도 완젼~~~맛있었어요\n콜라를 사이다로 바꿔달라고 요청했는데 사이다로 잘 왔어요~~주문할때 사이다도 선택할 수 있으면 좋겠어요^-^","polarity":{"com":0.011405578867427034,"pos":0.567196977237813,"neg":0.19424834687961653,"neut":0.10023767867334915,"none":0.12691141834179406},"intensity":{"high":0.14048727613333334,"low":0.06634090053333333,"meium":0.6661170357999999,"none":0.12705478753333332},"expressive":{"dir-action":0.0012793644664107942,"dir-explicit":0.32160229786901284,"dir-speech":0.349386708063456,"indirect":0.20087177329315897,"writing-device":0.12685985630796137}},{"id":"네네치킨-공릉점","permalink":"","username":"asdfg","text":"네네치킨은 항상 맛있네요","date":"Mon Dec 10 23:59:44 +0000 2018","retweets":"30","favorites":"20","mentions":[],"hashtags":[],"geo":"","raw":"네네치킨은 항상 맛있네요","polarity":{"com":0.01327499,"pos":0.24718437266666668,"neg":0.612366604,"neut":0.04180052433333333,"none":0.085373509},"intensity":{"high":0.0763819650509213,"low":0.07243085538162057,"meium":0.7658136705105425,"none":0.08537350905691567},"expressive":{"dir-action":0,"dir-explicit":0.22982903166666668,"dir-speech":0.5873121376666667,"indirect":0.09094937399999999,"writing-device":0.09190945666666667}},{"id":"네네치킨-공릉점","permalink":"","username":"asdfg","text":"특별한맛 없는 그냥 조금 매콤한치킨","date":"Mon Dec 10 23:59:44 +0000 2018","retweets":"30","favorites":"20","mentions":[],"hashtags":[],"geo":"","raw":"특별한맛 없는 그냥 조금 매콤한치킨","polarity":{"com":0.010844715750000001,"pos":0.53218541125,"neg":0.4147486195,"neut":0.029226000250000002,"none":0.012995253250000002},"intensity":{"high":0.063474765,"low":0.050053279,"meium":0.8721883175,"none":0.0142836385},"expressive":{"dir-action":0.0023636540000000006,"dir-explicit":0.15657270175000002,"dir-speech":0.5961784365,"indirect":0.23113920375000002,"writing-device":0.013746004000000001}},{"id":"네네치킨-공릉점","permalink":"","username":"asdfg","text":"언제나 맛이있죠!","date":"Mon Dec 10 23:59:44 +0000 2018","retweets":"30","favorites":"20","mentions":[],"hashtags":[],"geo":"","raw":"언제나 맛이있죠!","polarity":{"com":0.0044642855,"pos":0.669642857,"neg":0.080357143,"neut":0.017857143,"none":0.2276785715},"intensity":{"high":0.0223214285,"low":0.0267857145,"meium":0.7232142855,"none":0.2276785715},"expressive":{"dir-action":0,"dir-explicit":0.0982142855,"dir-speech":0.6026785715,"indirect":0.0714285715,"writing-device":0.2276785715}},{"id":"네네치킨-공릉점","permalink":"","username":"asdfg","text":"콜라를 안주시네요 아니 안주시네요 ㅠㅠㅠ 근데 맛있네요","date":"Mon Dec 10 23:59:44 +0000 2018","retweets":"30","favorites":"20","mentions":[],"hashtags":[],"geo":"","raw":"콜라를 안주시네요 아니 안주시네요 ㅠㅠㅠ 근데 맛있네요","polarity":{"com":0.0089171974,"pos":0.20683265779999999,"neg":0.338969311,"neut":0.42709901559999996,"none":0.018181818199999998},"intensity":{"high":0.0449334106,"low":0.060567458,"meium":0.47631731320000004,"none":0.4181818182},"expressive":{"dir-action":0.0025477707984713376,"dir-explicit":0.5335263460798841,"dir-speech":0.336421540198147,"indirect":0.08986682114607991,"writing-device":0.037637521777417485}},{"id":"네네치킨-공릉점","permalink":"","username":"asdfg","text":"맛난다이","date":"Mon Dec 10 23:59:44 +0000 2018","retweets":"30","favorites":"20","mentions":[],"hashtags":[],"geo":"","raw":"맛난다이이이이이이이이이이","polarity":{"com":null,"pos":null,"neg":null,"neut":null,"none":null},"intensity":{"high":null,"low":null,"meium":null,"none":null},"expressive":{"dir-action":null,"dir-explicit":null,"dir-speech":null,"indirect":null,"writing-device":null}},{"id":"네네치킨-공릉점","permalink":"","username":"asdfg","text":"닭 사이즈가 작았지만 맛있고 배달도 빨랐어욤","date":"Mon Dec 10 23:59:44 +0000 2018","retweets":"30","favorites":"20","mentions":[],"hashtags":[],"geo":"","raw":"닭 사이즈가 작았지만 맛있고 배달도 빨랐어욤","polarity":{"com":0.0035714286,"pos":0.6821428572,"neg":0.2928571428,"neut":0.0160714286,"none":0.0053571428},"intensity":{"high":0.0321428572,"low":0.08809523799999998,"meium":0.8726190476,"none":0.007142857199999998},"expressive":{"dir-action":0,"dir-explicit":0.075,"dir-speech":0.4625,"indirect":0.45714285720000003,"writing-device":0.0053571428}},{"id":"네네치킨-공릉점","permalink":"","username":"asdfg","text":"생각보다 배달도 빠르고\n맛나용","date":"Mon Dec 10 23:59:44 +0000 2018","retweets":"30","favorites":"20","mentions":[],"hashtags":[],"geo":"","raw":"생각보다 배달도 빠르고\n맛나용","polarity":{"com":0,"pos":0.84375,"neg":0.08333333325,"neut":0.0625,"none":0.01041666675},"intensity":{"high":0.020833333250000002,"low":0.14583333325000003,"meium":0.8229166667500001,"none":0.010416666750000001},"expressive":{"dir-action":0,"dir-explicit":0.09375,"dir-speech":0.61458333325,"indirect":0.28125,"writing-device":0.01041666675}},{"id":"네네치킨-공릉점","permalink":"","username":"asdfg","text":"음..그럭저럭 괜찮았어요.","date":"Mon Dec 10 23:59:44 +0000 2018","retweets":"30","favorites":"20","mentions":[],"hashtags":[],"geo":"","raw":"음..그럭저럭 괜찮았어요.","polarity":{"com":null,"pos":null,"neg":null,"neut":null,"none":null},"intensity":{"high":null,"low":null,"meium":null,"none":null},"expressive":{"dir-action":null,"dir-explicit":null,"dir-speech":null,"indirect":null,"writing-device":null}},{"id":"네네치킨-공릉점","permalink":"","username":"asdfg","text":"맛있어요~~~~~~","date":"Mon Dec 10 23:59:44 +0000 2018","retweets":"30","favorites":"20","mentions":[],"hashtags":[],"geo":"","raw":"맛있어요~~~~~~","polarity":{"com":0,"pos":0,"neg":1,"neut":0,"none":0},"intensity":{"high":0,"low":0,"meium":1,"none":0},"expressive":{"dir-action":0,"dir-explicit":0,"dir-speech":1,"indirect":0,"writing-device":0}},{"id":"네네치킨-공릉점","permalink":"","username":"asdfg","text":"맛있게 잘먹었습니당","date":"Mon Dec 10 23:59:44 +0000 2018","retweets":"30","favorites":"20","mentions":[],"hashtags":[],"geo":"","raw":"맛있게 잘먹었습니당","polarity":{"com":0,"pos":0.35714285717857136,"neg":0.6071428573035714,"neut":0.03571428551785714,"none":0},"intensity":{"high":0,"low":0.107142857,"meium":0.8928571430000001,"none":0},"expressive":{"dir-action":0,"dir-explicit":0.107142857,"dir-speech":0.5714285715,"indirect":0.3214285715,"writing-device":0}},{"id":"네네치킨-공릉점","permalink":"","username":"asdfg","text":"맛: 네네악개라 어디가서든 네네만먹는데 여태 지점중 가장맛없음 ㅏㅋㅋㅋㅋ 시즈닝 다뭉쳐있었고 + 한번튀긴치킨 다시튀긴맛남 튀김옷은 딱딱하고 살은 다식어있었음\n\n배달: 40분만에옴 그것도 주문이랑 다른치킨 배달해서 기다린시간포함하면 1시간 그냥넘어감^^\n\n양: 타지점 네네와 비슷함\n\n공/릉은 잠시 방문한거라 다시는 공/릉점네네 시킬일은 없겠지만 공/릉동주민분들은 여기시켜먹는거 다시생각해보세요^^한시간 넘게 기다려서 도착한건 다식어빠지고 지들끼리 뭉쳐서 떡된치킨이랑 성의없는 미안하다 한마디뿐ㅋㅋㅋㅋ캬 서비스마인드 십상타치죠?","date":"Mon Dec 10 23:59:44 +0000 2018","retweets":"30","favorites":"20","mentions":[],"hashtags":[],"geo":"","raw":"맛: 네네악개라 어디가서든 네네만먹는데 여태 지점중 가장맛없음 ㅏㅋㅋㅋㅋ 시즈닝 다뭉쳐있었고 + 한번튀긴치킨 다시튀긴맛남 튀김옷은 딱딱하고 살은 다식어있었음\n\n배달: 40분만에옴 그것도 주문이랑 다른치킨 배달해서 기다린시간포함하면 1시간 그냥넘어감^^\n\n양: 타지점 네네와 비슷함\n\n공/릉은 잠시 방문한거라 다시는 공/릉점네네 시킬일은 없겠지만 공/릉동주민분들은 여기시켜먹는거 다시생각해보세요^^한시간 넘게 기다려서 도착한건 다식어빠지고 지들끼리 뭉쳐서 떡된치킨이랑 성의없는 미안하다 한마디뿐ㅋㅋㅋㅋ캬 서비스마인드 십상타치죠?","polarity":{"com":0.05735761068852383,"pos":0.4513383988020132,"neg":0.3726430982499076,"neut":0.08003023119921687,"none":0.03863066106033847},"intensity":{"high":0.1044289802765574,"low":0.15582636231678093,"meium":0.700105733209806,"none":0.03963892419685567},"expressive":{"dir-action":0.014599609117933326,"dir-explicit":0.19534705594500687,"dir-speech":0.48449493385263714,"indirect":0.2558613227305071,"writing-device":0.04969707835391563}},{"id":"네네치킨-공릉점","permalink":"","username":"asdfg","text":"아이들이 좋아해요 맛있어요","date":"Mon Dec 10 23:59:44 +0000 2018","retweets":"30","favorites":"20","mentions":[],"hashtags":[],"geo":"","raw":"아이들이 좋아해요 맛있어요","polarity":{"com":0,"pos":0.5,"neg":0.5,"neut":0,"none":0},"intensity":{"high":0,"low":0,"meium":1,"none":0},"expressive":{"dir-action":0,"dir-explicit":0,"dir-speech":0.75,"indirect":0.25,"writing-device":0}},{"id":"네네치킨-공릉점","permalink":"","username":"asdfg","text":"맛이났음 맛이나허허","date":"Mon Dec 10 23:59:44 +0000 2018","retweets":"30","favorites":"20","mentions":[],"hashtags":[],"geo":"","raw":"맛이났음 맛이나허허","polarity":{"com":0,"pos":0.5535714285,"neg":0.3964285715,"neut":0,"none":0.05},"intensity":{"high":0.06785714275,"low":0.05,"meium":0.8321428572499999,"none":0.05},"expressive":{"dir-action":0,"dir-explicit":0.1035714285,"dir-speech":0.46071428575,"indirect":0.28571428575,"writing-device":0.15}},{"id":"네네치킨-공릉점","permalink":"","username":"asdfg","text":"맛있어요 ㅋㅋㅋ 이사와서고 기존 시키던데만 시켰는데 상한듯한게 와서 이제 공릉점 이용하려구요~~","date":"Mon Dec 10 23:59:44 +0000 2018","retweets":"30","favorites":"20","mentions":[],"hashtags":[],"geo":"","raw":"맛있어요 ㅋㅋㅋ 이사와서고 기존 시키던데만 시켰는데 상한듯한게 와서 이제 공릉점 이용하려구요~~","polarity":{"com":0.03918757466666667,"pos":0.5352678982222222,"neg":0.3219511074444445,"neut":0.06345005055555557,"none":0.04014336911111111},"intensity":{"high":0.1111157062345684,"low":0.09780351067753372,"meium":0.7506984653056331,"none":0.0403823177822647},"expressive":{"dir-action":0.0007168458888888887,"dir-explicit":0.4690745336666666,"dir-speech":0.4059553349999999,"indirect":0.08410991633333333,"writing-device":0.040143369111111105}},{"id":"네네치킨-공릉점","permalink":"","username":"asdfg","text":"언제나 실망시키지않는 네네칰힌!","date":"Mon Dec 10 23:59:44 +0000 2018","retweets":"30","favorites":"20","mentions":[],"hashtags":[],"geo":"","raw":"언제나 실망시키지않는 네네칰힌!","polarity":{"com":0,"pos":0.444444444,"neg":0.555555556,"neut":0,"none":0},"intensity":{"high":0.1666666668333333,"low":0.05555555594444444,"meium":0.7777777772222222,"none":0},"expressive":{"dir-action":0.055555556,"dir-explicit":0.388888889,"dir-speech":0.222222222,"indirect":0.333333333,"writing-device":0}},{"id":"네네치킨-공릉점","permalink":"","username":"asdfg","text":"친절한 배달과 맛있는 치킨 잘 먹었습니다 \n맛있어요!!","date":"Mon Dec 10 23:59:44 +0000 2018","retweets":"30","favorites":"20","mentions":[],"hashtags":[],"geo":"","raw":"친절한 배달과 맛있는 치킨 잘 먹었습니다 \n맛있어요!!","polarity":{"com":0.004838709751209677,"pos":0.5576036866394009,"neg":0.3917434715979358,"neut":0.03882488475970621,"none":0.006989247251747312},"intensity":{"high":0.0349462365,"low":0.0826036865,"meium":0.8749231952500001,"none":0.00752688175},"expressive":{"dir-action":0.00161290325,"dir-explicit":0.13206605225,"dir-speech":0.6093701997500001,"indirect":0.2499615975,"writing-device":0.00698924725}},{"id":"네네치킨-공릉점","permalink":"","username":"asdfg","text":"항상 실망시키지 않습니다","date":"Mon Dec 10 23:59:44 +0000 2018","retweets":"30","favorites":"20","mentions":[],"hashtags":[],"geo":"","raw":"항상 실망시키지 않습니다","polarity":{"com":0,"pos":0.722222222,"neg":0.277777778,"neut":0,"none":0},"intensity":{"high":0.08333333345833333,"low":0.02777777798611111,"meium":0.8888888885555555,"none":0},"expressive":{"dir-action":0.027777778,"dir-explicit":0.4444444445,"dir-speech":0.361111111,"indirect":0.1666666665,"writing-device":0}},{"id":"네네치킨-공릉점","permalink":"","username":"asdfg","text":"이전리뷰에도말씀드렸지만 핫후라이치킨둔비해주시어","date":"Mon Dec 10 23:59:44 +0000 2018","retweets":"30","favorites":"20","mentions":[],"hashtags":[],"geo":"","raw":"이전리뷰에도말씀드렸지만 핫후라이치킨둔비해주시어","polarity":{"com":0.00178571425,"pos":0.3035714285,"neg":0.58214285725,"neut":0.0035714285,"none":0.1089285715},"intensity":{"high":0.41071428575,"low":0.0285714285,"meium":0.45178571425,"none":0.1089285715},"expressive":{"dir-action":0,"dir-explicit":0.17142857145714288,"dir-speech":0.4499999998875,"indirect":0.27142857143214283,"writing-device":0.10714285722321429}},{"id":"네네치킨-공릉점","permalink":"","username":"asdfg","text":"맛있었어요 핫후라이드맛도 늘 준비해주시면 감사","date":"Mon Dec 10 23:59:44 +0000 2018","retweets":"30","favorites":"20","mentions":[],"hashtags":[],"geo":"","raw":"맛있었어요 핫후라이드맛도 늘 준비해주시면 감사","polarity":{"com":0,"pos":0.75,"neg":0.25,"neut":0,"none":0},"intensity":{"high":0.25,"low":0,"meium":0.75,"none":0},"expressive":{"dir-action":0,"dir-explicit":0.25,"dir-speech":0.75,"indirect":0,"writing-device":0}},{"id":"네네치킨-공릉점","permalink":"","username":"asdfg","text":"확실히 마일드보다는 매운맛이 더좋네요^^\n맛있게 먹었습니다","date":"Mon Dec 10 23:59:44 +0000 2018","retweets":"30","favorites":"20","mentions":[],"hashtags":[],"geo":"","raw":"확실히 마일드보다는 매운맛이 더좋네요^^\n맛있게 먹었습니다","polarity":{"com":0,"pos":0.3301587300660317,"neg":0.634920635126984,"neut":0.019047619003809524,"none":0.015873015803174604},"intensity":{"high":0.028571428600000004,"low":0.092063492,"meium":0.8634920636000001,"none":0.0158730158},"expressive":{"dir-action":0,"dir-explicit":0.2761904762,"dir-speech":0.6888888889999998,"indirect":0.015873015799999998,"writing-device":0.019047618999999995}},{"id":"네네치킨-공릉점","permalink":"","username":"asdfg","text":"배송도 빠르고 맛있게 잘먹었습니다","date":"Mon Dec 10 23:59:44 +0000 2018","retweets":"30","favorites":"20","mentions":[],"hashtags":[],"geo":"","raw":"배송도 빠르고 맛있게 잘먹었습니다","polarity":{"com":0.0023809523341269843,"pos":0.3095238094365079,"neg":0.514285714504762,"neut":0.028571428342857145,"none":0.14523809538174604},"intensity":{"high":0.04761904766666666,"low":0.10952380933333332,"meium":0.6976190476666666,"none":0.14523809533333332},"expressive":{"dir-action":0,"dir-explicit":0.13333333328888888,"dir-speech":0.48095238083968256,"indirect":0.24285714291904759,"writing-device":0.14285714295238094}},{"id":"네네치킨-공릉점","permalink":"","username":"asdfg","text":"맛있게 잘먹었습니다~","date":"Mon Dec 10 23:59:44 +0000 2018","retweets":"30","favorites":"20","mentions":[],"hashtags":[],"geo":"","raw":"맛있게 잘먹었습니다~","polarity":{"com":0,"pos":0.35714285717857136,"neg":0.6071428573035714,"neut":0.03571428551785714,"none":0},"intensity":{"high":0,"low":0.107142857,"meium":0.8928571430000001,"none":0},"expressive":{"dir-action":0,"dir-explicit":0.107142857,"dir-speech":0.5714285715,"indirect":0.3214285715,"writing-device":0}},{"id":"네네치킨-공릉점","permalink":"","username":"asdfg","text":"처음 먹었는데 너무 짜요 ㅠㅠㅠㅠ 저 짠거 좋아하고 다른 치킨도 잘먹는데 이건 너무 짜서 놀랐어요 ㅠㅠㅠ","date":"Mon Dec 10 23:59:44 +0000 2018","retweets":"30","favorites":"20","mentions":[],"hashtags":[],"geo":"","raw":"처음 먹었는데 너무 짜요 ㅠㅠㅠㅠ 저 짠거 좋아하고 다른 치킨도 잘먹는데 이건 너무 짜서 놀랐어요 ㅠㅠㅠ","polarity":{"com":0.05095445588888889,"pos":0.22009544555555557,"neg":0.4800705467777778,"neut":0.15990247944444447,"none":0.08897707233333334},"intensity":{"high":0.11116298369136957,"low":0.11525054458116679,"meium":0.6846093993743576,"none":0.08897707235310602},"expressive":{"dir-action":0,"dir-explicit":0.3246083618167537,"dir-speech":0.3089324619313484,"indirect":0.22054154995099076,"writing-device":0.14591762630090718}},{"id":"네네치킨-공릉점","permalink":"","username":"asdfg","text":"늘 먹던거라..말이 필요없지요~👍","date":"Mon Dec 10 23:59:44 +0000 2018","retweets":"30","favorites":"20","mentions":[],"hashtags":[],"geo":"","raw":"늘 먹던거라..말이 필요없지요~👍","polarity":{"com":0,"pos":0.11111111100000003,"neg":0.888888889,"neut":0,"none":0},"intensity":{"high":0.20370370366666668,"low":0.07407407399999999,"meium":0.7222222223333333,"none":0},"expressive":{"dir-action":0,"dir-explicit":0.2407407406666667,"dir-speech":0.5925925926666666,"indirect":0.16666666666666669,"writing-device":0}},{"id":"네네치킨-공릉점","permalink":"","username":"asdfg","text":"65분걸리다고해놓고 90분 넘어서 왔네요 .....배달 진짜 오래 걸려요.  배달 느린거 참고하는게 좋을듯해요","date":"Mon Dec 10 23:59:44 +0000 2018","retweets":"30","favorites":"20","mentions":[],"hashtags":[],"geo":"","raw":"65분걸리다고해놓고 90분 넘어서 왔네요 .....배달 진짜 오래 걸려요.  배달 느린거 참고하는게 좋을듯해요","polarity":{"com":0.0030849091996915084,"pos":0.3365440639663456,"neg":0.5930811198406919,"neut":0.044953978195504604,"none":0.0223359287977664},"intensity":{"high":0.1379269599724146,"low":0.15685731406862852,"meium":0.6815153180636969,"none":0.023700407895259915},"expressive":{"dir-action":0.0017945866001794581,"dir-explicit":0.18302093911830206,"dir-speech":0.38054863563805486,"indirect":0.35885163403588516,"writing-device":0.0757842046075784}},{"id":"네네치킨-공릉점","permalink":"","username":"asdfg","text":"한시간넘었는데 안오네요... 전화두 안받고.. 비오고 힘드신건 알겠지만 한시간은.. ㅜ","date":"Mon Dec 10 23:59:44 +0000 2018","retweets":"30","favorites":"20","mentions":[],"hashtags":[],"geo":"","raw":"한시간넘었는데 안오네요... 전화두 안받고.. 비오고 힘드신건 알겠지만 한시간은.. ㅜ","polarity":{"com":0.0019157088330140487,"pos":0.37939742243676716,"neg":0.5130725357478213,"neut":0.04747910132542015,"none":0.05813523165697747},"intensity":{"high":0.18361415880273096,"low":0.16248693847291884,"meium":0.5938479622343587,"none":0.06005094048999151},"expressive":{"dir-action":0.001915708833652618,"dir-explicit":0.2840800243806801,"dir-speech":0.29971046671661844,"indirect":0.32484326022080723,"writing-device":0.08945053984824175}},{"id":"네네치킨-공릉점","permalink":"","username":"asdfg","text":"배달이 조금 늦었지만 잘먹었습니다","date":"Mon Dec 10 23:59:44 +0000 2018","retweets":"30","favorites":"20","mentions":[],"hashtags":[],"geo":"","raw":"배달이 조금 늦었지만 잘먹었습니다","polarity":{"com":0,"pos":0.5714285715238094,"neg":0.23809523807936508,"neut":0.1904761903968254,"none":0},"intensity":{"high":0,"low":0.238095238,"meium":0.761904762,"none":0},"expressive":{"dir-action":0,"dir-explicit":0.4047619046666666,"dir-speech":0.38095238099999995,"indirect":0.2142857143333333,"writing-device":0}},{"id":"네네치킨-공릉점","permalink":"","username":"asdfg","text":"스노윙 치즈 가루가 좀 흡수되서 왔어요 기름에ㅠ","date":"Mon Dec 10 23:59:44 +0000 2018","retweets":"30","favorites":"20","mentions":[],"hashtags":[],"geo":"","raw":"스노윙 치즈 가루가 좀 흡수되서 왔어요 기름에ㅠ","polarity":{"com":0.005952381,"pos":0.7559523810000001,"neg":0.15476190466666667,"neut":0.074404762,"none":0.008928571333333333},"intensity":{"high":0.148809524,"low":0.08333333333333333,"meium":0.7559523806666667,"none":0.011904762},"expressive":{"dir-action":0,"dir-explicit":0.6011904761329365,"dir-speech":0.2470238095843254,"indirect":0.14285714295238094,"writing-device":0.008928571330357142}},{"id":"네네치킨-공릉점","permalink":"","username":"asdfg","text":"ㅋㅋㅋㅋㅋ 도착!! 맛잇게먹겟슴돠~","date":"Mon Dec 10 23:59:44 +0000 2018","retweets":"30","favorites":"20","mentions":[],"hashtags":[],"geo":"","raw":"ㅋㅋㅋㅋㅋ 도착!! 맛잇게먹겟슴돠~","polarity":{"com":0,"pos":0.6666666665000001,"neg":0.3333333335,"neut":0,"none":0},"intensity":{"high":0.0555555555,"low":0.111111111,"meium":0.8333333334999999,"none":0},"expressive":{"dir-action":0,"dir-explicit":0.111111111,"dir-speech":0.888888889,"indirect":0,"writing-device":0}},{"id":"네네치킨-공릉점","permalink":"","username":"asdfg","text":"1인1닭 해버렸자너~","date":"Mon Dec 10 23:59:44 +0000 2018","retweets":"30","favorites":"20","mentions":[],"hashtags":[],"geo":"","raw":"1인1닭 해버렸자너~","polarity":{"com":0,"pos":1,"neg":0,"neut":0,"none":0},"intensity":{"high":0,"low":0.5,"meium":0.5,"none":0},"expressive":{"dir-action":0,"dir-explicit":0,"dir-speech":0.5,"indirect":0.5,"writing-device":0}},{"id":"네네치킨-공릉점","permalink":"","username":"asdfg","text":"네네치킨은 항상 옳아요!","date":"Mon Dec 10 23:59:44 +0000 2018","retweets":"30","favorites":"20","mentions":[],"hashtags":[],"geo":"","raw":"네네치킨은 항상 옳아요!","polarity":{"com":0.019912485000000004,"pos":0.37077655900000006,"neg":0.418549906,"neut":0.06270078650000001,"none":0.12806026350000002},"intensity":{"high":0.11457294761457294,"low":0.10864628310864628,"meium":0.6487205056487205,"none":0.12806026362806025},"expressive":{"dir-action":0,"dir-explicit":0.3447435475,"dir-speech":0.3809682065,"indirect":0.13642406099999999,"writing-device":0.137864185}},{"id":"네네치킨-공릉점","permalink":"","username":"asdfg","text":"굿굿 맛있어요~~~","date":"Mon Dec 10 23:59:44 +0000 2018","retweets":"30","favorites":"20","mentions":[],"hashtags":[],"geo":"","raw":"굿굿 맛있어요~~~","polarity":{"com":0,"pos":0.5,"neg":0.5,"neut":0,"none":0},"intensity":{"high":0,"low":0,"meium":1,"none":0},"expressive":{"dir-action":0,"dir-explicit":0,"dir-speech":0.5,"indirect":0.5,"writing-device":0}},{"id":"네네치킨-공릉점","permalink":"","username":"asdfg","text":"맛잇게 잘먹엇습니다.","date":"Mon Dec 10 23:59:44 +0000 2018","retweets":"30","favorites":"20","mentions":[],"hashtags":[],"geo":"","raw":"맛잇게 잘먹엇습니다.","polarity":{"com":0,"pos":1,"neg":0,"neut":0,"none":0},"intensity":{"high":0,"low":0,"meium":1,"none":0},"expressive":{"dir-action":0,"dir-explicit":0,"dir-speech":1,"indirect":0,"writing-device":0}},{"id":"네네치킨-공릉점","permalink":"","username":"asdfg","text":"순살 시켰는데 포크로 먹기도 좋고 맛도 좋아요!","date":"Mon Dec 10 23:59:44 +0000 2018","retweets":"30","favorites":"20","mentions":[],"hashtags":[],"geo":"","raw":"순살 시켰는데 포크로 먹기도 좋고 맛도 좋아요!","polarity":{"com":0,"pos":0.7506666666,"neg":0.2413333334,"neut":0,"none":0.008},"intensity":{"high":0.062222222199999996,"low":0.0524444444,"meium":0.8773333334,"none":0.008},"expressive":{"dir-action":0,"dir-explicit":0.46444444439999993,"dir-speech":0.3955555556,"indirect":0.132,"writing-device":0.008}},{"id":"네네치킨-공릉점","permalink":"","username":"asdfg","text":"치즈스노윙은 흠잡을때가 없죠 배달도 빠르고 추우신데 늘 감사합니다","date":"Mon Dec 10 23:59:44 +0000 2018","retweets":"30","favorites":"20","mentions":[],"hashtags":[],"geo":"","raw":"치즈스노윙은 흠잡을때가 없죠 배달도 빠르고 추우신데 늘 감사합니다","polarity":{"com":0.006061104832323149,"pos":0.5348610579108565,"neg":0.3715795202714034,"neut":0.05919487782346752,"none":0.028303439161949426},"intensity":{"high":0.30741273428209787,"low":0.1874092484687651,"meium":0.47525645508745723,"none":0.029921562161679738},"expressive":{"dir-action":0,"dir-explicit":0.19431722916666663,"dir-speech":0.4556588713333333,"indirect":0.3168660913333333,"writing-device":0.033157808166666664}},{"id":"네네치킨-공릉점","permalink":"","username":"asdfg","text":"빨리와서 굿!잘먹었습니다","date":"Mon Dec 10 23:59:44 +0000 2018","retweets":"30","favorites":"20","mentions":[],"hashtags":[],"geo":"","raw":"빨리와서 굿!잘먹었습니다","polarity":{"com":0,"pos":0.7380952382460317,"neg":0.23809523807936508,"neut":0.023809523674603175,"none":0},"intensity":{"high":0,"low":0.07142857133333333,"meium":0.9285714286666668,"none":0},"expressive":{"dir-action":0,"dir-explicit":0.238095238,"dir-speech":0.047619047666666664,"indirect":0.7142857143333333,"writing-device":0}},{"id":"네네치킨-공릉점","permalink":"","username":"asdfg","text":"먹다가 찍어서 사진이 안예쁘지만 맛은 최고였어요! 룸메랑 순삭함ㅋㅋㅋㅋㅋ","date":"Mon Dec 10 23:59:44 +0000 2018","retweets":"30","favorites":"20","mentions":[],"hashtags":[],"geo":"","raw":"먹다가 찍어서 사진이 안예쁘지만 맛은 최고였어요! 룸메랑 순삭함ㅋㅋㅋㅋㅋ","polarity":{"com":0,"pos":0.7638888888333333,"neg":0.20486111116666664,"neut":0.020833333333333332,"none":0.010416666666666666},"intensity":{"high":0.2372685185,"low":0.037037037,"meium":0.7152777778333332,"none":0.010416666666666666},"expressive":{"dir-action":0,"dir-explicit":0.318287037,"dir-speech":0.3275462963333334,"indirect":0.3333333333333333,"writing-device":0.020833333333333332}},{"id":"네네치킨-공릉점","permalink":"","username":"asdfg","text":"주문시간 생각보다 늦게 오는데 기다린 보람은 있네요","date":"Mon Dec 10 23:59:44 +0000 2018","retweets":"30","favorites":"20","mentions":[],"hashtags":[],"geo":"","raw":"주문시간 생각보다 늦게 오는데 기다린 보람은 있네요","polarity":{"com":0.0012755101428571429,"pos":0.6530612244285714,"neg":0.21343537414285718,"neut":0.06122448985714286,"none":0.07100340142857144},"intensity":{"high":0.05909863942857142,"low":0.06377551028571428,"meium":0.8061224488571429,"none":0.07100340142857144},"expressive":{"dir-action":0,"dir-explicit":0.2857142856734694,"dir-speech":0.29889455781444363,"indirect":0.34438775509365893,"writing-device":0.07100340141842809}},{"id":"네네치킨-공릉점","permalink":"","username":"asdfg","text":"맛있어요\n배달도 신속하구요","date":"Mon Dec 10 23:59:44 +0000 2018","retweets":"30","favorites":"20","mentions":[],"hashtags":[],"geo":"","raw":"맛있어요\n배달도 신속하구요","polarity":{"com":0.006451612999999999,"pos":0.267281106,"neg":0.6889912953333334,"neut":0.027956989333333335,"none":0.009318996333333334},"intensity":{"high":0.1894521249368493,"low":0.13394777262201737,"meium":0.6665642601111451,"none":0.010035842329988052},"expressive":{"dir-action":0.0021505376666666664,"dir-explicit":0.19989759366666665,"dir-speech":0.47916026633333325,"indirect":0.309472606,"writing-device":0.009318996333333333}},{"id":"네네치킨-공릉점","permalink":"","username":"asdfg","text":"친구들이랑 다같이 맛있게 먹었어요!","date":"Mon Dec 10 23:59:44 +0000 2018","retweets":"30","favorites":"20","mentions":[],"hashtags":[],"geo":"","raw":"친구들이랑 다같이 맛있게 먹었어요!","polarity":{"com":0,"pos":0.3333333333333333,"neg":0.5555555556666666,"neut":0,"none":0.111111111},"intensity":{"high":0.037037037,"low":0.074074074,"meium":0.7777777779999999,"none":0.111111111},"expressive":{"dir-action":0.22222222233333333,"dir-explicit":0.074074074,"dir-speech":0.5925925926666666,"indirect":0,"writing-device":0.111111111}},{"id":"네네치킨-공릉점","permalink":"","username":"asdfg","text":"맛있어요 잘먹었어요~~~","date":"Mon Dec 10 23:59:44 +0000 2018","retweets":"30","favorites":"20","mentions":[],"hashtags":[],"geo":"","raw":"맛있어요 잘먹었어요~~~","polarity":{"com":0,"pos":0.35714285717857136,"neg":0.6071428573035714,"neut":0.03571428551785714,"none":0},"intensity":{"high":0,"low":0.107142857,"meium":0.8928571430000001,"none":0},"expressive":{"dir-action":0,"dir-explicit":0.107142857,"dir-speech":0.5714285715,"indirect":0.3214285715,"writing-device":0}},{"id":"네네치킨-공릉점","permalink":"","username":"asdfg","text":"매우 맛잇게먹엇습니다 다음에도 시킬게요","date":"Mon Dec 10 23:59:44 +0000 2018","retweets":"30","favorites":"20","mentions":[],"hashtags":[],"geo":"","raw":"매우 맛잇게먹엇습니다 다음에도 시킬게요","polarity":{"com":0.002380952333333333,"pos":0.4047619046666666,"neg":0.44285714299999995,"neut":0.004761904666666666,"none":0.14523809533333332},"intensity":{"high":0.38095238099999995,"low":0.038095238,"meium":0.43571428566666665,"none":0.14523809533333332},"expressive":{"dir-action":0,"dir-explicit":0.17301587294232804,"dir-speech":0.4333333331888889,"indirect":0.2507936509164021,"writing-device":0.14285714295238094}},{"id":"네네치킨-공릉점","permalink":"","username":"asdfg","text":"정말 맛있어요 맵고~~~","date":"Mon Dec 10 23:59:44 +0000 2018","retweets":"30","favorites":"20","mentions":[],"hashtags":[],"geo":"","raw":"정말 맛있어요 맵고~~~","polarity":{"com":0,"pos":0.75,"neg":0,"neut":0,"none":0.25},"intensity":{"high":0.5,"low":0,"meium":0.25,"none":0.25},"expressive":{"dir-action":0,"dir-explicit":0.5,"dir-speech":0.25,"indirect":0,"writing-device":0.25}},{"id":"네네치킨-공릉점","permalink":"","username":"asdfg","text":"스노잉 치즈 맛있어요\n싹싹 비웠습니다","date":"Mon Dec 10 23:59:44 +0000 2018","retweets":"30","favorites":"20","mentions":[],"hashtags":[],"geo":"","raw":"스노잉 치즈 맛있어요\n싹싹 비웠습니다","polarity":{"com":0,"pos":0,"neg":1,"neut":0,"none":0},"intensity":{"high":0,"low":0,"meium":1,"none":0},"expressive":{"dir-action":0,"dir-explicit":0,"dir-speech":1,"indirect":0,"writing-device":0}},{"id":"네네치킨-공릉점","permalink":"","username":"asdfg","text":"동생이 찡찡대서 시켜줬었는데 잘먹더라구요 일단저는만족!","date":"Mon Dec 10 23:59:44 +0000 2018","retweets":"30","favorites":"20","mentions":[],"hashtags":[],"geo":"","raw":"동생이 찡찡대서 시켜줬었는데 잘먹더라구요 일단저는만족!","polarity":{"com":0.007709251003854626,"pos":0.36586602343293295,"neg":0.29068771414534383,"neut":0.06369309828184655,"none":0.272043913136022},"intensity":{"high":0.03436822600859206,"low":0.1461348855365337,"meium":0.5463516538865879,"none":0.2731452345682863},"expressive":{"dir-action":0.0011013215002753302,"dir-explicit":0.19677819729919455,"dir-speech":0.2926893225731724,"indirect":0.2323176700580794,"writing-device":0.27711348856927837}},{"id":"네네치킨-공릉점","permalink":"","username":"asdfg","text":"두번째 시켜먹는데, 무한개 더 달라고 했는데 그냥왔네요. 치킨과 무 양이 좀 적은듯해요. \n치킨맛은 좋아요.","date":"Mon Dec 10 23:59:44 +0000 2018","retweets":"30","favorites":"20","mentions":[],"hashtags":[],"geo":"","raw":"두번째 시켜먹는데, 무한개 더 달라고 했는데 그냥왔네요. 치킨과 무 양이 좀 적은듯해요. \n치킨맛은 좋아요.","polarity":{"com":0.00624447387578056,"pos":0.6440119363305015,"neg":0.3068899205383612,"neut":0.013428381876678549,"none":0.029425287378678163},"intensity":{"high":0.062872089617141,"low":0.06781314474152335,"meium":0.8384526966451934,"none":0.030862068996142245},"expressive":{"dir-action":0.0014367816251795976,"dir-explicit":0.2065465664008183,"dir-speech":0.527792514065974,"indirect":0.23048850577881103,"writing-device":0.03373563212921695}},{"id":"네네치킨-공릉점","permalink":"","username":"asdfg","text":"맛있어요~~ 다음에도 시켜먹을께연","date":"Mon Dec 10 23:59:44 +0000 2018","retweets":"30","favorites":"20","mentions":[],"hashtags":[],"geo":"","raw":"맛있어요~~ 다음에도 시켜먹을께연","polarity":{"com":0.00178571425,"pos":0.13690476175,"neg":0.748809524,"neut":0.0035714285,"none":0.1089285715},"intensity":{"high":0.0634920635,"low":0.084126984,"meium":0.743452381,"none":0.1089285715},"expressive":{"dir-action":0,"dir-explicit":0.10198412697450397,"dir-speech":0.7694444443076388,"indirect":0.02142857149464286,"writing-device":0.10714285722321429}},{"id":"네네치킨-공릉점","permalink":"","username":"asdfg","text":"양념보다 후라이드가 바삭하니 맛났어요","date":"Mon Dec 10 23:59:44 +0000 2018","retweets":"30","favorites":"20","mentions":[],"hashtags":[],"geo":"","raw":"양념보다 후라이드가 바삭하니 맛났어요","polarity":{"com":0.014675698,"pos":0.366276683,"neg":0.4332922825,"neut":0.07466133,"none":0.1110940065},"intensity":{"high":0.1378284074310858,"low":0.11678981944160509,"meium":0.6240763541879618,"none":0.12130541893934728},"expressive":{"dir-action":0.005747126502873564,"dir-explicit":0.2679597701339799,"dir-speech":0.3631465516815733,"indirect":0.2348111661174056,"writing-device":0.1283353855641677}},{"id":"네네치킨-공릉점","permalink":"","username":"asdfg","text":"오리엔탈 파닭 순살을 주문했는데 스노윙이 딱..\n배달하면서 태평양을 건너왔나 서양과 동양의 콜라보레이션으로 도착했네요.\n빠르고 따뜻해서 그냥 먹긴 했습니다만 다음부턴 좀 주의해주세요..","date":"Mon Dec 10 23:59:44 +0000 2018","retweets":"30","favorites":"20","mentions":[],"hashtags":[],"geo":"","raw":"오리엔탈 파닭 순살을 주문했는데 스노윙이 딱..\n배달하면서 태평양을 건너왔나 서양과 동양의 콜라보레이션으로 도착했네요.\n빠르고 따뜻해서 그냥 먹긴 했습니다만 다음부턴 좀 주의해주세요..","polarity":{"com":0.019087679824652218,"pos":0.5686102527393301,"neg":0.32291012301899463,"neut":0.03979842329645874,"none":0.04959352112056432},"intensity":{"high":0.06611460888235293,"low":0.08868158952941177,"meium":0.7942955067647057,"none":0.05090829482352941},"expressive":{"dir-action":0.002957023117994944,"dir-explicit":0.15243525307675712,"dir-speech":0.3793457157505113,"indirect":0.40575733657714785,"writing-device":0.0595046714775888}},{"id":"네네치킨-공릉점","permalink":"","username":"asdfg","text":"항상 전화로 주문하다가 요기요 첫 주문해봤는데 양이 좀 적은 거 같기도 하고.. 치즈는 원래 이렇게 많이 뿌려주는 건가요..","date":"Mon Dec 10 23:59:44 +0000 2018","retweets":"30","favorites":"20","mentions":[],"hashtags":[],"geo":"","raw":"항상 전화로 주문하다가 요기요 첫 주문해봤는데 양이 좀 적은 거 같기도 하고.. 치즈는 원래 이렇게 많이 뿌려주는 건가요..","polarity":{"com":0,"pos":0.6063492063257937,"neg":0.25793650803224205,"neut":0.025793650753224207,"none":0.10992063488874008},"intensity":{"high":0.003968254,"low":0.09920634924999999,"meium":0.786904761875,"none":0.109920634875},"expressive":{"dir-action":0,"dir-explicit":0.410119047625,"dir-speech":0.315277777875,"indirect":0.037698412625,"writing-device":0.236904761875}},{"id":"네네치킨-공릉점","permalink":"","username":"asdfg","text":"맛있네요","date":"Mon Dec 10 23:59:44 +0000 2018","retweets":"30","favorites":"20","mentions":[],"hashtags":[],"geo":"","raw":"맛있네요","polarity":{"com":0,"pos":0,"neg":1,"neut":0,"none":0},"intensity":{"high":0,"low":0,"meium":1,"none":0},"expressive":{"dir-action":0,"dir-explicit":0,"dir-speech":1,"indirect":0,"writing-device":0}},{"id":"네네치킨-공릉점","permalink":"","username":"asdfg","text":"맛..소굿","date":"Mon Dec 10 23:59:44 +0000 2018","retweets":"30","favorites":"20","mentions":[],"hashtags":[],"geo":"","raw":"맛..소굿","polarity":{"com":0,"pos":1,"neg":0,"neut":0,"none":0},"intensity":{"high":0,"low":0,"meium":1,"none":0},"expressive":{"dir-action":0,"dir-explicit":0,"dir-speech":0.5,"indirect":0.5,"writing-device":0}},{"id":"네네치킨-공릉점","permalink":"","username":"asdfg","text":"너무맛잇어요!","date":"Mon Dec 10 23:59:44 +0000 2018","retweets":"30","favorites":"20","mentions":[],"hashtags":[],"geo":"","raw":"너무맛잇어요!","polarity":{"com":0.142857143,"pos":0.142857143,"neg":0.714285714,"neut":0,"none":0},"intensity":{"high":0.142857143,"low":0.142857143,"meium":0.714285714,"none":0},"expressive":{"dir-action":0,"dir-explicit":0.5714285710000001,"dir-speech":0.28571428600000004,"indirect":0.14285714300000002,"writing-device":0}},{"id":"네네치킨-공릉점","permalink":"","username":"asdfg","text":"배달이 빨라요","date":"Mon Dec 10 23:59:44 +0000 2018","retweets":"30","favorites":"20","mentions":[],"hashtags":[],"geo":"","raw":"배달이 빨라요","polarity":{"com":0,"pos":1,"neg":0,"neut":0,"none":0},"intensity":{"high":0,"low":0,"meium":1,"none":0},"expressive":{"dir-action":0,"dir-explicit":0,"dir-speech":1,"indirect":0,"writing-device":0}},{"id":"네네치킨-공릉점","permalink":"","username":"asdfg","text":"빠른 배달 연결 맛있게 잘 먹었어요","date":"Mon Dec 10 23:59:44 +0000 2018","retweets":"30","favorites":"20","mentions":[],"hashtags":[],"geo":"","raw":"빠른 배달 연결 맛있게 잘 먹었어요","polarity":{"com":0,"pos":0.6785714286696428,"neg":0.30357142857589287,"neut":0.017857142754464286,"none":0},"intensity":{"high":0,"low":0.13690476175,"meium":0.86309523825,"none":0},"expressive":{"dir-action":0,"dir-explicit":0.0535714285,"dir-speech":0.53571428575,"indirect":0.41071428575,"writing-device":0}},{"id":"네네치킨-공릉점","permalink":"","username":"asdfg","text":"양념치킨을 시켰는데 후라이드치킨이 왔어요\n가격은 상관없지만 주의좀 해주세요","date":"Mon Dec 10 23:59:44 +0000 2018","retweets":"30","favorites":"20","mentions":[],"hashtags":[],"geo":"","raw":"양념치킨을 시켰는데 후라이드치킨이 왔어요\n가격은 상관없지만 주의좀 해주세요","polarity":{"com":0.00525525525,"pos":0.6403903904999999,"neg":0.08708708699999998,"neut":0.265015015,"none":0.00225225225},"intensity":{"high":0.035285285250000006,"low":0.028528528500000008,"meium":0.933933934,"none":0.002252252250000001},"expressive":{"dir-action":0.0037537537509384393,"dir-explicit":0.1870870870467718,"dir-speech":0.47957957961989495,"indirect":0.32582582583145653,"writing-device":0.003753753750938439}},{"id":"네네치킨-공릉점","permalink":"","username":"asdfg","text":"맛있었어요^^","date":"Mon Dec 10 23:59:44 +0000 2018","retweets":"30","favorites":"20","mentions":[],"hashtags":[],"geo":"","raw":"맛있었어요^^","polarity":{"com":0,"pos":0,"neg":1,"neut":0,"none":0},"intensity":{"high":0,"low":0,"meium":1,"none":0},"expressive":{"dir-action":0,"dir-explicit":0,"dir-speech":1,"indirect":0,"writing-device":0}},{"id":"네네치킨-공릉점","permalink":"","username":"asdfg","text":"맛있어요","date":"Mon Dec 10 23:59:44 +0000 2018","retweets":"30","favorites":"20","mentions":[],"hashtags":[],"geo":"","raw":"맛있어요","polarity":{"com":0,"pos":0,"neg":1,"neut":0,"none":0},"intensity":{"high":0,"low":0,"meium":1,"none":0},"expressive":{"dir-action":0,"dir-explicit":0,"dir-speech":1,"indirect":0,"writing-device":0}},{"id":"네네치킨-공릉점","permalink":"","username":"asdfg","text":"분명 순살시켰는데 순살안옴","date":"Mon Dec 10 23:59:44 +0000 2018","retweets":"30","favorites":"20","mentions":[],"hashtags":[],"geo":"","raw":"분명 순살시켰는데 순살안옴","polarity":{"com":0,"pos":0.375,"neg":0.5,"neut":0.125,"none":0},"intensity":{"high":0.25,"low":0,"meium":0.75,"none":0},"expressive":{"dir-action":0,"dir-explicit":0.5,"dir-speech":0.125,"indirect":0.375,"writing-device":0}},{"id":"네네치킨-공릉점","permalink":"","username":"asdfg","text":"스노윙치즈 쇼킹핫 순살로 반반 맛나요 근데 사이드가 중복으로 2개오네요 다른지점들은 다른걸로오던데ㅎ","date":"Mon Dec 10 23:59:44 +0000 2018","retweets":"30","favorites":"20","mentions":[],"hashtags":[],"geo":"","raw":"스노윙치즈 쇼킹핫 순살로 반반 맛나요 근데 사이드가 중복으로 2개오네요 다른지점들은 다른걸로오던데ㅎ","polarity":{"com":0.0073269775,"pos":0.5005927158750001,"neg":0.34719700025,"neut":0.084718438875,"none":0.0601648675},"intensity":{"high":0.0407376580050922,"low":0.2902626445362828,"meium":0.6077187584509649,"none":0.061280939007660115},"expressive":{"dir-action":0,"dir-explicit":0.16609076550000001,"dir-speech":0.463144420875,"indirect":0.30762375575,"writing-device":0.063141057875}},{"id":"네네치킨-공릉점","permalink":"","username":"asdfg","text":"맛있어요","date":"Mon Dec 10 23:59:44 +0000 2018","retweets":"30","favorites":"20","mentions":[],"hashtags":[],"geo":"","raw":"맛있어요","polarity":{"com":0,"pos":0,"neg":1,"neut":0,"none":0},"intensity":{"high":0,"low":0,"meium":1,"none":0},"expressive":{"dir-action":0,"dir-explicit":0,"dir-speech":1,"indirect":0,"writing-device":0}},{"id":"네네치킨-공릉점","permalink":"","username":"asdfg","text":"어거지로 우걱우걱먹는중.. 시장싸구려맛 ..보다 못한 심사숙고 하시길 어지간해선 휴..","date":"Mon Dec 10 23:59:44 +0000 2018","retweets":"30","favorites":"20","mentions":[],"hashtags":[],"geo":"","raw":"어거지로 우걱우걱먹는중.. 시장싸구려맛 ..보다 못한 심사숙고 하시길 어지간해선 휴..","polarity":{"com":0.0038561364999999998,"pos":0.729746014,"neg":0.21937337787500003,"neut":0.019104560625000003,"none":0.027919911},"intensity":{"high":0.04572982324428378,"low":0.18309850435211272,"meium":0.7415461625323068,"none":0.029625509871296814},"expressive":{"dir-action":0.0022432332502804035,"dir-explicit":0.3579733655447466,"dir-speech":0.4774409838096801,"indirect":0.130112161641264,"writing-device":0.03223025575402878}},{"id":"네네치킨-공릉점","permalink":"","username":"asdfg","text":"굳","date":"Mon Dec 10 23:59:44 +0000 2018","retweets":"30","favorites":"20","mentions":[],"hashtags":[],"geo":"","raw":"굳","polarity":{"com":null,"pos":null,"neg":null,"neut":null,"none":null},"intensity":{"high":null,"low":null,"meium":null,"none":null},"expressive":{"dir-action":null,"dir-explicit":null,"dir-speech":null,"indirect":null,"writing-device":null}},{"id":"네네치킨-공릉점","permalink":"","username":"asdfg","text":"역시 갑! 후라이드 엄청 바삭하고 맛있어요 ❤️배달도 빨랐어요","date":"Mon Dec 10 23:59:44 +0000 2018","retweets":"30","favorites":"20","mentions":[],"hashtags":[],"geo":"","raw":"역시 갑! 후라이드 엄청 바삭하고 맛있어요 ❤️배달도 빨랐어요","polarity":{"com":0.0022988506004597694,"pos":0.3881773398776354,"neg":0.42331691308466335,"neut":0.08045977001609193,"none":0.10574712642114942},"intensity":{"high":0.10870279157825945,"low":0.21576354675684725,"meium":0.5674876846865025,"none":0.1080459769783908},"expressive":{"dir-action":0.0022988506009195397,"dir-explicit":0.15599343186239734,"dir-speech":0.37799671595119866,"indirect":0.35106732354042686,"writing-device":0.11264367804505747}},{"id":"네네치킨-공릉점","permalink":"","username":"asdfg","text":"원래 목이 3개에요?","date":"Mon Dec 10 23:59:44 +0000 2018","retweets":"30","favorites":"20","mentions":[],"hashtags":[],"geo":"","raw":"원래 목이 3개에요?","polarity":{"com":0.015418501999999997,"pos":0.7158590309999999,"neg":0.22026431699999993,"neut":0.04405286349999999,"none":0.004405286499999999},"intensity":{"high":0.05286343602643172,"low":0.5660792952830397,"meium":0.3744493391872247,"none":0.006607929503303965},"expressive":{"dir-action":0.002202643001101321,"dir-explicit":0.2070484581035242,"dir-speech":0.6806167403403084,"indirect":0.1035242290517621,"writing-device":0.006607929503303964}},{"id":"네네치킨-공릉점","permalink":"","username":"asdfg","text":"배송도 빠르고 치킨도 진짜 맛나요!!!!","date":"Mon Dec 10 23:59:44 +0000 2018","retweets":"30","favorites":"20","mentions":[],"hashtags":[],"geo":"","raw":"배송도 빠르고 치킨도 진짜 맛나요!!!!","polarity":{"com":0.004761904666666667,"pos":0.47619047600000003,"neg":0.2190476193333334,"neut":0.009523809333333334,"none":0.2904761906666667},"intensity":{"high":0.09523809533333333,"low":0.076190476,"meium":0.538095238,"none":0.2904761906666667},"expressive":{"dir-action":0,"dir-explicit":0.12380952391746032,"dir-speech":0.5333333329777777,"indirect":0.05714285729523809,"writing-device":0.2857142858095238}},{"id":"네네치킨-공릉점","permalink":"","username":"asdfg","text":"맛없음","date":"Mon Dec 10 23:59:44 +0000 2018","retweets":"30","favorites":"20","mentions":[],"hashtags":[],"geo":"","raw":"맛없음","polarity":{"com":0,"pos":0.5,"neg":0.5,"neut":0,"none":0},"intensity":{"high":0,"low":0,"meium":1,"none":0},"expressive":{"dir-action":0,"dir-explicit":0,"dir-speech":0.5,"indirect":0.5,"writing-device":0}},{"id":"네네치킨-공릉점","permalink":"","username":"asdfg","text":"좋아요~","date":"Mon Dec 10 23:59:44 +0000 2018","retweets":"30","favorites":"20","mentions":[],"hashtags":[],"geo":"","raw":"좋아요~","polarity":{"com":0,"pos":0.92,"neg":0.04,"neut":0,"none":0.04},"intensity":{"high":0.2,"low":0.04,"meium":0.72,"none":0.04},"expressive":{"dir-action":0,"dir-explicit":0.6,"dir-speech":0.2,"indirect":0.16,"writing-device":0.04}},{"id":"네네치킨-공릉점","permalink":"","username":"asdfg","text":"안세환","date":"Mon Dec 10 23:59:44 +0000 2018","retweets":"30","favorites":"20","mentions":[],"hashtags":[],"geo":"","raw":"안세환","polarity":{"com":null,"pos":null,"neg":null,"neut":null,"none":null},"intensity":{"high":null,"low":null,"meium":null,"none":null},"expressive":{"dir-action":null,"dir-explicit":null,"dir-speech":null,"indirect":null,"writing-device":null}},{"id":"네네치킨-공릉점","permalink":"","username":"asdfg","text":"전화로 주문할때는 맛이 괜찮았는데 요기요 앱에서 계산하고 주문을 하니 전혀 맛이 다른 상태로 배달이 되네요","date":"Mon Dec 10 23:59:44 +0000 2018","retweets":"30","favorites":"20","mentions":[],"hashtags":[],"geo":"","raw":"전화로 주문할때는 맛이 괜찮았는데 요기요 앱에서 계산하고 주문을 하니 전혀 맛이 다른 상태로 배달이 되네요","polarity":{"com":0.012427239497928793,"pos":0.6496191160583967,"neg":0.2500948858749842,"neut":0.06306007457282331,"none":0.024798683995866887},"intensity":{"high":0.09678868649999998,"low":0.050101884749999985,"meium":0.8264394644999999,"none":0.026669964249999997},"expressive":{"dir-action":0.0022297031670382842,"dir-explicit":0.3463268380577212,"dir-speech":0.35170886347528485,"indirect":0.26818347971136397,"writing-device":0.03155111558859185}}]