[{"id":"먹골골뱅이와옛날통닭","permalink":"","username":"asdfg","text":"그냥 그러저럭한 맛입니다","date":"Mon Dec 10 23:59:44 +0000 2018","retweets":"30","favorites":"20","mentions":[],"hashtags":[],"geo":"","raw":"그냥 그러저럭한 맛입니다","polarity":{"com":0,"pos":0.5,"neg":0.5,"neut":0,"none":0},"intensity":{"high":0,"low":0,"meium":1,"none":0},"expressive":{"dir-action":0,"dir-explicit":0,"dir-speech":1,"indirect":0,"writing-device":0}},{"id":"먹골골뱅이와옛날통닭","permalink":"","username":"asdfg","text":"골뱅이크기보고 깜짝..맛있었어용~소면도 넉넉하고..오뎅국도 맛있구~","date":"Mon Dec 10 23:59:44 +0000 2018","retweets":"30","favorites":"20","mentions":[],"hashtags":[],"geo":"","raw":"골뱅이크기보고 깜짝..맛있었어용~소면도 넉넉하고..오뎅국도 맛있구~","polarity":{"com":0.00779172025,"pos":0.20672458175,"neg":0.65871943375,"neut":0.01182968675,"none":0.1149345775},"intensity":{"high":0.06424281425,"low":0.049592449499999997,"meium":0.770479408,"none":0.11568532825},"expressive":{"dir-action":0.0007507507498123123,"dir-explicit":0.12450664946887333,"dir-speech":0.5975225223506194,"indirect":0.16332046345916987,"writing-device":0.1138996139715251}},{"id":"먹골골뱅이와옛날통닭","permalink":"","username":"asdfg","text":"맛도 좋았고, 골뱅이 사이즈커서 맘에 들었는데 정통 을지로 골뱅이가 아니어서 좀 아쉬웠어요. 정통은 파 마늘 고춧가루만 들어가서 담백한데 일반 골뱅이 맛인 새콤달콤한 맛이었어요. 물론 이맛도 좋았는데 정통 을지로 골뱅이 먹고 싶어서 시킨건데 아쉬웠고, 매운거 못먹는 저는 조금 매웠어요","date":"Mon Dec 10 23:59:44 +0000 2018","retweets":"30","favorites":"20","mentions":[],"hashtags":[],"geo":"","raw":"맛도 좋았고, 골뱅이 사이즈커서 맘에 들었는데 정통 을지로 골뱅이가 아니어서 좀 아쉬웠어요. 정통은 파 마늘 고춧가루만 들어가서 담백한데 일반 골뱅이 맛인 새콤달콤한 맛이었어요. 물론 이맛도 좋았는데 정통 을지로 골뱅이 먹고 싶어서 시킨건데 아쉬웠고, 매운거 못먹는 저는 조금 매웠어요","polarity":{"com":0.004378760304538207,"pos":0.4796114489773744,"neg":0.3673469122768412,"neut":0.036360146436363476,"none":0.11230273200488272},"intensity":{"high":0.07735903952173913,"low":0.08989134865217391,"meium":0.7182982999565217,"none":0.11445131186956523},"expressive":{"dir-action":0.00026113069565217393,"dir-explicit":0.2247468456086957,"dir-speech":0.4747202490000001,"indirect":0.16553081373913042,"writing-device":0.13474096095652174}},{"id":"먹골골뱅이와옛날통닭","permalink":"","username":"asdfg","text":"그럭저럭 잘 먹었습니다","date":"Mon Dec 10 23:59:44 +0000 2018","retweets":"30","favorites":"20","mentions":[],"hashtags":[],"geo":"","raw":"그럭저럭 잘 먹었습니다","polarity":{"com":0,"pos":0.7142857147142857,"neg":0.21428571421428572,"neut":0.07142857107142857,"none":0},"intensity":{"high":0,"low":0.214285714,"meium":0.785714286,"none":0},"expressive":{"dir-action":0,"dir-explicit":0.214285714,"dir-speech":0.142857143,"indirect":0.642857143,"writing-device":0}}]