[{"id":"맘스터치-하계점","permalink":"","username":"asdfg","text":"맛잇게잘먹엇어요우ㅜ","date":"Mon Dec 10 23:59:44 +0000 2018","retweets":"30","favorites":"20","mentions":[],"hashtags":[],"geo":"","raw":"맛잇게잘먹엇어요우ㅜ","polarity":{"com":0,"pos":0.8571428574285714,"neg":0.10714285705357143,"neut":0.035714285517857144,"none":0},"intensity":{"high":0,"low":0.107142857,"meium":0.8928571430000001,"none":0},"expressive":{"dir-action":0,"dir-explicit":0.107142857,"dir-speech":0.5714285715,"indirect":0.3214285715,"writing-device":0}},{"id":"맘스터치-하계점","permalink":"","username":"asdfg","text":"배달비 3000원이 약간 부담이지만\n맛은 보장!","date":"Mon Dec 10 23:59:44 +0000 2018","retweets":"30","favorites":"20","mentions":[],"hashtags":[],"geo":"","raw":"배달비 3000원이 약간 부담이지만\n맛은 보장!","polarity":{"com":0.0061674008,"pos":0.7663436124,"neg":0.2081057268,"neut":0.0176211454,"none":0.0017621146000000002},"intensity":{"high":0.021145374404229075,"low":0.06643171801328634,"meium":0.909779735781956,"none":0.0026431718005286344},"expressive":{"dir-action":0.0008810572001762114,"dir-explicit":0.12281938322456389,"dir-speech":0.47224669609444936,"indirect":0.4014096916802819,"writing-device":0.0026431718005286344}},{"id":"맘스터치-하계점","permalink":"","username":"asdfg","text":"리샐버거세트+찜햇닭 강정 시켰어요!! 진짜 존맛탱ㅠㅠㅠㅠ야채랑 리코타치즈 듬뿍듬뿍 넣어주셔서 너무 맛있게 잘 먹었습니다!! 다음에 또 시켜 먹을게요❤️❤️","date":"Mon Dec 10 23:59:44 +0000 2018","retweets":"30","favorites":"20","mentions":[],"hashtags":[],"geo":"","raw":"리샐버거세트+찜햇닭 강정 시켰어요!! 진짜 존맛탱ㅠㅠㅠㅠ야채랑 리코타치즈 듬뿍듬뿍 넣어주셔서 너무 맛있게 잘 먹었습니다!! 다음에 또 시켜 먹을게요❤️❤️","polarity":{"com":0.014285714299999999,"pos":0.3833333333,"neg":0.5523809524,"neut":0.0071428570999999995,"none":0.0428571429},"intensity":{"high":0.0753968254,"low":0.1079365079,"meium":0.7738095238,"none":0.0428571429},"expressive":{"dir-action":0,"dir-explicit":0.115079365,"dir-speech":0.49920634929999996,"indirect":0.3285714286,"writing-device":0.0571428571}}]