[{"id":"자담치킨-공릉점","permalink":"","username":"asdfg","text":"맛있게 잘먹었습니다!!","date":"Mon Dec 10 23:59:44 +0000 2018","retweets":"30","favorites":"20","mentions":[],"hashtags":[],"geo":"","raw":"맛있게 잘먹었습니다!!","polarity":{"com":0,"pos":0.35714285717857136,"neg":0.6071428573035714,"neut":0.03571428551785714,"none":0},"intensity":{"high":0,"low":0.107142857,"meium":0.8928571430000001,"none":0},"expressive":{"dir-action":0,"dir-explicit":0.107142857,"dir-speech":0.5714285715,"indirect":0.3214285715,"writing-device":0}},{"id":"자담치킨-공릉점","permalink":"","username":"asdfg","text":"맛있어요!!!!!!","date":"Mon Dec 10 23:59:44 +0000 2018","retweets":"30","favorites":"20","mentions":[],"hashtags":[],"geo":"","raw":"맛있어요!!!!!!","polarity":{"com":0,"pos":0,"neg":1,"neut":0,"none":0},"intensity":{"high":0,"low":0,"meium":1,"none":0},"expressive":{"dir-action":0,"dir-explicit":0,"dir-speech":1,"indirect":0,"writing-device":0}},{"id":"자담치킨-공릉점","permalink":"","username":"asdfg","text":"맛잇어요 근데원래 소금안주는 건가요?  추가로 주문한 양념은 제입맛에 안맞지만 후라이드치킨은 어느 브랜드치킨이 따라오지못할만큼 맛나네용","date":"Mon Dec 10 23:59:44 +0000 2018","retweets":"30","favorites":"20","mentions":[],"hashtags":[],"geo":"","raw":"맛잇어요 근데원래 소금안주는 건가요?  추가로 주문한 양념은 제입맛에 안맞지만 후라이드치킨은 어느 브랜드치킨이 따라오지못할만큼 맛나네용","polarity":{"com":0.007508404818181819,"pos":0.46520998990909085,"neg":0.3810977273636364,"neut":0.0622211559090909,"none":0.083962722},"intensity":{"high":0.12239730884043586,"low":0.20245740021862862,"meium":0.5939168846534394,"none":0.08122840628749607},"expressive":{"dir-action":0.00040048054549095274,"dir-explicit":0.2813371558437579,"dir-speech":0.5048974365004453,"indirect":0.12007315310182484,"writing-device":0.09329177400848107}},{"id":"자담치킨-공릉점","permalink":"","username":"asdfg","text":"순살 시켰는데 밑 간도 잘 베어있고 살코기도 부드러워서 맛있어요.","date":"Mon Dec 10 23:59:44 +0000 2018","retweets":"30","favorites":"20","mentions":[],"hashtags":[],"geo":"","raw":"순살 시켰는데 밑 간도 잘 베어있고 살코기도 부드러워서 맛있어요.","polarity":{"com":0.0014285714002857143,"pos":0.28571428565714285,"neg":0.6085714287217143,"neut":0.01714285700342857,"none":0.08714285721742858},"intensity":{"high":0.028571428600000004,"low":0.0657142856,"meium":0.8185714286000001,"none":0.08714285720000002},"expressive":{"dir-action":0,"dir-explicit":0.17999999996399998,"dir-speech":0.2885714285422857,"indirect":0.44571428571085714,"writing-device":0.08571428578285714}},{"id":"자담치킨-공릉점","permalink":"","username":"asdfg","text":"맛있어서 오늘 또 시킵니다.","date":"Mon Dec 10 23:59:44 +0000 2018","retweets":"30","favorites":"20","mentions":[],"hashtags":[],"geo":"","raw":"맛있어서 오늘 또 시킵니다.","polarity":{"com":0,"pos":0.0714285714642857,"neg":0.7142857141428571,"neut":0,"none":0.21428571439285712},"intensity":{"high":0,"low":0,"meium":0.7857142855,"none":0.2142857145},"expressive":{"dir-action":0,"dir-explicit":0.0714285715,"dir-speech":0.642857143,"indirect":0,"writing-device":0.2857142855}},{"id":"자담치킨-공릉점","permalink":"","username":"asdfg","text":"생각보다 맛있음 근데 다른곳보다 1-2천원 비쌈 재구매 안할듯","date":"Mon Dec 10 23:59:44 +0000 2018","retweets":"30","favorites":"20","mentions":[],"hashtags":[],"geo":"","raw":"생각보다 맛있음 근데 다른곳보다 1-2천원 비쌈 재구매 안할듯","polarity":{"com":0.09523809527210884,"pos":0.26785714281887757,"neg":0.5476190474931973,"neut":0.05952380956292517,"none":0.029761904852891152},"intensity":{"high":0.10714285712755103,"low":0.20238095239965986,"meium":0.6607142856198981,"none":0.029761904852891156},"expressive":{"dir-action":0,"dir-explicit":0.22023809528571425,"dir-speech":0.47023809514285714,"indirect":0.2797619047142857,"writing-device":0.029761904857142852}},{"id":"자담치킨-공릉점","permalink":"","username":"asdfg","text":"~~~~맛있어요% 넘나리","date":"Mon Dec 10 23:59:44 +0000 2018","retweets":"30","favorites":"20","mentions":[],"hashtags":[],"geo":"","raw":"~~~~맛있어요% 넘나리","polarity":{"com":0,"pos":0,"neg":1,"neut":0,"none":0},"intensity":{"high":0,"low":0,"meium":1,"none":0},"expressive":{"dir-action":0,"dir-explicit":0,"dir-speech":1,"indirect":0,"writing-device":0}},{"id":"자담치킨-공릉점","permalink":"","username":"asdfg","text":"굉장히 맛있게 잘먹었습니다\n다음에도 잘부탁드려요!","date":"Mon Dec 10 23:59:44 +0000 2018","retweets":"30","favorites":"20","mentions":[],"hashtags":[],"geo":"","raw":"굉장히 맛있게 잘먹었습니다\n다음에도 잘부탁드려요!","polarity":{"com":0.0017857142504464287,"pos":0.2321428570580357,"neg":0.6357142859089285,"neut":0.021428571255357142,"none":0.10892857152723215},"intensity":{"high":0.03571428575,"low":0.082142857,"meium":0.7732142857500001,"none":0.1089285715},"expressive":{"dir-action":0,"dir-explicit":0.099999999975,"dir-speech":0.6107142855973214,"indirect":0.18214285720446427,"writing-device":0.10714285722321429}},{"id":"자담치킨-공릉점","permalink":"","username":"asdfg","text":"맛있어서 바로다음날또주문","date":"Mon Dec 10 23:59:44 +0000 2018","retweets":"30","favorites":"20","mentions":[],"hashtags":[],"geo":"","raw":"맛있어서 바로다음날또주문","polarity":{"com":0,"pos":0.1587301586137566,"neg":0.5317460318227514,"neut":0.05555555564814815,"none":0.25396825391534394},"intensity":{"high":0,"low":0.055555555666666666,"meium":0.6904761903333334,"none":0.253968254},"expressive":{"dir-action":0,"dir-explicit":0.04761904768253968,"dir-speech":0.5396825398465609,"indirect":0.11111111103703704,"writing-device":0.3015873014338624}},{"id":"자담치킨-공릉점","permalink":"","username":"asdfg","text":"치킨도 맛있지만 양념치킨이 너무 맛있어요","date":"Mon Dec 10 23:59:44 +0000 2018","retweets":"30","favorites":"20","mentions":[],"hashtags":[],"geo":"","raw":"치킨도 맛있지만 양념치킨이 너무 맛있어요","polarity":{"com":0.0035714285000000004,"pos":0.10714285699999998,"neg":0.6642857145,"neut":0.007142857000000001,"none":0.21785714299999995},"intensity":{"high":0.0714285715,"low":0.057142857000000005,"meium":0.6535714284999999,"none":0.217857143},"expressive":{"dir-action":0,"dir-explicit":0.0928571429535714,"dir-speech":0.6499999996749999,"indirect":0.04285714297857144,"writing-device":0.21428571439285712}},{"id":"자담치킨-공릉점","permalink":"","username":"asdfg","text":"이번 달에만 벌써 세번째! ㅎㅎ\n그런데 이번엔.. 너무 맛있게 먹다가 머리카락을 발견했네요.. 양념 치킨에 붙어있는 머리카락을.. ㅠㅠ\n그리고 한 가지 더.. 배달올 때 매번 치킨 박스 위에 차가운 콜라가 올려져 와서 박스가 습기 차 눅눅해지면서 치킨도 금방 식는 거 같아요.. 뭔가 대책이 필요할 거 같아요 매번 그렇게 오네요..","date":"Mon Dec 10 23:59:44 +0000 2018","retweets":"30","favorites":"20","mentions":[],"hashtags":[],"geo":"","raw":"이번 달에만 벌써 세번째! ㅎㅎ\n그런데 이번엔.. 너무 맛있게 먹다가 머리카락을 발견했네요.. 양념 치킨에 붙어있는 머리카락을.. ㅠㅠ\n그리고 한 가지 더.. 배달올 때 매번 치킨 박스 위에 차가운 콜라가 올려져 와서 박스가 습기 차 눅눅해지면서 치킨도 금방 식는 거 같아요.. 뭔가 대책이 필요할 거 같아요 매번 그렇게 오네요..","polarity":{"com":0.023111113107968248,"pos":0.32634729340451235,"neg":0.5316639003404166,"neut":0.07087763968110276,"none":0.048000053465999996},"intensity":{"high":0.15410795803571428,"low":0.11737314353571429,"meium":0.679804284892857,"none":0.04871461353571429},"expressive":{"dir-action":0.001302915821521637,"dir-explicit":0.27422625241244475,"dir-speech":0.31500061816535724,"indirect":0.290216547806444,"writing-device":0.11925366579423241}},{"id":"자담치킨-공릉점","permalink":"","username":"asdfg","text":"원래 치킨은 한달에 한번 정도 시켜먹는데 넘 맛있어서 지난주에 시켜먹고 또 시켜먹었어요!\n진짜 제 입에 딱 맞는 치킨입니다ㅠㅠ\n좋은 닭을 쓴다고 하니 먹으면서도 좋구요ㅎㅎ","date":"Mon Dec 10 23:59:44 +0000 2018","retweets":"30","favorites":"20","mentions":[],"hashtags":[],"geo":"","raw":"원래 치킨은 한달에 한번 정도 시켜먹는데 넘 맛있어서 지난주에 시켜먹고 또 시켜먹었어요!\n진짜 제 입에 딱 맞는 치킨입니다ㅠㅠ\n좋은 닭을 쓴다고 하니 먹으면서도 좋구요ㅎㅎ","polarity":{"com":0.0025983007776334286,"pos":0.4951664509724908,"neg":0.39262707797818747,"neut":0.01649256777686153,"none":0.09311560249482692},"intensity":{"high":0.06940120289274451,"low":0.1369371290631632,"meium":0.7005460655389192,"none":0.09311560250517309},"expressive":{"dir-action":0.005050505055555554,"dir-explicit":0.24141530838888883,"dir-speech":0.4530120197777777,"indirect":0.19568011449999997,"writing-device":0.10484205227777778}},{"id":"자담치킨-공릉점","permalink":"","username":"asdfg","text":"굿굿......짱입니다\n너무바삭하고","date":"Mon Dec 10 23:59:44 +0000 2018","retweets":"30","favorites":"20","mentions":[],"hashtags":[],"geo":"","raw":"굿굿......짱입니다\n너무바삭하고","polarity":{"com":0.04430680325,"pos":0.4625792845,"neg":0.34859058575,"neut":0.04011719625,"none":0.10440613025},"intensity":{"high":0.09631266299999999,"low":0.08774831775,"meium":0.70865932575,"none":0.1072796935},"expressive":{"dir-action":0.002873563250718391,"dir-explicit":0.28766219132191556,"dir-speech":0.22553044205638262,"indirect":0.36600502284150127,"writing-device":0.11792878052948219}},{"id":"자담치킨-공릉점","permalink":"","username":"asdfg","text":"완전 제 스타일 치킨이네요..!!!\n이제 다른데 생각 못 할거 같아요..\n너무 맛있게 먹었어요! 이렇게 바삭한 치킨이라니!\n식어도 바삭함이 남아있어서 놀랐어요!\n후라이드 양념 할거 없이 다 너무 맛있게 먹었어요!!!\n(감자 감사해요ㅎㅎ)","date":"Mon Dec 10 23:59:44 +0000 2018","retweets":"30","favorites":"20","mentions":[],"hashtags":[],"geo":"","raw":"완전 제 스타일 치킨이네요..!!!\n이제 다른데 생각 못 할거 같아요..\n너무 맛있게 먹었어요! 이렇게 바삭한 치킨이라니!\n식어도 바삭함이 남아있어서 놀랐어요!\n후라이드 양념 할거 없이 다 너무 맛있게 먹었어요!!!\n(감자 감사해요ㅎㅎ)","polarity":{"com":0.023362323565420288,"pos":0.3268519315408565,"neg":0.4717214190589651,"neut":0.11040927301380114,"none":0.06765505282095689},"intensity":{"high":0.15583198690421848,"low":0.09131102020462081,"meium":0.684208218878289,"none":0.06864877401287164},"expressive":{"dir-action":0.0009937211876863226,"dir-explicit":0.24947290060927615,"dir-speech":0.38853457469785024,"indirect":0.22596226754236795,"writing-device":0.13503653596281937}},{"id":"자담치킨-공릉점","permalink":"","username":"asdfg","text":"배달은 예정된 시간보다 빨리 왔습니다. 순살로 먹었는데 가격대비 양이 많지 않더군여 그리구 튀김옷이 꽤나 두꺼웠습니다.","date":"Mon Dec 10 23:59:44 +0000 2018","retweets":"30","favorites":"20","mentions":[],"hashtags":[],"geo":"","raw":"배달은 예정된 시간보다 빨리 왔습니다. 순살로 먹었는데 가격대비 양이 많지 않더군여 그리구 튀김옷이 꽤나 두꺼웠습니다.","polarity":{"com":0.0430837004,"pos":0.5715051395,"neg":0.3757195301,"neut":0.0088105727,"none":0.0008810573000000001},"intensity":{"high":0.06668379830666837,"low":0.060438081206043805,"meium":0.8715565345871557,"none":0.0013215859001321586},"expressive":{"dir-action":0.00044052860004405284,"dir-explicit":0.36363191383636323,"dir-speech":0.34890112583489014,"indirect":0.2857048458285705,"writing-device":0.0013215859001321586}},{"id":"자담치킨-공릉점","permalink":"","username":"asdfg","text":"맛잇게 잘먹엇어요\n콜라큰거 햇엇는데 콜라가안왓엇어요 .\n이거빼고는 다좋아요!","date":"Mon Dec 10 23:59:44 +0000 2018","retweets":"30","favorites":"20","mentions":[],"hashtags":[],"geo":"","raw":"맛잇게 잘먹엇어요\n콜라큰거 햇엇는데 콜라가안왓엇어요 .\n이거빼고는 다좋아요!","polarity":{"com":0.14285714285714288,"pos":0.4946516537142857,"neg":0.2642036125714286,"neut":0.009852216714285716,"none":0.08843537414285717},"intensity":{"high":0.1473844711218022,"low":0.0384236452802252,"meium":0.7208304010398814,"none":0.09336148255809121},"expressive":{"dir-action":0,"dir-explicit":0.22575650953917764,"dir-speech":0.4700445695042793,"indirect":0.14433497540795215,"writing-device":0.15986394554859087}},{"id":"자담치킨-공릉점","permalink":"","username":"asdfg","text":"제가 알고 있는 파닭은 파닭소스에 파와 함께 비벼져 겨자맛이 나는,,걸로 알고있었는데 여긴 평상시에 먹는 파닭이랑 다른거같네요.. 소스도 양이 엄청적고,,근데 치킨자체는 진짜 맛있어요. 진짜 다른 브랜드있는 체인점은 비교가 안될정도로 치킨자체는 맛있어요 그래서 다음번엔 양념으로 먹어볼라고요!!!!","date":"Mon Dec 10 23:59:44 +0000 2018","retweets":"30","favorites":"20","mentions":[],"hashtags":[],"geo":"","raw":"제가 알고 있는 파닭은 파닭소스에 파와 함께 비벼져 겨자맛이 나는,,걸로 알고있었는데 여긴 평상시에 먹는 파닭이랑 다른거같네요.. 소스도 양이 엄청적고,,근데 치킨자체는 진짜 맛있어요. 진짜 다른 브랜드있는 체인점은 비교가 안될정도로 치킨자체는 맛있어요 그래서 다음번엔 양념으로 먹어볼라고요!!!!","polarity":{"com":0.013181413125000001,"pos":0.4241378677083332,"neg":0.45382306224999996,"neut":0.03244222129166667,"none":0.07641543562500001},"intensity":{"high":0.057472767960728026,"low":0.11549369292147889,"meium":0.7502460796562602,"none":0.0767874594615328},"expressive":{"dir-action":0,"dir-explicit":0.1670954908610754,"dir-speech":0.4854864219595428,"indirect":0.21734554481522117,"writing-device":0.13007254236416063}},{"id":"자담치킨-공릉점","permalink":"","username":"asdfg","text":"bbx보다 맛있어요 배달도 엄청 빨랐습니다.","date":"Mon Dec 10 23:59:44 +0000 2018","retweets":"30","favorites":"20","mentions":[],"hashtags":[],"geo":"","raw":"bbx보다 맛있어요 배달도 엄청 빨랐습니다.","polarity":{"com":0,"pos":0.42857142866666664,"neg":0.5714285713333332,"neut":0,"none":0},"intensity":{"high":0.14285714295238094,"low":0.20634920626455028,"meium":0.6507936507830687,"none":0},"expressive":{"dir-action":0,"dir-explicit":0.09523809533333333,"dir-speech":0.380952381,"indirect":0.5238095236666667,"writing-device":0}},{"id":"자담치킨-공릉점","permalink":"","username":"asdfg","text":"넘 맛있었어용 또시킬게요!!","date":"Mon Dec 10 23:59:44 +0000 2018","retweets":"30","favorites":"20","mentions":[],"hashtags":[],"geo":"","raw":"넘 맛있었어용 또시킬게요!!","polarity":{"com":0,"pos":0.14285714285714285,"neg":0.42857142857142855,"neut":0,"none":0.42857142857142855},"intensity":{"high":0,"low":0,"meium":0.571428571,"none":0.428571429},"expressive":{"dir-action":0,"dir-explicit":0.142857143,"dir-speech":0.285714286,"indirect":0,"writing-device":0.571428571}},{"id":"자담치킨-공릉점","permalink":"","username":"asdfg","text":"맛있게 잘먹었어요!!!","date":"Mon Dec 10 23:59:44 +0000 2018","retweets":"30","favorites":"20","mentions":[],"hashtags":[],"geo":"","raw":"맛있게 잘먹었어요!!!","polarity":{"com":0,"pos":0.35714285717857136,"neg":0.6071428573035714,"neut":0.03571428551785714,"none":0},"intensity":{"high":0,"low":0.107142857,"meium":0.8928571430000001,"none":0},"expressive":{"dir-action":0,"dir-explicit":0.107142857,"dir-speech":0.5714285715,"indirect":0.3214285715,"writing-device":0}},{"id":"자담치킨-공릉점","permalink":"","username":"asdfg","text":"순살 후라이드 양념 간장으로 했는데 저희는 후라이드가 젤 맛있었어요! 아이가 있어 간장 선택했는데 살짝 매콤한 맛이 있어요.","date":"Mon Dec 10 23:59:44 +0000 2018","retweets":"30","favorites":"20","mentions":[],"hashtags":[],"geo":"","raw":"순살 후라이드 양념 간장으로 했는데 저희는 후라이드가 젤 맛있었어요! 아이가 있어 간장 선택했는데 살짝 매콤한 맛이 있어요.","polarity":{"com":0.008235218273475927,"pos":0.43778728085798063,"neg":0.3996918900363356,"neut":0.03935393891266853,"none":0.11493167191953925},"intensity":{"high":0.08944735944641388,"low":0.08218462281071048,"meium":0.7111112216626263,"none":0.11725679608024939},"expressive":{"dir-action":0.001904442636536767,"dir-explicit":0.2277694832025245,"dir-speech":0.45652010322331993,"indirect":0.19402350110854757,"writing-device":0.11978246982907112}},{"id":"자담치킨-공릉점","permalink":"","username":"asdfg","text":"생각보다 너무 맛있었습니다.","date":"Mon Dec 10 23:59:44 +0000 2018","retweets":"30","favorites":"20","mentions":[],"hashtags":[],"geo":"","raw":"생각보다 너무 맛있었습니다.","polarity":{"com":0.0714285715,"pos":0.2589285715,"neg":0.5238095235,"neut":0.125,"none":0.0208333335},"intensity":{"high":0.113095238,"low":0.1964285715,"meium":0.669642857,"none":0.020833333500000002},"expressive":{"dir-action":0,"dir-explicit":0.4732142855,"dir-speech":0.3720238095,"indirect":0.13392857149999998,"writing-device":0.0208333335}},{"id":"자담치킨-공릉점","permalink":"","username":"asdfg","text":"요기요 첫주문으로 쿠폰까지 써서 꽤 큰 할인폭으로 주문해서 솔직히 양은 많이 적겠구나 싶었는데 기우였네요. 후라이드는 염지도 잘 되어 있어 간도 적당했으며 양념은 눅눅하지 않게 잘 버무려졌네요. 마늘은 양념을 먹고 난 후에 먹어 첫 맛이 싱겁다 느껴졌는데 단독으로 먹다 보니 자극적이지 않고 간이 삼삼하니 맛있었습니다. 잘 먹었습니다^^","date":"Mon Dec 10 23:59:44 +0000 2018","retweets":"30","favorites":"20","mentions":[],"hashtags":[],"geo":"","raw":"요기요 첫주문으로 쿠폰까지 써서 꽤 큰 할인폭으로 주문해서 솔직히 양은 많이 적겠구나 싶었는데 기우였네요. 후라이드는 염지도 잘 되어 있어 간도 적당했으며 양념은 눅눅하지 않게 잘 버무려졌네요. 마늘은 양념을 먹고 난 후에 먹어 첫 맛이 싱겁다 느껴졌는데 단독으로 먹다 보니 자극적이지 않고 간이 삼삼하니 맛있었습니다. 잘 먹었습니다^^","polarity":{"com":0.0058324148340623844,"pos":0.535796753150308,"neg":0.3766001492554083,"neut":0.028439909670221652,"none":0.05333077308999967},"intensity":{"high":0.09607520652401878,"low":0.10846448331878279,"meium":0.7400208668100052,"none":0.05543944334719319},"expressive":{"dir-action":0.0003939423333661619,"dir-explicit":0.2828331436902361,"dir-speech":0.4009055233667422,"indirect":0.25888356610490687,"writing-device":0.05698382450474865}},{"id":"자담치킨-공릉점","permalink":"","username":"asdfg","text":"오늘이 첫주문이었는데\n치킨이 엄청 맛있네요\n다만 콜라변경 누락이 살짝 아쉬웠지만\n다음엔 잘 부탁드릴게요!!!","date":"Mon Dec 10 23:59:44 +0000 2018","retweets":"30","favorites":"20","mentions":[],"hashtags":[],"geo":"","raw":"오늘이 첫주문이었는데\n치킨이 엄청 맛있네요\n다만 콜라변경 누락이 살짝 아쉬웠지만\n다음엔 잘 부탁드릴게요!!!","polarity":{"com":0.012820758777777778,"pos":0.29786390011111114,"neg":0.62215152,"neut":0.03953560544444444,"none":0.027628215666666664},"intensity":{"high":0.04940351068862379,"low":0.16424167962855188,"meium":0.7572581653365592,"none":0.029096644346265178},"expressive":{"dir-action":0.0014684286671561425,"dir-explicit":0.2956212669874293,"dir-speech":0.47625720226986346,"indirect":0.19537780850957034,"writing-device":0.031275293565980654}},{"id":"자담치킨-공릉점","permalink":"","username":"asdfg","text":"가서도 먹고 시켜도 먹는데 진짜 너무맛있어요!","date":"Mon Dec 10 23:59:44 +0000 2018","retweets":"30","favorites":"20","mentions":[],"hashtags":[],"geo":"","raw":"가서도 먹고 시켜도 먹는데 진짜 너무맛있어요!","polarity":{"com":0.037500000000000006,"pos":0.218073593,"neg":0.5637445887500001,"neut":0.04902597400000001,"none":0.13165584425000001},"intensity":{"high":0.121933622,"low":0.16529581525,"meium":0.5811147185000001,"none":0.13165584425000001},"expressive":{"dir-action":0,"dir-explicit":0.2448412696887897,"dir-speech":0.5454184703636454,"indirect":0.07987012998003247,"writing-device":0.12987012996753247}},{"id":"자담치킨-공릉점","permalink":"","username":"asdfg","text":"맛있게 먹었습니다.","date":"Mon Dec 10 23:59:44 +0000 2018","retweets":"30","favorites":"20","mentions":[],"hashtags":[],"geo":"","raw":"맛있게 먹었습니다.","polarity":{"com":0,"pos":0.1666666665,"neg":0.8333333334999999,"neut":0,"none":0},"intensity":{"high":0.0555555555,"low":0.111111111,"meium":0.8333333334999999,"none":0},"expressive":{"dir-action":0,"dir-explicit":0.111111111,"dir-speech":0.888888889,"indirect":0,"writing-device":0}},{"id":"자담치킨-공릉점","permalink":"","username":"asdfg","text":"맛있게 잘 먹었습니다","date":"Mon Dec 10 23:59:44 +0000 2018","retweets":"30","favorites":"20","mentions":[],"hashtags":[],"geo":"","raw":"맛있게 잘 먹었습니다","polarity":{"com":0,"pos":0.35714285717857136,"neg":0.6071428573035714,"neut":0.03571428551785714,"none":0},"intensity":{"high":0,"low":0.107142857,"meium":0.8928571430000001,"none":0},"expressive":{"dir-action":0,"dir-explicit":0.107142857,"dir-speech":0.5714285715,"indirect":0.3214285715,"writing-device":0}},{"id":"자담치킨-공릉점","permalink":"","username":"asdfg","text":"핫양념이 살짝매콩한정도네요 많이매운건줄알았는데 안매워서 아쉬움","date":"Mon Dec 10 23:59:44 +0000 2018","retweets":"30","favorites":"20","mentions":[],"hashtags":[],"geo":"","raw":"핫양념이 살짝매콩한정도네요 많이매운건줄알았는데 안매워서 아쉬움","polarity":{"com":0.0038546255,"pos":0.262298091,"neg":0.509406357125,"neut":0.17386043812500002,"none":0.05058048825},"intensity":{"high":0.08352835901044103,"low":0.3609642682951205,"meium":0.504376223688047,"none":0.05113114900639139},"expressive":{"dir-action":0.0005506607500688326,"dir-explicit":0.3550607256693826,"dir-speech":0.2942861295367858,"indirect":0.16615883502076986,"writing-device":0.18394364902299296}},{"id":"자담치킨-공릉점","permalink":"","username":"asdfg","text":"이거 괜찮네 또 시킵니다","date":"Mon Dec 10 23:59:44 +0000 2018","retweets":"30","favorites":"20","mentions":[],"hashtags":[],"geo":"","raw":"이거 괜찮네 또 시킵니다","polarity":{"com":0.49999999975,"pos":0.0714285714642857,"neg":0.21428571439285712,"neut":0,"none":0.21428571439285712},"intensity":{"high":0,"low":0,"meium":0.7857142855,"none":0.2142857145},"expressive":{"dir-action":0,"dir-explicit":0.0714285715,"dir-speech":0.642857143,"indirect":0,"writing-device":0.2857142855}},{"id":"자담치킨-공릉점","permalink":"","username":"asdfg","text":"맛있는데양이너무적어요","date":"Mon Dec 10 23:59:44 +0000 2018","retweets":"30","favorites":"20","mentions":[],"hashtags":[],"geo":"","raw":"맛있는데양이너무적어요","polarity":{"com":0.07142857150000001,"pos":0.07142857150000001,"neg":0.857142857,"neut":0,"none":0},"intensity":{"high":0.07142857150000001,"low":0.07142857150000001,"meium":0.857142857,"none":0},"expressive":{"dir-action":0,"dir-explicit":0.2857142855,"dir-speech":0.642857143,"indirect":0.0714285715,"writing-device":0}},{"id":"자담치킨-공릉점","permalink":"","username":"asdfg","text":"순살로 시켜먹었는데 맛있었어요😍  다음번에도 시켜먹을거에요ㅎㅎ 배달도 빠르고 추천드려요🤣","date":"Mon Dec 10 23:59:44 +0000 2018","retweets":"30","favorites":"20","mentions":[],"hashtags":[],"geo":"","raw":"순살로 시켜먹었는데 맛있었어요😍  다음번에도 시켜먹을거에요ㅎㅎ 배달도 빠르고 추천드려요🤣","polarity":{"com":0.0007936507777777777,"pos":0.44973544966666673,"neg":0.4624338625555555,"neut":0.038624338555555554,"none":0.048412698444444444},"intensity":{"high":0.07760141088888889,"low":0.09911816566666667,"meium":0.774867725,"none":0.048412698444444444},"expressive":{"dir-action":0,"dir-explicit":0.16261022920415444,"dir-speech":0.48395061727956107,"indirect":0.2502645503055262,"writing-device":0.1031746032107584}},{"id":"자담치킨-공릉점","permalink":"","username":"asdfg","text":"맛나요 맛나 식은거 먹어도 맛남ㅋㅋ","date":"Mon Dec 10 23:59:44 +0000 2018","retweets":"30","favorites":"20","mentions":[],"hashtags":[],"geo":"","raw":"맛나요 맛나 식은거 먹어도 맛남ㅋㅋ","polarity":{"com":0.0215716488,"pos":0.6560349254,"neg":0.2997431948,"neut":0.006779660999999999,"none":0.01587057},"intensity":{"high":0.05165211422066085,"low":0.09883581563953432,"meium":0.8336415001334565,"none":0.015870570006348228},"expressive":{"dir-action":0,"dir-explicit":0.1532271872,"dir-speech":0.6856017806,"indirect":0.14530046219999998,"writing-device":0.01587057}},{"id":"자담치킨-공릉점","permalink":"","username":"asdfg","text":"맛은 있는데~양이 좀 적네요~","date":"Mon Dec 10 23:59:44 +0000 2018","retweets":"30","favorites":"20","mentions":[],"hashtags":[],"geo":"","raw":"맛은 있는데~양이 좀 적네요~","polarity":{"com":0.00223214275,"pos":0.7098214285,"neg":0.08184523825000001,"neut":0.0089285715,"none":0.197172619},"intensity":{"high":0.052827381,"low":0.01339285725,"meium":0.73660714275,"none":0.197172619},"expressive":{"dir-action":0,"dir-explicit":0.14910714275,"dir-speech":0.4930059525,"indirect":0.16071428575,"writing-device":0.197172619}},{"id":"자담치킨-공릉점","permalink":"","username":"asdfg","text":"치킨이 아담하게 작고 맛있어요\n특히 양념맛이 옛날 좋아하던 양념치킨맛이라 넘 좋았어요 \n술 안주로 딱이예요 또 시켜먹을께요~","date":"Mon Dec 10 23:59:44 +0000 2018","retweets":"30","favorites":"20","mentions":[],"hashtags":[],"geo":"","raw":"치킨이 아담하게 작고 맛있어요\n특히 양념맛이 옛날 좋아하던 양념치킨맛이라 넘 좋았어요 \n술 안주로 딱이예요 또 시켜먹을께요~","polarity":{"com":0.004220079076598456,"pos":0.46465547311810335,"neg":0.42169792581371557,"neut":0.013164519998987344,"none":0.09626200199259524},"intensity":{"high":0.05622708438894055,"low":0.04065114584928086,"meium":0.8062898993697145,"none":0.09683187039206399},"expressive":{"dir-action":0.0005698683846592206,"dir-explicit":0.21472989178574842,"dir-speech":0.5203704334246438,"indirect":0.1603550789354119,"writing-device":0.10397472746953651}},{"id":"자담치킨-공릉점","permalink":"","username":"asdfg","text":"바삭하고 맛있어요!","date":"Mon Dec 10 23:59:44 +0000 2018","retweets":"30","favorites":"20","mentions":[],"hashtags":[],"geo":"","raw":"바삭하고 맛있어요!","polarity":{"com":0.0057471265,"pos":0.16091954,"neg":0.7011494255,"neut":0.0344827585,"none":0.0977011495},"intensity":{"high":0.05747126447126437,"low":0.0632183909683908,"meium":0.775862068612069,"none":0.10344827594827587},"expressive":{"dir-action":0.005747126502873563,"dir-explicit":0.08045977004022989,"dir-speech":0.7068965518534482,"indirect":0.09195402304597701,"writing-device":0.11494252855747127}},{"id":"자담치킨-공릉점","permalink":"","username":"asdfg","text":"깔끔하게 맛있어요~","date":"Mon Dec 10 23:59:44 +0000 2018","retweets":"30","favorites":"20","mentions":[],"hashtags":[],"geo":"","raw":"깔끔하게 맛있어요~","polarity":{"com":0.012012012,"pos":0.3063063065,"neg":0.653153153,"neut":0.0165165165,"none":0.012012012},"intensity":{"high":0.057057057,"low":0.042042042,"meium":0.8873873875,"none":0.0135135135},"expressive":{"dir-action":0.0015015015000000005,"dir-explicit":0.15615615600000002,"dir-speech":0.5450450450000001,"indirect":0.28378378400000004,"writing-device":0.013513513500000003}},{"id":"자담치킨-공릉점","permalink":"","username":"asdfg","text":"두번째 먹는건데 이번엔 좀 많이 식어서 왔네요\n감자튀김도 좀 눅눅했어요\n그래두 넘 맛있긴하네요 웬만한 다른 프랜차이즈보다 괜찮아요","date":"Mon Dec 10 23:59:44 +0000 2018","retweets":"30","favorites":"20","mentions":[],"hashtags":[],"geo":"","raw":"두번째 먹는건데 이번엔 좀 많이 식어서 왔네요\n감자튀김도 좀 눅눅했어요\n그래두 넘 맛있긴하네요 웬만한 다른 프랜차이즈보다 괜찮아요","polarity":{"com":0.005077190182279744,"pos":0.3604502033964046,"neg":0.4489742894044523,"neut":0.050185712186380516,"none":0.13531260483048296},"intensity":{"high":0.07672847180423119,"low":0.23355937413935282,"meium":0.5531591137176074,"none":0.13655304033880855},"expressive":{"dir-action":0.0016314423634880505,"dir-explicit":0.25125335670443155,"dir-speech":0.4147261989622975,"indirect":0.1899011968918272,"writing-device":0.14248780507795564}},{"id":"자담치킨-공릉점","permalink":"","username":"asdfg","text":"맛있어용~~~ 배달도 빠르고 짱짱","date":"Mon Dec 10 23:59:44 +0000 2018","retweets":"30","favorites":"20","mentions":[],"hashtags":[],"geo":"","raw":"맛있어용~~~ 배달도 빠르고 짱짱","polarity":{"com":0,"pos":0.42857142866666664,"neg":0.5714285713333332,"neut":0,"none":0},"intensity":{"high":0.14285714295238094,"low":0.20634920626455028,"meium":0.6507936507830687,"none":0},"expressive":{"dir-action":0,"dir-explicit":0.09523809533333333,"dir-speech":0.380952381,"indirect":0.5238095236666667,"writing-device":0}},{"id":"자담치킨-공릉점","permalink":"","username":"asdfg","text":"한마리반인데 생각보다 양은 작았어요\n깨끗하고 맛있어요 집에서 한것처럼 깔끔해요","date":"Mon Dec 10 23:59:44 +0000 2018","retweets":"30","favorites":"20","mentions":[],"hashtags":[],"geo":"","raw":"한마리반인데 생각보다 양은 작았어요\n깨끗하고 맛있어요 집에서 한것처럼 깔끔해요","polarity":{"com":0.007415975125,"pos":0.44344336637500004,"neg":0.411988343,"neut":0.051936326624999994,"none":0.08521598887500001},"intensity":{"high":0.046985254869126844,"low":0.2133190764733351,"meium":0.6526675227934166,"none":0.08702814586412148},"expressive":{"dir-action":0.0018121570002265195,"dir-explicit":0.12884644189110578,"dir-speech":0.5369437324421179,"indirect":0.23951976927993995,"writing-device":0.09287789938660973}},{"id":"자담치킨-공릉점","permalink":"","username":"asdfg","text":"진짜 동네에서 제일제일 바삭해서 여기만 시킴...\n근데 어제는 양념치킨은 넘 짰던 거 같아요.후라이드 최고 감튀도 넘 바삭해요!","date":"Mon Dec 10 23:59:44 +0000 2018","retweets":"30","favorites":"20","mentions":[],"hashtags":[],"geo":"","raw":"진짜 동네에서 제일제일 바삭해서 여기만 시킴...\n근데 어제는 양념치킨은 넘 짰던 거 같아요.후라이드 최고 감튀도 넘 바삭해요!","polarity":{"com":0.015332178557259133,"pos":0.39012826382112537,"neg":0.4538073397170897,"neut":0.03126146089236238,"none":0.10947075701216341},"intensity":{"high":0.1477128301111111,"low":0.09746793022222221,"meium":0.6427942042222221,"none":0.11202503544444446},"expressive":{"dir-action":0.002554278444728253,"dir-explicit":0.1344663599038296,"dir-speech":0.3827204442647467,"indirect":0.2510441964723382,"writing-device":0.22921472091435718}},{"id":"자담치킨-공릉점","permalink":"","username":"asdfg","text":"매번 맛있던 무가 요번에 \n맛이 좀 이상한거 빼고 좋았어요\n그래도 담에 재주문 할꼬임","date":"Mon Dec 10 23:59:44 +0000 2018","retweets":"30","favorites":"20","mentions":[],"hashtags":[],"geo":"","raw":"매번 맛있던 무가 요번에 \n맛이 좀 이상한거 빼고 좋았어요\n그래도 담에 재주문 할꼬임","polarity":{"com":0.00483870975,"pos":0.5565322580000001,"neg":0.40567204300000004,"neut":0.020967742,"none":0.01198924725},"intensity":{"high":0.1224462365,"low":0.034032257999999996,"meium":0.83099462375,"none":0.01252688175},"expressive":{"dir-action":0.00161290325,"dir-explicit":0.20349462375000002,"dir-speech":0.4861559140000001,"indirect":0.23424731175000002,"writing-device":0.07448924725}},{"id":"자담치킨-공릉점","permalink":"","username":"asdfg","text":"빠른 배달 감사합니다","date":"Mon Dec 10 23:59:44 +0000 2018","retweets":"30","favorites":"20","mentions":[],"hashtags":[],"geo":"","raw":"빠른 배달 감사합니다","polarity":{"com":0.006451612999999998,"pos":0.8387096773333333,"neg":0.117562724,"neut":0.02795698933333333,"none":0.009318996333333333},"intensity":{"high":0.046594982,"low":0.14982078833333334,"meium":0.7935483873333333,"none":0.010035842333333333},"expressive":{"dir-action":0.0021505376666666664,"dir-explicit":0.10465949833333332,"dir-speech":0.4315412186666666,"indirect":0.45232974899999995,"writing-device":0.009318996333333333}},{"id":"자담치킨-공릉점","permalink":"","username":"asdfg","text":"맛있어염~~~","date":"Mon Dec 10 23:59:44 +0000 2018","retweets":"30","favorites":"20","mentions":[],"hashtags":[],"geo":"","raw":"맛있어염~~~","polarity":{"com":null,"pos":null,"neg":null,"neut":null,"none":null},"intensity":{"high":null,"low":null,"meium":null,"none":null},"expressive":{"dir-action":null,"dir-explicit":null,"dir-speech":null,"indirect":null,"writing-device":null}},{"id":"자담치킨-공릉점","permalink":"","username":"asdfg","text":"배달도 빠르고 맛도 좋고 아이들과 먹을때 항상 자담치킨","date":"Mon Dec 10 23:59:44 +0000 2018","retweets":"30","favorites":"20","mentions":[],"hashtags":[],"geo":"","raw":"배달도 빠르고 맛도 좋고 아이들과 먹을때 항상 자담치킨","polarity":{"com":0,"pos":0.7497402596562823,"neg":0.16950216460381223,"neut":0.03409090912073864,"none":0.046666666619166665},"intensity":{"high":0.050252525249999985,"low":0.12639249637499997,"meium":0.77668831175,"none":0.04666666662499999},"expressive":{"dir-action":0,"dir-explicit":0.18502886002312863,"dir-speech":0.5459235209432405,"indirect":0.22238095240279762,"writing-device":0.04666666663083333}},{"id":"자담치킨-공릉점","permalink":"","username":"asdfg","text":"맛있어요. 빨라요. 편해요.","date":"Mon Dec 10 23:59:44 +0000 2018","retweets":"30","favorites":"20","mentions":[],"hashtags":[],"geo":"","raw":"맛있어요. 빨라요. 편해요.","polarity":{"com":0,"pos":0.5,"neg":0.5,"neut":0,"none":0},"intensity":{"high":0,"low":0,"meium":1,"none":0},"expressive":{"dir-action":0,"dir-explicit":0,"dir-speech":0.5,"indirect":0.5,"writing-device":0}},{"id":"자담치킨-공릉점","permalink":"","username":"asdfg","text":"처음 먹었는데 넘 맛있네요~","date":"Mon Dec 10 23:59:44 +0000 2018","retweets":"30","favorites":"20","mentions":[],"hashtags":[],"geo":"","raw":"처음 먹었는데 넘 맛있네요~","polarity":{"com":0.0714285714642857,"pos":0.21428571439285712,"neg":0.6428571426785714,"neut":0,"none":0.0714285714642857},"intensity":{"high":0,"low":0,"meium":0.9285714285,"none":0.0714285715},"expressive":{"dir-action":0,"dir-explicit":0.1428571429285714,"dir-speech":0.7142857141428571,"indirect":0.0714285714642857,"writing-device":0.0714285714642857}},{"id":"자담치킨-공릉점","permalink":"","username":"asdfg","text":"55분 걸린다고 했는데 20분도 안돼서 오셔서 놀랐습니다ㅋㅋㅋㅋ맛있네요 깔끔하고! 다음엔 햄버거도 시켜보려구요 많이파세요!","date":"Mon Dec 10 23:59:44 +0000 2018","retweets":"30","favorites":"20","mentions":[],"hashtags":[],"geo":"","raw":"55분 걸린다고 했는데 20분도 안돼서 오셔서 놀랐습니다ㅋㅋㅋㅋ맛있네요 깔끔하고! 다음엔 햄버거도 시켜보려구요 많이파세요!","polarity":{"com":0.008315514363636365,"pos":0.22095303981818185,"neg":0.5314460678181819,"neut":0.12911386518181817,"none":0.11017151281818184},"intensity":{"high":0.06483487526683318,"low":0.11964331098912333,"meium":0.7040323685723607,"none":0.11148944517168279},"expressive":{"dir-action":0.0013179323636363636,"dir-explicit":0.14172237618181818,"dir-speech":0.43494897718181813,"indirect":0.30449922609090907,"writing-device":0.11751148818181818}},{"id":"자담치킨-공릉점","permalink":"","username":"asdfg","text":"역시 자담치킨 양념순살 진리죠 :)","date":"Mon Dec 10 23:59:44 +0000 2018","retweets":"30","favorites":"20","mentions":[],"hashtags":[],"geo":"","raw":"역시 자담치킨 양념순살 진리죠 :)","polarity":{"com":0,"pos":0.33333333316666663,"neg":0.3333333336666666,"neut":0.16666666658333332,"none":0.16666666658333332},"intensity":{"high":0.16666666658333334,"low":0.16666666658333334,"meium":0.50000000025,"none":0.16666666658333334},"expressive":{"dir-action":0,"dir-explicit":0.50000000025,"dir-speech":0.3333333331666667,"indirect":0,"writing-device":0.16666666658333334}},{"id":"자담치킨-공릉점","permalink":"","username":"asdfg","text":"다들 맛있데요 ..특히 치킨무 진짜 괜찬아요 ..대박나세요","date":"Mon Dec 10 23:59:44 +0000 2018","retweets":"30","favorites":"20","mentions":[],"hashtags":[],"geo":"","raw":"다들 맛있데요 ..특히 치킨무 진짜 괜찬아요 ..대박나세요","polarity":{"com":0,"pos":0.38214285699999995,"neg":0.3464285715,"neut":0.0125,"none":0.2589285715},"intensity":{"high":0.13928571421517857,"low":0.012499999996875,"meium":0.5892857143526785,"none":0.2589285714352678},"expressive":{"dir-action":0,"dir-explicit":0.1857142857035714,"dir-speech":0.36964285715758927,"indirect":0.1982142857004464,"writing-device":0.24642857143839283}},{"id":"자담치킨-공릉점","permalink":"","username":"asdfg","text":"처음으로 리뷰남겨요.집에서 튀긴것처럼 맛이 깔끔해요.양이 적은거 같아 아쉽기까지 합니다.이런 집이 대박나야 된다는 생각이 들어 리뷰남겨요.","date":"Mon Dec 10 23:59:44 +0000 2018","retweets":"30","favorites":"20","mentions":[],"hashtags":[],"geo":"","raw":"처음으로 리뷰남겨요.집에서 튀긴것처럼 맛이 깔끔해요.양이 적은거 같아 아쉽기까지 합니다.이런 집이 대박나야 된다는 생각이 들어 리뷰남겨요.","polarity":{"com":0.020607872078181363,"pos":0.3596139939934298,"neg":0.4668627522166176,"neut":0.09923872655852364,"none":0.053676655153247495},"intensity":{"high":0.1430449990714129,"low":0.03537128774705239,"meium":0.767656807769362,"none":0.05392690541217275},"expressive":{"dir-action":0.0002502502499582917,"dir-explicit":0.24101055229316495,"dir-speech":0.361206219689799,"indirect":0.25514395804080936,"writing-device":0.14238901972626852}},{"id":"자담치킨-공릉점","permalink":"","username":"asdfg","text":"바삭하고 맛잇어요 특히 양념!!!!! :)","date":"Mon Dec 10 23:59:44 +0000 2018","retweets":"30","favorites":"20","mentions":[],"hashtags":[],"geo":"","raw":"바삭하고 맛잇어요 특히 양념!!!!! :)","polarity":{"com":0.0038314176666666665,"pos":0.47394636,"neg":0.16743295033333336,"neut":0.039655172333333336,"none":0.31513409966666667},"intensity":{"high":0.10498084296500639,"low":0.05881226064706258,"meium":0.5172413791609195,"none":0.3189655172270115},"expressive":{"dir-action":0.003831417667943806,"dir-explicit":0.08697318002899107,"dir-speech":0.487931034495977,"indirect":0.1113026820371009,"writing-device":0.3099616857699872}},{"id":"자담치킨-공릉점","permalink":"","username":"asdfg","text":"눈엄청 오는 날 시켜서 죄송했는데 잘 갔다주셔셔 너무 감사해서 리뷰남김 ㅋㅋㅋ 진짜 일주일에 두번은 치킨먹는 치킨덕후인데도 자담은 처음 시켜먹어봤는데 생각보다 더더 맛있었음ㅋㅋ닭 질이 좋음 양념맛은 무난하고 후라이드가 좋았어여 진짜로 다음에 또 먹을듯 ㅎ.ㅎ","date":"Mon Dec 10 23:59:44 +0000 2018","retweets":"30","favorites":"20","mentions":[],"hashtags":[],"geo":"","raw":"눈엄청 오는 날 시켜서 죄송했는데 잘 갔다주셔셔 너무 감사해서 리뷰남김 ㅋㅋㅋ 진짜 일주일에 두번은 치킨먹는 치킨덕후인데도 자담은 처음 시켜먹어봤는데 생각보다 더더 맛있었음ㅋㅋ닭 질이 좋음 양념맛은 무난하고 후라이드가 좋았어여 진짜로 다음에 또 먹을듯 ㅎ.ㅎ","polarity":{"com":0.03365664640865394,"pos":0.48063107827706036,"neg":0.3748614566435135,"neut":0.05528148259464005,"none":0.055569336076132195},"intensity":{"high":0.07399720907955534,"low":0.11792525549021668,"meium":0.7520182123890383,"none":0.056059323041189574},"expressive":{"dir-action":0.00047789725925925927,"dir-explicit":0.291305837925926,"dir-speech":0.4302547092592592,"indirect":0.2166395480740741,"writing-device":0.061322007481481484}},{"id":"자담치킨-공릉점","permalink":"","username":"asdfg","text":"아이가 치킨먹고싶다해서 시켜봤는데 깔끔하고 맛도 넘괜찮네요. 믿고 먹을수있는 그런 느낌. . 자주 애용할게요. 아. . 순살후라이드에 감자튀김이 들어있어요. ㅋ","date":"Mon Dec 10 23:59:44 +0000 2018","retweets":"30","favorites":"20","mentions":[],"hashtags":[],"geo":"","raw":"아이가 치킨먹고싶다해서 시켜봤는데 깔끔하고 맛도 넘괜찮네요. 믿고 먹을수있는 그런 느낌. . 자주 애용할게요. 아. . 순살후라이드에 감자튀김이 들어있어요. ㅋ","polarity":{"com":0.006593086153846154,"pos":0.5300486245384616,"neg":0.3674478433846154,"neut":0.022357070153846154,"none":0.07355337576923077},"intensity":{"high":0.09590697560800715,"low":0.20089125121531604,"meium":0.628028929720921,"none":0.07517284345575594},"expressive":{"dir-action":0.0019503196158346895,"dir-explicit":0.23492961851575297,"dir-speech":0.5268176322754194,"indirect":0.15952666557527537,"writing-device":0.07677576401771748}}]