[{"id":"웰덤치킨-하계점","permalink":"","username":"asdfg","text":"항상 만족합니다 ㅋ","date":"Mon Dec 10 23:59:44 +0000 2018","retweets":"30","favorites":"20","mentions":[],"hashtags":[],"geo":"","raw":"항상 만족합니다 ㅋ","polarity":{"com":0.0096774195,"pos":0.758064516,"neg":0.176344086,"neut":0.041935484,"none":0.0139784945},"intensity":{"high":0.069892473,"low":0.058064516,"meium":0.8569892475,"none":0.0150537635},"expressive":{"dir-action":0.0032258065000000005,"dir-explicit":0.40698924750000004,"dir-speech":0.39731182800000003,"indirect":0.17849462350000003,"writing-device":0.013978494500000003}},{"id":"웰덤치킨-하계점","permalink":"","username":"asdfg","text":"양 적어보이는데 보는거 보다 많음 ㅋㅋ","date":"Mon Dec 10 23:59:44 +0000 2018","retweets":"30","favorites":"20","mentions":[],"hashtags":[],"geo":"","raw":"양 적어보이는데 보는거 보다 많음 ㅋㅋ","polarity":{"com":0,"pos":0.31793478266666664,"neg":0.6467391303333332,"neut":0.03532608699999999,"none":0},"intensity":{"high":0.10778985503592994,"low":0.17663043472554343,"meium":0.7155797102385266,"none":0},"expressive":{"dir-action":0,"dir-explicit":0.38224637679408213,"dir-speech":0.30163043476721013,"indirect":0.14945652171648552,"writing-device":0.16666666672222222}},{"id":"웰덤치킨-하계점","permalink":"","username":"asdfg","text":"처음 먹어봤는데 너무 괜찮아서 깜짝 놀람ㅠㅜㅜㅠㅠ\n어니언이랑 양념 먹고 싶어서 어니언은 소스추가 양파추가로 주문했는데 오히려 파닭에 치였습니다... 파닭 맛있음ㅜㅜㅠㅠ","date":"Mon Dec 10 23:59:44 +0000 2018","retweets":"30","favorites":"20","mentions":[],"hashtags":[],"geo":"","raw":"처음 먹어봤는데 너무 괜찮아서 깜짝 놀람ㅠㅜㅜㅠㅠ\n어니언이랑 양념 먹고 싶어서 어니언은 소스추가 양파추가로 주문했는데 오히려 파닭에 치였습니다... 파닭 맛있음ㅜㅜㅠㅠ","polarity":{"com":0.02197802199830938,"pos":0.6849816849473092,"neg":0.1858974359087771,"neut":0.07692307691715976,"none":0.03021978022844463},"intensity":{"high":0.03876678876923077,"low":0.028083028076923075,"meium":0.9029304029230769,"none":0.03021978023076923},"expressive":{"dir-action":0,"dir-explicit":0.5061050060379919,"dir-speech":0.17246642252519487,"indirect":0.29120879120836857,"writing-device":0.03021978022844463}},{"id":"웰덤치킨-하계점","permalink":"","username":"asdfg","text":"배달도 빠르고 맛도 좋아요! 가격도 저렴하고 짱짱","date":"Mon Dec 10 23:59:44 +0000 2018","retweets":"30","favorites":"20","mentions":[],"hashtags":[],"geo":"","raw":"배달도 빠르고 맛도 좋아요! 가격도 저렴하고 짱짱","polarity":{"com":0.004004004000000001,"pos":0.9221021021666668,"neg":0.05771771766666667,"neut":0.005505505500000001,"none":0.010670670666666668},"intensity":{"high":0.05235235233333333,"low":0.07623623616666667,"meium":0.8602402403333334,"none":0.011171171166666667},"expressive":{"dir-action":0.0005005005,"dir-explicit":0.152052052,"dir-speech":0.38168168166666666,"indirect":0.4545945946666667,"writing-device":0.011171171166666667}},{"id":"웰덤치킨-하계점","permalink":"","username":"asdfg","text":"넘나맛있네요\n치킨바삭바삭 버거는 두개...\n양도많고 부족한게 없는듯합니다\n재주문의사 1000%","date":"Mon Dec 10 23:59:44 +0000 2018","retweets":"30","favorites":"20","mentions":[],"hashtags":[],"geo":"","raw":"넘나맛있네요\n치킨바삭바삭 버거는 두개...\n양도많고 부족한게 없는듯합니다\n재주문의사 1000%","polarity":{"com":0,"pos":0.10125209501446457,"neg":0.7961648428280236,"neut":0.09124519372732075,"none":0.011337868430191125},"intensity":{"high":0.0894212757270602,"low":0.2793552203256222,"meium":0.6198856355171266,"none":0.011337868430191125},"expressive":{"dir-action":0,"dir-explicit":0.34720989852777423,"dir-speech":0.4715320911347235,"indirect":0.16765256819075788,"writing-device":0.013605442146744407}},{"id":"웰덤치킨-하계점","permalink":"","username":"asdfg","text":"완전 맛있습니다ㅠㅠㅠ잘먹어어용ㅠㅠㅠ","date":"Mon Dec 10 23:59:44 +0000 2018","retweets":"30","favorites":"20","mentions":[],"hashtags":[],"geo":"","raw":"완전 맛있습니다ㅠㅠㅠ잘먹어어용ㅠㅠㅠ","polarity":{"com":0,"pos":0.6071428573035714,"neg":0.35714285717857147,"neut":0.035714285517857144,"none":0},"intensity":{"high":0,"low":0.107142857,"meium":0.8928571430000001,"none":0},"expressive":{"dir-action":0,"dir-explicit":0.357142857,"dir-speech":0.0714285715,"indirect":0.5714285715,"writing-device":0}},{"id":"웰덤치킨-하계점","permalink":"","username":"asdfg","text":"가성비 최고입니다\n맛도좋고  양도푸짐하네요^^","date":"Mon Dec 10 23:59:44 +0000 2018","retweets":"30","favorites":"20","mentions":[],"hashtags":[],"geo":"","raw":"가성비 최고입니다\n맛도좋고  양도푸짐하네요^^","polarity":{"com":0.0048048048,"pos":0.7428861589999998,"neg":0.17835217019999997,"neut":0.04297024299999999,"none":0.030986622999999998},"intensity":{"high":0.28100464099999994,"low":0.061180453200000005,"meium":0.6262276822,"none":0.031587223600000006},"expressive":{"dir-action":0.0006006006000000001,"dir-explicit":0.1824624624,"dir-speech":0.42165438159999996,"indirect":0.36369533179999997,"writing-device":0.031587223600000006}},{"id":"웰덤치킨-하계점","permalink":"","username":"asdfg","text":"웬만한 프랜차이져 치킨집 시켜먹을바에 여기가 더 좋네요","date":"Mon Dec 10 23:59:44 +0000 2018","retweets":"30","favorites":"20","mentions":[],"hashtags":[],"geo":"","raw":"웬만한 프랜차이져 치킨집 시켜먹을바에 여기가 더 좋네요","polarity":{"com":0,"pos":0.47619047614285714,"neg":0.38095238100000006,"neut":0,"none":0.14285714285714285},"intensity":{"high":0.08730158728571429,"low":0.19841269842857143,"meium":0.5714285714285714,"none":0.14285714285714285},"expressive":{"dir-action":0,"dir-explicit":0.17460317457142857,"dir-speech":0.39682539685714285,"indirect":0.2857142857142857,"writing-device":0.14285714285714285}},{"id":"웰덤치킨-하계점","permalink":"","username":"asdfg","text":"후라이드는 닭냄새가 좀 나고요..\n햄버거는 소스가 빵에 흡수 되어서 좀 축축했어요. 양은 많아요.","date":"Mon Dec 10 23:59:44 +0000 2018","retweets":"30","favorites":"20","mentions":[],"hashtags":[],"geo":"","raw":"후라이드는 닭냄새가 좀 나고요..\n햄버거는 소스가 빵에 흡수 되어서 좀 축축했어요. 양은 많아요.","polarity":{"com":0.005506912500550691,"pos":0.6160607983616061,"neg":0.3173461118317346,"neut":0.044996827704499684,"none":0.01608934960160894},"intensity":{"high":0.09585910190958591,"low":0.09859012880985901,"meium":0.7874606514787461,"none":0.01809011780180901},"expressive":{"dir-action":0.0006451613001290323,"dir-explicit":0.36920668317384137,"dir-speech":0.30798721036159743,"indirect":0.3044842939608969,"writing-device":0.01767665120353533}},{"id":"웰덤치킨-하계점","permalink":"","username":"asdfg","text":"빠른 배달 잘먹었습니다~^^","date":"Mon Dec 10 23:59:44 +0000 2018","retweets":"30","favorites":"20","mentions":[],"hashtags":[],"geo":"","raw":"빠른 배달 잘먹었습니다~^^","polarity":{"com":0,"pos":0.7777777776666667,"neg":0.22222222233333333,"neut":0,"none":0},"intensity":{"high":0.037037037,"low":0.185185185,"meium":0.7777777779999999,"none":0},"expressive":{"dir-action":0,"dir-explicit":0.074074074,"dir-speech":0.5925925926666666,"indirect":0.3333333333333333,"writing-device":0}},{"id":"웰덤치킨-하계점","permalink":"","username":"asdfg","text":"맛있어요 ㅎㅎ 괜찮네여","date":"Mon Dec 10 23:59:44 +0000 2018","retweets":"30","favorites":"20","mentions":[],"hashtags":[],"geo":"","raw":"맛있어요 ㅎㅎ 괜찮네여","polarity":{"com":0,"pos":0,"neg":1,"neut":0,"none":0},"intensity":{"high":0,"low":0,"meium":1,"none":0},"expressive":{"dir-action":0,"dir-explicit":0,"dir-speech":1,"indirect":0,"writing-device":0}},{"id":"웰덤치킨-하계점","permalink":"","username":"asdfg","text":"맛은 있엇지만 샹각보다 뻑뻑햇러요","date":"Mon Dec 10 23:59:44 +0000 2018","retweets":"30","favorites":"20","mentions":[],"hashtags":[],"geo":"","raw":"맛은 있엇지만 샹각보다 뻑뻑햇러요","polarity":{"com":0,"pos":0.5897435897948717,"neg":0.16666666658333332,"neut":0.02564102551282051,"none":0.21794871810897434},"intensity":{"high":0.0512820515,"low":0.0256410255,"meium":0.7051282050000001,"none":0.217948718},"expressive":{"dir-action":0,"dir-explicit":0.1153846155,"dir-speech":0.6282051280000001,"indirect":0.0512820515,"writing-device":0.205128205}},{"id":"웰덤치킨-하계점","permalink":"","username":"asdfg","text":"가격도 싸고 치킨도 바삭바삭하니 맛있네요! 양도 많아서 맛나게 먹었어요~~","date":"Mon Dec 10 23:59:44 +0000 2018","retweets":"30","favorites":"20","mentions":[],"hashtags":[],"geo":"","raw":"가격도 싸고 치킨도 바삭바삭하니 맛있네요! 양도 많아서 맛나게 먹었어요~~","polarity":{"com":0.0031061849999999996,"pos":0.3767937458333333,"neg":0.49379238966666666,"neut":0.021121582,"none":0.1051860975},"intensity":{"high":0.10496339133333334,"low":0.11338933699999999,"meium":0.6745454653333334,"none":0.10710180633333333},"expressive":{"dir-action":0.001915708833652618,"dir-explicit":0.18176586303029432,"dir-speech":0.45149369757524893,"indirect":0.255081982875847,"writing-device":0.10974274768495712}},{"id":"웰덤치킨-하계점","permalink":"","username":"asdfg","text":"잘먹었습니다~~~~~ :)","date":"Mon Dec 10 23:59:44 +0000 2018","retweets":"30","favorites":"20","mentions":[],"hashtags":[],"geo":"","raw":"잘먹었습니다~~~~~ :)","polarity":{"com":0,"pos":0.7142857147142857,"neg":0.21428571421428572,"neut":0.07142857107142857,"none":0},"intensity":{"high":0,"low":0.214285714,"meium":0.785714286,"none":0},"expressive":{"dir-action":0,"dir-explicit":0.214285714,"dir-speech":0.142857143,"indirect":0.642857143,"writing-device":0}},{"id":"웰덤치킨-하계점","permalink":"","username":"asdfg","text":"우리집 꼬마들이 나무 좋아해요.\n아쉬운건 종이 박스가 마늘치킨소스에 푹 젖었네요","date":"Mon Dec 10 23:59:44 +0000 2018","retweets":"30","favorites":"20","mentions":[],"hashtags":[],"geo":"","raw":"우리집 꼬마들이 나무 좋아해요.\n아쉬운건 종이 박스가 마늘치킨소스에 푹 젖었네요","polarity":{"com":0.03078007524230498,"pos":0.7210996240697252,"neg":0.20817669169795583,"neut":0.033247180491688205,"none":0.006696428498325893},"intensity":{"high":0.2901785715,"low":0.07941729324999999,"meium":0.62147556375,"none":0.0089285715},"expressive":{"dir-action":0,"dir-explicit":0.6200657895,"dir-speech":0.27549342099999996,"indirect":0.097744361,"writing-device":0.0066964285}},{"id":"웰덤치킨-하계점","permalink":"","username":"asdfg","text":"진짜치킨두가지맛에햄버거두개까지 양이많아요 맛도좋네요 하지만 다 같이먹으니 상대적으로 후라이드는 밍밍하게생각되서 다음부터는 맛이들어간치킨으로시키려구요","date":"Mon Dec 10 23:59:44 +0000 2018","retweets":"30","favorites":"20","mentions":[],"hashtags":[],"geo":"","raw":"진짜치킨두가지맛에햄버거두개까지 양이많아요 맛도좋네요 하지만 다 같이먹으니 상대적으로 후라이드는 밍밍하게생각되서 다음부터는 맛이들어간치킨으로시키려구요","polarity":{"com":0.0017160017144082866,"pos":0.5766208555411872,"neg":0.3431602010245115,"neut":0.04487650914606262,"none":0.03362643257383047},"intensity":{"high":0.09709658635714284,"low":0.11555249121428571,"meium":0.7535099896428571,"none":0.03384093278571428},"expressive":{"dir-action":0.00021450021427039286,"dir-explicit":0.24620258012527124,"dir-speech":0.5008511061785106,"indirect":0.21775709384158878,"writing-device":0.03497471964035895}},{"id":"웰덤치킨-하계점","permalink":"","username":"asdfg","text":"언제나처럼 잘 먹었습니다. ^^","date":"Mon Dec 10 23:59:44 +0000 2018","retweets":"30","favorites":"20","mentions":[],"hashtags":[],"geo":"","raw":"언제나처럼 잘 먹었습니다. ^^","polarity":{"com":0,"pos":0.7142857147142857,"neg":0.21428571421428572,"neut":0.07142857107142857,"none":0},"intensity":{"high":0,"low":0.214285714,"meium":0.785714286,"none":0},"expressive":{"dir-action":0,"dir-explicit":0.214285714,"dir-speech":0.142857143,"indirect":0.642857143,"writing-device":0}},{"id":"웰덤치킨-하계점","permalink":"","username":"asdfg","text":"맛있게 잘먹었습니다.","date":"Mon Dec 10 23:59:44 +0000 2018","retweets":"30","favorites":"20","mentions":[],"hashtags":[],"geo":"","raw":"맛있게 잘먹었습니다.","polarity":{"com":0,"pos":0.35714285717857136,"neg":0.6071428573035714,"neut":0.03571428551785714,"none":0},"intensity":{"high":0,"low":0.107142857,"meium":0.8928571430000001,"none":0},"expressive":{"dir-action":0,"dir-explicit":0.107142857,"dir-speech":0.5714285715,"indirect":0.3214285715,"writing-device":0}},{"id":"웰덤치킨-하계점","permalink":"","username":"asdfg","text":"가격도 저렴해서 가족들 모두 만족하는 야식 먹었어요~~","date":"Mon Dec 10 23:59:44 +0000 2018","retweets":"30","favorites":"20","mentions":[],"hashtags":[],"geo":"","raw":"가격도 저렴해서 가족들 모두 만족하는 야식 먹었어요~~","polarity":{"com":0.0048048048000000005,"pos":0.5891891892000001,"neg":0.3945945946,"neut":0.0066066066,"none":0.0048048048000000005},"intensity":{"high":0.04504504499999999,"low":0.06126126119999999,"meium":0.8882882884000001,"none":0.0054054053999999995},"expressive":{"dir-action":0.0006006006000000002,"dir-explicit":0.5069069068000001,"dir-speech":0.17357357360000003,"indirect":0.3135135136,"writing-device":0.0054054054}},{"id":"웰덤치킨-하계점","permalink":"","username":"asdfg","text":"맛있어요 다음에도 주문해먹을께요","date":"Mon Dec 10 23:59:44 +0000 2018","retweets":"30","favorites":"20","mentions":[],"hashtags":[],"geo":"","raw":"맛있어요 다음에도 주문해먹을께요","polarity":{"com":0.0052995392,"pos":0.2127496158,"neg":0.6695852536,"neut":0.0196313364,"none":0.092734255},"intensity":{"high":0.07875064,"low":0.09052739359999999,"meium":0.7375576038,"none":0.09316436260000001},"expressive":{"dir-action":0.0012903225997419356,"dir-explicit":0.1443830005711234,"dir-speech":0.674480286665104,"indirect":0.08854070658229185,"writing-device":0.09130568358173886}},{"id":"웰덤치킨-하계점","permalink":"","username":"asdfg","text":"ㅇㅅㅇㅅㅇㅅㅇㅅㅇㅅㅇ","date":"Mon Dec 10 23:59:44 +0000 2018","retweets":"30","favorites":"20","mentions":[],"hashtags":[],"geo":"","raw":"ㅇㅅㅇㅅㅇㅅㅇㅅㅇㅅㅇ","polarity":{"com":null,"pos":null,"neg":null,"neut":null,"none":null},"intensity":{"high":null,"low":null,"meium":null,"none":null},"expressive":{"dir-action":null,"dir-explicit":null,"dir-speech":null,"indirect":null,"writing-device":null}},{"id":"웰덤치킨-하계점","permalink":"","username":"asdfg","text":"맛있어요 다음에도 주문해먹을께요","date":"Mon Dec 10 23:59:44 +0000 2018","retweets":"30","favorites":"20","mentions":[],"hashtags":[],"geo":"","raw":"맛있어요 다음에도 주문해먹을께요","polarity":{"com":0.0052995392,"pos":0.2127496158,"neg":0.6695852536,"neut":0.0196313364,"none":0.092734255},"intensity":{"high":0.07875064,"low":0.09052739359999999,"meium":0.7375576038,"none":0.09316436260000001},"expressive":{"dir-action":0.0012903225997419356,"dir-explicit":0.1443830005711234,"dir-speech":0.674480286665104,"indirect":0.08854070658229185,"writing-device":0.09130568358173886}},{"id":"웰덤치킨-하계점","permalink":"","username":"asdfg","text":"한조각도 안먹은사진인데\n양이 너무 줄은거아닌가요ㅜㅜ\n피드백 부탁드립니다","date":"Mon Dec 10 23:59:44 +0000 2018","retweets":"30","favorites":"20","mentions":[],"hashtags":[],"geo":"","raw":"한조각도 안먹은사진인데\n양이 너무 줄은거아닌가요ㅜㅜ\n피드백 부탁드립니다","polarity":{"com":0.028571428599999997,"pos":0.4285714286,"neg":0.5428571428,"neut":0,"none":0},"intensity":{"high":0.028571428599999997,"low":0.028571428599999997,"meium":0.9428571428,"none":0},"expressive":{"dir-action":0,"dir-explicit":0.3142857142,"dir-speech":0.3571428572,"indirect":0.22857142860000002,"writing-device":0.1}},{"id":"웰덤치킨-하계점","permalink":"","username":"asdfg","text":"잘먹었습니다.맛있게","date":"Mon Dec 10 23:59:44 +0000 2018","retweets":"30","favorites":"20","mentions":[],"hashtags":[],"geo":"","raw":"잘먹었습니다.맛있게","polarity":{"com":0,"pos":0.35714285717857136,"neg":0.6071428573035714,"neut":0.03571428551785714,"none":0},"intensity":{"high":0,"low":0.107142857,"meium":0.8928571430000001,"none":0},"expressive":{"dir-action":0,"dir-explicit":0.107142857,"dir-speech":0.5714285715,"indirect":0.3214285715,"writing-device":0}},{"id":"웰덤치킨-하계점","permalink":"","username":"asdfg","text":"배달도 빠르고 맛있어요","date":"Mon Dec 10 23:59:44 +0000 2018","retweets":"30","favorites":"20","mentions":[],"hashtags":[],"geo":"","raw":"배달도 빠르고 맛있어요","polarity":{"com":0,"pos":0.6666666666666666,"neg":0.3333333333333333,"neut":0,"none":0},"intensity":{"high":0,"low":0.111111111,"meium":0.888888889,"none":0},"expressive":{"dir-action":0,"dir-explicit":0,"dir-speech":0.6666666666666666,"indirect":0.3333333333333333,"writing-device":0}},{"id":"웰덤치킨-하계점","permalink":"","username":"asdfg","text":"맛있게 잘먹었어요. 특히 마늘치킨~ \n애들이 넘 좋아하네요.\n다만 떡볶이에서 밀가루 냄새가 나서 거부감이 ...\n배달 기사님도 넘 친절하셔서 좋네요","date":"Mon Dec 10 23:59:44 +0000 2018","retweets":"30","favorites":"20","mentions":[],"hashtags":[],"geo":"","raw":"맛있게 잘먹었어요. 특히 마늘치킨~ \n애들이 넘 좋아하네요.\n다만 떡볶이에서 밀가루 냄새가 나서 거부감이 ...\n배달 기사님도 넘 친절하셔서 좋네요","polarity":{"com":0.006297978857592713,"pos":0.45200975603228644,"neg":0.35118589881079904,"neut":0.028271193359162228,"none":0.16223517294015966},"intensity":{"high":0.06386398808055199,"low":0.05707268857958181,"meium":0.716045213959435,"none":0.16301810938043115},"expressive":{"dir-action":0.0010901560715064398,"dir-explicit":0.30301230909307236,"dir-speech":0.2649962685189283,"indirect":0.2721183994480085,"writing-device":0.1587828668684845}},{"id":"웰덤치킨-하계점","permalink":"","username":"asdfg","text":"3가지 맛에 까르보떡볶이 정말 만족스럽게 잘먹었습니다\n후라이드는 까르보소스에 찍어먹으면 더욱 맛있어요\n번창하세요!","date":"Mon Dec 10 23:59:44 +0000 2018","retweets":"30","favorites":"20","mentions":[],"hashtags":[],"geo":"","raw":"3가지 맛에 까르보떡볶이 정말 만족스럽게 잘먹었습니다\n후라이드는 까르보소스에 찍어먹으면 더욱 맛있어요\n번창하세요!","polarity":{"com":0.01630824375611559,"pos":0.540706605202765,"neg":0.3982526882743448,"neut":0.031317204261743954,"none":0.013415258505030723},"intensity":{"high":0.090885816625,"low":0.09884152574999999,"meium":0.796588581875,"none":0.01368407575},"expressive":{"dir-action":0.000806451625,"dir-explicit":0.30809651825000006,"dir-speech":0.4852406555,"indirect":0.190456989125,"writing-device":0.0153993855}},{"id":"웰덤치킨-하계점","permalink":"","username":"asdfg","text":"맛있게 잘먹었습니다.","date":"Mon Dec 10 23:59:44 +0000 2018","retweets":"30","favorites":"20","mentions":[],"hashtags":[],"geo":"","raw":"맛있게 잘먹었습니다.","polarity":{"com":0,"pos":0.35714285717857136,"neg":0.6071428573035714,"neut":0.03571428551785714,"none":0},"intensity":{"high":0,"low":0.107142857,"meium":0.8928571430000001,"none":0},"expressive":{"dir-action":0,"dir-explicit":0.107142857,"dir-speech":0.5714285715,"indirect":0.3214285715,"writing-device":0}},{"id":"웰덤치킨-하계점","permalink":"","username":"asdfg","text":"여전히 맛있네요오!!","date":"Mon Dec 10 23:59:44 +0000 2018","retweets":"30","favorites":"20","mentions":[],"hashtags":[],"geo":"","raw":"여전히 맛있네요오!!","polarity":{"com":0,"pos":0,"neg":0,"neut":0,"none":1},"intensity":{"high":0,"low":0,"meium":0,"none":1},"expressive":{"dir-action":0,"dir-explicit":0,"dir-speech":0,"indirect":0,"writing-device":1}},{"id":"웰덤치킨-하계점","permalink":"","username":"asdfg","text":"진짜 치킨도 맛있구 햄버거도 맛있었어용! 근데 세트에 햄버거 두개말구 하나루 하구 치킨양을 좀 들린 세트도 있었으면 좋겠어요!! 치킨 짱맛..","date":"Mon Dec 10 23:59:44 +0000 2018","retweets":"30","favorites":"20","mentions":[],"hashtags":[],"geo":"","raw":"진짜 치킨도 맛있구 햄버거도 맛있었어용! 근데 세트에 햄버거 두개말구 하나루 하구 치킨양을 좀 들린 세트도 있었으면 좋겠어요!! 치킨 짱맛..","polarity":{"com":0.004413341875,"pos":0.548885671375,"neg":0.21521021025,"neut":0.028936078875,"none":0.202554697625},"intensity":{"high":0.078356928375,"low":0.078192835625,"meium":0.640895538375,"none":0.202554697625},"expressive":{"dir-action":0.0018768768747653903,"dir-explicit":0.2131864007233517,"dir-speech":0.3790755039526156,"indirect":0.20434148434945731,"writing-device":0.20151973409981006}},{"id":"웰덤치킨-하계점","permalink":"","username":"asdfg","text":"양이 적은 줄 알았는데, 생각보다 많아요ㅋㅋ\n깐풍기? 간장? 은 쪼끔 조리를 오래하신 것 같아요\n까르보나라 떡볶이가 굵은 면같은 느낌이어서, 할머니가 좋아라하셨어요. 나쁘지 않은 선택입니다! 감사합니다, 사장님! 번창하세요.","date":"Mon Dec 10 23:59:44 +0000 2018","retweets":"30","favorites":"20","mentions":[],"hashtags":[],"geo":"","raw":"양이 적은 줄 알았는데, 생각보다 많아요ㅋㅋ\n깐풍기? 간장? 은 쪼끔 조리를 오래하신 것 같아요\n까르보나라 떡볶이가 굵은 면같은 느낌이어서, 할머니가 좋아라하셨어요. 나쁘지 않은 선택입니다! 감사합니다, 사장님! 번창하세요.","polarity":{"com":0.008506555588235295,"pos":0.5028768158235294,"neg":0.3677687458235294,"neut":0.050384356294117645,"none":0.07046352647058823},"intensity":{"high":0.14632300265566606,"low":0.23128520183713447,"meium":0.5499242916205838,"none":0.07246750388661576},"expressive":{"dir-action":0.002481116058823529,"dir-explicit":0.27733385482352935,"dir-speech":0.33368590776470575,"indirect":0.2516271957058823,"writing-device":0.1348719256470588}},{"id":"웰덤치킨-하계점","permalink":"","username":"asdfg","text":"음 맛도맛이지만 양은 보증한다 먹기도편하고\n여러맛이라 좋고\n시켜먹어볼만하다 맛나게먹어러","date":"Mon Dec 10 23:59:44 +0000 2018","retweets":"30","favorites":"20","mentions":[],"hashtags":[],"geo":"","raw":"음 맛도맛이지만 양은 보증한다 먹기도편하고\n여러맛이라 좋고\n시켜먹어볼만하다 맛나게먹어러","polarity":{"com":0.006816436299318357,"pos":0.6067081411393292,"neg":0.31379262686862075,"neut":0.018149001498185102,"none":0.054533794194546625},"intensity":{"high":0.09826420890000001,"low":0.1020414745,"meium":0.7449454686,"none":0.054748848},"expressive":{"dir-action":0.0006451613,"dir-explicit":0.20996927800000004,"dir-speech":0.6586290323,"indirect":0.0727703533,"writing-device":0.057986175099999995}},{"id":"웰덤치킨-하계점","permalink":"","username":"asdfg","text":"솔까 4가지라 양 적고 맛대가리없울쥴알앗거덩??\nㄴㄴ 맛도맛잇거니와 양도많고..\n치킨집여기로 옴긴다 겁나게 맛나부리는구마\n또시켜먹겟수다!!","date":"Mon Dec 10 23:59:44 +0000 2018","retweets":"30","favorites":"20","mentions":[],"hashtags":[],"geo":"","raw":"솔까 4가지라 양 적고 맛대가리없울쥴알앗거덩??\nㄴㄴ 맛도맛잇거니와 양도많고..\n치킨집여기로 옴긴다 겁나게 맛나부리는구마\n또시켜먹겟수다!!","polarity":{"com":0.012396694182945155,"pos":0.6113962893283088,"neg":0.23936713265812426,"neut":0.07229836473384531,"none":0.0645415190967765},"intensity":{"high":0.044966890822269706,"low":0.08089363418917214,"meium":0.8095979558917816,"none":0.06454151909677648},"expressive":{"dir-action":0,"dir-explicit":0.08908109892528747,"dir-speech":0.7169949068576355,"indirect":0.1149524607481732,"writing-device":0.07897153346890391}},{"id":"웰덤치킨-하계점","permalink":"","username":"asdfg","text":"잘먹었습니다  맛있어요","date":"Mon Dec 10 23:59:44 +0000 2018","retweets":"30","favorites":"20","mentions":[],"hashtags":[],"geo":"","raw":"잘먹었습니다  맛있어요","polarity":{"com":0,"pos":0.35714285717857136,"neg":0.6071428573035714,"neut":0.03571428551785714,"none":0},"intensity":{"high":0,"low":0.107142857,"meium":0.8928571430000001,"none":0},"expressive":{"dir-action":0,"dir-explicit":0.107142857,"dir-speech":0.5714285715,"indirect":0.3214285715,"writing-device":0}},{"id":"웰덤치킨-하계점","permalink":"","username":"asdfg","text":"🎊🎉💝👻💻📹📱🎋🎁🎄🎅","date":"Mon Dec 10 23:59:44 +0000 2018","retweets":"30","favorites":"20","mentions":[],"hashtags":[],"geo":"","raw":"🎊🎉💝👻💻📹📱🎋🎁🎄🎅","polarity":{"com":null,"pos":null,"neg":null,"neut":null,"none":null},"intensity":{"high":null,"low":null,"meium":null,"none":null},"expressive":{"dir-action":null,"dir-explicit":null,"dir-speech":null,"indirect":null,"writing-device":null}},{"id":"웰덤치킨-하계점","permalink":"","username":"asdfg","text":"맛있게 잘먹었습니다","date":"Mon Dec 10 23:59:44 +0000 2018","retweets":"30","favorites":"20","mentions":[],"hashtags":[],"geo":"","raw":"맛있게 잘먹었습니다","polarity":{"com":0,"pos":0.35714285717857136,"neg":0.6071428573035714,"neut":0.03571428551785714,"none":0},"intensity":{"high":0,"low":0.107142857,"meium":0.8928571430000001,"none":0},"expressive":{"dir-action":0,"dir-explicit":0.107142857,"dir-speech":0.5714285715,"indirect":0.3214285715,"writing-device":0}},{"id":"웰덤치킨-하계점","permalink":"","username":"asdfg","text":"완전 맛있어요! 맛도 여러가지 느낄수 있는데 이가격이면 개이득! 갈릭! 달달하니 완전 제 취향이더라구요ㅋㅋㅋ 잘먹었습니다~","date":"Mon Dec 10 23:59:44 +0000 2018","retweets":"30","favorites":"20","mentions":[],"hashtags":[],"geo":"","raw":"완전 맛있어요! 맛도 여러가지 느낄수 있는데 이가격이면 개이득! 갈릭! 달달하니 완전 제 취향이더라구요ㅋㅋㅋ 잘먹었습니다~","polarity":{"com":0.005692605272727272,"pos":0.5685151466363636,"neg":0.295943572,"neut":0.02773283618181818,"none":0.1021158399090909},"intensity":{"high":0.06972452545454545,"low":0.08716932,"meium":0.7399453825454546,"none":0.10316077200000001},"expressive":{"dir-action":0.0010449320910040846,"dir-explicit":0.1916797871992436,"dir-speech":0.23569072347597186,"indirect":0.4645513899513229,"writing-device":0.10703316728245754}},{"id":"웰덤치킨-하계점","permalink":"","username":"asdfg","text":"와 정말 맛있고 가성비 짱이네요ㅎㅎ 정말 감사하구 대박나세요!!ㅎ","date":"Mon Dec 10 23:59:44 +0000 2018","retweets":"30","favorites":"20","mentions":[],"hashtags":[],"geo":"","raw":"와 정말 맛있고 가성비 짱이네요ㅎㅎ 정말 감사하구 대박나세요!!ㅎ","polarity":{"com":0.0038126361666666665,"pos":0.5886208018333333,"neg":0.18482443483333333,"neut":0.12888690833333333,"none":0.09385521883333332},"intensity":{"high":0.2982981070497164,"low":0.04391958800731993,"meium":0.5639270860939878,"none":0.09385521884897587},"expressive":{"dir-action":0,"dir-explicit":0.18876439466666672,"dir-speech":0.4856088900000001,"indirect":0.2285035226666667,"writing-device":0.09712319266666669}},{"id":"웰덤치킨-하계점","permalink":"","username":"asdfg","text":"양이엄청많아서돟앗어요ㅎㅎㅎ","date":"Mon Dec 10 23:59:44 +0000 2018","retweets":"30","favorites":"20","mentions":[],"hashtags":[],"geo":"","raw":"양이엄청많아서돟앗어요ㅎㅎㅎ","polarity":{"com":null,"pos":null,"neg":null,"neut":null,"none":null},"intensity":{"high":null,"low":null,"meium":null,"none":null},"expressive":{"dir-action":null,"dir-explicit":null,"dir-speech":null,"indirect":null,"writing-device":null}},{"id":"웰덤치킨-하계점","permalink":"","username":"asdfg","text":"너무 맛있게 먹었어요!!!!!!","date":"Mon Dec 10 23:59:44 +0000 2018","retweets":"30","favorites":"20","mentions":[],"hashtags":[],"geo":"","raw":"너무 맛있게 먹었어요!!!!!!","polarity":{"com":0.0714285715,"pos":0.238095238,"neg":0.6904761905,"neut":0,"none":0},"intensity":{"high":0.126984127,"low":0.1825396825,"meium":0.6904761905,"none":0},"expressive":{"dir-action":0,"dir-explicit":0.3968253965,"dir-speech":0.531746032,"indirect":0.0714285715,"writing-device":0}}]