[{"id":"굽네치킨-공릉2동점","permalink":"","username":"asdfg","text":"볼케이노 맛있는데\n쌀떡볶이 추가하세요ㅠㅠㅠ 진짜 존맛..","date":"Mon Dec 10 23:59:44 +0000 2018","retweets":"30","favorites":"20","mentions":[],"hashtags":[],"geo":"","raw":"볼케이노 맛있는데\n쌀떡볶이 추가하세요ㅠㅠㅠ 진짜 존맛..","polarity":{"com":0.00483870975,"pos":0.379032258,"neg":0.588172043,"neut":0.020967742,"none":0.00698924725},"intensity":{"high":0.0349462365,"low":0.029032258,"meium":0.92849462375,"none":0.00752688175},"expressive":{"dir-action":0.00161290325,"dir-explicit":0.07849462375,"dir-speech":0.5736559139999999,"indirect":0.33924731175,"writing-device":0.00698924725}},{"id":"굽네치킨-공릉2동점","permalink":"","username":"asdfg","text":"전에 한번 먹어보고 반해서 다시 시켜먹었는데\n역시나 너무 맛있었어요","date":"Mon Dec 10 23:59:44 +0000 2018","retweets":"30","favorites":"20","mentions":[],"hashtags":[],"geo":"","raw":"전에 한번 먹어보고 반해서 다시 시켜먹었는데\n역시나 너무 맛있었어요","polarity":{"com":0.030753968328207672,"pos":0.2996031744500662,"neg":0.4583333334236111,"neut":0.18055555546990742,"none":0.030753968328207672},"intensity":{"high":0.1124338625,"low":0.27843915333333336,"meium":0.5783730158333332,"none":0.03075396833333333},"expressive":{"dir-action":0,"dir-explicit":0.24867724854144624,"dir-speech":0.668981481611497,"indirect":0.044642857174107146,"writing-device":0.03769841267294974}},{"id":"굽네치킨-공릉2동점","permalink":"","username":"asdfg","text":"가끔씩 시켜먹는데 역시 최고입니다","date":"Mon Dec 10 23:59:44 +0000 2018","retweets":"30","favorites":"20","mentions":[],"hashtags":[],"geo":"","raw":"가끔씩 시켜먹는데 역시 최고입니다","polarity":{"com":0.0076252723358750905,"pos":0.35076252711692085,"neg":0.3148148151049383,"neut":0.1416122003805374,"none":0.1851851850617284},"intensity":{"high":0.07952069705301379,"low":0.21241830047494553,"meium":0.5228758173485839,"none":0.1851851851234568},"expressive":{"dir-action":0,"dir-explicit":0.3246187364415396,"dir-speech":0.43790849681263616,"indirect":0.04575163401525055,"writing-device":0.19172113273057373}},{"id":"굽네치킨-공릉2동점","permalink":"","username":"asdfg","text":"맛잇어욤~~~!!!","date":"Mon Dec 10 23:59:44 +0000 2018","retweets":"30","favorites":"20","mentions":[],"hashtags":[],"geo":"","raw":"맛잇어욤~~~!!!","polarity":{"com":0,"pos":1,"neg":0,"neut":0,"none":0},"intensity":{"high":0,"low":0,"meium":1,"none":0},"expressive":{"dir-action":0,"dir-explicit":0,"dir-speech":1,"indirect":0,"writing-device":0}},{"id":"굽네치킨-공릉2동점","permalink":"","username":"asdfg","text":"맛있어요 배달도 생각보다 빨리 왔네요","date":"Mon Dec 10 23:59:44 +0000 2018","retweets":"30","favorites":"20","mentions":[],"hashtags":[],"geo":"","raw":"맛있어요 배달도 생각보다 빨리 왔네요","polarity":{"com":0,"pos":0.29017857150000004,"neg":0.6369047617500001,"neut":0.06250000000000001,"none":0.010416666750000001},"intensity":{"high":0.12797619046800596,"low":0.13392857146651785,"meium":0.7276785713180803,"none":0.010416666747395832},"expressive":{"dir-action":0,"dir-explicit":0.2901785714999999,"dir-speech":0.40029761899999994,"indirect":0.29910714274999994,"writing-device":0.010416666749999998}},{"id":"굽네치킨-공릉2동점","permalink":"","username":"asdfg","text":"배달이 좀 늦었지만 맛있었어요","date":"Mon Dec 10 23:59:44 +0000 2018","retweets":"30","favorites":"20","mentions":[],"hashtags":[],"geo":"","raw":"배달이 좀 늦었지만 맛있었어요","polarity":{"com":0,"pos":0.6666666666666666,"neg":0.3333333333333333,"neut":0,"none":0},"intensity":{"high":0,"low":0,"meium":1,"none":0},"expressive":{"dir-action":0,"dir-explicit":0.13333333333333333,"dir-speech":0.8666666666666667,"indirect":0,"writing-device":0}},{"id":"굽네치킨-공릉2동점","permalink":"","username":"asdfg","text":"배송도 빠르고 맛있게 잘 먹었네요","date":"Mon Dec 10 23:59:44 +0000 2018","retweets":"30","favorites":"20","mentions":[],"hashtags":[],"geo":"","raw":"배송도 빠르고 맛있게 잘 먹었네요","polarity":{"com":0.0023809523341269843,"pos":0.3095238094365079,"neg":0.514285714504762,"neut":0.028571428342857145,"none":0.14523809538174604},"intensity":{"high":0.04761904766666666,"low":0.10952380933333332,"meium":0.6976190476666666,"none":0.14523809533333332},"expressive":{"dir-action":0,"dir-explicit":0.13333333328888888,"dir-speech":0.48095238083968256,"indirect":0.24285714291904759,"writing-device":0.14285714295238094}},{"id":"굽네치킨-공릉2동점","permalink":"","username":"asdfg","text":"역시 굽네네요. 맛좋고 배달도 빨랐어용","date":"Mon Dec 10 23:59:44 +0000 2018","retweets":"30","favorites":"20","mentions":[],"hashtags":[],"geo":"","raw":"역시 굽네네요. 맛좋고 배달도 빨랐어용","polarity":{"com":0.004575163400915033,"pos":0.7437908497487582,"neg":0.055555555611111106,"neut":0.08496732021699346,"none":0.11111111102222222},"intensity":{"high":0.025490196010196076,"low":0.1496732024598693,"meium":0.7137254904854902,"none":0.11111111104444445},"expressive":{"dir-action":0,"dir-explicit":0.15032679743006536,"dir-speech":0.5071895425014379,"indirect":0.2274509804454902,"writing-device":0.11503267962300655}},{"id":"굽네치킨-공릉2동점","permalink":"","username":"asdfg","text":"맛있는데 양이조금 부족하네...","date":"Mon Dec 10 23:59:44 +0000 2018","retweets":"30","favorites":"20","mentions":[],"hashtags":[],"geo":"","raw":"맛있는데 양이조금 부족하네...","polarity":{"com":0.006451612999999999,"pos":0.42204301066666666,"neg":0.4508960573333334,"neut":0.027956989333333335,"none":0.09265232966666666},"intensity":{"high":0.21326164866666664,"low":0.038709677333333324,"meium":0.6546594983333333,"none":0.09336917566666667},"expressive":{"dir-action":0.002150537666666667,"dir-explicit":0.271326165,"dir-speech":0.514874552,"indirect":0.11899641566666667,"writing-device":0.09265232966666666}},{"id":"굽네치킨-공릉2동점","permalink":"","username":"asdfg","text":"배송도 빠르고 맛있게 잘 먹었습니다","date":"Mon Dec 10 23:59:44 +0000 2018","retweets":"30","favorites":"20","mentions":[],"hashtags":[],"geo":"","raw":"배송도 빠르고 맛있게 잘 먹었습니다","polarity":{"com":0.0023809523341269843,"pos":0.3095238094365079,"neg":0.514285714504762,"neut":0.028571428342857145,"none":0.14523809538174604},"intensity":{"high":0.04761904766666666,"low":0.10952380933333332,"meium":0.6976190476666666,"none":0.14523809533333332},"expressive":{"dir-action":0,"dir-explicit":0.13333333328888888,"dir-speech":0.48095238083968256,"indirect":0.24285714291904759,"writing-device":0.14285714295238094}},{"id":"굽네치킨-공릉2동점","permalink":"","username":"asdfg","text":"맛있어요 또 시켜먹고 싶어요","date":"Mon Dec 10 23:59:44 +0000 2018","retweets":"30","favorites":"20","mentions":[],"hashtags":[],"geo":"","raw":"맛있어요 또 시켜먹고 싶어요","polarity":{"com":0,"pos":0.1587301586137566,"neg":0.6984126984338624,"neut":0,"none":0.14285714295238094},"intensity":{"high":0.037037037,"low":0.074074074,"meium":0.746031746,"none":0.142857143},"expressive":{"dir-action":0,"dir-explicit":0.12169312166666667,"dir-speech":0.687830688,"indirect":0,"writing-device":0.19047619033333332}},{"id":"굽네치킨-공릉2동점","permalink":"","username":"asdfg","text":"솔찍히 양은 적습니다","date":"Mon Dec 10 23:59:44 +0000 2018","retweets":"30","favorites":"20","mentions":[],"hashtags":[],"geo":"","raw":"솔찍히 양은 적습니다","polarity":{"com":0,"pos":0.444444444,"neg":0.555555556,"neut":0,"none":0},"intensity":{"high":0.222222222,"low":0,"meium":0.777777778,"none":0},"expressive":{"dir-action":0,"dir-explicit":0.444444444,"dir-speech":0,"indirect":0.555555556,"writing-device":0}},{"id":"굽네치킨-공릉2동점","permalink":"","username":"asdfg","text":"ㅅㅅㅈㅂ ㄱㅊㄱㅈㅅㅊ","date":"Mon Dec 10 23:59:44 +0000 2018","retweets":"30","favorites":"20","mentions":[],"hashtags":[],"geo":"","raw":"ㅅㅅㅈㅂ ㄱㅊㄱㅈㅅㅊ","polarity":{"com":null,"pos":null,"neg":null,"neut":null,"none":null},"intensity":{"high":null,"low":null,"meium":null,"none":null},"expressive":{"dir-action":null,"dir-explicit":null,"dir-speech":null,"indirect":null,"writing-device":null}},{"id":"굽네치킨-공릉2동점","permalink":"","username":"asdfg","text":"딸래미가 혼자 1인 1닭하셨네요","date":"Mon Dec 10 23:59:44 +0000 2018","retweets":"30","favorites":"20","mentions":[],"hashtags":[],"geo":"","raw":"딸래미가 혼자 1인 1닭하셨네요","polarity":{"com":0.005952381,"pos":0.8035714286666668,"neg":0.15476190466666667,"neut":0.026785714333333335,"none":0.008928571333333333},"intensity":{"high":0.05357142866666667,"low":0.369047619,"meium":0.5654761903333333,"none":0.011904762},"expressive":{"dir-action":0,"dir-explicit":0.125,"dir-speech":0.4375,"indirect":0.42857142866666664,"writing-device":0.008928571333333333}},{"id":"굽네치킨-공릉2동점","permalink":"","username":"asdfg","text":"생각보다 빠르게 배달이와서 좋앗어요\n맛도 좋고 매콤하니 더운데 입맛돋아나게햇네요\n잘먹을께요~","date":"Mon Dec 10 23:59:44 +0000 2018","retweets":"30","favorites":"20","mentions":[],"hashtags":[],"geo":"","raw":"생각보다 빠르게 배달이와서 좋앗어요\n맛도 좋고 매콤하니 더운데 입맛돋아나게햇네요\n잘먹을께요~","polarity":{"com":0.0035518277003551827,"pos":0.6443737407644373,"neg":0.22962242042296221,"neut":0.09234271210923427,"none":0.03010929900301093},"intensity":{"high":0.05123899759487611,"low":0.10481399128951861,"meium":0.8123879865187613,"none":0.03155902459684411},"expressive":{"dir-action":0.0014497256001449726,"dir-explicit":0.1662517566166252,"dir-speech":0.38050736693805076,"indirect":0.41793327574179334,"writing-device":0.03385787510338579}},{"id":"굽네치킨-공릉2동점","permalink":"","username":"asdfg","text":"맛있게 먹었어요!!","date":"Mon Dec 10 23:59:44 +0000 2018","retweets":"30","favorites":"20","mentions":[],"hashtags":[],"geo":"","raw":"맛있게 먹었어요!!","polarity":{"com":0,"pos":0.1666666665,"neg":0.8333333334999999,"neut":0,"none":0},"intensity":{"high":0.0555555555,"low":0.111111111,"meium":0.8333333334999999,"none":0},"expressive":{"dir-action":0,"dir-explicit":0.111111111,"dir-speech":0.888888889,"indirect":0,"writing-device":0}},{"id":"굽네치킨-공릉2동점","permalink":"","username":"asdfg","text":"덜매워서좋고 살짝단맛도 좋고요\n울아들 즐겨시켜먹는 치킨임돠","date":"Mon Dec 10 23:59:44 +0000 2018","retweets":"30","favorites":"20","mentions":[],"hashtags":[],"geo":"","raw":"덜매워서좋고 살짝단맛도 좋고요\n울아들 즐겨시켜먹는 치킨임돠","polarity":{"com":0.02524599585714286,"pos":0.7282022551428571,"neg":0.19030525042857144,"neut":0.01307189542857143,"none":0.04317460314285715},"intensity":{"high":0.1260216907322888,"low":0.06583494929511928,"meium":0.7649687568235669,"none":0.04317460314902494},"expressive":{"dir-action":0,"dir-explicit":0.34534942185714285,"dir-speech":0.43895712128571424,"indirect":0.16971773328571427,"writing-device":0.045975723571428574}},{"id":"굽네치킨-공릉2동점","permalink":"","username":"asdfg","text":"배달료가 들어가긴하는데 넘 비싸요 ㅠ 그래도 넘 맛있어요 양은 적어요","date":"Mon Dec 10 23:59:44 +0000 2018","retweets":"30","favorites":"20","mentions":[],"hashtags":[],"geo":"","raw":"배달료가 들어가긴하는데 넘 비싸요 ㅠ 그래도 넘 맛있어요 양은 적어요","polarity":{"com":0.006614364142857142,"pos":0.344904038,"neg":0.5118871385714285,"neut":0.035805242142857144,"none":0.10078921714285716},"intensity":{"high":0.13015137073287877,"low":0.062369798437481395,"meium":0.7037720672433959,"none":0.10370676358624382},"expressive":{"dir-action":0.0016420361428571425,"dir-explicit":0.1409830374285714,"dir-speech":0.4886352282857142,"indirect":0.24536787185714284,"writing-device":0.12337182628571426}},{"id":"굽네치킨-공릉2동점","permalink":"","username":"asdfg","text":"언제나 따봉~~GOOD 👍","date":"Mon Dec 10 23:59:44 +0000 2018","retweets":"30","favorites":"20","mentions":[],"hashtags":[],"geo":"","raw":"언제나 따봉~~GOOD 👍","polarity":{"com":null,"pos":null,"neg":null,"neut":null,"none":null},"intensity":{"high":null,"low":null,"meium":null,"none":null},"expressive":{"dir-action":null,"dir-explicit":null,"dir-speech":null,"indirect":null,"writing-device":null}},{"id":"굽네치킨-공릉2동점","permalink":"","username":"asdfg","text":"배달은 빨랐던거 같은데 기대했던것보다 제입맛에는 안맛더라요! 아 그리고 양이 너무적은듯","date":"Mon Dec 10 23:59:44 +0000 2018","retweets":"30","favorites":"20","mentions":[],"hashtags":[],"geo":"","raw":"배달은 빨랐던거 같은데 기대했던것보다 제입맛에는 안맛더라요! 아 그리고 양이 너무적은듯","polarity":{"com":0.04534942184964227,"pos":0.5987718164306748,"neg":0.2682539682514042,"neut":0.01924872507840375,"none":0.06837606838987509},"intensity":{"high":0.04350355523076922,"low":0.08015513892307692,"meium":0.8079652374615385,"none":0.06837606838461538},"expressive":{"dir-action":0,"dir-explicit":0.1536665949230769,"dir-speech":0.4170509229230769,"indirect":0.27942253823076924,"writing-device":0.14985994392307692}},{"id":"굽네치킨-공릉2동점","permalink":"","username":"asdfg","text":"역시나 맛있. 믿고먹는 굽네.\n배달하시는 분도 친절하고 좋아요👍","date":"Mon Dec 10 23:59:44 +0000 2018","retweets":"30","favorites":"20","mentions":[],"hashtags":[],"geo":"","raw":"역시나 맛있. 믿고먹는 굽네.\n배달하시는 분도 친절하고 좋아요👍","polarity":{"com":0.0032258064999999996,"pos":0.6421326163333334,"neg":0.3293369176666667,"neut":0.013978494666666667,"none":0.011326164833333333},"intensity":{"high":0.10292712064951215,"low":0.09083632015152729,"meium":0.7945519713675747,"none":0.011684587831385904},"expressive":{"dir-action":0.0010752688335125447,"dir-explicit":0.28658900838109813,"dir-speech":0.5176224612529371,"indirect":0.18338709669723116,"writing-device":0.011326164835221026}},{"id":"굽네치킨-공릉2동점","permalink":"","username":"asdfg","text":"기름기쏙빠져서담백하고바삭하고맛있어요.\n양념도너무달콤하고맛있네요.\n금욜저녁인데도\n배달도일찍도착해서너무잘먹었습니다~","date":"Mon Dec 10 23:59:44 +0000 2018","retweets":"30","favorites":"20","mentions":[],"hashtags":[],"geo":"","raw":"기름기쏙빠져서담백하고바삭하고맛있어요.\n양념도너무달콤하고맛있네요.\n금욜저녁인데도\n배달도일찍도착해서너무잘먹었습니다~","polarity":{"com":0.020466051615384617,"pos":0.28983552853846156,"neg":0.5240033908461539,"neut":0.02717407392307692,"none":0.13852095507692308},"intensity":{"high":0.11484202815384618,"low":0.10772075653846155,"meium":0.6374046604615384,"none":0.14003255484615387},"expressive":{"dir-action":0.0018424516920242382,"dir-explicit":0.2668166894974129,"dir-speech":0.4042079523993526,"indirect":0.18563748704836344,"writing-device":0.14149541936284687}},{"id":"굽네치킨-공릉2동점","permalink":"","username":"asdfg","text":"생각보다빨리왔어요ㅋ잘먹었습니다~~","date":"Mon Dec 10 23:59:44 +0000 2018","retweets":"30","favorites":"20","mentions":[],"hashtags":[],"geo":"","raw":"생각보다빨리왔어요ㅋ잘먹었습니다~~","polarity":{"com":0,"pos":0.4375,"neg":0.4166666665,"neut":0.125,"none":0.0208333335},"intensity":{"high":0.0416666665,"low":0.125,"meium":0.8125,"none":0.0208333335},"expressive":{"dir-action":0,"dir-explicit":0.4375,"dir-speech":0.2291666665,"indirect":0.3125,"writing-device":0.0208333335}},{"id":"굽네치킨-공릉2동점","permalink":"","username":"asdfg","text":"아이들이 좋아해요!","date":"Mon Dec 10 23:59:44 +0000 2018","retweets":"30","favorites":"20","mentions":[],"hashtags":[],"geo":"","raw":"아이들이 좋아해요!","polarity":{"com":0,"pos":1,"neg":0,"neut":0,"none":0},"intensity":{"high":0,"low":0,"meium":1,"none":0},"expressive":{"dir-action":0,"dir-explicit":0,"dir-speech":0.5,"indirect":0.5,"writing-device":0}},{"id":"굽네치킨-공릉2동점","permalink":"","username":"asdfg","text":"밥이랑 너무 잘어울려요ㅠㅠ","date":"Mon Dec 10 23:59:44 +0000 2018","retweets":"30","favorites":"20","mentions":[],"hashtags":[],"geo":"","raw":"밥이랑 너무 잘어울려요ㅠㅠ","polarity":{"com":0.07142857150000001,"pos":0.07142857150000001,"neg":0.857142857,"neut":0,"none":0},"intensity":{"high":0.0714285715,"low":0.3214285715,"meium":0.357142857,"none":0.25},"expressive":{"dir-action":0,"dir-explicit":0.5357142855,"dir-speech":0.39285714299999996,"indirect":0.0714285715,"writing-device":0}},{"id":"굽네치킨-공릉2동점","permalink":"","username":"asdfg","text":"치밥엔 역시 굽네지요~~♡","date":"Mon Dec 10 23:59:44 +0000 2018","retweets":"30","favorites":"20","mentions":[],"hashtags":[],"geo":"","raw":"치밥엔 역시 굽네지요~~♡","polarity":{"com":0.0017361110004340278,"pos":0.20436507930109127,"neg":0.5922619048980654,"neut":0.027281746006820436,"none":0.1743551587935888},"intensity":{"high":0.023561507994109623,"low":0.19146825395213293,"meium":0.4856150793785962,"none":0.29935515867516116},"expressive":{"dir-action":0,"dir-explicit":0.25496031750000003,"dir-speech":0.513888889,"indirect":0.040674603000000004,"writing-device":0.1904761905}},{"id":"굽네치킨-공릉2동점","permalink":"","username":"asdfg","text":"주소지 잘못적어서 죄송합니다\n잘먹엇습니다","date":"Mon Dec 10 23:59:44 +0000 2018","retweets":"30","favorites":"20","mentions":[],"hashtags":[],"geo":"","raw":"주소지 잘못적어서 죄송합니다\n잘먹엇습니다","polarity":{"com":0.012012012,"pos":0.3063063065,"neg":0.653153153,"neut":0.0165165165,"none":0.012012012},"intensity":{"high":0.307057057,"low":0.042042042,"meium":0.6373873875,"none":0.0135135135},"expressive":{"dir-action":0.0015015015000000003,"dir-explicit":0.40615615600000005,"dir-speech":0.045045045000000006,"indirect":0.533783784,"writing-device":0.013513513500000001}},{"id":"굽네치킨-공릉2동점","permalink":"","username":"asdfg","text":"역시 맛있어용 양은 좀 박하지만ㅋㅋㅋ","date":"Mon Dec 10 23:59:44 +0000 2018","retweets":"30","favorites":"20","mentions":[],"hashtags":[],"geo":"","raw":"역시 맛있어용 양은 좀 박하지만ㅋㅋㅋ","polarity":{"com":0,"pos":0.6666666668333333,"neg":0,"neut":0.16666666658333334,"none":0.16666666658333334},"intensity":{"high":0,"low":0.16666666658333334,"meium":0.6666666668333333,"none":0.16666666658333334},"expressive":{"dir-action":0,"dir-explicit":0.16666666658333332,"dir-speech":0.6666666668333333,"indirect":0,"writing-device":0.16666666658333332}},{"id":"굽네치킨-공릉2동점","permalink":"","username":"asdfg","text":"역시 밥엔 갈비천왕입니다~","date":"Mon Dec 10 23:59:44 +0000 2018","retweets":"30","favorites":"20","mentions":[],"hashtags":[],"geo":"","raw":"역시 밥엔 갈비천왕입니다~","polarity":{"com":0.007625272338416848,"pos":0.34547152189698105,"neg":0.2619047621746032,"neut":0.17335823211557216,"none":0.21164021147442683},"intensity":{"high":0.05306567070204378,"low":0.2177093058118062,"meium":0.5175848120117232,"none":0.21164021147442683},"expressive":{"dir-action":0,"dir-explicit":0.30345471543448493,"dir-speech":0.4008714598002905,"indirect":0.07220666035740222,"writing-device":0.2234671644078224}},{"id":"굽네치킨-공릉2동점","permalink":"","username":"asdfg","text":"역시 치킨은 볼케이노가 최고네요ㅎㅎ\n맛있게 잘먹었습니다","date":"Mon Dec 10 23:59:44 +0000 2018","retweets":"30","favorites":"20","mentions":[],"hashtags":[],"geo":"","raw":"역시 치킨은 볼케이노가 최고네요ㅎㅎ\n맛있게 잘먹었습니다","polarity":{"com":0.011536422602307285,"pos":0.37331062367466217,"neg":0.5031342481006268,"neut":0.05543745741108749,"none":0.05658124821131625},"intensity":{"high":0.0779720362311888,"low":0.10774422744309768,"meium":0.7559167737023667,"none":0.058366962623346785},"expressive":{"dir-action":0,"dir-explicit":0.2557545618,"dir-speech":0.4434587112,"indirect":0.24028391019999998,"writing-device":0.060502816800000005}},{"id":"굽네치킨-공릉2동점","permalink":"","username":"asdfg","text":"굽네 갈비천왕 최고!\n단 갈비천왕은 양이 적다는 게 조금 단점이지만\n밥이랑 같이 먹으면 좋아여","date":"Mon Dec 10 23:59:44 +0000 2018","retweets":"30","favorites":"20","mentions":[],"hashtags":[],"geo":"","raw":"굽네 갈비천왕 최고!\n단 갈비천왕은 양이 적다는 게 조금 단점이지만\n밥이랑 같이 먹으면 좋아여","polarity":{"com":0.0018832392220129739,"pos":0.4684559048368383,"neg":0.5005894377221568,"neut":0.020860495442126616,"none":0.008210922776865458},"intensity":{"high":0.32293286336921484,"low":0.15626249457291808,"meium":0.45703816371744865,"none":0.0637664783404185},"expressive":{"dir-action":0,"dir-explicit":0.2698754165555556,"dir-speech":0.34647737700000003,"indirect":0.3754362836666667,"writing-device":0.00821092277777778}},{"id":"굽네치킨-공릉2동점","permalink":"","username":"asdfg","text":"맛도 무난하고 배달도 적당했지만 양이 적어 아쉬웠어요","date":"Mon Dec 10 23:59:44 +0000 2018","retweets":"30","favorites":"20","mentions":[],"hashtags":[],"geo":"","raw":"맛도 무난하고 배달도 적당했지만 양이 적어 아쉬웠어요","polarity":{"com":0,"pos":0.8,"neg":0.2,"neut":0,"none":0},"intensity":{"high":0,"low":0.2,"meium":0.8,"none":0},"expressive":{"dir-action":0,"dir-explicit":0.2,"dir-speech":0.4,"indirect":0.4,"writing-device":0}},{"id":"굽네치킨-공릉2동점","permalink":"","username":"asdfg","text":"맛있게 잘먹었습니드","date":"Mon Dec 10 23:59:44 +0000 2018","retweets":"30","favorites":"20","mentions":[],"hashtags":[],"geo":"","raw":"맛있게 잘먹었습니드","polarity":{"com":0,"pos":0.35714285717857136,"neg":0.6071428573035714,"neut":0.03571428551785714,"none":0},"intensity":{"high":0,"low":0.107142857,"meium":0.8928571430000001,"none":0},"expressive":{"dir-action":0,"dir-explicit":0.107142857,"dir-speech":0.5714285715,"indirect":0.3214285715,"writing-device":0}},{"id":"굽네치킨-공릉2동점","permalink":"","username":"asdfg","text":"소스가 좀 적어요 소스가 아주 살짝만 뭍혀져잇어오 소스좀 많이주세오","date":"Mon Dec 10 23:59:44 +0000 2018","retweets":"30","favorites":"20","mentions":[],"hashtags":[],"geo":"","raw":"소스가 좀 적어요 소스가 아주 살짝만 뭍혀져잇어오 소스좀 많이주세오","polarity":{"com":0.005952381000992062,"pos":0.49089336591514887,"neg":0.30291005288381834,"neut":0.11866605618644432,"none":0.08157814401359635},"intensity":{"high":0.10770248283333334,"low":0.044261294166666666,"meium":0.7634818883333333,"none":0.08455433466666668},"expressive":{"dir-action":0,"dir-explicit":0.3042022791666667,"dir-speech":0.33023504266666664,"indirect":0.2882580385,"writing-device":0.07730463966666666}},{"id":"굽네치킨-공릉2동점","permalink":"","username":"asdfg","text":"매워요... \n집에있는 치즈를 뿌리고 전자렌지에 돌려서 먹으면 훨씬 좋아요.👍","date":"Mon Dec 10 23:59:44 +0000 2018","retweets":"30","favorites":"20","mentions":[],"hashtags":[],"geo":"","raw":"매워요... \n집에있는 치즈를 뿌리고 전자렌지에 돌려서 먹으면 훨씬 좋아요.👍","polarity":{"com":0.008919093001486517,"pos":0.45870614690978445,"neg":0.4430985240738498,"neut":0.013383378835563899,"none":0.07589285717931549},"intensity":{"high":0.21491865500000007,"low":0.09391323766666668,"meium":0.6152752501666666,"none":0.07589285716666667},"expressive":{"dir-action":0.0021231423326256195,"dir-explicit":0.4689258751770247,"dir-speech":0.38360104303879966,"indirect":0.06839551114386816,"writing-device":0.07695442830768186}},{"id":"굽네치킨-공릉2동점","permalink":"","username":"asdfg","text":"굿~","date":"Mon Dec 10 23:59:44 +0000 2018","retweets":"30","favorites":"20","mentions":[],"hashtags":[],"geo":"","raw":"굿~~~~~~~~~~","polarity":{"com":0,"pos":1,"neg":0,"neut":0,"none":0},"intensity":{"high":0,"low":0,"meium":1,"none":0},"expressive":{"dir-action":0,"dir-explicit":0,"dir-speech":0,"indirect":1,"writing-device":0}},{"id":"굽네치킨-공릉2동점","permalink":"","username":"asdfg","text":"역시 굽네예용 젤 마싯음","date":"Mon Dec 10 23:59:44 +0000 2018","retweets":"30","favorites":"20","mentions":[],"hashtags":[],"geo":"","raw":"역시 굽네예용 젤 마싯음","polarity":{"com":0,"pos":0.16666666658333332,"neg":0.5000000002499999,"neut":0.16666666658333332,"none":0.16666666658333332},"intensity":{"high":0,"low":0.16666666658333332,"meium":0.6666666668333333,"none":0.16666666658333332},"expressive":{"dir-action":0,"dir-explicit":0.16666666658333332,"dir-speech":0.6666666668333333,"indirect":0,"writing-device":0.16666666658333332}},{"id":"굽네치킨-공릉2동점","permalink":"","username":"asdfg","text":"매콤하니 맛나네요. ㅎㅎ","date":"Mon Dec 10 23:59:44 +0000 2018","retweets":"30","favorites":"20","mentions":[],"hashtags":[],"geo":"","raw":"매콤하니 맛나네요. ㅎㅎ","polarity":{"com":0.024024024,"pos":0.612612613,"neg":0.306306306,"neut":0.033033033,"none":0.024024024},"intensity":{"high":0.114114114,"low":0.084084084,"meium":0.774774775,"none":0.027027027},"expressive":{"dir-action":0.003003003,"dir-explicit":0.312312312,"dir-speech":0.09009009,"indirect":0.567567568,"writing-device":0.027027027}},{"id":"굽네치킨-공릉2동점","permalink":"","username":"asdfg","text":"진짜 밥이랑 먹으면 딱일것같아요~^^ 매운소스\n추가해서 먹음 더 맛잇어요","date":"Mon Dec 10 23:59:44 +0000 2018","retweets":"30","favorites":"20","mentions":[],"hashtags":[],"geo":"","raw":"진짜 밥이랑 먹으면 딱일것같아요~^^ 매운소스\n추가해서 먹음 더 맛잇어요","polarity":{"com":0.0027649769996050035,"pos":0.3962435412291081,"neg":0.5070939813561295,"neut":0.02496857985357592,"none":0.06892892056158159},"intensity":{"high":0.051715309714285715,"low":0.1515104965714286,"meium":0.656109482,"none":0.1406647117142857},"expressive":{"dir-action":0.0009216589998683344,"dir-explicit":0.36159288737691536,"dir-speech":0.5045710562136326,"indirect":0.06398547684800207,"writing-device":0.06892892056158158}},{"id":"굽네치킨-공릉2동점","permalink":"","username":"asdfg","text":"볼케이노가 매웠어요 땀엄청흘리고먹음","date":"Mon Dec 10 23:59:44 +0000 2018","retweets":"30","favorites":"20","mentions":[],"hashtags":[],"geo":"","raw":"볼케이노가 매웠어요 땀엄청흘리고먹음","polarity":{"com":0.004464285750000001,"pos":0.18601190475000004,"neg":0.78273809525,"neut":0.020089285750000005,"none":0.0066964285000000005},"intensity":{"high":0.56795634925,"low":0.08234126975,"meium":0.3407738095,"none":0.0089285715},"expressive":{"dir-action":0,"dir-explicit":0.1493055555,"dir-speech":0.2725694445,"indirect":0.5714285715,"writing-device":0.0066964285}},{"id":"굽네치킨-공릉2동점","permalink":"","username":"asdfg","text":"갈비천왕맛나네요 긋굿","date":"Mon Dec 10 23:59:44 +0000 2018","retweets":"30","favorites":"20","mentions":[],"hashtags":[],"geo":"","raw":"갈비천왕맛나네요 긋굿","polarity":{"com":null,"pos":null,"neg":null,"neut":null,"none":null},"intensity":{"high":null,"low":null,"meium":null,"none":null},"expressive":{"dir-action":null,"dir-explicit":null,"dir-speech":null,"indirect":null,"writing-device":null}},{"id":"굽네치킨-공릉2동점","permalink":"","username":"asdfg","text":"와 갈비천왕 안먹어봤지만 갈비천왕보다 맛있을거같다고 남자친구가 말했어요\n진짜 너무너무너무 맛있었어요 뼈까지 쪽쪽 빨아먹었어요 와 진짜 대박 굿굿굿 엄청 맛있었어요\n양도 많고 감사합니다🌹","date":"Mon Dec 10 23:59:44 +0000 2018","retweets":"30","favorites":"20","mentions":[],"hashtags":[],"geo":"","raw":"와 갈비천왕 안먹어봤지만 갈비천왕보다 맛있을거같다고 남자친구가 말했어요\n진짜 너무너무너무 맛있었어요 뼈까지 쪽쪽 빨아먹었어요 와 진짜 대박 굿굿굿 엄청 맛있었어요\n양도 많고 감사합니다🌹","polarity":{"com":0.011479591857962827,"pos":0.43348021031667716,"neg":0.4034477426716749,"neut":0.10097789115006985,"none":0.05061456400361532},"intensity":{"high":0.1266620284376187,"low":0.06872294371919449,"meium":0.7501159554821512,"none":0.05449907236103564},"expressive":{"dir-action":0,"dir-explicit":0.1455241187246803,"dir-speech":0.43342223260238727,"indirect":0.295763760021126,"writing-device":0.12528988865180643}},{"id":"굽네치킨-공릉2동점","permalink":"","username":"asdfg","text":"와 진짜 맛있는데요~~ 갈비소스에 찍어먹으니 더 맛있었어요!!","date":"Mon Dec 10 23:59:44 +0000 2018","retweets":"30","favorites":"20","mentions":[],"hashtags":[],"geo":"","raw":"와 진짜 맛있는데요~~ 갈비소스에 찍어먹으니 더 맛있었어요!!","polarity":{"com":0,"pos":0.38224637675,"neg":0.46014492749999997,"neut":0.1467391305,"none":0.01086956525},"intensity":{"high":0.0712560385,"low":0.077294686,"meium":0.84057971025,"none":0.01086956525},"expressive":{"dir-action":0,"dir-explicit":0.17512077300000004,"dir-speech":0.6455314010000001,"indirect":0.16847826075000003,"writing-device":0.010869565250000001}},{"id":"굽네치킨-공릉2동점","permalink":"","username":"asdfg","text":"익스트림 짱짱 매워요!!\n한두개는 별로 안 매웠는데 먹을수록 맵네요~\n근데 맛있어요 ^^","date":"Mon Dec 10 23:59:44 +0000 2018","retweets":"30","favorites":"20","mentions":[],"hashtags":[],"geo":"","raw":"익스트림 짱짱 매워요!!\n한두개는 별로 안 매웠는데 먹을수록 맵네요~\n근데 맛있어요 ^^","polarity":{"com":0,"pos":0.22519841255629958,"neg":0.684275793921069,"neut":0.05505952376376488,"none":0.03546626975886657},"intensity":{"high":0.11383928575,"low":0.115079365,"meium":0.7356150795,"none":0.03546626975000001},"expressive":{"dir-action":0,"dir-explicit":0.26711309525,"dir-speech":0.6579861112500001,"indirect":0.01984126975,"writing-device":0.05505952375}},{"id":"굽네치킨-공릉2동점","permalink":"","username":"asdfg","text":"매콤하니 맛나요","date":"Mon Dec 10 23:59:44 +0000 2018","retweets":"30","favorites":"20","mentions":[],"hashtags":[],"geo":"","raw":"매콤하니 맛나요","polarity":{"com":0.012012012,"pos":0.8063063065,"neg":0.153153153,"neut":0.0165165165,"none":0.012012012},"intensity":{"high":0.057057057,"low":0.042042042,"meium":0.8873873875,"none":0.0135135135},"expressive":{"dir-action":0.0015015015000000005,"dir-explicit":0.15615615600000002,"dir-speech":0.5450450450000001,"indirect":0.28378378400000004,"writing-device":0.013513513500000003}},{"id":"굽네치킨-공릉2동점","permalink":"","username":"asdfg","text":"맛있네요.","date":"Mon Dec 10 23:59:44 +0000 2018","retweets":"30","favorites":"20","mentions":[],"hashtags":[],"geo":"","raw":"맛있네요.","polarity":{"com":0,"pos":0,"neg":1,"neut":0,"none":0},"intensity":{"high":0,"low":0,"meium":1,"none":0},"expressive":{"dir-action":0,"dir-explicit":0,"dir-speech":1,"indirect":0,"writing-device":0}},{"id":"굽네치킨-공릉2동점","permalink":"","username":"asdfg","text":"굿!!!","date":"Mon Dec 10 23:59:44 +0000 2018","retweets":"30","favorites":"20","mentions":[],"hashtags":[],"geo":"","raw":"굿!!!","polarity":{"com":0,"pos":1,"neg":0,"neut":0,"none":0},"intensity":{"high":0,"low":0,"meium":1,"none":0},"expressive":{"dir-action":0,"dir-explicit":0,"dir-speech":0,"indirect":1,"writing-device":0}},{"id":"굽네치킨-공릉2동점","permalink":"","username":"asdfg","text":"파채까지 추가했더니\n밥이랑 먹어도 맛있었어요\n닭도부드럽고 좋았습니다","date":"Mon Dec 10 23:59:44 +0000 2018","retweets":"30","favorites":"20","mentions":[],"hashtags":[],"geo":"","raw":"파채까지 추가했더니\n밥이랑 먹어도 맛있었어요\n닭도부드럽고 좋았습니다","polarity":{"com":0.002419354875,"pos":0.493910068375,"neg":0.399464809375,"neut":0.010483871,"none":0.093721896375},"intensity":{"high":0.07340746163417594,"low":0.11547572488943447,"meium":0.648944281706118,"none":0.16217253177027158},"expressive":{"dir-action":0.0008064516251008064,"dir-explicit":0.3408887260426111,"dir-speech":0.3635956337954495,"indirect":0.1953054740244132,"writing-device":0.09940371451242547}},{"id":"굽네치킨-공릉2동점","permalink":"","username":"asdfg","text":"항상 여기서 엄마랑 시켜먹는데 넘 좋아요","date":"Mon Dec 10 23:59:44 +0000 2018","retweets":"30","favorites":"20","mentions":[],"hashtags":[],"geo":"","raw":"항상 여기서 엄마랑 시켜먹는데 넘 좋아요","polarity":{"com":0.0625,"pos":0.56333333325,"neg":0.36416666675,"neut":0,"none":0.01},"intensity":{"high":0.14027777775,"low":0.0655555555,"meium":0.78416666675,"none":0.01},"expressive":{"dir-action":0,"dir-explicit":0.3305555555,"dir-speech":0.6194444445,"indirect":0.04,"writing-device":0.01}},{"id":"굽네치킨-공릉2동점","permalink":"","username":"asdfg","text":"와...진짜 너무 맛있네요 진정한 치밥은 갈비천왕입니다 소스죽여요","date":"Mon Dec 10 23:59:44 +0000 2018","retweets":"30","favorites":"20","mentions":[],"hashtags":[],"geo":"","raw":"와...진짜 너무 맛있네요 진정한 치밥은 갈비천왕입니다 소스죽여요","polarity":{"com":0.033146591999999996,"pos":0.2056956116,"neg":0.5984126984,"neut":0.1183006536,"none":0.0444444444},"intensity":{"high":0.25406162465081233,"low":0.14491129782898227,"meium":0.4565826330913165,"none":0.14444444442888887},"expressive":{"dir-action":0,"dir-explicit":0.497945845,"dir-speech":0.297665733,"indirect":0.156022409,"writing-device":0.048366013}},{"id":"굽네치킨-공릉2동점","permalink":"","username":"asdfg","text":"맛있어요.","date":"Mon Dec 10 23:59:44 +0000 2018","retweets":"30","favorites":"20","mentions":[],"hashtags":[],"geo":"","raw":"맛있어요.","polarity":{"com":0,"pos":0,"neg":1,"neut":0,"none":0},"intensity":{"high":0,"low":0,"meium":1,"none":0},"expressive":{"dir-action":0,"dir-explicit":0,"dir-speech":1,"indirect":0,"writing-device":0}},{"id":"굽네치킨-공릉2동점","permalink":"","username":"asdfg","text":"순살 맛있어요. 그러나 양이 쫌 적어 아쉬워요.","date":"Mon Dec 10 23:59:44 +0000 2018","retweets":"30","favorites":"20","mentions":[],"hashtags":[],"geo":"","raw":"순살 맛있어요. 그러나 양이 쫌 적어 아쉬워요.","polarity":{"com":0,"pos":0.13333333325000002,"neg":0.66666666675,"neut":0,"none":0.2},"intensity":{"high":0.08333333325,"low":0,"meium":0.7166666667499999,"none":0.2},"expressive":{"dir-action":0,"dir-explicit":0.16666666675,"dir-speech":0.38333333325,"indirect":0.25,"writing-device":0.2}},{"id":"굽네치킨-공릉2동점","permalink":"","username":"asdfg","text":"계속 시켜먹어요 요즘 ㅎㅎ 맛있어요","date":"Mon Dec 10 23:59:44 +0000 2018","retweets":"30","favorites":"20","mentions":[],"hashtags":[],"geo":"","raw":"계속 시켜먹어요 요즘 ㅎㅎ 맛있어요","polarity":{"com":0,"pos":0.111111111,"neg":0.888888889,"neut":0,"none":0},"intensity":{"high":0.37037037033333337,"low":0.074074074,"meium":0.5555555556666666,"none":0},"expressive":{"dir-action":0,"dir-explicit":0.074074074,"dir-speech":0.5925925926666666,"indirect":0.3333333333333333,"writing-device":0}},{"id":"굽네치킨-공릉2동점","permalink":"","username":"asdfg","text":"고추바사삭 맛있어여 !!! 배송도 빠릅니다!!! 좋아여!!","date":"Mon Dec 10 23:59:44 +0000 2018","retweets":"30","favorites":"20","mentions":[],"hashtags":[],"geo":"","raw":"고추바사삭 맛있어여 !!! 배송도 빠릅니다!!! 좋아여!!","polarity":{"com":0,"pos":0.5514285715,"neg":0.43857142849999997,"neut":0,"none":0.01},"intensity":{"high":0.15714285721071428,"low":0.16476190470880955,"meium":0.6680952380829762,"none":0.0099999999975},"expressive":{"dir-action":0,"dir-explicit":0.2214285715,"dir-speech":0.33571428575,"indirect":0.43285714275,"writing-device":0.01}},{"id":"굽네치킨-공릉2동점","permalink":"","username":"asdfg","text":"맛있게잘먹었어요.볼게이노.","date":"Mon Dec 10 23:59:44 +0000 2018","retweets":"30","favorites":"20","mentions":[],"hashtags":[],"geo":"","raw":"맛있게잘먹었어요.볼게이노.","polarity":{"com":0.013888889,"pos":0.376984127,"neg":0.5436507936666667,"neut":0.051587301333333335,"none":0.013888889},"intensity":{"high":0.055555555666666666,"low":0.09920634899999999,"meium":0.8313492063333334,"none":0.013888889},"expressive":{"dir-action":0,"dir-explicit":0.18253968239417986,"dir-speech":0.5337301588445768,"indirect":0.2559523810853174,"writing-device":0.02777777767592592}},{"id":"굽네치킨-공릉2동점","permalink":"","username":"asdfg","text":"괜찮은 거같아요 배달도빠르고맛도좋왔어요","date":"Mon Dec 10 23:59:44 +0000 2018","retweets":"30","favorites":"20","mentions":[],"hashtags":[],"geo":"","raw":"괜찮은 거같아요 배달도빠르고맛도좋왔어요","polarity":{"com":0,"pos":0.5,"neg":0.5,"neut":0,"none":0},"intensity":{"high":0,"low":0,"meium":1,"none":0},"expressive":{"dir-action":0,"dir-explicit":0,"dir-speech":0.5,"indirect":0,"writing-device":0.5}},{"id":"굽네치킨-공릉2동점","permalink":"","username":"asdfg","text":"맛잇어요.다만 양이 좀많이 적다는거...","date":"Mon Dec 10 23:59:44 +0000 2018","retweets":"30","favorites":"20","mentions":[],"hashtags":[],"geo":"","raw":"맛잇어요.다만 양이 좀많이 적다는거...","polarity":{"com":0,"pos":0.48888888880000003,"neg":0.31111111119999996,"neut":0,"none":0.2},"intensity":{"high":0.0444444444,"low":0,"meium":0.7555555556,"none":0.2},"expressive":{"dir-action":0,"dir-explicit":0.16888888880000003,"dir-speech":0.42000000000000004,"indirect":0.11111111119999999,"writing-device":0.3}},{"id":"굽네치킨-공릉2동점","permalink":"","username":"asdfg","text":"굽네는 사랑입니다 ㅎㅎ 퍽퍽한 살이 싫어서 다리만 있는걸 좋아하는데 매콤하게 섞어먹으니 더 좋네요","date":"Mon Dec 10 23:59:44 +0000 2018","retweets":"30","favorites":"20","mentions":[],"hashtags":[],"geo":"","raw":"굽네는 사랑입니다 ㅎㅎ 퍽퍽한 살이 싫어서 다리만 있는걸 좋아하는데 매콤하게 섞어먹으니 더 좋네요","polarity":{"com":0.0062031568895781295,"pos":0.3505532843722837,"neg":0.4910446161656717,"neut":0.06542466834060275,"none":0.0867742742318638},"intensity":{"high":0.10322945490035883,"low":0.20514877624501654,"meium":0.6045138276227238,"none":0.08710794123190088},"expressive":{"dir-action":0.000333667,"dir-explicit":0.2564437686666667,"dir-speech":0.4380562285555556,"indirect":0.21411607688888887,"writing-device":0.0910502588888889}},{"id":"굽네치킨-공릉2동점","permalink":"","username":"asdfg","text":"항상 맛있게 먹고 있어요^^ 음식맛고 좋고 친절한 배달까지 너무 만족입니다","date":"Mon Dec 10 23:59:44 +0000 2018","retweets":"30","favorites":"20","mentions":[],"hashtags":[],"geo":"","raw":"항상 맛있게 먹고 있어요^^ 음식맛고 좋고 친절한 배달까지 너무 만족입니다","polarity":{"com":0.023135974875,"pos":0.662242552875,"neg":0.25642729137500003,"neut":0.021921779500000006,"none":0.036272401375000006},"intensity":{"high":0.0901505225112688,"low":0.07536346788442043,"meium":0.797944790974743,"none":0.03654121862956765},"expressive":{"dir-action":0.0008064516250000001,"dir-explicit":0.32824124275,"dir-speech":0.5325912623750001,"indirect":0.09963766150000002,"writing-device":0.03872338175000001}},{"id":"굽네치킨-공릉2동점","permalink":"","username":"asdfg","text":"너무 맛있게 잘 먹었습니다","date":"Mon Dec 10 23:59:44 +0000 2018","retweets":"30","favorites":"20","mentions":[],"hashtags":[],"geo":"","raw":"너무 맛있게 잘 먹었습니다","polarity":{"com":0.07142857153571429,"pos":0.4285714287142857,"neg":0.4642857142321429,"neut":0.035714285517857144,"none":0},"intensity":{"high":0.0714285715,"low":0.1785714285,"meium":0.75,"none":0},"expressive":{"dir-action":0,"dir-explicit":0.39285714250000003,"dir-speech":0.21428571450000003,"indirect":0.392857143,"writing-device":0}},{"id":"굽네치킨-공릉2동점","permalink":"","username":"asdfg","text":"배달시간은 좀 걸렸지만 맛있게 잘 먹었습니다.","date":"Mon Dec 10 23:59:44 +0000 2018","retweets":"30","favorites":"20","mentions":[],"hashtags":[],"geo":"","raw":"배달시간은 좀 걸렸지만 맛있게 잘 먹었습니다.","polarity":{"com":0,"pos":0.6785714286696428,"neg":0.30357142857589287,"neut":0.017857142754464286,"none":0},"intensity":{"high":0,"low":0.0535714285,"meium":0.9464285715,"none":0},"expressive":{"dir-action":0,"dir-explicit":0.0535714285,"dir-speech":0.78571428575,"indirect":0.16071428575,"writing-device":0}},{"id":"굽네치킨-공릉2동점","permalink":"","username":"asdfg","text":"볼케이노사랑","date":"Mon Dec 10 23:59:44 +0000 2018","retweets":"30","favorites":"20","mentions":[],"hashtags":[],"geo":"","raw":"볼케이노사랑","polarity":{"com":null,"pos":null,"neg":null,"neut":null,"none":null},"intensity":{"high":null,"low":null,"meium":null,"none":null},"expressive":{"dir-action":null,"dir-explicit":null,"dir-speech":null,"indirect":null,"writing-device":null}},{"id":"굽네치킨-공릉2동점","permalink":"","username":"asdfg","text":"완전맛있어요","date":"Mon Dec 10 23:59:44 +0000 2018","retweets":"30","favorites":"20","mentions":[],"hashtags":[],"geo":"","raw":"완전맛있어요","polarity":{"com":0,"pos":0.5,"neg":0.5,"neut":0,"none":0},"intensity":{"high":0,"low":0,"meium":1,"none":0},"expressive":{"dir-action":0,"dir-explicit":0.5,"dir-speech":0,"indirect":0.5,"writing-device":0}},{"id":"굽네치킨-공릉2동점","permalink":"","username":"asdfg","text":"항상 맛있어요 감사합니다^^","date":"Mon Dec 10 23:59:44 +0000 2018","retweets":"30","favorites":"20","mentions":[],"hashtags":[],"geo":"","raw":"항상 맛있어요 감사합니다^^","polarity":{"com":0,"pos":1,"neg":0,"neut":0,"none":0},"intensity":{"high":0.5,"low":0,"meium":0.5,"none":0},"expressive":{"dir-action":0,"dir-explicit":0.25,"dir-speech":0.75,"indirect":0,"writing-device":0}},{"id":"굽네치킨-공릉2동점","permalink":"","username":"asdfg","text":"볼케이노쫭","date":"Mon Dec 10 23:59:44 +0000 2018","retweets":"30","favorites":"20","mentions":[],"hashtags":[],"geo":"","raw":"볼케이노쫭","polarity":{"com":null,"pos":null,"neg":null,"neut":null,"none":null},"intensity":{"high":null,"low":null,"meium":null,"none":null},"expressive":{"dir-action":null,"dir-explicit":null,"dir-speech":null,"indirect":null,"writing-device":null}},{"id":"굽네치킨-공릉2동점","permalink":"","username":"asdfg","text":"안바사삭하고 안맵고 첨시켰는데 별로..","date":"Mon Dec 10 23:59:44 +0000 2018","retweets":"30","favorites":"20","mentions":[],"hashtags":[],"geo":"","raw":"안바사삭하고 안맵고 첨시켰는데 별로..","polarity":{"com":0.0022988506,"pos":0.25325670479999995,"neg":0.5165708814000001,"neut":0.0637931034,"none":0.1640804598},"intensity":{"high":0.18132183912747127,"low":0.03639846758544061,"meium":0.6159003829536398,"none":0.16637931033344827},"expressive":{"dir-action":0.013409961802681994,"dir-explicit":0.38496168587699237,"dir-speech":0.30220306506044065,"indirect":0.10344827582068966,"writing-device":0.1959770114391954}},{"id":"굽네치킨-공릉2동점","permalink":"","username":"asdfg","text":"고추바사삭치킨맛있었습니다","date":"Mon Dec 10 23:59:44 +0000 2018","retweets":"30","favorites":"20","mentions":[],"hashtags":[],"geo":"","raw":"고추바사삭치킨맛있었습니다","polarity":{"com":0,"pos":0,"neg":1,"neut":0,"none":0},"intensity":{"high":0,"low":0,"meium":1,"none":0},"expressive":{"dir-action":0,"dir-explicit":0,"dir-speech":1,"indirect":0,"writing-device":0}},{"id":"굽네치킨-공릉2동점","permalink":"","username":"asdfg","text":"요기요로 시켜서그런가? 양이 너무 적었음 창렬!","date":"Mon Dec 10 23:59:44 +0000 2018","retweets":"30","favorites":"20","mentions":[],"hashtags":[],"geo":"","raw":"요기요로 시켜서그런가? 양이 너무 적었음 창렬!","polarity":{"com":0.047619047666666664,"pos":0.29761904766666664,"neg":0.5714285713333332,"neut":0,"none":0.08333333333333333},"intensity":{"high":0.15873015866666665,"low":0.10317460333333332,"meium":0.6547619046666666,"none":0.08333333333333333},"expressive":{"dir-action":0,"dir-explicit":0.21825396807275133,"dir-speech":0.37301587312433865,"indirect":0.32539682544179893,"writing-device":0.08333333336111111}},{"id":"굽네치킨-공릉2동점","permalink":"","username":"asdfg","text":"감사합니다. 맛집 소개도 잘돼있고 포인트도 많이 쌓이고 좋아요^^","date":"Mon Dec 10 23:59:44 +0000 2018","retweets":"30","favorites":"20","mentions":[],"hashtags":[],"geo":"","raw":"감사합니다. 맛집 소개도 잘돼있고 포인트도 많이 쌓이고 좋아요^^","polarity":{"com":0,"pos":0.984,"neg":0.008,"neut":0,"none":0.008},"intensity":{"high":0.24,"low":0.20800000000000002,"meium":0.5439999999999999,"none":0.008},"expressive":{"dir-action":0,"dir-explicit":0.12,"dir-speech":0.74,"indirect":0.132,"writing-device":0.008}},{"id":"굽네치킨-공릉2동점","permalink":"","username":"asdfg","text":"처음 먹어보는데 진짜 너므 맛있어요","date":"Mon Dec 10 23:59:44 +0000 2018","retweets":"30","favorites":"20","mentions":[],"hashtags":[],"geo":"","raw":"처음 먹어보는데 진짜 너므 맛있어요","polarity":{"com":0.0714285714642857,"pos":0.21428571439285712,"neg":0.6428571426785714,"neut":0,"none":0.0714285714642857},"intensity":{"high":0,"low":0,"meium":0.9285714285,"none":0.0714285715},"expressive":{"dir-action":0,"dir-explicit":0.1428571429285714,"dir-speech":0.7142857141428571,"indirect":0.0714285714642857,"writing-device":0.0714285714642857}},{"id":"굽네치킨-공릉2동점","permalink":"","username":"asdfg","text":"아이들이 좋아하네요","date":"Mon Dec 10 23:59:44 +0000 2018","retweets":"30","favorites":"20","mentions":[],"hashtags":[],"geo":"","raw":"아이들이 좋아하네요","polarity":{"com":0,"pos":1,"neg":0,"neut":0,"none":0},"intensity":{"high":0,"low":0,"meium":1,"none":0},"expressive":{"dir-action":0,"dir-explicit":0,"dir-speech":0.5,"indirect":0.5,"writing-device":0}},{"id":"굽네치킨-공릉2동점","permalink":"","username":"asdfg","text":"빠르고 친절합니다.\n처음 먹어봤는데 취향이 아니라서 별 하나 뺐어요;\n저는 오리지널이 더 낫네요.","date":"Mon Dec 10 23:59:44 +0000 2018","retweets":"30","favorites":"20","mentions":[],"hashtags":[],"geo":"","raw":"빠르고 친절합니다.\n처음 먹어봤는데 취향이 아니라서 별 하나 뺐어요;\n저는 오리지널이 더 낫네요.","polarity":{"com":0.018023553551550317,"pos":0.7146533273967437,"neg":0.18489372040335694,"neut":0.02071500788428555,"none":0.061714390764063466},"intensity":{"high":0.06396470910400391,"low":0.1040713168773254,"meium":0.7700106345811097,"none":0.06195333943756072},"expressive":{"dir-action":0.0007168458888092393,"dir-explicit":0.10936757398784805,"dir-speech":0.4364803655070577,"indirect":0.3945698267339367,"writing-device":0.05886538788234829}},{"id":"굽네치킨-공릉2동점","permalink":"","username":"asdfg","text":"기름기 쫙 뺀 굽네치킨! 맛있고 깔끔하네요~~","date":"Mon Dec 10 23:59:44 +0000 2018","retweets":"30","favorites":"20","mentions":[],"hashtags":[],"geo":"","raw":"기름기 쫙 뺀 굽네치킨! 맛있고 깔끔하네요~~","polarity":{"com":0.012012012,"pos":0.8063063065,"neg":0.153153153,"neut":0.0165165165,"none":0.012012012},"intensity":{"high":0.22372372350000003,"low":0.04204204200000001,"meium":0.7207207210000001,"none":0.013513513500000001},"expressive":{"dir-action":0.0015015015000000003,"dir-explicit":0.15615615600000002,"dir-speech":0.045045045000000006,"indirect":0.783783784,"writing-device":0.013513513500000001}},{"id":"굽네치킨-공릉2동점","permalink":"","username":"asdfg","text":"배달도 빠르고 맛도 좋네요^^ 그런데 계란이나 감자튀김이 없는건 좀 아쉽네요","date":"Mon Dec 10 23:59:44 +0000 2018","retweets":"30","favorites":"20","mentions":[],"hashtags":[],"geo":"","raw":"배달도 빠르고 맛도 좋네요^^ 그런데 계란이나 감자튀김이 없는건 좀 아쉽네요","polarity":{"com":0.0029761905000000003,"pos":0.713840852125,"neg":0.14858813700000004,"neut":0.07701545525000002,"none":0.057579365125000004},"intensity":{"high":0.046094402625,"low":0.08290309100000001,"meium":0.806844193875,"none":0.0641583125},"expressive":{"dir-action":0,"dir-explicit":0.22676482874999998,"dir-speech":0.5429824561250001,"indirect":0.169697159625,"writing-device":0.0605555555}},{"id":"굽네치킨-공릉2동점","permalink":"","username":"asdfg","text":"터치주문 결재까지빠르고편리해요~\n자주이용하게될것같아요","date":"Mon Dec 10 23:59:44 +0000 2018","retweets":"30","favorites":"20","mentions":[],"hashtags":[],"geo":"","raw":"터치주문 결재까지빠르고편리해요~\n자주이용하게될것같아요","polarity":{"com":0.009433962328616352,"pos":0.6083476270291595,"neg":0.15251572325707546,"neut":0.03087478565122927,"none":0.1988279017339194},"intensity":{"high":0.06360777583333334,"low":0.18996569466666668,"meium":0.5400228701666666,"none":0.2064036593333333},"expressive":{"dir-action":0,"dir-explicit":0.4694110920884315,"dir-speech":0.27630074328728316,"indirect":0.041595197159734136,"writing-device":0.21269296746455116}},{"id":"굽네치킨-공릉2동점","permalink":"","username":"asdfg","text":"굳","date":"Mon Dec 10 23:59:44 +0000 2018","retweets":"30","favorites":"20","mentions":[],"hashtags":[],"geo":"","raw":"굳","polarity":{"com":null,"pos":null,"neg":null,"neut":null,"none":null},"intensity":{"high":null,"low":null,"meium":null,"none":null},"expressive":{"dir-action":null,"dir-explicit":null,"dir-speech":null,"indirect":null,"writing-device":null}},{"id":"굽네치킨-공릉2동점","permalink":"","username":"asdfg","text":"요기요로 첫주문한건데, 편하네요.\n볼케이노 주문했는데 맛있었어요.","date":"Mon Dec 10 23:59:44 +0000 2018","retweets":"30","favorites":"20","mentions":[],"hashtags":[],"geo":"","raw":"요기요로 첫주문한건데, 편하네요.\n볼케이노 주문했는데 맛있었어요.","polarity":{"com":0.003571428599999999,"pos":0.6142857141999999,"neg":0.22499999999999995,"neut":0.007142857199999998,"none":0.14999999999999997},"intensity":{"high":0.003571428599285714,"low":0.010714285797857142,"meium":0.8357142856328571,"none":0.14999999997},"expressive":{"dir-action":0,"dir-explicit":0.41428571419999993,"dir-speech":0.225,"indirect":0.20357142860000002,"writing-device":0.1571428572}},{"id":"굽네치킨-공릉2동점","permalink":"","username":"asdfg","text":"요기요에서 시키면 쿠폰 안준대요 \n어차피 몇백원 적립보단 그냥 시켜드세요 쿠폰모아서 닭받는게 훨씬 이득인듯요","date":"Mon Dec 10 23:59:44 +0000 2018","retweets":"30","favorites":"20","mentions":[],"hashtags":[],"geo":"","raw":"요기요에서 시키면 쿠폰 안준대요 \n어차피 몇백원 적립보단 그냥 시켜드세요 쿠폰모아서 닭받는게 훨씬 이득인듯요","polarity":{"com":0.019904931627488118,"pos":0.5058439314382306,"neg":0.3206342269150793,"neut":0.09364216251170528,"none":0.05997474750749684},"intensity":{"high":0.137871932,"low":0.174147441625,"meium":0.628005878875,"none":0.059974747499999995},"expressive":{"dir-action":0,"dir-explicit":0.272312348625,"dir-speech":0.38393693725,"indirect":0.28132498625,"writing-device":0.062425727875}},{"id":"굽네치킨-공릉2동점","permalink":"","username":"asdfg","text":"항상 맛난치킨!!\n토욜저녁이라 예상소요시간 65분였으나 40분만에옴ㅎㅎ","date":"Mon Dec 10 23:59:44 +0000 2018","retweets":"30","favorites":"20","mentions":[],"hashtags":[],"geo":"","raw":"항상 맛난치킨!!\n토욜저녁이라 예상소요시간 65분였으나 40분만에옴ㅎㅎ","polarity":{"com":0.004575163399999999,"pos":0.527124183,"neg":0.3055555555999999,"neut":0.11830065359999997,"none":0.04444444439999999},"intensity":{"high":0.125490196025098,"low":0.016339869203267972,"meium":0.813725490362745,"none":0.04444444440888888},"expressive":{"dir-action":0,"dir-explicit":0.3836601308,"dir-speech":0.34052287579999996,"indirect":0.2274509804,"writing-device":0.048366013}},{"id":"굽네치킨-공릉2동점","permalink":"","username":"asdfg","text":"친절하시고 빠르고 맛있어요.  번창하시길 바랍니다","date":"Mon Dec 10 23:59:44 +0000 2018","retweets":"30","favorites":"20","mentions":[],"hashtags":[],"geo":"","raw":"친절하시고 빠르고 맛있어요.  번창하시길 바랍니다","polarity":{"com":0.0077419355999999995,"pos":0.6064516128,"neg":0.34107526880000005,"neut":0.033548387199999995,"none":0.011182795600000007},"intensity":{"high":0.055913978399999995,"low":0.2131182794,"meium":0.7189247314,"none":0.012043010799999998},"expressive":{"dir-action":0.0025806452,"dir-explicit":0.22559139800000008,"dir-speech":0.4178494624,"indirect":0.3427956988,"writing-device":0.011182795599999995}},{"id":"굽네치킨-공릉2동점","permalink":"","username":"asdfg","text":"굽네 치킨 맛은 정말 최고입니다!\n그런데 주문시 아기가 자고 있어서 요청 사항으로 벨 누르지 말고 문을 살살 두드려 달라고 했는데 벨을 누르며 문을 엄청 크게 쾅쾅거려서 기분이 안 좋았어요. 요청 사항도 잘 봐주시고 배달해 주시기 바랍니다.","date":"Mon Dec 10 23:59:44 +0000 2018","retweets":"30","favorites":"20","mentions":[],"hashtags":[],"geo":"","raw":"굽네 치킨 맛은 정말 최고입니다!\n그런데 주문시 아기가 자고 있어서 요청 사항으로 벨 누르지 말고 문을 살살 두드려 달라고 했는데 벨을 누르며 문을 엄청 크게 쾅쾅거려서 기분이 안 좋았어요. 요청 사항도 잘 봐주시고 배달해 주시기 바랍니다.","polarity":{"com":0.004466171722222222,"pos":0.5021188953333334,"neg":0.2315561543888889,"neut":0.10841960827777777,"none":0.1534391702777778},"intensity":{"high":0.24815505312489752,"low":0.09555889222753107,"meium":0.4997965741388775,"none":0.1564894805086939},"expressive":{"dir-action":0.001472737111111111,"dir-explicit":0.3788767915,"dir-speech":0.3409252756666667,"indirect":0.11547773344444444,"writing-device":0.1632474622777778}},{"id":"굽네치킨-공릉2동점","permalink":"","username":"asdfg","text":"조타","date":"Mon Dec 10 23:59:44 +0000 2018","retweets":"30","favorites":"20","mentions":[],"hashtags":[],"geo":"","raw":"조타","polarity":{"com":null,"pos":null,"neg":null,"neut":null,"none":null},"intensity":{"high":null,"low":null,"meium":null,"none":null},"expressive":{"dir-action":null,"dir-explicit":null,"dir-speech":null,"indirect":null,"writing-device":null}},{"id":"굽네치킨-공릉2동점","permalink":"","username":"asdfg","text":"맛있러염","date":"Mon Dec 10 23:59:44 +0000 2018","retweets":"30","favorites":"20","mentions":[],"hashtags":[],"geo":"","raw":"맛있러염","polarity":{"com":0,"pos":1,"neg":0,"neut":0,"none":0},"intensity":{"high":0,"low":0,"meium":1,"none":0},"expressive":{"dir-action":0,"dir-explicit":0,"dir-speech":1,"indirect":0,"writing-device":0}},{"id":"굽네치킨-공릉2동점","permalink":"","username":"asdfg","text":"맛있네요 추처닝요","date":"Mon Dec 10 23:59:44 +0000 2018","retweets":"30","favorites":"20","mentions":[],"hashtags":[],"geo":"","raw":"맛있네요 추처닝요","polarity":{"com":0,"pos":0,"neg":1,"neut":0,"none":0},"intensity":{"high":0,"low":0,"meium":1,"none":0},"expressive":{"dir-action":0,"dir-explicit":0,"dir-speech":1,"indirect":0,"writing-device":0}},{"id":"굽네치킨-공릉2동점","permalink":"","username":"asdfg","text":"이틀만에  또 시켜먹었음. ㅎ\n맛잇어요..양이 다소 아쉬워 별 네개드립니다..^","date":"Mon Dec 10 23:59:44 +0000 2018","retweets":"30","favorites":"20","mentions":[],"hashtags":[],"geo":"","raw":"이틀만에  또 시켜먹었음. ㅎ\n맛잇어요..양이 다소 아쉬워 별 네개드립니다..^","polarity":{"com":0,"pos":0.5085034012130709,"neg":0.29931972795724004,"neut":0,"none":0.19217687082968904},"intensity":{"high":0.027777777714285714,"low":0.031746031714285715,"meium":0.7482993197142856,"none":0.19217687085714288},"expressive":{"dir-action":0,"dir-explicit":0.09977324257142857,"dir-speech":0.366213152,"indirect":0.32142857142857145,"writing-device":0.212585034}},{"id":"굽네치킨-공릉2동점","permalink":"","username":"asdfg","text":"새로나온 메뉴라 주문해봤는데요\n정말 맛있습니다.  가족들이 전부 이구동성으로 맛있다고..\n다만 교촌특유의 작은 닭이라..양이 좀 작네요","date":"Mon Dec 10 23:59:44 +0000 2018","retweets":"30","favorites":"20","mentions":[],"hashtags":[],"geo":"","raw":"새로나온 메뉴라 주문해봤는데요\n정말 맛있습니다.  가족들이 전부 이구동성으로 맛있다고..\n다만 교촌특유의 작은 닭이라..양이 좀 작네요","polarity":{"com":0.007936507888888888,"pos":0.6944444444444444,"neg":0.15873015877777777,"neut":0,"none":0.1388888888888889},"intensity":{"high":0.05555555555555555,"low":0.015873015888888887,"meium":0.7896825396666667,"none":0.1388888888888889},"expressive":{"dir-action":0.007936507889770723,"dir-explicit":0.3539682540393298,"dir-speech":0.26904761902989416,"indirect":0.23015873013668434,"writing-device":0.138888888904321}},{"id":"굽네치킨-공릉2동점","permalink":"","username":"asdfg","text":".","date":"Mon Dec 10 23:59:44 +0000 2018","retweets":"30","favorites":"20","mentions":[],"hashtags":[],"geo":"","raw":".","polarity":{"com":null,"pos":null,"neg":null,"neut":null,"none":null},"intensity":{"high":null,"low":null,"meium":null,"none":null},"expressive":{"dir-action":null,"dir-explicit":null,"dir-speech":null,"indirect":null,"writing-device":null}},{"id":"굽네치킨-공릉2동점","permalink":"","username":"asdfg","text":"양이 생각보다 조금 적어요 한마리더셋트시켰는데 물론 맛은있구요 !","date":"Mon Dec 10 23:59:44 +0000 2018","retweets":"30","favorites":"20","mentions":[],"hashtags":[],"geo":"","raw":"양이 생각보다 조금 적어요 한마리더셋트시켰는데 물론 맛은있구요 !","polarity":{"com":0.0028248588333333333,"pos":0.31183813683333333,"neg":0.3745206609999999,"neut":0.14514247116666665,"none":0.16567387216666662},"intensity":{"high":0.08760132633333333,"low":0.19218421633333335,"meium":0.5545405851666666,"none":0.16567387216666665},"expressive":{"dir-action":0.009259259333333332,"dir-explicit":0.41888936666666665,"dir-speech":0.2782042358333333,"indirect":0.12797326599999997,"writing-device":0.16567387216666662}},{"id":"굽네치킨-공릉2동점","permalink":"","username":"asdfg","text":"맛이 엉망이네요!","date":"Mon Dec 10 23:59:44 +0000 2018","retweets":"30","favorites":"20","mentions":[],"hashtags":[],"geo":"","raw":"맛이 엉망이네요!","polarity":{"com":0.0114379085,"pos":0.6928104575,"neg":0.138888889,"neut":0.045751634,"none":0.111111111},"intensity":{"high":0.06372549003186273,"low":0.04084967302042484,"meium":0.7843137258921569,"none":0.11111111105555554},"expressive":{"dir-action":0,"dir-explicit":0.209150327,"dir-speech":0.6013071895,"indirect":0.068627451,"writing-device":0.1209150325}},{"id":"굽네치킨-공릉2동점","permalink":"","username":"asdfg","text":"콜라 500mL가 오지않았어요~\n확인바랍니다~!","date":"Mon Dec 10 23:59:44 +0000 2018","retweets":"30","favorites":"20","mentions":[],"hashtags":[],"geo":"","raw":"콜라 500mL가 오지않았어요~\n확인바랍니다~!","polarity":{"com":0.0089285715,"pos":0.305357143,"neg":0.6321428570000001,"neut":0.0401785715,"none":0.013392857},"intensity":{"high":0.080357143,"low":0.0535714285,"meium":0.8482142855,"none":0.017857143},"expressive":{"dir-action":0,"dir-explicit":0.1875,"dir-speech":0.55625,"indirect":0.242857143,"writing-device":0.013392857}},{"id":"굽네치킨-공릉2동점","permalink":"","username":"asdfg","text":"맛있게 잘 먹었습니당ㅎㅎ","date":"Mon Dec 10 23:59:44 +0000 2018","retweets":"30","favorites":"20","mentions":[],"hashtags":[],"geo":"","raw":"맛있게 잘 먹었습니당ㅎㅎ","polarity":{"com":0,"pos":0.35714285717857136,"neg":0.6071428573035714,"neut":0.03571428551785714,"none":0},"intensity":{"high":0,"low":0.107142857,"meium":0.8928571430000001,"none":0},"expressive":{"dir-action":0,"dir-explicit":0.107142857,"dir-speech":0.5714285715,"indirect":0.3214285715,"writing-device":0}},{"id":"굽네치킨-공릉2동점","permalink":"","username":"asdfg","text":"굿","date":"Mon Dec 10 23:59:44 +0000 2018","retweets":"30","favorites":"20","mentions":[],"hashtags":[],"geo":"","raw":"굿","polarity":{"com":0,"pos":1,"neg":0,"neut":0,"none":0},"intensity":{"high":0,"low":0,"meium":1,"none":0},"expressive":{"dir-action":0,"dir-explicit":0,"dir-speech":0,"indirect":1,"writing-device":0}}]