[{"id":"담이네치킨","permalink":"","username":"asdfg","text":"잘먹었습니다아!!!","date":"Mon Dec 10 23:59:44 +0000 2018","retweets":"30","favorites":"20","mentions":[],"hashtags":[],"geo":"","raw":"잘먹었습니다아!!!","polarity":{"com":0,"pos":0.7142857147142857,"neg":0.21428571421428572,"neut":0.07142857107142857,"none":0},"intensity":{"high":0,"low":0.214285714,"meium":0.785714286,"none":0},"expressive":{"dir-action":0,"dir-explicit":0.214285714,"dir-speech":0.142857143,"indirect":0.642857143,"writing-device":0}},{"id":"담이네치킨","permalink":"","username":"asdfg","text":"오랜만에 시켰는데 잘먹었어요.\n그런데 예전보다 양이  미묘하게 적어진느낌이 들긴하네요\n그래도 만족해요^^","date":"Mon Dec 10 23:59:44 +0000 2018","retweets":"30","favorites":"20","mentions":[],"hashtags":[],"geo":"","raw":"오랜만에 시켰는데 잘먹었어요.\n그런데 예전보다 양이  미묘하게 적어진느낌이 들긴하네요\n그래도 만족해요^^","polarity":{"com":0.0040040040006673345,"pos":0.5878163879313028,"neg":0.3756542255626091,"neut":0.028521378504753562,"none":0.0040040040006673345},"intensity":{"high":0.041241241166666665,"low":0.14972829966666668,"meium":0.8045259546666667,"none":0.0045045045},"expressive":{"dir-action":0.0005005005000834168,"dir-explicit":0.343321893223887,"dir-speech":0.2610467610435078,"indirect":0.39062634073177105,"writing-device":0.00450450450075075}},{"id":"담이네치킨","permalink":"","username":"asdfg","text":"맛있고 배달 빨라요","date":"Mon Dec 10 23:59:44 +0000 2018","retweets":"30","favorites":"20","mentions":[],"hashtags":[],"geo":"","raw":"맛있고 배달 빨라요","polarity":{"com":0,"pos":0.5,"neg":0.5,"neut":0,"none":0},"intensity":{"high":0,"low":0,"meium":1,"none":0},"expressive":{"dir-action":0,"dir-explicit":0,"dir-speech":1,"indirect":0,"writing-device":0}},{"id":"담이네치킨","permalink":"","username":"asdfg","text":"완전맛잇음ㅎㅎ닭도크고","date":"Mon Dec 10 23:59:44 +0000 2018","retweets":"30","favorites":"20","mentions":[],"hashtags":[],"geo":"","raw":"완전맛잇음ㅎㅎ닭도크고","polarity":{"com":0,"pos":0.6120689655,"neg":0.37068965524999997,"neut":0.01724137925,"none":0},"intensity":{"high":0.09482758625,"low":0.01724137925,"meium":0.87931034475,"none":0.00862068975},"expressive":{"dir-action":0,"dir-explicit":0.2629310345,"dir-speech":0.1594827585,"indirect":0.577586207,"writing-device":0}},{"id":"담이네치킨","permalink":"","username":"asdfg","text":"3가지맛 좋아요^^감사합니다","date":"Mon Dec 10 23:59:44 +0000 2018","retweets":"30","favorites":"20","mentions":[],"hashtags":[],"geo":"","raw":"3가지맛 좋아요^^감사합니다","polarity":{"com":0,"pos":1,"neg":0,"neut":0,"none":0},"intensity":{"high":0.5,"low":0,"meium":0.5,"none":0},"expressive":{"dir-action":0,"dir-explicit":0,"dir-speech":1,"indirect":0,"writing-device":0}},{"id":"담이네치킨","permalink":"","username":"asdfg","text":"괴일아요' 기대보다 마하고 좋아요","date":"Mon Dec 10 23:59:44 +0000 2018","retweets":"30","favorites":"20","mentions":[],"hashtags":[],"geo":"","raw":"괴일아요' 기대보다 마하고 좋아요","polarity":{"com":0.006451612999999999,"pos":0.8120430106666667,"neg":0.13089605733333334,"neut":0.027956989333333335,"none":0.022652329666666665},"intensity":{"high":0.15492831533333334,"low":0.05204301066666667,"meium":0.7696594983333332,"none":0.02336917566666667},"expressive":{"dir-action":0.002150537666666667,"dir-explicit":0.5546594983333333,"dir-speech":0.164874552,"indirect":0.25566308233333335,"writing-device":0.022652329666666665}},{"id":"담이네치킨","permalink":"","username":"asdfg","text":"후라이드 너무 맛나요~!!대신 닭비린내가 조금 나서 아쉬웠어요~다음에는 확 잡아주세요^^","date":"Mon Dec 10 23:59:44 +0000 2018","retweets":"30","favorites":"20","mentions":[],"hashtags":[],"geo":"","raw":"후라이드 너무 맛나요~!!대신 닭비린내가 조금 나서 아쉬웠어요~다음에는 확 잡아주세요^^","polarity":{"com":0.03258928575407366,"pos":0.39637896829954733,"neg":0.5358134920669767,"neut":0.02194940475274367,"none":0.013268849126658606},"intensity":{"high":0.054414682625,"low":0.07351190475,"meium":0.8576884920000001,"none":0.014384920625},"expressive":{"dir-action":0,"dir-explicit":0.20481150790060146,"dir-speech":0.5372767858171595,"indirect":0.24265873015533235,"writing-device":0.015252976126906622}},{"id":"담이네치킨","permalink":"","username":"asdfg","text":"첨으로 주문해봤어여\n후라이드 2마리여~\n튀김옷이 짭잘해서 따로 이것저것 찍먹!! 안해두 맛나네여~^^","date":"Mon Dec 10 23:59:44 +0000 2018","retweets":"30","favorites":"20","mentions":[],"hashtags":[],"geo":"","raw":"첨으로 주문해봤어여\n후라이드 2마리여~\n튀김옷이 짭잘해서 따로 이것저것 찍먹!! 안해두 맛나네여~^^","polarity":{"com":0.010279001333333334,"pos":0.477239354,"neg":0.14684287799999998,"neut":0.36270190900000004,"none":0.002936857666666667},"intensity":{"high":0.0352422906784141,"low":0.04405286334801762,"meium":0.9162995596387664,"none":0.004405286334801762},"expressive":{"dir-action":0.0014684286671561425,"dir-explicit":0.4713656388237885,"dir-speech":0.45374449348458146,"indirect":0.06901615268967204,"writing-device":0.004405286334801761}},{"id":"담이네치킨","permalink":"","username":"asdfg","text":"가격도 싼 편이고 양도 많습니다 치킨 자체가 작은 닭이 아닌지라 살도 많고 좋아요 뼈치킨 집 중에선 이집이 최고네요","date":"Mon Dec 10 23:59:44 +0000 2018","retweets":"30","favorites":"20","mentions":[],"hashtags":[],"geo":"","raw":"가격도 싼 편이고 양도 많습니다 치킨 자체가 작은 닭이 아닌지라 살도 많고 좋아요 뼈치킨 집 중에선 이집이 최고네요","polarity":{"com":0.002909497142857143,"pos":0.5970813755000001,"neg":0.27789430371428575,"neut":0.06832993792857142,"none":0.053784885714285705},"intensity":{"high":0.1372851649481836,"low":0.12301663358900237,"meium":0.6852755605978965,"none":0.054422640864917514},"expressive":{"dir-action":0,"dir-explicit":0.391437461341634,"dir-speech":0.21583513281654787,"indirect":0.3382396749054628,"writing-device":0.054487730936355394}},{"id":"담이네치킨","permalink":"","username":"asdfg","text":"양념순살에서 엄청 비린맛 나요. 진짜 순살닭 오래된거 써서 그런지 엄청 비린내랑 누린내 나요.","date":"Mon Dec 10 23:59:44 +0000 2018","retweets":"30","favorites":"20","mentions":[],"hashtags":[],"geo":"","raw":"양념순살에서 엄청 비린맛 나요. 진짜 순살닭 오래된거 써서 그런지 엄청 비린내랑 누린내 나요.","polarity":{"com":0,"pos":0.5425170067142857,"neg":0.4217687075714286,"neut":0,"none":0.03571428571428571},"intensity":{"high":0.10544217671428573,"low":0.02380952385714286,"meium":0.8350340137142858,"none":0.03571428571428572},"expressive":{"dir-action":0,"dir-explicit":0.2091836734584548,"dir-speech":0.3299319727614189,"indirect":0.3537414966219631,"writing-device":0.10714285715816327}},{"id":"담이네치킨","permalink":"","username":"asdfg","text":"후라이드 빼면 굿굿","date":"Mon Dec 10 23:59:44 +0000 2018","retweets":"30","favorites":"20","mentions":[],"hashtags":[],"geo":"","raw":"후라이드 빼면 굿굿","polarity":{"com":0,"pos":1,"neg":0,"neut":0,"none":0},"intensity":{"high":0.1666666665,"low":0,"meium":0.8333333334999999,"none":0},"expressive":{"dir-action":0,"dir-explicit":0,"dir-speech":0,"indirect":1,"writing-device":0}},{"id":"담이네치킨","permalink":"","username":"asdfg","text":"따뜻하고 바삭바삭 닭도크고 양념,후라이드 모두 진짜맛있었어요~~","date":"Mon Dec 10 23:59:44 +0000 2018","retweets":"30","favorites":"20","mentions":[],"hashtags":[],"geo":"","raw":"따뜻하고 바삭바삭 닭도크고 양념,후라이드 모두 진짜맛있었어요~~","polarity":{"com":0,"pos":0.4896551724,"neg":0.2965517242,"neut":0.21379310340000002,"none":0},"intensity":{"high":0.07586206899999999,"low":0.2137931034,"meium":0.7034482757999999,"none":0.006896551799999999},"expressive":{"dir-action":0,"dir-explicit":0.1103448276,"dir-speech":0.42758620680000003,"indirect":0.4620689656,"writing-device":0}},{"id":"담이네치킨","permalink":"","username":"asdfg","text":"치킨집 단골입니다 \n잘먹었어요☺","date":"Mon Dec 10 23:59:44 +0000 2018","retweets":"30","favorites":"20","mentions":[],"hashtags":[],"geo":"","raw":"치킨집 단골입니다 \n잘먹었어요☺","polarity":{"com":0.0076252723358750905,"pos":0.5333022098444341,"neg":0.3306878307768959,"neut":0.05431061301810354,"none":0.07407407402469136},"intensity":{"high":0.04248366001416122,"low":0.15421724238473908,"meium":0.7292250235764084,"none":0.07407407402469136},"expressive":{"dir-action":0,"dir-explicit":0.21086212266666668,"dir-speech":0.44849050733333334,"indirect":0.2600373483333333,"writing-device":0.08061002166666667}},{"id":"담이네치킨","permalink":"","username":"asdfg","text":"오졌다리~~맛있고 늦게까지하고 좋아요","date":"Mon Dec 10 23:59:44 +0000 2018","retweets":"30","favorites":"20","mentions":[],"hashtags":[],"geo":"","raw":"오졌다리~~맛있고 늦게까지하고 좋아요","polarity":{"com":0.00287356325,"pos":0.31045977,"neg":0.61057471275,"neut":0.01724137925,"none":0.05885057475},"intensity":{"high":0.0787356322303161,"low":0.041609195489597704,"meium":0.8179310342955172,"none":0.061724137984568966},"expressive":{"dir-action":0.002873563250718391,"dir-explicit":0.19022988504755747,"dir-speech":0.40344827585086207,"indirect":0.33597701158399423,"writing-device":0.06747126426686781}},{"id":"담이네치킨","permalink":"","username":"asdfg","text":"여기 진짜 개맛있습니다 앞으로 여기서만 먹을거 같아요 개 꿀맛입니다","date":"Mon Dec 10 23:59:44 +0000 2018","retweets":"30","favorites":"20","mentions":[],"hashtags":[],"geo":"","raw":"여기 진짜 개맛있습니다 앞으로 여기서만 먹을거 같아요 개 꿀맛입니다","polarity":{"com":0.002859477125,"pos":0.464869281,"neg":0.47222222225,"neut":0.032271241874999995,"none":0.02777777775},"intensity":{"high":0.01593137250199142,"low":0.05187908488148489,"meium":0.9044117648630514,"none":0.027777777753472222},"expressive":{"dir-action":0,"dir-explicit":0.0731209151158599,"dir-speech":0.4836601306895425,"indirect":0.26715686271660544,"writing-device":0.17606209147799226}},{"id":"담이네치킨","permalink":"","username":"asdfg","text":"너무맛잇고 양도많은데 배달이 너무느려요ㅠㅠ","date":"Mon Dec 10 23:59:44 +0000 2018","retweets":"30","favorites":"20","mentions":[],"hashtags":[],"geo":"","raw":"너무맛잇고 양도많은데 배달이 너무느려요ㅠㅠ","polarity":{"com":0.07142857150000001,"pos":0.41925465850000004,"neg":0.49844720475,"neut":0.010869565250000001,"none":0},"intensity":{"high":0.1366459627841615,"low":0.1257763975314441,"meium":0.7375776396843944,"none":0},"expressive":{"dir-action":0,"dir-explicit":0.4161490681040373,"dir-speech":0.44720496911180124,"indirect":0.1366459627841615,"writing-device":0}},{"id":"담이네치킨","permalink":"","username":"asdfg","text":"너무 맛있어요 마감 때라 힘드셨을텐데 감사해요ㅠㅠ","date":"Mon Dec 10 23:59:44 +0000 2018","retweets":"30","favorites":"20","mentions":[],"hashtags":[],"geo":"","raw":"너무 맛있어요 마감 때라 힘드셨을텐데 감사해요ㅠㅠ","polarity":{"com":0.03571428575,"pos":0.41071428575,"neg":0.30357142849999996,"neut":0,"none":0.25},"intensity":{"high":0.28571428575,"low":0.03571428575,"meium":0.42857142849999996,"none":0.25},"expressive":{"dir-action":0,"dir-explicit":0.39285714275,"dir-speech":0.3214285715,"indirect":0.03571428575,"writing-device":0.25}},{"id":"담이네치킨","permalink":"","username":"asdfg","text":"b;","date":"Mon Dec 10 23:59:44 +0000 2018","retweets":"30","favorites":"20","mentions":[],"hashtags":[],"geo":"","raw":"bbbbbbb;bbbbbbbbbb","polarity":{"com":null,"pos":null,"neg":null,"neut":null,"none":null},"intensity":{"high":null,"low":null,"meium":null,"none":null},"expressive":{"dir-action":null,"dir-explicit":null,"dir-speech":null,"indirect":null,"writing-device":null}},{"id":"담이네치킨","permalink":"","username":"asdfg","text":"가격대비만족 양도푸짐하고 두마리에 이만원이고닭도크더라고요","date":"Mon Dec 10 23:59:44 +0000 2018","retweets":"30","favorites":"20","mentions":[],"hashtags":[],"geo":"","raw":"가격대비만족 양도푸짐하고 두마리에 이만원이고닭도크더라고요","polarity":{"com":0.007816640166666666,"pos":0.5744182316666667,"neg":0.3444737841666667,"neut":0.032250303,"none":0.041041041},"intensity":{"high":0.10347923985057987,"low":0.03912482450652081,"meium":0.8101072676350178,"none":0.047288668007881444},"expressive":{"dir-action":0.0005005005000000001,"dir-explicit":0.38038951733333337,"dir-speech":0.07177258383333335,"indirect":0.5025278830000001,"writing-device":0.04480951533333334}},{"id":"담이네치킨","permalink":"","username":"asdfg","text":"카드결제한다고했는데 카드기충전안되어서 배달오셔서 현금드렸습니다 \n그사이 혹시 충전할수있냐고 집안에서 결제하실려고해서 기분이 좀 그랬습니다.\n아니면 제가 다시 충전하고오시라고했더니 배달업체라고 그러시고 현금드릴려고하니 잠깐 결제될것같다고했지만 결국안되어서 밑에 충전기있다며 카드가지고 내려가실려고해서 현금 가져가시라고했는데.\n과정이 어떻게되었던 손님입장에서 무지 불쾌했습니다.\n배달업체분 나름 난감한상황인거 아시는듯하나 대처방식이 무척이나 미숙해서 치킨 가져가시라고 할뻔했습니다.","date":"Mon Dec 10 23:59:44 +0000 2018","retweets":"30","favorites":"20","mentions":[],"hashtags":[],"geo":"","raw":"카드결제한다고했는데 카드기충전안되어서 배달오셔서 현금드렸습니다 \n그사이 혹시 충전할수있냐고 집안에서 결제하실려고해서 기분이 좀 그랬습니다.\n아니면 제가 다시 충전하고오시라고했더니 배달업체라고 그러시고 현금드릴려고하니 잠깐 결제될것같다고했지만 결국안되어서 밑에 충전기있다며 카드가지고 내려가실려고해서 현금 가져가시라고했는데.\n과정이 어떻게되었던 손님입장에서 무지 불쾌했습니다.\n배달업체분 나름 난감한상황인거 아시는듯하나 대처방식이 무척이나 미숙해서 치킨 가져가시라고 할뻔했습니다.","polarity":{"com":0.008462035511037531,"pos":0.4506335362941418,"neg":0.34771277695248504,"neut":0.06041110783299457,"none":0.1327805434093408},"intensity":{"high":0.10793147180391334,"low":0.08956576452655202,"meium":0.6646632079381709,"none":0.13783955573136375},"expressive":{"dir-action":0.002361462907361168,"dir-explicit":0.17440272463304232,"dir-speech":0.3827611833646356,"indirect":0.27770475676613793,"writing-device":0.16276987232882295}},{"id":"담이네치킨","permalink":"","username":"asdfg","text":"맛좋구 최고 입니당..","date":"Mon Dec 10 23:59:44 +0000 2018","retweets":"30","favorites":"20","mentions":[],"hashtags":[],"geo":"","raw":"맛좋구 최고 입니당..","polarity":{"com":0,"pos":1,"neg":0,"neut":0,"none":0},"intensity":{"high":0.5,"low":0,"meium":0.5,"none":0},"expressive":{"dir-action":0,"dir-explicit":0,"dir-speech":0.5,"indirect":0.5,"writing-device":0}},{"id":"담이네치킨","permalink":"","username":"asdfg","text":"맛이씁니다 다음에도시킴","date":"Mon Dec 10 23:59:44 +0000 2018","retweets":"30","favorites":"20","mentions":[],"hashtags":[],"geo":"","raw":"맛이씁니다 다음에도시킴","polarity":{"com":0.0196103896,"pos":0.48831168820000004,"neg":0.3748051950000001,"neut":0.021038961000000002,"none":0.0962337662},"intensity":{"high":0.055844155811168826,"low":0.06831168821366233,"meium":0.7796103897559222,"none":0.09623376621924676},"expressive":{"dir-action":0.018181818196363636,"dir-explicit":0.10987012997802598,"dir-speech":0.5872727270825454,"indirect":0.18987012996202596,"writing-device":0.09480519478103897}},{"id":"담이네치킨","permalink":"","username":"asdfg","text":"치킨도 크고 맛있어요\n배달이 조금 느린것 말곤 다좋음여","date":"Mon Dec 10 23:59:44 +0000 2018","retweets":"30","favorites":"20","mentions":[],"hashtags":[],"geo":"","raw":"치킨도 크고 맛있어요\n배달이 조금 느린것 말곤 다좋음여","polarity":{"com":0.003968254,"pos":0.4073015873333333,"neg":0.4180423280000001,"neut":0.09391534383333335,"none":0.07677248683333333},"intensity":{"high":0.11534391531410935,"low":0.15084656080819225,"meium":0.6570370370571605,"none":0.07677248682053793},"expressive":{"dir-action":0,"dir-explicit":0.5113756615,"dir-speech":0.2793650793333334,"indirect":0.1285185185,"writing-device":0.08074074066666666}},{"id":"담이네치킨","permalink":"","username":"asdfg","text":"너무 맛있어요\n양이 많아서 좋아요^~^\n다음에 또 시켜 먹을게요 ㅎㅎ","date":"Mon Dec 10 23:59:44 +0000 2018","retweets":"30","favorites":"20","mentions":[],"hashtags":[],"geo":"","raw":"너무 맛있어요\n양이 많아서 좋아요^~^\n다음에 또 시켜 먹을게요 ㅎㅎ","polarity":{"com":0.023809523829365083,"pos":0.3398412697766932,"neg":0.558253968240291,"neut":0,"none":0.0780952381536508},"intensity":{"high":0.07566137566666667,"low":0.10917989416666667,"meium":0.737063492,"none":0.07809523816666666},"expressive":{"dir-action":0,"dir-explicit":0.381084656,"dir-speech":0.46653439166666666,"indirect":0.0504761905,"writing-device":0.10190476183333334}},{"id":"담이네치킨","permalink":"","username":"asdfg","text":"가성비로 너무 좋습니다☺","date":"Mon Dec 10 23:59:44 +0000 2018","retweets":"30","favorites":"20","mentions":[],"hashtags":[],"geo":"","raw":"가성비로 너무 좋습니다☺","polarity":{"com":0.0714285715,"pos":0.16233766249999998,"neg":0.6298701295,"neut":0.090909091,"none":0.0454545455},"intensity":{"high":0.11688311700000002,"low":0.1623376625,"meium":0.675324675,"none":0.045454545500000006},"expressive":{"dir-action":0,"dir-explicit":0.2857142855,"dir-speech":0.551948052,"indirect":0.116883117,"writing-device":0.0454545455}},{"id":"담이네치킨","permalink":"","username":"asdfg","text":"새벽인데도 빨리왔어요\n맛나네요","date":"Mon Dec 10 23:59:44 +0000 2018","retweets":"30","favorites":"20","mentions":[],"hashtags":[],"geo":"","raw":"새벽인데도 빨리왔어요\n맛나네요","polarity":{"com":0.010006224666666666,"pos":0.36663554299999995,"neg":0.20211640233333336,"neut":0.20192966066666665,"none":0.21931216933333333},"intensity":{"high":0.0901027076967009,"low":0.06532835335510945,"meium":0.6252567695417522,"none":0.2193121694064374},"expressive":{"dir-action":0,"dir-explicit":0.20133831326622056,"dir-speech":0.3342047928885984,"indirect":0.2409897292530034,"writing-device":0.2234671645921776}},{"id":"담이네치킨","permalink":"","username":"asdfg","text":"맛은 있구요 새벽까지 해서 야식으로 좋았습니다","date":"Mon Dec 10 23:59:44 +0000 2018","retweets":"30","favorites":"20","mentions":[],"hashtags":[],"geo":"","raw":"맛은 있구요 새벽까지 해서 야식으로 좋았습니다","polarity":{"com":0.0022321427499999995,"pos":0.5648214285,"neg":0.3001785715,"neut":0.008928571499999998,"none":0.12383928574999999},"intensity":{"high":0.31116071424999997,"low":0.023392857249999996,"meium":0.54160714275,"none":0.12383928574999999},"expressive":{"dir-action":0,"dir-explicit":0.19910714275,"dir-speech":0.6013392857500001,"indirect":0.07571428575,"writing-device":0.12383928574999999}},{"id":"담이네치킨","permalink":"","username":"asdfg","text":"맛있어서 치킨은 여기꺼 자주먹어요","date":"Mon Dec 10 23:59:44 +0000 2018","retweets":"30","favorites":"20","mentions":[],"hashtags":[],"geo":"","raw":"맛있어서 치킨은 여기꺼 자주먹어요","polarity":{"com":0.005649717666666667,"pos":0.45197740099999995,"neg":0.5197740113333332,"neut":0.011299434999999997,"none":0.011299434999999997},"intensity":{"high":0.03389830501129944,"low":0.37853107345951037,"meium":0.5762711865254238,"none":0.011299435003766477},"expressive":{"dir-action":0,"dir-explicit":0.09039548033333332,"dir-speech":0.8531073446666666,"indirect":0.045197739999999986,"writing-device":0.011299434999999997}},{"id":"담이네치킨","permalink":"","username":"asdfg","text":"오늘은 배달이 잘왔네요 맛있게 먹었습니다","date":"Mon Dec 10 23:59:44 +0000 2018","retweets":"30","favorites":"20","mentions":[],"hashtags":[],"geo":"","raw":"오늘은 배달이 잘왔네요 맛있게 먹었습니다","polarity":{"com":0.009557231400000003,"pos":0.32419671960000007,"neg":0.5333034670000001,"neut":0.12440080640000002,"none":0.0085417756},"intensity":{"high":0.06370657962548264,"low":0.09799480643919793,"meium":0.8288757811315504,"none":0.009422832803769134},"expressive":{"dir-action":0.0008810572001762114,"dir-explicit":0.18150111583630021,"dir-speech":0.6396666585279334,"indirect":0.16852833563370567,"writing-device":0.009422832801884566}},{"id":"담이네치킨","permalink":"","username":"asdfg","text":"후라이드 두마리시켰는데 한마리가 양념이와서 당황스러웠지만 맛있게 먹었습니다 겉은바삭 속은 촉촉하니 맛있어요 ㅋ","date":"Mon Dec 10 23:59:44 +0000 2018","retweets":"30","favorites":"20","mentions":[],"hashtags":[],"geo":"","raw":"후라이드 두마리시켰는데 한마리가 양념이와서 당황스러웠지만 맛있게 먹었습니다 겉은바삭 속은 촉촉하니 맛있어요 ㅋ","polarity":{"com":0.12507948743054673,"pos":0.16262402064859735,"neg":0.5716466521587059,"neut":0.13390717098512142,"none":0.006742668777028591},"intensity":{"high":0.16271437812919046,"low":0.17287415446365265,"meium":0.656676735072964,"none":0.007734732334192747},"expressive":{"dir-action":0.1111111111111111,"dir-explicit":0.22780298277777777,"dir-speech":0.5368242215555555,"indirect":0.11751901577777778,"writing-device":0.0067426687777777765}},{"id":"담이네치킨","permalink":"","username":"asdfg","text":"바삭바삭하구 맛있어요\n배달두 빨랏어요","date":"Mon Dec 10 23:59:44 +0000 2018","retweets":"30","favorites":"20","mentions":[],"hashtags":[],"geo":"","raw":"바삭바삭하구 맛있어요\n배달두 빨랏어요","polarity":{"com":0.0038314176666666665,"pos":0.44061302666666663,"neg":0.4674329503333334,"neut":0.02298850566666667,"none":0.06513409966666667},"intensity":{"high":0.03831417632056194,"low":0.04214559398595147,"meium":0.8505747123831418,"none":0.06896551731034482},"expressive":{"dir-action":0.003831417667943806,"dir-explicit":0.05363984668454662,"dir-speech":0.8045977012681992,"indirect":0.06130268202043423,"writing-device":0.07662835235887612}},{"id":"담이네치킨","permalink":"","username":"asdfg","text":"가격및 양 가성비가 좋은 치킨이였습니다 \n다음번에도 이용할께요","date":"Mon Dec 10 23:59:44 +0000 2018","retweets":"30","favorites":"20","mentions":[],"hashtags":[],"geo":"","raw":"가격및 양 가성비가 좋은 치킨이였습니다 \n다음번에도 이용할께요","polarity":{"com":0.011205109333333334,"pos":0.4514280215,"neg":0.32812960633333343,"neut":0.07530587916666669,"none":0.13393138366666668},"intensity":{"high":0.11028607435171435,"low":0.10017918851669654,"meium":0.6537568351089595,"none":0.13577790202262963},"expressive":{"dir-action":0.001075268833154122,"dir-explicit":0.21549890579741687,"dir-speech":0.3213199754464467,"indirect":0.32609696861231713,"writing-device":0.1360088813106652}},{"id":"담이네치킨","permalink":"","username":"asdfg","text":"맛나용!!","date":"Mon Dec 10 23:59:44 +0000 2018","retweets":"30","favorites":"20","mentions":[],"hashtags":[],"geo":"","raw":"맛나용!!","polarity":{"com":0,"pos":1,"neg":0,"neut":0,"none":0},"intensity":{"high":0,"low":0,"meium":1,"none":0},"expressive":{"dir-action":0,"dir-explicit":0,"dir-speech":1,"indirect":0,"writing-device":0}},{"id":"담이네치킨","permalink":"","username":"asdfg","text":"바삭바삭 닭도크고 저렴해서 더 좋았어요 치킨무도 먹기좋게 되어있어서 정말 좋았습니다. 큰박스로 담겨서 주는데 보기도 좋았습니다.","date":"Mon Dec 10 23:59:44 +0000 2018","retweets":"30","favorites":"20","mentions":[],"hashtags":[],"geo":"","raw":"바삭바삭 닭도크고 저렴해서 더 좋았어요 치킨무도 먹기좋게 되어있어서 정말 좋았습니다. 큰박스로 담겨서 주는데 보기도 좋았습니다.","polarity":{"com":0.007329799816849127,"pos":0.6645323781519031,"neg":0.22123495950523,"neut":0.06957306271462307,"none":0.03732979981139458},"intensity":{"high":0.26173899397620554,"low":0.056234269358524165,"meium":0.638154344032895,"none":0.04387239263237523},"expressive":{"dir-action":0.00027300027270245455,"dir-explicit":0.45825572714015855,"dir-speech":0.21666841616212104,"indirect":0.2610422518853598,"writing-device":0.06376060453965812}},{"id":"담이네치킨","permalink":"","username":"asdfg","text":"맛있네용","date":"Mon Dec 10 23:59:44 +0000 2018","retweets":"30","favorites":"20","mentions":[],"hashtags":[],"geo":"","raw":"맛있네용","polarity":{"com":0,"pos":0,"neg":1,"neut":0,"none":0},"intensity":{"high":0,"low":0,"meium":1,"none":0},"expressive":{"dir-action":0,"dir-explicit":0,"dir-speech":1,"indirect":0,"writing-device":0}},{"id":"담이네치킨","permalink":"","username":"asdfg","text":"오여기 맛있네용\n엄청 늦은 시간에 시켰는데도\n바로 튀겨주신게 느껴질정도로 핫뜨거 핫뜨거뜨거핫핫","date":"Mon Dec 10 23:59:44 +0000 2018","retweets":"30","favorites":"20","mentions":[],"hashtags":[],"geo":"","raw":"오여기 맛있네용\n엄청 늦은 시간에 시켰는데도\n바로 튀겨주신게 느껴질정도로 핫뜨거 핫뜨거뜨거핫핫","polarity":{"com":0.0011904761664682539,"pos":0.22481684979586383,"neg":0.6733516483877747,"neut":0.028021977995329673,"none":0.0726190476545635},"intensity":{"high":0.07829670333333333,"low":0.0575091575,"meium":0.7915750915,"none":0.07261904766666667},"expressive":{"dir-action":0,"dir-explicit":0.12390109897934982,"dir-speech":0.5820512819029915,"indirect":0.22261904762956353,"writing-device":0.07142857148809524}},{"id":"담이네치킨","permalink":"","username":"asdfg","text":"쿠폰왜안주는거짘????.ㅜㅜㅜㅜ","date":"Mon Dec 10 23:59:44 +0000 2018","retweets":"30","favorites":"20","mentions":[],"hashtags":[],"geo":"","raw":"쿠폰왜안주는거짘????.ㅜㅜㅜㅜ","polarity":{"com":0,"pos":0.19999999999999998,"neg":0.7999999999999999,"neut":0,"none":0},"intensity":{"high":0.3333333333333333,"low":0,"meium":0.6666666666666666,"none":0},"expressive":{"dir-action":0,"dir-explicit":0.16666666666666666,"dir-speech":0.5333333333333333,"indirect":0.13333333333333333,"writing-device":0.16666666666666666}},{"id":"담이네치킨","permalink":"","username":"asdfg","text":"담이네는 주기적으로 한번씩 시켜먹어줘야함 \n아~ 이게 동네치킨이구나~ 라는걸 상기시캬쥼","date":"Mon Dec 10 23:59:44 +0000 2018","retweets":"30","favorites":"20","mentions":[],"hashtags":[],"geo":"","raw":"담이네는 주기적으로 한번씩 시켜먹어줘야함 \n아~ 이게 동네치킨이구나~ 라는걸 상기시캬쥼","polarity":{"com":0.003812636167302106,"pos":0.32551353872091887,"neg":0.49206349224867724,"neut":0.12834578268805763,"none":0.05026455017504409},"intensity":{"high":0.21171802053528632,"low":0.1597805788599634,"meium":0.5782368504297062,"none":0.05026455017504409},"expressive":{"dir-action":0,"dir-explicit":0.17487550583333333,"dir-speech":0.649509804,"indirect":0.1194366635,"writing-device":0.056178026666666665}},{"id":"담이네치킨","permalink":"","username":"asdfg","text":"양념1후라이드1시켰는데 후라이드로만 왔어요.\n전화했더니 친절하게 양념으로 다시갖다주셨어요.\n비도 많이오는데 감사해요","date":"Mon Dec 10 23:59:44 +0000 2018","retweets":"30","favorites":"20","mentions":[],"hashtags":[],"geo":"","raw":"양념1후라이드1시켰는데 후라이드로만 왔어요.\n전화했더니 친절하게 양념으로 다시갖다주셨어요.\n비도 많이오는데 감사해요","polarity":{"com":0.0032258065005376342,"pos":0.6000630192666773,"neg":0.2545485578757581,"neut":0.04104402167350734,"none":0.10111859468351977},"intensity":{"high":0.23086769866666668,"low":0.12049443983333331,"meium":0.5471608438333334,"none":0.10147701766666667},"expressive":{"dir-action":0.0010752688333333334,"dir-explicit":0.15163784849999998,"dir-speech":0.47014586366666666,"indirect":0.2802959286666667,"writing-device":0.09684509033333333}},{"id":"담이네치킨","permalink":"","username":"asdfg","text":"역시 맛있습니다. 조금 아쉬운게 있었다면 이번엔 못보던 닭의 노란기름이 좀 많았어요ㅠ","date":"Mon Dec 10 23:59:44 +0000 2018","retweets":"30","favorites":"20","mentions":[],"hashtags":[],"geo":"","raw":"역시 맛있습니다. 조금 아쉬운게 있었다면 이번엔 못보던 닭의 노란기름이 좀 많았어요ㅠ","polarity":{"com":0.008055963444444444,"pos":0.36389979022222213,"neg":0.4324319624444445,"neut":0.14414832255555554,"none":0.051463961333333336},"intensity":{"high":0.07132580146821973,"low":0.19278678106426225,"meium":0.6839339798946448,"none":0.05195343757287338},"expressive":{"dir-action":0.0004894762224397672,"dir-explicit":0.4521027978676013,"dir-speech":0.30325175669033416,"indirect":0.18580923363813748,"writing-device":0.058346735581487445}},{"id":"담이네치킨","permalink":"","username":"asdfg","text":"늦은시간에 감사합니다.","date":"Mon Dec 10 23:59:44 +0000 2018","retweets":"30","favorites":"20","mentions":[],"hashtags":[],"geo":"","raw":"늦은시간에 감사합니다.","polarity":{"com":0,"pos":0.4166666666666667,"neg":0.5833333333333334,"neut":0,"none":0},"intensity":{"high":0.4166666666666667,"low":0,"meium":0.5833333333333334,"none":0},"expressive":{"dir-action":0,"dir-explicit":0.08333333333333333,"dir-speech":0.5,"indirect":0.4166666666666667,"writing-device":0}},{"id":"담이네치킨","permalink":"","username":"asdfg","text":"전화로 주문 해서 먹다가 요기에요 있어서 주문 했네요ㅎ\n역시 양도 크고 맛있네요ㅎ 많이 파세요ㅎ","date":"Mon Dec 10 23:59:44 +0000 2018","retweets":"30","favorites":"20","mentions":[],"hashtags":[],"geo":"","raw":"전화로 주문 해서 먹다가 요기에요 있어서 주문 했네요ㅎ\n역시 양도 크고 맛있네요ㅎ 많이 파세요ㅎ","polarity":{"com":0.0009920634445546737,"pos":0.5319512861702168,"neg":0.3184105700353789,"neut":0.061013805229001544,"none":0.08763227512084802},"intensity":{"high":0.05945159033993907,"low":0.13707200634856354,"meium":0.7120127105235569,"none":0.0914636927879404},"expressive":{"dir-action":0,"dir-explicit":0.39177005404353005,"dir-speech":0.3344394271482711,"indirect":0.18615824368735095,"writing-device":0.08763227512084802}},{"id":"담이네치킨","permalink":"","username":"asdfg","text":"배달이 너무늦네요","date":"Mon Dec 10 23:59:44 +0000 2018","retweets":"30","favorites":"20","mentions":[],"hashtags":[],"geo":"","raw":"배달이 너무늦네요","polarity":{"com":0.0714285715,"pos":0.5714285715,"neg":0.357142857,"neut":0,"none":0},"intensity":{"high":0.07142857150000001,"low":0.07142857150000001,"meium":0.857142857,"none":0},"expressive":{"dir-action":0,"dir-explicit":0.2857142855,"dir-speech":0.642857143,"indirect":0.0714285715,"writing-device":0}},{"id":"담이네치킨","permalink":"","username":"asdfg","text":"치킨이 너무 늦게 와요....40분걸린다 그랬으면서 시간이 한참지나도 올 생각을 안하네요","date":"Mon Dec 10 23:59:44 +0000 2018","retweets":"30","favorites":"20","mentions":[],"hashtags":[],"geo":"","raw":"치킨이 너무 늦게 와요....40분걸린다 그랬으면서 시간이 한참지나도 올 생각을 안하네요","polarity":{"com":0,"pos":0.4,"neg":0.4,"neut":0.1,"none":0.1},"intensity":{"high":0.05,"low":0,"meium":0.85,"none":0.1},"expressive":{"dir-action":0,"dir-explicit":0.1,"dir-speech":0.6,"indirect":0.2,"writing-device":0.1}},{"id":"담이네치킨","permalink":"","username":"asdfg","text":"양도많고 굳","date":"Mon Dec 10 23:59:44 +0000 2018","retweets":"30","favorites":"20","mentions":[],"hashtags":[],"geo":"","raw":"양도많고 굳","polarity":{"com":0,"pos":0.391304348,"neg":0.565217391,"neut":0.043478261,"none":0},"intensity":{"high":0.2608695652608696,"low":0.21739130421739128,"meium":0.5217391305217391,"none":0},"expressive":{"dir-action":0,"dir-explicit":0.5217391305217391,"dir-speech":0.2173913042173913,"indirect":0.2608695652608696,"writing-device":0}},{"id":"담이네치킨","permalink":"","username":"asdfg","text":"역시 양은 많네요\n맛더 그럭저럭 나쁘지않고","date":"Mon Dec 10 23:59:44 +0000 2018","retweets":"30","favorites":"20","mentions":[],"hashtags":[],"geo":"","raw":"역시 양은 많네요\n맛더 그럭저럭 나쁘지않고","polarity":{"com":0,"pos":0.3333333333333333,"neg":0.500000000125,"neut":0.08333333327083334,"none":0.08333333327083334},"intensity":{"high":0.08333333327083335,"low":0.08333333327083335,"meium":0.7500000001875,"none":0.08333333327083335},"expressive":{"dir-action":0,"dir-explicit":0.16666666654166665,"dir-speech":0.3333333333333333,"indirect":0.4166666668541666,"writing-device":0.08333333327083332}},{"id":"담이네치킨","permalink":"","username":"asdfg","text":"짜고...\n닭에선 잡내나고..\n배달도 오래걸리고...\nㅠ 원래 먹던 맛이 아님\nㅠ ㅠ ㅜ","date":"Mon Dec 10 23:59:44 +0000 2018","retweets":"30","favorites":"20","mentions":[],"hashtags":[],"geo":"","raw":"짜고...\n닭에선 잡내나고..\n배달도 오래걸리고...\nㅠ 원래 먹던 맛이 아님\nㅠ ㅠ ㅜ","polarity":{"com":0.017613636377201702,"pos":0.49092712843636593,"neg":0.463952020307994,"neut":0.011904761876488095,"none":0.015602453001950307},"intensity":{"high":0.08336038962500002,"low":0.11654942275,"meium":0.7844877346250001,"none":0.015602453000000002},"expressive":{"dir-action":0,"dir-explicit":0.1299242425,"dir-speech":0.441026334875,"indirect":0.411462842625,"writing-device":0.017586579999999997}},{"id":"담이네치킨","permalink":"","username":"asdfg","text":"치킨 진짜 젤맛나요 ㅎㅎㅎ","date":"Mon Dec 10 23:59:44 +0000 2018","retweets":"30","favorites":"20","mentions":[],"hashtags":[],"geo":"","raw":"치킨 진짜 젤맛나요 ㅎㅎㅎ","polarity":{"com":0,"pos":1,"neg":0,"neut":0,"none":0},"intensity":{"high":0,"low":0,"meium":1,"none":0},"expressive":{"dir-action":0,"dir-explicit":0,"dir-speech":1,"indirect":0,"writing-device":0}},{"id":"담이네치킨","permalink":"","username":"asdfg","text":"오랫만에 시켜먹은 치느님~~☆☆느므맛있엉","date":"Mon Dec 10 23:59:44 +0000 2018","retweets":"30","favorites":"20","mentions":[],"hashtags":[],"geo":"","raw":"오랫만에 시켜먹은 치느님~~☆☆느므맛있엉","polarity":{"com":0,"pos":0.6666666665000001,"neg":0.3333333335,"neut":0,"none":0},"intensity":{"high":0.0555555555,"low":0.111111111,"meium":0.8333333334999999,"none":0},"expressive":{"dir-action":0,"dir-explicit":0.111111111,"dir-speech":0.888888889,"indirect":0,"writing-device":0}},{"id":"담이네치킨","permalink":"","username":"asdfg","text":"내가참조아하는 치느님...담이네가쵝오죠","date":"Mon Dec 10 23:59:44 +0000 2018","retweets":"30","favorites":"20","mentions":[],"hashtags":[],"geo":"","raw":"내가참조아하는 치느님...담이네가쵝오죠","polarity":{"com":0.0085925175,"pos":0.34731954425,"neg":0.3063827935,"neut":0.21057174174999999,"none":0.127133403},"intensity":{"high":0.08332565000000001,"low":0.09748857750000002,"meium":0.68917880625,"none":0.13000696625000002},"expressive":{"dir-action":0.002873563250718391,"dir-explicit":0.14480504853620127,"dir-speech":0.48364732512091185,"indirect":0.2280180098070045,"writing-device":0.140656053285164}},{"id":"담이네치킨","permalink":"","username":"asdfg","text":"역시 담이네가짱..","date":"Mon Dec 10 23:59:44 +0000 2018","retweets":"30","favorites":"20","mentions":[],"hashtags":[],"geo":"","raw":"역시 담이네가짱..","polarity":{"com":0.008928571504464286,"pos":0.37202380968601195,"neg":0.23214285711607144,"neut":0.20684523810342265,"none":0.18005952359002977},"intensity":{"high":0.08035714304017857,"low":0.22023809511011905,"meium":0.5148809522574405,"none":0.18452380959226192},"expressive":{"dir-action":0,"dir-explicit":0.35416666667708335,"dir-speech":0.32291666666145835,"indirect":0.14285714307142858,"writing-device":0.18005952359002977}},{"id":"담이네치킨","permalink":"","username":"asdfg","text":"배송도빠르고\n맛도역시좋고..","date":"Mon Dec 10 23:59:44 +0000 2018","retweets":"30","favorites":"20","mentions":[],"hashtags":[],"geo":"","raw":"배송도빠르고\n맛도역시좋고..","polarity":{"com":0.0023809523341269843,"pos":0.5158730158386243,"neg":0.10952380970317462,"neut":0.11587301570529102,"none":0.25634920641878306},"intensity":{"high":0.04761904768253968,"low":0.14920634904973545,"meium":0.5468253968489419,"none":0.25634920641878306},"expressive":{"dir-action":0,"dir-explicit":0.17301587300000001,"dir-speech":0.5444444443333334,"indirect":0.028571428666666673,"writing-device":0.25396825400000006}},{"id":"담이네치킨","permalink":"","username":"asdfg","text":"사장님덕분에비싸게 주문하려했던걸 조금 싸게 주문하게되었네요..사장님의 배려심 짱~^^","date":"Mon Dec 10 23:59:44 +0000 2018","retweets":"30","favorites":"20","mentions":[],"hashtags":[],"geo":"","raw":"사장님덕분에비싸게 주문하려했던걸 조금 싸게 주문하게되었네요..사장님의 배려심 짱~^^","polarity":{"com":0.012043326870483756,"pos":0.5559731425415101,"neg":0.288967934141637,"neut":0.11080862258344677,"none":0.032206973862922386},"intensity":{"high":0.06268356072649367,"low":0.1342354686996617,"meium":0.769437215086461,"none":0.033643755487383596},"expressive":{"dir-action":0.0014367816251795976,"dir-explicit":0.4806735184350842,"dir-speech":0.3441769680430221,"indirect":0.13247843214155977,"writing-device":0.04123429975515429}},{"id":"담이네치킨","permalink":"","username":"asdfg","text":"닭살색이 검은부분이 나와서 실망이였음","date":"Mon Dec 10 23:59:44 +0000 2018","retweets":"30","favorites":"20","mentions":[],"hashtags":[],"geo":"","raw":"닭살색이 검은부분이 나와서 실망이였음","polarity":{"com":0.0107425642,"pos":0.6634677954,"neg":0.2436612824,"neut":0.03592179899999999,"none":0.046206558999999994},"intensity":{"high":0.04663557041865423,"low":0.04277158721710863,"meium":0.8635052261454021,"none":0.047087616218835046},"expressive":{"dir-action":0.0008810572001762114,"dir-explicit":0.1664795140332959,"dir-speech":0.4127695718825539,"indirect":0.36886067207377216,"writing-device":0.05100918481020184}},{"id":"담이네치킨","permalink":"","username":"asdfg","text":"매번전화로 주문했는데...요기요로 간단결재.주문 완죤편리~~^^b","date":"Mon Dec 10 23:59:44 +0000 2018","retweets":"30","favorites":"20","mentions":[],"hashtags":[],"geo":"","raw":"매번전화로 주문했는데...요기요로 간단결재.주문 완죤편리~~^^b","polarity":{"com":0,"pos":1,"neg":0,"neut":0,"none":0},"intensity":{"high":0,"low":0,"meium":1,"none":0},"expressive":{"dir-action":0,"dir-explicit":0.75,"dir-speech":0,"indirect":0.25,"writing-device":0}},{"id":"담이네치킨","permalink":"","username":"asdfg","text":"배달도 빨라지고 여전히 맛나요^^양념특히 맛좋아요~~~","date":"Mon Dec 10 23:59:44 +0000 2018","retweets":"30","favorites":"20","mentions":[],"hashtags":[],"geo":"","raw":"배달도 빨라지고 여전히 맛나요^^양념특히 맛좋아요~~~","polarity":{"com":0.008333333333333333,"pos":0.4033333333333333,"neg":0.2816666666666667,"neut":0.008333333333333333,"none":0.29833333333333334},"intensity":{"high":0.075,"low":0.10666666666666669,"meium":0.52,"none":0.29833333333333334},"expressive":{"dir-action":0,"dir-explicit":0.13333333333333333,"dir-speech":0.4333333333333333,"indirect":0.14333333333333334,"writing-device":0.29}},{"id":"담이네치킨","permalink":"","username":"asdfg","text":"더럽게맛없네 기름도 더러운거쓰는지 되게 느끼하고 거멓네요 \n다시는이런곳 없었음좋겠습니다 45분 걸린다고문자도왔는데 1시간10분정도 소요되고 맛도 더럽ㄱ게없네요 안시켜먹겠습니다 다시는 비추","date":"Mon Dec 10 23:59:44 +0000 2018","retweets":"30","favorites":"20","mentions":[],"hashtags":[],"geo":"","raw":"더럽게맛없네 기름도 더러운거쓰는지 되게 느끼하고 거멓네요 \n다시는이런곳 없었음좋겠습니다 45분 걸린다고문자도왔는데 1시간10분정도 소요되고 맛도 더럽ㄱ게없네요 안시켜먹겠습니다 다시는 비추","polarity":{"com":0.015154775311552824,"pos":0.4203567405362276,"neg":0.4334298585354106,"neut":0.03249611218546899,"none":0.09856251343133982},"intensity":{"high":0.10083252900000002,"low":0.05139860837500001,"meium":0.7482374115000001,"none":0.099531451125},"expressive":{"dir-action":0.00018768768747653904,"dir-explicit":0.2755215036530599,"dir-speech":0.391183705951102,"indirect":0.2000935087249883,"writing-device":0.1330135939833733}},{"id":"담이네치킨","permalink":"","username":"asdfg","text":"담이네 단골이에요! 배달이 조금늦는편이라 미리시켜놓고 기다린답니다ㅋㅋ요즘 글고 좀 빨라진것같아요!!양도 맛도 저한테는 최고^^","date":"Mon Dec 10 23:59:44 +0000 2018","retweets":"30","favorites":"20","mentions":[],"hashtags":[],"geo":"","raw":"담이네 단골이에요! 배달이 조금늦는편이라 미리시켜놓고 기다린답니다ㅋㅋ요즘 글고 좀 빨라진것같아요!!양도 맛도 저한테는 최고^^","polarity":{"com":0.0028033639997451488,"pos":0.6586226703946706,"neg":0.18926752507370295,"neut":0.10718316526298333,"none":0.042123275268897885},"intensity":{"high":0.08031860455275623,"low":0.13322653846665697,"meium":0.7439311011585392,"none":0.042523755822047614},"expressive":{"dir-action":0.0004004805454545454,"dir-explicit":0.2806203808181818,"dir-speech":0.3766410601818182,"indirect":0.29981432263636365,"writing-device":0.04252375581818182}},{"id":"담이네치킨","permalink":"","username":"asdfg","text":"최고 맛 양 친절 다좋아요\n호식이보다 더 괜찮아용","date":"Mon Dec 10 23:59:44 +0000 2018","retweets":"30","favorites":"20","mentions":[],"hashtags":[],"geo":"","raw":"최고 맛 양 친절 다좋아요\n호식이보다 더 괜찮아용","polarity":{"com":0.007709251000000002,"pos":0.6826362097500001,"neg":0.18138819700000003,"neut":0.04376556225000001,"none":0.08450078000000001},"intensity":{"high":0.33578299475,"low":0.054778778,"meium":0.52383612575,"none":0.0856021015},"expressive":{"dir-action":0.0011013215,"dir-explicit":0.33023230375,"dir-speech":0.237823898,"indirect":0.34524037525,"writing-device":0.0856021015}},{"id":"담이네치킨","permalink":"","username":"asdfg","text":"괜찮습니다~~","date":"Mon Dec 10 23:59:44 +0000 2018","retweets":"30","favorites":"20","mentions":[],"hashtags":[],"geo":"","raw":"괜찮습니다~~","polarity":{"com":null,"pos":null,"neg":null,"neut":null,"none":null},"intensity":{"high":null,"low":null,"meium":null,"none":null},"expressive":{"dir-action":null,"dir-explicit":null,"dir-speech":null,"indirect":null,"writing-device":null}},{"id":"담이네치킨","permalink":"","username":"asdfg","text":"자주 먹을듯 ㅋㅋㅋ","date":"Mon Dec 10 23:59:44 +0000 2018","retweets":"30","favorites":"20","mentions":[],"hashtags":[],"geo":"","raw":"자주 먹을듯 ㅋㅋㅋ","polarity":{"com":0,"pos":0.75,"neg":0.1666666665,"neut":0,"none":0.0833333335},"intensity":{"high":0,"low":0.5833333332083334,"meium":0.33333333333333337,"none":0.08333333345833334},"expressive":{"dir-action":0,"dir-explicit":0.0833333335,"dir-speech":0.6666666665000001,"indirect":0.1666666665,"writing-device":0.0833333335}},{"id":"담이네치킨","permalink":"","username":"asdfg","text":"여기OO진심  리얼 리뷰 간다\n내가 티비에서나 봤던걸 여기서 당하네\n담이네치킨?  처음에 배달 20분만에왔길래 OO왠일이냐 여기 배달OO늦게오는거알았는데 하고봤더니 미쳐버린파닭이라고 써있는게왔더라 요기요전화해보니까  음식점은 여기가맞다대\n그래서 점포 전화해서 잘못왔다니까  죄송하다고 다시보낸다더라 점포구라치는것도어이가없었지만 알았다하고 기다렸다.  근데 40분기다려서 온게 또 잘못왔네  전화해서얘기하니까 귀찮다는듯이 전화받더라 사장이라는OO가","date":"Mon Dec 10 23:59:44 +0000 2018","retweets":"30","favorites":"20","mentions":[],"hashtags":[],"geo":"","raw":"여기OO진심  리얼 리뷰 간다\n내가 티비에서나 봤던걸 여기서 당하네\n담이네치킨?  처음에 배달 20분만에왔길래 OO왠일이냐 여기 배달OO늦게오는거알았는데 하고봤더니 미쳐버린파닭이라고 써있는게왔더라 요기요전화해보니까  음식점은 여기가맞다대\n그래서 점포 전화해서 잘못왔다니까  죄송하다고 다시보낸다더라 점포구라치는것도어이가없었지만 알았다하고 기다렸다.  근데 40분기다려서 온게 또 잘못왔네  전화해서얘기하니까 귀찮다는듯이 전화받더라 사장이라는OO가","polarity":{"com":0.0094149429274506,"pos":0.5214089874855465,"neg":0.3546298252673059,"neut":0.06431997844472381,"none":0.050226265874973065},"intensity":{"high":0.0969258979070697,"low":0.050236895120243756,"meium":0.8017795105905186,"none":0.05105769638216806},"expressive":{"dir-action":0.018656363499111595,"dir-explicit":0.21312393139461308,"dir-speech":0.3565174663877848,"indirect":0.3447594657931067,"writing-device":0.06694277292538366}},{"id":"담이네치킨","permalink":"","username":"asdfg","text":"배달 느리고 맛은 그냥","date":"Mon Dec 10 23:59:44 +0000 2018","retweets":"30","favorites":"20","mentions":[],"hashtags":[],"geo":"","raw":"배달 느리고 맛은 그냥","polarity":{"com":0,"pos":0.6666666666666666,"neg":0.3333333333333333,"neut":0,"none":0},"intensity":{"high":0,"low":0,"meium":1,"none":0},"expressive":{"dir-action":0,"dir-explicit":0,"dir-speech":1,"indirect":0,"writing-device":0}},{"id":"담이네치킨","permalink":"","username":"asdfg","text":"간장을 선택했는데 맛이 그냥 그래요..양념더 맛있음","date":"Mon Dec 10 23:59:44 +0000 2018","retweets":"30","favorites":"20","mentions":[],"hashtags":[],"geo":"","raw":"간장을 선택했는데 맛이 그냥 그래요..양념더 맛있음","polarity":{"com":0.00672931,"pos":0.545557128,"neg":0.3958249271666667,"neut":0.03848125833333333,"none":0.013407376499999998},"intensity":{"high":0.07580652166666667,"low":0.05286661133333334,"meium":0.8575610675,"none":0.013765799500000002},"expressive":{"dir-action":0.0035777713339296287,"dir-explicit":0.19009795219834966,"dir-speech":0.5695483000949247,"indirect":0.22236759887039462,"writing-device":0.014408377502401397}},{"id":"담이네치킨","permalink":"","username":"asdfg","text":"맛나고 서비스 다좋은데 넘 늦어요 ㅠ\n1시간40분만에 왔어요 담이네치킨은\n한시간전에 시켜놓고 잊어버리고있어야합니다 ㅠ","date":"Mon Dec 10 23:59:44 +0000 2018","retweets":"30","favorites":"20","mentions":[],"hashtags":[],"geo":"","raw":"맛나고 서비스 다좋은데 넘 늦어요 ㅠ\n1시간40분만에 왔어요 담이네치킨은\n한시간전에 시켜놓고 잊어버리고있어야합니다 ㅠ","polarity":{"com":0.005702135888888888,"pos":0.44259913311111115,"neg":0.41993318477777775,"neut":0.07715189888888889,"none":0.054613647333333334},"intensity":{"high":0.11600982490177886,"low":0.15374770535041643,"meium":0.674351683186039,"none":0.055890786561765646},"expressive":{"dir-action":0.0012771392223641265,"dir-explicit":0.21671184835741242,"dir-speech":0.31952550181328065,"indirect":0.40186179648909576,"writing-device":0.06062371411784708}},{"id":"담이네치킨","permalink":"","username":"asdfg","text":"배달 시간이 너무 오래 걸렸어요\n한시간도 더 걸리더라고요","date":"Mon Dec 10 23:59:44 +0000 2018","retweets":"30","favorites":"20","mentions":[],"hashtags":[],"geo":"","raw":"배달 시간이 너무 오래 걸렸어요\n한시간도 더 걸리더라고요","polarity":{"com":0,"pos":0.2,"neg":0.8,"neut":0,"none":0},"intensity":{"high":0,"low":0,"meium":1,"none":0},"expressive":{"dir-action":0,"dir-explicit":0.2,"dir-speech":0.4,"indirect":0.4,"writing-device":0}},{"id":"담이네치킨","permalink":"","username":"asdfg","text":"튀김옷 두껍고, 배달 완전 느림..... 50분 걸린다고 해놓고 1시간 20분만에 배달. 절대 다시 안먹음","date":"Mon Dec 10 23:59:44 +0000 2018","retweets":"30","favorites":"20","mentions":[],"hashtags":[],"geo":"","raw":"튀김옷 두껍고, 배달 완전 느림..... 50분 걸린다고 해놓고 1시간 20분만에 배달. 절대 다시 안먹음","polarity":{"com":0.001436781625,"pos":0.477729885,"neg":0.46434985637500004,"neut":0.024245689625,"none":0.032237787375},"intensity":{"high":0.14718031610660245,"low":0.015804597748024424,"meium":0.8033405171495824,"none":0.03367456899579068},"expressive":{"dir-action":0.0014367816251795976,"dir-explicit":0.26230244253278784,"dir-speech":0.4501616379312702,"indirect":0.24173850578021733,"writing-device":0.04436063213054508}},{"id":"담이네치킨","permalink":"","username":"asdfg","text":"그냥 만족해요~정말 맛있어요^^","date":"Mon Dec 10 23:59:44 +0000 2018","retweets":"30","favorites":"20","mentions":[],"hashtags":[],"geo":"","raw":"그냥 만족해요~정말 맛있어요^^","polarity":{"com":0.006451612999999999,"pos":0.42204301066666666,"neg":0.4508960573333334,"neut":0.027956989333333335,"none":0.09265232966666666},"intensity":{"high":0.21326164866666664,"low":0.038709677333333324,"meium":0.6546594983333333,"none":0.09336917566666667},"expressive":{"dir-action":0.002150537666666667,"dir-explicit":0.271326165,"dir-speech":0.514874552,"indirect":0.11899641566666667,"writing-device":0.09265232966666666}},{"id":"담이네치킨","permalink":"","username":"asdfg","text":"개인적으로 양념이 맛있네요 ㅎㅎㅎ","date":"Mon Dec 10 23:59:44 +0000 2018","retweets":"30","favorites":"20","mentions":[],"hashtags":[],"geo":"","raw":"개인적으로 양념이 맛있네요 ㅎㅎㅎ","polarity":{"com":0.030837004,"pos":0.431718062,"neg":0.440528634,"neut":0.088105727,"none":0.008810573},"intensity":{"high":0.10572687210572689,"low":0.13215859013215858,"meium":0.7488986787488987,"none":0.01321585901321586},"expressive":{"dir-action":0.004405286004405286,"dir-explicit":0.4140969164140969,"dir-speech":0.3612334803612335,"indirect":0.20704845820704845,"writing-device":0.01321585901321586}},{"id":"담이네치킨","permalink":"","username":"asdfg","text":"별 하나도 아깝네.\n시키지 마시요\n배달 1시간 30분 걸림.\n닭 열라 크게 6조각 있음.\n먹기 겁나 불편하고, 튀김은 뭘로 튀겼는지 열라 딱딱함.","date":"Mon Dec 10 23:59:44 +0000 2018","retweets":"30","favorites":"20","mentions":[],"hashtags":[],"geo":"","raw":"별 하나도 아깝네.\n시키지 마시요\n배달 1시간 30분 걸림.\n닭 열라 크게 6조각 있음.\n먹기 겁나 불편하고, 튀김은 뭘로 튀겼는지 열라 딱딱함.","polarity":{"com":0.018890562142857142,"pos":0.47574786335714286,"neg":0.37910020642857145,"neut":0.09007718314285715,"none":0.03618418492857143},"intensity":{"high":0.09472979007819501,"low":0.12493482836606677,"meium":0.6701059611192932,"none":0.11022942043644497},"expressive":{"dir-action":0.0015333305714285714,"dir-explicit":0.30251695871428574,"dir-speech":0.23236087035714287,"indirect":0.4274858590714285,"writing-device":0.036102981285714285}},{"id":"담이네치킨","permalink":"","username":"asdfg","text":"맛있어요\n배달1시간걸렸지만 맛있었어요😆","date":"Mon Dec 10 23:59:44 +0000 2018","retweets":"30","favorites":"20","mentions":[],"hashtags":[],"geo":"","raw":"맛있어요\n배달1시간걸렸지만 맛있었어요😆","polarity":{"com":0,"pos":0.13392857149999998,"neg":0.8660714285,"neut":0,"none":0},"intensity":{"high":0.1696428572075893,"low":0.07142857148214285,"meium":0.7589285713102679,"none":0},"expressive":{"dir-action":0,"dir-explicit":0.13392857149999998,"dir-speech":0.66071428575,"indirect":0.20535714275,"writing-device":0}},{"id":"담이네치킨","permalink":"","username":"asdfg","text":"진짜 맛나요  ㅎㅎ기다리는 보람이있다는ㅎㅎ\n회사에서 집까지 1시간 정도 걸리는데 출발할때 주문하면 딱 맞아요ㅎㅎ진심 기다리는 보람있어요!!!","date":"Mon Dec 10 23:59:44 +0000 2018","retweets":"30","favorites":"20","mentions":[],"hashtags":[],"geo":"","raw":"진짜 맛나요  ㅎㅎ기다리는 보람이있다는ㅎㅎ\n회사에서 집까지 1시간 정도 걸리는데 출발할때 주문하면 딱 맞아요ㅎㅎ진심 기다리는 보람있어요!!!","polarity":{"com":0.003969854083002511,"pos":0.6770057525269161,"neg":0.20340317539971642,"neut":0.0452375134962302,"none":0.07038370449413468},"intensity":{"high":0.05311200516666666,"low":0.07710195275,"meium":0.7990439145833333,"none":0.07074212749999999},"expressive":{"dir-action":0.0010752688333333332,"dir-explicit":0.2357021638333333,"dir-speech":0.4769914486666666,"indirect":0.21584741416666664,"writing-device":0.07038370449999999}},{"id":"담이네치킨","permalink":"","username":"asdfg","text":"원래 유선상으로 시켜먹던 곳인데 요기요로 간편하게 시켜먹을 수 있어 편했어요.","date":"Mon Dec 10 23:59:44 +0000 2018","retweets":"30","favorites":"20","mentions":[],"hashtags":[],"geo":"","raw":"원래 유선상으로 시켜먹던 곳인데 요기요로 간편하게 시켜먹을 수 있어 편했어요.","polarity":{"com":0.020833333372395832,"pos":0.6354166665455728,"neg":0.19166666672604168,"neut":0.022916666747135415,"none":0.12916666660885415},"intensity":{"high":0.05486111112499999,"low":0.18263888887500002,"meium":0.633333333375,"none":0.12916666662499998},"expressive":{"dir-action":0,"dir-explicit":0.17013888877126734,"dir-speech":0.4027777779253472,"indirect":0.29791666666223965,"writing-device":0.12916666664114582}},{"id":"담이네치킨","permalink":"","username":"asdfg","text":"괜찮았음","date":"Mon Dec 10 23:59:44 +0000 2018","retweets":"30","favorites":"20","mentions":[],"hashtags":[],"geo":"","raw":"괜찮았음","polarity":{"com":0,"pos":0.5,"neg":0.5,"neut":0,"none":0},"intensity":{"high":0,"low":0,"meium":1,"none":0},"expressive":{"dir-action":0,"dir-explicit":0,"dir-speech":0.5,"indirect":0.5,"writing-device":0}},{"id":"담이네치킨","permalink":"","username":"asdfg","text":"좋다","date":"Mon Dec 10 23:59:44 +0000 2018","retweets":"30","favorites":"20","mentions":[],"hashtags":[],"geo":"","raw":"좋다","polarity":{"com":0,"pos":0.92,"neg":0.04,"neut":0,"none":0.04},"intensity":{"high":0.2,"low":0.04,"meium":0.72,"none":0.04},"expressive":{"dir-action":0,"dir-explicit":0.6,"dir-speech":0.2,"indirect":0.16,"writing-device":0.04}},{"id":"담이네치킨","permalink":"","username":"asdfg","text":"그냥 넘어갈려다가 리뷰 작성합니다.\n문자로 50분 소요된다고 왔습니다.\n1시간 기달리다가 요기요 확인해보니 영업마감??  늦은시간에 한건 아는데...\n기다리고 잇을 사람은 신경안쓰나요?\n마감이라고 연락줄수잇는거 아닌가요??","date":"Mon Dec 10 23:59:44 +0000 2018","retweets":"30","favorites":"20","mentions":[],"hashtags":[],"geo":"","raw":"그냥 넘어갈려다가 리뷰 작성합니다.\n문자로 50분 소요된다고 왔습니다.\n1시간 기달리다가 요기요 확인해보니 영업마감??  늦은시간에 한건 아는데...\n기다리고 잇을 사람은 신경안쓰나요?\n마감이라고 연락줄수잇는거 아닌가요??","polarity":{"com":0.004300882470588236,"pos":0.30523507088235297,"neg":0.6067768617647059,"neut":0.046087697647058834,"none":0.037599487235294125},"intensity":{"high":0.07354410505882351,"low":0.07220537347058822,"meium":0.8153109977647058,"none":0.038939523705882356},"expressive":{"dir-action":0.0003795066470141757,"dir-explicit":0.15777933774614358,"dir-speech":0.46413451371010184,"indirect":0.3034348360819488,"writing-device":0.07427180581479155}},{"id":"담이네치킨","permalink":"","username":"asdfg","text":"만족합니다","date":"Mon Dec 10 23:59:44 +0000 2018","retweets":"30","favorites":"20","mentions":[],"hashtags":[],"geo":"","raw":"만족합니다","polarity":{"com":0,"pos":0,"neg":1,"neut":0,"none":0},"intensity":{"high":0,"low":0,"meium":1,"none":0},"expressive":{"dir-action":0,"dir-explicit":1,"dir-speech":0,"indirect":0,"writing-device":0}},{"id":"담이네치킨","permalink":"","username":"asdfg","text":"두마리셋트 먹엇는데 닭도 크고 튀김옷이 아주 바삭하고 맛있네요! 거기다가 생닭을 써서 육즙도 촉촉해요! 평소에 제가 싱겁게먹어서 그런지 간이 저한텐 조금 쎗던거 빼고는 완벽하게 맛있었습니다!♥","date":"Mon Dec 10 23:59:44 +0000 2018","retweets":"30","favorites":"20","mentions":[],"hashtags":[],"geo":"","raw":"두마리셋트 먹엇는데 닭도 크고 튀김옷이 아주 바삭하고 맛있네요! 거기다가 생닭을 써서 육즙도 촉촉해요! 평소에 제가 싱겁게먹어서 그런지 간이 저한텐 조금 쎗던거 빼고는 완벽하게 맛있었습니다!♥","polarity":{"com":0.005610390799999999,"pos":0.45820098484999994,"neg":0.3985950396,"neut":0.026600326749999997,"none":0.110993258},"intensity":{"high":0.1185937215,"low":0.08856600319999999,"meium":0.6789626984499999,"none":0.11387757685000002},"expressive":{"dir-action":0.0061357429506135736,"dir-explicit":0.23745944142374595,"dir-speech":0.3749430337874943,"indirect":0.24373111432437308,"writing-device":0.13773066751377308}},{"id":"담이네치킨","permalink":"","username":"asdfg","text":"윤진규배달개느려","date":"Mon Dec 10 23:59:44 +0000 2018","retweets":"30","favorites":"20","mentions":[],"hashtags":[],"geo":"","raw":"윤진규배달개느려","polarity":{"com":0,"pos":1,"neg":0,"neut":0,"none":0},"intensity":{"high":0,"low":0,"meium":1,"none":0},"expressive":{"dir-action":0,"dir-explicit":0,"dir-speech":1,"indirect":0,"writing-device":0}},{"id":"담이네치킨","permalink":"","username":"asdfg","text":"대박임 닭 크기도 큰데다 국내산이고 비린내도 안나요. 개인적으로 후라이드+양념 추천 합니다.","date":"Mon Dec 10 23:59:44 +0000 2018","retweets":"30","favorites":"20","mentions":[],"hashtags":[],"geo":"","raw":"대박임 닭 크기도 큰데다 국내산이고 비린내도 안나요. 개인적으로 후라이드+양념 추천 합니다.","polarity":{"com":0.0038126361666666665,"pos":0.6277622159999999,"neg":0.21296296299999998,"neut":0.07080610016666666,"none":0.08465608466666667},"intensity":{"high":0.12441643316666666,"low":0.013616557666666664,"meium":0.7773109245,"none":0.08465608466666666},"expressive":{"dir-action":0,"dir-explicit":0.530034235911661,"dir-speech":0.08138811081976864,"indirect":0.3006535947832244,"writing-device":0.08792405848534599}},{"id":"담이네치킨","permalink":"","username":"asdfg","text":"겁나게느리시네요","date":"Mon Dec 10 23:59:44 +0000 2018","retweets":"30","favorites":"20","mentions":[],"hashtags":[],"geo":"","raw":"겁나게느리시네요","polarity":{"com":null,"pos":null,"neg":null,"neut":null,"none":null},"intensity":{"high":null,"low":null,"meium":null,"none":null},"expressive":{"dir-action":null,"dir-explicit":null,"dir-speech":null,"indirect":null,"writing-device":null}},{"id":"담이네치킨","permalink":"","username":"asdfg","text":"배달도 무난하고 바삭바삭하고 정말 맛있어요\n가격도 다른 치킨집에 비해서 저렴하고\n기대한것보다 이상으로 만족!!!!","date":"Mon Dec 10 23:59:44 +0000 2018","retweets":"30","favorites":"20","mentions":[],"hashtags":[],"geo":"","raw":"배달도 무난하고 바삭바삭하고 정말 맛있어요\n가격도 다른 치킨집에 비해서 저렴하고\n기대한것보다 이상으로 만족!!!!","polarity":{"com":0.004943983417078665,"pos":0.5838233553819853,"neg":0.2850755620237563,"neut":0.051985328837665434,"none":0.07417177033951432},"intensity":{"high":0.10424016991666667,"low":0.15957382875,"meium":0.6608061263333334,"none":0.075379875},"expressive":{"dir-action":0.001208104666767342,"dir-explicit":0.3810365168650864,"dir-speech":0.2885180438573765,"indirect":0.24995762393749646,"writing-device":0.07927971067327332}},{"id":"담이네치킨","permalink":"","username":"asdfg","text":"닭이 크기도하고 냉동닭도 아니네요. 튀김옷이 바삭해서 냉장고에 보관했다 먹어도 괜찮고 염분도 적은 편인듯..\n역대 먹어본 두마리치킨중에선 단연 최고입니다.","date":"Mon Dec 10 23:59:44 +0000 2018","retweets":"30","favorites":"20","mentions":[],"hashtags":[],"geo":"","raw":"닭이 크기도하고 냉동닭도 아니네요. 튀김옷이 바삭해서 냉장고에 보관했다 먹어도 괜찮고 염분도 적은 편인듯..\n역대 먹어본 두마리치킨중에선 단연 최고입니다.","polarity":{"com":0.007366374666175573,"pos":0.4825741127678284,"neg":0.2982887524467807,"neut":0.06909089712872726,"none":0.14267986299048802},"intensity":{"high":0.1351007009153199,"low":0.13835973024821868,"meium":0.5826563673889792,"none":0.14388320144748223},"expressive":{"dir-action":0.0014900768001986768,"dir-explicit":0.237499948365,"dir-speech":0.31924448890923257,"indirect":0.29484270003931234,"writing-device":0.14692278588625637}},{"id":"담이네치킨","permalink":"","username":"asdfg","text":"간장양념이 제스타일은 아니지만 양이 크고 맛있습니다","date":"Mon Dec 10 23:59:44 +0000 2018","retweets":"30","favorites":"20","mentions":[],"hashtags":[],"geo":"","raw":"간장양념이 제스타일은 아니지만 양이 크고 맛있습니다","polarity":{"com":0.007709250998072688,"pos":0.2616651476845837,"neg":0.6058218135985445,"neut":0.08093447772976636,"none":0.043869309989032663},"intensity":{"high":0.12125930428031484,"low":0.050281026762570256,"meium":0.7748683476937172,"none":0.05359132126339783},"expressive":{"dir-action":0.0011013215002753302,"dir-explicit":0.36645526359161384,"dir-speech":0.4581244618645311,"indirect":0.12934832153233708,"writing-device":0.044970631511242656}},{"id":"담이네치킨","permalink":"","username":"asdfg","text":"닭이 크고 치킨 양념이 맛있어서 한번 먹어본 이후론 치킨 무조건 여기서시킴!!","date":"Mon Dec 10 23:59:44 +0000 2018","retweets":"30","favorites":"20","mentions":[],"hashtags":[],"geo":"","raw":"닭이 크고 치킨 양념이 맛있어서 한번 먹어본 이후론 치킨 무조건 여기서시킴!!","polarity":{"com":0.02042659524744668,"pos":0.465112876816861,"neg":0.47241848269094777,"neut":0.030050572121243686,"none":0.011991473123501068},"intensity":{"high":0.10103369252525843,"low":0.2053804123013451,"meium":0.6767334164191834,"none":0.016852478754213116},"expressive":{"dir-action":0.0005506607501376652,"dir-explicit":0.22426298530606575,"dir-speech":0.4782730896195683,"indirect":0.27916279719479076,"writing-device":0.01775046712943762}},{"id":"담이네치킨","permalink":"","username":"asdfg","text":"배달이 진짜 너무느려요..배달대기시간40분인데\n50분좀 넘어가네요 빠른배달부탁드려요","date":"Mon Dec 10 23:59:44 +0000 2018","retweets":"30","favorites":"20","mentions":[],"hashtags":[],"geo":"","raw":"배달이 진짜 너무느려요..배달대기시간40분인데\n50분좀 넘어가네요 빠른배달부탁드려요","polarity":{"com":0.020716619999999998,"pos":0.72230975725,"neg":0.21775793649999997,"neut":0.0114379085,"none":0.02777777775},"intensity":{"high":0.0650385153831298,"low":0.06973622775871703,"meium":0.8374474791046809,"none":0.02777777775347222},"expressive":{"dir-action":0,"dir-explicit":0.204966153125,"dir-speech":0.5735410831250001,"indirect":0.191264005625,"writing-device":0.030228758125}},{"id":"담이네치킨","permalink":"","username":"asdfg","text":"추운얼음길에도 불구하고 너무나 친절하게 배달해주시고 식었는데도 맛이최고였습니다 강추","date":"Mon Dec 10 23:59:44 +0000 2018","retweets":"30","favorites":"20","mentions":[],"hashtags":[],"geo":"","raw":"추운얼음길에도 불구하고 너무나 친절하게 배달해주시고 식었는데도 맛이최고였습니다 강추","polarity":{"com":0.010026314625000001,"pos":0.318469215375,"neg":0.39369575162500003,"neut":0.065970709625,"none":0.21183800875000003},"intensity":{"high":0.31447749270361935,"low":0.055534085263883516,"meium":0.41733093522933284,"none":0.2126574868031644},"expressive":{"dir-action":0.001357112375,"dir-explicit":0.26026129387499997,"dir-speech":0.269808939375,"indirect":0.254625861625,"writing-device":0.21394679275}}]