[{"id":"깐풍기의전설","permalink":"","username":"asdfg","text":"맛은쏘쏘\n\n배달시간이 예정보다 사십분이더걸렸네요","date":"Mon Dec 10 23:59:44 +0000 2018","retweets":"30","favorites":"20","mentions":[],"hashtags":[],"geo":"","raw":"맛은쏘쏘\n\n배달시간이 예정보다 사십분이더걸렸네요","polarity":{"com":0.007709251000000001,"pos":0.8579295155000001,"neg":0.11013215850000001,"neut":0.022026431750000002,"none":0.0022026432500000005},"intensity":{"high":0.02643171800660793,"low":0.03303964750825991,"meium":0.9372246697343062,"none":0.003303964750825991},"expressive":{"dir-action":0.0011013215002753302,"dir-explicit":0.10352422902588104,"dir-speech":0.8403083702100771,"indirect":0.05176211451294052,"writing-device":0.0033039647508259907}},{"id":"깐풍기의전설","permalink":"","username":"asdfg","text":"양이 많고 맛있어여","date":"Mon Dec 10 23:59:44 +0000 2018","retweets":"30","favorites":"20","mentions":[],"hashtags":[],"geo":"","raw":"양이 많고 맛있어여","polarity":{"com":0,"pos":0.5289855075,"neg":0.4492753619999999,"neut":0.021739130499999995,"none":0},"intensity":{"high":0.1304347825652174,"low":0.10869565205434782,"meium":0.7608695653804347,"none":0},"expressive":{"dir-action":0,"dir-explicit":0.2608695651304348,"dir-speech":0.4420289857210145,"indirect":0.29710144914855074,"writing-device":0}},{"id":"깐풍기의전설","permalink":"","username":"asdfg","text":"오리지널과 허니시켰어요 두마리 매운거못먹는딸도 허니맛있다고 먹어서 만족합니다 한번시켜먹어보고\n괜찮아서 치킨시킬때 이용하고있어용","date":"Mon Dec 10 23:59:44 +0000 2018","retweets":"30","favorites":"20","mentions":[],"hashtags":[],"geo":"","raw":"오리지널과 허니시켰어요 두마리 매운거못먹는딸도 허니맛있다고 먹어서 만족합니다 한번시켜먹어보고\n괜찮아서 치킨시킬때 이용하고있어용","polarity":{"com":0.005829173082361804,"pos":0.25668018495721995,"neg":0.6541050870576491,"neut":0.039637154993393806,"none":0.04374839990937527},"intensity":{"high":0.0785002967434583,"low":0.1039986074080001,"meium":0.7735734844355355,"none":0.04392761141300604},"expressive":{"dir-action":0.005167264083763939,"dir-explicit":0.25675951135472996,"dir-speech":0.5693376255474447,"indirect":0.07984831025665402,"writing-device":0.08888728875740727}},{"id":"깐풍기의전설","permalink":"","username":"asdfg","text":"맛있게 잘먹었습니다^^","date":"Mon Dec 10 23:59:44 +0000 2018","retweets":"30","favorites":"20","mentions":[],"hashtags":[],"geo":"","raw":"맛있게 잘먹었습니다^^","polarity":{"com":0,"pos":0.35714285717857136,"neg":0.6071428573035714,"neut":0.03571428551785714,"none":0},"intensity":{"high":0,"low":0.107142857,"meium":0.8928571430000001,"none":0},"expressive":{"dir-action":0,"dir-explicit":0.107142857,"dir-speech":0.5714285715,"indirect":0.3214285715,"writing-device":0}},{"id":"깐풍기의전설","permalink":"","username":"asdfg","text":"배달만빠르면좋을꺼같아용ㅋㅋ","date":"Mon Dec 10 23:59:44 +0000 2018","retweets":"30","favorites":"20","mentions":[],"hashtags":[],"geo":"","raw":"배달만빠르면좋을꺼같아용ㅋㅋ","polarity":{"com":0,"pos":0.7895238095,"neg":0.09333333325,"neut":0.03571428575,"none":0.08142857149999999},"intensity":{"high":0.07380952375,"low":0.09333333325,"meium":0.7514285715,"none":0.08142857149999999},"expressive":{"dir-action":0,"dir-explicit":0.2214285715,"dir-speech":0.33571428575,"indirect":0.34952380949999995,"writing-device":0.09333333325}},{"id":"깐풍기의전설","permalink":"","username":"asdfg","text":"좀 짜긴 해도 그럭저럭맛있어요.","date":"Mon Dec 10 23:59:44 +0000 2018","retweets":"30","favorites":"20","mentions":[],"hashtags":[],"geo":"","raw":"좀 짜긴 해도 그럭저럭맛있어요.","polarity":{"com":0,"pos":0.5,"neg":0.25,"neut":0.25,"none":0},"intensity":{"high":0.125,"low":0.25,"meium":0.625,"none":0},"expressive":{"dir-action":0,"dir-explicit":0.225,"dir-speech":0.65,"indirect":0.125,"writing-device":0}},{"id":"깐풍기의전설","permalink":"","username":"asdfg","text":"맛있어요. 배달도빠르고","date":"Mon Dec 10 23:59:44 +0000 2018","retweets":"30","favorites":"20","mentions":[],"hashtags":[],"geo":"","raw":"맛있어요. 배달도빠르고","polarity":{"com":0,"pos":0.6666666666666666,"neg":0.3333333333333333,"neut":0,"none":0},"intensity":{"high":0,"low":0.111111111,"meium":0.888888889,"none":0},"expressive":{"dir-action":0,"dir-explicit":0,"dir-speech":0.6666666666666666,"indirect":0.3333333333333333,"writing-device":0}},{"id":"깐풍기의전설","permalink":"","username":"asdfg","text":"치킨보다조아영 바삭하구맛있음♥","date":"Mon Dec 10 23:59:44 +0000 2018","retweets":"30","favorites":"20","mentions":[],"hashtags":[],"geo":"","raw":"치킨보다조아영 바삭하구맛있음♥","polarity":{"com":0.0057471265,"pos":0.16091954,"neg":0.7011494255,"neut":0.0344827585,"none":0.0977011495},"intensity":{"high":0.05747126447126437,"low":0.0632183909683908,"meium":0.775862068612069,"none":0.10344827594827587},"expressive":{"dir-action":0.005747126502873563,"dir-explicit":0.08045977004022989,"dir-speech":0.7068965518534482,"indirect":0.09195402304597701,"writing-device":0.11494252855747127}},{"id":"깐풍기의전설","permalink":"","username":"asdfg","text":"넘  매웠지만 배달은  빨라서  좋아요","date":"Mon Dec 10 23:59:44 +0000 2018","retweets":"30","favorites":"20","mentions":[],"hashtags":[],"geo":"","raw":"넘  매웠지만 배달은  빨라서  좋아요","polarity":{"com":0,"pos":0.9733333333333333,"neg":0.013333333333333334,"neut":0,"none":0.013333333333333334},"intensity":{"high":0.06666666666666667,"low":0.12444444433333333,"meium":0.7955555556666667,"none":0.013333333333333334},"expressive":{"dir-action":0,"dir-explicit":0.19999999999999998,"dir-speech":0.39999999999999997,"indirect":0.38666666666666666,"writing-device":0.013333333333333334}},{"id":"깐풍기의전설","permalink":"","username":"asdfg","text":"아 진짜 맛남ㅋㅋㅋ난 진심 또시켜먹을거임","date":"Mon Dec 10 23:59:44 +0000 2018","retweets":"30","favorites":"20","mentions":[],"hashtags":[],"geo":"","raw":"아 진짜 맛남ㅋㅋㅋ난 진심 또시켜먹을거임","polarity":{"com":0.018181818196363633,"pos":0.2419913419516017,"neg":0.6450216450709957,"neut":0,"none":0.09480519478103897},"intensity":{"high":0.031313131206262626,"low":0.10028860022005771,"meium":0.7735930737547185,"none":0.09480519481896105},"expressive":{"dir-action":0,"dir-explicit":0.1275613276,"dir-speech":0.630880231,"indirect":0.1181818182,"writing-device":0.12337662319999998}},{"id":"깐풍기의전설","permalink":"","username":"asdfg","text":"더럽게 짜다","date":"Mon Dec 10 23:59:44 +0000 2018","retweets":"30","favorites":"20","mentions":[],"hashtags":[],"geo":"","raw":"더럽게 짜다","polarity":{"com":null,"pos":null,"neg":null,"neut":null,"none":null},"intensity":{"high":null,"low":null,"meium":null,"none":null},"expressive":{"dir-action":null,"dir-explicit":null,"dir-speech":null,"indirect":null,"writing-device":null}},{"id":"깐풍기의전설","permalink":"","username":"asdfg","text":"좀 짜긴 한데 먹을만 합니다","date":"Mon Dec 10 23:59:44 +0000 2018","retweets":"30","favorites":"20","mentions":[],"hashtags":[],"geo":"","raw":"좀 짜긴 한데 먹을만 합니다","polarity":{"com":0,"pos":0.7272940075000001,"neg":0.03932584275,"neut":0.0168539325,"none":0.21652621724999999},"intensity":{"high":0.029260299507315072,"low":0.1418539325354635,"meium":0.6123595506530899,"none":0.21652621730413155},"expressive":{"dir-action":0,"dir-explicit":0.22827715344293073,"dir-speech":0.18370786520407303,"indirect":0.3405898876648525,"writing-device":0.24742509368814372}},{"id":"깐풍기의전설","permalink":"","username":"asdfg","text":"괘안네 ㅋ","date":"Mon Dec 10 23:59:44 +0000 2018","retweets":"30","favorites":"20","mentions":[],"hashtags":[],"geo":"","raw":"괘안네 ㅋ","polarity":{"com":0,"pos":0.3333333333333333,"neg":0.3333333333333333,"neut":0.3333333333333333,"none":0},"intensity":{"high":0,"low":0.666666667,"meium":0.333333333,"none":0},"expressive":{"dir-action":0,"dir-explicit":0,"dir-speech":0.666666667,"indirect":0.333333333,"writing-device":0}},{"id":"깐풍기의전설","permalink":"","username":"asdfg","text":"늦네요~","date":"Mon Dec 10 23:59:44 +0000 2018","retweets":"30","favorites":"20","mentions":[],"hashtags":[],"geo":"","raw":"늦네요~","polarity":{"com":0,"pos":0,"neg":1,"neut":0,"none":0},"intensity":{"high":0,"low":0,"meium":1,"none":0},"expressive":{"dir-action":0,"dir-explicit":0,"dir-speech":0,"indirect":1,"writing-device":0}},{"id":"깐풍기의전설","permalink":"","username":"asdfg","text":"매콤하니 맛도 괜찮앗어요ㅋㅋ","date":"Mon Dec 10 23:59:44 +0000 2018","retweets":"30","favorites":"20","mentions":[],"hashtags":[],"geo":"","raw":"매콤하니 맛도 괜찮앗어요ㅋㅋ","polarity":{"com":0.012012012,"pos":0.8063063065,"neg":0.153153153,"neut":0.0165165165,"none":0.012012012},"intensity":{"high":0.057057057,"low":0.042042042,"meium":0.8873873875,"none":0.0135135135},"expressive":{"dir-action":0.0015015015000000005,"dir-explicit":0.15615615600000002,"dir-speech":0.5450450450000001,"indirect":0.28378378400000004,"writing-device":0.013513513500000003}},{"id":"깐풍기의전설","permalink":"","username":"asdfg","text":"맛있는데~~배달  느려도 너무느려요1시간 30분정도  걸린거같음. 배달만  좀빨해주세요45분걸린다고 했는데ㅡㅡ맛은있어요^^","date":"Mon Dec 10 23:59:44 +0000 2018","retweets":"30","favorites":"20","mentions":[],"hashtags":[],"geo":"","raw":"맛있는데~~배달  느려도 너무느려요1시간 30분정도  걸린거같음. 배달만  좀빨해주세요45분걸린다고 했는데ㅡㅡ맛은있어요^^","polarity":{"com":0.012559997461538462,"pos":0.35946381200000005,"neg":0.4621731716923077,"neut":0.09010357461538462,"none":0.07569944423076924},"intensity":{"high":0.07546261214223653,"low":0.13912151074782747,"meium":0.7088322595832566,"none":0.07658361752667946},"expressive":{"dir-action":0.000884173307760321,"dir-explicit":0.1639352027049181,"dir-speech":0.47290166734406924,"indirect":0.20700391563130802,"writing-device":0.15527504101194423}},{"id":"깐풍기의전설","permalink":"","username":"asdfg","text":"양념치킨맛이네요 그닥 비추","date":"Mon Dec 10 23:59:44 +0000 2018","retweets":"30","favorites":"20","mentions":[],"hashtags":[],"geo":"","raw":"양념치킨맛이네요 그닥 비추","polarity":{"com":0,"pos":1,"neg":0,"neut":0,"none":0},"intensity":{"high":0,"low":0,"meium":1,"none":0},"expressive":{"dir-action":0,"dir-explicit":0.5,"dir-speech":0.5,"indirect":0,"writing-device":0}},{"id":"깐풍기의전설","permalink":"","username":"asdfg","text":"다좋은데. . . 오늘은 배송이 마니늦었네요ㅜㅜ맛잇어요~","date":"Mon Dec 10 23:59:44 +0000 2018","retweets":"30","favorites":"20","mentions":[],"hashtags":[],"geo":"","raw":"다좋은데. . . 오늘은 배송이 마니늦었네요ㅜㅜ맛잇어요~","polarity":{"com":0.009557231400000001,"pos":0.5003871957999999,"neg":0.3999701336,"neut":0.024400806399999996,"none":0.0656846328},"intensity":{"high":0.09862721461972543,"low":0.05355036201071007,"meium":0.7812567333562515,"none":0.06656569001331314},"expressive":{"dir-action":0.0008810571999999999,"dir-explicit":0.2227709572,"dir-speech":0.44125395999999995,"indirect":0.2685283356,"writing-device":0.06656569}},{"id":"깐풍기의전설","permalink":"","username":"asdfg","text":"정말 맛있어요~~~^^ 오늘도 시켜먹네요~","date":"Mon Dec 10 23:59:44 +0000 2018","retweets":"30","favorites":"20","mentions":[],"hashtags":[],"geo":"","raw":"정말 맛있어요~~~^^ 오늘도 시켜먹네요~","polarity":{"com":0.002380952333333333,"pos":0.43253968233333334,"neg":0.331746032,"neut":0.004761904666666666,"none":0.2285714286666667},"intensity":{"high":0.2513227513333333,"low":0.11216931200000001,"meium":0.407936508,"none":0.2285714286666667},"expressive":{"dir-action":0,"dir-explicit":0.3026455025657848,"dir-speech":0.44259259251913585,"indirect":0.028571428657142857,"writing-device":0.2261904762579365}},{"id":"깐풍기의전설","permalink":"","username":"asdfg","text":"깐풍기는 맛있는데 주문부터 배달까지 45분 걸린다더니 한시간이나 걸려서 별 한개 뺐음-","date":"Mon Dec 10 23:59:44 +0000 2018","retweets":"30","favorites":"20","mentions":[],"hashtags":[],"geo":"","raw":"깐풍기는 맛있는데 주문부터 배달까지 45분 걸린다더니 한시간이나 걸려서 별 한개 뺐음-","polarity":{"com":0.0010449320910040846,"pos":0.5808453997800769,"neg":0.3782032144889275,"neut":0.014927601092266145,"none":0.02497885254772535},"intensity":{"high":0.0663656267212395,"low":0.03313927454244188,"meium":0.8744713141023207,"none":0.026023784633997838},"expressive":{"dir-action":0.0010449320910040846,"dir-explicit":0.2336045181121459,"dir-speech":0.2800417972981856,"indirect":0.45575210231415925,"writing-device":0.029556650184505148}},{"id":"깐풍기의전설","permalink":"","username":"asdfg","text":"맛있어요~~^^","date":"Mon Dec 10 23:59:44 +0000 2018","retweets":"30","favorites":"20","mentions":[],"hashtags":[],"geo":"","raw":"맛있어요~~^^","polarity":{"com":0,"pos":0,"neg":1,"neut":0,"none":0},"intensity":{"high":0,"low":0,"meium":1,"none":0},"expressive":{"dir-action":0,"dir-explicit":0,"dir-speech":1,"indirect":0,"writing-device":0}}]