[{"id":"치킨플러스-구리갈매점","permalink":"","username":"asdfg","text":"믿고 먹을 수 있는 치킨집이에요 떡볶이도 맛있고 치킨도 맛있고","date":"Mon Dec 10 23:59:44 +0000 2018","retweets":"30","favorites":"20","mentions":[],"hashtags":[],"geo":"","raw":"믿고 먹을 수 있는 치킨집이에요 떡볶이도 맛있고 치킨도 맛있고","polarity":{"com":0.0028571427999999994,"pos":0.2690476188,"neg":0.404761905,"neut":0.009047618999999998,"none":0.31428571439999997},"intensity":{"high":0.1226984127754603,"low":0.12682539677463492,"meium":0.4361904761127619,"none":0.31428571433714286},"expressive":{"dir-action":0,"dir-explicit":0.2020634919595873,"dir-speech":0.3755555555248889,"indirect":0.11095238097780952,"writing-device":0.31142857153771425}},{"id":"치킨플러스-구리갈매점","permalink":"","username":"asdfg","text":"맛있어요! 튀김옷이 과하지 않아 좋습니다\n근데 김말이 이벤트루 주신대서 기대했는데 안왔네요 ㅠ","date":"Mon Dec 10 23:59:44 +0000 2018","retweets":"30","favorites":"20","mentions":[],"hashtags":[],"geo":"","raw":"맛있어요! 튀김옷이 과하지 않아 좋습니다\n근데 김말이 이벤트루 주신대서 기대했는데 안왔네요 ㅠ","polarity":{"com":0.004405286285714286,"pos":0.47881686599999995,"neg":0.470432662,"neut":0.03044367528571429,"none":0.01590151042857143},"intensity":{"high":0.159746696022821,"low":0.13173694144739098,"meium":0.6919855255274265,"none":0.016530837002361548},"expressive":{"dir-action":0.0006293265715184752,"dir-explicit":0.38594241662656315,"dir-speech":0.2855333543265048,"indirect":0.3024354940432051,"writing-device":0.025459408432208487}},{"id":"치킨플러스-구리갈매점","permalink":"","username":"asdfg","text":"음식이 깔끔하고 맛있네요. 특히 애들이 떡볶이를 너무 잘 먹네요.","date":"Mon Dec 10 23:59:44 +0000 2018","retweets":"30","favorites":"20","mentions":[],"hashtags":[],"geo":"","raw":"음식이 깔끔하고 맛있네요. 특히 애들이 떡볶이를 너무 잘 먹네요.","polarity":{"com":0.029244310432749186,"pos":0.41598834777371263,"neg":0.39439312834205614,"neut":0.048540699578362954,"none":0.11183351387311907},"intensity":{"high":0.07908556401129796,"low":0.11601054458800152,"meium":0.6920120505274303,"none":0.11289184087327028},"expressive":{"dir-action":0.0028781632853031192,"dir-explicit":0.22012322268283954,"dir-speech":0.3931608192295485,"indirect":0.277178892960403,"writing-device":0.10665890184190586}},{"id":"치킨플러스-구리갈매점","permalink":"","username":"asdfg","text":"벌써 세번째 주문이네요\n아이들이 치킨도 떡볶이도 넘 잘먹어서 요번엔 두마리 치킨으로 주문했는데 역시 치킨플러스입니다!\n친절한 사장님 번창하셔요~~","date":"Mon Dec 10 23:59:44 +0000 2018","retweets":"30","favorites":"20","mentions":[],"hashtags":[],"geo":"","raw":"벌써 세번째 주문이네요\n아이들이 치킨도 떡볶이도 넘 잘먹어서 요번엔 두마리 치킨으로 주문했는데 역시 치킨플러스입니다!\n친절한 사장님 번창하셔요~~","polarity":{"com":0.0063226007515806495,"pos":0.5176274810460735,"neg":0.23854326689296917,"neut":0.06565138593307951,"none":0.17185526537629722},"intensity":{"high":0.06037343251006224,"low":0.11068692693511448,"meium":0.6567259521927877,"none":0.17221368836203568},"expressive":{"dir-action":0.0010752688332437274,"dir-explicit":0.34366961847136085,"dir-speech":0.2945599028087867,"indirect":0.1870736824844105,"writing-device":0.17362152740219822}},{"id":"치킨플러스-구리갈매점","permalink":"","username":"asdfg","text":"리뷰 귀찮아서 안쓰는데 사장님 매너에 감사해서 씁니다 1.떡볶이 자꾸 생각나서 양  좀 부탁드리니 최대한 푸짐하게 보내주시네요 떡볶이 전문점 매워서 조금 먹다 말고 후회하는데 또 배고플 땐 매콤한 맛이 생각나는 분들에게 추천해요 2.주문사항 적어도 깜빡하는 곳 때문에 짜증났었는데 도착해서 호출말고 전화 부탁드렸는데 여태까지 실수한적이 없어요 배달시 친절함도 느껴지구요 3.순살 튀김이 불필요하게 많은 곳이 많아서 잘 안시키는데 뒷처리 때문에 오랜만에 시켰더니 다른 곳보다 확실히 불필요한 튀김 없어서 좋았습니다 앞으로도 잘 부탁드려요","date":"Mon Dec 10 23:59:44 +0000 2018","retweets":"30","favorites":"20","mentions":[],"hashtags":[],"geo":"","raw":"리뷰 귀찮아서 안쓰는데 사장님 매너에 감사해서 씁니다 1.떡볶이 자꾸 생각나서 양  좀 부탁드리니 최대한 푸짐하게 보내주시네요 떡볶이 전문점 매워서 조금 먹다 말고 후회하는데 또 배고플 땐 매콤한 맛이 생각나는 분들에게 추천해요 2.주문사항 적어도 깜빡하는 곳 때문에 짜증났었는데 도착해서 호출말고 전화 부탁드렸는데 여태까지 실수한적이 없어요 배달시 친절함도 느껴지구요 3.순살 튀김이 불필요하게 많은 곳이 많아서 잘 안시키는데 뒷처리 때문에 오랜만에 시켰더니 다른 곳보다 확실히 불필요한 튀김 없어서 좋았습니다 앞으로도 잘 부탁드려요","polarity":{"com":0.015259488053229214,"pos":0.502753520837689,"neg":0.3152184414694476,"neut":0.08496760007648824,"none":0.08180094956314592},"intensity":{"high":0.11800941716535158,"low":0.07227290905600738,"meium":0.7162488444247636,"none":0.09346882935387757},"expressive":{"dir-action":0.0034358604056839884,"dir-explicit":0.32394590859383343,"dir-speech":0.38216462313909444,"indirect":0.18838691369095031,"writing-device":0.10206669417043783}},{"id":"치킨플러스-구리갈매점","permalink":"","username":"asdfg","text":"오랜만에 치킨 먹으니 맛있네용~~^^","date":"Mon Dec 10 23:59:44 +0000 2018","retweets":"30","favorites":"20","mentions":[],"hashtags":[],"geo":"","raw":"오랜만에 치킨 먹으니 맛있네용~~^^","polarity":{"com":0,"pos":0.1666666665,"neg":0.8333333334999999,"neut":0,"none":0},"intensity":{"high":0.0555555555,"low":0.111111111,"meium":0.8333333334999999,"none":0},"expressive":{"dir-action":0,"dir-explicit":0.111111111,"dir-speech":0.888888889,"indirect":0,"writing-device":0}},{"id":"치킨플러스-구리갈매점","permalink":"","username":"asdfg","text":"두번째 시키는 치킨인데요~~ 신랑이 여긴 진짜 맛있데요 ㅎㅎ 까르보떡볶이도 맛있어요^^ 오늘 배달 늦었다고 문앞에서 연신 죄송하다고 하셔서 제가 더 죄송해서;; 요정도는 괘아나요^^","date":"Mon Dec 10 23:59:44 +0000 2018","retweets":"30","favorites":"20","mentions":[],"hashtags":[],"geo":"","raw":"두번째 시키는 치킨인데요~~ 신랑이 여긴 진짜 맛있데요 ㅎㅎ 까르보떡볶이도 맛있어요^^ 오늘 배달 늦었다고 문앞에서 연신 죄송하다고 하셔서 제가 더 죄송해서;; 요정도는 괘아나요^^","polarity":{"com":0.005887008428150928,"pos":0.4535392511104615,"neg":0.404540855828247,"neut":0.06936193792361701,"none":0.0666709467095235},"intensity":{"high":0.06681741935714286,"low":0.1341723095,"meium":0.7310893059285714,"none":0.06792096521428571},"expressive":{"dir-action":0.0012500184999999998,"dir-explicit":0.2515356877142857,"dir-speech":0.49746941799999994,"indirect":0.17228780778571426,"writing-device":0.07745706799999998}},{"id":"치킨플러스-구리갈매점","permalink":"","username":"asdfg","text":"처음 거래인데 친절하고 맛도 좋고 께끗한 기름으로 조리해서 넘 좋네요","date":"Mon Dec 10 23:59:44 +0000 2018","retweets":"30","favorites":"20","mentions":[],"hashtags":[],"geo":"","raw":"처음 거래인데 친절하고 맛도 좋고 께끗한 기름으로 조리해서 넘 좋네요","polarity":{"com":0.028558332746430208,"pos":0.6623828775422022,"neg":0.2068968392241379,"neut":0.03653477962043315,"none":0.06562717086679659},"intensity":{"high":0.11514187326439272,"low":0.059755186757469395,"meium":0.7585627592198203,"none":0.06654018075831751},"expressive":{"dir-action":0.0019882786247514654,"dir-explicit":0.35553553020555806,"dir-speech":0.3388154012076481,"indirect":0.2352072633455991,"writing-device":0.0684535266164433}},{"id":"치킨플러스-구리갈매점","permalink":"","username":"asdfg","text":"첫주문이벤트 떡볶이는 왜 안보일까요.... \n매콤한게 땡겨 많이 기대했는데...ㅜㅜ\n치킨은 잘 먹었습니다..","date":"Mon Dec 10 23:59:44 +0000 2018","retweets":"30","favorites":"20","mentions":[],"hashtags":[],"geo":"","raw":"첫주문이벤트 떡볶이는 왜 안보일까요.... \n매콤한게 땡겨 많이 기대했는데...ㅜㅜ\n치킨은 잘 먹었습니다..","polarity":{"com":0.0054223578750000005,"pos":0.42676883500000007,"neg":0.4683156255,"neut":0.075262420125,"none":0.024230761500000003},"intensity":{"high":0.084383521125,"low":0.153079142625,"meium":0.737662382125,"none":0.024874954125000005},"expressive":{"dir-action":0.001181827,"dir-explicit":0.37530443700000005,"dir-speech":0.43584295762499997,"indirect":0.1532680145,"writing-device":0.034402763875}},{"id":"치킨플러스-구리갈매점","permalink":"","username":"asdfg","text":"배달해주신분도 너무 친절하고 다양한 후식 서비스에 맛도 양도 깔끔하고 좋았어요 집 근처라 자주 이용하게 될듯하네요^^","date":"Mon Dec 10 23:59:44 +0000 2018","retweets":"30","favorites":"20","mentions":[],"hashtags":[],"geo":"","raw":"배달해주신분도 너무 친절하고 다양한 후식 서비스에 맛도 양도 깔끔하고 좋았어요 집 근처라 자주 이용하게 될듯하네요^^","polarity":{"com":0.010278706921495583,"pos":0.6823692765104048,"neg":0.20183998827664,"neut":0.02489892461155401,"none":0.08061310367990568},"intensity":{"high":0.08651394699334508,"low":0.24688894075023932,"meium":0.5784291493401208,"none":0.08816796291629476},"expressive":{"dir-action":0.0012235560766407179,"dir-explicit":0.21685180902688037,"dir-speech":0.4476123109736279,"indirect":0.2516643634803851,"writing-device":0.08264796044246586}},{"id":"치킨플러스-구리갈매점","permalink":"","username":"asdfg","text":"이사와서 시켰는데 싸고  맛있고 최고입니다. 또시켜먹을께요","date":"Mon Dec 10 23:59:44 +0000 2018","retweets":"30","favorites":"20","mentions":[],"hashtags":[],"geo":"","raw":"이사와서 시켰는데 싸고  맛있고 최고입니다. 또시켜먹을께요","polarity":{"com":0.06666666658666667,"pos":0.4285714285142857,"neg":0.4190476191161905,"neut":0,"none":0.08571428578285714},"intensity":{"high":0.2222222222,"low":0.0444444444,"meium":0.6476190476,"none":0.0857142858},"expressive":{"dir-action":0,"dir-explicit":0.1396825396,"dir-speech":0.5460317462,"indirect":0.2,"writing-device":0.1142857142}},{"id":"치킨플러스-구리갈매점","permalink":"","username":"asdfg","text":"지나가면서 보고 배달시켜 먹었는데요~\n서비스로 주신 떡볶이가 진짜 대박이예요!!\n치킨만 먹다보면 약간 느끼한데 떡볶이랑 같이 먹으면 \n계속 먹게되요!\n떡볶이 먹을 생각 없었는데,,앞으론 계속 떡볶이도 같이 시킬 것 같아요~물론 치킨도 맛있어요ㅋㅋ수고하세요","date":"Mon Dec 10 23:59:44 +0000 2018","retweets":"30","favorites":"20","mentions":[],"hashtags":[],"geo":"","raw":"지나가면서 보고 배달시켜 먹었는데요~\n서비스로 주신 떡볶이가 진짜 대박이예요!!\n치킨만 먹다보면 약간 느끼한데 떡볶이랑 같이 먹으면 \n계속 먹게되요!\n떡볶이 먹을 생각 없었는데,,앞으론 계속 떡볶이도 같이 시킬 것 같아요~물론 치킨도 맛있어요ㅋㅋ수고하세요","polarity":{"com":0.015754007050973264,"pos":0.37164183259245875,"neg":0.4250231559552607,"neut":0.0505951697315163,"none":0.13698583466979097},"intensity":{"high":0.15514748257894737,"low":0.17556094400000005,"meium":0.5313327177368421,"none":0.13795885568421054},"expressive":{"dir-action":0.0007294685261622171,"dir-explicit":0.18652312696073198,"dir-speech":0.4280616251204081,"indirect":0.23730388731846233,"writing-device":0.14738189207423538}},{"id":"치킨플러스-구리갈매점","permalink":"","username":"asdfg","text":"떡볶이 맛있어요. 치킨도 괜찮은 편!","date":"Mon Dec 10 23:59:44 +0000 2018","retweets":"30","favorites":"20","mentions":[],"hashtags":[],"geo":"","raw":"떡볶이 맛있어요. 치킨도 괜찮은 편!","polarity":{"com":0.002380952333333333,"pos":0.29365079366666663,"neg":0.44285714299999995,"neut":0.11587301566666665,"none":0.14523809533333332},"intensity":{"high":0.047619047666666664,"low":0.149206349,"meium":0.657936508,"none":0.14523809533333334},"expressive":{"dir-action":0,"dir-explicit":0.2841269842386243,"dir-speech":0.4333333331888889,"indirect":0.13968253962010582,"writing-device":0.14285714295238094}},{"id":"치킨플러스-구리갈매점","permalink":"","username":"asdfg","text":"매번 먹는데 맛있어요~~~^^","date":"Mon Dec 10 23:59:44 +0000 2018","retweets":"30","favorites":"20","mentions":[],"hashtags":[],"geo":"","raw":"매번 먹는데 맛있어요~~~^^","polarity":{"com":0,"pos":0.1666666665,"neg":0.8333333334999999,"neut":0,"none":0},"intensity":{"high":0.0555555555,"low":0.111111111,"meium":0.8333333334999999,"none":0},"expressive":{"dir-action":0,"dir-explicit":0.111111111,"dir-speech":0.888888889,"indirect":0,"writing-device":0}},{"id":"치킨플러스-구리갈매점","permalink":"","username":"asdfg","text":"치킨은 바삭하고 떡볶이는 너무 맵지 않아 아이가 먹기에 좋아요. 치즈떡과 후루룩떡이 다 있네요.","date":"Mon Dec 10 23:59:44 +0000 2018","retweets":"30","favorites":"20","mentions":[],"hashtags":[],"geo":"","raw":"치킨은 바삭하고 떡볶이는 너무 맵지 않아 아이가 먹기에 좋아요. 치즈떡과 후루룩떡이 다 있네요.","polarity":{"com":0.0031603784447955976,"pos":0.6208722941800969,"neg":0.2834693400314966,"neut":0.022011324113556812,"none":0.07048666323005406},"intensity":{"high":0.09391209698956532,"low":0.09859416243348954,"meium":0.7357299381404744,"none":0.0717638024364707},"expressive":{"dir-action":0.0012771392222222222,"dir-explicit":0.2185144212222222,"dir-speech":0.6003637631111112,"indirect":0.10376292722222222,"writing-device":0.07608174922222222}},{"id":"치킨플러스-구리갈매점","permalink":"","username":"asdfg","text":"양도많고 맛있어용","date":"Mon Dec 10 23:59:44 +0000 2018","retweets":"30","favorites":"20","mentions":[],"hashtags":[],"geo":"","raw":"양도많고 맛있어용","polarity":{"com":0,"pos":0.195652174,"neg":0.7826086955,"neut":0.0217391305,"none":0},"intensity":{"high":0.1304347825652174,"low":0.10869565205434782,"meium":0.7608695653804347,"none":0},"expressive":{"dir-action":0,"dir-explicit":0.2608695651304348,"dir-speech":0.6086956523043479,"indirect":0.1304347825652174,"writing-device":0}},{"id":"치킨플러스-구리갈매점","permalink":"","username":"asdfg","text":"치플반반은 진리입니다 개매운치킨진짜 개매웠는데 핫쵸킹 맛있게 맵네요 잘먹을게요","date":"Mon Dec 10 23:59:44 +0000 2018","retweets":"30","favorites":"20","mentions":[],"hashtags":[],"geo":"","raw":"치플반반은 진리입니다 개매운치킨진짜 개매웠는데 핫쵸킹 맛있게 맵네요 잘먹을게요","polarity":{"com":0.00663749500110625,"pos":0.5759731387626622,"neg":0.3418975877236496,"neut":0.032805024005467504,"none":0.042686754507114455},"intensity":{"high":0.03819098251273033,"low":0.07192971335730991,"meium":0.8471925496157309,"none":0.04268675451422892},"expressive":{"dir-action":0,"dir-explicit":0.1506288015,"dir-speech":0.31746559266666663,"indirect":0.48595087749999993,"writing-device":0.045954728333333326}},{"id":"치킨플러스-구리갈매점","permalink":"","username":"asdfg","text":"떡볶이좋아하는큰딸과치킨을좋아하는작은딸을위해늘시켜먹고있어요. 다맛있어요. 또시킬께요~^^","date":"Mon Dec 10 23:59:44 +0000 2018","retweets":"30","favorites":"20","mentions":[],"hashtags":[],"geo":"","raw":"떡볶이좋아하는큰딸과치킨을좋아하는작은딸을위해늘시켜먹고있어요. 다맛있어요. 또시킬께요~^^","polarity":{"com":0.00849750842857143,"pos":0.6184229755714286,"neg":0.2556771842857143,"neut":0.014074514000000002,"none":0.10332781771428572},"intensity":{"high":0.0878413735588798,"low":0.11764511755462213,"meium":0.6911856911869735,"none":0.10332781769952461},"expressive":{"dir-action":0.002145002142857143,"dir-explicit":0.34446141585714285,"dir-speech":0.2711848427142857,"indirect":0.1623766622857143,"writing-device":0.219832077}},{"id":"치킨플러스-구리갈매점","permalink":"","username":"asdfg","text":"저염으로 시켰더니 진짜 짜지 않아서 아이들 먹이기 좋았어요","date":"Mon Dec 10 23:59:44 +0000 2018","retweets":"30","favorites":"20","mentions":[],"hashtags":[],"geo":"","raw":"저염으로 시켰더니 진짜 짜지 않아서 아이들 먹이기 좋았어요","polarity":{"com":0,"pos":0.513376137,"neg":0.314339219,"neut":0.022471909999999998,"none":0.149812734},"intensity":{"high":0.011235955003745317,"low":0.0700909576900303,"meium":0.7688603532562868,"none":0.14981273404993758},"expressive":{"dir-action":0,"dir-explicit":0.1075441412974853,"dir-speech":0.40208667719930447,"indirect":0.2993579455668806,"writing-device":0.19101123593632957}},{"id":"치킨플러스-구리갈매점","permalink":"","username":"asdfg","text":"배달해주시는분도 친절하고 치킨도 너무 맛나요~~\n담에 또 시켜 먹을께요","date":"Mon Dec 10 23:59:44 +0000 2018","retweets":"30","favorites":"20","mentions":[],"hashtags":[],"geo":"","raw":"배달해주시는분도 친절하고 치킨도 너무 맛나요~~\n담에 또 시켜 먹을께요","polarity":{"com":0.003785385142316373,"pos":0.5652293173478244,"neg":0.2894996709586429,"neut":0.014022383140853946,"none":0.1274632434103624},"intensity":{"high":0.05625045714285714,"low":0.064662424,"meium":0.7513166557142857,"none":0.12777046314285714},"expressive":{"dir-action":0.0009216589998683344,"dir-explicit":0.15925316369153525,"dir-speech":0.594016531343712,"indirect":0.09895764755729176,"writing-device":0.14685099840759272}},{"id":"치킨플러스-구리갈매점","permalink":"","username":"asdfg","text":"첫주문시 떡볶이주는줄 알았는데\n다 주는게 아닌가바요ㅜㅜ\n호로록떡볶이 너무 좋아해서. 추가하려다가 안했는데\n아쉽네요ㅜㅜ","date":"Mon Dec 10 23:59:44 +0000 2018","retweets":"30","favorites":"20","mentions":[],"hashtags":[],"geo":"","raw":"첫주문시 떡볶이주는줄 알았는데\n다 주는게 아닌가바요ㅜㅜ\n호로록떡볶이 너무 좋아해서. 추가하려다가 안했는데\n아쉽네요ㅜㅜ","polarity":{"com":0.020276497747465434,"pos":0.41973590919753306,"neg":0.491064043438617,"neut":0.02971464024628567,"none":0.039208909370098875},"intensity":{"high":0.08065993148991751,"low":0.18621942572672256,"meium":0.6936429161632945,"none":0.039477726620065275},"expressive":{"dir-action":0.0008064516248991936,"dir-explicit":0.39020885032622393,"dir-speech":0.2072949899740881,"indirect":0.23748079872031488,"writing-device":0.16420890935447388}},{"id":"치킨플러스-구리갈매점","permalink":"","username":"asdfg","text":"여기 떡복기가 맛있어요^^","date":"Mon Dec 10 23:59:44 +0000 2018","retweets":"30","favorites":"20","mentions":[],"hashtags":[],"geo":"","raw":"여기 떡복기가 맛있어요^^","polarity":{"com":0.0089285715,"pos":0.45535714299999996,"neg":0.48214285700000004,"neut":0.0401785715,"none":0.013392857},"intensity":{"high":0.080357143,"low":0.0535714285,"meium":0.8482142855,"none":0.017857143},"expressive":{"dir-action":0,"dir-explicit":0.1875,"dir-speech":0.65625,"indirect":0.142857143,"writing-device":0.013392857}},{"id":"치킨플러스-구리갈매점","permalink":"","username":"asdfg","text":"늘 시켜먹고있습니다. 맛있어요.","date":"Mon Dec 10 23:59:44 +0000 2018","retweets":"30","favorites":"20","mentions":[],"hashtags":[],"geo":"","raw":"늘 시켜먹고있습니다. 맛있어요.","polarity":{"com":0,"pos":0.333333333,"neg":0.666666667,"neut":0,"none":0},"intensity":{"high":0.111111111,"low":0.222222222,"meium":0.666666667,"none":0},"expressive":{"dir-action":0,"dir-explicit":0.222222222,"dir-speech":0.777777778,"indirect":0,"writing-device":0}},{"id":"치킨플러스-구리갈매점","permalink":"","username":"asdfg","text":"가격이 저렴한 건 좋은데 그래서 그런지 보통 먹는 1마리보다 양이 좀 적었네요 ㅜ 앞으론 2마리를 시켜야겠어요~","date":"Mon Dec 10 23:59:44 +0000 2018","retweets":"30","favorites":"20","mentions":[],"hashtags":[],"geo":"","raw":"가격이 저렴한 건 좋은데 그래서 그런지 보통 먹는 1마리보다 양이 좀 적었네요 ㅜ 앞으론 2마리를 시켜야겠어요~","polarity":{"com":0.022878317104575663,"pos":0.5585174170117035,"neg":0.3007242327601448,"neut":0.03532322950706465,"none":0.08255680361651135},"intensity":{"high":0.10467176739999999,"low":0.1092145038,"meium":0.7032566249,"none":0.08285710389999999},"expressive":{"dir-action":0.001574185699685163,"dir-explicit":0.24074332205185137,"dir-speech":0.409239981118152,"indirect":0.2459008455508198,"writing-device":0.10254166557949167}},{"id":"치킨플러스-구리갈매점","permalink":"","username":"asdfg","text":"맛있게 잘먹었어요~~떡볶이도 맛있고 간장치킨도 맛있네요^^","date":"Mon Dec 10 23:59:44 +0000 2018","retweets":"30","favorites":"20","mentions":[],"hashtags":[],"geo":"","raw":"맛있게 잘먹었어요~~떡볶이도 맛있고 간장치킨도 맛있네요^^","polarity":{"com":0.003571428500892857,"pos":0.28571428557142853,"neg":0.46785714311696425,"neut":0.02499999975625,"none":0.21785714305446427},"intensity":{"high":0.0714285715,"low":0.1107142855,"meium":0.6000000000000001,"none":0.217857143},"expressive":{"dir-action":0,"dir-explicit":0.1464285714267857,"dir-speech":0.43571428553214286,"indirect":0.20357142864821426,"writing-device":0.21428571439285712}},{"id":"치킨플러스-구리갈매점","permalink":"","username":"asdfg","text":"맛있어요 잘먹었습니다","date":"Mon Dec 10 23:59:44 +0000 2018","retweets":"30","favorites":"20","mentions":[],"hashtags":[],"geo":"","raw":"맛있어요 잘먹었습니다","polarity":{"com":0,"pos":0.35714285717857136,"neg":0.6071428573035714,"neut":0.03571428551785714,"none":0},"intensity":{"high":0,"low":0.107142857,"meium":0.8928571430000001,"none":0},"expressive":{"dir-action":0,"dir-explicit":0.107142857,"dir-speech":0.5714285715,"indirect":0.3214285715,"writing-device":0}},{"id":"치킨플러스-구리갈매점","permalink":"","username":"asdfg","text":"맛있어서 즐겨시켜먹습니다\n이러다 주식이 치킨이 되겠어요^^","date":"Mon Dec 10 23:59:44 +0000 2018","retweets":"30","favorites":"20","mentions":[],"hashtags":[],"geo":"","raw":"맛있어서 즐겨시켜먹습니다\n이러다 주식이 치킨이 되겠어요^^","polarity":{"com":0.0395007342,"pos":0.453010279,"neg":0.48810572680000003,"neut":0.0176211454,"none":0.0017621145999999976},"intensity":{"high":0.11003426342200687,"low":0.07087616241417524,"meium":0.8164464023632894,"none":0.002643171800528634},"expressive":{"dir-action":0.0008810572001762114,"dir-explicit":0.32726382766545276,"dir-speech":0.49446891829889383,"indirect":0.17474302503494862,"writing-device":0.0026431718005286335}},{"id":"치킨플러스-구리갈매점","permalink":"","username":"asdfg","text":"바삭바삭 짜지않고 맛있어요~~","date":"Mon Dec 10 23:59:44 +0000 2018","retweets":"30","favorites":"20","mentions":[],"hashtags":[],"geo":"","raw":"바삭바삭 짜지않고 맛있어요~~","polarity":{"com":0,"pos":0,"neg":1,"neut":0,"none":0},"intensity":{"high":0,"low":0,"meium":1,"none":0},"expressive":{"dir-action":0,"dir-explicit":0,"dir-speech":1,"indirect":0,"writing-device":0}},{"id":"치킨플러스-구리갈매점","permalink":"","username":"asdfg","text":"배달시간보다 일찍오시고 맛이야 원래 맛있어서 믿고 주문해요","date":"Mon Dec 10 23:59:44 +0000 2018","retweets":"30","favorites":"20","mentions":[],"hashtags":[],"geo":"","raw":"배달시간보다 일찍오시고 맛이야 원래 맛있어서 믿고 주문해요","polarity":{"com":0,"pos":0.7222222221666668,"neg":0.2777777778333333,"neut":0,"none":0},"intensity":{"high":0.027777777828703706,"low":0.1944444444675926,"meium":0.7777777777037037,"none":0},"expressive":{"dir-action":0,"dir-explicit":0.22222222220370377,"dir-speech":0.7222222222870371,"indirect":0.05555555550925927,"writing-device":0}},{"id":"치킨플러스-구리갈매점","permalink":"","username":"asdfg","text":"떡볶이가 중독성 강하서 자주시켜먹게 되네요","date":"Mon Dec 10 23:59:44 +0000 2018","retweets":"30","favorites":"20","mentions":[],"hashtags":[],"geo":"","raw":"떡볶이가 중독성 강하서 자주시켜먹게 되네요","polarity":{"com":0.018615229240692387,"pos":0.3914626383042687,"neg":0.5254005689872997,"neut":0.043674191478162906,"none":0.020847371989576313},"intensity":{"high":0.17094377066452812,"low":0.11981506444009245,"meium":0.6861616499069191,"none":0.023079514988460243},"expressive":{"dir-action":0.01388888899652778,"dir-explicit":0.3597353249100662,"dir-speech":0.4130306603967424,"indirect":0.1830637914542341,"writing-device":0.030281334242429674}},{"id":"치킨플러스-구리갈매점","permalink":"","username":"asdfg","text":"맛있게 잘 먹었습니다~\n근데 개매운치킨 진짜 맵네요~ㅋㅋ","date":"Mon Dec 10 23:59:44 +0000 2018","retweets":"30","favorites":"20","mentions":[],"hashtags":[],"geo":"","raw":"맛있게 잘 먹었습니다~\n근데 개매운치킨 진짜 맵네요~ㅋㅋ","polarity":{"com":0,"pos":0.5714285715238094,"neg":0.40476190480158736,"neut":0.023809523674603175,"none":0},"intensity":{"high":0,"low":0.07142857133333333,"meium":0.9285714286666668,"none":0},"expressive":{"dir-action":0,"dir-explicit":0.07142857133333333,"dir-speech":0.380952381,"indirect":0.5476190476666667,"writing-device":0}},{"id":"치킨플러스-구리갈매점","permalink":"","username":"asdfg","text":"치킨이 안느끼하고 맛있어요 간장양념이 살짝매콤해서 애가먹기엔 조금 매웠어요~떡볶이도 너무 맛있게먹었어요","date":"Mon Dec 10 23:59:44 +0000 2018","retweets":"30","favorites":"20","mentions":[],"hashtags":[],"geo":"","raw":"치킨이 안느끼하고 맛있어요 간장양념이 살짝매콤해서 애가먹기엔 조금 매웠어요~떡볶이도 너무 맛있게먹었어요","polarity":{"com":0.0086027909,"pos":0.3037895668,"neg":0.5715046009,"neut":0.0668457507,"none":0.0492572907},"intensity":{"high":0.11990344651199036,"low":0.13590569161359056,"meium":0.6938924419693893,"none":0.05029841990502985},"expressive":{"dir-action":0.0010411292,"dir-explicit":0.366888027,"dir-speech":0.43969692159999996,"indirect":0.14278978799999997,"writing-device":0.049584134200000005}},{"id":"치킨플러스-구리갈매점","permalink":"","username":"asdfg","text":"또 시켜 먹었습니다~~^^ 맛있어용~~^^","date":"Mon Dec 10 23:59:44 +0000 2018","retweets":"30","favorites":"20","mentions":[],"hashtags":[],"geo":"","raw":"또 시켜 먹었습니다~~^^ 맛있어용~~^^","polarity":{"com":0,"pos":0.1587301586137566,"neg":0.6984126984338624,"neut":0,"none":0.14285714295238094},"intensity":{"high":0.037037037,"low":0.074074074,"meium":0.746031746,"none":0.142857143},"expressive":{"dir-action":0,"dir-explicit":0.12169312166666667,"dir-speech":0.687830688,"indirect":0,"writing-device":0.19047619033333332}},{"id":"치킨플러스-구리갈매점","permalink":"","username":"asdfg","text":"저염치킨 굿입니다~~","date":"Mon Dec 10 23:59:44 +0000 2018","retweets":"30","favorites":"20","mentions":[],"hashtags":[],"geo":"","raw":"저염치킨 굿입니다~~","polarity":{"com":0,"pos":0.75,"neg":0.25,"neut":0,"none":0},"intensity":{"high":0,"low":0,"meium":1,"none":0},"expressive":{"dir-action":0,"dir-explicit":0,"dir-speech":0.25,"indirect":0.75,"writing-device":0}},{"id":"치킨플러스-구리갈매점","permalink":"","username":"asdfg","text":"이제 시작 합니다 ! 꿔바로는 식초향이 생각외로 강하네요 ㅎ 눈맞은치킨 바삭하니 맛나요 ㅎ 달콤하고 괜찮네요 떡뽂이 서비스 감사합니다!!","date":"Mon Dec 10 23:59:44 +0000 2018","retweets":"30","favorites":"20","mentions":[],"hashtags":[],"geo":"","raw":"이제 시작 합니다 ! 꿔바로는 식초향이 생각외로 강하네요 ㅎ 눈맞은치킨 바삭하니 맛나요 ㅎ 달콤하고 괜찮네요 떡뽂이 서비스 감사합니다!!","polarity":{"com":0.012439842084369986,"pos":0.5121951807093497,"neg":0.2632146249386012,"neut":0.1455970860121331,"none":0.06655326625554611},"intensity":{"high":0.16049304331995892,"low":0.0797676229933527,"meium":0.6906530011924457,"none":0.06908633249424281},"expressive":{"dir-action":0.0025330662510554434,"dir-explicit":0.24955640668731513,"dir-speech":0.5118337512965974,"indirect":0.16315902573464955,"writing-device":0.0729177500303824}},{"id":"치킨플러스-구리갈매점","permalink":"","username":"asdfg","text":"두번째 입니다  양,맛 대박이네요 이젠 당분간 치킨플러스 정주행하렵니다 가까이에 치플이있어서 다행이네요 ㅋㅋ","date":"Mon Dec 10 23:59:44 +0000 2018","retweets":"30","favorites":"20","mentions":[],"hashtags":[],"geo":"","raw":"두번째 입니다  양,맛 대박이네요 이젠 당분간 치킨플러스 정주행하렵니다 가까이에 치플이있어서 다행이네요 ㅋㅋ","polarity":{"com":0.0137254902,"pos":0.46214177979999993,"neg":0.30512820519999995,"neut":0.0856711916,"none":0.13333333320000001},"intensity":{"high":0.10723981886434387,"low":0.06440422303864252,"meium":0.6950226248170136,"none":0.13333333328},"expressive":{"dir-action":0,"dir-explicit":0.3894419308000001,"dir-speech":0.3677224736,"indirect":0.09773755660000003,"writing-device":0.14509803900000004}},{"id":"치킨플러스-구리갈매점","permalink":"","username":"asdfg","text":"배송도 빠르고 맛있어요","date":"Mon Dec 10 23:59:44 +0000 2018","retweets":"30","favorites":"20","mentions":[],"hashtags":[],"geo":"","raw":"배송도 빠르고 맛있어요","polarity":{"com":0.0035714285,"pos":0.107142857,"neg":0.6642857145000001,"neut":0.007142857,"none":0.217857143},"intensity":{"high":0.0714285715,"low":0.057142857,"meium":0.6535714285,"none":0.217857143},"expressive":{"dir-action":0,"dir-explicit":0.09285714295357143,"dir-speech":0.649999999675,"indirect":0.042857142978571426,"writing-device":0.21428571439285712}},{"id":"치킨플러스-구리갈매점","permalink":"","username":"asdfg","text":"역시 치플은 사랑입니다","date":"Mon Dec 10 23:59:44 +0000 2018","retweets":"30","favorites":"20","mentions":[],"hashtags":[],"geo":"","raw":"역시 치플은 사랑입니다","polarity":{"com":0.013274990004424997,"pos":0.3582954837860985,"neg":0.27903327075967777,"neut":0.15291163538430388,"none":0.19648462006549489},"intensity":{"high":0.07638196507638197,"low":0.1835419665168753,"meium":0.5435914482102582,"none":0.19648462019648463},"expressive":{"dir-action":0,"dir-explicit":0.34094014278031337,"dir-speech":0.36508991545503,"indirect":0.09094937403031646,"writing-device":0.2030205677343402}},{"id":"치킨플러스-구리갈매점","permalink":"","username":"asdfg","text":"울 신랑이 넘 맛나게 먹었어요!\n첫주문이라고 떡볶이도 주시고 배달도 빨리 해주셔서 감사합니다.\n\n자주 시켜 먹을께요^^","date":"Mon Dec 10 23:59:44 +0000 2018","retweets":"30","favorites":"20","mentions":[],"hashtags":[],"geo":"","raw":"울 신랑이 넘 맛나게 먹었어요!\n첫주문이라고 떡볶이도 주시고 배달도 빨리 해주셔서 감사합니다.\n\n자주 시켜 먹을께요^^","polarity":{"com":0.028797986100000006,"pos":0.6062670442,"neg":0.31024333970000006,"neut":0.010239144100000002,"none":0.044452485900000005},"intensity":{"high":0.14708062371470806,"low":0.19408887481940887,"meium":0.6139374869613937,"none":0.0448930145044893},"expressive":{"dir-action":0.0504405286,"dir-explicit":0.2544255646,"dir-speech":0.5466789035999999,"indirect":0.10427627440000001,"writing-device":0.0441787288}},{"id":"치킨플러스-구리갈매점","permalink":"","username":"asdfg","text":"처음 먹어보는 데 맛있네요~~^^","date":"Mon Dec 10 23:59:44 +0000 2018","retweets":"30","favorites":"20","mentions":[],"hashtags":[],"geo":"","raw":"처음 먹어보는 데 맛있네요~~^^","polarity":{"com":0.0714285714642857,"pos":0.46428571426785714,"neg":0.22619047638690473,"neut":0,"none":0.23809523788095235},"intensity":{"high":0.08333333350000001,"low":0,"meium":0.6785714285000001,"none":0.23809523800000001},"expressive":{"dir-action":0,"dir-explicit":0.1428571429285714,"dir-speech":0.2976190478511905,"indirect":0.3214285713392857,"writing-device":0.23809523788095235}},{"id":"치킨플러스-구리갈매점","permalink":"","username":"asdfg","text":"땡큐베리감사\n다른데서 먹어봐서 너무나도 좋아합니다!\n요청사항 잘들어주셔서 너무 감사합니다.\n번창하세요!","date":"Mon Dec 10 23:59:44 +0000 2018","retweets":"30","favorites":"20","mentions":[],"hashtags":[],"geo":"","raw":"땡큐베리감사\n다른데서 먹어봐서 너무나도 좋아합니다!\n요청사항 잘들어주셔서 너무 감사합니다.\n번창하세요!","polarity":{"com":0.022323348799999997,"pos":0.5139400921,"neg":0.3883947773,"neut":0.032250384,"none":0.0430913978},"intensity":{"high":0.3866871479999999,"low":0.08949564759999999,"meium":0.480295699,"none":0.04352150540000001},"expressive":{"dir-action":0.001290322600129032,"dir-explicit":0.39692268303969225,"dir-speech":0.34205965193420595,"indirect":0.2124692780212469,"writing-device":0.0472580644047258}},{"id":"치킨플러스-구리갈매점","permalink":"","username":"asdfg","text":"맛있어요 처음먹어봤는데...\n근데 떡볶이가 더 맛있었더는게 함정 ㅎㅎ 다음엔 딴 치킨을 먹어봐야겠네요","date":"Mon Dec 10 23:59:44 +0000 2018","retweets":"30","favorites":"20","mentions":[],"hashtags":[],"geo":"","raw":"맛있어요 처음먹어봤는데...\n근데 떡볶이가 더 맛있었더는게 함정 ㅎㅎ 다음엔 딴 치킨을 먹어봐야겠네요","polarity":{"com":0.022716913372160384,"pos":0.26286537234214186,"neg":0.6334779146708153,"neut":0.04868768149391404,"none":0.032252118120968475},"intensity":{"high":0.05131556700000001,"low":0.08626518000000001,"meium":0.829051063375,"none":0.03336818962500001},"expressive":{"dir-action":0.001876876875,"dir-explicit":0.184435637625,"dir-speech":0.67729551325,"indirect":0.10140497637500001,"writing-device":0.034986995874999996}},{"id":"치킨플러스-구리갈매점","permalink":"","username":"asdfg","text":"야식엔 역시 특히 떡볶이가 너뮤너뮤 맛있어요 ㅠㅠ","date":"Mon Dec 10 23:59:44 +0000 2018","retweets":"30","favorites":"20","mentions":[],"hashtags":[],"geo":"","raw":"야식엔 역시 특히 떡볶이가 너뮤너뮤 맛있어요 ㅠㅠ","polarity":{"com":0.004464285751116071,"pos":0.2070436508017609,"neg":0.5180555556295139,"neut":0.056398809514099715,"none":0.21403769830350944},"intensity":{"high":0.09811507950000001,"low":0.09880952374999999,"meium":0.5868055555,"none":0.21626984125},"expressive":{"dir-action":0,"dir-explicit":0.15843253975,"dir-speech":0.50729166675,"indirect":0.12876984125,"writing-device":0.20550595224999998}},{"id":"치킨플러스-구리갈매점","permalink":"","username":"asdfg","text":"바삭바삭하게 맛있고, 배달도 빨라서 좋아요. 서비스로 주신 떡볶이도 너무 잘 먹었어요.","date":"Mon Dec 10 23:59:44 +0000 2018","retweets":"30","favorites":"20","mentions":[],"hashtags":[],"geo":"","raw":"바삭바삭하게 맛있고, 배달도 빨라서 좋아요. 서비스로 주신 떡볶이도 너무 잘 먹었어요.","polarity":{"com":0.0023296387502912044,"pos":0.6463013135807876,"neg":0.24814449928101806,"neut":0.01933497525241687,"none":0.08388957313548619},"intensity":{"high":0.05722495899284689,"low":0.22854269284643217,"meium":0.6289059934213868,"none":0.0853263547393342},"expressive":{"dir-action":0.001436781625,"dir-explicit":0.1451149425,"dir-speech":0.38208128075,"indirect":0.384059934375,"writing-device":0.08730706075}},{"id":"치킨플러스-구리갈매점","permalink":"","username":"asdfg","text":"첫주문입니다 바삭바삭  맛있습니다 떡볶이 서비스도 너무 좋네요  집가까이 있어서 더좋네요 번창하세요^^","date":"Mon Dec 10 23:59:44 +0000 2018","retweets":"30","favorites":"20","mentions":[],"hashtags":[],"geo":"","raw":"첫주문입니다 바삭바삭  맛있습니다 떡볶이 서비스도 너무 좋네요  집가까이 있어서 더좋네요 번창하세요^^","polarity":{"com":0.021392569124999997,"pos":0.562283986125,"neg":0.3409610215,"neut":0.01494815675,"none":0.0604142665},"intensity":{"high":0.10341061825000002,"low":0.184903033875,"meium":0.6510032641250001,"none":0.06068308375000001},"expressive":{"dir-action":0.0008064516249999998,"dir-explicit":0.38522945462499997,"dir-speech":0.348211885625,"indirect":0.20533794162499996,"writing-device":0.06041426649999999}},{"id":"치킨플러스-구리갈매점","permalink":"","username":"asdfg","text":"항상 질 먹고 있습니다","date":"Mon Dec 10 23:59:44 +0000 2018","retweets":"30","favorites":"20","mentions":[],"hashtags":[],"geo":"","raw":"항상 질 먹고 있습니다","polarity":{"com":0,"pos":0.6666666665000001,"neg":0.3333333335,"neut":0,"none":0},"intensity":{"high":0.0555555555,"low":0.111111111,"meium":0.8333333334999999,"none":0},"expressive":{"dir-action":0,"dir-explicit":0.361111111,"dir-speech":0.638888889,"indirect":0,"writing-device":0}},{"id":"치킨플러스-구리갈매점","permalink":"","username":"asdfg","text":"언제 시켜먹어도 맛있고 배달도 빠르면서 배달원분도 친절하셔서  너무 좋았어요! 치킨은 항상 바삭하면서 JMT!!","date":"Mon Dec 10 23:59:44 +0000 2018","retweets":"30","favorites":"20","mentions":[],"hashtags":[],"geo":"","raw":"언제 시켜먹어도 맛있고 배달도 빠르면서 배달원분도 친절하셔서  너무 좋았어요! 치킨은 항상 바삭하면서 JMT!!","polarity":{"com":0.020700443555555552,"pos":0.39583749166666665,"neg":0.5135037795555556,"neut":0.014672776333333335,"none":0.05528550888888889},"intensity":{"high":0.18203391757578158,"low":0.11826896267980766,"meium":0.6441726621826858,"none":0.055524457561724944},"expressive":{"dir-action":0.0007168458888092393,"dir-explicit":0.17383666831401814,"dir-speech":0.5797153059355872,"indirect":0.19123932175652897,"writing-device":0.05449185810505646}},{"id":"치킨플러스-구리갈매점","permalink":"","username":"asdfg","text":"리뷰가 늦었네요ㅠㅠ 빨리 배달해주시고 치킨도 바삭바삭하고 같이주신 치즈스틱도 완전 맛있었어요!!!!","date":"Mon Dec 10 23:59:44 +0000 2018","retweets":"30","favorites":"20","mentions":[],"hashtags":[],"geo":"","raw":"리뷰가 늦었네요ㅠㅠ 빨리 배달해주시고 치킨도 바삭바삭하고 같이주신 치즈스틱도 완전 맛있었어요!!!!","polarity":{"com":0.007873993625,"pos":0.33465672825,"neg":0.484551949375,"neut":0.032720632,"none":0.14019669675000002},"intensity":{"high":0.15014450585623193,"low":0.13478501235815188,"meium":0.5720521146784935,"none":0.14301836710712268},"expressive":{"dir-action":0.0022432332497195956,"dir-explicit":0.2151658258481043,"dir-speech":0.39011459482623567,"indirect":0.2497550188437806,"writing-device":0.14272132723215983}},{"id":"치킨플러스-구리갈매점","permalink":"","username":"asdfg","text":"빠삭한치킨 소금찍어먹으니까 맛있었어요 옛날시장에서 사먹은통닭느낌났음\n번창하세요","date":"Mon Dec 10 23:59:44 +0000 2018","retweets":"30","favorites":"20","mentions":[],"hashtags":[],"geo":"","raw":"빠삭한치킨 소금찍어먹으니까 맛있었어요 옛날시장에서 사먹은통닭느낌났음\n번창하세요","polarity":{"com":0.006196980428571429,"pos":0.489820235,"neg":0.479856354,"neut":0.016700571571428572,"none":0.007425859},"intensity":{"high":0.05214431014285715,"low":0.16510981014285714,"meium":0.7745838005714286,"none":0.008162079142857144},"expressive":{"dir-action":0.0013506594285714287,"dir-explicit":0.19740662314285712,"dir-speech":0.5898797415714286,"indirect":0.20350811642857142,"writing-device":0.007854859428571429}},{"id":"치킨플러스-구리갈매점","permalink":"","username":"asdfg","text":"두말할필요없이 재주문","date":"Mon Dec 10 23:59:44 +0000 2018","retweets":"30","favorites":"20","mentions":[],"hashtags":[],"geo":"","raw":"두말할필요없이 재주문","polarity":{"com":0.006451612999999998,"pos":0.5561009816666667,"neg":0.3711859123333333,"neut":0.042449743,"none":0.02381175},"intensity":{"high":0.2567399095810867,"low":0.05320243098226585,"meium":0.6655290634448237,"none":0.0245285959918238},"expressive":{"dir-action":0.002150537666666667,"dir-explicit":0.27857254166666673,"dir-speech":0.14168614633333335,"indirect":0.5537790243333334,"writing-device":0.023811750000000007}},{"id":"치킨플러스-구리갈매점","permalink":"","username":"asdfg","text":"맛도 좋도 서비스도 좋고 \n배달 하시는분이 친절하셔서 좋네요^^","date":"Mon Dec 10 23:59:44 +0000 2018","retweets":"30","favorites":"20","mentions":[],"hashtags":[],"geo":"","raw":"맛도 좋도 서비스도 좋고 \n배달 하시는분이 친절하셔서 좋네요^^","polarity":{"com":0.0027649769999999996,"pos":0.9080184331428571,"neg":0.061812596,"neut":0.011981566857142857,"none":0.015422427},"intensity":{"high":0.07711213514285713,"low":0.170875576,"meium":0.7362826421428571,"none":0.015729646714285717},"expressive":{"dir-action":0.000921659,"dir-explicit":0.21628264214285714,"dir-speech":0.5278033794285715,"indirect":0.2395698924285714,"writing-device":0.015422427}},{"id":"치킨플러스-구리갈매점","permalink":"","username":"asdfg","text":"역시 굿 맛있어요","date":"Mon Dec 10 23:59:44 +0000 2018","retweets":"30","favorites":"20","mentions":[],"hashtags":[],"geo":"","raw":"역시 굿 맛있어요","polarity":{"com":0,"pos":0.16666666658333332,"neg":0.5000000002499999,"neut":0.16666666658333332,"none":0.16666666658333332},"intensity":{"high":0,"low":0.16666666658333332,"meium":0.6666666668333333,"none":0.16666666658333332},"expressive":{"dir-action":0,"dir-explicit":0.16666666658333332,"dir-speech":0.6666666668333333,"indirect":0,"writing-device":0.16666666658333332}},{"id":"치킨플러스-구리갈매점","permalink":"","username":"asdfg","text":"처음 시켰는데 생각보다 맛있네요 ~","date":"Mon Dec 10 23:59:44 +0000 2018","retweets":"30","favorites":"20","mentions":[],"hashtags":[],"geo":"","raw":"처음 시켰는데 생각보다 맛있네요 ~","polarity":{"com":0.047619047650793646,"pos":0.2678571429107143,"neg":0.5396825394867725,"neut":0.08333333330555555,"none":0.06150793664616401},"intensity":{"high":0.027777777666666666,"low":0.08333333333333333,"meium":0.8273809523333333,"none":0.06150793666666666},"expressive":{"dir-action":0,"dir-explicit":0.22023809525992064,"dir-speech":0.6289682537903439,"indirect":0.08928571430357143,"writing-device":0.061507936646164024}},{"id":"치킨플러스-구리갈매점","permalink":"","username":"asdfg","text":"와우 너무 바삭거리고 맛있어요\n다들 치킨시켰다고 투덜거렸는데 엄지척하네요 ㅎ\n떡볶이도 너무 맛있어용~^^","date":"Mon Dec 10 23:59:44 +0000 2018","retweets":"30","favorites":"20","mentions":[],"hashtags":[],"geo":"","raw":"와우 너무 바삭거리고 맛있어요\n다들 치킨시켰다고 투덜거렸는데 엄지척하네요 ㅎ\n떡볶이도 너무 맛있어용~^^","polarity":{"com":0.025,"pos":0.2526455025,"neg":0.5997354498333334,"neut":0.0023809523333333336,"none":0.12023809533333335},"intensity":{"high":0.12301587312566138,"low":0.05211640214929454,"meium":0.7046296294317902,"none":0.12023809529325398},"expressive":{"dir-action":0.009259259330246914,"dir-explicit":0.26243386241252203,"dir-speech":0.5156084654947971,"indirect":0.09365079363544973,"writing-device":0.11904761912698411}},{"id":"치킨플러스-구리갈매점","permalink":"","username":"asdfg","text":"역시 맛납니다.. 순살치킨. 매운맛도 입맛이 도네요^^","date":"Mon Dec 10 23:59:44 +0000 2018","retweets":"30","favorites":"20","mentions":[],"hashtags":[],"geo":"","raw":"역시 맛납니다.. 순살치킨. 매운맛도 입맛이 도네요^^","polarity":{"com":0.009494965252373741,"pos":0.32816761058204186,"neg":0.3589416825897354,"neut":0.10893119352723278,"none":0.1944645480486161},"intensity":{"high":0.14547933707273963,"low":0.14494440932247218,"meium":0.5140103840070053,"none":0.1955658695977829},"expressive":{"dir-action":0.0011013215002753302,"dir-explicit":0.3999528005999882,"dir-speech":0.33197503658299377,"indirect":0.07319068601829767,"writing-device":0.19378015529844503}},{"id":"치킨플러스-구리갈매점","permalink":"","username":"asdfg","text":"서비스가 너무 친절하시면서 좋아요. 치킨도 맛있네요 떡볶이 서비스도 엄청 맛있었어요","date":"Mon Dec 10 23:59:44 +0000 2018","retweets":"30","favorites":"20","mentions":[],"hashtags":[],"geo":"","raw":"서비스가 너무 친절하시면서 좋아요. 치킨도 맛있네요 떡볶이 서비스도 엄청 맛있었어요","polarity":{"com":0.024193548428571424,"pos":0.5418959841428571,"neg":0.347935045,"neut":0.014022383142857142,"none":0.07195303928571427},"intensity":{"high":0.08935703314285716,"low":0.344753127,"meium":0.49362958085714287,"none":0.07226025900000002},"expressive":{"dir-action":0.0009216589998683344,"dir-explicit":0.23873162168018122,"dir-speech":0.29719113452897267,"indirect":0.3922229536582539,"writing-device":0.07093263113272391}},{"id":"치킨플러스-구리갈매점","permalink":"","username":"asdfg","text":"너무 맛있네요\n매콤한간장 치킨좋아하는데 핫쵸킹 강추에요","date":"Mon Dec 10 23:59:44 +0000 2018","retweets":"30","favorites":"20","mentions":[],"hashtags":[],"geo":"","raw":"너무 맛있네요\n매콤한간장 치킨좋아하는데 핫쵸킹 강추에요","polarity":{"com":0.04172029175,"pos":0.563867439,"neg":0.29681467175,"neut":0.00825825825,"none":0.08933933925},"intensity":{"high":0.105909481,"low":0.05673530675,"meium":0.74726512225,"none":0.09009009},"expressive":{"dir-action":0.0007507507500000002,"dir-explicit":0.47093522075000005,"dir-speech":0.13561776075,"indirect":0.30260617775000004,"writing-device":0.09009009000000001}},{"id":"치킨플러스-구리갈매점","permalink":"","username":"asdfg","text":"맛있었어요 또먹을거에요","date":"Mon Dec 10 23:59:44 +0000 2018","retweets":"30","favorites":"20","mentions":[],"hashtags":[],"geo":"","raw":"맛있었어요 또먹을거에요","polarity":{"com":0,"pos":0.047619047650793646,"neg":0.8095238093968253,"neut":0,"none":0.14285714295238094},"intensity":{"high":0,"low":0,"meium":0.857142857,"none":0.142857143},"expressive":{"dir-action":0,"dir-explicit":0.047619047666666664,"dir-speech":0.5952380953333333,"indirect":0,"writing-device":0.357142857}},{"id":"치킨플러스-구리갈매점","permalink":"","username":"asdfg","text":"떡볶이 짱마싯움\n넘맛있어서 국물에 밥볶아머것어요\n치킨 양도 많고 조아요 추천","date":"Mon Dec 10 23:59:44 +0000 2018","retweets":"30","favorites":"20","mentions":[],"hashtags":[],"geo":"","raw":"떡볶이 짱마싯움\n넘맛있어서 국물에 밥볶아머것어요\n치킨 양도 많고 조아요 추천","polarity":{"com":0.005952381,"pos":0.32401656325,"neg":0.45479641125000003,"neut":0.11007591425,"none":0.10515873025},"intensity":{"high":0.16442374029110593,"low":0.19918909579979724,"meium":0.40622843360155714,"none":0.23015873030753967},"expressive":{"dir-action":0,"dir-explicit":0.38440303659610076,"dir-speech":0.26268115931567027,"indirect":0.24180469306045113,"writing-device":0.11111111102777775}},{"id":"치킨플러스-구리갈매점","permalink":"","username":"asdfg","text":"항상 맛있게 먹고 있어요","date":"Mon Dec 10 23:59:44 +0000 2018","retweets":"30","favorites":"20","mentions":[],"hashtags":[],"geo":"","raw":"항상 맛있게 먹고 있어요","polarity":{"com":0.002976190333333333,"pos":0.5575396823333333,"neg":0.275793651,"neut":0.011904761999999998,"none":0.15178571433333332},"intensity":{"high":0.05191798933333334,"low":0.09193121700000001,"meium":0.7043650793333334,"none":0.15178571433333335},"expressive":{"dir-action":0,"dir-explicit":0.30621693099999997,"dir-speech":0.494378307,"indirect":0.047619047666666664,"writing-device":0.15178571433333335}},{"id":"치킨플러스-구리갈매점","permalink":"","username":"asdfg","text":"핫쵸킹은리뷰가좋대서시시키고싶엇고워낙매운걸\n좋아해서 개매운닭반반시켯는데배달도빠르고 이가격에떡볶이까지주시니 배부르네요 참고로개매운맛은불닭볽음면보단덜매운맛이니도전해보셔도좋을들합니다~~","date":"Mon Dec 10 23:59:44 +0000 2018","retweets":"30","favorites":"20","mentions":[],"hashtags":[],"geo":"","raw":"핫쵸킹은리뷰가좋대서시시키고싶엇고워낙매운걸\n좋아해서 개매운닭반반시켯는데배달도빠르고 이가격에떡볶이까지주시니 배부르네요 참고로개매운맛은불닭볽음면보단덜매운맛이니도전해보셔도좋을들합니다~~","polarity":{"com":0.01164930738150711,"pos":0.5611433894552925,"neg":0.23229596943963315,"neut":0.03480415690641925,"none":0.16010717681714798},"intensity":{"high":0.08941239948896366,"low":0.11227906744461132,"meium":0.6355092774241204,"none":0.16279925564230466},"expressive":{"dir-action":0.0029527223331927274,"dir-explicit":0.2022063394189426,"dir-speech":0.24887437622624406,"indirect":0.3834414483626932,"writing-device":0.16252511365892738}},{"id":"치킨플러스-구리갈매점","permalink":"","username":"asdfg","text":"오늘도 배고픔을 이기지 못하구\n핫쵸킹에 떡볶이로...\n먹을 때는 기분 좋지만 먹은 후에는\n달려야 한다는...\n자~알~~~ 먹었습니다. 슝~~~","date":"Mon Dec 10 23:59:44 +0000 2018","retweets":"30","favorites":"20","mentions":[],"hashtags":[],"geo":"","raw":"오늘도 배고픔을 이기지 못하구\n핫쵸킹에 떡볶이로...\n먹을 때는 기분 좋지만 먹은 후에는\n달려야 한다는...\n자~알~~~ 먹었습니다. 슝~~~","polarity":{"com":0.0033048442499999994,"pos":0.3808982379999999,"neg":0.4574353419166666,"neut":0.09219712316666664,"none":0.06616445266666666},"intensity":{"high":0.0975763941585353,"low":0.11692056582358996,"meium":0.7212542961898954,"none":0.06424874382797927},"expressive":{"dir-action":0.002209105666850759,"dir-explicit":0.24997411202083122,"dir-speech":0.5480782507123398,"indirect":0.1294725020107894,"writing-device":0.07026602958918883}},{"id":"치킨플러스-구리갈매점","permalink":"","username":"asdfg","text":"맛도맛이지만 사장님의 친절함에 항상 잘 시켜먹고있어요ㅠㅠ 감사하고 번창하세요~ 맛있게 잘 먹고있씀당~","date":"Mon Dec 10 23:59:44 +0000 2018","retweets":"30","favorites":"20","mentions":[],"hashtags":[],"geo":"","raw":"맛도맛이지만 사장님의 친절함에 항상 잘 시켜먹고있어요ㅠㅠ 감사하고 번창하세요~ 맛있게 잘 먹고있씀당~","polarity":{"com":0.003531073500000001,"pos":0.828692493875,"neg":0.15107949962500003,"neut":0.015990718250000004,"none":0.0007062147499999999},"intensity":{"high":0.15654425610543196,"low":0.07786857674026643,"meium":0.7648809524043899,"none":0.0007062147499117234},"expressive":{"dir-action":0,"dir-explicit":0.27101829425000007,"dir-speech":0.59424603175,"indirect":0.13402945925,"writing-device":0.0007062147499999999}},{"id":"치킨플러스-구리갈매점","permalink":"","username":"asdfg","text":"왜 이렇게 맛있는 겁니까 배달은 너무 빨리 오지 마세요 사고 나면 큰일납니다 맛있는 치킨도 못 먹고","date":"Mon Dec 10 23:59:44 +0000 2018","retweets":"30","favorites":"20","mentions":[],"hashtags":[],"geo":"","raw":"왜 이렇게 맛있는 겁니까 배달은 너무 빨리 오지 마세요 사고 나면 큰일납니다 맛있는 치킨도 못 먹고","polarity":{"com":0.017857142888888886,"pos":0.19047619044444444,"neg":0.6349206348888888,"neut":0.07341269844444445,"none":0.08333333333333333},"intensity":{"high":0.15674603176036156,"low":0.0496031746611552,"meium":0.7103174602544091,"none":0.08333333332407407},"expressive":{"dir-action":0,"dir-explicit":0.21031746022222225,"dir-speech":0.5595238095555557,"indirect":0.1428571428888889,"writing-device":0.08730158733333335}},{"id":"치킨플러스-구리갈매점","permalink":"","username":"asdfg","text":"떡볶이가 맛있다는 이야기가 있어 야식 먹고싶던차에 치킨이랑 떡볶이 주문하려고 했는데! 피자도 있더라구요~ 마침 떡볶이는 첫주문하면 떡볶이가 서비스라 올레!!\n시키고 3-40분 후에 온 것 같은데 떡볶이 정말 맛있어요 완전 쫀득쫀득! ^^\n근데 핫초킹이 순살인지는 몰랐었어서(사실 제가 확인을 잘못한거니 제 실수죠~) 당황했지만 맛 딱 좋고 먹기 편해서 좋았고요~ 피자는 너무 식어있었어요.. 그래도 꿀찍어먹으니 바삭하니 맛있었어요~^^\n앞으로 야식은 이 곳에서! 제가 좋아하는 메뉴 다 있어서 더 행복합니다♥ 앞으로도 맛있게 부탁드려욤","date":"Mon Dec 10 23:59:44 +0000 2018","retweets":"30","favorites":"20","mentions":[],"hashtags":[],"geo":"","raw":"떡볶이가 맛있다는 이야기가 있어 야식 먹고싶던차에 치킨이랑 떡볶이 주문하려고 했는데! 피자도 있더라구요~ 마침 떡볶이는 첫주문하면 떡볶이가 서비스라 올레!!\n시키고 3-40분 후에 온 것 같은데 떡볶이 정말 맛있어요 완전 쫀득쫀득! ^^\n근데 핫초킹이 순살인지는 몰랐었어서(사실 제가 확인을 잘못한거니 제 실수죠~) 당황했지만 맛 딱 좋고 먹기 편해서 좋았고요~ 피자는 너무 식어있었어요.. 그래도 꿀찍어먹으니 바삭하니 맛있었어요~^^\n앞으로 야식은 이 곳에서! 제가 좋아하는 메뉴 다 있어서 더 행복합니다♥ 앞으로도 맛있게 부탁드려욤","polarity":{"com":0.007176322860632008,"pos":0.4425574674288967,"neg":0.38703588591597754,"neut":0.054905985164067576,"none":0.10832433863042613},"intensity":{"high":0.09397408809083778,"low":0.12680280115984177,"meium":0.6697964122634932,"none":0.10942669848582728},"expressive":{"dir-action":0.0007871024418238557,"dir-explicit":0.3033653051951923,"dir-speech":0.4077464663298723,"indirect":0.15774933794615123,"writing-device":0.1303517880869604}},{"id":"치킨플러스-구리갈매점","permalink":"","username":"asdfg","text":"치킨은 그냥 무난하고 맛있는편이예요~\n핫초킹 조금 짜서 샐러드랑 같이먹었어요\n개인적으로 떡볶이가 진짜 맛있어요!!","date":"Mon Dec 10 23:59:44 +0000 2018","retweets":"30","favorites":"20","mentions":[],"hashtags":[],"geo":"","raw":"치킨은 그냥 무난하고 맛있는편이예요~\n핫초킹 조금 짜서 샐러드랑 같이먹었어요\n개인적으로 떡볶이가 진짜 맛있어요!!","polarity":{"com":0.004350787,"pos":0.283330811125,"neg":0.6279509685,"neut":0.076781931,"none":0.007585502374999999},"intensity":{"high":0.09530115013691265,"low":0.28034200966004275,"meium":0.6156552663269569,"none":0.008701573876087698},"expressive":{"dir-action":0,"dir-explicit":0.33077330512500003,"dir-speech":0.54647775425,"indirect":0.11516343825,"writing-device":0.007585502374999999}},{"id":"치킨플러스-구리갈매점","permalink":"","username":"asdfg","text":"타사 고추치킨좋아하는데 핫쵸킹이더매콤하니 더맛나요 핫쵸킹짱! 오늘은 크리미어니언시켜봤는데 기대하며기다리고있어용 먹느라 리뷰에 늘 사진이없네요","date":"Mon Dec 10 23:59:44 +0000 2018","retweets":"30","favorites":"20","mentions":[],"hashtags":[],"geo":"","raw":"타사 고추치킨좋아하는데 핫쵸킹이더매콤하니 더맛나요 핫쵸킹짱! 오늘은 크리미어니언시켜봤는데 기대하며기다리고있어용 먹느라 리뷰에 늘 사진이없네요","polarity":{"com":0.004645434846153847,"pos":0.6693395244615384,"neg":0.26654674823076924,"neut":0.015571657615384617,"none":0.04389663484615385},"intensity":{"high":0.06852314007692309,"low":0.04814949438461539,"meium":0.8384529044615384,"none":0.04487446107692309},"expressive":{"dir-action":0.0002310002307692308,"dir-explicit":0.3239358700769231,"dir-speech":0.31629204830769225,"indirect":0.31317296830769226,"writing-device":0.04636811307692308}},{"id":"치킨플러스-구리갈매점","permalink":"","username":"asdfg","text":"첫주문이라 떡볶이왔는데 혹시몰라서 까르보되면 까르보로 부탁드렸는데 해주셨어요 ! 배달도 생각보다 빠르도 튀김 식감이 좋아요 잘먹을게요 감사합니다♡","date":"Mon Dec 10 23:59:44 +0000 2018","retweets":"30","favorites":"20","mentions":[],"hashtags":[],"geo":"","raw":"첫주문이라 떡볶이왔는데 혹시몰라서 까르보되면 까르보로 부탁드렸는데 해주셨어요 ! 배달도 생각보다 빠르도 튀김 식감이 좋아요 잘먹을게요 감사합니다♡","polarity":{"com":0.0068098026993190204,"pos":0.6708483284329151,"neg":0.19050122378094989,"neut":0.09847337109015265,"none":0.03336727399666327},"intensity":{"high":0.16435588806712884,"low":0.12250621187549875,"meium":0.6786212007642757,"none":0.034516699293096656},"expressive":{"dir-action":0.0011494253,"dir-explicit":0.2803035443,"dir-speech":0.45546062210000005,"indirect":0.2224972736,"writing-device":0.040589134699999994}},{"id":"치킨플러스-구리갈매점","permalink":"","username":"asdfg","text":"저번에도 시켜 먹었는데 진짜 맛 있었어요\n이번에도 맛 있었어요ㅠㅠ 떡볶이 크으 최곱니다~~\n다음에 또 시켜 먹을께요~~","date":"Mon Dec 10 23:59:44 +0000 2018","retweets":"30","favorites":"20","mentions":[],"hashtags":[],"geo":"","raw":"저번에도 시켜 먹었는데 진짜 맛 있었어요\n이번에도 맛 있었어요ㅠㅠ 떡볶이 크으 최곱니다~~\n다음에 또 시켜 먹을께요~~","polarity":{"com":0.0025793649997134034,"pos":0.2863756611904027,"neg":0.5088624340545709,"neut":0.007142857110317458,"none":0.19503968264499555},"intensity":{"high":0.061397707222222216,"low":0.08073192233333332,"meium":0.6628306877777779,"none":0.19503968266666666},"expressive":{"dir-action":0,"dir-explicit":0.23946208105789732,"dir-speech":0.5162918871074907,"indirect":0.03492063499223986,"writing-device":0.20932539684237214}},{"id":"치킨플러스-구리갈매점","permalink":"","username":"asdfg","text":"크리미 어니언 순살치킨이랑 페페로니 피자 시켰는데 둘이 배부르게 먹었어요! 떡볶이랑 콜라를 서비스로 주셨는데 떡볶이가 세상맛이 아님 ... 완전 취향저격해버렸고 맛있습니다 강추! 치킨은 기름이 적당한 담백한 맛이고 (양은 좀 아쉬웠지만) 피자는 잘 안 뜯어지는 단점이 있어요. 그래도 감수하고 먹을 맛입니다 ^3^ 치킨플러스 아저씨도 친절해요 시켜드시길!","date":"Mon Dec 10 23:59:44 +0000 2018","retweets":"30","favorites":"20","mentions":[],"hashtags":[],"geo":"","raw":"크리미 어니언 순살치킨이랑 페페로니 피자 시켰는데 둘이 배부르게 먹었어요! 떡볶이랑 콜라를 서비스로 주셨는데 떡볶이가 세상맛이 아님 ... 완전 취향저격해버렸고 맛있습니다 강추! 치킨은 기름이 적당한 담백한 맛이고 (양은 좀 아쉬웠지만) 피자는 잘 안 뜯어지는 단점이 있어요. 그래도 감수하고 먹을 맛입니다 ^3^ 치킨플러스 아저씨도 친절해요 시켜드시길!","polarity":{"com":0.012533690962020524,"pos":0.5143222515967047,"neg":0.4251985717855845,"neut":0.02242871557778572,"none":0.02551677007790449},"intensity":{"high":0.10997254886307267,"low":0.11757406632578063,"meium":0.745857913730132,"none":0.026595471081014687},"expressive":{"dir-action":0.0015561022307093806,"dir-explicit":0.2830032954891152,"dir-speech":0.47674304371243303,"indirect":0.21264066741489837,"writing-device":0.026056891152843955}},{"id":"치킨플러스-구리갈매점","permalink":"","username":"asdfg","text":"너무맛있고 떡볶이 국물부터 먹는데 딱 좋아하는스타일입니다  \n\n빠른배달도 감사합니다. 잘먹을께용","date":"Mon Dec 10 23:59:44 +0000 2018","retweets":"30","favorites":"20","mentions":[],"hashtags":[],"geo":"","raw":"너무맛있고 떡볶이 국물부터 먹는데 딱 좋아하는스타일입니다  \n\n빠른배달도 감사합니다. 잘먹을께용","polarity":{"com":0.0363416200045427,"pos":0.7334704715916838,"neg":0.18204365077275547,"neut":0.02036647987754581,"none":0.027777777753472222},"intensity":{"high":0.15878851539484856,"low":0.09652194201206524,"meium":0.7169117648396139,"none":0.027777777753472222},"expressive":{"dir-action":0,"dir-explicit":0.291126867375,"dir-speech":0.422648226,"indirect":0.2559961485,"writing-device":0.030228758125}},{"id":"치킨플러스-구리갈매점","permalink":"","username":"asdfg","text":"넘 맛난치킨 잘먹었습니다","date":"Mon Dec 10 23:59:44 +0000 2018","retweets":"30","favorites":"20","mentions":[],"hashtags":[],"geo":"","raw":"넘 맛난치킨 잘먹었습니다","polarity":{"com":0,"pos":0.7142857147142857,"neg":0.21428571421428572,"neut":0.07142857107142857,"none":0},"intensity":{"high":0,"low":0.214285714,"meium":0.785714286,"none":0},"expressive":{"dir-action":0,"dir-explicit":0.214285714,"dir-speech":0.142857143,"indirect":0.642857143,"writing-device":0}},{"id":"치킨플러스-구리갈매점","permalink":"","username":"asdfg","text":"맛있어요~  후라이드도 맛있고 핫쵸킹도\n맛있었어요~떡볶이도 양도 많고 맛있어요~","date":"Mon Dec 10 23:59:44 +0000 2018","retweets":"30","favorites":"20","mentions":[],"hashtags":[],"geo":"","raw":"맛있어요~  후라이드도 맛있고 핫쵸킹도\n맛있었어요~떡볶이도 양도 많고 맛있어요~","polarity":{"com":0.0035714285,"pos":0.17236024833333333,"neg":0.5918219463333334,"neut":0.014389233833333334,"none":0.217857143},"intensity":{"high":0.11490683235248447,"low":0.09337474101556247,"meium":0.5738612835956436,"none":0.21785714303630951},"expressive":{"dir-action":0,"dir-explicit":0.17981366460672876,"dir-speech":0.5195652171601449,"indirect":0.08633540380455486,"writing-device":0.2142857144285714}},{"id":"치킨플러스-구리갈매점","permalink":"","username":"asdfg","text":"🤗맛있어요 크림어니언도 맛있고 간장도 맛있음","date":"Mon Dec 10 23:59:44 +0000 2018","retweets":"30","favorites":"20","mentions":[],"hashtags":[],"geo":"","raw":"🤗맛있어요 크림어니언도 맛있고 간장도 맛있음","polarity":{"com":0.00178571425,"pos":0.3035714285,"neg":0.58214285725,"neut":0.0035714285,"none":0.1089285715},"intensity":{"high":0.03571428575,"low":0.0285714285,"meium":0.82678571425,"none":0.1089285715},"expressive":{"dir-action":0,"dir-explicit":0.29642857142589285,"dir-speech":0.5749999998562499,"indirect":0.02142857149464286,"writing-device":0.10714285722321429}},{"id":"치킨플러스-구리갈매점","permalink":"","username":"asdfg","text":"두번째시키는데 맛있어요 짜지않아서 애들먹이기도부담없어요 앞으로도 쭉 변함없는맛 부탁드려요 떡볶이는 전에서비스로먹었는데 완전 취향저격 저렴해서더 자주시킬듯ㅋㅋㅋㅋ 맛있음0칼로리맞죠?ㅠㅠ","date":"Mon Dec 10 23:59:44 +0000 2018","retweets":"30","favorites":"20","mentions":[],"hashtags":[],"geo":"","raw":"두번째시키는데 맛있어요 짜지않아서 애들먹이기도부담없어요 앞으로도 쭉 변함없는맛 부탁드려요 떡볶이는 전에서비스로먹었는데 완전 취향저격 저렴해서더 자주시킬듯ㅋㅋㅋㅋ 맛있음0칼로리맞죠?ㅠㅠ","polarity":{"com":0.002975550411939739,"pos":0.5123859399713169,"neg":0.4064094292003771,"neut":0.02616021882506825,"none":0.05206886159129818},"intensity":{"high":0.12858419427142634,"low":0.14107568909275134,"meium":0.6775235055863195,"none":0.05281661104950295},"expressive":{"dir-action":0.003444621117241809,"dir-explicit":0.2683648290272512,"dir-speech":0.39328281918902547,"indirect":0.27063145479169043,"writing-device":0.06427627587479103}},{"id":"치킨플러스-구리갈매점","permalink":"","username":"asdfg","text":"맛있어요 떡볶이도너무맛나요 너무저렴한데 양이작지않아서 넘무좋았어요ㅋㅋㅋ","date":"Mon Dec 10 23:59:44 +0000 2018","retweets":"30","favorites":"20","mentions":[],"hashtags":[],"geo":"","raw":"맛있어요 떡볶이도너무맛나요 너무저렴한데 양이작지않아서 넘무좋았어요ㅋㅋㅋ","polarity":{"com":0.021753003,"pos":0.48621943375,"neg":0.38197876449999996,"neut":0.005914843375,"none":0.104133955375},"intensity":{"high":0.09581188337499999,"low":0.047653367625,"meium":0.75202541825,"none":0.10450933075},"expressive":{"dir-action":0.0003753753749530781,"dir-explicit":0.20868189609891474,"dir-speech":0.5053088803118364,"indirect":0.18201737460224782,"writing-device":0.10361647361204795}},{"id":"치킨플러스-구리갈매점","permalink":"","username":"asdfg","text":"사장님 서비스가 아주 환상적이십니다 \n주문 많이할게요~","date":"Mon Dec 10 23:59:44 +0000 2018","retweets":"30","favorites":"20","mentions":[],"hashtags":[],"geo":"","raw":"사장님 서비스가 아주 환상적이십니다 \n주문 많이할게요~","polarity":{"com":0.00287356325,"pos":0.51795977,"neg":0.28807471275,"neut":0.14224137925,"none":0.04885057475},"intensity":{"high":0.0912356322271911,"low":0.4066091953983477,"meium":0.45043103438739224,"none":0.051724137987068965},"expressive":{"dir-action":0.002873563250718391,"dir-explicit":0.16522988504130748,"dir-speech":0.2909482758227371,"indirect":0.48347701162086926,"writing-device":0.05747126426436782}},{"id":"치킨플러스-구리갈매점","permalink":"","username":"asdfg","text":"마시써요ㅠㅠ 사장님 친절하시고 양도많아유","date":"Mon Dec 10 23:59:44 +0000 2018","retweets":"30","favorites":"20","mentions":[],"hashtags":[],"geo":"","raw":"마시써요ㅠㅠ 사장님 친절하시고 양도많아유","polarity":{"com":0.006451612999999998,"pos":0.3024777933333333,"neg":0.305968521,"neut":0.3757830763333333,"none":0.009318996333333333},"intensity":{"high":0.13355150371118385,"low":0.11117344537039114,"meium":0.4119058751373019,"none":0.3433691757811231},"expressive":{"dir-action":0.0021505376673835123,"dir-explicit":0.6119058752039686,"dir-speech":0.17067165339022386,"indirect":0.2059529374019843,"writing-device":0.009318996336439666}},{"id":"치킨플러스-구리갈매점","permalink":"","username":"asdfg","text":"맛나요","date":"Mon Dec 10 23:59:44 +0000 2018","retweets":"30","favorites":"20","mentions":[],"hashtags":[],"geo":"","raw":"맛나요","polarity":{"com":0,"pos":1,"neg":0,"neut":0,"none":0},"intensity":{"high":0,"low":0,"meium":1,"none":0},"expressive":{"dir-action":0,"dir-explicit":0,"dir-speech":1,"indirect":0,"writing-device":0}},{"id":"치킨플러스-구리갈매점","permalink":"","username":"asdfg","text":"너무맛있어요 싸고 근데 제 배달을 잊어버리셨ㅇ더라고요 ㅠㅠ 번창하세요","date":"Mon Dec 10 23:59:44 +0000 2018","retweets":"30","favorites":"20","mentions":[],"hashtags":[],"geo":"","raw":"너무맛있어요 싸고 근데 제 배달을 잊어버리셨ㅇ더라고요 ㅠㅠ 번창하세요","polarity":{"com":0.040552995499999994,"pos":0.66474654375,"neg":0.2667434715,"neut":0.020967742,"none":0.00698924725},"intensity":{"high":0.07066052225,"low":0.1064132105,"meium":0.8153993855,"none":0.00752688175},"expressive":{"dir-action":0.0016129032504032257,"dir-explicit":0.30468509982617126,"dir-speech":0.47841781886960444,"indirect":0.2082949308020737,"writing-device":0.006989247251747312}},{"id":"치킨플러스-구리갈매점","permalink":"","username":"asdfg","text":"순살이 다나가서 ㅠ 뼈있는거로 시켜먹었는데 \n괜찮네요^^ 하지만 뭔가 아쉬운 느낌 ㅋㅋ","date":"Mon Dec 10 23:59:44 +0000 2018","retweets":"30","favorites":"20","mentions":[],"hashtags":[],"geo":"","raw":"순살이 다나가서 ㅠ 뼈있는거로 시켜먹었는데 \n괜찮네요^^ 하지만 뭔가 아쉬운 느낌 ㅋㅋ","polarity":{"com":0.004891899333333333,"pos":0.34128414683333336,"neg":0.5464509628333334,"neut":0.05519014033333333,"none":0.05218285066666667},"intensity":{"high":0.07961283615339787,"low":0.17293667380451055,"meium":0.6918638352180226,"none":0.05558665482406889},"expressive":{"dir-action":0.001915708833652618,"dir-explicit":0.1596902936932817,"dir-speech":0.5203754499200626,"indirect":0.2600885705433481,"writing-device":0.057929977009655}},{"id":"치킨플러스-구리갈매점","permalink":"","username":"asdfg","text":"배고파서 몇조각 먹다가 사진 찍었네요~^^\n핫초킹+후라이드 먹었어요~~\n후라이드는 껍질도 얇고 바삭해서 딱 제가 좋아하는 스타일 이었어요~☆\n핫초킹은 지난번에 시켜먹었는데 맛있어서 다시 시켜먹었구요~^^\n그리고 지난번에 먹은 떡볶이도 참 맛있었어요~^0^\n갈매 이사와서 딱 마음에 드는 치킨집이 없었는데 앞으로 치킨플러스 애용하렵니다~♡","date":"Mon Dec 10 23:59:44 +0000 2018","retweets":"30","favorites":"20","mentions":[],"hashtags":[],"geo":"","raw":"배고파서 몇조각 먹다가 사진 찍었네요~^^\n핫초킹+후라이드 먹었어요~~\n후라이드는 껍질도 얇고 바삭해서 딱 제가 좋아하는 스타일 이었어요~☆\n핫초킹은 지난번에 시켜먹었는데 맛있어서 다시 시켜먹었구요~^^\n그리고 지난번에 먹은 떡볶이도 참 맛있었어요~^0^\n갈매 이사와서 딱 마음에 드는 치킨집이 없었는데 앞으로 치킨플러스 애용하렵니다~♡","polarity":{"com":0.03480145672139206,"pos":0.43670783433746824,"neg":0.459875911298395,"neut":0.021974134240878962,"none":0.04664066340186563},"intensity":{"high":0.07203264392000001,"low":0.11268775772000002,"meium":0.76779081532,"none":0.04748878304},"expressive":{"dir-action":0.0004597701199999999,"dir-explicit":0.19143604364,"dir-speech":0.55742534432,"indirect":0.19432855351999995,"writing-device":0.0563502884}},{"id":"치킨플러스-구리갈매점","permalink":"","username":"asdfg","text":"크리미 어니언도 맛나네요.^^ 크리미어니언 소스가 따로오는줄 몰랐는데 ㅋㅋ 따로 오니까 떡볶이 찍먹 크리미 찍먹 ㅋㅋ 1석2조 내요^^","date":"Mon Dec 10 23:59:44 +0000 2018","retweets":"30","favorites":"20","mentions":[],"hashtags":[],"geo":"","raw":"크리미 어니언도 맛나네요.^^ 크리미어니언 소스가 따로오는줄 몰랐는데 ㅋㅋ 따로 오니까 떡볶이 찍먹 크리미 찍먹 ㅋㅋ 1석2조 내요^^","polarity":{"com":0.001984127,"pos":0.21230158733333332,"neg":0.5515873015555556,"neut":0.2311507936666667,"none":0.0029761904444444444},"intensity":{"high":0.03637566144444446,"low":0.12301587300000001,"meium":0.8366402115555557,"none":0.003968254000000001},"expressive":{"dir-action":0,"dir-explicit":0.1527777777777778,"dir-speech":0.6458333333333334,"indirect":0.08730158733333332,"writing-device":0.11408730155555556}},{"id":"치킨플러스-구리갈매점","permalink":"","username":"asdfg","text":"달지도 않고 딱딱하지도 않고 부드럽고 맛있내요","date":"Mon Dec 10 23:59:44 +0000 2018","retweets":"30","favorites":"20","mentions":[],"hashtags":[],"geo":"","raw":"달지도 않고 딱딱하지도 않고 부드럽고 맛있내요","polarity":{"com":0.007661947600000001,"pos":0.4082368082,"neg":0.3926898328,"neut":0.0123208922,"none":0.1790905192},"intensity":{"high":0.07996568,"low":0.0625311024,"meium":0.6778120978000001,"none":0.17969111980000002},"expressive":{"dir-action":0.0006006005997597598,"dir-explicit":0.3367481766653007,"dir-speech":0.3380180178647928,"indirect":0.1477992279408803,"writing-device":0.1768339769292664}},{"id":"치킨플러스-구리갈매점","permalink":"","username":"asdfg","text":"맛있게 잘 먹었습니다","date":"Mon Dec 10 23:59:44 +0000 2018","retweets":"30","favorites":"20","mentions":[],"hashtags":[],"geo":"","raw":"맛있게 잘 먹었습니다","polarity":{"com":0,"pos":0.35714285717857136,"neg":0.6071428573035714,"neut":0.03571428551785714,"none":0},"intensity":{"high":0,"low":0.107142857,"meium":0.8928571430000001,"none":0},"expressive":{"dir-action":0,"dir-explicit":0.107142857,"dir-speech":0.5714285715,"indirect":0.3214285715,"writing-device":0}},{"id":"치킨플러스-구리갈매점","permalink":"","username":"asdfg","text":"배달 시간이 안내시간보다 조금 더 걸리긴 했지만 다 잊을 만큼 맛있었어요~~ 한마리에 떡볶이 서비스로 받았는데 양이 많아서 배부르게 먹었어요~~^^ 맛도 대형브랜드 치킨과 견주어도 뒤지지 않을 만큼 맛있었어요","date":"Mon Dec 10 23:59:44 +0000 2018","retweets":"30","favorites":"20","mentions":[],"hashtags":[],"geo":"","raw":"배달 시간이 안내시간보다 조금 더 걸리긴 했지만 다 잊을 만큼 맛있었어요~~ 한마리에 떡볶이 서비스로 받았는데 양이 많아서 배부르게 먹었어요~~^^ 맛도 대형브랜드 치킨과 견주어도 뒤지지 않을 만큼 맛있었어요","polarity":{"com":0.016155417133333332,"pos":0.5122968177333334,"neg":0.22890852113333332,"neut":0.08668155333333331,"none":0.15595769066666665},"intensity":{"high":0.1660736324110716,"low":0.1396437924093096,"meium":0.5372649152358177,"none":0.15701765994380115},"expressive":{"dir-action":0.001059969266737331,"dir-explicit":0.2509614194833975,"dir-speech":0.3213182446880879,"indirect":0.2598704392173247,"writing-device":0.16678992734445264}},{"id":"치킨플러스-구리갈매점","permalink":"","username":"asdfg","text":"친절하고 치킨 냉장고에 넣어놓고 다음날인데도 바삭했어요ㅠㅠ 떡볶이 죤맛탱","date":"Mon Dec 10 23:59:44 +0000 2018","retweets":"30","favorites":"20","mentions":[],"hashtags":[],"geo":"","raw":"친절하고 치킨 냉장고에 넣어놓고 다음날인데도 바삭했어요ㅠㅠ 떡볶이 죤맛탱","polarity":{"com":0.010144627666666668,"pos":0.40631245683333334,"neg":0.39355603833333336,"neut":0.0431042445,"none":0.14688263266666668},"intensity":{"high":0.087505933,"low":0.07309181233333334,"meium":0.6902454901666667,"none":0.1491567645},"expressive":{"dir-action":0.0029909776666666664,"dir-explicit":0.1798188291666667,"dir-speech":0.5351718563333333,"indirect":0.12731108016666667,"writing-device":0.15470725666666665}},{"id":"치킨플러스-구리갈매점","permalink":"","username":"asdfg","text":"소문이 자자해 저도 맛봤어요. 핫쇼킹은 적당히 매콤해좋았어요.  떡볶이도 추억이 생각나게하는 떡볶이였었구요.  신랑은 어찌나 떡볶이만 공략하는지 ㅎ 너무 맛있게 먹었습니다.\n먹다보니 꼭 사진은 뒤늦게생각나서 못찍었네요ㅜ.ㅡ","date":"Mon Dec 10 23:59:44 +0000 2018","retweets":"30","favorites":"20","mentions":[],"hashtags":[],"geo":"","raw":"소문이 자자해 저도 맛봤어요. 핫쇼킹은 적당히 매콤해좋았어요.  떡볶이도 추억이 생각나게하는 떡볶이였었구요.  신랑은 어찌나 떡볶이만 공략하는지 ㅎ 너무 맛있게 먹었습니다.\n먹다보니 꼭 사진은 뒤늦게생각나서 못찍었네요ㅜ.ㅡ","polarity":{"com":0.016205952500810295,"pos":0.43976625657198826,"neg":0.40322465122016127,"neut":0.04587250480229363,"none":0.09493063490474653},"intensity":{"high":0.14206969542841394,"low":0.15691654133138333,"meium":0.6049655706709931,"none":0.09604819256920963},"expressive":{"dir-action":0.0017627189001762718,"dir-explicit":0.2953084225295308,"dir-speech":0.4089412398408941,"indirect":0.19777138361977717,"writing-device":0.09621623510962161}},{"id":"치킨플러스-구리갈매점","permalink":"","username":"asdfg","text":"안먹어본거 시킨다고 간장이랑 양꼬치맛 시켯는대^^ \n완전 맛나요~~ 히히 잘먹었어용^^","date":"Mon Dec 10 23:59:44 +0000 2018","retweets":"30","favorites":"20","mentions":[],"hashtags":[],"geo":"","raw":"안먹어본거 시킨다고 간장이랑 양꼬치맛 시켯는대^^ \n완전 맛나요~~ 히히 잘먹었어용^^","polarity":{"com":0.008333333334722222,"pos":0.6107142857684523,"neg":0.33779761905629957,"neut":0.03273809517212302,"none":0.010416666668402777},"intensity":{"high":0.09375,"low":0.07738095233333332,"meium":0.8184523810000001,"none":0.010416666666666666},"expressive":{"dir-action":0,"dir-explicit":0.350297619,"dir-speech":0.39672619049999996,"indirect":0.2321428571666667,"writing-device":0.020833333333333332}},{"id":"치킨플러스-구리갈매점","permalink":"","username":"asdfg","text":"맛있네요 \n아이도 잘먹고..\n서비스 떡볶이도 잘먹었습니다.\n배송이 좀오래걸려 배고팟네요 ㅎㅎ","date":"Mon Dec 10 23:59:44 +0000 2018","retweets":"30","favorites":"20","mentions":[],"hashtags":[],"geo":"","raw":"맛있네요 \n아이도 잘먹고..\n서비스 떡볶이도 잘먹었습니다.\n배송이 좀오래걸려 배고팟네요 ㅎㅎ","polarity":{"com":0.004219984556024443,"pos":0.4798469803866497,"neg":0.44722804938302535,"neut":0.019313334668812594,"none":0.04939165100548796},"intensity":{"high":0.03996612511555179,"low":0.2008835822445426,"meium":0.709269165412141,"none":0.04988112722776457},"expressive":{"dir-action":0.0004894762222222222,"dir-explicit":0.24014657088888886,"dir-speech":0.34242982233333336,"indirect":0.3678466541111111,"writing-device":0.049087476444444444}},{"id":"치킨플러스-구리갈매점","permalink":"","username":"asdfg","text":"양도 많고 맛도 있네요 ^^ 양념은 진짜 저런 두돌지난 꼬맹이도 먹을정도로 매움이 1도 없이 달콤하구요\n후라이드치킨은 제가 초등학교때 먹던 시장입구에 통째로 튀겨주던 추억의 맛이나요 ^^\n서비스로 주신 떡볶이까지 늠 잘먹고 있습니다\n양이 많아 뒀다 또 먹어야겠어요 ㅎㅎ\n잘먹겠습니다~","date":"Mon Dec 10 23:59:44 +0000 2018","retweets":"30","favorites":"20","mentions":[],"hashtags":[],"geo":"","raw":"양도 많고 맛도 있네요 ^^ 양념은 진짜 저런 두돌지난 꼬맹이도 먹을정도로 매움이 1도 없이 달콤하구요\n후라이드치킨은 제가 초등학교때 먹던 시장입구에 통째로 튀겨주던 추억의 맛이나요 ^^\n서비스로 주신 떡볶이까지 늠 잘먹고 있습니다\n양이 많아 뒀다 또 먹어야겠어요 ㅎㅎ\n잘먹겠습니다~","polarity":{"com":0.009221941363217183,"pos":0.48828165443235094,"neg":0.33776384662101067,"neut":0.03216008436217454,"none":0.13257247322124668},"intensity":{"high":0.0635589048809706,"low":0.16642499995447957,"meium":0.6350407658095565,"none":0.1349753293549933},"expressive":{"dir-action":0.0003367404091062154,"dir-explicit":0.21969081855544043,"dir-speech":0.3982357501999198,"indirect":0.24091720569276895,"writing-device":0.1408194851427645}},{"id":"치킨플러스-구리갈매점","permalink":"","username":"asdfg","text":"역시 순살후라이드 떡볶이에 찍먹^^ 넘나 맛난것👍🏻","date":"Mon Dec 10 23:59:44 +0000 2018","retweets":"30","favorites":"20","mentions":[],"hashtags":[],"geo":"","raw":"역시 순살후라이드 떡볶이에 찍먹^^ 넘나 맛난것👍🏻","polarity":{"com":0.004761904800952381,"pos":0.3809523808761905,"neg":0.3841269842768254,"neut":0.07936507921587302,"none":0.15079365083015872},"intensity":{"high":0.14603174582920636,"low":0.21587301584317461,"meium":0.48730158749746033,"none":0.15079365083015872},"expressive":{"dir-action":0,"dir-explicit":0.30317460332126983,"dir-speech":0.46666666658666667,"indirect":0.07460317462984127,"writing-device":0.15555555546222224}},{"id":"치킨플러스-구리갈매점","permalink":"","username":"asdfg","text":"여기 진짜 맛있어요~~ 재구매할게요^^","date":"Mon Dec 10 23:59:44 +0000 2018","retweets":"30","favorites":"20","mentions":[],"hashtags":[],"geo":"","raw":"여기 진짜 맛있어요~~ 재구매할게요^^","polarity":{"com":0.12983870975,"pos":0.379032258,"neg":0.46317204300000003,"neut":0.020967742,"none":0.00698924725},"intensity":{"high":0.0349462365,"low":0.029032258,"meium":0.92849462375,"none":0.00752688175},"expressive":{"dir-action":0.00161290325,"dir-explicit":0.20349462375,"dir-speech":0.573655914,"indirect":0.21424731175,"writing-device":0.00698924725}},{"id":"치킨플러스-구리갈매점","permalink":"","username":"asdfg","text":"크리미 어니언 시켰는데\n크리스피 후라이드가 배달되었어요.\n포장 절반 뜯고  하나도 안먹고 가게에 전화했는데,\n바쁘셔서 수화기를 아에 내려 놓으셨는지.. 계속통화중이더라구요\n떡볶이만 먹으면서 1시간 동안 전화연결 도하였으나 계속 안되어서 그냥 먹었습니다... 순살후라이 별로 안좋아해서 맛도 그냥 그랬어요. 실망이에요ㅠㅠ 떡볶이는 맛있었습니다.","date":"Mon Dec 10 23:59:44 +0000 2018","retweets":"30","favorites":"20","mentions":[],"hashtags":[],"geo":"","raw":"크리미 어니언 시켰는데\n크리스피 후라이드가 배달되었어요.\n포장 절반 뜯고  하나도 안먹고 가게에 전화했는데,\n바쁘셔서 수화기를 아에 내려 놓으셨는지.. 계속통화중이더라구요\n떡볶이만 먹으면서 1시간 동안 전화연결 도하였으나 계속 안되어서 그냥 먹었습니다... 순살후라이 별로 안좋아해서 맛도 그냥 그랬어요. 실망이에요ㅠㅠ 떡볶이는 맛있었습니다.","polarity":{"com":0.027857107545148804,"pos":0.37203920400483825,"neg":0.47380373160089223,"neut":0.07066172938383274,"none":0.055638227465288126},"intensity":{"high":0.11563491193593917,"low":0.08437690488906281,"meium":0.7434570985405762,"none":0.05653108463442185},"expressive":{"dir-action":0.0005307855832891012,"dir-explicit":0.3334410083055466,"dir-speech":0.4298166745058486,"indirect":0.17459138865211743,"writing-device":0.06162014295319832}},{"id":"치킨플러스-구리갈매점","permalink":"","username":"asdfg","text":"맛나요.^^ 담에또 시켜먹을거에용^^","date":"Mon Dec 10 23:59:44 +0000 2018","retweets":"30","favorites":"20","mentions":[],"hashtags":[],"geo":"","raw":"맛나요.^^ 담에또 시켜먹을거에용^^","polarity":{"com":0.004575163399084967,"pos":0.3723622781255275,"neg":0.4746031747050793,"neut":0.018300653596339866,"none":0.13015873017396823},"intensity":{"high":0.04771241820954248,"low":0.06078431361215687,"meium":0.7613445379522689,"none":0.13015873022603175},"expressive":{"dir-action":0,"dir-explicit":0.1566760038,"dir-speech":0.5532212886,"indirect":0.0274509804,"writing-device":0.2626517272}}]