[{"id":"또봉이통닭-과기대점","permalink":"","username":"asdfg","text":"완전~~맛있어여~~^^굿","date":"Mon Dec 10 23:59:44 +0000 2018","retweets":"30","favorites":"20","mentions":[],"hashtags":[],"geo":"","raw":"완전~~맛있어여~~^^굿","polarity":{"com":0,"pos":0.5,"neg":0.5,"neut":0,"none":0},"intensity":{"high":0,"low":0,"meium":1,"none":0},"expressive":{"dir-action":0,"dir-explicit":0.16666666666666666,"dir-speech":0.3333333333333333,"indirect":0.5,"writing-device":0}},{"id":"또봉이통닭-과기대점","permalink":"","username":"asdfg","text":"울아들이 언제나 좋아하는 통닭이예요\n항상 여기서만 시켜먹는데 배달도 엄청 빨라서 좋습니다","date":"Mon Dec 10 23:59:44 +0000 2018","retweets":"30","favorites":"20","mentions":[],"hashtags":[],"geo":"","raw":"울아들이 언제나 좋아하는 통닭이예요\n항상 여기서만 시켜먹는데 배달도 엄청 빨라서 좋습니다","polarity":{"com":0.02808370040280837,"pos":0.6114538574611454,"neg":0.2980528634298053,"neut":0.013938777801393878,"none":0.04847080090484708},"intensity":{"high":0.051940208605194015,"low":0.10289961961028997,"meium":0.7962488422796249,"none":0.04891132950489113},"expressive":{"dir-action":0.05044052860504405,"dir-explicit":0.29670883692967087,"dir-speech":0.4345421514434542,"indirect":0.1719612561171961,"writing-device":0.04634722690463471}},{"id":"또봉이통닭-과기대점","permalink":"","username":"asdfg","text":"처음 먹어봤는데 맛있네요.","date":"Mon Dec 10 23:59:44 +0000 2018","retweets":"30","favorites":"20","mentions":[],"hashtags":[],"geo":"","raw":"처음 먹어봤는데 맛있네요.","polarity":{"com":0.0714285714642857,"pos":0.21428571439285712,"neg":0.6428571426785714,"neut":0,"none":0.0714285714642857},"intensity":{"high":0,"low":0,"meium":0.9285714285,"none":0.0714285715},"expressive":{"dir-action":0,"dir-explicit":0.1428571429285714,"dir-speech":0.7142857141428571,"indirect":0.0714285714642857,"writing-device":0.0714285714642857}},{"id":"또봉이통닭-과기대점","permalink":"","username":"asdfg","text":"울 아들이 가장 좋아하는 또봉이통닭\n배달도 완전 빨라서 자주 시켜먹어요","date":"Mon Dec 10 23:59:44 +0000 2018","retweets":"30","favorites":"20","mentions":[],"hashtags":[],"geo":"","raw":"울 아들이 가장 좋아하는 또봉이통닭\n배달도 완전 빨라서 자주 시켜먹어요","polarity":{"com":0.03478834099226926,"pos":0.47453464033899234,"neg":0.43228949323726895,"neut":0.009789525220046771,"none":0.048598000211422666},"intensity":{"high":0.07427232066666667,"low":0.18184876411111114,"meium":0.6912072093333334,"none":0.05267170588888889},"expressive":{"dir-action":0.056045031784005,"dir-explicit":0.16363607424040402,"dir-speech":0.5265824081696203,"indirect":0.18519176413168797,"writing-device":0.06854472167428274}},{"id":"또봉이통닭-과기대점","permalink":"","username":"asdfg","text":"굿~","date":"Mon Dec 10 23:59:44 +0000 2018","retweets":"30","favorites":"20","mentions":[],"hashtags":[],"geo":"","raw":"굿~~~~~~~~~~","polarity":{"com":0,"pos":1,"neg":0,"neut":0,"none":0},"intensity":{"high":0,"low":0,"meium":1,"none":0},"expressive":{"dir-action":0,"dir-explicit":0,"dir-speech":0,"indirect":1,"writing-device":0}},{"id":"또봉이통닭-과기대점","permalink":"","username":"asdfg","text":"애들도 먹는데 너무하네요\n닭 회 먹는건가요? \n사장님 이 조각  배달비 드릴테니 가져가서\n드세요. \n화가나는군요","date":"Mon Dec 10 23:59:44 +0000 2018","retweets":"30","favorites":"20","mentions":[],"hashtags":[],"geo":"","raw":"애들도 먹는데 너무하네요\n닭 회 먹는건가요? \n사장님 이 조각  배달비 드릴테니 가져가서\n드세요. \n화가나는군요","polarity":{"com":0.0031249999999999997,"pos":0.41666666649999995,"neg":0.30074404775,"neut":0.00625,"none":0.27321428575},"intensity":{"high":0.04290674599463666,"low":0.04875992061890501,"meium":0.63511904767061,"none":0.2732142857158482},"expressive":{"dir-action":0,"dir-explicit":0.08670634911416171,"dir-speech":0.2932043650883494,"indirect":0.34330357145708706,"writing-device":0.2767857143404018}},{"id":"또봉이통닭-과기대점","permalink":"","username":"asdfg","text":"배달도 진짜 빠르고요! 치킨 뿐만 아니라 떡볶이도 맛있어서 또 시켜먹습니다~~","date":"Mon Dec 10 23:59:44 +0000 2018","retweets":"30","favorites":"20","mentions":[],"hashtags":[],"geo":"","raw":"배달도 진짜 빠르고요! 치킨 뿐만 아니라 떡볶이도 맛있어서 또 시켜먹습니다~~","polarity":{"com":0.0011904761664682539,"pos":0.44841269825859786,"neg":0.23730158746044974,"neut":0.0023809523329365078,"none":0.31071428578154764},"intensity":{"high":0.042328042333333336,"low":0.11164021149999999,"meium":0.5353174603333334,"none":0.3107142858333333},"expressive":{"dir-action":0,"dir-explicit":0.0917989418180335,"dir-speech":0.39391534393434735,"indirect":0.236507936460582,"writing-device":0.277777777787037}},{"id":"또봉이통닭-과기대점","permalink":"","username":"asdfg","text":"콜라없고 양념반후라이드반인데 한통에 섞여서 나오고 닭크기 최소고\n근데 만4처넌? 언론이랑 사뭇 느낌이 다른듯","date":"Mon Dec 10 23:59:44 +0000 2018","retweets":"30","favorites":"20","mentions":[],"hashtags":[],"geo":"","raw":"콜라없고 양념반후라이드반인데 한통에 섞여서 나오고 닭크기 최소고\n근데 만4처넌? 언론이랑 사뭇 느낌이 다른듯","polarity":{"com":0.00936023469302771,"pos":0.5476714262728978,"neg":0.3181489421013961,"neut":0.017837500847525962,"none":0.10698189608515248},"intensity":{"high":0.05339286215384616,"low":0.23924602692307692,"meium":0.5992935206923076,"none":0.10806759023076921},"expressive":{"dir-action":0.005833373616282057,"dir-explicit":0.18864557649056088,"dir-speech":0.16509648341001487,"indirect":0.5296423230045603,"writing-device":0.11078224347858188}},{"id":"또봉이통닭-과기대점","permalink":"","username":"asdfg","text":"또봉이는 맛있음 똥집튀김은 별로","date":"Mon Dec 10 23:59:44 +0000 2018","retweets":"30","favorites":"20","mentions":[],"hashtags":[],"geo":"","raw":"또봉이는 맛있음 똥집튀김은 별로","polarity":{"com":0.007709250998072689,"pos":0.3936438011515891,"neg":0.4672750156331813,"neut":0.022026431744493397,"none":0.10934550047266364},"intensity":{"high":0.02643171800660793,"low":0.03303964750825991,"meium":0.8300818124575204,"none":0.1104468220276117},"expressive":{"dir-action":0.0011013215002753302,"dir-explicit":0.1392385147848096,"dir-speech":0.6617369416654343,"indirect":0.05176211451294053,"writing-device":0.14616110753654027}},{"id":"또봉이통닭-과기대점","permalink":"","username":"asdfg","text":"맛있게 잘 먹었어요! 근데 가격에 비해 양은 아쉽네요. 둘이 먹을 양은 절대 아니고 혼자서 맥주 안주 하기 좋을것 같아요!","date":"Mon Dec 10 23:59:44 +0000 2018","retweets":"30","favorites":"20","mentions":[],"hashtags":[],"geo":"","raw":"맛있게 잘 먹었어요! 근데 가격에 비해 양은 아쉽네요. 둘이 먹을 양은 절대 아니고 혼자서 맥주 안주 하기 좋을것 같아요!","polarity":{"com":0.0053095730000000015,"pos":0.2880938966666666,"neg":0.6197525273333332,"neut":0.03159352155555555,"none":0.055250481444444444},"intensity":{"high":0.023046865227343744,"low":0.09059676190902151,"meium":0.8306164151845814,"none":0.05573995767905333},"expressive":{"dir-action":0.0004894762222222219,"dir-explicit":0.13025514933333335,"dir-speech":0.4346552784444444,"indirect":0.3788601383333334,"writing-device":0.055739957666666666}},{"id":"또봉이통닭-과기대점","permalink":"","username":"asdfg","text":"배달도, 맛도 대단히 좋습니다~~^^","date":"Mon Dec 10 23:59:44 +0000 2018","retweets":"30","favorites":"20","mentions":[],"hashtags":[],"geo":"","raw":"배달도, 맛도 대단히 좋습니다~~^^","polarity":{"com":0,"pos":0.6666666666666666,"neg":0.3333333333333333,"neut":0,"none":0},"intensity":{"high":0.3333333333333333,"low":0,"meium":0.6666666666666666,"none":0},"expressive":{"dir-action":0,"dir-explicit":0.3333333333333333,"dir-speech":0.6666666666666666,"indirect":0,"writing-device":0}},{"id":"또봉이통닭-과기대점","permalink":"","username":"asdfg","text":"옛날통닭으로 맛있어요\n똥집튀김 오랫만에 먹어서 맛있어요.\n아이도 잘먹어요.\n양이 좀 적은게 아쉬어요.","date":"Mon Dec 10 23:59:44 +0000 2018","retweets":"30","favorites":"20","mentions":[],"hashtags":[],"geo":"","raw":"옛날통닭으로 맛있어요\n똥집튀김 오랫만에 먹어서 맛있어요.\n아이도 잘먹어요.\n양이 좀 적은게 아쉬어요.","polarity":{"com":0,"pos":0.382154304,"neg":0.46468635537499997,"neut":0.153159340625,"none":0},"intensity":{"high":0.0235042735,"low":0.099034645875,"meium":0.877461080625,"none":0},"expressive":{"dir-action":0,"dir-explicit":0.15865003049999998,"dir-speech":0.589117826625,"indirect":0.252232142875,"writing-device":0}},{"id":"또봉이통닭-과기대점","permalink":"","username":"asdfg","text":"맛있어요~~~~ 근데 살이 좀적어서 뼈발라먹는거 좋아하는사람들만 좋아할듯...(제가 그런사람중 하나~^^) 배달도 빠르고 근데 양이 조금 적어서 아쉽네요 여튼 그래도 맛있어요~","date":"Mon Dec 10 23:59:44 +0000 2018","retweets":"30","favorites":"20","mentions":[],"hashtags":[],"geo":"","raw":"맛있어요~~~~ 근데 살이 좀적어서 뼈발라먹는거 좋아하는사람들만 좋아할듯...(제가 그런사람중 하나~^^) 배달도 빠르고 근데 양이 조금 적어서 아쉽네요 여튼 그래도 맛있어요~","polarity":{"com":0.018253968285714288,"pos":0.46054421764285713,"neg":0.4633786847857143,"neut":0.04591836735714285,"none":0.011904761928571428},"intensity":{"high":0.007936507928004535,"low":0.12369614513402169,"meium":0.8564625850102527,"none":0.011904761927721087},"expressive":{"dir-action":0,"dir-explicit":0.23151927442857145,"dir-speech":0.5240362811428572,"indirect":0.1968253967857143,"writing-device":0.04761904764285715}},{"id":"또봉이통닭-과기대점","permalink":"","username":"asdfg","text":"굿굿!!! \n옛날통닭 드디어 찾음 \n약간매콤 바삭바삭 하니 맛있어요 최고!! \n배달이 여기까지 올까 했는데\n따뜻하게 도착 잘먹었어요","date":"Mon Dec 10 23:59:44 +0000 2018","retweets":"30","favorites":"20","mentions":[],"hashtags":[],"geo":"","raw":"굿굿!!! \n옛날통닭 드디어 찾음 \n약간매콤 바삭바삭 하니 맛있어요 최고!! \n배달이 여기까지 올까 했는데\n따뜻하게 도착 잘먹었어요","polarity":{"com":0.0019157088334929757,"pos":0.5027139207918928,"neg":0.3203566867766963,"neut":0.05911330042159277,"none":0.11590038317632502},"intensity":{"high":0.11968618872007844,"low":0.06273946365098179,"meium":0.6997582556583937,"none":0.11781609197054596},"expressive":{"dir-action":0.0019157088336526184,"dir-explicit":0.06848659001141444,"dir-speech":0.3427750410571292,"indirect":0.46517515057752923,"writing-device":0.1216475095202746}},{"id":"또봉이통닭-과기대점","permalink":"","username":"asdfg","text":"정말 생각보다 너무 만족입니다!","date":"Mon Dec 10 23:59:44 +0000 2018","retweets":"30","favorites":"20","mentions":[],"hashtags":[],"geo":"","raw":"정말 생각보다 너무 만족입니다!","polarity":{"com":0.055244320000000006,"pos":0.4261593526666667,"neg":0.33068783066666674,"neut":0.03050108933333334,"none":0.15740740733333336},"intensity":{"high":0.2567693744189231,"low":0.07485216302495072,"meium":0.5109710551703237,"none":0.15740740738580247},"expressive":{"dir-action":0,"dir-explicit":0.49657640833333333,"dir-speech":0.24610955499999998,"indirect":0.09337068166666666,"writing-device":0.163943355}},{"id":"또봉이통닭-과기대점","permalink":"","username":"asdfg","text":"후라이드가 정말 맛있네요!","date":"Mon Dec 10 23:59:44 +0000 2018","retweets":"30","favorites":"20","mentions":[],"hashtags":[],"geo":"","raw":"후라이드가 정말 맛있네요!","polarity":{"com":0.0089285715,"pos":0.205357143,"neg":0.732142857,"neut":0.0401785715,"none":0.013392857},"intensity":{"high":0.080357143,"low":0.0535714285,"meium":0.8482142855,"none":0.017857143},"expressive":{"dir-action":0,"dir-explicit":0.1875,"dir-speech":0.65625,"indirect":0.142857143,"writing-device":0.013392857}},{"id":"또봉이통닭-과기대점","permalink":"","username":"asdfg","text":"몇번째인지 모를정도로 많이 시켜먹고있어요","date":"Mon Dec 10 23:59:44 +0000 2018","retweets":"30","favorites":"20","mentions":[],"hashtags":[],"geo":"","raw":"몇번째인지 모를정도로 많이 시켜먹고있어요","polarity":{"com":0.0045751634,"pos":0.2771241828,"neg":0.47333333359999996,"neut":0.0738562092,"none":0.171111111},"intensity":{"high":0.04771241820954248,"low":0.2918954248583791,"meium":0.48928104589785615,"none":0.17111111103422222},"expressive":{"dir-action":0,"dir-explicit":0.265882353,"dir-speech":0.30718954260000003,"indirect":0.2518954248,"writing-device":0.1750326796}},{"id":"또봉이통닭-과기대점","permalink":"","username":"asdfg","text":"최고에요 치킨 국물떡볶이 배달 서비스 다다다","date":"Mon Dec 10 23:59:44 +0000 2018","retweets":"30","favorites":"20","mentions":[],"hashtags":[],"geo":"","raw":"최고에요 치킨 국물떡볶이 배달 서비스 다다다","polarity":{"com":0,"pos":0.9444444445,"neg":0.0555555555,"neut":0,"none":0},"intensity":{"high":0.388888889,"low":0,"meium":0.611111111,"none":0},"expressive":{"dir-action":0,"dir-explicit":0,"dir-speech":0.5,"indirect":0.5,"writing-device":0}},{"id":"또봉이통닭-과기대점","permalink":"","username":"asdfg","text":"오랜만에 통닭 먹었더니\n단백하고 쫄깃하네요\n종종 시킬듯","date":"Mon Dec 10 23:59:44 +0000 2018","retweets":"30","favorites":"20","mentions":[],"hashtags":[],"geo":"","raw":"오랜만에 통닭 먹었더니\n단백하고 쫄깃하네요\n종종 시킬듯","polarity":{"com":0.008675772600000001,"pos":0.48130388439999994,"neg":0.44291000680000003,"neut":0.023380800200000003,"none":0.043729536},"intensity":{"high":0.10633536755746585,"low":0.1289315121484274,"meium":0.7199728761120108,"none":0.0447602441820959},"expressive":{"dir-action":0.013002034400000001,"dir-explicit":0.280813717,"dir-speech":0.34360941580000004,"indirect":0.3182446962,"writing-device":0.0443301366}},{"id":"또봉이통닭-과기대점","permalink":"","username":"asdfg","text":"아주맛나게잘먹었어요감사합니다~","date":"Mon Dec 10 23:59:44 +0000 2018","retweets":"30","favorites":"20","mentions":[],"hashtags":[],"geo":"","raw":"아주맛나게잘먹었어요감사합니다~","polarity":{"com":0,"pos":0.5487012988495672,"neg":0.3365800864455267,"neut":0.08441558436147187,"none":0.03030303034343435},"intensity":{"high":0.11363636366666667,"low":0.13203463199999999,"meium":0.724025974,"none":0.03030303033333333},"expressive":{"dir-action":0,"dir-explicit":0.07142857133333334,"dir-speech":0.4036796536666667,"indirect":0.49458874466666675,"writing-device":0.030303030333333338}},{"id":"또봉이통닭-과기대점","permalink":"","username":"asdfg","text":"생각보다 양이 적어요 반반시켯는데 분리 안해서 섞엿어요","date":"Mon Dec 10 23:59:44 +0000 2018","retweets":"30","favorites":"20","mentions":[],"hashtags":[],"geo":"","raw":"생각보다 양이 적어요 반반시켯는데 분리 안해서 섞엿어요","polarity":{"com":0,"pos":0.6548611110000001,"neg":0.27222222225000003,"neut":0.06250000000000001,"none":0.010416666750000001},"intensity":{"high":0.12638888875,"low":0.36250000000000004,"meium":0.5006944445000001,"none":0.010416666750000001},"expressive":{"dir-action":0,"dir-explicit":0.354861111,"dir-speech":0.16458333325000005,"indirect":0.470138889,"writing-device":0.010416666750000001}},{"id":"또봉이통닭-과기대점","permalink":"","username":"asdfg","text":"순살텐더에 찍먹!!!\n겨자/츠즈/양념 소스 찍먹~~\n맛있ㅇㅓ여♡♡♡♡♡","date":"Mon Dec 10 23:59:44 +0000 2018","retweets":"30","favorites":"20","mentions":[],"hashtags":[],"geo":"","raw":"순살텐더에 찍먹!!!\n겨자/츠즈/양념 소스 찍먹~~\n맛있ㅇㅓ여♡♡♡♡♡","polarity":{"com":0,"pos":0.1666666665,"neg":0.3333333335,"neut":0,"none":0.5},"intensity":{"high":0.1666666665,"low":0,"meium":0.3333333335,"none":0.5},"expressive":{"dir-action":0,"dir-explicit":0.3333333335,"dir-speech":0.1666666665,"indirect":0,"writing-device":0.5}},{"id":"또봉이통닭-과기대점","permalink":"","username":"asdfg","text":"돈잇을때마다먹고싶습니다♡","date":"Mon Dec 10 23:59:44 +0000 2018","retweets":"30","favorites":"20","mentions":[],"hashtags":[],"geo":"","raw":"돈잇을때마다먹고싶습니다♡","polarity":{"com":0,"pos":0.39898989886700337,"neg":0.5101010101632996,"neut":0.09090909096969696,"none":0},"intensity":{"high":0.06734006733333332,"low":0.164983165,"meium":0.7676767676666666,"none":0},"expressive":{"dir-action":0,"dir-explicit":0.13468013466666665,"dir-speech":0.6986531986666668,"indirect":0.16666666666666666,"writing-device":0}},{"id":"또봉이통닭-과기대점","permalink":"","username":"asdfg","text":"항상 맛잇어요~~바삭바삭 쫄깃쫄깃하고 추천합니당^^","date":"Mon Dec 10 23:59:44 +0000 2018","retweets":"30","favorites":"20","mentions":[],"hashtags":[],"geo":"","raw":"항상 맛잇어요~~바삭바삭 쫄깃쫄깃하고 추천합니당^^","polarity":{"com":0.0038314176666666665,"pos":0.77394636,"neg":0.134099617,"neut":0.02298850566666666,"none":0.06513409966666667},"intensity":{"high":0.20498084293167304,"low":0.04214559398595147,"meium":0.6839080457720306,"none":0.06896551731034482},"expressive":{"dir-action":0.003831417667943806,"dir-explicit":0.22030651340676882,"dir-speech":0.30459770110153256,"indirect":0.3946360154648787,"writing-device":0.07662835235887612}},{"id":"또봉이통닭-과기대점","permalink":"","username":"asdfg","text":"양의비해서가격조금만줄여주시면정말좋고대박날거같습니다!!맛 질 서비스 배달친절은정말완벽해요","date":"Mon Dec 10 23:59:44 +0000 2018","retweets":"30","favorites":"20","mentions":[],"hashtags":[],"geo":"","raw":"양의비해서가격조금만줄여주시면정말좋고대박날거같습니다!!맛 질 서비스 배달친절은정말완벽해요","polarity":{"com":0.004033776889337087,"pos":0.5335053793926117,"neg":0.36059372659562156,"neut":0.018783480446531498,"none":0.08308363667589819},"intensity":{"high":0.09378266267708696,"low":0.14477825590497537,"meium":0.6781164960753463,"none":0.0833225853425914},"expressive":{"dir-action":0.000716845888888889,"dir-explicit":0.201770463,"dir-speech":0.31781732733333334,"indirect":0.2883496188888889,"writing-device":0.1913457448888889}},{"id":"또봉이통닭-과기대점","permalink":"","username":"asdfg","text":"며칠전에 시켜서 잘먹었는데 방금 또 시켰어요ㅎㅎ아이가 너무 좋아해요~~~","date":"Mon Dec 10 23:59:44 +0000 2018","retweets":"30","favorites":"20","mentions":[],"hashtags":[],"geo":"","raw":"며칠전에 시켜서 잘먹었는데 방금 또 시켰어요ㅎㅎ아이가 너무 좋아해요~~~","polarity":{"com":0.028571428599999997,"pos":0.325,"neg":0.3464285714,"neut":0.2142857142,"none":0.0857142858},"intensity":{"high":0.028571428599999997,"low":0.2964285714,"meium":0.5892857142,"none":0.0857142858},"expressive":{"dir-action":0,"dir-explicit":0.2107142856,"dir-speech":0.442857143,"indirect":0.23214285720000002,"writing-device":0.1142857142}},{"id":"또봉이통닭-과기대점","permalink":"","username":"asdfg","text":"순살텐더 에 소스 여러가지 추가해서 먹었는데 순살의 퍽퍽함을 좋아해서 가슴살 부분으로 주문한건데 소스랑 찍어먹으니 더 맛있었ㅇㅓ여~^^","date":"Mon Dec 10 23:59:44 +0000 2018","retweets":"30","favorites":"20","mentions":[],"hashtags":[],"geo":"","raw":"순살텐더 에 소스 여러가지 추가해서 먹었는데 순살의 퍽퍽함을 좋아해서 가슴살 부분으로 주문한건데 소스랑 찍어먹으니 더 맛있었ㅇㅓ여~^^","polarity":{"com":0.00485275025,"pos":0.4200352926666666,"neg":0.3478218839166667,"neut":0.07112986316666668,"none":0.15616021},"intensity":{"high":0.1279581836666667,"low":0.14462544966666666,"meium":0.5710769451666667,"none":0.1563394215},"expressive":{"dir-action":0.0017888856668157403,"dir-explicit":0.31678235544306516,"dir-speech":0.3807383206983948,"indirect":0.14105353717842112,"writing-device":0.15963690101330305}},{"id":"또봉이통닭-과기대점","permalink":"","username":"asdfg","text":"소스가하나잘못왔네요ㅋㅋ\n요기원래맛있는데 이번에는 닭을 너무 빠싹\n튀기셔서 좀 많이 질겼습니다ㅠㅠ\n세트로는처음시켰는데요 떡볶이보고 깜놀했네요\nㅋㅋ 생각했던것보다 떡볶이 비쥬얼이 대박ㅋㅋ\n어묵도많이넣어주시구 야채도많이넣어주셨구요\n떡도말랑말랑하니 맛있었구요ㅎㅎ 쫌마니달긴\n했어요ㅋㅋ 그래두맛있게잘먹었습니당^^\n앞으로도 더욱더 잘되시길 바랍니다^^","date":"Mon Dec 10 23:59:44 +0000 2018","retweets":"30","favorites":"20","mentions":[],"hashtags":[],"geo":"","raw":"소스가하나잘못왔네요ㅋㅋ\n요기원래맛있는데 이번에는 닭을 너무 빠싹\n튀기셔서 좀 많이 질겼습니다ㅠㅠ\n세트로는처음시켰는데요 떡볶이보고 깜놀했네요\nㅋㅋ 생각했던것보다 떡볶이 비쥬얼이 대박ㅋㅋ\n어묵도많이넣어주시구 야채도많이넣어주셨구요\n떡도말랑말랑하니 맛있었구요ㅎㅎ 쫌마니달긴\n했어요ㅋㅋ 그래두맛있게잘먹었습니당^^\n앞으로도 더욱더 잘되시길 바랍니다^^","polarity":{"com":0.009328919391709952,"pos":0.4704207757161052,"neg":0.4129950408875216,"neut":0.04566488465415933,"none":0.06159037935050392},"intensity":{"high":0.06573592308695651,"low":0.19542370052173916,"meium":0.6756707638260869,"none":0.06316961256521739},"expressive":{"dir-action":0.001843861174073379,"dir-explicit":0.2388910252816427,"dir-speech":0.5071967587397562,"indirect":0.17836566427637962,"writing-device":0.07370269052814805}},{"id":"또봉이통닭-과기대점","permalink":"","username":"asdfg","text":"치킨맛 여전히 맛있게 먹었지만, 닭발은 기름이 넘 많았어요... 닭발에 그 질긴 부위도 넘 많았고요.","date":"Mon Dec 10 23:59:44 +0000 2018","retweets":"30","favorites":"20","mentions":[],"hashtags":[],"geo":"","raw":"치킨맛 여전히 맛있게 먹었지만, 닭발은 기름이 넘 많았어요... 닭발에 그 질긴 부위도 넘 많았고요.","polarity":{"com":0.004778615700000001,"pos":0.5903592294,"neg":0.3796952117,"neut":0.020896055399999995,"none":0.0042708877999999995},"intensity":{"high":0.08402720283361088,"low":0.19247566407699027,"meium":0.7187857166875143,"none":0.004711416401884567},"expressive":{"dir-action":0.00044052860013215847,"dir-explicit":0.1950983839585295,"dir-speech":0.5133115901539935,"indirect":0.2864380808859314,"writing-device":0.004711416401413425}},{"id":"또봉이통닭-과기대점","permalink":"","username":"asdfg","text":"배송도 빠르고 맛있게 잘 먹었네요","date":"Mon Dec 10 23:59:44 +0000 2018","retweets":"30","favorites":"20","mentions":[],"hashtags":[],"geo":"","raw":"배송도 빠르고 맛있게 잘 먹었네요","polarity":{"com":0.0023809523341269843,"pos":0.3095238094365079,"neg":0.514285714504762,"neut":0.028571428342857145,"none":0.14523809538174604},"intensity":{"high":0.04761904766666666,"low":0.10952380933333332,"meium":0.6976190476666666,"none":0.14523809533333332},"expressive":{"dir-action":0,"dir-explicit":0.13333333328888888,"dir-speech":0.48095238083968256,"indirect":0.24285714291904759,"writing-device":0.14285714295238094}},{"id":"또봉이통닭-과기대점","permalink":"","username":"asdfg","text":"배달도 빠르고 잘먹었습니다","date":"Mon Dec 10 23:59:44 +0000 2018","retweets":"30","favorites":"20","mentions":[],"hashtags":[],"geo":"","raw":"배달도 빠르고 잘먹었습니다","polarity":{"com":0,"pos":0.9047619049682539,"neg":0.07142857135714285,"neut":0.023809523674603175,"none":0},"intensity":{"high":0,"low":0.18253968233333331,"meium":0.8174603176666667,"none":0},"expressive":{"dir-action":0,"dir-explicit":0.07142857133333333,"dir-speech":0.380952381,"indirect":0.5476190476666667,"writing-device":0}},{"id":"또봉이통닭-과기대점","permalink":"","username":"asdfg","text":"저번에 시켜먹고 반반으로 다시시켯는데 역시 맛남 옛날 치킨좋아하시면 무조건추천임 소스도 잘챙겨주시네욤ㅎㅎ","date":"Mon Dec 10 23:59:44 +0000 2018","retweets":"30","favorites":"20","mentions":[],"hashtags":[],"geo":"","raw":"저번에 시켜먹고 반반으로 다시시켯는데 역시 맛남 옛날 치킨좋아하시면 무조건추천임 소스도 잘챙겨주시네욤ㅎㅎ","polarity":{"com":0.000892857125,"pos":0.635714285625,"neg":0.20595238112500003,"neut":0.043452380875,"none":0.11398809525},"intensity":{"high":0.13710317462500002,"low":0.06706349200000002,"meium":0.6818452381250001,"none":0.11398809525000002},"expressive":{"dir-action":0,"dir-explicit":0.3105158729611855,"dir-speech":0.39484126982564477,"indirect":0.18154761910230655,"writing-device":0.1130952381108631}},{"id":"또봉이통닭-과기대점","permalink":"","username":"asdfg","text":"배달 엄청 빠르네요 잘먹었습니다","date":"Mon Dec 10 23:59:44 +0000 2018","retweets":"30","favorites":"20","mentions":[],"hashtags":[],"geo":"","raw":"배달 엄청 빠르네요 잘먹었습니다","polarity":{"com":0,"pos":0.9047619049682539,"neg":0.07142857135714285,"neut":0.023809523674603175,"none":0},"intensity":{"high":0,"low":0.18253968233333331,"meium":0.8174603176666667,"none":0},"expressive":{"dir-action":0,"dir-explicit":0.07142857133333333,"dir-speech":0.380952381,"indirect":0.5476190476666667,"writing-device":0}},{"id":"또봉이통닭-과기대점","permalink":"","username":"asdfg","text":"순살텐더 랑 소스 듬뿍~~텐더살이 부드럽구 맛있어여~^^","date":"Mon Dec 10 23:59:44 +0000 2018","retweets":"30","favorites":"20","mentions":[],"hashtags":[],"geo":"","raw":"순살텐더 랑 소스 듬뿍~~텐더살이 부드럽구 맛있어여~^^","polarity":{"com":0,"pos":0.465579710125,"neg":0.251811594125,"neut":0.0217391305,"none":0.26086956525},"intensity":{"high":0.14764492737499998,"low":0.0217391305,"meium":0.569746376875,"none":0.26086956525},"expressive":{"dir-action":0.06250000000000001,"dir-explicit":0.327898550875,"dir-speech":0.24275362312500004,"indirect":0.10597826075000003,"writing-device":0.26086956525000005}},{"id":"또봉이통닭-과기대점","permalink":"","username":"asdfg","text":"옛날 맛과 비슷하고 특히 부모님이 맛있게 잘드시네요","date":"Mon Dec 10 23:59:44 +0000 2018","retweets":"30","favorites":"20","mentions":[],"hashtags":[],"geo":"","raw":"옛날 맛과 비슷하고 특히 부모님이 맛있게 잘드시네요","polarity":{"com":0.006167400801233481,"pos":0.5492007553098401,"neg":0.20096286964019258,"neut":0.09190685961838138,"none":0.1517621146303524},"intensity":{"high":0.06114537441222909,"low":0.12928886082585778,"meium":0.6569225929313846,"none":0.15264317183052864},"expressive":{"dir-action":0.0008810572001762114,"dir-explicit":0.14567652602913528,"dir-speech":0.4108181246821636,"indirect":0.29998112025999624,"writing-device":0.14264317182852862}},{"id":"또봉이통닭-과기대점","permalink":"","username":"asdfg","text":"후기보고시켰는데 진짜 배달 빠르게 가져다주셨고요\n양적을줄알고 두마리시켰는데 양도많고요\n기름이 깨끗한것같아요","date":"Mon Dec 10 23:59:44 +0000 2018","retweets":"30","favorites":"20","mentions":[],"hashtags":[],"geo":"","raw":"후기보고시켰는데 진짜 배달 빠르게 가져다주셨고요\n양적을줄알고 두마리시켰는데 양도많고요\n기름이 깨끗한것같아요","polarity":{"com":0.006857628498285595,"pos":0.4906917515023271,"neg":0.38686007677828504,"neut":0.043304400364173906,"none":0.07228614285692848},"intensity":{"high":0.09228578863653573,"low":0.0838759645104845,"meium":0.7506260678438282,"none":0.07321217900915153},"expressive":{"dir-action":0.007870480625,"dir-explicit":0.335311474125,"dir-speech":0.30454895525000003,"indirect":0.267693274625,"writing-device":0.084575815375}},{"id":"또봉이통닭-과기대점","permalink":"","username":"asdfg","text":"와 배달음식에 이렇게 기쁜적은 처음인거같아요 배달도 55분걸린다고 문자온것보다 훨씬빨라서 30분만에왔고 서비스로 콜라도 주시고 매운소스만 시켰는데 양념소스랑 겨자소스도 보내주신거에 넘나 감동..😍 원래 또봉이좋아하는데 과가대점에서는 처음시켜봤는데 맛있는건 당연하고 정성이 느껴져서 너무 좋았슴미다..💕 또봉이가 생각날땐 앞으로 과기대에서 시킬게요 룰루💃","date":"Mon Dec 10 23:59:44 +0000 2018","retweets":"30","favorites":"20","mentions":[],"hashtags":[],"geo":"","raw":"와 배달음식에 이렇게 기쁜적은 처음인거같아요 배달도 55분걸린다고 문자온것보다 훨씬빨라서 30분만에왔고 서비스로 콜라도 주시고 매운소스만 시켰는데 양념소스랑 겨자소스도 보내주신거에 넘나 감동..😍 원래 또봉이좋아하는데 과가대점에서는 처음시켜봤는데 맛있는건 당연하고 정성이 느껴져서 너무 좋았슴미다..💕 또봉이가 생각날땐 앞으로 과기대에서 시킬게요 룰루💃","polarity":{"com":0.013348443718332862,"pos":0.42604373417418623,"neg":0.3860399840504363,"neut":0.0806272771537304,"none":0.09394056090331437},"intensity":{"high":0.08222129184631942,"low":0.1499914441921872,"meium":0.6732923548022903,"none":0.09449490915920297},"expressive":{"dir-action":0.00027533037500000003,"dir-explicit":0.18257176243750003,"dir-speech":0.390392740375,"indirect":0.2757562719375,"writing-device":0.15100389487500004}},{"id":"또봉이통닭-과기대점","permalink":"","username":"asdfg","text":"그런데 콜라시켰는데  사이다왔어요~~\n 아래글  연장해서 쓰는거예용","date":"Mon Dec 10 23:59:44 +0000 2018","retweets":"30","favorites":"20","mentions":[],"hashtags":[],"geo":"","raw":"그런데 콜라시켰는데  사이다왔어요~~\n 아래글  연장해서 쓰는거예용","polarity":{"com":0.0027649769999999996,"pos":0.5138481588571429,"neg":0.3829958572857143,"neut":0.09639715128571429,"none":0.003993855571428571},"intensity":{"high":0.1281943862674008,"low":0.18037052554566135,"meium":0.6871340129018381,"none":0.004301075285099846},"expressive":{"dir-action":0.09327375142857142,"dir-explicit":0.11339663928571429,"dir-speech":0.36604291757142854,"indirect":0.3518642647142857,"writing-device":0.075422427}},{"id":"또봉이통닭-과기대점","permalink":"","username":"asdfg","text":"맛있어오~~두번째시켜먹는거예요\n\n앞으로  여기자주 이옹할거같아요\n\n똥집튀김 쫄깃쫄깃하고  통집튀김 파는데 없어서 아쉬웠는데 \n\n근데양이좀  적은거같아요~~담엔 좀더많이주세용^^","date":"Mon Dec 10 23:59:44 +0000 2018","retweets":"30","favorites":"20","mentions":[],"hashtags":[],"geo":"","raw":"맛있어오~~두번째시켜먹는거예요\n\n앞으로  여기자주 이옹할거같아요\n\n똥집튀김 쫄깃쫄깃하고  통집튀김 파는데 없어서 아쉬웠는데 \n\n근데양이좀  적은거같아요~~담엔 좀더많이주세용^^","polarity":{"com":0.0023678851334911926,"pos":0.37234968949148994,"neg":0.5514731481700983,"neut":0.03166762820211118,"none":0.04214164900280944},"intensity":{"high":0.03590536353093964,"low":0.18175959212121603,"meium":0.7392269116173849,"none":0.043108132730459464},"expressive":{"dir-action":0.0009664837333333333,"dir-explicit":0.10953820813333333,"dir-speech":0.46248110186666663,"indirect":0.23687086099999996,"writing-device":0.19014334526666665}},{"id":"또봉이통닭-과기대점","permalink":"","username":"asdfg","text":"배도고프고 아는 사람이 맛있다고해서 한번먹어보자 했는데 \n술안주로 적당한 음식이지\n밥대용으로는 아닌거같네요\n먹을게 별로없고 아이들도 안좋아했어요\n시킬일 별로 없을듯하네요ㅡㅡ","date":"Mon Dec 10 23:59:44 +0000 2018","retweets":"30","favorites":"20","mentions":[],"hashtags":[],"geo":"","raw":"배도고프고 아는 사람이 맛있다고해서 한번먹어보자 했는데 \n술안주로 적당한 음식이지\n밥대용으로는 아닌거같네요\n먹을게 별로없고 아이들도 안좋아했어요\n시킬일 별로 없을듯하네요ㅡㅡ","polarity":{"com":0.011913996946114317,"pos":0.37773792390760663,"neg":0.4953922544215377,"neut":0.05130780804723077,"none":0.06364801667751074},"intensity":{"high":0.1333408682877177,"low":0.14661997496913265,"meium":0.6278434568151908,"none":0.0921956999279588},"expressive":{"dir-action":0.0012099213685484128,"dir-explicit":0.2646056638173269,"dir-speech":0.42871949357144423,"indirect":0.17035508559687948,"writing-device":0.135109835645801}},{"id":"또봉이통닭-과기대점","permalink":"","username":"asdfg","text":"맛있게 잘 먹었습니다.\n별5개입니다.","date":"Mon Dec 10 23:59:44 +0000 2018","retweets":"30","favorites":"20","mentions":[],"hashtags":[],"geo":"","raw":"맛있게 잘 먹었습니다.\n별5개입니다.","polarity":{"com":0.005718954251429738,"pos":0.5249766573812441,"neg":0.37301587309325396,"neut":0.040732959760183235,"none":0.05555555551388888},"intensity":{"high":0.03186274500796568,"low":0.07399626501849907,"meium":0.8385854344596464,"none":0.05555555551388888},"expressive":{"dir-action":0,"dir-explicit":0.158146592,"dir-speech":0.3363678805,"indirect":0.44502801125,"writing-device":0.06045751625}},{"id":"또봉이통닭-과기대점","permalink":"","username":"asdfg","text":"맛있어요~~ bbbb","date":"Mon Dec 10 23:59:44 +0000 2018","retweets":"30","favorites":"20","mentions":[],"hashtags":[],"geo":"","raw":"맛있어요~~ bbbb","polarity":{"com":0,"pos":0,"neg":1,"neut":0,"none":0},"intensity":{"high":0,"low":0,"meium":1,"none":0},"expressive":{"dir-action":0,"dir-explicit":0,"dir-speech":1,"indirect":0,"writing-device":0}},{"id":"또봉이통닭-과기대점","permalink":"","username":"asdfg","text":"배달두 친절하게 해주시구 맛있게 먹었어요","date":"Mon Dec 10 23:59:44 +0000 2018","retweets":"30","favorites":"20","mentions":[],"hashtags":[],"geo":"","raw":"배달두 친절하게 해주시구 맛있게 먹었어요","polarity":{"com":0.0061698184,"pos":0.434260289,"neg":0.484330738,"neut":0.030567297000000004,"none":0.044671857599999996},"intensity":{"high":0.07316771718536645,"low":0.09295760718140847,"meium":0.7864738598427052,"none":0.047400815790519836},"expressive":{"dir-action":0.0035891732007178345,"dir-explicit":0.1394240514278848,"dir-speech":0.6972389075394477,"indirect":0.10817945862163589,"writing-device":0.05156840921031368}},{"id":"또봉이통닭-과기대점","permalink":"","username":"asdfg","text":"양념인데 조금 매웠다.. 양이 적다..","date":"Mon Dec 10 23:59:44 +0000 2018","retweets":"30","favorites":"20","mentions":[],"hashtags":[],"geo":"","raw":"양념인데 조금 매웠다.. 양이 적다..","polarity":{"com":0.007625272333333335,"pos":0.27668845300000006,"neg":0.44444444466666666,"neut":0.19716775600000003,"none":0.074074074},"intensity":{"high":0.11655773403885257,"low":0.19389978206463324,"meium":0.6154684098718228,"none":0.07407407402469136},"expressive":{"dir-action":0,"dir-explicit":0.6209150326666667,"dir-speech":0.06753812633333335,"indirect":0.23093681933333335,"writing-device":0.08061002166666668}},{"id":"또봉이통닭-과기대점","permalink":"","username":"asdfg","text":"역시 또봉이 ! 바삭하고 간도 딱 맞아요~ 개인마다 차이가 있겠지만 소스는 겨자소스 추천합니다 사장님께서 서비스로 주셔서 더 맛있었어요♥","date":"Mon Dec 10 23:59:44 +0000 2018","retweets":"30","favorites":"20","mentions":[],"hashtags":[],"geo":"","raw":"역시 또봉이 ! 바삭하고 간도 딱 맞아요~ 개인마다 차이가 있겠지만 소스는 겨자소스 추천합니다 사장님께서 서비스로 주셔서 더 맛있었어요♥","polarity":{"com":0.0493028415544187,"pos":0.5232325930042241,"neg":0.30628377096477893,"neut":0.06114538128384462,"none":0.06003541319273371},"intensity":{"high":0.10441369982767396,"low":0.21972549683815687,"meium":0.6143799775103982,"none":0.061480825823770985},"expressive":{"dir-action":0.00144541263675784,"dir-explicit":0.2818996704405181,"dir-speech":0.2082259564204253,"indirect":0.4434152691209315,"writing-device":0.06501369138136738}},{"id":"또봉이통닭-과기대점","permalink":"","username":"asdfg","text":"아주 맛있습니다. ...","date":"Mon Dec 10 23:59:44 +0000 2018","retweets":"30","favorites":"20","mentions":[],"hashtags":[],"geo":"","raw":"아주 맛있습니다. ...","polarity":{"com":0,"pos":0.75,"neg":0.25,"neut":0,"none":0},"intensity":{"high":0.25,"low":0,"meium":0.75,"none":0},"expressive":{"dir-action":0,"dir-explicit":0,"dir-speech":0.25,"indirect":0.75,"writing-device":0}},{"id":"또봉이통닭-과기대점","permalink":"","username":"asdfg","text":"치킨 양이 약간 작은 듯 하나 맛있네요 \n똥집튀김 아주 좋아요","date":"Mon Dec 10 23:59:44 +0000 2018","retweets":"30","favorites":"20","mentions":[],"hashtags":[],"geo":"","raw":"치킨 양이 약간 작은 듯 하나 맛있네요 \n똥집튀김 아주 좋아요","polarity":{"com":0,"pos":0.4375,"neg":0.52083333325,"neut":0,"none":0.04166666675},"intensity":{"high":0.062499999984375,"low":0.04166666673958333,"meium":0.8541666665364583,"none":0.04166666673958333},"expressive":{"dir-action":0,"dir-explicit":0.04166666675,"dir-speech":0.64583333325,"indirect":0.27083333325000003,"writing-device":0.04166666675}},{"id":"또봉이통닭-과기대점","permalink":"","username":"asdfg","text":"저는 못먹어봤는데  중학생우리딸들이  두마리 마ㅅ있게 먹었어요","date":"Mon Dec 10 23:59:44 +0000 2018","retweets":"30","favorites":"20","mentions":[],"hashtags":[],"geo":"","raw":"저는 못먹어봤는데  중학생우리딸들이  두마리 마ㅅ있게 먹었어요","polarity":{"com":0.0446729804925545,"pos":0.3988496881001917,"neg":0.46586016342235664,"neut":0.014724310830879281,"none":0.07589285715401786},"intensity":{"high":0.1012795075,"low":0.1494293961666667,"meium":0.6733982391666667,"none":0.07589285716666667},"expressive":{"dir-action":0,"dir-explicit":0.14180617133333334,"dir-speech":0.6191527161666667,"indirect":0.16314825533333335,"writing-device":0.07589285716666667}},{"id":"또봉이통닭-과기대점","permalink":"","username":"asdfg","text":"정말 맛있습니다.\n무슨말이 필요하겠습니까?\n매력에 빠진걸~~ㅎㅎ우리아이도 정말 좋아해요.","date":"Mon Dec 10 23:59:44 +0000 2018","retweets":"30","favorites":"20","mentions":[],"hashtags":[],"geo":"","raw":"정말 맛있습니다.\n무슨말이 필요하겠습니까?\n매력에 빠진걸~~ㅎㅎ우리아이도 정말 좋아해요.","polarity":{"com":0.022542981250000003,"pos":0.5273595355,"neg":0.34861898862500007,"neut":0.012269585250000001,"none":0.089208909375},"intensity":{"high":0.19494564575,"low":0.063417227875,"meium":0.65215939975,"none":0.089477726625},"expressive":{"dir-action":0.0008064516248991936,"dir-explicit":0.39707698220036536,"dir-speech":0.21711641847286042,"indirect":0.2966840954629145,"writing-device":0.0883160522389605}},{"id":"또봉이통닭-과기대점","permalink":"","username":"asdfg","text":"역시 통닭 맛있네용 ㅎㅎ 저는 혼자 먹느라 다 못먹었지만..","date":"Mon Dec 10 23:59:44 +0000 2018","retweets":"30","favorites":"20","mentions":[],"hashtags":[],"geo":"","raw":"역시 통닭 맛있네용 ㅎㅎ 저는 혼자 먹느라 다 못먹었지만..","polarity":{"com":0,"pos":0.28571428554761913,"neg":0.5555555557592593,"neut":0.05555555550925927,"none":0.10317460318386246},"intensity":{"high":0.06613756616666666,"low":0.2037037035,"meium":0.6269841271666666,"none":0.10317460316666667},"expressive":{"dir-action":0,"dir-explicit":0.16402116400000002,"dir-speech":0.6772486773333335,"indirect":0.05555555550000001,"writing-device":0.10317460316666668}},{"id":"또봉이통닭-과기대점","permalink":"","username":"asdfg","text":"맛있음 매번 친절 하세요","date":"Mon Dec 10 23:59:44 +0000 2018","retweets":"30","favorites":"20","mentions":[],"hashtags":[],"geo":"","raw":"맛있음 매번 친절 하세요","polarity":{"com":0.0057471265,"pos":0.66091954,"neg":0.2011494255,"neut":0.0344827585,"none":0.0977011495},"intensity":{"high":0.05747126447126437,"low":0.0632183909683908,"meium":0.775862068612069,"none":0.10344827594827587},"expressive":{"dir-action":0.005747126502873563,"dir-explicit":0.08045977004022989,"dir-speech":0.7068965518534482,"indirect":0.09195402304597701,"writing-device":0.11494252855747127}},{"id":"또봉이통닭-과기대점","permalink":"","username":"asdfg","text":"맛나게 잘 먹었습니다. 가격대비 굳","date":"Mon Dec 10 23:59:44 +0000 2018","retweets":"30","favorites":"20","mentions":[],"hashtags":[],"geo":"","raw":"맛나게 잘 먹었습니다. 가격대비 굳","polarity":{"com":0,"pos":0.7142857147142857,"neg":0.21428571421428572,"neut":0.07142857107142857,"none":0},"intensity":{"high":0,"low":0.214285714,"meium":0.785714286,"none":0},"expressive":{"dir-action":0,"dir-explicit":0.214285714,"dir-speech":0.142857143,"indirect":0.642857143,"writing-device":0}},{"id":"또봉이통닭-과기대점","permalink":"","username":"asdfg","text":"맛있어요~~ 이런 치킨 넘 좋음","date":"Mon Dec 10 23:59:44 +0000 2018","retweets":"30","favorites":"20","mentions":[],"hashtags":[],"geo":"","raw":"맛있어요~~ 이런 치킨 넘 좋음","polarity":{"com":0,"pos":0.3066666666666667,"neg":0.4577777776666667,"neut":0,"none":0.23555555566666667},"intensity":{"high":0.06666666666666667,"low":0.013333333333333332,"meium":0.6844444443333333,"none":0.23555555566666664},"expressive":{"dir-action":0,"dir-explicit":0.2,"dir-speech":0.4,"indirect":0.16444444433333338,"writing-device":0.23555555566666672}},{"id":"또봉이통닭-과기대점","permalink":"","username":"asdfg","text":"맛있긴한데 양 적네요 통닭에 양념 묻힌 반반이네요","date":"Mon Dec 10 23:59:44 +0000 2018","retweets":"30","favorites":"20","mentions":[],"hashtags":[],"geo":"","raw":"맛있긴한데 양 적네요 통닭에 양념 묻힌 반반이네요","polarity":{"com":0.005718954250000001,"pos":0.20751633975000003,"neg":0.7083333335,"neut":0.022875817000000003,"none":0.055555555500000006},"intensity":{"high":0.08741830052185456,"low":0.02042483650510621,"meium":0.8366013074591503,"none":0.05555555551388888},"expressive":{"dir-action":0,"dir-explicit":0.21568627450000002,"dir-speech":0.30065359475000003,"indirect":0.4232026145,"writing-device":0.06045751625000001}},{"id":"또봉이통닭-과기대점","permalink":"","username":"asdfg","text":"얇은 튀김옷 넘 좋음.  혼술엔 정말 쵝오!","date":"Mon Dec 10 23:59:44 +0000 2018","retweets":"30","favorites":"20","mentions":[],"hashtags":[],"geo":"","raw":"얇은 튀김옷 넘 좋음.  혼술엔 정말 쵝오!","polarity":{"com":0,"pos":0.4124867724708289,"neg":0.5159788361719929,"neut":0.031746031677248675,"none":0.039788359679929455},"intensity":{"high":0.07724867733333333,"low":0.09269841266666666,"meium":0.7902645503333333,"none":0.03978835966666667},"expressive":{"dir-action":0,"dir-explicit":0.25291005299999997,"dir-speech":0.28888888900000004,"indirect":0.41312169299999996,"writing-device":0.045079365}},{"id":"또봉이통닭-과기대점","permalink":"","username":"asdfg","text":"너무늦은시간이었고 배달가능지역인지 확실하지않아서 배달취소되도 괜찮다고 적었는데 친절배달해주셔서 너무 맛있게 잘먹었습니다!","date":"Mon Dec 10 23:59:44 +0000 2018","retweets":"30","favorites":"20","mentions":[],"hashtags":[],"geo":"","raw":"너무늦은시간이었고 배달가능지역인지 확실하지않아서 배달취소되도 괜찮다고 적었는데 친절배달해주셔서 너무 맛있게 잘먹었습니다!","polarity":{"com":0.03174603178130511,"pos":0.5277777778364198,"neg":0.32142857136904757,"neut":0.11904761901322751,"none":0},"intensity":{"high":0.05952380955555555,"low":0.16666666666666669,"meium":0.7738095237777778,"none":0},"expressive":{"dir-action":0,"dir-explicit":0.17857142844444446,"dir-speech":0.634920635,"indirect":0.18650793655555553,"writing-device":0}},{"id":"또봉이통닭-과기대점","permalink":"","username":"asdfg","text":"보통이엿고 기름이 너무 많앗습니다","date":"Mon Dec 10 23:59:44 +0000 2018","retweets":"30","favorites":"20","mentions":[],"hashtags":[],"geo":"","raw":"보통이엿고 기름이 너무 많앗습니다","polarity":{"com":0.015418502,"pos":0.215859031,"neg":0.720264317,"neut":0.0440528635,"none":0.0044052865},"intensity":{"high":0.05286343602643172,"low":0.06607929503303965,"meium":0.8744493394372247,"none":0.006607929503303965},"expressive":{"dir-action":0.002202643001101321,"dir-explicit":0.2070484581035242,"dir-speech":0.6806167403403084,"indirect":0.1035242290517621,"writing-device":0.006607929503303964}},{"id":"또봉이통닭-과기대점","permalink":"","username":"asdfg","text":"리뷰보고 주문했는데 정말 살이 퍽퍽하지 않고 괜찮았습니다. 한마리 양은 약간 부족한 느낌이네요^^; 그래도 맛있게 먹었습니다^^ 국물떢볶이는 은근히 매운게 애들도 맛잇다고 잘 먹네요~ 담에 또 주문할 의향 있습니다^^","date":"Mon Dec 10 23:59:44 +0000 2018","retweets":"30","favorites":"20","mentions":[],"hashtags":[],"geo":"","raw":"리뷰보고 주문했는데 정말 살이 퍽퍽하지 않고 괜찮았습니다. 한마리 양은 약간 부족한 느낌이네요^^; 그래도 맛있게 먹었습니다^^ 국물떢볶이는 은근히 매운게 애들도 맛잇다고 잘 먹네요~ 담에 또 주문할 의향 있습니다^^","polarity":{"com":0.0037817877333333333,"pos":0.39838252806666663,"neg":0.4636014748666666,"neut":0.03619745973333334,"none":0.09803674960000001},"intensity":{"high":0.07472303113333335,"low":0.11580685786666668,"meium":0.7105237086666667,"none":0.09894640233333335},"expressive":{"dir-action":0.0011963910667464259,"dir-explicit":0.2625533728841703,"dir-speech":0.4892279668326152,"indirect":0.13610465854240697,"writing-device":0.11091761067406118}},{"id":"또봉이통닭-과기대점","permalink":"","username":"asdfg","text":"옛날맛 치킨이 그립다면 또봉이 드세요. 얇은 튀김피 치킨이 그리울 때 드시믄 딱!!! \n국물떡볶이는 양이 정말 많아요. \n은근 맵고 중독성 있는 맛이네요!!","date":"Mon Dec 10 23:59:44 +0000 2018","retweets":"30","favorites":"20","mentions":[],"hashtags":[],"geo":"","raw":"옛날맛 치킨이 그립다면 또봉이 드세요. 얇은 튀김피 치킨이 그리울 때 드시믄 딱!!! \n국물떡볶이는 양이 정말 많아요. \n은근 맵고 중독성 있는 맛이네요!!","polarity":{"com":0.009221780271888927,"pos":0.4734903385024099,"neg":0.343858589877831,"neut":0.06072698499447936,"none":0.11270230635339068},"intensity":{"high":0.13495259967316886,"low":0.08735179184200503,"meium":0.6637918604537615,"none":0.11390374803106466},"expressive":{"dir-action":0.0012014416366913023,"dir-explicit":0.26564770943608573,"dir-speech":0.5281473050531311,"indirect":0.07666978147545539,"writing-device":0.1283337623986365}},{"id":"또봉이통닭-과기대점","permalink":"","username":"asdfg","text":"맛있게 잘 먹었습니다","date":"Mon Dec 10 23:59:44 +0000 2018","retweets":"30","favorites":"20","mentions":[],"hashtags":[],"geo":"","raw":"맛있게 잘 먹었습니다","polarity":{"com":0,"pos":0.35714285717857136,"neg":0.6071428573035714,"neut":0.03571428551785714,"none":0},"intensity":{"high":0,"low":0.107142857,"meium":0.8928571430000001,"none":0},"expressive":{"dir-action":0,"dir-explicit":0.107142857,"dir-speech":0.5714285715,"indirect":0.3214285715,"writing-device":0}},{"id":"또봉이통닭-과기대점","permalink":"","username":"asdfg","text":"첨 먹어봤는데 맛있어요👍","date":"Mon Dec 10 23:59:44 +0000 2018","retweets":"30","favorites":"20","mentions":[],"hashtags":[],"geo":"","raw":"첨 먹어봤는데 맛있어요👍","polarity":{"com":0,"pos":0.1666666665,"neg":0.8333333334999999,"neut":0,"none":0},"intensity":{"high":0.0555555555,"low":0.111111111,"meium":0.8333333334999999,"none":0},"expressive":{"dir-action":0,"dir-explicit":0.111111111,"dir-speech":0.888888889,"indirect":0,"writing-device":0}},{"id":"또봉이통닭-과기대점","permalink":"","username":"asdfg","text":"일단 결론부터 존맛 !!! 사진이 그냥 형광등에 찍어서 맛있음을 못 담아냈어요ㅠㅠ 고소한 옛날통닭인데 엄청 큰 4조각이와요!! 막 작고 마른 옛날 통닭이 아니라 큼직큼직하고 살도 엄청 많아서 진짜 맛있게 먹었어요! 제가 치킨 살도 엄청 깨끗하고 안에 약간 간이 되도록 양념이 살짝 있어서 퍽퍽하거나 싱겁지도 않아요 그냥 완전 존맛~~~!!!! 첨 먹어봤었는데 담에 또 시켜 먹을래용","date":"Mon Dec 10 23:59:44 +0000 2018","retweets":"30","favorites":"20","mentions":[],"hashtags":[],"geo":"","raw":"일단 결론부터 존맛 !!! 사진이 그냥 형광등에 찍어서 맛있음을 못 담아냈어요ㅠㅠ 고소한 옛날통닭인데 엄청 큰 4조각이와요!! 막 작고 마른 옛날 통닭이 아니라 큼직큼직하고 살도 엄청 많아서 진짜 맛있게 먹었어요! 제가 치킨 살도 엄청 깨끗하고 안에 약간 간이 되도록 양념이 살짝 있어서 퍽퍽하거나 싱겁지도 않아요 그냥 완전 존맛~~~!!!! 첨 먹어봤었는데 담에 또 시켜 먹을래용","polarity":{"com":0.04485297976218137,"pos":0.3674648192632536,"neg":0.4300485789903284,"neut":0.04102008696256466,"none":0.11661353502167197},"intensity":{"high":0.08126101043333332,"low":0.12673097490000002,"meium":0.6731134004666667,"none":0.11889461420000001},"expressive":{"dir-action":0.0017755235335108858,"dir-explicit":0.21154492685448784,"dir-speech":0.4624784401129145,"indirect":0.1983595720865026,"writing-device":0.12584153741258416}},{"id":"또봉이통닭-과기대점","permalink":"","username":"asdfg","text":"맛있구 바쁜와중에도 친절허시더라구요 ㅎㅎㅎ","date":"Mon Dec 10 23:59:44 +0000 2018","retweets":"30","favorites":"20","mentions":[],"hashtags":[],"geo":"","raw":"맛있구 바쁜와중에도 친절허시더라구요 ㅎㅎㅎ","polarity":{"com":0.0035714285,"pos":0.107142857,"neg":0.6642857145000001,"neut":0.007142857,"none":0.217857143},"intensity":{"high":0.0714285715,"low":0.057142857,"meium":0.6535714285,"none":0.217857143},"expressive":{"dir-action":0,"dir-explicit":0.09285714295357143,"dir-speech":0.649999999675,"indirect":0.042857142978571426,"writing-device":0.21428571439285712}},{"id":"또봉이통닭-과기대점","permalink":"","username":"asdfg","text":"친절하고 배달 빨라요~","date":"Mon Dec 10 23:59:44 +0000 2018","retweets":"30","favorites":"20","mentions":[],"hashtags":[],"geo":"","raw":"친절하고 배달 빨라요~","polarity":{"com":0.0096774195,"pos":0.758064516,"neg":0.176344086,"neut":0.041935484,"none":0.0139784945},"intensity":{"high":0.069892473,"low":0.058064516,"meium":0.8569892475,"none":0.0150537635},"expressive":{"dir-action":0.0032258065,"dir-explicit":0.1569892475,"dir-speech":0.647311828,"indirect":0.1784946235,"writing-device":0.0139784945}},{"id":"또봉이통닭-과기대점","permalink":"","username":"asdfg","text":".","date":"Mon Dec 10 23:59:44 +0000 2018","retweets":"30","favorites":"20","mentions":[],"hashtags":[],"geo":"","raw":"............","polarity":{"com":null,"pos":null,"neg":null,"neut":null,"none":null},"intensity":{"high":null,"low":null,"meium":null,"none":null},"expressive":{"dir-action":null,"dir-explicit":null,"dir-speech":null,"indirect":null,"writing-device":null}},{"id":"또봉이통닭-과기대점","permalink":"","username":"asdfg","text":"좋아오 ㅋ","date":"Mon Dec 10 23:59:44 +0000 2018","retweets":"30","favorites":"20","mentions":[],"hashtags":[],"geo":"","raw":"좋아오 ㅋㅋㅋㅋㅋㅋㅋㅋㅋ","polarity":{"com":0,"pos":0.92,"neg":0.04,"neut":0,"none":0.04},"intensity":{"high":0.2,"low":0.04,"meium":0.72,"none":0.04},"expressive":{"dir-action":0,"dir-explicit":0.6,"dir-speech":0.2,"indirect":0.16,"writing-device":0.04}},{"id":"또봉이통닭-과기대점","permalink":"","username":"asdfg","text":"또봉이오랜만에 먹는데 괜찮네요","date":"Mon Dec 10 23:59:44 +0000 2018","retweets":"30","favorites":"20","mentions":[],"hashtags":[],"geo":"","raw":"또봉이오랜만에 먹는데 괜찮네요","polarity":{"com":0.010279001329907,"pos":0.3026361792324546,"neg":0.5119222431626925,"neut":0.02936857565687714,"none":0.14579400061806866},"intensity":{"high":0.07227932769075979,"low":0.11812693737270898,"meium":0.6623313055541105,"none":0.14726242938242082},"expressive":{"dir-action":0.0014684286671561428,"dir-explicit":0.25972542708657514,"dir-speech":0.4749085148249696,"indirect":0.06901615268967205,"writing-device":0.19488147673162717}},{"id":"또봉이통닭-과기대점","permalink":"","username":"asdfg","text":"친절히 배송해주셔서 감사합니다\n어느 지점이든 항상 맛있는 곳이에요","date":"Mon Dec 10 23:59:44 +0000 2018","retweets":"30","favorites":"20","mentions":[],"hashtags":[],"geo":"","raw":"친절히 배송해주셔서 감사합니다\n어느 지점이든 항상 맛있는 곳이에요","polarity":{"com":0.037204301192559144,"pos":0.603225806279355,"neg":0.30387096773922584,"neut":0.0501075269899785,"none":0.005591397798881722},"intensity":{"high":0.2612903226,"low":0.22322580639999998,"meium":0.5094623656,"none":0.0060215054},"expressive":{"dir-action":0.0012903226,"dir-explicit":0.262795699,"dir-speech":0.6589247312,"indirect":0.0713978494,"writing-device":0.0055913978}},{"id":"또봉이통닭-과기대점","permalink":"","username":"asdfg","text":"옛날통닭 옛날양념치킨맛임..ㅋ","date":"Mon Dec 10 23:59:44 +0000 2018","retweets":"30","favorites":"20","mentions":[],"hashtags":[],"geo":"","raw":"옛날통닭 옛날양념치킨맛임..ㅋ","polarity":{"com":0,"pos":1,"neg":0,"neut":0,"none":0},"intensity":{"high":0,"low":0,"meium":1,"none":0},"expressive":{"dir-action":0,"dir-explicit":0,"dir-speech":1,"indirect":0,"writing-device":0}},{"id":"또봉이통닭-과기대점","permalink":"","username":"asdfg","text":"가성비가 좋습니다..","date":"Mon Dec 10 23:59:44 +0000 2018","retweets":"30","favorites":"20","mentions":[],"hashtags":[],"geo":"","raw":"가성비가 좋습니다..","polarity":{"com":0.0089285715,"pos":0.29626623399999996,"neg":0.5048701295,"neut":0.1310876625,"none":0.0588474025},"intensity":{"high":0.12581168850000002,"low":0.1444805195,"meium":0.6663961035,"none":0.06331168849999999},"expressive":{"dir-action":0,"dir-explicit":0.1875,"dir-speech":0.565340909,"indirect":0.1883116885,"writing-device":0.0588474025}},{"id":"또봉이통닭-과기대점","permalink":"","username":"asdfg","text":"옛날통닭 생각나서 좋아요..","date":"Mon Dec 10 23:59:44 +0000 2018","retweets":"30","favorites":"20","mentions":[],"hashtags":[],"geo":"","raw":"옛날통닭 생각나서 좋아요..","polarity":{"com":0,"pos":0.92,"neg":0.04,"neut":0,"none":0.04},"intensity":{"high":0.2,"low":0.04,"meium":0.72,"none":0.04},"expressive":{"dir-action":0,"dir-explicit":0.6,"dir-speech":0.2,"indirect":0.16,"writing-device":0.04}},{"id":"또봉이통닭-과기대점","permalink":"","username":"asdfg","text":"배송빠르고 맛도 좋아연!","date":"Mon Dec 10 23:59:44 +0000 2018","retweets":"30","favorites":"20","mentions":[],"hashtags":[],"geo":"","raw":"배송빠르고 맛도 좋아연!","polarity":{"com":0,"pos":0.9733333333333333,"neg":0.013333333333333334,"neut":0,"none":0.013333333333333334},"intensity":{"high":0.06666666666666667,"low":0.12444444433333333,"meium":0.7955555556666667,"none":0.013333333333333334},"expressive":{"dir-action":0,"dir-explicit":0.19999999999999998,"dir-speech":0.39999999999999997,"indirect":0.38666666666666666,"writing-device":0.013333333333333334}},{"id":"또봉이통닭-과기대점","permalink":"","username":"asdfg","text":"친절은하네요ㅎㅎㅎ추후에생각나면다시이용할게요","date":"Mon Dec 10 23:59:44 +0000 2018","retweets":"30","favorites":"20","mentions":[],"hashtags":[],"geo":"","raw":"친절은하네요ㅎㅎㅎ추후에생각나면다시이용할게요","polarity":{"com":0.006451613,"pos":0.36251920100000007,"neg":0.5461341526666667,"neut":0.027956989333333338,"none":0.056938044000000014},"intensity":{"high":0.09421402966666666,"low":0.03870967733333333,"meium":0.809421403,"none":0.05765488999999999},"expressive":{"dir-action":0.002150537666666667,"dir-explicit":0.15227854600000001,"dir-speech":0.33630312333333334,"indirect":0.452329749,"writing-device":0.056938044}},{"id":"또봉이통닭-과기대점","permalink":"","username":"asdfg","text":"맛나게 먹었습니다 ㅎㅎ","date":"Mon Dec 10 23:59:44 +0000 2018","retweets":"30","favorites":"20","mentions":[],"hashtags":[],"geo":"","raw":"맛나게 먹었습니다 ㅎㅎ","polarity":{"com":0,"pos":0.333333333,"neg":0.666666667,"neut":0,"none":0},"intensity":{"high":0.111111111,"low":0.222222222,"meium":0.666666667,"none":0},"expressive":{"dir-action":0,"dir-explicit":0.222222222,"dir-speech":0.777777778,"indirect":0,"writing-device":0}},{"id":"또봉이통닭-과기대점","permalink":"","username":"asdfg","text":"맛있었어요..\n근데순살이나같이시킨양념소스는너무달았어요","date":"Mon Dec 10 23:59:44 +0000 2018","retweets":"30","favorites":"20","mentions":[],"hashtags":[],"geo":"","raw":"맛있었어요..\n근데순살이나같이시킨양념소스는너무달았어요","polarity":{"com":0,"pos":0.26686507931671627,"neg":0.626984127156746,"neut":0.08630952377157738,"none":0.019841269754960318},"intensity":{"high":0.132936508,"low":0.1220238095,"meium":0.72519841275,"none":0.01984126975},"expressive":{"dir-action":0,"dir-explicit":0.22718253975,"dir-speech":0.47916666674999997,"indirect":0.26984126975,"writing-device":0.02380952375}},{"id":"또봉이통닭-과기대점","permalink":"","username":"asdfg","text":"후라이드는 괜찮았는데요...일부는 자르다 말고 주셨네요 ㅋㅋ\n양념은 닭자체에 기름이 너무 많고 좀 냄새가...","date":"Mon Dec 10 23:59:44 +0000 2018","retweets":"30","favorites":"20","mentions":[],"hashtags":[],"geo":"","raw":"후라이드는 괜찮았는데요...일부는 자르다 말고 주셨네요 ㅋㅋ\n양념은 닭자체에 기름이 너무 많고 좀 냄새가...","polarity":{"com":0.005801049334300175,"pos":0.34735113439122517,"neg":0.5885907094314318,"neut":0.034915590505819265,"none":0.023341516337223582},"intensity":{"high":0.13235920552205988,"low":0.08013855251335641,"meium":0.7626726302937787,"none":0.024829611670804937},"expressive":{"dir-action":0,"dir-explicit":0.2841527666666667,"dir-speech":0.5230814501666667,"indirect":0.16677876416666665,"writing-device":0.025987019}},{"id":"또봉이통닭-과기대점","permalink":"","username":"asdfg","text":"가성비괜찬은편이라생각이듬","date":"Mon Dec 10 23:59:44 +0000 2018","retweets":"30","favorites":"20","mentions":[],"hashtags":[],"geo":"","raw":"가성비괜찬은편이라생각이듬","polarity":{"com":0,"pos":0.3522727273333333,"neg":0.2929292926666667,"neut":0.3106060606666667,"none":0.04419191933333333},"intensity":{"high":0.058080808000000005,"low":0.3106060606666667,"meium":0.587121212,"none":0.04419191933333333},"expressive":{"dir-action":0,"dir-explicit":0.4583333333333333,"dir-speech":0.4255050503333333,"indirect":0.071969697,"writing-device":0.04419191933333333}},{"id":"또봉이통닭-과기대점","permalink":"","username":"asdfg","text":"갠적으로자주는좀그런..","date":"Mon Dec 10 23:59:44 +0000 2018","retweets":"30","favorites":"20","mentions":[],"hashtags":[],"geo":"","raw":"갠적으로자주는좀그런..","polarity":{"com":0,"pos":0.17248677239082894,"neg":0.5026455028342152,"neut":0.031746031677248675,"none":0.29312169309770725},"intensity":{"high":0.010582010666666667,"low":0.07936507933333332,"meium":0.616931217,"none":0.293121693},"expressive":{"dir-action":0,"dir-explicit":0.052910053000000005,"dir-speech":0.6222222223333332,"indirect":0.026455026333333336,"writing-device":0.29841269833333334}},{"id":"또봉이통닭-과기대점","permalink":"","username":"asdfg","text":"배달이 약간늦은거빼고는 다만족했습니다!","date":"Mon Dec 10 23:59:44 +0000 2018","retweets":"30","favorites":"20","mentions":[],"hashtags":[],"geo":"","raw":"배달이 약간늦은거빼고는 다만족했습니다!","polarity":{"com":0,"pos":0.25,"neg":0.5,"neut":0,"none":0.25},"intensity":{"high":0,"low":0,"meium":0.75,"none":0.25},"expressive":{"dir-action":0,"dir-explicit":0,"dir-speech":0.375,"indirect":0.25,"writing-device":0.375}},{"id":"또봉이통닭-과기대점","permalink":"","username":"asdfg","text":"ㅇㄴ통닭보다훨맛잇네요ㅎㅎ물티슈는소진되엇나깜박하셧나안챙기셧네요","date":"Mon Dec 10 23:59:44 +0000 2018","retweets":"30","favorites":"20","mentions":[],"hashtags":[],"geo":"","raw":"ㅇㄴ통닭보다훨맛잇네요ㅎㅎ물티슈는소진되엇나깜박하셧나안챙기셧네요","polarity":{"com":0.021122555577463592,"pos":0.44596670427027624,"neg":0.4239343649782669,"neut":0.04780830815651666,"none":0.06116806701747659},"intensity":{"high":0.11736088898323416,"low":0.08714093784469415,"meium":0.7326880700381875,"none":0.06281010313388427},"expressive":{"dir-action":0.0016420361430917194,"dir-explicit":0.2095557083156508,"dir-speech":0.48336345521190915,"indirect":0.2281484798897355,"writing-device":0.0772903204396129}},{"id":"또봉이통닭-과기대점","permalink":"","username":"asdfg","text":"ㅅ시ㅣㅣㅣㅣㅣㅣㅣㅣ","date":"Mon Dec 10 23:59:44 +0000 2018","retweets":"30","favorites":"20","mentions":[],"hashtags":[],"geo":"","raw":"ㅅ시ㅣㅣㅣㅣㅣㅣㅣㅣ","polarity":{"com":null,"pos":null,"neg":null,"neut":null,"none":null},"intensity":{"high":null,"low":null,"meium":null,"none":null},"expressive":{"dir-action":null,"dir-explicit":null,"dir-speech":null,"indirect":null,"writing-device":null}},{"id":"또봉이통닭-과기대점","permalink":"","username":"asdfg","text":"다른 브랜드보다 양도 많고 맛있어요","date":"Mon Dec 10 23:59:44 +0000 2018","retweets":"30","favorites":"20","mentions":[],"hashtags":[],"geo":"","raw":"다른 브랜드보다 양도 많고 맛있어요","polarity":{"com":0,"pos":0.195652174,"neg":0.7826086955,"neut":0.0217391305,"none":0},"intensity":{"high":0.1304347825652174,"low":0.10869565205434782,"meium":0.7608695653804347,"none":0},"expressive":{"dir-action":0,"dir-explicit":0.2608695651304348,"dir-speech":0.6086956523043479,"indirect":0.1304347825652174,"writing-device":0}},{"id":"또봉이통닭-과기대점","permalink":"","username":"asdfg","text":"통닭은 맛있게 잘먹었습니다 똥집튀김은 너무 기름에 눅눅해져서 ㅠㅠ 걍 통닭두마리 시킬걸그랬네요. 배달은 개빠름! 다음에는 바삭하게 부닥드려요","date":"Mon Dec 10 23:59:44 +0000 2018","retweets":"30","favorites":"20","mentions":[],"hashtags":[],"geo":"","raw":"통닭은 맛있게 잘먹었습니다 똥집튀김은 너무 기름에 눅눅해져서 ㅠㅠ 걍 통닭두마리 시킬걸그랬네요. 배달은 개빠름! 다음에는 바삭하게 부닥드려요","polarity":{"com":0.01363016500272603,"pos":0.4823025275964604,"neg":0.4015892414803178,"neut":0.06367621261273522,"none":0.03880185330776036},"intensity":{"high":0.039553293607910656,"low":0.11530344772306067,"meium":0.8051919800610383,"none":0.03995127860799025},"expressive":{"dir-action":0.0011494253001149426,"dir-explicit":0.13490355681349037,"dir-speech":0.5432870072543287,"indirect":0.2768225799276822,"writing-device":0.04383743070438374}},{"id":"또봉이통닭-과기대점","permalink":"","username":"asdfg","text":"맛나여","date":"Mon Dec 10 23:59:44 +0000 2018","retweets":"30","favorites":"20","mentions":[],"hashtags":[],"geo":"","raw":"맛나여","polarity":{"com":0,"pos":1,"neg":0,"neut":0,"none":0},"intensity":{"high":0,"low":0,"meium":1,"none":0},"expressive":{"dir-action":0,"dir-explicit":0,"dir-speech":1,"indirect":0,"writing-device":0}},{"id":"또봉이통닭-과기대점","permalink":"","username":"asdfg","text":"맛있어용","date":"Mon Dec 10 23:59:44 +0000 2018","retweets":"30","favorites":"20","mentions":[],"hashtags":[],"geo":"","raw":"맛있어용","polarity":{"com":0,"pos":0,"neg":1,"neut":0,"none":0},"intensity":{"high":0,"low":0,"meium":1,"none":0},"expressive":{"dir-action":0,"dir-explicit":0,"dir-speech":1,"indirect":0,"writing-device":0}},{"id":"또봉이통닭-과기대점","permalink":"","username":"asdfg","text":"옛날에 먹던 통닭맛이 나네요","date":"Mon Dec 10 23:59:44 +0000 2018","retweets":"30","favorites":"20","mentions":[],"hashtags":[],"geo":"","raw":"옛날에 먹던 통닭맛이 나네요","polarity":{"com":0,"pos":0.6825396823333333,"neg":0.31746031766666666,"neut":0,"none":0},"intensity":{"high":0.06084656066666666,"low":0.074074074,"meium":0.8650793653333334,"none":0},"expressive":{"dir-action":0,"dir-explicit":0.14550264533333332,"dir-speech":0.6402116403333333,"indirect":0.21428571433333332,"writing-device":0}}]