[{"id":"둘둘치킨-중계브라운스톤점","permalink":"","username":"asdfg","text":"존맛탱구리구리ㅜㅜㅜㅜ","date":"Mon Dec 10 23:59:44 +0000 2018","retweets":"30","favorites":"20","mentions":[],"hashtags":[],"geo":"","raw":"존맛탱구리구리ㅜㅜㅜㅜ","polarity":{"com":0,"pos":1,"neg":0,"neut":0,"none":0},"intensity":{"high":0,"low":0,"meium":1,"none":0},"expressive":{"dir-action":0,"dir-explicit":0,"dir-speech":1,"indirect":0,"writing-device":0}},{"id":"둘둘치킨-중계브라운스톤점","permalink":"","username":"asdfg","text":"둘둘치킨 언제나 맛있어요","date":"Mon Dec 10 23:59:44 +0000 2018","retweets":"30","favorites":"20","mentions":[],"hashtags":[],"geo":"","raw":"둘둘치킨 언제나 맛있어요","polarity":{"com":0,"pos":0,"neg":1,"neut":0,"none":0},"intensity":{"high":0,"low":0,"meium":1,"none":0},"expressive":{"dir-action":0,"dir-explicit":0,"dir-speech":1,"indirect":0,"writing-device":0}},{"id":"둘둘치킨-중계브라운스톤점","permalink":"","username":"asdfg","text":"너무맛잇어요!!!!!!","date":"Mon Dec 10 23:59:44 +0000 2018","retweets":"30","favorites":"20","mentions":[],"hashtags":[],"geo":"","raw":"너무맛잇어요!!!!!!","polarity":{"com":0.142857143,"pos":0.142857143,"neg":0.714285714,"neut":0,"none":0},"intensity":{"high":0.142857143,"low":0.142857143,"meium":0.714285714,"none":0},"expressive":{"dir-action":0,"dir-explicit":0.5714285710000001,"dir-speech":0.28571428600000004,"indirect":0.14285714300000002,"writing-device":0}},{"id":"둘둘치킨-중계브라운스톤점","permalink":"","username":"asdfg","text":"맛있게 잘먹었어요.배달도 빨리왔어요","date":"Mon Dec 10 23:59:44 +0000 2018","retweets":"30","favorites":"20","mentions":[],"hashtags":[],"geo":"","raw":"맛있게 잘먹었어요.배달도 빨리왔어요","polarity":{"com":0,"pos":0.5535714286383928,"neg":0.42857142860714287,"neut":0.017857142754464286,"none":0},"intensity":{"high":0,"low":0.0535714285,"meium":0.9464285715,"none":0},"expressive":{"dir-action":0,"dir-explicit":0.1785714285,"dir-speech":0.53571428575,"indirect":0.28571428575,"writing-device":0}},{"id":"둘둘치킨-중계브라운스톤점","permalink":"","username":"asdfg","text":"치킨뱅이 최곱니다.~넘 맛있어서 정신없이 먹었네요^^","date":"Mon Dec 10 23:59:44 +0000 2018","retweets":"30","favorites":"20","mentions":[],"hashtags":[],"geo":"","raw":"치킨뱅이 최곱니다.~넘 맛있어서 정신없이 먹었네요^^","polarity":{"com":0,"pos":0.333333333,"neg":0.666666667,"neut":0,"none":0},"intensity":{"high":0.111111111,"low":0.222222222,"meium":0.666666667,"none":0},"expressive":{"dir-action":0,"dir-explicit":0.222222222,"dir-speech":0.777777778,"indirect":0,"writing-device":0}},{"id":"둘둘치킨-중계브라운스톤점","permalink":"","username":"asdfg","text":"매장에서 먹는것보다 양이 적은 느낌이었어요","date":"Mon Dec 10 23:59:44 +0000 2018","retweets":"30","favorites":"20","mentions":[],"hashtags":[],"geo":"","raw":"매장에서 먹는것보다 양이 적은 느낌이었어요","polarity":{"com":0.0059523810000000005,"pos":0.45396825375000005,"neg":0.41904761925,"neut":0.015873015750000004,"none":0.10515873025000001},"intensity":{"high":0.099206349,"low":0.17539682525,"meium":0.6202380955,"none":0.10515873025},"expressive":{"dir-action":0,"dir-explicit":0.26230158724999997,"dir-speech":0.47777777775,"indirect":0.148809524,"writing-device":0.111111111}},{"id":"둘둘치킨-중계브라운스톤점","permalink":"","username":"asdfg","text":"마늘치킨은 순살은 맛이없네요 ㅠㅠㅠㅠㅠ","date":"Mon Dec 10 23:59:44 +0000 2018","retweets":"30","favorites":"20","mentions":[],"hashtags":[],"geo":"","raw":"마늘치킨은 순살은 맛이없네요 ㅠㅠㅠㅠㅠ","polarity":{"com":0.00909165725,"pos":0.54273170225,"neg":0.37122209424999997,"neut":0.0344993875,"none":0.04245515875},"intensity":{"high":0.10902674925000001,"low":0.0998368165,"meium":0.7462540910000001,"none":0.044882343250000005},"expressive":{"dir-action":0,"dir-explicit":0.2301482823075371,"dir-speech":0.5265619001316405,"indirect":0.1935531052983883,"writing-device":0.049736712262434174}},{"id":"둘둘치킨-중계브라운스톤점","permalink":"","username":"asdfg","text":"맛나는데 너무까메요..식용유 오래쓰신듯\n그래도 잘먹었습니다","date":"Mon Dec 10 23:59:44 +0000 2018","retweets":"30","favorites":"20","mentions":[],"hashtags":[],"geo":"","raw":"맛나는데 너무까메요..식용유 오래쓰신듯\n그래도 잘먹었습니다","polarity":{"com":0.03571428575892857,"pos":0.49837662337459415,"neg":0.38365800859591453,"neut":0.040584415510146105,"none":0.041666666760416665},"intensity":{"high":0.05844155848538961,"low":0.15367965371158007,"meium":0.746212121063447,"none":0.04166666673958333},"expressive":{"dir-action":0.02272727275,"dir-explicit":0.26082251075,"dir-speech":0.32683982675,"indirect":0.347943723,"writing-device":0.04166666675}},{"id":"둘둘치킨-중계브라운스톤점","permalink":"","username":"asdfg","text":"맛있어용ㅎㅅㅎㅎㅎㅎㅎ","date":"Mon Dec 10 23:59:44 +0000 2018","retweets":"30","favorites":"20","mentions":[],"hashtags":[],"geo":"","raw":"맛있어용ㅎㅅㅎㅎㅎㅎㅎ","polarity":{"com":0,"pos":0,"neg":1,"neut":0,"none":0},"intensity":{"high":0,"low":0,"meium":1,"none":0},"expressive":{"dir-action":0,"dir-explicit":0,"dir-speech":1,"indirect":0,"writing-device":0}},{"id":"둘둘치킨-중계브라운스톤점","permalink":"","username":"asdfg","text":"후라이드는 항상 둘둘이에요","date":"Mon Dec 10 23:59:44 +0000 2018","retweets":"30","favorites":"20","mentions":[],"hashtags":[],"geo":"","raw":"후라이드는 항상 둘둘이에요","polarity":{"com":0.011437908505718955,"pos":0.3515406161757703,"neg":0.39285714319642856,"neut":0.09337068154668535,"none":0.15079365057539681},"intensity":{"high":0.07959850603979926,"low":0.15989729207994866,"meium":0.6097105513048553,"none":0.15079365057539681},"expressive":{"dir-action":0,"dir-explicit":0.2885154065,"dir-speech":0.434640523,"indirect":0.10830999050000001,"writing-device":0.16853408}},{"id":"둘둘치킨-중계브라운스톤점","permalink":"","username":"asdfg","text":"마늘치킨 진심JMT ! 둘둘은 다리가3개라 행복합니다 ㅋㅋㅋㅋ","date":"Mon Dec 10 23:59:44 +0000 2018","retweets":"30","favorites":"20","mentions":[],"hashtags":[],"geo":"","raw":"마늘치킨 진심JMT !!!!!!!!! 둘둘은 다리가3개라 행복합니다 ㅋㅋㅋㅋ","polarity":{"com":0.008701573999999998,"pos":0.6083282889999999,"neg":0.33923527024999994,"neut":0.028563861999999995,"none":0.015171004749999994},"intensity":{"high":0.1767134112941784,"low":0.06068401926517101,"meium":0.7451994216862999,"none":0.01740314775435079},"expressive":{"dir-action":0,"dir-explicit":0.578213277,"dir-speech":0.24573328625000002,"indirect":0.160882432,"writing-device":0.015171004749999998}},{"id":"둘둘치킨-중계브라운스톤점","permalink":"","username":"asdfg","text":"잘먹었습니다!\n다음에도 잘부탁드려요","date":"Mon Dec 10 23:59:44 +0000 2018","retweets":"30","favorites":"20","mentions":[],"hashtags":[],"geo":"","raw":"잘먹었습니다!\n다음에도 잘부탁드려요","polarity":{"com":0.0023809523341269843,"pos":0.3095238094365079,"neg":0.5142857145047619,"neut":0.028571428342857145,"none":0.14523809538174604},"intensity":{"high":0.04761904766666666,"low":0.10952380933333332,"meium":0.6976190476666666,"none":0.14523809533333332},"expressive":{"dir-action":0,"dir-explicit":0.13333333328888888,"dir-speech":0.48095238083968256,"indirect":0.24285714291904759,"writing-device":0.14285714295238094}},{"id":"둘둘치킨-중계브라운스톤점","permalink":"","username":"asdfg","text":"배달도 빠르고 양도 많은데 양념이 간이 쎄서 그런지 너무 많아서 그런지 몰라도 좀 짰어요ㅠㅠ그래서 나중엔 짜서 남겼어요ㅠ 양념 양 조금 줄이셔도 될거 같아요!","date":"Mon Dec 10 23:59:44 +0000 2018","retweets":"30","favorites":"20","mentions":[],"hashtags":[],"geo":"","raw":"배달도 빠르고 양도 많은데 양념이 간이 쎄서 그런지 너무 많아서 그런지 몰라도 좀 짰어요ㅠㅠ그래서 나중엔 짜서 남겼어요ㅠ 양념 양 조금 줄이셔도 될거 같아요!","polarity":{"com":0.006726213691790291,"pos":0.4629108628874684,"neg":0.4175982209678771,"neut":0.06316628507206412,"none":0.049598417380800126},"intensity":{"high":0.10079170416159935,"low":0.1422039555494003,"meium":0.7070670547466974,"none":0.049937285542302874},"expressive":{"dir-action":0.0003388681539243541,"dir-explicit":0.23954331236297152,"dir-speech":0.45012159695002807,"indirect":0.17901210119515665,"writing-device":0.1309841213379194}},{"id":"둘둘치킨-중계브라운스톤점","permalink":"","username":"asdfg","text":"아 깜빡하고 사진을 안남겼네요 ㅠㅠ\n바삭하고 얇은 튀김옷으로 튀긴 치킨에\n정말 맛있게 버무린 골뱅이\n이런 조합으로 먹어본게 처음이었는데\n정말 어떻게 사라지는지 모르게 먹어버렸네요\n제가 비린맛에 민감해서 골뱅이를 잘 안먹는데\n여기 소스가 비린맛을 다잡아준건지 너무 맛있었어요\n게다가 약간 매운듯하면 담백한 치킨이\n약간 느끼한듯하면 골뱅이 무침이 입맛을\n꽉잡고 놔주질않네요 너무 잘먹었습니다","date":"Mon Dec 10 23:59:44 +0000 2018","retweets":"30","favorites":"20","mentions":[],"hashtags":[],"geo":"","raw":"아 깜빡하고 사진을 안남겼네요 ㅠㅠ\n바삭하고 얇은 튀김옷으로 튀긴 치킨에\n정말 맛있게 버무린 골뱅이\n이런 조합으로 먹어본게 처음이었는데\n정말 어떻게 사라지는지 모르게 먹어버렸네요\n제가 비린맛에 민감해서 골뱅이를 잘 안먹는데\n여기 소스가 비린맛을 다잡아준건지 너무 맛있었어요\n게다가 약간 매운듯하면 담백한 치킨이\n약간 느끼한듯하면 골뱅이 무침이 입맛을\n꽉잡고 놔주질않네요 너무 잘먹었습니다","polarity":{"com":0.020579944723428275,"pos":0.43513974301947794,"neg":0.38898874571072445,"neut":0.04288538968817637,"none":0.11240617685819287},"intensity":{"high":0.12887232724582318,"low":0.09610470979641741,"meium":0.6612980824365965,"none":0.11372488052116293},"expressive":{"dir-action":0.0019678518278576345,"dir-explicit":0.30665224562850374,"dir-speech":0.34300588390938014,"indirect":0.22608278772083895,"writing-device":0.12229123091341951}},{"id":"둘둘치킨-중계브라운스톤점","permalink":"","username":"asdfg","text":"맛있게 잘 먹고 있어","date":"Mon Dec 10 23:59:44 +0000 2018","retweets":"30","favorites":"20","mentions":[],"hashtags":[],"geo":"","raw":"맛있게 잘 먹고 있어","polarity":{"com":0.002976190334325397,"pos":0.3511904761170635,"neg":0.4583333334861111,"neut":0.03571428567857143,"none":0.15178571438392857},"intensity":{"high":0.01488095233333333,"low":0.08928571433333331,"meium":0.744047619,"none":0.15178571433333332},"expressive":{"dir-action":0,"dir-explicit":0.13690476166666662,"dir-speech":0.44940476199999996,"indirect":0.26190476199999996,"writing-device":0.15178571433333332}},{"id":"둘둘치킨-중계브라운스톤점","permalink":"","username":"asdfg","text":"후라이드는 역시 둘둘이죠..다른데는 튀김옷이 두꺼워 싫은데 둘둘은 튀김옷이 얇아서 좋아요","date":"Mon Dec 10 23:59:44 +0000 2018","retweets":"30","favorites":"20","mentions":[],"hashtags":[],"geo":"","raw":"후라이드는 역시 둘둘이죠..다른데는 튀김옷이 두꺼워 싫은데 둘둘은 튀김옷이 얇아서 좋아요","polarity":{"com":0.012687372251585923,"pos":0.3553061949194133,"neg":0.4082616985510327,"neut":0.1746063902718258,"none":0.04913834400614229},"intensity":{"high":0.08404320891702162,"low":0.09496312304748157,"meium":0.770754002510377,"none":0.05023966552511984},"expressive":{"dir-action":0.0011013215002753304,"dir-explicit":0.28455138582113787,"dir-speech":0.543883755135971,"indirect":0.1157887646539472,"writing-device":0.0546747728886687}},{"id":"둘둘치킨-중계브라운스톤점","permalink":"","username":"asdfg","text":"맛있게 잘 먹었습니다. \n마늘치킨은 그냥 후라이드에 다진마늘 조금 뿌려놓은 느낌이네요. 익숙한 마늘치킨의 느낌은 아닙니다.","date":"Mon Dec 10 23:59:44 +0000 2018","retweets":"30","favorites":"20","mentions":[],"hashtags":[],"geo":"","raw":"맛있게 잘 먹었습니다. \n마늘치킨은 그냥 후라이드에 다진마늘 조금 뿌려놓은 느낌이네요. 익숙한 마늘치킨의 느낌은 아닙니다.","polarity":{"com":0.005021971221664225,"pos":0.5132006097207555,"neg":0.36681015151479884,"neut":0.09205452421199393,"none":0.02291274333078747},"intensity":{"high":0.026993094777777782,"low":0.21514662355555556,"meium":0.7349475383333335,"none":0.022912743333333336},"expressive":{"dir-action":0,"dir-explicit":0.30560487847840057,"dir-speech":0.4446865751605208,"indirect":0.22679580302519955,"writing-device":0.022912743335879192}},{"id":"둘둘치킨-중계브라운스톤점","permalink":"","username":"asdfg","text":"배달도 빨랐고 음식도 맛있었어요","date":"Mon Dec 10 23:59:44 +0000 2018","retweets":"30","favorites":"20","mentions":[],"hashtags":[],"geo":"","raw":"배달도 빨랐고 음식도 맛있었어요","polarity":{"com":0.002380952333333333,"pos":0.738095238,"neg":0.10952380966666668,"neut":0.004761904666666666,"none":0.14523809533333334},"intensity":{"high":0.047619047666666664,"low":0.149206349,"meium":0.657936508,"none":0.14523809533333334},"expressive":{"dir-action":0,"dir-explicit":0.06190476197936508,"dir-speech":0.4333333331888889,"indirect":0.36190476187936504,"writing-device":0.14285714295238094}},{"id":"둘둘치킨-중계브라운스톤점","permalink":"","username":"asdfg","text":"맛있어요~ 친절한 배달에도 감사드립니다","date":"Mon Dec 10 23:59:44 +0000 2018","retweets":"30","favorites":"20","mentions":[],"hashtags":[],"geo":"","raw":"맛있어요~ 친절한 배달에도 감사드립니다","polarity":{"com":0.006624423999999998,"pos":0.4326036864999999,"neg":0.42031490024999996,"neut":0.024539170499999995,"none":0.11591781874999997},"intensity":{"high":0.07066052225,"low":0.0576036865,"meium":0.755280338,"none":0.11645545325000001},"expressive":{"dir-action":0.0016129032495967742,"dir-explicit":0.12492319521876921,"dir-speech":0.6486559138378359,"indirect":0.11067588322233102,"writing-device":0.11413210447146697}},{"id":"둘둘치킨-중계브라운스톤점","permalink":"","username":"asdfg","text":"맛도좋고. 배달빠릅니다 치킨 땡기면 또 주문할께요","date":"Mon Dec 10 23:59:44 +0000 2018","retweets":"30","favorites":"20","mentions":[],"hashtags":[],"geo":"","raw":"맛도좋고. 배달빠릅니다 치킨 땡기면 또 주문할께요","polarity":{"com":0.003870967799225806,"pos":0.7157972348568405,"neg":0.1642519201671496,"neut":0.01677419359664516,"none":0.09930568358013886},"intensity":{"high":0.0679569892,"low":0.0312258064,"meium":0.8010814132,"none":0.0997357912},"expressive":{"dir-action":0.0012903226,"dir-explicit":0.21136712759999998,"dir-speech":0.5560675884000001,"indirect":0.1033978494,"writing-device":0.12787711200000001}},{"id":"둘둘치킨-중계브라운스톤점","permalink":"","username":"asdfg","text":"배달도 빨랐고 음식도 맛있었어요","date":"Mon Dec 10 23:59:44 +0000 2018","retweets":"30","favorites":"20","mentions":[],"hashtags":[],"geo":"","raw":"배달도 빨랐고 음식도 맛있었어요","polarity":{"com":0.002380952333333333,"pos":0.738095238,"neg":0.10952380966666668,"neut":0.004761904666666666,"none":0.14523809533333334},"intensity":{"high":0.047619047666666664,"low":0.149206349,"meium":0.657936508,"none":0.14523809533333334},"expressive":{"dir-action":0,"dir-explicit":0.06190476197936508,"dir-speech":0.4333333331888889,"indirect":0.36190476187936504,"writing-device":0.14285714295238094}},{"id":"둘둘치킨-중계브라운스톤점","permalink":"","username":"asdfg","text":"후라이드는 맛있었어요.","date":"Mon Dec 10 23:59:44 +0000 2018","retweets":"30","favorites":"20","mentions":[],"hashtags":[],"geo":"","raw":"후라이드는 맛있었어요.","polarity":{"com":0,"pos":0.3174603173174603,"neg":0.5079365085079365,"neut":0.09523809509523809,"none":0.07936507907936508},"intensity":{"high":0.031746032,"low":0.238095238,"meium":0.650793651,"none":0.079365079},"expressive":{"dir-action":0,"dir-explicit":0.158730159,"dir-speech":0.666666667,"indirect":0.079365079,"writing-device":0.095238095}},{"id":"둘둘치킨-중계브라운스톤점","permalink":"","username":"asdfg","text":"오늘따라 면이 부들부들하네용 푹 삶았나봐용","date":"Mon Dec 10 23:59:44 +0000 2018","retweets":"30","favorites":"20","mentions":[],"hashtags":[],"geo":"","raw":"오늘따라 면이 부들부들하네용 푹 삶았나봐용","polarity":{"com":0.013290229996677443,"pos":0.6846264365788434,"neg":0.20474137944881463,"neut":0.03807471249048132,"none":0.059267241485183184},"intensity":{"high":0.32040229891989935,"low":0.30244252867438937,"meium":0.3150143676712464,"none":0.062140804734464795},"expressive":{"dir-action":0.002873563251436781,"dir-explicit":0.6235632185617817,"dir-speech":0.2180316091090158,"indirect":0.0772270115386135,"writing-device":0.0783045975391523}},{"id":"둘둘치킨-중계브라운스톤점","permalink":"","username":"asdfg","text":"배달도 빨랐고 음식도 맛있었어요","date":"Mon Dec 10 23:59:44 +0000 2018","retweets":"30","favorites":"20","mentions":[],"hashtags":[],"geo":"","raw":"배달도 빨랐고 음식도 맛있었어요","polarity":{"com":0.002380952333333333,"pos":0.738095238,"neg":0.10952380966666668,"neut":0.004761904666666666,"none":0.14523809533333334},"intensity":{"high":0.047619047666666664,"low":0.149206349,"meium":0.657936508,"none":0.14523809533333334},"expressive":{"dir-action":0,"dir-explicit":0.06190476197936508,"dir-speech":0.4333333331888889,"indirect":0.36190476187936504,"writing-device":0.14285714295238094}},{"id":"둘둘치킨-중계브라운스톤점","permalink":"","username":"asdfg","text":"너무 타서 쓴 맛이 났어요. 이번엔 맛이가 없네요. ㅜㅜ","date":"Mon Dec 10 23:59:44 +0000 2018","retweets":"30","favorites":"20","mentions":[],"hashtags":[],"geo":"","raw":"너무 타서 쓴 맛이 났어요. 이번엔 맛이가 없네요. ㅜㅜ","polarity":{"com":0.020408163285714282,"pos":0.4412492268571428,"neg":0.4766027624285714,"neut":0.03452896314285713,"none":0.02721088428571428},"intensity":{"high":0.07194392914285712,"low":0.08328179757142858,"meium":0.817563389,"none":0.027210884285714283},"expressive":{"dir-action":0.012987012998144714,"dir-explicit":0.3701298700899815,"dir-speech":0.40105132965699275,"indirect":0.18635332925909237,"writing-device":0.029478457995788795}},{"id":"둘둘치킨-중계브라운스톤점","permalink":"","username":"asdfg","text":"아주맛있게먹었습니다.","date":"Mon Dec 10 23:59:44 +0000 2018","retweets":"30","favorites":"20","mentions":[],"hashtags":[],"geo":"","raw":"아주맛있게먹었습니다.","polarity":{"com":0,"pos":0.5416666665000001,"neg":0.4583333335,"neut":0,"none":0},"intensity":{"high":0.1805555555,"low":0.111111111,"meium":0.7083333334999999,"none":0},"expressive":{"dir-action":0,"dir-explicit":0.111111111,"dir-speech":0.513888889,"indirect":0.375,"writing-device":0}},{"id":"둘둘치킨-중계브라운스톤점","permalink":"","username":"asdfg","text":"맛있습니당ㅎㅎ♡♡♡","date":"Mon Dec 10 23:59:44 +0000 2018","retweets":"30","favorites":"20","mentions":[],"hashtags":[],"geo":"","raw":"맛있습니당ㅎㅎ♡♡♡","polarity":{"com":0,"pos":0,"neg":1,"neut":0,"none":0},"intensity":{"high":0,"low":0,"meium":1,"none":0},"expressive":{"dir-action":0,"dir-explicit":0,"dir-speech":1,"indirect":0,"writing-device":0}},{"id":"둘둘치킨-중계브라운스톤점","permalink":"","username":"asdfg","text":"맛있어용ㅎㅎㅎ♡♡♡","date":"Mon Dec 10 23:59:44 +0000 2018","retweets":"30","favorites":"20","mentions":[],"hashtags":[],"geo":"","raw":"맛있어용ㅎㅎㅎ♡♡♡","polarity":{"com":0,"pos":0,"neg":1,"neut":0,"none":0},"intensity":{"high":0,"low":0,"meium":1,"none":0},"expressive":{"dir-action":0,"dir-explicit":0,"dir-speech":1,"indirect":0,"writing-device":0}},{"id":"둘둘치킨-중계브라운스톤점","permalink":"","username":"asdfg","text":"맛있어용ㅎㅎㅎㅎ♡♡","date":"Mon Dec 10 23:59:44 +0000 2018","retweets":"30","favorites":"20","mentions":[],"hashtags":[],"geo":"","raw":"맛있어용ㅎㅎㅎㅎ♡♡","polarity":{"com":0,"pos":0,"neg":1,"neut":0,"none":0},"intensity":{"high":0,"low":0,"meium":1,"none":0},"expressive":{"dir-action":0,"dir-explicit":0,"dir-speech":1,"indirect":0,"writing-device":0}},{"id":"둘둘치킨-중계브라운스톤점","permalink":"","username":"asdfg","text":"잘먹었습니다^^~~~","date":"Mon Dec 10 23:59:44 +0000 2018","retweets":"30","favorites":"20","mentions":[],"hashtags":[],"geo":"","raw":"잘먹었습니다^^~~~","polarity":{"com":0,"pos":0.7142857147142857,"neg":0.21428571421428572,"neut":0.07142857107142857,"none":0},"intensity":{"high":0,"low":0.214285714,"meium":0.785714286,"none":0},"expressive":{"dir-action":0,"dir-explicit":0.214285714,"dir-speech":0.142857143,"indirect":0.642857143,"writing-device":0}},{"id":"둘둘치킨-중계브라운스톤점","permalink":"","username":"asdfg","text":"매운거추가반반했는데 걍 후라이드로할껄..\n너무매운데 맛있게 매운게아닌 특이함이있어요.\n신랑은 먹다욕하네요ㅎ 매운거좋아하는사람은먹어볼만할까정도?\n근데 맥주는 맛이없어요.. 슬픔..ㅜㅜ","date":"Mon Dec 10 23:59:44 +0000 2018","retweets":"30","favorites":"20","mentions":[],"hashtags":[],"geo":"","raw":"매운거추가반반했는데 걍 후라이드로할껄..\n너무매운데 맛있게 매운게아닌 특이함이있어요.\n신랑은 먹다욕하네요ㅎ 매운거좋아하는사람은먹어볼만할까정도?\n근데 맥주는 맛이없어요.. 슬픔..ㅜㅜ","polarity":{"com":0.01412839064622774,"pos":0.2366431869860798,"neg":0.6736570742544908,"neut":0.06316875817275479,"none":0.012402589940446905},"intensity":{"high":0.062268649297780525,"low":0.14806013465576828,"meium":0.7739196463984658,"none":0.015751569647985384},"expressive":{"dir-action":0.0007590132941622948,"dir-explicit":0.21142437889478968,"dir-speech":0.4819345218518785,"indirect":0.2312712794253689,"writing-device":0.07461080653380064}},{"id":"둘둘치킨-중계브라운스톤점","permalink":"","username":"asdfg","text":"밤늦게 시킬수있어서 좋았고 맛도 있어요","date":"Mon Dec 10 23:59:44 +0000 2018","retweets":"30","favorites":"20","mentions":[],"hashtags":[],"geo":"","raw":"밤늦게 시킬수있어서 좋았고 맛도 있어요","polarity":{"com":0.00223214275,"pos":0.6273214285,"neg":0.05851190475,"neut":0.013095238249999998,"none":0.29883928575},"intensity":{"high":0.07366071425,"low":0.027559524000000002,"meium":0.599940476,"none":0.29883928575},"expressive":{"dir-action":0,"dir-explicit":0.219940476,"dir-speech":0.39300595250000003,"indirect":0.08821428575000001,"writing-device":0.29883928575}},{"id":"둘둘치킨-중계브라운스톤점","permalink":"","username":"asdfg","text":"치킨뱅이 쫄면으로 바꿔서 먹으면 왕맛있음","date":"Mon Dec 10 23:59:44 +0000 2018","retweets":"30","favorites":"20","mentions":[],"hashtags":[],"geo":"","raw":"치킨뱅이 쫄면으로 바꿔서 먹으면 왕맛있음","polarity":{"com":0,"pos":0.52083333325,"neg":0.47916666674999997,"neut":0,"none":0},"intensity":{"high":0.09027777775,"low":0.3055555555,"meium":0.60416666675,"none":0},"expressive":{"dir-action":0,"dir-explicit":0.3680555555,"dir-speech":0.4444444445,"indirect":0.1875,"writing-device":0}},{"id":"둘둘치킨-중계브라운스톤점","permalink":"","username":"asdfg","text":"배달도 빠르고, 잘 먹었습니다.","date":"Mon Dec 10 23:59:44 +0000 2018","retweets":"30","favorites":"20","mentions":[],"hashtags":[],"geo":"","raw":"배달도 빠르고, 잘 먹었습니다.","polarity":{"com":0,"pos":0.9047619049682539,"neg":0.07142857135714285,"neut":0.023809523674603175,"none":0},"intensity":{"high":0,"low":0.18253968233333331,"meium":0.8174603176666667,"none":0},"expressive":{"dir-action":0,"dir-explicit":0.07142857133333333,"dir-speech":0.380952381,"indirect":0.5476190476666667,"writing-device":0}},{"id":"둘둘치킨-중계브라운스톤점","permalink":"","username":"asdfg","text":"제가  주문하는 유일한 치킨집입니다~배달\n빠르고 쿠폰써도  늘허술하게 오지않네요\n오늘 새벽2시가 다되서 주문했는데\n사장님이 직접 차를몰고 오셨네요~배달하시는분이  휴가라고  ㅋㅋ\n길찾느랴 고생하셨어요\n맛있게  자알  먹었습니다~~","date":"Mon Dec 10 23:59:44 +0000 2018","retweets":"30","favorites":"20","mentions":[],"hashtags":[],"geo":"","raw":"제가  주문하는 유일한 치킨집입니다~배달\n빠르고 쿠폰써도  늘허술하게 오지않네요\n오늘 새벽2시가 다되서 주문했는데\n사장님이 직접 차를몰고 오셨네요~배달하시는분이  휴가라고  ㅋㅋ\n길찾느랴 고생하셨어요\n맛있게  자알  먹었습니다~~","polarity":{"com":0.012078923186745064,"pos":0.6498654553968833,"neg":0.2655942060459003,"neut":0.06345009824603436,"none":0.009011317124436792},"intensity":{"high":0.0688375875625,"low":0.0605002879375,"meium":0.8604953449375,"none":0.010166779562499999},"expressive":{"dir-action":0.0073442404365819695,"dir-explicit":0.286015855214248,"dir-speech":0.533735845495783,"indirect":0.16067314391741586,"writing-device":0.012230914935971136}},{"id":"둘둘치킨-중계브라운스톤점","permalink":"","username":"asdfg","text":"후루룩후루룩 끊을 수 없는 맛이에요","date":"Mon Dec 10 23:59:44 +0000 2018","retweets":"30","favorites":"20","mentions":[],"hashtags":[],"geo":"","raw":"후루룩후루룩 끊을 수 없는 맛이에요","polarity":{"com":0.022222222333333336,"pos":0.6333333333333334,"neg":0.2888888886666667,"neut":0.022222222333333336,"none":0.03333333333333334},"intensity":{"high":0.13333333333333333,"low":0.011111110999999998,"meium":0.8222222223333333,"none":0.03333333333333333},"expressive":{"dir-action":0,"dir-explicit":0.20000000006666668,"dir-speech":0.5222222221740741,"indirect":0.21111111107037034,"writing-device":0.06666666668888889}},{"id":"둘둘치킨-중계브라운스톤점","permalink":"","username":"asdfg","text":"바삭하고 맛있어용ㅎㅎ","date":"Mon Dec 10 23:59:44 +0000 2018","retweets":"30","favorites":"20","mentions":[],"hashtags":[],"geo":"","raw":"바삭하고 맛있어용ㅎㅎ","polarity":{"com":0.0057471265,"pos":0.16091954,"neg":0.7011494255,"neut":0.0344827585,"none":0.0977011495},"intensity":{"high":0.05747126447126437,"low":0.0632183909683908,"meium":0.775862068612069,"none":0.10344827594827587},"expressive":{"dir-action":0.005747126502873563,"dir-explicit":0.08045977004022989,"dir-speech":0.7068965518534482,"indirect":0.09195402304597701,"writing-device":0.11494252855747127}},{"id":"둘둘치킨-중계브라운스톤점","permalink":"","username":"asdfg","text":"역시맛나네요\n쫄면사리도많이주시고\n다음에또주문할게요~","date":"Mon Dec 10 23:59:44 +0000 2018","retweets":"30","favorites":"20","mentions":[],"hashtags":[],"geo":"","raw":"역시맛나네요\n쫄면사리도많이주시고\n다음에또주문할게요~","polarity":{"com":0.0038709677999999997,"pos":0.39846390160000006,"neg":0.35625192019999996,"neut":0.0834408602,"none":0.15797235019999997},"intensity":{"high":0.027956989205591396,"low":0.2898924730579785,"meium":0.5237480799047496,"none":0.15840245783168047},"expressive":{"dir-action":0.0012903226002580648,"dir-explicit":0.15803379423160677,"dir-speech":0.582734255116547,"indirect":0.07139784941427958,"writing-device":0.18654377863730878}},{"id":"둘둘치킨-중계브라운스톤점","permalink":"","username":"asdfg","text":"잘먹었습니다~~~~~","date":"Mon Dec 10 23:59:44 +0000 2018","retweets":"30","favorites":"20","mentions":[],"hashtags":[],"geo":"","raw":"잘먹었습니다~~~~~","polarity":{"com":0,"pos":0.7142857147142857,"neg":0.21428571421428572,"neut":0.07142857107142857,"none":0},"intensity":{"high":0,"low":0.214285714,"meium":0.785714286,"none":0},"expressive":{"dir-action":0,"dir-explicit":0.214285714,"dir-speech":0.142857143,"indirect":0.642857143,"writing-device":0}},{"id":"둘둘치킨-중계브라운스톤점","permalink":"","username":"asdfg","text":"맛도좋구   배달도  빨리오시고~소면도  넉넉히\n주셨네요~맛나게  잘먹었네요\n쿠폰사용했는데도   음식이 부실하지  않았습니다","date":"Mon Dec 10 23:59:44 +0000 2018","retweets":"30","favorites":"20","mentions":[],"hashtags":[],"geo":"","raw":"맛도좋구   배달도  빨리오시고~소면도  넉넉히\n주셨네요~맛나게  잘먹었네요\n쿠폰사용했는데도   음식이 부실하지  않았습니다","polarity":{"com":0.0058615960914419635,"pos":0.5555185669595927,"neg":0.23678594347607151,"neut":0.11563424491960313,"none":0.08619964855329089},"intensity":{"high":0.06647510036967956,"low":0.15737679674157973,"meium":0.6893524703353957,"none":0.08679563255334506},"expressive":{"dir-action":0.0009869908180920918,"dir-explicit":0.2648899724304646,"dir-speech":0.42715584350662217,"indirect":0.22166576543439404,"writing-device":0.08530142781042714}},{"id":"둘둘치킨-중계브라운스톤점","permalink":"","username":"asdfg","text":"언제나 한결같아서 좋아요ㅎㅎ맛있어요","date":"Mon Dec 10 23:59:44 +0000 2018","retweets":"30","favorites":"20","mentions":[],"hashtags":[],"geo":"","raw":"언제나 한결같아서 좋아요ㅎㅎ맛있어요","polarity":{"com":0,"pos":0.46,"neg":0.52,"neut":0,"none":0.02},"intensity":{"high":0.1,"low":0.02,"meium":0.86,"none":0.02},"expressive":{"dir-action":0,"dir-explicit":0.30000000000000004,"dir-speech":0.6000000000000001,"indirect":0.08000000000000002,"writing-device":0.020000000000000004}},{"id":"둘둘치킨-중계브라운스톤점","permalink":"","username":"asdfg","text":"완전꿀맛닷컴ㅠㅠㅠ♡♡","date":"Mon Dec 10 23:59:44 +0000 2018","retweets":"30","favorites":"20","mentions":[],"hashtags":[],"geo":"","raw":"완전꿀맛닷컴ㅠㅠㅠ♡♡","polarity":{"com":0,"pos":0.75,"neg":0.25,"neut":0,"none":0},"intensity":{"high":0,"low":0,"meium":1,"none":0},"expressive":{"dir-action":0,"dir-explicit":0.25,"dir-speech":0.5,"indirect":0.25,"writing-device":0}},{"id":"둘둘치킨-중계브라운스톤점","permalink":"","username":"asdfg","text":"완전꿀맛닷컴ㅠㅠㅠ♡♡","date":"Mon Dec 10 23:59:44 +0000 2018","retweets":"30","favorites":"20","mentions":[],"hashtags":[],"geo":"","raw":"완전꿀맛닷컴ㅠㅠㅠ♡♡","polarity":{"com":0,"pos":0.75,"neg":0.25,"neut":0,"none":0},"intensity":{"high":0,"low":0,"meium":1,"none":0},"expressive":{"dir-action":0,"dir-explicit":0.25,"dir-speech":0.5,"indirect":0.25,"writing-device":0}},{"id":"둘둘치킨-중계브라운스톤점","permalink":"","username":"asdfg","text":"완전꿀맛닷컴ㅠㅠㅠ♡♡","date":"Mon Dec 10 23:59:44 +0000 2018","retweets":"30","favorites":"20","mentions":[],"hashtags":[],"geo":"","raw":"완전꿀맛닷컴ㅠㅠㅠ♡♡","polarity":{"com":0,"pos":0.75,"neg":0.25,"neut":0,"none":0},"intensity":{"high":0,"low":0,"meium":1,"none":0},"expressive":{"dir-action":0,"dir-explicit":0.25,"dir-speech":0.5,"indirect":0.25,"writing-device":0}},{"id":"둘둘치킨-중계브라운스톤점","permalink":"","username":"asdfg","text":"신속배달 정말 맛있어요","date":"Mon Dec 10 23:59:44 +0000 2018","retweets":"30","favorites":"20","mentions":[],"hashtags":[],"geo":"","raw":"신속배달 정말 맛있어요","polarity":{"com":0,"pos":0.5,"neg":0.5,"neut":0,"none":0},"intensity":{"high":0,"low":0,"meium":1,"none":0},"expressive":{"dir-action":0,"dir-explicit":0,"dir-speech":1,"indirect":0,"writing-device":0}},{"id":"둘둘치킨-중계브라운스톤점","permalink":"","username":"asdfg","text":"언제나맛이한결같아여ㅎㅎ","date":"Mon Dec 10 23:59:44 +0000 2018","retweets":"30","favorites":"20","mentions":[],"hashtags":[],"geo":"","raw":"언제나맛이한결같아여ㅎㅎ","polarity":{"com":0,"pos":1,"neg":0,"neut":0,"none":0},"intensity":{"high":0,"low":0,"meium":1,"none":0},"expressive":{"dir-action":0,"dir-explicit":0,"dir-speech":1,"indirect":0,"writing-device":0}},{"id":"둘둘치킨-중계브라운스톤점","permalink":"","username":"asdfg","text":"넘넘딜리샤스~~~~~","date":"Mon Dec 10 23:59:44 +0000 2018","retweets":"30","favorites":"20","mentions":[],"hashtags":[],"geo":"","raw":"넘넘딜리샤스~~~~~","polarity":{"com":0,"pos":0,"neg":0.5,"neut":0,"none":0.5},"intensity":{"high":0,"low":0,"meium":0.5,"none":0.5},"expressive":{"dir-action":0,"dir-explicit":0,"dir-speech":0.5,"indirect":0,"writing-device":0.5}},{"id":"둘둘치킨-중계브라운스톤점","permalink":"","username":"asdfg","text":"굉장히 맛잉ㅎ어요!!","date":"Mon Dec 10 23:59:44 +0000 2018","retweets":"30","favorites":"20","mentions":[],"hashtags":[],"geo":"","raw":"굉장히 맛잉ㅎ어요!!","polarity":{"com":0,"pos":1,"neg":0,"neut":0,"none":0},"intensity":{"high":0,"low":0,"meium":1,"none":0},"expressive":{"dir-action":0,"dir-explicit":0,"dir-speech":1,"indirect":0,"writing-device":0}},{"id":"둘둘치킨-중계브라운스톤점","permalink":"","username":"asdfg","text":"빠른 배송과 맛난 치킨 덕분에 잘먹었네요","date":"Mon Dec 10 23:59:44 +0000 2018","retweets":"30","favorites":"20","mentions":[],"hashtags":[],"geo":"","raw":"빠른 배송과 맛난 치킨 덕분에 잘먹었네요","polarity":{"com":0,"pos":0.8571428574285714,"neg":0.10714285705357143,"neut":0.035714285517857144,"none":0},"intensity":{"high":0,"low":0.2738095235,"meium":0.7261904765,"none":0},"expressive":{"dir-action":0,"dir-explicit":0.107142857,"dir-speech":0.0714285715,"indirect":0.8214285715,"writing-device":0}},{"id":"둘둘치킨-중계브라운스톤점","permalink":"","username":"asdfg","text":"맛잇는데양이넘적어여ㅠㅠ","date":"Mon Dec 10 23:59:44 +0000 2018","retweets":"30","favorites":"20","mentions":[],"hashtags":[],"geo":"","raw":"맛잇는데양이넘적어여ㅠㅠ","polarity":{"com":0,"pos":1,"neg":0,"neut":0,"none":0},"intensity":{"high":0,"low":0,"meium":1,"none":0},"expressive":{"dir-action":0,"dir-explicit":0,"dir-speech":1,"indirect":0,"writing-device":0}},{"id":"둘둘치킨-중계브라운스톤점","permalink":"","username":"asdfg","text":"맛있어요! 시원한 맥주랑^^ 둘둘치킨 맛있어요.!","date":"Mon Dec 10 23:59:44 +0000 2018","retweets":"30","favorites":"20","mentions":[],"hashtags":[],"geo":"","raw":"맛있어요! 시원한 맥주랑^^ 둘둘치킨 맛있어요.!","polarity":{"com":0.008008008,"pos":0.20420420433333333,"neg":0.7687687686666665,"neut":0.011011011000000001,"none":0.008008008},"intensity":{"high":0.038038038,"low":0.028028028,"meium":0.924924925,"none":0.009009009},"expressive":{"dir-action":0.0010010010000000003,"dir-explicit":0.104104104,"dir-speech":0.6966966966666668,"indirect":0.18918918933333334,"writing-device":0.009009009}},{"id":"둘둘치킨-중계브라운스톤점","permalink":"","username":"asdfg","text":"후라이드. 마늘 반반 조합 추천합니다.\n매운양념도 가끔 추천.","date":"Mon Dec 10 23:59:44 +0000 2018","retweets":"30","favorites":"20","mentions":[],"hashtags":[],"geo":"","raw":"후라이드. 마늘 반반 조합 추천합니다.\n매운양념도 가끔 추천.","polarity":{"com":0.002380952333333333,"pos":0.626984127,"neg":0.10952380966666665,"neut":0.11587301566666665,"none":0.14523809533333332},"intensity":{"high":0.3253968253333333,"low":0.038095238,"meium":0.49126984133333335,"none":0.14523809533333334},"expressive":{"dir-action":0,"dir-explicit":0.17301587294232804,"dir-speech":0.09999999996666666,"indirect":0.5841269841386243,"writing-device":0.14285714295238094}},{"id":"둘둘치킨-중계브라운스톤점","permalink":"","username":"asdfg","text":"치킨인줄알았는데튀김옷덩어리로된게 두세개 있어서 당황 농락당한느낌 그러나 처음시켰는데 바삭바삭하고 소스도 두개나 주고 괜찮아서 잘 먹었어요","date":"Mon Dec 10 23:59:44 +0000 2018","retweets":"30","favorites":"20","mentions":[],"hashtags":[],"geo":"","raw":"치킨인줄알았는데튀김옷덩어리로된게 두세개 있어서 당황 농락당한느낌 그러나 처음시켰는데 바삭바삭하고 소스도 두개나 주고 괜찮아서 잘 먹었어요","polarity":{"com":0.01746358445616505,"pos":0.332346251282355,"neg":0.459593144089356,"neut":0.040729919679775406,"none":0.14986710049234858},"intensity":{"high":0.1429549891318531,"low":0.22426974419626622,"meium":0.4820239928489194,"none":0.15075127382296136},"expressive":{"dir-action":0.0008841733074882675,"dir-explicit":0.26301302378545854,"dir-speech":0.2835496550114885,"indirect":0.2906872134713799,"writing-device":0.16186593442418476}},{"id":"둘둘치킨-중계브라운스톤점","permalink":"","username":"asdfg","text":"잘먹었습니다^^~~~","date":"Mon Dec 10 23:59:44 +0000 2018","retweets":"30","favorites":"20","mentions":[],"hashtags":[],"geo":"","raw":"잘먹었습니다^^~~~","polarity":{"com":0,"pos":0.7142857147142857,"neg":0.21428571421428572,"neut":0.07142857107142857,"none":0},"intensity":{"high":0,"low":0.214285714,"meium":0.785714286,"none":0},"expressive":{"dir-action":0,"dir-explicit":0.214285714,"dir-speech":0.142857143,"indirect":0.642857143,"writing-device":0}},{"id":"둘둘치킨-중계브라운스톤점","permalink":"","username":"asdfg","text":"역시맛나네요\n쫄면사리도많이주시고\n다음에또시킬게요~","date":"Mon Dec 10 23:59:44 +0000 2018","retweets":"30","favorites":"20","mentions":[],"hashtags":[],"geo":"","raw":"역시맛나네요\n쫄면사리도많이주시고\n다음에또시킬게요~","polarity":{"com":0,"pos":0.36904761900000005,"neg":0.35714285725,"neut":0.08333333325,"none":0.19047619049999998},"intensity":{"high":0,"low":0.3333333333333333,"meium":0.4761904761190476,"none":0.190476190547619},"expressive":{"dir-action":0,"dir-explicit":0.1190476190297619,"dir-speech":0.6547619049136905,"indirect":0,"writing-device":0.22619047605654763}},{"id":"둘둘치킨-중계브라운스톤점","permalink":"","username":"asdfg","text":"리뷰보고 처음 시켜봤어요\n임산부라 요즘 먹는거 예민했는데 너무 맛있었어요\n그런데 머리카락이 나왔어요ㅜ\n담엔 신경써주세요~~ 맛있으니 담에도 재주문 할게요^^","date":"Mon Dec 10 23:59:44 +0000 2018","retweets":"30","favorites":"20","mentions":[],"hashtags":[],"geo":"","raw":"리뷰보고 처음 시켜봤어요\n임산부라 요즘 먹는거 예민했는데 너무 맛있었어요\n그런데 머리카락이 나왔어요ㅜ\n담엔 신경써주세요~~ 맛있으니 담에도 재주문 할게요^^","polarity":{"com":0.02838290745454545,"pos":0.31112126700000003,"neg":0.5268415196363636,"neut":0.07130035163636364,"none":0.062353954272727274},"intensity":{"high":0.059933224181818186,"low":0.12949985818181817,"meium":0.7480174599090909,"none":0.06254945772727273},"expressive":{"dir-action":0.008850973089299823,"dir-explicit":0.2571542826805174,"dir-speech":0.5271643963586974,"indirect":0.09822819734577669,"writing-device":0.10860215052570871}},{"id":"둘둘치킨-중계브라운스톤점","permalink":"","username":"asdfg","text":"엄청맛있어요~~~~","date":"Mon Dec 10 23:59:44 +0000 2018","retweets":"30","favorites":"20","mentions":[],"hashtags":[],"geo":"","raw":"엄청맛있어요~~~~","polarity":{"com":0,"pos":0,"neg":1,"neut":0,"none":0},"intensity":{"high":0,"low":0,"meium":1,"none":0},"expressive":{"dir-action":0,"dir-explicit":0,"dir-speech":1,"indirect":0,"writing-device":0}},{"id":"둘둘치킨-중계브라운스톤점","permalink":"","username":"asdfg","text":"으흐흐오늘도먹었네여","date":"Mon Dec 10 23:59:44 +0000 2018","retweets":"30","favorites":"20","mentions":[],"hashtags":[],"geo":"","raw":"으흐흐오늘도먹었네여","polarity":{"com":0.007142857,"pos":0.214285714,"neg":0.328571429,"neut":0.014285714,"none":0.435714286},"intensity":{"high":0.142857143,"low":0.114285714,"meium":0.307142857,"none":0.435714286},"expressive":{"dir-action":0,"dir-explicit":0.1857142858142857,"dir-speech":0.29999999969999996,"indirect":0.0857142859142857,"writing-device":0.42857142857142855}},{"id":"둘둘치킨-중계브라운스톤점","permalink":"","username":"asdfg","text":"언제나변하지않는그맛이넘좋아요","date":"Mon Dec 10 23:59:44 +0000 2018","retweets":"30","favorites":"20","mentions":[],"hashtags":[],"geo":"","raw":"언제나변하지않는그맛이넘좋아요","polarity":{"com":0,"pos":1,"neg":0,"neut":0,"none":0},"intensity":{"high":0,"low":0,"meium":1,"none":0},"expressive":{"dir-action":0,"dir-explicit":1,"dir-speech":0,"indirect":0,"writing-device":0}},{"id":"둘둘치킨-중계브라운스톤점","permalink":"","username":"asdfg","text":"너무너무너무마싯져여","date":"Mon Dec 10 23:59:44 +0000 2018","retweets":"30","favorites":"20","mentions":[],"hashtags":[],"geo":"","raw":"너무너무너무마싯져여","polarity":{"com":null,"pos":null,"neg":null,"neut":null,"none":null},"intensity":{"high":null,"low":null,"meium":null,"none":null},"expressive":{"dir-action":null,"dir-explicit":null,"dir-speech":null,"indirect":null,"writing-device":null}},{"id":"둘둘치킨-중계브라운스톤점","permalink":"","username":"asdfg","text":"항상 여기서 시켜먹지만 둘둘치킨중에 여기지점이 최고예요ㅜㅜ","date":"Mon Dec 10 23:59:44 +0000 2018","retweets":"30","favorites":"20","mentions":[],"hashtags":[],"geo":"","raw":"항상 여기서 시켜먹지만 둘둘치킨중에 여기지점이 최고예요ㅜㅜ","polarity":{"com":0.0107425642,"pos":0.530134462,"neg":0.3769946158,"neut":0.035921799,"none":0.046206558999999994},"intensity":{"high":0.06885779262754312,"low":0.08721603163488642,"meium":0.7968385595187355,"none":0.047087616218835046},"expressive":{"dir-action":0.0008810572001762115,"dir-explicit":0.31092395846218485,"dir-speech":0.5683251275136652,"indirect":0.06886067201377215,"writing-device":0.051009184810201856}},{"id":"둘둘치킨-중계브라운스톤점","permalink":"","username":"asdfg","text":"골뱅이 맛있게 먹었어요","date":"Mon Dec 10 23:59:44 +0000 2018","retweets":"30","favorites":"20","mentions":[],"hashtags":[],"geo":"","raw":"골뱅이 맛있게 먹었어요","polarity":{"com":0,"pos":0.1666666665,"neg":0.8333333334999999,"neut":0,"none":0},"intensity":{"high":0.0555555555,"low":0.111111111,"meium":0.8333333334999999,"none":0},"expressive":{"dir-action":0,"dir-explicit":0.111111111,"dir-speech":0.888888889,"indirect":0,"writing-device":0}},{"id":"둘둘치킨-중계브라운스톤점","permalink":"","username":"asdfg","text":"후라이드도  담백하고  매운양념도  맛있네요~튀김옷이  두껍지않아서  좋았어용\n그래서인지  양이적다는  느낌은 살짝있네요\n후라이드  간도  잘베어서 잘먹었어욤","date":"Mon Dec 10 23:59:44 +0000 2018","retweets":"30","favorites":"20","mentions":[],"hashtags":[],"geo":"","raw":"후라이드도  담백하고  매운양념도  맛있네요~튀김옷이  두껍지않아서  좋았어용\n그래서인지  양이적다는  느낌은 살짝있네요\n후라이드  간도  잘베어서 잘먹었어욤","polarity":{"com":0.007807531301561507,"pos":0.5660759246132151,"neg":0.25332635125066527,"neut":0.03282816160656563,"none":0.1399620312279924},"intensity":{"high":0.10001981291000198,"low":0.1966956959196696,"meium":0.5625816310562581,"none":0.1407028601140703},"expressive":{"dir-action":0.0007408288999259171,"dir-explicit":0.3072837798692716,"dir-speech":0.2742394998725761,"indirect":0.2784616026721538,"writing-device":0.13927428868607258}},{"id":"둘둘치킨-중계브라운스톤점","permalink":"","username":"asdfg","text":"배달은 너무 늦어 아쉬워요 맛은 좋아요~~","date":"Mon Dec 10 23:59:44 +0000 2018","retweets":"30","favorites":"20","mentions":[],"hashtags":[],"geo":"","raw":"배달은 너무 늦어 아쉬워요 맛은 좋아요~~","polarity":{"com":0.028571428599999997,"pos":0.6125714286,"neg":0.35085714279999997,"neut":0,"none":0.008},"intensity":{"high":0.06857142860000001,"low":0.0365714286,"meium":0.8868571427999999,"none":0.008},"expressive":{"dir-action":0,"dir-explicit":0.23428571419999997,"dir-speech":0.49714285720000007,"indirect":0.2605714286,"writing-device":0.008}},{"id":"둘둘치킨-중계브라운스톤점","permalink":"","username":"asdfg","text":"양이 조금 작긴하지만 둘둘만의 맛을 생각함 그레잇~~~!!","date":"Mon Dec 10 23:59:44 +0000 2018","retweets":"30","favorites":"20","mentions":[],"hashtags":[],"geo":"","raw":"양이 조금 작긴하지만 둘둘만의 맛을 생각함 그레잇~~~!!","polarity":{"com":0.00616740079876652,"pos":0.49240421850151916,"neg":0.2274996661545,"neut":0.2721665999455667,"none":0.0017621145996475774},"intensity":{"high":0.10599385924239754,"low":0.14764383925905752,"meium":0.7437191296974877,"none":0.0026431718010572693},"expressive":{"dir-action":0.0008810572001762114,"dir-explicit":0.3737284742747457,"dir-speech":0.5813376051162675,"indirect":0.04140969160828194,"writing-device":0.0026431718005286353}},{"id":"둘둘치킨-중계브라운스톤점","permalink":"","username":"asdfg","text":"예전에 먹던 맛그대로네요","date":"Mon Dec 10 23:59:44 +0000 2018","retweets":"30","favorites":"20","mentions":[],"hashtags":[],"geo":"","raw":"예전에 먹던 맛그대로네요","polarity":{"com":0,"pos":0.7777777776666667,"neg":0.22222222233333333,"neut":0,"none":0},"intensity":{"high":0.037037037,"low":0.074074074,"meium":0.888888889,"none":0},"expressive":{"dir-action":0,"dir-explicit":0.074074074,"dir-speech":0.5925925926666666,"indirect":0.3333333333333333,"writing-device":0}},{"id":"둘둘치킨-중계브라운스톤점","permalink":"","username":"asdfg","text":"골뱅이소면에 비해 치킨이 작아서 약간 아쉬웠어요...","date":"Mon Dec 10 23:59:44 +0000 2018","retweets":"30","favorites":"20","mentions":[],"hashtags":[],"geo":"","raw":"골뱅이소면에 비해 치킨이 작아서 약간 아쉬웠어요...","polarity":{"com":0.015418502,"pos":0.215859031,"neg":0.720264317,"neut":0.0440528635,"none":0.0044052865},"intensity":{"high":0.05286343602643172,"low":0.06607929503303965,"meium":0.8744493394372247,"none":0.006607929503303965},"expressive":{"dir-action":0.002202643001101321,"dir-explicit":0.2070484581035242,"dir-speech":0.18061674009030834,"indirect":0.6035242293017621,"writing-device":0.006607929503303964}},{"id":"둘둘치킨-중계브라운스톤점","permalink":"","username":"asdfg","text":"치킨이야 워낙 둘둘만의 매력이 있는거고...골뱅이 맛있어요...사리도 종류 고를수 있어서 좋고...양도 충분합니다","date":"Mon Dec 10 23:59:44 +0000 2018","retweets":"30","favorites":"20","mentions":[],"hashtags":[],"geo":"","raw":"치킨이야 워낙 둘둘만의 매력이 있는거고...골뱅이 맛있어요...사리도 종류 고를수 있어서 좋고...양도 충분합니다","polarity":{"com":0.006050756908540842,"pos":0.2679046453392814,"neg":0.3687976186028366,"neut":0.11714676880753211,"none":0.2401002103418091},"intensity":{"high":0.08590159017400897,"low":0.057516903085680283,"meium":0.6162082961257993,"none":0.24037321061451153},"expressive":{"dir-action":0.00027300027267763635,"dir-explicit":0.20827457514395006,"dir-speech":0.4200781200145313,"indirect":0.13229979524867277,"writing-device":0.23907450932016824}},{"id":"둘둘치킨-중계브라운스톤점","permalink":"","username":"asdfg","text":"역쒸 치킨은 둘둘 이네요~","date":"Mon Dec 10 23:59:44 +0000 2018","retweets":"30","favorites":"20","mentions":[],"hashtags":[],"geo":"","raw":"역쒸 치킨은 둘둘 이네요~","polarity":{"com":0.008474576500000002,"pos":0.17796610150000003,"neg":0.27966101700000007,"neut":0.5169491525000001,"none":0.016949152500000002},"intensity":{"high":0.05084745752542373,"low":0.06779661003389831,"meium":0.8644067799322034,"none":0.016949152508474577},"expressive":{"dir-action":0,"dir-explicit":0.1355932205,"dir-speech":0.779661017,"indirect":0.06779661,"writing-device":0.0169491525}},{"id":"둘둘치킨-중계브라운스톤점","permalink":"","username":"asdfg","text":"골뱅이도 쫄면으로 바꿀수있고\n맛있어요 새콤달콤\n치킨뱅이는 둘이서 먹기 적당합니다","date":"Mon Dec 10 23:59:44 +0000 2018","retweets":"30","favorites":"20","mentions":[],"hashtags":[],"geo":"","raw":"골뱅이도 쫄면으로 바꿀수있고\n맛있어요 새콤달콤\n치킨뱅이는 둘이서 먹기 적당합니다","polarity":{"com":0.004219984556024443,"pos":0.4774219362752691,"neg":0.35855961903983996,"neut":0.023810689224867853,"none":0.13598777090399863},"intensity":{"high":0.07682679534186965,"low":0.19149204791016577,"meium":0.5952039096216893,"none":0.13647724712627524},"expressive":{"dir-action":0.0004894762222222222,"dir-explicit":0.25712187955555554,"dir-speech":0.3635938435555556,"indirect":0.2413475358888889,"writing-device":0.13744726477777777}},{"id":"둘둘치킨-중계브라운스톤점","permalink":"","username":"asdfg","text":"둘둘의 기본은하나 후라이드 마늘간장 다 좀 짠듯...\n맥주랑 먹으면 되겠습니다","date":"Mon Dec 10 23:59:44 +0000 2018","retweets":"30","favorites":"20","mentions":[],"hashtags":[],"geo":"","raw":"둘둘의 기본은하나 후라이드 마늘간장 다 좀 짠듯...\n맥주랑 먹으면 되겠습니다","polarity":{"com":0.01454307356519583,"pos":0.40897580625329616,"neg":0.3288714270019123,"neut":0.1692478717846081,"none":0.0783618213949878},"intensity":{"high":0.1264351812315278,"low":0.11503748709355537,"meium":0.6801655102799291,"none":0.0783618213949878},"expressive":{"dir-action":0,"dir-explicit":0.25330219507048507,"dir-speech":0.5184433435661591,"indirect":0.1445018043872852,"writing-device":0.08375265697607066}},{"id":"둘둘치킨-중계브라운스톤점","permalink":"","username":"asdfg","text":"자주 시켜먹는곳... 잘 먹었습니다.","date":"Mon Dec 10 23:59:44 +0000 2018","retweets":"30","favorites":"20","mentions":[],"hashtags":[],"geo":"","raw":"자주 시켜먹는곳... 잘 먹었습니다.","polarity":{"com":0.04166666675,"pos":0.63690476175,"neg":0.261904762,"neut":0.0595238095,"none":0},"intensity":{"high":0.0694444445,"low":0.35912698400000004,"meium":0.5714285715,"none":0},"expressive":{"dir-action":0,"dir-explicit":0.23412698399999998,"dir-speech":0.60515873025,"indirect":0.16071428575,"writing-device":0}},{"id":"둘둘치킨-중계브라운스톤점","permalink":"","username":"asdfg","text":"후라이드랑 매운양념 시켰는데\n후라이드는 바삭하고 튀김이 다른 치킨과 다른거같아요\n맛있었엉ㅅㅇ 매운양념은 많이맵디는 않아용","date":"Mon Dec 10 23:59:44 +0000 2018","retweets":"30","favorites":"20","mentions":[],"hashtags":[],"geo":"","raw":"후라이드랑 매운양념 시켰는데\n후라이드는 바삭하고 튀김이 다른 치킨과 다른거같아요\n맛있었엉ㅅㅇ 매운양념은 많이맵디는 않아용","polarity":{"com":0.008468630002419607,"pos":0.39432614225552176,"neg":0.4633456229895273,"neut":0.08850585388243024,"none":0.045353750870101066},"intensity":{"high":0.09820624017091607,"low":0.13794530903941293,"meium":0.7162233372046353,"none":0.04762511358503575},"expressive":{"dir-action":0.0022713627149346747,"dir-explicit":0.23879996049680002,"dir-speech":0.4287164692653476,"indirect":0.13417830518119378,"writing-device":0.19603390234172396}},{"id":"둘둘치킨-중계브라운스톤점","permalink":"","username":"asdfg","text":"후라이드는 역시 둘둘이 젤 낫네요","date":"Mon Dec 10 23:59:44 +0000 2018","retweets":"30","favorites":"20","mentions":[],"hashtags":[],"geo":"","raw":"후라이드는 역시 둘둘이 젤 낫네요","polarity":{"com":0.007709251001927314,"pos":0.4372945948593237,"neg":0.2371162855592791,"neut":0.29583595557395903,"none":0.022043913005510982},"intensity":{"high":0.03436822600859206,"low":0.09256345702314085,"meium":0.8499230824624807,"none":0.02314523450578631},"expressive":{"dir-action":0.0011013215002753304,"dir-explicit":0.39320676884830175,"dir-speech":0.5069750368767438,"indirect":0.07160338426790086,"writing-device":0.027113488506778374}},{"id":"둘둘치킨-중계브라운스톤점","permalink":"","username":"asdfg","text":"항상 맛있게 잘 먹고 있습니다.","date":"Mon Dec 10 23:59:44 +0000 2018","retweets":"30","favorites":"20","mentions":[],"hashtags":[],"geo":"","raw":"항상 맛있게 잘 먹고 있습니다.","polarity":{"com":0,"pos":0.8571428574285714,"neg":0.10714285705357143,"neut":0.035714285517857144,"none":0},"intensity":{"high":0,"low":0.107142857,"meium":0.8928571430000001,"none":0},"expressive":{"dir-action":0,"dir-explicit":0.357142857,"dir-speech":0.3214285715,"indirect":0.3214285715,"writing-device":0}},{"id":"둘둘치킨-중계브라운스톤점","permalink":"","username":"asdfg","text":"오늘 골뱅이양념 맛있네요 소면도 양 많은데 싱겁지않고 좋아요\n지난번엔 조금 물이 많아서 아쉬웠는데","date":"Mon Dec 10 23:59:44 +0000 2018","retweets":"30","favorites":"20","mentions":[],"hashtags":[],"geo":"","raw":"오늘 골뱅이양념 맛있네요 소면도 양 많은데 싱겁지않고 좋아요\n지난번엔 조금 물이 많아서 아쉬웠는데","polarity":{"com":0.0007936507778659612,"pos":0.38159496970906615,"neg":0.5341047466149006,"neut":0.02183114789131457,"none":0.06167548500685283},"intensity":{"high":0.12181581169373683,"low":0.11412928446980651,"meium":0.702379418822751,"none":0.061675485013705664},"expressive":{"dir-action":0,"dir-explicit":0.24310252280478917,"dir-speech":0.42238325282470923,"indirect":0.2718687216968743,"writing-device":0.06264550267362727}},{"id":"둘둘치킨-중계브라운스톤점","permalink":"","username":"asdfg","text":"맛있어요","date":"Mon Dec 10 23:59:44 +0000 2018","retweets":"30","favorites":"20","mentions":[],"hashtags":[],"geo":"","raw":"맛있어요","polarity":{"com":0,"pos":0,"neg":1,"neut":0,"none":0},"intensity":{"high":0,"low":0,"meium":1,"none":0},"expressive":{"dir-action":0,"dir-explicit":0,"dir-speech":1,"indirect":0,"writing-device":0}},{"id":"둘둘치킨-중계브라운스톤점","permalink":"","username":"asdfg","text":"후라이드 맛있네요","date":"Mon Dec 10 23:59:44 +0000 2018","retweets":"30","favorites":"20","mentions":[],"hashtags":[],"geo":"","raw":"후라이드 맛있네요","polarity":{"com":0,"pos":0,"neg":1,"neut":0,"none":0},"intensity":{"high":0,"low":0,"meium":1,"none":0},"expressive":{"dir-action":0,"dir-explicit":0,"dir-speech":1,"indirect":0,"writing-device":0}},{"id":"둘둘치킨-중계브라운스톤점","permalink":"","username":"asdfg","text":"맛있어요","date":"Mon Dec 10 23:59:44 +0000 2018","retweets":"30","favorites":"20","mentions":[],"hashtags":[],"geo":"","raw":"맛있어요","polarity":{"com":0,"pos":0,"neg":1,"neut":0,"none":0},"intensity":{"high":0,"low":0,"meium":1,"none":0},"expressive":{"dir-action":0,"dir-explicit":0,"dir-speech":1,"indirect":0,"writing-device":0}},{"id":"둘둘치킨-중계브라운스톤점","permalink":"","username":"asdfg","text":"치킨뱅이는 정말 좋은 조합이죠~^^","date":"Mon Dec 10 23:59:44 +0000 2018","retweets":"30","favorites":"20","mentions":[],"hashtags":[],"geo":"","raw":"치킨뱅이는 정말 좋은 조합이죠~^^","polarity":{"com":0.0076252723358750905,"pos":0.5410270775136757,"neg":0.2752380954250794,"neut":0.06224712102074904,"none":0.11386243370462082},"intensity":{"high":0.1197323373732441,"low":0.11993152803997716,"meium":0.6464737008821578,"none":0.1138624337046208},"expressive":{"dir-action":0,"dir-explicit":0.3923436043333333,"dir-speech":0.3564270153333333,"indirect":0.12553999366666668,"writing-device":0.12568938666666665}},{"id":"둘둘치킨-중계브라운스톤점","permalink":"","username":"asdfg","text":"골뱅이만  조금더  있으면  좋을듯","date":"Mon Dec 10 23:59:44 +0000 2018","retweets":"30","favorites":"20","mentions":[],"hashtags":[],"geo":"","raw":"골뱅이만  조금더  있으면  좋을듯","polarity":{"com":0,"pos":0.5331623931777209,"neg":0.23555555541185189,"neut":0.017094017005698008,"none":0.21418803440472936},"intensity":{"high":0.10085470096638177,"low":0.08598290597133902,"meium":0.5989743588003418,"none":0.2141880342619373},"expressive":{"dir-action":0,"dir-explicit":0.33247863266666666,"dir-speech":0.26324786299999997,"indirect":0.19863247866666667,"writing-device":0.20564102566666667}},{"id":"둘둘치킨-중계브라운스톤점","permalink":"","username":"asdfg","text":"잘 먹었습니다","date":"Mon Dec 10 23:59:44 +0000 2018","retweets":"30","favorites":"20","mentions":[],"hashtags":[],"geo":"","raw":"잘 먹었습니다","polarity":{"com":0,"pos":0.7142857147142857,"neg":0.21428571421428572,"neut":0.07142857107142857,"none":0},"intensity":{"high":0,"low":0.214285714,"meium":0.785714286,"none":0},"expressive":{"dir-action":0,"dir-explicit":0.214285714,"dir-speech":0.142857143,"indirect":0.642857143,"writing-device":0}},{"id":"둘둘치킨-중계브라운스톤점","permalink":"","username":"asdfg","text":"골뱅이. 맛나요","date":"Mon Dec 10 23:59:44 +0000 2018","retweets":"30","favorites":"20","mentions":[],"hashtags":[],"geo":"","raw":"골뱅이. 맛나요","polarity":{"com":0,"pos":1,"neg":0,"neut":0,"none":0},"intensity":{"high":0,"low":0,"meium":1,"none":0},"expressive":{"dir-action":0,"dir-explicit":0,"dir-speech":1,"indirect":0,"writing-device":0}},{"id":"둘둘치킨-중계브라운스톤점","permalink":"","username":"asdfg","text":"맛있어요!!!!","date":"Mon Dec 10 23:59:44 +0000 2018","retweets":"30","favorites":"20","mentions":[],"hashtags":[],"geo":"","raw":"맛있어요!!!!","polarity":{"com":0,"pos":0,"neg":1,"neut":0,"none":0},"intensity":{"high":0,"low":0,"meium":1,"none":0},"expressive":{"dir-action":0,"dir-explicit":0,"dir-speech":1,"indirect":0,"writing-device":0}},{"id":"둘둘치킨-중계브라운스톤점","permalink":"","username":"asdfg","text":"마늘치킨 맛있어요~^^","date":"Mon Dec 10 23:59:44 +0000 2018","retweets":"30","favorites":"20","mentions":[],"hashtags":[],"geo":"","raw":"마늘치킨 맛있어요~^^","polarity":{"com":0,"pos":0,"neg":1,"neut":0,"none":0},"intensity":{"high":0,"low":0,"meium":1,"none":0},"expressive":{"dir-action":0,"dir-explicit":0,"dir-speech":1,"indirect":0,"writing-device":0}},{"id":"둘둘치킨-중계브라운스톤점","permalink":"","username":"asdfg","text":"양이 너무 적은것 같아요.","date":"Mon Dec 10 23:59:44 +0000 2018","retweets":"30","favorites":"20","mentions":[],"hashtags":[],"geo":"","raw":"양이 너무 적은것 같아요.","polarity":{"com":0,"pos":0.045454545477272734,"neg":0.681818181659091,"neut":0.045454545477272734,"none":0.22727272738636367},"intensity":{"high":0,"low":0,"meium":0.7727272725000001,"none":0.2272727275},"expressive":{"dir-action":0,"dir-explicit":0.1363636364318182,"dir-speech":0.5909090907045456,"indirect":0.045454545477272734,"writing-device":0.22727272738636367}},{"id":"둘둘치킨-중계브라운스톤점","permalink":"","username":"asdfg","text":"배송 빨랐는데, 콜라는 빼먹고 왔네요~종종 실수 하시더라구요","date":"Mon Dec 10 23:59:44 +0000 2018","retweets":"30","favorites":"20","mentions":[],"hashtags":[],"geo":"","raw":"배송 빨랐는데, 콜라는 빼먹고 왔네요~종종 실수 하시더라구요","polarity":{"com":0.002873563250718391,"pos":0.6241105636560277,"neg":0.22755883980688973,"neut":0.07676518876919129,"none":0.06869184451717296},"intensity":{"high":0.10810071172297482,"low":0.21018062394745482,"meium":0.6101532565974617,"none":0.07156540773210865},"expressive":{"dir-action":0.00287356325,"dir-explicit":0.187055282,"dir-speech":0.37725779975,"indirect":0.351532567,"writing-device":0.08128078799999999}}]