[{"id":"동대문닭한마리-공릉점","permalink":"","username":"asdfg","text":"맛있게 잘먹었습니다.","date":"Mon Dec 10 23:59:44 +0000 2018","retweets":"30","favorites":"20","mentions":[],"hashtags":[],"geo":"","raw":"맛있게 잘먹었습니다.","polarity":{"com":0,"pos":0.35714285717857136,"neg":0.6071428573035714,"neut":0.03571428551785714,"none":0},"intensity":{"high":0,"low":0.107142857,"meium":0.8928571430000001,"none":0},"expressive":{"dir-action":0,"dir-explicit":0.107142857,"dir-speech":0.5714285715,"indirect":0.3214285715,"writing-device":0}},{"id":"동대문닭한마리-공릉점","permalink":"","username":"asdfg","text":"다들 아시겟지만 이집은 국물이 갑~","date":"Mon Dec 10 23:59:44 +0000 2018","retweets":"30","favorites":"20","mentions":[],"hashtags":[],"geo":"","raw":"다들 아시겟지만 이집은 국물이 갑~","polarity":{"com":0.019940837,"pos":0.6511523973333334,"neg":0.267615825,"neut":0.058354083,"none":0.002936857666666667},"intensity":{"high":0.04490412634830137,"low":0.09719296003239764,"meium":0.8486667092828888,"none":0.009236204336412066},"expressive":{"dir-action":0.0014684286676456188,"dir-explicit":0.1960033197973355,"dir-speech":0.6421502907614335,"indirect":0.1559726744373151,"writing-device":0.00440528633627019}},{"id":"동대문닭한마리-공릉점","permalink":"","username":"asdfg","text":"너무너무너무우 맛이써요","date":"Mon Dec 10 23:59:44 +0000 2018","retweets":"30","favorites":"20","mentions":[],"hashtags":[],"geo":"","raw":"너무너무너무우 맛이써요","polarity":{"com":0.047619047666666664,"pos":0.5930735930000001,"neg":0.329004329,"neut":0.03030303033333333,"none":0},"intensity":{"high":0.07792207799999999,"low":0.07792207799999999,"meium":0.844155844,"none":0},"expressive":{"dir-action":0.03030303033333333,"dir-explicit":0.22077922066666666,"dir-speech":0.6103896103333333,"indirect":0.13852813866666666,"writing-device":0}},{"id":"동대문닭한마리-공릉점","permalink":"","username":"asdfg","text":"친절한 배달 및 제조방법 설명 뿐 아니라\n양도 알맞게 정말 맛있게 잘 먹었습니다!ㅎ\n한가지 아쉬웠던건 배달 받을때 제조방법을 듣긴했지만..\n기억력이 좋지않아 ㅠㅠ \n따로 메모지 같은곳에 제조방법을 같이 적어서 배달해주시면 더 좋을것같다고 생각이 들었습니다ㅎ\n다음에 또 주문할게요!!","date":"Mon Dec 10 23:59:44 +0000 2018","retweets":"30","favorites":"20","mentions":[],"hashtags":[],"geo":"","raw":"친절한 배달 및 제조방법 설명 뿐 아니라\n양도 알맞게 정말 맛있게 잘 먹었습니다!ㅎ\n한가지 아쉬웠던건 배달 받을때 제조방법을 듣긴했지만..\n기억력이 좋지않아 ㅠㅠ \n따로 메모지 같은곳에 제조방법을 같이 적어서 배달해주시면 더 좋을것같다고 생각이 들었습니다ㅎ\n다음에 또 주문할게요!!","polarity":{"com":0.00861590211405909,"pos":0.4283614298187136,"neg":0.2622768079596497,"neut":0.20199969877661544,"none":0.09874616133096212},"intensity":{"high":0.0796027152631075,"low":0.0813015269552845,"meium":0.7397420837892507,"none":0.09935367399235745},"expressive":{"dir-action":0.000938364576850895,"dir-explicit":0.2542482674035193,"dir-speech":0.3928543298543958,"indirect":0.24582152821185987,"writing-device":0.10613750995337405}},{"id":"동대문닭한마리-공릉점","permalink":"","username":"asdfg","text":"난백숙을 시킨건데 닭도리탕용닭으로왔고요 김치는 무슨그런김치가 다있나싶어요 맛은 정\n말없고 떡은 떡뽁이떡 이고 밥은 햇밥 헐 정말 돈이 아까워요   먹지도 않더라고요  식구모두가 말이죠  .....정말  아까워요","date":"Mon Dec 10 23:59:44 +0000 2018","retweets":"30","favorites":"20","mentions":[],"hashtags":[],"geo":"","raw":"난백숙을 시킨건데 닭도리탕용닭으로왔고요 김치는 무슨그런김치가 다있나싶어요 맛은 정\n말없고 떡은 떡뽁이떡 이고 밥은 햇밥 헐 정말 돈이 아까워요   먹지도 않더라고요  식구모두가 말이죠  .....정말  아까워요","polarity":{"com":0.007845155000313806,"pos":0.40868556253634747,"neg":0.3802111672152085,"neut":0.09685995852387441,"none":0.10639815672425594},"intensity":{"high":0.10208241416408333,"low":0.1864894376074596,"meium":0.5638460547025539,"none":0.14758209352590332},"expressive":{"dir-action":0.0012110880000968873,"dir-explicit":0.24182118417934567,"dir-speech":0.5055566854004445,"indirect":0.14069308249125545,"writing-device":0.11071795992885745}},{"id":"동대문닭한마리-공릉점","permalink":"","username":"asdfg","text":"맛있어요 사장님이 친절하게 먹는 방법도 가르쳐주셔서 잘먹었습니당","date":"Mon Dec 10 23:59:44 +0000 2018","retweets":"30","favorites":"20","mentions":[],"hashtags":[],"geo":"","raw":"맛있어요 사장님이 친절하게 먹는 방법도 가르쳐주셔서 잘먹었습니당","polarity":{"com":0.007170263286738609,"pos":0.4279237344897034,"neg":0.5248813125035545,"neut":0.03477218086211031,"none":0.005252508857893216},"intensity":{"high":0.05094613272156373,"low":0.13354222259050602,"meium":0.809322589544189,"none":0.006189055143741294},"expressive":{"dir-action":0.0015509855716501406,"dir-explicit":0.38065476391152203,"dir-speech":0.4394988653484998,"indirect":0.17241354973891623,"writing-device":0.0058818354294116896}},{"id":"동대문닭한마리-공릉점","permalink":"","username":"asdfg","text":"끊여 먹어야 하는게 좀 번거로울수있고 맛의 차이도 있을줄 알았는데 간장 소스와 다데기로 다양한 맛을 즐길수있어 맛있었네요","date":"Mon Dec 10 23:59:44 +0000 2018","retweets":"30","favorites":"20","mentions":[],"hashtags":[],"geo":"","raw":"끊여 먹어야 하는게 좀 번거로울수있고 맛의 차이도 있을줄 알았는데 간장 소스와 다데기로 다양한 맛을 즐길수있어 맛있었네요","polarity":{"com":0.0013615215999092318,"pos":0.4907477579006168,"neg":0.3433828049771078,"neut":0.027790619398147295,"none":0.13671729612421882},"intensity":{"high":0.0629762255958016,"low":0.14842652885677154,"meium":0.6450530598236631,"none":0.14354418572376373},"expressive":{"dir-action":0.0007662835333844189,"dir-explicit":0.17377926987825196,"dir-speech":0.40079031762671935,"indirect":0.21898131561459877,"writing-device":0.20568281334704555}},{"id":"동대문닭한마리-공릉점","permalink":"","username":"asdfg","text":"아저씨도 너무 친절하시고 맛도 가서 먹는거랑 아예 똑같네요 정말 맛있습니다.","date":"Mon Dec 10 23:59:44 +0000 2018","retweets":"30","favorites":"20","mentions":[],"hashtags":[],"geo":"","raw":"아저씨도 너무 친절하시고 맛도 가서 먹는거랑 아예 똑같네요 정말 맛있습니다.","polarity":{"com":0.003785385142857143,"pos":0.42793803728571433,"neg":0.306197259,"neut":0.039996409142857146,"none":0.22208290942857145},"intensity":{"high":0.1763803272857143,"low":0.09063645,"meium":0.5105930935714286,"none":0.22239012914285716},"expressive":{"dir-action":0.0009216589998683345,"dir-explicit":0.2102735718271038,"dir-speech":0.49151189307264115,"indirect":0.07623037484625281,"writing-device":0.22106250125413393}},{"id":"동대문닭한마리-공릉점","permalink":"","username":"asdfg","text":"배달이빠르고 설명을 해주셔서 좋아요","date":"Mon Dec 10 23:59:44 +0000 2018","retweets":"30","favorites":"20","mentions":[],"hashtags":[],"geo":"","raw":"배달이빠르고 설명을 해주셔서 좋아요","polarity":{"com":0.0022988506,"pos":0.771444739,"neg":0.11922900100000003,"neut":0.044562334200000005,"none":0.0624650752},"intensity":{"high":0.07837312118432538,"low":0.09995402298000919,"meium":0.7569089300486183,"none":0.06476392578704722},"expressive":{"dir-action":0.0022988506,"dir-explicit":0.1829531388,"dir-speech":0.3996816976,"indirect":0.3457046862,"writing-device":0.06936162679999999}},{"id":"동대문닭한마리-공릉점","permalink":"","username":"asdfg","text":"항상 맛있게 먹고 있어요.","date":"Mon Dec 10 23:59:44 +0000 2018","retweets":"30","favorites":"20","mentions":[],"hashtags":[],"geo":"","raw":"항상 맛있게 먹고 있어요.","polarity":{"com":0,"pos":0.6666666665000001,"neg":0.3333333335,"neut":0,"none":0},"intensity":{"high":0.0555555555,"low":0.111111111,"meium":0.8333333334999999,"none":0},"expressive":{"dir-action":0,"dir-explicit":0.361111111,"dir-speech":0.638888889,"indirect":0,"writing-device":0}},{"id":"동대문닭한마리-공릉점","permalink":"","username":"asdfg","text":"너무 맛있어서 다 클리어했어요ㅋㅋㅋㅋ 진짜 간도 딱이고 배달도 너무 깔끔하게 왔어용","date":"Mon Dec 10 23:59:44 +0000 2018","retweets":"30","favorites":"20","mentions":[],"hashtags":[],"geo":"","raw":"너무 맛있어서 다 클리어했어요ㅋㅋㅋㅋ 진짜 간도 딱이고 배달도 너무 깔끔하게 왔어용","polarity":{"com":0.04399612074999999,"pos":0.50179532,"neg":0.2956679605,"neut":0.08855090862500001,"none":0.069989690125},"intensity":{"high":0.1190973265,"low":0.0709533435,"meium":0.73931544725,"none":0.07063388275},"expressive":{"dir-action":0.0011818269998522717,"dir-explicit":0.3270025039591247,"dir-speech":0.36805887282899263,"indirect":0.2309407503461324,"writing-device":0.07281604586589799}},{"id":"동대문닭한마리-공릉점","permalink":"","username":"asdfg","text":"그냥 맛있어요!^^","date":"Mon Dec 10 23:59:44 +0000 2018","retweets":"30","favorites":"20","mentions":[],"hashtags":[],"geo":"","raw":"그냥 맛있어요!^^","polarity":{"com":0,"pos":0,"neg":1,"neut":0,"none":0},"intensity":{"high":0,"low":0,"meium":1,"none":0},"expressive":{"dir-action":0,"dir-explicit":0,"dir-speech":1,"indirect":0,"writing-device":0}},{"id":"동대문닭한마리-공릉점","permalink":"","username":"asdfg","text":"양 많구 좋았어용ㅋㅋ","date":"Mon Dec 10 23:59:44 +0000 2018","retweets":"30","favorites":"20","mentions":[],"hashtags":[],"geo":"","raw":"양 많구 좋았어용ㅋㅋ","polarity":{"com":0,"pos":0.6556521740000001,"neg":0.3026086955,"neut":0.0217391305,"none":0.02},"intensity":{"high":0.23043478261521738,"low":0.1286956520643478,"meium":0.6208695653104348,"none":0.020000000009999998},"expressive":{"dir-action":0,"dir-explicit":0.5608695652804347,"dir-speech":0.20869565210434782,"indirect":0.21043478260521742,"writing-device":0.020000000009999998}},{"id":"동대문닭한마리-공릉점","permalink":"","username":"asdfg","text":"ㅠ 그냥 집에서 직접 만들어서 먹는게 더 맛있을거같습니다..","date":"Mon Dec 10 23:59:44 +0000 2018","retweets":"30","favorites":"20","mentions":[],"hashtags":[],"geo":"","raw":"ㅠ 그냥 집에서 직접 만들어서 먹는게 더 맛있을거같습니다..","polarity":{"com":0,"pos":0.4,"neg":0.6,"neut":0,"none":0},"intensity":{"high":0.022222222199999996,"low":0.111111111,"meium":0.8666666667999999,"none":0},"expressive":{"dir-action":0,"dir-explicit":0.04444444439999999,"dir-speech":0.5555555556,"indirect":0.2,"writing-device":0.2}},{"id":"동대문닭한마리-공릉점","permalink":"","username":"asdfg","text":"늘 맛있네요 번창하세요^^","date":"Mon Dec 10 23:59:44 +0000 2018","retweets":"30","favorites":"20","mentions":[],"hashtags":[],"geo":"","raw":"늘 맛있네요 번창하세요^^","polarity":{"com":0.009677419499999998,"pos":0.25806451599999997,"neg":0.676344086,"neut":0.041935483999999995,"none":0.013978494499999997},"intensity":{"high":0.069892473,"low":0.058064516,"meium":0.8569892475,"none":0.0150537635},"expressive":{"dir-action":0.0032258065,"dir-explicit":0.1569892475,"dir-speech":0.647311828,"indirect":0.1784946235,"writing-device":0.0139784945}},{"id":"동대문닭한마리-공릉점","permalink":"","username":"asdfg","text":"맛있어서 두번째 시켜먹음","date":"Mon Dec 10 23:59:44 +0000 2018","retweets":"30","favorites":"20","mentions":[],"hashtags":[],"geo":"","raw":"맛있어서 두번째 시켜먹음","polarity":{"com":0,"pos":0.1666666665,"neg":0.8333333334999999,"neut":0,"none":0},"intensity":{"high":0.0555555555,"low":0.111111111,"meium":0.8333333334999999,"none":0},"expressive":{"dir-action":0,"dir-explicit":0.111111111,"dir-speech":0.888888889,"indirect":0,"writing-device":0}},{"id":"동대문닭한마리-공릉점","permalink":"","username":"asdfg","text":"배달해주시는 분이 친절하게 설명해주시고 뭐부터 넣어야하는지 알려주셔서 맛있게 잘먹었어요 다음에도 또 주문할게요❤️","date":"Mon Dec 10 23:59:44 +0000 2018","retweets":"30","favorites":"20","mentions":[],"hashtags":[],"geo":"","raw":"배달해주시는 분이 친절하게 설명해주시고 뭐부터 넣어야하는지 알려주셔서 맛있게 잘먹었어요 다음에도 또 주문할게요❤️","polarity":{"com":0.003165995750263833,"pos":0.4864973426238748,"neg":0.3908917757825743,"neut":0.04368875467030739,"none":0.07575613117297968},"intensity":{"high":0.03313205149723899,"low":0.08926143682589487,"meium":0.8007133145999406,"none":0.07689319707692555},"expressive":{"dir-action":0.0014954888333333334,"dir-explicit":0.16814626483333334,"dir-speech":0.634629968,"indirect":0.11769382208333336,"writing-device":0.07803445625000001}},{"id":"동대문닭한마리-공릉점","permalink":"","username":"asdfg","text":"처음 시커봤는데 맛있네요\n맛도 양도 배달도 만족합니다\n다음에 또 먹을 것 같아요","date":"Mon Dec 10 23:59:44 +0000 2018","retweets":"30","favorites":"20","mentions":[],"hashtags":[],"geo":"","raw":"처음 시커봤는데 맛있네요\n맛도 양도 배달도 만족합니다\n다음에 또 먹을 것 같아요","polarity":{"com":0.01785714286830357,"pos":0.3327922077502029,"neg":0.5097402596838474,"neut":0.011363636370738636,"none":0.12824675332690746},"intensity":{"high":0,"low":0,"meium":0.871753246625,"none":0.128246753375},"expressive":{"dir-action":0,"dir-explicit":0.21266233769683446,"dir-speech":0.6120129869719967,"indirect":0.029220779242694808,"writing-device":0.14610389608847404}},{"id":"동대문닭한마리-공릉점","permalink":"","username":"asdfg","text":"집에서 편하게 먹어서 좋네요.맛은 원래 맛있으니패스","date":"Mon Dec 10 23:59:44 +0000 2018","retweets":"30","favorites":"20","mentions":[],"hashtags":[],"geo":"","raw":"집에서 편하게 먹어서 좋네요.맛은 원래 맛있으니패스","polarity":{"com":0,"pos":0.7922222221666666,"neg":0.20111111116666663,"neut":0,"none":0.006666666666666666},"intensity":{"high":0.05185185183333333,"low":0.23814814816666666,"meium":0.7033333333333333,"none":0.006666666666666667},"expressive":{"dir-action":0,"dir-explicit":0.137037037,"dir-speech":0.662962963,"indirect":0.19333333333333333,"writing-device":0.006666666666666667}},{"id":"동대문닭한마리-공릉점","permalink":"","username":"asdfg","text":"친절하게 설명해주신 덕분에 맛있게 먹었어요\n닭한마리를 집에서 먹는다는 게 넘 좋네요\n애용하겠습니다!!","date":"Mon Dec 10 23:59:44 +0000 2018","retweets":"30","favorites":"20","mentions":[],"hashtags":[],"geo":"","raw":"친절하게 설명해주신 덕분에 맛있게 먹었어요\n닭한마리를 집에서 먹는다는 게 넘 좋네요\n애용하겠습니다!!","polarity":{"com":0.006394082600000001,"pos":0.5638457488,"neg":0.3661627302,"neut":0.056801739500000004,"none":0.006795698899999999},"intensity":{"high":0.0772688207,"low":0.0952361815,"meium":0.8204842451000001,"none":0.0070107526999999975},"expressive":{"dir-action":0.001919046699616191,"dir-explicit":0.22038768485592247,"dir-speech":0.4775243955044951,"indirect":0.2927362313414527,"writing-device":0.007432641598513475}},{"id":"동대문닭한마리-공릉점","permalink":"","username":"asdfg","text":"배달도 빠르구요 남편이 몸살있다해서 시켰어요 지난번 너무 맛있었거든요 양념도 따로 마니 챙겨주샸고 \n육수도 한봉지 더주셨어요 행복한 점심이 될거같아요\n육수로는 다른거 한번더 끓여먹음 될거같어요","date":"Mon Dec 10 23:59:44 +0000 2018","retweets":"30","favorites":"20","mentions":[],"hashtags":[],"geo":"","raw":"배달도 빠르구요 남편이 몸살있다해서 시켰어요 지난번 너무 맛있었거든요 양념도 따로 마니 챙겨주샸고 \n육수도 한봉지 더주셨어요 행복한 점심이 될거같아요\n육수로는 다른거 한번더 끓여먹음 될거같어요","polarity":{"com":0.011320390235960024,"pos":0.48289265726369957,"neg":0.41167868449480466,"neut":0.021569887295386465,"none":0.0725383807101493},"intensity":{"high":0.08837947970068358,"low":0.12191600275753438,"meium":0.7164900043107948,"none":0.07321451323098738},"expressive":{"dir-action":0.0006761325293719922,"dir-explicit":0.1786169941071402,"dir-speech":0.5300810378511717,"indirect":0.1277303924630747,"writing-device":0.16289544304924145}},{"id":"동대문닭한마리-공릉점","permalink":"","username":"asdfg","text":"배달도 빨랐고 국물 많이 달라는 요청도 들어주셨네요 ㅎㅎ 친절히 설명해주셔서 그런지 홀에서보다 더 맛있었다는 ^^ 자주 시킬 것 같아요! 닭매운탕도 짱맛 ㅋㅋㅋ","date":"Mon Dec 10 23:59:44 +0000 2018","retweets":"30","favorites":"20","mentions":[],"hashtags":[],"geo":"","raw":"배달도 빨랐고 국물 많이 달라는 요청도 들어주셨네요 ㅎㅎ 친절히 설명해주셔서 그런지 홀에서보다 더 맛있었다는 ^^ 자주 시킬 것 같아요! 닭매운탕도 짱맛 ㅋㅋㅋ","polarity":{"com":0.0010204081428571428,"pos":0.57083591,"neg":0.26622345921428575,"neut":0.043681715071428574,"none":0.11823850757142858},"intensity":{"high":0.046485260785714286,"low":0.18015873014285716,"meium":0.6551175015,"none":0.11823850757142858},"expressive":{"dir-action":0,"dir-explicit":0.08937847870151737,"dir-speech":0.5036899607851871,"indirect":0.2885796742444886,"writing-device":0.11835188626880688}},{"id":"동대문닭한마리-공릉점","permalink":"","username":"asdfg","text":"추워서 나가기 싫었는데 닭한마리를 배달로 먹을수 있다니 너무 좋았어요. 남편이랑 둘이 한마리에 떡이랑 칼국수 먹었는데 배터질뻔했고요. 떡이 쫄깃하고 칼국수도 쫀쫀했어요. 그리고 김치넉넉히주셔서 맛있었구요. 소스 다대기도 맛있고 육수랑 다대기, 김치 등 부족함없이 먹었어요. 사장님 배달해주시면서 친절히 먹는법 설명해주셔서 도움되었고요. 반조리상태라 조금 더 익혀서 먹으면 되니까 시간 단축되었어요. 정말 맛있었어요~","date":"Mon Dec 10 23:59:44 +0000 2018","retweets":"30","favorites":"20","mentions":[],"hashtags":[],"geo":"","raw":"추워서 나가기 싫었는데 닭한마리를 배달로 먹을수 있다니 너무 좋았어요. 남편이랑 둘이 한마리에 떡이랑 칼국수 먹었는데 배터질뻔했고요. 떡이 쫄깃하고 칼국수도 쫀쫀했어요. 그리고 김치넉넉히주셔서 맛있었구요. 소스 다대기도 맛있고 육수랑 다대기, 김치 등 부족함없이 먹었어요. 사장님 배달해주시면서 친절히 먹는법 설명해주셔서 도움되었고요. 반조리상태라 조금 더 익혀서 먹으면 되니까 시간 단축되었어요. 정말 맛있었어요~","polarity":{"com":0.010883778969948013,"pos":0.4256115002396699,"neg":0.44730693732662896,"neut":0.059173550172989794,"none":0.05702423329076328},"intensity":{"high":0.10828595496740334,"low":0.10861406893798195,"meium":0.6960151890677643,"none":0.08708478702685045},"expressive":{"dir-action":0.0007823163528491391,"dir-explicit":0.2569404677638893,"dir-speech":0.4791879108553897,"indirect":0.20497013494647406,"writing-device":0.058119170081397734}},{"id":"동대문닭한마리-공릉점","permalink":"","username":"asdfg","text":"첫주문인데 완전 성공했어요\n진짜 맛있어요 사장님께서 배달해주신거같은데 끓이는방법까지 자세히 설명해주시고 맛있게 잘 먹었습니다","date":"Mon Dec 10 23:59:44 +0000 2018","retweets":"30","favorites":"20","mentions":[],"hashtags":[],"geo":"","raw":"첫주문인데 완전 성공했어요\n진짜 맛있어요 사장님께서 배달해주신거같은데 끓이는방법까지 자세히 설명해주시고 맛있게 잘 먹었습니다","polarity":{"com":0.003519061636683551,"pos":0.5224130707747648,"neg":0.44724200531338565,"neut":0.02174277336561298,"none":0.005083088909553009},"intensity":{"high":0.025415444727272727,"low":0.04059488890909091,"meium":0.9285155705454545,"none":0.005474095818181818},"expressive":{"dir-action":0.0011730205454545456,"dir-explicit":0.3038402458181818,"dir-speech":0.33928222318181817,"indirect":0.2597123306363636,"writing-device":0.09599217981818181}},{"id":"동대문닭한마리-공릉점","permalink":"","username":"asdfg","text":"안녕하세요 애기둘엄마 십년차주부입니다\n참 맛있네요 \n짜지도않고 깊은맛이있어요\n보통 배달은 시키고 나면 맛있게 먹고 나중에 물이 너무 땡기거든요 이건 그렇지않았고요 배달하시는 분께서 사장님이신지 자세히 먹는법 설명을 해주셨습니다\n반조리 상태로 옵니다 떡이 떠오르면 드세여 감자는 생감자 같아요 좀더 끓여주세여 면은 칼국수면입니다 얇은 칼국수면 그거 금방익어 맛있네요 아이들 잘 먹였어요 집에서 이것저것 준비하기 어렵고 가스냄시나도 환기어려운 요즘에 잘 먹었네요 \n있다 남편오면 덜어놓은거 데워줄려구오 \n양배추가 신의 한수였습니다 겨자소스","date":"Mon Dec 10 23:59:44 +0000 2018","retweets":"30","favorites":"20","mentions":[],"hashtags":[],"geo":"","raw":"안녕하세요 애기둘엄마 십년차주부입니다\n참 맛있네요 \n짜지도않고 깊은맛이있어요\n보통 배달은 시키고 나면 맛있게 먹고 나중에 물이 너무 땡기거든요 이건 그렇지않았고요 배달하시는 분께서 사장님이신지 자세히 먹는법 설명을 해주셨습니다\n반조리 상태로 옵니다 떡이 떠오르면 드세여 감자는 생감자 같아요 좀더 끓여주세여 면은 칼국수면입니다 얇은 칼국수면 그거 금방익어 맛있네요 아이들 잘 먹였어요 집에서 이것저것 준비하기 어렵고 가스냄시나도 환기어려운 요즘에 잘 먹었네요 \n있다 남편오면 덜어놓은거 데워줄려구오 \n양배추가 신의 한수였습니다 겨자소스","polarity":{"com":0.013401075020804058,"pos":0.49531622184971896,"neg":0.3957492451837449,"neut":0.03142434608188547,"none":0.06410911186384655},"intensity":{"high":0.09744729778974472,"low":0.1109610140710961,"meium":0.7072158991107216,"none":0.0843757890284376},"expressive":{"dir-action":0.00008810572000000001,"dir-explicit":0.25437607298,"dir-speech":0.39645508298,"indirect":0.27193860946,"writing-device":0.07714212885999998}},{"id":"동대문닭한마리-공릉점","permalink":"","username":"asdfg","text":"닭한마리를 한번 먹고 생각나도 배달하는 곳이 없어 못 먹었는데 일단 배달이 된다는게~ 맛은 기대 안했는데 맛있었고요 양은 다리 두개 아이 주고 혼자 다 먹었는데 좀 모자란 ㅋㅋ 국수도 시킬걸 그랬나봐요 살이 좀 적었어요 국물이 맛있어요 아저씨 친절하게 어떻게 알려주셔서 좋았어요","date":"Mon Dec 10 23:59:44 +0000 2018","retweets":"30","favorites":"20","mentions":[],"hashtags":[],"geo":"","raw":"닭한마리를 한번 먹고 생각나도 배달하는 곳이 없어 못 먹었는데 일단 배달이 된다는게~ 맛은 기대 안했는데 맛있었고요 양은 다리 두개 아이 주고 혼자 다 먹었는데 좀 모자란 ㅋㅋ 국수도 시킬걸 그랬나봐요 살이 좀 적었어요 국물이 맛있어요 아저씨 친절하게 어떻게 알려주셔서 좋았어요","polarity":{"com":0.011693370703270617,"pos":0.47327318024173065,"neg":0.3954080910964664,"neut":0.040037954146665264,"none":0.07958740381186714},"intensity":{"high":0.08914908189219073,"low":0.09049517707742577,"meium":0.7406090381015041,"none":0.07974670292887952},"expressive":{"dir-action":0.0009497066665611439,"dir-explicit":0.22710736767846956,"dir-speech":0.5277124912376616,"indirect":0.16312846631520797,"writing-device":0.08110196810209977}},{"id":"동대문닭한마리-공릉점","permalink":"","username":"asdfg","text":"맛있게 먹었어요~^^ 국물 담백하네요","date":"Mon Dec 10 23:59:44 +0000 2018","retweets":"30","favorites":"20","mentions":[],"hashtags":[],"geo":"","raw":"맛있게 먹었어요~^^ 국물 담백하네요","polarity":{"com":0.006006006,"pos":0.2364864865,"neg":0.74324324325,"neut":0.00825825825,"none":0.006006006},"intensity":{"high":0.05630630625,"low":0.0765765765,"meium":0.8603603605,"none":0.00675675675},"expressive":{"dir-action":0.0007507507500000002,"dir-explicit":0.13363363350000002,"dir-speech":0.7169669670000001,"indirect":0.14189189200000002,"writing-device":0.0067567567500000005}}]