[{"id":"맥시칸치킨-태능점","permalink":"","username":"asdfg","text":"항상 배달의 민족에서 시켰다가 요기요에서는 처음 시켰는데 배달료가 2000원 추가되네요 ㅠㅠ\n\n여기 치킨 정말 맛있어요!! 양도 많고 튀김옷도 과하지\n않고 무엇보다 닭이 신선한것 같아요~~\n원래는 파닭만 먹다가 첨으로 순살후라이드 반 순살양념 반 주문했는데 이것도 넘나 맛있어요~\n위에 떡꼬치도 넘나 맛나게 먹었어요~^^\n\n조만간 또 주문할게요!!","date":"Mon Dec 10 23:59:44 +0000 2018","retweets":"30","favorites":"20","mentions":[],"hashtags":[],"geo":"","raw":"항상 배달의 민족에서 시켰다가 요기요에서는 처음 시켰는데 배달료가 2000원 추가되네요 ㅠㅠ\n\n여기 치킨 정말 맛있어요!! 양도 많고 튀김옷도 과하지\n않고 무엇보다 닭이 신선한것 같아요~~\n원래는 파닭만 먹다가 첨으로 순살후라이드 반 순살양념 반 주문했는데 이것도 넘나 맛있어요~\n위에 떡꼬치도 넘나 맛나게 먹었어요~^^\n\n조만간 또 주문할게요!!","polarity":{"com":0.015081873130316956,"pos":0.5338492020265636,"neg":0.34969633729672733,"neut":0.019830922996033812,"none":0.08154166455035833},"intensity":{"high":0.13830414202411306,"low":0.15315574938978962,"meium":0.6234270526251048,"none":0.08511305596099246},"expressive":{"dir-action":0.000530207633262639,"dir-explicit":0.2119665025717378,"dir-speech":0.42315555474357935,"indirect":0.2741320914634491,"writing-device":0.09021564358797127}},{"id":"맥시칸치킨-태능점","permalink":"","username":"asdfg","text":"존맛~~~~~+\n~~~","date":"Mon Dec 10 23:59:44 +0000 2018","retweets":"30","favorites":"20","mentions":[],"hashtags":[],"geo":"","raw":"존맛~~~~~+\n~~~","polarity":{"com":0,"pos":1,"neg":0,"neut":0,"none":0},"intensity":{"high":0,"low":0,"meium":1,"none":0},"expressive":{"dir-action":0,"dir-explicit":0,"dir-speech":1,"indirect":0,"writing-device":0}},{"id":"맥시칸치킨-태능점","permalink":"","username":"asdfg","text":"양과 맛 둘다 최고입니다","date":"Mon Dec 10 23:59:44 +0000 2018","retweets":"30","favorites":"20","mentions":[],"hashtags":[],"geo":"","raw":"양과 맛 둘다 최고입니다","polarity":{"com":0.012820512670940172,"pos":0.5256410258418803,"neg":0.11538461537179487,"neut":0.34615384611538463,"none":0},"intensity":{"high":0.358974359,"low":0.051282051333333335,"meium":0.5897435896666666,"none":0},"expressive":{"dir-action":0,"dir-explicit":0.08974358966666666,"dir-speech":0.4102564103333333,"indirect":0.5,"writing-device":0}},{"id":"맥시칸치킨-태능점","permalink":"","username":"asdfg","text":"양도 많고 바삭하고 짱이에요 !","date":"Mon Dec 10 23:59:44 +0000 2018","retweets":"30","favorites":"20","mentions":[],"hashtags":[],"geo":"","raw":"양도 많고 바삭하고 짱이에요 !","polarity":{"com":0.01145669,"pos":0.36625478100000003,"neg":0.4150980066666667,"neut":0.06798234866666666,"none":0.13920817366666668},"intensity":{"high":0.16775435805591812,"low":0.14184247738061417,"meium":0.5473635731824545,"none":0.1430395913810132},"expressive":{"dir-action":0.0038314176692209453,"dir-explicit":0.366986441577991,"dir-speech":0.2779329288519553,"indirect":0.19401083779600725,"writing-device":0.15723837410482558}},{"id":"맥시칸치킨-태능점","permalink":"","username":"asdfg","text":"와~우 굿","date":"Mon Dec 10 23:59:44 +0000 2018","retweets":"30","favorites":"20","mentions":[],"hashtags":[],"geo":"","raw":"와~~~~~~~~~~~우 굿","polarity":{"com":0,"pos":0.75,"neg":0,"neut":0.25,"none":0},"intensity":{"high":0,"low":0,"meium":1,"none":0},"expressive":{"dir-action":0,"dir-explicit":0,"dir-speech":0.25,"indirect":0.75,"writing-device":0}},{"id":"맥시칸치킨-태능점","permalink":"","username":"asdfg","text":"배달 빠르고 맛있고 친절하셔용","date":"Mon Dec 10 23:59:44 +0000 2018","retweets":"30","favorites":"20","mentions":[],"hashtags":[],"geo":"","raw":"배달 빠르고 맛있고 친절하셔용","polarity":{"com":0.006451612999999999,"pos":0.505376344,"neg":0.4508960573333334,"neut":0.027956989333333335,"none":0.009318996333333334},"intensity":{"high":0.04659498199999999,"low":0.038709677333333324,"meium":0.9046594983333333,"none":0.010035842333333331},"expressive":{"dir-action":0.0021505376666666664,"dir-explicit":0.10465949833333332,"dir-speech":0.764874552,"indirect":0.11899641566666665,"writing-device":0.009318996333333333}},{"id":"맥시칸치킨-태능점","permalink":"","username":"asdfg","text":"요즘 맥시칸 닭강정 지점차가 심해서 걱정했는데 여긴 ㅅㅌㅊ네요","date":"Mon Dec 10 23:59:44 +0000 2018","retweets":"30","favorites":"20","mentions":[],"hashtags":[],"geo":"","raw":"요즘 맥시칸 닭강정 지점차가 심해서 걱정했는데 여긴 ㅅㅌㅊ네요","polarity":{"com":0.0035714286000000004,"pos":0.40214285720000004,"neg":0.5728571428000001,"neut":0.016071428600000003,"none":0.005357142800000001},"intensity":{"high":0.07214285719999998,"low":0.2614285713999999,"meium":0.6592857141999999,"none":0.007142857199999998},"expressive":{"dir-action":0,"dir-explicit":0.23500000000000001,"dir-speech":0.2625,"indirect":0.49714285720000007,"writing-device":0.0053571428}},{"id":"맥시칸치킨-태능점","permalink":"","username":"asdfg","text":"잘 먹었습니다~~~","date":"Mon Dec 10 23:59:44 +0000 2018","retweets":"30","favorites":"20","mentions":[],"hashtags":[],"geo":"","raw":"잘 먹었습니다~~~","polarity":{"com":0,"pos":0.7142857147142857,"neg":0.21428571421428572,"neut":0.07142857107142857,"none":0},"intensity":{"high":0,"low":0.214285714,"meium":0.785714286,"none":0},"expressive":{"dir-action":0,"dir-explicit":0.214285714,"dir-speech":0.142857143,"indirect":0.642857143,"writing-device":0}},{"id":"맥시칸치킨-태능점","permalink":"","username":"asdfg","text":"순살치킨은 맥시칸이 가성비 가장 좋아요!","date":"Mon Dec 10 23:59:44 +0000 2018","retweets":"30","favorites":"20","mentions":[],"hashtags":[],"geo":"","raw":"순살치킨은 맥시칸이 가성비 가장 좋아요!","polarity":{"com":0.00423728825,"pos":0.6723163839999999,"neg":0.30649717525,"neut":0.008474576249999997,"none":0.00847457625},"intensity":{"high":0.23375706205843927,"low":0.03389830500847457,"meium":0.7238700566809675,"none":0.008474576252118645},"expressive":{"dir-action":0,"dir-explicit":0.234463277,"dir-speech":0.47316384175000004,"indirect":0.283898305,"writing-device":0.008474576250000001}},{"id":"맥시칸치킨-태능점","permalink":"","username":"asdfg","text":"밋잇게 먹엇습니당~♡","date":"Mon Dec 10 23:59:44 +0000 2018","retweets":"30","favorites":"20","mentions":[],"hashtags":[],"geo":"","raw":"밋잇게 먹엇습니당~♡","polarity":{"com":null,"pos":null,"neg":null,"neut":null,"none":null},"intensity":{"high":null,"low":null,"meium":null,"none":null},"expressive":{"dir-action":null,"dir-explicit":null,"dir-speech":null,"indirect":null,"writing-device":null}},{"id":"맥시칸치킨-태능점","permalink":"","username":"asdfg","text":"우리동네 맥시칸이 있어서 정말 행복합니다 ㅋ","date":"Mon Dec 10 23:59:44 +0000 2018","retweets":"30","favorites":"20","mentions":[],"hashtags":[],"geo":"","raw":"우리동네 맥시칸이 있어서 정말 행복합니다 ㅋ","polarity":{"com":0.043300248250000006,"pos":0.489609181,"neg":0.33817204300000003,"neut":0.0594292805,"none":0.06948924725},"intensity":{"high":0.21763854425,"low":0.06749379650000001,"meium":0.6448407775,"none":0.07002688175},"expressive":{"dir-action":0.00161290325,"dir-explicit":0.395802316,"dir-speech":0.36692514475,"indirect":0.16617038875,"writing-device":0.06948924725}},{"id":"맥시칸치킨-태능점","permalink":"","username":"asdfg","text":"너무 너무 맛있어요~!!!!","date":"Mon Dec 10 23:59:44 +0000 2018","retweets":"30","favorites":"20","mentions":[],"hashtags":[],"geo":"","raw":"너무 너무 맛있어요~!!!!","polarity":{"com":0.07142857150000001,"pos":0.07142857150000001,"neg":0.857142857,"neut":0,"none":0},"intensity":{"high":0.07142857150000001,"low":0.07142857150000001,"meium":0.857142857,"none":0},"expressive":{"dir-action":0,"dir-explicit":0.2857142855,"dir-speech":0.642857143,"indirect":0.0714285715,"writing-device":0}},{"id":"맥시칸치킨-태능점","permalink":"","username":"asdfg","text":"배달은 예상시간이랑 똑같았구여 역시나맛있습니다ㅎㅎㅎ","date":"Mon Dec 10 23:59:44 +0000 2018","retweets":"30","favorites":"20","mentions":[],"hashtags":[],"geo":"","raw":"배달은 예상시간이랑 똑같았구여 역시나맛있습니다ㅎㅎㅎ","polarity":{"com":0,"pos":0.375,"neg":0.625,"neut":0,"none":0},"intensity":{"high":0.0625,"low":0,"meium":0.9375,"none":0},"expressive":{"dir-action":0,"dir-explicit":0.1875,"dir-speech":0.75,"indirect":0.0625,"writing-device":0}},{"id":"맥시칸치킨-태능점","permalink":"","username":"asdfg","text":"어니언치킨 정말 맛있어요!! 양도 엄청 많았고 젓가락도 많이 챙겨주시고 친절했습니당!!","date":"Mon Dec 10 23:59:44 +0000 2018","retweets":"30","favorites":"20","mentions":[],"hashtags":[],"geo":"","raw":"어니언치킨 정말 맛있어요!! 양도 엄청 많았고 젓가락도 많이 챙겨주시고 친절했습니당!!","polarity":{"com":0.0032258064999999996,"pos":0.7762388966666668,"neg":0.1529842605,"neut":0.021224871500000003,"none":0.04632616483333334},"intensity":{"high":0.15010908519168487,"low":0.22225338937037553,"meium":0.5809529375968255,"none":0.04668458784111411},"expressive":{"dir-action":0.001075268833512545,"dir-explicit":0.555952937592659,"dir-speech":0.29366916004894483,"indirect":0.10297646868382943,"writing-device":0.04632616484105436}},{"id":"맥시칸치킨-태능점","permalink":"","username":"asdfg","text":"배달은 그저 그랬구 치킨 맛있었어요~","date":"Mon Dec 10 23:59:44 +0000 2018","retweets":"30","favorites":"20","mentions":[],"hashtags":[],"geo":"","raw":"배달은 그저 그랬구 치킨 맛있었어요~","polarity":{"com":0,"pos":0.3333333333333333,"neg":0.5,"neut":0,"none":0.16666666666666666},"intensity":{"high":0,"low":0.16666666666666666,"meium":0.6666666666666666,"none":0.16666666666666666},"expressive":{"dir-action":0,"dir-explicit":0,"dir-speech":0.6666666666666666,"indirect":0.16666666666666666,"writing-device":0.16666666666666666}},{"id":"맥시칸치킨-태능점","permalink":"","username":"asdfg","text":"맛있었어요 맛있었러요","date":"Mon Dec 10 23:59:44 +0000 2018","retweets":"30","favorites":"20","mentions":[],"hashtags":[],"geo":"","raw":"맛있었어요 맛있었러요","polarity":{"com":0,"pos":0,"neg":1,"neut":0,"none":0},"intensity":{"high":0,"low":0,"meium":1,"none":0},"expressive":{"dir-action":0,"dir-explicit":0,"dir-speech":1,"indirect":0,"writing-device":0}},{"id":"맥시칸치킨-태능점","permalink":"","username":"asdfg","text":"맛있네요!!떡도 있고 포테이토도 있고 깻잎이 느끼 함도 잡아주고 진짜 잘 먹었습니다~","date":"Mon Dec 10 23:59:44 +0000 2018","retweets":"30","favorites":"20","mentions":[],"hashtags":[],"geo":"","raw":"맛있네요!!떡도 있고 포테이토도 있고 깻잎이 느끼 함도 잡아주고 진짜 잘 먹었습니다~","polarity":{"com":0.00568079642938297,"pos":0.4407556414915365,"neg":0.35936123347990867,"neut":0.027892654861127523,"none":0.16630967373804426},"intensity":{"high":0.021481389860211628,"low":0.07143081901020439,"meium":0.7401487908200213,"none":0.1669390003095627},"expressive":{"dir-action":0.0006293265716083789,"dir-explicit":0.17973493347992428,"dir-speech":0.46325444284664424,"indirect":0.18944229676841207,"writing-device":0.16693900033341116}},{"id":"맥시칸치킨-태능점","permalink":"","username":"asdfg","text":"졸맛탱입니당 짱짱\n배달도 굳굳","date":"Mon Dec 10 23:59:44 +0000 2018","retweets":"30","favorites":"20","mentions":[],"hashtags":[],"geo":"","raw":"졸맛탱입니당 짱짱\n배달도 굳굳","polarity":{"com":0.007625272333333333,"pos":0.7952069716666667,"neg":0.09259259266666665,"neut":0.030501089333333332,"none":0.074074074},"intensity":{"high":0.04248366001416121,"low":0.027233115342411036,"meium":0.8562091506187364,"none":0.07407407402469135},"expressive":{"dir-action":0,"dir-explicit":0.13943355133333335,"dir-speech":0.7342047930000001,"indirect":0.04575163400000001,"writing-device":0.08061002166666668}},{"id":"맥시칸치킨-태능점","permalink":"","username":"asdfg","text":"넘 맛있게 잘 먹었어요","date":"Mon Dec 10 23:59:44 +0000 2018","retweets":"30","favorites":"20","mentions":[],"hashtags":[],"geo":"","raw":"넘 맛있게 잘 먹었어요","polarity":{"com":0,"pos":0.35714285717857136,"neg":0.6071428573035714,"neut":0.03571428551785714,"none":0},"intensity":{"high":0,"low":0.107142857,"meium":0.8928571430000001,"none":0},"expressive":{"dir-action":0,"dir-explicit":0.107142857,"dir-speech":0.5714285715,"indirect":0.3214285715,"writing-device":0}},{"id":"맥시칸치킨-태능점","permalink":"","username":"asdfg","text":"그냥 맛있음 양도 많고","date":"Mon Dec 10 23:59:44 +0000 2018","retweets":"30","favorites":"20","mentions":[],"hashtags":[],"geo":"","raw":"그냥 맛있음 양도 많고","polarity":{"com":0,"pos":0.195652174,"neg":0.7826086955,"neut":0.0217391305,"none":0},"intensity":{"high":0.1304347825652174,"low":0.10869565205434782,"meium":0.7608695653804347,"none":0},"expressive":{"dir-action":0,"dir-explicit":0.2608695651304348,"dir-speech":0.6086956523043479,"indirect":0.1304347825652174,"writing-device":0}},{"id":"맥시칸치킨-태능점","permalink":"","username":"asdfg","text":"정말 맛있습니다!!","date":"Mon Dec 10 23:59:44 +0000 2018","retweets":"30","favorites":"20","mentions":[],"hashtags":[],"geo":"","raw":"정말 맛있습니다!!","polarity":{"com":0,"pos":0.75,"neg":0,"neut":0,"none":0.25},"intensity":{"high":0.5,"low":0,"meium":0.25,"none":0.25},"expressive":{"dir-action":0,"dir-explicit":0.5,"dir-speech":0.25,"indirect":0,"writing-device":0.25}},{"id":"맥시칸치킨-태능점","permalink":"","username":"asdfg","text":"역시 기대한 것처럼 맛있네용 ㅎㅎ","date":"Mon Dec 10 23:59:44 +0000 2018","retweets":"30","favorites":"20","mentions":[],"hashtags":[],"geo":"","raw":"역시 기대한 것처럼 맛있네용 ㅎㅎ","polarity":{"com":0.010791090752697772,"pos":0.27188940081797236,"neg":0.401664106600416,"neut":0.12017409103004352,"none":0.19548131079887032},"intensity":{"high":0.05081925226270482,"low":0.13220686103305174,"meium":0.6209549414052387,"none":0.19601894529900477},"expressive":{"dir-action":0.0016129032504032259,"dir-explicit":0.20746287780186576,"dir-speech":0.49032258062258066,"indirect":0.09916794677479199,"writing-device":0.20143369155035845}},{"id":"맥시칸치킨-태능점","permalink":"","username":"asdfg","text":"ㅣ","date":"Mon Dec 10 23:59:44 +0000 2018","retweets":"30","favorites":"20","mentions":[],"hashtags":[],"geo":"","raw":"ㅣㅣㅣㅣㅣㅣㅣㅣㅣㅣ","polarity":{"com":null,"pos":null,"neg":null,"neut":null,"none":null},"intensity":{"high":null,"low":null,"meium":null,"none":null},"expressive":{"dir-action":null,"dir-explicit":null,"dir-speech":null,"indirect":null,"writing-device":null}},{"id":"맥시칸치킨-태능점","permalink":"","username":"asdfg","text":"너무 맛있어서 5일만에 다시 시켜 먹었네요~","date":"Mon Dec 10 23:59:44 +0000 2018","retweets":"30","favorites":"20","mentions":[],"hashtags":[],"geo":"","raw":"너무 맛있어서 5일만에 다시 시켜 먹었네요~","polarity":{"com":0.03571428575,"pos":0.407738095,"neg":0.41666666674999997,"neut":0,"none":0.1398809525},"intensity":{"high":0.1200396825,"low":0.09126984125000001,"meium":0.64880952375,"none":0.13988095250000002},"expressive":{"dir-action":0,"dir-explicit":0.31746031725,"dir-speech":0.4444444445,"indirect":0.09821428574999999,"writing-device":0.1398809525}},{"id":"맥시칸치킨-태능점","permalink":"","username":"asdfg","text":"sns에서 그렇게 강추 하길래 시켜봤는데 진짜 맛있네요 양도 많고 떡이랑 감자튀김도 맛있고 소스가 정말 제 스타일 입니다 재주문각 입니다 서비스콜라 코카콜라 500ml 클라스 개쩌네여","date":"Mon Dec 10 23:59:44 +0000 2018","retweets":"30","favorites":"20","mentions":[],"hashtags":[],"geo":"","raw":"sns에서 그렇게 강추 하길래 시켜봤는데 진짜 맛있네요 양도 많고 떡이랑 감자튀김도 맛있고 소스가 정말 제 스타일 입니다 재주문각 입니다 서비스콜라 코카콜라 500ml 클라스 개쩌네여","polarity":{"com":0.006326606692794353,"pos":0.36536077733579697,"neg":0.42821565418678575,"neut":0.09607028923815927,"none":0.1040266725464636},"intensity":{"high":0.10661996893127845,"low":0.09591509454583963,"meium":0.689214757514555,"none":0.10825017900832695},"expressive":{"dir-action":0.0008841733078283344,"dir-explicit":0.30974045681688317,"dir-speech":0.4412399662986523,"indirect":0.1389890704829214,"writing-device":0.10914633309371481}},{"id":"맥시칸치킨-태능점","permalink":"","username":"asdfg","text":"닭강정음 역시 하림 맥시칸이에옄ㅋㅋㅋㅋ항상 여기서 시켜먹지만 여기처럼 맛있는데눈 없다니깐여~~배달하시는분도 짱짱 착하세요~~","date":"Mon Dec 10 23:59:44 +0000 2018","retweets":"30","favorites":"20","mentions":[],"hashtags":[],"geo":"","raw":"닭강정음 역시 하림 맥시칸이에옄ㅋㅋㅋㅋ항상 여기서 시켜먹지만 여기처럼 맛있는데눈 없다니깐여~~배달하시는분도 짱짱 착하세요~~","polarity":{"com":0.008928571377232143,"pos":0.6770833334192708,"neg":0.22172619055543152,"neut":0.05059523801264881,"none":0.04166666663541667},"intensity":{"high":0.03174603175396826,"low":0.07837301575979662,"meium":0.8482142858560268,"none":0.041666666630208335},"expressive":{"dir-action":0,"dir-explicit":0.23462301580865577,"dir-speech":0.5228174603807044,"indirect":0.20089285717522323,"writing-device":0.041666666635416676}},{"id":"맥시칸치킨-태능점","permalink":"","username":"asdfg","text":"맛있었어요! 다음에 또 시켜먹어야겠습니다~","date":"Mon Dec 10 23:59:44 +0000 2018","retweets":"30","favorites":"20","mentions":[],"hashtags":[],"geo":"","raw":"맛있었어요! 다음에 또 시켜먹어야겠습니다~","polarity":{"com":0,"pos":0.1190476189702381,"neg":0.7738095238065477,"neut":0,"none":0.1071428572232143},"intensity":{"high":0.02777777775,"low":0.0555555555,"meium":0.8095238095,"none":0.10714285725},"expressive":{"dir-action":0,"dir-explicit":0.09126984125,"dir-speech":0.765873016,"indirect":0,"writing-device":0.14285714275}},{"id":"맥시칸치킨-태능점","permalink":"","username":"asdfg","text":"제일 좋아하는 치킨집이요ㅠㅠㅠ","date":"Mon Dec 10 23:59:44 +0000 2018","retweets":"30","favorites":"20","mentions":[],"hashtags":[],"geo":"","raw":"제일 좋아하는 치킨집이요ㅠㅠㅠ","polarity":{"com":0,"pos":1,"neg":0,"neut":0,"none":0},"intensity":{"high":0,"low":0,"meium":1,"none":0},"expressive":{"dir-action":0,"dir-explicit":1,"dir-speech":0,"indirect":0,"writing-device":0}},{"id":"맥시칸치킨-태능점","permalink":"","username":"asdfg","text":"맛도 좋고 맛있게 먹었습니다!항상 감사합니닿ㅎ","date":"Mon Dec 10 23:59:44 +0000 2018","retweets":"30","favorites":"20","mentions":[],"hashtags":[],"geo":"","raw":"맛도 좋고 맛있게 먹었습니다!항상 감사합니닿ㅎ","polarity":{"com":0,"pos":0.6506666666,"neg":0.3413333334,"neut":0,"none":0.008},"intensity":{"high":0.062222222199999996,"low":0.0524444444,"meium":0.8773333334,"none":0.008},"expressive":{"dir-action":0,"dir-explicit":0.2644444444,"dir-speech":0.6955555556,"indirect":0.032,"writing-device":0.008}},{"id":"맥시칸치킨-태능점","permalink":"","username":"asdfg","text":"가격은 착한데 배달료 붙어서 좀 그랬구요..맛있는데 둘이서 먹긴해는 좀 부족해요","date":"Mon Dec 10 23:59:44 +0000 2018","retweets":"30","favorites":"20","mentions":[],"hashtags":[],"geo":"","raw":"가격은 착한데 배달료 붙어서 좀 그랬구요..맛있는데 둘이서 먹긴해는 좀 부족해요","polarity":{"com":0.0030837004,"pos":0.5765051394999999,"neg":0.2607195301,"neut":0.15881057269999999,"none":0.0008810573000000001},"intensity":{"high":0.021683798302168378,"low":0.13543808121354378,"meium":0.8415565345841556,"none":0.0013215859001321584},"expressive":{"dir-action":0.00044052860004405284,"dir-explicit":0.2436319138243632,"dir-speech":0.53390112585339,"indirect":0.22070484582207048,"writing-device":0.0013215859001321586}},{"id":"맥시칸치킨-태능점","permalink":"","username":"asdfg","text":"배달도 예상시간보다 빨리오고 치킨도 따뜻하고 맛있어여!","date":"Mon Dec 10 23:59:44 +0000 2018","retweets":"30","favorites":"20","mentions":[],"hashtags":[],"geo":"","raw":"배달도 예상시간보다 빨리오고 치킨도 따뜻하고 맛있어여!","polarity":{"com":0.005194480166666668,"pos":0.4711497211666667,"neg":0.4391462891666667,"neut":0.007886457833333334,"none":0.07662305166666668},"intensity":{"high":0.0844952095,"low":0.033061633,"meium":0.8053196053333332,"none":0.07712355216666666},"expressive":{"dir-action":0.0005005004999165834,"dir-explicit":0.2913377662847771,"dir-speech":0.39834834826694204,"indirect":0.23388030896101994,"writing-device":0.0759330759873445}},{"id":"맥시칸치킨-태능점","permalink":"","username":"asdfg","text":"양많고 배달 빠르고 친절해요\n\n치킨은 살짝 퍽퍽해요 그래도 맛있어요","date":"Mon Dec 10 23:59:44 +0000 2018","retweets":"30","favorites":"20","mentions":[],"hashtags":[],"geo":"","raw":"양많고 배달 빠르고 친절해요\n\n치킨은 살짝 퍽퍽해요 그래도 맛있어요","polarity":{"com":0.006050665333333333,"pos":0.3772275971666667,"neg":0.4128712661666667,"neut":0.19354125566666666,"none":0.010309215666666666},"intensity":{"high":0.08372490436124164,"low":0.2448522594149507,"meium":0.660755197553585,"none":0.010667638670222544},"expressive":{"dir-action":0.0010752688335125447,"dir-explicit":0.18448401103074732,"dir-speech":0.6785561657797593,"indirect":0.12557533868759588,"writing-device":0.010309215668384868}},{"id":"맥시칸치킨-태능점","permalink":"","username":"asdfg","text":"양도 많고 맛있고..가성비좋아요","date":"Mon Dec 10 23:59:44 +0000 2018","retweets":"30","favorites":"20","mentions":[],"hashtags":[],"geo":"","raw":"양도 많고 맛있고..가성비좋아요","polarity":{"com":0,"pos":0.13043478266666667,"neg":0.8550724636666666,"neut":0.014492753666666663,"none":0},"intensity":{"high":0.2536231884178744,"low":0.07246376802415458,"meium":0.673913043557971,"none":0},"expressive":{"dir-action":0,"dir-explicit":0.17391304339130437,"dir-speech":0.40579710146859904,"indirect":0.4202898551400967,"writing-device":0}},{"id":"맥시칸치킨-태능점","permalink":"","username":"asdfg","text":"맛있었어요! 배달도 예상시간보다 빨라서 좋았습니다!","date":"Mon Dec 10 23:59:44 +0000 2018","retweets":"30","favorites":"20","mentions":[],"hashtags":[],"geo":"","raw":"맛있었어요! 배달도 예상시간보다 빨라서 좋았습니다!","polarity":{"com":0,"pos":0.6839999999999999,"neg":0.308,"neut":0,"none":0.008},"intensity":{"high":0.09,"low":0.0746666666,"meium":0.8273333334,"none":0.008},"expressive":{"dir-action":0,"dir-explicit":0.27,"dir-speech":0.44000000000000006,"indirect":0.282,"writing-device":0.008}},{"id":"맥시칸치킨-태능점","permalink":"","username":"asdfg","text":"배달도 빠르고 비오는 날이였는데 감사해요","date":"Mon Dec 10 23:59:44 +0000 2018","retweets":"30","favorites":"20","mentions":[],"hashtags":[],"geo":"","raw":"배달도 빠르고 비오는 날이였는데 감사해요","polarity":{"com":0.125,"pos":0.75,"neg":0.125,"neut":0,"none":0},"intensity":{"high":0.25,"low":0.08333333325,"meium":0.66666666675,"none":0},"expressive":{"dir-action":0,"dir-explicit":0.125,"dir-speech":0.625,"indirect":0.25,"writing-device":0}},{"id":"맥시칸치킨-태능점","permalink":"","username":"asdfg","text":"맛있고 완전 빠른배달! 항상 요구사항 이것저것있는데 잘 들어주시고 감사합니다ㅎㅎ","date":"Mon Dec 10 23:59:44 +0000 2018","retweets":"30","favorites":"20","mentions":[],"hashtags":[],"geo":"","raw":"맛있고 완전 빠른배달! 항상 요구사항 이것저것있는데 잘 들어주시고 감사합니다ㅎㅎ","polarity":{"com":0.0011160713751395088,"pos":0.6941964285867745,"neg":0.23437500002929687,"neut":0.013392857126674106,"none":0.05691964288211496},"intensity":{"high":0.130580357125,"low":0.033482142874999996,"meium":0.779017857125,"none":0.056919642875},"expressive":{"dir-action":0,"dir-explicit":0.176339285625,"dir-speech":0.60602678575,"indirect":0.16071428575,"writing-device":0.056919642875}},{"id":"맥시칸치킨-태능점","permalink":"","username":"asdfg","text":"닭강정 너무 맛있게 잘 먹었습니다!\n양이 정말 많아서 좋았어요!!","date":"Mon Dec 10 23:59:44 +0000 2018","retweets":"30","favorites":"20","mentions":[],"hashtags":[],"geo":"","raw":"닭강정 너무 맛있게 잘 먹었습니다!\n양이 정말 많아서 좋았어요!!","polarity":{"com":0.028571428605714284,"pos":0.7054285715410857,"neg":0.19371428563874285,"neut":0.014285714202857142,"none":0.058000000011599995},"intensity":{"high":0.16857142860000002,"low":0.0794285714,"meium":0.694,"none":0.057999999999999996},"expressive":{"dir-action":0,"dir-explicit":0.37714285700000005,"dir-speech":0.17571428579999998,"indirect":0.3891428572,"writing-device":0.057999999999999996}},{"id":"맥시칸치킨-태능점","permalink":"","username":"asdfg","text":"맛있어요!\n깻잎 잘라주신거 너무 센스 있으신거같아요\n다음엔 매운맛도 사먹을게요~\n많이 파세요 ㅎㅎㅎ","date":"Mon Dec 10 23:59:44 +0000 2018","retweets":"30","favorites":"20","mentions":[],"hashtags":[],"geo":"","raw":"맛있어요!\n깻잎 잘라주신거 너무 센스 있으신거같아요\n다음엔 매운맛도 사먹을게요~\n많이 파세요 ㅎㅎㅎ","polarity":{"com":0.01986607137748326,"pos":0.16840277764605036,"neg":0.6583829367072979,"neut":0.032043650754005455,"none":0.12130456351516308},"intensity":{"high":0.045262896875,"low":0.138045635,"meium":0.695386904625,"none":0.12130456350000002},"expressive":{"dir-action":0,"dir-explicit":0.16681547610414807,"dir-speech":0.5016617064372922,"indirect":0.08412698411448412,"writing-device":0.24739583334407553}},{"id":"맥시칸치킨-태능점","permalink":"","username":"asdfg","text":"맥시칸은 제가 어릴쩍 이사오기전 집옆이라 자주시켜먹었던 곳이라 근처 친정집 온김에  시켜먹었는데..주문란에 치밥을 좋아해서 양념소스 넉넉히 묻혀달라 했는데 그게쫌 아쉽네요ㅠㅠ\n그래도 맛있어요","date":"Mon Dec 10 23:59:44 +0000 2018","retweets":"30","favorites":"20","mentions":[],"hashtags":[],"geo":"","raw":"맥시칸은 제가 어릴쩍 이사오기전 집옆이라 자주시켜먹었던 곳이라 근처 친정집 온김에  시켜먹었는데..주문란에 치밥을 좋아해서 양념소스 넉넉히 묻혀달라 했는데 그게쫌 아쉽네요ㅠㅠ\n그래도 맛있어요","polarity":{"com":0.015722868865618474,"pos":0.27234783958184344,"neg":0.5172826622321811,"neut":0.16275939332248268,"none":0.03188723599787418},"intensity":{"high":0.07069055106666665,"low":0.19672481366666664,"meium":0.6993358776,"none":0.03324875766666666},"expressive":{"dir-action":0.004469987266964666,"dir-explicit":0.17058266454470553,"dir-speech":0.5177338196345156,"indirect":0.2717202524847813,"writing-device":0.03549327606903288}},{"id":"맥시칸치킨-태능점","permalink":"","username":"asdfg","text":"매번 맛나요 굿굿굿굿","date":"Mon Dec 10 23:59:44 +0000 2018","retweets":"30","favorites":"20","mentions":[],"hashtags":[],"geo":"","raw":"매번 맛나요 굿굿굿굿","polarity":{"com":0,"pos":1,"neg":0,"neut":0,"none":0},"intensity":{"high":0,"low":0,"meium":1,"none":0},"expressive":{"dir-action":0,"dir-explicit":0,"dir-speech":0.3333333333333333,"indirect":0.6666666666666666,"writing-device":0}},{"id":"맥시칸치킨-태능점","permalink":"","username":"asdfg","text":"다른 앱 쓰다가 요기요로 갈아타고 첫주문인데 항상 맛있고 배달까지 빨라서 넘 좋아요😽","date":"Mon Dec 10 23:59:44 +0000 2018","retweets":"30","favorites":"20","mentions":[],"hashtags":[],"geo":"","raw":"다른 앱 쓰다가 요기요로 갈아타고 첫주문인데 항상 맛있고 배달까지 빨라서 넘 좋아요😽","polarity":{"com":0,"pos":0.926060606,"neg":0.05212121216666665,"neut":0.015151515166666664,"none":0.006666666666666666},"intensity":{"high":0.048484848500000004,"low":0.07737373733333333,"meium":0.8674747475000001,"none":0.006666666666666667},"expressive":{"dir-action":0.015151515166666666,"dir-explicit":0.36515151516666666,"dir-speech":0.3742424241666667,"indirect":0.23878787883333333,"writing-device":0.006666666666666667}},{"id":"맥시칸치킨-태능점","permalink":"","username":"asdfg","text":"맛있게 잘먹었습니다^^","date":"Mon Dec 10 23:59:44 +0000 2018","retweets":"30","favorites":"20","mentions":[],"hashtags":[],"geo":"","raw":"맛있게 잘먹었습니다^^","polarity":{"com":0,"pos":0.35714285717857136,"neg":0.6071428573035714,"neut":0.03571428551785714,"none":0},"intensity":{"high":0,"low":0.107142857,"meium":0.8928571430000001,"none":0},"expressive":{"dir-action":0,"dir-explicit":0.107142857,"dir-speech":0.5714285715,"indirect":0.3214285715,"writing-device":0}},{"id":"맥시칸치킨-태능점","permalink":"","username":"asdfg","text":"안 매워서 아이들이 좋아하고 닭강정 정말 맛있어요","date":"Mon Dec 10 23:59:44 +0000 2018","retweets":"30","favorites":"20","mentions":[],"hashtags":[],"geo":"","raw":"안 매워서 아이들이 좋아하고 닭강정 정말 맛있어요","polarity":{"com":0,"pos":0.75,"neg":0.140625,"neut":0.03125,"none":0.078125},"intensity":{"high":0.203125,"low":0,"meium":0.71875,"none":0.078125},"expressive":{"dir-action":0,"dir-explicit":0.296875,"dir-speech":0.234375,"indirect":0.375,"writing-device":0.09375}},{"id":"맥시칸치킨-태능점","permalink":"","username":"asdfg","text":"안 매워서 아이들이 좋아하고 닭강정 정말 맛있어요","date":"Mon Dec 10 23:59:44 +0000 2018","retweets":"30","favorites":"20","mentions":[],"hashtags":[],"geo":"","raw":"안 매워서 아이들이 좋아하고 닭강정 정말 맛있어요","polarity":{"com":0,"pos":0.75,"neg":0.140625,"neut":0.03125,"none":0.078125},"intensity":{"high":0.203125,"low":0,"meium":0.71875,"none":0.078125},"expressive":{"dir-action":0,"dir-explicit":0.296875,"dir-speech":0.234375,"indirect":0.375,"writing-device":0.09375}},{"id":"맥시칸치킨-태능점","permalink":"","username":"asdfg","text":"진짜 젤 맛있어오 ㅠㅠ","date":"Mon Dec 10 23:59:44 +0000 2018","retweets":"30","favorites":"20","mentions":[],"hashtags":[],"geo":"","raw":"진짜 젤 맛있어오 ㅠㅠ","polarity":{"com":0,"pos":0,"neg":1,"neut":0,"none":0},"intensity":{"high":0,"low":0,"meium":1,"none":0},"expressive":{"dir-action":0,"dir-explicit":0,"dir-speech":1,"indirect":0,"writing-device":0}},{"id":"맥시칸치킨-태능점","permalink":"","username":"asdfg","text":"파닭 ㅜㅠ 진짜 파와 닭뿐. 전화로 문의하니 소스를 뿌려단다. 무슨소스 ??쌩파에 닭만있을뿐 실망이다. 복은밥은 하림꺼 포장지 그대로 밥비벼먹으라고 종이그릇이랑 장난하는것도 아니고 ...","date":"Mon Dec 10 23:59:44 +0000 2018","retweets":"30","favorites":"20","mentions":[],"hashtags":[],"geo":"","raw":"파닭 ㅜㅠ 진짜 파와 닭뿐. 전화로 문의하니 소스를 뿌려단다. 무슨소스 ??쌩파에 닭만있을뿐 실망이다. 복은밥은 하림꺼 포장지 그대로 밥비벼먹으라고 종이그릇이랑 장난하는것도 아니고 ...","polarity":{"com":0.007365016462105001,"pos":0.5349220637334555,"neg":0.3151345694088565,"neut":0.01966726992458979,"none":0.12291108047099317},"intensity":{"high":0.058211373542939336,"low":0.1055049395465773,"meium":0.6688284822052945,"none":0.16745520470518888},"expressive":{"dir-action":0.07839926668024627,"dir-explicit":0.18814110774028597,"dir-speech":0.27150873265053715,"indirect":0.33704156094814747,"writing-device":0.12490933198078318}},{"id":"맥시칸치킨-태능점","permalink":"","username":"asdfg","text":"개존맛탱 순살도 맛있고 닭강정은 말해봤자 필요없음ㅇㅇ 떡이 큰걸로 바뀌었던데 전 갠적으로 바뀐떡이 더 좋아요 쫄깃쫄깃해서ㅎㅎ 감튀가 없던게 찌금 마음아프지만 괜찮습니다","date":"Mon Dec 10 23:59:44 +0000 2018","retweets":"30","favorites":"20","mentions":[],"hashtags":[],"geo":"","raw":"개존맛탱 순살도 맛있고 닭강정은 말해봤자 필요없음ㅇㅇ 떡이 큰걸로 바뀌었던데 전 갠적으로 바뀐떡이 더 좋아요 쫄깃쫄깃해서ㅎㅎ 감튀가 없던게 찌금 마음아프지만 괜찮습니다","polarity":{"com":0.006533909353325523,"pos":0.5435270221496192,"neg":0.30616962990036295,"neut":0.07939414629878791,"none":0.06437529229790442},"intensity":{"high":0.10107431653535733,"low":0.09641875106449525,"meium":0.7354271099844368,"none":0.06707982241571059},"expressive":{"dir-action":0.0006761325294515373,"dir-explicit":0.22297369466017497,"dir-speech":0.47769706426339403,"indirect":0.23084885854299114,"writing-device":0.0678042500039885}},{"id":"맥시칸치킨-태능점","permalink":"","username":"asdfg","text":"배달은 정말 빠릅니다\n그리고 맛과 비주얼은 사진그대로네요 헛~~","date":"Mon Dec 10 23:59:44 +0000 2018","retweets":"30","favorites":"20","mentions":[],"hashtags":[],"geo":"","raw":"배달은 정말 빠릅니다\n그리고 맛과 비주얼은 사진그대로네요 헛~~","polarity":{"com":0.00423728825,"pos":0.67648305075,"neg":0.2398305085,"neut":0.00847457625,"none":0.07097457625},"intensity":{"high":0.15042372878760593,"low":0.08389830502097459,"meium":0.6947033899236759,"none":0.07097457626774364},"expressive":{"dir-action":0,"dir-explicit":0.29279661025000003,"dir-speech":0.5023305085,"indirect":0.133898305,"writing-device":0.07097457625}},{"id":"맥시칸치킨-태능점","permalink":"","username":"asdfg","text":"배달은 문자로 알려준 시간보다 일찍 왔어요 배달해주시는분이 사장님이신지 친절하시더라구요~ 새해 인사까지 해주셨어요\n포장 열고나서는 순살치킨인가 싶었는데 치킨보다 좀 더 달고 튀김옷도 치킨이랑은 차이가 있더라구요\n달달하니 먹을만하긴 한데 딱히 닭강정 맛은 아닌거 같아요...","date":"Mon Dec 10 23:59:44 +0000 2018","retweets":"30","favorites":"20","mentions":[],"hashtags":[],"geo":"","raw":"배달은 문자로 알려준 시간보다 일찍 왔어요 배달해주시는분이 사장님이신지 친절하시더라구요~ 새해 인사까지 해주셨어요\n포장 열고나서는 순살치킨인가 싶었는데 치킨보다 좀 더 달고 튀김옷도 치킨이랑은 차이가 있더라구요\n달달하니 먹을만하긴 한데 딱히 닭강정 맛은 아닌거 같아요...","polarity":{"com":0.00767949023969282,"pos":0.5116934026995322,"neg":0.37767434274489303,"neut":0.028994070238840236,"none":0.07395869407704166},"intensity":{"high":0.10252695188820214,"low":0.09659753224772781,"meium":0.7261948186980955,"none":0.07468069716597446},"expressive":{"dir-action":0.007560712759697573,"dir-explicit":0.2299111567108036,"dir-speech":0.4442153880222313,"indirect":0.19171508135233145,"writing-device":0.1265976611549361}},{"id":"맥시칸치킨-태능점","permalink":"","username":"asdfg","text":"배달도 빠르거 맛있었어요","date":"Mon Dec 10 23:59:44 +0000 2018","retweets":"30","favorites":"20","mentions":[],"hashtags":[],"geo":"","raw":"배달도 빠르거 맛있었어요","polarity":{"com":0,"pos":0.5,"neg":0.5,"neut":0,"none":0},"intensity":{"high":0,"low":0,"meium":1,"none":0},"expressive":{"dir-action":0,"dir-explicit":0,"dir-speech":1,"indirect":0,"writing-device":0}},{"id":"맥시칸치킨-태능점","permalink":"","username":"asdfg","text":"맛있고 배달도 빨랐어요~","date":"Mon Dec 10 23:59:44 +0000 2018","retweets":"30","favorites":"20","mentions":[],"hashtags":[],"geo":"","raw":"맛있고 배달도 빨랐어요~","polarity":{"com":0,"pos":0.6666666666666666,"neg":0.3333333333333333,"neut":0,"none":0},"intensity":{"high":0,"low":0.111111111,"meium":0.888888889,"none":0},"expressive":{"dir-action":0,"dir-explicit":0,"dir-speech":0.6666666666666666,"indirect":0.3333333333333333,"writing-device":0}},{"id":"맥시칸치킨-태능점","permalink":"","username":"asdfg","text":"굿~","date":"Mon Dec 10 23:59:44 +0000 2018","retweets":"30","favorites":"20","mentions":[],"hashtags":[],"geo":"","raw":"굿~~~~~~~~~","polarity":{"com":0,"pos":1,"neg":0,"neut":0,"none":0},"intensity":{"high":0,"low":0,"meium":1,"none":0},"expressive":{"dir-action":0,"dir-explicit":0,"dir-speech":0,"indirect":1,"writing-device":0}},{"id":"맥시칸치킨-태능점","permalink":"","username":"asdfg","text":"맛있게 잘먹었습니당","date":"Mon Dec 10 23:59:44 +0000 2018","retweets":"30","favorites":"20","mentions":[],"hashtags":[],"geo":"","raw":"맛있게 잘먹었습니당","polarity":{"com":0,"pos":0.35714285717857136,"neg":0.6071428573035714,"neut":0.03571428551785714,"none":0},"intensity":{"high":0,"low":0.107142857,"meium":0.8928571430000001,"none":0},"expressive":{"dir-action":0,"dir-explicit":0.107142857,"dir-speech":0.5714285715,"indirect":0.3214285715,"writing-device":0}},{"id":"맥시칸치킨-태능점","permalink":"","username":"asdfg","text":"닭강정 굿이네요. \n양념이 과하지도 않고 튀김도 적절하게 튀겨져서 맛있게 먹었어요.","date":"Mon Dec 10 23:59:44 +0000 2018","retweets":"30","favorites":"20","mentions":[],"hashtags":[],"geo":"","raw":"닭강정 굿이네요. \n양념이 과하지도 않고 튀김도 적절하게 튀겨져서 맛있게 먹었어요.","polarity":{"com":0.008643342750000001,"pos":0.47577942949999996,"neg":0.38383055812499994,"neut":0.018713773500000003,"none":0.113032896125},"intensity":{"high":0.07708329788463542,"low":0.08337954051042244,"meium":0.7255782293406973,"none":0.11395893226424486},"expressive":{"dir-action":0.0009260361248842455,"dir-explicit":0.16500750272937406,"dir-speech":0.3536376684557953,"indirect":0.368255574703968,"writing-device":0.11217321798597835}},{"id":"맥시칸치킨-태능점","permalink":"","username":"asdfg","text":"가성비 좋아요~~~~","date":"Mon Dec 10 23:59:44 +0000 2018","retweets":"30","favorites":"20","mentions":[],"hashtags":[],"geo":"","raw":"가성비 좋아요~~~~","polarity":{"com":0,"pos":0.550909091,"neg":0.29272727249999997,"neut":0.09090909099999998,"none":0.06545454549999999},"intensity":{"high":0.1454545455,"low":0.110909091,"meium":0.678181818,"none":0.0654545455},"expressive":{"dir-action":0,"dir-explicit":0.3,"dir-speech":0.509090909,"indirect":0.12545454550000001,"writing-device":0.0654545455}},{"id":"맥시칸치킨-태능점","permalink":"","username":"asdfg","text":"배달도 빠르고 맛있아용","date":"Mon Dec 10 23:59:44 +0000 2018","retweets":"30","favorites":"20","mentions":[],"hashtags":[],"geo":"","raw":"배달도 빠르고 맛있아용","polarity":{"com":0,"pos":1,"neg":0,"neut":0,"none":0},"intensity":{"high":0,"low":0.111111111,"meium":0.888888889,"none":0},"expressive":{"dir-action":0,"dir-explicit":0,"dir-speech":0.6666666666666666,"indirect":0.3333333333333333,"writing-device":0}},{"id":"맥시칸치킨-태능점","permalink":"","username":"asdfg","text":"항상먹는 메뉴~싸고맛있고 ^^","date":"Mon Dec 10 23:59:44 +0000 2018","retweets":"30","favorites":"20","mentions":[],"hashtags":[],"geo":"","raw":"항상먹는 메뉴~싸고맛있고 ^^","polarity":{"com":0,"pos":0.5,"neg":0.5,"neut":0,"none":0},"intensity":{"high":0,"low":0,"meium":1,"none":0},"expressive":{"dir-action":0,"dir-explicit":0.25,"dir-speech":0.75,"indirect":0,"writing-device":0}},{"id":"맥시칸치킨-태능점","permalink":"","username":"asdfg","text":"다음에도 시켜먹을게요 맛잇어요","date":"Mon Dec 10 23:59:44 +0000 2018","retweets":"30","favorites":"20","mentions":[],"hashtags":[],"geo":"","raw":"다음에도 시켜먹을게요 맛잇어요","polarity":{"com":0.00178571425,"pos":0.38690476175,"neg":0.498809524,"neut":0.0035714285,"none":0.1089285715},"intensity":{"high":0.0634920635,"low":0.084126984,"meium":0.743452381,"none":0.1089285715},"expressive":{"dir-action":0,"dir-explicit":0.10198412697450397,"dir-speech":0.7694444443076389,"indirect":0.02142857149464286,"writing-device":0.10714285722321429}},{"id":"맥시칸치킨-태능점","permalink":"","username":"asdfg","text":"맛잇습니다 다음에도 시켜먹을정도요","date":"Mon Dec 10 23:59:44 +0000 2018","retweets":"30","favorites":"20","mentions":[],"hashtags":[],"geo":"","raw":"맛잇습니다 다음에도 시켜먹을정도요","polarity":{"com":0.0014285713999999997,"pos":0.37619047599999994,"neg":0.45238095259999994,"neut":0.016190476199999998,"none":0.15380952379999996},"intensity":{"high":0.0507936508,"low":0.1073015872,"meium":0.6880952382000001,"none":0.1538095238},"expressive":{"dir-action":0,"dir-explicit":0.1349206349730159,"dir-speech":0.6155555554768888,"indirect":0.09714285718057143,"writing-device":0.15238095236952381}},{"id":"맥시칸치킨-태능점","permalink":"","username":"asdfg","text":"전 분명히 반반을 시켰는데 두마리 온 줄 알았어요. 양이 그만큼 많구요. 튀김옷 정말 바삭하고, 떡도 맛있고, 강정소스도 너무 맛있었어요. 다시 시킬 의사 있습니다 ㅎㅎ","date":"Mon Dec 10 23:59:44 +0000 2018","retweets":"30","favorites":"20","mentions":[],"hashtags":[],"geo":"","raw":"전 분명히 반반을 시켰는데 두마리 온 줄 알았어요. 양이 그만큼 많구요. 튀김옷 정말 바삭하고, 떡도 맛있고, 강정소스도 너무 맛있었어요. 다시 시킬 의사 있습니다 ㅎㅎ","polarity":{"com":0.003050625461538461,"pos":0.33157071346153844,"neg":0.4561654080769231,"neut":0.12975304246153846,"none":0.07946021053846153},"intensity":{"high":0.10020519392307693,"low":0.1978636856923077,"meium":0.6215867365384615,"none":0.08034438384615386},"expressive":{"dir-action":0.0020391744618521806,"dir-explicit":0.21996757287999502,"dir-speech":0.5164452646179146,"indirect":0.10259963078501531,"writing-device":0.1589483572552228}},{"id":"맥시칸치킨-태능점","permalink":"","username":"asdfg","text":"마싱ㅆ고 배달도 빨랐어요","date":"Mon Dec 10 23:59:44 +0000 2018","retweets":"30","favorites":"20","mentions":[],"hashtags":[],"geo":"","raw":"마싱ㅆ고 배달도 빨랐어요","polarity":{"com":0,"pos":1,"neg":0,"neut":0,"none":0},"intensity":{"high":0,"low":0.1666666665,"meium":0.8333333334999999,"none":0},"expressive":{"dir-action":0,"dir-explicit":0,"dir-speech":0.5,"indirect":0.5,"writing-device":0}},{"id":"맥시칸치킨-태능점","permalink":"","username":"asdfg","text":"맛있고 배달도 빠르고 너무 좋아욧","date":"Mon Dec 10 23:59:44 +0000 2018","retweets":"30","favorites":"20","mentions":[],"hashtags":[],"geo":"","raw":"맛있고 배달도 빠르고 너무 좋아욧","polarity":{"com":0.03571428575,"pos":0.53571428575,"neg":0.42857142849999996,"neut":0,"none":0},"intensity":{"high":0.035714285750000005,"low":0.11904761900000001,"meium":0.84523809525,"none":0},"expressive":{"dir-action":0,"dir-explicit":0.14285714275,"dir-speech":0.5714285715,"indirect":0.28571428575,"writing-device":0}},{"id":"맥시칸치킨-태능점","permalink":"","username":"asdfg","text":"항상 먹어요 싸고푸짐하고","date":"Mon Dec 10 23:59:44 +0000 2018","retweets":"30","favorites":"20","mentions":[],"hashtags":[],"geo":"","raw":"항상 먹어요 싸고푸짐하고","polarity":{"com":0.008008007999999999,"pos":0.8708708709999999,"neg":0.10210210199999997,"neut":0.011011011,"none":0.008008007999999999},"intensity":{"high":0.038038038,"low":0.08358358366666667,"meium":0.8693693693333334,"none":0.009009009},"expressive":{"dir-action":0.0010010010003336672,"dir-explicit":0.38188188179396065,"dir-speech":0.3078078077692693,"indirect":0.3003003004334334,"writing-device":0.009009009003003002}},{"id":"맥시칸치킨-태능점","permalink":"","username":"asdfg","text":"항상 맛있는 치킨이에요ㅎㅎ","date":"Mon Dec 10 23:59:44 +0000 2018","retweets":"30","favorites":"20","mentions":[],"hashtags":[],"geo":"","raw":"항상 맛있는 치킨이에요ㅎㅎ","polarity":{"com":0.0114379085,"pos":0.6928104575,"neg":0.138888889,"neut":0.045751634,"none":0.111111111},"intensity":{"high":0.06372549003186273,"low":0.04084967302042484,"meium":0.7843137258921569,"none":0.11111111105555554},"expressive":{"dir-action":0,"dir-explicit":0.459150327,"dir-speech":0.3513071895,"indirect":0.068627451,"writing-device":0.1209150325}},{"id":"맥시칸치킨-태능점","permalink":"","username":"asdfg","text":"맛있규 양도 많고 배달도 진짜 빨랐어요~~","date":"Mon Dec 10 23:59:44 +0000 2018","retweets":"30","favorites":"20","mentions":[],"hashtags":[],"geo":"","raw":"맛있규 양도 많고 배달도 진짜 빨랐어요~~","polarity":{"com":0,"pos":0.8478260870000001,"neg":0.14130434775,"neut":0.01086956525,"none":0},"intensity":{"high":0.06521739126630435,"low":0.1376811592844203,"meium":0.7971014494492753,"none":0},"expressive":{"dir-action":0,"dir-explicit":0.1304347825326087,"dir-speech":0.5543478261385869,"indirect":0.3152173913288044,"writing-device":0}},{"id":"맥시칸치킨-태능점","permalink":"","username":"asdfg","text":"배달도 빠르고 맛있어요","date":"Mon Dec 10 23:59:44 +0000 2018","retweets":"30","favorites":"20","mentions":[],"hashtags":[],"geo":"","raw":"배달도 빠르고 맛있어요","polarity":{"com":0,"pos":0.6666666666666666,"neg":0.3333333333333333,"neut":0,"none":0},"intensity":{"high":0,"low":0.111111111,"meium":0.888888889,"none":0},"expressive":{"dir-action":0,"dir-explicit":0,"dir-speech":0.6666666666666666,"indirect":0.3333333333333333,"writing-device":0}},{"id":"맥시칸치킨-태능점","permalink":"","username":"asdfg","text":"맛있어요 양도 둘이먹기에는 괜찮은것같구여","date":"Mon Dec 10 23:59:44 +0000 2018","retweets":"30","favorites":"20","mentions":[],"hashtags":[],"geo":"","raw":"맛있어요 양도 둘이먹기에는 괜찮은것같구여","polarity":{"com":0.006329976833333334,"pos":0.28683997516666665,"neg":0.49566771133333337,"neut":0.04808977116666666,"none":0.1630725655},"intensity":{"high":0.04672167450778694,"low":0.08075659034679278,"meium":0.7087149552847859,"none":0.16380677986063447},"expressive":{"dir-action":0.0007342143332109641,"dir-explicit":0.17187810563802028,"dir-speech":0.5293974992451003,"indirect":0.13272837447787858,"writing-device":0.16526180630578968}},{"id":"맥시칸치킨-태능점","permalink":"","username":"asdfg","text":"닭강정은 맥시칸이 맛있대서 처음으로 시켜봤는데 확실히 닭육질이 부들부들하고 튀김도 달고나처럼 파사삭 부서집니다. 일반적인 치킨튀기듯  하는 닭강정이랑 많이 다르네요. 근데 고기자체의 양은 별로없고 !!!!주문할때 내용!!!!을 안보시네요...ㅠㅠ 약간매콤에 파 따로 달라고 요청했는데...ㅠㅜㅜ 그런것만 빼면 ㄱㅊ하지만 확실히 양이나 맛에 비하면 요즘 치킨들이 그렇듯 좀 비싼감이 없지않아 있습니다. 그래도 잘먹었어요!","date":"Mon Dec 10 23:59:44 +0000 2018","retweets":"30","favorites":"20","mentions":[],"hashtags":[],"geo":"","raw":"닭강정은 맥시칸이 맛있대서 처음으로 시켜봤는데 확실히 닭육질이 부들부들하고 튀김도 달고나처럼 파사삭 부서집니다. 일반적인 치킨튀기듯  하는 닭강정이랑 많이 다르네요. 근데 고기자체의 양은 별로없고 !!!!주문할때 내용!!!!을 안보시네요...ㅠㅠ 약간매콤에 파 따로 달라고 요청했는데...ㅠㅜㅜ 그런것만 빼면 ㄱㅊ하지만 확실히 양이나 맛에 비하면 요즘 치킨들이 그렇듯 좀 비싼감이 없지않아 있습니다. 그래도 잘먹었어요!","polarity":{"com":0.01591180229840882,"pos":0.440817136722585,"neg":0.36231036569710234,"neut":0.11173654838882635,"none":0.06922414689307758},"intensity":{"high":0.09117596050303921,"low":0.09014778643633828,"meium":0.7483204522916107,"none":0.07035580076901189},"expressive":{"dir-action":0.0012750230334183344,"dir-explicit":0.3776718256251781,"dir-speech":0.3624862066241657,"indirect":0.18633476201242227,"writing-device":0.07223218270481546}},{"id":"맥시칸치킨-태능점","permalink":"","username":"asdfg","text":"제일 많이 시켜먹는 집이에요 진짜 맛있어요 배달도 빠르고요","date":"Mon Dec 10 23:59:44 +0000 2018","retweets":"30","favorites":"20","mentions":[],"hashtags":[],"geo":"","raw":"제일 많이 시켜먹는 집이에요 진짜 맛있어요 배달도 빠르고요","polarity":{"com":0,"pos":0.492063492,"neg":0.4894179895,"neut":0.0185185185,"none":0},"intensity":{"high":0.08994708998500882,"low":0.23280423279453258,"meium":0.6772486772204586,"none":0},"expressive":{"dir-action":0,"dir-explicit":0.12169312166666667,"dir-speech":0.5793650794999999,"indirect":0.2989417988333333,"writing-device":0}},{"id":"맥시칸치킨-태능점","permalink":"","username":"asdfg","text":"진짜 맛있었어요~~~~~","date":"Mon Dec 10 23:59:44 +0000 2018","retweets":"30","favorites":"20","mentions":[],"hashtags":[],"geo":"","raw":"진짜 맛있었어요~~~~~","polarity":{"com":0,"pos":0,"neg":1,"neut":0,"none":0},"intensity":{"high":0,"low":0,"meium":1,"none":0},"expressive":{"dir-action":0,"dir-explicit":0,"dir-speech":1,"indirect":0,"writing-device":0}},{"id":"맥시칸치킨-태능점","permalink":"","username":"asdfg","text":"맛있고 배달도 빠르고 친절하세오","date":"Mon Dec 10 23:59:44 +0000 2018","retweets":"30","favorites":"20","mentions":[],"hashtags":[],"geo":"","raw":"맛있고 배달도 빠르고 친절하세오","polarity":{"com":0,"pos":0.625,"neg":0.25,"neut":0.125,"none":0},"intensity":{"high":0,"low":0.08333333325,"meium":0.91666666675,"none":0},"expressive":{"dir-action":0,"dir-explicit":0,"dir-speech":0.625,"indirect":0.375,"writing-device":0}},{"id":"맥시칸치킨-태능점","permalink":"","username":"asdfg","text":"양도 짘짜 많고 배달로 너무 빨라요 ㅠ 최고임 짐짜","date":"Mon Dec 10 23:59:44 +0000 2018","retweets":"30","favorites":"20","mentions":[],"hashtags":[],"geo":"","raw":"양도 짘짜 많고 배달로 너무 빨라요 ㅠ 최고임 짐짜","polarity":{"com":0.03571428575,"pos":0.6057625950000001,"neg":0.347653554,"neut":0.01086956525,"none":0},"intensity":{"high":0.295376121573844,"low":0.09006211177251552,"meium":0.6145617666536405,"none":0},"expressive":{"dir-action":0,"dir-explicit":0.273291925318323,"dir-speech":0.3757763975939441,"indirect":0.35093167708773293,"writing-device":0}},{"id":"맥시칸치킨-태능점","permalink":"","username":"asdfg","text":"간만인데 존맛","date":"Mon Dec 10 23:59:44 +0000 2018","retweets":"30","favorites":"20","mentions":[],"hashtags":[],"geo":"","raw":"간만인데 존맛","polarity":{"com":0.0114379085,"pos":0.6928104575,"neg":0.138888889,"neut":0.045751634,"none":0.111111111},"intensity":{"high":0.06372549003186273,"low":0.04084967302042484,"meium":0.7843137258921569,"none":0.11111111105555554},"expressive":{"dir-action":0,"dir-explicit":0.209150327,"dir-speech":0.6013071895,"indirect":0.068627451,"writing-device":0.1209150325}},{"id":"맥시칸치킨-태능점","permalink":"","username":"asdfg","text":"최고에여","date":"Mon Dec 10 23:59:44 +0000 2018","retweets":"30","favorites":"20","mentions":[],"hashtags":[],"geo":"","raw":"최고에여","polarity":{"com":0,"pos":0.777777778,"neg":0.22222222200000002,"neut":0,"none":0},"intensity":{"high":0.388888889,"low":0,"meium":0.611111111,"none":0},"expressive":{"dir-action":0,"dir-explicit":0,"dir-speech":0.3333333335,"indirect":0.6666666665000001,"writing-device":0}},{"id":"맥시칸치킨-태능점","permalink":"","username":"asdfg","text":"맛있어요~","date":"Mon Dec 10 23:59:44 +0000 2018","retweets":"30","favorites":"20","mentions":[],"hashtags":[],"geo":"","raw":"맛있어요~","polarity":{"com":0,"pos":0,"neg":1,"neut":0,"none":0},"intensity":{"high":0,"low":0,"meium":1,"none":0},"expressive":{"dir-action":0,"dir-explicit":0,"dir-speech":1,"indirect":0,"writing-device":0}},{"id":"맥시칸치킨-태능점","permalink":"","username":"asdfg","text":"자주 시켜먹는 곳인데 오늘은 뭔가 고기보단 튀김옷이 더 많은 느낌이었어여 그래도 친절하시고 배달도 빠르고 좋네여","date":"Mon Dec 10 23:59:44 +0000 2018","retweets":"30","favorites":"20","mentions":[],"hashtags":[],"geo":"","raw":"자주 시켜먹는 곳인데 오늘은 뭔가 고기보단 튀김옷이 더 많은 느낌이었어여 그래도 친절하시고 배달도 빠르고 좋네여","polarity":{"com":0.026102638076923073,"pos":0.6096457359999999,"neg":0.22614530723076923,"neut":0.11628528207692305,"none":0.02182103661538461},"intensity":{"high":0.06931352469763952,"low":0.19035004109156542,"meium":0.7183499715937193,"none":0.02198646261707588},"expressive":{"dir-action":0.0004962779230769231,"dir-explicit":0.16560320792307695,"dir-speech":0.6709717353076924,"indirect":0.14110774223076925,"writing-device":0.021821036615384617}},{"id":"맥시칸치킨-태능점","permalink":"","username":"asdfg","text":"너무 맛이 없어요 엄마랑 아파서 단백질도 필요하고 닭집 문연곳이 없어서 순살 치즈로 보통아는 하얀치즈 찍어먹는걸로 았았음 )노란색 단 카레같은게 붙어있고 감자튀김도 아닌 떡에 달달한 느끼한 가루만 덕지덕지 먹다가 포기했어요 껍질 다 벗겨먹고 느끼하고 돈이 넘 아까워요 \n그리고 사진과같이 상세설명도 써주세요 그림도 없고 그냥 주문했더니 영 아니네요 재구매 의사 없어요","date":"Mon Dec 10 23:59:44 +0000 2018","retweets":"30","favorites":"20","mentions":[],"hashtags":[],"geo":"","raw":"너무 맛이 없어요 엄마랑 아파서 단백질도 필요하고 닭집 문연곳이 없어서 순살 치즈로 보통아는 하얀치즈 찍어먹는걸로 았았음 )노란색 단 카레같은게 붙어있고 감자튀김도 아닌 떡에 달달한 느끼한 가루만 덕지덕지 먹다가 포기했어요 껍질 다 벗겨먹고 느끼하고 돈이 넘 아까워요 \n그리고 사진과같이 상세설명도 써주세요 그림도 없고 그냥 주문했더니 영 아니네요 재구매 의사 없어요","polarity":{"com":0.01579787008777065,"pos":0.3356940812254207,"neg":0.5334959939254854,"neut":0.04605709411629243,"none":0.06895496064503073},"intensity":{"high":0.09149196390907376,"low":0.0967461678500957,"meium":0.7406702193899802,"none":0.07109164885085024},"expressive":{"dir-action":0.0005561538823038687,"dir-explicit":0.23138171421487802,"dir-speech":0.4157197582574365,"indirect":0.2787537912106982,"writing-device":0.07358858243468336}},{"id":"맥시칸치킨-태능점","permalink":"","username":"asdfg","text":"맛있어요~~","date":"Mon Dec 10 23:59:44 +0000 2018","retweets":"30","favorites":"20","mentions":[],"hashtags":[],"geo":"","raw":"맛있어요~~","polarity":{"com":0,"pos":0,"neg":1,"neut":0,"none":0},"intensity":{"high":0,"low":0,"meium":1,"none":0},"expressive":{"dir-action":0,"dir-explicit":0,"dir-speech":1,"indirect":0,"writing-device":0}},{"id":"맥시칸치킨-태능점","permalink":"","username":"asdfg","text":"맛있었어 방금 또 시키고 리뷰쓰네요~~","date":"Mon Dec 10 23:59:44 +0000 2018","retweets":"30","favorites":"20","mentions":[],"hashtags":[],"geo":"","raw":"맛있었어 방금 또 시키고 리뷰쓰네요~~","polarity":{"com":0,"pos":0.25974025958008656,"neg":0.5670995671443001,"neut":0.03030303032323232,"none":0.14285714295238094},"intensity":{"high":0.03030303033333333,"low":0.03030303033333333,"meium":0.7965367963333333,"none":0.142857143},"expressive":{"dir-action":0.03030303033333333,"dir-explicit":0.07792207799999999,"dir-speech":0.6103896103333333,"indirect":0.090909091,"writing-device":0.19047619033333332}},{"id":"맥시칸치킨-태능점","permalink":"","username":"asdfg","text":"맛있어여","date":"Mon Dec 10 23:59:44 +0000 2018","retweets":"30","favorites":"20","mentions":[],"hashtags":[],"geo":"","raw":"맛있어여","polarity":{"com":0,"pos":0.666666667,"neg":0.333333333,"neut":0,"none":0},"intensity":{"high":0,"low":0,"meium":1,"none":0},"expressive":{"dir-action":0,"dir-explicit":0,"dir-speech":0.666666667,"indirect":0.333333333,"writing-device":0}},{"id":"맥시칸치킨-태능점","permalink":"","username":"asdfg","text":"또시키네요^^","date":"Mon Dec 10 23:59:44 +0000 2018","retweets":"30","favorites":"20","mentions":[],"hashtags":[],"geo":"","raw":"또시키네요^^","polarity":{"com":0,"pos":0.14285714285714285,"neg":0.42857142857142855,"neut":0,"none":0.42857142857142855},"intensity":{"high":0,"low":0,"meium":0.571428571,"none":0.428571429},"expressive":{"dir-action":0,"dir-explicit":0.142857143,"dir-speech":0.285714286,"indirect":0,"writing-device":0.571428571}},{"id":"맥시칸치킨-태능점","permalink":"","username":"asdfg","text":"양많구 맛있어요","date":"Mon Dec 10 23:59:44 +0000 2018","retweets":"30","favorites":"20","mentions":[],"hashtags":[],"geo":"","raw":"양많구 맛있어요","polarity":{"com":0,"pos":0.195652174,"neg":0.7826086955,"neut":0.0217391305,"none":0},"intensity":{"high":0.1304347825652174,"low":0.10869565205434782,"meium":0.7608695653804347,"none":0},"expressive":{"dir-action":0,"dir-explicit":0.2608695651304348,"dir-speech":0.6086956523043479,"indirect":0.1304347825652174,"writing-device":0}},{"id":"맥시칸치킨-태능점","permalink":"","username":"asdfg","text":"치킨은 항상  여기서 시켜먹을정도로 바삭하고 맛있어요.","date":"Mon Dec 10 23:59:44 +0000 2018","retweets":"30","favorites":"20","mentions":[],"hashtags":[],"geo":"","raw":"치킨은 항상  여기서 시켜먹을정도로 바삭하고 맛있어요.","polarity":{"com":0.0047405676666666665,"pos":0.30740632483333336,"neg":0.5658257031666666,"neut":0.028255081499999998,"none":0.09377232283333331},"intensity":{"high":0.05462475916666667,"low":0.11404203733333333,"meium":0.7356451718333333,"none":0.09568803166666667},"expressive":{"dir-action":0.001915708833652618,"dir-explicit":0.1534991450255832,"dir-speech":0.6251488192708582,"indirect":0.11991687768665281,"writing-device":0.09951944918325324}},{"id":"맥시칸치킨-태능점","permalink":"","username":"asdfg","text":"역시 멕시칸후라이드는  바삭하고 맛나다. 양념도 맛있어서 우리꼬마가 거의 다먹었다는^^  배달도 문자오는배달시간에 맞혀 더늦지않게  오니 딱좋음.","date":"Mon Dec 10 23:59:44 +0000 2018","retweets":"30","favorites":"20","mentions":[],"hashtags":[],"geo":"","raw":"역시 멕시칸후라이드는  바삭하고 맛나다. 양념도 맛있어서 우리꼬마가 거의 다먹었다는^^  배달도 문자오는배달시간에 맞혀 더늦지않게  오니 딱좋음.","polarity":{"com":0.014641569771483318,"pos":0.6017826934002742,"neg":0.17113060410325087,"neut":0.10169180516949103,"none":0.1107533275555005},"intensity":{"high":0.1132711293759022,"low":0.09738697430020099,"meium":0.677017582255614,"none":0.11232431406828272},"expressive":{"dir-action":0.0008841733076242943,"dir-explicit":0.24815570175014184,"dir-speech":0.4951718719619098,"indirect":0.14171085491217608,"writing-device":0.1140773980681479}},{"id":"맥시칸치킨-태능점","permalink":"","username":"asdfg","text":"^___^","date":"Mon Dec 10 23:59:44 +0000 2018","retweets":"30","favorites":"20","mentions":[],"hashtags":[],"geo":"","raw":"^___^","polarity":{"com":null,"pos":null,"neg":null,"neut":null,"none":null},"intensity":{"high":null,"low":null,"meium":null,"none":null},"expressive":{"dir-action":null,"dir-explicit":null,"dir-speech":null,"indirect":null,"writing-device":null}},{"id":"맥시칸치킨-태능점","permalink":"","username":"asdfg","text":"bbbb","date":"Mon Dec 10 23:59:44 +0000 2018","retweets":"30","favorites":"20","mentions":[],"hashtags":[],"geo":"","raw":"bbbb","polarity":{"com":null,"pos":null,"neg":null,"neut":null,"none":null},"intensity":{"high":null,"low":null,"meium":null,"none":null},"expressive":{"dir-action":null,"dir-explicit":null,"dir-speech":null,"indirect":null,"writing-device":null}},{"id":"맥시칸치킨-태능점","permalink":"","username":"asdfg","text":"진짜 거의 맨날 먹음","date":"Mon Dec 10 23:59:44 +0000 2018","retweets":"30","favorites":"20","mentions":[],"hashtags":[],"geo":"","raw":"진짜 거의 맨날 먹음","polarity":{"com":0,"pos":0.25,"neg":0.5,"neut":0,"none":0.25},"intensity":{"high":0.138888889,"low":0.111111111,"meium":0.5833333334999999,"none":0.1666666665},"expressive":{"dir-action":0,"dir-explicit":0.4444444445,"dir-speech":0.388888889,"indirect":0,"writing-device":0.1666666665}},{"id":"맥시칸치킨-태능점","permalink":"","username":"asdfg","text":"맛있어요~~ 양도 많고~","date":"Mon Dec 10 23:59:44 +0000 2018","retweets":"30","favorites":"20","mentions":[],"hashtags":[],"geo":"","raw":"맛있어요~~ 양도 많고~","polarity":{"com":0,"pos":0.195652174,"neg":0.7826086955,"neut":0.0217391305,"none":0},"intensity":{"high":0.1304347825652174,"low":0.10869565205434782,"meium":0.7608695653804347,"none":0},"expressive":{"dir-action":0,"dir-explicit":0.2608695651304348,"dir-speech":0.6086956523043479,"indirect":0.1304347825652174,"writing-device":0}},{"id":"맥시칸치킨-태능점","permalink":"","username":"asdfg","text":"양도 많고 맨날 먹어영","date":"Mon Dec 10 23:59:44 +0000 2018","retweets":"30","favorites":"20","mentions":[],"hashtags":[],"geo":"","raw":"양도 많고 맨날 먹어영","polarity":{"com":0,"pos":0.3623188405000001,"neg":0.6159420290000001,"neut":0.021739130500000002,"none":0},"intensity":{"high":0.18599033809299517,"low":0.21980676310990338,"meium":0.5942028987971015,"none":0},"expressive":{"dir-action":0,"dir-explicit":0.3719806761859903,"dir-speech":0.4975845412487922,"indirect":0.13043478256521737,"writing-device":0}},{"id":"맥시칸치킨-태능점","permalink":"","username":"asdfg","text":"배달빠르고맛있어요","date":"Mon Dec 10 23:59:44 +0000 2018","retweets":"30","favorites":"20","mentions":[],"hashtags":[],"geo":"","raw":"배달빠르고맛있어요","polarity":{"com":0,"pos":0.5,"neg":0.5,"neut":0,"none":0},"intensity":{"high":0,"low":0,"meium":1,"none":0},"expressive":{"dir-action":0,"dir-explicit":0,"dir-speech":1,"indirect":0,"writing-device":0}},{"id":"맥시칸치킨-태능점","permalink":"","username":"asdfg","text":"요기요에서는 매운맛이 안되네요.ㅠㅠ\n그래도 떡이랑 감자랑 양이 진짜 많아요 ㅎㅎ\n맛 선택할 수 있는 게 추가되면 좋겟네요!!\n타 어플은 가능하던데 ㅠㅠ","date":"Mon Dec 10 23:59:44 +0000 2018","retweets":"30","favorites":"20","mentions":[],"hashtags":[],"geo":"","raw":"요기요에서는 매운맛이 안되네요.ㅠㅠ\n그래도 떡이랑 감자랑 양이 진짜 많아요 ㅎㅎ\n맛 선택할 수 있는 게 추가되면 좋겟네요!!\n타 어플은 가능하던데 ㅠㅠ","polarity":{"com":0.011924967414679173,"pos":0.5383872390769354,"neg":0.3106955871148841,"neut":0.057776230657037304,"none":0.081215975736464},"intensity":{"high":0.11265111435210852,"low":0.11143932810190657,"meium":0.6939680516156612,"none":0.08194150593032358},"expressive":{"dir-action":0.001442376000120198,"dir-explicit":0.2864637888572053,"dir-speech":0.4827048165402254,"indirect":0.14333853026194487,"writing-device":0.0860504883405042}},{"id":"맥시칸치킨-태능점","permalink":"","username":"asdfg","text":"닭강정 시켰는데 양도 많고 바삭바삭하고 떡이랑 감튀까지있어너 너무 좋았어요!!♡♡♡짱짱♡♡♡♡","date":"Mon Dec 10 23:59:44 +0000 2018","retweets":"30","favorites":"20","mentions":[],"hashtags":[],"geo":"","raw":"닭강정 시켰는데 양도 많고 바삭바삭하고 떡이랑 감튀까지있어너 너무 좋았어요!!♡♡♡짱짱♡♡♡♡","polarity":{"com":0.025725232666666664,"pos":0.5063031255,"neg":0.3030275986666667,"neut":0.018740629666666665,"none":0.14620341349999996},"intensity":{"high":0.10917214551819536,"low":0.08868996234811499,"meium":0.6464430122744071,"none":0.1556948798592825},"expressive":{"dir-action":0.0019157088342911877,"dir-explicit":0.22416605544541637,"dir-speech":0.3422103883377719,"indirect":0.2721815499694241,"writing-device":0.1595262974130965}},{"id":"맥시칸치킨-태능점","permalink":"","username":"asdfg","text":"맛있어요 반반~ 정통치킨맛?이에여ㅋ","date":"Mon Dec 10 23:59:44 +0000 2018","retweets":"30","favorites":"20","mentions":[],"hashtags":[],"geo":"","raw":"맛있어요 반반~ 정통치킨맛?이에여ㅋ","polarity":{"com":0,"pos":0.5,"neg":0.5,"neut":0,"none":0},"intensity":{"high":0,"low":0,"meium":1,"none":0},"expressive":{"dir-action":0,"dir-explicit":0,"dir-speech":1,"indirect":0,"writing-device":0}},{"id":"맥시칸치킨-태능점","permalink":"","username":"asdfg","text":"짱짱 맛있어요~  공릉동 치킨중 최고인듯!","date":"Mon Dec 10 23:59:44 +0000 2018","retweets":"30","favorites":"20","mentions":[],"hashtags":[],"geo":"","raw":"짱짱 맛있어요~  공릉동 치킨중 최고인듯!","polarity":{"com":0.00571895425,"pos":0.47140522875,"neg":0.40277777775,"neut":0.022875817,"none":0.09722222224999999},"intensity":{"high":0.031862745000000005,"low":0.14542483650000002,"meium":0.72549019625,"none":0.09722222225},"expressive":{"dir-action":0,"dir-explicit":0.312908497,"dir-speech":0.46732026125000004,"indirect":0.11764705875,"writing-device":0.10212418300000001}},{"id":"맥시칸치킨-태능점","permalink":"","username":"asdfg","text":"참 편하게 잘 먹었습니다","date":"Mon Dec 10 23:59:44 +0000 2018","retweets":"30","favorites":"20","mentions":[],"hashtags":[],"geo":"","raw":"참 편하게 잘 먹었습니다","polarity":{"com":0,"pos":0.8571428574285714,"neg":0.10714285705357143,"neut":0.035714285517857144,"none":0},"intensity":{"high":0.5,"low":0.107142857,"meium":0.392857143,"none":0},"expressive":{"dir-action":0,"dir-explicit":0.607142857,"dir-speech":0.0714285715,"indirect":0.3214285715,"writing-device":0}},{"id":"맥시칸치킨-태능점","permalink":"","username":"asdfg","text":"빠른배달  .  앴날 멕시칸 치킨의 맛이 아님 ㅠㅠ  먹을만은 한데..","date":"Mon Dec 10 23:59:44 +0000 2018","retweets":"30","favorites":"20","mentions":[],"hashtags":[],"geo":"","raw":"빠른배달  .  앴날 멕시칸 치킨의 맛이 아님 ㅠㅠ  먹을만은 한데..","polarity":{"com":0.08124933536484383,"pos":0.5651518403043561,"neg":0.27595077371550614,"neut":0.018075362747740575,"none":0.05957268786755342},"intensity":{"high":0.06085859988260733,"low":0.12631480739078935,"meium":0.752703244094088,"none":0.06012334863251542},"expressive":{"dir-action":0.0005506607500688325,"dir-explicit":0.24675227028084404,"dir-speech":0.38290671029786333,"indirect":0.3096670100387084,"writing-device":0.060123348632515415}}]