[{"id":"마시내탕수육앤파닭-중하계점","permalink":"","username":"asdfg","text":"언제 먹어도 너무 맛있는 김피탕이네요ㅎㅎ","date":"Mon Dec 10 23:59:44 +0000 2018","retweets":"30","favorites":"20","mentions":[],"hashtags":[],"geo":"","raw":"언제 먹어도 너무 맛있는 김피탕이네요ㅎㅎ","polarity":{"com":0.04143324,"pos":0.13211951450000003,"neg":0.748015873,"neut":0.022875817000000003,"none":0.055555555500000006},"intensity":{"high":0.44257703086064426,"low":0.05613912226403478,"meium":0.44572829136143205,"none":0.05555555551388889},"expressive":{"dir-action":0,"dir-explicit":0.37243230625,"dir-speech":0.49708216625,"indirect":0.07002801125,"writing-device":0.06045751625}},{"id":"마시내탕수육앤파닭-중하계점","permalink":"","username":"asdfg","text":"생각보다 양도 많고 맛있네요...","date":"Mon Dec 10 23:59:44 +0000 2018","retweets":"30","favorites":"20","mentions":[],"hashtags":[],"geo":"","raw":"생각보다 양도 많고 맛있네요...","polarity":{"com":0,"pos":0.2554347826666667,"neg":0.6328502413333333,"neut":0.097826087,"none":0.013888889},"intensity":{"high":0.1147342993715781,"low":0.15579710138526567,"meium":0.7155797102385266,"none":0.013888889004629628},"expressive":{"dir-action":0,"dir-explicit":0.298913043432971,"dir-speech":0.5585748791861915,"indirect":0.12862318837620773,"writing-device":0.013888889004629628}},{"id":"마시내탕수육앤파닭-중하계점","permalink":"","username":"asdfg","text":"ㅠ","date":"Mon Dec 10 23:59:44 +0000 2018","retweets":"30","favorites":"20","mentions":[],"hashtags":[],"geo":"","raw":"ㅠㅠㅠㅠㅠㅠㅠㅠㅠㅠㅠ","polarity":{"com":null,"pos":null,"neg":null,"neut":null,"none":null},"intensity":{"high":null,"low":null,"meium":null,"none":null},"expressive":{"dir-action":null,"dir-explicit":null,"dir-speech":null,"indirect":null,"writing-device":null}},{"id":"마시내탕수육앤파닭-중하계점","permalink":"","username":"asdfg","text":"첨엔 양이 적은 거 같았ㄴㄴ데 먹다보니 넉넉했습니댜!","date":"Mon Dec 10 23:59:44 +0000 2018","retweets":"30","favorites":"20","mentions":[],"hashtags":[],"geo":"","raw":"첨엔 양이 적은 거 같았ㄴㄴ데 먹다보니 넉넉했습니댜!","polarity":{"com":0.027272727210909092,"pos":0.29379509371751805,"neg":0.6167388170466956,"neut":0.02813852801125541,"none":0.034054834013621936},"intensity":{"high":0.0967532468,"low":0.10115440099999999,"meium":0.7680375182,"none":0.034054834},"expressive":{"dir-action":0,"dir-explicit":0.23528138520000003,"dir-speech":0.4434343436,"indirect":0.084054834,"writing-device":0.23722943719999998}},{"id":"마시내탕수육앤파닭-중하계점","permalink":"","username":"asdfg","text":"맛있게 잘 먹었습니다 많이파세요","date":"Mon Dec 10 23:59:44 +0000 2018","retweets":"30","favorites":"20","mentions":[],"hashtags":[],"geo":"","raw":"맛있게 잘 먹었습니다 많이파세요","polarity":{"com":0,"pos":0.34920634911640214,"neg":0.589947090196649,"neut":0.060846560686948846,"none":0},"intensity":{"high":0,"low":0.25661375666666664,"meium":0.7433862433333335,"none":0},"expressive":{"dir-action":0,"dir-explicit":0.14550264533333332,"dir-speech":0.5661375663333333,"indirect":0.2883597883333333,"writing-device":0}},{"id":"마시내탕수육앤파닭-중하계점","permalink":"","username":"asdfg","text":"맛있어요. \n잘먹었습니다","date":"Mon Dec 10 23:59:44 +0000 2018","retweets":"30","favorites":"20","mentions":[],"hashtags":[],"geo":"","raw":"맛있어요. \n잘먹었습니다","polarity":{"com":0,"pos":0.35714285717857136,"neg":0.6071428573035714,"neut":0.03571428551785714,"none":0},"intensity":{"high":0,"low":0.107142857,"meium":0.8928571430000001,"none":0},"expressive":{"dir-action":0,"dir-explicit":0.107142857,"dir-speech":0.5714285715,"indirect":0.3214285715,"writing-device":0}},{"id":"마시내탕수육앤파닭-중하계점","permalink":"","username":"asdfg","text":"양이 전보다 적어진 것 같아요","date":"Mon Dec 10 23:59:44 +0000 2018","retweets":"30","favorites":"20","mentions":[],"hashtags":[],"geo":"","raw":"양이 전보다 적어진 것 같아요","polarity":{"com":0,"pos":0.045454545477272734,"neg":0.18181818190909094,"neut":0.5454545452272728,"none":0.22727272738636367},"intensity":{"high":0,"low":0.5,"meium":0.2727272725,"none":0.2272727275},"expressive":{"dir-action":0,"dir-explicit":0.1363636364318182,"dir-speech":0.5909090907045456,"indirect":0.045454545477272734,"writing-device":0.22727272738636367}},{"id":"마시내탕수육앤파닭-중하계점","permalink":"","username":"asdfg","text":"양이 적다는 후기가 많던데\n저는 딱 2번 나눠먹을 양이었어요~\n평소에 좀 많이 드시거나 남자 두 명이서 먹기엔\n적을 수도 있을 것 같긴 하네요 ㅎㅎ\n암튼 포장도 잘 돼있고 맛도 있고 잘 먹었습니다 😊😊","date":"Mon Dec 10 23:59:44 +0000 2018","retweets":"30","favorites":"20","mentions":[],"hashtags":[],"geo":"","raw":"양이 적다는 후기가 많던데\n저는 딱 2번 나눠먹을 양이었어요~\n평소에 좀 많이 드시거나 남자 두 명이서 먹기엔\n적을 수도 있을 것 같긴 하네요 ㅎㅎ\n암튼 포장도 잘 돼있고 맛도 있고 잘 먹었습니다 😊😊","polarity":{"com":0.020923998557880442,"pos":0.4029296758225477,"neg":0.42714190354746023,"neut":0.02917707772546412,"none":0.11982734434664748},"intensity":{"high":0.08009990393999444,"low":0.16775800354623563,"meium":0.631676178576018,"none":0.12046591393775188},"expressive":{"dir-action":0.0006385696111111111,"dir-explicit":0.28912935655555555,"dir-speech":0.38527400083333324,"indirect":0.20124386105555556,"writing-device":0.12371421194444444}},{"id":"마시내탕수육앤파닭-중하계점","permalink":"","username":"asdfg","text":"둘이 먹기 딱 좋았어요","date":"Mon Dec 10 23:59:44 +0000 2018","retweets":"30","favorites":"20","mentions":[],"hashtags":[],"geo":"","raw":"둘이 먹기 딱 좋았어요","polarity":{"com":0.010279001333333336,"pos":0.5591869196666667,"neg":0.21261066833333336,"neut":0.051840485666666665,"none":0.16608292500000002},"intensity":{"high":0.1131449124087633,"low":0.0798581067199054,"meium":0.6394456270929638,"none":0.16755135377836758},"expressive":{"dir-action":0.0014684286666666665,"dir-explicit":0.39795739900000004,"dir-speech":0.23202164699999997,"indirect":0.15980266966666667,"writing-device":0.20874985566666668}},{"id":"마시내탕수육앤파닭-중하계점","permalink":"","username":"asdfg","text":"배달오시는 아저씨 너무 친철하고 탕수육도 맛있습니다. 다른 탕수육집은 후기 200개 넘어서 믿고 시켰다가 튀김옷이 너무 딱딱해서 엄청 후회했는데 여긴 만족합니다. 자주 이용할 생각입니다.","date":"Mon Dec 10 23:59:44 +0000 2018","retweets":"30","favorites":"20","mentions":[],"hashtags":[],"geo":"","raw":"배달오시는 아저씨 너무 친철하고 탕수육도 맛있습니다. 다른 탕수육집은 후기 200개 넘어서 믿고 시켰다가 튀김옷이 너무 딱딱해서 엄청 후회했는데 여긴 만족합니다. 자주 이용할 생각입니다.","polarity":{"com":0.011794354875737146,"pos":0.3941788273996362,"neg":0.5410106247213132,"neut":0.01732910906358307,"none":0.03568708393973045},"intensity":{"high":0.1018977214375,"low":0.224635176625,"meium":0.63751120075,"none":0.0359559011875},"expressive":{"dir-action":0.0008064516250504033,"dir-explicit":0.33398937533337436,"dir-speech":0.44843509990302716,"indirect":0.18053635426128353,"writing-device":0.03623271887726454}},{"id":"마시내탕수육앤파닭-중하계점","permalink":"","username":"asdfg","text":"자주 시켜 먹는데 양이 조금 줄어든 것 같아요 \n항상 맛있는데 아쉬워요","date":"Mon Dec 10 23:59:44 +0000 2018","retweets":"30","favorites":"20","mentions":[],"hashtags":[],"geo":"","raw":"자주 시켜 먹는데 양이 조금 줄어든 것 같아요 \n항상 맛있는데 아쉬워요","polarity":{"com":0,"pos":0.40404040393265994,"neg":0.4217171717630471,"neut":0.09848484848358585,"none":0.07575757582070707},"intensity":{"high":0.0185185185,"low":0.287037037,"meium":0.6186868686666667,"none":0.07575757583333333},"expressive":{"dir-action":0,"dir-explicit":0.33249158244458477,"dir-speech":0.4099326599316778,"indirect":0.18181818180303028,"writing-device":0.07575757582070707}},{"id":"마시내탕수육앤파닭-중하계점","permalink":"","username":"asdfg","text":"원래 리뷰 안남기는데 이거는 너무 맛없어서 남김\n군대에서 고성에서 근무할ㄸㅐ 몰래시켜먹었던 그맛이 생각나서 찾아보다가 여기밖에 없어서 시켰는데 아무리 군대에서 먹어서 맛있었다고 이해를 할려고해도 너무 맛없음 소스는 무슨 전분을 쏟아부은것도 아니고 젤리랑 먹는것도 아니고;; 탕수육은 바삭을 떠나서 눅눅하고;; 내가 먹었던 피탕은 그래도 조금은 바삭했는데...다시는 안시켜먹을꺼임;; 완전 비추","date":"Mon Dec 10 23:59:44 +0000 2018","retweets":"30","favorites":"20","mentions":[],"hashtags":[],"geo":"","raw":"원래 리뷰 안남기는데 이거는 너무 맛없어서 남김\n군대에서 고성에서 근무할ㄸㅐ 몰래시켜먹었던 그맛이 생각나서 찾아보다가 여기밖에 없어서 시켰는데 아무리 군대에서 먹어서 맛있었다고 이해를 할려고해도 너무 맛없음 소스는 무슨 전분을 쏟아부은것도 아니고 젤리랑 먹는것도 아니고;; 탕수육은 바삭을 떠나서 눅눅하고;; 내가 먹었던 피탕은 그래도 조금은 바삭했는데...다시는 안시켜먹을꺼임;; 완전 비추","polarity":{"com":0.04126483609943646,"pos":0.3773845784437023,"neg":0.492296560031761,"neut":0.03000409738903253,"none":0.05904992803606774},"intensity":{"high":0.1182273079677419,"low":0.13974366783870967,"meium":0.6821288854516129,"none":0.05990013874193546},"expressive":{"dir-action":0.0011601252903600042,"dir-explicit":0.24072442942712013,"dir-speech":0.5567349578244108,"indirect":0.1376902968431513,"writing-device":0.06369019061495775}},{"id":"마시내탕수육앤파닭-중하계점","permalink":"","username":"asdfg","text":"예전보다 턱없이 적은양으로 놀랐네요.\n두명이먹기도 아쉽네요 담부터 글쎄~","date":"Mon Dec 10 23:59:44 +0000 2018","retweets":"30","favorites":"20","mentions":[],"hashtags":[],"geo":"","raw":"예전보다 턱없이 적은양으로 놀랐네요.\n두명이먹기도 아쉽네요 담부터 글쎄~","polarity":{"com":0.02202380950000001,"pos":0.43617724850000006,"neg":0.3001322753333334,"neut":0.16904761900000004,"none":0.07261904766666669},"intensity":{"high":0.07936507933333332,"low":0.056084656000000004,"meium":0.791931217,"none":0.07261904766666667},"expressive":{"dir-action":0,"dir-explicit":0.16289682530618388,"dir-speech":0.30462962961589507,"indirect":0.4610449735898258,"writing-device":0.07142857148809524}},{"id":"마시내탕수육앤파닭-중하계점","permalink":"","username":"asdfg","text":"맛있어요.양은 1.5인분이라고 하는게 맞겠네요.혼자먹는 저한텐 좋았어요.근데 김치가 너무적네요.다음에는 많이 넣어달라고 메모남길게요.","date":"Mon Dec 10 23:59:44 +0000 2018","retweets":"30","favorites":"20","mentions":[],"hashtags":[],"geo":"","raw":"맛있어요.양은 1.5인분이라고 하는게 맞겠네요.혼자먹는 저한텐 좋았어요.근데 김치가 너무적네요.다음에는 많이 넣어달라고 메모남길게요.","polarity":{"com":0.003730515214285714,"pos":0.32866864949999997,"neg":0.5209090144999999,"neut":0.03499358407142857,"none":0.1116982367142857},"intensity":{"high":0.07465073121428571,"low":0.0985499292142857,"meium":0.7136423296428571,"none":0.11315700992857142},"expressive":{"dir-action":0.0008210180714872155,"dir-explicit":0.20980780908641486,"dir-speech":0.554689972825335,"indirect":0.11798556207985612,"writing-device":0.11669563793690683}},{"id":"마시내탕수육앤파닭-중하계점","permalink":"","username":"asdfg","text":"맛있고 매운맛도 좋아요","date":"Mon Dec 10 23:59:44 +0000 2018","retweets":"30","favorites":"20","mentions":[],"hashtags":[],"geo":"","raw":"맛있고 매운맛도 좋아요","polarity":{"com":0,"pos":0.5,"neg":0.5,"neut":0,"none":0},"intensity":{"high":0,"low":0,"meium":1,"none":0},"expressive":{"dir-action":0,"dir-explicit":0.5,"dir-speech":0.5,"indirect":0,"writing-device":0}},{"id":"마시내탕수육앤파닭-중하계점","permalink":"","username":"asdfg","text":"치즈 추가해서 넉넉하게 먹었어요 맛있습니다","date":"Mon Dec 10 23:59:44 +0000 2018","retweets":"30","favorites":"20","mentions":[],"hashtags":[],"geo":"","raw":"치즈 추가해서 넉넉하게 먹었어요 맛있습니다","polarity":{"com":0.010844715750000003,"pos":0.36551874450000005,"neg":0.58141528625,"neut":0.029226000250000005,"none":0.012995253250000003},"intensity":{"high":0.09125254275,"low":0.1056088345,"meium":0.78885498425,"none":0.0142836385},"expressive":{"dir-action":0.002363654,"dir-explicit":0.21212825724999998,"dir-speech":0.540622881,"indirect":0.23113920375,"writing-device":0.013746004}},{"id":"마시내탕수육앤파닭-중하계점","permalink":"","username":"asdfg","text":"늘 시켜먹는 맛집이에요~ 빠른 배달도 감사","date":"Mon Dec 10 23:59:44 +0000 2018","retweets":"30","favorites":"20","mentions":[],"hashtags":[],"geo":"","raw":"늘 시켜먹는 맛집이에요~ 빠른 배달도 감사","polarity":{"com":0,"pos":0.8666666665999999,"neg":0.13333333339999998,"neut":0,"none":0},"intensity":{"high":0.2222222222,"low":0.111111111,"meium":0.6666666668,"none":0},"expressive":{"dir-action":0,"dir-explicit":0.0444444444,"dir-speech":0.7555555556,"indirect":0.2,"writing-device":0}},{"id":"마시내탕수육앤파닭-중하계점","permalink":"","username":"asdfg","text":"너무 너무 맛있어요~~~","date":"Mon Dec 10 23:59:44 +0000 2018","retweets":"30","favorites":"20","mentions":[],"hashtags":[],"geo":"","raw":"너무 너무 맛있어요~~~","polarity":{"com":0.07142857150000001,"pos":0.07142857150000001,"neg":0.857142857,"neut":0,"none":0},"intensity":{"high":0.07142857150000001,"low":0.07142857150000001,"meium":0.857142857,"none":0},"expressive":{"dir-action":0,"dir-explicit":0.2857142855,"dir-speech":0.642857143,"indirect":0.0714285715,"writing-device":0}},{"id":"마시내탕수육앤파닭-중하계점","permalink":"","username":"asdfg","text":"처음 먹어봤는데 김치가 들어서 그런가 느끼하지도 않고 맛있더라구요 \n근데 인터넷에서 찾아봤단 사진보다 피자토핑이랄까 그런건 너무 적고 소스만 많더라구요ㅠㅠ 양이 좀 아쉬웠어요\n그래도 맛은 굳~! 다음에 또 시켜먹을게요~ 토핑좀 많이 넣어주세요 다음엔~!","date":"Mon Dec 10 23:59:44 +0000 2018","retweets":"30","favorites":"20","mentions":[],"hashtags":[],"geo":"","raw":"처음 먹어봤는데 김치가 들어서 그런가 느끼하지도 않고 맛있더라구요 \n근데 인터넷에서 찾아봤단 사진보다 피자토핑이랄까 그런건 너무 적고 소스만 많더라구요ㅠㅠ 양이 좀 아쉬웠어요\n그래도 맛은 굳~! 다음에 또 시켜먹을게요~ 토핑좀 많이 넣어주세요 다음엔~!","polarity":{"com":0.017083387130434783,"pos":0.39903193000000003,"neg":0.41172679430434783,"neut":0.021658994956521745,"none":0.15049889360869567},"intensity":{"high":0.06283403639130436,"low":0.10496248621739132,"meium":0.6806860695217392,"none":0.1515174078695652},"expressive":{"dir-action":0.0006303154782608696,"dir-explicit":0.2230365834782609,"dir-speech":0.48202256260869564,"indirect":0.13481819256521738,"writing-device":0.1594923458695652}},{"id":"마시내탕수육앤파닭-중하계점","permalink":"","username":"asdfg","text":"맛있게 잘먹어써요ㅎㅎ","date":"Mon Dec 10 23:59:44 +0000 2018","retweets":"30","favorites":"20","mentions":[],"hashtags":[],"geo":"","raw":"맛있게 잘먹어써요ㅎㅎ","polarity":{"com":0,"pos":0.4502164501500721,"neg":0.49567099583189034,"neut":0.054112554018037516,"none":0},"intensity":{"high":0.030303030333333328,"low":0.10173160166666664,"meium":0.867965368,"none":0},"expressive":{"dir-action":0.03030303033333333,"dir-explicit":0.10173160166666666,"dir-speech":0.5627705626666667,"indirect":0.3051948053333333,"writing-device":0}},{"id":"마시내탕수육앤파닭-중하계점","permalink":"","username":"asdfg","text":"일주일에 두번은 시켜먹는거같습니다 최고입니다ㅎㅎ","date":"Mon Dec 10 23:59:44 +0000 2018","retweets":"30","favorites":"20","mentions":[],"hashtags":[],"geo":"","raw":"일주일에 두번은 시켜먹는거같습니다 최고입니다ㅎㅎ","polarity":{"com":0,"pos":0.39583333325000003,"neg":0.57291666675,"neut":0.03125,"none":0},"intensity":{"high":0.37152777775,"low":0.0555555555,"meium":0.57291666675,"none":0},"expressive":{"dir-action":0,"dir-explicit":0.11805555549999999,"dir-speech":0.3506944445,"indirect":0.28125,"writing-device":0.25}},{"id":"마시내탕수육앤파닭-중하계점","permalink":"","username":"asdfg","text":"양이 적어도 너무 적은거 아닌가요?\n오늘로 세번째 시켜먹는데 오늘 최고적네요~\n딱 1인분 양이에요","date":"Mon Dec 10 23:59:44 +0000 2018","retweets":"30","favorites":"20","mentions":[],"hashtags":[],"geo":"","raw":"양이 적어도 너무 적은거 아닌가요?\n오늘로 세번째 시켜먹는데 오늘 최고적네요~\n딱 1인분 양이에요","polarity":{"com":0.0032679738571428567,"pos":0.436041083,"neg":0.44444444457142845,"neut":0.013071895428571427,"none":0.10317460314285712},"intensity":{"high":0.17693744159670535,"low":0.18627450974089638,"meium":0.5336134455048018,"none":0.10317460315759637},"expressive":{"dir-action":0,"dir-explicit":0.15499533142857144,"dir-speech":0.4257703081428571,"indirect":0.2418300654285714,"writing-device":0.17740429500000002}},{"id":"마시내탕수육앤파닭-중하계점","permalink":"","username":"asdfg","text":"너무너무 맛있어요 두번째 시켜먹는데\n양도 많고 너무맛있고 가족들이 다 좋아해요\n번창하세요~","date":"Mon Dec 10 23:59:44 +0000 2018","retweets":"30","favorites":"20","mentions":[],"hashtags":[],"geo":"","raw":"너무너무 맛있어요 두번째 시켜먹는데\n양도 많고 너무맛있고 가족들이 다 좋아해요\n번창하세요~","polarity":{"com":0.023809523833333335,"pos":0.47791580400000006,"neg":0.49102829533333336,"neut":0.007246376833333334,"none":0},"intensity":{"high":0.08580630318096773,"low":0.09707844484951307,"meium":0.8171152519695192,"none":0},"expressive":{"dir-action":0,"dir-explicit":0.5525649872587609,"dir-speech":0.3801472280633579,"indirect":0.06728778467788128,"writing-device":0}},{"id":"마시내탕수육앤파닭-중하계점","permalink":"","username":"asdfg","text":"늘 맛있게 먹고 있습니다.","date":"Mon Dec 10 23:59:44 +0000 2018","retweets":"30","favorites":"20","mentions":[],"hashtags":[],"geo":"","raw":"늘 맛있게 먹고 있습니다.","polarity":{"com":0,"pos":0.1666666665,"neg":0.8333333334999999,"neut":0,"none":0},"intensity":{"high":0.0555555555,"low":0.111111111,"meium":0.8333333334999999,"none":0},"expressive":{"dir-action":0,"dir-explicit":0.111111111,"dir-speech":0.888888889,"indirect":0,"writing-device":0}},{"id":"마시내탕수육앤파닭-중하계점","permalink":"","username":"asdfg","text":"맛있는데 양이 좀 적어요","date":"Mon Dec 10 23:59:44 +0000 2018","retweets":"30","favorites":"20","mentions":[],"hashtags":[],"geo":"","raw":"맛있는데 양이 좀 적어요","polarity":{"com":0,"pos":0.5,"neg":0.5,"neut":0,"none":0},"intensity":{"high":0,"low":0,"meium":1,"none":0},"expressive":{"dir-action":0,"dir-explicit":0.2,"dir-speech":0.8,"indirect":0,"writing-device":0}},{"id":"마시내탕수육앤파닭-중하계점","permalink":"","username":"asdfg","text":"맛있는데 양이 좀 적어요","date":"Mon Dec 10 23:59:44 +0000 2018","retweets":"30","favorites":"20","mentions":[],"hashtags":[],"geo":"","raw":"맛있는데 양이 좀 적어요","polarity":{"com":0,"pos":0.5,"neg":0.5,"neut":0,"none":0},"intensity":{"high":0,"low":0,"meium":1,"none":0},"expressive":{"dir-action":0,"dir-explicit":0.2,"dir-speech":0.8,"indirect":0,"writing-device":0}},{"id":"마시내탕수육앤파닭-중하계점","permalink":"","username":"asdfg","text":"둘이먹긴 적고 혼자먹긴 많은 양이에요!\n매운 맛 추가하는 게 더 맛잇을것같아요\n배달은 빨라요!! 가격도 좀 비싸고... 또 먹고싶은 맛은 아니에요...ㅎ","date":"Mon Dec 10 23:59:44 +0000 2018","retweets":"30","favorites":"20","mentions":[],"hashtags":[],"geo":"","raw":"둘이먹긴 적고 혼자먹긴 많은 양이에요!\n매운 맛 추가하는 게 더 맛잇을것같아요\n배달은 빨라요!! 가격도 좀 비싸고... 또 먹고싶은 맛은 아니에요...ㅎ","polarity":{"com":0.004059314443767893,"pos":0.5115841434147359,"neg":0.314308690225393,"neut":0.03529238210522905,"none":0.1347554698108741},"intensity":{"high":0.0570019121237782,"low":0.09274384552060974,"meium":0.7151345600478076,"none":0.13511968230780436},"expressive":{"dir-action":0.0006031610555220465,"dir-explicit":0.20401722232199904,"dir-speech":0.43249183780930606,"indirect":0.20655340582185813,"writing-device":0.15633437299131475}},{"id":"마시내탕수육앤파닭-중하계점","permalink":"","username":"asdfg","text":"탕수육이 부드럽고 고소해요~~\n아이들도 맛있게 잘 먹었답니다.\n고기양에 비해 소스가 많다는게 단점? ㅎ","date":"Mon Dec 10 23:59:44 +0000 2018","retweets":"30","favorites":"20","mentions":[],"hashtags":[],"geo":"","raw":"탕수육이 부드럽고 고소해요~~\n아이들도 맛있게 잘 먹었답니다.\n고기양에 비해 소스가 많다는게 단점? ㅎ","polarity":{"com":0.006714102625,"pos":0.36453000950000003,"neg":0.4242663235,"neut":0.17561046500000002,"none":0.028879099374999998},"intensity":{"high":0.09233404476154175,"low":0.13593553876699194,"meium":0.7423006563427875,"none":0.02942976012867873},"expressive":{"dir-action":0.0005506607500688326,"dir-explicit":0.2585826632823228,"dir-speech":0.5141623010642703,"indirect":0.19482363439935294,"writing-device":0.03188074050398509}},{"id":"마시내탕수육앤파닭-중하계점","permalink":"","username":"asdfg","text":"먹을때마다 즐거움이 가득하네요~!\n잘먹었습니다~","date":"Mon Dec 10 23:59:44 +0000 2018","retweets":"30","favorites":"20","mentions":[],"hashtags":[],"geo":"","raw":"먹을때마다 즐거움이 가득하네요~!\n잘먹었습니다~","polarity":{"com":0,"pos":0.5822510822,"neg":0.348917749,"neut":0.0688311688,"none":0},"intensity":{"high":0.3404040404,"low":0.1418470418,"meium":0.5177489178,"none":0},"expressive":{"dir-action":0,"dir-explicit":0.3236652236,"dir-speech":0.34776334780000007,"indirect":0.3285714286,"writing-device":0}},{"id":"마시내탕수육앤파닭-중하계점","permalink":"","username":"asdfg","text":"양도 많고 맛있었엉：ㄷ","date":"Mon Dec 10 23:59:44 +0000 2018","retweets":"30","favorites":"20","mentions":[],"hashtags":[],"geo":"","raw":"양도 많고 맛있었엉：ㄷ","polarity":{"com":0,"pos":0.695652174,"neg":0.2826086955,"neut":0.0217391305,"none":0},"intensity":{"high":0.1304347825652174,"low":0.10869565205434782,"meium":0.7608695653804347,"none":0},"expressive":{"dir-action":0,"dir-explicit":0.2608695651304348,"dir-speech":0.6086956523043479,"indirect":0.1304347825652174,"writing-device":0}},{"id":"마시내탕수육앤파닭-중하계점","permalink":"","username":"asdfg","text":"너무 급하게 먹느라 사진도 못찍었습니다 ㅎㅎㅎ\n맛은 다 좋은데 피가  딱딱하다? 양념맛이 대체적으로 딱딱했네요 \n\n배달도 어플상에는 45분이라 했는데 30분도 안걸린듯 합니다 \n\n다음에는 간장맛으로 시켜볼께요 사장님 잘먹었습니다","date":"Mon Dec 10 23:59:44 +0000 2018","retweets":"30","favorites":"20","mentions":[],"hashtags":[],"geo":"","raw":"너무 급하게 먹느라 사진도 못찍었습니다 ㅎㅎㅎ\n맛은 다 좋은데 피가  딱딱하다? 양념맛이 대체적으로 딱딱했네요 \n\n배달도 어플상에는 45분이라 했는데 30분도 안걸린듯 합니다 \n\n다음에는 간장맛으로 시켜볼께요 사장님 잘먹었습니다","polarity":{"com":0.010062561851509385,"pos":0.45102347166765355,"neg":0.4635056547195259,"neut":0.02277032895341555,"none":0.0526379828078957},"intensity":{"high":0.11316268278302559,"low":0.11500783598274882,"meium":0.7184666356422299,"none":0.05336284559199557},"expressive":{"dir-action":0.0007248628000000001,"dir-explicit":0.24239408565000006,"dir-speech":0.4379042437500001,"indirect":0.2618968432,"writing-device":0.05707996460000001}},{"id":"마시내탕수육앤파닭-중하계점","permalink":"","username":"asdfg","text":"김피탕 자체를 첨 먹는데\n조금 느끼했어요!\n매운맛 추가안해도 아주조금 매콤하니 참고하세열\n가격은 조금 비싼편인 느낌.","date":"Mon Dec 10 23:59:44 +0000 2018","retweets":"30","favorites":"20","mentions":[],"hashtags":[],"geo":"","raw":"김피탕 자체를 첨 먹는데\n조금 느끼했어요!\n매운맛 추가안해도 아주조금 매콤하니 참고하세열\n가격은 조금 비싼편인 느낌.","polarity":{"com":0.00861975846220152,"pos":0.3778392868752184,"neg":0.41626395895509727,"neut":0.15715441078131956,"none":0.040122584926163274},"intensity":{"high":0.09564001469966461,"low":0.23282051640252466,"meium":0.6310204577408478,"none":0.040519011156963},"expressive":{"dir-action":0.0017071899996060334,"dir-explicit":0.5436142215668583,"dir-speech":0.30566294062177013,"indirect":0.10872155728260272,"writing-device":0.04029409052916289}},{"id":"마시내탕수육앤파닭-중하계점","permalink":"","username":"asdfg","text":"양은 고기추가하고 둘이서 딱 적당했어요\n배부르기 전단계?\n맛은 확실합니다","date":"Mon Dec 10 23:59:44 +0000 2018","retweets":"30","favorites":"20","mentions":[],"hashtags":[],"geo":"","raw":"양은 고기추가하고 둘이서 딱 적당했어요\n배부르기 전단계?\n맛은 확실합니다","polarity":{"com":0.009935240285714285,"pos":0.4699741175714286,"neg":0.2576011927142857,"neut":0.18903762757142858,"none":0.07345182185714286},"intensity":{"high":0.05985780415995939,"low":0.06169034058905439,"meium":0.8037562673725018,"none":0.07469558787848446},"expressive":{"dir-action":0.002472644571428571,"dir-explicit":0.1745470267142857,"dir-speech":0.5121874647142857,"indirect":0.2190552147142857,"writing-device":0.09173764928571428}},{"id":"마시내탕수육앤파닭-중하계점","permalink":"","username":"asdfg","text":"고기추가했는데도 ㅠㅠ 별로 많지않네요 4명이서 걍 다먹어요","date":"Mon Dec 10 23:59:44 +0000 2018","retweets":"30","favorites":"20","mentions":[],"hashtags":[],"geo":"","raw":"고기추가했는데도 ㅠㅠ 별로 많지않네요 4명이서 걍 다먹어요","polarity":{"com":0.009555783333333333,"pos":0.3127364203333333,"neg":0.27029803916666667,"neut":0.1977104015,"none":0.20969935566666667},"intensity":{"high":0.11234720783333334,"low":0.060428889333333326,"meium":0.6164319098333334,"none":0.21079199299999998},"expressive":{"dir-action":0.0018094831663650862,"dir-explicit":0.22372685429604555,"dir-speech":0.4569285702571786,"indirect":0.10829199848195134,"writing-device":0.20924309379845946}},{"id":"마시내탕수육앤파닭-중하계점","permalink":"","username":"asdfg","text":"처음 먹어보는데 색다른 맛이네요 \n배달이 너무 늦게와서 전화할뻔했는데 그때오셨어요ㅠㅠ","date":"Mon Dec 10 23:59:44 +0000 2018","retweets":"30","favorites":"20","mentions":[],"hashtags":[],"geo":"","raw":"처음 먹어보는데 색다른 맛이네요 \n배달이 너무 늦게와서 전화할뻔했는데 그때오셨어요ㅠㅠ","polarity":{"com":0.035714285745535715,"pos":0.6696428571662946,"neg":0.21428571422321427,"neut":0.0624999999921875,"none":0.017857142872767857},"intensity":{"high":0.07142857149107143,"low":0.05357142861830357,"meium":0.8571428570178571,"none":0.017857142872767857},"expressive":{"dir-action":0,"dir-explicit":0.14285714285714288,"dir-speech":0.4196428571975446,"indirect":0.4196428570725447,"writing-device":0.017857142872767857}},{"id":"마시내탕수육앤파닭-중하계점","permalink":"","username":"asdfg","text":"배달도 빠르고 맛도 좋은데 양이 좀 아쉽네요~","date":"Mon Dec 10 23:59:44 +0000 2018","retweets":"30","favorites":"20","mentions":[],"hashtags":[],"geo":"","raw":"배달도 빠르고 맛도 좋은데 양이 좀 아쉽네요~","polarity":{"com":0,"pos":0.984,"neg":0.008,"neut":0,"none":0.008},"intensity":{"high":0.04,"low":0.0746666666,"meium":0.8773333334,"none":0.008},"expressive":{"dir-action":0,"dir-explicit":0.2,"dir-speech":0.56,"indirect":0.23199999999999998,"writing-device":0.008}},{"id":"마시내탕수육앤파닭-중하계점","permalink":"","username":"asdfg","text":"최고야 늘 짜릿해 열번드세요","date":"Mon Dec 10 23:59:44 +0000 2018","retweets":"30","favorites":"20","mentions":[],"hashtags":[],"geo":"","raw":"최고야 늘 짜릿해 열번드세요","polarity":{"com":0.0038314176666666665,"pos":0.40357598966666663,"neg":0.5044699873333333,"neut":0.02298850566666667,"none":0.06513409966666667},"intensity":{"high":0.2975734355674755,"low":0.04214559398595147,"meium":0.5913154531362281,"none":0.06896551731034482},"expressive":{"dir-action":0.003831417667943805,"dir-explicit":0.05363984668454661,"dir-speech":0.4712643678237547,"indirect":0.39463601546487864,"writing-device":0.0766283523588761}},{"id":"마시내탕수육앤파닭-중하계점","permalink":"","username":"asdfg","text":"담백한 고기맛이 좋습니다","date":"Mon Dec 10 23:59:44 +0000 2018","retweets":"30","favorites":"20","mentions":[],"hashtags":[],"geo":"","raw":"담백한 고기맛이 좋습니다","polarity":{"com":0.008008008000000002,"pos":0.5375375376666667,"neg":0.10210210199999999,"neut":0.34434434433333333,"none":0.008008007999999999},"intensity":{"high":0.038038038,"low":0.028028028,"meium":0.924924925,"none":0.009009009},"expressive":{"dir-action":0.0010010010000000003,"dir-explicit":0.104104104,"dir-speech":0.6966966966666668,"indirect":0.1891891893333333,"writing-device":0.009009009}},{"id":"마시내탕수육앤파닭-중하계점","permalink":"","username":"asdfg","text":"넘나맛났어용다시시켜먹을거예요","date":"Mon Dec 10 23:59:44 +0000 2018","retweets":"30","favorites":"20","mentions":[],"hashtags":[],"geo":"","raw":"넘나맛났어용다시시켜먹을거예요","polarity":{"com":0,"pos":0.38095238080000005,"neg":0.5904761906000001,"neut":0,"none":0.028571428600000004},"intensity":{"high":0.11746031740000003,"low":0.17777777780000004,"meium":0.6761904762000001,"none":0.028571428600000004},"expressive":{"dir-action":0,"dir-explicit":0.13968253962793653,"dir-speech":0.765079365153016,"indirect":0.06666666661333334,"writing-device":0.028571428605714284}},{"id":"마시내탕수육앤파닭-중하계점","permalink":"","username":"asdfg","text":"맛있져 항상 먹지만 ㅋㅋ","date":"Mon Dec 10 23:59:44 +0000 2018","retweets":"30","favorites":"20","mentions":[],"hashtags":[],"geo":"","raw":"맛있져 항상 먹지만 ㅋㅋ","polarity":{"com":0,"pos":1,"neg":0,"neut":0,"none":0},"intensity":{"high":0,"low":0,"meium":1,"none":0},"expressive":{"dir-action":0,"dir-explicit":0.25,"dir-speech":0.75,"indirect":0,"writing-device":0}},{"id":"마시내탕수육앤파닭-중하계점","permalink":"","username":"asdfg","text":"엄청 맛있어요! 진짜 매일 사먹고 싶은곳 ㅠㅠ","date":"Mon Dec 10 23:59:44 +0000 2018","retweets":"30","favorites":"20","mentions":[],"hashtags":[],"geo":"","raw":"엄청 맛있어요!!!!!!!!! 진짜 매일 사먹고 싶은곳 ㅠㅠ","polarity":{"com":0.08333333345833334,"pos":0.24999999987500005,"neg":0.5833333332083334,"neut":0.08333333345833334,"none":0},"intensity":{"high":0.0833333335,"low":0,"meium":0.9166666665000001,"none":0},"expressive":{"dir-action":0,"dir-explicit":0.25,"dir-speech":0.75,"indirect":0,"writing-device":0}},{"id":"마시내탕수육앤파닭-중하계점","permalink":"","username":"asdfg","text":"너무너무맛있어요~~","date":"Mon Dec 10 23:59:44 +0000 2018","retweets":"30","favorites":"20","mentions":[],"hashtags":[],"geo":"","raw":"너무너무맛있어요~~","polarity":{"com":0,"pos":0,"neg":1,"neut":0,"none":0},"intensity":{"high":0,"low":0,"meium":1,"none":0},"expressive":{"dir-action":0,"dir-explicit":0,"dir-speech":1,"indirect":0,"writing-device":0}},{"id":"마시내탕수육앤파닭-중하계점","permalink":"","username":"asdfg","text":"예전의 비해 양이 살짝 아쉽지만 언제나 맛있네요!","date":"Mon Dec 10 23:59:44 +0000 2018","retweets":"30","favorites":"20","mentions":[],"hashtags":[],"geo":"","raw":"예전의 비해 양이 살짝 아쉽지만 언제나 맛있네요!","polarity":{"com":0.00483870975,"pos":0.379032258,"neg":0.588172043,"neut":0.020967742,"none":0.00698924725},"intensity":{"high":0.0349462365,"low":0.029032258,"meium":0.92849462375,"none":0.00752688175},"expressive":{"dir-action":0.00161290325,"dir-explicit":0.07849462375,"dir-speech":0.323655914,"indirect":0.58924731175,"writing-device":0.00698924725}},{"id":"마시내탕수육앤파닭-중하계점","permalink":"","username":"asdfg","text":"음..  다른곳보다 닭이쫌 느끼했습니다","date":"Mon Dec 10 23:59:44 +0000 2018","retweets":"30","favorites":"20","mentions":[],"hashtags":[],"geo":"","raw":"음..  다른곳보다 닭이쫌 느끼했습니다","polarity":{"com":0.062007168645997604,"pos":0.6720430104426524,"neg":0.17311827960896053,"neut":0.08351254497216247,"none":0.009318996330227},"intensity":{"high":0.10215053766666665,"low":0.038709677333333324,"meium":0.8491039426666667,"none":0.010035842333333331},"expressive":{"dir-action":0.002150537666666667,"dir-explicit":0.271326165,"dir-speech":0.264874552,"indirect":0.452329749,"writing-device":0.009318996333333334}},{"id":"마시내탕수육앤파닭-중하계점","permalink":"","username":"asdfg","text":"배달도빠르고 양도 많고 맛있어요","date":"Mon Dec 10 23:59:44 +0000 2018","retweets":"30","favorites":"20","mentions":[],"hashtags":[],"geo":"","raw":"배달도빠르고 양도 많고 맛있어요","polarity":{"com":0,"pos":0.5978260870000001,"neg":0.39130434775,"neut":0.01086956525,"none":0},"intensity":{"high":0.06521739126630435,"low":0.13768115928442032,"meium":0.7971014494492753,"none":0},"expressive":{"dir-action":0,"dir-explicit":0.1304347825326087,"dir-speech":0.5543478261385869,"indirect":0.3152173913288044,"writing-device":0}},{"id":"마시내탕수육앤파닭-중하계점","permalink":"","username":"asdfg","text":"맛도 양도 만족합니다.","date":"Mon Dec 10 23:59:44 +0000 2018","retweets":"30","favorites":"20","mentions":[],"hashtags":[],"geo":"","raw":"맛도 양도 만족합니다.","polarity":{"com":0,"pos":0.5,"neg":0.5,"neut":0,"none":0},"intensity":{"high":0,"low":0,"meium":1,"none":0},"expressive":{"dir-action":0,"dir-explicit":0.5,"dir-speech":0.5,"indirect":0,"writing-device":0}},{"id":"마시내탕수육앤파닭-중하계점","permalink":"","username":"asdfg","text":"음식은 맛있게 잘먹었습니다\n하지만 아기가 자고있어서 벨 누르지말고 문을 두드려 달라고 요청사항에 써놨는데\n벨을 눌러서 아기가 깼네요 ㅡㅡ\n요청사항 신경을 안쓰시는거면 해당항목을 없애시고..\n그랬으면 전화로 주문했을텐데요..","date":"Mon Dec 10 23:59:44 +0000 2018","retweets":"30","favorites":"20","mentions":[],"hashtags":[],"geo":"","raw":"음식은 맛있게 잘먹었습니다\n하지만 아기가 자고있어서 벨 누르지말고 문을 두드려 달라고 요청사항에 써놨는데\n벨을 눌러서 아기가 깼네요 ㅡㅡ\n요청사항 신경을 안쓰시는거면 해당항목을 없애시고..\n그랬으면 전화로 주문했을텐데요..","polarity":{"com":0.005570910647386524,"pos":0.5383019558551941,"neg":0.27480018501616466,"neut":0.11629825724213518,"none":0.06502869123911932},"intensity":{"high":0.16448910942144052,"low":0.08137070394596296,"meium":0.6880610751581213,"none":0.06607911147447525},"expressive":{"dir-action":0.03652583065135598,"dir-explicit":0.3248869378029278,"dir-speech":0.35348649168864543,"indirect":0.21936545967286647,"writing-device":0.06573528018420413}},{"id":"마시내탕수육앤파닭-중하계점","permalink":"","username":"asdfg","text":"맛좋아용 언제나 ㅎ","date":"Mon Dec 10 23:59:44 +0000 2018","retweets":"30","favorites":"20","mentions":[],"hashtags":[],"geo":"","raw":"맛좋아용 언제나 ㅎ","polarity":{"com":0,"pos":1,"neg":0,"neut":0,"none":0},"intensity":{"high":0,"low":0,"meium":1,"none":0},"expressive":{"dir-action":0,"dir-explicit":0,"dir-speech":1,"indirect":0,"writing-device":0}},{"id":"마시내탕수육앤파닭-중하계점","permalink":"","username":"asdfg","text":"파가 좀 질겼어요 그것 말고는 좋았습니다. 그리고 간장은 무슨 용도인지...?","date":"Mon Dec 10 23:59:44 +0000 2018","retweets":"30","favorites":"20","mentions":[],"hashtags":[],"geo":"","raw":"파가 좀 질겼어요 그것 말고는 좋았습니다. 그리고 간장은 무슨 용도인지...?","polarity":{"com":0.0115364226,"pos":0.41445348080000005,"neg":0.4016104386,"neut":0.10781840980000001,"none":0.0645812482},"intensity":{"high":0.1179720362471888,"low":0.07288708462915483,"meium":0.7427739164971096,"none":0.06636696262654677},"expressive":{"dir-action":0,"dir-explicit":0.3328974189999999,"dir-speech":0.45488728259999994,"indirect":0.14371248159999997,"writing-device":0.06850281679999999}},{"id":"마시내탕수육앤파닭-중하계점","permalink":"","username":"asdfg","text":"맛있게 잘먹었습니다~\n부먹을 더 좋아하지만\n여기는 소스가 뿌려와서 눅눅해졌어도\n소스랑 김치가 어울려 맛있네요\n김치가 참 맛있어요\n다음에 또 시킬 용의있어요","date":"Mon Dec 10 23:59:44 +0000 2018","retweets":"30","favorites":"20","mentions":[],"hashtags":[],"geo":"","raw":"맛있게 잘먹었습니다~\n부먹을 더 좋아하지만\n여기는 소스가 뿌려와서 눅눅해졌어도\n소스랑 김치가 어울려 맛있네요\n김치가 참 맛있어요\n다음에 또 시킬 용의있어요","polarity":{"com":0.004464285714285715,"pos":0.3255397811428572,"neg":0.5312148772142857,"neut":0.06679791485714286,"none":0.07198314107142859},"intensity":{"high":0.0722721335,"low":0.078461747,"meium":0.775369713,"none":0.0738964065},"expressive":{"dir-action":0,"dir-explicit":0.22707532285714285,"dir-speech":0.5109681554285713,"indirect":0.17976929907142855,"writing-device":0.08218722264285713}},{"id":"마시내탕수육앤파닭-중하계점","permalink":"","username":"asdfg","text":"역시 맛있어요! 매운맛 추가했더니 더맛있네요ㅋ","date":"Mon Dec 10 23:59:44 +0000 2018","retweets":"30","favorites":"20","mentions":[],"hashtags":[],"geo":"","raw":"역시 맛있어요! 매운맛 추가했더니 더맛있네요ㅋ","polarity":{"com":0.006451613002150538,"pos":0.5150381798383461,"neg":0.17553373839184458,"neut":0.16805360772268454,"none":0.1349228610449743},"intensity":{"high":0.10456599636818867,"low":0.1788062957262688,"meium":0.5809880008603293,"none":0.13563970704521325},"expressive":{"dir-action":0.0021505376673835127,"dir-explicit":0.375190899458397,"dir-speech":0.3107682717702561,"indirect":0.17696743005898916,"writing-device":0.1349228610449743}},{"id":"마시내탕수육앤파닭-중하계점","permalink":"","username":"asdfg","text":"양도 둘이먹기 괜찮고 맛도 굉장히 맛있었습니다 번창하세욤☆","date":"Mon Dec 10 23:59:44 +0000 2018","retweets":"30","favorites":"20","mentions":[],"hashtags":[],"geo":"","raw":"양도 둘이먹기 괜찮고 맛도 굉장히 맛있었습니다 번창하세욤☆","polarity":{"com":0.007709251000000001,"pos":0.43939018975000005,"neg":0.39945800125,"neut":0.03888036425,"none":0.11456219375000001},"intensity":{"high":0.03485868426742934,"low":0.04989358002494678,"meium":0.7995842203997922,"none":0.11566351530783175},"expressive":{"dir-action":0.0011013215,"dir-explicit":0.14846804925,"dir-speech":0.62401623525,"indirect":0.07985200225,"writing-device":0.14656239175}},{"id":"마시내탕수육앤파닭-중하계점","permalink":"","username":"asdfg","text":"생각했던 거보다 양이 너무 적어요","date":"Mon Dec 10 23:59:44 +0000 2018","retweets":"30","favorites":"20","mentions":[],"hashtags":[],"geo":"","raw":"생각했던 거보다 양이 너무 적어요","polarity":{"com":0.047619047650793646,"pos":0.16883116894372294,"neg":0.6926406924357864,"neut":0.09090909096969696,"none":0},"intensity":{"high":0.07792207799999999,"low":0.13852813866666666,"meium":0.7835497833333332,"none":0},"expressive":{"dir-action":0,"dir-explicit":0.341991342,"dir-speech":0.4437229436666666,"indirect":0.04761904766666666,"writing-device":0.16666666666666663}},{"id":"마시내탕수육앤파닭-중하계점","permalink":"","username":"asdfg","text":"맛있네요 잘먹었습니다","date":"Mon Dec 10 23:59:44 +0000 2018","retweets":"30","favorites":"20","mentions":[],"hashtags":[],"geo":"","raw":"맛있네요 잘먹었습니다","polarity":{"com":0,"pos":0.35714285717857136,"neg":0.6071428573035714,"neut":0.03571428551785714,"none":0},"intensity":{"high":0,"low":0.107142857,"meium":0.8928571430000001,"none":0},"expressive":{"dir-action":0,"dir-explicit":0.107142857,"dir-speech":0.5714285715,"indirect":0.3214285715,"writing-device":0}},{"id":"마시내탕수육앤파닭-중하계점","permalink":"","username":"asdfg","text":"김피탕에 김치가 너무 맛있네요ㅎㅅㅎ생각나요~","date":"Mon Dec 10 23:59:44 +0000 2018","retweets":"30","favorites":"20","mentions":[],"hashtags":[],"geo":"","raw":"김피탕에 김치가 너무 맛있네요ㅎㅅㅎ생각나요~","polarity":{"com":0.00446428575,"pos":0.19642857149999998,"neg":0.69940476175,"neut":0.08258928575,"none":0.017113095249999998},"intensity":{"high":0.18601190475,"low":0.08928571425,"meium":0.70535714275,"none":0.01934523825},"expressive":{"dir-action":0,"dir-explicit":0.3125,"dir-speech":0.56770833325,"indirect":0.1026785715,"writing-device":0.017113095249999998}},{"id":"마시내탕수육앤파닭-중하계점","permalink":"","username":"asdfg","text":"처음으로 치킨까지 시켜봤는데 너무 맛있었어요!!! 살도 부들부들하니 식감이 너무 좋았어요ㅠㅠ💕 치킨 양은 좀 적어보였지만 맛있으니 패스💕 근데 김피탕에 김치양이 줄어든거 같아요ㅠ 김치 더 많이 넣어주세요ㅠㅠㅠㅠ","date":"Mon Dec 10 23:59:44 +0000 2018","retweets":"30","favorites":"20","mentions":[],"hashtags":[],"geo":"","raw":"처음으로 치킨까지 시켜봤는데 너무 맛있었어요!!! 살도 부들부들하니 식감이 너무 좋았어요ㅠㅠ💕 치킨 양은 좀 적어보였지만 맛있으니 패스💕 근데 김피탕에 김치양이 줄어든거 같아요ㅠㅠㅠㅠㅠㅠㅠㅠㅠ 김치 더 많이 넣어주세요ㅠㅠㅠㅠ","polarity":{"com":0.023431824498326297,"pos":0.3563788496888301,"neg":0.5281565086051316,"neut":0.015683660284594024,"none":0.07634915692311793},"intensity":{"high":0.09017072714929791,"low":0.12852907572346636,"meium":0.7005686056214692,"none":0.08073159150576655},"expressive":{"dir-action":0.0011356813573050971,"dir-explicit":0.367719171766817,"dir-speech":0.3652268524807467,"indirect":0.11211609537315943,"writing-device":0.15380219902197173}},{"id":"마시내탕수육앤파닭-중하계점","permalink":"","username":"asdfg","text":"맛있어요~~~~~~~","date":"Mon Dec 10 23:59:44 +0000 2018","retweets":"30","favorites":"20","mentions":[],"hashtags":[],"geo":"","raw":"맛있어요~~~~~~~","polarity":{"com":0,"pos":0,"neg":1,"neut":0,"none":0},"intensity":{"high":0,"low":0,"meium":1,"none":0},"expressive":{"dir-action":0,"dir-explicit":0,"dir-speech":1,"indirect":0,"writing-device":0}},{"id":"마시내탕수육앤파닭-중하계점","permalink":"","username":"asdfg","text":"맛있어요..언제나 믿고 먹는 마시내입니다","date":"Mon Dec 10 23:59:44 +0000 2018","retweets":"30","favorites":"20","mentions":[],"hashtags":[],"geo":"","raw":"맛있어요..언제나 믿고 먹는 마시내입니다","polarity":{"com":0.005718954250000001,"pos":0.2630718952500001,"neg":0.652777778,"neut":0.022875817000000003,"none":0.055555555500000006},"intensity":{"high":0.10130718949999999,"low":0.11764705874999999,"meium":0.72549019625,"none":0.0555555555},"expressive":{"dir-action":0,"dir-explicit":0.243464052310866,"dir-speech":0.5784313726446079,"indirect":0.11764705877941177,"writing-device":0.060457516265114385}},{"id":"마시내탕수육앤파닭-중하계점","permalink":"","username":"asdfg","text":"배달빠르구요 양이 조금 아쉬웠지만 김피탕 처음 먹어보는데 맛있네요~","date":"Mon Dec 10 23:59:44 +0000 2018","retweets":"30","favorites":"20","mentions":[],"hashtags":[],"geo":"","raw":"배달빠르구요 양이 조금 아쉬웠지만 김피탕 처음 먹어보는데 맛있네요~","polarity":{"com":0.028949024495175158,"pos":0.31004824844832524,"neg":0.6210404865631599,"neut":0.01468428783088595,"none":0.025277952662453668},"intensity":{"high":0.10095447868349239,"low":0.022026431670337736,"meium":0.8510069226418344,"none":0.026012167004335354},"expressive":{"dir-action":0.0007342143333333331,"dir-explicit":0.19996853366666664,"dir-speech":0.5483008181666665,"indirect":0.2249842668333333,"writing-device":0.026012166999999996}},{"id":"마시내탕수육앤파닭-중하계점","permalink":"","username":"asdfg","text":"매운 맛은 추가하는 거였군요 ㅠㅠ 매운맛 천원 추가되는 건 캡사이신인지 뭔지 설명이 되어있지 않네요. 좀 매콤한 걸 원하는 사람도 추가요금을 내야하는건지. \n대신 배달시켜준건데 별 이야기 없는 걸 보니 잘 먹었나봐요\n인증샷이 없다는 건 깔끔한 비쥬얼이 아니었단 것 혹은 그저 그랬단 것인지.. 무튼 문제 없단 뜻이겠죠","date":"Mon Dec 10 23:59:44 +0000 2018","retweets":"30","favorites":"20","mentions":[],"hashtags":[],"geo":"","raw":"매운 맛은 추가하는 거였군요 ㅠㅠ 매운맛 천원 추가되는 건 캡사이신인지 뭔지 설명이 되어있지 않네요. 좀 매콤한 걸 원하는 사람도 추가요금을 내야하는건지. \n대신 배달시켜준건데 별 이야기 없는 걸 보니 잘 먹었나봐요\n인증샷이 없다는 건 깔끔한 비쥬얼이 아니었단 것 혹은 그저 그랬단 것인지.. 무튼 문제 없단 뜻이겠죠","polarity":{"com":0.013173939059807642,"pos":0.42012507761090145,"neg":0.35349780316039414,"neut":0.06625559638992391,"none":0.14694758377897285},"intensity":{"high":0.06534933217785761,"low":0.11599517435660633,"meium":0.6671958975656246,"none":0.1514595958999115},"expressive":{"dir-action":0.0008593078182338972,"dir-explicit":0.24717511371194997,"dir-speech":0.39112789720552293,"indirect":0.20276863649713753,"writing-device":0.15806904476715572}},{"id":"마시내탕수육앤파닭-중하계점","permalink":"","username":"asdfg","text":"김치만이 조금 덜했어요.\n김치로 느끼한맛이 적어요.","date":"Mon Dec 10 23:59:44 +0000 2018","retweets":"30","favorites":"20","mentions":[],"hashtags":[],"geo":"","raw":"김치만이 조금 덜했어요.\n김치로 느끼한맛이 적어요.","polarity":{"com":0.006006006,"pos":0.51426426425,"neg":0.4654654655,"neut":0.00825825825,"none":0.006006006},"intensity":{"high":0.084084084,"low":0.021021021,"meium":0.88813813825,"none":0.00675675675},"expressive":{"dir-action":0.00075075075,"dir-explicit":0.18918918899999998,"dir-speech":0.5225225225,"indirect":0.280780781,"writing-device":0.00675675675}},{"id":"마시내탕수육앤파닭-중하계점","permalink":"","username":"asdfg","text":"전반적으로 나쁘지않고 좋아요","date":"Mon Dec 10 23:59:44 +0000 2018","retweets":"30","favorites":"20","mentions":[],"hashtags":[],"geo":"","raw":"전반적으로 나쁘지않고 좋아요","polarity":{"com":0,"pos":0.92,"neg":0.04,"neut":0,"none":0.04},"intensity":{"high":0.2,"low":0.04,"meium":0.72,"none":0.04},"expressive":{"dir-action":0,"dir-explicit":0.6,"dir-speech":0.2,"indirect":0.16,"writing-device":0.04}},{"id":"마시내탕수육앤파닭-중하계점","permalink":"","username":"asdfg","text":"배달비가 생겼군요 ㅜ 그래도 맛있어요 ㅋ","date":"Mon Dec 10 23:59:44 +0000 2018","retweets":"30","favorites":"20","mentions":[],"hashtags":[],"geo":"","raw":"배달비가 생겼군요 ㅜ 그래도 맛있어요 ㅋ","polarity":{"com":0,"pos":0.5,"neg":0.5,"neut":0,"none":0},"intensity":{"high":0,"low":0.16666666666666666,"meium":0.8333333333333334,"none":0},"expressive":{"dir-action":0,"dir-explicit":0,"dir-speech":1,"indirect":0,"writing-device":0}},{"id":"마시내탕수육앤파닭-중하계점","permalink":"","username":"asdfg","text":"독특한 메뉴네요.\n김치 덕분에 탕슉이 질리지않고 계속 먹게되요.\n치즈가 좀더 푸짐하면 더 좋을것같고 식으면 고기냄새가 좀 나서 아쉬웠어요.\n(제가 고기냄새에 민감해서 고기를 잘 못먹어요. 그럼에도 이 메뉴는 꽤 많이 먹었답니다~)","date":"Mon Dec 10 23:59:44 +0000 2018","retweets":"30","favorites":"20","mentions":[],"hashtags":[],"geo":"","raw":"독특한 메뉴네요.\n김치 덕분에 탕슉이 질리지않고 계속 먹게되요.\n치즈가 좀더 푸짐하면 더 좋을것같고 식으면 고기냄새가 좀 나서 아쉬웠어요.\n(제가 고기냄새에 민감해서 고기를 잘 못먹어요. 그럼에도 이 메뉴는 꽤 많이 먹었답니다~)","polarity":{"com":0.011622806142303675,"pos":0.3633653835065064,"neg":0.3586983619353,"neut":0.18425789703884485,"none":0.08205555137704496},"intensity":{"high":0.17718927686558048,"low":0.09384810338542134,"meium":0.6455609523640743,"none":0.08340166738492391},"expressive":{"dir-action":0.0004957758095002011,"dir-explicit":0.23095428441757357,"dir-speech":0.38492028602928946,"indirect":0.2975918166524956,"writing-device":0.08603783709114105}},{"id":"마시내탕수육앤파닭-중하계점","permalink":"","username":"asdfg","text":"완전 맛있어요!!!","date":"Mon Dec 10 23:59:44 +0000 2018","retweets":"30","favorites":"20","mentions":[],"hashtags":[],"geo":"","raw":"완전 맛있어요!!!","polarity":{"com":0,"pos":0.5,"neg":0.5,"neut":0,"none":0},"intensity":{"high":0,"low":0,"meium":1,"none":0},"expressive":{"dir-action":0,"dir-explicit":0.5,"dir-speech":0,"indirect":0.5,"writing-device":0}},{"id":"마시내탕수육앤파닭-중하계점","permalink":"","username":"asdfg","text":"굿굿굿!!맛있어요~~","date":"Mon Dec 10 23:59:44 +0000 2018","retweets":"30","favorites":"20","mentions":[],"hashtags":[],"geo":"","raw":"굿굿굿!!맛있어요~~","polarity":{"com":0,"pos":0.6666666666666666,"neg":0.3333333333333333,"neut":0,"none":0},"intensity":{"high":0,"low":0,"meium":1,"none":0},"expressive":{"dir-action":0,"dir-explicit":0,"dir-speech":0.3333333333333333,"indirect":0.6666666666666666,"writing-device":0}},{"id":"마시내탕수육앤파닭-중하계점","permalink":"","username":"asdfg","text":"양이 생각보다 많아서 푸짐하게 잘 먹었어요:-)","date":"Mon Dec 10 23:59:44 +0000 2018","retweets":"30","favorites":"20","mentions":[],"hashtags":[],"geo":"","raw":"양이 생각보다 많아서 푸짐하게 잘 먹었어요:-)","polarity":{"com":0.006006006001501502,"pos":0.5233006688808252,"neg":0.35478568608869643,"neut":0.09948496627487124,"none":0.016422672754105666},"intensity":{"high":0.11457925302864481,"low":0.19144027554786008,"meium":0.6768070479192018,"none":0.017173423504293357},"expressive":{"dir-action":0.0007507507501876878,"dir-explicit":0.3558342890889586,"dir-speech":0.227167967556792,"indirect":0.39907356909976843,"writing-device":0.017173423504293357}},{"id":"마시내탕수육앤파닭-중하계점","permalink":"","username":"asdfg","text":"보기만 해도 행복한 메뉴 구성이네요:)\n세트메뉴는 처음 시켜보는데 생각보다 양이 적진 않았어요- 김말이와 튀김 국물떡볶이 그리고 김피탕의 조합은 그야말로 환상입니다ㅎㅎ 배달도 한시간 걸린다하셨는데 엄청 빨리 와주셨어요! 맛있게 먹었습니다^^","date":"Mon Dec 10 23:59:44 +0000 2018","retweets":"30","favorites":"20","mentions":[],"hashtags":[],"geo":"","raw":"보기만 해도 행복한 메뉴 구성이네요:)\n세트메뉴는 처음 시켜보는데 생각보다 양이 적진 않았어요- 김말이와 튀김 국물떡볶이 그리고 김피탕의 조합은 그야말로 환상입니다ㅎㅎ 배달도 한시간 걸린다하셨는데 엄청 빨리 와주셨어요! 맛있게 먹었습니다^^","polarity":{"com":0.004972988187189187,"pos":0.40751956884952995,"neg":0.4469009757220686,"neut":0.0781790165576138,"none":0.062427450683598264},"intensity":{"high":0.226513765625,"low":0.09389951550000002,"meium":0.616440877375,"none":0.0631458415},"expressive":{"dir-action":0.0007183908125448995,"dir-explicit":0.2716208713919763,"dir-speech":0.334767816958423,"indirect":0.3270848075829428,"writing-device":0.06580811325411302}},{"id":"마시내탕수육앤파닭-중하계점","permalink":"","username":"asdfg","text":"처음 김피탕을 먹었는데 신세계네요 다음에 또 먹고싶어요 추천합니다~","date":"Mon Dec 10 23:59:44 +0000 2018","retweets":"30","favorites":"20","mentions":[],"hashtags":[],"geo":"","raw":"처음 김피탕을 먹었는데 신세계네요 다음에 또 먹고싶어요 추천합니다~","polarity":{"com":0.023809523825396823,"pos":0.2619047619126984,"neg":0.6190476189603175,"neut":0,"none":0.09523809530158729},"intensity":{"high":0.16666666666666666,"low":0.08333333333333333,"meium":0.6547619046666667,"none":0.09523809533333333},"expressive":{"dir-action":0,"dir-explicit":0.15476190480753968,"dir-speech":0.5357142857440477,"indirect":0.190476190468254,"writing-device":0.11904761898015874}},{"id":"마시내탕수육앤파닭-중하계점","permalink":"","username":"asdfg","text":"영이 많이 적습니다 남자 둘이 먹어서 부족할까봐 라지 시켰는데도 모자라서 만두 한 봉지 사먹었어요","date":"Mon Dec 10 23:59:44 +0000 2018","retweets":"30","favorites":"20","mentions":[],"hashtags":[],"geo":"","raw":"영이 많이 적습니다 남자 둘이 먹어서 부족할까봐 라지 시켰는데도 모자라서 만두 한 봉지 사먹었어요","polarity":{"com":0.013274421331120929,"pos":0.2326672959612221,"neg":0.6235537142294076,"neut":0.04947264749175456,"none":0.08103192098649467},"intensity":{"high":0.12476400252079399,"low":0.14755553219125925,"meium":0.6459143299409859,"none":0.08176613534696102},"expressive":{"dir-action":0.0007342143334557024,"dir-explicit":0.23422779287237128,"dir-speech":0.4319648394053274,"indirect":0.24555304987425886,"writing-device":0.08752010351458668}},{"id":"마시내탕수육앤파닭-중하계점","permalink":"","username":"asdfg","text":"용인에서 자취할때 자주먹었는데 그때보다 더 매콤하고 걸쭉해서 더 맛있었어요!","date":"Mon Dec 10 23:59:44 +0000 2018","retweets":"30","favorites":"20","mentions":[],"hashtags":[],"geo":"","raw":"용인에서 자취할때 자주먹었는데 그때보다 더 매콤하고 걸쭉해서 더 맛있었어요!","polarity":{"com":0.0074892096658345335,"pos":0.536625366940375,"neg":0.3714922111809453,"neut":0.06628637232596818,"none":0.01810683988687702},"intensity":{"high":0.10198438466666666,"low":0.10590663766666668,"meium":0.7730958551111111,"none":0.019013122555555553},"expressive":{"dir-action":0.001384179888888889,"dir-explicit":0.255462807,"dir-speech":0.5199398982222223,"indirect":0.20443894099999999,"writing-device":0.018774173888888888}},{"id":"마시내탕수육앤파닭-중하계점","permalink":"","username":"asdfg","text":"늘 맛있습니다 양이 조금 아쉽지만요 ㅎ","date":"Mon Dec 10 23:59:44 +0000 2018","retweets":"30","favorites":"20","mentions":[],"hashtags":[],"geo":"","raw":"늘 맛있습니다 양이 조금 아쉽지만요 ㅎ","polarity":{"com":0.010279001333333334,"pos":0.14390602066666666,"neg":0.8135095446666667,"neut":0.029368575666666664,"none":0.002936857666666667},"intensity":{"high":0.0352422906784141,"low":0.04405286334801762,"meium":0.9162995596387664,"none":0.004405286334801762},"expressive":{"dir-action":0.0014684286671561425,"dir-explicit":0.13803230537934408,"dir-speech":0.45374449348458146,"indirect":0.4023494861341165,"writing-device":0.004405286334801761}},{"id":"마시내탕수육앤파닭-중하계점","permalink":"","username":"asdfg","text":"배달 빨라서 좋아요 잘먹겠습니다!","date":"Mon Dec 10 23:59:44 +0000 2018","retweets":"30","favorites":"20","mentions":[],"hashtags":[],"geo":"","raw":"배달 빨라서 좋아요 잘먹겠습니다!","polarity":{"com":0,"pos":0.8780952382926983,"neg":0.08476190469492063,"neut":0.023809523674603175,"none":0.013333333337777779},"intensity":{"high":0.06666666666666667,"low":0.08476190466666667,"meium":0.8352380953333333,"none":0.013333333333333334},"expressive":{"dir-action":0,"dir-explicit":0.2714285713333333,"dir-speech":0.44761904766666666,"indirect":0.26761904766666667,"writing-device":0.013333333333333334}},{"id":"마시내탕수육앤파닭-중하계점","permalink":"","username":"asdfg","text":"가끔씩 생각나서 시키면 혼자 한번에 쉼없이 먹을정도","date":"Mon Dec 10 23:59:44 +0000 2018","retweets":"30","favorites":"20","mentions":[],"hashtags":[],"geo":"","raw":"가끔씩 생각나서 시키면 혼자 한번에 쉼없이 먹을정도","polarity":{"com":0,"pos":0.20915032673638345,"neg":0.5790849675263617,"neut":0.08104575169368192,"none":0.13071895404357298},"intensity":{"high":0.05882352935294118,"low":0.19738562073246185,"meium":0.613071895871024,"none":0.13071895404357298},"expressive":{"dir-action":0,"dir-explicit":0.12810457533333333,"dir-speech":0.26143790866666666,"indirect":0.4797385619999999,"writing-device":0.130718954}},{"id":"마시내탕수육앤파닭-중하계점","permalink":"","username":"asdfg","text":"나쁘지않았어요 잘먹었습니다","date":"Mon Dec 10 23:59:44 +0000 2018","retweets":"30","favorites":"20","mentions":[],"hashtags":[],"geo":"","raw":"나쁘지않았어요 잘먹었습니다","polarity":{"com":0,"pos":0.35714285717857136,"neg":0.6071428573035714,"neut":0.03571428551785714,"none":0},"intensity":{"high":0.1666666665,"low":0.107142857,"meium":0.7261904765,"none":0},"expressive":{"dir-action":0,"dir-explicit":0.2738095235,"dir-speech":0.0714285715,"indirect":0.654761905,"writing-device":0}},{"id":"마시내탕수육앤파닭-중하계점","permalink":"","username":"asdfg","text":"배달원분이 너무 착하시고 맛도 있습니다 강추강추","date":"Mon Dec 10 23:59:44 +0000 2018","retweets":"30","favorites":"20","mentions":[],"hashtags":[],"geo":"","raw":"배달원분이 너무 착하시고 맛도 있습니다 강추강추","polarity":{"com":0.002976190333333333,"pos":0.4464285713333333,"neg":0.3869047619999999,"neut":0.011904761999999998,"none":0.15178571433333332},"intensity":{"high":0.01488095233333333,"low":0.017857142999999995,"meium":0.8154761903333333,"none":0.15178571433333332},"expressive":{"dir-action":0,"dir-explicit":0.06547619033333334,"dir-speech":0.7351190476666667,"indirect":0.047619047666666664,"writing-device":0.15178571433333335}},{"id":"마시내탕수육앤파닭-중하계점","permalink":"","username":"asdfg","text":".","date":"Mon Dec 10 23:59:44 +0000 2018","retweets":"30","favorites":"20","mentions":[],"hashtags":[],"geo":"","raw":"...........","polarity":{"com":null,"pos":null,"neg":null,"neut":null,"none":null},"intensity":{"high":null,"low":null,"meium":null,"none":null},"expressive":{"dir-action":null,"dir-explicit":null,"dir-speech":null,"indirect":null,"writing-device":null}},{"id":"마시내탕수육앤파닭-중하계점","permalink":"","username":"asdfg","text":"탕수육 먹고 싶을 땐 꼭 마시내에서 먹어요^^ 느끼하지\n않고 좋아요. 감사합니다.","date":"Mon Dec 10 23:59:44 +0000 2018","retweets":"30","favorites":"20","mentions":[],"hashtags":[],"geo":"","raw":"탕수육 먹고 싶을 땐 꼭 마시내에서 먹어요^^ 느끼하지\n않고 좋아요. 감사합니다.","polarity":{"com":0.004004004,"pos":0.6443243243333333,"neg":0.27993994,"neut":0.0055055055000000006,"none":0.06622622616666667},"intensity":{"high":0.25605605600000003,"low":0.09475475466666669,"meium":0.5824624626666667,"none":0.06672672666666667},"expressive":{"dir-action":0.0005005005000834168,"dir-explicit":0.2261261260376877,"dir-speech":0.5298298299216384,"indirect":0.17681681686280282,"writing-device":0.0667267266777878}},{"id":"마시내탕수육앤파닭-중하계점","permalink":"","username":"asdfg","text":"맛있게 먹음요.......","date":"Mon Dec 10 23:59:44 +0000 2018","retweets":"30","favorites":"20","mentions":[],"hashtags":[],"geo":"","raw":"맛있게 먹음요.......","polarity":{"com":0,"pos":0.1666666665,"neg":0.8333333334999999,"neut":0,"none":0},"intensity":{"high":0.0555555555,"low":0.111111111,"meium":0.8333333334999999,"none":0},"expressive":{"dir-action":0,"dir-explicit":0.111111111,"dir-speech":0.888888889,"indirect":0,"writing-device":0}},{"id":"마시내탕수육앤파닭-중하계점","permalink":"","username":"asdfg","text":"50분 정도 걸린다고 하셨는데 훨씬 빨리 가져다주셨구 야심한 밤에 덕분에 잘 먹었습니다 달달하면서도 구미가 땡기는 그런 맛이네요^_^","date":"Mon Dec 10 23:59:44 +0000 2018","retweets":"30","favorites":"20","mentions":[],"hashtags":[],"geo":"","raw":"50분 정도 걸린다고 하셨는데 훨씬 빨리 가져다주셨구 야심한 밤에 덕분에 잘 먹었습니다 달달하면서도 구미가 땡기는 그런 맛이네요^_^","polarity":{"com":0.033983232448220366,"pos":0.49191709183243526,"neg":0.29023665336558185,"neut":0.07061939778562437,"none":0.1132436245681382},"intensity":{"high":0.15153938442760673,"low":0.10993235665445196,"meium":0.6227764829308026,"none":0.11575177598713869},"expressive":{"dir-action":0.001993985111111111,"dir-explicit":0.28270472,"dir-speech":0.3293082113333333,"indirect":0.26971169222222224,"writing-device":0.11628139133333334}},{"id":"마시내탕수육앤파닭-중하계점","permalink":"","username":"asdfg","text":"언제나 맛있습니다. 계속 먹을거에요 ㅋㅋ","date":"Mon Dec 10 23:59:44 +0000 2018","retweets":"30","favorites":"20","mentions":[],"hashtags":[],"geo":"","raw":"언제나 맛있습니다. 계속 먹을거에요 ㅋㅋ","polarity":{"com":0,"pos":0,"neg":1,"neut":0,"none":0},"intensity":{"high":0.3333333333333333,"low":0,"meium":0.6666666666666666,"none":0},"expressive":{"dir-action":0,"dir-explicit":0,"dir-speech":0.5,"indirect":0.3333333333333333,"writing-device":0.16666666666666666}},{"id":"마시내탕수육앤파닭-중하계점","permalink":"","username":"asdfg","text":"여기 탕수육 생각날때마다 시켜먹는 단골인데 떡볶이도 제스탈이고 튀김도 바삭하고 깨끗한기름 쓰시길래 제스탈이라 어제도 시켰는데 .... 튀김도 검고 ...탕수육은 양이 완젼 줄어서 맛 만보는 정도구요 배달료도 따로 추가하는데 2만원대 음식이 왜이런지 모르겠네요 전이랑 달라져서 더 비교되네요 심지어 배달요구사항도 안보셔서..벨노크없이문앞에부탁드렸는데 .... 그 밤에 강아지 짖고 난리났네요ㅎ","date":"Mon Dec 10 23:59:44 +0000 2018","retweets":"30","favorites":"20","mentions":[],"hashtags":[],"geo":"","raw":"여기 탕수육 생각날때마다 시켜먹는 단골인데 떡볶이도 제스탈이고 튀김도 바삭하고 깨끗한기름 쓰시길래 제스탈이라 어제도 시켰는데 .... 튀김도 검고 ...탕수육은 양이 완젼 줄어서 맛 만보는 정도구요 배달료도 따로 추가하는데 2만원대 음식이 왜이런지 모르겠네요 전이랑 달라져서 더 비교되네요 심지어 배달요구사항도 안보셔서..벨노크없이문앞에부탁드렸는데 .... 그 밤에 강아지 짖고 난리났네요ㅎ","polarity":{"com":0.01316474023568132,"pos":0.42844663474789557,"neg":0.3209672102447343,"neut":0.08926207429674302,"none":0.14815934047494586},"intensity":{"high":0.08658517333371588,"low":0.14320721845802434,"meium":0.6211497360436647,"none":0.149057872164595},"expressive":{"dir-action":0.0033311836172551543,"dir-explicit":0.2638463248807239,"dir-speech":0.38056696242581567,"indirect":0.1974806260355905,"writing-device":0.15477490304061473}},{"id":"마시내탕수육앤파닭-중하계점","permalink":"","username":"asdfg","text":"탕슉 맛있엇어요. 배달시간은 좀 오래걸렷어요;;","date":"Mon Dec 10 23:59:44 +0000 2018","retweets":"30","favorites":"20","mentions":[],"hashtags":[],"geo":"","raw":"탕슉 맛있엇어요. 배달시간은 좀 오래걸렷어요;;","polarity":{"com":0,"pos":1,"neg":0,"neut":0,"none":0},"intensity":{"high":0,"low":0,"meium":1,"none":0},"expressive":{"dir-action":0,"dir-explicit":0,"dir-speech":1,"indirect":0,"writing-device":0}},{"id":"마시내탕수육앤파닭-중하계점","permalink":"","username":"asdfg","text":"배달하는사람 진상이네여 문발로차고 초인종 눌르는 ㅁㅊㄴ이네요 별하나도 아깝네","date":"Mon Dec 10 23:59:44 +0000 2018","retweets":"30","favorites":"20","mentions":[],"hashtags":[],"geo":"","raw":"배달하는사람 진상이네여 문발로차고 초인종 눌르는 ㅁㅊㄴ이네요 별하나도 아깝네","polarity":{"com":0.028737381628592174,"pos":0.5163565326895446,"neg":0.30699609366337455,"neut":0.0809807482601226,"none":0.06692924375836616},"intensity":{"high":0.12576997164072126,"low":0.1198206895149776,"meium":0.6869294343358663,"none":0.067479904508435},"expressive":{"dir-action":0.0005506607500688326,"dir-explicit":0.20565821840070728,"dir-speech":0.4848006496856001,"indirect":0.24240342378030044,"writing-device":0.06658704738332338}},{"id":"마시내탕수육앤파닭-중하계점","permalink":"","username":"asdfg","text":"항상 맛있어유 잘 먹었습니다","date":"Mon Dec 10 23:59:44 +0000 2018","retweets":"30","favorites":"20","mentions":[],"hashtags":[],"geo":"","raw":"항상 맛있어유 잘 먹었습니다","polarity":{"com":0,"pos":0.8571428574285714,"neg":0.10714285705357143,"neut":0.035714285517857144,"none":0},"intensity":{"high":0,"low":0.107142857,"meium":0.8928571430000001,"none":0},"expressive":{"dir-action":0,"dir-explicit":0.357142857,"dir-speech":0.3214285715,"indirect":0.3214285715,"writing-device":0}},{"id":"마시내탕수육앤파닭-중하계점","permalink":"","username":"asdfg","text":"맛있어요ㅠㅠㅠㅠㅠㅜ♡","date":"Mon Dec 10 23:59:44 +0000 2018","retweets":"30","favorites":"20","mentions":[],"hashtags":[],"geo":"","raw":"맛있어요ㅠㅠㅠㅠㅠㅜ♡","polarity":{"com":0,"pos":0,"neg":1,"neut":0,"none":0},"intensity":{"high":0,"low":0,"meium":1,"none":0},"expressive":{"dir-action":0,"dir-explicit":0,"dir-speech":1,"indirect":0,"writing-device":0}},{"id":"마시내탕수육앤파닭-중하계점","permalink":"","username":"asdfg","text":"김피탕 맛있어요!! 매운맛도 적당하고 ㅋㅋ 자주 시켜먹을거같아요","date":"Mon Dec 10 23:59:44 +0000 2018","retweets":"30","favorites":"20","mentions":[],"hashtags":[],"geo":"","raw":"김피탕 맛있어요!! 매운맛도 적당하고 ㅋㅋ 자주 시켜먹을거같아요","polarity":{"com":0.004452411571428572,"pos":0.3086045228571429,"neg":0.6145063431428571,"neut":0.006759821000000001,"none":0.06567690142857144},"intensity":{"high":0.12401176685714287,"low":0.20294171714285714,"meium":0.6069406141428572,"none":0.06610590185714285},"expressive":{"dir-action":0.0004290004285101428,"dir-explicit":0.17432125997509698,"dir-speech":0.5239811239251455,"indirect":0.09332597912952485,"writing-device":0.20794263654172246}},{"id":"마시내탕수육앤파닭-중하계점","permalink":"","username":"asdfg","text":"맛은 맛있어요! 리뷰보고 너무 일반은 달다고 하길래 양념 시켰습니다 너무 맵지않고 아주 약간 매운맛이나는 그런맛이에요\n저는 혼자시켜먹어서 양은 충분할거같은데 두명이서 먹는다면 약간 적은양일거같아요","date":"Mon Dec 10 23:59:44 +0000 2018","retweets":"30","favorites":"20","mentions":[],"hashtags":[],"geo":"","raw":"맛은 맛있어요! 리뷰보고 너무 일반은 달다고 하길래 양념 시켰습니다 너무 맵지않고 아주 약간 매운맛이나는 그런맛이에요\n저는 혼자시켜먹어서 양은 충분할거같은데 두명이서 먹는다면 약간 적은양일거같아요","polarity":{"com":0.019895088736842103,"pos":0.3953734601578947,"neg":0.544165999368421,"neut":0.013752548842105264,"none":0.02681290289473684},"intensity":{"high":0.08105558858747955,"low":0.10317010780033373,"meium":0.788198387240863,"none":0.02757591637132379},"expressive":{"dir-action":0.0007630134737243691,"dir-explicit":0.18240270622012647,"dir-speech":0.49309433871016295,"indirect":0.1886589542730873,"writing-device":0.135080987322899}},{"id":"마시내탕수육앤파닭-중하계점","permalink":"","username":"asdfg","text":"배달은 짱빨라요\n먹다찍어서그렇지 먹음직 스러운데\nㅋㅋㅋ다튀김옷.....ㅋㅋㅋㅋ\n\n눅눅한건 둘째치고 고기가 없네\n요ㅋㅋㅋㅋ","date":"Mon Dec 10 23:59:44 +0000 2018","retweets":"30","favorites":"20","mentions":[],"hashtags":[],"geo":"","raw":"배달은 짱빨라요\n먹다찍어서그렇지 먹음직 스러운데\nㅋㅋㅋ다튀김옷.....ㅋㅋㅋㅋ\n\n눅눅한건 둘째치고 고기가 없네\n요ㅋㅋㅋㅋ","polarity":{"com":0.0125140846,"pos":0.4029147835,"neg":0.3754748467,"neut":0.117307999,"none":0.09178828619999999},"intensity":{"high":0.13714953828628504,"low":0.11517596978848241,"meium":0.6546150316345385,"none":0.09305946029069405},"expressive":{"dir-action":0.00030030030003003004,"dir-explicit":0.22448655922244867,"dir-speech":0.4461945628446195,"indirect":0.23205658542320565,"writing-device":0.0969619922096962}},{"id":"마시내탕수육앤파닭-중하계점","permalink":"","username":"asdfg","text":"맛있게 잘 먹었습니다","date":"Mon Dec 10 23:59:44 +0000 2018","retweets":"30","favorites":"20","mentions":[],"hashtags":[],"geo":"","raw":"맛있게 잘 먹었습니다","polarity":{"com":0,"pos":0.35714285717857136,"neg":0.6071428573035714,"neut":0.03571428551785714,"none":0},"intensity":{"high":0,"low":0.107142857,"meium":0.8928571430000001,"none":0},"expressive":{"dir-action":0,"dir-explicit":0.107142857,"dir-speech":0.5714285715,"indirect":0.3214285715,"writing-device":0}},{"id":"마시내탕수육앤파닭-중하계점","permalink":"","username":"asdfg","text":"늘 맛나게 잘 먹고 있어요","date":"Mon Dec 10 23:59:44 +0000 2018","retweets":"30","favorites":"20","mentions":[],"hashtags":[],"geo":"","raw":"늘 맛나게 잘 먹고 있어요","polarity":{"com":0.004464285502232143,"pos":0.5267857142633928,"neg":0.18750000009375,"neut":0.05357142852678572,"none":0.2276785716138393},"intensity":{"high":0.0223214285,"low":0.13392857149999998,"meium":0.6160714285,"none":0.2276785715},"expressive":{"dir-action":0,"dir-explicit":0.20535714249999998,"dir-speech":0.174107143,"indirect":0.39285714299999996,"writing-device":0.2276785715}},{"id":"마시내탕수육앤파닭-중하계점","permalink":"","username":"asdfg","text":"맛은 그럭저럭 괜찮았는데 L를 시킨게 맞나 의심스러울정도로 양이 m사이즈도 안오네요...ㅜ","date":"Mon Dec 10 23:59:44 +0000 2018","retweets":"30","favorites":"20","mentions":[],"hashtags":[],"geo":"","raw":"맛은 그럭저럭 괜찮았는데 L를 시킨게 맞나 의심스러울정도로 양이 m사이즈도 안오네요...ㅜ","polarity":{"com":0.007430997833333332,"pos":0.3829277586666667,"neg":0.5099025533333333,"neut":0.04418313466666667,"none":0.05555555549999999},"intensity":{"high":0.0351135065,"low":0.09196472316666668,"meium":0.8173662148333333,"none":0.0555555555},"expressive":{"dir-action":0.0021231423326256195,"dir-explicit":0.32821057222392985,"dir-speech":0.3351298382216234,"indirect":0.2779193205740269,"writing-device":0.056617126647794294}},{"id":"마시내탕수육앤파닭-중하계점","permalink":"","username":"asdfg","text":"괜찮았습니다~ㅎㅎㅎ","date":"Mon Dec 10 23:59:44 +0000 2018","retweets":"30","favorites":"20","mentions":[],"hashtags":[],"geo":"","raw":"괜찮았습니다~ㅎㅎㅎ","polarity":{"com":null,"pos":null,"neg":null,"neut":null,"none":null},"intensity":{"high":null,"low":null,"meium":null,"none":null},"expressive":{"dir-action":null,"dir-explicit":null,"dir-speech":null,"indirect":null,"writing-device":null}},{"id":"마시내탕수육앤파닭-중하계점","permalink":"","username":"asdfg","text":"김치피자 탕수육은 생각했던것보\n다 맛이 있었는데 파닭은 순살치킨이라 맛이 좀 떨어지네요.","date":"Mon Dec 10 23:59:44 +0000 2018","retweets":"30","favorites":"20","mentions":[],"hashtags":[],"geo":"","raw":"김치피자 탕수육은 생각했던것보\n다 맛이 있었는데 파닭은 순살치킨이라 맛이 좀 떨어지네요.","polarity":{"com":0.006575534333333334,"pos":0.6374361254444445,"neg":0.2461587787777778,"neut":0.04651936122222222,"none":0.06331020022222222},"intensity":{"high":0.10217804356690868,"low":0.06411237134045694,"meium":0.7701604361966845,"none":0.06354914889594991},"expressive":{"dir-action":0.000716845888888889,"dir-explicit":0.30517410366666664,"dir-speech":0.3895974354444445,"indirect":0.23902276555555554,"writing-device":0.06548884944444444}},{"id":"마시내탕수육앤파닭-중하계점","permalink":"","username":"asdfg","text":"양이좀 아쉬워요 처음 먹어봐서 김치랑 치즈 조합이 괜찮네요\n잘먹었습니다","date":"Mon Dec 10 23:59:44 +0000 2018","retweets":"30","favorites":"20","mentions":[],"hashtags":[],"geo":"","raw":"양이좀 아쉬워요 처음 먹어봐서 김치랑 치즈 조합이 괜찮네요\n잘먹었습니다","polarity":{"com":0.043072162791385565,"pos":0.5982483742803503,"neg":0.27143906014571223,"neut":0.048573526190285286,"none":0.03866687659226662},"intensity":{"high":0.054478707810895734,"low":0.08595552741719109,"meium":0.8200178309640036,"none":0.03954793380790958},"expressive":{"dir-action":0.0008810572001762112,"dir-explicit":0.32948604986589725,"dir-speech":0.3981990770796398,"indirect":0.22355254884471046,"writing-device":0.04788126700957624}},{"id":"마시내탕수육앤파닭-중하계점","permalink":"","username":"asdfg","text":"제작의 창의력에 놀라고 맛에 다시한번 놀란다","date":"Mon Dec 10 23:59:44 +0000 2018","retweets":"30","favorites":"20","mentions":[],"hashtags":[],"geo":"","raw":"제작의 창의력에 놀라고 맛에 다시한번 놀란다","polarity":{"com":0.007062146998234464,"pos":0.5383373686154156,"neg":0.15334947546166264,"neut":0.26412429368396895,"none":0.03712671524071832},"intensity":{"high":0.07102502023224375,"low":0.04661016948834746,"meium":0.8452380950386904,"none":0.03712671524071832},"expressive":{"dir-action":0,"dir-explicit":0.09362389025000001,"dir-speech":0.51190476175,"indirect":0.35734463275,"writing-device":0.03712671525}},{"id":"마시내탕수육앤파닭-중하계점","permalink":"","username":"asdfg","text":"김치피자탕수육 너무 맛있습니다!","date":"Mon Dec 10 23:59:44 +0000 2018","retweets":"30","favorites":"20","mentions":[],"hashtags":[],"geo":"","raw":"김치피자탕수육 너무 맛있습니다!","polarity":{"com":0.142857143,"pos":0.142857143,"neg":0.714285714,"neut":0,"none":0},"intensity":{"high":0.142857143,"low":0.142857143,"meium":0.714285714,"none":0},"expressive":{"dir-action":0,"dir-explicit":0.5714285710000001,"dir-speech":0.28571428600000004,"indirect":0.14285714300000002,"writing-device":0}},{"id":"마시내탕수육앤파닭-중하계점","permalink":"","username":"asdfg","text":"탕수육 소스에 케첩 섞어서 먹는 딱 상상하시는 맛입니다. 김치가 정말 신의 한 수이고 부족하다 싶으시면 김치 잘라서 좀 데운 뒤 섞어서 먹어도 좋은 것 같아요.","date":"Mon Dec 10 23:59:44 +0000 2018","retweets":"30","favorites":"20","mentions":[],"hashtags":[],"geo":"","raw":"탕수육 소스에 케첩 섞어서 먹는 딱 상상하시는 맛입니다. 김치가 정말 신의 한 수이고 부족하다 싶으시면 김치 잘라서 좀 데운 뒤 섞어서 먹어도 좋은 것 같아요.","polarity":{"com":0.0038009632499999995,"pos":0.4552478875833334,"neg":0.36652247583333325,"neut":0.07134045075,"none":0.10308822258333332},"intensity":{"high":0.07035170832747069,"low":0.13198981173900087,"meium":0.6921908484423174,"none":0.10546763149121104},"expressive":{"dir-action":0.0009578544166666666,"dir-explicit":0.2422969001666667,"dir-speech":0.48267684375,"indirect":0.16539658883333333,"writing-device":0.10867181283333334}},{"id":"마시내탕수육앤파닭-중하계점","permalink":"","username":"asdfg","text":"이런 메뉴가 있는지도 몰랐는데! \n너무너무 맛있더라구요!! 느끼하지도않고!!\n오늘 또 주문했네요 ㅋㅋ \n항상 지금처럼 맛있게 만들어주세요❤️","date":"Mon Dec 10 23:59:44 +0000 2018","retweets":"30","favorites":"20","mentions":[],"hashtags":[],"geo":"","raw":"이런 메뉴가 있는지도 몰랐는데! \n너무너무 맛있더라구요!! 느끼하지도않고!!\n오늘 또 주문했네요 ㅋㅋ \n항상 지금처럼 맛있게 만들어주세요❤️","polarity":{"com":0.005052171999494782,"pos":0.36467236616353277,"neg":0.4496556916550344,"neut":0.02990218829700978,"none":0.15071758188492823},"intensity":{"high":0.039675620300000006,"low":0.0906573422,"meium":0.7184341015,"none":0.15123293599999998},"expressive":{"dir-action":0.0009454615998109077,"dir-explicit":0.2613370394477326,"dir-speech":0.41277706891744453,"indirect":0.17701778606459645,"writing-device":0.14792264397041546}},{"id":"마시내탕수육앤파닭-중하계점","permalink":"","username":"asdfg","text":"Good 역시 신세계","date":"Mon Dec 10 23:59:44 +0000 2018","retweets":"30","favorites":"20","mentions":[],"hashtags":[],"geo":"","raw":"Good 역시 신세계","polarity":{"com":0,"pos":0.3333333333333333,"neg":0,"neut":0.3333333333333333,"none":0.3333333333333333},"intensity":{"high":0,"low":0.3333333333333333,"meium":0.3333333333333333,"none":0.3333333333333333},"expressive":{"dir-action":0,"dir-explicit":0.3333333333333333,"dir-speech":0.3333333333333333,"indirect":0,"writing-device":0.3333333333333333}},{"id":"마시내탕수육앤파닭-중하계점","permalink":"","username":"asdfg","text":"튀김옷이 많은거같아 아쉽다","date":"Mon Dec 10 23:59:44 +0000 2018","retweets":"30","favorites":"20","mentions":[],"hashtags":[],"geo":"","raw":"튀김옷이 많은거같아 아쉽다","polarity":{"com":0,"pos":0.16666666666666666,"neg":0.8333333333333334,"neut":0,"none":0},"intensity":{"high":0,"low":0.08333333333333333,"meium":0.9166666666666666,"none":0},"expressive":{"dir-action":0,"dir-explicit":0.25,"dir-speech":0.08333333333333333,"indirect":0.3333333333333333,"writing-device":0.3333333333333333}},{"id":"마시내탕수육앤파닭-중하계점","permalink":"","username":"asdfg","text":"양도 많고 맛있네요 ㅎㅎ","date":"Mon Dec 10 23:59:44 +0000 2018","retweets":"30","favorites":"20","mentions":[],"hashtags":[],"geo":"","raw":"양도 많고 맛있네요 ㅎㅎ","polarity":{"com":0,"pos":0.195652174,"neg":0.7826086955,"neut":0.0217391305,"none":0},"intensity":{"high":0.1304347825652174,"low":0.10869565205434782,"meium":0.7608695653804347,"none":0},"expressive":{"dir-action":0,"dir-explicit":0.2608695651304348,"dir-speech":0.6086956523043479,"indirect":0.1304347825652174,"writing-device":0}},{"id":"마시내탕수육앤파닭-중하계점","permalink":"","username":"asdfg","text":"항상 먹지만 김피탕 정말 맛있어요!!!! 김치때문에 느끼하지 않아서 좋아요💕 배달은 40-50분정도 걸립니다","date":"Mon Dec 10 23:59:44 +0000 2018","retweets":"30","favorites":"20","mentions":[],"hashtags":[],"geo":"","raw":"항상 먹지만 김피탕 정말 맛있어요!!!! 김치때문에 느끼하지 않아서 좋아요💕 배달은 40-50분정도 걸립니다","polarity":{"com":0.003003003,"pos":0.63949324325,"neg":0.22037162162499999,"neut":0.035379129125,"none":0.10175300300000001},"intensity":{"high":0.16426426424999999,"low":0.015510510500000001,"meium":0.718096846875,"none":0.10212837837500001},"expressive":{"dir-action":0.000375375375,"dir-explicit":0.364039039,"dir-speech":0.400844594625,"indirect":0.13261261262500001,"writing-device":0.10212837837500001}},{"id":"마시내탕수육앤파닭-중하계점","permalink":"","username":"asdfg","text":"탕수육이아주맛나용~~~","date":"Mon Dec 10 23:59:44 +0000 2018","retweets":"30","favorites":"20","mentions":[],"hashtags":[],"geo":"","raw":"탕수육이아주맛나용~~~","polarity":{"com":0.015418501999999997,"pos":0.7158590309999999,"neg":0.22026431699999993,"neut":0.04405286349999999,"none":0.004405286499999999},"intensity":{"high":0.05286343602643172,"low":0.06607929503303965,"meium":0.8744493394372247,"none":0.006607929503303965},"expressive":{"dir-action":0.002202643001101321,"dir-explicit":0.2070484581035242,"dir-speech":0.6806167403403084,"indirect":0.1035242290517621,"writing-device":0.006607929503303964}},{"id":"마시내탕수육앤파닭-중하계점","permalink":"","username":"asdfg","text":"아주맛잇습니다.\n배달굿!","date":"Mon Dec 10 23:59:44 +0000 2018","retweets":"30","favorites":"20","mentions":[],"hashtags":[],"geo":"","raw":"아주맛잇습니다.\n배달굿!","polarity":{"com":0,"pos":0.875,"neg":0.125,"neut":0,"none":0},"intensity":{"high":0.125,"low":0,"meium":0.875,"none":0},"expressive":{"dir-action":0,"dir-explicit":0,"dir-speech":0.625,"indirect":0.375,"writing-device":0}},{"id":"마시내탕수육앤파닭-중하계점","permalink":"","username":"asdfg","text":"대학때 먹던 탕슉이 생각나서 검색해서 시켜봤습니다^^\n배달은 45분쯤 걸렸던것 같고 맛도 괜찮았는데 양이 살짝 적은 느낌이었습니다. 23000원짜리 둘이 먹기에 살짝 부족한 느낌^^;;","date":"Mon Dec 10 23:59:44 +0000 2018","retweets":"30","favorites":"20","mentions":[],"hashtags":[],"geo":"","raw":"대학때 먹던 탕슉이 생각나서 검색해서 시켜봤습니다^^\n배달은 45분쯤 걸렸던것 같고 맛도 괜찮았는데 양이 살짝 적은 느낌이었습니다. 23000원짜리 둘이 먹기에 살짝 부족한 느낌^^;;","polarity":{"com":0.005787774785300874,"pos":0.4177322873987334,"neg":0.5156860018917367,"neut":0.025070822355352084,"none":0.03572311356887692},"intensity":{"high":0.04889800164984258,"low":0.10019060244288439,"meium":0.8144053459020579,"none":0.03650605000521515},"expressive":{"dir-action":0.0010901560715064398,"dir-explicit":0.1951118761567937,"dir-speech":0.4876204697491158,"indirect":0.2798250578771304,"writing-device":0.036352440145453746}},{"id":"마시내탕수육앤파닭-중하계점","permalink":"","username":"asdfg","text":"주로 중국집에서 탕수육 시켜먹다가 여기서 처음 시켜봤는데요 ~일단 고기 잡내 안나고 튀김옷도 깔끔하고 넘 두껍지 않은 점은 좋네요. 양은 약간 적다는 느낌인데...요즘 전체적으로 음식점마다 뭔가 양이 다 줄어든단 생각들어서 이건 각자 좀 다르게 느낄 것 같은데...성인남자 기준으로는 살짝 적단 느낌 받았습니다. 사진은 중간에 먹다가 올린거라 많이 부족해보이지만 상자에 가득 차서 왔어요~고기나 소스 맛은 그냥 보통이에요. 특별한 점은 없네요...포장 깔끔하고요. 재주문은...잘 모르겠네요...나중에 다른 메뉴 먹어봐야할 듯 요...","date":"Mon Dec 10 23:59:44 +0000 2018","retweets":"30","favorites":"20","mentions":[],"hashtags":[],"geo":"","raw":"주로 중국집에서 탕수육 시켜먹다가 여기서 처음 시켜봤는데요 ~일단 고기 잡내 안나고 튀김옷도 깔끔하고 넘 두껍지 않은 점은 좋네요. 양은 약간 적다는 느낌인데...요즘 전체적으로 음식점마다 뭔가 양이 다 줄어든단 생각들어서 이건 각자 좀 다르게 느낄 것 같은데...성인남자 기준으로는 살짝 적단 느낌 받았습니다. 사진은 중간에 먹다가 올린거라 많이 부족해보이지만 상자에 가득 차서 왔어요~고기나 소스 맛은 그냥 보통이에요. 특별한 점은 없네요...포장 깔끔하고요. 재주문은...잘 모르겠네요...나중에 다른 메뉴 먹어봐야할 듯 요...","polarity":{"com":0.006275396428827566,"pos":0.4611885759575995,"neg":0.38906910497506403,"neut":0.05860952422688203,"none":0.08485739841162684},"intensity":{"high":0.0972429822205207,"low":0.1314416429742269,"meium":0.6858149136862933,"none":0.0855004611189592},"expressive":{"dir-action":0.0006204792856762971,"dir-explicit":0.293260511573882,"dir-speech":0.40714324658731776,"indirect":0.21084381353811155,"writing-device":0.08813194901501233}},{"id":"마시내탕수육앤파닭-중하계점","permalink":"","username":"asdfg","text":"명절 연휴인데 금방 배달해주시고 잘먹었어요~ \n허겁지겁 먹느라 다먹고 사진이 없네요 ㅎㅎ \n양도 적당하고 맛있는데 너무너무 달아요.. 설탕 반으로 줄이셔도 충분할거같아요 ㅠㅠ 고기 튼실하고요~ 양배추 피망 양 더 늘려주시면 더맛있을듯","date":"Mon Dec 10 23:59:44 +0000 2018","retweets":"30","favorites":"20","mentions":[],"hashtags":[],"geo":"","raw":"명절 연휴인데 금방 배달해주시고 잘먹었어요~ \n허겁지겁 먹느라 다먹고 사진이 없네요 ㅎㅎ \n양도 적당하고 맛있는데 너무너무 달아요.. 설탕 반으로 줄이셔도 충분할거같아요 ㅠㅠ 고기 튼실하고요~ 양배추 피망 양 더 늘려주시면 더맛있을듯","polarity":{"com":0.003490385105446863,"pos":0.5450171648707904,"neg":0.3283383628593863,"neut":0.07465376868813968,"none":0.04850031847623686},"intensity":{"high":0.08997460778000269,"low":0.15999781345684236,"meium":0.7008582212946466,"none":0.0491693574685085},"expressive":{"dir-action":0.00015805278946536566,"dir-explicit":0.2445297475660774,"dir-speech":0.3502460470341976,"indirect":0.30121125203677834,"writing-device":0.10385490057348132}},{"id":"마시내탕수육앤파닭-중하계점","permalink":"","username":"asdfg","text":"양이좀 적어도 맛있어요","date":"Mon Dec 10 23:59:44 +0000 2018","retweets":"30","favorites":"20","mentions":[],"hashtags":[],"geo":"","raw":"양이좀 적어도 맛있어요","polarity":{"com":0,"pos":0.5,"neg":0.5,"neut":0,"none":0},"intensity":{"high":0,"low":0,"meium":1,"none":0},"expressive":{"dir-action":0,"dir-explicit":0.2,"dir-speech":0.8,"indirect":0,"writing-device":0}},{"id":"마시내탕수육앤파닭-중하계점","permalink":"","username":"asdfg","text":"배달 빠르고 양도많고 좋은데 제 입에는 너무 달았어요","date":"Mon Dec 10 23:59:44 +0000 2018","retweets":"30","favorites":"20","mentions":[],"hashtags":[],"geo":"","raw":"배달 빠르고 양도많고 좋은데 제 입에는 너무 달았어요","polarity":{"com":0,"pos":0.43812744423968797,"neg":0.5188589832531432,"neut":0.023119392670519896,"none":0.019894179836649033},"intensity":{"high":0.165435932860906,"low":0.08258109034709685,"meium":0.7320887969553481,"none":0.019894179836649033},"expressive":{"dir-action":0,"dir-explicit":0.29674488154945755,"dir-speech":0.5140096619190017,"indirect":0.16670577402778433,"writing-device":0.022539682503756618}},{"id":"마시내탕수육앤파닭-중하계점","permalink":"","username":"asdfg","text":"!","date":"Mon Dec 10 23:59:44 +0000 2018","retweets":"30","favorites":"20","mentions":[],"hashtags":[],"geo":"","raw":"!","polarity":{"com":null,"pos":null,"neg":null,"neut":null,"none":null},"intensity":{"high":null,"low":null,"meium":null,"none":null},"expressive":{"dir-action":null,"dir-explicit":null,"dir-speech":null,"indirect":null,"writing-device":null}},{"id":"마시내탕수육앤파닭-중하계점","permalink":"","username":"asdfg","text":"맛잇어요","date":"Mon Dec 10 23:59:44 +0000 2018","retweets":"30","favorites":"20","mentions":[],"hashtags":[],"geo":"","raw":"맛잇어요","polarity":{"com":0,"pos":1,"neg":0,"neut":0,"none":0},"intensity":{"high":0,"low":0,"meium":1,"none":0},"expressive":{"dir-action":0,"dir-explicit":0,"dir-speech":1,"indirect":0,"writing-device":0}},{"id":"마시내탕수육앤파닭-중하계점","permalink":"","username":"asdfg","text":"간장은 개인적으로 입맛에 안 맞았고 양념은 그냥 단 양념. 고기는 굵기나 양으로나 굉장히 마음에 들었는데 잡내가 생각보다 나네요. 튀김은 바삭하니 정말 좋습니다.","date":"Mon Dec 10 23:59:44 +0000 2018","retweets":"30","favorites":"20","mentions":[],"hashtags":[],"geo":"","raw":"간장은 개인적으로 입맛에 안 맞았고 양념은 그냥 단 양념. 고기는 굵기나 양으로나 굉장히 마음에 들었는데 잡내가 생각보다 나네요. 튀김은 바삭하니 정말 좋습니다.","polarity":{"com":0.01009710341750809,"pos":0.47565941662297156,"neg":0.38876449311573036,"neut":0.07120699675593391,"none":0.05427199008785599},"intensity":{"high":0.12646177318774363,"low":0.09590529176598422,"meium":0.7224030905370672,"none":0.05522984450920497},"expressive":{"dir-action":0.0009578544167464879,"dir-explicit":0.28757036744063086,"dir-speech":0.39164811769930397,"indirect":0.25746977385478914,"writing-device":0.06235388658852949}}]