[{"id":"훔쳐먹은치킨파닭-석관2호점","permalink":"","username":"asdfg","text":"좋습니다!!!!!!","date":"Mon Dec 10 23:59:44 +0000 2018","retweets":"30","favorites":"20","mentions":[],"hashtags":[],"geo":"","raw":"좋습니다!!!!!!","polarity":{"com":0,"pos":0.92,"neg":0.04,"neut":0,"none":0.04},"intensity":{"high":0.2,"low":0.04,"meium":0.72,"none":0.04},"expressive":{"dir-action":0,"dir-explicit":0.6,"dir-speech":0.2,"indirect":0.16,"writing-device":0.04}},{"id":"훔쳐먹은치킨파닭-석관2호점","permalink":"","username":"asdfg","text":"선결제를 했는데 접수대기중이여서 6분가량 뒤에 전화했습니다. 그런데 무가 없다는걸 전화를 해서 알았고요 전화하기전에 전화를 주셔서 먼저 말씀해주셔야되는거 아닌가요 서비스가 마냥 좋은거같지는 않네요 배달은 빨리왔어요","date":"Mon Dec 10 23:59:44 +0000 2018","retweets":"30","favorites":"20","mentions":[],"hashtags":[],"geo":"","raw":"선결제를 했는데 접수대기중이여서 6분가량 뒤에 전화했습니다. 그런데 무가 없다는걸 전화를 해서 알았고요 전화하기전에 전화를 주셔서 먼저 말씀해주셔야되는거 아닌가요 서비스가 마냥 좋은거같지는 않네요 배달은 빨리왔어요","polarity":{"com":0.003620059523464756,"pos":0.584378456991964,"neg":0.2885720531629931,"neut":0.030783153711353987,"none":0.09264627661022416},"intensity":{"high":0.06320609194937113,"low":0.10375029294744045,"meium":0.7399350176314317,"none":0.09310859747175672},"expressive":{"dir-action":0.006802721093942337,"dir-explicit":0.22237232362431,"dir-speech":0.23704157981199206,"indirect":0.35555425717037054,"writing-device":0.1782291182993849}},{"id":"훔쳐먹은치킨파닭-석관2호점","permalink":"","username":"asdfg","text":"파채랑 치킨이랑 따로 포장되서 아주 좋았고 맛도 괜찮네요","date":"Mon Dec 10 23:59:44 +0000 2018","retweets":"30","favorites":"20","mentions":[],"hashtags":[],"geo":"","raw":"파채랑 치킨이랑 따로 포장되서 아주 좋았고 맛도 괜찮네요","polarity":{"com":0.009375,"pos":0.53125,"neg":0.184375,"neut":0.275,"none":0},"intensity":{"high":0.084375,"low":0.021875,"meium":0.890625,"none":0.003125},"expressive":{"dir-action":0,"dir-explicit":0.128125,"dir-speech":0.60625,"indirect":0.265625,"writing-device":0}},{"id":"훔쳐먹은치킨파닭-석관2호점","permalink":"","username":"asdfg","text":"치킨이 살도 포동포동햐서 좋네요","date":"Mon Dec 10 23:59:44 +0000 2018","retweets":"30","favorites":"20","mentions":[],"hashtags":[],"geo":"","raw":"치킨이 살도 포동포동햐서 좋네요","polarity":{"com":0.012659953666666668,"pos":0.5220012586666667,"neg":0.269700021,"neut":0.03413048033333333,"none":0.16150828633333333},"intensity":{"high":0.1495280050498427,"low":0.09548143469849382,"meium":0.592013845197338,"none":0.1629767150543256},"expressive":{"dir-action":0.0014684286666666667,"dir-explicit":0.39993706733333334,"dir-speech":0.28707782666666665,"indirect":0.1509209146666667,"writing-device":0.1605957626666667}}]