[{"id":"처갓집양념치킨-공릉점","permalink":"","username":"asdfg","text":"초인종이 가끔 안되는걸 저도 인식하지 못해 밖에서 기다리게 한점 죄송합니다. 하지만 그렇게 짜증내시면 계속 사과하는사람도 조금 불편합니다 ㅠㅠ 죄송하다고 사과하는데 계속화내셔서 조금 무서웠습니다 ㅠㅠ 그래도 치킨은 맛있었어요","date":"Mon Dec 10 23:59:44 +0000 2018","retweets":"30","favorites":"20","mentions":[],"hashtags":[],"geo":"","raw":"초인종이 가끔 안되는걸 저도 인식하지 못해 밖에서 기다리게 한점 죄송합니다. 하지만 그렇게 짜증내시면 계속 사과하는사람도 조금 불편합니다 ㅠㅠ 죄송하다고 사과하는데 계속화내셔서 조금 무서웠습니다 ㅠㅠ 그래도 치킨은 맛있었어요","polarity":{"com":0.0094134396,"pos":0.3543844049500001,"neg":0.46063366955,"neut":0.09006506060000002,"none":0.0855034253},"intensity":{"high":0.18188141236818814,"low":0.14646124061464616,"meium":0.5864602017086461,"none":0.08519714530851971},"expressive":{"dir-action":0.0020630192003094528,"dir-explicit":0.24801870028720285,"dir-speech":0.3389587532008438,"indirect":0.3222310073483347,"writing-device":0.08872851996330926}},{"id":"처갓집양념치킨-공릉점","permalink":"","username":"asdfg","text":"맛있었고 배달 빨랐습니다.","date":"Mon Dec 10 23:59:44 +0000 2018","retweets":"30","favorites":"20","mentions":[],"hashtags":[],"geo":"","raw":"맛있었고 배달 빨랐습니다.","polarity":{"com":0,"pos":0.5,"neg":0.5,"neut":0,"none":0},"intensity":{"high":0,"low":0,"meium":1,"none":0},"expressive":{"dir-action":0,"dir-explicit":0,"dir-speech":1,"indirect":0,"writing-device":0}},{"id":"처갓집양념치킨-공릉점","permalink":"","username":"asdfg","text":"맛있었고 배달 빨랐습니다.","date":"Mon Dec 10 23:59:44 +0000 2018","retweets":"30","favorites":"20","mentions":[],"hashtags":[],"geo":"","raw":"맛있었고 배달 빨랐습니다.","polarity":{"com":0,"pos":0.5,"neg":0.5,"neut":0,"none":0},"intensity":{"high":0,"low":0,"meium":1,"none":0},"expressive":{"dir-action":0,"dir-explicit":0,"dir-speech":1,"indirect":0,"writing-device":0}},{"id":"처갓집양념치킨-공릉점","permalink":"","username":"asdfg","text":"맛있게 잘 먹었습니당~😊","date":"Mon Dec 10 23:59:44 +0000 2018","retweets":"30","favorites":"20","mentions":[],"hashtags":[],"geo":"","raw":"맛있게 잘 먹었습니당~😊","polarity":{"com":0,"pos":0.35714285717857136,"neg":0.6071428573035714,"neut":0.03571428551785714,"none":0},"intensity":{"high":0,"low":0.107142857,"meium":0.8928571430000001,"none":0},"expressive":{"dir-action":0,"dir-explicit":0.107142857,"dir-speech":0.5714285715,"indirect":0.3214285715,"writing-device":0}},{"id":"처갓집양념치킨-공릉점","permalink":"","username":"asdfg","text":"역시 너무 맛있어요 ㅎㅎ","date":"Mon Dec 10 23:59:44 +0000 2018","retweets":"30","favorites":"20","mentions":[],"hashtags":[],"geo":"","raw":"역시 너무 맛있어요 ㅎㅎ","polarity":{"com":0,"pos":0.16666666658333332,"neg":0.5000000002499999,"neut":0.16666666658333332,"none":0.16666666658333332},"intensity":{"high":0,"low":0.16666666658333332,"meium":0.6666666668333333,"none":0.16666666658333332},"expressive":{"dir-action":0,"dir-explicit":0.16666666658333332,"dir-speech":0.6666666668333333,"indirect":0,"writing-device":0.16666666658333332}},{"id":"처갓집양념치킨-공릉점","permalink":"","username":"asdfg","text":"순살로 시켰는데 이게 순살일까요 .. ㅎㅎ 담부터는 가져가라하시고 다시 달라할건데 괜찮으신가요? 맛은있으니 1개 테러는안할게요","date":"Mon Dec 10 23:59:44 +0000 2018","retweets":"30","favorites":"20","mentions":[],"hashtags":[],"geo":"","raw":"순살로 시켰는데 이게 순살일까요 .. ㅎㅎ 담부터는 가져가라하시고 다시 달라할건데 괜찮으신가요? 맛은있으니 1개 테러는안할게요","polarity":{"com":0.011521093847040082,"pos":0.3311071111023928,"neg":0.47825354734448106,"neut":0.03539640438733818,"none":0.14372184331874782},"intensity":{"high":0.22908456487021123,"low":0.07036756359914594,"meium":0.5550576816411404,"none":0.14549018988950227},"expressive":{"dir-action":0.0017683466157926955,"dir-explicit":0.3010389036079321,"dir-speech":0.4170945434039449,"indirect":0.1271030693370238,"writing-device":0.1529951370353066}},{"id":"처갓집양념치킨-공릉점","permalink":"","username":"asdfg","text":"ㅜㅜㅠ 저 치킨 다음날에 눅눅해져서 못 먹는 사람인데 ㅜㅜㅜ 눅눅해도 먹은 사람입니다\n맛있어요 ㅠㅠ","date":"Mon Dec 10 23:59:44 +0000 2018","retweets":"30","favorites":"20","mentions":[],"hashtags":[],"geo":"","raw":"ㅜㅜㅠ 저 치킨 다음날에 눅눅해져서 못 먹는 사람인데 ㅜㅜㅜ 눅눅해도 먹은 사람입니다\n맛있어요 ㅠㅠ","polarity":{"com":0.002764976999999999,"pos":0.2225422425714286,"neg":0.7587173580000001,"neut":0.01198156685714286,"none":0.003993855571428572},"intensity":{"high":0.08941372242857144,"low":0.095954941,"meium":0.8103302612857143,"none":0.004301075285714285},"expressive":{"dir-action":0.0009216589999999999,"dir-explicit":0.20755248328571432,"dir-speech":0.6651049668571428,"indirect":0.12242703528571429,"writing-device":0.003993855571428571}},{"id":"처갓집양념치킨-공릉점","permalink":"","username":"asdfg","text":"맛있게 잘먹었어요 ㅎㅎ","date":"Mon Dec 10 23:59:44 +0000 2018","retweets":"30","favorites":"20","mentions":[],"hashtags":[],"geo":"","raw":"맛있게 잘먹었어요 ㅎㅎ","polarity":{"com":0,"pos":0.35714285717857136,"neg":0.6071428573035714,"neut":0.03571428551785714,"none":0},"intensity":{"high":0,"low":0.107142857,"meium":0.8928571430000001,"none":0},"expressive":{"dir-action":0,"dir-explicit":0.107142857,"dir-speech":0.5714285715,"indirect":0.3214285715,"writing-device":0}},{"id":"처갓집양념치킨-공릉점","permalink":"","username":"asdfg","text":"맛잇어요 맨날 시킴","date":"Mon Dec 10 23:59:44 +0000 2018","retweets":"30","favorites":"20","mentions":[],"hashtags":[],"geo":"","raw":"맛잇어요 맨날 시킴","polarity":{"com":0,"pos":0.722222222,"neg":0.277777778,"neut":0,"none":0},"intensity":{"high":0.08333333345833333,"low":0.02777777798611111,"meium":0.8888888885555555,"none":0},"expressive":{"dir-action":0.027777778,"dir-explicit":0.1944444445,"dir-speech":0.611111111,"indirect":0.1666666665,"writing-device":0}},{"id":"처갓집양념치킨-공릉점","permalink":"","username":"asdfg","text":"처음 먹어봤는데 맛있어요!","date":"Mon Dec 10 23:59:44 +0000 2018","retweets":"30","favorites":"20","mentions":[],"hashtags":[],"geo":"","raw":"처음 먹어봤는데 맛있어요!","polarity":{"com":0.0714285714642857,"pos":0.21428571439285712,"neg":0.6428571426785714,"neut":0,"none":0.0714285714642857},"intensity":{"high":0,"low":0,"meium":0.9285714285,"none":0.0714285715},"expressive":{"dir-action":0,"dir-explicit":0.1428571429285714,"dir-speech":0.7142857141428571,"indirect":0.0714285714642857,"writing-device":0.0714285714642857}},{"id":"처갓집양념치킨-공릉점","permalink":"","username":"asdfg","text":"소스도 많았도 배달도 빨랐습니다","date":"Mon Dec 10 23:59:44 +0000 2018","retweets":"30","favorites":"20","mentions":[],"hashtags":[],"geo":"","raw":"소스도 많았도 배달도 빨랐습니다","polarity":{"com":0.007142857,"pos":0.214285714,"neg":0.328571429,"neut":0.014285714,"none":0.435714286},"intensity":{"high":0.142857143,"low":0.114285714,"meium":0.307142857,"none":0.435714286},"expressive":{"dir-action":0,"dir-explicit":0.18571428581428567,"dir-speech":0.29999999969999996,"indirect":0.08571428591428572,"writing-device":0.42857142857142855}},{"id":"처갓집양념치킨-공릉점","permalink":"","username":"asdfg","text":"양 많고 혜자에요~~~","date":"Mon Dec 10 23:59:44 +0000 2018","retweets":"30","favorites":"20","mentions":[],"hashtags":[],"geo":"","raw":"양 많고 혜자에요~~~","polarity":{"com":0,"pos":0.391304348,"neg":0.565217391,"neut":0.043478261,"none":0},"intensity":{"high":0.2608695652608696,"low":0.21739130421739128,"meium":0.5217391305217391,"none":0},"expressive":{"dir-action":0,"dir-explicit":0.5217391305217391,"dir-speech":0.2173913042173913,"indirect":0.2608695652608696,"writing-device":0}},{"id":"처갓집양념치킨-공릉점","permalink":"","username":"asdfg","text":"맛나네요~~~~~~","date":"Mon Dec 10 23:59:44 +0000 2018","retweets":"30","favorites":"20","mentions":[],"hashtags":[],"geo":"","raw":"맛나네요~~~~~~","polarity":{"com":null,"pos":null,"neg":null,"neut":null,"none":null},"intensity":{"high":null,"low":null,"meium":null,"none":null},"expressive":{"dir-action":null,"dir-explicit":null,"dir-speech":null,"indirect":null,"writing-device":null}},{"id":"처갓집양념치킨-공릉점","permalink":"","username":"asdfg","text":"와 할인되는 메뉴 있길래 생각없이 시켜봤는데 기대 이상으로 맛있네요 슈프림 양념치킨 적극 추천합니다 ㅋㅋ 술안주로도 참 좋을거 같아요","date":"Mon Dec 10 23:59:44 +0000 2018","retweets":"30","favorites":"20","mentions":[],"hashtags":[],"geo":"","raw":"와 할인되는 메뉴 있길래 생각없이 시켜봤는데 기대 이상으로 맛있네요 슈프림 양념치킨 적극 추천합니다 ㅋㅋ 술안주로도 참 좋을거 같아요","polarity":{"com":0.005357142800000001,"pos":0.47235714279999996,"neg":0.33501190480000004,"neut":0.09,"none":0.09727380960000001},"intensity":{"high":0.1683333333,"low":0.0545357143,"meium":0.6786071428,"none":0.0985238096},"expressive":{"dir-action":0,"dir-explicit":0.26196428567380353,"dir-speech":0.283869047571613,"indirect":0.25760714287423925,"writing-device":0.196559523880344}},{"id":"처갓집양념치킨-공릉점","permalink":"","username":"asdfg","text":"오래걸린다고 했는데 생각보다 빨리왔고 맛도 맛있었어요~","date":"Mon Dec 10 23:59:44 +0000 2018","retweets":"30","favorites":"20","mentions":[],"hashtags":[],"geo":"","raw":"오래걸린다고 했는데 생각보다 빨리왔고 맛도 맛있었어요~","polarity":{"com":0.0019157088333333332,"pos":0.3661398466666667,"neg":0.5392720306666666,"neut":0.053160919499999994,"none":0.039511494333333334},"intensity":{"high":0.03304597699449233,"low":0.06273946365621008,"meium":0.8627873561895354,"none":0.04142720315976213},"expressive":{"dir-action":0.001915708833652618,"dir-explicit":0.17265325669544224,"dir-speech":0.47868773941311465,"indirect":0.3014846743835808,"writing-device":0.04525862067420977}},{"id":"처갓집양념치킨-공릉점","permalink":"","username":"asdfg","text":"맛나네요...자주 이용할께요","date":"Mon Dec 10 23:59:44 +0000 2018","retweets":"30","favorites":"20","mentions":[],"hashtags":[],"geo":"","raw":"맛나네요...자주 이용할께요","polarity":{"com":0.0096774195,"pos":0.758064516,"neg":0.176344086,"neut":0.041935484,"none":0.0139784945},"intensity":{"high":0.06989247300000001,"low":0.5580645160000001,"meium":0.35698924750000005,"none":0.015053763500000001},"expressive":{"dir-action":0.0032258065,"dir-explicit":0.1569892475,"dir-speech":0.647311828,"indirect":0.1784946235,"writing-device":0.0139784945}},{"id":"처갓집양념치킨-공릉점","permalink":"","username":"asdfg","text":"하얀소스도 많이주시고 배달도 빠르고 맛있었어요!","date":"Mon Dec 10 23:59:44 +0000 2018","retweets":"30","favorites":"20","mentions":[],"hashtags":[],"geo":"","raw":"하얀소스도 많이주시고 배달도 빠르고 맛있었어요!","polarity":{"com":0,"pos":0.75,"neg":0.25,"neut":0,"none":0},"intensity":{"high":0,"low":0.33333333325000003,"meium":0.66666666675,"none":0},"expressive":{"dir-action":0,"dir-explicit":0,"dir-speech":0.75,"indirect":0.25,"writing-device":0}},{"id":"처갓집양념치킨-공릉점","permalink":"","username":"asdfg","text":"맛있어서 다 먹어버렸네요\n쿠킹호일포장만 바뀌면 좋을것같습니다.","date":"Mon Dec 10 23:59:44 +0000 2018","retweets":"30","favorites":"20","mentions":[],"hashtags":[],"geo":"","raw":"맛있어서 다 먹어버렸네요\n쿠킹호일포장만 바뀌면 좋을것같습니다.","polarity":{"com":0,"pos":0.37003896092599214,"neg":0.45572727270885455,"neut":0.018181818196363636,"none":0.1560519481687896},"intensity":{"high":0.09714285718057143,"low":0.0579999999884,"meium":0.6888051946622389,"none":0.1560519481687896},"expressive":{"dir-action":0,"dir-explicit":0.3602597402558961,"dir-speech":0.3335064934665974,"indirect":0.1501818181399273,"writing-device":0.1560519481375792}},{"id":"처갓집양념치킨-공릉점","permalink":"","username":"asdfg","text":"슈프림 양념이 작아요ㅠㅡㅠ작다는 리뷰보고 넉넉히 뭍여달라 했는데. 반만 뭍어있네요","date":"Mon Dec 10 23:59:44 +0000 2018","retweets":"30","favorites":"20","mentions":[],"hashtags":[],"geo":"","raw":"슈프림 양념이 작아요ㅠㅡㅠ작다는 리뷰보고 넉넉히 뭍여달라 했는데. 반만 뭍어있네요","polarity":{"com":0.00846625140169325,"pos":0.5142034919028408,"neg":0.37015279867403056,"neut":0.05046186781009237,"none":0.05671559021134312},"intensity":{"high":0.050483086600000004,"low":0.299338122,"meium":0.5902832934,"none":0.059895498000000005},"expressive":{"dir-action":0.003179907801271963,"dir-explicit":0.14674932305869973,"dir-speech":0.4883386501953355,"indirect":0.29406431671762573,"writing-device":0.06766780222706711}},{"id":"처갓집양념치킨-공릉점","permalink":"","username":"asdfg","text":"맛있어요 정말 둘이 먹다가 하나가 죽어도 모를고 같아요","date":"Mon Dec 10 23:59:44 +0000 2018","retweets":"30","favorites":"20","mentions":[],"hashtags":[],"geo":"","raw":"맛있어요 정말 둘이 먹다가 하나가 죽어도 모를고 같아요","polarity":{"com":0.005139500666666667,"pos":0.23663555,"neg":0.5623103278333333,"neut":0.05516047833333334,"none":0.14075414316666665},"intensity":{"high":0.11682749451947126,"low":0.08869309834811555,"meium":0.6529910496088318,"none":0.1414883575235814},"expressive":{"dir-action":0.0007342143334557024,"dir-explicit":0.23330186703888364,"dir-speech":0.4590151039098359,"indirect":0.15752394935958733,"writing-device":0.14942486535823749}},{"id":"처갓집양념치킨-공릉점","permalink":"","username":"asdfg","text":"저한테 좀 느끼하지만 개인적으로 얼렸다가 데워서 말랑말랑하게 먹으니깐 더 맛있더라구요! 다음에 또 시킬게요!","date":"Mon Dec 10 23:59:44 +0000 2018","retweets":"30","favorites":"20","mentions":[],"hashtags":[],"geo":"","raw":"저한테 좀 느끼하지만 개인적으로 얼렸다가 데워서 말랑말랑하게 먹으니깐 더 맛있더라구요! 다음에 또 시킬게요!","polarity":{"com":0.0034320034280811425,"pos":0.4453983707935146,"neg":0.4631605873624056,"neut":0.017141364997551232,"none":0.07086767341844748},"intensity":{"high":0.05701975257142856,"low":0.10379945157142856,"meium":0.7678841219999999,"none":0.07129667385714285},"expressive":{"dir-action":0.0004290004285714286,"dir-explicit":0.22223607814285715,"dir-speech":0.5797042828571428,"indirect":0.10592580157142857,"writing-device":0.091704837}},{"id":"처갓집양념치킨-공릉점","permalink":"","username":"asdfg","text":"너무너무 맛 있어요~~ 양이적은게 흠 ㅜ","date":"Mon Dec 10 23:59:44 +0000 2018","retweets":"30","favorites":"20","mentions":[],"hashtags":[],"geo":"","raw":"너무너무 맛 있어요~~ 양이적은게 흠 ㅜ","polarity":{"com":0,"pos":0.6282051281239316,"neg":0.32051282055982905,"neut":0.05128205131623932,"none":0},"intensity":{"high":0.108974359,"low":0.07692307699999999,"meium":0.814102564,"none":0},"expressive":{"dir-action":0,"dir-explicit":0.35256410266666666,"dir-speech":0.564102564,"indirect":0.08333333333333333,"writing-device":0}},{"id":"처갓집양념치킨-공릉점","permalink":"","username":"asdfg","text":"맛있었어요 처갓집 jmt","date":"Mon Dec 10 23:59:44 +0000 2018","retweets":"30","favorites":"20","mentions":[],"hashtags":[],"geo":"","raw":"맛있었어요 처갓집 jmt","polarity":{"com":0,"pos":0,"neg":1,"neut":0,"none":0},"intensity":{"high":0,"low":0,"meium":1,"none":0},"expressive":{"dir-action":0,"dir-explicit":0,"dir-speech":1,"indirect":0,"writing-device":0}},{"id":"처갓집양념치킨-공릉점","permalink":"","username":"asdfg","text":"맛있어요마시어요오오","date":"Mon Dec 10 23:59:44 +0000 2018","retweets":"30","favorites":"20","mentions":[],"hashtags":[],"geo":"","raw":"맛있어요마시어요오오","polarity":{"com":0,"pos":0,"neg":1,"neut":0,"none":0},"intensity":{"high":0,"low":0,"meium":1,"none":0},"expressive":{"dir-action":0,"dir-explicit":0,"dir-speech":1,"indirect":0,"writing-device":0}},{"id":"처갓집양념치킨-공릉점","permalink":"","username":"asdfg","text":"그니까 1시간을 기다려도 안오는거지?","date":"Mon Dec 10 23:59:44 +0000 2018","retweets":"30","favorites":"20","mentions":[],"hashtags":[],"geo":"","raw":"그니까 1시간을 기다려도 안오는거지?","polarity":{"com":0,"pos":0.125,"neg":0.78125,"neut":0.0625,"none":0.03125},"intensity":{"high":0.65625,"low":0,"meium":0.3125,"none":0.03125},"expressive":{"dir-action":0,"dir-explicit":0.34375,"dir-speech":0.59375,"indirect":0,"writing-device":0.0625}},{"id":"처갓집양념치킨-공릉점","permalink":"","username":"asdfg","text":"진자맛있써요! 양념치킨 짱맛! 처갓집은 믿보치(믿고보는치킨)입니다!","date":"Mon Dec 10 23:59:44 +0000 2018","retweets":"30","favorites":"20","mentions":[],"hashtags":[],"geo":"","raw":"진자맛있써요! 양념치킨 짱맛! 처갓집은 믿보치(믿고보는치킨)입니다!","polarity":{"com":0.0118359618,"pos":0.5182030966,"neg":0.3712909302,"neut":0.0418545082,"none":0.05681550319999999},"intensity":{"high":0.10711950162142389,"low":0.10001765302000354,"meium":0.7356172345471234,"none":0.057245610811449125},"expressive":{"dir-action":0.0012903226002580646,"dir-explicit":0.26735978465347193,"dir-speech":0.4779786804955957,"indirect":0.19263414043852684,"writing-device":0.060737071812147415}},{"id":"처갓집양념치킨-공릉점","permalink":"","username":"asdfg","text":"추억의 양념치킨맛. 넘 맛있어요 앞으로도 양념치킨은 여기서 먹을래요.","date":"Mon Dec 10 23:59:44 +0000 2018","retweets":"30","favorites":"20","mentions":[],"hashtags":[],"geo":"","raw":"추억의 양념치킨맛. 넘 맛있어요 앞으로도 양념치킨은 여기서 먹을래요.","polarity":{"com":0.0034417157142857145,"pos":0.4624120832857143,"neg":0.43636573285714286,"neut":0.03069295514285714,"none":0.067087513},"intensity":{"high":0.050809024150115574,"low":0.11506206987358028,"meium":0.7670413929667202,"none":0.06708751300958393},"expressive":{"dir-action":0,"dir-explicit":0.12082708796547796,"dir-speech":0.6148237825386218,"indirect":0.17447250080729357,"writing-device":0.08987662868860667}},{"id":"처갓집양념치킨-공릉점","permalink":"","username":"asdfg","text":"슈프림이 더 많았으면....","date":"Mon Dec 10 23:59:44 +0000 2018","retweets":"30","favorites":"20","mentions":[],"hashtags":[],"geo":"","raw":"슈프림이 더 많았으면....","polarity":{"com":0,"pos":1,"neg":0,"neut":0,"none":0},"intensity":{"high":0,"low":0,"meium":1,"none":0},"expressive":{"dir-action":0,"dir-explicit":0,"dir-speech":1,"indirect":0,"writing-device":0}},{"id":"처갓집양념치킨-공릉점","permalink":"","username":"asdfg","text":"양념도맛있고 떡도맛있고 배달도빠른데 뭔가 닭이 조금아쉬워요\n촉촉하거나 부드러운느낌이 없어요ㅜ","date":"Mon Dec 10 23:59:44 +0000 2018","retweets":"30","favorites":"20","mentions":[],"hashtags":[],"geo":"","raw":"양념도맛있고 떡도맛있고 배달도빠른데 뭔가 닭이 조금아쉬워요\n촉촉하거나 부드러운느낌이 없어요ㅜ","polarity":{"com":0.09332366663636366,"pos":0.565288109909091,"neg":0.23825494900000005,"neut":0.05116630936363637,"none":0.0519669650909091},"intensity":{"high":0.12419619217052763,"low":0.13133694780624208,"meium":0.6916172823916711,"none":0.052849577631559126},"expressive":{"dir-action":0.09090909090082644,"dir-explicit":0.2557180683403893,"dir-speech":0.3921447484188959,"indirect":0.2072626402538852,"writing-device":0.05396545208600314}},{"id":"처갓집양념치킨-공릉점","permalink":"","username":"asdfg","text":"오랜만에 먹으니 맛나긴한데 \n소스를 바르다  말아네요","date":"Mon Dec 10 23:59:44 +0000 2018","retweets":"30","favorites":"20","mentions":[],"hashtags":[],"geo":"","raw":"오랜만에 먹으니 맛나긴한데 \n소스를 바르다  말아네요","polarity":{"com":0.011146496752786625,"pos":0.39303179934825794,"neg":0.40453579810113394,"neut":0.05577820701394455,"none":0.13550769878387695},"intensity":{"high":0.09742201225,"low":0.14433093175,"meium":0.62273935725,"none":0.13550769875000002},"expressive":{"dir-action":0.0031847134968152873,"dir-explicit":0.22237363852762637,"dir-speech":0.4929553290070447,"indirect":0.11348738713651263,"writing-device":0.16799893183200107}},{"id":"처갓집양념치킨-공릉점","permalink":"","username":"asdfg","text":"배달빠르고 맛나요.","date":"Mon Dec 10 23:59:44 +0000 2018","retweets":"30","favorites":"20","mentions":[],"hashtags":[],"geo":"","raw":"배달빠르고 맛나요.","polarity":{"com":0.007625272333333333,"pos":0.7952069716666667,"neg":0.09259259266666665,"neut":0.030501089333333332,"none":0.074074074},"intensity":{"high":0.04248366001416121,"low":0.027233115342411036,"meium":0.8562091506187364,"none":0.07407407402469135},"expressive":{"dir-action":0,"dir-explicit":0.13943355133333335,"dir-speech":0.7342047930000001,"indirect":0.04575163400000001,"writing-device":0.08061002166666668}},{"id":"처갓집양념치킨-공릉점","permalink":"","username":"asdfg","text":"맛있네요 ㅎㅎㅎㅎㅎㅎ","date":"Mon Dec 10 23:59:44 +0000 2018","retweets":"30","favorites":"20","mentions":[],"hashtags":[],"geo":"","raw":"맛있네요 ㅎㅎㅎㅎㅎㅎ","polarity":{"com":0,"pos":0,"neg":1,"neut":0,"none":0},"intensity":{"high":0,"low":0,"meium":1,"none":0},"expressive":{"dir-action":0,"dir-explicit":0,"dir-speech":1,"indirect":0,"writing-device":0}},{"id":"처갓집양념치킨-공릉점","permalink":"","username":"asdfg","text":"유명해서 시켜봣는데 원래이런건지는 모르겠네요\n양념이 조금부족한거같아요ㅠㅠㅠㅠㅠ","date":"Mon Dec 10 23:59:44 +0000 2018","retweets":"30","favorites":"20","mentions":[],"hashtags":[],"geo":"","raw":"유명해서 시켜봣는데 원래이런건지는 모르겠네요\n양념이 조금부족한거같아요ㅠㅠㅠㅠㅠ","polarity":{"com":0.008506123251063267,"pos":0.329591997791199,"neg":0.4741024976842629,"neut":0.037866134504733265,"none":0.14993324676874167},"intensity":{"high":0.08272270749999999,"low":0.09249428612499999,"meium":0.674030281625,"none":0.15075272475},"expressive":{"dir-action":0.0013571123751696388,"dir-explicit":0.22602926765325368,"dir-speech":0.25802380878225295,"indirect":0.23265749090408216,"writing-device":0.28193232028524157}},{"id":"처갓집양념치킨-공릉점","permalink":"","username":"asdfg","text":"맛있게 잘먹었어요~바삭바삭~","date":"Mon Dec 10 23:59:44 +0000 2018","retweets":"30","favorites":"20","mentions":[],"hashtags":[],"geo":"","raw":"맛있게 잘먹었어요~바삭바삭~","polarity":{"com":0,"pos":0.35714285717857136,"neg":0.6071428573035714,"neut":0.03571428551785714,"none":0},"intensity":{"high":0,"low":0.107142857,"meium":0.8928571430000001,"none":0},"expressive":{"dir-action":0,"dir-explicit":0.107142857,"dir-speech":0.5714285715,"indirect":0.3214285715,"writing-device":0}},{"id":"처갓집양념치킨-공릉점","permalink":"","username":"asdfg","text":"맛있어요!!근데 약간느끼한감이 조금있네요 그래도맛있어요 추천!배달시간도 정확하고 양도좋아요","date":"Mon Dec 10 23:59:44 +0000 2018","retweets":"30","favorites":"20","mentions":[],"hashtags":[],"geo":"","raw":"맛있어요!!근데 약간느끼한감이 조금있네요 그래도맛있어요 추천!배달시간도 정확하고 양도좋아요","polarity":{"com":0.005945029100000001,"pos":0.476897974,"neg":0.36882801930000003,"neut":0.050023733400000006,"none":0.0983052442},"intensity":{"high":0.0974732393,"low":0.0408070259,"meium":0.7628991365,"none":0.0988205983},"expressive":{"dir-action":0.000945461599905454,"dir-explicit":0.29417669967058235,"dir-speech":0.40900708885909925,"indirect":0.19797949108020202,"writing-device":0.09789125879021088}},{"id":"처갓집양념치킨-공릉점","permalink":"","username":"asdfg","text":"양념은 과하게 느끼하지않고 맛있는데 닭이 너무 맛이 없어요\n양이 없는건 아닌데 닭에 살이 없고, 고기는 수분기 없이 퍽퍽해요ㅜㅜ","date":"Mon Dec 10 23:59:44 +0000 2018","retweets":"30","favorites":"20","mentions":[],"hashtags":[],"geo":"","raw":"양념은 과하게 느끼하지않고 맛있는데 닭이 너무 맛이 없어요\n양이 없는건 아닌데 닭에 살이 없고, 고기는 수분기 없이 퍽퍽해요ㅜㅜ","polarity":{"com":0.017769400923076918,"pos":0.3392202836923076,"neg":0.4926818697692308,"neut":0.04625067061538461,"none":0.10407777499999998},"intensity":{"high":0.10252401091519044,"low":0.09633086522335917,"meium":0.686482792408732,"none":0.11466233145271829},"expressive":{"dir-action":0.001115173538547321,"dir-explicit":0.28176332409859717,"dir-speech":0.26934319948225716,"indirect":0.33804735294908056,"writing-device":0.10973094993151776}},{"id":"처갓집양념치킨-공릉점","permalink":"","username":"asdfg","text":"1. 양 디지게 엄청 적음. 교0치킨 이하의 작은닭\n2. 굉장히 느끼함. 희얀하게 타사의 치즈 범벅된 것보다 더 느끼함. \n3.맛은 옛날 양념통닭에 달달한 마요네즈 섞은맛. 그 이상도 이하도 아님. 아재맛 같지만 아재들은 달고 느끼해서 잘 못먹을듯\n3. 너무 느끼해서 양이 적은게 다행으로 느껴짐.","date":"Mon Dec 10 23:59:44 +0000 2018","retweets":"30","favorites":"20","mentions":[],"hashtags":[],"geo":"","raw":"1. 양 디지게 엄청 적음. 교0치킨 이하의 작은닭\n2. 굉장히 느끼함. 희얀하게 타사의 치즈 범벅된 것보다 더 느끼함. \n3.맛은 옛날 양념통닭에 달달한 마요네즈 섞은맛. 그 이상도 이하도 아님. 아재맛 같지만 아재들은 달고 느끼해서 잘 못먹을듯\n3. 너무 느끼해서 양이 적은게 다행으로 느껴짐.","polarity":{"com":0.0299147475346459,"pos":0.5214682739813762,"neg":0.30890004288182493,"neut":0.07434004674734498,"none":0.06537688885480797},"intensity":{"high":0.09160327084732822,"low":0.14313699941323535,"meium":0.6987345981394213,"none":0.06652513160001515},"expressive":{"dir-action":0.0008554239999999999,"dir-explicit":0.2409462574285715,"dir-speech":0.3466281312857143,"indirect":0.34506778399999993,"writing-device":0.06650240328571427}},{"id":"처갓집양념치킨-공릉점","permalink":"","username":"asdfg","text":"양 되게 많은데 치즈가 쬐끔 느끼하네요ㅠ 그래도 맛있게 잘 먹었어요 할인 안받으면 좀 비싼감이 있지만요","date":"Mon Dec 10 23:59:44 +0000 2018","retweets":"30","favorites":"20","mentions":[],"hashtags":[],"geo":"","raw":"양 되게 많은데 치즈가 쬐끔 느끼하네요ㅠ 그래도 맛있게 잘 먹었어요 할인 안받으면 좀 비싼감이 있지만요","polarity":{"com":0.005930602222881177,"pos":0.5500840046166761,"neg":0.3835993307092888,"neut":0.033029169448114355,"none":0.027356893003039656},"intensity":{"high":0.07229338822222224,"low":0.19437119344444442,"meium":0.7033756555555555,"none":0.029959762777777774},"expressive":{"dir-action":0.001610806222580179,"dir-explicit":0.3315840774070186,"dir-speech":0.41962573787102786,"indirect":0.21565740093681274,"writing-device":0.031521977562560435}},{"id":"처갓집양념치킨-공릉점","permalink":"","username":"asdfg","text":"치킨은항상 다 먹고나면 후회한다","date":"Mon Dec 10 23:59:44 +0000 2018","retweets":"30","favorites":"20","mentions":[],"hashtags":[],"geo":"","raw":"치킨은항상 다 먹고나면 후회한다","polarity":{"com":0.012101330666666667,"pos":0.5287823163333333,"neg":0.30400340200000003,"neut":0.03925642433333334,"none":0.11585652666666667},"intensity":{"high":0.17573138233333332,"low":0.08390741733333333,"meium":0.6237878276666667,"none":0.11657337266666667},"expressive":{"dir-action":0.0021505376659498206,"dir-explicit":0.3379121215540293,"dir-speech":0.3798866585400377,"indirect":0.16419415561193526,"writing-device":0.11585652662804782}},{"id":"처갓집양념치킨-공릉점","permalink":"","username":"asdfg","text":"아ㅏㅏㅏㅏㅏㅏㅏ맛이따","date":"Mon Dec 10 23:59:44 +0000 2018","retweets":"30","favorites":"20","mentions":[],"hashtags":[],"geo":"","raw":"아ㅏㅏㅏㅏㅏㅏㅏ맛이따","polarity":{"com":0,"pos":1,"neg":0,"neut":0,"none":0},"intensity":{"high":0,"low":0,"meium":1,"none":0},"expressive":{"dir-action":0,"dir-explicit":0,"dir-speech":1,"indirect":0,"writing-device":0}},{"id":"처갓집양념치킨-공릉점","permalink":"","username":"asdfg","text":"오랜만에 처갓집 치킨이 먹고싶어서 시켰는데 갠찬았어요~~ 어릴때 먹던 맛은 아니지만 맛있게 먹었네요","date":"Mon Dec 10 23:59:44 +0000 2018","retweets":"30","favorites":"20","mentions":[],"hashtags":[],"geo":"","raw":"오랜만에 처갓집 치킨이 먹고싶어서 시켰는데 갠찬았어요~~ 어릴때 먹던 맛은 아니지만 맛있게 먹었네요","polarity":{"com":0.004405286284455632,"pos":0.3260762731925496,"neg":0.5471151461293956,"neut":0.06619958612394297,"none":0.05620370826965608},"intensity":{"high":0.05861588242857143,"low":0.11156489128571428,"meium":0.7729861914285715,"none":0.05683303485714286},"expressive":{"dir-action":0.0006293265715184752,"dir-explicit":0.17182181502454597,"dir-speech":0.7374744688196392,"indirect":0.03690435843384348,"writing-device":0.053170031150452865}},{"id":"처갓집양념치킨-공릉점","permalink":"","username":"asdfg","text":"배달도 빠르고 정말 맛있어요!!","date":"Mon Dec 10 23:59:44 +0000 2018","retweets":"30","favorites":"20","mentions":[],"hashtags":[],"geo":"","raw":"배달도 빠르고 정말 맛있어요!!","polarity":{"com":0,"pos":0.9166666666666666,"neg":0,"neut":0,"none":0.08333333333333333},"intensity":{"high":0.16666666666666666,"low":0.111111111,"meium":0.638888889,"none":0.08333333333333333},"expressive":{"dir-action":0,"dir-explicit":0.16666666666666666,"dir-speech":0.4166666666666667,"indirect":0.3333333333333333,"writing-device":0.08333333333333333}},{"id":"처갓집양념치킨-공릉점","permalink":"","username":"asdfg","text":"양념은 확실히 처갓집이 맛있어요~","date":"Mon Dec 10 23:59:44 +0000 2018","retweets":"30","favorites":"20","mentions":[],"hashtags":[],"geo":"","raw":"양념은 확실히 처갓집이 맛있어요~","polarity":{"com":0.0238930785,"pos":0.3938251325,"neg":0.499925334,"neut":0.06100201599999999,"none":0.021354439},"intensity":{"high":0.1037108936037109,"low":0.1338759051338759,"meium":0.7388561192388562,"none":0.023557082023557083},"expressive":{"dir-action":0.0022026430011013215,"dir-explicit":0.34264167867132084,"dir-speech":0.4602777572301389,"indirect":0.17132083908566043,"writing-device":0.023557082011778543}},{"id":"처갓집양념치킨-공릉점","permalink":"","username":"asdfg","text":"넘 맛있어요 또 시켜막을듯요 ㅎㅎㅎ","date":"Mon Dec 10 23:59:44 +0000 2018","retweets":"30","favorites":"20","mentions":[],"hashtags":[],"geo":"","raw":"넘 맛있어요 또 시켜막을듯요 ㅎㅎㅎ","polarity":{"com":0,"pos":0.24404761893898808,"neg":0.6071428570982144,"neut":0,"none":0.14880952396279762},"intensity":{"high":0,"low":0.04166666673958333,"meium":0.809523809297619,"none":0.14880952396279762},"expressive":{"dir-action":0,"dir-explicit":0.16071428575,"dir-speech":0.5714285715,"indirect":0.08333333325,"writing-device":0.1845238095}},{"id":"처갓집양념치킨-공릉점","permalink":"","username":"asdfg","text":"처음 맛보는맛? 살이 부드럽고 맛있어요","date":"Mon Dec 10 23:59:44 +0000 2018","retweets":"30","favorites":"20","mentions":[],"hashtags":[],"geo":"","raw":"처음 맛보는맛? 살이 부드럽고 맛있어요","polarity":{"com":0.03571428574107143,"pos":0.6071428570982144,"neg":0.32142857141964293,"neut":0,"none":0.03571428574107143},"intensity":{"high":0,"low":0,"meium":0.96428571425,"none":0.03571428575},"expressive":{"dir-action":0,"dir-explicit":0.3214285714196428,"dir-speech":0.6071428570982143,"indirect":0.035714285741071425,"writing-device":0.035714285741071425}},{"id":"처갓집양념치킨-공릉점","permalink":"","username":"asdfg","text":"맛있었는데 양념이 많아서 꾸덕한 느낌이있는 치킨이었어요\n바삭한 치킨을 기대한다면 비추지만\n양념맛이 가득한 부드러운치킨\n원하신다면 추천","date":"Mon Dec 10 23:59:44 +0000 2018","retweets":"30","favorites":"20","mentions":[],"hashtags":[],"geo":"","raw":"맛있었는데 양념이 많아서 꾸덕한 느낌이있는 치킨이었어요\n바삭한 치킨을 기대한다면 비추지만\n양념맛이 가득한 부드러운치킨\n원하신다면 추천","polarity":{"com":0.0024464913848035764,"pos":0.6557620484350586,"neg":0.22860195363296937,"neut":0.03542699131041746,"none":0.07776251523675097},"intensity":{"high":0.11580209000890784,"low":0.06040544423541581,"meium":0.7460299505189254,"none":0.07776251523675097},"expressive":{"dir-action":0,"dir-explicit":0.3383125044875625,"dir-speech":0.2916388350224338,"indirect":0.29077784963775216,"writing-device":0.07927081085225161}},{"id":"처갓집양념치킨-공릉점","permalink":"","username":"asdfg","text":"잘먹었습니다 감사합니다","date":"Mon Dec 10 23:59:44 +0000 2018","retweets":"30","favorites":"20","mentions":[],"hashtags":[],"geo":"","raw":"잘먹었습니다 감사합니다","polarity":{"com":0,"pos":0.8571428574285714,"neg":0.10714285705357143,"neut":0.035714285517857144,"none":0},"intensity":{"high":0.5,"low":0.107142857,"meium":0.392857143,"none":0},"expressive":{"dir-action":0,"dir-explicit":0.107142857,"dir-speech":0.5714285715,"indirect":0.3214285715,"writing-device":0}},{"id":"처갓집양념치킨-공릉점","permalink":"","username":"asdfg","text":"배달 1시간 넘게 걸렸어요","date":"Mon Dec 10 23:59:44 +0000 2018","retweets":"30","favorites":"20","mentions":[],"hashtags":[],"geo":"","raw":"배달 1시간 넘게 걸렸어요","polarity":{"com":0,"pos":0.3333333333333333,"neg":0.6666666666666666,"neut":0,"none":0},"intensity":{"high":0.111111111,"low":0.22222222233333333,"meium":0.6666666666666666,"none":0},"expressive":{"dir-action":0,"dir-explicit":0.11111111103703702,"dir-speech":0.44444444448148146,"indirect":0.44444444448148146,"writing-device":0}},{"id":"처갓집양념치킨-공릉점","permalink":"","username":"asdfg","text":"진짜 이런거 안쓰는데 열받아서 씁니다. 연중무휴라더니 월요일에 휴무하질않나 왜 영업시간이 됐는데 요기요에 안뜨냐고 물어보니까 본인 가게랑은 관련없는 일이라고 하질않나.. 그리고나서 겨우 음식시켜놨더니 배달원은 내가 호출된다안된다 말을안해놔서 가게를 두 번 왔다갔다하질않았냐고 화를내질않나 ㅡㅡ 호출기 안되는건 제가 알았습니까?? 적어도 이유는 물어보고 감정표현를 하셔야죠.. 젊어보인다고 무시하는 것도 아니고...쓰면서도 열받네요 정말. 여기 서비스 안좋다고 리뷰는 봤는데 먹기도 전에 열받네요. 고칠게 한두개가 아닌거 같습니다.","date":"Mon Dec 10 23:59:44 +0000 2018","retweets":"30","favorites":"20","mentions":[],"hashtags":[],"geo":"","raw":"진짜 이런거 안쓰는데 열받아서 씁니다. 연중무휴라더니 월요일에 휴무하질않나 왜 영업시간이 됐는데 요기요에 안뜨냐고 물어보니까 본인 가게랑은 관련없는 일이라고 하질않나.. 그리고나서 겨우 음식시켜놨더니 배달원은 내가 호출된다안된다 말을안해놔서 가게를 두 번 왔다갔다하질않았냐고 화를내질않나 ㅡㅡ 호출기 안되는건 제가 알았습니까?? 적어도 이유는 물어보고 감정표현를 하셔야죠.. 젊어보인다고 무시하는 것도 아니고...쓰면서도 열받네요 정말. 여기 서비스 안좋다고 리뷰는 봤는데 먹기도 전에 열받네요. 고칠게 한두개가 아닌거 같습니다.","polarity":{"com":0.020672313090267038,"pos":0.3758690570472801,"neg":0.4515086270078784,"neut":0.0690219812490459,"none":0.08292802160552853},"intensity":{"high":0.17733023224050376,"low":0.1482038293078177,"meium":0.5905427590535435,"none":0.08392317939813505},"expressive":{"dir-action":0.019088167753434648,"dir-explicit":0.19014238402331754,"dir-speech":0.4454162083949538,"indirect":0.21209949977643333,"writing-device":0.13325374005186072}},{"id":"처갓집양념치킨-공릉점","permalink":"","username":"asdfg","text":"맛있게 잘먹었습니다","date":"Mon Dec 10 23:59:44 +0000 2018","retweets":"30","favorites":"20","mentions":[],"hashtags":[],"geo":"","raw":"맛있게 잘먹었습니다","polarity":{"com":0,"pos":0.35714285717857136,"neg":0.6071428573035714,"neut":0.03571428551785714,"none":0},"intensity":{"high":0,"low":0.107142857,"meium":0.8928571430000001,"none":0},"expressive":{"dir-action":0,"dir-explicit":0.107142857,"dir-speech":0.5714285715,"indirect":0.3214285715,"writing-device":0}},{"id":"처갓집양념치킨-공릉점","permalink":"","username":"asdfg","text":"배달도 빠르고 양도 많은데 제 스타일이.아니네요 ㅠ","date":"Mon Dec 10 23:59:44 +0000 2018","retweets":"30","favorites":"20","mentions":[],"hashtags":[],"geo":"","raw":"배달도 빠르고 양도 많은데 제 스타일이.아니네요 ㅠ","polarity":{"com":0.005139500665810083,"pos":0.4961447605839759,"neg":0.3941200639343133,"neut":0.03902468182682922,"none":0.0655709929890715},"intensity":{"high":0.07819342334636557,"low":0.13945489685657583,"meium":0.7160464724526744,"none":0.06630520734438419},"expressive":{"dir-action":0.0007342143335780714,"dir-explicit":0.22007523857335842,"dir-speech":0.46395883165465296,"indirect":0.2532000124177334,"writing-device":0.06203170302067724}},{"id":"처갓집양념치킨-공릉점","permalink":"","username":"asdfg","text":"배달이 예상시간보다 좀 걸려서 배가 고파서그런지 모르겟지만 맛있엇어요!!슈프림 짱 슈프림 밥 짱짱!!","date":"Mon Dec 10 23:59:44 +0000 2018","retweets":"30","favorites":"20","mentions":[],"hashtags":[],"geo":"","raw":"배달이 예상시간보다 좀 걸려서 배가 고파서그런지 모르겟지만 맛있엇어요!!슈프림 짱 슈프림 밥 짱짱!!","polarity":{"com":0,"pos":0.4336734694285715,"neg":0.47346938771428576,"neut":0.014285714285714289,"none":0.07857142857142858},"intensity":{"high":0.14455782312220603,"low":0.1931972789724004,"meium":0.5122448979268223,"none":0.14999999997857144},"expressive":{"dir-action":0,"dir-explicit":0.3170068027595723,"dir-speech":0.36802721090971824,"indirect":0.23639455774805634,"writing-device":0.07857142858265306}},{"id":"처갓집양념치킨-공릉점","permalink":"","username":"asdfg","text":"매번 시키는데 아주 좋아요","date":"Mon Dec 10 23:59:44 +0000 2018","retweets":"30","favorites":"20","mentions":[],"hashtags":[],"geo":"","raw":"매번 시키는데 아주 좋아요","polarity":{"com":0,"pos":0.75,"neg":0.25,"neut":0,"none":0},"intensity":{"high":0.25,"low":0,"meium":0.75,"none":0},"expressive":{"dir-action":0,"dir-explicit":0,"dir-speech":0.25,"indirect":0.75,"writing-device":0}},{"id":"처갓집양념치킨-공릉점","permalink":"","username":"asdfg","text":"항상 시켜먹지만 항상 만족합니다 !!","date":"Mon Dec 10 23:59:44 +0000 2018","retweets":"30","favorites":"20","mentions":[],"hashtags":[],"geo":"","raw":"항상 시켜먹지만 항상 만족합니다 !!","polarity":{"com":0.00483870975,"pos":0.71236559125,"neg":0.25483870975,"neut":0.020967742,"none":0.00698924725},"intensity":{"high":0.06272401425,"low":0.0845878135,"meium":0.8451612905,"none":0.00752688175},"expressive":{"dir-action":0.00161290325,"dir-explicit":0.38405017925,"dir-speech":0.5181003585,"indirect":0.08924731175,"writing-device":0.00698924725}},{"id":"처갓집양념치킨-공릉점","permalink":"","username":"asdfg","text":"남편이 좋아하는 처갓집양념치킨\n다른데 양념보다 맛있다한다. 양도 푸짐푸짐","date":"Mon Dec 10 23:59:44 +0000 2018","retweets":"30","favorites":"20","mentions":[],"hashtags":[],"geo":"","raw":"남편이 좋아하는 처갓집양념치킨\n다른데 양념보다 맛있다한다. 양도 푸짐푸짐","polarity":{"com":0.027616062142857143,"pos":0.4648081802857143,"neg":0.4092028662857143,"neut":0.009852216714285714,"none":0.08852067457142858},"intensity":{"high":0.05321689800760242,"low":0.16416629345202374,"meium":0.6924540978132078,"none":0.09016271072716611},"expressive":{"dir-action":0.0016420361430917194,"dir-explicit":0.24376772660625257,"dir-speech":0.394611136056373,"indirect":0.2665323183237903,"writing-device":0.0934467828704924}},{"id":"처갓집양념치킨-공릉점","permalink":"","username":"asdfg","text":"양념은 처음 먹어보는데 소스가 내가 좋아하는 맛ㅋㅋ맛있음 ㅋㅋ 근데 의외로 기대안했던 떡이 부드럽고 맛있어서 놀람ㅋㅋㅋㅋ","date":"Mon Dec 10 23:59:44 +0000 2018","retweets":"30","favorites":"20","mentions":[],"hashtags":[],"geo":"","raw":"양념은 처음 먹어보는데 소스가 내가 좋아하는 맛ㅋㅋ맛있음 ㅋㅋ 근데 의외로 기대안했던 떡이 부드럽고 맛있어서 놀람ㅋㅋㅋㅋ","polarity":{"com":0.0797156916923077,"pos":0.5542611206153846,"neg":0.27528283638461537,"neut":0.08598225176923077,"none":0.0047580995384615375},"intensity":{"high":0.036737767079749066,"low":0.11338034416256772,"meium":0.844958363218843,"none":0.004923525538840272},"expressive":{"dir-action":0.0004962779230769231,"dir-explicit":0.273645166,"dir-speech":0.5101325744615385,"indirect":0.21096788207692307,"writing-device":0.0047580995384615375}},{"id":"처갓집양념치킨-공릉점","permalink":"","username":"asdfg","text":"아직 먹진 않았지만,다른 치킨집에선 반반주문하면 천원추가던데 여긴 이천원 추가네요...앱에서 주문해서 그런가??무튼 반반드실분들 참고하셨음해서요..배달은 늦지 않았는데..흠...","date":"Mon Dec 10 23:59:44 +0000 2018","retweets":"30","favorites":"20","mentions":[],"hashtags":[],"geo":"","raw":"아직 먹진 않았지만,다른 치킨집에선 반반주문하면 천원추가던데 여긴 이천원 추가네요...앱에서 주문해서 그런가??무튼 반반드실분들 참고하셨음해서요..배달은 늦지 않았는데..흠...","polarity":{"com":0.001811594187839674,"pos":0.5420829020391406,"neg":0.3673869910688851,"neut":0.03817287781965742,"none":0.05054563488447731},"intensity":{"high":0.143279848196455,"low":0.09389233956836826,"meium":0.711376380231961,"none":0.051451432003215725},"expressive":{"dir-action":0,"dir-explicit":0.381752501735219,"dir-speech":0.3082427536635303,"indirect":0.2574749827196844,"writing-device":0.052529761881566224}},{"id":"처갓집양념치킨-공릉점","permalink":"","username":"asdfg","text":"맛 양 서비스\n실망","date":"Mon Dec 10 23:59:44 +0000 2018","retweets":"30","favorites":"20","mentions":[],"hashtags":[],"geo":"","raw":"맛 양 서비스\n실망","polarity":{"com":0,"pos":1,"neg":0,"neut":0,"none":0},"intensity":{"high":0,"low":0.5,"meium":0.5,"none":0},"expressive":{"dir-action":0,"dir-explicit":0,"dir-speech":0.5,"indirect":0.5,"writing-device":0}},{"id":"처갓집양념치킨-공릉점","permalink":"","username":"asdfg","text":"슈프림 맛있음.","date":"Mon Dec 10 23:59:44 +0000 2018","retweets":"30","favorites":"20","mentions":[],"hashtags":[],"geo":"","raw":"슈프림 맛있음.","polarity":{"com":0,"pos":0,"neg":1,"neut":0,"none":0},"intensity":{"high":0,"low":0,"meium":1,"none":0},"expressive":{"dir-action":0,"dir-explicit":0,"dir-speech":1,"indirect":0,"writing-device":0}},{"id":"처갓집양념치킨-공릉점","permalink":"","username":"asdfg","text":"슈프림 양념치킨 맛있었어요!!","date":"Mon Dec 10 23:59:44 +0000 2018","retweets":"30","favorites":"20","mentions":[],"hashtags":[],"geo":"","raw":"슈프림 양념치킨 맛있었어요!!","polarity":{"com":0,"pos":0,"neg":1,"neut":0,"none":0},"intensity":{"high":0,"low":0,"meium":1,"none":0},"expressive":{"dir-action":0,"dir-explicit":0,"dir-speech":1,"indirect":0,"writing-device":0}},{"id":"처갓집양념치킨-공릉점","permalink":"","username":"asdfg","text":"..튀김이별로","date":"Mon Dec 10 23:59:44 +0000 2018","retweets":"30","favorites":"20","mentions":[],"hashtags":[],"geo":"","raw":"..튀김이별로","polarity":{"com":0.030837004,"pos":0.431718062,"neg":0.440528634,"neut":0.088105727,"none":0.008810573},"intensity":{"high":0.10572687210572689,"low":0.13215859013215858,"meium":0.7488986787488987,"none":0.01321585901321586},"expressive":{"dir-action":0.004405286004405286,"dir-explicit":0.4140969164140969,"dir-speech":0.3612334803612335,"indirect":0.20704845820704845,"writing-device":0.01321585901321586}}]