[{"id":"코리엔탈깻잎두마리치킨-공릉점","permalink":"","username":"asdfg","text":"주문한지 1시간넘었는데 안오네요","date":"Mon Dec 10 23:59:44 +0000 2018","retweets":"30","favorites":"20","mentions":[],"hashtags":[],"geo":"","raw":"주문한지 1시간넘었는데 안오네요","polarity":{"com":0,"pos":0.4166666666666667,"neg":0.5208333333333334,"neut":0.041666666666666664,"none":0.020833333333333332},"intensity":{"high":0.21527777766666667,"low":0.22222222233333333,"meium":0.5416666666666666,"none":0.020833333333333332},"expressive":{"dir-action":0,"dir-explicit":0.673611111224537,"dir-speech":0.17361111105787036,"indirect":0.11111111103703702,"writing-device":0.04166666668055555}},{"id":"코리엔탈깻잎두마리치킨-공릉점","permalink":"","username":"asdfg","text":"전에 한번 먹어보고 반해서 다시 시켜먹었는데\n역시나 너무 맛있었어요","date":"Mon Dec 10 23:59:44 +0000 2018","retweets":"30","favorites":"20","mentions":[],"hashtags":[],"geo":"","raw":"전에 한번 먹어보고 반해서 다시 시켜먹었는데\n역시나 너무 맛있었어요","polarity":{"com":0.030753968328207672,"pos":0.2996031744500662,"neg":0.4583333334236111,"neut":0.18055555546990742,"none":0.030753968328207672},"intensity":{"high":0.1124338625,"low":0.27843915333333336,"meium":0.5783730158333332,"none":0.03075396833333333},"expressive":{"dir-action":0,"dir-explicit":0.24867724854144624,"dir-speech":0.668981481611497,"indirect":0.044642857174107146,"writing-device":0.03769841267294974}},{"id":"코리엔탈깻잎두마리치킨-공릉점","permalink":"","username":"asdfg","text":"배부르게먹었습니다:) 배달도 빨라요","date":"Mon Dec 10 23:59:44 +0000 2018","retweets":"30","favorites":"20","mentions":[],"hashtags":[],"geo":"","raw":"배부르게먹었습니다:) 배달도 빨라요","polarity":{"com":0,"pos":0.6666666665000001,"neg":0.3333333335,"neut":0,"none":0},"intensity":{"high":0.0555555555,"low":0.111111111,"meium":0.8333333334999999,"none":0},"expressive":{"dir-action":0,"dir-explicit":0.111111111,"dir-speech":0.888888889,"indirect":0,"writing-device":0}},{"id":"코리엔탈깻잎두마리치킨-공릉점","permalink":"","username":"asdfg","text":"양도 많고 같이 동반되는 사이드메뉴도 너무 마음에드네요","date":"Mon Dec 10 23:59:44 +0000 2018","retweets":"30","favorites":"20","mentions":[],"hashtags":[],"geo":"","raw":"양도 많고 같이 동반되는 사이드메뉴도 너무 마음에드네요","polarity":{"com":0.020693277204138657,"pos":0.44905918888981194,"neg":0.3997871758799575,"neut":0.043317500808663506,"none":0.0871428572174286},"intensity":{"high":0.21001004744200202,"low":0.20736481544147295,"meium":0.49298227989859644,"none":0.08964285721792857},"expressive":{"dir-action":0,"dir-explicit":0.2910495068,"dir-speech":0.2737723784,"indirect":0.349463829,"writing-device":0.0857142858}},{"id":"코리엔탈깻잎두마리치킨-공릉점","permalink":"","username":"asdfg","text":"진짜 역시 깻잎취킨‼️‼️ 친구들이랑 배부르게 먹었습니다‼️\n배달이 좀 늦어서 배고픈거 참느라 괴로웠지만‼️맛있었습니다","date":"Mon Dec 10 23:59:44 +0000 2018","retweets":"30","favorites":"20","mentions":[],"hashtags":[],"geo":"","raw":"진짜 역시 깻잎취킨‼️‼️ 친구들이랑 배부르게 먹었습니다‼️\n배달이 좀 늦어서 배고픈거 참느라 괴로웠지만‼️맛있었습니다","polarity":{"com":0,"pos":0.3045525902298722,"neg":0.5306122450087464,"neut":0.054945054872841445,"none":0.10989010988854003},"intensity":{"high":0.09174952042857143,"low":0.12750741314285713,"meium":0.6708529565714285,"none":0.10989010985714286},"expressive":{"dir-action":0,"dir-explicit":0.2102912960300416,"dir-speech":0.5157683586451098,"indirect":0.09628466772804066,"writing-device":0.17765567759680795}},{"id":"코리엔탈깻잎두마리치킨-공릉점","permalink":"","username":"asdfg","text":"가격도 좋고 양도 만족ㅎ","date":"Mon Dec 10 23:59:44 +0000 2018","retweets":"30","favorites":"20","mentions":[],"hashtags":[],"geo":"","raw":"가격도 좋고 양도 만족ㅎ","polarity":{"com":0,"pos":0.64,"neg":0.3466666666666667,"neut":0,"none":0.013333333333333334},"intensity":{"high":0.06666666666666667,"low":0.013333333333333334,"meium":0.9066666666666666,"none":0.013333333333333334},"expressive":{"dir-action":0,"dir-explicit":0.5333333333333333,"dir-speech":0.06666666666666667,"indirect":0.38666666666666666,"writing-device":0.013333333333333334}},{"id":"코리엔탈깻잎두마리치킨-공릉점","permalink":"","username":"asdfg","text":"맛진짜있어요솔직히 탑급임","date":"Mon Dec 10 23:59:44 +0000 2018","retweets":"30","favorites":"20","mentions":[],"hashtags":[],"geo":"","raw":"맛진짜있어요솔직히 탑급임","polarity":{"com":0.0249594155,"pos":0.7325487012499999,"neg":0.10836038975000001,"neut":0.0089285715,"none":0.125202922},"intensity":{"high":0.022524350505631088,"low":0.047483766261870945,"meium":0.8047889612011974,"none":0.12520292203130073},"expressive":{"dir-action":0,"dir-explicit":0.117288961,"dir-speech":0.3240665585,"indirect":0.4334415585,"writing-device":0.125202922}},{"id":"코리엔탈깻잎두마리치킨-공릉점","permalink":"","username":"asdfg","text":"깻잎치킨은진짜\n많이시켜먹었는데\n매번맛있어요 짱짱","date":"Mon Dec 10 23:59:44 +0000 2018","retweets":"30","favorites":"20","mentions":[],"hashtags":[],"geo":"","raw":"깻잎치킨은진짜\n많이시켜먹었는데\n매번맛있어요 짱짱","polarity":{"com":0.00423728825,"pos":0.25564971724999996,"neg":0.6953860642499999,"neut":0.036252354,"none":0.00847457625},"intensity":{"high":0.05320150651330037,"low":0.22834274955708567,"meium":0.7099811676774953,"none":0.008474576252118643},"expressive":{"dir-action":0,"dir-explicit":0.17890772124999998,"dir-speech":0.723163842,"indirect":0.0894538605,"writing-device":0.00847457625}},{"id":"코리엔탈깻잎두마리치킨-공릉점","permalink":"","username":"asdfg","text":"다 배부른다는데 아직도 ㅋ 셋이먹음","date":"Mon Dec 10 23:59:44 +0000 2018","retweets":"30","favorites":"20","mentions":[],"hashtags":[],"geo":"","raw":"다 배부른다는데 아직도 ㅋ 셋이먹음","polarity":{"com":0.0075959722,"pos":0.472057898,"neg":0.28715334600000003,"neut":0.0204782882,"none":0.21271449560000005},"intensity":{"high":0.14019299359999998,"low":0.0492888608,"meium":0.5969225928,"none":0.21359555280000003},"expressive":{"dir-action":0.0008810571998237885,"dir-explicit":0.20567652615886467,"dir-speech":0.3227228865354554,"indirect":0.2585525487482895,"writing-device":0.21216698135756662}},{"id":"코리엔탈깻잎두마리치킨-공릉점","permalink":"","username":"asdfg","text":"맛있게 잘먹었습니다","date":"Mon Dec 10 23:59:44 +0000 2018","retweets":"30","favorites":"20","mentions":[],"hashtags":[],"geo":"","raw":"맛있게 잘먹었습니다","polarity":{"com":0,"pos":0.35714285717857136,"neg":0.6071428573035714,"neut":0.03571428551785714,"none":0},"intensity":{"high":0,"low":0.107142857,"meium":0.8928571430000001,"none":0},"expressive":{"dir-action":0,"dir-explicit":0.107142857,"dir-speech":0.5714285715,"indirect":0.3214285715,"writing-device":0}},{"id":"코리엔탈깻잎두마리치킨-공릉점","permalink":"","username":"asdfg","text":"왠만하면 리뷰 안 남기는데 여기 정말 가성비 갑이고 정성 가득하다는 느낌 받았습니다. 요즘같이 어려운 시기에 사업 번창 하기길 바랍니다.","date":"Mon Dec 10 23:59:44 +0000 2018","retweets":"30","favorites":"20","mentions":[],"hashtags":[],"geo":"","raw":"왠만하면 리뷰 안 남기는데 여기 정말 가성비 갑이고 정성 가득하다는 느낌 받았습니다. 요즘같이 어려운 시기에 사업 번창 하기길 바랍니다.","polarity":{"com":0.0020796197278398964,"pos":0.3444408144575748,"neg":0.5067680365018458,"neut":0.071402999474019,"none":0.07530852983872051},"intensity":{"high":0.18015476947092315,"low":0.17941761292540162,"meium":0.5651190877786472,"none":0.07530852982502804},"expressive":{"dir-action":0,"dir-explicit":0.17680880163636362,"dir-speech":0.4990520040909091,"indirect":0.24793613418181817,"writing-device":0.0762030600909091}},{"id":"코리엔탈깻잎두마리치킨-공릉점","permalink":"","username":"asdfg","text":"진짜 너무너무 맛있게먹었습니다 \n학생때 돈없고 가난했던 적이있는데 이집 치킨먹고 힘냈던 기억이 납니다 맛은 그대로고 양도 더늘어난거 같습니다","date":"Mon Dec 10 23:59:44 +0000 2018","retweets":"30","favorites":"20","mentions":[],"hashtags":[],"geo":"","raw":"진짜 너무너무 맛있게먹었습니다 \n학생때 돈없고 가난했던 적이있는데 이집 치킨먹고 힘냈던 기억이 납니다 맛은 그대로고 양도 더늘어난거 같습니다","polarity":{"com":0.0020202435714285713,"pos":0.39514423571428564,"neg":0.47902593721428577,"neut":0.08618155542857142,"none":0.03762802807142857},"intensity":{"high":0.04657083135714286,"low":0.07626914957142857,"meium":0.8393783811428571,"none":0.03778163792857143},"expressive":{"dir-action":0.0004608295,"dir-explicit":0.25338557814285717,"dir-speech":0.4787672374285714,"indirect":0.15832975542857142,"writing-device":0.1090565995}},{"id":"코리엔탈깻잎두마리치킨-공릉점","permalink":"","username":"asdfg","text":"좋아요~~~~~~~","date":"Mon Dec 10 23:59:44 +0000 2018","retweets":"30","favorites":"20","mentions":[],"hashtags":[],"geo":"","raw":"좋아요~~~~~~~","polarity":{"com":0,"pos":0.92,"neg":0.04,"neut":0,"none":0.04},"intensity":{"high":0.2,"low":0.04,"meium":0.72,"none":0.04},"expressive":{"dir-action":0,"dir-explicit":0.6,"dir-speech":0.2,"indirect":0.16,"writing-device":0.04}},{"id":"코리엔탈깻잎두마리치킨-공릉점","permalink":"","username":"asdfg","text":"양도 많고 배달도 빠릅니다:-)\n구성이 좋네요 \n콜라는 쪼꼬미가 옵니다 업그레이드 하세요","date":"Mon Dec 10 23:59:44 +0000 2018","retweets":"30","favorites":"20","mentions":[],"hashtags":[],"geo":"","raw":"양도 많고 배달도 빠릅니다:-)\n구성이 좋네요 \n콜라는 쪼꼬미가 옵니다 업그레이드 하세요","polarity":{"com":0.004193056572027579,"pos":0.6344740045192105,"neg":0.27710549489672937,"neut":0.0411484308630212,"none":0.04307901314901129},"intensity":{"high":0.08118177314285714,"low":0.14605707342857147,"meium":0.726764593857143,"none":0.04599655957142857},"expressive":{"dir-action":0.001642036143326296,"dir-explicit":0.17376983276393423,"dir-speech":0.5157644392902184,"indirect":0.2585509966453003,"writing-device":0.05027269515722077}},{"id":"코리엔탈깻잎두마리치킨-공릉점","permalink":"","username":"asdfg","text":"항상 맛있는 음식 잘먹었습니다^^","date":"Mon Dec 10 23:59:44 +0000 2018","retweets":"30","favorites":"20","mentions":[],"hashtags":[],"geo":"","raw":"항상 맛있는 음식 잘먹었습니다^^","polarity":{"com":0,"pos":0.8571428574285714,"neg":0.10714285705357143,"neut":0.035714285517857144,"none":0},"intensity":{"high":0,"low":0.107142857,"meium":0.8928571430000001,"none":0},"expressive":{"dir-action":0,"dir-explicit":0.357142857,"dir-speech":0.3214285715,"indirect":0.3214285715,"writing-device":0}},{"id":"코리엔탈깻잎두마리치킨-공릉점","permalink":"","username":"asdfg","text":"맛있게잘먹었습니다","date":"Mon Dec 10 23:59:44 +0000 2018","retweets":"30","favorites":"20","mentions":[],"hashtags":[],"geo":"","raw":"맛있게잘먹었습니다","polarity":{"com":0,"pos":0.35714285717857136,"neg":0.6071428573035714,"neut":0.03571428551785714,"none":0},"intensity":{"high":0,"low":0.107142857,"meium":0.8928571430000001,"none":0},"expressive":{"dir-action":0,"dir-explicit":0.107142857,"dir-speech":0.5714285715,"indirect":0.3214285715,"writing-device":0}},{"id":"코리엔탈깻잎두마리치킨-공릉점","permalink":"","username":"asdfg","text":"오랜만에 맛있고 좋았어요!","date":"Mon Dec 10 23:59:44 +0000 2018","retweets":"30","favorites":"20","mentions":[],"hashtags":[],"geo":"","raw":"오랜만에 맛있고 좋았어요!","polarity":{"com":0,"pos":0.92,"neg":0.04,"neut":0,"none":0.04},"intensity":{"high":0.2,"low":0.04,"meium":0.72,"none":0.04},"expressive":{"dir-action":0,"dir-explicit":0.6,"dir-speech":0.2,"indirect":0.16,"writing-device":0.04}},{"id":"코리엔탈깻잎두마리치킨-공릉점","permalink":"","username":"asdfg","text":"배부르다 다먹고난후...","date":"Mon Dec 10 23:59:44 +0000 2018","retweets":"30","favorites":"20","mentions":[],"hashtags":[],"geo":"","raw":"배부르다 다먹고난후...","polarity":{"com":0,"pos":0.4047619046666666,"neg":0.5,"neut":0,"none":0.09523809533333333},"intensity":{"high":0.09523809530158729,"low":0,"meium":0.8095238093968253,"none":0.09523809530158729},"expressive":{"dir-action":0,"dir-explicit":0.47619047617460314,"dir-speech":0.4285714285238095,"indirect":0,"writing-device":0.09523809530158729}},{"id":"코리엔탈깻잎두마리치킨-공릉점","permalink":"","username":"asdfg","text":"항상 맛잇어요 감자튀김좋아요","date":"Mon Dec 10 23:59:44 +0000 2018","retweets":"30","favorites":"20","mentions":[],"hashtags":[],"geo":"","raw":"항상 맛잇어요 감자튀김좋아요","polarity":{"com":0,"pos":0.96,"neg":0.02,"neut":0,"none":0.02},"intensity":{"high":0.1,"low":0.02,"meium":0.86,"none":0.02},"expressive":{"dir-action":0,"dir-explicit":0.55,"dir-speech":0.35,"indirect":0.08,"writing-device":0.02}},{"id":"코리엔탈깻잎두마리치킨-공릉점","permalink":"","username":"asdfg","text":"확실히 양도 많고 맛도 있네영 콜라 작은게 와서 담에 먹을때는 콜라 큰 걸로 바꿔야겠아영","date":"Mon Dec 10 23:59:44 +0000 2018","retweets":"30","favorites":"20","mentions":[],"hashtags":[],"geo":"","raw":"확실히 양도 많고 맛도 있네영 콜라 작은게 와서 담에 먹을때는 콜라 큰 걸로 바꿔야겠아영","polarity":{"com":0.0029761904542748912,"pos":0.45923423150370596,"neg":0.3946239709641251,"neut":0.06352996490331546,"none":0.07963564217457858},"intensity":{"high":0.10784991073707728,"low":0.07929861655266351,"meium":0.7300810342481893,"none":0.08277043846207006},"expressive":{"dir-action":0,"dir-explicit":0.33930418657630035,"dir-speech":0.48764529858978584,"indirect":0.09125037055375003,"writing-device":0.08180014428016363}},{"id":"코리엔탈깻잎두마리치킨-공릉점","permalink":"","username":"asdfg","text":"맛있게 잘 먹었습니다","date":"Mon Dec 10 23:59:44 +0000 2018","retweets":"30","favorites":"20","mentions":[],"hashtags":[],"geo":"","raw":"맛있게 잘 먹었습니다","polarity":{"com":0,"pos":0.35714285717857136,"neg":0.6071428573035714,"neut":0.03571428551785714,"none":0},"intensity":{"high":0,"low":0.107142857,"meium":0.8928571430000001,"none":0},"expressive":{"dir-action":0,"dir-explicit":0.107142857,"dir-speech":0.5714285715,"indirect":0.3214285715,"writing-device":0}},{"id":"코리엔탈깻잎두마리치킨-공릉점","permalink":"","username":"asdfg","text":"3주째먹는데 아쥬 맛있어요~","date":"Mon Dec 10 23:59:44 +0000 2018","retweets":"30","favorites":"20","mentions":[],"hashtags":[],"geo":"","raw":"3주째먹는데 아쥬 맛있어요~","polarity":{"com":0,"pos":0.5,"neg":0.5,"neut":0,"none":0},"intensity":{"high":0,"low":0,"meium":1,"none":0},"expressive":{"dir-action":0,"dir-explicit":0,"dir-speech":0.5,"indirect":0.5,"writing-device":0}},{"id":"코리엔탈깻잎두마리치킨-공릉점","permalink":"","username":"asdfg","text":"깻잎치킨 은 너무맛있는거같아요\n후회해본적이없어요","date":"Mon Dec 10 23:59:44 +0000 2018","retweets":"30","favorites":"20","mentions":[],"hashtags":[],"geo":"","raw":"깻잎치킨 은 너무맛있는거같아요\n후회해본적이없어요","polarity":{"com":0.049967151,"pos":0.22014380600000003,"neg":0.6649755457500001,"neut":0.029053215500000003,"none":0.03586028175000001},"intensity":{"high":0.1328929119667768,"low":0.09194101772701475,"meium":0.7368786040657804,"none":0.03828746624042814},"expressive":{"dir-action":0,"dir-explicit":0.33048032699999996,"dir-speech":0.14550332149999998,"indirect":0.23087451625,"writing-device":0.29314183525}},{"id":"코리엔탈깻잎두마리치킨-공릉점","permalink":"","username":"asdfg","text":"아쥬아쥬 죠아요~~~~","date":"Mon Dec 10 23:59:44 +0000 2018","retweets":"30","favorites":"20","mentions":[],"hashtags":[],"geo":"","raw":"아쥬아쥬 죠아요~~~~","polarity":{"com":0,"pos":0.92,"neg":0.04,"neut":0,"none":0.04},"intensity":{"high":0.2,"low":0.04,"meium":0.72,"none":0.04},"expressive":{"dir-action":0,"dir-explicit":0.6,"dir-speech":0.2,"indirect":0.16,"writing-device":0.04}},{"id":"코리엔탈깻잎두마리치킨-공릉점","permalink":"","username":"asdfg","text":"매번 시킬때마다 맛있게 먹고있습니당","date":"Mon Dec 10 23:59:44 +0000 2018","retweets":"30","favorites":"20","mentions":[],"hashtags":[],"geo":"","raw":"매번 시킬때마다 맛있게 먹고있습니당","polarity":{"com":0,"pos":0.23232323225589224,"neg":0.6767676767744107,"neut":0.09090909096969696,"none":0},"intensity":{"high":0.06734006733333332,"low":0.164983165,"meium":0.7676767676666666,"none":0},"expressive":{"dir-action":0,"dir-explicit":0.13468013466666665,"dir-speech":0.8653198653333334,"indirect":0,"writing-device":0}},{"id":"코리엔탈깻잎두마리치킨-공릉점","permalink":"","username":"asdfg","text":"후레쉬 갈릭맛있어요..!","date":"Mon Dec 10 23:59:44 +0000 2018","retweets":"30","favorites":"20","mentions":[],"hashtags":[],"geo":"","raw":"후레쉬 갈릭맛있어요..!","polarity":{"com":0,"pos":0.25,"neg":0.75,"neut":0,"none":0},"intensity":{"high":0,"low":0,"meium":1,"none":0},"expressive":{"dir-action":0,"dir-explicit":0.25,"dir-speech":0.75,"indirect":0,"writing-device":0}},{"id":"코리엔탈깻잎두마리치킨-공릉점","permalink":"","username":"asdfg","text":"간장소스가 듬뿍 있지 않아서 아쉬웠ㅇㅓ요\n그래도 괜찮긴 했어요","date":"Mon Dec 10 23:59:44 +0000 2018","retweets":"30","favorites":"20","mentions":[],"hashtags":[],"geo":"","raw":"간장소스가 듬뿍 있지 않아서 아쉬웠ㅇㅓ요\n그래도 괜찮긴 했어요","polarity":{"com":0.00956999175,"pos":0.34942044425,"neg":0.2961505555,"neut":0.063113169,"none":0.2817458395},"intensity":{"high":0.08850188425000001,"low":0.0886416995,"meium":0.5360048705,"none":0.28685154575000005},"expressive":{"dir-action":0.0028735632500000003,"dir-explicit":0.22803084800000004,"dir-speech":0.26662042675000003,"indirect":0.1812097565,"writing-device":0.32126540550000005}},{"id":"코리엔탈깻잎두마리치킨-공릉점","permalink":"","username":"asdfg","text":"제 입맛에는 생각보다 맛도 양도 괜찮았어요~동네에서 오랜만에 맛있는 치킨을 먹었네요~","date":"Mon Dec 10 23:59:44 +0000 2018","retweets":"30","favorites":"20","mentions":[],"hashtags":[],"geo":"","raw":"제 입맛에는 생각보다 맛도 양도 괜찮았어요~동네에서 오랜만에 맛있는 치킨을 먹었네요~","polarity":{"com":0.001428571400285714,"pos":0.3063492062612698,"neg":0.5673015875134603,"neut":0.021904761804380952,"none":0.1030158730206032},"intensity":{"high":0.03492063499999999,"low":0.1704761904,"meium":0.6915873016,"none":0.10301587300000001},"expressive":{"dir-action":0,"dir-explicit":0.06888888898622222,"dir-speech":0.7933333332413333,"indirect":0.03301587299339684,"writing-device":0.10476190477904763}},{"id":"코리엔탈깻잎두마리치킨-공릉점","permalink":"","username":"asdfg","text":"역시 둘이먹기에 한마리는 적어서 다음엔 두마리 시켜야겠어요!","date":"Mon Dec 10 23:59:44 +0000 2018","retweets":"30","favorites":"20","mentions":[],"hashtags":[],"geo":"","raw":"역시 둘이먹기에 한마리는 적어서 다음엔 두마리 시켜야겠어요!","polarity":{"com":0.006167400803700441,"pos":0.2799944059679967,"neg":0.49128033029476825,"neut":0.12238305007342984,"none":0.10017481286010489},"intensity":{"high":0.03384378721353752,"low":0.18833647987533458,"meium":0.6767638628707054,"none":0.10105587004042235},"expressive":{"dir-action":0.0008810572003524227,"dir-explicit":0.21297811348519122,"dir-speech":0.6055800296422319,"indirect":0.07315572322926228,"writing-device":0.10740507644296203}},{"id":"코리엔탈깻잎두마리치킨-공릉점","permalink":"","username":"asdfg","text":"맛있게 잘먹었습니다^^","date":"Mon Dec 10 23:59:44 +0000 2018","retweets":"30","favorites":"20","mentions":[],"hashtags":[],"geo":"","raw":"맛있게 잘먹었습니다^^","polarity":{"com":0,"pos":0.35714285717857136,"neg":0.6071428573035714,"neut":0.03571428551785714,"none":0},"intensity":{"high":0,"low":0.107142857,"meium":0.8928571430000001,"none":0},"expressive":{"dir-action":0,"dir-explicit":0.107142857,"dir-speech":0.5714285715,"indirect":0.3214285715,"writing-device":0}},{"id":"코리엔탈깻잎두마리치킨-공릉점","permalink":"","username":"asdfg","text":"맵지 않아 아이와 맛있게 한끼! 감자튀김에 김말이까지 맥주 안주로 딱!","date":"Mon Dec 10 23:59:44 +0000 2018","retweets":"30","favorites":"20","mentions":[],"hashtags":[],"geo":"","raw":"맵지 않아 아이와 맛있게 한끼! 감자튀김에 김말이까지 맥주 안주로 딱!","polarity":{"com":0,"pos":0.40625,"neg":0.59375,"neut":0,"none":0},"intensity":{"high":0.125,"low":0.03125,"meium":0.84375,"none":0},"expressive":{"dir-action":0,"dir-explicit":0.15625,"dir-speech":0.37499999999999994,"indirect":0.46875,"writing-device":0}},{"id":"코리엔탈깻잎두마리치킨-공릉점","permalink":"","username":"asdfg","text":"맛있고 배달도 빠르네요^^","date":"Mon Dec 10 23:59:44 +0000 2018","retweets":"30","favorites":"20","mentions":[],"hashtags":[],"geo":"","raw":"맛있고 배달도 빠르네요^^","polarity":{"com":0,"pos":0.6666666666666666,"neg":0.3333333333333333,"neut":0,"none":0},"intensity":{"high":0,"low":0.111111111,"meium":0.888888889,"none":0},"expressive":{"dir-action":0,"dir-explicit":0,"dir-speech":0.6666666666666666,"indirect":0.3333333333333333,"writing-device":0}},{"id":"코리엔탈깻잎두마리치킨-공릉점","permalink":"","username":"asdfg","text":"한마리도 양이많아요! 맛있게먹었습니다","date":"Mon Dec 10 23:59:44 +0000 2018","retweets":"30","favorites":"20","mentions":[],"hashtags":[],"geo":"","raw":"한마리도 양이많아요! 맛있게먹었습니다","polarity":{"com":0.0017857142500000006,"pos":0.26190476175,"neg":0.623809524,"neut":0.0035714285000000012,"none":0.1089285715},"intensity":{"high":0.06349206350000001,"low":0.14662698400000002,"meium":0.680952381,"none":0.10892857150000002},"expressive":{"dir-action":0,"dir-explicit":0.289484126927629,"dir-speech":0.581944444354514,"indirect":0.02142857149464287,"writing-device":0.1071428572232143}},{"id":"코리엔탈깻잎두마리치킨-공릉점","permalink":"","username":"asdfg","text":"맛있어요 배달도 빨랐고 간장 후라이드 조합도 괜찮네용~","date":"Mon Dec 10 23:59:44 +0000 2018","retweets":"30","favorites":"20","mentions":[],"hashtags":[],"geo":"","raw":"맛있어요 배달도 빨랐고 간장 후라이드 조합도 괜찮네용~","polarity":{"com":0.00178571425,"pos":0.375,"neg":0.51071428575,"neut":0.0035714285,"none":0.1089285715},"intensity":{"high":0.1428571429642857,"low":0.18333333320416667,"meium":0.5648809523587798,"none":0.10892857147276785},"expressive":{"dir-action":0,"dir-explicit":0.1178571429705357,"dir-speech":0.36071428565982144,"indirect":0.41428571414642856,"writing-device":0.10714285722321429}},{"id":"코리엔탈깻잎두마리치킨-공릉점","permalink":"","username":"asdfg","text":"파닭 소스가 이제 작은 통에 담아 주시드라구요ㅜㅠ\n양념이 생각보다 작네요 전보단 적지만 이것보단 좀더 많았으면 좋겠네요","date":"Mon Dec 10 23:59:44 +0000 2018","retweets":"30","favorites":"20","mentions":[],"hashtags":[],"geo":"","raw":"파닭 소스가 이제 작은 통에 담아 주시드라구요ㅜㅠ\n양념이 생각보다 작네요 전보단 적지만 이것보단 좀더 많았으면 좋겠네요","polarity":{"com":0.02678511825669628,"pos":0.45579895936394976,"neg":0.32596224091482395,"neut":0.13367768936675273,"none":0.05777599209777734},"intensity":{"high":0.1051410840175235,"low":0.15740699102623448,"meium":0.6785647780297608,"none":0.05888714692648119},"expressive":{"dir-action":0.0003671071667278512,"dir-explicit":0.1860428639476738,"dir-speech":0.5327491322554583,"indirect":0.22483454953747248,"writing-device":0.05600634709266773}},{"id":"코리엔탈깻잎두마리치킨-공릉점","permalink":"","username":"asdfg","text":"항상 맛있게 잘먹고있습니다^^","date":"Mon Dec 10 23:59:44 +0000 2018","retweets":"30","favorites":"20","mentions":[],"hashtags":[],"geo":"","raw":"항상 맛있게 잘먹고있습니다^^","polarity":{"com":0,"pos":0.8571428574285714,"neg":0.10714285705357143,"neut":0.035714285517857144,"none":0},"intensity":{"high":0,"low":0.107142857,"meium":0.8928571430000001,"none":0},"expressive":{"dir-action":0,"dir-explicit":0.357142857,"dir-speech":0.3214285715,"indirect":0.3214285715,"writing-device":0}},{"id":"코리엔탈깻잎두마리치킨-공릉점","permalink":"","username":"asdfg","text":"양이 많아서 좋아요","date":"Mon Dec 10 23:59:44 +0000 2018","retweets":"30","favorites":"20","mentions":[],"hashtags":[],"geo":"","raw":"양이 많아서 좋아요","polarity":{"com":0,"pos":0.6556521740000001,"neg":0.3026086955,"neut":0.0217391305,"none":0.02},"intensity":{"high":0.23043478261521738,"low":0.1286956520643478,"meium":0.6208695653104348,"none":0.020000000009999998},"expressive":{"dir-action":0,"dir-explicit":0.5608695652804347,"dir-speech":0.20869565210434782,"indirect":0.21043478260521742,"writing-device":0.020000000009999998}},{"id":"코리엔탈깻잎두마리치킨-공릉점","permalink":"","username":"asdfg","text":"먹기전에 미리찍어놓고 맛없으면 리뷰안달려고 했는데 진짜 맛있네요!!!\n사진엔 없지만 깻입토핑이 느끼함을 잡아주고 특히 바삭함이 너무 좋아요~\n앞으로 여기만 애용할것같아요~\n다음엔 씨푸드 도전갑니다~","date":"Mon Dec 10 23:59:44 +0000 2018","retweets":"30","favorites":"20","mentions":[],"hashtags":[],"geo":"","raw":"먹기전에 미리찍어놓고 맛없으면 리뷰안달려고 했는데 진짜 맛있네요!!!\n사진엔 없지만 깻입토핑이 느끼함을 잡아주고 특히 바삭함이 너무 좋아요~\n앞으로 여기만 애용할것같아요~\n다음엔 씨푸드 도전갑니다~","polarity":{"com":0.0022279608948541038,"pos":0.36685578328246615,"neg":0.4463719486550722,"neut":0.09964307526840227,"none":0.08490123189920534},"intensity":{"high":0.0559750812631579,"low":0.16546909642105262,"meium":0.6928177725789474,"none":0.08573804973684211},"expressive":{"dir-action":0.000836817842105263,"dir-explicit":0.17300154968421055,"dir-speech":0.5281380286315789,"indirect":0.20409986,"writing-device":0.09392374384210526}},{"id":"코리엔탈깻잎두마리치킨-공릉점","permalink":"","username":"asdfg","text":"역시 믿고 시키는 깻잎두마리 치킨이네요 맛있게먹었습니다","date":"Mon Dec 10 23:59:44 +0000 2018","retweets":"30","favorites":"20","mentions":[],"hashtags":[],"geo":"","raw":"역시 믿고 시키는 깻잎두마리 치킨이네요 맛있게먹었습니다","polarity":{"com":0.005718954251429738,"pos":0.26307189531576797,"neg":0.48611111137152774,"neut":0.10620915027655228,"none":0.13888888878472222},"intensity":{"high":0.05964052277982026,"low":0.15931372532965687,"meium":0.6421568630710784,"none":0.13888888881944444},"expressive":{"dir-action":0,"dir-explicit":0.24346405231086599,"dir-speech":0.5784313726446079,"indirect":0.03431372550857843,"writing-device":0.14379084953594773}},{"id":"코리엔탈깻잎두마리치킨-공릉점","permalink":"","username":"asdfg","text":"진짜 맛나네여. 냉장고에넣다 다음날 먹어두 맛있어요","date":"Mon Dec 10 23:59:44 +0000 2018","retweets":"30","favorites":"20","mentions":[],"hashtags":[],"geo":"","raw":"진짜 맛나네여. 냉장고에넣다 다음날 먹어두 맛있어요","polarity":{"com":0,"pos":0.111111111,"neg":0.888888889,"neut":0,"none":0},"intensity":{"high":0.037037037,"low":0.074074074,"meium":0.888888889,"none":0},"expressive":{"dir-action":0,"dir-explicit":0.074074074,"dir-speech":0.925925926,"indirect":0,"writing-device":0}},{"id":"코리엔탈깻잎두마리치킨-공릉점","permalink":"","username":"asdfg","text":"맛나요!!!다음에도 시켜먹을듯","date":"Mon Dec 10 23:59:44 +0000 2018","retweets":"30","favorites":"20","mentions":[],"hashtags":[],"geo":"","raw":"맛나요!!!다음에도 시켜먹을듯","polarity":{"com":0.0014285714000000001,"pos":0.40952380940000005,"neg":0.4657142858000001,"neut":0.0028571428000000003,"none":0.1204761906},"intensity":{"high":0.05079365078984127,"low":0.100634920579873,"meium":0.7280952380543809,"none":0.12047619057590475},"expressive":{"dir-action":0,"dir-explicit":0.11492063497701588,"dir-speech":0.6822222220635555,"indirect":0.0838095237832381,"writing-device":0.11904761917619047}},{"id":"코리엔탈깻잎두마리치킨-공릉점","permalink":"","username":"asdfg","text":"양도 진짜 많고 맛도 정말맛있습니다 치킨은 항상 여기서 시켜먹게되네요^^","date":"Mon Dec 10 23:59:44 +0000 2018","retweets":"30","favorites":"20","mentions":[],"hashtags":[],"geo":"","raw":"양도 진짜 많고 맛도 정말맛있습니다 치킨은 항상 여기서 시켜먹게되네요^^","polarity":{"com":0.01050756099699784,"pos":0.5297040534200845,"neg":0.3866143473181102,"neut":0.024530884135848318,"none":0.0486431541289591},"intensity":{"high":0.174136944310591,"low":0.09564948129937849,"meium":0.6815704202402244,"none":0.04864315414980617},"expressive":{"dir-action":0,"dir-explicit":0.28113971171428576,"dir-speech":0.5920162511428572,"indirect":0.07281004742857144,"writing-device":0.05403398971428572}},{"id":"코리엔탈깻잎두마리치킨-공릉점","permalink":"","username":"asdfg","text":"너무너무 맛있고 배달도 빠르고 좋습니당!","date":"Mon Dec 10 23:59:44 +0000 2018","retweets":"30","favorites":"20","mentions":[],"hashtags":[],"geo":"","raw":"너무너무 맛있고 배달도 빠르고 좋습니당!","polarity":{"com":0,"pos":0.73,"neg":0.26,"neut":0,"none":0.01},"intensity":{"high":0.05,"low":0.09333333325,"meium":0.84666666675,"none":0.01},"expressive":{"dir-action":0,"dir-explicit":0.15,"dir-speech":0.55,"indirect":0.29,"writing-device":0.01}},{"id":"코리엔탈깻잎두마리치킨-공릉점","permalink":"","username":"asdfg","text":"맛있게 잘먹었습니다","date":"Mon Dec 10 23:59:44 +0000 2018","retweets":"30","favorites":"20","mentions":[],"hashtags":[],"geo":"","raw":"맛있게 잘먹었습니다","polarity":{"com":0,"pos":0.35714285717857136,"neg":0.6071428573035714,"neut":0.03571428551785714,"none":0},"intensity":{"high":0,"low":0.107142857,"meium":0.8928571430000001,"none":0},"expressive":{"dir-action":0,"dir-explicit":0.107142857,"dir-speech":0.5714285715,"indirect":0.3214285715,"writing-device":0}},{"id":"코리엔탈깻잎두마리치킨-공릉점","permalink":"","username":"asdfg","text":"맛있는음식 맛있게 잘먹었습니다^^","date":"Mon Dec 10 23:59:44 +0000 2018","retweets":"30","favorites":"20","mentions":[],"hashtags":[],"geo":"","raw":"맛있는음식 맛있게 잘먹었습니다^^","polarity":{"com":0,"pos":0.23809523807936508,"neg":0.7380952382460317,"neut":0.023809523674603175,"none":0},"intensity":{"high":0,"low":0.07142857133333333,"meium":0.9285714286666668,"none":0},"expressive":{"dir-action":0,"dir-explicit":0.07142857133333333,"dir-speech":0.7142857143333333,"indirect":0.21428571433333332,"writing-device":0}},{"id":"코리엔탈깻잎두마리치킨-공릉점","permalink":"","username":"asdfg","text":"배달이 좀 걸리긴했지만 맛이나 양은 적당했어여","date":"Mon Dec 10 23:59:44 +0000 2018","retweets":"30","favorites":"20","mentions":[],"hashtags":[],"geo":"","raw":"배달이 좀 걸리긴했지만 맛이나 양은 적당했어여","polarity":{"com":0.007260798399999999,"pos":0.7744122469999999,"neg":0.18240204119999998,"neut":0.023553854599999997,"none":0.012371058799999998},"intensity":{"high":0.04829597220965919,"low":0.05034445041006889,"meium":0.8885584109777117,"none":0.012801166402560233},"expressive":{"dir-action":0.0012903226,"dir-explicit":0.1970329872,"dir-speech":0.6907891380000001,"indirect":0.09851649339999999,"writing-device":0.0123710588}},{"id":"코리엔탈깻잎두마리치킨-공릉점","permalink":"","username":"asdfg","text":"그냥 맛있음. 정말 맛있음\n깻잎 향이 은은하면서 치킨은 바삭바삭하고 후라이드 시키면 주시는 양념도 존맛👍👍👍","date":"Mon Dec 10 23:59:44 +0000 2018","retweets":"30","favorites":"20","mentions":[],"hashtags":[],"geo":"","raw":"그냥 맛있음. 정말 맛있음\n깻잎 향이 은은하면서 치킨은 바삭바삭하고 후라이드 시키면 주시는 양념도 존맛👍👍👍","polarity":{"com":0.006642326700664232,"pos":0.43912353764391227,"neg":0.42386574564238655,"neut":0.030049335803004926,"none":0.10031905421003189},"intensity":{"high":0.09969674910996969,"low":0.07465695440746571,"meium":0.7237372883723737,"none":0.10190900811019094},"expressive":{"dir-action":0.0015899539001589952,"dir-explicit":0.1690647342169065,"dir-speech":0.5551015284555102,"indirect":0.1691629089169163,"writing-device":0.1050808745105081}},{"id":"코리엔탈깻잎두마리치킨-공릉점","permalink":"","username":"asdfg","text":"깻잎칩킨 자주 시켜먹었는데 처음 리뷰 남겨요!!\n맛있어서 잘 시켜먹고있어욥 ㅎㅎㅎ\n오늘 비 적게 오는 것 같아서 시켰는데ㅠㅠㅠ 배달하시는 분 너무 감사해요ㅠㅠㅠㅠ","date":"Mon Dec 10 23:59:44 +0000 2018","retweets":"30","favorites":"20","mentions":[],"hashtags":[],"geo":"","raw":"깻잎칩킨 자주 시켜먹었는데 처음 리뷰 남겨요!!\n맛있어서 잘 시켜먹고있어욥 ㅎㅎㅎ\n오늘 비 적게 오는 것 같아서 시켰는데ㅠㅠㅠ 배달하시는 분 너무 감사해요ㅠㅠㅠㅠ","polarity":{"com":0.012987012998819363,"pos":0.500688705136301,"neg":0.40426997250870284,"neut":0.027744982270205006,"none":0.05430932708597188},"intensity":{"high":0.18253968254545458,"low":0.07287157281818181,"meium":0.6902794175454545,"none":0.05430932709090908},"expressive":{"dir-action":0,"dir-explicit":0.1723402859529981,"dir-speech":0.5670339761180816,"indirect":0.2063164108528228,"writing-device":0.05430932707609745}},{"id":"코리엔탈깻잎두마리치킨-공릉점","permalink":"","username":"asdfg","text":"가격대비 최고의 양 과 맛 좋아요","date":"Mon Dec 10 23:59:44 +0000 2018","retweets":"30","favorites":"20","mentions":[],"hashtags":[],"geo":"","raw":"가격대비 최고의 양 과 맛 좋아요","polarity":{"com":0,"pos":1,"neg":0,"neut":0,"none":0},"intensity":{"high":0.3333333333333333,"low":0,"meium":0.6666666666666666,"none":0},"expressive":{"dir-action":0,"dir-explicit":0,"dir-speech":0.3333333333333333,"indirect":0.6666666666666666,"writing-device":0}},{"id":"코리엔탈깻잎두마리치킨-공릉점","permalink":"","username":"asdfg","text":"맛있어욥 칠리 너무 맛있어요","date":"Mon Dec 10 23:59:44 +0000 2018","retweets":"30","favorites":"20","mentions":[],"hashtags":[],"geo":"","raw":"맛있어욥 칠리 너무 맛있어요","polarity":{"com":0.142857143,"pos":0.142857143,"neg":0.714285714,"neut":0,"none":0},"intensity":{"high":0.142857143,"low":0.142857143,"meium":0.714285714,"none":0},"expressive":{"dir-action":0,"dir-explicit":0.5714285710000001,"dir-speech":0.28571428600000004,"indirect":0.14285714300000002,"writing-device":0}},{"id":"코리엔탈깻잎두마리치킨-공릉점","permalink":"","username":"asdfg","text":"진짜 너무맛있는데 아쉬운점이 하나있으면 음료를 따로 추가하는게있음좋겠어요 ㅠ","date":"Mon Dec 10 23:59:44 +0000 2018","retweets":"30","favorites":"20","mentions":[],"hashtags":[],"geo":"","raw":"진짜 너무맛있는데 아쉬운점이 하나있으면 음료를 따로 추가하는게있음좋겠어요 ㅠ","polarity":{"com":0.025849746128231214,"pos":0.44885480518110676,"neg":0.38032246029754024,"neut":0.09481169813685146,"none":0.050161290256270155},"intensity":{"high":0.08666539100000002,"low":0.09920395712500002,"meium":0.763700544375,"none":0.050430107500000015},"expressive":{"dir-action":0.002398808374400298,"dir-explicit":0.392548098151863,"dir-speech":0.3131753356717062,"indirect":0.24092028918976993,"writing-device":0.05095746861226062}},{"id":"코리엔탈깻잎두마리치킨-공릉점","permalink":"","username":"asdfg","text":"종류별로 한번씩 먹는 그날까지..","date":"Mon Dec 10 23:59:44 +0000 2018","retweets":"30","favorites":"20","mentions":[],"hashtags":[],"geo":"","raw":"종류별로 한번씩 먹는 그날까지..","polarity":{"com":0,"pos":0.2575757575,"neg":0.4015151515,"neut":0,"none":0.340909091},"intensity":{"high":0.12373737356186869,"low":0.13383838356691918,"meium":0.37878787918939394,"none":0.3636363636818182},"expressive":{"dir-action":0,"dir-explicit":0.1565656565782828,"dir-speech":0.4570707072285354,"indirect":0.022727272511363635,"writing-device":0.3636363636818182}},{"id":"코리엔탈깻잎두마리치킨-공릉점","permalink":"","username":"asdfg","text":"파닭양념이랑 간장 시켰는데 파를 넉넉히 넣어주셔서 안모자르게먹었어요! 치킨도 맛있었구요","date":"Mon Dec 10 23:59:44 +0000 2018","retweets":"30","favorites":"20","mentions":[],"hashtags":[],"geo":"","raw":"파닭양념이랑 간장 시켰는데 파를 넉넉히 넣어주셔서 안모자르게먹었어요! 치킨도 맛있었구요","polarity":{"com":0.008621474001436914,"pos":0.3962061468993677,"neg":0.48149138124691526,"neut":0.03064528350510755,"none":0.08303571434717262},"intensity":{"high":0.11670436933333335,"low":0.07625450733333335,"meium":0.7240054090000001,"none":0.08303571433333334},"expressive":{"dir-action":0.0021231423322717624,"dir-explicit":0.24839016104247164,"dir-speech":0.4306248524513543,"indirect":0.22553836822056417,"writing-device":0.09332347595333827}},{"id":"코리엔탈깻잎두마리치킨-공릉점","permalink":"","username":"asdfg","text":"맛있어요 다음에 또 시켜먹으려구요","date":"Mon Dec 10 23:59:44 +0000 2018","retweets":"30","favorites":"20","mentions":[],"hashtags":[],"geo":"","raw":"맛있어요 다음에 또 시켜먹으려구요","polarity":{"com":0,"pos":0.1190476189702381,"neg":0.7738095238065477,"neut":0,"none":0.1071428572232143},"intensity":{"high":0.02777777775,"low":0.0555555555,"meium":0.8095238095,"none":0.10714285725},"expressive":{"dir-action":0,"dir-explicit":0.09126984125,"dir-speech":0.765873016,"indirect":0,"writing-device":0.14285714275}},{"id":"코리엔탈깻잎두마리치킨-공릉점","permalink":"","username":"asdfg","text":"좋아요","date":"Mon Dec 10 23:59:44 +0000 2018","retweets":"30","favorites":"20","mentions":[],"hashtags":[],"geo":"","raw":"좋아요","polarity":{"com":0,"pos":0.92,"neg":0.04,"neut":0,"none":0.04},"intensity":{"high":0.2,"low":0.04,"meium":0.72,"none":0.04},"expressive":{"dir-action":0,"dir-explicit":0.6,"dir-speech":0.2,"indirect":0.16,"writing-device":0.04}},{"id":"코리엔탈깻잎두마리치킨-공릉점","permalink":"","username":"asdfg","text":"정말 맛있게 먹었습니다 감사합니다!","date":"Mon Dec 10 23:59:44 +0000 2018","retweets":"30","favorites":"20","mentions":[],"hashtags":[],"geo":"","raw":"정말 맛있게 먹었습니다 감사합니다!","polarity":{"com":0,"pos":0.6944444443333334,"neg":0.22222222233333333,"neut":0,"none":0.08333333333333333},"intensity":{"high":0.537037037,"low":0.074074074,"meium":0.30555555566666665,"none":0.08333333333333333},"expressive":{"dir-action":0,"dir-explicit":0.24074074066666665,"dir-speech":0.675925926,"indirect":0,"writing-device":0.08333333333333333}},{"id":"코리엔탈깻잎두마리치킨-공릉점","permalink":"","username":"asdfg","text":"처음 여기서 시켜먹엇는데 진짜 맛잇어요!! 양도많고 강추드립니다","date":"Mon Dec 10 23:59:44 +0000 2018","retweets":"30","favorites":"20","mentions":[],"hashtags":[],"geo":"","raw":"처음 여기서 시켜먹엇는데 진짜 맛잇어요!! 양도많고 강추드립니다","polarity":{"com":0.035714285741071425,"pos":0.6549689440862577,"neg":0.26273291918431674,"neut":0.010869565247282607,"none":0.035714285741071425},"intensity":{"high":0.11521739127880434,"low":0.10434782602608696,"meium":0.7447204969361801,"none":0.035714285758928564},"expressive":{"dir-action":0,"dir-explicit":0.351863354,"dir-speech":0.46149068325,"indirect":0.15093167700000001,"writing-device":0.03571428575}},{"id":"코리엔탈깻잎두마리치킨-공릉점","permalink":"","username":"asdfg","text":"깻잎이잇어 좋앗지만 치킨의 맛이 차별화 되어잇진 않앗습니다 양은 많구 좋앗어요","date":"Mon Dec 10 23:59:44 +0000 2018","retweets":"30","favorites":"20","mentions":[],"hashtags":[],"geo":"","raw":"깻잎이잇어 좋앗지만 치킨의 맛이 차별화 되어잇진 않앗습니다 양은 많구 좋앗어요","polarity":{"com":0.018315796247710524,"pos":0.28995787683875524,"neg":0.5581381330552326,"neut":0.059196049742600475,"none":0.07439214411570097},"intensity":{"high":0.21653622950000004,"low":0.10430934625,"meium":0.603660958625,"none":0.07549346562500002},"expressive":{"dir-action":0.0011013215001376652,"dir-explicit":0.23777022865472128,"dir-speech":0.2898124822862266,"indirect":0.39232652204904084,"writing-device":0.07898944550987369}},{"id":"코리엔탈깻잎두마리치킨-공릉점","permalink":"","username":"asdfg","text":"아쥬아쥬죠아요!!!!!!!!","date":"Mon Dec 10 23:59:44 +0000 2018","retweets":"30","favorites":"20","mentions":[],"hashtags":[],"geo":"","raw":"아쥬아쥬죠아요!!!!!!!!","polarity":{"com":null,"pos":null,"neg":null,"neut":null,"none":null},"intensity":{"high":null,"low":null,"meium":null,"none":null},"expressive":{"dir-action":null,"dir-explicit":null,"dir-speech":null,"indirect":null,"writing-device":null}},{"id":"코리엔탈깻잎두마리치킨-공릉점","permalink":"","username":"asdfg","text":"배달비가있었네요...\n잘안본제탓이긴하지만 당황스럽네요 ㅠ","date":"Mon Dec 10 23:59:44 +0000 2018","retweets":"30","favorites":"20","mentions":[],"hashtags":[],"geo":"","raw":"배달비가있었네요...\n잘안본제탓이긴하지만 당황스럽네요 ㅠ","polarity":{"com":0,"pos":0.45194805189038967,"neg":0.3640692640728139,"neut":0.03246753240649351,"none":0.15151515163030305},"intensity":{"high":0,"low":0.2792207792,"meium":0.5692640692000001,"none":0.1515151516},"expressive":{"dir-action":0,"dir-explicit":0.3155844155368831,"dir-speech":0.28311688314337663,"indirect":0.24978354975004324,"writing-device":0.15151515156969697}},{"id":"코리엔탈깻잎두마리치킨-공릉점","permalink":"","username":"asdfg","text":"깻잎이 정말 맛있었어요 ㅠ 부족할만큼ㅋㅋㅋ 다음에 또 시킬게요","date":"Mon Dec 10 23:59:44 +0000 2018","retweets":"30","favorites":"20","mentions":[],"hashtags":[],"geo":"","raw":"깻잎이 정말 맛있었어요 ㅠ 부족할만큼ㅋㅋㅋ 다음에 또 시킬게요","polarity":{"com":0.021806167329698974,"pos":0.129095867478484,"neg":0.644850010392525,"neut":0.014684287830885951,"none":0.189563666968406},"intensity":{"high":0.034287812005714645,"low":0.03869309833978219,"meium":0.7367212082894536,"none":0.19029788136504966},"expressive":{"dir-action":0.0007342143334557022,"dir-explicit":0.15115900985852646,"dir-speech":0.4828246277471374,"indirect":0.15117474302519576,"writing-device":0.21410740503568454}},{"id":"코리엔탈깻잎두마리치킨-공릉점","permalink":"","username":"asdfg","text":"맛있는 음식 배달도 빠르고 잘먹었습니다^^","date":"Mon Dec 10 23:59:44 +0000 2018","retweets":"30","favorites":"20","mentions":[],"hashtags":[],"geo":"","raw":"맛있는 음식 배달도 빠르고 잘먹었습니다^^","polarity":{"com":0,"pos":0.6785714286696428,"neg":0.30357142857589287,"neut":0.017857142754464286,"none":0},"intensity":{"high":0,"low":0.13690476175,"meium":0.86309523825,"none":0},"expressive":{"dir-action":0,"dir-explicit":0.0535714285,"dir-speech":0.53571428575,"indirect":0.41071428575,"writing-device":0}},{"id":"코리엔탈깻잎두마리치킨-공릉점","permalink":"","username":"asdfg","text":"맛있게 잘먹었습니다.","date":"Mon Dec 10 23:59:44 +0000 2018","retweets":"30","favorites":"20","mentions":[],"hashtags":[],"geo":"","raw":"맛있게 잘먹었습니다.","polarity":{"com":0,"pos":0.35714285717857136,"neg":0.6071428573035714,"neut":0.03571428551785714,"none":0},"intensity":{"high":0,"low":0.107142857,"meium":0.8928571430000001,"none":0},"expressive":{"dir-action":0,"dir-explicit":0.107142857,"dir-speech":0.5714285715,"indirect":0.3214285715,"writing-device":0}},{"id":"코리엔탈깻잎두마리치킨-공릉점","permalink":"","username":"asdfg","text":"양도 많고 맛있어요~","date":"Mon Dec 10 23:59:44 +0000 2018","retweets":"30","favorites":"20","mentions":[],"hashtags":[],"geo":"","raw":"양도 많고 맛있어요~","polarity":{"com":0,"pos":0.195652174,"neg":0.7826086955,"neut":0.0217391305,"none":0},"intensity":{"high":0.1304347825652174,"low":0.10869565205434782,"meium":0.7608695653804347,"none":0},"expressive":{"dir-action":0,"dir-explicit":0.2608695651304348,"dir-speech":0.6086956523043479,"indirect":0.1304347825652174,"writing-device":0}},{"id":"코리엔탈깻잎두마리치킨-공릉점","permalink":"","username":"asdfg","text":"순살이라먹기도편하고\n맛있네요..어린아이가있는집엔\n더제격이네요..\n먹다가찍은거라좀지져분하지만\n양도푸짐하고애들이좋아하는튀김도있어서좋아요~","date":"Mon Dec 10 23:59:44 +0000 2018","retweets":"30","favorites":"20","mentions":[],"hashtags":[],"geo":"","raw":"순살이라먹기도편하고\n맛있네요..어린아이가있는집엔\n더제격이네요..\n먹다가찍은거라좀지져분하지만\n양도푸짐하고애들이좋아하는튀김도있어서좋아요~","polarity":{"com":0.005211570722511754,"pos":0.3673694445204093,"neg":0.4983426819721301,"neut":0.01988222905666012,"none":0.10919407372828857},"intensity":{"high":0.05493112333943678,"low":0.08777808400975311,"meium":0.7476851473052982,"none":0.10960564534551172},"expressive":{"dir-action":0.0004115716111111111,"dir-explicit":0.21416818566666668,"dir-speech":0.493417628611111,"indirect":0.18082263533333334,"writing-device":0.11117997877777779}}]