[{"id":"트윈파닭","permalink":"","username":"asdfg","text":"맛있었어요 또 시킬게요","date":"Mon Dec 10 23:59:44 +0000 2018","retweets":"30","favorites":"20","mentions":[],"hashtags":[],"geo":"","raw":"맛있었어요 또 시킬게요","polarity":{"com":0,"pos":0.0714285714642857,"neg":0.7142857141428571,"neut":0,"none":0.21428571439285712},"intensity":{"high":0,"low":0,"meium":0.7857142855,"none":0.2142857145},"expressive":{"dir-action":0,"dir-explicit":0.0714285715,"dir-speech":0.642857143,"indirect":0,"writing-device":0.2857142855}},{"id":"트윈파닭","permalink":"","username":"asdfg","text":"맛있었어요 ㅋ또시켜먹고싶은 맛","date":"Mon Dec 10 23:59:44 +0000 2018","retweets":"30","favorites":"20","mentions":[],"hashtags":[],"geo":"","raw":"맛있었어요 ㅋ또시켜먹고싶은 맛","polarity":{"com":0,"pos":0.3690476189077381,"neg":0.5238095238690477,"neut":0,"none":0.10714285722321429},"intensity":{"high":0.02777777775,"low":0.0555555555,"meium":0.8095238095,"none":0.10714285725},"expressive":{"dir-action":0,"dir-explicit":0.09126984125,"dir-speech":0.765873016,"indirect":0,"writing-device":0.14285714275}},{"id":"트윈파닭","permalink":"","username":"asdfg","text":"진짜 트윈파닭은 기본이 맛있어용","date":"Mon Dec 10 23:59:44 +0000 2018","retweets":"30","favorites":"20","mentions":[],"hashtags":[],"geo":"","raw":"진짜 트윈파닭은 기본이 맛있어용","polarity":{"com":0,"pos":0.6666666666666666,"neg":0.3333333333333333,"neut":0,"none":0},"intensity":{"high":0,"low":0,"meium":1,"none":0},"expressive":{"dir-action":0,"dir-explicit":0,"dir-speech":0.3333333333333333,"indirect":0.6666666666666666,"writing-device":0}},{"id":"트윈파닭","permalink":"","username":"asdfg","text":"자주시켜서 그런지 서비스 잘 주셔서 감사해영ㅋㅋ\n다들 여기가맛있다그 요기만 시켜달래여 ㅎ","date":"Mon Dec 10 23:59:44 +0000 2018","retweets":"30","favorites":"20","mentions":[],"hashtags":[],"geo":"","raw":"자주시켜서 그런지 서비스 잘 주셔서 감사해영ㅋㅋ\n다들 여기가맛있다그 요기만 시켜달래여 ㅎ","polarity":{"com":0.00585533125,"pos":0.5283622325,"neg":0.41027001387499995,"neut":0.020914208125,"none":0.03459821425},"intensity":{"high":0.3362124740829735,"low":0.18609817122673775,"meium":0.44016347469497963,"none":0.03752587999530927},"expressive":{"dir-action":0.00694444450173611,"dir-explicit":0.19014190817253546,"dir-speech":0.3166591183291647,"indirect":0.45165631473791407,"writing-device":0.034598214258649555}},{"id":"트윈파닭","permalink":"","username":"asdfg","text":"피방에서 게임하면서 먹었는데 맛있었어요","date":"Mon Dec 10 23:59:44 +0000 2018","retweets":"30","favorites":"20","mentions":[],"hashtags":[],"geo":"","raw":"피방에서 게임하면서 먹었는데 맛있었어요","polarity":{"com":0,"pos":0.33333333325000003,"neg":0.66666666675,"neut":0,"none":0},"intensity":{"high":0.15277777775,"low":0.0555555555,"meium":0.79166666675,"none":0},"expressive":{"dir-action":0,"dir-explicit":0.1805555555,"dir-speech":0.5694444445,"indirect":0.25,"writing-device":0}},{"id":"트윈파닭","permalink":"","username":"asdfg","text":"서비스 감사합니다♡♡ 잘먹었어용!!!","date":"Mon Dec 10 23:59:44 +0000 2018","retweets":"30","favorites":"20","mentions":[],"hashtags":[],"geo":"","raw":"서비스 감사합니다♡♡ 잘먹었어용!!!","polarity":{"com":0.006451613002150537,"pos":0.7434715822478238,"neg":0.18899129539633042,"neut":0.051766513017255496,"none":0.009318996336439666},"intensity":{"high":0.046594982,"low":0.443471582,"meium":0.4998975936666667,"none":0.010035842333333333},"expressive":{"dir-action":0.0021505376666666664,"dir-explicit":0.17608806966666665,"dir-speech":0.145826933,"indirect":0.6666154633333332,"writing-device":0.009318996333333333}},{"id":"트윈파닭","permalink":"","username":"asdfg","text":"이제부터 여기만 시켜먹을꺼에요 .. 맛도 맛있는데 양 너무 심하게 많네요 별 5점 만점에 12점이요","date":"Mon Dec 10 23:59:44 +0000 2018","retweets":"30","favorites":"20","mentions":[],"hashtags":[],"geo":"","raw":"이제부터 여기만 시켜먹을꺼에요 .. 맛도 맛있는데 양 너무 심하게 많네요 별 5점 만점에 12점이요","polarity":{"com":0.08035714288504464,"pos":0.4433727504304216,"neg":0.4099378881762422,"neut":0.01184503900148063,"none":0.0544871795068109},"intensity":{"high":0.0771752402596469,"low":0.07921909000990238,"meium":0.7891184902236398,"none":0.054487179506810896},"expressive":{"dir-action":0,"dir-explicit":0.2557698942819712,"dir-speech":0.5046617030630828,"indirect":0.1882863513985358,"writing-device":0.05128205125641026}},{"id":"트윈파닭","permalink":"","username":"asdfg","text":"비려요 세마리나 시켰는데 비려서 하나도 못먹었어요ㅜㅜ","date":"Mon Dec 10 23:59:44 +0000 2018","retweets":"30","favorites":"20","mentions":[],"hashtags":[],"geo":"","raw":"비려요 세마리나 시켰는데 비려서 하나도 못먹었어요ㅜㅜ","polarity":{"com":0,"pos":0.5446428569999999,"neg":0.3839285715,"neut":0.0714285715,"none":0},"intensity":{"high":0.1875,"low":0.0714285715,"meium":0.7410714285,"none":0},"expressive":{"dir-action":0,"dir-explicit":0.26785714299999996,"dir-speech":0.482142857,"indirect":0.25,"writing-device":0}},{"id":"트윈파닭","permalink":"","username":"asdfg","text":"잘먹었습니다 감사합니다^^","date":"Mon Dec 10 23:59:44 +0000 2018","retweets":"30","favorites":"20","mentions":[],"hashtags":[],"geo":"","raw":"잘먹었습니다 감사합니다^^","polarity":{"com":0,"pos":0.8571428574285714,"neg":0.10714285705357143,"neut":0.035714285517857144,"none":0},"intensity":{"high":0.5,"low":0.107142857,"meium":0.392857143,"none":0},"expressive":{"dir-action":0,"dir-explicit":0.107142857,"dir-speech":0.5714285715,"indirect":0.3214285715,"writing-device":0}},{"id":"트윈파닭","permalink":"","username":"asdfg","text":"맛있고 양도많고 뭔가 다채로운 느낌","date":"Mon Dec 10 23:59:44 +0000 2018","retweets":"30","favorites":"20","mentions":[],"hashtags":[],"geo":"","raw":"맛있고 양도많고 뭔가 다채로운 느낌","polarity":{"com":0,"pos":0.4746245059999999,"neg":0.4621343872,"neut":0.04505928859999999,"none":0.018181818199999995},"intensity":{"high":0.07035573121407115,"low":0.1598418972319684,"meium":0.7516205533503241,"none":0.018181818203636364},"expressive":{"dir-action":0,"dir-explicit":0.14434782602886956,"dir-speech":0.5671146245134229,"indirect":0.27035573125407114,"writing-device":0.018181818203636364}},{"id":"트윈파닭","permalink":"","username":"asdfg","text":"야식으로 먹으려 했던거라 너무 졸려서 두 조각 먹고 자고 다음 날에 남은 치킨 먹었는데 맛있어서 다음에 또 파닭 땡길때 시켜먹으려고요 최고였어요 장사 화이팅하세요!!!ᕦ(ò..óˇ)ᕤ!!!","date":"Mon Dec 10 23:59:44 +0000 2018","retweets":"30","favorites":"20","mentions":[],"hashtags":[],"geo":"","raw":"야식으로 먹으려 했던거라 너무 졸려서 두 조각 먹고 자고 다음 날에 남은 치킨 먹었는데 맛있어서 다음에 또 파닭 땡길때 시켜먹으려고요 최고였어요 장사 화이팅하세요!!!ᕦ(ò..óˇ)ᕤ!!!","polarity":{"com":0.009646962248794131,"pos":0.2846576913394178,"neg":0.6140911890482387,"neut":0.052605799368424286,"none":0.03899835799512521},"intensity":{"high":0.1120720754304955,"low":0.08943188036941051,"meium":0.7587792953900763,"none":0.0397167488100177},"expressive":{"dir-action":0.0007183908125448994,"dir-explicit":0.13724452025857778,"dir-speech":0.5884071628492755,"indirect":0.22354782432647174,"writing-device":0.05008210175313013}},{"id":"트윈파닭","permalink":"","username":"asdfg","text":"야들야들하고 맛있네여 굿굿","date":"Mon Dec 10 23:59:44 +0000 2018","retweets":"30","favorites":"20","mentions":[],"hashtags":[],"geo":"","raw":"야들야들하고 맛있네여 굿굿","polarity":{"com":0.0038314176666666665,"pos":0.44061302666666663,"neg":0.4674329503333334,"neut":0.02298850566666667,"none":0.06513409966666667},"intensity":{"high":0.03831417632056194,"low":0.04214559398595147,"meium":0.8505747123831418,"none":0.06896551731034482},"expressive":{"dir-action":0.003831417667943805,"dir-explicit":0.05363984668454661,"dir-speech":0.4712643678237547,"indirect":0.39463601546487864,"writing-device":0.0766283523588761}},{"id":"트윈파닭","permalink":"","username":"asdfg","text":"맛, 양, 배달 모두 만족합니다ㅎㅎ","date":"Mon Dec 10 23:59:44 +0000 2018","retweets":"30","favorites":"20","mentions":[],"hashtags":[],"geo":"","raw":"맛, 양, 배달 모두 만족합니다ㅎㅎ","polarity":{"com":0,"pos":0.6666666666666666,"neg":0.3333333333333333,"neut":0,"none":0},"intensity":{"high":0,"low":0,"meium":1,"none":0},"expressive":{"dir-action":0,"dir-explicit":0.3333333333333333,"dir-speech":0.6666666666666666,"indirect":0,"writing-device":0}},{"id":"트윈파닭","permalink":"","username":"asdfg","text":"다 괜찮게 맛있게먹었습니다~","date":"Mon Dec 10 23:59:44 +0000 2018","retweets":"30","favorites":"20","mentions":[],"hashtags":[],"geo":"","raw":"다 괜찮게 맛있게먹었습니다~","polarity":{"com":0,"pos":0.34920634899999997,"neg":0.5555555556666666,"neut":0,"none":0.09523809533333333},"intensity":{"high":0.13227513228924162,"low":0.07407407397530864,"meium":0.6984126984338624,"none":0.09523809530158729},"expressive":{"dir-action":0,"dir-explicit":0.21693121692768957,"dir-speech":0.6878306877707231,"indirect":0,"writing-device":0.09523809530158729}},{"id":"트윈파닭","permalink":"","username":"asdfg","text":"배달은 조끔 시간이 걸리지만 양도 많고 맛도 있어요!\n음료수 서비스로 주셨네요. 감사합니다~!\n다음에도 또 시킬게요!","date":"Mon Dec 10 23:59:44 +0000 2018","retweets":"30","favorites":"20","mentions":[],"hashtags":[],"geo":"","raw":"배달은 조끔 시간이 걸리지만 양도 많고 맛도 있어요!\n음료수 서비스로 주셨네요. 감사합니다~!\n다음에도 또 시킬게요!","polarity":{"com":0.0014610389090909091,"pos":0.5268068887272728,"neg":0.3822275550909091,"neut":0.008498023727272729,"none":0.08100649354545456},"intensity":{"high":0.1543972331958543,"low":0.12593167701144833,"meium":0.6386645962398786,"none":0.08100649355281878},"expressive":{"dir-action":0,"dir-explicit":0.15035290790909092,"dir-speech":0.48388622245454543,"indirect":0.2854037267272727,"writing-device":0.08035714290909092}},{"id":"트윈파닭","permalink":"","username":"asdfg","text":"다먹어서 사진을 못찍었는데 진짜 맛있어요 파채도 양짱많고 조긍 아쉬운건 후라이드에 찍어먹을 소금이나 소스가 없고 파채 소스가 부족했어요ㅜㅜ 그리고 파도조금 매웠어용!! 그래도 치킨이 맛있었으니 만족합니당","date":"Mon Dec 10 23:59:44 +0000 2018","retweets":"30","favorites":"20","mentions":[],"hashtags":[],"geo":"","raw":"다먹어서 사진을 못찍었는데 진짜 맛있어요 파채도 양짱많고 조긍 아쉬운건 후라이드에 찍어먹을 소금이나 소스가 없고 파채 소스가 부족했어요ㅜㅜ 그리고 파도조금 매웠어용!! 그래도 치킨이 맛있었으니 만족합니당","polarity":{"com":0.031203265731253114,"pos":0.3433508368437766,"neg":0.5046628088996892,"neut":0.09009117699399392,"none":0.030691911531287204},"intensity":{"high":0.12037251554135812,"low":0.09374367440624957,"meium":0.7541596054502773,"none":0.03172420460211494},"expressive":{"dir-action":0.0007237932666666666,"dir-explicit":0.3387442498666667,"dir-speech":0.3510604780666666,"indirect":0.2784858815333333,"writing-device":0.030985597266666665}},{"id":"트윈파닭","permalink":"","username":"asdfg","text":"맛있어요~~~~~~","date":"Mon Dec 10 23:59:44 +0000 2018","retweets":"30","favorites":"20","mentions":[],"hashtags":[],"geo":"","raw":"맛있어요~~~~~~","polarity":{"com":0,"pos":0,"neg":1,"neut":0,"none":0},"intensity":{"high":0,"low":0,"meium":1,"none":0},"expressive":{"dir-action":0,"dir-explicit":0,"dir-speech":1,"indirect":0,"writing-device":0}},{"id":"트윈파닭","permalink":"","username":"asdfg","text":"와 너무 미지근하네요..\n동네방네 다 돌고왔는지..\n너무합니다.","date":"Mon Dec 10 23:59:44 +0000 2018","retweets":"30","favorites":"20","mentions":[],"hashtags":[],"geo":"","raw":"와 너무 미지근하네요..\n동네방네 다 돌고왔는지..\n너무합니다.","polarity":{"com":0.051623051666666656,"pos":0.49495924499999994,"neg":0.28914628899999995,"neut":0.11264836266666665,"none":0.051623051666666656},"intensity":{"high":0.1618761619730206,"low":0.08544258548575957,"meium":0.7005577003832403,"none":0.052123552157979404},"expressive":{"dir-action":0.0005005004998331665,"dir-explicit":0.38538538520487153,"dir-speech":0.312634062729122,"indirect":0.24935649941688118,"writing-device":0.052123552149292145}},{"id":"트윈파닭","permalink":"","username":"asdfg","text":"늘 잘먹고 있습니당ㅇ.ㅇ!!!","date":"Mon Dec 10 23:59:44 +0000 2018","retweets":"30","favorites":"20","mentions":[],"hashtags":[],"geo":"","raw":"늘 잘먹고 있습니당ㅇ.ㅇ!!!","polarity":{"com":0,"pos":0.7142857147142857,"neg":0.21428571421428572,"neut":0.07142857107142857,"none":0},"intensity":{"high":0,"low":0.214285714,"meium":0.785714286,"none":0},"expressive":{"dir-action":0,"dir-explicit":0.214285714,"dir-speech":0.142857143,"indirect":0.642857143,"writing-device":0}},{"id":"트윈파닭","permalink":"","username":"asdfg","text":"양도많고 맛있어요!!!!","date":"Mon Dec 10 23:59:44 +0000 2018","retweets":"30","favorites":"20","mentions":[],"hashtags":[],"geo":"","raw":"양도많고 맛있어요!!!!","polarity":{"com":0,"pos":0.195652174,"neg":0.7826086955,"neut":0.0217391305,"none":0},"intensity":{"high":0.1304347825652174,"low":0.10869565205434782,"meium":0.7608695653804347,"none":0},"expressive":{"dir-action":0,"dir-explicit":0.2608695651304348,"dir-speech":0.6086956523043479,"indirect":0.1304347825652174,"writing-device":0}},{"id":"트윈파닭","permalink":"","username":"asdfg","text":"남기지않고 싹싹 다먹었어요! \n서비스로 사이다도 감사합니다!!","date":"Mon Dec 10 23:59:44 +0000 2018","retweets":"30","favorites":"20","mentions":[],"hashtags":[],"geo":"","raw":"남기지않고 싹싹 다먹었어요! \n서비스로 사이다도 감사합니다!!","polarity":{"com":0.006624424,"pos":0.6111751150000001,"neg":0.17031490025000004,"neut":0.024539170500000006,"none":0.18734639025000002},"intensity":{"high":0.14208909371447773,"low":0.30760368642309904,"meium":0.3624231951593942,"none":0.18788402470302898},"expressive":{"dir-action":0.0016129032491935483,"dir-explicit":0.23206605238396696,"dir-speech":0.22008448538995773,"indirect":0.36067588306966203,"writing-device":0.18556067590721964}},{"id":"트윈파닭","permalink":"","username":"asdfg","text":"예전에 시켜먹고 맛있어서 다시시켰는데 역시 맛있네요 ㅎㅎ","date":"Mon Dec 10 23:59:44 +0000 2018","retweets":"30","favorites":"20","mentions":[],"hashtags":[],"geo":"","raw":"예전에 시켜먹고 맛있어서 다시시켰는데 역시 맛있네요 ㅎㅎ","polarity":{"com":0,"pos":0.4476190474895238,"neg":0.3904761906780952,"neut":0.06666666661333334,"none":0.09523809521904762},"intensity":{"high":0.050793650810158734,"low":0.11111111102222222,"meium":0.7428571429485714,"none":0.09523809521904762},"expressive":{"dir-action":0,"dir-explicit":0.13968253962793653,"dir-speech":0.5650793651130158,"indirect":0.20000000004000001,"writing-device":0.09523809521904762}},{"id":"트윈파닭","permalink":"","username":"asdfg","text":"파닭은 트윈파닭~!!!","date":"Mon Dec 10 23:59:44 +0000 2018","retweets":"30","favorites":"20","mentions":[],"hashtags":[],"geo":"","raw":"파닭은 트윈파닭~!!!","polarity":{"com":0,"pos":1,"neg":0,"neut":0,"none":0},"intensity":{"high":0,"low":0,"meium":1,"none":0},"expressive":{"dir-action":0,"dir-explicit":0,"dir-speech":0,"indirect":1,"writing-device":0}},{"id":"트윈파닭","permalink":"","username":"asdfg","text":"잘먹었어어요요요료용ㅇ","date":"Mon Dec 10 23:59:44 +0000 2018","retweets":"30","favorites":"20","mentions":[],"hashtags":[],"geo":"","raw":"잘먹었어어요요요료용ㅇ","polarity":{"com":0,"pos":0.7142857147142857,"neg":0.21428571421428572,"neut":0.07142857107142857,"none":0},"intensity":{"high":0,"low":0.214285714,"meium":0.785714286,"none":0},"expressive":{"dir-action":0,"dir-explicit":0.214285714,"dir-speech":0.142857143,"indirect":0.642857143,"writing-device":0}},{"id":"트윈파닭","permalink":"","username":"asdfg","text":"가격대비 양도많고 맛도있고 강추합니다!!\n파채 따로주시는건 진짜 감사합니다ㅎㅎ","date":"Mon Dec 10 23:59:44 +0000 2018","retweets":"30","favorites":"20","mentions":[],"hashtags":[],"geo":"","raw":"가격대비 양도많고 맛도있고 강추합니다!!\n파채 따로주시는건 진짜 감사합니다ㅎㅎ","polarity":{"com":0.0035354262504419275,"pos":0.5705224264463153,"neg":0.19831954464978993,"neut":0.15728770126966093,"none":0.07033490138379186},"intensity":{"high":0.18463042502307878,"low":0.07814837538476853,"meium":0.6666174809583272,"none":0.07060371863382546},"expressive":{"dir-action":0.0008064516251008064,"dir-explicit":0.14885954439360743,"dir-speech":0.5480048463185005,"indirect":0.23001012927875128,"writing-device":0.07231902838403986}},{"id":"트윈파닭","permalink":"","username":"asdfg","text":"늘 맛있게 먹고 있습키당","date":"Mon Dec 10 23:59:44 +0000 2018","retweets":"30","favorites":"20","mentions":[],"hashtags":[],"geo":"","raw":"늘 맛있게 먹고 있습키당","polarity":{"com":0,"pos":0.1666666665,"neg":0.8333333334999999,"neut":0,"none":0},"intensity":{"high":0.0555555555,"low":0.111111111,"meium":0.8333333334999999,"none":0},"expressive":{"dir-action":0,"dir-explicit":0.111111111,"dir-speech":0.888888889,"indirect":0,"writing-device":0}},{"id":"트윈파닭","permalink":"","username":"asdfg","text":"간장치킨 두개먹고 버림  양념치킨 그나마 먹을만함\n한번에는 다 못먹음. 돈 아깝다는 생각이듭니다.","date":"Mon Dec 10 23:59:44 +0000 2018","retweets":"30","favorites":"20","mentions":[],"hashtags":[],"geo":"","raw":"간장치킨 두개먹고 버림  양념치킨 그나마 먹을만함\n한번에는 다 못먹음. 돈 아깝다는 생각이듭니다.","polarity":{"com":0.02020202022446689,"pos":0.32862353692540264,"neg":0.38556196904284024,"neut":0.13558201057062022,"none":0.13003046323667003},"intensity":{"high":0.10930735924651275,"low":0.08144941468476653,"meium":0.6792127628176029,"none":0.13003046325111786},"expressive":{"dir-action":0,"dir-explicit":0.2696007696666667,"dir-speech":0.33347362522222224,"indirect":0.2651314734444445,"writing-device":0.13179413166666665}},{"id":"트윈파닭","permalink":"","username":"asdfg","text":"배달은 보통 소수인원이 여러 주문을 처리하는 것을 알기에 주문자는 미리 주문하는 센스가 필요합니다","date":"Mon Dec 10 23:59:44 +0000 2018","retweets":"30","favorites":"20","mentions":[],"hashtags":[],"geo":"","raw":"배달은 보통 소수인원이 여러 주문을 처리하는 것을 알기에 주문자는 미리 주문하는 센스가 필요합니다","polarity":{"com":0.00308370040030837,"pos":0.5568018959556802,"neg":0.32093347073209333,"neut":0.10601554161060155,"none":0.013165391301316538},"intensity":{"high":0.026790768700000002,"low":0.05803987559999999,"meium":0.9015634358,"none":0.0136059199},"expressive":{"dir-action":0.00044052860004405273,"dir-explicit":0.3594566205359456,"dir-speech":0.41583349304158335,"indirect":0.20907613632090757,"writing-device":0.015193221501519317}},{"id":"트윈파닭","permalink":"","username":"asdfg","text":"너무맛잇어요ㅎㅎㅎㅎ","date":"Mon Dec 10 23:59:44 +0000 2018","retweets":"30","favorites":"20","mentions":[],"hashtags":[],"geo":"","raw":"너무맛잇어요ㅎㅎㅎㅎ","polarity":{"com":0.142857143,"pos":0.142857143,"neg":0.714285714,"neut":0,"none":0},"intensity":{"high":0.142857143,"low":0.142857143,"meium":0.714285714,"none":0},"expressive":{"dir-action":0,"dir-explicit":0.5714285710000001,"dir-speech":0.28571428600000004,"indirect":0.14285714300000002,"writing-device":0}},{"id":"트윈파닭","permalink":"","username":"asdfg","text":"정말 잘먹었습니다.","date":"Mon Dec 10 23:59:44 +0000 2018","retweets":"30","favorites":"20","mentions":[],"hashtags":[],"geo":"","raw":"정말 잘먹었습니다.","polarity":{"com":0,"pos":0.5416666665000001,"neg":0.3333333335,"neut":0,"none":0.125},"intensity":{"high":0.3055555555,"low":0.111111111,"meium":0.4583333335,"none":0.125},"expressive":{"dir-action":0,"dir-explicit":0.361111111,"dir-speech":0.513888889,"indirect":0,"writing-device":0.125}},{"id":"트윈파닭","permalink":"","username":"asdfg","text":"정말 맛있어요.","date":"Mon Dec 10 23:59:44 +0000 2018","retweets":"30","favorites":"20","mentions":[],"hashtags":[],"geo":"","raw":"정말 맛있어요.","polarity":{"com":0,"pos":0.75,"neg":0,"neut":0,"none":0.25},"intensity":{"high":0.5,"low":0,"meium":0.25,"none":0.25},"expressive":{"dir-action":0,"dir-explicit":0.5,"dir-speech":0.25,"indirect":0,"writing-device":0.25}},{"id":"트윈파닭","permalink":"","username":"asdfg","text":"맛있어요!!!!!\n배부른데 계속먹어요 ㅠㅠㅋㅋㅋㅋ\n번창하세요!!","date":"Mon Dec 10 23:59:44 +0000 2018","retweets":"30","favorites":"20","mentions":[],"hashtags":[],"geo":"","raw":"맛있어요!!!!!\n배부른데 계속먹어요 ㅠㅠㅋㅋㅋㅋ\n번창하세요!!","polarity":{"com":0,"pos":0.27777777766666667,"neg":0.6111111113333333,"neut":0,"none":0.111111111},"intensity":{"high":0.09259259266666665,"low":0.074074074,"meium":0.7222222223333333,"none":0.111111111},"expressive":{"dir-action":0,"dir-explicit":0.074074074,"dir-speech":0.6481481483333332,"indirect":0.16666666666666666,"writing-device":0.111111111}},{"id":"트윈파닭","permalink":"","username":"asdfg","text":"파닭은 트윈파닭이 짱인 것 같아요. 그냥 치킨 자체만 먹어도 맛있어요!","date":"Mon Dec 10 23:59:44 +0000 2018","retweets":"30","favorites":"20","mentions":[],"hashtags":[],"geo":"","raw":"파닭은 트윈파닭이 짱인 것 같아요. 그냥 치킨 자체만 먹어도 맛있어요!","polarity":{"com":0.0032679738566760035,"pos":0.3537900008066014,"neg":0.5202020202113997,"neut":0.02605890842484873,"none":0.09668109670047412},"intensity":{"high":0.018207282859743896,"low":0.011671335144524477,"meium":0.8734402852676344,"none":0.0966810967280973},"expressive":{"dir-action":0,"dir-explicit":0.09871827527161166,"dir-speech":0.4834903657880728,"indirect":0.3183091418116701,"writing-device":0.09948221712864537}},{"id":"트윈파닭","permalink":"","username":"asdfg","text":"비도오는데 배송도 빨랐고\n무엇보다 이집 맛있네요..^^","date":"Mon Dec 10 23:59:44 +0000 2018","retweets":"30","favorites":"20","mentions":[],"hashtags":[],"geo":"","raw":"비도오는데 배송도 빨랐고\n무엇보다 이집 맛있네요..^^","polarity":{"com":0.06996753248250812,"pos":0.39448051940137985,"neg":0.22987012994253248,"neut":0.12857142846785713,"none":0.17711038970572238},"intensity":{"high":0.10389610397402596,"low":0.07023809523244047,"meium":0.626028138343493,"none":0.1998376624500406},"expressive":{"dir-action":0,"dir-explicit":0.1146103896926948,"dir-speech":0.518181817990909,"indirect":0.16915584416542206,"writing-device":0.19805194815097402}},{"id":"트윈파닭","permalink":"","username":"asdfg","text":"치킨 잘 안먹는 저희 엄마가 신이 내린 치킨이라고 엄청 좋아하셨네요 축구는 비록 져서 화났지만 치킨이 맛있어서 엄마의 분노가 사그라들었습니다 감사합니다","date":"Mon Dec 10 23:59:44 +0000 2018","retweets":"30","favorites":"20","mentions":[],"hashtags":[],"geo":"","raw":"치킨 잘 안먹는 저희 엄마가 신이 내린 치킨이라고 엄청 좋아하셨네요 축구는 비록 져서 화났지만 치킨이 맛있어서 엄마의 분노가 사그라들었습니다 감사합니다","polarity":{"com":0.02530940175632735,"pos":0.3763126395940782,"neg":0.515877386295636,"neut":0.05663408284749184,"none":0.025866489506466615},"intensity":{"high":0.16328069402721346,"low":0.07403842584567306,"meium":0.7364472834560746,"none":0.02623359667103893},"expressive":{"dir-action":0.0003671071666972589,"dir-explicit":0.34119186102843263,"dir-speech":0.4292624539524385,"indirect":0.19998824293333237,"writing-device":0.029190334919099194}},{"id":"트윈파닭","permalink":"","username":"asdfg","text":"맛있네요......,","date":"Mon Dec 10 23:59:44 +0000 2018","retweets":"30","favorites":"20","mentions":[],"hashtags":[],"geo":"","raw":"맛있네요......,","polarity":{"com":0,"pos":0,"neg":1,"neut":0,"none":0},"intensity":{"high":0,"low":0,"meium":1,"none":0},"expressive":{"dir-action":0,"dir-explicit":0,"dir-speech":1,"indirect":0,"writing-device":0}},{"id":"트윈파닭","permalink":"","username":"asdfg","text":"맛있어용 이번엔 배달 빨라서 죻아싸용 💕","date":"Mon Dec 10 23:59:44 +0000 2018","retweets":"30","favorites":"20","mentions":[],"hashtags":[],"geo":"","raw":"맛있어용 이번엔 배달 빨라서 죻아싸용 💕","polarity":{"com":0,"pos":0.32936507933234127,"neg":0.626984127156746,"neut":0.023809523755952376,"none":0.019841269754960318},"intensity":{"high":0.007936508000000002,"low":0.14285714275000003,"meium":0.8293650795,"none":0.019841269750000005},"expressive":{"dir-action":0,"dir-explicit":0.28968253975,"dir-speech":0.41666666674999997,"indirect":0.26984126975,"writing-device":0.02380952375}},{"id":"트윈파닭","permalink":"","username":"asdfg","text":"회사에서 시켜먹을때 늘 여기서 먹어요\n다들 맛있다고 여기만 찾네여 ㅋㅋ","date":"Mon Dec 10 23:59:44 +0000 2018","retweets":"30","favorites":"20","mentions":[],"hashtags":[],"geo":"","raw":"회사에서 시켜먹을때 늘 여기서 먹어요\n다들 맛있다고 여기만 찾네여 ㅋㅋ","polarity":{"com":0,"pos":0.4680735929414908,"neg":0.4621212121922348,"neut":0.03409090912073864,"none":0.035714285745535715},"intensity":{"high":0.11056998561117873,"low":0.10750360748656204,"meium":0.7462121211567235,"none":0.035714285745535715},"expressive":{"dir-action":0,"dir-explicit":0.14971139973128608,"dir-speech":0.725288600284339,"indirect":0.08928571423883928,"writing-device":0.035714285745535715}},{"id":"트윈파닭","permalink":"","username":"asdfg","text":"배달도빠르고 맛있게 잘 먹었어요","date":"Mon Dec 10 23:59:44 +0000 2018","retweets":"30","favorites":"20","mentions":[],"hashtags":[],"geo":"","raw":"배달도빠르고 맛있게 잘 먹었어요","polarity":{"com":0,"pos":0.6785714286696428,"neg":0.30357142857589287,"neut":0.017857142754464286,"none":0},"intensity":{"high":0,"low":0.13690476175,"meium":0.86309523825,"none":0},"expressive":{"dir-action":0,"dir-explicit":0.0535714285,"dir-speech":0.53571428575,"indirect":0.41071428575,"writing-device":0}},{"id":"트윈파닭","permalink":"","username":"asdfg","text":"처음시켰는데 맛있고 양고많았어요 근데 양념치킨들이 거의 다 맛이 비슷 ㅜ","date":"Mon Dec 10 23:59:44 +0000 2018","retweets":"30","favorites":"20","mentions":[],"hashtags":[],"geo":"","raw":"처음시켰는데 맛있고 양고많았어요 근데 양념치킨들이 거의 다 맛이 비슷 ㅜ","polarity":{"com":0.041353383486215534,"pos":0.5013076168328975,"neg":0.36989212154336926,"neut":0.016018306661327232,"none":0.07142857147619047},"intensity":{"high":0.09109730850000003,"low":0.23798627000000006,"meium":0.5994878499999999,"none":0.07142857150000001},"expressive":{"dir-action":0,"dir-explicit":0.22354800046274198,"dir-speech":0.6201917837299681,"indirect":0.0848316443191947,"writing-device":0.07142857148809524}},{"id":"트윈파닭","permalink":"","username":"asdfg","text":"배달 진짜 늦네요..맛있어서 참습니다..","date":"Mon Dec 10 23:59:44 +0000 2018","retweets":"30","favorites":"20","mentions":[],"hashtags":[],"geo":"","raw":"배달 진짜 늦네요..맛있어서 참습니다..","polarity":{"com":0,"pos":0.5,"neg":0.5,"neut":0,"none":0},"intensity":{"high":0,"low":0,"meium":1,"none":0},"expressive":{"dir-action":0,"dir-explicit":0,"dir-speech":0.75,"indirect":0.25,"writing-device":0}},{"id":"트윈파닭","permalink":"","username":"asdfg","text":"모텔에서 시켰는데 젓가락 안주셨네요...맛은..그럭저럭합니다","date":"Mon Dec 10 23:59:44 +0000 2018","retweets":"30","favorites":"20","mentions":[],"hashtags":[],"geo":"","raw":"모텔에서 시켰는데 젓가락 안주셨네요...맛은..그럭저럭합니다","polarity":{"com":0.0057471265,"pos":0.66091954,"neg":0.2011494255,"neut":0.0344827585,"none":0.0977011495},"intensity":{"high":0.05747126447126437,"low":0.0632183909683908,"meium":0.775862068612069,"none":0.10344827594827587},"expressive":{"dir-action":0.005747126502873563,"dir-explicit":0.08045977004022989,"dir-speech":0.7068965518534482,"indirect":0.09195402304597701,"writing-device":0.11494252855747127}},{"id":"트윈파닭","permalink":"","username":"asdfg","text":"비려요.. 두조각 먹엇네요","date":"Mon Dec 10 23:59:44 +0000 2018","retweets":"30","favorites":"20","mentions":[],"hashtags":[],"geo":"","raw":"비려요.. 두조각 먹엇네요","polarity":{"com":null,"pos":null,"neg":null,"neut":null,"none":null},"intensity":{"high":null,"low":null,"meium":null,"none":null},"expressive":{"dir-action":null,"dir-explicit":null,"dir-speech":null,"indirect":null,"writing-device":null}},{"id":"트윈파닭","permalink":"","username":"asdfg","text":"ㅎ","date":"Mon Dec 10 23:59:44 +0000 2018","retweets":"30","favorites":"20","mentions":[],"hashtags":[],"geo":"","raw":"ㅎㅎㅎㅎㅎㅎㅎㅎㅎㅎㅎㅎ","polarity":{"com":null,"pos":null,"neg":null,"neut":null,"none":null},"intensity":{"high":null,"low":null,"meium":null,"none":null},"expressive":{"dir-action":null,"dir-explicit":null,"dir-speech":null,"indirect":null,"writing-device":null}},{"id":"트윈파닭","permalink":"","username":"asdfg","text":"ㅎ","date":"Mon Dec 10 23:59:44 +0000 2018","retweets":"30","favorites":"20","mentions":[],"hashtags":[],"geo":"","raw":"ㅎㅎㅎㅎㅎㅎㅎㅎㅎㅎㅎㅎ","polarity":{"com":null,"pos":null,"neg":null,"neut":null,"none":null},"intensity":{"high":null,"low":null,"meium":null,"none":null},"expressive":{"dir-action":null,"dir-explicit":null,"dir-speech":null,"indirect":null,"writing-device":null}},{"id":"트윈파닭","permalink":"","username":"asdfg","text":"배달은 늦지만 맛과 양은 최곱니다","date":"Mon Dec 10 23:59:44 +0000 2018","retweets":"30","favorites":"20","mentions":[],"hashtags":[],"geo":"","raw":"배달은 늦지만 맛과 양은 최곱니다","polarity":{"com":0,"pos":0.6666666666666666,"neg":0.3333333333333333,"neut":0,"none":0},"intensity":{"high":0,"low":0,"meium":1,"none":0},"expressive":{"dir-action":0,"dir-explicit":0,"dir-speech":0.6666666666666666,"indirect":0.3333333333333333,"writing-device":0}},{"id":"트윈파닭","permalink":"","username":"asdfg","text":"ㅎ","date":"Mon Dec 10 23:59:44 +0000 2018","retweets":"30","favorites":"20","mentions":[],"hashtags":[],"geo":"","raw":"ㅎㅎㅎㅎㅎㅎㅎㅎㅎㅎㅎㅎㅎㅎ","polarity":{"com":null,"pos":null,"neg":null,"neut":null,"none":null},"intensity":{"high":null,"low":null,"meium":null,"none":null},"expressive":{"dir-action":null,"dir-explicit":null,"dir-speech":null,"indirect":null,"writing-device":null}},{"id":"트윈파닭","permalink":"","username":"asdfg","text":"양 많고 자극적이지 않아요 파닭은 자극적인걸 좋아해서 막 맛있고 하지는 않았어요 ㅎㅎ 그치만 많은 사람들이 괜찮다 할 맛이었어요","date":"Mon Dec 10 23:59:44 +0000 2018","retweets":"30","favorites":"20","mentions":[],"hashtags":[],"geo":"","raw":"양 많고 자극적이지 않아요 파닭은 자극적인걸 좋아해서 막 맛있고 하지는 않았어요 ㅎㅎ 그치만 많은 사람들이 괜찮다 할 맛이었어요","polarity":{"com":0.03350612275558436,"pos":0.4280420974046737,"neg":0.35555337422592553,"neut":0.0703557758450593,"none":0.1125426297687571},"intensity":{"high":0.07333055983944421,"low":0.1185867374265489,"meium":0.6936243641411354,"none":0.11445833859287151},"expressive":{"dir-action":0.0019157088338122602,"dir-explicit":0.17247324237645167,"dir-speech":0.5311069327161101,"indirect":0.17376038696010676,"writing-device":0.12074372911351924}},{"id":"트윈파닭","permalink":"","username":"asdfg","text":"최근 댓글이 죄다 저인거 같은건 기분탓...?","date":"Mon Dec 10 23:59:44 +0000 2018","retweets":"30","favorites":"20","mentions":[],"hashtags":[],"geo":"","raw":"최근 댓글이 죄다 저인거 같은건 기분탓...?","polarity":{"com":0,"pos":0.4305555555,"neg":0.48611111116666667,"neut":0.08333333333333333,"none":0},"intensity":{"high":0.20833333333333334,"low":0.0555555555,"meium":0.7361111111666666,"none":0},"expressive":{"dir-action":0.08333333333333333,"dir-explicit":0.125,"dir-speech":0.375,"indirect":0.25,"writing-device":0.16666666666666666}},{"id":"트윈파닭","permalink":"","username":"asdfg","text":"최근글이 거의 제꺼인듯함..\n늘 맛잇어서 1~2주마다 사먹는듯 하네요 ㅎㅎ","date":"Mon Dec 10 23:59:44 +0000 2018","retweets":"30","favorites":"20","mentions":[],"hashtags":[],"geo":"","raw":"최근글이 거의 제꺼인듯함..\n늘 맛잇어서 1~2주마다 사먹는듯 하네요 ㅎㅎ","polarity":{"com":0.014223113499999999,"pos":0.72206625075,"neg":0.19797979799999998,"neut":0.0114379085,"none":0.05429292925},"intensity":{"high":0.046613190630826654,"low":0.0730912061341364,"meium":0.8260026739782503,"none":0.054292929256786616},"expressive":{"dir-action":0,"dir-explicit":0.36971182425000004,"dir-speech":0.29085710037500007,"indirect":0.28268716575,"writing-device":0.056743909625000005}},{"id":"트윈파닭","permalink":"","username":"asdfg","text":"맛있어용!!!! 일하는곳에서 자주시켜먹네요 ㅎ","date":"Mon Dec 10 23:59:44 +0000 2018","retweets":"30","favorites":"20","mentions":[],"hashtags":[],"geo":"","raw":"맛있어용!!!! 일하는곳에서 자주시켜먹네요 ㅎ","polarity":{"com":0.04166666673958333,"pos":0.4583333331354167,"neg":0.4583333333854166,"neut":0.04166666673958333,"none":0},"intensity":{"high":0.0694444445,"low":0.3055555555,"meium":0.625,"none":0},"expressive":{"dir-action":0,"dir-explicit":0.1805555555,"dir-speech":0.8194444445,"indirect":0,"writing-device":0}},{"id":"트윈파닭","permalink":"","username":"asdfg","text":"양 대박 맛있게 먹었어요","date":"Mon Dec 10 23:59:44 +0000 2018","retweets":"30","favorites":"20","mentions":[],"hashtags":[],"geo":"","raw":"양 대박 맛있게 먹었어요","polarity":{"com":0,"pos":0.1666666665,"neg":0.8333333334999999,"neut":0,"none":0},"intensity":{"high":0.0555555555,"low":0.111111111,"meium":0.8333333334999999,"none":0},"expressive":{"dir-action":0,"dir-explicit":0.111111111,"dir-speech":0.888888889,"indirect":0,"writing-device":0}},{"id":"트윈파닭","permalink":"","username":"asdfg","text":"파도 많이 주셨고 맛있어요 ㅎㅎ","date":"Mon Dec 10 23:59:44 +0000 2018","retweets":"30","favorites":"20","mentions":[],"hashtags":[],"geo":"","raw":"파도 많이 주셨고 맛있어요 ㅎㅎ","polarity":{"com":0,"pos":0.1666666665,"neg":0.7777777779999999,"neut":0.0555555555,"none":0},"intensity":{"high":0,"low":0.277777778,"meium":0.722222222,"none":0},"expressive":{"dir-action":0,"dir-explicit":0.111111111,"dir-speech":0.7777777779999999,"indirect":0.111111111,"writing-device":0}},{"id":"트윈파닭","permalink":"","username":"asdfg","text":"너무너무 맛있어요 특히 카레랑 칠리 매력있는맛!!!!","date":"Mon Dec 10 23:59:44 +0000 2018","retweets":"30","favorites":"20","mentions":[],"hashtags":[],"geo":"","raw":"너무너무 맛있어요 특히 카레랑 칠리 매력있는맛!!!!","polarity":{"com":0,"pos":0.525,"neg":0.275,"neut":0.0125,"none":0.1875},"intensity":{"high":0.05,"low":0.0125,"meium":0.75,"none":0.1875},"expressive":{"dir-action":0,"dir-explicit":0.025,"dir-speech":0.5125,"indirect":0.2875,"writing-device":0.175}},{"id":"트윈파닭","permalink":"","username":"asdfg","text":"제일 어이없는 집. 배달이 힘들어서 못한다고 연락을 줘야하는거아닌가? 한시간 넘게 기다리다가 너무 안와서 전화하니까 안된다고 함 기다리는사람 엿먹이는것도 아니고 양해구하는 전화가 있었으면 이렇게 화도 안나지 그따위로 장사하지마세요","date":"Mon Dec 10 23:59:44 +0000 2018","retweets":"30","favorites":"20","mentions":[],"hashtags":[],"geo":"","raw":"제일 어이없는 집. 배달이 힘들어서 못한다고 연락을 줘야하는거아닌가? 한시간 넘게 기다리다가 너무 안와서 전화하니까 안된다고 함 기다리는사람 엿먹이는것도 아니고 양해구하는 전화가 있었으면 이렇게 화도 안나지 그따위로 장사하지마세요","polarity":{"com":0.011212587125,"pos":0.4561721830833334,"neg":0.40407079,"neut":0.048911502875000006,"none":0.07963293691666666},"intensity":{"high":0.059890313617513714,"low":0.09441528432153143,"meium":0.7660462558625776,"none":0.07964814619837733},"expressive":{"dir-action":0.0012266716251022227,"dir-explicit":0.1407015081367251,"dir-speech":0.35414495369617877,"indirect":0.39937344086661447,"writing-device":0.10455342567537947}},{"id":"트윈파닭","permalink":"","username":"asdfg","text":"모두 만점인데\n파가 매워여.... \n저 파닭 개조아해서\n치킨먹음 파닭만 시켜먹는데...\n파가 매워서 코가찡햇어욬ㅋㅋㅋㅋㅋㅋㅋ\n그런데 결론은 재주문 의사 있습니당 ㅎㅎㅎ\n그리고 카레치킨은 생각보다 맛있었어욬ㅋㅋㅋㅋㅋ\n카레치킨??모지 처음들어봐서 막해주는거아냐?? 이랫는데\n아니시더라구용 !!  번창하세욥","date":"Mon Dec 10 23:59:44 +0000 2018","retweets":"30","favorites":"20","mentions":[],"hashtags":[],"geo":"","raw":"모두 만점인데\n파가 매워여.... \n저 파닭 개조아해서\n치킨먹음 파닭만 시켜먹는데...\n파가 매워서 코가찡햇어욬ㅋㅋㅋㅋㅋㅋㅋ\n그런데 결론은 재주문 의사 있습니당 ㅎㅎㅎ\n그리고 카레치킨은 생각보다 맛있었어욬ㅋㅋㅋㅋㅋ\n카레치킨??모지 처음들어봐서 막해주는거아냐?? 이랫는데\n아니시더라구용 !!  번창하세욥","polarity":{"com":0.03563249472024264,"pos":0.4704758117516402,"neg":0.4049620311997244,"neut":0.023558160720913435,"none":0.06537150160747936},"intensity":{"high":0.10879096127777776,"low":0.06148189255555555,"meium":0.7620864417777777,"none":0.06764070438888889},"expressive":{"dir-action":0.0012771392222931742,"dir-explicit":0.24273681573570757,"dir-speech":0.35486324963082566,"indirect":0.30305277385016954,"writing-device":0.09807002156100388}},{"id":"트윈파닭","permalink":"","username":"asdfg","text":"여기 맛있어요 ㅎㅎ\n추천이요","date":"Mon Dec 10 23:59:44 +0000 2018","retweets":"30","favorites":"20","mentions":[],"hashtags":[],"geo":"","raw":"여기 맛있어요 ㅎㅎ\n추천이요","polarity":{"com":0,"pos":0.5833333334999999,"neg":0.25,"neut":0.1666666665,"none":0},"intensity":{"high":0.1666666665,"low":0,"meium":0.8333333334999999,"none":0},"expressive":{"dir-action":0,"dir-explicit":0.1666666665,"dir-speech":0.5,"indirect":0.3333333335,"writing-device":0}},{"id":"트윈파닭","permalink":"","username":"asdfg","text":"양이 괜찮고 맛있었는데 배달은 예정 시간보다 좀 늦게 왔어요..갈릭 하고 양념 순살 시켰는데 양념은 소스가 많이 들어가있었는데 갈릭은 소스가 별로 없었습니다.","date":"Mon Dec 10 23:59:44 +0000 2018","retweets":"30","favorites":"20","mentions":[],"hashtags":[],"geo":"","raw":"양이 괜찮고 맛있었는데 배달은 예정 시간보다 좀 늦게 왔어요..갈릭 하고 양념 순살 시켰는데 양념은 소스가 많이 들어가있었는데 갈릭은 소스가 별로 없었습니다.","polarity":{"com":0.006888931499999998,"pos":0.5698981214166666,"neg":0.33978847025,"neut":0.047932230749999985,"none":0.03549224608333333},"intensity":{"high":0.08233849183333335,"low":0.14539255008333335,"meium":0.7342657484166667,"none":0.03800320966666667},"expressive":{"dir-action":0.0009578544166666666,"dir-explicit":0.40283735975000007,"dir-speech":0.4239250694166667,"indirect":0.13148672266666667,"writing-device":0.040792993750000006}},{"id":"트윈파닭","permalink":"","username":"asdfg","text":"카레를첨시켜봤는데 맛있었어요 !! \n다들 맛있다구 해주시고 6개다 순살인줄알았는데 2개는 뼈있더라구여 ㅎㅎ \n그냥 아무렇지않게 잘 먹었습니다 ㅎ","date":"Mon Dec 10 23:59:44 +0000 2018","retweets":"30","favorites":"20","mentions":[],"hashtags":[],"geo":"","raw":"카레를첨시켜봤는데 맛있었어요 !! \n다들 맛있다구 해주시고 6개다 순살인줄알았는데 2개는 뼈있더라구여 ㅎㅎ \n그냥 아무렇지않게 잘 먹었습니다 ㅎ","polarity":{"com":0.006579671417763278,"pos":0.3276749561379458,"neg":0.5543917469257319,"neut":0.03855254408975875,"none":0.07280108142880017},"intensity":{"high":0.12093229556317794,"low":0.08490916048584846,"meium":0.7203996081299334,"none":0.07375893582104018},"expressive":{"dir-action":0.006649055248337736,"dir-explicit":0.20311067636588898,"dir-speech":0.5096646250392505,"indirect":0.19383771736820724,"writing-device":0.08673792597831552}},{"id":"트윈파닭","permalink":"","username":"asdfg","text":"시켜먹은치킨중최고 양도최고 친절 최고","date":"Mon Dec 10 23:59:44 +0000 2018","retweets":"30","favorites":"20","mentions":[],"hashtags":[],"geo":"","raw":"시켜먹은치킨중최고 양도최고 친절 최고","polarity":{"com":0,"pos":0.77777777775,"neg":0.22222222225000002,"neut":0,"none":0},"intensity":{"high":0.41666666675,"low":0.13888888875,"meium":0.44444444450000004,"none":0},"expressive":{"dir-action":0,"dir-explicit":0.22222222225,"dir-speech":0.27777777775,"indirect":0.5,"writing-device":0}},{"id":"트윈파닭","permalink":"","username":"asdfg","text":"너무 맛있었습니다!","date":"Mon Dec 10 23:59:44 +0000 2018","retweets":"30","favorites":"20","mentions":[],"hashtags":[],"geo":"","raw":"너무 맛있었습니다!","polarity":{"com":0.142857143,"pos":0.142857143,"neg":0.714285714,"neut":0,"none":0},"intensity":{"high":0.142857143,"low":0.142857143,"meium":0.714285714,"none":0},"expressive":{"dir-action":0,"dir-explicit":0.5714285710000001,"dir-speech":0.28571428600000004,"indirect":0.14285714300000002,"writing-device":0}},{"id":"트윈파닭","permalink":"","username":"asdfg","text":"넘나맛있어요 역시 트윈파닭","date":"Mon Dec 10 23:59:44 +0000 2018","retweets":"30","favorites":"20","mentions":[],"hashtags":[],"geo":"","raw":"넘나맛있어요 역시 트윈파닭","polarity":{"com":0,"pos":0.3333333333333333,"neg":0.500000000125,"neut":0.08333333327083332,"none":0.08333333327083332},"intensity":{"high":0.08333333327083332,"low":0.2500000000625,"meium":0.5833333333958333,"none":0.08333333327083332},"expressive":{"dir-action":0,"dir-explicit":0.16666666658333332,"dir-speech":0.4166666667083333,"indirect":0.33333333341666666,"writing-device":0.08333333329166666}},{"id":"트윈파닭","permalink":"","username":"asdfg","text":"영업시간 확인 후 시간내에 터치주문 했더니 요기요에서 돈떼어먹는다고 알아서 취소하시더라고요. 저는 문을 닫은건가 생각하고 혹시나 전화했더니, 터치주문 받으면 남는게 없다. 뭐 이거하나팔면 얼마들어온다. 그래서 취소한거다. 이렇게 얘기하시더라고요. 그래요 남는장사 하시는게 좋으시겠죠. 근데 그럴거면 요기요를 왜 이용하시는건지 궁금하네요. 그리고 저는 음식을 먹기위해 이 기능을 사용해서 주문한건데 얼마 받으니 취소했다 이런 것까지 신경 써야되는지 의문이 드네요. 거기다가 다시 전화해서 그냥 주문할까요라는 말을 제가 했더니 ＂그럼 어떤걸로 갔다드릴까요 아까 뭐 주문하셨죠?＂ 이러더라고요. 그냥 터치주문 뜨면 뭘시켰는지도 안보고 바로 취소해버리시나보네요. 요기요 시스템을 이용하면서 수수료 나온다고 손님 주문을 일방적으로 취소하는 행동이 옳지 않은 것 같네요. 음식은 맛있었지만 주문관련된 행동에서 많이 기분이 좋지 않았습니다. 요기요를 이용해 홍보 효과 까지 보시면서 이렇게 행동하신점 다시한번 생각해보시길 바랍니다.","date":"Mon Dec 10 23:59:44 +0000 2018","retweets":"30","favorites":"20","mentions":[],"hashtags":[],"geo":"","raw":"영업시간 확인 후 시간내에 터치주문 했더니 요기요에서 돈떼어먹는다고 알아서 취소하시더라고요. 저는 문을 닫은건가 생각하고 혹시나 전화했더니, 터치주문 받으면 남는게 없다. 뭐 이거하나팔면 얼마들어온다. 그래서 취소한거다. 이렇게 얘기하시더라고요. 그래요 남는장사 하시는게 좋으시겠죠. 근데 그럴거면 요기요를 왜 이용하시는건지 궁금하네요. 그리고 저는 음식을 먹기위해 이 기능을 사용해서 주문한건데 얼마 받으니 취소했다 이런 것까지 신경 써야되는지 의문이 드네요. 거기다가 다시 전화해서 그냥 주문할까요라는 말을 제가 했더니 ＂그럼 어떤걸로 갔다드릴까요 아까 뭐 주문하셨죠?＂ 이러더라고요. 그냥 터치주문 뜨면 뭘시켰는지도 안보고 바로 취소해버리시나보네요. 요기요 시스템을 이용하면서 수수료 나온다고 손님 주문을 일방적으로 취소하는 행동이 옳지 않은 것 같네요. 음식은 맛있었지만 주문관련된 행동에서 많이 기분이 좋지 않았습니다. 요기요를 이용해 홍보 효과 까지 보시면서 이렇게 행동하신점 다시한번 생각해보시길 바랍니다.","polarity":{"com":0.007852988542822079,"pos":0.3891823106844847,"neg":0.42900824725041947,"neut":0.06264265463888183,"none":0.11131379888339192},"intensity":{"high":0.10539105678491897,"low":0.14990375042469611,"meium":0.6318289653885516,"none":0.11287622740183331},"expressive":{"dir-action":0.0026048436420074675,"dir-explicit":0.2779651636700985,"dir-speech":0.4060145021161235,"indirect":0.19282808464435594,"writing-device":0.12058740592741465}},{"id":"트윈파닭","permalink":"","username":"asdfg","text":"바삭바삭하고 밋있어요","date":"Mon Dec 10 23:59:44 +0000 2018","retweets":"30","favorites":"20","mentions":[],"hashtags":[],"geo":"","raw":"바삭바삭하고 밋있어요","polarity":{"com":0.011494253,"pos":0.32183908,"neg":0.402298851,"neut":0.068965517,"none":0.195402299},"intensity":{"high":0.11494252888505746,"low":0.1264367818735632,"meium":0.5517241374482758,"none":0.20689655179310346},"expressive":{"dir-action":0.011494253011494253,"dir-explicit":0.16091954016091956,"dir-speech":0.4137931034137931,"indirect":0.18390804618390805,"writing-device":0.2298850572298851}},{"id":"트윈파닭","permalink":"","username":"asdfg","text":"처음 시켜보는 집이였는데 맛도 맛있었고 포장 디자인도 맘에들었어요 음 그냥 다 좋았어요!","date":"Mon Dec 10 23:59:44 +0000 2018","retweets":"30","favorites":"20","mentions":[],"hashtags":[],"geo":"","raw":"처음 시켜보는 집이였는데 맛도 맛있었고 포장 디자인도 맘에들었어요 음 그냥 다 좋았어요!","polarity":{"com":0.01920842410897684,"pos":0.34149756196205583,"neg":0.5341181658295424,"neut":0.011754331332027296,"none":0.09342151676739761},"intensity":{"high":0.052256458116917384,"low":0.05399834000599981,"meium":0.8003236850889248,"none":0.09342151678815795},"expressive":{"dir-action":0,"dir-explicit":0.22108102506198202,"dir-speech":0.5701317563177486,"indirect":0.1139807034191154,"writing-device":0.09480651520115412}},{"id":"트윈파닭","permalink":"","username":"asdfg","text":"그냥먹을만해요ㅋㅋㅋ","date":"Mon Dec 10 23:59:44 +0000 2018","retweets":"30","favorites":"20","mentions":[],"hashtags":[],"geo":"","raw":"그냥먹을만해요ㅋㅋㅋ","polarity":{"com":0,"pos":0,"neg":1,"neut":0,"none":0},"intensity":{"high":0,"low":0,"meium":1,"none":0},"expressive":{"dir-action":0,"dir-explicit":0,"dir-speech":1,"indirect":0,"writing-device":0}},{"id":"트윈파닭","permalink":"","username":"asdfg","text":"음 파가 너무매워요 코끝이 띵했어요","date":"Mon Dec 10 23:59:44 +0000 2018","retweets":"30","favorites":"20","mentions":[],"hashtags":[],"geo":"","raw":"음 파가 너무매워요 코끝이 띵했어요","polarity":{"com":0.024347073500000004,"pos":0.42121617400000005,"neg":0.452407174,"neut":0.08423143500000001,"none":0.017798143500000002},"intensity":{"high":0.1332205790666103,"low":0.11965072355982537,"meium":0.7226636248613318,"none":0.024465072512232535},"expressive":{"dir-action":0.002202643001101321,"dir-explicit":0.3945484581972742,"dir-speech":0.3368667401684333,"indirect":0.24638137212319067,"writing-device":0.020000786510000392}},{"id":"트윈파닭","permalink":"","username":"asdfg","text":"처음 시켜봤는데 맛있네요~~","date":"Mon Dec 10 23:59:44 +0000 2018","retweets":"30","favorites":"20","mentions":[],"hashtags":[],"geo":"","raw":"처음 시켜봤는데 맛있네요~~","polarity":{"com":0.0714285714642857,"pos":0.21428571439285712,"neg":0.6428571426785714,"neut":0,"none":0.0714285714642857},"intensity":{"high":0,"low":0,"meium":0.9285714285,"none":0.0714285715},"expressive":{"dir-action":0,"dir-explicit":0.1428571429285714,"dir-speech":0.7142857141428571,"indirect":0.0714285714642857,"writing-device":0.0714285714642857}},{"id":"트윈파닭","permalink":"","username":"asdfg","text":"미쳣다 지금먹는중인데 생각보다 진짜맛있오서놀랏습니다 콜라큰거시켯더니 작은거하나 큰거하나 이렇게와서놀랏어요ㅠ","date":"Mon Dec 10 23:59:44 +0000 2018","retweets":"30","favorites":"20","mentions":[],"hashtags":[],"geo":"","raw":"미쳣다 지금먹는중인데 생각보다 진짜맛있오서놀랏습니다 콜라큰거시켯더니 작은거하나 큰거하나 이렇게와서놀랏어요ㅠ","polarity":{"com":0,"pos":0.5368602900833334,"neg":0.27237274225,"neut":0.06824712641666666,"none":0.12251984125},"intensity":{"high":0.09543194674204736,"low":0.04509897824624175,"meium":0.7340756705221603,"none":0.12539340448955055},"expressive":{"dir-action":0,"dir-explicit":0.321936006223172,"dir-speech":0.4299797025475017,"indirect":0.12556444998953628,"writing-device":0.12251984123979001}},{"id":"트윈파닭","permalink":"","username":"asdfg","text":"무슨 배달전에 콜라가지고 탭댄스라도 취셨나요? 콜라가 폭팔 수준으로 넘치네요ㅋㅋㅋ \n다음엔 주의좀 해주세요 ;\n치킨 맛없었으면 진짜 열받았을거 같습니다.","date":"Mon Dec 10 23:59:44 +0000 2018","retweets":"30","favorites":"20","mentions":[],"hashtags":[],"geo":"","raw":"무슨 배달전에 콜라가지고 탭댄스라도 취셨나요? 콜라가 폭팔 수준으로 넘치네요ㅋㅋㅋ \n다음엔 주의좀 해주세요 ;\n치킨 맛없었으면 진짜 열받았을거 같습니다.","polarity":{"com":0.0017857143001785713,"pos":0.4617063492461706,"neg":0.48611111114861116,"neut":0.028670634902867066,"none":0.02172619040217262},"intensity":{"high":0.1303571429,"low":0.0567460317,"meium":0.7902777778,"none":0.0226190476},"expressive":{"dir-action":0,"dir-explicit":0.2044841270204484,"dir-speech":0.5023611111502362,"indirect":0.16984126981698414,"writing-device":0.12331349201233134}},{"id":"트윈파닭","permalink":"","username":"asdfg","text":"맛있어요","date":"Mon Dec 10 23:59:44 +0000 2018","retweets":"30","favorites":"20","mentions":[],"hashtags":[],"geo":"","raw":"맛있어요","polarity":{"com":0,"pos":0,"neg":1,"neut":0,"none":0},"intensity":{"high":0,"low":0,"meium":1,"none":0},"expressive":{"dir-action":0,"dir-explicit":0,"dir-speech":1,"indirect":0,"writing-device":0}},{"id":"트윈파닭","permalink":"","username":"asdfg","text":"역시 양도좋고 존맛이에요","date":"Mon Dec 10 23:59:44 +0000 2018","retweets":"30","favorites":"20","mentions":[],"hashtags":[],"geo":"","raw":"역시 양도좋고 존맛이에요","polarity":{"com":0,"pos":0.7511111112503703,"neg":0.013333333337777777,"neut":0.11111111103703702,"none":0.12444444437481479},"intensity":{"high":0.06666666668888889,"low":0.12444444437481482,"meium":0.6844444445614815,"none":0.12444444437481482},"expressive":{"dir-action":0,"dir-explicit":0.31111111110370365,"dir-speech":0.5111111111703703,"indirect":0.05333333335111111,"writing-device":0.12444444437481479}},{"id":"트윈파닭","permalink":"","username":"asdfg","text":"조아요","date":"Mon Dec 10 23:59:44 +0000 2018","retweets":"30","favorites":"20","mentions":[],"hashtags":[],"geo":"","raw":"조아요","polarity":{"com":null,"pos":null,"neg":null,"neut":null,"none":null},"intensity":{"high":null,"low":null,"meium":null,"none":null},"expressive":{"dir-action":null,"dir-explicit":null,"dir-speech":null,"indirect":null,"writing-device":null}},{"id":"트윈파닭","permalink":"","username":"asdfg","text":"후라이드는 맛있는데 양념은... 질기고 퍽퍽해서ㅜ 별로였어요","date":"Mon Dec 10 23:59:44 +0000 2018","retweets":"30","favorites":"20","mentions":[],"hashtags":[],"geo":"","raw":"후라이드는 맛있는데 양념은... 질기고 퍽퍽해서ㅜ 별로였어요","polarity":{"com":0.010263844602052766,"pos":0.476170503095234,"neg":0.34946703426989334,"neut":0.057921037011584194,"none":0.10617758102123549},"intensity":{"high":0.0751668912150334,"low":0.116364917223273,"meium":0.6999917599399984,"none":0.1084764316216953},"expressive":{"dir-action":0.0022988506004597694,"dir-explicit":0.20182735884036543,"dir-speech":0.36847923667369575,"indirect":0.30722424946144483,"writing-device":0.12017030442403405}},{"id":"트윈파닭","permalink":"","username":"asdfg","text":"가격대비 맛있고 좋아요","date":"Mon Dec 10 23:59:44 +0000 2018","retweets":"30","favorites":"20","mentions":[],"hashtags":[],"geo":"","raw":"가격대비 맛있고 좋아요","polarity":{"com":0,"pos":0.64,"neg":0.3466666666666667,"neut":0,"none":0.013333333333333334},"intensity":{"high":0.06666666666666667,"low":0.013333333333333334,"meium":0.9066666666666666,"none":0.013333333333333334},"expressive":{"dir-action":0,"dir-explicit":0.19999999999999998,"dir-speech":0.39999999999999997,"indirect":0.38666666666666666,"writing-device":0.013333333333333334}},{"id":"트윈파닭","permalink":"","username":"asdfg","text":"냄새가 좀많이나네요ㅠ 이 점 개선해서 많이파세요!","date":"Mon Dec 10 23:59:44 +0000 2018","retweets":"30","favorites":"20","mentions":[],"hashtags":[],"geo":"","raw":"냄새가 좀많이나네요ㅠ 이 점 개선해서 많이파세요!","polarity":{"com":0.0038709678007741934,"pos":0.43655913968731186,"neg":0.3816487456763297,"neut":0.10566308242113262,"none":0.07225806441445161},"intensity":{"high":0.22795698920000002,"low":0.1343369176,"meium":0.5650179212,"none":0.07268817200000001},"expressive":{"dir-action":0.0012903226,"dir-explicit":0.32057347680000003,"dir-speech":0.2900358424,"indirect":0.3158422938,"writing-device":0.0722580644}},{"id":"트윈파닭","permalink":"","username":"asdfg","text":"닭도 잘튀겨주시고 양념도 맛있어요","date":"Mon Dec 10 23:59:44 +0000 2018","retweets":"30","favorites":"20","mentions":[],"hashtags":[],"geo":"","raw":"닭도 잘튀겨주시고 양념도 맛있어요","polarity":{"com":0.0023809523341269843,"pos":0.6428571428809524,"neg":0.18095238106031747,"neut":0.028571428342857145,"none":0.14523809538174604},"intensity":{"high":0.04761904766666666,"low":0.10952380933333332,"meium":0.6976190476666666,"none":0.14523809533333332},"expressive":{"dir-action":0,"dir-explicit":0.13333333328888888,"dir-speech":0.1476190476174603,"indirect":0.5761904761412698,"writing-device":0.14285714295238094}},{"id":"트윈파닭","permalink":"","username":"asdfg","text":"배달도적당하고  양도넉넉하고 전화받으시는분도칭절하시고\n가격도저렴하고  엄청특별한건아니지만 전체적으로 만족스러웠습니당","date":"Mon Dec 10 23:59:44 +0000 2018","retweets":"30","favorites":"20","mentions":[],"hashtags":[],"geo":"","raw":"배달도적당하고  양도넉넉하고 전화받으시는분도칭절하시고\n가격도저렴하고  엄청특별한건아니지만 전체적으로 만족스러웠습니당","polarity":{"com":0.006776885817565737,"pos":0.6235896477614918,"neg":0.26389514288510046,"neut":0.024253350088704245,"none":0.08148497344713772},"intensity":{"high":0.055766765449475744,"low":0.05022082435907083,"meium":0.8117859327443832,"none":0.08222647744707032},"expressive":{"dir-action":0.0011325108180788627,"dir-explicit":0.25081207179538073,"dir-speech":0.22544836734314103,"indirect":0.4435564290505858,"writing-device":0.07905062099281357}}]