[{"id":"부어치킨-상계10단지점","permalink":"","username":"asdfg","text":"맛있거 잘먹었습니다 또 시킬게요~~","date":"Mon Dec 10 23:59:44 +0000 2018","retweets":"30","favorites":"20","mentions":[],"hashtags":[],"geo":"","raw":"맛있거 잘먹었습니다 또 시킬게요~~","polarity":{"com":0,"pos":0.6190476189999999,"neg":0.21428571433333332,"neut":0.023809523666666665,"none":0.142857143},"intensity":{"high":0,"low":0.07142857133333333,"meium":0.7857142856666668,"none":0.142857143},"expressive":{"dir-action":0,"dir-explicit":0.119047619,"dir-speech":0.47619047633333333,"indirect":0.21428571433333332,"writing-device":0.19047619033333332}},{"id":"부어치킨-상계10단지점","permalink":"","username":"asdfg","text":"맛은 옛날 치킨 맛~ \n배달이 많았는지 간장맛 주문했는데 양념으로 배달 왔더라고요 그냥 먹었습니다","date":"Mon Dec 10 23:59:44 +0000 2018","retweets":"30","favorites":"20","mentions":[],"hashtags":[],"geo":"","raw":"맛은 옛날 치킨 맛~ \n배달이 많았는지 간장맛 주문했는데 양념으로 배달 왔더라고요 그냥 먹었습니다","polarity":{"com":0.002419354875,"pos":0.7384291725000001,"neg":0.23973819537500002,"neut":0.015918653625,"none":0.003494623625},"intensity":{"high":0.05008181388126023,"low":0.041690042005211245,"meium":0.904464703238058,"none":0.0037634408754704295},"expressive":{"dir-action":0.0008064516251008065,"dir-explicit":0.1044647031380581,"dir-speech":0.8140018701017503,"indirect":0.07723235150965406,"writing-device":0.0034946236254368287}},{"id":"부어치킨-상계10단지점","permalink":"","username":"asdfg","text":"배달도 빠르고 맛있게 잘먹었어용~^.^b","date":"Mon Dec 10 23:59:44 +0000 2018","retweets":"30","favorites":"20","mentions":[],"hashtags":[],"geo":"","raw":"배달도 빠르고 맛있게 잘먹었어용~^.^b","polarity":{"com":0,"pos":0.6785714286696428,"neg":0.30357142857589287,"neut":0.017857142754464286,"none":0},"intensity":{"high":0,"low":0.13690476175,"meium":0.86309523825,"none":0},"expressive":{"dir-action":0,"dir-explicit":0.0535714285,"dir-speech":0.53571428575,"indirect":0.41071428575,"writing-device":0}},{"id":"부어치킨-상계10단지점","permalink":"","username":"asdfg","text":"맛있어요!\n부어치킨 항상 즐겨먹어요\n감사합니다 사장님!","date":"Mon Dec 10 23:59:44 +0000 2018","retweets":"30","favorites":"20","mentions":[],"hashtags":[],"geo":"","raw":"맛있어요!\n부어치킨 항상 즐겨먹어요\n감사합니다 사장님!","polarity":{"com":0,"pos":0.58333333325,"neg":0.41666666674999997,"neut":0,"none":0},"intensity":{"high":0.27777777775,"low":0.0555555555,"meium":0.66666666675,"none":0},"expressive":{"dir-action":0,"dir-explicit":0.1805555555,"dir-speech":0.8194444445,"indirect":0,"writing-device":0}},{"id":"부어치킨-상계10단지점","permalink":"","username":"asdfg","text":"배달도 빨랐고 음식도 맛있었어요","date":"Mon Dec 10 23:59:44 +0000 2018","retweets":"30","favorites":"20","mentions":[],"hashtags":[],"geo":"","raw":"배달도 빨랐고 음식도 맛있었어요","polarity":{"com":0.002380952333333333,"pos":0.738095238,"neg":0.10952380966666668,"neut":0.004761904666666666,"none":0.14523809533333334},"intensity":{"high":0.047619047666666664,"low":0.149206349,"meium":0.657936508,"none":0.14523809533333334},"expressive":{"dir-action":0,"dir-explicit":0.06190476197936508,"dir-speech":0.4333333331888889,"indirect":0.36190476187936504,"writing-device":0.14285714295238094}},{"id":"부어치킨-상계10단지점","permalink":"","username":"asdfg","text":"저렴하고 바삭한 식감이 좋아요.크리스피치킨으로만 먹는게 날듯!","date":"Mon Dec 10 23:59:44 +0000 2018","retweets":"30","favorites":"20","mentions":[],"hashtags":[],"geo":"","raw":"저렴하고 바삭한 식감이 좋아요.크리스피치킨으로만 먹는게 날듯!","polarity":{"com":0.00480480479903904,"pos":0.4834455995033109,"neg":0.42823562011435284,"neut":0.037375837392524834,"none":0.04613813819077237},"intensity":{"high":0.07820743818435852,"low":0.1043039963791392,"meium":0.7707498266458499,"none":0.046738738790652254},"expressive":{"dir-action":0.0006006006,"dir-explicit":0.27733425739999995,"dir-speech":0.46314622299999997,"indirect":0.21218018019999998,"writing-device":0.04673873879999999}},{"id":"부어치킨-상계10단지점","permalink":"","username":"asdfg","text":"치킨은 역시 부어치킨 늠나맛나요 ~~^^♡자꼬 생각나는맛이에여~~♡♡긍데 아이들이 서비스감자튀김없어서  아쉬워했오요","date":"Mon Dec 10 23:59:44 +0000 2018","retweets":"30","favorites":"20","mentions":[],"hashtags":[],"geo":"","raw":"치킨은 역시 부어치킨 늠나맛나요 ~~^^♡자꼬 생각나는맛이에여~~♡♡긍데 아이들이 서비스감자튀김없어서  아쉬워했오요","polarity":{"com":0.006061104833333334,"pos":0.7123502353333335,"neg":0.23954488833333334,"neut":0.013740332333333334,"none":0.02830343916666667},"intensity":{"high":0.06607074283333332,"low":0.03878009983333332,"meium":0.8652275951666666,"none":0.029921562166666662},"expressive":{"dir-action":0,"dir-explicit":0.15210943683333333,"dir-speech":0.5692952349999999,"indirect":0.24543752,"writing-device":0.033157808166666664}},{"id":"부어치킨-상계10단지점","permalink":"","username":"asdfg","text":"맛있었어요 매운 거 못 먹는 사람한테 양념이 좀 맵더라고요 같이 들어간 떡도 3개밖에 없어서 아쉬워요 배달시간도 40분내로 온다했는데 50분정도에 왔어요","date":"Mon Dec 10 23:59:44 +0000 2018","retweets":"30","favorites":"20","mentions":[],"hashtags":[],"geo":"","raw":"맛있었어요 매운 거 못 먹는 사람한테 양념이 좀 맵더라고요 같이 들어간 떡도 3개밖에 없어서 아쉬워요 배달시간도 40분내로 온다했는데 50분정도에 왔어요","polarity":{"com":0.007001978000000001,"pos":0.3756339681333333,"neg":0.4116117794666667,"neut":0.08253490833333332,"none":0.12321736606666667},"intensity":{"high":0.06497584366666667,"low":0.09745133166666667,"meium":0.7132954893333333,"none":0.12427733533333335},"expressive":{"dir-action":0.0010599692667373312,"dir-explicit":0.09441908653962795,"dir-speech":0.5059276981670618,"indirect":0.2399262008159951,"writing-device":0.15866704521057784}},{"id":"부어치킨-상계10단지점","permalink":"","username":"asdfg","text":"ㅣ후라이드가 좀 싱거웠어욥ㅠㅠ 닭에 염지가\n안된느낌.. 양념은 계피향이 많이나요! 그래도 양 많고 깨끗한 기름 사용하신것 같은 느낌이어서 좋았습니다 많이파세용","date":"Mon Dec 10 23:59:44 +0000 2018","retweets":"30","favorites":"20","mentions":[],"hashtags":[],"geo":"","raw":"ㅣ후라이드가 좀 싱거웠어욥ㅠㅠ 닭에 염지가\n안된느낌.. 양념은 계피향이 많이나요! 그래도 양 많고 깨끗한 기름 사용하신것 같은 느낌이어서 좋았습니다 많이파세용","polarity":{"com":0.002677407384615385,"pos":0.5206815328461538,"neg":0.3036936199230769,"neut":0.1302374803076923,"none":0.04270995953846154},"intensity":{"high":0.055636828162405665,"low":0.27094996958014617,"meium":0.630016429481541,"none":0.04339677277590719},"expressive":{"dir-action":0,"dir-explicit":0.28175962046153846,"dir-speech":0.45845541615384605,"indirect":0.21707500384615383,"writing-device":0.04270995953846154}},{"id":"부어치킨-상계10단지점","permalink":"","username":"asdfg","text":"어제 밥도 못 먹고 새벽까지 일하다가 시킨...결국 두 조각 먹고 잤지만 여전히 괜찮은 집.\n새벽에 무언가를 먹어야 한다면 여기에 주문해보는 것도 현명한 생각일 듯.","date":"Mon Dec 10 23:59:44 +0000 2018","retweets":"30","favorites":"20","mentions":[],"hashtags":[],"geo":"","raw":"어제 밥도 못 먹고 새벽까지 일하다가 시킨...결국 두 조각 먹고 잤지만 여전히 괜찮은 집.\n새벽에 무언가를 먹어야 한다면 여기에 주문해보는 것도 현명한 생각일 듯.","polarity":{"com":0.004714692437794669,"pos":0.35465025802216565,"neg":0.42380588646398787,"neut":0.04358890450272432,"none":0.17324025857332753},"intensity":{"high":0.09651834481250003,"low":0.11237052225000001,"meium":0.582927165875,"none":0.20818396706250003},"expressive":{"dir-action":0.001917795,"dir-explicit":0.2145583629375,"dir-speech":0.4369393444375,"indirect":0.16795006843750002,"writing-device":0.17863442918750003}},{"id":"부어치킨-상계10단지점","permalink":"","username":"asdfg","text":"애기데리고 사러가기 힘들었는데 요기요에서 보니 넘 반갑더라고요ㅎㅎ넘 맛나게먹어서 오늘두 주문했어용~~^^","date":"Mon Dec 10 23:59:44 +0000 2018","retweets":"30","favorites":"20","mentions":[],"hashtags":[],"geo":"","raw":"애기데리고 사러가기 힘들었는데 요기요에서 보니 넘 반갑더라고요ㅎㅎ넘 맛나게먹어서 오늘두 주문했어용~~^^","polarity":{"com":0.005952380999149659,"pos":0.583333333202381,"neg":0.39285714294387747,"neut":0.011904761855442175,"none":0.005952380999149659},"intensity":{"high":0.08730158728571429,"low":0.043650793571428564,"meium":0.863095238142857,"none":0.005952380999999999},"expressive":{"dir-action":0,"dir-explicit":0.31746031747392295,"dir-speech":0.5099206349299887,"indirect":0.16071428573724492,"writing-device":0.011904761858843538}},{"id":"부어치킨-상계10단지점","permalink":"","username":"asdfg","text":"맛있게 잘 먹었습니다","date":"Mon Dec 10 23:59:44 +0000 2018","retweets":"30","favorites":"20","mentions":[],"hashtags":[],"geo":"","raw":"맛있게 잘 먹었습니다","polarity":{"com":0,"pos":0.35714285717857136,"neg":0.6071428573035714,"neut":0.03571428551785714,"none":0},"intensity":{"high":0,"low":0.107142857,"meium":0.8928571430000001,"none":0},"expressive":{"dir-action":0,"dir-explicit":0.107142857,"dir-speech":0.5714285715,"indirect":0.3214285715,"writing-device":0}},{"id":"부어치킨-상계10단지점","permalink":"","username":"asdfg","text":"배달도 빨랐고 음식도 맛있었어요.","date":"Mon Dec 10 23:59:44 +0000 2018","retweets":"30","favorites":"20","mentions":[],"hashtags":[],"geo":"","raw":"배달도 빨랐고 음식도 맛있었어요.","polarity":{"com":0.002380952333333333,"pos":0.738095238,"neg":0.10952380966666668,"neut":0.004761904666666666,"none":0.14523809533333334},"intensity":{"high":0.047619047666666664,"low":0.149206349,"meium":0.657936508,"none":0.14523809533333334},"expressive":{"dir-action":0,"dir-explicit":0.06190476197936508,"dir-speech":0.4333333331888889,"indirect":0.36190476187936504,"writing-device":0.14285714295238094}},{"id":"부어치킨-상계10단지점","permalink":"","username":"asdfg","text":"아주 잘 먹었습니다. 늦은 시간임에도...감자튀김도 감사히 잘 먹었습니다.","date":"Mon Dec 10 23:59:44 +0000 2018","retweets":"30","favorites":"20","mentions":[],"hashtags":[],"geo":"","raw":"아주 잘 먹었습니다. 늦은 시간임에도...감자튀김도 감사히 잘 먹었습니다.","polarity":{"com":0.0011904761668650793,"pos":0.37698412689616406,"neg":0.5349206350891534,"neut":0.01428571416904762,"none":0.07261904767876984},"intensity":{"high":0.12566137566666666,"low":0.09179894166666668,"meium":0.709920635,"none":0.07261904766666667},"expressive":{"dir-action":0,"dir-explicit":0.1453703703091049,"dir-speech":0.32843915344526015,"indirect":0.4547619047575397,"writing-device":0.07142857148809524}},{"id":"부어치킨-상계10단지점","permalink":"","username":"asdfg","text":"치킨이 바삭바삭하고 간도 딱 좋게 베어있어서 좋아요! 닭도 큼직해서 배부르게 잘 먹었습니다!!","date":"Mon Dec 10 23:59:44 +0000 2018","retweets":"30","favorites":"20","mentions":[],"hashtags":[],"geo":"","raw":"치킨이 바삭바삭하고 간도 딱 좋게 베어있어서 좋아요! 닭도 큼직해서 배부르게 잘 먹었습니다!!","polarity":{"com":0.006047322429435332,"pos":0.7582632652511805,"neg":0.16244474273749213,"neut":0.032642830718948974,"none":0.04060183886294312},"intensity":{"high":0.08866705728571429,"low":0.1504115837142857,"meium":0.7180481574285714,"none":0.042873201571428564},"expressive":{"dir-action":0.0022713627149346747,"dir-explicit":0.2841860243669103,"dir-speech":0.1882691037680769,"indirect":0.4791162354226046,"writing-device":0.046157273727473504}},{"id":"부어치킨-상계10단지점","permalink":"","username":"asdfg","text":"너무 잘막었어오^^","date":"Mon Dec 10 23:59:44 +0000 2018","retweets":"30","favorites":"20","mentions":[],"hashtags":[],"geo":"","raw":"너무 잘막었어오^^","polarity":{"com":0.142857143,"pos":0.142857143,"neg":0.714285714,"neut":0,"none":0},"intensity":{"high":0.142857143,"low":0.142857143,"meium":0.714285714,"none":0},"expressive":{"dir-action":0,"dir-explicit":0.5714285710000001,"dir-speech":0.28571428600000004,"indirect":0.14285714300000002,"writing-device":0}},{"id":"부어치킨-상계10단지점","permalink":"","username":"asdfg","text":"새벽에 치킨을 먹을수 있다니ㅋㅋㅋ\n양반후반 순살로 시켰는데 짱 맛있게 잘 먹었습니당","date":"Mon Dec 10 23:59:44 +0000 2018","retweets":"30","favorites":"20","mentions":[],"hashtags":[],"geo":"","raw":"새벽에 치킨을 먹을수 있다니ㅋㅋㅋ\n양반후반 순살로 시켰는데 짱 맛있게 잘 먹었습니당","polarity":{"com":0,"pos":0.2928571428585714,"neg":0.5495238095099048,"neut":0.01761904760352381,"none":0.140000000028},"intensity":{"high":0.01,"low":0.14619047619999997,"meium":0.7038095238000001,"none":0.13999999999999999},"expressive":{"dir-action":0,"dir-explicit":0.1595238094,"dir-speech":0.46190476199999997,"indirect":0.23857142859999997,"writing-device":0.13999999999999999}},{"id":"부어치킨-상계10단지점","permalink":"","username":"asdfg","text":"새벽에 출출해서 부어라는  치킨있다고 듣기는 했으나 처음 시켜먹었는데요.^^;;;\n배부르게 먹었어요.","date":"Mon Dec 10 23:59:44 +0000 2018","retweets":"30","favorites":"20","mentions":[],"hashtags":[],"geo":"","raw":"새벽에 출출해서 부어라는  치킨있다고 듣기는 했으나 처음 시켜먹었는데요.^^;;;\n배부르게 먹었어요.","polarity":{"com":0.02659368342477233,"pos":0.30599768624200036,"neg":0.4942626477865339,"neut":0.028026152995996267,"none":0.1451198295506972},"intensity":{"high":0.07275122685714286,"low":0.24373600014285718,"meium":0.5367509072857143,"none":0.14676186571428573},"expressive":{"dir-action":0.0016420361428571427,"dir-explicit":0.21511535642857146,"dir-speech":0.5436988014285714,"indirect":0.0866967477142857,"writing-device":0.1528470582857143}},{"id":"부어치킨-상계10단지점","permalink":"","username":"asdfg","text":"맛있어요\n자주시킬께요","date":"Mon Dec 10 23:59:44 +0000 2018","retweets":"30","favorites":"20","mentions":[],"hashtags":[],"geo":"","raw":"맛있어요\n자주시킬께요","polarity":{"com":0,"pos":0.22222222200000002,"neg":0.777777778,"neut":0,"none":0},"intensity":{"high":0.08333333345833333,"low":0.02777777798611111,"meium":0.8888888885555555,"none":0},"expressive":{"dir-action":0.027777778,"dir-explicit":0.1944444445,"dir-speech":0.611111111,"indirect":0.1666666665,"writing-device":0}},{"id":"부어치킨-상계10단지점","permalink":"","username":"asdfg","text":"가서 사먹는게 좋을거같았지만 배달도 빨리오고 맛도 좋습니다","date":"Mon Dec 10 23:59:44 +0000 2018","retweets":"30","favorites":"20","mentions":[],"hashtags":[],"geo":"","raw":"가서 사먹는게 좋을거같았지만 배달도 빨리오고 맛도 좋습니다","polarity":{"com":0,"pos":0.5694905094900727,"neg":0.36385614380516346,"neut":0.047952047993149706,"none":0.0187012987116141},"intensity":{"high":0.052547452571428566,"low":0.0646553447142857,"meium":0.8640959039999999,"none":0.018701298714285712},"expressive":{"dir-action":0,"dir-explicit":0.20109890114285714,"dir-speech":0.5300699299999999,"indirect":0.10727272728571427,"writing-device":0.16155844157142857}},{"id":"부어치킨-상계10단지점","permalink":"","username":"asdfg","text":"맛있고 좋았는데 배달도 잘못오고.. 그르네요","date":"Mon Dec 10 23:59:44 +0000 2018","retweets":"30","favorites":"20","mentions":[],"hashtags":[],"geo":"","raw":"맛있고 좋았는데 배달도 잘못오고.. 그르네요","polarity":{"com":0,"pos":0.384,"neg":0.608,"neut":0,"none":0.008},"intensity":{"high":0.04,"low":0.008,"meium":0.944,"none":0.008},"expressive":{"dir-action":0,"dir-explicit":0.11999999999999997,"dir-speech":0.43999999999999995,"indirect":0.43199999999999994,"writing-device":0.007999999999999998}},{"id":"부어치킨-상계10단지점","permalink":"","username":"asdfg","text":"부어치킨은 다른 브랜드 보다 맛이 깔끔함","date":"Mon Dec 10 23:59:44 +0000 2018","retweets":"30","favorites":"20","mentions":[],"hashtags":[],"geo":"","raw":"부어치킨은 다른 브랜드 보다 맛이 깔끔함","polarity":{"com":0.07231638433333333,"pos":0.651977401,"neg":0.2531073446666667,"neut":0.011299435000000002,"none":0.011299434999999997},"intensity":{"high":0.06723163835574388,"low":0.11186440670395481,"meium":0.8096045199365348,"none":0.01129943500376648},"expressive":{"dir-action":0,"dir-explicit":0.12372881366666666,"dir-speech":0.5197740113333333,"indirect":0.34519774,"writing-device":0.011299435000000002}},{"id":"부어치킨-상계10단지점","permalink":"","username":"asdfg","text":"잘 먹었습니다. 그럭저럭.","date":"Mon Dec 10 23:59:44 +0000 2018","retweets":"30","favorites":"20","mentions":[],"hashtags":[],"geo":"","raw":"잘 먹었습니다. 그럭저럭.","polarity":{"com":0,"pos":0.7142857147142857,"neg":0.21428571421428572,"neut":0.07142857107142857,"none":0},"intensity":{"high":0,"low":0.214285714,"meium":0.785714286,"none":0},"expressive":{"dir-action":0,"dir-explicit":0.214285714,"dir-speech":0.142857143,"indirect":0.642857143,"writing-device":0}},{"id":"부어치킨-상계10단지점","permalink":"","username":"asdfg","text":"맛있고 서비스에 친절함까지 다 갖춘 곳\n짱짱","date":"Mon Dec 10 23:59:44 +0000 2018","retweets":"30","favorites":"20","mentions":[],"hashtags":[],"geo":"","raw":"맛있고 서비스에 친절함까지 다 갖춘 곳\n짱짱","polarity":{"com":0.03333333339333333,"pos":0.6428571426714286,"neg":0.2333333333533333,"neut":0.03333333339333333,"none":0.05714285718857143},"intensity":{"high":0.09047619058190476,"low":0.19999999995999998,"meium":0.6523809522695238,"none":0.05714285718857143},"expressive":{"dir-action":0,"dir-explicit":0.38571428572285715,"dir-speech":0.3571428571285714,"indirect":0.19999999996,"writing-device":0.05714285718857143}},{"id":"부어치킨-상계10단지점","permalink":"","username":"asdfg","text":"맛은좋은데 콜라않주는게 흠임","date":"Mon Dec 10 23:59:44 +0000 2018","retweets":"30","favorites":"20","mentions":[],"hashtags":[],"geo":"","raw":"맛은좋은데 콜라않주는게 흠임","polarity":{"com":0,"pos":0.5809230768838154,"neg":0.38030769232393846,"neut":0.030769230793846157,"none":0.007999999998400002},"intensity":{"high":0.055384615400000003,"low":0.0541538462,"meium":0.8824615384,"none":0.008000000000000002},"expressive":{"dir-action":0,"dir-explicit":0.4815384615999999,"dir-speech":0.39846153839999987,"indirect":0.11199999999999999,"writing-device":0.00799999999999999}},{"id":"부어치킨-상계10단지점","permalink":"","username":"asdfg","text":"1시간뒤에출발이라더니..1시간반이지났는데도 늦는다는말도없네요..","date":"Mon Dec 10 23:59:44 +0000 2018","retweets":"30","favorites":"20","mentions":[],"hashtags":[],"geo":"","raw":"1시간뒤에출발이라더니..1시간반이지났는데도 늦는다는말도없네요..","polarity":{"com":0.008693668285714285,"pos":0.36166067014285713,"neg":0.5066968344285715,"neut":0.027699244142857144,"none":0.095249583},"intensity":{"high":0.12514785646432794,"low":0.046877664299107905,"meium":0.7320955696377416,"none":0.09587890959882255},"expressive":{"dir-action":0.0006293265714285714,"dir-explicit":0.502587408,"dir-speech":0.26626397985714284,"indirect":0.13285966371428573,"writing-device":0.09765962185714286}},{"id":"부어치킨-상계10단지점","permalink":"","username":"asdfg","text":"학교 급식에 나올것같은 치킨임ㅡㅡ","date":"Mon Dec 10 23:59:44 +0000 2018","retweets":"30","favorites":"20","mentions":[],"hashtags":[],"geo":"","raw":"학교 급식에 나올것같은 치킨임ㅡㅡ","polarity":{"com":0.02380952365873016,"pos":0.1969696969343434,"neg":0.5974025974675325,"neut":0.030303030323232324,"none":0.15151515161616164},"intensity":{"high":0,"low":0.047619047666666664,"meium":0.8008658006666667,"none":0.15151515166666665},"expressive":{"dir-action":0.023809523666666665,"dir-explicit":0.5194805196666666,"dir-speech":0.251082251,"indirect":0.054112554,"writing-device":0.15151515166666665}},{"id":"부어치킨-상계10단지점","permalink":"","username":"asdfg","text":"마싯어용좀말롱진짱짱","date":"Mon Dec 10 23:59:44 +0000 2018","retweets":"30","favorites":"20","mentions":[],"hashtags":[],"geo":"","raw":"마싯어용좀말롱진짱짱","polarity":{"com":0,"pos":1,"neg":0,"neut":0,"none":0},"intensity":{"high":0,"low":0,"meium":1,"none":0},"expressive":{"dir-action":0,"dir-explicit":0.4,"dir-speech":0.6,"indirect":0,"writing-device":0}},{"id":"부어치킨-상계10단지점","permalink":"","username":"asdfg","text":"잘 먹었습니다. 배달분도  친절하시고,","date":"Mon Dec 10 23:59:44 +0000 2018","retweets":"30","favorites":"20","mentions":[],"hashtags":[],"geo":"","raw":"잘 먹었습니다. 배달분도  친절하시고,","polarity":{"com":0.006624424001656105,"pos":0.6111751151527938,"neg":0.2238863288059716,"neut":0.042396313260599075,"none":0.11591781877897946},"intensity":{"high":0.07066052225,"low":0.11117511499999999,"meium":0.7017089095000001,"none":0.11645545325000001},"expressive":{"dir-action":0.0016129032495967742,"dir-explicit":0.17849462370537636,"dir-speech":0.43437019964140744,"indirect":0.27139016893215245,"writing-device":0.11413210447146697}},{"id":"부어치킨-상계10단지점","permalink":"","username":"asdfg","text":"맛있어요 가격좋아요.","date":"Mon Dec 10 23:59:44 +0000 2018","retweets":"30","favorites":"20","mentions":[],"hashtags":[],"geo":"","raw":"맛있어요 가격좋아요.","polarity":{"com":0,"pos":0.5,"neg":0.5,"neut":0,"none":0},"intensity":{"high":0,"low":0,"meium":1,"none":0},"expressive":{"dir-action":0,"dir-explicit":0,"dir-speech":0.5,"indirect":0.5,"writing-device":0}},{"id":"부어치킨-상계10단지점","permalink":"","username":"asdfg","text":"배달대행업체가 엉망인건지... 1시간반만에 받아먹었네요. 치킨은 맛있지만... 이렇게 오래걸리면 앞으로는...","date":"Mon Dec 10 23:59:44 +0000 2018","retweets":"30","favorites":"20","mentions":[],"hashtags":[],"geo":"","raw":"배달대행업체가 엉망인건지... 1시간반만에 받아먹었네요. 치킨은 맛있지만... 이렇게 오래걸리면 앞으로는...","polarity":{"com":0.006294938000524578,"pos":0.3936626658661385,"neg":0.4071612447839301,"neut":0.044636319087053025,"none":0.14824483226235374},"intensity":{"high":0.05663389375471951,"low":0.19172415859931038,"meium":0.6026530677168878,"none":0.14898887992908239},"expressive":{"dir-action":0,"dir-explicit":0.17255262398562063,"dir-speech":0.36996498188583626,"indirect":0.289415744225882,"writing-device":0.1680666499026611}},{"id":"부어치킨-상계10단지점","permalink":"","username":"asdfg","text":"오늘도 혼자먹기 좋습니다","date":"Mon Dec 10 23:59:44 +0000 2018","retweets":"30","favorites":"20","mentions":[],"hashtags":[],"geo":"","raw":"오늘도 혼자먹기 좋습니다","polarity":{"com":0.002380952333333333,"pos":0.489206349,"neg":0.34507936533333333,"neut":0.004761904666666666,"none":0.15857142866666665},"intensity":{"high":0.15132275133333334,"low":0.12550264533333333,"meium":0.5646031746666667,"none":0.15857142866666665},"expressive":{"dir-action":0,"dir-explicit":0.33597883588800703,"dir-speech":0.42592592585802463,"indirect":0.08190476197269841,"writing-device":0.15619047628126984}},{"id":"부어치킨-상계10단지점","permalink":"","username":"asdfg","text":"혼자 먹기 딱 좋은 반마리 메뉴","date":"Mon Dec 10 23:59:44 +0000 2018","retweets":"30","favorites":"20","mentions":[],"hashtags":[],"geo":"","raw":"혼자 먹기 딱 좋은 반마리 메뉴","polarity":{"com":0,"pos":0.41528089900000004,"neg":0.39910112366666667,"neut":0.022471909999999998,"none":0.16314606733333334},"intensity":{"high":0.07790262169263422,"low":0.14691635438230546,"meium":0.612034956537345,"none":0.16314606738771537},"expressive":{"dir-action":0,"dir-explicit":0.25992509358002497,"dir-speech":0.3338327092220557,"indirect":0.20189762793270077,"writing-device":0.20434456926521846}},{"id":"부어치킨-상계10단지점","permalink":"","username":"asdfg","text":"맛있어요\n튀김 상태 굿굿\n서비스 굿굿","date":"Mon Dec 10 23:59:44 +0000 2018","retweets":"30","favorites":"20","mentions":[],"hashtags":[],"geo":"","raw":"맛있어요\n튀김 상태 굿굿\n서비스 굿굿","polarity":{"com":0,"pos":0.5625,"neg":0.4375,"neut":0,"none":0},"intensity":{"high":0.0625,"low":0,"meium":0.9375,"none":0},"expressive":{"dir-action":0,"dir-explicit":0,"dir-speech":0.3125,"indirect":0.6875,"writing-device":0}},{"id":"부어치킨-상계10단지점","permalink":"","username":"asdfg","text":"다음에 또 시킬게요 잘먹었습니다","date":"Mon Dec 10 23:59:44 +0000 2018","retweets":"30","favorites":"20","mentions":[],"hashtags":[],"geo":"","raw":"다음에 또 시킬게요 잘먹었습니다","polarity":{"com":0,"pos":0.2857142856666666,"neg":0.5476190476666667,"neut":0.023809523666666665,"none":0.142857143},"intensity":{"high":0,"low":0.07142857133333333,"meium":0.7857142856666667,"none":0.142857143},"expressive":{"dir-action":0,"dir-explicit":0.119047619,"dir-speech":0.47619047633333333,"indirect":0.21428571433333332,"writing-device":0.19047619033333332}},{"id":"부어치킨-상계10단지점","permalink":"","username":"asdfg","text":"순살 시켰는데 순살 떨어졌다고 친절하게 전화주셔서 뼈로 시키는 대신 서비스로 감자튀김 받았습니다. 닭가슴살 같이 퍽퍽한 부분 않좋아하는데 여기는 질 좋은 닭을 쓰는지 따로 비법이 있는지 전혀 퍽퍽하지 않아 맛있게 잘먹었습니다. 배달도 좀더 빨랐으면 하는 감이 들긴했지만 늦은 시간이기도 했고, 거리도 있었던지라 매우 만족스러웠습니다. 저희 동네 부어는 배달도 안되고 장사를 일찍 접어서 아쉬웠는데 정말 좋네요.","date":"Mon Dec 10 23:59:44 +0000 2018","retweets":"30","favorites":"20","mentions":[],"hashtags":[],"geo":"","raw":"순살 시켰는데 순살 떨어졌다고 친절하게 전화주셔서 뼈로 시키는 대신 서비스로 감자튀김 받았습니다. 닭가슴살 같이 퍽퍽한 부분 않좋아하는데 여기는 질 좋은 닭을 쓰는지 따로 비법이 있는지 전혀 퍽퍽하지 않아 맛있게 잘먹었습니다. 배달도 좀더 빨랐으면 하는 감이 들긴했지만 늦은 시간이기도 했고, 거리도 있었던지라 매우 만족스러웠습니다. 저희 동네 부어는 배달도 안되고 장사를 일찍 접어서 아쉬웠는데 정말 좋네요.","polarity":{"com":0.005022927378785642,"pos":0.5506244780176182,"neg":0.3158033211607408,"neut":0.061975702653673706,"none":0.06657357078918164},"intensity":{"high":0.10910935683194004,"low":0.1357984227494163,"meium":0.6877580537736349,"none":0.06733416664500899},"expressive":{"dir-action":0.0036781369459459455,"dir-explicit":0.24066976059459458,"dir-speech":0.28269545421621617,"indirect":0.4040298854324324,"writing-device":0.06892676281081082}},{"id":"부어치킨-상계10단지점","permalink":"","username":"asdfg","text":"으음.....배달은 이시간까지 하고 게다가 엄청빨라서 맘에듭니다만.. 순살치킨양이.음 이렇게 적은 치킨은 처음보내요 ㅠㅠ","date":"Mon Dec 10 23:59:44 +0000 2018","retweets":"30","favorites":"20","mentions":[],"hashtags":[],"geo":"","raw":"으음.....배달은 이시간까지 하고 게다가 엄청빨라서 맘에듭니다만.. 순살치킨양이...........음... 이렇게 적은 치킨은 처음보내요 ㅠㅠ","polarity":{"com":0.007790008110245554,"pos":0.45802396961577513,"neg":0.37227886384752457,"neut":0.020688572775479048,"none":0.1412185856509757},"intensity":{"high":0.13209551844444445,"low":0.0754107408888889,"meium":0.6499980157777778,"none":0.1424957248888889},"expressive":{"dir-action":0.0012771392225060308,"dir-explicit":0.23628338060806298,"dir-speech":0.3627535337472786,"indirect":0.25000631361111253,"writing-device":0.14967963281103988}},{"id":"부어치킨-상계10단지점","permalink":"","username":"asdfg","text":"바달 초 특급~! 빨라서 좋아요 ㅎㅎ","date":"Mon Dec 10 23:59:44 +0000 2018","retweets":"30","favorites":"20","mentions":[],"hashtags":[],"geo":"","raw":"바달 초 특급~! 빨라서 좋아요 ㅎㅎ","polarity":{"com":0,"pos":0.64,"neg":0.013333333333333334,"neut":0,"none":0.3466666666666667},"intensity":{"high":0.39999999999999997,"low":0.013333333333333334,"meium":0.24,"none":0.3466666666666667},"expressive":{"dir-action":0,"dir-explicit":0.19999999999999998,"dir-speech":0.06666666666666667,"indirect":0.38666666666666666,"writing-device":0.3466666666666667}},{"id":"부어치킨-상계10단지점","permalink":"","username":"asdfg","text":"완죤 꿀맛 넘버 원","date":"Mon Dec 10 23:59:44 +0000 2018","retweets":"30","favorites":"20","mentions":[],"hashtags":[],"geo":"","raw":"완죤 꿀맛 넘버 원","polarity":{"com":0,"pos":0.571428571,"neg":0.428571429,"neut":0,"none":0},"intensity":{"high":0.285714286,"low":0.142857143,"meium":0.571428571,"none":0},"expressive":{"dir-action":0,"dir-explicit":0.428571429,"dir-speech":0,"indirect":0.571428571,"writing-device":0}}]